root_title,work_id,work_title,display_title,author,times,mode,page_title,juan_index,raw_path,clean_path,chars_raw,chars_clean
大越史略,大越史略,大越史略,大越史略,,,toc_juan,大越史略/卷上,1,raw\大越史略\大越史略__juan_0001.txt,clean\大越史略\大越史略__juan_0001.txt,2613,2613
大越史略,大越史略,大越史略,大越史略,,,toc_juan,大越史略/卷下,2,raw\大越史略\大越史略__juan_0002.txt,clean\大越史略\大越史略__juan_0002.txt,963,963
大越史略,大越史略,大越史略,大越史略,,,toc_juan,大越史略/卷中,3,raw\大越史略\大越史略__juan_0003.txt,clean\大越史略\大越史略__juan_0003.txt,1897,1897
越史略,越史略,越史略,越史略,,,toc_juan,越史略/卷上,1,raw\越史略\越史略__juan_0001.txt,clean\越史略\越史略__juan_0001.txt,9755,9755
越史略,越史略,越史略,越史略,,,toc_juan,越史略/卷下,2,raw\越史略\越史略__juan_0002.txt,clean\越史略\越史略__juan_0002.txt,19025,19025
越史略,越史略,越史略,越史略,,,toc_juan,越史略/卷中,3,raw\越史略\越史略__juan_0003.txt,clean\越史略\越史略__juan_0003.txt,12757,12757
高麗版大藏經,放光般若波羅蜜經,放光般若波羅蜜經,放光般若波羅蜜經,無羅叉,西晉,gaoli_index,放光般若波羅蜜經/卷一,1,raw\放光般若波羅蜜經\放光般若波羅蜜經__juan_0001.txt,clean\放光般若波羅蜜經\放光般若波羅蜜經__juan_0001.txt,7057,7057
高麗版大藏經,放光般若波羅蜜經,放光般若波羅蜜經,放光般若波羅蜜經,無羅叉,西晉,gaoli_index,放光般若波羅蜜經/卷七,2,raw\放光般若波羅蜜經\放光般若波羅蜜經__juan_0002.txt,clean\放光般若波羅蜜經\放光般若波羅蜜經__juan_0002.txt,7857,7857
高麗版大藏經,放光般若波羅蜜經,放光般若波羅蜜經,放光般若波羅蜜經,無羅叉,西晉,gaoli_index,放光般若波羅蜜經/卷三,3,raw\放光般若波羅蜜經\放光般若波羅蜜經__juan_0003.txt,clean\放光般若波羅蜜經\放光般若波羅蜜經__juan_0003.txt,8657,8657
高麗版大藏經,放光般若波羅蜜經,放光般若波羅蜜經,放光般若波羅蜜經,無羅叉,西晉,gaoli_index,放光般若波羅蜜經/卷三十,4,raw\放光般若波羅蜜經\放光般若波羅蜜經__juan_0004.txt,clean\放光般若波羅蜜經\放光般若波羅蜜經__juan_0004.txt,7786,7786
高麗版大藏經,放光般若波羅蜜經,放光般若波羅蜜經,放光般若波羅蜜經,無羅叉,西晉,gaoli_index,放光般若波羅蜜經/卷九,5,raw\放光般若波羅蜜經\放光般若波羅蜜經__juan_0005.txt,clean\放光般若波羅蜜經\放光般若波羅蜜經__juan_0005.txt,8669,8669
高麗版大藏經,放光般若波羅蜜經,放光般若波羅蜜經,放光般若波羅蜜經,無羅叉,西晉,gaoli_index,放光般若波羅蜜經/卷二,6,raw\放光般若波羅蜜經\放光般若波羅蜜經__juan_0006.txt,clean\放光般若波羅蜜經\放光般若波羅蜜經__juan_0006.txt,11425,11425
高麗版大藏經,放光般若波羅蜜經,放光般若波羅蜜經,放光般若波羅蜜經,無羅叉,西晉,gaoli_index,放光般若波羅蜜經/卷二十,7,raw\放光般若波羅蜜經\放光般若波羅蜜經__juan_0007.txt,clean\放光般若波羅蜜經\放光般若波羅蜜經__juan_0007.txt,13124,13124
高麗版大藏經,放光般若波羅蜜經,放光般若波羅蜜經,放光般若波羅蜜經,無羅叉,西晉,gaoli_index,放光般若波羅蜜經/卷二十一,8,raw\放光般若波羅蜜經\放光般若波羅蜜經__juan_0008.txt,clean\放光般若波羅蜜經\放光般若波羅蜜經__juan_0008.txt,4726,4726
高麗版大藏經,放光般若波羅蜜經,放光般若波羅蜜經,放光般若波羅蜜經,無羅叉,西晉,gaoli_index,放光般若波羅蜜經/卷二十七,9,raw\放光般若波羅蜜經\放光般若波羅蜜經__juan_0009.txt,clean\放光般若波羅蜜經\放光般若波羅蜜經__juan_0009.txt,9971,9971
高麗版大藏經,放光般若波羅蜜經,放光般若波羅蜜經,放光般若波羅蜜經,無羅叉,西晉,gaoli_index,放光般若波羅蜜經/卷二十三,10,raw\放光般若波羅蜜經\放光般若波羅蜜經__juan_0010.txt,clean\放光般若波羅蜜經\放光般若波羅蜜經__juan_0010.txt,9965,9965
高麗版大藏經,放光般若波羅蜜經,放光般若波羅蜜經,放光般若波羅蜜經,無羅叉,西晉,gaoli_index,放光般若波羅蜜經/卷二十九,11,raw\放光般若波羅蜜經\放光般若波羅蜜經__juan_0011.txt,clean\放光般若波羅蜜經\放光般若波羅蜜經__juan_0011.txt,8417,8417
高麗版大藏經,放光般若波羅蜜經,放光般若波羅蜜經,放光般若波羅蜜經,無羅叉,西晉,gaoli_index,放光般若波羅蜜經/卷二十二,12,raw\放光般若波羅蜜經\放光般若波羅蜜經__juan_0012.txt,clean\放光般若波羅蜜經\放光般若波羅蜜經__juan_0012.txt,9303,9303
高麗版大藏經,放光般若波羅蜜經,放光般若波羅蜜經,放光般若波羅蜜經,無羅叉,西晉,gaoli_index,放光般若波羅蜜經/卷二十五,13,raw\放光般若波羅蜜經\放光般若波羅蜜經__juan_0013.txt,clean\放光般若波羅蜜經\放光般若波羅蜜經__juan_0013.txt,9513,9513
高麗版大藏經,放光般若波羅蜜經,放光般若波羅蜜經,放光般若波羅蜜經,無羅叉,西晉,gaoli_index,放光般若波羅蜜經/卷二十八,14,raw\放光般若波羅蜜經\放光般若波羅蜜經__juan_0014.txt,clean\放光般若波羅蜜經\放光般若波羅蜜經__juan_0014.txt,9720,9720
高麗版大藏經,放光般若波羅蜜經,放光般若波羅蜜經,放光般若波羅蜜經,無羅叉,西晉,gaoli_index,放光般若波羅蜜經/卷二十六,15,raw\放光般若波羅蜜經\放光般若波羅蜜經__juan_0015.txt,clean\放光般若波羅蜜經\放光般若波羅蜜經__juan_0015.txt,9504,9504
高麗版大藏經,放光般若波羅蜜經,放光般若波羅蜜經,放光般若波羅蜜經,無羅叉,西晉,gaoli_index,放光般若波羅蜜經/卷二十四,16,raw\放光般若波羅蜜經\放光般若波羅蜜經__juan_0016.txt,clean\放光般若波羅蜜經\放光般若波羅蜜經__juan_0016.txt,10291,10291
高麗版大藏經,放光般若波羅蜜經,放光般若波羅蜜經,放光般若波羅蜜經,無羅叉,西晉,gaoli_index,放光般若波羅蜜經/卷五,17,raw\放光般若波羅蜜經\放光般若波羅蜜經__juan_0017.txt,clean\放光般若波羅蜜經\放光般若波羅蜜經__juan_0017.txt,11111,11111
高麗版大藏經,放光般若波羅蜜經,放光般若波羅蜜經,放光般若波羅蜜經,無羅叉,西晉,gaoli_index,放光般若波羅蜜經/卷八,18,raw\放光般若波羅蜜經\放光般若波羅蜜經__juan_0018.txt,clean\放光般若波羅蜜經\放光般若波羅蜜經__juan_0018.txt,9341,9341
高麗版大藏經,放光般若波羅蜜經,放光般若波羅蜜經,放光般若波羅蜜經,無羅叉,西晉,gaoli_index,放光般若波羅蜜經/卷六,19,raw\放光般若波羅蜜經\放光般若波羅蜜經__juan_0019.txt,clean\放光般若波羅蜜經\放光般若波羅蜜經__juan_0019.txt,9428,9428
高麗版大藏經,放光般若波羅蜜經,放光般若波羅蜜經,放光般若波羅蜜經,無羅叉,西晉,gaoli_index,放光般若波羅蜜經/卷十,20,raw\放光般若波羅蜜經\放光般若波羅蜜經__juan_0020.txt,clean\放光般若波羅蜜經\放光般若波羅蜜經__juan_0020.txt,15222,15222
高麗版大藏經,放光般若波羅蜜經,放光般若波羅蜜經,放光般若波羅蜜經,無羅叉,西晉,gaoli_index,放光般若波羅蜜經/卷十一,21,raw\放光般若波羅蜜經\放光般若波羅蜜經__juan_0021.txt,clean\放光般若波羅蜜經\放光般若波羅蜜經__juan_0021.txt,5270,5270
高麗版大藏經,放光般若波羅蜜經,放光般若波羅蜜經,放光般若波羅蜜經,無羅叉,西晉,gaoli_index,放光般若波羅蜜經/卷十七,22,raw\放光般若波羅蜜經\放光般若波羅蜜經__juan_0022.txt,clean\放光般若波羅蜜經\放光般若波羅蜜經__juan_0022.txt,7738,7738
高麗版大藏經,放光般若波羅蜜經,放光般若波羅蜜經,放光般若波羅蜜經,無羅叉,西晉,gaoli_index,放光般若波羅蜜經/卷十三,23,raw\放光般若波羅蜜經\放光般若波羅蜜經__juan_0023.txt,clean\放光般若波羅蜜經\放光般若波羅蜜經__juan_0023.txt,9102,9102
高麗版大藏經,放光般若波羅蜜經,放光般若波羅蜜經,放光般若波羅蜜經,無羅叉,西晉,gaoli_index,放光般若波羅蜜經/卷十九,24,raw\放光般若波羅蜜經\放光般若波羅蜜經__juan_0024.txt,clean\放光般若波羅蜜經\放光般若波羅蜜經__juan_0024.txt,7787,7787
高麗版大藏經,放光般若波羅蜜經,放光般若波羅蜜經,放光般若波羅蜜經,無羅叉,西晉,gaoli_index,放光般若波羅蜜經/卷十二,25,raw\放光般若波羅蜜經\放光般若波羅蜜經__juan_0025.txt,clean\放光般若波羅蜜經\放光般若波羅蜜經__juan_0025.txt,6899,6899
高麗版大藏經,放光般若波羅蜜經,放光般若波羅蜜經,放光般若波羅蜜經,無羅叉,西晉,gaoli_index,放光般若波羅蜜經/卷十五,26,raw\放光般若波羅蜜經\放光般若波羅蜜經__juan_0026.txt,clean\放光般若波羅蜜經\放光般若波羅蜜經__juan_0026.txt,9514,9514
高麗版大藏經,放光般若波羅蜜經,放光般若波羅蜜經,放光般若波羅蜜經,無羅叉,西晉,gaoli_index,放光般若波羅蜜經/卷十八,27,raw\放光般若波羅蜜經\放光般若波羅蜜經__juan_0027.txt,clean\放光般若波羅蜜經\放光般若波羅蜜經__juan_0027.txt,8137,8137
高麗版大藏經,放光般若波羅蜜經,放光般若波羅蜜經,放光般若波羅蜜經,無羅叉,西晉,gaoli_index,放光般若波羅蜜經/卷十六,28,raw\放光般若波羅蜜經\放光般若波羅蜜經__juan_0028.txt,clean\放光般若波羅蜜經\放光般若波羅蜜經__juan_0028.txt,8664,8664
高麗版大藏經,放光般若波羅蜜經,放光般若波羅蜜經,放光般若波羅蜜經,無羅叉,西晉,gaoli_index,放光般若波羅蜜經/卷十四,29,raw\放光般若波羅蜜經\放光般若波羅蜜經__juan_0029.txt,clean\放光般若波羅蜜經\放光般若波羅蜜經__juan_0029.txt,7646,7646
高麗版大藏經,放光般若波羅蜜經,放光般若波羅蜜經,放光般若波羅蜜經,無羅叉,西晉,gaoli_index,放光般若波羅蜜經/卷四,30,raw\放光般若波羅蜜經\放光般若波羅蜜經__juan_0030.txt,clean\放光般若波羅蜜經\放光般若波羅蜜經__juan_0030.txt,10480,10480
高麗版大藏經,摩訶般若波羅蜜經,摩訶般若波羅蜜經,摩訶般若波羅蜜經,鳩摩羅什,後秦,gaoli_index,摩訶般若波羅蜜經/卷第一,1,raw\摩訶般若波羅蜜經\摩訶般若波羅蜜經__juan_0001.txt,clean\摩訶般若波羅蜜經\摩訶般若波羅蜜經__juan_0001.txt,14029,14029
高麗版大藏經,摩訶般若波羅蜜經,摩訶般若波羅蜜經,摩訶般若波羅蜜經,鳩摩羅什,後秦,gaoli_index,摩訶般若波羅蜜經/卷第七,2,raw\摩訶般若波羅蜜經\摩訶般若波羅蜜經__juan_0002.txt,clean\摩訶般若波羅蜜經\摩訶般若波羅蜜經__juan_0002.txt,10698,10698
高麗版大藏經,摩訶般若波羅蜜經,摩訶般若波羅蜜經,摩訶般若波羅蜜經,鳩摩羅什,後秦,gaoli_index,摩訶般若波羅蜜經/卷第三,3,raw\摩訶般若波羅蜜經\摩訶般若波羅蜜經__juan_0003.txt,clean\摩訶般若波羅蜜經\摩訶般若波羅蜜經__juan_0003.txt,11582,11582
高麗版大藏經,摩訶般若波羅蜜經,摩訶般若波羅蜜經,摩訶般若波羅蜜經,鳩摩羅什,後秦,gaoli_index,摩訶般若波羅蜜經/卷第三十,4,raw\摩訶般若波羅蜜經\摩訶般若波羅蜜經__juan_0004.txt,clean\摩訶般若波羅蜜經\摩訶般若波羅蜜經__juan_0004.txt,13366,13366
高麗版大藏經,摩訶般若波羅蜜經,摩訶般若波羅蜜經,摩訶般若波羅蜜經,鳩摩羅什,後秦,gaoli_index,摩訶般若波羅蜜經/卷第九,5,raw\摩訶般若波羅蜜經\摩訶般若波羅蜜經__juan_0005.txt,clean\摩訶般若波羅蜜經\摩訶般若波羅蜜經__juan_0005.txt,12056,12056
高麗版大藏經,摩訶般若波羅蜜經,摩訶般若波羅蜜經,摩訶般若波羅蜜經,鳩摩羅什,後秦,gaoli_index,摩訶般若波羅蜜經/卷第二,6,raw\摩訶般若波羅蜜經\摩訶般若波羅蜜經__juan_0006.txt,clean\摩訶般若波羅蜜經\摩訶般若波羅蜜經__juan_0006.txt,13733,13733
高麗版大藏經,摩訶般若波羅蜜經,摩訶般若波羅蜜經,摩訶般若波羅蜜經,鳩摩羅什,後秦,gaoli_index,摩訶般若波羅蜜經/卷第二十,7,raw\摩訶般若波羅蜜經\摩訶般若波羅蜜經__juan_0007.txt,clean\摩訶般若波羅蜜經\摩訶般若波羅蜜經__juan_0007.txt,11063,11063
高麗版大藏經,摩訶般若波羅蜜經,摩訶般若波羅蜜經,摩訶般若波羅蜜經,鳩摩羅什,後秦,gaoli_index,摩訶般若波羅蜜經/卷第二十一,8,raw\摩訶般若波羅蜜經\摩訶般若波羅蜜經__juan_0008.txt,clean\摩訶般若波羅蜜經\摩訶般若波羅蜜經__juan_0008.txt,10878,10878
高麗版大藏經,摩訶般若波羅蜜經,摩訶般若波羅蜜經,摩訶般若波羅蜜經,鳩摩羅什,後秦,gaoli_index,摩訶般若波羅蜜經/卷第二十七,9,raw\摩訶般若波羅蜜經\摩訶般若波羅蜜經__juan_0009.txt,clean\摩訶般若波羅蜜經\摩訶般若波羅蜜經__juan_0009.txt,10123,10123
高麗版大藏經,摩訶般若波羅蜜經,摩訶般若波羅蜜經,摩訶般若波羅蜜經,鳩摩羅什,後秦,gaoli_index,摩訶般若波羅蜜經/卷第二十三,10,raw\摩訶般若波羅蜜經\摩訶般若波羅蜜經__juan_0010.txt,clean\摩訶般若波羅蜜經\摩訶般若波羅蜜經__juan_0010.txt,15068,15068
高麗版大藏經,摩訶般若波羅蜜經,摩訶般若波羅蜜經,摩訶般若波羅蜜經,鳩摩羅什,後秦,gaoli_index,摩訶般若波羅蜜經/卷第二十九,11,raw\摩訶般若波羅蜜經\摩訶般若波羅蜜經__juan_0011.txt,clean\摩訶般若波羅蜜經\摩訶般若波羅蜜經__juan_0011.txt,15622,15622
高麗版大藏經,摩訶般若波羅蜜經,摩訶般若波羅蜜經,摩訶般若波羅蜜經,鳩摩羅什,後秦,gaoli_index,摩訶般若波羅蜜經/卷第二十二,12,raw\摩訶般若波羅蜜經\摩訶般若波羅蜜經__juan_0012.txt,clean\摩訶般若波羅蜜經\摩訶般若波羅蜜經__juan_0012.txt,11278,11278
高麗版大藏經,摩訶般若波羅蜜經,摩訶般若波羅蜜經,摩訶般若波羅蜜經,鳩摩羅什,後秦,gaoli_index,摩訶般若波羅蜜經/卷第二十五,13,raw\摩訶般若波羅蜜經\摩訶般若波羅蜜經__juan_0013.txt,clean\摩訶般若波羅蜜經\摩訶般若波羅蜜經__juan_0013.txt,10800,10800
高麗版大藏經,摩訶般若波羅蜜經,摩訶般若波羅蜜經,摩訶般若波羅蜜經,鳩摩羅什,後秦,gaoli_index,摩訶般若波羅蜜經/卷第二十八,14,raw\摩訶般若波羅蜜經\摩訶般若波羅蜜經__juan_0014.txt,clean\摩訶般若波羅蜜經\摩訶般若波羅蜜經__juan_0014.txt,11238,11238
高麗版大藏經,摩訶般若波羅蜜經,摩訶般若波羅蜜經,摩訶般若波羅蜜經,鳩摩羅什,後秦,gaoli_index,摩訶般若波羅蜜經/卷第二十六,15,raw\摩訶般若波羅蜜經\摩訶般若波羅蜜經__juan_0015.txt,clean\摩訶般若波羅蜜經\摩訶般若波羅蜜經__juan_0015.txt,9082,9082
高麗版大藏經,摩訶般若波羅蜜經,摩訶般若波羅蜜經,摩訶般若波羅蜜經,鳩摩羅什,後秦,gaoli_index,摩訶般若波羅蜜經/卷第二十四,16,raw\摩訶般若波羅蜜經\摩訶般若波羅蜜經__juan_0016.txt,clean\摩訶般若波羅蜜經\摩訶般若波羅蜜經__juan_0016.txt,11906,11906
高麗版大藏經,摩訶般若波羅蜜經,摩訶般若波羅蜜經,摩訶般若波羅蜜經,鳩摩羅什,後秦,gaoli_index,摩訶般若波羅蜜經/卷第五,17,raw\摩訶般若波羅蜜經\摩訶般若波羅蜜經__juan_0017.txt,clean\摩訶般若波羅蜜經\摩訶般若波羅蜜經__juan_0017.txt,10524,10524
高麗版大藏經,摩訶般若波羅蜜經,摩訶般若波羅蜜經,摩訶般若波羅蜜經,鳩摩羅什,後秦,gaoli_index,摩訶般若波羅蜜經/卷第八,18,raw\摩訶般若波羅蜜經\摩訶般若波羅蜜經__juan_0018.txt,clean\摩訶般若波羅蜜經\摩訶般若波羅蜜經__juan_0018.txt,14337,14337
高麗版大藏經,摩訶般若波羅蜜經,摩訶般若波羅蜜經,摩訶般若波羅蜜經,鳩摩羅什,後秦,gaoli_index,摩訶般若波羅蜜經/卷第六,19,raw\摩訶般若波羅蜜經\摩訶般若波羅蜜經__juan_0019.txt,clean\摩訶般若波羅蜜經\摩訶般若波羅蜜經__juan_0019.txt,14358,14358
高麗版大藏經,摩訶般若波羅蜜經,摩訶般若波羅蜜經,摩訶般若波羅蜜經,鳩摩羅什,後秦,gaoli_index,摩訶般若波羅蜜經/卷第十,20,raw\摩訶般若波羅蜜經\摩訶般若波羅蜜經__juan_0020.txt,clean\摩訶般若波羅蜜經\摩訶般若波羅蜜經__juan_0020.txt,12359,12359
高麗版大藏經,摩訶般若波羅蜜經,摩訶般若波羅蜜經,摩訶般若波羅蜜經,鳩摩羅什,後秦,gaoli_index,摩訶般若波羅蜜經/卷第十一,21,raw\摩訶般若波羅蜜經\摩訶般若波羅蜜經__juan_0021.txt,clean\摩訶般若波羅蜜經\摩訶般若波羅蜜經__juan_0021.txt,8824,8824
高麗版大藏經,摩訶般若波羅蜜經,摩訶般若波羅蜜經,摩訶般若波羅蜜經,鳩摩羅什,後秦,gaoli_index,摩訶般若波羅蜜經/卷第十七,22,raw\摩訶般若波羅蜜經\摩訶般若波羅蜜經__juan_0022.txt,clean\摩訶般若波羅蜜經\摩訶般若波羅蜜經__juan_0022.txt,11463,11463
高麗版大藏經,摩訶般若波羅蜜經,摩訶般若波羅蜜經,摩訶般若波羅蜜經,鳩摩羅什,後秦,gaoli_index,摩訶般若波羅蜜經/卷第十三,23,raw\摩訶般若波羅蜜經\摩訶般若波羅蜜經__juan_0023.txt,clean\摩訶般若波羅蜜經\摩訶般若波羅蜜經__juan_0023.txt,10184,10184
高麗版大藏經,摩訶般若波羅蜜經,摩訶般若波羅蜜經,摩訶般若波羅蜜經,鳩摩羅什,後秦,gaoli_index,摩訶般若波羅蜜經/卷第十九,24,raw\摩訶般若波羅蜜經\摩訶般若波羅蜜經__juan_0024.txt,clean\摩訶般若波羅蜜經\摩訶般若波羅蜜經__juan_0024.txt,14174,14174
高麗版大藏經,摩訶般若波羅蜜經,摩訶般若波羅蜜經,摩訶般若波羅蜜經,鳩摩羅什,後秦,gaoli_index,摩訶般若波羅蜜經/卷第十二,25,raw\摩訶般若波羅蜜經\摩訶般若波羅蜜經__juan_0025.txt,clean\摩訶般若波羅蜜經\摩訶般若波羅蜜經__juan_0025.txt,9174,9174
高麗版大藏經,摩訶般若波羅蜜經,摩訶般若波羅蜜經,摩訶般若波羅蜜經,鳩摩羅什,後秦,gaoli_index,摩訶般若波羅蜜經/卷第十五,26,raw\摩訶般若波羅蜜經\摩訶般若波羅蜜經__juan_0026.txt,clean\摩訶般若波羅蜜經\摩訶般若波羅蜜經__juan_0026.txt,12394,12394
高麗版大藏經,摩訶般若波羅蜜經,摩訶般若波羅蜜經,摩訶般若波羅蜜經,鳩摩羅什,後秦,gaoli_index,摩訶般若波羅蜜經/卷第十八,27,raw\摩訶般若波羅蜜經\摩訶般若波羅蜜經__juan_0027.txt,clean\摩訶般若波羅蜜經\摩訶般若波羅蜜經__juan_0027.txt,11572,11572
高麗版大藏經,摩訶般若波羅蜜經,摩訶般若波羅蜜經,摩訶般若波羅蜜經,鳩摩羅什,後秦,gaoli_index,摩訶般若波羅蜜經/卷第十六,28,raw\摩訶般若波羅蜜經\摩訶般若波羅蜜經__juan_0028.txt,clean\摩訶般若波羅蜜經\摩訶般若波羅蜜經__juan_0028.txt,13063,13063
高麗版大藏經,摩訶般若波羅蜜經,摩訶般若波羅蜜經,摩訶般若波羅蜜經,鳩摩羅什,後秦,gaoli_index,摩訶般若波羅蜜經/卷第十四,29,raw\摩訶般若波羅蜜經\摩訶般若波羅蜜經__juan_0029.txt,clean\摩訶般若波羅蜜經\摩訶般若波羅蜜經__juan_0029.txt,13161,13161
高麗版大藏經,摩訶般若波羅蜜經,摩訶般若波羅蜜經,摩訶般若波羅蜜經,鳩摩羅什,後秦,gaoli_index,摩訶般若波羅蜜經/卷第四,30,raw\摩訶般若波羅蜜經\摩訶般若波羅蜜經__juan_0030.txt,clean\摩訶般若波羅蜜經\摩訶般若波羅蜜經__juan_0030.txt,14475,14475
高麗版大藏經,光讚經,光讚經,光讚經,竺法護,西晉,gaoli_index,光讚經/01,1,raw\光讚經\光讚經__juan_0001.txt,clean\光讚經\光讚經__juan_0001.txt,15680,15680
高麗版大藏經,光讚經,光讚經,光讚經,竺法護,西晉,gaoli_index,光讚經/02,2,raw\光讚經\光讚經__juan_0002.txt,clean\光讚經\光讚經__juan_0002.txt,16264,16264
高麗版大藏經,光讚經,光讚經,光讚經,竺法護,西晉,gaoli_index,光讚經/03,3,raw\光讚經\光讚經__juan_0003.txt,clean\光讚經\光讚經__juan_0003.txt,10532,10532
高麗版大藏經,光讚經,光讚經,光讚經,竺法護,西晉,gaoli_index,光讚經/04,4,raw\光讚經\光讚經__juan_0004.txt,clean\光讚經\光讚經__juan_0004.txt,12196,12196
高麗版大藏經,光讚經,光讚經,光讚經,竺法護,西晉,gaoli_index,光讚經/05,5,raw\光讚經\光讚經__juan_0005.txt,clean\光讚經\光讚經__juan_0005.txt,11943,11943
高麗版大藏經,光讚經,光讚經,光讚經,竺法護,西晉,gaoli_index,光讚經/06,6,raw\光讚經\光讚經__juan_0006.txt,clean\光讚經\光讚經__juan_0006.txt,14353,14353
高麗版大藏經,光讚經,光讚經,光讚經,竺法護,西晉,gaoli_index,光讚經/07,7,raw\光讚經\光讚經__juan_0007.txt,clean\光讚經\光讚經__juan_0007.txt,10332,10332
高麗版大藏經,光讚經,光讚經,光讚經,竺法護,西晉,gaoli_index,光讚經/08,8,raw\光讚經\光讚經__juan_0008.txt,clean\光讚經\光讚經__juan_0008.txt,9227,9227
高麗版大藏經,光讚經,光讚經,光讚經,竺法護,西晉,gaoli_index,光讚經/09,9,raw\光讚經\光讚經__juan_0009.txt,clean\光讚經\光讚經__juan_0009.txt,10829,10829
高麗版大藏經,光讚經,光讚經,光讚經,竺法護,西晉,gaoli_index,光讚經/10,10,raw\光讚經\光讚經__juan_0010.txt,clean\光讚經\光讚經__juan_0010.txt,10784,10784
高麗版大藏經,摩訶般若鈔經,摩訶般若鈔經,摩訶般若鈔經,曇摩蜱、竺佛念,符秦,gaoli_index,摩訶般若鈔經/01,1,raw\摩訶般若鈔經\摩訶般若鈔經__juan_0001.txt,clean\摩訶般若鈔經\摩訶般若鈔經__juan_0001.txt,9246,9246
高麗版大藏經,摩訶般若鈔經,摩訶般若鈔經,摩訶般若鈔經,曇摩蜱、竺佛念,符秦,gaoli_index,摩訶般若鈔經/02,2,raw\摩訶般若鈔經\摩訶般若鈔經__juan_0002.txt,clean\摩訶般若鈔經\摩訶般若鈔經__juan_0002.txt,11546,11546
高麗版大藏經,摩訶般若鈔經,摩訶般若鈔經,摩訶般若鈔經,曇摩蜱、竺佛念,符秦,gaoli_index,摩訶般若鈔經/03,3,raw\摩訶般若鈔經\摩訶般若鈔經__juan_0003.txt,clean\摩訶般若鈔經\摩訶般若鈔經__juan_0003.txt,9662,9662
高麗版大藏經,摩訶般若鈔經,摩訶般若鈔經,摩訶般若鈔經,曇摩蜱、竺佛念,符秦,gaoli_index,摩訶般若鈔經/04,4,raw\摩訶般若鈔經\摩訶般若鈔經__juan_0004.txt,clean\摩訶般若鈔經\摩訶般若鈔經__juan_0004.txt,11497,11497
高麗版大藏經,摩訶般若鈔經,摩訶般若鈔經,摩訶般若鈔經,曇摩蜱、竺佛念,符秦,gaoli_index,摩訶般若鈔經/05,5,raw\摩訶般若鈔經\摩訶般若鈔經__juan_0005.txt,clean\摩訶般若鈔經\摩訶般若鈔經__juan_0005.txt,9724,9724
高麗版大藏經,道行般若經,道行般若經,道行般若經,支婁迦讖,後漢,gaoli_index,道行般若經/卷一,1,raw\道行般若經\道行般若經__juan_0001.txt,clean\道行般若經\道行般若經__juan_0001.txt,10515,10515
高麗版大藏經,道行般若經,道行般若經,道行般若經,支婁迦讖,後漢,gaoli_index,道行般若經/卷七,2,raw\道行般若經\道行般若經__juan_0002.txt,clean\道行般若經\道行般若經__juan_0002.txt,8898,8898
高麗版大藏經,道行般若經,道行般若經,道行般若經,支婁迦讖,後漢,gaoli_index,道行般若經/卷三,3,raw\道行般若經\道行般若經__juan_0003.txt,clean\道行般若經\道行般若經__juan_0003.txt,9918,9918
高麗版大藏經,道行般若經,道行般若經,道行般若經,支婁迦讖,後漢,gaoli_index,道行般若經/卷九,4,raw\道行般若經\道行般若經__juan_0004.txt,clean\道行般若經\道行般若經__juan_0004.txt,9892,9892
高麗版大藏經,道行般若經,道行般若經,道行般若經,支婁迦讖,後漢,gaoli_index,道行般若經/卷二,5,raw\道行般若經\道行般若經__juan_0005.txt,clean\道行般若經\道行般若經__juan_0005.txt,12817,12817
高麗版大藏經,道行般若經,道行般若經,道行般若經,支婁迦讖,後漢,gaoli_index,道行般若經/卷五,6,raw\道行般若經\道行般若經__juan_0006.txt,clean\道行般若經\道行般若經__juan_0006.txt,10092,10092
高麗版大藏經,道行般若經,道行般若經,道行般若經,支婁迦讖,後漢,gaoli_index,道行般若經/卷八,7,raw\道行般若經\道行般若經__juan_0007.txt,clean\道行般若經\道行般若經__juan_0007.txt,8848,8848
高麗版大藏經,道行般若經,道行般若經,道行般若經,支婁迦讖,後漢,gaoli_index,道行般若經/卷六,8,raw\道行般若經\道行般若經__juan_0008.txt,clean\道行般若經\道行般若經__juan_0008.txt,7365,7365
高麗版大藏經,道行般若經,道行般若經,道行般若經,支婁迦讖,後漢,gaoli_index,道行般若經/卷十,9,raw\道行般若經\道行般若經__juan_0009.txt,clean\道行般若經\道行般若經__juan_0009.txt,7246,7246
高麗版大藏經,道行般若經,道行般若經,道行般若經,支婁迦讖,後漢,gaoli_index,道行般若經/卷四,10,raw\道行般若經\道行般若經__juan_0010.txt,clean\道行般若經\道行般若經__juan_0010.txt,9034,9034
高麗版大藏經,小品般若波羅蜜經,小品般若波羅蜜經,小品般若波羅蜜經,鳩摩羅什,後秦,gaoli_index,小品般若波羅蜜經/卷一,1,raw\小品般若波羅蜜經\小品般若波羅蜜經__juan_0001.txt,clean\小品般若波羅蜜經\小品般若波羅蜜經__juan_0001.txt,9044,9044
高麗版大藏經,小品般若波羅蜜經,小品般若波羅蜜經,小品般若波羅蜜經,鳩摩羅什,後秦,gaoli_index,小品般若波羅蜜經/卷七,2,raw\小品般若波羅蜜經\小品般若波羅蜜經__juan_0002.txt,clean\小品般若波羅蜜經\小品般若波羅蜜經__juan_0002.txt,9055,9055
高麗版大藏經,小品般若波羅蜜經,小品般若波羅蜜經,小品般若波羅蜜經,鳩摩羅什,後秦,gaoli_index,小品般若波羅蜜經/卷三,3,raw\小品般若波羅蜜經\小品般若波羅蜜經__juan_0003.txt,clean\小品般若波羅蜜經\小品般若波羅蜜經__juan_0003.txt,10223,10223
高麗版大藏經,小品般若波羅蜜經,小品般若波羅蜜經,小品般若波羅蜜經,鳩摩羅什,後秦,gaoli_index,小品般若波羅蜜經/卷九,4,raw\小品般若波羅蜜經\小品般若波羅蜜經__juan_0004.txt,clean\小品般若波羅蜜經\小品般若波羅蜜經__juan_0004.txt,5951,5951
高麗版大藏經,小品般若波羅蜜經,小品般若波羅蜜經,小品般若波羅蜜經,鳩摩羅什,後秦,gaoli_index,小品般若波羅蜜經/卷二,5,raw\小品般若波羅蜜經\小品般若波羅蜜經__juan_0005.txt,clean\小品般若波羅蜜經\小品般若波羅蜜經__juan_0005.txt,8457,8457
高麗版大藏經,小品般若波羅蜜經,小品般若波羅蜜經,小品般若波羅蜜經,鳩摩羅什,後秦,gaoli_index,小品般若波羅蜜經/卷五,6,raw\小品般若波羅蜜經\小品般若波羅蜜經__juan_0006.txt,clean\小品般若波羅蜜經\小品般若波羅蜜經__juan_0006.txt,12212,12212
高麗版大藏經,小品般若波羅蜜經,小品般若波羅蜜經,小品般若波羅蜜經,鳩摩羅什,後秦,gaoli_index,小品般若波羅蜜經/卷八,7,raw\小品般若波羅蜜經\小品般若波羅蜜經__juan_0007.txt,clean\小品般若波羅蜜經\小品般若波羅蜜經__juan_0007.txt,6671,6671
高麗版大藏經,小品般若波羅蜜經,小品般若波羅蜜經,小品般若波羅蜜經,鳩摩羅什,後秦,gaoli_index,小品般若波羅蜜經/卷六,8,raw\小品般若波羅蜜經\小品般若波羅蜜經__juan_0008.txt,clean\小品般若波羅蜜經\小品般若波羅蜜經__juan_0008.txt,8361,8361
高麗版大藏經,小品般若波羅蜜經,小品般若波羅蜜經,小品般若波羅蜜經,鳩摩羅什,後秦,gaoli_index,小品般若波羅蜜經/卷十,9,raw\小品般若波羅蜜經\小品般若波羅蜜經__juan_0009.txt,clean\小品般若波羅蜜經\小品般若波羅蜜經__juan_0009.txt,11502,11502
高麗版大藏經,小品般若波羅蜜經,小品般若波羅蜜經,小品般若波羅蜜經,鳩摩羅什,後秦,gaoli_index,小品般若波羅蜜經/卷四,10,raw\小品般若波羅蜜經\小品般若波羅蜜經__juan_0010.txt,clean\小品般若波羅蜜經\小品般若波羅蜜經__juan_0010.txt,11539,11539
高麗版大藏經,大明度經,大明度經,大明度經,支謙,吳,gaoli_index,大明度經/卷第一,1,raw\大明度經\大明度經__juan_0001.txt,clean\大明度經\大明度經__juan_0001.txt,9574,9574
高麗版大藏經,大明度經,大明度經,大明度經,支謙,吳,gaoli_index,大明度經/卷第三,2,raw\大明度經\大明度經__juan_0002.txt,clean\大明度經\大明度經__juan_0002.txt,9213,9213
高麗版大藏經,大明度經,大明度經,大明度經,支謙,吳,gaoli_index,大明度經/卷第二,3,raw\大明度經\大明度經__juan_0003.txt,clean\大明度經\大明度經__juan_0003.txt,9509,9509
高麗版大藏經,大明度經,大明度經,大明度經,支謙,吳,gaoli_index,大明度經/卷第五,4,raw\大明度經\大明度經__juan_0004.txt,clean\大明度經\大明度經__juan_0004.txt,10252,10252
高麗版大藏經,大明度經,大明度經,大明度經,支謙,吳,gaoli_index,大明度經/卷第六,5,raw\大明度經\大明度經__juan_0005.txt,clean\大明度經\大明度經__juan_0005.txt,8452,8452
高麗版大藏經,大明度經,大明度經,大明度經,支謙,吳,gaoli_index,大明度經/卷第四,6,raw\大明度經\大明度經__juan_0006.txt,clean\大明度經\大明度經__juan_0006.txt,10988,10988
高麗版大藏經,佛說仁王般若波羅蜜經,佛說仁王般若波羅蜜經,佛說仁王般若波羅蜜經,鳩摩羅什,姚秦,gaoli_index,佛說仁王般若波羅蜜經/01,1,raw\佛說仁王般若波羅蜜經\佛說仁王般若波羅蜜經__juan_0001.txt,clean\佛說仁王般若波羅蜜經\佛說仁王般若波羅蜜經__juan_0001.txt,8092,8092
高麗版大藏經,佛說仁王般若波羅蜜經,佛說仁王般若波羅蜜經,佛說仁王般若波羅蜜經,鳩摩羅什,姚秦,gaoli_index,佛說仁王般若波羅蜜經/02,2,raw\佛說仁王般若波羅蜜經\佛說仁王般若波羅蜜經__juan_0002.txt,clean\佛說仁王般若波羅蜜經\佛說仁王般若波羅蜜經__juan_0002.txt,6901,6901
高麗版大藏經,大寶積經,大寶積經,大寶積經,菩提流志,唐,gaoli_index,大寶積經/卷01,1,raw\大寶積經\大寶積經__juan_0001.txt,clean\大寶積經\大寶積經__juan_0001.txt,9069,9069
高麗版大藏經,大寶積經,大寶積經,大寶積經,菩提流志,唐,gaoli_index,大寶積經/卷02,2,raw\大寶積經\大寶積經__juan_0002.txt,clean\大寶積經\大寶積經__juan_0002.txt,10323,10323
高麗版大藏經,大寶積經,大寶積經,大寶積經,菩提流志,唐,gaoli_index,大寶積經/卷03,3,raw\大寶積經\大寶積經__juan_0003.txt,clean\大寶積經\大寶積經__juan_0003.txt,10531,10531
高麗版大藏經,大寶積經,大寶積經,大寶積經,菩提流志,唐,gaoli_index,大寶積經/卷04,4,raw\大寶積經\大寶積經__juan_0004.txt,clean\大寶積經\大寶積經__juan_0004.txt,9501,9501
高麗版大藏經,大寶積經,大寶積經,大寶積經,菩提流志,唐,gaoli_index,大寶積經/卷05,5,raw\大寶積經\大寶積經__juan_0005.txt,clean\大寶積經\大寶積經__juan_0005.txt,9496,9496
高麗版大藏經,大寶積經,大寶積經,大寶積經,菩提流志,唐,gaoli_index,大寶積經/卷06,6,raw\大寶積經\大寶積經__juan_0006.txt,clean\大寶積經\大寶積經__juan_0006.txt,9405,9405
高麗版大藏經,大寶積經,大寶積經,大寶積經,菩提流志,唐,gaoli_index,大寶積經/卷07,7,raw\大寶積經\大寶積經__juan_0007.txt,clean\大寶積經\大寶積經__juan_0007.txt,10380,10380
高麗版大藏經,大寶積經,大寶積經,大寶積經,菩提流志,唐,gaoli_index,大寶積經/卷08,8,raw\大寶積經\大寶積經__juan_0008.txt,clean\大寶積經\大寶積經__juan_0008.txt,8319,8319
高麗版大藏經,大寶積經,大寶積經,大寶積經,菩提流志,唐,gaoli_index,大寶積經/卷09,9,raw\大寶積經\大寶積經__juan_0009.txt,clean\大寶積經\大寶積經__juan_0009.txt,9628,9628
高麗版大藏經,大寶積經,大寶積經,大寶積經,菩提流志,唐,gaoli_index,大寶積經/卷10,10,raw\大寶積經\大寶積經__juan_0010.txt,clean\大寶積經\大寶積經__juan_0010.txt,9752,9752
高麗版大藏經,大寶積經,大寶積經,大寶積經,菩提流志,唐,gaoli_index,大寶積經/卷100,11,raw\大寶積經\大寶積經__juan_0011.txt,clean\大寶積經\大寶積經__juan_0011.txt,13140,13140
高麗版大藏經,大寶積經,大寶積經,大寶積經,菩提流志,唐,gaoli_index,大寶積經/卷101,12,raw\大寶積經\大寶積經__juan_0012.txt,clean\大寶積經\大寶積經__juan_0012.txt,10565,10565
高麗版大藏經,大寶積經,大寶積經,大寶積經,菩提流志,唐,gaoli_index,大寶積經/卷102,13,raw\大寶積經\大寶積經__juan_0013.txt,clean\大寶積經\大寶積經__juan_0013.txt,8481,8481
高麗版大藏經,大寶積經,大寶積經,大寶積經,菩提流志,唐,gaoli_index,大寶積經/卷103,14,raw\大寶積經\大寶積經__juan_0014.txt,clean\大寶積經\大寶積經__juan_0014.txt,8901,8901
高麗版大藏經,大寶積經,大寶積經,大寶積經,菩提流志,唐,gaoli_index,大寶積經/卷104,15,raw\大寶積經\大寶積經__juan_0015.txt,clean\大寶積經\大寶積經__juan_0015.txt,8582,8582
高麗版大藏經,大寶積經,大寶積經,大寶積經,菩提流志,唐,gaoli_index,大寶積經/卷105,16,raw\大寶積經\大寶積經__juan_0016.txt,clean\大寶積經\大寶積經__juan_0016.txt,9562,9562
高麗版大藏經,大寶積經,大寶積經,大寶積經,菩提流志,唐,gaoli_index,大寶積經/卷106,17,raw\大寶積經\大寶積經__juan_0017.txt,clean\大寶積經\大寶積經__juan_0017.txt,9176,9176
高麗版大藏經,大寶積經,大寶積經,大寶積經,菩提流志,唐,gaoli_index,大寶積經/卷107,18,raw\大寶積經\大寶積經__juan_0018.txt,clean\大寶積經\大寶積經__juan_0018.txt,7209,7209
高麗版大藏經,大寶積經,大寶積經,大寶積經,菩提流志,唐,gaoli_index,大寶積經/卷108,19,raw\大寶積經\大寶積經__juan_0019.txt,clean\大寶積經\大寶積經__juan_0019.txt,7732,7732
高麗版大藏經,大寶積經,大寶積經,大寶積經,菩提流志,唐,gaoli_index,大寶積經/卷109,20,raw\大寶積經\大寶積經__juan_0020.txt,clean\大寶積經\大寶積經__juan_0020.txt,8630,8630
高麗版大藏經,大寶積經,大寶積經,大寶積經,菩提流志,唐,gaoli_index,大寶積經/卷11,21,raw\大寶積經\大寶積經__juan_0021.txt,clean\大寶積經\大寶積經__juan_0021.txt,8698,8698
高麗版大藏經,大寶積經,大寶積經,大寶積經,菩提流志,唐,gaoli_index,大寶積經/卷110,22,raw\大寶積經\大寶積經__juan_0022.txt,clean\大寶積經\大寶積經__juan_0022.txt,16335,16335
高麗版大藏經,大寶積經,大寶積經,大寶積經,菩提流志,唐,gaoli_index,大寶積經/卷111,23,raw\大寶積經\大寶積經__juan_0023.txt,clean\大寶積經\大寶積經__juan_0023.txt,12932,12932
高麗版大藏經,大寶積經,大寶積經,大寶積經,菩提流志,唐,gaoli_index,大寶積經/卷112,24,raw\大寶積經\大寶積經__juan_0024.txt,clean\大寶積經\大寶積經__juan_0024.txt,11442,11442
高麗版大藏經,大寶積經,大寶積經,大寶積經,菩提流志,唐,gaoli_index,大寶積經/卷113,25,raw\大寶積經\大寶積經__juan_0025.txt,clean\大寶積經\大寶積經__juan_0025.txt,9419,9419
高麗版大藏經,大寶積經,大寶積經,大寶積經,菩提流志,唐,gaoli_index,大寶積經/卷114,26,raw\大寶積經\大寶積經__juan_0026.txt,clean\大寶積經\大寶積經__juan_0026.txt,6239,6239
高麗版大藏經,大寶積經,大寶積經,大寶積經,菩提流志,唐,gaoli_index,大寶積經/卷115,27,raw\大寶積經\大寶積經__juan_0027.txt,clean\大寶積經\大寶積經__juan_0027.txt,7499,7499
高麗版大藏經,大寶積經,大寶積經,大寶積經,菩提流志,唐,gaoli_index,大寶積經/卷116,28,raw\大寶積經\大寶積經__juan_0028.txt,clean\大寶積經\大寶積經__juan_0028.txt,7608,7608
高麗版大藏經,大寶積經,大寶積經,大寶積經,菩提流志,唐,gaoli_index,大寶積經/卷117,29,raw\大寶積經\大寶積經__juan_0029.txt,clean\大寶積經\大寶積經__juan_0029.txt,13389,13389
高麗版大藏經,大寶積經,大寶積經,大寶積經,菩提流志,唐,gaoli_index,大寶積經/卷118,30,raw\大寶積經\大寶積經__juan_0030.txt,clean\大寶積經\大寶積經__juan_0030.txt,12610,12610
高麗版大藏經,大寶積經,大寶積經,大寶積經,菩提流志,唐,gaoli_index,大寶積經/卷119,31,raw\大寶積經\大寶積經__juan_0031.txt,clean\大寶積經\大寶積經__juan_0031.txt,10027,10027
高麗版大藏經,大寶積經,大寶積經,大寶積經,菩提流志,唐,gaoli_index,大寶積經/卷12,32,raw\大寶積經\大寶積經__juan_0032.txt,clean\大寶積經\大寶積經__juan_0032.txt,7956,7956
高麗版大藏經,大寶積經,大寶積經,大寶積經,菩提流志,唐,gaoli_index,大寶積經/卷120,33,raw\大寶積經\大寶積經__juan_0033.txt,clean\大寶積經\大寶積經__juan_0033.txt,10934,10934
高麗版大藏經,大寶積經,大寶積經,大寶積經,菩提流志,唐,gaoli_index,大寶積經/卷13,34,raw\大寶積經\大寶積經__juan_0034.txt,clean\大寶積經\大寶積經__juan_0034.txt,9774,9774
高麗版大藏經,大寶積經,大寶積經,大寶積經,菩提流志,唐,gaoli_index,大寶積經/卷14,35,raw\大寶積經\大寶積經__juan_0035.txt,clean\大寶積經\大寶積經__juan_0035.txt,8400,8400
高麗版大藏經,大寶積經,大寶積經,大寶積經,菩提流志,唐,gaoli_index,大寶積經/卷15,36,raw\大寶積經\大寶積經__juan_0036.txt,clean\大寶積經\大寶積經__juan_0036.txt,8326,8326
高麗版大藏經,大寶積經,大寶積經,大寶積經,菩提流志,唐,gaoli_index,大寶積經/卷16,37,raw\大寶積經\大寶積經__juan_0037.txt,clean\大寶積經\大寶積經__juan_0037.txt,9067,9067
高麗版大藏經,大寶積經,大寶積經,大寶積經,菩提流志,唐,gaoli_index,大寶積經/卷17,38,raw\大寶積經\大寶積經__juan_0038.txt,clean\大寶積經\大寶積經__juan_0038.txt,8365,8365
高麗版大藏經,大寶積經,大寶積經,大寶積經,菩提流志,唐,gaoli_index,大寶積經/卷18,39,raw\大寶積經\大寶積經__juan_0039.txt,clean\大寶積經\大寶積經__juan_0039.txt,8685,8685
高麗版大藏經,大寶積經,大寶積經,大寶積經,菩提流志,唐,gaoli_index,大寶積經/卷19,40,raw\大寶積經\大寶積經__juan_0040.txt,clean\大寶積經\大寶積經__juan_0040.txt,8465,8465
高麗版大藏經,大寶積經,大寶積經,大寶積經,菩提流志,唐,gaoli_index,大寶積經/卷20,41,raw\大寶積經\大寶積經__juan_0041.txt,clean\大寶積經\大寶積經__juan_0041.txt,9513,9513
高麗版大藏經,大寶積經,大寶積經,大寶積經,菩提流志,唐,gaoli_index,大寶積經/卷21,42,raw\大寶積經\大寶積經__juan_0042.txt,clean\大寶積經\大寶積經__juan_0042.txt,10944,10944
高麗版大藏經,大寶積經,大寶積經,大寶積經,菩提流志,唐,gaoli_index,大寶積經/卷22,43,raw\大寶積經\大寶積經__juan_0043.txt,clean\大寶積經\大寶積經__juan_0043.txt,7882,7882
高麗版大藏經,大寶積經,大寶積經,大寶積經,菩提流志,唐,gaoli_index,大寶積經/卷23,44,raw\大寶積經\大寶積經__juan_0044.txt,clean\大寶積經\大寶積經__juan_0044.txt,8726,8726
高麗版大藏經,大寶積經,大寶積經,大寶積經,菩提流志,唐,gaoli_index,大寶積經/卷24,45,raw\大寶積經\大寶積經__juan_0045.txt,clean\大寶積經\大寶積經__juan_0045.txt,8565,8565
高麗版大藏經,大寶積經,大寶積經,大寶積經,菩提流志,唐,gaoli_index,大寶積經/卷25,46,raw\大寶積經\大寶積經__juan_0046.txt,clean\大寶積經\大寶積經__juan_0046.txt,8761,8761
高麗版大藏經,大寶積經,大寶積經,大寶積經,菩提流志,唐,gaoli_index,大寶積經/卷26,47,raw\大寶積經\大寶積經__juan_0047.txt,clean\大寶積經\大寶積經__juan_0047.txt,6724,6724
高麗版大藏經,大寶積經,大寶積經,大寶積經,菩提流志,唐,gaoli_index,大寶積經/卷27,48,raw\大寶積經\大寶積經__juan_0048.txt,clean\大寶積經\大寶積經__juan_0048.txt,6713,6713
高麗版大藏經,大寶積經,大寶積經,大寶積經,菩提流志,唐,gaoli_index,大寶積經/卷28,49,raw\大寶積經\大寶積經__juan_0049.txt,clean\大寶積經\大寶積經__juan_0049.txt,12606,12606
高麗版大藏經,大寶積經,大寶積經,大寶積經,菩提流志,唐,gaoli_index,大寶積經/卷29,50,raw\大寶積經\大寶積經__juan_0050.txt,clean\大寶積經\大寶積經__juan_0050.txt,6045,6045
高麗版大藏經,大寶積經,大寶積經,大寶積經,菩提流志,唐,gaoli_index,大寶積經/卷30,51,raw\大寶積經\大寶積經__juan_0051.txt,clean\大寶積經\大寶積經__juan_0051.txt,8832,8832
高麗版大藏經,大寶積經,大寶積經,大寶積經,菩提流志,唐,gaoli_index,大寶積經/卷31,52,raw\大寶積經\大寶積經__juan_0052.txt,clean\大寶積經\大寶積經__juan_0052.txt,9084,9084
高麗版大藏經,大寶積經,大寶積經,大寶積經,菩提流志,唐,gaoli_index,大寶積經/卷32,53,raw\大寶積經\大寶積經__juan_0053.txt,clean\大寶積經\大寶積經__juan_0053.txt,9294,9294
高麗版大藏經,大寶積經,大寶積經,大寶積經,菩提流志,唐,gaoli_index,大寶積經/卷33,54,raw\大寶積經\大寶積經__juan_0054.txt,clean\大寶積經\大寶積經__juan_0054.txt,9886,9886
高麗版大藏經,大寶積經,大寶積經,大寶積經,菩提流志,唐,gaoli_index,大寶積經/卷34,55,raw\大寶積經\大寶積經__juan_0055.txt,clean\大寶積經\大寶積經__juan_0055.txt,10293,10293
高麗版大藏經,大寶積經,大寶積經,大寶積經,菩提流志,唐,gaoli_index,大寶積經/卷35,56,raw\大寶積經\大寶積經__juan_0056.txt,clean\大寶積經\大寶積經__juan_0056.txt,12852,12852
高麗版大藏經,大寶積經,大寶積經,大寶積經,菩提流志,唐,gaoli_index,大寶積經/卷36,57,raw\大寶積經\大寶積經__juan_0057.txt,clean\大寶積經\大寶積經__juan_0057.txt,8000,8000
高麗版大藏經,大寶積經,大寶積經,大寶積經,菩提流志,唐,gaoli_index,大寶積經/卷37,58,raw\大寶積經\大寶積經__juan_0058.txt,clean\大寶積經\大寶積經__juan_0058.txt,11333,11333
高麗版大藏經,大寶積經,大寶積經,大寶積經,菩提流志,唐,gaoli_index,大寶積經/卷38,59,raw\大寶積經\大寶積經__juan_0059.txt,clean\大寶積經\大寶積經__juan_0059.txt,13051,13051
高麗版大藏經,大寶積經,大寶積經,大寶積經,菩提流志,唐,gaoli_index,大寶積經/卷39,60,raw\大寶積經\大寶積經__juan_0060.txt,clean\大寶積經\大寶積經__juan_0060.txt,8970,8970
高麗版大藏經,大寶積經,大寶積經,大寶積經,菩提流志,唐,gaoli_index,大寶積經/卷40,61,raw\大寶積經\大寶積經__juan_0061.txt,clean\大寶積經\大寶積經__juan_0061.txt,7594,7594
高麗版大藏經,大寶積經,大寶積經,大寶積經,菩提流志,唐,gaoli_index,大寶積經/卷41,62,raw\大寶積經\大寶積經__juan_0062.txt,clean\大寶積經\大寶積經__juan_0062.txt,11386,11386
高麗版大藏經,大寶積經,大寶積經,大寶積經,菩提流志,唐,gaoli_index,大寶積經/卷42,63,raw\大寶積經\大寶積經__juan_0063.txt,clean\大寶積經\大寶積經__juan_0063.txt,11523,11523
高麗版大藏經,大寶積經,大寶積經,大寶積經,菩提流志,唐,gaoli_index,大寶積經/卷43,64,raw\大寶積經\大寶積經__juan_0064.txt,clean\大寶積經\大寶積經__juan_0064.txt,10275,10275
高麗版大藏經,大寶積經,大寶積經,大寶積經,菩提流志,唐,gaoli_index,大寶積經/卷44,65,raw\大寶積經\大寶積經__juan_0065.txt,clean\大寶積經\大寶積經__juan_0065.txt,9309,9309
高麗版大藏經,大寶積經,大寶積經,大寶積經,菩提流志,唐,gaoli_index,大寶積經/卷45,66,raw\大寶積經\大寶積經__juan_0066.txt,clean\大寶積經\大寶積經__juan_0066.txt,10398,10398
高麗版大藏經,大寶積經,大寶積經,大寶積經,菩提流志,唐,gaoli_index,大寶積經/卷46,67,raw\大寶積經\大寶積經__juan_0067.txt,clean\大寶積經\大寶積經__juan_0067.txt,10124,10124
高麗版大藏經,大寶積經,大寶積經,大寶積經,菩提流志,唐,gaoli_index,大寶積經/卷47,68,raw\大寶積經\大寶積經__juan_0068.txt,clean\大寶積經\大寶積經__juan_0068.txt,10598,10598
高麗版大藏經,大寶積經,大寶積經,大寶積經,菩提流志,唐,gaoli_index,大寶積經/卷48,69,raw\大寶積經\大寶積經__juan_0069.txt,clean\大寶積經\大寶積經__juan_0069.txt,10073,10073
高麗版大藏經,大寶積經,大寶積經,大寶積經,菩提流志,唐,gaoli_index,大寶積經/卷49,70,raw\大寶積經\大寶積經__juan_0070.txt,clean\大寶積經\大寶積經__juan_0070.txt,10402,10402
高麗版大藏經,大寶積經,大寶積經,大寶積經,菩提流志,唐,gaoli_index,大寶積經/卷50,71,raw\大寶積經\大寶積經__juan_0071.txt,clean\大寶積經\大寶積經__juan_0071.txt,8705,8705
高麗版大藏經,大寶積經,大寶積經,大寶積經,菩提流志,唐,gaoli_index,大寶積經/卷51,72,raw\大寶積經\大寶積經__juan_0072.txt,clean\大寶積經\大寶積經__juan_0072.txt,8588,8588
高麗版大藏經,大寶積經,大寶積經,大寶積經,菩提流志,唐,gaoli_index,大寶積經/卷52,73,raw\大寶積經\大寶積經__juan_0073.txt,clean\大寶積經\大寶積經__juan_0073.txt,10187,10187
高麗版大藏經,大寶積經,大寶積經,大寶積經,菩提流志,唐,gaoli_index,大寶積經/卷53,74,raw\大寶積經\大寶積經__juan_0074.txt,clean\大寶積經\大寶積經__juan_0074.txt,10132,10132
高麗版大藏經,大寶積經,大寶積經,大寶積經,菩提流志,唐,gaoli_index,大寶積經/卷54,75,raw\大寶積經\大寶積經__juan_0075.txt,clean\大寶積經\大寶積經__juan_0075.txt,10157,10157
高麗版大藏經,大寶積經,大寶積經,大寶積經,菩提流志,唐,gaoli_index,大寶積經/卷55,76,raw\大寶積經\大寶積經__juan_0076.txt,clean\大寶積經\大寶積經__juan_0076.txt,6857,6857
高麗版大藏經,大寶積經,大寶積經,大寶積經,菩提流志,唐,gaoli_index,大寶積經/卷56,77,raw\大寶積經\大寶積經__juan_0077.txt,clean\大寶積經\大寶積經__juan_0077.txt,8035,8035
高麗版大藏經,大寶積經,大寶積經,大寶積經,菩提流志,唐,gaoli_index,大寶積經/卷57,78,raw\大寶積經\大寶積經__juan_0078.txt,clean\大寶積經\大寶積經__juan_0078.txt,9461,9461
高麗版大藏經,大寶積經,大寶積經,大寶積經,菩提流志,唐,gaoli_index,大寶積經/卷58,79,raw\大寶積經\大寶積經__juan_0079.txt,clean\大寶積經\大寶積經__juan_0079.txt,7102,7102
高麗版大藏經,大寶積經,大寶積經,大寶積經,菩提流志,唐,gaoli_index,大寶積經/卷59,80,raw\大寶積經\大寶積經__juan_0080.txt,clean\大寶積經\大寶積經__juan_0080.txt,8441,8441
高麗版大藏經,大寶積經,大寶積經,大寶積經,菩提流志,唐,gaoli_index,大寶積經/卷60,81,raw\大寶積經\大寶積經__juan_0081.txt,clean\大寶積經\大寶積經__juan_0081.txt,7325,7325
高麗版大藏經,大寶積經,大寶積經,大寶積經,菩提流志,唐,gaoli_index,大寶積經/卷61,82,raw\大寶積經\大寶積經__juan_0082.txt,clean\大寶積經\大寶積經__juan_0082.txt,7768,7768
高麗版大藏經,大寶積經,大寶積經,大寶積經,菩提流志,唐,gaoli_index,大寶積經/卷62,83,raw\大寶積經\大寶積經__juan_0083.txt,clean\大寶積經\大寶積經__juan_0083.txt,9844,9844
高麗版大藏經,大寶積經,大寶積經,大寶積經,菩提流志,唐,gaoli_index,大寶積經/卷63,84,raw\大寶積經\大寶積經__juan_0084.txt,clean\大寶積經\大寶積經__juan_0084.txt,8748,8748
高麗版大藏經,大寶積經,大寶積經,大寶積經,菩提流志,唐,gaoli_index,大寶積經/卷64,85,raw\大寶積經\大寶積經__juan_0085.txt,clean\大寶積經\大寶積經__juan_0085.txt,6081,6081
高麗版大藏經,大寶積經,大寶積經,大寶積經,菩提流志,唐,gaoli_index,大寶積經/卷65,86,raw\大寶積經\大寶積經__juan_0086.txt,clean\大寶積經\大寶積經__juan_0086.txt,6357,6357
高麗版大藏經,大寶積經,大寶積經,大寶積經,菩提流志,唐,gaoli_index,大寶積經/卷66,87,raw\大寶積經\大寶積經__juan_0087.txt,clean\大寶積經\大寶積經__juan_0087.txt,7277,7277
高麗版大藏經,大寶積經,大寶積經,大寶積經,菩提流志,唐,gaoli_index,大寶積經/卷67,88,raw\大寶積經\大寶積經__juan_0088.txt,clean\大寶積經\大寶積經__juan_0088.txt,9196,9196
高麗版大藏經,大寶積經,大寶積經,大寶積經,菩提流志,唐,gaoli_index,大寶積經/卷68,89,raw\大寶積經\大寶積經__juan_0089.txt,clean\大寶積經\大寶積經__juan_0089.txt,7228,7228
高麗版大藏經,大寶積經,大寶積經,大寶積經,菩提流志,唐,gaoli_index,大寶積經/卷69,90,raw\大寶積經\大寶積經__juan_0090.txt,clean\大寶積經\大寶積經__juan_0090.txt,7452,7452
高麗版大藏經,大寶積經,大寶積經,大寶積經,菩提流志,唐,gaoli_index,大寶積經/卷70,91,raw\大寶積經\大寶積經__juan_0091.txt,clean\大寶積經\大寶積經__juan_0091.txt,9208,9208
高麗版大藏經,大寶積經,大寶積經,大寶積經,菩提流志,唐,gaoli_index,大寶積經/卷71,92,raw\大寶積經\大寶積經__juan_0092.txt,clean\大寶積經\大寶積經__juan_0092.txt,11630,11630
高麗版大藏經,大寶積經,大寶積經,大寶積經,菩提流志,唐,gaoli_index,大寶積經/卷72,93,raw\大寶積經\大寶積經__juan_0093.txt,clean\大寶積經\大寶積經__juan_0093.txt,7028,7028
高麗版大藏經,大寶積經,大寶積經,大寶積經,菩提流志,唐,gaoli_index,大寶積經/卷73,94,raw\大寶積經\大寶積經__juan_0094.txt,clean\大寶積經\大寶積經__juan_0094.txt,7836,7836
高麗版大藏經,大寶積經,大寶積經,大寶積經,菩提流志,唐,gaoli_index,大寶積經/卷74,95,raw\大寶積經\大寶積經__juan_0095.txt,clean\大寶積經\大寶積經__juan_0095.txt,7928,7928
高麗版大藏經,大寶積經,大寶積經,大寶積經,菩提流志,唐,gaoli_index,大寶積經/卷75,96,raw\大寶積經\大寶積經__juan_0096.txt,clean\大寶積經\大寶積經__juan_0096.txt,7445,7445
高麗版大藏經,大寶積經,大寶積經,大寶積經,菩提流志,唐,gaoli_index,大寶積經/卷76,97,raw\大寶積經\大寶積經__juan_0097.txt,clean\大寶積經\大寶積經__juan_0097.txt,10070,10070
高麗版大藏經,大寶積經,大寶積經,大寶積經,菩提流志,唐,gaoli_index,大寶積經/卷77,98,raw\大寶積經\大寶積經__juan_0098.txt,clean\大寶積經\大寶積經__juan_0098.txt,13845,13845
高麗版大藏經,大寶積經,大寶積經,大寶積經,菩提流志,唐,gaoli_index,大寶積經/卷78,99,raw\大寶積經\大寶積經__juan_0099.txt,clean\大寶積經\大寶積經__juan_0099.txt,10641,10641
高麗版大藏經,大寶積經,大寶積經,大寶積經,菩提流志,唐,gaoli_index,大寶積經/卷79,100,raw\大寶積經\大寶積經__juan_0100.txt,clean\大寶積經\大寶積經__juan_0100.txt,11105,11105
高麗版大藏經,大寶積經,大寶積經,大寶積經,菩提流志,唐,gaoli_index,大寶積經/卷80,101,raw\大寶積經\大寶積經__juan_0101.txt,clean\大寶積經\大寶積經__juan_0101.txt,12350,12350
高麗版大藏經,大寶積經,大寶積經,大寶積經,菩提流志,唐,gaoli_index,大寶積經/卷81,102,raw\大寶積經\大寶積經__juan_0102.txt,clean\大寶積經\大寶積經__juan_0102.txt,11166,11166
高麗版大藏經,大寶積經,大寶積經,大寶積經,菩提流志,唐,gaoli_index,大寶積經/卷82,103,raw\大寶積經\大寶積經__juan_0103.txt,clean\大寶積經\大寶積經__juan_0103.txt,13914,13914
高麗版大藏經,大寶積經,大寶積經,大寶積經,菩提流志,唐,gaoli_index,大寶積經/卷83,104,raw\大寶積經\大寶積經__juan_0104.txt,clean\大寶積經\大寶積經__juan_0104.txt,4267,4267
高麗版大藏經,大寶積經,大寶積經,大寶積經,菩提流志,唐,gaoli_index,大寶積經/卷84,105,raw\大寶積經\大寶積經__juan_0105.txt,clean\大寶積經\大寶積經__juan_0105.txt,4926,4926
高麗版大藏經,大寶積經,大寶積經,大寶積經,菩提流志,唐,gaoli_index,大寶積經/卷85,106,raw\大寶積經\大寶積經__juan_0106.txt,clean\大寶積經\大寶積經__juan_0106.txt,9326,9326
高麗版大藏經,大寶積經,大寶積經,大寶積經,菩提流志,唐,gaoli_index,大寶積經/卷86,107,raw\大寶積經\大寶積經__juan_0107.txt,clean\大寶積經\大寶積經__juan_0107.txt,7517,7517
高麗版大藏經,大寶積經,大寶積經,大寶積經,菩提流志,唐,gaoli_index,大寶積經/卷87,108,raw\大寶積經\大寶積經__juan_0108.txt,clean\大寶積經\大寶積經__juan_0108.txt,6638,6638
高麗版大藏經,大寶積經,大寶積經,大寶積經,菩提流志,唐,gaoli_index,大寶積經/卷88,109,raw\大寶積經\大寶積經__juan_0109.txt,clean\大寶積經\大寶積經__juan_0109.txt,9886,9886
高麗版大藏經,大寶積經,大寶積經,大寶積經,菩提流志,唐,gaoli_index,大寶積經/卷89,110,raw\大寶積經\大寶積經__juan_0110.txt,clean\大寶積經\大寶積經__juan_0110.txt,11255,11255
高麗版大藏經,大寶積經,大寶積經,大寶積經,菩提流志,唐,gaoli_index,大寶積經/卷90,111,raw\大寶積經\大寶積經__juan_0111.txt,clean\大寶積經\大寶積經__juan_0111.txt,8274,8274
高麗版大藏經,大寶積經,大寶積經,大寶積經,菩提流志,唐,gaoli_index,大寶積經/卷91,112,raw\大寶積經\大寶積經__juan_0112.txt,clean\大寶積經\大寶積經__juan_0112.txt,6608,6608
高麗版大藏經,大寶積經,大寶積經,大寶積經,菩提流志,唐,gaoli_index,大寶積經/卷92,113,raw\大寶積經\大寶積經__juan_0113.txt,clean\大寶積經\大寶積經__juan_0113.txt,7842,7842
高麗版大藏經,大寶積經,大寶積經,大寶積經,菩提流志,唐,gaoli_index,大寶積經/卷93,114,raw\大寶積經\大寶積經__juan_0114.txt,clean\大寶積經\大寶積經__juan_0114.txt,6943,6943
高麗版大藏經,大寶積經,大寶積經,大寶積經,菩提流志,唐,gaoli_index,大寶積經/卷94,115,raw\大寶積經\大寶積經__juan_0115.txt,clean\大寶積經\大寶積經__juan_0115.txt,6380,6380
高麗版大藏經,大寶積經,大寶積經,大寶積經,菩提流志,唐,gaoli_index,大寶積經/卷95,116,raw\大寶積經\大寶積經__juan_0116.txt,clean\大寶積經\大寶積經__juan_0116.txt,5226,5226
高麗版大藏經,大寶積經,大寶積經,大寶積經,菩提流志,唐,gaoli_index,大寶積經/卷96,117,raw\大寶積經\大寶積經__juan_0117.txt,clean\大寶積經\大寶積經__juan_0117.txt,4826,4826
高麗版大藏經,大寶積經,大寶積經,大寶積經,菩提流志,唐,gaoli_index,大寶積經/卷97,118,raw\大寶積經\大寶積經__juan_0118.txt,clean\大寶積經\大寶積經__juan_0118.txt,6173,6173
高麗版大藏經,大寶積經,大寶積經,大寶積經,菩提流志,唐,gaoli_index,大寶積經/卷98,119,raw\大寶積經\大寶積經__juan_0119.txt,clean\大寶積經\大寶積經__juan_0119.txt,4728,4728
高麗版大藏經,大寶積經,大寶積經,大寶積經,菩提流志,唐,gaoli_index,大寶積經/卷99,120,raw\大寶積經\大寶積經__juan_0120.txt,clean\大寶積經\大寶積經__juan_0120.txt,8679,8679
高麗版大藏經,佛說無量清淨平等覺經,佛說無量清淨平等覺經,佛說無量清淨平等覺經,支婁迦讖,後漢,gaoli_index,佛說無量清淨平等覺經/1,1,raw\佛說無量清淨平等覺經\佛說無量清淨平等覺經__juan_0001.txt,clean\佛說無量清淨平等覺經\佛說無量清淨平等覺經__juan_0001.txt,8991,8991
高麗版大藏經,佛說無量清淨平等覺經,佛說無量清淨平等覺經,佛說無量清淨平等覺經,支婁迦讖,後漢,gaoli_index,佛說無量清淨平等覺經/2,2,raw\佛說無量清淨平等覺經\佛說無量清淨平等覺經__juan_0002.txt,clean\佛說無量清淨平等覺經\佛說無量清淨平等覺經__juan_0002.txt,9599,9599
高麗版大藏經,佛說無量清淨平等覺經,佛說無量清淨平等覺經,佛說無量清淨平等覺經,支婁迦讖,後漢,gaoli_index,佛說無量清淨平等覺經/3,3,raw\佛說無量清淨平等覺經\佛說無量清淨平等覺經__juan_0003.txt,clean\佛說無量清淨平等覺經\佛說無量清淨平等覺經__juan_0003.txt,8592,8592
高麗版大藏經,佛說無量清淨平等覺經,佛說無量清淨平等覺經,佛說無量清淨平等覺經,支婁迦讖,後漢,gaoli_index,佛說無量清淨平等覺經/4,4,raw\佛說無量清淨平等覺經\佛說無量清淨平等覺經__juan_0004.txt,clean\佛說無量清淨平等覺經\佛說無量清淨平等覺經__juan_0004.txt,7415,7415
高麗版大藏經,阿閦佛國經,阿閦佛國經,阿閦佛國經,支婁迦讖,後漢,gaoli_index,阿閦佛國經/01,1,raw\阿閦佛國經\阿閦佛國經__juan_0001.txt,clean\阿閦佛國經\阿閦佛國經__juan_0001.txt,11556,11556
高麗版大藏經,阿閦佛國經,阿閦佛國經,阿閦佛國經,支婁迦讖,後漢,gaoli_index,阿閦佛國經/02,2,raw\阿閦佛國經\阿閦佛國經__juan_0002.txt,clean\阿閦佛國經\阿閦佛國經__juan_0002.txt,10433,10433
高麗版大藏經,聖善住意天子所問經,聖善住意天子所問經,聖善住意天子所問經,毗目智仙、般若流支,元魏,gaoli_index,聖善住意天子所問經/01,1,raw\聖善住意天子所問經\聖善住意天子所問經__juan_0001.txt,clean\聖善住意天子所問經\聖善住意天子所問經__juan_0001.txt,10350,10350
高麗版大藏經,聖善住意天子所問經,聖善住意天子所問經,聖善住意天子所問經,毗目智仙、般若流支,元魏,gaoli_index,聖善住意天子所問經/02,2,raw\聖善住意天子所問經\聖善住意天子所問經__juan_0002.txt,clean\聖善住意天子所問經\聖善住意天子所問經__juan_0002.txt,11192,11192
高麗版大藏經,聖善住意天子所問經,聖善住意天子所問經,聖善住意天子所問經,毗目智仙、般若流支,元魏,gaoli_index,聖善住意天子所問經/03,3,raw\聖善住意天子所問經\聖善住意天子所問經__juan_0003.txt,clean\聖善住意天子所問經\聖善住意天子所問經__juan_0003.txt,11438,11438
高麗版大藏經,大方等大集經,大方等大集經,大方等大集經,曇無讖,北涼,gaoli_index,大方等大集經/卷01,1,raw\大方等大集經\大方等大集經__juan_0001.txt,clean\大方等大集經\大方等大集經__juan_0001.txt,12671,12671
高麗版大藏經,大方等大集經,大方等大集經,大方等大集經,曇無讖,北涼,gaoli_index,大方等大集經/卷02,2,raw\大方等大集經\大方等大集經__juan_0002.txt,clean\大方等大集經\大方等大集經__juan_0002.txt,8978,8978
高麗版大藏經,大方等大集經,大方等大集經,大方等大集經,曇無讖,北涼,gaoli_index,大方等大集經/卷03,3,raw\大方等大集經\大方等大集經__juan_0003.txt,clean\大方等大集經\大方等大集經__juan_0003.txt,12653,12653
高麗版大藏經,大方等大集經,大方等大集經,大方等大集經,曇無讖,北涼,gaoli_index,大方等大集經/卷04,4,raw\大方等大集經\大方等大集經__juan_0004.txt,clean\大方等大集經\大方等大集經__juan_0004.txt,10339,10339
高麗版大藏經,大方等大集經,大方等大集經,大方等大集經,曇無讖,北涼,gaoli_index,大方等大集經/卷05,5,raw\大方等大集經\大方等大集經__juan_0005.txt,clean\大方等大集經\大方等大集經__juan_0005.txt,8790,8790
高麗版大藏經,大方等大集經,大方等大集經,大方等大集經,曇無讖,北涼,gaoli_index,大方等大集經/卷06,6,raw\大方等大集經\大方等大集經__juan_0006.txt,clean\大方等大集經\大方等大集經__juan_0006.txt,11147,11147
高麗版大藏經,大方等大集經,大方等大集經,大方等大集經,曇無讖,北涼,gaoli_index,大方等大集經/卷07,7,raw\大方等大集經\大方等大集經__juan_0007.txt,clean\大方等大集經\大方等大集經__juan_0007.txt,9875,9875
高麗版大藏經,大方等大集經,大方等大集經,大方等大集經,曇無讖,北涼,gaoli_index,大方等大集經/卷08,8,raw\大方等大集經\大方等大集經__juan_0008.txt,clean\大方等大集經\大方等大集經__juan_0008.txt,10024,10024
高麗版大藏經,大方等大集經,大方等大集經,大方等大集經,曇無讖,北涼,gaoli_index,大方等大集經/卷09,9,raw\大方等大集經\大方等大集經__juan_0009.txt,clean\大方等大集經\大方等大集經__juan_0009.txt,12996,12996
高麗版大藏經,大方等大集經,大方等大集經,大方等大集經,曇無讖,北涼,gaoli_index,大方等大集經/卷10,10,raw\大方等大集經\大方等大集經__juan_0010.txt,clean\大方等大集經\大方等大集經__juan_0010.txt,11486,11486
高麗版大藏經,大方等大集經,大方等大集經,大方等大集經,曇無讖,北涼,gaoli_index,大方等大集經/卷11,11,raw\大方等大集經\大方等大集經__juan_0011.txt,clean\大方等大集經\大方等大集經__juan_0011.txt,12109,12109
高麗版大藏經,大方等大集經,大方等大集經,大方等大集經,曇無讖,北涼,gaoli_index,大方等大集經/卷12,12,raw\大方等大集經\大方等大集經__juan_0012.txt,clean\大方等大集經\大方等大集經__juan_0012.txt,14984,14984
高麗版大藏經,大方等大集經,大方等大集經,大方等大集經,曇無讖,北涼,gaoli_index,大方等大集經/卷13,13,raw\大方等大集經\大方等大集經__juan_0013.txt,clean\大方等大集經\大方等大集經__juan_0013.txt,15173,15173
高麗版大藏經,大方等大集經,大方等大集經,大方等大集經,曇無讖,北涼,gaoli_index,大方等大集經/卷14,14,raw\大方等大集經\大方等大集經__juan_0014.txt,clean\大方等大集經\大方等大集經__juan_0014.txt,11549,11549
高麗版大藏經,大方等大集經,大方等大集經,大方等大集經,曇無讖,北涼,gaoli_index,大方等大集經/卷15,15,raw\大方等大集經\大方等大集經__juan_0015.txt,clean\大方等大集經\大方等大集經__juan_0015.txt,12680,12680
高麗版大藏經,大方等大集經,大方等大集經,大方等大集經,曇無讖,北涼,gaoli_index,大方等大集經/卷16,16,raw\大方等大集經\大方等大集經__juan_0016.txt,clean\大方等大集經\大方等大集經__juan_0016.txt,10247,10247
高麗版大藏經,大方等大集經,大方等大集經,大方等大集經,曇無讖,北涼,gaoli_index,大方等大集經/卷17,17,raw\大方等大集經\大方等大集經__juan_0017.txt,clean\大方等大集經\大方等大集經__juan_0017.txt,12613,12613
高麗版大藏經,大方等大集經,大方等大集經,大方等大集經,曇無讖,北涼,gaoli_index,大方等大集經/卷18,18,raw\大方等大集經\大方等大集經__juan_0018.txt,clean\大方等大集經\大方等大集經__juan_0018.txt,10008,10008
高麗版大藏經,大方等大集經,大方等大集經,大方等大集經,曇無讖,北涼,gaoli_index,大方等大集經/卷19,19,raw\大方等大集經\大方等大集經__juan_0019.txt,clean\大方等大集經\大方等大集經__juan_0019.txt,14507,14507
高麗版大藏經,大方等大集經,大方等大集經,大方等大集經,曇無讖,北涼,gaoli_index,大方等大集經/卷20,20,raw\大方等大集經\大方等大集經__juan_0020.txt,clean\大方等大集經\大方等大集經__juan_0020.txt,10269,10269
高麗版大藏經,大方等大集經,大方等大集經,大方等大集經,曇無讖,北涼,gaoli_index,大方等大集經/卷21,21,raw\大方等大集經\大方等大集經__juan_0021.txt,clean\大方等大集經\大方等大集經__juan_0021.txt,19413,19413
高麗版大藏經,大方等大集經,大方等大集經,大方等大集經,曇無讖,北涼,gaoli_index,大方等大集經/卷22,22,raw\大方等大集經\大方等大集經__juan_0022.txt,clean\大方等大集經\大方等大集經__juan_0022.txt,15227,15227
高麗版大藏經,大方等大集經,大方等大集經,大方等大集經,曇無讖,北涼,gaoli_index,大方等大集經/卷23,23,raw\大方等大集經\大方等大集經__juan_0023.txt,clean\大方等大集經\大方等大集經__juan_0023.txt,11096,11096
高麗版大藏經,大方等大集經,大方等大集經,大方等大集經,曇無讖,北涼,gaoli_index,大方等大集經/卷24,24,raw\大方等大集經\大方等大集經__juan_0024.txt,clean\大方等大集經\大方等大集經__juan_0024.txt,7257,7257
高麗版大藏經,大方等大集經,大方等大集經,大方等大集經,曇無讖,北涼,gaoli_index,大方等大集經/卷25,25,raw\大方等大集經\大方等大集經__juan_0025.txt,clean\大方等大集經\大方等大集經__juan_0025.txt,9032,9032
高麗版大藏經,大方等大集經,大方等大集經,大方等大集經,曇無讖,北涼,gaoli_index,大方等大集經/卷26,26,raw\大方等大集經\大方等大集經__juan_0026.txt,clean\大方等大集經\大方等大集經__juan_0026.txt,8294,8294
高麗版大藏經,大方等大集經,大方等大集經,大方等大集經,曇無讖,北涼,gaoli_index,大方等大集經/卷27,27,raw\大方等大集經\大方等大集經__juan_0027.txt,clean\大方等大集經\大方等大集經__juan_0027.txt,12936,12936
高麗版大藏經,大方等大集經,大方等大集經,大方等大集經,曇無讖,北涼,gaoli_index,大方等大集經/卷28,28,raw\大方等大集經\大方等大集經__juan_0028.txt,clean\大方等大集經\大方等大集經__juan_0028.txt,11978,11978
高麗版大藏經,大方等大集經,大方等大集經,大方等大集經,曇無讖,北涼,gaoli_index,大方等大集經/卷29,29,raw\大方等大集經\大方等大集經__juan_0029.txt,clean\大方等大集經\大方等大集經__juan_0029.txt,10119,10119
高麗版大藏經,大方等大集經,大方等大集經,大方等大集經,曇無讖,北涼,gaoli_index,大方等大集經/卷30,30,raw\大方等大集經\大方等大集經__juan_0030.txt,clean\大方等大集經\大方等大集經__juan_0030.txt,12466,12466
高麗版大藏經,大方等大集經,大方等大集經,大方等大集經,曇無讖,北涼,gaoli_index,大方等大集經/卷31,31,raw\大方等大集經\大方等大集經__juan_0031.txt,clean\大方等大集經\大方等大集經__juan_0031.txt,10175,10175
高麗版大藏經,大方等大集經,大方等大集經,大方等大集經,曇無讖,北涼,gaoli_index,大方等大集經/卷32,32,raw\大方等大集經\大方等大集經__juan_0032.txt,clean\大方等大集經\大方等大集經__juan_0032.txt,9575,9575
高麗版大藏經,大方等大集經,大方等大集經,大方等大集經,曇無讖,北涼,gaoli_index,大方等大集經/卷33,33,raw\大方等大集經\大方等大集經__juan_0033.txt,clean\大方等大集經\大方等大集經__juan_0033.txt,11785,11785
高麗版大藏經,大方等大集經,大方等大集經,大方等大集經,曇無讖,北涼,gaoli_index,大方等大集經/卷34,34,raw\大方等大集經\大方等大集經__juan_0034.txt,clean\大方等大集經\大方等大集經__juan_0034.txt,9693,9693
高麗版大藏經,大方等大集經,大方等大集經,大方等大集經,曇無讖,北涼,gaoli_index,大方等大集經/卷35,35,raw\大方等大集經\大方等大集經__juan_0035.txt,clean\大方等大集經\大方等大集經__juan_0035.txt,10307,10307
高麗版大藏經,大方等大集經,大方等大集經,大方等大集經,曇無讖,北涼,gaoli_index,大方等大集經/卷36,36,raw\大方等大集經\大方等大集經__juan_0036.txt,clean\大方等大集經\大方等大集經__juan_0036.txt,8769,8769
高麗版大藏經,大方等大集經,大方等大集經,大方等大集經,曇無讖,北涼,gaoli_index,大方等大集經/卷37,37,raw\大方等大集經\大方等大集經__juan_0037.txt,clean\大方等大集經\大方等大集經__juan_0037.txt,8710,8710
高麗版大藏經,大方等大集經,大方等大集經,大方等大集經,曇無讖,北涼,gaoli_index,大方等大集經/卷38,38,raw\大方等大集經\大方等大集經__juan_0038.txt,clean\大方等大集經\大方等大集經__juan_0038.txt,11441,11441
高麗版大藏經,大方等大集經,大方等大集經,大方等大集經,曇無讖,北涼,gaoli_index,大方等大集經/卷39,39,raw\大方等大集經\大方等大集經__juan_0039.txt,clean\大方等大集經\大方等大集經__juan_0039.txt,8195,8195
高麗版大藏經,大方等大集經,大方等大集經,大方等大集經,曇無讖,北涼,gaoli_index,大方等大集經/卷40,40,raw\大方等大集經\大方等大集經__juan_0040.txt,clean\大方等大集經\大方等大集經__juan_0040.txt,6646,6646
高麗版大藏經,大方等大集經,大方等大集經,大方等大集經,曇無讖,北涼,gaoli_index,大方等大集經/卷41,41,raw\大方等大集經\大方等大集經__juan_0041.txt,clean\大方等大集經\大方等大集經__juan_0041.txt,8338,8338
高麗版大藏經,大方等大集經,大方等大集經,大方等大集經,曇無讖,北涼,gaoli_index,大方等大集經/卷42,42,raw\大方等大集經\大方等大集經__juan_0042.txt,clean\大方等大集經\大方等大集經__juan_0042.txt,10454,10454
高麗版大藏經,大方等大集經,大方等大集經,大方等大集經,曇無讖,北涼,gaoli_index,大方等大集經/卷43,43,raw\大方等大集經\大方等大集經__juan_0043.txt,clean\大方等大集經\大方等大集經__juan_0043.txt,10644,10644
高麗版大藏經,大方等大集經,大方等大集經,大方等大集經,曇無讖,北涼,gaoli_index,大方等大集經/卷44,44,raw\大方等大集經\大方等大集經__juan_0044.txt,clean\大方等大集經\大方等大集經__juan_0044.txt,6874,6874
高麗版大藏經,大方等大集經,大方等大集經,大方等大集經,曇無讖,北涼,gaoli_index,大方等大集經/卷45,45,raw\大方等大集經\大方等大集經__juan_0045.txt,clean\大方等大集經\大方等大集經__juan_0045.txt,7089,7089
高麗版大藏經,大方等大集經,大方等大集經,大方等大集經,曇無讖,北涼,gaoli_index,大方等大集經/卷46,46,raw\大方等大集經\大方等大集經__juan_0046.txt,clean\大方等大集經\大方等大集經__juan_0046.txt,8967,8967
高麗版大藏經,大方等大集經,大方等大集經,大方等大集經,曇無讖,北涼,gaoli_index,大方等大集經/卷47,47,raw\大方等大集經\大方等大集經__juan_0047.txt,clean\大方等大集經\大方等大集經__juan_0047.txt,12227,12227
高麗版大藏經,大方等大集經,大方等大集經,大方等大集經,曇無讖,北涼,gaoli_index,大方等大集經/卷48,48,raw\大方等大集經\大方等大集經__juan_0048.txt,clean\大方等大集經\大方等大集經__juan_0048.txt,11158,11158
高麗版大藏經,大方等大集經,大方等大集經,大方等大集經,曇無讖,北涼,gaoli_index,大方等大集經/卷49,49,raw\大方等大集經\大方等大集經__juan_0049.txt,clean\大方等大集經\大方等大集經__juan_0049.txt,8855,8855
高麗版大藏經,大方等大集經,大方等大集經,大方等大集經,曇無讖,北涼,gaoli_index,大方等大集經/卷50,50,raw\大方等大集經\大方等大集經__juan_0050.txt,clean\大方等大集經\大方等大集經__juan_0050.txt,20233,20233
高麗版大藏經,大方等大集經,大方等大集經,大方等大集經,曇無讖,北涼,gaoli_index,大方等大集經/卷51,51,raw\大方等大集經\大方等大集經__juan_0051.txt,clean\大方等大集經\大方等大集經__juan_0051.txt,10501,10501
高麗版大藏經,大方等大集經,大方等大集經,大方等大集經,曇無讖,北涼,gaoli_index,大方等大集經/卷52,52,raw\大方等大集經\大方等大集經__juan_0052.txt,clean\大方等大集經\大方等大集經__juan_0052.txt,11976,11976
高麗版大藏經,大方等大集經,大方等大集經,大方等大集經,曇無讖,北涼,gaoli_index,大方等大集經/卷53,53,raw\大方等大集經\大方等大集經__juan_0053.txt,clean\大方等大集經\大方等大集經__juan_0053.txt,8480,8480
高麗版大藏經,大方等大集經,大方等大集經,大方等大集經,曇無讖,北涼,gaoli_index,大方等大集經/卷54,54,raw\大方等大集經\大方等大集經__juan_0054.txt,clean\大方等大集經\大方等大集經__juan_0054.txt,8031,8031
高麗版大藏經,大方等大集經,大方等大集經,大方等大集經,曇無讖,北涼,gaoli_index,大方等大集經/卷55,55,raw\大方等大集經\大方等大集經__juan_0055.txt,clean\大方等大集經\大方等大集經__juan_0055.txt,12654,12654
高麗版大藏經,大方等大集經,大方等大集經,大方等大集經,曇無讖,北涼,gaoli_index,大方等大集經/卷56,56,raw\大方等大集經\大方等大集經__juan_0056.txt,clean\大方等大集經\大方等大集經__juan_0056.txt,15632,15632
高麗版大藏經,大方等大集經,大方等大集經,大方等大集經,曇無讖,北涼,gaoli_index,大方等大集經/卷57,57,raw\大方等大集經\大方等大集經__juan_0057.txt,clean\大方等大集經\大方等大集經__juan_0057.txt,10315,10315
高麗版大藏經,大方等大集經,大方等大集經,大方等大集經,曇無讖,北涼,gaoli_index,大方等大集經/卷58,58,raw\大方等大集經\大方等大集經__juan_0058.txt,clean\大方等大集經\大方等大集經__juan_0058.txt,9560,9560
高麗版大藏經,大方等大集經,大方等大集經,大方等大集經,曇無讖,北涼,gaoli_index,大方等大集經/卷59,59,raw\大方等大集經\大方等大集經__juan_0059.txt,clean\大方等大集經\大方等大集經__juan_0059.txt,11358,11358
高麗版大藏經,大方等大集經,大方等大集經,大方等大集經,曇無讖,北涼,gaoli_index,大方等大集經/卷60,60,raw\大方等大集經\大方等大集經__juan_0060.txt,clean\大方等大集經\大方等大集經__juan_0060.txt,9865,9865
高麗版大藏經,大乘大集地藏十輪經,大乘大集地藏十輪經,大乘大集地藏十輪經,玄奘,唐,gaoli_index,大乘大集地藏十輪經/卷01,1,raw\大乘大集地藏十輪經\大乘大集地藏十輪經__juan_0001.txt,clean\大乘大集地藏十輪經\大乘大集地藏十輪經__juan_0001.txt,13015,13015
高麗版大藏經,大乘大集地藏十輪經,大乘大集地藏十輪經,大乘大集地藏十輪經,玄奘,唐,gaoli_index,大乘大集地藏十輪經/卷02,2,raw\大乘大集地藏十輪經\大乘大集地藏十輪經__juan_0002.txt,clean\大乘大集地藏十輪經\大乘大集地藏十輪經__juan_0002.txt,11320,11320
高麗版大藏經,大乘大集地藏十輪經,大乘大集地藏十輪經,大乘大集地藏十輪經,玄奘,唐,gaoli_index,大乘大集地藏十輪經/卷03,3,raw\大乘大集地藏十輪經\大乘大集地藏十輪經__juan_0003.txt,clean\大乘大集地藏十輪經\大乘大集地藏十輪經__juan_0003.txt,8034,8034
高麗版大藏經,大乘大集地藏十輪經,大乘大集地藏十輪經,大乘大集地藏十輪經,玄奘,唐,gaoli_index,大乘大集地藏十輪經/卷04,4,raw\大乘大集地藏十輪經\大乘大集地藏十輪經__juan_0004.txt,clean\大乘大集地藏十輪經\大乘大集地藏十輪經__juan_0004.txt,9270,9270
高麗版大藏經,大乘大集地藏十輪經,大乘大集地藏十輪經,大乘大集地藏十輪經,玄奘,唐,gaoli_index,大乘大集地藏十輪經/卷05,5,raw\大乘大集地藏十輪經\大乘大集地藏十輪經__juan_0005.txt,clean\大乘大集地藏十輪經\大乘大集地藏十輪經__juan_0005.txt,9856,9856
高麗版大藏經,大乘大集地藏十輪經,大乘大集地藏十輪經,大乘大集地藏十輪經,玄奘,唐,gaoli_index,大乘大集地藏十輪經/卷06,6,raw\大乘大集地藏十輪經\大乘大集地藏十輪經__juan_0006.txt,clean\大乘大集地藏十輪經\大乘大集地藏十輪經__juan_0006.txt,8744,8744
高麗版大藏經,大乘大集地藏十輪經,大乘大集地藏十輪經,大乘大集地藏十輪經,玄奘,唐,gaoli_index,大乘大集地藏十輪經/卷07,7,raw\大乘大集地藏十輪經\大乘大集地藏十輪經__juan_0007.txt,clean\大乘大集地藏十輪經\大乘大集地藏十輪經__juan_0007.txt,9287,9287
高麗版大藏經,大乘大集地藏十輪經,大乘大集地藏十輪經,大乘大集地藏十輪經,玄奘,唐,gaoli_index,大乘大集地藏十輪經/卷08,8,raw\大乘大集地藏十輪經\大乘大集地藏十輪經__juan_0008.txt,clean\大乘大集地藏十輪經\大乘大集地藏十輪經__juan_0008.txt,8287,8287
高麗版大藏經,大乘大集地藏十輪經,大乘大集地藏十輪經,大乘大集地藏十輪經,玄奘,唐,gaoli_index,大乘大集地藏十輪經/卷09,9,raw\大乘大集地藏十輪經\大乘大集地藏十輪經__juan_0009.txt,clean\大乘大集地藏十輪經\大乘大集地藏十輪經__juan_0009.txt,8883,8883
高麗版大藏經,大乘大集地藏十輪經,大乘大集地藏十輪經,大乘大集地藏十輪經,玄奘,唐,gaoli_index,大乘大集地藏十輪經/卷10,10,raw\大乘大集地藏十輪經\大乘大集地藏十輪經__juan_0010.txt,clean\大乘大集地藏十輪經\大乘大集地藏十輪經__juan_0010.txt,8320,8320
高麗版大藏經,大方廣十輪經,大方廣十輪經,大方廣十輪經,北涼錄,失譯,gaoli_index,大方廣十輪經/卷01,1,raw\大方廣十輪經\大方廣十輪經__juan_0001.txt,clean\大方廣十輪經\大方廣十輪經__juan_0001.txt,8180,8180
高麗版大藏經,大方廣十輪經,大方廣十輪經,大方廣十輪經,北涼錄,失譯,gaoli_index,大方廣十輪經/卷02,2,raw\大方廣十輪經\大方廣十輪經__juan_0002.txt,clean\大方廣十輪經\大方廣十輪經__juan_0002.txt,7082,7082
高麗版大藏經,大方廣十輪經,大方廣十輪經,大方廣十輪經,北涼錄,失譯,gaoli_index,大方廣十輪經/卷03,3,raw\大方廣十輪經\大方廣十輪經__juan_0003.txt,clean\大方廣十輪經\大方廣十輪經__juan_0003.txt,9201,9201
高麗版大藏經,大方廣十輪經,大方廣十輪經,大方廣十輪經,北涼錄,失譯,gaoli_index,大方廣十輪經/卷04,4,raw\大方廣十輪經\大方廣十輪經__juan_0004.txt,clean\大方廣十輪經\大方廣十輪經__juan_0004.txt,8731,8731
高麗版大藏經,大方廣十輪經,大方廣十輪經,大方廣十輪經,北涼錄,失譯,gaoli_index,大方廣十輪經/卷05,5,raw\大方廣十輪經\大方廣十輪經__juan_0005.txt,clean\大方廣十輪經\大方廣十輪經__juan_0005.txt,5630,5630
高麗版大藏經,大方廣十輪經,大方廣十輪經,大方廣十輪經,北涼錄,失譯,gaoli_index,大方廣十輪經/卷06,6,raw\大方廣十輪經\大方廣十輪經__juan_0006.txt,clean\大方廣十輪經\大方廣十輪經__juan_0006.txt,7456,7456
高麗版大藏經,大方廣十輪經,大方廣十輪經,大方廣十輪經,北涼錄,失譯,gaoli_index,大方廣十輪經/卷07,7,raw\大方廣十輪經\大方廣十輪經__juan_0007.txt,clean\大方廣十輪經\大方廣十輪經__juan_0007.txt,7395,7395
高麗版大藏經,大方廣十輪經,大方廣十輪經,大方廣十輪經,北涼錄,失譯,gaoli_index,大方廣十輪經/卷08,8,raw\大方廣十輪經\大方廣十輪經__juan_0008.txt,clean\大方廣十輪經\大方廣十輪經__juan_0008.txt,6358,6358
高麗版大藏經,大方等大集經菩薩念佛三昧分,大方等大集經菩薩念佛三昧分,大方等大集經菩薩念佛三昧分,達磨笈多,隋,gaoli_index,大方等大集經菩薩念佛三昧分/卷01,1,raw\大方等大集經菩薩念佛三昧分\大方等大集經菩薩念佛三昧分__juan_0001.txt,clean\大方等大集經菩薩念佛三昧分\大方等大集經菩薩念佛三昧分__juan_0001.txt,7005,7005
高麗版大藏經,大方等大集經菩薩念佛三昧分,大方等大集經菩薩念佛三昧分,大方等大集經菩薩念佛三昧分,達磨笈多,隋,gaoli_index,大方等大集經菩薩念佛三昧分/卷02,2,raw\大方等大集經菩薩念佛三昧分\大方等大集經菩薩念佛三昧分__juan_0002.txt,clean\大方等大集經菩薩念佛三昧分\大方等大集經菩薩念佛三昧分__juan_0002.txt,6320,6320
高麗版大藏經,大方等大集經菩薩念佛三昧分,大方等大集經菩薩念佛三昧分,大方等大集經菩薩念佛三昧分,達磨笈多,隋,gaoli_index,大方等大集經菩薩念佛三昧分/卷03,3,raw\大方等大集經菩薩念佛三昧分\大方等大集經菩薩念佛三昧分__juan_0003.txt,clean\大方等大集經菩薩念佛三昧分\大方等大集經菩薩念佛三昧分__juan_0003.txt,7799,7799
高麗版大藏經,大方等大集經菩薩念佛三昧分,大方等大集經菩薩念佛三昧分,大方等大集經菩薩念佛三昧分,達磨笈多,隋,gaoli_index,大方等大集經菩薩念佛三昧分/卷04,4,raw\大方等大集經菩薩念佛三昧分\大方等大集經菩薩念佛三昧分__juan_0004.txt,clean\大方等大集經菩薩念佛三昧分\大方等大集經菩薩念佛三昧分__juan_0004.txt,7215,7215
高麗版大藏經,大方等大集經菩薩念佛三昧分,大方等大集經菩薩念佛三昧分,大方等大集經菩薩念佛三昧分,達磨笈多,隋,gaoli_index,大方等大集經菩薩念佛三昧分/卷05,5,raw\大方等大集經菩薩念佛三昧分\大方等大集經菩薩念佛三昧分__juan_0005.txt,clean\大方等大集經菩薩念佛三昧分\大方等大集經菩薩念佛三昧分__juan_0005.txt,7005,7005
高麗版大藏經,大方等大集經菩薩念佛三昧分,大方等大集經菩薩念佛三昧分,大方等大集經菩薩念佛三昧分,達磨笈多,隋,gaoli_index,大方等大集經菩薩念佛三昧分/卷06,6,raw\大方等大集經菩薩念佛三昧分\大方等大集經菩薩念佛三昧分__juan_0006.txt,clean\大方等大集經菩薩念佛三昧分\大方等大集經菩薩念佛三昧分__juan_0006.txt,7060,7060
高麗版大藏經,大方等大集經菩薩念佛三昧分,大方等大集經菩薩念佛三昧分,大方等大集經菩薩念佛三昧分,達磨笈多,隋,gaoli_index,大方等大集經菩薩念佛三昧分/卷07,7,raw\大方等大集經菩薩念佛三昧分\大方等大集經菩薩念佛三昧分__juan_0007.txt,clean\大方等大集經菩薩念佛三昧分\大方等大集經菩薩念佛三昧分__juan_0007.txt,7388,7388
高麗版大藏經,大方等大集經菩薩念佛三昧分,大方等大集經菩薩念佛三昧分,大方等大集經菩薩念佛三昧分,達磨笈多,隋,gaoli_index,大方等大集經菩薩念佛三昧分/卷08,8,raw\大方等大集經菩薩念佛三昧分\大方等大集經菩薩念佛三昧分__juan_0008.txt,clean\大方等大集經菩薩念佛三昧分\大方等大集經菩薩念佛三昧分__juan_0008.txt,6246,6246
高麗版大藏經,大方等大集經菩薩念佛三昧分,大方等大集經菩薩念佛三昧分,大方等大集經菩薩念佛三昧分,達磨笈多,隋,gaoli_index,大方等大集經菩薩念佛三昧分/卷09,9,raw\大方等大集經菩薩念佛三昧分\大方等大集經菩薩念佛三昧分__juan_0009.txt,clean\大方等大集經菩薩念佛三昧分\大方等大集經菩薩念佛三昧分__juan_0009.txt,7664,7664
高麗版大藏經,大方等大集經菩薩念佛三昧分,大方等大集經菩薩念佛三昧分,大方等大集經菩薩念佛三昧分,達磨笈多,隋,gaoli_index,大方等大集經菩薩念佛三昧分/卷10,10,raw\大方等大集經菩薩念佛三昧分\大方等大集經菩薩念佛三昧分__juan_0010.txt,clean\大方等大集經菩薩念佛三昧分\大方等大集經菩薩念佛三昧分__juan_0010.txt,6408,6408
高麗版大藏經,大方等大集經賢護分,大方等大集經賢護分,大方等大集經賢護分,闍那崛多,隋,gaoli_index,大方等大集經賢護分/卷01,1,raw\大方等大集經賢護分\大方等大集經賢護分__juan_0001.txt,clean\大方等大集經賢護分\大方等大集經賢護分__juan_0001.txt,7923,7923
高麗版大藏經,大方等大集經賢護分,大方等大集經賢護分,大方等大集經賢護分,闍那崛多,隋,gaoli_index,大方等大集經賢護分/卷02,2,raw\大方等大集經賢護分\大方等大集經賢護分__juan_0002.txt,clean\大方等大集經賢護分\大方等大集經賢護分__juan_0002.txt,8344,8344
高麗版大藏經,大方等大集經賢護分,大方等大集經賢護分,大方等大集經賢護分,闍那崛多,隋,gaoli_index,大方等大集經賢護分/卷03,3,raw\大方等大集經賢護分\大方等大集經賢護分__juan_0003.txt,clean\大方等大集經賢護分\大方等大集經賢護分__juan_0003.txt,7893,7893
高麗版大藏經,大方等大集經賢護分,大方等大集經賢護分,大方等大集經賢護分,闍那崛多,隋,gaoli_index,大方等大集經賢護分/卷04,4,raw\大方等大集經賢護分\大方等大集經賢護分__juan_0004.txt,clean\大方等大集經賢護分\大方等大集經賢護分__juan_0004.txt,10306,10306
高麗版大藏經,大方等大集經賢護分,大方等大集經賢護分,大方等大集經賢護分,闍那崛多,隋,gaoli_index,大方等大集經賢護分/卷05,5,raw\大方等大集經賢護分\大方等大集經賢護分__juan_0005.txt,clean\大方等大集經賢護分\大方等大集經賢護分__juan_0005.txt,9751,9751
高麗版大藏經,大哀經,大哀經,大哀經,竺法護,西晉,gaoli_index,大哀經/卷一,1,raw\大哀經\大哀經__juan_0001.txt,clean\大哀經\大哀經__juan_0001.txt,7997,7997
高麗版大藏經,大哀經,大哀經,大哀經,竺法護,西晉,gaoli_index,大哀經/卷七,2,raw\大哀經\大哀經__juan_0002.txt,clean\大哀經\大哀經__juan_0002.txt,7474,7474
高麗版大藏經,大哀經,大哀經,大哀經,竺法護,西晉,gaoli_index,大哀經/卷三,3,raw\大哀經\大哀經__juan_0003.txt,clean\大哀經\大哀經__juan_0003.txt,9727,9727
高麗版大藏經,大哀經,大哀經,大哀經,竺法護,西晉,gaoli_index,大哀經/卷二,4,raw\大哀經\大哀經__juan_0004.txt,clean\大哀經\大哀經__juan_0004.txt,10175,10175
高麗版大藏經,大哀經,大哀經,大哀經,竺法護,西晉,gaoli_index,大哀經/卷五,5,raw\大哀經\大哀經__juan_0005.txt,clean\大哀經\大哀經__juan_0005.txt,7077,7077
高麗版大藏經,大哀經,大哀經,大哀經,竺法護,西晉,gaoli_index,大哀經/卷八,6,raw\大哀經\大哀經__juan_0006.txt,clean\大哀經\大哀經__juan_0006.txt,9495,9495
高麗版大藏經,大哀經,大哀經,大哀經,竺法護,西晉,gaoli_index,大哀經/卷六,7,raw\大哀經\大哀經__juan_0007.txt,clean\大哀經\大哀經__juan_0007.txt,8241,8241
高麗版大藏經,大哀經,大哀經,大哀經,竺法護,西晉,gaoli_index,大哀經/卷四,8,raw\大哀經\大哀經__juan_0008.txt,clean\大哀經\大哀經__juan_0008.txt,6400,6400
高麗版大藏經,佛說無言童子經,佛說無言童子經,佛說無言童子經,竺法護,西晉,gaoli_index,佛說無言童子經/卷01,1,raw\佛說無言童子經\佛說無言童子經__juan_0001.txt,clean\佛說無言童子經\佛說無言童子經__juan_0001.txt,10557,10557
高麗版大藏經,佛說無言童子經,佛說無言童子經,佛說無言童子經,竺法護,西晉,gaoli_index,佛說無言童子經/卷02,2,raw\佛說無言童子經\佛說無言童子經__juan_0002.txt,clean\佛說無言童子經\佛說無言童子經__juan_0002.txt,12045,12045
高麗版大藏經,佛說大般泥洹經,佛說大般泥洹經,佛說大般泥洹經,法顯,東晉,gaoli_index,佛說大般泥洹經/01,1,raw\佛說大般泥洹經\佛說大般泥洹經__juan_0001.txt,clean\佛說大般泥洹經\佛說大般泥洹經__juan_0001.txt,12927,12927
高麗版大藏經,佛說大般泥洹經,佛說大般泥洹經,佛說大般泥洹經,法顯,東晉,gaoli_index,佛說大般泥洹經/02,2,raw\佛說大般泥洹經\佛說大般泥洹經__juan_0002.txt,clean\佛說大般泥洹經\佛說大般泥洹經__juan_0002.txt,11671,11671
高麗版大藏經,佛說大般泥洹經,佛說大般泥洹經,佛說大般泥洹經,法顯,東晉,gaoli_index,佛說大般泥洹經/03,3,raw\佛說大般泥洹經\佛說大般泥洹經__juan_0003.txt,clean\佛說大般泥洹經\佛說大般泥洹經__juan_0003.txt,13110,13110
高麗版大藏經,佛說大般泥洹經,佛說大般泥洹經,佛說大般泥洹經,法顯,東晉,gaoli_index,佛說大般泥洹經/04,4,raw\佛說大般泥洹經\佛說大般泥洹經__juan_0004.txt,clean\佛說大般泥洹經\佛說大般泥洹經__juan_0004.txt,11509,11509
高麗版大藏經,佛說大般泥洹經,佛說大般泥洹經,佛說大般泥洹經,法顯,東晉,gaoli_index,佛說大般泥洹經/05,5,raw\佛說大般泥洹經\佛說大般泥洹經__juan_0005.txt,clean\佛說大般泥洹經\佛說大般泥洹經__juan_0005.txt,13355,13355
高麗版大藏經,佛說大般泥洹經,佛說大般泥洹經,佛說大般泥洹經,法顯,東晉,gaoli_index,佛說大般泥洹經/06,6,raw\佛說大般泥洹經\佛說大般泥洹經__juan_0006.txt,clean\佛說大般泥洹經\佛說大般泥洹經__juan_0006.txt,13857,13857
高麗版大藏經,大般涅槃經後分,大般涅槃經後分,大般涅槃經後分,若那跋陀羅,唐,gaoli_index,大般涅槃經後分/01,1,raw\大般涅槃經後分\大般涅槃經後分__juan_0001.txt,clean\大般涅槃經後分\大般涅槃經後分__juan_0001.txt,11919,11919
高麗版大藏經,大般涅槃經後分,大般涅槃經後分,大般涅槃經後分,若那跋陀羅,唐,gaoli_index,大般涅槃經後分/02,2,raw\大般涅槃經後分\大般涅槃經後分__juan_0002.txt,clean\大般涅槃經後分\大般涅槃經後分__juan_0002.txt,10305,10305
高麗版大藏經,佛說方等般泥洹經,佛說方等般泥洹經,佛說方等般泥洹經,竺法護,西晉,gaoli_index,佛說方等般泥洹經/01,1,raw\佛說方等般泥洹經\佛說方等般泥洹經__juan_0001.txt,clean\佛說方等般泥洹經\佛說方等般泥洹經__juan_0001.txt,13824,13824
高麗版大藏經,佛說方等般泥洹經,佛說方等般泥洹經,佛說方等般泥洹經,竺法護,西晉,gaoli_index,佛說方等般泥洹經/02,2,raw\佛說方等般泥洹經\佛說方等般泥洹經__juan_0002.txt,clean\佛說方等般泥洹經\佛說方等般泥洹經__juan_0002.txt,11530,11530
高麗版大藏經,四童子三昧經,四童子三昧經,四童子三昧經,闍那崛多,隋,gaoli_index,四童子三昧經/01,1,raw\四童子三昧經\四童子三昧經__juan_0001.txt,clean\四童子三昧經\四童子三昧經__juan_0001.txt,8121,8121
高麗版大藏經,四童子三昧經,四童子三昧經,四童子三昧經,闍那崛多,隋,gaoli_index,四童子三昧經/02,2,raw\四童子三昧經\四童子三昧經__juan_0002.txt,clean\四童子三昧經\四童子三昧經__juan_0002.txt,8669,8669
高麗版大藏經,四童子三昧經,四童子三昧經,四童子三昧經,闍那崛多,隋,gaoli_index,四童子三昧經/03,3,raw\四童子三昧經\四童子三昧經__juan_0003.txt,clean\四童子三昧經\四童子三昧經__juan_0003.txt,8211,8211
高麗版大藏經,方廣大莊嚴經,方廣大莊嚴經,方廣大莊嚴經,地婆訶羅,唐,gaoli_index,方廣大莊嚴經/01,1,raw\方廣大莊嚴經\方廣大莊嚴經__juan_0001.txt,clean\方廣大莊嚴經\方廣大莊嚴經__juan_0001.txt,10272,10272
高麗版大藏經,方廣大莊嚴經,方廣大莊嚴經,方廣大莊嚴經,地婆訶羅,唐,gaoli_index,方廣大莊嚴經/02,2,raw\方廣大莊嚴經\方廣大莊嚴經__juan_0002.txt,clean\方廣大莊嚴經\方廣大莊嚴經__juan_0002.txt,8429,8429
高麗版大藏經,方廣大莊嚴經,方廣大莊嚴經,方廣大莊嚴經,地婆訶羅,唐,gaoli_index,方廣大莊嚴經/03,3,raw\方廣大莊嚴經\方廣大莊嚴經__juan_0003.txt,clean\方廣大莊嚴經\方廣大莊嚴經__juan_0003.txt,10016,10016
高麗版大藏經,方廣大莊嚴經,方廣大莊嚴經,方廣大莊嚴經,地婆訶羅,唐,gaoli_index,方廣大莊嚴經/04,4,raw\方廣大莊嚴經\方廣大莊嚴經__juan_0004.txt,clean\方廣大莊嚴經\方廣大莊嚴經__juan_0004.txt,11106,11106
高麗版大藏經,方廣大莊嚴經,方廣大莊嚴經,方廣大莊嚴經,地婆訶羅,唐,gaoli_index,方廣大莊嚴經/05,5,raw\方廣大莊嚴經\方廣大莊嚴經__juan_0005.txt,clean\方廣大莊嚴經\方廣大莊嚴經__juan_0005.txt,9793,9793
高麗版大藏經,方廣大莊嚴經,方廣大莊嚴經,方廣大莊嚴經,地婆訶羅,唐,gaoli_index,方廣大莊嚴經/06,6,raw\方廣大莊嚴經\方廣大莊嚴經__juan_0006.txt,clean\方廣大莊嚴經\方廣大莊嚴經__juan_0006.txt,10048,10048
高麗版大藏經,方廣大莊嚴經,方廣大莊嚴經,方廣大莊嚴經,地婆訶羅,唐,gaoli_index,方廣大莊嚴經/07,7,raw\方廣大莊嚴經\方廣大莊嚴經__juan_0007.txt,clean\方廣大莊嚴經\方廣大莊嚴經__juan_0007.txt,7935,7935
高麗版大藏經,方廣大莊嚴經,方廣大莊嚴經,方廣大莊嚴經,地婆訶羅,唐,gaoli_index,方廣大莊嚴經/08,8,raw\方廣大莊嚴經\方廣大莊嚴經__juan_0008.txt,clean\方廣大莊嚴經\方廣大莊嚴經__juan_0008.txt,8695,8695
高麗版大藏經,方廣大莊嚴經,方廣大莊嚴經,方廣大莊嚴經,地婆訶羅,唐,gaoli_index,方廣大莊嚴經/09,9,raw\方廣大莊嚴經\方廣大莊嚴經__juan_0009.txt,clean\方廣大莊嚴經\方廣大莊嚴經__juan_0009.txt,10465,10465
高麗版大藏經,方廣大莊嚴經,方廣大莊嚴經,方廣大莊嚴經,地婆訶羅,唐,gaoli_index,方廣大莊嚴經/10,10,raw\方廣大莊嚴經\方廣大莊嚴經__juan_0010.txt,clean\方廣大莊嚴經\方廣大莊嚴經__juan_0010.txt,11446,11446
高麗版大藏經,方廣大莊嚴經,方廣大莊嚴經,方廣大莊嚴經,地婆訶羅,唐,gaoli_index,方廣大莊嚴經/11,11,raw\方廣大莊嚴經\方廣大莊嚴經__juan_0011.txt,clean\方廣大莊嚴經\方廣大莊嚴經__juan_0011.txt,9349,9349
高麗版大藏經,方廣大莊嚴經,方廣大莊嚴經,方廣大莊嚴經,地婆訶羅,唐,gaoli_index,方廣大莊嚴經/12,12,raw\方廣大莊嚴經\方廣大莊嚴經__juan_0012.txt,clean\方廣大莊嚴經\方廣大莊嚴經__juan_0012.txt,9150,9150
高麗版大藏經,佛說普曜經,佛說普曜經,佛說普曜經,竺法護,西晉,gaoli_index,佛說普曜經/卷一,1,raw\佛說普曜經\佛說普曜經__juan_0001.txt,clean\佛說普曜經\佛說普曜經__juan_0001.txt,8772,8772
高麗版大藏經,佛說普曜經,佛說普曜經,佛說普曜經,竺法護,西晉,gaoli_index,佛說普曜經/卷七,2,raw\佛說普曜經\佛說普曜經__juan_0002.txt,clean\佛說普曜經\佛說普曜經__juan_0002.txt,93,93
高麗版大藏經,佛說普曜經,佛說普曜經,佛說普曜經,竺法護,西晉,gaoli_index,佛說普曜經/卷三,3,raw\佛說普曜經\佛說普曜經__juan_0003.txt,clean\佛說普曜經\佛說普曜經__juan_0003.txt,93,93
高麗版大藏經,佛說普曜經,佛說普曜經,佛說普曜經,竺法護,西晉,gaoli_index,佛說普曜經/卷二,4,raw\佛說普曜經\佛說普曜經__juan_0004.txt,clean\佛說普曜經\佛說普曜經__juan_0004.txt,10770,10770
高麗版大藏經,佛說普曜經,佛說普曜經,佛說普曜經,竺法護,西晉,gaoli_index,佛說普曜經/卷五,5,raw\佛說普曜經\佛說普曜經__juan_0005.txt,clean\佛說普曜經\佛說普曜經__juan_0005.txt,93,93
高麗版大藏經,佛說普曜經,佛說普曜經,佛說普曜經,竺法護,西晉,gaoli_index,佛說普曜經/卷八,6,raw\佛說普曜經\佛說普曜經__juan_0006.txt,clean\佛說普曜經\佛說普曜經__juan_0006.txt,93,93
高麗版大藏經,佛說普曜經,佛說普曜經,佛說普曜經,竺法護,西晉,gaoli_index,佛說普曜經/卷六,7,raw\佛說普曜經\佛說普曜經__juan_0007.txt,clean\佛說普曜經\佛說普曜經__juan_0007.txt,93,93
高麗版大藏經,佛說普曜經,佛說普曜經,佛說普曜經,竺法護,西晉,gaoli_index,佛說普曜經/卷四,8,raw\佛說普曜經\佛說普曜經__juan_0008.txt,clean\佛說普曜經\佛說普曜經__juan_0008.txt,8826,8826
高麗版大藏經,妙法蓮華經,妙法蓮華經,妙法蓮華經,鳩摩羅什,後秦,gaoli_index,妙法蓮華經/00,1,raw\妙法蓮華經\妙法蓮華經__juan_0001.txt,clean\妙法蓮華經\妙法蓮華經__juan_0001.txt,1715,1715
高麗版大藏經,妙法蓮華經,妙法蓮華經,妙法蓮華經,鳩摩羅什,後秦,gaoli_index,妙法蓮華經/01,2,raw\妙法蓮華經\妙法蓮華經__juan_0002.txt,clean\妙法蓮華經\妙法蓮華經__juan_0002.txt,5564,5564
高麗版大藏經,妙法蓮華經,妙法蓮華經,妙法蓮華經,鳩摩羅什,後秦,gaoli_index,妙法蓮華經/02,3,raw\妙法蓮華經\妙法蓮華經__juan_0003.txt,clean\妙法蓮華經\妙法蓮華經__juan_0003.txt,6671,6671
高麗版大藏經,妙法蓮華經,妙法蓮華經,妙法蓮華經,鳩摩羅什,後秦,gaoli_index,妙法蓮華經/03,4,raw\妙法蓮華經\妙法蓮華經__juan_0004.txt,clean\妙法蓮華經\妙法蓮華經__juan_0004.txt,8740,8740
高麗版大藏經,妙法蓮華經,妙法蓮華經,妙法蓮華經,鳩摩羅什,後秦,gaoli_index,妙法蓮華經/04,5,raw\妙法蓮華經\妙法蓮華經__juan_0005.txt,clean\妙法蓮華經\妙法蓮華經__juan_0005.txt,4392,4392
高麗版大藏經,妙法蓮華經,妙法蓮華經,妙法蓮華經,鳩摩羅什,後秦,gaoli_index,妙法蓮華經/05,6,raw\妙法蓮華經\妙法蓮華經__juan_0006.txt,clean\妙法蓮華經\妙法蓮華經__juan_0006.txt,2353,2353
高麗版大藏經,妙法蓮華經,妙法蓮華經,妙法蓮華經,鳩摩羅什,後秦,gaoli_index,妙法蓮華經/06,7,raw\妙法蓮華經\妙法蓮華經__juan_0007.txt,clean\妙法蓮華經\妙法蓮華經__juan_0007.txt,2632,2632
高麗版大藏經,妙法蓮華經,妙法蓮華經,妙法蓮華經,鳩摩羅什,後秦,gaoli_index,妙法蓮華經/07,8,raw\妙法蓮華經\妙法蓮華經__juan_0008.txt,clean\妙法蓮華經\妙法蓮華經__juan_0008.txt,7788,7788
高麗版大藏經,妙法蓮華經,妙法蓮華經,妙法蓮華經,鳩摩羅什,後秦,gaoli_index,妙法蓮華經/08,9,raw\妙法蓮華經\妙法蓮華經__juan_0009.txt,clean\妙法蓮華經\妙法蓮華經__juan_0009.txt,3145,3145
高麗版大藏經,妙法蓮華經,妙法蓮華經,妙法蓮華經,鳩摩羅什,後秦,gaoli_index,妙法蓮華經/09,10,raw\妙法蓮華經\妙法蓮華經__juan_0010.txt,clean\妙法蓮華經\妙法蓮華經__juan_0010.txt,1808,1808
高麗版大藏經,妙法蓮華經,妙法蓮華經,妙法蓮華經,鳩摩羅什,後秦,gaoli_index,妙法蓮華經/10,11,raw\妙法蓮華經\妙法蓮華經__juan_0011.txt,clean\妙法蓮華經\妙法蓮華經__juan_0011.txt,2904,2904
高麗版大藏經,妙法蓮華經,妙法蓮華經,妙法蓮華經,鳩摩羅什,後秦,gaoli_index,妙法蓮華經/11,12,raw\妙法蓮華經\妙法蓮華經__juan_0012.txt,clean\妙法蓮華經\妙法蓮華經__juan_0012.txt,3523,3523
高麗版大藏經,妙法蓮華經,妙法蓮華經,妙法蓮華經,鳩摩羅什,後秦,gaoli_index,妙法蓮華經/12,13,raw\妙法蓮華經\妙法蓮華經__juan_0013.txt,clean\妙法蓮華經\妙法蓮華經__juan_0013.txt,2386,2386
高麗版大藏經,妙法蓮華經,妙法蓮華經,妙法蓮華經,鳩摩羅什,後秦,gaoli_index,妙法蓮華經/13,14,raw\妙法蓮華經\妙法蓮華經__juan_0014.txt,clean\妙法蓮華經\妙法蓮華經__juan_0014.txt,1666,1666
高麗版大藏經,妙法蓮華經,妙法蓮華經,妙法蓮華經,鳩摩羅什,後秦,gaoli_index,妙法蓮華經/14,15,raw\妙法蓮華經\妙法蓮華經__juan_0015.txt,clean\妙法蓮華經\妙法蓮華經__juan_0015.txt,4340,4340
高麗版大藏經,妙法蓮華經,妙法蓮華經,妙法蓮華經,鳩摩羅什,後秦,gaoli_index,妙法蓮華經/15,16,raw\妙法蓮華經\妙法蓮華經__juan_0016.txt,clean\妙法蓮華經\妙法蓮華經__juan_0016.txt,3626,3626
高麗版大藏經,妙法蓮華經,妙法蓮華經,妙法蓮華經,鳩摩羅什,後秦,gaoli_index,妙法蓮華經/16,17,raw\妙法蓮華經\妙法蓮華經__juan_0017.txt,clean\妙法蓮華經\妙法蓮華經__juan_0017.txt,2723,2723
高麗版大藏經,妙法蓮華經,妙法蓮華經,妙法蓮華經,鳩摩羅什,後秦,gaoli_index,妙法蓮華經/17,18,raw\妙法蓮華經\妙法蓮華經__juan_0018.txt,clean\妙法蓮華經\妙法蓮華經__juan_0018.txt,3469,3469
高麗版大藏經,妙法蓮華經,妙法蓮華經,妙法蓮華經,鳩摩羅什,後秦,gaoli_index,妙法蓮華經/18,19,raw\妙法蓮華經\妙法蓮華經__juan_0019.txt,clean\妙法蓮華經\妙法蓮華經__juan_0019.txt,1870,1870
高麗版大藏經,妙法蓮華經,妙法蓮華經,妙法蓮華經,鳩摩羅什,後秦,gaoli_index,妙法蓮華經/19,20,raw\妙法蓮華經\妙法蓮華經__juan_0020.txt,clean\妙法蓮華經\妙法蓮華經__juan_0020.txt,4041,4041
高麗版大藏經,妙法蓮華經,妙法蓮華經,妙法蓮華經,鳩摩羅什,後秦,gaoli_index,妙法蓮華經/20,21,raw\妙法蓮華經\妙法蓮華經__juan_0021.txt,clean\妙法蓮華經\妙法蓮華經__juan_0021.txt,2029,2029
高麗版大藏經,妙法蓮華經,妙法蓮華經,妙法蓮華經,鳩摩羅什,後秦,gaoli_index,妙法蓮華經/21,22,raw\妙法蓮華經\妙法蓮華經__juan_0022.txt,clean\妙法蓮華經\妙法蓮華經__juan_0022.txt,1557,1557
高麗版大藏經,妙法蓮華經,妙法蓮華經,妙法蓮華經,鳩摩羅什,後秦,gaoli_index,妙法蓮華經/22,23,raw\妙法蓮華經\妙法蓮華經__juan_0023.txt,clean\妙法蓮華經\妙法蓮華經__juan_0023.txt,730,730
高麗版大藏經,妙法蓮華經,妙法蓮華經,妙法蓮華經,鳩摩羅什,後秦,gaoli_index,妙法蓮華經/23,24,raw\妙法蓮華經\妙法蓮華經__juan_0024.txt,clean\妙法蓮華經\妙法蓮華經__juan_0024.txt,3638,3638
高麗版大藏經,妙法蓮華經,妙法蓮華經,妙法蓮華經,鳩摩羅什,後秦,gaoli_index,妙法蓮華經/24,25,raw\妙法蓮華經\妙法蓮華經__juan_0025.txt,clean\妙法蓮華經\妙法蓮華經__juan_0025.txt,2726,2726
高麗版大藏經,妙法蓮華經,妙法蓮華經,妙法蓮華經,鳩摩羅什,後秦,gaoli_index,妙法蓮華經/25,26,raw\妙法蓮華經\妙法蓮華經__juan_0026.txt,clean\妙法蓮華經\妙法蓮華經__juan_0026.txt,2702,2702
高麗版大藏經,妙法蓮華經,妙法蓮華經,妙法蓮華經,鳩摩羅什,後秦,gaoli_index,妙法蓮華經/26,27,raw\妙法蓮華經\妙法蓮華經__juan_0027.txt,clean\妙法蓮華經\妙法蓮華經__juan_0027.txt,1785,1785
高麗版大藏經,妙法蓮華經,妙法蓮華經,妙法蓮華經,鳩摩羅什,後秦,gaoli_index,妙法蓮華經/27,28,raw\妙法蓮華經\妙法蓮華經__juan_0028.txt,clean\妙法蓮華經\妙法蓮華經__juan_0028.txt,2301,2301
高麗版大藏經,妙法蓮華經,妙法蓮華經,妙法蓮華經,鳩摩羅什,後秦,gaoli_index,妙法蓮華經/28,29,raw\妙法蓮華經\妙法蓮華經__juan_0029.txt,clean\妙法蓮華經\妙法蓮華經__juan_0029.txt,2268,2268
高麗版大藏經,正法華經,正法華經,正法華經,竺法護,西晉,gaoli_index,正法華經/01,1,raw\正法華經\正法華經__juan_0001.txt,clean\正法華經\正法華經__juan_0001.txt,15239,15239
高麗版大藏經,正法華經,正法華經,正法華經,竺法護,西晉,gaoli_index,正法華經/02,2,raw\正法華經\正法華經__juan_0002.txt,clean\正法華經\正法華經__juan_0002.txt,10130,10130
高麗版大藏經,正法華經,正法華經,正法華經,竺法護,西晉,gaoli_index,正法華經/03,3,raw\正法華經\正法華經__juan_0003.txt,clean\正法華經\正法華經__juan_0003.txt,12746,12746
高麗版大藏經,正法華經,正法華經,正法華經,竺法護,西晉,gaoli_index,正法華經/04,4,raw\正法華經\正法華經__juan_0004.txt,clean\正法華經\正法華經__juan_0004.txt,9127,9127
高麗版大藏經,正法華經,正法華經,正法華經,竺法護,西晉,gaoli_index,正法華經/05,5,raw\正法華經\正法華經__juan_0005.txt,clean\正法華經\正法華經__juan_0005.txt,7316,7316
高麗版大藏經,正法華經,正法華經,正法華經,竺法護,西晉,gaoli_index,正法華經/06,6,raw\正法華經\正法華經__juan_0006.txt,clean\正法華經\正法華經__juan_0006.txt,12586,12586
高麗版大藏經,正法華經,正法華經,正法華經,竺法護,西晉,gaoli_index,正法華經/07,7,raw\正法華經\正法華經__juan_0007.txt,clean\正法華經\正法華經__juan_0007.txt,12114,12114
高麗版大藏經,正法華經,正法華經,正法華經,竺法護,西晉,gaoli_index,正法華經/08,8,raw\正法華經\正法華經__juan_0008.txt,clean\正法華經\正法華經__juan_0008.txt,10513,10513
高麗版大藏經,正法華經,正法華經,正法華經,竺法護,西晉,gaoli_index,正法華經/09,9,raw\正法華經\正法華經__juan_0009.txt,clean\正法華經\正法華經__juan_0009.txt,10381,10381
高麗版大藏經,正法華經,正法華經,正法華經,竺法護,西晉,gaoli_index,正法華經/10,10,raw\正法華經\正法華經__juan_0010.txt,clean\正法華經\正法華經__juan_0010.txt,9586,9586
高麗版大藏經,添品妙法蓮華經,添品妙法蓮華經,添品妙法蓮華經,闍那崛多、笈多,隋,gaoli_index,添品妙法蓮華經/00,1,raw\添品妙法蓮華經\添品妙法蓮華經__juan_0001.txt,clean\添品妙法蓮華經\添品妙法蓮華經__juan_0001.txt,717,717
高麗版大藏經,添品妙法蓮華經,添品妙法蓮華經,添品妙法蓮華經,闍那崛多、笈多,隋,gaoli_index,添品妙法蓮華經/01,2,raw\添品妙法蓮華經\添品妙法蓮華經__juan_0002.txt,clean\添品妙法蓮華經\添品妙法蓮華經__juan_0002.txt,11834,11834
高麗版大藏經,添品妙法蓮華經,添品妙法蓮華經,添品妙法蓮華經,闍那崛多、笈多,隋,gaoli_index,添品妙法蓮華經/02,3,raw\添品妙法蓮華經\添品妙法蓮華經__juan_0003.txt,clean\添品妙法蓮華經\添品妙法蓮華經__juan_0003.txt,12866,12866
高麗版大藏經,添品妙法蓮華經,添品妙法蓮華經,添品妙法蓮華經,闍那崛多、笈多,隋,gaoli_index,添品妙法蓮華經/03,4,raw\添品妙法蓮華經\添品妙法蓮華經__juan_0004.txt,clean\添品妙法蓮華經\添品妙法蓮華經__juan_0004.txt,15093,15093
高麗版大藏經,添品妙法蓮華經,添品妙法蓮華經,添品妙法蓮華經,闍那崛多、笈多,隋,gaoli_index,添品妙法蓮華經/04,5,raw\添品妙法蓮華經\添品妙法蓮華經__juan_0005.txt,clean\添品妙法蓮華經\添品妙法蓮華經__juan_0005.txt,14469,14469
高麗版大藏經,添品妙法蓮華經,添品妙法蓮華經,添品妙法蓮華經,闍那崛多、笈多,隋,gaoli_index,添品妙法蓮華經/05,6,raw\添品妙法蓮華經\添品妙法蓮華經__juan_0006.txt,clean\添品妙法蓮華經\添品妙法蓮華經__juan_0006.txt,13663,13663
高麗版大藏經,添品妙法蓮華經,添品妙法蓮華經,添品妙法蓮華經,闍那崛多、笈多,隋,gaoli_index,添品妙法蓮華經/06,7,raw\添品妙法蓮華經\添品妙法蓮華經__juan_0007.txt,clean\添品妙法蓮華經\添品妙法蓮華經__juan_0007.txt,16581,16581
高麗版大藏經,添品妙法蓮華經,添品妙法蓮華經,添品妙法蓮華經,闍那崛多、笈多,隋,gaoli_index,添品妙法蓮華經/07,8,raw\添品妙法蓮華經\添品妙法蓮華經__juan_0008.txt,clean\添品妙法蓮華經\添品妙法蓮華經__juan_0008.txt,10636,10636
高麗版大藏經,維摩詰所說經,維摩詰所說經,維摩詰所說經,鳩摩羅什,姚秦,gaoli_index,維摩詰所說經/01,1,raw\維摩詰所說經\維摩詰所說經__juan_0001.txt,clean\維摩詰所說經\維摩詰所說經__juan_0001.txt,3378,3378
高麗版大藏經,維摩詰所說經,維摩詰所說經,維摩詰所說經,鳩摩羅什,姚秦,gaoli_index,維摩詰所說經/02,2,raw\維摩詰所說經\維摩詰所說經__juan_0002.txt,clean\維摩詰所說經\維摩詰所說經__juan_0002.txt,1299,1299
高麗版大藏經,維摩詰所說經,維摩詰所說經,維摩詰所說經,鳩摩羅什,姚秦,gaoli_index,維摩詰所說經/03,3,raw\維摩詰所說經\維摩詰所說經__juan_0003.txt,clean\維摩詰所說經\維摩詰所說經__juan_0003.txt,4002,4002
高麗版大藏經,維摩詰所說經,維摩詰所說經,維摩詰所說經,鳩摩羅什,姚秦,gaoli_index,維摩詰所說經/04,4,raw\維摩詰所說經\維摩詰所說經__juan_0004.txt,clean\維摩詰所說經\維摩詰所說經__juan_0004.txt,3162,3162
高麗版大藏經,維摩詰所說經,維摩詰所說經,維摩詰所說經,鳩摩羅什,姚秦,gaoli_index,維摩詰所說經/05,5,raw\維摩詰所說經\維摩詰所說經__juan_0005.txt,clean\維摩詰所說經\維摩詰所說經__juan_0005.txt,2920,2920
高麗版大藏經,維摩詰所說經,維摩詰所說經,維摩詰所說經,鳩摩羅什,姚秦,gaoli_index,維摩詰所說經/06,6,raw\維摩詰所說經\維摩詰所說經__juan_0006.txt,clean\維摩詰所說經\維摩詰所說經__juan_0006.txt,2153,2153
高麗版大藏經,維摩詰所說經,維摩詰所說經,維摩詰所說經,鳩摩羅什,姚秦,gaoli_index,維摩詰所說經/07,7,raw\維摩詰所說經\維摩詰所說經__juan_0007.txt,clean\維摩詰所說經\維摩詰所說經__juan_0007.txt,2761,2761
高麗版大藏經,維摩詰所說經,維摩詰所說經,維摩詰所說經,鳩摩羅什,姚秦,gaoli_index,維摩詰所說經/08,8,raw\維摩詰所說經\維摩詰所說經__juan_0008.txt,clean\維摩詰所說經\維摩詰所說經__juan_0008.txt,2462,2462
高麗版大藏經,維摩詰所說經,維摩詰所說經,維摩詰所說經,鳩摩羅什,姚秦,gaoli_index,維摩詰所說經/09,9,raw\維摩詰所說經\維摩詰所說經__juan_0009.txt,clean\維摩詰所說經\維摩詰所說經__juan_0009.txt,2079,2079
高麗版大藏經,維摩詰所說經,維摩詰所說經,維摩詰所說經,鳩摩羅什,姚秦,gaoli_index,維摩詰所說經/1,10,raw\維摩詰所說經\維摩詰所說經__juan_0010.txt,clean\維摩詰所說經\維摩詰所說經__juan_0010.txt,11398,11398
高麗版大藏經,維摩詰所說經,維摩詰所說經,維摩詰所說經,鳩摩羅什,姚秦,gaoli_index,維摩詰所說經/10,11,raw\維摩詰所說經\維摩詰所說經__juan_0011.txt,clean\維摩詰所說經\維摩詰所說經__juan_0011.txt,2388,2388
高麗版大藏經,維摩詰所說經,維摩詰所說經,維摩詰所說經,鳩摩羅什,姚秦,gaoli_index,維摩詰所說經/11,12,raw\維摩詰所說經\維摩詰所說經__juan_0012.txt,clean\維摩詰所說經\維摩詰所說經__juan_0012.txt,2508,2508
高麗版大藏經,維摩詰所說經,維摩詰所說經,維摩詰所說經,鳩摩羅什,姚秦,gaoli_index,維摩詰所說經/12,13,raw\維摩詰所說經\維摩詰所說經__juan_0013.txt,clean\維摩詰所說經\維摩詰所說經__juan_0013.txt,1771,1771
高麗版大藏經,維摩詰所說經,維摩詰所說經,維摩詰所說經,鳩摩羅什,姚秦,gaoli_index,維摩詰所說經/13,14,raw\維摩詰所說經\維摩詰所說經__juan_0014.txt,clean\維摩詰所說經\維摩詰所說經__juan_0014.txt,1824,1824
高麗版大藏經,維摩詰所說經,維摩詰所說經,維摩詰所說經,鳩摩羅什,姚秦,gaoli_index,維摩詰所說經/14,15,raw\維摩詰所說經\維摩詰所說經__juan_0015.txt,clean\維摩詰所說經\維摩詰所說經__juan_0015.txt,1018,1018
高麗版大藏經,維摩詰所說經,維摩詰所說經,維摩詰所說經,鳩摩羅什,姚秦,gaoli_index,維摩詰所說經/2,16,raw\維摩詰所說經\維摩詰所說經__juan_0016.txt,clean\維摩詰所說經\維摩詰所說經__juan_0016.txt,11725,11725
高麗版大藏經,維摩詰所說經,維摩詰所說經,維摩詰所說經,鳩摩羅什,姚秦,gaoli_index,維摩詰所說經/3,17,raw\維摩詰所說經\維摩詰所說經__juan_0017.txt,clean\維摩詰所說經\維摩詰所說經__juan_0017.txt,8871,8871
高麗版大藏經,佛說維摩詰經,佛說維摩詰經,佛說維摩詰經,支謙,吳,gaoli_index,佛說維摩詰經/卷01,1,raw\佛說維摩詰經\佛說維摩詰經__juan_0001.txt,clean\佛說維摩詰經\佛說維摩詰經__juan_0001.txt,16087,16087
高麗版大藏經,佛說維摩詰經,佛說維摩詰經,佛說維摩詰經,支謙,吳,gaoli_index,佛說維摩詰經/卷02,2,raw\佛說維摩詰經\佛說維摩詰經__juan_0002.txt,clean\佛說維摩詰經\佛說維摩詰經__juan_0002.txt,15578,15578
高麗版大藏經,說無垢稱經,說無垢稱經,說無垢稱經,玄奘,唐,gaoli_index,說無垢稱經/1,1,raw\說無垢稱經\說無垢稱經__juan_0001.txt,clean\說無垢稱經\說無垢稱經__juan_0001.txt,5823,5823
高麗版大藏經,說無垢稱經,說無垢稱經,說無垢稱經,玄奘,唐,gaoli_index,說無垢稱經/2,2,raw\說無垢稱經\說無垢稱經__juan_0002.txt,clean\說無垢稱經\說無垢稱經__juan_0002.txt,9780,9780
高麗版大藏經,說無垢稱經,說無垢稱經,說無垢稱經,玄奘,唐,gaoli_index,說無垢稱經/3,3,raw\說無垢稱經\說無垢稱經__juan_0003.txt,clean\說無垢稱經\說無垢稱經__juan_0003.txt,8031,8031
高麗版大藏經,說無垢稱經,說無垢稱經,說無垢稱經,玄奘,唐,gaoli_index,說無垢稱經/4,4,raw\說無垢稱經\說無垢稱經__juan_0004.txt,clean\說無垢稱經\說無垢稱經__juan_0004.txt,9587,9587
高麗版大藏經,說無垢稱經,說無垢稱經,說無垢稱經,玄奘,唐,gaoli_index,說無垢稱經/5,5,raw\說無垢稱經\說無垢稱經__juan_0005.txt,clean\說無垢稱經\說無垢稱經__juan_0005.txt,8056,8056
高麗版大藏經,說無垢稱經,說無垢稱經,說無垢稱經,玄奘,唐,gaoli_index,說無垢稱經/6,6,raw\說無垢稱經\說無垢稱經__juan_0006.txt,clean\說無垢稱經\說無垢稱經__juan_0006.txt,6532,6532
高麗版大藏經,善思童子經,善思童子經,善思童子經,闍那崛多,隋,gaoli_index,善思童子經/卷01,1,raw\善思童子經\善思童子經__juan_0001.txt,clean\善思童子經\善思童子經__juan_0001.txt,6373,6373
高麗版大藏經,善思童子經,善思童子經,善思童子經,闍那崛多,隋,gaoli_index,善思童子經/卷02,2,raw\善思童子經\善思童子經__juan_0002.txt,clean\善思童子經\善思童子經__juan_0002.txt,6118,6118
高麗版大藏經,大乘悲分陀利經,大乘悲分陀利經,大乘悲分陀利經,秦錄,失譯,gaoli_index,大乘悲分陀利經/01,1,raw\大乘悲分陀利經\大乘悲分陀利經__juan_0001.txt,clean\大乘悲分陀利經\大乘悲分陀利經__juan_0001.txt,13683,13683
高麗版大藏經,大乘悲分陀利經,大乘悲分陀利經,大乘悲分陀利經,秦錄,失譯,gaoli_index,大乘悲分陀利經/02,2,raw\大乘悲分陀利經\大乘悲分陀利經__juan_0002.txt,clean\大乘悲分陀利經\大乘悲分陀利經__juan_0002.txt,12803,12803
高麗版大藏經,大乘悲分陀利經,大乘悲分陀利經,大乘悲分陀利經,秦錄,失譯,gaoli_index,大乘悲分陀利經/03,3,raw\大乘悲分陀利經\大乘悲分陀利經__juan_0003.txt,clean\大乘悲分陀利經\大乘悲分陀利經__juan_0003.txt,11942,11942
高麗版大藏經,大乘悲分陀利經,大乘悲分陀利經,大乘悲分陀利經,秦錄,失譯,gaoli_index,大乘悲分陀利經/04,4,raw\大乘悲分陀利經\大乘悲分陀利經__juan_0004.txt,clean\大乘悲分陀利經\大乘悲分陀利經__juan_0004.txt,13334,13334
高麗版大藏經,大乘悲分陀利經,大乘悲分陀利經,大乘悲分陀利經,秦錄,失譯,gaoli_index,大乘悲分陀利經/05,5,raw\大乘悲分陀利經\大乘悲分陀利經__juan_0005.txt,clean\大乘悲分陀利經\大乘悲分陀利經__juan_0005.txt,13583,13583
高麗版大藏經,大乘悲分陀利經,大乘悲分陀利經,大乘悲分陀利經,秦錄,失譯,gaoli_index,大乘悲分陀利經/06,6,raw\大乘悲分陀利經\大乘悲分陀利經__juan_0006.txt,clean\大乘悲分陀利經\大乘悲分陀利經__juan_0006.txt,9588,9588
高麗版大藏經,大乘悲分陀利經,大乘悲分陀利經,大乘悲分陀利經,秦錄,失譯,gaoli_index,大乘悲分陀利經/07,7,raw\大乘悲分陀利經\大乘悲分陀利經__juan_0007.txt,clean\大乘悲分陀利經\大乘悲分陀利經__juan_0007.txt,12063,12063
高麗版大藏經,大乘悲分陀利經,大乘悲分陀利經,大乘悲分陀利經,秦錄,失譯,gaoli_index,大乘悲分陀利經/08,8,raw\大乘悲分陀利經\大乘悲分陀利經__juan_0008.txt,clean\大乘悲分陀利經\大乘悲分陀利經__juan_0008.txt,7049,7049
高麗版大藏經,悲華經,悲華經,悲華經,曇無讖,北涼,gaoli_index,悲華經/01,1,raw\悲華經\悲華經__juan_0001.txt,clean\悲華經\悲華經__juan_0001.txt,11941,11941
高麗版大藏經,悲華經,悲華經,悲華經,曇無讖,北涼,gaoli_index,悲華經/02,2,raw\悲華經\悲華經__juan_0002.txt,clean\悲華經\悲華經__juan_0002.txt,11383,11383
高麗版大藏經,悲華經,悲華經,悲華經,曇無讖,北涼,gaoli_index,悲華經/03,3,raw\悲華經\悲華經__juan_0003.txt,clean\悲華經\悲華經__juan_0003.txt,12156,12156
高麗版大藏經,悲華經,悲華經,悲華經,曇無讖,北涼,gaoli_index,悲華經/04,4,raw\悲華經\悲華經__juan_0004.txt,clean\悲華經\悲華經__juan_0004.txt,11746,11746
高麗版大藏經,悲華經,悲華經,悲華經,曇無讖,北涼,gaoli_index,悲華經/05,5,raw\悲華經\悲華經__juan_0005.txt,clean\悲華經\悲華經__juan_0005.txt,10253,10253
高麗版大藏經,悲華經,悲華經,悲華經,曇無讖,北涼,gaoli_index,悲華經/06,6,raw\悲華經\悲華經__juan_0006.txt,clean\悲華經\悲華經__juan_0006.txt,10756,10756
高麗版大藏經,悲華經,悲華經,悲華經,曇無讖,北涼,gaoli_index,悲華經/07,7,raw\悲華經\悲華經__juan_0007.txt,clean\悲華經\悲華經__juan_0007.txt,10959,10959
高麗版大藏經,悲華經,悲華經,悲華經,曇無讖,北涼,gaoli_index,悲華經/08,8,raw\悲華經\悲華經__juan_0008.txt,clean\悲華經\悲華經__juan_0008.txt,10404,10404
高麗版大藏經,悲華經,悲華經,悲華經,曇無讖,北涼,gaoli_index,悲華經/09,9,raw\悲華經\悲華經__juan_0009.txt,clean\悲華經\悲華經__juan_0009.txt,9337,9337
高麗版大藏經,悲華經,悲華經,悲華經,曇無讖,北涼,gaoli_index,悲華經/10,10,raw\悲華經\悲華經__juan_0010.txt,clean\悲華經\悲華經__juan_0010.txt,9908,9908
高麗版大藏經,金光明最勝王經,金光明最勝王經,金光明最勝王經,義淨,唐,gaoli_index,金光明最勝王經/卷一,1,raw\金光明最勝王經\金光明最勝王經__juan_0001.txt,clean\金光明最勝王經\金光明最勝王經__juan_0001.txt,8073,8073
高麗版大藏經,金光明最勝王經,金光明最勝王經,金光明最勝王經,義淨,唐,gaoli_index,金光明最勝王經/卷七,2,raw\金光明最勝王經\金光明最勝王經__juan_0002.txt,clean\金光明最勝王經\金光明最勝王經__juan_0002.txt,7364,7364
高麗版大藏經,金光明最勝王經,金光明最勝王經,金光明最勝王經,義淨,唐,gaoli_index,金光明最勝王經/卷三,3,raw\金光明最勝王經\金光明最勝王經__juan_0003.txt,clean\金光明最勝王經\金光明最勝王經__juan_0003.txt,6872,6872
高麗版大藏經,金光明最勝王經,金光明最勝王經,金光明最勝王經,義淨,唐,gaoli_index,金光明最勝王經/卷九,4,raw\金光明最勝王經\金光明最勝王經__juan_0004.txt,clean\金光明最勝王經\金光明最勝王經__juan_0004.txt,9430,9430
高麗版大藏經,金光明最勝王經,金光明最勝王經,金光明最勝王經,義淨,唐,gaoli_index,金光明最勝王經/卷二,5,raw\金光明最勝王經\金光明最勝王經__juan_0005.txt,clean\金光明最勝王經\金光明最勝王經__juan_0005.txt,8225,8225
高麗版大藏經,金光明最勝王經,金光明最勝王經,金光明最勝王經,義淨,唐,gaoli_index,金光明最勝王經/卷五,6,raw\金光明最勝王經\金光明最勝王經__juan_0006.txt,clean\金光明最勝王經\金光明最勝王經__juan_0006.txt,7732,7732
高麗版大藏經,金光明最勝王經,金光明最勝王經,金光明最勝王經,義淨,唐,gaoli_index,金光明最勝王經/卷八,7,raw\金光明最勝王經\金光明最勝王經__juan_0007.txt,clean\金光明最勝王經\金光明最勝王經__juan_0007.txt,8676,8676
高麗版大藏經,金光明最勝王經,金光明最勝王經,金光明最勝王經,義淨,唐,gaoli_index,金光明最勝王經/卷六,8,raw\金光明最勝王經\金光明最勝王經__juan_0008.txt,clean\金光明最勝王經\金光明最勝王經__juan_0008.txt,8361,8361
高麗版大藏經,金光明最勝王經,金光明最勝王經,金光明最勝王經,義淨,唐,gaoli_index,金光明最勝王經/卷十,9,raw\金光明最勝王經\金光明最勝王經__juan_0009.txt,clean\金光明最勝王經\金光明最勝王經__juan_0009.txt,8775,8775
高麗版大藏經,金光明最勝王經,金光明最勝王經,金光明最勝王經,義淨,唐,gaoli_index,金光明最勝王經/卷四,10,raw\金光明最勝王經\金光明最勝王經__juan_0010.txt,clean\金光明最勝王經\金光明最勝王經__juan_0010.txt,7187,7187
高麗版大藏經,合部金光明經,合部金光明經,合部金光明經,寶貴合,隋,gaoli_index,合部金光明經/卷00,1,raw\合部金光明經\合部金光明經__juan_0001.txt,clean\合部金光明經\合部金光明經__juan_0001.txt,805,805
高麗版大藏經,合部金光明經,合部金光明經,合部金光明經,寶貴合,隋,gaoli_index,合部金光明經/卷01,2,raw\合部金光明經\合部金光明經__juan_0002.txt,clean\合部金光明經\合部金光明經__juan_0002.txt,9363,9363
高麗版大藏經,合部金光明經,合部金光明經,合部金光明經,寶貴合,隋,gaoli_index,合部金光明經/卷02,3,raw\合部金光明經\合部金光明經__juan_0003.txt,clean\合部金光明經\合部金光明經__juan_0003.txt,11564,11564
高麗版大藏經,合部金光明經,合部金光明經,合部金光明經,寶貴合,隋,gaoli_index,合部金光明經/卷03,4,raw\合部金光明經\合部金光明經__juan_0004.txt,clean\合部金光明經\合部金光明經__juan_0004.txt,11782,11782
高麗版大藏經,合部金光明經,合部金光明經,合部金光明經,寶貴合,隋,gaoli_index,合部金光明經/卷04,5,raw\合部金光明經\合部金光明經__juan_0005.txt,clean\合部金光明經\合部金光明經__juan_0005.txt,5929,5929
高麗版大藏經,合部金光明經,合部金光明經,合部金光明經,寶貴合,隋,gaoli_index,合部金光明經/卷05,6,raw\合部金光明經\合部金光明經__juan_0006.txt,clean\合部金光明經\合部金光明經__juan_0006.txt,6667,6667
高麗版大藏經,合部金光明經,合部金光明經,合部金光明經,寶貴合,隋,gaoli_index,合部金光明經/卷06,7,raw\合部金光明經\合部金光明經__juan_0007.txt,clean\合部金光明經\合部金光明經__juan_0007.txt,8779,8779
高麗版大藏經,合部金光明經,合部金光明經,合部金光明經,寶貴合,隋,gaoli_index,合部金光明經/卷07,8,raw\合部金光明經\合部金光明經__juan_0008.txt,clean\合部金光明經\合部金光明經__juan_0008.txt,8803,8803
高麗版大藏經,合部金光明經,合部金光明經,合部金光明經,寶貴合,隋,gaoli_index,合部金光明經/卷08,9,raw\合部金光明經\合部金光明經__juan_0009.txt,clean\合部金光明經\合部金光明經__juan_0009.txt,8164,8164
高麗版大藏經,大樹緊那羅王所問經,大樹緊那羅王所問經,大樹緊那羅王所問經,鳩摩羅什,姚秦,gaoli_index,大樹緊那羅王所問經/卷01,1,raw\大樹緊那羅王所問經\大樹緊那羅王所問經__juan_0001.txt,clean\大樹緊那羅王所問經\大樹緊那羅王所問經__juan_0001.txt,8372,8372
高麗版大藏經,大樹緊那羅王所問經,大樹緊那羅王所問經,大樹緊那羅王所問經,鳩摩羅什,姚秦,gaoli_index,大樹緊那羅王所問經/卷02,2,raw\大樹緊那羅王所問經\大樹緊那羅王所問經__juan_0002.txt,clean\大樹緊那羅王所問經\大樹緊那羅王所問經__juan_0002.txt,10355,10355
高麗版大藏經,大樹緊那羅王所問經,大樹緊那羅王所問經,大樹緊那羅王所問經,鳩摩羅什,姚秦,gaoli_index,大樹緊那羅王所問經/卷03,3,raw\大樹緊那羅王所問經\大樹緊那羅王所問經__juan_0003.txt,clean\大樹緊那羅王所問經\大樹緊那羅王所問經__juan_0003.txt,8952,8952
高麗版大藏經,大樹緊那羅王所問經,大樹緊那羅王所問經,大樹緊那羅王所問經,鳩摩羅什,姚秦,gaoli_index,大樹緊那羅王所問經/卷04,4,raw\大樹緊那羅王所問經\大樹緊那羅王所問經__juan_0004.txt,clean\大樹緊那羅王所問經\大樹緊那羅王所問經__juan_0004.txt,8257,8257
高麗版大藏經,佛說道神足無極變化經,佛說道神足無極變化經,佛說道神足無極變化經,安法欽,西晉,gaoli_index,佛說道神足無極變化經/卷01,1,raw\佛說道神足無極變化經\佛說道神足無極變化經__juan_0001.txt,clean\佛說道神足無極變化經\佛說道神足無極變化經__juan_0001.txt,6983,6983
高麗版大藏經,佛說道神足無極變化經,佛說道神足無極變化經,佛說道神足無極變化經,安法欽,西晉,gaoli_index,佛說道神足無極變化經/卷02,2,raw\佛說道神足無極變化經\佛說道神足無極變化經__juan_0002.txt,clean\佛說道神足無極變化經\佛說道神足無極變化經__juan_0002.txt,6697,6697
高麗版大藏經,佛說道神足無極變化經,佛說道神足無極變化經,佛說道神足無極變化經,安法欽,西晉,gaoli_index,佛說道神足無極變化經/卷03,3,raw\佛說道神足無極變化經\佛說道神足無極變化經__juan_0003.txt,clean\佛說道神足無極變化經\佛說道神足無極變化經__juan_0003.txt,7233,7233
高麗版大藏經,佛說道神足無極變化經,佛說道神足無極變化經,佛說道神足無極變化經,安法欽,西晉,gaoli_index,佛說道神足無極變化經/卷04,4,raw\佛說道神足無極變化經\佛說道神足無極變化經__juan_0004.txt,clean\佛說道神足無極變化經\佛說道神足無極變化經__juan_0004.txt,6924,6924
高麗版大藏經,佛昇忉利天為母說法經,佛昇忉利天為母說法經,佛昇忉利天為母說法經,竺法護,西晉,gaoli_index,佛昇忉利天為母說法經/卷01,1,raw\佛昇忉利天為母說法經\佛昇忉利天為母說法經__juan_0001.txt,clean\佛昇忉利天為母說法經\佛昇忉利天為母說法經__juan_0001.txt,8119,8119
高麗版大藏經,佛昇忉利天為母說法經,佛昇忉利天為母說法經,佛昇忉利天為母說法經,竺法護,西晉,gaoli_index,佛昇忉利天為母說法經/卷02,2,raw\佛昇忉利天為母說法經\佛昇忉利天為母說法經__juan_0002.txt,clean\佛昇忉利天為母說法經\佛昇忉利天為母說法經__juan_0002.txt,5536,5536
高麗版大藏經,佛昇忉利天為母說法經,佛昇忉利天為母說法經,佛昇忉利天為母說法經,竺法護,西晉,gaoli_index,佛昇忉利天為母說法經/卷03,3,raw\佛昇忉利天為母說法經\佛昇忉利天為母說法經__juan_0003.txt,clean\佛昇忉利天為母說法經\佛昇忉利天為母說法經__juan_0003.txt,7560,7560
高麗版大藏經,佛說寶雨經,佛說寶雨經,佛說寶雨經,達摩流支,唐,gaoli_index,佛說寶雨經/卷01,1,raw\佛說寶雨經\佛說寶雨經__juan_0001.txt,clean\佛說寶雨經\佛說寶雨經__juan_0001.txt,8285,8285
高麗版大藏經,佛說寶雨經,佛說寶雨經,佛說寶雨經,達摩流支,唐,gaoli_index,佛說寶雨經/卷02,2,raw\佛說寶雨經\佛說寶雨經__juan_0002.txt,clean\佛說寶雨經\佛說寶雨經__juan_0002.txt,7720,7720
高麗版大藏經,佛說寶雨經,佛說寶雨經,佛說寶雨經,達摩流支,唐,gaoli_index,佛說寶雨經/卷03,3,raw\佛說寶雨經\佛說寶雨經__juan_0003.txt,clean\佛說寶雨經\佛說寶雨經__juan_0003.txt,7755,7755
高麗版大藏經,佛說寶雨經,佛說寶雨經,佛說寶雨經,達摩流支,唐,gaoli_index,佛說寶雨經/卷04,4,raw\佛說寶雨經\佛說寶雨經__juan_0004.txt,clean\佛說寶雨經\佛說寶雨經__juan_0004.txt,7792,7792
高麗版大藏經,佛說寶雨經,佛說寶雨經,佛說寶雨經,達摩流支,唐,gaoli_index,佛說寶雨經/卷05,5,raw\佛說寶雨經\佛說寶雨經__juan_0005.txt,clean\佛說寶雨經\佛說寶雨經__juan_0005.txt,8037,8037
高麗版大藏經,佛說寶雨經,佛說寶雨經,佛說寶雨經,達摩流支,唐,gaoli_index,佛說寶雨經/卷06,6,raw\佛說寶雨經\佛說寶雨經__juan_0006.txt,clean\佛說寶雨經\佛說寶雨經__juan_0006.txt,7994,7994
高麗版大藏經,佛說寶雨經,佛說寶雨經,佛說寶雨經,達摩流支,唐,gaoli_index,佛說寶雨經/卷07,7,raw\佛說寶雨經\佛說寶雨經__juan_0007.txt,clean\佛說寶雨經\佛說寶雨經__juan_0007.txt,8221,8221
高麗版大藏經,佛說寶雨經,佛說寶雨經,佛說寶雨經,達摩流支,唐,gaoli_index,佛說寶雨經/卷08,8,raw\佛說寶雨經\佛說寶雨經__juan_0008.txt,clean\佛說寶雨經\佛說寶雨經__juan_0008.txt,7877,7877
高麗版大藏經,佛說寶雨經,佛說寶雨經,佛說寶雨經,達摩流支,唐,gaoli_index,佛說寶雨經/卷09,9,raw\佛說寶雨經\佛說寶雨經__juan_0009.txt,clean\佛說寶雨經\佛說寶雨經__juan_0009.txt,7738,7738
高麗版大藏經,佛說寶雨經,佛說寶雨經,佛說寶雨經,達摩流支,唐,gaoli_index,佛說寶雨經/卷10,10,raw\佛說寶雨經\佛說寶雨經__juan_0010.txt,clean\佛說寶雨經\佛說寶雨經__juan_0010.txt,7684,7684
高麗版大藏經,寶雲經,寶雲經,寶雲經,曼陀羅仙,梁,gaoli_index,寶雲經/卷01,1,raw\寶雲經\寶雲經__juan_0001.txt,clean\寶雲經\寶雲經__juan_0001.txt,10827,10827
高麗版大藏經,寶雲經,寶雲經,寶雲經,曼陀羅仙,梁,gaoli_index,寶雲經/卷02,2,raw\寶雲經\寶雲經__juan_0002.txt,clean\寶雲經\寶雲經__juan_0002.txt,11569,11569
高麗版大藏經,寶雲經,寶雲經,寶雲經,曼陀羅仙,梁,gaoli_index,寶雲經/卷03,3,raw\寶雲經\寶雲經__juan_0003.txt,clean\寶雲經\寶雲經__juan_0003.txt,11771,11771
高麗版大藏經,寶雲經,寶雲經,寶雲經,曼陀羅仙,梁,gaoli_index,寶雲經/卷04,4,raw\寶雲經\寶雲經__juan_0004.txt,clean\寶雲經\寶雲經__juan_0004.txt,5025,5025
高麗版大藏經,寶雲經,寶雲經,寶雲經,曼陀羅仙,梁,gaoli_index,寶雲經/卷05,5,raw\寶雲經\寶雲經__juan_0005.txt,clean\寶雲經\寶雲經__juan_0005.txt,5946,5946
高麗版大藏經,寶雲經,寶雲經,寶雲經,曼陀羅仙,梁,gaoli_index,寶雲經/卷06,6,raw\寶雲經\寶雲經__juan_0006.txt,clean\寶雲經\寶雲經__juan_0006.txt,4297,4297
高麗版大藏經,寶雲經,寶雲經,寶雲經,曼陀羅仙,梁,gaoli_index,寶雲經/卷07,7,raw\寶雲經\寶雲經__juan_0007.txt,clean\寶雲經\寶雲經__juan_0007.txt,6504,6504
高麗版大藏經,佛說阿惟越致遮經,佛說阿惟越致遮經,佛說阿惟越致遮經,竺法護,西晉,gaoli_index,佛說阿惟越致遮經/01,1,raw\佛說阿惟越致遮經\佛說阿惟越致遮經__juan_0001.txt,clean\佛說阿惟越致遮經\佛說阿惟越致遮經__juan_0001.txt,14015,14015
高麗版大藏經,佛說阿惟越致遮經,佛說阿惟越致遮經,佛說阿惟越致遮經,竺法護,西晉,gaoli_index,佛說阿惟越致遮經/02,2,raw\佛說阿惟越致遮經\佛說阿惟越致遮經__juan_0002.txt,clean\佛說阿惟越致遮經\佛說阿惟越致遮經__juan_0002.txt,16216,16216
高麗版大藏經,佛說阿惟越致遮經,佛說阿惟越致遮經,佛說阿惟越致遮經,竺法護,西晉,gaoli_index,佛說阿惟越致遮經/03,3,raw\佛說阿惟越致遮經\佛說阿惟越致遮經__juan_0003.txt,clean\佛說阿惟越致遮經\佛說阿惟越致遮經__juan_0003.txt,10838,10838
高麗版大藏經,等集眾德三昧經,等集眾德三昧經,等集眾德三昧經,竺法護,西晉,gaoli_index,等集眾德三昧經/卷01,1,raw\等集眾德三昧經\等集眾德三昧經__juan_0001.txt,clean\等集眾德三昧經\等集眾德三昧經__juan_0001.txt,9336,9336
高麗版大藏經,等集眾德三昧經,等集眾德三昧經,等集眾德三昧經,竺法護,西晉,gaoli_index,等集眾德三昧經/卷02,2,raw\等集眾德三昧經\等集眾德三昧經__juan_0002.txt,clean\等集眾德三昧經\等集眾德三昧經__juan_0002.txt,9026,9026
高麗版大藏經,等集眾德三昧經,等集眾德三昧經,等集眾德三昧經,竺法護,西晉,gaoli_index,等集眾德三昧經/卷03,3,raw\等集眾德三昧經\等集眾德三昧經__juan_0003.txt,clean\等集眾德三昧經\等集眾德三昧經__juan_0003.txt,9059,9059
高麗版大藏經,集一切福德三昧經,集一切福德三昧經,集一切福德三昧經,鳩摩羅什,姚秦,gaoli_index,集一切福德三昧經/卷上,1,raw\集一切福德三昧經\集一切福德三昧經__juan_0001.txt,clean\集一切福德三昧經\集一切福德三昧經__juan_0001.txt,9116,9116
高麗版大藏經,集一切福德三昧經,集一切福德三昧經,集一切福德三昧經,鳩摩羅什,姚秦,gaoli_index,集一切福德三昧經/卷下,2,raw\集一切福德三昧經\集一切福德三昧經__juan_0002.txt,clean\集一切福德三昧經\集一切福德三昧經__juan_0002.txt,9176,9176
高麗版大藏經,集一切福德三昧經,集一切福德三昧經,集一切福德三昧經,鳩摩羅什,姚秦,gaoli_index,集一切福德三昧經/卷中,3,raw\集一切福德三昧經\集一切福德三昧經__juan_0003.txt,clean\集一切福德三昧經\集一切福德三昧經__juan_0003.txt,9415,9415
高麗版大藏經,持心梵天所問經,持心梵天所問經,持心梵天所問經,竺法護,西晉,gaoli_index,持心梵天所問經/卷01,1,raw\持心梵天所問經\持心梵天所問經__juan_0001.txt,clean\持心梵天所問經\持心梵天所問經__juan_0001.txt,15816,15816
高麗版大藏經,持心梵天所問經,持心梵天所問經,持心梵天所問經,竺法護,西晉,gaoli_index,持心梵天所問經/卷02,2,raw\持心梵天所問經\持心梵天所問經__juan_0002.txt,clean\持心梵天所問經\持心梵天所問經__juan_0002.txt,14333,14333
高麗版大藏經,持心梵天所問經,持心梵天所問經,持心梵天所問經,竺法護,西晉,gaoli_index,持心梵天所問經/卷03,3,raw\持心梵天所問經\持心梵天所問經__juan_0003.txt,clean\持心梵天所問經\持心梵天所問經__juan_0003.txt,12218,12218
高麗版大藏經,持心梵天所問經,持心梵天所問經,持心梵天所問經,竺法護,西晉,gaoli_index,持心梵天所問經/卷04,4,raw\持心梵天所問經\持心梵天所問經__juan_0004.txt,clean\持心梵天所問經\持心梵天所問經__juan_0004.txt,11688,11688
高麗版大藏經,思益梵天所問經,思益梵天所問經,思益梵天所問經,鳩摩羅什,姚秦,gaoli_index,思益梵天所問經/卷01,1,raw\思益梵天所問經\思益梵天所問經__juan_0001.txt,clean\思益梵天所問經\思益梵天所問經__juan_0001.txt,12136,12136
高麗版大藏經,思益梵天所問經,思益梵天所問經,思益梵天所問經,鳩摩羅什,姚秦,gaoli_index,思益梵天所問經/卷02,2,raw\思益梵天所問經\思益梵天所問經__juan_0002.txt,clean\思益梵天所問經\思益梵天所問經__juan_0002.txt,12059,12059
高麗版大藏經,思益梵天所問經,思益梵天所問經,思益梵天所問經,鳩摩羅什,姚秦,gaoli_index,思益梵天所問經/卷03,3,raw\思益梵天所問經\思益梵天所問經__juan_0003.txt,clean\思益梵天所問經\思益梵天所問經__juan_0003.txt,13285,13285
高麗版大藏經,思益梵天所問經,思益梵天所問經,思益梵天所問經,鳩摩羅什,姚秦,gaoli_index,思益梵天所問經/卷04,4,raw\思益梵天所問經\思益梵天所問經__juan_0004.txt,clean\思益梵天所問經\思益梵天所問經__juan_0004.txt,12241,12241
高麗版大藏經,勝思惟梵天所問經,勝思惟梵天所問經,勝思惟梵天所問經,菩提流支,元魏,gaoli_index,勝思惟梵天所問經/卷01,1,raw\勝思惟梵天所問經\勝思惟梵天所問經__juan_0001.txt,clean\勝思惟梵天所問經\勝思惟梵天所問經__juan_0001.txt,9691,9691
高麗版大藏經,勝思惟梵天所問經,勝思惟梵天所問經,勝思惟梵天所問經,菩提流支,元魏,gaoli_index,勝思惟梵天所問經/卷02,2,raw\勝思惟梵天所問經\勝思惟梵天所問經__juan_0002.txt,clean\勝思惟梵天所問經\勝思惟梵天所問經__juan_0002.txt,9655,9655
高麗版大藏經,勝思惟梵天所問經,勝思惟梵天所問經,勝思惟梵天所問經,菩提流支,元魏,gaoli_index,勝思惟梵天所問經/卷03,3,raw\勝思惟梵天所問經\勝思惟梵天所問經__juan_0003.txt,clean\勝思惟梵天所問經\勝思惟梵天所問經__juan_0003.txt,9359,9359
高麗版大藏經,勝思惟梵天所問經,勝思惟梵天所問經,勝思惟梵天所問經,菩提流支,元魏,gaoli_index,勝思惟梵天所問經/卷04,4,raw\勝思惟梵天所問經\勝思惟梵天所問經__juan_0004.txt,clean\勝思惟梵天所問經\勝思惟梵天所問經__juan_0004.txt,10110,10110
高麗版大藏經,勝思惟梵天所問經,勝思惟梵天所問經,勝思惟梵天所問經,菩提流支,元魏,gaoli_index,勝思惟梵天所問經/卷05,5,raw\勝思惟梵天所問經\勝思惟梵天所問經__juan_0005.txt,clean\勝思惟梵天所問經\勝思惟梵天所問經__juan_0005.txt,10054,10054
高麗版大藏經,勝思惟梵天所問經,勝思惟梵天所問經,勝思惟梵天所問經,菩提流支,元魏,gaoli_index,勝思惟梵天所問經/卷06,6,raw\勝思惟梵天所問經\勝思惟梵天所問經__juan_0006.txt,clean\勝思惟梵天所問經\勝思惟梵天所問經__juan_0006.txt,10050,10050
高麗版大藏經,持人菩薩經,持人菩薩經,持人菩薩經,竺法護,西晉,gaoli_index,持人菩薩經/卷01,1,raw\持人菩薩經\持人菩薩經__juan_0001.txt,clean\持人菩薩經\持人菩薩經__juan_0001.txt,7601,7601
高麗版大藏經,持人菩薩經,持人菩薩經,持人菩薩經,竺法護,西晉,gaoli_index,持人菩薩經/卷02,2,raw\持人菩薩經\持人菩薩經__juan_0002.txt,clean\持人菩薩經\持人菩薩經__juan_0002.txt,7554,7554
高麗版大藏經,持人菩薩經,持人菩薩經,持人菩薩經,竺法護,西晉,gaoli_index,持人菩薩經/卷03,3,raw\持人菩薩經\持人菩薩經__juan_0003.txt,clean\持人菩薩經\持人菩薩經__juan_0003.txt,6403,6403
高麗版大藏經,持人菩薩經,持人菩薩經,持人菩薩經,竺法護,西晉,gaoli_index,持人菩薩經/卷04,4,raw\持人菩薩經\持人菩薩經__juan_0004.txt,clean\持人菩薩經\持人菩薩經__juan_0004.txt,7374,7374
高麗版大藏經,持世經,持世經,持世經,鳩摩羅什,姚秦,gaoli_index,持世經/卷01,1,raw\持世經\持世經__juan_0001.txt,clean\持世經\持世經__juan_0001.txt,11404,11404
高麗版大藏經,持世經,持世經,持世經,鳩摩羅什,姚秦,gaoli_index,持世經/卷02,2,raw\持世經\持世經__juan_0002.txt,clean\持世經\持世經__juan_0002.txt,9934,9934
高麗版大藏經,持世經,持世經,持世經,鳩摩羅什,姚秦,gaoli_index,持世經/卷03,3,raw\持世經\持世經__juan_0003.txt,clean\持世經\持世經__juan_0003.txt,10264,10264
高麗版大藏經,持世經,持世經,持世經,鳩摩羅什,姚秦,gaoli_index,持世經/卷04,4,raw\持世經\持世經__juan_0004.txt,clean\持世經\持世經__juan_0004.txt,10137,10137
高麗版大藏經,佛說文殊師利現寶藏經,佛說文殊師利現寶藏經,佛說文殊師利現寶藏經,竺法護,西晉,gaoli_index,佛說文殊師利現寶藏經/卷01,1,raw\佛說文殊師利現寶藏經\佛說文殊師利現寶藏經__juan_0001.txt,clean\佛說文殊師利現寶藏經\佛說文殊師利現寶藏經__juan_0001.txt,11962,11962
高麗版大藏經,佛說文殊師利現寶藏經,佛說文殊師利現寶藏經,佛說文殊師利現寶藏經,竺法護,西晉,gaoli_index,佛說文殊師利現寶藏經/卷02,2,raw\佛說文殊師利現寶藏經\佛說文殊師利現寶藏經__juan_0002.txt,clean\佛說文殊師利現寶藏經\佛說文殊師利現寶藏經__juan_0002.txt,12346,12346
高麗版大藏經,大方廣寶篋經,大方廣寶篋經,大方廣寶篋經,求那跋陀羅,劉宋,gaoli_index,大方廣寶篋經/卷01,1,raw\大方廣寶篋經\大方廣寶篋經__juan_0001.txt,clean\大方廣寶篋經\大方廣寶篋經__juan_0001.txt,9397,9397
高麗版大藏經,大方廣寶篋經,大方廣寶篋經,大方廣寶篋經,求那跋陀羅,劉宋,gaoli_index,大方廣寶篋經/卷02,2,raw\大方廣寶篋經\大方廣寶篋經__juan_0002.txt,clean\大方廣寶篋經\大方廣寶篋經__juan_0002.txt,8367,8367
高麗版大藏經,大方廣寶篋經,大方廣寶篋經,大方廣寶篋經,求那跋陀羅,劉宋,gaoli_index,大方廣寶篋經/卷03,3,raw\大方廣寶篋經\大方廣寶篋經__juan_0003.txt,clean\大方廣寶篋經\大方廣寶篋經__juan_0003.txt,6608,6608
高麗版大藏經,大乘同性經,大乘同性經,大乘同性經,闍那耶舍,宇文周,gaoli_index,大乘同性經/卷01,1,raw\大乘同性經\大乘同性經__juan_0001.txt,clean\大乘同性經\大乘同性經__juan_0001.txt,10079,10079
高麗版大藏經,大乘同性經,大乘同性經,大乘同性經,闍那耶舍,宇文周,gaoli_index,大乘同性經/卷02,2,raw\大乘同性經\大乘同性經__juan_0002.txt,clean\大乘同性經\大乘同性經__juan_0002.txt,10757,10757
高麗版大藏經,證契大乘經,證契大乘經,證契大乘經,地婆訶羅,唐,gaoli_index,證契大乘經/卷01,1,raw\證契大乘經\證契大乘經__juan_0001.txt,clean\證契大乘經\證契大乘經__juan_0001.txt,10556,10556
高麗版大藏經,證契大乘經,證契大乘經,證契大乘經,地婆訶羅,唐,gaoli_index,證契大乘經/卷02,2,raw\證契大乘經\證契大乘經__juan_0002.txt,clean\證契大乘經\證契大乘經__juan_0002.txt,7940,7940
高麗版大藏經,深密解脫經,深密解脫經,深密解脫經,菩提流支,元魏,gaoli_index,深密解脫經/卷00,1,raw\深密解脫經\深密解脫經__juan_0001.txt,clean\深密解脫經\深密解脫經__juan_0001.txt,801,801
高麗版大藏經,深密解脫經,深密解脫經,深密解脫經,菩提流支,元魏,gaoli_index,深密解脫經/卷01,2,raw\深密解脫經\深密解脫經__juan_0002.txt,clean\深密解脫經\深密解脫經__juan_0002.txt,7410,7410
高麗版大藏經,深密解脫經,深密解脫經,深密解脫經,菩提流支,元魏,gaoli_index,深密解脫經/卷02,3,raw\深密解脫經\深密解脫經__juan_0003.txt,clean\深密解脫經\深密解脫經__juan_0003.txt,8142,8142
高麗版大藏經,深密解脫經,深密解脫經,深密解脫經,菩提流支,元魏,gaoli_index,深密解脫經/卷03,4,raw\深密解脫經\深密解脫經__juan_0004.txt,clean\深密解脫經\深密解脫經__juan_0004.txt,8892,8892
高麗版大藏經,深密解脫經,深密解脫經,深密解脫經,菩提流支,元魏,gaoli_index,深密解脫經/卷04,5,raw\深密解脫經\深密解脫經__juan_0005.txt,clean\深密解脫經\深密解脫經__juan_0005.txt,7895,7895
高麗版大藏經,深密解脫經,深密解脫經,深密解脫經,菩提流支,元魏,gaoli_index,深密解脫經/卷05,6,raw\深密解脫經\深密解脫經__juan_0006.txt,clean\深密解脫經\深密解脫經__juan_0006.txt,8050,8050
高麗版大藏經,解深密經,解深密經,解深密經,玄奘,唐,gaoli_index,解深密經/卷01,1,raw\解深密經\解深密經__juan_0001.txt,clean\解深密經\解深密經__juan_0001.txt,7209,7209
高麗版大藏經,解深密經,解深密經,解深密經,玄奘,唐,gaoli_index,解深密經/卷02,2,raw\解深密經\解深密經__juan_0002.txt,clean\解深密經\解深密經__juan_0002.txt,7377,7377
高麗版大藏經,解深密經,解深密經,解深密經,玄奘,唐,gaoli_index,解深密經/卷03,3,raw\解深密經\解深密經__juan_0003.txt,clean\解深密經\解深密經__juan_0003.txt,9123,9123
高麗版大藏經,解深密經,解深密經,解深密經,玄奘,唐,gaoli_index,解深密經/卷04,4,raw\解深密經\解深密經__juan_0004.txt,clean\解深密經\解深密經__juan_0004.txt,7757,7757
高麗版大藏經,解深密經,解深密經,解深密經,玄奘,唐,gaoli_index,解深密經/卷05,5,raw\解深密經\解深密經__juan_0005.txt,clean\解深密經\解深密經__juan_0005.txt,5038,5038
高麗版大藏經,緣生初勝分法本經,緣生初勝分法本經,緣生初勝分法本經,達磨笈多,隋,gaoli_index,緣生初勝分法本經/卷01,1,raw\緣生初勝分法本經\緣生初勝分法本經__juan_0001.txt,clean\緣生初勝分法本經\緣生初勝分法本經__juan_0001.txt,5842,5842
高麗版大藏經,緣生初勝分法本經,緣生初勝分法本經,緣生初勝分法本經,達磨笈多,隋,gaoli_index,緣生初勝分法本經/卷02,2,raw\緣生初勝分法本經\緣生初勝分法本經__juan_0002.txt,clean\緣生初勝分法本經\緣生初勝分法本經__juan_0002.txt,6477,6477
高麗版大藏經,分別緣起初勝法門經,分別緣起初勝法門經,分別緣起初勝法門經,玄奘,唐,gaoli_index,分別緣起初勝法門經/卷01,1,raw\分別緣起初勝法門經\分別緣起初勝法門經__juan_0001.txt,clean\分別緣起初勝法門經\分別緣起初勝法門經__juan_0001.txt,5291,5291
高麗版大藏經,分別緣起初勝法門經,分別緣起初勝法門經,分別緣起初勝法門經,玄奘,唐,gaoli_index,分別緣起初勝法門經/卷02,2,raw\分別緣起初勝法門經\分別緣起初勝法門經__juan_0002.txt,clean\分別緣起初勝法門經\分別緣起初勝法門經__juan_0002.txt,6570,6570
高麗版大藏經,楞伽阿跋多羅寶經,楞伽阿跋多羅寶經,楞伽阿跋多羅寶經,求那跋陀羅,劉宋,gaoli_index,楞伽阿跋多羅寶經/卷第1,1,raw\楞伽阿跋多羅寶經\楞伽阿跋多羅寶經__juan_0001.txt,clean\楞伽阿跋多羅寶經\楞伽阿跋多羅寶經__juan_0001.txt,16442,16442
高麗版大藏經,楞伽阿跋多羅寶經,楞伽阿跋多羅寶經,楞伽阿跋多羅寶經,求那跋陀羅,劉宋,gaoli_index,楞伽阿跋多羅寶經/卷第2,2,raw\楞伽阿跋多羅寶經\楞伽阿跋多羅寶經__juan_0002.txt,clean\楞伽阿跋多羅寶經\楞伽阿跋多羅寶經__juan_0002.txt,14232,14232
高麗版大藏經,楞伽阿跋多羅寶經,楞伽阿跋多羅寶經,楞伽阿跋多羅寶經,求那跋陀羅,劉宋,gaoli_index,楞伽阿跋多羅寶經/卷第3,3,raw\楞伽阿跋多羅寶經\楞伽阿跋多羅寶經__juan_0003.txt,clean\楞伽阿跋多羅寶經\楞伽阿跋多羅寶經__juan_0003.txt,12653,12653
高麗版大藏經,楞伽阿跋多羅寶經,楞伽阿跋多羅寶經,楞伽阿跋多羅寶經,求那跋陀羅,劉宋,gaoli_index,楞伽阿跋多羅寶經/卷第4,4,raw\楞伽阿跋多羅寶經\楞伽阿跋多羅寶經__juan_0004.txt,clean\楞伽阿跋多羅寶經\楞伽阿跋多羅寶經__juan_0004.txt,15048,15048
高麗版大藏經,入楞伽經,入楞伽經,入楞伽經,菩提留支,元魏,gaoli_index,入楞伽經/卷一,1,raw\入楞伽經\入楞伽經__juan_0001.txt,clean\入楞伽經\入楞伽經__juan_0001.txt,11011,11011
高麗版大藏經,入楞伽經,入楞伽經,入楞伽經,菩提留支,元魏,gaoli_index,入楞伽經/卷七,2,raw\入楞伽經\入楞伽經__juan_0002.txt,clean\入楞伽經\入楞伽經__juan_0002.txt,9410,9410
高麗版大藏經,入楞伽經,入楞伽經,入楞伽經,菩提留支,元魏,gaoli_index,入楞伽經/卷三,3,raw\入楞伽經\入楞伽經__juan_0003.txt,clean\入楞伽經\入楞伽經__juan_0003.txt,10778,10778
高麗版大藏經,入楞伽經,入楞伽經,入楞伽經,菩提留支,元魏,gaoli_index,入楞伽經/卷九,4,raw\入楞伽經\入楞伽經__juan_0004.txt,clean\入楞伽經\入楞伽經__juan_0004.txt,15930,15930
高麗版大藏經,入楞伽經,入楞伽經,入楞伽經,菩提留支,元魏,gaoli_index,入楞伽經/卷二,5,raw\入楞伽經\入楞伽經__juan_0005.txt,clean\入楞伽經\入楞伽經__juan_0005.txt,9138,9138
高麗版大藏經,入楞伽經,入楞伽經,入楞伽經,菩提留支,元魏,gaoli_index,入楞伽經/卷五,6,raw\入楞伽經\入楞伽經__juan_0006.txt,clean\入楞伽經\入楞伽經__juan_0006.txt,10977,10977
高麗版大藏經,入楞伽經,入楞伽經,入楞伽經,菩提留支,元魏,gaoli_index,入楞伽經/卷八,7,raw\入楞伽經\入楞伽經__juan_0007.txt,clean\入楞伽經\入楞伽經__juan_0007.txt,9340,9340
高麗版大藏經,入楞伽經,入楞伽經,入楞伽經,菩提留支,元魏,gaoli_index,入楞伽經/卷六,8,raw\入楞伽經\入楞伽經__juan_0008.txt,clean\入楞伽經\入楞伽經__juan_0008.txt,10123,10123
高麗版大藏經,入楞伽經,入楞伽經,入楞伽經,菩提留支,元魏,gaoli_index,入楞伽經/卷十,9,raw\入楞伽經\入楞伽經__juan_0009.txt,clean\入楞伽經\入楞伽經__juan_0009.txt,15522,15522
高麗版大藏經,入楞伽經,入楞伽經,入楞伽經,菩提留支,元魏,gaoli_index,入楞伽經/卷四,10,raw\入楞伽經\入楞伽經__juan_0010.txt,clean\入楞伽經\入楞伽經__juan_0010.txt,10225,10225
高麗版大藏經,大乘入楞伽經,大乘入楞伽經,大乘入楞伽經,實叉難陀,唐,gaoli_index,大乘入楞伽經/卷00,1,raw\大乘入楞伽經\大乘入楞伽經__juan_0001.txt,clean\大乘入楞伽經\大乘入楞伽經__juan_0001.txt,737,737
高麗版大藏經,大乘入楞伽經,大乘入楞伽經,大乘入楞伽經,實叉難陀,唐,gaoli_index,大乘入楞伽經/卷01,2,raw\大乘入楞伽經\大乘入楞伽經__juan_0002.txt,clean\大乘入楞伽經\大乘入楞伽經__juan_0002.txt,10876,10876
高麗版大藏經,大乘入楞伽經,大乘入楞伽經,大乘入楞伽經,實叉難陀,唐,gaoli_index,大乘入楞伽經/卷02,3,raw\大乘入楞伽經\大乘入楞伽經__juan_0003.txt,clean\大乘入楞伽經\大乘入楞伽經__juan_0003.txt,9951,9951
高麗版大藏經,大乘入楞伽經,大乘入楞伽經,大乘入楞伽經,實叉難陀,唐,gaoli_index,大乘入楞伽經/卷03,4,raw\大乘入楞伽經\大乘入楞伽經__juan_0004.txt,clean\大乘入楞伽經\大乘入楞伽經__juan_0004.txt,11447,11447
高麗版大藏經,大乘入楞伽經,大乘入楞伽經,大乘入楞伽經,實叉難陀,唐,gaoli_index,大乘入楞伽經/卷04,5,raw\大乘入楞伽經\大乘入楞伽經__juan_0005.txt,clean\大乘入楞伽經\大乘入楞伽經__juan_0005.txt,11623,11623
高麗版大藏經,大乘入楞伽經,大乘入楞伽經,大乘入楞伽經,實叉難陀,唐,gaoli_index,大乘入楞伽經/卷05,6,raw\大乘入楞伽經\大乘入楞伽經__juan_0006.txt,clean\大乘入楞伽經\大乘入楞伽經__juan_0006.txt,12220,12220
高麗版大藏經,大乘入楞伽經,大乘入楞伽經,大乘入楞伽經,實叉難陀,唐,gaoli_index,大乘入楞伽經/卷06,7,raw\大乘入楞伽經\大乘入楞伽經__juan_0007.txt,clean\大乘入楞伽經\大乘入楞伽經__juan_0007.txt,13234,13234
高麗版大藏經,大乘入楞伽經,大乘入楞伽經,大乘入楞伽經,實叉難陀,唐,gaoli_index,大乘入楞伽經/卷07,8,raw\大乘入楞伽經\大乘入楞伽經__juan_0008.txt,clean\大乘入楞伽經\大乘入楞伽經__juan_0008.txt,14466,14466
高麗版大藏經,佛說菩薩行方便境界神通變化經,佛說菩薩行方便境界神通變化經,佛說菩薩行方便境界神通變化經,求那跋陀羅,劉宋,gaoli_index,佛說菩薩行方便境界神通變化經/01,1,raw\佛說菩薩行方便境界神通變化經\佛說菩薩行方便境界神通變化經__juan_0001.txt,clean\佛說菩薩行方便境界神通變化經\佛說菩薩行方便境界神通變化經__juan_0001.txt,8280,8280
高麗版大藏經,佛說菩薩行方便境界神通變化經,佛說菩薩行方便境界神通變化經,佛說菩薩行方便境界神通變化經,求那跋陀羅,劉宋,gaoli_index,佛說菩薩行方便境界神通變化經/02,2,raw\佛說菩薩行方便境界神通變化經\佛說菩薩行方便境界神通變化經__juan_0002.txt,clean\佛說菩薩行方便境界神通變化經\佛說菩薩行方便境界神通變化經__juan_0002.txt,9703,9703
高麗版大藏經,佛說菩薩行方便境界神通變化經,佛說菩薩行方便境界神通變化經,佛說菩薩行方便境界神通變化經,求那跋陀羅,劉宋,gaoli_index,佛說菩薩行方便境界神通變化經/03,3,raw\佛說菩薩行方便境界神通變化經\佛說菩薩行方便境界神通變化經__juan_0003.txt,clean\佛說菩薩行方便境界神通變化經\佛說菩薩行方便境界神通變化經__juan_0003.txt,8443,8443
高麗版大藏經,大薩遮尼乾子所說經,大薩遮尼乾子所說經,大薩遮尼乾子所說經,菩提留支,元魏,gaoli_index,大薩遮尼乾子所說經/01,1,raw\大薩遮尼乾子所說經\大薩遮尼乾子所說經__juan_0001.txt,clean\大薩遮尼乾子所說經\大薩遮尼乾子所說經__juan_0001.txt,8242,8242
高麗版大藏經,大薩遮尼乾子所說經,大薩遮尼乾子所說經,大薩遮尼乾子所說經,菩提留支,元魏,gaoli_index,大薩遮尼乾子所說經/02,2,raw\大薩遮尼乾子所說經\大薩遮尼乾子所說經__juan_0002.txt,clean\大薩遮尼乾子所說經\大薩遮尼乾子所說經__juan_0002.txt,10465,10465
高麗版大藏經,大薩遮尼乾子所說經,大薩遮尼乾子所說經,大薩遮尼乾子所說經,菩提留支,元魏,gaoli_index,大薩遮尼乾子所說經/03,3,raw\大薩遮尼乾子所說經\大薩遮尼乾子所說經__juan_0003.txt,clean\大薩遮尼乾子所說經\大薩遮尼乾子所說經__juan_0003.txt,6400,6400
高麗版大藏經,大薩遮尼乾子所說經,大薩遮尼乾子所說經,大薩遮尼乾子所說經,菩提留支,元魏,gaoli_index,大薩遮尼乾子所說經/04,4,raw\大薩遮尼乾子所說經\大薩遮尼乾子所說經__juan_0004.txt,clean\大薩遮尼乾子所說經\大薩遮尼乾子所說經__juan_0004.txt,7841,7841
高麗版大藏經,大薩遮尼乾子所說經,大薩遮尼乾子所說經,大薩遮尼乾子所說經,菩提留支,元魏,gaoli_index,大薩遮尼乾子所說經/05,5,raw\大薩遮尼乾子所說經\大薩遮尼乾子所說經__juan_0005.txt,clean\大薩遮尼乾子所說經\大薩遮尼乾子所說經__juan_0005.txt,8393,8393
高麗版大藏經,大薩遮尼乾子所說經,大薩遮尼乾子所說經,大薩遮尼乾子所說經,菩提留支,元魏,gaoli_index,大薩遮尼乾子所說經/06,6,raw\大薩遮尼乾子所說經\大薩遮尼乾子所說經__juan_0006.txt,clean\大薩遮尼乾子所說經\大薩遮尼乾子所說經__juan_0006.txt,9040,9040
高麗版大藏經,大薩遮尼乾子所說經,大薩遮尼乾子所說經,大薩遮尼乾子所說經,菩提留支,元魏,gaoli_index,大薩遮尼乾子所說經/07,7,raw\大薩遮尼乾子所說經\大薩遮尼乾子所說經__juan_0007.txt,clean\大薩遮尼乾子所說經\大薩遮尼乾子所說經__juan_0007.txt,7623,7623
高麗版大藏經,大薩遮尼乾子所說經,大薩遮尼乾子所說經,大薩遮尼乾子所說經,菩提留支,元魏,gaoli_index,大薩遮尼乾子所說經/08,8,raw\大薩遮尼乾子所說經\大薩遮尼乾子所說經__juan_0008.txt,clean\大薩遮尼乾子所說經\大薩遮尼乾子所說經__juan_0008.txt,7196,7196
高麗版大藏經,大薩遮尼乾子所說經,大薩遮尼乾子所說經,大薩遮尼乾子所說經,菩提留支,元魏,gaoli_index,大薩遮尼乾子所說經/09,9,raw\大薩遮尼乾子所說經\大薩遮尼乾子所說經__juan_0009.txt,clean\大薩遮尼乾子所說經\大薩遮尼乾子所說經__juan_0009.txt,8030,8030
高麗版大藏經,大薩遮尼乾子所說經,大薩遮尼乾子所說經,大薩遮尼乾子所說經,菩提留支,元魏,gaoli_index,大薩遮尼乾子所說經/10,10,raw\大薩遮尼乾子所說經\大薩遮尼乾子所說經__juan_0010.txt,clean\大薩遮尼乾子所說經\大薩遮尼乾子所說經__juan_0010.txt,7408,7408
高麗版大藏經,諸法無行經,諸法無行經,諸法無行經,鳩摩羅什,姚秦,gaoli_index,諸法無行經/卷01,1,raw\諸法無行經\諸法無行經__juan_0001.txt,clean\諸法無行經\諸法無行經__juan_0001.txt,10600,10600
高麗版大藏經,諸法無行經,諸法無行經,諸法無行經,鳩摩羅什,姚秦,gaoli_index,諸法無行經/卷02,2,raw\諸法無行經\諸法無行經__juan_0002.txt,clean\諸法無行經\諸法無行經__juan_0002.txt,8712,8712
高麗版大藏經,佛說諸法本無經,佛說諸法本無經,佛說諸法本無經,闍那崛多,隋,gaoli_index,佛說諸法本無經/卷01,1,raw\佛說諸法本無經\佛說諸法本無經__juan_0001.txt,clean\佛說諸法本無經\佛說諸法本無經__juan_0001.txt,5978,5978
高麗版大藏經,佛說諸法本無經,佛說諸法本無經,佛說諸法本無經,闍那崛多,隋,gaoli_index,佛說諸法本無經/卷02,2,raw\佛說諸法本無經\佛說諸法本無經__juan_0002.txt,clean\佛說諸法本無經\佛說諸法本無經__juan_0002.txt,5813,5813
高麗版大藏經,佛說諸法本無經,佛說諸法本無經,佛說諸法本無經,闍那崛多,隋,gaoli_index,佛說諸法本無經/卷03,3,raw\佛說諸法本無經\佛說諸法本無經__juan_0003.txt,clean\佛說諸法本無經\佛說諸法本無經__juan_0003.txt,9597,9597
高麗版大藏經,無極寶三昧經,無極寶三昧經,無極寶三昧經,竺法護,西晉,gaoli_index,無極寶三昧經/卷01,1,raw\無極寶三昧經\無極寶三昧經__juan_0001.txt,clean\無極寶三昧經\無極寶三昧經__juan_0001.txt,9668,9668
高麗版大藏經,無極寶三昧經,無極寶三昧經,無極寶三昧經,竺法護,西晉,gaoli_index,無極寶三昧經/卷02,2,raw\無極寶三昧經\無極寶三昧經__juan_0002.txt,clean\無極寶三昧經\無極寶三昧經__juan_0002.txt,7878,7878
高麗版大藏經,佛說寶如來三昧經,佛說寶如來三昧經,佛說寶如來三昧經,祇多蜜,東晉,gaoli_index,佛說寶如來三昧經/卷01,1,raw\佛說寶如來三昧經\佛說寶如來三昧經__juan_0001.txt,clean\佛說寶如來三昧經\佛說寶如來三昧經__juan_0001.txt,11283,11283
高麗版大藏經,佛說寶如來三昧經,佛說寶如來三昧經,佛說寶如來三昧經,祇多蜜,東晉,gaoli_index,佛說寶如來三昧經/卷02,2,raw\佛說寶如來三昧經\佛說寶如來三昧經__juan_0002.txt,clean\佛說寶如來三昧經\佛說寶如來三昧經__juan_0002.txt,10426,10426
高麗版大藏經,藥師琉璃光七佛本願功德經,藥師琉璃光七佛本願功德經,藥師琉璃光七佛本願功德經,義淨,唐,gaoli_index,藥師琉璃光七佛本願功德經/卷01,1,raw\藥師琉璃光七佛本願功德經\藥師琉璃光七佛本願功德經__juan_0001.txt,clean\藥師琉璃光七佛本願功德經\藥師琉璃光七佛本願功德經__juan_0001.txt,7520,7520
高麗版大藏經,藥師琉璃光七佛本願功德經,藥師琉璃光七佛本願功德經,藥師琉璃光七佛本願功德經,義淨,唐,gaoli_index,藥師琉璃光七佛本願功德經/卷02,2,raw\藥師琉璃光七佛本願功德經\藥師琉璃光七佛本願功德經__juan_0002.txt,clean\藥師琉璃光七佛本願功德經\藥師琉璃光七佛本願功德經__juan_0002.txt,7823,7823
高麗版大藏經,佛說阿闍世王經,佛說阿闍世王經,佛說阿闍世王經,支婁迦讖,後漢,gaoli_index,佛說阿闍世王經/卷01,1,raw\佛說阿闍世王經\佛說阿闍世王經__juan_0001.txt,clean\佛說阿闍世王經\佛說阿闍世王經__juan_0001.txt,14400,14400
高麗版大藏經,佛說阿闍世王經,佛說阿闍世王經,佛說阿闍世王經,支婁迦讖,後漢,gaoli_index,佛說阿闍世王經/卷02,2,raw\佛說阿闍世王經\佛說阿闍世王經__juan_0002.txt,clean\佛說阿闍世王經\佛說阿闍世王經__juan_0002.txt,16367,16367
高麗版大藏經,月燈三昧經,月燈三昧經,月燈三昧經,那連提耶舍,高齊,gaoli_index,月燈三昧經/卷01,1,raw\月燈三昧經\月燈三昧經__juan_0001.txt,clean\月燈三昧經\月燈三昧經__juan_0001.txt,7970,7970
高麗版大藏經,月燈三昧經,月燈三昧經,月燈三昧經,那連提耶舍,高齊,gaoli_index,月燈三昧經/卷02,2,raw\月燈三昧經\月燈三昧經__juan_0002.txt,clean\月燈三昧經\月燈三昧經__juan_0002.txt,12606,12606
高麗版大藏經,月燈三昧經,月燈三昧經,月燈三昧經,那連提耶舍,高齊,gaoli_index,月燈三昧經/卷03,3,raw\月燈三昧經\月燈三昧經__juan_0003.txt,clean\月燈三昧經\月燈三昧經__juan_0003.txt,10274,10274
高麗版大藏經,月燈三昧經,月燈三昧經,月燈三昧經,那連提耶舍,高齊,gaoli_index,月燈三昧經/卷04,4,raw\月燈三昧經\月燈三昧經__juan_0004.txt,clean\月燈三昧經\月燈三昧經__juan_0004.txt,7454,7454
高麗版大藏經,月燈三昧經,月燈三昧經,月燈三昧經,那連提耶舍,高齊,gaoli_index,月燈三昧經/卷05,5,raw\月燈三昧經\月燈三昧經__juan_0005.txt,clean\月燈三昧經\月燈三昧經__juan_0005.txt,16177,16177
高麗版大藏經,月燈三昧經,月燈三昧經,月燈三昧經,那連提耶舍,高齊,gaoli_index,月燈三昧經/卷06,6,raw\月燈三昧經\月燈三昧經__juan_0006.txt,clean\月燈三昧經\月燈三昧經__juan_0006.txt,11925,11925
高麗版大藏經,月燈三昧經,月燈三昧經,月燈三昧經,那連提耶舍,高齊,gaoli_index,月燈三昧經/卷07,7,raw\月燈三昧經\月燈三昧經__juan_0007.txt,clean\月燈三昧經\月燈三昧經__juan_0007.txt,12019,12019
高麗版大藏經,月燈三昧經,月燈三昧經,月燈三昧經,那連提耶舍,高齊,gaoli_index,月燈三昧經/卷08,8,raw\月燈三昧經\月燈三昧經__juan_0008.txt,clean\月燈三昧經\月燈三昧經__juan_0008.txt,10070,10070
高麗版大藏經,月燈三昧經,月燈三昧經,月燈三昧經,那連提耶舍,高齊,gaoli_index,月燈三昧經/卷09,9,raw\月燈三昧經\月燈三昧經__juan_0009.txt,clean\月燈三昧經\月燈三昧經__juan_0009.txt,10098,10098
高麗版大藏經,月燈三昧經,月燈三昧經,月燈三昧經,那連提耶舍,高齊,gaoli_index,月燈三昧經/卷10,10,raw\月燈三昧經\月燈三昧經__juan_0010.txt,clean\月燈三昧經\月燈三昧經__juan_0010.txt,13197,13197
高麗版大藏經,大莊嚴法門經,大莊嚴法門經,大莊嚴法門經,那連提耶舍,隋,gaoli_index,大莊嚴法門經/卷01,1,raw\大莊嚴法門經\大莊嚴法門經__juan_0001.txt,clean\大莊嚴法門經\大莊嚴法門經__juan_0001.txt,6405,6405
高麗版大藏經,大莊嚴法門經,大莊嚴法門經,大莊嚴法門經,那連提耶舍,隋,gaoli_index,大莊嚴法門經/卷02,2,raw\大莊嚴法門經\大莊嚴法門經__juan_0002.txt,clean\大莊嚴法門經\大莊嚴法門經__juan_0002.txt,8122,8122
高麗版大藏經,如來莊嚴智慧光明入一切佛境界經,如來莊嚴智慧光明入一切佛境界經,如來莊嚴智慧光明入一切佛境界經,曇摩流支,元魏,gaoli_index,如來莊嚴智慧光明入一切佛境界經/卷第 01,1,raw\如來莊嚴智慧光明入一切佛境界經\如來莊嚴智慧光明入一切佛境界經__juan_0001.txt,clean\如來莊嚴智慧光明入一切佛境界經\如來莊嚴智慧光明入一切佛境界經__juan_0001.txt,9197,9197
高麗版大藏經,如來莊嚴智慧光明入一切佛境界經,如來莊嚴智慧光明入一切佛境界經,如來莊嚴智慧光明入一切佛境界經,曇摩流支,元魏,gaoli_index,如來莊嚴智慧光明入一切佛境界經/卷第 02,2,raw\如來莊嚴智慧光明入一切佛境界經\如來莊嚴智慧光明入一切佛境界經__juan_0002.txt,clean\如來莊嚴智慧光明入一切佛境界經\如來莊嚴智慧光明入一切佛境界經__juan_0002.txt,10219,10219
高麗版大藏經,順權方便經,順權方便經,順權方便經,竺法護,西晉,gaoli_index,順權方便經/卷01,1,raw\順權方便經\順權方便經__juan_0001.txt,clean\順權方便經\順權方便經__juan_0001.txt,7842,7842
高麗版大藏經,順權方便經,順權方便經,順權方便經,竺法護,西晉,gaoli_index,順權方便經/卷02,2,raw\順權方便經\順權方便經__juan_0002.txt,clean\順權方便經\順權方便經__juan_0002.txt,8059,8059
高麗版大藏經,六度集經,六度集經,六度集經,康僧會,吳,gaoli_index,六度集經/01,1,raw\六度集經\六度集經__juan_0001.txt,clean\六度集經\六度集經__juan_0001.txt,8644,8644
高麗版大藏經,六度集經,六度集經,六度集經,康僧會,吳,gaoli_index,六度集經/02,2,raw\六度集經\六度集經__juan_0002.txt,clean\六度集經\六度集經__juan_0002.txt,8302,8302
高麗版大藏經,六度集經,六度集經,六度集經,康僧會,吳,gaoli_index,六度集經/03,3,raw\六度集經\六度集經__juan_0003.txt,clean\六度集經\六度集經__juan_0003.txt,8857,8857
高麗版大藏經,六度集經,六度集經,六度集經,康僧會,吳,gaoli_index,六度集經/04,4,raw\六度集經\六度集經__juan_0004.txt,clean\六度集經\六度集經__juan_0004.txt,12212,12212
高麗版大藏經,六度集經,六度集經,六度集經,康僧會,吳,gaoli_index,六度集經/05,5,raw\六度集經\六度集經__juan_0005.txt,clean\六度集經\六度集經__juan_0005.txt,12929,12929
高麗版大藏經,六度集經,六度集經,六度集經,康僧會,吳,gaoli_index,六度集經/06,6,raw\六度集經\六度集經__juan_0006.txt,clean\六度集經\六度集經__juan_0006.txt,11514,11514
高麗版大藏經,六度集經,六度集經,六度集經,康僧會,吳,gaoli_index,六度集經/07,7,raw\六度集經\六度集經__juan_0007.txt,clean\六度集經\六度集經__juan_0007.txt,8708,8708
高麗版大藏經,六度集經,六度集經,六度集經,康僧會,吳,gaoli_index,六度集經/08,8,raw\六度集經\六度集經__juan_0008.txt,clean\六度集經\六度集經__juan_0008.txt,12855,12855
高麗版大藏經,佛說德護長者經,佛說德護長者經,佛說德護長者經,那連提耶舍,隋,gaoli_index,佛說德護長者經/卷01,1,raw\佛說德護長者經\佛說德護長者經__juan_0001.txt,clean\佛說德護長者經\佛說德護長者經__juan_0001.txt,7196,7196
高麗版大藏經,佛說德護長者經,佛說德護長者經,佛說德護長者經,那連提耶舍,隋,gaoli_index,佛說德護長者經/卷02,2,raw\佛說德護長者經\佛說德護長者經__juan_0002.txt,clean\佛說德護長者經\佛說德護長者經__juan_0002.txt,8237,8237
高麗版大藏經,佛說無上依經,佛說無上依經,佛說無上依經,真諦,梁,gaoli_index,佛說無上依經/卷01,1,raw\佛說無上依經\佛說無上依經__juan_0001.txt,clean\佛說無上依經\佛說無上依經__juan_0001.txt,9592,9592
高麗版大藏經,佛說無上依經,佛說無上依經,佛說無上依經,真諦,梁,gaoli_index,佛說無上依經/卷02,2,raw\佛說無上依經\佛說無上依經__juan_0002.txt,clean\佛說無上依經\佛說無上依經__juan_0002.txt,6519,6519
高麗版大藏經,佛說稱揚諸佛功德經,佛說稱揚諸佛功德經,佛說稱揚諸佛功德經,吉迦夜,元魏,gaoli_index,佛說稱揚諸佛功德經/卷01,1,raw\佛說稱揚諸佛功德經\佛說稱揚諸佛功德經__juan_0001.txt,clean\佛說稱揚諸佛功德經\佛說稱揚諸佛功德經__juan_0001.txt,10927,10927
高麗版大藏經,佛說稱揚諸佛功德經,佛說稱揚諸佛功德經,佛說稱揚諸佛功德經,吉迦夜,元魏,gaoli_index,佛說稱揚諸佛功德經/卷02,2,raw\佛說稱揚諸佛功德經\佛說稱揚諸佛功德經__juan_0002.txt,clean\佛說稱揚諸佛功德經\佛說稱揚諸佛功德經__juan_0002.txt,9736,9736
高麗版大藏經,佛說稱揚諸佛功德經,佛說稱揚諸佛功德經,佛說稱揚諸佛功德經,吉迦夜,元魏,gaoli_index,佛說稱揚諸佛功德經/卷03,3,raw\佛說稱揚諸佛功德經\佛說稱揚諸佛功德經__juan_0003.txt,clean\佛說稱揚諸佛功德經\佛說稱揚諸佛功德經__juan_0003.txt,10517,10517
高麗版大藏經,佛說須真天子經,佛說須真天子經,佛說須真天子經,竺法護,西晉,gaoli_index,佛說須真天子經/卷01,1,raw\佛說須真天子經\佛說須真天子經__juan_0001.txt,clean\佛說須真天子經\佛說須真天子經__juan_0001.txt,7657,7657
高麗版大藏經,佛說須真天子經,佛說須真天子經,佛說須真天子經,竺法護,西晉,gaoli_index,佛說須真天子經/卷02,2,raw\佛說須真天子經\佛說須真天子經__juan_0002.txt,clean\佛說須真天子經\佛說須真天子經__juan_0002.txt,5336,5336
高麗版大藏經,佛說須真天子經,佛說須真天子經,佛說須真天子經,竺法護,西晉,gaoli_index,佛說須真天子經/卷03,3,raw\佛說須真天子經\佛說須真天子經__juan_0003.txt,clean\佛說須真天子經\佛說須真天子經__juan_0003.txt,8002,8002
高麗版大藏經,佛說須真天子經,佛說須真天子經,佛說須真天子經,竺法護,西晉,gaoli_index,佛說須真天子經/卷04,4,raw\佛說須真天子經\佛說須真天子經__juan_0004.txt,clean\佛說須真天子經\佛說須真天子經__juan_0004.txt,4995,4995
高麗版大藏經,佛說海龍王經,佛說海龍王經,佛說海龍王經,竺法護,西晉,gaoli_index,佛說海龍王經/卷01,1,raw\佛說海龍王經\佛說海龍王經__juan_0001.txt,clean\佛說海龍王經\佛說海龍王經__juan_0001.txt,10424,10424
高麗版大藏經,佛說海龍王經,佛說海龍王經,佛說海龍王經,竺法護,西晉,gaoli_index,佛說海龍王經/卷02,2,raw\佛說海龍王經\佛說海龍王經__juan_0002.txt,clean\佛說海龍王經\佛說海龍王經__juan_0002.txt,10394,10394
高麗版大藏經,佛說海龍王經,佛說海龍王經,佛說海龍王經,竺法護,西晉,gaoli_index,佛說海龍王經/卷03,3,raw\佛說海龍王經\佛說海龍王經__juan_0003.txt,clean\佛說海龍王經\佛說海龍王經__juan_0003.txt,10818,10818
高麗版大藏經,佛說海龍王經,佛說海龍王經,佛說海龍王經,竺法護,西晉,gaoli_index,佛說海龍王經/卷04,4,raw\佛說海龍王經\佛說海龍王經__juan_0004.txt,clean\佛說海龍王經\佛說海龍王經__juan_0004.txt,10487,10487
高麗版大藏經,最勝問菩薩十住除垢斷結經,最勝問菩薩十住除垢斷結經,最勝問菩薩十住除垢斷結經,竺佛念,姚秦,gaoli_index,最勝問菩薩十住除垢斷結經/01,1,raw\最勝問菩薩十住除垢斷結經\最勝問菩薩十住除垢斷結經__juan_0001.txt,clean\最勝問菩薩十住除垢斷結經\最勝問菩薩十住除垢斷結經__juan_0001.txt,11812,11812
高麗版大藏經,最勝問菩薩十住除垢斷結經,最勝問菩薩十住除垢斷結經,最勝問菩薩十住除垢斷結經,竺佛念,姚秦,gaoli_index,最勝問菩薩十住除垢斷結經/02,2,raw\最勝問菩薩十住除垢斷結經\最勝問菩薩十住除垢斷結經__juan_0002.txt,clean\最勝問菩薩十住除垢斷結經\最勝問菩薩十住除垢斷結經__juan_0002.txt,13623,13623
高麗版大藏經,最勝問菩薩十住除垢斷結經,最勝問菩薩十住除垢斷結經,最勝問菩薩十住除垢斷結經,竺佛念,姚秦,gaoli_index,最勝問菩薩十住除垢斷結經/03,3,raw\最勝問菩薩十住除垢斷結經\最勝問菩薩十住除垢斷結經__juan_0003.txt,clean\最勝問菩薩十住除垢斷結經\最勝問菩薩十住除垢斷結經__juan_0003.txt,14564,14564
高麗版大藏經,最勝問菩薩十住除垢斷結經,最勝問菩薩十住除垢斷結經,最勝問菩薩十住除垢斷結經,竺佛念,姚秦,gaoli_index,最勝問菩薩十住除垢斷結經/04,4,raw\最勝問菩薩十住除垢斷結經\最勝問菩薩十住除垢斷結經__juan_0004.txt,clean\最勝問菩薩十住除垢斷結經\最勝問菩薩十住除垢斷結經__juan_0004.txt,13591,13591
高麗版大藏經,最勝問菩薩十住除垢斷結經,最勝問菩薩十住除垢斷結經,最勝問菩薩十住除垢斷結經,竺佛念,姚秦,gaoli_index,最勝問菩薩十住除垢斷結經/05,5,raw\最勝問菩薩十住除垢斷結經\最勝問菩薩十住除垢斷結經__juan_0005.txt,clean\最勝問菩薩十住除垢斷結經\最勝問菩薩十住除垢斷結經__juan_0005.txt,14925,14925
高麗版大藏經,最勝問菩薩十住除垢斷結經,最勝問菩薩十住除垢斷結經,最勝問菩薩十住除垢斷結經,竺佛念,姚秦,gaoli_index,最勝問菩薩十住除垢斷結經/06,6,raw\最勝問菩薩十住除垢斷結經\最勝問菩薩十住除垢斷結經__juan_0006.txt,clean\最勝問菩薩十住除垢斷結經\最勝問菩薩十住除垢斷結經__juan_0006.txt,13244,13244
高麗版大藏經,最勝問菩薩十住除垢斷結經,最勝問菩薩十住除垢斷結經,最勝問菩薩十住除垢斷結經,竺佛念,姚秦,gaoli_index,最勝問菩薩十住除垢斷結經/07,7,raw\最勝問菩薩十住除垢斷結經\最勝問菩薩十住除垢斷結經__juan_0007.txt,clean\最勝問菩薩十住除垢斷結經\最勝問菩薩十住除垢斷結經__juan_0007.txt,14459,14459
高麗版大藏經,最勝問菩薩十住除垢斷結經,最勝問菩薩十住除垢斷結經,最勝問菩薩十住除垢斷結經,竺佛念,姚秦,gaoli_index,最勝問菩薩十住除垢斷結經/08,8,raw\最勝問菩薩十住除垢斷結經\最勝問菩薩十住除垢斷結經__juan_0008.txt,clean\最勝問菩薩十住除垢斷結經\最勝問菩薩十住除垢斷結經__juan_0008.txt,13562,13562
高麗版大藏經,最勝問菩薩十住除垢斷結經,最勝問菩薩十住除垢斷結經,最勝問菩薩十住除垢斷結經,竺佛念,姚秦,gaoli_index,最勝問菩薩十住除垢斷結經/09,9,raw\最勝問菩薩十住除垢斷結經\最勝問菩薩十住除垢斷結經__juan_0009.txt,clean\最勝問菩薩十住除垢斷結經\最勝問菩薩十住除垢斷結經__juan_0009.txt,13550,13550
高麗版大藏經,最勝問菩薩十住除垢斷結經,最勝問菩薩十住除垢斷結經,最勝問菩薩十住除垢斷結經,竺佛念,姚秦,gaoli_index,最勝問菩薩十住除垢斷結經/10,10,raw\最勝問菩薩十住除垢斷結經\最勝問菩薩十住除垢斷結經__juan_0010.txt,clean\最勝問菩薩十住除垢斷結經\最勝問菩薩十住除垢斷結經__juan_0010.txt,14235,14235
高麗版大藏經,佛說未曾有因緣經,佛說未曾有因緣經,佛說未曾有因緣經,曇景,蕭齊,gaoli_index,佛說未曾有因緣經/卷01,1,raw\佛說未曾有因緣經\佛說未曾有因緣經__juan_0001.txt,clean\佛說未曾有因緣經\佛說未曾有因緣經__juan_0001.txt,10659,10659
高麗版大藏經,佛說未曾有因緣經,佛說未曾有因緣經,佛說未曾有因緣經,曇景,蕭齊,gaoli_index,佛說未曾有因緣經/卷02,2,raw\佛說未曾有因緣經\佛說未曾有因緣經__juan_0002.txt,clean\佛說未曾有因緣經\佛說未曾有因緣經__juan_0002.txt,11973,11973
高麗版大藏經,諸佛要集經,諸佛要集經,諸佛要集經,竺法護,西晉,gaoli_index,諸佛要集經/卷01,1,raw\諸佛要集經\諸佛要集經__juan_0001.txt,clean\諸佛要集經\諸佛要集經__juan_0001.txt,10756,10756
高麗版大藏經,諸佛要集經,諸佛要集經,諸佛要集經,竺法護,西晉,gaoli_index,諸佛要集經/卷02,2,raw\諸佛要集經\諸佛要集經__juan_0002.txt,clean\諸佛要集經\諸佛要集經__juan_0002.txt,12012,12012
高麗版大藏經,菩薩瓔珞經,菩薩瓔珞經,菩薩瓔珞經,竺佛念,姚秦,gaoli_index,菩薩瓔珞經/卷一,1,raw\菩薩瓔珞經\菩薩瓔珞經__juan_0001.txt,clean\菩薩瓔珞經\菩薩瓔珞經__juan_0001.txt,13587,13587
高麗版大藏經,菩薩瓔珞經,菩薩瓔珞經,菩薩瓔珞經,竺佛念,姚秦,gaoli_index,菩薩瓔珞經/卷七,2,raw\菩薩瓔珞經\菩薩瓔珞經__juan_0002.txt,clean\菩薩瓔珞經\菩薩瓔珞經__juan_0002.txt,5988,5988
高麗版大藏經,菩薩瓔珞經,菩薩瓔珞經,菩薩瓔珞經,竺佛念,姚秦,gaoli_index,菩薩瓔珞經/卷三,3,raw\菩薩瓔珞經\菩薩瓔珞經__juan_0003.txt,clean\菩薩瓔珞經\菩薩瓔珞經__juan_0003.txt,9818,9818
高麗版大藏經,菩薩瓔珞經,菩薩瓔珞經,菩薩瓔珞經,竺佛念,姚秦,gaoli_index,菩薩瓔珞經/卷九,4,raw\菩薩瓔珞經\菩薩瓔珞經__juan_0004.txt,clean\菩薩瓔珞經\菩薩瓔珞經__juan_0004.txt,8930,8930
高麗版大藏經,菩薩瓔珞經,菩薩瓔珞經,菩薩瓔珞經,竺佛念,姚秦,gaoli_index,菩薩瓔珞經/卷二,5,raw\菩薩瓔珞經\菩薩瓔珞經__juan_0005.txt,clean\菩薩瓔珞經\菩薩瓔珞經__juan_0005.txt,9699,9699
高麗版大藏經,菩薩瓔珞經,菩薩瓔珞經,菩薩瓔珞經,竺佛念,姚秦,gaoli_index,菩薩瓔珞經/卷二十,6,raw\菩薩瓔珞經\菩薩瓔珞經__juan_0006.txt,clean\菩薩瓔珞經\菩薩瓔珞經__juan_0006.txt,7324,7324
高麗版大藏經,菩薩瓔珞經,菩薩瓔珞經,菩薩瓔珞經,竺佛念,姚秦,gaoli_index,菩薩瓔珞經/卷五,7,raw\菩薩瓔珞經\菩薩瓔珞經__juan_0007.txt,clean\菩薩瓔珞經\菩薩瓔珞經__juan_0007.txt,7828,7828
高麗版大藏經,菩薩瓔珞經,菩薩瓔珞經,菩薩瓔珞經,竺佛念,姚秦,gaoli_index,菩薩瓔珞經/卷八,8,raw\菩薩瓔珞經\菩薩瓔珞經__juan_0008.txt,clean\菩薩瓔珞經\菩薩瓔珞經__juan_0008.txt,10476,10476
高麗版大藏經,菩薩瓔珞經,菩薩瓔珞經,菩薩瓔珞經,竺佛念,姚秦,gaoli_index,菩薩瓔珞經/卷六,9,raw\菩薩瓔珞經\菩薩瓔珞經__juan_0009.txt,clean\菩薩瓔珞經\菩薩瓔珞經__juan_0009.txt,9413,9413
高麗版大藏經,菩薩瓔珞經,菩薩瓔珞經,菩薩瓔珞經,竺佛念,姚秦,gaoli_index,菩薩瓔珞經/卷十,10,raw\菩薩瓔珞經\菩薩瓔珞經__juan_0010.txt,clean\菩薩瓔珞經\菩薩瓔珞經__juan_0010.txt,10333,10333
高麗版大藏經,菩薩瓔珞經,菩薩瓔珞經,菩薩瓔珞經,竺佛念,姚秦,gaoli_index,菩薩瓔珞經/卷十一,11,raw\菩薩瓔珞經\菩薩瓔珞經__juan_0011.txt,clean\菩薩瓔珞經\菩薩瓔珞經__juan_0011.txt,10688,10688
高麗版大藏經,菩薩瓔珞經,菩薩瓔珞經,菩薩瓔珞經,竺佛念,姚秦,gaoli_index,菩薩瓔珞經/卷十七,12,raw\菩薩瓔珞經\菩薩瓔珞經__juan_0012.txt,clean\菩薩瓔珞經\菩薩瓔珞經__juan_0012.txt,15237,15237
高麗版大藏經,菩薩瓔珞經,菩薩瓔珞經,菩薩瓔珞經,竺佛念,姚秦,gaoli_index,菩薩瓔珞經/卷十三,13,raw\菩薩瓔珞經\菩薩瓔珞經__juan_0013.txt,clean\菩薩瓔珞經\菩薩瓔珞經__juan_0013.txt,8104,8104
高麗版大藏經,菩薩瓔珞經,菩薩瓔珞經,菩薩瓔珞經,竺佛念,姚秦,gaoli_index,菩薩瓔珞經/卷十九,14,raw\菩薩瓔珞經\菩薩瓔珞經__juan_0014.txt,clean\菩薩瓔珞經\菩薩瓔珞經__juan_0014.txt,9272,9272
高麗版大藏經,菩薩瓔珞經,菩薩瓔珞經,菩薩瓔珞經,竺佛念,姚秦,gaoli_index,菩薩瓔珞經/卷十二,15,raw\菩薩瓔珞經\菩薩瓔珞經__juan_0015.txt,clean\菩薩瓔珞經\菩薩瓔珞經__juan_0015.txt,8780,8780
高麗版大藏經,菩薩瓔珞經,菩薩瓔珞經,菩薩瓔珞經,竺佛念,姚秦,gaoli_index,菩薩瓔珞經/卷十五,16,raw\菩薩瓔珞經\菩薩瓔珞經__juan_0016.txt,clean\菩薩瓔珞經\菩薩瓔珞經__juan_0016.txt,8002,8002
高麗版大藏經,菩薩瓔珞經,菩薩瓔珞經,菩薩瓔珞經,竺佛念,姚秦,gaoli_index,菩薩瓔珞經/卷十八,17,raw\菩薩瓔珞經\菩薩瓔珞經__juan_0017.txt,clean\菩薩瓔珞經\菩薩瓔珞經__juan_0017.txt,13043,13043
高麗版大藏經,菩薩瓔珞經,菩薩瓔珞經,菩薩瓔珞經,竺佛念,姚秦,gaoli_index,菩薩瓔珞經/卷十六,18,raw\菩薩瓔珞經\菩薩瓔珞經__juan_0018.txt,clean\菩薩瓔珞經\菩薩瓔珞經__juan_0018.txt,13088,13088
高麗版大藏經,菩薩瓔珞經,菩薩瓔珞經,菩薩瓔珞經,竺佛念,姚秦,gaoli_index,菩薩瓔珞經/卷十四,19,raw\菩薩瓔珞經\菩薩瓔珞經__juan_0019.txt,clean\菩薩瓔珞經\菩薩瓔珞經__juan_0019.txt,9574,9574
高麗版大藏經,菩薩瓔珞經,菩薩瓔珞經,菩薩瓔珞經,竺佛念,姚秦,gaoli_index,菩薩瓔珞經/卷四,20,raw\菩薩瓔珞經\菩薩瓔珞經__juan_0020.txt,clean\菩薩瓔珞經\菩薩瓔珞經__juan_0020.txt,10404,10404
高麗版大藏經,佛說超日明三昧經,佛說超日明三昧經,佛說超日明三昧經,聶承遠,西晉,gaoli_index,佛說超日明三昧經/卷01,1,raw\佛說超日明三昧經\佛說超日明三昧經__juan_0001.txt,clean\佛說超日明三昧經\佛說超日明三昧經__juan_0001.txt,14761,14761
高麗版大藏經,佛說超日明三昧經,佛說超日明三昧經,佛說超日明三昧經,聶承遠,西晉,gaoli_index,佛說超日明三昧經/卷02,2,raw\佛說超日明三昧經\佛說超日明三昧經__juan_0002.txt,clean\佛說超日明三昧經\佛說超日明三昧經__juan_0002.txt,11887,11887
高麗版大藏經,賢劫經,賢劫經,賢劫經,竺法護,西晉,gaoli_index,賢劫經/卷一,1,raw\賢劫經\賢劫經__juan_0001.txt,clean\賢劫經\賢劫經__juan_0001.txt,9462,9462
高麗版大藏經,賢劫經,賢劫經,賢劫經,竺法護,西晉,gaoli_index,賢劫經/卷七,2,raw\賢劫經\賢劫經__juan_0002.txt,clean\賢劫經\賢劫經__juan_0002.txt,12186,12186
高麗版大藏經,賢劫經,賢劫經,賢劫經,竺法護,西晉,gaoli_index,賢劫經/卷三,3,raw\賢劫經\賢劫經__juan_0003.txt,clean\賢劫經\賢劫經__juan_0003.txt,10284,10284
高麗版大藏經,賢劫經,賢劫經,賢劫經,竺法護,西晉,gaoli_index,賢劫經/卷九,4,raw\賢劫經\賢劫經__juan_0004.txt,clean\賢劫經\賢劫經__juan_0004.txt,9441,9441
高麗版大藏經,賢劫經,賢劫經,賢劫經,竺法護,西晉,gaoli_index,賢劫經/卷二,5,raw\賢劫經\賢劫經__juan_0005.txt,clean\賢劫經\賢劫經__juan_0005.txt,8915,8915
高麗版大藏經,賢劫經,賢劫經,賢劫經,竺法護,西晉,gaoli_index,賢劫經/卷五,6,raw\賢劫經\賢劫經__juan_0006.txt,clean\賢劫經\賢劫經__juan_0006.txt,8213,8213
高麗版大藏經,賢劫經,賢劫經,賢劫經,竺法護,西晉,gaoli_index,賢劫經/卷八,7,raw\賢劫經\賢劫經__juan_0007.txt,clean\賢劫經\賢劫經__juan_0007.txt,11062,11062
高麗版大藏經,賢劫經,賢劫經,賢劫經,竺法護,西晉,gaoli_index,賢劫經/卷六,8,raw\賢劫經\賢劫經__juan_0008.txt,clean\賢劫經\賢劫經__juan_0008.txt,12022,12022
高麗版大藏經,賢劫經,賢劫經,賢劫經,竺法護,西晉,gaoli_index,賢劫經/卷十,9,raw\賢劫經\賢劫經__juan_0009.txt,clean\賢劫經\賢劫經__juan_0009.txt,11072,11072
高麗版大藏經,賢劫經,賢劫經,賢劫經,竺法護,西晉,gaoli_index,賢劫經/卷四,10,raw\賢劫經\賢劫經__juan_0010.txt,clean\賢劫經\賢劫經__juan_0010.txt,10440,10440
高麗版大藏經,大法炬陀羅尼經,大法炬陀羅尼經,大法炬陀羅尼經,闍那崛多等,隋,gaoli_index,大法炬陀羅尼經/卷一,1,raw\大法炬陀羅尼經\大法炬陀羅尼經__juan_0001.txt,clean\大法炬陀羅尼經\大法炬陀羅尼經__juan_0001.txt,7241,7241
高麗版大藏經,大法炬陀羅尼經,大法炬陀羅尼經,大法炬陀羅尼經,闍那崛多等,隋,gaoli_index,大法炬陀羅尼經/卷七,2,raw\大法炬陀羅尼經\大法炬陀羅尼經__juan_0002.txt,clean\大法炬陀羅尼經\大法炬陀羅尼經__juan_0002.txt,7601,7601
高麗版大藏經,大法炬陀羅尼經,大法炬陀羅尼經,大法炬陀羅尼經,闍那崛多等,隋,gaoli_index,大法炬陀羅尼經/卷三,3,raw\大法炬陀羅尼經\大法炬陀羅尼經__juan_0003.txt,clean\大法炬陀羅尼經\大法炬陀羅尼經__juan_0003.txt,7730,7730
高麗版大藏經,大法炬陀羅尼經,大法炬陀羅尼經,大法炬陀羅尼經,闍那崛多等,隋,gaoli_index,大法炬陀羅尼經/卷九,4,raw\大法炬陀羅尼經\大法炬陀羅尼經__juan_0004.txt,clean\大法炬陀羅尼經\大法炬陀羅尼經__juan_0004.txt,6954,6954
高麗版大藏經,大法炬陀羅尼經,大法炬陀羅尼經,大法炬陀羅尼經,闍那崛多等,隋,gaoli_index,大法炬陀羅尼經/卷二,5,raw\大法炬陀羅尼經\大法炬陀羅尼經__juan_0005.txt,clean\大法炬陀羅尼經\大法炬陀羅尼經__juan_0005.txt,7743,7743
高麗版大藏經,大法炬陀羅尼經,大法炬陀羅尼經,大法炬陀羅尼經,闍那崛多等,隋,gaoli_index,大法炬陀羅尼經/卷二十,6,raw\大法炬陀羅尼經\大法炬陀羅尼經__juan_0006.txt,clean\大法炬陀羅尼經\大法炬陀羅尼經__juan_0006.txt,8126,8126
高麗版大藏經,大法炬陀羅尼經,大法炬陀羅尼經,大法炬陀羅尼經,闍那崛多等,隋,gaoli_index,大法炬陀羅尼經/卷五,7,raw\大法炬陀羅尼經\大法炬陀羅尼經__juan_0007.txt,clean\大法炬陀羅尼經\大法炬陀羅尼經__juan_0007.txt,7538,7538
高麗版大藏經,大法炬陀羅尼經,大法炬陀羅尼經,大法炬陀羅尼經,闍那崛多等,隋,gaoli_index,大法炬陀羅尼經/卷八,8,raw\大法炬陀羅尼經\大法炬陀羅尼經__juan_0008.txt,clean\大法炬陀羅尼經\大法炬陀羅尼經__juan_0008.txt,7335,7335
高麗版大藏經,大法炬陀羅尼經,大法炬陀羅尼經,大法炬陀羅尼經,闍那崛多等,隋,gaoli_index,大法炬陀羅尼經/卷六,9,raw\大法炬陀羅尼經\大法炬陀羅尼經__juan_0009.txt,clean\大法炬陀羅尼經\大法炬陀羅尼經__juan_0009.txt,7655,7655
高麗版大藏經,大法炬陀羅尼經,大法炬陀羅尼經,大法炬陀羅尼經,闍那崛多等,隋,gaoli_index,大法炬陀羅尼經/卷十,10,raw\大法炬陀羅尼經\大法炬陀羅尼經__juan_0010.txt,clean\大法炬陀羅尼經\大法炬陀羅尼經__juan_0010.txt,8013,8013
高麗版大藏經,大法炬陀羅尼經,大法炬陀羅尼經,大法炬陀羅尼經,闍那崛多等,隋,gaoli_index,大法炬陀羅尼經/卷十一,11,raw\大法炬陀羅尼經\大法炬陀羅尼經__juan_0011.txt,clean\大法炬陀羅尼經\大法炬陀羅尼經__juan_0011.txt,7807,7807
高麗版大藏經,大法炬陀羅尼經,大法炬陀羅尼經,大法炬陀羅尼經,闍那崛多等,隋,gaoli_index,大法炬陀羅尼經/卷十七,12,raw\大法炬陀羅尼經\大法炬陀羅尼經__juan_0012.txt,clean\大法炬陀羅尼經\大法炬陀羅尼經__juan_0012.txt,7867,7867
高麗版大藏經,大法炬陀羅尼經,大法炬陀羅尼經,大法炬陀羅尼經,闍那崛多等,隋,gaoli_index,大法炬陀羅尼經/卷十三,13,raw\大法炬陀羅尼經\大法炬陀羅尼經__juan_0013.txt,clean\大法炬陀羅尼經\大法炬陀羅尼經__juan_0013.txt,8031,8031
高麗版大藏經,大法炬陀羅尼經,大法炬陀羅尼經,大法炬陀羅尼經,闍那崛多等,隋,gaoli_index,大法炬陀羅尼經/卷十九,14,raw\大法炬陀羅尼經\大法炬陀羅尼經__juan_0014.txt,clean\大法炬陀羅尼經\大法炬陀羅尼經__juan_0014.txt,8163,8163
高麗版大藏經,大法炬陀羅尼經,大法炬陀羅尼經,大法炬陀羅尼經,闍那崛多等,隋,gaoli_index,大法炬陀羅尼經/卷十二,15,raw\大法炬陀羅尼經\大法炬陀羅尼經__juan_0015.txt,clean\大法炬陀羅尼經\大法炬陀羅尼經__juan_0015.txt,7451,7451
高麗版大藏經,大法炬陀羅尼經,大法炬陀羅尼經,大法炬陀羅尼經,闍那崛多等,隋,gaoli_index,大法炬陀羅尼經/卷十五,16,raw\大法炬陀羅尼經\大法炬陀羅尼經__juan_0016.txt,clean\大法炬陀羅尼經\大法炬陀羅尼經__juan_0016.txt,8868,8868
高麗版大藏經,大法炬陀羅尼經,大法炬陀羅尼經,大法炬陀羅尼經,闍那崛多等,隋,gaoli_index,大法炬陀羅尼經/卷十八,17,raw\大法炬陀羅尼經\大法炬陀羅尼經__juan_0017.txt,clean\大法炬陀羅尼經\大法炬陀羅尼經__juan_0017.txt,7241,7241
高麗版大藏經,大法炬陀羅尼經,大法炬陀羅尼經,大法炬陀羅尼經,闍那崛多等,隋,gaoli_index,大法炬陀羅尼經/卷十六,18,raw\大法炬陀羅尼經\大法炬陀羅尼經__juan_0018.txt,clean\大法炬陀羅尼經\大法炬陀羅尼經__juan_0018.txt,6517,6517
高麗版大藏經,大法炬陀羅尼經,大法炬陀羅尼經,大法炬陀羅尼經,闍那崛多等,隋,gaoli_index,大法炬陀羅尼經/卷十四,19,raw\大法炬陀羅尼經\大法炬陀羅尼經__juan_0019.txt,clean\大法炬陀羅尼經\大法炬陀羅尼經__juan_0019.txt,8658,8658
高麗版大藏經,大法炬陀羅尼經,大法炬陀羅尼經,大法炬陀羅尼經,闍那崛多等,隋,gaoli_index,大法炬陀羅尼經/卷四,20,raw\大法炬陀羅尼經\大法炬陀羅尼經__juan_0020.txt,clean\大法炬陀羅尼經\大法炬陀羅尼經__juan_0020.txt,8333,8333
高麗版大藏經,五千五百佛名神咒除障滅罪經,五千五百佛名神咒除障滅罪經,五千五百佛名神咒除障滅罪經,闍那崛多,隋,gaoli_index,五千五百佛名神咒除障滅罪經/卷01,1,raw\五千五百佛名神咒除障滅罪經\五千五百佛名神咒除障滅罪經__juan_0001.txt,clean\五千五百佛名神咒除障滅罪經\五千五百佛名神咒除障滅罪經__juan_0001.txt,7445,7445
高麗版大藏經,五千五百佛名神咒除障滅罪經,五千五百佛名神咒除障滅罪經,五千五百佛名神咒除障滅罪經,闍那崛多,隋,gaoli_index,五千五百佛名神咒除障滅罪經/卷02,2,raw\五千五百佛名神咒除障滅罪經\五千五百佛名神咒除障滅罪經__juan_0002.txt,clean\五千五百佛名神咒除障滅罪經\五千五百佛名神咒除障滅罪經__juan_0002.txt,6286,6286
高麗版大藏經,五千五百佛名神咒除障滅罪經,五千五百佛名神咒除障滅罪經,五千五百佛名神咒除障滅罪經,闍那崛多,隋,gaoli_index,五千五百佛名神咒除障滅罪經/卷03,3,raw\五千五百佛名神咒除障滅罪經\五千五百佛名神咒除障滅罪經__juan_0003.txt,clean\五千五百佛名神咒除障滅罪經\五千五百佛名神咒除障滅罪經__juan_0003.txt,10335,10335
高麗版大藏經,五千五百佛名神咒除障滅罪經,五千五百佛名神咒除障滅罪經,五千五百佛名神咒除障滅罪經,闍那崛多,隋,gaoli_index,五千五百佛名神咒除障滅罪經/卷04,4,raw\五千五百佛名神咒除障滅罪經\五千五百佛名神咒除障滅罪經__juan_0004.txt,clean\五千五百佛名神咒除障滅罪經\五千五百佛名神咒除障滅罪經__juan_0004.txt,11938,11938
高麗版大藏經,五千五百佛名神咒除障滅罪經,五千五百佛名神咒除障滅罪經,五千五百佛名神咒除障滅罪經,闍那崛多,隋,gaoli_index,五千五百佛名神咒除障滅罪經/卷05,5,raw\五千五百佛名神咒除障滅罪經\五千五百佛名神咒除障滅罪經__juan_0005.txt,clean\五千五百佛名神咒除障滅罪經\五千五百佛名神咒除障滅罪經__juan_0005.txt,6114,6114
高麗版大藏經,五千五百佛名神咒除障滅罪經,五千五百佛名神咒除障滅罪經,五千五百佛名神咒除障滅罪經,闍那崛多,隋,gaoli_index,五千五百佛名神咒除障滅罪經/卷06,6,raw\五千五百佛名神咒除障滅罪經\五千五百佛名神咒除障滅罪經__juan_0006.txt,clean\五千五百佛名神咒除障滅罪經\五千五百佛名神咒除障滅罪經__juan_0006.txt,6089,6089
高麗版大藏經,五千五百佛名神咒除障滅罪經,五千五百佛名神咒除障滅罪經,五千五百佛名神咒除障滅罪經,闍那崛多,隋,gaoli_index,五千五百佛名神咒除障滅罪經/卷07,7,raw\五千五百佛名神咒除障滅罪經\五千五百佛名神咒除障滅罪經__juan_0007.txt,clean\五千五百佛名神咒除障滅罪經\五千五百佛名神咒除障滅罪經__juan_0007.txt,6654,6654
高麗版大藏經,五千五百佛名神咒除障滅罪經,五千五百佛名神咒除障滅罪經,五千五百佛名神咒除障滅罪經,闍那崛多,隋,gaoli_index,五千五百佛名神咒除障滅罪經/卷08,8,raw\五千五百佛名神咒除障滅罪經\五千五百佛名神咒除障滅罪經__juan_0008.txt,clean\五千五百佛名神咒除障滅罪經\五千五百佛名神咒除障滅罪經__juan_0008.txt,6762,6762
高麗版大藏經,佛說不思議功德諸佛所護念經,佛說不思議功德諸佛所護念經,佛說不思議功德諸佛所護念經,曹魏錄,失譯,gaoli_index,佛說不思議功德諸佛所護念經/卷01,1,raw\佛說不思議功德諸佛所護念經\佛說不思議功德諸佛所護念經__juan_0001.txt,clean\佛說不思議功德諸佛所護念經\佛說不思議功德諸佛所護念經__juan_0001.txt,6008,6008
高麗版大藏經,佛說不思議功德諸佛所護念經,佛說不思議功德諸佛所護念經,佛說不思議功德諸佛所護念經,曹魏錄,失譯,gaoli_index,佛說不思議功德諸佛所護念經/卷02,2,raw\佛說不思議功德諸佛所護念經\佛說不思議功德諸佛所護念經__juan_0002.txt,clean\佛說不思議功德諸佛所護念經\佛說不思議功德諸佛所護念經__juan_0002.txt,7495,7495
高麗版大藏經,佛說華手經,佛說華手經,佛說華手經,鳩摩羅什,後秦,gaoli_index,佛說華手經/卷01,1,raw\佛說華手經\佛說華手經__juan_0001.txt,clean\佛說華手經\佛說華手經__juan_0001.txt,11311,11311
高麗版大藏經,佛說華手經,佛說華手經,佛說華手經,鳩摩羅什,後秦,gaoli_index,佛說華手經/卷02,2,raw\佛說華手經\佛說華手經__juan_0002.txt,clean\佛說華手經\佛說華手經__juan_0002.txt,10371,10371
高麗版大藏經,佛說華手經,佛說華手經,佛說華手經,鳩摩羅什,後秦,gaoli_index,佛說華手經/卷03,3,raw\佛說華手經\佛說華手經__juan_0003.txt,clean\佛說華手經\佛說華手經__juan_0003.txt,13238,13238
高麗版大藏經,佛說華手經,佛說華手經,佛說華手經,鳩摩羅什,後秦,gaoli_index,佛說華手經/卷04,4,raw\佛說華手經\佛說華手經__juan_0004.txt,clean\佛說華手經\佛說華手經__juan_0004.txt,14365,14365
高麗版大藏經,佛說華手經,佛說華手經,佛說華手經,鳩摩羅什,後秦,gaoli_index,佛說華手經/卷05,5,raw\佛說華手經\佛說華手經__juan_0005.txt,clean\佛說華手經\佛說華手經__juan_0005.txt,13885,13885
高麗版大藏經,佛說華手經,佛說華手經,佛說華手經,鳩摩羅什,後秦,gaoli_index,佛說華手經/卷06,6,raw\佛說華手經\佛說華手經__juan_0006.txt,clean\佛說華手經\佛說華手經__juan_0006.txt,15914,15914
高麗版大藏經,佛說華手經,佛說華手經,佛說華手經,鳩摩羅什,後秦,gaoli_index,佛說華手經/卷07,7,raw\佛說華手經\佛說華手經__juan_0007.txt,clean\佛說華手經\佛說華手經__juan_0007.txt,12120,12120
高麗版大藏經,佛說華手經,佛說華手經,佛說華手經,鳩摩羅什,後秦,gaoli_index,佛說華手經/卷08,8,raw\佛說華手經\佛說華手經__juan_0008.txt,clean\佛說華手經\佛說華手經__juan_0008.txt,12847,12847
高麗版大藏經,佛說華手經,佛說華手經,佛說華手經,鳩摩羅什,後秦,gaoli_index,佛說華手經/卷09,9,raw\佛說華手經\佛說華手經__juan_0009.txt,clean\佛說華手經\佛說華手經__juan_0009.txt,13460,13460
高麗版大藏經,佛說華手經,佛說華手經,佛說華手經,鳩摩羅什,後秦,gaoli_index,佛說華手經/卷10,10,raw\佛說華手經\佛說華手經__juan_0010.txt,clean\佛說華手經\佛說華手經__juan_0010.txt,12189,12189
高麗版大藏經,僧伽吒經,僧伽吒經,僧伽吒經,月婆首那,元魏,gaoli_index,僧伽吒經/卷01,1,raw\僧伽吒經\僧伽吒經__juan_0001.txt,clean\僧伽吒經\僧伽吒經__juan_0001.txt,8464,8464
高麗版大藏經,僧伽吒經,僧伽吒經,僧伽吒經,月婆首那,元魏,gaoli_index,僧伽吒經/卷02,2,raw\僧伽吒經\僧伽吒經__juan_0002.txt,clean\僧伽吒經\僧伽吒經__juan_0002.txt,8307,8307
高麗版大藏經,僧伽吒經,僧伽吒經,僧伽吒經,月婆首那,元魏,gaoli_index,僧伽吒經/卷03,3,raw\僧伽吒經\僧伽吒經__juan_0003.txt,clean\僧伽吒經\僧伽吒經__juan_0003.txt,5905,5905
高麗版大藏經,僧伽吒經,僧伽吒經,僧伽吒經,月婆首那,元魏,gaoli_index,僧伽吒經/卷04,4,raw\僧伽吒經\僧伽吒經__juan_0004.txt,clean\僧伽吒經\僧伽吒經__juan_0004.txt,6695,6695
高麗版大藏經,力莊嚴三昧經,力莊嚴三昧經,力莊嚴三昧經,那連提耶舍,隋,gaoli_index,力莊嚴三昧經/卷01,1,raw\力莊嚴三昧經\力莊嚴三昧經__juan_0001.txt,clean\力莊嚴三昧經\力莊嚴三昧經__juan_0001.txt,6909,6909
高麗版大藏經,力莊嚴三昧經,力莊嚴三昧經,力莊嚴三昧經,那連提耶舍,隋,gaoli_index,力莊嚴三昧經/卷02,2,raw\力莊嚴三昧經\力莊嚴三昧經__juan_0002.txt,clean\力莊嚴三昧經\力莊嚴三昧經__juan_0002.txt,6690,6690
高麗版大藏經,力莊嚴三昧經,力莊嚴三昧經,力莊嚴三昧經,那連提耶舍,隋,gaoli_index,力莊嚴三昧經/卷03,3,raw\力莊嚴三昧經\力莊嚴三昧經__juan_0003.txt,clean\力莊嚴三昧經\力莊嚴三昧經__juan_0003.txt,7009,7009
高麗版大藏經,大方便佛報恩經,大方便佛報恩經,大方便佛報恩經,後漢錄,失譯,gaoli_index,大方便佛報恩經/卷01,1,raw\大方便佛報恩經\大方便佛報恩經__juan_0001.txt,clean\大方便佛報恩經\大方便佛報恩經__juan_0001.txt,9911,9911
高麗版大藏經,大方便佛報恩經,大方便佛報恩經,大方便佛報恩經,後漢錄,失譯,gaoli_index,大方便佛報恩經/卷02,2,raw\大方便佛報恩經\大方便佛報恩經__juan_0002.txt,clean\大方便佛報恩經\大方便佛報恩經__juan_0002.txt,9707,9707
高麗版大藏經,大方便佛報恩經,大方便佛報恩經,大方便佛報恩經,後漢錄,失譯,gaoli_index,大方便佛報恩經/卷03,3,raw\大方便佛報恩經\大方便佛報恩經__juan_0003.txt,clean\大方便佛報恩經\大方便佛報恩經__juan_0003.txt,9656,9656
高麗版大藏經,大方便佛報恩經,大方便佛報恩經,大方便佛報恩經,後漢錄,失譯,gaoli_index,大方便佛報恩經/卷04,4,raw\大方便佛報恩經\大方便佛報恩經__juan_0004.txt,clean\大方便佛報恩經\大方便佛報恩經__juan_0004.txt,9965,9965
高麗版大藏經,大方便佛報恩經,大方便佛報恩經,大方便佛報恩經,後漢錄,失譯,gaoli_index,大方便佛報恩經/卷05,5,raw\大方便佛報恩經\大方便佛報恩經__juan_0005.txt,clean\大方便佛報恩經\大方便佛報恩經__juan_0005.txt,9145,9145
高麗版大藏經,大方便佛報恩經,大方便佛報恩經,大方便佛報恩經,後漢錄,失譯,gaoli_index,大方便佛報恩經/卷06,6,raw\大方便佛報恩經\大方便佛報恩經__juan_0006.txt,clean\大方便佛報恩經\大方便佛報恩經__juan_0006.txt,11419,11419
高麗版大藏經,大方便佛報恩經,大方便佛報恩經,大方便佛報恩經,後漢錄,失譯,gaoli_index,大方便佛報恩經/卷07,7,raw\大方便佛報恩經\大方便佛報恩經__juan_0007.txt,clean\大方便佛報恩經\大方便佛報恩經__juan_0007.txt,8033,8033
高麗版大藏經,佛說菩薩本行經,佛說菩薩本行經,佛說菩薩本行經,東晉錄,失譯,gaoli_index,佛說菩薩本行經/卷上,1,raw\佛說菩薩本行經\佛說菩薩本行經__juan_0001.txt,clean\佛說菩薩本行經\佛說菩薩本行經__juan_0001.txt,8844,8844
高麗版大藏經,佛說菩薩本行經,佛說菩薩本行經,佛說菩薩本行經,東晉錄,失譯,gaoli_index,佛說菩薩本行經/卷下,2,raw\佛說菩薩本行經\佛說菩薩本行經__juan_0002.txt,clean\佛說菩薩本行經\佛說菩薩本行經__juan_0002.txt,8554,8554
高麗版大藏經,佛說菩薩本行經,佛說菩薩本行經,佛說菩薩本行經,東晉錄,失譯,gaoli_index,佛說菩薩本行經/卷中,3,raw\佛說菩薩本行經\佛說菩薩本行經__juan_0003.txt,clean\佛說菩薩本行經\佛說菩薩本行經__juan_0003.txt,9059,9059
高麗版大藏經,佛說法集經,佛說法集經,佛說法集經,菩提流支,元魏,gaoli_index,佛說法集經/卷01,1,raw\佛說法集經\佛說法集經__juan_0001.txt,clean\佛說法集經\佛說法集經__juan_0001.txt,11054,11054
高麗版大藏經,佛說法集經,佛說法集經,佛說法集經,菩提流支,元魏,gaoli_index,佛說法集經/卷02,2,raw\佛說法集經\佛說法集經__juan_0002.txt,clean\佛說法集經\佛說法集經__juan_0002.txt,9415,9415
高麗版大藏經,佛說法集經,佛說法集經,佛說法集經,菩提流支,元魏,gaoli_index,佛說法集經/卷03,3,raw\佛說法集經\佛說法集經__juan_0003.txt,clean\佛說法集經\佛說法集經__juan_0003.txt,11811,11811
高麗版大藏經,佛說法集經,佛說法集經,佛說法集經,菩提流支,元魏,gaoli_index,佛說法集經/卷04,4,raw\佛說法集經\佛說法集經__juan_0004.txt,clean\佛說法集經\佛說法集經__juan_0004.txt,13326,13326
高麗版大藏經,佛說法集經,佛說法集經,佛說法集經,菩提流支,元魏,gaoli_index,佛說法集經/卷05,5,raw\佛說法集經\佛說法集經__juan_0005.txt,clean\佛說法集經\佛說法集經__juan_0005.txt,12571,12571
高麗版大藏經,佛說法集經,佛說法集經,佛說法集經,菩提流支,元魏,gaoli_index,佛說法集經/卷06,6,raw\佛說法集經\佛說法集經__juan_0006.txt,clean\佛說法集經\佛說法集經__juan_0006.txt,11908,11908
高麗版大藏經,觀察諸法行經,觀察諸法行經,觀察諸法行經,闍那崛多,隋,gaoli_index,觀察諸法行經/卷01,1,raw\觀察諸法行經\觀察諸法行經__juan_0001.txt,clean\觀察諸法行經\觀察諸法行經__juan_0001.txt,7301,7301
高麗版大藏經,觀察諸法行經,觀察諸法行經,觀察諸法行經,闍那崛多,隋,gaoli_index,觀察諸法行經/卷02,2,raw\觀察諸法行經\觀察諸法行經__juan_0002.txt,clean\觀察諸法行經\觀察諸法行經__juan_0002.txt,7565,7565
高麗版大藏經,觀察諸法行經,觀察諸法行經,觀察諸法行經,闍那崛多,隋,gaoli_index,觀察諸法行經/卷03,3,raw\觀察諸法行經\觀察諸法行經__juan_0003.txt,clean\觀察諸法行經\觀察諸法行經__juan_0003.txt,9471,9471
高麗版大藏經,觀察諸法行經,觀察諸法行經,觀察諸法行經,闍那崛多,隋,gaoli_index,觀察諸法行經/卷04,4,raw\觀察諸法行經\觀察諸法行經__juan_0004.txt,clean\觀察諸法行經\觀察諸法行經__juan_0004.txt,12058,12058
高麗版大藏經,菩薩從兜術天降神母胎說廣普經,菩薩從兜術天降神母胎說廣普經,菩薩從兜術天降神母胎說廣普經,竺佛念,姚秦,gaoli_index,菩薩從兜術天降神母胎說廣普經/卷01,1,raw\菩薩從兜術天降神母胎說廣普經\菩薩從兜術天降神母胎說廣普經__juan_0001.txt,clean\菩薩從兜術天降神母胎說廣普經\菩薩從兜術天降神母胎說廣普經__juan_0001.txt,9259,9259
高麗版大藏經,菩薩從兜術天降神母胎說廣普經,菩薩從兜術天降神母胎說廣普經,菩薩從兜術天降神母胎說廣普經,竺佛念,姚秦,gaoli_index,菩薩從兜術天降神母胎說廣普經/卷02,2,raw\菩薩從兜術天降神母胎說廣普經\菩薩從兜術天降神母胎說廣普經__juan_0002.txt,clean\菩薩從兜術天降神母胎說廣普經\菩薩從兜術天降神母胎說廣普經__juan_0002.txt,8692,8692
高麗版大藏經,菩薩從兜術天降神母胎說廣普經,菩薩從兜術天降神母胎說廣普經,菩薩從兜術天降神母胎說廣普經,竺佛念,姚秦,gaoli_index,菩薩從兜術天降神母胎說廣普經/卷03,3,raw\菩薩從兜術天降神母胎說廣普經\菩薩從兜術天降神母胎說廣普經__juan_0003.txt,clean\菩薩從兜術天降神母胎說廣普經\菩薩從兜術天降神母胎說廣普經__juan_0003.txt,9805,9805
高麗版大藏經,菩薩從兜術天降神母胎說廣普經,菩薩從兜術天降神母胎說廣普經,菩薩從兜術天降神母胎說廣普經,竺佛念,姚秦,gaoli_index,菩薩從兜術天降神母胎說廣普經/卷04,4,raw\菩薩從兜術天降神母胎說廣普經\菩薩從兜術天降神母胎說廣普經__juan_0004.txt,clean\菩薩從兜術天降神母胎說廣普經\菩薩從兜術天降神母胎說廣普經__juan_0004.txt,8272,8272
高麗版大藏經,菩薩從兜術天降神母胎說廣普經,菩薩從兜術天降神母胎說廣普經,菩薩從兜術天降神母胎說廣普經,竺佛念,姚秦,gaoli_index,菩薩從兜術天降神母胎說廣普經/卷05,5,raw\菩薩從兜術天降神母胎說廣普經\菩薩從兜術天降神母胎說廣普經__juan_0005.txt,clean\菩薩從兜術天降神母胎說廣普經\菩薩從兜術天降神母胎說廣普經__juan_0005.txt,8357,8357
高麗版大藏經,菩薩從兜術天降神母胎說廣普經,菩薩從兜術天降神母胎說廣普經,菩薩從兜術天降神母胎說廣普經,竺佛念,姚秦,gaoli_index,菩薩從兜術天降神母胎說廣普經/卷06,6,raw\菩薩從兜術天降神母胎說廣普經\菩薩從兜術天降神母胎說廣普經__juan_0006.txt,clean\菩薩從兜術天降神母胎說廣普經\菩薩從兜術天降神母胎說廣普經__juan_0006.txt,7848,7848
高麗版大藏經,菩薩從兜術天降神母胎說廣普經,菩薩從兜術天降神母胎說廣普經,菩薩從兜術天降神母胎說廣普經,竺佛念,姚秦,gaoli_index,菩薩從兜術天降神母胎說廣普經/卷07,7,raw\菩薩從兜術天降神母胎說廣普經\菩薩從兜術天降神母胎說廣普經__juan_0007.txt,clean\菩薩從兜術天降神母胎說廣普經\菩薩從兜術天降神母胎說廣普經__juan_0007.txt,16241,16241
高麗版大藏經,佛說弘道廣顯三昧經,佛說弘道廣顯三昧經,佛說弘道廣顯三昧經,竺法護,西晉,gaoli_index,佛說弘道廣顯三昧經/卷01,1,raw\佛說弘道廣顯三昧經\佛說弘道廣顯三昧經__juan_0001.txt,clean\佛說弘道廣顯三昧經\佛說弘道廣顯三昧經__juan_0001.txt,8708,8708
高麗版大藏經,佛說弘道廣顯三昧經,佛說弘道廣顯三昧經,佛說弘道廣顯三昧經,竺法護,西晉,gaoli_index,佛說弘道廣顯三昧經/卷02,2,raw\佛說弘道廣顯三昧經\佛說弘道廣顯三昧經__juan_0002.txt,clean\佛說弘道廣顯三昧經\佛說弘道廣顯三昧經__juan_0002.txt,7494,7494
高麗版大藏經,佛說弘道廣顯三昧經,佛說弘道廣顯三昧經,佛說弘道廣顯三昧經,竺法護,西晉,gaoli_index,佛說弘道廣顯三昧經/卷03,3,raw\佛說弘道廣顯三昧經\佛說弘道廣顯三昧經__juan_0003.txt,clean\佛說弘道廣顯三昧經\佛說弘道廣顯三昧經__juan_0003.txt,7535,7535
高麗版大藏經,佛說弘道廣顯三昧經,佛說弘道廣顯三昧經,佛說弘道廣顯三昧經,竺法護,西晉,gaoli_index,佛說弘道廣顯三昧經/卷04,4,raw\佛說弘道廣顯三昧經\佛說弘道廣顯三昧經__juan_0004.txt,clean\佛說弘道廣顯三昧經\佛說弘道廣顯三昧經__juan_0004.txt,6912,6912
高麗版大藏經,無所有菩薩經,無所有菩薩經,無所有菩薩經,闍那崛多等,隋,gaoli_index,無所有菩薩經/卷01,1,raw\無所有菩薩經\無所有菩薩經__juan_0001.txt,clean\無所有菩薩經\無所有菩薩經__juan_0001.txt,9879,9879
高麗版大藏經,無所有菩薩經,無所有菩薩經,無所有菩薩經,闍那崛多等,隋,gaoli_index,無所有菩薩經/卷02,2,raw\無所有菩薩經\無所有菩薩經__juan_0002.txt,clean\無所有菩薩經\無所有菩薩經__juan_0002.txt,8986,8986
高麗版大藏經,無所有菩薩經,無所有菩薩經,無所有菩薩經,闍那崛多等,隋,gaoli_index,無所有菩薩經/卷03,3,raw\無所有菩薩經\無所有菩薩經__juan_0003.txt,clean\無所有菩薩經\無所有菩薩經__juan_0003.txt,8876,8876
高麗版大藏經,無所有菩薩經,無所有菩薩經,無所有菩薩經,闍那崛多等,隋,gaoli_index,無所有菩薩經/卷04,4,raw\無所有菩薩經\無所有菩薩經__juan_0004.txt,clean\無所有菩薩經\無所有菩薩經__juan_0004.txt,9220,9220
高麗版大藏經,文殊師利問經,文殊師利問經,文殊師利問經,僧伽婆羅,梁,gaoli_index,文殊師利問經/卷01,1,raw\文殊師利問經\文殊師利問經__juan_0001.txt,clean\文殊師利問經\文殊師利問經__juan_0001.txt,14930,14930
高麗版大藏經,文殊師利問經,文殊師利問經,文殊師利問經,僧伽婆羅,梁,gaoli_index,文殊師利問經/卷02,2,raw\文殊師利問經\文殊師利問經__juan_0002.txt,clean\文殊師利問經\文殊師利問經__juan_0002.txt,14326,14326
高麗版大藏經,佛說月上女經,佛說月上女經,佛說月上女經,闍那崛多,隋,gaoli_index,佛說月上女經/卷01,1,raw\佛說月上女經\佛說月上女經__juan_0001.txt,clean\佛說月上女經\佛說月上女經__juan_0001.txt,7133,7133
高麗版大藏經,佛說月上女經,佛說月上女經,佛說月上女經,闍那崛多,隋,gaoli_index,佛說月上女經/卷02,2,raw\佛說月上女經\佛說月上女經__juan_0002.txt,clean\佛說月上女經\佛說月上女經__juan_0002.txt,6603,6603
高麗版大藏經,佛說大乘造像功德經,佛說大乘造像功德經,佛說大乘造像功德經,提雲般若,唐,gaoli_index,佛說大乘造像功德經/卷上,1,raw\佛說大乘造像功德經\佛說大乘造像功德經__juan_0001.txt,clean\佛說大乘造像功德經\佛說大乘造像功德經__juan_0001.txt,5581,5581
高麗版大藏經,佛說大乘造像功德經,佛說大乘造像功德經,佛說大乘造像功德經,提雲般若,唐,gaoli_index,佛說大乘造像功德經/卷下,2,raw\佛說大乘造像功德經\佛說大乘造像功德經__juan_0002.txt,clean\佛說大乘造像功德經\佛說大乘造像功德經__juan_0002.txt,5663,5663
高麗版大藏經,蓮華面經,蓮華面經,蓮華面經,那連提耶舍,隋,gaoli_index,蓮華面經/卷01,1,raw\蓮華面經\蓮華面經__juan_0001.txt,clean\蓮華面經\蓮華面經__juan_0001.txt,6145,6145
高麗版大藏經,蓮華面經,蓮華面經,蓮華面經,那連提耶舍,隋,gaoli_index,蓮華面經/卷02,2,raw\蓮華面經\蓮華面經__juan_0002.txt,clean\蓮華面經\蓮華面經__juan_0002.txt,6104,6104
高麗版大藏經,占察善惡業報經,占察善惡業報經,占察善惡業報經,菩提燈,隋,gaoli_index,占察善惡業報經/卷01,1,raw\占察善惡業報經\占察善惡業報經__juan_0001.txt,clean\占察善惡業報經\占察善惡業報經__juan_0001.txt,10223,10223
高麗版大藏經,占察善惡業報經,占察善惡業報經,占察善惡業報經,菩提燈,隋,gaoli_index,占察善惡業報經/卷02,2,raw\占察善惡業報經\占察善惡業報經__juan_0002.txt,clean\占察善惡業報經\占察善惡業報經__juan_0002.txt,6925,6925
高麗版大藏經,大佛頂如來密因修證了義諸菩薩萬行首楞嚴經,大佛頂如來密因修證了義諸菩薩萬行首楞嚴經,大佛頂如來密因修證了義諸菩薩萬行首楞嚴經,般剌蜜帝,唐,gaoli_index,大佛頂如來密因修證了義諸菩薩萬行首楞嚴經/卷一,1,raw\大佛頂如來密因修證了義諸菩薩萬行首楞嚴經\大佛頂如來密因修證了義諸菩薩萬行首楞嚴經__juan_0001.txt,clean\大佛頂如來密因修證了義諸菩薩萬行首楞嚴經\大佛頂如來密因修證了義諸菩薩萬行首楞嚴經__juan_0001.txt,6893,6893
高麗版大藏經,大佛頂如來密因修證了義諸菩薩萬行首楞嚴經,大佛頂如來密因修證了義諸菩薩萬行首楞嚴經,大佛頂如來密因修證了義諸菩薩萬行首楞嚴經,般剌蜜帝,唐,gaoli_index,大佛頂如來密因修證了義諸菩薩萬行首楞嚴經/卷七,2,raw\大佛頂如來密因修證了義諸菩薩萬行首楞嚴經\大佛頂如來密因修證了義諸菩薩萬行首楞嚴經__juan_0002.txt,clean\大佛頂如來密因修證了義諸菩薩萬行首楞嚴經\大佛頂如來密因修證了義諸菩薩萬行首楞嚴經__juan_0002.txt,10348,10348
高麗版大藏經,大佛頂如來密因修證了義諸菩薩萬行首楞嚴經,大佛頂如來密因修證了義諸菩薩萬行首楞嚴經,大佛頂如來密因修證了義諸菩薩萬行首楞嚴經,般剌蜜帝,唐,gaoli_index,大佛頂如來密因修證了義諸菩薩萬行首楞嚴經/卷三,3,raw\大佛頂如來密因修證了義諸菩薩萬行首楞嚴經\大佛頂如來密因修證了義諸菩薩萬行首楞嚴經__juan_0003.txt,clean\大佛頂如來密因修證了義諸菩薩萬行首楞嚴經\大佛頂如來密因修證了義諸菩薩萬行首楞嚴經__juan_0003.txt,8316,8316
高麗版大藏經,大佛頂如來密因修證了義諸菩薩萬行首楞嚴經,大佛頂如來密因修證了義諸菩薩萬行首楞嚴經,大佛頂如來密因修證了義諸菩薩萬行首楞嚴經,般剌蜜帝,唐,gaoli_index,大佛頂如來密因修證了義諸菩薩萬行首楞嚴經/卷九,4,raw\大佛頂如來密因修證了義諸菩薩萬行首楞嚴經\大佛頂如來密因修證了義諸菩薩萬行首楞嚴經__juan_0004.txt,clean\大佛頂如來密因修證了義諸菩薩萬行首楞嚴經\大佛頂如來密因修證了義諸菩薩萬行首楞嚴經__juan_0004.txt,9536,9536
高麗版大藏經,大佛頂如來密因修證了義諸菩薩萬行首楞嚴經,大佛頂如來密因修證了義諸菩薩萬行首楞嚴經,大佛頂如來密因修證了義諸菩薩萬行首楞嚴經,般剌蜜帝,唐,gaoli_index,大佛頂如來密因修證了義諸菩薩萬行首楞嚴經/卷二,5,raw\大佛頂如來密因修證了義諸菩薩萬行首楞嚴經\大佛頂如來密因修證了義諸菩薩萬行首楞嚴經__juan_0005.txt,clean\大佛頂如來密因修證了義諸菩薩萬行首楞嚴經\大佛頂如來密因修證了義諸菩薩萬行首楞嚴經__juan_0005.txt,8365,8365
高麗版大藏經,大佛頂如來密因修證了義諸菩薩萬行首楞嚴經,大佛頂如來密因修證了義諸菩薩萬行首楞嚴經,大佛頂如來密因修證了義諸菩薩萬行首楞嚴經,般剌蜜帝,唐,gaoli_index,大佛頂如來密因修證了義諸菩薩萬行首楞嚴經/卷五,6,raw\大佛頂如來密因修證了義諸菩薩萬行首楞嚴經\大佛頂如來密因修證了義諸菩薩萬行首楞嚴經__juan_0006.txt,clean\大佛頂如來密因修證了義諸菩薩萬行首楞嚴經\大佛頂如來密因修證了義諸菩薩萬行首楞嚴經__juan_0006.txt,7004,7004
高麗版大藏經,大佛頂如來密因修證了義諸菩薩萬行首楞嚴經,大佛頂如來密因修證了義諸菩薩萬行首楞嚴經,大佛頂如來密因修證了義諸菩薩萬行首楞嚴經,般剌蜜帝,唐,gaoli_index,大佛頂如來密因修證了義諸菩薩萬行首楞嚴經/卷八,7,raw\大佛頂如來密因修證了義諸菩薩萬行首楞嚴經\大佛頂如來密因修證了義諸菩薩萬行首楞嚴經__juan_0007.txt,clean\大佛頂如來密因修證了義諸菩薩萬行首楞嚴經\大佛頂如來密因修證了義諸菩薩萬行首楞嚴經__juan_0007.txt,8462,8462
高麗版大藏經,大佛頂如來密因修證了義諸菩薩萬行首楞嚴經,大佛頂如來密因修證了義諸菩薩萬行首楞嚴經,大佛頂如來密因修證了義諸菩薩萬行首楞嚴經,般剌蜜帝,唐,gaoli_index,大佛頂如來密因修證了義諸菩薩萬行首楞嚴經/卷六,8,raw\大佛頂如來密因修證了義諸菩薩萬行首楞嚴經\大佛頂如來密因修證了義諸菩薩萬行首楞嚴經__juan_0008.txt,clean\大佛頂如來密因修證了義諸菩薩萬行首楞嚴經\大佛頂如來密因修證了義諸菩薩萬行首楞嚴經__juan_0008.txt,7759,7759
高麗版大藏經,大佛頂如來密因修證了義諸菩薩萬行首楞嚴經,大佛頂如來密因修證了義諸菩薩萬行首楞嚴經,大佛頂如來密因修證了義諸菩薩萬行首楞嚴經,般剌蜜帝,唐,gaoli_index,大佛頂如來密因修證了義諸菩薩萬行首楞嚴經/卷十,9,raw\大佛頂如來密因修證了義諸菩薩萬行首楞嚴經\大佛頂如來密因修證了義諸菩薩萬行首楞嚴經__juan_0009.txt,clean\大佛頂如來密因修證了義諸菩薩萬行首楞嚴經\大佛頂如來密因修證了義諸菩薩萬行首楞嚴經__juan_0009.txt,6684,6684
高麗版大藏經,大佛頂如來密因修證了義諸菩薩萬行首楞嚴經,大佛頂如來密因修證了義諸菩薩萬行首楞嚴經,大佛頂如來密因修證了義諸菩薩萬行首楞嚴經,般剌蜜帝,唐,gaoli_index,大佛頂如來密因修證了義諸菩薩萬行首楞嚴經/卷四,10,raw\大佛頂如來密因修證了義諸菩薩萬行首楞嚴經\大佛頂如來密因修證了義諸菩薩萬行首楞嚴經__juan_0010.txt,clean\大佛頂如來密因修證了義諸菩薩萬行首楞嚴經\大佛頂如來密因修證了義諸菩薩萬行首楞嚴經__juan_0010.txt,8812,8812
高麗版大藏經,金剛頂瑜伽中略出念誦經,金剛頂瑜伽中略出念誦經,金剛頂瑜伽中略出念誦經,金剛智,唐,gaoli_index,金剛頂瑜伽中略出念誦經/卷01,1,raw\金剛頂瑜伽中略出念誦經\金剛頂瑜伽中略出念誦經__juan_0001.txt,clean\金剛頂瑜伽中略出念誦經\金剛頂瑜伽中略出念誦經__juan_0001.txt,12024,12024
高麗版大藏經,金剛頂瑜伽中略出念誦經,金剛頂瑜伽中略出念誦經,金剛頂瑜伽中略出念誦經,金剛智,唐,gaoli_index,金剛頂瑜伽中略出念誦經/卷02,2,raw\金剛頂瑜伽中略出念誦經\金剛頂瑜伽中略出念誦經__juan_0002.txt,clean\金剛頂瑜伽中略出念誦經\金剛頂瑜伽中略出念誦經__juan_0002.txt,13400,13400
高麗版大藏經,金剛頂瑜伽中略出念誦經,金剛頂瑜伽中略出念誦經,金剛頂瑜伽中略出念誦經,金剛智,唐,gaoli_index,金剛頂瑜伽中略出念誦經/卷03,3,raw\金剛頂瑜伽中略出念誦經\金剛頂瑜伽中略出念誦經__juan_0003.txt,clean\金剛頂瑜伽中略出念誦經\金剛頂瑜伽中略出念誦經__juan_0003.txt,12914,12914
高麗版大藏經,金剛頂瑜伽中略出念誦經,金剛頂瑜伽中略出念誦經,金剛頂瑜伽中略出念誦經,金剛智,唐,gaoli_index,金剛頂瑜伽中略出念誦經/卷04,4,raw\金剛頂瑜伽中略出念誦經\金剛頂瑜伽中略出念誦經__juan_0004.txt,clean\金剛頂瑜伽中略出念誦經\金剛頂瑜伽中略出念誦經__juan_0004.txt,11849,11849
高麗版大藏經,優婆夷淨行法門經,優婆夷淨行法門經,優婆夷淨行法門經,北涼錄,失譯,gaoli_index,優婆夷淨行法門經/卷01,1,raw\優婆夷淨行法門經\優婆夷淨行法門經__juan_0001.txt,clean\優婆夷淨行法門經\優婆夷淨行法門經__juan_0001.txt,8905,8905
高麗版大藏經,優婆夷淨行法門經,優婆夷淨行法門經,優婆夷淨行法門經,北涼錄,失譯,gaoli_index,優婆夷淨行法門經/卷02,2,raw\優婆夷淨行法門經\優婆夷淨行法門經__juan_0002.txt,clean\優婆夷淨行法門經\優婆夷淨行法門經__juan_0002.txt,9459,9459
高麗版大藏經,菩薩地持經,菩薩地持經,菩薩地持經,曇無讖,北涼,gaoli_index,菩薩地持經/卷001,1,raw\菩薩地持經\菩薩地持經__juan_0001.txt,clean\菩薩地持經\菩薩地持經__juan_0001.txt,9117,9117
高麗版大藏經,菩薩地持經,菩薩地持經,菩薩地持經,曇無讖,北涼,gaoli_index,菩薩地持經/卷002,2,raw\菩薩地持經\菩薩地持經__juan_0002.txt,clean\菩薩地持經\菩薩地持經__juan_0002.txt,9806,9806
高麗版大藏經,菩薩地持經,菩薩地持經,菩薩地持經,曇無讖,北涼,gaoli_index,菩薩地持經/卷003,3,raw\菩薩地持經\菩薩地持經__juan_0003.txt,clean\菩薩地持經\菩薩地持經__juan_0003.txt,9551,9551
高麗版大藏經,菩薩地持經,菩薩地持經,菩薩地持經,曇無讖,北涼,gaoli_index,菩薩地持經/卷004,4,raw\菩薩地持經\菩薩地持經__juan_0004.txt,clean\菩薩地持經\菩薩地持經__juan_0004.txt,9370,9370
高麗版大藏經,菩薩地持經,菩薩地持經,菩薩地持經,曇無讖,北涼,gaoli_index,菩薩地持經/卷005,5,raw\菩薩地持經\菩薩地持經__juan_0005.txt,clean\菩薩地持經\菩薩地持經__juan_0005.txt,8276,8276
高麗版大藏經,菩薩地持經,菩薩地持經,菩薩地持經,曇無讖,北涼,gaoli_index,菩薩地持經/卷006,6,raw\菩薩地持經\菩薩地持經__juan_0006.txt,clean\菩薩地持經\菩薩地持經__juan_0006.txt,7376,7376
高麗版大藏經,菩薩地持經,菩薩地持經,菩薩地持經,曇無讖,北涼,gaoli_index,菩薩地持經/卷007,7,raw\菩薩地持經\菩薩地持經__juan_0007.txt,clean\菩薩地持經\菩薩地持經__juan_0007.txt,15070,15070
高麗版大藏經,菩薩地持經,菩薩地持經,菩薩地持經,曇無讖,北涼,gaoli_index,菩薩地持經/卷008,8,raw\菩薩地持經\菩薩地持經__juan_0008.txt,clean\菩薩地持經\菩薩地持經__juan_0008.txt,10333,10333
高麗版大藏經,菩薩地持經,菩薩地持經,菩薩地持經,曇無讖,北涼,gaoli_index,菩薩地持經/卷009,9,raw\菩薩地持經\菩薩地持經__juan_0009.txt,clean\菩薩地持經\菩薩地持經__juan_0009.txt,22016,22016
高麗版大藏經,菩薩地持經,菩薩地持經,菩薩地持經,曇無讖,北涼,gaoli_index,菩薩地持經/卷010,10,raw\菩薩地持經\菩薩地持經__juan_0010.txt,clean\菩薩地持經\菩薩地持經__juan_0010.txt,10311,10311
高麗版大藏經,佛藏經,佛藏經,佛藏經,鳩摩羅什,姚秦,gaoli_index,佛藏經/卷01,1,raw\佛藏經\佛藏經__juan_0001.txt,clean\佛藏經\佛藏經__juan_0001.txt,12471,12471
高麗版大藏經,佛藏經,佛藏經,佛藏經,鳩摩羅什,姚秦,gaoli_index,佛藏經/卷02,2,raw\佛藏經\佛藏經__juan_0002.txt,clean\佛藏經\佛藏經__juan_0002.txt,12810,12810
高麗版大藏經,佛藏經,佛藏經,佛藏經,鳩摩羅什,姚秦,gaoli_index,佛藏經/卷03,3,raw\佛藏經\佛藏經__juan_0003.txt,clean\佛藏經\佛藏經__juan_0003.txt,13629,13629
高麗版大藏經,菩薩瓔珞本業經,菩薩瓔珞本業經,菩薩瓔珞本業經,竺佛念,姚秦,gaoli_index,菩薩瓔珞本業經/卷第 01,1,raw\菩薩瓔珞本業經\菩薩瓔珞本業經__juan_0001.txt,clean\菩薩瓔珞本業經\菩薩瓔珞本業經__juan_0001.txt,11519,11519
高麗版大藏經,菩薩瓔珞本業經,菩薩瓔珞本業經,菩薩瓔珞本業經,竺佛念,姚秦,gaoli_index,菩薩瓔珞本業經/卷第 02,2,raw\菩薩瓔珞本業經\菩薩瓔珞本業經__juan_0002.txt,clean\菩薩瓔珞本業經\菩薩瓔珞本業經__juan_0002.txt,10591,10591
高麗版大藏經,大智度論,大智度論,大智度論,鳩摩羅什,後秦,gaoli_index,大智度論/卷001,1,raw\大智度論\大智度論__juan_0001.txt,clean\大智度論\大智度論__juan_0001.txt,13983,13983
高麗版大藏經,大智度論,大智度論,大智度論,鳩摩羅什,後秦,gaoli_index,大智度論/卷002,2,raw\大智度論\大智度論__juan_0002.txt,clean\大智度論\大智度論__juan_0002.txt,15197,15197
高麗版大藏經,大智度論,大智度論,大智度論,鳩摩羅什,後秦,gaoli_index,大智度論/卷003,3,raw\大智度論\大智度論__juan_0003.txt,clean\大智度論\大智度論__juan_0003.txt,14503,14503
高麗版大藏經,大智度論,大智度論,大智度論,鳩摩羅什,後秦,gaoli_index,大智度論/卷004,4,raw\大智度論\大智度論__juan_0004.txt,clean\大智度論\大智度論__juan_0004.txt,15501,15501
高麗版大藏經,大智度論,大智度論,大智度論,鳩摩羅什,後秦,gaoli_index,大智度論/卷005,5,raw\大智度論\大智度論__juan_0005.txt,clean\大智度論\大智度論__juan_0005.txt,12360,12360
高麗版大藏經,大智度論,大智度論,大智度論,鳩摩羅什,後秦,gaoli_index,大智度論/卷006,6,raw\大智度論\大智度論__juan_0006.txt,clean\大智度論\大智度論__juan_0006.txt,11593,11593
高麗版大藏經,大智度論,大智度論,大智度論,鳩摩羅什,後秦,gaoli_index,大智度論/卷007,7,raw\大智度論\大智度論__juan_0007.txt,clean\大智度論\大智度論__juan_0007.txt,11527,11527
高麗版大藏經,大智度論,大智度論,大智度論,鳩摩羅什,後秦,gaoli_index,大智度論/卷008,8,raw\大智度論\大智度論__juan_0008.txt,clean\大智度論\大智度論__juan_0008.txt,12311,12311
高麗版大藏經,大智度論,大智度論,大智度論,鳩摩羅什,後秦,gaoli_index,大智度論/卷009,9,raw\大智度論\大智度論__juan_0009.txt,clean\大智度論\大智度論__juan_0009.txt,10568,10568
高麗版大藏經,大智度論,大智度論,大智度論,鳩摩羅什,後秦,gaoli_index,大智度論/卷010,10,raw\大智度論\大智度論__juan_0010.txt,clean\大智度論\大智度論__juan_0010.txt,15481,15481
高麗版大藏經,大智度論,大智度論,大智度論,鳩摩羅什,後秦,gaoli_index,大智度論/卷011,11,raw\大智度論\大智度論__juan_0011.txt,clean\大智度論\大智度論__juan_0011.txt,15830,15830
高麗版大藏經,大智度論,大智度論,大智度論,鳩摩羅什,後秦,gaoli_index,大智度論/卷012,12,raw\大智度論\大智度論__juan_0012.txt,clean\大智度論\大智度論__juan_0012.txt,14615,14615
高麗版大藏經,大智度論,大智度論,大智度論,鳩摩羅什,後秦,gaoli_index,大智度論/卷013,13,raw\大智度論\大智度論__juan_0013.txt,clean\大智度論\大智度論__juan_0013.txt,15363,15363
高麗版大藏經,大智度論,大智度論,大智度論,鳩摩羅什,後秦,gaoli_index,大智度論/卷014,14,raw\大智度論\大智度論__juan_0014.txt,clean\大智度論\大智度論__juan_0014.txt,11164,11164
高麗版大藏經,大智度論,大智度論,大智度論,鳩摩羅什,後秦,gaoli_index,大智度論/卷015,15,raw\大智度論\大智度論__juan_0015.txt,clean\大智度論\大智度論__juan_0015.txt,10421,10421
高麗版大藏經,大智度論,大智度論,大智度論,鳩摩羅什,後秦,gaoli_index,大智度論/卷016,16,raw\大智度論\大智度論__juan_0016.txt,clean\大智度論\大智度論__juan_0016.txt,10961,10961
高麗版大藏經,大智度論,大智度論,大智度論,鳩摩羅什,後秦,gaoli_index,大智度論/卷017,17,raw\大智度論\大智度論__juan_0017.txt,clean\大智度論\大智度論__juan_0017.txt,16639,16639
高麗版大藏經,大智度論,大智度論,大智度論,鳩摩羅什,後秦,gaoli_index,大智度論/卷018,18,raw\大智度論\大智度論__juan_0018.txt,clean\大智度論\大智度論__juan_0018.txt,13045,13045
高麗版大藏經,大智度論,大智度論,大智度論,鳩摩羅什,後秦,gaoli_index,大智度論/卷019,19,raw\大智度論\大智度論__juan_0019.txt,clean\大智度論\大智度論__juan_0019.txt,15064,15064
高麗版大藏經,大智度論,大智度論,大智度論,鳩摩羅什,後秦,gaoli_index,大智度論/卷020,20,raw\大智度論\大智度論__juan_0020.txt,clean\大智度論\大智度論__juan_0020.txt,13608,13608
高麗版大藏經,大智度論,大智度論,大智度論,鳩摩羅什,後秦,gaoli_index,大智度論/卷021,21,raw\大智度論\大智度論__juan_0021.txt,clean\大智度論\大智度論__juan_0021.txt,11518,11518
高麗版大藏經,大智度論,大智度論,大智度論,鳩摩羅什,後秦,gaoli_index,大智度論/卷022,22,raw\大智度論\大智度論__juan_0022.txt,clean\大智度論\大智度論__juan_0022.txt,13131,13131
高麗版大藏經,大智度論,大智度論,大智度論,鳩摩羅什,後秦,gaoli_index,大智度論/卷023,23,raw\大智度論\大智度論__juan_0023.txt,clean\大智度論\大智度論__juan_0023.txt,11393,11393
高麗版大藏經,大智度論,大智度論,大智度論,鳩摩羅什,後秦,gaoli_index,大智度論/卷024,24,raw\大智度論\大智度論__juan_0024.txt,clean\大智度論\大智度論__juan_0024.txt,11191,11191
高麗版大藏經,大智度論,大智度論,大智度論,鳩摩羅什,後秦,gaoli_index,大智度論/卷025,25,raw\大智度論\大智度論__juan_0025.txt,clean\大智度論\大智度論__juan_0025.txt,10571,10571
高麗版大藏經,大智度論,大智度論,大智度論,鳩摩羅什,後秦,gaoli_index,大智度論/卷026,26,raw\大智度論\大智度論__juan_0026.txt,clean\大智度論\大智度論__juan_0026.txt,16237,16237
高麗版大藏經,大智度論,大智度論,大智度論,鳩摩羅什,後秦,gaoli_index,大智度論/卷027,27,raw\大智度論\大智度論__juan_0027.txt,clean\大智度論\大智度論__juan_0027.txt,13810,13810
高麗版大藏經,大智度論,大智度論,大智度論,鳩摩羅什,後秦,gaoli_index,大智度論/卷028,28,raw\大智度論\大智度論__juan_0028.txt,clean\大智度論\大智度論__juan_0028.txt,11330,11330
高麗版大藏經,大智度論,大智度論,大智度論,鳩摩羅什,後秦,gaoli_index,大智度論/卷029,29,raw\大智度論\大智度論__juan_0029.txt,clean\大智度論\大智度論__juan_0029.txt,11085,11085
高麗版大藏經,大智度論,大智度論,大智度論,鳩摩羅什,後秦,gaoli_index,大智度論/卷030,30,raw\大智度論\大智度論__juan_0030.txt,clean\大智度論\大智度論__juan_0030.txt,15276,15276
高麗版大藏經,大智度論,大智度論,大智度論,鳩摩羅什,後秦,gaoli_index,大智度論/卷031,31,raw\大智度論\大智度論__juan_0031.txt,clean\大智度論\大智度論__juan_0031.txt,19965,19965
高麗版大藏經,大智度論,大智度論,大智度論,鳩摩羅什,後秦,gaoli_index,大智度論/卷032,32,raw\大智度論\大智度論__juan_0032.txt,clean\大智度論\大智度論__juan_0032.txt,11489,11489
高麗版大藏經,大智度論,大智度論,大智度論,鳩摩羅什,後秦,gaoli_index,大智度論/卷033,33,raw\大智度論\大智度論__juan_0033.txt,clean\大智度論\大智度論__juan_0033.txt,10265,10265
高麗版大藏經,大智度論,大智度論,大智度論,鳩摩羅什,後秦,gaoli_index,大智度論/卷034,34,raw\大智度論\大智度論__juan_0034.txt,clean\大智度論\大智度論__juan_0034.txt,10644,10644
高麗版大藏經,大智度論,大智度論,大智度論,鳩摩羅什,後秦,gaoli_index,大智度論/卷035,35,raw\大智度論\大智度論__juan_0035.txt,clean\大智度論\大智度論__juan_0035.txt,14632,14632
高麗版大藏經,大智度論,大智度論,大智度論,鳩摩羅什,後秦,gaoli_index,大智度論/卷036,36,raw\大智度論\大智度論__juan_0036.txt,clean\大智度論\大智度論__juan_0036.txt,12648,12648
高麗版大藏經,大智度論,大智度論,大智度論,鳩摩羅什,後秦,gaoli_index,大智度論/卷037,37,raw\大智度論\大智度論__juan_0037.txt,clean\大智度論\大智度論__juan_0037.txt,11895,11895
高麗版大藏經,大智度論,大智度論,大智度論,鳩摩羅什,後秦,gaoli_index,大智度論/卷038,38,raw\大智度論\大智度論__juan_0038.txt,clean\大智度論\大智度論__juan_0038.txt,11865,11865
高麗版大藏經,大智度論,大智度論,大智度論,鳩摩羅什,後秦,gaoli_index,大智度論/卷039,39,raw\大智度論\大智度論__juan_0039.txt,clean\大智度論\大智度論__juan_0039.txt,10149,10149
高麗版大藏經,大智度論,大智度論,大智度論,鳩摩羅什,後秦,gaoli_index,大智度論/卷040,40,raw\大智度論\大智度論__juan_0040.txt,clean\大智度論\大智度論__juan_0040.txt,13629,13629
高麗版大藏經,大智度論,大智度論,大智度論,鳩摩羅什,後秦,gaoli_index,大智度論/卷041,41,raw\大智度論\大智度論__juan_0041.txt,clean\大智度論\大智度論__juan_0041.txt,12799,12799
高麗版大藏經,大智度論,大智度論,大智度論,鳩摩羅什,後秦,gaoli_index,大智度論/卷042,42,raw\大智度論\大智度論__juan_0042.txt,clean\大智度論\大智度論__juan_0042.txt,10424,10424
高麗版大藏經,大智度論,大智度論,大智度論,鳩摩羅什,後秦,gaoli_index,大智度論/卷043,43,raw\大智度論\大智度論__juan_0043.txt,clean\大智度論\大智度論__juan_0043.txt,10901,10901
高麗版大藏經,大智度論,大智度論,大智度論,鳩摩羅什,後秦,gaoli_index,大智度論/卷044,44,raw\大智度論\大智度論__juan_0044.txt,clean\大智度論\大智度論__juan_0044.txt,12388,12388
高麗版大藏經,大智度論,大智度論,大智度論,鳩摩羅什,後秦,gaoli_index,大智度論/卷045,45,raw\大智度論\大智度論__juan_0045.txt,clean\大智度論\大智度論__juan_0045.txt,12244,12244
高麗版大藏經,大智度論,大智度論,大智度論,鳩摩羅什,後秦,gaoli_index,大智度論/卷046,46,raw\大智度論\大智度論__juan_0046.txt,clean\大智度論\大智度論__juan_0046.txt,13182,13182
高麗版大藏經,大智度論,大智度論,大智度論,鳩摩羅什,後秦,gaoli_index,大智度論/卷047,47,raw\大智度論\大智度論__juan_0047.txt,clean\大智度論\大智度論__juan_0047.txt,10847,10847
高麗版大藏經,大智度論,大智度論,大智度論,鳩摩羅什,後秦,gaoli_index,大智度論/卷048,48,raw\大智度論\大智度論__juan_0048.txt,clean\大智度論\大智度論__juan_0048.txt,12949,12949
高麗版大藏經,大智度論,大智度論,大智度論,鳩摩羅什,後秦,gaoli_index,大智度論/卷049,49,raw\大智度論\大智度論__juan_0049.txt,clean\大智度論\大智度論__juan_0049.txt,11845,11845
高麗版大藏經,大智度論,大智度論,大智度論,鳩摩羅什,後秦,gaoli_index,大智度論/卷050,50,raw\大智度論\大智度論__juan_0050.txt,clean\大智度論\大智度論__juan_0050.txt,10957,10957
高麗版大藏經,大智度論,大智度論,大智度論,鳩摩羅什,後秦,gaoli_index,大智度論/卷051,51,raw\大智度論\大智度論__juan_0051.txt,clean\大智度論\大智度論__juan_0051.txt,13451,13451
高麗版大藏經,大智度論,大智度論,大智度論,鳩摩羅什,後秦,gaoli_index,大智度論/卷052,52,raw\大智度論\大智度論__juan_0052.txt,clean\大智度論\大智度論__juan_0052.txt,11515,11515
高麗版大藏經,大智度論,大智度論,大智度論,鳩摩羅什,後秦,gaoli_index,大智度論/卷053,53,raw\大智度論\大智度論__juan_0053.txt,clean\大智度論\大智度論__juan_0053.txt,11681,11681
高麗版大藏經,大智度論,大智度論,大智度論,鳩摩羅什,後秦,gaoli_index,大智度論/卷054,54,raw\大智度論\大智度論__juan_0054.txt,clean\大智度論\大智度論__juan_0054.txt,11023,11023
高麗版大藏經,大智度論,大智度論,大智度論,鳩摩羅什,後秦,gaoli_index,大智度論/卷055,55,raw\大智度論\大智度論__juan_0055.txt,clean\大智度論\大智度論__juan_0055.txt,14671,14671
高麗版大藏經,大智度論,大智度論,大智度論,鳩摩羅什,後秦,gaoli_index,大智度論/卷056,56,raw\大智度論\大智度論__juan_0056.txt,clean\大智度論\大智度論__juan_0056.txt,11454,11454
高麗版大藏經,大智度論,大智度論,大智度論,鳩摩羅什,後秦,gaoli_index,大智度論/卷057,57,raw\大智度論\大智度論__juan_0057.txt,clean\大智度論\大智度論__juan_0057.txt,8219,8219
高麗版大藏經,大智度論,大智度論,大智度論,鳩摩羅什,後秦,gaoli_index,大智度論/卷058,58,raw\大智度論\大智度論__juan_0058.txt,clean\大智度論\大智度論__juan_0058.txt,12543,12543
高麗版大藏經,大智度論,大智度論,大智度論,鳩摩羅什,後秦,gaoli_index,大智度論/卷059,59,raw\大智度論\大智度論__juan_0059.txt,clean\大智度論\大智度論__juan_0059.txt,10895,10895
高麗版大藏經,大智度論,大智度論,大智度論,鳩摩羅什,後秦,gaoli_index,大智度論/卷060,60,raw\大智度論\大智度論__juan_0060.txt,clean\大智度論\大智度論__juan_0060.txt,8594,8594
高麗版大藏經,大智度論,大智度論,大智度論,鳩摩羅什,後秦,gaoli_index,大智度論/卷061,61,raw\大智度論\大智度論__juan_0061.txt,clean\大智度論\大智度論__juan_0061.txt,16260,16260
高麗版大藏經,大智度論,大智度論,大智度論,鳩摩羅什,後秦,gaoli_index,大智度論/卷062,62,raw\大智度論\大智度論__juan_0062.txt,clean\大智度論\大智度論__juan_0062.txt,12365,12365
高麗版大藏經,大智度論,大智度論,大智度論,鳩摩羅什,後秦,gaoli_index,大智度論/卷063,63,raw\大智度論\大智度論__juan_0063.txt,clean\大智度論\大智度論__juan_0063.txt,10863,10863
高麗版大藏經,大智度論,大智度論,大智度論,鳩摩羅什,後秦,gaoli_index,大智度論/卷064,64,raw\大智度論\大智度論__juan_0064.txt,clean\大智度論\大智度論__juan_0064.txt,10526,10526
高麗版大藏經,大智度論,大智度論,大智度論,鳩摩羅什,後秦,gaoli_index,大智度論/卷065,65,raw\大智度論\大智度論__juan_0065.txt,clean\大智度論\大智度論__juan_0065.txt,13316,13316
高麗版大藏經,大智度論,大智度論,大智度論,鳩摩羅什,後秦,gaoli_index,大智度論/卷066,66,raw\大智度論\大智度論__juan_0066.txt,clean\大智度論\大智度論__juan_0066.txt,9308,9308
高麗版大藏經,大智度論,大智度論,大智度論,鳩摩羅什,後秦,gaoli_index,大智度論/卷067,67,raw\大智度論\大智度論__juan_0067.txt,clean\大智度論\大智度論__juan_0067.txt,9908,9908
高麗版大藏經,大智度論,大智度論,大智度論,鳩摩羅什,後秦,gaoli_index,大智度論/卷068,68,raw\大智度論\大智度論__juan_0068.txt,clean\大智度論\大智度論__juan_0068.txt,9732,9732
高麗版大藏經,大智度論,大智度論,大智度論,鳩摩羅什,後秦,gaoli_index,大智度論/卷069,69,raw\大智度論\大智度論__juan_0069.txt,clean\大智度論\大智度論__juan_0069.txt,11554,11554
高麗版大藏經,大智度論,大智度論,大智度論,鳩摩羅什,後秦,gaoli_index,大智度論/卷070,70,raw\大智度論\大智度論__juan_0070.txt,clean\大智度論\大智度論__juan_0070.txt,13455,13455
高麗版大藏經,大智度論,大智度論,大智度論,鳩摩羅什,後秦,gaoli_index,大智度論/卷071,71,raw\大智度論\大智度論__juan_0071.txt,clean\大智度論\大智度論__juan_0071.txt,16811,16811
高麗版大藏經,大智度論,大智度論,大智度論,鳩摩羅什,後秦,gaoli_index,大智度論/卷072,72,raw\大智度論\大智度論__juan_0072.txt,clean\大智度論\大智度論__juan_0072.txt,13888,13888
高麗版大藏經,大智度論,大智度論,大智度論,鳩摩羅什,後秦,gaoli_index,大智度論/卷073,73,raw\大智度論\大智度論__juan_0073.txt,clean\大智度論\大智度論__juan_0073.txt,12463,12463
高麗版大藏經,大智度論,大智度論,大智度論,鳩摩羅什,後秦,gaoli_index,大智度論/卷074,74,raw\大智度論\大智度論__juan_0074.txt,clean\大智度論\大智度論__juan_0074.txt,13271,13271
高麗版大藏經,大智度論,大智度論,大智度論,鳩摩羅什,後秦,gaoli_index,大智度論/卷075,75,raw\大智度論\大智度論__juan_0075.txt,clean\大智度論\大智度論__juan_0075.txt,13392,13392
高麗版大藏經,大智度論,大智度論,大智度論,鳩摩羅什,後秦,gaoli_index,大智度論/卷076,76,raw\大智度論\大智度論__juan_0076.txt,clean\大智度論\大智度論__juan_0076.txt,11644,11644
高麗版大藏經,大智度論,大智度論,大智度論,鳩摩羅什,後秦,gaoli_index,大智度論/卷077,77,raw\大智度論\大智度論__juan_0077.txt,clean\大智度論\大智度論__juan_0077.txt,16181,16181
高麗版大藏經,大智度論,大智度論,大智度論,鳩摩羅什,後秦,gaoli_index,大智度論/卷078,78,raw\大智度論\大智度論__juan_0078.txt,clean\大智度論\大智度論__juan_0078.txt,10026,10026
高麗版大藏經,大智度論,大智度論,大智度論,鳩摩羅什,後秦,gaoli_index,大智度論/卷079,79,raw\大智度論\大智度論__juan_0079.txt,clean\大智度論\大智度論__juan_0079.txt,12672,12672
高麗版大藏經,大智度論,大智度論,大智度論,鳩摩羅什,後秦,gaoli_index,大智度論/卷080,80,raw\大智度論\大智度論__juan_0080.txt,clean\大智度論\大智度論__juan_0080.txt,8458,8458
高麗版大藏經,大智度論,大智度論,大智度論,鳩摩羅什,後秦,gaoli_index,大智度論/卷081,81,raw\大智度論\大智度論__juan_0081.txt,clean\大智度論\大智度論__juan_0081.txt,11239,11239
高麗版大藏經,大智度論,大智度論,大智度論,鳩摩羅什,後秦,gaoli_index,大智度論/卷082,82,raw\大智度論\大智度論__juan_0082.txt,clean\大智度論\大智度論__juan_0082.txt,12831,12831
高麗版大藏經,大智度論,大智度論,大智度論,鳩摩羅什,後秦,gaoli_index,大智度論/卷083,83,raw\大智度論\大智度論__juan_0083.txt,clean\大智度論\大智度論__juan_0083.txt,10342,10342
高麗版大藏經,大智度論,大智度論,大智度論,鳩摩羅什,後秦,gaoli_index,大智度論/卷084,84,raw\大智度論\大智度論__juan_0084.txt,clean\大智度論\大智度論__juan_0084.txt,11633,11633
高麗版大藏經,大智度論,大智度論,大智度論,鳩摩羅什,後秦,gaoli_index,大智度論/卷085,85,raw\大智度論\大智度論__juan_0085.txt,clean\大智度論\大智度論__juan_0085.txt,12404,12404
高麗版大藏經,大智度論,大智度論,大智度論,鳩摩羅什,後秦,gaoli_index,大智度論/卷086,86,raw\大智度論\大智度論__juan_0086.txt,clean\大智度論\大智度論__juan_0086.txt,13789,13789
高麗版大藏經,大智度論,大智度論,大智度論,鳩摩羅什,後秦,gaoli_index,大智度論/卷087,87,raw\大智度論\大智度論__juan_0087.txt,clean\大智度論\大智度論__juan_0087.txt,15696,15696
高麗版大藏經,大智度論,大智度論,大智度論,鳩摩羅什,後秦,gaoli_index,大智度論/卷088,88,raw\大智度論\大智度論__juan_0088.txt,clean\大智度論\大智度論__juan_0088.txt,16666,16666
高麗版大藏經,大智度論,大智度論,大智度論,鳩摩羅什,後秦,gaoli_index,大智度論/卷089,89,raw\大智度論\大智度論__juan_0089.txt,clean\大智度論\大智度論__juan_0089.txt,15002,15002
高麗版大藏經,大智度論,大智度論,大智度論,鳩摩羅什,後秦,gaoli_index,大智度論/卷090,90,raw\大智度論\大智度論__juan_0090.txt,clean\大智度論\大智度論__juan_0090.txt,12096,12096
高麗版大藏經,大智度論,大智度論,大智度論,鳩摩羅什,後秦,gaoli_index,大智度論/卷091,91,raw\大智度論\大智度論__juan_0091.txt,clean\大智度論\大智度論__juan_0091.txt,10263,10263
高麗版大藏經,大智度論,大智度論,大智度論,鳩摩羅什,後秦,gaoli_index,大智度論/卷092,92,raw\大智度論\大智度論__juan_0092.txt,clean\大智度論\大智度論__juan_0092.txt,7120,7120
高麗版大藏經,大智度論,大智度論,大智度論,鳩摩羅什,後秦,gaoli_index,大智度論/卷093,93,raw\大智度論\大智度論__juan_0093.txt,clean\大智度論\大智度論__juan_0093.txt,10037,10037
高麗版大藏經,大智度論,大智度論,大智度論,鳩摩羅什,後秦,gaoli_index,大智度論/卷094,94,raw\大智度論\大智度論__juan_0094.txt,clean\大智度論\大智度論__juan_0094.txt,11398,11398
高麗版大藏經,大智度論,大智度論,大智度論,鳩摩羅什,後秦,gaoli_index,大智度論/卷095,95,raw\大智度論\大智度論__juan_0095.txt,clean\大智度論\大智度論__juan_0095.txt,12334,12334
高麗版大藏經,大智度論,大智度論,大智度論,鳩摩羅什,後秦,gaoli_index,大智度論/卷096,96,raw\大智度論\大智度論__juan_0096.txt,clean\大智度論\大智度論__juan_0096.txt,9629,9629
高麗版大藏經,大智度論,大智度論,大智度論,鳩摩羅什,後秦,gaoli_index,大智度論/卷097,97,raw\大智度論\大智度論__juan_0097.txt,clean\大智度論\大智度論__juan_0097.txt,6870,6870
高麗版大藏經,大智度論,大智度論,大智度論,鳩摩羅什,後秦,gaoli_index,大智度論/卷098,98,raw\大智度論\大智度論__juan_0098.txt,clean\大智度論\大智度論__juan_0098.txt,12384,12384
高麗版大藏經,大智度論,大智度論,大智度論,鳩摩羅什,後秦,gaoli_index,大智度論/卷099,99,raw\大智度論\大智度論__juan_0099.txt,clean\大智度論\大智度論__juan_0099.txt,10147,10147
高麗版大藏經,大智度論,大智度論,大智度論,鳩摩羅什,後秦,gaoli_index,大智度論/卷100,100,raw\大智度論\大智度論__juan_0100.txt,clean\大智度論\大智度論__juan_0100.txt,11074,11074
高麗版大藏經,大寶積經論,大寶積經論,大寶積經論,菩提流支,後魏,gaoli_index,大寶積經論/卷第 01,1,raw\大寶積經論\大寶積經論__juan_0001.txt,clean\大寶積經論\大寶積經論__juan_0001.txt,13628,13628
高麗版大藏經,大寶積經論,大寶積經論,大寶積經論,菩提流支,後魏,gaoli_index,大寶積經論/卷第 02,2,raw\大寶積經論\大寶積經論__juan_0002.txt,clean\大寶積經論\大寶積經論__juan_0002.txt,10622,10622
高麗版大藏經,大寶積經論,大寶積經論,大寶積經論,菩提流支,後魏,gaoli_index,大寶積經論/卷第 03,3,raw\大寶積經論\大寶積經論__juan_0003.txt,clean\大寶積經論\大寶積經論__juan_0003.txt,10146,10146
高麗版大藏經,大寶積經論,大寶積經論,大寶積經論,菩提流支,後魏,gaoli_index,大寶積經論/卷第 04,4,raw\大寶積經論\大寶積經論__juan_0004.txt,clean\大寶積經論\大寶積經論__juan_0004.txt,10701,10701
高麗版大藏經,金剛般若論,金剛般若論,金剛般若論,達磨笈多,隋,gaoli_index,金剛般若論/卷第 01,1,raw\金剛般若論\金剛般若論__juan_0001.txt,clean\金剛般若論\金剛般若論__juan_0001.txt,8329,8329
高麗版大藏經,金剛般若論,金剛般若論,金剛般若論,達磨笈多,隋,gaoli_index,金剛般若論/卷第 02,2,raw\金剛般若論\金剛般若論__juan_0002.txt,clean\金剛般若論\金剛般若論__juan_0002.txt,8446,8446
高麗版大藏經,能斷金剛般若波羅蜜多經論釋,能斷金剛般若波羅蜜多經論釋,能斷金剛般若波羅蜜多經論釋,義淨,唐,gaoli_index,能斷金剛般若波羅蜜多經論釋/卷第 01,1,raw\能斷金剛般若波羅蜜多經論釋\能斷金剛般若波羅蜜多經論釋__juan_0001.txt,clean\能斷金剛般若波羅蜜多經論釋\能斷金剛般若波羅蜜多經論釋__juan_0001.txt,5342,5342
高麗版大藏經,能斷金剛般若波羅蜜多經論釋,能斷金剛般若波羅蜜多經論釋,能斷金剛般若波羅蜜多經論釋,義淨,唐,gaoli_index,能斷金剛般若波羅蜜多經論釋/卷第 02,2,raw\能斷金剛般若波羅蜜多經論釋\能斷金剛般若波羅蜜多經論釋__juan_0002.txt,clean\能斷金剛般若波羅蜜多經論釋\能斷金剛般若波羅蜜多經論釋__juan_0002.txt,6258,6258
高麗版大藏經,能斷金剛般若波羅蜜多經論釋,能斷金剛般若波羅蜜多經論釋,能斷金剛般若波羅蜜多經論釋,義淨,唐,gaoli_index,能斷金剛般若波羅蜜多經論釋/卷第 03,3,raw\能斷金剛般若波羅蜜多經論釋\能斷金剛般若波羅蜜多經論釋__juan_0003.txt,clean\能斷金剛般若波羅蜜多經論釋\能斷金剛般若波羅蜜多經論釋__juan_0003.txt,4537,4537
高麗版大藏經,瑜伽師地論,瑜伽師地論,瑜伽師地論,玄奘,唐,gaoli_index,瑜伽師地論/000,1,raw\瑜伽師地論\瑜伽師地論__juan_0001.txt,clean\瑜伽師地論\瑜伽師地論__juan_0001.txt,1727,1727
高麗版大藏經,瑜伽師地論,瑜伽師地論,瑜伽師地論,玄奘,唐,gaoli_index,瑜伽師地論/001,2,raw\瑜伽師地論\瑜伽師地論__juan_0002.txt,clean\瑜伽師地論\瑜伽師地論__juan_0002.txt,6909,6909
高麗版大藏經,瑜伽師地論,瑜伽師地論,瑜伽師地論,玄奘,唐,gaoli_index,瑜伽師地論/002,3,raw\瑜伽師地論\瑜伽師地論__juan_0003.txt,clean\瑜伽師地論\瑜伽師地論__juan_0003.txt,9000,9000
高麗版大藏經,瑜伽師地論,瑜伽師地論,瑜伽師地論,玄奘,唐,gaoli_index,瑜伽師地論/003,4,raw\瑜伽師地論\瑜伽師地論__juan_0004.txt,clean\瑜伽師地論\瑜伽師地論__juan_0004.txt,7425,7425
高麗版大藏經,瑜伽師地論,瑜伽師地論,瑜伽師地論,玄奘,唐,gaoli_index,瑜伽師地論/004,5,raw\瑜伽師地論\瑜伽師地論__juan_0005.txt,clean\瑜伽師地論\瑜伽師地論__juan_0005.txt,7353,7353
高麗版大藏經,瑜伽師地論,瑜伽師地論,瑜伽師地論,玄奘,唐,gaoli_index,瑜伽師地論/005,6,raw\瑜伽師地論\瑜伽師地論__juan_0006.txt,clean\瑜伽師地論\瑜伽師地論__juan_0006.txt,7363,7363
高麗版大藏經,瑜伽師地論,瑜伽師地論,瑜伽師地論,玄奘,唐,gaoli_index,瑜伽師地論/006,7,raw\瑜伽師地論\瑜伽師地論__juan_0007.txt,clean\瑜伽師地論\瑜伽師地論__juan_0007.txt,8416,8416
高麗版大藏經,瑜伽師地論,瑜伽師地論,瑜伽師地論,玄奘,唐,gaoli_index,瑜伽師地論/007,8,raw\瑜伽師地論\瑜伽師地論__juan_0008.txt,clean\瑜伽師地論\瑜伽師地論__juan_0008.txt,7018,7018
高麗版大藏經,瑜伽師地論,瑜伽師地論,瑜伽師地論,玄奘,唐,gaoli_index,瑜伽師地論/008,9,raw\瑜伽師地論\瑜伽師地論__juan_0009.txt,clean\瑜伽師地論\瑜伽師地論__juan_0009.txt,7786,7786
高麗版大藏經,瑜伽師地論,瑜伽師地論,瑜伽師地論,玄奘,唐,gaoli_index,瑜伽師地論/009,10,raw\瑜伽師地論\瑜伽師地論__juan_0010.txt,clean\瑜伽師地論\瑜伽師地論__juan_0010.txt,8893,8893
高麗版大藏經,瑜伽師地論,瑜伽師地論,瑜伽師地論,玄奘,唐,gaoli_index,瑜伽師地論/010,11,raw\瑜伽師地論\瑜伽師地論__juan_0011.txt,clean\瑜伽師地論\瑜伽師地論__juan_0011.txt,8499,8499
高麗版大藏經,瑜伽師地論,瑜伽師地論,瑜伽師地論,玄奘,唐,gaoli_index,瑜伽師地論/011,12,raw\瑜伽師地論\瑜伽師地論__juan_0012.txt,clean\瑜伽師地論\瑜伽師地論__juan_0012.txt,10653,10653
高麗版大藏經,瑜伽師地論,瑜伽師地論,瑜伽師地論,玄奘,唐,gaoli_index,瑜伽師地論/012,13,raw\瑜伽師地論\瑜伽師地論__juan_0013.txt,clean\瑜伽師地論\瑜伽師地論__juan_0013.txt,9850,9850
高麗版大藏經,瑜伽師地論,瑜伽師地論,瑜伽師地論,玄奘,唐,gaoli_index,瑜伽師地論/013,14,raw\瑜伽師地論\瑜伽師地論__juan_0014.txt,clean\瑜伽師地論\瑜伽師地論__juan_0014.txt,11372,11372
高麗版大藏經,瑜伽師地論,瑜伽師地論,瑜伽師地論,玄奘,唐,gaoli_index,瑜伽師地論/014,15,raw\瑜伽師地論\瑜伽師地論__juan_0015.txt,clean\瑜伽師地論\瑜伽師地論__juan_0015.txt,11140,11140
高麗版大藏經,瑜伽師地論,瑜伽師地論,瑜伽師地論,玄奘,唐,gaoli_index,瑜伽師地論/015,16,raw\瑜伽師地論\瑜伽師地論__juan_0016.txt,clean\瑜伽師地論\瑜伽師地論__juan_0016.txt,10084,10084
高麗版大藏經,瑜伽師地論,瑜伽師地論,瑜伽師地論,玄奘,唐,gaoli_index,瑜伽師地論/016,17,raw\瑜伽師地論\瑜伽師地論__juan_0017.txt,clean\瑜伽師地論\瑜伽師地論__juan_0017.txt,10887,10887
高麗版大藏經,瑜伽師地論,瑜伽師地論,瑜伽師地論,玄奘,唐,gaoli_index,瑜伽師地論/017,18,raw\瑜伽師地論\瑜伽師地論__juan_0018.txt,clean\瑜伽師地論\瑜伽師地論__juan_0018.txt,9589,9589
高麗版大藏經,瑜伽師地論,瑜伽師地論,瑜伽師地論,玄奘,唐,gaoli_index,瑜伽師地論/018,19,raw\瑜伽師地論\瑜伽師地論__juan_0019.txt,clean\瑜伽師地論\瑜伽師地論__juan_0019.txt,10361,10361
高麗版大藏經,瑜伽師地論,瑜伽師地論,瑜伽師地論,玄奘,唐,gaoli_index,瑜伽師地論/019,20,raw\瑜伽師地論\瑜伽師地論__juan_0020.txt,clean\瑜伽師地論\瑜伽師地論__juan_0020.txt,10398,10398
高麗版大藏經,瑜伽師地論,瑜伽師地論,瑜伽師地論,玄奘,唐,gaoli_index,瑜伽師地論/020,21,raw\瑜伽師地論\瑜伽師地論__juan_0021.txt,clean\瑜伽師地論\瑜伽師地論__juan_0021.txt,11367,11367
高麗版大藏經,瑜伽師地論,瑜伽師地論,瑜伽師地論,玄奘,唐,gaoli_index,瑜伽師地論/021,22,raw\瑜伽師地論\瑜伽師地論__juan_0022.txt,clean\瑜伽師地論\瑜伽師地論__juan_0022.txt,9621,9621
高麗版大藏經,瑜伽師地論,瑜伽師地論,瑜伽師地論,玄奘,唐,gaoli_index,瑜伽師地論/022,23,raw\瑜伽師地論\瑜伽師地論__juan_0023.txt,clean\瑜伽師地論\瑜伽師地論__juan_0023.txt,7370,7370
高麗版大藏經,瑜伽師地論,瑜伽師地論,瑜伽師地論,玄奘,唐,gaoli_index,瑜伽師地論/023,24,raw\瑜伽師地論\瑜伽師地論__juan_0024.txt,clean\瑜伽師地論\瑜伽師地論__juan_0024.txt,8118,8118
高麗版大藏經,瑜伽師地論,瑜伽師地論,瑜伽師地論,玄奘,唐,gaoli_index,瑜伽師地論/024,25,raw\瑜伽師地論\瑜伽師地論__juan_0025.txt,clean\瑜伽師地論\瑜伽師地論__juan_0025.txt,8796,8796
高麗版大藏經,瑜伽師地論,瑜伽師地論,瑜伽師地論,玄奘,唐,gaoli_index,瑜伽師地論/025,26,raw\瑜伽師地論\瑜伽師地論__juan_0026.txt,clean\瑜伽師地論\瑜伽師地論__juan_0026.txt,10229,10229
高麗版大藏經,瑜伽師地論,瑜伽師地論,瑜伽師地論,玄奘,唐,gaoli_index,瑜伽師地論/026,27,raw\瑜伽師地論\瑜伽師地論__juan_0027.txt,clean\瑜伽師地論\瑜伽師地論__juan_0027.txt,9580,9580
高麗版大藏經,瑜伽師地論,瑜伽師地論,瑜伽師地論,玄奘,唐,gaoli_index,瑜伽師地論/027,28,raw\瑜伽師地論\瑜伽師地論__juan_0028.txt,clean\瑜伽師地論\瑜伽師地論__juan_0028.txt,9430,9430
高麗版大藏經,瑜伽師地論,瑜伽師地論,瑜伽師地論,玄奘,唐,gaoli_index,瑜伽師地論/028,29,raw\瑜伽師地論\瑜伽師地論__juan_0029.txt,clean\瑜伽師地論\瑜伽師地論__juan_0029.txt,10060,10060
高麗版大藏經,瑜伽師地論,瑜伽師地論,瑜伽師地論,玄奘,唐,gaoli_index,瑜伽師地論/029,30,raw\瑜伽師地論\瑜伽師地論__juan_0030.txt,clean\瑜伽師地論\瑜伽師地論__juan_0030.txt,9974,9974
高麗版大藏經,瑜伽師地論,瑜伽師地論,瑜伽師地論,玄奘,唐,gaoli_index,瑜伽師地論/030,31,raw\瑜伽師地論\瑜伽師地論__juan_0031.txt,clean\瑜伽師地論\瑜伽師地論__juan_0031.txt,8718,8718
高麗版大藏經,瑜伽師地論,瑜伽師地論,瑜伽師地論,玄奘,唐,gaoli_index,瑜伽師地論/031,32,raw\瑜伽師地論\瑜伽師地論__juan_0032.txt,clean\瑜伽師地論\瑜伽師地論__juan_0032.txt,8488,8488
高麗版大藏經,瑜伽師地論,瑜伽師地論,瑜伽師地論,玄奘,唐,gaoli_index,瑜伽師地論/032,33,raw\瑜伽師地論\瑜伽師地論__juan_0033.txt,clean\瑜伽師地論\瑜伽師地論__juan_0033.txt,8909,8909
高麗版大藏經,瑜伽師地論,瑜伽師地論,瑜伽師地論,玄奘,唐,gaoli_index,瑜伽師地論/033,34,raw\瑜伽師地論\瑜伽師地論__juan_0034.txt,clean\瑜伽師地論\瑜伽師地論__juan_0034.txt,8618,8618
高麗版大藏經,瑜伽師地論,瑜伽師地論,瑜伽師地論,玄奘,唐,gaoli_index,瑜伽師地論/034,35,raw\瑜伽師地論\瑜伽師地論__juan_0035.txt,clean\瑜伽師地論\瑜伽師地論__juan_0035.txt,12049,12049
高麗版大藏經,瑜伽師地論,瑜伽師地論,瑜伽師地論,玄奘,唐,gaoli_index,瑜伽師地論/035,36,raw\瑜伽師地論\瑜伽師地論__juan_0036.txt,clean\瑜伽師地論\瑜伽師地論__juan_0036.txt,9244,9244
高麗版大藏經,瑜伽師地論,瑜伽師地論,瑜伽師地論,玄奘,唐,gaoli_index,瑜伽師地論/036,37,raw\瑜伽師地論\瑜伽師地論__juan_0037.txt,clean\瑜伽師地論\瑜伽師地論__juan_0037.txt,10945,10945
高麗版大藏經,瑜伽師地論,瑜伽師地論,瑜伽師地論,玄奘,唐,gaoli_index,瑜伽師地論/037,38,raw\瑜伽師地論\瑜伽師地論__juan_0038.txt,clean\瑜伽師地論\瑜伽師地論__juan_0038.txt,11529,11529
高麗版大藏經,瑜伽師地論,瑜伽師地論,瑜伽師地論,玄奘,唐,gaoli_index,瑜伽師地論/038,39,raw\瑜伽師地論\瑜伽師地論__juan_0039.txt,clean\瑜伽師地論\瑜伽師地論__juan_0039.txt,10004,10004
高麗版大藏經,瑜伽師地論,瑜伽師地論,瑜伽師地論,玄奘,唐,gaoli_index,瑜伽師地論/039,40,raw\瑜伽師地論\瑜伽師地論__juan_0040.txt,clean\瑜伽師地論\瑜伽師地論__juan_0040.txt,8536,8536
高麗版大藏經,瑜伽師地論,瑜伽師地論,瑜伽師地論,玄奘,唐,gaoli_index,瑜伽師地論/040,41,raw\瑜伽師地論\瑜伽師地論__juan_0041.txt,clean\瑜伽師地論\瑜伽師地論__juan_0041.txt,8313,8313
高麗版大藏經,瑜伽師地論,瑜伽師地論,瑜伽師地論,玄奘,唐,gaoli_index,瑜伽師地論/041,42,raw\瑜伽師地論\瑜伽師地論__juan_0042.txt,clean\瑜伽師地論\瑜伽師地論__juan_0042.txt,9177,9177
高麗版大藏經,瑜伽師地論,瑜伽師地論,瑜伽師地論,玄奘,唐,gaoli_index,瑜伽師地論/042,43,raw\瑜伽師地論\瑜伽師地論__juan_0043.txt,clean\瑜伽師地論\瑜伽師地論__juan_0043.txt,8702,8702
高麗版大藏經,瑜伽師地論,瑜伽師地論,瑜伽師地論,玄奘,唐,gaoli_index,瑜伽師地論/043,44,raw\瑜伽師地論\瑜伽師地論__juan_0044.txt,clean\瑜伽師地論\瑜伽師地論__juan_0044.txt,9236,9236
高麗版大藏經,瑜伽師地論,瑜伽師地論,瑜伽師地論,玄奘,唐,gaoli_index,瑜伽師地論/044,45,raw\瑜伽師地論\瑜伽師地論__juan_0045.txt,clean\瑜伽師地論\瑜伽師地論__juan_0045.txt,8914,8914
高麗版大藏經,瑜伽師地論,瑜伽師地論,瑜伽師地論,玄奘,唐,gaoli_index,瑜伽師地論/045,46,raw\瑜伽師地論\瑜伽師地論__juan_0046.txt,clean\瑜伽師地論\瑜伽師地論__juan_0046.txt,7839,7839
高麗版大藏經,瑜伽師地論,瑜伽師地論,瑜伽師地論,玄奘,唐,gaoli_index,瑜伽師地論/046,47,raw\瑜伽師地論\瑜伽師地論__juan_0047.txt,clean\瑜伽師地論\瑜伽師地論__juan_0047.txt,8565,8565
高麗版大藏經,瑜伽師地論,瑜伽師地論,瑜伽師地論,玄奘,唐,gaoli_index,瑜伽師地論/047,48,raw\瑜伽師地論\瑜伽師地論__juan_0048.txt,clean\瑜伽師地論\瑜伽師地論__juan_0048.txt,11225,11225
高麗版大藏經,瑜伽師地論,瑜伽師地論,瑜伽師地論,玄奘,唐,gaoli_index,瑜伽師地論/048,49,raw\瑜伽師地論\瑜伽師地論__juan_0049.txt,clean\瑜伽師地論\瑜伽師地論__juan_0049.txt,13075,13075
高麗版大藏經,瑜伽師地論,瑜伽師地論,瑜伽師地論,玄奘,唐,gaoli_index,瑜伽師地論/049,50,raw\瑜伽師地論\瑜伽師地論__juan_0050.txt,clean\瑜伽師地論\瑜伽師地論__juan_0050.txt,9716,9716
高麗版大藏經,瑜伽師地論,瑜伽師地論,瑜伽師地論,玄奘,唐,gaoli_index,瑜伽師地論/050,51,raw\瑜伽師地論\瑜伽師地論__juan_0051.txt,clean\瑜伽師地論\瑜伽師地論__juan_0051.txt,10826,10826
高麗版大藏經,瑜伽師地論,瑜伽師地論,瑜伽師地論,玄奘,唐,gaoli_index,瑜伽師地論/051,52,raw\瑜伽師地論\瑜伽師地論__juan_0052.txt,clean\瑜伽師地論\瑜伽師地論__juan_0052.txt,8584,8584
高麗版大藏經,瑜伽師地論,瑜伽師地論,瑜伽師地論,玄奘,唐,gaoli_index,瑜伽師地論/052,53,raw\瑜伽師地論\瑜伽師地論__juan_0053.txt,clean\瑜伽師地論\瑜伽師地論__juan_0053.txt,7594,7594
高麗版大藏經,瑜伽師地論,瑜伽師地論,瑜伽師地論,玄奘,唐,gaoli_index,瑜伽師地論/053,54,raw\瑜伽師地論\瑜伽師地論__juan_0054.txt,clean\瑜伽師地論\瑜伽師地論__juan_0054.txt,8682,8682
高麗版大藏經,瑜伽師地論,瑜伽師地論,瑜伽師地論,玄奘,唐,gaoli_index,瑜伽師地論/054,55,raw\瑜伽師地論\瑜伽師地論__juan_0055.txt,clean\瑜伽師地論\瑜伽師地論__juan_0055.txt,10034,10034
高麗版大藏經,瑜伽師地論,瑜伽師地論,瑜伽師地論,玄奘,唐,gaoli_index,瑜伽師地論/055,56,raw\瑜伽師地論\瑜伽師地論__juan_0056.txt,clean\瑜伽師地論\瑜伽師地論__juan_0056.txt,9183,9183
高麗版大藏經,瑜伽師地論,瑜伽師地論,瑜伽師地論,玄奘,唐,gaoli_index,瑜伽師地論/056,57,raw\瑜伽師地論\瑜伽師地論__juan_0057.txt,clean\瑜伽師地論\瑜伽師地論__juan_0057.txt,9184,9184
高麗版大藏經,瑜伽師地論,瑜伽師地論,瑜伽師地論,玄奘,唐,gaoli_index,瑜伽師地論/057,58,raw\瑜伽師地論\瑜伽師地論__juan_0058.txt,clean\瑜伽師地論\瑜伽師地論__juan_0058.txt,12316,12316
高麗版大藏經,瑜伽師地論,瑜伽師地論,瑜伽師地論,玄奘,唐,gaoli_index,瑜伽師地論/058,59,raw\瑜伽師地論\瑜伽師地論__juan_0059.txt,clean\瑜伽師地論\瑜伽師地論__juan_0059.txt,9540,9540
高麗版大藏經,瑜伽師地論,瑜伽師地論,瑜伽師地論,玄奘,唐,gaoli_index,瑜伽師地論/059,60,raw\瑜伽師地論\瑜伽師地論__juan_0060.txt,clean\瑜伽師地論\瑜伽師地論__juan_0060.txt,8708,8708
高麗版大藏經,瑜伽師地論,瑜伽師地論,瑜伽師地論,玄奘,唐,gaoli_index,瑜伽師地論/060,61,raw\瑜伽師地論\瑜伽師地論__juan_0061.txt,clean\瑜伽師地論\瑜伽師地論__juan_0061.txt,8766,8766
高麗版大藏經,瑜伽師地論,瑜伽師地論,瑜伽師地論,玄奘,唐,gaoli_index,瑜伽師地論/061,62,raw\瑜伽師地論\瑜伽師地論__juan_0062.txt,clean\瑜伽師地論\瑜伽師地論__juan_0062.txt,9817,9817
高麗版大藏經,瑜伽師地論,瑜伽師地論,瑜伽師地論,玄奘,唐,gaoli_index,瑜伽師地論/062,63,raw\瑜伽師地論\瑜伽師地論__juan_0063.txt,clean\瑜伽師地論\瑜伽師地論__juan_0063.txt,6079,6079
高麗版大藏經,瑜伽師地論,瑜伽師地論,瑜伽師地論,玄奘,唐,gaoli_index,瑜伽師地論/063,64,raw\瑜伽師地論\瑜伽師地論__juan_0064.txt,clean\瑜伽師地論\瑜伽師地論__juan_0064.txt,6975,6975
高麗版大藏經,瑜伽師地論,瑜伽師地論,瑜伽師地論,玄奘,唐,gaoli_index,瑜伽師地論/064,65,raw\瑜伽師地論\瑜伽師地論__juan_0065.txt,clean\瑜伽師地論\瑜伽師地論__juan_0065.txt,9386,9386
高麗版大藏經,瑜伽師地論,瑜伽師地論,瑜伽師地論,玄奘,唐,gaoli_index,瑜伽師地論/065,66,raw\瑜伽師地論\瑜伽師地論__juan_0066.txt,clean\瑜伽師地論\瑜伽師地論__juan_0066.txt,7395,7395
高麗版大藏經,瑜伽師地論,瑜伽師地論,瑜伽師地論,玄奘,唐,gaoli_index,瑜伽師地論/066,67,raw\瑜伽師地論\瑜伽師地論__juan_0067.txt,clean\瑜伽師地論\瑜伽師地論__juan_0067.txt,8176,8176
高麗版大藏經,瑜伽師地論,瑜伽師地論,瑜伽師地論,玄奘,唐,gaoli_index,瑜伽師地論/067,68,raw\瑜伽師地論\瑜伽師地論__juan_0068.txt,clean\瑜伽師地論\瑜伽師地論__juan_0068.txt,8444,8444
高麗版大藏經,瑜伽師地論,瑜伽師地論,瑜伽師地論,玄奘,唐,gaoli_index,瑜伽師地論/068,69,raw\瑜伽師地論\瑜伽師地論__juan_0069.txt,clean\瑜伽師地論\瑜伽師地論__juan_0069.txt,7312,7312
高麗版大藏經,瑜伽師地論,瑜伽師地論,瑜伽師地論,玄奘,唐,gaoli_index,瑜伽師地論/069,70,raw\瑜伽師地論\瑜伽師地論__juan_0070.txt,clean\瑜伽師地論\瑜伽師地論__juan_0070.txt,9265,9265
高麗版大藏經,瑜伽師地論,瑜伽師地論,瑜伽師地論,玄奘,唐,gaoli_index,瑜伽師地論/070,71,raw\瑜伽師地論\瑜伽師地論__juan_0071.txt,clean\瑜伽師地論\瑜伽師地論__juan_0071.txt,8955,8955
高麗版大藏經,瑜伽師地論,瑜伽師地論,瑜伽師地論,玄奘,唐,gaoli_index,瑜伽師地論/071,72,raw\瑜伽師地論\瑜伽師地論__juan_0072.txt,clean\瑜伽師地論\瑜伽師地論__juan_0072.txt,7023,7023
高麗版大藏經,瑜伽師地論,瑜伽師地論,瑜伽師地論,玄奘,唐,gaoli_index,瑜伽師地論/072,73,raw\瑜伽師地論\瑜伽師地論__juan_0073.txt,clean\瑜伽師地論\瑜伽師地論__juan_0073.txt,7776,7776
高麗版大藏經,瑜伽師地論,瑜伽師地論,瑜伽師地論,玄奘,唐,gaoli_index,瑜伽師地論/073,74,raw\瑜伽師地論\瑜伽師地論__juan_0074.txt,clean\瑜伽師地論\瑜伽師地論__juan_0074.txt,7753,7753
高麗版大藏經,瑜伽師地論,瑜伽師地論,瑜伽師地論,玄奘,唐,gaoli_index,瑜伽師地論/074,75,raw\瑜伽師地論\瑜伽師地論__juan_0075.txt,clean\瑜伽師地論\瑜伽師地論__juan_0075.txt,9485,9485
高麗版大藏經,瑜伽師地論,瑜伽師地論,瑜伽師地論,玄奘,唐,gaoli_index,瑜伽師地論/075,76,raw\瑜伽師地論\瑜伽師地論__juan_0076.txt,clean\瑜伽師地論\瑜伽師地論__juan_0076.txt,10349,10349
高麗版大藏經,瑜伽師地論,瑜伽師地論,瑜伽師地論,玄奘,唐,gaoli_index,瑜伽師地論/076,77,raw\瑜伽師地論\瑜伽師地論__juan_0077.txt,clean\瑜伽師地論\瑜伽師地論__juan_0077.txt,8686,8686
高麗版大藏經,瑜伽師地論,瑜伽師地論,瑜伽師地論,玄奘,唐,gaoli_index,瑜伽師地論/077,78,raw\瑜伽師地論\瑜伽師地論__juan_0078.txt,clean\瑜伽師地論\瑜伽師地論__juan_0078.txt,8995,8995
高麗版大藏經,瑜伽師地論,瑜伽師地論,瑜伽師地論,玄奘,唐,gaoli_index,瑜伽師地論/078,79,raw\瑜伽師地論\瑜伽師地論__juan_0079.txt,clean\瑜伽師地論\瑜伽師地論__juan_0079.txt,12138,12138
高麗版大藏經,瑜伽師地論,瑜伽師地論,瑜伽師地論,玄奘,唐,gaoli_index,瑜伽師地論/079,80,raw\瑜伽師地論\瑜伽師地論__juan_0080.txt,clean\瑜伽師地論\瑜伽師地論__juan_0080.txt,9169,9169
高麗版大藏經,瑜伽師地論,瑜伽師地論,瑜伽師地論,玄奘,唐,gaoli_index,瑜伽師地論/080,81,raw\瑜伽師地論\瑜伽師地論__juan_0081.txt,clean\瑜伽師地論\瑜伽師地論__juan_0081.txt,11034,11034
高麗版大藏經,瑜伽師地論,瑜伽師地論,瑜伽師地論,玄奘,唐,gaoli_index,瑜伽師地論/081,82,raw\瑜伽師地論\瑜伽師地論__juan_0082.txt,clean\瑜伽師地論\瑜伽師地論__juan_0082.txt,7949,7949
高麗版大藏經,瑜伽師地論,瑜伽師地論,瑜伽師地論,玄奘,唐,gaoli_index,瑜伽師地論/082,83,raw\瑜伽師地論\瑜伽師地論__juan_0083.txt,clean\瑜伽師地論\瑜伽師地論__juan_0083.txt,7906,7906
高麗版大藏經,瑜伽師地論,瑜伽師地論,瑜伽師地論,玄奘,唐,gaoli_index,瑜伽師地論/083,84,raw\瑜伽師地論\瑜伽師地論__juan_0084.txt,clean\瑜伽師地論\瑜伽師地論__juan_0084.txt,10089,10089
高麗版大藏經,瑜伽師地論,瑜伽師地論,瑜伽師地論,玄奘,唐,gaoli_index,瑜伽師地論/084,85,raw\瑜伽師地論\瑜伽師地論__juan_0085.txt,clean\瑜伽師地論\瑜伽師地論__juan_0085.txt,9521,9521
高麗版大藏經,瑜伽師地論,瑜伽師地論,瑜伽師地論,玄奘,唐,gaoli_index,瑜伽師地論/085,86,raw\瑜伽師地論\瑜伽師地論__juan_0086.txt,clean\瑜伽師地論\瑜伽師地論__juan_0086.txt,9418,9418
高麗版大藏經,瑜伽師地論,瑜伽師地論,瑜伽師地論,玄奘,唐,gaoli_index,瑜伽師地論/086,87,raw\瑜伽師地論\瑜伽師地論__juan_0087.txt,clean\瑜伽師地論\瑜伽師地論__juan_0087.txt,10515,10515
高麗版大藏經,瑜伽師地論,瑜伽師地論,瑜伽師地論,玄奘,唐,gaoli_index,瑜伽師地論/087,88,raw\瑜伽師地論\瑜伽師地論__juan_0088.txt,clean\瑜伽師地論\瑜伽師地論__juan_0088.txt,12038,12038
高麗版大藏經,瑜伽師地論,瑜伽師地論,瑜伽師地論,玄奘,唐,gaoli_index,瑜伽師地論/088,89,raw\瑜伽師地論\瑜伽師地論__juan_0089.txt,clean\瑜伽師地論\瑜伽師地論__juan_0089.txt,11903,11903
高麗版大藏經,瑜伽師地論,瑜伽師地論,瑜伽師地論,玄奘,唐,gaoli_index,瑜伽師地論/089,90,raw\瑜伽師地論\瑜伽師地論__juan_0090.txt,clean\瑜伽師地論\瑜伽師地論__juan_0090.txt,10609,10609
高麗版大藏經,瑜伽師地論,瑜伽師地論,瑜伽師地論,玄奘,唐,gaoli_index,瑜伽師地論/090,91,raw\瑜伽師地論\瑜伽師地論__juan_0091.txt,clean\瑜伽師地論\瑜伽師地論__juan_0091.txt,10700,10700
高麗版大藏經,瑜伽師地論,瑜伽師地論,瑜伽師地論,玄奘,唐,gaoli_index,瑜伽師地論/091,92,raw\瑜伽師地論\瑜伽師地論__juan_0092.txt,clean\瑜伽師地論\瑜伽師地論__juan_0092.txt,10879,10879
高麗版大藏經,瑜伽師地論,瑜伽師地論,瑜伽師地論,玄奘,唐,gaoli_index,瑜伽師地論/092,93,raw\瑜伽師地論\瑜伽師地論__juan_0093.txt,clean\瑜伽師地論\瑜伽師地論__juan_0093.txt,10073,10073
高麗版大藏經,瑜伽師地論,瑜伽師地論,瑜伽師地論,玄奘,唐,gaoli_index,瑜伽師地論/093,94,raw\瑜伽師地論\瑜伽師地論__juan_0094.txt,clean\瑜伽師地論\瑜伽師地論__juan_0094.txt,10213,10213
高麗版大藏經,瑜伽師地論,瑜伽師地論,瑜伽師地論,玄奘,唐,gaoli_index,瑜伽師地論/094,95,raw\瑜伽師地論\瑜伽師地論__juan_0095.txt,clean\瑜伽師地論\瑜伽師地論__juan_0095.txt,10185,10185
高麗版大藏經,瑜伽師地論,瑜伽師地論,瑜伽師地論,玄奘,唐,gaoli_index,瑜伽師地論/095,96,raw\瑜伽師地論\瑜伽師地論__juan_0096.txt,clean\瑜伽師地論\瑜伽師地論__juan_0096.txt,9938,9938
高麗版大藏經,瑜伽師地論,瑜伽師地論,瑜伽師地論,玄奘,唐,gaoli_index,瑜伽師地論/096,97,raw\瑜伽師地論\瑜伽師地論__juan_0097.txt,clean\瑜伽師地論\瑜伽師地論__juan_0097.txt,10934,10934
高麗版大藏經,瑜伽師地論,瑜伽師地論,瑜伽師地論,玄奘,唐,gaoli_index,瑜伽師地論/097,98,raw\瑜伽師地論\瑜伽師地論__juan_0098.txt,clean\瑜伽師地論\瑜伽師地論__juan_0098.txt,11629,11629
高麗版大藏經,瑜伽師地論,瑜伽師地論,瑜伽師地論,玄奘,唐,gaoli_index,瑜伽師地論/098,99,raw\瑜伽師地論\瑜伽師地論__juan_0099.txt,clean\瑜伽師地論\瑜伽師地論__juan_0099.txt,11666,11666
高麗版大藏經,瑜伽師地論,瑜伽師地論,瑜伽師地論,玄奘,唐,gaoli_index,瑜伽師地論/099,100,raw\瑜伽師地論\瑜伽師地論__juan_0100.txt,clean\瑜伽師地論\瑜伽師地論__juan_0100.txt,10822,10822
高麗版大藏經,瑜伽師地論,瑜伽師地論,瑜伽師地論,玄奘,唐,gaoli_index,瑜伽師地論/100,101,raw\瑜伽師地論\瑜伽師地論__juan_0101.txt,clean\瑜伽師地論\瑜伽師地論__juan_0101.txt,10244,10244
高麗版大藏經,顯揚聖教論,顯揚聖教論,顯揚聖教論,玄奘,唐,gaoli_index,顯揚聖教論/卷一,1,raw\顯揚聖教論\顯揚聖教論__juan_0001.txt,clean\顯揚聖教論\顯揚聖教論__juan_0001.txt,8458,8458
高麗版大藏經,顯揚聖教論,顯揚聖教論,顯揚聖教論,玄奘,唐,gaoli_index,顯揚聖教論/卷七,2,raw\顯揚聖教論\顯揚聖教論__juan_0002.txt,clean\顯揚聖教論\顯揚聖教論__juan_0002.txt,7801,7801
高麗版大藏經,顯揚聖教論,顯揚聖教論,顯揚聖教論,玄奘,唐,gaoli_index,顯揚聖教論/卷三,3,raw\顯揚聖教論\顯揚聖教論__juan_0003.txt,clean\顯揚聖教論\顯揚聖教論__juan_0003.txt,9348,9348
高麗版大藏經,顯揚聖教論,顯揚聖教論,顯揚聖教論,玄奘,唐,gaoli_index,顯揚聖教論/卷九,4,raw\顯揚聖教論\顯揚聖教論__juan_0004.txt,clean\顯揚聖教論\顯揚聖教論__juan_0004.txt,7831,7831
高麗版大藏經,顯揚聖教論,顯揚聖教論,顯揚聖教論,玄奘,唐,gaoli_index,顯揚聖教論/卷二,5,raw\顯揚聖教論\顯揚聖教論__juan_0005.txt,clean\顯揚聖教論\顯揚聖教論__juan_0005.txt,9171,9171
高麗版大藏經,顯揚聖教論,顯揚聖教論,顯揚聖教論,玄奘,唐,gaoli_index,顯揚聖教論/卷二十,6,raw\顯揚聖教論\顯揚聖教論__juan_0006.txt,clean\顯揚聖教論\顯揚聖教論__juan_0006.txt,8137,8137
高麗版大藏經,顯揚聖教論,顯揚聖教論,顯揚聖教論,玄奘,唐,gaoli_index,顯揚聖教論/卷五,7,raw\顯揚聖教論\顯揚聖教論__juan_0007.txt,clean\顯揚聖教論\顯揚聖教論__juan_0007.txt,8203,8203
高麗版大藏經,顯揚聖教論,顯揚聖教論,顯揚聖教論,玄奘,唐,gaoli_index,顯揚聖教論/卷八,8,raw\顯揚聖教論\顯揚聖教論__juan_0008.txt,clean\顯揚聖教論\顯揚聖教論__juan_0008.txt,7519,7519
高麗版大藏經,顯揚聖教論,顯揚聖教論,顯揚聖教論,玄奘,唐,gaoli_index,顯揚聖教論/卷六,9,raw\顯揚聖教論\顯揚聖教論__juan_0009.txt,clean\顯揚聖教論\顯揚聖教論__juan_0009.txt,7776,7776
高麗版大藏經,顯揚聖教論,顯揚聖教論,顯揚聖教論,玄奘,唐,gaoli_index,顯揚聖教論/卷十,10,raw\顯揚聖教論\顯揚聖教論__juan_0010.txt,clean\顯揚聖教論\顯揚聖教論__juan_0010.txt,7958,7958
高麗版大藏經,顯揚聖教論,顯揚聖教論,顯揚聖教論,玄奘,唐,gaoli_index,顯揚聖教論/卷十一,11,raw\顯揚聖教論\顯揚聖教論__juan_0011.txt,clean\顯揚聖教論\顯揚聖教論__juan_0011.txt,7403,7403
高麗版大藏經,顯揚聖教論,顯揚聖教論,顯揚聖教論,玄奘,唐,gaoli_index,顯揚聖教論/卷十七,12,raw\顯揚聖教論\顯揚聖教論__juan_0012.txt,clean\顯揚聖教論\顯揚聖教論__juan_0012.txt,9301,9301
高麗版大藏經,顯揚聖教論,顯揚聖教論,顯揚聖教論,玄奘,唐,gaoli_index,顯揚聖教論/卷十三,13,raw\顯揚聖教論\顯揚聖教論__juan_0013.txt,clean\顯揚聖教論\顯揚聖教論__juan_0013.txt,7729,7729
高麗版大藏經,顯揚聖教論,顯揚聖教論,顯揚聖教論,玄奘,唐,gaoli_index,顯揚聖教論/卷十九,14,raw\顯揚聖教論\顯揚聖教論__juan_0014.txt,clean\顯揚聖教論\顯揚聖教論__juan_0014.txt,8834,8834
高麗版大藏經,顯揚聖教論,顯揚聖教論,顯揚聖教論,玄奘,唐,gaoli_index,顯揚聖教論/卷十二,15,raw\顯揚聖教論\顯揚聖教論__juan_0015.txt,clean\顯揚聖教論\顯揚聖教論__juan_0015.txt,7372,7372
高麗版大藏經,顯揚聖教論,顯揚聖教論,顯揚聖教論,玄奘,唐,gaoli_index,顯揚聖教論/卷十五,16,raw\顯揚聖教論\顯揚聖教論__juan_0016.txt,clean\顯揚聖教論\顯揚聖教論__juan_0016.txt,8473,8473
高麗版大藏經,顯揚聖教論,顯揚聖教論,顯揚聖教論,玄奘,唐,gaoli_index,顯揚聖教論/卷十八,17,raw\顯揚聖教論\顯揚聖教論__juan_0017.txt,clean\顯揚聖教論\顯揚聖教論__juan_0017.txt,7836,7836
高麗版大藏經,顯揚聖教論,顯揚聖教論,顯揚聖教論,玄奘,唐,gaoli_index,顯揚聖教論/卷十六,18,raw\顯揚聖教論\顯揚聖教論__juan_0018.txt,clean\顯揚聖教論\顯揚聖教論__juan_0018.txt,9043,9043
高麗版大藏經,顯揚聖教論,顯揚聖教論,顯揚聖教論,玄奘,唐,gaoli_index,顯揚聖教論/卷十四,19,raw\顯揚聖教論\顯揚聖教論__juan_0019.txt,clean\顯揚聖教論\顯揚聖教論__juan_0019.txt,9669,9669
高麗版大藏經,顯揚聖教論,顯揚聖教論,顯揚聖教論,玄奘,唐,gaoli_index,顯揚聖教論/卷四,20,raw\顯揚聖教論\顯揚聖教論__juan_0020.txt,clean\顯揚聖教論\顯揚聖教論__juan_0020.txt,7969,7969
高麗版大藏經,般若燈論釋,般若燈論釋,般若燈論釋,波羅頗蜜多羅,唐,gaoli_index,般若燈論釋/卷001,1,raw\般若燈論釋\般若燈論釋__juan_0001.txt,clean\般若燈論釋\般若燈論釋__juan_0001.txt,8279,8279
高麗版大藏經,般若燈論釋,般若燈論釋,般若燈論釋,波羅頗蜜多羅,唐,gaoli_index,般若燈論釋/卷002,2,raw\般若燈論釋\般若燈論釋__juan_0002.txt,clean\般若燈論釋\般若燈論釋__juan_0002.txt,6649,6649
高麗版大藏經,般若燈論釋,般若燈論釋,般若燈論釋,波羅頗蜜多羅,唐,gaoli_index,般若燈論釋/卷003,3,raw\般若燈論釋\般若燈論釋__juan_0003.txt,clean\般若燈論釋\般若燈論釋__juan_0003.txt,10009,10009
高麗版大藏經,般若燈論釋,般若燈論釋,般若燈論釋,波羅頗蜜多羅,唐,gaoli_index,般若燈論釋/卷004,4,raw\般若燈論釋\般若燈論釋__juan_0004.txt,clean\般若燈論釋\般若燈論釋__juan_0004.txt,11653,11653
高麗版大藏經,般若燈論釋,般若燈論釋,般若燈論釋,波羅頗蜜多羅,唐,gaoli_index,般若燈論釋/卷005,5,raw\般若燈論釋\般若燈論釋__juan_0005.txt,clean\般若燈論釋\般若燈論釋__juan_0005.txt,10585,10585
高麗版大藏經,般若燈論釋,般若燈論釋,般若燈論釋,波羅頗蜜多羅,唐,gaoli_index,般若燈論釋/卷006,6,raw\般若燈論釋\般若燈論釋__juan_0006.txt,clean\般若燈論釋\般若燈論釋__juan_0006.txt,7170,7170
高麗版大藏經,般若燈論釋,般若燈論釋,般若燈論釋,波羅頗蜜多羅,唐,gaoli_index,般若燈論釋/卷007,7,raw\般若燈論釋\般若燈論釋__juan_0007.txt,clean\般若燈論釋\般若燈論釋__juan_0007.txt,6934,6934
高麗版大藏經,般若燈論釋,般若燈論釋,般若燈論釋,波羅頗蜜多羅,唐,gaoli_index,般若燈論釋/卷008,8,raw\般若燈論釋\般若燈論釋__juan_0008.txt,clean\般若燈論釋\般若燈論釋__juan_0008.txt,7744,7744
高麗版大藏經,般若燈論釋,般若燈論釋,般若燈論釋,波羅頗蜜多羅,唐,gaoli_index,般若燈論釋/卷009,9,raw\般若燈論釋\般若燈論釋__juan_0009.txt,clean\般若燈論釋\般若燈論釋__juan_0009.txt,8988,8988
高麗版大藏經,般若燈論釋,般若燈論釋,般若燈論釋,波羅頗蜜多羅,唐,gaoli_index,般若燈論釋/卷010,10,raw\般若燈論釋\般若燈論釋__juan_0010.txt,clean\般若燈論釋\般若燈論釋__juan_0010.txt,8276,8276
高麗版大藏經,般若燈論釋,般若燈論釋,般若燈論釋,波羅頗蜜多羅,唐,gaoli_index,般若燈論釋/卷011,11,raw\般若燈論釋\般若燈論釋__juan_0011.txt,clean\般若燈論釋\般若燈論釋__juan_0011.txt,11323,11323
高麗版大藏經,般若燈論釋,般若燈論釋,般若燈論釋,波羅頗蜜多羅,唐,gaoli_index,般若燈論釋/卷012,12,raw\般若燈論釋\般若燈論釋__juan_0012.txt,clean\般若燈論釋\般若燈論釋__juan_0012.txt,9211,9211
高麗版大藏經,般若燈論釋,般若燈論釋,般若燈論釋,波羅頗蜜多羅,唐,gaoli_index,般若燈論釋/卷013,13,raw\般若燈論釋\般若燈論釋__juan_0013.txt,clean\般若燈論釋\般若燈論釋__juan_0013.txt,7317,7317
高麗版大藏經,般若燈論釋,般若燈論釋,般若燈論釋,波羅頗蜜多羅,唐,gaoli_index,般若燈論釋/卷014,14,raw\般若燈論釋\般若燈論釋__juan_0014.txt,clean\般若燈論釋\般若燈論釋__juan_0014.txt,10047,10047
高麗版大藏經,般若燈論釋,般若燈論釋,般若燈論釋,波羅頗蜜多羅,唐,gaoli_index,般若燈論釋/卷015,15,raw\般若燈論釋\般若燈論釋__juan_0015.txt,clean\般若燈論釋\般若燈論釋__juan_0015.txt,12389,12389
高麗版大藏經,十二門論,十二門論,十二門論,鳩摩羅什,姚秦,gaoli_index,十二門論/0,1,raw\十二門論\十二門論__juan_0001.txt,clean\十二門論\十二門論__juan_0001.txt,12510,12510
高麗版大藏經,十二門論,十二門論,十二門論,鳩摩羅什,姚秦,gaoli_index,十二門論/00,2,raw\十二門論\十二門論__juan_0002.txt,clean\十二門論\十二門論__juan_0002.txt,577,577
高麗版大藏經,十二門論,十二門論,十二門論,鳩摩羅什,姚秦,gaoli_index,十二門論/01,3,raw\十二門論\十二門論__juan_0003.txt,clean\十二門論\十二門論__juan_0003.txt,1395,1395
高麗版大藏經,十二門論,十二門論,十二門論,鳩摩羅什,姚秦,gaoli_index,十二門論/02,4,raw\十二門論\十二門論__juan_0004.txt,clean\十二門論\十二門論__juan_0004.txt,3014,3014
高麗版大藏經,十二門論,十二門論,十二門論,鳩摩羅什,姚秦,gaoli_index,十二門論/03,5,raw\十二門論\十二門論__juan_0005.txt,clean\十二門論\十二門論__juan_0005.txt,623,623
高麗版大藏經,十二門論,十二門論,十二門論,鳩摩羅什,姚秦,gaoli_index,十二門論/04,6,raw\十二門論\十二門論__juan_0006.txt,clean\十二門論\十二門論__juan_0006.txt,1803,1803
高麗版大藏經,十二門論,十二門論,十二門論,鳩摩羅什,姚秦,gaoli_index,十二門論/05,7,raw\十二門論\十二門論__juan_0007.txt,clean\十二門論\十二門論__juan_0007.txt,550,550
高麗版大藏經,十二門論,十二門論,十二門論,鳩摩羅什,姚秦,gaoli_index,十二門論/06,8,raw\十二門論\十二門論__juan_0008.txt,clean\十二門論\十二門論__juan_0008.txt,959,959
高麗版大藏經,十二門論,十二門論,十二門論,鳩摩羅什,姚秦,gaoli_index,十二門論/07,9,raw\十二門論\十二門論__juan_0009.txt,clean\十二門論\十二門論__juan_0009.txt,882,882
高麗版大藏經,十二門論,十二門論,十二門論,鳩摩羅什,姚秦,gaoli_index,十二門論/08,10,raw\十二門論\十二門論__juan_0010.txt,clean\十二門論\十二門論__juan_0010.txt,983,983
高麗版大藏經,十二門論,十二門論,十二門論,鳩摩羅什,姚秦,gaoli_index,十二門論/09,11,raw\十二門論\十二門論__juan_0011.txt,clean\十二門論\十二門論__juan_0011.txt,316,316
高麗版大藏經,十二門論,十二門論,十二門論,鳩摩羅什,姚秦,gaoli_index,十二門論/10,12,raw\十二門論\十二門論__juan_0012.txt,clean\十二門論\十二門論__juan_0012.txt,1889,1889
高麗版大藏經,十二門論,十二門論,十二門論,鳩摩羅什,姚秦,gaoli_index,十二門論/11,13,raw\十二門論\十二門論__juan_0013.txt,clean\十二門論\十二門論__juan_0013.txt,686,686
高麗版大藏經,十二門論,十二門論,十二門論,鳩摩羅什,姚秦,gaoli_index,十二門論/12,14,raw\十二門論\十二門論__juan_0014.txt,clean\十二門論\十二門論__juan_0014.txt,944,944
高麗版大藏經,百論,百論,百論,鳩摩羅什,姚秦,gaoli_index,百論/00,1,raw\百論\百論__juan_0001.txt,clean\百論\百論__juan_0001.txt,686,686
高麗版大藏經,百論,百論,百論,鳩摩羅什,姚秦,gaoli_index,百論/01,2,raw\百論\百論__juan_0002.txt,clean\百論\百論__juan_0002.txt,4552,4552
高麗版大藏經,百論,百論,百論,鳩摩羅什,姚秦,gaoli_index,百論/02,3,raw\百論\百論__juan_0003.txt,clean\百論\百論__juan_0003.txt,5090,5090
高麗版大藏經,百論,百論,百論,鳩摩羅什,姚秦,gaoli_index,百論/03,4,raw\百論\百論__juan_0004.txt,clean\百論\百論__juan_0004.txt,2046,2046
高麗版大藏經,百論,百論,百論,鳩摩羅什,姚秦,gaoli_index,百論/04,5,raw\百論\百論__juan_0005.txt,clean\百論\百論__juan_0005.txt,2001,2001
高麗版大藏經,百論,百論,百論,鳩摩羅什,姚秦,gaoli_index,百論/05,6,raw\百論\百論__juan_0006.txt,clean\百論\百論__juan_0006.txt,1633,1633
高麗版大藏經,百論,百論,百論,鳩摩羅什,姚秦,gaoli_index,百論/06,7,raw\百論\百論__juan_0007.txt,clean\百論\百論__juan_0007.txt,1636,1636
高麗版大藏經,百論,百論,百論,鳩摩羅什,姚秦,gaoli_index,百論/07,8,raw\百論\百論__juan_0008.txt,clean\百論\百論__juan_0008.txt,1724,1724
高麗版大藏經,百論,百論,百論,鳩摩羅什,姚秦,gaoli_index,百論/08,9,raw\百論\百論__juan_0009.txt,clean\百論\百論__juan_0009.txt,2279,2279
高麗版大藏經,百論,百論,百論,鳩摩羅什,姚秦,gaoli_index,百論/09,10,raw\百論\百論__juan_0010.txt,clean\百論\百論__juan_0010.txt,3046,3046
高麗版大藏經,百論,百論,百論,鳩摩羅什,姚秦,gaoli_index,百論/10,11,raw\百論\百論__juan_0011.txt,clean\百論\百論__juan_0011.txt,2137,2137
高麗版大藏經,百論,百論,百論,鳩摩羅什,姚秦,gaoli_index,百論/卷上,12,raw\百論\百論__juan_0012.txt,clean\百論\百論__juan_0012.txt,11461,11461
高麗版大藏經,百論,百論,百論,鳩摩羅什,姚秦,gaoli_index,百論/卷下,13,raw\百論\百論__juan_0013.txt,clean\百論\百論__juan_0013.txt,13753,13753
高麗版大藏經,十住毗婆沙論,十住毗婆沙論,十住毗婆沙論,鳩摩羅什,後秦,gaoli_index,十住毗婆沙論/卷一,1,raw\十住毗婆沙論\十住毗婆沙論__juan_0001.txt,clean\十住毗婆沙論\十住毗婆沙論__juan_0001.txt,9426,9426
高麗版大藏經,十住毗婆沙論,十住毗婆沙論,十住毗婆沙論,鳩摩羅什,後秦,gaoli_index,十住毗婆沙論/卷七,2,raw\十住毗婆沙論\十住毗婆沙論__juan_0002.txt,clean\十住毗婆沙論\十住毗婆沙論__juan_0002.txt,9960,9960
高麗版大藏經,十住毗婆沙論,十住毗婆沙論,十住毗婆沙論,鳩摩羅什,後秦,gaoli_index,十住毗婆沙論/卷三,3,raw\十住毗婆沙論\十住毗婆沙論__juan_0003.txt,clean\十住毗婆沙論\十住毗婆沙論__juan_0003.txt,10334,10334
高麗版大藏經,十住毗婆沙論,十住毗婆沙論,十住毗婆沙論,鳩摩羅什,後秦,gaoli_index,十住毗婆沙論/卷九,4,raw\十住毗婆沙論\十住毗婆沙論__juan_0004.txt,clean\十住毗婆沙論\十住毗婆沙論__juan_0004.txt,11428,11428
高麗版大藏經,十住毗婆沙論,十住毗婆沙論,十住毗婆沙論,鳩摩羅什,後秦,gaoli_index,十住毗婆沙論/卷二,5,raw\十住毗婆沙論\十住毗婆沙論__juan_0005.txt,clean\十住毗婆沙論\十住毗婆沙論__juan_0005.txt,8374,8374
高麗版大藏經,十住毗婆沙論,十住毗婆沙論,十住毗婆沙論,鳩摩羅什,後秦,gaoli_index,十住毗婆沙論/卷五,6,raw\十住毗婆沙論\十住毗婆沙論__juan_0006.txt,clean\十住毗婆沙論\十住毗婆沙論__juan_0006.txt,10359,10359
高麗版大藏經,十住毗婆沙論,十住毗婆沙論,十住毗婆沙論,鳩摩羅什,後秦,gaoli_index,十住毗婆沙論/卷八,7,raw\十住毗婆沙論\十住毗婆沙論__juan_0007.txt,clean\十住毗婆沙論\十住毗婆沙論__juan_0007.txt,11757,11757
高麗版大藏經,十住毗婆沙論,十住毗婆沙論,十住毗婆沙論,鳩摩羅什,後秦,gaoli_index,十住毗婆沙論/卷六,8,raw\十住毗婆沙論\十住毗婆沙論__juan_0008.txt,clean\十住毗婆沙論\十住毗婆沙論__juan_0008.txt,8466,8466
高麗版大藏經,十住毗婆沙論,十住毗婆沙論,十住毗婆沙論,鳩摩羅什,後秦,gaoli_index,十住毗婆沙論/卷十,9,raw\十住毗婆沙論\十住毗婆沙論__juan_0009.txt,clean\十住毗婆沙論\十住毗婆沙論__juan_0009.txt,10719,10719
高麗版大藏經,十住毗婆沙論,十住毗婆沙論,十住毗婆沙論,鳩摩羅什,後秦,gaoli_index,十住毗婆沙論/卷十一,10,raw\十住毗婆沙論\十住毗婆沙論__juan_0010.txt,clean\十住毗婆沙論\十住毗婆沙論__juan_0010.txt,8927,8927
高麗版大藏經,十住毗婆沙論,十住毗婆沙論,十住毗婆沙論,鳩摩羅什,後秦,gaoli_index,十住毗婆沙論/卷十三,11,raw\十住毗婆沙論\十住毗婆沙論__juan_0011.txt,clean\十住毗婆沙論\十住毗婆沙論__juan_0011.txt,12509,12509
高麗版大藏經,十住毗婆沙論,十住毗婆沙論,十住毗婆沙論,鳩摩羅什,後秦,gaoli_index,十住毗婆沙論/卷十二,12,raw\十住毗婆沙論\十住毗婆沙論__juan_0012.txt,clean\十住毗婆沙論\十住毗婆沙論__juan_0012.txt,11615,11615
高麗版大藏經,十住毗婆沙論,十住毗婆沙論,十住毗婆沙論,鳩摩羅什,後秦,gaoli_index,十住毗婆沙論/卷十五,13,raw\十住毗婆沙論\十住毗婆沙論__juan_0013.txt,clean\十住毗婆沙論\十住毗婆沙論__juan_0013.txt,11889,11889
高麗版大藏經,十住毗婆沙論,十住毗婆沙論,十住毗婆沙論,鳩摩羅什,後秦,gaoli_index,十住毗婆沙論/卷十四,14,raw\十住毗婆沙論\十住毗婆沙論__juan_0014.txt,clean\十住毗婆沙論\十住毗婆沙論__juan_0014.txt,10311,10311
高麗版大藏經,十住毗婆沙論,十住毗婆沙論,十住毗婆沙論,鳩摩羅什,後秦,gaoli_index,十住毗婆沙論/卷四,15,raw\十住毗婆沙論\十住毗婆沙論__juan_0015.txt,clean\十住毗婆沙論\十住毗婆沙論__juan_0015.txt,10518,10518
高麗版大藏經,大乘莊嚴經論,大乘莊嚴經論,大乘莊嚴經論,波羅頗蜜多羅,唐,gaoli_index,大乘莊嚴經論/卷一,1,raw\大乘莊嚴經論\大乘莊嚴經論__juan_0001.txt,clean\大乘莊嚴經論\大乘莊嚴經論__juan_0001.txt,8262,8262
高麗版大藏經,大乘莊嚴經論,大乘莊嚴經論,大乘莊嚴經論,波羅頗蜜多羅,唐,gaoli_index,大乘莊嚴經論/卷七,2,raw\大乘莊嚴經論\大乘莊嚴經論__juan_0002.txt,clean\大乘莊嚴經論\大乘莊嚴經論__juan_0002.txt,8772,8772
高麗版大藏經,大乘莊嚴經論,大乘莊嚴經論,大乘莊嚴經論,波羅頗蜜多羅,唐,gaoli_index,大乘莊嚴經論/卷三,3,raw\大乘莊嚴經論\大乘莊嚴經論__juan_0003.txt,clean\大乘莊嚴經論\大乘莊嚴經論__juan_0003.txt,9909,9909
高麗版大藏經,大乘莊嚴經論,大乘莊嚴經論,大乘莊嚴經論,波羅頗蜜多羅,唐,gaoli_index,大乘莊嚴經論/卷九,4,raw\大乘莊嚴經論\大乘莊嚴經論__juan_0004.txt,clean\大乘莊嚴經論\大乘莊嚴經論__juan_0004.txt,8914,8914
高麗版大藏經,大乘莊嚴經論,大乘莊嚴經論,大乘莊嚴經論,波羅頗蜜多羅,唐,gaoli_index,大乘莊嚴經論/卷二,5,raw\大乘莊嚴經論\大乘莊嚴經論__juan_0005.txt,clean\大乘莊嚴經論\大乘莊嚴經論__juan_0005.txt,10077,10077
高麗版大藏經,大乘莊嚴經論,大乘莊嚴經論,大乘莊嚴經論,波羅頗蜜多羅,唐,gaoli_index,大乘莊嚴經論/卷五,6,raw\大乘莊嚴經論\大乘莊嚴經論__juan_0006.txt,clean\大乘莊嚴經論\大乘莊嚴經論__juan_0006.txt,8395,8395
高麗版大藏經,大乘莊嚴經論,大乘莊嚴經論,大乘莊嚴經論,波羅頗蜜多羅,唐,gaoli_index,大乘莊嚴經論/卷八,7,raw\大乘莊嚴經論\大乘莊嚴經論__juan_0007.txt,clean\大乘莊嚴經論\大乘莊嚴經論__juan_0007.txt,8042,8042
高麗版大藏經,大乘莊嚴經論,大乘莊嚴經論,大乘莊嚴經論,波羅頗蜜多羅,唐,gaoli_index,大乘莊嚴經論/卷六,8,raw\大乘莊嚴經論\大乘莊嚴經論__juan_0008.txt,clean\大乘莊嚴經論\大乘莊嚴經論__juan_0008.txt,8104,8104
高麗版大藏經,大乘莊嚴經論,大乘莊嚴經論,大乘莊嚴經論,波羅頗蜜多羅,唐,gaoli_index,大乘莊嚴經論/卷十,9,raw\大乘莊嚴經論\大乘莊嚴經論__juan_0009.txt,clean\大乘莊嚴經論\大乘莊嚴經論__juan_0009.txt,7680,7680
高麗版大藏經,大乘莊嚴經論,大乘莊嚴經論,大乘莊嚴經論,波羅頗蜜多羅,唐,gaoli_index,大乘莊嚴經論/卷十一,10,raw\大乘莊嚴經論\大乘莊嚴經論__juan_0010.txt,clean\大乘莊嚴經論\大乘莊嚴經論__juan_0010.txt,8423,8423
高麗版大藏經,大乘莊嚴經論,大乘莊嚴經論,大乘莊嚴經論,波羅頗蜜多羅,唐,gaoli_index,大乘莊嚴經論/卷十三,11,raw\大乘莊嚴經論\大乘莊嚴經論__juan_0011.txt,clean\大乘莊嚴經論\大乘莊嚴經論__juan_0011.txt,8127,8127
高麗版大藏經,大乘莊嚴經論,大乘莊嚴經論,大乘莊嚴經論,波羅頗蜜多羅,唐,gaoli_index,大乘莊嚴經論/卷十二,12,raw\大乘莊嚴經論\大乘莊嚴經論__juan_0012.txt,clean\大乘莊嚴經論\大乘莊嚴經論__juan_0012.txt,10648,10648
高麗版大藏經,大乘莊嚴經論,大乘莊嚴經論,大乘莊嚴經論,波羅頗蜜多羅,唐,gaoli_index,大乘莊嚴經論/卷四,13,raw\大乘莊嚴經論\大乘莊嚴經論__juan_0013.txt,clean\大乘莊嚴經論\大乘莊嚴經論__juan_0013.txt,7959,7959
高麗版大藏經,大莊嚴論經,大莊嚴論經,大莊嚴論經,鳩摩羅什,後秦,gaoli_index,大莊嚴論經/卷一,1,raw\大莊嚴論經\大莊嚴論經__juan_0001.txt,clean\大莊嚴論經\大莊嚴論經__juan_0001.txt,8783,8783
高麗版大藏經,大莊嚴論經,大莊嚴論經,大莊嚴論經,鳩摩羅什,後秦,gaoli_index,大莊嚴論經/卷七,2,raw\大莊嚴論經\大莊嚴論經__juan_0002.txt,clean\大莊嚴論經\大莊嚴論經__juan_0002.txt,7872,7872
高麗版大藏經,大莊嚴論經,大莊嚴論經,大莊嚴論經,鳩摩羅什,後秦,gaoli_index,大莊嚴論經/卷三,3,raw\大莊嚴論經\大莊嚴論經__juan_0003.txt,clean\大莊嚴論經\大莊嚴論經__juan_0003.txt,10179,10179
高麗版大藏經,大莊嚴論經,大莊嚴論經,大莊嚴論經,鳩摩羅什,後秦,gaoli_index,大莊嚴論經/卷九,4,raw\大莊嚴論經\大莊嚴論經__juan_0004.txt,clean\大莊嚴論經\大莊嚴論經__juan_0004.txt,8229,8229
高麗版大藏經,大莊嚴論經,大莊嚴論經,大莊嚴論經,鳩摩羅什,後秦,gaoli_index,大莊嚴論經/卷二,5,raw\大莊嚴論經\大莊嚴論經__juan_0005.txt,clean\大莊嚴論經\大莊嚴論經__juan_0005.txt,9378,9378
高麗版大藏經,大莊嚴論經,大莊嚴論經,大莊嚴論經,鳩摩羅什,後秦,gaoli_index,大莊嚴論經/卷五,6,raw\大莊嚴論經\大莊嚴論經__juan_0006.txt,clean\大莊嚴論經\大莊嚴論經__juan_0006.txt,10463,10463
高麗版大藏經,大莊嚴論經,大莊嚴論經,大莊嚴論經,鳩摩羅什,後秦,gaoli_index,大莊嚴論經/卷八,7,raw\大莊嚴論經\大莊嚴論經__juan_0007.txt,clean\大莊嚴論經\大莊嚴論經__juan_0007.txt,9923,9923
高麗版大藏經,大莊嚴論經,大莊嚴論經,大莊嚴論經,鳩摩羅什,後秦,gaoli_index,大莊嚴論經/卷六,8,raw\大莊嚴論經\大莊嚴論經__juan_0008.txt,clean\大莊嚴論經\大莊嚴論經__juan_0008.txt,8449,8449
高麗版大藏經,大莊嚴論經,大莊嚴論經,大莊嚴論經,鳩摩羅什,後秦,gaoli_index,大莊嚴論經/卷十,9,raw\大莊嚴論經\大莊嚴論經__juan_0009.txt,clean\大莊嚴論經\大莊嚴論經__juan_0009.txt,10376,10376
高麗版大藏經,大莊嚴論經,大莊嚴論經,大莊嚴論經,鳩摩羅什,後秦,gaoli_index,大莊嚴論經/卷十一,10,raw\大莊嚴論經\大莊嚴論經__juan_0010.txt,clean\大莊嚴論經\大莊嚴論經__juan_0010.txt,7227,7227
高麗版大藏經,大莊嚴論經,大莊嚴論經,大莊嚴論經,鳩摩羅什,後秦,gaoli_index,大莊嚴論經/卷十三,11,raw\大莊嚴論經\大莊嚴論經__juan_0011.txt,clean\大莊嚴論經\大莊嚴論經__juan_0011.txt,10018,10018
高麗版大藏經,大莊嚴論經,大莊嚴論經,大莊嚴論經,鳩摩羅什,後秦,gaoli_index,大莊嚴論經/卷十二,12,raw\大莊嚴論經\大莊嚴論經__juan_0012.txt,clean\大莊嚴論經\大莊嚴論經__juan_0012.txt,8078,8078
高麗版大藏經,大莊嚴論經,大莊嚴論經,大莊嚴論經,鳩摩羅什,後秦,gaoli_index,大莊嚴論經/卷十五,13,raw\大莊嚴論經\大莊嚴論經__juan_0013.txt,clean\大莊嚴論經\大莊嚴論經__juan_0013.txt,14007,14007
高麗版大藏經,大莊嚴論經,大莊嚴論經,大莊嚴論經,鳩摩羅什,後秦,gaoli_index,大莊嚴論經/卷十四,14,raw\大莊嚴論經\大莊嚴論經__juan_0014.txt,clean\大莊嚴論經\大莊嚴論經__juan_0014.txt,9605,9605
高麗版大藏經,大莊嚴論經,大莊嚴論經,大莊嚴論經,鳩摩羅什,後秦,gaoli_index,大莊嚴論經/卷四,15,raw\大莊嚴論經\大莊嚴論經__juan_0015.txt,clean\大莊嚴論經\大莊嚴論經__juan_0015.txt,7727,7727
高麗版大藏經,攝大乘論釋論,攝大乘論釋論,攝大乘論釋論,笈多、行矩等,隋,gaoli_index,攝大乘論釋論/卷001,1,raw\攝大乘論釋論\攝大乘論釋論__juan_0001.txt,clean\攝大乘論釋論\攝大乘論釋論__juan_0001.txt,8178,8178
高麗版大藏經,攝大乘論釋論,攝大乘論釋論,攝大乘論釋論,笈多、行矩等,隋,gaoli_index,攝大乘論釋論/卷002,2,raw\攝大乘論釋論\攝大乘論釋論__juan_0002.txt,clean\攝大乘論釋論\攝大乘論釋論__juan_0002.txt,7544,7544
高麗版大藏經,攝大乘論釋論,攝大乘論釋論,攝大乘論釋論,笈多、行矩等,隋,gaoli_index,攝大乘論釋論/卷003,3,raw\攝大乘論釋論\攝大乘論釋論__juan_0003.txt,clean\攝大乘論釋論\攝大乘論釋論__juan_0003.txt,6510,6510
高麗版大藏經,攝大乘論釋論,攝大乘論釋論,攝大乘論釋論,笈多、行矩等,隋,gaoli_index,攝大乘論釋論/卷004,4,raw\攝大乘論釋論\攝大乘論釋論__juan_0004.txt,clean\攝大乘論釋論\攝大乘論釋論__juan_0004.txt,7678,7678
高麗版大藏經,攝大乘論釋論,攝大乘論釋論,攝大乘論釋論,笈多、行矩等,隋,gaoli_index,攝大乘論釋論/卷005,5,raw\攝大乘論釋論\攝大乘論釋論__juan_0005.txt,clean\攝大乘論釋論\攝大乘論釋論__juan_0005.txt,8153,8153
高麗版大藏經,攝大乘論釋論,攝大乘論釋論,攝大乘論釋論,笈多、行矩等,隋,gaoli_index,攝大乘論釋論/卷006,6,raw\攝大乘論釋論\攝大乘論釋論__juan_0006.txt,clean\攝大乘論釋論\攝大乘論釋論__juan_0006.txt,7081,7081
高麗版大藏經,攝大乘論釋論,攝大乘論釋論,攝大乘論釋論,笈多、行矩等,隋,gaoli_index,攝大乘論釋論/卷007,7,raw\攝大乘論釋論\攝大乘論釋論__juan_0007.txt,clean\攝大乘論釋論\攝大乘論釋論__juan_0007.txt,8968,8968
高麗版大藏經,攝大乘論釋論,攝大乘論釋論,攝大乘論釋論,笈多、行矩等,隋,gaoli_index,攝大乘論釋論/卷008,8,raw\攝大乘論釋論\攝大乘論釋論__juan_0008.txt,clean\攝大乘論釋論\攝大乘論釋論__juan_0008.txt,8084,8084
高麗版大藏經,攝大乘論釋論,攝大乘論釋論,攝大乘論釋論,笈多、行矩等,隋,gaoli_index,攝大乘論釋論/卷009,9,raw\攝大乘論釋論\攝大乘論釋論__juan_0009.txt,clean\攝大乘論釋論\攝大乘論釋論__juan_0009.txt,8371,8371
高麗版大藏經,攝大乘論釋論,攝大乘論釋論,攝大乘論釋論,笈多、行矩等,隋,gaoli_index,攝大乘論釋論/卷010,10,raw\攝大乘論釋論\攝大乘論釋論__juan_0010.txt,clean\攝大乘論釋論\攝大乘論釋論__juan_0010.txt,9458,9458
高麗版大藏經,決定藏論,決定藏論,決定藏論,真諦,梁,gaoli_index,決定藏論/卷001,1,raw\決定藏論\決定藏論__juan_0001.txt,clean\決定藏論\決定藏論__juan_0001.txt,9344,9344
高麗版大藏經,決定藏論,決定藏論,決定藏論,真諦,梁,gaoli_index,決定藏論/卷002,2,raw\決定藏論\決定藏論__juan_0002.txt,clean\決定藏論\決定藏論__juan_0002.txt,8285,8285
高麗版大藏經,決定藏論,決定藏論,決定藏論,真諦,梁,gaoli_index,決定藏論/卷003,3,raw\決定藏論\決定藏論__juan_0003.txt,clean\決定藏論\決定藏論__juan_0003.txt,10600,10600
高麗版大藏經,究竟一乘寶性論,究竟一乘寶性論,究竟一乘寶性論,勒那摩提,後魏,gaoli_index,究竟一乘寶性論/卷001,1,raw\究竟一乘寶性論\究竟一乘寶性論__juan_0001.txt,clean\究竟一乘寶性論\究竟一乘寶性論__juan_0001.txt,12377,12377
高麗版大藏經,究竟一乘寶性論,究竟一乘寶性論,究竟一乘寶性論,勒那摩提,後魏,gaoli_index,究竟一乘寶性論/卷002,2,raw\究竟一乘寶性論\究竟一乘寶性論__juan_0002.txt,clean\究竟一乘寶性論\究竟一乘寶性論__juan_0002.txt,8830,8830
高麗版大藏經,究竟一乘寶性論,究竟一乘寶性論,究竟一乘寶性論,勒那摩提,後魏,gaoli_index,究竟一乘寶性論/卷003,3,raw\究竟一乘寶性論\究竟一乘寶性論__juan_0003.txt,clean\究竟一乘寶性論\究竟一乘寶性論__juan_0003.txt,13771,13771
高麗版大藏經,究竟一乘寶性論,究竟一乘寶性論,究竟一乘寶性論,勒那摩提,後魏,gaoli_index,究竟一乘寶性論/卷004,4,raw\究竟一乘寶性論\究竟一乘寶性論__juan_0004.txt,clean\究竟一乘寶性論\究竟一乘寶性論__juan_0004.txt,15380,15380
高麗版大藏經,成唯識論,成唯識論,成唯識論,玄奘,唐,gaoli_index,成唯識論/01,1,raw\成唯識論\成唯識論__juan_0001.txt,clean\成唯識論\成唯識論__juan_0001.txt,7493,7493
高麗版大藏經,成唯識論,成唯識論,成唯識論,玄奘,唐,gaoli_index,成唯識論/02,2,raw\成唯識論\成唯識論__juan_0002.txt,clean\成唯識論\成唯識論__juan_0002.txt,8659,8659
高麗版大藏經,成唯識論,成唯識論,成唯識論,玄奘,唐,gaoli_index,成唯識論/03,3,raw\成唯識論\成唯識論__juan_0003.txt,clean\成唯識論\成唯識論__juan_0003.txt,9062,9062
高麗版大藏經,成唯識論,成唯識論,成唯識論,玄奘,唐,gaoli_index,成唯識論/04,4,raw\成唯識論\成唯識論__juan_0004.txt,clean\成唯識論\成唯識論__juan_0004.txt,9456,9456
高麗版大藏經,成唯識論,成唯識論,成唯識論,玄奘,唐,gaoli_index,成唯識論/05,5,raw\成唯識論\成唯識論__juan_0005.txt,clean\成唯識論\成唯識論__juan_0005.txt,9305,9305
高麗版大藏經,成唯識論,成唯識論,成唯識論,玄奘,唐,gaoli_index,成唯識論/06,6,raw\成唯識論\成唯識論__juan_0006.txt,clean\成唯識論\成唯識論__juan_0006.txt,9468,9468
高麗版大藏經,成唯識論,成唯識論,成唯識論,玄奘,唐,gaoli_index,成唯識論/07,7,raw\成唯識論\成唯識論__juan_0007.txt,clean\成唯識論\成唯識論__juan_0007.txt,8902,8902
高麗版大藏經,成唯識論,成唯識論,成唯識論,玄奘,唐,gaoli_index,成唯識論/08,8,raw\成唯識論\成唯識論__juan_0008.txt,clean\成唯識論\成唯識論__juan_0008.txt,9950,9950
高麗版大藏經,成唯識論,成唯識論,成唯識論,玄奘,唐,gaoli_index,成唯識論/09,9,raw\成唯識論\成唯識論__juan_0009.txt,clean\成唯識論\成唯識論__juan_0009.txt,9421,9421
高麗版大藏經,成唯識論,成唯識論,成唯識論,玄奘,唐,gaoli_index,成唯識論/10,10,raw\成唯識論\成唯識論__juan_0010.txt,clean\成唯識論\成唯識論__juan_0010.txt,8199,8199
高麗版大藏經,成唯識論,成唯識論,成唯識論,玄奘,唐,gaoli_index,成唯識論/11,11,raw\成唯識論\成唯識論__juan_0011.txt,clean\成唯識論\成唯識論__juan_0011.txt,1428,1428
高麗版大藏經,發菩提心經論,發菩提心經論,發菩提心經論,鳩摩羅什,後秦,gaoli_index,發菩提心經論/卷001,1,raw\發菩提心經論\發菩提心經論__juan_0001.txt,clean\發菩提心經論\發菩提心經論__juan_0001.txt,7218,7218
高麗版大藏經,發菩提心經論,發菩提心經論,發菩提心經論,鳩摩羅什,後秦,gaoli_index,發菩提心經論/卷002,2,raw\發菩提心經論\發菩提心經論__juan_0002.txt,clean\發菩提心經論\發菩提心經論__juan_0002.txt,99,99
高麗版大藏經,中阿含經,中阿含經,中阿含經,瞿曇僧伽提婆,東晉,gaoli_index,中阿含經/卷第 01,1,raw\中阿含經\中阿含經__juan_0001.txt,clean\中阿含經\中阿含經__juan_0001.txt,10667,10667
高麗版大藏經,中阿含經,中阿含經,中阿含經,瞿曇僧伽提婆,東晉,gaoli_index,中阿含經/卷第 02,2,raw\中阿含經\中阿含經__juan_0002.txt,clean\中阿含經\中阿含經__juan_0002.txt,10354,10354
高麗版大藏經,中阿含經,中阿含經,中阿含經,瞿曇僧伽提婆,東晉,gaoli_index,中阿含經/卷第 03,3,raw\中阿含經\中阿含經__juan_0003.txt,clean\中阿含經\中阿含經__juan_0003.txt,13594,13594
高麗版大藏經,中阿含經,中阿含經,中阿含經,瞿曇僧伽提婆,東晉,gaoli_index,中阿含經/卷第 04,4,raw\中阿含經\中阿含經__juan_0004.txt,clean\中阿含經\中阿含經__juan_0004.txt,14010,14010
高麗版大藏經,中阿含經,中阿含經,中阿含經,瞿曇僧伽提婆,東晉,gaoli_index,中阿含經/卷第 05,5,raw\中阿含經\中阿含經__juan_0005.txt,clean\中阿含經\中阿含經__juan_0005.txt,10856,10856
高麗版大藏經,中阿含經,中阿含經,中阿含經,瞿曇僧伽提婆,東晉,gaoli_index,中阿含經/卷第 06,6,raw\中阿含經\中阿含經__juan_0006.txt,clean\中阿含經\中阿含經__juan_0006.txt,11824,11824
高麗版大藏經,中阿含經,中阿含經,中阿含經,瞿曇僧伽提婆,東晉,gaoli_index,中阿含經/卷第 07,7,raw\中阿含經\中阿含經__juan_0007.txt,clean\中阿含經\中阿含經__juan_0007.txt,14864,14864
高麗版大藏經,中阿含經,中阿含經,中阿含經,瞿曇僧伽提婆,東晉,gaoli_index,中阿含經/卷第 08,8,raw\中阿含經\中阿含經__juan_0008.txt,clean\中阿含經\中阿含經__juan_0008.txt,13576,13576
高麗版大藏經,中阿含經,中阿含經,中阿含經,瞿曇僧伽提婆,東晉,gaoli_index,中阿含經/卷第 09,9,raw\中阿含經\中阿含經__juan_0009.txt,clean\中阿含經\中阿含經__juan_0009.txt,13465,13465
高麗版大藏經,中阿含經,中阿含經,中阿含經,瞿曇僧伽提婆,東晉,gaoli_index,中阿含經/卷第 10,10,raw\中阿含經\中阿含經__juan_0010.txt,clean\中阿含經\中阿含經__juan_0010.txt,13400,13400
高麗版大藏經,中阿含經,中阿含經,中阿含經,瞿曇僧伽提婆,東晉,gaoli_index,中阿含經/卷第 11,11,raw\中阿含經\中阿含經__juan_0011.txt,clean\中阿含經\中阿含經__juan_0011.txt,10762,10762
高麗版大藏經,中阿含經,中阿含經,中阿含經,瞿曇僧伽提婆,東晉,gaoli_index,中阿含經/卷第 12,12,raw\中阿含經\中阿含經__juan_0012.txt,clean\中阿含經\中阿含經__juan_0012.txt,12802,12802
高麗版大藏經,中阿含經,中阿含經,中阿含經,瞿曇僧伽提婆,東晉,gaoli_index,中阿含經/卷第 13,13,raw\中阿含經\中阿含經__juan_0013.txt,clean\中阿含經\中阿含經__juan_0013.txt,9615,9615
高麗版大藏經,中阿含經,中阿含經,中阿含經,瞿曇僧伽提婆,東晉,gaoli_index,中阿含經/卷第 14,14,raw\中阿含經\中阿含經__juan_0014.txt,clean\中阿含經\中阿含經__juan_0014.txt,12039,12039
高麗版大藏經,中阿含經,中阿含經,中阿含經,瞿曇僧伽提婆,東晉,gaoli_index,中阿含經/卷第 15,15,raw\中阿含經\中阿含經__juan_0015.txt,clean\中阿含經\中阿含經__juan_0015.txt,11179,11179
高麗版大藏經,中阿含經,中阿含經,中阿含經,瞿曇僧伽提婆,東晉,gaoli_index,中阿含經/卷第 16,16,raw\中阿含經\中阿含經__juan_0016.txt,clean\中阿含經\中阿含經__juan_0016.txt,13488,13488
高麗版大藏經,中阿含經,中阿含經,中阿含經,瞿曇僧伽提婆,東晉,gaoli_index,中阿含經/卷第 17,17,raw\中阿含經\中阿含經__juan_0017.txt,clean\中阿含經\中阿含經__juan_0017.txt,11821,11821
高麗版大藏經,中阿含經,中阿含經,中阿含經,瞿曇僧伽提婆,東晉,gaoli_index,中阿含經/卷第 18,18,raw\中阿含經\中阿含經__juan_0018.txt,clean\中阿含經\中阿含經__juan_0018.txt,13074,13074
高麗版大藏經,中阿含經,中阿含經,中阿含經,瞿曇僧伽提婆,東晉,gaoli_index,中阿含經/卷第 19,19,raw\中阿含經\中阿含經__juan_0019.txt,clean\中阿含經\中阿含經__juan_0019.txt,13366,13366
高麗版大藏經,中阿含經,中阿含經,中阿含經,瞿曇僧伽提婆,東晉,gaoli_index,中阿含經/卷第 20,20,raw\中阿含經\中阿含經__juan_0020.txt,clean\中阿含經\中阿含經__juan_0020.txt,10122,10122
高麗版大藏經,中阿含經,中阿含經,中阿含經,瞿曇僧伽提婆,東晉,gaoli_index,中阿含經/卷第 21,21,raw\中阿含經\中阿含經__juan_0021.txt,clean\中阿含經\中阿含經__juan_0021.txt,9475,9475
高麗版大藏經,中阿含經,中阿含經,中阿含經,瞿曇僧伽提婆,東晉,gaoli_index,中阿含經/卷第 22,22,raw\中阿含經\中阿含經__juan_0022.txt,clean\中阿含經\中阿含經__juan_0022.txt,9473,9473
高麗版大藏經,中阿含經,中阿含經,中阿含經,瞿曇僧伽提婆,東晉,gaoli_index,中阿含經/卷第 23,23,raw\中阿含經\中阿含經__juan_0023.txt,clean\中阿含經\中阿含經__juan_0023.txt,11620,11620
高麗版大藏經,中阿含經,中阿含經,中阿含經,瞿曇僧伽提婆,東晉,gaoli_index,中阿含經/卷第 24,24,raw\中阿含經\中阿含經__juan_0024.txt,clean\中阿含經\中阿含經__juan_0024.txt,11345,11345
高麗版大藏經,中阿含經,中阿含經,中阿含經,瞿曇僧伽提婆,東晉,gaoli_index,中阿含經/卷第 25,25,raw\中阿含經\中阿含經__juan_0025.txt,clean\中阿含經\中阿含經__juan_0025.txt,9877,9877
高麗版大藏經,中阿含經,中阿含經,中阿含經,瞿曇僧伽提婆,東晉,gaoli_index,中阿含經/卷第 26,26,raw\中阿含經\中阿含經__juan_0026.txt,clean\中阿含經\中阿含經__juan_0026.txt,11693,11693
高麗版大藏經,中阿含經,中阿含經,中阿含經,瞿曇僧伽提婆,東晉,gaoli_index,中阿含經/卷第 27,27,raw\中阿含經\中阿含經__juan_0027.txt,clean\中阿含經\中阿含經__juan_0027.txt,9818,9818
高麗版大藏經,中阿含經,中阿含經,中阿含經,瞿曇僧伽提婆,東晉,gaoli_index,中阿含經/卷第 28,28,raw\中阿含經\中阿含經__juan_0028.txt,clean\中阿含經\中阿含經__juan_0028.txt,8859,8859
高麗版大藏經,中阿含經,中阿含經,中阿含經,瞿曇僧伽提婆,東晉,gaoli_index,中阿含經/卷第 29,29,raw\中阿含經\中阿含經__juan_0029.txt,clean\中阿含經\中阿含經__juan_0029.txt,12374,12374
高麗版大藏經,中阿含經,中阿含經,中阿含經,瞿曇僧伽提婆,東晉,gaoli_index,中阿含經/卷第 30,30,raw\中阿含經\中阿含經__juan_0030.txt,clean\中阿含經\中阿含經__juan_0030.txt,13207,13207
高麗版大藏經,中阿含經,中阿含經,中阿含經,瞿曇僧伽提婆,東晉,gaoli_index,中阿含經/卷第 31,31,raw\中阿含經\中阿含經__juan_0031.txt,clean\中阿含經\中阿含經__juan_0031.txt,8946,8946
高麗版大藏經,中阿含經,中阿含經,中阿含經,瞿曇僧伽提婆,東晉,gaoli_index,中阿含經/卷第 32,32,raw\中阿含經\中阿含經__juan_0032.txt,clean\中阿含經\中阿含經__juan_0032.txt,8357,8357
高麗版大藏經,中阿含經,中阿含經,中阿含經,瞿曇僧伽提婆,東晉,gaoli_index,中阿含經/卷第 33,33,raw\中阿含經\中阿含經__juan_0033.txt,clean\中阿含經\中阿含經__juan_0033.txt,15718,15718
高麗版大藏經,中阿含經,中阿含經,中阿含經,瞿曇僧伽提婆,東晉,gaoli_index,中阿含經/卷第 34,34,raw\中阿含經\中阿含經__juan_0034.txt,clean\中阿含經\中阿含經__juan_0034.txt,10022,10022
高麗版大藏經,中阿含經,中阿含經,中阿含經,瞿曇僧伽提婆,東晉,gaoli_index,中阿含經/卷第 35,35,raw\中阿含經\中阿含經__juan_0035.txt,clean\中阿含經\中阿含經__juan_0035.txt,10072,10072
高麗版大藏經,中阿含經,中阿含經,中阿含經,瞿曇僧伽提婆,東晉,gaoli_index,中阿含經/卷第 36,36,raw\中阿含經\中阿含經__juan_0036.txt,clean\中阿含經\中阿含經__juan_0036.txt,12083,12083
高麗版大藏經,中阿含經,中阿含經,中阿含經,瞿曇僧伽提婆,東晉,gaoli_index,中阿含經/卷第 37,37,raw\中阿含經\中阿含經__juan_0037.txt,clean\中阿含經\中阿含經__juan_0037.txt,11235,11235
高麗版大藏經,中阿含經,中阿含經,中阿含經,瞿曇僧伽提婆,東晉,gaoli_index,中阿含經/卷第 38,38,raw\中阿含經\中阿含經__juan_0038.txt,clean\中阿含經\中阿含經__juan_0038.txt,11518,11518
高麗版大藏經,中阿含經,中阿含經,中阿含經,瞿曇僧伽提婆,東晉,gaoli_index,中阿含經/卷第 39,39,raw\中阿含經\中阿含經__juan_0039.txt,clean\中阿含經\中阿含經__juan_0039.txt,10125,10125
高麗版大藏經,中阿含經,中阿含經,中阿含經,瞿曇僧伽提婆,東晉,gaoli_index,中阿含經/卷第 40,40,raw\中阿含經\中阿含經__juan_0040.txt,clean\中阿含經\中阿含經__juan_0040.txt,9784,9784
高麗版大藏經,中阿含經,中阿含經,中阿含經,瞿曇僧伽提婆,東晉,gaoli_index,中阿含經/卷第 41,41,raw\中阿含經\中阿含經__juan_0041.txt,clean\中阿含經\中阿含經__juan_0041.txt,8886,8886
高麗版大藏經,中阿含經,中阿含經,中阿含經,瞿曇僧伽提婆,東晉,gaoli_index,中阿含經/卷第 42,42,raw\中阿含經\中阿含經__juan_0042.txt,clean\中阿含經\中阿含經__juan_0042.txt,11013,11013
高麗版大藏經,中阿含經,中阿含經,中阿含經,瞿曇僧伽提婆,東晉,gaoli_index,中阿含經/卷第 43,43,raw\中阿含經\中阿含經__juan_0043.txt,clean\中阿含經\中阿含經__juan_0043.txt,12481,12481
高麗版大藏經,中阿含經,中阿含經,中阿含經,瞿曇僧伽提婆,東晉,gaoli_index,中阿含經/卷第 44,44,raw\中阿含經\中阿含經__juan_0044.txt,clean\中阿含經\中阿含經__juan_0044.txt,9112,9112
高麗版大藏經,中阿含經,中阿含經,中阿含經,瞿曇僧伽提婆,東晉,gaoli_index,中阿含經/卷第 45,45,raw\中阿含經\中阿含經__juan_0045.txt,clean\中阿含經\中阿含經__juan_0045.txt,8476,8476
高麗版大藏經,中阿含經,中阿含經,中阿含經,瞿曇僧伽提婆,東晉,gaoli_index,中阿含經/卷第 46,46,raw\中阿含經\中阿含經__juan_0046.txt,clean\中阿含經\中阿含經__juan_0046.txt,8351,8351
高麗版大藏經,中阿含經,中阿含經,中阿含經,瞿曇僧伽提婆,東晉,gaoli_index,中阿含經/卷第 47,47,raw\中阿含經\中阿含經__juan_0047.txt,clean\中阿含經\中阿含經__juan_0047.txt,10850,10850
高麗版大藏經,中阿含經,中阿含經,中阿含經,瞿曇僧伽提婆,東晉,gaoli_index,中阿含經/卷第 48,48,raw\中阿含經\中阿含經__juan_0048.txt,clean\中阿含經\中阿含經__juan_0048.txt,12855,12855
高麗版大藏經,中阿含經,中阿含經,中阿含經,瞿曇僧伽提婆,東晉,gaoli_index,中阿含經/卷第 49,49,raw\中阿含經\中阿含經__juan_0049.txt,clean\中阿含經\中阿含經__juan_0049.txt,15050,15050
高麗版大藏經,中阿含經,中阿含經,中阿含經,瞿曇僧伽提婆,東晉,gaoli_index,中阿含經/卷第 50,50,raw\中阿含經\中阿含經__juan_0050.txt,clean\中阿含經\中阿含經__juan_0050.txt,10218,10218
高麗版大藏經,中阿含經,中阿含經,中阿含經,瞿曇僧伽提婆,東晉,gaoli_index,中阿含經/卷第 51,51,raw\中阿含經\中阿含經__juan_0051.txt,clean\中阿含經\中阿含經__juan_0051.txt,10702,10702
高麗版大藏經,中阿含經,中阿含經,中阿含經,瞿曇僧伽提婆,東晉,gaoli_index,中阿含經/卷第 52,52,raw\中阿含經\中阿含經__juan_0052.txt,clean\中阿含經\中阿含經__juan_0052.txt,11233,11233
高麗版大藏經,中阿含經,中阿含經,中阿含經,瞿曇僧伽提婆,東晉,gaoli_index,中阿含經/卷第 53,53,raw\中阿含經\中阿含經__juan_0053.txt,clean\中阿含經\中阿含經__juan_0053.txt,7345,7345
高麗版大藏經,中阿含經,中阿含經,中阿含經,瞿曇僧伽提婆,東晉,gaoli_index,中阿含經/卷第 54,54,raw\中阿含經\中阿含經__juan_0054.txt,clean\中阿含經\中阿含經__juan_0054.txt,12572,12572
高麗版大藏經,中阿含經,中阿含經,中阿含經,瞿曇僧伽提婆,東晉,gaoli_index,中阿含經/卷第 55,55,raw\中阿含經\中阿含經__juan_0055.txt,clean\中阿含經\中阿含經__juan_0055.txt,9871,9871
高麗版大藏經,中阿含經,中阿含經,中阿含經,瞿曇僧伽提婆,東晉,gaoli_index,中阿含經/卷第 56,56,raw\中阿含經\中阿含經__juan_0056.txt,clean\中阿含經\中阿含經__juan_0056.txt,10244,10244
高麗版大藏經,中阿含經,中阿含經,中阿含經,瞿曇僧伽提婆,東晉,gaoli_index,中阿含經/卷第 57,57,raw\中阿含經\中阿含經__juan_0057.txt,clean\中阿含經\中阿含經__juan_0057.txt,11586,11586
高麗版大藏經,中阿含經,中阿含經,中阿含經,瞿曇僧伽提婆,東晉,gaoli_index,中阿含經/卷第 58,58,raw\中阿含經\中阿含經__juan_0058.txt,clean\中阿含經\中阿含經__juan_0058.txt,8589,8589
高麗版大藏經,中阿含經,中阿含經,中阿含經,瞿曇僧伽提婆,東晉,gaoli_index,中阿含經/卷第 59,59,raw\中阿含經\中阿含經__juan_0059.txt,clean\中阿含經\中阿含經__juan_0059.txt,14391,14391
高麗版大藏經,中阿含經,中阿含經,中阿含經,瞿曇僧伽提婆,東晉,gaoli_index,中阿含經/卷第 60,60,raw\中阿含經\中阿含經__juan_0060.txt,clean\中阿含經\中阿含經__juan_0060.txt,15911,15911
高麗版大藏經,中阿含經,中阿含經,中阿含經,瞿曇僧伽提婆,東晉,gaoli_index,中阿含經/卷第 01,1,raw\中阿含經\中阿含經__juan_0001.txt,clean\中阿含經\中阿含經__juan_0001.txt,10667,10667
高麗版大藏經,中阿含經,中阿含經,中阿含經,瞿曇僧伽提婆,東晉,gaoli_index,中阿含經/卷第 02,2,raw\中阿含經\中阿含經__juan_0002.txt,clean\中阿含經\中阿含經__juan_0002.txt,10354,10354
高麗版大藏經,中阿含經,中阿含經,中阿含經,瞿曇僧伽提婆,東晉,gaoli_index,中阿含經/卷第 03,3,raw\中阿含經\中阿含經__juan_0003.txt,clean\中阿含經\中阿含經__juan_0003.txt,13594,13594
高麗版大藏經,中阿含經,中阿含經,中阿含經,瞿曇僧伽提婆,東晉,gaoli_index,中阿含經/卷第 04,4,raw\中阿含經\中阿含經__juan_0004.txt,clean\中阿含經\中阿含經__juan_0004.txt,14010,14010
高麗版大藏經,中阿含經,中阿含經,中阿含經,瞿曇僧伽提婆,東晉,gaoli_index,中阿含經/卷第 05,5,raw\中阿含經\中阿含經__juan_0005.txt,clean\中阿含經\中阿含經__juan_0005.txt,10856,10856
高麗版大藏經,中阿含經,中阿含經,中阿含經,瞿曇僧伽提婆,東晉,gaoli_index,中阿含經/卷第 06,6,raw\中阿含經\中阿含經__juan_0006.txt,clean\中阿含經\中阿含經__juan_0006.txt,11824,11824
高麗版大藏經,中阿含經,中阿含經,中阿含經,瞿曇僧伽提婆,東晉,gaoli_index,中阿含經/卷第 07,7,raw\中阿含經\中阿含經__juan_0007.txt,clean\中阿含經\中阿含經__juan_0007.txt,14864,14864
高麗版大藏經,中阿含經,中阿含經,中阿含經,瞿曇僧伽提婆,東晉,gaoli_index,中阿含經/卷第 08,8,raw\中阿含經\中阿含經__juan_0008.txt,clean\中阿含經\中阿含經__juan_0008.txt,13576,13576
高麗版大藏經,中阿含經,中阿含經,中阿含經,瞿曇僧伽提婆,東晉,gaoli_index,中阿含經/卷第 09,9,raw\中阿含經\中阿含經__juan_0009.txt,clean\中阿含經\中阿含經__juan_0009.txt,13465,13465
高麗版大藏經,中阿含經,中阿含經,中阿含經,瞿曇僧伽提婆,東晉,gaoli_index,中阿含經/卷第 10,10,raw\中阿含經\中阿含經__juan_0010.txt,clean\中阿含經\中阿含經__juan_0010.txt,13400,13400
高麗版大藏經,中阿含經,中阿含經,中阿含經,瞿曇僧伽提婆,東晉,gaoli_index,中阿含經/卷第 11,11,raw\中阿含經\中阿含經__juan_0011.txt,clean\中阿含經\中阿含經__juan_0011.txt,10762,10762
高麗版大藏經,中阿含經,中阿含經,中阿含經,瞿曇僧伽提婆,東晉,gaoli_index,中阿含經/卷第 12,12,raw\中阿含經\中阿含經__juan_0012.txt,clean\中阿含經\中阿含經__juan_0012.txt,12802,12802
高麗版大藏經,中阿含經,中阿含經,中阿含經,瞿曇僧伽提婆,東晉,gaoli_index,中阿含經/卷第 13,13,raw\中阿含經\中阿含經__juan_0013.txt,clean\中阿含經\中阿含經__juan_0013.txt,9615,9615
高麗版大藏經,中阿含經,中阿含經,中阿含經,瞿曇僧伽提婆,東晉,gaoli_index,中阿含經/卷第 14,14,raw\中阿含經\中阿含經__juan_0014.txt,clean\中阿含經\中阿含經__juan_0014.txt,12039,12039
高麗版大藏經,中阿含經,中阿含經,中阿含經,瞿曇僧伽提婆,東晉,gaoli_index,中阿含經/卷第 15,15,raw\中阿含經\中阿含經__juan_0015.txt,clean\中阿含經\中阿含經__juan_0015.txt,11179,11179
高麗版大藏經,中阿含經,中阿含經,中阿含經,瞿曇僧伽提婆,東晉,gaoli_index,中阿含經/卷第 16,16,raw\中阿含經\中阿含經__juan_0016.txt,clean\中阿含經\中阿含經__juan_0016.txt,13488,13488
高麗版大藏經,中阿含經,中阿含經,中阿含經,瞿曇僧伽提婆,東晉,gaoli_index,中阿含經/卷第 17,17,raw\中阿含經\中阿含經__juan_0017.txt,clean\中阿含經\中阿含經__juan_0017.txt,11821,11821
高麗版大藏經,中阿含經,中阿含經,中阿含經,瞿曇僧伽提婆,東晉,gaoli_index,中阿含經/卷第 18,18,raw\中阿含經\中阿含經__juan_0018.txt,clean\中阿含經\中阿含經__juan_0018.txt,13074,13074
高麗版大藏經,中阿含經,中阿含經,中阿含經,瞿曇僧伽提婆,東晉,gaoli_index,中阿含經/卷第 19,19,raw\中阿含經\中阿含經__juan_0019.txt,clean\中阿含經\中阿含經__juan_0019.txt,13366,13366
高麗版大藏經,中阿含經,中阿含經,中阿含經,瞿曇僧伽提婆,東晉,gaoli_index,中阿含經/卷第 20,20,raw\中阿含經\中阿含經__juan_0020.txt,clean\中阿含經\中阿含經__juan_0020.txt,10122,10122
高麗版大藏經,中阿含經,中阿含經,中阿含經,瞿曇僧伽提婆,東晉,gaoli_index,中阿含經/卷第 21,21,raw\中阿含經\中阿含經__juan_0021.txt,clean\中阿含經\中阿含經__juan_0021.txt,9475,9475
高麗版大藏經,中阿含經,中阿含經,中阿含經,瞿曇僧伽提婆,東晉,gaoli_index,中阿含經/卷第 22,22,raw\中阿含經\中阿含經__juan_0022.txt,clean\中阿含經\中阿含經__juan_0022.txt,9473,9473
高麗版大藏經,中阿含經,中阿含經,中阿含經,瞿曇僧伽提婆,東晉,gaoli_index,中阿含經/卷第 23,23,raw\中阿含經\中阿含經__juan_0023.txt,clean\中阿含經\中阿含經__juan_0023.txt,11620,11620
高麗版大藏經,中阿含經,中阿含經,中阿含經,瞿曇僧伽提婆,東晉,gaoli_index,中阿含經/卷第 24,24,raw\中阿含經\中阿含經__juan_0024.txt,clean\中阿含經\中阿含經__juan_0024.txt,11345,11345
高麗版大藏經,中阿含經,中阿含經,中阿含經,瞿曇僧伽提婆,東晉,gaoli_index,中阿含經/卷第 25,25,raw\中阿含經\中阿含經__juan_0025.txt,clean\中阿含經\中阿含經__juan_0025.txt,9877,9877
高麗版大藏經,中阿含經,中阿含經,中阿含經,瞿曇僧伽提婆,東晉,gaoli_index,中阿含經/卷第 26,26,raw\中阿含經\中阿含經__juan_0026.txt,clean\中阿含經\中阿含經__juan_0026.txt,11693,11693
高麗版大藏經,中阿含經,中阿含經,中阿含經,瞿曇僧伽提婆,東晉,gaoli_index,中阿含經/卷第 27,27,raw\中阿含經\中阿含經__juan_0027.txt,clean\中阿含經\中阿含經__juan_0027.txt,9818,9818
高麗版大藏經,中阿含經,中阿含經,中阿含經,瞿曇僧伽提婆,東晉,gaoli_index,中阿含經/卷第 28,28,raw\中阿含經\中阿含經__juan_0028.txt,clean\中阿含經\中阿含經__juan_0028.txt,8859,8859
高麗版大藏經,中阿含經,中阿含經,中阿含經,瞿曇僧伽提婆,東晉,gaoli_index,中阿含經/卷第 29,29,raw\中阿含經\中阿含經__juan_0029.txt,clean\中阿含經\中阿含經__juan_0029.txt,12374,12374
高麗版大藏經,中阿含經,中阿含經,中阿含經,瞿曇僧伽提婆,東晉,gaoli_index,中阿含經/卷第 30,30,raw\中阿含經\中阿含經__juan_0030.txt,clean\中阿含經\中阿含經__juan_0030.txt,13207,13207
高麗版大藏經,中阿含經,中阿含經,中阿含經,瞿曇僧伽提婆,東晉,gaoli_index,中阿含經/卷第 31,31,raw\中阿含經\中阿含經__juan_0031.txt,clean\中阿含經\中阿含經__juan_0031.txt,8946,8946
高麗版大藏經,中阿含經,中阿含經,中阿含經,瞿曇僧伽提婆,東晉,gaoli_index,中阿含經/卷第 32,32,raw\中阿含經\中阿含經__juan_0032.txt,clean\中阿含經\中阿含經__juan_0032.txt,8357,8357
高麗版大藏經,中阿含經,中阿含經,中阿含經,瞿曇僧伽提婆,東晉,gaoli_index,中阿含經/卷第 33,33,raw\中阿含經\中阿含經__juan_0033.txt,clean\中阿含經\中阿含經__juan_0033.txt,15718,15718
高麗版大藏經,中阿含經,中阿含經,中阿含經,瞿曇僧伽提婆,東晉,gaoli_index,中阿含經/卷第 34,34,raw\中阿含經\中阿含經__juan_0034.txt,clean\中阿含經\中阿含經__juan_0034.txt,10022,10022
高麗版大藏經,中阿含經,中阿含經,中阿含經,瞿曇僧伽提婆,東晉,gaoli_index,中阿含經/卷第 35,35,raw\中阿含經\中阿含經__juan_0035.txt,clean\中阿含經\中阿含經__juan_0035.txt,10072,10072
高麗版大藏經,中阿含經,中阿含經,中阿含經,瞿曇僧伽提婆,東晉,gaoli_index,中阿含經/卷第 36,36,raw\中阿含經\中阿含經__juan_0036.txt,clean\中阿含經\中阿含經__juan_0036.txt,12083,12083
高麗版大藏經,中阿含經,中阿含經,中阿含經,瞿曇僧伽提婆,東晉,gaoli_index,中阿含經/卷第 37,37,raw\中阿含經\中阿含經__juan_0037.txt,clean\中阿含經\中阿含經__juan_0037.txt,11235,11235
高麗版大藏經,中阿含經,中阿含經,中阿含經,瞿曇僧伽提婆,東晉,gaoli_index,中阿含經/卷第 38,38,raw\中阿含經\中阿含經__juan_0038.txt,clean\中阿含經\中阿含經__juan_0038.txt,11518,11518
高麗版大藏經,中阿含經,中阿含經,中阿含經,瞿曇僧伽提婆,東晉,gaoli_index,中阿含經/卷第 39,39,raw\中阿含經\中阿含經__juan_0039.txt,clean\中阿含經\中阿含經__juan_0039.txt,10125,10125
高麗版大藏經,中阿含經,中阿含經,中阿含經,瞿曇僧伽提婆,東晉,gaoli_index,中阿含經/卷第 40,40,raw\中阿含經\中阿含經__juan_0040.txt,clean\中阿含經\中阿含經__juan_0040.txt,9784,9784
高麗版大藏經,中阿含經,中阿含經,中阿含經,瞿曇僧伽提婆,東晉,gaoli_index,中阿含經/卷第 41,41,raw\中阿含經\中阿含經__juan_0041.txt,clean\中阿含經\中阿含經__juan_0041.txt,8886,8886
高麗版大藏經,中阿含經,中阿含經,中阿含經,瞿曇僧伽提婆,東晉,gaoli_index,中阿含經/卷第 42,42,raw\中阿含經\中阿含經__juan_0042.txt,clean\中阿含經\中阿含經__juan_0042.txt,11013,11013
高麗版大藏經,中阿含經,中阿含經,中阿含經,瞿曇僧伽提婆,東晉,gaoli_index,中阿含經/卷第 43,43,raw\中阿含經\中阿含經__juan_0043.txt,clean\中阿含經\中阿含經__juan_0043.txt,12481,12481
高麗版大藏經,中阿含經,中阿含經,中阿含經,瞿曇僧伽提婆,東晉,gaoli_index,中阿含經/卷第 44,44,raw\中阿含經\中阿含經__juan_0044.txt,clean\中阿含經\中阿含經__juan_0044.txt,9112,9112
高麗版大藏經,中阿含經,中阿含經,中阿含經,瞿曇僧伽提婆,東晉,gaoli_index,中阿含經/卷第 45,45,raw\中阿含經\中阿含經__juan_0045.txt,clean\中阿含經\中阿含經__juan_0045.txt,8476,8476
高麗版大藏經,中阿含經,中阿含經,中阿含經,瞿曇僧伽提婆,東晉,gaoli_index,中阿含經/卷第 46,46,raw\中阿含經\中阿含經__juan_0046.txt,clean\中阿含經\中阿含經__juan_0046.txt,8351,8351
高麗版大藏經,中阿含經,中阿含經,中阿含經,瞿曇僧伽提婆,東晉,gaoli_index,中阿含經/卷第 47,47,raw\中阿含經\中阿含經__juan_0047.txt,clean\中阿含經\中阿含經__juan_0047.txt,10850,10850
高麗版大藏經,中阿含經,中阿含經,中阿含經,瞿曇僧伽提婆,東晉,gaoli_index,中阿含經/卷第 48,48,raw\中阿含經\中阿含經__juan_0048.txt,clean\中阿含經\中阿含經__juan_0048.txt,12855,12855
高麗版大藏經,中阿含經,中阿含經,中阿含經,瞿曇僧伽提婆,東晉,gaoli_index,中阿含經/卷第 49,49,raw\中阿含經\中阿含經__juan_0049.txt,clean\中阿含經\中阿含經__juan_0049.txt,15050,15050
高麗版大藏經,中阿含經,中阿含經,中阿含經,瞿曇僧伽提婆,東晉,gaoli_index,中阿含經/卷第 50,50,raw\中阿含經\中阿含經__juan_0050.txt,clean\中阿含經\中阿含經__juan_0050.txt,10218,10218
高麗版大藏經,中阿含經,中阿含經,中阿含經,瞿曇僧伽提婆,東晉,gaoli_index,中阿含經/卷第 51,51,raw\中阿含經\中阿含經__juan_0051.txt,clean\中阿含經\中阿含經__juan_0051.txt,10702,10702
高麗版大藏經,中阿含經,中阿含經,中阿含經,瞿曇僧伽提婆,東晉,gaoli_index,中阿含經/卷第 52,52,raw\中阿含經\中阿含經__juan_0052.txt,clean\中阿含經\中阿含經__juan_0052.txt,11233,11233
高麗版大藏經,中阿含經,中阿含經,中阿含經,瞿曇僧伽提婆,東晉,gaoli_index,中阿含經/卷第 53,53,raw\中阿含經\中阿含經__juan_0053.txt,clean\中阿含經\中阿含經__juan_0053.txt,7345,7345
高麗版大藏經,中阿含經,中阿含經,中阿含經,瞿曇僧伽提婆,東晉,gaoli_index,中阿含經/卷第 54,54,raw\中阿含經\中阿含經__juan_0054.txt,clean\中阿含經\中阿含經__juan_0054.txt,12572,12572
高麗版大藏經,中阿含經,中阿含經,中阿含經,瞿曇僧伽提婆,東晉,gaoli_index,中阿含經/卷第 55,55,raw\中阿含經\中阿含經__juan_0055.txt,clean\中阿含經\中阿含經__juan_0055.txt,9871,9871
高麗版大藏經,中阿含經,中阿含經,中阿含經,瞿曇僧伽提婆,東晉,gaoli_index,中阿含經/卷第 56,56,raw\中阿含經\中阿含經__juan_0056.txt,clean\中阿含經\中阿含經__juan_0056.txt,10244,10244
高麗版大藏經,中阿含經,中阿含經,中阿含經,瞿曇僧伽提婆,東晉,gaoli_index,中阿含經/卷第 57,57,raw\中阿含經\中阿含經__juan_0057.txt,clean\中阿含經\中阿含經__juan_0057.txt,11586,11586
高麗版大藏經,中阿含經,中阿含經,中阿含經,瞿曇僧伽提婆,東晉,gaoli_index,中阿含經/卷第 58,58,raw\中阿含經\中阿含經__juan_0058.txt,clean\中阿含經\中阿含經__juan_0058.txt,8589,8589
高麗版大藏經,中阿含經,中阿含經,中阿含經,瞿曇僧伽提婆,東晉,gaoli_index,中阿含經/卷第 59,59,raw\中阿含經\中阿含經__juan_0059.txt,clean\中阿含經\中阿含經__juan_0059.txt,14391,14391
高麗版大藏經,中阿含經,中阿含經,中阿含經,瞿曇僧伽提婆,東晉,gaoli_index,中阿含經/卷第 60,60,raw\中阿含經\中阿含經__juan_0060.txt,clean\中阿含經\中阿含經__juan_0060.txt,15911,15911
高麗版大藏經,增壹阿含經,增壹阿含經,增壹阿含經,瞿曇僧伽提婆,東晉,gaoli_index,增壹阿含經/卷第 01,1,raw\增壹阿含經\增壹阿含經__juan_0001.txt,clean\增壹阿含經\增壹阿含經__juan_0001.txt,7655,7655
高麗版大藏經,增壹阿含經,增壹阿含經,增壹阿含經,瞿曇僧伽提婆,東晉,gaoli_index,增壹阿含經/卷第 02,2,raw\增壹阿含經\增壹阿含經__juan_0002.txt,clean\增壹阿含經\增壹阿含經__juan_0002.txt,5683,5683
高麗版大藏經,增壹阿含經,增壹阿含經,增壹阿含經,瞿曇僧伽提婆,東晉,gaoli_index,增壹阿含經/卷第 03,3,raw\增壹阿含經\增壹阿含經__juan_0003.txt,clean\增壹阿含經\增壹阿含經__juan_0003.txt,8173,8173
高麗版大藏經,增壹阿含經,增壹阿含經,增壹阿含經,瞿曇僧伽提婆,東晉,gaoli_index,增壹阿含經/卷第 04,4,raw\增壹阿含經\增壹阿含經__juan_0004.txt,clean\增壹阿含經\增壹阿含經__juan_0004.txt,7255,7255
高麗版大藏經,增壹阿含經,增壹阿含經,增壹阿含經,瞿曇僧伽提婆,東晉,gaoli_index,增壹阿含經/卷第 05,5,raw\增壹阿含經\增壹阿含經__juan_0005.txt,clean\增壹阿含經\增壹阿含經__juan_0005.txt,8525,8525
高麗版大藏經,增壹阿含經,增壹阿含經,增壹阿含經,瞿曇僧伽提婆,東晉,gaoli_index,增壹阿含經/卷第 06,6,raw\增壹阿含經\增壹阿含經__juan_0006.txt,clean\增壹阿含經\增壹阿含經__juan_0006.txt,8440,8440
高麗版大藏經,增壹阿含經,增壹阿含經,增壹阿含經,瞿曇僧伽提婆,東晉,gaoli_index,增壹阿含經/卷第 07,7,raw\增壹阿含經\增壹阿含經__juan_0007.txt,clean\增壹阿含經\增壹阿含經__juan_0007.txt,12002,12002
高麗版大藏經,增壹阿含經,增壹阿含經,增壹阿含經,瞿曇僧伽提婆,東晉,gaoli_index,增壹阿含經/卷第 08,8,raw\增壹阿含經\增壹阿含經__juan_0008.txt,clean\增壹阿含經\增壹阿含經__juan_0008.txt,7780,7780
高麗版大藏經,增壹阿含經,增壹阿含經,增壹阿含經,瞿曇僧伽提婆,東晉,gaoli_index,增壹阿含經/卷第 09,9,raw\增壹阿含經\增壹阿含經__juan_0009.txt,clean\增壹阿含經\增壹阿含經__juan_0009.txt,10222,10222
高麗版大藏經,增壹阿含經,增壹阿含經,增壹阿含經,瞿曇僧伽提婆,東晉,gaoli_index,增壹阿含經/卷第 10,10,raw\增壹阿含經\增壹阿含經__juan_0010.txt,clean\增壹阿含經\增壹阿含經__juan_0010.txt,6402,6402
高麗版大藏經,增壹阿含經,增壹阿含經,增壹阿含經,瞿曇僧伽提婆,東晉,gaoli_index,增壹阿含經/卷第 11,11,raw\增壹阿含經\增壹阿含經__juan_0011.txt,clean\增壹阿含經\增壹阿含經__juan_0011.txt,8867,8867
高麗版大藏經,增壹阿含經,增壹阿含經,增壹阿含經,瞿曇僧伽提婆,東晉,gaoli_index,增壹阿含經/卷第 12,12,raw\增壹阿含經\增壹阿含經__juan_0012.txt,clean\增壹阿含經\增壹阿含經__juan_0012.txt,12582,12582
高麗版大藏經,增壹阿含經,增壹阿含經,增壹阿含經,瞿曇僧伽提婆,東晉,gaoli_index,增壹阿含經/卷第 13,13,raw\增壹阿含經\增壹阿含經__juan_0013.txt,clean\增壹阿含經\增壹阿含經__juan_0013.txt,10499,10499
高麗版大藏經,增壹阿含經,增壹阿含經,增壹阿含經,瞿曇僧伽提婆,東晉,gaoli_index,增壹阿含經/卷第 14,14,raw\增壹阿含經\增壹阿含經__juan_0014.txt,clean\增壹阿含經\增壹阿含經__juan_0014.txt,8913,8913
高麗版大藏經,增壹阿含經,增壹阿含經,增壹阿含經,瞿曇僧伽提婆,東晉,gaoli_index,增壹阿含經/卷第 15,15,raw\增壹阿含經\增壹阿含經__juan_0015.txt,clean\增壹阿含經\增壹阿含經__juan_0015.txt,8103,8103
高麗版大藏經,增壹阿含經,增壹阿含經,增壹阿含經,瞿曇僧伽提婆,東晉,gaoli_index,增壹阿含經/卷第 16,16,raw\增壹阿含經\增壹阿含經__juan_0016.txt,clean\增壹阿含經\增壹阿含經__juan_0016.txt,10631,10631
高麗版大藏經,增壹阿含經,增壹阿含經,增壹阿含經,瞿曇僧伽提婆,東晉,gaoli_index,增壹阿含經/卷第 17,17,raw\增壹阿含經\增壹阿含經__juan_0017.txt,clean\增壹阿含經\增壹阿含經__juan_0017.txt,7684,7684
高麗版大藏經,增壹阿含經,增壹阿含經,增壹阿含經,瞿曇僧伽提婆,東晉,gaoli_index,增壹阿含經/卷第 18,18,raw\增壹阿含經\增壹阿含經__juan_0018.txt,clean\增壹阿含經\增壹阿含經__juan_0018.txt,10225,10225
高麗版大藏經,增壹阿含經,增壹阿含經,增壹阿含經,瞿曇僧伽提婆,東晉,gaoli_index,增壹阿含經/卷第 19,19,raw\增壹阿含經\增壹阿含經__juan_0019.txt,clean\增壹阿含經\增壹阿含經__juan_0019.txt,9734,9734
高麗版大藏經,增壹阿含經,增壹阿含經,增壹阿含經,瞿曇僧伽提婆,東晉,gaoli_index,增壹阿含經/卷第 20,20,raw\增壹阿含經\增壹阿含經__juan_0020.txt,clean\增壹阿含經\增壹阿含經__juan_0020.txt,12924,12924
高麗版大藏經,增壹阿含經,增壹阿含經,增壹阿含經,瞿曇僧伽提婆,東晉,gaoli_index,增壹阿含經/卷第 21,21,raw\增壹阿含經\增壹阿含經__juan_0021.txt,clean\增壹阿含經\增壹阿含經__juan_0021.txt,7012,7012
高麗版大藏經,增壹阿含經,增壹阿含經,增壹阿含經,瞿曇僧伽提婆,東晉,gaoli_index,增壹阿含經/卷第 22,22,raw\增壹阿含經\增壹阿含經__juan_0022.txt,clean\增壹阿含經\增壹阿含經__juan_0022.txt,10736,10736
高麗版大藏經,增壹阿含經,增壹阿含經,增壹阿含經,瞿曇僧伽提婆,東晉,gaoli_index,增壹阿含經/卷第 23,23,raw\增壹阿含經\增壹阿含經__juan_0023.txt,clean\增壹阿含經\增壹阿含經__juan_0023.txt,14502,14502
高麗版大藏經,增壹阿含經,增壹阿含經,增壹阿含經,瞿曇僧伽提婆,東晉,gaoli_index,增壹阿含經/卷第 24,24,raw\增壹阿含經\增壹阿含經__juan_0024.txt,clean\增壹阿含經\增壹阿含經__juan_0024.txt,13793,13793
高麗版大藏經,增壹阿含經,增壹阿含經,增壹阿含經,瞿曇僧伽提婆,東晉,gaoli_index,增壹阿含經/卷第 25,25,raw\增壹阿含經\增壹阿含經__juan_0025.txt,clean\增壹阿含經\增壹阿含經__juan_0025.txt,13634,13634
高麗版大藏經,增壹阿含經,增壹阿含經,增壹阿含經,瞿曇僧伽提婆,東晉,gaoli_index,增壹阿含經/卷第 26,26,raw\增壹阿含經\增壹阿含經__juan_0026.txt,clean\增壹阿含經\增壹阿含經__juan_0026.txt,15451,15451
高麗版大藏經,增壹阿含經,增壹阿含經,增壹阿含經,瞿曇僧伽提婆,東晉,gaoli_index,增壹阿含經/卷第 27,27,raw\增壹阿含經\增壹阿含經__juan_0027.txt,clean\增壹阿含經\增壹阿含經__juan_0027.txt,7137,7137
高麗版大藏經,增壹阿含經,增壹阿含經,增壹阿含經,瞿曇僧伽提婆,東晉,gaoli_index,增壹阿含經/卷第 28,28,raw\增壹阿含經\增壹阿含經__juan_0028.txt,clean\增壹阿含經\增壹阿含經__juan_0028.txt,10414,10414
高麗版大藏經,增壹阿含經,增壹阿含經,增壹阿含經,瞿曇僧伽提婆,東晉,gaoli_index,增壹阿含經/卷第 29,29,raw\增壹阿含經\增壹阿含經__juan_0029.txt,clean\增壹阿含經\增壹阿含經__juan_0029.txt,7109,7109
高麗版大藏經,增壹阿含經,增壹阿含經,增壹阿含經,瞿曇僧伽提婆,東晉,gaoli_index,增壹阿含經/卷第 30,30,raw\增壹阿含經\增壹阿含經__juan_0030.txt,clean\增壹阿含經\增壹阿含經__juan_0030.txt,8260,8260
高麗版大藏經,增壹阿含經,增壹阿含經,增壹阿含經,瞿曇僧伽提婆,東晉,gaoli_index,增壹阿含經/卷第 31,31,raw\增壹阿含經\增壹阿含經__juan_0031.txt,clean\增壹阿含經\增壹阿含經__juan_0031.txt,9532,9532
高麗版大藏經,增壹阿含經,增壹阿含經,增壹阿含經,瞿曇僧伽提婆,東晉,gaoli_index,增壹阿含經/卷第 32,32,raw\增壹阿含經\增壹阿含經__juan_0032.txt,clean\增壹阿含經\增壹阿含經__juan_0032.txt,9750,9750
高麗版大藏經,增壹阿含經,增壹阿含經,增壹阿含經,瞿曇僧伽提婆,東晉,gaoli_index,增壹阿含經/卷第 33,33,raw\增壹阿含經\增壹阿含經__juan_0033.txt,clean\增壹阿含經\增壹阿含經__juan_0033.txt,12110,12110
高麗版大藏經,增壹阿含經,增壹阿含經,增壹阿含經,瞿曇僧伽提婆,東晉,gaoli_index,增壹阿含經/卷第 34,34,raw\增壹阿含經\增壹阿含經__juan_0034.txt,clean\增壹阿含經\增壹阿含經__juan_0034.txt,10503,10503
高麗版大藏經,增壹阿含經,增壹阿含經,增壹阿含經,瞿曇僧伽提婆,東晉,gaoli_index,增壹阿含經/卷第 35,35,raw\增壹阿含經\增壹阿含經__juan_0035.txt,clean\增壹阿含經\增壹阿含經__juan_0035.txt,9466,9466
高麗版大藏經,增壹阿含經,增壹阿含經,增壹阿含經,瞿曇僧伽提婆,東晉,gaoli_index,增壹阿含經/卷第 36,36,raw\增壹阿含經\增壹阿含經__juan_0036.txt,clean\增壹阿含經\增壹阿含經__juan_0036.txt,7784,7784
高麗版大藏經,增壹阿含經,增壹阿含經,增壹阿含經,瞿曇僧伽提婆,東晉,gaoli_index,增壹阿含經/卷第 37,37,raw\增壹阿含經\增壹阿含經__juan_0037.txt,clean\增壹阿含經\增壹阿含經__juan_0037.txt,7444,7444
高麗版大藏經,增壹阿含經,增壹阿含經,增壹阿含經,瞿曇僧伽提婆,東晉,gaoli_index,增壹阿含經/卷第 38,38,raw\增壹阿含經\增壹阿含經__juan_0038.txt,clean\增壹阿含經\增壹阿含經__juan_0038.txt,7698,7698
高麗版大藏經,增壹阿含經,增壹阿含經,增壹阿含經,瞿曇僧伽提婆,東晉,gaoli_index,增壹阿含經/卷第 39,39,raw\增壹阿含經\增壹阿含經__juan_0039.txt,clean\增壹阿含經\增壹阿含經__juan_0039.txt,7519,7519
高麗版大藏經,增壹阿含經,增壹阿含經,增壹阿含經,瞿曇僧伽提婆,東晉,gaoli_index,增壹阿含經/卷第 40,40,raw\增壹阿含經\增壹阿含經__juan_0040.txt,clean\增壹阿含經\增壹阿含經__juan_0040.txt,8005,8005
高麗版大藏經,增壹阿含經,增壹阿含經,增壹阿含經,瞿曇僧伽提婆,東晉,gaoli_index,增壹阿含經/卷第 41,41,raw\增壹阿含經\增壹阿含經__juan_0041.txt,clean\增壹阿含經\增壹阿含經__juan_0041.txt,10685,10685
高麗版大藏經,增壹阿含經,增壹阿含經,增壹阿含經,瞿曇僧伽提婆,東晉,gaoli_index,增壹阿含經/卷第 42,42,raw\增壹阿含經\增壹阿含經__juan_0042.txt,clean\增壹阿含經\增壹阿含經__juan_0042.txt,9176,9176
高麗版大藏經,增壹阿含經,增壹阿含經,增壹阿含經,瞿曇僧伽提婆,東晉,gaoli_index,增壹阿含經/卷第 43,43,raw\增壹阿含經\增壹阿含經__juan_0043.txt,clean\增壹阿含經\增壹阿含經__juan_0043.txt,8722,8722
高麗版大藏經,增壹阿含經,增壹阿含經,增壹阿含經,瞿曇僧伽提婆,東晉,gaoli_index,增壹阿含經/卷第 44,44,raw\增壹阿含經\增壹阿含經__juan_0044.txt,clean\增壹阿含經\增壹阿含經__juan_0044.txt,7122,7122
高麗版大藏經,增壹阿含經,增壹阿含經,增壹阿含經,瞿曇僧伽提婆,東晉,gaoli_index,增壹阿含經/卷第 45,45,raw\增壹阿含經\增壹阿含經__juan_0045.txt,clean\增壹阿含經\增壹阿含經__juan_0045.txt,6632,6632
高麗版大藏經,增壹阿含經,增壹阿含經,增壹阿含經,瞿曇僧伽提婆,東晉,gaoli_index,增壹阿含經/卷第 46,46,raw\增壹阿含經\增壹阿含經__juan_0046.txt,clean\增壹阿含經\增壹阿含經__juan_0046.txt,10388,10388
高麗版大藏經,增壹阿含經,增壹阿含經,增壹阿含經,瞿曇僧伽提婆,東晉,gaoli_index,增壹阿含經/卷第 47,47,raw\增壹阿含經\增壹阿含經__juan_0047.txt,clean\增壹阿含經\增壹阿含經__juan_0047.txt,11342,11342
高麗版大藏經,增壹阿含經,增壹阿含經,增壹阿含經,瞿曇僧伽提婆,東晉,gaoli_index,增壹阿含經/卷第 48,48,raw\增壹阿含經\增壹阿含經__juan_0048.txt,clean\增壹阿含經\增壹阿含經__juan_0048.txt,13450,13450
高麗版大藏經,增壹阿含經,增壹阿含經,增壹阿含經,瞿曇僧伽提婆,東晉,gaoli_index,增壹阿含經/卷第 49,49,raw\增壹阿含經\增壹阿含經__juan_0049.txt,clean\增壹阿含經\增壹阿含經__juan_0049.txt,12668,12668
高麗版大藏經,增壹阿含經,增壹阿含經,增壹阿含經,瞿曇僧伽提婆,東晉,gaoli_index,增壹阿含經/卷第 50,50,raw\增壹阿含經\增壹阿含經__juan_0050.txt,clean\增壹阿含經\增壹阿含經__juan_0050.txt,7114,7114
高麗版大藏經,增壹阿含經,增壹阿含經,增壹阿含經,瞿曇僧伽提婆,東晉,gaoli_index,增壹阿含經/卷第 51,51,raw\增壹阿含經\增壹阿含經__juan_0051.txt,clean\增壹阿含經\增壹阿含經__juan_0051.txt,8507,8507
高麗版大藏經,別譯雜阿含經,別譯雜阿含經,別譯雜阿含經,秦錄,失譯,gaoli_index,別譯雜阿含經/卷第 01,1,raw\別譯雜阿含經\別譯雜阿含經__juan_0001.txt,clean\別譯雜阿含經\別譯雜阿含經__juan_0001.txt,12250,12250
高麗版大藏經,別譯雜阿含經,別譯雜阿含經,別譯雜阿含經,秦錄,失譯,gaoli_index,別譯雜阿含經/卷第 02,2,raw\別譯雜阿含經\別譯雜阿含經__juan_0002.txt,clean\別譯雜阿含經\別譯雜阿含經__juan_0002.txt,10349,10349
高麗版大藏經,別譯雜阿含經,別譯雜阿含經,別譯雜阿含經,秦錄,失譯,gaoli_index,別譯雜阿含經/卷第 03,3,raw\別譯雜阿含經\別譯雜阿含經__juan_0003.txt,clean\別譯雜阿含經\別譯雜阿含經__juan_0003.txt,12592,12592
高麗版大藏經,別譯雜阿含經,別譯雜阿含經,別譯雜阿含經,秦錄,失譯,gaoli_index,別譯雜阿含經/卷第 04,4,raw\別譯雜阿含經\別譯雜阿含經__juan_0004.txt,clean\別譯雜阿含經\別譯雜阿含經__juan_0004.txt,11995,11995
高麗版大藏經,別譯雜阿含經,別譯雜阿含經,別譯雜阿含經,秦錄,失譯,gaoli_index,別譯雜阿含經/卷第 05,5,raw\別譯雜阿含經\別譯雜阿含經__juan_0005.txt,clean\別譯雜阿含經\別譯雜阿含經__juan_0005.txt,10681,10681
高麗版大藏經,別譯雜阿含經,別譯雜阿含經,別譯雜阿含經,秦錄,失譯,gaoli_index,別譯雜阿含經/卷第 06,6,raw\別譯雜阿含經\別譯雜阿含經__juan_0006.txt,clean\別譯雜阿含經\別譯雜阿含經__juan_0006.txt,11140,11140
高麗版大藏經,別譯雜阿含經,別譯雜阿含經,別譯雜阿含經,秦錄,失譯,gaoli_index,別譯雜阿含經/卷第 07,7,raw\別譯雜阿含經\別譯雜阿含經__juan_0007.txt,clean\別譯雜阿含經\別譯雜阿含經__juan_0007.txt,6480,6480
高麗版大藏經,別譯雜阿含經,別譯雜阿含經,別譯雜阿含經,秦錄,失譯,gaoli_index,別譯雜阿含經/卷第 08,8,raw\別譯雜阿含經\別譯雜阿含經__juan_0008.txt,clean\別譯雜阿含經\別譯雜阿含經__juan_0008.txt,8111,8111
高麗版大藏經,別譯雜阿含經,別譯雜阿含經,別譯雜阿含經,秦錄,失譯,gaoli_index,別譯雜阿含經/卷第 09,9,raw\別譯雜阿含經\別譯雜阿含經__juan_0009.txt,clean\別譯雜阿含經\別譯雜阿含經__juan_0009.txt,12202,12202
高麗版大藏經,別譯雜阿含經,別譯雜阿含經,別譯雜阿含經,秦錄,失譯,gaoli_index,別譯雜阿含經/卷第 10,10,raw\別譯雜阿含經\別譯雜阿含經__juan_0010.txt,clean\別譯雜阿含經\別譯雜阿含經__juan_0010.txt,11272,11272
高麗版大藏經,別譯雜阿含經,別譯雜阿含經,別譯雜阿含經,秦錄,失譯,gaoli_index,別譯雜阿含經/卷第 11,11,raw\別譯雜阿含經\別譯雜阿含經__juan_0011.txt,clean\別譯雜阿含經\別譯雜阿含經__juan_0011.txt,5964,5964
高麗版大藏經,別譯雜阿含經,別譯雜阿含經,別譯雜阿含經,秦錄,失譯,gaoli_index,別譯雜阿含經/卷第 12,12,raw\別譯雜阿含經\別譯雜阿含經__juan_0012.txt,clean\別譯雜阿含經\別譯雜阿含經__juan_0012.txt,7942,7942
高麗版大藏經,別譯雜阿含經,別譯雜阿含經,別譯雜阿含經,秦錄,失譯,gaoli_index,別譯雜阿含經/卷第 13,13,raw\別譯雜阿含經\別譯雜阿含經__juan_0013.txt,clean\別譯雜阿含經\別譯雜阿含經__juan_0013.txt,5456,5456
高麗版大藏經,別譯雜阿含經,別譯雜阿含經,別譯雜阿含經,秦錄,失譯,gaoli_index,別譯雜阿含經/卷第 14,14,raw\別譯雜阿含經\別譯雜阿含經__juan_0014.txt,clean\別譯雜阿含經\別譯雜阿含經__juan_0014.txt,4789,4789
高麗版大藏經,別譯雜阿含經,別譯雜阿含經,別譯雜阿含經,秦錄,失譯,gaoli_index,別譯雜阿含經/卷第 15,15,raw\別譯雜阿含經\別譯雜阿含經__juan_0015.txt,clean\別譯雜阿含經\別譯雜阿含經__juan_0015.txt,10272,10272
高麗版大藏經,別譯雜阿含經,別譯雜阿含經,別譯雜阿含經,秦錄,失譯,gaoli_index,別譯雜阿含經/卷第 16,16,raw\別譯雜阿含經\別譯雜阿含經__juan_0016.txt,clean\別譯雜阿含經\別譯雜阿含經__juan_0016.txt,11479,11479
高麗版大藏經,別譯雜阿含經,別譯雜阿含經,別譯雜阿含經,秦錄,失譯,gaoli_index,別譯雜阿含經/卷第 17,17,raw\別譯雜阿含經\別譯雜阿含經__juan_0017.txt,clean\別譯雜阿含經\別譯雜阿含經__juan_0017.txt,6299,6299
高麗版大藏經,別譯雜阿含經,別譯雜阿含經,別譯雜阿含經,秦錄,失譯,gaoli_index,別譯雜阿含經/卷第 18,18,raw\別譯雜阿含經\別譯雜阿含經__juan_0018.txt,clean\別譯雜阿含經\別譯雜阿含經__juan_0018.txt,7692,7692
高麗版大藏經,別譯雜阿含經,別譯雜阿含經,別譯雜阿含經,秦錄,失譯,gaoli_index,別譯雜阿含經/卷第 19,19,raw\別譯雜阿含經\別譯雜阿含經__juan_0019.txt,clean\別譯雜阿含經\別譯雜阿含經__juan_0019.txt,10473,10473
高麗版大藏經,別譯雜阿含經,別譯雜阿含經,別譯雜阿含經,秦錄,失譯,gaoli_index,別譯雜阿含經/卷第 20,20,raw\別譯雜阿含經\別譯雜阿含經__juan_0020.txt,clean\別譯雜阿含經\別譯雜阿含經__juan_0020.txt,4296,4296
高麗版大藏經,般泥洹經,般泥洹經,般泥洹經,東晉錄,失譯,gaoli_index,般泥洹經/卷上,1,raw\般泥洹經\般泥洹經__juan_0001.txt,clean\般泥洹經\般泥洹經__juan_0001.txt,13231,13231
高麗版大藏經,般泥洹經,般泥洹經,般泥洹經,東晉錄,失譯,gaoli_index,般泥洹經/卷下,2,raw\般泥洹經\般泥洹經__juan_0002.txt,clean\般泥洹經\般泥洹經__juan_0002.txt,13154,13154
高麗版大藏經,起世經,起世經,起世經,闍那崛多等,隋,gaoli_index,起世經/01,1,raw\起世經\起世經__juan_0001.txt,clean\起世經\起世經__juan_0001.txt,10432,10432
高麗版大藏經,起世經,起世經,起世經,闍那崛多等,隋,gaoli_index,起世經/02,2,raw\起世經\起世經__juan_0002.txt,clean\起世經\起世經__juan_0002.txt,9368,9368
高麗版大藏經,起世經,起世經,起世經,闍那崛多等,隋,gaoli_index,起世經/03,3,raw\起世經\起世經__juan_0003.txt,clean\起世經\起世經__juan_0003.txt,8861,8861
高麗版大藏經,起世經,起世經,起世經,闍那崛多等,隋,gaoli_index,起世經/04,4,raw\起世經\起世經__juan_0004.txt,clean\起世經\起世經__juan_0004.txt,8428,8428
高麗版大藏經,起世經,起世經,起世經,闍那崛多等,隋,gaoli_index,起世經/05,5,raw\起世經\起世經__juan_0005.txt,clean\起世經\起世經__juan_0005.txt,7920,7920
高麗版大藏經,起世經,起世經,起世經,闍那崛多等,隋,gaoli_index,起世經/06,6,raw\起世經\起世經__juan_0006.txt,clean\起世經\起世經__juan_0006.txt,8343,8343
高麗版大藏經,起世經,起世經,起世經,闍那崛多等,隋,gaoli_index,起世經/07,7,raw\起世經\起世經__juan_0007.txt,clean\起世經\起世經__juan_0007.txt,8616,8616
高麗版大藏經,起世經,起世經,起世經,闍那崛多等,隋,gaoli_index,起世經/08,8,raw\起世經\起世經__juan_0008.txt,clean\起世經\起世經__juan_0008.txt,9430,9430
高麗版大藏經,起世經,起世經,起世經,闍那崛多等,隋,gaoli_index,起世經/09,9,raw\起世經\起世經__juan_0009.txt,clean\起世經\起世經__juan_0009.txt,8828,8828
高麗版大藏經,起世經,起世經,起世經,闍那崛多等,隋,gaoli_index,起世經/10,10,raw\起世經\起世經__juan_0010.txt,clean\起世經\起世經__juan_0010.txt,10441,10441
高麗版大藏經,起世因本經,起世因本經,起世因本經,達摩笈多,隋,gaoli_index,起世因本經/01,1,raw\起世因本經\起世因本經__juan_0001.txt,clean\起世因本經\起世因本經__juan_0001.txt,10532,10532
高麗版大藏經,起世因本經,起世因本經,起世因本經,達摩笈多,隋,gaoli_index,起世因本經/02,2,raw\起世因本經\起世因本經__juan_0002.txt,clean\起世因本經\起世因本經__juan_0002.txt,9438,9438
高麗版大藏經,起世因本經,起世因本經,起世因本經,達摩笈多,隋,gaoli_index,起世因本經/03,3,raw\起世因本經\起世因本經__juan_0003.txt,clean\起世因本經\起世因本經__juan_0003.txt,8907,8907
高麗版大藏經,起世因本經,起世因本經,起世因本經,達摩笈多,隋,gaoli_index,起世因本經/04,4,raw\起世因本經\起世因本經__juan_0004.txt,clean\起世因本經\起世因本經__juan_0004.txt,7868,7868
高麗版大藏經,起世因本經,起世因本經,起世因本經,達摩笈多,隋,gaoli_index,起世因本經/05,5,raw\起世因本經\起世因本經__juan_0005.txt,clean\起世因本經\起世因本經__juan_0005.txt,8055,8055
高麗版大藏經,起世因本經,起世因本經,起世因本經,達摩笈多,隋,gaoli_index,起世因本經/06,6,raw\起世因本經\起世因本經__juan_0006.txt,clean\起世因本經\起世因本經__juan_0006.txt,8293,8293
高麗版大藏經,起世因本經,起世因本經,起世因本經,達摩笈多,隋,gaoli_index,起世因本經/07,7,raw\起世因本經\起世因本經__juan_0007.txt,clean\起世因本經\起世因本經__juan_0007.txt,8587,8587
高麗版大藏經,起世因本經,起世因本經,起世因本經,達摩笈多,隋,gaoli_index,起世因本經/08,8,raw\起世因本經\起世因本經__juan_0008.txt,clean\起世因本經\起世因本經__juan_0008.txt,9376,9376
高麗版大藏經,起世因本經,起世因本經,起世因本經,達摩笈多,隋,gaoli_index,起世因本經/09,9,raw\起世因本經\起世因本經__juan_0009.txt,clean\起世因本經\起世因本經__juan_0009.txt,8828,8828
高麗版大藏經,起世因本經,起世因本經,起世因本經,達摩笈多,隋,gaoli_index,起世因本經/10,10,raw\起世因本經\起世因本經__juan_0010.txt,clean\起世因本經\起世因本經__juan_0010.txt,10270,10270
高麗版大藏經,大樓炭經,大樓炭經,大樓炭經,法立、法炬,西晉,gaoli_index,大樓炭經/01,1,raw\大樓炭經\大樓炭經__juan_0001.txt,clean\大樓炭經\大樓炭經__juan_0001.txt,8647,8647
高麗版大藏經,大樓炭經,大樓炭經,大樓炭經,法立、法炬,西晉,gaoli_index,大樓炭經/02,2,raw\大樓炭經\大樓炭經__juan_0002.txt,clean\大樓炭經\大樓炭經__juan_0002.txt,9488,9488
高麗版大藏經,大樓炭經,大樓炭經,大樓炭經,法立、法炬,西晉,gaoli_index,大樓炭經/03,3,raw\大樓炭經\大樓炭經__juan_0003.txt,clean\大樓炭經\大樓炭經__juan_0003.txt,10106,10106
高麗版大藏經,大樓炭經,大樓炭經,大樓炭經,法立、法炬,西晉,gaoli_index,大樓炭經/04,4,raw\大樓炭經\大樓炭經__juan_0004.txt,clean\大樓炭經\大樓炭經__juan_0004.txt,10101,10101
高麗版大藏經,大樓炭經,大樓炭經,大樓炭經,法立、法炬,西晉,gaoli_index,大樓炭經/05,5,raw\大樓炭經\大樓炭經__juan_0005.txt,clean\大樓炭經\大樓炭經__juan_0005.txt,8193,8193
高麗版大藏經,大樓炭經,大樓炭經,大樓炭經,法立、法炬,西晉,gaoli_index,大樓炭經/06,6,raw\大樓炭經\大樓炭經__juan_0006.txt,clean\大樓炭經\大樓炭經__juan_0006.txt,8117,8117
高麗版大藏經,中本起經,中本起經,中本起經,曇果、康孟詳,後漢,gaoli_index,中本起經/卷01,1,raw\中本起經\中本起經__juan_0001.txt,clean\中本起經\中本起經__juan_0001.txt,14448,14448
高麗版大藏經,中本起經,中本起經,中本起經,曇果、康孟詳,後漢,gaoli_index,中本起經/卷02,2,raw\中本起經\中本起經__juan_0002.txt,clean\中本起經\中本起經__juan_0002.txt,13653,13653
高麗版大藏經,長阿含十報法經,長阿含十報法經,長阿含十報法經,安世高,後漢,gaoli_index,長阿含十報法經/卷上,1,raw\長阿含十報法經\長阿含十報法經__juan_0001.txt,clean\長阿含十報法經\長阿含十報法經__juan_0001.txt,5278,5278
高麗版大藏經,長阿含十報法經,長阿含十報法經,長阿含十報法經,安世高,後漢,gaoli_index,長阿含十報法經/卷下,2,raw\長阿含十報法經\長阿含十報法經__juan_0002.txt,clean\長阿含十報法經\長阿含十報法經__juan_0002.txt,7339,7339
高麗版大藏經,佛說太子瑞應本起經,佛說太子瑞應本起經,佛說太子瑞應本起經,支謙,吳,gaoli_index,佛說太子瑞應本起經/卷上,1,raw\佛說太子瑞應本起經\佛說太子瑞應本起經__juan_0001.txt,clean\佛說太子瑞應本起經\佛說太子瑞應本起經__juan_0001.txt,9117,9117
高麗版大藏經,佛說太子瑞應本起經,佛說太子瑞應本起經,佛說太子瑞應本起經,支謙,吳,gaoli_index,佛說太子瑞應本起經/卷下,2,raw\佛說太子瑞應本起經\佛說太子瑞應本起經__juan_0002.txt,clean\佛說太子瑞應本起經\佛說太子瑞應本起經__juan_0002.txt,8602,8602
高麗版大藏經,生經,生經,生經,竺法護,西晉,gaoli_index,生經/01,1,raw\生經\生經__juan_0001.txt,clean\生經\生經__juan_0001.txt,13267,13267
高麗版大藏經,生經,生經,生經,竺法護,西晉,gaoli_index,生經/02,2,raw\生經\生經__juan_0002.txt,clean\生經\生經__juan_0002.txt,12731,12731
高麗版大藏經,生經,生經,生經,竺法護,西晉,gaoli_index,生經/03,3,raw\生經\生經__juan_0003.txt,clean\生經\生經__juan_0003.txt,12833,12833
高麗版大藏經,生經,生經,生經,竺法護,西晉,gaoli_index,生經/04,4,raw\生經\生經__juan_0004.txt,clean\生經\生經__juan_0004.txt,11537,11537
高麗版大藏經,生經,生經,生經,竺法護,西晉,gaoli_index,生經/05,5,raw\生經\生經__juan_0005.txt,clean\生經\生經__juan_0005.txt,13340,13340
高麗版大藏經,正法念處經,正法念處經,正法念處經,瞿曇般若流支,元魏,gaoli_index,正法念處經/卷01,1,raw\正法念處經\正法念處經__juan_0001.txt,clean\正法念處經\正法念處經__juan_0001.txt,8403,8403
高麗版大藏經,正法念處經,正法念處經,正法念處經,瞿曇般若流支,元魏,gaoli_index,正法念處經/卷02,2,raw\正法念處經\正法念處經__juan_0002.txt,clean\正法念處經\正法念處經__juan_0002.txt,8998,8998
高麗版大藏經,正法念處經,正法念處經,正法念處經,瞿曇般若流支,元魏,gaoli_index,正法念處經/卷03,3,raw\正法念處經\正法念處經__juan_0003.txt,clean\正法念處經\正法念處經__juan_0003.txt,9236,9236
高麗版大藏經,正法念處經,正法念處經,正法念處經,瞿曇般若流支,元魏,gaoli_index,正法念處經/卷04,4,raw\正法念處經\正法念處經__juan_0004.txt,clean\正法念處經\正法念處經__juan_0004.txt,9401,9401
高麗版大藏經,正法念處經,正法念處經,正法念處經,瞿曇般若流支,元魏,gaoli_index,正法念處經/卷05,5,raw\正法念處經\正法念處經__juan_0005.txt,clean\正法念處經\正法念處經__juan_0005.txt,9430,9430
高麗版大藏經,正法念處經,正法念處經,正法念處經,瞿曇般若流支,元魏,gaoli_index,正法念處經/卷06,6,raw\正法念處經\正法念處經__juan_0006.txt,clean\正法念處經\正法念處經__juan_0006.txt,9894,9894
高麗版大藏經,正法念處經,正法念處經,正法念處經,瞿曇般若流支,元魏,gaoli_index,正法念處經/卷07,7,raw\正法念處經\正法念處經__juan_0007.txt,clean\正法念處經\正法念處經__juan_0007.txt,10286,10286
高麗版大藏經,正法念處經,正法念處經,正法念處經,瞿曇般若流支,元魏,gaoli_index,正法念處經/卷08,8,raw\正法念處經\正法念處經__juan_0008.txt,clean\正法念處經\正法念處經__juan_0008.txt,10143,10143
高麗版大藏經,正法念處經,正法念處經,正法念處經,瞿曇般若流支,元魏,gaoli_index,正法念處經/卷09,9,raw\正法念處經\正法念處經__juan_0009.txt,clean\正法念處經\正法念處經__juan_0009.txt,9770,9770
高麗版大藏經,正法念處經,正法念處經,正法念處經,瞿曇般若流支,元魏,gaoli_index,正法念處經/卷10,10,raw\正法念處經\正法念處經__juan_0010.txt,clean\正法念處經\正法念處經__juan_0010.txt,9854,9854
高麗版大藏經,正法念處經,正法念處經,正法念處經,瞿曇般若流支,元魏,gaoli_index,正法念處經/卷11,11,raw\正法念處經\正法念處經__juan_0011.txt,clean\正法念處經\正法念處經__juan_0011.txt,10458,10458
高麗版大藏經,正法念處經,正法念處經,正法念處經,瞿曇般若流支,元魏,gaoli_index,正法念處經/卷12,12,raw\正法念處經\正法念處經__juan_0012.txt,clean\正法念處經\正法念處經__juan_0012.txt,9179,9179
高麗版大藏經,正法念處經,正法念處經,正法念處經,瞿曇般若流支,元魏,gaoli_index,正法念處經/卷13,13,raw\正法念處經\正法念處經__juan_0013.txt,clean\正法念處經\正法念處經__juan_0013.txt,12461,12461
高麗版大藏經,正法念處經,正法念處經,正法念處經,瞿曇般若流支,元魏,gaoli_index,正法念處經/卷14,14,raw\正法念處經\正法念處經__juan_0014.txt,clean\正法念處經\正法念處經__juan_0014.txt,10510,10510
高麗版大藏經,正法念處經,正法念處經,正法念處經,瞿曇般若流支,元魏,gaoli_index,正法念處經/卷15,15,raw\正法念處經\正法念處經__juan_0015.txt,clean\正法念處經\正法念處經__juan_0015.txt,9663,9663
高麗版大藏經,正法念處經,正法念處經,正法念處經,瞿曇般若流支,元魏,gaoli_index,正法念處經/卷16,16,raw\正法念處經\正法念處經__juan_0016.txt,clean\正法念處經\正法念處經__juan_0016.txt,11188,11188
高麗版大藏經,正法念處經,正法念處經,正法念處經,瞿曇般若流支,元魏,gaoli_index,正法念處經/卷17,17,raw\正法念處經\正法念處經__juan_0017.txt,clean\正法念處經\正法念處經__juan_0017.txt,9941,9941
高麗版大藏經,正法念處經,正法念處經,正法念處經,瞿曇般若流支,元魏,gaoli_index,正法念處經/卷18,18,raw\正法念處經\正法念處經__juan_0018.txt,clean\正法念處經\正法念處經__juan_0018.txt,9702,9702
高麗版大藏經,正法念處經,正法念處經,正法念處經,瞿曇般若流支,元魏,gaoli_index,正法念處經/卷19,19,raw\正法念處經\正法念處經__juan_0019.txt,clean\正法念處經\正法念處經__juan_0019.txt,8328,8328
高麗版大藏經,正法念處經,正法念處經,正法念處經,瞿曇般若流支,元魏,gaoli_index,正法念處經/卷20,20,raw\正法念處經\正法念處經__juan_0020.txt,clean\正法念處經\正法念處經__juan_0020.txt,9370,9370
高麗版大藏經,正法念處經,正法念處經,正法念處經,瞿曇般若流支,元魏,gaoli_index,正法念處經/卷21,21,raw\正法念處經\正法念處經__juan_0021.txt,clean\正法念處經\正法念處經__juan_0021.txt,9480,9480
高麗版大藏經,正法念處經,正法念處經,正法念處經,瞿曇般若流支,元魏,gaoli_index,正法念處經/卷22,22,raw\正法念處經\正法念處經__juan_0022.txt,clean\正法念處經\正法念處經__juan_0022.txt,8083,8083
高麗版大藏經,正法念處經,正法念處經,正法念處經,瞿曇般若流支,元魏,gaoli_index,正法念處經/卷23,23,raw\正法念處經\正法念處經__juan_0023.txt,clean\正法念處經\正法念處經__juan_0023.txt,11017,11017
高麗版大藏經,正法念處經,正法念處經,正法念處經,瞿曇般若流支,元魏,gaoli_index,正法念處經/卷24,24,raw\正法念處經\正法念處經__juan_0024.txt,clean\正法念處經\正法念處經__juan_0024.txt,9985,9985
高麗版大藏經,正法念處經,正法念處經,正法念處經,瞿曇般若流支,元魏,gaoli_index,正法念處經/卷25,25,raw\正法念處經\正法念處經__juan_0025.txt,clean\正法念處經\正法念處經__juan_0025.txt,10000,10000
高麗版大藏經,正法念處經,正法念處經,正法念處經,瞿曇般若流支,元魏,gaoli_index,正法念處經/卷26,26,raw\正法念處經\正法念處經__juan_0026.txt,clean\正法念處經\正法念處經__juan_0026.txt,8923,8923
高麗版大藏經,正法念處經,正法念處經,正法念處經,瞿曇般若流支,元魏,gaoli_index,正法念處經/卷27,27,raw\正法念處經\正法念處經__juan_0027.txt,clean\正法念處經\正法念處經__juan_0027.txt,10448,10448
高麗版大藏經,正法念處經,正法念處經,正法念處經,瞿曇般若流支,元魏,gaoli_index,正法念處經/卷28,28,raw\正法念處經\正法念處經__juan_0028.txt,clean\正法念處經\正法念處經__juan_0028.txt,9767,9767
高麗版大藏經,正法念處經,正法念處經,正法念處經,瞿曇般若流支,元魏,gaoli_index,正法念處經/卷29,29,raw\正法念處經\正法念處經__juan_0029.txt,clean\正法念處經\正法念處經__juan_0029.txt,10552,10552
高麗版大藏經,正法念處經,正法念處經,正法念處經,瞿曇般若流支,元魏,gaoli_index,正法念處經/卷30,30,raw\正法念處經\正法念處經__juan_0030.txt,clean\正法念處經\正法念處經__juan_0030.txt,10710,10710
高麗版大藏經,正法念處經,正法念處經,正法念處經,瞿曇般若流支,元魏,gaoli_index,正法念處經/卷31,31,raw\正法念處經\正法念處經__juan_0031.txt,clean\正法念處經\正法念處經__juan_0031.txt,10268,10268
高麗版大藏經,正法念處經,正法念處經,正法念處經,瞿曇般若流支,元魏,gaoli_index,正法念處經/卷32,32,raw\正法念處經\正法念處經__juan_0032.txt,clean\正法念處經\正法念處經__juan_0032.txt,10567,10567
高麗版大藏經,正法念處經,正法念處經,正法念處經,瞿曇般若流支,元魏,gaoli_index,正法念處經/卷33,33,raw\正法念處經\正法念處經__juan_0033.txt,clean\正法念處經\正法念處經__juan_0033.txt,10576,10576
高麗版大藏經,正法念處經,正法念處經,正法念處經,瞿曇般若流支,元魏,gaoli_index,正法念處經/卷34,34,raw\正法念處經\正法念處經__juan_0034.txt,clean\正法念處經\正法念處經__juan_0034.txt,9992,9992
高麗版大藏經,正法念處經,正法念處經,正法念處經,瞿曇般若流支,元魏,gaoli_index,正法念處經/卷35,35,raw\正法念處經\正法念處經__juan_0035.txt,clean\正法念處經\正法念處經__juan_0035.txt,10316,10316
高麗版大藏經,正法念處經,正法念處經,正法念處經,瞿曇般若流支,元魏,gaoli_index,正法念處經/卷36,36,raw\正法念處經\正法念處經__juan_0036.txt,clean\正法念處經\正法念處經__juan_0036.txt,10146,10146
高麗版大藏經,正法念處經,正法念處經,正法念處經,瞿曇般若流支,元魏,gaoli_index,正法念處經/卷37,37,raw\正法念處經\正法念處經__juan_0037.txt,clean\正法念處經\正法念處經__juan_0037.txt,10156,10156
高麗版大藏經,正法念處經,正法念處經,正法念處經,瞿曇般若流支,元魏,gaoli_index,正法念處經/卷38,38,raw\正法念處經\正法念處經__juan_0038.txt,clean\正法念處經\正法念處經__juan_0038.txt,9845,9845
高麗版大藏經,正法念處經,正法念處經,正法念處經,瞿曇般若流支,元魏,gaoli_index,正法念處經/卷39,39,raw\正法念處經\正法念處經__juan_0039.txt,clean\正法念處經\正法念處經__juan_0039.txt,10315,10315
高麗版大藏經,正法念處經,正法念處經,正法念處經,瞿曇般若流支,元魏,gaoli_index,正法念處經/卷40,40,raw\正法念處經\正法念處經__juan_0040.txt,clean\正法念處經\正法念處經__juan_0040.txt,10145,10145
高麗版大藏經,正法念處經,正法念處經,正法念處經,瞿曇般若流支,元魏,gaoli_index,正法念處經/卷41,41,raw\正法念處經\正法念處經__juan_0041.txt,clean\正法念處經\正法念處經__juan_0041.txt,10178,10178
高麗版大藏經,正法念處經,正法念處經,正法念處經,瞿曇般若流支,元魏,gaoli_index,正法念處經/卷42,42,raw\正法念處經\正法念處經__juan_0042.txt,clean\正法念處經\正法念處經__juan_0042.txt,9469,9469
高麗版大藏經,正法念處經,正法念處經,正法念處經,瞿曇般若流支,元魏,gaoli_index,正法念處經/卷43,43,raw\正法念處經\正法念處經__juan_0043.txt,clean\正法念處經\正法念處經__juan_0043.txt,9610,9610
高麗版大藏經,正法念處經,正法念處經,正法念處經,瞿曇般若流支,元魏,gaoli_index,正法念處經/卷44,44,raw\正法念處經\正法念處經__juan_0044.txt,clean\正法念處經\正法念處經__juan_0044.txt,9638,9638
高麗版大藏經,正法念處經,正法念處經,正法念處經,瞿曇般若流支,元魏,gaoli_index,正法念處經/卷45,45,raw\正法念處經\正法念處經__juan_0045.txt,clean\正法念處經\正法念處經__juan_0045.txt,9467,9467
高麗版大藏經,正法念處經,正法念處經,正法念處經,瞿曇般若流支,元魏,gaoli_index,正法念處經/卷46,46,raw\正法念處經\正法念處經__juan_0046.txt,clean\正法念處經\正法念處經__juan_0046.txt,10024,10024
高麗版大藏經,正法念處經,正法念處經,正法念處經,瞿曇般若流支,元魏,gaoli_index,正法念處經/卷47,47,raw\正法念處經\正法念處經__juan_0047.txt,clean\正法念處經\正法念處經__juan_0047.txt,9546,9546
高麗版大藏經,正法念處經,正法念處經,正法念處經,瞿曇般若流支,元魏,gaoli_index,正法念處經/卷48,48,raw\正法念處經\正法念處經__juan_0048.txt,clean\正法念處經\正法念處經__juan_0048.txt,9608,9608
高麗版大藏經,正法念處經,正法念處經,正法念處經,瞿曇般若流支,元魏,gaoli_index,正法念處經/卷49,49,raw\正法念處經\正法念處經__juan_0049.txt,clean\正法念處經\正法念處經__juan_0049.txt,9690,9690
高麗版大藏經,正法念處經,正法念處經,正法念處經,瞿曇般若流支,元魏,gaoli_index,正法念處經/卷50,50,raw\正法念處經\正法念處經__juan_0050.txt,clean\正法念處經\正法念處經__juan_0050.txt,8840,8840
高麗版大藏經,正法念處經,正法念處經,正法念處經,瞿曇般若流支,元魏,gaoli_index,正法念處經/卷51,51,raw\正法念處經\正法念處經__juan_0051.txt,clean\正法念處經\正法念處經__juan_0051.txt,9120,9120
高麗版大藏經,正法念處經,正法念處經,正法念處經,瞿曇般若流支,元魏,gaoli_index,正法念處經/卷52,52,raw\正法念處經\正法念處經__juan_0052.txt,clean\正法念處經\正法念處經__juan_0052.txt,9532,9532
高麗版大藏經,正法念處經,正法念處經,正法念處經,瞿曇般若流支,元魏,gaoli_index,正法念處經/卷53,53,raw\正法念處經\正法念處經__juan_0053.txt,clean\正法念處經\正法念處經__juan_0053.txt,9782,9782
高麗版大藏經,正法念處經,正法念處經,正法念處經,瞿曇般若流支,元魏,gaoli_index,正法念處經/卷54,54,raw\正法念處經\正法念處經__juan_0054.txt,clean\正法念處經\正法念處經__juan_0054.txt,9787,9787
高麗版大藏經,正法念處經,正法念處經,正法念處經,瞿曇般若流支,元魏,gaoli_index,正法念處經/卷55,55,raw\正法念處經\正法念處經__juan_0055.txt,clean\正法念處經\正法念處經__juan_0055.txt,9989,9989
高麗版大藏經,正法念處經,正法念處經,正法念處經,瞿曇般若流支,元魏,gaoli_index,正法念處經/卷56,56,raw\正法念處經\正法念處經__juan_0056.txt,clean\正法念處經\正法念處經__juan_0056.txt,9554,9554
高麗版大藏經,正法念處經,正法念處經,正法念處經,瞿曇般若流支,元魏,gaoli_index,正法念處經/卷57,57,raw\正法念處經\正法念處經__juan_0057.txt,clean\正法念處經\正法念處經__juan_0057.txt,10016,10016
高麗版大藏經,正法念處經,正法念處經,正法念處經,瞿曇般若流支,元魏,gaoli_index,正法念處經/卷58,58,raw\正法念處經\正法念處經__juan_0058.txt,clean\正法念處經\正法念處經__juan_0058.txt,11921,11921
高麗版大藏經,正法念處經,正法念處經,正法念處經,瞿曇般若流支,元魏,gaoli_index,正法念處經/卷59,59,raw\正法念處經\正法念處經__juan_0059.txt,clean\正法念處經\正法念處經__juan_0059.txt,8987,8987
高麗版大藏經,正法念處經,正法念處經,正法念處經,瞿曇般若流支,元魏,gaoli_index,正法念處經/卷60,60,raw\正法念處經\正法念處經__juan_0060.txt,clean\正法念處經\正法念處經__juan_0060.txt,10384,10384
高麗版大藏經,正法念處經,正法念處經,正法念處經,瞿曇般若流支,元魏,gaoli_index,正法念處經/卷61,61,raw\正法念處經\正法念處經__juan_0061.txt,clean\正法念處經\正法念處經__juan_0061.txt,9935,9935
高麗版大藏經,正法念處經,正法念處經,正法念處經,瞿曇般若流支,元魏,gaoli_index,正法念處經/卷62,62,raw\正法念處經\正法念處經__juan_0062.txt,clean\正法念處經\正法念處經__juan_0062.txt,12829,12829
高麗版大藏經,正法念處經,正法念處經,正法念處經,瞿曇般若流支,元魏,gaoli_index,正法念處經/卷63,63,raw\正法念處經\正法念處經__juan_0063.txt,clean\正法念處經\正法念處經__juan_0063.txt,9795,9795
高麗版大藏經,正法念處經,正法念處經,正法念處經,瞿曇般若流支,元魏,gaoli_index,正法念處經/卷64,64,raw\正法念處經\正法念處經__juan_0064.txt,clean\正法念處經\正法念處經__juan_0064.txt,9350,9350
高麗版大藏經,正法念處經,正法念處經,正法念處經,瞿曇般若流支,元魏,gaoli_index,正法念處經/卷65,65,raw\正法念處經\正法念處經__juan_0065.txt,clean\正法念處經\正法念處經__juan_0065.txt,9322,9322
高麗版大藏經,正法念處經,正法念處經,正法念處經,瞿曇般若流支,元魏,gaoli_index,正法念處經/卷66,66,raw\正法念處經\正法念處經__juan_0066.txt,clean\正法念處經\正法念處經__juan_0066.txt,9531,9531
高麗版大藏經,正法念處經,正法念處經,正法念處經,瞿曇般若流支,元魏,gaoli_index,正法念處經/卷67,67,raw\正法念處經\正法念處經__juan_0067.txt,clean\正法念處經\正法念處經__juan_0067.txt,9755,9755
高麗版大藏經,正法念處經,正法念處經,正法念處經,瞿曇般若流支,元魏,gaoli_index,正法念處經/卷68,68,raw\正法念處經\正法念處經__juan_0068.txt,clean\正法念處經\正法念處經__juan_0068.txt,9644,9644
高麗版大藏經,正法念處經,正法念處經,正法念處經,瞿曇般若流支,元魏,gaoli_index,正法念處經/卷69,69,raw\正法念處經\正法念處經__juan_0069.txt,clean\正法念處經\正法念處經__juan_0069.txt,9624,9624
高麗版大藏經,正法念處經,正法念處經,正法念處經,瞿曇般若流支,元魏,gaoli_index,正法念處經/卷70,70,raw\正法念處經\正法念處經__juan_0070.txt,clean\正法念處經\正法念處經__juan_0070.txt,9974,9974
高麗版大藏經,佛本行集經,佛本行集經,佛本行集經,闍那崛多,隋,gaoli_index,佛本行集經/卷001,1,raw\佛本行集經\佛本行集經__juan_0001.txt,clean\佛本行集經\佛本行集經__juan_0001.txt,6264,6264
高麗版大藏經,佛本行集經,佛本行集經,佛本行集經,闍那崛多,隋,gaoli_index,佛本行集經/卷002,2,raw\佛本行集經\佛本行集經__juan_0002.txt,clean\佛本行集經\佛本行集經__juan_0002.txt,7789,7789
高麗版大藏經,佛本行集經,佛本行集經,佛本行集經,闍那崛多,隋,gaoli_index,佛本行集經/卷003,3,raw\佛本行集經\佛本行集經__juan_0003.txt,clean\佛本行集經\佛本行集經__juan_0003.txt,7651,7651
高麗版大藏經,佛本行集經,佛本行集經,佛本行集經,闍那崛多,隋,gaoli_index,佛本行集經/卷004,4,raw\佛本行集經\佛本行集經__juan_0004.txt,clean\佛本行集經\佛本行集經__juan_0004.txt,8172,8172
高麗版大藏經,佛本行集經,佛本行集經,佛本行集經,闍那崛多,隋,gaoli_index,佛本行集經/卷005,5,raw\佛本行集經\佛本行集經__juan_0005.txt,clean\佛本行集經\佛本行集經__juan_0005.txt,8556,8556
高麗版大藏經,佛本行集經,佛本行集經,佛本行集經,闍那崛多,隋,gaoli_index,佛本行集經/卷006,6,raw\佛本行集經\佛本行集經__juan_0006.txt,clean\佛本行集經\佛本行集經__juan_0006.txt,8071,8071
高麗版大藏經,佛本行集經,佛本行集經,佛本行集經,闍那崛多,隋,gaoli_index,佛本行集經/卷007,7,raw\佛本行集經\佛本行集經__juan_0007.txt,clean\佛本行集經\佛本行集經__juan_0007.txt,8169,8169
高麗版大藏經,佛本行集經,佛本行集經,佛本行集經,闍那崛多,隋,gaoli_index,佛本行集經/卷008,8,raw\佛本行集經\佛本行集經__juan_0008.txt,clean\佛本行集經\佛本行集經__juan_0008.txt,8008,8008
高麗版大藏經,佛本行集經,佛本行集經,佛本行集經,闍那崛多,隋,gaoli_index,佛本行集經/卷009,9,raw\佛本行集經\佛本行集經__juan_0009.txt,clean\佛本行集經\佛本行集經__juan_0009.txt,7598,7598
高麗版大藏經,佛本行集經,佛本行集經,佛本行集經,闍那崛多,隋,gaoli_index,佛本行集經/卷010,10,raw\佛本行集經\佛本行集經__juan_0010.txt,clean\佛本行集經\佛本行集經__juan_0010.txt,7619,7619
高麗版大藏經,佛本行集經,佛本行集經,佛本行集經,闍那崛多,隋,gaoli_index,佛本行集經/卷011,11,raw\佛本行集經\佛本行集經__juan_0011.txt,clean\佛本行集經\佛本行集經__juan_0011.txt,7386,7386
高麗版大藏經,佛本行集經,佛本行集經,佛本行集經,闍那崛多,隋,gaoli_index,佛本行集經/卷012,12,raw\佛本行集經\佛本行集經__juan_0012.txt,clean\佛本行集經\佛本行集經__juan_0012.txt,8244,8244
高麗版大藏經,佛本行集經,佛本行集經,佛本行集經,闍那崛多,隋,gaoli_index,佛本行集經/卷013,13,raw\佛本行集經\佛本行集經__juan_0013.txt,clean\佛本行集經\佛本行集經__juan_0013.txt,8253,8253
高麗版大藏經,佛本行集經,佛本行集經,佛本行集經,闍那崛多,隋,gaoli_index,佛本行集經/卷014,14,raw\佛本行集經\佛本行集經__juan_0014.txt,clean\佛本行集經\佛本行集經__juan_0014.txt,10145,10145
高麗版大藏經,佛本行集經,佛本行集經,佛本行集經,闍那崛多,隋,gaoli_index,佛本行集經/卷015,15,raw\佛本行集經\佛本行集經__juan_0015.txt,clean\佛本行集經\佛本行集經__juan_0015.txt,7954,7954
高麗版大藏經,佛本行集經,佛本行集經,佛本行集經,闍那崛多,隋,gaoli_index,佛本行集經/卷016,16,raw\佛本行集經\佛本行集經__juan_0016.txt,clean\佛本行集經\佛本行集經__juan_0016.txt,7718,7718
高麗版大藏經,佛本行集經,佛本行集經,佛本行集經,闍那崛多,隋,gaoli_index,佛本行集經/卷017,17,raw\佛本行集經\佛本行集經__juan_0017.txt,clean\佛本行集經\佛本行集經__juan_0017.txt,8157,8157
高麗版大藏經,佛本行集經,佛本行集經,佛本行集經,闍那崛多,隋,gaoli_index,佛本行集經/卷018,18,raw\佛本行集經\佛本行集經__juan_0018.txt,clean\佛本行集經\佛本行集經__juan_0018.txt,7515,7515
高麗版大藏經,佛本行集經,佛本行集經,佛本行集經,闍那崛多,隋,gaoli_index,佛本行集經/卷019,19,raw\佛本行集經\佛本行集經__juan_0019.txt,clean\佛本行集經\佛本行集經__juan_0019.txt,8231,8231
高麗版大藏經,佛本行集經,佛本行集經,佛本行集經,闍那崛多,隋,gaoli_index,佛本行集經/卷020,20,raw\佛本行集經\佛本行集經__juan_0020.txt,clean\佛本行集經\佛本行集經__juan_0020.txt,8123,8123
高麗版大藏經,佛本行集經,佛本行集經,佛本行集經,闍那崛多,隋,gaoli_index,佛本行集經/卷021,21,raw\佛本行集經\佛本行集經__juan_0021.txt,clean\佛本行集經\佛本行集經__juan_0021.txt,8220,8220
高麗版大藏經,佛本行集經,佛本行集經,佛本行集經,闍那崛多,隋,gaoli_index,佛本行集經/卷022,22,raw\佛本行集經\佛本行集經__juan_0022.txt,clean\佛本行集經\佛本行集經__juan_0022.txt,8089,8089
高麗版大藏經,佛本行集經,佛本行集經,佛本行集經,闍那崛多,隋,gaoli_index,佛本行集經/卷023,23,raw\佛本行集經\佛本行集經__juan_0023.txt,clean\佛本行集經\佛本行集經__juan_0023.txt,8044,8044
高麗版大藏經,佛本行集經,佛本行集經,佛本行集經,闍那崛多,隋,gaoli_index,佛本行集經/卷024,24,raw\佛本行集經\佛本行集經__juan_0024.txt,clean\佛本行集經\佛本行集經__juan_0024.txt,8082,8082
高麗版大藏經,佛本行集經,佛本行集經,佛本行集經,闍那崛多,隋,gaoli_index,佛本行集經/卷025,25,raw\佛本行集經\佛本行集經__juan_0025.txt,clean\佛本行集經\佛本行集經__juan_0025.txt,7913,7913
高麗版大藏經,佛本行集經,佛本行集經,佛本行集經,闍那崛多,隋,gaoli_index,佛本行集經/卷026,26,raw\佛本行集經\佛本行集經__juan_0026.txt,clean\佛本行集經\佛本行集經__juan_0026.txt,8006,8006
高麗版大藏經,佛本行集經,佛本行集經,佛本行集經,闍那崛多,隋,gaoli_index,佛本行集經/卷027,27,raw\佛本行集經\佛本行集經__juan_0027.txt,clean\佛本行集經\佛本行集經__juan_0027.txt,7912,7912
高麗版大藏經,佛本行集經,佛本行集經,佛本行集經,闍那崛多,隋,gaoli_index,佛本行集經/卷028,28,raw\佛本行集經\佛本行集經__juan_0028.txt,clean\佛本行集經\佛本行集經__juan_0028.txt,8536,8536
高麗版大藏經,佛本行集經,佛本行集經,佛本行集經,闍那崛多,隋,gaoli_index,佛本行集經/卷029,29,raw\佛本行集經\佛本行集經__juan_0029.txt,clean\佛本行集經\佛本行集經__juan_0029.txt,7766,7766
高麗版大藏經,佛本行集經,佛本行集經,佛本行集經,闍那崛多,隋,gaoli_index,佛本行集經/卷030,30,raw\佛本行集經\佛本行集經__juan_0030.txt,clean\佛本行集經\佛本行集經__juan_0030.txt,8393,8393
高麗版大藏經,佛本行集經,佛本行集經,佛本行集經,闍那崛多,隋,gaoli_index,佛本行集經/卷031,31,raw\佛本行集經\佛本行集經__juan_0031.txt,clean\佛本行集經\佛本行集經__juan_0031.txt,8150,8150
高麗版大藏經,佛本行集經,佛本行集經,佛本行集經,闍那崛多,隋,gaoli_index,佛本行集經/卷032,32,raw\佛本行集經\佛本行集經__juan_0032.txt,clean\佛本行集經\佛本行集經__juan_0032.txt,8215,8215
高麗版大藏經,佛本行集經,佛本行集經,佛本行集經,闍那崛多,隋,gaoli_index,佛本行集經/卷033,33,raw\佛本行集經\佛本行集經__juan_0033.txt,clean\佛本行集經\佛本行集經__juan_0033.txt,7959,7959
高麗版大藏經,佛本行集經,佛本行集經,佛本行集經,闍那崛多,隋,gaoli_index,佛本行集經/卷034,34,raw\佛本行集經\佛本行集經__juan_0034.txt,clean\佛本行集經\佛本行集經__juan_0034.txt,7907,7907
高麗版大藏經,佛本行集經,佛本行集經,佛本行集經,闍那崛多,隋,gaoli_index,佛本行集經/卷035,35,raw\佛本行集經\佛本行集經__juan_0035.txt,clean\佛本行集經\佛本行集經__juan_0035.txt,7619,7619
高麗版大藏經,佛本行集經,佛本行集經,佛本行集經,闍那崛多,隋,gaoli_index,佛本行集經/卷036,36,raw\佛本行集經\佛本行集經__juan_0036.txt,clean\佛本行集經\佛本行集經__juan_0036.txt,7656,7656
高麗版大藏經,佛本行集經,佛本行集經,佛本行集經,闍那崛多,隋,gaoli_index,佛本行集經/卷037,37,raw\佛本行集經\佛本行集經__juan_0037.txt,clean\佛本行集經\佛本行集經__juan_0037.txt,7780,7780
高麗版大藏經,佛本行集經,佛本行集經,佛本行集經,闍那崛多,隋,gaoli_index,佛本行集經/卷038,38,raw\佛本行集經\佛本行集經__juan_0038.txt,clean\佛本行集經\佛本行集經__juan_0038.txt,8022,8022
高麗版大藏經,佛本行集經,佛本行集經,佛本行集經,闍那崛多,隋,gaoli_index,佛本行集經/卷039,39,raw\佛本行集經\佛本行集經__juan_0039.txt,clean\佛本行集經\佛本行集經__juan_0039.txt,7719,7719
高麗版大藏經,佛本行集經,佛本行集經,佛本行集經,闍那崛多,隋,gaoli_index,佛本行集經/卷040,40,raw\佛本行集經\佛本行集經__juan_0040.txt,clean\佛本行集經\佛本行集經__juan_0040.txt,7718,7718
高麗版大藏經,佛本行集經,佛本行集經,佛本行集經,闍那崛多,隋,gaoli_index,佛本行集經/卷041,41,raw\佛本行集經\佛本行集經__juan_0041.txt,clean\佛本行集經\佛本行集經__juan_0041.txt,7579,7579
高麗版大藏經,佛本行集經,佛本行集經,佛本行集經,闍那崛多,隋,gaoli_index,佛本行集經/卷042,42,raw\佛本行集經\佛本行集經__juan_0042.txt,clean\佛本行集經\佛本行集經__juan_0042.txt,7613,7613
高麗版大藏經,佛本行集經,佛本行集經,佛本行集經,闍那崛多,隋,gaoli_index,佛本行集經/卷043,43,raw\佛本行集經\佛本行集經__juan_0043.txt,clean\佛本行集經\佛本行集經__juan_0043.txt,7367,7367
高麗版大藏經,佛本行集經,佛本行集經,佛本行集經,闍那崛多,隋,gaoli_index,佛本行集經/卷044,44,raw\佛本行集經\佛本行集經__juan_0044.txt,clean\佛本行集經\佛本行集經__juan_0044.txt,7739,7739
高麗版大藏經,佛本行集經,佛本行集經,佛本行集經,闍那崛多,隋,gaoli_index,佛本行集經/卷045,45,raw\佛本行集經\佛本行集經__juan_0045.txt,clean\佛本行集經\佛本行集經__juan_0045.txt,7478,7478
高麗版大藏經,佛本行集經,佛本行集經,佛本行集經,闍那崛多,隋,gaoli_index,佛本行集經/卷046,46,raw\佛本行集經\佛本行集經__juan_0046.txt,clean\佛本行集經\佛本行集經__juan_0046.txt,7544,7544
高麗版大藏經,佛本行集經,佛本行集經,佛本行集經,闍那崛多,隋,gaoli_index,佛本行集經/卷047,47,raw\佛本行集經\佛本行集經__juan_0047.txt,clean\佛本行集經\佛本行集經__juan_0047.txt,7436,7436
高麗版大藏經,佛本行集經,佛本行集經,佛本行集經,闍那崛多,隋,gaoli_index,佛本行集經/卷048,48,raw\佛本行集經\佛本行集經__juan_0048.txt,clean\佛本行集經\佛本行集經__juan_0048.txt,8087,8087
高麗版大藏經,佛本行集經,佛本行集經,佛本行集經,闍那崛多,隋,gaoli_index,佛本行集經/卷049,49,raw\佛本行集經\佛本行集經__juan_0049.txt,clean\佛本行集經\佛本行集經__juan_0049.txt,7598,7598
高麗版大藏經,佛本行集經,佛本行集經,佛本行集經,闍那崛多,隋,gaoli_index,佛本行集經/卷050,50,raw\佛本行集經\佛本行集經__juan_0050.txt,clean\佛本行集經\佛本行集經__juan_0050.txt,7793,7793
高麗版大藏經,佛本行集經,佛本行集經,佛本行集經,闍那崛多,隋,gaoli_index,佛本行集經/卷051,51,raw\佛本行集經\佛本行集經__juan_0051.txt,clean\佛本行集經\佛本行集經__juan_0051.txt,7928,7928
高麗版大藏經,佛本行集經,佛本行集經,佛本行集經,闍那崛多,隋,gaoli_index,佛本行集經/卷052,52,raw\佛本行集經\佛本行集經__juan_0052.txt,clean\佛本行集經\佛本行集經__juan_0052.txt,7440,7440
高麗版大藏經,佛本行集經,佛本行集經,佛本行集經,闍那崛多,隋,gaoli_index,佛本行集經/卷053,53,raw\佛本行集經\佛本行集經__juan_0053.txt,clean\佛本行集經\佛本行集經__juan_0053.txt,7623,7623
高麗版大藏經,佛本行集經,佛本行集經,佛本行集經,闍那崛多,隋,gaoli_index,佛本行集經/卷054,54,raw\佛本行集經\佛本行集經__juan_0054.txt,clean\佛本行集經\佛本行集經__juan_0054.txt,7888,7888
高麗版大藏經,佛本行集經,佛本行集經,佛本行集經,闍那崛多,隋,gaoli_index,佛本行集經/卷055,55,raw\佛本行集經\佛本行集經__juan_0055.txt,clean\佛本行集經\佛本行集經__juan_0055.txt,7504,7504
高麗版大藏經,佛本行集經,佛本行集經,佛本行集經,闍那崛多,隋,gaoli_index,佛本行集經/卷056,56,raw\佛本行集經\佛本行集經__juan_0056.txt,clean\佛本行集經\佛本行集經__juan_0056.txt,7129,7129
高麗版大藏經,佛本行集經,佛本行集經,佛本行集經,闍那崛多,隋,gaoli_index,佛本行集經/卷057,57,raw\佛本行集經\佛本行集經__juan_0057.txt,clean\佛本行集經\佛本行集經__juan_0057.txt,7162,7162
高麗版大藏經,佛本行集經,佛本行集經,佛本行集經,闍那崛多,隋,gaoli_index,佛本行集經/卷058,58,raw\佛本行集經\佛本行集經__juan_0058.txt,clean\佛本行集經\佛本行集經__juan_0058.txt,7579,7579
高麗版大藏經,佛本行集經,佛本行集經,佛本行集經,闍那崛多,隋,gaoli_index,佛本行集經/卷059,59,raw\佛本行集經\佛本行集經__juan_0059.txt,clean\佛本行集經\佛本行集經__juan_0059.txt,7589,7589
高麗版大藏經,佛本行集經,佛本行集經,佛本行集經,闍那崛多,隋,gaoli_index,佛本行集經/卷060,60,raw\佛本行集經\佛本行集經__juan_0060.txt,clean\佛本行集經\佛本行集經__juan_0060.txt,7426,7426
高麗版大藏經,本事經,本事經,本事經,玄奘,唐,gaoli_index,本事經/卷01,1,raw\本事經\本事經__juan_0001.txt,clean\本事經\本事經__juan_0001.txt,8130,8130
高麗版大藏經,本事經,本事經,本事經,玄奘,唐,gaoli_index,本事經/卷02,2,raw\本事經\本事經__juan_0002.txt,clean\本事經\本事經__juan_0002.txt,7514,7514
高麗版大藏經,本事經,本事經,本事經,玄奘,唐,gaoli_index,本事經/卷03,3,raw\本事經\本事經__juan_0003.txt,clean\本事經\本事經__juan_0003.txt,8524,8524
高麗版大藏經,本事經,本事經,本事經,玄奘,唐,gaoli_index,本事經/卷04,4,raw\本事經\本事經__juan_0004.txt,clean\本事經\本事經__juan_0004.txt,7460,7460
高麗版大藏經,本事經,本事經,本事經,玄奘,唐,gaoli_index,本事經/卷05,5,raw\本事經\本事經__juan_0005.txt,clean\本事經\本事經__juan_0005.txt,8525,8525
高麗版大藏經,本事經,本事經,本事經,玄奘,唐,gaoli_index,本事經/卷06,6,raw\本事經\本事經__juan_0006.txt,clean\本事經\本事經__juan_0006.txt,8178,8178
高麗版大藏經,本事經,本事經,本事經,玄奘,唐,gaoli_index,本事經/卷07,7,raw\本事經\本事經__juan_0007.txt,clean\本事經\本事經__juan_0007.txt,8392,8392
高麗版大藏經,佛說興起行經,佛說興起行經,佛說興起行經,康孟詳,後漢,gaoli_index,佛說興起行經/佛說興起行經卷上,1,raw\佛說興起行經\佛說興起行經__juan_0001.txt,clean\佛說興起行經\佛說興起行經__juan_0001.txt,12084,12084
高麗版大藏經,佛說興起行經,佛說興起行經,佛說興起行經,康孟詳,後漢,gaoli_index,佛說興起行經/佛說興起行經卷下,2,raw\佛說興起行經\佛說興起行經__juan_0002.txt,clean\佛說興起行經\佛說興起行經__juan_0002.txt,7671,7671
高麗版大藏經,佛說大安般守意經,佛說大安般守意經,佛說大安般守意經,安世高,後漢,gaoli_index,佛說大安般守意經/卷00,1,raw\佛說大安般守意經\佛說大安般守意經__juan_0001.txt,clean\佛說大安般守意經\佛說大安般守意經__juan_0001.txt,1426,1426
高麗版大藏經,佛說大安般守意經,佛說大安般守意經,佛說大安般守意經,安世高,後漢,gaoli_index,佛說大安般守意經/卷01,2,raw\佛說大安般守意經\佛說大安般守意經__juan_0002.txt,clean\佛說大安般守意經\佛說大安般守意經__juan_0002.txt,8364,8364
高麗版大藏經,佛說大安般守意經,佛說大安般守意經,佛說大安般守意經,安世高,後漢,gaoli_index,佛說大安般守意經/卷02,3,raw\佛說大安般守意經\佛說大安般守意經__juan_0003.txt,clean\佛說大安般守意經\佛說大安般守意經__juan_0003.txt,8837,8837
高麗版大藏經,陰持入經,陰持入經,陰持入經,安世高,後漢,gaoli_index,陰持入經/卷01,1,raw\陰持入經\陰持入經__juan_0001.txt,clean\陰持入經\陰持入經__juan_0001.txt,5946,5946
高麗版大藏經,陰持入經,陰持入經,陰持入經,安世高,後漢,gaoli_index,陰持入經/卷02,2,raw\陰持入經\陰持入經__juan_0002.txt,clean\陰持入經\陰持入經__juan_0002.txt,6871,6871
高麗版大藏經,摩訶僧祇律,摩訶僧祇律,摩訶僧祇律,佛陀跋陀羅、法顯,東晉,gaoli_index,摩訶僧祇律/卷第 01,1,raw\摩訶僧祇律\摩訶僧祇律__juan_0001.txt,clean\摩訶僧祇律\摩訶僧祇律__juan_0001.txt,14069,14069
高麗版大藏經,摩訶僧祇律,摩訶僧祇律,摩訶僧祇律,佛陀跋陀羅、法顯,東晉,gaoli_index,摩訶僧祇律/卷第 02,2,raw\摩訶僧祇律\摩訶僧祇律__juan_0002.txt,clean\摩訶僧祇律\摩訶僧祇律__juan_0002.txt,13133,13133
高麗版大藏經,摩訶僧祇律,摩訶僧祇律,摩訶僧祇律,佛陀跋陀羅、法顯,東晉,gaoli_index,摩訶僧祇律/卷第 03,3,raw\摩訶僧祇律\摩訶僧祇律__juan_0003.txt,clean\摩訶僧祇律\摩訶僧祇律__juan_0003.txt,19984,19984
高麗版大藏經,摩訶僧祇律,摩訶僧祇律,摩訶僧祇律,佛陀跋陀羅、法顯,東晉,gaoli_index,摩訶僧祇律/卷第 04,4,raw\摩訶僧祇律\摩訶僧祇律__juan_0004.txt,clean\摩訶僧祇律\摩訶僧祇律__juan_0004.txt,14624,14624
高麗版大藏經,摩訶僧祇律,摩訶僧祇律,摩訶僧祇律,佛陀跋陀羅、法顯,東晉,gaoli_index,摩訶僧祇律/卷第 05,5,raw\摩訶僧祇律\摩訶僧祇律__juan_0005.txt,clean\摩訶僧祇律\摩訶僧祇律__juan_0005.txt,15654,15654
高麗版大藏經,摩訶僧祇律,摩訶僧祇律,摩訶僧祇律,佛陀跋陀羅、法顯,東晉,gaoli_index,摩訶僧祇律/卷第 06,6,raw\摩訶僧祇律\摩訶僧祇律__juan_0006.txt,clean\摩訶僧祇律\摩訶僧祇律__juan_0006.txt,17689,17689
高麗版大藏經,摩訶僧祇律,摩訶僧祇律,摩訶僧祇律,佛陀跋陀羅、法顯,東晉,gaoli_index,摩訶僧祇律/卷第 07,7,raw\摩訶僧祇律\摩訶僧祇律__juan_0007.txt,clean\摩訶僧祇律\摩訶僧祇律__juan_0007.txt,17690,17690
高麗版大藏經,摩訶僧祇律,摩訶僧祇律,摩訶僧祇律,佛陀跋陀羅、法顯,東晉,gaoli_index,摩訶僧祇律/卷第 08,8,raw\摩訶僧祇律\摩訶僧祇律__juan_0008.txt,clean\摩訶僧祇律\摩訶僧祇律__juan_0008.txt,16500,16500
高麗版大藏經,摩訶僧祇律,摩訶僧祇律,摩訶僧祇律,佛陀跋陀羅、法顯,東晉,gaoli_index,摩訶僧祇律/卷第 09,9,raw\摩訶僧祇律\摩訶僧祇律__juan_0009.txt,clean\摩訶僧祇律\摩訶僧祇律__juan_0009.txt,18594,18594
高麗版大藏經,摩訶僧祇律,摩訶僧祇律,摩訶僧祇律,佛陀跋陀羅、法顯,東晉,gaoli_index,摩訶僧祇律/卷第 10,10,raw\摩訶僧祇律\摩訶僧祇律__juan_0010.txt,clean\摩訶僧祇律\摩訶僧祇律__juan_0010.txt,13930,13930
高麗版大藏經,摩訶僧祇律,摩訶僧祇律,摩訶僧祇律,佛陀跋陀羅、法顯,東晉,gaoli_index,摩訶僧祇律/卷第 11,11,raw\摩訶僧祇律\摩訶僧祇律__juan_0011.txt,clean\摩訶僧祇律\摩訶僧祇律__juan_0011.txt,11090,11090
高麗版大藏經,摩訶僧祇律,摩訶僧祇律,摩訶僧祇律,佛陀跋陀羅、法顯,東晉,gaoli_index,摩訶僧祇律/卷第 12,12,raw\摩訶僧祇律\摩訶僧祇律__juan_0012.txt,clean\摩訶僧祇律\摩訶僧祇律__juan_0012.txt,11391,11391
高麗版大藏經,摩訶僧祇律,摩訶僧祇律,摩訶僧祇律,佛陀跋陀羅、法顯,東晉,gaoli_index,摩訶僧祇律/卷第 13,13,raw\摩訶僧祇律\摩訶僧祇律__juan_0013.txt,clean\摩訶僧祇律\摩訶僧祇律__juan_0013.txt,11815,11815
高麗版大藏經,摩訶僧祇律,摩訶僧祇律,摩訶僧祇律,佛陀跋陀羅、法顯,東晉,gaoli_index,摩訶僧祇律/卷第 14,14,raw\摩訶僧祇律\摩訶僧祇律__juan_0014.txt,clean\摩訶僧祇律\摩訶僧祇律__juan_0014.txt,10980,10980
高麗版大藏經,摩訶僧祇律,摩訶僧祇律,摩訶僧祇律,佛陀跋陀羅、法顯,東晉,gaoli_index,摩訶僧祇律/卷第 15,15,raw\摩訶僧祇律\摩訶僧祇律__juan_0015.txt,clean\摩訶僧祇律\摩訶僧祇律__juan_0015.txt,13230,13230
高麗版大藏經,摩訶僧祇律,摩訶僧祇律,摩訶僧祇律,佛陀跋陀羅、法顯,東晉,gaoli_index,摩訶僧祇律/卷第 16,16,raw\摩訶僧祇律\摩訶僧祇律__juan_0016.txt,clean\摩訶僧祇律\摩訶僧祇律__juan_0016.txt,14674,14674
高麗版大藏經,摩訶僧祇律,摩訶僧祇律,摩訶僧祇律,佛陀跋陀羅、法顯,東晉,gaoli_index,摩訶僧祇律/卷第 17,17,raw\摩訶僧祇律\摩訶僧祇律__juan_0017.txt,clean\摩訶僧祇律\摩訶僧祇律__juan_0017.txt,15214,15214
高麗版大藏經,摩訶僧祇律,摩訶僧祇律,摩訶僧祇律,佛陀跋陀羅、法顯,東晉,gaoli_index,摩訶僧祇律/卷第 18,18,raw\摩訶僧祇律\摩訶僧祇律__juan_0018.txt,clean\摩訶僧祇律\摩訶僧祇律__juan_0018.txt,16143,16143
高麗版大藏經,摩訶僧祇律,摩訶僧祇律,摩訶僧祇律,佛陀跋陀羅、法顯,東晉,gaoli_index,摩訶僧祇律/卷第 19,19,raw\摩訶僧祇律\摩訶僧祇律__juan_0019.txt,clean\摩訶僧祇律\摩訶僧祇律__juan_0019.txt,16343,16343
高麗版大藏經,摩訶僧祇律,摩訶僧祇律,摩訶僧祇律,佛陀跋陀羅、法顯,東晉,gaoli_index,摩訶僧祇律/卷第 20,20,raw\摩訶僧祇律\摩訶僧祇律__juan_0020.txt,clean\摩訶僧祇律\摩訶僧祇律__juan_0020.txt,16762,16762
高麗版大藏經,摩訶僧祇律,摩訶僧祇律,摩訶僧祇律,佛陀跋陀羅、法顯,東晉,gaoli_index,摩訶僧祇律/卷第 21,21,raw\摩訶僧祇律\摩訶僧祇律__juan_0021.txt,clean\摩訶僧祇律\摩訶僧祇律__juan_0021.txt,15461,15461
高麗版大藏經,摩訶僧祇律,摩訶僧祇律,摩訶僧祇律,佛陀跋陀羅、法顯,東晉,gaoli_index,摩訶僧祇律/卷第 22,22,raw\摩訶僧祇律\摩訶僧祇律__juan_0022.txt,clean\摩訶僧祇律\摩訶僧祇律__juan_0022.txt,16577,16577
高麗版大藏經,摩訶僧祇律,摩訶僧祇律,摩訶僧祇律,佛陀跋陀羅、法顯,東晉,gaoli_index,摩訶僧祇律/卷第 23,23,raw\摩訶僧祇律\摩訶僧祇律__juan_0023.txt,clean\摩訶僧祇律\摩訶僧祇律__juan_0023.txt,13218,13218
高麗版大藏經,摩訶僧祇律,摩訶僧祇律,摩訶僧祇律,佛陀跋陀羅、法顯,東晉,gaoli_index,摩訶僧祇律/卷第 24,24,raw\摩訶僧祇律\摩訶僧祇律__juan_0024.txt,clean\摩訶僧祇律\摩訶僧祇律__juan_0024.txt,13260,13260
高麗版大藏經,摩訶僧祇律,摩訶僧祇律,摩訶僧祇律,佛陀跋陀羅、法顯,東晉,gaoli_index,摩訶僧祇律/卷第 25,25,raw\摩訶僧祇律\摩訶僧祇律__juan_0025.txt,clean\摩訶僧祇律\摩訶僧祇律__juan_0025.txt,14008,14008
高麗版大藏經,摩訶僧祇律,摩訶僧祇律,摩訶僧祇律,佛陀跋陀羅、法顯,東晉,gaoli_index,摩訶僧祇律/卷第 26,26,raw\摩訶僧祇律\摩訶僧祇律__juan_0026.txt,clean\摩訶僧祇律\摩訶僧祇律__juan_0026.txt,15074,15074
高麗版大藏經,摩訶僧祇律,摩訶僧祇律,摩訶僧祇律,佛陀跋陀羅、法顯,東晉,gaoli_index,摩訶僧祇律/卷第 27,27,raw\摩訶僧祇律\摩訶僧祇律__juan_0027.txt,clean\摩訶僧祇律\摩訶僧祇律__juan_0027.txt,15437,15437
高麗版大藏經,摩訶僧祇律,摩訶僧祇律,摩訶僧祇律,佛陀跋陀羅、法顯,東晉,gaoli_index,摩訶僧祇律/卷第 28,28,raw\摩訶僧祇律\摩訶僧祇律__juan_0028.txt,clean\摩訶僧祇律\摩訶僧祇律__juan_0028.txt,15439,15439
高麗版大藏經,摩訶僧祇律,摩訶僧祇律,摩訶僧祇律,佛陀跋陀羅、法顯,東晉,gaoli_index,摩訶僧祇律/卷第 29,29,raw\摩訶僧祇律\摩訶僧祇律__juan_0029.txt,clean\摩訶僧祇律\摩訶僧祇律__juan_0029.txt,13545,13545
高麗版大藏經,摩訶僧祇律,摩訶僧祇律,摩訶僧祇律,佛陀跋陀羅、法顯,東晉,gaoli_index,摩訶僧祇律/卷第 30,30,raw\摩訶僧祇律\摩訶僧祇律__juan_0030.txt,clean\摩訶僧祇律\摩訶僧祇律__juan_0030.txt,15631,15631
高麗版大藏經,摩訶僧祇律,摩訶僧祇律,摩訶僧祇律,佛陀跋陀羅、法顯,東晉,gaoli_index,摩訶僧祇律/卷第 31,31,raw\摩訶僧祇律\摩訶僧祇律__juan_0031.txt,clean\摩訶僧祇律\摩訶僧祇律__juan_0031.txt,15157,15157
高麗版大藏經,摩訶僧祇律,摩訶僧祇律,摩訶僧祇律,佛陀跋陀羅、法顯,東晉,gaoli_index,摩訶僧祇律/卷第 32,32,raw\摩訶僧祇律\摩訶僧祇律__juan_0032.txt,clean\摩訶僧祇律\摩訶僧祇律__juan_0032.txt,13682,13682
高麗版大藏經,摩訶僧祇律,摩訶僧祇律,摩訶僧祇律,佛陀跋陀羅、法顯,東晉,gaoli_index,摩訶僧祇律/卷第 33,33,raw\摩訶僧祇律\摩訶僧祇律__juan_0033.txt,clean\摩訶僧祇律\摩訶僧祇律__juan_0033.txt,10532,10532
高麗版大藏經,摩訶僧祇律,摩訶僧祇律,摩訶僧祇律,佛陀跋陀羅、法顯,東晉,gaoli_index,摩訶僧祇律/卷第 34,34,raw\摩訶僧祇律\摩訶僧祇律__juan_0034.txt,clean\摩訶僧祇律\摩訶僧祇律__juan_0034.txt,13065,13065
高麗版大藏經,摩訶僧祇律,摩訶僧祇律,摩訶僧祇律,佛陀跋陀羅、法顯,東晉,gaoli_index,摩訶僧祇律/卷第 35,35,raw\摩訶僧祇律\摩訶僧祇律__juan_0035.txt,clean\摩訶僧祇律\摩訶僧祇律__juan_0035.txt,12700,12700
高麗版大藏經,摩訶僧祇律,摩訶僧祇律,摩訶僧祇律,佛陀跋陀羅、法顯,東晉,gaoli_index,摩訶僧祇律/卷第 36,36,raw\摩訶僧祇律\摩訶僧祇律__juan_0036.txt,clean\摩訶僧祇律\摩訶僧祇律__juan_0036.txt,13046,13046
高麗版大藏經,摩訶僧祇律,摩訶僧祇律,摩訶僧祇律,佛陀跋陀羅、法顯,東晉,gaoli_index,摩訶僧祇律/卷第 37,37,raw\摩訶僧祇律\摩訶僧祇律__juan_0037.txt,clean\摩訶僧祇律\摩訶僧祇律__juan_0037.txt,11883,11883
高麗版大藏經,摩訶僧祇律,摩訶僧祇律,摩訶僧祇律,佛陀跋陀羅、法顯,東晉,gaoli_index,摩訶僧祇律/卷第 38,38,raw\摩訶僧祇律\摩訶僧祇律__juan_0038.txt,clean\摩訶僧祇律\摩訶僧祇律__juan_0038.txt,13810,13810
高麗版大藏經,摩訶僧祇律,摩訶僧祇律,摩訶僧祇律,佛陀跋陀羅、法顯,東晉,gaoli_index,摩訶僧祇律/卷第 39,39,raw\摩訶僧祇律\摩訶僧祇律__juan_0039.txt,clean\摩訶僧祇律\摩訶僧祇律__juan_0039.txt,11553,11553
高麗版大藏經,摩訶僧祇律,摩訶僧祇律,摩訶僧祇律,佛陀跋陀羅、法顯,東晉,gaoli_index,摩訶僧祇律/卷第 40,40,raw\摩訶僧祇律\摩訶僧祇律__juan_0040.txt,clean\摩訶僧祇律\摩訶僧祇律__juan_0040.txt,11620,11620
高麗版大藏經,十誦律,十誦律,十誦律,弗若多羅、鳩摩羅什,後秦,gaoli_index,十誦律/卷第 01,1,raw\十誦律\十誦律__juan_0001.txt,clean\十誦律\十誦律__juan_0001.txt,11759,11759
高麗版大藏經,十誦律,十誦律,十誦律,弗若多羅、鳩摩羅什,後秦,gaoli_index,十誦律/卷第 02,2,raw\十誦律\十誦律__juan_0002.txt,clean\十誦律\十誦律__juan_0002.txt,11481,11481
高麗版大藏經,十誦律,十誦律,十誦律,弗若多羅、鳩摩羅什,後秦,gaoli_index,十誦律/卷第 03,3,raw\十誦律\十誦律__juan_0003.txt,clean\十誦律\十誦律__juan_0003.txt,13979,13979
高麗版大藏經,十誦律,十誦律,十誦律,弗若多羅、鳩摩羅什,後秦,gaoli_index,十誦律/卷第 04,4,raw\十誦律\十誦律__juan_0004.txt,clean\十誦律\十誦律__juan_0004.txt,15001,15001
高麗版大藏經,十誦律,十誦律,十誦律,弗若多羅、鳩摩羅什,後秦,gaoli_index,十誦律/卷第 05,5,raw\十誦律\十誦律__juan_0005.txt,clean\十誦律\十誦律__juan_0005.txt,22034,22034
高麗版大藏經,十誦律,十誦律,十誦律,弗若多羅、鳩摩羅什,後秦,gaoli_index,十誦律/卷第 06,6,raw\十誦律\十誦律__juan_0006.txt,clean\十誦律\十誦律__juan_0006.txt,10085,10085
高麗版大藏經,十誦律,十誦律,十誦律,弗若多羅、鳩摩羅什,後秦,gaoli_index,十誦律/卷第 07,7,raw\十誦律\十誦律__juan_0007.txt,clean\十誦律\十誦律__juan_0007.txt,11729,11729
高麗版大藏經,十誦律,十誦律,十誦律,弗若多羅、鳩摩羅什,後秦,gaoli_index,十誦律/卷第 08,8,raw\十誦律\十誦律__juan_0008.txt,clean\十誦律\十誦律__juan_0008.txt,16652,16652
高麗版大藏經,十誦律,十誦律,十誦律,弗若多羅、鳩摩羅什,後秦,gaoli_index,十誦律/卷第 09,9,raw\十誦律\十誦律__juan_0009.txt,clean\十誦律\十誦律__juan_0009.txt,15319,15319
高麗版大藏經,十誦律,十誦律,十誦律,弗若多羅、鳩摩羅什,後秦,gaoli_index,十誦律/卷第 10,10,raw\十誦律\十誦律__juan_0010.txt,clean\十誦律\十誦律__juan_0010.txt,11087,11087
高麗版大藏經,十誦律,十誦律,十誦律,弗若多羅、鳩摩羅什,後秦,gaoli_index,十誦律/卷第 11,11,raw\十誦律\十誦律__juan_0011.txt,clean\十誦律\十誦律__juan_0011.txt,10381,10381
高麗版大藏經,十誦律,十誦律,十誦律,弗若多羅、鳩摩羅什,後秦,gaoli_index,十誦律/卷第 12,12,raw\十誦律\十誦律__juan_0012.txt,clean\十誦律\十誦律__juan_0012.txt,12075,12075
高麗版大藏經,十誦律,十誦律,十誦律,弗若多羅、鳩摩羅什,後秦,gaoli_index,十誦律/卷第 13,13,raw\十誦律\十誦律__juan_0013.txt,clean\十誦律\十誦律__juan_0013.txt,12087,12087
高麗版大藏經,十誦律,十誦律,十誦律,弗若多羅、鳩摩羅什,後秦,gaoli_index,十誦律/卷第 14,14,raw\十誦律\十誦律__juan_0014.txt,clean\十誦律\十誦律__juan_0014.txt,11449,11449
高麗版大藏經,十誦律,十誦律,十誦律,弗若多羅、鳩摩羅什,後秦,gaoli_index,十誦律/卷第 15,15,raw\十誦律\十誦律__juan_0015.txt,clean\十誦律\十誦律__juan_0015.txt,10073,10073
高麗版大藏經,十誦律,十誦律,十誦律,弗若多羅、鳩摩羅什,後秦,gaoli_index,十誦律/卷第 16,16,raw\十誦律\十誦律__juan_0016.txt,clean\十誦律\十誦律__juan_0016.txt,14471,14471
高麗版大藏經,十誦律,十誦律,十誦律,弗若多羅、鳩摩羅什,後秦,gaoli_index,十誦律/卷第 17,17,raw\十誦律\十誦律__juan_0017.txt,clean\十誦律\十誦律__juan_0017.txt,11713,11713
高麗版大藏經,十誦律,十誦律,十誦律,弗若多羅、鳩摩羅什,後秦,gaoli_index,十誦律/卷第 18,18,raw\十誦律\十誦律__juan_0018.txt,clean\十誦律\十誦律__juan_0018.txt,10918,10918
高麗版大藏經,十誦律,十誦律,十誦律,弗若多羅、鳩摩羅什,後秦,gaoli_index,十誦律/卷第 19,19,raw\十誦律\十誦律__juan_0019.txt,clean\十誦律\十誦律__juan_0019.txt,13816,13816
高麗版大藏經,十誦律,十誦律,十誦律,弗若多羅、鳩摩羅什,後秦,gaoli_index,十誦律/卷第 20,20,raw\十誦律\十誦律__juan_0020.txt,clean\十誦律\十誦律__juan_0020.txt,14256,14256
高麗版大藏經,十誦律,十誦律,十誦律,弗若多羅、鳩摩羅什,後秦,gaoli_index,十誦律/卷第 21,21,raw\十誦律\十誦律__juan_0021.txt,clean\十誦律\十誦律__juan_0021.txt,18087,18087
高麗版大藏經,十誦律,十誦律,十誦律,弗若多羅、鳩摩羅什,後秦,gaoli_index,十誦律/卷第 22,22,raw\十誦律\十誦律__juan_0022.txt,clean\十誦律\十誦律__juan_0022.txt,11937,11937
高麗版大藏經,十誦律,十誦律,十誦律,弗若多羅、鳩摩羅什,後秦,gaoli_index,十誦律/卷第 23,23,raw\十誦律\十誦律__juan_0023.txt,clean\十誦律\十誦律__juan_0023.txt,14616,14616
高麗版大藏經,十誦律,十誦律,十誦律,弗若多羅、鳩摩羅什,後秦,gaoli_index,十誦律/卷第 24,24,raw\十誦律\十誦律__juan_0024.txt,clean\十誦律\十誦律__juan_0024.txt,8671,8671
高麗版大藏經,十誦律,十誦律,十誦律,弗若多羅、鳩摩羅什,後秦,gaoli_index,十誦律/卷第 25,25,raw\十誦律\十誦律__juan_0025.txt,clean\十誦律\十誦律__juan_0025.txt,11425,11425
高麗版大藏經,十誦律,十誦律,十誦律,弗若多羅、鳩摩羅什,後秦,gaoli_index,十誦律/卷第 26,26,raw\十誦律\十誦律__juan_0026.txt,clean\十誦律\十誦律__juan_0026.txt,17556,17556
高麗版大藏經,十誦律,十誦律,十誦律,弗若多羅、鳩摩羅什,後秦,gaoli_index,十誦律/卷第 27,27,raw\十誦律\十誦律__juan_0027.txt,clean\十誦律\十誦律__juan_0027.txt,10606,10606
高麗版大藏經,十誦律,十誦律,十誦律,弗若多羅、鳩摩羅什,後秦,gaoli_index,十誦律/卷第 28,28,raw\十誦律\十誦律__juan_0028.txt,clean\十誦律\十誦律__juan_0028.txt,10858,10858
高麗版大藏經,十誦律,十誦律,十誦律,弗若多羅、鳩摩羅什,後秦,gaoli_index,十誦律/卷第 29,29,raw\十誦律\十誦律__juan_0029.txt,clean\十誦律\十誦律__juan_0029.txt,12842,12842
高麗版大藏經,十誦律,十誦律,十誦律,弗若多羅、鳩摩羅什,後秦,gaoli_index,十誦律/卷第 30,30,raw\十誦律\十誦律__juan_0030.txt,clean\十誦律\十誦律__juan_0030.txt,12421,12421
高麗版大藏經,十誦律,十誦律,十誦律,弗若多羅、鳩摩羅什,後秦,gaoli_index,十誦律/卷第 31,31,raw\十誦律\十誦律__juan_0031.txt,clean\十誦律\十誦律__juan_0031.txt,12767,12767
高麗版大藏經,十誦律,十誦律,十誦律,弗若多羅、鳩摩羅什,後秦,gaoli_index,十誦律/卷第 32,32,raw\十誦律\十誦律__juan_0032.txt,clean\十誦律\十誦律__juan_0032.txt,13837,13837
高麗版大藏經,十誦律,十誦律,十誦律,弗若多羅、鳩摩羅什,後秦,gaoli_index,十誦律/卷第 33,33,raw\十誦律\十誦律__juan_0033.txt,clean\十誦律\十誦律__juan_0033.txt,9265,9265
高麗版大藏經,十誦律,十誦律,十誦律,弗若多羅、鳩摩羅什,後秦,gaoli_index,十誦律/卷第 34,34,raw\十誦律\十誦律__juan_0034.txt,clean\十誦律\十誦律__juan_0034.txt,16271,16271
高麗版大藏經,十誦律,十誦律,十誦律,弗若多羅、鳩摩羅什,後秦,gaoli_index,十誦律/卷第 35,35,raw\十誦律\十誦律__juan_0035.txt,clean\十誦律\十誦律__juan_0035.txt,9361,9361
高麗版大藏經,十誦律,十誦律,十誦律,弗若多羅、鳩摩羅什,後秦,gaoli_index,十誦律/卷第 36,36,raw\十誦律\十誦律__juan_0036.txt,clean\十誦律\十誦律__juan_0036.txt,12974,12974
高麗版大藏經,十誦律,十誦律,十誦律,弗若多羅、鳩摩羅什,後秦,gaoli_index,十誦律/卷第 37,37,raw\十誦律\十誦律__juan_0037.txt,clean\十誦律\十誦律__juan_0037.txt,13069,13069
高麗版大藏經,十誦律,十誦律,十誦律,弗若多羅、鳩摩羅什,後秦,gaoli_index,十誦律/卷第 38,38,raw\十誦律\十誦律__juan_0038.txt,clean\十誦律\十誦律__juan_0038.txt,13929,13929
高麗版大藏經,十誦律,十誦律,十誦律,弗若多羅、鳩摩羅什,後秦,gaoli_index,十誦律/卷第 39,39,raw\十誦律\十誦律__juan_0039.txt,clean\十誦律\十誦律__juan_0039.txt,14718,14718
高麗版大藏經,十誦律,十誦律,十誦律,弗若多羅、鳩摩羅什,後秦,gaoli_index,十誦律/卷第 40,40,raw\十誦律\十誦律__juan_0040.txt,clean\十誦律\十誦律__juan_0040.txt,13445,13445
高麗版大藏經,十誦律,十誦律,十誦律,弗若多羅、鳩摩羅什,後秦,gaoli_index,十誦律/卷第 41,41,raw\十誦律\十誦律__juan_0041.txt,clean\十誦律\十誦律__juan_0041.txt,13128,13128
高麗版大藏經,十誦律,十誦律,十誦律,弗若多羅、鳩摩羅什,後秦,gaoli_index,十誦律/卷第 42,42,raw\十誦律\十誦律__juan_0042.txt,clean\十誦律\十誦律__juan_0042.txt,12728,12728
高麗版大藏經,十誦律,十誦律,十誦律,弗若多羅、鳩摩羅什,後秦,gaoli_index,十誦律/卷第 43,43,raw\十誦律\十誦律__juan_0043.txt,clean\十誦律\十誦律__juan_0043.txt,12147,12147
高麗版大藏經,十誦律,十誦律,十誦律,弗若多羅、鳩摩羅什,後秦,gaoli_index,十誦律/卷第 44,44,raw\十誦律\十誦律__juan_0044.txt,clean\十誦律\十誦律__juan_0044.txt,12244,12244
高麗版大藏經,十誦律,十誦律,十誦律,弗若多羅、鳩摩羅什,後秦,gaoli_index,十誦律/卷第 45,45,raw\十誦律\十誦律__juan_0045.txt,clean\十誦律\十誦律__juan_0045.txt,12340,12340
高麗版大藏經,十誦律,十誦律,十誦律,弗若多羅、鳩摩羅什,後秦,gaoli_index,十誦律/卷第 46,46,raw\十誦律\十誦律__juan_0046.txt,clean\十誦律\十誦律__juan_0046.txt,18409,18409
高麗版大藏經,十誦律,十誦律,十誦律,弗若多羅、鳩摩羅什,後秦,gaoli_index,十誦律/卷第 47,47,raw\十誦律\十誦律__juan_0047.txt,clean\十誦律\十誦律__juan_0047.txt,10740,10740
高麗版大藏經,十誦律,十誦律,十誦律,弗若多羅、鳩摩羅什,後秦,gaoli_index,十誦律/卷第 48,48,raw\十誦律\十誦律__juan_0048.txt,clean\十誦律\十誦律__juan_0048.txt,18330,18330
高麗版大藏經,十誦律,十誦律,十誦律,弗若多羅、鳩摩羅什,後秦,gaoli_index,十誦律/卷第 49,49,raw\十誦律\十誦律__juan_0049.txt,clean\十誦律\十誦律__juan_0049.txt,11917,11917
高麗版大藏經,十誦律,十誦律,十誦律,弗若多羅、鳩摩羅什,後秦,gaoli_index,十誦律/卷第 50,50,raw\十誦律\十誦律__juan_0050.txt,clean\十誦律\十誦律__juan_0050.txt,15644,15644
高麗版大藏經,十誦律,十誦律,十誦律,弗若多羅、鳩摩羅什,後秦,gaoli_index,十誦律/卷第 51,51,raw\十誦律\十誦律__juan_0051.txt,clean\十誦律\十誦律__juan_0051.txt,14698,14698
高麗版大藏經,十誦律,十誦律,十誦律,弗若多羅、鳩摩羅什,後秦,gaoli_index,十誦律/卷第 52,52,raw\十誦律\十誦律__juan_0052.txt,clean\十誦律\十誦律__juan_0052.txt,14684,14684
高麗版大藏經,十誦律,十誦律,十誦律,弗若多羅、鳩摩羅什,後秦,gaoli_index,十誦律/卷第 53,53,raw\十誦律\十誦律__juan_0053.txt,clean\十誦律\十誦律__juan_0053.txt,19325,19325
高麗版大藏經,十誦律,十誦律,十誦律,弗若多羅、鳩摩羅什,後秦,gaoli_index,十誦律/卷第 54,54,raw\十誦律\十誦律__juan_0054.txt,clean\十誦律\十誦律__juan_0054.txt,12642,12642
高麗版大藏經,十誦律,十誦律,十誦律,弗若多羅、鳩摩羅什,後秦,gaoli_index,十誦律/卷第 55,55,raw\十誦律\十誦律__juan_0055.txt,clean\十誦律\十誦律__juan_0055.txt,12083,12083
高麗版大藏經,十誦律,十誦律,十誦律,弗若多羅、鳩摩羅什,後秦,gaoli_index,十誦律/卷第 56,56,raw\十誦律\十誦律__juan_0056.txt,clean\十誦律\十誦律__juan_0056.txt,15576,15576
高麗版大藏經,十誦律,十誦律,十誦律,弗若多羅、鳩摩羅什,後秦,gaoli_index,十誦律/卷第 57,57,raw\十誦律\十誦律__juan_0057.txt,clean\十誦律\十誦律__juan_0057.txt,15195,15195
高麗版大藏經,十誦律,十誦律,十誦律,弗若多羅、鳩摩羅什,後秦,gaoli_index,十誦律/卷第 58,58,raw\十誦律\十誦律__juan_0058.txt,clean\十誦律\十誦律__juan_0058.txt,19864,19864
高麗版大藏經,十誦律,十誦律,十誦律,弗若多羅、鳩摩羅什,後秦,gaoli_index,十誦律/卷第 59,59,raw\十誦律\十誦律__juan_0059.txt,clean\十誦律\十誦律__juan_0059.txt,12939,12939
高麗版大藏經,十誦律,十誦律,十誦律,弗若多羅、鳩摩羅什,後秦,gaoli_index,十誦律/卷第 60,60,raw\十誦律\十誦律__juan_0060.txt,clean\十誦律\十誦律__juan_0060.txt,13698,13698
高麗版大藏經,十誦律,十誦律,十誦律,弗若多羅、鳩摩羅什,後秦,gaoli_index,十誦律/卷第 61,61,raw\十誦律\十誦律__juan_0061.txt,clean\十誦律\十誦律__juan_0061.txt,30916,30916
高麗版大藏經,根本說一切有部尼陀那目得迦,根本說一切有部尼陀那目得迦,根本說一切有部尼陀那目得迦,義淨,唐,gaoli_index,根本說一切有部尼陀那目得迦/卷第 01,1,raw\根本說一切有部尼陀那目得迦\根本說一切有部尼陀那目得迦__juan_0001.txt,clean\根本說一切有部尼陀那目得迦\根本說一切有部尼陀那目得迦__juan_0001.txt,7650,7650
高麗版大藏經,根本說一切有部尼陀那目得迦,根本說一切有部尼陀那目得迦,根本說一切有部尼陀那目得迦,義淨,唐,gaoli_index,根本說一切有部尼陀那目得迦/卷第 02,2,raw\根本說一切有部尼陀那目得迦\根本說一切有部尼陀那目得迦__juan_0002.txt,clean\根本說一切有部尼陀那目得迦\根本說一切有部尼陀那目得迦__juan_0002.txt,6963,6963
高麗版大藏經,根本說一切有部尼陀那目得迦,根本說一切有部尼陀那目得迦,根本說一切有部尼陀那目得迦,義淨,唐,gaoli_index,根本說一切有部尼陀那目得迦/卷第 03,3,raw\根本說一切有部尼陀那目得迦\根本說一切有部尼陀那目得迦__juan_0003.txt,clean\根本說一切有部尼陀那目得迦\根本說一切有部尼陀那目得迦__juan_0003.txt,7560,7560
高麗版大藏經,根本說一切有部尼陀那目得迦,根本說一切有部尼陀那目得迦,根本說一切有部尼陀那目得迦,義淨,唐,gaoli_index,根本說一切有部尼陀那目得迦/卷第 04,4,raw\根本說一切有部尼陀那目得迦\根本說一切有部尼陀那目得迦__juan_0004.txt,clean\根本說一切有部尼陀那目得迦\根本說一切有部尼陀那目得迦__juan_0004.txt,7110,7110
高麗版大藏經,根本說一切有部尼陀那目得迦,根本說一切有部尼陀那目得迦,根本說一切有部尼陀那目得迦,義淨,唐,gaoli_index,根本說一切有部尼陀那目得迦/卷第 05,5,raw\根本說一切有部尼陀那目得迦\根本說一切有部尼陀那目得迦__juan_0005.txt,clean\根本說一切有部尼陀那目得迦\根本說一切有部尼陀那目得迦__juan_0005.txt,6373,6373
高麗版大藏經,根本說一切有部尼陀那目得迦,根本說一切有部尼陀那目得迦,根本說一切有部尼陀那目得迦,義淨,唐,gaoli_index,根本說一切有部尼陀那目得迦/卷第 06,6,raw\根本說一切有部尼陀那目得迦\根本說一切有部尼陀那目得迦__juan_0006.txt,clean\根本說一切有部尼陀那目得迦\根本說一切有部尼陀那目得迦__juan_0006.txt,7185,7185
高麗版大藏經,根本說一切有部尼陀那目得迦,根本說一切有部尼陀那目得迦,根本說一切有部尼陀那目得迦,義淨,唐,gaoli_index,根本說一切有部尼陀那目得迦/卷第 07,7,raw\根本說一切有部尼陀那目得迦\根本說一切有部尼陀那目得迦__juan_0007.txt,clean\根本說一切有部尼陀那目得迦\根本說一切有部尼陀那目得迦__juan_0007.txt,8082,8082
高麗版大藏經,根本說一切有部尼陀那目得迦,根本說一切有部尼陀那目得迦,根本說一切有部尼陀那目得迦,義淨,唐,gaoli_index,根本說一切有部尼陀那目得迦/卷第 08,8,raw\根本說一切有部尼陀那目得迦\根本說一切有部尼陀那目得迦__juan_0008.txt,clean\根本說一切有部尼陀那目得迦\根本說一切有部尼陀那目得迦__juan_0008.txt,7100,7100
高麗版大藏經,根本說一切有部尼陀那目得迦,根本說一切有部尼陀那目得迦,根本說一切有部尼陀那目得迦,義淨,唐,gaoli_index,根本說一切有部尼陀那目得迦/卷第 09,9,raw\根本說一切有部尼陀那目得迦\根本說一切有部尼陀那目得迦__juan_0009.txt,clean\根本說一切有部尼陀那目得迦\根本說一切有部尼陀那目得迦__juan_0009.txt,6849,6849
高麗版大藏經,根本說一切有部尼陀那目得迦,根本說一切有部尼陀那目得迦,根本說一切有部尼陀那目得迦,義淨,唐,gaoli_index,根本說一切有部尼陀那目得迦/卷第 10,10,raw\根本說一切有部尼陀那目得迦\根本說一切有部尼陀那目得迦__juan_0010.txt,clean\根本說一切有部尼陀那目得迦\根本說一切有部尼陀那目得迦__juan_0010.txt,5601,5601
高麗版大藏經,彌沙塞部和醯五分律,彌沙塞部和醯五分律,彌沙塞部和醯五分律,佛陀什、竺道生等,劉宋,gaoli_index,彌沙塞部和醯五分律/卷第 01,1,raw\彌沙塞部和醯五分律\彌沙塞部和醯五分律__juan_0001.txt,clean\彌沙塞部和醯五分律\彌沙塞部和醯五分律__juan_0001.txt,11078,11078
高麗版大藏經,彌沙塞部和醯五分律,彌沙塞部和醯五分律,彌沙塞部和醯五分律,佛陀什、竺道生等,劉宋,gaoli_index,彌沙塞部和醯五分律/卷第 02,2,raw\彌沙塞部和醯五分律\彌沙塞部和醯五分律__juan_0002.txt,clean\彌沙塞部和醯五分律\彌沙塞部和醯五分律__juan_0002.txt,13733,13733
高麗版大藏經,彌沙塞部和醯五分律,彌沙塞部和醯五分律,彌沙塞部和醯五分律,佛陀什、竺道生等,劉宋,gaoli_index,彌沙塞部和醯五分律/卷第 03,3,raw\彌沙塞部和醯五分律\彌沙塞部和醯五分律__juan_0003.txt,clean\彌沙塞部和醯五分律\彌沙塞部和醯五分律__juan_0003.txt,14962,14962
高麗版大藏經,彌沙塞部和醯五分律,彌沙塞部和醯五分律,彌沙塞部和醯五分律,佛陀什、竺道生等,劉宋,gaoli_index,彌沙塞部和醯五分律/卷第 04,4,raw\彌沙塞部和醯五分律\彌沙塞部和醯五分律__juan_0004.txt,clean\彌沙塞部和醯五分律\彌沙塞部和醯五分律__juan_0004.txt,14270,14270
高麗版大藏經,彌沙塞部和醯五分律,彌沙塞部和醯五分律,彌沙塞部和醯五分律,佛陀什、竺道生等,劉宋,gaoli_index,彌沙塞部和醯五分律/卷第 05,5,raw\彌沙塞部和醯五分律\彌沙塞部和醯五分律__juan_0005.txt,clean\彌沙塞部和醯五分律\彌沙塞部和醯五分律__juan_0005.txt,13167,13167
高麗版大藏經,彌沙塞部和醯五分律,彌沙塞部和醯五分律,彌沙塞部和醯五分律,佛陀什、竺道生等,劉宋,gaoli_index,彌沙塞部和醯五分律/卷第 06,6,raw\彌沙塞部和醯五分律\彌沙塞部和醯五分律__juan_0006.txt,clean\彌沙塞部和醯五分律\彌沙塞部和醯五分律__juan_0006.txt,15724,15724
高麗版大藏經,彌沙塞部和醯五分律,彌沙塞部和醯五分律,彌沙塞部和醯五分律,佛陀什、竺道生等,劉宋,gaoli_index,彌沙塞部和醯五分律/卷第 07,7,raw\彌沙塞部和醯五分律\彌沙塞部和醯五分律__juan_0007.txt,clean\彌沙塞部和醯五分律\彌沙塞部和醯五分律__juan_0007.txt,15207,15207
高麗版大藏經,彌沙塞部和醯五分律,彌沙塞部和醯五分律,彌沙塞部和醯五分律,佛陀什、竺道生等,劉宋,gaoli_index,彌沙塞部和醯五分律/卷第 08,8,raw\彌沙塞部和醯五分律\彌沙塞部和醯五分律__juan_0008.txt,clean\彌沙塞部和醯五分律\彌沙塞部和醯五分律__juan_0008.txt,16729,16729
高麗版大藏經,彌沙塞部和醯五分律,彌沙塞部和醯五分律,彌沙塞部和醯五分律,佛陀什、竺道生等,劉宋,gaoli_index,彌沙塞部和醯五分律/卷第 09,9,raw\彌沙塞部和醯五分律\彌沙塞部和醯五分律__juan_0009.txt,clean\彌沙塞部和醯五分律\彌沙塞部和醯五分律__juan_0009.txt,16711,16711
高麗版大藏經,彌沙塞部和醯五分律,彌沙塞部和醯五分律,彌沙塞部和醯五分律,佛陀什、竺道生等,劉宋,gaoli_index,彌沙塞部和醯五分律/卷第 10,10,raw\彌沙塞部和醯五分律\彌沙塞部和醯五分律__juan_0010.txt,clean\彌沙塞部和醯五分律\彌沙塞部和醯五分律__juan_0010.txt,10905,10905
高麗版大藏經,彌沙塞部和醯五分律,彌沙塞部和醯五分律,彌沙塞部和醯五分律,佛陀什、竺道生等,劉宋,gaoli_index,彌沙塞部和醯五分律/卷第 11,11,raw\彌沙塞部和醯五分律\彌沙塞部和醯五分律__juan_0011.txt,clean\彌沙塞部和醯五分律\彌沙塞部和醯五分律__juan_0011.txt,10163,10163
高麗版大藏經,彌沙塞部和醯五分律,彌沙塞部和醯五分律,彌沙塞部和醯五分律,佛陀什、竺道生等,劉宋,gaoli_index,彌沙塞部和醯五分律/卷第 12,12,raw\彌沙塞部和醯五分律\彌沙塞部和醯五分律__juan_0012.txt,clean\彌沙塞部和醯五分律\彌沙塞部和醯五分律__juan_0012.txt,11325,11325
高麗版大藏經,彌沙塞部和醯五分律,彌沙塞部和醯五分律,彌沙塞部和醯五分律,佛陀什、竺道生等,劉宋,gaoli_index,彌沙塞部和醯五分律/卷第 13,13,raw\彌沙塞部和醯五分律\彌沙塞部和醯五分律__juan_0013.txt,clean\彌沙塞部和醯五分律\彌沙塞部和醯五分律__juan_0013.txt,10171,10171
高麗版大藏經,彌沙塞部和醯五分律,彌沙塞部和醯五分律,彌沙塞部和醯五分律,佛陀什、竺道生等,劉宋,gaoli_index,彌沙塞部和醯五分律/卷第 14,14,raw\彌沙塞部和醯五分律\彌沙塞部和醯五分律__juan_0014.txt,clean\彌沙塞部和醯五分律\彌沙塞部和醯五分律__juan_0014.txt,11903,11903
高麗版大藏經,彌沙塞部和醯五分律,彌沙塞部和醯五分律,彌沙塞部和醯五分律,佛陀什、竺道生等,劉宋,gaoli_index,彌沙塞部和醯五分律/卷第 15,15,raw\彌沙塞部和醯五分律\彌沙塞部和醯五分律__juan_0015.txt,clean\彌沙塞部和醯五分律\彌沙塞部和醯五分律__juan_0015.txt,11230,11230
高麗版大藏經,彌沙塞部和醯五分律,彌沙塞部和醯五分律,彌沙塞部和醯五分律,佛陀什、竺道生等,劉宋,gaoli_index,彌沙塞部和醯五分律/卷第 16,16,raw\彌沙塞部和醯五分律\彌沙塞部和醯五分律__juan_0016.txt,clean\彌沙塞部和醯五分律\彌沙塞部和醯五分律__juan_0016.txt,11353,11353
高麗版大藏經,彌沙塞部和醯五分律,彌沙塞部和醯五分律,彌沙塞部和醯五分律,佛陀什、竺道生等,劉宋,gaoli_index,彌沙塞部和醯五分律/卷第 17,17,raw\彌沙塞部和醯五分律\彌沙塞部和醯五分律__juan_0017.txt,clean\彌沙塞部和醯五分律\彌沙塞部和醯五分律__juan_0017.txt,12625,12625
高麗版大藏經,彌沙塞部和醯五分律,彌沙塞部和醯五分律,彌沙塞部和醯五分律,佛陀什、竺道生等,劉宋,gaoli_index,彌沙塞部和醯五分律/卷第 18,18,raw\彌沙塞部和醯五分律\彌沙塞部和醯五分律__juan_0018.txt,clean\彌沙塞部和醯五分律\彌沙塞部和醯五分律__juan_0018.txt,14230,14230
高麗版大藏經,彌沙塞部和醯五分律,彌沙塞部和醯五分律,彌沙塞部和醯五分律,佛陀什、竺道生等,劉宋,gaoli_index,彌沙塞部和醯五分律/卷第 19,19,raw\彌沙塞部和醯五分律\彌沙塞部和醯五分律__juan_0019.txt,clean\彌沙塞部和醯五分律\彌沙塞部和醯五分律__juan_0019.txt,8906,8906
高麗版大藏經,彌沙塞部和醯五分律,彌沙塞部和醯五分律,彌沙塞部和醯五分律,佛陀什、竺道生等,劉宋,gaoli_index,彌沙塞部和醯五分律/卷第 20,20,raw\彌沙塞部和醯五分律\彌沙塞部和醯五分律__juan_0020.txt,clean\彌沙塞部和醯五分律\彌沙塞部和醯五分律__juan_0020.txt,12585,12585
高麗版大藏經,彌沙塞部和醯五分律,彌沙塞部和醯五分律,彌沙塞部和醯五分律,佛陀什、竺道生等,劉宋,gaoli_index,彌沙塞部和醯五分律/卷第 21,21,raw\彌沙塞部和醯五分律\彌沙塞部和醯五分律__juan_0021.txt,clean\彌沙塞部和醯五分律\彌沙塞部和醯五分律__juan_0021.txt,11740,11740
高麗版大藏經,彌沙塞部和醯五分律,彌沙塞部和醯五分律,彌沙塞部和醯五分律,佛陀什、竺道生等,劉宋,gaoli_index,彌沙塞部和醯五分律/卷第 22,22,raw\彌沙塞部和醯五分律\彌沙塞部和醯五分律__juan_0022.txt,clean\彌沙塞部和醯五分律\彌沙塞部和醯五分律__juan_0022.txt,12251,12251
高麗版大藏經,彌沙塞部和醯五分律,彌沙塞部和醯五分律,彌沙塞部和醯五分律,佛陀什、竺道生等,劉宋,gaoli_index,彌沙塞部和醯五分律/卷第 23,23,raw\彌沙塞部和醯五分律\彌沙塞部和醯五分律__juan_0023.txt,clean\彌沙塞部和醯五分律\彌沙塞部和醯五分律__juan_0023.txt,8691,8691
高麗版大藏經,彌沙塞部和醯五分律,彌沙塞部和醯五分律,彌沙塞部和醯五分律,佛陀什、竺道生等,劉宋,gaoli_index,彌沙塞部和醯五分律/卷第 24,24,raw\彌沙塞部和醯五分律\彌沙塞部和醯五分律__juan_0024.txt,clean\彌沙塞部和醯五分律\彌沙塞部和醯五分律__juan_0024.txt,9893,9893
高麗版大藏經,彌沙塞部和醯五分律,彌沙塞部和醯五分律,彌沙塞部和醯五分律,佛陀什、竺道生等,劉宋,gaoli_index,彌沙塞部和醯五分律/卷第 25,25,raw\彌沙塞部和醯五分律\彌沙塞部和醯五分律__juan_0025.txt,clean\彌沙塞部和醯五分律\彌沙塞部和醯五分律__juan_0025.txt,9319,9319
高麗版大藏經,彌沙塞部和醯五分律,彌沙塞部和醯五分律,彌沙塞部和醯五分律,佛陀什、竺道生等,劉宋,gaoli_index,彌沙塞部和醯五分律/卷第 26,26,raw\彌沙塞部和醯五分律\彌沙塞部和醯五分律__juan_0026.txt,clean\彌沙塞部和醯五分律\彌沙塞部和醯五分律__juan_0026.txt,14294,14294
高麗版大藏經,彌沙塞部和醯五分律,彌沙塞部和醯五分律,彌沙塞部和醯五分律,佛陀什、竺道生等,劉宋,gaoli_index,彌沙塞部和醯五分律/卷第 27,27,raw\彌沙塞部和醯五分律\彌沙塞部和醯五分律__juan_0027.txt,clean\彌沙塞部和醯五分律\彌沙塞部和醯五分律__juan_0027.txt,7186,7186
高麗版大藏經,彌沙塞部和醯五分律,彌沙塞部和醯五分律,彌沙塞部和醯五分律,佛陀什、竺道生等,劉宋,gaoli_index,彌沙塞部和醯五分律/卷第 28,28,raw\彌沙塞部和醯五分律\彌沙塞部和醯五分律__juan_0028.txt,clean\彌沙塞部和醯五分律\彌沙塞部和醯五分律__juan_0028.txt,8503,8503
高麗版大藏經,彌沙塞部和醯五分律,彌沙塞部和醯五分律,彌沙塞部和醯五分律,佛陀什、竺道生等,劉宋,gaoli_index,彌沙塞部和醯五分律/卷第 29,29,raw\彌沙塞部和醯五分律\彌沙塞部和醯五分律__juan_0029.txt,clean\彌沙塞部和醯五分律\彌沙塞部和醯五分律__juan_0029.txt,9444,9444
高麗版大藏經,彌沙塞部和醯五分律,彌沙塞部和醯五分律,彌沙塞部和醯五分律,佛陀什、竺道生等,劉宋,gaoli_index,彌沙塞部和醯五分律/卷第 30,30,raw\彌沙塞部和醯五分律\彌沙塞部和醯五分律__juan_0030.txt,clean\彌沙塞部和醯五分律\彌沙塞部和醯五分律__juan_0030.txt,7874,7874
高麗版大藏經,四分律,四分律,四分律,佛陀耶舍、竺佛念等,姚秦,gaoli_index,四分律/01,1,raw\四分律\四分律__juan_0001.txt,clean\四分律\四分律__juan_0001.txt,14417,14417
高麗版大藏經,四分律,四分律,四分律,佛陀耶舍、竺佛念等,姚秦,gaoli_index,四分律/02,2,raw\四分律\四分律__juan_0002.txt,clean\四分律\四分律__juan_0002.txt,9725,9725
高麗版大藏經,四分律,四分律,四分律,佛陀耶舍、竺佛念等,姚秦,gaoli_index,四分律/03,3,raw\四分律\四分律__juan_0003.txt,clean\四分律\四分律__juan_0003.txt,11513,11513
高麗版大藏經,四分律,四分律,四分律,佛陀耶舍、竺佛念等,姚秦,gaoli_index,四分律/04,4,raw\四分律\四分律__juan_0004.txt,clean\四分律\四分律__juan_0004.txt,11239,11239
高麗版大藏經,四分律,四分律,四分律,佛陀耶舍、竺佛念等,姚秦,gaoli_index,四分律/05,5,raw\四分律\四分律__juan_0005.txt,clean\四分律\四分律__juan_0005.txt,11668,11668
高麗版大藏經,四分律,四分律,四分律,佛陀耶舍、竺佛念等,姚秦,gaoli_index,四分律/06,6,raw\四分律\四分律__juan_0006.txt,clean\四分律\四分律__juan_0006.txt,11266,11266
高麗版大藏經,四分律,四分律,四分律,佛陀耶舍、竺佛念等,姚秦,gaoli_index,四分律/07,7,raw\四分律\四分律__juan_0007.txt,clean\四分律\四分律__juan_0007.txt,11685,11685
高麗版大藏經,四分律,四分律,四分律,佛陀耶舍、竺佛念等,姚秦,gaoli_index,四分律/08,8,raw\四分律\四分律__juan_0008.txt,clean\四分律\四分律__juan_0008.txt,11281,11281
高麗版大藏經,四分律,四分律,四分律,佛陀耶舍、竺佛念等,姚秦,gaoli_index,四分律/09,9,raw\四分律\四分律__juan_0009.txt,clean\四分律\四分律__juan_0009.txt,9061,9061
高麗版大藏經,四分律,四分律,四分律,佛陀耶舍、竺佛念等,姚秦,gaoli_index,四分律/10,10,raw\四分律\四分律__juan_0010.txt,clean\四分律\四分律__juan_0010.txt,12351,12351
高麗版大藏經,四分律,四分律,四分律,佛陀耶舍、竺佛念等,姚秦,gaoli_index,四分律/11,11,raw\四分律\四分律__juan_0011.txt,clean\四分律\四分律__juan_0011.txt,13148,13148
高麗版大藏經,四分律,四分律,四分律,佛陀耶舍、竺佛念等,姚秦,gaoli_index,四分律/12,12,raw\四分律\四分律__juan_0012.txt,clean\四分律\四分律__juan_0012.txt,13730,13730
高麗版大藏經,四分律,四分律,四分律,佛陀耶舍、竺佛念等,姚秦,gaoli_index,四分律/13,13,raw\四分律\四分律__juan_0013.txt,clean\四分律\四分律__juan_0013.txt,12989,12989
高麗版大藏經,四分律,四分律,四分律,佛陀耶舍、竺佛念等,姚秦,gaoli_index,四分律/14,14,raw\四分律\四分律__juan_0014.txt,clean\四分律\四分律__juan_0014.txt,10283,10283
高麗版大藏經,四分律,四分律,四分律,佛陀耶舍、竺佛念等,姚秦,gaoli_index,四分律/15,15,raw\四分律\四分律__juan_0015.txt,clean\四分律\四分律__juan_0015.txt,11689,11689
高麗版大藏經,四分律,四分律,四分律,佛陀耶舍、竺佛念等,姚秦,gaoli_index,四分律/16,16,raw\四分律\四分律__juan_0016.txt,clean\四分律\四分律__juan_0016.txt,11673,11673
高麗版大藏經,四分律,四分律,四分律,佛陀耶舍、竺佛念等,姚秦,gaoli_index,四分律/17,17,raw\四分律\四分律__juan_0017.txt,clean\四分律\四分律__juan_0017.txt,12656,12656
高麗版大藏經,四分律,四分律,四分律,佛陀耶舍、竺佛念等,姚秦,gaoli_index,四分律/18,18,raw\四分律\四分律__juan_0018.txt,clean\四分律\四分律__juan_0018.txt,12586,12586
高麗版大藏經,四分律,四分律,四分律,佛陀耶舍、竺佛念等,姚秦,gaoli_index,四分律/19,19,raw\四分律\四分律__juan_0019.txt,clean\四分律\四分律__juan_0019.txt,12096,12096
高麗版大藏經,四分律,四分律,四分律,佛陀耶舍、竺佛念等,姚秦,gaoli_index,四分律/20,20,raw\四分律\四分律__juan_0020.txt,clean\四分律\四分律__juan_0020.txt,12694,12694
高麗版大藏經,四分律,四分律,四分律,佛陀耶舍、竺佛念等,姚秦,gaoli_index,四分律/21,21,raw\四分律\四分律__juan_0021.txt,clean\四分律\四分律__juan_0021.txt,10944,10944
高麗版大藏經,四分律,四分律,四分律,佛陀耶舍、竺佛念等,姚秦,gaoli_index,四分律/22,22,raw\四分律\四分律__juan_0022.txt,clean\四分律\四分律__juan_0022.txt,12706,12706
高麗版大藏經,四分律,四分律,四分律,佛陀耶舍、竺佛念等,姚秦,gaoli_index,四分律/23,23,raw\四分律\四分律__juan_0023.txt,clean\四分律\四分律__juan_0023.txt,12286,12286
高麗版大藏經,四分律,四分律,四分律,佛陀耶舍、竺佛念等,姚秦,gaoli_index,四分律/24,24,raw\四分律\四分律__juan_0024.txt,clean\四分律\四分律__juan_0024.txt,12439,12439
高麗版大藏經,四分律,四分律,四分律,佛陀耶舍、竺佛念等,姚秦,gaoli_index,四分律/25,25,raw\四分律\四分律__juan_0025.txt,clean\四分律\四分律__juan_0025.txt,12618,12618
高麗版大藏經,四分律,四分律,四分律,佛陀耶舍、竺佛念等,姚秦,gaoli_index,四分律/26,26,raw\四分律\四分律__juan_0026.txt,clean\四分律\四分律__juan_0026.txt,12262,12262
高麗版大藏經,四分律,四分律,四分律,佛陀耶舍、竺佛念等,姚秦,gaoli_index,四分律/27,27,raw\四分律\四分律__juan_0027.txt,clean\四分律\四分律__juan_0027.txt,24315,24315
高麗版大藏經,四分律,四分律,四分律,佛陀耶舍、竺佛念等,姚秦,gaoli_index,四分律/28,28,raw\四分律\四分律__juan_0028.txt,clean\四分律\四分律__juan_0028.txt,12079,12079
高麗版大藏經,四分律,四分律,四分律,佛陀耶舍、竺佛念等,姚秦,gaoli_index,四分律/29,29,raw\四分律\四分律__juan_0029.txt,clean\四分律\四分律__juan_0029.txt,11156,11156
高麗版大藏經,四分律,四分律,四分律,佛陀耶舍、竺佛念等,姚秦,gaoli_index,四分律/30,30,raw\四分律\四分律__juan_0030.txt,clean\四分律\四分律__juan_0030.txt,12307,12307
高麗版大藏經,四分律,四分律,四分律,佛陀耶舍、竺佛念等,姚秦,gaoli_index,四分律/31,31,raw\四分律\四分律__juan_0031.txt,clean\四分律\四分律__juan_0031.txt,13104,13104
高麗版大藏經,四分律,四分律,四分律,佛陀耶舍、竺佛念等,姚秦,gaoli_index,四分律/32,32,raw\四分律\四分律__juan_0032.txt,clean\四分律\四分律__juan_0032.txt,13184,13184
高麗版大藏經,四分律,四分律,四分律,佛陀耶舍、竺佛念等,姚秦,gaoli_index,四分律/33,33,raw\四分律\四分律__juan_0033.txt,clean\四分律\四分律__juan_0033.txt,14069,14069
高麗版大藏經,四分律,四分律,四分律,佛陀耶舍、竺佛念等,姚秦,gaoli_index,四分律/34,34,raw\四分律\四分律__juan_0034.txt,clean\四分律\四分律__juan_0034.txt,15706,15706
高麗版大藏經,四分律,四分律,四分律,佛陀耶舍、竺佛念等,姚秦,gaoli_index,四分律/35,35,raw\四分律\四分律__juan_0035.txt,clean\四分律\四分律__juan_0035.txt,15457,15457
高麗版大藏經,四分律,四分律,四分律,佛陀耶舍、竺佛念等,姚秦,gaoli_index,四分律/36,36,raw\四分律\四分律__juan_0036.txt,clean\四分律\四分律__juan_0036.txt,15119,15119
高麗版大藏經,四分律,四分律,四分律,佛陀耶舍、竺佛念等,姚秦,gaoli_index,四分律/37,37,raw\四分律\四分律__juan_0037.txt,clean\四分律\四分律__juan_0037.txt,12733,12733
高麗版大藏經,四分律,四分律,四分律,佛陀耶舍、竺佛念等,姚秦,gaoli_index,四分律/38,38,raw\四分律\四分律__juan_0038.txt,clean\四分律\四分律__juan_0038.txt,12752,12752
高麗版大藏經,四分律,四分律,四分律,佛陀耶舍、竺佛念等,姚秦,gaoli_index,四分律/39,39,raw\四分律\四分律__juan_0039.txt,clean\四分律\四分律__juan_0039.txt,11797,11797
高麗版大藏經,四分律,四分律,四分律,佛陀耶舍、竺佛念等,姚秦,gaoli_index,四分律/40,40,raw\四分律\四分律__juan_0040.txt,clean\四分律\四分律__juan_0040.txt,12817,12817
高麗版大藏經,四分律,四分律,四分律,佛陀耶舍、竺佛念等,姚秦,gaoli_index,四分律/41,41,raw\四分律\四分律__juan_0041.txt,clean\四分律\四分律__juan_0041.txt,12699,12699
高麗版大藏經,四分律,四分律,四分律,佛陀耶舍、竺佛念等,姚秦,gaoli_index,四分律/42,42,raw\四分律\四分律__juan_0042.txt,clean\四分律\四分律__juan_0042.txt,13807,13807
高麗版大藏經,四分律,四分律,四分律,佛陀耶舍、竺佛念等,姚秦,gaoli_index,四分律/43,43,raw\四分律\四分律__juan_0043.txt,clean\四分律\四分律__juan_0043.txt,18036,18036
高麗版大藏經,四分律,四分律,四分律,佛陀耶舍、竺佛念等,姚秦,gaoli_index,四分律/44,44,raw\四分律\四分律__juan_0044.txt,clean\四分律\四分律__juan_0044.txt,14996,14996
高麗版大藏經,四分律,四分律,四分律,佛陀耶舍、竺佛念等,姚秦,gaoli_index,四分律/45,45,raw\四分律\四分律__juan_0045.txt,clean\四分律\四分律__juan_0045.txt,16328,16328
高麗版大藏經,四分律,四分律,四分律,佛陀耶舍、竺佛念等,姚秦,gaoli_index,四分律/46,46,raw\四分律\四分律__juan_0046.txt,clean\四分律\四分律__juan_0046.txt,16748,16748
高麗版大藏經,四分律,四分律,四分律,佛陀耶舍、竺佛念等,姚秦,gaoli_index,四分律/47,47,raw\四分律\四分律__juan_0047.txt,clean\四分律\四分律__juan_0047.txt,10712,10712
高麗版大藏經,四分律,四分律,四分律,佛陀耶舍、竺佛念等,姚秦,gaoli_index,四分律/48,48,raw\四分律\四分律__juan_0048.txt,clean\四分律\四分律__juan_0048.txt,13301,13301
高麗版大藏經,四分律,四分律,四分律,佛陀耶舍、竺佛念等,姚秦,gaoli_index,四分律/49,49,raw\四分律\四分律__juan_0049.txt,clean\四分律\四分律__juan_0049.txt,14770,14770
高麗版大藏經,四分律,四分律,四分律,佛陀耶舍、竺佛念等,姚秦,gaoli_index,四分律/50,50,raw\四分律\四分律__juan_0050.txt,clean\四分律\四分律__juan_0050.txt,12956,12956
高麗版大藏經,四分律,四分律,四分律,佛陀耶舍、竺佛念等,姚秦,gaoli_index,四分律/51,51,raw\四分律\四分律__juan_0051.txt,clean\四分律\四分律__juan_0051.txt,12350,12350
高麗版大藏經,四分律,四分律,四分律,佛陀耶舍、竺佛念等,姚秦,gaoli_index,四分律/52,52,raw\四分律\四分律__juan_0052.txt,clean\四分律\四分律__juan_0052.txt,12999,12999
高麗版大藏經,四分律,四分律,四分律,佛陀耶舍、竺佛念等,姚秦,gaoli_index,四分律/53,53,raw\四分律\四分律__juan_0053.txt,clean\四分律\四分律__juan_0053.txt,12279,12279
高麗版大藏經,四分律,四分律,四分律,佛陀耶舍、竺佛念等,姚秦,gaoli_index,四分律/54,54,raw\四分律\四分律__juan_0054.txt,clean\四分律\四分律__juan_0054.txt,9694,9694
高麗版大藏經,四分律,四分律,四分律,佛陀耶舍、竺佛念等,姚秦,gaoli_index,四分律/55,55,raw\四分律\四分律__juan_0055.txt,clean\四分律\四分律__juan_0055.txt,13175,13175
高麗版大藏經,四分律,四分律,四分律,佛陀耶舍、竺佛念等,姚秦,gaoli_index,四分律/56,56,raw\四分律\四分律__juan_0056.txt,clean\四分律\四分律__juan_0056.txt,14079,14079
高麗版大藏經,四分律,四分律,四分律,佛陀耶舍、竺佛念等,姚秦,gaoli_index,四分律/57,57,raw\四分律\四分律__juan_0057.txt,clean\四分律\四分律__juan_0057.txt,13394,13394
高麗版大藏經,四分律,四分律,四分律,佛陀耶舍、竺佛念等,姚秦,gaoli_index,四分律/58,58,raw\四分律\四分律__juan_0058.txt,clean\四分律\四分律__juan_0058.txt,13335,13335
高麗版大藏經,四分律,四分律,四分律,佛陀耶舍、竺佛念等,姚秦,gaoli_index,四分律/59,59,raw\四分律\四分律__juan_0059.txt,clean\四分律\四分律__juan_0059.txt,11253,11253
高麗版大藏經,四分律,四分律,四分律,佛陀耶舍、竺佛念等,姚秦,gaoli_index,四分律/60,60,raw\四分律\四分律__juan_0060.txt,clean\四分律\四分律__juan_0060.txt,10411,10411
高麗版大藏經,根本說一切有部百一羯磨,根本說一切有部百一羯磨,根本說一切有部百一羯磨,義淨,唐,gaoli_index,根本說一切有部百一羯磨/卷第 01,1,raw\根本說一切有部百一羯磨\根本說一切有部百一羯磨__juan_0001.txt,clean\根本說一切有部百一羯磨\根本說一切有部百一羯磨__juan_0001.txt,7689,7689
高麗版大藏經,根本說一切有部百一羯磨,根本說一切有部百一羯磨,根本說一切有部百一羯磨,義淨,唐,gaoli_index,根本說一切有部百一羯磨/卷第 02,2,raw\根本說一切有部百一羯磨\根本說一切有部百一羯磨__juan_0002.txt,clean\根本說一切有部百一羯磨\根本說一切有部百一羯磨__juan_0002.txt,10090,10090
高麗版大藏經,根本說一切有部百一羯磨,根本說一切有部百一羯磨,根本說一切有部百一羯磨,義淨,唐,gaoli_index,根本說一切有部百一羯磨/卷第 03,3,raw\根本說一切有部百一羯磨\根本說一切有部百一羯磨__juan_0003.txt,clean\根本說一切有部百一羯磨\根本說一切有部百一羯磨__juan_0003.txt,7559,7559
高麗版大藏經,根本說一切有部百一羯磨,根本說一切有部百一羯磨,根本說一切有部百一羯磨,義淨,唐,gaoli_index,根本說一切有部百一羯磨/卷第 04,4,raw\根本說一切有部百一羯磨\根本說一切有部百一羯磨__juan_0004.txt,clean\根本說一切有部百一羯磨\根本說一切有部百一羯磨__juan_0004.txt,7691,7691
高麗版大藏經,根本說一切有部百一羯磨,根本說一切有部百一羯磨,根本說一切有部百一羯磨,義淨,唐,gaoli_index,根本說一切有部百一羯磨/卷第 05,5,raw\根本說一切有部百一羯磨\根本說一切有部百一羯磨__juan_0005.txt,clean\根本說一切有部百一羯磨\根本說一切有部百一羯磨__juan_0005.txt,8213,8213
高麗版大藏經,根本說一切有部百一羯磨,根本說一切有部百一羯磨,根本說一切有部百一羯磨,義淨,唐,gaoli_index,根本說一切有部百一羯磨/卷第 06,6,raw\根本說一切有部百一羯磨\根本說一切有部百一羯磨__juan_0006.txt,clean\根本說一切有部百一羯磨\根本說一切有部百一羯磨__juan_0006.txt,6469,6469
高麗版大藏經,根本說一切有部百一羯磨,根本說一切有部百一羯磨,根本說一切有部百一羯磨,義淨,唐,gaoli_index,根本說一切有部百一羯磨/卷第 07,7,raw\根本說一切有部百一羯磨\根本說一切有部百一羯磨__juan_0007.txt,clean\根本說一切有部百一羯磨\根本說一切有部百一羯磨__juan_0007.txt,8361,8361
高麗版大藏經,根本說一切有部百一羯磨,根本說一切有部百一羯磨,根本說一切有部百一羯磨,義淨,唐,gaoli_index,根本說一切有部百一羯磨/卷第 08,8,raw\根本說一切有部百一羯磨\根本說一切有部百一羯磨__juan_0008.txt,clean\根本說一切有部百一羯磨\根本說一切有部百一羯磨__juan_0008.txt,7813,7813
高麗版大藏經,根本說一切有部百一羯磨,根本說一切有部百一羯磨,根本說一切有部百一羯磨,義淨,唐,gaoli_index,根本說一切有部百一羯磨/卷第 09,9,raw\根本說一切有部百一羯磨\根本說一切有部百一羯磨__juan_0009.txt,clean\根本說一切有部百一羯磨\根本說一切有部百一羯磨__juan_0009.txt,7896,7896
高麗版大藏經,根本說一切有部百一羯磨,根本說一切有部百一羯磨,根本說一切有部百一羯磨,義淨,唐,gaoli_index,根本說一切有部百一羯磨/卷第 10,10,raw\根本說一切有部百一羯磨\根本說一切有部百一羯磨__juan_0010.txt,clean\根本說一切有部百一羯磨\根本說一切有部百一羯磨__juan_0010.txt,6999,6999
高麗版大藏經,僧羯磨,僧羯磨,僧羯磨,懷素集,唐,gaoli_index,僧羯磨/卷001,1,raw\僧羯磨\僧羯磨__juan_0001.txt,clean\僧羯磨\僧羯磨__juan_0001.txt,22519,22519
高麗版大藏經,僧羯磨,僧羯磨,僧羯磨,懷素集,唐,gaoli_index,僧羯磨/卷002,2,raw\僧羯磨\僧羯磨__juan_0002.txt,clean\僧羯磨\僧羯磨__juan_0002.txt,19382,19382
高麗版大藏經,僧羯磨,僧羯磨,僧羯磨,懷素集,唐,gaoli_index,僧羯磨/卷003,3,raw\僧羯磨\僧羯磨__juan_0003.txt,clean\僧羯磨\僧羯磨__juan_0003.txt,17263,17263
高麗版大藏經,尼羯磨,尼羯磨,尼羯磨,懷素集,唐,gaoli_index,尼羯磨/卷001,1,raw\尼羯磨\尼羯磨__juan_0001.txt,clean\尼羯磨\尼羯磨__juan_0001.txt,19886,19886
高麗版大藏經,尼羯磨,尼羯磨,尼羯磨,懷素集,唐,gaoli_index,尼羯磨/卷002,2,raw\尼羯磨\尼羯磨__juan_0002.txt,clean\尼羯磨\尼羯磨__juan_0002.txt,18524,18524
高麗版大藏經,尼羯磨,尼羯磨,尼羯磨,懷素集,唐,gaoli_index,尼羯磨/卷003,3,raw\尼羯磨\尼羯磨__juan_0003.txt,clean\尼羯磨\尼羯磨__juan_0003.txt,15027,15027
高麗版大藏經,大愛道比丘尼經,大愛道比丘尼經,大愛道比丘尼經,北涼錄,失譯,gaoli_index,大愛道比丘尼經/卷第 01,1,raw\大愛道比丘尼經\大愛道比丘尼經__juan_0001.txt,clean\大愛道比丘尼經\大愛道比丘尼經__juan_0001.txt,7958,7958
高麗版大藏經,大愛道比丘尼經,大愛道比丘尼經,大愛道比丘尼經,北涼錄,失譯,gaoli_index,大愛道比丘尼經/卷第 02,2,raw\大愛道比丘尼經\大愛道比丘尼經__juan_0002.txt,clean\大愛道比丘尼經\大愛道比丘尼經__juan_0002.txt,8438,8438
高麗版大藏經,根本薩婆多部律攝,根本薩婆多部律攝,根本薩婆多部律攝,義淨,唐,gaoli_index,根本薩婆多部律攝/卷第 01,1,raw\根本薩婆多部律攝\根本薩婆多部律攝__juan_0001.txt,clean\根本薩婆多部律攝\根本薩婆多部律攝__juan_0001.txt,9648,9648
高麗版大藏經,根本薩婆多部律攝,根本薩婆多部律攝,根本薩婆多部律攝,義淨,唐,gaoli_index,根本薩婆多部律攝/卷第 02,2,raw\根本薩婆多部律攝\根本薩婆多部律攝__juan_0002.txt,clean\根本薩婆多部律攝\根本薩婆多部律攝__juan_0002.txt,11280,11280
高麗版大藏經,根本薩婆多部律攝,根本薩婆多部律攝,根本薩婆多部律攝,義淨,唐,gaoli_index,根本薩婆多部律攝/卷第 03,3,raw\根本薩婆多部律攝\根本薩婆多部律攝__juan_0003.txt,clean\根本薩婆多部律攝\根本薩婆多部律攝__juan_0003.txt,10937,10937
高麗版大藏經,根本薩婆多部律攝,根本薩婆多部律攝,根本薩婆多部律攝,義淨,唐,gaoli_index,根本薩婆多部律攝/卷第 04,4,raw\根本薩婆多部律攝\根本薩婆多部律攝__juan_0004.txt,clean\根本薩婆多部律攝\根本薩婆多部律攝__juan_0004.txt,10372,10372
高麗版大藏經,根本薩婆多部律攝,根本薩婆多部律攝,根本薩婆多部律攝,義淨,唐,gaoli_index,根本薩婆多部律攝/卷第 05,5,raw\根本薩婆多部律攝\根本薩婆多部律攝__juan_0005.txt,clean\根本薩婆多部律攝\根本薩婆多部律攝__juan_0005.txt,9239,9239
高麗版大藏經,根本薩婆多部律攝,根本薩婆多部律攝,根本薩婆多部律攝,義淨,唐,gaoli_index,根本薩婆多部律攝/卷第 06,6,raw\根本薩婆多部律攝\根本薩婆多部律攝__juan_0006.txt,clean\根本薩婆多部律攝\根本薩婆多部律攝__juan_0006.txt,9624,9624
高麗版大藏經,根本薩婆多部律攝,根本薩婆多部律攝,根本薩婆多部律攝,義淨,唐,gaoli_index,根本薩婆多部律攝/卷第 07,7,raw\根本薩婆多部律攝\根本薩婆多部律攝__juan_0007.txt,clean\根本薩婆多部律攝\根本薩婆多部律攝__juan_0007.txt,103,103
高麗版大藏經,根本薩婆多部律攝,根本薩婆多部律攝,根本薩婆多部律攝,義淨,唐,gaoli_index,根本薩婆多部律攝/卷第 08,8,raw\根本薩婆多部律攝\根本薩婆多部律攝__juan_0008.txt,clean\根本薩婆多部律攝\根本薩婆多部律攝__juan_0008.txt,103,103
高麗版大藏經,根本薩婆多部律攝,根本薩婆多部律攝,根本薩婆多部律攝,義淨,唐,gaoli_index,根本薩婆多部律攝/卷第 09,9,raw\根本薩婆多部律攝\根本薩婆多部律攝__juan_0009.txt,clean\根本薩婆多部律攝\根本薩婆多部律攝__juan_0009.txt,103,103
高麗版大藏經,根本薩婆多部律攝,根本薩婆多部律攝,根本薩婆多部律攝,義淨,唐,gaoli_index,根本薩婆多部律攝/卷第 10,10,raw\根本薩婆多部律攝\根本薩婆多部律攝__juan_0010.txt,clean\根本薩婆多部律攝\根本薩婆多部律攝__juan_0010.txt,103,103
高麗版大藏經,根本薩婆多部律攝,根本薩婆多部律攝,根本薩婆多部律攝,義淨,唐,gaoli_index,根本薩婆多部律攝/卷第 11,11,raw\根本薩婆多部律攝\根本薩婆多部律攝__juan_0011.txt,clean\根本薩婆多部律攝\根本薩婆多部律攝__juan_0011.txt,103,103
高麗版大藏經,根本薩婆多部律攝,根本薩婆多部律攝,根本薩婆多部律攝,義淨,唐,gaoli_index,根本薩婆多部律攝/卷第 12,12,raw\根本薩婆多部律攝\根本薩婆多部律攝__juan_0012.txt,clean\根本薩婆多部律攝\根本薩婆多部律攝__juan_0012.txt,103,103
高麗版大藏經,根本薩婆多部律攝,根本薩婆多部律攝,根本薩婆多部律攝,義淨,唐,gaoli_index,根本薩婆多部律攝/卷第 13,13,raw\根本薩婆多部律攝\根本薩婆多部律攝__juan_0013.txt,clean\根本薩婆多部律攝\根本薩婆多部律攝__juan_0013.txt,103,103
高麗版大藏經,根本薩婆多部律攝,根本薩婆多部律攝,根本薩婆多部律攝,義淨,唐,gaoli_index,根本薩婆多部律攝/卷第 14,14,raw\根本薩婆多部律攝\根本薩婆多部律攝__juan_0014.txt,clean\根本薩婆多部律攝\根本薩婆多部律攝__juan_0014.txt,103,103
高麗版大藏經,鼻奈耶,鼻奈耶,鼻奈耶,竺佛念,姚秦,gaoli_index,鼻奈耶/卷第 01,1,raw\鼻奈耶\鼻奈耶__juan_0001.txt,clean\鼻奈耶\鼻奈耶__juan_0001.txt,11134,11134
高麗版大藏經,鼻奈耶,鼻奈耶,鼻奈耶,竺佛念,姚秦,gaoli_index,鼻奈耶/卷第 02,2,raw\鼻奈耶\鼻奈耶__juan_0002.txt,clean\鼻奈耶\鼻奈耶__juan_0002.txt,5530,5530
高麗版大藏經,鼻奈耶,鼻奈耶,鼻奈耶,竺佛念,姚秦,gaoli_index,鼻奈耶/卷第 03,3,raw\鼻奈耶\鼻奈耶__juan_0003.txt,clean\鼻奈耶\鼻奈耶__juan_0003.txt,7627,7627
高麗版大藏經,鼻奈耶,鼻奈耶,鼻奈耶,竺佛念,姚秦,gaoli_index,鼻奈耶/卷第 04,4,raw\鼻奈耶\鼻奈耶__juan_0004.txt,clean\鼻奈耶\鼻奈耶__juan_0004.txt,7226,7226
高麗版大藏經,鼻奈耶,鼻奈耶,鼻奈耶,竺佛念,姚秦,gaoli_index,鼻奈耶/卷第 05,5,raw\鼻奈耶\鼻奈耶__juan_0005.txt,clean\鼻奈耶\鼻奈耶__juan_0005.txt,9231,9231
高麗版大藏經,鼻奈耶,鼻奈耶,鼻奈耶,竺佛念,姚秦,gaoli_index,鼻奈耶/卷第 06,6,raw\鼻奈耶\鼻奈耶__juan_0006.txt,clean\鼻奈耶\鼻奈耶__juan_0006.txt,8095,8095
高麗版大藏經,鼻奈耶,鼻奈耶,鼻奈耶,竺佛念,姚秦,gaoli_index,鼻奈耶/卷第 07,7,raw\鼻奈耶\鼻奈耶__juan_0007.txt,clean\鼻奈耶\鼻奈耶__juan_0007.txt,10090,10090
高麗版大藏經,鼻奈耶,鼻奈耶,鼻奈耶,竺佛念,姚秦,gaoli_index,鼻奈耶/卷第 08,8,raw\鼻奈耶\鼻奈耶__juan_0008.txt,clean\鼻奈耶\鼻奈耶__juan_0008.txt,4991,4991
高麗版大藏經,鼻奈耶,鼻奈耶,鼻奈耶,竺佛念,姚秦,gaoli_index,鼻奈耶/卷第 09,9,raw\鼻奈耶\鼻奈耶__juan_0009.txt,clean\鼻奈耶\鼻奈耶__juan_0009.txt,10162,10162
高麗版大藏經,鼻奈耶,鼻奈耶,鼻奈耶,竺佛念,姚秦,gaoli_index,鼻奈耶/卷第 10,10,raw\鼻奈耶\鼻奈耶__juan_0010.txt,clean\鼻奈耶\鼻奈耶__juan_0010.txt,11351,11351
高麗版大藏經,大比丘三千威儀,大比丘三千威儀,大比丘三千威儀,安世高,後漢,gaoli_index,大比丘三千威儀/卷第 01,1,raw\大比丘三千威儀\大比丘三千威儀__juan_0001.txt,clean\大比丘三千威儀\大比丘三千威儀__juan_0001.txt,10127,10127
高麗版大藏經,大比丘三千威儀,大比丘三千威儀,大比丘三千威儀,安世高,後漢,gaoli_index,大比丘三千威儀/卷第 02,2,raw\大比丘三千威儀\大比丘三千威儀__juan_0002.txt,clean\大比丘三千威儀\大比丘三千威儀__juan_0002.txt,11007,11007
高麗版大藏經,尊婆須蜜菩薩所集論,尊婆須蜜菩薩所集論,尊婆須蜜菩薩所集論,僧伽跋澄等,符秦,gaoli_index,尊婆須蜜菩薩所集論/卷001,1,raw\尊婆須蜜菩薩所集論\尊婆須蜜菩薩所集論__juan_0001.txt,clean\尊婆須蜜菩薩所集論\尊婆須蜜菩薩所集論__juan_0001.txt,14281,14281
高麗版大藏經,尊婆須蜜菩薩所集論,尊婆須蜜菩薩所集論,尊婆須蜜菩薩所集論,僧伽跋澄等,符秦,gaoli_index,尊婆須蜜菩薩所集論/卷002,2,raw\尊婆須蜜菩薩所集論\尊婆須蜜菩薩所集論__juan_0002.txt,clean\尊婆須蜜菩薩所集論\尊婆須蜜菩薩所集論__juan_0002.txt,13553,13553
高麗版大藏經,尊婆須蜜菩薩所集論,尊婆須蜜菩薩所集論,尊婆須蜜菩薩所集論,僧伽跋澄等,符秦,gaoli_index,尊婆須蜜菩薩所集論/卷003,3,raw\尊婆須蜜菩薩所集論\尊婆須蜜菩薩所集論__juan_0003.txt,clean\尊婆須蜜菩薩所集論\尊婆須蜜菩薩所集論__juan_0003.txt,13533,13533
高麗版大藏經,尊婆須蜜菩薩所集論,尊婆須蜜菩薩所集論,尊婆須蜜菩薩所集論,僧伽跋澄等,符秦,gaoli_index,尊婆須蜜菩薩所集論/卷004,4,raw\尊婆須蜜菩薩所集論\尊婆須蜜菩薩所集論__juan_0004.txt,clean\尊婆須蜜菩薩所集論\尊婆須蜜菩薩所集論__juan_0004.txt,14687,14687
高麗版大藏經,尊婆須蜜菩薩所集論,尊婆須蜜菩薩所集論,尊婆須蜜菩薩所集論,僧伽跋澄等,符秦,gaoli_index,尊婆須蜜菩薩所集論/卷005,5,raw\尊婆須蜜菩薩所集論\尊婆須蜜菩薩所集論__juan_0005.txt,clean\尊婆須蜜菩薩所集論\尊婆須蜜菩薩所集論__juan_0005.txt,17437,17437
高麗版大藏經,尊婆須蜜菩薩所集論,尊婆須蜜菩薩所集論,尊婆須蜜菩薩所集論,僧伽跋澄等,符秦,gaoli_index,尊婆須蜜菩薩所集論/卷006,6,raw\尊婆須蜜菩薩所集論\尊婆須蜜菩薩所集論__juan_0006.txt,clean\尊婆須蜜菩薩所集論\尊婆須蜜菩薩所集論__juan_0006.txt,9854,9854
高麗版大藏經,尊婆須蜜菩薩所集論,尊婆須蜜菩薩所集論,尊婆須蜜菩薩所集論,僧伽跋澄等,符秦,gaoli_index,尊婆須蜜菩薩所集論/卷007,7,raw\尊婆須蜜菩薩所集論\尊婆須蜜菩薩所集論__juan_0007.txt,clean\尊婆須蜜菩薩所集論\尊婆須蜜菩薩所集論__juan_0007.txt,10353,10353
高麗版大藏經,尊婆須蜜菩薩所集論,尊婆須蜜菩薩所集論,尊婆須蜜菩薩所集論,僧伽跋澄等,符秦,gaoli_index,尊婆須蜜菩薩所集論/卷008,8,raw\尊婆須蜜菩薩所集論\尊婆須蜜菩薩所集論__juan_0008.txt,clean\尊婆須蜜菩薩所集論\尊婆須蜜菩薩所集論__juan_0008.txt,22492,22492
高麗版大藏經,尊婆須蜜菩薩所集論,尊婆須蜜菩薩所集論,尊婆須蜜菩薩所集論,僧伽跋澄等,符秦,gaoli_index,尊婆須蜜菩薩所集論/卷009,9,raw\尊婆須蜜菩薩所集論\尊婆須蜜菩薩所集論__juan_0009.txt,clean\尊婆須蜜菩薩所集論\尊婆須蜜菩薩所集論__juan_0009.txt,13410,13410
高麗版大藏經,尊婆須蜜菩薩所集論,尊婆須蜜菩薩所集論,尊婆須蜜菩薩所集論,僧伽跋澄等,符秦,gaoli_index,尊婆須蜜菩薩所集論/卷010,10,raw\尊婆須蜜菩薩所集論\尊婆須蜜菩薩所集論__juan_0010.txt,clean\尊婆須蜜菩薩所集論\尊婆須蜜菩薩所集論__juan_0010.txt,13475,13475
高麗版大藏經,三法度論,三法度論,三法度論,僧伽提婆,東晉,gaoli_index,三法度論/卷第 01,1,raw\三法度論\三法度論__juan_0001.txt,clean\三法度論\三法度論__juan_0001.txt,8466,8466
高麗版大藏經,三法度論,三法度論,三法度論,僧伽提婆,東晉,gaoli_index,三法度論/卷第 02,2,raw\三法度論\三法度論__juan_0002.txt,clean\三法度論\三法度論__juan_0002.txt,9237,9237
高麗版大藏經,三法度論,三法度論,三法度論,僧伽提婆,東晉,gaoli_index,三法度論/卷第 03,3,raw\三法度論\三法度論__juan_0003.txt,clean\三法度論\三法度論__juan_0003.txt,8977,8977
高麗版大藏經,成實論,成實論,成實論,鳩摩羅什,姚秦,gaoli_index,成實論/卷001,1,raw\成實論\成實論__juan_0001.txt,clean\成實論\成實論__juan_0001.txt,13224,13224
高麗版大藏經,成實論,成實論,成實論,鳩摩羅什,姚秦,gaoli_index,成實論/卷002,2,raw\成實論\成實論__juan_0002.txt,clean\成實論\成實論__juan_0002.txt,13872,13872
高麗版大藏經,成實論,成實論,成實論,鳩摩羅什,姚秦,gaoli_index,成實論/卷003,3,raw\成實論\成實論__juan_0003.txt,clean\成實論\成實論__juan_0003.txt,14436,14436
高麗版大藏經,成實論,成實論,成實論,鳩摩羅什,姚秦,gaoli_index,成實論/卷004,4,raw\成實論\成實論__juan_0004.txt,clean\成實論\成實論__juan_0004.txt,10813,10813
高麗版大藏經,成實論,成實論,成實論,鳩摩羅什,姚秦,gaoli_index,成實論/卷005,5,raw\成實論\成實論__juan_0005.txt,clean\成實論\成實論__juan_0005.txt,13961,13961
高麗版大藏經,成實論,成實論,成實論,鳩摩羅什,姚秦,gaoli_index,成實論/卷006,6,raw\成實論\成實論__juan_0006.txt,clean\成實論\成實論__juan_0006.txt,12746,12746
高麗版大藏經,成實論,成實論,成實論,鳩摩羅什,姚秦,gaoli_index,成實論/卷007,7,raw\成實論\成實論__juan_0007.txt,clean\成實論\成實論__juan_0007.txt,13150,13150
高麗版大藏經,成實論,成實論,成實論,鳩摩羅什,姚秦,gaoli_index,成實論/卷008,8,raw\成實論\成實論__juan_0008.txt,clean\成實論\成實論__juan_0008.txt,13874,13874
高麗版大藏經,成實論,成實論,成實論,鳩摩羅什,姚秦,gaoli_index,成實論/卷009,9,raw\成實論\成實論__juan_0009.txt,clean\成實論\成實論__juan_0009.txt,12283,12283
高麗版大藏經,成實論,成實論,成實論,鳩摩羅什,姚秦,gaoli_index,成實論/卷010,10,raw\成實論\成實論__juan_0010.txt,clean\成實論\成實論__juan_0010.txt,13692,13692
高麗版大藏經,成實論,成實論,成實論,鳩摩羅什,姚秦,gaoli_index,成實論/卷011,11,raw\成實論\成實論__juan_0011.txt,clean\成實論\成實論__juan_0011.txt,14905,14905
高麗版大藏經,成實論,成實論,成實論,鳩摩羅什,姚秦,gaoli_index,成實論/卷012,12,raw\成實論\成實論__juan_0012.txt,clean\成實論\成實論__juan_0012.txt,11780,11780
高麗版大藏經,成實論,成實論,成實論,鳩摩羅什,姚秦,gaoli_index,成實論/卷013,13,raw\成實論\成實論__juan_0013.txt,clean\成實論\成實論__juan_0013.txt,11780,11780
高麗版大藏經,成實論,成實論,成實論,鳩摩羅什,姚秦,gaoli_index,成實論/卷014,14,raw\成實論\成實論__juan_0014.txt,clean\成實論\成實論__juan_0014.txt,14463,14463
高麗版大藏經,成實論,成實論,成實論,鳩摩羅什,姚秦,gaoli_index,成實論/卷015,15,raw\成實論\成實論__juan_0015.txt,clean\成實論\成實論__juan_0015.txt,11621,11621
高麗版大藏經,成實論,成實論,成實論,鳩摩羅什,姚秦,gaoli_index,成實論/卷016,16,raw\成實論\成實論__juan_0016.txt,clean\成實論\成實論__juan_0016.txt,12893,12893
高麗版大藏經,解脫道論,解脫道論,解脫道論,僧伽婆羅,梁,gaoli_index,解脫道論/卷001,1,raw\解脫道論\解脫道論__juan_0001.txt,clean\解脫道論\解脫道論__juan_0001.txt,7938,7938
高麗版大藏經,解脫道論,解脫道論,解脫道論,僧伽婆羅,梁,gaoli_index,解脫道論/卷002,2,raw\解脫道論\解脫道論__juan_0002.txt,clean\解脫道論\解脫道論__juan_0002.txt,8370,8370
高麗版大藏經,解脫道論,解脫道論,解脫道論,僧伽婆羅,梁,gaoli_index,解脫道論/卷003,3,raw\解脫道論\解脫道論__juan_0003.txt,clean\解脫道論\解脫道論__juan_0003.txt,4881,4881
高麗版大藏經,解脫道論,解脫道論,解脫道論,僧伽婆羅,梁,gaoli_index,解脫道論/卷004,4,raw\解脫道論\解脫道論__juan_0004.txt,clean\解脫道論\解脫道論__juan_0004.txt,9015,9015
高麗版大藏經,解脫道論,解脫道論,解脫道論,僧伽婆羅,梁,gaoli_index,解脫道論/卷005,5,raw\解脫道論\解脫道論__juan_0005.txt,clean\解脫道論\解脫道論__juan_0005.txt,10288,10288
高麗版大藏經,解脫道論,解脫道論,解脫道論,僧伽婆羅,梁,gaoli_index,解脫道論/卷006,6,raw\解脫道論\解脫道論__juan_0006.txt,clean\解脫道論\解脫道論__juan_0006.txt,9338,9338
高麗版大藏經,解脫道論,解脫道論,解脫道論,僧伽婆羅,梁,gaoli_index,解脫道論/卷007,7,raw\解脫道論\解脫道論__juan_0007.txt,clean\解脫道論\解脫道論__juan_0007.txt,8723,8723
高麗版大藏經,解脫道論,解脫道論,解脫道論,僧伽婆羅,梁,gaoli_index,解脫道論/卷008,8,raw\解脫道論\解脫道論__juan_0008.txt,clean\解脫道論\解脫道論__juan_0008.txt,10262,10262
高麗版大藏經,解脫道論,解脫道論,解脫道論,僧伽婆羅,梁,gaoli_index,解脫道論/卷009,9,raw\解脫道論\解脫道論__juan_0009.txt,clean\解脫道論\解脫道論__juan_0009.txt,7399,7399
高麗版大藏經,解脫道論,解脫道論,解脫道論,僧伽婆羅,梁,gaoli_index,解脫道論/卷010,10,raw\解脫道論\解脫道論__juan_0010.txt,clean\解脫道論\解脫道論__juan_0010.txt,10470,10470
高麗版大藏經,解脫道論,解脫道論,解脫道論,僧伽婆羅,梁,gaoli_index,解脫道論/卷011,11,raw\解脫道論\解脫道論__juan_0011.txt,clean\解脫道論\解脫道論__juan_0011.txt,7677,7677
高麗版大藏經,解脫道論,解脫道論,解脫道論,僧伽婆羅,梁,gaoli_index,解脫道論/卷012,12,raw\解脫道論\解脫道論__juan_0012.txt,clean\解脫道論\解脫道論__juan_0012.txt,8724,8724
高麗版大藏經,鞞婆沙論,鞞婆沙論,鞞婆沙論,僧伽跋澄,符秦,gaoli_index,鞞婆沙論/卷001,1,raw\鞞婆沙論\鞞婆沙論__juan_0001.txt,clean\鞞婆沙論\鞞婆沙論__juan_0001.txt,11146,11146
高麗版大藏經,鞞婆沙論,鞞婆沙論,鞞婆沙論,僧伽跋澄,符秦,gaoli_index,鞞婆沙論/卷002,2,raw\鞞婆沙論\鞞婆沙論__juan_0002.txt,clean\鞞婆沙論\鞞婆沙論__juan_0002.txt,12822,12822
高麗版大藏經,鞞婆沙論,鞞婆沙論,鞞婆沙論,僧伽跋澄,符秦,gaoli_index,鞞婆沙論/卷003,3,raw\鞞婆沙論\鞞婆沙論__juan_0003.txt,clean\鞞婆沙論\鞞婆沙論__juan_0003.txt,14407,14407
高麗版大藏經,鞞婆沙論,鞞婆沙論,鞞婆沙論,僧伽跋澄,符秦,gaoli_index,鞞婆沙論/卷004,4,raw\鞞婆沙論\鞞婆沙論__juan_0004.txt,clean\鞞婆沙論\鞞婆沙論__juan_0004.txt,14836,14836
高麗版大藏經,鞞婆沙論,鞞婆沙論,鞞婆沙論,僧伽跋澄,符秦,gaoli_index,鞞婆沙論/卷005,5,raw\鞞婆沙論\鞞婆沙論__juan_0005.txt,clean\鞞婆沙論\鞞婆沙論__juan_0005.txt,10537,10537
高麗版大藏經,鞞婆沙論,鞞婆沙論,鞞婆沙論,僧伽跋澄,符秦,gaoli_index,鞞婆沙論/卷006,6,raw\鞞婆沙論\鞞婆沙論__juan_0006.txt,clean\鞞婆沙論\鞞婆沙論__juan_0006.txt,12797,12797
高麗版大藏經,鞞婆沙論,鞞婆沙論,鞞婆沙論,僧伽跋澄,符秦,gaoli_index,鞞婆沙論/卷007,7,raw\鞞婆沙論\鞞婆沙論__juan_0007.txt,clean\鞞婆沙論\鞞婆沙論__juan_0007.txt,14398,14398
高麗版大藏經,鞞婆沙論,鞞婆沙論,鞞婆沙論,僧伽跋澄,符秦,gaoli_index,鞞婆沙論/卷008,8,raw\鞞婆沙論\鞞婆沙論__juan_0008.txt,clean\鞞婆沙論\鞞婆沙論__juan_0008.txt,10434,10434
高麗版大藏經,鞞婆沙論,鞞婆沙論,鞞婆沙論,僧伽跋澄,符秦,gaoli_index,鞞婆沙論/卷009,9,raw\鞞婆沙論\鞞婆沙論__juan_0009.txt,clean\鞞婆沙論\鞞婆沙論__juan_0009.txt,11304,11304
高麗版大藏經,鞞婆沙論,鞞婆沙論,鞞婆沙論,僧伽跋澄,符秦,gaoli_index,鞞婆沙論/卷010,10,raw\鞞婆沙論\鞞婆沙論__juan_0010.txt,clean\鞞婆沙論\鞞婆沙論__juan_0010.txt,13125,13125
高麗版大藏經,鞞婆沙論,鞞婆沙論,鞞婆沙論,僧伽跋澄,符秦,gaoli_index,鞞婆沙論/卷011,11,raw\鞞婆沙論\鞞婆沙論__juan_0011.txt,clean\鞞婆沙論\鞞婆沙論__juan_0011.txt,15792,15792
高麗版大藏經,鞞婆沙論,鞞婆沙論,鞞婆沙論,僧伽跋澄,符秦,gaoli_index,鞞婆沙論/卷012,12,raw\鞞婆沙論\鞞婆沙論__juan_0012.txt,clean\鞞婆沙論\鞞婆沙論__juan_0012.txt,14436,14436
高麗版大藏經,鞞婆沙論,鞞婆沙論,鞞婆沙論,僧伽跋澄,符秦,gaoli_index,鞞婆沙論/卷013,13,raw\鞞婆沙論\鞞婆沙論__juan_0013.txt,clean\鞞婆沙論\鞞婆沙論__juan_0013.txt,11740,11740
高麗版大藏經,鞞婆沙論,鞞婆沙論,鞞婆沙論,僧伽跋澄,符秦,gaoli_index,鞞婆沙論/卷014,14,raw\鞞婆沙論\鞞婆沙論__juan_0014.txt,clean\鞞婆沙論\鞞婆沙論__juan_0014.txt,11815,11815
高麗版大藏經,三彌底部論,三彌底部論,三彌底部論,秦錄,失譯,gaoli_index,三彌底部論/卷001,1,raw\三彌底部論\三彌底部論__juan_0001.txt,clean\三彌底部論\三彌底部論__juan_0001.txt,5516,5516
高麗版大藏經,三彌底部論,三彌底部論,三彌底部論,秦錄,失譯,gaoli_index,三彌底部論/卷002,2,raw\三彌底部論\三彌底部論__juan_0002.txt,clean\三彌底部論\三彌底部論__juan_0002.txt,5042,5042
高麗版大藏經,三彌底部論,三彌底部論,三彌底部論,秦錄,失譯,gaoli_index,三彌底部論/卷003,3,raw\三彌底部論\三彌底部論__juan_0003.txt,clean\三彌底部論\三彌底部論__juan_0003.txt,5406,5406
高麗版大藏經,分別功德論,分別功德論,分別功德論,後漢錄,失譯,gaoli_index,分別功德論/卷第 01,1,raw\分別功德論\分別功德論__juan_0001.txt,clean\分別功德論\分別功德論__juan_0001.txt,5611,5611
高麗版大藏經,分別功德論,分別功德論,分別功德論,後漢錄,失譯,gaoli_index,分別功德論/卷第 02,2,raw\分別功德論\分別功德論__juan_0002.txt,clean\分別功德論\分別功德論__juan_0002.txt,7353,7353
高麗版大藏經,分別功德論,分別功德論,分別功德論,後漢錄,失譯,gaoli_index,分別功德論/卷第 03,3,raw\分別功德論\分別功德論__juan_0003.txt,clean\分別功德論\分別功德論__juan_0003.txt,5172,5172
高麗版大藏經,分別功德論,分別功德論,分別功德論,後漢錄,失譯,gaoli_index,分別功德論/卷第 04,4,raw\分別功德論\分別功德論__juan_0004.txt,clean\分別功德論\分別功德論__juan_0004.txt,11238,11238
高麗版大藏經,分別功德論,分別功德論,分別功德論,後漢錄,失譯,gaoli_index,分別功德論/卷第 05,5,raw\分別功德論\分別功德論__juan_0005.txt,clean\分別功德論\分別功德論__juan_0005.txt,10098,10098
高麗版大藏經,四諦論,四諦論,四諦論,真諦,陳,gaoli_index,四諦論/卷001,1,raw\四諦論\四諦論__juan_0001.txt,clean\四諦論\四諦論__juan_0001.txt,13568,13568
高麗版大藏經,四諦論,四諦論,四諦論,真諦,陳,gaoli_index,四諦論/卷002,2,raw\四諦論\四諦論__juan_0002.txt,clean\四諦論\四諦論__juan_0002.txt,9695,9695
高麗版大藏經,四諦論,四諦論,四諦論,真諦,陳,gaoli_index,四諦論/卷003,3,raw\四諦論\四諦論__juan_0003.txt,clean\四諦論\四諦論__juan_0003.txt,5159,5159
高麗版大藏經,四諦論,四諦論,四諦論,真諦,陳,gaoli_index,四諦論/卷004,4,raw\四諦論\四諦論__juan_0004.txt,clean\四諦論\四諦論__juan_0004.txt,12145,12145
高麗版大藏經,佛所行讚,佛所行讚,佛所行讚,曇無讖,北涼,gaoli_index,佛所行讚/01,1,raw\佛所行讚\佛所行讚__juan_0001.txt,clean\佛所行讚\佛所行讚__juan_0001.txt,10842,10842
高麗版大藏經,佛所行讚,佛所行讚,佛所行讚,曇無讖,北涼,gaoli_index,佛所行讚/02,2,raw\佛所行讚\佛所行讚__juan_0002.txt,clean\佛所行讚\佛所行讚__juan_0002.txt,9167,9167
高麗版大藏經,佛所行讚,佛所行讚,佛所行讚,曇無讖,北涼,gaoli_index,佛所行讚/03,3,raw\佛所行讚\佛所行讚__juan_0003.txt,clean\佛所行讚\佛所行讚__juan_0003.txt,13148,13148
高麗版大藏經,佛所行讚,佛所行讚,佛所行讚,曇無讖,北涼,gaoli_index,佛所行讚/04,4,raw\佛所行讚\佛所行讚__juan_0004.txt,clean\佛所行讚\佛所行讚__juan_0004.txt,13275,13275
高麗版大藏經,佛所行讚,佛所行讚,佛所行讚,曇無讖,北涼,gaoli_index,佛所行讚/05,5,raw\佛所行讚\佛所行讚__juan_0005.txt,clean\佛所行讚\佛所行讚__juan_0005.txt,13795,13795
高麗版大藏經,出曜經,出曜經,出曜經,竺佛念,姚秦,gaoli_index,出曜經/卷一,1,raw\出曜經\出曜經__juan_0001.txt,clean\出曜經\出曜經__juan_0001.txt,9754,9754
高麗版大藏經,出曜經,出曜經,出曜經,竺佛念,姚秦,gaoli_index,出曜經/卷七,2,raw\出曜經\出曜經__juan_0002.txt,clean\出曜經\出曜經__juan_0002.txt,9215,9215
高麗版大藏經,出曜經,出曜經,出曜經,竺佛念,姚秦,gaoli_index,出曜經/卷三,3,raw\出曜經\出曜經__juan_0003.txt,clean\出曜經\出曜經__juan_0003.txt,9457,9457
高麗版大藏經,出曜經,出曜經,出曜經,竺佛念,姚秦,gaoli_index,出曜經/卷三十,4,raw\出曜經\出曜經__juan_0004.txt,clean\出曜經\出曜經__juan_0004.txt,8382,8382
高麗版大藏經,出曜經,出曜經,出曜經,竺佛念,姚秦,gaoli_index,出曜經/卷九,5,raw\出曜經\出曜經__juan_0005.txt,clean\出曜經\出曜經__juan_0005.txt,8602,8602
高麗版大藏經,出曜經,出曜經,出曜經,竺佛念,姚秦,gaoli_index,出曜經/卷二,6,raw\出曜經\出曜經__juan_0006.txt,clean\出曜經\出曜經__juan_0006.txt,9330,9330
高麗版大藏經,出曜經,出曜經,出曜經,竺佛念,姚秦,gaoli_index,出曜經/卷二十,7,raw\出曜經\出曜經__juan_0007.txt,clean\出曜經\出曜經__juan_0007.txt,9045,9045
高麗版大藏經,出曜經,出曜經,出曜經,竺佛念,姚秦,gaoli_index,出曜經/卷二十一,8,raw\出曜經\出曜經__juan_0008.txt,clean\出曜經\出曜經__juan_0008.txt,9790,9790
高麗版大藏經,出曜經,出曜經,出曜經,竺佛念,姚秦,gaoli_index,出曜經/卷二十七,9,raw\出曜經\出曜經__juan_0009.txt,clean\出曜經\出曜經__juan_0009.txt,9105,9105
高麗版大藏經,出曜經,出曜經,出曜經,竺佛念,姚秦,gaoli_index,出曜經/卷二十三,10,raw\出曜經\出曜經__juan_0010.txt,clean\出曜經\出曜經__juan_0010.txt,9092,9092
高麗版大藏經,出曜經,出曜經,出曜經,竺佛念,姚秦,gaoli_index,出曜經/卷二十九,11,raw\出曜經\出曜經__juan_0011.txt,clean\出曜經\出曜經__juan_0011.txt,9327,9327
高麗版大藏經,出曜經,出曜經,出曜經,竺佛念,姚秦,gaoli_index,出曜經/卷二十二,12,raw\出曜經\出曜經__juan_0012.txt,clean\出曜經\出曜經__juan_0012.txt,9235,9235
高麗版大藏經,出曜經,出曜經,出曜經,竺佛念,姚秦,gaoli_index,出曜經/卷二十五,13,raw\出曜經\出曜經__juan_0013.txt,clean\出曜經\出曜經__juan_0013.txt,9845,9845
高麗版大藏經,出曜經,出曜經,出曜經,竺佛念,姚秦,gaoli_index,出曜經/卷二十八,14,raw\出曜經\出曜經__juan_0014.txt,clean\出曜經\出曜經__juan_0014.txt,9653,9653
高麗版大藏經,出曜經,出曜經,出曜經,竺佛念,姚秦,gaoli_index,出曜經/卷二十六,15,raw\出曜經\出曜經__juan_0015.txt,clean\出曜經\出曜經__juan_0015.txt,8622,8622
高麗版大藏經,出曜經,出曜經,出曜經,竺佛念,姚秦,gaoli_index,出曜經/卷二十四,16,raw\出曜經\出曜經__juan_0016.txt,clean\出曜經\出曜經__juan_0016.txt,8384,8384
高麗版大藏經,出曜經,出曜經,出曜經,竺佛念,姚秦,gaoli_index,出曜經/卷五,17,raw\出曜經\出曜經__juan_0017.txt,clean\出曜經\出曜經__juan_0017.txt,9748,9748
高麗版大藏經,出曜經,出曜經,出曜經,竺佛念,姚秦,gaoli_index,出曜經/卷八,18,raw\出曜經\出曜經__juan_0018.txt,clean\出曜經\出曜經__juan_0018.txt,8607,8607
高麗版大藏經,出曜經,出曜經,出曜經,竺佛念,姚秦,gaoli_index,出曜經/卷六,19,raw\出曜經\出曜經__juan_0019.txt,clean\出曜經\出曜經__juan_0019.txt,9512,9512
高麗版大藏經,出曜經,出曜經,出曜經,竺佛念,姚秦,gaoli_index,出曜經/卷十,20,raw\出曜經\出曜經__juan_0020.txt,clean\出曜經\出曜經__juan_0020.txt,9934,9934
高麗版大藏經,出曜經,出曜經,出曜經,竺佛念,姚秦,gaoli_index,出曜經/卷十一,21,raw\出曜經\出曜經__juan_0021.txt,clean\出曜經\出曜經__juan_0021.txt,10080,10080
高麗版大藏經,出曜經,出曜經,出曜經,竺佛念,姚秦,gaoli_index,出曜經/卷十七,22,raw\出曜經\出曜經__juan_0022.txt,clean\出曜經\出曜經__juan_0022.txt,9215,9215
高麗版大藏經,出曜經,出曜經,出曜經,竺佛念,姚秦,gaoli_index,出曜經/卷十三,23,raw\出曜經\出曜經__juan_0023.txt,clean\出曜經\出曜經__juan_0023.txt,9088,9088
高麗版大藏經,出曜經,出曜經,出曜經,竺佛念,姚秦,gaoli_index,出曜經/卷十九,24,raw\出曜經\出曜經__juan_0024.txt,clean\出曜經\出曜經__juan_0024.txt,7719,7719
高麗版大藏經,出曜經,出曜經,出曜經,竺佛念,姚秦,gaoli_index,出曜經/卷十二,25,raw\出曜經\出曜經__juan_0025.txt,clean\出曜經\出曜經__juan_0025.txt,10125,10125
高麗版大藏經,出曜經,出曜經,出曜經,竺佛念,姚秦,gaoli_index,出曜經/卷十五,26,raw\出曜經\出曜經__juan_0026.txt,clean\出曜經\出曜經__juan_0026.txt,8152,8152
高麗版大藏經,出曜經,出曜經,出曜經,竺佛念,姚秦,gaoli_index,出曜經/卷十八,27,raw\出曜經\出曜經__juan_0027.txt,clean\出曜經\出曜經__juan_0027.txt,7431,7431
高麗版大藏經,出曜經,出曜經,出曜經,竺佛念,姚秦,gaoli_index,出曜經/卷十六,28,raw\出曜經\出曜經__juan_0028.txt,clean\出曜經\出曜經__juan_0028.txt,8010,8010
高麗版大藏經,出曜經,出曜經,出曜經,竺佛念,姚秦,gaoli_index,出曜經/卷十四,29,raw\出曜經\出曜經__juan_0029.txt,clean\出曜經\出曜經__juan_0029.txt,8086,8086
高麗版大藏經,出曜經,出曜經,出曜經,竺佛念,姚秦,gaoli_index,出曜經/卷四,30,raw\出曜經\出曜經__juan_0030.txt,clean\出曜經\出曜經__juan_0030.txt,9062,9062
高麗版大藏經,賢愚經,賢愚經,賢愚經,慧覺等,元魏,gaoli_index,賢愚經/賢愚經卷一,1,raw\賢愚經\賢愚經__juan_0001.txt,clean\賢愚經\賢愚經__juan_0001.txt,15246,15246
高麗版大藏經,賢愚經,賢愚經,賢愚經,慧覺等,元魏,gaoli_index,賢愚經/賢愚經卷七,2,raw\賢愚經\賢愚經__juan_0002.txt,clean\賢愚經\賢愚經__juan_0002.txt,8546,8546
高麗版大藏經,賢愚經,賢愚經,賢愚經,慧覺等,元魏,gaoli_index,賢愚經/賢愚經卷三,3,raw\賢愚經\賢愚經__juan_0003.txt,clean\賢愚經\賢愚經__juan_0003.txt,13326,13326
高麗版大藏經,賢愚經,賢愚經,賢愚經,慧覺等,元魏,gaoli_index,賢愚經/賢愚經卷九,4,raw\賢愚經\賢愚經__juan_0004.txt,clean\賢愚經\賢愚經__juan_0004.txt,14234,14234
高麗版大藏經,賢愚經,賢愚經,賢愚經,慧覺等,元魏,gaoli_index,賢愚經/賢愚經卷二,5,raw\賢愚經\賢愚經__juan_0005.txt,clean\賢愚經\賢愚經__juan_0005.txt,16493,16493
高麗版大藏經,賢愚經,賢愚經,賢愚經,慧覺等,元魏,gaoli_index,賢愚經/賢愚經卷五,6,raw\賢愚經\賢愚經__juan_0006.txt,clean\賢愚經\賢愚經__juan_0006.txt,13552,13552
高麗版大藏經,賢愚經,賢愚經,賢愚經,慧覺等,元魏,gaoli_index,賢愚經/賢愚經卷八,7,raw\賢愚經\賢愚經__juan_0007.txt,clean\賢愚經\賢愚經__juan_0007.txt,13375,13375
高麗版大藏經,賢愚經,賢愚經,賢愚經,慧覺等,元魏,gaoli_index,賢愚經/賢愚經卷六,8,raw\賢愚經\賢愚經__juan_0008.txt,clean\賢愚經\賢愚經__juan_0008.txt,21289,21289
高麗版大藏經,賢愚經,賢愚經,賢愚經,慧覺等,元魏,gaoli_index,賢愚經/賢愚經卷十,9,raw\賢愚經\賢愚經__juan_0009.txt,clean\賢愚經\賢愚經__juan_0009.txt,11891,11891
高麗版大藏經,賢愚經,賢愚經,賢愚經,慧覺等,元魏,gaoli_index,賢愚經/賢愚經卷十一,10,raw\賢愚經\賢愚經__juan_0010.txt,clean\賢愚經\賢愚經__juan_0010.txt,12230,12230
高麗版大藏經,賢愚經,賢愚經,賢愚經,慧覺等,元魏,gaoli_index,賢愚經/賢愚經卷十三,11,raw\賢愚經\賢愚經__juan_0011.txt,clean\賢愚經\賢愚經__juan_0011.txt,14002,14002
高麗版大藏經,賢愚經,賢愚經,賢愚經,慧覺等,元魏,gaoli_index,賢愚經/賢愚經卷十二,12,raw\賢愚經\賢愚經__juan_0012.txt,clean\賢愚經\賢愚經__juan_0012.txt,14756,14756
高麗版大藏經,賢愚經,賢愚經,賢愚經,慧覺等,元魏,gaoli_index,賢愚經/賢愚經卷四,13,raw\賢愚經\賢愚經__juan_0013.txt,clean\賢愚經\賢愚經__juan_0013.txt,13140,13140
高麗版大藏經,修行道地經,修行道地經,修行道地經,竺法護,西晉,gaoli_index,修行道地經/卷00,1,raw\修行道地經\修行道地經__juan_0001.txt,clean\修行道地經\修行道地經__juan_0001.txt,365,365
高麗版大藏經,修行道地經,修行道地經,修行道地經,竺法護,西晉,gaoli_index,修行道地經/卷01,2,raw\修行道地經\修行道地經__juan_0002.txt,clean\修行道地經\修行道地經__juan_0002.txt,11489,11489
高麗版大藏經,修行道地經,修行道地經,修行道地經,竺法護,西晉,gaoli_index,修行道地經/卷02,3,raw\修行道地經\修行道地經__juan_0003.txt,clean\修行道地經\修行道地經__juan_0003.txt,9774,9774
高麗版大藏經,修行道地經,修行道地經,修行道地經,竺法護,西晉,gaoli_index,修行道地經/卷03,4,raw\修行道地經\修行道地經__juan_0004.txt,clean\修行道地經\修行道地經__juan_0004.txt,13194,13194
高麗版大藏經,修行道地經,修行道地經,修行道地經,竺法護,西晉,gaoli_index,修行道地經/卷04,5,raw\修行道地經\修行道地經__juan_0005.txt,clean\修行道地經\修行道地經__juan_0005.txt,10221,10221
高麗版大藏經,修行道地經,修行道地經,修行道地經,竺法護,西晉,gaoli_index,修行道地經/卷05,6,raw\修行道地經\修行道地經__juan_0006.txt,clean\修行道地經\修行道地經__juan_0006.txt,11450,11450
高麗版大藏經,修行道地經,修行道地經,修行道地經,竺法護,西晉,gaoli_index,修行道地經/卷06,7,raw\修行道地經\修行道地經__juan_0007.txt,clean\修行道地經\修行道地經__juan_0007.txt,7419,7419
高麗版大藏經,修行道地經,修行道地經,修行道地經,竺法護,西晉,gaoli_index,修行道地經/卷07,8,raw\修行道地經\修行道地經__juan_0008.txt,clean\修行道地經\修行道地經__juan_0008.txt,10500,10500
高麗版大藏經,僧伽羅剎所集經,僧伽羅剎所集經,僧伽羅剎所集經,僧伽跋澄等,符秦,gaoli_index,僧伽羅剎所集經/卷上,1,raw\僧伽羅剎所集經\僧伽羅剎所集經__juan_0001.txt,clean\僧伽羅剎所集經\僧伽羅剎所集經__juan_0001.txt,13253,13253
高麗版大藏經,僧伽羅剎所集經,僧伽羅剎所集經,僧伽羅剎所集經,僧伽跋澄等,符秦,gaoli_index,僧伽羅剎所集經/卷下,2,raw\僧伽羅剎所集經\僧伽羅剎所集經__juan_0002.txt,clean\僧伽羅剎所集經\僧伽羅剎所集經__juan_0002.txt,17387,17387
高麗版大藏經,僧伽羅剎所集經,僧伽羅剎所集經,僧伽羅剎所集經,僧伽跋澄等,符秦,gaoli_index,僧伽羅剎所集經/卷中,3,raw\僧伽羅剎所集經\僧伽羅剎所集經__juan_0003.txt,clean\僧伽羅剎所集經\僧伽羅剎所集經__juan_0003.txt,16143,16143
高麗版大藏經,菩薩本緣經,菩薩本緣經,菩薩本緣經,支謙,吳,gaoli_index,菩薩本緣經/卷上,1,raw\菩薩本緣經\菩薩本緣經__juan_0001.txt,clean\菩薩本緣經\菩薩本緣經__juan_0001.txt,10900,10900
高麗版大藏經,菩薩本緣經,菩薩本緣經,菩薩本緣經,支謙,吳,gaoli_index,菩薩本緣經/卷下,2,raw\菩薩本緣經\菩薩本緣經__juan_0002.txt,clean\菩薩本緣經\菩薩本緣經__juan_0002.txt,9091,9091
高麗版大藏經,菩薩本緣經,菩薩本緣經,菩薩本緣經,支謙,吳,gaoli_index,菩薩本緣經/卷中,3,raw\菩薩本緣經\菩薩本緣經__juan_0003.txt,clean\菩薩本緣經\菩薩本緣經__juan_0003.txt,10629,10629
高麗版大藏經,大乘修行菩薩行門諸經要集,大乘修行菩薩行門諸經要集,大乘修行菩薩行門諸經要集,智嚴,唐,gaoli_index,大乘修行菩薩行門諸經要集/卷01,1,raw\大乘修行菩薩行門諸經要集\大乘修行菩薩行門諸經要集__juan_0001.txt,clean\大乘修行菩薩行門諸經要集\大乘修行菩薩行門諸經要集__juan_0001.txt,16344,16344
高麗版大藏經,大乘修行菩薩行門諸經要集,大乘修行菩薩行門諸經要集,大乘修行菩薩行門諸經要集,智嚴,唐,gaoli_index,大乘修行菩薩行門諸經要集/卷02,2,raw\大乘修行菩薩行門諸經要集\大乘修行菩薩行門諸經要集__juan_0002.txt,clean\大乘修行菩薩行門諸經要集\大乘修行菩薩行門諸經要集__juan_0002.txt,15253,15253
高麗版大藏經,大乘修行菩薩行門諸經要集,大乘修行菩薩行門諸經要集,大乘修行菩薩行門諸經要集,智嚴,唐,gaoli_index,大乘修行菩薩行門諸經要集/卷03,3,raw\大乘修行菩薩行門諸經要集\大乘修行菩薩行門諸經要集__juan_0003.txt,clean\大乘修行菩薩行門諸經要集\大乘修行菩薩行門諸經要集__juan_0003.txt,16859,16859
高麗版大藏經,坐禪三昧經,坐禪三昧經,坐禪三昧經,鳩摩羅什,姚秦,gaoli_index,坐禪三昧經/卷01,1,raw\坐禪三昧經\坐禪三昧經__juan_0001.txt,clean\坐禪三昧經\坐禪三昧經__juan_0001.txt,13023,13023
高麗版大藏經,坐禪三昧經,坐禪三昧經,坐禪三昧經,鳩摩羅什,姚秦,gaoli_index,坐禪三昧經/卷02,2,raw\坐禪三昧經\坐禪三昧經__juan_0002.txt,clean\坐禪三昧經\坐禪三昧經__juan_0002.txt,15651,15651
高麗版大藏經,雜寶藏經,雜寶藏經,雜寶藏經,吉迦夜、曇曜,元魏,gaoli_index,雜寶藏經/卷一,1,raw\雜寶藏經\雜寶藏經__juan_0001.txt,clean\雜寶藏經\雜寶藏經__juan_0001.txt,10544,10544
高麗版大藏經,雜寶藏經,雜寶藏經,雜寶藏經,吉迦夜、曇曜,元魏,gaoli_index,雜寶藏經/卷七,2,raw\雜寶藏經\雜寶藏經__juan_0002.txt,clean\雜寶藏經\雜寶藏經__juan_0002.txt,6584,6584
高麗版大藏經,雜寶藏經,雜寶藏經,雜寶藏經,吉迦夜、曇曜,元魏,gaoli_index,雜寶藏經/卷三,3,raw\雜寶藏經\雜寶藏經__juan_0003.txt,clean\雜寶藏經\雜寶藏經__juan_0003.txt,10115,10115
高麗版大藏經,雜寶藏經,雜寶藏經,雜寶藏經,吉迦夜、曇曜,元魏,gaoli_index,雜寶藏經/卷九,4,raw\雜寶藏經\雜寶藏經__juan_0004.txt,clean\雜寶藏經\雜寶藏經__juan_0004.txt,8506,8506
高麗版大藏經,雜寶藏經,雜寶藏經,雜寶藏經,吉迦夜、曇曜,元魏,gaoli_index,雜寶藏經/卷二,5,raw\雜寶藏經\雜寶藏經__juan_0005.txt,clean\雜寶藏經\雜寶藏經__juan_0005.txt,10245,10245
高麗版大藏經,雜寶藏經,雜寶藏經,雜寶藏經,吉迦夜、曇曜,元魏,gaoli_index,雜寶藏經/卷五,6,raw\雜寶藏經\雜寶藏經__juan_0006.txt,clean\雜寶藏經\雜寶藏經__juan_0006.txt,6489,6489
高麗版大藏經,雜寶藏經,雜寶藏經,雜寶藏經,吉迦夜、曇曜,元魏,gaoli_index,雜寶藏經/卷八,7,raw\雜寶藏經\雜寶藏經__juan_0007.txt,clean\雜寶藏經\雜寶藏經__juan_0007.txt,7209,7209
高麗版大藏經,雜寶藏經,雜寶藏經,雜寶藏經,吉迦夜、曇曜,元魏,gaoli_index,雜寶藏經/卷六,8,raw\雜寶藏經\雜寶藏經__juan_0008.txt,clean\雜寶藏經\雜寶藏經__juan_0008.txt,7343,7343
高麗版大藏經,雜寶藏經,雜寶藏經,雜寶藏經,吉迦夜、曇曜,元魏,gaoli_index,雜寶藏經/卷十,9,raw\雜寶藏經\雜寶藏經__juan_0009.txt,clean\雜寶藏經\雜寶藏經__juan_0009.txt,7069,7069
高麗版大藏經,雜寶藏經,雜寶藏經,雜寶藏經,吉迦夜、曇曜,元魏,gaoli_index,雜寶藏經/卷四,10,raw\雜寶藏經\雜寶藏經__juan_0010.txt,clean\雜寶藏經\雜寶藏經__juan_0010.txt,7183,7183
高麗版大藏經,達摩多羅禪經,達摩多羅禪經,達摩多羅禪經,佛陀跋陀羅,東晉,gaoli_index,達摩多羅禪經/卷01,1,raw\達摩多羅禪經\達摩多羅禪經__juan_0001.txt,clean\達摩多羅禪經\達摩多羅禪經__juan_0001.txt,16389,16389
高麗版大藏經,達摩多羅禪經,達摩多羅禪經,達摩多羅禪經,佛陀跋陀羅,東晉,gaoli_index,達摩多羅禪經/卷02,2,raw\達摩多羅禪經\達摩多羅禪經__juan_0002.txt,clean\達摩多羅禪經\達摩多羅禪經__juan_0002.txt,16678,16678
高麗版大藏經,禪法要解,禪法要解,禪法要解,鳩摩羅什,姚秦,gaoli_index,禪法要解/卷01,1,raw\禪法要解\禪法要解__juan_0001.txt,clean\禪法要解\禪法要解__juan_0001.txt,10568,10568
高麗版大藏經,禪法要解,禪法要解,禪法要解,鳩摩羅什,姚秦,gaoli_index,禪法要解/卷02,2,raw\禪法要解\禪法要解__juan_0002.txt,clean\禪法要解\禪法要解__juan_0002.txt,8772,8772
高麗版大藏經,舊雜譬喻經,舊雜譬喻經,舊雜譬喻經,康僧會,吳,gaoli_index,舊雜譬喻經/卷上,1,raw\舊雜譬喻經\舊雜譬喻經__juan_0001.txt,clean\舊雜譬喻經\舊雜譬喻經__juan_0001.txt,11182,11182
高麗版大藏經,舊雜譬喻經,舊雜譬喻經,舊雜譬喻經,康僧會,吳,gaoli_index,舊雜譬喻經/卷下,2,raw\舊雜譬喻經\舊雜譬喻經__juan_0002.txt,clean\舊雜譬喻經\舊雜譬喻經__juan_0002.txt,10178,10178
高麗版大藏經,四阿鋡暮抄解,四阿鋡暮抄解,四阿鋡暮抄解,鳩摩羅佛提等,符秦,gaoli_index,四阿鋡暮抄解/卷第 01,1,raw\四阿鋡暮抄解\四阿鋡暮抄解__juan_0001.txt,clean\四阿鋡暮抄解\四阿鋡暮抄解__juan_0001.txt,14698,14698
高麗版大藏經,四阿鋡暮抄解,四阿鋡暮抄解,四阿鋡暮抄解,鳩摩羅佛提等,符秦,gaoli_index,四阿鋡暮抄解/卷第 02,2,raw\四阿鋡暮抄解\四阿鋡暮抄解__juan_0002.txt,clean\四阿鋡暮抄解\四阿鋡暮抄解__juan_0002.txt,13974,13974
高麗版大藏經,法句譬喻經,法句譬喻經,法句譬喻經,法炬、法立,西晉,gaoli_index,法句譬喻經/卷一,1,raw\法句譬喻經\法句譬喻經__juan_0001.txt,clean\法句譬喻經\法句譬喻經__juan_0001.txt,16279,16279
高麗版大藏經,法句譬喻經,法句譬喻經,法句譬喻經,法炬、法立,西晉,gaoli_index,法句譬喻經/卷三,2,raw\法句譬喻經\法句譬喻經__juan_0002.txt,clean\法句譬喻經\法句譬喻經__juan_0002.txt,14881,14881
高麗版大藏經,法句譬喻經,法句譬喻經,法句譬喻經,法炬、法立,西晉,gaoli_index,法句譬喻經/卷二,3,raw\法句譬喻經\法句譬喻經__juan_0003.txt,clean\法句譬喻經\法句譬喻經__juan_0003.txt,12016,12016
高麗版大藏經,法句譬喻經,法句譬喻經,法句譬喻經,法炬、法立,西晉,gaoli_index,法句譬喻經/卷四,4,raw\法句譬喻經\法句譬喻經__juan_0004.txt,clean\法句譬喻經\法句譬喻經__juan_0004.txt,11750,11750
高麗版大藏經,無明羅剎集,無明羅剎集,無明羅剎集,秦錄,失譯,gaoli_index,無明羅剎集/卷01,1,raw\無明羅剎集\無明羅剎集__juan_0001.txt,clean\無明羅剎集\無明羅剎集__juan_0001.txt,4797,4797
高麗版大藏經,無明羅剎集,無明羅剎集,無明羅剎集,秦錄,失譯,gaoli_index,無明羅剎集/卷02,2,raw\無明羅剎集\無明羅剎集__juan_0002.txt,clean\無明羅剎集\無明羅剎集__juan_0002.txt,4560,4560
高麗版大藏經,無明羅剎集,無明羅剎集,無明羅剎集,秦錄,失譯,gaoli_index,無明羅剎集/卷03,3,raw\無明羅剎集\無明羅剎集__juan_0003.txt,clean\無明羅剎集\無明羅剎集__juan_0003.txt,4281,4281
高麗版大藏經,釋迦方志,釋迦方志,釋迦方志,道宣撰,唐,gaoli_index,釋迦方志/卷上,1,raw\釋迦方志\釋迦方志__juan_0001.txt,clean\釋迦方志\釋迦方志__juan_0001.txt,19386,19386
高麗版大藏經,釋迦方志,釋迦方志,釋迦方志,道宣撰,唐,gaoli_index,釋迦方志/卷下,2,raw\釋迦方志\釋迦方志__juan_0002.txt,clean\釋迦方志\釋迦方志__juan_0002.txt,21668,21668
高麗版大藏經,經律異相,經律異相,經律異相,僧旻、寶唱等集,梁,gaoli_index,經律異相/卷1,1,raw\經律異相\經律異相__juan_0001.txt,clean\經律異相\經律異相__juan_0001.txt,9811,9811
高麗版大藏經,經律異相,經律異相,經律異相,僧旻、寶唱等集,梁,gaoli_index,經律異相/卷10,2,raw\經律異相\經律異相__juan_0002.txt,clean\經律異相\經律異相__juan_0002.txt,9658,9658
高麗版大藏經,經律異相,經律異相,經律異相,僧旻、寶唱等集,梁,gaoli_index,經律異相/卷11,3,raw\經律異相\經律異相__juan_0003.txt,clean\經律異相\經律異相__juan_0003.txt,9271,9271
高麗版大藏經,經律異相,經律異相,經律異相,僧旻、寶唱等集,梁,gaoli_index,經律異相/卷12,4,raw\經律異相\經律異相__juan_0004.txt,clean\經律異相\經律異相__juan_0004.txt,4174,4174
高麗版大藏經,經律異相,經律異相,經律異相,僧旻、寶唱等集,梁,gaoli_index,經律異相/卷13,5,raw\經律異相\經律異相__juan_0005.txt,clean\經律異相\經律異相__juan_0005.txt,8537,8537
高麗版大藏經,經律異相,經律異相,經律異相,僧旻、寶唱等集,梁,gaoli_index,經律異相/卷14,6,raw\經律異相\經律異相__juan_0006.txt,clean\經律異相\經律異相__juan_0006.txt,11402,11402
高麗版大藏經,經律異相,經律異相,經律異相,僧旻、寶唱等集,梁,gaoli_index,經律異相/卷15,7,raw\經律異相\經律異相__juan_0007.txt,clean\經律異相\經律異相__juan_0007.txt,10236,10236
高麗版大藏經,經律異相,經律異相,經律異相,僧旻、寶唱等集,梁,gaoli_index,經律異相/卷16,8,raw\經律異相\經律異相__juan_0008.txt,clean\經律異相\經律異相__juan_0008.txt,8741,8741
高麗版大藏經,經律異相,經律異相,經律異相,僧旻、寶唱等集,梁,gaoli_index,經律異相/卷17,9,raw\經律異相\經律異相__juan_0009.txt,clean\經律異相\經律異相__juan_0009.txt,10696,10696
高麗版大藏經,經律異相,經律異相,經律異相,僧旻、寶唱等集,梁,gaoli_index,經律異相/卷18,10,raw\經律異相\經律異相__juan_0010.txt,clean\經律異相\經律異相__juan_0010.txt,10738,10738
高麗版大藏經,經律異相,經律異相,經律異相,僧旻、寶唱等集,梁,gaoli_index,經律異相/卷19,11,raw\經律異相\經律異相__juan_0011.txt,clean\經律異相\經律異相__juan_0011.txt,12241,12241
高麗版大藏經,經律異相,經律異相,經律異相,僧旻、寶唱等集,梁,gaoli_index,經律異相/卷2,12,raw\經律異相\經律異相__juan_0012.txt,clean\經律異相\經律異相__juan_0012.txt,4757,4757
高麗版大藏經,經律異相,經律異相,經律異相,僧旻、寶唱等集,梁,gaoli_index,經律異相/卷20,13,raw\經律異相\經律異相__juan_0013.txt,clean\經律異相\經律異相__juan_0013.txt,4695,4695
高麗版大藏經,經律異相,經律異相,經律異相,僧旻、寶唱等集,梁,gaoli_index,經律異相/卷21,14,raw\經律異相\經律異相__juan_0014.txt,clean\經律異相\經律異相__juan_0014.txt,7689,7689
高麗版大藏經,經律異相,經律異相,經律異相,僧旻、寶唱等集,梁,gaoli_index,經律異相/卷22,15,raw\經律異相\經律異相__juan_0015.txt,clean\經律異相\經律異相__juan_0015.txt,6694,6694
高麗版大藏經,經律異相,經律異相,經律異相,僧旻、寶唱等集,梁,gaoli_index,經律異相/卷23,16,raw\經律異相\經律異相__juan_0016.txt,clean\經律異相\經律異相__juan_0016.txt,12134,12134
高麗版大藏經,經律異相,經律異相,經律異相,僧旻、寶唱等集,梁,gaoli_index,經律異相/卷24,17,raw\經律異相\經律異相__juan_0017.txt,clean\經律異相\經律異相__juan_0017.txt,12876,12876
高麗版大藏經,經律異相,經律異相,經律異相,僧旻、寶唱等集,梁,gaoli_index,經律異相/卷25,18,raw\經律異相\經律異相__juan_0018.txt,clean\經律異相\經律異相__juan_0018.txt,6790,6790
高麗版大藏經,經律異相,經律異相,經律異相,僧旻、寶唱等集,梁,gaoli_index,經律異相/卷26,19,raw\經律異相\經律異相__juan_0019.txt,clean\經律異相\經律異相__juan_0019.txt,8372,8372
高麗版大藏經,經律異相,經律異相,經律異相,僧旻、寶唱等集,梁,gaoli_index,經律異相/卷27,20,raw\經律異相\經律異相__juan_0020.txt,clean\經律異相\經律異相__juan_0020.txt,7585,7585
高麗版大藏經,經律異相,經律異相,經律異相,僧旻、寶唱等集,梁,gaoli_index,經律異相/卷28,21,raw\經律異相\經律異相__juan_0021.txt,clean\經律異相\經律異相__juan_0021.txt,7724,7724
高麗版大藏經,經律異相,經律異相,經律異相,僧旻、寶唱等集,梁,gaoli_index,經律異相/卷29,22,raw\經律異相\經律異相__juan_0022.txt,clean\經律異相\經律異相__juan_0022.txt,7434,7434
高麗版大藏經,經律異相,經律異相,經律異相,僧旻、寶唱等集,梁,gaoli_index,經律異相/卷3,23,raw\經律異相\經律異相__juan_0023.txt,clean\經律異相\經律異相__juan_0023.txt,7745,7745
高麗版大藏經,經律異相,經律異相,經律異相,僧旻、寶唱等集,梁,gaoli_index,經律異相/卷30,24,raw\經律異相\經律異相__juan_0024.txt,clean\經律異相\經律異相__juan_0024.txt,4510,4510
高麗版大藏經,經律異相,經律異相,經律異相,僧旻、寶唱等集,梁,gaoli_index,經律異相/卷31,25,raw\經律異相\經律異相__juan_0025.txt,clean\經律異相\經律異相__juan_0025.txt,13302,13302
高麗版大藏經,經律異相,經律異相,經律異相,僧旻、寶唱等集,梁,gaoli_index,經律異相/卷32,26,raw\經律異相\經律異相__juan_0026.txt,clean\經律異相\經律異相__juan_0026.txt,12927,12927
高麗版大藏經,經律異相,經律異相,經律異相,僧旻、寶唱等集,梁,gaoli_index,經律異相/卷33,27,raw\經律異相\經律異相__juan_0027.txt,clean\經律異相\經律異相__juan_0027.txt,9621,9621
高麗版大藏經,經律異相,經律異相,經律異相,僧旻、寶唱等集,梁,gaoli_index,經律異相/卷34,28,raw\經律異相\經律異相__juan_0028.txt,clean\經律異相\經律異相__juan_0028.txt,6190,6190
高麗版大藏經,經律異相,經律異相,經律異相,僧旻、寶唱等集,梁,gaoli_index,經律異相/卷35,29,raw\經律異相\經律異相__juan_0029.txt,clean\經律異相\經律異相__juan_0029.txt,7531,7531
高麗版大藏經,經律異相,經律異相,經律異相,僧旻、寶唱等集,梁,gaoli_index,經律異相/卷36,30,raw\經律異相\經律異相__juan_0030.txt,clean\經律異相\經律異相__juan_0030.txt,9875,9875
高麗版大藏經,經律異相,經律異相,經律異相,僧旻、寶唱等集,梁,gaoli_index,經律異相/卷37,31,raw\經律異相\經律異相__juan_0031.txt,clean\經律異相\經律異相__juan_0031.txt,7381,7381
高麗版大藏經,經律異相,經律異相,經律異相,僧旻、寶唱等集,梁,gaoli_index,經律異相/卷38,32,raw\經律異相\經律異相__juan_0032.txt,clean\經律異相\經律異相__juan_0032.txt,5422,5422
高麗版大藏經,經律異相,經律異相,經律異相,僧旻、寶唱等集,梁,gaoli_index,經律異相/卷39,33,raw\經律異相\經律異相__juan_0033.txt,clean\經律異相\經律異相__juan_0033.txt,7290,7290
高麗版大藏經,經律異相,經律異相,經律異相,僧旻、寶唱等集,梁,gaoli_index,經律異相/卷4,34,raw\經律異相\經律異相__juan_0034.txt,clean\經律異相\經律異相__juan_0034.txt,7847,7847
高麗版大藏經,經律異相,經律異相,經律異相,僧旻、寶唱等集,梁,gaoli_index,經律異相/卷40,35,raw\經律異相\經律異相__juan_0035.txt,clean\經律異相\經律異相__juan_0035.txt,7399,7399
高麗版大藏經,經律異相,經律異相,經律異相,僧旻、寶唱等集,梁,gaoli_index,經律異相/卷41,36,raw\經律異相\經律異相__juan_0036.txt,clean\經律異相\經律異相__juan_0036.txt,7711,7711
高麗版大藏經,經律異相,經律異相,經律異相,僧旻、寶唱等集,梁,gaoli_index,經律異相/卷42,37,raw\經律異相\經律異相__juan_0037.txt,clean\經律異相\經律異相__juan_0037.txt,3554,3554
高麗版大藏經,經律異相,經律異相,經律異相,僧旻、寶唱等集,梁,gaoli_index,經律異相/卷43,38,raw\經律異相\經律異相__juan_0038.txt,clean\經律異相\經律異相__juan_0038.txt,9691,9691
高麗版大藏經,經律異相,經律異相,經律異相,僧旻、寶唱等集,梁,gaoli_index,經律異相/卷44,39,raw\經律異相\經律異相__juan_0039.txt,clean\經律異相\經律異相__juan_0039.txt,11871,11871
高麗版大藏經,經律異相,經律異相,經律異相,僧旻、寶唱等集,梁,gaoli_index,經律異相/卷45,40,raw\經律異相\經律異相__juan_0040.txt,clean\經律異相\經律異相__juan_0040.txt,6183,6183
高麗版大藏經,經律異相,經律異相,經律異相,僧旻、寶唱等集,梁,gaoli_index,經律異相/卷46,41,raw\經律異相\經律異相__juan_0041.txt,clean\經律異相\經律異相__juan_0041.txt,9249,9249
高麗版大藏經,經律異相,經律異相,經律異相,僧旻、寶唱等集,梁,gaoli_index,經律異相/卷47,42,raw\經律異相\經律異相__juan_0042.txt,clean\經律異相\經律異相__juan_0042.txt,14566,14566
高麗版大藏經,經律異相,經律異相,經律異相,僧旻、寶唱等集,梁,gaoli_index,經律異相/卷48,43,raw\經律異相\經律異相__juan_0043.txt,clean\經律異相\經律異相__juan_0043.txt,7939,7939
高麗版大藏經,經律異相,經律異相,經律異相,僧旻、寶唱等集,梁,gaoli_index,經律異相/卷49,44,raw\經律異相\經律異相__juan_0044.txt,clean\經律異相\經律異相__juan_0044.txt,6728,6728
高麗版大藏經,經律異相,經律異相,經律異相,僧旻、寶唱等集,梁,gaoli_index,經律異相/卷5,45,raw\經律異相\經律異相__juan_0045.txt,clean\經律異相\經律異相__juan_0045.txt,8130,8130
高麗版大藏經,經律異相,經律異相,經律異相,僧旻、寶唱等集,梁,gaoli_index,經律異相/卷50,46,raw\經律異相\經律異相__juan_0046.txt,clean\經律異相\經律異相__juan_0046.txt,10379,10379
高麗版大藏經,經律異相,經律異相,經律異相,僧旻、寶唱等集,梁,gaoli_index,經律異相/卷6,47,raw\經律異相\經律異相__juan_0047.txt,clean\經律異相\經律異相__juan_0047.txt,12791,12791
高麗版大藏經,經律異相,經律異相,經律異相,僧旻、寶唱等集,梁,gaoli_index,經律異相/卷7,48,raw\經律異相\經律異相__juan_0048.txt,clean\經律異相\經律異相__juan_0048.txt,11653,11653
高麗版大藏經,經律異相,經律異相,經律異相,僧旻、寶唱等集,梁,gaoli_index,經律異相/卷8,49,raw\經律異相\經律異相__juan_0049.txt,clean\經律異相\經律異相__juan_0049.txt,11059,11059
高麗版大藏經,經律異相,經律異相,經律異相,僧旻、寶唱等集,梁,gaoli_index,經律異相/卷9,50,raw\經律異相\經律異相__juan_0050.txt,clean\經律異相\經律異相__juan_0050.txt,6111,6111
高麗版大藏經,諸經要集,諸經要集,諸經要集,道世撰,唐,gaoli_index,諸經要集/卷一,1,raw\諸經要集\諸經要集__juan_0001.txt,clean\諸經要集\諸經要集__juan_0001.txt,12202,12202
高麗版大藏經,諸經要集,諸經要集,諸經要集,道世撰,唐,gaoli_index,諸經要集/卷七,2,raw\諸經要集\諸經要集__juan_0002.txt,clean\諸經要集\諸經要集__juan_0002.txt,16062,16062
高麗版大藏經,諸經要集,諸經要集,諸經要集,道世撰,唐,gaoli_index,諸經要集/卷三,3,raw\諸經要集\諸經要集__juan_0003.txt,clean\諸經要集\諸經要集__juan_0003.txt,13832,13832
高麗版大藏經,諸經要集,諸經要集,諸經要集,道世撰,唐,gaoli_index,諸經要集/卷九,4,raw\諸經要集\諸經要集__juan_0004.txt,clean\諸經要集\諸經要集__juan_0004.txt,14737,14737
高麗版大藏經,諸經要集,諸經要集,諸經要集,道世撰,唐,gaoli_index,諸經要集/卷二,5,raw\諸經要集\諸經要集__juan_0005.txt,clean\諸經要集\諸經要集__juan_0005.txt,17550,17550
高麗版大藏經,諸經要集,諸經要集,諸經要集,道世撰,唐,gaoli_index,諸經要集/卷二十,6,raw\諸經要集\諸經要集__juan_0006.txt,clean\諸經要集\諸經要集__juan_0006.txt,16196,16196
高麗版大藏經,諸經要集,諸經要集,諸經要集,道世撰,唐,gaoli_index,諸經要集/卷五,7,raw\諸經要集\諸經要集__juan_0007.txt,clean\諸經要集\諸經要集__juan_0007.txt,14066,14066
高麗版大藏經,諸經要集,諸經要集,諸經要集,道世撰,唐,gaoli_index,諸經要集/卷八,8,raw\諸經要集\諸經要集__juan_0008.txt,clean\諸經要集\諸經要集__juan_0008.txt,18768,18768
高麗版大藏經,諸經要集,諸經要集,諸經要集,道世撰,唐,gaoli_index,諸經要集/卷六,9,raw\諸經要集\諸經要集__juan_0009.txt,clean\諸經要集\諸經要集__juan_0009.txt,17894,17894
高麗版大藏經,諸經要集,諸經要集,諸經要集,道世撰,唐,gaoli_index,諸經要集/卷十,10,raw\諸經要集\諸經要集__juan_0010.txt,clean\諸經要集\諸經要集__juan_0010.txt,23640,23640
高麗版大藏經,諸經要集,諸經要集,諸經要集,道世撰,唐,gaoli_index,諸經要集/卷十一,11,raw\諸經要集\諸經要集__juan_0011.txt,clean\諸經要集\諸經要集__juan_0011.txt,9055,9055
高麗版大藏經,諸經要集,諸經要集,諸經要集,道世撰,唐,gaoli_index,諸經要集/卷十三,12,raw\諸經要集\諸經要集__juan_0012.txt,clean\諸經要集\諸經要集__juan_0012.txt,14886,14886
高麗版大藏經,諸經要集,諸經要集,諸經要集,道世撰,唐,gaoli_index,諸經要集/卷十九,13,raw\諸經要集\諸經要集__juan_0013.txt,clean\諸經要集\諸經要集__juan_0013.txt,14988,14988
高麗版大藏經,諸經要集,諸經要集,諸經要集,道世撰,唐,gaoli_index,諸經要集/卷十二,14,raw\諸經要集\諸經要集__juan_0014.txt,clean\諸經要集\諸經要集__juan_0014.txt,17632,17632
高麗版大藏經,諸經要集,諸經要集,諸經要集,道世撰,唐,gaoli_index,諸經要集/卷十五,15,raw\諸經要集\諸經要集__juan_0015.txt,clean\諸經要集\諸經要集__juan_0015.txt,15092,15092
高麗版大藏經,諸經要集,諸經要集,諸經要集,道世撰,唐,gaoli_index,諸經要集/卷十八,16,raw\諸經要集\諸經要集__juan_0016.txt,clean\諸經要集\諸經要集__juan_0016.txt,15128,15128
高麗版大藏經,諸經要集,諸經要集,諸經要集,道世撰,唐,gaoli_index,諸經要集/卷十六,17,raw\諸經要集\諸經要集__juan_0017.txt,clean\諸經要集\諸經要集__juan_0017.txt,12174,12174
高麗版大藏經,諸經要集,諸經要集,諸經要集,道世撰,唐,gaoli_index,諸經要集/卷十四,18,raw\諸經要集\諸經要集__juan_0018.txt,clean\諸經要集\諸經要集__juan_0018.txt,17152,17152
高麗版大藏經,諸經要集,諸經要集,諸經要集,道世撰,唐,gaoli_index,諸經要集/卷四,19,raw\諸經要集\諸經要集__juan_0019.txt,clean\諸經要集\諸經要集__juan_0019.txt,17657,17657
高麗版大藏經,出三藏記集,出三藏記集,出三藏記集,僧祐撰,梁,gaoli_index,出三藏記集/卷一,1,raw\出三藏記集\出三藏記集__juan_0001.txt,clean\出三藏記集\出三藏記集__juan_0001.txt,7620,7620
高麗版大藏經,出三藏記集,出三藏記集,出三藏記集,僧祐撰,梁,gaoli_index,出三藏記集/卷七,2,raw\出三藏記集\出三藏記集__juan_0002.txt,clean\出三藏記集\出三藏記集__juan_0002.txt,9114,9114
高麗版大藏經,出三藏記集,出三藏記集,出三藏記集,僧祐撰,梁,gaoli_index,出三藏記集/卷三,3,raw\出三藏記集\出三藏記集__juan_0003.txt,clean\出三藏記集\出三藏記集__juan_0003.txt,9714,9714
高麗版大藏經,出三藏記集,出三藏記集,出三藏記集,僧祐撰,梁,gaoli_index,出三藏記集/卷九,4,raw\出三藏記集\出三藏記集__juan_0004.txt,clean\出三藏記集\出三藏記集__juan_0004.txt,14446,14446
高麗版大藏經,出三藏記集,出三藏記集,出三藏記集,僧祐撰,梁,gaoli_index,出三藏記集/卷二,5,raw\出三藏記集\出三藏記集__juan_0005.txt,clean\出三藏記集\出三藏記集__juan_0005.txt,17719,17719
高麗版大藏經,出三藏記集,出三藏記集,出三藏記集,僧祐撰,梁,gaoli_index,出三藏記集/卷五,6,raw\出三藏記集\出三藏記集__juan_0006.txt,clean\出三藏記集\出三藏記集__juan_0006.txt,8647,8647
高麗版大藏經,出三藏記集,出三藏記集,出三藏記集,僧祐撰,梁,gaoli_index,出三藏記集/卷八,7,raw\出三藏記集\出三藏記集__juan_0007.txt,clean\出三藏記集\出三藏記集__juan_0007.txt,14940,14940
高麗版大藏經,出三藏記集,出三藏記集,出三藏記集,僧祐撰,梁,gaoli_index,出三藏記集/卷六,8,raw\出三藏記集\出三藏記集__juan_0008.txt,clean\出三藏記集\出三藏記集__juan_0008.txt,7238,7238
高麗版大藏經,出三藏記集,出三藏記集,出三藏記集,僧祐撰,梁,gaoli_index,出三藏記集/卷十,9,raw\出三藏記集\出三藏記集__juan_0009.txt,clean\出三藏記集\出三藏記集__juan_0009.txt,13225,13225
高麗版大藏經,出三藏記集,出三藏記集,出三藏記集,僧祐撰,梁,gaoli_index,出三藏記集/卷十一,10,raw\出三藏記集\出三藏記集__juan_0010.txt,clean\出三藏記集\出三藏記集__juan_0010.txt,10644,10644
高麗版大藏經,出三藏記集,出三藏記集,出三藏記集,僧祐撰,梁,gaoli_index,出三藏記集/卷十三,11,raw\出三藏記集\出三藏記集__juan_0011.txt,clean\出三藏記集\出三藏記集__juan_0011.txt,9337,9337
高麗版大藏經,出三藏記集,出三藏記集,出三藏記集,僧祐撰,梁,gaoli_index,出三藏記集/卷十二,12,raw\出三藏記集\出三藏記集__juan_0012.txt,clean\出三藏記集\出三藏記集__juan_0012.txt,20120,20120
高麗版大藏經,出三藏記集,出三藏記集,出三藏記集,僧祐撰,梁,gaoli_index,出三藏記集/卷十五,13,raw\出三藏記集\出三藏記集__juan_0013.txt,clean\出三藏記集\出三藏記集__juan_0013.txt,12597,12597
高麗版大藏經,出三藏記集,出三藏記集,出三藏記集,僧祐撰,梁,gaoli_index,出三藏記集/卷十四,14,raw\出三藏記集\出三藏記集__juan_0014.txt,clean\出三藏記集\出三藏記集__juan_0014.txt,12632,12632
高麗版大藏經,出三藏記集,出三藏記集,出三藏記集,僧祐撰,梁,gaoli_index,出三藏記集/卷四,15,raw\出三藏記集\出三藏記集__juan_0015.txt,clean\出三藏記集\出三藏記集__juan_0015.txt,22937,22937
高麗版大藏經,歷代三寶紀,歷代三寶紀,歷代三寶紀,費長房撰,隋,gaoli_index,歷代三寶紀/卷一,1,raw\歷代三寶紀\歷代三寶紀__juan_0001.txt,clean\歷代三寶紀\歷代三寶紀__juan_0001.txt,8007,8007
高麗版大藏經,大唐內典錄,大唐內典錄,大唐內典錄,道宣撰,唐,gaoli_index,大唐內典錄/卷一,1,raw\大唐內典錄\大唐內典錄__juan_0001.txt,clean\大唐內典錄\大唐內典錄__juan_0001.txt,92,92
高麗版大藏經,大唐內典錄,大唐內典錄,大唐內典錄,道宣撰,唐,gaoli_index,大唐內典錄/卷七,2,raw\大唐內典錄\大唐內典錄__juan_0002.txt,clean\大唐內典錄\大唐內典錄__juan_0002.txt,92,92
高麗版大藏經,大唐內典錄,大唐內典錄,大唐內典錄,道宣撰,唐,gaoli_index,大唐內典錄/卷三,3,raw\大唐內典錄\大唐內典錄__juan_0003.txt,clean\大唐內典錄\大唐內典錄__juan_0003.txt,92,92
高麗版大藏經,大唐內典錄,大唐內典錄,大唐內典錄,道宣撰,唐,gaoli_index,大唐內典錄/卷九,4,raw\大唐內典錄\大唐內典錄__juan_0004.txt,clean\大唐內典錄\大唐內典錄__juan_0004.txt,92,92
高麗版大藏經,大唐內典錄,大唐內典錄,大唐內典錄,道宣撰,唐,gaoli_index,大唐內典錄/卷二,5,raw\大唐內典錄\大唐內典錄__juan_0005.txt,clean\大唐內典錄\大唐內典錄__juan_0005.txt,92,92
高麗版大藏經,大唐內典錄,大唐內典錄,大唐內典錄,道宣撰,唐,gaoli_index,大唐內典錄/卷五,6,raw\大唐內典錄\大唐內典錄__juan_0006.txt,clean\大唐內典錄\大唐內典錄__juan_0006.txt,92,92
高麗版大藏經,大唐內典錄,大唐內典錄,大唐內典錄,道宣撰,唐,gaoli_index,大唐內典錄/卷八,7,raw\大唐內典錄\大唐內典錄__juan_0007.txt,clean\大唐內典錄\大唐內典錄__juan_0007.txt,92,92
高麗版大藏經,大唐內典錄,大唐內典錄,大唐內典錄,道宣撰,唐,gaoli_index,大唐內典錄/卷六,8,raw\大唐內典錄\大唐內典錄__juan_0008.txt,clean\大唐內典錄\大唐內典錄__juan_0008.txt,92,92
高麗版大藏經,大唐內典錄,大唐內典錄,大唐內典錄,道宣撰,唐,gaoli_index,大唐內典錄/卷十,9,raw\大唐內典錄\大唐內典錄__juan_0009.txt,clean\大唐內典錄\大唐內典錄__juan_0009.txt,92,92
高麗版大藏經,大唐內典錄,大唐內典錄,大唐內典錄,道宣撰,唐,gaoli_index,大唐內典錄/卷四,10,raw\大唐內典錄\大唐內典錄__juan_0010.txt,clean\大唐內典錄\大唐內典錄__juan_0010.txt,92,92
高麗版大藏經,大唐西域記,大唐西域記,大唐西域記,玄奘,唐,gaoli_index,大唐西域記/01,1,raw\大唐西域記\大唐西域記__juan_0001.txt,clean\大唐西域記\大唐西域記__juan_0001.txt,11253,11253
高麗版大藏經,大唐西域記,大唐西域記,大唐西域記,玄奘,唐,gaoli_index,大唐西域記/02,2,raw\大唐西域記\大唐西域記__juan_0002.txt,clean\大唐西域記\大唐西域記__juan_0002.txt,11825,11825
高麗版大藏經,大唐西域記,大唐西域記,大唐西域記,玄奘,唐,gaoli_index,大唐西域記/03,3,raw\大唐西域記\大唐西域記__juan_0003.txt,clean\大唐西域記\大唐西域記__juan_0003.txt,10432,10432
高麗版大藏經,大唐西域記,大唐西域記,大唐西域記,玄奘,唐,gaoli_index,大唐西域記/04,4,raw\大唐西域記\大唐西域記__juan_0004.txt,clean\大唐西域記\大唐西域記__juan_0004.txt,9219,9219
高麗版大藏經,大唐西域記,大唐西域記,大唐西域記,玄奘,唐,gaoli_index,大唐西域記/05,5,raw\大唐西域記\大唐西域記__juan_0005.txt,clean\大唐西域記\大唐西域記__juan_0005.txt,9041,9041
高麗版大藏經,大唐西域記,大唐西域記,大唐西域記,玄奘,唐,gaoli_index,大唐西域記/06,6,raw\大唐西域記\大唐西域記__juan_0006.txt,clean\大唐西域記\大唐西域記__juan_0006.txt,10662,10662
高麗版大藏經,大唐西域記,大唐西域記,大唐西域記,玄奘,唐,gaoli_index,大唐西域記/07,7,raw\大唐西域記\大唐西域記__juan_0007.txt,clean\大唐西域記\大唐西域記__juan_0007.txt,9223,9223
高麗版大藏經,大唐西域記,大唐西域記,大唐西域記,玄奘,唐,gaoli_index,大唐西域記/08,8,raw\大唐西域記\大唐西域記__juan_0008.txt,clean\大唐西域記\大唐西域記__juan_0008.txt,14315,14315
高麗版大藏經,大唐西域記,大唐西域記,大唐西域記,玄奘,唐,gaoli_index,大唐西域記/09,9,raw\大唐西域記\大唐西域記__juan_0009.txt,clean\大唐西域記\大唐西域記__juan_0009.txt,11835,11835
高麗版大藏經,大唐西域記,大唐西域記,大唐西域記,玄奘,唐,gaoli_index,大唐西域記/10,10,raw\大唐西域記\大唐西域記__juan_0010.txt,clean\大唐西域記\大唐西域記__juan_0010.txt,10709,10709
高麗版大藏經,大唐西域記,大唐西域記,大唐西域記,玄奘,唐,gaoli_index,大唐西域記/11,11,raw\大唐西域記\大唐西域記__juan_0011.txt,clean\大唐西域記\大唐西域記__juan_0011.txt,11121,11121
高麗版大藏經,大唐西域記,大唐西域記,大唐西域記,玄奘,唐,gaoli_index,大唐西域記/12,12,raw\大唐西域記\大唐西域記__juan_0012.txt,clean\大唐西域記\大唐西域記__juan_0012.txt,14314,14314
高麗版大藏經,大唐大慈恩寺三藏法師傳,大唐大慈恩寺三藏法師傳,大唐大慈恩寺三藏法師傳,慧立本，彥悰箋,唐,gaoli_index,大唐大慈恩寺三藏法師傳/卷01,1,raw\大唐大慈恩寺三藏法師傳\大唐大慈恩寺三藏法師傳__juan_0001.txt,clean\大唐大慈恩寺三藏法師傳\大唐大慈恩寺三藏法師傳__juan_0001.txt,8120,8120
高麗版大藏經,大唐大慈恩寺三藏法師傳,大唐大慈恩寺三藏法師傳,大唐大慈恩寺三藏法師傳,慧立本，彥悰箋,唐,gaoli_index,大唐大慈恩寺三藏法師傳/卷02,2,raw\大唐大慈恩寺三藏法師傳\大唐大慈恩寺三藏法師傳__juan_0002.txt,clean\大唐大慈恩寺三藏法師傳\大唐大慈恩寺三藏法師傳__juan_0002.txt,12839,12839
高麗版大藏經,大唐大慈恩寺三藏法師傳,大唐大慈恩寺三藏法師傳,大唐大慈恩寺三藏法師傳,慧立本，彥悰箋,唐,gaoli_index,大唐大慈恩寺三藏法師傳/卷03,3,raw\大唐大慈恩寺三藏法師傳\大唐大慈恩寺三藏法師傳__juan_0003.txt,clean\大唐大慈恩寺三藏法師傳\大唐大慈恩寺三藏法師傳__juan_0003.txt,11263,11263
高麗版大藏經,大唐大慈恩寺三藏法師傳,大唐大慈恩寺三藏法師傳,大唐大慈恩寺三藏法師傳,慧立本，彥悰箋,唐,gaoli_index,大唐大慈恩寺三藏法師傳/卷04,4,raw\大唐大慈恩寺三藏法師傳\大唐大慈恩寺三藏法師傳__juan_0004.txt,clean\大唐大慈恩寺三藏法師傳\大唐大慈恩寺三藏法師傳__juan_0004.txt,9964,9964
高麗版大藏經,大唐大慈恩寺三藏法師傳,大唐大慈恩寺三藏法師傳,大唐大慈恩寺三藏法師傳,慧立本，彥悰箋,唐,gaoli_index,大唐大慈恩寺三藏法師傳/卷05,5,raw\大唐大慈恩寺三藏法師傳\大唐大慈恩寺三藏法師傳__juan_0005.txt,clean\大唐大慈恩寺三藏法師傳\大唐大慈恩寺三藏法師傳__juan_0005.txt,10974,10974
高麗版大藏經,大唐大慈恩寺三藏法師傳,大唐大慈恩寺三藏法師傳,大唐大慈恩寺三藏法師傳,慧立本，彥悰箋,唐,gaoli_index,大唐大慈恩寺三藏法師傳/卷06,6,raw\大唐大慈恩寺三藏法師傳\大唐大慈恩寺三藏法師傳__juan_0006.txt,clean\大唐大慈恩寺三藏法師傳\大唐大慈恩寺三藏法師傳__juan_0006.txt,7911,7911
高麗版大藏經,大唐大慈恩寺三藏法師傳,大唐大慈恩寺三藏法師傳,大唐大慈恩寺三藏法師傳,慧立本，彥悰箋,唐,gaoli_index,大唐大慈恩寺三藏法師傳/卷07,7,raw\大唐大慈恩寺三藏法師傳\大唐大慈恩寺三藏法師傳__juan_0007.txt,clean\大唐大慈恩寺三藏法師傳\大唐大慈恩寺三藏法師傳__juan_0007.txt,8380,8380
高麗版大藏經,大唐大慈恩寺三藏法師傳,大唐大慈恩寺三藏法師傳,大唐大慈恩寺三藏法師傳,慧立本，彥悰箋,唐,gaoli_index,大唐大慈恩寺三藏法師傳/卷08,8,raw\大唐大慈恩寺三藏法師傳\大唐大慈恩寺三藏法師傳__juan_0008.txt,clean\大唐大慈恩寺三藏法師傳\大唐大慈恩寺三藏法師傳__juan_0008.txt,8867,8867
高麗版大藏經,大唐大慈恩寺三藏法師傳,大唐大慈恩寺三藏法師傳,大唐大慈恩寺三藏法師傳,慧立本，彥悰箋,唐,gaoli_index,大唐大慈恩寺三藏法師傳/卷09,9,raw\大唐大慈恩寺三藏法師傳\大唐大慈恩寺三藏法師傳__juan_0009.txt,clean\大唐大慈恩寺三藏法師傳\大唐大慈恩寺三藏法師傳__juan_0009.txt,12059,12059
高麗版大藏經,大唐大慈恩寺三藏法師傳,大唐大慈恩寺三藏法師傳,大唐大慈恩寺三藏法師傳,慧立本，彥悰箋,唐,gaoli_index,大唐大慈恩寺三藏法師傳/卷10,10,raw\大唐大慈恩寺三藏法師傳\大唐大慈恩寺三藏法師傳__juan_0010.txt,clean\大唐大慈恩寺三藏法師傳\大唐大慈恩寺三藏法師傳__juan_0010.txt,7191,7191
高麗版大藏經,大唐西域求法高僧傳,大唐西域求法高僧傳,大唐西域求法高僧傳,義淨撰,唐,gaoli_index,大唐西域求法高僧傳/卷上,1,raw\大唐西域求法高僧傳\大唐西域求法高僧傳__juan_0001.txt,clean\大唐西域求法高僧傳\大唐西域求法高僧傳__juan_0001.txt,9587,9587
高麗版大藏經,大唐西域求法高僧傳,大唐西域求法高僧傳,大唐西域求法高僧傳,義淨撰,唐,gaoli_index,大唐西域求法高僧傳/卷下,2,raw\大唐西域求法高僧傳\大唐西域求法高僧傳__juan_0002.txt,clean\大唐西域求法高僧傳\大唐西域求法高僧傳__juan_0002.txt,10279,10279
高麗版大藏經,續高僧傳,續高僧傳,續高僧傳,道宣撰,唐,gaoli_index,續高僧傳/卷00,1,raw\續高僧傳\續高僧傳__juan_0001.txt,clean\續高僧傳\續高僧傳__juan_0001.txt,1445,1445
高麗版大藏經,續高僧傳,續高僧傳,續高僧傳,道宣撰,唐,gaoli_index,續高僧傳/卷01,2,raw\續高僧傳\續高僧傳__juan_0002.txt,clean\續高僧傳\續高僧傳__juan_0002.txt,10965,10965
高麗版大藏經,續高僧傳,續高僧傳,續高僧傳,道宣撰,唐,gaoli_index,續高僧傳/卷02,3,raw\續高僧傳\續高僧傳__juan_0003.txt,clean\續高僧傳\續高僧傳__juan_0003.txt,13470,13470
高麗版大藏經,續高僧傳,續高僧傳,續高僧傳,道宣撰,唐,gaoli_index,續高僧傳/卷03,4,raw\續高僧傳\續高僧傳__juan_0004.txt,clean\續高僧傳\續高僧傳__juan_0004.txt,11690,11690
高麗版大藏經,續高僧傳,續高僧傳,續高僧傳,道宣撰,唐,gaoli_index,續高僧傳/卷04,5,raw\續高僧傳\續高僧傳__juan_0005.txt,clean\續高僧傳\續高僧傳__juan_0005.txt,22623,22623
高麗版大藏經,續高僧傳,續高僧傳,續高僧傳,道宣撰,唐,gaoli_index,續高僧傳/卷05,6,raw\續高僧傳\續高僧傳__juan_0006.txt,clean\續高僧傳\續高僧傳__juan_0006.txt,13640,13640
高麗版大藏經,續高僧傳,續高僧傳,續高僧傳,道宣撰,唐,gaoli_index,續高僧傳/卷06,7,raw\續高僧傳\續高僧傳__juan_0007.txt,clean\續高僧傳\續高僧傳__juan_0007.txt,14884,14884
高麗版大藏經,續高僧傳,續高僧傳,續高僧傳,道宣撰,唐,gaoli_index,續高僧傳/卷07,8,raw\續高僧傳\續高僧傳__juan_0008.txt,clean\續高僧傳\續高僧傳__juan_0008.txt,12017,12017
高麗版大藏經,續高僧傳,續高僧傳,續高僧傳,道宣撰,唐,gaoli_index,續高僧傳/卷08,9,raw\續高僧傳\續高僧傳__juan_0009.txt,clean\續高僧傳\續高僧傳__juan_0009.txt,15662,15662
高麗版大藏經,續高僧傳,續高僧傳,續高僧傳,道宣撰,唐,gaoli_index,續高僧傳/卷09,10,raw\續高僧傳\續高僧傳__juan_0010.txt,clean\續高僧傳\續高僧傳__juan_0010.txt,15388,15388
高麗版大藏經,續高僧傳,續高僧傳,續高僧傳,道宣撰,唐,gaoli_index,續高僧傳/卷10,11,raw\續高僧傳\續高僧傳__juan_0011.txt,clean\續高僧傳\續高僧傳__juan_0011.txt,12606,12606
高麗版大藏經,續高僧傳,續高僧傳,續高僧傳,道宣撰,唐,gaoli_index,續高僧傳/卷11,12,raw\續高僧傳\續高僧傳__juan_0012.txt,clean\續高僧傳\續高僧傳__juan_0012.txt,11588,11588
高麗版大藏經,續高僧傳,續高僧傳,續高僧傳,道宣撰,唐,gaoli_index,續高僧傳/卷12,13,raw\續高僧傳\續高僧傳__juan_0013.txt,clean\續高僧傳\續高僧傳__juan_0013.txt,11648,11648
高麗版大藏經,續高僧傳,續高僧傳,續高僧傳,道宣撰,唐,gaoli_index,續高僧傳/卷13,14,raw\續高僧傳\續高僧傳__juan_0014.txt,clean\續高僧傳\續高僧傳__juan_0014.txt,16730,16730
高麗版大藏經,續高僧傳,續高僧傳,續高僧傳,道宣撰,唐,gaoli_index,續高僧傳/卷14,15,raw\續高僧傳\續高僧傳__juan_0015.txt,clean\續高僧傳\續高僧傳__juan_0015.txt,12018,12018
高麗版大藏經,續高僧傳,續高僧傳,續高僧傳,道宣撰,唐,gaoli_index,續高僧傳/卷15,16,raw\續高僧傳\續高僧傳__juan_0016.txt,clean\續高僧傳\續高僧傳__juan_0016.txt,20097,20097
高麗版大藏經,續高僧傳,續高僧傳,續高僧傳,道宣撰,唐,gaoli_index,續高僧傳/卷16,17,raw\續高僧傳\續高僧傳__juan_0017.txt,clean\續高僧傳\續高僧傳__juan_0017.txt,18792,18792
高麗版大藏經,續高僧傳,續高僧傳,續高僧傳,道宣撰,唐,gaoli_index,續高僧傳/卷17,18,raw\續高僧傳\續高僧傳__juan_0018.txt,clean\續高僧傳\續高僧傳__juan_0018.txt,17757,17757
高麗版大藏經,續高僧傳,續高僧傳,續高僧傳,道宣撰,唐,gaoli_index,續高僧傳/卷18,19,raw\續高僧傳\續高僧傳__juan_0019.txt,clean\續高僧傳\續高僧傳__juan_0019.txt,13528,13528
高麗版大藏經,續高僧傳,續高僧傳,續高僧傳,道宣撰,唐,gaoli_index,續高僧傳/卷19,20,raw\續高僧傳\續高僧傳__juan_0020.txt,clean\續高僧傳\續高僧傳__juan_0020.txt,15346,15346
高麗版大藏經,續高僧傳,續高僧傳,續高僧傳,道宣撰,唐,gaoli_index,續高僧傳/卷20,21,raw\續高僧傳\續高僧傳__juan_0021.txt,clean\續高僧傳\續高僧傳__juan_0021.txt,32013,32013
高麗版大藏經,續高僧傳,續高僧傳,續高僧傳,道宣撰,唐,gaoli_index,續高僧傳/卷21,22,raw\續高僧傳\續高僧傳__juan_0022.txt,clean\續高僧傳\續高僧傳__juan_0022.txt,12073,12073
高麗版大藏經,續高僧傳,續高僧傳,續高僧傳,道宣撰,唐,gaoli_index,續高僧傳/卷22,23,raw\續高僧傳\續高僧傳__juan_0023.txt,clean\續高僧傳\續高僧傳__juan_0023.txt,18102,18102
高麗版大藏經,續高僧傳,續高僧傳,續高僧傳,道宣撰,唐,gaoli_index,續高僧傳/卷23,24,raw\續高僧傳\續高僧傳__juan_0024.txt,clean\續高僧傳\續高僧傳__juan_0024.txt,13711,13711
高麗版大藏經,續高僧傳,續高僧傳,續高僧傳,道宣撰,唐,gaoli_index,續高僧傳/卷24,25,raw\續高僧傳\續高僧傳__juan_0025.txt,clean\續高僧傳\續高僧傳__juan_0025.txt,19064,19064
高麗版大藏經,續高僧傳,續高僧傳,續高僧傳,道宣撰,唐,gaoli_index,續高僧傳/卷25,26,raw\續高僧傳\續高僧傳__juan_0026.txt,clean\續高僧傳\續高僧傳__juan_0026.txt,39873,39873
高麗版大藏經,續高僧傳,續高僧傳,續高僧傳,道宣撰,唐,gaoli_index,續高僧傳/卷26,27,raw\續高僧傳\續高僧傳__juan_0027.txt,clean\續高僧傳\續高僧傳__juan_0027.txt,18914,18914
高麗版大藏經,續高僧傳,續高僧傳,續高僧傳,道宣撰,唐,gaoli_index,續高僧傳/卷27,28,raw\續高僧傳\續高僧傳__juan_0028.txt,clean\續高僧傳\續高僧傳__juan_0028.txt,13184,13184
高麗版大藏經,續高僧傳,續高僧傳,續高僧傳,道宣撰,唐,gaoli_index,續高僧傳/卷28,29,raw\續高僧傳\續高僧傳__juan_0029.txt,clean\續高僧傳\續高僧傳__juan_0029.txt,9642,9642
高麗版大藏經,續高僧傳,續高僧傳,續高僧傳,道宣撰,唐,gaoli_index,續高僧傳/卷29,30,raw\續高僧傳\續高僧傳__juan_0030.txt,clean\續高僧傳\續高僧傳__juan_0030.txt,15890,15890
高麗版大藏經,續高僧傳,續高僧傳,續高僧傳,道宣撰,唐,gaoli_index,續高僧傳/卷30,31,raw\續高僧傳\續高僧傳__juan_0031.txt,clean\續高僧傳\續高僧傳__juan_0031.txt,11321,11321
高麗版大藏經,弘明集,弘明集,弘明集,僧祐撰,梁,gaoli_index,弘明集/01,1,raw\弘明集\弘明集__juan_0001.txt,clean\弘明集\弘明集__juan_0001.txt,14925,14925
高麗版大藏經,弘明集,弘明集,弘明集,僧祐撰,梁,gaoli_index,弘明集/02,2,raw\弘明集\弘明集__juan_0002.txt,clean\弘明集\弘明集__juan_0002.txt,12537,12537
高麗版大藏經,弘明集,弘明集,弘明集,僧祐撰,梁,gaoli_index,弘明集/03,3,raw\弘明集\弘明集__juan_0003.txt,clean\弘明集\弘明集__juan_0003.txt,9685,9685
高麗版大藏經,弘明集,弘明集,弘明集,僧祐撰,梁,gaoli_index,弘明集/04,4,raw\弘明集\弘明集__juan_0004.txt,clean\弘明集\弘明集__juan_0004.txt,9450,9450
高麗版大藏經,弘明集,弘明集,弘明集,僧祐撰,梁,gaoli_index,弘明集/05,5,raw\弘明集\弘明集__juan_0005.txt,clean\弘明集\弘明集__juan_0005.txt,12825,12825
高麗版大藏經,弘明集,弘明集,弘明集,僧祐撰,梁,gaoli_index,弘明集/06,6,raw\弘明集\弘明集__juan_0006.txt,clean\弘明集\弘明集__juan_0006.txt,13537,13537
高麗版大藏經,弘明集,弘明集,弘明集,僧祐撰,梁,gaoli_index,弘明集/07,7,raw\弘明集\弘明集__juan_0007.txt,clean\弘明集\弘明集__juan_0007.txt,8708,8708
高麗版大藏經,弘明集,弘明集,弘明集,僧祐撰,梁,gaoli_index,弘明集/08,8,raw\弘明集\弘明集__juan_0008.txt,clean\弘明集\弘明集__juan_0008.txt,10017,10017
高麗版大藏經,弘明集,弘明集,弘明集,僧祐撰,梁,gaoli_index,弘明集/09,9,raw\弘明集\弘明集__juan_0009.txt,clean\弘明集\弘明集__juan_0009.txt,10849,10849
高麗版大藏經,弘明集,弘明集,弘明集,僧祐撰,梁,gaoli_index,弘明集/10,10,raw\弘明集\弘明集__juan_0010.txt,clean\弘明集\弘明集__juan_0010.txt,13615,13615
高麗版大藏經,弘明集,弘明集,弘明集,僧祐撰,梁,gaoli_index,弘明集/11,11,raw\弘明集\弘明集__juan_0011.txt,clean\弘明集\弘明集__juan_0011.txt,12077,12077
高麗版大藏經,弘明集,弘明集,弘明集,僧祐撰,梁,gaoli_index,弘明集/12,12,raw\弘明集\弘明集__juan_0012.txt,clean\弘明集\弘明集__juan_0012.txt,15818,15818
高麗版大藏經,弘明集,弘明集,弘明集,僧祐撰,梁,gaoli_index,弘明集/13,13,raw\弘明集\弘明集__juan_0013.txt,clean\弘明集\弘明集__juan_0013.txt,9026,9026
高麗版大藏經,弘明集,弘明集,弘明集,僧祐撰,梁,gaoli_index,弘明集/14,14,raw\弘明集\弘明集__juan_0014.txt,clean\弘明集\弘明集__juan_0014.txt,6109,6109
高麗版大藏經,弘明集,弘明集,弘明集,僧祐撰,梁,gaoli_index,弘明集/15,15,raw\弘明集\弘明集__juan_0015.txt,clean\弘明集\弘明集__juan_0015.txt,2540,2540
高麗版大藏經,廣弘明集,廣弘明集,廣弘明集,道宣撰,唐,gaoli_index,廣弘明集/01,1,raw\廣弘明集\廣弘明集__juan_0001.txt,clean\廣弘明集\廣弘明集__juan_0001.txt,6807,6807
高麗版大藏經,廣弘明集,廣弘明集,廣弘明集,道宣撰,唐,gaoli_index,廣弘明集/02,2,raw\廣弘明集\廣弘明集__juan_0002.txt,clean\廣弘明集\廣弘明集__juan_0002.txt,9786,9786
高麗版大藏經,廣弘明集,廣弘明集,廣弘明集,道宣撰,唐,gaoli_index,廣弘明集/03,3,raw\廣弘明集\廣弘明集__juan_0003.txt,clean\廣弘明集\廣弘明集__juan_0003.txt,8905,8905
高麗版大藏經,廣弘明集,廣弘明集,廣弘明集,道宣撰,唐,gaoli_index,廣弘明集/04,4,raw\廣弘明集\廣弘明集__juan_0004.txt,clean\廣弘明集\廣弘明集__juan_0004.txt,10349,10349
高麗版大藏經,廣弘明集,廣弘明集,廣弘明集,道宣撰,唐,gaoli_index,廣弘明集/05,5,raw\廣弘明集\廣弘明集__juan_0005.txt,clean\廣弘明集\廣弘明集__juan_0005.txt,8987,8987
高麗版大藏經,廣弘明集,廣弘明集,廣弘明集,道宣撰,唐,gaoli_index,廣弘明集/06,6,raw\廣弘明集\廣弘明集__juan_0006.txt,clean\廣弘明集\廣弘明集__juan_0006.txt,9414,9414
高麗版大藏經,廣弘明集,廣弘明集,廣弘明集,道宣撰,唐,gaoli_index,廣弘明集/07,7,raw\廣弘明集\廣弘明集__juan_0007.txt,clean\廣弘明集\廣弘明集__juan_0007.txt,11821,11821
高麗版大藏經,廣弘明集,廣弘明集,廣弘明集,道宣撰,唐,gaoli_index,廣弘明集/08,8,raw\廣弘明集\廣弘明集__juan_0008.txt,clean\廣弘明集\廣弘明集__juan_0008.txt,15430,15430
高麗版大藏經,廣弘明集,廣弘明集,廣弘明集,道宣撰,唐,gaoli_index,廣弘明集/09,9,raw\廣弘明集\廣弘明集__juan_0009.txt,clean\廣弘明集\廣弘明集__juan_0009.txt,15523,15523
高麗版大藏經,廣弘明集,廣弘明集,廣弘明集,道宣撰,唐,gaoli_index,廣弘明集/10,10,raw\廣弘明集\廣弘明集__juan_0010.txt,clean\廣弘明集\廣弘明集__juan_0010.txt,12413,12413
高麗版大藏經,廣弘明集,廣弘明集,廣弘明集,道宣撰,唐,gaoli_index,廣弘明集/11,11,raw\廣弘明集\廣弘明集__juan_0011.txt,clean\廣弘明集\廣弘明集__juan_0011.txt,14752,14752
高麗版大藏經,廣弘明集,廣弘明集,廣弘明集,道宣撰,唐,gaoli_index,廣弘明集/12,12,raw\廣弘明集\廣弘明集__juan_0012.txt,clean\廣弘明集\廣弘明集__juan_0012.txt,12963,12963
高麗版大藏經,廣弘明集,廣弘明集,廣弘明集,道宣撰,唐,gaoli_index,廣弘明集/13,13,raw\廣弘明集\廣弘明集__juan_0013.txt,clean\廣弘明集\廣弘明集__juan_0013.txt,21073,21073
高麗版大藏經,廣弘明集,廣弘明集,廣弘明集,道宣撰,唐,gaoli_index,廣弘明集/14,14,raw\廣弘明集\廣弘明集__juan_0014.txt,clean\廣弘明集\廣弘明集__juan_0014.txt,13295,13295
高麗版大藏經,廣弘明集,廣弘明集,廣弘明集,道宣撰,唐,gaoli_index,廣弘明集/15,15,raw\廣弘明集\廣弘明集__juan_0015.txt,clean\廣弘明集\廣弘明集__juan_0015.txt,21106,21106
高麗版大藏經,廣弘明集,廣弘明集,廣弘明集,道宣撰,唐,gaoli_index,廣弘明集/16,16,raw\廣弘明集\廣弘明集__juan_0016.txt,clean\廣弘明集\廣弘明集__juan_0016.txt,7100,7100
高麗版大藏經,廣弘明集,廣弘明集,廣弘明集,道宣撰,唐,gaoli_index,廣弘明集/17,17,raw\廣弘明集\廣弘明集__juan_0017.txt,clean\廣弘明集\廣弘明集__juan_0017.txt,12801,12801
高麗版大藏經,廣弘明集,廣弘明集,廣弘明集,道宣撰,唐,gaoli_index,廣弘明集/18,18,raw\廣弘明集\廣弘明集__juan_0018.txt,clean\廣弘明集\廣弘明集__juan_0018.txt,16717,16717
高麗版大藏經,廣弘明集,廣弘明集,廣弘明集,道宣撰,唐,gaoli_index,廣弘明集/19,19,raw\廣弘明集\廣弘明集__juan_0019.txt,clean\廣弘明集\廣弘明集__juan_0019.txt,15014,15014
高麗版大藏經,廣弘明集,廣弘明集,廣弘明集,道宣撰,唐,gaoli_index,廣弘明集/20,20,raw\廣弘明集\廣弘明集__juan_0020.txt,clean\廣弘明集\廣弘明集__juan_0020.txt,11925,11925
高麗版大藏經,廣弘明集,廣弘明集,廣弘明集,道宣撰,唐,gaoli_index,廣弘明集/21,21,raw\廣弘明集\廣弘明集__juan_0021.txt,clean\廣弘明集\廣弘明集__juan_0021.txt,10008,10008
高麗版大藏經,廣弘明集,廣弘明集,廣弘明集,道宣撰,唐,gaoli_index,廣弘明集/22,22,raw\廣弘明集\廣弘明集__juan_0022.txt,clean\廣弘明集\廣弘明集__juan_0022.txt,17407,17407
高麗版大藏經,廣弘明集,廣弘明集,廣弘明集,道宣撰,唐,gaoli_index,廣弘明集/23,23,raw\廣弘明集\廣弘明集__juan_0023.txt,clean\廣弘明集\廣弘明集__juan_0023.txt,15268,15268
高麗版大藏經,廣弘明集,廣弘明集,廣弘明集,道宣撰,唐,gaoli_index,廣弘明集/24,24,raw\廣弘明集\廣弘明集__juan_0024.txt,clean\廣弘明集\廣弘明集__juan_0024.txt,14616,14616
高麗版大藏經,廣弘明集,廣弘明集,廣弘明集,道宣撰,唐,gaoli_index,廣弘明集/25,25,raw\廣弘明集\廣弘明集__juan_0025.txt,clean\廣弘明集\廣弘明集__juan_0025.txt,20571,20571
高麗版大藏經,廣弘明集,廣弘明集,廣弘明集,道宣撰,唐,gaoli_index,廣弘明集/26,26,raw\廣弘明集\廣弘明集__juan_0026.txt,clean\廣弘明集\廣弘明集__juan_0026.txt,19347,19347
高麗版大藏經,廣弘明集,廣弘明集,廣弘明集,道宣撰,唐,gaoli_index,廣弘明集/27,27,raw\廣弘明集\廣弘明集__juan_0027.txt,clean\廣弘明集\廣弘明集__juan_0027.txt,29526,29526
高麗版大藏經,廣弘明集,廣弘明集,廣弘明集,道宣撰,唐,gaoli_index,廣弘明集/28,28,raw\廣弘明集\廣弘明集__juan_0028.txt,clean\廣弘明集\廣弘明集__juan_0028.txt,23107,23107
高麗版大藏經,廣弘明集,廣弘明集,廣弘明集,道宣撰,唐,gaoli_index,廣弘明集/29,29,raw\廣弘明集\廣弘明集__juan_0029.txt,clean\廣弘明集\廣弘明集__juan_0029.txt,23251,23251
高麗版大藏經,廣弘明集,廣弘明集,廣弘明集,道宣撰,唐,gaoli_index,廣弘明集/30,30,raw\廣弘明集\廣弘明集__juan_0030.txt,clean\廣弘明集\廣弘明集__juan_0030.txt,17108,17108
高麗版大藏經,南海寄歸內法傳,南海寄歸內法傳,南海寄歸內法傳,義淨撰,唐,gaoli_index,南海寄歸內法傳/卷第一,1,raw\南海寄歸內法傳\南海寄歸內法傳__juan_0001.txt,clean\南海寄歸內法傳\南海寄歸內法傳__juan_0001.txt,12855,12855
高麗版大藏經,南海寄歸內法傳,南海寄歸內法傳,南海寄歸內法傳,義淨撰,唐,gaoli_index,南海寄歸內法傳/卷第三,2,raw\南海寄歸內法傳\南海寄歸內法傳__juan_0002.txt,clean\南海寄歸內法傳\南海寄歸內法傳__juan_0002.txt,99,99
高麗版大藏經,南海寄歸內法傳,南海寄歸內法傳,南海寄歸內法傳,義淨撰,唐,gaoli_index,南海寄歸內法傳/卷第二,3,raw\南海寄歸內法傳\南海寄歸內法傳__juan_0003.txt,clean\南海寄歸內法傳\南海寄歸內法傳__juan_0003.txt,99,99
高麗版大藏經,南海寄歸內法傳,南海寄歸內法傳,南海寄歸內法傳,義淨撰,唐,gaoli_index,南海寄歸內法傳/卷第四,4,raw\南海寄歸內法傳\南海寄歸內法傳__juan_0004.txt,clean\南海寄歸內法傳\南海寄歸內法傳__juan_0004.txt,99,99
高麗版大藏經,佛說大乘莊嚴寶王經,佛說大乘莊嚴寶王經,佛說大乘莊嚴寶王經,天息災,宋,gaoli_index,佛說大乘莊嚴寶王經/卷一,1,raw\佛說大乘莊嚴寶王經\佛說大乘莊嚴寶王經__juan_0001.txt,clean\佛說大乘莊嚴寶王經\佛說大乘莊嚴寶王經__juan_0001.txt,7203,7203
高麗版大藏經,佛說大乘莊嚴寶王經,佛說大乘莊嚴寶王經,佛說大乘莊嚴寶王經,天息災,宋,gaoli_index,佛說大乘莊嚴寶王經/卷三,2,raw\佛說大乘莊嚴寶王經\佛說大乘莊嚴寶王經__juan_0002.txt,clean\佛說大乘莊嚴寶王經\佛說大乘莊嚴寶王經__juan_0002.txt,6610,6610
高麗版大藏經,佛說大乘莊嚴寶王經,佛說大乘莊嚴寶王經,佛說大乘莊嚴寶王經,天息災,宋,gaoli_index,佛說大乘莊嚴寶王經/卷二,3,raw\佛說大乘莊嚴寶王經\佛說大乘莊嚴寶王經__juan_0003.txt,clean\佛說大乘莊嚴寶王經\佛說大乘莊嚴寶王經__juan_0003.txt,7530,7530
高麗版大藏經,佛說大乘莊嚴寶王經,佛說大乘莊嚴寶王經,佛說大乘莊嚴寶王經,天息災,宋,gaoli_index,佛說大乘莊嚴寶王經/卷四,4,raw\佛說大乘莊嚴寶王經\佛說大乘莊嚴寶王經__juan_0004.txt,clean\佛說大乘莊嚴寶王經\佛說大乘莊嚴寶王經__juan_0004.txt,7080,7080
高麗版大藏經,大方廣總持寶光明經,大方廣總持寶光明經,大方廣總持寶光明經,法天,宋,gaoli_index,大方廣總持寶光明經/卷第一,1,raw\大方廣總持寶光明經\大方廣總持寶光明經__juan_0001.txt,clean\大方廣總持寶光明經\大方廣總持寶光明經__juan_0001.txt,7671,7671
高麗版大藏經,大方廣總持寶光明經,大方廣總持寶光明經,大方廣總持寶光明經,法天,宋,gaoli_index,大方廣總持寶光明經/卷第三,2,raw\大方廣總持寶光明經\大方廣總持寶光明經__juan_0002.txt,clean\大方廣總持寶光明經\大方廣總持寶光明經__juan_0002.txt,7204,7204
高麗版大藏經,大方廣總持寶光明經,大方廣總持寶光明經,大方廣總持寶光明經,法天,宋,gaoli_index,大方廣總持寶光明經/卷第二,3,raw\大方廣總持寶光明經\大方廣總持寶光明經__juan_0003.txt,clean\大方廣總持寶光明經\大方廣總持寶光明經__juan_0003.txt,8108,8108
高麗版大藏經,大方廣總持寶光明經,大方廣總持寶光明經,大方廣總持寶光明經,法天,宋,gaoli_index,大方廣總持寶光明經/卷第五,4,raw\大方廣總持寶光明經\大方廣總持寶光明經__juan_0004.txt,clean\大方廣總持寶光明經\大方廣總持寶光明經__juan_0004.txt,7008,7008
高麗版大藏經,大方廣總持寶光明經,大方廣總持寶光明經,大方廣總持寶光明經,法天,宋,gaoli_index,大方廣總持寶光明經/卷第四,5,raw\大方廣總持寶光明經\大方廣總持寶光明經__juan_0005.txt,clean\大方廣總持寶光明經\大方廣總持寶光明經__juan_0005.txt,7347,7347
高麗版大藏經,分別善惡報應經,分別善惡報應經,分別善惡報應經,天息災,宋,gaoli_index,分別善惡報應經/卷上,1,raw\分別善惡報應經\分別善惡報應經__juan_0001.txt,clean\分別善惡報應經\分別善惡報應經__juan_0001.txt,5761,5761
高麗版大藏經,分別善惡報應經,分別善惡報應經,分別善惡報應經,天息災,宋,gaoli_index,分別善惡報應經/卷下,2,raw\分別善惡報應經\分別善惡報應經__juan_0002.txt,clean\分別善惡報應經\分別善惡報應經__juan_0002.txt,4638,4638
高麗版大藏經,妙法聖念處經,妙法聖念處經,妙法聖念處經,法天,宋,gaoli_index,妙法聖念處經/卷01,1,raw\妙法聖念處經\妙法聖念處經__juan_0001.txt,clean\妙法聖念處經\妙法聖念處經__juan_0001.txt,4392,4392
高麗版大藏經,妙法聖念處經,妙法聖念處經,妙法聖念處經,法天,宋,gaoli_index,妙法聖念處經/卷02,2,raw\妙法聖念處經\妙法聖念處經__juan_0002.txt,clean\妙法聖念處經\妙法聖念處經__juan_0002.txt,4432,4432
高麗版大藏經,妙法聖念處經,妙法聖念處經,妙法聖念處經,法天,宋,gaoli_index,妙法聖念處經/卷03,3,raw\妙法聖念處經\妙法聖念處經__juan_0003.txt,clean\妙法聖念處經\妙法聖念處經__juan_0003.txt,5795,5795
高麗版大藏經,妙法聖念處經,妙法聖念處經,妙法聖念處經,法天,宋,gaoli_index,妙法聖念處經/卷04,4,raw\妙法聖念處經\妙法聖念處經__juan_0004.txt,clean\妙法聖念處經\妙法聖念處經__juan_0004.txt,3698,3698
高麗版大藏經,妙法聖念處經,妙法聖念處經,妙法聖念處經,法天,宋,gaoli_index,妙法聖念處經/卷05,5,raw\妙法聖念處經\妙法聖念處經__juan_0005.txt,clean\妙法聖念處經\妙法聖念處經__juan_0005.txt,5309,5309
高麗版大藏經,妙法聖念處經,妙法聖念處經,妙法聖念處經,法天,宋,gaoli_index,妙法聖念處經/卷06,6,raw\妙法聖念處經\妙法聖念處經__juan_0006.txt,clean\妙法聖念處經\妙法聖念處經__juan_0006.txt,5568,5568
高麗版大藏經,妙法聖念處經,妙法聖念處經,妙法聖念處經,法天,宋,gaoli_index,妙法聖念處經/卷07,7,raw\妙法聖念處經\妙法聖念處經__juan_0007.txt,clean\妙法聖念處經\妙法聖念處經__juan_0007.txt,5407,5407
高麗版大藏經,妙法聖念處經,妙法聖念處經,妙法聖念處經,法天,宋,gaoli_index,妙法聖念處經/卷08,8,raw\妙法聖念處經\妙法聖念處經__juan_0008.txt,clean\妙法聖念處經\妙法聖念處經__juan_0008.txt,5943,5943
高麗版大藏經,菩提行經,菩提行經,菩提行經,天息災,宋,gaoli_index,菩提行經/卷001,1,raw\菩提行經\菩提行經__juan_0001.txt,clean\菩提行經\菩提行經__juan_0001.txt,4753,4753
高麗版大藏經,菩提行經,菩提行經,菩提行經,天息災,宋,gaoli_index,菩提行經/卷002,2,raw\菩提行經\菩提行經__juan_0002.txt,clean\菩提行經\菩提行經__juan_0002.txt,6183,6183
高麗版大藏經,菩提行經,菩提行經,菩提行經,天息災,宋,gaoli_index,菩提行經/卷003,3,raw\菩提行經\菩提行經__juan_0003.txt,clean\菩提行經\菩提行經__juan_0003.txt,5290,5290
高麗版大藏經,菩提行經,菩提行經,菩提行經,天息災,宋,gaoli_index,菩提行經/卷004,4,raw\菩提行經\菩提行經__juan_0004.txt,clean\菩提行經\菩提行經__juan_0004.txt,6537,6537
高麗版大藏經,十二緣生祥瑞經,十二緣生祥瑞經,十二緣生祥瑞經,施護,宋,gaoli_index,十二緣生祥瑞經/卷01,1,raw\十二緣生祥瑞經\十二緣生祥瑞經__juan_0001.txt,clean\十二緣生祥瑞經\十二緣生祥瑞經__juan_0001.txt,4286,4286
高麗版大藏經,十二緣生祥瑞經,十二緣生祥瑞經,十二緣生祥瑞經,施護,宋,gaoli_index,十二緣生祥瑞經/卷02,2,raw\十二緣生祥瑞經\十二緣生祥瑞經__juan_0002.txt,clean\十二緣生祥瑞經\十二緣生祥瑞經__juan_0002.txt,3677,3677
高麗版大藏經,佛說眾許摩訶帝經,佛說眾許摩訶帝經,佛說眾許摩訶帝經,法賢,宋,gaoli_index,佛說眾許摩訶帝經/01,1,raw\佛說眾許摩訶帝經\佛說眾許摩訶帝經__juan_0001.txt,clean\佛說眾許摩訶帝經\佛說眾許摩訶帝經__juan_0001.txt,6069,6069
高麗版大藏經,佛說眾許摩訶帝經,佛說眾許摩訶帝經,佛說眾許摩訶帝經,法賢,宋,gaoli_index,佛說眾許摩訶帝經/02,2,raw\佛說眾許摩訶帝經\佛說眾許摩訶帝經__juan_0002.txt,clean\佛說眾許摩訶帝經\佛說眾許摩訶帝經__juan_0002.txt,5496,5496
高麗版大藏經,佛說眾許摩訶帝經,佛說眾許摩訶帝經,佛說眾許摩訶帝經,法賢,宋,gaoli_index,佛說眾許摩訶帝經/03,3,raw\佛說眾許摩訶帝經\佛說眾許摩訶帝經__juan_0003.txt,clean\佛說眾許摩訶帝經\佛說眾許摩訶帝經__juan_0003.txt,5630,5630
高麗版大藏經,佛說眾許摩訶帝經,佛說眾許摩訶帝經,佛說眾許摩訶帝經,法賢,宋,gaoli_index,佛說眾許摩訶帝經/04,4,raw\佛說眾許摩訶帝經\佛說眾許摩訶帝經__juan_0004.txt,clean\佛說眾許摩訶帝經\佛說眾許摩訶帝經__juan_0004.txt,5142,5142
高麗版大藏經,佛說眾許摩訶帝經,佛說眾許摩訶帝經,佛說眾許摩訶帝經,法賢,宋,gaoli_index,佛說眾許摩訶帝經/05,5,raw\佛說眾許摩訶帝經\佛說眾許摩訶帝經__juan_0005.txt,clean\佛說眾許摩訶帝經\佛說眾許摩訶帝經__juan_0005.txt,5120,5120
高麗版大藏經,佛說眾許摩訶帝經,佛說眾許摩訶帝經,佛說眾許摩訶帝經,法賢,宋,gaoli_index,佛說眾許摩訶帝經/06,6,raw\佛說眾許摩訶帝經\佛說眾許摩訶帝經__juan_0006.txt,clean\佛說眾許摩訶帝經\佛說眾許摩訶帝經__juan_0006.txt,4808,4808
高麗版大藏經,佛說眾許摩訶帝經,佛說眾許摩訶帝經,佛說眾許摩訶帝經,法賢,宋,gaoli_index,佛說眾許摩訶帝經/07,7,raw\佛說眾許摩訶帝經\佛說眾許摩訶帝經__juan_0007.txt,clean\佛說眾許摩訶帝經\佛說眾許摩訶帝經__juan_0007.txt,5961,5961
高麗版大藏經,佛說眾許摩訶帝經,佛說眾許摩訶帝經,佛說眾許摩訶帝經,法賢,宋,gaoli_index,佛說眾許摩訶帝經/08,8,raw\佛說眾許摩訶帝經\佛說眾許摩訶帝經__juan_0008.txt,clean\佛說眾許摩訶帝經\佛說眾許摩訶帝經__juan_0008.txt,5152,5152
高麗版大藏經,佛說眾許摩訶帝經,佛說眾許摩訶帝經,佛說眾許摩訶帝經,法賢,宋,gaoli_index,佛說眾許摩訶帝經/09,9,raw\佛說眾許摩訶帝經\佛說眾許摩訶帝經__juan_0009.txt,clean\佛說眾許摩訶帝經\佛說眾許摩訶帝經__juan_0009.txt,6213,6213
高麗版大藏經,佛說眾許摩訶帝經,佛說眾許摩訶帝經,佛說眾許摩訶帝經,法賢,宋,gaoli_index,佛說眾許摩訶帝經/10,10,raw\佛說眾許摩訶帝經\佛說眾許摩訶帝經__juan_0010.txt,clean\佛說眾許摩訶帝經\佛說眾許摩訶帝經__juan_0010.txt,5152,5152
高麗版大藏經,佛說眾許摩訶帝經,佛說眾許摩訶帝經,佛說眾許摩訶帝經,法賢,宋,gaoli_index,佛說眾許摩訶帝經/11,11,raw\佛說眾許摩訶帝經\佛說眾許摩訶帝經__juan_0011.txt,clean\佛說眾許摩訶帝經\佛說眾許摩訶帝經__juan_0011.txt,5972,5972
高麗版大藏經,佛說眾許摩訶帝經,佛說眾許摩訶帝經,佛說眾許摩訶帝經,法賢,宋,gaoli_index,佛說眾許摩訶帝經/12,12,raw\佛說眾許摩訶帝經\佛說眾許摩訶帝經__juan_0012.txt,clean\佛說眾許摩訶帝經\佛說眾許摩訶帝經__juan_0012.txt,7235,7235
高麗版大藏經,佛說眾許摩訶帝經,佛說眾許摩訶帝經,佛說眾許摩訶帝經,法賢,宋,gaoli_index,佛說眾許摩訶帝經/13,13,raw\佛說眾許摩訶帝經\佛說眾許摩訶帝經__juan_0013.txt,clean\佛說眾許摩訶帝經\佛說眾許摩訶帝經__juan_0013.txt,7051,7051
高麗版大藏經,佛說佛母寶德藏般若波羅蜜經,佛說佛母寶德藏般若波羅蜜經,佛說佛母寶德藏般若波羅蜜經,法賢,宋,gaoli_index,佛說佛母寶德藏般若波羅蜜經/01,1,raw\佛說佛母寶德藏般若波羅蜜經\佛說佛母寶德藏般若波羅蜜經__juan_0001.txt,clean\佛說佛母寶德藏般若波羅蜜經\佛說佛母寶德藏般若波羅蜜經__juan_0001.txt,4310,4310
高麗版大藏經,佛說佛母寶德藏般若波羅蜜經,佛說佛母寶德藏般若波羅蜜經,佛說佛母寶德藏般若波羅蜜經,法賢,宋,gaoli_index,佛說佛母寶德藏般若波羅蜜經/02,2,raw\佛說佛母寶德藏般若波羅蜜經\佛說佛母寶德藏般若波羅蜜經__juan_0002.txt,clean\佛說佛母寶德藏般若波羅蜜經\佛說佛母寶德藏般若波羅蜜經__juan_0002.txt,4065,4065
高麗版大藏經,佛說佛母寶德藏般若波羅蜜經,佛說佛母寶德藏般若波羅蜜經,佛說佛母寶德藏般若波羅蜜經,法賢,宋,gaoli_index,佛說佛母寶德藏般若波羅蜜經/03,3,raw\佛說佛母寶德藏般若波羅蜜經\佛說佛母寶德藏般若波羅蜜經__juan_0003.txt,clean\佛說佛母寶德藏般若波羅蜜經\佛說佛母寶德藏般若波羅蜜經__juan_0003.txt,3601,3601
高麗版大藏經,新華嚴經論,新華嚴經論,新華嚴經論,李通玄撰,唐,gaoli_index,新華嚴經論/卷001,1,raw\新華嚴經論\新華嚴經論__juan_0001.txt,clean\新華嚴經論\新華嚴經論__juan_0001.txt,10850,10850
高麗版大藏經,新華嚴經論,新華嚴經論,新華嚴經論,李通玄撰,唐,gaoli_index,新華嚴經論/卷002,2,raw\新華嚴經論\新華嚴經論__juan_0002.txt,clean\新華嚴經論\新華嚴經論__juan_0002.txt,10533,10533
高麗版大藏經,新華嚴經論,新華嚴經論,新華嚴經論,李通玄撰,唐,gaoli_index,新華嚴經論/卷003,3,raw\新華嚴經論\新華嚴經論__juan_0003.txt,clean\新華嚴經論\新華嚴經論__juan_0003.txt,9612,9612
高麗版大藏經,新華嚴經論,新華嚴經論,新華嚴經論,李通玄撰,唐,gaoli_index,新華嚴經論/卷004,4,raw\新華嚴經論\新華嚴經論__juan_0004.txt,clean\新華嚴經論\新華嚴經論__juan_0004.txt,20799,20799
高麗版大藏經,新華嚴經論,新華嚴經論,新華嚴經論,李通玄撰,唐,gaoli_index,新華嚴經論/卷005,5,raw\新華嚴經論\新華嚴經論__juan_0005.txt,clean\新華嚴經論\新華嚴經論__juan_0005.txt,10357,10357
高麗版大藏經,新華嚴經論,新華嚴經論,新華嚴經論,李通玄撰,唐,gaoli_index,新華嚴經論/卷006,6,raw\新華嚴經論\新華嚴經論__juan_0006.txt,clean\新華嚴經論\新華嚴經論__juan_0006.txt,10992,10992
高麗版大藏經,新華嚴經論,新華嚴經論,新華嚴經論,李通玄撰,唐,gaoli_index,新華嚴經論/卷007,7,raw\新華嚴經論\新華嚴經論__juan_0007.txt,clean\新華嚴經論\新華嚴經論__juan_0007.txt,10009,10009
高麗版大藏經,新華嚴經論,新華嚴經論,新華嚴經論,李通玄撰,唐,gaoli_index,新華嚴經論/卷008,8,raw\新華嚴經論\新華嚴經論__juan_0008.txt,clean\新華嚴經論\新華嚴經論__juan_0008.txt,11665,11665
高麗版大藏經,新華嚴經論,新華嚴經論,新華嚴經論,李通玄撰,唐,gaoli_index,新華嚴經論/卷009,9,raw\新華嚴經論\新華嚴經論__juan_0009.txt,clean\新華嚴經論\新華嚴經論__juan_0009.txt,11392,11392
高麗版大藏經,新華嚴經論,新華嚴經論,新華嚴經論,李通玄撰,唐,gaoli_index,新華嚴經論/卷010,10,raw\新華嚴經論\新華嚴經論__juan_0010.txt,clean\新華嚴經論\新華嚴經論__juan_0010.txt,10661,10661
高麗版大藏經,新華嚴經論,新華嚴經論,新華嚴經論,李通玄撰,唐,gaoli_index,新華嚴經論/卷011,11,raw\新華嚴經論\新華嚴經論__juan_0011.txt,clean\新華嚴經論\新華嚴經論__juan_0011.txt,11287,11287
高麗版大藏經,新華嚴經論,新華嚴經論,新華嚴經論,李通玄撰,唐,gaoli_index,新華嚴經論/卷012,12,raw\新華嚴經論\新華嚴經論__juan_0012.txt,clean\新華嚴經論\新華嚴經論__juan_0012.txt,11309,11309
高麗版大藏經,新華嚴經論,新華嚴經論,新華嚴經論,李通玄撰,唐,gaoli_index,新華嚴經論/卷013,13,raw\新華嚴經論\新華嚴經論__juan_0013.txt,clean\新華嚴經論\新華嚴經論__juan_0013.txt,11436,11436
高麗版大藏經,新華嚴經論,新華嚴經論,新華嚴經論,李通玄撰,唐,gaoli_index,新華嚴經論/卷014,14,raw\新華嚴經論\新華嚴經論__juan_0014.txt,clean\新華嚴經論\新華嚴經論__juan_0014.txt,11642,11642
高麗版大藏經,新華嚴經論,新華嚴經論,新華嚴經論,李通玄撰,唐,gaoli_index,新華嚴經論/卷015,15,raw\新華嚴經論\新華嚴經論__juan_0015.txt,clean\新華嚴經論\新華嚴經論__juan_0015.txt,11968,11968
高麗版大藏經,新華嚴經論,新華嚴經論,新華嚴經論,李通玄撰,唐,gaoli_index,新華嚴經論/卷016,16,raw\新華嚴經論\新華嚴經論__juan_0016.txt,clean\新華嚴經論\新華嚴經論__juan_0016.txt,11940,11940
高麗版大藏經,新華嚴經論,新華嚴經論,新華嚴經論,李通玄撰,唐,gaoli_index,新華嚴經論/卷017,17,raw\新華嚴經論\新華嚴經論__juan_0017.txt,clean\新華嚴經論\新華嚴經論__juan_0017.txt,12841,12841
高麗版大藏經,新華嚴經論,新華嚴經論,新華嚴經論,李通玄撰,唐,gaoli_index,新華嚴經論/卷018,18,raw\新華嚴經論\新華嚴經論__juan_0018.txt,clean\新華嚴經論\新華嚴經論__juan_0018.txt,12194,12194
高麗版大藏經,新華嚴經論,新華嚴經論,新華嚴經論,李通玄撰,唐,gaoli_index,新華嚴經論/卷019,19,raw\新華嚴經論\新華嚴經論__juan_0019.txt,clean\新華嚴經論\新華嚴經論__juan_0019.txt,12339,12339
高麗版大藏經,新華嚴經論,新華嚴經論,新華嚴經論,李通玄撰,唐,gaoli_index,新華嚴經論/卷020,20,raw\新華嚴經論\新華嚴經論__juan_0020.txt,clean\新華嚴經論\新華嚴經論__juan_0020.txt,11005,11005
高麗版大藏經,新華嚴經論,新華嚴經論,新華嚴經論,李通玄撰,唐,gaoli_index,新華嚴經論/卷021,21,raw\新華嚴經論\新華嚴經論__juan_0021.txt,clean\新華嚴經論\新華嚴經論__juan_0021.txt,12314,12314
高麗版大藏經,新華嚴經論,新華嚴經論,新華嚴經論,李通玄撰,唐,gaoli_index,新華嚴經論/卷022,22,raw\新華嚴經論\新華嚴經論__juan_0022.txt,clean\新華嚴經論\新華嚴經論__juan_0022.txt,10478,10478
高麗版大藏經,新華嚴經論,新華嚴經論,新華嚴經論,李通玄撰,唐,gaoli_index,新華嚴經論/卷023,23,raw\新華嚴經論\新華嚴經論__juan_0023.txt,clean\新華嚴經論\新華嚴經論__juan_0023.txt,12666,12666
高麗版大藏經,新華嚴經論,新華嚴經論,新華嚴經論,李通玄撰,唐,gaoli_index,新華嚴經論/卷024,24,raw\新華嚴經論\新華嚴經論__juan_0024.txt,clean\新華嚴經論\新華嚴經論__juan_0024.txt,11802,11802
高麗版大藏經,新華嚴經論,新華嚴經論,新華嚴經論,李通玄撰,唐,gaoli_index,新華嚴經論/卷025,25,raw\新華嚴經論\新華嚴經論__juan_0025.txt,clean\新華嚴經論\新華嚴經論__juan_0025.txt,11119,11119
高麗版大藏經,新華嚴經論,新華嚴經論,新華嚴經論,李通玄撰,唐,gaoli_index,新華嚴經論/卷026,26,raw\新華嚴經論\新華嚴經論__juan_0026.txt,clean\新華嚴經論\新華嚴經論__juan_0026.txt,12497,12497
高麗版大藏經,新華嚴經論,新華嚴經論,新華嚴經論,李通玄撰,唐,gaoli_index,新華嚴經論/卷027,27,raw\新華嚴經論\新華嚴經論__juan_0027.txt,clean\新華嚴經論\新華嚴經論__juan_0027.txt,10719,10719
高麗版大藏經,新華嚴經論,新華嚴經論,新華嚴經論,李通玄撰,唐,gaoli_index,新華嚴經論/卷028,28,raw\新華嚴經論\新華嚴經論__juan_0028.txt,clean\新華嚴經論\新華嚴經論__juan_0028.txt,10563,10563
高麗版大藏經,新華嚴經論,新華嚴經論,新華嚴經論,李通玄撰,唐,gaoli_index,新華嚴經論/卷029,29,raw\新華嚴經論\新華嚴經論__juan_0029.txt,clean\新華嚴經論\新華嚴經論__juan_0029.txt,11982,11982
高麗版大藏經,新華嚴經論,新華嚴經論,新華嚴經論,李通玄撰,唐,gaoli_index,新華嚴經論/卷030,30,raw\新華嚴經論\新華嚴經論__juan_0030.txt,clean\新華嚴經論\新華嚴經論__juan_0030.txt,12246,12246
高麗版大藏經,新華嚴經論,新華嚴經論,新華嚴經論,李通玄撰,唐,gaoli_index,新華嚴經論/卷031,31,raw\新華嚴經論\新華嚴經論__juan_0031.txt,clean\新華嚴經論\新華嚴經論__juan_0031.txt,11187,11187
高麗版大藏經,新華嚴經論,新華嚴經論,新華嚴經論,李通玄撰,唐,gaoli_index,新華嚴經論/卷032,32,raw\新華嚴經論\新華嚴經論__juan_0032.txt,clean\新華嚴經論\新華嚴經論__juan_0032.txt,11463,11463
高麗版大藏經,新華嚴經論,新華嚴經論,新華嚴經論,李通玄撰,唐,gaoli_index,新華嚴經論/卷033,33,raw\新華嚴經論\新華嚴經論__juan_0033.txt,clean\新華嚴經論\新華嚴經論__juan_0033.txt,11453,11453
高麗版大藏經,新華嚴經論,新華嚴經論,新華嚴經論,李通玄撰,唐,gaoli_index,新華嚴經論/卷034,34,raw\新華嚴經論\新華嚴經論__juan_0034.txt,clean\新華嚴經論\新華嚴經論__juan_0034.txt,10127,10127
高麗版大藏經,新華嚴經論,新華嚴經論,新華嚴經論,李通玄撰,唐,gaoli_index,新華嚴經論/卷035,35,raw\新華嚴經論\新華嚴經論__juan_0035.txt,clean\新華嚴經論\新華嚴經論__juan_0035.txt,12481,12481
高麗版大藏經,新華嚴經論,新華嚴經論,新華嚴經論,李通玄撰,唐,gaoli_index,新華嚴經論/卷036,36,raw\新華嚴經論\新華嚴經論__juan_0036.txt,clean\新華嚴經論\新華嚴經論__juan_0036.txt,12370,12370
高麗版大藏經,新華嚴經論,新華嚴經論,新華嚴經論,李通玄撰,唐,gaoli_index,新華嚴經論/卷037,37,raw\新華嚴經論\新華嚴經論__juan_0037.txt,clean\新華嚴經論\新華嚴經論__juan_0037.txt,14986,14986
高麗版大藏經,新華嚴經論,新華嚴經論,新華嚴經論,李通玄撰,唐,gaoli_index,新華嚴經論/卷038,38,raw\新華嚴經論\新華嚴經論__juan_0038.txt,clean\新華嚴經論\新華嚴經論__juan_0038.txt,12673,12673
高麗版大藏經,新華嚴經論,新華嚴經論,新華嚴經論,李通玄撰,唐,gaoli_index,新華嚴經論/卷039,39,raw\新華嚴經論\新華嚴經論__juan_0039.txt,clean\新華嚴經論\新華嚴經論__juan_0039.txt,12856,12856
高麗版大藏經,新華嚴經論,新華嚴經論,新華嚴經論,李通玄撰,唐,gaoli_index,新華嚴經論/卷040,40,raw\新華嚴經論\新華嚴經論__juan_0040.txt,clean\新華嚴經論\新華嚴經論__juan_0040.txt,12721,12721
高麗版大藏經,金剛頂一切如來真實攝大乘現證大教王經,金剛頂一切如來真實攝大乘現證大教王經,金剛頂一切如來真實攝大乘現證大教王經,不空,唐,gaoli_index,金剛頂一切如來真實攝大乘現證大教王經/卷01,1,raw\金剛頂一切如來真實攝大乘現證大教王經\金剛頂一切如來真實攝大乘現證大教王經__juan_0001.txt,clean\金剛頂一切如來真實攝大乘現證大教王經\金剛頂一切如來真實攝大乘現證大教王經__juan_0001.txt,8351,8351
高麗版大藏經,金剛頂一切如來真實攝大乘現證大教王經,金剛頂一切如來真實攝大乘現證大教王經,金剛頂一切如來真實攝大乘現證大教王經,不空,唐,gaoli_index,金剛頂一切如來真實攝大乘現證大教王經/卷02,2,raw\金剛頂一切如來真實攝大乘現證大教王經\金剛頂一切如來真實攝大乘現證大教王經__juan_0002.txt,clean\金剛頂一切如來真實攝大乘現證大教王經\金剛頂一切如來真實攝大乘現證大教王經__juan_0002.txt,7365,7365
高麗版大藏經,金剛頂一切如來真實攝大乘現證大教王經,金剛頂一切如來真實攝大乘現證大教王經,金剛頂一切如來真實攝大乘現證大教王經,不空,唐,gaoli_index,金剛頂一切如來真實攝大乘現證大教王經/卷03,3,raw\金剛頂一切如來真實攝大乘現證大教王經\金剛頂一切如來真實攝大乘現證大教王經__juan_0003.txt,clean\金剛頂一切如來真實攝大乘現證大教王經\金剛頂一切如來真實攝大乘現證大教王經__juan_0003.txt,8463,8463
高麗版大藏經,大集大虛空藏菩薩所問經,大集大虛空藏菩薩所問經,大集大虛空藏菩薩所問經,不空,唐,gaoli_index,大集大虛空藏菩薩所問經/卷01,1,raw\大集大虛空藏菩薩所問經\大集大虛空藏菩薩所問經__juan_0001.txt,clean\大集大虛空藏菩薩所問經\大集大虛空藏菩薩所問經__juan_0001.txt,7461,7461
高麗版大藏經,大集大虛空藏菩薩所問經,大集大虛空藏菩薩所問經,大集大虛空藏菩薩所問經,不空,唐,gaoli_index,大集大虛空藏菩薩所問經/卷02,2,raw\大集大虛空藏菩薩所問經\大集大虛空藏菩薩所問經__juan_0002.txt,clean\大集大虛空藏菩薩所問經\大集大虛空藏菩薩所問經__juan_0002.txt,7860,7860
高麗版大藏經,大集大虛空藏菩薩所問經,大集大虛空藏菩薩所問經,大集大虛空藏菩薩所問經,不空,唐,gaoli_index,大集大虛空藏菩薩所問經/卷03,3,raw\大集大虛空藏菩薩所問經\大集大虛空藏菩薩所問經__juan_0003.txt,clean\大集大虛空藏菩薩所問經\大集大虛空藏菩薩所問經__juan_0003.txt,7794,7794
高麗版大藏經,大集大虛空藏菩薩所問經,大集大虛空藏菩薩所問經,大集大虛空藏菩薩所問經,不空,唐,gaoli_index,大集大虛空藏菩薩所問經/卷04,4,raw\大集大虛空藏菩薩所問經\大集大虛空藏菩薩所問經__juan_0004.txt,clean\大集大虛空藏菩薩所問經\大集大虛空藏菩薩所問經__juan_0004.txt,6735,6735
高麗版大藏經,大集大虛空藏菩薩所問經,大集大虛空藏菩薩所問經,大集大虛空藏菩薩所問經,不空,唐,gaoli_index,大集大虛空藏菩薩所問經/卷05,5,raw\大集大虛空藏菩薩所問經\大集大虛空藏菩薩所問經__juan_0005.txt,clean\大集大虛空藏菩薩所問經\大集大虛空藏菩薩所問經__juan_0005.txt,8669,8669
高麗版大藏經,大集大虛空藏菩薩所問經,大集大虛空藏菩薩所問經,大集大虛空藏菩薩所問經,不空,唐,gaoli_index,大集大虛空藏菩薩所問經/卷06,6,raw\大集大虛空藏菩薩所問經\大集大虛空藏菩薩所問經__juan_0006.txt,clean\大集大虛空藏菩薩所問經\大集大虛空藏菩薩所問經__juan_0006.txt,5747,5747
高麗版大藏經,大集大虛空藏菩薩所問經,大集大虛空藏菩薩所問經,大集大虛空藏菩薩所問經,不空,唐,gaoli_index,大集大虛空藏菩薩所問經/卷07,7,raw\大集大虛空藏菩薩所問經\大集大虛空藏菩薩所問經__juan_0007.txt,clean\大集大虛空藏菩薩所問經\大集大虛空藏菩薩所問經__juan_0007.txt,7243,7243
高麗版大藏經,大集大虛空藏菩薩所問經,大集大虛空藏菩薩所問經,大集大虛空藏菩薩所問經,不空,唐,gaoli_index,大集大虛空藏菩薩所問經/卷08,8,raw\大集大虛空藏菩薩所問經\大集大虛空藏菩薩所問經__juan_0008.txt,clean\大集大虛空藏菩薩所問經\大集大虛空藏菩薩所問經__juan_0008.txt,7696,7696
高麗版大藏經,仁王護國般若波羅蜜多經,仁王護國般若波羅蜜多經,仁王護國般若波羅蜜多經,不空,唐,gaoli_index,仁王護國般若波羅蜜多經/卷上,1,raw\仁王護國般若波羅蜜多經\仁王護國般若波羅蜜多經__juan_0001.txt,clean\仁王護國般若波羅蜜多經\仁王護國般若波羅蜜多經__juan_0001.txt,8801,8801
高麗版大藏經,仁王護國般若波羅蜜多經,仁王護國般若波羅蜜多經,仁王護國般若波羅蜜多經,不空,唐,gaoli_index,仁王護國般若波羅蜜多經/卷下,2,raw\仁王護國般若波羅蜜多經\仁王護國般若波羅蜜多經__juan_0002.txt,clean\仁王護國般若波羅蜜多經\仁王護國般若波羅蜜多經__juan_0002.txt,8606,8606
高麗版大藏經,大聖文殊師利菩薩佛剎功德莊嚴經,大聖文殊師利菩薩佛剎功德莊嚴經,大聖文殊師利菩薩佛剎功德莊嚴經,不空,唐,gaoli_index,大聖文殊師利菩薩佛剎功德莊嚴經/01,1,raw\大聖文殊師利菩薩佛剎功德莊嚴經\大聖文殊師利菩薩佛剎功德莊嚴經__juan_0001.txt,clean\大聖文殊師利菩薩佛剎功德莊嚴經\大聖文殊師利菩薩佛剎功德莊嚴經__juan_0001.txt,8493,8493
高麗版大藏經,大聖文殊師利菩薩佛剎功德莊嚴經,大聖文殊師利菩薩佛剎功德莊嚴經,大聖文殊師利菩薩佛剎功德莊嚴經,不空,唐,gaoli_index,大聖文殊師利菩薩佛剎功德莊嚴經/02,2,raw\大聖文殊師利菩薩佛剎功德莊嚴經\大聖文殊師利菩薩佛剎功德莊嚴經__juan_0002.txt,clean\大聖文殊師利菩薩佛剎功德莊嚴經\大聖文殊師利菩薩佛剎功德莊嚴經__juan_0002.txt,10398,10398
高麗版大藏經,大聖文殊師利菩薩佛剎功德莊嚴經,大聖文殊師利菩薩佛剎功德莊嚴經,大聖文殊師利菩薩佛剎功德莊嚴經,不空,唐,gaoli_index,大聖文殊師利菩薩佛剎功德莊嚴經/03,3,raw\大聖文殊師利菩薩佛剎功德莊嚴經\大聖文殊師利菩薩佛剎功德莊嚴經__juan_0003.txt,clean\大聖文殊師利菩薩佛剎功德莊嚴經\大聖文殊師利菩薩佛剎功德莊嚴經__juan_0003.txt,9077,9077
高麗版大藏經,大乘理趣六波羅蜜多經,大乘理趣六波羅蜜多經,大乘理趣六波羅蜜多經,般若,唐,gaoli_index,大乘理趣六波羅蜜多經/卷一,1,raw\大乘理趣六波羅蜜多經\大乘理趣六波羅蜜多經__juan_0001.txt,clean\大乘理趣六波羅蜜多經\大乘理趣六波羅蜜多經__juan_0001.txt,8399,8399
高麗版大藏經,大乘理趣六波羅蜜多經,大乘理趣六波羅蜜多經,大乘理趣六波羅蜜多經,般若,唐,gaoli_index,大乘理趣六波羅蜜多經/卷七,2,raw\大乘理趣六波羅蜜多經\大乘理趣六波羅蜜多經__juan_0002.txt,clean\大乘理趣六波羅蜜多經\大乘理趣六波羅蜜多經__juan_0002.txt,6387,6387
高麗版大藏經,大乘理趣六波羅蜜多經,大乘理趣六波羅蜜多經,大乘理趣六波羅蜜多經,般若,唐,gaoli_index,大乘理趣六波羅蜜多經/卷三,3,raw\大乘理趣六波羅蜜多經\大乘理趣六波羅蜜多經__juan_0003.txt,clean\大乘理趣六波羅蜜多經\大乘理趣六波羅蜜多經__juan_0003.txt,9460,9460
高麗版大藏經,大乘理趣六波羅蜜多經,大乘理趣六波羅蜜多經,大乘理趣六波羅蜜多經,般若,唐,gaoli_index,大乘理趣六波羅蜜多經/卷九,4,raw\大乘理趣六波羅蜜多經\大乘理趣六波羅蜜多經__juan_0004.txt,clean\大乘理趣六波羅蜜多經\大乘理趣六波羅蜜多經__juan_0004.txt,10478,10478
高麗版大藏經,大乘理趣六波羅蜜多經,大乘理趣六波羅蜜多經,大乘理趣六波羅蜜多經,般若,唐,gaoli_index,大乘理趣六波羅蜜多經/卷二,5,raw\大乘理趣六波羅蜜多經\大乘理趣六波羅蜜多經__juan_0005.txt,clean\大乘理趣六波羅蜜多經\大乘理趣六波羅蜜多經__juan_0005.txt,10687,10687
高麗版大藏經,大乘理趣六波羅蜜多經,大乘理趣六波羅蜜多經,大乘理趣六波羅蜜多經,般若,唐,gaoli_index,大乘理趣六波羅蜜多經/卷五,6,raw\大乘理趣六波羅蜜多經\大乘理趣六波羅蜜多經__juan_0006.txt,clean\大乘理趣六波羅蜜多經\大乘理趣六波羅蜜多經__juan_0006.txt,7067,7067
高麗版大藏經,大乘理趣六波羅蜜多經,大乘理趣六波羅蜜多經,大乘理趣六波羅蜜多經,般若,唐,gaoli_index,大乘理趣六波羅蜜多經/卷八,7,raw\大乘理趣六波羅蜜多經\大乘理趣六波羅蜜多經__juan_0007.txt,clean\大乘理趣六波羅蜜多經\大乘理趣六波羅蜜多經__juan_0007.txt,9096,9096
高麗版大藏經,大乘理趣六波羅蜜多經,大乘理趣六波羅蜜多經,大乘理趣六波羅蜜多經,般若,唐,gaoli_index,大乘理趣六波羅蜜多經/卷六,8,raw\大乘理趣六波羅蜜多經\大乘理趣六波羅蜜多經__juan_0008.txt,clean\大乘理趣六波羅蜜多經\大乘理趣六波羅蜜多經__juan_0008.txt,7194,7194
高麗版大藏經,大乘理趣六波羅蜜多經,大乘理趣六波羅蜜多經,大乘理趣六波羅蜜多經,般若,唐,gaoli_index,大乘理趣六波羅蜜多經/卷十,9,raw\大乘理趣六波羅蜜多經\大乘理趣六波羅蜜多經__juan_0009.txt,clean\大乘理趣六波羅蜜多經\大乘理趣六波羅蜜多經__juan_0009.txt,11356,11356
高麗版大藏經,大乘理趣六波羅蜜多經,大乘理趣六波羅蜜多經,大乘理趣六波羅蜜多經,般若,唐,gaoli_index,大乘理趣六波羅蜜多經/卷四,10,raw\大乘理趣六波羅蜜多經\大乘理趣六波羅蜜多經__juan_0010.txt,clean\大乘理趣六波羅蜜多經\大乘理趣六波羅蜜多經__juan_0010.txt,8459,8459
高麗版大藏經,大乘本生心地觀經,大乘本生心地觀經,大乘本生心地觀經,般若,唐,gaoli_index,大乘本生心地觀經/卷01,1,raw\大乘本生心地觀經\大乘本生心地觀經__juan_0001.txt,clean\大乘本生心地觀經\大乘本生心地觀經__juan_0001.txt,8680,8680
高麗版大藏經,大乘本生心地觀經,大乘本生心地觀經,大乘本生心地觀經,般若,唐,gaoli_index,大乘本生心地觀經/卷02,2,raw\大乘本生心地觀經\大乘本生心地觀經__juan_0002.txt,clean\大乘本生心地觀經\大乘本生心地觀經__juan_0002.txt,7200,7200
高麗版大藏經,大乘本生心地觀經,大乘本生心地觀經,大乘本生心地觀經,般若,唐,gaoli_index,大乘本生心地觀經/卷03,3,raw\大乘本生心地觀經\大乘本生心地觀經__juan_0003.txt,clean\大乘本生心地觀經\大乘本生心地觀經__juan_0003.txt,8320,8320
高麗版大藏經,大乘本生心地觀經,大乘本生心地觀經,大乘本生心地觀經,般若,唐,gaoli_index,大乘本生心地觀經/卷04,4,raw\大乘本生心地觀經\大乘本生心地觀經__juan_0004.txt,clean\大乘本生心地觀經\大乘本生心地觀經__juan_0004.txt,9910,9910
高麗版大藏經,大乘本生心地觀經,大乘本生心地觀經,大乘本生心地觀經,般若,唐,gaoli_index,大乘本生心地觀經/卷05,5,raw\大乘本生心地觀經\大乘本生心地觀經__juan_0005.txt,clean\大乘本生心地觀經\大乘本生心地觀經__juan_0005.txt,7619,7619
高麗版大藏經,大乘本生心地觀經,大乘本生心地觀經,大乘本生心地觀經,般若,唐,gaoli_index,大乘本生心地觀經/卷06,6,raw\大乘本生心地觀經\大乘本生心地觀經__juan_0006.txt,clean\大乘本生心地觀經\大乘本生心地觀經__juan_0006.txt,7342,7342
高麗版大藏經,大乘本生心地觀經,大乘本生心地觀經,大乘本生心地觀經,般若,唐,gaoli_index,大乘本生心地觀經/卷07,7,raw\大乘本生心地觀經\大乘本生心地觀經__juan_0007.txt,clean\大乘本生心地觀經\大乘本生心地觀經__juan_0007.txt,6917,6917
高麗版大藏經,大乘本生心地觀經,大乘本生心地觀經,大乘本生心地觀經,般若,唐,gaoli_index,大乘本生心地觀經/卷08,8,raw\大乘本生心地觀經\大乘本生心地觀經__juan_0008.txt,clean\大乘本生心地觀經\大乘本生心地觀經__juan_0008.txt,8270,8270
高麗版大藏經,佛說十力經,佛說十力經,佛說十力經,勿提提犀魚,唐,gaoli_index,佛說十力經/卷00,1,raw\佛說十力經\佛說十力經__juan_0001.txt,clean\佛說十力經\佛說十力經__juan_0001.txt,3675,3675
高麗版大藏經,佛說十力經,佛說十力經,佛說十力經,勿提提犀魚,唐,gaoli_index,佛說十力經/卷01,2,raw\佛說十力經\佛說十力經__juan_0002.txt,clean\佛說十力經\佛說十力經__juan_0002.txt,1734,1734
高麗版大藏經,佛說十地經,佛說十地經,佛說十地經,尸羅達摩,唐,gaoli_index,佛說十地經/01,1,raw\佛說十地經\佛說十地經__juan_0001.txt,clean\佛說十地經\佛說十地經__juan_0001.txt,7175,7175
高麗版大藏經,佛說十地經,佛說十地經,佛說十地經,尸羅達摩,唐,gaoli_index,佛說十地經/02,2,raw\佛說十地經\佛說十地經__juan_0002.txt,clean\佛說十地經\佛說十地經__juan_0002.txt,8339,8339
高麗版大藏經,佛說十地經,佛說十地經,佛說十地經,尸羅達摩,唐,gaoli_index,佛說十地經/03,3,raw\佛說十地經\佛說十地經__juan_0003.txt,clean\佛說十地經\佛說十地經__juan_0003.txt,8181,8181
高麗版大藏經,佛說十地經,佛說十地經,佛說十地經,尸羅達摩,唐,gaoli_index,佛說十地經/04,4,raw\佛說十地經\佛說十地經__juan_0004.txt,clean\佛說十地經\佛說十地經__juan_0004.txt,7448,7448
高麗版大藏經,佛說十地經,佛說十地經,佛說十地經,尸羅達摩,唐,gaoli_index,佛說十地經/05,5,raw\佛說十地經\佛說十地經__juan_0005.txt,clean\佛說十地經\佛說十地經__juan_0005.txt,7674,7674
高麗版大藏經,佛說十地經,佛說十地經,佛說十地經,尸羅達摩,唐,gaoli_index,佛說十地經/06,6,raw\佛說十地經\佛說十地經__juan_0006.txt,clean\佛說十地經\佛說十地經__juan_0006.txt,6772,6772
高麗版大藏經,佛說十地經,佛說十地經,佛說十地經,尸羅達摩,唐,gaoli_index,佛說十地經/07,7,raw\佛說十地經\佛說十地經__juan_0007.txt,clean\佛說十地經\佛說十地經__juan_0007.txt,6396,6396
高麗版大藏經,佛說十地經,佛說十地經,佛說十地經,尸羅達摩,唐,gaoli_index,佛說十地經/08,8,raw\佛說十地經\佛說十地經__juan_0008.txt,clean\佛說十地經\佛說十地經__juan_0008.txt,6184,6184
高麗版大藏經,佛說十地經,佛說十地經,佛說十地經,尸羅達摩,唐,gaoli_index,佛說十地經/09,9,raw\佛說十地經\佛說十地經__juan_0009.txt,clean\佛說十地經\佛說十地經__juan_0009.txt,6769,6769
高麗版大藏經,大宗地玄文本論,大宗地玄文本論,大宗地玄文本論,真諦,陳,gaoli_index,大宗地玄文本論/卷001,1,raw\大宗地玄文本論\大宗地玄文本論__juan_0001.txt,clean\大宗地玄文本論\大宗地玄文本論__juan_0001.txt,3718,3718
高麗版大藏經,大宗地玄文本論,大宗地玄文本論,大宗地玄文本論,真諦,陳,gaoli_index,大宗地玄文本論/卷002,2,raw\大宗地玄文本論\大宗地玄文本論__juan_0002.txt,clean\大宗地玄文本論\大宗地玄文本論__juan_0002.txt,2803,2803
高麗版大藏經,大宗地玄文本論,大宗地玄文本論,大宗地玄文本論,真諦,陳,gaoli_index,大宗地玄文本論/卷003,3,raw\大宗地玄文本論\大宗地玄文本論__juan_0003.txt,clean\大宗地玄文本論\大宗地玄文本論__juan_0003.txt,1860,1860
高麗版大藏經,大宗地玄文本論,大宗地玄文本論,大宗地玄文本論,真諦,陳,gaoli_index,大宗地玄文本論/卷004,4,raw\大宗地玄文本論\大宗地玄文本論__juan_0004.txt,clean\大宗地玄文本論\大宗地玄文本論__juan_0004.txt,4693,4693
高麗版大藏經,大宗地玄文本論,大宗地玄文本論,大宗地玄文本論,真諦,陳,gaoli_index,大宗地玄文本論/卷005,5,raw\大宗地玄文本論\大宗地玄文本論__juan_0005.txt,clean\大宗地玄文本論\大宗地玄文本論__juan_0005.txt,2162,2162
高麗版大藏經,大宗地玄文本論,大宗地玄文本論,大宗地玄文本論,真諦,陳,gaoli_index,大宗地玄文本論/卷006,6,raw\大宗地玄文本論\大宗地玄文本論__juan_0006.txt,clean\大宗地玄文本論\大宗地玄文本論__juan_0006.txt,3442,3442
高麗版大藏經,大宗地玄文本論,大宗地玄文本論,大宗地玄文本論,真諦,陳,gaoli_index,大宗地玄文本論/卷007,7,raw\大宗地玄文本論\大宗地玄文本論__juan_0007.txt,clean\大宗地玄文本論\大宗地玄文本論__juan_0007.txt,1623,1623
高麗版大藏經,大宗地玄文本論,大宗地玄文本論,大宗地玄文本論,真諦,陳,gaoli_index,大宗地玄文本論/卷008,8,raw\大宗地玄文本論\大宗地玄文本論__juan_0008.txt,clean\大宗地玄文本論\大宗地玄文本論__juan_0008.txt,1899,1899
高麗版大藏經,大宗地玄文本論,大宗地玄文本論,大宗地玄文本論,真諦,陳,gaoli_index,大宗地玄文本論/卷009,9,raw\大宗地玄文本論\大宗地玄文本論__juan_0009.txt,clean\大宗地玄文本論\大宗地玄文本論__juan_0009.txt,816,816
高麗版大藏經,大宗地玄文本論,大宗地玄文本論,大宗地玄文本論,真諦,陳,gaoli_index,大宗地玄文本論/卷010,10,raw\大宗地玄文本論\大宗地玄文本論__juan_0010.txt,clean\大宗地玄文本論\大宗地玄文本論__juan_0010.txt,1790,1790
高麗版大藏經,大宗地玄文本論,大宗地玄文本論,大宗地玄文本論,真諦,陳,gaoli_index,大宗地玄文本論/卷011,11,raw\大宗地玄文本論\大宗地玄文本論__juan_0011.txt,clean\大宗地玄文本論\大宗地玄文本論__juan_0011.txt,848,848
高麗版大藏經,大宗地玄文本論,大宗地玄文本論,大宗地玄文本論,真諦,陳,gaoli_index,大宗地玄文本論/卷012,12,raw\大宗地玄文本論\大宗地玄文本論__juan_0012.txt,clean\大宗地玄文本論\大宗地玄文本論__juan_0012.txt,1051,1051
高麗版大藏經,大宗地玄文本論,大宗地玄文本論,大宗地玄文本論,真諦,陳,gaoli_index,大宗地玄文本論/卷013,13,raw\大宗地玄文本論\大宗地玄文本論__juan_0013.txt,clean\大宗地玄文本論\大宗地玄文本論__juan_0013.txt,1036,1036
高麗版大藏經,大宗地玄文本論,大宗地玄文本論,大宗地玄文本論,真諦,陳,gaoli_index,大宗地玄文本論/卷014,14,raw\大宗地玄文本論\大宗地玄文本論__juan_0014.txt,clean\大宗地玄文本論\大宗地玄文本論__juan_0014.txt,1530,1530
高麗版大藏經,大宗地玄文本論,大宗地玄文本論,大宗地玄文本論,真諦,陳,gaoli_index,大宗地玄文本論/卷015,15,raw\大宗地玄文本論\大宗地玄文本論__juan_0015.txt,clean\大宗地玄文本論\大宗地玄文本論__juan_0015.txt,693,693
高麗版大藏經,大宗地玄文本論,大宗地玄文本論,大宗地玄文本論,真諦,陳,gaoli_index,大宗地玄文本論/卷016,16,raw\大宗地玄文本論\大宗地玄文本論__juan_0016.txt,clean\大宗地玄文本論\大宗地玄文本論__juan_0016.txt,1564,1564
高麗版大藏經,大宗地玄文本論,大宗地玄文本論,大宗地玄文本論,真諦,陳,gaoli_index,大宗地玄文本論/卷017,17,raw\大宗地玄文本論\大宗地玄文本論__juan_0017.txt,clean\大宗地玄文本論\大宗地玄文本論__juan_0017.txt,571,571
高麗版大藏經,大宗地玄文本論,大宗地玄文本論,大宗地玄文本論,真諦,陳,gaoli_index,大宗地玄文本論/卷018,18,raw\大宗地玄文本論\大宗地玄文本論__juan_0018.txt,clean\大宗地玄文本論\大宗地玄文本論__juan_0018.txt,921,921
高麗版大藏經,大宗地玄文本論,大宗地玄文本論,大宗地玄文本論,真諦,陳,gaoli_index,大宗地玄文本論/卷019,19,raw\大宗地玄文本論\大宗地玄文本論__juan_0019.txt,clean\大宗地玄文本論\大宗地玄文本論__juan_0019.txt,2610,2610
高麗版大藏經,大宗地玄文本論,大宗地玄文本論,大宗地玄文本論,真諦,陳,gaoli_index,大宗地玄文本論/卷020,20,raw\大宗地玄文本論\大宗地玄文本論__juan_0020.txt,clean\大宗地玄文本論\大宗地玄文本論__juan_0020.txt,1982,1982
高麗版大藏經,釋摩訶衍論,釋摩訶衍論,釋摩訶衍論,筏提摩多,姚秦,gaoli_index,釋摩訶衍論/卷001,1,raw\釋摩訶衍論\釋摩訶衍論__juan_0001.txt,clean\釋摩訶衍論\釋摩訶衍論__juan_0001.txt,15799,15799
高麗版大藏經,釋摩訶衍論,釋摩訶衍論,釋摩訶衍論,筏提摩多,姚秦,gaoli_index,釋摩訶衍論/卷002,2,raw\釋摩訶衍論\釋摩訶衍論__juan_0002.txt,clean\釋摩訶衍論\釋摩訶衍論__juan_0002.txt,17679,17679
高麗版大藏經,釋摩訶衍論,釋摩訶衍論,釋摩訶衍論,筏提摩多,姚秦,gaoli_index,釋摩訶衍論/卷003,3,raw\釋摩訶衍論\釋摩訶衍論__juan_0003.txt,clean\釋摩訶衍論\釋摩訶衍論__juan_0003.txt,14259,14259
高麗版大藏經,釋摩訶衍論,釋摩訶衍論,釋摩訶衍論,筏提摩多,姚秦,gaoli_index,釋摩訶衍論/卷004,4,raw\釋摩訶衍論\釋摩訶衍論__juan_0004.txt,clean\釋摩訶衍論\釋摩訶衍論__juan_0004.txt,14070,14070
高麗版大藏經,釋摩訶衍論,釋摩訶衍論,釋摩訶衍論,筏提摩多,姚秦,gaoli_index,釋摩訶衍論/卷005,5,raw\釋摩訶衍論\釋摩訶衍論__juan_0005.txt,clean\釋摩訶衍論\釋摩訶衍論__juan_0005.txt,11582,11582
高麗版大藏經,釋摩訶衍論,釋摩訶衍論,釋摩訶衍論,筏提摩多,姚秦,gaoli_index,釋摩訶衍論/卷006,6,raw\釋摩訶衍論\釋摩訶衍論__juan_0006.txt,clean\釋摩訶衍論\釋摩訶衍論__juan_0006.txt,10200,10200
高麗版大藏經,釋摩訶衍論,釋摩訶衍論,釋摩訶衍論,筏提摩多,姚秦,gaoli_index,釋摩訶衍論/卷007,7,raw\釋摩訶衍論\釋摩訶衍論__juan_0007.txt,clean\釋摩訶衍論\釋摩訶衍論__juan_0007.txt,9559,9559
高麗版大藏經,釋摩訶衍論,釋摩訶衍論,釋摩訶衍論,筏提摩多,姚秦,gaoli_index,釋摩訶衍論/卷008,8,raw\釋摩訶衍論\釋摩訶衍論__juan_0008.txt,clean\釋摩訶衍論\釋摩訶衍論__juan_0008.txt,7402,7402
高麗版大藏經,釋摩訶衍論,釋摩訶衍論,釋摩訶衍論,筏提摩多,姚秦,gaoli_index,釋摩訶衍論/卷009,9,raw\釋摩訶衍論\釋摩訶衍論__juan_0009.txt,clean\釋摩訶衍論\釋摩訶衍論__juan_0009.txt,13279,13279
高麗版大藏經,釋摩訶衍論,釋摩訶衍論,釋摩訶衍論,筏提摩多,姚秦,gaoli_index,釋摩訶衍論/卷010,10,raw\釋摩訶衍論\釋摩訶衍論__juan_0010.txt,clean\釋摩訶衍論\釋摩訶衍論__juan_0010.txt,6957,6957
高麗版大藏經,佛說未曾有正法經,佛說未曾有正法經,佛說未曾有正法經,法天,宋,gaoli_index,佛說未曾有正法經/卷01,1,raw\佛說未曾有正法經\佛說未曾有正法經__juan_0001.txt,clean\佛說未曾有正法經\佛說未曾有正法經__juan_0001.txt,5432,5432
高麗版大藏經,佛說未曾有正法經,佛說未曾有正法經,佛說未曾有正法經,法天,宋,gaoli_index,佛說未曾有正法經/卷02,2,raw\佛說未曾有正法經\佛說未曾有正法經__juan_0002.txt,clean\佛說未曾有正法經\佛說未曾有正法經__juan_0002.txt,6516,6516
高麗版大藏經,佛說未曾有正法經,佛說未曾有正法經,佛說未曾有正法經,法天,宋,gaoli_index,佛說未曾有正法經/卷03,3,raw\佛說未曾有正法經\佛說未曾有正法經__juan_0003.txt,clean\佛說未曾有正法經\佛說未曾有正法經__juan_0003.txt,6312,6312
高麗版大藏經,佛說未曾有正法經,佛說未曾有正法經,佛說未曾有正法經,法天,宋,gaoli_index,佛說未曾有正法經/卷04,4,raw\佛說未曾有正法經\佛說未曾有正法經__juan_0004.txt,clean\佛說未曾有正法經\佛說未曾有正法經__juan_0004.txt,5263,5263
高麗版大藏經,佛說未曾有正法經,佛說未曾有正法經,佛說未曾有正法經,法天,宋,gaoli_index,佛說未曾有正法經/卷05,5,raw\佛說未曾有正法經\佛說未曾有正法經__juan_0005.txt,clean\佛說未曾有正法經\佛說未曾有正法經__juan_0005.txt,5261,5261
高麗版大藏經,佛說未曾有正法經,佛說未曾有正法經,佛說未曾有正法經,法天,宋,gaoli_index,佛說未曾有正法經/卷06,6,raw\佛說未曾有正法經\佛說未曾有正法經__juan_0006.txt,clean\佛說未曾有正法經\佛說未曾有正法經__juan_0006.txt,5562,5562
高麗版大藏經,佛說大集會正法經,佛說大集會正法經,佛說大集會正法經,施護,宋,gaoli_index,佛說大集會正法經/卷01,1,raw\佛說大集會正法經\佛說大集會正法經__juan_0001.txt,clean\佛說大集會正法經\佛說大集會正法經__juan_0001.txt,5682,5682
高麗版大藏經,佛說大集會正法經,佛說大集會正法經,佛說大集會正法經,施護,宋,gaoli_index,佛說大集會正法經/卷02,2,raw\佛說大集會正法經\佛說大集會正法經__juan_0002.txt,clean\佛說大集會正法經\佛說大集會正法經__juan_0002.txt,6684,6684
高麗版大藏經,佛說大集會正法經,佛說大集會正法經,佛說大集會正法經,施護,宋,gaoli_index,佛說大集會正法經/卷03,3,raw\佛說大集會正法經\佛說大集會正法經__juan_0003.txt,clean\佛說大集會正法經\佛說大集會正法經__juan_0003.txt,5881,5881
高麗版大藏經,佛說大集會正法經,佛說大集會正法經,佛說大集會正法經,施護,宋,gaoli_index,佛說大集會正法經/卷04,4,raw\佛說大集會正法經\佛說大集會正法經__juan_0004.txt,clean\佛說大集會正法經\佛說大集會正法經__juan_0004.txt,8406,8406
高麗版大藏經,佛說大集會正法經,佛說大集會正法經,佛說大集會正法經,施護,宋,gaoli_index,佛說大集會正法經/卷05,5,raw\佛說大集會正法經\佛說大集會正法經__juan_0005.txt,clean\佛說大集會正法經\佛說大集會正法經__juan_0005.txt,7503,7503
高麗版大藏經,佛說大乘不思議神通境界經,佛說大乘不思議神通境界經,佛說大乘不思議神通境界經,施護,宋,gaoli_index,佛說大乘不思議神通境界經/卷01,1,raw\佛說大乘不思議神通境界經\佛說大乘不思議神通境界經__juan_0001.txt,clean\佛說大乘不思議神通境界經\佛說大乘不思議神通境界經__juan_0001.txt,5088,5088
高麗版大藏經,佛說大乘不思議神通境界經,佛說大乘不思議神通境界經,佛說大乘不思議神通境界經,施護,宋,gaoli_index,佛說大乘不思議神通境界經/卷02,2,raw\佛說大乘不思議神通境界經\佛說大乘不思議神通境界經__juan_0002.txt,clean\佛說大乘不思議神通境界經\佛說大乘不思議神通境界經__juan_0002.txt,5318,5318
高麗版大藏經,佛說大乘不思議神通境界經,佛說大乘不思議神通境界經,佛說大乘不思議神通境界經,施護,宋,gaoli_index,佛說大乘不思議神通境界經/卷03,3,raw\佛說大乘不思議神通境界經\佛說大乘不思議神通境界經__juan_0003.txt,clean\佛說大乘不思議神通境界經\佛說大乘不思議神通境界經__juan_0003.txt,4399,4399
高麗版大藏經,佛說發菩提心破諸魔經,佛說發菩提心破諸魔經,佛說發菩提心破諸魔經,施護,宋,gaoli_index,佛說發菩提心破諸魔經/卷01,1,raw\佛說發菩提心破諸魔經\佛說發菩提心破諸魔經__juan_0001.txt,clean\佛說發菩提心破諸魔經\佛說發菩提心破諸魔經__juan_0001.txt,3894,3894
高麗版大藏經,佛說發菩提心破諸魔經,佛說發菩提心破諸魔經,佛說發菩提心破諸魔經,施護,宋,gaoli_index,佛說發菩提心破諸魔經/卷02,2,raw\佛說發菩提心破諸魔經\佛說發菩提心破諸魔經__juan_0002.txt,clean\佛說發菩提心破諸魔經\佛說發菩提心破諸魔經__juan_0002.txt,4239,4239
高麗版大藏經,佛說給孤長者女得度因緣經,佛說給孤長者女得度因緣經,佛說給孤長者女得度因緣經,施護,宋,gaoli_index,佛說給孤長者女得度因緣經/卷上,1,raw\佛說給孤長者女得度因緣經\佛說給孤長者女得度因緣經__juan_0001.txt,clean\佛說給孤長者女得度因緣經\佛說給孤長者女得度因緣經__juan_0001.txt,3718,3718
高麗版大藏經,佛說給孤長者女得度因緣經,佛說給孤長者女得度因緣經,佛說給孤長者女得度因緣經,施護,宋,gaoli_index,佛說給孤長者女得度因緣經/卷下,2,raw\佛說給孤長者女得度因緣經\佛說給孤長者女得度因緣經__juan_0002.txt,clean\佛說給孤長者女得度因緣經\佛說給孤長者女得度因緣經__juan_0002.txt,6318,6318
高麗版大藏經,佛說給孤長者女得度因緣經,佛說給孤長者女得度因緣經,佛說給孤長者女得度因緣經,施護,宋,gaoli_index,佛說給孤長者女得度因緣經/卷中,3,raw\佛說給孤長者女得度因緣經\佛說給孤長者女得度因緣經__juan_0003.txt,clean\佛說給孤長者女得度因緣經\佛說給孤長者女得度因緣經__juan_0003.txt,4497,4497
高麗版大藏經,佛說大集法門經,佛說大集法門經,佛說大集法門經,施護,宋,gaoli_index,佛說大集法門經/卷上,1,raw\佛說大集法門經\佛說大集法門經__juan_0001.txt,clean\佛說大集法門經\佛說大集法門經__juan_0001.txt,5330,5330
高麗版大藏經,佛說大集法門經,佛說大集法門經,佛說大集法門經,施護,宋,gaoli_index,佛說大集法門經/卷下,2,raw\佛說大集法門經\佛說大集法門經__juan_0002.txt,clean\佛說大集法門經\佛說大集法門經__juan_0002.txt,5596,5596
高麗版大藏經,佛說光明童子因緣經,佛說光明童子因緣經,佛說光明童子因緣經,施護,宋,gaoli_index,佛說光明童子因緣經/卷01,1,raw\佛說光明童子因緣經\佛說光明童子因緣經__juan_0001.txt,clean\佛說光明童子因緣經\佛說光明童子因緣經__juan_0001.txt,4460,4460
高麗版大藏經,佛說光明童子因緣經,佛說光明童子因緣經,佛說光明童子因緣經,施護,宋,gaoli_index,佛說光明童子因緣經/卷02,2,raw\佛說光明童子因緣經\佛說光明童子因緣經__juan_0002.txt,clean\佛說光明童子因緣經\佛說光明童子因緣經__juan_0002.txt,4767,4767
高麗版大藏經,佛說光明童子因緣經,佛說光明童子因緣經,佛說光明童子因緣經,施護,宋,gaoli_index,佛說光明童子因緣經/卷03,3,raw\佛說光明童子因緣經\佛說光明童子因緣經__juan_0003.txt,clean\佛說光明童子因緣經\佛說光明童子因緣經__juan_0003.txt,5024,5024
高麗版大藏經,佛說光明童子因緣經,佛說光明童子因緣經,佛說光明童子因緣經,施護,宋,gaoli_index,佛說光明童子因緣經/卷04,4,raw\佛說光明童子因緣經\佛說光明童子因緣經__juan_0004.txt,clean\佛說光明童子因緣經\佛說光明童子因緣經__juan_0004.txt,4625,4625
高麗版大藏經,佛吉祥德讚,佛吉祥德讚,佛吉祥德讚,施護,宋,gaoli_index,佛吉祥德讚/卷001,1,raw\佛吉祥德讚\佛吉祥德讚__juan_0001.txt,clean\佛吉祥德讚\佛吉祥德讚__juan_0001.txt,3458,3458
高麗版大藏經,佛吉祥德讚,佛吉祥德讚,佛吉祥德讚,施護,宋,gaoli_index,佛吉祥德讚/卷002,2,raw\佛吉祥德讚\佛吉祥德讚__juan_0002.txt,clean\佛吉祥德讚\佛吉祥德讚__juan_0002.txt,3534,3534
高麗版大藏經,佛吉祥德讚,佛吉祥德讚,佛吉祥德讚,施護,宋,gaoli_index,佛吉祥德讚/卷003,3,raw\佛吉祥德讚\佛吉祥德讚__juan_0003.txt,clean\佛吉祥德讚\佛吉祥德讚__juan_0003.txt,3649,3649
高麗版大藏經,佛說初分說經,佛說初分說經,佛說初分說經,施護,宋,gaoli_index,佛說初分說經/卷01,1,raw\佛說初分說經\佛說初分說經__juan_0001.txt,clean\佛說初分說經\佛說初分說經__juan_0001.txt,4597,4597
高麗版大藏經,佛說初分說經,佛說初分說經,佛說初分說經,施護,宋,gaoli_index,佛說初分說經/卷02,2,raw\佛說初分說經\佛說初分說經__juan_0002.txt,clean\佛說初分說經\佛說初分說經__juan_0002.txt,4728,4728
高麗版大藏經,廣釋菩提心論,廣釋菩提心論,廣釋菩提心論,施護等,宋,gaoli_index,廣釋菩提心論/卷001,1,raw\廣釋菩提心論\廣釋菩提心論__juan_0001.txt,clean\廣釋菩提心論\廣釋菩提心論__juan_0001.txt,97,97
高麗版大藏經,廣釋菩提心論,廣釋菩提心論,廣釋菩提心論,施護等,宋,gaoli_index,廣釋菩提心論/卷002,2,raw\廣釋菩提心論\廣釋菩提心論__juan_0002.txt,clean\廣釋菩提心論\廣釋菩提心論__juan_0002.txt,97,97
高麗版大藏經,廣釋菩提心論,廣釋菩提心論,廣釋菩提心論,施護等,宋,gaoli_index,廣釋菩提心論/卷003,3,raw\廣釋菩提心論\廣釋菩提心論__juan_0003.txt,clean\廣釋菩提心論\廣釋菩提心論__juan_0003.txt,97,97
高麗版大藏經,廣釋菩提心論,廣釋菩提心論,廣釋菩提心論,施護等,宋,gaoli_index,廣釋菩提心論/卷004,4,raw\廣釋菩提心論\廣釋菩提心論__juan_0004.txt,clean\廣釋菩提心論\廣釋菩提心論__juan_0004.txt,97,97
高麗版大藏經,佛說大堅固婆羅門緣起經,佛說大堅固婆羅門緣起經,佛說大堅固婆羅門緣起經,施護等,宋,gaoli_index,佛說大堅固婆羅門緣起經/卷上,1,raw\佛說大堅固婆羅門緣起經\佛說大堅固婆羅門緣起經__juan_0001.txt,clean\佛說大堅固婆羅門緣起經\佛說大堅固婆羅門緣起經__juan_0001.txt,4416,4416
高麗版大藏經,佛說大堅固婆羅門緣起經,佛說大堅固婆羅門緣起經,佛說大堅固婆羅門緣起經,施護等,宋,gaoli_index,佛說大堅固婆羅門緣起經/卷下,2,raw\佛說大堅固婆羅門緣起經\佛說大堅固婆羅門緣起經__juan_0002.txt,clean\佛說大堅固婆羅門緣起經\佛說大堅固婆羅門緣起經__juan_0002.txt,5479,5479
高麗版大藏經,佛母般若波羅蜜多圓集要義釋論,佛母般若波羅蜜多圓集要義釋論,佛母般若波羅蜜多圓集要義釋論,施護等,宋,gaoli_index,佛母般若波羅蜜多圓集要義釋論/卷第 01,1,raw\佛母般若波羅蜜多圓集要義釋論\佛母般若波羅蜜多圓集要義釋論__juan_0001.txt,clean\佛母般若波羅蜜多圓集要義釋論\佛母般若波羅蜜多圓集要義釋論__juan_0001.txt,122,122
高麗版大藏經,佛母般若波羅蜜多圓集要義釋論,佛母般若波羅蜜多圓集要義釋論,佛母般若波羅蜜多圓集要義釋論,施護等,宋,gaoli_index,佛母般若波羅蜜多圓集要義釋論/卷第 02,2,raw\佛母般若波羅蜜多圓集要義釋論\佛母般若波羅蜜多圓集要義釋論__juan_0002.txt,clean\佛母般若波羅蜜多圓集要義釋論\佛母般若波羅蜜多圓集要義釋論__juan_0002.txt,122,122
高麗版大藏經,佛母般若波羅蜜多圓集要義釋論,佛母般若波羅蜜多圓集要義釋論,佛母般若波羅蜜多圓集要義釋論,施護等,宋,gaoli_index,佛母般若波羅蜜多圓集要義釋論/卷第 03,3,raw\佛母般若波羅蜜多圓集要義釋論\佛母般若波羅蜜多圓集要義釋論__juan_0003.txt,clean\佛母般若波羅蜜多圓集要義釋論\佛母般若波羅蜜多圓集要義釋論__juan_0003.txt,122,122
高麗版大藏經,佛母般若波羅蜜多圓集要義釋論,佛母般若波羅蜜多圓集要義釋論,佛母般若波羅蜜多圓集要義釋論,施護等,宋,gaoli_index,佛母般若波羅蜜多圓集要義釋論/卷第 04,4,raw\佛母般若波羅蜜多圓集要義釋論\佛母般若波羅蜜多圓集要義釋論__juan_0004.txt,clean\佛母般若波羅蜜多圓集要義釋論\佛母般若波羅蜜多圓集要義釋論__juan_0004.txt,122,122
高麗版大藏經,佛說尼拘陀梵志經,佛說尼拘陀梵志經,佛說尼拘陀梵志經,施護等,宋,gaoli_index,佛說尼拘陀梵志經/卷上,1,raw\佛說尼拘陀梵志經\佛說尼拘陀梵志經__juan_0001.txt,clean\佛說尼拘陀梵志經\佛說尼拘陀梵志經__juan_0001.txt,3635,3635
高麗版大藏經,佛說尼拘陀梵志經,佛說尼拘陀梵志經,佛說尼拘陀梵志經,施護等,宋,gaoli_index,佛說尼拘陀梵志經/卷下,2,raw\佛說尼拘陀梵志經\佛說尼拘陀梵志經__juan_0002.txt,clean\佛說尼拘陀梵志經\佛說尼拘陀梵志經__juan_0002.txt,3264,3264
高麗版大藏經,佛說白衣金幢二婆羅門緣起經,佛說白衣金幢二婆羅門緣起經,佛說白衣金幢二婆羅門緣起經,施護等,宋,gaoli_index,佛說白衣金幢二婆羅門緣起經/卷上,1,raw\佛說白衣金幢二婆羅門緣起經\佛說白衣金幢二婆羅門緣起經__juan_0001.txt,clean\佛說白衣金幢二婆羅門緣起經\佛說白衣金幢二婆羅門緣起經__juan_0001.txt,2563,2563
高麗版大藏經,佛說白衣金幢二婆羅門緣起經,佛說白衣金幢二婆羅門緣起經,佛說白衣金幢二婆羅門緣起經,施護等,宋,gaoli_index,佛說白衣金幢二婆羅門緣起經/卷下,2,raw\佛說白衣金幢二婆羅門緣起經\佛說白衣金幢二婆羅門緣起經__juan_0002.txt,clean\佛說白衣金幢二婆羅門緣起經\佛說白衣金幢二婆羅門緣起經__juan_0002.txt,3196,3196
高麗版大藏經,佛說白衣金幢二婆羅門緣起經,佛說白衣金幢二婆羅門緣起經,佛說白衣金幢二婆羅門緣起經,施護等,宋,gaoli_index,佛說白衣金幢二婆羅門緣起經/卷中,3,raw\佛說白衣金幢二婆羅門緣起經\佛說白衣金幢二婆羅門緣起經__juan_0003.txt,clean\佛說白衣金幢二婆羅門緣起經\佛說白衣金幢二婆羅門緣起經__juan_0003.txt,3145,3145
高麗版大藏經,金光明經,金光明經,金光明經,曇無讖,北涼,gaoli_index,金光明經/卷00,1,raw\金光明經\金光明經__juan_0001.txt,clean\金光明經\金光明經__juan_0001.txt,565,565
高麗版大藏經,金光明經,金光明經,金光明經,曇無讖,北涼,gaoli_index,金光明經/卷01,2,raw\金光明經\金光明經__juan_0002.txt,clean\金光明經\金光明經__juan_0002.txt,10350,10350
高麗版大藏經,金光明經,金光明經,金光明經,曇無讖,北涼,gaoli_index,金光明經/卷02,3,raw\金光明經\金光明經__juan_0003.txt,clean\金光明經\金光明經__juan_0003.txt,9282,9282
高麗版大藏經,金光明經,金光明經,金光明經,曇無讖,北涼,gaoli_index,金光明經/卷03,4,raw\金光明經\金光明經__juan_0004.txt,clean\金光明經\金光明經__juan_0004.txt,11172,11172
高麗版大藏經,金光明經,金光明經,金光明經,曇無讖,北涼,gaoli_index,金光明經/卷04,5,raw\金光明經\金光明經__juan_0005.txt,clean\金光明經\金光明經__juan_0005.txt,12120,12120
高麗版大藏經,佛說福力太子因緣經,佛說福力太子因緣經,佛說福力太子因緣經,施護等,宋,gaoli_index,佛說福力太子因緣經/卷01,1,raw\佛說福力太子因緣經\佛說福力太子因緣經__juan_0001.txt,clean\佛說福力太子因緣經\佛說福力太子因緣經__juan_0001.txt,3726,3726
高麗版大藏經,佛說福力太子因緣經,佛說福力太子因緣經,佛說福力太子因緣經,施護等,宋,gaoli_index,佛說福力太子因緣經/卷02,2,raw\佛說福力太子因緣經\佛說福力太子因緣經__juan_0002.txt,clean\佛說福力太子因緣經\佛說福力太子因緣經__juan_0002.txt,3960,3960
高麗版大藏經,佛說福力太子因緣經,佛說福力太子因緣經,佛說福力太子因緣經,施護等,宋,gaoli_index,佛說福力太子因緣經/卷03,3,raw\佛說福力太子因緣經\佛說福力太子因緣經__juan_0003.txt,clean\佛說福力太子因緣經\佛說福力太子因緣經__juan_0003.txt,3189,3189
高麗版大藏經,佛說福力太子因緣經,佛說福力太子因緣經,佛說福力太子因緣經,施護等,宋,gaoli_index,佛說福力太子因緣經/卷04,4,raw\佛說福力太子因緣經\佛說福力太子因緣經__juan_0004.txt,clean\佛說福力太子因緣經\佛說福力太子因緣經__juan_0004.txt,2907,2907
高麗版大藏經,佛說無畏授所問大乘經,佛說無畏授所問大乘經,佛說無畏授所問大乘經,施護等,宋,gaoli_index,佛說無畏授所問大乘經/卷上,1,raw\佛說無畏授所問大乘經\佛說無畏授所問大乘經__juan_0001.txt,clean\佛說無畏授所問大乘經\佛說無畏授所問大乘經__juan_0001.txt,2375,2375
高麗版大藏經,佛說無畏授所問大乘經,佛說無畏授所問大乘經,佛說無畏授所問大乘經,施護等,宋,gaoli_index,佛說無畏授所問大乘經/卷下,2,raw\佛說無畏授所問大乘經\佛說無畏授所問大乘經__juan_0002.txt,clean\佛說無畏授所問大乘經\佛說無畏授所問大乘經__juan_0002.txt,2869,2869
高麗版大藏經,佛說無畏授所問大乘經,佛說無畏授所問大乘經,佛說無畏授所問大乘經,施護等,宋,gaoli_index,佛說無畏授所問大乘經/卷中,3,raw\佛說無畏授所問大乘經\佛說無畏授所問大乘經__juan_0003.txt,clean\佛說無畏授所問大乘經\佛說無畏授所問大乘經__juan_0003.txt,2234,2234
高麗版大藏經,佛說頂生王因緣經,佛說頂生王因緣經,佛說頂生王因緣經,施護等,宋,gaoli_index,佛說頂生王因緣經/卷01,1,raw\佛說頂生王因緣經\佛說頂生王因緣經__juan_0001.txt,clean\佛說頂生王因緣經\佛說頂生王因緣經__juan_0001.txt,4400,4400
高麗版大藏經,佛說頂生王因緣經,佛說頂生王因緣經,佛說頂生王因緣經,施護等,宋,gaoli_index,佛說頂生王因緣經/卷02,2,raw\佛說頂生王因緣經\佛說頂生王因緣經__juan_0002.txt,clean\佛說頂生王因緣經\佛說頂生王因緣經__juan_0002.txt,4251,4251
高麗版大藏經,佛說頂生王因緣經,佛說頂生王因緣經,佛說頂生王因緣經,施護等,宋,gaoli_index,佛說頂生王因緣經/卷03,3,raw\佛說頂生王因緣經\佛說頂生王因緣經__juan_0003.txt,clean\佛說頂生王因緣經\佛說頂生王因緣經__juan_0003.txt,4165,4165
高麗版大藏經,佛說頂生王因緣經,佛說頂生王因緣經,佛說頂生王因緣經,施護等,宋,gaoli_index,佛說頂生王因緣經/卷04,4,raw\佛說頂生王因緣經\佛說頂生王因緣經__juan_0004.txt,clean\佛說頂生王因緣經\佛說頂生王因緣經__juan_0004.txt,3258,3258
高麗版大藏經,佛說頂生王因緣經,佛說頂生王因緣經,佛說頂生王因緣經,施護等,宋,gaoli_index,佛說頂生王因緣經/卷05,5,raw\佛說頂生王因緣經\佛說頂生王因緣經__juan_0005.txt,clean\佛說頂生王因緣經\佛說頂生王因緣經__juan_0005.txt,3315,3315
高麗版大藏經,佛說頂生王因緣經,佛說頂生王因緣經,佛說頂生王因緣經,施護等,宋,gaoli_index,佛說頂生王因緣經/卷06,6,raw\佛說頂生王因緣經\佛說頂生王因緣經__juan_0006.txt,clean\佛說頂生王因緣經\佛說頂生王因緣經__juan_0006.txt,3500,3500
高麗版大藏經,大乘寶要義論,大乘寶要義論,大乘寶要義論,法護、惟淨等,宋,gaoli_index,大乘寶要義論/卷001,1,raw\大乘寶要義論\大乘寶要義論__juan_0001.txt,clean\大乘寶要義論\大乘寶要義論__juan_0001.txt,4316,4316
高麗版大藏經,大乘寶要義論,大乘寶要義論,大乘寶要義論,法護、惟淨等,宋,gaoli_index,大乘寶要義論/卷002,2,raw\大乘寶要義論\大乘寶要義論__juan_0002.txt,clean\大乘寶要義論\大乘寶要義論__juan_0002.txt,3653,3653
高麗版大藏經,大乘寶要義論,大乘寶要義論,大乘寶要義論,法護、惟淨等,宋,gaoli_index,大乘寶要義論/卷003,3,raw\大乘寶要義論\大乘寶要義論__juan_0003.txt,clean\大乘寶要義論\大乘寶要義論__juan_0003.txt,4743,4743
高麗版大藏經,大乘寶要義論,大乘寶要義論,大乘寶要義論,法護、惟淨等,宋,gaoli_index,大乘寶要義論/卷004,4,raw\大乘寶要義論\大乘寶要義論__juan_0004.txt,clean\大乘寶要義論\大乘寶要義論__juan_0004.txt,4559,4559
高麗版大藏經,大乘寶要義論,大乘寶要義論,大乘寶要義論,法護、惟淨等,宋,gaoli_index,大乘寶要義論/卷005,5,raw\大乘寶要義論\大乘寶要義論__juan_0005.txt,clean\大乘寶要義論\大乘寶要義論__juan_0005.txt,4672,4672
高麗版大藏經,大乘寶要義論,大乘寶要義論,大乘寶要義論,法護、惟淨等,宋,gaoli_index,大乘寶要義論/卷006,6,raw\大乘寶要義論\大乘寶要義論__juan_0006.txt,clean\大乘寶要義論\大乘寶要義論__juan_0006.txt,4072,4072
高麗版大藏經,大乘寶要義論,大乘寶要義論,大乘寶要義論,法護、惟淨等,宋,gaoli_index,大乘寶要義論/卷007,7,raw\大乘寶要義論\大乘寶要義論__juan_0007.txt,clean\大乘寶要義論\大乘寶要義論__juan_0007.txt,4275,4275
高麗版大藏經,大乘寶要義論,大乘寶要義論,大乘寶要義論,法護、惟淨等,宋,gaoli_index,大乘寶要義論/卷008,8,raw\大乘寶要義論\大乘寶要義論__juan_0008.txt,clean\大乘寶要義論\大乘寶要義論__juan_0008.txt,4126,4126
高麗版大藏經,大乘寶要義論,大乘寶要義論,大乘寶要義論,法護、惟淨等,宋,gaoli_index,大乘寶要義論/卷009,9,raw\大乘寶要義論\大乘寶要義論__juan_0009.txt,clean\大乘寶要義論\大乘寶要義論__juan_0009.txt,3722,3722
高麗版大藏經,大乘寶要義論,大乘寶要義論,大乘寶要義論,法護、惟淨等,宋,gaoli_index,大乘寶要義論/卷010,10,raw\大乘寶要義論\大乘寶要義論__juan_0010.txt,clean\大乘寶要義論\大乘寶要義論__juan_0010.txt,3768,3768
高麗版大藏經,佛說除蓋障菩薩所問經,佛說除蓋障菩薩所問經,佛說除蓋障菩薩所問經,法護、惟淨等,宋,gaoli_index,佛說除蓋障菩薩所問經/卷01,1,raw\佛說除蓋障菩薩所問經\佛說除蓋障菩薩所問經__juan_0001.txt,clean\佛說除蓋障菩薩所問經\佛說除蓋障菩薩所問經__juan_0001.txt,4317,4317
高麗版大藏經,佛說除蓋障菩薩所問經,佛說除蓋障菩薩所問經,佛說除蓋障菩薩所問經,法護、惟淨等,宋,gaoli_index,佛說除蓋障菩薩所問經/卷02,2,raw\佛說除蓋障菩薩所問經\佛說除蓋障菩薩所問經__juan_0002.txt,clean\佛說除蓋障菩薩所問經\佛說除蓋障菩薩所問經__juan_0002.txt,4399,4399
高麗版大藏經,佛說除蓋障菩薩所問經,佛說除蓋障菩薩所問經,佛說除蓋障菩薩所問經,法護、惟淨等,宋,gaoli_index,佛說除蓋障菩薩所問經/卷03,3,raw\佛說除蓋障菩薩所問經\佛說除蓋障菩薩所問經__juan_0003.txt,clean\佛說除蓋障菩薩所問經\佛說除蓋障菩薩所問經__juan_0003.txt,4843,4843
高麗版大藏經,佛說除蓋障菩薩所問經,佛說除蓋障菩薩所問經,佛說除蓋障菩薩所問經,法護、惟淨等,宋,gaoli_index,佛說除蓋障菩薩所問經/卷04,4,raw\佛說除蓋障菩薩所問經\佛說除蓋障菩薩所問經__juan_0004.txt,clean\佛說除蓋障菩薩所問經\佛說除蓋障菩薩所問經__juan_0004.txt,5019,5019
高麗版大藏經,佛說除蓋障菩薩所問經,佛說除蓋障菩薩所問經,佛說除蓋障菩薩所問經,法護、惟淨等,宋,gaoli_index,佛說除蓋障菩薩所問經/卷05,5,raw\佛說除蓋障菩薩所問經\佛說除蓋障菩薩所問經__juan_0005.txt,clean\佛說除蓋障菩薩所問經\佛說除蓋障菩薩所問經__juan_0005.txt,4125,4125
高麗版大藏經,佛說除蓋障菩薩所問經,佛說除蓋障菩薩所問經,佛說除蓋障菩薩所問經,法護、惟淨等,宋,gaoli_index,佛說除蓋障菩薩所問經/卷06,6,raw\佛說除蓋障菩薩所問經\佛說除蓋障菩薩所問經__juan_0006.txt,clean\佛說除蓋障菩薩所問經\佛說除蓋障菩薩所問經__juan_0006.txt,4506,4506
高麗版大藏經,佛說除蓋障菩薩所問經,佛說除蓋障菩薩所問經,佛說除蓋障菩薩所問經,法護、惟淨等,宋,gaoli_index,佛說除蓋障菩薩所問經/卷07,7,raw\佛說除蓋障菩薩所問經\佛說除蓋障菩薩所問經__juan_0007.txt,clean\佛說除蓋障菩薩所問經\佛說除蓋障菩薩所問經__juan_0007.txt,4959,4959
高麗版大藏經,佛說除蓋障菩薩所問經,佛說除蓋障菩薩所問經,佛說除蓋障菩薩所問經,法護、惟淨等,宋,gaoli_index,佛說除蓋障菩薩所問經/卷08,8,raw\佛說除蓋障菩薩所問經\佛說除蓋障菩薩所問經__juan_0008.txt,clean\佛說除蓋障菩薩所問經\佛說除蓋障菩薩所問經__juan_0008.txt,4890,4890
高麗版大藏經,佛說除蓋障菩薩所問經,佛說除蓋障菩薩所問經,佛說除蓋障菩薩所問經,法護、惟淨等,宋,gaoli_index,佛說除蓋障菩薩所問經/卷09,9,raw\佛說除蓋障菩薩所問經\佛說除蓋障菩薩所問經__juan_0009.txt,clean\佛說除蓋障菩薩所問經\佛說除蓋障菩薩所問經__juan_0009.txt,5835,5835
高麗版大藏經,佛說除蓋障菩薩所問經,佛說除蓋障菩薩所問經,佛說除蓋障菩薩所問經,法護、惟淨等,宋,gaoli_index,佛說除蓋障菩薩所問經/卷10,10,raw\佛說除蓋障菩薩所問經\佛說除蓋障菩薩所問經__juan_0010.txt,clean\佛說除蓋障菩薩所問經\佛說除蓋障菩薩所問經__juan_0010.txt,4487,4487
高麗版大藏經,佛說除蓋障菩薩所問經,佛說除蓋障菩薩所問經,佛說除蓋障菩薩所問經,法護、惟淨等,宋,gaoli_index,佛說除蓋障菩薩所問經/卷11,11,raw\佛說除蓋障菩薩所問經\佛說除蓋障菩薩所問經__juan_0011.txt,clean\佛說除蓋障菩薩所問經\佛說除蓋障菩薩所問經__juan_0011.txt,4776,4776
高麗版大藏經,佛說除蓋障菩薩所問經,佛說除蓋障菩薩所問經,佛說除蓋障菩薩所問經,法護、惟淨等,宋,gaoli_index,佛說除蓋障菩薩所問經/卷12,12,raw\佛說除蓋障菩薩所問經\佛說除蓋障菩薩所問經__juan_0012.txt,clean\佛說除蓋障菩薩所問經\佛說除蓋障菩薩所問經__juan_0012.txt,4487,4487
高麗版大藏經,佛說除蓋障菩薩所問經,佛說除蓋障菩薩所問經,佛說除蓋障菩薩所問經,法護、惟淨等,宋,gaoli_index,佛說除蓋障菩薩所問經/卷13,13,raw\佛說除蓋障菩薩所問經\佛說除蓋障菩薩所問經__juan_0013.txt,clean\佛說除蓋障菩薩所問經\佛說除蓋障菩薩所問經__juan_0013.txt,4030,4030
高麗版大藏經,佛說除蓋障菩薩所問經,佛說除蓋障菩薩所問經,佛說除蓋障菩薩所問經,法護、惟淨等,宋,gaoli_index,佛說除蓋障菩薩所問經/卷14,14,raw\佛說除蓋障菩薩所問經\佛說除蓋障菩薩所問經__juan_0014.txt,clean\佛說除蓋障菩薩所問經\佛說除蓋障菩薩所問經__juan_0014.txt,3642,3642
高麗版大藏經,佛說除蓋障菩薩所問經,佛說除蓋障菩薩所問經,佛說除蓋障菩薩所問經,法護、惟淨等,宋,gaoli_index,佛說除蓋障菩薩所問經/卷15,15,raw\佛說除蓋障菩薩所問經\佛說除蓋障菩薩所問經__juan_0015.txt,clean\佛說除蓋障菩薩所問經\佛說除蓋障菩薩所問經__juan_0015.txt,3664,3664
高麗版大藏經,佛說除蓋障菩薩所問經,佛說除蓋障菩薩所問經,佛說除蓋障菩薩所問經,法護、惟淨等,宋,gaoli_index,佛說除蓋障菩薩所問經/卷16,16,raw\佛說除蓋障菩薩所問經\佛說除蓋障菩薩所問經__juan_0016.txt,clean\佛說除蓋障菩薩所問經\佛說除蓋障菩薩所問經__juan_0016.txt,2713,2713
高麗版大藏經,佛說除蓋障菩薩所問經,佛說除蓋障菩薩所問經,佛說除蓋障菩薩所問經,法護、惟淨等,宋,gaoli_index,佛說除蓋障菩薩所問經/卷17,17,raw\佛說除蓋障菩薩所問經\佛說除蓋障菩薩所問經__juan_0017.txt,clean\佛說除蓋障菩薩所問經\佛說除蓋障菩薩所問經__juan_0017.txt,3097,3097
高麗版大藏經,佛說除蓋障菩薩所問經,佛說除蓋障菩薩所問經,佛說除蓋障菩薩所問經,法護、惟淨等,宋,gaoli_index,佛說除蓋障菩薩所問經/卷18,18,raw\佛說除蓋障菩薩所問經\佛說除蓋障菩薩所問經__juan_0018.txt,clean\佛說除蓋障菩薩所問經\佛說除蓋障菩薩所問經__juan_0018.txt,3585,3585
高麗版大藏經,佛說除蓋障菩薩所問經,佛說除蓋障菩薩所問經,佛說除蓋障菩薩所問經,法護、惟淨等,宋,gaoli_index,佛說除蓋障菩薩所問經/卷19,19,raw\佛說除蓋障菩薩所問經\佛說除蓋障菩薩所問經__juan_0019.txt,clean\佛說除蓋障菩薩所問經\佛說除蓋障菩薩所問經__juan_0019.txt,2841,2841
高麗版大藏經,佛說除蓋障菩薩所問經,佛說除蓋障菩薩所問經,佛說除蓋障菩薩所問經,法護、惟淨等,宋,gaoli_index,佛說除蓋障菩薩所問經/卷20,20,raw\佛說除蓋障菩薩所問經\佛說除蓋障菩薩所問經__juan_0020.txt,clean\佛說除蓋障菩薩所問經\佛說除蓋障菩薩所問經__juan_0020.txt,2596,2596
高麗版大藏經,佛說身毛喜豎經,佛說身毛喜豎經,佛說身毛喜豎經,惟淨等,宋,gaoli_index,佛說身毛喜豎經/卷01,1,raw\佛說身毛喜豎經\佛說身毛喜豎經__juan_0001.txt,clean\佛說身毛喜豎經\佛說身毛喜豎經__juan_0001.txt,4777,4777
高麗版大藏經,佛說身毛喜豎經,佛說身毛喜豎經,佛說身毛喜豎經,惟淨等,宋,gaoli_index,佛說身毛喜豎經/卷02,2,raw\佛說身毛喜豎經\佛說身毛喜豎經__juan_0002.txt,clean\佛說身毛喜豎經\佛說身毛喜豎經__juan_0002.txt,5170,5170
高麗版大藏經,佛說身毛喜豎經,佛說身毛喜豎經,佛說身毛喜豎經,惟淨等,宋,gaoli_index,佛說身毛喜豎經/卷03,3,raw\佛說身毛喜豎經\佛說身毛喜豎經__juan_0003.txt,clean\佛說身毛喜豎經\佛說身毛喜豎經__juan_0003.txt,5112,5112
高麗版大藏經,聖佛母般若波羅蜜多九頌精義論,聖佛母般若波羅蜜多九頌精義論,聖佛母般若波羅蜜多九頌精義論,法護等,宋,gaoli_index,聖佛母般若波羅蜜多九頌精義論/卷第 01,1,raw\聖佛母般若波羅蜜多九頌精義論\聖佛母般若波羅蜜多九頌精義論__juan_0001.txt,clean\聖佛母般若波羅蜜多九頌精義論\聖佛母般若波羅蜜多九頌精義論__juan_0001.txt,2100,2100
高麗版大藏經,聖佛母般若波羅蜜多九頌精義論,聖佛母般若波羅蜜多九頌精義論,聖佛母般若波羅蜜多九頌精義論,法護等,宋,gaoli_index,聖佛母般若波羅蜜多九頌精義論/卷第 02,2,raw\聖佛母般若波羅蜜多九頌精義論\聖佛母般若波羅蜜多九頌精義論__juan_0002.txt,clean\聖佛母般若波羅蜜多九頌精義論\聖佛母般若波羅蜜多九頌精義論__juan_0002.txt,2125,2125
高麗版大藏經,佛說大乘大方廣佛冠經,佛說大乘大方廣佛冠經,佛說大乘大方廣佛冠經,法護等,宋,gaoli_index,佛說大乘大方廣佛冠經/卷01,1,raw\佛說大乘大方廣佛冠經\佛說大乘大方廣佛冠經__juan_0001.txt,clean\佛說大乘大方廣佛冠經\佛說大乘大方廣佛冠經__juan_0001.txt,2012,2012
高麗版大藏經,佛說大乘大方廣佛冠經,佛說大乘大方廣佛冠經,佛說大乘大方廣佛冠經,法護等,宋,gaoli_index,佛說大乘大方廣佛冠經/卷02,2,raw\佛說大乘大方廣佛冠經\佛說大乘大方廣佛冠經__juan_0002.txt,clean\佛說大乘大方廣佛冠經\佛說大乘大方廣佛冠經__juan_0002.txt,2470,2470
高麗版大藏經,佛說海意菩薩所問淨印法門經,佛說海意菩薩所問淨印法門經,佛說海意菩薩所問淨印法門經,惟淨、法護等,宋,gaoli_index,佛說海意菩薩所問淨印法門經/卷01,1,raw\佛說海意菩薩所問淨印法門經\佛說海意菩薩所問淨印法門經__juan_0001.txt,clean\佛說海意菩薩所問淨印法門經\佛說海意菩薩所問淨印法門經__juan_0001.txt,4804,4804
高麗版大藏經,佛說海意菩薩所問淨印法門經,佛說海意菩薩所問淨印法門經,佛說海意菩薩所問淨印法門經,惟淨、法護等,宋,gaoli_index,佛說海意菩薩所問淨印法門經/卷02,2,raw\佛說海意菩薩所問淨印法門經\佛說海意菩薩所問淨印法門經__juan_0002.txt,clean\佛說海意菩薩所問淨印法門經\佛說海意菩薩所問淨印法門經__juan_0002.txt,4824,4824
高麗版大藏經,佛說海意菩薩所問淨印法門經,佛說海意菩薩所問淨印法門經,佛說海意菩薩所問淨印法門經,惟淨、法護等,宋,gaoli_index,佛說海意菩薩所問淨印法門經/卷03,3,raw\佛說海意菩薩所問淨印法門經\佛說海意菩薩所問淨印法門經__juan_0003.txt,clean\佛說海意菩薩所問淨印法門經\佛說海意菩薩所問淨印法門經__juan_0003.txt,5009,5009
高麗版大藏經,佛說海意菩薩所問淨印法門經,佛說海意菩薩所問淨印法門經,佛說海意菩薩所問淨印法門經,惟淨、法護等,宋,gaoli_index,佛說海意菩薩所問淨印法門經/卷04,4,raw\佛說海意菩薩所問淨印法門經\佛說海意菩薩所問淨印法門經__juan_0004.txt,clean\佛說海意菩薩所問淨印法門經\佛說海意菩薩所問淨印法門經__juan_0004.txt,4482,4482
高麗版大藏經,佛說海意菩薩所問淨印法門經,佛說海意菩薩所問淨印法門經,佛說海意菩薩所問淨印法門經,惟淨、法護等,宋,gaoli_index,佛說海意菩薩所問淨印法門經/卷05,5,raw\佛說海意菩薩所問淨印法門經\佛說海意菩薩所問淨印法門經__juan_0005.txt,clean\佛說海意菩薩所問淨印法門經\佛說海意菩薩所問淨印法門經__juan_0005.txt,3557,3557
高麗版大藏經,佛說海意菩薩所問淨印法門經,佛說海意菩薩所問淨印法門經,佛說海意菩薩所問淨印法門經,惟淨、法護等,宋,gaoli_index,佛說海意菩薩所問淨印法門經/卷06,6,raw\佛說海意菩薩所問淨印法門經\佛說海意菩薩所問淨印法門經__juan_0006.txt,clean\佛說海意菩薩所問淨印法門經\佛說海意菩薩所問淨印法門經__juan_0006.txt,3648,3648
高麗版大藏經,佛說海意菩薩所問淨印法門經,佛說海意菩薩所問淨印法門經,佛說海意菩薩所問淨印法門經,惟淨、法護等,宋,gaoli_index,佛說海意菩薩所問淨印法門經/卷07,7,raw\佛說海意菩薩所問淨印法門經\佛說海意菩薩所問淨印法門經__juan_0007.txt,clean\佛說海意菩薩所問淨印法門經\佛說海意菩薩所問淨印法門經__juan_0007.txt,4888,4888
高麗版大藏經,佛說海意菩薩所問淨印法門經,佛說海意菩薩所問淨印法門經,佛說海意菩薩所問淨印法門經,惟淨、法護等,宋,gaoli_index,佛說海意菩薩所問淨印法門經/卷08,8,raw\佛說海意菩薩所問淨印法門經\佛說海意菩薩所問淨印法門經__juan_0008.txt,clean\佛說海意菩薩所問淨印法門經\佛說海意菩薩所問淨印法門經__juan_0008.txt,5136,5136
高麗版大藏經,佛說海意菩薩所問淨印法門經,佛說海意菩薩所問淨印法門經,佛說海意菩薩所問淨印法門經,惟淨、法護等,宋,gaoli_index,佛說海意菩薩所問淨印法門經/卷09,9,raw\佛說海意菩薩所問淨印法門經\佛說海意菩薩所問淨印法門經__juan_0009.txt,clean\佛說海意菩薩所問淨印法門經\佛說海意菩薩所問淨印法門經__juan_0009.txt,5208,5208
高麗版大藏經,佛說海意菩薩所問淨印法門經,佛說海意菩薩所問淨印法門經,佛說海意菩薩所問淨印法門經,惟淨、法護等,宋,gaoli_index,佛說海意菩薩所問淨印法門經/卷10,10,raw\佛說海意菩薩所問淨印法門經\佛說海意菩薩所問淨印法門經__juan_0010.txt,clean\佛說海意菩薩所問淨印法門經\佛說海意菩薩所問淨印法門經__juan_0010.txt,5438,5438
高麗版大藏經,佛說海意菩薩所問淨印法門經,佛說海意菩薩所問淨印法門經,佛說海意菩薩所問淨印法門經,惟淨、法護等,宋,gaoli_index,佛說海意菩薩所問淨印法門經/卷11,11,raw\佛說海意菩薩所問淨印法門經\佛說海意菩薩所問淨印法門經__juan_0011.txt,clean\佛說海意菩薩所問淨印法門經\佛說海意菩薩所問淨印法門經__juan_0011.txt,5303,5303
高麗版大藏經,佛說海意菩薩所問淨印法門經,佛說海意菩薩所問淨印法門經,佛說海意菩薩所問淨印法門經,惟淨、法護等,宋,gaoli_index,佛說海意菩薩所問淨印法門經/卷12,12,raw\佛說海意菩薩所問淨印法門經\佛說海意菩薩所問淨印法門經__juan_0012.txt,clean\佛說海意菩薩所問淨印法門經\佛說海意菩薩所問淨印法門經__juan_0012.txt,4539,4539
高麗版大藏經,佛說海意菩薩所問淨印法門經,佛說海意菩薩所問淨印法門經,佛說海意菩薩所問淨印法門經,惟淨、法護等,宋,gaoli_index,佛說海意菩薩所問淨印法門經/卷13,13,raw\佛說海意菩薩所問淨印法門經\佛說海意菩薩所問淨印法門經__juan_0013.txt,clean\佛說海意菩薩所問淨印法門經\佛說海意菩薩所問淨印法門經__juan_0013.txt,3811,3811
高麗版大藏經,佛說海意菩薩所問淨印法門經,佛說海意菩薩所問淨印法門經,佛說海意菩薩所問淨印法門經,惟淨、法護等,宋,gaoli_index,佛說海意菩薩所問淨印法門經/卷14,14,raw\佛說海意菩薩所問淨印法門經\佛說海意菩薩所問淨印法門經__juan_0014.txt,clean\佛說海意菩薩所問淨印法門經\佛說海意菩薩所問淨印法門經__juan_0014.txt,4037,4037
高麗版大藏經,佛說海意菩薩所問淨印法門經,佛說海意菩薩所問淨印法門經,佛說海意菩薩所問淨印法門經,惟淨、法護等,宋,gaoli_index,佛說海意菩薩所問淨印法門經/卷15,15,raw\佛說海意菩薩所問淨印法門經\佛說海意菩薩所問淨印法門經__juan_0015.txt,clean\佛說海意菩薩所問淨印法門經\佛說海意菩薩所問淨印法門經__juan_0015.txt,4016,4016
高麗版大藏經,佛說海意菩薩所問淨印法門經,佛說海意菩薩所問淨印法門經,佛說海意菩薩所問淨印法門經,惟淨、法護等,宋,gaoli_index,佛說海意菩薩所問淨印法門經/卷16,16,raw\佛說海意菩薩所問淨印法門經\佛說海意菩薩所問淨印法門經__juan_0016.txt,clean\佛說海意菩薩所問淨印法門經\佛說海意菩薩所問淨印法門經__juan_0016.txt,4558,4558
高麗版大藏經,佛說海意菩薩所問淨印法門經,佛說海意菩薩所問淨印法門經,佛說海意菩薩所問淨印法門經,惟淨、法護等,宋,gaoli_index,佛說海意菩薩所問淨印法門經/卷17,17,raw\佛說海意菩薩所問淨印法門經\佛說海意菩薩所問淨印法門經__juan_0017.txt,clean\佛說海意菩薩所問淨印法門經\佛說海意菩薩所問淨印法門經__juan_0017.txt,4392,4392
高麗版大藏經,佛說海意菩薩所問淨印法門經,佛說海意菩薩所問淨印法門經,佛說海意菩薩所問淨印法門經,惟淨、法護等,宋,gaoli_index,佛說海意菩薩所問淨印法門經/卷18,18,raw\佛說海意菩薩所問淨印法門經\佛說海意菩薩所問淨印法門經__juan_0018.txt,clean\佛說海意菩薩所問淨印法門經\佛說海意菩薩所問淨印法門經__juan_0018.txt,6551,6551
高麗版大藏經,金色童子因緣經,金色童子因緣經,金色童子因緣經,惟淨、法護等,宋,gaoli_index,金色童子因緣經/卷01,1,raw\金色童子因緣經\金色童子因緣經__juan_0001.txt,clean\金色童子因緣經\金色童子因緣經__juan_0001.txt,3422,3422
高麗版大藏經,金色童子因緣經,金色童子因緣經,金色童子因緣經,惟淨、法護等,宋,gaoli_index,金色童子因緣經/卷02,2,raw\金色童子因緣經\金色童子因緣經__juan_0002.txt,clean\金色童子因緣經\金色童子因緣經__juan_0002.txt,3202,3202
高麗版大藏經,金色童子因緣經,金色童子因緣經,金色童子因緣經,惟淨、法護等,宋,gaoli_index,金色童子因緣經/卷03,3,raw\金色童子因緣經\金色童子因緣經__juan_0003.txt,clean\金色童子因緣經\金色童子因緣經__juan_0003.txt,3335,3335
高麗版大藏經,金色童子因緣經,金色童子因緣經,金色童子因緣經,惟淨、法護等,宋,gaoli_index,金色童子因緣經/卷04,4,raw\金色童子因緣經\金色童子因緣經__juan_0004.txt,clean\金色童子因緣經\金色童子因緣經__juan_0004.txt,3153,3153
高麗版大藏經,金色童子因緣經,金色童子因緣經,金色童子因緣經,惟淨、法護等,宋,gaoli_index,金色童子因緣經/卷05,5,raw\金色童子因緣經\金色童子因緣經__juan_0005.txt,clean\金色童子因緣經\金色童子因緣經__juan_0005.txt,3923,3923
高麗版大藏經,金色童子因緣經,金色童子因緣經,金色童子因緣經,惟淨、法護等,宋,gaoli_index,金色童子因緣經/卷06,6,raw\金色童子因緣經\金色童子因緣經__juan_0006.txt,clean\金色童子因緣經\金色童子因緣經__juan_0006.txt,3664,3664
高麗版大藏經,金色童子因緣經,金色童子因緣經,金色童子因緣經,惟淨、法護等,宋,gaoli_index,金色童子因緣經/卷07,7,raw\金色童子因緣經\金色童子因緣經__juan_0007.txt,clean\金色童子因緣經\金色童子因緣經__juan_0007.txt,3898,3898
高麗版大藏經,金色童子因緣經,金色童子因緣經,金色童子因緣經,惟淨、法護等,宋,gaoli_index,金色童子因緣經/卷08,8,raw\金色童子因緣經\金色童子因緣經__juan_0008.txt,clean\金色童子因緣經\金色童子因緣經__juan_0008.txt,4056,4056
高麗版大藏經,金色童子因緣經,金色童子因緣經,金色童子因緣經,惟淨、法護等,宋,gaoli_index,金色童子因緣經/卷09,9,raw\金色童子因緣經\金色童子因緣經__juan_0009.txt,clean\金色童子因緣經\金色童子因緣經__juan_0009.txt,3319,3319
高麗版大藏經,金色童子因緣經,金色童子因緣經,金色童子因緣經,惟淨、法護等,宋,gaoli_index,金色童子因緣經/卷10,10,raw\金色童子因緣經\金色童子因緣經__juan_0010.txt,clean\金色童子因緣經\金色童子因緣經__juan_0010.txt,4985,4985
高麗版大藏經,金色童子因緣經,金色童子因緣經,金色童子因緣經,惟淨、法護等,宋,gaoli_index,金色童子因緣經/卷11,11,raw\金色童子因緣經\金色童子因緣經__juan_0011.txt,clean\金色童子因緣經\金色童子因緣經__juan_0011.txt,5485,5485
高麗版大藏經,金色童子因緣經,金色童子因緣經,金色童子因緣經,惟淨、法護等,宋,gaoli_index,金色童子因緣經/卷12,12,raw\金色童子因緣經\金色童子因緣經__juan_0012.txt,clean\金色童子因緣經\金色童子因緣經__juan_0012.txt,4651,4651
高麗版大藏經,施設論,施設論,施設論,法護、惟淨等,宋,gaoli_index,施設論/卷第 01,1,raw\施設論\施設論__juan_0001.txt,clean\施設論\施設論__juan_0001.txt,4548,4548
高麗版大藏經,施設論,施設論,施設論,法護、惟淨等,宋,gaoli_index,施設論/卷第 02,2,raw\施設論\施設論__juan_0002.txt,clean\施設論\施設論__juan_0002.txt,3225,3225
高麗版大藏經,施設論,施設論,施設論,法護、惟淨等,宋,gaoli_index,施設論/卷第 03,3,raw\施設論\施設論__juan_0003.txt,clean\施設論\施設論__juan_0003.txt,3736,3736
高麗版大藏經,施設論,施設論,施設論,法護、惟淨等,宋,gaoli_index,施設論/卷第 04,4,raw\施設論\施設論__juan_0004.txt,clean\施設論\施設論__juan_0004.txt,3354,3354
高麗版大藏經,施設論,施設論,施設論,法護、惟淨等,宋,gaoli_index,施設論/卷第 05,5,raw\施設論\施設論__juan_0005.txt,clean\施設論\施設論__juan_0005.txt,3253,3253
高麗版大藏經,施設論,施設論,施設論,法護、惟淨等,宋,gaoli_index,施設論/卷第 06,6,raw\施設論\施設論__juan_0006.txt,clean\施設論\施設論__juan_0006.txt,3047,3047
高麗版大藏經,施設論,施設論,施設論,法護、惟淨等,宋,gaoli_index,施設論/卷第 07,7,raw\施設論\施設論__juan_0007.txt,clean\施設論\施設論__juan_0007.txt,3462,3462
高麗版大藏經,佛說開覺自性般若波羅蜜多經,佛說開覺自性般若波羅蜜多經,佛說開覺自性般若波羅蜜多經,惟淨、法護等,宋,gaoli_index,佛說開覺自性般若波羅蜜多經/01,1,raw\佛說開覺自性般若波羅蜜多經\佛說開覺自性般若波羅蜜多經__juan_0001.txt,clean\佛說開覺自性般若波羅蜜多經\佛說開覺自性般若波羅蜜多經__juan_0001.txt,3134,3134
高麗版大藏經,佛說開覺自性般若波羅蜜多經,佛說開覺自性般若波羅蜜多經,佛說開覺自性般若波羅蜜多經,惟淨、法護等,宋,gaoli_index,佛說開覺自性般若波羅蜜多經/02,2,raw\佛說開覺自性般若波羅蜜多經\佛說開覺自性般若波羅蜜多經__juan_0002.txt,clean\佛說開覺自性般若波羅蜜多經\佛說開覺自性般若波羅蜜多經__juan_0002.txt,4283,4283
高麗版大藏經,佛說開覺自性般若波羅蜜多經,佛說開覺自性般若波羅蜜多經,佛說開覺自性般若波羅蜜多經,惟淨、法護等,宋,gaoli_index,佛說開覺自性般若波羅蜜多經/03,3,raw\佛說開覺自性般若波羅蜜多經\佛說開覺自性般若波羅蜜多經__juan_0003.txt,clean\佛說開覺自性般若波羅蜜多經\佛說開覺自性般若波羅蜜多經__juan_0003.txt,4571,4571
高麗版大藏經,佛說開覺自性般若波羅蜜多經,佛說開覺自性般若波羅蜜多經,佛說開覺自性般若波羅蜜多經,惟淨、法護等,宋,gaoli_index,佛說開覺自性般若波羅蜜多經/04,4,raw\佛說開覺自性般若波羅蜜多經\佛說開覺自性般若波羅蜜多經__juan_0004.txt,clean\佛說開覺自性般若波羅蜜多經\佛說開覺自性般若波羅蜜多經__juan_0004.txt,4828,4828
高麗版大藏經,佛說如來不思議祕密大乘經,佛說如來不思議祕密大乘經,佛說如來不思議祕密大乘經,法護、惟淨等,宋,gaoli_index,佛說如來不思議祕密大乘經/01,1,raw\佛說如來不思議祕密大乘經\佛說如來不思議祕密大乘經__juan_0001.txt,clean\佛說如來不思議祕密大乘經\佛說如來不思議祕密大乘經__juan_0001.txt,4104,4104
高麗版大藏經,佛說如來不思議祕密大乘經,佛說如來不思議祕密大乘經,佛說如來不思議祕密大乘經,法護、惟淨等,宋,gaoli_index,佛說如來不思議祕密大乘經/02,2,raw\佛說如來不思議祕密大乘經\佛說如來不思議祕密大乘經__juan_0002.txt,clean\佛說如來不思議祕密大乘經\佛說如來不思議祕密大乘經__juan_0002.txt,4154,4154
高麗版大藏經,佛說如來不思議祕密大乘經,佛說如來不思議祕密大乘經,佛說如來不思議祕密大乘經,法護、惟淨等,宋,gaoli_index,佛說如來不思議祕密大乘經/03,3,raw\佛說如來不思議祕密大乘經\佛說如來不思議祕密大乘經__juan_0003.txt,clean\佛說如來不思議祕密大乘經\佛說如來不思議祕密大乘經__juan_0003.txt,3940,3940
高麗版大藏經,佛說如來不思議祕密大乘經,佛說如來不思議祕密大乘經,佛說如來不思議祕密大乘經,法護、惟淨等,宋,gaoli_index,佛說如來不思議祕密大乘經/04,4,raw\佛說如來不思議祕密大乘經\佛說如來不思議祕密大乘經__juan_0004.txt,clean\佛說如來不思議祕密大乘經\佛說如來不思議祕密大乘經__juan_0004.txt,3622,3622
高麗版大藏經,佛說如來不思議祕密大乘經,佛說如來不思議祕密大乘經,佛說如來不思議祕密大乘經,法護、惟淨等,宋,gaoli_index,佛說如來不思議祕密大乘經/05,5,raw\佛說如來不思議祕密大乘經\佛說如來不思議祕密大乘經__juan_0005.txt,clean\佛說如來不思議祕密大乘經\佛說如來不思議祕密大乘經__juan_0005.txt,3602,3602
高麗版大藏經,佛說如來不思議祕密大乘經,佛說如來不思議祕密大乘經,佛說如來不思議祕密大乘經,法護、惟淨等,宋,gaoli_index,佛說如來不思議祕密大乘經/06,6,raw\佛說如來不思議祕密大乘經\佛說如來不思議祕密大乘經__juan_0006.txt,clean\佛說如來不思議祕密大乘經\佛說如來不思議祕密大乘經__juan_0006.txt,4331,4331
高麗版大藏經,佛說如來不思議祕密大乘經,佛說如來不思議祕密大乘經,佛說如來不思議祕密大乘經,法護、惟淨等,宋,gaoli_index,佛說如來不思議祕密大乘經/07,7,raw\佛說如來不思議祕密大乘經\佛說如來不思議祕密大乘經__juan_0007.txt,clean\佛說如來不思議祕密大乘經\佛說如來不思議祕密大乘經__juan_0007.txt,4432,4432
高麗版大藏經,佛說如來不思議祕密大乘經,佛說如來不思議祕密大乘經,佛說如來不思議祕密大乘經,法護、惟淨等,宋,gaoli_index,佛說如來不思議祕密大乘經/08,8,raw\佛說如來不思議祕密大乘經\佛說如來不思議祕密大乘經__juan_0008.txt,clean\佛說如來不思議祕密大乘經\佛說如來不思議祕密大乘經__juan_0008.txt,4616,4616
高麗版大藏經,佛說如來不思議祕密大乘經,佛說如來不思議祕密大乘經,佛說如來不思議祕密大乘經,法護、惟淨等,宋,gaoli_index,佛說如來不思議祕密大乘經/09,9,raw\佛說如來不思議祕密大乘經\佛說如來不思議祕密大乘經__juan_0009.txt,clean\佛說如來不思議祕密大乘經\佛說如來不思議祕密大乘經__juan_0009.txt,3740,3740
高麗版大藏經,佛說如來不思議祕密大乘經,佛說如來不思議祕密大乘經,佛說如來不思議祕密大乘經,法護、惟淨等,宋,gaoli_index,佛說如來不思議祕密大乘經/10,10,raw\佛說如來不思議祕密大乘經\佛說如來不思議祕密大乘經__juan_0010.txt,clean\佛說如來不思議祕密大乘經\佛說如來不思議祕密大乘經__juan_0010.txt,4044,4044
高麗版大藏經,佛說如來不思議祕密大乘經,佛說如來不思議祕密大乘經,佛說如來不思議祕密大乘經,法護、惟淨等,宋,gaoli_index,佛說如來不思議祕密大乘經/11,11,raw\佛說如來不思議祕密大乘經\佛說如來不思議祕密大乘經__juan_0011.txt,clean\佛說如來不思議祕密大乘經\佛說如來不思議祕密大乘經__juan_0011.txt,3791,3791
高麗版大藏經,佛說如來不思議祕密大乘經,佛說如來不思議祕密大乘經,佛說如來不思議祕密大乘經,法護、惟淨等,宋,gaoli_index,佛說如來不思議祕密大乘經/12,12,raw\佛說如來不思議祕密大乘經\佛說如來不思議祕密大乘經__juan_0012.txt,clean\佛說如來不思議祕密大乘經\佛說如來不思議祕密大乘經__juan_0012.txt,3710,3710
高麗版大藏經,佛說如來不思議祕密大乘經,佛說如來不思議祕密大乘經,佛說如來不思議祕密大乘經,法護、惟淨等,宋,gaoli_index,佛說如來不思議祕密大乘經/13,13,raw\佛說如來不思議祕密大乘經\佛說如來不思議祕密大乘經__juan_0013.txt,clean\佛說如來不思議祕密大乘經\佛說如來不思議祕密大乘經__juan_0013.txt,3779,3779
高麗版大藏經,佛說如來不思議祕密大乘經,佛說如來不思議祕密大乘經,佛說如來不思議祕密大乘經,法護、惟淨等,宋,gaoli_index,佛說如來不思議祕密大乘經/14,14,raw\佛說如來不思議祕密大乘經\佛說如來不思議祕密大乘經__juan_0014.txt,clean\佛說如來不思議祕密大乘經\佛說如來不思議祕密大乘經__juan_0014.txt,3452,3452
高麗版大藏經,佛說如來不思議祕密大乘經,佛說如來不思議祕密大乘經,佛說如來不思議祕密大乘經,法護、惟淨等,宋,gaoli_index,佛說如來不思議祕密大乘經/15,15,raw\佛說如來不思議祕密大乘經\佛說如來不思議祕密大乘經__juan_0015.txt,clean\佛說如來不思議祕密大乘經\佛說如來不思議祕密大乘經__juan_0015.txt,2710,2710
高麗版大藏經,佛說如來不思議祕密大乘經,佛說如來不思議祕密大乘經,佛說如來不思議祕密大乘經,法護、惟淨等,宋,gaoli_index,佛說如來不思議祕密大乘經/16,16,raw\佛說如來不思議祕密大乘經\佛說如來不思議祕密大乘經__juan_0016.txt,clean\佛說如來不思議祕密大乘經\佛說如來不思議祕密大乘經__juan_0016.txt,3253,3253
高麗版大藏經,佛說如來不思議祕密大乘經,佛說如來不思議祕密大乘經,佛說如來不思議祕密大乘經,法護、惟淨等,宋,gaoli_index,佛說如來不思議祕密大乘經/17,17,raw\佛說如來不思議祕密大乘經\佛說如來不思議祕密大乘經__juan_0017.txt,clean\佛說如來不思議祕密大乘經\佛說如來不思議祕密大乘經__juan_0017.txt,4904,4904
高麗版大藏經,佛說如來不思議祕密大乘經,佛說如來不思議祕密大乘經,佛說如來不思議祕密大乘經,法護、惟淨等,宋,gaoli_index,佛說如來不思議祕密大乘經/18,18,raw\佛說如來不思議祕密大乘經\佛說如來不思議祕密大乘經__juan_0018.txt,clean\佛說如來不思議祕密大乘經\佛說如來不思議祕密大乘經__juan_0018.txt,4132,4132
高麗版大藏經,佛說如來不思議祕密大乘經,佛說如來不思議祕密大乘經,佛說如來不思議祕密大乘經,法護、惟淨等,宋,gaoli_index,佛說如來不思議祕密大乘經/19,19,raw\佛說如來不思議祕密大乘經\佛說如來不思議祕密大乘經__juan_0019.txt,clean\佛說如來不思議祕密大乘經\佛說如來不思議祕密大乘經__juan_0019.txt,4607,4607
高麗版大藏經,佛說如來不思議祕密大乘經,佛說如來不思議祕密大乘經,佛說如來不思議祕密大乘經,法護、惟淨等,宋,gaoli_index,佛說如來不思議祕密大乘經/20,20,raw\佛說如來不思議祕密大乘經\佛說如來不思議祕密大乘經__juan_0020.txt,clean\佛說如來不思議祕密大乘經\佛說如來不思議祕密大乘經__juan_0020.txt,7233,7233
高麗版大藏經,佛說大乘菩薩藏正法經,佛說大乘菩薩藏正法經,佛說大乘菩薩藏正法經,法護、惟淨等,宋,gaoli_index,佛說大乘菩薩藏正法經/卷001,1,raw\佛說大乘菩薩藏正法經\佛說大乘菩薩藏正法經__juan_0001.txt,clean\佛說大乘菩薩藏正法經\佛說大乘菩薩藏正法經__juan_0001.txt,3500,3500
高麗版大藏經,佛說大乘菩薩藏正法經,佛說大乘菩薩藏正法經,佛說大乘菩薩藏正法經,法護、惟淨等,宋,gaoli_index,佛說大乘菩薩藏正法經/卷002,2,raw\佛說大乘菩薩藏正法經\佛說大乘菩薩藏正法經__juan_0002.txt,clean\佛說大乘菩薩藏正法經\佛說大乘菩薩藏正法經__juan_0002.txt,3508,3508
高麗版大藏經,佛說大乘菩薩藏正法經,佛說大乘菩薩藏正法經,佛說大乘菩薩藏正法經,法護、惟淨等,宋,gaoli_index,佛說大乘菩薩藏正法經/卷003,3,raw\佛說大乘菩薩藏正法經\佛說大乘菩薩藏正法經__juan_0003.txt,clean\佛說大乘菩薩藏正法經\佛說大乘菩薩藏正法經__juan_0003.txt,3610,3610
高麗版大藏經,佛說大乘菩薩藏正法經,佛說大乘菩薩藏正法經,佛說大乘菩薩藏正法經,法護、惟淨等,宋,gaoli_index,佛說大乘菩薩藏正法經/卷004,4,raw\佛說大乘菩薩藏正法經\佛說大乘菩薩藏正法經__juan_0004.txt,clean\佛說大乘菩薩藏正法經\佛說大乘菩薩藏正法經__juan_0004.txt,3908,3908
高麗版大藏經,佛說大乘菩薩藏正法經,佛說大乘菩薩藏正法經,佛說大乘菩薩藏正法經,法護、惟淨等,宋,gaoli_index,佛說大乘菩薩藏正法經/卷005,5,raw\佛說大乘菩薩藏正法經\佛說大乘菩薩藏正法經__juan_0005.txt,clean\佛說大乘菩薩藏正法經\佛說大乘菩薩藏正法經__juan_0005.txt,4459,4459
高麗版大藏經,佛說大乘菩薩藏正法經,佛說大乘菩薩藏正法經,佛說大乘菩薩藏正法經,法護、惟淨等,宋,gaoli_index,佛說大乘菩薩藏正法經/卷006,6,raw\佛說大乘菩薩藏正法經\佛說大乘菩薩藏正法經__juan_0006.txt,clean\佛說大乘菩薩藏正法經\佛說大乘菩薩藏正法經__juan_0006.txt,3264,3264
高麗版大藏經,佛說大乘菩薩藏正法經,佛說大乘菩薩藏正法經,佛說大乘菩薩藏正法經,法護、惟淨等,宋,gaoli_index,佛說大乘菩薩藏正法經/卷007,7,raw\佛說大乘菩薩藏正法經\佛說大乘菩薩藏正法經__juan_0007.txt,clean\佛說大乘菩薩藏正法經\佛說大乘菩薩藏正法經__juan_0007.txt,4450,4450
高麗版大藏經,佛說大乘菩薩藏正法經,佛說大乘菩薩藏正法經,佛說大乘菩薩藏正法經,法護、惟淨等,宋,gaoli_index,佛說大乘菩薩藏正法經/卷008,8,raw\佛說大乘菩薩藏正法經\佛說大乘菩薩藏正法經__juan_0008.txt,clean\佛說大乘菩薩藏正法經\佛說大乘菩薩藏正法經__juan_0008.txt,3594,3594
高麗版大藏經,佛說大乘菩薩藏正法經,佛說大乘菩薩藏正法經,佛說大乘菩薩藏正法經,法護、惟淨等,宋,gaoli_index,佛說大乘菩薩藏正法經/卷009,9,raw\佛說大乘菩薩藏正法經\佛說大乘菩薩藏正法經__juan_0009.txt,clean\佛說大乘菩薩藏正法經\佛說大乘菩薩藏正法經__juan_0009.txt,4201,4201
高麗版大藏經,佛說大乘菩薩藏正法經,佛說大乘菩薩藏正法經,佛說大乘菩薩藏正法經,法護、惟淨等,宋,gaoli_index,佛說大乘菩薩藏正法經/卷010,10,raw\佛說大乘菩薩藏正法經\佛說大乘菩薩藏正法經__juan_0010.txt,clean\佛說大乘菩薩藏正法經\佛說大乘菩薩藏正法經__juan_0010.txt,4546,4546
高麗版大藏經,佛說大乘菩薩藏正法經,佛說大乘菩薩藏正法經,佛說大乘菩薩藏正法經,法護、惟淨等,宋,gaoli_index,佛說大乘菩薩藏正法經/卷011,11,raw\佛說大乘菩薩藏正法經\佛說大乘菩薩藏正法經__juan_0011.txt,clean\佛說大乘菩薩藏正法經\佛說大乘菩薩藏正法經__juan_0011.txt,4178,4178
高麗版大藏經,佛說大乘菩薩藏正法經,佛說大乘菩薩藏正法經,佛說大乘菩薩藏正法經,法護、惟淨等,宋,gaoli_index,佛說大乘菩薩藏正法經/卷012,12,raw\佛說大乘菩薩藏正法經\佛說大乘菩薩藏正法經__juan_0012.txt,clean\佛說大乘菩薩藏正法經\佛說大乘菩薩藏正法經__juan_0012.txt,4922,4922
高麗版大藏經,佛說大乘菩薩藏正法經,佛說大乘菩薩藏正法經,佛說大乘菩薩藏正法經,法護、惟淨等,宋,gaoli_index,佛說大乘菩薩藏正法經/卷013,13,raw\佛說大乘菩薩藏正法經\佛說大乘菩薩藏正法經__juan_0013.txt,clean\佛說大乘菩薩藏正法經\佛說大乘菩薩藏正法經__juan_0013.txt,4538,4538
高麗版大藏經,佛說大乘菩薩藏正法經,佛說大乘菩薩藏正法經,佛說大乘菩薩藏正法經,法護、惟淨等,宋,gaoli_index,佛說大乘菩薩藏正法經/卷014,14,raw\佛說大乘菩薩藏正法經\佛說大乘菩薩藏正法經__juan_0014.txt,clean\佛說大乘菩薩藏正法經\佛說大乘菩薩藏正法經__juan_0014.txt,4859,4859
高麗版大藏經,佛說大乘菩薩藏正法經,佛說大乘菩薩藏正法經,佛說大乘菩薩藏正法經,法護、惟淨等,宋,gaoli_index,佛說大乘菩薩藏正法經/卷015,15,raw\佛說大乘菩薩藏正法經\佛說大乘菩薩藏正法經__juan_0015.txt,clean\佛說大乘菩薩藏正法經\佛說大乘菩薩藏正法經__juan_0015.txt,4007,4007
高麗版大藏經,佛說大乘菩薩藏正法經,佛說大乘菩薩藏正法經,佛說大乘菩薩藏正法經,法護、惟淨等,宋,gaoli_index,佛說大乘菩薩藏正法經/卷016,16,raw\佛說大乘菩薩藏正法經\佛說大乘菩薩藏正法經__juan_0016.txt,clean\佛說大乘菩薩藏正法經\佛說大乘菩薩藏正法經__juan_0016.txt,4113,4113
高麗版大藏經,佛說大乘菩薩藏正法經,佛說大乘菩薩藏正法經,佛說大乘菩薩藏正法經,法護、惟淨等,宋,gaoli_index,佛說大乘菩薩藏正法經/卷017,17,raw\佛說大乘菩薩藏正法經\佛說大乘菩薩藏正法經__juan_0017.txt,clean\佛說大乘菩薩藏正法經\佛說大乘菩薩藏正法經__juan_0017.txt,4356,4356
高麗版大藏經,佛說大乘菩薩藏正法經,佛說大乘菩薩藏正法經,佛說大乘菩薩藏正法經,法護、惟淨等,宋,gaoli_index,佛說大乘菩薩藏正法經/卷018,18,raw\佛說大乘菩薩藏正法經\佛說大乘菩薩藏正法經__juan_0018.txt,clean\佛說大乘菩薩藏正法經\佛說大乘菩薩藏正法經__juan_0018.txt,4365,4365
高麗版大藏經,佛說大乘菩薩藏正法經,佛說大乘菩薩藏正法經,佛說大乘菩薩藏正法經,法護、惟淨等,宋,gaoli_index,佛說大乘菩薩藏正法經/卷019,19,raw\佛說大乘菩薩藏正法經\佛說大乘菩薩藏正法經__juan_0019.txt,clean\佛說大乘菩薩藏正法經\佛說大乘菩薩藏正法經__juan_0019.txt,5039,5039
高麗版大藏經,佛說大乘菩薩藏正法經,佛說大乘菩薩藏正法經,佛說大乘菩薩藏正法經,法護、惟淨等,宋,gaoli_index,佛說大乘菩薩藏正法經/卷020,20,raw\佛說大乘菩薩藏正法經\佛說大乘菩薩藏正法經__juan_0020.txt,clean\佛說大乘菩薩藏正法經\佛說大乘菩薩藏正法經__juan_0020.txt,5319,5319
高麗版大藏經,佛說大乘菩薩藏正法經,佛說大乘菩薩藏正法經,佛說大乘菩薩藏正法經,法護、惟淨等,宋,gaoli_index,佛說大乘菩薩藏正法經/卷021,21,raw\佛說大乘菩薩藏正法經\佛說大乘菩薩藏正法經__juan_0021.txt,clean\佛說大乘菩薩藏正法經\佛說大乘菩薩藏正法經__juan_0021.txt,3943,3943
高麗版大藏經,佛說大乘菩薩藏正法經,佛說大乘菩薩藏正法經,佛說大乘菩薩藏正法經,法護、惟淨等,宋,gaoli_index,佛說大乘菩薩藏正法經/卷022,22,raw\佛說大乘菩薩藏正法經\佛說大乘菩薩藏正法經__juan_0022.txt,clean\佛說大乘菩薩藏正法經\佛說大乘菩薩藏正法經__juan_0022.txt,5576,5576
高麗版大藏經,佛說大乘菩薩藏正法經,佛說大乘菩薩藏正法經,佛說大乘菩薩藏正法經,法護、惟淨等,宋,gaoli_index,佛說大乘菩薩藏正法經/卷023,23,raw\佛說大乘菩薩藏正法經\佛說大乘菩薩藏正法經__juan_0023.txt,clean\佛說大乘菩薩藏正法經\佛說大乘菩薩藏正法經__juan_0023.txt,4428,4428
高麗版大藏經,佛說大乘菩薩藏正法經,佛說大乘菩薩藏正法經,佛說大乘菩薩藏正法經,法護、惟淨等,宋,gaoli_index,佛說大乘菩薩藏正法經/卷024,24,raw\佛說大乘菩薩藏正法經\佛說大乘菩薩藏正法經__juan_0024.txt,clean\佛說大乘菩薩藏正法經\佛說大乘菩薩藏正法經__juan_0024.txt,5184,5184
高麗版大藏經,佛說大乘菩薩藏正法經,佛說大乘菩薩藏正法經,佛說大乘菩薩藏正法經,法護、惟淨等,宋,gaoli_index,佛說大乘菩薩藏正法經/卷025,25,raw\佛說大乘菩薩藏正法經\佛說大乘菩薩藏正法經__juan_0025.txt,clean\佛說大乘菩薩藏正法經\佛說大乘菩薩藏正法經__juan_0025.txt,4701,4701
高麗版大藏經,佛說大乘菩薩藏正法經,佛說大乘菩薩藏正法經,佛說大乘菩薩藏正法經,法護、惟淨等,宋,gaoli_index,佛說大乘菩薩藏正法經/卷026,26,raw\佛說大乘菩薩藏正法經\佛說大乘菩薩藏正法經__juan_0026.txt,clean\佛說大乘菩薩藏正法經\佛說大乘菩薩藏正法經__juan_0026.txt,5699,5699
高麗版大藏經,佛說大乘菩薩藏正法經,佛說大乘菩薩藏正法經,佛說大乘菩薩藏正法經,法護、惟淨等,宋,gaoli_index,佛說大乘菩薩藏正法經/卷027,27,raw\佛說大乘菩薩藏正法經\佛說大乘菩薩藏正法經__juan_0027.txt,clean\佛說大乘菩薩藏正法經\佛說大乘菩薩藏正法經__juan_0027.txt,5745,5745
高麗版大藏經,佛說大乘菩薩藏正法經,佛說大乘菩薩藏正法經,佛說大乘菩薩藏正法經,法護、惟淨等,宋,gaoli_index,佛說大乘菩薩藏正法經/卷028,28,raw\佛說大乘菩薩藏正法經\佛說大乘菩薩藏正法經__juan_0028.txt,clean\佛說大乘菩薩藏正法經\佛說大乘菩薩藏正法經__juan_0028.txt,6223,6223
高麗版大藏經,佛說大乘菩薩藏正法經,佛說大乘菩薩藏正法經,佛說大乘菩薩藏正法經,法護、惟淨等,宋,gaoli_index,佛說大乘菩薩藏正法經/卷029,29,raw\佛說大乘菩薩藏正法經\佛說大乘菩薩藏正法經__juan_0029.txt,clean\佛說大乘菩薩藏正法經\佛說大乘菩薩藏正法經__juan_0029.txt,4434,4434
高麗版大藏經,佛說大乘菩薩藏正法經,佛說大乘菩薩藏正法經,佛說大乘菩薩藏正法經,法護、惟淨等,宋,gaoli_index,佛說大乘菩薩藏正法經/卷030,30,raw\佛說大乘菩薩藏正法經\佛說大乘菩薩藏正法經__juan_0030.txt,clean\佛說大乘菩薩藏正法經\佛說大乘菩薩藏正法經__juan_0030.txt,4480,4480
高麗版大藏經,佛說大乘菩薩藏正法經,佛說大乘菩薩藏正法經,佛說大乘菩薩藏正法經,法護、惟淨等,宋,gaoli_index,佛說大乘菩薩藏正法經/卷031,31,raw\佛說大乘菩薩藏正法經\佛說大乘菩薩藏正法經__juan_0031.txt,clean\佛說大乘菩薩藏正法經\佛說大乘菩薩藏正法經__juan_0031.txt,3752,3752
高麗版大藏經,佛說大乘菩薩藏正法經,佛說大乘菩薩藏正法經,佛說大乘菩薩藏正法經,法護、惟淨等,宋,gaoli_index,佛說大乘菩薩藏正法經/卷032,32,raw\佛說大乘菩薩藏正法經\佛說大乘菩薩藏正法經__juan_0032.txt,clean\佛說大乘菩薩藏正法經\佛說大乘菩薩藏正法經__juan_0032.txt,4474,4474
高麗版大藏經,佛說大乘菩薩藏正法經,佛說大乘菩薩藏正法經,佛說大乘菩薩藏正法經,法護、惟淨等,宋,gaoli_index,佛說大乘菩薩藏正法經/卷033,33,raw\佛說大乘菩薩藏正法經\佛說大乘菩薩藏正法經__juan_0033.txt,clean\佛說大乘菩薩藏正法經\佛說大乘菩薩藏正法經__juan_0033.txt,4901,4901
高麗版大藏經,佛說大乘菩薩藏正法經,佛說大乘菩薩藏正法經,佛說大乘菩薩藏正法經,法護、惟淨等,宋,gaoli_index,佛說大乘菩薩藏正法經/卷034,34,raw\佛說大乘菩薩藏正法經\佛說大乘菩薩藏正法經__juan_0034.txt,clean\佛說大乘菩薩藏正法經\佛說大乘菩薩藏正法經__juan_0034.txt,4183,4183
高麗版大藏經,佛說大乘菩薩藏正法經,佛說大乘菩薩藏正法經,佛說大乘菩薩藏正法經,法護、惟淨等,宋,gaoli_index,佛說大乘菩薩藏正法經/卷035,35,raw\佛說大乘菩薩藏正法經\佛說大乘菩薩藏正法經__juan_0035.txt,clean\佛說大乘菩薩藏正法經\佛說大乘菩薩藏正法經__juan_0035.txt,3970,3970
高麗版大藏經,佛說大乘菩薩藏正法經,佛說大乘菩薩藏正法經,佛說大乘菩薩藏正法經,法護、惟淨等,宋,gaoli_index,佛說大乘菩薩藏正法經/卷036,36,raw\佛說大乘菩薩藏正法經\佛說大乘菩薩藏正法經__juan_0036.txt,clean\佛說大乘菩薩藏正法經\佛說大乘菩薩藏正法經__juan_0036.txt,3908,3908
高麗版大藏經,佛說大乘菩薩藏正法經,佛說大乘菩薩藏正法經,佛說大乘菩薩藏正法經,法護、惟淨等,宋,gaoli_index,佛說大乘菩薩藏正法經/卷037,37,raw\佛說大乘菩薩藏正法經\佛說大乘菩薩藏正法經__juan_0037.txt,clean\佛說大乘菩薩藏正法經\佛說大乘菩薩藏正法經__juan_0037.txt,3797,3797
高麗版大藏經,佛說大乘菩薩藏正法經,佛說大乘菩薩藏正法經,佛說大乘菩薩藏正法經,法護、惟淨等,宋,gaoli_index,佛說大乘菩薩藏正法經/卷038,38,raw\佛說大乘菩薩藏正法經\佛說大乘菩薩藏正法經__juan_0038.txt,clean\佛說大乘菩薩藏正法經\佛說大乘菩薩藏正法經__juan_0038.txt,4004,4004
高麗版大藏經,佛說大乘菩薩藏正法經,佛說大乘菩薩藏正法經,佛說大乘菩薩藏正法經,法護、惟淨等,宋,gaoli_index,佛說大乘菩薩藏正法經/卷039,39,raw\佛說大乘菩薩藏正法經\佛說大乘菩薩藏正法經__juan_0039.txt,clean\佛說大乘菩薩藏正法經\佛說大乘菩薩藏正法經__juan_0039.txt,2985,2985
高麗版大藏經,佛說大乘菩薩藏正法經,佛說大乘菩薩藏正法經,佛說大乘菩薩藏正法經,法護、惟淨等,宋,gaoli_index,佛說大乘菩薩藏正法經/卷040,40,raw\佛說大乘菩薩藏正法經\佛說大乘菩薩藏正法經__juan_0040.txt,clean\佛說大乘菩薩藏正法經\佛說大乘菩薩藏正法經__juan_0040.txt,3734,3734
高麗版大藏經,大乘集菩薩學論,大乘集菩薩學論,大乘集菩薩學論,法護、日稱等,宋,gaoli_index,大乘集菩薩學論/卷一,1,raw\大乘集菩薩學論\大乘集菩薩學論__juan_0001.txt,clean\大乘集菩薩學論\大乘集菩薩學論__juan_0001.txt,4740,4740
高麗版大藏經,大乘集菩薩學論,大乘集菩薩學論,大乘集菩薩學論,法護、日稱等,宋,gaoli_index,大乘集菩薩學論/卷七,2,raw\大乘集菩薩學論\大乘集菩薩學論__juan_0002.txt,clean\大乘集菩薩學論\大乘集菩薩學論__juan_0002.txt,5352,5352
高麗版大藏經,大乘集菩薩學論,大乘集菩薩學論,大乘集菩薩學論,法護、日稱等,宋,gaoli_index,大乘集菩薩學論/卷三,3,raw\大乘集菩薩學論\大乘集菩薩學論__juan_0003.txt,clean\大乘集菩薩學論\大乘集菩薩學論__juan_0003.txt,5357,5357
高麗版大藏經,大乘集菩薩學論,大乘集菩薩學論,大乘集菩薩學論,法護、日稱等,宋,gaoli_index,大乘集菩薩學論/卷九,4,raw\大乘集菩薩學論\大乘集菩薩學論__juan_0004.txt,clean\大乘集菩薩學論\大乘集菩薩學論__juan_0004.txt,5296,5296
高麗版大藏經,大乘集菩薩學論,大乘集菩薩學論,大乘集菩薩學論,法護、日稱等,宋,gaoli_index,大乘集菩薩學論/卷二,5,raw\大乘集菩薩學論\大乘集菩薩學論__juan_0005.txt,clean\大乘集菩薩學論\大乘集菩薩學論__juan_0005.txt,3828,3828
高麗版大藏經,大乘集菩薩學論,大乘集菩薩學論,大乘集菩薩學論,法護、日稱等,宋,gaoli_index,大乘集菩薩學論/卷二十,6,raw\大乘集菩薩學論\大乘集菩薩學論__juan_0006.txt,clean\大乘集菩薩學論\大乘集菩薩學論__juan_0006.txt,3436,3436
高麗版大藏經,大乘集菩薩學論,大乘集菩薩學論,大乘集菩薩學論,法護、日稱等,宋,gaoli_index,大乘集菩薩學論/卷二十一,7,raw\大乘集菩薩學論\大乘集菩薩學論__juan_0007.txt,clean\大乘集菩薩學論\大乘集菩薩學論__juan_0007.txt,5031,5031
高麗版大藏經,大乘集菩薩學論,大乘集菩薩學論,大乘集菩薩學論,法護、日稱等,宋,gaoli_index,大乘集菩薩學論/卷二十三,8,raw\大乘集菩薩學論\大乘集菩薩學論__juan_0008.txt,clean\大乘集菩薩學論\大乘集菩薩學論__juan_0008.txt,5527,5527
高麗版大藏經,大乘集菩薩學論,大乘集菩薩學論,大乘集菩薩學論,法護、日稱等,宋,gaoli_index,大乘集菩薩學論/卷二十二,9,raw\大乘集菩薩學論\大乘集菩薩學論__juan_0009.txt,clean\大乘集菩薩學論\大乘集菩薩學論__juan_0009.txt,4460,4460
高麗版大藏經,大乘集菩薩學論,大乘集菩薩學論,大乘集菩薩學論,法護、日稱等,宋,gaoli_index,大乘集菩薩學論/卷二十五,10,raw\大乘集菩薩學論\大乘集菩薩學論__juan_0010.txt,clean\大乘集菩薩學論\大乘集菩薩學論__juan_0010.txt,5248,5248
高麗版大藏經,大乘集菩薩學論,大乘集菩薩學論,大乘集菩薩學論,法護、日稱等,宋,gaoli_index,大乘集菩薩學論/卷二十四,11,raw\大乘集菩薩學論\大乘集菩薩學論__juan_0011.txt,clean\大乘集菩薩學論\大乘集菩薩學論__juan_0011.txt,5547,5547
高麗版大藏經,大乘集菩薩學論,大乘集菩薩學論,大乘集菩薩學論,法護、日稱等,宋,gaoli_index,大乘集菩薩學論/卷五,12,raw\大乘集菩薩學論\大乘集菩薩學論__juan_0012.txt,clean\大乘集菩薩學論\大乘集菩薩學論__juan_0012.txt,6646,6646
高麗版大藏經,大乘集菩薩學論,大乘集菩薩學論,大乘集菩薩學論,法護、日稱等,宋,gaoli_index,大乘集菩薩學論/卷八,13,raw\大乘集菩薩學論\大乘集菩薩學論__juan_0013.txt,clean\大乘集菩薩學論\大乘集菩薩學論__juan_0013.txt,5815,5815
高麗版大藏經,大乘集菩薩學論,大乘集菩薩學論,大乘集菩薩學論,法護、日稱等,宋,gaoli_index,大乘集菩薩學論/卷六,14,raw\大乘集菩薩學論\大乘集菩薩學論__juan_0014.txt,clean\大乘集菩薩學論\大乘集菩薩學論__juan_0014.txt,5242,5242
高麗版大藏經,大乘集菩薩學論,大乘集菩薩學論,大乘集菩薩學論,法護、日稱等,宋,gaoli_index,大乘集菩薩學論/卷十,15,raw\大乘集菩薩學論\大乘集菩薩學論__juan_0015.txt,clean\大乘集菩薩學論\大乘集菩薩學論__juan_0015.txt,4542,4542
高麗版大藏經,大乘集菩薩學論,大乘集菩薩學論,大乘集菩薩學論,法護、日稱等,宋,gaoli_index,大乘集菩薩學論/卷十一,16,raw\大乘集菩薩學論\大乘集菩薩學論__juan_0016.txt,clean\大乘集菩薩學論\大乘集菩薩學論__juan_0016.txt,4807,4807
高麗版大藏經,大乘集菩薩學論,大乘集菩薩學論,大乘集菩薩學論,法護、日稱等,宋,gaoli_index,大乘集菩薩學論/卷十七,17,raw\大乘集菩薩學論\大乘集菩薩學論__juan_0017.txt,clean\大乘集菩薩學論\大乘集菩薩學論__juan_0017.txt,2183,2183
高麗版大藏經,大乘集菩薩學論,大乘集菩薩學論,大乘集菩薩學論,法護、日稱等,宋,gaoli_index,大乘集菩薩學論/卷十三,18,raw\大乘集菩薩學論\大乘集菩薩學論__juan_0018.txt,clean\大乘集菩薩學論\大乘集菩薩學論__juan_0018.txt,4363,4363
高麗版大藏經,大乘集菩薩學論,大乘集菩薩學論,大乘集菩薩學論,法護、日稱等,宋,gaoli_index,大乘集菩薩學論/卷十九,19,raw\大乘集菩薩學論\大乘集菩薩學論__juan_0019.txt,clean\大乘集菩薩學論\大乘集菩薩學論__juan_0019.txt,3596,3596
高麗版大藏經,大乘集菩薩學論,大乘集菩薩學論,大乘集菩薩學論,法護、日稱等,宋,gaoli_index,大乘集菩薩學論/卷十二,20,raw\大乘集菩薩學論\大乘集菩薩學論__juan_0020.txt,clean\大乘集菩薩學論\大乘集菩薩學論__juan_0020.txt,4282,4282
高麗版大藏經,大乘集菩薩學論,大乘集菩薩學論,大乘集菩薩學論,法護、日稱等,宋,gaoli_index,大乘集菩薩學論/卷十五,21,raw\大乘集菩薩學論\大乘集菩薩學論__juan_0021.txt,clean\大乘集菩薩學論\大乘集菩薩學論__juan_0021.txt,3259,3259
高麗版大藏經,大乘集菩薩學論,大乘集菩薩學論,大乘集菩薩學論,法護、日稱等,宋,gaoli_index,大乘集菩薩學論/卷十八,22,raw\大乘集菩薩學論\大乘集菩薩學論__juan_0022.txt,clean\大乘集菩薩學論\大乘集菩薩學論__juan_0022.txt,3402,3402
高麗版大藏經,大乘集菩薩學論,大乘集菩薩學論,大乘集菩薩學論,法護、日稱等,宋,gaoli_index,大乘集菩薩學論/卷十六,23,raw\大乘集菩薩學論\大乘集菩薩學論__juan_0023.txt,clean\大乘集菩薩學論\大乘集菩薩學論__juan_0023.txt,3008,3008
高麗版大藏經,大乘集菩薩學論,大乘集菩薩學論,大乘集菩薩學論,法護、日稱等,宋,gaoli_index,大乘集菩薩學論/卷十四,24,raw\大乘集菩薩學論\大乘集菩薩學論__juan_0024.txt,clean\大乘集菩薩學論\大乘集菩薩學論__juan_0024.txt,4671,4671
高麗版大藏經,大乘集菩薩學論,大乘集菩薩學論,大乘集菩薩學論,法護、日稱等,宋,gaoli_index,大乘集菩薩學論/卷四,25,raw\大乘集菩薩學論\大乘集菩薩學論__juan_0025.txt,clean\大乘集菩薩學論\大乘集菩薩學論__juan_0025.txt,6363,6363
高麗版大藏經,諸法集要經,諸法集要經,諸法集要經,日稱等,宋,gaoli_index,諸法集要經/卷01,1,raw\諸法集要經\諸法集要經__juan_0001.txt,clean\諸法集要經\諸法集要經__juan_0001.txt,7267,7267
高麗版大藏經,諸法集要經,諸法集要經,諸法集要經,日稱等,宋,gaoli_index,諸法集要經/卷02,2,raw\諸法集要經\諸法集要經__juan_0002.txt,clean\諸法集要經\諸法集要經__juan_0002.txt,7840,7840
高麗版大藏經,諸法集要經,諸法集要經,諸法集要經,日稱等,宋,gaoli_index,諸法集要經/卷03,3,raw\諸法集要經\諸法集要經__juan_0003.txt,clean\諸法集要經\諸法集要經__juan_0003.txt,15528,15528
高麗版大藏經,諸法集要經,諸法集要經,諸法集要經,日稱等,宋,gaoli_index,諸法集要經/卷04,4,raw\諸法集要經\諸法集要經__juan_0004.txt,clean\諸法集要經\諸法集要經__juan_0004.txt,7745,7745
高麗版大藏經,諸法集要經,諸法集要經,諸法集要經,日稱等,宋,gaoli_index,諸法集要經/卷05,5,raw\諸法集要經\諸法集要經__juan_0005.txt,clean\諸法集要經\諸法集要經__juan_0005.txt,6483,6483
高麗版大藏經,諸法集要經,諸法集要經,諸法集要經,日稱等,宋,gaoli_index,諸法集要經/卷06,6,raw\諸法集要經\諸法集要經__juan_0006.txt,clean\諸法集要經\諸法集要經__juan_0006.txt,8030,8030
高麗版大藏經,諸法集要經,諸法集要經,諸法集要經,日稱等,宋,gaoli_index,諸法集要經/卷07,7,raw\諸法集要經\諸法集要經__juan_0007.txt,clean\諸法集要經\諸法集要經__juan_0007.txt,7160,7160
高麗版大藏經,諸法集要經,諸法集要經,諸法集要經,日稱等,宋,gaoli_index,諸法集要經/卷08,8,raw\諸法集要經\諸法集要經__juan_0008.txt,clean\諸法集要經\諸法集要經__juan_0008.txt,7602,7602
高麗版大藏經,諸法集要經,諸法集要經,諸法集要經,日稱等,宋,gaoli_index,諸法集要經/卷09,9,raw\諸法集要經\諸法集要經__juan_0009.txt,clean\諸法集要經\諸法集要經__juan_0009.txt,8736,8736
高麗版大藏經,諸法集要經,諸法集要經,諸法集要經,日稱等,宋,gaoli_index,諸法集要經/卷10,10,raw\諸法集要經\諸法集要經__juan_0010.txt,clean\諸法集要經\諸法集要經__juan_0010.txt,8149,8149
高麗版大藏經,福蓋正行所集經,福蓋正行所集經,福蓋正行所集經,日稱等,宋,gaoli_index,福蓋正行所集經/卷001,1,raw\福蓋正行所集經\福蓋正行所集經__juan_0001.txt,clean\福蓋正行所集經\福蓋正行所集經__juan_0001.txt,3292,3292
高麗版大藏經,福蓋正行所集經,福蓋正行所集經,福蓋正行所集經,日稱等,宋,gaoli_index,福蓋正行所集經/卷002,2,raw\福蓋正行所集經\福蓋正行所集經__juan_0002.txt,clean\福蓋正行所集經\福蓋正行所集經__juan_0002.txt,3106,3106
高麗版大藏經,福蓋正行所集經,福蓋正行所集經,福蓋正行所集經,日稱等,宋,gaoli_index,福蓋正行所集經/卷003,3,raw\福蓋正行所集經\福蓋正行所集經__juan_0003.txt,clean\福蓋正行所集經\福蓋正行所集經__juan_0003.txt,3073,3073
高麗版大藏經,福蓋正行所集經,福蓋正行所集經,福蓋正行所集經,日稱等,宋,gaoli_index,福蓋正行所集經/卷004,4,raw\福蓋正行所集經\福蓋正行所集經__juan_0004.txt,clean\福蓋正行所集經\福蓋正行所集經__juan_0004.txt,3771,3771
高麗版大藏經,福蓋正行所集經,福蓋正行所集經,福蓋正行所集經,日稱等,宋,gaoli_index,福蓋正行所集經/卷005,5,raw\福蓋正行所集經\福蓋正行所集經__juan_0005.txt,clean\福蓋正行所集經\福蓋正行所集經__juan_0005.txt,3600,3600
高麗版大藏經,福蓋正行所集經,福蓋正行所集經,福蓋正行所集經,日稱等,宋,gaoli_index,福蓋正行所集經/卷006,6,raw\福蓋正行所集經\福蓋正行所集經__juan_0006.txt,clean\福蓋正行所集經\福蓋正行所集經__juan_0006.txt,3828,3828
高麗版大藏經,福蓋正行所集經,福蓋正行所集經,福蓋正行所集經,日稱等,宋,gaoli_index,福蓋正行所集經/卷007,7,raw\福蓋正行所集經\福蓋正行所集經__juan_0007.txt,clean\福蓋正行所集經\福蓋正行所集經__juan_0007.txt,4143,4143
高麗版大藏經,福蓋正行所集經,福蓋正行所集經,福蓋正行所集經,日稱等,宋,gaoli_index,福蓋正行所集經/卷008,8,raw\福蓋正行所集經\福蓋正行所集經__juan_0008.txt,clean\福蓋正行所集經\福蓋正行所集經__juan_0008.txt,3786,3786
高麗版大藏經,福蓋正行所集經,福蓋正行所集經,福蓋正行所集經,日稱等,宋,gaoli_index,福蓋正行所集經/卷009,9,raw\福蓋正行所集經\福蓋正行所集經__juan_0009.txt,clean\福蓋正行所集經\福蓋正行所集經__juan_0009.txt,3405,3405
高麗版大藏經,福蓋正行所集經,福蓋正行所集經,福蓋正行所集經,日稱等,宋,gaoli_index,福蓋正行所集經/卷010,10,raw\福蓋正行所集經\福蓋正行所集經__juan_0010.txt,clean\福蓋正行所集經\福蓋正行所集經__juan_0010.txt,3767,3767
高麗版大藏經,福蓋正行所集經,福蓋正行所集經,福蓋正行所集經,日稱等,宋,gaoli_index,福蓋正行所集經/卷011,11,raw\福蓋正行所集經\福蓋正行所集經__juan_0011.txt,clean\福蓋正行所集經\福蓋正行所集經__juan_0011.txt,3502,3502
高麗版大藏經,福蓋正行所集經,福蓋正行所集經,福蓋正行所集經,日稱等,宋,gaoli_index,福蓋正行所集經/卷012,12,raw\福蓋正行所集經\福蓋正行所集經__juan_0012.txt,clean\福蓋正行所集經\福蓋正行所集經__juan_0012.txt,4495,4495
高麗版大藏經,父子合集經,父子合集經,父子合集經,日稱等,宋,gaoli_index,父子合集經/01,1,raw\父子合集經\父子合集經__juan_0001.txt,clean\父子合集經\父子合集經__juan_0001.txt,4785,4785
高麗版大藏經,父子合集經,父子合集經,父子合集經,日稱等,宋,gaoli_index,父子合集經/02,2,raw\父子合集經\父子合集經__juan_0002.txt,clean\父子合集經\父子合集經__juan_0002.txt,4190,4190
高麗版大藏經,父子合集經,父子合集經,父子合集經,日稱等,宋,gaoli_index,父子合集經/03,3,raw\父子合集經\父子合集經__juan_0003.txt,clean\父子合集經\父子合集經__juan_0003.txt,5615,5615
高麗版大藏經,父子合集經,父子合集經,父子合集經,日稱等,宋,gaoli_index,父子合集經/04,4,raw\父子合集經\父子合集經__juan_0004.txt,clean\父子合集經\父子合集經__juan_0004.txt,4329,4329
高麗版大藏經,父子合集經,父子合集經,父子合集經,日稱等,宋,gaoli_index,父子合集經/05,5,raw\父子合集經\父子合集經__juan_0005.txt,clean\父子合集經\父子合集經__juan_0005.txt,4170,4170
高麗版大藏經,父子合集經,父子合集經,父子合集經,日稱等,宋,gaoli_index,父子合集經/06,6,raw\父子合集經\父子合集經__juan_0006.txt,clean\父子合集經\父子合集經__juan_0006.txt,4340,4340
高麗版大藏經,父子合集經,父子合集經,父子合集經,日稱等,宋,gaoli_index,父子合集經/07,7,raw\父子合集經\父子合集經__juan_0007.txt,clean\父子合集經\父子合集經__juan_0007.txt,4389,4389
高麗版大藏經,父子合集經,父子合集經,父子合集經,日稱等,宋,gaoli_index,父子合集經/08,8,raw\父子合集經\父子合集經__juan_0008.txt,clean\父子合集經\父子合集經__juan_0008.txt,4921,4921
高麗版大藏經,父子合集經,父子合集經,父子合集經,日稱等,宋,gaoli_index,父子合集經/09,9,raw\父子合集經\父子合集經__juan_0009.txt,clean\父子合集經\父子合集經__juan_0009.txt,5238,5238
高麗版大藏經,父子合集經,父子合集經,父子合集經,日稱等,宋,gaoli_index,父子合集經/10,10,raw\父子合集經\父子合集經__juan_0010.txt,clean\父子合集經\父子合集經__juan_0010.txt,5007,5007
高麗版大藏經,父子合集經,父子合集經,父子合集經,日稱等,宋,gaoli_index,父子合集經/11,11,raw\父子合集經\父子合集經__juan_0011.txt,clean\父子合集經\父子合集經__juan_0011.txt,4355,4355
高麗版大藏經,父子合集經,父子合集經,父子合集經,日稱等,宋,gaoli_index,父子合集經/12,12,raw\父子合集經\父子合集經__juan_0012.txt,clean\父子合集經\父子合集經__juan_0012.txt,4178,4178
高麗版大藏經,父子合集經,父子合集經,父子合集經,日稱等,宋,gaoli_index,父子合集經/13,13,raw\父子合集經\父子合集經__juan_0013.txt,clean\父子合集經\父子合集經__juan_0013.txt,4223,4223
高麗版大藏經,父子合集經,父子合集經,父子合集經,日稱等,宋,gaoli_index,父子合集經/14,14,raw\父子合集經\父子合集經__juan_0014.txt,clean\父子合集經\父子合集經__juan_0014.txt,4222,4222
高麗版大藏經,父子合集經,父子合集經,父子合集經,日稱等,宋,gaoli_index,父子合集經/15,15,raw\父子合集經\父子合集經__juan_0015.txt,clean\父子合集經\父子合集經__juan_0015.txt,5084,5084
高麗版大藏經,父子合集經,父子合集經,父子合集經,日稱等,宋,gaoli_index,父子合集經/16,16,raw\父子合集經\父子合集經__juan_0016.txt,clean\父子合集經\父子合集經__juan_0016.txt,4364,4364
高麗版大藏經,父子合集經,父子合集經,父子合集經,日稱等,宋,gaoli_index,父子合集經/17,17,raw\父子合集經\父子合集經__juan_0017.txt,clean\父子合集經\父子合集經__juan_0017.txt,4617,4617
高麗版大藏經,父子合集經,父子合集經,父子合集經,日稱等,宋,gaoli_index,父子合集經/18,18,raw\父子合集經\父子合集經__juan_0018.txt,clean\父子合集經\父子合集經__juan_0018.txt,3822,3822
高麗版大藏經,父子合集經,父子合集經,父子合集經,日稱等,宋,gaoli_index,父子合集經/19,19,raw\父子合集經\父子合集經__juan_0019.txt,clean\父子合集經\父子合集經__juan_0019.txt,4182,4182
高麗版大藏經,父子合集經,父子合集經,父子合集經,日稱等,宋,gaoli_index,父子合集經/20,20,raw\父子合集經\父子合集經__juan_0020.txt,clean\父子合集經\父子合集經__juan_0020.txt,5282,5282
高麗版大藏經,宗鏡錄,宗鏡錄,宗鏡錄,延壽集,宋,gaoli_index,宗鏡錄/全覽2,1,raw\宗鏡錄\宗鏡錄__juan_0001.txt,clean\宗鏡錄\宗鏡錄__juan_0001.txt,246643,246643
高麗版大藏經,宗鏡錄,宗鏡錄,宗鏡錄,延壽集,宋,gaoli_index,宗鏡錄/宗鏡錄卷一,2,raw\宗鏡錄\宗鏡錄__juan_0002.txt,clean\宗鏡錄\宗鏡錄__juan_0002.txt,7257,7257
高麗版大藏經,宗鏡錄,宗鏡錄,宗鏡錄,延壽集,宋,gaoli_index,宗鏡錄/宗鏡錄卷一百,3,raw\宗鏡錄\宗鏡錄__juan_0003.txt,clean\宗鏡錄\宗鏡錄__juan_0003.txt,9421,9421
高麗版大藏經,宗鏡錄,宗鏡錄,宗鏡錄,延壽集,宋,gaoli_index,宗鏡錄/宗鏡錄卷七,4,raw\宗鏡錄\宗鏡錄__juan_0004.txt,clean\宗鏡錄\宗鏡錄__juan_0004.txt,7416,7416
高麗版大藏經,宗鏡錄,宗鏡錄,宗鏡錄,延壽集,宋,gaoli_index,宗鏡錄/宗鏡錄卷七十,5,raw\宗鏡錄\宗鏡錄__juan_0005.txt,clean\宗鏡錄\宗鏡錄__juan_0005.txt,7666,7666
高麗版大藏經,宗鏡錄,宗鏡錄,宗鏡錄,延壽集,宋,gaoli_index,宗鏡錄/宗鏡錄卷七十一,6,raw\宗鏡錄\宗鏡錄__juan_0006.txt,clean\宗鏡錄\宗鏡錄__juan_0006.txt,8043,8043
高麗版大藏經,宗鏡錄,宗鏡錄,宗鏡錄,延壽集,宋,gaoli_index,宗鏡錄/宗鏡錄卷七十七,7,raw\宗鏡錄\宗鏡錄__juan_0007.txt,clean\宗鏡錄\宗鏡錄__juan_0007.txt,8167,8167
高麗版大藏經,宗鏡錄,宗鏡錄,宗鏡錄,延壽集,宋,gaoli_index,宗鏡錄/宗鏡錄卷七十三,8,raw\宗鏡錄\宗鏡錄__juan_0008.txt,clean\宗鏡錄\宗鏡錄__juan_0008.txt,7437,7437
高麗版大藏經,宗鏡錄,宗鏡錄,宗鏡錄,延壽集,宋,gaoli_index,宗鏡錄/宗鏡錄卷七十九,9,raw\宗鏡錄\宗鏡錄__juan_0009.txt,clean\宗鏡錄\宗鏡錄__juan_0009.txt,11161,11161
高麗版大藏經,宗鏡錄,宗鏡錄,宗鏡錄,延壽集,宋,gaoli_index,宗鏡錄/宗鏡錄卷七十二,10,raw\宗鏡錄\宗鏡錄__juan_0010.txt,clean\宗鏡錄\宗鏡錄__juan_0010.txt,11157,11157
高麗版大藏經,宗鏡錄,宗鏡錄,宗鏡錄,延壽集,宋,gaoli_index,宗鏡錄/宗鏡錄卷七十五,11,raw\宗鏡錄\宗鏡錄__juan_0011.txt,clean\宗鏡錄\宗鏡錄__juan_0011.txt,7319,7319
高麗版大藏經,宗鏡錄,宗鏡錄,宗鏡錄,延壽集,宋,gaoli_index,宗鏡錄/宗鏡錄卷七十八,12,raw\宗鏡錄\宗鏡錄__juan_0012.txt,clean\宗鏡錄\宗鏡錄__juan_0012.txt,9860,9860
高麗版大藏經,宗鏡錄,宗鏡錄,宗鏡錄,延壽集,宋,gaoli_index,宗鏡錄/宗鏡錄卷七十六,13,raw\宗鏡錄\宗鏡錄__juan_0013.txt,clean\宗鏡錄\宗鏡錄__juan_0013.txt,7237,7237
高麗版大藏經,宗鏡錄,宗鏡錄,宗鏡錄,延壽集,宋,gaoli_index,宗鏡錄/宗鏡錄卷七十四,14,raw\宗鏡錄\宗鏡錄__juan_0014.txt,clean\宗鏡錄\宗鏡錄__juan_0014.txt,8321,8321
高麗版大藏經,宗鏡錄,宗鏡錄,宗鏡錄,延壽集,宋,gaoli_index,宗鏡錄/宗鏡錄卷三,15,raw\宗鏡錄\宗鏡錄__juan_0015.txt,clean\宗鏡錄\宗鏡錄__juan_0015.txt,10150,10150
高麗版大藏經,宗鏡錄,宗鏡錄,宗鏡錄,延壽集,宋,gaoli_index,宗鏡錄/宗鏡錄卷三十,16,raw\宗鏡錄\宗鏡錄__juan_0016.txt,clean\宗鏡錄\宗鏡錄__juan_0016.txt,8689,8689
高麗版大藏經,宗鏡錄,宗鏡錄,宗鏡錄,延壽集,宋,gaoli_index,宗鏡錄/宗鏡錄卷三十一,17,raw\宗鏡錄\宗鏡錄__juan_0017.txt,clean\宗鏡錄\宗鏡錄__juan_0017.txt,8523,8523
高麗版大藏經,宗鏡錄,宗鏡錄,宗鏡錄,延壽集,宋,gaoli_index,宗鏡錄/宗鏡錄卷三十七,18,raw\宗鏡錄\宗鏡錄__juan_0018.txt,clean\宗鏡錄\宗鏡錄__juan_0018.txt,11304,11304
高麗版大藏經,宗鏡錄,宗鏡錄,宗鏡錄,延壽集,宋,gaoli_index,宗鏡錄/宗鏡錄卷三十三,19,raw\宗鏡錄\宗鏡錄__juan_0019.txt,clean\宗鏡錄\宗鏡錄__juan_0019.txt,9766,9766
高麗版大藏經,宗鏡錄,宗鏡錄,宗鏡錄,延壽集,宋,gaoli_index,宗鏡錄/宗鏡錄卷三十九,20,raw\宗鏡錄\宗鏡錄__juan_0020.txt,clean\宗鏡錄\宗鏡錄__juan_0020.txt,9697,9697
高麗版大藏經,宗鏡錄,宗鏡錄,宗鏡錄,延壽集,宋,gaoli_index,宗鏡錄/宗鏡錄卷三十二,21,raw\宗鏡錄\宗鏡錄__juan_0021.txt,clean\宗鏡錄\宗鏡錄__juan_0021.txt,10307,10307
高麗版大藏經,宗鏡錄,宗鏡錄,宗鏡錄,延壽集,宋,gaoli_index,宗鏡錄/宗鏡錄卷三十五,22,raw\宗鏡錄\宗鏡錄__juan_0022.txt,clean\宗鏡錄\宗鏡錄__juan_0022.txt,10786,10786
高麗版大藏經,宗鏡錄,宗鏡錄,宗鏡錄,延壽集,宋,gaoli_index,宗鏡錄/宗鏡錄卷三十八,23,raw\宗鏡錄\宗鏡錄__juan_0023.txt,clean\宗鏡錄\宗鏡錄__juan_0023.txt,12989,12989
高麗版大藏經,宗鏡錄,宗鏡錄,宗鏡錄,延壽集,宋,gaoli_index,宗鏡錄/宗鏡錄卷三十六,24,raw\宗鏡錄\宗鏡錄__juan_0024.txt,clean\宗鏡錄\宗鏡錄__juan_0024.txt,13718,13718
高麗版大藏經,宗鏡錄,宗鏡錄,宗鏡錄,延壽集,宋,gaoli_index,宗鏡錄/宗鏡錄卷三十四,25,raw\宗鏡錄\宗鏡錄__juan_0025.txt,clean\宗鏡錄\宗鏡錄__juan_0025.txt,11620,11620
高麗版大藏經,宗鏡錄,宗鏡錄,宗鏡錄,延壽集,宋,gaoli_index,宗鏡錄/宗鏡錄卷九,26,raw\宗鏡錄\宗鏡錄__juan_0026.txt,clean\宗鏡錄\宗鏡錄__juan_0026.txt,14748,14748
高麗版大藏經,宗鏡錄,宗鏡錄,宗鏡錄,延壽集,宋,gaoli_index,宗鏡錄/宗鏡錄卷九十,27,raw\宗鏡錄\宗鏡錄__juan_0027.txt,clean\宗鏡錄\宗鏡錄__juan_0027.txt,7891,7891
高麗版大藏經,宗鏡錄,宗鏡錄,宗鏡錄,延壽集,宋,gaoli_index,宗鏡錄/宗鏡錄卷九十一,28,raw\宗鏡錄\宗鏡錄__juan_0028.txt,clean\宗鏡錄\宗鏡錄__juan_0028.txt,5793,5793
高麗版大藏經,宗鏡錄,宗鏡錄,宗鏡錄,延壽集,宋,gaoli_index,宗鏡錄/宗鏡錄卷九十七,29,raw\宗鏡錄\宗鏡錄__juan_0029.txt,clean\宗鏡錄\宗鏡錄__juan_0029.txt,7355,7355
高麗版大藏經,宗鏡錄,宗鏡錄,宗鏡錄,延壽集,宋,gaoli_index,宗鏡錄/宗鏡錄卷九十三,30,raw\宗鏡錄\宗鏡錄__juan_0030.txt,clean\宗鏡錄\宗鏡錄__juan_0030.txt,7568,7568
高麗版大藏經,宗鏡錄,宗鏡錄,宗鏡錄,延壽集,宋,gaoli_index,宗鏡錄/宗鏡錄卷九十九,31,raw\宗鏡錄\宗鏡錄__juan_0031.txt,clean\宗鏡錄\宗鏡錄__juan_0031.txt,8533,8533
高麗版大藏經,宗鏡錄,宗鏡錄,宗鏡錄,延壽集,宋,gaoli_index,宗鏡錄/宗鏡錄卷九十二,32,raw\宗鏡錄\宗鏡錄__juan_0032.txt,clean\宗鏡錄\宗鏡錄__juan_0032.txt,10825,10825
高麗版大藏經,宗鏡錄,宗鏡錄,宗鏡錄,延壽集,宋,gaoli_index,宗鏡錄/宗鏡錄卷九十五,33,raw\宗鏡錄\宗鏡錄__juan_0033.txt,clean\宗鏡錄\宗鏡錄__juan_0033.txt,6905,6905
高麗版大藏經,宗鏡錄,宗鏡錄,宗鏡錄,延壽集,宋,gaoli_index,宗鏡錄/宗鏡錄卷九十八,34,raw\宗鏡錄\宗鏡錄__juan_0034.txt,clean\宗鏡錄\宗鏡錄__juan_0034.txt,10007,10007
高麗版大藏經,宗鏡錄,宗鏡錄,宗鏡錄,延壽集,宋,gaoli_index,宗鏡錄/宗鏡錄卷九十六,35,raw\宗鏡錄\宗鏡錄__juan_0035.txt,clean\宗鏡錄\宗鏡錄__juan_0035.txt,8003,8003
高麗版大藏經,宗鏡錄,宗鏡錄,宗鏡錄,延壽集,宋,gaoli_index,宗鏡錄/宗鏡錄卷九十四,36,raw\宗鏡錄\宗鏡錄__juan_0036.txt,clean\宗鏡錄\宗鏡錄__juan_0036.txt,9042,9042
高麗版大藏經,宗鏡錄,宗鏡錄,宗鏡錄,延壽集,宋,gaoli_index,宗鏡錄/宗鏡錄卷二,37,raw\宗鏡錄\宗鏡錄__juan_0037.txt,clean\宗鏡錄\宗鏡錄__juan_0037.txt,11733,11733
高麗版大藏經,宗鏡錄,宗鏡錄,宗鏡錄,延壽集,宋,gaoli_index,宗鏡錄/宗鏡錄卷二十,38,raw\宗鏡錄\宗鏡錄__juan_0038.txt,clean\宗鏡錄\宗鏡錄__juan_0038.txt,8581,8581
高麗版大藏經,宗鏡錄,宗鏡錄,宗鏡錄,延壽集,宋,gaoli_index,宗鏡錄/宗鏡錄卷二十一,39,raw\宗鏡錄\宗鏡錄__juan_0039.txt,clean\宗鏡錄\宗鏡錄__juan_0039.txt,11552,11552
高麗版大藏經,宗鏡錄,宗鏡錄,宗鏡錄,延壽集,宋,gaoli_index,宗鏡錄/宗鏡錄卷二十七,40,raw\宗鏡錄\宗鏡錄__juan_0040.txt,clean\宗鏡錄\宗鏡錄__juan_0040.txt,10099,10099
高麗版大藏經,宗鏡錄,宗鏡錄,宗鏡錄,延壽集,宋,gaoli_index,宗鏡錄/宗鏡錄卷二十三,41,raw\宗鏡錄\宗鏡錄__juan_0041.txt,clean\宗鏡錄\宗鏡錄__juan_0041.txt,13969,13969
高麗版大藏經,宗鏡錄,宗鏡錄,宗鏡錄,延壽集,宋,gaoli_index,宗鏡錄/宗鏡錄卷二十九,42,raw\宗鏡錄\宗鏡錄__juan_0042.txt,clean\宗鏡錄\宗鏡錄__juan_0042.txt,12525,12525
高麗版大藏經,宗鏡錄,宗鏡錄,宗鏡錄,延壽集,宋,gaoli_index,宗鏡錄/宗鏡錄卷二十二,43,raw\宗鏡錄\宗鏡錄__juan_0043.txt,clean\宗鏡錄\宗鏡錄__juan_0043.txt,8767,8767
高麗版大藏經,宗鏡錄,宗鏡錄,宗鏡錄,延壽集,宋,gaoli_index,宗鏡錄/宗鏡錄卷二十五,44,raw\宗鏡錄\宗鏡錄__juan_0044.txt,clean\宗鏡錄\宗鏡錄__juan_0044.txt,9161,9161
高麗版大藏經,宗鏡錄,宗鏡錄,宗鏡錄,延壽集,宋,gaoli_index,宗鏡錄/宗鏡錄卷二十八,45,raw\宗鏡錄\宗鏡錄__juan_0045.txt,clean\宗鏡錄\宗鏡錄__juan_0045.txt,16897,16897
高麗版大藏經,宗鏡錄,宗鏡錄,宗鏡錄,延壽集,宋,gaoli_index,宗鏡錄/宗鏡錄卷二十六,46,raw\宗鏡錄\宗鏡錄__juan_0046.txt,clean\宗鏡錄\宗鏡錄__juan_0046.txt,10619,10619
高麗版大藏經,宗鏡錄,宗鏡錄,宗鏡錄,延壽集,宋,gaoli_index,宗鏡錄/宗鏡錄卷二十四,47,raw\宗鏡錄\宗鏡錄__juan_0047.txt,clean\宗鏡錄\宗鏡錄__juan_0047.txt,13972,13972
高麗版大藏經,宗鏡錄,宗鏡錄,宗鏡錄,延壽集,宋,gaoli_index,宗鏡錄/宗鏡錄卷五,48,raw\宗鏡錄\宗鏡錄__juan_0048.txt,clean\宗鏡錄\宗鏡錄__juan_0048.txt,10174,10174
高麗版大藏經,宗鏡錄,宗鏡錄,宗鏡錄,延壽集,宋,gaoli_index,宗鏡錄/宗鏡錄卷五十,49,raw\宗鏡錄\宗鏡錄__juan_0049.txt,clean\宗鏡錄\宗鏡錄__juan_0049.txt,10189,10189
高麗版大藏經,宗鏡錄,宗鏡錄,宗鏡錄,延壽集,宋,gaoli_index,宗鏡錄/宗鏡錄卷五十一,50,raw\宗鏡錄\宗鏡錄__juan_0050.txt,clean\宗鏡錄\宗鏡錄__juan_0050.txt,10054,10054
高麗版大藏經,宗鏡錄,宗鏡錄,宗鏡錄,延壽集,宋,gaoli_index,宗鏡錄/宗鏡錄卷五十七,51,raw\宗鏡錄\宗鏡錄__juan_0051.txt,clean\宗鏡錄\宗鏡錄__juan_0051.txt,9274,9274
高麗版大藏經,宗鏡錄,宗鏡錄,宗鏡錄,延壽集,宋,gaoli_index,宗鏡錄/宗鏡錄卷五十三,52,raw\宗鏡錄\宗鏡錄__juan_0052.txt,clean\宗鏡錄\宗鏡錄__juan_0052.txt,7869,7869
高麗版大藏經,宗鏡錄,宗鏡錄,宗鏡錄,延壽集,宋,gaoli_index,宗鏡錄/宗鏡錄卷五十九,53,raw\宗鏡錄\宗鏡錄__juan_0053.txt,clean\宗鏡錄\宗鏡錄__juan_0053.txt,6330,6330
高麗版大藏經,宗鏡錄,宗鏡錄,宗鏡錄,延壽集,宋,gaoli_index,宗鏡錄/宗鏡錄卷五十二,54,raw\宗鏡錄\宗鏡錄__juan_0054.txt,clean\宗鏡錄\宗鏡錄__juan_0054.txt,6445,6445
高麗版大藏經,宗鏡錄,宗鏡錄,宗鏡錄,延壽集,宋,gaoli_index,宗鏡錄/宗鏡錄卷五十五,55,raw\宗鏡錄\宗鏡錄__juan_0055.txt,clean\宗鏡錄\宗鏡錄__juan_0055.txt,7991,7991
高麗版大藏經,宗鏡錄,宗鏡錄,宗鏡錄,延壽集,宋,gaoli_index,宗鏡錄/宗鏡錄卷五十八,56,raw\宗鏡錄\宗鏡錄__juan_0056.txt,clean\宗鏡錄\宗鏡錄__juan_0056.txt,9955,9955
高麗版大藏經,宗鏡錄,宗鏡錄,宗鏡錄,延壽集,宋,gaoli_index,宗鏡錄/宗鏡錄卷五十六,57,raw\宗鏡錄\宗鏡錄__juan_0057.txt,clean\宗鏡錄\宗鏡錄__juan_0057.txt,8308,8308
高麗版大藏經,宗鏡錄,宗鏡錄,宗鏡錄,延壽集,宋,gaoli_index,宗鏡錄/宗鏡錄卷五十四,58,raw\宗鏡錄\宗鏡錄__juan_0058.txt,clean\宗鏡錄\宗鏡錄__juan_0058.txt,8167,8167
高麗版大藏經,宗鏡錄,宗鏡錄,宗鏡錄,延壽集,宋,gaoli_index,宗鏡錄/宗鏡錄卷八,59,raw\宗鏡錄\宗鏡錄__juan_0059.txt,clean\宗鏡錄\宗鏡錄__juan_0059.txt,8795,8795
高麗版大藏經,宗鏡錄,宗鏡錄,宗鏡錄,延壽集,宋,gaoli_index,宗鏡錄/宗鏡錄卷八十,60,raw\宗鏡錄\宗鏡錄__juan_0060.txt,clean\宗鏡錄\宗鏡錄__juan_0060.txt,10462,10462
高麗版大藏經,宗鏡錄,宗鏡錄,宗鏡錄,延壽集,宋,gaoli_index,宗鏡錄/宗鏡錄卷八十一,61,raw\宗鏡錄\宗鏡錄__juan_0061.txt,clean\宗鏡錄\宗鏡錄__juan_0061.txt,7299,7299
高麗版大藏經,宗鏡錄,宗鏡錄,宗鏡錄,延壽集,宋,gaoli_index,宗鏡錄/宗鏡錄卷八十七,62,raw\宗鏡錄\宗鏡錄__juan_0062.txt,clean\宗鏡錄\宗鏡錄__juan_0062.txt,7680,7680
高麗版大藏經,宗鏡錄,宗鏡錄,宗鏡錄,延壽集,宋,gaoli_index,宗鏡錄/宗鏡錄卷八十三,63,raw\宗鏡錄\宗鏡錄__juan_0063.txt,clean\宗鏡錄\宗鏡錄__juan_0063.txt,8999,8999
高麗版大藏經,宗鏡錄,宗鏡錄,宗鏡錄,延壽集,宋,gaoli_index,宗鏡錄/宗鏡錄卷八十九,64,raw\宗鏡錄\宗鏡錄__juan_0064.txt,clean\宗鏡錄\宗鏡錄__juan_0064.txt,9771,9771
高麗版大藏經,宗鏡錄,宗鏡錄,宗鏡錄,延壽集,宋,gaoli_index,宗鏡錄/宗鏡錄卷八十二,65,raw\宗鏡錄\宗鏡錄__juan_0065.txt,clean\宗鏡錄\宗鏡錄__juan_0065.txt,9943,9943
高麗版大藏經,宗鏡錄,宗鏡錄,宗鏡錄,延壽集,宋,gaoli_index,宗鏡錄/宗鏡錄卷八十五,66,raw\宗鏡錄\宗鏡錄__juan_0066.txt,clean\宗鏡錄\宗鏡錄__juan_0066.txt,7612,7612
高麗版大藏經,宗鏡錄,宗鏡錄,宗鏡錄,延壽集,宋,gaoli_index,宗鏡錄/宗鏡錄卷八十八,67,raw\宗鏡錄\宗鏡錄__juan_0067.txt,clean\宗鏡錄\宗鏡錄__juan_0067.txt,8615,8615
高麗版大藏經,宗鏡錄,宗鏡錄,宗鏡錄,延壽集,宋,gaoli_index,宗鏡錄/宗鏡錄卷八十六,68,raw\宗鏡錄\宗鏡錄__juan_0068.txt,clean\宗鏡錄\宗鏡錄__juan_0068.txt,8797,8797
高麗版大藏經,宗鏡錄,宗鏡錄,宗鏡錄,延壽集,宋,gaoli_index,宗鏡錄/宗鏡錄卷八十四,69,raw\宗鏡錄\宗鏡錄__juan_0069.txt,clean\宗鏡錄\宗鏡錄__juan_0069.txt,7582,7582
高麗版大藏經,宗鏡錄,宗鏡錄,宗鏡錄,延壽集,宋,gaoli_index,宗鏡錄/宗鏡錄卷六,70,raw\宗鏡錄\宗鏡錄__juan_0070.txt,clean\宗鏡錄\宗鏡錄__juan_0070.txt,11524,11524
高麗版大藏經,宗鏡錄,宗鏡錄,宗鏡錄,延壽集,宋,gaoli_index,宗鏡錄/宗鏡錄卷六十,71,raw\宗鏡錄\宗鏡錄__juan_0071.txt,clean\宗鏡錄\宗鏡錄__juan_0071.txt,7895,7895
高麗版大藏經,宗鏡錄,宗鏡錄,宗鏡錄,延壽集,宋,gaoli_index,宗鏡錄/宗鏡錄卷六十一,72,raw\宗鏡錄\宗鏡錄__juan_0072.txt,clean\宗鏡錄\宗鏡錄__juan_0072.txt,9449,9449
高麗版大藏經,宗鏡錄,宗鏡錄,宗鏡錄,延壽集,宋,gaoli_index,宗鏡錄/宗鏡錄卷六十七,73,raw\宗鏡錄\宗鏡錄__juan_0073.txt,clean\宗鏡錄\宗鏡錄__juan_0073.txt,11018,11018
高麗版大藏經,宗鏡錄,宗鏡錄,宗鏡錄,延壽集,宋,gaoli_index,宗鏡錄/宗鏡錄卷六十三,74,raw\宗鏡錄\宗鏡錄__juan_0074.txt,clean\宗鏡錄\宗鏡錄__juan_0074.txt,7703,7703
高麗版大藏經,宗鏡錄,宗鏡錄,宗鏡錄,延壽集,宋,gaoli_index,宗鏡錄/宗鏡錄卷六十九,75,raw\宗鏡錄\宗鏡錄__juan_0075.txt,clean\宗鏡錄\宗鏡錄__juan_0075.txt,10119,10119
高麗版大藏經,宗鏡錄,宗鏡錄,宗鏡錄,延壽集,宋,gaoli_index,宗鏡錄/宗鏡錄卷六十二,76,raw\宗鏡錄\宗鏡錄__juan_0076.txt,clean\宗鏡錄\宗鏡錄__juan_0076.txt,9007,9007
高麗版大藏經,宗鏡錄,宗鏡錄,宗鏡錄,延壽集,宋,gaoli_index,宗鏡錄/宗鏡錄卷六十五,77,raw\宗鏡錄\宗鏡錄__juan_0077.txt,clean\宗鏡錄\宗鏡錄__juan_0077.txt,10463,10463
高麗版大藏經,宗鏡錄,宗鏡錄,宗鏡錄,延壽集,宋,gaoli_index,宗鏡錄/宗鏡錄卷六十八,78,raw\宗鏡錄\宗鏡錄__juan_0078.txt,clean\宗鏡錄\宗鏡錄__juan_0078.txt,7117,7117
高麗版大藏經,宗鏡錄,宗鏡錄,宗鏡錄,延壽集,宋,gaoli_index,宗鏡錄/宗鏡錄卷六十六,79,raw\宗鏡錄\宗鏡錄__juan_0079.txt,clean\宗鏡錄\宗鏡錄__juan_0079.txt,10236,10236
高麗版大藏經,宗鏡錄,宗鏡錄,宗鏡錄,延壽集,宋,gaoli_index,宗鏡錄/宗鏡錄卷六十四,80,raw\宗鏡錄\宗鏡錄__juan_0080.txt,clean\宗鏡錄\宗鏡錄__juan_0080.txt,6594,6594
高麗版大藏經,宗鏡錄,宗鏡錄,宗鏡錄,延壽集,宋,gaoli_index,宗鏡錄/宗鏡錄卷十,81,raw\宗鏡錄\宗鏡錄__juan_0081.txt,clean\宗鏡錄\宗鏡錄__juan_0081.txt,10723,10723
高麗版大藏經,宗鏡錄,宗鏡錄,宗鏡錄,延壽集,宋,gaoli_index,宗鏡錄/宗鏡錄卷十一,82,raw\宗鏡錄\宗鏡錄__juan_0082.txt,clean\宗鏡錄\宗鏡錄__juan_0082.txt,7640,7640
高麗版大藏經,宗鏡錄,宗鏡錄,宗鏡錄,延壽集,宋,gaoli_index,宗鏡錄/宗鏡錄卷十七,83,raw\宗鏡錄\宗鏡錄__juan_0083.txt,clean\宗鏡錄\宗鏡錄__juan_0083.txt,10034,10034
高麗版大藏經,宗鏡錄,宗鏡錄,宗鏡錄,延壽集,宋,gaoli_index,宗鏡錄/宗鏡錄卷十三,84,raw\宗鏡錄\宗鏡錄__juan_0084.txt,clean\宗鏡錄\宗鏡錄__juan_0084.txt,8280,8280
高麗版大藏經,宗鏡錄,宗鏡錄,宗鏡錄,延壽集,宋,gaoli_index,宗鏡錄/宗鏡錄卷十九,85,raw\宗鏡錄\宗鏡錄__juan_0085.txt,clean\宗鏡錄\宗鏡錄__juan_0085.txt,10341,10341
高麗版大藏經,宗鏡錄,宗鏡錄,宗鏡錄,延壽集,宋,gaoli_index,宗鏡錄/宗鏡錄卷十二,86,raw\宗鏡錄\宗鏡錄__juan_0086.txt,clean\宗鏡錄\宗鏡錄__juan_0086.txt,8689,8689
高麗版大藏經,宗鏡錄,宗鏡錄,宗鏡錄,延壽集,宋,gaoli_index,宗鏡錄/宗鏡錄卷十五,87,raw\宗鏡錄\宗鏡錄__juan_0087.txt,clean\宗鏡錄\宗鏡錄__juan_0087.txt,8772,8772
高麗版大藏經,宗鏡錄,宗鏡錄,宗鏡錄,延壽集,宋,gaoli_index,宗鏡錄/宗鏡錄卷十八,88,raw\宗鏡錄\宗鏡錄__juan_0088.txt,clean\宗鏡錄\宗鏡錄__juan_0088.txt,13540,13540
高麗版大藏經,宗鏡錄,宗鏡錄,宗鏡錄,延壽集,宋,gaoli_index,宗鏡錄/宗鏡錄卷十六,89,raw\宗鏡錄\宗鏡錄__juan_0089.txt,clean\宗鏡錄\宗鏡錄__juan_0089.txt,9463,9463
高麗版大藏經,宗鏡錄,宗鏡錄,宗鏡錄,延壽集,宋,gaoli_index,宗鏡錄/宗鏡錄卷十四,90,raw\宗鏡錄\宗鏡錄__juan_0090.txt,clean\宗鏡錄\宗鏡錄__juan_0090.txt,9742,9742
高麗版大藏經,宗鏡錄,宗鏡錄,宗鏡錄,延壽集,宋,gaoli_index,宗鏡錄/宗鏡錄卷四,91,raw\宗鏡錄\宗鏡錄__juan_0091.txt,clean\宗鏡錄\宗鏡錄__juan_0091.txt,9156,9156
高麗版大藏經,宗鏡錄,宗鏡錄,宗鏡錄,延壽集,宋,gaoli_index,宗鏡錄/宗鏡錄卷四十,92,raw\宗鏡錄\宗鏡錄__juan_0092.txt,clean\宗鏡錄\宗鏡錄__juan_0092.txt,8643,8643
高麗版大藏經,宗鏡錄,宗鏡錄,宗鏡錄,延壽集,宋,gaoli_index,宗鏡錄/宗鏡錄卷四十一,93,raw\宗鏡錄\宗鏡錄__juan_0093.txt,clean\宗鏡錄\宗鏡錄__juan_0093.txt,10350,10350
高麗版大藏經,宗鏡錄,宗鏡錄,宗鏡錄,延壽集,宋,gaoli_index,宗鏡錄/宗鏡錄卷四十七,94,raw\宗鏡錄\宗鏡錄__juan_0094.txt,clean\宗鏡錄\宗鏡錄__juan_0094.txt,10490,10490
高麗版大藏經,宗鏡錄,宗鏡錄,宗鏡錄,延壽集,宋,gaoli_index,宗鏡錄/宗鏡錄卷四十三,95,raw\宗鏡錄\宗鏡錄__juan_0095.txt,clean\宗鏡錄\宗鏡錄__juan_0095.txt,8924,8924
高麗版大藏經,宗鏡錄,宗鏡錄,宗鏡錄,延壽集,宋,gaoli_index,宗鏡錄/宗鏡錄卷四十九,96,raw\宗鏡錄\宗鏡錄__juan_0096.txt,clean\宗鏡錄\宗鏡錄__juan_0096.txt,9990,9990
高麗版大藏經,宗鏡錄,宗鏡錄,宗鏡錄,延壽集,宋,gaoli_index,宗鏡錄/宗鏡錄卷四十二,97,raw\宗鏡錄\宗鏡錄__juan_0097.txt,clean\宗鏡錄\宗鏡錄__juan_0097.txt,9646,9646
高麗版大藏經,宗鏡錄,宗鏡錄,宗鏡錄,延壽集,宋,gaoli_index,宗鏡錄/宗鏡錄卷四十五,98,raw\宗鏡錄\宗鏡錄__juan_0098.txt,clean\宗鏡錄\宗鏡錄__juan_0098.txt,9571,9571
高麗版大藏經,宗鏡錄,宗鏡錄,宗鏡錄,延壽集,宋,gaoli_index,宗鏡錄/宗鏡錄卷四十八,99,raw\宗鏡錄\宗鏡錄__juan_0099.txt,clean\宗鏡錄\宗鏡錄__juan_0099.txt,9456,9456
高麗版大藏經,宗鏡錄,宗鏡錄,宗鏡錄,延壽集,宋,gaoli_index,宗鏡錄/宗鏡錄卷四十六,100,raw\宗鏡錄\宗鏡錄__juan_0100.txt,clean\宗鏡錄\宗鏡錄__juan_0100.txt,11781,11781
高麗版大藏經,宗鏡錄,宗鏡錄,宗鏡錄,延壽集,宋,gaoli_index,宗鏡錄/宗鏡錄卷四十四,101,raw\宗鏡錄\宗鏡錄__juan_0101.txt,clean\宗鏡錄\宗鏡錄__juan_0101.txt,11320,11320
高麗版大藏經,祖堂集,祖堂集,祖堂集,靜、筠撰,後唐,gaoli_index,祖堂集/卷一,1,raw\祖堂集\祖堂集__juan_0001.txt,clean\祖堂集\祖堂集__juan_0001.txt,13934,13934
高麗版大藏經,祖堂集,祖堂集,祖堂集,靜、筠撰,後唐,gaoli_index,祖堂集/卷七,2,raw\祖堂集\祖堂集__juan_0002.txt,clean\祖堂集\祖堂集__juan_0002.txt,12679,12679
高麗版大藏經,祖堂集,祖堂集,祖堂集,靜、筠撰,後唐,gaoli_index,祖堂集/卷三,3,raw\祖堂集\祖堂集__juan_0003.txt,clean\祖堂集\祖堂集__juan_0003.txt,15009,15009
高麗版大藏經,祖堂集,祖堂集,祖堂集,靜、筠撰,後唐,gaoli_index,祖堂集/卷九,4,raw\祖堂集\祖堂集__juan_0004.txt,clean\祖堂集\祖堂集__juan_0004.txt,12346,12346
高麗版大藏經,祖堂集,祖堂集,祖堂集,靜、筠撰,後唐,gaoli_index,祖堂集/卷二,5,raw\祖堂集\祖堂集__juan_0005.txt,clean\祖堂集\祖堂集__juan_0005.txt,17415,17415
高麗版大藏經,祖堂集,祖堂集,祖堂集,靜、筠撰,後唐,gaoli_index,祖堂集/卷二十,6,raw\祖堂集\祖堂集__juan_0006.txt,clean\祖堂集\祖堂集__juan_0006.txt,9839,9839
高麗版大藏經,祖堂集,祖堂集,祖堂集,靜、筠撰,後唐,gaoli_index,祖堂集/卷五,7,raw\祖堂集\祖堂集__juan_0007.txt,clean\祖堂集\祖堂集__juan_0007.txt,12158,12158
高麗版大藏經,祖堂集,祖堂集,祖堂集,靜、筠撰,後唐,gaoli_index,祖堂集/卷八,8,raw\祖堂集\祖堂集__juan_0008.txt,clean\祖堂集\祖堂集__juan_0008.txt,14074,14074
高麗版大藏經,祖堂集,祖堂集,祖堂集,靜、筠撰,後唐,gaoli_index,祖堂集/卷六,9,raw\祖堂集\祖堂集__juan_0009.txt,clean\祖堂集\祖堂集__juan_0009.txt,14141,14141
高麗版大藏經,祖堂集,祖堂集,祖堂集,靜、筠撰,後唐,gaoli_index,祖堂集/卷十,10,raw\祖堂集\祖堂集__juan_0010.txt,clean\祖堂集\祖堂集__juan_0010.txt,13800,13800
高麗版大藏經,祖堂集,祖堂集,祖堂集,靜、筠撰,後唐,gaoli_index,祖堂集/卷十一,11,raw\祖堂集\祖堂集__juan_0011.txt,clean\祖堂集\祖堂集__juan_0011.txt,12641,12641
高麗版大藏經,祖堂集,祖堂集,祖堂集,靜、筠撰,後唐,gaoli_index,祖堂集/卷十七,12,raw\祖堂集\祖堂集__juan_0012.txt,clean\祖堂集\祖堂集__juan_0012.txt,11904,11904
高麗版大藏經,祖堂集,祖堂集,祖堂集,靜、筠撰,後唐,gaoli_index,祖堂集/卷十三,13,raw\祖堂集\祖堂集__juan_0013.txt,clean\祖堂集\祖堂集__juan_0013.txt,11195,11195
高麗版大藏經,祖堂集,祖堂集,祖堂集,靜、筠撰,後唐,gaoli_index,祖堂集/卷十九,14,raw\祖堂集\祖堂集__juan_0014.txt,clean\祖堂集\祖堂集__juan_0014.txt,10547,10547
高麗版大藏經,祖堂集,祖堂集,祖堂集,靜、筠撰,後唐,gaoli_index,祖堂集/卷十二,15,raw\祖堂集\祖堂集__juan_0015.txt,clean\祖堂集\祖堂集__juan_0015.txt,11608,11608
高麗版大藏經,祖堂集,祖堂集,祖堂集,靜、筠撰,後唐,gaoli_index,祖堂集/卷十五,16,raw\祖堂集\祖堂集__juan_0016.txt,clean\祖堂集\祖堂集__juan_0016.txt,11658,11658
高麗版大藏經,祖堂集,祖堂集,祖堂集,靜、筠撰,後唐,gaoli_index,祖堂集/卷十八,17,raw\祖堂集\祖堂集__juan_0017.txt,clean\祖堂集\祖堂集__juan_0017.txt,14772,14772
高麗版大藏經,祖堂集,祖堂集,祖堂集,靜、筠撰,後唐,gaoli_index,祖堂集/卷十六,18,raw\祖堂集\祖堂集__juan_0018.txt,clean\祖堂集\祖堂集__juan_0018.txt,11403,11403
高麗版大藏經,祖堂集,祖堂集,祖堂集,靜、筠撰,後唐,gaoli_index,祖堂集/卷十四,19,raw\祖堂集\祖堂集__juan_0019.txt,clean\祖堂集\祖堂集__juan_0019.txt,13201,13201
高麗版大藏經,祖堂集,祖堂集,祖堂集,靜、筠撰,後唐,gaoli_index,祖堂集/卷四,20,raw\祖堂集\祖堂集__juan_0020.txt,clean\祖堂集\祖堂集__juan_0020.txt,13070,13070
高麗版大藏經,大方廣佛華嚴經搜玄分齊通智方軌,大方廣佛華嚴經搜玄分齊通智方軌,大方廣佛華嚴經搜玄分齊通智方軌,智儼述,唐,gaoli_index,大方廣佛華嚴經搜玄分齊通智方軌/卷001,1,raw\大方廣佛華嚴經搜玄分齊通智方軌\大方廣佛華嚴經搜玄分齊通智方軌__juan_0001.txt,clean\大方廣佛華嚴經搜玄分齊通智方軌\大方廣佛華嚴經搜玄分齊通智方軌__juan_0001.txt,30108,30108
高麗版大藏經,大方廣佛華嚴經搜玄分齊通智方軌,大方廣佛華嚴經搜玄分齊通智方軌,大方廣佛華嚴經搜玄分齊通智方軌,智儼述,唐,gaoli_index,大方廣佛華嚴經搜玄分齊通智方軌/卷002,2,raw\大方廣佛華嚴經搜玄分齊通智方軌\大方廣佛華嚴經搜玄分齊通智方軌__juan_0002.txt,clean\大方廣佛華嚴經搜玄分齊通智方軌\大方廣佛華嚴經搜玄分齊通智方軌__juan_0002.txt,24995,24995
高麗版大藏經,大方廣佛華嚴經搜玄分齊通智方軌,大方廣佛華嚴經搜玄分齊通智方軌,大方廣佛華嚴經搜玄分齊通智方軌,智儼述,唐,gaoli_index,大方廣佛華嚴經搜玄分齊通智方軌/卷003,3,raw\大方廣佛華嚴經搜玄分齊通智方軌\大方廣佛華嚴經搜玄分齊通智方軌__juan_0003.txt,clean\大方廣佛華嚴經搜玄分齊通智方軌\大方廣佛華嚴經搜玄分齊通智方軌__juan_0003.txt,34453,34453
高麗版大藏經,大方廣佛華嚴經搜玄分齊通智方軌,大方廣佛華嚴經搜玄分齊通智方軌,大方廣佛華嚴經搜玄分齊通智方軌,智儼述,唐,gaoli_index,大方廣佛華嚴經搜玄分齊通智方軌/卷004,4,raw\大方廣佛華嚴經搜玄分齊通智方軌\大方廣佛華嚴經搜玄分齊通智方軌__juan_0004.txt,clean\大方廣佛華嚴經搜玄分齊通智方軌\大方廣佛華嚴經搜玄分齊通智方軌__juan_0004.txt,29033,29033
高麗版大藏經,大方廣佛華嚴經搜玄分齊通智方軌,大方廣佛華嚴經搜玄分齊通智方軌,大方廣佛華嚴經搜玄分齊通智方軌,智儼述,唐,gaoli_index,大方廣佛華嚴經搜玄分齊通智方軌/卷005,5,raw\大方廣佛華嚴經搜玄分齊通智方軌\大方廣佛華嚴經搜玄分齊通智方軌__juan_0005.txt,clean\大方廣佛華嚴經搜玄分齊通智方軌\大方廣佛華嚴經搜玄分齊通智方軌__juan_0005.txt,30155,30155
高麗版大藏經,慈悲道場懺法,慈悲道場懺法,慈悲道場懺法,諸大法師集撰,梁,gaoli_index,慈悲道場懺法/卷一,1,raw\慈悲道場懺法\慈悲道場懺法__juan_0001.txt,clean\慈悲道場懺法\慈悲道場懺法__juan_0001.txt,11636,11636
高麗版大藏經,慈悲道場懺法,慈悲道場懺法,慈悲道場懺法,諸大法師集撰,梁,gaoli_index,慈悲道場懺法/卷七,2,raw\慈悲道場懺法\慈悲道場懺法__juan_0002.txt,clean\慈悲道場懺法\慈悲道場懺法__juan_0002.txt,98,98
高麗版大藏經,慈悲道場懺法,慈悲道場懺法,慈悲道場懺法,諸大法師集撰,梁,gaoli_index,慈悲道場懺法/卷三,3,raw\慈悲道場懺法\慈悲道場懺法__juan_0003.txt,clean\慈悲道場懺法\慈悲道場懺法__juan_0003.txt,98,98
高麗版大藏經,慈悲道場懺法,慈悲道場懺法,慈悲道場懺法,諸大法師集撰,梁,gaoli_index,慈悲道場懺法/卷九,4,raw\慈悲道場懺法\慈悲道場懺法__juan_0004.txt,clean\慈悲道場懺法\慈悲道場懺法__juan_0004.txt,98,98
高麗版大藏經,慈悲道場懺法,慈悲道場懺法,慈悲道場懺法,諸大法師集撰,梁,gaoli_index,慈悲道場懺法/卷二,5,raw\慈悲道場懺法\慈悲道場懺法__juan_0005.txt,clean\慈悲道場懺法\慈悲道場懺法__juan_0005.txt,98,98
高麗版大藏經,慈悲道場懺法,慈悲道場懺法,慈悲道場懺法,諸大法師集撰,梁,gaoli_index,慈悲道場懺法/卷五,6,raw\慈悲道場懺法\慈悲道場懺法__juan_0006.txt,clean\慈悲道場懺法\慈悲道場懺法__juan_0006.txt,98,98
高麗版大藏經,慈悲道場懺法,慈悲道場懺法,慈悲道場懺法,諸大法師集撰,梁,gaoli_index,慈悲道場懺法/卷八,7,raw\慈悲道場懺法\慈悲道場懺法__juan_0007.txt,clean\慈悲道場懺法\慈悲道場懺法__juan_0007.txt,98,98
高麗版大藏經,慈悲道場懺法,慈悲道場懺法,慈悲道場懺法,諸大法師集撰,梁,gaoli_index,慈悲道場懺法/卷六,8,raw\慈悲道場懺法\慈悲道場懺法__juan_0008.txt,clean\慈悲道場懺法\慈悲道場懺法__juan_0008.txt,98,98
高麗版大藏經,慈悲道場懺法,慈悲道場懺法,慈悲道場懺法,諸大法師集撰,梁,gaoli_index,慈悲道場懺法/卷十,9,raw\慈悲道場懺法\慈悲道場懺法__juan_0009.txt,clean\慈悲道場懺法\慈悲道場懺法__juan_0009.txt,98,98
高麗版大藏經,慈悲道場懺法,慈悲道場懺法,慈悲道場懺法,諸大法師集撰,梁,gaoli_index,慈悲道場懺法/卷四,10,raw\慈悲道場懺法\慈悲道場懺法__juan_0010.txt,clean\慈悲道場懺法\慈悲道場懺法__juan_0010.txt,98,98
高麗版大藏經,華嚴經探玄記,華嚴經探玄記,華嚴經探玄記,法藏述,唐,gaoli_index,華嚴經探玄記/卷第 01,1,raw\華嚴經探玄記\華嚴經探玄記__juan_0001.txt,clean\華嚴經探玄記\華嚴經探玄記__juan_0001.txt,28843,28843
高麗版大藏經,華嚴經探玄記,華嚴經探玄記,華嚴經探玄記,法藏述,唐,gaoli_index,華嚴經探玄記/卷第 02,2,raw\華嚴經探玄記\華嚴經探玄記__juan_0002.txt,clean\華嚴經探玄記\華嚴經探玄記__juan_0002.txt,34586,34586
高麗版大藏經,華嚴經探玄記,華嚴經探玄記,華嚴經探玄記,法藏述,唐,gaoli_index,華嚴經探玄記/卷第 03,3,raw\華嚴經探玄記\華嚴經探玄記__juan_0003.txt,clean\華嚴經探玄記\華嚴經探玄記__juan_0003.txt,31797,31797
高麗版大藏經,華嚴經探玄記,華嚴經探玄記,華嚴經探玄記,法藏述,唐,gaoli_index,華嚴經探玄記/卷第 04,4,raw\華嚴經探玄記\華嚴經探玄記__juan_0004.txt,clean\華嚴經探玄記\華嚴經探玄記__juan_0004.txt,40733,40733
高麗版大藏經,華嚴經探玄記,華嚴經探玄記,華嚴經探玄記,法藏述,唐,gaoli_index,華嚴經探玄記/卷第 05,5,raw\華嚴經探玄記\華嚴經探玄記__juan_0005.txt,clean\華嚴經探玄記\華嚴經探玄記__juan_0005.txt,32284,32284
高麗版大藏經,華嚴經探玄記,華嚴經探玄記,華嚴經探玄記,法藏述,唐,gaoli_index,華嚴經探玄記/卷第 06,6,raw\華嚴經探玄記\華嚴經探玄記__juan_0006.txt,clean\華嚴經探玄記\華嚴經探玄記__juan_0006.txt,37140,37140
高麗版大藏經,華嚴經探玄記,華嚴經探玄記,華嚴經探玄記,法藏述,唐,gaoli_index,華嚴經探玄記/卷第 07,7,raw\華嚴經探玄記\華嚴經探玄記__juan_0007.txt,clean\華嚴經探玄記\華嚴經探玄記__juan_0007.txt,33521,33521
高麗版大藏經,華嚴經探玄記,華嚴經探玄記,華嚴經探玄記,法藏述,唐,gaoli_index,華嚴經探玄記/卷第 08,8,raw\華嚴經探玄記\華嚴經探玄記__juan_0008.txt,clean\華嚴經探玄記\華嚴經探玄記__juan_0008.txt,31538,31538
高麗版大藏經,華嚴經探玄記,華嚴經探玄記,華嚴經探玄記,法藏述,唐,gaoli_index,華嚴經探玄記/卷第 09,9,raw\華嚴經探玄記\華嚴經探玄記__juan_0009.txt,clean\華嚴經探玄記\華嚴經探玄記__juan_0009.txt,23409,23409
高麗版大藏經,華嚴經探玄記,華嚴經探玄記,華嚴經探玄記,法藏述,唐,gaoli_index,華嚴經探玄記/卷第 10,10,raw\華嚴經探玄記\華嚴經探玄記__juan_0010.txt,clean\華嚴經探玄記\華嚴經探玄記__juan_0010.txt,22307,22307
高麗版大藏經,華嚴經探玄記,華嚴經探玄記,華嚴經探玄記,法藏述,唐,gaoli_index,華嚴經探玄記/卷第 11,11,raw\華嚴經探玄記\華嚴經探玄記__juan_0011.txt,clean\華嚴經探玄記\華嚴經探玄記__juan_0011.txt,28211,28211
高麗版大藏經,華嚴經探玄記,華嚴經探玄記,華嚴經探玄記,法藏述,唐,gaoli_index,華嚴經探玄記/卷第 12,12,raw\華嚴經探玄記\華嚴經探玄記__juan_0012.txt,clean\華嚴經探玄記\華嚴經探玄記__juan_0012.txt,29640,29640
高麗版大藏經,華嚴經探玄記,華嚴經探玄記,華嚴經探玄記,法藏述,唐,gaoli_index,華嚴經探玄記/卷第 13,13,raw\華嚴經探玄記\華嚴經探玄記__juan_0013.txt,clean\華嚴經探玄記\華嚴經探玄記__juan_0013.txt,25750,25750
高麗版大藏經,華嚴經探玄記,華嚴經探玄記,華嚴經探玄記,法藏述,唐,gaoli_index,華嚴經探玄記/卷第 14,14,raw\華嚴經探玄記\華嚴經探玄記__juan_0014.txt,clean\華嚴經探玄記\華嚴經探玄記__juan_0014.txt,32974,32974
高麗版大藏經,華嚴經探玄記,華嚴經探玄記,華嚴經探玄記,法藏述,唐,gaoli_index,華嚴經探玄記/卷第 15,15,raw\華嚴經探玄記\華嚴經探玄記__juan_0015.txt,clean\華嚴經探玄記\華嚴經探玄記__juan_0015.txt,33008,33008
高麗版大藏經,華嚴經探玄記,華嚴經探玄記,華嚴經探玄記,法藏述,唐,gaoli_index,華嚴經探玄記/卷第 16,16,raw\華嚴經探玄記\華嚴經探玄記__juan_0016.txt,clean\華嚴經探玄記\華嚴經探玄記__juan_0016.txt,28402,28402
高麗版大藏經,華嚴經探玄記,華嚴經探玄記,華嚴經探玄記,法藏述,唐,gaoli_index,華嚴經探玄記/卷第 17,17,raw\華嚴經探玄記\華嚴經探玄記__juan_0017.txt,clean\華嚴經探玄記\華嚴經探玄記__juan_0017.txt,35000,35000
高麗版大藏經,華嚴經探玄記,華嚴經探玄記,華嚴經探玄記,法藏述,唐,gaoli_index,華嚴經探玄記/卷第 18,18,raw\華嚴經探玄記\華嚴經探玄記__juan_0018.txt,clean\華嚴經探玄記\華嚴經探玄記__juan_0018.txt,38429,38429
高麗版大藏經,華嚴經探玄記,華嚴經探玄記,華嚴經探玄記,法藏述,唐,gaoli_index,華嚴經探玄記/卷第 19,19,raw\華嚴經探玄記\華嚴經探玄記__juan_0019.txt,clean\華嚴經探玄記\華嚴經探玄記__juan_0019.txt,23240,23240
高麗版大藏經,華嚴經探玄記,華嚴經探玄記,華嚴經探玄記,法藏述,唐,gaoli_index,華嚴經探玄記/卷第 20,20,raw\華嚴經探玄記\華嚴經探玄記__juan_0020.txt,clean\華嚴經探玄記\華嚴經探玄記__juan_0020.txt,21287,21287
