category	pageid	work_title	page_title	work_folder	juan_index	raw_path	clean_path	char_count_raw	char_count_clean	is_empty_page	wenyan_mode	wenyan_score	wenyan_label	wenyan_chars	wenyan_modern_density	wenyan_classical_density	wenyan_avg_sentence_len	wenyan_is_poetry	wenyan_short_text
中華民國	143443	《嵇康集》著錄考	《嵇康集》著錄考	《嵇康集》著錄考	1	scrape_output\raw\中華民國\《嵇康集》著錄考\《嵇康集》著錄考__juan_01.txt	scrape_output\clean\中華民國\《嵇康集》著錄考\《嵇康集》著錄考__juan_01.txt	5041	4759	0	separate	0.02883087400681044	wenyan-like	4405	0.007037457434733258	0.024971623155505107	14.925795053003533	0	0
中華民國	143417	《嵇康集》跋	《嵇康集》跋	《嵇康集》跋	1	scrape_output\suspected_baihua\raw\中華民國\《嵇康集》跋\《嵇康集》跋__juan_01.txt	scrape_output\suspected_baihua\clean\中華民國\《嵇康集》跋\《嵇康集》跋__juan_01.txt	494	436	0	separate	-0.013477088948787061	baihua-like	371	0.03504043126684636	0.04582210242587601	12.206896551724139	0	0
中華民國	143449	《嵇康集》逸文考	《嵇康集》逸文考	《嵇康集》逸文考	1	scrape_output\raw\中華民國\《嵇康集》逸文考\《嵇康集》逸文考__juan_01.txt	scrape_output\clean\中華民國\《嵇康集》逸文考\《嵇康集》逸文考__juan_01.txt	1636	1534	0	separate	0.17363896848137536	wenyan-like	1396	0.010744985673352435	0.027936962750716332	21.03125	0	0
中華民國	143469	《廣林》序	《廣林》序	《廣林》序	1	scrape_output\raw\中華民國\《廣林》序\《廣林》序__juan_01.txt	scrape_output\clean\中華民國\《廣林》序\《廣林》序__juan_01.txt	226	208	0	separate	0.20095541401273886	unknown	157	0.0	0.025477707006369428	15.2	0	1
中華民國	143446	《志林》序	《志林》序	《志林》序	1	scrape_output\suspected_baihua\raw\中華民國\《志林》序\《志林》序__juan_01.txt	scrape_output\suspected_baihua\clean\中華民國\《志林》序\《志林》序__juan_01.txt	430	373	0	separate	-0.05102040816326531	baihua-like	294	0.03741496598639456	0.030612244897959183	7.972222222222222	0	0
中華民國	143453	《雲谷雜記》序	《雲谷雜記》序	《雲谷雜記》序	1	scrape_output\raw\中華民國\《雲谷雜記》序\《雲谷雜記》序__juan_01.txt	scrape_output\clean\中華民國\《雲谷雜記》序\《雲谷雜記》序__juan_01.txt	701	627	0	separate	0.1628205128205128	wenyan-like	546	0.020146520146520148	0.03663003663003663	15.529411764705882	0	0
中華民國	143415	《雲谷雜記》跋	《雲谷雜記》跋	《雲谷雜記》跋	1	scrape_output\suspected_baihua\raw\中華民國\《雲谷雜記》跋\《雲谷雜記》跋__juan_01.txt	scrape_output\suspected_baihua\clean\中華民國\《雲谷雜記》跋\《雲谷雜記》跋__juan_01.txt	405	341	0	separate	-0.05597014925373134	baihua-like	268	0.041044776119402986	0.033582089552238806	10.44	0	0
中華民國	885150	上國民政府電陳明馳赴津浦路前線慰勞北伐官兵	上國民政府電陳明馳赴津浦路前線慰勞北伐官兵	上國民政府電陳明馳赴津浦路前線慰勞北伐官兵	1	scrape_output\suspected_baihua\raw\中華民國\上國民政府電陳明馳赴津浦路前線慰勞北伐官兵\上國民政府電陳明馳赴津浦路前線慰勞北伐官兵__juan_01.txt	scrape_output\suspected_baihua\clean\中華民國\上國民政府電陳明馳赴津浦路前線慰勞北伐官兵\上國民政府電陳明馳赴津浦路前線慰勞北伐官兵__juan_01.txt	538	495	0	separate	-0.0552995391705069	baihua-like	434	0.03686635944700461	0.027649769585253458	14.1	0	0
中華民國	134894	中国共产党中央执行委员会告全党党员书	中国共产党中央执行委员会告全党党员书	中国共产党中央执行委员会告全党党员书	1	scrape_output\raw\中華民國\中国共产党中央执行委员会告全党党员书\中国共产党中央执行委员会告全党党员书__juan_01.txt	scrape_output\clean\中華民國\中国共产党中央执行委员会告全党党员书\中国共产党中央执行委员会告全党党员书__juan_01.txt	22403	22180	0	separate	0.07408455848780932	wenyan-like	21902	0.08483243539402795	0.01429093233494658	48.27865168539326	0	0
中華民國	114489	中国共产党接受共产国际第十次全体会议决议的决议	中国共产党接受共产国际第十次全体会议决议的决议	中国共产党接受共产国际第十次全体会议决议的决议	1	scrape_output\raw\中華民國\中国共产党接受共产国际第十次全体会议决议的决议\中国共产党接受共产国际第十次全体会议决议的决议__juan_01.txt	scrape_output\clean\中華民國\中国共产党接受共产国际第十次全体会议决议的决议\中国共产党接受共产国际第十次全体会议决议的决议__juan_01.txt	5214	5070	0	separate	0.062056596253487445	wenyan-like	5018	0.08529294539657234	0.008967716221602232	58.916666666666664	0	0
中華民國	885159	中國戰區陸軍總司令部成立之意義與使命	中國戰區陸軍總司令部成立之意義與使命	中國戰區陸軍總司令部成立之意義與使命	1	scrape_output\raw\中華民國\中國戰區陸軍總司令部成立之意義與使命\中國戰區陸軍總司令部成立之意義與使命__juan_01.txt	scrape_output\clean\中華民國\中國戰區陸軍總司令部成立之意義與使命\中國戰區陸軍總司令部成立之意義與使命__juan_01.txt	3463	3420	0	separate	0.030642750373692018	wenyan-like	3345	0.10254110612855008	0.019133034379671152	33.33673469387755	0	0
中華民國	770184	中國文學過去與來路	中國文學過去與來路	中國文學過去與來路	1	scrape_output\raw\中華民國\中國文學過去與來路\中國文學過去與來路__juan_01.txt	scrape_output\clean\中華民國\中國文學過去與來路\中國文學過去與來路__juan_01.txt	3210	3108	0	separate	0.0687994722955145	wenyan-like	3032	0.09597625329815303	0.02836411609498681	57.61538461538461	0	0
中華民國	1180437	中外條約輯編	中外條約輯編/第一編	中外條約輯編	1	scrape_output\suspected_baihua\raw\中華民國\中外條約輯編\中外條約輯編__juan_01.txt	scrape_output\suspected_baihua\clean\中華民國\中外條約輯編\中外條約輯編__juan_01.txt	2141	1907	0	separate	-0.002156101768003446	baihua-like	2319	0.02285467874083657	0.03320396722725313	14.049382716049383	0	0
中華民國	1180437	中外條約輯編	中外條約輯編/第五編	中外條約輯編	2	scrape_output\suspected_baihua\raw\中華民國\中外條約輯編\中外條約輯編__juan_02.txt	scrape_output\suspected_baihua\clean\中華民國\中外條約輯編\中外條約輯編__juan_02.txt	751	674	0	separate	-0.002156101768003446	baihua-like	2319	0.02285467874083657	0.03320396722725313	14.049382716049383	0	0
中華民國	1141434	中華婦女纒足考	中華婦女纒足考	中華婦女纒足考	1	scrape_output\raw\中華民國\中華婦女纒足考\中華婦女纒足考__juan_01.txt	scrape_output\clean\中華民國\中華婦女纒足考\中華婦女纒足考__juan_01.txt	3721	3404	0	separate	0.07980828695114407	wenyan-like	3234	0.05225726654298083	0.04329004329004329	18.43859649122807	0	0
中華民國	151293	中華民國五十五年元旦告全國軍民同胞書	中華民國五十五年元旦告全國軍民同胞書	中華民國五十五年元旦告全國軍民同胞書	1	scrape_output\raw\中華民國\中華民國五十五年元旦告全國軍民同胞書\中華民國五十五年元旦告全國軍民同胞書__juan_01.txt	scrape_output\clean\中華民國\中華民國五十五年元旦告全國軍民同胞書\中華民國五十五年元旦告全國軍民同胞書__juan_01.txt	7291	7238	0	separate	0.12401802055469519	wenyan-like	7103	0.08137406729550895	0.03407011122061101	50.33812949640288	0	0
中華民國	151295	中華民國五十五年國慶紀念告全國軍民同胞書	中華民國五十五年國慶紀念告全國軍民同胞書	中華民國五十五年國慶紀念告全國軍民同胞書	1	scrape_output\raw\中華民國\中華民國五十五年國慶紀念告全國軍民同胞書\中華民國五十五年國慶紀念告全國軍民同胞書__juan_01.txt	scrape_output\clean\中華民國\中華民國五十五年國慶紀念告全國軍民同胞書\中華民國五十五年國慶紀念告全國軍民同胞書__juan_01.txt	5004	5002	0	separate	0.12068822553897182	wenyan-like	4824	0.07980928689883914	0.03005804311774461	54.01136363636363	0	0
中華民國	151294	中華民國五十五年青年節告全國青年書	中華民國五十五年青年節告全國青年書	中華民國五十五年青年節告全國青年書	1	scrape_output\raw\中華民國\中華民國五十五年青年節告全國青年書\中華民國五十五年青年節告全國青年書__juan_01.txt	scrape_output\clean\中華民國\中華民國五十五年青年節告全國青年書\中華民國五十五年青年節告全國青年書__juan_01.txt	3895	3895	0	separate	0.06644649933949798	wenyan-like	3785	0.09299867899603699	0.02272126816380449	51.708333333333336	0	0
中華民國	196295	中華民國六十一年元旦告全國軍民同胞書	中華民國六十一年元旦告全國軍民同胞書	中華民國六十一年元旦告全國軍民同胞書	1	scrape_output\raw\中華民國\中華民國六十一年元旦告全國軍民同胞書\中華民國六十一年元旦告全國軍民同胞書__juan_01.txt	scrape_output\clean\中華民國\中華民國六十一年元旦告全國軍民同胞書\中華民國六十一年元旦告全國軍民同胞書__juan_01.txt	2252	2209	0	separate	0.05224162340726757	wenyan-like	2119	0.09579990561585654	0.019820670127418595	32.453125	0	0
中華民國	196301	中華民國六十一年國慶紀念告全國軍民同胞書	中華民國六十一年國慶紀念告全國軍民同胞書	中華民國六十一年國慶紀念告全國軍民同胞書	1	scrape_output\raw\中華民國\中華民國六十一年國慶紀念告全國軍民同胞書\中華民國六十一年國慶紀念告全國軍民同胞書__juan_01.txt	scrape_output\clean\中華民國\中華民國六十一年國慶紀念告全國軍民同胞書\中華民國六十一年國慶紀念告全國軍民同胞書__juan_01.txt	2790	2747	0	separate	0.10656108597285069	wenyan-like	2652	0.08484162895927602	0.030542986425339366	42.868852459016395	0	0
中華民國	196300	中華民國六十一年青年節告全國青年書	中華民國六十一年青年節告全國青年書	中華民國六十一年青年節告全國青年書	1	scrape_output\raw\中華民國\中華民國六十一年青年節告全國青年書\中華民國六十一年青年節告全國青年書__juan_01.txt	scrape_output\clean\中華民國\中華民國六十一年青年節告全國青年書\中華民國六十一年青年節告全國青年書__juan_01.txt	2631	2588	0	separate	0.11313336035670854	wenyan-like	2467	0.0790433725172274	0.02513173895419538	31.86842105263158	0	0
中華民國	13034	中華民國六十四年青年節告全國青年書	中華民國六十四年青年節告全國青年書	中華民國六十四年青年節告全國青年書	1	scrape_output\raw\中華民國\中華民國六十四年青年節告全國青年書\中華民國六十四年青年節告全國青年書__juan_01.txt	scrape_output\clean\中華民國\中華民國六十四年青年節告全國青年書\中華民國六十四年青年節告全國青年書__juan_01.txt	2222	2215	0	separate	0.006774040738986242	wenyan-like	2111	0.10942681193747039	0.01752723827569872	41.52	0	0
中華民國	196296	中華民國六十年元旦告全國軍民同胞書	中華民國六十年元旦告全國軍民同胞書	中華民國六十年元旦告全國軍民同胞書	1	scrape_output\raw\中華民國\中華民國六十年元旦告全國軍民同胞書\中華民國六十年元旦告全國軍民同胞書__juan_01.txt	scrape_output\clean\中華民國\中華民國六十年元旦告全國軍民同胞書\中華民國六十年元旦告全國軍民同胞書__juan_01.txt	2583	2539	0	separate	0.11442031954117166	wenyan-like	2441	0.08152396558787382	0.029496108152396557	28.686746987951807	0	0
中華民國	196299	中華民國六十年國慶紀念告全國軍民同胞書	中華民國六十年國慶紀念告全國軍民同胞書	中華民國六十年國慶紀念告全國軍民同胞書	1	scrape_output\raw\中華民國\中華民國六十年國慶紀念告全國軍民同胞書\中華民國六十年國慶紀念告全國軍民同胞書__juan_01.txt	scrape_output\clean\中華民國\中華民國六十年國慶紀念告全國軍民同胞書\中華民國六十年國慶紀念告全國軍民同胞書__juan_01.txt	2154	2111	0	separate	0.1225	wenyan-like	2000	0.0785	0.029	30.184615384615384	0	0
中華民國	196297	中華民國六十年青年節告全國青年書	中華民國六十年青年節告全國青年書	中華民國六十年青年節告全國青年書	1	scrape_output\raw\中華民國\中華民國六十年青年節告全國青年書\中華民國六十年青年節告全國青年書__juan_01.txt	scrape_output\clean\中華民國\中華民國六十年青年節告全國青年書\中華民國六十年青年節告全國青年書__juan_01.txt	2873	2830	0	separate	0.20183823529411765	wenyan-like	2720	0.05698529411764706	0.036397058823529414	35.6	0	0
中華民國	1170825	中華民國對外條約輯編	中華民國對外條約輯編/第二十四編	中華民國對外條約輯編	1	scrape_output\suspected_baihua\raw\中華民國\中華民國對外條約輯編\中華民國對外條約輯編__juan_01.txt	scrape_output\suspected_baihua\clean\中華民國\中華民國對外條約輯編\中華民國對外條約輯編__juan_01.txt	541	464	0	separate	-0.08740359897172237	baihua-like	389	0.05141388174807198	0.033419023136246784	10.472222222222221	0	0
中華民國	877562	乙卯秋，偕雪姬游頤和園，泛舟昆池，循御溝出，夕止玉泉精舍	乙卯秋，偕雪姬游頤和園，泛舟昆池，循御溝出，夕止玉泉精舍	乙卯秋，偕雪姬游頤和園，泛舟昆池，循御溝出，夕止玉泉精舍	1	scrape_output\raw\中華民國\乙卯秋，偕雪姬游頤和園，泛舟昆池，循御溝出，夕止玉泉精舍\乙卯秋，偕雪姬游頤和園，泛舟昆池，循御溝出，夕止玉泉精舍__juan_01.txt	scrape_output\clean\中華民國\乙卯秋，偕雪姬游頤和園，泛舟昆池，循御溝出，夕止玉泉精舍\乙卯秋，偕雪姬游頤和園，泛舟昆池，循御溝出，夕止玉泉精舍__juan_01.txt	234	142	0	separate	0.11875	unknown	128	0.015625	0.0078125	15.0	0	1
中華民國	1203624	保富法	保富法	保富法	1	scrape_output\raw\中華民國\保富法\保富法__juan_01.txt	scrape_output\clean\中華民國\保富法\保富法__juan_01.txt	204	158	0	separate	-0.17557251908396942	unknown	131	0.08396946564885496	0.03816793893129771	9.214285714285714	0	1
中華民國	1203806	保富法 (1943)	保富法 (1943)	保富法 (1943)	1	scrape_output\suspected_baihua\raw\中華民國\保富法 (1943)\保富法 (1943)__juan_01.txt	scrape_output\suspected_baihua\clean\中華民國\保富法 (1943)\保富法 (1943)__juan_01.txt	10422	9307	0	separate	-0.0936150344344578	baihua-like	8567	0.054161316680284816	0.03443445780319832	6.718150087260035	0	0
中華民國	1114118	儿科萃精	儿科萃精	儿科萃精	1	scrape_output\raw\中華民國\儿科萃精\儿科萃精__juan_01.txt	scrape_output\clean\中華民國\儿科萃精\儿科萃精__juan_01.txt	90151	90018	0	separate	0.35494442403086535	wenyan-like	87088	0.005477218445710087	0.035688039683997794	35.7511540075535	0	0
中華民國	759094	內政統計通報106年第22週 (中華民國)	內政統計通報106年第22週 (中華民國)	內政統計通報106年第22週 (中華民國)	1	scrape_output\raw\中華民國\內政統計通報106年第22週 (中華民國)\內政統計通報106年第22週 (中華民國)__juan_01.txt	scrape_output\clean\中華民國\內政統計通報106年第22週 (中華民國)\內政統計通報106年第22週 (中華民國)__juan_01.txt	1197	796	0	separate	0.24002607561929595	wenyan-like	767	0.054758800521512385	0.05215123859191656	47.3125	0	0
中華民國	192704	出席最高國防會議致詞	出席最高國防會議致詞	出席最高國防會議致詞	1	scrape_output\raw\中華民國\出席最高國防會議致詞\出席最高國防會議致詞__juan_01.txt	scrape_output\clean\中華民國\出席最高國防會議致詞\出席最高國防會議致詞__juan_01.txt	3304	3261	0	separate	0.08501731192949324	wenyan-like	3177	0.08278249921309411	0.01668240478438779	40.506493506493506	0	0
中華民國	136570	勝國紀聞	勝國紀聞	勝國紀聞	1	scrape_output\raw\中華民國\勝國紀聞\勝國紀聞__juan_01.txt	scrape_output\clean\中華民國\勝國紀聞\勝國紀聞__juan_01.txt	23103	23093	0	separate	0.08560516264980902	wenyan-like	22779	0.007902015013828527	0.054655603845647306	6.2952441749122245	0	0
中華民國	170451	十年來臺灣鐵路	十年來臺灣鐵路	十年來臺灣鐵路	1	scrape_output\suspected_baihua\raw\中華民國\十年來臺灣鐵路\十年來臺灣鐵路__juan_01.txt	scrape_output\suspected_baihua\clean\中華民國\十年來臺灣鐵路\十年來臺灣鐵路__juan_01.txt	634	591	0	separate	-0.012320328542094458	baihua-like	487	0.028747433264887063	0.03696098562628337	10.083333333333334	0	0
中華民國	885160	參政員對於實施憲政應盡之責任	參政員對於實施憲政應盡之責任	參政員對於實施憲政應盡之責任	1	scrape_output\raw\中華民國\參政員對於實施憲政應盡之責任\參政員對於實施憲政應盡之責任__juan_01.txt	scrape_output\clean\中華民國\參政員對於實施憲政應盡之責任\參政員對於實施憲政應盡之責任__juan_01.txt	3775	3732	0	separate	0.021629751162154764	wenyan-like	3657	0.10992616899097621	0.0257041290675417	33.03703703703704	0	0
中華民國	175679	古異傳	古異傳	古異傳	1	scrape_output\raw\中華民國\古異傳\古異傳__juan_01.txt	scrape_output\clean\中華民國\古異傳\古異傳__juan_01.txt	68	68	0	separate	0.06779661016949153	unknown	59	0.0	0.03389830508474576	5.090909090909091	0	1
中華民國	177099	吳公紀功碑記	吳公紀功碑記	吳公紀功碑記	1	scrape_output\raw\中華民國\吳公紀功碑記\吳公紀功碑記__juan_01.txt	scrape_output\clean\中華民國\吳公紀功碑記\吳公紀功碑記__juan_01.txt	1002	944	0	separate	0.1803358613217768	wenyan-like	923	0.01950162513542795	0.044420368364030335	20.15909090909091	0	0
中華民國	885155	呈中央執行委員會、國民政府、軍事委員會告捷電	呈中央執行委員會、國民政府、軍事委員會告捷電	呈中央執行委員會、國民政府、軍事委員會告捷電	1	scrape_output\raw\中華民國\呈中央執行委員會、國民政府、軍事委員會告捷電\呈中央執行委員會、國民政府、軍事委員會告捷電__juan_01.txt	scrape_output\clean\中華民國\呈中央執行委員會、國民政府、軍事委員會告捷電\呈中央執行委員會、國民政府、軍事委員會告捷電__juan_01.txt	768	725	0	separate	0.13042168674698795	wenyan-like	664	0.022590361445783132	0.024096385542168676	17.97222222222222	0	0
中華民國	885153	呈國民政府辭總司令職	呈國民政府辭總司令職	呈國民政府辭總司令職	1	scrape_output\suspected_baihua\raw\中華民國\呈國民政府辭總司令職\呈國民政府辭總司令職__juan_01.txt	scrape_output\suspected_baihua\clean\中華民國\呈國民政府辭總司令職\呈國民政府辭總司令職__juan_01.txt	538	495	0	separate	-0.03686635944700461	baihua-like	434	0.03225806451612903	0.029953917050691243	13.612903225806452	0	0
中華民國	196288	告全國士紳及教育界同胞書	告全國士紳及教育界同胞書	告全國士紳及教育界同胞書	1	scrape_output\raw\中華民國\告全國士紳及教育界同胞書\告全國士紳及教育界同胞書__juan_01.txt	scrape_output\clean\中華民國\告全國士紳及教育界同胞書\告全國士紳及教育界同胞書__juan_01.txt	2982	2939	0	separate	0.34043220634367377	wenyan-like	2869	0.026490066225165563	0.05995120250958522	44.857142857142854	0	0
中華民國	196291	告全國榮譽軍人書	告全國榮譽軍人書	告全國榮譽軍人書	1	scrape_output\suspected_baihua\raw\中華民國\告全國榮譽軍人書\告全國榮譽軍人書__juan_01.txt	scrape_output\suspected_baihua\clean\中華民國\告全國榮譽軍人書\告全國榮譽軍人書__juan_01.txt	1669	1626	0	separate	-0.07315112540192925	baihua-like	1555	0.08810289389067524	0.020578778135048232	24.81967213114754	0	0
中華民國	1085580	商市街	商市街	商市街	1	scrape_output\raw\中華民國\商市街\商市街__juan_01.txt	scrape_output\clean\中華民國\商市街\商市街__juan_01.txt	2	2	0	separate	0.0	unknown	2	0.0	0.0	2.0	0	1
中華民國	192705	國府遷渝與抗戰前途	國府遷渝與抗戰前途	國府遷渝與抗戰前途	1	scrape_output\suspected_baihua\raw\中華民國\國府遷渝與抗戰前途\國府遷渝與抗戰前途__juan_01.txt	scrape_output\suspected_baihua\clean\中華民國\國府遷渝與抗戰前途\國府遷渝與抗戰前途__juan_01.txt	4187	4144	0	separate	-0.0043050430504305015	baihua-like	4065	0.11193111931119311	0.015744157441574414	37.1588785046729	0	0
中華民國	885154	國民革命軍總司令就職通電	國民革命軍總司令就職通電	國民革命軍總司令就職通電	1	scrape_output\raw\中華民國\國民革命軍總司令就職通電\國民革命軍總司令就職通電__juan_01.txt	scrape_output\clean\中華民國\國民革命軍總司令就職通電\國民革命軍總司令就職通電__juan_01.txt	880	837	0	separate	0.13064516129032258	wenyan-like	775	0.02193548387096774	0.023225806451612905	19.92105263157895	0	0
中華民國	1059271	太炎文錄初編	太炎文錄初編	太炎文錄初編	1	scrape_output\raw\中華民國\太炎文錄初編\太炎文錄初編__juan_01.txt	scrape_output\clean\中華民國\太炎文錄初編\太炎文錄初編__juan_01.txt	1536	1490	0	separate	0.2274977497749775	wenyan-like	1111	0.0153015301530153	0.011701170117011701	5.806282722513089	1	0
中華民國	872881	孝友鏡序	孝友鏡序	孝友鏡序	1	scrape_output\raw\中華民國\孝友鏡序\孝友鏡序__juan_01.txt	scrape_output\clean\中華民國\孝友鏡序\孝友鏡序__juan_01.txt	241	240	0	separate	0.3180672268907563	wenyan-like	238	0.0	0.08403361344537816	20.727272727272727	0	0
中華民國	1132469	孫中山先生之生活	孫中山先生之生活	孫中山先生之生活	1	scrape_output\suspected_baihua\raw\中華民國\孫中山先生之生活\孫中山先生之生活__juan_01.txt	scrape_output\suspected_baihua\clean\中華民國\孫中山先生之生活\孫中山先生之生活__juan_01.txt	12942	12890	0	separate	-0.2512990080302314	baihua-like	12702	0.10061407652338214	0.025271610769957487	13.571917808219178	0	0
中華民國	1132721	孫中山先生傳略	孫中山先生傳略	孫中山先生傳略	1	scrape_output\raw\中華民國\孫中山先生傳略\孫中山先生傳略__juan_01.txt	scrape_output\clean\中華民國\孫中山先生傳略\孫中山先生傳略__juan_01.txt	14153	14058	0	separate	0.07443953268077044	wenyan-like	12668	0.011446163561730343	0.054389011682980735	8.148148148148149	0	0
中華民國	134901	定“广州暴动”为固定的纪念日的决议	定“广州暴动”为固定的纪念日的决议	定“广州暴动”为固定的纪念日的决议	1	scrape_output\raw\中華民國\定“广州暴动”为固定的纪念日的决议\定“广州暴动”为固定的纪念日的决议__juan_01.txt	scrape_output\clean\中華民國\定“广州暴动”为固定的纪念日的决议\定“广州暴动”为固定的纪念日的决议__juan_01.txt	700	654	0	separate	0.11642512077294687	wenyan-like	621	0.06763285024154589	0.00966183574879227	36.0	0	0
中華民國	1111228	家諱考	家諱考	家諱考	1	scrape_output\raw\中華民國\家諱考\家諱考__juan_01.txt	scrape_output\clean\中華民國\家諱考\家諱考__juan_01.txt	166	120	0	separate	-0.18446601941747573	unknown	103	0.08737864077669903	0.038834951456310676	12.625	0	1
中華民國	871414	寧波小同行永久會碑記	寧波小同行永久會碑記	寧波小同行永久會碑記	1	scrape_output\raw\中華民國\寧波小同行永久會碑記\寧波小同行永久會碑記__juan_01.txt	scrape_output\clean\中華民國\寧波小同行永久會碑記\寧波小同行永久會碑記__juan_01.txt	1181	1136	0	separate	0.18952569169960473	wenyan-like	1012	0.015810276679841896	0.043478260869565216	23.108695652173914	0	0
中華民國	871411	寧波錢業會館碑記	寧波錢業會館碑記	寧波錢業會館碑記	1	scrape_output\raw\中華民國\寧波錢業會館碑記\寧波錢業會館碑記__juan_01.txt	scrape_output\clean\中華民國\寧波錢業會館碑記\寧波錢業會館碑記__juan_01.txt	1384	1339	0	separate	0.2719512195121951	wenyan-like	1312	0.01676829268292683	0.0861280487804878	20.35483870967742	0	0
中華民國	196292	對全國青年遠征軍退伍士兵廣播詞	對全國青年遠征軍退伍士兵廣播詞	對全國青年遠征軍退伍士兵廣播詞	1	scrape_output\suspected_baihua\raw\中華民國\對全國青年遠征軍退伍士兵廣播詞\對全國青年遠征軍退伍士兵廣播詞__juan_01.txt	scrape_output\suspected_baihua\clean\中華民國\對全國青年遠征軍退伍士兵廣播詞\對全國青年遠征軍退伍士兵廣播詞__juan_01.txt	2451	2408	0	separate	-0.03874412644169162	baihua-like	2341	0.12345151644596326	0.015805211448099103	38.983050847457626	0	0
中華民國	885163	對從軍學生訓話	對從軍學生訓話	對從軍學生訓話	1	scrape_output\suspected_baihua\raw\中華民國\對從軍學生訓話\對從軍學生訓話__juan_01.txt	scrape_output\suspected_baihua\clean\中華民國\對從軍學生訓話\對從軍學生訓話__juan_01.txt	5348	5305	0	separate	-0.037863705972434936	baihua-like	5224	0.12193721286370597	0.013973966309341501	44.6	0	0
中華民國	885158	對日軍發佈第一號命令正式受降	對日軍發佈第一號命令正式受降	對日軍發佈第一號命令正式受降	1	scrape_output\raw\中華民國\對日軍發佈第一號命令正式受降\對日軍發佈第一號命令正式受降__juan_01.txt	scrape_output\clean\中華民國\對日軍發佈第一號命令正式受降\對日軍發佈第一號命令正式受降__juan_01.txt	1596	1553	0	separate	0.2909470752089136	wenyan-like	1436	0.02576601671309192	0.034122562674094706	28.897959183673468	0	0
中華民國	200259	小說舊聞鈔	小說舊聞鈔	小說舊聞鈔	1	scrape_output\raw\中華民國\小說舊聞鈔\小說舊聞鈔__juan_01.txt	scrape_output\clean\中華民國\小說舊聞鈔\小說舊聞鈔__juan_01.txt	86	86	0	separate	-0.05	unknown	60	0.016666666666666666	0.0	4.769230769230769	0	1
中華民國	879766	小雙寂庵叢書	小雙寂庵叢書	小雙寂庵叢書	1	scrape_output\raw\中華民國\小雙寂庵叢書\小雙寂庵叢書__juan_01.txt	scrape_output\clean\中華民國\小雙寂庵叢書\小雙寂庵叢書__juan_01.txt	182	182	0	separate	0.0	unknown	135	0.0	0.0	3.7777777777777777	0	1
中華民國	1203631	巧於取財者戒	巧於取財者戒	巧於取財者戒	1	scrape_output\raw\中華民國\巧於取財者戒\巧於取財者戒__juan_01.txt	scrape_output\clean\中華民國\巧於取財者戒\巧於取財者戒__juan_01.txt	1131	1085	0	separate	0.4274976213130352	wenyan-like	1051	0.024738344433872503	0.10085632730732635	26.307692307692307	0	0
中華民國	1181003	己未在蘇州聞于風八之喪詩以哭之	己未在蘇州聞于風八之喪詩以哭之	己未在蘇州聞于風八之喪詩以哭之	1	scrape_output\raw\中華民國\己未在蘇州聞于風八之喪詩以哭之\己未在蘇州聞于風八之喪詩以哭之__juan_01.txt	scrape_output\clean\中華民國\己未在蘇州聞于風八之喪詩以哭之\己未在蘇州聞于風八之喪詩以哭之__juan_01.txt	26	26	0	separate	0.08333333333333333	unknown	24	0.0	0.041666666666666664	11.0	0	1
中華民國	1062373	常平站感吟一絕	常平站感吟一絕	常平站感吟一絕	1	scrape_output\raw\中華民國\常平站感吟一絕\常平站感吟一絕__juan_01.txt	scrape_output\clean\中華民國\常平站感吟一絕\常平站感吟一絕__juan_01.txt	256	194	0	separate	0.08820224719101123	unknown	178	0.03932584269662921	0.028089887640449437	17.3	0	1
中華民國	125693	弈人傳	弈人傳/卷01	弈人傳	1	scrape_output\raw\中華民國\弈人傳\弈人傳__juan_01.txt	scrape_output\clean\中華民國\弈人傳\弈人傳__juan_01.txt	5798	5781	0	separate	0.22742921796287816	wenyan-like	148484	0.012641092642978368	0.05767624794590663	21.37123595505618	0	0
中華民國	125693	弈人傳	弈人傳/卷02	弈人傳	2	scrape_output\raw\中華民國\弈人傳\弈人傳__juan_02.txt	scrape_output\clean\中華民國\弈人傳\弈人傳__juan_02.txt	3588	3569	0	separate	0.22742921796287816	wenyan-like	148484	0.012641092642978368	0.05767624794590663	21.37123595505618	0	0
中華民國	125693	弈人傳	弈人傳/卷03	弈人傳	3	scrape_output\raw\中華民國\弈人傳\弈人傳__juan_03.txt	scrape_output\clean\中華民國\弈人傳\弈人傳__juan_03.txt	6777	6736	0	separate	0.22742921796287816	wenyan-like	148484	0.012641092642978368	0.05767624794590663	21.37123595505618	0	0
中華民國	125693	弈人傳	弈人傳/卷04	弈人傳	4	scrape_output\raw\中華民國\弈人傳\弈人傳__juan_04.txt	scrape_output\clean\中華民國\弈人傳\弈人傳__juan_04.txt	3891	3876	0	separate	0.22742921796287816	wenyan-like	148484	0.012641092642978368	0.05767624794590663	21.37123595505618	0	0
中華民國	125693	弈人傳	弈人傳/卷05	弈人傳	5	scrape_output\raw\中華民國\弈人傳\弈人傳__juan_05.txt	scrape_output\clean\中華民國\弈人傳\弈人傳__juan_05.txt	4964	4963	0	separate	0.22742921796287816	wenyan-like	148484	0.012641092642978368	0.05767624794590663	21.37123595505618	0	0
中華民國	125693	弈人傳	弈人傳/卷06	弈人傳	6	scrape_output\raw\中華民國\弈人傳\弈人傳__juan_06.txt	scrape_output\clean\中華民國\弈人傳\弈人傳__juan_06.txt	2439	2432	0	separate	0.22742921796287816	wenyan-like	148484	0.012641092642978368	0.05767624794590663	21.37123595505618	0	0
中華民國	125693	弈人傳	弈人傳/卷07	弈人傳	7	scrape_output\raw\中華民國\弈人傳\弈人傳__juan_07.txt	scrape_output\clean\中華民國\弈人傳\弈人傳__juan_07.txt	10526	10496	0	separate	0.22742921796287816	wenyan-like	148484	0.012641092642978368	0.05767624794590663	21.37123595505618	0	0
中華民國	125693	弈人傳	弈人傳/卷08	弈人傳	8	scrape_output\raw\中華民國\弈人傳\弈人傳__juan_08.txt	scrape_output\clean\中華民國\弈人傳\弈人傳__juan_08.txt	8232	8220	0	separate	0.22742921796287816	wenyan-like	148484	0.012641092642978368	0.05767624794590663	21.37123595505618	0	0
中華民國	125693	弈人傳	弈人傳/卷09	弈人傳	9	scrape_output\raw\中華民國\弈人傳\弈人傳__juan_09.txt	scrape_output\clean\中華民國\弈人傳\弈人傳__juan_09.txt	8482	8477	0	separate	0.22742921796287816	wenyan-like	148484	0.012641092642978368	0.05767624794590663	21.37123595505618	0	0
中華民國	125693	弈人傳	弈人傳/卷10	弈人傳	10	scrape_output\raw\中華民國\弈人傳\弈人傳__juan_10.txt	scrape_output\clean\中華民國\弈人傳\弈人傳__juan_10.txt	2942	2936	0	separate	0.22742921796287816	wenyan-like	148484	0.012641092642978368	0.05767624794590663	21.37123595505618	0	0
中華民國	125693	弈人傳	弈人傳/卷11	弈人傳	11	scrape_output\raw\中華民國\弈人傳\弈人傳__juan_11.txt	scrape_output\clean\中華民國\弈人傳\弈人傳__juan_11.txt	5707	5702	0	separate	0.22742921796287816	wenyan-like	148484	0.012641092642978368	0.05767624794590663	21.37123595505618	0	0
中華民國	125693	弈人傳	弈人傳/卷12	弈人傳	12	scrape_output\raw\中華民國\弈人傳\弈人傳__juan_12.txt	scrape_output\clean\中華民國\弈人傳\弈人傳__juan_12.txt	7799	7796	0	separate	0.22742921796287816	wenyan-like	148484	0.012641092642978368	0.05767624794590663	21.37123595505618	0	0
中華民國	125693	弈人傳	弈人傳/卷13	弈人傳	13	scrape_output\raw\中華民國\弈人傳\弈人傳__juan_13.txt	scrape_output\clean\中華民國\弈人傳\弈人傳__juan_13.txt	7405	7403	0	separate	0.22742921796287816	wenyan-like	148484	0.012641092642978368	0.05767624794590663	21.37123595505618	0	0
中華民國	125693	弈人傳	弈人傳/卷14	弈人傳	14	scrape_output\raw\中華民國\弈人傳\弈人傳__juan_14.txt	scrape_output\clean\中華民國\弈人傳\弈人傳__juan_14.txt	10814	10803	0	separate	0.22742921796287816	wenyan-like	148484	0.012641092642978368	0.05767624794590663	21.37123595505618	0	0
中華民國	125693	弈人傳	弈人傳/卷15	弈人傳	15	scrape_output\raw\中華民國\弈人傳\弈人傳__juan_15.txt	scrape_output\clean\中華民國\弈人傳\弈人傳__juan_15.txt	11099	11091	0	separate	0.22742921796287816	wenyan-like	148484	0.012641092642978368	0.05767624794590663	21.37123595505618	0	0
中華民國	125693	弈人傳	弈人傳/卷16	弈人傳	16	scrape_output\raw\中華民國\弈人傳\弈人傳__juan_16.txt	scrape_output\clean\中華民國\弈人傳\弈人傳__juan_16.txt	16005	15261	0	separate	0.22742921796287816	wenyan-like	148484	0.012641092642978368	0.05767624794590663	21.37123595505618	0	0
中華民國	125693	弈人傳	弈人傳/卷17	弈人傳	17	scrape_output\raw\中華民國\弈人傳\弈人傳__juan_17.txt	scrape_output\clean\中華民國\弈人傳\弈人傳__juan_17.txt	9411	9409	0	separate	0.22742921796287816	wenyan-like	148484	0.012641092642978368	0.05767624794590663	21.37123595505618	0	0
中華民國	125693	弈人傳	弈人傳/卷18	弈人傳	18	scrape_output\raw\中華民國\弈人傳\弈人傳__juan_18.txt	scrape_output\clean\中華民國\弈人傳\弈人傳__juan_18.txt	13158	13144	0	separate	0.22742921796287816	wenyan-like	148484	0.012641092642978368	0.05767624794590663	21.37123595505618	0	0
中華民國	125693	弈人傳	弈人傳/卷19	弈人傳	19	scrape_output\raw\中華民國\弈人傳\弈人傳__juan_19.txt	scrape_output\clean\中華民國\弈人傳\弈人傳__juan_19.txt	8724	8693	0	separate	0.22742921796287816	wenyan-like	148484	0.012641092642978368	0.05767624794590663	21.37123595505618	0	0
中華民國	125693	弈人傳	弈人傳/卷20	弈人傳	20	scrape_output\raw\中華民國\弈人傳\弈人傳__juan_20.txt	scrape_output\clean\中華民國\弈人傳\弈人傳__juan_20.txt	4383	4378	0	separate	0.22742921796287816	wenyan-like	148484	0.012641092642978368	0.05767624794590663	21.37123595505618	0	0
中華民國	885148	復總司令職時上國民政府電	復總司令職時上國民政府電	復總司令職時上國民政府電	1	scrape_output\suspected_baihua\raw\中華民國\復總司令職時上國民政府電\復總司令職時上國民政府電__juan_01.txt	scrape_output\suspected_baihua\clean\中華民國\復總司令職時上國民政府電\復總司令職時上國民政府電__juan_01.txt	551	508	0	separate	-0.03131991051454139	baihua-like	447	0.03131991051454139	0.03131991051454139	14.03225806451613	0	0
中華民國	877564	感遇 (袁克文)	感遇 (袁克文)	感遇 (袁克文)	1	scrape_output\raw\中華民國\感遇 (袁克文)\感遇 (袁克文)__juan_01.txt	scrape_output\clean\中華民國\感遇 (袁克文)\感遇 (袁克文)__juan_01.txt	162	70	0	separate	0.103125	unknown	64	0.015625	0.0	15.25	0	1
中華民國	1205623	憶王孫 (鄧嘉縝)	憶王孫 (鄧嘉縝)	憶王孫 (鄧嘉縝)	1	scrape_output\raw\中華民國\憶王孫 (鄧嘉縝)\憶王孫 (鄧嘉縝)__juan_01.txt	scrape_output\clean\中華民國\憶王孫 (鄧嘉縝)\憶王孫 (鄧嘉縝)__juan_01.txt	139	47	0	separate	0.0	unknown	44	0.0	0.0	5.571428571428571	0	1
中華民國	1205622	憶秦娥 (鄧嘉縝)	憶秦娥 (鄧嘉縝)	憶秦娥 (鄧嘉縝)	1	scrape_output\raw\中華民國\憶秦娥 (鄧嘉縝)\憶秦娥 (鄧嘉縝)__juan_01.txt	scrape_output\clean\中華民國\憶秦娥 (鄧嘉縝)\憶秦娥 (鄧嘉縝)__juan_01.txt	161	69	0	separate	-0.015625	unknown	64	0.015625	0.015625	5.6	0	1
中華民國	192707	戰時外交原則和青年的責任	戰時外交原則和青年的責任	戰時外交原則和青年的責任	1	scrape_output\suspected_baihua\raw\中華民國\戰時外交原則和青年的責任\戰時外交原則和青年的責任__juan_01.txt	scrape_output\suspected_baihua\clean\中華民國\戰時外交原則和青年的責任\戰時外交原則和青年的責任__juan_01.txt	4750	4707	0	separate	-0.011461256205482384	baihua-like	4633	0.11245413339089143	0.012950571983595942	58.65384615384615	0	0
中華民國	1085684	手	手	手	1	scrape_output\suspected_baihua\raw\中華民國\手\手__juan_01.txt	scrape_output\suspected_baihua\clean\中華民國\手\手__juan_01.txt	9417	9150	0	separate	-0.14129620963968184	baihua-like	8548	0.10481984089845578	0.01158165652784277	24.744744744744743	0	0
中華民國	151291	抗戰建國十週年紀念告全國軍民同胞書	抗戰建國十週年紀念告全國軍民同胞書	抗戰建國十週年紀念告全國軍民同胞書	1	scrape_output\raw\中華民國\抗戰建國十週年紀念告全國軍民同胞書\抗戰建國十週年紀念告全國軍民同胞書__juan_01.txt	scrape_output\clean\中華民國\抗戰建國十週年紀念告全國軍民同胞書\抗戰建國十週年紀念告全國軍民同胞書__juan_01.txt	7319	7246	0	separate	0.048949873984878156	wenyan-like	7142	0.09451134136096331	0.016241949033884068	54.52713178294574	0	0
中華民國	1114128	景景醫話	景景醫話	景景醫話	1	scrape_output\raw\中華民國\景景醫話\景景醫話__juan_01.txt	scrape_output\clean\中華民國\景景醫話\景景醫話__juan_01.txt	25604	25196	0	separate	0.4097993391892981	wenyan-like	24818	0.007373680393262954	0.06596019018454348	31.86034255599473	0	0
中華民國	192703	最近軍事與外交	最近軍事與外交	最近軍事與外交	1	scrape_output\raw\中華民國\最近軍事與外交\最近軍事與外交__juan_01.txt	scrape_output\clean\中華民國\最近軍事與外交\最近軍事與外交__juan_01.txt	6255	6208	0	separate	0.038177057764686606	wenyan-like	6111	0.09883816069383079	0.01734576992308951	41.576388888888886	0	0
中華民國	142876	東莞縣志	東莞縣志/卷一	東莞縣志	1	scrape_output\raw\中華民國\東莞縣志\東莞縣志__juan_01.txt	scrape_output\clean\中華民國\東莞縣志\東莞縣志__juan_01.txt	0	0	1	separate	0.05169255276782159	wenyan-like	12555	0.007566706491437674	0.037196336121067305	13.653889515219841	0	0
中華民國	142876	東莞縣志	東莞縣志/卷一百	東莞縣志	2	scrape_output\raw\中華民國\東莞縣志\東莞縣志__juan_02.txt	scrape_output\clean\中華民國\東莞縣志\東莞縣志__juan_02.txt	0	0	1	separate	0.05169255276782159	wenyan-like	12555	0.007566706491437674	0.037196336121067305	13.653889515219841	0	0
中華民國	142876	東莞縣志	東莞縣志/卷一百一	東莞縣志	3	scrape_output\raw\中華民國\東莞縣志\東莞縣志__juan_03.txt	scrape_output\clean\中華民國\東莞縣志\東莞縣志__juan_03.txt	0	0	1	separate	0.05169255276782159	wenyan-like	12555	0.007566706491437674	0.037196336121067305	13.653889515219841	0	0
中華民國	142876	東莞縣志	東莞縣志/卷一百二	東莞縣志	4	scrape_output\raw\中華民國\東莞縣志\東莞縣志__juan_04.txt	scrape_output\clean\中華民國\東莞縣志\東莞縣志__juan_04.txt	0	0	1	separate	0.05169255276782159	wenyan-like	12555	0.007566706491437674	0.037196336121067305	13.653889515219841	0	0
中華民國	142876	東莞縣志	東莞縣志/卷二	東莞縣志	5	scrape_output\raw\中華民國\東莞縣志\東莞縣志__juan_05.txt	scrape_output\clean\中華民國\東莞縣志\東莞縣志__juan_05.txt	0	0	1	separate	0.05169255276782159	wenyan-like	12555	0.007566706491437674	0.037196336121067305	13.653889515219841	0	0
中華民國	142876	東莞縣志	東莞縣志/卷三	東莞縣志	6	scrape_output\raw\中華民國\東莞縣志\東莞縣志__juan_06.txt	scrape_output\clean\中華民國\東莞縣志\東莞縣志__juan_06.txt	1185	1185	0	separate	0.05169255276782159	wenyan-like	12555	0.007566706491437674	0.037196336121067305	13.653889515219841	0	0
中華民國	142876	東莞縣志	東莞縣志/卷四	東莞縣志	7	scrape_output\raw\中華民國\東莞縣志\東莞縣志__juan_07.txt	scrape_output\clean\中華民國\東莞縣志\東莞縣志__juan_07.txt	0	0	1	separate	0.05169255276782159	wenyan-like	12555	0.007566706491437674	0.037196336121067305	13.653889515219841	0	0
中華民國	142876	東莞縣志	東莞縣志/卷五	東莞縣志	8	scrape_output\raw\中華民國\東莞縣志\東莞縣志__juan_08.txt	scrape_output\clean\中華民國\東莞縣志\東莞縣志__juan_08.txt	0	0	1	separate	0.05169255276782159	wenyan-like	12555	0.007566706491437674	0.037196336121067305	13.653889515219841	0	0
中華民國	142876	東莞縣志	東莞縣志/卷六	東莞縣志	9	scrape_output\raw\中華民國\東莞縣志\東莞縣志__juan_09.txt	scrape_output\clean\中華民國\東莞縣志\東莞縣志__juan_09.txt	0	0	1	separate	0.05169255276782159	wenyan-like	12555	0.007566706491437674	0.037196336121067305	13.653889515219841	0	0
中華民國	142876	東莞縣志	東莞縣志/卷七	東莞縣志	10	scrape_output\raw\中華民國\東莞縣志\東莞縣志__juan_10.txt	scrape_output\clean\中華民國\東莞縣志\東莞縣志__juan_10.txt	0	0	1	separate	0.05169255276782159	wenyan-like	12555	0.007566706491437674	0.037196336121067305	13.653889515219841	0	0
中華民國	142876	東莞縣志	東莞縣志/卷八	東莞縣志	11	scrape_output\raw\中華民國\東莞縣志\東莞縣志__juan_11.txt	scrape_output\clean\中華民國\東莞縣志\東莞縣志__juan_11.txt	0	0	1	separate	0.05169255276782159	wenyan-like	12555	0.007566706491437674	0.037196336121067305	13.653889515219841	0	0
中華民國	142876	東莞縣志	東莞縣志/卷九	東莞縣志	12	scrape_output\raw\中華民國\東莞縣志\東莞縣志__juan_12.txt	scrape_output\clean\中華民國\東莞縣志\東莞縣志__juan_12.txt	3962	3962	0	separate	0.05169255276782159	wenyan-like	12555	0.007566706491437674	0.037196336121067305	13.653889515219841	0	0
中華民國	142876	東莞縣志	東莞縣志/卷十	東莞縣志	13	scrape_output\raw\中華民國\東莞縣志\東莞縣志__juan_13.txt	scrape_output\clean\中華民國\東莞縣志\東莞縣志__juan_13.txt	0	0	1	separate	0.05169255276782159	wenyan-like	12555	0.007566706491437674	0.037196336121067305	13.653889515219841	0	0
中華民國	142876	東莞縣志	東莞縣志/卷十一	東莞縣志	14	scrape_output\raw\中華民國\東莞縣志\東莞縣志__juan_14.txt	scrape_output\clean\中華民國\東莞縣志\東莞縣志__juan_14.txt	0	0	1	separate	0.05169255276782159	wenyan-like	12555	0.007566706491437674	0.037196336121067305	13.653889515219841	0	0
中華民國	142876	東莞縣志	東莞縣志/卷十二	東莞縣志	15	scrape_output\raw\中華民國\東莞縣志\東莞縣志__juan_15.txt	scrape_output\clean\中華民國\東莞縣志\東莞縣志__juan_15.txt	0	0	1	separate	0.05169255276782159	wenyan-like	12555	0.007566706491437674	0.037196336121067305	13.653889515219841	0	0
中華民國	142876	東莞縣志	東莞縣志/卷十三	東莞縣志	16	scrape_output\raw\中華民國\東莞縣志\東莞縣志__juan_16.txt	scrape_output\clean\中華民國\東莞縣志\東莞縣志__juan_16.txt	0	0	1	separate	0.05169255276782159	wenyan-like	12555	0.007566706491437674	0.037196336121067305	13.653889515219841	0	0
中華民國	142876	東莞縣志	東莞縣志/卷十四	東莞縣志	17	scrape_output\raw\中華民國\東莞縣志\東莞縣志__juan_17.txt	scrape_output\clean\中華民國\東莞縣志\東莞縣志__juan_17.txt	0	0	1	separate	0.05169255276782159	wenyan-like	12555	0.007566706491437674	0.037196336121067305	13.653889515219841	0	0
中華民國	142876	東莞縣志	東莞縣志/卷十五	東莞縣志	18	scrape_output\raw\中華民國\東莞縣志\東莞縣志__juan_18.txt	scrape_output\clean\中華民國\東莞縣志\東莞縣志__juan_18.txt	0	0	1	separate	0.05169255276782159	wenyan-like	12555	0.007566706491437674	0.037196336121067305	13.653889515219841	0	0
中華民國	142876	東莞縣志	東莞縣志/卷十六	東莞縣志	19	scrape_output\raw\中華民國\東莞縣志\東莞縣志__juan_19.txt	scrape_output\clean\中華民國\東莞縣志\東莞縣志__juan_19.txt	0	0	1	separate	0.05169255276782159	wenyan-like	12555	0.007566706491437674	0.037196336121067305	13.653889515219841	0	0
中華民國	142876	東莞縣志	東莞縣志/卷十七	東莞縣志	20	scrape_output\raw\中華民國\東莞縣志\東莞縣志__juan_20.txt	scrape_output\clean\中華民國\東莞縣志\東莞縣志__juan_20.txt	0	0	1	separate	0.05169255276782159	wenyan-like	12555	0.007566706491437674	0.037196336121067305	13.653889515219841	0	0
中華民國	142876	東莞縣志	東莞縣志/卷十八	東莞縣志	21	scrape_output\raw\中華民國\東莞縣志\東莞縣志__juan_21.txt	scrape_output\clean\中華民國\東莞縣志\東莞縣志__juan_21.txt	0	0	1	separate	0.05169255276782159	wenyan-like	12555	0.007566706491437674	0.037196336121067305	13.653889515219841	0	0
中華民國	142876	東莞縣志	東莞縣志/卷十九	東莞縣志	22	scrape_output\raw\中華民國\東莞縣志\東莞縣志__juan_22.txt	scrape_output\clean\中華民國\東莞縣志\東莞縣志__juan_22.txt	0	0	1	separate	0.05169255276782159	wenyan-like	12555	0.007566706491437674	0.037196336121067305	13.653889515219841	0	0
中華民國	142876	東莞縣志	東莞縣志/卷二十	東莞縣志	23	scrape_output\raw\中華民國\東莞縣志\東莞縣志__juan_23.txt	scrape_output\clean\中華民國\東莞縣志\東莞縣志__juan_23.txt	0	0	1	separate	0.05169255276782159	wenyan-like	12555	0.007566706491437674	0.037196336121067305	13.653889515219841	0	0
中華民國	142876	東莞縣志	東莞縣志/卷二十一	東莞縣志	24	scrape_output\raw\中華民國\東莞縣志\東莞縣志__juan_24.txt	scrape_output\clean\中華民國\東莞縣志\東莞縣志__juan_24.txt	0	0	1	separate	0.05169255276782159	wenyan-like	12555	0.007566706491437674	0.037196336121067305	13.653889515219841	0	0
中華民國	142876	東莞縣志	東莞縣志/卷二十二	東莞縣志	25	scrape_output\raw\中華民國\東莞縣志\東莞縣志__juan_25.txt	scrape_output\clean\中華民國\東莞縣志\東莞縣志__juan_25.txt	0	0	1	separate	0.05169255276782159	wenyan-like	12555	0.007566706491437674	0.037196336121067305	13.653889515219841	0	0
中華民國	142876	東莞縣志	東莞縣志/卷二十三	東莞縣志	26	scrape_output\raw\中華民國\東莞縣志\東莞縣志__juan_26.txt	scrape_output\clean\中華民國\東莞縣志\東莞縣志__juan_26.txt	0	0	1	separate	0.05169255276782159	wenyan-like	12555	0.007566706491437674	0.037196336121067305	13.653889515219841	0	0
中華民國	142876	東莞縣志	東莞縣志/卷二十四	東莞縣志	27	scrape_output\raw\中華民國\東莞縣志\東莞縣志__juan_27.txt	scrape_output\clean\中華民國\東莞縣志\東莞縣志__juan_27.txt	0	0	1	separate	0.05169255276782159	wenyan-like	12555	0.007566706491437674	0.037196336121067305	13.653889515219841	0	0
中華民國	142876	東莞縣志	東莞縣志/卷二十五	東莞縣志	28	scrape_output\raw\中華民國\東莞縣志\東莞縣志__juan_28.txt	scrape_output\clean\中華民國\東莞縣志\東莞縣志__juan_28.txt	0	0	1	separate	0.05169255276782159	wenyan-like	12555	0.007566706491437674	0.037196336121067305	13.653889515219841	0	0
中華民國	142876	東莞縣志	東莞縣志/卷二十六	東莞縣志	29	scrape_output\raw\中華民國\東莞縣志\東莞縣志__juan_29.txt	scrape_output\clean\中華民國\東莞縣志\東莞縣志__juan_29.txt	0	0	1	separate	0.05169255276782159	wenyan-like	12555	0.007566706491437674	0.037196336121067305	13.653889515219841	0	0
中華民國	142876	東莞縣志	東莞縣志/卷二十七	東莞縣志	30	scrape_output\raw\中華民國\東莞縣志\東莞縣志__juan_30.txt	scrape_output\clean\中華民國\東莞縣志\東莞縣志__juan_30.txt	0	0	1	separate	0.05169255276782159	wenyan-like	12555	0.007566706491437674	0.037196336121067305	13.653889515219841	0	0
中華民國	142876	東莞縣志	東莞縣志/卷二十八	東莞縣志	31	scrape_output\raw\中華民國\東莞縣志\東莞縣志__juan_31.txt	scrape_output\clean\中華民國\東莞縣志\東莞縣志__juan_31.txt	0	0	1	separate	0.05169255276782159	wenyan-like	12555	0.007566706491437674	0.037196336121067305	13.653889515219841	0	0
中華民國	142876	東莞縣志	東莞縣志/卷二十九	東莞縣志	32	scrape_output\raw\中華民國\東莞縣志\東莞縣志__juan_32.txt	scrape_output\clean\中華民國\東莞縣志\東莞縣志__juan_32.txt	0	0	1	separate	0.05169255276782159	wenyan-like	12555	0.007566706491437674	0.037196336121067305	13.653889515219841	0	0
中華民國	142876	東莞縣志	東莞縣志/卷三十	東莞縣志	33	scrape_output\raw\中華民國\東莞縣志\東莞縣志__juan_33.txt	scrape_output\clean\中華民國\東莞縣志\東莞縣志__juan_33.txt	0	0	1	separate	0.05169255276782159	wenyan-like	12555	0.007566706491437674	0.037196336121067305	13.653889515219841	0	0
中華民國	142876	東莞縣志	東莞縣志/卷三十一	東莞縣志	34	scrape_output\raw\中華民國\東莞縣志\東莞縣志__juan_34.txt	scrape_output\clean\中華民國\東莞縣志\東莞縣志__juan_34.txt	0	0	1	separate	0.05169255276782159	wenyan-like	12555	0.007566706491437674	0.037196336121067305	13.653889515219841	0	0
中華民國	142876	東莞縣志	東莞縣志/卷三十二	東莞縣志	35	scrape_output\raw\中華民國\東莞縣志\東莞縣志__juan_35.txt	scrape_output\clean\中華民國\東莞縣志\東莞縣志__juan_35.txt	0	0	1	separate	0.05169255276782159	wenyan-like	12555	0.007566706491437674	0.037196336121067305	13.653889515219841	0	0
中華民國	142876	東莞縣志	東莞縣志/卷三十三	東莞縣志	36	scrape_output\raw\中華民國\東莞縣志\東莞縣志__juan_36.txt	scrape_output\clean\中華民國\東莞縣志\東莞縣志__juan_36.txt	0	0	1	separate	0.05169255276782159	wenyan-like	12555	0.007566706491437674	0.037196336121067305	13.653889515219841	0	0
中華民國	142876	東莞縣志	東莞縣志/卷三十四	東莞縣志	37	scrape_output\raw\中華民國\東莞縣志\東莞縣志__juan_37.txt	scrape_output\clean\中華民國\東莞縣志\東莞縣志__juan_37.txt	0	0	1	separate	0.05169255276782159	wenyan-like	12555	0.007566706491437674	0.037196336121067305	13.653889515219841	0	0
中華民國	142876	東莞縣志	東莞縣志/卷三十五	東莞縣志	38	scrape_output\raw\中華民國\東莞縣志\東莞縣志__juan_38.txt	scrape_output\clean\中華民國\東莞縣志\東莞縣志__juan_38.txt	0	0	1	separate	0.05169255276782159	wenyan-like	12555	0.007566706491437674	0.037196336121067305	13.653889515219841	0	0
中華民國	142876	東莞縣志	東莞縣志/卷三十六	東莞縣志	39	scrape_output\raw\中華民國\東莞縣志\東莞縣志__juan_39.txt	scrape_output\clean\中華民國\東莞縣志\東莞縣志__juan_39.txt	0	0	1	separate	0.05169255276782159	wenyan-like	12555	0.007566706491437674	0.037196336121067305	13.653889515219841	0	0
中華民國	142876	東莞縣志	東莞縣志/卷三十七	東莞縣志	40	scrape_output\raw\中華民國\東莞縣志\東莞縣志__juan_40.txt	scrape_output\clean\中華民國\東莞縣志\東莞縣志__juan_40.txt	417	416	0	separate	0.05169255276782159	wenyan-like	12555	0.007566706491437674	0.037196336121067305	13.653889515219841	0	0
中華民國	142876	東莞縣志	東莞縣志/卷三十八	東莞縣志	41	scrape_output\raw\中華民國\東莞縣志\東莞縣志__juan_41.txt	scrape_output\clean\中華民國\東莞縣志\東莞縣志__juan_41.txt	612	608	0	separate	0.05169255276782159	wenyan-like	12555	0.007566706491437674	0.037196336121067305	13.653889515219841	0	0
中華民國	142876	東莞縣志	東莞縣志/卷三十九	東莞縣志	42	scrape_output\raw\中華民國\東莞縣志\東莞縣志__juan_42.txt	scrape_output\clean\中華民國\東莞縣志\東莞縣志__juan_42.txt	1096	1092	0	separate	0.05169255276782159	wenyan-like	12555	0.007566706491437674	0.037196336121067305	13.653889515219841	0	0
中華民國	142876	東莞縣志	東莞縣志/卷四十	東莞縣志	43	scrape_output\raw\中華民國\東莞縣志\東莞縣志__juan_43.txt	scrape_output\clean\中華民國\東莞縣志\東莞縣志__juan_43.txt	0	0	1	separate	0.05169255276782159	wenyan-like	12555	0.007566706491437674	0.037196336121067305	13.653889515219841	0	0
中華民國	142876	東莞縣志	東莞縣志/卷四十一	東莞縣志	44	scrape_output\raw\中華民國\東莞縣志\東莞縣志__juan_44.txt	scrape_output\clean\中華民國\東莞縣志\東莞縣志__juan_44.txt	0	0	1	separate	0.05169255276782159	wenyan-like	12555	0.007566706491437674	0.037196336121067305	13.653889515219841	0	0
中華民國	142876	東莞縣志	東莞縣志/卷四十二	東莞縣志	45	scrape_output\raw\中華民國\東莞縣志\東莞縣志__juan_45.txt	scrape_output\clean\中華民國\東莞縣志\東莞縣志__juan_45.txt	0	0	1	separate	0.05169255276782159	wenyan-like	12555	0.007566706491437674	0.037196336121067305	13.653889515219841	0	0
中華民國	142876	東莞縣志	東莞縣志/卷四十三	東莞縣志	46	scrape_output\raw\中華民國\東莞縣志\東莞縣志__juan_46.txt	scrape_output\clean\中華民國\東莞縣志\東莞縣志__juan_46.txt	0	0	1	separate	0.05169255276782159	wenyan-like	12555	0.007566706491437674	0.037196336121067305	13.653889515219841	0	0
中華民國	142876	東莞縣志	東莞縣志/卷四十四	東莞縣志	47	scrape_output\raw\中華民國\東莞縣志\東莞縣志__juan_47.txt	scrape_output\clean\中華民國\東莞縣志\東莞縣志__juan_47.txt	0	0	1	separate	0.05169255276782159	wenyan-like	12555	0.007566706491437674	0.037196336121067305	13.653889515219841	0	0
中華民國	142876	東莞縣志	東莞縣志/卷四十五	東莞縣志	48	scrape_output\raw\中華民國\東莞縣志\東莞縣志__juan_48.txt	scrape_output\clean\中華民國\東莞縣志\東莞縣志__juan_48.txt	0	0	1	separate	0.05169255276782159	wenyan-like	12555	0.007566706491437674	0.037196336121067305	13.653889515219841	0	0
中華民國	142876	東莞縣志	東莞縣志/卷四十六	東莞縣志	49	scrape_output\raw\中華民國\東莞縣志\東莞縣志__juan_49.txt	scrape_output\clean\中華民國\東莞縣志\東莞縣志__juan_49.txt	0	0	1	separate	0.05169255276782159	wenyan-like	12555	0.007566706491437674	0.037196336121067305	13.653889515219841	0	0
中華民國	142876	東莞縣志	東莞縣志/卷四十七	東莞縣志	50	scrape_output\raw\中華民國\東莞縣志\東莞縣志__juan_50.txt	scrape_output\clean\中華民國\東莞縣志\東莞縣志__juan_50.txt	0	0	1	separate	0.05169255276782159	wenyan-like	12555	0.007566706491437674	0.037196336121067305	13.653889515219841	0	0
中華民國	142876	東莞縣志	東莞縣志/卷四十八	東莞縣志	51	scrape_output\raw\中華民國\東莞縣志\東莞縣志__juan_51.txt	scrape_output\clean\中華民國\東莞縣志\東莞縣志__juan_51.txt	0	0	1	separate	0.05169255276782159	wenyan-like	12555	0.007566706491437674	0.037196336121067305	13.653889515219841	0	0
中華民國	142876	東莞縣志	東莞縣志/卷四十九	東莞縣志	52	scrape_output\raw\中華民國\東莞縣志\東莞縣志__juan_52.txt	scrape_output\clean\中華民國\東莞縣志\東莞縣志__juan_52.txt	255	255	0	separate	0.05169255276782159	wenyan-like	12555	0.007566706491437674	0.037196336121067305	13.653889515219841	0	0
中華民國	142876	東莞縣志	東莞縣志/卷五十	東莞縣志	53	scrape_output\raw\中華民國\東莞縣志\東莞縣志__juan_53.txt	scrape_output\clean\中華民國\東莞縣志\東莞縣志__juan_53.txt	0	0	1	separate	0.05169255276782159	wenyan-like	12555	0.007566706491437674	0.037196336121067305	13.653889515219841	0	0
中華民國	142876	東莞縣志	東莞縣志/卷五十一	東莞縣志	54	scrape_output\raw\中華民國\東莞縣志\東莞縣志__juan_54.txt	scrape_output\clean\中華民國\東莞縣志\東莞縣志__juan_54.txt	0	0	1	separate	0.05169255276782159	wenyan-like	12555	0.007566706491437674	0.037196336121067305	13.653889515219841	0	0
中華民國	142876	東莞縣志	東莞縣志/卷五十二	東莞縣志	55	scrape_output\raw\中華民國\東莞縣志\東莞縣志__juan_55.txt	scrape_output\clean\中華民國\東莞縣志\東莞縣志__juan_55.txt	0	0	1	separate	0.05169255276782159	wenyan-like	12555	0.007566706491437674	0.037196336121067305	13.653889515219841	0	0
中華民國	142876	東莞縣志	東莞縣志/卷五十三	東莞縣志	56	scrape_output\raw\中華民國\東莞縣志\東莞縣志__juan_56.txt	scrape_output\clean\中華民國\東莞縣志\東莞縣志__juan_56.txt	128	128	0	separate	0.05169255276782159	wenyan-like	12555	0.007566706491437674	0.037196336121067305	13.653889515219841	0	0
中華民國	142876	東莞縣志	東莞縣志/卷五十四	東莞縣志	57	scrape_output\raw\中華民國\東莞縣志\東莞縣志__juan_57.txt	scrape_output\clean\中華民國\東莞縣志\東莞縣志__juan_57.txt	589	587	0	separate	0.05169255276782159	wenyan-like	12555	0.007566706491437674	0.037196336121067305	13.653889515219841	0	0
中華民國	142876	東莞縣志	東莞縣志/卷五十五	東莞縣志	58	scrape_output\raw\中華民國\東莞縣志\東莞縣志__juan_58.txt	scrape_output\clean\中華民國\東莞縣志\東莞縣志__juan_58.txt	1751	1723	0	separate	0.05169255276782159	wenyan-like	12555	0.007566706491437674	0.037196336121067305	13.653889515219841	0	0
中華民國	142876	東莞縣志	東莞縣志/卷五十六	東莞縣志	59	scrape_output\raw\中華民國\東莞縣志\東莞縣志__juan_59.txt	scrape_output\clean\中華民國\東莞縣志\東莞縣志__juan_59.txt	505	502	0	separate	0.05169255276782159	wenyan-like	12555	0.007566706491437674	0.037196336121067305	13.653889515219841	0	0
中華民國	142876	東莞縣志	東莞縣志/卷五十七	東莞縣志	60	scrape_output\raw\中華民國\東莞縣志\東莞縣志__juan_60.txt	scrape_output\clean\中華民國\東莞縣志\東莞縣志__juan_60.txt	388	365	0	separate	0.05169255276782159	wenyan-like	12555	0.007566706491437674	0.037196336121067305	13.653889515219841	0	0
中華民國	142876	東莞縣志	東莞縣志/卷五十八	東莞縣志	61	scrape_output\raw\中華民國\東莞縣志\東莞縣志__juan_61.txt	scrape_output\clean\中華民國\東莞縣志\東莞縣志__juan_61.txt	564	557	0	separate	0.05169255276782159	wenyan-like	12555	0.007566706491437674	0.037196336121067305	13.653889515219841	0	0
中華民國	142876	東莞縣志	東莞縣志/卷五十九	東莞縣志	62	scrape_output\raw\中華民國\東莞縣志\東莞縣志__juan_62.txt	scrape_output\clean\中華民國\東莞縣志\東莞縣志__juan_62.txt	747	739	0	separate	0.05169255276782159	wenyan-like	12555	0.007566706491437674	0.037196336121067305	13.653889515219841	0	0
中華民國	142876	東莞縣志	東莞縣志/卷六十	東莞縣志	63	scrape_output\raw\中華民國\東莞縣志\東莞縣志__juan_63.txt	scrape_output\clean\中華民國\東莞縣志\東莞縣志__juan_63.txt	0	0	1	separate	0.05169255276782159	wenyan-like	12555	0.007566706491437674	0.037196336121067305	13.653889515219841	0	0
中華民國	142876	東莞縣志	東莞縣志/卷六十一	東莞縣志	64	scrape_output\raw\中華民國\東莞縣志\東莞縣志__juan_64.txt	scrape_output\clean\中華民國\東莞縣志\東莞縣志__juan_64.txt	0	0	1	separate	0.05169255276782159	wenyan-like	12555	0.007566706491437674	0.037196336121067305	13.653889515219841	0	0
中華民國	142876	東莞縣志	東莞縣志/卷六十二	東莞縣志	65	scrape_output\raw\中華民國\東莞縣志\東莞縣志__juan_65.txt	scrape_output\clean\中華民國\東莞縣志\東莞縣志__juan_65.txt	0	0	1	separate	0.05169255276782159	wenyan-like	12555	0.007566706491437674	0.037196336121067305	13.653889515219841	0	0
中華民國	142876	東莞縣志	東莞縣志/卷六十三	東莞縣志	66	scrape_output\raw\中華民國\東莞縣志\東莞縣志__juan_66.txt	scrape_output\clean\中華民國\東莞縣志\東莞縣志__juan_66.txt	0	0	1	separate	0.05169255276782159	wenyan-like	12555	0.007566706491437674	0.037196336121067305	13.653889515219841	0	0
中華民國	142876	東莞縣志	東莞縣志/卷六十四	東莞縣志	67	scrape_output\raw\中華民國\東莞縣志\東莞縣志__juan_67.txt	scrape_output\clean\中華民國\東莞縣志\東莞縣志__juan_67.txt	0	0	1	separate	0.05169255276782159	wenyan-like	12555	0.007566706491437674	0.037196336121067305	13.653889515219841	0	0
中華民國	142876	東莞縣志	東莞縣志/卷六十五	東莞縣志	68	scrape_output\raw\中華民國\東莞縣志\東莞縣志__juan_68.txt	scrape_output\clean\中華民國\東莞縣志\東莞縣志__juan_68.txt	0	0	1	separate	0.05169255276782159	wenyan-like	12555	0.007566706491437674	0.037196336121067305	13.653889515219841	0	0
中華民國	142876	東莞縣志	東莞縣志/卷六十六	東莞縣志	69	scrape_output\raw\中華民國\東莞縣志\東莞縣志__juan_69.txt	scrape_output\clean\中華民國\東莞縣志\東莞縣志__juan_69.txt	0	0	1	separate	0.05169255276782159	wenyan-like	12555	0.007566706491437674	0.037196336121067305	13.653889515219841	0	0
中華民國	142876	東莞縣志	東莞縣志/卷六十七	東莞縣志	70	scrape_output\raw\中華民國\東莞縣志\東莞縣志__juan_70.txt	scrape_output\clean\中華民國\東莞縣志\東莞縣志__juan_70.txt	0	0	1	separate	0.05169255276782159	wenyan-like	12555	0.007566706491437674	0.037196336121067305	13.653889515219841	0	0
中華民國	142876	東莞縣志	東莞縣志/卷六十八	東莞縣志	71	scrape_output\raw\中華民國\東莞縣志\東莞縣志__juan_71.txt	scrape_output\clean\中華民國\東莞縣志\東莞縣志__juan_71.txt	0	0	1	separate	0.05169255276782159	wenyan-like	12555	0.007566706491437674	0.037196336121067305	13.653889515219841	0	0
中華民國	142876	東莞縣志	東莞縣志/卷六十九	東莞縣志	72	scrape_output\raw\中華民國\東莞縣志\東莞縣志__juan_72.txt	scrape_output\clean\中華民國\東莞縣志\東莞縣志__juan_72.txt	0	0	1	separate	0.05169255276782159	wenyan-like	12555	0.007566706491437674	0.037196336121067305	13.653889515219841	0	0
中華民國	142876	東莞縣志	東莞縣志/卷七十	東莞縣志	73	scrape_output\raw\中華民國\東莞縣志\東莞縣志__juan_73.txt	scrape_output\clean\中華民國\東莞縣志\東莞縣志__juan_73.txt	0	0	1	separate	0.05169255276782159	wenyan-like	12555	0.007566706491437674	0.037196336121067305	13.653889515219841	0	0
中華民國	142876	東莞縣志	東莞縣志/卷七十一	東莞縣志	74	scrape_output\raw\中華民國\東莞縣志\東莞縣志__juan_74.txt	scrape_output\clean\中華民國\東莞縣志\東莞縣志__juan_74.txt	0	0	1	separate	0.05169255276782159	wenyan-like	12555	0.007566706491437674	0.037196336121067305	13.653889515219841	0	0
中華民國	142876	東莞縣志	東莞縣志/卷七十二	東莞縣志	75	scrape_output\raw\中華民國\東莞縣志\東莞縣志__juan_75.txt	scrape_output\clean\中華民國\東莞縣志\東莞縣志__juan_75.txt	0	0	1	separate	0.05169255276782159	wenyan-like	12555	0.007566706491437674	0.037196336121067305	13.653889515219841	0	0
中華民國	142876	東莞縣志	東莞縣志/卷七十三	東莞縣志	76	scrape_output\raw\中華民國\東莞縣志\東莞縣志__juan_76.txt	scrape_output\clean\中華民國\東莞縣志\東莞縣志__juan_76.txt	0	0	1	separate	0.05169255276782159	wenyan-like	12555	0.007566706491437674	0.037196336121067305	13.653889515219841	0	0
中華民國	142876	東莞縣志	東莞縣志/卷七十四	東莞縣志	77	scrape_output\raw\中華民國\東莞縣志\東莞縣志__juan_77.txt	scrape_output\clean\中華民國\東莞縣志\東莞縣志__juan_77.txt	0	0	1	separate	0.05169255276782159	wenyan-like	12555	0.007566706491437674	0.037196336121067305	13.653889515219841	0	0
中華民國	142876	東莞縣志	東莞縣志/卷七十五	東莞縣志	78	scrape_output\raw\中華民國\東莞縣志\東莞縣志__juan_78.txt	scrape_output\clean\中華民國\東莞縣志\東莞縣志__juan_78.txt	0	0	1	separate	0.05169255276782159	wenyan-like	12555	0.007566706491437674	0.037196336121067305	13.653889515219841	0	0
中華民國	142876	東莞縣志	東莞縣志/卷七十六	東莞縣志	79	scrape_output\raw\中華民國\東莞縣志\東莞縣志__juan_79.txt	scrape_output\clean\中華民國\東莞縣志\東莞縣志__juan_79.txt	0	0	1	separate	0.05169255276782159	wenyan-like	12555	0.007566706491437674	0.037196336121067305	13.653889515219841	0	0
中華民國	142876	東莞縣志	東莞縣志/卷七十七	東莞縣志	80	scrape_output\raw\中華民國\東莞縣志\東莞縣志__juan_80.txt	scrape_output\clean\中華民國\東莞縣志\東莞縣志__juan_80.txt	0	0	1	separate	0.05169255276782159	wenyan-like	12555	0.007566706491437674	0.037196336121067305	13.653889515219841	0	0
中華民國	142876	東莞縣志	東莞縣志/卷七十八	東莞縣志	81	scrape_output\raw\中華民國\東莞縣志\東莞縣志__juan_81.txt	scrape_output\clean\中華民國\東莞縣志\東莞縣志__juan_81.txt	167	163	0	separate	0.05169255276782159	wenyan-like	12555	0.007566706491437674	0.037196336121067305	13.653889515219841	0	0
中華民國	142876	東莞縣志	東莞縣志/卷七十九	東莞縣志	82	scrape_output\raw\中華民國\東莞縣志\東莞縣志__juan_82.txt	scrape_output\clean\中華民國\東莞縣志\東莞縣志__juan_82.txt	0	0	1	separate	0.05169255276782159	wenyan-like	12555	0.007566706491437674	0.037196336121067305	13.653889515219841	0	0
中華民國	142876	東莞縣志	東莞縣志/卷八十	東莞縣志	83	scrape_output\raw\中華民國\東莞縣志\東莞縣志__juan_83.txt	scrape_output\clean\中華民國\東莞縣志\東莞縣志__juan_83.txt	0	0	1	separate	0.05169255276782159	wenyan-like	12555	0.007566706491437674	0.037196336121067305	13.653889515219841	0	0
中華民國	142876	東莞縣志	東莞縣志/卷八十一	東莞縣志	84	scrape_output\raw\中華民國\東莞縣志\東莞縣志__juan_84.txt	scrape_output\clean\中華民國\東莞縣志\東莞縣志__juan_84.txt	0	0	1	separate	0.05169255276782159	wenyan-like	12555	0.007566706491437674	0.037196336121067305	13.653889515219841	0	0
中華民國	142876	東莞縣志	東莞縣志/卷八十二	東莞縣志	85	scrape_output\raw\中華民國\東莞縣志\東莞縣志__juan_85.txt	scrape_output\clean\中華民國\東莞縣志\東莞縣志__juan_85.txt	0	0	1	separate	0.05169255276782159	wenyan-like	12555	0.007566706491437674	0.037196336121067305	13.653889515219841	0	0
中華民國	142876	東莞縣志	東莞縣志/卷八十三	東莞縣志	86	scrape_output\raw\中華民國\東莞縣志\東莞縣志__juan_86.txt	scrape_output\clean\中華民國\東莞縣志\東莞縣志__juan_86.txt	0	0	1	separate	0.05169255276782159	wenyan-like	12555	0.007566706491437674	0.037196336121067305	13.653889515219841	0	0
中華民國	142876	東莞縣志	東莞縣志/卷八十四	東莞縣志	87	scrape_output\raw\中華民國\東莞縣志\東莞縣志__juan_87.txt	scrape_output\clean\中華民國\東莞縣志\東莞縣志__juan_87.txt	367	365	0	separate	0.05169255276782159	wenyan-like	12555	0.007566706491437674	0.037196336121067305	13.653889515219841	0	0
中華民國	142876	東莞縣志	東莞縣志/卷八十五	東莞縣志	88	scrape_output\raw\中華民國\東莞縣志\東莞縣志__juan_88.txt	scrape_output\clean\中華民國\東莞縣志\東莞縣志__juan_88.txt	0	0	1	separate	0.05169255276782159	wenyan-like	12555	0.007566706491437674	0.037196336121067305	13.653889515219841	0	0
中華民國	142876	東莞縣志	東莞縣志/卷八十六	東莞縣志	89	scrape_output\raw\中華民國\東莞縣志\東莞縣志__juan_89.txt	scrape_output\clean\中華民國\東莞縣志\東莞縣志__juan_89.txt	0	0	1	separate	0.05169255276782159	wenyan-like	12555	0.007566706491437674	0.037196336121067305	13.653889515219841	0	0
中華民國	142876	東莞縣志	東莞縣志/卷八十七	東莞縣志	90	scrape_output\raw\中華民國\東莞縣志\東莞縣志__juan_90.txt	scrape_output\clean\中華民國\東莞縣志\東莞縣志__juan_90.txt	0	0	1	separate	0.05169255276782159	wenyan-like	12555	0.007566706491437674	0.037196336121067305	13.653889515219841	0	0
中華民國	142876	東莞縣志	東莞縣志/卷八十八	東莞縣志	91	scrape_output\raw\中華民國\東莞縣志\東莞縣志__juan_91.txt	scrape_output\clean\中華民國\東莞縣志\東莞縣志__juan_91.txt	0	0	1	separate	0.05169255276782159	wenyan-like	12555	0.007566706491437674	0.037196336121067305	13.653889515219841	0	0
中華民國	142876	東莞縣志	東莞縣志/卷八十九	東莞縣志	92	scrape_output\raw\中華民國\東莞縣志\東莞縣志__juan_92.txt	scrape_output\clean\中華民國\東莞縣志\東莞縣志__juan_92.txt	0	0	1	separate	0.05169255276782159	wenyan-like	12555	0.007566706491437674	0.037196336121067305	13.653889515219841	0	0
中華民國	142876	東莞縣志	東莞縣志/卷九十	東莞縣志	93	scrape_output\raw\中華民國\東莞縣志\東莞縣志__juan_93.txt	scrape_output\clean\中華民國\東莞縣志\東莞縣志__juan_93.txt	0	0	1	separate	0.05169255276782159	wenyan-like	12555	0.007566706491437674	0.037196336121067305	13.653889515219841	0	0
中華民國	142876	東莞縣志	東莞縣志/卷九十一	東莞縣志	94	scrape_output\raw\中華民國\東莞縣志\東莞縣志__juan_94.txt	scrape_output\clean\中華民國\東莞縣志\東莞縣志__juan_94.txt	0	0	1	separate	0.05169255276782159	wenyan-like	12555	0.007566706491437674	0.037196336121067305	13.653889515219841	0	0
中華民國	142876	東莞縣志	東莞縣志/卷九十二	東莞縣志	95	scrape_output\raw\中華民國\東莞縣志\東莞縣志__juan_95.txt	scrape_output\clean\中華民國\東莞縣志\東莞縣志__juan_95.txt	0	0	1	separate	0.05169255276782159	wenyan-like	12555	0.007566706491437674	0.037196336121067305	13.653889515219841	0	0
中華民國	142876	東莞縣志	東莞縣志/卷九十三	東莞縣志	96	scrape_output\raw\中華民國\東莞縣志\東莞縣志__juan_96.txt	scrape_output\clean\中華民國\東莞縣志\東莞縣志__juan_96.txt	0	0	1	separate	0.05169255276782159	wenyan-like	12555	0.007566706491437674	0.037196336121067305	13.653889515219841	0	0
中華民國	142876	東莞縣志	東莞縣志/卷九十四	東莞縣志	97	scrape_output\raw\中華民國\東莞縣志\東莞縣志__juan_97.txt	scrape_output\clean\中華民國\東莞縣志\東莞縣志__juan_97.txt	0	0	1	separate	0.05169255276782159	wenyan-like	12555	0.007566706491437674	0.037196336121067305	13.653889515219841	0	0
中華民國	142876	東莞縣志	東莞縣志/卷九十五	東莞縣志	98	scrape_output\raw\中華民國\東莞縣志\東莞縣志__juan_98.txt	scrape_output\clean\中華民國\東莞縣志\東莞縣志__juan_98.txt	0	0	1	separate	0.05169255276782159	wenyan-like	12555	0.007566706491437674	0.037196336121067305	13.653889515219841	0	0
中華民國	142876	東莞縣志	東莞縣志/卷九十六	東莞縣志	99	scrape_output\raw\中華民國\東莞縣志\東莞縣志__juan_99.txt	scrape_output\clean\中華民國\東莞縣志\東莞縣志__juan_99.txt	0	0	1	separate	0.05169255276782159	wenyan-like	12555	0.007566706491437674	0.037196336121067305	13.653889515219841	0	0
中華民國	142876	東莞縣志	東莞縣志/卷九十七	東莞縣志	100	scrape_output\raw\中華民國\東莞縣志\東莞縣志__juan_100.txt	scrape_output\clean\中華民國\東莞縣志\東莞縣志__juan_100.txt	0	0	1	separate	0.05169255276782159	wenyan-like	12555	0.007566706491437674	0.037196336121067305	13.653889515219841	0	0
中華民國	142876	東莞縣志	東莞縣志/卷九十八	東莞縣志	101	scrape_output\raw\中華民國\東莞縣志\東莞縣志__juan_101.txt	scrape_output\clean\中華民國\東莞縣志\東莞縣志__juan_101.txt	0	0	1	separate	0.05169255276782159	wenyan-like	12555	0.007566706491437674	0.037196336121067305	13.653889515219841	0	0
中華民國	142876	東莞縣志	東莞縣志/卷九十九	東莞縣志	102	scrape_output\raw\中華民國\東莞縣志\東莞縣志__juan_102.txt	scrape_output\clean\中華民國\東莞縣志\東莞縣志__juan_102.txt	1008	1003	0	separate	0.05169255276782159	wenyan-like	12555	0.007566706491437674	0.037196336121067305	13.653889515219841	0	0
中華民國	142876	東莞縣志	東莞縣志/卷首	東莞縣志	103	scrape_output\raw\中華民國\東莞縣志\東莞縣志__juan_103.txt	scrape_output\clean\中華民國\東莞縣志\東莞縣志__juan_103.txt	0	0	1	separate	0.05169255276782159	wenyan-like	12555	0.007566706491437674	0.037196336121067305	13.653889515219841	0	0
中華民國	108832	案中冤案	案中冤案/01	案中冤案	1	scrape_output\suspected_baihua\raw\中華民國\案中冤案\案中冤案__juan_01.txt	scrape_output\suspected_baihua\clean\中華民國\案中冤案\案中冤案__juan_01.txt	3495	3401	0	separate	-0.02201847814151936	baihua-like	127502	0.11990400150585873	0.01884676318802842	33.079305740987984	0	0
中華民國	108832	案中冤案	案中冤案/02	案中冤案	2	scrape_output\suspected_baihua\raw\中華民國\案中冤案\案中冤案__juan_02.txt	scrape_output\suspected_baihua\clean\中華民國\案中冤案\案中冤案__juan_02.txt	3747	3653	0	separate	-0.02201847814151936	baihua-like	127502	0.11990400150585873	0.01884676318802842	33.079305740987984	0	0
中華民國	108832	案中冤案	案中冤案/03	案中冤案	3	scrape_output\suspected_baihua\raw\中華民國\案中冤案\案中冤案__juan_03.txt	scrape_output\suspected_baihua\clean\中華民國\案中冤案\案中冤案__juan_03.txt	4438	4344	0	separate	-0.02201847814151936	baihua-like	127502	0.11990400150585873	0.01884676318802842	33.079305740987984	0	0
中華民國	108832	案中冤案	案中冤案/04	案中冤案	4	scrape_output\suspected_baihua\raw\中華民國\案中冤案\案中冤案__juan_04.txt	scrape_output\suspected_baihua\clean\中華民國\案中冤案\案中冤案__juan_04.txt	3476	3382	0	separate	-0.02201847814151936	baihua-like	127502	0.11990400150585873	0.01884676318802842	33.079305740987984	0	0
中華民國	108832	案中冤案	案中冤案/05	案中冤案	5	scrape_output\suspected_baihua\raw\中華民國\案中冤案\案中冤案__juan_05.txt	scrape_output\suspected_baihua\clean\中華民國\案中冤案\案中冤案__juan_05.txt	4848	4754	0	separate	-0.02201847814151936	baihua-like	127502	0.11990400150585873	0.01884676318802842	33.079305740987984	0	0
中華民國	108832	案中冤案	案中冤案/06	案中冤案	6	scrape_output\suspected_baihua\raw\中華民國\案中冤案\案中冤案__juan_06.txt	scrape_output\suspected_baihua\clean\中華民國\案中冤案\案中冤案__juan_06.txt	4898	4804	0	separate	-0.02201847814151936	baihua-like	127502	0.11990400150585873	0.01884676318802842	33.079305740987984	0	0
中華民國	108832	案中冤案	案中冤案/07	案中冤案	7	scrape_output\suspected_baihua\raw\中華民國\案中冤案\案中冤案__juan_07.txt	scrape_output\suspected_baihua\clean\中華民國\案中冤案\案中冤案__juan_07.txt	6510	6416	0	separate	-0.02201847814151936	baihua-like	127502	0.11990400150585873	0.01884676318802842	33.079305740987984	0	0
中華民國	108832	案中冤案	案中冤案/08	案中冤案	8	scrape_output\suspected_baihua\raw\中華民國\案中冤案\案中冤案__juan_08.txt	scrape_output\suspected_baihua\clean\中華民國\案中冤案\案中冤案__juan_08.txt	10224	10130	0	separate	-0.02201847814151936	baihua-like	127502	0.11990400150585873	0.01884676318802842	33.079305740987984	0	0
中華民國	108832	案中冤案	案中冤案/09	案中冤案	9	scrape_output\suspected_baihua\raw\中華民國\案中冤案\案中冤案__juan_09.txt	scrape_output\suspected_baihua\clean\中華民國\案中冤案\案中冤案__juan_09.txt	5980	5886	0	separate	-0.02201847814151936	baihua-like	127502	0.11990400150585873	0.01884676318802842	33.079305740987984	0	0
中華民國	108832	案中冤案	案中冤案/10	案中冤案	10	scrape_output\suspected_baihua\raw\中華民國\案中冤案\案中冤案__juan_10.txt	scrape_output\suspected_baihua\clean\中華民國\案中冤案\案中冤案__juan_10.txt	7667	7573	0	separate	-0.02201847814151936	baihua-like	127502	0.11990400150585873	0.01884676318802842	33.079305740987984	0	0
中華民國	108832	案中冤案	案中冤案/11	案中冤案	11	scrape_output\suspected_baihua\raw\中華民國\案中冤案\案中冤案__juan_11.txt	scrape_output\suspected_baihua\clean\中華民國\案中冤案\案中冤案__juan_11.txt	5553	5459	0	separate	-0.02201847814151936	baihua-like	127502	0.11990400150585873	0.01884676318802842	33.079305740987984	0	0
中華民國	108832	案中冤案	案中冤案/12	案中冤案	12	scrape_output\suspected_baihua\raw\中華民國\案中冤案\案中冤案__juan_12.txt	scrape_output\suspected_baihua\clean\中華民國\案中冤案\案中冤案__juan_12.txt	6565	6471	0	separate	-0.02201847814151936	baihua-like	127502	0.11990400150585873	0.01884676318802842	33.079305740987984	0	0
中華民國	108832	案中冤案	案中冤案/13	案中冤案	13	scrape_output\suspected_baihua\raw\中華民國\案中冤案\案中冤案__juan_13.txt	scrape_output\suspected_baihua\clean\中華民國\案中冤案\案中冤案__juan_13.txt	6530	6436	0	separate	-0.02201847814151936	baihua-like	127502	0.11990400150585873	0.01884676318802842	33.079305740987984	0	0
中華民國	108832	案中冤案	案中冤案/14	案中冤案	14	scrape_output\suspected_baihua\raw\中華民國\案中冤案\案中冤案__juan_14.txt	scrape_output\suspected_baihua\clean\中華民國\案中冤案\案中冤案__juan_14.txt	7928	7834	0	separate	-0.02201847814151936	baihua-like	127502	0.11990400150585873	0.01884676318802842	33.079305740987984	0	0
中華民國	108832	案中冤案	案中冤案/15	案中冤案	15	scrape_output\suspected_baihua\raw\中華民國\案中冤案\案中冤案__juan_15.txt	scrape_output\suspected_baihua\clean\中華民國\案中冤案\案中冤案__juan_15.txt	6180	6085	0	separate	-0.02201847814151936	baihua-like	127502	0.11990400150585873	0.01884676318802842	33.079305740987984	0	0
中華民國	108832	案中冤案	案中冤案/16	案中冤案	16	scrape_output\suspected_baihua\raw\中華民國\案中冤案\案中冤案__juan_16.txt	scrape_output\suspected_baihua\clean\中華民國\案中冤案\案中冤案__juan_16.txt	8396	8302	0	separate	-0.02201847814151936	baihua-like	127502	0.11990400150585873	0.01884676318802842	33.079305740987984	0	0
中華民國	108832	案中冤案	案中冤案/17	案中冤案	17	scrape_output\suspected_baihua\raw\中華民國\案中冤案\案中冤案__juan_17.txt	scrape_output\suspected_baihua\clean\中華民國\案中冤案\案中冤案__juan_17.txt	9208	9114	0	separate	-0.02201847814151936	baihua-like	127502	0.11990400150585873	0.01884676318802842	33.079305740987984	0	0
中華民國	108832	案中冤案	案中冤案/18	案中冤案	18	scrape_output\suspected_baihua\raw\中華民國\案中冤案\案中冤案__juan_18.txt	scrape_output\suspected_baihua\clean\中華民國\案中冤案\案中冤案__juan_18.txt	25061	24967	0	separate	-0.02201847814151936	baihua-like	127502	0.11990400150585873	0.01884676318802842	33.079305740987984	0	0
中華民國	1085736	橋（同書名）	橋（同書名）	橋（同書名）	1	scrape_output\suspected_baihua\raw\中華民國\橋（同書名）\橋（同書名）__juan_01.txt	scrape_output\suspected_baihua\clean\中華民國\橋（同書名）\橋（同書名）__juan_01.txt	6878	6736	0	separate	-0.12628120893561104	baihua-like	6088	0.10085413929040736	0.013140604467805518	19.607382550335572	0	0
中華民國	180742	歷代詩話續編序	歷代詩話續編序	歷代詩話續編序	1	scrape_output\raw\中華民國\歷代詩話續編序\歷代詩話續編序__juan_01.txt	scrape_output\clean\中華民國\歷代詩話續編序\歷代詩話續編序__juan_01.txt	1032	1031	0	separate	0.4084093211752786	wenyan-like	987	0.019250253292806486	0.08308004052684904	31.93548387096774	0	0
中華民國	759724	歷代諱字譜	歷代諱字譜	歷代諱字譜	1	scrape_output\suspected_baihua\raw\中華民國\歷代諱字譜\歷代諱字譜__juan_01.txt	scrape_output\suspected_baihua\clean\中華民國\歷代諱字譜\歷代諱字譜__juan_01.txt	398	343	0	separate	-0.07326007326007325	baihua-like	273	0.03663003663003663	0.018315018315018316	6.6	0	0
中華民國	872873	殘蟬曳聲錄敍	殘蟬曳聲錄敍	殘蟬曳聲錄敍	1	scrape_output\raw\中華民國\殘蟬曳聲錄敍\殘蟬曳聲錄敍__juan_01.txt	scrape_output\clean\中華民國\殘蟬曳聲錄敍\殘蟬曳聲錄敍__juan_01.txt	528	528	0	separate	0.5329545454545455	wenyan-like	528	0.005681818181818182	0.125	30.058823529411764	0	0
中華民國	1170642	江湖行話大觀	江湖行話大觀	江湖行話大觀	1	scrape_output\raw\中華民國\江湖行話大觀\江湖行話大觀__juan_01.txt	scrape_output\clean\中華民國\江湖行話大觀\江湖行話大觀__juan_01.txt	4168	4100	0	separate	0.3062640942119769	wenyan-like	3991	0.013781007266349286	0.023803558005512402	44.03370786516854	0	0
中華民國	872883	洞冥記跋	洞冥記跋	洞冥記跋	1	scrape_output\raw\中華民國\洞冥記跋\洞冥記跋__juan_01.txt	scrape_output\clean\中華民國\洞冥記跋\洞冥記跋__juan_01.txt	123	123	0	separate	0.37317073170731707	unknown	123	0.024390243902439025	0.07317073170731707	29.75	0	1
中華民國	872875	深谷美人敍	深谷美人敍	深谷美人敍	1	scrape_output\raw\中華民國\深谷美人敍\深谷美人敍__juan_01.txt	scrape_output\clean\中華民國\深谷美人敍\深谷美人敍__juan_01.txt	1219	1219	0	separate	0.4911402789171452	wenyan-like	1219	0.009023789991796555	0.10910582444626743	31.07894736842105	0	0
中華民國	108941	清代名人軼事	清代名人軼事	清代名人軼事	1	scrape_output\raw\中華民國\清代名人軼事\清代名人軼事__juan_01.txt	scrape_output\clean\中華民國\清代名人軼事\清代名人軼事__juan_01.txt	187093	187039	0	separate	0.23400431597724894	wenyan-like	184431	0.009754325465892394	0.05663364618746306	23.07027799428423	0	0
中華民國	319284	清华大学救国会告全国民众书	清华大学救国会告全国民众书	清华大学救国会告全国民众书	1	scrape_output\raw\中華民國\清华大学救国会告全国民众书\清华大学救国会告全国民众书__juan_01.txt	scrape_output\clean\中華民國\清华大学救国会告全国民众书\清华大学救国会告全国民众书__juan_01.txt	133	96	0	separate	-0.06896551724137931	unknown	87	0.022988505747126436	0.0	14.833333333333334	0	1
中華民國	190120	清史紀事本末	清史紀事本末/卷一	清史紀事本末	1	scrape_output\raw\中華民國\清史紀事本末\清史紀事本末__juan_01.txt	scrape_output\clean\中華民國\清史紀事本末\清史紀事本末__juan_01.txt	4288	4131	0	separate	0.3353964211799375	wenyan-like	352239	0.009834231870973969	0.0324495583964297	29.65689580631215	0	0
中華民國	190120	清史紀事本末	清史紀事本末/卷二	清史紀事本末	2	scrape_output\raw\中華民國\清史紀事本末\清史紀事本末__juan_02.txt	scrape_output\clean\中華民國\清史紀事本末\清史紀事本末__juan_02.txt	3412	3329	0	separate	0.3353964211799375	wenyan-like	352239	0.009834231870973969	0.0324495583964297	29.65689580631215	0	0
中華民國	190120	清史紀事本末	清史紀事本末/卷三	清史紀事本末	3	scrape_output\raw\中華民國\清史紀事本末\清史紀事本末__juan_03.txt	scrape_output\clean\中華民國\清史紀事本末\清史紀事本末__juan_03.txt	3907	3862	0	separate	0.3353964211799375	wenyan-like	352239	0.009834231870973969	0.0324495583964297	29.65689580631215	0	0
中華民國	190120	清史紀事本末	清史紀事本末/卷四	清史紀事本末	4	scrape_output\raw\中華民國\清史紀事本末\清史紀事本末__juan_04.txt	scrape_output\clean\中華民國\清史紀事本末\清史紀事本末__juan_04.txt	3630	3581	0	separate	0.3353964211799375	wenyan-like	352239	0.009834231870973969	0.0324495583964297	29.65689580631215	0	0
中華民國	190120	清史紀事本末	清史紀事本末/卷五	清史紀事本末	5	scrape_output\raw\中華民國\清史紀事本末\清史紀事本末__juan_05.txt	scrape_output\clean\中華民國\清史紀事本末\清史紀事本末__juan_05.txt	5951	5906	0	separate	0.3353964211799375	wenyan-like	352239	0.009834231870973969	0.0324495583964297	29.65689580631215	0	0
中華民國	190120	清史紀事本末	清史紀事本末/卷六	清史紀事本末	6	scrape_output\raw\中華民國\清史紀事本末\清史紀事本末__juan_06.txt	scrape_output\clean\中華民國\清史紀事本末\清史紀事本末__juan_06.txt	2324	2281	0	separate	0.3353964211799375	wenyan-like	352239	0.009834231870973969	0.0324495583964297	29.65689580631215	0	0
中華民國	190120	清史紀事本末	清史紀事本末/卷七	清史紀事本末	7	scrape_output\raw\中華民國\清史紀事本末\清史紀事本末__juan_07.txt	scrape_output\clean\中華民國\清史紀事本末\清史紀事本末__juan_07.txt	3237	3194	0	separate	0.3353964211799375	wenyan-like	352239	0.009834231870973969	0.0324495583964297	29.65689580631215	0	0
中華民國	190120	清史紀事本末	清史紀事本末/卷八	清史紀事本末	8	scrape_output\raw\中華民國\清史紀事本末\清史紀事本末__juan_08.txt	scrape_output\clean\中華民國\清史紀事本末\清史紀事本末__juan_08.txt	7862	7817	0	separate	0.3353964211799375	wenyan-like	352239	0.009834231870973969	0.0324495583964297	29.65689580631215	0	0
中華民國	190120	清史紀事本末	清史紀事本末/卷九	清史紀事本末	9	scrape_output\raw\中華民國\清史紀事本末\清史紀事本末__juan_09.txt	scrape_output\clean\中華民國\清史紀事本末\清史紀事本末__juan_09.txt	8788	8733	0	separate	0.3353964211799375	wenyan-like	352239	0.009834231870973969	0.0324495583964297	29.65689580631215	0	0
中華民國	190120	清史紀事本末	清史紀事本末/卷十	清史紀事本末	10	scrape_output\raw\中華民國\清史紀事本末\清史紀事本末__juan_10.txt	scrape_output\clean\中華民國\清史紀事本末\清史紀事本末__juan_10.txt	10400	10355	0	separate	0.3353964211799375	wenyan-like	352239	0.009834231870973969	0.0324495583964297	29.65689580631215	0	0
中華民國	190120	清史紀事本末	清史紀事本末/卷十一	清史紀事本末	11	scrape_output\raw\中華民國\清史紀事本末\清史紀事本末__juan_11.txt	scrape_output\clean\中華民國\清史紀事本末\清史紀事本末__juan_11.txt	3573	3474	0	separate	0.3353964211799375	wenyan-like	352239	0.009834231870973969	0.0324495583964297	29.65689580631215	0	0
中華民國	190120	清史紀事本末	清史紀事本末/卷十二	清史紀事本末	12	scrape_output\raw\中華民國\清史紀事本末\清史紀事本末__juan_12.txt	scrape_output\clean\中華民國\清史紀事本末\清史紀事本末__juan_12.txt	7932	7886	0	separate	0.3353964211799375	wenyan-like	352239	0.009834231870973969	0.0324495583964297	29.65689580631215	0	0
中華民國	190120	清史紀事本末	清史紀事本末/卷十三	清史紀事本末	13	scrape_output\raw\中華民國\清史紀事本末\清史紀事本末__juan_13.txt	scrape_output\clean\中華民國\清史紀事本末\清史紀事本末__juan_13.txt	3840	3797	0	separate	0.3353964211799375	wenyan-like	352239	0.009834231870973969	0.0324495583964297	29.65689580631215	0	0
中華民國	190120	清史紀事本末	清史紀事本末/卷十四	清史紀事本末	14	scrape_output\raw\中華民國\清史紀事本末\清史紀事本末__juan_14.txt	scrape_output\clean\中華民國\清史紀事本末\清史紀事本末__juan_14.txt	3949	3898	0	separate	0.3353964211799375	wenyan-like	352239	0.009834231870973969	0.0324495583964297	29.65689580631215	0	0
中華民國	190120	清史紀事本末	清史紀事本末/卷十五	清史紀事本末	15	scrape_output\raw\中華民國\清史紀事本末\清史紀事本末__juan_15.txt	scrape_output\clean\中華民國\清史紀事本末\清史紀事本末__juan_15.txt	2155	2108	0	separate	0.3353964211799375	wenyan-like	352239	0.009834231870973969	0.0324495583964297	29.65689580631215	0	0
中華民國	190120	清史紀事本末	清史紀事本末/卷十六	清史紀事本末	16	scrape_output\raw\中華民國\清史紀事本末\清史紀事本末__juan_16.txt	scrape_output\clean\中華民國\清史紀事本末\清史紀事本末__juan_16.txt	2390	2347	0	separate	0.3353964211799375	wenyan-like	352239	0.009834231870973969	0.0324495583964297	29.65689580631215	0	0
中華民國	190120	清史紀事本末	清史紀事本末/卷十七	清史紀事本末	17	scrape_output\raw\中華民國\清史紀事本末\清史紀事本末__juan_17.txt	scrape_output\clean\中華民國\清史紀事本末\清史紀事本末__juan_17.txt	4146	4102	0	separate	0.3353964211799375	wenyan-like	352239	0.009834231870973969	0.0324495583964297	29.65689580631215	0	0
中華民國	190120	清史紀事本末	清史紀事本末/卷十八	清史紀事本末	18	scrape_output\raw\中華民國\清史紀事本末\清史紀事本末__juan_18.txt	scrape_output\clean\中華民國\清史紀事本末\清史紀事本末__juan_18.txt	3763	3714	0	separate	0.3353964211799375	wenyan-like	352239	0.009834231870973969	0.0324495583964297	29.65689580631215	0	0
中華民國	190120	清史紀事本末	清史紀事本末/卷十九	清史紀事本末	19	scrape_output\raw\中華民國\清史紀事本末\清史紀事本末__juan_19.txt	scrape_output\clean\中華民國\清史紀事本末\清史紀事本末__juan_19.txt	4119	4076	0	separate	0.3353964211799375	wenyan-like	352239	0.009834231870973969	0.0324495583964297	29.65689580631215	0	0
中華民國	190120	清史紀事本末	清史紀事本末/卷二十	清史紀事本末	20	scrape_output\raw\中華民國\清史紀事本末\清史紀事本末__juan_20.txt	scrape_output\clean\中華民國\清史紀事本末\清史紀事本末__juan_20.txt	4751	4708	0	separate	0.3353964211799375	wenyan-like	352239	0.009834231870973969	0.0324495583964297	29.65689580631215	0	0
中華民國	190120	清史紀事本末	清史紀事本末/卷二十一	清史紀事本末	21	scrape_output\raw\中華民國\清史紀事本末\清史紀事本末__juan_21.txt	scrape_output\clean\中華民國\清史紀事本末\清史紀事本末__juan_21.txt	1761	1716	0	separate	0.3353964211799375	wenyan-like	352239	0.009834231870973969	0.0324495583964297	29.65689580631215	0	0
中華民國	190120	清史紀事本末	清史紀事本末/卷二十二	清史紀事本末	22	scrape_output\raw\中華民國\清史紀事本末\清史紀事本末__juan_22.txt	scrape_output\clean\中華民國\清史紀事本末\清史紀事本末__juan_22.txt	6940	6897	0	separate	0.3353964211799375	wenyan-like	352239	0.009834231870973969	0.0324495583964297	29.65689580631215	0	0
中華民國	190120	清史紀事本末	清史紀事本末/卷二十三	清史紀事本末	23	scrape_output\raw\中華民國\清史紀事本末\清史紀事本末__juan_23.txt	scrape_output\clean\中華民國\清史紀事本末\清史紀事本末__juan_23.txt	4954	4906	0	separate	0.3353964211799375	wenyan-like	352239	0.009834231870973969	0.0324495583964297	29.65689580631215	0	0
中華民國	190120	清史紀事本末	清史紀事本末/卷二十四	清史紀事本末	24	scrape_output\raw\中華民國\清史紀事本末\清史紀事本末__juan_24.txt	scrape_output\clean\中華民國\清史紀事本末\清史紀事本末__juan_24.txt	3519	3465	0	separate	0.3353964211799375	wenyan-like	352239	0.009834231870973969	0.0324495583964297	29.65689580631215	0	0
中華民國	190120	清史紀事本末	清史紀事本末/卷二十五	清史紀事本末	25	scrape_output\raw\中華民國\清史紀事本末\清史紀事本末__juan_25.txt	scrape_output\clean\中華民國\清史紀事本末\清史紀事本末__juan_25.txt	3642	3594	0	separate	0.3353964211799375	wenyan-like	352239	0.009834231870973969	0.0324495583964297	29.65689580631215	0	0
中華民國	190120	清史紀事本末	清史紀事本末/卷二十六	清史紀事本末	26	scrape_output\raw\中華民國\清史紀事本末\清史紀事本末__juan_26.txt	scrape_output\clean\中華民國\清史紀事本末\清史紀事本末__juan_26.txt	3036	3029	0	separate	0.3353964211799375	wenyan-like	352239	0.009834231870973969	0.0324495583964297	29.65689580631215	0	0
中華民國	190120	清史紀事本末	清史紀事本末/卷二十七	清史紀事本末	27	scrape_output\raw\中華民國\清史紀事本末\清史紀事本末__juan_27.txt	scrape_output\clean\中華民國\清史紀事本末\清史紀事本末__juan_27.txt	2334	2289	0	separate	0.3353964211799375	wenyan-like	352239	0.009834231870973969	0.0324495583964297	29.65689580631215	0	0
中華民國	190120	清史紀事本末	清史紀事本末/卷二十八	清史紀事本末	28	scrape_output\raw\中華民國\清史紀事本末\清史紀事本末__juan_28.txt	scrape_output\clean\中華民國\清史紀事本末\清史紀事本末__juan_28.txt	5466	5420	0	separate	0.3353964211799375	wenyan-like	352239	0.009834231870973969	0.0324495583964297	29.65689580631215	0	0
中華民國	190120	清史紀事本末	清史紀事本末/卷二十九	清史紀事本末	29	scrape_output\raw\中華民國\清史紀事本末\清史紀事本末__juan_29.txt	scrape_output\clean\中華民國\清史紀事本末\清史紀事本末__juan_29.txt	2505	2460	0	separate	0.3353964211799375	wenyan-like	352239	0.009834231870973969	0.0324495583964297	29.65689580631215	0	0
中華民國	190120	清史紀事本末	清史紀事本末/卷三十	清史紀事本末	30	scrape_output\raw\中華民國\清史紀事本末\清史紀事本末__juan_30.txt	scrape_output\clean\中華民國\清史紀事本末\清史紀事本末__juan_30.txt	2827	2820	0	separate	0.3353964211799375	wenyan-like	352239	0.009834231870973969	0.0324495583964297	29.65689580631215	0	0
中華民國	190120	清史紀事本末	清史紀事本末/卷三十一	清史紀事本末	31	scrape_output\raw\中華民國\清史紀事本末\清史紀事本末__juan_31.txt	scrape_output\clean\中華民國\清史紀事本末\清史紀事本末__juan_31.txt	3274	3223	0	separate	0.3353964211799375	wenyan-like	352239	0.009834231870973969	0.0324495583964297	29.65689580631215	0	0
中華民國	190120	清史紀事本末	清史紀事本末/卷三十二	清史紀事本末	32	scrape_output\raw\中華民國\清史紀事本末\清史紀事本末__juan_32.txt	scrape_output\clean\中華民國\清史紀事本末\清史紀事本末__juan_32.txt	3758	3599	0	separate	0.3353964211799375	wenyan-like	352239	0.009834231870973969	0.0324495583964297	29.65689580631215	0	0
中華民國	190120	清史紀事本末	清史紀事本末/卷三十三	清史紀事本末	33	scrape_output\raw\中華民國\清史紀事本末\清史紀事本末__juan_33.txt	scrape_output\clean\中華民國\清史紀事本末\清史紀事本末__juan_33.txt	2384	2338	0	separate	0.3353964211799375	wenyan-like	352239	0.009834231870973969	0.0324495583964297	29.65689580631215	0	0
中華民國	190120	清史紀事本末	清史紀事本末/卷三十四	清史紀事本末	34	scrape_output\raw\中華民國\清史紀事本末\清史紀事本末__juan_34.txt	scrape_output\clean\中華民國\清史紀事本末\清史紀事本末__juan_34.txt	2353	2310	0	separate	0.3353964211799375	wenyan-like	352239	0.009834231870973969	0.0324495583964297	29.65689580631215	0	0
中華民國	190120	清史紀事本末	清史紀事本末/卷三十五	清史紀事本末	35	scrape_output\raw\中華民國\清史紀事本末\清史紀事本末__juan_35.txt	scrape_output\clean\中華民國\清史紀事本末\清史紀事本末__juan_35.txt	3760	3715	0	separate	0.3353964211799375	wenyan-like	352239	0.009834231870973969	0.0324495583964297	29.65689580631215	0	0
中華民國	190120	清史紀事本末	清史紀事本末/卷三十六	清史紀事本末	36	scrape_output\raw\中華民國\清史紀事本末\清史紀事本末__juan_36.txt	scrape_output\clean\中華民國\清史紀事本末\清史紀事本末__juan_36.txt	1969	1923	0	separate	0.3353964211799375	wenyan-like	352239	0.009834231870973969	0.0324495583964297	29.65689580631215	0	0
中華民國	190120	清史紀事本末	清史紀事本末/卷三十七	清史紀事本末	37	scrape_output\raw\中華民國\清史紀事本末\清史紀事本末__juan_37.txt	scrape_output\clean\中華民國\清史紀事本末\清史紀事本末__juan_37.txt	4649	4588	0	separate	0.3353964211799375	wenyan-like	352239	0.009834231870973969	0.0324495583964297	29.65689580631215	0	0
中華民國	190120	清史紀事本末	清史紀事本末/卷三十八	清史紀事本末	38	scrape_output\raw\中華民國\清史紀事本末\清史紀事本末__juan_38.txt	scrape_output\clean\中華民國\清史紀事本末\清史紀事本末__juan_38.txt	4396	4353	0	separate	0.3353964211799375	wenyan-like	352239	0.009834231870973969	0.0324495583964297	29.65689580631215	0	0
中華民國	190120	清史紀事本末	清史紀事本末/卷三十九	清史紀事本末	39	scrape_output\raw\中華民國\清史紀事本末\清史紀事本末__juan_39.txt	scrape_output\clean\中華民國\清史紀事本末\清史紀事本末__juan_39.txt	2171	2006	0	separate	0.3353964211799375	wenyan-like	352239	0.009834231870973969	0.0324495583964297	29.65689580631215	0	0
中華民國	190120	清史紀事本末	清史紀事本末/卷四十	清史紀事本末	40	scrape_output\raw\中華民國\清史紀事本末\清史紀事本末__juan_40.txt	scrape_output\clean\中華民國\清史紀事本末\清史紀事本末__juan_40.txt	3801	3756	0	separate	0.3353964211799375	wenyan-like	352239	0.009834231870973969	0.0324495583964297	29.65689580631215	0	0
中華民國	190120	清史紀事本末	清史紀事本末/卷四十一	清史紀事本末	41	scrape_output\raw\中華民國\清史紀事本末\清史紀事本末__juan_41.txt	scrape_output\clean\中華民國\清史紀事本末\清史紀事本末__juan_41.txt	2638	2595	0	separate	0.3353964211799375	wenyan-like	352239	0.009834231870973969	0.0324495583964297	29.65689580631215	0	0
中華民國	190120	清史紀事本末	清史紀事本末/卷四十二	清史紀事本末	42	scrape_output\raw\中華民國\清史紀事本末\清史紀事本末__juan_42.txt	scrape_output\clean\中華民國\清史紀事本末\清史紀事本末__juan_42.txt	2978	2856	0	separate	0.3353964211799375	wenyan-like	352239	0.009834231870973969	0.0324495583964297	29.65689580631215	0	0
中華民國	190120	清史紀事本末	清史紀事本末/卷四十三	清史紀事本末	43	scrape_output\raw\中華民國\清史紀事本末\清史紀事本末__juan_43.txt	scrape_output\clean\中華民國\清史紀事本末\清史紀事本末__juan_43.txt	2822	2777	0	separate	0.3353964211799375	wenyan-like	352239	0.009834231870973969	0.0324495583964297	29.65689580631215	0	0
中華民國	190120	清史紀事本末	清史紀事本末/卷四十四	清史紀事本末	44	scrape_output\raw\中華民國\清史紀事本末\清史紀事本末__juan_44.txt	scrape_output\clean\中華民國\清史紀事本末\清史紀事本末__juan_44.txt	3448	3400	0	separate	0.3353964211799375	wenyan-like	352239	0.009834231870973969	0.0324495583964297	29.65689580631215	0	0
中華民國	190120	清史紀事本末	清史紀事本末/卷四十五	清史紀事本末	45	scrape_output\raw\中華民國\清史紀事本末\清史紀事本末__juan_45.txt	scrape_output\clean\中華民國\清史紀事本末\清史紀事本末__juan_45.txt	3469	3426	0	separate	0.3353964211799375	wenyan-like	352239	0.009834231870973969	0.0324495583964297	29.65689580631215	0	0
中華民國	190120	清史紀事本末	清史紀事本末/卷四十六	清史紀事本末	46	scrape_output\raw\中華民國\清史紀事本末\清史紀事本末__juan_46.txt	scrape_output\clean\中華民國\清史紀事本末\清史紀事本末__juan_46.txt	3141	3137	0	separate	0.3353964211799375	wenyan-like	352239	0.009834231870973969	0.0324495583964297	29.65689580631215	0	0
中華民國	190120	清史紀事本末	清史紀事本末/卷四十七	清史紀事本末	47	scrape_output\raw\中華民國\清史紀事本末\清史紀事本末__juan_47.txt	scrape_output\clean\中華民國\清史紀事本末\清史紀事本末__juan_47.txt	1850	1807	0	separate	0.3353964211799375	wenyan-like	352239	0.009834231870973969	0.0324495583964297	29.65689580631215	0	0
中華民國	190120	清史紀事本末	清史紀事本末/卷四十八	清史紀事本末	48	scrape_output\raw\中華民國\清史紀事本末\清史紀事本末__juan_48.txt	scrape_output\clean\中華民國\清史紀事本末\清史紀事本末__juan_48.txt	3262	3219	0	separate	0.3353964211799375	wenyan-like	352239	0.009834231870973969	0.0324495583964297	29.65689580631215	0	0
中華民國	190120	清史紀事本末	清史紀事本末/卷四十九	清史紀事本末	49	scrape_output\raw\中華民國\清史紀事本末\清史紀事本末__juan_49.txt	scrape_output\clean\中華民國\清史紀事本末\清史紀事本末__juan_49.txt	2621	2504	0	separate	0.3353964211799375	wenyan-like	352239	0.009834231870973969	0.0324495583964297	29.65689580631215	0	0
中華民國	190120	清史紀事本末	清史紀事本末/卷五十	清史紀事本末	50	scrape_output\raw\中華民國\清史紀事本末\清史紀事本末__juan_50.txt	scrape_output\clean\中華民國\清史紀事本末\清史紀事本末__juan_50.txt	7753	7698	0	separate	0.3353964211799375	wenyan-like	352239	0.009834231870973969	0.0324495583964297	29.65689580631215	0	0
中華民國	190120	清史紀事本末	清史紀事本末/卷五十一	清史紀事本末	51	scrape_output\raw\中華民國\清史紀事本末\清史紀事本末__juan_51.txt	scrape_output\clean\中華民國\清史紀事本末\清史紀事本末__juan_51.txt	12963	12864	0	separate	0.3353964211799375	wenyan-like	352239	0.009834231870973969	0.0324495583964297	29.65689580631215	0	0
中華民國	190120	清史紀事本末	清史紀事本末/卷五十二	清史紀事本末	52	scrape_output\raw\中華民國\清史紀事本末\清史紀事本末__juan_52.txt	scrape_output\clean\中華民國\清史紀事本末\清史紀事本末__juan_52.txt	7525	7480	0	separate	0.3353964211799375	wenyan-like	352239	0.009834231870973969	0.0324495583964297	29.65689580631215	0	0
中華民國	190120	清史紀事本末	清史紀事本末/卷五十三	清史紀事本末	53	scrape_output\raw\中華民國\清史紀事本末\清史紀事本末__juan_53.txt	scrape_output\clean\中華民國\清史紀事本末\清史紀事本末__juan_53.txt	3897	3885	0	separate	0.3353964211799375	wenyan-like	352239	0.009834231870973969	0.0324495583964297	29.65689580631215	0	0
中華民國	190120	清史紀事本末	清史紀事本末/卷五十四	清史紀事本末	54	scrape_output\raw\中華民國\清史紀事本末\清史紀事本末__juan_54.txt	scrape_output\clean\中華民國\清史紀事本末\清史紀事本末__juan_54.txt	3535	3491	0	separate	0.3353964211799375	wenyan-like	352239	0.009834231870973969	0.0324495583964297	29.65689580631215	0	0
中華民國	190120	清史紀事本末	清史紀事本末/卷五十五	清史紀事本末	55	scrape_output\raw\中華民國\清史紀事本末\清史紀事本末__juan_55.txt	scrape_output\clean\中華民國\清史紀事本末\清史紀事本末__juan_55.txt	4945	4826	0	separate	0.3353964211799375	wenyan-like	352239	0.009834231870973969	0.0324495583964297	29.65689580631215	0	0
中華民國	190120	清史紀事本末	清史紀事本末/卷五十六	清史紀事本末	56	scrape_output\raw\中華民國\清史紀事本末\清史紀事本末__juan_56.txt	scrape_output\clean\中華民國\清史紀事本末\清史紀事本末__juan_56.txt	12918	12756	0	separate	0.3353964211799375	wenyan-like	352239	0.009834231870973969	0.0324495583964297	29.65689580631215	0	0
中華民國	190120	清史紀事本末	清史紀事本末/卷五十七	清史紀事本末	57	scrape_output\raw\中華民國\清史紀事本末\清史紀事本末__juan_57.txt	scrape_output\clean\中華民國\清史紀事本末\清史紀事本末__juan_57.txt	6168	6123	0	separate	0.3353964211799375	wenyan-like	352239	0.009834231870973969	0.0324495583964297	29.65689580631215	0	0
中華民國	190120	清史紀事本末	清史紀事本末/卷五十八	清史紀事本末	58	scrape_output\raw\中華民國\清史紀事本末\清史紀事本末__juan_58.txt	scrape_output\clean\中華民國\清史紀事本末\清史紀事本末__juan_58.txt	5310	5261	0	separate	0.3353964211799375	wenyan-like	352239	0.009834231870973969	0.0324495583964297	29.65689580631215	0	0
中華民國	190120	清史紀事本末	清史紀事本末/卷五十九	清史紀事本末	59	scrape_output\raw\中華民國\清史紀事本末\清史紀事本末__juan_59.txt	scrape_output\clean\中華民國\清史紀事本末\清史紀事本末__juan_59.txt	4993	4948	0	separate	0.3353964211799375	wenyan-like	352239	0.009834231870973969	0.0324495583964297	29.65689580631215	0	0
中華民國	190120	清史紀事本末	清史紀事本末/卷六十	清史紀事本末	60	scrape_output\raw\中華民國\清史紀事本末\清史紀事本末__juan_60.txt	scrape_output\clean\中華民國\清史紀事本末\清史紀事本末__juan_60.txt	4880	4880	0	separate	0.3353964211799375	wenyan-like	352239	0.009834231870973969	0.0324495583964297	29.65689580631215	0	0
中華民國	190120	清史紀事本末	清史紀事本末/卷六十一	清史紀事本末	61	scrape_output\raw\中華民國\清史紀事本末\清史紀事本末__juan_61.txt	scrape_output\clean\中華民國\清史紀事本末\清史紀事本末__juan_61.txt	5038	4990	0	separate	0.3353964211799375	wenyan-like	352239	0.009834231870973969	0.0324495583964297	29.65689580631215	0	0
中華民國	190120	清史紀事本末	清史紀事本末/卷六十二	清史紀事本末	62	scrape_output\raw\中華民國\清史紀事本末\清史紀事本末__juan_62.txt	scrape_output\clean\中華民國\清史紀事本末\清史紀事本末__juan_62.txt	2638	2635	0	separate	0.3353964211799375	wenyan-like	352239	0.009834231870973969	0.0324495583964297	29.65689580631215	0	0
中華民國	190120	清史紀事本末	清史紀事本末/卷六十三	清史紀事本末	63	scrape_output\raw\中華民國\清史紀事本末\清史紀事本末__juan_63.txt	scrape_output\clean\中華民國\清史紀事本末\清史紀事本末__juan_63.txt	3296	3294	0	separate	0.3353964211799375	wenyan-like	352239	0.009834231870973969	0.0324495583964297	29.65689580631215	0	0
中華民國	190120	清史紀事本末	清史紀事本末/卷六十四	清史紀事本末	64	scrape_output\raw\中華民國\清史紀事本末\清史紀事本末__juan_64.txt	scrape_output\clean\中華民國\清史紀事本末\清史紀事本末__juan_64.txt	6374	6331	0	separate	0.3353964211799375	wenyan-like	352239	0.009834231870973969	0.0324495583964297	29.65689580631215	0	0
中華民國	190120	清史紀事本末	清史紀事本末/卷六十五	清史紀事本末	65	scrape_output\raw\中華民國\清史紀事本末\清史紀事本末__juan_65.txt	scrape_output\clean\中華民國\清史紀事本末\清史紀事本末__juan_65.txt	4006	3963	0	separate	0.3353964211799375	wenyan-like	352239	0.009834231870973969	0.0324495583964297	29.65689580631215	0	0
中華民國	190120	清史紀事本末	清史紀事本末/卷六十六	清史紀事本末	66	scrape_output\raw\中華民國\清史紀事本末\清史紀事本末__juan_66.txt	scrape_output\clean\中華民國\清史紀事本末\清史紀事本末__juan_66.txt	8828	8777	0	separate	0.3353964211799375	wenyan-like	352239	0.009834231870973969	0.0324495583964297	29.65689580631215	0	0
中華民國	190120	清史紀事本末	清史紀事本末/卷六十七	清史紀事本末	67	scrape_output\raw\中華民國\清史紀事本末\清史紀事本末__juan_67.txt	scrape_output\clean\中華民國\清史紀事本末\清史紀事本末__juan_67.txt	10197	10136	0	separate	0.3353964211799375	wenyan-like	352239	0.009834231870973969	0.0324495583964297	29.65689580631215	0	0
中華民國	190120	清史紀事本末	清史紀事本末/卷六十八	清史紀事本末	68	scrape_output\raw\中華民國\清史紀事本末\清史紀事本末__juan_68.txt	scrape_output\clean\中華民國\清史紀事本末\清史紀事本末__juan_68.txt	3817	3774	0	separate	0.3353964211799375	wenyan-like	352239	0.009834231870973969	0.0324495583964297	29.65689580631215	0	0
中華民國	190120	清史紀事本末	清史紀事本末/卷六十九	清史紀事本末	69	scrape_output\raw\中華民國\清史紀事本末\清史紀事本末__juan_69.txt	scrape_output\clean\中華民國\清史紀事本末\清史紀事本末__juan_69.txt	4989	4937	0	separate	0.3353964211799375	wenyan-like	352239	0.009834231870973969	0.0324495583964297	29.65689580631215	0	0
中華民國	190120	清史紀事本末	清史紀事本末/卷七十	清史紀事本末	70	scrape_output\raw\中華民國\清史紀事本末\清史紀事本末__juan_70.txt	scrape_output\clean\中華民國\清史紀事本末\清史紀事本末__juan_70.txt	4915	4838	0	separate	0.3353964211799375	wenyan-like	352239	0.009834231870973969	0.0324495583964297	29.65689580631215	0	0
中華民國	190120	清史紀事本末	清史紀事本末/卷七十一	清史紀事本末	71	scrape_output\raw\中華民國\清史紀事本末\清史紀事本末__juan_71.txt	scrape_output\clean\中華民國\清史紀事本末\清史紀事本末__juan_71.txt	3872	3817	0	separate	0.3353964211799375	wenyan-like	352239	0.009834231870973969	0.0324495583964297	29.65689580631215	0	0
中華民國	190120	清史紀事本末	清史紀事本末/卷七十二	清史紀事本末	72	scrape_output\raw\中華民國\清史紀事本末\清史紀事本末__juan_72.txt	scrape_output\clean\中華民國\清史紀事本末\清史紀事本末__juan_72.txt	4981	4936	0	separate	0.3353964211799375	wenyan-like	352239	0.009834231870973969	0.0324495583964297	29.65689580631215	0	0
中華民國	190120	清史紀事本末	清史紀事本末/卷七十三	清史紀事本末	73	scrape_output\raw\中華民國\清史紀事本末\清史紀事本末__juan_73.txt	scrape_output\clean\中華民國\清史紀事本末\清史紀事本末__juan_73.txt	4461	4407	0	separate	0.3353964211799375	wenyan-like	352239	0.009834231870973969	0.0324495583964297	29.65689580631215	0	0
中華民國	190120	清史紀事本末	清史紀事本末/卷七十四	清史紀事本末	74	scrape_output\raw\中華民國\清史紀事本末\清史紀事本末__juan_74.txt	scrape_output\clean\中華民國\清史紀事本末\清史紀事本末__juan_74.txt	4598	4552	0	separate	0.3353964211799375	wenyan-like	352239	0.009834231870973969	0.0324495583964297	29.65689580631215	0	0
中華民國	190120	清史紀事本末	清史紀事本末/卷七十五	清史紀事本末	75	scrape_output\raw\中華民國\清史紀事本末\清史紀事本末__juan_75.txt	scrape_output\clean\中華民國\清史紀事本末\清史紀事本末__juan_75.txt	5046	5003	0	separate	0.3353964211799375	wenyan-like	352239	0.009834231870973969	0.0324495583964297	29.65689580631215	0	0
中華民國	190120	清史紀事本末	清史紀事本末/卷七十六	清史紀事本末	76	scrape_output\raw\中華民國\清史紀事本末\清史紀事本末__juan_76.txt	scrape_output\clean\中華民國\清史紀事本末\清史紀事本末__juan_76.txt	2567	2518	0	separate	0.3353964211799375	wenyan-like	352239	0.009834231870973969	0.0324495583964297	29.65689580631215	0	0
中華民國	190120	清史紀事本末	清史紀事本末/卷七十七	清史紀事本末	77	scrape_output\raw\中華民國\清史紀事本末\清史紀事本末__juan_77.txt	scrape_output\clean\中華民國\清史紀事本末\清史紀事本末__juan_77.txt	2333	2290	0	separate	0.3353964211799375	wenyan-like	352239	0.009834231870973969	0.0324495583964297	29.65689580631215	0	0
中華民國	190120	清史紀事本末	清史紀事本末/卷七十八	清史紀事本末	78	scrape_output\raw\中華民國\清史紀事本末\清史紀事本末__juan_78.txt	scrape_output\clean\中華民國\清史紀事本末\清史紀事本末__juan_78.txt	2956	2911	0	separate	0.3353964211799375	wenyan-like	352239	0.009834231870973969	0.0324495583964297	29.65689580631215	0	0
中華民國	190120	清史紀事本末	清史紀事本末/卷七十九	清史紀事本末	79	scrape_output\raw\中華民國\清史紀事本末\清史紀事本末__juan_79.txt	scrape_output\clean\中華民國\清史紀事本末\清史紀事本末__juan_79.txt	6318	6272	0	separate	0.3353964211799375	wenyan-like	352239	0.009834231870973969	0.0324495583964297	29.65689580631215	0	0
中華民國	190120	清史紀事本末	清史紀事本末/卷八十	清史紀事本末	80	scrape_output\raw\中華民國\清史紀事本末\清史紀事本末__juan_80.txt	scrape_output\clean\中華民國\清史紀事本末\清史紀事本末__juan_80.txt	8859	8752	0	separate	0.3353964211799375	wenyan-like	352239	0.009834231870973969	0.0324495583964297	29.65689580631215	0	0
中華民國	1128238	清朝野史大觀	清朝野史大觀/卷三	清朝野史大觀	1	scrape_output\raw\中華民國\清朝野史大觀\清朝野史大觀__juan_01.txt	scrape_output\clean\中華民國\清朝野史大觀\清朝野史大觀__juan_01.txt	2377	2243	0	separate	0.35440187189236616	wenyan-like	3419	0.009944428195378765	0.04211757823925124	26.959349593495936	0	0
中華民國	1128238	清朝野史大觀	清朝野史大觀/卷十一	清朝野史大觀	2	scrape_output\raw\中華民國\清朝野史大觀\清朝野史大觀__juan_02.txt	scrape_output\clean\中華民國\清朝野史大觀\清朝野史大觀__juan_02.txt	1252	1252	0	separate	0.35440187189236616	wenyan-like	3419	0.009944428195378765	0.04211757823925124	26.959349593495936	0	0
中華民國	1178848	清皇室四譜	清皇室四譜/卷一	清皇室四譜	1	scrape_output\raw\中華民國\清皇室四譜\清皇室四譜__juan_01.txt	scrape_output\clean\中華民國\清皇室四譜\清皇室四譜__juan_01.txt	8430	8430	0	separate	0.166370808678501	wenyan-like	10140	0.0039447731755424065	0.014102564102564103	18.970530451866406	0	0
中華民國	1178848	清皇室四譜	清皇室四譜/卷二	清皇室四譜	2	scrape_output\raw\中華民國\清皇室四譜\清皇室四譜__juan_02.txt	scrape_output\clean\中華民國\清皇室四譜\清皇室四譜__juan_02.txt	1869	1806	0	separate	0.166370808678501	wenyan-like	10140	0.0039447731755424065	0.014102564102564103	18.970530451866406	0	0
中華民國	1178848	清皇室四譜	清皇室四譜/卷三	清皇室四譜	3	scrape_output\raw\中華民國\清皇室四譜\清皇室四譜__juan_03.txt	scrape_output\clean\中華民國\清皇室四譜\清皇室四譜__juan_03.txt	0	0	1	separate	0.166370808678501	wenyan-like	10140	0.0039447731755424065	0.014102564102564103	18.970530451866406	0	0
中華民國	1178848	清皇室四譜	清皇室四譜/卷四	清皇室四譜	4	scrape_output\raw\中華民國\清皇室四譜\清皇室四譜__juan_04.txt	scrape_output\clean\中華民國\清皇室四譜\清皇室四譜__juan_04.txt	0	0	1	separate	0.166370808678501	wenyan-like	10140	0.0039447731755424065	0.014102564102564103	18.970530451866406	0	0
中華民國	183324	渤海國記	渤海國記	渤海國記	1	scrape_output\raw\中華民國\渤海國記\渤海國記__juan_01.txt	scrape_output\clean\中華民國\渤海國記\渤海國記__juan_01.txt	192	144	0	separate	-0.16666666666666666	unknown	114	0.07894736842105263	0.03508771929824561	8.0	0	1
中華民國	1114136	温病正宗	温病正宗	温病正宗	1	scrape_output\raw\中華民國\温病正宗\温病正宗__juan_01.txt	scrape_output\clean\中華民國\温病正宗\温病正宗__juan_01.txt	83882	83372	0	separate	0.42982055625107396	wenyan-like	81474	0.006861084517760267	0.07520190490217739	29.086940572267057	0	0
中華民國	872879	滑稽外史短評數則	滑稽外史短評數則	滑稽外史短評數則	1	scrape_output\raw\中華民國\滑稽外史短評數則\滑稽外史短評數則__juan_01.txt	scrape_output\clean\中華民國\滑稽外史短評數則\滑稽外史短評數則__juan_01.txt	1874	1871	0	separate	0.4978319783197832	wenyan-like	1845	0.007046070460704607	0.10948509485094851	29.295081967213115	0	0
中華民國	196212	為出發剿匪告湘、鄂、贛民眾書	為出發剿匪告湘、鄂、贛民眾書	為出發剿匪告湘、鄂、贛民眾書	1	scrape_output\raw\中華民國\為出發剿匪告湘、鄂、贛民眾書\為出發剿匪告湘、鄂、贛民眾書__juan_01.txt	scrape_output\clean\中華民國\為出發剿匪告湘、鄂、贛民眾書\為出發剿匪告湘、鄂、贛民眾書__juan_01.txt	1620	1577	0	separate	0.30659630606860155	wenyan-like	1516	0.027704485488126648	0.044854881266490766	34.69767441860465	0	0
中華民國	196287	為國軍退出武漢告全國國民書	為國軍退出武漢告全國國民書	為國軍退出武漢告全國國民書	1	scrape_output\raw\中華民國\為國軍退出武漢告全國國民書\為國軍退出武漢告全國國民書__juan_01.txt	scrape_output\clean\中華民國\為國軍退出武漢告全國國民書\為國軍退出武漢告全國國民書__juan_01.txt	3701	3658	0	separate	0.362116991643454	wenyan-like	3590	0.028690807799442896	0.07409470752089137	41.976190476190474	0	0
中華民國	196290	為實施糧食管理告川省同胞書	為實施糧食管理告川省同胞書	為實施糧食管理告川省同胞書	1	scrape_output\raw\中華民國\為實施糧食管理告川省同胞書\為實施糧食管理告川省同胞書__juan_01.txt	scrape_output\clean\中華民國\為實施糧食管理告川省同胞書\為實施糧食管理告川省同胞書__juan_01.txt	5873	5830	0	separate	0.03135106937923837	wenyan-like	5751	0.10067814293166406	0.016692749087115284	56.71	0	0
中華民國	885149	為復職致各軍全體官兵同志電	為復職致各軍全體官兵同志電	為復職致各軍全體官兵同志電	1	scrape_output\raw\中華民國\為復職致各軍全體官兵同志電\為復職致各軍全體官兵同志電__juan_01.txt	scrape_output\clean\中華民國\為復職致各軍全體官兵同志電\為復職致各軍全體官兵同志電__juan_01.txt	1087	1044	0	separate	0.31731160896130345	wenyan-like	982	0.017311608961303463	0.034623217922606926	27.62857142857143	0	0
中華民國	1123451	熱潮	熱潮	熱潮	1	scrape_output\raw\中華民國\熱潮\熱潮__juan_01.txt	scrape_output\clean\中華民國\熱潮\熱潮__juan_01.txt	825	787	0	separate	0.2093984962406015	wenyan-like	665	0.02556390977443609	0.01804511278195489	8.354430379746836	1	0
中華民國	1205627	生查子 (鄧嘉縝)	生查子 (鄧嘉縝)	生查子 (鄧嘉縝)	1	scrape_output\raw\中華民國\生查子 (鄧嘉縝)\生查子 (鄧嘉縝)__juan_01.txt	scrape_output\clean\中華民國\生查子 (鄧嘉縝)\生查子 (鄧嘉縝)__juan_01.txt	153	61	0	separate	0.0	unknown	56	0.0	0.0	8.666666666666666	0	1
中華民國	1114137	疡科纲要	疡科纲要	疡科纲要	1	scrape_output\raw\中華民國\疡科纲要\疡科纲要__juan_01.txt	scrape_output\clean\中華民國\疡科纲要\疡科纲要__juan_01.txt	46760	46433	0	separate	0.40985352862849533	wenyan-like	45060	0.0074567243675099865	0.06611185086551265	25.671345029239767	0	0
中華民國	1081732	白蛇全傳	白蛇全傳/前白蛇傳/第一回	白蛇全傳	1	scrape_output\raw\中華民國\白蛇全傳\白蛇全傳__juan_01.txt	scrape_output\clean\中華民國\白蛇全傳\白蛇全傳__juan_01.txt	0	0	1	separate	0.0	unknown	0	0.0	0.0	0.0	0	1
中華民國	1081732	白蛇全傳	白蛇全傳/前白蛇傳/第七回	白蛇全傳	2	scrape_output\raw\中華民國\白蛇全傳\白蛇全傳__juan_02.txt	scrape_output\clean\中華民國\白蛇全傳\白蛇全傳__juan_02.txt	0	0	1	separate	0.0	unknown	0	0.0	0.0	0.0	0	1
中華民國	1081732	白蛇全傳	白蛇全傳/前白蛇傳/第三十一回	白蛇全傳	3	scrape_output\raw\中華民國\白蛇全傳\白蛇全傳__juan_03.txt	scrape_output\clean\中華民國\白蛇全傳\白蛇全傳__juan_03.txt	0	0	1	separate	0.0	unknown	0	0.0	0.0	0.0	0	1
中華民國	1081732	白蛇全傳	白蛇全傳/前白蛇傳/第三十七回	白蛇全傳	4	scrape_output\raw\中華民國\白蛇全傳\白蛇全傳__juan_04.txt	scrape_output\clean\中華民國\白蛇全傳\白蛇全傳__juan_04.txt	0	0	1	separate	0.0	unknown	0	0.0	0.0	0.0	0	1
中華民國	1081732	白蛇全傳	白蛇全傳/前白蛇傳/第三十三回	白蛇全傳	5	scrape_output\raw\中華民國\白蛇全傳\白蛇全傳__juan_05.txt	scrape_output\clean\中華民國\白蛇全傳\白蛇全傳__juan_05.txt	0	0	1	separate	0.0	unknown	0	0.0	0.0	0.0	0	1
中華民國	1081732	白蛇全傳	白蛇全傳/前白蛇傳/第三十九回	白蛇全傳	6	scrape_output\raw\中華民國\白蛇全傳\白蛇全傳__juan_06.txt	scrape_output\clean\中華民國\白蛇全傳\白蛇全傳__juan_06.txt	0	0	1	separate	0.0	unknown	0	0.0	0.0	0.0	0	1
中華民國	1081732	白蛇全傳	白蛇全傳/前白蛇傳/第三十二回	白蛇全傳	7	scrape_output\raw\中華民國\白蛇全傳\白蛇全傳__juan_07.txt	scrape_output\clean\中華民國\白蛇全傳\白蛇全傳__juan_07.txt	0	0	1	separate	0.0	unknown	0	0.0	0.0	0.0	0	1
中華民國	1081732	白蛇全傳	白蛇全傳/前白蛇傳/第三十五回	白蛇全傳	8	scrape_output\raw\中華民國\白蛇全傳\白蛇全傳__juan_08.txt	scrape_output\clean\中華民國\白蛇全傳\白蛇全傳__juan_08.txt	0	0	1	separate	0.0	unknown	0	0.0	0.0	0.0	0	1
中華民國	1081732	白蛇全傳	白蛇全傳/前白蛇傳/第三十八回	白蛇全傳	9	scrape_output\raw\中華民國\白蛇全傳\白蛇全傳__juan_09.txt	scrape_output\clean\中華民國\白蛇全傳\白蛇全傳__juan_09.txt	0	0	1	separate	0.0	unknown	0	0.0	0.0	0.0	0	1
中華民國	1081732	白蛇全傳	白蛇全傳/前白蛇傳/第三十六回	白蛇全傳	10	scrape_output\raw\中華民國\白蛇全傳\白蛇全傳__juan_10.txt	scrape_output\clean\中華民國\白蛇全傳\白蛇全傳__juan_10.txt	0	0	1	separate	0.0	unknown	0	0.0	0.0	0.0	0	1
中華民國	1081732	白蛇全傳	白蛇全傳/前白蛇傳/第三十四回	白蛇全傳	11	scrape_output\raw\中華民國\白蛇全傳\白蛇全傳__juan_11.txt	scrape_output\clean\中華民國\白蛇全傳\白蛇全傳__juan_11.txt	0	0	1	separate	0.0	unknown	0	0.0	0.0	0.0	0	1
中華民國	1081732	白蛇全傳	白蛇全傳/前白蛇傳/第三十回	白蛇全傳	12	scrape_output\raw\中華民國\白蛇全傳\白蛇全傳__juan_12.txt	scrape_output\clean\中華民國\白蛇全傳\白蛇全傳__juan_12.txt	0	0	1	separate	0.0	unknown	0	0.0	0.0	0.0	0	1
中華民國	1081732	白蛇全傳	白蛇全傳/前白蛇傳/第三回	白蛇全傳	13	scrape_output\raw\中華民國\白蛇全傳\白蛇全傳__juan_13.txt	scrape_output\clean\中華民國\白蛇全傳\白蛇全傳__juan_13.txt	0	0	1	separate	0.0	unknown	0	0.0	0.0	0.0	0	1
中華民國	1081732	白蛇全傳	白蛇全傳/前白蛇傳/第九回	白蛇全傳	14	scrape_output\raw\中華民國\白蛇全傳\白蛇全傳__juan_14.txt	scrape_output\clean\中華民國\白蛇全傳\白蛇全傳__juan_14.txt	0	0	1	separate	0.0	unknown	0	0.0	0.0	0.0	0	1
中華民國	1081732	白蛇全傳	白蛇全傳/前白蛇傳/第二十一回	白蛇全傳	15	scrape_output\raw\中華民國\白蛇全傳\白蛇全傳__juan_15.txt	scrape_output\clean\中華民國\白蛇全傳\白蛇全傳__juan_15.txt	0	0	1	separate	0.0	unknown	0	0.0	0.0	0.0	0	1
中華民國	1081732	白蛇全傳	白蛇全傳/前白蛇傳/第二十七回	白蛇全傳	16	scrape_output\raw\中華民國\白蛇全傳\白蛇全傳__juan_16.txt	scrape_output\clean\中華民國\白蛇全傳\白蛇全傳__juan_16.txt	0	0	1	separate	0.0	unknown	0	0.0	0.0	0.0	0	1
中華民國	1081732	白蛇全傳	白蛇全傳/前白蛇傳/第二十三回	白蛇全傳	17	scrape_output\raw\中華民國\白蛇全傳\白蛇全傳__juan_17.txt	scrape_output\clean\中華民國\白蛇全傳\白蛇全傳__juan_17.txt	0	0	1	separate	0.0	unknown	0	0.0	0.0	0.0	0	1
中華民國	1081732	白蛇全傳	白蛇全傳/前白蛇傳/第二十九回	白蛇全傳	18	scrape_output\raw\中華民國\白蛇全傳\白蛇全傳__juan_18.txt	scrape_output\clean\中華民國\白蛇全傳\白蛇全傳__juan_18.txt	0	0	1	separate	0.0	unknown	0	0.0	0.0	0.0	0	1
中華民國	1081732	白蛇全傳	白蛇全傳/前白蛇傳/第二十二回	白蛇全傳	19	scrape_output\raw\中華民國\白蛇全傳\白蛇全傳__juan_19.txt	scrape_output\clean\中華民國\白蛇全傳\白蛇全傳__juan_19.txt	0	0	1	separate	0.0	unknown	0	0.0	0.0	0.0	0	1
中華民國	1081732	白蛇全傳	白蛇全傳/前白蛇傳/第二十五回	白蛇全傳	20	scrape_output\raw\中華民國\白蛇全傳\白蛇全傳__juan_20.txt	scrape_output\clean\中華民國\白蛇全傳\白蛇全傳__juan_20.txt	0	0	1	separate	0.0	unknown	0	0.0	0.0	0.0	0	1
中華民國	1081732	白蛇全傳	白蛇全傳/前白蛇傳/第二十八回	白蛇全傳	21	scrape_output\raw\中華民國\白蛇全傳\白蛇全傳__juan_21.txt	scrape_output\clean\中華民國\白蛇全傳\白蛇全傳__juan_21.txt	0	0	1	separate	0.0	unknown	0	0.0	0.0	0.0	0	1
中華民國	1081732	白蛇全傳	白蛇全傳/前白蛇傳/第二十六回	白蛇全傳	22	scrape_output\raw\中華民國\白蛇全傳\白蛇全傳__juan_22.txt	scrape_output\clean\中華民國\白蛇全傳\白蛇全傳__juan_22.txt	0	0	1	separate	0.0	unknown	0	0.0	0.0	0.0	0	1
中華民國	1081732	白蛇全傳	白蛇全傳/前白蛇傳/第二十四回	白蛇全傳	23	scrape_output\raw\中華民國\白蛇全傳\白蛇全傳__juan_23.txt	scrape_output\clean\中華民國\白蛇全傳\白蛇全傳__juan_23.txt	0	0	1	separate	0.0	unknown	0	0.0	0.0	0.0	0	1
中華民國	1081732	白蛇全傳	白蛇全傳/前白蛇傳/第二十回	白蛇全傳	24	scrape_output\raw\中華民國\白蛇全傳\白蛇全傳__juan_24.txt	scrape_output\clean\中華民國\白蛇全傳\白蛇全傳__juan_24.txt	0	0	1	separate	0.0	unknown	0	0.0	0.0	0.0	0	1
中華民國	1081732	白蛇全傳	白蛇全傳/前白蛇傳/第二回	白蛇全傳	25	scrape_output\raw\中華民國\白蛇全傳\白蛇全傳__juan_25.txt	scrape_output\clean\中華民國\白蛇全傳\白蛇全傳__juan_25.txt	0	0	1	separate	0.0	unknown	0	0.0	0.0	0.0	0	1
中華民國	1081732	白蛇全傳	白蛇全傳/前白蛇傳/第五回	白蛇全傳	26	scrape_output\raw\中華民國\白蛇全傳\白蛇全傳__juan_26.txt	scrape_output\clean\中華民國\白蛇全傳\白蛇全傳__juan_26.txt	0	0	1	separate	0.0	unknown	0	0.0	0.0	0.0	0	1
中華民國	1081732	白蛇全傳	白蛇全傳/前白蛇傳/第八回	白蛇全傳	27	scrape_output\raw\中華民國\白蛇全傳\白蛇全傳__juan_27.txt	scrape_output\clean\中華民國\白蛇全傳\白蛇全傳__juan_27.txt	0	0	1	separate	0.0	unknown	0	0.0	0.0	0.0	0	1
中華民國	1081732	白蛇全傳	白蛇全傳/前白蛇傳/第六回	白蛇全傳	28	scrape_output\raw\中華民國\白蛇全傳\白蛇全傳__juan_28.txt	scrape_output\clean\中華民國\白蛇全傳\白蛇全傳__juan_28.txt	0	0	1	separate	0.0	unknown	0	0.0	0.0	0.0	0	1
中華民國	1081732	白蛇全傳	白蛇全傳/前白蛇傳/第十一回	白蛇全傳	29	scrape_output\raw\中華民國\白蛇全傳\白蛇全傳__juan_29.txt	scrape_output\clean\中華民國\白蛇全傳\白蛇全傳__juan_29.txt	0	0	1	separate	0.0	unknown	0	0.0	0.0	0.0	0	1
中華民國	1081732	白蛇全傳	白蛇全傳/前白蛇傳/第十七回	白蛇全傳	30	scrape_output\raw\中華民國\白蛇全傳\白蛇全傳__juan_30.txt	scrape_output\clean\中華民國\白蛇全傳\白蛇全傳__juan_30.txt	0	0	1	separate	0.0	unknown	0	0.0	0.0	0.0	0	1
中華民國	1081732	白蛇全傳	白蛇全傳/前白蛇傳/第十三回	白蛇全傳	31	scrape_output\raw\中華民國\白蛇全傳\白蛇全傳__juan_31.txt	scrape_output\clean\中華民國\白蛇全傳\白蛇全傳__juan_31.txt	0	0	1	separate	0.0	unknown	0	0.0	0.0	0.0	0	1
中華民國	1081732	白蛇全傳	白蛇全傳/前白蛇傳/第十九回	白蛇全傳	32	scrape_output\raw\中華民國\白蛇全傳\白蛇全傳__juan_32.txt	scrape_output\clean\中華民國\白蛇全傳\白蛇全傳__juan_32.txt	0	0	1	separate	0.0	unknown	0	0.0	0.0	0.0	0	1
中華民國	1081732	白蛇全傳	白蛇全傳/前白蛇傳/第十二回	白蛇全傳	33	scrape_output\raw\中華民國\白蛇全傳\白蛇全傳__juan_33.txt	scrape_output\clean\中華民國\白蛇全傳\白蛇全傳__juan_33.txt	0	0	1	separate	0.0	unknown	0	0.0	0.0	0.0	0	1
中華民國	1081732	白蛇全傳	白蛇全傳/前白蛇傳/第十五回	白蛇全傳	34	scrape_output\raw\中華民國\白蛇全傳\白蛇全傳__juan_34.txt	scrape_output\clean\中華民國\白蛇全傳\白蛇全傳__juan_34.txt	0	0	1	separate	0.0	unknown	0	0.0	0.0	0.0	0	1
中華民國	1081732	白蛇全傳	白蛇全傳/前白蛇傳/第十八回	白蛇全傳	35	scrape_output\raw\中華民國\白蛇全傳\白蛇全傳__juan_35.txt	scrape_output\clean\中華民國\白蛇全傳\白蛇全傳__juan_35.txt	0	0	1	separate	0.0	unknown	0	0.0	0.0	0.0	0	1
中華民國	1081732	白蛇全傳	白蛇全傳/前白蛇傳/第十六回	白蛇全傳	36	scrape_output\raw\中華民國\白蛇全傳\白蛇全傳__juan_36.txt	scrape_output\clean\中華民國\白蛇全傳\白蛇全傳__juan_36.txt	0	0	1	separate	0.0	unknown	0	0.0	0.0	0.0	0	1
中華民國	1081732	白蛇全傳	白蛇全傳/前白蛇傳/第十四回	白蛇全傳	37	scrape_output\raw\中華民國\白蛇全傳\白蛇全傳__juan_37.txt	scrape_output\clean\中華民國\白蛇全傳\白蛇全傳__juan_37.txt	0	0	1	separate	0.0	unknown	0	0.0	0.0	0.0	0	1
中華民國	1081732	白蛇全傳	白蛇全傳/前白蛇傳/第十回	白蛇全傳	38	scrape_output\raw\中華民國\白蛇全傳\白蛇全傳__juan_38.txt	scrape_output\clean\中華民國\白蛇全傳\白蛇全傳__juan_38.txt	0	0	1	separate	0.0	unknown	0	0.0	0.0	0.0	0	1
中華民國	1081732	白蛇全傳	白蛇全傳/前白蛇傳/第四十一回	白蛇全傳	39	scrape_output\raw\中華民國\白蛇全傳\白蛇全傳__juan_39.txt	scrape_output\clean\中華民國\白蛇全傳\白蛇全傳__juan_39.txt	0	0	1	separate	0.0	unknown	0	0.0	0.0	0.0	0	1
中華民國	1081732	白蛇全傳	白蛇全傳/前白蛇傳/第四十七回	白蛇全傳	40	scrape_output\raw\中華民國\白蛇全傳\白蛇全傳__juan_40.txt	scrape_output\clean\中華民國\白蛇全傳\白蛇全傳__juan_40.txt	0	0	1	separate	0.0	unknown	0	0.0	0.0	0.0	0	1
中華民國	1081732	白蛇全傳	白蛇全傳/前白蛇傳/第四十三回	白蛇全傳	41	scrape_output\raw\中華民國\白蛇全傳\白蛇全傳__juan_41.txt	scrape_output\clean\中華民國\白蛇全傳\白蛇全傳__juan_41.txt	0	0	1	separate	0.0	unknown	0	0.0	0.0	0.0	0	1
中華民國	1081732	白蛇全傳	白蛇全傳/前白蛇傳/第四十二回	白蛇全傳	42	scrape_output\raw\中華民國\白蛇全傳\白蛇全傳__juan_42.txt	scrape_output\clean\中華民國\白蛇全傳\白蛇全傳__juan_42.txt	0	0	1	separate	0.0	unknown	0	0.0	0.0	0.0	0	1
中華民國	1081732	白蛇全傳	白蛇全傳/前白蛇傳/第四十五回	白蛇全傳	43	scrape_output\raw\中華民國\白蛇全傳\白蛇全傳__juan_43.txt	scrape_output\clean\中華民國\白蛇全傳\白蛇全傳__juan_43.txt	0	0	1	separate	0.0	unknown	0	0.0	0.0	0.0	0	1
中華民國	1081732	白蛇全傳	白蛇全傳/前白蛇傳/第四十八回	白蛇全傳	44	scrape_output\raw\中華民國\白蛇全傳\白蛇全傳__juan_44.txt	scrape_output\clean\中華民國\白蛇全傳\白蛇全傳__juan_44.txt	0	0	1	separate	0.0	unknown	0	0.0	0.0	0.0	0	1
中華民國	1081732	白蛇全傳	白蛇全傳/前白蛇傳/第四十六回	白蛇全傳	45	scrape_output\raw\中華民國\白蛇全傳\白蛇全傳__juan_45.txt	scrape_output\clean\中華民國\白蛇全傳\白蛇全傳__juan_45.txt	0	0	1	separate	0.0	unknown	0	0.0	0.0	0.0	0	1
中華民國	1081732	白蛇全傳	白蛇全傳/前白蛇傳/第四十四回	白蛇全傳	46	scrape_output\raw\中華民國\白蛇全傳\白蛇全傳__juan_46.txt	scrape_output\clean\中華民國\白蛇全傳\白蛇全傳__juan_46.txt	0	0	1	separate	0.0	unknown	0	0.0	0.0	0.0	0	1
中華民國	1081732	白蛇全傳	白蛇全傳/前白蛇傳/第四十回	白蛇全傳	47	scrape_output\raw\中華民國\白蛇全傳\白蛇全傳__juan_47.txt	scrape_output\clean\中華民國\白蛇全傳\白蛇全傳__juan_47.txt	0	0	1	separate	0.0	unknown	0	0.0	0.0	0.0	0	1
中華民國	1081732	白蛇全傳	白蛇全傳/前白蛇傳/第四回	白蛇全傳	48	scrape_output\raw\中華民國\白蛇全傳\白蛇全傳__juan_48.txt	scrape_output\clean\中華民國\白蛇全傳\白蛇全傳__juan_48.txt	0	0	1	separate	0.0	unknown	0	0.0	0.0	0.0	0	1
中華民國	1081732	白蛇全傳	白蛇全傳/後白蛇傳/第一回	白蛇全傳	49	scrape_output\raw\中華民國\白蛇全傳\白蛇全傳__juan_49.txt	scrape_output\clean\中華民國\白蛇全傳\白蛇全傳__juan_49.txt	0	0	1	separate	0.0	unknown	0	0.0	0.0	0.0	0	1
中華民國	1081732	白蛇全傳	白蛇全傳/後白蛇傳/第七回	白蛇全傳	50	scrape_output\raw\中華民國\白蛇全傳\白蛇全傳__juan_50.txt	scrape_output\clean\中華民國\白蛇全傳\白蛇全傳__juan_50.txt	0	0	1	separate	0.0	unknown	0	0.0	0.0	0.0	0	1
中華民國	1081732	白蛇全傳	白蛇全傳/後白蛇傳/第三回	白蛇全傳	51	scrape_output\raw\中華民國\白蛇全傳\白蛇全傳__juan_51.txt	scrape_output\clean\中華民國\白蛇全傳\白蛇全傳__juan_51.txt	0	0	1	separate	0.0	unknown	0	0.0	0.0	0.0	0	1
中華民國	1081732	白蛇全傳	白蛇全傳/後白蛇傳/第九回	白蛇全傳	52	scrape_output\raw\中華民國\白蛇全傳\白蛇全傳__juan_52.txt	scrape_output\clean\中華民國\白蛇全傳\白蛇全傳__juan_52.txt	0	0	1	separate	0.0	unknown	0	0.0	0.0	0.0	0	1
中華民國	1081732	白蛇全傳	白蛇全傳/後白蛇傳/第二回	白蛇全傳	53	scrape_output\raw\中華民國\白蛇全傳\白蛇全傳__juan_53.txt	scrape_output\clean\中華民國\白蛇全傳\白蛇全傳__juan_53.txt	0	0	1	separate	0.0	unknown	0	0.0	0.0	0.0	0	1
中華民國	1081732	白蛇全傳	白蛇全傳/後白蛇傳/第五回	白蛇全傳	54	scrape_output\raw\中華民國\白蛇全傳\白蛇全傳__juan_54.txt	scrape_output\clean\中華民國\白蛇全傳\白蛇全傳__juan_54.txt	0	0	1	separate	0.0	unknown	0	0.0	0.0	0.0	0	1
中華民國	1081732	白蛇全傳	白蛇全傳/後白蛇傳/第八回	白蛇全傳	55	scrape_output\raw\中華民國\白蛇全傳\白蛇全傳__juan_55.txt	scrape_output\clean\中華民國\白蛇全傳\白蛇全傳__juan_55.txt	0	0	1	separate	0.0	unknown	0	0.0	0.0	0.0	0	1
中華民國	1081732	白蛇全傳	白蛇全傳/後白蛇傳/第六回	白蛇全傳	56	scrape_output\raw\中華民國\白蛇全傳\白蛇全傳__juan_56.txt	scrape_output\clean\中華民國\白蛇全傳\白蛇全傳__juan_56.txt	0	0	1	separate	0.0	unknown	0	0.0	0.0	0.0	0	1
中華民國	1081732	白蛇全傳	白蛇全傳/後白蛇傳/第十一回	白蛇全傳	57	scrape_output\raw\中華民國\白蛇全傳\白蛇全傳__juan_57.txt	scrape_output\clean\中華民國\白蛇全傳\白蛇全傳__juan_57.txt	0	0	1	separate	0.0	unknown	0	0.0	0.0	0.0	0	1
中華民國	1081732	白蛇全傳	白蛇全傳/後白蛇傳/第十三回	白蛇全傳	58	scrape_output\raw\中華民國\白蛇全傳\白蛇全傳__juan_58.txt	scrape_output\clean\中華民國\白蛇全傳\白蛇全傳__juan_58.txt	0	0	1	separate	0.0	unknown	0	0.0	0.0	0.0	0	1
中華民國	1081732	白蛇全傳	白蛇全傳/後白蛇傳/第十二回	白蛇全傳	59	scrape_output\raw\中華民國\白蛇全傳\白蛇全傳__juan_59.txt	scrape_output\clean\中華民國\白蛇全傳\白蛇全傳__juan_59.txt	0	0	1	separate	0.0	unknown	0	0.0	0.0	0.0	0	1
中華民國	1081732	白蛇全傳	白蛇全傳/後白蛇傳/第十五回	白蛇全傳	60	scrape_output\raw\中華民國\白蛇全傳\白蛇全傳__juan_60.txt	scrape_output\clean\中華民國\白蛇全傳\白蛇全傳__juan_60.txt	0	0	1	separate	0.0	unknown	0	0.0	0.0	0.0	0	1
中華民國	1081732	白蛇全傳	白蛇全傳/後白蛇傳/第十六回	白蛇全傳	61	scrape_output\raw\中華民國\白蛇全傳\白蛇全傳__juan_61.txt	scrape_output\clean\中華民國\白蛇全傳\白蛇全傳__juan_61.txt	0	0	1	separate	0.0	unknown	0	0.0	0.0	0.0	0	1
中華民國	1081732	白蛇全傳	白蛇全傳/後白蛇傳/第十四回	白蛇全傳	62	scrape_output\raw\中華民國\白蛇全傳\白蛇全傳__juan_62.txt	scrape_output\clean\中華民國\白蛇全傳\白蛇全傳__juan_62.txt	0	0	1	separate	0.0	unknown	0	0.0	0.0	0.0	0	1
中華民國	1081732	白蛇全傳	白蛇全傳/後白蛇傳/第十回	白蛇全傳	63	scrape_output\raw\中華民國\白蛇全傳\白蛇全傳__juan_63.txt	scrape_output\clean\中華民國\白蛇全傳\白蛇全傳__juan_63.txt	0	0	1	separate	0.0	unknown	0	0.0	0.0	0.0	0	1
中華民國	1081732	白蛇全傳	白蛇全傳/後白蛇傳/第四回	白蛇全傳	64	scrape_output\raw\中華民國\白蛇全傳\白蛇全傳__juan_64.txt	scrape_output\clean\中華民國\白蛇全傳\白蛇全傳__juan_64.txt	0	0	1	separate	0.0	unknown	0	0.0	0.0	0.0	0	1
中華民國	885157	盟軍中國戰區最高統帥授予日軍投降第一號備忘錄	盟軍中國戰區最高統帥授予日軍投降第一號備忘錄	盟軍中國戰區最高統帥授予日軍投降第一號備忘錄	1	scrape_output\raw\中華民國\盟軍中國戰區最高統帥授予日軍投降第一號備忘錄\盟軍中國戰區最高統帥授予日軍投降第一號備忘錄__juan_01.txt	scrape_output\clean\中華民國\盟軍中國戰區最高統帥授予日軍投降第一號備忘錄\盟軍中國戰區最高統帥授予日軍投降第一號備忘錄__juan_01.txt	1808	1765	0	separate	0.26458087367178273	wenyan-like	1694	0.02833530106257379	0.024793388429752067	28.152542372881356	0	0
中華民國	340076	石城山志	石城山志/卷1	石城山志	1	scrape_output\raw\中華民國\石城山志\石城山志__juan_01.txt	scrape_output\clean\中華民國\石城山志\石城山志__juan_01.txt	1217	1171	0	separate	0.19273504273504272	wenyan-like	3393	0.015620394930739759	0.044798113763631006	17.07936507936508	0	0
中華民國	340076	石城山志	石城山志/卷2	石城山志	2	scrape_output\raw\中華民國\石城山志\石城山志__juan_02.txt	scrape_output\clean\中華民國\石城山志\石城山志__juan_02.txt	1373	1327	0	separate	0.19273504273504272	wenyan-like	3393	0.015620394930739759	0.044798113763631006	17.07936507936508	0	0
中華民國	340076	石城山志	石城山志/卷3	石城山志	3	scrape_output\raw\中華民國\石城山志\石城山志__juan_03.txt	scrape_output\clean\中華民國\石城山志\石城山志__juan_03.txt	1114	1068	0	separate	0.19273504273504272	wenyan-like	3393	0.015620394930739759	0.044798113763631006	17.07936507936508	0	0
中華民國	166844	答田島書	答田島書	答田島書	1	scrape_output\raw\中華民國\答田島書\答田島書__juan_01.txt	scrape_output\clean\中華民國\答田島書\答田島書__juan_01.txt	1214	1155	0	separate	0.35300353356890457	wenyan-like	1132	0.022968197879858657	0.060954063604240286	34.65625	0	0
中華民國	203618	總統對國民大會第五次會議致詞	總統對國民大會第五次會議致詞	總統對國民大會第五次會議致詞	1	scrape_output\raw\中華民國\總統對國民大會第五次會議致詞\總統對國民大會第五次會議致詞__juan_01.txt	scrape_output\clean\中華民國\總統對國民大會第五次會議致詞\總統對國民大會第五次會議致詞__juan_01.txt	2231	2188	0	separate	0.13229516051748919	wenyan-like	2087	0.07954000958313369	0.03545759463344514	31.984375	0	0
中華民國	203619	總統對國民大會第五次會議閉幕致詞	總統對國民大會第五次會議閉幕致詞	總統對國民大會第五次會議閉幕致詞	1	scrape_output\raw\中華民國\總統對國民大會第五次會議閉幕致詞\總統對國民大會第五次會議閉幕致詞__juan_01.txt	scrape_output\clean\中華民國\總統對國民大會第五次會議閉幕致詞\總統對國民大會第五次會議閉幕致詞__juan_01.txt	1458	1415	0	separate	0.13661119515885017	wenyan-like	1322	0.07866868381240545	0.036308623298033284	25.333333333333332	0	0
中華民國	867194	續修鎮海後海塘記	續修鎮海後海塘記	續修鎮海後海塘記	1	scrape_output\raw\中華民國\續修鎮海後海塘記\續修鎮海後海塘記__juan_01.txt	scrape_output\clean\中華民國\續修鎮海後海塘記\續修鎮海後海塘記__juan_01.txt	1459	1414	0	separate	0.35039596832253417	wenyan-like	1389	0.017278617710583154	0.051115910727141826	27.551020408163264	0	0
中華民國	192339	續古文觀止	續古文觀止	續古文觀止	1	scrape_output\raw\中華民國\續古文觀止\續古文觀止__juan_01.txt	scrape_output\clean\中華民國\續古文觀止\續古文觀止__juan_01.txt	3412	3011	0	separate	0.04001905669366365	wenyan-like	2099	0.007622677465459742	0.03144354454502144	5.469816272965879	0	0
中華民國	184783	自傳	自傳	自傳	1	scrape_output\raw\中華民國\自傳\自傳__juan_01.txt	scrape_output\clean\中華民國\自傳\自傳__juan_01.txt	996	978	0	separate	0.04226804123711336	wenyan-like	970	0.09690721649484536	0.016494845360824743	41.17391304347826	0	0
中華民國	163207	致日本首相大隈重信勸助中國革命函	致日本首相大隈重信勸助中國革命函	致日本首相大隈重信勸助中國革命函	1	scrape_output\raw\中華民國\致日本首相大隈重信勸助中國革命函\致日本首相大隈重信勸助中國革命函__juan_01.txt	scrape_output\clean\中華民國\致日本首相大隈重信勸助中國革命函\致日本首相大隈重信勸助中國革命函__juan_01.txt	2361	2307	0	separate	0.4147902869757174	wenyan-like	2265	0.022958057395143488	0.09183222958057395	29.333333333333332	0	0
中華民國	1203628	與聶雲台居士書	與聶雲台居士書	與聶雲台居士書	1	scrape_output\raw\中華民國\與聶雲台居士書\與聶雲台居士書__juan_01.txt	scrape_output\clean\中華民國\與聶雲台居士書\與聶雲台居士書__juan_01.txt	608	561	0	separate	0.23518518518518516	wenyan-like	540	0.02962962962962963	0.08703703703703704	17.266666666666666	0	0
中華民國	136206	舊京瑣記	舊京瑣記	舊京瑣記	1	scrape_output\raw\中華民國\舊京瑣記\舊京瑣記__juan_01.txt	scrape_output\clean\中華民國\舊京瑣記\舊京瑣記__juan_01.txt	35694	35627	0	separate	0.2712518901029928	wenyan-like	35051	0.008216598670508687	0.07295084305725942	23.12216884008236	0	0
中華民國	347236	蒙兀兒史記	蒙兀兒史記/卷第百十七	蒙兀兒史記	1	scrape_output\raw\中華民國\蒙兀兒史記\蒙兀兒史記__juan_01.txt	scrape_output\clean\中華民國\蒙兀兒史記\蒙兀兒史記__juan_01.txt	3976	3940	0	separate	0.20139694254085397	wenyan-like	3794	0.012915129151291513	0.04507116499736426	17.926829268292682	0	0
中華民國	182672	藏齋詩話	藏齋詩話	藏齋詩話	1	scrape_output\raw\中華民國\藏齋詩話\藏齋詩話__juan_01.txt	scrape_output\clean\中華民國\藏齋詩話\藏齋詩話__juan_01.txt	53711	53691	0	separate	0.2312465326267863	wenyan-like	52273	0.008972127101945554	0.05408145696631148	23.029830197338228	0	0
中華民國	143416	虞預《晉書》序	虞預《晉書》序	虞預《晉書》序	1	scrape_output\suspected_baihua\raw\中華民國\虞預《晉書》序\虞預《晉書》序__juan_01.txt	scrape_output\suspected_baihua\clean\中華民國\虞預《晉書》序\虞預《晉書》序__juan_01.txt	604	518	0	separate	-0.0774818401937046	baihua-like	413	0.0387409200968523	0.01937046004842615	8.931818181818182	0	0
中華民國	155401	行政院為遷廣州辦公致南京市政府電	行政院為遷廣州辦公致南京市政府電	行政院為遷廣州辦公致南京市政府電	1	scrape_output\suspected_baihua\raw\中華民國\行政院為遷廣州辦公致南京市政府電\行政院為遷廣州辦公致南京市政府電__juan_01.txt	scrape_output\suspected_baihua\clean\中華民國\行政院為遷廣州辦公致南京市政府電\行政院為遷廣州辦公致南京市政府電__juan_01.txt	597	554	0	separate	-0.01414141414141415	baihua-like	495	0.030303030303030304	0.03838383838383838	14.088235294117647	0	0
中華民國	136101	西夏紀	西夏紀/03	西夏紀	1	scrape_output\raw\中華民國\西夏紀\西夏紀__juan_01.txt	scrape_output\clean\中華民國\西夏紀\西夏紀__juan_01.txt	10441	10381	0	separate	0.1984087955621454	wenyan-like	174679	0.009136759427292347	0.03790953692201123	20.04599761051374	0	0
中華民國	136101	西夏紀	西夏紀/04	西夏紀	2	scrape_output\raw\中華民國\西夏紀\西夏紀__juan_02.txt	scrape_output\clean\中華民國\西夏紀\西夏紀__juan_02.txt	9366	9333	0	separate	0.1984087955621454	wenyan-like	174679	0.009136759427292347	0.03790953692201123	20.04599761051374	0	0
中華民國	136101	西夏紀	西夏紀/05	西夏紀	3	scrape_output\raw\中華民國\西夏紀\西夏紀__juan_03.txt	scrape_output\clean\中華民國\西夏紀\西夏紀__juan_03.txt	11880	11817	0	separate	0.1984087955621454	wenyan-like	174679	0.009136759427292347	0.03790953692201123	20.04599761051374	0	0
中華民國	136101	西夏紀	西夏紀/06	西夏紀	4	scrape_output\raw\中華民國\西夏紀\西夏紀__juan_04.txt	scrape_output\clean\中華民國\西夏紀\西夏紀__juan_04.txt	11318	11267	0	separate	0.1984087955621454	wenyan-like	174679	0.009136759427292347	0.03790953692201123	20.04599761051374	0	0
中華民國	136101	西夏紀	西夏紀/07	西夏紀	5	scrape_output\raw\中華民國\西夏紀\西夏紀__juan_05.txt	scrape_output\clean\中華民國\西夏紀\西夏紀__juan_05.txt	14767	14617	0	separate	0.1984087955621454	wenyan-like	174679	0.009136759427292347	0.03790953692201123	20.04599761051374	0	0
中華民國	136101	西夏紀	西夏紀/08	西夏紀	6	scrape_output\raw\中華民國\西夏紀\西夏紀__juan_06.txt	scrape_output\clean\中華民國\西夏紀\西夏紀__juan_06.txt	10486	10463	0	separate	0.1984087955621454	wenyan-like	174679	0.009136759427292347	0.03790953692201123	20.04599761051374	0	0
中華民國	136101	西夏紀	西夏紀/09	西夏紀	7	scrape_output\raw\中華民國\西夏紀\西夏紀__juan_07.txt	scrape_output\clean\中華民國\西夏紀\西夏紀__juan_07.txt	8824	8791	0	separate	0.1984087955621454	wenyan-like	174679	0.009136759427292347	0.03790953692201123	20.04599761051374	0	0
中華民國	136101	西夏紀	西夏紀/10	西夏紀	8	scrape_output\raw\中華民國\西夏紀\西夏紀__juan_08.txt	scrape_output\clean\中華民國\西夏紀\西夏紀__juan_08.txt	9397	9361	0	separate	0.1984087955621454	wenyan-like	174679	0.009136759427292347	0.03790953692201123	20.04599761051374	0	0
中華民國	136101	西夏紀	西夏紀/11	西夏紀	9	scrape_output\raw\中華民國\西夏紀\西夏紀__juan_09.txt	scrape_output\clean\中華民國\西夏紀\西夏紀__juan_09.txt	5320	5297	0	separate	0.1984087955621454	wenyan-like	174679	0.009136759427292347	0.03790953692201123	20.04599761051374	0	0
中華民國	136101	西夏紀	西夏紀/12	西夏紀	10	scrape_output\raw\中華民國\西夏紀\西夏紀__juan_10.txt	scrape_output\clean\中華民國\西夏紀\西夏紀__juan_10.txt	10541	10475	0	separate	0.1984087955621454	wenyan-like	174679	0.009136759427292347	0.03790953692201123	20.04599761051374	0	0
中華民國	136101	西夏紀	西夏紀/13	西夏紀	11	scrape_output\raw\中華民國\西夏紀\西夏紀__juan_11.txt	scrape_output\clean\中華民國\西夏紀\西夏紀__juan_11.txt	12639	12591	0	separate	0.1984087955621454	wenyan-like	174679	0.009136759427292347	0.03790953692201123	20.04599761051374	0	0
中華民國	136101	西夏紀	西夏紀/14	西夏紀	12	scrape_output\raw\中華民國\西夏紀\西夏紀__juan_12.txt	scrape_output\clean\中華民國\西夏紀\西夏紀__juan_12.txt	13854	13793	0	separate	0.1984087955621454	wenyan-like	174679	0.009136759427292347	0.03790953692201123	20.04599761051374	0	0
中華民國	136101	西夏紀	西夏紀/15	西夏紀	13	scrape_output\raw\中華民國\西夏紀\西夏紀__juan_13.txt	scrape_output\clean\中華民國\西夏紀\西夏紀__juan_13.txt	11585	11569	0	separate	0.1984087955621454	wenyan-like	174679	0.009136759427292347	0.03790953692201123	20.04599761051374	0	0
中華民國	136101	西夏紀	西夏紀/16	西夏紀	14	scrape_output\raw\中華民國\西夏紀\西夏紀__juan_14.txt	scrape_output\clean\中華民國\西夏紀\西夏紀__juan_14.txt	9471	9435	0	separate	0.1984087955621454	wenyan-like	174679	0.009136759427292347	0.03790953692201123	20.04599761051374	0	0
中華民國	136101	西夏紀	西夏紀/17	西夏紀	15	scrape_output\raw\中華民國\西夏紀\西夏紀__juan_15.txt	scrape_output\clean\中華民國\西夏紀\西夏紀__juan_15.txt	10842	10798	0	separate	0.1984087955621454	wenyan-like	174679	0.009136759427292347	0.03790953692201123	20.04599761051374	0	0
中華民國	136101	西夏紀	西夏紀/18	西夏紀	16	scrape_output\raw\中華民國\西夏紀\西夏紀__juan_16.txt	scrape_output\clean\中華民國\西夏紀\西夏紀__juan_16.txt	8392	8359	0	separate	0.1984087955621454	wenyan-like	174679	0.009136759427292347	0.03790953692201123	20.04599761051374	0	0
中華民國	136101	西夏紀	西夏紀/24	西夏紀	17	scrape_output\raw\中華民國\西夏紀\西夏紀__juan_17.txt	scrape_output\clean\中華民國\西夏紀\西夏紀__juan_17.txt	10705	10591	0	separate	0.1984087955621454	wenyan-like	174679	0.009136759427292347	0.03790953692201123	20.04599761051374	0	0
中華民國	143412	謝承《後漢書》序	謝承《後漢書》序	謝承《後漢書》序	1	scrape_output\raw\中華民國\謝承《後漢書》序\謝承《後漢書》序__juan_01.txt	scrape_output\clean\中華民國\謝承《後漢書》序\謝承《後漢書》序__juan_01.txt	817	725	0	separate	0.02306425041186161	wenyan-like	607	0.023064250411861616	0.04612850082372323	13.568181818181818	0	0
中華民國	143414	謝沈《後漢書》序	謝沈《後漢書》序	謝沈《後漢書》序	1	scrape_output\suspected_baihua\raw\中華民國\謝沈《後漢書》序\謝沈《後漢書》序__juan_01.txt	scrape_output\suspected_baihua\clean\中華民國\謝沈《後漢書》序\謝沈《後漢書》序__juan_01.txt	629	543	0	separate	-0.05855855855855857	baihua-like	444	0.04054054054054054	0.03153153153153153	11.025641025641026	0	0
中華民國	177102	象山東門島燈塔記	象山東門島燈塔記	象山東門島燈塔記	1	scrape_output\raw\中華民國\象山東門島燈塔記\象山東門島燈塔記__juan_01.txt	scrape_output\clean\中華民國\象山東門島燈塔記\象山東門島燈塔記__juan_01.txt	479	433	0	separate	0.14757281553398058	wenyan-like	412	0.03155339805825243	0.04611650485436893	21.105263157894736	0	0
中華民國	885152	軍事告竣上國民政府呈請辭職電	軍事告竣上國民政府呈請辭職電	軍事告竣上國民政府呈請辭職電	1	scrape_output\raw\中華民國\軍事告竣上國民政府呈請辭職電\軍事告竣上國民政府呈請辭職電__juan_01.txt	scrape_output\clean\中華民國\軍事告竣上國民政府呈請辭職電\軍事告竣上國民政府呈請辭職電__juan_01.txt	1105	1062	0	separate	0.323023023023023	wenyan-like	999	0.01701701701701702	0.037037037037037035	26.56756756756757	0	0
中華民國	885162	軍需人員負責盡職之要道	軍需人員負責盡職之要道	軍需人員負責盡職之要道	1	scrape_output\raw\中華民國\軍需人員負責盡職之要道\軍需人員負責盡職之要道__juan_01.txt	scrape_output\clean\中華民國\軍需人員負責盡職之要道\軍需人員負責盡職之要道__juan_01.txt	2462	2419	0	separate	0.007960834397616023	wenyan-like	2349	0.11068539804171988	0.020008514261387826	38.46666666666667	0	0
中華民國	885156	通令抗戰期間地方行政長官應負守土責任	通令抗戰期間地方行政長官應負守土責任	通令抗戰期間地方行政長官應負守土責任	1	scrape_output\raw\中華民國\通令抗戰期間地方行政長官應負守土責任\通令抗戰期間地方行政長官應負守土責任__juan_01.txt	scrape_output\clean\中華民國\通令抗戰期間地方行政長官應負守土責任\通令抗戰期間地方行政長官應負守土責任__juan_01.txt	1330	1287	0	separate	0.30326264274061987	wenyan-like	1226	0.03262642740619902	0.05057096247960848	27.953488372093023	0	0
中華民國	1114126	金针秘传	金针秘传	金针秘传	1	scrape_output\raw\中華民國\金针秘传\金针秘传__juan_01.txt	scrape_output\clean\中華民國\金针秘传\金针秘传__juan_01.txt	89447	88345	0	separate	0.24304415833031784	wenyan-like	85669	0.005778052737863171	0.055189158271953684	21.59556135770235	0	0
中華民國	1145233	隨念三寶經淺說	隨念三寶經淺說	隨念三寶經淺說	1	scrape_output\raw\中華民國\隨念三寶經淺說\隨念三寶經淺說__juan_01.txt	scrape_output\clean\中華民國\隨念三寶經淺說\隨念三寶經淺說__juan_01.txt	11023	10802	0	separate	0.3160986631519488	wenyan-like	10622	0.022688759179062323	0.04208247034456788	30.075801749271136	0	0
中華民國	145945	集外集	集外集	集外集	1	scrape_output\raw\中華民國\集外集\集外集__juan_01.txt	scrape_output\clean\中華民國\集外集\集外集__juan_01.txt	828	752	0	separate	0.1487993138936535	wenyan-like	583	0.04631217838765009	0.018867924528301886	7.024096385542169	1	0
中華民國	1085683	離去	離去	離去	1	scrape_output\suspected_baihua\raw\中華民國\離去\離去__juan_01.txt	scrape_output\suspected_baihua\clean\中華民國\離去\離去__juan_01.txt	1203	1166	0	separate	-0.10904761904761909	baihua-like	1050	0.09333333333333334	0.010476190476190476	15.698412698412698	0	0
中華民國	872877	離恨天譯餘賸語	離恨天譯餘賸語	離恨天譯餘賸語	1	scrape_output\raw\中華民國\離恨天譯餘賸語\離恨天譯餘賸語__juan_01.txt	scrape_output\clean\中華民國\離恨天譯餘賸語\離恨天譯餘賸語__juan_01.txt	2292	2288	0	separate	0.4666666666666667	wenyan-like	2256	0.010638297872340425	0.09929078014184398	25.976190476190474	0	0
中華民國	175675	青史子	青史子	青史子	1	scrape_output\raw\中華民國\青史子\青史子__juan_01.txt	scrape_output\clean\中華民國\青史子\青史子__juan_01.txt	894	831	0	separate	0.4922563417890521	wenyan-like	749	0.018691588785046728	0.12416555407209613	25.310344827586206	0	0
中華民國	885161	青年遠征軍官兵應有之修養與準備	青年遠征軍官兵應有之修養與準備	青年遠征軍官兵應有之修養與準備	1	scrape_output\suspected_baihua\raw\中華民國\青年遠征軍官兵應有之修養與準備\青年遠征軍官兵應有之修養與準備__juan_01.txt	scrape_output\suspected_baihua\clean\中華民國\青年遠征軍官兵應有之修養與準備\青年遠征軍官兵應有之修養與準備__juan_01.txt	1988	1942	0	separate	-0.007528029898558497	baihua-like	1873	0.11532301121195943	0.019220501868659905	29.047619047619047	0	0
中華民國	106645	飲冰室合集	飲冰室合集	飲冰室合集	1	scrape_output\raw\中華民國\飲冰室合集\飲冰室合集__juan_01.txt	scrape_output\clean\中華民國\飲冰室合集\飲冰室合集__juan_01.txt	19730	13618	0	separate	0.28083398590446357	wenyan-like	10216	0.012431480031323414	0.034064212999216914	7.8335877862595416	1	0
中華民國	1205625	鷓鴣天 (鄧嘉縝)	鷓鴣天 (鄧嘉縝)	鷓鴣天 (鄧嘉縝)	1	scrape_output\raw\中華民國\鷓鴣天 (鄧嘉縝)\鷓鴣天 (鄧嘉縝)__juan_01.txt	scrape_output\clean\中華民國\鷓鴣天 (鄧嘉縝)\鷓鴣天 (鄧嘉縝)__juan_01.txt	169	77	0	separate	-0.013888888888888888	unknown	72	0.013888888888888888	0.013888888888888888	8.25	0	1
