category	pageid	work_title	page_title	work_folder	juan_index	raw_path	clean_path	char_count_raw	char_count_clean	is_empty_page
西晉	23782	七命	七命	七命	1	scrape_output\raw\西晉\七命\七命__juan_01.txt	scrape_output\clean\西晉\七命\七命__juan_01.txt	3083	3033	0
西晉	242	三國志	三國志/卷01	三國志	1	scrape_output\raw\西晉\三國志\三國志__juan_01.txt	scrape_output\clean\西晉\三國志\三國志__juan_01.txt	33326	33268	0
西晉	242	三國志	三國志/卷02	三國志	2	scrape_output\raw\西晉\三國志\三國志__juan_02.txt	scrape_output\clean\西晉\三國志\三國志__juan_02.txt	13202	13152	0
西晉	242	三國志	三國志/卷06	三國志	3	scrape_output\raw\西晉\三國志\三國志__juan_03.txt	scrape_output\clean\西晉\三國志\三國志__juan_03.txt	31503	31449	0
西晉	242	三國志	三國志/卷07	三國志	4	scrape_output\raw\西晉\三國志\三國志__juan_04.txt	scrape_output\clean\西晉\三國志\三國志__juan_04.txt	11870	11804	0
西晉	242	三國志	三國志/卷28	三國志	5	scrape_output\raw\西晉\三國志\三國志__juan_05.txt	scrape_output\clean\西晉\三國志\三國志__juan_05.txt	26048	25981	0
西晉	242	三國志	三國志/卷43	三國志	6	scrape_output\raw\西晉\三國志\三國志__juan_06.txt	scrape_output\clean\西晉\三國志\三國志__juan_06.txt	6822	6769	0
西晉	242	三國志	三國志/卷50	三國志	7	scrape_output\raw\西晉\三國志\三國志__juan_07.txt	scrape_output\clean\西晉\三國志\三國志__juan_07.txt	4510	4458	0
西晉	242	三國志	三國志/卷54	三國志	8	scrape_output\raw\西晉\三國志\三國志__juan_08.txt	scrape_output\clean\西晉\三國志\三國志__juan_08.txt	13751	13703	0
西晉	242	三國志	三國志/卷55	三國志	9	scrape_output\raw\西晉\三國志\三國志__juan_09.txt	scrape_output\clean\西晉\三國志\三國志__juan_09.txt	10406	10358	0
西晉	877033	三曼陀跋陀羅菩薩經	三曼陀跋陀羅菩薩經	三曼陀跋陀羅菩薩經	1	scrape_output\raw\西晉\三曼陀跋陀羅菩薩經\三曼陀跋陀羅菩薩經__juan_01.txt	scrape_output\clean\西晉\三曼陀跋陀羅菩薩經\三曼陀跋陀羅菩薩經__juan_01.txt	3599	3502	0
西晉	765996	上客舍議	上客舍議	上客舍議	1	scrape_output\raw\西晉\上客舍議\上客舍議__juan_01.txt	scrape_output\clean\西晉\上客舍議\上客舍議__juan_01.txt	575	531	0
西晉	1009792	上律令注解奏	上律令注解奏	上律令注解奏	1	scrape_output\raw\西晉\上律令注解奏\上律令注解奏__juan_01.txt	scrape_output\clean\西晉\上律令注解奏\上律令注解奏__juan_01.txt	228	184	0
西晉	765993	上關中詩表	上關中詩表	上關中詩表	1	scrape_output\raw\西晉\上關中詩表\上關中詩表__juan_01.txt	scrape_output\clean\西晉\上關中詩表\上關中詩表__juan_01.txt	180	136	0
西晉	1020266	上黜陟課法略	上黜陟課法略	上黜陟課法略	1	scrape_output\raw\西晉\上黜陟課法略\上黜陟課法略__juan_01.txt	scrape_output\clean\西晉\上黜陟課法略\上黜陟課法略__juan_01.txt	632	588	0
西晉	766034	世祖皇帝誄	世祖皇帝誄	世祖皇帝誄	1	scrape_output\raw\西晉\世祖皇帝誄\世祖皇帝誄__juan_01.txt	scrape_output\clean\西晉\世祖皇帝誄\世祖皇帝誄__juan_01.txt	786	742	0
西晉	1033060	之馮翊祖道詩	之馮翊祖道詩	之馮翊祖道詩	1	scrape_output\raw\西晉\之馮翊祖道詩\之馮翊祖道詩__juan_01.txt	scrape_output\clean\西晉\之馮翊祖道詩\之馮翊祖道詩__juan_01.txt	105	61	0
西晉	1032987	九品疏	九品疏	九品疏	1	scrape_output\raw\西晉\九品疏\九品疏__juan_01.txt	scrape_output\clean\西晉\九品疏\九品疏__juan_01.txt	177	133	0
西晉	765995	九品議	九品議	九品議	1	scrape_output\raw\西晉\九品議\九品議__juan_01.txt	scrape_output\clean\西晉\九品議\九品議__juan_01.txt	340	296	0
西晉	102295	九州春秋	九州春秋	九州春秋	1	scrape_output\raw\西晉\九州春秋\九州春秋__juan_01.txt	scrape_output\clean\西晉\九州春秋\九州春秋__juan_01.txt	6066	6018	0
西晉	169461	五湖賦	五湖賦	五湖賦	1	scrape_output\raw\西晉\五湖賦\五湖賦__juan_01.txt	scrape_output\clean\西晉\五湖賦\五湖賦__juan_01.txt	658	550	0
西晉	869286	五等論 (陸機)	五等論 (陸機)	五等論 (陸機)	1	scrape_output\raw\西晉\五等論 (陸機)\五等論 (陸機)__juan_01.txt	scrape_output\clean\西晉\五等論 (陸機)\五等論 (陸機)__juan_01.txt	2813	2346	0
西晉	175522	井賦 (孫楚)	井賦 (孫楚)	井賦 (孫楚)	1	scrape_output\raw\西晉\井賦 (孫楚)\井賦 (孫楚)__juan_01.txt	scrape_output\clean\西晉\井賦 (孫楚)\井賦 (孫楚)__juan_01.txt	293	247	0
西晉	797762	伉儷詩	伉儷詩	伉儷詩	1	scrape_output\raw\西晉\伉儷詩\伉儷詩__juan_01.txt	scrape_output\clean\西晉\伉儷詩\伉儷詩__juan_01.txt	124	124	0
西晉	177097	伏婬經	伏婬經	伏婬經	1	scrape_output\raw\西晉\伏婬經\伏婬經__juan_01.txt	scrape_output\clean\西晉\伏婬經\伏婬經__juan_01.txt	1437	1435	0
西晉	195444	佛五百弟子自說本起經	佛五百弟子自說本起經	佛五百弟子自說本起經	1	scrape_output\raw\西晉\佛五百弟子自說本起經\佛五百弟子自說本起經__juan_01.txt	scrape_output\clean\西晉\佛五百弟子自說本起經\佛五百弟子自說本起經__juan_01.txt	18194	18034	0
西晉	878386	佛昇忉利天為母說法經	佛昇忉利天為母說法經/卷01	佛昇忉利天為母說法經	1	scrape_output\raw\西晉\佛昇忉利天為母說法經\佛昇忉利天為母說法經__juan_01.txt	scrape_output\clean\西晉\佛昇忉利天為母說法經\佛昇忉利天為母說法經__juan_01.txt	7975	7975	0
西晉	878386	佛昇忉利天為母說法經	佛昇忉利天為母說法經/卷02	佛昇忉利天為母說法經	2	scrape_output\raw\西晉\佛昇忉利天為母說法經\佛昇忉利天為母說法經__juan_02.txt	scrape_output\clean\西晉\佛昇忉利天為母說法經\佛昇忉利天為母說法經__juan_02.txt	5385	5385	0
西晉	878386	佛昇忉利天為母說法經	佛昇忉利天為母說法經/卷03	佛昇忉利天為母說法經	3	scrape_output\raw\西晉\佛昇忉利天為母說法經\佛昇忉利天為母說法經__juan_03.txt	scrape_output\clean\西晉\佛昇忉利天為母說法經\佛昇忉利天為母說法經__juan_03.txt	7416	7413	0
西晉	875514	佛治身經	佛治身經	佛治身經	1	scrape_output\raw\西晉\佛治身經\佛治身經__juan_01.txt	scrape_output\clean\西晉\佛治身經\佛治身經__juan_01.txt	621	577	0
西晉	876510	佛滅度後棺斂葬送經	佛滅度後棺斂葬送經	佛滅度後棺斂葬送經	1	scrape_output\raw\西晉\佛滅度後棺斂葬送經\佛滅度後棺斂葬送經__juan_01.txt	scrape_output\clean\西晉\佛滅度後棺斂葬送經\佛滅度後棺斂葬送經__juan_01.txt	1784	1736	0
西晉	875356	佛為年少比丘說正事經	佛為年少比丘說正事經	佛為年少比丘說正事經	1	scrape_output\raw\西晉\佛為年少比丘說正事經\佛為年少比丘說正事經__juan_01.txt	scrape_output\clean\西晉\佛為年少比丘說正事經\佛為年少比丘說正事經__juan_01.txt	1023	979	0
西晉	184234	佛般泥洹經	佛般泥洹經	佛般泥洹經	1	scrape_output\raw\西晉\佛般泥洹經\佛般泥洹經__juan_01.txt	scrape_output\clean\西晉\佛般泥洹經\佛般泥洹經__juan_01.txt	27305	27261	0
西晉	878379	佛說乳光佛經	佛說乳光佛經	佛說乳光佛經	1	scrape_output\raw\西晉\佛說乳光佛經\佛說乳光佛經__juan_01.txt	scrape_output\clean\西晉\佛說乳光佛經\佛說乳光佛經__juan_01.txt	3379	3311	0
西晉	184311	佛說伏婬經	佛說伏婬經	佛說伏婬經	1	scrape_output\raw\西晉\佛說伏婬經\佛說伏婬經__juan_01.txt	scrape_output\clean\西晉\佛說伏婬經\佛說伏婬經__juan_01.txt	1510	1462	0
西晉	136976	佛說優填王經	佛說優填王經	佛說優填王經	1	scrape_output\raw\西晉\佛說優填王經\佛說優填王經__juan_01.txt	scrape_output\clean\西晉\佛說優填王經\佛說優填王經__juan_01.txt	2812	2711	0
西晉	1199835	佛說八陽神呪經	佛說八陽神呪經	佛說八陽神呪經	1	scrape_output\raw\西晉\佛說八陽神呪經\佛說八陽神呪經__juan_01.txt	scrape_output\clean\西晉\佛說八陽神呪經\佛說八陽神呪經__juan_01.txt	1563	1471	0
西晉	876666	佛說八陽神咒經	佛說八陽神咒經	佛說八陽神咒經	1	scrape_output\raw\西晉\佛說八陽神咒經\佛說八陽神咒經__juan_01.txt	scrape_output\clean\西晉\佛說八陽神咒經\佛說八陽神咒經__juan_01.txt	1497	1453	0
西晉	877787	佛說分別經	佛說分別經	佛說分別經	1	scrape_output\raw\西晉\佛說分別經\佛說分別經__juan_01.txt	scrape_output\clean\西晉\佛說分別經\佛說分別經__juan_01.txt	2987	2937	0
西晉	181261	佛說力士移山經	佛說力士移山經	佛說力士移山經	1	scrape_output\raw\西晉\佛說力士移山經\佛說力士移山經__juan_01.txt	scrape_output\clean\西晉\佛說力士移山經\佛說力士移山經__juan_01.txt	2846	2802	0
西晉	184307	佛說受新歲經	佛說受新歲經	佛說受新歲經	1	scrape_output\raw\西晉\佛說受新歲經\佛說受新歲經__juan_01.txt	scrape_output\clean\西晉\佛說受新歲經\佛說受新歲經__juan_01.txt	1835	1791	0
西晉	184296	佛說受歲經	佛說受歲經	佛說受歲經	1	scrape_output\raw\西晉\佛說受歲經\佛說受歲經__juan_01.txt	scrape_output\clean\西晉\佛說受歲經\佛說受歲經__juan_01.txt	2307	2263	0
西晉	184244	佛說善生子經	佛說善生子經	佛說善生子經	1	scrape_output\raw\西晉\佛說善生子經\佛說善生子經__juan_01.txt	scrape_output\clean\西晉\佛說善生子經\佛說善生子經__juan_01.txt	4011	3965	0
西晉	177050	佛說四不可得經	佛說四不可得經	佛說四不可得經	1	scrape_output\raw\西晉\佛說四不可得經\佛說四不可得經__juan_01.txt	scrape_output\clean\西晉\佛說四不可得經\佛說四不可得經__juan_01.txt	2409	2360	0
西晉	181262	佛說四未曾有法經	佛說四未曾有法經	佛說四未曾有法經	1	scrape_output\raw\西晉\佛說四未曾有法經\佛說四未曾有法經__juan_01.txt	scrape_output\clean\西晉\佛說四未曾有法經\佛說四未曾有法經__juan_01.txt	730	686	0
西晉	875373	佛說四自侵經	佛說四自侵經	佛說四自侵經	1	scrape_output\raw\西晉\佛說四自侵經\佛說四自侵經__juan_01.txt	scrape_output\clean\西晉\佛說四自侵經\佛說四自侵經__juan_01.txt	2510	2466	0
西晉	177839	佛說四輩經	佛說四輩經	佛說四輩經	1	scrape_output\raw\西晉\佛說四輩經\佛說四輩經__juan_01.txt	scrape_output\clean\西晉\佛說四輩經\佛說四輩經__juan_01.txt	1520	1467	0
西晉	181318	佛說大愛道般泥洹經	佛說大愛道般泥洹經	佛說大愛道般泥洹經	1	scrape_output\raw\西晉\佛說大愛道般泥洹經\佛說大愛道般泥洹經__juan_01.txt	scrape_output\clean\西晉\佛說大愛道般泥洹經\佛說大愛道般泥洹經__juan_01.txt	3794	3750	0
西晉	877006	佛說大方等頂王經	佛說大方等頂王經	佛說大方等頂王經	1	scrape_output\raw\西晉\佛說大方等頂王經\佛說大方等頂王經__juan_01.txt	scrape_output\clean\西晉\佛說大方等頂王經\佛說大方等頂王經__juan_01.txt	12107	12056	0
西晉	878395	佛說大淨法門經	佛說大淨法門經	佛說大淨法門經	1	scrape_output\raw\西晉\佛說大淨法門經\佛說大淨法門經__juan_01.txt	scrape_output\clean\西晉\佛說大淨法門經\佛說大淨法門經__juan_01.txt	14187	14130	0
西晉	877038	佛說大迦葉本經	佛說大迦葉本經	佛說大迦葉本經	1	scrape_output\raw\西晉\佛說大迦葉本經\佛說大迦葉本經__juan_01.txt	scrape_output\clean\西晉\佛說大迦葉本經\佛說大迦葉本經__juan_01.txt	2743	2695	0
西晉	876204	佛說太子刷護經	佛說太子刷護經	佛說太子刷護經	1	scrape_output\raw\西晉\佛說太子刷護經\佛說太子刷護經__juan_01.txt	scrape_output\clean\西晉\佛說太子刷護經\佛說太子刷護經__juan_01.txt	2248	2204	0
西晉	876205	佛說太子和休經	佛說太子和休經	佛說太子和休經	1	scrape_output\raw\西晉\佛說太子和休經\佛說太子和休經__juan_01.txt	scrape_output\clean\西晉\佛說太子和休經\佛說太子和休經__juan_01.txt	1837	1793	0
西晉	875139	佛說太子墓魄經	佛說太子墓魄經	佛說太子墓魄經	1	scrape_output\raw\西晉\佛說太子墓魄經\佛說太子墓魄經__juan_01.txt	scrape_output\clean\西晉\佛說太子墓魄經\佛說太子墓魄經__juan_01.txt	1611	1563	0
西晉	876085	佛說如來不思議祕密大乘經	佛說如來不思議祕密大乘經/01	佛說如來不思議祕密大乘經	1	scrape_output\raw\西晉\佛說如來不思議祕密大乘經\佛說如來不思議祕密大乘經__juan_01.txt	scrape_output\clean\西晉\佛說如來不思議祕密大乘經\佛說如來不思議祕密大乘經__juan_01.txt	3935	3935	0
西晉	876085	佛說如來不思議祕密大乘經	佛說如來不思議祕密大乘經/02	佛說如來不思議祕密大乘經	2	scrape_output\raw\西晉\佛說如來不思議祕密大乘經\佛說如來不思議祕密大乘經__juan_02.txt	scrape_output\clean\西晉\佛說如來不思議祕密大乘經\佛說如來不思議祕密大乘經__juan_02.txt	3991	3991	0
西晉	876085	佛說如來不思議祕密大乘經	佛說如來不思議祕密大乘經/03	佛說如來不思議祕密大乘經	3	scrape_output\raw\西晉\佛說如來不思議祕密大乘經\佛說如來不思議祕密大乘經__juan_03.txt	scrape_output\clean\西晉\佛說如來不思議祕密大乘經\佛說如來不思議祕密大乘經__juan_03.txt	3808	3808	0
西晉	876085	佛說如來不思議祕密大乘經	佛說如來不思議祕密大乘經/04	佛說如來不思議祕密大乘經	4	scrape_output\raw\西晉\佛說如來不思議祕密大乘經\佛說如來不思議祕密大乘經__juan_04.txt	scrape_output\clean\西晉\佛說如來不思議祕密大乘經\佛說如來不思議祕密大乘經__juan_04.txt	3447	3447	0
西晉	876085	佛說如來不思議祕密大乘經	佛說如來不思議祕密大乘經/05	佛說如來不思議祕密大乘經	5	scrape_output\raw\西晉\佛說如來不思議祕密大乘經\佛說如來不思議祕密大乘經__juan_05.txt	scrape_output\clean\西晉\佛說如來不思議祕密大乘經\佛說如來不思議祕密大乘經__juan_05.txt	3453	3451	0
西晉	876085	佛說如來不思議祕密大乘經	佛說如來不思議祕密大乘經/06	佛說如來不思議祕密大乘經	6	scrape_output\raw\西晉\佛說如來不思議祕密大乘經\佛說如來不思議祕密大乘經__juan_06.txt	scrape_output\clean\西晉\佛說如來不思議祕密大乘經\佛說如來不思議祕密大乘經__juan_06.txt	4185	4185	0
西晉	876085	佛說如來不思議祕密大乘經	佛說如來不思議祕密大乘經/07	佛說如來不思議祕密大乘經	7	scrape_output\raw\西晉\佛說如來不思議祕密大乘經\佛說如來不思議祕密大乘經__juan_07.txt	scrape_output\clean\西晉\佛說如來不思議祕密大乘經\佛說如來不思議祕密大乘經__juan_07.txt	4248	4248	0
西晉	876085	佛說如來不思議祕密大乘經	佛說如來不思議祕密大乘經/08	佛說如來不思議祕密大乘經	8	scrape_output\raw\西晉\佛說如來不思議祕密大乘經\佛說如來不思議祕密大乘經__juan_08.txt	scrape_output\clean\西晉\佛說如來不思議祕密大乘經\佛說如來不思議祕密大乘經__juan_08.txt	4477	4472	0
西晉	876085	佛說如來不思議祕密大乘經	佛說如來不思議祕密大乘經/09	佛說如來不思議祕密大乘經	9	scrape_output\raw\西晉\佛說如來不思議祕密大乘經\佛說如來不思議祕密大乘經__juan_09.txt	scrape_output\clean\西晉\佛說如來不思議祕密大乘經\佛說如來不思議祕密大乘經__juan_09.txt	3542	3542	0
西晉	876085	佛說如來不思議祕密大乘經	佛說如來不思議祕密大乘經/10	佛說如來不思議祕密大乘經	10	scrape_output\raw\西晉\佛說如來不思議祕密大乘經\佛說如來不思議祕密大乘經__juan_10.txt	scrape_output\clean\西晉\佛說如來不思議祕密大乘經\佛說如來不思議祕密大乘經__juan_10.txt	3974	3974	0
西晉	876085	佛說如來不思議祕密大乘經	佛說如來不思議祕密大乘經/11	佛說如來不思議祕密大乘經	11	scrape_output\raw\西晉\佛說如來不思議祕密大乘經\佛說如來不思議祕密大乘經__juan_11.txt	scrape_output\clean\西晉\佛說如來不思議祕密大乘經\佛說如來不思議祕密大乘經__juan_11.txt	3607	3607	0
西晉	876085	佛說如來不思議祕密大乘經	佛說如來不思議祕密大乘經/12	佛說如來不思議祕密大乘經	12	scrape_output\raw\西晉\佛說如來不思議祕密大乘經\佛說如來不思議祕密大乘經__juan_12.txt	scrape_output\clean\西晉\佛說如來不思議祕密大乘經\佛說如來不思議祕密大乘經__juan_12.txt	3523	3523	0
西晉	876085	佛說如來不思議祕密大乘經	佛說如來不思議祕密大乘經/13	佛說如來不思議祕密大乘經	13	scrape_output\raw\西晉\佛說如來不思議祕密大乘經\佛說如來不思議祕密大乘經__juan_13.txt	scrape_output\clean\西晉\佛說如來不思議祕密大乘經\佛說如來不思議祕密大乘經__juan_13.txt	3602	3602	0
西晉	876085	佛說如來不思議祕密大乘經	佛說如來不思議祕密大乘經/14	佛說如來不思議祕密大乘經	14	scrape_output\raw\西晉\佛說如來不思議祕密大乘經\佛說如來不思議祕密大乘經__juan_14.txt	scrape_output\clean\西晉\佛說如來不思議祕密大乘經\佛說如來不思議祕密大乘經__juan_14.txt	3278	3275	0
西晉	876085	佛說如來不思議祕密大乘經	佛說如來不思議祕密大乘經/15	佛說如來不思議祕密大乘經	15	scrape_output\raw\西晉\佛說如來不思議祕密大乘經\佛說如來不思議祕密大乘經__juan_15.txt	scrape_output\clean\西晉\佛說如來不思議祕密大乘經\佛說如來不思議祕密大乘經__juan_15.txt	2546	2546	0
西晉	876085	佛說如來不思議祕密大乘經	佛說如來不思議祕密大乘經/16	佛說如來不思議祕密大乘經	16	scrape_output\raw\西晉\佛說如來不思議祕密大乘經\佛說如來不思議祕密大乘經__juan_16.txt	scrape_output\clean\西晉\佛說如來不思議祕密大乘經\佛說如來不思議祕密大乘經__juan_16.txt	3073	3073	0
西晉	876085	佛說如來不思議祕密大乘經	佛說如來不思議祕密大乘經/17	佛說如來不思議祕密大乘經	17	scrape_output\raw\西晉\佛說如來不思議祕密大乘經\佛說如來不思議祕密大乘經__juan_17.txt	scrape_output\clean\西晉\佛說如來不思議祕密大乘經\佛說如來不思議祕密大乘經__juan_17.txt	5059	4349	0
西晉	876085	佛說如來不思議祕密大乘經	佛說如來不思議祕密大乘經/18	佛說如來不思議祕密大乘經	18	scrape_output\raw\西晉\佛說如來不思議祕密大乘經\佛說如來不思議祕密大乘經__juan_18.txt	scrape_output\clean\西晉\佛說如來不思議祕密大乘經\佛說如來不思議祕密大乘經__juan_18.txt	3945	3945	0
西晉	876085	佛說如來不思議祕密大乘經	佛說如來不思議祕密大乘經/19	佛說如來不思議祕密大乘經	19	scrape_output\raw\西晉\佛說如來不思議祕密大乘經\佛說如來不思議祕密大乘經__juan_19.txt	scrape_output\clean\西晉\佛說如來不思議祕密大乘經\佛說如來不思議祕密大乘經__juan_19.txt	4413	4413	0
西晉	876085	佛說如來不思議祕密大乘經	佛說如來不思議祕密大乘經/20	佛說如來不思議祕密大乘經	20	scrape_output\raw\西晉\佛說如來不思議祕密大乘經\佛說如來不思議祕密大乘經__juan_20.txt	scrape_output\clean\西晉\佛說如來不思議祕密大乘經\佛說如來不思議祕密大乘經__juan_20.txt	7219	5602	0
西晉	877230	佛說如來獨證自誓三昧經	佛說如來獨證自誓三昧經	佛說如來獨證自誓三昧經	1	scrape_output\raw\西晉\佛說如來獨證自誓三昧經\佛說如來獨證自誓三昧經__juan_01.txt	scrape_output\clean\西晉\佛說如來獨證自誓三昧經\佛說如來獨證自誓三昧經__juan_01.txt	3620	3572	0
西晉	178081	佛說如來興顯經	佛說如來興顯經	佛說如來興顯經	1	scrape_output\raw\西晉\佛說如來興顯經\佛說如來興顯經__juan_01.txt	scrape_output\clean\西晉\佛說如來興顯經\佛說如來興顯經__juan_01.txt	39760	39619	0
西晉	175783	佛說如幻三昧經	佛說如幻三昧經	佛說如幻三昧經	1	scrape_output\raw\西晉\佛說如幻三昧經\佛說如幻三昧經__juan_01.txt	scrape_output\clean\西晉\佛說如幻三昧經\佛說如幻三昧經__juan_01.txt	34333	34226	0
西晉	195983	佛說孝子經	佛說孝子經	佛說孝子經	1	scrape_output\raw\西晉\佛說孝子經\佛說孝子經__juan_01.txt	scrape_output\clean\西晉\佛說孝子經\佛說孝子經__juan_01.txt	1035	991	0
西晉	176843	佛說寶網經	佛說寶網經	佛說寶網經	1	scrape_output\raw\西晉\佛說寶網經\佛說寶網經__juan_01.txt	scrape_output\clean\西晉\佛說寶網經\佛說寶網經__juan_01.txt	14149	14090	0
西晉	875004	佛說尊上經	佛說尊上經	佛說尊上經	1	scrape_output\raw\西晉\佛說尊上經\佛說尊上經__juan_01.txt	scrape_output\clean\西晉\佛說尊上經\佛說尊上經__juan_01.txt	1883	1831	0
西晉	876150	佛說幻士仁賢經	佛說幻士仁賢經	佛說幻士仁賢經	1	scrape_output\raw\西晉\佛說幻士仁賢經\佛說幻士仁賢經__juan_01.txt	scrape_output\clean\西晉\佛說幻士仁賢經\佛說幻士仁賢經__juan_01.txt	10300	10250	0
西晉	877276	佛說弘道廣顯三昧經	佛說弘道廣顯三昧經/卷01	佛說弘道廣顯三昧經	1	scrape_output\raw\西晉\佛說弘道廣顯三昧經\佛說弘道廣顯三昧經__juan_01.txt	scrape_output\clean\西晉\佛說弘道廣顯三昧經\佛說弘道廣顯三昧經__juan_01.txt	8542	8528	0
西晉	877276	佛說弘道廣顯三昧經	佛說弘道廣顯三昧經/卷02	佛說弘道廣顯三昧經	2	scrape_output\raw\西晉\佛說弘道廣顯三昧經\佛說弘道廣顯三昧經__juan_02.txt	scrape_output\clean\西晉\佛說弘道廣顯三昧經\佛說弘道廣顯三昧經__juan_02.txt	7323	7320	0
西晉	877276	佛說弘道廣顯三昧經	佛說弘道廣顯三昧經/卷03	佛說弘道廣顯三昧經	3	scrape_output\raw\西晉\佛說弘道廣顯三昧經\佛說弘道廣顯三昧經__juan_03.txt	scrape_output\clean\西晉\佛說弘道廣顯三昧經\佛說弘道廣顯三昧經__juan_03.txt	7357	7354	0
西晉	877276	佛說弘道廣顯三昧經	佛說弘道廣顯三昧經/卷04	佛說弘道廣顯三昧經	4	scrape_output\raw\西晉\佛說弘道廣顯三昧經\佛說弘道廣顯三昧經__juan_04.txt	scrape_output\clean\西晉\佛說弘道廣顯三昧經\佛說弘道廣顯三昧經__juan_04.txt	6735	6719	0
西晉	195988	佛說彌勒下生經	佛說彌勒下生經	佛說彌勒下生經	1	scrape_output\raw\西晉\佛說彌勒下生經\佛說彌勒下生經__juan_01.txt	scrape_output\clean\西晉\佛說彌勒下生經\佛說彌勒下生經__juan_01.txt	4249	4205	0
西晉	875647	佛說德光太子經	佛說德光太子經	佛說德光太子經	1	scrape_output\raw\西晉\佛說德光太子經\佛說德光太子經__juan_01.txt	scrape_output\clean\西晉\佛說德光太子經\佛說德光太子經__juan_01.txt	11274	11229	0
西晉	177894	佛說心明經	佛說心明經	佛說心明經	1	scrape_output\raw\西晉\佛說心明經\佛說心明經__juan_01.txt	scrape_output\clean\西晉\佛說心明經\佛說心明經__juan_01.txt	1589	1540	0
西晉	184280	佛說恒水經	佛說恒水經	佛說恒水經	1	scrape_output\raw\西晉\佛說恒水經\佛說恒水經__juan_01.txt	scrape_output\clean\西晉\佛說恒水經\佛說恒水經__juan_01.txt	1747	1703	0
西晉	875009	佛說意經	佛說意經	佛說意經	1	scrape_output\raw\西晉\佛說意經\佛說意經__juan_01.txt	scrape_output\clean\西晉\佛說意經\佛說意經__juan_01.txt	1538	1446	0
西晉	877788	佛說慢法經	佛說慢法經	佛說慢法經	1	scrape_output\raw\西晉\佛說慢法經\佛說慢法經__juan_01.txt	scrape_output\clean\西晉\佛說慢法經\佛說慢法經__juan_01.txt	746	702	0
西晉	875007	佛說應法經	佛說應法經	佛說應法經	1	scrape_output\raw\西晉\佛說應法經\佛說應法經__juan_01.txt	scrape_output\clean\西晉\佛說應法經\佛說應法經__juan_01.txt	2138	2094	0
西晉	877251	佛說放鉢經	佛說放鉢經	佛說放鉢經	1	scrape_output\raw\西晉\佛說放鉢經\佛說放鉢經__juan_01.txt	scrape_output\clean\西晉\佛說放鉢經\佛說放鉢經__juan_01.txt	3671	3627	0
西晉	184315	佛說數經	佛說數經	佛說數經	1	scrape_output\raw\西晉\佛說數經\佛說數經__juan_01.txt	scrape_output\clean\西晉\佛說數經\佛說數經__juan_01.txt	2490	2446	0
西晉	876818	佛說文殊師利淨律經	佛說文殊師利淨律經	佛說文殊師利淨律經	1	scrape_output\raw\西晉\佛說文殊師利淨律經\佛說文殊師利淨律經__juan_01.txt	scrape_output\clean\西晉\佛說文殊師利淨律經\佛說文殊師利淨律經__juan_01.txt	7423	7344	0
西晉	876819	佛說文殊師利現寶藏經	佛說文殊師利現寶藏經/卷01	佛說文殊師利現寶藏經	1	scrape_output\raw\西晉\佛說文殊師利現寶藏經\佛說文殊師利現寶藏經__juan_01.txt	scrape_output\clean\西晉\佛說文殊師利現寶藏經\佛說文殊師利現寶藏經__juan_01.txt	11814	11814	0
西晉	876819	佛說文殊師利現寶藏經	佛說文殊師利現寶藏經/卷02	佛說文殊師利現寶藏經	2	scrape_output\raw\西晉\佛說文殊師利現寶藏經\佛說文殊師利現寶藏經__juan_02.txt	scrape_output\clean\西晉\佛說文殊師利現寶藏經\佛說文殊師利現寶藏經__juan_02.txt	12198	12166	0
西晉	876831	佛說文殊師利般涅槃經	佛說文殊師利般涅槃經	佛說文殊師利般涅槃經	1	scrape_output\raw\西晉\佛說文殊師利般涅槃經\佛說文殊師利般涅槃經__juan_01.txt	scrape_output\clean\西晉\佛說文殊師利般涅槃經\佛說文殊師利般涅槃經__juan_01.txt	2132	2088	0
西晉	876816	佛說文殊悔過經	佛說文殊悔過經	佛說文殊悔過經	1	scrape_output\raw\西晉\佛說文殊悔過經\佛說文殊悔過經__juan_01.txt	scrape_output\clean\西晉\佛說文殊悔過經\佛說文殊悔過經__juan_01.txt	11302	11254	0
西晉	876274	佛說方等般泥洹經	佛說方等般泥洹經/01	佛說方等般泥洹經	1	scrape_output\raw\西晉\佛說方等般泥洹經\佛說方等般泥洹經__juan_01.txt	scrape_output\clean\西晉\佛說方等般泥洹經\佛說方等般泥洹經__juan_01.txt	13661	13653	0
西晉	876274	佛說方等般泥洹經	佛說方等般泥洹經/02	佛說方等般泥洹經	2	scrape_output\raw\西晉\佛說方等般泥洹經\佛說方等般泥洹經__juan_02.txt	scrape_output\clean\西晉\佛說方等般泥洹經\佛說方等般泥洹經__juan_02.txt	11554	11536	0
西晉	878346	佛說時非時經 (若羅嚴譯本一)	佛說時非時經 (若羅嚴譯本一)	佛說時非時經 (若羅嚴譯本一)	1	scrape_output\raw\西晉\佛說時非時經 (若羅嚴譯本一)\佛說時非時經 (若羅嚴譯本一)__juan_01.txt	scrape_output\clean\西晉\佛說時非時經 (若羅嚴譯本一)\佛說時非時經 (若羅嚴譯本一)__juan_01.txt	1005	961	0
西晉	875385	佛說時非時經 (若羅嚴譯本二)	佛說時非時經 (若羅嚴譯本二)	佛說時非時經 (若羅嚴譯本二)	1	scrape_output\raw\西晉\佛說時非時經 (若羅嚴譯本二)\佛說時非時經 (若羅嚴譯本二)__juan_01.txt	scrape_output\clean\西晉\佛說時非時經 (若羅嚴譯本二)\佛說時非時經 (若羅嚴譯本二)__juan_01.txt	1270	1226	0
西晉	345675	佛說普曜經	佛說普曜經/卷一	佛說普曜經	1	scrape_output\raw\西晉\佛說普曜經\佛說普曜經__juan_01.txt	scrape_output\clean\西晉\佛說普曜經\佛說普曜經__juan_01.txt	8767	8707	0
西晉	345675	佛說普曜經	佛說普曜經/卷二	佛說普曜經	2	scrape_output\raw\西晉\佛說普曜經\佛說普曜經__juan_02.txt	scrape_output\clean\西晉\佛說普曜經\佛說普曜經__juan_02.txt	10959	10915	0
西晉	345675	佛說普曜經	佛說普曜經/卷四	佛說普曜經	3	scrape_output\raw\西晉\佛說普曜經\佛說普曜經__juan_03.txt	scrape_output\clean\西晉\佛說普曜經\佛說普曜經__juan_03.txt	8792	8746	0
西晉	876143	佛說普門品經 (竺法護譯本之一)	佛說普門品經 (竺法護譯本之一)	佛說普門品經 (竺法護譯本之一)	1	scrape_output\raw\西晉\佛說普門品經 (竺法護譯本之一)\佛說普門品經 (竺法護譯本之一)__juan_01.txt	scrape_output\clean\西晉\佛說普門品經 (竺法護譯本之一)\佛說普門品經 (竺法護譯本之一)__juan_01.txt	11908	11803	0
西晉	175637	佛說普門品經 (竺法護譯本之二)	佛說普門品經 (竺法護譯本之二)	佛說普門品經 (竺法護譯本之二)	1	scrape_output\raw\西晉\佛說普門品經 (竺法護譯本之二)\佛說普門品經 (竺法護譯本之二)__juan_01.txt	scrape_output\clean\西晉\佛說普門品經 (竺法護譯本之二)\佛說普門品經 (竺法護譯本之二)__juan_01.txt	6062	6007	0
西晉	877060	佛說月光童子經	佛說月光童子經	佛說月光童子經	1	scrape_output\raw\西晉\佛說月光童子經\佛說月光童子經__juan_01.txt	scrape_output\clean\西晉\佛說月光童子經\佛說月光童子經__juan_01.txt	4459	4404	0
西晉	877109	佛說梵志女首意經	佛說梵志女首意經	佛說梵志女首意經	1	scrape_output\raw\西晉\佛說梵志女首意經\佛說梵志女首意經__juan_01.txt	scrape_output\clean\西晉\佛說梵志女首意經\佛說梵志女首意經__juan_01.txt	2767	2723	0
西晉	875389	佛說梵摩難國王經	佛說梵摩難國王經	佛說梵摩難國王經	1	scrape_output\raw\西晉\佛說梵摩難國王經\佛說梵摩難國王經__juan_01.txt	scrape_output\clean\西晉\佛說梵摩難國王經\佛說梵摩難國王經__juan_01.txt	765	717	0
西晉	184302	佛說樂想經	佛說樂想經	佛說樂想經	1	scrape_output\raw\西晉\佛說樂想經\佛說樂想經__juan_01.txt	scrape_output\clean\西晉\佛說樂想經\佛說樂想經__juan_01.txt	596	504	0
西晉	184295	佛說求欲經	佛說求欲經	佛說求欲經	1	scrape_output\raw\西晉\佛說求欲經\佛說求欲經__juan_01.txt	scrape_output\clean\西晉\佛說求欲經\佛說求欲經__juan_01.txt	5442	5398	0
西晉	955300	佛說決定毘尼經	佛說決定毘尼經	佛說決定毘尼經	1	scrape_output\raw\西晉\佛說決定毘尼經\佛說決定毘尼經__juan_01.txt	scrape_output\clean\西晉\佛說決定毘尼經\佛說決定毘尼經__juan_01.txt	9376	9276	0
西晉	878382	佛說決定總持經	佛說決定總持經	佛說決定總持經	1	scrape_output\raw\西晉\佛說決定總持經\佛說決定總持經__juan_01.txt	scrape_output\clean\西晉\佛說決定總持經\佛說決定總持經__juan_01.txt	4558	4514	0
西晉	875391	佛說沙曷比丘功德經	佛說沙曷比丘功德經	佛說沙曷比丘功德經	1	scrape_output\raw\西晉\佛說沙曷比丘功德經\佛說沙曷比丘功德經__juan_01.txt	scrape_output\clean\西晉\佛說沙曷比丘功德經\佛說沙曷比丘功德經__juan_01.txt	1364	1320	0
西晉	875030	佛說治意經	佛說治意經	佛說治意經	1	scrape_output\raw\西晉\佛說治意經\佛說治意經__juan_01.txt	scrape_output\clean\西晉\佛說治意經\佛說治意經__juan_01.txt	566	522	0
西晉	177380	佛說法常住經	佛說法常住經	佛說法常住經	1	scrape_output\raw\西晉\佛說法常住經\佛說法常住經__juan_01.txt	scrape_output\clean\西晉\佛說法常住經\佛說法常住經__juan_01.txt	624	575	0
西晉	179533	佛說波斯匿王太后崩塵土坌身經	佛說波斯匿王太后崩塵土坌身經	佛說波斯匿王太后崩塵土坌身經	1	scrape_output\raw\西晉\佛說波斯匿王太后崩塵土坌身經\佛說波斯匿王太后崩塵土坌身經__juan_01.txt	scrape_output\clean\西晉\佛說波斯匿王太后崩塵土坌身經\佛說波斯匿王太后崩塵土坌身經__juan_01.txt	1586	1538	0
西晉	174768	佛說海龍王經	佛說海龍王經/卷01	佛說海龍王經	1	scrape_output\raw\西晉\佛說海龍王經\佛說海龍王經__juan_01.txt	scrape_output\clean\西晉\佛說海龍王經\佛說海龍王經__juan_01.txt	10259	10256	0
西晉	174768	佛說海龍王經	佛說海龍王經/卷02	佛說海龍王經	2	scrape_output\raw\西晉\佛說海龍王經\佛說海龍王經__juan_02.txt	scrape_output\clean\西晉\佛說海龍王經\佛說海龍王經__juan_02.txt	10214	10212	0
西晉	174768	佛說海龍王經	佛說海龍王經/卷03	佛說海龍王經	3	scrape_output\raw\西晉\佛說海龍王經\佛說海龍王經__juan_03.txt	scrape_output\clean\西晉\佛說海龍王經\佛說海龍王經__juan_03.txt	10631	10631	0
西晉	174768	佛說海龍王經	佛說海龍王經/卷04	佛說海龍王經	4	scrape_output\raw\西晉\佛說海龍王經\佛說海龍王經__juan_04.txt	scrape_output\clean\西晉\佛說海龍王經\佛說海龍王經__juan_04.txt	10315	10312	0
西晉	177895	佛說滅十方冥經	佛說滅十方冥經	佛說滅十方冥經	1	scrape_output\raw\西晉\佛說滅十方冥經\佛說滅十方冥經__juan_01.txt	scrape_output\clean\西晉\佛說滅十方冥經\佛說滅十方冥經__juan_01.txt	3074	3025	0
西晉	875998	佛說濟諸方等學經	佛說濟諸方等學經	佛說濟諸方等學經	1	scrape_output\raw\西晉\佛說濟諸方等學經\佛說濟諸方等學經__juan_01.txt	scrape_output\clean\西晉\佛說濟諸方等學經\佛說濟諸方等學經__juan_01.txt	8047	7948	0
西晉	877695	佛說灌洗佛形像經	佛說灌洗佛形像經	佛說灌洗佛形像經	1	scrape_output\raw\西晉\佛說灌洗佛形像經\佛說灌洗佛形像經__juan_01.txt	scrape_output\clean\西晉\佛說灌洗佛形像經\佛說灌洗佛形像經__juan_01.txt	1578	1532	0
西晉	877102	佛說無垢賢女經	佛說無垢賢女經	佛說無垢賢女經	1	scrape_output\raw\西晉\佛說無垢賢女經\佛說無垢賢女經__juan_01.txt	scrape_output\clean\西晉\佛說無垢賢女經\佛說無垢賢女經__juan_01.txt	1606	1562	0
西晉	878384	佛說無希望經	佛說無希望經	佛說無希望經	1	scrape_output\raw\西晉\佛說無希望經\佛說無希望經__juan_01.txt	scrape_output\clean\西晉\佛說無希望經\佛說無希望經__juan_01.txt	10935	10807	0
西晉	876532	佛說無言童子經	佛說無言童子經/卷01	佛說無言童子經	1	scrape_output\raw\西晉\佛說無言童子經\佛說無言童子經__juan_01.txt	scrape_output\clean\西晉\佛說無言童子經\佛說無言童子經__juan_01.txt	10520	10516	0
西晉	876532	佛說無言童子經	佛說無言童子經/卷02	佛說無言童子經	2	scrape_output\raw\西晉\佛說無言童子經\佛說無言童子經__juan_02.txt	scrape_output\clean\西晉\佛說無言童子經\佛說無言童子經__juan_02.txt	11906	11826	0
西晉	875041	佛說玉耶女經	佛說玉耶女經	佛說玉耶女經	1	scrape_output\raw\西晉\佛說玉耶女經\佛說玉耶女經__juan_01.txt	scrape_output\clean\西晉\佛說玉耶女經\佛說玉耶女經__juan_01.txt	1630	1586	0
西晉	877048	佛說琉璃王經	佛說琉璃王經	佛說琉璃王經	1	scrape_output\raw\西晉\佛說琉璃王經\佛說琉璃王經__juan_01.txt	scrape_output\clean\西晉\佛說琉璃王經\佛說琉璃王經__juan_01.txt	3825	3779	0
西晉	877061	佛說申日經	佛說申日經	佛說申日經	1	scrape_output\raw\西晉\佛說申日經\佛說申日經__juan_01.txt	scrape_output\clean\西晉\佛說申日經\佛說申日經__juan_01.txt	2966	2914	0
西晉	165429	佛說當來變經	佛說當來變經	佛說當來變經	1	scrape_output\raw\西晉\佛說當來變經\佛說當來變經__juan_01.txt	scrape_output\clean\西晉\佛說當來變經\佛說當來變經__juan_01.txt	1041	949	0
西晉	147062	佛說盂蘭盆經	佛說盂蘭盆經	佛說盂蘭盆經	1	scrape_output\raw\西晉\佛說盂蘭盆經\佛說盂蘭盆經__juan_01.txt	scrape_output\clean\西晉\佛說盂蘭盆經\佛說盂蘭盆經__juan_01.txt	999	954	0
西晉	178958	佛說相應相可經	佛說相應相可經	佛說相應相可經	1	scrape_output\raw\西晉\佛說相應相可經\佛說相應相可經__juan_01.txt	scrape_output\clean\西晉\佛說相應相可經\佛說相應相可經__juan_01.txt	623	579	0
西晉	184310	佛說瞻婆比丘經	佛說瞻婆比丘經	佛說瞻婆比丘經	1	scrape_output\raw\西晉\佛說瞻婆比丘經\佛說瞻婆比丘經__juan_01.txt	scrape_output\clean\西晉\佛說瞻婆比丘經\佛說瞻婆比丘經__juan_01.txt	1731	1687	0
西晉	875395	佛說群牛譬經	佛說群牛譬經	佛說群牛譬經	1	scrape_output\raw\西晉\佛說群牛譬經\佛說群牛譬經__juan_01.txt	scrape_output\clean\西晉\佛說群牛譬經\佛說群牛譬經__juan_01.txt	777	733	0
西晉	178781	佛說聖法印經	佛說聖法印經	佛說聖法印經	1	scrape_output\raw\西晉\佛說聖法印經\佛說聖法印經__juan_01.txt	scrape_output\clean\西晉\佛說聖法印經\佛說聖法印經__juan_01.txt	829	781	0
西晉	175639	佛說胞胎經	佛說胞胎經	佛說胞胎經	1	scrape_output\raw\西晉\佛說胞胎經\佛說胞胎經__juan_01.txt	scrape_output\clean\西晉\佛說胞胎經\佛說胞胎經__juan_01.txt	8432	8319	0
西晉	875043	佛說舍衛國王十夢經	佛說舍衛國王十夢經	佛說舍衛國王十夢經	1	scrape_output\raw\西晉\佛說舍衛國王十夢經\佛說舍衛國王十夢經__juan_01.txt	scrape_output\clean\西晉\佛說舍衛國王十夢經\佛說舍衛國王十夢經__juan_01.txt	1406	1362	0
西晉	184301	佛說苦陰因事經	佛說苦陰因事經	佛說苦陰因事經	1	scrape_output\raw\西晉\佛說苦陰因事經\佛說苦陰因事經__juan_01.txt	scrape_output\clean\西晉\佛說苦陰因事經\佛說苦陰因事經__juan_01.txt	2727	2675	0
西晉	177047	佛說菩薩修行經	佛說菩薩修行經	佛說菩薩修行經	1	scrape_output\raw\西晉\佛說菩薩修行經\佛說菩薩修行經__juan_01.txt	scrape_output\clean\西晉\佛說菩薩修行經\佛說菩薩修行經__juan_01.txt	3832	3728	0
西晉	875141	佛說菩薩睒子經	佛說菩薩睒子經	佛說菩薩睒子經	1	scrape_output\raw\西晉\佛說菩薩睒子經\佛說菩薩睒子經__juan_01.txt	scrape_output\clean\西晉\佛說菩薩睒子經\佛說菩薩睒子經__juan_01.txt	3596	3552	0
西晉	177046	佛說菩薩行五十緣身經	佛說菩薩行五十緣身經	佛說菩薩行五十緣身經	1	scrape_output\raw\西晉\佛說菩薩行五十緣身經\佛說菩薩行五十緣身經__juan_01.txt	scrape_output\clean\西晉\佛說菩薩行五十緣身經\佛說菩薩行五十緣身經__juan_01.txt	2840	2796	0
西晉	877056	佛說菩薩逝經	佛說菩薩逝經	佛說菩薩逝經	1	scrape_output\raw\西晉\佛說菩薩逝經\佛說菩薩逝經__juan_01.txt	scrape_output\clean\西晉\佛說菩薩逝經\佛說菩薩逝經__juan_01.txt	2036	1992	0
西晉	877665	佛說諸德福田經	佛說諸德福田經	佛說諸德福田經	1	scrape_output\raw\西晉\佛說諸德福田經\佛說諸德福田經__juan_01.txt	scrape_output\clean\西晉\佛說諸德福田經\佛說諸德福田經__juan_01.txt	3049	3005	0
西晉	875399	佛說賢者五福德經	佛說賢者五福德經	佛說賢者五福德經	1	scrape_output\raw\西晉\佛說賢者五福德經\佛說賢者五福德經__juan_01.txt	scrape_output\clean\西晉\佛說賢者五福德經\佛說賢者五福德經__juan_01.txt	583	539	0
西晉	877287	佛說超日明三昧經	佛說超日明三昧經/卷01	佛說超日明三昧經	1	scrape_output\raw\西晉\佛說超日明三昧經\佛說超日明三昧經__juan_01.txt	scrape_output\clean\西晉\佛說超日明三昧經\佛說超日明三昧經__juan_01.txt	14625	14608	0
西晉	877287	佛說超日明三昧經	佛說超日明三昧經/卷02	佛說超日明三昧經	2	scrape_output\raw\西晉\佛說超日明三昧經\佛說超日明三昧經__juan_02.txt	scrape_output\clean\西晉\佛說超日明三昧經\佛說超日明三昧經__juan_02.txt	11751	11745	0
西晉	875401	佛說越難經	佛說越難經	佛說越難經	1	scrape_output\raw\西晉\佛說越難經\佛說越難經__juan_01.txt	scrape_output\clean\西晉\佛說越難經\佛說越難經__juan_01.txt	1032	988	0
西晉	877055	佛說逝童子經	佛說逝童子經	佛說逝童子經	1	scrape_output\raw\西晉\佛說逝童子經\佛說逝童子經__juan_01.txt	scrape_output\clean\西晉\佛說逝童子經\佛說逝童子經__juan_01.txt	1455	1411	0
西晉	875649	佛說過去世佛分衛經	佛說過去世佛分衛經	佛說過去世佛分衛經	1	scrape_output\raw\西晉\佛說過去世佛分衛經\佛說過去世佛分衛經__juan_01.txt	scrape_output\clean\西晉\佛說過去世佛分衛經\佛說過去世佛分衛經__juan_01.txt	802	758	0
西晉	878390	佛說道神足無極變化經	佛說道神足無極變化經/卷01	佛說道神足無極變化經	1	scrape_output\raw\西晉\佛說道神足無極變化經\佛說道神足無極變化經__juan_01.txt	scrape_output\clean\西晉\佛說道神足無極變化經\佛說道神足無極變化經__juan_01.txt	6837	6837	0
西晉	878390	佛說道神足無極變化經	佛說道神足無極變化經/卷02	佛說道神足無極變化經	2	scrape_output\raw\西晉\佛說道神足無極變化經\佛說道神足無極變化經__juan_02.txt	scrape_output\clean\西晉\佛說道神足無極變化經\佛說道神足無極變化經__juan_02.txt	6551	6535	0
西晉	878390	佛說道神足無極變化經	佛說道神足無極變化經/卷03	佛說道神足無極變化經	3	scrape_output\raw\西晉\佛說道神足無極變化經\佛說道神足無極變化經__juan_03.txt	scrape_output\clean\西晉\佛說道神足無極變化經\佛說道神足無極變化經__juan_03.txt	7087	7071	0
西晉	878390	佛說道神足無極變化經	佛說道神足無極變化經/卷04	佛說道神足無極變化經	4	scrape_output\raw\西晉\佛說道神足無極變化經\佛說道神足無極變化經__juan_04.txt	scrape_output\clean\西晉\佛說道神足無極變化經\佛說道神足無極變化經__juan_04.txt	6804	6749	0
西晉	876014	佛說阿惟越致遮經	佛說阿惟越致遮經/01	佛說阿惟越致遮經	1	scrape_output\raw\西晉\佛說阿惟越致遮經\佛說阿惟越致遮經__juan_01.txt	scrape_output\clean\西晉\佛說阿惟越致遮經\佛說阿惟越致遮經__juan_01.txt	14154	14151	0
西晉	876014	佛說阿惟越致遮經	佛說阿惟越致遮經/02	佛說阿惟越致遮經	2	scrape_output\raw\西晉\佛說阿惟越致遮經\佛說阿惟越致遮經__juan_02.txt	scrape_output\clean\西晉\佛說阿惟越致遮經\佛說阿惟越致遮經__juan_02.txt	16540	16540	0
西晉	876014	佛說阿惟越致遮經	佛說阿惟越致遮經/03	佛說阿惟越致遮經	3	scrape_output\raw\西晉\佛說阿惟越致遮經\佛說阿惟越致遮經__juan_03.txt	scrape_output\clean\西晉\佛說阿惟越致遮經\佛說阿惟越致遮經__juan_03.txt	10951	10948	0
西晉	876159	佛說阿闍貰王女阿術達菩薩經	佛說阿闍貰王女阿術達菩薩經	佛說阿闍貰王女阿術達菩薩經	1	scrape_output\raw\西晉\佛說阿闍貰王女阿術達菩薩經\佛說阿闍貰王女阿術達菩薩經__juan_01.txt	scrape_output\clean\西晉\佛說阿闍貰王女阿術達菩薩經\佛說阿闍貰王女阿術達菩薩經__juan_01.txt	10138	10046	0
西晉	175778	佛說離垢施女經	佛說離垢施女經	佛說離垢施女經	1	scrape_output\raw\西晉\佛說離垢施女經\佛說離垢施女經__juan_01.txt	scrape_output\clean\西晉\佛說離垢施女經\佛說離垢施女經__juan_01.txt	14088	13991	0
西晉	184293	佛說離睡經	佛說離睡經	佛說離睡經	1	scrape_output\raw\西晉\佛說離睡經\佛說離睡經__juan_01.txt	scrape_output\clean\西晉\佛說離睡經\佛說離睡經__juan_01.txt	1363	1319	0
西晉	178959	佛說難提釋經	佛說難提釋經	佛說難提釋經	1	scrape_output\raw\西晉\佛說難提釋經\佛說難提釋經__juan_01.txt	scrape_output\clean\西晉\佛說難提釋經\佛說難提釋經__juan_01.txt	2111	2067	0
西晉	184285	佛說頂生王故事經	佛說頂生王故事經	佛說頂生王故事經	1	scrape_output\raw\西晉\佛說頂生王故事經\佛說頂生王故事經__juan_01.txt	scrape_output\clean\西晉\佛說頂生王故事經\佛說頂生王故事經__juan_01.txt	2881	2837	0
西晉	173064	佛說須摩提菩薩經 (竺法護譯)	佛說須摩提菩薩經 (竺法護譯)	佛說須摩提菩薩經 (竺法護譯)	1	scrape_output\raw\西晉\佛說須摩提菩薩經 (竺法護譯)\佛說須摩提菩薩經 (竺法護譯)__juan_01.txt	scrape_output\clean\西晉\佛說須摩提菩薩經 (竺法護譯)\佛說須摩提菩薩經 (竺法護譯)__juan_01.txt	3899	3851	0
西晉	877174	佛說須真天子經	佛說須真天子經/卷01	佛說須真天子經	1	scrape_output\raw\西晉\佛說須真天子經\佛說須真天子經__juan_01.txt	scrape_output\clean\西晉\佛說須真天子經\佛說須真天子經__juan_01.txt	7513	7511	0
西晉	877174	佛說須真天子經	佛說須真天子經/卷02	佛說須真天子經	2	scrape_output\raw\西晉\佛說須真天子經\佛說須真天子經__juan_02.txt	scrape_output\clean\西晉\佛說須真天子經\佛說須真天子經__juan_02.txt	5166	5166	0
西晉	877174	佛說須真天子經	佛說須真天子經/卷03	佛說須真天子經	3	scrape_output\raw\西晉\佛說須真天子經\佛說須真天子經__juan_03.txt	scrape_output\clean\西晉\佛說須真天子經\佛說須真天子經__juan_03.txt	7825	7822	0
西晉	877174	佛說須真天子經	佛說須真天子經/卷04	佛說須真天子經	4	scrape_output\raw\西晉\佛說須真天子經\佛說須真天子經__juan_04.txt	scrape_output\clean\西晉\佛說須真天子經\佛說須真天子經__juan_04.txt	4840	4840	0
西晉	875407	佛說頞多和多耆經	佛說頞多和多耆經	佛說頞多和多耆經	1	scrape_output\raw\西晉\佛說頞多和多耆經\佛說頞多和多耆經__juan_01.txt	scrape_output\clean\西晉\佛說頞多和多耆經\佛說頞多和多耆經__juan_01.txt	717	673	0
西晉	177897	佛說魔逆經	佛說魔逆經	佛說魔逆經	1	scrape_output\raw\西晉\佛說魔逆經\佛說魔逆經__juan_01.txt	scrape_output\clean\西晉\佛說魔逆經\佛說魔逆經__juan_01.txt	11155	11002	0
西晉	875011	佛說鴦崛摩經	佛說鴦崛摩經	佛說鴦崛摩經	1	scrape_output\raw\西晉\佛說鴦崛摩經\佛說鴦崛摩經__juan_01.txt	scrape_output\clean\西晉\佛說鴦崛摩經\佛說鴦崛摩經__juan_01.txt	3030	2978	0
西晉	179532	佛說鴦崛髻經	佛說鴦崛髻經	佛說鴦崛髻經	1	scrape_output\raw\西晉\佛說鴦崛髻經\佛說鴦崛髻經__juan_01.txt	scrape_output\clean\西晉\佛說鴦崛髻經\佛說鴦崛髻經__juan_01.txt	3237	3193	0
西晉	179531	佛說鴦掘摩經	佛說鴦掘摩經	佛說鴦掘摩經	1	scrape_output\raw\西晉\佛說鴦掘摩經\佛說鴦掘摩經__juan_01.txt	scrape_output\clean\西晉\佛說鴦掘摩經\佛說鴦掘摩經__juan_01.txt	3237	3187	0
西晉	1196791	佛說鴦掘摩經 (竺法護版)	佛說鴦掘摩經 (竺法護版)	佛說鴦掘摩經 (竺法護版)	1	scrape_output\raw\西晉\佛說鴦掘摩經 (竺法護版)\佛說鴦掘摩經 (竺法護版)__juan_01.txt	scrape_output\clean\西晉\佛說鴦掘摩經 (竺法護版)\佛說鴦掘摩經 (竺法護版)__juan_01.txt	3244	3148	0
西晉	177896	佛說鹿母經 (竺法護譯本一)	佛說鹿母經 (竺法護譯本一)	佛說鹿母經 (竺法護譯本一)	1	scrape_output\raw\西晉\佛說鹿母經 (竺法護譯本一)\佛說鹿母經 (竺法護譯本一)__juan_01.txt	scrape_output\clean\西晉\佛說鹿母經 (竺法護譯本一)\佛說鹿母經 (竺法護譯本一)__juan_01.txt	3988	3932	0
西晉	875653	佛說鹿母經 (竺法護譯本二)	佛說鹿母經 (竺法護譯本二)	佛說鹿母經 (竺法護譯本二)	1	scrape_output\raw\西晉\佛說鹿母經 (竺法護譯本二)\佛說鹿母經 (竺法護譯本二)__juan_01.txt	scrape_output\clean\西晉\佛說鹿母經 (竺法護譯本二)\佛說鹿母經 (竺法護譯本二)__juan_01.txt	1531	1484	0
西晉	877098	佛說龍施菩薩本起經	佛說龍施菩薩本起經	佛說龍施菩薩本起經	1	scrape_output\raw\西晉\佛說龍施菩薩本起經\佛說龍施菩薩本起經__juan_01.txt	scrape_output\clean\西晉\佛說龍施菩薩本起經\佛說龍施菩薩本起經__juan_01.txt	2300	2256	0
西晉	174573	修行道地經	修行道地經/卷01	修行道地經	1	scrape_output\raw\西晉\修行道地經\修行道地經__juan_01.txt	scrape_output\clean\西晉\修行道地經\修行道地經__juan_01.txt	11321	11272	0
西晉	174573	修行道地經	修行道地經/卷02	修行道地經	2	scrape_output\raw\西晉\修行道地經\修行道地經__juan_02.txt	scrape_output\clean\西晉\修行道地經\修行道地經__juan_02.txt	9612	9604	0
西晉	174573	修行道地經	修行道地經/卷03	修行道地經	3	scrape_output\raw\西晉\修行道地經\修行道地經__juan_03.txt	scrape_output\clean\西晉\修行道地經\修行道地經__juan_03.txt	12978	12948	0
西晉	174573	修行道地經	修行道地經/卷04	修行道地經	4	scrape_output\raw\西晉\修行道地經\修行道地經__juan_04.txt	scrape_output\clean\西晉\修行道地經\修行道地經__juan_04.txt	10066	10066	0
西晉	174573	修行道地經	修行道地經/卷05	修行道地經	5	scrape_output\raw\西晉\修行道地經\修行道地經__juan_05.txt	scrape_output\clean\西晉\修行道地經\修行道地經__juan_05.txt	11295	11288	0
西晉	174573	修行道地經	修行道地經/卷06	修行道地經	6	scrape_output\raw\西晉\修行道地經\修行道地經__juan_06.txt	scrape_output\clean\西晉\修行道地經\修行道地經__juan_06.txt	7252	7234	0
西晉	174573	修行道地經	修行道地經/卷07	修行道地經	7	scrape_output\raw\西晉\修行道地經\修行道地經__juan_07.txt	scrape_output\clean\西晉\修行道地經\修行道地經__juan_07.txt	10348	10341	0
西晉	174573	修行道地經	修行道地經/卷00	修行道地經	8	scrape_output\raw\西晉\修行道地經\修行道地經__juan_08.txt	scrape_output\clean\西晉\修行道地經\修行道地經__juan_08.txt	243	239	0
西晉	766028	傷弱子辭	傷弱子辭	傷弱子辭	1	scrape_output\raw\西晉\傷弱子辭\傷弱子辭__juan_01.txt	scrape_output\clean\西晉\傷弱子辭\傷弱子辭__juan_01.txt	199	155	0
西晉	875891	光讚經	光讚經/01	光讚經	1	scrape_output\raw\西晉\光讚經\光讚經__juan_01.txt	scrape_output\clean\西晉\光讚經\光讚經__juan_01.txt	15535	15531	0
西晉	875891	光讚經	光讚經/02	光讚經	2	scrape_output\raw\西晉\光讚經\光讚經__juan_02.txt	scrape_output\clean\西晉\光讚經\光讚經__juan_02.txt	16104	16100	0
西晉	875891	光讚經	光讚經/03	光讚經	3	scrape_output\raw\西晉\光讚經\光讚經__juan_03.txt	scrape_output\clean\西晉\光讚經\光讚經__juan_03.txt	10386	10384	0
西晉	875891	光讚經	光讚經/04	光讚經	4	scrape_output\raw\西晉\光讚經\光讚經__juan_04.txt	scrape_output\clean\西晉\光讚經\光讚經__juan_04.txt	12050	12048	0
西晉	875891	光讚經	光讚經/05	光讚經	5	scrape_output\raw\西晉\光讚經\光讚經__juan_05.txt	scrape_output\clean\西晉\光讚經\光讚經__juan_05.txt	11790	11790	0
西晉	875891	光讚經	光讚經/06	光讚經	6	scrape_output\raw\西晉\光讚經\光讚經__juan_06.txt	scrape_output\clean\西晉\光讚經\光讚經__juan_06.txt	14200	14192	0
西晉	875891	光讚經	光讚經/07	光讚經	7	scrape_output\raw\西晉\光讚經\光讚經__juan_07.txt	scrape_output\clean\西晉\光讚經\光讚經__juan_07.txt	10186	10178	0
西晉	875891	光讚經	光讚經/08	光讚經	8	scrape_output\raw\西晉\光讚經\光讚經__juan_08.txt	scrape_output\clean\西晉\光讚經\光讚經__juan_08.txt	9074	9072	0
西晉	875891	光讚經	光讚經/09	光讚經	9	scrape_output\raw\西晉\光讚經\光讚經__juan_09.txt	scrape_output\clean\西晉\光讚經\光讚經__juan_09.txt	10676	10674	0
西晉	875891	光讚經	光讚經/10	光讚經	10	scrape_output\raw\西晉\光讚經\光讚經__juan_10.txt	scrape_output\clean\西晉\光讚經\光讚經__juan_10.txt	10639	10638	0
西晉	13960	內顧詩	內顧詩	內顧詩	1	scrape_output\raw\西晉\內顧詩\內顧詩__juan_01.txt	scrape_output\clean\西晉\內顧詩\內顧詩__juan_01.txt	322	230	0
西晉	766000	兩階銅人訓	兩階銅人訓	兩階銅人訓	1	scrape_output\raw\西晉\兩階銅人訓\兩階銅人訓__juan_01.txt	scrape_output\clean\西晉\兩階銅人訓\兩階銅人訓__juan_01.txt	139	95	0
西晉	1020026	再上伐吳表	再上伐吳表	再上伐吳表	1	scrape_output\raw\西晉\再上伐吳表\再上伐吳表__juan_01.txt	scrape_output\clean\西晉\再上伐吳表\再上伐吳表__juan_01.txt	318	274	0
西晉	875145	前世三轉經	前世三轉經	前世三轉經	1	scrape_output\raw\西晉\前世三轉經\前世三轉經__juan_01.txt	scrape_output\clean\西晉\前世三轉經\前世三轉經__juan_01.txt	3507	3459	0
西晉	23290	勸進表	勸進表	勸進表	1	scrape_output\raw\西晉\勸進表\勸進表__juan_01.txt	scrape_output\clean\西晉\勸進表\勸進表__juan_01.txt	1611	1567	0
西晉	105710	北芒送別王世胄	北芒送別王世胄	北芒送別王世胄	1	scrape_output\raw\西晉\北芒送別王世胄\北芒送別王世胄__juan_01.txt	scrape_output\clean\西晉\北芒送別王世胄\北芒送別王世胄__juan_01.txt	367	274	0
西晉	761207	南征賦	南征賦	南征賦	1	scrape_output\raw\西晉\南征賦\南征賦__juan_01.txt	scrape_output\clean\西晉\南征賦\南征賦__juan_01.txt	1166	1117	0
西晉	102251	南方草木狀	南方草木狀/卷上	南方草木狀	1	scrape_output\raw\西晉\南方草木狀\南方草木狀__juan_01.txt	scrape_output\clean\西晉\南方草木狀\南方草木狀__juan_01.txt	2680	2588	0
西晉	102251	南方草木狀	南方草木狀/卷中	南方草木狀	2	scrape_output\raw\西晉\南方草木狀\南方草木狀__juan_02.txt	scrape_output\clean\西晉\南方草木狀\南方草木狀__juan_02.txt	2058	1966	0
西晉	102251	南方草木狀	南方草木狀/卷下	南方草木狀	3	scrape_output\raw\西晉\南方草木狀\南方草木狀__juan_03.txt	scrape_output\clean\西晉\南方草木狀\南方草木狀__juan_03.txt	2100	2008	0
西晉	760399	南華真經註疏	南華真經註疏/卷一	南華真經註疏	1	scrape_output\raw\西晉\南華真經註疏\南華真經註疏__juan_01.txt	scrape_output\clean\西晉\南華真經註疏\南華真經註疏__juan_01.txt	14007	13985	0
西晉	760399	南華真經註疏	南華真經註疏/卷二	南華真經註疏	2	scrape_output\raw\西晉\南華真經註疏\南華真經註疏__juan_02.txt	scrape_output\clean\西晉\南華真經註疏\南華真經註疏__juan_02.txt	13122	13030	0
西晉	760399	南華真經註疏	南華真經註疏/卷三	南華真經註疏	3	scrape_output\raw\西晉\南華真經註疏\南華真經註疏__juan_03.txt	scrape_output\clean\西晉\南華真經註疏\南華真經註疏__juan_03.txt	17367	17219	0
西晉	760399	南華真經註疏	南華真經註疏/卷四	南華真經註疏	4	scrape_output\raw\西晉\南華真經註疏\南華真經註疏__juan_04.txt	scrape_output\clean\西晉\南華真經註疏\南華真經註疏__juan_04.txt	5804	5741	0
西晉	760399	南華真經註疏	南華真經註疏/卷五	南華真經註疏	5	scrape_output\raw\西晉\南華真經註疏\南華真經註疏__juan_05.txt	scrape_output\clean\西晉\南華真經註疏\南華真經註疏__juan_05.txt	21487	21277	0
西晉	760399	南華真經註疏	南華真經註疏/卷六	南華真經註疏	6	scrape_output\raw\西晉\南華真經註疏\南華真經註疏__juan_06.txt	scrape_output\clean\西晉\南華真經註疏\南華真經註疏__juan_06.txt	15178	15018	0
西晉	760399	南華真經註疏	南華真經註疏/卷七	南華真經註疏	7	scrape_output\raw\西晉\南華真經註疏\南華真經註疏__juan_07.txt	scrape_output\clean\西晉\南華真經註疏\南華真經註疏__juan_07.txt	11520	11410	0
西晉	760399	南華真經註疏	南華真經註疏/卷八	南華真經註疏	8	scrape_output\raw\西晉\南華真經註疏\南華真經註疏__juan_08.txt	scrape_output\clean\西晉\南華真經註疏\南華真經註疏__juan_08.txt	14455	14378	0
西晉	760399	南華真經註疏	南華真經註疏/卷九	南華真經註疏	9	scrape_output\raw\西晉\南華真經註疏\南華真經註疏__juan_09.txt	scrape_output\clean\西晉\南華真經註疏\南華真經註疏__juan_09.txt	7986	7890	0
西晉	760399	南華真經註疏	南華真經註疏/卷十	南華真經註疏	10	scrape_output\raw\西晉\南華真經註疏\南華真經註疏__juan_10.txt	scrape_output\clean\西晉\南華真經註疏\南華真經註疏__juan_10.txt	8343	8316	0
西晉	760399	南華真經註疏	南華真經註疏/卷十一	南華真經註疏	11	scrape_output\raw\西晉\南華真經註疏\南華真經註疏__juan_11.txt	scrape_output\clean\西晉\南華真經註疏\南華真經註疏__juan_11.txt	3881	3857	0
西晉	760399	南華真經註疏	南華真經註疏/卷十二	南華真經註疏	12	scrape_output\raw\西晉\南華真經註疏\南華真經註疏__juan_12.txt	scrape_output\clean\西晉\南華真經註疏\南華真經註疏__juan_12.txt	8175	8131	0
西晉	760399	南華真經註疏	南華真經註疏/卷十三	南華真經註疏	13	scrape_output\raw\西晉\南華真經註疏\南華真經註疏__juan_13.txt	scrape_output\clean\西晉\南華真經註疏\南華真經註疏__juan_13.txt	14303	14046	0
西晉	760399	南華真經註疏	南華真經註疏/卷十四	南華真經註疏	14	scrape_output\raw\西晉\南華真經註疏\南華真經註疏__juan_14.txt	scrape_output\clean\西晉\南華真經註疏\南華真經註疏__juan_14.txt	21178	20920	0
西晉	760399	南華真經註疏	南華真經註疏/卷十五	南華真經註疏	15	scrape_output\raw\西晉\南華真經註疏\南華真經註疏__juan_15.txt	scrape_output\clean\西晉\南華真經註疏\南華真經註疏__juan_15.txt	14986	14814	0
西晉	760399	南華真經註疏	南華真經註疏/卷十六	南華真經註疏	16	scrape_output\raw\西晉\南華真經註疏\南華真經註疏__juan_16.txt	scrape_output\clean\西晉\南華真經註疏\南華真經註疏__juan_16.txt	16015	15834	0
西晉	760399	南華真經註疏	南華真經註疏/卷十七	南華真經註疏	17	scrape_output\raw\西晉\南華真經註疏\南華真經註疏__juan_17.txt	scrape_output\clean\西晉\南華真經註疏\南華真經註疏__juan_17.txt	4975	4890	0
西晉	760399	南華真經註疏	南華真經註疏/卷十八	南華真經註疏	18	scrape_output\raw\西晉\南華真經註疏\南華真經註疏__juan_18.txt	scrape_output\clean\西晉\南華真經註疏\南華真經註疏__juan_18.txt	5381	5312	0
西晉	760399	南華真經註疏	南華真經註疏/卷十九	南華真經註疏	19	scrape_output\raw\西晉\南華真經註疏\南華真經註疏__juan_19.txt	scrape_output\clean\西晉\南華真經註疏\南華真經註疏__juan_19.txt	19224	19034	0
西晉	760399	南華真經註疏	南華真經註疏/卷二十	南華真經註疏	20	scrape_output\raw\西晉\南華真經註疏\南華真經註疏__juan_20.txt	scrape_output\clean\西晉\南華真經註疏\南華真經註疏__juan_20.txt	7141	7073	0
西晉	760399	南華真經註疏	南華真經註疏/卷二十一	南華真經註疏	21	scrape_output\raw\西晉\南華真經註疏\南華真經註疏__juan_21.txt	scrape_output\clean\西晉\南華真經註疏\南華真經註疏__juan_21.txt	12467	12302	0
西晉	760399	南華真經註疏	南華真經註疏/卷二十二	南華真經註疏	22	scrape_output\raw\西晉\南華真經註疏\南華真經註疏__juan_22.txt	scrape_output\clean\西晉\南華真經註疏\南華真經註疏__juan_22.txt	10983	10776	0
西晉	760399	南華真經註疏	南華真經註疏/卷二十三	南華真經註疏	23	scrape_output\raw\西晉\南華真經註疏\南華真經註疏__juan_23.txt	scrape_output\clean\西晉\南華真經註疏\南華真經註疏__juan_23.txt	10582	10452	0
西晉	760399	南華真經註疏	南華真經註疏/卷二十四	南華真經註疏	24	scrape_output\raw\西晉\南華真經註疏\南華真經註疏__juan_24.txt	scrape_output\clean\西晉\南華真經註疏\南華真經註疏__juan_24.txt	15339	15135	0
西晉	760399	南華真經註疏	南華真經註疏/卷二十五	南華真經註疏	25	scrape_output\raw\西晉\南華真經註疏\南華真經註疏__juan_25.txt	scrape_output\clean\西晉\南華真經註疏\南華真經註疏__juan_25.txt	16442	16190	0
西晉	760399	南華真經註疏	南華真經註疏/卷二十六	南華真經註疏	26	scrape_output\raw\西晉\南華真經註疏\南華真經註疏__juan_26.txt	scrape_output\clean\西晉\南華真經註疏\南華真經註疏__juan_26.txt	19968	19665	0
西晉	760399	南華真經註疏	南華真經註疏/卷二十七	南華真經註疏	27	scrape_output\raw\西晉\南華真經註疏\南華真經註疏__juan_27.txt	scrape_output\clean\西晉\南華真經註疏\南華真經註疏__juan_27.txt	16547	16337	0
西晉	760399	南華真經註疏	南華真經註疏/卷二十八	南華真經註疏	28	scrape_output\raw\西晉\南華真經註疏\南華真經註疏__juan_28.txt	scrape_output\clean\西晉\南華真經註疏\南華真經註疏__juan_28.txt	8814	8669	0
西晉	760399	南華真經註疏	南華真經註疏/卷二十九	南華真經註疏	29	scrape_output\raw\西晉\南華真經註疏\南華真經註疏__juan_29.txt	scrape_output\clean\西晉\南華真經註疏\南華真經註疏__juan_29.txt	6928	6840	0
西晉	760399	南華真經註疏	南華真經註疏/卷三十	南華真經註疏	30	scrape_output\raw\西晉\南華真經註疏\南華真經註疏__juan_30.txt	scrape_output\clean\西晉\南華真經註疏\南華真經註疏__juan_30.txt	7763	7753	0
西晉	760399	南華真經註疏	南華真經註疏/卷三十一	南華真經註疏	31	scrape_output\raw\西晉\南華真經註疏\南華真經註疏__juan_31.txt	scrape_output\clean\西晉\南華真經註疏\南華真經註疏__juan_31.txt	9285	9261	0
西晉	760399	南華真經註疏	南華真經註疏/卷三十二	南華真經註疏	32	scrape_output\raw\西晉\南華真經註疏\南華真經註疏__juan_32.txt	scrape_output\clean\西晉\南華真經註疏\南華真經註疏__juan_32.txt	2205	2194	0
西晉	760399	南華真經註疏	南華真經註疏/卷三十三	南華真經註疏	33	scrape_output\raw\西晉\南華真經註疏\南華真經註疏__juan_33.txt	scrape_output\clean\西晉\南華真經註疏\南華真經註疏__juan_33.txt	4625	4599	0
西晉	760399	南華真經註疏	南華真經註疏/卷三十四	南華真經註疏	34	scrape_output\raw\西晉\南華真經註疏\南華真經註疏__juan_34.txt	scrape_output\clean\西晉\南華真經註疏\南華真經註疏__juan_34.txt	9756	9630	0
西晉	760399	南華真經註疏	南華真經註疏/卷三十五	南華真經註疏	35	scrape_output\raw\西晉\南華真經註疏\南華真經註疏__juan_35.txt	scrape_output\clean\西晉\南華真經註疏\南華真經註疏__juan_35.txt	16901	16657	0
西晉	192071	南郊賦（郭璞）	南郊賦（郭璞）	南郊賦（郭璞）	1	scrape_output\raw\西晉\南郊賦（郭璞）\南郊賦（郭璞）__juan_01.txt	scrape_output\clean\西晉\南郊賦（郭璞）\南郊賦（郭璞）__juan_01.txt	452	408	0
西晉	766041	南陽長公主誄	南陽長公主誄	南陽長公主誄	1	scrape_output\raw\西晉\南陽長公主誄\南陽長公主誄__juan_01.txt	scrape_output\clean\西晉\南陽長公主誄\南陽長公主誄__juan_01.txt	472	428	0
西晉	56839	博物志	博物志/卷之一	博物志	1	scrape_output\raw\西晉\博物志\博物志__juan_01.txt	scrape_output\clean\西晉\博物志\博物志__juan_01.txt	2849	2756	0
西晉	56839	博物志	博物志/卷之三	博物志	2	scrape_output\raw\西晉\博物志\博物志__juan_02.txt	scrape_output\clean\西晉\博物志\博物志__juan_02.txt	1880	1786	0
西晉	56839	博物志	博物志/卷之二	博物志	3	scrape_output\raw\西晉\博物志\博物志__juan_03.txt	scrape_output\clean\西晉\博物志\博物志__juan_03.txt	2563	2471	0
西晉	1032910	原壤贊	原壤贊	原壤贊	1	scrape_output\raw\西晉\原壤贊\原壤贊__juan_01.txt	scrape_output\clean\西晉\原壤贊\原壤贊__juan_01.txt	119	75	0
西晉	1032938	反金人銘	反金人銘	反金人銘	1	scrape_output\raw\西晉\反金人銘\反金人銘__juan_01.txt	scrape_output\clean\西晉\反金人銘\反金人銘__juan_01.txt	328	284	0
西晉	1032989	取士疏	取士疏	取士疏	1	scrape_output\raw\西晉\取士疏\取士疏__juan_01.txt	scrape_output\clean\西晉\取士疏\取士疏__juan_01.txt	165	121	0
西晉	178096	受新歲經	受新歲經	受新歲經	1	scrape_output\raw\西晉\受新歲經\受新歲經__juan_01.txt	scrape_output\clean\西晉\受新歲經\受新歲經__juan_01.txt	1778	1778	0
西晉	108113	受歲經	受歲經	受歲經	1	scrape_output\raw\西晉\受歲經\受歲經__juan_01.txt	scrape_output\clean\西晉\受歲經\受歲經__juan_01.txt	2301	2301	0
西晉	57287	古今注	古今注	古今注	1	scrape_output\raw\西晉\古今注\古今注__juan_01.txt	scrape_output\clean\西晉\古今注\古今注__juan_01.txt	9883	9671	0
西晉	766001	司空鄭袞碑	司空鄭袞碑	司空鄭袞碑	1	scrape_output\raw\西晉\司空鄭袞碑\司空鄭袞碑__juan_01.txt	scrape_output\clean\西晉\司空鄭袞碑\司空鄭袞碑__juan_01.txt	246	202	0
西晉	1151668	司隸校尉京兆尹司馬文預碑	司隸校尉京兆尹司馬文預碑	司隸校尉京兆尹司馬文預碑	1	scrape_output\raw\西晉\司隸校尉京兆尹司馬文預碑\司隸校尉京兆尹司馬文預碑__juan_01.txt	scrape_output\clean\西晉\司隸校尉京兆尹司馬文預碑\司隸校尉京兆尹司馬文預碑__juan_01.txt	243	237	0
西晉	1043192	周詩	周詩	周詩	1	scrape_output\raw\西晉\周詩\周詩__juan_01.txt	scrape_output\clean\西晉\周詩\周詩__juan_01.txt	189	145	0
西晉	1033047	和氏外孫小同哀文	和氏外孫小同哀文	和氏外孫小同哀文	1	scrape_output\raw\西晉\和氏外孫小同哀文\和氏外孫小同哀文__juan_01.txt	scrape_output\clean\西晉\和氏外孫小同哀文\和氏外孫小同哀文__juan_01.txt	169	125	0
西晉	1033045	和氏外孫道生哀文	和氏外孫道生哀文	和氏外孫道生哀文	1	scrape_output\raw\西晉\和氏外孫道生哀文\和氏外孫道生哀文__juan_01.txt	scrape_output\clean\西晉\和氏外孫道生哀文\和氏外孫道生哀文__juan_01.txt	179	135	0
西晉	23595	哀永逝文	哀永逝文	哀永逝文	1	scrape_output\raw\西晉\哀永逝文\哀永逝文__juan_01.txt	scrape_output\clean\西晉\哀永逝文\哀永逝文__juan_01.txt	649	557	0
西晉	766025	哀陵公主女王氏哀辭	哀陵公主女王氏哀辭	哀陵公主女王氏哀辭	1	scrape_output\raw\西晉\哀陵公主女王氏哀辭\哀陵公主女王氏哀辭__juan_01.txt	scrape_output\clean\西晉\哀陵公主女王氏哀辭\哀陵公主女王氏哀辭__juan_01.txt	269	225	0
西晉	766033	哭弟文	哭弟文	哭弟文	1	scrape_output\raw\西晉\哭弟文\哭弟文__juan_01.txt	scrape_output\clean\西晉\哭弟文\哭弟文__juan_01.txt	111	67	0
西晉	167879	善生子經	善生子經	善生子經	1	scrape_output\raw\西晉\善生子經\善生子經__juan_01.txt	scrape_output\clean\西晉\善生子經\善生子經__juan_01.txt	4175	4131	0
西晉	761210	喜霽賦 (陸雲)	喜霽賦 (陸雲)	喜霽賦 (陸雲)	1	scrape_output\raw\西晉\喜霽賦 (陸雲)\喜霽賦 (陸雲)__juan_01.txt	scrape_output\clean\西晉\喜霽賦 (陸雲)\喜霽賦 (陸雲)__juan_01.txt	636	592	0
西晉	60023	四體書勢	四體書勢	四體書勢	1	scrape_output\raw\西晉\四體書勢\四體書勢__juan_01.txt	scrape_output\clean\西晉\四體書勢\四體書勢__juan_01.txt	2912	2820	0
西晉	105712	在懷縣作二首	在懷縣作二首	在懷縣作二首	1	scrape_output\raw\西晉\在懷縣作二首\在懷縣作二首__juan_01.txt	scrape_output\clean\西晉\在懷縣作二首\在懷縣作二首__juan_01.txt	399	355	0
西晉	23588	夏侯常侍誄	夏侯常侍誄	夏侯常侍誄	1	scrape_output\raw\西晉\夏侯常侍誄\夏侯常侍誄__juan_01.txt	scrape_output\clean\西晉\夏侯常侍誄\夏侯常侍誄__juan_01.txt	993	901	0
西晉	1042960	夏侯常侍集	夏侯常侍集	夏侯常侍集	1	scrape_output\raw\西晉\夏侯常侍集\夏侯常侍集__juan_01.txt	scrape_output\clean\西晉\夏侯常侍集\夏侯常侍集__juan_01.txt	11439	11391	0
西晉	1043209	外祖母憲英傳	外祖母憲英傳	外祖母憲英傳	1	scrape_output\raw\西晉\外祖母憲英傳\外祖母憲英傳__juan_01.txt	scrape_output\clean\西晉\外祖母憲英傳\外祖母憲英傳__juan_01.txt	761	717	0
西晉	1042984	夜聽笳賦	夜聽笳賦	夜聽笳賦	1	scrape_output\raw\西晉\夜聽笳賦\夜聽笳賦__juan_01.txt	scrape_output\clean\西晉\夜聽笳賦\夜聽笳賦__juan_01.txt	211	167	0
西晉	175075	大哀經	大哀經/卷一	大哀經	1	scrape_output\raw\西晉\大哀經\大哀經__juan_01.txt	scrape_output\clean\西晉\大哀經\大哀經__juan_01.txt	7910	7904	0
西晉	175075	大哀經	大哀經/卷二	大哀經	2	scrape_output\raw\西晉\大哀經\大哀經__juan_02.txt	scrape_output\clean\西晉\大哀經\大哀經__juan_02.txt	10088	10045	0
西晉	175075	大哀經	大哀經/卷三	大哀經	3	scrape_output\raw\西晉\大哀經\大哀經__juan_03.txt	scrape_output\clean\西晉\大哀經\大哀經__juan_03.txt	9640	9614	0
西晉	175075	大哀經	大哀經/卷四	大哀經	4	scrape_output\raw\西晉\大哀經\大哀經__juan_04.txt	scrape_output\clean\西晉\大哀經\大哀經__juan_04.txt	6313	6313	0
西晉	175075	大哀經	大哀經/卷五	大哀經	5	scrape_output\raw\西晉\大哀經\大哀經__juan_05.txt	scrape_output\clean\西晉\大哀經\大哀經__juan_05.txt	6990	6982	0
西晉	175075	大哀經	大哀經/卷六	大哀經	6	scrape_output\raw\西晉\大哀經\大哀經__juan_06.txt	scrape_output\clean\西晉\大哀經\大哀經__juan_06.txt	8154	8141	0
西晉	175075	大哀經	大哀經/卷七	大哀經	7	scrape_output\raw\西晉\大哀經\大哀經__juan_07.txt	scrape_output\clean\西晉\大哀經\大哀經__juan_07.txt	7387	7366	0
西晉	175075	大哀經	大哀經/卷八	大哀經	8	scrape_output\raw\西晉\大哀經\大哀經__juan_08.txt	scrape_output\clean\西晉\大哀經\大哀經__juan_08.txt	9408	9390	0
西晉	165322	大寶積經	大寶積經/卷01	大寶積經	1	scrape_output\raw\西晉\大寶積經\大寶積經__juan_01.txt	scrape_output\clean\西晉\大寶積經\大寶積經__juan_01.txt	8957	8948	0
西晉	165322	大寶積經	大寶積經/卷02	大寶積經	2	scrape_output\raw\西晉\大寶積經\大寶積經__juan_02.txt	scrape_output\clean\西晉\大寶積經\大寶積經__juan_02.txt	10232	10202	0
西晉	165322	大寶積經	大寶積經/卷03	大寶積經	3	scrape_output\raw\西晉\大寶積經\大寶積經__juan_03.txt	scrape_output\clean\西晉\大寶積經\大寶積經__juan_03.txt	10440	10438	0
西晉	165322	大寶積經	大寶積經/卷04	大寶積經	4	scrape_output\raw\西晉\大寶積經\大寶積經__juan_04.txt	scrape_output\clean\西晉\大寶積經\大寶積經__juan_04.txt	9410	9134	0
西晉	165322	大寶積經	大寶積經/卷05	大寶積經	5	scrape_output\raw\西晉\大寶積經\大寶積經__juan_05.txt	scrape_output\clean\西晉\大寶積經\大寶積經__juan_05.txt	9405	9397	0
西晉	165322	大寶積經	大寶積經/卷06	大寶積經	6	scrape_output\raw\西晉\大寶積經\大寶積經__juan_06.txt	scrape_output\clean\西晉\大寶積經\大寶積經__juan_06.txt	9314	8784	0
西晉	165322	大寶積經	大寶積經/卷07	大寶積經	7	scrape_output\raw\西晉\大寶積經\大寶積經__juan_07.txt	scrape_output\clean\西晉\大寶積經\大寶積經__juan_07.txt	10289	9002	0
西晉	165322	大寶積經	大寶積經/卷08	大寶積經	8	scrape_output\raw\西晉\大寶積經\大寶積經__juan_08.txt	scrape_output\clean\西晉\大寶積經\大寶積經__juan_08.txt	8228	8225	0
西晉	165322	大寶積經	大寶積經/卷09	大寶積經	9	scrape_output\raw\西晉\大寶積經\大寶積經__juan_09.txt	scrape_output\clean\西晉\大寶積經\大寶積經__juan_09.txt	9537	9517	0
西晉	165322	大寶積經	大寶積經/卷10	大寶積經	10	scrape_output\raw\西晉\大寶積經\大寶積經__juan_10.txt	scrape_output\clean\西晉\大寶積經\大寶積經__juan_10.txt	9661	9658	0
西晉	165322	大寶積經	大寶積經/卷11	大寶積經	11	scrape_output\raw\西晉\大寶積經\大寶積經__juan_11.txt	scrape_output\clean\西晉\大寶積經\大寶積經__juan_11.txt	8607	8604	0
西晉	165322	大寶積經	大寶積經/卷12	大寶積經	12	scrape_output\raw\西晉\大寶積經\大寶積經__juan_12.txt	scrape_output\clean\西晉\大寶積經\大寶積經__juan_12.txt	7865	7863	0
西晉	165322	大寶積經	大寶積經/卷13	大寶積經	13	scrape_output\raw\西晉\大寶積經\大寶積經__juan_13.txt	scrape_output\clean\西晉\大寶積經\大寶積經__juan_13.txt	9683	9683	0
西晉	165322	大寶積經	大寶積經/卷14	大寶積經	14	scrape_output\raw\西晉\大寶積經\大寶積經__juan_14.txt	scrape_output\clean\西晉\大寶積經\大寶積經__juan_14.txt	8309	8306	0
西晉	165322	大寶積經	大寶積經/卷15	大寶積經	15	scrape_output\raw\西晉\大寶積經\大寶積經__juan_15.txt	scrape_output\clean\西晉\大寶積經\大寶積經__juan_15.txt	8235	8235	0
西晉	165322	大寶積經	大寶積經/卷16	大寶積經	16	scrape_output\raw\西晉\大寶積經\大寶積經__juan_16.txt	scrape_output\clean\西晉\大寶積經\大寶積經__juan_16.txt	8976	8976	0
西晉	165322	大寶積經	大寶積經/卷17	大寶積經	17	scrape_output\raw\西晉\大寶積經\大寶積經__juan_17.txt	scrape_output\clean\西晉\大寶積經\大寶積經__juan_17.txt	8150	8150	0
西晉	165322	大寶積經	大寶積經/卷18	大寶積經	18	scrape_output\raw\西晉\大寶積經\大寶積經__juan_18.txt	scrape_output\clean\西晉\大寶積經\大寶積經__juan_18.txt	8469	8469	0
西晉	165322	大寶積經	大寶積經/卷19	大寶積經	19	scrape_output\raw\西晉\大寶積經\大寶積經__juan_19.txt	scrape_output\clean\西晉\大寶積經\大寶積經__juan_19.txt	8374	8374	0
西晉	165322	大寶積經	大寶積經/卷20	大寶積經	20	scrape_output\raw\西晉\大寶積經\大寶積經__juan_20.txt	scrape_output\clean\西晉\大寶積經\大寶積經__juan_20.txt	9422	9418	0
西晉	165322	大寶積經	大寶積經/卷21	大寶積經	21	scrape_output\raw\西晉\大寶積經\大寶積經__juan_21.txt	scrape_output\clean\西晉\大寶積經\大寶積經__juan_21.txt	10853	10849	0
西晉	165322	大寶積經	大寶積經/卷22	大寶積經	22	scrape_output\raw\西晉\大寶積經\大寶積經__juan_22.txt	scrape_output\clean\西晉\大寶積經\大寶積經__juan_22.txt	7791	7790	0
西晉	165322	大寶積經	大寶積經/卷23	大寶積經	23	scrape_output\raw\西晉\大寶積經\大寶積經__juan_23.txt	scrape_output\clean\西晉\大寶積經\大寶積經__juan_23.txt	8635	8634	0
西晉	165322	大寶積經	大寶積經/卷24	大寶積經	24	scrape_output\raw\西晉\大寶積經\大寶積經__juan_24.txt	scrape_output\clean\西晉\大寶積經\大寶積經__juan_24.txt	8474	8473	0
西晉	165322	大寶積經	大寶積經/卷25	大寶積經	25	scrape_output\raw\西晉\大寶積經\大寶積經__juan_25.txt	scrape_output\clean\西晉\大寶積經\大寶積經__juan_25.txt	8670	8653	0
西晉	165322	大寶積經	大寶積經/卷26	大寶積經	26	scrape_output\raw\西晉\大寶積經\大寶積經__juan_26.txt	scrape_output\clean\西晉\大寶積經\大寶積經__juan_26.txt	6633	6633	0
西晉	165322	大寶積經	大寶積經/卷27	大寶積經	27	scrape_output\raw\西晉\大寶積經\大寶積經__juan_27.txt	scrape_output\clean\西晉\大寶積經\大寶積經__juan_27.txt	6622	6622	0
西晉	165322	大寶積經	大寶積經/卷28	大寶積經	28	scrape_output\raw\西晉\大寶積經\大寶積經__juan_28.txt	scrape_output\clean\西晉\大寶積經\大寶積經__juan_28.txt	12515	12515	0
西晉	165322	大寶積經	大寶積經/卷29	大寶積經	29	scrape_output\raw\西晉\大寶積經\大寶積經__juan_29.txt	scrape_output\clean\西晉\大寶積經\大寶積經__juan_29.txt	5954	5954	0
西晉	165322	大寶積經	大寶積經/卷30	大寶積經	30	scrape_output\raw\西晉\大寶積經\大寶積經__juan_30.txt	scrape_output\clean\西晉\大寶積經\大寶積經__juan_30.txt	8741	8741	0
西晉	165322	大寶積經	大寶積經/卷31	大寶積經	31	scrape_output\raw\西晉\大寶積經\大寶積經__juan_31.txt	scrape_output\clean\西晉\大寶積經\大寶積經__juan_31.txt	8993	8992	0
西晉	165322	大寶積經	大寶積經/卷32	大寶積經	32	scrape_output\raw\西晉\大寶積經\大寶積經__juan_32.txt	scrape_output\clean\西晉\大寶積經\大寶積經__juan_32.txt	9203	9202	0
西晉	165322	大寶積經	大寶積經/卷33	大寶積經	33	scrape_output\raw\西晉\大寶積經\大寶積經__juan_33.txt	scrape_output\clean\西晉\大寶積經\大寶積經__juan_33.txt	9795	9586	0
西晉	165322	大寶積經	大寶積經/卷34	大寶積經	34	scrape_output\raw\西晉\大寶積經\大寶積經__juan_34.txt	scrape_output\clean\西晉\大寶積經\大寶積經__juan_34.txt	10202	10052	0
西晉	165322	大寶積經	大寶積經/卷35	大寶積經	35	scrape_output\raw\西晉\大寶積經\大寶積經__juan_35.txt	scrape_output\clean\西晉\大寶積經\大寶積經__juan_35.txt	12761	12755	0
西晉	165322	大寶積經	大寶積經/卷36	大寶積經	36	scrape_output\raw\西晉\大寶積經\大寶積經__juan_36.txt	scrape_output\clean\西晉\大寶積經\大寶積經__juan_36.txt	7909	7906	0
西晉	165322	大寶積經	大寶積經/卷37	大寶積經	37	scrape_output\raw\西晉\大寶積經\大寶積經__juan_37.txt	scrape_output\clean\西晉\大寶積經\大寶積經__juan_37.txt	11242	11239	0
西晉	165322	大寶積經	大寶積經/卷38	大寶積經	38	scrape_output\raw\西晉\大寶積經\大寶積經__juan_38.txt	scrape_output\clean\西晉\大寶積經\大寶積經__juan_38.txt	12960	12959	0
西晉	165322	大寶積經	大寶積經/卷39	大寶積經	39	scrape_output\raw\西晉\大寶積經\大寶積經__juan_39.txt	scrape_output\clean\西晉\大寶積經\大寶積經__juan_39.txt	8879	8878	0
西晉	165322	大寶積經	大寶積經/卷40	大寶積經	40	scrape_output\raw\西晉\大寶積經\大寶積經__juan_40.txt	scrape_output\clean\西晉\大寶積經\大寶積經__juan_40.txt	7503	7499	0
西晉	165322	大寶積經	大寶積經/卷41	大寶積經	41	scrape_output\raw\西晉\大寶積經\大寶積經__juan_41.txt	scrape_output\clean\西晉\大寶積經\大寶積經__juan_41.txt	11295	11295	0
西晉	165322	大寶積經	大寶積經/卷42	大寶積經	42	scrape_output\raw\西晉\大寶積經\大寶積經__juan_42.txt	scrape_output\clean\西晉\大寶積經\大寶積經__juan_42.txt	11432	11428	0
西晉	165322	大寶積經	大寶積經/卷43	大寶積經	43	scrape_output\raw\西晉\大寶積經\大寶積經__juan_43.txt	scrape_output\clean\西晉\大寶積經\大寶積經__juan_43.txt	10184	10183	0
西晉	165322	大寶積經	大寶積經/卷44	大寶積經	44	scrape_output\raw\西晉\大寶積經\大寶積經__juan_44.txt	scrape_output\clean\西晉\大寶積經\大寶積經__juan_44.txt	9218	9217	0
西晉	165322	大寶積經	大寶積經/卷45	大寶積經	45	scrape_output\raw\西晉\大寶積經\大寶積經__juan_45.txt	scrape_output\clean\西晉\大寶積經\大寶積經__juan_45.txt	10307	10307	0
西晉	165322	大寶積經	大寶積經/卷46	大寶積經	46	scrape_output\raw\西晉\大寶積經\大寶積經__juan_46.txt	scrape_output\clean\西晉\大寶積經\大寶積經__juan_46.txt	10033	10032	0
西晉	165322	大寶積經	大寶積經/卷47	大寶積經	47	scrape_output\raw\西晉\大寶積經\大寶積經__juan_47.txt	scrape_output\clean\西晉\大寶積經\大寶積經__juan_47.txt	10507	10506	0
西晉	165322	大寶積經	大寶積經/卷48	大寶積經	48	scrape_output\raw\西晉\大寶積經\大寶積經__juan_48.txt	scrape_output\clean\西晉\大寶積經\大寶積經__juan_48.txt	9982	9981	0
西晉	165322	大寶積經	大寶積經/卷49	大寶積經	49	scrape_output\raw\西晉\大寶積經\大寶積經__juan_49.txt	scrape_output\clean\西晉\大寶積經\大寶積經__juan_49.txt	10311	10311	0
西晉	165322	大寶積經	大寶積經/卷50	大寶積經	50	scrape_output\raw\西晉\大寶積經\大寶積經__juan_50.txt	scrape_output\clean\西晉\大寶積經\大寶積經__juan_50.txt	8614	8613	0
西晉	165322	大寶積經	大寶積經/卷51	大寶積經	51	scrape_output\raw\西晉\大寶積經\大寶積經__juan_51.txt	scrape_output\clean\西晉\大寶積經\大寶積經__juan_51.txt	8497	8493	0
西晉	165322	大寶積經	大寶積經/卷52	大寶積經	52	scrape_output\raw\西晉\大寶積經\大寶積經__juan_52.txt	scrape_output\clean\西晉\大寶積經\大寶積經__juan_52.txt	10096	10095	0
西晉	165322	大寶積經	大寶積經/卷53	大寶積經	53	scrape_output\raw\西晉\大寶積經\大寶積經__juan_53.txt	scrape_output\clean\西晉\大寶積經\大寶積經__juan_53.txt	10041	10040	0
西晉	165322	大寶積經	大寶積經/卷54	大寶積經	54	scrape_output\raw\西晉\大寶積經\大寶積經__juan_54.txt	scrape_output\clean\西晉\大寶積經\大寶積經__juan_54.txt	10066	10066	0
西晉	165322	大寶積經	大寶積經/卷55	大寶積經	55	scrape_output\raw\西晉\大寶積經\大寶積經__juan_55.txt	scrape_output\clean\西晉\大寶積經\大寶積經__juan_55.txt	6766	6764	0
西晉	165322	大寶積經	大寶積經/卷56	大寶積經	56	scrape_output\raw\西晉\大寶積經\大寶積經__juan_56.txt	scrape_output\clean\西晉\大寶積經\大寶積經__juan_56.txt	7944	7929	0
西晉	165322	大寶積經	大寶積經/卷57	大寶積經	57	scrape_output\raw\西晉\大寶積經\大寶積經__juan_57.txt	scrape_output\clean\西晉\大寶積經\大寶積經__juan_57.txt	9370	9369	0
西晉	165322	大寶積經	大寶積經/卷58	大寶積經	58	scrape_output\raw\西晉\大寶積經\大寶積經__juan_58.txt	scrape_output\clean\西晉\大寶積經\大寶積經__juan_58.txt	7011	7011	0
西晉	165322	大寶積經	大寶積經/卷59	大寶積經	59	scrape_output\raw\西晉\大寶積經\大寶積經__juan_59.txt	scrape_output\clean\西晉\大寶積經\大寶積經__juan_59.txt	8350	8349	0
西晉	165322	大寶積經	大寶積經/卷60	大寶積經	60	scrape_output\raw\西晉\大寶積經\大寶積經__juan_60.txt	scrape_output\clean\西晉\大寶積經\大寶積經__juan_60.txt	7234	7234	0
西晉	165322	大寶積經	大寶積經/卷61	大寶積經	61	scrape_output\raw\西晉\大寶積經\大寶積經__juan_61.txt	scrape_output\clean\西晉\大寶積經\大寶積經__juan_61.txt	7677	7668	0
西晉	165322	大寶積經	大寶積經/卷62	大寶積經	62	scrape_output\raw\西晉\大寶積經\大寶積經__juan_62.txt	scrape_output\clean\西晉\大寶積經\大寶積經__juan_62.txt	9753	9738	0
西晉	165322	大寶積經	大寶積經/卷63	大寶積經	63	scrape_output\raw\西晉\大寶積經\大寶積經__juan_63.txt	scrape_output\clean\西晉\大寶積經\大寶積經__juan_63.txt	8657	8644	0
西晉	165322	大寶積經	大寶積經/卷64	大寶積經	64	scrape_output\raw\西晉\大寶積經\大寶積經__juan_64.txt	scrape_output\clean\西晉\大寶積經\大寶積經__juan_64.txt	5990	5970	0
西晉	165322	大寶積經	大寶積經/卷65	大寶積經	65	scrape_output\raw\西晉\大寶積經\大寶積經__juan_65.txt	scrape_output\clean\西晉\大寶積經\大寶積經__juan_65.txt	6266	6266	0
西晉	165322	大寶積經	大寶積經/卷66	大寶積經	66	scrape_output\raw\西晉\大寶積經\大寶積經__juan_66.txt	scrape_output\clean\西晉\大寶積經\大寶積經__juan_66.txt	7186	7186	0
西晉	165322	大寶積經	大寶積經/卷67	大寶積經	67	scrape_output\raw\西晉\大寶積經\大寶積經__juan_67.txt	scrape_output\clean\西晉\大寶積經\大寶積經__juan_67.txt	9105	9105	0
西晉	165322	大寶積經	大寶積經/卷68	大寶積經	68	scrape_output\raw\西晉\大寶積經\大寶積經__juan_68.txt	scrape_output\clean\西晉\大寶積經\大寶積經__juan_68.txt	7137	7137	0
西晉	165322	大寶積經	大寶積經/卷69	大寶積經	69	scrape_output\raw\西晉\大寶積經\大寶積經__juan_69.txt	scrape_output\clean\西晉\大寶積經\大寶積經__juan_69.txt	7361	7357	0
西晉	165322	大寶積經	大寶積經/卷70	大寶積經	70	scrape_output\raw\西晉\大寶積經\大寶積經__juan_70.txt	scrape_output\clean\西晉\大寶積經\大寶積經__juan_70.txt	9117	9114	0
西晉	165322	大寶積經	大寶積經/卷71	大寶積經	71	scrape_output\raw\西晉\大寶積經\大寶積經__juan_71.txt	scrape_output\clean\西晉\大寶積經\大寶積經__juan_71.txt	11539	11538	0
西晉	165322	大寶積經	大寶積經/卷72	大寶積經	72	scrape_output\raw\西晉\大寶積經\大寶積經__juan_72.txt	scrape_output\clean\西晉\大寶積經\大寶積經__juan_72.txt	6937	6937	0
西晉	165322	大寶積經	大寶積經/卷73	大寶積經	73	scrape_output\raw\西晉\大寶積經\大寶積經__juan_73.txt	scrape_output\clean\西晉\大寶積經\大寶積經__juan_73.txt	7745	7745	0
西晉	165322	大寶積經	大寶積經/卷74	大寶積經	74	scrape_output\raw\西晉\大寶積經\大寶積經__juan_74.txt	scrape_output\clean\西晉\大寶積經\大寶積經__juan_74.txt	7837	7836	0
西晉	165322	大寶積經	大寶積經/卷75	大寶積經	75	scrape_output\raw\西晉\大寶積經\大寶積經__juan_75.txt	scrape_output\clean\西晉\大寶積經\大寶積經__juan_75.txt	7354	7350	0
西晉	165322	大寶積經	大寶積經/卷76	大寶積經	76	scrape_output\raw\西晉\大寶積經\大寶積經__juan_76.txt	scrape_output\clean\西晉\大寶積經\大寶積經__juan_76.txt	9979	9978	0
西晉	165322	大寶積經	大寶積經/卷77	大寶積經	77	scrape_output\raw\西晉\大寶積經\大寶積經__juan_77.txt	scrape_output\clean\西晉\大寶積經\大寶積經__juan_77.txt	13754	13754	0
西晉	165322	大寶積經	大寶積經/卷78	大寶積經	78	scrape_output\raw\西晉\大寶積經\大寶積經__juan_78.txt	scrape_output\clean\西晉\大寶積經\大寶積經__juan_78.txt	10550	10550	0
西晉	165322	大寶積經	大寶積經/卷79	大寶積經	79	scrape_output\raw\西晉\大寶積經\大寶積經__juan_79.txt	scrape_output\clean\西晉\大寶積經\大寶積經__juan_79.txt	11014	11011	0
西晉	165322	大寶積經	大寶積經/卷80	大寶積經	80	scrape_output\raw\西晉\大寶積經\大寶積經__juan_80.txt	scrape_output\clean\西晉\大寶積經\大寶積經__juan_80.txt	12259	12259	0
西晉	165322	大寶積經	大寶積經/卷81	大寶積經	81	scrape_output\raw\西晉\大寶積經\大寶積經__juan_81.txt	scrape_output\clean\西晉\大寶積經\大寶積經__juan_81.txt	11075	11074	0
西晉	165322	大寶積經	大寶積經/卷82	大寶積經	82	scrape_output\raw\西晉\大寶積經\大寶積經__juan_82.txt	scrape_output\clean\西晉\大寶積經\大寶積經__juan_82.txt	13823	13821	0
西晉	165322	大寶積經	大寶積經/卷83	大寶積經	83	scrape_output\raw\西晉\大寶積經\大寶積經__juan_83.txt	scrape_output\clean\西晉\大寶積經\大寶積經__juan_83.txt	4176	4172	0
西晉	165322	大寶積經	大寶積經/卷84	大寶積經	84	scrape_output\raw\西晉\大寶積經\大寶積經__juan_84.txt	scrape_output\clean\西晉\大寶積經\大寶積經__juan_84.txt	4835	4834	0
西晉	165322	大寶積經	大寶積經/卷85	大寶積經	85	scrape_output\raw\西晉\大寶積經\大寶積經__juan_85.txt	scrape_output\clean\西晉\大寶積經\大寶積經__juan_85.txt	9235	9235	0
西晉	165322	大寶積經	大寶積經/卷86	大寶積經	86	scrape_output\raw\西晉\大寶積經\大寶積經__juan_86.txt	scrape_output\clean\西晉\大寶積經\大寶積經__juan_86.txt	7426	7426	0
西晉	165322	大寶積經	大寶積經/卷87	大寶積經	87	scrape_output\raw\西晉\大寶積經\大寶積經__juan_87.txt	scrape_output\clean\西晉\大寶積經\大寶積經__juan_87.txt	6547	6546	0
西晉	165322	大寶積經	大寶積經/卷88	大寶積經	88	scrape_output\raw\西晉\大寶積經\大寶積經__juan_88.txt	scrape_output\clean\西晉\大寶積經\大寶積經__juan_88.txt	9795	9795	0
西晉	165322	大寶積經	大寶積經/卷89	大寶積經	89	scrape_output\raw\西晉\大寶積經\大寶積經__juan_89.txt	scrape_output\clean\西晉\大寶積經\大寶積經__juan_89.txt	11164	11163	0
西晉	165322	大寶積經	大寶積經/卷90	大寶積經	90	scrape_output\raw\西晉\大寶積經\大寶積經__juan_90.txt	scrape_output\clean\西晉\大寶積經\大寶積經__juan_90.txt	8183	8183	0
西晉	165322	大寶積經	大寶積經/卷91	大寶積經	91	scrape_output\raw\西晉\大寶積經\大寶積經__juan_91.txt	scrape_output\clean\西晉\大寶積經\大寶積經__juan_91.txt	6517	6514	0
西晉	165322	大寶積經	大寶積經/卷92	大寶積經	92	scrape_output\raw\西晉\大寶積經\大寶積經__juan_92.txt	scrape_output\clean\西晉\大寶積經\大寶積經__juan_92.txt	7751	7750	0
西晉	165322	大寶積經	大寶積經/卷93	大寶積經	93	scrape_output\raw\西晉\大寶積經\大寶積經__juan_93.txt	scrape_output\clean\西晉\大寶積經\大寶積經__juan_93.txt	6852	6848	0
西晉	165322	大寶積經	大寶積經/卷94	大寶積經	94	scrape_output\raw\西晉\大寶積經\大寶積經__juan_94.txt	scrape_output\clean\西晉\大寶積經\大寶積經__juan_94.txt	6289	6288	0
西晉	165322	大寶積經	大寶積經/卷95	大寶積經	95	scrape_output\raw\西晉\大寶積經\大寶積經__juan_95.txt	scrape_output\clean\西晉\大寶積經\大寶積經__juan_95.txt	5135	5135	0
西晉	165322	大寶積經	大寶積經/卷96	大寶積經	96	scrape_output\raw\西晉\大寶積經\大寶積經__juan_96.txt	scrape_output\clean\西晉\大寶積經\大寶積經__juan_96.txt	4735	4735	0
西晉	165322	大寶積經	大寶積經/卷97	大寶積經	97	scrape_output\raw\西晉\大寶積經\大寶積經__juan_97.txt	scrape_output\clean\西晉\大寶積經\大寶積經__juan_97.txt	6082	6073	0
西晉	165322	大寶積經	大寶積經/卷98	大寶積經	98	scrape_output\raw\西晉\大寶積經\大寶積經__juan_98.txt	scrape_output\clean\西晉\大寶積經\大寶積經__juan_98.txt	4637	4637	0
西晉	165322	大寶積經	大寶積經/卷99	大寶積經	99	scrape_output\raw\西晉\大寶積經\大寶積經__juan_99.txt	scrape_output\clean\西晉\大寶積經\大寶積經__juan_99.txt	8588	8588	0
西晉	165322	大寶積經	大寶積經/卷100	大寶積經	100	scrape_output\raw\西晉\大寶積經\大寶積經__juan_100.txt	scrape_output\clean\西晉\大寶積經\大寶積經__juan_100.txt	13048	13046	0
西晉	165322	大寶積經	大寶積經/卷101	大寶積經	101	scrape_output\raw\西晉\大寶積經\大寶積經__juan_101.txt	scrape_output\clean\西晉\大寶積經\大寶積經__juan_101.txt	10473	10410	0
西晉	165322	大寶積經	大寶積經/卷102	大寶積經	102	scrape_output\raw\西晉\大寶積經\大寶積經__juan_102.txt	scrape_output\clean\西晉\大寶積經\大寶積經__juan_102.txt	8389	8389	0
西晉	165322	大寶積經	大寶積經/卷103	大寶積經	103	scrape_output\raw\西晉\大寶積經\大寶積經__juan_103.txt	scrape_output\clean\西晉\大寶積經\大寶積經__juan_103.txt	8809	8809	0
西晉	165322	大寶積經	大寶積經/卷104	大寶積經	104	scrape_output\raw\西晉\大寶積經\大寶積經__juan_104.txt	scrape_output\clean\西晉\大寶積經\大寶積經__juan_104.txt	8490	8490	0
西晉	165322	大寶積經	大寶積經/卷105	大寶積經	105	scrape_output\raw\西晉\大寶積經\大寶積經__juan_105.txt	scrape_output\clean\西晉\大寶積經\大寶積經__juan_105.txt	9470	9469	0
西晉	165322	大寶積經	大寶積經/卷106	大寶積經	106	scrape_output\raw\西晉\大寶積經\大寶積經__juan_106.txt	scrape_output\clean\西晉\大寶積經\大寶積經__juan_106.txt	9084	9084	0
西晉	165322	大寶積經	大寶積經/卷107	大寶積經	107	scrape_output\raw\西晉\大寶積經\大寶積經__juan_107.txt	scrape_output\clean\西晉\大寶積經\大寶積經__juan_107.txt	7117	7116	0
西晉	165322	大寶積經	大寶積經/卷108	大寶積經	108	scrape_output\raw\西晉\大寶積經\大寶積經__juan_108.txt	scrape_output\clean\西晉\大寶積經\大寶積經__juan_108.txt	7640	7625	0
西晉	165322	大寶積經	大寶積經/卷109	大寶積經	109	scrape_output\raw\西晉\大寶積經\大寶積經__juan_109.txt	scrape_output\clean\西晉\大寶積經\大寶積經__juan_109.txt	8538	8511	0
西晉	165322	大寶積經	大寶積經/卷110	大寶積經	110	scrape_output\raw\西晉\大寶積經\大寶積經__juan_110.txt	scrape_output\clean\西晉\大寶積經\大寶積經__juan_110.txt	16243	16236	0
西晉	165322	大寶積經	大寶積經/卷111	大寶積經	111	scrape_output\raw\西晉\大寶積經\大寶積經__juan_111.txt	scrape_output\clean\西晉\大寶積經\大寶積經__juan_111.txt	12840	12840	0
西晉	165322	大寶積經	大寶積經/卷112	大寶積經	112	scrape_output\raw\西晉\大寶積經\大寶積經__juan_112.txt	scrape_output\clean\西晉\大寶積經\大寶積經__juan_112.txt	11350	11346	0
西晉	165322	大寶積經	大寶積經/卷113	大寶積經	113	scrape_output\raw\西晉\大寶積經\大寶積經__juan_113.txt	scrape_output\clean\西晉\大寶積經\大寶積經__juan_113.txt	9327	9327	0
西晉	165322	大寶積經	大寶積經/卷114	大寶積經	114	scrape_output\raw\西晉\大寶積經\大寶積經__juan_114.txt	scrape_output\clean\西晉\大寶積經\大寶積經__juan_114.txt	6147	6147	0
西晉	165322	大寶積經	大寶積經/卷115	大寶積經	115	scrape_output\raw\西晉\大寶積經\大寶積經__juan_115.txt	scrape_output\clean\西晉\大寶積經\大寶積經__juan_115.txt	7282	7282	0
西晉	165322	大寶積經	大寶積經/卷116	大寶積經	116	scrape_output\raw\西晉\大寶積經\大寶積經__juan_116.txt	scrape_output\clean\西晉\大寶積經\大寶積經__juan_116.txt	7400	7400	0
西晉	165322	大寶積經	大寶積經/卷117	大寶積經	117	scrape_output\raw\西晉\大寶積經\大寶積經__juan_117.txt	scrape_output\clean\西晉\大寶積經\大寶積經__juan_117.txt	13297	13295	0
西晉	165322	大寶積經	大寶積經/卷118	大寶積經	118	scrape_output\raw\西晉\大寶積經\大寶積經__juan_118.txt	scrape_output\clean\西晉\大寶積經\大寶積經__juan_118.txt	12518	12517	0
西晉	165322	大寶積經	大寶積經/卷119	大寶積經	119	scrape_output\raw\西晉\大寶積經\大寶積經__juan_119.txt	scrape_output\clean\西晉\大寶積經\大寶積經__juan_119.txt	9819	9803	0
西晉	165322	大寶積經	大寶積經/卷120	大寶積經	120	scrape_output\raw\西晉\大寶積經\大寶積經__juan_120.txt	scrape_output\clean\西晉\大寶積經\大寶積經__juan_120.txt	10842	10815	0
西晉	1042979	大暑賦 (夏侯湛)	大暑賦 (夏侯湛)	大暑賦 (夏侯湛)	1	scrape_output\raw\西晉\大暑賦 (夏侯湛)\大暑賦 (夏侯湛)__juan_01.txt	scrape_output\clean\西晉\大暑賦 (夏侯湛)\大暑賦 (夏侯湛)__juan_01.txt	230	186	0
西晉	184249	大樓炭經	大樓炭經/01	大樓炭經	1	scrape_output\raw\西晉\大樓炭經\大樓炭經__juan_01.txt	scrape_output\clean\西晉\大樓炭經\大樓炭經__juan_01.txt	8489	8486	0
西晉	184249	大樓炭經	大樓炭經/02	大樓炭經	2	scrape_output\raw\西晉\大樓炭經\大樓炭經__juan_02.txt	scrape_output\clean\西晉\大樓炭經\大樓炭經__juan_02.txt	9357	9338	0
西晉	184249	大樓炭經	大樓炭經/03	大樓炭經	3	scrape_output\raw\西晉\大樓炭經\大樓炭經__juan_03.txt	scrape_output\clean\西晉\大樓炭經\大樓炭經__juan_03.txt	9941	9941	0
西晉	184249	大樓炭經	大樓炭經/04	大樓炭經	4	scrape_output\raw\西晉\大樓炭經\大樓炭經__juan_04.txt	scrape_output\clean\西晉\大樓炭經\大樓炭經__juan_04.txt	9950	9950	0
西晉	184249	大樓炭經	大樓炭經/05	大樓炭經	5	scrape_output\raw\西晉\大樓炭經\大樓炭經__juan_05.txt	scrape_output\clean\西晉\大樓炭經\大樓炭經__juan_05.txt	8080	8071	0
西晉	184249	大樓炭經	大樓炭經/06	大樓炭經	6	scrape_output\raw\西晉\大樓炭經\大樓炭經__juan_06.txt	scrape_output\clean\西晉\大樓炭經\大樓炭經__juan_06.txt	7982	7974	0
西晉	1050076	大鵬贊	大鵬贊	大鵬贊	1	scrape_output\raw\西晉\大鵬贊\大鵬贊__juan_01.txt	scrape_output\clean\西晉\大鵬贊\大鵬贊__juan_01.txt	174	130	0
西晉	169889	天地賦	天地賦	天地賦	1	scrape_output\raw\西晉\天地賦\天地賦__juan_01.txt	scrape_output\clean\西晉\天地賦\天地賦__juan_01.txt	1110	1102	0
西晉	1033056	太僕座上詩	太僕座上詩	太僕座上詩	1	scrape_output\raw\西晉\太僕座上詩\太僕座上詩__juan_01.txt	scrape_output\clean\西晉\太僕座上詩\太僕座上詩__juan_01.txt	125	81	0
西晉	169612	太元經	太元經	太元經	1	scrape_output\raw\西晉\太元經\太元經__juan_01.txt	scrape_output\clean\西晉\太元經\太元經__juan_01.txt	503	387	0
西晉	195276	太子墓魄經	太子墓魄經	太子墓魄經	1	scrape_output\raw\西晉\太子墓魄經\太子墓魄經__juan_01.txt	scrape_output\clean\西晉\太子墓魄經\太子墓魄經__juan_01.txt	1655	1601	0
西晉	766035	太宰魯武公誄	太宰魯武公誄	太宰魯武公誄	1	scrape_output\raw\西晉\太宰魯武公誄\太宰魯武公誄__juan_01.txt	scrape_output\clean\西晉\太宰魯武公誄\太宰魯武公誄__juan_01.txt	259	215	0
西晉	799558	奉迎大駕道路賦詩	奉迎大駕道路賦詩	奉迎大駕道路賦詩	1	scrape_output\raw\西晉\奉迎大駕道路賦詩\奉迎大駕道路賦詩__juan_01.txt	scrape_output\clean\西晉\奉迎大駕道路賦詩\奉迎大駕道路賦詩__juan_01.txt	166	166	0
西晉	1019971	奏事	奏事	奏事	1	scrape_output\raw\西晉\奏事\奏事__juan_01.txt	scrape_output\clean\西晉\奏事\奏事__juan_01.txt	297	253	0
西晉	167061	奴券	奴券	奴券	1	scrape_output\raw\西晉\奴券\奴券__juan_01.txt	scrape_output\clean\西晉\奴券\奴券__juan_01.txt	379	375	0
西晉	1032923	季子贊	季子贊	季子贊	1	scrape_output\raw\西晉\季子贊\季子贊__juan_01.txt	scrape_output\clean\西晉\季子贊\季子贊__juan_01.txt	99	55	0
西晉	1032662	孫馮翊集	孫馮翊集	孫馮翊集	1	scrape_output\raw\西晉\孫馮翊集\孫馮翊集__juan_01.txt	scrape_output\clean\西晉\孫馮翊集\孫馮翊集__juan_01.txt	7401	7355	0
西晉	876692	安石榴賦 (張協)	安石榴賦 (張協)	安石榴賦 (張協)	1	scrape_output\raw\西晉\安石榴賦 (張協)\安石榴賦 (張協)__juan_01.txt	scrape_output\clean\西晉\安石榴賦 (張協)\安石榴賦 (張協)__juan_01.txt	349	305	0
西晉	876691	安石榴賦 (張載)	安石榴賦 (張載)	安石榴賦 (張載)	1	scrape_output\raw\西晉\安石榴賦 (張載)\安石榴賦 (張載)__juan_01.txt	scrape_output\clean\西晉\安石榴賦 (張載)\安石榴賦 (張載)__juan_01.txt	209	165	0
西晉	876693	安石榴賦 (應貞)	安石榴賦 (應貞)	安石榴賦 (應貞)	1	scrape_output\raw\西晉\安石榴賦 (應貞)\安石榴賦 (應貞)__juan_01.txt	scrape_output\clean\西晉\安石榴賦 (應貞)\安石榴賦 (應貞)__juan_01.txt	193	148	0
西晉	876690	安石榴賦 (潘尼)	安石榴賦 (潘尼)	安石榴賦 (潘尼)	1	scrape_output\raw\西晉\安石榴賦 (潘尼)\安石榴賦 (潘尼)__juan_01.txt	scrape_output\clean\西晉\安石榴賦 (潘尼)\安石榴賦 (潘尼)__juan_01.txt	341	296	0
西晉	1020135	宗譜	宗譜	宗譜	1	scrape_output\raw\西晉\宗譜\宗譜__juan_01.txt	scrape_output\clean\西晉\宗譜\宗譜__juan_01.txt	428	384	0
西晉	766039	宜城宣君誄	宜城宣君誄	宜城宣君誄	1	scrape_output\raw\西晉\宜城宣君誄\宜城宣君誄__juan_01.txt	scrape_output\clean\西晉\宜城宣君誄\宜城宣君誄__juan_01.txt	128	84	0
西晉	876602	宜男花賦 (傅玄)	宜男花賦 (傅玄)	宜男花賦 (傅玄)	1	scrape_output\raw\西晉\宜男花賦 (傅玄)\宜男花賦 (傅玄)__juan_01.txt	scrape_output\clean\西晉\宜男花賦 (傅玄)\宜男花賦 (傅玄)__juan_01.txt	151	107	0
西晉	1043202	寒苦謠	寒苦謠	寒苦謠	1	scrape_output\raw\西晉\寒苦謠\寒苦謠__juan_01.txt	scrape_output\clean\西晉\寒苦謠\寒苦謠__juan_01.txt	141	97	0
西晉	761214	寒蟬賦 (陸雲)	寒蟬賦 (陸雲)	寒蟬賦 (陸雲)	1	scrape_output\raw\西晉\寒蟬賦 (陸雲)\寒蟬賦 (陸雲)__juan_01.txt	scrape_output\clean\西晉\寒蟬賦 (陸雲)\寒蟬賦 (陸雲)__juan_01.txt	884	837	0
西晉	24319	寡婦賦 (潘安)	寡婦賦 (潘安)	寡婦賦 (潘安)	1	scrape_output\raw\西晉\寡婦賦 (潘安)\寡婦賦 (潘安)__juan_01.txt	scrape_output\clean\西晉\寡婦賦 (潘安)\寡婦賦 (潘安)__juan_01.txt	1320	1228	0
西晉	176305	寶女所問經	寶女所問經	寶女所問經	1	scrape_output\raw\西晉\寶女所問經\寶女所問經__juan_01.txt	scrape_output\clean\西晉\寶女所問經\寶女所問經__juan_01.txt	34240	34005	0
西晉	765984	射稚賦	射稚賦	射稚賦	1	scrape_output\raw\西晉\射稚賦\射稚賦__juan_01.txt	scrape_output\clean\西晉\射稚賦\射稚賦__juan_01.txt	1010	966	0
西晉	24027	射雉賦	射雉賦	射雉賦	1	scrape_output\raw\西晉\射雉賦\射雉賦__juan_01.txt	scrape_output\clean\西晉\射雉賦\射雉賦__juan_01.txt	1036	944	0
西晉	178312	尊上經	尊上經	尊上經	1	scrape_output\raw\西晉\尊上經\尊上經__juan_01.txt	scrape_output\clean\西晉\尊上經\尊上經__juan_01.txt	1813	1809	0
西晉	1032695	尼父頌	尼父頌	尼父頌	1	scrape_output\raw\西晉\尼父頌\尼父頌__juan_01.txt	scrape_output\clean\西晉\尼父頌\尼父頌__juan_01.txt	171	127	0
西晉	1032693	屈建論	屈建論	屈建論	1	scrape_output\raw\西晉\屈建論\屈建論__juan_01.txt	scrape_output\clean\西晉\屈建論\屈建論__juan_01.txt	137	93	0
西晉	1043194	山路吟	山路吟	山路吟	1	scrape_output\raw\西晉\山路吟\山路吟__juan_01.txt	scrape_output\clean\西晉\山路吟\山路吟__juan_01.txt	169	125	0
西晉	797764	嵇紹	嵇紹	嵇紹	1	scrape_output\raw\西晉\嵇紹\嵇紹__juan_01.txt	scrape_output\clean\西晉\嵇紹\嵇紹__juan_01.txt	149	147	0
西晉	1043176	左丘明贊	左丘明贊	左丘明贊	1	scrape_output\raw\西晉\左丘明贊\左丘明贊__juan_01.txt	scrape_output\clean\西晉\左丘明贊\左丘明贊__juan_01.txt	121	77	0
西晉	1058312	帝王世紀	帝王世紀	帝王世紀	1	scrape_output\raw\西晉\帝王世紀\帝王世紀__juan_01.txt	scrape_output\clean\西晉\帝王世紀\帝王世紀__juan_01.txt	4488	4334	0
西晉	175738	幻士仁賢經	幻士仁賢經	幻士仁賢經	1	scrape_output\raw\西晉\幻士仁賢經\幻士仁賢經__juan_01.txt	scrape_output\clean\西晉\幻士仁賢經\幻士仁賢經__juan_01.txt	10708	10663	0
西晉	178092	度世品經	度世品經	度世品經	1	scrape_output\raw\西晉\度世品經\度世品經__juan_01.txt	scrape_output\clean\西晉\度世品經\度世品經__juan_01.txt	68982	68857	0
西晉	169571	廣田農議	廣田農議	廣田農議	1	scrape_output\raw\西晉\廣田農議\廣田農議__juan_01.txt	scrape_output\clean\西晉\廣田農議\廣田農議__juan_01.txt	828	736	0
西晉	105652	廣誌	廣誌	廣誌	1	scrape_output\raw\西晉\廣誌\廣誌__juan_01.txt	scrape_output\clean\西晉\廣誌\廣誌__juan_01.txt	1205	1111	0
西晉	766031	弔孟嘗君文	弔孟嘗君文	弔孟嘗君文	1	scrape_output\raw\西晉\弔孟嘗君文\弔孟嘗君文__juan_01.txt	scrape_output\clean\西晉\弔孟嘗君文\弔孟嘗君文__juan_01.txt	188	144	0
西晉	176056	彌勒菩薩所問本願經	彌勒菩薩所問本願經	彌勒菩薩所問本願經	1	scrape_output\raw\西晉\彌勒菩薩所問本願經\彌勒菩薩所問本願經__juan_01.txt	scrape_output\clean\西晉\彌勒菩薩所問本願經\彌勒菩薩所問本願經__juan_01.txt	4644	4547	0
西晉	25945	征西官屬送於陟陽候作詩	征西官屬送於陟陽候作詩	征西官屬送於陟陽候作詩	1	scrape_output\raw\西晉\征西官屬送於陟陽候作詩\征西官屬送於陟陽候作詩__juan_01.txt	scrape_output\clean\西晉\征西官屬送於陟陽候作詩\征西官屬送於陟陽候作詩__juan_01.txt	230	138	0
西晉	1043204	征邁辭	征邁辭	征邁辭	1	scrape_output\raw\西晉\征邁辭\征邁辭__juan_01.txt	scrape_output\clean\西晉\征邁辭\征邁辭__juan_01.txt	107	63	0
西晉	1020056	律序	律序	律序	1	scrape_output\raw\西晉\律序\律序__juan_01.txt	scrape_output\clean\西晉\律序\律序__juan_01.txt	101	57	0
西晉	27227	徙戎論	徙戎論	徙戎論	1	scrape_output\raw\西晉\徙戎論\徙戎論__juan_01.txt	scrape_output\clean\西晉\徙戎論\徙戎論__juan_01.txt	2943	2850	0
西晉	1043122	從祖叔權幼權序	從祖叔權幼權序	從祖叔權幼權序	1	scrape_output\raw\西晉\從祖叔權幼權序\從祖叔權幼權序__juan_01.txt	scrape_output\clean\西晉\從祖叔權幼權序\從祖叔權幼權序__juan_01.txt	377	333	0
西晉	195279	德光太子經	德光太子經	德光太子經	1	scrape_output\raw\西晉\德光太子經\德光太子經__juan_01.txt	scrape_output\clean\西晉\德光太子經\德光太子經__juan_01.txt	11599	11599	0
西晉	876601	忘憂草賦	忘憂草賦	忘憂草賦	1	scrape_output\raw\西晉\忘憂草賦\忘憂草賦__juan_01.txt	scrape_output\clean\西晉\忘憂草賦\忘憂草賦__juan_01.txt	252	208	0
西晉	169844	思歸歎	思歸歎	思歸歎	1	scrape_output\raw\西晉\思歸歎\思歸歎__juan_01.txt	scrape_output\clean\西晉\思歸歎\思歸歎__juan_01.txt	565	473	0
西晉	177135	恒水經	恒水經	恒水經	1	scrape_output\raw\西晉\恒水經\恒水經__juan_01.txt	scrape_output\clean\西晉\恒水經\恒水經__juan_01.txt	1759	1759	0
西晉	766029	悲刑生辭	悲刑生辭	悲刑生辭	1	scrape_output\raw\西晉\悲刑生辭\悲刑生辭__juan_01.txt	scrape_output\clean\西晉\悲刑生辭\悲刑生辭__juan_01.txt	203	159	0
西晉	765979	悼亡賦	悼亡賦	悼亡賦	1	scrape_output\raw\西晉\悼亡賦\悼亡賦__juan_01.txt	scrape_output\clean\西晉\悼亡賦\悼亡賦__juan_01.txt	366	322	0
西晉	891216	悼離贈妹詩二首	悼離贈妹詩二首	悼離贈妹詩二首	1	scrape_output\raw\西晉\悼離贈妹詩二首\悼離贈妹詩二首__juan_01.txt	scrape_output\clean\西晉\悼離贈妹詩二首\悼離贈妹詩二首__juan_01.txt	767	723	0
西晉	761209	愁霖賦 (陸雲)	愁霖賦 (陸雲)	愁霖賦 (陸雲)	1	scrape_output\raw\西晉\愁霖賦 (陸雲)\愁霖賦 (陸雲)__juan_01.txt	scrape_output\clean\西晉\愁霖賦 (陸雲)\愁霖賦 (陸雲)__juan_01.txt	681	635	0
西晉	1043071	愍桐賦	愍桐賦	愍桐賦	1	scrape_output\raw\西晉\愍桐賦\愍桐賦__juan_01.txt	scrape_output\clean\西晉\愍桐賦\愍桐賦__juan_01.txt	209	165	0
西晉	167711	意經	意經	意經	1	scrape_output\raw\西晉\意經\意經__juan_01.txt	scrape_output\clean\西晉\意經\意經__juan_01.txt	1439	1371	0
西晉	174563	感婚賦	感婚賦	感婚賦	1	scrape_output\raw\西晉\感婚賦\感婚賦__juan_01.txt	scrape_output\clean\西晉\感婚賦\感婚賦__juan_01.txt	256	210	0
西晉	176053	慧上菩薩問大善權經	慧上菩薩問大善權經	慧上菩薩問大善權經	1	scrape_output\raw\西晉\慧上菩薩問大善權經\慧上菩薩問大善權經__juan_01.txt	scrape_output\clean\西晉\慧上菩薩問大善權經\慧上菩薩問大善權經__juan_01.txt	16745	16645	0
西晉	167712	應法經	應法經	應法經	1	scrape_output\raw\西晉\應法經\應法經__juan_01.txt	scrape_output\clean\西晉\應法經\應法經__juan_01.txt	2110	2066	0
西晉	24318	懷舊賦	懷舊賦	懷舊賦	1	scrape_output\raw\西晉\懷舊賦\懷舊賦__juan_01.txt	scrape_output\clean\西晉\懷舊賦\懷舊賦__juan_01.txt	497	405	0
西晉	169799	戰略	戰略	戰略	1	scrape_output\raw\西晉\戰略\戰略__juan_01.txt	scrape_output\clean\西晉\戰略\戰略__juan_01.txt	3134	3023	0
西晉	877786	所欲致患經	所欲致患經	所欲致患經	1	scrape_output\raw\西晉\所欲致患經\所欲致患經__juan_01.txt	scrape_output\clean\西晉\所欲致患經\所欲致患經__juan_01.txt	3089	3045	0
西晉	169895	抵疑	抵疑	抵疑	1	scrape_output\raw\西晉\抵疑\抵疑__juan_01.txt	scrape_output\clean\西晉\抵疑\抵疑__juan_01.txt	2490	2446	0
西晉	32218	招隱詩	招隱詩	招隱詩	1	scrape_output\raw\西晉\招隱詩\招隱詩__juan_01.txt	scrape_output\clean\西晉\招隱詩\招隱詩__juan_01.txt	443	399	0
西晉	877022	持人菩薩經	持人菩薩經/卷01	持人菩薩經	1	scrape_output\raw\西晉\持人菩薩經\持人菩薩經__juan_01.txt	scrape_output\clean\西晉\持人菩薩經\持人菩薩經__juan_01.txt	7454	7454	0
西晉	877022	持人菩薩經	持人菩薩經/卷02	持人菩薩經	2	scrape_output\raw\西晉\持人菩薩經\持人菩薩經__juan_02.txt	scrape_output\clean\西晉\持人菩薩經\持人菩薩經__juan_02.txt	7380	7378	0
西晉	877022	持人菩薩經	持人菩薩經/卷03	持人菩薩經	3	scrape_output\raw\西晉\持人菩薩經\持人菩薩經__juan_03.txt	scrape_output\clean\西晉\持人菩薩經\持人菩薩經__juan_03.txt	6255	6255	0
西晉	877022	持人菩薩經	持人菩薩經/卷04	持人菩薩經	4	scrape_output\raw\西晉\持人菩薩經\持人菩薩經__juan_04.txt	scrape_output\clean\西晉\持人菩薩經\持人菩薩經__juan_04.txt	7199	7192	0
西晉	877146	持心梵天所問經	持心梵天所問經/卷01	持心梵天所問經	1	scrape_output\raw\西晉\持心梵天所問經\持心梵天所問經__juan_01.txt	scrape_output\clean\西晉\持心梵天所問經\持心梵天所問經__juan_01.txt	15720	15579	0
西晉	877146	持心梵天所問經	持心梵天所問經/卷02	持心梵天所問經	2	scrape_output\raw\西晉\持心梵天所問經\持心梵天所問經__juan_02.txt	scrape_output\clean\西晉\持心梵天所問經\持心梵天所問經__juan_02.txt	14163	14163	0
西晉	877146	持心梵天所問經	持心梵天所問經/卷03	持心梵天所問經	3	scrape_output\raw\西晉\持心梵天所問經\持心梵天所問經__juan_03.txt	scrape_output\clean\西晉\持心梵天所問經\持心梵天所問經__juan_03.txt	12020	12020	0
西晉	877146	持心梵天所問經	持心梵天所問經/卷04	持心梵天所問經	4	scrape_output\raw\西晉\持心梵天所問經\持心梵天所問經__juan_04.txt	scrape_output\clean\西晉\持心梵天所問經\持心梵天所問經__juan_04.txt	11583	11416	0
西晉	875851	放光般若經	放光般若經/01	放光般若經	1	scrape_output\raw\西晉\放光般若經\放光般若經__juan_01.txt	scrape_output\clean\西晉\放光般若經\放光般若經__juan_01.txt	11035	11017	0
西晉	875851	放光般若經	放光般若經/02	放光般若經	2	scrape_output\raw\西晉\放光般若經\放光般若經__juan_02.txt	scrape_output\clean\西晉\放光般若經\放光般若經__juan_02.txt	14594	14594	0
西晉	875851	放光般若經	放光般若經/03	放光般若經	3	scrape_output\raw\西晉\放光般若經\放光般若經__juan_03.txt	scrape_output\clean\西晉\放光般若經\放光般若經__juan_03.txt	12189	12185	0
西晉	875851	放光般若經	放光般若經/04	放光般若經	4	scrape_output\raw\西晉\放光般若經\放光般若經__juan_04.txt	scrape_output\clean\西晉\放光般若經\放光般若經__juan_04.txt	14091	14057	0
西晉	875851	放光般若經	放光般若經/05	放光般若經	5	scrape_output\raw\西晉\放光般若經\放光般若經__juan_05.txt	scrape_output\clean\西晉\放光般若經\放光般若經__juan_05.txt	13040	13040	0
西晉	875851	放光般若經	放光般若經/06	放光般若經	6	scrape_output\raw\西晉\放光般若經\放光般若經__juan_06.txt	scrape_output\clean\西晉\放光般若經\放光般若經__juan_06.txt	13173	13173	0
西晉	875851	放光般若經	放光般若經/07	放光般若經	7	scrape_output\raw\西晉\放光般若經\放光般若經__juan_07.txt	scrape_output\clean\西晉\放光般若經\放光般若經__juan_07.txt	14670	14670	0
西晉	875851	放光般若經	放光般若經/08	放光般若經	8	scrape_output\raw\西晉\放光般若經\放光般若經__juan_08.txt	scrape_output\clean\西晉\放光般若經\放光般若經__juan_08.txt	11538	11538	0
西晉	875851	放光般若經	放光般若經/09	放光般若經	9	scrape_output\raw\西晉\放光般若經\放光般若經__juan_09.txt	scrape_output\clean\西晉\放光般若經\放光般若經__juan_09.txt	12951	12950	0
西晉	875851	放光般若經	放光般若經/10	放光般若經	10	scrape_output\raw\西晉\放光般若經\放光般若經__juan_10.txt	scrape_output\clean\西晉\放光般若經\放光般若經__juan_10.txt	11398	11393	0
西晉	875851	放光般若經	放光般若經/11	放光般若經	11	scrape_output\raw\西晉\放光般若經\放光般若經__juan_11.txt	scrape_output\clean\西晉\放光般若經\放光般若經__juan_11.txt	12052	12050	0
西晉	875851	放光般若經	放光般若經/12	放光般若經	12	scrape_output\raw\西晉\放光般若經\放光般若經__juan_12.txt	scrape_output\clean\西晉\放光般若經\放光般若經__juan_12.txt	11027	10991	0
西晉	875851	放光般若經	放光般若經/13	放光般若經	13	scrape_output\raw\西晉\放光般若經\放光般若經__juan_13.txt	scrape_output\clean\西晉\放光般若經\放光般若經__juan_13.txt	11618	11615	0
西晉	875851	放光般若經	放光般若經/14	放光般若經	14	scrape_output\raw\西晉\放光般若經\放光般若經__juan_14.txt	scrape_output\clean\西晉\放光般若經\放光般若經__juan_14.txt	12815	12808	0
西晉	875851	放光般若經	放光般若經/15	放光般若經	15	scrape_output\raw\西晉\放光般若經\放光般若經__juan_15.txt	scrape_output\clean\西晉\放光般若經\放光般若經__juan_15.txt	12733	12717	0
西晉	875851	放光般若經	放光般若經/16	放光般若經	16	scrape_output\raw\西晉\放光般若經\放光般若經__juan_16.txt	scrape_output\clean\西晉\放光般若經\放光般若經__juan_16.txt	15233	15217	0
西晉	875851	放光般若經	放光般若經/17	放光般若經	17	scrape_output\raw\西晉\放光般若經\放光般若經__juan_17.txt	scrape_output\clean\西晉\放光般若經\放光般若經__juan_17.txt	14707	14620	0
西晉	875851	放光般若經	放光般若經/18	放光般若經	18	scrape_output\raw\西晉\放光般若經\放光般若經__juan_18.txt	scrape_output\clean\西晉\放光般若經\放光般若經__juan_18.txt	13259	13255	0
西晉	875851	放光般若經	放光般若經/19	放光般若經	19	scrape_output\raw\西晉\放光般若經\放光般若經__juan_19.txt	scrape_output\clean\西晉\放光般若經\放光般若經__juan_19.txt	12228	12224	0
西晉	875851	放光般若經	放光般若經/20	放光般若經	20	scrape_output\raw\西晉\放光般若經\放光般若經__juan_20.txt	scrape_output\clean\西晉\放光般若經\放光般若經__juan_20.txt	12577	12571	0
西晉	1032978	故太傅羊祜碑	故太傅羊祜碑	故太傅羊祜碑	1	scrape_output\raw\西晉\故太傅羊祜碑\故太傅羊祜碑__juan_01.txt	scrape_output\clean\西晉\故太傅羊祜碑\故太傅羊祜碑__juan_01.txt	284	239	0
西晉	765998	故太常任府君畫贊	故太常任府君畫贊	故太常任府君畫贊	1	scrape_output\raw\西晉\故太常任府君畫贊\故太常任府君畫贊__juan_01.txt	scrape_output\clean\西晉\故太常任府君畫贊\故太常任府君畫贊__juan_01.txt	189	145	0
西晉	178101	數經	數經	數經	1	scrape_output\raw\西晉\數經\數經__juan_01.txt	scrape_output\clean\西晉\數經\數經__juan_01.txt	2530	2530	0
西晉	175638	文殊師利佛土嚴淨經	文殊師利佛土嚴淨經	文殊師利佛土嚴淨經	1	scrape_output\raw\西晉\文殊師利佛土嚴淨經\文殊師利佛土嚴淨經__juan_01.txt	scrape_output\clean\西晉\文殊師利佛土嚴淨經\文殊師利佛土嚴淨經__juan_01.txt	19953	19848	0
西晉	877239	文殊支利普超三昧經	文殊支利普超三昧經/卷01	文殊支利普超三昧經	1	scrape_output\raw\西晉\文殊支利普超三昧經\文殊支利普超三昧經__juan_01.txt	scrape_output\clean\西晉\文殊支利普超三昧經\文殊支利普超三昧經__juan_01.txt	11931	11927	0
西晉	877239	文殊支利普超三昧經	文殊支利普超三昧經/卷02	文殊支利普超三昧經	2	scrape_output\raw\西晉\文殊支利普超三昧經\文殊支利普超三昧經__juan_02.txt	scrape_output\clean\西晉\文殊支利普超三昧經\文殊支利普超三昧經__juan_02.txt	13033	12823	0
西晉	877239	文殊支利普超三昧經	文殊支利普超三昧經/卷03	文殊支利普超三昧經	3	scrape_output\raw\西晉\文殊支利普超三昧經\文殊支利普超三昧經__juan_03.txt	scrape_output\clean\西晉\文殊支利普超三昧經\文殊支利普超三昧經__juan_03.txt	12732	12721	0
西晉	24476	文賦	文賦	文賦	1	scrape_output\raw\西晉\文賦\文賦__juan_01.txt	scrape_output\clean\西晉\文賦\文賦__juan_01.txt	2070	2026	0
西晉	194471	文身刀銘	文身刀銘	文身刀銘	1	scrape_output\raw\西晉\文身刀銘\文身刀銘__juan_01.txt	scrape_output\clean\西晉\文身刀銘\文身刀銘__juan_01.txt	133	40	0
西晉	194470	文身劍銘	文身劍銘	文身劍銘	1	scrape_output\raw\西晉\文身劍銘\文身劍銘__juan_01.txt	scrape_output\clean\西晉\文身劍銘\文身劍銘__juan_01.txt	132	40	0
西晉	153308	日出東南隅行 (陸機)	日出東南隅行 (陸機)	日出東南隅行 (陸機)	1	scrape_output\raw\西晉\日出東南隅行 (陸機)\日出東南隅行 (陸機)__juan_01.txt	scrape_output\clean\西晉\日出東南隅行 (陸機)\日出東南隅行 (陸機)__juan_01.txt	357	313	0
西晉	169893	昆弟誥	昆弟誥	昆弟誥	1	scrape_output\raw\西晉\昆弟誥\昆弟誥__juan_01.txt	scrape_output\clean\西晉\昆弟誥\昆弟誥__juan_01.txt	1642	1598	0
西晉	1042973	春可樂賦	春可樂賦	春可樂賦	1	scrape_output\raw\西晉\春可樂賦\春可樂賦__juan_01.txt	scrape_output\clean\西晉\春可樂賦\春可樂賦__juan_01.txt	211	167	0
西晉	1020054	春秋左傳集解序	春秋左傳集解序	春秋左傳集解序	1	scrape_output\raw\西晉\春秋左傳集解序\春秋左傳集解序__juan_01.txt	scrape_output\clean\西晉\春秋左傳集解序\春秋左傳集解序__juan_01.txt	2093	2049	0
西晉	143521	春秋釋例	春秋釋例	春秋釋例	1	scrape_output\raw\西晉\春秋釋例\春秋釋例__juan_01.txt	scrape_output\clean\西晉\春秋釋例\春秋釋例__juan_01.txt	57878	57801	0
西晉	1020133	春秋長曆說	春秋長曆說	春秋長曆說	1	scrape_output\raw\西晉\春秋長曆說\春秋長曆說__juan_01.txt	scrape_output\clean\西晉\春秋長曆說\春秋長曆說__juan_01.txt	928	883	0
西晉	1020131	春秋長曆論	春秋長曆論	春秋長曆論	1	scrape_output\raw\西晉\春秋長曆論\春秋長曆論__juan_01.txt	scrape_output\clean\西晉\春秋長曆論\春秋長曆論__juan_01.txt	1410	1366	0
西晉	66990	晉宗廟歌	晉宗廟歌	晉宗廟歌	1	scrape_output\raw\西晉\晉宗廟歌\晉宗廟歌__juan_01.txt	scrape_output\clean\西晉\晉宗廟歌\晉宗廟歌__juan_01.txt	825	781	0
西晉	102296	晉後略	晉後略	晉後略	1	scrape_output\raw\西晉\晉後略\晉後略__juan_01.txt	scrape_output\clean\西晉\晉後略\晉後略__juan_01.txt	694	646	0
西晉	877050	普達王經	普達王經	普達王經	1	scrape_output\raw\西晉\普達王經\普達王經__juan_01.txt	scrape_output\clean\西晉\普達王經\普達王經__juan_01.txt	1978	1934	0
西晉	766003	景獻皇后哀策文	景獻皇后哀策文	景獻皇后哀策文	1	scrape_output\raw\西晉\景獻皇后哀策文\景獻皇后哀策文__juan_01.txt	scrape_output\clean\西晉\景獻皇后哀策文\景獻皇后哀策文__juan_01.txt	264	220	0
西晉	13952	有女篇	有女篇	有女篇	1	scrape_output\raw\西晉\有女篇\有女篇__juan_01.txt	scrape_output\clean\西晉\有女篇\有女篇__juan_01.txt	287	243	0
西晉	1043073	朝華賦	朝華賦	朝華賦	1	scrape_output\raw\西晉\朝華賦\朝華賦__juan_01.txt	scrape_output\clean\西晉\朝華賦\朝華賦__juan_01.txt	195	151	0
西晉	876493	木蘭賦 (成公綏)	木蘭賦 (成公綏)	木蘭賦 (成公綏)	1	scrape_output\raw\西晉\木蘭賦 (成公綏)\木蘭賦 (成公綏)__juan_01.txt	scrape_output\clean\西晉\木蘭賦 (成公綏)\木蘭賦 (成公綏)__juan_01.txt	178	134	0
西晉	174562	朽社賦	朽社賦	朽社賦	1	scrape_output\raw\西晉\朽社賦\朽社賦__juan_01.txt	scrape_output\clean\西晉\朽社賦\朽社賦__juan_01.txt	295	249	0
西晉	876658	杕杜賦	杕杜賦	杕杜賦	1	scrape_output\raw\西晉\杕杜賦\杕杜賦__juan_01.txt	scrape_output\clean\西晉\杕杜賦\杕杜賦__juan_01.txt	196	151	0
西晉	1009767	杜征南集	杜征南集	杜征南集	1	scrape_output\raw\西晉\杜征南集\杜征南集__juan_01.txt	scrape_output\clean\西晉\杜征南集\杜征南集__juan_01.txt	14497	14447	0
西晉	23698	東方朔畫贊	東方朔畫贊	東方朔畫贊	1	scrape_output\raw\西晉\東方朔畫贊\東方朔畫贊__juan_01.txt	scrape_output\clean\西晉\東方朔畫贊\東方朔畫贊__juan_01.txt	849	805	0
西晉	1032697	梁令孫侯頌	梁令孫侯頌	梁令孫侯頌	1	scrape_output\raw\西晉\梁令孫侯頌\梁令孫侯頌__juan_01.txt	scrape_output\clean\西晉\梁令孫侯頌\梁令孫侯頌__juan_01.txt	169	125	0
西晉	1042982	梁田賦	梁田賦	梁田賦	1	scrape_output\raw\西晉\梁田賦\梁田賦__juan_01.txt	scrape_output\clean\西晉\梁田賦\梁田賦__juan_01.txt	109	65	0
西晉	876655	梨樹頌	梨樹頌	梨樹頌	1	scrape_output\raw\西晉\梨樹頌\梨樹頌__juan_01.txt	scrape_output\clean\西晉\梨樹頌\梨樹頌__juan_01.txt	229	184	0
西晉	797765	棗據	棗據	棗據	1	scrape_output\raw\西晉\棗據\棗據__juan_01.txt	scrape_output\clean\西晉\棗據\棗據__juan_01.txt	96	96	0
西晉	876688	棗賦 (傅玄)	棗賦 (傅玄)	棗賦 (傅玄)	1	scrape_output\raw\西晉\棗賦 (傅玄)\棗賦 (傅玄)__juan_01.txt	scrape_output\clean\西晉\棗賦 (傅玄)\棗賦 (傅玄)__juan_01.txt	199	155	0
西晉	23587	楊仲武誄	楊仲武誄	楊仲武誄	1	scrape_output\raw\西晉\楊仲武誄\楊仲武誄__juan_01.txt	scrape_output\clean\西晉\楊仲武誄\楊仲武誄__juan_01.txt	881	789	0
西晉	23586	楊荊州誄	楊荊州誄	楊荊州誄	1	scrape_output\raw\西晉\楊荊州誄\楊荊州誄__juan_01.txt	scrape_output\clean\西晉\楊荊州誄\楊荊州誄__juan_01.txt	1119	1027	0
西晉	766036	楊荊州誄有序	楊荊州誄有序	楊荊州誄有序	1	scrape_output\raw\西晉\楊荊州誄有序\楊荊州誄有序__juan_01.txt	scrape_output\clean\西晉\楊荊州誄有序\楊荊州誄有序__juan_01.txt	1026	982	0
西晉	1032905	榮啟期贊	榮啟期贊	榮啟期贊	1	scrape_output\raw\西晉\榮啟期贊\榮啟期贊__juan_01.txt	scrape_output\clean\西晉\榮啟期贊\榮啟期贊__juan_01.txt	119	75	0
西晉	177213	樂想經	樂想經	樂想經	1	scrape_output\raw\西晉\樂想經\樂想經__juan_01.txt	scrape_output\clean\西晉\樂想經\樂想經__juan_01.txt	542	542	0
西晉	1032927	樂毅贊	樂毅贊	樂毅贊	1	scrape_output\raw\西晉\樂毅贊\樂毅贊__juan_01.txt	scrape_output\clean\西晉\樂毅贊\樂毅贊__juan_01.txt	129	85	0
西晉	765991	橘賦 (潘岳)	橘賦 (潘岳)	橘賦 (潘岳)	1	scrape_output\raw\西晉\橘賦 (潘岳)\橘賦 (潘岳)__juan_01.txt	scrape_output\clean\西晉\橘賦 (潘岳)\橘賦 (潘岳)__juan_01.txt	207	163	0
西晉	875986	正法華經	正法華經/01	正法華經	1	scrape_output\raw\西晉\正法華經\正法華經__juan_01.txt	scrape_output\clean\西晉\正法華經\正法華經__juan_01.txt	15997	15976	0
西晉	875986	正法華經	正法華經/02	正法華經	2	scrape_output\raw\西晉\正法華經\正法華經__juan_02.txt	scrape_output\clean\西晉\正法華經\正法華經__juan_02.txt	10569	10548	0
西晉	875986	正法華經	正法華經/03	正法華經	3	scrape_output\raw\西晉\正法華經\正法華經__juan_03.txt	scrape_output\clean\西晉\正法華經\正法華經__juan_03.txt	13179	13150	0
西晉	875986	正法華經	正法華經/04	正法華經	4	scrape_output\raw\西晉\正法華經\正法華經__juan_04.txt	scrape_output\clean\西晉\正法華經\正法華經__juan_04.txt	9366	9353	0
西晉	875986	正法華經	正法華經/05	正法華經	5	scrape_output\raw\西晉\正法華經\正法華經__juan_05.txt	scrape_output\clean\西晉\正法華經\正法華經__juan_05.txt	7452	7443	0
西晉	875986	正法華經	正法華經/06	正法華經	6	scrape_output\raw\西晉\正法華經\正法華經__juan_06.txt	scrape_output\clean\西晉\正法華經\正法華經__juan_06.txt	12741	12727	0
西晉	875986	正法華經	正法華經/07	正法華經	7	scrape_output\raw\西晉\正法華經\正法華經__juan_07.txt	scrape_output\clean\西晉\正法華經\正法華經__juan_07.txt	12413	12400	0
西晉	875986	正法華經	正法華經/08	正法華經	8	scrape_output\raw\西晉\正法華經\正法華經__juan_08.txt	scrape_output\clean\西晉\正法華經\正法華經__juan_08.txt	10856	10843	0
西晉	875986	正法華經	正法華經/09	正法華經	9	scrape_output\raw\西晉\正法華經\正法華經__juan_09.txt	scrape_output\clean\西晉\正法華經\正法華經__juan_09.txt	10325	10317	0
西晉	875986	正法華經	正法華經/10	正法華經	10	scrape_output\raw\西晉\正法華經\正法華經__juan_10.txt	scrape_output\clean\西晉\正法華經\正法華經__juan_10.txt	9461	9461	0
西晉	761211	歲暮賦 (陸雲)	歲暮賦 (陸雲)	歲暮賦 (陸雲)	1	scrape_output\raw\西晉\歲暮賦 (陸雲)\歲暮賦 (陸雲)__juan_01.txt	scrape_output\clean\西晉\歲暮賦 (陸雲)\歲暮賦 (陸雲)__juan_01.txt	1047	1002	0
西晉	1020434	歲終帖	歲終帖	歲終帖	1	scrape_output\raw\西晉\歲終帖\歲終帖__juan_01.txt	scrape_output\clean\西晉\歲終帖\歲終帖__juan_01.txt	125	81	0
西晉	174561	歸田賦 (張華)	歸田賦 (張華)	歸田賦 (張華)	1	scrape_output\raw\西晉\歸田賦 (張華)\歸田賦 (張華)__juan_01.txt	scrape_output\clean\西晉\歸田賦 (張華)\歸田賦 (張華)__juan_01.txt	296	250	0
西晉	875417	比丘避女惡名欲自殺經	比丘避女惡名欲自殺經	比丘避女惡名欲自殺經	1	scrape_output\raw\西晉\比丘避女惡名欲自殺經\比丘避女惡名欲自殺經__juan_01.txt	scrape_output\clean\西晉\比丘避女惡名欲自殺經\比丘避女惡名欲自殺經__juan_01.txt	535	491	0
西晉	174560	永懷賦	永懷賦	永懷賦	1	scrape_output\raw\西晉\永懷賦\永懷賦__juan_01.txt	scrape_output\clean\西晉\永懷賦\永懷賦__juan_01.txt	197	193	0
西晉	177200	求欲經	求欲經	求欲經	1	scrape_output\raw\西晉\求欲經\求欲經__juan_01.txt	scrape_output\clean\西晉\求欲經\求欲經__juan_01.txt	5653	5653	0
西晉	1043196	江上泛歌	江上泛歌	江上泛歌	1	scrape_output\raw\西晉\江上泛歌\江上泛歌__juan_01.txt	scrape_output\clean\西晉\江上泛歌\江上泛歌__juan_01.txt	225	181	0
西晉	765987	河陽庭前安石榴賦	河陽庭前安石榴賦	河陽庭前安石榴賦	1	scrape_output\raw\西晉\河陽庭前安石榴賦\河陽庭前安石榴賦__juan_01.txt	scrape_output\clean\西晉\河陽庭前安石榴賦\河陽庭前安石榴賦__juan_01.txt	389	345	0
西晉	105711	河陽縣作二首	河陽縣作二首	河陽縣作二首	1	scrape_output\raw\西晉\河陽縣作二首\河陽縣作二首__juan_01.txt	scrape_output\clean\西晉\河陽縣作二首\河陽縣作二首__juan_01.txt	538	446	0
西晉	167455	治意經	治意經	治意經	1	scrape_output\raw\西晉\治意經\治意經__juan_01.txt	scrape_output\clean\西晉\治意經\治意經__juan_01.txt	541	497	0
西晉	167686	法句譬喻經	法句譬喻經/卷一	法句譬喻經	1	scrape_output\raw\西晉\法句譬喻經\法句譬喻經__juan_01.txt	scrape_output\clean\西晉\法句譬喻經\法句譬喻經__juan_01.txt	16093	16077	0
西晉	167686	法句譬喻經	法句譬喻經/卷二	法句譬喻經	2	scrape_output\raw\西晉\法句譬喻經\法句譬喻經__juan_02.txt	scrape_output\clean\西晉\法句譬喻經\法句譬喻經__juan_02.txt	11872	11863	0
西晉	167686	法句譬喻經	法句譬喻經/卷三	法句譬喻經	3	scrape_output\raw\西晉\法句譬喻經\法句譬喻經__juan_03.txt	scrape_output\clean\西晉\法句譬喻經\法句譬喻經__juan_03.txt	14688	14676	0
西晉	167686	法句譬喻經	法句譬喻經/卷四	法句譬喻經	4	scrape_output\raw\西晉\法句譬喻經\法句譬喻經__juan_04.txt	scrape_output\clean\西晉\法句譬喻經\法句譬喻經__juan_04.txt	11599	11573	0
西晉	177136	法海經	法海經	法海經	1	scrape_output\raw\西晉\法海經\法海經__juan_01.txt	scrape_output\clean\西晉\法海經\法海經__juan_01.txt	1626	1582	0
西晉	875557	法觀經	法觀經	法觀經	1	scrape_output\raw\西晉\法觀經\法觀經__juan_01.txt	scrape_output\clean\西晉\法觀經\法觀經__juan_01.txt	2902	2858	0
西晉	876473	洛陽牡丹記 (周師厚)	洛陽牡丹記 (周師厚)	洛陽牡丹記 (周師厚)	1	scrape_output\raw\西晉\洛陽牡丹記 (周師厚)\洛陽牡丹記 (周師厚)__juan_01.txt	scrape_output\clean\西晉\洛陽牡丹記 (周師厚)\洛陽牡丹記 (周師厚)__juan_01.txt	3654	3610	0
西晉	105672	洛陽記	洛陽記	洛陽記	1	scrape_output\raw\西晉\洛陽記\洛陽記__juan_01.txt	scrape_output\clean\西晉\洛陽記\洛陽記__juan_01.txt	821	807	0
西晉	1043075	浮萍賦 (夏侯湛)	浮萍賦 (夏侯湛)	浮萍賦 (夏侯湛)	1	scrape_output\raw\西晉\浮萍賦 (夏侯湛)\浮萍賦 (夏侯湛)__juan_01.txt	scrape_output\clean\西晉\浮萍賦 (夏侯湛)\浮萍賦 (夏侯湛)__juan_01.txt	299	255	0
西晉	765976	滄海賦	滄海賦	滄海賦	1	scrape_output\raw\西晉\滄海賦\滄海賦__juan_01.txt	scrape_output\clean\西晉\滄海賦\滄海賦__juan_01.txt	399	355	0
西晉	178138	漸備一切智德經	漸備一切智德經	漸備一切智德經	1	scrape_output\raw\西晉\漸備一切智德經\漸備一切智德經__juan_01.txt	scrape_output\clean\西晉\漸備一切智德經\漸備一切智德經__juan_01.txt	63296	63224	0
西晉	105677	潘黃門集	潘黃門集	潘黃門集	1	scrape_output\raw\西晉\潘黃門集\潘黃門集__juan_01.txt	scrape_output\clean\西晉\潘黃門集\潘黃門集__juan_01.txt	37907	37904	0
西晉	766030	為任子咸妻作孤女澤蘭哀辭	為任子咸妻作孤女澤蘭哀辭	為任子咸妻作孤女澤蘭哀辭	1	scrape_output\raw\西晉\為任子咸妻作孤女澤蘭哀辭\為任子咸妻作孤女澤蘭哀辭__juan_01.txt	scrape_output\clean\西晉\為任子咸妻作孤女澤蘭哀辭\為任子咸妻作孤女澤蘭哀辭__juan_01.txt	294	250	0
西晉	176300	為并州刺史到壺關上表	為并州刺史到壺關上表	為并州刺史到壺關上表	1	scrape_output\raw\西晉\為并州刺史到壺關上表\為并州刺史到壺關上表__juan_01.txt	scrape_output\clean\西晉\為并州刺史到壺關上表\為并州刺史到壺關上表__juan_01.txt	344	341	0
西晉	766004	為楊長文作弟仲武哀祝文	為楊長文作弟仲武哀祝文	為楊長文作弟仲武哀祝文	1	scrape_output\raw\西晉\為楊長文作弟仲武哀祝文\為楊長文作弟仲武哀祝文__juan_01.txt	scrape_output\clean\西晉\為楊長文作弟仲武哀祝文\為楊長文作弟仲武哀祝文__juan_01.txt	299	255	0
西晉	23244	為石仲容與孫皓書	為石仲容與孫皓書	為石仲容與孫皓書	1	scrape_output\raw\西晉\為石仲容與孫皓書\為石仲容與孫皓書__juan_01.txt	scrape_output\clean\西晉\為石仲容與孫皓書\為石仲容與孫皓書__juan_01.txt	1422	1378	0
西晉	766032	為諸婦祭瘐新婦文	為諸婦祭瘐新婦文	為諸婦祭瘐新婦文	1	scrape_output\raw\西晉\為諸婦祭瘐新婦文\為諸婦祭瘐新婦文__juan_01.txt	scrape_output\clean\西晉\為諸婦祭瘐新婦文\為諸婦祭瘐新婦文__juan_01.txt	199	155	0
西晉	30754	為賈謐作贈陸機	為賈謐作贈陸機	為賈謐作贈陸機	1	scrape_output\raw\西晉\為賈謐作贈陸機\為賈謐作贈陸機__juan_01.txt	scrape_output\clean\西晉\為賈謐作贈陸機\為賈謐作贈陸機__juan_01.txt	663	571	0
西晉	877281	無極寶三昧經	無極寶三昧經/卷01	無極寶三昧經	1	scrape_output\raw\西晉\無極寶三昧經\無極寶三昧經__juan_01.txt	scrape_output\clean\西晉\無極寶三昧經\無極寶三昧經__juan_01.txt	9540	9537	0
西晉	877281	無極寶三昧經	無極寶三昧經/卷02	無極寶三昧經	2	scrape_output\raw\西晉\無極寶三昧經\無極寶三昧經__juan_02.txt	scrape_output\clean\西晉\無極寶三昧經\無極寶三昧經__juan_02.txt	7750	7750	0
西晉	1124771	爾雅注	爾雅注/00	爾雅注	1	scrape_output\raw\西晉\爾雅注\爾雅注__juan_01.txt	scrape_output\clean\西晉\爾雅注\爾雅注__juan_01.txt	13	12	0
西晉	1124771	爾雅注	爾雅注/01	爾雅注	2	scrape_output\raw\西晉\爾雅注\爾雅注__juan_02.txt	scrape_output\clean\西晉\爾雅注\爾雅注__juan_02.txt	18644	17589	0
西晉	1124771	爾雅注	爾雅注/02	爾雅注	3	scrape_output\raw\西晉\爾雅注\爾雅注__juan_03.txt	scrape_output\clean\西晉\爾雅注\爾雅注__juan_03.txt	13669	12720	0
西晉	1124771	爾雅注	爾雅注/03	爾雅注	4	scrape_output\raw\西晉\爾雅注\爾雅注__juan_04.txt	scrape_output\clean\西晉\爾雅注\爾雅注__juan_04.txt	20634	19423	0
西晉	61378	爾雅註疏	爾雅註疏/卷01	爾雅註疏	1	scrape_output\raw\西晉\爾雅註疏\爾雅註疏__juan_01.txt	scrape_output\clean\西晉\爾雅註疏\爾雅註疏__juan_01.txt	18939	18328	0
西晉	61378	爾雅註疏	爾雅註疏/卷02	爾雅註疏	2	scrape_output\raw\西晉\爾雅註疏\爾雅註疏__juan_02.txt	scrape_output\clean\西晉\爾雅註疏\爾雅註疏__juan_02.txt	25510	24567	0
西晉	61378	爾雅註疏	爾雅註疏/卷03	爾雅註疏	3	scrape_output\raw\西晉\爾雅註疏\爾雅註疏__juan_03.txt	scrape_output\clean\西晉\爾雅註疏\爾雅註疏__juan_03.txt	24819	24244	0
西晉	61378	爾雅註疏	爾雅註疏/卷04	爾雅註疏	4	scrape_output\raw\西晉\爾雅註疏\爾雅註疏__juan_04.txt	scrape_output\clean\西晉\爾雅註疏\爾雅註疏__juan_04.txt	21092	20725	0
西晉	61378	爾雅註疏	爾雅註疏/卷05	爾雅註疏	5	scrape_output\raw\西晉\爾雅註疏\爾雅註疏__juan_05.txt	scrape_output\clean\西晉\爾雅註疏\爾雅註疏__juan_05.txt	26157	25801	0
西晉	61378	爾雅註疏	爾雅註疏/卷06	爾雅註疏	6	scrape_output\raw\西晉\爾雅註疏\爾雅註疏__juan_06.txt	scrape_output\clean\西晉\爾雅註疏\爾雅註疏__juan_06.txt	20796	20549	0
西晉	61378	爾雅註疏	爾雅註疏/卷07	爾雅註疏	7	scrape_output\raw\西晉\爾雅註疏\爾雅註疏__juan_07.txt	scrape_output\clean\西晉\爾雅註疏\爾雅註疏__juan_07.txt	27184	26768	0
西晉	61378	爾雅註疏	爾雅註疏/卷08	爾雅註疏	8	scrape_output\raw\西晉\爾雅註疏\爾雅註疏__juan_08.txt	scrape_output\clean\西晉\爾雅註疏\爾雅註疏__juan_08.txt	26107	25320	0
西晉	61378	爾雅註疏	爾雅註疏/卷09	爾雅註疏	9	scrape_output\raw\西晉\爾雅註疏\爾雅註疏__juan_09.txt	scrape_output\clean\西晉\爾雅註疏\爾雅註疏__juan_09.txt	27530	25429	0
西晉	61378	爾雅註疏	爾雅註疏/卷10	爾雅註疏	10	scrape_output\raw\西晉\爾雅註疏\爾雅註疏__juan_10.txt	scrape_output\clean\西晉\爾雅註疏\爾雅註疏__juan_10.txt	30444	27949	0
西晉	170526	物理論	物理論	物理論	1	scrape_output\raw\西晉\物理論\物理論__juan_01.txt	scrape_output\clean\西晉\物理論\物理論__juan_01.txt	785	661	0
西晉	765978	狹室賦	狹室賦	狹室賦	1	scrape_output\raw\西晉\狹室賦\狹室賦__juan_01.txt	scrape_output\clean\西晉\狹室賦\狹室賦__juan_01.txt	255	211	0
西晉	1043069	獵兔賦	獵兔賦	獵兔賦	1	scrape_output\raw\西晉\獵兔賦\獵兔賦__juan_01.txt	scrape_output\clean\西晉\獵兔賦\獵兔賦__juan_01.txt	348	304	0
西晉	174247	玄守論	玄守論	玄守論	1	scrape_output\raw\西晉\玄守論\玄守論__juan_01.txt	scrape_output\clean\西晉\玄守論\玄守論__juan_01.txt	488	393	0
西晉	1043067	玄鳥賦	玄鳥賦	玄鳥賦	1	scrape_output\raw\西晉\玄鳥賦\玄鳥賦__juan_01.txt	scrape_output\clean\西晉\玄鳥賦\玄鳥賦__juan_01.txt	313	269	0
西晉	875042	玉耶女經	玉耶女經	玉耶女經	1	scrape_output\raw\西晉\玉耶女經\玉耶女經__juan_01.txt	scrape_output\clean\西晉\玉耶女經\玉耶女經__juan_01.txt	1875	1831	0
西晉	769769	王浚妻華芳墓誌銘	王浚妻華芳墓誌銘	王浚妻華芳墓誌銘	1	scrape_output\raw\西晉\王浚妻華芳墓誌銘\王浚妻華芳墓誌銘__juan_01.txt	scrape_output\clean\西晉\王浚妻華芳墓誌銘\王浚妻華芳墓誌銘__juan_01.txt	4124	4089	0
西晉	875000	琉璃王經	琉璃王經	琉璃王經	1	scrape_output\raw\西晉\琉璃王經\琉璃王經__juan_01.txt	scrape_output\clean\西晉\琉璃王經\琉璃王經__juan_01.txt	3628	3582	0
西晉	1043079	瓜賦 (夏侯湛)	瓜賦 (夏侯湛)	瓜賦 (夏侯湛)	1	scrape_output\raw\西晉\瓜賦 (夏侯湛)\瓜賦 (夏侯湛)__juan_01.txt	scrape_output\clean\西晉\瓜賦 (夏侯湛)\瓜賦 (夏侯湛)__juan_01.txt	105	61	0
西晉	875064	生經	生經/01	生經	1	scrape_output\raw\西晉\生經\生經__juan_01.txt	scrape_output\clean\西晉\生經\生經__juan_01.txt	13334	13307	0
西晉	875064	生經	生經/02	生經	2	scrape_output\raw\西晉\生經\生經__juan_02.txt	scrape_output\clean\西晉\生經\生經__juan_02.txt	12634	12594	0
西晉	875064	生經	生經/03	生經	3	scrape_output\raw\西晉\生經\生經__juan_03.txt	scrape_output\clean\西晉\生經\生經__juan_03.txt	12902	12869	0
西晉	875064	生經	生經/04	生經	4	scrape_output\raw\西晉\生經\生經__juan_04.txt	scrape_output\clean\西晉\生經\生經__juan_04.txt	11353	11349	0
西晉	875064	生經	生經/05	生經	5	scrape_output\raw\西晉\生經\生經__juan_05.txt	scrape_output\clean\西晉\生經\生經__juan_05.txt	13322	13311	0
西晉	177884	異出菩薩本起經	異出菩薩本起經	異出菩薩本起經	1	scrape_output\raw\西晉\異出菩薩本起經\異出菩薩本起經__juan_01.txt	scrape_output\clean\西晉\異出菩薩本起經\異出菩薩本起經__juan_01.txt	5716	5600	0
西晉	766040	瘐尚書誄	瘐尚書誄	瘐尚書誄	1	scrape_output\raw\西晉\瘐尚書誄\瘐尚書誄__juan_01.txt	scrape_output\clean\西晉\瘐尚書誄\瘐尚書誄__juan_01.txt	119	75	0
西晉	1032664	登樓賦 (孫楚)	登樓賦 (孫楚)	登樓賦 (孫楚)	1	scrape_output\raw\西晉\登樓賦 (孫楚)\登樓賦 (孫楚)__juan_01.txt	scrape_output\clean\西晉\登樓賦 (孫楚)\登樓賦 (孫楚)__juan_01.txt	314	270	0
西晉	761208	登臺賦 (陸雲)	登臺賦 (陸雲)	登臺賦 (陸雲)	1	scrape_output\raw\西晉\登臺賦 (陸雲)\登臺賦 (陸雲)__juan_01.txt	scrape_output\clean\西晉\登臺賦 (陸雲)\登臺賦 (陸雲)__juan_01.txt	792	746	0
西晉	765977	登虎牢山賦	登虎牢山賦	登虎牢山賦	1	scrape_output\raw\西晉\登虎牢山賦\登虎牢山賦__juan_01.txt	scrape_output\clean\西晉\登虎牢山賦\登虎牢山賦__juan_01.txt	275	231	0
西晉	169235	發蒙記	發蒙記	發蒙記	1	scrape_output\raw\西晉\發蒙記\發蒙記__juan_01.txt	scrape_output\clean\西晉\發蒙記\發蒙記__juan_01.txt	1158	1041	0
西晉	1032925	白起贊	白起贊	白起贊	1	scrape_output\raw\西晉\白起贊\白起贊__juan_01.txt	scrape_output\clean\西晉\白起贊\白起贊__juan_01.txt	159	115	0
西晉	173444	白髮賦	白髮賦	白髮賦	1	scrape_output\raw\西晉\白髮賦\白髮賦__juan_01.txt	scrape_output\clean\西晉\白髮賦\白髮賦__juan_01.txt	416	414	0
西晉	1020438	皇太子諒闇終制奏	皇太子諒闇終制奏	皇太子諒闇終制奏	1	scrape_output\raw\西晉\皇太子諒闇終制奏\皇太子諒闇終制奏__juan_01.txt	scrape_output\clean\西晉\皇太子諒闇終制奏\皇太子諒闇終制奏__juan_01.txt	1920	1876	0
西晉	1020042	皇太子釋服議	皇太子釋服議	皇太子釋服議	1	scrape_output\raw\西晉\皇太子釋服議\皇太子釋服議__juan_01.txt	scrape_output\clean\西晉\皇太子釋服議\皇太子釋服議__juan_01.txt	437	393	0
西晉	766042	皇女誄	皇女誄	皇女誄	1	scrape_output\raw\西晉\皇女誄\皇女誄__juan_01.txt	scrape_output\clean\西晉\皇女誄\皇女誄__juan_01.txt	244	200	0
西晉	1032674	相風賦 (孫楚)	相風賦 (孫楚)	相風賦 (孫楚)	1	scrape_output\raw\西晉\相風賦 (孫楚)\相風賦 (孫楚)__juan_01.txt	scrape_output\clean\西晉\相風賦 (孫楚)\相風賦 (孫楚)__juan_01.txt	179	135	0
西晉	174564	相風賦 (張華)	相風賦 (張華)	相風賦 (張華)	1	scrape_output\raw\西晉\相風賦 (張華)\相風賦 (張華)__juan_01.txt	scrape_output\clean\西晉\相風賦 (張華)\相風賦 (張華)__juan_01.txt	343	295	0
西晉	765982	相風賦 (潘岳)	相風賦 (潘岳)	相風賦 (潘岳)	1	scrape_output\raw\西晉\相風賦 (潘岳)\相風賦 (潘岳)__juan_01.txt	scrape_output\clean\西晉\相風賦 (潘岳)\相風賦 (潘岳)__juan_01.txt	208	164	0
西晉	178102	瞻婆比丘經	瞻婆比丘經	瞻婆比丘經	1	scrape_output\raw\西晉\瞻婆比丘經\瞻婆比丘經__juan_01.txt	scrape_output\clean\西晉\瞻婆比丘經\瞻婆比丘經__juan_01.txt	1619	1616	0
西晉	1032947	石人銘	石人銘	石人銘	1	scrape_output\raw\西晉\石人銘\石人銘__juan_01.txt	scrape_output\clean\西晉\石人銘\石人銘__juan_01.txt	99	55	0
西晉	876422	石榴賦 (傅玄)	石榴賦 (傅玄)	石榴賦 (傅玄)	1	scrape_output\raw\西晉\石榴賦 (傅玄)\石榴賦 (傅玄)__juan_01.txt	scrape_output\clean\西晉\石榴賦 (傅玄)\石榴賦 (傅玄)__juan_01.txt	149	105	0
西晉	876421	石榴賦 (夏侯湛)	石榴賦 (夏侯湛)	石榴賦 (夏侯湛)	1	scrape_output\raw\西晉\石榴賦 (夏侯湛)\石榴賦 (夏侯湛)__juan_01.txt	scrape_output\clean\西晉\石榴賦 (夏侯湛)\石榴賦 (夏侯湛)__juan_01.txt	292	248	0
西晉	1033058	祖道詩	祖道詩	祖道詩	1	scrape_output\raw\西晉\祖道詩\祖道詩__juan_01.txt	scrape_output\clean\西晉\祖道詩\祖道詩__juan_01.txt	101	57	0
西晉	889115	神泉賦	神泉賦	神泉賦	1	scrape_output\raw\西晉\神泉賦\神泉賦__juan_01.txt	scrape_output\clean\西晉\神泉賦\神泉賦__juan_01.txt	313	269	0
西晉	1020048	祥祫議	祥祫議	祥祫議	1	scrape_output\raw\西晉\祥祫議\祥祫議__juan_01.txt	scrape_output\clean\西晉\祥祫議\祥祫議__juan_01.txt	238	194	0
西晉	1042981	禊賦	禊賦	禊賦	1	scrape_output\raw\西晉\禊賦\禊賦__juan_01.txt	scrape_output\clean\西晉\禊賦\禊賦__juan_01.txt	221	173	0
西晉	1042977	秋可哀賦	秋可哀賦	秋可哀賦	1	scrape_output\raw\西晉\秋可哀賦\秋可哀賦__juan_01.txt	scrape_output\clean\西晉\秋可哀賦\秋可哀賦__juan_01.txt	255	211	0
西晉	1042975	秋夕哀賦	秋夕哀賦	秋夕哀賦	1	scrape_output\raw\西晉\秋夕哀賦\秋夕哀賦__juan_01.txt	scrape_output\clean\西晉\秋夕哀賦\秋夕哀賦__juan_01.txt	181	137	0
西晉	797767	秋日詩	秋日詩	秋日詩	1	scrape_output\raw\西晉\秋日詩\秋日詩__juan_01.txt	scrape_output\clean\西晉\秋日詩\秋日詩__juan_01.txt	109	109	0
西晉	24278	秋興賦	秋興賦	秋興賦	1	scrape_output\raw\西晉\秋興賦\秋興賦__juan_01.txt	scrape_output\clean\西晉\秋興賦\秋興賦__juan_01.txt	815	723	0
西晉	765992	秋菊賦	秋菊賦	秋菊賦	1	scrape_output\raw\西晉\秋菊賦\秋菊賦__juan_01.txt	scrape_output\clean\西晉\秋菊賦\秋菊賦__juan_01.txt	151	107	0
西晉	1019959	秦川軍事	秦川軍事	秦川軍事	1	scrape_output\raw\西晉\秦川軍事\秦川軍事__juan_01.txt	scrape_output\clean\西晉\秦川軍事\秦川軍事__juan_01.txt	171	127	0
西晉	175523	笑賦	笑賦	笑賦	1	scrape_output\raw\西晉\笑賦\笑賦__juan_01.txt	scrape_output\clean\西晉\笑賦\笑賦__juan_01.txt	279	233	0
西晉	765980	笙賦 (潘岳)	笙賦 (潘岳)	笙賦 (潘岳)	1	scrape_output\raw\西晉\笙賦 (潘岳)\笙賦 (潘岳)__juan_01.txt	scrape_output\clean\西晉\笙賦 (潘岳)\笙賦 (潘岳)__juan_01.txt	1003	959	0
西晉	1032670	笳賦	笳賦	笳賦	1	scrape_output\raw\西晉\笳賦\笳賦__juan_01.txt	scrape_output\clean\西晉\笳賦\笳賦__juan_01.txt	235	191	0
西晉	178139	等目菩薩所問三昧經	等目菩薩所問三昧經	等目菩薩所問三昧經	1	scrape_output\raw\西晉\等目菩薩所問三昧經\等目菩薩所問三昧經__juan_01.txt	scrape_output\clean\西晉\等目菩薩所問三昧經\等目菩薩所問三昧經__juan_01.txt	28447	28328	0
西晉	876468	等集眾德三昧經	等集眾德三昧經/卷01	等集眾德三昧經	1	scrape_output\raw\西晉\等集眾德三昧經\等集眾德三昧經__juan_01.txt	scrape_output\clean\西晉\等集眾德三昧經\等集眾德三昧經__juan_01.txt	9215	9197	0
西晉	876468	等集眾德三昧經	等集眾德三昧經/卷02	等集眾德三昧經	2	scrape_output\raw\西晉\等集眾德三昧經\等集眾德三昧經__juan_02.txt	scrape_output\clean\西晉\等集眾德三昧經\等集眾德三昧經__juan_02.txt	8906	8906	0
西晉	876468	等集眾德三昧經	等集眾德三昧經/卷03	等集眾德三昧經	3	scrape_output\raw\西晉\等集眾德三昧經\等集眾德三昧經__juan_03.txt	scrape_output\clean\西晉\等集眾德三昧經\等集眾德三昧經__juan_03.txt	8920	8916	0
西晉	796310	答傅咸	答傅咸	答傅咸	1	scrape_output\raw\西晉\答傅咸\答傅咸__juan_01.txt	scrape_output\clean\西晉\答傅咸\答傅咸__juan_01.txt	95	93	0
西晉	797763	答嵇康詩	答嵇康詩	答嵇康詩	1	scrape_output\raw\西晉\答嵇康詩\答嵇康詩__juan_01.txt	scrape_output\clean\西晉\答嵇康詩\答嵇康詩__juan_01.txt	268	268	0
西晉	1033052	答弘農故吏民	答弘農故吏民	答弘農故吏民	1	scrape_output\raw\西晉\答弘農故吏民\答弘農故吏民__juan_01.txt	scrape_output\clean\西晉\答弘農故吏民\答弘農故吏民__juan_01.txt	173	129	0
西晉	765999	答摯虞新婚箴	答摯虞新婚箴	答摯虞新婚箴	1	scrape_output\raw\西晉\答摯虞新婚箴\答摯虞新婚箴__juan_01.txt	scrape_output\clean\西晉\答摯虞新婚箴\答摯虞新婚箴__juan_01.txt	180	136	0
西晉	1020046	答盧欽魏舒問	答盧欽魏舒問	答盧欽魏舒問	1	scrape_output\raw\西晉\答盧欽魏舒問\答盧欽魏舒問__juan_01.txt	scrape_output\clean\西晉\答盧欽魏舒問\答盧欽魏舒問__juan_01.txt	421	377	0
西晉	174246	答辛曠書	答辛曠書	答辛曠書	1	scrape_output\raw\西晉\答辛曠書\答辛曠書__juan_01.txt	scrape_output\clean\西晉\答辛曠書\答辛曠書__juan_01.txt	398	304	0
西晉	1043184	管仲贊 (夏侯湛)	管仲贊 (夏侯湛)	管仲贊 (夏侯湛)	1	scrape_output\raw\西晉\管仲贊 (夏侯湛)\管仲贊 (夏侯湛)__juan_01.txt	scrape_output\clean\西晉\管仲贊 (夏侯湛)\管仲贊 (夏侯湛)__juan_01.txt	119	75	0
西晉	1032914	管仲贊 (孫楚)	管仲贊 (孫楚)	管仲贊 (孫楚)	1	scrape_output\raw\西晉\管仲贊 (孫楚)\管仲贊 (孫楚)__juan_01.txt	scrape_output\clean\西晉\管仲贊 (孫楚)\管仲贊 (孫楚)__juan_01.txt	109	65	0
西晉	174249	篤終論 (皇甫謐)	篤終論 (皇甫謐)	篤終論 (皇甫謐)	1	scrape_output\raw\西晉\篤終論 (皇甫謐)\篤終論 (皇甫謐)__juan_01.txt	scrape_output\clean\西晉\篤終論 (皇甫謐)\篤終論 (皇甫謐)__juan_01.txt	1185	1090	0
西晉	765975	籍田賦	籍田賦	籍田賦	1	scrape_output\raw\西晉\籍田賦\籍田賦__juan_01.txt	scrape_output\clean\西晉\籍田賦\籍田賦__juan_01.txt	1181	1137	0
西晉	169478	織機賦	織機賦	織機賦	1	scrape_output\raw\西晉\織機賦\織機賦__juan_01.txt	scrape_output\clean\西晉\織機賦\織機賦__juan_01.txt	380	286	0
西晉	1043063	繳彈賦	繳彈賦	繳彈賦	1	scrape_output\raw\西晉\繳彈賦\繳彈賦__juan_01.txt	scrape_output\clean\西晉\繳彈賦\繳彈賦__juan_01.txt	101	57	0
西晉	1112039	續漢書	續漢書/郡國志	續漢書	1	scrape_output\raw\西晉\續漢書\續漢書__juan_01.txt	scrape_output\clean\西晉\續漢書\續漢書__juan_01.txt	5400	5104	0
西晉	1112039	續漢書	續漢書/郡國志/并州	續漢書	2	scrape_output\raw\西晉\續漢書\續漢書__juan_02.txt	scrape_output\clean\西晉\續漢書\續漢書__juan_02.txt	1822	1583	0
西晉	1112039	續漢書	續漢書/郡國志/涼州	續漢書	3	scrape_output\raw\西晉\續漢書\續漢書__juan_03.txt	scrape_output\clean\西晉\續漢書\續漢書__juan_03.txt	2100	1900	0
西晉	1112039	續漢書	續漢書/郡國志/益州	續漢書	4	scrape_output\raw\西晉\續漢書\續漢書__juan_04.txt	scrape_output\clean\西晉\續漢書\續漢書__juan_04.txt	2384	2187	0
西晉	1043061	缸燈賦	缸燈賦	缸燈賦	1	scrape_output\raw\西晉\缸燈賦\缸燈賦__juan_01.txt	scrape_output\clean\西晉\缸燈賦\缸燈賦__juan_01.txt	159	115	0
西晉	1043120	羊秉序	羊秉序	羊秉序	1	scrape_output\raw\西晉\羊秉序\羊秉序__juan_01.txt	scrape_output\clean\西晉\羊秉序\羊秉序__juan_01.txt	343	299	0
西晉	761213	羊腸轉賦	羊腸轉賦	羊腸轉賦	1	scrape_output\raw\西晉\羊腸轉賦\羊腸轉賦__juan_01.txt	scrape_output\clean\西晉\羊腸轉賦\羊腸轉賦__juan_01.txt	322	278	0
西晉	195445	群牛譬經	群牛譬經	群牛譬經	1	scrape_output\raw\西晉\群牛譬經\群牛譬經__juan_01.txt	scrape_output\clean\西晉\群牛譬經\群牛譬經__juan_01.txt	766	766	0
西晉	1124787	老子八十一化	老子八十一化	老子八十一化	1	scrape_output\raw\西晉\老子八十一化\老子八十一化__juan_01.txt	scrape_output\clean\西晉\老子八十一化\老子八十一化__juan_01.txt	12022	11768	0
西晉	59622	脈經	脈經/卷01	脈經	1	scrape_output\raw\西晉\脈經\脈經__juan_01.txt	scrape_output\clean\西晉\脈經\脈經__juan_01.txt	5601	5556	0
西晉	59622	脈經	脈經/卷02	脈經	2	scrape_output\raw\西晉\脈經\脈經__juan_02.txt	scrape_output\clean\西晉\脈經\脈經__juan_02.txt	6292	6239	0
西晉	59622	脈經	脈經/卷03	脈經	3	scrape_output\raw\西晉\脈經\脈經__juan_03.txt	scrape_output\clean\西晉\脈經\脈經__juan_03.txt	6072	6002	0
西晉	59622	脈經	脈經/卷04	脈經	4	scrape_output\raw\西晉\脈經\脈經__juan_04.txt	scrape_output\clean\西晉\脈經\脈經__juan_04.txt	10382	10222	0
西晉	59622	脈經	脈經/卷05	脈經	5	scrape_output\raw\西晉\脈經\脈經__juan_05.txt	scrape_output\clean\西晉\脈經\脈經__juan_05.txt	5820	5678	0
西晉	59622	脈經	脈經/卷06	脈經	6	scrape_output\raw\西晉\脈經\脈經__juan_06.txt	scrape_output\clean\西晉\脈經\脈經__juan_06.txt	10634	10501	0
西晉	59622	脈經	脈經/卷07	脈經	7	scrape_output\raw\西晉\脈經\脈經__juan_07.txt	scrape_output\clean\西晉\脈經\脈經__juan_07.txt	20504	20201	0
西晉	59622	脈經	脈經/卷08	脈經	8	scrape_output\raw\西晉\脈經\脈經__juan_08.txt	scrape_output\clean\西晉\脈經\脈經__juan_08.txt	13485	13266	0
西晉	59622	脈經	脈經/卷09	脈經	9	scrape_output\raw\西晉\脈經\脈經__juan_09.txt	scrape_output\clean\西晉\脈經\脈經__juan_09.txt	7868	7710	0
西晉	59622	脈經	脈經/卷10	脈經	10	scrape_output\raw\西晉\脈經\脈經__juan_10.txt	scrape_output\clean\西晉\脈經\脈經__juan_10.txt	2866	2762	0
西晉	59622	脈經	脈經/0000	脈經	11	scrape_output\raw\西晉\脈經\脈經__juan_11.txt	scrape_output\clean\西晉\脈經\脈經__juan_11.txt	379	333	0
西晉	25817	臨終詩 (歐陽建)	臨終詩 (歐陽建)	臨終詩 (歐陽建)	1	scrape_output\raw\西晉\臨終詩 (歐陽建)\臨終詩 (歐陽建)__juan_01.txt	scrape_output\clean\西晉\臨終詩 (歐陽建)\臨終詩 (歐陽建)__juan_01.txt	326	234	0
西晉	169845	自理表	自理表	自理表	1	scrape_output\raw\西晉\自理表\自理表__juan_01.txt	scrape_output\clean\西晉\自理表\自理表__juan_01.txt	576	481	0
西晉	1020051	與子貺書	與子貺書	與子貺書	1	scrape_output\raw\西晉\與子貺書\與子貺書__juan_01.txt	scrape_output\clean\西晉\與子貺書\與子貺書__juan_01.txt	175	130	0
西晉	23242	與山巨源絕交書	與山巨源絕交書	與山巨源絕交書	1	scrape_output\raw\西晉\與山巨源絕交書\與山巨源絕交書__juan_01.txt	scrape_output\clean\西晉\與山巨源絕交書\與山巨源絕交書__juan_01.txt	1870	1826	0
西晉	170100	與王妃書	與王妃書	與王妃書	1	scrape_output\raw\西晉\與王妃書\與王妃書__juan_01.txt	scrape_output\clean\西晉\與王妃書\與王妃書__juan_01.txt	679	587	0
西晉	1020050	與王濬書	與王濬書	與王濬書	1	scrape_output\raw\西晉\與王濬書\與王濬書__juan_01.txt	scrape_output\clean\西晉\與王濬書\與王濬書__juan_01.txt	230	184	0
西晉	1033033	與董京書	與董京書	與董京書	1	scrape_output\raw\西晉\與董京書\與董京書__juan_01.txt	scrape_output\clean\西晉\與董京書\與董京書__juan_01.txt	161	117	0
西晉	170916	舉賢良方正表	舉賢良方正表	舉賢良方正表	1	scrape_output\raw\西晉\舉賢良方正表\舉賢良方正表__juan_01.txt	scrape_output\clean\西晉\舉賢良方正表\舉賢良方正表__juan_01.txt	204	158	0
西晉	1199874	舍頭諫太子二十八宿經	舍頭諫太子二十八宿經	舍頭諫太子二十八宿經	1	scrape_output\raw\西晉\舍頭諫太子二十八宿經\舍頭諫太子二十八宿經__juan_01.txt	scrape_output\clean\西晉\舍頭諫太子二十八宿經\舍頭諫太子二十八宿經__juan_01.txt	15131	15020	0
西晉	874991	舍頭諫經	舍頭諫經	舍頭諫經	1	scrape_output\raw\西晉\舍頭諫經\舍頭諫經__juan_01.txt	scrape_output\clean\西晉\舍頭諫經\舍頭諫經__juan_01.txt	15406	15346	0
西晉	876509	般泥洹後灌臘經	般泥洹後灌臘經	般泥洹後灌臘經	1	scrape_output\raw\西晉\般泥洹後灌臘經\般泥洹後灌臘經__juan_01.txt	scrape_output\clean\西晉\般泥洹後灌臘經\般泥洹後灌臘經__juan_01.txt	650	606	0
西晉	876435	芙蓉賦 (夏侯湛)	芙蓉賦 (夏侯湛)	芙蓉賦 (夏侯湛)	1	scrape_output\raw\西晉\芙蓉賦 (夏侯湛)\芙蓉賦 (夏侯湛)__juan_01.txt	scrape_output\clean\西晉\芙蓉賦 (夏侯湛)\芙蓉賦 (夏侯湛)__juan_01.txt	229	185	0
西晉	765989	芙蓉賦 (潘岳)	芙蓉賦 (潘岳)	芙蓉賦 (潘岳)	1	scrape_output\raw\西晉\芙蓉賦 (潘岳)\芙蓉賦 (潘岳)__juan_01.txt	scrape_output\clean\西晉\芙蓉賦 (潘岳)\芙蓉賦 (潘岳)__juan_01.txt	183	138	0
西晉	177212	苦陰因事經	苦陰因事經	苦陰因事經	1	scrape_output\raw\西晉\苦陰因事經\苦陰因事經__juan_01.txt	scrape_output\clean\西晉\苦陰因事經\苦陰因事經__juan_01.txt	2643	2639	0
西晉	1043188	范蠡贊	范蠡贊	范蠡贊	1	scrape_output\raw\西晉\范蠡贊\范蠡贊__juan_01.txt	scrape_output\clean\西晉\范蠡贊\范蠡贊__juan_01.txt	119	75	0
西晉	1032678	茱茰賦	茱茰賦	茱茰賦	1	scrape_output\raw\西晉\茱茰賦\茱茰賦__juan_01.txt	scrape_output\clean\西晉\茱茰賦\茱茰賦__juan_01.txt	169	125	0
西晉	185765	荀粲傳	荀粲傳	荀粲傳	1	scrape_output\raw\西晉\荀粲傳\荀粲傳__juan_01.txt	scrape_output\clean\西晉\荀粲傳\荀粲傳__juan_01.txt	719	624	0
西晉	199870	荈賦	荈賦	荈賦	1	scrape_output\raw\西晉\荈賦\荈賦__juan_01.txt	scrape_output\clean\西晉\荈賦\荈賦__juan_01.txt	193	149	0
西晉	169479	草書賦	草書賦	草書賦	1	scrape_output\raw\西晉\草書賦\草書賦__juan_01.txt	scrape_output\clean\西晉\草書賦\草書賦__juan_01.txt	356	262	0
西晉	766002	荊州刺史東武戴侯楊使君碑	荊州刺史東武戴侯楊使君碑	荊州刺史東武戴侯楊使君碑	1	scrape_output\raw\西晉\荊州刺史東武戴侯楊使君碑\荊州刺史東武戴侯楊使君碑__juan_01.txt	scrape_output\clean\西晉\荊州刺史東武戴侯楊使君碑\荊州刺史東武戴侯楊使君碑__juan_01.txt	268	224	0
西晉	1043182	莊周贊 (夏侯湛)	莊周贊 (夏侯湛)	莊周贊 (夏侯湛)	1	scrape_output\raw\西晉\莊周贊 (夏侯湛)\莊周贊 (夏侯湛)__juan_01.txt	scrape_output\clean\西晉\莊周贊 (夏侯湛)\莊周贊 (夏侯湛)__juan_01.txt	119	75	0
西晉	1032903	莊周贊 (孫楚)	莊周贊 (孫楚)	莊周贊 (孫楚)	1	scrape_output\raw\西晉\莊周贊 (孫楚)\莊周贊 (孫楚)__juan_01.txt	scrape_output\clean\西晉\莊周贊 (孫楚)\莊周贊 (孫楚)__juan_01.txt	129	85	0
西晉	876620	菊花賦 (孫楚)	菊花賦 (孫楚)	菊花賦 (孫楚)	1	scrape_output\raw\西晉\菊花賦 (孫楚)\菊花賦 (孫楚)__juan_01.txt	scrape_output\clean\西晉\菊花賦 (孫楚)\菊花賦 (孫楚)__juan_01.txt	174	130	0
西晉	345529	菩薩十住行道品	菩薩十住行道品	菩薩十住行道品	1	scrape_output\raw\西晉\菩薩十住行道品\菩薩十住行道品__juan_01.txt	scrape_output\clean\西晉\菩薩十住行道品\菩薩十住行道品__juan_01.txt	4088	3996	0
西晉	1049008	菩薩受齋經	菩薩受齋經	菩薩受齋經	1	scrape_output\raw\西晉\菩薩受齋經\菩薩受齋經__juan_01.txt	scrape_output\clean\西晉\菩薩受齋經\菩薩受齋經__juan_01.txt	1343	1251	0
西晉	878383	菩薩行五十緣身經	菩薩行五十緣身經	菩薩行五十緣身經	1	scrape_output\raw\西晉\菩薩行五十緣身經\菩薩行五十緣身經__juan_01.txt	scrape_output\clean\西晉\菩薩行五十緣身經\菩薩行五十緣身經__juan_01.txt	2907	2863	0
西晉	876462	蓮花賦 (孫楚)	蓮花賦 (孫楚)	蓮花賦 (孫楚)	1	scrape_output\raw\西晉\蓮花賦 (孫楚)\蓮花賦 (孫楚)__juan_01.txt	scrape_output\clean\西晉\蓮花賦 (孫楚)\蓮花賦 (孫楚)__juan_01.txt	174	130	0
西晉	765988	蓮花賦 (潘岳)	蓮花賦 (潘岳)	蓮花賦 (潘岳)	1	scrape_output\raw\西晉\蓮花賦 (潘岳)\蓮花賦 (潘岳)__juan_01.txt	scrape_output\clean\西晉\蓮花賦 (潘岳)\蓮花賦 (潘岳)__juan_01.txt	197	153	0
西晉	1032993	薦傅長虞牋	薦傅長虞牋	薦傅長虞牋	1	scrape_output\raw\西晉\薦傅長虞牋\薦傅長虞牋__juan_01.txt	scrape_output\clean\西晉\薦傅長虞牋\薦傅長虞牋__juan_01.txt	131	87	0
西晉	875949	薩曇分陀利經	薩曇分陀利經	薩曇分陀利經	1	scrape_output\raw\西晉\薩曇分陀利經\薩曇分陀利經__juan_01.txt	scrape_output\clean\西晉\薩曇分陀利經\薩曇分陀利經__juan_01.txt	2023	1911	0
西晉	1043077	薺賦	薺賦	薺賦	1	scrape_output\raw\西晉\薺賦\薺賦__juan_01.txt	scrape_output\clean\西晉\薺賦\薺賦__juan_01.txt	193	149	0
西晉	1043174	虞舜贊	虞舜贊	虞舜贊	1	scrape_output\raw\西晉\虞舜贊\虞舜贊__juan_01.txt	scrape_output\clean\西晉\虞舜贊\虞舜贊__juan_01.txt	121	77	0
西晉	765985	螢火賦 (潘岳)	螢火賦 (潘岳)	螢火賦 (潘岳)	1	scrape_output\raw\西晉\螢火賦 (潘岳)\螢火賦 (潘岳)__juan_01.txt	scrape_output\clean\西晉\螢火賦 (潘岳)\螢火賦 (潘岳)__juan_01.txt	321	277	0
西晉	1032687	蟬賦 (孫楚)	蟬賦 (孫楚)	蟬賦 (孫楚)	1	scrape_output\raw\西晉\蟬賦 (孫楚)\蟬賦 (孫楚)__juan_01.txt	scrape_output\clean\西晉\蟬賦 (孫楚)\蟬賦 (孫楚)__juan_01.txt	131	87	0
西晉	167456	蟻喻經	蟻喻經	蟻喻經	1	scrape_output\raw\西晉\蟻喻經\蟻喻經__juan_01.txt	scrape_output\clean\西晉\蟻喻經\蟻喻經__juan_01.txt	1106	1050	0
西晉	24070	西征賦	西征賦	西征賦	1	scrape_output\raw\西晉\西征賦\西征賦__juan_01.txt	scrape_output\clean\西晉\西征賦\西征賦__juan_01.txt	5323	5231	0
西晉	1020436	親故帖	親故帖	親故帖	1	scrape_output\raw\西晉\親故帖\親故帖__juan_01.txt	scrape_output\clean\西晉\親故帖\親故帖__juan_01.txt	125	81	0
西晉	1043065	觀飛鳥賦	觀飛鳥賦	觀飛鳥賦	1	scrape_output\raw\西晉\觀飛鳥賦\觀飛鳥賦__juan_01.txt	scrape_output\clean\西晉\觀飛鳥賦\觀飛鳥賦__juan_01.txt	275	231	0
西晉	169846	許巢論	許巢論	許巢論	1	scrape_output\raw\西晉\許巢論\許巢論__juan_01.txt	scrape_output\clean\西晉\許巢論\許巢論__juan_01.txt	335	241	0
西晉	765997	許由頌	許由頌	許由頌	1	scrape_output\raw\西晉\許由頌\許由頌__juan_01.txt	scrape_output\clean\西晉\許由頌\許由頌__juan_01.txt	215	170	0
西晉	1112044	註補續漢書八志	註補續漢書八志/郡國志/并州	註補續漢書八志	1	scrape_output\raw\西晉\註補續漢書八志\註補續漢書八志__juan_01.txt	scrape_output\clean\西晉\註補續漢書八志\註補續漢書八志__juan_01.txt	2451	2067	0
西晉	765994	詐作湣懷太子書	詐作湣懷太子書	詐作湣懷太子書	1	scrape_output\raw\西晉\詐作湣懷太子書\詐作湣懷太子書__juan_01.txt	scrape_output\clean\西晉\詐作湣懷太子書\詐作湣懷太子書__juan_01.txt	182	137	0
西晉	26230	詠史八首	詠史八首	詠史八首	1	scrape_output\raw\西晉\詠史八首\詠史八首__juan_01.txt	scrape_output\clean\西晉\詠史八首\詠史八首__juan_01.txt	938	846	0
西晉	26228	詠史詩 (鬱鬱澗底松)	詠史詩 (鬱鬱澗底松)	詠史詩 (鬱鬱澗底松)	1	scrape_output\raw\西晉\詠史詩 (鬱鬱澗底松)\詠史詩 (鬱鬱澗底松)__juan_01.txt	scrape_output\clean\西晉\詠史詩 (鬱鬱澗底松)\詠史詩 (鬱鬱澗底松)__juan_01.txt	155	111	0
西晉	1020028	請署羊祜辟士表	請署羊祜辟士表	請署羊祜辟士表	1	scrape_output\raw\西晉\請署羊祜辟士表\請署羊祜辟士表__juan_01.txt	scrape_output\clean\西晉\請署羊祜辟士表\請署羊祜辟士表__juan_01.txt	209	165	0
西晉	169491	請辭	請辭	請辭	1	scrape_output\raw\西晉\請辭\請辭__juan_01.txt	scrape_output\clean\西晉\請辭\請辭__juan_01.txt	279	185	0
西晉	1020310	論水利疏	論水利疏	論水利疏	1	scrape_output\raw\西晉\論水利疏\論水利疏__juan_01.txt	scrape_output\clean\西晉\論水利疏\論水利疏__juan_01.txt	1463	1419	0
西晉	177127	諸佛要集經	諸佛要集經/卷01	諸佛要集經	1	scrape_output\raw\西晉\諸佛要集經\諸佛要集經__juan_01.txt	scrape_output\clean\西晉\諸佛要集經\諸佛要集經__juan_01.txt	10625	10623	0
西晉	177127	諸佛要集經	諸佛要集經/卷02	諸佛要集經	2	scrape_output\raw\西晉\諸佛要集經\諸佛要集經__juan_02.txt	scrape_output\clean\西晉\諸佛要集經\諸佛要集經__juan_02.txt	11881	11874	0
西晉	178134	諸菩薩求佛本業經	諸菩薩求佛本業經	諸菩薩求佛本業經	1	scrape_output\raw\西晉\諸菩薩求佛本業經\諸菩薩求佛本業經__juan_01.txt	scrape_output\clean\西晉\諸菩薩求佛本業經\諸菩薩求佛本業經__juan_01.txt	6213	6114	0
西晉	1032995	謝賜鄣日牋	謝賜鄣日牋	謝賜鄣日牋	1	scrape_output\raw\西晉\謝賜鄣日牋\謝賜鄣日牋__juan_01.txt	scrape_output\clean\西晉\謝賜鄣日牋\謝賜鄣日牋__juan_01.txt	119	75	0
西晉	1067918	豔歌行 (傅玄)	豔歌行 (傅玄)	豔歌行 (傅玄)	1	scrape_output\raw\西晉\豔歌行 (傅玄)\豔歌行 (傅玄)__juan_01.txt	scrape_output\clean\西晉\豔歌行 (傅玄)\豔歌行 (傅玄)__juan_01.txt	233	189	0
西晉	769770	賈充妻郭槐墓誌銘	賈充妻郭槐墓誌銘	賈充妻郭槐墓誌銘	1	scrape_output\raw\西晉\賈充妻郭槐墓誌銘\賈充妻郭槐墓誌銘__juan_01.txt	scrape_output\clean\西晉\賈充妻郭槐墓誌銘\賈充妻郭槐墓誌銘__juan_01.txt	478	460	0
西晉	766043	賈充誄	賈充誄	賈充誄	1	scrape_output\raw\西晉\賈充誄\賈充誄__juan_01.txt	scrape_output\clean\西晉\賈充誄\賈充誄__juan_01.txt	99	55	0
西晉	769771	賈南風乳母徐義墓誌銘	賈南風乳母徐義墓誌銘	賈南風乳母徐義墓誌銘	1	scrape_output\raw\西晉\賈南風乳母徐義墓誌銘\賈南風乳母徐義墓誌銘__juan_01.txt	scrape_output\clean\西晉\賈南風乳母徐義墓誌銘\賈南風乳母徐義墓誌銘__juan_01.txt	1249	1237	0
西晉	177128	賢劫經	賢劫經/卷一	賢劫經	1	scrape_output\raw\西晉\賢劫經\賢劫經__juan_01.txt	scrape_output\clean\西晉\賢劫經\賢劫經__juan_01.txt	9288	9281	0
西晉	177128	賢劫經	賢劫經/卷二	賢劫經	2	scrape_output\raw\西晉\賢劫經\賢劫經__juan_02.txt	scrape_output\clean\西晉\賢劫經\賢劫經__juan_02.txt	8728	8724	0
西晉	177128	賢劫經	賢劫經/卷三	賢劫經	3	scrape_output\raw\西晉\賢劫經\賢劫經__juan_03.txt	scrape_output\clean\西晉\賢劫經\賢劫經__juan_03.txt	10113	10113	0
西晉	177128	賢劫經	賢劫經/卷四	賢劫經	4	scrape_output\raw\西晉\賢劫經\賢劫經__juan_04.txt	scrape_output\clean\西晉\賢劫經\賢劫經__juan_04.txt	10269	10267	0
西晉	177128	賢劫經	賢劫經/卷五	賢劫經	5	scrape_output\raw\西晉\賢劫經\賢劫經__juan_05.txt	scrape_output\clean\西晉\賢劫經\賢劫經__juan_05.txt	8038	8032	0
西晉	177128	賢劫經	賢劫經/卷六	賢劫經	6	scrape_output\raw\西晉\賢劫經\賢劫經__juan_06.txt	scrape_output\clean\西晉\賢劫經\賢劫經__juan_06.txt	11845	11839	0
西晉	177128	賢劫經	賢劫經/卷七	賢劫經	7	scrape_output\raw\西晉\賢劫經\賢劫經__juan_07.txt	scrape_output\clean\西晉\賢劫經\賢劫經__juan_07.txt	11966	11961	0
西晉	177128	賢劫經	賢劫經/卷八	賢劫經	8	scrape_output\raw\西晉\賢劫經\賢劫經__juan_08.txt	scrape_output\clean\西晉\賢劫經\賢劫經__juan_08.txt	10884	10873	0
西晉	177128	賢劫經	賢劫經/卷九	賢劫經	9	scrape_output\raw\西晉\賢劫經\賢劫經__juan_09.txt	scrape_output\clean\西晉\賢劫經\賢劫經__juan_09.txt	9277	9277	0
西晉	177128	賢劫經	賢劫經/卷十	賢劫經	10	scrape_output\raw\西晉\賢劫經\賢劫經__juan_10.txt	scrape_output\clean\西晉\賢劫經\賢劫經__juan_10.txt	10891	10875	0
西晉	797766	贈何劭王濟	贈何劭王濟	贈何劭王濟	1	scrape_output\raw\西晉\贈何劭王濟\贈何劭王濟__juan_01.txt	scrape_output\clean\西晉\贈何劭王濟\贈何劭王濟__juan_01.txt	194	194	0
西晉	169474	贊善賦	贊善賦	贊善賦	1	scrape_output\raw\西晉\贊善賦\贊善賦__juan_01.txt	scrape_output\clean\西晉\贊善賦\贊善賦__juan_01.txt	277	183	0
西晉	877190	身觀經	身觀經	身觀經	1	scrape_output\raw\西晉\身觀經\身觀經__juan_01.txt	scrape_output\clean\西晉\身觀經\身觀經__juan_01.txt	1085	1031	0
西晉	761212	逸民賦 (陸雲)	逸民賦 (陸雲)	逸民賦 (陸雲)	1	scrape_output\raw\西晉\逸民賦 (陸雲)\逸民賦 (陸雲)__juan_01.txt	scrape_output\clean\西晉\逸民賦 (陸雲)\逸民賦 (陸雲)__juan_01.txt	918	873	0
西晉	177844	過去世佛分衛經	過去世佛分衛經	過去世佛分衛經	1	scrape_output\raw\西晉\過去世佛分衛經\過去世佛分衛經__juan_01.txt	scrape_output\clean\西晉\過去世佛分衛經\過去世佛分衛經__juan_01.txt	700	700	0
西晉	1020255	遺令 (杜預)	遺令 (杜預)	遺令 (杜預)	1	scrape_output\raw\西晉\遺令 (杜預)\遺令 (杜預)__juan_01.txt	scrape_output\clean\西晉\遺令 (杜預)\遺令 (杜預)__juan_01.txt	526	482	0
西晉	175737	郁迦羅越問菩薩行經	郁迦羅越問菩薩行經	郁迦羅越問菩薩行經	1	scrape_output\raw\西晉\郁迦羅越問菩薩行經\郁迦羅越問菩薩行經__juan_01.txt	scrape_output\clean\西晉\郁迦羅越問菩薩行經\郁迦羅越問菩薩行經__juan_01.txt	13319	13311	0
西晉	876149	郁迦羅越菩薩行經	郁迦羅越菩薩行經	郁迦羅越菩薩行經	1	scrape_output\raw\西晉\郁迦羅越菩薩行經\郁迦羅越菩薩行經__juan_01.txt	scrape_output\clean\西晉\郁迦羅越菩薩行經\郁迦羅越菩薩行經__juan_01.txt	13602	13555	0
西晉	1020257	酒論	酒論	酒論	1	scrape_output\raw\西晉\酒論\酒論__juan_01.txt	scrape_output\clean\西晉\酒論\酒論__juan_01.txt	99	55	0
西晉	174248	釋勸論	釋勸論	釋勸論	1	scrape_output\raw\西晉\釋勸論\釋勸論__juan_01.txt	scrape_output\clean\西晉\釋勸論\釋勸論__juan_01.txt	2042	1947	0
西晉	25946	金谷集作詩	金谷集作詩	金谷集作詩	1	scrape_output\raw\西晉\金谷集作詩\金谷集作詩__juan_01.txt	scrape_output\clean\西晉\金谷集作詩\金谷集作詩__juan_01.txt	286	194	0
西晉	766027	金鹿哀辭	金鹿哀辭	金鹿哀辭	1	scrape_output\raw\西晉\金鹿哀辭\金鹿哀辭__juan_01.txt	scrape_output\clean\西晉\金鹿哀辭\金鹿哀辭__juan_01.txt	169	125	0
西晉	105695	針灸甲乙經	針灸甲乙經/卷01	針灸甲乙經	1	scrape_output\raw\西晉\針灸甲乙經\針灸甲乙經__juan_01.txt	scrape_output\clean\西晉\針灸甲乙經\針灸甲乙經__juan_01.txt	15812	15793	0
西晉	105695	針灸甲乙經	針灸甲乙經/卷02	針灸甲乙經	2	scrape_output\raw\西晉\針灸甲乙經\針灸甲乙經__juan_02.txt	scrape_output\clean\西晉\針灸甲乙經\針灸甲乙經__juan_02.txt	14027	14008	0
西晉	105695	針灸甲乙經	針灸甲乙經/卷03	針灸甲乙經	3	scrape_output\raw\西晉\針灸甲乙經\針灸甲乙經__juan_03.txt	scrape_output\clean\西晉\針灸甲乙經\針灸甲乙經__juan_03.txt	16902	16642	0
西晉	105695	針灸甲乙經	針灸甲乙經/卷04	針灸甲乙經	4	scrape_output\raw\西晉\針灸甲乙經\針灸甲乙經__juan_04.txt	scrape_output\clean\西晉\針灸甲乙經\針灸甲乙經__juan_04.txt	10299	10299	0
西晉	105695	針灸甲乙經	針灸甲乙經/卷05	針灸甲乙經	5	scrape_output\raw\西晉\針灸甲乙經\針灸甲乙經__juan_05.txt	scrape_output\clean\西晉\針灸甲乙經\針灸甲乙經__juan_05.txt	12567	12563	0
西晉	105695	針灸甲乙經	針灸甲乙經/卷06	針灸甲乙經	6	scrape_output\raw\西晉\針灸甲乙經\針灸甲乙經__juan_06.txt	scrape_output\clean\西晉\針灸甲乙經\針灸甲乙經__juan_06.txt	13427	13420	0
西晉	105695	針灸甲乙經	針灸甲乙經/卷07	針灸甲乙經	7	scrape_output\raw\西晉\針灸甲乙經\針灸甲乙經__juan_07.txt	scrape_output\clean\西晉\針灸甲乙經\針灸甲乙經__juan_07.txt	13477	13454	0
西晉	105695	針灸甲乙經	針灸甲乙經/卷08	針灸甲乙經	8	scrape_output\raw\西晉\針灸甲乙經\針灸甲乙經__juan_08.txt	scrape_output\clean\西晉\針灸甲乙經\針灸甲乙經__juan_08.txt	8529	8513	0
西晉	105695	針灸甲乙經	針灸甲乙經/卷09	針灸甲乙經	9	scrape_output\raw\西晉\針灸甲乙經\針灸甲乙經__juan_09.txt	scrape_output\clean\西晉\針灸甲乙經\針灸甲乙經__juan_09.txt	9067	9050	0
西晉	105695	針灸甲乙經	針灸甲乙經/卷10	針灸甲乙經	10	scrape_output\raw\西晉\針灸甲乙經\針灸甲乙經__juan_10.txt	scrape_output\clean\西晉\針灸甲乙經\針灸甲乙經__juan_10.txt	7986	7984	0
西晉	105695	針灸甲乙經	針灸甲乙經/卷11	針灸甲乙經	11	scrape_output\raw\西晉\針灸甲乙經\針灸甲乙經__juan_11.txt	scrape_output\clean\西晉\針灸甲乙經\針灸甲乙經__juan_11.txt	7614	7608	0
西晉	105695	針灸甲乙經	針灸甲乙經/卷12	針灸甲乙經	12	scrape_output\raw\西晉\針灸甲乙經\針灸甲乙經__juan_12.txt	scrape_output\clean\西晉\針灸甲乙經\針灸甲乙經__juan_12.txt	8202	8197	0
西晉	173524	錢神論	錢神論	錢神論	1	scrape_output\raw\西晉\錢神論\錢神論__juan_01.txt	scrape_output\clean\西晉\錢神論\錢神論__juan_01.txt	1630	1510	0
西晉	56841	鍼灸甲乙經	鍼灸甲乙經/卷一	鍼灸甲乙經	1	scrape_output\raw\西晉\鍼灸甲乙經\鍼灸甲乙經__juan_01.txt	scrape_output\clean\西晉\鍼灸甲乙經\鍼灸甲乙經__juan_01.txt	16322	16319	0
西晉	56841	鍼灸甲乙經	鍼灸甲乙經/卷二	鍼灸甲乙經	2	scrape_output\raw\西晉\鍼灸甲乙經\鍼灸甲乙經__juan_02.txt	scrape_output\clean\西晉\鍼灸甲乙經\鍼灸甲乙經__juan_02.txt	14456	14451	0
西晉	56841	鍼灸甲乙經	鍼灸甲乙經/卷三	鍼灸甲乙經	3	scrape_output\raw\西晉\鍼灸甲乙經\鍼灸甲乙經__juan_03.txt	scrape_output\clean\西晉\鍼灸甲乙經\鍼灸甲乙經__juan_03.txt	18730	18724	0
西晉	56841	鍼灸甲乙經	鍼灸甲乙經/卷四	鍼灸甲乙經	4	scrape_output\raw\西晉\鍼灸甲乙經\鍼灸甲乙經__juan_04.txt	scrape_output\clean\西晉\鍼灸甲乙經\鍼灸甲乙經__juan_04.txt	10608	10605	0
西晉	56841	鍼灸甲乙經	鍼灸甲乙經/卷五	鍼灸甲乙經	5	scrape_output\raw\西晉\鍼灸甲乙經\鍼灸甲乙經__juan_05.txt	scrape_output\clean\西晉\鍼灸甲乙經\鍼灸甲乙經__juan_05.txt	12976	12974	0
西晉	56841	鍼灸甲乙經	鍼灸甲乙經/卷六	鍼灸甲乙經	6	scrape_output\raw\西晉\鍼灸甲乙經\鍼灸甲乙經__juan_06.txt	scrape_output\clean\西晉\鍼灸甲乙經\鍼灸甲乙經__juan_06.txt	14022	14017	0
西晉	56841	鍼灸甲乙經	鍼灸甲乙經/卷七	鍼灸甲乙經	7	scrape_output\raw\西晉\鍼灸甲乙經\鍼灸甲乙經__juan_07.txt	scrape_output\clean\西晉\鍼灸甲乙經\鍼灸甲乙經__juan_07.txt	14515	14512	0
西晉	56841	鍼灸甲乙經	鍼灸甲乙經/卷八	鍼灸甲乙經	8	scrape_output\raw\西晉\鍼灸甲乙經\鍼灸甲乙經__juan_08.txt	scrape_output\clean\西晉\鍼灸甲乙經\鍼灸甲乙經__juan_08.txt	8792	8791	0
西晉	56841	鍼灸甲乙經	鍼灸甲乙經/卷九	鍼灸甲乙經	9	scrape_output\raw\西晉\鍼灸甲乙經\鍼灸甲乙經__juan_09.txt	scrape_output\clean\西晉\鍼灸甲乙經\鍼灸甲乙經__juan_09.txt	9772	9772	0
西晉	56841	鍼灸甲乙經	鍼灸甲乙經/卷十	鍼灸甲乙經	10	scrape_output\raw\西晉\鍼灸甲乙經\鍼灸甲乙經__juan_10.txt	scrape_output\clean\西晉\鍼灸甲乙經\鍼灸甲乙經__juan_10.txt	8242	8239	0
西晉	56841	鍼灸甲乙經	鍼灸甲乙經/卷十一	鍼灸甲乙經	11	scrape_output\raw\西晉\鍼灸甲乙經\鍼灸甲乙經__juan_11.txt	scrape_output\clean\西晉\鍼灸甲乙經\鍼灸甲乙經__juan_11.txt	8089	8086	0
西晉	56841	鍼灸甲乙經	鍼灸甲乙經/卷十二	鍼灸甲乙經	12	scrape_output\raw\西晉\鍼灸甲乙經\鍼灸甲乙經__juan_12.txt	scrape_output\clean\西晉\鍼灸甲乙經\鍼灸甲乙經__juan_12.txt	8681	8676	0
西晉	195255	長壽王經	長壽王經	長壽王經	1	scrape_output\raw\西晉\長壽王經\長壽王經__juan_01.txt	scrape_output\clean\西晉\長壽王經\長壽王經__juan_01.txt	3312	3268	0
西晉	1043200	長夜謠	長夜謠	長夜謠	1	scrape_output\raw\西晉\長夜謠\長夜謠__juan_01.txt	scrape_output\clean\西晉\長夜謠\長夜謠__juan_01.txt	154	110	0
西晉	176441	長生樹賦	長生樹賦	長生樹賦	1	scrape_output\raw\西晉\長生樹賦\長生樹賦__juan_01.txt	scrape_output\clean\西晉\長生樹賦\長生樹賦__juan_01.txt	292	198	0
西晉	24312	閑居賦	閑居賦	閑居賦	1	scrape_output\raw\西晉\閑居賦\閑居賦__juan_01.txt	scrape_output\clean\西晉\閑居賦\閑居賦__juan_01.txt	1328	1236	0
西晉	1043180	閔子騫贊	閔子騫贊	閔子騫贊	1	scrape_output\raw\西晉\閔子騫贊\閔子騫贊__juan_01.txt	scrape_output\clean\西晉\閔子騫贊\閔子騫贊__juan_01.txt	119	75	0
西晉	105651	關中記	關中記	關中記	1	scrape_output\raw\西晉\關中記\關中記__juan_01.txt	scrape_output\clean\西晉\關中記\關中記__juan_01.txt	413	321	0
西晉	25744	關中詩	關中詩	關中詩	1	scrape_output\raw\西晉\關中詩\關中詩__juan_01.txt	scrape_output\clean\西晉\關中詩\關中詩__juan_01.txt	928	836	0
西晉	151137	阿差末菩萨经	阿差末菩萨经/卷01	阿差末菩萨经	1	scrape_output\raw\西晉\阿差末菩萨经\阿差末菩萨经__juan_01.txt	scrape_output\clean\西晉\阿差末菩萨经\阿差末菩萨经__juan_01.txt	7296	7290	0
西晉	151137	阿差末菩萨经	阿差末菩萨经/卷02	阿差末菩萨经	2	scrape_output\raw\西晉\阿差末菩萨经\阿差末菩萨经__juan_02.txt	scrape_output\clean\西晉\阿差末菩萨经\阿差末菩萨经__juan_02.txt	7883	7883	0
西晉	151137	阿差末菩萨经	阿差末菩萨经/卷03	阿差末菩萨经	3	scrape_output\raw\西晉\阿差末菩萨经\阿差末菩萨经__juan_03.txt	scrape_output\clean\西晉\阿差末菩萨经\阿差末菩萨经__juan_03.txt	7428	7304	0
西晉	151137	阿差末菩萨经	阿差末菩萨经/卷04	阿差末菩萨经	4	scrape_output\raw\西晉\阿差末菩萨经\阿差末菩萨经__juan_04.txt	scrape_output\clean\西晉\阿差末菩萨经\阿差末菩萨经__juan_04.txt	7614	7611	0
西晉	151137	阿差末菩萨经	阿差末菩萨经/卷05	阿差末菩萨经	5	scrape_output\raw\西晉\阿差末菩萨经\阿差末菩萨经__juan_05.txt	scrape_output\clean\西晉\阿差末菩萨经\阿差末菩萨经__juan_05.txt	6725	6725	0
西晉	151137	阿差末菩萨经	阿差末菩萨经/卷06	阿差末菩萨经	6	scrape_output\raw\西晉\阿差末菩萨经\阿差末菩萨经__juan_06.txt	scrape_output\clean\西晉\阿差末菩萨经\阿差末菩萨经__juan_06.txt	6982	6982	0
西晉	151137	阿差末菩萨经	阿差末菩萨经/卷07	阿差末菩萨经	7	scrape_output\raw\西晉\阿差末菩萨经\阿差末菩萨经__juan_07.txt	scrape_output\clean\西晉\阿差末菩萨经\阿差末菩萨经__juan_07.txt	5841	5838	0
西晉	875424	阿闍世王問五逆經	阿闍世王問五逆經	阿闍世王問五逆經	1	scrape_output\raw\西晉\阿闍世王問五逆經\阿闍世王問五逆經__juan_01.txt	scrape_output\clean\西晉\阿闍世王問五逆經\阿闍世王問五逆經__juan_01.txt	2701	2657	0
西晉	877044	阿闍世王授決經	阿闍世王授決經	阿闍世王授決經	1	scrape_output\raw\西晉\阿闍世王授決經\阿闍世王授決經__juan_01.txt	scrape_output\clean\西晉\阿闍世王授決經\阿闍世王授決經__juan_01.txt	2073	2026	0
西晉	1033054	除婦服詩	除婦服詩	除婦服詩	1	scrape_output\raw\西晉\除婦服詩\除婦服詩__juan_01.txt	scrape_output\clean\西晉\除婦服詩\除婦服詩__juan_01.txt	125	81	0
西晉	1020024	陳伐吳至計表	陳伐吳至計表	陳伐吳至計表	1	scrape_output\raw\西晉\陳伐吳至計表\陳伐吳至計表__juan_01.txt	scrape_output\clean\西晉\陳伐吳至計表\陳伐吳至計表__juan_01.txt	300	256	0
西晉	153053	陳情表 (西晉)	陳情表 (西晉)	陳情表 (西晉)	1	scrape_output\raw\西晉\陳情表 (西晉)\陳情表 (西晉)__juan_01.txt	scrape_output\clean\西晉\陳情表 (西晉)\陳情表 (西晉)__juan_01.txt	676	632	0
西晉	107883	陸清河集	陸清河集/卷一	陸清河集	1	scrape_output\raw\西晉\陸清河集\陸清河集__juan_01.txt	scrape_output\clean\西晉\陸清河集\陸清河集__juan_01.txt	0	0	1
西晉	107883	陸清河集	陸清河集/卷二	陸清河集	2	scrape_output\raw\西晉\陸清河集\陸清河集__juan_02.txt	scrape_output\clean\西晉\陸清河集\陸清河集__juan_02.txt	0	0	1
西晉	107883	陸清河集	陸清河集/卷三	陸清河集	3	scrape_output\raw\西晉\陸清河集\陸清河集__juan_03.txt	scrape_output\clean\西晉\陸清河集\陸清河集__juan_03.txt	0	0	1
西晉	107883	陸清河集	陸清河集/卷四	陸清河集	4	scrape_output\raw\西晉\陸清河集\陸清河集__juan_04.txt	scrape_output\clean\西晉\陸清河集\陸清河集__juan_04.txt	0	0	1
西晉	107883	陸清河集	陸清河集/卷五	陸清河集	5	scrape_output\raw\西晉\陸清河集\陸清河集__juan_05.txt	scrape_output\clean\西晉\陸清河集\陸清河集__juan_05.txt	0	0	1
西晉	107883	陸清河集	陸清河集/卷六	陸清河集	6	scrape_output\raw\西晉\陸清河集\陸清河集__juan_06.txt	scrape_output\clean\西晉\陸清河集\陸清河集__juan_06.txt	0	0	1
西晉	107883	陸清河集	陸清河集/卷七	陸清河集	7	scrape_output\raw\西晉\陸清河集\陸清河集__juan_07.txt	scrape_output\clean\西晉\陸清河集\陸清河集__juan_07.txt	0	0	1
西晉	107883	陸清河集	陸清河集/卷八	陸清河集	8	scrape_output\raw\西晉\陸清河集\陸清河集__juan_08.txt	scrape_output\clean\西晉\陸清河集\陸清河集__juan_08.txt	0	0	1
西晉	107883	陸清河集	陸清河集/卷九	陸清河集	9	scrape_output\raw\西晉\陸清河集\陸清河集__juan_09.txt	scrape_output\clean\西晉\陸清河集\陸清河集__juan_09.txt	0	0	1
西晉	107883	陸清河集	陸清河集/卷十	陸清河集	10	scrape_output\raw\西晉\陸清河集\陸清河集__juan_10.txt	scrape_output\clean\西晉\陸清河集\陸清河集__juan_10.txt	0	0	1
西晉	766026	陽城劉氏妹哀辭	陽城劉氏妹哀辭	陽城劉氏妹哀辭	1	scrape_output\raw\西晉\陽城劉氏妹哀辭\陽城劉氏妹哀辭__juan_01.txt	scrape_output\clean\西晉\陽城劉氏妹哀辭\陽城劉氏妹哀辭__juan_01.txt	239	195	0
西晉	1043059	雀釵賦	雀釵賦	雀釵賦	1	scrape_output\raw\西晉\雀釵賦\雀釵賦__juan_01.txt	scrape_output\clean\西晉\雀釵賦\雀釵賦__juan_01.txt	208	164	0
西晉	1032684	雉賦	雉賦	雉賦	1	scrape_output\raw\西晉\雉賦\雉賦__juan_01.txt	scrape_output\clean\西晉\雉賦\雉賦__juan_01.txt	163	119	0
西晉	796304	雜詩 (何劭)	雜詩 (何劭)	雜詩 (何劭)	1	scrape_output\raw\西晉\雜詩 (何劭)\雜詩 (何劭)__juan_01.txt	scrape_output\clean\西晉\雜詩 (何劭)\雜詩 (何劭)__juan_01.txt	191	147	0
西晉	796270	雜詩 (張翰)	雜詩 (張翰)	雜詩 (張翰)	1	scrape_output\raw\西晉\雜詩 (張翰)\雜詩 (張翰)__juan_01.txt	scrape_output\clean\西晉\雜詩 (張翰)\雜詩 (張翰)__juan_01.txt	175	131	0
西晉	177198	離睡經	離睡經	離睡經	1	scrape_output\raw\西晉\離睡經\離睡經__juan_01.txt	scrape_output\clean\西晉\離睡經\離睡經__juan_01.txt	1352	1352	0
西晉	1043198	離親詠	離親詠	離親詠	1	scrape_output\raw\西晉\離親詠\離親詠__juan_01.txt	scrape_output\clean\西晉\離親詠\離親詠__juan_01.txt	201	157	0
西晉	874995	難提釋經	難提釋經	難提釋經	1	scrape_output\raw\西晉\難提釋經\難提釋經__juan_01.txt	scrape_output\clean\西晉\難提釋經\難提釋經__juan_01.txt	2033	1989	0
西晉	175521	雪賦 (孫楚)	雪賦 (孫楚)	雪賦 (孫楚)	1	scrape_output\raw\西晉\雪賦 (孫楚)\雪賦 (孫楚)__juan_01.txt	scrape_output\clean\西晉\雪賦 (孫楚)\雪賦 (孫楚)__juan_01.txt	167	121	0
西晉	1042971	雷賦 (夏侯湛)	雷賦 (夏侯湛)	雷賦 (夏侯湛)	1	scrape_output\raw\西晉\雷賦 (夏侯湛)\雷賦 (夏侯湛)__juan_01.txt	scrape_output\clean\西晉\雷賦 (夏侯湛)\雷賦 (夏侯湛)__juan_01.txt	286	242	0
西晉	1042986	鞞舞賦	鞞舞賦	鞞舞賦	1	scrape_output\raw\西晉\鞞舞賦\鞞舞賦__juan_01.txt	scrape_output\clean\西晉\鞞舞賦\鞞舞賦__juan_01.txt	154	110	0
西晉	1032929	韓信贊	韓信贊	韓信贊	1	scrape_output\raw\西晉\韓信贊\韓信贊__juan_01.txt	scrape_output\clean\西晉\韓信贊\韓信贊__juan_01.txt	149	105	0
西晉	1032666	韓王臺賦	韓王臺賦	韓王臺賦	1	scrape_output\raw\西晉\韓王臺賦\韓王臺賦__juan_01.txt	scrape_output\clean\西晉\韓王臺賦\韓王臺賦__juan_01.txt	257	213	0
西晉	877105	順權方便經	順權方便經/卷01	順權方便經	1	scrape_output\raw\西晉\順權方便經\順權方便經__juan_01.txt	scrape_output\clean\西晉\順權方便經\順權方便經__juan_01.txt	7692	7688	0
西晉	877105	順權方便經	順權方便經/卷02	順權方便經	2	scrape_output\raw\西晉\順權方便經\順權方便經__juan_02.txt	scrape_output\clean\西晉\順權方便經\順權方便經__juan_02.txt	7921	7918	0
西晉	768790	頭責子羽文	頭責子羽文	頭責子羽文	1	scrape_output\raw\西晉\頭責子羽文\頭責子羽文__juan_01.txt	scrape_output\clean\西晉\頭責子羽文\頭責子羽文__juan_01.txt	1167	1123	0
西晉	177193	頻婆娑羅王經	頻婆娑羅王經	頻婆娑羅王經	1	scrape_output\raw\西晉\頻婆娑羅王經\頻婆娑羅王經__juan_01.txt	scrape_output\clean\西晉\頻婆娑羅王經\頻婆娑羅王經__juan_01.txt	2851	2851	0
西晉	874994	頻毗娑羅王詣佛供養經	頻毗娑羅王詣佛供養經	頻毗娑羅王詣佛供養經	1	scrape_output\raw\西晉\頻毗娑羅王詣佛供養經\頻毗娑羅王詣佛供養經__juan_01.txt	scrape_output\clean\西晉\頻毗娑羅王詣佛供養經\頻毗娑羅王詣佛供養經__juan_01.txt	2171	2123	0
西晉	181259	頻毘娑羅王詣佛供養經	頻毘娑羅王詣佛供養經	頻毘娑羅王詣佛供養經	1	scrape_output\raw\西晉\頻毘娑羅王詣佛供養經\頻毘娑羅王詣佛供養經__juan_01.txt	scrape_output\clean\西晉\頻毘娑羅王詣佛供養經\頻毘娑羅王詣佛供養經__juan_01.txt	2310	2262	0
西晉	1032912	顔回贊	顔回贊	顔回贊	1	scrape_output\raw\西晉\顔回贊\顔回贊__juan_01.txt	scrape_output\clean\西晉\顔回贊\顔回贊__juan_01.txt	99	55	0
西晉	1043178	顔子贊	顔子贊	顔子贊	1	scrape_output\raw\西晉\顔子贊\顔子贊__juan_01.txt	scrape_output\clean\西晉\顔子贊\顔子贊__juan_01.txt	119	75	0
西晉	107881	風土記	風土記	風土記	1	scrape_output\raw\西晉\風土記\風土記__juan_01.txt	scrape_output\clean\西晉\風土記\風土記__juan_01.txt	450	406	0
西晉	169475	養性賦	養性賦	養性賦	1	scrape_output\raw\西晉\養性賦\養性賦__juan_01.txt	scrape_output\clean\西晉\養性賦\養性賦__juan_01.txt	130	36	0
西晉	23589	馬汧督誄	馬汧督誄	馬汧督誄	1	scrape_output\raw\西晉\馬汧督誄\馬汧督誄__juan_01.txt	scrape_output\clean\西晉\馬汧督誄\馬汧督誄__juan_01.txt	1699	1607	0
西晉	766038	馬洴督誄	馬洴督誄	馬洴督誄	1	scrape_output\raw\西晉\馬洴督誄\馬洴督誄__juan_01.txt	scrape_output\clean\西晉\馬洴督誄\馬洴督誄__juan_01.txt	1601	1557	0
西晉	105650	高士傳	高士傳	高士傳	1	scrape_output\raw\西晉\高士傳\高士傳__juan_01.txt	scrape_output\clean\西晉\高士傳\高士傳__juan_01.txt	18925	18830	0
西晉	1043190	魯仲連贊	魯仲連贊	魯仲連贊	1	scrape_output\raw\西晉\魯仲連贊\魯仲連贊__juan_01.txt	scrape_output\clean\西晉\魯仲連贊\魯仲連贊__juan_01.txt	119	75	0
西晉	87655	魯勝墨辯注敘	魯勝墨辯注敘	魯勝墨辯注敘	1	scrape_output\raw\西晉\魯勝墨辯注敘\魯勝墨辯注敘__juan_01.txt	scrape_output\clean\西晉\魯勝墨辯注敘\魯勝墨辯注敘__juan_01.txt	450	356	0
西晉	1043186	鮑叔贊	鮑叔贊	鮑叔贊	1	scrape_output\raw\西晉\鮑叔贊\鮑叔贊__juan_01.txt	scrape_output\clean\西晉\鮑叔贊\鮑叔贊__juan_01.txt	119	75	0
西晉	1032682	鴈賦	鴈賦	鴈賦	1	scrape_output\raw\西晉\鴈賦\鴈賦__juan_01.txt	scrape_output\clean\西晉\鴈賦\鴈賦__juan_01.txt	187	143	0
西晉	1032980	鴈門太守牽府君碑	鴈門太守牽府君碑	鴈門太守牽府君碑	1	scrape_output\raw\西晉\鴈門太守牽府君碑\鴈門太守牽府君碑__juan_01.txt	scrape_output\clean\西晉\鴈門太守牽府君碑\鴈門太守牽府君碑__juan_01.txt	330	286	0
西晉	24290	鷦鷯賦	鷦鷯賦	鷦鷯賦	1	scrape_output\raw\西晉\鷦鷯賦\鷦鷯賦__juan_01.txt	scrape_output\clean\西晉\鷦鷯賦\鷦鷯賦__juan_01.txt	711	667	0
西晉	1032680	鷹賦	鷹賦	鷹賦	1	scrape_output\raw\西晉\鷹賦\鷹賦__juan_01.txt	scrape_output\clean\西晉\鷹賦\鷹賦__juan_01.txt	343	299	0
西晉	177131	鹹水喻經	鹹水喻經	鹹水喻經	1	scrape_output\raw\西晉\鹹水喻經\鹹水喻經__juan_01.txt	scrape_output\clean\西晉\鹹水喻經\鹹水喻經__juan_01.txt	950	858	0
西晉	1032985	龍見上疏	龍見上疏	龍見上疏	1	scrape_output\raw\西晉\龍見上疏\龍見上疏__juan_01.txt	scrape_output\clean\西晉\龍見上疏\龍見上疏__juan_01.txt	332	288	0
