category	pageid	work_title	page_title	work_folder	juan_index	raw_path	clean_path	char_count_raw	char_count_clean	is_empty_page
東漢	1044730	七依	七依	七依	1	scrape_output\raw\東漢\七依\七依__juan_01.txt	scrape_output\clean\東漢\七依\七依__juan_01.txt	375	331	0
東漢	25821	七哀詩 (王粲)	七哀詩 (王粲)	七哀詩 (王粲)	1	scrape_output\raw\東漢\七哀詩 (王粲)\七哀詩 (王粲)__juan_01.txt	scrape_output\clean\東漢\七哀詩 (王粲)\七哀詩 (王粲)__juan_01.txt	464	420	0
東漢	169958	七喻	七喻	七喻	1	scrape_output\raw\東漢\七喻\七喻__juan_01.txt	scrape_output\clean\東漢\七喻\七喻__juan_01.txt	429	427	0
東漢	1035801	七款	七款	七款	1	scrape_output\raw\東漢\七款\七款__juan_01.txt	scrape_output\clean\東漢\七款\七款__juan_01.txt	205	161	0
東漢	1044736	七言詩	七言詩	七言詩	1	scrape_output\raw\東漢\七言詩\七言詩__juan_01.txt	scrape_output\clean\東漢\七言詩\七言詩__juan_01.txt	103	59	0
東漢	165332	七辯	七辯	七辯	1	scrape_output\raw\東漢\七辯\七辯__juan_01.txt	scrape_output\clean\東漢\七辯\七辯__juan_01.txt	1278	1257	0
東漢	1036219	三游論	三游論	三游論	1	scrape_output\raw\東漢\三游論\三游論__juan_01.txt	scrape_output\clean\東漢\三游論\三游論__juan_01.txt	1078	1034	0
東漢	58927	三秦記	三秦記	三秦記	1	scrape_output\raw\東漢\三秦記\三秦記__juan_01.txt	scrape_output\clean\東漢\三秦記\三秦記__juan_01.txt	830	735	0
東漢	27985	上三府所辟稱故吏事	上三府所辟稱故吏事	上三府所辟稱故吏事	1	scrape_output\raw\東漢\上三府所辟稱故吏事\上三府所辟稱故吏事__juan_01.txt	scrape_output\clean\東漢\上三府所辟稱故吏事\上三府所辟稱故吏事__juan_01.txt	326	232	0
東漢	165349	上事殘句	上事殘句	上事殘句	1	scrape_output\raw\東漢\上事殘句\上事殘句__juan_01.txt	scrape_output\clean\東漢\上事殘句\上事殘句__juan_01.txt	67	63	0
東漢	1044788	上四巡頌表	上四巡頌表	上四巡頌表	1	scrape_output\raw\東漢\上四巡頌表\上四巡頌表__juan_01.txt	scrape_output\clean\東漢\上四巡頌表\上四巡頌表__juan_01.txt	161	117	0
東漢	891676	上安帝請龐參等書	上安帝請龐參等書	上安帝請龐參等書	1	scrape_output\raw\東漢\上安帝請龐參等書\上安帝請龐參等書__juan_01.txt	scrape_output\clean\東漢\上安帝請龐參等書\上安帝請龐參等書__juan_01.txt	416	372	0
東漢	169675	上書	上書	上書	1	scrape_output\raw\東漢\上書\上書__juan_01.txt	scrape_output\clean\東漢\上書\上書__juan_01.txt	161	67	0
東漢	27956	上書薦謝該	上書薦謝該	上書薦謝該	1	scrape_output\raw\東漢\上書薦謝該\上書薦謝該__juan_01.txt	scrape_output\clean\東漢\上書薦謝該\上書薦謝該__juan_01.txt	475	428	0
東漢	169674	上書薦趙臺卿	上書薦趙臺卿	上書薦趙臺卿	1	scrape_output\raw\東漢\上書薦趙臺卿\上書薦趙臺卿__juan_01.txt	scrape_output\clean\東漢\上書薦趙臺卿\上書薦趙臺卿__juan_01.txt	111	17	0
東漢	27984	上書請準古王畿制	上書請準古王畿制	上書請準古王畿制	1	scrape_output\raw\東漢\上書請準古王畿制\上書請準古王畿制__juan_01.txt	scrape_output\clean\東漢\上書請準古王畿制\上書請準古王畿制__juan_01.txt	379	285	0
東漢	891632	上漢帝書 (孔融)	上漢帝書 (孔融)	上漢帝書 (孔融)	1	scrape_output\raw\東漢\上漢帝書 (孔融)\上漢帝書 (孔融)__juan_01.txt	scrape_output\clean\東漢\上漢帝書 (孔融)\上漢帝書 (孔融)__juan_01.txt	126	82	0
東漢	165347	上疏請專事東觀收檢遺文	上疏請專事東觀收檢遺文	上疏請專事東觀收檢遺文	1	scrape_output\raw\東漢\上疏請專事東觀收檢遺文\上疏請專事東觀收檢遺文__juan_01.txt	scrape_output\clean\東漢\上疏請專事東觀收檢遺文\上疏請專事東觀收檢遺文__juan_01.txt	85	83	0
東漢	891677	上論日蝕疏	上論日蝕疏	上論日蝕疏	1	scrape_output\raw\東漢\上論日蝕疏\上論日蝕疏__juan_01.txt	scrape_output\clean\東漢\上論日蝕疏\上論日蝕疏__juan_01.txt	970	926	0
東漢	170503	上銅馬式表	上銅馬式表	上銅馬式表	1	scrape_output\raw\東漢\上銅馬式表\上銅馬式表__juan_01.txt	scrape_output\clean\東漢\上銅馬式表\上銅馬式表__juan_01.txt	353	258	0
東漢	165343	上陳事疏	上陳事疏	上陳事疏	1	scrape_output\raw\東漢\上陳事疏\上陳事疏__juan_01.txt	scrape_output\clean\東漢\上陳事疏\上陳事疏__juan_01.txt	572	572	0
東漢	891678	上順市乞自劾疏	上順市乞自劾疏	上順市乞自劾疏	1	scrape_output\raw\東漢\上順市乞自劾疏\上順市乞自劾疏__juan_01.txt	scrape_output\clean\東漢\上順市乞自劾疏\上順市乞自劾疏__juan_01.txt	349	305	0
東漢	165342	上順帝封事	上順帝封事	上順帝封事	1	scrape_output\raw\東漢\上順帝封事\上順帝封事__juan_01.txt	scrape_output\clean\東漢\上順帝封事\上順帝封事__juan_01.txt	402	400	0
東漢	1042331	丞相封侯論	丞相封侯論	丞相封侯論	1	scrape_output\raw\東漢\丞相封侯論\丞相封侯論__juan_01.txt	scrape_output\clean\東漢\丞相封侯論\丞相封侯論__juan_01.txt	170	126	0
東漢	874982	中本起經	中本起經/卷01	中本起經	1	scrape_output\raw\東漢\中本起經\中本起經__juan_01.txt	scrape_output\clean\東漢\中本起經\中本起經__juan_01.txt	14280	14260	0
東漢	874982	中本起經	中本起經/卷02	中本起經	2	scrape_output\raw\東漢\中本起經\中本起經__juan_02.txt	scrape_output\clean\東漢\中本起經\中本起經__juan_02.txt	13469	13450	0
東漢	56750	中論 (儒家)	中論 (儒家)/卷之上	中論 (儒家)	1	scrape_output\raw\東漢\中論 (儒家)\中論 (儒家)__juan_01.txt	scrape_output\clean\東漢\中論 (儒家)\中論 (儒家)__juan_01.txt	10758	10745	0
東漢	56750	中論 (儒家)	中論 (儒家)/卷之下	中論 (儒家)	2	scrape_output\raw\東漢\中論 (儒家)\中論 (儒家)__juan_02.txt	scrape_output\clean\東漢\中論 (儒家)\中論 (儒家)__juan_02.txt	11225	11210	0
東漢	61733	九勢	九勢	九勢	1	scrape_output\raw\東漢\九勢\九勢__juan_01.txt	scrape_output\clean\東漢\九勢\九勢__juan_01.txt	624	577	0
東漢	1132379	九家易解 (九師道訓附)	九家易解 (九師道訓附)	九家易解 (九師道訓附)	1	scrape_output\raw\東漢\九家易解 (九師道訓附)\九家易解 (九師道訓附)__juan_01.txt	scrape_output\clean\東漢\九家易解 (九師道訓附)\九家易解 (九師道訓附)__juan_01.txt	7774	7704	0
東漢	19919	九思	九思	九思	1	scrape_output\raw\東漢\九思\九思__juan_01.txt	scrape_output\clean\東漢\九思\九思__juan_01.txt	2603	2559	0
東漢	195253	九橫經	九橫經	九橫經	1	scrape_output\raw\東漢\九橫經\九橫經__juan_01.txt	scrape_output\clean\東漢\九橫經\九橫經__juan_01.txt	622	622	0
東漢	1145203	二京賦	二京賦	二京賦	1	scrape_output\raw\東漢\二京賦\二京賦__juan_01.txt	scrape_output\clean\東漢\二京賦\二京賦__juan_01.txt	9533	9489	0
東漢	106653	五經異義	五經異義	五經異義	1	scrape_output\raw\東漢\五經異義\五經異義__juan_01.txt	scrape_output\clean\東漢\五經異義\五經異義__juan_01.txt	28692	28393	0
東漢	178783	五陰譬喻經	五陰譬喻經	五陰譬喻經	1	scrape_output\raw\東漢\五陰譬喻經\五陰譬喻經__juan_01.txt	scrape_output\clean\東漢\五陰譬喻經\五陰譬喻經__juan_01.txt	1106	1014	0
東漢	167387	人本欲生經	人本欲生經	人本欲生經	1	scrape_output\raw\東漢\人本欲生經\人本欲生經__juan_01.txt	scrape_output\clean\東漢\人本欲生經\人本欲生經__juan_01.txt	8309	8265	0
東漢	169304	仙賦	仙賦	仙賦	1	scrape_output\raw\東漢\仙賦\仙賦__juan_01.txt	scrape_output\clean\東漢\仙賦\仙賦__juan_01.txt	416	322	0
東漢	1044742	仲山父鼎銘	仲山父鼎銘	仲山父鼎銘	1	scrape_output\raw\東漢\仲山父鼎銘\仲山父鼎銘__juan_01.txt	scrape_output\clean\東漢\仲山父鼎銘\仲山父鼎銘__juan_01.txt	132	88	0
東漢	184255	佛說一切流攝守因經	佛說一切流攝守因經	佛說一切流攝守因經	1	scrape_output\raw\東漢\佛說一切流攝守因經\佛說一切流攝守因經__juan_01.txt	scrape_output\clean\東漢\佛說一切流攝守因經\佛說一切流攝守因經__juan_01.txt	2208	2161	0
東漢	875046	佛說七處三觀經	佛說七處三觀經	佛說七處三觀經	1	scrape_output\raw\東漢\佛說七處三觀經\佛說七處三觀經__juan_01.txt	scrape_output\clean\東漢\佛說七處三觀經\佛說七處三觀經__juan_01.txt	13330	13285	0
東漢	875047	佛說九橫經	佛說九橫經	佛說九橫經	1	scrape_output\raw\東漢\佛說九橫經\佛說九橫經__juan_01.txt	scrape_output\clean\東漢\佛說九橫經\佛說九橫經__juan_01.txt	737	693	0
東漢	184241	佛說人本欲生經	佛說人本欲生經	佛說人本欲生經	1	scrape_output\raw\東漢\佛說人本欲生經\佛說人本欲生經__juan_01.txt	scrape_output\clean\東漢\佛說人本欲生經\佛說人本欲生經__juan_01.txt	8353	8309	0
東漢	877231	佛說伅真陀羅所問如來三昧經	佛說伅真陀羅所問如來三昧經/卷01	佛說伅真陀羅所問如來三昧經	1	scrape_output\raw\東漢\佛說伅真陀羅所問如來三昧經\佛說伅真陀羅所問如來三昧經__juan_01.txt	scrape_output\clean\東漢\佛說伅真陀羅所問如來三昧經\佛說伅真陀羅所問如來三昧經__juan_01.txt	14422	13083	0
東漢	877231	佛說伅真陀羅所問如來三昧經	佛說伅真陀羅所問如來三昧經/卷02	佛說伅真陀羅所問如來三昧經	2	scrape_output\raw\東漢\佛說伅真陀羅所問如來三昧經\佛說伅真陀羅所問如來三昧經__juan_02.txt	scrape_output\clean\東漢\佛說伅真陀羅所問如來三昧經\佛說伅真陀羅所問如來三昧經__juan_02.txt	10325	10085	0
東漢	877231	佛說伅真陀羅所問如來三昧經	佛說伅真陀羅所問如來三昧經/卷03	佛說伅真陀羅所問如來三昧經	3	scrape_output\raw\東漢\佛說伅真陀羅所問如來三昧經\佛說伅真陀羅所問如來三昧經__juan_03.txt	scrape_output\clean\東漢\佛說伅真陀羅所問如來三昧經\佛說伅真陀羅所問如來三昧經__juan_03.txt	13250	12694	0
東漢	177362	佛說佛印三昧經	佛說佛印三昧經	佛說佛印三昧經	1	scrape_output\raw\東漢\佛說佛印三昧經\佛說佛印三昧經__juan_01.txt	scrape_output\clean\東漢\佛說佛印三昧經\佛說佛印三昧經__juan_01.txt	1492	1448	0
東漢	877693	佛說作佛形像經	佛說作佛形像經	佛說作佛形像經	1	scrape_output\raw\東漢\佛說作佛形像經\佛說作佛形像經__juan_01.txt	scrape_output\clean\東漢\佛說作佛形像經\佛說作佛形像經__juan_01.txt	1263	1219	0
東漢	176844	佛說內藏百寶經	佛說內藏百寶經	佛說內藏百寶經	1	scrape_output\raw\東漢\佛說內藏百寶經\佛說內藏百寶經__juan_01.txt	scrape_output\clean\東漢\佛說內藏百寶經\佛說內藏百寶經__juan_01.txt	3928	3879	0
東漢	877189	佛說內身觀章句經	佛說內身觀章句經	佛說內身觀章句經	1	scrape_output\raw\東漢\佛說內身觀章句經\佛說內身觀章句經__juan_01.txt	scrape_output\clean\東漢\佛說內身觀章句經\佛說內身觀章句經__juan_01.txt	1677	1615	0
東漢	36367	佛說八大人覺經	佛說八大人覺經	佛說八大人覺經	1	scrape_output\raw\東漢\佛說八大人覺經\佛說八大人覺經__juan_01.txt	scrape_output\clean\東漢\佛說八大人覺經\佛說八大人覺經__juan_01.txt	561	517	0
東漢	875370	佛說分別善惡所起經	佛說分別善惡所起經	佛說分別善惡所起經	1	scrape_output\raw\東漢\佛說分別善惡所起經\佛說分別善惡所起經__juan_01.txt	scrape_output\clean\東漢\佛說分別善惡所起經\佛說分別善惡所起經__juan_01.txt	9460	9410	0
東漢	875372	佛說十八泥犁經	佛說十八泥犁經	佛說十八泥犁經	1	scrape_output\raw\東漢\佛說十八泥犁經\佛說十八泥犁經__juan_01.txt	scrape_output\clean\東漢\佛說十八泥犁經\佛說十八泥犁經__juan_01.txt	2845	2801	0
東漢	875028	佛說十支居士八城人經	佛說十支居士八城人經	佛說十支居士八城人經	1	scrape_output\raw\東漢\佛說十支居士八城人經\佛說十支居士八城人經__juan_01.txt	scrape_output\clean\東漢\佛說十支居士八城人經\佛說十支居士八城人經__juan_01.txt	1534	1490	0
東漢	184279	佛說四諦經	佛說四諦經	佛說四諦經	1	scrape_output\raw\東漢\佛說四諦經\佛說四諦經__juan_01.txt	scrape_output\clean\東漢\佛說四諦經\佛說四諦經__juan_01.txt	4256	4202	0
東漢	875375	佛說堅意經	佛說堅意經	佛說堅意經	1	scrape_output\raw\東漢\佛說堅意經\佛說堅意經__juan_01.txt	scrape_output\clean\東漢\佛說堅意經\佛說堅意經__juan_01.txt	887	843	0
東漢	876206	佛說大乘方等要慧經	佛說大乘方等要慧經	佛說大乘方等要慧經	1	scrape_output\raw\東漢\佛說大乘方等要慧經\佛說大乘方等要慧經__juan_01.txt	scrape_output\clean\東漢\佛說大乘方等要慧經\佛說大乘方等要慧經__juan_01.txt	458	414	0
東漢	875138	佛說太子慕魄經	佛說太子慕魄經	佛說太子慕魄經	1	scrape_output\raw\東漢\佛說太子慕魄經\佛說太子慕魄經__juan_01.txt	scrape_output\clean\東漢\佛說太子慕魄經\佛說太子慕魄經__juan_01.txt	3016	2972	0
東漢	875027	佛說婆羅門子命終愛念不離經	佛說婆羅門子命終愛念不離經	佛說婆羅門子命終愛念不離經	1	scrape_output\raw\東漢\佛說婆羅門子命終愛念不離經\佛說婆羅門子命終愛念不離經__juan_01.txt	scrape_output\clean\東漢\佛說婆羅門子命終愛念不離經\佛說婆羅門子命終愛念不離經__juan_01.txt	2103	2057	0
東漢	181258	佛說婆羅門避死經	佛說婆羅門避死經	佛說婆羅門避死經	1	scrape_output\raw\東漢\佛說婆羅門避死經\佛說婆羅門避死經__juan_01.txt	scrape_output\clean\東漢\佛說婆羅門避死經\佛說婆羅門避死經__juan_01.txt	514	470	0
東漢	876213	佛說寶積三昧文殊師利菩薩問法身經	佛說寶積三昧文殊師利菩薩問法身經	佛說寶積三昧文殊師利菩薩問法身經	1	scrape_output\raw\東漢\佛說寶積三昧文殊師利菩薩問法身經\佛說寶積三昧文殊師利菩薩問法身經__juan_01.txt	scrape_output\clean\東漢\佛說寶積三昧文殊師利菩薩問法身經\佛說寶積三昧文殊師利菩薩問法身經__juan_01.txt	3790	3746	0
東漢	184243	佛說尸迦羅越六方禮經	佛說尸迦羅越六方禮經	佛說尸迦羅越六方禮經	1	scrape_output\raw\東漢\佛說尸迦羅越六方禮經\佛說尸迦羅越六方禮經__juan_01.txt	scrape_output\clean\東漢\佛說尸迦羅越六方禮經\佛說尸迦羅越六方禮經__juan_01.txt	2441	2397	0
東漢	877254	佛說成具光明定意經	佛說成具光明定意經	佛說成具光明定意經	1	scrape_output\raw\東漢\佛說成具光明定意經\佛說成具光明定意經__juan_01.txt	scrape_output\clean\東漢\佛說成具光明定意經\佛說成具光明定意經__juan_01.txt	12368	12315	0
東漢	174549	佛說摩鄧女經	佛說摩鄧女經	佛說摩鄧女經	1	scrape_output\raw\東漢\佛說摩鄧女經\佛說摩鄧女經__juan_01.txt	scrape_output\clean\東漢\佛說摩鄧女經\佛說摩鄧女經__juan_01.txt	1502	1458	0
東漢	184294	佛說是法非法經	佛說是法非法經	佛說是法非法經	1	scrape_output\raw\東漢\佛說是法非法經\佛說是法非法經__juan_01.txt	scrape_output\clean\東漢\佛說是法非法經\佛說是法非法經__juan_01.txt	1766	1718	0
東漢	875031	佛說普法義經	佛說普法義經	佛說普法義經	1	scrape_output\raw\東漢\佛說普法義經\佛說普法義經__juan_01.txt	scrape_output\clean\東漢\佛說普法義經\佛說普法義經__juan_01.txt	4358	4314	0
東漢	877666	佛說未曾有經	佛說未曾有經	佛說未曾有經	1	scrape_output\raw\東漢\佛說未曾有經\佛說未曾有經__juan_01.txt	scrape_output\clean\東漢\佛說未曾有經\佛說未曾有經__juan_01.txt	1709	1653	0
東漢	184282	佛說本相猗致經	佛說本相猗致經	佛說本相猗致經	1	scrape_output\raw\東漢\佛說本相猗致經\佛說本相猗致經__juan_01.txt	scrape_output\clean\東漢\佛說本相猗致經\佛說本相猗致經__juan_01.txt	1039	995	0
東漢	877093	佛說柰女祇域因緣經	佛說柰女祇域因緣經	佛說柰女祇域因緣經	1	scrape_output\raw\東漢\佛說柰女祇域因緣經\佛說柰女祇域因緣經__juan_01.txt	scrape_output\clean\東漢\佛說柰女祇域因緣經\佛說柰女祇域因緣經__juan_01.txt	9707	9663	0
東漢	877096	佛說柰女耆婆經	佛說柰女耆婆經	佛說柰女耆婆經	1	scrape_output\raw\東漢\佛說柰女耆婆經\佛說柰女耆婆經__juan_01.txt	scrape_output\clean\東漢\佛說柰女耆婆經\佛說柰女耆婆經__juan_01.txt	7517	7465	0
東漢	161331	佛說法受塵經	佛說法受塵經	佛說法受塵經	1	scrape_output\raw\東漢\佛說法受塵經\佛說法受塵經__juan_01.txt	scrape_output\clean\東漢\佛說法受塵經\佛說法受塵經__juan_01.txt	420	376	0
東漢	177045	佛說溫室洗浴眾僧經	佛說溫室洗浴眾僧經	佛說溫室洗浴眾僧經	1	scrape_output\raw\東漢\佛說溫室洗浴眾僧經\佛說溫室洗浴眾僧經__juan_01.txt	scrape_output\clean\東漢\佛說溫室洗浴眾僧經\佛說溫室洗浴眾僧經__juan_01.txt	1786	1737	0
東漢	184303	佛說漏分布經	佛說漏分布經	佛說漏分布經	1	scrape_output\raw\東漢\佛說漏分布經\佛說漏分布經__juan_01.txt	scrape_output\clean\東漢\佛說漏分布經\佛說漏分布經__juan_01.txt	3504	3456	0
東漢	49118	佛說無量清淨平等覺經	佛說無量清淨平等覺經/1	佛說無量清淨平等覺經	1	scrape_output\raw\東漢\佛說無量清淨平等覺經\佛說無量清淨平等覺經__juan_01.txt	scrape_output\clean\東漢\佛說無量清淨平等覺經\佛說無量清淨平等覺經__juan_01.txt	8832	8821	0
東漢	49118	佛說無量清淨平等覺經	佛說無量清淨平等覺經/2	佛說無量清淨平等覺經	2	scrape_output\raw\東漢\佛說無量清淨平等覺經\佛說無量清淨平等覺經__juan_02.txt	scrape_output\clean\東漢\佛說無量清淨平等覺經\佛說無量清淨平等覺經__juan_02.txt	9446	9443	0
東漢	49118	佛說無量清淨平等覺經	佛說無量清淨平等覺經/3	佛說無量清淨平等覺經	3	scrape_output\raw\東漢\佛說無量清淨平等覺經\佛說無量清淨平等覺經__juan_03.txt	scrape_output\clean\東漢\佛說無量清淨平等覺經\佛說無量清淨平等覺經__juan_03.txt	8439	8439	0
東漢	49118	佛說無量清淨平等覺經	佛說無量清淨平等覺經/4	佛說無量清淨平等覺經	4	scrape_output\raw\東漢\佛說無量清淨平等覺經\佛說無量清淨平等覺經__juan_04.txt	scrape_output\clean\東漢\佛說無量清淨平等覺經\佛說無量清淨平等覺經__juan_04.txt	7270	7270	0
東漢	165427	佛說父母恩難報經	佛說父母恩難報經	佛說父母恩難報經	1	scrape_output\raw\東漢\佛說父母恩難報經\佛說父母恩難報經__juan_01.txt	scrape_output\clean\東漢\佛說父母恩難報經\佛說父母恩難報經__juan_01.txt	518	472	0
東漢	875394	佛說禪行三十七品經	佛說禪行三十七品經	佛說禪行三十七品經	1	scrape_output\raw\東漢\佛說禪行三十七品經\佛說禪行三十七品經__juan_01.txt	scrape_output\clean\東漢\佛說禪行三十七品經\佛說禪行三十七品經__juan_01.txt	1250	1206	0
東漢	875408	佛說罵意經	佛說罵意經	佛說罵意經	1	scrape_output\raw\東漢\佛說罵意經\佛說罵意經__juan_01.txt	scrape_output\clean\東漢\佛說罵意經\佛說罵意經__juan_01.txt	7937	7887	0
東漢	877228	佛說自誓三昧經	佛說自誓三昧經	佛說自誓三昧經	1	scrape_output\raw\東漢\佛說自誓三昧經\佛說自誓三昧經__juan_01.txt	scrape_output\clean\東漢\佛說自誓三昧經\佛說自誓三昧經__juan_01.txt	4129	4073	0
東漢	184299	佛說苦陰經	佛說苦陰經	佛說苦陰經	1	scrape_output\raw\東漢\佛說苦陰經\佛說苦陰經__juan_01.txt	scrape_output\clean\東漢\佛說苦陰經\佛說苦陰經__juan_01.txt	2768	2724	0
東漢	878333	佛說菩薩內習六波羅蜜經	佛說菩薩內習六波羅蜜經	佛說菩薩內習六波羅蜜經	1	scrape_output\raw\東漢\佛說菩薩內習六波羅蜜經\佛說菩薩內習六波羅蜜經__juan_01.txt	scrape_output\clean\東漢\佛說菩薩內習六波羅蜜經\佛說菩薩內習六波羅蜜經__juan_01.txt	1532	1488	0
東漢	175615	佛說處處經	佛說處處經	佛說處處經	1	scrape_output\raw\東漢\佛說處處經\佛說處處經__juan_01.txt	scrape_output\clean\東漢\佛說處處經\佛說處處經__juan_01.txt	7819	7771	0
東漢	178956	佛說轉法輪經	佛說轉法輪經	佛說轉法輪經	1	scrape_output\raw\東漢\佛說轉法輪經\佛說轉法輪經__juan_01.txt	scrape_output\clean\東漢\佛說轉法輪經\佛說轉法輪經__juan_01.txt	1025	981	0
東漢	877053	佛說長者子懊惱三處經	佛說長者子懊惱三處經	佛說長者子懊惱三處經	1	scrape_output\raw\東漢\佛說長者子懊惱三處經\佛說長者子懊惱三處經__juan_01.txt	scrape_output\clean\東漢\佛說長者子懊惱三處經\佛說長者子懊惱三處經__juan_01.txt	1218	1174	0
東漢	195248	佛說阿含正行經	佛說阿含正行經	佛說阿含正行經	1	scrape_output\raw\東漢\佛說阿含正行經\佛說阿含正行經__juan_01.txt	scrape_output\clean\東漢\佛說阿含正行經\佛說阿含正行經__juan_01.txt	1936	1892	0
東漢	184292	佛說阿那律八念經	佛說阿那律八念經	佛說阿那律八念經	1	scrape_output\raw\東漢\佛說阿那律八念經\佛說阿那律八念經__juan_01.txt	scrape_output\clean\東漢\佛說阿那律八念經\佛說阿那律八念經__juan_01.txt	2030	1986	0
東漢	877236	佛說阿闍世王經	佛說阿闍世王經/卷01	佛說阿闍世王經	1	scrape_output\raw\東漢\佛說阿闍世王經\佛說阿闍世王經__juan_01.txt	scrape_output\clean\東漢\佛說阿闍世王經\佛說阿闍世王經__juan_01.txt	14267	14258	0
東漢	877236	佛說阿闍世王經	佛說阿闍世王經/卷02	佛說阿闍世王經	2	scrape_output\raw\東漢\佛說阿闍世王經\佛說阿闍世王經__juan_02.txt	scrape_output\clean\東漢\佛說阿闍世王經\佛說阿闍世王經__juan_02.txt	16234	16220	0
東漢	195251	佛說阿難同學經	佛說阿難同學經	佛說阿難同學經	1	scrape_output\raw\東漢\佛說阿難同學經\佛說阿難同學經__juan_01.txt	scrape_output\clean\東漢\佛說阿難同學經\佛說阿難同學經__juan_01.txt	1801	1753	0
東漢	877035	佛說阿難問事佛吉凶經	佛說阿難問事佛吉凶經	佛說阿難問事佛吉凶經	1	scrape_output\raw\東漢\佛說阿難問事佛吉凶經\佛說阿難問事佛吉凶經__juan_01.txt	scrape_output\clean\東漢\佛說阿難問事佛吉凶經\佛說阿難問事佛吉凶經__juan_01.txt	2631	2581	0
東漢	178960	佛說馬有三相經	佛說馬有三相經	佛說馬有三相經	1	scrape_output\raw\東漢\佛說馬有三相經\佛說馬有三相經__juan_01.txt	scrape_output\clean\東漢\佛說馬有三相經\佛說馬有三相經__juan_01.txt	473	425	0
東漢	178961	佛說馬有八態譬人經	佛說馬有八態譬人經	佛說馬有八態譬人經	1	scrape_output\raw\東漢\佛說馬有八態譬人經\佛說馬有八態譬人經__juan_01.txt	scrape_output\clean\東漢\佛說馬有八態譬人經\佛說馬有八態譬人經__juan_01.txt	610	562	0
東漢	165464	佛說鬼問目連經	佛說鬼問目連經	佛說鬼問目連經	1	scrape_output\raw\東漢\佛說鬼問目連經\佛說鬼問目連經__juan_01.txt	scrape_output\clean\東漢\佛說鬼問目連經\佛說鬼問目連經__juan_01.txt	1578	1534	0
東漢	184312	佛說魔嬈亂經	佛說魔嬈亂經	佛說魔嬈亂經	1	scrape_output\raw\東漢\佛說魔嬈亂經\佛說魔嬈亂經__juan_01.txt	scrape_output\clean\東漢\佛說魔嬈亂經\佛說魔嬈亂經__juan_01.txt	4427	4367	0
東漢	164683	佛说八正道经	佛说八正道经	佛说八正道经	1	scrape_output\raw\東漢\佛说八正道经\佛说八正道经__juan_01.txt	scrape_output\clean\東漢\佛说八正道经\佛说八正道经__juan_01.txt	898	854	0
東漢	35971	俞兒舞歌 (王粲)	俞兒舞歌 (王粲)	俞兒舞歌 (王粲)	1	scrape_output\raw\東漢\俞兒舞歌 (王粲)\俞兒舞歌 (王粲)__juan_01.txt	scrape_output\clean\東漢\俞兒舞歌 (王粲)\俞兒舞歌 (王粲)__juan_01.txt	318	274	0
東漢	874987	修行本起經	修行本起經	修行本起經	1	scrape_output\raw\東漢\修行本起經\修行本起經__juan_01.txt	scrape_output\clean\東漢\修行本起經\修行本起經__juan_01.txt	18527	18428	0
東漢	21170	傷寒雜病論	傷寒雜病論	傷寒雜病論	1	scrape_output\raw\東漢\傷寒雜病論\傷寒雜病論__juan_01.txt	scrape_output\clean\東漢\傷寒雜病論\傷寒雜病論__juan_01.txt	227	116	0
東漢	65906	全後漢文	全後漢文/卷一	全後漢文	1	scrape_output\raw\東漢\全後漢文\全後漢文__juan_01.txt	scrape_output\clean\東漢\全後漢文\全後漢文__juan_01.txt	7232	6856	0
東漢	65906	全後漢文	全後漢文/卷一百	全後漢文	2	scrape_output\raw\東漢\全後漢文\全後漢文__juan_02.txt	scrape_output\clean\東漢\全後漢文\全後漢文__juan_02.txt	8952	8474	0
東漢	65906	全後漢文	全後漢文/卷一百一	全後漢文	3	scrape_output\raw\東漢\全後漢文\全後漢文__juan_03.txt	scrape_output\clean\東漢\全後漢文\全後漢文__juan_03.txt	8160	7867	0
東漢	65906	全後漢文	全後漢文/卷一百三	全後漢文	4	scrape_output\raw\東漢\全後漢文\全後漢文__juan_04.txt	scrape_output\clean\東漢\全後漢文\全後漢文__juan_04.txt	9692	9166	0
東漢	65906	全後漢文	全後漢文/卷一百二	全後漢文	5	scrape_output\raw\東漢\全後漢文\全後漢文__juan_05.txt	scrape_output\clean\東漢\全後漢文\全後漢文__juan_05.txt	7614	7341	0
東漢	65906	全後漢文	全後漢文/卷一百五	全後漢文	6	scrape_output\raw\東漢\全後漢文\全後漢文__juan_06.txt	scrape_output\clean\東漢\全後漢文\全後漢文__juan_06.txt	7472	7162	0
東漢	65906	全後漢文	全後漢文/卷一百六	全後漢文	7	scrape_output\raw\東漢\全後漢文\全後漢文__juan_07.txt	scrape_output\clean\東漢\全後漢文\全後漢文__juan_07.txt	11492	11055	0
東漢	65906	全後漢文	全後漢文/卷一百四	全後漢文	8	scrape_output\raw\東漢\全後漢文\全後漢文__juan_08.txt	scrape_output\clean\東漢\全後漢文\全後漢文__juan_08.txt	7783	7449	0
東漢	65906	全後漢文	全後漢文/卷二	全後漢文	9	scrape_output\raw\東漢\全後漢文\全後漢文__juan_09.txt	scrape_output\clean\東漢\全後漢文\全後漢文__juan_09.txt	6237	5924	0
東漢	65906	全後漢文	全後漢文/卷三	全後漢文	10	scrape_output\raw\東漢\全後漢文\全後漢文__juan_10.txt	scrape_output\clean\東漢\全後漢文\全後漢文__juan_10.txt	7289	6969	0
東漢	65906	全後漢文	全後漢文/卷四	全後漢文	11	scrape_output\raw\東漢\全後漢文\全後漢文__juan_11.txt	scrape_output\clean\東漢\全後漢文\全後漢文__juan_11.txt	5863	5611	0
東漢	65906	全後漢文	全後漢文/卷五	全後漢文	12	scrape_output\raw\東漢\全後漢文\全後漢文__juan_12.txt	scrape_output\clean\東漢\全後漢文\全後漢文__juan_12.txt	5961	5748	0
東漢	65906	全後漢文	全後漢文/卷六	全後漢文	13	scrape_output\raw\東漢\全後漢文\全後漢文__juan_13.txt	scrape_output\clean\東漢\全後漢文\全後漢文__juan_13.txt	9675	9219	0
東漢	65906	全後漢文	全後漢文/卷七	全後漢文	14	scrape_output\raw\東漢\全後漢文\全後漢文__juan_14.txt	scrape_output\clean\東漢\全後漢文\全後漢文__juan_14.txt	7603	7247	0
東漢	65906	全後漢文	全後漢文/卷八	全後漢文	15	scrape_output\raw\東漢\全後漢文\全後漢文__juan_15.txt	scrape_output\clean\東漢\全後漢文\全後漢文__juan_15.txt	5649	5454	0
東漢	65906	全後漢文	全後漢文/卷九	全後漢文	16	scrape_output\raw\東漢\全後漢文\全後漢文__juan_16.txt	scrape_output\clean\東漢\全後漢文\全後漢文__juan_16.txt	9726	9462	0
東漢	65906	全後漢文	全後漢文/卷十	全後漢文	17	scrape_output\raw\東漢\全後漢文\全後漢文__juan_17.txt	scrape_output\clean\東漢\全後漢文\全後漢文__juan_17.txt	4958	4831	0
東漢	65906	全後漢文	全後漢文/卷十一	全後漢文	18	scrape_output\raw\東漢\全後漢文\全後漢文__juan_18.txt	scrape_output\clean\東漢\全後漢文\全後漢文__juan_18.txt	5252	5109	0
東漢	65906	全後漢文	全後漢文/卷十二	全後漢文	19	scrape_output\raw\東漢\全後漢文\全後漢文__juan_19.txt	scrape_output\clean\東漢\全後漢文\全後漢文__juan_19.txt	6925	6750	0
東漢	65906	全後漢文	全後漢文/卷十三	全後漢文	20	scrape_output\raw\東漢\全後漢文\全後漢文__juan_20.txt	scrape_output\clean\東漢\全後漢文\全後漢文__juan_20.txt	7696	7444	0
東漢	65906	全後漢文	全後漢文/卷十四	全後漢文	21	scrape_output\raw\東漢\全後漢文\全後漢文__juan_21.txt	scrape_output\clean\東漢\全後漢文\全後漢文__juan_21.txt	8895	8626	0
東漢	65906	全後漢文	全後漢文/卷十五	全後漢文	22	scrape_output\raw\東漢\全後漢文\全後漢文__juan_22.txt	scrape_output\clean\東漢\全後漢文\全後漢文__juan_22.txt	10602	10278	0
東漢	65906	全後漢文	全後漢文/卷十六	全後漢文	23	scrape_output\raw\東漢\全後漢文\全後漢文__juan_23.txt	scrape_output\clean\東漢\全後漢文\全後漢文__juan_23.txt	6905	6773	0
東漢	65906	全後漢文	全後漢文/卷十七	全後漢文	24	scrape_output\raw\東漢\全後漢文\全後漢文__juan_24.txt	scrape_output\clean\東漢\全後漢文\全後漢文__juan_24.txt	8174	7955	0
東漢	65906	全後漢文	全後漢文/卷十八	全後漢文	25	scrape_output\raw\東漢\全後漢文\全後漢文__juan_25.txt	scrape_output\clean\東漢\全後漢文\全後漢文__juan_25.txt	10279	10120	0
東漢	65906	全後漢文	全後漢文/卷十九	全後漢文	26	scrape_output\raw\東漢\全後漢文\全後漢文__juan_26.txt	scrape_output\clean\東漢\全後漢文\全後漢文__juan_26.txt	8267	8128	0
東漢	65906	全後漢文	全後漢文/卷二十	全後漢文	27	scrape_output\raw\東漢\全後漢文\全後漢文__juan_27.txt	scrape_output\clean\東漢\全後漢文\全後漢文__juan_27.txt	8333	8163	0
東漢	65906	全後漢文	全後漢文/卷二十一	全後漢文	28	scrape_output\raw\東漢\全後漢文\全後漢文__juan_28.txt	scrape_output\clean\東漢\全後漢文\全後漢文__juan_28.txt	7662	7498	0
東漢	65906	全後漢文	全後漢文/卷二十二	全後漢文	29	scrape_output\raw\東漢\全後漢文\全後漢文__juan_29.txt	scrape_output\clean\東漢\全後漢文\全後漢文__juan_29.txt	7362	7168	0
東漢	65906	全後漢文	全後漢文/卷二十三	全後漢文	30	scrape_output\raw\東漢\全後漢文\全後漢文__juan_30.txt	scrape_output\clean\東漢\全後漢文\全後漢文__juan_30.txt	7752	7599	0
東漢	65906	全後漢文	全後漢文/卷二十四	全後漢文	31	scrape_output\raw\東漢\全後漢文\全後漢文__juan_31.txt	scrape_output\clean\東漢\全後漢文\全後漢文__juan_31.txt	8144	8027	0
東漢	65906	全後漢文	全後漢文/卷二十五	全後漢文	32	scrape_output\raw\東漢\全後漢文\全後漢文__juan_32.txt	scrape_output\clean\東漢\全後漢文\全後漢文__juan_32.txt	5737	5594	0
東漢	65906	全後漢文	全後漢文/卷二十六	全後漢文	33	scrape_output\raw\東漢\全後漢文\全後漢文__juan_33.txt	scrape_output\clean\東漢\全後漢文\全後漢文__juan_33.txt	8623	8472	0
東漢	65906	全後漢文	全後漢文/卷二十七	全後漢文	34	scrape_output\raw\東漢\全後漢文\全後漢文__juan_34.txt	scrape_output\clean\東漢\全後漢文\全後漢文__juan_34.txt	9552	9313	0
東漢	65906	全後漢文	全後漢文/卷二十八	全後漢文	35	scrape_output\raw\東漢\全後漢文\全後漢文__juan_35.txt	scrape_output\clean\東漢\全後漢文\全後漢文__juan_35.txt	7969	7796	0
東漢	65906	全後漢文	全後漢文/卷二十九	全後漢文	36	scrape_output\raw\東漢\全後漢文\全後漢文__juan_36.txt	scrape_output\clean\東漢\全後漢文\全後漢文__juan_36.txt	5893	5760	0
東漢	65906	全後漢文	全後漢文/卷三十	全後漢文	37	scrape_output\raw\東漢\全後漢文\全後漢文__juan_37.txt	scrape_output\clean\東漢\全後漢文\全後漢文__juan_37.txt	7305	7140	0
東漢	65906	全後漢文	全後漢文/卷三十一	全後漢文	38	scrape_output\raw\東漢\全後漢文\全後漢文__juan_38.txt	scrape_output\clean\東漢\全後漢文\全後漢文__juan_38.txt	7995	7808	0
東漢	65906	全後漢文	全後漢文/卷三十二	全後漢文	39	scrape_output\raw\東漢\全後漢文\全後漢文__juan_39.txt	scrape_output\clean\東漢\全後漢文\全後漢文__juan_39.txt	6684	6531	0
東漢	65906	全後漢文	全後漢文/卷三十三	全後漢文	40	scrape_output\raw\東漢\全後漢文\全後漢文__juan_40.txt	scrape_output\clean\東漢\全後漢文\全後漢文__juan_40.txt	9015	8843	0
東漢	65906	全後漢文	全後漢文/卷三十四	全後漢文	41	scrape_output\raw\東漢\全後漢文\全後漢文__juan_41.txt	scrape_output\clean\東漢\全後漢文\全後漢文__juan_41.txt	16316	15556	0
東漢	65906	全後漢文	全後漢文/卷三十五	全後漢文	42	scrape_output\raw\東漢\全後漢文\全後漢文__juan_42.txt	scrape_output\clean\東漢\全後漢文\全後漢文__juan_42.txt	6953	6564	0
東漢	65906	全後漢文	全後漢文/卷三十六	全後漢文	43	scrape_output\raw\東漢\全後漢文\全後漢文__juan_43.txt	scrape_output\clean\東漢\全後漢文\全後漢文__juan_43.txt	6271	5997	0
東漢	65906	全後漢文	全後漢文/卷三十七	全後漢文	44	scrape_output\raw\東漢\全後漢文\全後漢文__juan_44.txt	scrape_output\clean\東漢\全後漢文\全後漢文__juan_44.txt	8087	7688	0
東漢	65906	全後漢文	全後漢文/卷三十八	全後漢文	45	scrape_output\raw\東漢\全後漢文\全後漢文__juan_45.txt	scrape_output\clean\東漢\全後漢文\全後漢文__juan_45.txt	6792	6577	0
東漢	65906	全後漢文	全後漢文/卷三十九	全後漢文	46	scrape_output\raw\東漢\全後漢文\全後漢文__juan_46.txt	scrape_output\clean\東漢\全後漢文\全後漢文__juan_46.txt	6875	6383	0
東漢	65906	全後漢文	全後漢文/卷四十	全後漢文	47	scrape_output\raw\東漢\全後漢文\全後漢文__juan_47.txt	scrape_output\clean\東漢\全後漢文\全後漢文__juan_47.txt	6752	6248	0
東漢	65906	全後漢文	全後漢文/卷四十一	全後漢文	48	scrape_output\raw\東漢\全後漢文\全後漢文__juan_48.txt	scrape_output\clean\東漢\全後漢文\全後漢文__juan_48.txt	2886	2737	0
東漢	65906	全後漢文	全後漢文/卷四十二	全後漢文	49	scrape_output\raw\東漢\全後漢文\全後漢文__juan_49.txt	scrape_output\clean\東漢\全後漢文\全後漢文__juan_49.txt	8193	7995	0
東漢	65906	全後漢文	全後漢文/卷四十三	全後漢文	50	scrape_output\raw\東漢\全後漢文\全後漢文__juan_50.txt	scrape_output\clean\東漢\全後漢文\全後漢文__juan_50.txt	8505	8327	0
東漢	65906	全後漢文	全後漢文/卷四十四	全後漢文	51	scrape_output\raw\東漢\全後漢文\全後漢文__juan_51.txt	scrape_output\clean\東漢\全後漢文\全後漢文__juan_51.txt	7973	7744	0
東漢	65906	全後漢文	全後漢文/卷四十五	全後漢文	52	scrape_output\raw\東漢\全後漢文\全後漢文__juan_52.txt	scrape_output\clean\東漢\全後漢文\全後漢文__juan_52.txt	6784	6596	0
東漢	65906	全後漢文	全後漢文/卷四十六	全後漢文	53	scrape_output\raw\東漢\全後漢文\全後漢文__juan_53.txt	scrape_output\clean\東漢\全後漢文\全後漢文__juan_53.txt	10916	10635	0
東漢	65906	全後漢文	全後漢文/卷四十七	全後漢文	54	scrape_output\raw\東漢\全後漢文\全後漢文__juan_54.txt	scrape_output\clean\東漢\全後漢文\全後漢文__juan_54.txt	8553	8056	0
東漢	65906	全後漢文	全後漢文/卷四十八	全後漢文	55	scrape_output\raw\東漢\全後漢文\全後漢文__juan_55.txt	scrape_output\clean\東漢\全後漢文\全後漢文__juan_55.txt	8960	8785	0
東漢	65906	全後漢文	全後漢文/卷四十九	全後漢文	56	scrape_output\raw\東漢\全後漢文\全後漢文__juan_56.txt	scrape_output\clean\東漢\全後漢文\全後漢文__juan_56.txt	7627	7449	0
東漢	65906	全後漢文	全後漢文/卷五十	全後漢文	57	scrape_output\raw\東漢\全後漢文\全後漢文__juan_57.txt	scrape_output\clean\東漢\全後漢文\全後漢文__juan_57.txt	8160	7855	0
東漢	65906	全後漢文	全後漢文/卷五十一	全後漢文	58	scrape_output\raw\東漢\全後漢文\全後漢文__juan_58.txt	scrape_output\clean\東漢\全後漢文\全後漢文__juan_58.txt	8095	7925	0
東漢	65906	全後漢文	全後漢文/卷五十二	全後漢文	59	scrape_output\raw\東漢\全後漢文\全後漢文__juan_59.txt	scrape_output\clean\東漢\全後漢文\全後漢文__juan_59.txt	8681	8575	0
東漢	65906	全後漢文	全後漢文/卷五十三	全後漢文	60	scrape_output\raw\東漢\全後漢文\全後漢文__juan_60.txt	scrape_output\clean\東漢\全後漢文\全後漢文__juan_60.txt	7718	7591	0
東漢	65906	全後漢文	全後漢文/卷五十四	全後漢文	61	scrape_output\raw\東漢\全後漢文\全後漢文__juan_61.txt	scrape_output\clean\東漢\全後漢文\全後漢文__juan_61.txt	7543	7381	0
東漢	65906	全後漢文	全後漢文/卷五十五	全後漢文	62	scrape_output\raw\東漢\全後漢文\全後漢文__juan_62.txt	scrape_output\clean\東漢\全後漢文\全後漢文__juan_62.txt	6992	6844	0
東漢	65906	全後漢文	全後漢文/卷五十六	全後漢文	63	scrape_output\raw\東漢\全後漢文\全後漢文__juan_63.txt	scrape_output\clean\東漢\全後漢文\全後漢文__juan_63.txt	5363	5179	0
東漢	65906	全後漢文	全後漢文/卷五十七	全後漢文	64	scrape_output\raw\東漢\全後漢文\全後漢文__juan_64.txt	scrape_output\clean\東漢\全後漢文\全後漢文__juan_64.txt	7638	7503	0
東漢	65906	全後漢文	全後漢文/卷五十八	全後漢文	65	scrape_output\raw\東漢\全後漢文\全後漢文__juan_65.txt	scrape_output\clean\東漢\全後漢文\全後漢文__juan_65.txt	8041	7739	0
東漢	65906	全後漢文	全後漢文/卷五十九	全後漢文	66	scrape_output\raw\東漢\全後漢文\全後漢文__juan_66.txt	scrape_output\clean\東漢\全後漢文\全後漢文__juan_66.txt	5307	5174	0
東漢	65906	全後漢文	全後漢文/卷六十	全後漢文	67	scrape_output\raw\東漢\全後漢文\全後漢文__juan_67.txt	scrape_output\clean\東漢\全後漢文\全後漢文__juan_67.txt	7429	7319	0
東漢	65906	全後漢文	全後漢文/卷六十一	全後漢文	68	scrape_output\raw\東漢\全後漢文\全後漢文__juan_68.txt	scrape_output\clean\東漢\全後漢文\全後漢文__juan_68.txt	8967	8800	0
東漢	65906	全後漢文	全後漢文/卷六十二	全後漢文	69	scrape_output\raw\東漢\全後漢文\全後漢文__juan_69.txt	scrape_output\clean\東漢\全後漢文\全後漢文__juan_69.txt	6685	6537	0
東漢	65906	全後漢文	全後漢文/卷六十三	全後漢文	70	scrape_output\raw\東漢\全後漢文\全後漢文__juan_70.txt	scrape_output\clean\東漢\全後漢文\全後漢文__juan_70.txt	5870	5694	0
東漢	65906	全後漢文	全後漢文/卷六十四	全後漢文	71	scrape_output\raw\東漢\全後漢文\全後漢文__juan_71.txt	scrape_output\clean\東漢\全後漢文\全後漢文__juan_71.txt	8066	7853	0
東漢	65906	全後漢文	全後漢文/卷六十五	全後漢文	72	scrape_output\raw\東漢\全後漢文\全後漢文__juan_72.txt	scrape_output\clean\東漢\全後漢文\全後漢文__juan_72.txt	6339	6174	0
東漢	65906	全後漢文	全後漢文/卷六十六	全後漢文	73	scrape_output\raw\東漢\全後漢文\全後漢文__juan_73.txt	scrape_output\clean\東漢\全後漢文\全後漢文__juan_73.txt	7432	7285	0
東漢	65906	全後漢文	全後漢文/卷六十七	全後漢文	74	scrape_output\raw\東漢\全後漢文\全後漢文__juan_74.txt	scrape_output\clean\東漢\全後漢文\全後漢文__juan_74.txt	9419	9274	0
東漢	65906	全後漢文	全後漢文/卷六十八	全後漢文	75	scrape_output\raw\東漢\全後漢文\全後漢文__juan_75.txt	scrape_output\clean\東漢\全後漢文\全後漢文__juan_75.txt	8264	8081	0
東漢	65906	全後漢文	全後漢文/卷六十九	全後漢文	76	scrape_output\raw\東漢\全後漢文\全後漢文__juan_76.txt	scrape_output\clean\東漢\全後漢文\全後漢文__juan_76.txt	5065	4916	0
東漢	65906	全後漢文	全後漢文/卷七十	全後漢文	77	scrape_output\raw\東漢\全後漢文\全後漢文__juan_77.txt	scrape_output\clean\東漢\全後漢文\全後漢文__juan_77.txt	7664	7507	0
東漢	65906	全後漢文	全後漢文/卷七十一	全後漢文	78	scrape_output\raw\東漢\全後漢文\全後漢文__juan_78.txt	scrape_output\clean\東漢\全後漢文\全後漢文__juan_78.txt	7290	7170	0
東漢	65906	全後漢文	全後漢文/卷七十二	全後漢文	79	scrape_output\raw\東漢\全後漢文\全後漢文__juan_79.txt	scrape_output\clean\東漢\全後漢文\全後漢文__juan_79.txt	5213	5097	0
東漢	65906	全後漢文	全後漢文/卷七十三	全後漢文	80	scrape_output\raw\東漢\全後漢文\全後漢文__juan_80.txt	scrape_output\clean\東漢\全後漢文\全後漢文__juan_80.txt	5808	5682	0
東漢	65906	全後漢文	全後漢文/卷七十四	全後漢文	81	scrape_output\raw\東漢\全後漢文\全後漢文__juan_81.txt	scrape_output\clean\東漢\全後漢文\全後漢文__juan_81.txt	6659	6498	0
東漢	65906	全後漢文	全後漢文/卷七十五	全後漢文	82	scrape_output\raw\東漢\全後漢文\全後漢文__juan_82.txt	scrape_output\clean\東漢\全後漢文\全後漢文__juan_82.txt	6903	6769	0
東漢	65906	全後漢文	全後漢文/卷七十六	全後漢文	83	scrape_output\raw\東漢\全後漢文\全後漢文__juan_83.txt	scrape_output\clean\東漢\全後漢文\全後漢文__juan_83.txt	6183	6064	0
東漢	65906	全後漢文	全後漢文/卷七十七	全後漢文	84	scrape_output\raw\東漢\全後漢文\全後漢文__juan_84.txt	scrape_output\clean\東漢\全後漢文\全後漢文__juan_84.txt	6279	5965	0
東漢	65906	全後漢文	全後漢文/卷七十八	全後漢文	85	scrape_output\raw\東漢\全後漢文\全後漢文__juan_85.txt	scrape_output\clean\東漢\全後漢文\全後漢文__juan_85.txt	5602	5483	0
東漢	65906	全後漢文	全後漢文/卷七十九	全後漢文	86	scrape_output\raw\東漢\全後漢文\全後漢文__juan_86.txt	scrape_output\clean\東漢\全後漢文\全後漢文__juan_86.txt	5576	5435	0
東漢	65906	全後漢文	全後漢文/卷八十	全後漢文	87	scrape_output\raw\東漢\全後漢文\全後漢文__juan_87.txt	scrape_output\clean\東漢\全後漢文\全後漢文__juan_87.txt	6835	6687	0
東漢	65906	全後漢文	全後漢文/卷八十一	全後漢文	88	scrape_output\raw\東漢\全後漢文\全後漢文__juan_88.txt	scrape_output\clean\東漢\全後漢文\全後漢文__juan_88.txt	9541	9335	0
東漢	65906	全後漢文	全後漢文/卷八十二	全後漢文	89	scrape_output\raw\東漢\全後漢文\全後漢文__juan_89.txt	scrape_output\clean\東漢\全後漢文\全後漢文__juan_89.txt	8965	8790	0
東漢	65906	全後漢文	全後漢文/卷八十三	全後漢文	90	scrape_output\raw\東漢\全後漢文\全後漢文__juan_90.txt	scrape_output\clean\東漢\全後漢文\全後漢文__juan_90.txt	8354	8165	0
東漢	65906	全後漢文	全後漢文/卷八十四	全後漢文	91	scrape_output\raw\東漢\全後漢文\全後漢文__juan_91.txt	scrape_output\clean\東漢\全後漢文\全後漢文__juan_91.txt	9690	9452	0
東漢	65906	全後漢文	全後漢文/卷八十五	全後漢文	92	scrape_output\raw\東漢\全後漢文\全後漢文__juan_92.txt	scrape_output\clean\東漢\全後漢文\全後漢文__juan_92.txt	7373	7217	0
東漢	65906	全後漢文	全後漢文/卷八十六	全後漢文	93	scrape_output\raw\東漢\全後漢文\全後漢文__juan_93.txt	scrape_output\clean\東漢\全後漢文\全後漢文__juan_93.txt	4825	4690	0
東漢	65906	全後漢文	全後漢文/卷八十七	全後漢文	94	scrape_output\raw\東漢\全後漢文\全後漢文__juan_94.txt	scrape_output\clean\東漢\全後漢文\全後漢文__juan_94.txt	7677	7550	0
東漢	65906	全後漢文	全後漢文/卷八十八	全後漢文	95	scrape_output\raw\東漢\全後漢文\全後漢文__juan_95.txt	scrape_output\clean\東漢\全後漢文\全後漢文__juan_95.txt	6075	5959	0
東漢	65906	全後漢文	全後漢文/卷八十九	全後漢文	96	scrape_output\raw\東漢\全後漢文\全後漢文__juan_96.txt	scrape_output\clean\東漢\全後漢文\全後漢文__juan_96.txt	9421	9133	0
東漢	65906	全後漢文	全後漢文/卷九十	全後漢文	97	scrape_output\raw\東漢\全後漢文\全後漢文__juan_97.txt	scrape_output\clean\東漢\全後漢文\全後漢文__juan_97.txt	6903	6742	0
東漢	65906	全後漢文	全後漢文/卷九十一	全後漢文	98	scrape_output\raw\東漢\全後漢文\全後漢文__juan_98.txt	scrape_output\clean\東漢\全後漢文\全後漢文__juan_98.txt	4836	4679	0
東漢	65906	全後漢文	全後漢文/卷九十二	全後漢文	99	scrape_output\raw\東漢\全後漢文\全後漢文__juan_99.txt	scrape_output\clean\東漢\全後漢文\全後漢文__juan_99.txt	8469	8323	0
東漢	65906	全後漢文	全後漢文/卷九十三	全後漢文	100	scrape_output\raw\東漢\全後漢文\全後漢文__juan_100.txt	scrape_output\clean\東漢\全後漢文\全後漢文__juan_100.txt	7446	7233	0
東漢	65906	全後漢文	全後漢文/卷九十四	全後漢文	101	scrape_output\raw\東漢\全後漢文\全後漢文__juan_101.txt	scrape_output\clean\東漢\全後漢文\全後漢文__juan_101.txt	7287	7097	0
東漢	65906	全後漢文	全後漢文/卷九十五	全後漢文	102	scrape_output\raw\東漢\全後漢文\全後漢文__juan_102.txt	scrape_output\clean\東漢\全後漢文\全後漢文__juan_102.txt	2574	2465	0
東漢	65906	全後漢文	全後漢文/卷九十六	全後漢文	103	scrape_output\raw\東漢\全後漢文\全後漢文__juan_103.txt	scrape_output\clean\東漢\全後漢文\全後漢文__juan_103.txt	7248	7088	0
東漢	65906	全後漢文	全後漢文/卷九十七	全後漢文	104	scrape_output\raw\東漢\全後漢文\全後漢文__juan_104.txt	scrape_output\clean\東漢\全後漢文\全後漢文__juan_104.txt	7118	6910	0
東漢	65906	全後漢文	全後漢文/卷九十八	全後漢文	105	scrape_output\raw\東漢\全後漢文\全後漢文__juan_105.txt	scrape_output\clean\東漢\全後漢文\全後漢文__juan_105.txt	8588	8088	0
東漢	65906	全後漢文	全後漢文/卷九十九	全後漢文	106	scrape_output\raw\東漢\全後漢文\全後漢文__juan_106.txt	scrape_output\clean\東漢\全後漢文\全後漢文__juan_106.txt	8910	8433	0
東漢	23675	公孫弘傳贊	公孫弘傳贊	公孫弘傳贊	1	scrape_output\raw\東漢\公孫弘傳贊\公孫弘傳贊__juan_01.txt	scrape_output\clean\東漢\公孫弘傳贊\公孫弘傳贊__juan_01.txt	531	439	0
東漢	1042490	公讌 (阮瑀)	公讌 (阮瑀)	公讌 (阮瑀)	1	scrape_output\raw\東漢\公讌 (阮瑀)\公讌 (阮瑀)__juan_01.txt	scrape_output\clean\東漢\公讌 (阮瑀)\公讌 (阮瑀)__juan_01.txt	138	94	0
東漢	1044784	六安枕銘	六安枕銘	六安枕銘	1	scrape_output\raw\東漢\六安枕銘\六安枕銘__juan_01.txt	scrape_output\clean\東漢\六安枕銘\六安枕銘__juan_01.txt	99	55	0
東漢	877034	六菩薩亦當誦持經	六菩薩亦當誦持經	六菩薩亦當誦持經	1	scrape_output\raw\東漢\六菩薩亦當誦持經\六菩薩亦當誦持經__juan_01.txt	scrape_output\clean\東漢\六菩薩亦當誦持經\六菩薩亦當誦持經__juan_01.txt	626	582	0
東漢	169673	六言詩三首	六言詩三首	六言詩三首	1	scrape_output\raw\東漢\六言詩三首\六言詩三首__juan_01.txt	scrape_output\clean\東漢\六言詩三首\六言詩三首__juan_01.txt	246	148	0
東漢	23731	典引	典引	典引	1	scrape_output\raw\東漢\典引\典引__juan_01.txt	scrape_output\clean\東漢\典引\典引__juan_01.txt	1970	1921	0
東漢	170311	冀州賦	冀州賦	冀州賦	1	scrape_output\raw\東漢\冀州賦\冀州賦__juan_01.txt	scrape_output\clean\東漢\冀州賦\冀州賦__juan_01.txt	544	476	0
東漢	165290	冢賦	冢賦	冢賦	1	scrape_output\raw\東漢\冢賦\冢賦__juan_01.txt	scrape_output\clean\東漢\冢賦\冢賦__juan_01.txt	307	307	0
東漢	114366	冬十月	冬十月	冬十月	1	scrape_output\raw\東漢\冬十月\冬十月__juan_01.txt	scrape_output\clean\東漢\冬十月\冬十月__juan_01.txt	167	117	0
東漢	1035752	函谷關賦 (李尤)	函谷關賦 (李尤)	函谷關賦 (李尤)	1	scrape_output\raw\東漢\函谷關賦 (李尤)\函谷關賦 (李尤)__juan_01.txt	scrape_output\clean\東漢\函谷關賦 (李尤)\函谷關賦 (李尤)__juan_01.txt	585	541	0
東漢	1044780	刀劍銘	刀劍銘	刀劍銘	1	scrape_output\raw\東漢\刀劍銘\刀劍銘__juan_01.txt	scrape_output\clean\東漢\刀劍銘\刀劍銘__juan_01.txt	124	80	0
東漢	1036143	列侯論	列侯論	列侯論	1	scrape_output\raw\東漢\列侯論\列侯論__juan_01.txt	scrape_output\clean\東漢\列侯論\列侯論__juan_01.txt	719	675	0
東漢	1150057	刺世嫉邪賦	刺世嫉邪賦	刺世嫉邪賦	1	scrape_output\raw\東漢\刺世嫉邪賦\刺世嫉邪賦__juan_01.txt	scrape_output\clean\東漢\刺世嫉邪賦\刺世嫉邪賦__juan_01.txt	568	524	0
東漢	1044782	刻漏銘	刻漏銘	刻漏銘	1	scrape_output\raw\東漢\刻漏銘\刻漏銘__juan_01.txt	scrape_output\clean\東漢\刻漏銘\刻漏銘__juan_01.txt	109	65	0
東漢	170312	前史略論	前史略論	前史略論	1	scrape_output\raw\東漢\前史略論\前史略論__juan_01.txt	scrape_output\clean\東漢\前史略論\前史略論__juan_01.txt	783	691	0
東漢	102292	前漢紀	前漢紀/孝元皇帝紀上卷第二十一	前漢紀	1	scrape_output\raw\東漢\前漢紀\前漢紀__juan_01.txt	scrape_output\clean\東漢\前漢紀\前漢紀__juan_01.txt	5648	5556	0
東漢	102292	前漢紀	前漢紀/孝元皇帝紀下卷第二十三	前漢紀	2	scrape_output\raw\東漢\前漢紀\前漢紀__juan_02.txt	scrape_output\clean\東漢\前漢紀\前漢紀__juan_02.txt	6042	5950	0
東漢	102292	前漢紀	前漢紀/孝元皇帝紀中卷第二十二	前漢紀	3	scrape_output\raw\東漢\前漢紀\前漢紀__juan_03.txt	scrape_output\clean\東漢\前漢紀\前漢紀__juan_03.txt	6451	6359	0
東漢	102292	前漢紀	前漢紀/孝哀皇帝紀上卷第二十八	前漢紀	4	scrape_output\raw\東漢\前漢紀\前漢紀__juan_04.txt	scrape_output\clean\東漢\前漢紀\前漢紀__juan_04.txt	5926	5834	0
東漢	102292	前漢紀	前漢紀/孝哀皇帝紀下卷第二十九	前漢紀	5	scrape_output\raw\東漢\前漢紀\前漢紀__juan_05.txt	scrape_output\clean\東漢\前漢紀\前漢紀__juan_05.txt	7385	7292	0
東漢	102292	前漢紀	前漢紀/孝宣皇帝紀一卷第十七	前漢紀	6	scrape_output\raw\東漢\前漢紀\前漢紀__juan_06.txt	scrape_output\clean\東漢\前漢紀\前漢紀__juan_06.txt	6593	6501	0
東漢	102292	前漢紀	前漢紀/孝宣皇帝紀三卷第十九	前漢紀	7	scrape_output\raw\東漢\前漢紀\前漢紀__juan_07.txt	scrape_output\clean\東漢\前漢紀\前漢紀__juan_07.txt	7328	7236	0
東漢	102292	前漢紀	前漢紀/孝宣皇帝紀二卷第十八	前漢紀	8	scrape_output\raw\東漢\前漢紀\前漢紀__juan_08.txt	scrape_output\clean\東漢\前漢紀\前漢紀__juan_08.txt	5948	5856	0
東漢	102292	前漢紀	前漢紀/孝宣皇帝紀四卷第二十	前漢紀	9	scrape_output\raw\東漢\前漢紀\前漢紀__juan_09.txt	scrape_output\clean\東漢\前漢紀\前漢紀__juan_09.txt	7462	7367	0
東漢	102292	前漢紀	前漢紀/孝平皇帝紀卷第三十	前漢紀	10	scrape_output\raw\東漢\前漢紀\前漢紀__juan_10.txt	scrape_output\clean\東漢\前漢紀\前漢紀__juan_10.txt	13898	13804	0
東漢	102292	前漢紀	前漢紀/孝惠皇帝紀第五	前漢紀	11	scrape_output\raw\東漢\前漢紀\前漢紀__juan_11.txt	scrape_output\clean\東漢\前漢紀\前漢紀__juan_11.txt	7802	7710	0
東漢	102292	前漢紀	前漢紀/孝成皇帝紀一卷第二十四	前漢紀	12	scrape_output\raw\東漢\前漢紀\前漢紀__juan_12.txt	scrape_output\clean\東漢\前漢紀\前漢紀__juan_12.txt	7698	7606	0
東漢	102292	前漢紀	前漢紀/孝成皇帝紀三卷第二十六	前漢紀	13	scrape_output\raw\東漢\前漢紀\前漢紀__juan_13.txt	scrape_output\clean\東漢\前漢紀\前漢紀__juan_13.txt	6269	6177	0
東漢	102292	前漢紀	前漢紀/孝成皇帝紀二卷第二十五	前漢紀	14	scrape_output\raw\東漢\前漢紀\前漢紀__juan_14.txt	scrape_output\clean\東漢\前漢紀\前漢紀__juan_14.txt	7806	7714	0
東漢	102292	前漢紀	前漢紀/孝成皇帝紀四卷第二十七	前漢紀	15	scrape_output\raw\東漢\前漢紀\前漢紀__juan_15.txt	scrape_output\clean\東漢\前漢紀\前漢紀__juan_15.txt	6429	6336	0
東漢	102292	前漢紀	前漢紀/孝文皇帝紀上卷第七	前漢紀	16	scrape_output\raw\東漢\前漢紀\前漢紀__juan_16.txt	scrape_output\clean\東漢\前漢紀\前漢紀__juan_16.txt	8108	8016	0
東漢	102292	前漢紀	前漢紀/孝文皇帝紀下卷第八	前漢紀	17	scrape_output\raw\東漢\前漢紀\前漢紀__juan_17.txt	scrape_output\clean\東漢\前漢紀\前漢紀__juan_17.txt	8768	8676	0
東漢	102292	前漢紀	前漢紀/孝昭皇帝紀卷第十六	前漢紀	18	scrape_output\raw\東漢\前漢紀\前漢紀__juan_18.txt	scrape_output\clean\東漢\前漢紀\前漢紀__juan_18.txt	7537	7445	0
東漢	102292	前漢紀	前漢紀/孝景皇帝紀卷第九	前漢紀	19	scrape_output\raw\東漢\前漢紀\前漢紀__juan_19.txt	scrape_output\clean\東漢\前漢紀\前漢紀__juan_19.txt	9401	9309	0
東漢	102292	前漢紀	前漢紀/孝武皇帝紀一卷第十	前漢紀	20	scrape_output\raw\東漢\前漢紀\前漢紀__juan_20.txt	scrape_output\clean\東漢\前漢紀\前漢紀__juan_20.txt	6878	6786	0
東漢	102292	前漢紀	前漢紀/孝武皇帝紀三卷第十二	前漢紀	21	scrape_output\raw\東漢\前漢紀\前漢紀__juan_21.txt	scrape_output\clean\東漢\前漢紀\前漢紀__juan_21.txt	7187	7095	0
東漢	102292	前漢紀	前漢紀/孝武皇帝紀二卷第十一	前漢紀	22	scrape_output\raw\東漢\前漢紀\前漢紀__juan_22.txt	scrape_output\clean\東漢\前漢紀\前漢紀__juan_22.txt	9194	9102	0
東漢	102292	前漢紀	前漢紀/孝武皇帝紀五卷第十四	前漢紀	23	scrape_output\raw\東漢\前漢紀\前漢紀__juan_23.txt	scrape_output\clean\東漢\前漢紀\前漢紀__juan_23.txt	8806	8714	0
東漢	102292	前漢紀	前漢紀/孝武皇帝紀六卷第十五	前漢紀	24	scrape_output\raw\東漢\前漢紀\前漢紀__juan_24.txt	scrape_output\clean\東漢\前漢紀\前漢紀__juan_24.txt	6537	6445	0
東漢	102292	前漢紀	前漢紀/孝武皇帝紀四卷第十三	前漢紀	25	scrape_output\raw\東漢\前漢紀\前漢紀__juan_25.txt	scrape_output\clean\東漢\前漢紀\前漢紀__juan_25.txt	7272	7180	0
東漢	102292	前漢紀	前漢紀/高后紀卷第六	前漢紀	26	scrape_output\raw\東漢\前漢紀\前漢紀__juan_26.txt	scrape_output\clean\東漢\前漢紀\前漢紀__juan_26.txt	5074	4982	0
東漢	102292	前漢紀	前漢紀/高祖皇帝紀第一	前漢紀	27	scrape_output\raw\東漢\前漢紀\前漢紀__juan_27.txt	scrape_output\clean\東漢\前漢紀\前漢紀__juan_27.txt	6019	5927	0
東漢	102292	前漢紀	前漢紀/高祖皇帝紀第三	前漢紀	28	scrape_output\raw\東漢\前漢紀\前漢紀__juan_28.txt	scrape_output\clean\東漢\前漢紀\前漢紀__juan_28.txt	7198	7106	0
東漢	102292	前漢紀	前漢紀/高祖皇帝紀第二	前漢紀	29	scrape_output\raw\東漢\前漢紀\前漢紀__juan_29.txt	scrape_output\clean\東漢\前漢紀\前漢紀__juan_29.txt	8265	8173	0
東漢	102292	前漢紀	前漢紀/高祖皇帝紀第四	前漢紀	30	scrape_output\raw\東漢\前漢紀\前漢紀__juan_30.txt	scrape_output\clean\東漢\前漢紀\前漢紀__juan_30.txt	5923	5831	0
東漢	891785	功德論	功德論	功德論	1	scrape_output\raw\東漢\功德論\功德論__juan_01.txt	scrape_output\clean\東漢\功德論\功德論__juan_01.txt	92	48	0
東漢	166101	勸學篇(蔡邕)	勸學篇(蔡邕)	勸學篇(蔡邕)	1	scrape_output\raw\東漢\勸學篇(蔡邕)\勸學篇(蔡邕)__juan_01.txt	scrape_output\clean\東漢\勸學篇(蔡邕)\勸學篇(蔡邕)__juan_01.txt	539	521	0
東漢	891777	匈奴和親議	匈奴和親議	匈奴和親議	1	scrape_output\raw\東漢\匈奴和親議\匈奴和親議__juan_01.txt	scrape_output\clean\東漢\匈奴和親議\匈奴和親議__juan_01.txt	459	415	0
東漢	1044796	北巡頌	北巡頌	北巡頌	1	scrape_output\raw\東漢\北巡頌\北巡頌__juan_01.txt	scrape_output\clean\東漢\北巡頌\北巡頌__juan_01.txt	211	162	0
東漢	1044800	北征頌	北征頌	北征頌	1	scrape_output\raw\東漢\北征頌\北征頌__juan_01.txt	scrape_output\clean\東漢\北征頌\北征頌__juan_01.txt	111	67	0
東漢	182199	十五從軍征	十五從軍征	十五從軍征	1	scrape_output\raw\東漢\十五從軍征\十五從軍征__juan_01.txt	scrape_output\clean\東漢\十五從軍征\十五從軍征__juan_01.txt	189	145	0
東漢	891812	十八侯銘	十八侯銘	十八侯銘	1	scrape_output\raw\東漢\十八侯銘\十八侯銘__juan_01.txt	scrape_output\clean\東漢\十八侯銘\十八侯銘__juan_01.txt	979	935	0
東漢	167590	十支居士八城人經	十支居士八城人經	十支居士八城人經	1	scrape_output\raw\東漢\十支居士八城人經\十支居士八城人經__juan_01.txt	scrape_output\clean\東漢\十支居士八城人經\十支居士八城人經__juan_01.txt	1495	1451	0
東漢	1044792	南巡頌	南巡頌	南巡頌	1	scrape_output\raw\東漢\南巡頌\南巡頌__juan_01.txt	scrape_output\clean\東漢\南巡頌\南巡頌__juan_01.txt	172	128	0
東漢	891815	南廵頌	南廵頌	南廵頌	1	scrape_output\raw\東漢\南廵頌\南廵頌__juan_01.txt	scrape_output\clean\東漢\南廵頌\南廵頌__juan_01.txt	142	98	0
東漢	165338	南陽文學儒林書贊	南陽文學儒林書贊	南陽文學儒林書贊	1	scrape_output\raw\東漢\南陽文學儒林書贊\南陽文學儒林書贊__juan_01.txt	scrape_output\clean\東漢\南陽文學儒林書贊\南陽文學儒林書贊__juan_01.txt	44	44	0
東漢	1044728	博徒論	博徒論	博徒論	1	scrape_output\raw\東漢\博徒論\博徒論__juan_01.txt	scrape_output\clean\東漢\博徒論\博徒論__juan_01.txt	254	208	0
東漢	114376	卻東西門行	卻東西門行	卻東西門行	1	scrape_output\raw\東漢\卻東西門行\卻東西門行__juan_01.txt	scrape_output\clean\東漢\卻東西門行\卻東西門行__juan_01.txt	217	173	0
東漢	1042395	原涉論	原涉論	原涉論	1	scrape_output\raw\東漢\原涉論\原涉論__juan_01.txt	scrape_output\clean\東漢\原涉論\原涉論__juan_01.txt	723	679	0
東漢	36007	又遣張紘書	又遣張紘書	又遣張紘書	1	scrape_output\raw\東漢\又遣張紘書\又遣張紘書__juan_01.txt	scrape_output\clean\東漢\又遣張紘書\又遣張紘書__juan_01.txt	106	62	0
東漢	1043935	反都賦	反都賦	反都賦	1	scrape_output\raw\東漢\反都賦\反都賦__juan_01.txt	scrape_output\clean\東漢\反都賦\反都賦__juan_01.txt	259	215	0
東漢	32397	史述贊三首	史述贊三首	史述贊三首	1	scrape_output\raw\東漢\史述贊三首\史述贊三首__juan_01.txt	scrape_output\clean\東漢\史述贊三首\史述贊三首__juan_01.txt	427	335	0
東漢	165335	司徒呂公誄	司徒呂公誄	司徒呂公誄	1	scrape_output\raw\東漢\司徒呂公誄\司徒呂公誄__juan_01.txt	scrape_output\clean\東漢\司徒呂公誄\司徒呂公誄__juan_01.txt	140	140	0
東漢	1043961	司徒箴	司徒箴	司徒箴	1	scrape_output\raw\東漢\司徒箴\司徒箴__juan_01.txt	scrape_output\clean\東漢\司徒箴\司徒箴__juan_01.txt	246	202	0
東漢	199864	司空荀爽述贊	司空荀爽述贊	司空荀爽述贊	1	scrape_output\raw\東漢\司空荀爽述贊\司空荀爽述贊__juan_01.txt	scrape_output\clean\東漢\司空荀爽述贊\司空荀爽述贊__juan_01.txt	259	257	0
東漢	165336	司空陳公誄	司空陳公誄	司空陳公誄	1	scrape_output\raw\東漢\司空陳公誄\司空陳公誄__juan_01.txt	scrape_output\clean\東漢\司空陳公誄\司空陳公誄__juan_01.txt	200	188	0
東漢	26970	吳越春秋	吳越春秋	吳越春秋	1	scrape_output\raw\東漢\吳越春秋\吳越春秋__juan_01.txt	scrape_output\clean\東漢\吳越春秋\吳越春秋__juan_01.txt	111	19	0
東漢	1111653	呂氏春秋注	呂氏春秋注/卷六	呂氏春秋注	1	scrape_output\raw\東漢\呂氏春秋注\呂氏春秋注__juan_01.txt	scrape_output\clean\東漢\呂氏春秋注\呂氏春秋注__juan_01.txt	0	0	1
東漢	1111653	呂氏春秋注	呂氏春秋注/卷十二	呂氏春秋注	2	scrape_output\raw\東漢\呂氏春秋注\呂氏春秋注__juan_02.txt	scrape_output\clean\東漢\呂氏春秋注\呂氏春秋注__juan_02.txt	0	0	1
東漢	35994	告高密縣立鄭公鄉教	告高密縣立鄭公鄉教	告高密縣立鄭公鄉教	1	scrape_output\raw\東漢\告高密縣立鄭公鄉教\告高密縣立鄭公鄉教__juan_01.txt	scrape_output\clean\東漢\告高密縣立鄭公鄉教\告高密縣立鄭公鄉教__juan_01.txt	247	202	0
東漢	1124892	周禮注	周禮注/01	周禮注	1	scrape_output\raw\東漢\周禮注\周禮注__juan_01.txt	scrape_output\clean\東漢\周禮注\周禮注__juan_01.txt	17665	17509	0
東漢	1124892	周禮注	周禮注/02	周禮注	2	scrape_output\raw\東漢\周禮注\周禮注__juan_02.txt	scrape_output\clean\東漢\周禮注\周禮注__juan_02.txt	19136	18961	0
東漢	1124892	周禮注	周禮注/03	周禮注	3	scrape_output\raw\東漢\周禮注\周禮注__juan_03.txt	scrape_output\clean\東漢\周禮注\周禮注__juan_03.txt	0	0	1
東漢	1124892	周禮注	周禮注/04	周禮注	4	scrape_output\raw\東漢\周禮注\周禮注__juan_04.txt	scrape_output\clean\東漢\周禮注\周禮注__juan_04.txt	0	0	1
東漢	1124892	周禮注	周禮注/05	周禮注	5	scrape_output\raw\東漢\周禮注\周禮注__juan_05.txt	scrape_output\clean\東漢\周禮注\周禮注__juan_05.txt	0	0	1
東漢	1124892	周禮注	周禮注/06	周禮注	6	scrape_output\raw\東漢\周禮注\周禮注__juan_06.txt	scrape_output\clean\東漢\周禮注\周禮注__juan_06.txt	0	0	1
東漢	1124892	周禮注	周禮注/07	周禮注	7	scrape_output\raw\東漢\周禮注\周禮注__juan_07.txt	scrape_output\clean\東漢\周禮注\周禮注__juan_07.txt	0	0	1
東漢	1124892	周禮注	周禮注/08	周禮注	8	scrape_output\raw\東漢\周禮注\周禮注__juan_08.txt	scrape_output\clean\東漢\周禮注\周禮注__juan_08.txt	0	0	1
東漢	1124892	周禮注	周禮注/09	周禮注	9	scrape_output\raw\東漢\周禮注\周禮注__juan_09.txt	scrape_output\clean\東漢\周禮注\周禮注__juan_09.txt	13222	13036	0
東漢	1124892	周禮注	周禮注/10	周禮注	10	scrape_output\raw\東漢\周禮注\周禮注__juan_10.txt	scrape_output\clean\東漢\周禮注\周禮注__juan_10.txt	0	0	1
東漢	1124892	周禮注	周禮注/11	周禮注	11	scrape_output\raw\東漢\周禮注\周禮注__juan_11.txt	scrape_output\clean\東漢\周禮注\周禮注__juan_11.txt	0	0	1
東漢	1124892	周禮注	周禮注/12	周禮注	12	scrape_output\raw\東漢\周禮注\周禮注__juan_12.txt	scrape_output\clean\東漢\周禮注\周禮注__juan_12.txt	0	0	1
東漢	1042397	哀帝贊	哀帝贊	哀帝贊	1	scrape_output\raw\東漢\哀帝贊\哀帝贊__juan_01.txt	scrape_output\clean\東漢\哀帝贊\哀帝贊__juan_01.txt	232	188	0
東漢	114371	善哉行 (曹操)	善哉行 (曹操)	善哉行 (曹操)	1	scrape_output\raw\東漢\善哉行 (曹操)\善哉行 (曹操)__juan_01.txt	scrape_output\clean\東漢\善哉行 (曹操)\善哉行 (曹操)__juan_01.txt	568	524	0
東漢	167879	善生子經	善生子經	善生子經	1	scrape_output\raw\東漢\善生子經\善生子經__juan_01.txt	scrape_output\clean\東漢\善生子經\善生子經__juan_01.txt	4175	4131	0
東漢	1042341	單于朝位論	單于朝位論	單于朝位論	1	scrape_output\raw\東漢\單于朝位論\單于朝位論__juan_01.txt	scrape_output\clean\東漢\單于朝位論\單于朝位論__juan_01.txt	387	343	0
東漢	36003	喻邴原書	喻邴原書	喻邴原書	1	scrape_output\raw\東漢\喻邴原書\喻邴原書__juan_01.txt	scrape_output\clean\東漢\喻邴原書\喻邴原書__juan_01.txt	212	168	0
東漢	35993	嘲曹公討烏桓	嘲曹公討烏桓	嘲曹公討烏桓	1	scrape_output\raw\東漢\嘲曹公討烏桓\嘲曹公討烏桓__juan_01.txt	scrape_output\clean\東漢\嘲曹公討烏桓\嘲曹公討烏桓__juan_01.txt	111	67	0
東漢	762066	嚴敗軍令	嚴敗軍令	嚴敗軍令	1	scrape_output\raw\東漢\嚴敗軍令\嚴敗軍令__juan_01.txt	scrape_output\clean\東漢\嚴敗軍令\嚴敗軍令__juan_01.txt	167	123	0
東漢	878339	四十二章經 (大正新脩大藏經譯本)	四十二章經 (大正新脩大藏經譯本)	四十二章經 (大正新脩大藏經譯本)	1	scrape_output\raw\東漢\四十二章經 (大正新脩大藏經譯本)\四十二章經 (大正新脩大藏經譯本)__juan_01.txt	scrape_output\clean\東漢\四十二章經 (大正新脩大藏經譯本)\四十二章經 (大正新脩大藏經譯本)__juan_01.txt	3387	3340	0
東漢	102046	四十二章經 (譯本一)	四十二章經 (譯本一)	四十二章經 (譯本一)	1	scrape_output\raw\東漢\四十二章經 (譯本一)\四十二章經 (譯本一)__juan_01.txt	scrape_output\clean\東漢\四十二章經 (譯本一)\四十二章經 (譯本一)__juan_01.txt	3641	3596	0
東漢	22987	四愁詩	四愁詩	四愁詩	1	scrape_output\raw\東漢\四愁詩\四愁詩__juan_01.txt	scrape_output\clean\東漢\四愁詩\四愁詩__juan_01.txt	505	461	0
東漢	169458	四時食制	四時食制	四時食制	1	scrape_output\raw\東漢\四時食制\四時食制__juan_01.txt	scrape_output\clean\東漢\四時食制\四時食制__juan_01.txt	643	571	0
東漢	166119	四民月令	四民月令	四民月令	1	scrape_output\raw\東漢\四民月令\四民月令__juan_01.txt	scrape_output\clean\東漢\四民月令\四民月令__juan_01.txt	8312	7995	0
東漢	891673	圍棋賦 (馬融)	圍棋賦 (馬融)	圍棋賦 (馬融)	1	scrape_output\raw\東漢\圍棋賦 (馬融)\圍棋賦 (馬融)__juan_01.txt	scrape_output\clean\東漢\圍棋賦 (馬融)\圍棋賦 (馬融)__juan_01.txt	535	491	0
東漢	114367	土不同	土不同	土不同	1	scrape_output\raw\東漢\土不同\土不同__juan_01.txt	scrape_output\clean\東漢\土不同\土不同__juan_01.txt	167	117	0
東漢	27983	報曹公書	報曹公書	報曹公書	1	scrape_output\raw\東漢\報曹公書\報曹公書__juan_01.txt	scrape_output\clean\東漢\報曹公書\報曹公書__juan_01.txt	488	444	0
東漢	169917	塞賦	塞賦	塞賦	1	scrape_output\raw\東漢\塞賦\塞賦__juan_01.txt	scrape_output\clean\東漢\塞賦\塞賦__juan_01.txt	499	399	0
東漢	165337	大司農鮑德誄	大司農鮑德誄	大司農鮑德誄	1	scrape_output\raw\東漢\大司農鮑德誄\大司農鮑德誄__juan_01.txt	scrape_output\clean\東漢\大司農鮑德誄\大司農鮑德誄__juan_01.txt	270	270	0
東漢	170502	大司馬吳漢誄	大司馬吳漢誄	大司馬吳漢誄	1	scrape_output\raw\東漢\大司馬吳漢誄\大司馬吳漢誄__juan_01.txt	scrape_output\clean\東漢\大司馬吳漢誄\大司馬吳漢誄__juan_01.txt	248	154	0
東漢	1043939	大將軍臨洛觀賦	大將軍臨洛觀賦	大將軍臨洛觀賦	1	scrape_output\raw\東漢\大將軍臨洛觀賦\大將軍臨洛觀賦__juan_01.txt	scrape_output\clean\東漢\大將軍臨洛觀賦\大將軍臨洛觀賦__juan_01.txt	179	135	0
東漢	1043937	大將軍西征賦	大將軍西征賦	大將軍西征賦	1	scrape_output\raw\東漢\大將軍西征賦\大將軍西征賦__juan_01.txt	scrape_output\clean\東漢\大將軍西征賦\大將軍西征賦__juan_01.txt	181	137	0
東漢	177245	大方便佛報恩經	大方便佛報恩經/卷01	大方便佛報恩經	1	scrape_output\raw\東漢\大方便佛報恩經\大方便佛報恩經__juan_01.txt	scrape_output\clean\東漢\大方便佛報恩經\大方便佛報恩經__juan_01.txt	9756	9751	0
東漢	177245	大方便佛報恩經	大方便佛報恩經/卷02	大方便佛報恩經	2	scrape_output\raw\東漢\大方便佛報恩經\大方便佛報恩經__juan_02.txt	scrape_output\clean\東漢\大方便佛報恩經\大方便佛報恩經__juan_02.txt	9544	9527	0
東漢	177245	大方便佛報恩經	大方便佛報恩經/卷03	大方便佛報恩經	3	scrape_output\raw\東漢\大方便佛報恩經\大方便佛報恩經__juan_03.txt	scrape_output\clean\東漢\大方便佛報恩經\大方便佛報恩經__juan_03.txt	9493	9483	0
東漢	177245	大方便佛報恩經	大方便佛報恩經/卷04	大方便佛報恩經	4	scrape_output\raw\東漢\大方便佛報恩經\大方便佛報恩經__juan_04.txt	scrape_output\clean\東漢\大方便佛報恩經\大方便佛報恩經__juan_04.txt	9816	9800	0
東漢	177245	大方便佛報恩經	大方便佛報恩經/卷05	大方便佛報恩經	5	scrape_output\raw\東漢\大方便佛報恩經\大方便佛報恩經__juan_05.txt	scrape_output\clean\東漢\大方便佛報恩經\大方便佛報恩經__juan_05.txt	8989	8986	0
東漢	177245	大方便佛報恩經	大方便佛報恩經/卷06	大方便佛報恩經	6	scrape_output\raw\東漢\大方便佛報恩經\大方便佛報恩經__juan_06.txt	scrape_output\clean\東漢\大方便佛報恩經\大方便佛報恩經__juan_06.txt	11263	11263	0
東漢	177245	大方便佛報恩經	大方便佛報恩經/卷07	大方便佛報恩經	7	scrape_output\raw\東漢\大方便佛報恩經\大方便佛報恩經__juan_07.txt	scrape_output\clean\東漢\大方便佛報恩經\大方便佛報恩經__juan_07.txt	7885	7864	0
東漢	1047523	大暑賦 (陳琳)	大暑賦 (陳琳)	大暑賦 (陳琳)	1	scrape_output\raw\東漢\大暑賦 (陳琳)\大暑賦 (陳琳)__juan_01.txt	scrape_output\clean\東漢\大暑賦 (陳琳)\大暑賦 (陳琳)__juan_01.txt	106	62	0
東漢	1043963	大理箴	大理箴	大理箴	1	scrape_output\raw\東漢\大理箴\大理箴__juan_01.txt	scrape_output\clean\東漢\大理箴\大理箴__juan_01.txt	345	301	0
東漢	166114	大赦賦	大赦賦	大赦賦	1	scrape_output\raw\東漢\大赦賦\大赦賦__juan_01.txt	scrape_output\clean\東漢\大赦賦\大赦賦__juan_01.txt	397	295	0
東漢	169900	大雀賦	大雀賦	大雀賦	1	scrape_output\raw\東漢\大雀賦\大雀賦__juan_01.txt	scrape_output\clean\東漢\大雀賦\大雀賦__juan_01.txt	265	171	0
東漢	1043959	太尉諸箴	太尉諸箴	太尉諸箴	1	scrape_output\raw\東漢\太尉諸箴\太尉諸箴__juan_01.txt	scrape_output\clean\東漢\太尉諸箴\太尉諸箴__juan_01.txt	235	191	0
東漢	166117	太醫令箴	太醫令箴	太醫令箴	1	scrape_output\raw\東漢\太醫令箴\太醫令箴__juan_01.txt	scrape_output\clean\東漢\太醫令箴\太醫令箴__juan_01.txt	179	85	0
東漢	891630	失題 (孔融)	失題 (孔融)	失題 (孔融)	1	scrape_output\raw\東漢\失題 (孔融)\失題 (孔融)__juan_01.txt	scrape_output\clean\東漢\失題 (孔融)\失題 (孔融)__juan_01.txt	107	63	0
東漢	1042488	失題 (阮瑀)	失題 (阮瑀)	失題 (阮瑀)	1	scrape_output\raw\東漢\失題 (阮瑀)\失題 (阮瑀)__juan_01.txt	scrape_output\clean\東漢\失題 (阮瑀)\失題 (阮瑀)__juan_01.txt	133	89	0
東漢	1020443	奏記東平王蒼	奏記東平王蒼	奏記東平王蒼	1	scrape_output\raw\東漢\奏記東平王蒼\奏記東平王蒼__juan_01.txt	scrape_output\clean\東漢\奏記東平王蒼\奏記東平王蒼__juan_01.txt	807	763	0
東漢	195485	奕旨	奕旨	奕旨	1	scrape_output\raw\東漢\奕旨\奕旨__juan_01.txt	scrape_output\clean\東漢\奕旨\奕旨__juan_01.txt	683	638	0
東漢	758803	女訓	女訓	女訓	1	scrape_output\raw\東漢\女訓\女訓__juan_01.txt	scrape_output\clean\東漢\女訓\女訓__juan_01.txt	290	246	0
東漢	22744	女誡	女誡	女誡	1	scrape_output\raw\東漢\女誡\女誡__juan_01.txt	scrape_output\clean\東漢\女誡\女誡__juan_01.txt	2127	2083	0
東漢	167591	婆羅門子命終愛念不離經	婆羅門子命終愛念不離經	婆羅門子命終愛念不離經	1	scrape_output\raw\東漢\婆羅門子命終愛念不離經\婆羅門子命終愛念不離經__juan_01.txt	scrape_output\clean\東漢\婆羅門子命終愛念不離經\婆羅門子命終愛念不離經__juan_01.txt	2059	2013	0
東漢	1044732	婚禮結言	婚禮結言	婚禮結言	1	scrape_output\raw\東漢\婚禮結言\婚禮結言__juan_01.txt	scrape_output\clean\東漢\婚禮結言\婚禮結言__juan_01.txt	129	85	0
東漢	891624	孔少府集	孔少府集	孔少府集	1	scrape_output\raw\東漢\孔少府集\孔少府集__juan_01.txt	scrape_output\clean\東漢\孔少府集\孔少府集__juan_01.txt	408	364	0
東漢	1132795	孝經鄭注	孝經鄭注	孝經鄭注	1	scrape_output\raw\東漢\孝經鄭注\孝經鄭注__juan_01.txt	scrape_output\clean\東漢\孝經鄭注\孝經鄭注__juan_01.txt	16390	15341	0
東漢	1125704	孝經鄭注疏	孝經鄭注疏/01	孝經鄭注疏	1	scrape_output\raw\東漢\孝經鄭注疏\孝經鄭注疏__juan_01.txt	scrape_output\clean\東漢\孝經鄭注疏\孝經鄭注疏__juan_01.txt	36235	35600	0
東漢	1125704	孝經鄭注疏	孝經鄭注疏/02	孝經鄭注疏	2	scrape_output\raw\東漢\孝經鄭注疏\孝經鄭注疏__juan_02.txt	scrape_output\clean\東漢\孝經鄭注疏\孝經鄭注疏__juan_02.txt	43244	42534	0
東漢	1044734	安封侯詩	安封侯詩	安封侯詩	1	scrape_output\raw\東漢\安封侯詩\安封侯詩__juan_01.txt	scrape_output\clean\東漢\安封侯詩\安封侯詩__juan_01.txt	115	71	0
東漢	165286	定情賦	定情賦	定情賦	1	scrape_output\raw\東漢\定情賦\定情賦__juan_01.txt	scrape_output\clean\東漢\定情賦\定情賦__juan_01.txt	109	105	0
東漢	9705	室思	室思	室思	1	scrape_output\raw\東漢\室思\室思__juan_01.txt	scrape_output\clean\東漢\室思\室思__juan_01.txt	558	499	0
東漢	1047492	宴會	宴會	宴會	1	scrape_output\raw\東漢\宴會\宴會__juan_01.txt	scrape_output\clean\東漢\宴會\宴會__juan_01.txt	125	81	0
東漢	1036027	家令說太公論	家令說太公論	家令說太公論	1	scrape_output\raw\東漢\家令說太公論\家令說太公論__juan_01.txt	scrape_output\clean\東漢\家令說太公論\家令說太公論__juan_01.txt	195	151	0
東漢	22741	寶鼎詩	寶鼎詩	寶鼎詩	1	scrape_output\raw\東漢\寶鼎詩\寶鼎詩__juan_01.txt	scrape_output\clean\東漢\寶鼎詩\寶鼎詩__juan_01.txt	295	201	0
東漢	1036217	封匈奴徐盧等論	封匈奴徐盧等論	封匈奴徐盧等論	1	scrape_output\raw\東漢\封匈奴徐盧等論\封匈奴徐盧等論__juan_01.txt	scrape_output\clean\東漢\封匈奴徐盧等論\封匈奴徐盧等論__juan_01.txt	129	85	0
東漢	23580	封燕然山銘	封燕然山銘	封燕然山銘	1	scrape_output\raw\東漢\封燕然山銘\封燕然山銘__juan_01.txt	scrape_output\clean\東漢\封燕然山銘\封燕然山銘__juan_01.txt	442	398	0
東漢	27044	對酒歌	對酒歌	對酒歌	1	scrape_output\raw\東漢\對酒歌\對酒歌__juan_01.txt	scrape_output\clean\東漢\對酒歌\對酒歌__juan_01.txt	283	231	0
東漢	877188	小道地經	小道地經	小道地經	1	scrape_output\raw\東漢\小道地經\小道地經__juan_01.txt	scrape_output\clean\東漢\小道地經\小道地經__juan_01.txt	2001	1957	0
東漢	167878	尸迦羅越六方禮經	尸迦羅越六方禮經	尸迦羅越六方禮經	1	scrape_output\raw\東漢\尸迦羅越六方禮經\尸迦羅越六方禮經__juan_01.txt	scrape_output\clean\東漢\尸迦羅越六方禮經\尸迦羅越六方禮經__juan_01.txt	2470	2426	0
東漢	1043932	崔亭伯集	崔亭伯集	崔亭伯集	1	scrape_output\raw\東漢\崔亭伯集\崔亭伯集__juan_01.txt	scrape_output\clean\東漢\崔亭伯集\崔亭伯集__juan_01.txt	6756	6696	0
東漢	1042391	州牧論	州牧論	州牧論	1	scrape_output\raw\東漢\州牧論\州牧論__juan_01.txt	scrape_output\clean\東漢\州牧論\州牧論__juan_01.txt	357	313	0
東漢	1035754	平樂觀賦	平樂觀賦	平樂觀賦	1	scrape_output\raw\東漢\平樂觀賦\平樂觀賦__juan_01.txt	scrape_output\clean\東漢\平樂觀賦\平樂觀賦__juan_01.txt	436	392	0
東漢	24298	幽通賦	幽通賦	幽通賦	1	scrape_output\raw\東漢\幽通賦\幽通賦__juan_01.txt	scrape_output\clean\東漢\幽通賦\幽通賦__juan_01.txt	1490	1446	0
東漢	169957	序征賦	序征賦	序征賦	1	scrape_output\raw\東漢\序征賦\序征賦__juan_01.txt	scrape_output\clean\東漢\序征賦\序征賦__juan_01.txt	262	168	0
東漢	114373	度關山 (曹操)	度關山 (曹操)	度關山 (曹操)	1	scrape_output\raw\東漢\度關山 (曹操)\度關山 (曹操)__juan_01.txt	scrape_output\clean\東漢\度關山 (曹操)\度關山 (曹操)__juan_01.txt	267	223	0
東漢	169133	座右銘 (崔瑗)	座右銘 (崔瑗)	座右銘 (崔瑗)	1	scrape_output\raw\東漢\座右銘 (崔瑗)\座右銘 (崔瑗)__juan_01.txt	scrape_output\clean\東漢\座右銘 (崔瑗)\座右銘 (崔瑗)__juan_01.txt	224	177	0
東漢	891749	廣城頌	廣城頌	廣城頌	1	scrape_output\raw\東漢\廣城頌\廣城頌__juan_01.txt	scrape_output\clean\東漢\廣城頌\廣城頌__juan_01.txt	2759	2712	0
東漢	169898	建章鳳闕賦	建章鳳闕賦	建章鳳闕賦	1	scrape_output\raw\東漢\建章鳳闕賦\建章鳳闕賦__juan_01.txt	scrape_output\clean\東漢\建章鳳闕賦\建章鳳闕賦__juan_01.txt	528	421	0
東漢	27991	弔伯夷文	弔伯夷文	弔伯夷文	1	scrape_output\raw\東漢\弔伯夷文\弔伯夷文__juan_01.txt	scrape_output\clean\東漢\弔伯夷文\弔伯夷文__juan_01.txt	139	95	0
東漢	769746	張遷碑	張遷碑	張遷碑	1	scrape_output\raw\東漢\張遷碑\張遷碑__juan_01.txt	scrape_output\clean\東漢\張遷碑\張遷碑__juan_01.txt	2711	1900	0
東漢	169635	征天山賦	征天山賦	征天山賦	1	scrape_output\raw\東漢\征天山賦\征天山賦__juan_01.txt	scrape_output\clean\東漢\征天山賦\征天山賦__juan_01.txt	411	399	0
東漢	876221	後出阿彌陀佛偈	後出阿彌陀佛偈	後出阿彌陀佛偈	1	scrape_output\raw\東漢\後出阿彌陀佛偈\後出阿彌陀佛偈__juan_01.txt	scrape_output\clean\東漢\後出阿彌陀佛偈\後出阿彌陀佛偈__juan_01.txt	475	431	0
東漢	35965	從軍詩 (王粲)	從軍詩 (王粲)	從軍詩 (王粲)	1	scrape_output\raw\東漢\從軍詩 (王粲)\從軍詩 (王粲)__juan_01.txt	scrape_output\clean\東漢\從軍詩 (王粲)\從軍詩 (王粲)__juan_01.txt	872	828	0
東漢	1035797	徳陽殿賦	徳陽殿賦	徳陽殿賦	1	scrape_output\raw\東漢\徳陽殿賦\徳陽殿賦__juan_01.txt	scrape_output\clean\東漢\徳陽殿賦\徳陽殿賦__juan_01.txt	234	190	0
東漢	55038	忠經	忠經	忠經	1	scrape_output\raw\東漢\忠經\忠經__juan_01.txt	scrape_output\clean\東漢\忠經\忠經__juan_01.txt	3023	2961	0
東漢	891699	忠經序	忠經序	忠經序	1	scrape_output\raw\東漢\忠經序\忠經序__juan_01.txt	scrape_output\clean\東漢\忠經序\忠經序__juan_01.txt	408	364	0
東漢	165279	怨篇并序	怨篇并序	怨篇并序	1	scrape_output\raw\東漢\怨篇并序\怨篇并序__juan_01.txt	scrape_output\clean\東漢\怨篇并序\怨篇并序__juan_01.txt	153	149	0
東漢	1042492	怨詩 (阮瑀)	怨詩 (阮瑀)	怨詩 (阮瑀)	1	scrape_output\raw\東漢\怨詩 (阮瑀)\怨詩 (阮瑀)__juan_01.txt	scrape_output\clean\東漢\怨詩 (阮瑀)\怨詩 (阮瑀)__juan_01.txt	126	82	0
東漢	155617	悲憤詩 (蔡琰)	悲憤詩 (蔡琰)	悲憤詩 (蔡琰)	1	scrape_output\raw\東漢\悲憤詩 (蔡琰)\悲憤詩 (蔡琰)__juan_01.txt	scrape_output\clean\東漢\悲憤詩 (蔡琰)\悲憤詩 (蔡琰)__juan_01.txt	761	663	0
東漢	13183	情詩	情詩	情詩	1	scrape_output\raw\東漢\情詩\情詩__juan_01.txt	scrape_output\clean\東漢\情詩\情詩__juan_01.txt	189	145	0
東漢	1047493	應譏	應譏	應譏	1	scrape_output\raw\東漢\應譏\應譏__juan_01.txt	scrape_output\clean\東漢\應譏\應譏__juan_01.txt	771	727	0
東漢	165331	應間	應間	應間	1	scrape_output\raw\東漢\應間\應間__juan_01.txt	scrape_output\clean\東漢\應間\應間__juan_01.txt	1731	1727	0
東漢	1042387	成帝贊	成帝贊	成帝贊	1	scrape_output\raw\東漢\成帝贊\成帝贊__juan_01.txt	scrape_output\clean\東漢\成帝贊\成帝贊__juan_01.txt	260	216	0
東漢	165287	扇賦 (張衡)	扇賦 (張衡)	扇賦 (張衡)	1	scrape_output\raw\東漢\扇賦 (張衡)\扇賦 (張衡)__juan_01.txt	scrape_output\clean\東漢\扇賦 (張衡)\扇賦 (張衡)__juan_01.txt	42	41	0
東漢	1044786	扇銘	扇銘	扇銘	1	scrape_output\raw\東漢\扇銘\扇銘__juan_01.txt	scrape_output\clean\東漢\扇銘\扇銘__juan_01.txt	109	65	0
東漢	169306	抑讖重賞疏	抑讖重賞疏	抑讖重賞疏	1	scrape_output\raw\東漢\抑讖重賞疏\抑讖重賞疏__juan_01.txt	scrape_output\clean\東漢\抑讖重賞疏\抑讖重賞疏__juan_01.txt	536	444	0
東漢	1043327	折武論	折武論	折武論	1	scrape_output\raw\東漢\折武論\折武論__juan_01.txt	scrape_output\clean\東漢\折武論\折武論__juan_01.txt	137	93	0
東漢	169801	拜烏丸三王為單于版文	拜烏丸三王為單于版文	拜烏丸三王為單于版文	1	scrape_output\raw\東漢\拜烏丸三王為單于版文\拜烏丸三王為單于版文__juan_01.txt	scrape_output\clean\東漢\拜烏丸三王為單于版文\拜烏丸三王為單于版文__juan_01.txt	477	382	0
東漢	874996	摩鄧女經	摩鄧女經	摩鄧女經	1	scrape_output\raw\東漢\摩鄧女經\摩鄧女經__juan_01.txt	scrape_output\clean\東漢\摩鄧女經\摩鄧女經__juan_01.txt	1343	1299	0
東漢	1046416	摴蒱賦	摴蒱賦	摴蒱賦	1	scrape_output\raw\東漢\摴蒱賦\摴蒱賦__juan_01.txt	scrape_output\clean\東漢\摴蒱賦\摴蒱賦__juan_01.txt	320	276	0
東漢	166112	政論	政論	政論	1	scrape_output\raw\東漢\政論\政論__juan_01.txt	scrape_output\clean\東漢\政論\政論__juan_01.txt	12640	12298	0
東漢	57233	敕有司取士勿廢偏短令	敕有司取士勿廢偏短令	敕有司取士勿廢偏短令	1	scrape_output\raw\東漢\敕有司取士勿廢偏短令\敕有司取士勿廢偏短令__juan_01.txt	scrape_output\clean\東漢\敕有司取士勿廢偏短令\敕有司取士勿廢偏短令__juan_01.txt	163	119	0
東漢	1036211	文帝贊	文帝贊	文帝贊	1	scrape_output\raw\東漢\文帝贊\文帝贊__juan_01.txt	scrape_output\clean\東漢\文帝贊\文帝贊__juan_01.txt	348	304	0
東漢	1036209	文帝遺詔短喪論	文帝遺詔短喪論	文帝遺詔短喪論	1	scrape_output\raw\東漢\文帝遺詔短喪論\文帝遺詔短喪論__juan_01.txt	scrape_output\clean\東漢\文帝遺詔短喪論\文帝遺詔短喪論__juan_01.txt	169	125	0
東漢	178140	文殊師利問菩薩署經	文殊師利問菩薩署經	文殊師利問菩薩署經	1	scrape_output\raw\東漢\文殊師利問菩薩署經\文殊師利問菩薩署經__juan_01.txt	scrape_output\clean\東漢\文殊師利問菩薩署經\文殊師利問菩薩署經__juan_01.txt	10848	10794	0
東漢	27990	文質論 (阮瑀)	文質論 (阮瑀)	文質論 (阮瑀)	1	scrape_output\raw\東漢\文質論 (阮瑀)\文質論 (阮瑀)__juan_01.txt	scrape_output\clean\東漢\文質論 (阮瑀)\文質論 (阮瑀)__juan_01.txt	417	373	0
東漢	1042335	斬任安論	斬任安論	斬任安論	1	scrape_output\raw\東漢\斬任安論\斬任安論__juan_01.txt	scrape_output\clean\東漢\斬任安論\斬任安論__juan_01.txt	121	77	0
東漢	54838	新論	新論/01	新論	1	scrape_output\raw\東漢\新論\新論__juan_01.txt	scrape_output\clean\東漢\新論\新論__juan_01.txt	800	693	0
東漢	54838	新論	新論/02	新論	2	scrape_output\raw\東漢\新論\新論__juan_02.txt	scrape_output\clean\東漢\新論\新論__juan_02.txt	1473	1352	0
東漢	54838	新論	新論/03	新論	3	scrape_output\raw\東漢\新論\新論__juan_03.txt	scrape_output\clean\東漢\新論\新論__juan_03.txt	3230	3056	0
東漢	54838	新論	新論/04	新論	4	scrape_output\raw\東漢\新論\新論__juan_04.txt	scrape_output\clean\東漢\新論\新論__juan_04.txt	1747	1623	0
東漢	54838	新論	新論/05	新論	5	scrape_output\raw\東漢\新論\新論__juan_05.txt	scrape_output\clean\東漢\新論\新論__juan_05.txt	1783	1644	0
東漢	54838	新論	新論/06	新論	6	scrape_output\raw\東漢\新論\新論__juan_06.txt	scrape_output\clean\東漢\新論\新論__juan_06.txt	3852	3667	0
東漢	54838	新論	新論/07	新論	7	scrape_output\raw\東漢\新論\新論__juan_07.txt	scrape_output\clean\東漢\新論\新論__juan_07.txt	3315	3163	0
東漢	54838	新論	新論/08	新論	8	scrape_output\raw\東漢\新論\新論__juan_08.txt	scrape_output\clean\東漢\新論\新論__juan_08.txt	3860	3681	0
東漢	54838	新論	新論/09	新論	9	scrape_output\raw\東漢\新論\新論__juan_09.txt	scrape_output\clean\東漢\新論\新論__juan_09.txt	2356	2218	0
東漢	54838	新論	新論/10	新論	10	scrape_output\raw\東漢\新論\新論__juan_10.txt	scrape_output\clean\東漢\新論\新論__juan_10.txt	1287	1181	0
東漢	54838	新論	新論/11	新論	11	scrape_output\raw\東漢\新論\新論__juan_11.txt	scrape_output\clean\東漢\新論\新論__juan_11.txt	3737	3569	0
東漢	54838	新論	新論/12	新論	12	scrape_output\raw\東漢\新論\新論__juan_12.txt	scrape_output\clean\東漢\新論\新論__juan_12.txt	1140	1032	0
東漢	54838	新論	新論/13	新論	13	scrape_output\raw\東漢\新論\新論__juan_13.txt	scrape_output\clean\東漢\新論\新論__juan_13.txt	2905	2757	0
東漢	54838	新論	新論/14	新論	14	scrape_output\raw\東漢\新論\新論__juan_14.txt	scrape_output\clean\東漢\新論\新論__juan_14.txt	1513	1398	0
東漢	54838	新論	新論/15	新論	15	scrape_output\raw\東漢\新論\新論__juan_15.txt	scrape_output\clean\東漢\新論\新論__juan_15.txt	1389	1264	0
東漢	54838	新論	新論/16	新論	16	scrape_output\raw\東漢\新論\新論__juan_16.txt	scrape_output\clean\東漢\新論\新論__juan_16.txt	4490	4355	0
東漢	165341	日蝕上表	日蝕上表	日蝕上表	1	scrape_output\raw\東漢\日蝕上表\日蝕上表__juan_01.txt	scrape_output\clean\東漢\日蝕上表\日蝕上表__juan_01.txt	66	64	0
東漢	1042337	昌邑王論	昌邑王論	昌邑王論	1	scrape_output\raw\東漢\昌邑王論\昌邑王論__juan_01.txt	scrape_output\clean\東漢\昌邑王論\昌邑王論__juan_01.txt	908	864	0
東漢	22738	明堂詩	明堂詩	明堂詩	1	scrape_output\raw\東漢\明堂詩\明堂詩__juan_01.txt	scrape_output\clean\東漢\明堂詩\明堂詩__juan_01.txt	156	64	0
東漢	27993	易公孫瓚與子書	易公孫瓚與子書	易公孫瓚與子書	1	scrape_output\raw\東漢\易公孫瓚與子書\易公孫瓚與子書__juan_01.txt	scrape_output\clean\東漢\易公孫瓚與子書\易公孫瓚與子書__juan_01.txt	229	185	0
東漢	761931	春祠令	春祠令	春祠令	1	scrape_output\raw\東漢\春祠令\春祠令__juan_01.txt	scrape_output\clean\東漢\春祠令\春祠令__juan_01.txt	291	247	0
東漢	1111633	昭君镜	昭君镜	昭君镜	1	scrape_output\raw\東漢\昭君镜\昭君镜__juan_01.txt	scrape_output\clean\東漢\昭君镜\昭君镜__juan_01.txt	225	225	0
東漢	1036201	時務論	時務論	時務論	1	scrape_output\raw\東漢\時務論\時務論__juan_01.txt	scrape_output\clean\東漢\時務論\時務論__juan_01.txt	135	91	0
東漢	167453	普法義經	普法義經	普法義經	1	scrape_output\raw\東漢\普法義經\普法義經__juan_01.txt	scrape_output\clean\東漢\普法義經\普法義經__juan_01.txt	4326	4282	0
東漢	1036213	景帝賜江都王非天子旌旗論	景帝賜江都王非天子旌旗論	景帝賜江都王非天子旌旗論	1	scrape_output\raw\東漢\景帝賜江都王非天子旌旗論\景帝賜江都王非天子旌旗論__juan_01.txt	scrape_output\clean\東漢\景帝賜江都王非天子旌旗論\景帝賜江都王非天子旌旗論__juan_01.txt	182	138	0
東漢	1047501	更公孫瓚與子書	更公孫瓚與子書	更公孫瓚與子書	1	scrape_output\raw\東漢\更公孫瓚與子書\更公孫瓚與子書__juan_01.txt	scrape_output\clean\東漢\更公孫瓚與子書\更公孫瓚與子書__juan_01.txt	195	151	0
東漢	170500	書㨭賦	書㨭賦	書㨭賦	1	scrape_output\raw\東漢\書㨭賦\書㨭賦__juan_01.txt	scrape_output\clean\東漢\書㨭賦\書㨭賦__juan_01.txt	218	124	0
東漢	177137	本相猗致經	本相猗致經	本相猗致經	1	scrape_output\raw\東漢\本相猗致經\本相猗致經__juan_01.txt	scrape_output\clean\東漢\本相猗致經\本相猗致經__juan_01.txt	1043	1043	0
東漢	1035664	李蘭臺集	李蘭臺集	李蘭臺集	1	scrape_output\raw\東漢\李蘭臺集\李蘭臺集__juan_01.txt	scrape_output\clean\東漢\李蘭臺集\李蘭臺集__juan_01.txt	2593	2535	0
東漢	1044802	杖頌	杖頌	杖頌	1	scrape_output\raw\東漢\杖頌\杖頌__juan_01.txt	scrape_output\clean\東漢\杖頌\杖頌__juan_01.txt	137	93	0
東漢	21160	東京賦	東京賦	東京賦	1	scrape_output\raw\東漢\東京賦\東京賦__juan_01.txt	scrape_output\clean\東漢\東京賦\東京賦__juan_01.txt	4717	4673	0
東漢	165334	東巡誥	東巡誥	東巡誥	1	scrape_output\raw\東漢\東巡誥\東巡誥__juan_01.txt	scrape_output\clean\東漢\東巡誥\東巡誥__juan_01.txt	261	261	0
東漢	1044794	東巡頌	東巡頌	東巡頌	1	scrape_output\raw\東漢\東巡頌\東巡頌__juan_01.txt	scrape_output\clean\東漢\東巡頌\東巡頌__juan_01.txt	400	356	0
東漢	891813	東廵頌	東廵頌	東廵頌	1	scrape_output\raw\東漢\東廵頌\東廵頌__juan_01.txt	scrape_output\clean\東漢\東廵頌\東廵頌__juan_01.txt	217	173	0
東漢	1046425	東征賦 (班昭)	東征賦 (班昭)	東征賦 (班昭)	1	scrape_output\raw\東漢\東征賦 (班昭)\東征賦 (班昭)__juan_01.txt	scrape_output\clean\東漢\東征賦 (班昭)\東征賦 (班昭)__juan_01.txt	697	653	0
東漢	650201	東觀漢記	東觀漢記/孝殤皇帝紀	東觀漢記	1	scrape_output\raw\東漢\東觀漢記\東觀漢記__juan_01.txt	scrape_output\clean\東漢\東觀漢記\東觀漢記__juan_01.txt	341	275	0
東漢	650201	東觀漢記	東觀漢記/穆宗孝和皇帝紀	東觀漢記	2	scrape_output\raw\東漢\東觀漢記\東觀漢記__juan_02.txt	scrape_output\clean\東漢\東觀漢記\東觀漢記__juan_02.txt	1456	1201	0
東漢	650201	東觀漢記	東觀漢記/肅宗孝章皇帝紀	東觀漢記	3	scrape_output\raw\東漢\東觀漢記\東觀漢記__juan_03.txt	scrape_output\clean\東漢\東觀漢記\東觀漢記__juan_03.txt	1917	1647	0
東漢	650201	東觀漢記	東觀漢記/顯宗孝明皇帝紀	東觀漢記	4	scrape_output\raw\東漢\東觀漢記\東觀漢記__juan_04.txt	scrape_output\clean\東漢\東觀漢記\東觀漢記__juan_04.txt	3025	2592	0
東漢	204856	東觀漢記 (四庫全書本)	東觀漢記 (四庫全書本)/卷01	東觀漢記 (四庫全書本)	1	scrape_output\raw\東漢\東觀漢記 (四庫全書本)\東觀漢記 (四庫全書本)__juan_01.txt	scrape_output\clean\東漢\東觀漢記 (四庫全書本)\東觀漢記 (四庫全書本)__juan_01.txt	8748	8582	0
東漢	204856	東觀漢記 (四庫全書本)	東觀漢記 (四庫全書本)/卷02	東觀漢記 (四庫全書本)	2	scrape_output\raw\東漢\東觀漢記 (四庫全書本)\東觀漢記 (四庫全書本)__juan_02.txt	scrape_output\clean\東漢\東觀漢記 (四庫全書本)\東觀漢記 (四庫全書本)__juan_02.txt	4100	3977	0
東漢	204856	東觀漢記 (四庫全書本)	東觀漢記 (四庫全書本)/卷03	東觀漢記 (四庫全書本)	3	scrape_output\raw\東漢\東觀漢記 (四庫全書本)\東觀漢記 (四庫全書本)__juan_03.txt	scrape_output\clean\東漢\東觀漢記 (四庫全書本)\東觀漢記 (四庫全書本)__juan_03.txt	3236	3096	0
東漢	204856	東觀漢記 (四庫全書本)	東觀漢記 (四庫全書本)/卷04	東觀漢記 (四庫全書本)	4	scrape_output\raw\東漢\東觀漢記 (四庫全書本)\東觀漢記 (四庫全書本)__juan_04.txt	scrape_output\clean\東漢\東觀漢記 (四庫全書本)\東觀漢記 (四庫全書本)__juan_04.txt	1961	1831	0
東漢	204856	東觀漢記 (四庫全書本)	東觀漢記 (四庫全書本)/卷05	東觀漢記 (四庫全書本)	5	scrape_output\raw\東漢\東觀漢記 (四庫全書本)\東觀漢記 (四庫全書本)__juan_05.txt	scrape_output\clean\東漢\東觀漢記 (四庫全書本)\東觀漢記 (四庫全書本)__juan_05.txt	4422	4258	0
東漢	204856	東觀漢記 (四庫全書本)	東觀漢記 (四庫全書本)/卷06	東觀漢記 (四庫全書本)	6	scrape_output\raw\東漢\東觀漢記 (四庫全書本)\東觀漢記 (四庫全書本)__juan_06.txt	scrape_output\clean\東漢\東觀漢記 (四庫全書本)\東觀漢記 (四庫全書本)__juan_06.txt	2378	2242	0
東漢	204856	東觀漢記 (四庫全書本)	東觀漢記 (四庫全書本)/卷07	東觀漢記 (四庫全書本)	7	scrape_output\raw\東漢\東觀漢記 (四庫全書本)\東觀漢記 (四庫全書本)__juan_07.txt	scrape_output\clean\東漢\東觀漢記 (四庫全書本)\東觀漢記 (四庫全書本)__juan_07.txt	4133	3963	0
東漢	204856	東觀漢記 (四庫全書本)	東觀漢記 (四庫全書本)/卷08	東觀漢記 (四庫全書本)	8	scrape_output\raw\東漢\東觀漢記 (四庫全書本)\東觀漢記 (四庫全書本)__juan_08.txt	scrape_output\clean\東漢\東觀漢記 (四庫全書本)\東觀漢記 (四庫全書本)__juan_08.txt	5179	5009	0
東漢	204856	東觀漢記 (四庫全書本)	東觀漢記 (四庫全書本)/卷09	東觀漢記 (四庫全書本)	9	scrape_output\raw\東漢\東觀漢記 (四庫全書本)\東觀漢記 (四庫全書本)__juan_09.txt	scrape_output\clean\東漢\東觀漢記 (四庫全書本)\東觀漢記 (四庫全書本)__juan_09.txt	4292	4136	0
東漢	204856	東觀漢記 (四庫全書本)	東觀漢記 (四庫全書本)/卷10	東觀漢記 (四庫全書本)	10	scrape_output\raw\東漢\東觀漢記 (四庫全書本)\東觀漢記 (四庫全書本)__juan_10.txt	scrape_output\clean\東漢\東觀漢記 (四庫全書本)\東觀漢記 (四庫全書本)__juan_10.txt	4097	3886	0
東漢	204856	東觀漢記 (四庫全書本)	東觀漢記 (四庫全書本)/卷11	東觀漢記 (四庫全書本)	11	scrape_output\raw\東漢\東觀漢記 (四庫全書本)\東觀漢記 (四庫全書本)__juan_11.txt	scrape_output\clean\東漢\東觀漢記 (四庫全書本)\東觀漢記 (四庫全書本)__juan_11.txt	2729	2565	0
東漢	204856	東觀漢記 (四庫全書本)	東觀漢記 (四庫全書本)/卷12	東觀漢記 (四庫全書本)	12	scrape_output\raw\東漢\東觀漢記 (四庫全書本)\東觀漢記 (四庫全書本)__juan_12.txt	scrape_output\clean\東漢\東觀漢記 (四庫全書本)\東觀漢記 (四庫全書本)__juan_12.txt	5058	4876	0
東漢	204856	東觀漢記 (四庫全書本)	東觀漢記 (四庫全書本)/卷13	東觀漢記 (四庫全書本)	13	scrape_output\raw\東漢\東觀漢記 (四庫全書本)\東觀漢記 (四庫全書本)__juan_13.txt	scrape_output\clean\東漢\東觀漢記 (四庫全書本)\東觀漢記 (四庫全書本)__juan_13.txt	4578	4430	0
東漢	204856	東觀漢記 (四庫全書本)	東觀漢記 (四庫全書本)/卷14	東觀漢記 (四庫全書本)	14	scrape_output\raw\東漢\東觀漢記 (四庫全書本)\東觀漢記 (四庫全書本)__juan_14.txt	scrape_output\clean\東漢\東觀漢記 (四庫全書本)\東觀漢記 (四庫全書本)__juan_14.txt	3467	3339	0
東漢	204856	東觀漢記 (四庫全書本)	東觀漢記 (四庫全書本)/卷15	東觀漢記 (四庫全書本)	15	scrape_output\raw\東漢\東觀漢記 (四庫全書本)\東觀漢記 (四庫全書本)__juan_15.txt	scrape_output\clean\東漢\東觀漢記 (四庫全書本)\東觀漢記 (四庫全書本)__juan_15.txt	4274	4112	0
東漢	204856	東觀漢記 (四庫全書本)	東觀漢記 (四庫全書本)/卷16	東觀漢記 (四庫全書本)	16	scrape_output\raw\東漢\東觀漢記 (四庫全書本)\東觀漢記 (四庫全書本)__juan_16.txt	scrape_output\clean\東漢\東觀漢記 (四庫全書本)\東觀漢記 (四庫全書本)__juan_16.txt	7603	7337	0
東漢	204856	東觀漢記 (四庫全書本)	東觀漢記 (四庫全書本)/卷17	東觀漢記 (四庫全書本)	17	scrape_output\raw\東漢\東觀漢記 (四庫全書本)\東觀漢記 (四庫全書本)__juan_17.txt	scrape_output\clean\東漢\東觀漢記 (四庫全書本)\東觀漢記 (四庫全書本)__juan_17.txt	4171	4005	0
東漢	204856	東觀漢記 (四庫全書本)	東觀漢記 (四庫全書本)/卷18	東觀漢記 (四庫全書本)	18	scrape_output\raw\東漢\東觀漢記 (四庫全書本)\東觀漢記 (四庫全書本)__juan_18.txt	scrape_output\clean\東漢\東觀漢記 (四庫全書本)\東觀漢記 (四庫全書本)__juan_18.txt	5740	5544	0
東漢	204856	東觀漢記 (四庫全書本)	東觀漢記 (四庫全書本)/卷19	東觀漢記 (四庫全書本)	19	scrape_output\raw\東漢\東觀漢記 (四庫全書本)\東觀漢記 (四庫全書本)__juan_19.txt	scrape_output\clean\東漢\東觀漢記 (四庫全書本)\東觀漢記 (四庫全書本)__juan_19.txt	4673	4459	0
東漢	204856	東觀漢記 (四庫全書本)	東觀漢記 (四庫全書本)/卷20	東觀漢記 (四庫全書本)	20	scrape_output\raw\東漢\東觀漢記 (四庫全書本)\東觀漢記 (四庫全書本)__juan_20.txt	scrape_output\clean\東漢\東觀漢記 (四庫全書本)\東觀漢記 (四庫全書本)__juan_20.txt	2613	2443	0
東漢	204856	東觀漢記 (四庫全書本)	東觀漢記 (四庫全書本)/卷21	東觀漢記 (四庫全書本)	21	scrape_output\raw\東漢\東觀漢記 (四庫全書本)\東觀漢記 (四庫全書本)__juan_21.txt	scrape_output\clean\東漢\東觀漢記 (四庫全書本)\東觀漢記 (四庫全書本)__juan_21.txt	4378	4126	0
東漢	204856	東觀漢記 (四庫全書本)	東觀漢記 (四庫全書本)/卷22	東觀漢記 (四庫全書本)	22	scrape_output\raw\東漢\東觀漢記 (四庫全書本)\東觀漢記 (四庫全書本)__juan_22.txt	scrape_output\clean\東漢\東觀漢記 (四庫全書本)\東觀漢記 (四庫全書本)__juan_22.txt	1515	1309	0
東漢	204856	東觀漢記 (四庫全書本)	東觀漢記 (四庫全書本)/卷23	東觀漢記 (四庫全書本)	23	scrape_output\raw\東漢\東觀漢記 (四庫全書本)\東觀漢記 (四庫全書本)__juan_23.txt	scrape_output\clean\東漢\東觀漢記 (四庫全書本)\東觀漢記 (四庫全書本)__juan_23.txt	5187	5017	0
東漢	204856	東觀漢記 (四庫全書本)	東觀漢記 (四庫全書本)/卷24	東觀漢記 (四庫全書本)	24	scrape_output\raw\東漢\東觀漢記 (四庫全書本)\東觀漢記 (四庫全書本)__juan_24.txt	scrape_output\clean\東漢\東觀漢記 (四庫全書本)\東觀漢記 (四庫全書本)__juan_24.txt	3364	3234	0
東漢	204868	東觀漢記 (四庫全書標點本)	東觀漢記 (四庫全書標點本)/卷01	東觀漢記 (四庫全書標點本)	1	scrape_output\raw\東漢\東觀漢記 (四庫全書標點本)\東觀漢記 (四庫全書標點本)__juan_01.txt	scrape_output\clean\東漢\東觀漢記 (四庫全書標點本)\東觀漢記 (四庫全書標點本)__juan_01.txt	23	18	0
東漢	204868	東觀漢記 (四庫全書標點本)	東觀漢記 (四庫全書標點本)/卷02	東觀漢記 (四庫全書標點本)	2	scrape_output\raw\東漢\東觀漢記 (四庫全書標點本)\東觀漢記 (四庫全書標點本)__juan_02.txt	scrape_output\clean\東漢\東觀漢記 (四庫全書標點本)\東觀漢記 (四庫全書標點本)__juan_02.txt	0	0	1
東漢	204868	東觀漢記 (四庫全書標點本)	東觀漢記 (四庫全書標點本)/卷03	東觀漢記 (四庫全書標點本)	3	scrape_output\raw\東漢\東觀漢記 (四庫全書標點本)\東觀漢記 (四庫全書標點本)__juan_03.txt	scrape_output\clean\東漢\東觀漢記 (四庫全書標點本)\東觀漢記 (四庫全書標點本)__juan_03.txt	0	0	1
東漢	204868	東觀漢記 (四庫全書標點本)	東觀漢記 (四庫全書標點本)/卷04	東觀漢記 (四庫全書標點本)	4	scrape_output\raw\東漢\東觀漢記 (四庫全書標點本)\東觀漢記 (四庫全書標點本)__juan_04.txt	scrape_output\clean\東漢\東觀漢記 (四庫全書標點本)\東觀漢記 (四庫全書標點本)__juan_04.txt	0	0	1
東漢	204868	東觀漢記 (四庫全書標點本)	東觀漢記 (四庫全書標點本)/卷05	東觀漢記 (四庫全書標點本)	5	scrape_output\raw\東漢\東觀漢記 (四庫全書標點本)\東觀漢記 (四庫全書標點本)__juan_05.txt	scrape_output\clean\東漢\東觀漢記 (四庫全書標點本)\東觀漢記 (四庫全書標點本)__juan_05.txt	0	0	1
東漢	204868	東觀漢記 (四庫全書標點本)	東觀漢記 (四庫全書標點本)/卷06	東觀漢記 (四庫全書標點本)	6	scrape_output\raw\東漢\東觀漢記 (四庫全書標點本)\東觀漢記 (四庫全書標點本)__juan_06.txt	scrape_output\clean\東漢\東觀漢記 (四庫全書標點本)\東觀漢記 (四庫全書標點本)__juan_06.txt	0	0	1
東漢	204868	東觀漢記 (四庫全書標點本)	東觀漢記 (四庫全書標點本)/卷07	東觀漢記 (四庫全書標點本)	7	scrape_output\raw\東漢\東觀漢記 (四庫全書標點本)\東觀漢記 (四庫全書標點本)__juan_07.txt	scrape_output\clean\東漢\東觀漢記 (四庫全書標點本)\東觀漢記 (四庫全書標點本)__juan_07.txt	0	0	1
東漢	204868	東觀漢記 (四庫全書標點本)	東觀漢記 (四庫全書標點本)/卷08	東觀漢記 (四庫全書標點本)	8	scrape_output\raw\東漢\東觀漢記 (四庫全書標點本)\東觀漢記 (四庫全書標點本)__juan_08.txt	scrape_output\clean\東漢\東觀漢記 (四庫全書標點本)\東觀漢記 (四庫全書標點本)__juan_08.txt	0	0	1
東漢	204868	東觀漢記 (四庫全書標點本)	東觀漢記 (四庫全書標點本)/卷09	東觀漢記 (四庫全書標點本)	9	scrape_output\raw\東漢\東觀漢記 (四庫全書標點本)\東觀漢記 (四庫全書標點本)__juan_09.txt	scrape_output\clean\東漢\東觀漢記 (四庫全書標點本)\東觀漢記 (四庫全書標點本)__juan_09.txt	0	0	1
東漢	204868	東觀漢記 (四庫全書標點本)	東觀漢記 (四庫全書標點本)/卷10	東觀漢記 (四庫全書標點本)	10	scrape_output\raw\東漢\東觀漢記 (四庫全書標點本)\東觀漢記 (四庫全書標點本)__juan_10.txt	scrape_output\clean\東漢\東觀漢記 (四庫全書標點本)\東觀漢記 (四庫全書標點本)__juan_10.txt	0	0	1
東漢	204868	東觀漢記 (四庫全書標點本)	東觀漢記 (四庫全書標點本)/卷11	東觀漢記 (四庫全書標點本)	11	scrape_output\raw\東漢\東觀漢記 (四庫全書標點本)\東觀漢記 (四庫全書標點本)__juan_11.txt	scrape_output\clean\東漢\東觀漢記 (四庫全書標點本)\東觀漢記 (四庫全書標點本)__juan_11.txt	0	0	1
東漢	204868	東觀漢記 (四庫全書標點本)	東觀漢記 (四庫全書標點本)/卷12	東觀漢記 (四庫全書標點本)	12	scrape_output\raw\東漢\東觀漢記 (四庫全書標點本)\東觀漢記 (四庫全書標點本)__juan_12.txt	scrape_output\clean\東漢\東觀漢記 (四庫全書標點本)\東觀漢記 (四庫全書標點本)__juan_12.txt	0	0	1
東漢	204868	東觀漢記 (四庫全書標點本)	東觀漢記 (四庫全書標點本)/卷13	東觀漢記 (四庫全書標點本)	13	scrape_output\raw\東漢\東觀漢記 (四庫全書標點本)\東觀漢記 (四庫全書標點本)__juan_13.txt	scrape_output\clean\東漢\東觀漢記 (四庫全書標點本)\東觀漢記 (四庫全書標點本)__juan_13.txt	0	0	1
東漢	204868	東觀漢記 (四庫全書標點本)	東觀漢記 (四庫全書標點本)/卷14	東觀漢記 (四庫全書標點本)	14	scrape_output\raw\東漢\東觀漢記 (四庫全書標點本)\東觀漢記 (四庫全書標點本)__juan_14.txt	scrape_output\clean\東漢\東觀漢記 (四庫全書標點本)\東觀漢記 (四庫全書標點本)__juan_14.txt	0	0	1
東漢	204868	東觀漢記 (四庫全書標點本)	東觀漢記 (四庫全書標點本)/卷15	東觀漢記 (四庫全書標點本)	15	scrape_output\raw\東漢\東觀漢記 (四庫全書標點本)\東觀漢記 (四庫全書標點本)__juan_15.txt	scrape_output\clean\東漢\東觀漢記 (四庫全書標點本)\東觀漢記 (四庫全書標點本)__juan_15.txt	0	0	1
東漢	204868	東觀漢記 (四庫全書標點本)	東觀漢記 (四庫全書標點本)/卷16	東觀漢記 (四庫全書標點本)	16	scrape_output\raw\東漢\東觀漢記 (四庫全書標點本)\東觀漢記 (四庫全書標點本)__juan_16.txt	scrape_output\clean\東漢\東觀漢記 (四庫全書標點本)\東觀漢記 (四庫全書標點本)__juan_16.txt	0	0	1
東漢	204868	東觀漢記 (四庫全書標點本)	東觀漢記 (四庫全書標點本)/卷17	東觀漢記 (四庫全書標點本)	17	scrape_output\raw\東漢\東觀漢記 (四庫全書標點本)\東觀漢記 (四庫全書標點本)__juan_17.txt	scrape_output\clean\東漢\東觀漢記 (四庫全書標點本)\東觀漢記 (四庫全書標點本)__juan_17.txt	0	0	1
東漢	204868	東觀漢記 (四庫全書標點本)	東觀漢記 (四庫全書標點本)/卷18	東觀漢記 (四庫全書標點本)	18	scrape_output\raw\東漢\東觀漢記 (四庫全書標點本)\東觀漢記 (四庫全書標點本)__juan_18.txt	scrape_output\clean\東漢\東觀漢記 (四庫全書標點本)\東觀漢記 (四庫全書標點本)__juan_18.txt	0	0	1
東漢	204868	東觀漢記 (四庫全書標點本)	東觀漢記 (四庫全書標點本)/卷19	東觀漢記 (四庫全書標點本)	19	scrape_output\raw\東漢\東觀漢記 (四庫全書標點本)\東觀漢記 (四庫全書標點本)__juan_19.txt	scrape_output\clean\東漢\東觀漢記 (四庫全書標點本)\東觀漢記 (四庫全書標點本)__juan_19.txt	0	0	1
東漢	204868	東觀漢記 (四庫全書標點本)	東觀漢記 (四庫全書標點本)/卷20	東觀漢記 (四庫全書標點本)	20	scrape_output\raw\東漢\東觀漢記 (四庫全書標點本)\東觀漢記 (四庫全書標點本)__juan_20.txt	scrape_output\clean\東漢\東觀漢記 (四庫全書標點本)\東觀漢記 (四庫全書標點本)__juan_20.txt	0	0	1
東漢	204868	東觀漢記 (四庫全書標點本)	東觀漢記 (四庫全書標點本)/卷21	東觀漢記 (四庫全書標點本)	21	scrape_output\raw\東漢\東觀漢記 (四庫全書標點本)\東觀漢記 (四庫全書標點本)__juan_21.txt	scrape_output\clean\東漢\東觀漢記 (四庫全書標點本)\東觀漢記 (四庫全書標點本)__juan_21.txt	0	0	1
東漢	204868	東觀漢記 (四庫全書標點本)	東觀漢記 (四庫全書標點本)/卷22	東觀漢記 (四庫全書標點本)	22	scrape_output\raw\東漢\東觀漢記 (四庫全書標點本)\東觀漢記 (四庫全書標點本)__juan_22.txt	scrape_output\clean\東漢\東觀漢記 (四庫全書標點本)\東觀漢記 (四庫全書標點本)__juan_22.txt	0	0	1
東漢	204868	東觀漢記 (四庫全書標點本)	東觀漢記 (四庫全書標點本)/卷23	東觀漢記 (四庫全書標點本)	23	scrape_output\raw\東漢\東觀漢記 (四庫全書標點本)\東觀漢記 (四庫全書標點本)__juan_23.txt	scrape_output\clean\東漢\東觀漢記 (四庫全書標點本)\東觀漢記 (四庫全書標點本)__juan_23.txt	0	0	1
東漢	204868	東觀漢記 (四庫全書標點本)	東觀漢記 (四庫全書標點本)/卷24	東觀漢記 (四庫全書標點本)	24	scrape_output\raw\東漢\東觀漢記 (四庫全書標點本)\東觀漢記 (四庫全書標點本)__juan_24.txt	scrape_output\clean\東漢\東觀漢記 (四庫全書標點本)\東觀漢記 (四庫全書標點本)__juan_24.txt	0	0	1
東漢	204892	東觀漢記 (武英殿聚珍本)	東觀漢記 (武英殿聚珍本)/卷01	東觀漢記 (武英殿聚珍本)	1	scrape_output\raw\東漢\東觀漢記 (武英殿聚珍本)\東觀漢記 (武英殿聚珍本)__juan_01.txt	scrape_output\clean\東漢\東觀漢記 (武英殿聚珍本)\東觀漢記 (武英殿聚珍本)__juan_01.txt	9421	9277	0
東漢	1035795	東觀賦	東觀賦	東觀賦	1	scrape_output\raw\東漢\東觀賦\東觀賦__juan_01.txt	scrape_output\clean\東漢\東觀賦\東觀賦__juan_01.txt	179	135	0
東漢	1195704	柳賦 (曹丕)	柳賦 (曹丕)	柳賦 (曹丕)	1	scrape_output\raw\東漢\柳賦 (曹丕)\柳賦 (曹丕)__juan_01.txt	scrape_output\clean\東漢\柳賦 (曹丕)\柳賦 (曹丕)__juan_01.txt	408	364	0
東漢	1047528	柳賦 (陳琳)	柳賦 (陳琳)	柳賦 (陳琳)	1	scrape_output\raw\東漢\柳賦 (陳琳)\柳賦 (陳琳)__juan_01.txt	scrape_output\clean\東漢\柳賦 (陳琳)\柳賦 (陳琳)__juan_01.txt	123	79	0
東漢	58175	楚辭章句	楚辭章句/卷01	楚辭章句	1	scrape_output\raw\東漢\楚辭章句\楚辭章句__juan_01.txt	scrape_output\clean\東漢\楚辭章句\楚辭章句__juan_01.txt	17203	14418	0
東漢	58175	楚辭章句	楚辭章句/卷02	楚辭章句	2	scrape_output\raw\東漢\楚辭章句\楚辭章句__juan_02.txt	scrape_output\clean\東漢\楚辭章句\楚辭章句__juan_02.txt	5210	4303	0
東漢	58175	楚辭章句	楚辭章句/卷03	楚辭章句	3	scrape_output\raw\東漢\楚辭章句\楚辭章句__juan_03.txt	scrape_output\clean\東漢\楚辭章句\楚辭章句__juan_03.txt	5648	4716	0
東漢	58175	楚辭章句	楚辭章句/卷04	楚辭章句	4	scrape_output\raw\東漢\楚辭章句\楚辭章句__juan_04.txt	scrape_output\clean\東漢\楚辭章句\楚辭章句__juan_04.txt	4954	3995	0
東漢	58175	楚辭章句	楚辭章句/卷05	楚辭章句	5	scrape_output\raw\東漢\楚辭章句\楚辭章句__juan_05.txt	scrape_output\clean\東漢\楚辭章句\楚辭章句__juan_05.txt	4771	3154	0
東漢	58175	楚辭章句	楚辭章句/卷06	楚辭章句	6	scrape_output\raw\東漢\楚辭章句\楚辭章句__juan_06.txt	scrape_output\clean\東漢\楚辭章句\楚辭章句__juan_06.txt	1216	809	0
東漢	58175	楚辭章句	楚辭章句/卷07	楚辭章句	7	scrape_output\raw\東漢\楚辭章句\楚辭章句__juan_07.txt	scrape_output\clean\東漢\楚辭章句\楚辭章句__juan_07.txt	864	534	0
東漢	58175	楚辭章句	楚辭章句/卷08	楚辭章句	8	scrape_output\raw\東漢\楚辭章句\楚辭章句__juan_08.txt	scrape_output\clean\東漢\楚辭章句\楚辭章句__juan_08.txt	5094	3342	0
東漢	58175	楚辭章句	楚辭章句/卷09	楚辭章句	9	scrape_output\raw\東漢\楚辭章句\楚辭章句__juan_09.txt	scrape_output\clean\東漢\楚辭章句\楚辭章句__juan_09.txt	5106	4379	0
東漢	58175	楚辭章句	楚辭章句/卷10	楚辭章句	10	scrape_output\raw\東漢\楚辭章句\楚辭章句__juan_10.txt	scrape_output\clean\東漢\楚辭章句\楚辭章句__juan_10.txt	4850	3924	0
東漢	58175	楚辭章句	楚辭章句/卷11	楚辭章句	11	scrape_output\raw\東漢\楚辭章句\楚辭章句__juan_11.txt	scrape_output\clean\東漢\楚辭章句\楚辭章句__juan_11.txt	2446	2401	0
東漢	58175	楚辭章句	楚辭章句/卷12	楚辭章句	12	scrape_output\raw\東漢\楚辭章句\楚辭章句__juan_12.txt	scrape_output\clean\東漢\楚辭章句\楚辭章句__juan_12.txt	1200	853	0
東漢	58175	楚辭章句	楚辭章句/卷13	楚辭章句	13	scrape_output\raw\東漢\楚辭章句\楚辭章句__juan_13.txt	scrape_output\clean\東漢\楚辭章句\楚辭章句__juan_13.txt	5554	5049	0
東漢	58175	楚辭章句	楚辭章句/卷14	楚辭章句	14	scrape_output\raw\東漢\楚辭章句\楚辭章句__juan_14.txt	scrape_output\clean\東漢\楚辭章句\楚辭章句__juan_14.txt	4589	4257	0
東漢	58175	楚辭章句	楚辭章句/卷15	楚辭章句	15	scrape_output\raw\東漢\楚辭章句\楚辭章句__juan_15.txt	scrape_output\clean\東漢\楚辭章句\楚辭章句__juan_15.txt	4192	2717	0
東漢	58175	楚辭章句	楚辭章句/卷16	楚辭章句	16	scrape_output\raw\東漢\楚辭章句\楚辭章句__juan_16.txt	scrape_output\clean\東漢\楚辭章句\楚辭章句__juan_16.txt	5255	4451	0
東漢	58175	楚辭章句	楚辭章句/卷17	楚辭章句	17	scrape_output\raw\東漢\楚辭章句\楚辭章句__juan_17.txt	scrape_output\clean\東漢\楚辭章句\楚辭章句__juan_17.txt	5003	3857	0
東漢	1044774	樽銘	樽銘	樽銘	1	scrape_output\raw\東漢\樽銘\樽銘__juan_01.txt	scrape_output\clean\東漢\樽銘\樽銘__juan_01.txt	111	67	0
東漢	1043322	機賦	機賦	機賦	1	scrape_output\raw\東漢\機賦\機賦__juan_01.txt	scrape_output\clean\東漢\機賦\機賦__juan_01.txt	416	372	0
東漢	15156	檄吳將校部曲文	檄吳將校部曲文	檄吳將校部曲文	1	scrape_output\raw\東漢\檄吳將校部曲文\檄吳將校部曲文__juan_01.txt	scrape_output\clean\東漢\檄吳將校部曲文\檄吳將校部曲文__juan_01.txt	2348	2302	0
東漢	165278	歌四句	歌四句	歌四句	1	scrape_output\raw\東漢\歌四句\歌四句__juan_01.txt	scrape_output\clean\東漢\歌四句\歌四句__juan_01.txt	24	24	0
東漢	1042421	止欲賦 (阮瑀)	止欲賦 (阮瑀)	止欲賦 (阮瑀)	1	scrape_output\raw\東漢\止欲賦 (阮瑀)\止欲賦 (阮瑀)__juan_01.txt	scrape_output\clean\東漢\止欲賦 (阮瑀)\止欲賦 (阮瑀)__juan_01.txt	284	240	0
東漢	1047517	止欲賦 (陳琳)	止欲賦 (陳琳)	止欲賦 (陳琳)	1	scrape_output\raw\東漢\止欲賦 (陳琳)\止欲賦 (陳琳)__juan_01.txt	scrape_output\clean\東漢\止欲賦 (陳琳)\止欲賦 (陳琳)__juan_01.txt	253	209	0
東漢	7738	步出夏門行 (曹操)	步出夏門行 (曹操)	步出夏門行 (曹操)	1	scrape_output\raw\東漢\步出夏門行 (曹操)\步出夏門行 (曹操)__juan_01.txt	scrape_output\clean\東漢\步出夏門行 (曹操)\步出夏門行 (曹操)__juan_01.txt	518	454	0
東漢	1047513	武軍賦	武軍賦	武軍賦	1	scrape_output\raw\東漢\武軍賦\武軍賦__juan_01.txt	scrape_output\clean\東漢\武軍賦\武軍賦__juan_01.txt	714	667	0
東漢	165280	殘句 (張衡)	殘句 (張衡)	殘句 (張衡)	1	scrape_output\raw\東漢\殘句 (張衡)\殘句 (張衡)__juan_01.txt	scrape_output\clean\東漢\殘句 (張衡)\殘句 (張衡)__juan_01.txt	27	25	0
東漢	61370	毛詩正義	毛詩正義/卷一	毛詩正義	1	scrape_output\raw\東漢\毛詩正義\毛詩正義__juan_01.txt	scrape_output\clean\東漢\毛詩正義\毛詩正義__juan_01.txt	99500	98565	0
東漢	61370	毛詩正義	毛詩正義/卷二	毛詩正義	2	scrape_output\raw\東漢\毛詩正義\毛詩正義__juan_02.txt	scrape_output\clean\東漢\毛詩正義\毛詩正義__juan_02.txt	62756	61894	0
東漢	61370	毛詩正義	毛詩正義/卷三	毛詩正義	3	scrape_output\raw\東漢\毛詩正義\毛詩正義__juan_03.txt	scrape_output\clean\東漢\毛詩正義\毛詩正義__juan_03.txt	58847	58088	0
東漢	61370	毛詩正義	毛詩正義/卷四	毛詩正義	4	scrape_output\raw\東漢\毛詩正義\毛詩正義__juan_04.txt	scrape_output\clean\東漢\毛詩正義\毛詩正義__juan_04.txt	64745	63854	0
東漢	61370	毛詩正義	毛詩正義/卷五	毛詩正義	5	scrape_output\raw\東漢\毛詩正義\毛詩正義__juan_05.txt	scrape_output\clean\東漢\毛詩正義\毛詩正義__juan_05.txt	46436	45829	0
東漢	61370	毛詩正義	毛詩正義/卷六	毛詩正義	6	scrape_output\raw\東漢\毛詩正義\毛詩正義__juan_06.txt	scrape_output\clean\東漢\毛詩正義\毛詩正義__juan_06.txt	53752	53041	0
東漢	61370	毛詩正義	毛詩正義/卷七	毛詩正義	7	scrape_output\raw\東漢\毛詩正義\毛詩正義__juan_07.txt	scrape_output\clean\東漢\毛詩正義\毛詩正義__juan_07.txt	40216	39619	0
東漢	61370	毛詩正義	毛詩正義/卷八	毛詩正義	8	scrape_output\raw\東漢\毛詩正義\毛詩正義__juan_08.txt	scrape_output\clean\東漢\毛詩正義\毛詩正義__juan_08.txt	50517	50065	0
東漢	61370	毛詩正義	毛詩正義/卷九	毛詩正義	9	scrape_output\raw\東漢\毛詩正義\毛詩正義__juan_09.txt	scrape_output\clean\東漢\毛詩正義\毛詩正義__juan_09.txt	64572	63994	0
東漢	61370	毛詩正義	毛詩正義/卷十	毛詩正義	10	scrape_output\raw\東漢\毛詩正義\毛詩正義__juan_10.txt	scrape_output\clean\東漢\毛詩正義\毛詩正義__juan_10.txt	42314	41846	0
東漢	61370	毛詩正義	毛詩正義/卷十一	毛詩正義	11	scrape_output\raw\東漢\毛詩正義\毛詩正義__juan_11.txt	scrape_output\clean\東漢\毛詩正義\毛詩正義__juan_11.txt	30766	30357	0
東漢	61370	毛詩正義	毛詩正義/卷十二	毛詩正義	12	scrape_output\raw\東漢\毛詩正義\毛詩正義__juan_12.txt	scrape_output\clean\東漢\毛詩正義\毛詩正義__juan_12.txt	64206	63340	0
東漢	61370	毛詩正義	毛詩正義/卷十三	毛詩正義	13	scrape_output\raw\東漢\毛詩正義\毛詩正義__juan_13.txt	scrape_output\clean\東漢\毛詩正義\毛詩正義__juan_13.txt	52245	51646	0
東漢	61370	毛詩正義	毛詩正義/卷十四	毛詩正義	14	scrape_output\raw\東漢\毛詩正義\毛詩正義__juan_14.txt	scrape_output\clean\東漢\毛詩正義\毛詩正義__juan_14.txt	54361	53859	0
東漢	61370	毛詩正義	毛詩正義/卷十五	毛詩正義	15	scrape_output\raw\東漢\毛詩正義\毛詩正義__juan_15.txt	scrape_output\clean\東漢\毛詩正義\毛詩正義__juan_15.txt	53623	52941	0
東漢	61370	毛詩正義	毛詩正義/卷十六	毛詩正義	16	scrape_output\raw\東漢\毛詩正義\毛詩正義__juan_16.txt	scrape_output\clean\東漢\毛詩正義\毛詩正義__juan_16.txt	96611	95658	0
東漢	61370	毛詩正義	毛詩正義/卷十七	毛詩正義	17	scrape_output\raw\東漢\毛詩正義\毛詩正義__juan_17.txt	scrape_output\clean\東漢\毛詩正義\毛詩正義__juan_17.txt	86973	86037	0
東漢	61370	毛詩正義	毛詩正義/卷十八	毛詩正義	18	scrape_output\raw\東漢\毛詩正義\毛詩正義__juan_18.txt	scrape_output\clean\東漢\毛詩正義\毛詩正義__juan_18.txt	103400	102090	0
東漢	61370	毛詩正義	毛詩正義/卷十九	毛詩正義	19	scrape_output\raw\東漢\毛詩正義\毛詩正義__juan_19.txt	scrape_output\clean\東漢\毛詩正義\毛詩正義__juan_19.txt	97973	97012	0
東漢	61370	毛詩正義	毛詩正義/卷二十	毛詩正義	20	scrape_output\raw\東漢\毛詩正義\毛詩正義__juan_20.txt	scrape_output\clean\東漢\毛詩正義\毛詩正義__juan_20.txt	75381	74719	0
東漢	27045	氣出唱 (曹操)	氣出唱 (曹操)	氣出唱 (曹操)	1	scrape_output\raw\東漢\氣出唱 (曹操)\氣出唱 (曹操)__juan_01.txt	scrape_output\clean\東漢\氣出唱 (曹操)\氣出唱 (曹操)__juan_01.txt	713	654	0
東漢	18639	求賢令	求賢令	求賢令	1	scrape_output\raw\東漢\求賢令\求賢令__juan_01.txt	scrape_output\clean\東漢\求賢令\求賢令__juan_01.txt	261	215	0
東漢	27989	汝潁優劣論	汝潁優劣論	汝潁優劣論	1	scrape_output\raw\東漢\汝潁優劣論\汝潁優劣論__juan_01.txt	scrape_output\clean\東漢\汝潁優劣論\汝潁優劣論__juan_01.txt	445	401	0
東漢	1043967	河南尹箴	河南尹箴	河南尹箴	1	scrape_output\raw\東漢\河南尹箴\河南尹箴__juan_01.txt	scrape_output\clean\東漢\河南尹箴\河南尹箴__juan_01.txt	184	140	0
東漢	189730	河朔寒	河朔寒	河朔寒	1	scrape_output\raw\東漢\河朔寒\河朔寒__juan_01.txt	scrape_output\clean\東漢\河朔寒\河朔寒__juan_01.txt	167	117	0
東漢	169919	河激頌	河激頌	河激頌	1	scrape_output\raw\東漢\河激頌\河激頌__juan_01.txt	scrape_output\clean\東漢\河激頌\河激頌__juan_01.txt	562	467	0
東漢	876148	法鏡經	法鏡經	法鏡經	1	scrape_output\raw\東漢\法鏡經\法鏡經__juan_01.txt	scrape_output\clean\東漢\法鏡經\法鏡經__juan_01.txt	12974	12902	0
東漢	56860	洞冥記	洞冥記/卷第一	洞冥記	1	scrape_output\raw\東漢\洞冥記\洞冥記__juan_01.txt	scrape_output\clean\東漢\洞冥記\洞冥記__juan_01.txt	1495	1495	0
東漢	56860	洞冥記	洞冥記/卷第三	洞冥記	2	scrape_output\raw\東漢\洞冥記\洞冥記__juan_02.txt	scrape_output\clean\東漢\洞冥記\洞冥記__juan_02.txt	1705	1705	0
東漢	56860	洞冥記	洞冥記/卷第二	洞冥記	3	scrape_output\raw\東漢\洞冥記\洞冥記__juan_03.txt	scrape_output\clean\東漢\洞冥記\洞冥記__juan_03.txt	2566	2566	0
東漢	56860	洞冥記	洞冥記/卷第四	洞冥記	4	scrape_output\raw\東漢\洞冥記\洞冥記__juan_04.txt	scrape_output\clean\東漢\洞冥記\洞冥記__juan_04.txt	819	819	0
東漢	165281	溫泉賦	溫泉賦	溫泉賦	1	scrape_output\raw\東漢\溫泉賦\溫泉賦__juan_01.txt	scrape_output\clean\東漢\溫泉賦\溫泉賦__juan_01.txt	205	205	0
東漢	1044798	漢明帝頌	漢明帝頌	漢明帝頌	1	scrape_output\raw\東漢\漢明帝頌\漢明帝頌__juan_01.txt	scrape_output\clean\東漢\漢明帝頌\漢明帝頌__juan_01.txt	103	59	0
東漢	7919	漢書	漢書/卷001	漢書	1	scrape_output\raw\東漢\漢書\漢書__juan_01.txt	scrape_output\clean\東漢\漢書\漢書__juan_01.txt	17222	17178	0
東漢	7919	漢書	漢書/卷013	漢書	2	scrape_output\raw\東漢\漢書\漢書__juan_02.txt	scrape_output\clean\東漢\漢書\漢書__juan_02.txt	619	496	0
東漢	7919	漢書	漢書/卷014	漢書	3	scrape_output\raw\東漢\漢書\漢書__juan_03.txt	scrape_output\clean\東漢\漢書\漢書__juan_03.txt	1856	1612	0
東漢	7919	漢書	漢書/卷015	漢書	4	scrape_output\raw\東漢\漢書\漢書__juan_04.txt	scrape_output\clean\東漢\漢書\漢書__juan_04.txt	413	369	0
東漢	7919	漢書	漢書/卷015b	漢書	5	scrape_output\raw\東漢\漢書\漢書__juan_05.txt	scrape_output\clean\東漢\漢書\漢書__juan_05.txt	242	192	0
東漢	7919	漢書	漢書/卷017	漢書	6	scrape_output\raw\東漢\漢書\漢書__juan_06.txt	scrape_output\clean\東漢\漢書\漢書__juan_06.txt	847	777	0
東漢	7919	漢書	漢書/卷018	漢書	7	scrape_output\raw\東漢\漢書\漢書__juan_07.txt	scrape_output\clean\東漢\漢書\漢書__juan_07.txt	973	897	0
東漢	7919	漢書	漢書/卷019	漢書	8	scrape_output\raw\東漢\漢書\漢書__juan_08.txt	scrape_output\clean\東漢\漢書\漢書__juan_08.txt	6834	6173	0
東漢	7919	漢書	漢書/卷019b	漢書	9	scrape_output\raw\東漢\漢書\漢書__juan_09.txt	scrape_output\clean\東漢\漢書\漢書__juan_09.txt	131	86	0
東漢	7919	漢書	漢書/卷020	漢書	10	scrape_output\raw\東漢\漢書\漢書__juan_10.txt	scrape_output\clean\東漢\漢書\漢書__juan_10.txt	916	833	0
東漢	7919	漢書	漢書/卷028	漢書	11	scrape_output\raw\東漢\漢書\漢書__juan_11.txt	scrape_output\clean\東漢\漢書\漢書__juan_11.txt	19668	19486	0
東漢	7919	漢書	漢書/卷040	漢書	12	scrape_output\raw\東漢\漢書\漢書__juan_12.txt	scrape_output\clean\東漢\漢書\漢書__juan_12.txt	12593	12549	0
東漢	7919	漢書	漢書/卷041	漢書	13	scrape_output\raw\東漢\漢書\漢書__juan_13.txt	scrape_output\clean\東漢\漢書\漢書__juan_13.txt	6559	6515	0
東漢	7919	漢書	漢書/卷042	漢書	14	scrape_output\raw\東漢\漢書\漢書__juan_14.txt	scrape_output\clean\東漢\漢書\漢書__juan_14.txt	3187	3138	0
東漢	7919	漢書	漢書/卷043	漢書	15	scrape_output\raw\東漢\漢書\漢書__juan_15.txt	scrape_output\clean\東漢\漢書\漢書__juan_15.txt	7296	7237	0
東漢	7919	漢書	漢書/卷044	漢書	16	scrape_output\raw\東漢\漢書\漢書__juan_16.txt	scrape_output\clean\東漢\漢書\漢書__juan_16.txt	6779	6735	0
東漢	7919	漢書	漢書/卷045	漢書	17	scrape_output\raw\東漢\漢書\漢書__juan_17.txt	scrape_output\clean\東漢\漢書\漢書__juan_17.txt	8538	8494	0
東漢	7919	漢書	漢書/卷046	漢書	18	scrape_output\raw\東漢\漢書\漢書__juan_18.txt	scrape_output\clean\東漢\漢書\漢書__juan_18.txt	5869	5713	0
東漢	7919	漢書	漢書/卷047	漢書	19	scrape_output\raw\東漢\漢書\漢書__juan_19.txt	scrape_output\clean\東漢\漢書\漢書__juan_19.txt	3755	3711	0
東漢	7919	漢書	漢書/卷048	漢書	20	scrape_output\raw\東漢\漢書\漢書__juan_20.txt	scrape_output\clean\東漢\漢書\漢書__juan_20.txt	14745	14649	0
東漢	7919	漢書	漢書/卷049	漢書	21	scrape_output\raw\東漢\漢書\漢書__juan_21.txt	scrape_output\clean\東漢\漢書\漢書__juan_21.txt	9924	9880	0
東漢	7919	漢書	漢書/卷050	漢書	22	scrape_output\raw\東漢\漢書\漢書__juan_22.txt	scrape_output\clean\東漢\漢書\漢書__juan_22.txt	5311	5267	0
東漢	7919	漢書	漢書/卷051	漢書	23	scrape_output\raw\東漢\漢書\漢書__juan_23.txt	scrape_output\clean\東漢\漢書\漢書__juan_23.txt	23088	22696	0
東漢	7919	漢書	漢書/卷052	漢書	24	scrape_output\raw\東漢\漢書\漢書__juan_24.txt	scrape_output\clean\東漢\漢書\漢書__juan_24.txt	7942	7898	0
東漢	7919	漢書	漢書/卷053	漢書	25	scrape_output\raw\東漢\漢書\漢書__juan_25.txt	scrape_output\clean\東漢\漢書\漢書__juan_25.txt	7497	7399	0
東漢	7919	漢書	漢書/卷054	漢書	26	scrape_output\raw\東漢\漢書\漢書__juan_26.txt	scrape_output\clean\東漢\漢書\漢書__juan_26.txt	9127	9083	0
東漢	7919	漢書	漢書/卷055	漢書	27	scrape_output\raw\東漢\漢書\漢書__juan_27.txt	scrape_output\clean\東漢\漢書\漢書__juan_27.txt	6434	6390	0
東漢	7919	漢書	漢書/卷056	漢書	28	scrape_output\raw\東漢\漢書\漢書__juan_28.txt	scrape_output\clean\東漢\漢書\漢書__juan_28.txt	17908	14452	0
東漢	7919	漢書	漢書/卷057上	漢書	29	scrape_output\raw\東漢\漢書\漢書__juan_29.txt	scrape_output\clean\東漢\漢書\漢書__juan_29.txt	26746	26470	0
東漢	7919	漢書	漢書/卷057下	漢書	30	scrape_output\raw\東漢\漢書\漢書__juan_30.txt	scrape_output\clean\東漢\漢書\漢書__juan_30.txt	17611	17336	0
東漢	7919	漢書	漢書/卷058	漢書	31	scrape_output\raw\東漢\漢書\漢書__juan_31.txt	scrape_output\clean\東漢\漢書\漢書__juan_31.txt	10384	10115	0
東漢	7919	漢書	漢書/卷059	漢書	32	scrape_output\raw\東漢\漢書\漢書__juan_32.txt	scrape_output\clean\東漢\漢書\漢書__juan_32.txt	5651	5607	0
東漢	7919	漢書	漢書/卷060	漢書	33	scrape_output\raw\東漢\漢書\漢書__juan_33.txt	scrape_output\clean\東漢\漢書\漢書__juan_33.txt	6690	6646	0
東漢	7919	漢書	漢書/卷061	漢書	34	scrape_output\raw\東漢\漢書\漢書__juan_34.txt	scrape_output\clean\東漢\漢書\漢書__juan_34.txt	8977	8765	0
東漢	7919	漢書	漢書/卷062	漢書	35	scrape_output\raw\東漢\漢書\漢書__juan_35.txt	scrape_output\clean\東漢\漢書\漢書__juan_35.txt	8698	8654	0
東漢	7919	漢書	漢書/卷063	漢書	36	scrape_output\raw\東漢\漢書\漢書__juan_36.txt	scrape_output\clean\東漢\漢書\漢書__juan_36.txt	8351	8307	0
東漢	7919	漢書	漢書/卷064上	漢書	37	scrape_output\raw\東漢\漢書\漢書__juan_37.txt	scrape_output\clean\東漢\漢書\漢書__juan_37.txt	15143	14801	0
東漢	7919	漢書	漢書/卷064下	漢書	38	scrape_output\raw\東漢\漢書\漢書__juan_38.txt	scrape_output\clean\東漢\漢書\漢書__juan_38.txt	7230	7186	0
東漢	7919	漢書	漢書/卷065	漢書	39	scrape_output\raw\東漢\漢書\漢書__juan_39.txt	scrape_output\clean\東漢\漢書\漢書__juan_39.txt	7858	7814	0
東漢	7919	漢書	漢書/卷067	漢書	40	scrape_output\raw\東漢\漢書\漢書__juan_40.txt	scrape_output\clean\東漢\漢書\漢書__juan_40.txt	10780	10544	0
東漢	7919	漢書	漢書/卷068	漢書	41	scrape_output\raw\東漢\漢書\漢書__juan_41.txt	scrape_output\clean\東漢\漢書\漢書__juan_41.txt	17590	17176	0
東漢	7919	漢書	漢書/卷069	漢書	42	scrape_output\raw\東漢\漢書\漢書__juan_42.txt	scrape_output\clean\東漢\漢書\漢書__juan_42.txt	8456	8412	0
東漢	7919	漢書	漢書/卷070	漢書	43	scrape_output\raw\東漢\漢書\漢書__juan_43.txt	scrape_output\clean\東漢\漢書\漢書__juan_43.txt	15039	14730	0
東漢	7919	漢書	漢書/卷071	漢書	44	scrape_output\raw\東漢\漢書\漢書__juan_44.txt	scrape_output\clean\東漢\漢書\漢書__juan_44.txt	5347	5303	0
東漢	7919	漢書	漢書/卷072	漢書	45	scrape_output\raw\東漢\漢書\漢書__juan_45.txt	scrape_output\clean\東漢\漢書\漢書__juan_45.txt	12110	12061	0
東漢	7919	漢書	漢書/卷073	漢書	46	scrape_output\raw\東漢\漢書\漢書__juan_46.txt	scrape_output\clean\東漢\漢書\漢書__juan_46.txt	8303	8259	0
東漢	7919	漢書	漢書/卷074	漢書	47	scrape_output\raw\東漢\漢書\漢書__juan_47.txt	scrape_output\clean\東漢\漢書\漢書__juan_47.txt	5773	5729	0
東漢	7919	漢書	漢書/卷075	漢書	48	scrape_output\raw\東漢\漢書\漢書__juan_48.txt	scrape_output\clean\東漢\漢書\漢書__juan_48.txt	12392	12344	0
東漢	7919	漢書	漢書/卷076	漢書	49	scrape_output\raw\東漢\漢書\漢書__juan_49.txt	scrape_output\clean\東漢\漢書\漢書__juan_49.txt	12342	12298	0
東漢	7919	漢書	漢書/卷077	漢書	50	scrape_output\raw\東漢\漢書\漢書__juan_50.txt	scrape_output\clean\東漢\漢書\漢書__juan_50.txt	7410	7366	0
東漢	7919	漢書	漢書/卷078	漢書	51	scrape_output\raw\東漢\漢書\漢書__juan_51.txt	scrape_output\clean\東漢\漢書\漢書__juan_51.txt	6492	6448	0
東漢	7919	漢書	漢書/卷079	漢書	52	scrape_output\raw\東漢\漢書\漢書__juan_52.txt	scrape_output\clean\東漢\漢書\漢書__juan_52.txt	4815	4771	0
東漢	7919	漢書	漢書/卷080	漢書	53	scrape_output\raw\東漢\漢書\漢書__juan_53.txt	scrape_output\clean\東漢\漢書\漢書__juan_53.txt	4930	4886	0
東漢	7919	漢書	漢書/卷081	漢書	54	scrape_output\raw\東漢\漢書\漢書__juan_54.txt	scrape_output\clean\東漢\漢書\漢書__juan_54.txt	10987	10942	0
東漢	7919	漢書	漢書/卷083	漢書	55	scrape_output\raw\東漢\漢書\漢書__juan_55.txt	scrape_output\clean\東漢\漢書\漢書__juan_55.txt	7781	7737	0
東漢	7919	漢書	漢書/卷084	漢書	56	scrape_output\raw\東漢\漢書\漢書__juan_56.txt	scrape_output\clean\東漢\漢書\漢書__juan_56.txt	8295	8251	0
東漢	7919	漢書	漢書/卷085	漢書	57	scrape_output\raw\東漢\漢書\漢書__juan_57.txt	scrape_output\clean\東漢\漢書\漢書__juan_57.txt	9092	9048	0
東漢	7919	漢書	漢書/卷086	漢書	58	scrape_output\raw\東漢\漢書\漢書__juan_58.txt	scrape_output\clean\東漢\漢書\漢書__juan_58.txt	9565	9521	0
東漢	7919	漢書	漢書/卷087	漢書	59	scrape_output\raw\東漢\漢書\漢書__juan_59.txt	scrape_output\clean\東漢\漢書\漢書__juan_59.txt	11862	11794	0
東漢	7919	漢書	漢書/卷088	漢書	60	scrape_output\raw\東漢\漢書\漢書__juan_60.txt	scrape_output\clean\東漢\漢書\漢書__juan_60.txt	10796	10748	0
東漢	7919	漢書	漢書/卷089	漢書	61	scrape_output\raw\東漢\漢書\漢書__juan_61.txt	scrape_output\clean\東漢\漢書\漢書__juan_61.txt	5893	5849	0
東漢	7919	漢書	漢書/卷090	漢書	62	scrape_output\raw\東漢\漢書\漢書__juan_62.txt	scrape_output\clean\東漢\漢書\漢書__juan_62.txt	8118	8074	0
東漢	7919	漢書	漢書/卷091	漢書	63	scrape_output\raw\東漢\漢書\漢書__juan_63.txt	scrape_output\clean\東漢\漢書\漢書__juan_63.txt	3377	3333	0
東漢	7919	漢書	漢書/卷092	漢書	64	scrape_output\raw\東漢\漢書\漢書__juan_64.txt	scrape_output\clean\東漢\漢書\漢書__juan_64.txt	6541	6497	0
東漢	7919	漢書	漢書/卷093	漢書	65	scrape_output\raw\東漢\漢書\漢書__juan_65.txt	scrape_output\clean\東漢\漢書\漢書__juan_65.txt	6225	6181	0
東漢	7919	漢書	漢書/卷094上	漢書	66	scrape_output\raw\東漢\漢書\漢書__juan_66.txt	scrape_output\clean\東漢\漢書\漢書__juan_66.txt	15692	15647	0
東漢	7919	漢書	漢書/卷094下	漢書	67	scrape_output\raw\東漢\漢書\漢書__juan_67.txt	scrape_output\clean\東漢\漢書\漢書__juan_67.txt	13045	13001	0
東漢	7919	漢書	漢書/卷095	漢書	68	scrape_output\raw\東漢\漢書\漢書__juan_68.txt	scrape_output\clean\東漢\漢書\漢書__juan_68.txt	9341	9297	0
東漢	7919	漢書	漢書/卷096上	漢書	69	scrape_output\raw\東漢\漢書\漢書__juan_69.txt	scrape_output\clean\東漢\漢書\漢書__juan_69.txt	8245	8201	0
東漢	7919	漢書	漢書/卷096下	漢書	70	scrape_output\raw\東漢\漢書\漢書__juan_70.txt	scrape_output\clean\東漢\漢書\漢書__juan_70.txt	10318	10264	0
東漢	7919	漢書	漢書/卷097上	漢書	71	scrape_output\raw\東漢\漢書\漢書__juan_71.txt	scrape_output\clean\東漢\漢書\漢書__juan_71.txt	11096	11052	0
東漢	7919	漢書	漢書/卷097下	漢書	72	scrape_output\raw\東漢\漢書\漢書__juan_72.txt	scrape_output\clean\東漢\漢書\漢書__juan_72.txt	11497	11453	0
東漢	7919	漢書	漢書/卷098	漢書	73	scrape_output\raw\東漢\漢書\漢書__juan_73.txt	scrape_output\clean\東漢\漢書\漢書__juan_73.txt	7893	7849	0
東漢	7919	漢書	漢書/卷099上	漢書	74	scrape_output\raw\東漢\漢書\漢書__juan_74.txt	scrape_output\clean\東漢\漢書\漢書__juan_74.txt	17618	17573	0
東漢	7919	漢書	漢書/卷099下	漢書	75	scrape_output\raw\東漢\漢書\漢書__juan_75.txt	scrape_output\clean\東漢\漢書\漢書__juan_75.txt	14461	14412	0
東漢	7919	漢書	漢書/卷099中	漢書	76	scrape_output\raw\東漢\漢書\漢書__juan_76.txt	scrape_output\clean\東漢\漢書\漢書__juan_76.txt	14185	14141	0
東漢	7919	漢書	漢書/卷100上	漢書	77	scrape_output\raw\東漢\漢書\漢書__juan_77.txt	scrape_output\clean\東漢\漢書\漢書__juan_77.txt	7031	6985	0
東漢	7919	漢書	漢書/卷100下	漢書	78	scrape_output\raw\東漢\漢書\漢書__juan_78.txt	scrape_output\clean\東漢\漢書\漢書__juan_78.txt	20776	20726	0
東漢	7919	漢書	漢書/髙惠髙后文功臣表	漢書	79	scrape_output\raw\東漢\漢書\漢書__juan_79.txt	scrape_output\clean\東漢\漢書\漢書__juan_79.txt	1647	1467	0
東漢	1112012	漢書顏師古註	漢書顏師古註/地理志	漢書顏師古註	1	scrape_output\raw\東漢\漢書顏師古註\漢書顏師古註__juan_01.txt	scrape_output\clean\東漢\漢書顏師古註\漢書顏師古註__juan_01.txt	46480	46115	0
東漢	1112012	漢書顏師古註	漢書顏師古註/地理志/地理	漢書顏師古註	2	scrape_output\raw\東漢\漢書顏師古註\漢書顏師古註__juan_02.txt	scrape_output\clean\東漢\漢書顏師古註\漢書顏師古註__juan_02.txt	34813	34452	0
東漢	1112012	漢書顏師古註	漢書顏師古註/地理志/序	漢書顏師古註	3	scrape_output\raw\東漢\漢書顏師古註\漢書顏師古註__juan_03.txt	scrape_output\clean\東漢\漢書顏師古註\漢書顏師古註__juan_03.txt	12200	12019	0
東漢	1112012	漢書顏師古註	漢書顏師古註/韓彭英盧吳傳	漢書顏師古註	4	scrape_output\raw\東漢\漢書顏師古註\漢書顏師古註__juan_04.txt	scrape_output\clean\東漢\漢書顏師古註\漢書顏師古註__juan_04.txt	11659	11422	0
東漢	1112012	漢書顏師古註	漢書顏師古註/韓彭英盧吳傳/韓信	漢書顏師古註	5	scrape_output\raw\東漢\漢書顏師古註\漢書顏師古註__juan_05.txt	scrape_output\clean\東漢\漢書顏師古註\漢書顏師古註__juan_05.txt	6058	5821	0
東漢	57657	漢武帝內傳	漢武帝內傳	漢武帝內傳	1	scrape_output\raw\東漢\漢武帝內傳\漢武帝內傳__juan_01.txt	scrape_output\clean\東漢\漢武帝內傳\漢武帝內傳__juan_01.txt	15445	13882	0
東漢	55808	漢武故事	漢武故事	漢武故事	1	scrape_output\raw\東漢\漢武故事\漢武故事__juan_01.txt	scrape_output\clean\東漢\漢武故事\漢武故事__juan_01.txt	8368	8245	0
東漢	1042379	漢治迹論	漢治迹論	漢治迹論	1	scrape_output\raw\東漢\漢治迹論\漢治迹論__juan_01.txt	scrape_output\clean\東漢\漢治迹論\漢治迹論__juan_01.txt	1210	1166	0
東漢	56077	潛夫論	潛夫論/卷一	潛夫論	1	scrape_output\raw\東漢\潛夫論\潛夫論__juan_01.txt	scrape_output\clean\東漢\潛夫論\潛夫論__juan_01.txt	6341	6341	0
東漢	1036148	災異論	災異論	災異論	1	scrape_output\raw\東漢\災異論\災異論__juan_01.txt	scrape_output\clean\東漢\災異論\災異論__juan_01.txt	1179	1135	0
東漢	27995	為劉表諫袁譚書	為劉表諫袁譚書	為劉表諫袁譚書	1	scrape_output\raw\東漢\為劉表諫袁譚書\為劉表諫袁譚書__juan_01.txt	scrape_output\clean\東漢\為劉表諫袁譚書\為劉表諫袁譚書__juan_01.txt	794	748	0
東漢	169954	為挽舡上與新娶妻別	為挽舡上與新娶妻別	為挽舡上與新娶妻別	1	scrape_output\raw\東漢\為挽舡上與新娶妻別\為挽舡上與新娶妻別__juan_01.txt	scrape_output\clean\東漢\為挽舡上與新娶妻別\為挽舡上與新娶妻別__juan_01.txt	106	104	0
東漢	23225	為曹公作書與孫權	為曹公作書與孫權	為曹公作書與孫權	1	scrape_output\raw\東漢\為曹公作書與孫權\為曹公作書與孫權__juan_01.txt	scrape_output\clean\東漢\為曹公作書與孫權\為曹公作書與孫權__juan_01.txt	1537	1493	0
東漢	1047503	為曹洪與世子書	為曹洪與世子書	為曹洪與世子書	1	scrape_output\raw\東漢\為曹洪與世子書\為曹洪與世子書__juan_01.txt	scrape_output\clean\東漢\為曹洪與世子書\為曹洪與世子書__juan_01.txt	897	853	0
東漢	15154	為曹洪與魏文帝書	為曹洪與魏文帝書	為曹洪與魏文帝書	1	scrape_output\raw\東漢\為曹洪與魏文帝書\為曹洪與魏文帝書__juan_01.txt	scrape_output\clean\東漢\為曹洪與魏文帝書\為曹洪與魏文帝書__juan_01.txt	887	843	0
東漢	891750	為梁冀誣奏太尉李固書	為梁冀誣奏太尉李固書	為梁冀誣奏太尉李固書	1	scrape_output\raw\東漢\為梁冀誣奏太尉李固書\為梁冀誣奏太尉李固書__juan_01.txt	scrape_output\clean\東漢\為梁冀誣奏太尉李固書\為梁冀誣奏太尉李固書__juan_01.txt	523	479	0
東漢	1020441	為第五倫薦謝夷吾表	為第五倫薦謝夷吾表	為第五倫薦謝夷吾表	1	scrape_output\raw\東漢\為第五倫薦謝夷吾表\為第五倫薦謝夷吾表__juan_01.txt	scrape_output\clean\東漢\為第五倫薦謝夷吾表\為第五倫薦謝夷吾表__juan_01.txt	574	530	0
東漢	27994	為袁紹上漢帝書	為袁紹上漢帝書	為袁紹上漢帝書	1	scrape_output\raw\東漢\為袁紹上漢帝書\為袁紹上漢帝書__juan_01.txt	scrape_output\clean\東漢\為袁紹上漢帝書\為袁紹上漢帝書__juan_01.txt	1463	1414	0
東漢	1047496	為袁紹拜烏丸三王為單于版文	為袁紹拜烏丸三王為單于版文	為袁紹拜烏丸三王為單于版文	1	scrape_output\raw\東漢\為袁紹拜烏丸三王為單于版文\為袁紹拜烏丸三王為單于版文__juan_01.txt	scrape_output\clean\東漢\為袁紹拜烏丸三王為單于版文\為袁紹拜烏丸三王為單于版文__juan_01.txt	418	374	0
東漢	1047489	為袁紹檄豫州文	為袁紹檄豫州文	為袁紹檄豫州文	1	scrape_output\raw\東漢\為袁紹檄豫州文\為袁紹檄豫州文__juan_01.txt	scrape_output\clean\東漢\為袁紹檄豫州文\為袁紹檄豫州文__juan_01.txt	1808	1764	0
東漢	1047498	為袁紹與公孫瓚書	為袁紹與公孫瓚書	為袁紹與公孫瓚書	1	scrape_output\raw\東漢\為袁紹與公孫瓚書\為袁紹與公孫瓚書__juan_01.txt	scrape_output\clean\東漢\為袁紹與公孫瓚書\為袁紹與公孫瓚書__juan_01.txt	1113	1069	0
東漢	770977	爵封田疇令	爵封田疇令	爵封田疇令	1	scrape_output\raw\東漢\爵封田疇令\爵封田疇令__juan_01.txt	scrape_output\clean\東漢\爵封田疇令\爵封田疇令__juan_01.txt	296	252	0
東漢	56891	獨斷	獨斷	獨斷	1	scrape_output\raw\東漢\獨斷\獨斷__juan_01.txt	scrape_output\clean\東漢\獨斷\獨斷__juan_01.txt	12442	12350	0
東漢	105687	獻帝春秋	獻帝春秋	獻帝春秋	1	scrape_output\raw\東漢\獻帝春秋\獻帝春秋__juan_01.txt	scrape_output\clean\東漢\獻帝春秋\獻帝春秋__juan_01.txt	543	536	0
東漢	22544	玉臺新詠	玉臺新詠/01卷	玉臺新詠	1	scrape_output\raw\東漢\玉臺新詠\玉臺新詠__juan_01.txt	scrape_output\clean\東漢\玉臺新詠\玉臺新詠__juan_01.txt	8611	4626	0
東漢	1043305	王叔師集	王叔師集	王叔師集	1	scrape_output\raw\東漢\王叔師集\王叔師集__juan_01.txt	scrape_output\clean\東漢\王叔師集\王叔師集__juan_01.txt	7630	7181	0
東漢	1042339	王吉請改正尚主之禮論	王吉請改正尚主之禮論	王吉請改正尚主之禮論	1	scrape_output\raw\東漢\王吉請改正尚主之禮論\王吉請改正尚主之禮論__juan_01.txt	scrape_output\clean\東漢\王吉請改正尚主之禮論\王吉請改正尚主之禮論__juan_01.txt	210	166	0
東漢	1042383	王商論	王商論	王商論	1	scrape_output\raw\東漢\王商論\王商論__juan_01.txt	scrape_output\clean\東漢\王商論\王商論__juan_01.txt	524	480	0
東漢	891761	班蘭臺集	班蘭臺集	班蘭臺集	1	scrape_output\raw\東漢\班蘭臺集\班蘭臺集__juan_01.txt	scrape_output\clean\東漢\班蘭臺集\班蘭臺集__juan_01.txt	16435	16371	0
東漢	1043329	琴思楚歌	琴思楚歌	琴思楚歌	1	scrape_output\raw\東漢\琴思楚歌\琴思楚歌__juan_01.txt	scrape_output\clean\東漢\琴思楚歌\琴思楚歌__juan_01.txt	211	167	0
東漢	1002225	琴操 (蔡邕)	琴操 (蔡邕)	琴操 (蔡邕)	1	scrape_output\raw\東漢\琴操 (蔡邕)\琴操 (蔡邕)__juan_01.txt	scrape_output\clean\東漢\琴操 (蔡邕)\琴操 (蔡邕)__juan_01.txt	10371	10320	0
東漢	1042474	琴歌 (阮瑀)	琴歌 (阮瑀)	琴歌 (阮瑀)	1	scrape_output\raw\東漢\琴歌 (阮瑀)\琴歌 (阮瑀)__juan_01.txt	scrape_output\clean\東漢\琴歌 (阮瑀)\琴歌 (阮瑀)__juan_01.txt	135	91	0
東漢	891674	琴賦 (馬融)	琴賦 (馬融)	琴賦 (馬融)	1	scrape_output\raw\東漢\琴賦 (馬融)\琴賦 (馬融)__juan_01.txt	scrape_output\clean\東漢\琴賦 (馬融)\琴賦 (馬融)__juan_01.txt	144	100	0
東漢	1047524	瑪瑙勒賦 (陳琳)	瑪瑙勒賦 (陳琳)	瑪瑙勒賦 (陳琳)	1	scrape_output\raw\東漢\瑪瑙勒賦 (陳琳)\瑪瑙勒賦 (陳琳)__juan_01.txt	scrape_output\clean\東漢\瑪瑙勒賦 (陳琳)\瑪瑙勒賦 (陳琳)__juan_01.txt	143	99	0
東漢	54832	申鑒	申鑒/1	申鑒	1	scrape_output\raw\東漢\申鑒\申鑒__juan_01.txt	scrape_output\clean\東漢\申鑒\申鑒__juan_01.txt	8477	8144	0
東漢	54832	申鑒	申鑒/2	申鑒	2	scrape_output\raw\東漢\申鑒\申鑒__juan_02.txt	scrape_output\clean\東漢\申鑒\申鑒__juan_02.txt	9402	9157	0
東漢	54832	申鑒	申鑒/3	申鑒	3	scrape_output\raw\東漢\申鑒\申鑒__juan_03.txt	scrape_output\clean\東漢\申鑒\申鑒__juan_03.txt	4591	4451	0
東漢	54832	申鑒	申鑒/4	申鑒	4	scrape_output\raw\東漢\申鑒\申鑒__juan_04.txt	scrape_output\clean\東漢\申鑒\申鑒__juan_04.txt	7966	7770	0
東漢	54832	申鑒	申鑒/5	申鑒	5	scrape_output\raw\東漢\申鑒\申鑒__juan_05.txt	scrape_output\clean\東漢\申鑒\申鑒__juan_05.txt	4984	4727	0
東漢	43821	白虎通	白虎通/卷01	白虎通	1	scrape_output\raw\東漢\白虎通\白虎通__juan_01.txt	scrape_output\clean\東漢\白虎通\白虎通__juan_01.txt	6577	6544	0
東漢	43821	白虎通	白虎通/卷02	白虎通	2	scrape_output\raw\東漢\白虎通\白虎通__juan_02.txt	scrape_output\clean\東漢\白虎通\白虎通__juan_02.txt	6017	5968	0
東漢	43821	白虎通	白虎通/卷03	白虎通	3	scrape_output\raw\東漢\白虎通\白虎通__juan_03.txt	scrape_output\clean\東漢\白虎通\白虎通__juan_03.txt	7060	6975	0
東漢	43821	白虎通	白虎通/卷04	白虎通	4	scrape_output\raw\東漢\白虎通\白虎通__juan_04.txt	scrape_output\clean\東漢\白虎通\白虎通__juan_04.txt	8194	8112	0
東漢	43821	白虎通	白虎通/卷05	白虎通	5	scrape_output\raw\東漢\白虎通\白虎通__juan_05.txt	scrape_output\clean\東漢\白虎通\白虎通__juan_05.txt	4736	4697	0
東漢	43821	白虎通	白虎通/卷06	白虎通	6	scrape_output\raw\東漢\白虎通\白虎通__juan_06.txt	scrape_output\clean\東漢\白虎通\白虎通__juan_06.txt	3211	3181	0
東漢	43821	白虎通	白虎通/卷07	白虎通	7	scrape_output\raw\東漢\白虎通\白虎通__juan_07.txt	scrape_output\clean\東漢\白虎通\白虎通__juan_07.txt	4898	4898	0
東漢	43821	白虎通	白虎通/卷08	白虎通	8	scrape_output\raw\東漢\白虎通\白虎通__juan_08.txt	scrape_output\clean\東漢\白虎通\白虎通__juan_08.txt	7568	7496	0
東漢	43821	白虎通	白虎通/卷09	白虎通	9	scrape_output\raw\東漢\白虎通\白虎通__juan_09.txt	scrape_output\clean\東漢\白虎通\白虎通__juan_09.txt	4374	4322	0
東漢	43821	白虎通	白虎通/卷10	白虎通	10	scrape_output\raw\東漢\白虎通\白虎通__juan_10.txt	scrape_output\clean\東漢\白虎通\白虎通__juan_10.txt	6769	6694	0
東漢	22742	白雉詩	白雉詩	白雉詩	1	scrape_output\raw\東漢\白雉詩\白雉詩__juan_01.txt	scrape_output\clean\東漢\白雉詩\白雉詩__juan_01.txt	90	0	1
東漢	170501	眾瑞賦	眾瑞賦	眾瑞賦	1	scrape_output\raw\東漢\眾瑞賦\眾瑞賦__juan_01.txt	scrape_output\clean\東漢\眾瑞賦\眾瑞賦__juan_01.txt	184	84	0
東漢	7000	短歌行 (曹操)	短歌行 (曹操)	短歌行 (曹操)	1	scrape_output\raw\東漢\短歌行 (曹操)\短歌行 (曹操)__juan_01.txt	scrape_output\clean\東漢\短歌行 (曹操)\短歌行 (曹操)__juan_01.txt	527	477	0
東漢	155588	短歌行其一 (曹操)	短歌行其一 (曹操)	短歌行其一 (曹操)	1	scrape_output\raw\東漢\短歌行其一 (曹操)\短歌行其一 (曹操)__juan_01.txt	scrape_output\clean\東漢\短歌行其一 (曹操)\短歌行其一 (曹操)__juan_01.txt	260	216	0
東漢	155589	短歌行其二 (曹操)	短歌行其二 (曹操)	短歌行其二 (曹操)	1	scrape_output\raw\東漢\短歌行其二 (曹操)\短歌行其二 (曹操)__juan_01.txt	scrape_output\clean\東漢\短歌行其二 (曹操)\短歌行其二 (曹操)__juan_01.txt	326	276	0
東漢	1042376	矯制立功論	矯制立功論	矯制立功論	1	scrape_output\raw\東漢\矯制立功論\矯制立功論__juan_01.txt	scrape_output\clean\東漢\矯制立功論\矯制立功論__juan_01.txt	191	147	0
東漢	1042343	石顯論	石顯論	石顯論	1	scrape_output\raw\東漢\石顯論\石顯論__juan_01.txt	scrape_output\clean\東漢\石顯論\石顯論__juan_01.txt	379	335	0
東漢	170496	祓禊賦	祓禊賦	祓禊賦	1	scrape_output\raw\東漢\祓禊賦\祓禊賦__juan_01.txt	scrape_output\clean\東漢\祓禊賦\祓禊賦__juan_01.txt	348	244	0
東漢	1047521	神女賦 (陳琳)	神女賦 (陳琳)	神女賦 (陳琳)	1	scrape_output\raw\東漢\神女賦 (陳琳)\神女賦 (陳琳)__juan_01.txt	scrape_output\clean\東漢\神女賦 (陳琳)\神女賦 (陳琳)__juan_01.txt	247	203	0
東漢	1042333	神怪論	神怪論	神怪論	1	scrape_output\raw\東漢\神怪論\神怪論__juan_01.txt	scrape_output\clean\東漢\神怪論\神怪論__juan_01.txt	485	441	0
東漢	1047515	神武賦	神武賦	神武賦	1	scrape_output\raw\東漢\神武賦\神武賦__juan_01.txt	scrape_output\clean\東漢\神武賦\神武賦__juan_01.txt	329	285	0
東漢	1036146	祿制論	祿制論	祿制論	1	scrape_output\raw\東漢\祿制論\祿制論__juan_01.txt	scrape_output\clean\東漢\祿制論\祿制論__juan_01.txt	328	284	0
東漢	875420	禪行法想經	禪行法想經	禪行法想經	1	scrape_output\raw\東漢\禪行法想經\禪行法想經__juan_01.txt	scrape_output\clean\東漢\禪行法想經\禪行法想經__juan_01.txt	450	406	0
東漢	174771	禪要經	禪要經	禪要經	1	scrape_output\raw\東漢\禪要經\禪要經__juan_01.txt	scrape_output\clean\東漢\禪要經\禪要經__juan_01.txt	2006	1959	0
東漢	43866	禮記正義	禮記正義/00	禮記正義	1	scrape_output\raw\東漢\禮記正義\禮記正義__juan_01.txt	scrape_output\clean\東漢\禮記正義\禮記正義__juan_01.txt	16	15	0
東漢	43866	禮記正義	禮記正義/01	禮記正義	2	scrape_output\raw\東漢\禮記正義\禮記正義__juan_02.txt	scrape_output\clean\東漢\禮記正義\禮記正義__juan_02.txt	10672	10615	0
東漢	43866	禮記正義	禮記正義/02	禮記正義	3	scrape_output\raw\東漢\禮記正義\禮記正義__juan_03.txt	scrape_output\clean\東漢\禮記正義\禮記正義__juan_03.txt	15096	14991	0
東漢	43866	禮記正義	禮記正義/03	禮記正義	4	scrape_output\raw\東漢\禮記正義\禮記正義__juan_04.txt	scrape_output\clean\東漢\禮記正義\禮記正義__juan_04.txt	21019	20785	0
東漢	43866	禮記正義	禮記正義/04	禮記正義	5	scrape_output\raw\東漢\禮記正義\禮記正義__juan_05.txt	scrape_output\clean\東漢\禮記正義\禮記正義__juan_05.txt	19188	19057	0
東漢	43866	禮記正義	禮記正義/05	禮記正義	6	scrape_output\raw\東漢\禮記正義\禮記正義__juan_06.txt	scrape_output\clean\東漢\禮記正義\禮記正義__juan_06.txt	22363	22249	0
東漢	43866	禮記正義	禮記正義/06	禮記正義	7	scrape_output\raw\東漢\禮記正義\禮記正義__juan_07.txt	scrape_output\clean\東漢\禮記正義\禮記正義__juan_07.txt	22736	22644	0
東漢	43866	禮記正義	禮記正義/07	禮記正義	8	scrape_output\raw\東漢\禮記正義\禮記正義__juan_08.txt	scrape_output\clean\東漢\禮記正義\禮記正義__juan_08.txt	24146	24019	0
東漢	43866	禮記正義	禮記正義/08	禮記正義	9	scrape_output\raw\東漢\禮記正義\禮記正義__juan_09.txt	scrape_output\clean\東漢\禮記正義\禮記正義__juan_09.txt	15875	15719	0
東漢	43866	禮記正義	禮記正義/09	禮記正義	10	scrape_output\raw\東漢\禮記正義\禮記正義__juan_10.txt	scrape_output\clean\東漢\禮記正義\禮記正義__juan_10.txt	19753	19495	0
東漢	43866	禮記正義	禮記正義/10	禮記正義	11	scrape_output\raw\東漢\禮記正義\禮記正義__juan_11.txt	scrape_output\clean\東漢\禮記正義\禮記正義__juan_11.txt	15510	15323	0
東漢	43866	禮記正義	禮記正義/11	禮記正義	12	scrape_output\raw\東漢\禮記正義\禮記正義__juan_12.txt	scrape_output\clean\東漢\禮記正義\禮記正義__juan_12.txt	17581	17350	0
東漢	43866	禮記正義	禮記正義/12	禮記正義	13	scrape_output\raw\東漢\禮記正義\禮記正義__juan_13.txt	scrape_output\clean\東漢\禮記正義\禮記正義__juan_13.txt	17438	17279	0
東漢	43866	禮記正義	禮記正義/13	禮記正義	14	scrape_output\raw\東漢\禮記正義\禮記正義__juan_14.txt	scrape_output\clean\東漢\禮記正義\禮記正義__juan_14.txt	18811	18606	0
東漢	43866	禮記正義	禮記正義/14	禮記正義	15	scrape_output\raw\東漢\禮記正義\禮記正義__juan_15.txt	scrape_output\clean\東漢\禮記正義\禮記正義__juan_15.txt	24041	23764	0
東漢	43866	禮記正義	禮記正義/15	禮記正義	16	scrape_output\raw\東漢\禮記正義\禮記正義__juan_16.txt	scrape_output\clean\東漢\禮記正義\禮記正義__juan_16.txt	22880	22532	0
東漢	43866	禮記正義	禮記正義/16	禮記正義	17	scrape_output\raw\東漢\禮記正義\禮記正義__juan_17.txt	scrape_output\clean\東漢\禮記正義\禮記正義__juan_17.txt	26906	26399	0
東漢	43866	禮記正義	禮記正義/17	禮記正義	18	scrape_output\raw\東漢\禮記正義\禮記正義__juan_18.txt	scrape_output\clean\東漢\禮記正義\禮記正義__juan_18.txt	26604	26055	0
東漢	43866	禮記正義	禮記正義/18	禮記正義	19	scrape_output\raw\東漢\禮記正義\禮記正義__juan_19.txt	scrape_output\clean\東漢\禮記正義\禮記正義__juan_19.txt	25014	24661	0
東漢	43866	禮記正義	禮記正義/19	禮記正義	20	scrape_output\raw\東漢\禮記正義\禮記正義__juan_20.txt	scrape_output\clean\東漢\禮記正義\禮記正義__juan_20.txt	23228	22855	0
東漢	43866	禮記正義	禮記正義/20	禮記正義	21	scrape_output\raw\東漢\禮記正義\禮記正義__juan_21.txt	scrape_output\clean\東漢\禮記正義\禮記正義__juan_21.txt	31880	31392	0
東漢	43866	禮記正義	禮記正義/21	禮記正義	22	scrape_output\raw\東漢\禮記正義\禮記正義__juan_22.txt	scrape_output\clean\東漢\禮記正義\禮記正義__juan_22.txt	24841	24479	0
東漢	43866	禮記正義	禮記正義/22	禮記正義	23	scrape_output\raw\東漢\禮記正義\禮記正義__juan_23.txt	scrape_output\clean\東漢\禮記正義\禮記正義__juan_23.txt	25941	25572	0
東漢	43866	禮記正義	禮記正義/23	禮記正義	24	scrape_output\raw\東漢\禮記正義\禮記正義__juan_24.txt	scrape_output\clean\東漢\禮記正義\禮記正義__juan_24.txt	24268	23898	0
東漢	43866	禮記正義	禮記正義/24	禮記正義	25	scrape_output\raw\東漢\禮記正義\禮記正義__juan_25.txt	scrape_output\clean\東漢\禮記正義\禮記正義__juan_25.txt	17921	17598	0
東漢	43866	禮記正義	禮記正義/25	禮記正義	26	scrape_output\raw\東漢\禮記正義\禮記正義__juan_26.txt	scrape_output\clean\東漢\禮記正義\禮記正義__juan_26.txt	27218	26892	0
東漢	43866	禮記正義	禮記正義/26	禮記正義	27	scrape_output\raw\東漢\禮記正義\禮記正義__juan_27.txt	scrape_output\clean\東漢\禮記正義\禮記正義__juan_27.txt	30544	30003	0
東漢	43866	禮記正義	禮記正義/27	禮記正義	28	scrape_output\raw\東漢\禮記正義\禮記正義__juan_28.txt	scrape_output\clean\東漢\禮記正義\禮記正義__juan_28.txt	18156	17778	0
東漢	43866	禮記正義	禮記正義/28	禮記正義	29	scrape_output\raw\東漢\禮記正義\禮記正義__juan_29.txt	scrape_output\clean\東漢\禮記正義\禮記正義__juan_29.txt	20533	20099	0
東漢	43866	禮記正義	禮記正義/29	禮記正義	30	scrape_output\raw\東漢\禮記正義\禮記正義__juan_30.txt	scrape_output\clean\東漢\禮記正義\禮記正義__juan_30.txt	23971	23604	0
東漢	43866	禮記正義	禮記正義/30	禮記正義	31	scrape_output\raw\東漢\禮記正義\禮記正義__juan_31.txt	scrape_output\clean\東漢\禮記正義\禮記正義__juan_31.txt	28035	27401	0
東漢	43866	禮記正義	禮記正義/31	禮記正義	32	scrape_output\raw\東漢\禮記正義\禮記正義__juan_32.txt	scrape_output\clean\東漢\禮記正義\禮記正義__juan_32.txt	22569	22180	0
東漢	43866	禮記正義	禮記正義/32	禮記正義	33	scrape_output\raw\東漢\禮記正義\禮記正義__juan_33.txt	scrape_output\clean\東漢\禮記正義\禮記正義__juan_33.txt	17004	16775	0
東漢	43866	禮記正義	禮記正義/33	禮記正義	34	scrape_output\raw\東漢\禮記正義\禮記正義__juan_34.txt	scrape_output\clean\東漢\禮記正義\禮記正義__juan_34.txt	19089	18706	0
東漢	43866	禮記正義	禮記正義/34	禮記正義	35	scrape_output\raw\東漢\禮記正義\禮記正義__juan_35.txt	scrape_output\clean\東漢\禮記正義\禮記正義__juan_35.txt	13966	13720	0
東漢	43866	禮記正義	禮記正義/35	禮記正義	36	scrape_output\raw\東漢\禮記正義\禮記正義__juan_36.txt	scrape_output\clean\東漢\禮記正義\禮記正義__juan_36.txt	27680	27010	0
東漢	43866	禮記正義	禮記正義/36	禮記正義	37	scrape_output\raw\東漢\禮記正義\禮記正義__juan_37.txt	scrape_output\clean\東漢\禮記正義\禮記正義__juan_37.txt	18778	18413	0
東漢	43866	禮記正義	禮記正義/37	禮記正義	38	scrape_output\raw\東漢\禮記正義\禮記正義__juan_38.txt	scrape_output\clean\東漢\禮記正義\禮記正義__juan_38.txt	22745	22361	0
東漢	43866	禮記正義	禮記正義/38	禮記正義	39	scrape_output\raw\東漢\禮記正義\禮記正義__juan_39.txt	scrape_output\clean\東漢\禮記正義\禮記正義__juan_39.txt	20348	19952	0
東漢	43866	禮記正義	禮記正義/39	禮記正義	40	scrape_output\raw\東漢\禮記正義\禮記正義__juan_40.txt	scrape_output\clean\東漢\禮記正義\禮記正義__juan_40.txt	24684	24189	0
東漢	43866	禮記正義	禮記正義/40	禮記正義	41	scrape_output\raw\東漢\禮記正義\禮記正義__juan_41.txt	scrape_output\clean\東漢\禮記正義\禮記正義__juan_41.txt	17841	17579	0
東漢	43866	禮記正義	禮記正義/41	禮記正義	42	scrape_output\raw\東漢\禮記正義\禮記正義__juan_42.txt	scrape_output\clean\東漢\禮記正義\禮記正義__juan_42.txt	21113	20665	0
東漢	43866	禮記正義	禮記正義/42	禮記正義	43	scrape_output\raw\東漢\禮記正義\禮記正義__juan_43.txt	scrape_output\clean\東漢\禮記正義\禮記正義__juan_43.txt	18218	17865	0
東漢	43866	禮記正義	禮記正義/43	禮記正義	44	scrape_output\raw\東漢\禮記正義\禮記正義__juan_44.txt	scrape_output\clean\東漢\禮記正義\禮記正義__juan_44.txt	17093	16767	0
東漢	43866	禮記正義	禮記正義/44	禮記正義	45	scrape_output\raw\東漢\禮記正義\禮記正義__juan_45.txt	scrape_output\clean\東漢\禮記正義\禮記正義__juan_45.txt	25194	24740	0
東漢	43866	禮記正義	禮記正義/45	禮記正義	46	scrape_output\raw\東漢\禮記正義\禮記正義__juan_46.txt	scrape_output\clean\東漢\禮記正義\禮記正義__juan_46.txt	27277	26741	0
東漢	43866	禮記正義	禮記正義/46	禮記正義	47	scrape_output\raw\東漢\禮記正義\禮記正義__juan_47.txt	scrape_output\clean\東漢\禮記正義\禮記正義__juan_47.txt	17243	17057	0
東漢	43866	禮記正義	禮記正義/47	禮記正義	48	scrape_output\raw\東漢\禮記正義\禮記正義__juan_48.txt	scrape_output\clean\東漢\禮記正義\禮記正義__juan_48.txt	16751	16363	0
東漢	43866	禮記正義	禮記正義/48	禮記正義	49	scrape_output\raw\東漢\禮記正義\禮記正義__juan_49.txt	scrape_output\clean\東漢\禮記正義\禮記正義__juan_49.txt	14030	13745	0
東漢	43866	禮記正義	禮記正義/49	禮記正義	50	scrape_output\raw\東漢\禮記正義\禮記正義__juan_50.txt	scrape_output\clean\東漢\禮記正義\禮記正義__juan_50.txt	20512	20139	0
東漢	43866	禮記正義	禮記正義/50	禮記正義	51	scrape_output\raw\東漢\禮記正義\禮記正義__juan_51.txt	scrape_output\clean\東漢\禮記正義\禮記正義__juan_51.txt	0	0	1
東漢	43866	禮記正義	禮記正義/51	禮記正義	52	scrape_output\raw\東漢\禮記正義\禮記正義__juan_52.txt	scrape_output\clean\東漢\禮記正義\禮記正義__juan_52.txt	0	0	1
東漢	43866	禮記正義	禮記正義/52	禮記正義	53	scrape_output\raw\東漢\禮記正義\禮記正義__juan_53.txt	scrape_output\clean\東漢\禮記正義\禮記正義__juan_53.txt	21996	21606	0
東漢	43866	禮記正義	禮記正義/53	禮記正義	54	scrape_output\raw\東漢\禮記正義\禮記正義__juan_54.txt	scrape_output\clean\東漢\禮記正義\禮記正義__juan_54.txt	17707	17387	0
東漢	43866	禮記正義	禮記正義/54	禮記正義	55	scrape_output\raw\東漢\禮記正義\禮記正義__juan_55.txt	scrape_output\clean\東漢\禮記正義\禮記正義__juan_55.txt	28498	27930	0
東漢	43866	禮記正義	禮記正義/55	禮記正義	56	scrape_output\raw\東漢\禮記正義\禮記正義__juan_56.txt	scrape_output\clean\東漢\禮記正義\禮記正義__juan_56.txt	19227	18822	0
東漢	43866	禮記正義	禮記正義/56	禮記正義	57	scrape_output\raw\東漢\禮記正義\禮記正義__juan_57.txt	scrape_output\clean\東漢\禮記正義\禮記正義__juan_57.txt	0	0	1
東漢	43866	禮記正義	禮記正義/57	禮記正義	58	scrape_output\raw\東漢\禮記正義\禮記正義__juan_58.txt	scrape_output\clean\東漢\禮記正義\禮記正義__juan_58.txt	0	0	1
東漢	43866	禮記正義	禮記正義/58	禮記正義	59	scrape_output\raw\東漢\禮記正義\禮記正義__juan_59.txt	scrape_output\clean\東漢\禮記正義\禮記正義__juan_59.txt	4004	3917	0
東漢	43866	禮記正義	禮記正義/59	禮記正義	60	scrape_output\raw\東漢\禮記正義\禮記正義__juan_60.txt	scrape_output\clean\東漢\禮記正義\禮記正義__juan_60.txt	0	0	1
東漢	43866	禮記正義	禮記正義/60	禮記正義	61	scrape_output\raw\東漢\禮記正義\禮記正義__juan_61.txt	scrape_output\clean\東漢\禮記正義\禮記正義__juan_61.txt	18046	17798	0
東漢	43866	禮記正義	禮記正義/61	禮記正義	62	scrape_output\raw\東漢\禮記正義\禮記正義__juan_62.txt	scrape_output\clean\東漢\禮記正義\禮記正義__juan_62.txt	0	0	1
東漢	43866	禮記正義	禮記正義/62	禮記正義	63	scrape_output\raw\東漢\禮記正義\禮記正義__juan_63.txt	scrape_output\clean\東漢\禮記正義\禮記正義__juan_63.txt	0	0	1
東漢	43866	禮記正義	禮記正義/63	禮記正義	64	scrape_output\raw\東漢\禮記正義\禮記正義__juan_64.txt	scrape_output\clean\東漢\禮記正義\禮記正義__juan_64.txt	0	0	1
東漢	43866	禮記正義	禮記正義/64	禮記正義	65	scrape_output\raw\東漢\禮記正義\禮記正義__juan_65.txt	scrape_output\clean\東漢\禮記正義\禮記正義__juan_65.txt	0	0	1
東漢	43866	禮記正義	禮記正義/65	禮記正義	66	scrape_output\raw\東漢\禮記正義\禮記正義__juan_66.txt	scrape_output\clean\東漢\禮記正義\禮記正義__juan_66.txt	0	0	1
東漢	43866	禮記正義	禮記正義/66	禮記正義	67	scrape_output\raw\東漢\禮記正義\禮記正義__juan_67.txt	scrape_output\clean\東漢\禮記正義\禮記正義__juan_67.txt	0	0	1
東漢	43866	禮記正義	禮記正義/67	禮記正義	68	scrape_output\raw\東漢\禮記正義\禮記正義__juan_68.txt	scrape_output\clean\東漢\禮記正義\禮記正義__juan_68.txt	0	0	1
東漢	43866	禮記正義	禮記正義/68	禮記正義	69	scrape_output\raw\東漢\禮記正義\禮記正義__juan_69.txt	scrape_output\clean\東漢\禮記正義\禮記正義__juan_69.txt	0	0	1
東漢	43866	禮記正義	禮記正義/69	禮記正義	70	scrape_output\raw\東漢\禮記正義\禮記正義__juan_70.txt	scrape_output\clean\東漢\禮記正義\禮記正義__juan_70.txt	0	0	1
東漢	43866	禮記正義	禮記正義/70	禮記正義	71	scrape_output\raw\東漢\禮記正義\禮記正義__juan_71.txt	scrape_output\clean\東漢\禮記正義\禮記正義__juan_71.txt	0	0	1
東漢	114369	秋胡行 (曹操)	秋胡行 (曹操)	秋胡行 (曹操)	1	scrape_output\raw\東漢\秋胡行 (曹操)\秋胡行 (曹操)__juan_01.txt	scrape_output\clean\東漢\秋胡行 (曹操)\秋胡行 (曹操)__juan_01.txt	787	743	0
東漢	797093	秦客詩	秦客詩	秦客詩	1	scrape_output\raw\東漢\秦客詩\秦客詩__juan_01.txt	scrape_output\clean\東漢\秦客詩\秦客詩__juan_01.txt	57	57	0
東漢	1036203	立制度論	立制度論	立制度論	1	scrape_output\raw\東漢\立制度論\立制度論__juan_01.txt	scrape_output\clean\東漢\立制度論\立制度論__juan_01.txt	824	780	0
東漢	1042385	立定陶王昕為太子論	立定陶王昕為太子論	立定陶王昕為太子論	1	scrape_output\raw\東漢\立定陶王昕為太子論\立定陶王昕為太子論__juan_01.txt	scrape_output\clean\東漢\立定陶王昕為太子論\立定陶王昕為太子論__juan_01.txt	255	211	0
東漢	1036141	立張氏為恵帝后論	立張氏為恵帝后論	立張氏為恵帝后論	1	scrape_output\raw\東漢\立張氏為恵帝后論\立張氏為恵帝后論__juan_01.txt	scrape_output\clean\東漢\立張氏為恵帝后論\立張氏為恵帝后論__juan_01.txt	171	127	0
東漢	1044738	章帝諡議	章帝諡議	章帝諡議	1	scrape_output\raw\東漢\章帝諡議\章帝諡議__juan_01.txt	scrape_output\clean\東漢\章帝諡議\章帝諡議__juan_01.txt	123	79	0
東漢	1020511	竹扇詩	竹扇詩	竹扇詩	1	scrape_output\raw\東漢\竹扇詩\竹扇詩__juan_01.txt	scrape_output\clean\東漢\竹扇詩\竹扇詩__juan_01.txt	105	61	0
東漢	891811	竹扇賦	竹扇賦	竹扇賦	1	scrape_output\raw\東漢\竹扇賦\竹扇賦__juan_01.txt	scrape_output\clean\東漢\竹扇賦\竹扇賦__juan_01.txt	206	162	0
東漢	196646	筆論	筆論	筆論	1	scrape_output\raw\東漢\筆論\筆論__juan_01.txt	scrape_output\clean\東漢\筆論\筆論__juan_01.txt	252	205	0
東漢	196658	筆賦 (蔡邕)	筆賦 (蔡邕)	筆賦 (蔡邕)	1	scrape_output\raw\東漢\筆賦 (蔡邕)\筆賦 (蔡邕)__juan_01.txt	scrape_output\clean\東漢\筆賦 (蔡邕)\筆賦 (蔡邕)__juan_01.txt	350	306	0
東漢	169953	答劉楨詩	答劉楨詩	答劉楨詩	1	scrape_output\raw\東漢\答劉楨詩\答劉楨詩__juan_01.txt	scrape_output\clean\東漢\答劉楨詩\答劉楨詩__juan_01.txt	184	92	0
東漢	153077	答夫秦嘉書	答夫秦嘉書	答夫秦嘉書	1	scrape_output\raw\東漢\答夫秦嘉書\答夫秦嘉書__juan_01.txt	scrape_output\clean\東漢\答夫秦嘉書\答夫秦嘉書__juan_01.txt	333	288	0
東漢	1047505	答張紘書	答張紘書	答張紘書	1	scrape_output\raw\東漢\答張紘書\答張紘書__juan_01.txt	scrape_output\clean\東漢\答張紘書\答張紘書__juan_01.txt	147	103	0
東漢	15153	答東阿王牋	答東阿王牋	答東阿王牋	1	scrape_output\raw\東漢\答東阿王牋\答東阿王牋__juan_01.txt	scrape_output\clean\東漢\答東阿王牋\答東阿王牋__juan_01.txt	239	195	0
東漢	27988	答虞仲翔書	答虞仲翔書	答虞仲翔書	1	scrape_output\raw\東漢\答虞仲翔書\答虞仲翔書__juan_01.txt	scrape_output\clean\東漢\答虞仲翔書\答虞仲翔書__juan_01.txt	215	171	0
東漢	166115	答譏	答譏	答譏	1	scrape_output\raw\東漢\答譏\答譏__juan_01.txt	scrape_output\clean\東漢\答譏\答譏__juan_01.txt	456	362	0
東漢	23760	答賓戲	答賓戲	答賓戲	1	scrape_output\raw\東漢\答賓戲\答賓戲__juan_01.txt	scrape_output\clean\東漢\答賓戲\答賓戲__juan_01.txt	1619	1575	0
東漢	1042423	箏賦 (阮瑀)	箏賦 (阮瑀)	箏賦 (阮瑀)	1	scrape_output\raw\東漢\箏賦 (阮瑀)\箏賦 (阮瑀)__juan_01.txt	scrape_output\clean\東漢\箏賦 (阮瑀)\箏賦 (阮瑀)__juan_01.txt	280	236	0
東漢	166100	篆勢	篆勢	篆勢	1	scrape_output\raw\東漢\篆勢\篆勢__juan_01.txt	scrape_output\clean\東漢\篆勢\篆勢__juan_01.txt	271	271	0
東漢	114374	精列	精列	精列	1	scrape_output\raw\東漢\精列\精列__juan_01.txt	scrape_output\clean\東漢\精列\精列__juan_01.txt	239	190	0
東漢	1042426	紀征賦	紀征賦	紀征賦	1	scrape_output\raw\東漢\紀征賦\紀征賦__juan_01.txt	scrape_output\clean\東漢\紀征賦\紀征賦__juan_01.txt	199	155	0
東漢	891776	終南山賦	終南山賦	終南山賦	1	scrape_output\raw\東漢\終南山賦\終南山賦__juan_01.txt	scrape_output\clean\東漢\終南山賦\終南山賦__juan_01.txt	263	219	0
東漢	1042381	經籍論	經籍論	經籍論	1	scrape_output\raw\東漢\經籍論\經籍論__juan_01.txt	scrape_output\clean\東漢\經籍論\經籍論__juan_01.txt	683	639	0
東漢	165333	綬笥銘	綬笥銘	綬笥銘	1	scrape_output\raw\東漢\綬笥銘\綬笥銘__juan_01.txt	scrape_output\clean\東漢\綬笥銘\綬笥銘__juan_01.txt	122	122	0
東漢	1044778	縫銘	縫銘	縫銘	1	scrape_output\raw\東漢\縫銘\縫銘__juan_01.txt	scrape_output\clean\東漢\縫銘\縫銘__juan_01.txt	106	59	0
東漢	35997	繕治鄭公宅教	繕治鄭公宅教	繕治鄭公宅教	1	scrape_output\raw\東漢\繕治鄭公宅教\繕治鄭公宅教__juan_01.txt	scrape_output\clean\東漢\繕治鄭公宅教\繕治鄭公宅教__juan_01.txt	123	79	0
東漢	1112039	續漢書	續漢書/郡國志	續漢書	1	scrape_output\raw\東漢\續漢書\續漢書__juan_01.txt	scrape_output\clean\東漢\續漢書\續漢書__juan_01.txt	5400	5104	0
東漢	1112039	續漢書	續漢書/郡國志/并州	續漢書	2	scrape_output\raw\東漢\續漢書\續漢書__juan_02.txt	scrape_output\clean\東漢\續漢書\續漢書__juan_02.txt	1822	1583	0
東漢	1112039	續漢書	續漢書/郡國志/涼州	續漢書	3	scrape_output\raw\東漢\續漢書\續漢書__juan_03.txt	scrape_output\clean\東漢\續漢書\續漢書__juan_03.txt	2100	1900	0
東漢	1112039	續漢書	續漢書/郡國志/益州	續漢書	4	scrape_output\raw\東漢\續漢書\續漢書__juan_04.txt	scrape_output\clean\東漢\續漢書\續漢書__juan_04.txt	2384	2187	0
東漢	1042389	罷司空官論	罷司空官論	罷司空官論	1	scrape_output\raw\東漢\罷司空官論\罷司空官論__juan_01.txt	scrape_output\clean\東漢\罷司空官論\罷司空官論__juan_01.txt	200	156	0
東漢	55048	老子想爾注	老子想爾注	老子想爾注	1	scrape_output\raw\東漢\老子想爾注\老子想爾注__juan_01.txt	scrape_output\clean\東漢\老子想爾注\老子想爾注__juan_01.txt	13686	13018	0
東漢	169920	老子銘	老子銘	老子銘	1	scrape_output\raw\東漢\老子銘\老子銘__juan_01.txt	scrape_output\clean\東漢\老子銘\老子銘__juan_01.txt	1113	1006	0
東漢	891628	聖人優劣論	聖人優劣論	聖人優劣論	1	scrape_output\raw\東漢\聖人優劣論\聖人優劣論__juan_01.txt	scrape_output\clean\東漢\聖人優劣論\聖人優劣論__juan_01.txt	379	335	0
東漢	174251	胡笳十八拍	胡笳十八拍	胡笳十八拍	1	scrape_output\raw\東漢\胡笳十八拍\胡笳十八拍__juan_01.txt	scrape_output\clean\東漢\胡笳十八拍\胡笳十八拍__juan_01.txt	1573	1529	0
東漢	1169371	臧洪答陳琳書	臧洪答陳琳書	臧洪答陳琳書	1	scrape_output\raw\東漢\臧洪答陳琳書\臧洪答陳琳書__juan_01.txt	scrape_output\clean\東漢\臧洪答陳琳書\臧洪答陳琳書__juan_01.txt	1467	1423	0
東漢	169672	臨終詩 (孔融)	臨終詩 (孔融)	臨終詩 (孔融)	1	scrape_output\raw\東漢\臨終詩 (孔融)\臨終詩 (孔融)__juan_01.txt	scrape_output\clean\東漢\臨終詩 (孔融)\臨終詩 (孔融)__juan_01.txt	222	130	0
東漢	10074	與吳質書	與吳質書	與吳質書	1	scrape_output\raw\東漢\與吳質書\與吳質書__juan_01.txt	scrape_output\clean\東漢\與吳質書\與吳質書__juan_01.txt	771	727	0
東漢	165339	與崔瑗書 (張衡)	與崔瑗書 (張衡)	與崔瑗書 (張衡)	1	scrape_output\raw\東漢\與崔瑗書 (張衡)\與崔瑗書 (張衡)__juan_01.txt	scrape_output\clean\東漢\與崔瑗書 (張衡)\與崔瑗書 (張衡)__juan_01.txt	290	290	0
東漢	23228	與朝歌令吳質書	與朝歌令吳質書	與朝歌令吳質書	1	scrape_output\raw\東漢\與朝歌令吳質書\與朝歌令吳質書__juan_01.txt	scrape_output\clean\東漢\與朝歌令吳質書\與朝歌令吳質書__juan_01.txt	385	341	0
東漢	165340	與特進書	與特進書	與特進書	1	scrape_output\raw\東漢\與特進書\與特進書__juan_01.txt	scrape_output\clean\東漢\與特進書\與特進書__juan_01.txt	108	100	0
東漢	36005	與王朗書	與王朗書	與王朗書	1	scrape_output\raw\東漢\與王朗書\與王朗書__juan_01.txt	scrape_output\clean\東漢\與王朗書\與王朗書__juan_01.txt	188	144	0
東漢	891695	與竇伯向書	與竇伯向書	與竇伯向書	1	scrape_output\raw\東漢\與竇伯向書\與竇伯向書__juan_01.txt	scrape_output\clean\東漢\與竇伯向書\與竇伯向書__juan_01.txt	204	160	0
東漢	1043955	與竇憲書	與竇憲書	與竇憲書	1	scrape_output\raw\東漢\與竇憲書\與竇憲書__juan_01.txt	scrape_output\clean\東漢\與竇憲書\與竇憲書__juan_01.txt	569	525	0
東漢	1043957	與竇憲牋	與竇憲牋	與竇憲牋	1	scrape_output\raw\東漢\與竇憲牋\與竇憲牋__juan_01.txt	scrape_output\clean\東漢\與竇憲牋\與竇憲牋__juan_01.txt	381	337	0
東漢	891626	與諸卿書	與諸卿書	與諸卿書	1	scrape_output\raw\東漢\與諸卿書\與諸卿書__juan_01.txt	scrape_output\clean\東漢\與諸卿書\與諸卿書__juan_01.txt	153	109	0
東漢	891694	與謝伯世書	與謝伯世書	與謝伯世書	1	scrape_output\raw\東漢\與謝伯世書\與謝伯世書__juan_01.txt	scrape_output\clean\東漢\與謝伯世書\與謝伯世書__juan_01.txt	129	85	0
東漢	36004	與邴原書	與邴原書	與邴原書	1	scrape_output\raw\東漢\與邴原書\與邴原書__juan_01.txt	scrape_output\clean\東漢\與邴原書\與邴原書__juan_01.txt	164	120	0
東漢	27986	與韋休甫書	與韋休甫書	與韋休甫書	1	scrape_output\raw\東漢\與韋休甫書\與韋休甫書__juan_01.txt	scrape_output\clean\東漢\與韋休甫書\與韋休甫書__juan_01.txt	330	286	0
東漢	57231	舉賢勿拘品行令	舉賢勿拘品行令	舉賢勿拘品行令	1	scrape_output\raw\東漢\舉賢勿拘品行令\舉賢勿拘品行令__juan_01.txt	scrape_output\clean\東漢\舉賢勿拘品行令\舉賢勿拘品行令__juan_01.txt	289	245	0
東漢	181263	舍利弗摩訶目連遊四衢經	舍利弗摩訶目連遊四衢經	舍利弗摩訶目連遊四衢經	1	scrape_output\raw\東漢\舍利弗摩訶目連遊四衢經\舍利弗摩訶目連遊四衢經__juan_01.txt	scrape_output\clean\東漢\舍利弗摩訶目連遊四衢經\舍利弗摩訶目連遊四衢經__juan_01.txt	1537	1493	0
東漢	1145205	舞賦 (傅毅)	舞賦 (傅毅)	舞賦 (傅毅)	1	scrape_output\raw\東漢\舞賦 (傅毅)\舞賦 (傅毅)__juan_01.txt	scrape_output\clean\東漢\舞賦 (傅毅)\舞賦 (傅毅)__juan_01.txt	1260	1216	0
東漢	165285	舞賦 (張衡)	舞賦 (張衡)	舞賦 (張衡)	1	scrape_output\raw\東漢\舞賦 (張衡)\舞賦 (張衡)__juan_01.txt	scrape_output\clean\東漢\舞賦 (張衡)\舞賦 (張衡)__juan_01.txt	524	514	0
東漢	114365	艷	艷	艷	1	scrape_output\raw\東漢\艷\艷__juan_01.txt	scrape_output\clean\東漢\艷\艷__juan_01.txt	129	83	0
東漢	27043	苦寒行 (曹操)	苦寒行 (曹操)	苦寒行 (曹操)	1	scrape_output\raw\東漢\苦寒行 (曹操)\苦寒行 (曹操)__juan_01.txt	scrape_output\clean\東漢\苦寒行 (曹操)\苦寒行 (曹操)__juan_01.txt	247	203	0
東漢	1042482	苦雨 (阮瑀)	苦雨 (阮瑀)	苦雨 (阮瑀)	1	scrape_output\raw\東漢\苦雨 (阮瑀)\苦雨 (阮瑀)__juan_01.txt	scrape_output\clean\東漢\苦雨 (阮瑀)\苦雨 (阮瑀)__juan_01.txt	133	89	0
東漢	1036017	荀侍中集	荀侍中集	荀侍中集	1	scrape_output\raw\東漢\荀侍中集\荀侍中集__juan_01.txt	scrape_output\clean\東漢\荀侍中集\荀侍中集__juan_01.txt	16996	16951	0
東漢	1043324	荔支賦	荔支賦	荔支賦	1	scrape_output\raw\東漢\荔支賦\荔支賦__juan_01.txt	scrape_output\clean\東漢\荔支賦\荔支賦__juan_01.txt	205	161	0
東漢	114378	董逃歌詞	董逃歌詞	董逃歌詞	1	scrape_output\raw\東漢\董逃歌詞\董逃歌詞__juan_01.txt	scrape_output\clean\東漢\董逃歌詞\董逃歌詞__juan_01.txt	194	71	0
東漢	7626	蒿里行	蒿里行	蒿里行	1	scrape_output\raw\東漢\蒿里行\蒿里行__juan_01.txt	scrape_output\clean\東漢\蒿里行\蒿里行__juan_01.txt	212	163	0
東漢	164643	蔡中郎集	蔡中郎集/卷一	蔡中郎集	1	scrape_output\raw\東漢\蔡中郎集\蔡中郎集__juan_01.txt	scrape_output\clean\東漢\蔡中郎集\蔡中郎集__juan_01.txt	6183	6178	0
東漢	164643	蔡中郎集	蔡中郎集/外集卷一	蔡中郎集	2	scrape_output\raw\東漢\蔡中郎集\蔡中郎集__juan_02.txt	scrape_output\clean\東漢\蔡中郎集\蔡中郎集__juan_02.txt	2971	2971	0
東漢	164643	蔡中郎集	蔡中郎集/卷二	蔡中郎集	3	scrape_output\raw\東漢\蔡中郎集\蔡中郎集__juan_03.txt	scrape_output\clean\東漢\蔡中郎集\蔡中郎集__juan_03.txt	5816	5816	0
東漢	164643	蔡中郎集	蔡中郎集/外集卷二	蔡中郎集	4	scrape_output\raw\東漢\蔡中郎集\蔡中郎集__juan_04.txt	scrape_output\clean\東漢\蔡中郎集\蔡中郎集__juan_04.txt	4419	4418	0
東漢	164643	蔡中郎集	蔡中郎集/卷三	蔡中郎集	5	scrape_output\raw\東漢\蔡中郎集\蔡中郎集__juan_05.txt	scrape_output\clean\東漢\蔡中郎集\蔡中郎集__juan_05.txt	5445	5445	0
東漢	164643	蔡中郎集	蔡中郎集/外集卷三	蔡中郎集	6	scrape_output\raw\東漢\蔡中郎集\蔡中郎集__juan_06.txt	scrape_output\clean\東漢\蔡中郎集\蔡中郎集__juan_06.txt	2474	2474	0
東漢	164643	蔡中郎集	蔡中郎集/卷四	蔡中郎集	7	scrape_output\raw\東漢\蔡中郎集\蔡中郎集__juan_07.txt	scrape_output\clean\東漢\蔡中郎集\蔡中郎集__juan_07.txt	5300	5300	0
東漢	164643	蔡中郎集	蔡中郎集/外集卷四	蔡中郎集	8	scrape_output\raw\東漢\蔡中郎集\蔡中郎集__juan_08.txt	scrape_output\clean\東漢\蔡中郎集\蔡中郎集__juan_08.txt	12354	12354	0
東漢	164643	蔡中郎集	蔡中郎集/卷五	蔡中郎集	9	scrape_output\raw\東漢\蔡中郎集\蔡中郎集__juan_09.txt	scrape_output\clean\東漢\蔡中郎集\蔡中郎集__juan_09.txt	2875	2869	0
東漢	164643	蔡中郎集	蔡中郎集/卷六	蔡中郎集	10	scrape_output\raw\東漢\蔡中郎集\蔡中郎集__juan_10.txt	scrape_output\clean\東漢\蔡中郎集\蔡中郎集__juan_10.txt	2715	2712	0
東漢	164643	蔡中郎集	蔡中郎集/卷七	蔡中郎集	11	scrape_output\raw\東漢\蔡中郎集\蔡中郎集__juan_11.txt	scrape_output\clean\東漢\蔡中郎集\蔡中郎集__juan_11.txt	6639	6636	0
東漢	164643	蔡中郎集	蔡中郎集/卷八	蔡中郎集	12	scrape_output\raw\東漢\蔡中郎集\蔡中郎集__juan_12.txt	scrape_output\clean\東漢\蔡中郎集\蔡中郎集__juan_12.txt	2471	2471	0
東漢	164643	蔡中郎集	蔡中郎集/卷九	蔡中郎集	13	scrape_output\raw\東漢\蔡中郎集\蔡中郎集__juan_13.txt	scrape_output\clean\東漢\蔡中郎集\蔡中郎集__juan_13.txt	3949	3949	0
東漢	164643	蔡中郎集	蔡中郎集/卷十	蔡中郎集	14	scrape_output\raw\東漢\蔡中郎集\蔡中郎集__juan_14.txt	scrape_output\clean\東漢\蔡中郎集\蔡中郎集__juan_14.txt	4974	4962	0
東漢	164643	蔡中郎集	蔡中郎集/卷十一	蔡中郎集	15	scrape_output\raw\東漢\蔡中郎集\蔡中郎集__juan_15.txt	scrape_output\clean\東漢\蔡中郎集\蔡中郎集__juan_15.txt	5335	5332	0
東漢	204151	蔡氏五弄	蔡氏五弄	蔡氏五弄	1	scrape_output\raw\東漢\蔡氏五弄\蔡氏五弄__juan_01.txt	scrape_output\clean\東漢\蔡氏五弄\蔡氏五弄__juan_01.txt	595	539	0
東漢	114375	薤露行 (曹操)	薤露行 (曹操)	薤露行 (曹操)	1	scrape_output\raw\東漢\薤露行 (曹操)\薤露行 (曹操)__juan_01.txt	scrape_output\clean\東漢\薤露行 (曹操)\薤露行 (曹操)__juan_01.txt	212	163	0
東漢	23284	薦禰衡表	薦禰衡表	薦禰衡表	1	scrape_output\raw\東漢\薦禰衡表\薦禰衡表__juan_01.txt	scrape_output\clean\東漢\薦禰衡表\薦禰衡表__juan_01.txt	623	529	0
東漢	1043965	虎賁中郎箴	虎賁中郎箴	虎賁中郎箴	1	scrape_output\raw\東漢\虎賁中郎箴\虎賁中郎箴__juan_01.txt	scrape_output\clean\東漢\虎賁中郎箴\虎賁中郎箴__juan_01.txt	139	95	0
東漢	169901	蟬賦 （班昭）	蟬賦 （班昭）	蟬賦 （班昭）	1	scrape_output\raw\東漢\蟬賦 （班昭）\蟬賦 （班昭）__juan_01.txt	scrape_output\clean\東漢\蟬賦 （班昭）\蟬賦 （班昭）__juan_01.txt	279	222	0
東漢	891629	衛尉張儉碑	衛尉張儉碑	衛尉張儉碑	1	scrape_output\raw\東漢\衛尉張儉碑\衛尉張儉碑__juan_01.txt	scrape_output\clean\東漢\衛尉張儉碑\衛尉張儉碑__juan_01.txt	375	328	0
東漢	165348	表求合正三史	表求合正三史	表求合正三史	1	scrape_output\raw\東漢\表求合正三史\表求合正三史__juan_01.txt	scrape_output\clean\東漢\表求合正三史\表求合正三史__juan_01.txt	270	260	0
東漢	155171	表賀錄換誤上章謝罪	表賀錄換誤上章謝罪	表賀錄換誤上章謝罪	1	scrape_output\raw\東漢\表賀錄換誤上章謝罪\表賀錄換誤上章謝罪__juan_01.txt	scrape_output\clean\東漢\表賀錄換誤上章謝罪\表賀錄換誤上章謝罪__juan_01.txt	311	219	0
東漢	1044776	襪銘	襪銘	襪銘	1	scrape_output\raw\東漢\襪銘\襪銘__juan_01.txt	scrape_output\clean\東漢\襪銘\襪銘__juan_01.txt	129	85	0
東漢	157498	西嶽華山廟碑	西嶽華山廟碑	西嶽華山廟碑	1	scrape_output\raw\東漢\西嶽華山廟碑\西嶽華山廟碑__juan_01.txt	scrape_output\clean\東漢\西嶽華山廟碑\西嶽華山廟碑__juan_01.txt	895	894	0
東漢	1044790	西巡頌	西巡頌	西巡頌	1	scrape_output\raw\東漢\西巡頌\西巡頌__juan_01.txt	scrape_output\clean\東漢\西巡頌\西巡頌__juan_01.txt	182	138	0
東漢	169956	西征賦 (徐幹)	西征賦 (徐幹)	西征賦 (徐幹)	1	scrape_output\raw\東漢\西征賦 (徐幹)\西征賦 (徐幹)__juan_01.txt	scrape_output\clean\東漢\西征賦 (徐幹)\西征賦 (徐幹)__juan_01.txt	205	111	0
東漢	173482	西狹頌	西狹頌	西狹頌	1	scrape_output\raw\東漢\西狹頌\西狹頌__juan_01.txt	scrape_output\clean\東漢\西狹頌\西狹頌__juan_01.txt	720	672	0
東漢	170310	覽海賦	覽海賦	覽海賦	1	scrape_output\raw\東漢\覽海賦\覽海賦__juan_01.txt	scrape_output\clean\東漢\覽海賦\覽海賦__juan_01.txt	346	300	0
東漢	10352	觀滄海	觀滄海	觀滄海	1	scrape_output\raw\東漢\觀滄海\觀滄海__juan_01.txt	scrape_output\clean\東漢\觀滄海\觀滄海__juan_01.txt	164	117	0
東漢	1112044	註補續漢書八志	註補續漢書八志/郡國志/并州	註補續漢書八志	1	scrape_output\raw\東漢\註補續漢書八志\註補續漢書八志__juan_01.txt	scrape_output\clean\東漢\註補續漢書八志\註補續漢書八志__juan_01.txt	2451	2067	0
東漢	170823	詔定古文尚書序	詔定古文尚書序	詔定古文尚書序	1	scrape_output\raw\東漢\詔定古文尚書序\詔定古文尚書序__juan_01.txt	scrape_output\clean\東漢\詔定古文尚書序\詔定古文尚書序__juan_01.txt	647	536	0
東漢	1020509	詠史 (班固)	詠史 (班固)	詠史 (班固)	1	scrape_output\raw\東漢\詠史 (班固)\詠史 (班固)__juan_01.txt	scrape_output\clean\東漢\詠史 (班固)\詠史 (班固)__juan_01.txt	189	145	0
東漢	796354	詠史詩 (班固)	詠史詩 (班固)	詠史詩 (班固)	1	scrape_output\raw\東漢\詠史詩 (班固)\詠史詩 (班固)__juan_01.txt	scrape_output\clean\東漢\詠史詩 (班固)\詠史詩 (班固)__juan_01.txt	201	157	0
東漢	1042476	詠史詩二首	詠史詩二首	詠史詩二首	1	scrape_output\raw\東漢\詠史詩二首\詠史詩二首__juan_01.txt	scrape_output\clean\東漢\詠史詩二首\詠史詩二首__juan_01.txt	225	181	0
東漢	10075	誡兄子嚴敦書	誡兄子嚴敦書	誡兄子嚴敦書	1	scrape_output\raw\東漢\誡兄子嚴敦書\誡兄子嚴敦書__juan_01.txt	scrape_output\clean\東漢\誡兄子嚴敦書\誡兄子嚴敦書__juan_01.txt	468	393	0
東漢	52680	說文解字	說文解字/15	說文解字	1	scrape_output\raw\東漢\說文解字\說文解字__juan_01.txt	scrape_output\clean\東漢\說文解字\說文解字__juan_01.txt	2125	2049	0
東漢	165345	請禁絕圖讖疏	請禁絕圖讖疏	請禁絕圖讖疏	1	scrape_output\raw\東漢\請禁絕圖讖疏\請禁絕圖讖疏__juan_01.txt	scrape_output\clean\東漢\請禁絕圖讖疏\請禁絕圖讖疏__juan_01.txt	638	636	0
東漢	21152	論盛孝章書	論盛孝章書	論盛孝章書	1	scrape_output\raw\東漢\論盛孝章書\論盛孝章書__juan_01.txt	scrape_output\clean\東漢\論盛孝章書\論盛孝章書__juan_01.txt	496	452	0
東漢	44377	論衡	論衡/01	論衡	1	scrape_output\raw\東漢\論衡\論衡__juan_01.txt	scrape_output\clean\東漢\論衡\論衡__juan_01.txt	2149	2142	0
東漢	44377	論衡	論衡/02	論衡	2	scrape_output\raw\東漢\論衡\論衡__juan_02.txt	scrape_output\clean\東漢\論衡\論衡__juan_02.txt	2100	2095	0
東漢	44377	論衡	論衡/03	論衡	3	scrape_output\raw\東漢\論衡\論衡__juan_03.txt	scrape_output\clean\東漢\論衡\論衡__juan_03.txt	1998	1996	0
東漢	44377	論衡	論衡/04	論衡	4	scrape_output\raw\東漢\論衡\論衡__juan_04.txt	scrape_output\clean\東漢\論衡\論衡__juan_04.txt	1221	1221	0
東漢	44377	論衡	論衡/05	論衡	5	scrape_output\raw\東漢\論衡\論衡__juan_05.txt	scrape_output\clean\東漢\論衡\論衡__juan_05.txt	1453	1449	0
東漢	44377	論衡	論衡/06	論衡	6	scrape_output\raw\東漢\論衡\論衡__juan_06.txt	scrape_output\clean\東漢\論衡\論衡__juan_06.txt	2350	2350	0
東漢	44377	論衡	論衡/07	論衡	7	scrape_output\raw\東漢\論衡\論衡__juan_07.txt	scrape_output\clean\東漢\論衡\論衡__juan_07.txt	1970	1970	0
東漢	44377	論衡	論衡/08	論衡	8	scrape_output\raw\東漢\論衡\論衡__juan_08.txt	scrape_output\clean\東漢\論衡\論衡__juan_08.txt	2708	2706	0
東漢	44377	論衡	論衡/09	論衡	9	scrape_output\raw\東漢\論衡\論衡__juan_09.txt	scrape_output\clean\東漢\論衡\論衡__juan_09.txt	2616	2609	0
東漢	44377	論衡	論衡/10	論衡	10	scrape_output\raw\東漢\論衡\論衡__juan_10.txt	scrape_output\clean\東漢\論衡\論衡__juan_10.txt	2121	2119	0
東漢	44377	論衡	論衡/11	論衡	11	scrape_output\raw\東漢\論衡\論衡__juan_11.txt	scrape_output\clean\東漢\論衡\論衡__juan_11.txt	2713	2707	0
東漢	44377	論衡	論衡/12	論衡	12	scrape_output\raw\東漢\論衡\論衡__juan_12.txt	scrape_output\clean\東漢\論衡\論衡__juan_12.txt	1787	1787	0
東漢	44377	論衡	論衡/13	論衡	13	scrape_output\raw\東漢\論衡\論衡__juan_13.txt	scrape_output\clean\東漢\論衡\論衡__juan_13.txt	2377	2367	0
東漢	44377	論衡	論衡/14	論衡	14	scrape_output\raw\東漢\論衡\論衡__juan_14.txt	scrape_output\clean\東漢\論衡\論衡__juan_14.txt	1775	1775	0
東漢	44377	論衡	論衡/15	論衡	15	scrape_output\raw\東漢\論衡\論衡__juan_15.txt	scrape_output\clean\東漢\論衡\論衡__juan_15.txt	2137	2137	0
東漢	44377	論衡	論衡/16	論衡	16	scrape_output\raw\東漢\論衡\論衡__juan_16.txt	scrape_output\clean\東漢\論衡\論衡__juan_16.txt	5990	5986	0
東漢	44377	論衡	論衡/17	論衡	17	scrape_output\raw\東漢\論衡\論衡__juan_17.txt	scrape_output\clean\東漢\論衡\論衡__juan_17.txt	2988	2986	0
東漢	44377	論衡	論衡/18	論衡	18	scrape_output\raw\東漢\論衡\論衡__juan_18.txt	scrape_output\clean\東漢\論衡\論衡__juan_18.txt	2849	2846	0
東漢	44377	論衡	論衡/19	論衡	19	scrape_output\raw\東漢\論衡\論衡__juan_19.txt	scrape_output\clean\東漢\論衡\論衡__juan_19.txt	6599	6575	0
東漢	44377	論衡	論衡/20	論衡	20	scrape_output\raw\東漢\論衡\論衡__juan_20.txt	scrape_output\clean\東漢\論衡\論衡__juan_20.txt	2321	2319	0
東漢	44377	論衡	論衡/21	論衡	21	scrape_output\raw\東漢\論衡\論衡__juan_21.txt	scrape_output\clean\東漢\論衡\論衡__juan_21.txt	2590	2580	0
東漢	44377	論衡	論衡/22	論衡	22	scrape_output\raw\東漢\論衡\論衡__juan_22.txt	scrape_output\clean\東漢\論衡\論衡__juan_22.txt	2525	2521	0
東漢	44377	論衡	論衡/23	論衡	23	scrape_output\raw\東漢\論衡\論衡__juan_23.txt	scrape_output\clean\東漢\論衡\論衡__juan_23.txt	4449	4446	0
東漢	44377	論衡	論衡/24	論衡	24	scrape_output\raw\東漢\論衡\論衡__juan_24.txt	scrape_output\clean\東漢\論衡\論衡__juan_24.txt	6182	6159	0
東漢	44377	論衡	論衡/25	論衡	25	scrape_output\raw\東漢\論衡\論衡__juan_25.txt	scrape_output\clean\東漢\論衡\論衡__juan_25.txt	3510	3504	0
東漢	44377	論衡	論衡/26	論衡	26	scrape_output\raw\東漢\論衡\論衡__juan_26.txt	scrape_output\clean\東漢\論衡\論衡__juan_26.txt	4516	4514	0
東漢	44377	論衡	論衡/27	論衡	27	scrape_output\raw\東漢\論衡\論衡__juan_27.txt	scrape_output\clean\東漢\論衡\論衡__juan_27.txt	2893	2887	0
東漢	44377	論衡	論衡/28	論衡	28	scrape_output\raw\東漢\論衡\論衡__juan_28.txt	scrape_output\clean\東漢\論衡\論衡__juan_28.txt	8319	8314	0
東漢	44377	論衡	論衡/29	論衡	29	scrape_output\raw\東漢\論衡\論衡__juan_29.txt	scrape_output\clean\東漢\論衡\論衡__juan_29.txt	4620	4618	0
東漢	44377	論衡	論衡/30	論衡	30	scrape_output\raw\東漢\論衡\論衡__juan_30.txt	scrape_output\clean\東漢\論衡\論衡__juan_30.txt	4772	4762	0
東漢	44377	論衡	論衡/31	論衡	31	scrape_output\raw\東漢\論衡\論衡__juan_31.txt	scrape_output\clean\東漢\論衡\論衡__juan_31.txt	2481	2481	0
東漢	44377	論衡	論衡/32	論衡	32	scrape_output\raw\東漢\論衡\論衡__juan_32.txt	scrape_output\clean\東漢\論衡\論衡__juan_32.txt	6880	6876	0
東漢	44377	論衡	論衡/33	論衡	33	scrape_output\raw\東漢\論衡\論衡__juan_33.txt	scrape_output\clean\東漢\論衡\論衡__juan_33.txt	3479	3478	0
東漢	44377	論衡	論衡/34	論衡	34	scrape_output\raw\東漢\論衡\論衡__juan_34.txt	scrape_output\clean\東漢\論衡\論衡__juan_34.txt	3117	3114	0
東漢	44377	論衡	論衡/35	論衡	35	scrape_output\raw\東漢\論衡\論衡__juan_35.txt	scrape_output\clean\東漢\論衡\論衡__juan_35.txt	2333	2333	0
東漢	44377	論衡	論衡/36	論衡	36	scrape_output\raw\東漢\論衡\論衡__juan_36.txt	scrape_output\clean\東漢\論衡\論衡__juan_36.txt	2797	2797	0
東漢	44377	論衡	論衡/37	論衡	37	scrape_output\raw\東漢\論衡\論衡__juan_37.txt	scrape_output\clean\東漢\論衡\論衡__juan_37.txt	2966	2965	0
東漢	44377	論衡	論衡/38	論衡	38	scrape_output\raw\東漢\論衡\論衡__juan_38.txt	scrape_output\clean\東漢\論衡\論衡__juan_38.txt	3623	3623	0
東漢	44377	論衡	論衡/39	論衡	39	scrape_output\raw\東漢\論衡\論衡__juan_39.txt	scrape_output\clean\東漢\論衡\論衡__juan_39.txt	3110	3110	0
東漢	44377	論衡	論衡/40	論衡	40	scrape_output\raw\東漢\論衡\論衡__juan_40.txt	scrape_output\clean\東漢\論衡\論衡__juan_40.txt	1946	1946	0
東漢	44377	論衡	論衡/41	論衡	41	scrape_output\raw\東漢\論衡\論衡__juan_41.txt	scrape_output\clean\東漢\論衡\論衡__juan_41.txt	2030	2030	0
東漢	44377	論衡	論衡/42	論衡	42	scrape_output\raw\東漢\論衡\論衡__juan_42.txt	scrape_output\clean\東漢\論衡\論衡__juan_42.txt	3194	3194	0
東漢	44377	論衡	論衡/43	論衡	43	scrape_output\raw\東漢\論衡\論衡__juan_43.txt	scrape_output\clean\東漢\論衡\論衡__juan_43.txt	2847	2847	0
東漢	44377	論衡	論衡/44	論衡	44	scrape_output\raw\東漢\論衡\論衡__juan_44.txt	scrape_output\clean\東漢\論衡\論衡__juan_44.txt	6	6	0
東漢	44377	論衡	論衡/45	論衡	45	scrape_output\raw\東漢\論衡\論衡__juan_45.txt	scrape_output\clean\東漢\論衡\論衡__juan_45.txt	3438	3438	0
東漢	44377	論衡	論衡/46	論衡	46	scrape_output\raw\東漢\論衡\論衡__juan_46.txt	scrape_output\clean\東漢\論衡\論衡__juan_46.txt	2719	2719	0
東漢	44377	論衡	論衡/47	論衡	47	scrape_output\raw\東漢\論衡\論衡__juan_47.txt	scrape_output\clean\東漢\論衡\論衡__juan_47.txt	2400	2400	0
東漢	44377	論衡	論衡/48	論衡	48	scrape_output\raw\東漢\論衡\論衡__juan_48.txt	scrape_output\clean\東漢\論衡\論衡__juan_48.txt	1626	1626	0
東漢	44377	論衡	論衡/49	論衡	49	scrape_output\raw\東漢\論衡\論衡__juan_49.txt	scrape_output\clean\東漢\論衡\論衡__juan_49.txt	1789	1789	0
東漢	44377	論衡	論衡/50	論衡	50	scrape_output\raw\東漢\論衡\論衡__juan_50.txt	scrape_output\clean\東漢\論衡\論衡__juan_50.txt	4939	4939	0
東漢	44377	論衡	論衡/51	論衡	51	scrape_output\raw\東漢\論衡\論衡__juan_51.txt	scrape_output\clean\東漢\論衡\論衡__juan_51.txt	2772	2772	0
東漢	44377	論衡	論衡/52	論衡	52	scrape_output\raw\東漢\論衡\論衡__juan_52.txt	scrape_output\clean\東漢\論衡\論衡__juan_52.txt	3069	3069	0
東漢	44377	論衡	論衡/53	論衡	53	scrape_output\raw\東漢\論衡\論衡__juan_53.txt	scrape_output\clean\東漢\論衡\論衡__juan_53.txt	2099	2099	0
東漢	44377	論衡	論衡/54	論衡	54	scrape_output\raw\東漢\論衡\論衡__juan_54.txt	scrape_output\clean\東漢\論衡\論衡__juan_54.txt	3694	3694	0
東漢	44377	論衡	論衡/55	論衡	55	scrape_output\raw\東漢\論衡\論衡__juan_55.txt	scrape_output\clean\東漢\論衡\論衡__juan_55.txt	4024	4024	0
東漢	44377	論衡	論衡/56	論衡	56	scrape_output\raw\東漢\論衡\論衡__juan_56.txt	scrape_output\clean\東漢\論衡\論衡__juan_56.txt	3090	3090	0
東漢	44377	論衡	論衡/57	論衡	57	scrape_output\raw\東漢\論衡\論衡__juan_57.txt	scrape_output\clean\東漢\論衡\論衡__juan_57.txt	2485	2485	0
東漢	44377	論衡	論衡/58	論衡	58	scrape_output\raw\東漢\論衡\論衡__juan_58.txt	scrape_output\clean\東漢\論衡\論衡__juan_58.txt	2940	2940	0
東漢	44377	論衡	論衡/59	論衡	59	scrape_output\raw\東漢\論衡\論衡__juan_59.txt	scrape_output\clean\東漢\論衡\論衡__juan_59.txt	1799	1799	0
東漢	44377	論衡	論衡/60	論衡	60	scrape_output\raw\東漢\論衡\論衡__juan_60.txt	scrape_output\clean\東漢\論衡\論衡__juan_60.txt	2734	2734	0
東漢	44377	論衡	論衡/61	論衡	61	scrape_output\raw\東漢\論衡\論衡__juan_61.txt	scrape_output\clean\東漢\論衡\論衡__juan_61.txt	2390	2390	0
東漢	44377	論衡	論衡/62	論衡	62	scrape_output\raw\東漢\論衡\論衡__juan_62.txt	scrape_output\clean\東漢\論衡\論衡__juan_62.txt	4134	4134	0
東漢	44377	論衡	論衡/63	論衡	63	scrape_output\raw\東漢\論衡\論衡__juan_63.txt	scrape_output\clean\東漢\論衡\論衡__juan_63.txt	5942	5942	0
東漢	44377	論衡	論衡/64	論衡	64	scrape_output\raw\東漢\論衡\論衡__juan_64.txt	scrape_output\clean\東漢\論衡\論衡__juan_64.txt	5758	5758	0
東漢	44377	論衡	論衡/65	論衡	65	scrape_output\raw\東漢\論衡\論衡__juan_65.txt	scrape_output\clean\東漢\論衡\論衡__juan_65.txt	3363	3363	0
東漢	44377	論衡	論衡/66	論衡	66	scrape_output\raw\東漢\論衡\論衡__juan_66.txt	scrape_output\clean\東漢\論衡\論衡__juan_66.txt	1824	1823	0
東漢	44377	論衡	論衡/67	論衡	67	scrape_output\raw\東漢\論衡\論衡__juan_67.txt	scrape_output\clean\東漢\論衡\論衡__juan_67.txt	1944	1944	0
東漢	44377	論衡	論衡/68	論衡	68	scrape_output\raw\東漢\論衡\論衡__juan_68.txt	scrape_output\clean\東漢\論衡\論衡__juan_68.txt	3262	3262	0
東漢	44377	論衡	論衡/69	論衡	69	scrape_output\raw\東漢\論衡\論衡__juan_69.txt	scrape_output\clean\東漢\論衡\論衡__juan_69.txt	1681	1681	0
東漢	44377	論衡	論衡/70	論衡	70	scrape_output\raw\東漢\論衡\論衡__juan_70.txt	scrape_output\clean\東漢\論衡\論衡__juan_70.txt	2407	2407	0
東漢	44377	論衡	論衡/71	論衡	71	scrape_output\raw\東漢\論衡\論衡__juan_71.txt	scrape_output\clean\東漢\論衡\論衡__juan_71.txt	2627	2626	0
東漢	44377	論衡	論衡/72	論衡	72	scrape_output\raw\東漢\論衡\論衡__juan_72.txt	scrape_output\clean\東漢\論衡\論衡__juan_72.txt	2050	2050	0
東漢	44377	論衡	論衡/73	論衡	73	scrape_output\raw\東漢\論衡\論衡__juan_73.txt	scrape_output\clean\東漢\論衡\論衡__juan_73.txt	2251	2251	0
東漢	44377	論衡	論衡/74	論衡	74	scrape_output\raw\東漢\論衡\論衡__juan_74.txt	scrape_output\clean\東漢\論衡\論衡__juan_74.txt	2099	2099	0
東漢	44377	論衡	論衡/75	論衡	75	scrape_output\raw\東漢\論衡\論衡__juan_75.txt	scrape_output\clean\東漢\論衡\論衡__juan_75.txt	1994	1994	0
東漢	44377	論衡	論衡/76	論衡	76	scrape_output\raw\東漢\論衡\論衡__juan_76.txt	scrape_output\clean\東漢\論衡\論衡__juan_76.txt	2382	2382	0
東漢	44377	論衡	論衡/77	論衡	77	scrape_output\raw\東漢\論衡\論衡__juan_77.txt	scrape_output\clean\東漢\論衡\論衡__juan_77.txt	2343	2343	0
東漢	44377	論衡	論衡/78	論衡	78	scrape_output\raw\東漢\論衡\論衡__juan_78.txt	scrape_output\clean\東漢\論衡\論衡__juan_78.txt	4454	4454	0
東漢	44377	論衡	論衡/79	論衡	79	scrape_output\raw\東漢\論衡\論衡__juan_79.txt	scrape_output\clean\東漢\論衡\論衡__juan_79.txt	4742	4739	0
東漢	44377	論衡	論衡/80	論衡	80	scrape_output\raw\東漢\論衡\論衡__juan_80.txt	scrape_output\clean\東漢\論衡\論衡__juan_80.txt	6632	6632	0
東漢	44377	論衡	論衡/81	論衡	81	scrape_output\raw\東漢\論衡\論衡__juan_81.txt	scrape_output\clean\東漢\論衡\論衡__juan_81.txt	4510	4510	0
東漢	44377	論衡	論衡/82	論衡	82	scrape_output\raw\東漢\論衡\論衡__juan_82.txt	scrape_output\clean\東漢\論衡\論衡__juan_82.txt	2788	2784	0
東漢	44377	論衡	論衡/83	論衡	83	scrape_output\raw\東漢\論衡\論衡__juan_83.txt	scrape_output\clean\東漢\論衡\論衡__juan_83.txt	2619	2619	0
東漢	44377	論衡	論衡/84	論衡	84	scrape_output\raw\東漢\論衡\論衡__juan_84.txt	scrape_output\clean\東漢\論衡\論衡__juan_84.txt	2737	2737	0
東漢	44377	論衡	論衡/85	論衡	85	scrape_output\raw\東漢\論衡\論衡__juan_85.txt	scrape_output\clean\東漢\論衡\論衡__juan_85.txt	5527	5526	0
東漢	165344	論貢舉疏	論貢舉疏	論貢舉疏	1	scrape_output\raw\東漢\論貢舉疏\論貢舉疏__juan_01.txt	scrape_output\clean\東漢\論貢舉疏\論貢舉疏__juan_01.txt	290	290	0
東漢	170498	論都賦	論都賦	論都賦	1	scrape_output\raw\東漢\論都賦\論都賦__juan_01.txt	scrape_output\clean\東漢\論都賦\論都賦__juan_01.txt	2276	2184	0
東漢	27992	諫何進召外兵	諫何進召外兵	諫何進召外兵	1	scrape_output\raw\東漢\諫何進召外兵\諫何進召外兵__juan_01.txt	scrape_output\clean\東漢\諫何進召外兵\諫何進召外兵__juan_01.txt	208	164	0
東漢	166118	諫議大夫箴	諫議大夫箴	諫議大夫箴	1	scrape_output\raw\東漢\諫議大夫箴\諫議大夫箴__juan_01.txt	scrape_output\clean\東漢\諫議大夫箴\諫議大夫箴__juan_01.txt	266	172	0
東漢	166116	諫讕大夫箴	諫讕大夫箴	諫讕大夫箴	1	scrape_output\raw\東漢\諫讕大夫箴\諫讕大夫箴__juan_01.txt	scrape_output\clean\東漢\諫讕大夫箴\諫讕大夫箴__juan_01.txt	280	188	0
東漢	114377	謠俗詞	謠俗詞	謠俗詞	1	scrape_output\raw\東漢\謠俗詞\謠俗詞__juan_01.txt	scrape_output\clean\東漢\謠俗詞\謠俗詞__juan_01.txt	105	61	0
東漢	12099	讓縣自明本志令	讓縣自明本志令	讓縣自明本志令	1	scrape_output\raw\東漢\讓縣自明本志令\讓縣自明本志令__juan_01.txt	scrape_output\clean\東漢\讓縣自明本志令\讓縣自明本志令__juan_01.txt	1474	1430	0
東漢	170345	貢藥物表	貢藥物表	貢藥物表	1	scrape_output\raw\東漢\貢藥物表\貢藥物表__juan_01.txt	scrape_output\clean\東漢\貢藥物表\貢藥物表__juan_01.txt	180	86	0
東漢	1036038	貫高張敖論	貫高張敖論	貫高張敖論	1	scrape_output\raw\東漢\貫高張敖論\貫高張敖論__juan_01.txt	scrape_output\clean\東漢\貫高張敖論\貫高張敖論__juan_01.txt	177	133	0
東漢	1167333	賀捷表	賀捷表	賀捷表	1	scrape_output\raw\東漢\賀捷表\賀捷表__juan_01.txt	scrape_output\clean\東漢\賀捷表\賀捷表__juan_01.txt	294	250	0
東漢	25846	贈從弟 (亭亭山上松)	贈從弟 (亭亭山上松)	贈從弟 (亭亭山上松)	1	scrape_output\raw\東漢\贈從弟 (亭亭山上松)\贈從弟 (亭亭山上松)__juan_01.txt	scrape_output\clean\東漢\贈從弟 (亭亭山上松)\贈從弟 (亭亭山上松)__juan_01.txt	159	65	0
東漢	25848	贈從弟三首	贈從弟三首	贈從弟三首	1	scrape_output\raw\東漢\贈從弟三首\贈從弟三首__juan_01.txt	scrape_output\clean\東漢\贈從弟三首\贈從弟三首__juan_01.txt	280	186	0
東漢	201870	贈梅公明詩	贈梅公明詩	贈梅公明詩	1	scrape_output\raw\東漢\贈梅公明詩\贈梅公明詩__juan_01.txt	scrape_output\clean\東漢\贈梅公明詩\贈梅公明詩__juan_01.txt	149	105	0
東漢	144312	赠梅公明诗	赠梅公明诗	赠梅公明诗	1	scrape_output\raw\東漢\赠梅公明诗\赠梅公明诗__juan_01.txt	scrape_output\clean\東漢\赠梅公明诗\赠梅公明诗__juan_01.txt	149	105	0
東漢	1042345	赦論	赦論	赦論	1	scrape_output\raw\東漢\赦論\赦論__juan_01.txt	scrape_output\clean\東漢\赦論\赦論__juan_01.txt	364	320	0
東漢	56207	越絕書	越絕書/卷一	越絕書	1	scrape_output\raw\東漢\越絕書\越絕書__juan_01.txt	scrape_output\clean\東漢\越絕書\越絕書__juan_01.txt	2999	2991	0
東漢	56207	越絕書	越絕書/卷二	越絕書	2	scrape_output\raw\東漢\越絕書\越絕書__juan_02.txt	scrape_output\clean\東漢\越絕書\越絕書__juan_02.txt	4099	4095	0
東漢	56207	越絕書	越絕書/卷三	越絕書	3	scrape_output\raw\東漢\越絕書\越絕書__juan_03.txt	scrape_output\clean\東漢\越絕書\越絕書__juan_03.txt	2609	2609	0
東漢	56207	越絕書	越絕書/卷四	越絕書	4	scrape_output\raw\東漢\越絕書\越絕書__juan_04.txt	scrape_output\clean\東漢\越絕書\越絕書__juan_04.txt	2393	2393	0
東漢	56207	越絕書	越絕書/卷五	越絕書	5	scrape_output\raw\東漢\越絕書\越絕書__juan_05.txt	scrape_output\clean\東漢\越絕書\越絕書__juan_05.txt	2820	2820	0
東漢	56207	越絕書	越絕書/卷六	越絕書	6	scrape_output\raw\東漢\越絕書\越絕書__juan_06.txt	scrape_output\clean\東漢\越絕書\越絕書__juan_06.txt	1876	1876	0
東漢	56207	越絕書	越絕書/卷七	越絕書	7	scrape_output\raw\東漢\越絕書\越絕書__juan_07.txt	scrape_output\clean\東漢\越絕書\越絕書__juan_07.txt	3407	3404	0
東漢	56207	越絕書	越絕書/卷八	越絕書	8	scrape_output\raw\東漢\越絕書\越絕書__juan_08.txt	scrape_output\clean\東漢\越絕書\越絕書__juan_08.txt	4012	4011	0
東漢	56207	越絕書	越絕書/卷九	越絕書	9	scrape_output\raw\東漢\越絕書\越絕書__juan_09.txt	scrape_output\clean\東漢\越絕書\越絕書__juan_09.txt	1462	1462	0
東漢	56207	越絕書	越絕書/卷十	越絕書	10	scrape_output\raw\東漢\越絕書\越絕書__juan_10.txt	scrape_output\clean\東漢\越絕書\越絕書__juan_10.txt	1978	1977	0
東漢	56207	越絕書	越絕書/卷十一	越絕書	11	scrape_output\raw\東漢\越絕書\越絕書__juan_11.txt	scrape_output\clean\東漢\越絕書\越絕書__juan_11.txt	1407	1407	0
東漢	56207	越絕書	越絕書/卷十二	越絕書	12	scrape_output\raw\東漢\越絕書\越絕書__juan_12.txt	scrape_output\clean\東漢\越絕書\越絕書__juan_12.txt	2035	2034	0
東漢	56207	越絕書	越絕書/卷十三	越絕書	13	scrape_output\raw\東漢\越絕書\越絕書__juan_13.txt	scrape_output\clean\東漢\越絕書\越絕書__juan_13.txt	3313	3311	0
東漢	56207	越絕書	越絕書/卷十四	越絕書	14	scrape_output\raw\東漢\越絕書\越絕書__juan_14.txt	scrape_output\clean\東漢\越絕書\越絕書__juan_14.txt	2187	2182	0
東漢	56207	越絕書	越絕書/卷十五	越絕書	15	scrape_output\raw\東漢\越絕書\越絕書__juan_15.txt	scrape_output\clean\東漢\越絕書\越絕書__juan_15.txt	2524	2520	0
東漢	1044746	車右銘	車右銘	車右銘	1	scrape_output\raw\東漢\車右銘\車右銘__juan_01.txt	scrape_output\clean\東漢\車右銘\車右銘__juan_01.txt	141	97	0
東漢	1044744	車左銘	車左銘	車左銘	1	scrape_output\raw\東漢\車左銘\車左銘__juan_01.txt	scrape_output\clean\東漢\車左銘\車左銘__juan_01.txt	141	97	0
東漢	1044748	車後銘	車後銘	車後銘	1	scrape_output\raw\東漢\車後銘\車後銘__juan_01.txt	scrape_output\clean\東漢\車後銘\車後銘__juan_01.txt	143	99	0
東漢	761938	軍譙令	軍譙令	軍譙令	1	scrape_output\raw\東漢\軍譙令\軍譙令__juan_01.txt	scrape_output\clean\東漢\軍譙令\軍譙令__juan_01.txt	185	141	0
東漢	874981	轉法輪經	轉法輪經	轉法輪經	1	scrape_output\raw\東漢\轉法輪經\轉法輪經__juan_01.txt	scrape_output\clean\東漢\轉法輪經\轉法輪經__juan_01.txt	950	906	0
東漢	22739	辟雍詩	辟雍詩	辟雍詩	1	scrape_output\raw\東漢\辟雍詩\辟雍詩__juan_01.txt	scrape_output\clean\東漢\辟雍詩\辟雍詩__juan_01.txt	90	0	1
東漢	1035799	辟雍賦	辟雍賦	辟雍賦	1	scrape_output\raw\東漢\辟雍賦\辟雍賦__juan_01.txt	scrape_output\clean\東漢\辟雍賦\辟雍賦__juan_01.txt	226	182	0
東漢	1047526	迷迭賦 (陳琳)	迷迭賦 (陳琳)	迷迭賦 (陳琳)	1	scrape_output\raw\東漢\迷迭賦 (陳琳)\迷迭賦 (陳琳)__juan_01.txt	scrape_output\clean\東漢\迷迭賦 (陳琳)\迷迭賦 (陳琳)__juan_01.txt	135	91	0
東漢	1047490	遊覽二首	遊覽二首	遊覽二首	1	scrape_output\raw\東漢\遊覽二首\遊覽二首__juan_01.txt	scrape_output\clean\東漢\遊覽二首\遊覽二首__juan_01.txt	281	237	0
東漢	875579	道地經	道地經	道地經	1	scrape_output\raw\東漢\道地經\道地經__juan_01.txt	scrape_output\clean\東漢\道地經\道地經__juan_01.txt	10286	10173	0
東漢	1043953	達旨	達旨	達旨	1	scrape_output\raw\東漢\達旨\達旨__juan_01.txt	scrape_output\clean\東漢\達旨\達旨__juan_01.txt	1402	1358	0
東漢	36006	遺張紘書	遺張紘書	遺張紘書	1	scrape_output\raw\東漢\遺張紘書\遺張紘書__juan_01.txt	scrape_output\clean\東漢\遺張紘書\遺張紘書__juan_01.txt	187	143	0
東漢	1020507	郊祀靈芝歌	郊祀靈芝歌	郊祀靈芝歌	1	scrape_output\raw\東漢\郊祀靈芝歌\郊祀靈芝歌__juan_01.txt	scrape_output\clean\東漢\郊祀靈芝歌\郊祀靈芝歌__juan_01.txt	119	75	0
東漢	23598	郭有道碑文	郭有道碑文	郭有道碑文	1	scrape_output\raw\東漢\郭有道碑文\郭有道碑文__juan_01.txt	scrape_output\clean\東漢\郭有道碑文\郭有道碑文__juan_01.txt	670	578	0
東漢	1036023	酈食其謀立六國論	酈食其謀立六國論	酈食其謀立六國論	1	scrape_output\raw\東漢\酈食其謀立六國論\酈食其謀立六國論__juan_01.txt	scrape_output\clean\東漢\酈食其謀立六國論\酈食其謀立六國論__juan_01.txt	750	706	0
東漢	1043969	酒箴 (崔駰)	酒箴 (崔駰)	酒箴 (崔駰)	1	scrape_output\raw\東漢\酒箴 (崔駰)\酒箴 (崔駰)__juan_01.txt	scrape_output\clean\東漢\酒箴 (崔駰)\酒箴 (崔駰)__juan_01.txt	99	55	0
東漢	13748	釋名	釋名/卷一	釋名	1	scrape_output\raw\東漢\釋名\釋名__juan_01.txt	scrape_output\clean\東漢\釋名\釋名__juan_01.txt	4539	4363	0
東漢	13748	釋名	釋名/卷二	釋名	2	scrape_output\raw\東漢\釋名\釋名__juan_02.txt	scrape_output\clean\東漢\釋名\釋名__juan_02.txt	3298	3125	0
東漢	13748	釋名	釋名/卷三	釋名	3	scrape_output\raw\東漢\釋名\釋名__juan_03.txt	scrape_output\clean\東漢\釋名\釋名__juan_03.txt	3649	3604	0
東漢	13748	釋名	釋名/卷四	釋名	4	scrape_output\raw\東漢\釋名\釋名__juan_04.txt	scrape_output\clean\東漢\釋名\釋名__juan_04.txt	6221	6170	0
東漢	13748	釋名	釋名/卷五	釋名	5	scrape_output\raw\東漢\釋名\釋名__juan_05.txt	scrape_output\clean\東漢\釋名\釋名__juan_05.txt	3480	3435	0
東漢	13748	釋名	釋名/卷六	釋名	6	scrape_output\raw\東漢\釋名\釋名__juan_06.txt	scrape_output\clean\東漢\釋名\釋名__juan_06.txt	1903	1730	0
東漢	13748	釋名	釋名/卷七	釋名	7	scrape_output\raw\東漢\釋名\釋名__juan_07.txt	scrape_output\clean\東漢\釋名\釋名__juan_07.txt	4104	3931	0
東漢	13748	釋名	釋名/卷八	釋名	8	scrape_output\raw\東漢\釋名\釋名__juan_08.txt	scrape_output\clean\東漢\釋名\釋名__juan_08.txt	2314	2269	0
東漢	1181011	金匱玉函經	金匱玉函經	金匱玉函經	1	scrape_output\raw\東漢\金匱玉函經\金匱玉函經__juan_01.txt	scrape_output\clean\東漢\金匱玉函經\金匱玉函經__juan_01.txt	63553	61016	0
東漢	25028	金匱要略	金匱要略	金匱要略	1	scrape_output\raw\東漢\金匱要略\金匱要略__juan_01.txt	scrape_output\clean\東漢\金匱要略\金匱要略__juan_01.txt	31727	31447	0
東漢	24273	銅雀臺賦	銅雀臺賦	銅雀臺賦	1	scrape_output\raw\東漢\銅雀臺賦\銅雀臺賦__juan_01.txt	scrape_output\clean\東漢\銅雀臺賦\銅雀臺賦__juan_01.txt	649	604	0
東漢	169899	鍼縷賦	鍼縷賦	鍼縷賦	1	scrape_output\raw\東漢\鍼縷賦\鍼縷賦__juan_01.txt	scrape_output\clean\東漢\鍼縷賦\鍼縷賦__juan_01.txt	194	98	0
東漢	24479	長笛賦	長笛賦	長笛賦	1	scrape_output\raw\東漢\長笛賦\長笛賦__juan_01.txt	scrape_output\clean\東漢\長笛賦\長笛賦__juan_01.txt	1983	1939	0
東漢	184240	長阿含十報法經	長阿含十報法經/卷上	長阿含十報法經	1	scrape_output\raw\東漢\長阿含十報法經\長阿含十報法經__juan_01.txt	scrape_output\clean\東漢\長阿含十報法經\長阿含十報法經__juan_01.txt	5140	5140	0
東漢	184240	長阿含十報法經	長阿含十報法經/卷下	長阿含十報法經	2	scrape_output\raw\東漢\長阿含十報法經\長阿含十報法經__juan_02.txt	scrape_output\clean\東漢\長阿含十報法經\長阿含十報法經__juan_02.txt	7198	7198	0
東漢	1042393	阿保乳母論	阿保乳母論	阿保乳母論	1	scrape_output\raw\東漢\阿保乳母論\阿保乳母論__juan_01.txt	scrape_output\clean\東漢\阿保乳母論\阿保乳母論__juan_01.txt	411	367	0
東漢	875039	阿那邸邠化七子經	阿那邸邠化七子經	阿那邸邠化七子經	1	scrape_output\raw\東漢\阿那邸邠化七子經\阿那邸邠化七子經__juan_01.txt	scrape_output\clean\東漢\阿那邸邠化七子經\阿那邸邠化七子經__juan_01.txt	2079	2033	0
東漢	876113	阿閦佛國經	阿閦佛國經/01	阿閦佛國經	1	scrape_output\raw\東漢\阿閦佛國經\阿閦佛國經__juan_01.txt	scrape_output\clean\東漢\阿閦佛國經\阿閦佛國經__juan_01.txt	11404	11404	0
東漢	876113	阿閦佛國經	阿閦佛國經/02	阿閦佛國經	2	scrape_output\raw\東漢\阿閦佛國經\阿閦佛國經__juan_02.txt	scrape_output\clean\東漢\阿閦佛國經\阿閦佛國經__juan_02.txt	10288	10286	0
東漢	165430	阿難問事佛吉凶經	阿難問事佛吉凶經	阿難問事佛吉凶經	1	scrape_output\raw\東漢\阿難問事佛吉凶經\阿難問事佛吉凶經__juan_01.txt	scrape_output\clean\東漢\阿難問事佛吉凶經\阿難問事佛吉凶經__juan_01.txt	3105	3061	0
東漢	114368	陌上桑 (曹操)	陌上桑 (曹操)	陌上桑 (曹操)	1	scrape_output\raw\東漢\陌上桑 (曹操)\陌上桑 (曹操)__juan_01.txt	scrape_output\clean\東漢\陌上桑 (曹操)\陌上桑 (曹操)__juan_01.txt	219	167	0
東漢	1036205	除田租	除田租	除田租	1	scrape_output\raw\東漢\除田租\除田租__juan_01.txt	scrape_output\clean\東漢\除田租\除田租__juan_01.txt	483	439	0
東漢	875423	陰持入經	陰持入經/卷01	陰持入經	1	scrape_output\raw\東漢\陰持入經\陰持入經__juan_01.txt	scrape_output\clean\東漢\陰持入經\陰持入經__juan_01.txt	5826	5478	0
東漢	875423	陰持入經	陰持入經/卷02	陰持入經	2	scrape_output\raw\東漢\陰持入經\陰持入經__juan_02.txt	scrape_output\clean\東漢\陰持入經\陰持入經__juan_02.txt	6751	6459	0
東漢	23599	陳太丘碑文	陳太丘碑文	陳太丘碑文	1	scrape_output\raw\東漢\陳太丘碑文\陳太丘碑文__juan_01.txt	scrape_output\clean\東漢\陳太丘碑文\陳太丘碑文__juan_01.txt	880	836	0
東漢	169305	陳時政疏 (桓譚)	陳時政疏 (桓譚)	陳時政疏 (桓譚)	1	scrape_output\raw\東漢\陳時政疏 (桓譚)\陳時政疏 (桓譚)__juan_01.txt	scrape_output\clean\東漢\陳時政疏 (桓譚)\陳時政疏 (桓譚)__juan_01.txt	900	808	0
東漢	1047499	陳記室集	陳記室集	陳記室集	1	scrape_output\raw\東漢\陳記室集\陳記室集__juan_01.txt	scrape_output\clean\東漢\陳記室集\陳記室集__juan_01.txt	12152	7517	0
東漢	165346	陽嘉二年京師地震對策	陽嘉二年京師地震對策	陽嘉二年京師地震對策	1	scrape_output\raw\東漢\陽嘉二年京師地震對策\陽嘉二年京師地震對策__juan_01.txt	scrape_output\clean\東漢\陽嘉二年京師地震對策\陽嘉二年京師地震對策__juan_01.txt	633	627	0
東漢	1042481	隱士 (阮瑀)	隱士 (阮瑀)	隱士 (阮瑀)	1	scrape_output\raw\東漢\隱士 (阮瑀)\隱士 (阮瑀)__juan_01.txt	scrape_output\clean\東漢\隱士 (阮瑀)\隱士 (阮瑀)__juan_01.txt	133	89	0
東漢	1211105	雒都賦	雒都賦	雒都賦	1	scrape_output\raw\東漢\雒都賦\雒都賦__juan_01.txt	scrape_output\clean\東漢\雒都賦\雒都賦__juan_01.txt	554	510	0
東漢	169671	雜詩二首 (孔融)	雜詩二首 (孔融)	雜詩二首 (孔融)	1	scrape_output\raw\東漢\雜詩二首 (孔融)\雜詩二首 (孔融)__juan_01.txt	scrape_output\clean\東漢\雜詩二首 (孔融)\雜詩二首 (孔融)__juan_01.txt	377	281	0
東漢	875847	雜譬喻經 (失譯)	雜譬喻經 (失譯)/卷上	雜譬喻經 (失譯)	1	scrape_output\raw\東漢\雜譬喻經 (失譯)\雜譬喻經 (失譯)__juan_01.txt	scrape_output\clean\東漢\雜譬喻經 (失譯)\雜譬喻經 (失譯)__juan_01.txt	6217	6216	0
東漢	875847	雜譬喻經 (失譯)	雜譬喻經 (失譯)/卷下	雜譬喻經 (失譯)	2	scrape_output\raw\東漢\雜譬喻經 (失譯)\雜譬喻經 (失譯)__juan_02.txt	scrape_output\clean\東漢\雜譬喻經 (失譯)\雜譬喻經 (失譯)__juan_02.txt	7047	7017	0
東漢	875657	雜譬喻經 (支婁迦讖)	雜譬喻經 (支婁迦讖)	雜譬喻經 (支婁迦讖)	1	scrape_output\raw\東漢\雜譬喻經 (支婁迦讖)\雜譬喻經 (支婁迦讖)__juan_01.txt	scrape_output\clean\東漢\雜譬喻經 (支婁迦讖)\雜譬喻經 (支婁迦讖)__juan_01.txt	5031	4984	0
東漢	169670	離合作郡姓名字詩	離合作郡姓名字詩	離合作郡姓名字詩	1	scrape_output\raw\東漢\離合作郡姓名字詩\離合作郡姓名字詩__juan_01.txt	scrape_output\clean\東漢\離合作郡姓名字詩\離合作郡姓名字詩__juan_01.txt	443	333	0
東漢	27987	難曹公禁酒書	難曹公禁酒書	難曹公禁酒書	1	scrape_output\raw\東漢\難曹公禁酒書\難曹公禁酒書__juan_01.txt	scrape_output\clean\東漢\難曹公禁酒書\難曹公禁酒書__juan_01.txt	416	372	0
東漢	13525	難經	難經	難經	1	scrape_output\raw\東漢\難經\難經__juan_01.txt	scrape_output\clean\東漢\難經\難經__juan_01.txt	15959	15469	0
東漢	891784	難莊論	難莊論	難莊論	1	scrape_output\raw\東漢\難莊論\難莊論__juan_01.txt	scrape_output\clean\東漢\難莊論\難莊論__juan_01.txt	115	71	0
東漢	165350	靈憲	靈憲	靈憲	1	scrape_output\raw\東漢\靈憲\靈憲__juan_01.txt	scrape_output\clean\東漢\靈憲\靈憲__juan_01.txt	1655	1655	0
東漢	22740	靈臺詩	靈臺詩	靈臺詩	1	scrape_output\raw\東漢\靈臺詩\靈臺詩__juan_01.txt	scrape_output\clean\東漢\靈臺詩\靈臺詩__juan_01.txt	90	0	1
東漢	60583	非草書	非草書	非草書	1	scrape_output\raw\東漢\非草書\非草書__juan_01.txt	scrape_output\clean\東漢\非草書\非草書__juan_01.txt	924	924	0
東漢	52344	風俗通義	風俗通義/2	風俗通義	1	scrape_output\raw\東漢\風俗通義\風俗通義__juan_01.txt	scrape_output\clean\東漢\風俗通義\風俗通義__juan_01.txt	7203	7111	0
東漢	52344	風俗通義	風俗通義/3	風俗通義	2	scrape_output\raw\東漢\風俗通義\風俗通義__juan_02.txt	scrape_output\clean\東漢\風俗通義\風俗通義__juan_02.txt	2856	2762	0
東漢	52344	風俗通義	風俗通義/4	風俗通義	3	scrape_output\raw\東漢\風俗通義\風俗通義__juan_03.txt	scrape_output\clean\東漢\風俗通義\風俗通義__juan_03.txt	4307	4215	0
東漢	52344	風俗通義	風俗通義/5	風俗通義	4	scrape_output\raw\東漢\風俗通義\風俗通義__juan_04.txt	scrape_output\clean\東漢\風俗通義\風俗通義__juan_04.txt	5255	5163	0
東漢	52344	風俗通義	風俗通義/風俗通義序	風俗通義	5	scrape_output\raw\東漢\風俗通義\風俗通義__juan_05.txt	scrape_output\clean\東漢\風俗通義\風俗通義__juan_05.txt	839	747	0
東漢	170248	風俗通義序	風俗通義序	風俗通義序	1	scrape_output\raw\東漢\風俗通義序\風俗通義序__juan_01.txt	scrape_output\clean\東漢\風俗通義序\風俗通義序__juan_01.txt	747	747	0
東漢	13181	飲馬長城窟行 (蔡邕)	飲馬長城窟行 (蔡邕)	飲馬長城窟行 (蔡邕)	1	scrape_output\raw\東漢\飲馬長城窟行 (蔡邕)\飲馬長城窟行 (蔡邕)__juan_01.txt	scrape_output\clean\東漢\飲馬長城窟行 (蔡邕)\飲馬長城窟行 (蔡邕)__juan_01.txt	273	201	0
東漢	13182	飲馬長城窟行 (陳琳)	飲馬長城窟行 (陳琳)	飲馬長城窟行 (陳琳)	1	scrape_output\raw\東漢\飲馬長城窟行 (陳琳)\飲馬長城窟行 (陳琳)__juan_01.txt	scrape_output\clean\東漢\飲馬長城窟行 (陳琳)\飲馬長城窟行 (陳琳)__juan_01.txt	303	259	0
東漢	170499	首陽山賦	首陽山賦	首陽山賦	1	scrape_output\raw\東漢\首陽山賦\首陽山賦__juan_01.txt	scrape_output\clean\東漢\首陽山賦\首陽山賦__juan_01.txt	387	290	0
東漢	891786	馬仲都哀辭	馬仲都哀辭	馬仲都哀辭	1	scrape_output\raw\東漢\馬仲都哀辭\馬仲都哀辭__juan_01.txt	scrape_output\clean\東漢\馬仲都哀辭\馬仲都哀辭__juan_01.txt	173	129	0
東漢	891672	馬季長集	馬季長集	馬季長集	1	scrape_output\raw\東漢\馬季長集\馬季長集__juan_01.txt	scrape_output\clean\東漢\馬季長集\馬季長集__juan_01.txt	11853	11804	0
東漢	1036207	馮唐論	馮唐論	馮唐論	1	scrape_output\raw\東漢\馮唐論\馮唐論__juan_01.txt	scrape_output\clean\東漢\馮唐論\馮唐論__juan_01.txt	470	426	0
東漢	32828	駕出北郭門	駕出北郭門	駕出北郭門	1	scrape_output\raw\東漢\駕出北郭門\駕出北郭門__juan_01.txt	scrape_output\clean\東漢\駕出北郭門\駕出北郭門__juan_01.txt	251	207	0
東漢	170347	駮韓卓募兵鮮卑議	駮韓卓募兵鮮卑議	駮韓卓募兵鮮卑議	1	scrape_output\raw\東漢\駮韓卓募兵鮮卑議\駮韓卓募兵鮮卑議__juan_01.txt	scrape_output\clean\東漢\駮韓卓募兵鮮卑議\駮韓卓募兵鮮卑議__juan_01.txt	354	353	0
東漢	165282	髑髏賦	髑髏賦	髑髏賦	1	scrape_output\raw\東漢\髑髏賦\髑髏賦__juan_01.txt	scrape_output\clean\東漢\髑髏賦\髑髏賦__juan_01.txt	543	543	0
東漢	891783	高祖泗水亭碑銘	高祖泗水亭碑銘	高祖泗水亭碑銘	1	scrape_output\raw\東漢\高祖泗水亭碑銘\高祖泗水亭碑銘__juan_01.txt	scrape_output\clean\東漢\高祖泗水亭碑銘\高祖泗水亭碑銘__juan_01.txt	318	273	0
東漢	1036048	高祖讚	高祖讚	高祖讚	1	scrape_output\raw\東漢\高祖讚\高祖讚__juan_01.txt	scrape_output\clean\東漢\高祖讚\高祖讚__juan_01.txt	414	370	0
東漢	1036151	髙后贊	髙后贊	髙后贊	1	scrape_output\raw\東漢\髙后贊\髙后贊__juan_01.txt	scrape_output\clean\東漢\髙后贊\髙后贊__juan_01.txt	220	176	0
東漢	1036215	髙帝封王侯約論	髙帝封王侯約論	髙帝封王侯約論	1	scrape_output\raw\東漢\髙帝封王侯約論\髙帝封王侯約論__juan_01.txt	scrape_output\clean\東漢\髙帝封王侯約論\髙帝封王侯約論__juan_01.txt	171	127	0
東漢	875002	鬼問目連經	鬼問目連經	鬼問目連經	1	scrape_output\raw\東漢\鬼問目連經\鬼問目連經__juan_01.txt	scrape_output\clean\東漢\鬼問目連經\鬼問目連經__juan_01.txt	1631	1584	0
東漢	99575	魏文帝集	魏文帝集	魏文帝集	1	scrape_output\raw\東漢\魏文帝集\魏文帝集__juan_01.txt	scrape_output\clean\東漢\魏文帝集\魏文帝集__juan_01.txt	7923	7029	0
東漢	114389	魏武帝集	魏武帝集	魏武帝集	1	scrape_output\raw\東漢\魏武帝集\魏武帝集__juan_01.txt	scrape_output\clean\東漢\魏武帝集\魏武帝集__juan_01.txt	25229	24891	0
東漢	797076	魯生歌	魯生歌	魯生歌	1	scrape_output\raw\東漢\魯生歌\魯生歌__juan_01.txt	scrape_output\clean\東漢\魯生歌\魯生歌__juan_01.txt	73	73	0
東漢	165288	鴻賦 (張衡)	鴻賦 (張衡)	鴻賦 (張衡)	1	scrape_output\raw\東漢\鴻賦 (張衡)\鴻賦 (張衡)__juan_01.txt	scrape_output\clean\東漢\鴻賦 (張衡)\鴻賦 (張衡)__juan_01.txt	90	90	0
東漢	1081876	鸚鵡賦 (禰衡)	鸚鵡賦 (禰衡)	鸚鵡賦 (禰衡)	1	scrape_output\raw\東漢\鸚鵡賦 (禰衡)\鸚鵡賦 (禰衡)__juan_01.txt	scrape_output\clean\東漢\鸚鵡賦 (禰衡)\鸚鵡賦 (禰衡)__juan_01.txt	762	718	0
東漢	1042419	鸚鵡賦 (阮瑀)	鸚鵡賦 (阮瑀)	鸚鵡賦 (阮瑀)	1	scrape_output\raw\東漢\鸚鵡賦 (阮瑀)\鸚鵡賦 (阮瑀)__juan_01.txt	scrape_output\clean\東漢\鸚鵡賦 (阮瑀)\鸚鵡賦 (阮瑀)__juan_01.txt	139	95	0
東漢	1047530	鸚鵡賦 (陳琳)	鸚鵡賦 (陳琳)	鸚鵡賦 (陳琳)	1	scrape_output\raw\東漢\鸚鵡賦 (陳琳)\鸚鵡賦 (陳琳)__juan_01.txt	scrape_output\clean\東漢\鸚鵡賦 (陳琳)\鸚鵡賦 (陳琳)__juan_01.txt	121	77	0
東漢	169955	齊都賦	齊都賦	齊都賦	1	scrape_output\raw\東漢\齊都賦\齊都賦__juan_01.txt	scrape_output\clean\東漢\齊都賦\齊都賦__juan_01.txt	1122	1092	0
東漢	18640	龜雖壽	龜雖壽	龜雖壽	1	scrape_output\raw\東漢\龜雖壽\龜雖壽__juan_01.txt	scrape_output\clean\東漢\龜雖壽\龜雖壽__juan_01.txt	162	118	0
