category,pageid,work_title,page_title,work_folder,juan_index,raw_path,clean_path,char_count_raw,char_count_clean,is_empty_page,wenyan_mode,wenyan_score,wenyan_label,wenyan_chars,wenyan_modern_density,wenyan_classical_density,wenyan_avg_sentence_len,wenyan_is_poetry,wenyan_short_text
中華民國公有領域,888121,108年3月19日黨產處字第108001號處分書,108年3月19日黨產處字第108001號處分書,108年3月19日黨產處字第108001號處分書,1,scrape_output\suspected_baihua\raw\中華民國公有領域\108年3月19日黨產處字第108001號處分書\108年3月19日黨產處字第108001號處分書__juan_01.txt,scrape_output\suspected_baihua\clean\中華民國公有領域\108年3月19日黨產處字第108001號處分書\108年3月19日黨產處字第108001號處分書__juan_01.txt,604,517,0,separate,-0.03820224719101123,baihua-like,445,0.033707865168539325,0.03146067415730337,13.272727272727273,0,0
中華民國公有領域,1212819,1110907南檢偵辦殺警案偵結提起公訴並求處死刑新聞稿,1110907南檢偵辦殺警案偵結提起公訴並求處死刑新聞稿,1110907南檢偵辦殺警案偵結提起公訴並求處死刑新聞稿,1,scrape_output\raw\中華民國公有領域\1110907南檢偵辦殺警案偵結提起公訴並求處死刑新聞稿\1110907南檢偵辦殺警案偵結提起公訴並求處死刑新聞稿__juan_01.txt,scrape_output\clean\中華民國公有領域\1110907南檢偵辦殺警案偵結提起公訴並求處死刑新聞稿\1110907南檢偵辦殺警案偵結提起公訴並求處死刑新聞稿__juan_01.txt,6685,6190,0,separate,0.28037922506183016,wenyan-like,6065,0.031162407254740312,0.03693322341302556,58.16504854368932,0,0
中華民國公有領域,1188702,1131204新竹地檢署偵結國道77.7公里處重大車禍案新聞稿,1131204新竹地檢署偵結國道77.7公里處重大車禍案新聞稿,1131204新竹地檢署偵結國道77.7公里處重大車禍案新聞稿,1,scrape_output\raw\中華民國公有領域\1131204新竹地檢署偵結國道77.7公里處重大車禍案新聞稿\1131204新竹地檢署偵結國道77.7公里處重大車禍案新聞稿__juan_01.txt,scrape_output\clean\中華民國公有領域\1131204新竹地檢署偵結國道77.7公里處重大車禍案新聞稿\1131204新竹地檢署偵結國道77.7公里處重大車禍案新聞稿__juan_01.txt,4888,4290,0,separate,0.2906024096385542,wenyan-like,4150,0.012771084337349397,0.014457831325301205,52.08860759493671,0,0
中華民國公有領域,1186847,1131226臺北地檢偵結柯姓被告等人涉犯貪污治罪條例等案件新聞稿,1131226臺北地檢偵結柯姓被告等人涉犯貪污治罪條例等案件新聞稿,1131226臺北地檢偵結柯姓被告等人涉犯貪污治罪條例等案件新聞稿,1,scrape_output\raw\中華民國公有領域\1131226臺北地檢偵結柯姓被告等人涉犯貪污治罪條例等案件新聞稿\1131226臺北地檢偵結柯姓被告等人涉犯貪污治罪條例等案件新聞稿__juan_01.txt,scrape_output\clean\中華民國公有領域\1131226臺北地檢偵結柯姓被告等人涉犯貪污治罪條例等案件新聞稿\1131226臺北地檢偵結柯姓被告等人涉犯貪污治罪條例等案件新聞稿__juan_01.txt,7977,7221,0,separate,0.28857225517141616,wenyan-like,6913,0.019528424707073628,0.023578764646318532,42.75,0,0
中華民國公有領域,1169447,113年度偵抗字第1817號彭振聲羈押抗告案新聞稿,113年度偵抗字第1817號彭振聲羈押抗告案新聞稿,113年度偵抗字第1817號彭振聲羈押抗告案新聞稿,1,scrape_output\raw\中華民國公有領域\113年度偵抗字第1817號彭振聲羈押抗告案新聞稿\113年度偵抗字第1817號彭振聲羈押抗告案新聞稿__juan_01.txt,scrape_output\clean\中華民國公有領域\113年度偵抗字第1817號彭振聲羈押抗告案新聞稿\113年度偵抗字第1817號彭振聲羈押抗告案新聞稿__juan_01.txt,790,727,0,separate,0.11923076923076922,wenyan-like,650,0.033846153846153845,0.03538461538461538,15.85,0,0
中華民國公有領域,1169444,113年度偵抗字第1817號柯文哲等人聲請羈押抗告案件新聞稿,113年度偵抗字第1817號柯文哲等人聲請羈押抗告案件新聞稿,113年度偵抗字第1817號柯文哲等人聲請羈押抗告案件新聞稿,1,scrape_output\raw\中華民國公有領域\113年度偵抗字第1817號柯文哲等人聲請羈押抗告案件新聞稿\113年度偵抗字第1817號柯文哲等人聲請羈押抗告案件新聞稿__juan_01.txt,scrape_output\clean\中華民國公有領域\113年度偵抗字第1817號柯文哲等人聲請羈押抗告案件新聞稿\113年度偵抗字第1817號柯文哲等人聲請羈押抗告案件新聞稿__juan_01.txt,901,842,0,separate,0.08840104849279161,wenyan-like,763,0.04062909567496723,0.03014416775884666,18.195121951219512,0,0
中華民國公有領域,1169446,113年度偵抗字第1846號沈慶京及吳順民羈押抗告案新聞稿,113年度偵抗字第1846號沈慶京及吳順民羈押抗告案新聞稿,113年度偵抗字第1846號沈慶京及吳順民羈押抗告案新聞稿,1,scrape_output\raw\中華民國公有領域\113年度偵抗字第1846號沈慶京及吳順民羈押抗告案新聞稿\113年度偵抗字第1846號沈慶京及吳順民羈押抗告案新聞稿__juan_01.txt,scrape_output\clean\中華民國公有領域\113年度偵抗字第1846號沈慶京及吳順民羈押抗告案新聞稿\113年度偵抗字第1846號沈慶京及吳順民羈押抗告案新聞稿__juan_01.txt,885,818,0,separate,0.12165991902834007,wenyan-like,741,0.033738191632928474,0.03643724696356275,18.125,0,0
中華民國公有領域,1169445,113年度偵抗字第1859號應曉薇羈押抗告案新聞稿,113年度偵抗字第1859號應曉薇羈押抗告案新聞稿,113年度偵抗字第1859號應曉薇羈押抗告案新聞稿,1,scrape_output\raw\中華民國公有領域\113年度偵抗字第1859號應曉薇羈押抗告案新聞稿\113年度偵抗字第1859號應曉薇羈押抗告案新聞稿__juan_01.txt,scrape_output\clean\中華民國公有領域\113年度偵抗字第1859號應曉薇羈押抗告案新聞稿\113年度偵抗字第1859號應曉薇羈押抗告案新聞稿__juan_01.txt,773,710,0,separate,0.11366508688783569,wenyan-like,633,0.03317535545023697,0.0315955766192733,15.846153846153847,0,0
中華民國公有領域,1164597,113年度憲立字第1號等聲請案行準備程序新聞稿,113年度憲立字第1號等聲請案行準備程序新聞稿,113年度憲立字第1號等聲請案行準備程序新聞稿,1,scrape_output\raw\中華民國公有領域\113年度憲立字第1號等聲請案行準備程序新聞稿\113年度憲立字第1號等聲請案行準備程序新聞稿__juan_01.txt,scrape_output\clean\中華民國公有領域\113年度憲立字第1號等聲請案行準備程序新聞稿\113年度憲立字第1號等聲請案行準備程序新聞稿__juan_01.txt,2895,2768,0,separate,0.32800597460791636,wenyan-like,2678,0.012322628827483197,0.03248693054518297,33.73076923076923,0,0
中華民國公有領域,1191260,1140121臺北地檢偵結寶林茶室A13店食物中毒案件新聞稿,1140121臺北地檢偵結寶林茶室A13店食物中毒案件新聞稿,1140121臺北地檢偵結寶林茶室A13店食物中毒案件新聞稿,1,scrape_output\raw\中華民國公有領域\1140121臺北地檢偵結寶林茶室A13店食物中毒案件新聞稿\1140121臺北地檢偵結寶林茶室A13店食物中毒案件新聞稿__juan_01.txt,scrape_output\clean\中華民國公有領域\1140121臺北地檢偵結寶林茶室A13店食物中毒案件新聞稿\1140121臺北地檢偵結寶林茶室A13店食物中毒案件新聞稿__juan_01.txt,6478,5692,0,separate,0.2743054104867349,wenyan-like,4787,0.02611238771673282,0.02632128681846668,58.06382978723404,0,0
中華民國公有領域,1210342,114714新北地檢署偵結新北三峽汽車衝撞致3死案新聞稿,114714新北地檢署偵結新北三峽汽車衝撞致3死案新聞稿,114714新北地檢署偵結新北三峽汽車衝撞致3死案新聞稿,1,scrape_output\raw\中華民國公有領域\114714新北地檢署偵結新北三峽汽車衝撞致3死案新聞稿\114714新北地檢署偵結新北三峽汽車衝撞致3死案新聞稿__juan_01.txt,scrape_output\clean\中華民國公有領域\114714新北地檢署偵結新北三峽汽車衝撞致3死案新聞稿\114714新北地檢署偵結新北三峽汽車衝撞致3死案新聞稿__juan_01.txt,1953,1782,0,separate,0.28888238736102984,wenyan-like,1709,0.03218256290228204,0.042715038033937974,43.333333333333336,0,0
中華民國公有領域,1126626,1679年人身保護法令,1679年人身保護法令,1679年人身保護法令,1,scrape_output\raw\中華民國公有領域\1679年人身保護法令\1679年人身保護法令__juan_01.txt,scrape_output\clean\中華民國公有領域\1679年人身保護法令\1679年人身保護法令__juan_01.txt,3923,3837,0,separate,0.31730197350635303,wenyan-like,3699,0.029197080291970802,0.05244660719113274,44.0,0,0
中華民國公有領域,1168965,1689年权利法案 (國民政府立法院編譯處),1689年权利法案 (國民政府立法院編譯處),1689年权利法案 (國民政府立法院編譯處),1,scrape_output\raw\中華民國公有領域\1689年权利法案 (國民政府立法院編譯處)\1689年权利法案 (國民政府立法院編譯處)__juan_01.txt,scrape_output\clean\中華民國公有領域\1689年权利法案 (國民政府立法院編譯處)\1689年权利法案 (國民政府立法院編譯處)__juan_01.txt,554,549,0,separate,0.1885395537525355,wenyan-like,493,0.02231237322515213,0.05273833671399594,23.75,0,0
中華民國公有領域,1169077,1875年2月24日的参议院组织法 (国民政府立法院编译处),1875年2月24日的参议院组织法 (国民政府立法院编译处),1875年2月24日的参议院组织法 (国民政府立法院编译处),1,scrape_output\raw\中華民國公有領域\1875年2月24日的参议院组织法 (国民政府立法院编译处)\1875年2月24日的参议院组织法 (国民政府立法院编译处)__juan_01.txt,scrape_output\clean\中華民國公有領域\1875年2月24日的参议院组织法 (国民政府立法院编译处)\1875年2月24日的参议院组织法 (国民政府立法院编译处)__juan_01.txt,200,199,0,separate,0.01675977653631286,unknown,179,0.027932960893854747,0.05027932960893855,14.25,0,1
中華民國公有領域,1169080,1875年2月25日的政权组织法 (国民政府立法院编译处),1875年2月25日的政权组织法 (国民政府立法院编译处),1875年2月25日的政权组织法 (国民政府立法院编译处),1,scrape_output\raw\中華民國公有領域\1875年2月25日的政权组织法 (国民政府立法院编译处)\1875年2月25日的政权组织法 (国民政府立法院编译处)__juan_01.txt,scrape_output\clean\中華民國公有領域\1875年2月25日的政权组织法 (国民政府立法院编译处)\1875年2月25日的政权组织法 (国民政府立法院编译处)__juan_01.txt,1067,1049,0,separate,0.1582304526748971,wenyan-like,972,0.026748971193415638,0.044238683127572016,19.081632653061224,0,0
中華民國公有領域,1169079,1875年7月16日的政权机构关系法 (国民政府立法院编译处),1875年7月16日的政权机构关系法 (国民政府立法院编译处),1875年7月16日的政权机构关系法 (国民政府立法院编译处),1,scrape_output\raw\中華民國公有領域\1875年7月16日的政权机构关系法 (国民政府立法院编译处)\1875年7月16日的政权机构关系法 (国民政府立法院编译处)__juan_01.txt,scrape_output\clean\中華民國公有領域\1875年7月16日的政权机构关系法 (国民政府立法院编译处)\1875年7月16日的政权机构关系法 (国民政府立法院编译处)__juan_01.txt,1286,1285,0,separate,0.13331943286071724,wenyan-like,1199,0.03336113427856547,0.041701417848206836,19.913793103448278,0,0
中華民國公有領域,1169081,1875年法国宪法 (国民政府立法院编译处),1875年法国宪法 (国民政府立法院编译处),1875年法国宪法 (国民政府立法院编译处),1,scrape_output\raw\中華民國公有領域\1875年法国宪法 (国民政府立法院编译处)\1875年法国宪法 (国民政府立法院编译处)__juan_01.txt,scrape_output\clean\中華民國公有領域\1875年法国宪法 (国民政府立法院编译处)\1875年法国宪法 (国民政府立法院编译处)__juan_01.txt,2548,2509,0,separate,0.14310344827586208,wenyan-like,2320,0.03103448275862069,0.04310344827586207,18.940677966101696,0,0
中華民國公有領域,1168980,1911年议会法令,1911年议会法令,1911年议会法令,1,scrape_output\raw\中華民國公有領域\1911年议会法令\1911年议会法令__juan_01.txt,scrape_output\clean\中華民國公有領域\1911年议会法令\1911年议会法令__juan_01.txt,1327,1326,0,separate,0.20707395498392284,wenyan-like,1244,0.016881028938906754,0.053858520900321546,23.307692307692307,0,0
中華民國公有領域,1169000,1918年人民代表法令,1918年人民代表法令,1918年人民代表法令,1,scrape_output\raw\中華民國公有領域\1918年人民代表法令\1918年人民代表法令__juan_01.txt,scrape_output\clean\中華民國公有領域\1918年人民代表法令\1918年人民代表法令__juan_01.txt,20820,20763,0,separate,0.36426276329882185,wenyan-like,19607,0.020094864079155405,0.06227367776814403,29.8984375,0,0
中華民國公有領域,1191271,1926年8月10日补充1875年2月25日的政权组织法的宪法性法律,1926年8月10日补充1875年2月25日的政权组织法的宪法性法律,1926年8月10日补充1875年2月25日的政权组织法的宪法性法律,1,scrape_output\raw\中華民國公有領域\1926年8月10日补充1875年2月25日的政权组织法的宪法性法律\1926年8月10日补充1875年2月25日的政权组织法的宪法性法律__juan_01.txt,scrape_output\clean\中華民國公有領域\1926年8月10日补充1875年2月25日的政权组织法的宪法性法律\1926年8月10日补充1875年2月25日的政权组织法的宪法性法律__juan_01.txt,203,202,0,separate,0.1657068062827225,unknown,191,0.02617801047120419,0.04712041884816754,20.333333333333332,0,1
中華民國公有領域,1169002,1928年人民代表（平等投票权）法令,1928年人民代表（平等投票权）法令,1928年人民代表（平等投票权）法令,1,scrape_output\raw\中華民國公有領域\1928年人民代表（平等投票权）法令\1928年人民代表（平等投票权）法令__juan_01.txt,scrape_output\clean\中華民國公有領域\1928年人民代表（平等投票权）法令\1928年人民代表（平等投票权）法令__juan_01.txt,2902,2893,0,separate,0.35463879721305464,wenyan-like,2727,0.020902090209020903,0.058672533920058674,29.57777777777778,0,0
中華民國公有領域,887628,NCC依法裁處違規電視節目，籲請業者善盡保護兒少、性侵案件被害人之責，不得揭露足資辨別身分之資訊，落實對被害人之尊重與保護，並應積極落實媒體自律機制與精神,NCC依法裁處違規電視節目，籲請業者善盡保護兒少、性侵案件被害人之責，不得揭露足資辨別身分之資訊，落實對被害人之尊重與保護，並應積極落實媒體自律機制與精神,NCC依法裁處違規電視節目，籲請業者善盡保護兒少、性侵案件被害人之責，不得揭露足資辨別身分之資訊，落實對被害人之尊重與保護，並應積極落實媒體自律機制與精神,1,scrape_output\raw\中華民國公有領域\NCC依法裁處違規電視節目，籲請業者善盡保護兒少、性侵案件被害人之責，不得揭露足資辨別身分之資訊，落實對被害人之尊重與保護，並應積極落實媒體自律機制與精神\NCC依法裁處違規電視節目，籲請業者善盡保護兒少、性侵案件被害人之責，不得揭露足資辨別身分之資訊，落實對被害人之尊重與保護，並應積極落實媒體自律機制與精神__juan_01.txt,scrape_output\clean\中華民國公有領域\NCC依法裁處違規電視節目，籲請業者善盡保護兒少、性侵案件被害人之責，不得揭露足資辨別身分之資訊，落實對被害人之尊重與保護，並應積極落實媒體自律機制與精神\NCC依法裁處違規電視節目，籲請業者善盡保護兒少、性侵案件被害人之責，不得揭露足資辨別身分之資訊，落實對被害人之尊重與保護，並應積極落實媒體自律機制與精神__juan_01.txt,2221,1992,0,separate,0.2634920634920635,wenyan-like,1890,0.03015873015873016,0.026984126984126985,41.62222222222222,0,0
中華民國公有領域,1191324,“赤脚医生”手册 (1970年),“赤脚医生”手册 (1970年)/第一章 怎样预防疾病,“赤脚医生”手册 (1970年),1,scrape_output\raw\中華民國公有領域\“赤脚医生”手册 (1970年)\“赤脚医生”手册 (1970年)__juan_01.txt,scrape_output\clean\中華民國公有領域\“赤脚医生”手册 (1970年)\“赤脚医生”手册 (1970年)__juan_01.txt,10590,9927,0,separate,0.188878201274498,wenyan-like,41585,0.040759889383191056,0.00557893471203559,25.53501577287066,0,0
中華民國公有領域,1191324,“赤脚医生”手册 (1970年),“赤脚医生”手册 (1970年)/第三章 中医是怎样看病的,“赤脚医生”手册 (1970年),2,scrape_output\raw\中華民國公有領域\“赤脚医生”手册 (1970年)\“赤脚医生”手册 (1970年)__juan_02.txt,scrape_output\clean\中華民國公有領域\“赤脚医生”手册 (1970年)\“赤脚医生”手册 (1970年)__juan_02.txt,9864,9707,0,separate,0.188878201274498,wenyan-like,41585,0.040759889383191056,0.00557893471203559,25.53501577287066,0,0
中華民國公有領域,1191324,“赤脚医生”手册 (1970年),“赤脚医生”手册 (1970年)/第二章 怎样认识和治疗疾病,“赤脚医生”手册 (1970年),3,scrape_output\raw\中華民國公有領域\“赤脚医生”手册 (1970年)\“赤脚医生”手册 (1970年)__juan_03.txt,scrape_output\clean\中華民國公有領域\“赤脚医生”手册 (1970年)\“赤脚医生”手册 (1970年)__juan_03.txt,7771,7668,0,separate,0.188878201274498,wenyan-like,41585,0.040759889383191056,0.00557893471203559,25.53501577287066,0,0
中華民國公有領域,1191324,“赤脚医生”手册 (1970年),“赤脚医生”手册 (1970年)/第五章 新医疗法,“赤脚医生”手册 (1970年),4,scrape_output\raw\中華民國公有領域\“赤脚医生”手册 (1970年)\“赤脚医生”手册 (1970年)__juan_04.txt,scrape_output\clean\中華民國公有領域\“赤脚医生”手册 (1970年)\“赤脚医生”手册 (1970年)__juan_04.txt,7274,7122,0,separate,0.188878201274498,wenyan-like,41585,0.040759889383191056,0.00557893471203559,25.53501577287066,0,0
中華民國公有領域,1191324,“赤脚医生”手册 (1970年),“赤脚医生”手册 (1970年)/第四章 针灸与推拿,“赤脚医生”手册 (1970年),5,scrape_output\raw\中華民國公有領域\“赤脚医生”手册 (1970年)\“赤脚医生”手册 (1970年)__juan_05.txt,scrape_output\clean\中華民國公有領域\“赤脚医生”手册 (1970年)\“赤脚医生”手册 (1970年)__juan_05.txt,9680,9205,0,separate,0.188878201274498,wenyan-like,41585,0.040759889383191056,0.00557893471203559,25.53501577287066,0,0
中華民國公有領域,1204399,《國民革命軍第一集團軍警卫旅琼崖剿匪記》弁言,《國民革命軍第一集團軍警卫旅琼崖剿匪記》弁言,《國民革命軍第一集團軍警卫旅琼崖剿匪記》弁言,1,scrape_output\raw\中華民國公有領域\《國民革命軍第一集團軍警卫旅琼崖剿匪記》弁言\《國民革命軍第一集團軍警卫旅琼崖剿匪記》弁言__juan_01.txt,scrape_output\clean\中華民國公有領域\《國民革命軍第一集團軍警卫旅琼崖剿匪記》弁言\《國民革命軍第一集團軍警卫旅琼崖剿匪記》弁言__juan_01.txt,806,763,0,separate,0.13579545454545455,wenyan-like,704,0.02556818181818182,0.03125,16.609756097560975,0,0
中華民國公有領域,1091566,「五二四」不幸事件告全國同胞書,「五二四」不幸事件告全國同胞書,「五二四」不幸事件告全國同胞書,1,scrape_output\suspected_baihua\raw\中華民國公有領域\「五二四」不幸事件告全國同胞書\「五二四」不幸事件告全國同胞書__juan_01.txt,scrape_output\suspected_baihua\clean\中華民國公有領域\「五二四」不幸事件告全國同胞書\「五二四」不幸事件告全國同胞書__juan_01.txt,3614,3570,0,separate,-0.07553066037735848,baihua-like,3392,0.08873820754716981,0.02034198113207547,21.673202614379086,0,0
中華民國公有領域,867186,「兩岸關係的機遇與挑戰」國際研討會開幕致詞,「兩岸關係的機遇與挑戰」國際研討會開幕致詞,「兩岸關係的機遇與挑戰」國際研討會開幕致詞,1,scrape_output\raw\中華民國公有領域\「兩岸關係的機遇與挑戰」國際研討會開幕致詞\「兩岸關係的機遇與挑戰」國際研討會開幕致詞__juan_01.txt,scrape_output\clean\中華民國公有領域\「兩岸關係的機遇與挑戰」國際研討會開幕致詞\「兩岸關係的機遇與挑戰」國際研討會開幕致詞__juan_01.txt,3660,3542,0,separate,0.12776801405975394,wenyan-like,3414,0.06678383128295255,0.014059753954305799,35.691489361702125,0,0
中華民國公有領域,888643,【教育部新聞稿】教師法修正後將提升不適任教師處理之效率與公平正義,【教育部新聞稿】教師法修正後將提升不適任教師處理之效率與公平正義,【教育部新聞稿】教師法修正後將提升不適任教師處理之效率與公平正義,1,scrape_output\raw\中華民國公有領域\【教育部新聞稿】教師法修正後將提升不適任教師處理之效率與公平正義\【教育部新聞稿】教師法修正後將提升不適任教師處理之效率與公平正義__juan_01.txt,scrape_output\clean\中華民國公有領域\【教育部新聞稿】教師法修正後將提升不適任教師處理之效率與公平正義\【教育部新聞稿】教師法修正後將提升不適任教師處理之效率與公平正義__juan_01.txt,2040,1923,0,separate,0.2652173913043478,wenyan-like,1725,0.02318840579710145,0.017391304347826087,30.448275862068964,0,0
中華民國公有領域,1085484,一百十年應屆畢業青年尋職津貼計畫,一百十年應屆畢業青年尋職津貼計畫,一百十年應屆畢業青年尋職津貼計畫,1,scrape_output\raw\中華民國公有領域\一百十年應屆畢業青年尋職津貼計畫\一百十年應屆畢業青年尋職津貼計畫__juan_01.txt,scrape_output\clean\中華民國公有領域\一百十年應屆畢業青年尋職津貼計畫\一百十年應屆畢業青年尋職津貼計畫__juan_01.txt,2800,2751,0,separate,0.2882970137207425,wenyan-like,2478,0.02784503631961259,0.035916061339790153,26.9,0,0
中華民國公有領域,1085481,一百十年青年就業獎勵計畫 (民國110年6月),一百十年青年就業獎勵計畫 (民國110年6月),一百十年青年就業獎勵計畫 (民國110年6月),1,scrape_output\raw\中華民國公有領域\一百十年青年就業獎勵計畫 (民國110年6月)\一百十年青年就業獎勵計畫 (民國110年6月)__juan_01.txt,scrape_output\clean\中華民國公有領域\一百十年青年就業獎勵計畫 (民國110年6月)\一百十年青年就業獎勵計畫 (民國110年6月)__juan_01.txt,2128,2067,0,separate,0.10670995670995671,wenyan-like,1848,0.03896103896103896,0.0367965367965368,23.63157894736842,0,0
中華民國公有領域,1085482,一百十年青年就業獎勵計畫 (民國110年8月),一百十年青年就業獎勵計畫 (民國110年8月),一百十年青年就業獎勵計畫 (民國110年8月),1,scrape_output\raw\中華民國公有領域\一百十年青年就業獎勵計畫 (民國110年8月)\一百十年青年就業獎勵計畫 (民國110年8月)__juan_01.txt,scrape_output\clean\中華民國公有領域\一百十年青年就業獎勵計畫 (民國110年8月)\一百十年青年就業獎勵計畫 (民國110年8月)__juan_01.txt,2253,2188,0,separate,0.11073431922488525,wenyan-like,1961,0.037225905150433454,0.03620601733809281,24.139240506329113,0,0
中華民國公有領域,885151,上國民政府編組第一集團軍電,上國民政府編組第一集團軍電,上國民政府編組第一集團軍電,1,scrape_output\raw\中華民國公有領域\上國民政府編組第一集團軍電\上國民政府編組第一集團軍電__juan_01.txt,scrape_output\clean\中華民國公有領域\上國民政府編組第一集團軍電\上國民政府編組第一集團軍電__juan_01.txt,934,891,0,separate,0.29156626506024097,wenyan-like,830,0.018072289156626505,0.02289156626506024,26.387096774193548,0,0
中華民國公有領域,885150,上國民政府電陳明馳赴津浦路前線慰勞北伐官兵,上國民政府電陳明馳赴津浦路前線慰勞北伐官兵,上國民政府電陳明馳赴津浦路前線慰勞北伐官兵,1,scrape_output\suspected_baihua\raw\中華民國公有領域\上國民政府電陳明馳赴津浦路前線慰勞北伐官兵\上國民政府電陳明馳赴津浦路前線慰勞北伐官兵__juan_01.txt,scrape_output\suspected_baihua\clean\中華民國公有領域\上國民政府電陳明馳赴津浦路前線慰勞北伐官兵\上國民政府電陳明馳赴津浦路前線慰勞北伐官兵__juan_01.txt,538,495,0,separate,-0.0552995391705069,baihua-like,434,0.03686635944700461,0.027649769585253458,14.1,0,0
中華民國公有領域,1084218,上海市公安局辦理註冊護照加簽證明暫行章程,上海市公安局辦理註冊護照加簽證明暫行章程,上海市公安局辦理註冊護照加簽證明暫行章程,1,scrape_output\raw\中華民國公有領域\上海市公安局辦理註冊護照加簽證明暫行章程\上海市公安局辦理註冊護照加簽證明暫行章程__juan_01.txt,scrape_output\clean\中華民國公有領域\上海市公安局辦理註冊護照加簽證明暫行章程\上海市公安局辦理註冊護照加簽證明暫行章程__juan_01.txt,3276,3172,0,separate,0.32999651203348446,wenyan-like,2867,0.013951866062085804,0.035926055109870944,31.439560439560438,0,0
中華民國公有領域,1084219,上海市查驗外人入境護照查驗員辦事細則,上海市查驗外人入境護照查驗員辦事細則,上海市查驗外人入境護照查驗員辦事細則,1,scrape_output\raw\中華民國公有領域\上海市查驗外人入境護照查驗員辦事細則\上海市查驗外人入境護照查驗員辦事細則__juan_01.txt,scrape_output\clean\中華民國公有領域\上海市查驗外人入境護照查驗員辦事細則\上海市查驗外人入境護照查驗員辦事細則__juan_01.txt,1380,1337,0,separate,0.154233700254022,wenyan-like,1181,0.026248941574936496,0.04149026248941575,24.791666666666668,0,0
中華民國公有領域,1084220,上海市水上交通管理規則,上海市水上交通管理規則,上海市水上交通管理規則,1,scrape_output\raw\中華民國公有領域\上海市水上交通管理規則\上海市水上交通管理規則__juan_01.txt,scrape_output\clean\中華民國公有領域\上海市水上交通管理規則\上海市水上交通管理規則__juan_01.txt,2391,2346,0,separate,0.16041666666666665,wenyan-like,2016,0.023313492063492064,0.04017857142857143,23.988372093023255,0,0
中華民國公有領域,1084217,上海市陸上交通規則,上海市陸上交通規則,上海市陸上交通規則,1,scrape_output\raw\中華民國公有領域\上海市陸上交通規則\上海市陸上交通規則__juan_01.txt,scrape_output\clean\中華民國公有領域\上海市陸上交通規則\上海市陸上交通規則__juan_01.txt,4139,4096,0,separate,0.2927048260381594,wenyan-like,3564,0.024691358024691357,0.03338945005611672,26.021897810218977,0,0
中華民國公有領域,1084214,上海特別市公安局戶口調查章程,上海特別市公安局戶口調查章程,上海特別市公安局戶口調查章程,1,scrape_output\raw\中華民國公有領域\上海特別市公安局戶口調查章程\上海特別市公安局戶口調查章程__juan_01.txt,scrape_output\clean\中華民國公有領域\上海特別市公安局戶口調查章程\上海特別市公安局戶口調查章程__juan_01.txt,6409,6366,0,separate,0.33664345914254307,wenyan-like,5458,0.01905459875412239,0.04690362770245511,27.40487804878049,0,0
中華民國公有領域,1084215,上海特別市公安局戶籍警服務規則,上海特別市公安局戶籍警服務規則,上海特別市公安局戶籍警服務規則,1,scrape_output\raw\中華民國公有領域\上海特別市公安局戶籍警服務規則\上海特別市公安局戶籍警服務規則__juan_01.txt,scrape_output\clean\中華民國公有領域\上海特別市公安局戶籍警服務規則\上海特別市公安局戶籍警服務規則__juan_01.txt,1542,1499,0,separate,0.34102564102564104,wenyan-like,1365,0.01611721611721612,0.04468864468864469,28.74468085106383,0,0
中華民國公有領域,1084075,上海特別市公安局花炮營業取締規則,上海特別市公安局花炮營業取締規則,上海特別市公安局花炮營業取締規則,1,scrape_output\raw\中華民國公有領域\上海特別市公安局花炮營業取締規則\上海特別市公安局花炮營業取締規則__juan_01.txt,scrape_output\clean\中華民國公有領域\上海特別市公安局花炮營業取締規則\上海特別市公安局花炮營業取締規則__juan_01.txt,1003,960,0,separate,0.12336561743341402,wenyan-like,826,0.031476997578692496,0.03389830508474576,16.895833333333332,0,0
中華民國公有領域,1084074,上海特別市公安局請願巡警暫行章程,上海特別市公安局請願巡警暫行章程,上海特別市公安局請願巡警暫行章程,1,scrape_output\raw\中華民國公有領域\上海特別市公安局請願巡警暫行章程\上海特別市公安局請願巡警暫行章程__juan_01.txt,scrape_output\clean\中華民國公有領域\上海特別市公安局請願巡警暫行章程\上海特別市公安局請願巡警暫行章程__juan_01.txt,1006,963,0,separate,0.08867924528301885,wenyan-like,848,0.03537735849056604,0.02240566037735849,21.225,0,0
中華民國公有領域,1084216,上海特別市公安局輪埠車站女檢查員服務規則,上海特別市公安局輪埠車站女檢查員服務規則,上海特別市公安局輪埠車站女檢查員服務規則,1,scrape_output\raw\中華民國公有領域\上海特別市公安局輪埠車站女檢查員服務規則\上海特別市公安局輪埠車站女檢查員服務規則__juan_01.txt,scrape_output\clean\中華民國公有領域\上海特別市公安局輪埠車站女檢查員服務規則\上海特別市公安局輪埠車站女檢查員服務規則__juan_01.txt,797,754,0,separate,0.1312206572769953,wenyan-like,639,0.028169014084507043,0.03286384976525822,16.025,0,0
中華民國公有領域,328855,上海租界的黑幕,上海租界的黑幕,上海租界的黑幕,1,scrape_output\raw\中華民國公有領域\上海租界的黑幕\上海租界的黑幕__juan_01.txt,scrape_output\clean\中華民國公有領域\上海租界的黑幕\上海租界的黑幕__juan_01.txt,23529,23337,0,separate,0.1019589427076345,wenyan-like,22359,0.0763898206538754,0.01556420233463035,37.09644670050761,0,0
中華民國公有領域,11192,下第三次剿匪總攻擊令,下第三次剿匪總攻擊令,下第三次剿匪總攻擊令,1,scrape_output\suspected_baihua\raw\中華民國公有領域\下第三次剿匪總攻擊令\下第三次剿匪總攻擊令__juan_01.txt,scrape_output\suspected_baihua\clean\中華民國公有領域\下第三次剿匪總攻擊令\下第三次剿匪總攻擊令__juan_01.txt,610,567,0,separate,-0.03,baihua-like,500,0.03,0.03,14.727272727272727,0,0
中華民國公有領域,1129769,世界正義的伸張,世界正義的伸張,世界正義的伸張,1,scrape_output\raw\中華民國公有領域\世界正義的伸張\世界正義的伸張__juan_01.txt,scrape_output\clean\中華民國公有領域\世界正義的伸張\世界正義的伸張__juan_01.txt,2295,2202,0,separate,0.23250950570342202,wenyan-like,2104,0.057034220532319393,0.05180608365019011,30.850746268656717,0,0
中華民國公有領域,171918,中俄尼布楚界約 (拉丁文譯漢),中俄尼布楚界約 (拉丁文譯漢),中俄尼布楚界約 (拉丁文譯漢),1,scrape_output\raw\中華民國公有領域\中俄尼布楚界約 (拉丁文譯漢)\中俄尼布楚界約 (拉丁文譯漢)__juan_01.txt,scrape_output\clean\中華民國公有領域\中俄尼布楚界約 (拉丁文譯漢)\中俄尼布楚界約 (拉丁文譯漢)__juan_01.txt,1061,1046,0,separate,0.033264033264033266,wenyan-like,962,0.012474012474012475,0.035343035343035345,13.681159420289855,0,0
中華民國公有領域,186618,中共中央关于为贺龙同志恢复名誉的通知,中共中央关于为贺龙同志恢复名誉的通知,中共中央关于为贺龙同志恢复名誉的通知,1,scrape_output\raw\中華民國公有領域\中共中央关于为贺龙同志恢复名誉的通知\中共中央关于为贺龙同志恢复名誉的通知__juan_01.txt,scrape_output\clean\中華民國公有領域\中共中央关于为贺龙同志恢复名誉的通知\中共中央关于为贺龙同志恢复名誉的通知__juan_01.txt,3068,2909,0,separate,0.07854538826102807,wenyan-like,2743,0.02989427633977397,0.00911410864017499,23.137931034482758,0,0
中華民國公有領域,1072317,中共中央关于对待当前党外人士批评的指示,中共中央关于对待当前党外人士批评的指示,中共中央关于对待当前党外人士批评的指示,1,scrape_output\raw\中華民國公有領域\中共中央关于对待当前党外人士批评的指示\中共中央关于对待当前党外人士批评的指示__juan_01.txt,scrape_output\clean\中華民國公有領域\中共中央关于对待当前党外人士批评的指示\中共中央关于对待当前党外人士批评的指示__juan_01.txt,1448,1338,0,separate,0.2024199843871975,wenyan-like,1281,0.0429352068696331,0.0156128024980484,29.25581395348837,0,0
中華民國公有領域,1090796,中共中央关于废除国民党的六法全书与确定解放区的司法原则的指示,中共中央关于废除国民党的六法全书与确定解放区的司法原则的指示,中共中央关于废除国民党的六法全书与确定解放区的司法原则的指示,1,scrape_output\raw\中華民國公有領域\中共中央关于废除国民党的六法全书与确定解放区的司法原则的指示\中共中央关于废除国民党的六法全书与确定解放区的司法原则的指示__juan_01.txt,scrape_output\clean\中華民國公有領域\中共中央关于废除国民党的六法全书与确定解放区的司法原则的指示\中共中央关于废除国民党的六法全书与确定解放区的司法原则的指示__juan_01.txt,2074,2004,0,separate,0.14474885844748858,wenyan-like,1971,0.06494165398274987,0.0197869101978691,54.02777777777778,0,0
中華民國公有領域,112424,中共中央关于开除陈独秀党籍并批准江苏省委开除彭述之、汪译楷、马玉夫、蔡振德四人党籍的决议案,中共中央关于开除陈独秀党籍并批准江苏省委开除彭述之、汪译楷、马玉夫、蔡振德四人党籍的决议案,中共中央关于开除陈独秀党籍并批准江苏省委开除彭述之、汪译楷、马玉夫、蔡振德四人党籍的决议案,1,scrape_output\raw\中華民國公有領域\中共中央关于开除陈独秀党籍并批准江苏省委开除彭述之、汪译楷、马玉夫、蔡振德四人党籍的决议案\中共中央关于开除陈独秀党籍并批准江苏省委开除彭述之、汪译楷、马玉夫、蔡振德四人党籍的决议案__juan_01.txt,scrape_output\clean\中華民國公有領域\中共中央关于开除陈独秀党籍并批准江苏省委开除彭述之、汪译楷、马玉夫、蔡振德四人党籍的决议案\中共中央关于开除陈独秀党籍并批准江苏省委开除彭述之、汪译楷、马玉夫、蔡振德四人党籍的决议案__juan_01.txt,3855,3693,0,separate,0.1233186328555678,wenyan-like,3628,0.06918412348401323,0.015435501653803748,47.653333333333336,0,0
中華民國公有領域,1157919,中共中央關於土地問題的指示,中共中央關於土地問題的指示,中共中央關於土地問題的指示,1,scrape_output\raw\中華民國公有領域\中共中央關於土地問題的指示\中共中央關於土地問題的指示__juan_01.txt,scrape_output\clean\中華民國公有領域\中共中央關於土地問題的指示\中共中央關於土地問題的指示__juan_01.txt,3905,3854,0,separate,0.033262767928023296,wenyan-like,3779,0.10055570256681662,0.01746493781423657,44.65060240963855,0,0
中華民國公有領域,1181058,中华人民共和国工会章程 (1953年),中华人民共和国工会章程 (1953年),中华人民共和国工会章程 (1953年),1,scrape_output\raw\中華民國公有領域\中华人民共和国工会章程 (1953年)\中华人民共和国工会章程 (1953年)__juan_01.txt,scrape_output\clean\中華民國公有領域\中华人民共和国工会章程 (1953年)\中华人民共和国工会章程 (1953年)__juan_01.txt,5207,5158,0,separate,0.18216957605985037,wenyan-like,4812,0.04758935993349958,0.012468827930174564,28.76829268292683,0,0
中華民國公有領域,1181062,中华人民共和国工会章程 (1957年),中华人民共和国工会章程 (1957年),中华人民共和国工会章程 (1957年),1,scrape_output\raw\中華民國公有領域\中华人民共和国工会章程 (1957年)\中华人民共和国工会章程 (1957年)__juan_01.txt,scrape_output\clean\中華民國公有領域\中华人民共和国工会章程 (1957年)\中华人民共和国工会章程 (1957年)__juan_01.txt,8186,8137,0,separate,0.1321632004238972,wenyan-like,7549,0.060007948072592396,0.006093522320837197,32.730088495575224,0,0
中華民國公有領域,1186623,中华全国第一次教育工作者代表会议筹备委员会章程,中华全国第一次教育工作者代表会议筹备委员会章程,中华全国第一次教育工作者代表会议筹备委员会章程,1,scrape_output\raw\中華民國公有領域\中华全国第一次教育工作者代表会议筹备委员会章程\中华全国第一次教育工作者代表会议筹备委员会章程__juan_01.txt,scrape_output\clean\中華民國公有領域\中华全国第一次教育工作者代表会议筹备委员会章程\中华全国第一次教育工作者代表会议筹备委员会章程__juan_01.txt,961,900,0,separate,0.18822441430332923,wenyan-like,811,0.016029593094944512,0.04315659679408138,20.23076923076923,0,0
中華民國公有領域,1181012,中国共产主义青年团章程 (1957年),中国共产主义青年团章程 (1957年),中国共产主义青年团章程 (1957年),1,scrape_output\raw\中華民國公有領域\中国共产主义青年团章程 (1957年)\中国共产主义青年团章程 (1957年)__juan_01.txt,scrape_output\clean\中華民國公有領域\中国共产主义青年团章程 (1957年)\中国共产主义青年团章程 (1957年)__juan_01.txt,6129,6080,0,separate,0.13149121217611884,wenyan-like,5519,0.06088059431056351,0.007066497553904693,26.544117647058822,0,0
中華民國公有領域,1181015,中国共产主义青年团章程 (1964年),中国共产主义青年团章程 (1964年),中国共产主义青年团章程 (1964年),1,scrape_output\raw\中華民國公有領域\中国共产主义青年团章程 (1964年)\中国共产主义青年团章程 (1964年)__juan_01.txt,scrape_output\clean\中華民國公有領域\中国共产主义青年团章程 (1964年)\中国共产主义青年团章程 (1964年)__juan_01.txt,6884,6829,0,separate,0.13565147881694642,wenyan-like,6255,0.05947242206235012,0.007034372501998401,28.435185185185187,0,0
中華民國公有領域,867587,中国共产党中央委员会关于无产阶级文化大革命的决定,中国共产党中央委员会关于无产阶级文化大革命的决定,中国共产党中央委员会关于无产阶级文化大革命的决定,1,scrape_output\raw\中華民國公有領域\中国共产党中央委员会关于无产阶级文化大革命的决定\中国共产党中央委员会关于无产阶级文化大革命的决定__juan_01.txt,scrape_output\clean\中華民國公有領域\中国共产党中央委员会关于无产阶级文化大革命的决定\中国共产党中央委员会关于无产阶级文化大革命的决定__juan_01.txt,5924,5793,0,separate,0.09835095895321744,wenyan-like,5579,0.07223516759275855,0.0075282308657465494,30.066298342541437,0,0
中華民國公有領域,328830,中国共产党党纲草案,中国共产党党纲草案,中国共产党党纲草案,1,scrape_output\raw\中華民國公有領域\中国共产党党纲草案\中国共产党党纲草案__juan_01.txt,scrape_output\clean\中華民國公有領域\中国共产党党纲草案\中国共产党党纲草案__juan_01.txt,4473,4416,0,separate,0.1581389757153162,wenyan-like,4159,0.0644385669632123,0.025727338302476557,43.45744680851064,0,0
中華民國公有領域,169771,中国共产党八届八中全会关于以彭德怀为首的反党集团的决议,中国共产党八届八中全会关于以彭德怀为首的反党集团的决议,中国共产党八届八中全会关于以彭德怀为首的反党集团的决议,1,scrape_output\raw\中華民國公有領域\中国共产党八届八中全会关于以彭德怀为首的反党集团的决议\中国共产党八届八中全会关于以彭德怀为首的反党集团的决议__juan_01.txt,scrape_output\clean\中華民國公有領域\中国共产党八届八中全会关于以彭德怀为首的反党集团的决议\中国共产党八届八中全会关于以彭德怀为首的反党集团的决议__juan_01.txt,3529,3467,0,separate,0.08795811518324609,wenyan-like,3438,0.07475276323443862,0.006108202443280977,54.596774193548384,0,0
中華民國公有領域,148918,中国共产党第一次对于时局之主张,中国共产党第一次对于时局之主张,中国共产党第一次对于时局之主张,1,scrape_output\raw\中華民國公有領域\中国共产党第一次对于时局之主张\中国共产党第一次对于时局之主张__juan_01.txt,scrape_output\clean\中華民國公有領域\中国共产党第一次对于时局之主张\中国共产党第一次对于时局之主张__juan_01.txt,7005,6884,0,separate,0.09467341169468829,wenyan-like,6721,0.08153548579080494,0.019639934533551555,47.73381294964029,0,0
中華民國公有領域,328834,中国共产党第五次全国代表大会为“五一”节纪念告中国民众书,中国共产党第五次全国代表大会为“五一”节纪念告中国民众书,中国共产党第五次全国代表大会为“五一”节纪念告中国民众书,1,scrape_output\raw\中華民國公有領域\中国共产党第五次全国代表大会为“五一”节纪念告中国民众书\中国共产党第五次全国代表大会为“五一”节纪念告中国民众书__juan_01.txt,scrape_output\clean\中華民國公有領域\中国共产党第五次全国代表大会为“五一”节纪念告中国民众书\中国共产党第五次全国代表大会为“五一”节纪念告中国民众书__juan_01.txt,2227,2166,0,separate,0.10918727915194348,wenyan-like,1981,0.0696617869762746,0.009086320040383645,31.65573770491803,0,0
中華民國公有領域,1090813,中国共产党第八届中央委员会第七次全体会议公报,中国共产党第八届中央委员会第七次全体会议公报,中国共产党第八届中央委员会第七次全体会议公报,1,scrape_output\raw\中華民國公有領域\中国共产党第八届中央委员会第七次全体会议公报\中国共产党第八届中央委员会第七次全体会议公报__juan_01.txt,scrape_output\clean\中華民國公有領域\中国共产党第八届中央委员会第七次全体会议公报\中国共产党第八届中央委员会第七次全体会议公报__juan_01.txt,1543,1434,0,separate,0.1651603498542274,wenyan-like,1372,0.05466472303206997,0.014577259475218658,31.25581395348837,0,0
中華民國公有領域,344291,中国共产党第八届中央委员会第九次全体会议公报,中国共产党第八届中央委员会第九次全体会议公报,中国共产党第八届中央委员会第九次全体会议公报,1,scrape_output\raw\中華民國公有領域\中国共产党第八届中央委员会第九次全体会议公报\中国共产党第八届中央委员会第九次全体会议公报__juan_01.txt,scrape_output\clean\中華民國公有領域\中国共产党第八届中央委员会第九次全体会议公报\中国共产党第八届中央委员会第九次全体会议公报__juan_01.txt,3477,3360,0,separate,0.12334963325183373,wenyan-like,3272,0.0647921760391198,0.008863080684596576,52.016129032258064,0,0
中華民國公有領域,1090810,中国共产党第八届中央委员会第八次全体会议公报,中国共产党第八届中央委员会第八次全体会议公报,中国共产党第八届中央委员会第八次全体会议公报,1,scrape_output\raw\中華民國公有領域\中国共产党第八届中央委员会第八次全体会议公报\中国共产党第八届中央委员会第八次全体会议公报__juan_01.txt,scrape_output\clean\中華民國公有領域\中国共产党第八届中央委员会第八次全体会议公报\中国共产党第八届中央委员会第八次全体会议公报__juan_01.txt,3805,3687,0,separate,0.10359612724757952,wenyan-like,3615,0.07247579529737207,0.010511756569847857,46.76315789473684,0,0
中華民國公有領域,1090814,中国共产党第八届中央委员会第六次全体会议公报,中国共产党第八届中央委员会第六次全体会议公报,中国共产党第八届中央委员会第六次全体会议公报,1,scrape_output\raw\中華民國公有領域\中国共产党第八届中央委员会第六次全体会议公报\中国共产党第八届中央委员会第六次全体会议公报__juan_01.txt,scrape_output\clean\中華民國公有領域\中国共产党第八届中央委员会第六次全体会议公报\中国共产党第八届中央委员会第六次全体会议公报__juan_01.txt,4418,4297,0,separate,0.12365489452476891,wenyan-like,4219,0.06399620763214031,0.007821758710594928,49.404761904761905,0,0
中華民國公有領域,344293,中国共产党第八届中央委员会第十一次全体会议公报,中国共产党第八届中央委员会第十一次全体会议公报,中国共产党第八届中央委员会第十一次全体会议公报,1,scrape_output\raw\中華民國公有領域\中国共产党第八届中央委员会第十一次全体会议公报\中国共产党第八届中央委员会第十一次全体会议公报__juan_01.txt,scrape_output\clean\中華民國公有領域\中国共产党第八届中央委员会第十一次全体会议公报\中国共产党第八届中央委员会第十一次全体会议公报__juan_01.txt,5082,4960,0,separate,0.11473029045643152,wenyan-like,4820,0.06618257261410788,0.006639004149377593,32.770833333333336,0,0
中華民國公有領域,344292,中国共产党第八届中央委员会第十次全体会议公报,中国共产党第八届中央委员会第十次全体会议公报,中国共产党第八届中央委员会第十次全体会议公报,1,scrape_output\raw\中華民國公有領域\中国共产党第八届中央委员会第十次全体会议公报\中国共产党第八届中央委员会第十次全体会议公报__juan_01.txt,scrape_output\clean\中華民國公有領域\中国共产党第八届中央委员会第十次全体会议公报\中国共产党第八届中央委员会第十次全体会议公报__juan_01.txt,5283,5171,0,separate,0.08975795159031805,wenyan-like,4999,0.07661532306461293,0.009801960392078415,48.19607843137255,0,0
中華民國公有領域,1006867,中国共产党第八届扩大的第十二次中央委员会全会公报,中国共产党第八届扩大的第十二次中央委员会全会公报,中国共产党第八届扩大的第十二次中央委员会全会公报,1,scrape_output\raw\中華民國公有領域\中国共产党第八届扩大的第十二次中央委员会全会公报\中国共产党第八届扩大的第十二次中央委员会全会公报__juan_01.txt,scrape_output\clean\中華民國公有領域\中国共产党第八届扩大的第十二次中央委员会全会公报\中国共产党第八届扩大的第十二次中央委员会全会公报__juan_01.txt,4867,4738,0,separate,0.12795931616533215,wenyan-like,4621,0.0629733823847652,0.008439731659813893,44.09708737864078,0,0
中華民國公有領域,328835,中国共产党第六次全国代表大会告全体同志书,中国共产党第六次全国代表大会告全体同志书,中国共产党第六次全国代表大会告全体同志书,1,scrape_output\raw\中華民國公有領域\中国共产党第六次全国代表大会告全体同志书\中国共产党第六次全国代表大会告全体同志书__juan_01.txt,scrape_output\clean\中華民國公有領域\中国共产党第六次全国代表大会告全体同志书\中国共产党第六次全国代表大会告全体同志书__juan_01.txt,8707,8630,0,separate,0.032173072274595094,wenyan-like,8274,0.09451293207638385,0.007855934251873338,38.95673076923077,0,0
中華民國公有領域,1186625,中国文字改革协会章程,中国文字改革协会章程,中国文字改革协会章程,1,scrape_output\raw\中華民國公有領域\中国文字改革协会章程\中国文字改革协会章程__juan_01.txt,scrape_output\clean\中華民國公有領域\中国文字改革协会章程\中国文字改革协会章程__juan_01.txt,1068,997,0,separate,0.040989988876529465,wenyan-like,899,0.04671857619577308,0.01557285873192436,19.555555555555557,0,0
中華民國公有領域,1181004,中国新民主主义青年团工作纲领,中国新民主主义青年团工作纲领,中国新民主主义青年团工作纲领,1,scrape_output\raw\中華民國公有領域\中国新民主主义青年团工作纲领\中国新民主主义青年团工作纲领__juan_01.txt,scrape_output\clean\中華民國公有領域\中国新民主主义青年团工作纲领\中国新民主主义青年团工作纲领__juan_01.txt,3364,3309,0,separate,0.1536281532232949,wenyan-like,3211,0.051697290563687326,0.004360012457178449,51.064516129032256,0,0
中華民國公有領域,1181418,中国红十字会会章 (1950年),中国红十字会会章 (1950年),中国红十字会会章 (1950年),1,scrape_output\raw\中華民國公有領域\中国红十字会会章 (1950年)\中国红十字会会章 (1950年)__juan_01.txt,scrape_output\clean\中華民國公有領域\中国红十字会会章 (1950年)\中国红十字会会章 (1950年)__juan_01.txt,1943,1890,0,separate,0.09788650839606253,wenyan-like,1727,0.027793862188766647,0.01563404748118124,18.516483516483518,0,0
中華民國公有領域,1193975,中国红十字会章程 (1961年),中国红十字会章程 (1961年),中国红十字会章程 (1961年),1,scrape_output\raw\中華民國公有領域\中国红十字会章程 (1961年)\中国红十字会章程 (1961年)__juan_01.txt,scrape_output\clean\中華民國公有領域\中国红十字会章程 (1961年)\中国红十字会章程 (1961年)__juan_01.txt,2666,2575,0,separate,0.03397548161120839,wenyan-like,2284,0.04246935201401051,0.005691768826619965,21.17924528301887,0,0
中華民國公有領域,1201144,中國人民解放軍西安市軍事管制委員會佈吿 管字第三號,中國人民解放軍西安市軍事管制委員會佈吿 管字第三號,中國人民解放軍西安市軍事管制委員會佈吿 管字第三號,1,scrape_output\suspected_baihua\raw\中華民國公有領域\中國人民解放軍西安市軍事管制委員會佈吿 管字第三號\中國人民解放軍西安市軍事管制委員會佈吿 管字第三號__juan_01.txt,scrape_output\suspected_baihua\clean\中華民國公有領域\中國人民解放軍西安市軍事管制委員會佈吿 管字第三號\中國人民解放軍西安市軍事管制委員會佈吿 管字第三號__juan_01.txt,1526,1335,0,separate,-0.06587837837837837,baihua-like,1184,0.03885135135135135,0.02533783783783784,12.554347826086957,0,0
中華民國公有領域,113491,中國共產黨中央委員會爲抗戰三週年紀念對時局宣言,中國共產黨中央委員會爲抗戰三週年紀念對時局宣言,中國共產黨中央委員會爲抗戰三週年紀念對時局宣言,1,scrape_output\raw\中華民國公有領域\中國共產黨中央委員會爲抗戰三週年紀念對時局宣言\中國共產黨中央委員會爲抗戰三週年紀念對時局宣言__juan_01.txt,scrape_output\clean\中華民國公有領域\中國共產黨中央委員會爲抗戰三週年紀念對時局宣言\中國共產黨中央委員會爲抗戰三週年紀念對時局宣言__juan_01.txt,3702,3609,0,separate,0.05984140470121779,wenyan-like,3531,0.08836023789294817,0.012461059190031152,45.103896103896105,0,0
中華民國公有領域,888698,中國共產黨中央委員會爲抗戰兩週年紀念對時局宣言,中國共產黨中央委員會爲抗戰兩週年紀念對時局宣言,中國共產黨中央委員會爲抗戰兩週年紀念對時局宣言,1,scrape_output\raw\中華民國公有領域\中國共產黨中央委員會爲抗戰兩週年紀念對時局宣言\中國共產黨中央委員會爲抗戰兩週年紀念對時局宣言__juan_01.txt,scrape_output\clean\中華民國公有領域\中國共產黨中央委員會爲抗戰兩週年紀念對時局宣言\中國共產黨中央委員會爲抗戰兩週年紀念對時局宣言__juan_01.txt,3258,3207,0,separate,0.1556767158434894,wenyan-like,3118,0.06735086593970493,0.028864656831302116,34.146067415730336,0,0
中華民國公有領域,1109239,中國共產黨中央委員會爲抗戰六週年紀念宣言,中國共產黨中央委員會爲抗戰六週年紀念宣言,中國共產黨中央委員會爲抗戰六週年紀念宣言,1,scrape_output\raw\中華民國公有領域\中國共產黨中央委員會爲抗戰六週年紀念宣言\中國共產黨中央委員會爲抗戰六週年紀念宣言__juan_01.txt,scrape_output\clean\中華民國公有領域\中國共產黨中央委員會爲抗戰六週年紀念宣言\中國共產黨中央委員會爲抗戰六週年紀念宣言__juan_01.txt,7712,7619,0,separate,0.009613083366573572,wenyan-like,7521,0.10477330142268315,0.011966493817311527,49.945945945945944,0,0
中華民國公有領域,888699,中國共產黨中央委員會爲抗戰四週年紀念宣言,中國共產黨中央委員會爲抗戰四週年紀念宣言,中國共產黨中央委員會爲抗戰四週年紀念宣言,1,scrape_output\raw\中華民國公有領域\中國共產黨中央委員會爲抗戰四週年紀念宣言\中國共產黨中央委員會爲抗戰四週年紀念宣言__juan_01.txt,scrape_output\clean\中華民國公有領域\中國共產黨中央委員會爲抗戰四週年紀念宣言\中國共產黨中央委員會爲抗戰四週年紀念宣言__juan_01.txt,3668,3575,0,separate,0.17848319448434355,wenyan-like,3481,0.057167480609020396,0.024992818155702385,40.69047619047619,0,0
中華民國公有領域,1109238,中國共產黨中央委員會爲紀念抗戰五週年宣言,中國共產黨中央委員會爲紀念抗戰五週年宣言,中國共產黨中央委員會爲紀念抗戰五週年宣言,1,scrape_output\raw\中華民國公有領域\中國共產黨中央委員會爲紀念抗戰五週年宣言\中國共產黨中央委員會爲紀念抗戰五週年宣言__juan_01.txt,scrape_output\clean\中華民國公有領域\中國共產黨中央委員會爲紀念抗戰五週年宣言\中國共產黨中央委員會爲紀念抗戰五週年宣言__juan_01.txt,3226,3133,0,separate,0.07440417890956577,wenyan-like,3063,0.0832517140058766,0.01207966046359778,40.10666666666667,0,0
中華民國公有領域,1109240,中國共產黨中央委員會發佈抗戰七週年紀念口號,中國共產黨中央委員會發佈抗戰七週年紀念口號,中國共產黨中央委員會發佈抗戰七週年紀念口號,1,scrape_output\raw\中華民國公有領域\中國共產黨中央委員會發佈抗戰七週年紀念口號\中國共產黨中央委員會發佈抗戰七週年紀念口號__juan_01.txt,scrape_output\clean\中華民國公有領域\中國共產黨中央委員會發佈抗戰七週年紀念口號\中國共產黨中央委員會發佈抗戰七週年紀念口號__juan_01.txt,2066,1973,0,separate,0.16380498145204028,wenyan-like,1887,0.05140434552199258,0.009009009009009009,33.0,0,0
中華民國公有領域,1181000,中國共產黨中央委員會關於建立中國新民主主義青年團的決議,中國共產黨中央委員會關於建立中國新民主主義青年團的決議,中國共產黨中央委員會關於建立中國新民主主義青年團的決議,1,scrape_output\raw\中華民國公有領域\中國共產黨中央委員會關於建立中國新民主主義青年團的決議\中國共產黨中央委員會關於建立中國新民主主義青年團的決議__juan_01.txt,scrape_output\clean\中華民國公有領域\中國共產黨中央委員會關於建立中國新民主主義青年團的決議\中國共產黨中央委員會關於建立中國新民主主義青年團的決議__juan_01.txt,3682,3631,0,separate,0.09236343366778146,wenyan-like,3588,0.07329988851727982,0.006131549609810479,57.98360655737705,0,0
中華民國公有領域,888695,中國共產黨第三次對於時局宣言,中國共產黨第三次對於時局宣言,中國共產黨第三次對於時局宣言,1,scrape_output\raw\中華民國公有領域\中國共產黨第三次對於時局宣言\中國共產黨第三次對於時局宣言__juan_01.txt,scrape_output\clean\中華民國公有領域\中國共產黨第三次對於時局宣言\中國共產黨第三次對於時局宣言__juan_01.txt,4302,4219,0,separate,0.195411938825851,wenyan-like,4054,0.05426739023186976,0.029107054760730142,44.96629213483146,0,0
中華民國公有領域,888694,中國共產黨第二次對於時局之主張,中國共產黨第二次對於時局之主張,中國共產黨第二次對於時局之主張,1,scrape_output\raw\中華民國公有領域\中國共產黨第二次對於時局之主張\中國共產黨第二次對於時局之主張__juan_01.txt,scrape_output\clean\中華民國公有領域\中國共產黨第二次對於時局之主張\中國共產黨第二次對於時局之主張__juan_01.txt,2982,2882,0,separate,0.223683267646005,wenyan-like,2791,0.05195270512361161,0.03977069150841992,42.890625,0,0
中華民國公有領域,888697,中國共產黨第五次對於時局之主張,中國共產黨第五次對於時局之主張,中國共產黨第五次對於時局之主張,1,scrape_output\raw\中華民國公有領域\中國共產黨第五次對於時局之主張\中國共產黨第五次對於時局之主張__juan_01.txt,scrape_output\clean\中華民國公有領域\中國共產黨第五次對於時局之主張\中國共產黨第五次對於時局之主張__juan_01.txt,8565,8513,0,separate,0.12788671023965137,wenyan-like,8262,0.07213749697409828,0.02214960058097313,57.08391608391609,0,0
中華民國公有領域,888696,中國共產黨第四次對於時局之主張,中國共產黨第四次對於時局之主張,中國共產黨第四次對於時局之主張,1,scrape_output\raw\中華民國公有領域\中國共產黨第四次對於時局之主張\中國共產黨第四次對於時局之主張__juan_01.txt,scrape_output\clean\中華民國公有領域\中國共產黨第四次對於時局之主張\中國共產黨第四次對於時局之主張__juan_01.txt,2680,2627,0,separate,0.2676775738228252,wenyan-like,2506,0.03790901835594573,0.040702314445331206,51.520833333333336,0,0
中華民國公有領域,1084470,中國國民黨中央執行委員會關於沙基慘案的通告,中國國民黨中央執行委員會關於沙基慘案的通告,中國國民黨中央執行委員會關於沙基慘案的通告,1,scrape_output\raw\中華民國公有領域\中國國民黨中央執行委員會關於沙基慘案的通告\中國國民黨中央執行委員會關於沙基慘案的通告__juan_01.txt,scrape_output\clean\中華民國公有領域\中國國民黨中央執行委員會關於沙基慘案的通告\中國國民黨中央執行委員會關於沙基慘案的通告__juan_01.txt,760,709,0,separate,0.09603174603174602,wenyan-like,630,0.04126984126984127,0.03492063492063492,17.166666666666668,0,0
中華民國公有領域,1084468,中國國民黨中央政治委員會主席胡漢民在省港罷工委員會招待各界時演講,中國國民黨中央政治委員會主席胡漢民在省港罷工委員會招待各界時演講,中國國民黨中央政治委員會主席胡漢民在省港罷工委員會招待各界時演講,1,scrape_output\raw\中華民國公有領域\中國國民黨中央政治委員會主席胡漢民在省港罷工委員會招待各界時演講\中國國民黨中央政治委員會主席胡漢民在省港罷工委員會招待各界時演講__juan_01.txt,scrape_output\clean\中華民國公有領域\中國國民黨中央政治委員會主席胡漢民在省港罷工委員會招待各界時演講\中國國民黨中央政治委員會主席胡漢民在省港罷工委員會招待各界時演講__juan_01.txt,2441,2350,0,separate,0.07332746478873237,wenyan-like,2272,0.09639084507042253,0.03125,30.45205479452055,0,0
中華民國公有領域,11091,中國國民黨黨員守則十二條,中國國民黨黨員守則十二條,中國國民黨黨員守則十二條,1,scrape_output\raw\中華民國公有領域\中國國民黨黨員守則十二條\中國國民黨黨員守則十二條__juan_01.txt,scrape_output\clean\中華民國公有領域\中國國民黨黨員守則十二條\中國國民黨黨員守則十二條__juan_01.txt,1082,1036,0,separate,0.2059071729957806,wenyan-like,948,0.022151898734177215,0.06118143459915612,17.96078431372549,0,0
中華民國公有領域,1078733,中國國民黨黨部及國民政府遷都南京宣言書,中國國民黨黨部及國民政府遷都南京宣言書,中國國民黨黨部及國民政府遷都南京宣言書,1,scrape_output\raw\中華民國公有領域\中國國民黨黨部及國民政府遷都南京宣言書\中國國民黨黨部及國民政府遷都南京宣言書__juan_01.txt,scrape_output\clean\中華民國公有領域\中國國民黨黨部及國民政府遷都南京宣言書\中國國民黨黨部及國民政府遷都南京宣言書__juan_01.txt,1370,1327,0,separate,0.36497622820919173,wenyan-like,1262,0.01901743264659271,0.061014263074484945,25.6875,0,0
中華民國公有領域,1198978,中國大陸配偶「小微」及「恩綺」發布影片鼓吹武統侵略言論 移民署：已廢止居留許可並依法要求限期離境，逾期則強制出境,中國大陸配偶「小微」及「恩綺」發布影片鼓吹武統侵略言論 移民署：已廢止居留許可並依法要求限期離境，逾期則強制出境,中國大陸配偶「小微」及「恩綺」發布影片鼓吹武統侵略言論 移民署：已廢止居留許可並依法要求限期離境，逾期則強制出境,1,scrape_output\raw\中華民國公有領域\中國大陸配偶「小微」及「恩綺」發布影片鼓吹武統侵略言論 移民署：已廢止居留許可並依法要求限期離境，逾期則強制出境\中國大陸配偶「小微」及「恩綺」發布影片鼓吹武統侵略言論 移民署：已廢止居留許可並依法要求限期離境，逾期則強制出境__juan_01.txt,scrape_output\clean\中華民國公有領域\中國大陸配偶「小微」及「恩綺」發布影片鼓吹武統侵略言論 移民署：已廢止居留許可並依法要求限期離境，逾期則強制出境\中國大陸配偶「小微」及「恩綺」發布影片鼓吹武統侵略言論 移民署：已廢止居留許可並依法要求限期離境，逾期則強制出境__juan_01.txt,840,796,0,separate,0.07905866302864939,wenyan-like,733,0.03819918144611187,0.021828103683492497,21.08823529411765,0,0
中華民國公有領域,1184093,中國戰區臺灣省受降典禮廣播詞,中國戰區臺灣省受降典禮廣播詞,中國戰區臺灣省受降典禮廣播詞,1,scrape_output\raw\中華民國公有領域\中國戰區臺灣省受降典禮廣播詞\中國戰區臺灣省受降典禮廣播詞__juan_01.txt,scrape_output\clean\中華民國公有領域\中國戰區臺灣省受降典禮廣播詞\中國戰區臺灣省受降典禮廣播詞__juan_01.txt,689,646,0,separate,0.05394511149228132,wenyan-like,583,0.048027444253859346,0.024013722126929673,17.90625,0,0
中華民國公有領域,163645,中國政府善後借款合同,中國政府善後借款合同,中國政府善後借款合同,1,scrape_output\raw\中華民國公有領域\中國政府善後借款合同\中國政府善後借款合同__juan_01.txt,scrape_output\clean\中華民國公有領域\中國政府善後借款合同\中國政府善後借款合同__juan_01.txt,10584,10529,0,separate,0.3253971466154002,wenyan-like,9883,0.011838510573712435,0.030456339168268745,27.249307479224377,0,0
中華民國公有領域,192699,中國教育的思想問題,中國教育的思想問題,中國教育的思想問題,1,scrape_output\suspected_baihua\raw\中華民國公有領域\中國教育的思想問題\中國教育的思想問題__juan_01.txt,scrape_output\suspected_baihua\clean\中華民國公有領域\中國教育的思想問題\中國教育的思想問題__juan_01.txt,3075,3018,0,separate,-0.0702054794520548,baihua-like,2920,0.13184931506849315,0.012671232876712329,36.1375,0,0
中華民國公有領域,1180999,中國新民主主義青年團中央委員會公佈中國少年先鋒隊隊章的通知,中國新民主主義青年團中央委員會公佈中國少年先鋒隊隊章的通知,中國新民主主義青年團中央委員會公佈中國少年先鋒隊隊章的通知,1,scrape_output\raw\中華民國公有領域\中國新民主主義青年團中央委員會公佈中國少年先鋒隊隊章的通知\中國新民主主義青年團中央委員會公佈中國少年先鋒隊隊章的通知__juan_01.txt,scrape_output\clean\中華民國公有領域\中國新民主主義青年團中央委員會公佈中國少年先鋒隊隊章的通知\中國新民主主義青年團中央委員會公佈中國少年先鋒隊隊章的通知__juan_01.txt,2791,2741,0,separate,0.11373292867981788,wenyan-like,2636,0.06562974203338391,0.005311077389984826,27.329787234042552,0,0
中華民國公有領域,1181007,中國新民主主義青年團團章 (1949年),中國新民主主義青年團團章 (1949年),中國新民主主義青年團團章 (1949年),1,scrape_output\raw\中華民國公有領域\中國新民主主義青年團團章 (1949年)\中國新民主主義青年團團章 (1949年)__juan_01.txt,scrape_output\clean\中華民國公有領域\中國新民主主義青年團團章 (1949年)\中國新民主主義青年團團章 (1949年)__juan_01.txt,3415,3366,0,separate,0.18251704897706136,wenyan-like,3226,0.046807191568505886,0.011469311841289522,35.651685393258425,0,0
中華民國公有領域,1181010,中國新民主主義青年團團章 (1953年),中國新民主主義青年團團章 (1953年),中國新民主主義青年團團章 (1953年),1,scrape_output\raw\中華民國公有領域\中國新民主主義青年團團章 (1953年)\中國新民主主義青年團團章 (1953年)__juan_01.txt,scrape_output\clean\中華民國公有領域\中國新民主主義青年團團章 (1953年)\中國新民主主義青年團團章 (1953年)__juan_01.txt,5568,5519,0,separate,0.15393042475494909,wenyan-like,5203,0.05496828752642706,0.009417643667115125,25.258706467661693,0,0
中華民國公有領域,1181002,中國新民主主義青年團團章草案,中國新民主主義青年團團章草案,中國新民主主義青年團團章草案,1,scrape_output\raw\中華民國公有領域\中國新民主主義青年團團章草案\中國新民主主義青年團團章草案__juan_01.txt,scrape_output\clean\中華民國公有領域\中國新民主主義青年團團章草案\中國新民主主義青年團團章草案__juan_01.txt,3307,3258,0,separate,0.1634289439374185,wenyan-like,3068,0.05182529335071708,0.009452411994784877,25.533898305084747,0,0
中華民國公有領域,799548,中國民主政團同盟成立宣言,中國民主政團同盟成立宣言,中國民主政團同盟成立宣言,1,scrape_output\raw\中華民國公有領域\中國民主政團同盟成立宣言\中國民主政團同盟成立宣言__juan_01.txt,scrape_output\clean\中華民國公有領域\中國民主政團同盟成立宣言\中國民主政團同盟成立宣言__juan_01.txt,1722,1669,0,separate,0.2523720349563046,wenyan-like,1602,0.016229712858926344,0.07553058676654183,20.0,0,0
中華民國公有領域,1181404,中國紅十字會總會章程,中國紅十字會總會章程,中國紅十字會總會章程,1,scrape_output\raw\中華民國公有領域\中國紅十字會總會章程\中國紅十字會總會章程__juan_01.txt,scrape_output\clean\中華民國公有領域\中國紅十字會總會章程\中國紅十字會總會章程__juan_01.txt,2557,2447,0,separate,0.14448275862068966,wenyan-like,2175,0.023908045977011495,0.03310344827586207,16.53787878787879,0,0
中華民國公有領域,878895,中國紅十字會總會覆中島女士函,中國紅十字會總會覆中島女士函,中國紅十字會總會覆中島女士函,1,scrape_output\raw\中華民國公有領域\中國紅十字會總會覆中島女士函\中國紅十字會總會覆中島女士函__juan_01.txt,scrape_output\clean\中華民國公有領域\中國紅十字會總會覆中島女士函\中國紅十字會總會覆中島女士函__juan_01.txt,842,741,0,separate,0.06040462427745666,wenyan-like,692,0.04335260115606936,0.02023121387283237,20.0,0,0
中華民國公有領域,1198981,中國配偶鼓吹武力統一言論 移民署：已廢止依親居留許可，依法要求出境！,中國配偶鼓吹武力統一言論 移民署：已廢止依親居留許可，依法要求出境！,中國配偶鼓吹武力統一言論 移民署：已廢止依親居留許可，依法要求出境！,1,scrape_output\suspected_baihua\raw\中華民國公有領域\中國配偶鼓吹武力統一言論 移民署：已廢止依親居留許可，依法要求出境！\中國配偶鼓吹武力統一言論 移民署：已廢止依親居留許可，依法要求出境！__juan_01.txt,scrape_output\suspected_baihua\clean\中華民國公有領域\中國配偶鼓吹武力統一言論 移民署：已廢止依親居留許可，依法要求出境！\中國配偶鼓吹武力統一言論 移民署：已廢止依親居留許可，依法要求出境！__juan_01.txt,589,545,0,separate,-0.06818181818181818,baihua-like,484,0.03925619834710744,0.024793388429752067,14.6875,0,0
中華民國公有領域,1180437,中外條約輯編,中外條約輯編/第一編,中外條約輯編,1,scrape_output\suspected_baihua\raw\中華民國公有領域\中外條約輯編\中外條約輯編__juan_01.txt,scrape_output\suspected_baihua\clean\中華民國公有領域\中外條約輯編\中外條約輯編__juan_01.txt,2141,1907,0,separate,-0.002156101768003446,baihua-like,2319,0.02285467874083657,0.03320396722725313,14.049382716049383,0,0
中華民國公有領域,1180437,中外條約輯編,中外條約輯編/第五編,中外條約輯編,2,scrape_output\suspected_baihua\raw\中華民國公有領域\中外條約輯編\中外條約輯編__juan_02.txt,scrape_output\suspected_baihua\clean\中華民國公有領域\中外條約輯編\中外條約輯編__juan_02.txt,751,674,0,separate,-0.002156101768003446,baihua-like,2319,0.02285467874083657,0.03320396722725313,14.049382716049383,0,0
中華民國公有領域,196293,中央處理臺灣事件四項原則告全省同胞書,中央處理臺灣事件四項原則告全省同胞書,中央處理臺灣事件四項原則告全省同胞書,1,scrape_output\raw\中華民國公有領域\中央處理臺灣事件四項原則告全省同胞書\中央處理臺灣事件四項原則告全省同胞書__juan_01.txt,scrape_output\clean\中華民國公有領域\中央處理臺灣事件四項原則告全省同胞書\中央處理臺灣事件四項原則告全省同胞書__juan_01.txt,1060,1017,0,separate,0.15212765957446808,wenyan-like,940,0.023404255319148935,0.036170212765957444,21.857142857142858,0,0
中華民國公有領域,1169614,中央選舉委員會81中選法字第43067號函,中央選舉委員會81中選法字第43067號函,中央選舉委員會81中選法字第43067號函,1,scrape_output\raw\中華民國公有領域\中央選舉委員會81中選法字第43067號函\中央選舉委員會81中選法字第43067號函__juan_01.txt,scrape_output\clean\中華民國公有領域\中央選舉委員會81中選法字第43067號函\中央選舉委員會81中選法字第43067號函__juan_01.txt,913,854,0,separate,0.13806366047745358,wenyan-like,754,0.022546419098143235,0.027851458885941646,15.224489795918368,0,0
中華民國公有領域,196637,中央選舉委員會中選務字第10431502003號令,中央選舉委員會中選務字第10431502003號令,中央選舉委員會中選務字第10431502003號令,1,scrape_output\suspected_baihua\raw\中華民國公有領域\中央選舉委員會中選務字第10431502003號令\中央選舉委員會中選務字第10431502003號令__juan_01.txt,scrape_output\suspected_baihua\clean\中華民國公有領域\中央選舉委員會中選務字第10431502003號令\中央選舉委員會中選務字第10431502003號令__juan_01.txt,672,590,0,separate,-0.04382470119521912,baihua-like,502,0.03187250996015936,0.025896414342629483,10.804347826086957,0,0
中華民國公有領域,1198122,中央選舉委員會中選務字第1140000427號函,中央選舉委員會中選務字第1140000427號函,中央選舉委員會中選務字第1140000427號函,1,scrape_output\raw\中華民國公有領域\中央選舉委員會中選務字第1140000427號函\中央選舉委員會中選務字第1140000427號函__juan_01.txt,scrape_output\clean\中華民國公有領域\中央選舉委員會中選務字第1140000427號函\中央選舉委員會中選務字第1140000427號函__juan_01.txt,1234,1088,0,separate,0.15906344410876133,wenyan-like,993,0.017119838872104734,0.030211480362537766,17.446428571428573,0,0
中華民國公有領域,16613,中日上海停戰及日方撤軍協定,中日上海停戰及日方撤軍協定,中日上海停戰及日方撤軍協定,1,scrape_output\raw\中華民國公有領域\中日上海停戰及日方撤軍協定\中日上海停戰及日方撤軍協定__juan_01.txt,scrape_output\clean\中華民國公有領域\中日上海停戰及日方撤軍協定\中日上海停戰及日方撤軍協定__juan_01.txt,1900,1857,0,separate,0.15,wenyan-like,1703,0.02701115678214915,0.040516735173223725,20.71604938271605,0,0
中華民國公有領域,1085781,中日國境通車協約,中日國境通車協約,中日國境通車協約,1,scrape_output\suspected_baihua\raw\中華民國公有領域\中日國境通車協約\中日國境通車協約__juan_01.txt,scrape_output\suspected_baihua\clean\中華民國公有領域\中日國境通車協約\中日國境通車協約__juan_01.txt,1694,1609,0,separate,-0.018867924528301876,baihua-like,1484,0.02425876010781671,0.026954177897574125,9.306122448979592,0,0
中華民國公有領域,1086104,中日滿韓通商稅約,中日滿韓通商稅約,中日滿韓通商稅約,1,scrape_output\raw\中華民國公有領域\中日滿韓通商稅約\中日滿韓通商稅約__juan_01.txt,scrape_output\clean\中華民國公有領域\中日滿韓通商稅約\中日滿韓通商稅約__juan_01.txt,1223,1180,0,separate,0.023299161230195722,wenyan-like,1073,0.03075489282385834,0.05778191985088537,11.767441860465116,0,0
中華民國公有領域,1094271,中東鐵路督辦呂榮寰宣布東路執行協定經過事實,中東鐵路督辦呂榮寰宣布東路執行協定經過事實,中東鐵路督辦呂榮寰宣布東路執行協定經過事實,1,scrape_output\raw\中華民國公有領域\中東鐵路督辦呂榮寰宣布東路執行協定經過事實\中東鐵路督辦呂榮寰宣布東路執行協定經過事實__juan_01.txt,scrape_output\clean\中華民國公有領域\中東鐵路督辦呂榮寰宣布東路執行協定經過事實\中東鐵路督辦呂榮寰宣布東路執行協定經過事實__juan_01.txt,1323,1280,0,separate,0.14508599508599507,wenyan-like,1221,0.02293202293202293,0.03194103194103194,24.8125,0,0
中華民國公有領域,1126282,中法關於中越關係之協定,中法關於中越關係之協定,中法關於中越關係之協定,1,scrape_output\raw\中華民國公有領域\中法關於中越關係之協定\中法關於中越關係之協定__juan_01.txt,scrape_output\clean\中華民國公有領域\中法關於中越關係之協定\中法關於中越關係之協定__juan_01.txt,2143,2100,0,separate,0.16357702349869452,wenyan-like,1915,0.020887728459530026,0.0381201044386423,15.032,0,0
中華民國公有領域,1186622,中華全國文學藝術界聯合會章程 (1949年),中華全國文學藝術界聯合會章程 (1949年),中華全國文學藝術界聯合會章程 (1949年),1,scrape_output\raw\中華民國公有領域\中華全國文學藝術界聯合會章程 (1949年)\中華全國文學藝術界聯合會章程 (1949年)__juan_01.txt,scrape_output\clean\中華民國公有領域\中華全國文學藝術界聯合會章程 (1949年)\中華全國文學藝術界聯合會章程 (1949年)__juan_01.txt,2692,2643,0,separate,0.2266972094960433,wenyan-like,2401,0.034152436484798,0.014577259475218658,29.3375,0,0
中華民國公有領域,1186616,中華全國民主婦女聯合會章程,中華全國民主婦女聯合會章程,中華全國民主婦女聯合會章程,1,scrape_output\raw\中華民國公有領域\中華全國民主婦女聯合會章程\中華全國民主婦女聯合會章程__juan_01.txt,scrape_output\clean\中華民國公有領域\中華全國民主婦女聯合會章程\中華全國民主婦女聯合會章程__juan_01.txt,1861,1812,0,separate,0.10012019230769231,wenyan-like,1664,0.029447115384615384,0.019230769230769232,20.91025641025641,0,0
中華民國公有領域,200504,中華全國總工會章程,中華全國總工會章程,中華全國總工會章程,1,scrape_output\raw\中華民國公有領域\中華全國總工會章程\中華全國總工會章程__juan_01.txt,scrape_output\clean\中華民國公有領域\中華全國總工會章程\中華全國總工會章程__juan_01.txt,2334,2282,0,separate,0.31587301587301586,wenyan-like,2142,0.02054154995331466,0.038748832866479926,33.714285714285715,0,0
中華民國公有領域,871072,中華民國、史瓦濟蘭王國建交聯合公報,中華民國、史瓦濟蘭王國建交聯合公報,中華民國、史瓦濟蘭王國建交聯合公報,1,scrape_output\suspected_baihua\raw\中華民國公有領域\中華民國、史瓦濟蘭王國建交聯合公報\中華民國、史瓦濟蘭王國建交聯合公報__juan_01.txt,scrape_output\suspected_baihua\clean\中華民國公有領域\中華民國、史瓦濟蘭王國建交聯合公報\中華民國、史瓦濟蘭王國建交聯合公報__juan_01.txt,549,506,0,separate,-0.04943820224719101,baihua-like,445,0.035955056179775284,0.029213483146067417,14.433333333333334,0,0
中華民國公有領域,871073,中華民國、甘比亞國政府聯合公報,中華民國、甘比亞國政府聯合公報,中華民國、甘比亞國政府聯合公報,1,scrape_output\raw\中華民國公有領域\中華民國、甘比亞國政府聯合公報\中華民國、甘比亞國政府聯合公報__juan_01.txt,scrape_output\clean\中華民國公有領域\中華民國、甘比亞國政府聯合公報\中華民國、甘比亞國政府聯合公報__juan_01.txt,957,914,0,separate,0.12735399284862933,wenyan-like,839,0.027413587604290822,0.029797377830750895,21.0,0,0
中華民國公有領域,1126679,中華民國一○一年總統農曆春節談話,中華民國一○一年總統農曆春節談話,中華民國一○一年總統農曆春節談話,1,scrape_output\suspected_baihua\raw\中華民國公有領域\中華民國一○一年總統農曆春節談話\中華民國一○一年總統農曆春節談話__juan_01.txt,scrape_output\suspected_baihua\clean\中華民國公有領域\中華民國一○一年總統農曆春節談話\中華民國一○一年總統農曆春節談話__juan_01.txt,1313,1268,0,separate,-0.07996515679442512,baihua-like,1148,0.08885017421602788,0.018292682926829267,19.928571428571427,0,0
中華民國公有領域,1126931,中華民國一○七年總統二二八事件談話,中華民國一○七年總統二二八事件談話,中華民國一○七年總統二二八事件談話,1,scrape_output\suspected_baihua\raw\中華民國公有領域\中華民國一○七年總統二二八事件談話\中華民國一○七年總統二二八事件談話__juan_01.txt,scrape_output\suspected_baihua\clean\中華民國公有領域\中華民國一○七年總統二二八事件談話\中華民國一○七年總統二二八事件談話__juan_01.txt,1979,1925,0,separate,-0.1721734357848518,baihua-like,1822,0.11690450054884742,0.014270032930845226,23.87837837837838,0,0
中華民國公有領域,1126675,中華民國一○七年總統農曆春節談話,中華民國一○七年總統農曆春節談話,中華民國一○七年總統農曆春節談話,1,scrape_output\suspected_baihua\raw\中華民國公有領域\中華民國一○七年總統農曆春節談話\中華民國一○七年總統農曆春節談話__juan_01.txt,scrape_output\suspected_baihua\clean\中華民國公有領域\中華民國一○七年總統農曆春節談話\中華民國一○七年總統農曆春節談話__juan_01.txt,1707,1656,0,separate,-0.09504158669225848,baihua-like,1563,0.09404990403071017,0.018554062699936022,21.267605633802816,0,0
中華民國公有領域,1126677,中華民國一○三年總統農曆春節談話,中華民國一○三年總統農曆春節談話,中華民國一○三年總統農曆春節談話,1,scrape_output\raw\中華民國公有領域\中華民國一○三年總統農曆春節談話\中華民國一○三年總統農曆春節談話__juan_01.txt,scrape_output\clean\中華民國公有領域\中華民國一○三年總統農曆春節談話\中華民國一○三年總統農曆春節談話__juan_01.txt,1579,1520,0,separate,0.0883008356545961,wenyan-like,1436,0.08217270194986072,0.017409470752089137,25.944444444444443,0,0
中華民國公有領域,1084678,中華民國一○九年元旦總統祝詞,中華民國一○九年元旦總統祝詞,中華民國一○九年元旦總統祝詞,1,scrape_output\suspected_baihua\raw\中華民國公有領域\中華民國一○九年元旦總統祝詞\中華民國一○九年元旦總統祝詞__juan_01.txt,scrape_output\suspected_baihua\clean\中華民國公有領域\中華民國一○九年元旦總統祝詞\中華民國一○九年元旦總統祝詞__juan_01.txt,2727,2672,0,separate,-0.11492684855674182,baihua-like,2529,0.09806247528667457,0.014630288651640965,23.980392156862745,0,0
中華民國公有領域,1126933,中華民國一○九年總統二二八事件談話,中華民國一○九年總統二二八事件談話,中華民國一○九年總統二二八事件談話,1,scrape_output\raw\中華民國公有領域\中華民國一○九年總統二二八事件談話\中華民國一○九年總統二二八事件談話__juan_01.txt,scrape_output\clean\中華民國公有領域\中華民國一○九年總統二二八事件談話\中華民國一○九年總統二二八事件談話__juan_01.txt,2085,2033,0,separate,0.05931677018633541,wenyan-like,1932,0.09265010351966874,0.018633540372670808,26.87142857142857,0,0
中華民國公有領域,1126673,中華民國一○九年總統農曆春節談話,中華民國一○九年總統農曆春節談話,中華民國一○九年總統農曆春節談話,1,scrape_output\suspected_baihua\raw\中華民國公有領域\中華民國一○九年總統農曆春節談話\中華民國一○九年總統農曆春節談話__juan_01.txt,scrape_output\suspected_baihua\clean\中華民國公有領域\中華民國一○九年總統農曆春節談話\中華民國一○九年總統農曆春節談話__juan_01.txt,829,769,0,separate,-0.05754716981132077,baihua-like,689,0.08272859216255443,0.020319303338171262,15.904761904761905,0,0
中華民國公有領域,1126678,中華民國一○二年總統農曆春節談話,中華民國一○二年總統農曆春節談話,中華民國一○二年總統農曆春節談話,1,scrape_output\suspected_baihua\raw\中華民國公有領域\中華民國一○二年總統農曆春節談話\中華民國一○二年總統農曆春節談話__juan_01.txt,scrape_output\suspected_baihua\clean\中華民國公有領域\中華民國一○二年總統農曆春節談話\中華民國一○二年總統農曆春節談話__juan_01.txt,1249,1192,0,separate,-0.06774931381518759,baihua-like,1093,0.08234217749313816,0.01463860933211345,21.22,0,0
中華民國公有領域,1084679,中華民國一○八年元旦總統祝詞,中華民國一○八年元旦總統祝詞,中華民國一○八年元旦總統祝詞,1,scrape_output\raw\中華民國公有領域\中華民國一○八年元旦總統祝詞\中華民國一○八年元旦總統祝詞__juan_01.txt,scrape_output\clean\中華民國公有領域\中華民國一○八年元旦總統祝詞\中華民國一○八年元旦總統祝詞__juan_01.txt,2804,2724,0,separate,0.018401844026123715,wenyan-like,2603,0.10487898578563196,0.016519400691509797,28.44943820224719,0,0
中華民國公有領域,1126932,中華民國一○八年總統二二八事件談話,中華民國一○八年總統二二八事件談話,中華民國一○八年總統二二八事件談話,1,scrape_output\raw\中華民國公有領域\中華民國一○八年總統二二八事件談話\中華民國一○八年總統二二八事件談話__juan_01.txt,scrape_output\clean\中華民國公有領域\中華民國一○八年總統二二八事件談話\中華民國一○八年總統二二八事件談話__juan_01.txt,1849,1806,0,separate,0.0033352837916910683,wenyan-like,1709,0.11059098888238736,0.017554125219426564,25.56923076923077,0,0
中華民國公有領域,1126674,中華民國一○八年總統農曆春節談話,中華民國一○八年總統農曆春節談話,中華民國一○八年總統農曆春節談話,1,scrape_output\suspected_baihua\raw\中華民國公有領域\中華民國一○八年總統農曆春節談話\中華民國一○八年總統農曆春節談話__juan_01.txt,scrape_output\suspected_baihua\clean\中華民國公有領域\中華民國一○八年總統農曆春節談話\中華民國一○八年總統農曆春節談話__juan_01.txt,940,879,0,separate,-0.040416141235813385,baihua-like,793,0.07692307692307693,0.0201765447667087,17.930232558139537,0,0
中華民國公有領域,1126930,中華民國一○六年總統二二八事件談話,中華民國一○六年總統二二八事件談話,中華民國一○六年總統二二八事件談話,1,scrape_output\suspected_baihua\raw\中華民國公有領域\中華民國一○六年總統二二八事件談話\中華民國一○六年總統二二八事件談話__juan_01.txt,scrape_output\suspected_baihua\clean\中華民國公有領域\中華民國一○六年總統二二八事件談話\中華民國一○六年總統二二八事件談話__juan_01.txt,1939,1892,0,separate,-0.17120872971460552,baihua-like,1787,0.12199216564073867,0.02238388360380526,22.141025641025642,0,0
中華民國公有領域,1126676,中華民國一○四年總統農曆春節談話,中華民國一○四年總統農曆春節談話,中華民國一○四年總統農曆春節談話,1,scrape_output\raw\中華民國公有領域\中華民國一○四年總統農曆春節談話\中華民國一○四年總統農曆春節談話__juan_01.txt,scrape_output\clean\中華民國公有領域\中華民國一○四年總統農曆春節談話\中華民國一○四年總統農曆春節談話__juan_01.txt,1974,1861,0,separate,0.041807909604519744,wenyan-like,1770,0.09548022598870057,0.014124293785310734,29.305084745762713,0,0
中華民國公有領域,1084677,中華民國一一○年元旦總統祝詞,中華民國一一○年元旦總統祝詞,中華民國一一○年元旦總統祝詞,1,scrape_output\raw\中華民國公有領域\中華民國一一○年元旦總統祝詞\中華民國一一○年元旦總統祝詞__juan_01.txt,scrape_output\clean\中華民國公有領域\中華民國一一○年元旦總統祝詞\中華民國一一○年元旦總統祝詞__juan_01.txt,3651,2871,0,separate,0.003004622496147913,wenyan-like,2596,0.10670261941448382,0.011556240369799691,26.53684210526316,0,0
中華民國公有領域,1126934,中華民國一一○年總統二二八事件談話,中華民國一一○年總統二二八事件談話,中華民國一一○年總統二二八事件談話,1,scrape_output\raw\中華民國公有領域\中華民國一一○年總統二二八事件談話\中華民國一一○年總統二二八事件談話__juan_01.txt,scrape_output\clean\中華民國公有領域\中華民國一一○年總統二二八事件談話\中華民國一一○年總統二二八事件談話__juan_01.txt,1932,1870,0,separate,0.009677419354838734,wenyan-like,1767,0.10922467458970006,0.01867572156196944,25.65671641791045,0,0
中華民國公有領域,1126672,中華民國一一○年總統農曆春節談話,中華民國一一○年總統農曆春節談話,中華民國一一○年總統農曆春節談話,1,scrape_output\suspected_baihua\raw\中華民國公有領域\中華民國一一○年總統農曆春節談話\中華民國一一○年總統農曆春節談話__juan_01.txt,scrape_output\suspected_baihua\clean\中華民國公有領域\中華民國一一○年總統農曆春節談話\中華民國一一○年總統農曆春節談話__juan_01.txt,1042,978,0,separate,-0.022605790645879753,baihua-like,898,0.07461024498886415,0.025612472160356347,19.377777777777776,0,0
中華民國公有領域,1091372,中華民國一一一年元旦總統祝詞,中華民國一一一年元旦總統祝詞,中華民國一一一年元旦總統祝詞,1,scrape_output\raw\中華民國公有領域\中華民國一一一年元旦總統祝詞\中華民國一一一年元旦總統祝詞__juan_01.txt,scrape_output\clean\中華民國公有領域\中華民國一一一年元旦總統祝詞\中華民國一一一年元旦總統祝詞__juan_01.txt,3285,3155,0,separate,0.07950928381962863,wenyan-like,3016,0.08454907161803714,0.016578249336870028,29.34,0,0
中華民國公有領域,1126935,中華民國一一一年總統二二八事件談話,中華民國一一一年總統二二八事件談話,中華民國一一一年總統二二八事件談話,1,scrape_output\raw\中華民國公有領域\中華民國一一一年總統二二八事件談話\中華民國一一一年總統二二八事件談話__juan_01.txt,scrape_output\clean\中華民國公有領域\中華民國一一一年總統二二八事件談話\中華民國一一一年總統二二八事件談話__juan_01.txt,2119,2057,0,separate,0.04284253578732106,wenyan-like,1956,0.09764826175869121,0.01789366053169734,27.608695652173914,0,0
中華民國公有領域,1126671,中華民國一一一年總統農曆春節談話,中華民國一一一年總統農曆春節談話,中華民國一一一年總統農曆春節談話,1,scrape_output\raw\中華民國公有領域\中華民國一一一年總統農曆春節談話\中華民國一一一年總統農曆春節談話__juan_01.txt,scrape_output\clean\中華民國公有領域\中華民國一一一年總統農曆春節談話\中華民國一一一年總統農曆春節談話__juan_01.txt,1037,994,0,separate,0.009495060373216235,wenyan-like,911,0.06366630076838639,0.025246981339187707,17.979591836734695,0,0
中華民國公有領域,1144965,中華民國一一三年元旦總統祝詞,中華民國一一三年元旦總統祝詞,中華民國一一三年元旦總統祝詞,1,scrape_output\raw\中華民國公有領域\中華民國一一三年元旦總統祝詞\中華民國一一三年元旦總統祝詞__juan_01.txt,scrape_output\clean\中華民國公有領域\中華民國一一三年元旦總統祝詞\中華民國一一三年元旦總統祝詞__juan_01.txt,3887,3632,0,separate,0.044071717755928275,wenyan-like,3458,0.0951417004048583,0.014748409485251591,31.82075471698113,0,0
中華民國公有領域,1163217,中華民國一一三年總統二二八事件談話,中華民國一一三年總統二二八事件談話,中華民國一一三年總統二二八事件談話,1,scrape_output\raw\中華民國公有領域\中華民國一一三年總統二二八事件談話\中華民國一一三年總統二二八事件談話__juan_01.txt,scrape_output\clean\中華民國公有領域\中華民國一一三年總統二二八事件談話\中華民國一一三年總統二二八事件談話__juan_01.txt,1792,1735,0,separate,0.08102189781021896,wenyan-like,1644,0.08759124087591241,0.021897810218978103,26.7,0,0
中華民國公有領域,1150058,中華民國一一三年總統農曆春節談話,中華民國一一三年總統農曆春節談話,中華民國一一三年總統農曆春節談話,1,scrape_output\raw\中華民國公有領域\中華民國一一三年總統農曆春節談話\中華民國一一三年總統農曆春節談話__juan_01.txt,scrape_output\clean\中華民國公有領域\中華民國一一三年總統農曆春節談話\中華民國一一三年總統農曆春節談話__juan_01.txt,1205,916,0,separate,0.00786802030456854,wenyan-like,788,0.06091370558375635,0.02030456852791878,18.19047619047619,0,0
中華民國公有領域,1123452,中華民國一一二年元旦總統祝詞,中華民國一一二年元旦總統祝詞,中華民國一一二年元旦總統祝詞,1,scrape_output\raw\中華民國公有領域\中華民國一一二年元旦總統祝詞\中華民國一一二年元旦總統祝詞__juan_01.txt,scrape_output\clean\中華民國公有領域\中華民國一一二年元旦總統祝詞\中華民國一一二年元旦總統祝詞__juan_01.txt,3337,3232,0,separate,0.11700614290333008,wenyan-like,3093,0.07048173294536049,0.014225670869705788,36.48192771084337,0,0
中華民國公有領域,1126936,中華民國一一二年總統二二八事件談話,中華民國一一二年總統二二八事件談話,中華民國一一二年總統二二八事件談話,1,scrape_output\raw\中華民國公有領域\中華民國一一二年總統二二八事件談話\中華民國一一二年總統二二八事件談話__juan_01.txt,scrape_output\clean\中華民國公有領域\中華民國一一二年總統二二八事件談話\中華民國一一二年總統二二八事件談話__juan_01.txt,2219,2139,0,separate,0.07962781586679729,wenyan-like,2042,0.08227228207639568,0.013222331047992164,25.753246753246753,0,0
中華民國公有領域,1126670,中華民國一一二年總統農曆春節談話,中華民國一一二年總統農曆春節談話,中華民國一一二年總統農曆春節談話,1,scrape_output\raw\中華民國公有領域\中華民國一一二年總統農曆春節談話\中華民國一一二年總統農曆春節談話__juan_01.txt,scrape_output\clean\中華民國公有領域\中華民國一一二年總統農曆春節談話\中華民國一一二年總統農曆春節談話__juan_01.txt,866,806,0,separate,0.029501385041551226,wenyan-like,722,0.054016620498614956,0.02077562326869806,16.209302325581394,0,0
中華民國公有領域,1188345,中華民國一一四年元旦總統祝詞,中華民國一一四年元旦總統祝詞,中華民國一一四年元旦總統祝詞,1,scrape_output\raw\中華民國公有領域\中華民國一一四年元旦總統祝詞\中華民國一一四年元旦總統祝詞__juan_01.txt,scrape_output\clean\中華民國公有領域\中華民國一一四年元旦總統祝詞\中華民國一一四年元旦總統祝詞__juan_01.txt,3569,3379,0,separate,0.12803334362457547,wenyan-like,3239,0.06637851188638469,0.013584439641864773,35.22222222222222,0,0
中華民國公有領域,1210442,中華民國一一四年總統二二八事件談話,中華民國一一四年總統二二八事件談話,中華民國一一四年總統二二八事件談話,1,scrape_output\raw\中華民國公有領域\中華民國一一四年總統二二八事件談話\中華民國一一四年總統二二八事件談話__juan_01.txt,scrape_output\clean\中華民國公有領域\中華民國一一四年總統二二八事件談話\中華民國一一四年總統二二八事件談話__juan_01.txt,2309,2245,0,separate,0.1373831775700935,wenyan-like,2140,0.07009345794392523,0.02383177570093458,34.540983606557376,0,0
中華民國公有領域,1201180,中華民國一一四年總統農曆春節談話,中華民國一一四年總統農曆春節談話,中華民國一一四年總統農曆春節談話,1,scrape_output\raw\中華民國公有領域\中華民國一一四年總統農曆春節談話\中華民國一一四年總統農曆春節談話__juan_01.txt,scrape_output\clean\中華民國公有領域\中華民國一一四年總統農曆春節談話\中華民國一一四年總統農曆春節談話__juan_01.txt,952,887,0,separate,0.027805486284289277,wenyan-like,802,0.059850374064837904,0.028678304239401497,18.093023255813954,0,0
中華民國公有領域,1126680,中華民國一百年總統農曆春節談話,中華民國一百年總統農曆春節談話,中華民國一百年總統農曆春節談話,1,scrape_output\raw\中華民國公有領域\中華民國一百年總統農曆春節談話\中華民國一百年總統農曆春節談話__juan_01.txt,scrape_output\clean\中華民國公有領域\中華民國一百年總統農曆春節談話\中華民國一百年總統農曆春節談話__juan_01.txt,1084,1023,0,separate,0.1530954879328436,wenyan-like,953,0.060860440713536204,0.017838405036726127,25.243243243243242,0,0
中華民國公有領域,189651,中華民國三十七年國慶紀念告全國軍民同胞書,中華民國三十七年國慶紀念告全國軍民同胞書,中華民國三十七年國慶紀念告全國軍民同胞書,1,scrape_output\raw\中華民國公有領域\中華民國三十七年國慶紀念告全國軍民同胞書\中華民國三十七年國慶紀念告全國軍民同胞書__juan_01.txt,scrape_output\clean\中華民國公有領域\中華民國三十七年國慶紀念告全國軍民同胞書\中華民國三十七年國慶紀念告全國軍民同胞書__juan_01.txt,1901,1857,0,separate,0.029652817302219636,wenyan-like,1757,0.10187820147979511,0.017643710870802503,25.514705882352942,0,0
中華民國公有領域,1084717,中華民國三十三年國慶紀念告全國軍民同胞書,中華民國三十三年國慶紀念告全國軍民同胞書,中華民國三十三年國慶紀念告全國軍民同胞書,1,scrape_output\suspected_baihua\raw\中華民國公有領域\中華民國三十三年國慶紀念告全國軍民同胞書\中華民國三十三年國慶紀念告全國軍民同胞書__juan_01.txt,scrape_output\suspected_baihua\clean\中華民國公有領域\中華民國三十三年國慶紀念告全國軍民同胞書\中華民國三十三年國慶紀念告全國軍民同胞書__juan_01.txt,5899,5855,0,separate,-0.004910012231347183,baihua-like,5723,0.11375152891839944,0.018172287261925563,38.29931972789116,0,0
中華民國公有領域,1084725,中華民國三十九年國慶紀念告全國軍民同胞書,中華民國三十九年國慶紀念告全國軍民同胞書,中華民國三十九年國慶紀念告全國軍民同胞書,1,scrape_output\raw\中華民國公有領域\中華民國三十九年國慶紀念告全國軍民同胞書\中華民國三十九年國慶紀念告全國軍民同胞書__juan_01.txt,scrape_output\clean\中華民國公有領域\中華民國三十九年國慶紀念告全國軍民同胞書\中華民國三十九年國慶紀念告全國軍民同胞書__juan_01.txt,4441,4397,0,separate,0.0363442894301253,wenyan-like,4229,0.10144242137621187,0.02033577677938047,25.617283950617285,0,0
中華民國公有領域,189650,中華民國三十九年青年節告全國青年書,中華民國三十九年青年節告全國青年書,中華民國三十九年青年節告全國青年書,1,scrape_output\suspected_baihua\raw\中華民國公有領域\中華民國三十九年青年節告全國青年書\中華民國三十九年青年節告全國青年書__juan_01.txt,scrape_output\suspected_baihua\clean\中華民國公有領域\中華民國三十九年青年節告全國青年書\中華民國三十九年青年節告全國青年書__juan_01.txt,1065,1022,0,separate,-0.02879417879417881,baihua-like,962,0.07276507276507277,0.01975051975051975,23.525,0,0
中華民國公有領域,1084716,中華民國三十二年國慶紀念告全國軍民同胞書,中華民國三十二年國慶紀念告全國軍民同胞書,中華民國三十二年國慶紀念告全國軍民同胞書,1,scrape_output\suspected_baihua\raw\中華民國公有領域\中華民國三十二年國慶紀念告全國軍民同胞書\中華民國三十二年國慶紀念告全國軍民同胞書__juan_01.txt,scrape_output\suspected_baihua\clean\中華民國公有領域\中華民國三十二年國慶紀念告全國軍民同胞書\中華民國三十二年國慶紀念告全國軍民同胞書__juan_01.txt,3194,3150,0,separate,-0.0064059900166389405,baihua-like,3005,0.06855241264559069,0.024625623960066557,24.34710743801653,0,0
中華民國公有領域,91167,中華民國三十五年元旦告全國軍民同胞書,中華民國三十五年元旦告全國軍民同胞書,中華民國三十五年元旦告全國軍民同胞書,1,scrape_output\raw\中華民國公有領域\中華民國三十五年元旦告全國軍民同胞書\中華民國三十五年元旦告全國軍民同胞書__juan_01.txt,scrape_output\clean\中華民國公有領域\中華民國三十五年元旦告全國軍民同胞書\中華民國三十五年元旦告全國軍民同胞書__juan_01.txt,5959,5906,0,separate,0.032620320855615004,wenyan-like,5797,0.10177678109366914,0.018975332068311195,42.52985074626866,0,0
中華民國公有領域,11050,中華民國三十八年元旦告全國軍民同胞書,中華民國三十八年元旦告全國軍民同胞書,中華民國三十八年元旦告全國軍民同胞書,1,scrape_output\raw\中華民國公有領域\中華民國三十八年元旦告全國軍民同胞書\中華民國三十八年元旦告全國軍民同胞書__juan_01.txt,scrape_output\clean\中華民國公有領域\中華民國三十八年元旦告全國軍民同胞書\中華民國三十八年元旦告全國軍民同胞書__juan_01.txt,2430,2387,0,separate,0.1527501082719792,wenyan-like,2309,0.06756171502815071,0.027717626678215677,40.607142857142854,0,0
中華民國公有領域,151292,中華民國三十六年國慶紀念告全國軍民同胞書,中華民國三十六年國慶紀念告全國軍民同胞書,中華民國三十六年國慶紀念告全國軍民同胞書,1,scrape_output\suspected_baihua\raw\中華民國公有領域\中華民國三十六年國慶紀念告全國軍民同胞書\中華民國三十六年國慶紀念告全國軍民同胞書__juan_01.txt,scrape_output\suspected_baihua\clean\中華民國公有領域\中華民國三十六年國慶紀念告全國軍民同胞書\中華民國三十六年國慶紀念告全國軍民同胞書__juan_01.txt,1616,1573,0,separate,-0.00684931506849315,baihua-like,1460,0.06506849315068493,0.019178082191780823,16.1123595505618,0,0
中華民國公有領域,13048,中華民國三十四年元旦告全國軍民同胞書,中華民國三十四年元旦告全國軍民同胞書,中華民國三十四年元旦告全國軍民同胞書,1,scrape_output\raw\中華民國公有領域\中華民國三十四年元旦告全國軍民同胞書\中華民國三十四年元旦告全國軍民同胞書__juan_01.txt,scrape_output\clean\中華民國公有領域\中華民國三十四年元旦告全國軍民同胞書\中華民國三十四年元旦告全國軍民同胞書__juan_01.txt,5661,5618,0,separate,0.0639841212558643,wenyan-like,5542,0.09058101768314687,0.01786358715265247,45.375,0,0
中華民國公有領域,1088696,中華民國三十年國慶紀念告全國軍民書,中華民國三十年國慶紀念告全國軍民書,中華民國三十年國慶紀念告全國軍民書,1,scrape_output\raw\中華民國公有領域\中華民國三十年國慶紀念告全國軍民書\中華民國三十年國慶紀念告全國軍民書__juan_01.txt,scrape_output\clean\中華民國公有領域\中華民國三十年國慶紀念告全國軍民書\中華民國三十年國慶紀念告全國軍民書__juan_01.txt,1761,1714,0,separate,0.36955460646735816,wenyan-like,1639,0.019524100061012812,0.06406345332519829,32.42,0,0
中華民國公有領域,1126921,中華民國九十一年總統二二八事件談話,中華民國九十一年總統二二八事件談話,中華民國九十一年總統二二八事件談話,1,scrape_output\raw\中華民國公有領域\中華民國九十一年總統二二八事件談話\中華民國九十一年總統二二八事件談話__juan_01.txt,scrape_output\clean\中華民國公有領域\中華民國九十一年總統二二八事件談話\中華民國九十一年總統二二八事件談話__juan_01.txt,1611,1568,0,separate,0.04278038952316987,wenyan-like,1489,0.10006715916722633,0.021490933512424447,29.14,0,0
中華民國公有領域,1126687,中華民國九十一年總統農曆春節談話,中華民國九十一年總統農曆春節談話,中華民國九十一年總統農曆春節談話,1,scrape_output\suspected_baihua\raw\中華民國公有領域\中華民國九十一年總統農曆春節談話\中華民國九十一年總統農曆春節談話__juan_01.txt,scrape_output\suspected_baihua\clean\中華民國公有領域\中華民國九十一年總統農曆春節談話\中華民國九十一年總統農曆春節談話__juan_01.txt,2286,2243,0,separate,-0.0990498812351544,baihua-like,2105,0.14346793349168646,0.015676959619952493,26.584415584415584,0,0
中華民國公有領域,1126927,中華民國九十七年總統二二八事件談話,中華民國九十七年總統二二八事件談話,中華民國九十七年總統二二八事件談話,1,scrape_output\raw\中華民國公有領域\中華民國九十七年總統二二八事件談話\中華民國九十七年總統二二八事件談話__juan_01.txt,scrape_output\clean\中華民國公有領域\中華民國九十七年總統二二八事件談話\中華民國九十七年總統二二八事件談話__juan_01.txt,2339,2195,0,separate,0.00042796005706136064,wenyan-like,2103,0.11126961483594865,0.017118402282453638,36.21052631578947,0,0
中華民國公有領域,1126683,中華民國九十七年總統農曆春節談話,中華民國九十七年總統農曆春節談話,中華民國九十七年總統農曆春節談話,1,scrape_output\suspected_baihua\raw\中華民國公有領域\中華民國九十七年總統農曆春節談話\中華民國九十七年總統農曆春節談話__juan_01.txt,scrape_output\suspected_baihua\clean\中華民國公有領域\中華民國九十七年總統農曆春節談話\中華民國九十七年總統農曆春節談話__juan_01.txt,848,805,0,separate,-0.19487908961593176,baihua-like,703,0.08677098150782361,0.032716927453769556,13.076923076923077,0,0
中華民國公有領域,1126923,中華民國九十三年總統二二八事件談話,中華民國九十三年總統二二八事件談話,中華民國九十三年總統二二八事件談話,1,scrape_output\raw\中華民國公有領域\中華民國九十三年總統二二八事件談話\中華民國九十三年總統二二八事件談話__juan_01.txt,scrape_output\clean\中華民國公有領域\中華民國九十三年總統二二八事件談話\中華民國九十三年總統二二八事件談話__juan_01.txt,1362,1319,0,separate,0.06817447495961226,wenyan-like,1238,0.08804523424878836,0.01615508885298869,28.209302325581394,0,0
中華民國公有領域,1126929,中華民國九十九年總統二二八事件談話,中華民國九十九年總統二二八事件談話,中華民國九十九年總統二二八事件談話,1,scrape_output\suspected_baihua\raw\中華民國公有領域\中華民國九十九年總統二二八事件談話\中華民國九十九年總統二二八事件談話__juan_01.txt,scrape_output\suspected_baihua\clean\中華民國公有領域\中華民國九十九年總統二二八事件談話\中華民國九十九年總統二二八事件談話__juan_01.txt,1861,1801,0,separate,-0.02982456140350881,baihua-like,1710,0.11929824561403508,0.014035087719298246,41.146341463414636,0,0
中華民國公有領域,1126681,中華民國九十九年總統農曆春節談話,中華民國九十九年總統農曆春節談話,中華民國九十九年總統農曆春節談話,1,scrape_output\suspected_baihua\raw\中華民國公有領域\中華民國九十九年總統農曆春節談話\中華民國九十九年總統農曆春節談話__juan_01.txt,scrape_output\suspected_baihua\clean\中華民國公有領域\中華民國九十九年總統農曆春節談話\中華民國九十九年總統農曆春節談話__juan_01.txt,1309,1266,0,separate,-0.013822525597269653,baihua-like,1172,0.06655290102389079,0.017918088737201365,21.884615384615383,0,0
中華民國公有領域,1126922,中華民國九十二年總統二二八事件談話,中華民國九十二年總統二二八事件談話,中華民國九十二年總統二二八事件談話,1,scrape_output\suspected_baihua\raw\中華民國公有領域\中華民國九十二年總統二二八事件談話\中華民國九十二年總統二二八事件談話__juan_01.txt,scrape_output\suspected_baihua\clean\中華民國公有領域\中華民國九十二年總統二二八事件談話\中華民國九十二年總統二二八事件談話__juan_01.txt,1776,1732,0,separate,-0.0029932803909590855,baihua-like,1637,0.11240073304825901,0.01710445937690898,25.693548387096776,0,0
中華民國公有領域,1126686,中華民國九十二年總統農曆春節談話,中華民國九十二年總統農曆春節談話,中華民國九十二年總統農曆春節談話,1,scrape_output\suspected_baihua\raw\中華民國公有領域\中華民國九十二年總統農曆春節談話\中華民國九十二年總統農曆春節談話__juan_01.txt,scrape_output\suspected_baihua\clean\中華民國公有領域\中華民國九十二年總統農曆春節談話\中華民國九十二年總統農曆春節談話__juan_01.txt,1773,1713,0,separate,-0.18541536539662715,baihua-like,1601,0.12179887570268583,0.014990630855715179,23.545454545454547,0,0
中華民國公有領域,1126925,中華民國九十五年總統二二八事件談話,中華民國九十五年總統二二八事件談話,中華民國九十五年總統二二八事件談話,1,scrape_output\raw\中華民國公有領域\中華民國九十五年總統二二八事件談話\中華民國九十五年總統二二八事件談話__juan_01.txt,scrape_output\clean\中華民國公有領域\中華民國九十五年總統二二八事件談話\中華民國九十五年總統二二八事件談話__juan_01.txt,4149,4033,0,separate,0.020295767465578762,wenyan-like,3922,0.10530341662417134,0.018103008669046405,55.285714285714285,0,0
中華民國公有領域,1126928,中華民國九十八年總統二二八事件談話,中華民國九十八年總統二二八事件談話,中華民國九十八年總統二二八事件談話,1,scrape_output\suspected_baihua\raw\中華民國公有領域\中華民國九十八年總統二二八事件談話\中華民國九十八年總統二二八事件談話__juan_01.txt,scrape_output\suspected_baihua\clean\中華民國公有領域\中華民國九十八年總統二二八事件談話\中華民國九十八年總統二二八事件談話__juan_01.txt,2256,2196,0,separate,-0.00023980815347723894,baihua-like,2085,0.10839328537170263,0.012470023980815348,31.353846153846153,0,0
中華民國公有領域,1126682,中華民國九十八年總統農曆春節談話,中華民國九十八年總統農曆春節談話,中華民國九十八年總統農曆春節談話,1,scrape_output\suspected_baihua\raw\中華民國公有領域\中華民國九十八年總統農曆春節談話\中華民國九十八年總統農曆春節談話__juan_01.txt,scrape_output\suspected_baihua\clean\中華民國公有領域\中華民國九十八年總統農曆春節談話\中華民國九十八年總統農曆春節談話__juan_01.txt,1098,1044,0,separate,-0.03388429752066116,baihua-like,968,0.0743801652892562,0.01962809917355372,23.097560975609756,0,0
中華民國公有領域,1126926,中華民國九十六年總統二二八事件談話,中華民國九十六年總統二二八事件談話,中華民國九十六年總統二二八事件談話,1,scrape_output\raw\中華民國公有領域\中華民國九十六年總統二二八事件談話\中華民國九十六年總統二二八事件談話__juan_01.txt,scrape_output\clean\中華民國公有領域\中華民國九十六年總統二二八事件談話\中華民國九十六年總統二二八事件談話__juan_01.txt,2799,2737,0,separate,0.021311475409836023,wenyan-like,2623,0.10331681280975982,0.015630956919557758,40.265625,0,0
中華民國公有領域,1126924,中華民國九十四年總統二二八事件談話,中華民國九十四年總統二二八事件談話,中華民國九十四年總統二二八事件談話,1,scrape_output\raw\中華民國公有領域\中華民國九十四年總統二二八事件談話\中華民國九十四年總統二二八事件談話__juan_01.txt,scrape_output\clean\中華民國公有領域\中華民國九十四年總統二二八事件談話\中華民國九十四年總統二二八事件談話__juan_01.txt,2615,2572,0,separate,0.0489878542510121,wenyan-like,2470,0.09635627530364373,0.01902834008097166,45.9622641509434,0,0
中華民國公有領域,1126685,中華民國九十四年總統農曆春節談話,中華民國九十四年總統農曆春節談話,中華民國九十四年總統農曆春節談話,1,scrape_output\suspected_baihua\raw\中華民國公有領域\中華民國九十四年總統農曆春節談話\中華民國九十四年總統農曆春節談話__juan_01.txt,scrape_output\suspected_baihua\clean\中華民國公有領域\中華民國九十四年總統農曆春節談話\中華民國九十四年總統農曆春節談話__juan_01.txt,594,550,0,separate,-0.17130620985010706,baihua-like,467,0.07708779443254818,0.029978586723768737,11.146341463414634,0,0
中華民國公有領域,1126920,中華民國九十年總統二二八事件談話,中華民國九十年總統二二八事件談話,中華民國九十年總統二二八事件談話,1,scrape_output\suspected_baihua\raw\中華民國公有領域\中華民國九十年總統二二八事件談話\中華民國九十年總統二二八事件談話__juan_01.txt,scrape_output\suspected_baihua\clean\中華民國公有領域\中華民國九十年總統二二八事件談話\中華民國九十年總統二二八事件談話__juan_01.txt,1274,1231,0,separate,-0.020962199312714785,baihua-like,1164,0.06786941580756013,0.01632302405498282,24.148936170212767,0,0
中華民國公有領域,1126688,中華民國九十年總統農曆春節談話,中華民國九十年總統農曆春節談話,中華民國九十年總統農曆春節談話,1,scrape_output\raw\中華民國公有領域\中華民國九十年總統農曆春節談話\中華民國九十年總統農曆春節談話__juan_01.txt,scrape_output\clean\中華民國公有領域\中華民國九十年總統農曆春節談話\中華民國九十年總統農曆春節談話__juan_01.txt,1764,1721,0,separate,0.015252152521525175,wenyan-like,1626,0.10516605166051661,0.015375153751537515,27.842105263157894,0,0
中華民國公有領域,1093523,中華民國二十九年國慶紀念吿全國軍民書,中華民國二十九年國慶紀念吿全國軍民書,中華民國二十九年國慶紀念吿全國軍民書,1,scrape_output\raw\中華民國公有領域\中華民國二十九年國慶紀念吿全國軍民書\中華民國二十九年國慶紀念吿全國軍民書__juan_01.txt,scrape_output\clean\中華民國公有領域\中華民國二十九年國慶紀念吿全國軍民書\中華民國二十九年國慶紀念吿全國軍民書__juan_01.txt,6447,6404,0,separate,0.08296659806870349,wenyan-like,6317,0.0888079784707931,0.024695266740541396,54.08695652173913,0,0
中華民國公有領域,329829,中華民國五十三年青年節告全國青年書,中華民國五十三年青年節告全國青年書,中華民國五十三年青年節告全國青年書,1,scrape_output\raw\中華民國公有領域\中華民國五十三年青年節告全國青年書\中華民國五十三年青年節告全國青年書__juan_01.txt,scrape_output\clean\中華民國公有領域\中華民國五十三年青年節告全國青年書\中華民國五十三年青年節告全國青年書__juan_01.txt,3867,3817,0,separate,0.08456159225389992,wenyan-like,3718,0.08687466379774073,0.022592791823561054,32.482142857142854,0,0
中華民國公有領域,1066256,中華民國交通部呈報上海郵員罷工之始末情形,中華民國交通部呈報上海郵員罷工之始末情形,中華民國交通部呈報上海郵員罷工之始末情形,1,scrape_output\raw\中華民國公有領域\中華民國交通部呈報上海郵員罷工之始末情形\中華民國交通部呈報上海郵員罷工之始末情形__juan_01.txt,scrape_output\clean\中華民國公有領域\中華民國交通部呈報上海郵員罷工之始末情形\中華民國交通部呈報上海郵員罷工之始末情形__juan_01.txt,1603,1546,0,separate,0.15068823124569855,wenyan-like,1453,0.017205781142463867,0.02615278733654508,20.47826086956522,0,0
中華民國公有領域,1066500,中華民國交通部請督理清還官軍欠費維護電政函,中華民國交通部請督理清還官軍欠費維護電政函,中華民國交通部請督理清還官軍欠費維護電政函,1,scrape_output\raw\中華民國公有領域\中華民國交通部請督理清還官軍欠費維護電政函\中華民國交通部請督理清還官軍欠費維護電政函__juan_01.txt,scrape_output\clean\中華民國公有領域\中華民國交通部請督理清還官軍欠費維護電政函\中華民國交通部請督理清還官軍欠費維護電政函__juan_01.txt,1050,1007,0,separate,0.12127659574468086,wenyan-like,940,0.02446808510638298,0.022340425531914895,18.18,0,0
中華民國公有領域,1064409,中華民國內務部為預防過激黨人煽惑罷工罷市的通令,中華民國內務部為預防過激黨人煽惑罷工罷市的通令,中華民國內務部為預防過激黨人煽惑罷工罷市的通令,1,scrape_output\suspected_baihua\raw\中華民國公有領域\中華民國內務部為預防過激黨人煽惑罷工罷市的通令\中華民國內務部為預防過激黨人煽惑罷工罷市的通令__juan_01.txt,scrape_output\suspected_baihua\clean\中華民國公有領域\中華民國內務部為預防過激黨人煽惑罷工罷市的通令\中華民國內務部為預防過激黨人煽惑罷工罷市的通令__juan_01.txt,615,560,0,separate,-0.05060728744939272,baihua-like,494,0.03441295546558704,0.02631578947368421,11.634146341463415,0,0
中華民國公有領域,1080584,中華民國內務部訓令京师警察廳切實查明五七國恥紀念會有無毆傷學生情事,中華民國內務部訓令京师警察廳切實查明五七國恥紀念會有無毆傷學生情事,中華民國內務部訓令京师警察廳切實查明五七國恥紀念會有無毆傷學生情事,1,scrape_output\suspected_baihua\raw\中華民國公有領域\中華民國內務部訓令京师警察廳切實查明五七國恥紀念會有無毆傷學生情事\中華民國內務部訓令京师警察廳切實查明五七國恥紀念會有無毆傷學生情事__juan_01.txt,scrape_output\suspected_baihua\clean\中華民國公有領域\中華民國內務部訓令京师警察廳切實查明五七國恥紀念會有無毆傷學生情事\中華民國內務部訓令京师警察廳切實查明五七國恥紀念會有無毆傷學生情事__juan_01.txt,696,653,0,separate,-0.017182130584192448,baihua-like,582,0.024054982817869417,0.027491408934707903,13.093023255813954,0,0
中華民國公有領域,1067044,中華民國內務部訓令各省民政長保護各國教士、切實防護孫文海外黨徒與白朗等勾結煽惑,中華民國內務部訓令各省民政長保護各國教士、切實防護孫文海外黨徒與白朗等勾結煽惑,中華民國內務部訓令各省民政長保護各國教士、切實防護孫文海外黨徒與白朗等勾結煽惑,1,scrape_output\raw\中華民國公有領域\中華民國內務部訓令各省民政長保護各國教士、切實防護孫文海外黨徒與白朗等勾結煽惑\中華民國內務部訓令各省民政長保護各國教士、切實防護孫文海外黨徒與白朗等勾結煽惑__juan_01.txt,scrape_output\clean\中華民國公有領域\中華民國內務部訓令各省民政長保護各國教士、切實防護孫文海外黨徒與白朗等勾結煽惑\中華民國內務部訓令各省民政長保護各國教士、切實防護孫文海外黨徒與白朗等勾結煽惑__juan_01.txt,1004,960,0,separate,0.11976483762597984,wenyan-like,893,0.025755879059350503,0.023516237402015677,17.653061224489797,0,0
中華民國公有領域,1068004,中華民國內務部訓令警察廳民政長佈告報界商界不再發為抵制日本言論,中華民國內務部訓令警察廳民政長佈告報界商界不再發為抵制日本言論,中華民國內務部訓令警察廳民政長佈告報界商界不再發為抵制日本言論,1,scrape_output\raw\中華民國公有領域\中華民國內務部訓令警察廳民政長佈告報界商界不再發為抵制日本言論\中華民國內務部訓令警察廳民政長佈告報界商界不再發為抵制日本言論__juan_01.txt,scrape_output\clean\中華民國公有領域\中華民國內務部訓令警察廳民政長佈告報界商界不再發為抵制日本言論\中華民國內務部訓令警察廳民政長佈告報界商界不再發為抵制日本言論__juan_01.txt,838,794,0,separate,0.15827586206896552,wenyan-like,725,0.02482758620689655,0.041379310344827586,16.0,0,0
中華民國公有領域,1126919,中華民國八十一年總統二二八事件談話,中華民國八十一年總統二二八事件談話,中華民國八十一年總統二二八事件談話,1,scrape_output\raw\中華民國公有領域\中華民國八十一年總統二二八事件談話\中華民國八十一年總統二二八事件談話__juan_01.txt,scrape_output\clean\中華民國公有領域\中華民國八十一年總統二二八事件談話\中華民國八十一年總統二二八事件談話__juan_01.txt,1687,1644,0,separate,0.11662436548223346,wenyan-like,1576,0.07550761421319797,0.021573604060913704,26.982456140350877,0,0
中華民國公有領域,1126804,中華民國八十一年總統農曆春節談話,中華民國八十一年總統農曆春節談話,中華民國八十一年總統農曆春節談話,1,scrape_output\suspected_baihua\raw\中華民國公有領域\中華民國八十一年總統農曆春節談話\中華民國八十一年總統農曆春節談話__juan_01.txt,scrape_output\suspected_baihua\clean\中華民國公有領域\中華民國八十一年總統農曆春節談話\中華民國八十一年總統農曆春節談話__juan_01.txt,1279,1236,0,separate,-0.059383145091225026,baihua-like,1151,0.0790616854908775,0.013900955690703735,21.5,0,0
中華民國公有領域,1126798,中華民國八十七年總統農曆春節談話,中華民國八十七年總統農曆春節談話,中華民國八十七年總統農曆春節談話,1,scrape_output\suspected_baihua\raw\中華民國公有領域\中華民國八十七年總統農曆春節談話\中華民國八十七年總統農曆春節談話__juan_01.txt,scrape_output\suspected_baihua\clean\中華民國公有領域\中華民國八十七年總統農曆春節談話\中華民國八十七年總統農曆春節談話__juan_01.txt,1386,1343,0,separate,-0.01666666666666669,baihua-like,1248,0.06570512820512821,0.015224358974358974,22.90566037735849,0,0
中華民國公有領域,1126802,中華民國八十三年總統農曆春節談話,中華民國八十三年總統農曆春節談話,中華民國八十三年總統農曆春節談話,1,scrape_output\raw\中華民國公有領域\中華民國八十三年總統農曆春節談話\中華民國八十三年總統農曆春節談話__juan_01.txt,scrape_output\clean\中華民國公有領域\中華民國八十三年總統農曆春節談話\中華民國八十三年總統農曆春節談話__juan_01.txt,1569,1526,0,separate,0.14338184338184337,wenyan-like,1443,0.060984060984060985,0.013167013167013167,27.115384615384617,0,0
中華民國公有領域,1126796,中華民國八十九年總統農曆春節談話,中華民國八十九年總統農曆春節談話,中華民國八十九年總統農曆春節談話,1,scrape_output\suspected_baihua\raw\中華民國公有領域\中華民國八十九年總統農曆春節談話\中華民國八十九年總統農曆春節談話__juan_01.txt,scrape_output\suspected_baihua\clean\中華民國公有領域\中華民國八十九年總統農曆春節談話\中華民國八十九年總統農曆春節談話__juan_01.txt,1251,1208,0,separate,-0.06293800539083558,baihua-like,1113,0.08176100628930817,0.016172506738544475,20.75,0,0
中華民國公有領域,1126803,中華民國八十二年總統農曆春節談話,中華民國八十二年總統農曆春節談話,中華民國八十二年總統農曆春節談話,1,scrape_output\suspected_baihua\raw\中華民國公有領域\中華民國八十二年總統農曆春節談話\中華民國八十二年總統農曆春節談話__juan_01.txt,scrape_output\suspected_baihua\clean\中華民國公有領域\中華民國八十二年總統農曆春節談話\中華民國八十二年總統農曆春節談話__juan_01.txt,1050,1007,0,separate,-0.024145299145299143,baihua-like,936,0.06944444444444445,0.017094017094017096,21.186046511627907,0,0
中華民國公有領域,1126800,中華民國八十五年總統農曆春節談話,中華民國八十五年總統農曆春節談話,中華民國八十五年總統農曆春節談話,1,scrape_output\suspected_baihua\raw\中華民國公有領域\中華民國八十五年總統農曆春節談話\中華民國八十五年總統農曆春節談話__juan_01.txt,scrape_output\suspected_baihua\clean\中華民國公有領域\中華民國八十五年總統農曆春節談話\中華民國八十五年總統農曆春節談話__juan_01.txt,1365,1321,0,separate,-0.0767958030669895,baihua-like,1239,0.08635996771589992,0.016142050040355124,24.22,0,0
中華民國公有領域,1126797,中華民國八十八年總統農曆春節談話,中華民國八十八年總統農曆春節談話,中華民國八十八年總統農曆春節談話,1,scrape_output\suspected_baihua\raw\中華民國公有領域\中華民國八十八年總統農曆春節談話\中華民國八十八年總統農曆春節談話__juan_01.txt,scrape_output\suspected_baihua\clean\中華民國公有領域\中華民國八十八年總統農曆春節談話\中華民國八十八年總統農曆春節談話__juan_01.txt,1474,1431,0,separate,-0.027083333333333348,baihua-like,1344,0.06845238095238096,0.014136904761904762,24.69811320754717,0,0
中華民國公有領域,1126799,中華民國八十六年總統農曆春節談話,中華民國八十六年總統農曆春節談話,中華民國八十六年總統農曆春節談話,1,scrape_output\suspected_baihua\raw\中華民國公有領域\中華民國八十六年總統農曆春節談話\中華民國八十六年總統農曆春節談話__juan_01.txt,scrape_output\suspected_baihua\clean\中華民國公有領域\中華民國八十六年總統農曆春節談話\中華民國八十六年總統農曆春節談話__juan_01.txt,1368,1325,0,separate,-0.11575121163166394,baihua-like,1238,0.10420032310177706,0.023424878836833602,21.836363636363636,0,0
中華民國公有領域,1126918,中華民國八十四年總統二二八事件談話,中華民國八十四年總統二二八事件談話,中華民國八十四年總統二二八事件談話,1,scrape_output\raw\中華民國公有領域\中華民國八十四年總統二二八事件談話\中華民國八十四年總統二二八事件談話__juan_01.txt,scrape_output\clean\中華民國公有領域\中華民國八十四年總統二二八事件談話\中華民國八十四年總統二二八事件談話__juan_01.txt,1687,1644,0,separate,0.09148124602670057,wenyan-like,1573,0.08137317228226319,0.017800381436745075,30.84,0,0
中華民國公有領域,1126801,中華民國八十四年總統農曆春節談話,中華民國八十四年總統農曆春節談話,中華民國八十四年總統農曆春節談話,1,scrape_output\suspected_baihua\raw\中華民國公有領域\中華民國八十四年總統農曆春節談話\中華民國八十四年總統農曆春節談話__juan_01.txt,scrape_output\suspected_baihua\clean\中華民國公有領域\中華民國八十四年總統農曆春節談話\中華民國八十四年總統農曆春節談話__juan_01.txt,1466,1423,0,separate,-0.0058035714285714635,baihua-like,1344,0.11235119047619048,0.015625,25.745098039215687,0,0
中華民國公有領域,334637,中華民國六十三年元旦告全國軍民同胞書,中華民國六十三年元旦告全國軍民同胞書,中華民國六十三年元旦告全國軍民同胞書,1,scrape_output\raw\中華民國公有領域\中華民國六十三年元旦告全國軍民同胞書\中華民國六十三年元旦告全國軍民同胞書__juan_01.txt,scrape_output\clean\中華民國公有領域\中華民國六十三年元旦告全國軍民同胞書\中華民國六十三年元旦告全國軍民同胞書__juan_01.txt,3105,3062,0,separate,0.08008864643709512,wenyan-like,2933,0.09171496760995568,0.027616774633481077,31.92222222222222,0,0
中華民國公有領域,335050,中華民國六十三年國慶紀念告全國軍民同胞書,中華民國六十三年國慶紀念告全國軍民同胞書,中華民國六十三年國慶紀念告全國軍民同胞書,1,scrape_output\raw\中華民國公有領域\中華民國六十三年國慶紀念告全國軍民同胞書\中華民國六十三年國慶紀念告全國軍民同胞書__juan_01.txt,scrape_output\clean\中華民國公有領域\中華民國六十三年國慶紀念告全國軍民同胞書\中華民國六十三年國慶紀念告全國軍民同胞書__juan_01.txt,3262,3219,0,separate,0.05847594446238294,wenyan-like,3097,0.097513722957701,0.025508556667742977,34.9080459770115,0,0
中華民國公有領域,334644,中華民國六十三年青年節告全國青年書,中華民國六十三年青年節告全國青年書,中華民國六十三年青年節告全國青年書,1,scrape_output\raw\中華民國公有領域\中華民國六十三年青年節告全國青年書\中華民國六十三年青年節告全國青年書__juan_01.txt,scrape_output\clean\中華民國公有領域\中華民國六十三年青年節告全國青年書\中華民國六十三年青年節告全國青年書__juan_01.txt,2783,2736,0,separate,0.06367112810707454,wenyan-like,2615,0.09789674952198853,0.028680688336520075,32.80769230769231,0,0
中華民國公有領域,335053,中華民國六十二年國元旦告全國軍民同胞書,中華民國六十二年國元旦告全國軍民同胞書,中華民國六十二年國元旦告全國軍民同胞書,1,scrape_output\raw\中華民國公有領域\中華民國六十二年國元旦告全國軍民同胞書\中華民國六十二年國元旦告全國軍民同胞書__juan_01.txt,scrape_output\clean\中華民國公有領域\中華民國六十二年國元旦告全國軍民同胞書\中華民國六十二年國元旦告全國軍民同胞書__juan_01.txt,2590,2547,0,separate,0.07312318540024887,wenyan-like,2411,0.09746992948983824,0.032766486934881794,34.231884057971016,0,0
中華民國公有領域,335056,中華民國六十二年國慶紀念告全國軍民同胞書,中華民國六十二年國慶紀念告全國軍民同胞書,中華民國六十二年國慶紀念告全國軍民同胞書,1,scrape_output\raw\中華民國公有領域\中華民國六十二年國慶紀念告全國軍民同胞書\中華民國六十二年國慶紀念告全國軍民同胞書__juan_01.txt,scrape_output\clean\中華民國公有領域\中華民國六十二年國慶紀念告全國軍民同胞書\中華民國六十二年國慶紀念告全國軍民同胞書__juan_01.txt,2934,2891,0,separate,0.09302832244008713,wenyan-like,2754,0.09005083514887437,0.03159041394335512,32.23809523809524,0,0
中華民國公有領域,335055,中華民國六十二年青年節告全國青年書,中華民國六十二年青年節告全國青年書,中華民國六十二年青年節告全國青年書,1,scrape_output\raw\中華民國公有領域\中華民國六十二年青年節告全國青年書\中華民國六十二年青年節告全國青年書__juan_01.txt,scrape_output\clean\中華民國公有領域\中華民國六十二年青年節告全國青年書\中華民國六十二年青年節告全國青年書__juan_01.txt,2824,2781,0,separate,0.09789235980429054,wenyan-like,2657,0.08468197214904027,0.025969138125705685,32.5875,0,0
中華民國公有領域,13035,中華民國六十四年元旦告全國軍民同胞書,中華民國六十四年元旦告全國軍民同胞書,中華民國六十四年元旦告全國軍民同胞書,1,scrape_output\raw\中華民國公有領域\中華民國六十四年元旦告全國軍民同胞書\中華民國六十四年元旦告全國軍民同胞書__juan_01.txt,scrape_output\clean\中華民國公有領域\中華民國六十四年元旦告全國軍民同胞書\中華民國六十四年元旦告全國軍民同胞書__juan_01.txt,2880,2835,0,separate,0.06621923937360177,wenyan-like,2682,0.09433258762117823,0.024608501118568233,31.392857142857142,0,0
中華民國公有領域,189652,中華民國十七年國慶紀念告全國同胞書,中華民國十七年國慶紀念告全國同胞書,中華民國十七年國慶紀念告全國同胞書,1,scrape_output\raw\中華民國公有領域\中華民國十七年國慶紀念告全國同胞書\中華民國十七年國慶紀念告全國同胞書__juan_01.txt,scrape_output\clean\中華民國公有領域\中華民國十七年國慶紀念告全國同胞書\中華民國十七年國慶紀念告全國同胞書__juan_01.txt,791,748,0,separate,0.21240928882438315,wenyan-like,689,0.02177068214804064,0.06386066763425254,18.63888888888889,0,0
中華民國公有領域,165667,中華民國十二年國民基本教育七大面向,中華民國十二年國民基本教育七大面向,中華民國十二年國民基本教育七大面向,1,scrape_output\raw\中華民國公有領域\中華民國十二年國民基本教育七大面向\中華民國十二年國民基本教育七大面向__juan_01.txt,scrape_output\clean\中華民國公有領域\中華民國十二年國民基本教育七大面向\中華民國十二年國民基本教育七大面向__juan_01.txt,7293,6624,0,separate,0.11417157275021025,wenyan-like,5945,0.021026072329688814,0.013624894869638351,20.209621993127147,0,0
中華民國公有領域,1084861,中華民國十八年國慶紀念告全國同胞書,中華民國十八年國慶紀念告全國同胞書,中華民國十八年國慶紀念告全國同胞書,1,scrape_output\raw\中華民國公有領域\中華民國十八年國慶紀念告全國同胞書\中華民國十八年國慶紀念告全國同胞書__juan_01.txt,scrape_output\clean\中華民國公有領域\中華民國十八年國慶紀念告全國同胞書\中華民國十八年國慶紀念告全國同胞書__juan_01.txt,1664,1621,0,separate,0.24530026109660574,wenyan-like,1532,0.018276762402088774,0.07506527415143603,23.841269841269842,0,0
中華民國公有領域,176729,中華民國參政院咨文,中華民國參政院咨文,中華民國參政院咨文,1,scrape_output\raw\中華民國公有領域\中華民國參政院咨文\中華民國參政院咨文__juan_01.txt,scrape_output\clean\中華民國公有領域\中華民國參政院咨文\中華民國參政院咨文__juan_01.txt,748,705,0,separate,0.12049689440993788,wenyan-like,644,0.023291925465838508,0.020186335403726708,18.470588235294116,0,0
中華民國公有領域,176728,中華民國參政院第一次推戴書,中華民國參政院第一次推戴書,中華民國參政院第一次推戴書,1,scrape_output\raw\中華民國公有領域\中華民國參政院第一次推戴書\中華民國參政院第一次推戴書__juan_01.txt,scrape_output\clean\中華民國公有領域\中華民國參政院第一次推戴書\中華民國參政院第一次推戴書__juan_01.txt,1387,1344,0,separate,0.18666146645865833,wenyan-like,1282,0.01638065522620905,0.042901716068642744,19.328125,0,0
中華民國公有領域,176731,中華民國參政院第二次推戴書,中華民國參政院第二次推戴書,中華民國參政院第二次推戴書,1,scrape_output\raw\中華民國公有領域\中華民國參政院第二次推戴書\中華民國參政院第二次推戴書__juan_01.txt,scrape_output\clean\中華民國公有領域\中華民國參政院第二次推戴書\中華民國參政院第二次推戴書__juan_01.txt,3468,3425,0,separate,0.41373840167614484,wenyan-like,3341,0.01556420233463035,0.08021550434001797,26.540983606557376,0,0
中華民國公有領域,1091393,中華民國四十一年國慶紀念告全國軍民同胞書,中華民國四十一年國慶紀念告全國軍民同胞書,中華民國四十一年國慶紀念告全國軍民同胞書,1,scrape_output\suspected_baihua\raw\中華民國公有領域\中華民國四十一年國慶紀念告全國軍民同胞書\中華民國四十一年國慶紀念告全國軍民同胞書__juan_01.txt,scrape_output\suspected_baihua\clean\中華民國公有領域\中華民國四十一年國慶紀念告全國軍民同胞書\中華民國四十一年國慶紀念告全國軍民同胞書__juan_01.txt,4097,4053,0,separate,-0.14263867288750645,baihua-like,3858,0.11016070502851218,0.018921721099015035,22.093023255813954,0,0
中華民國公有領域,1093224,中華民國四十七年國慶紀念告全國軍民同胞書,中華民國四十七年國慶紀念告全國軍民同胞書,中華民國四十七年國慶紀念告全國軍民同胞書,1,scrape_output\raw\中華民國公有領域\中華民國四十七年國慶紀念告全國軍民同胞書\中華民國四十七年國慶紀念告全國軍民同胞書__juan_01.txt,scrape_output\clean\中華民國公有領域\中華民國四十七年國慶紀念告全國軍民同胞書\中華民國四十七年國慶紀念告全國軍民同胞書__juan_01.txt,3209,3163,0,separate,0.0938420348058902,wenyan-like,2988,0.08299866131191433,0.0214190093708166,27.12037037037037,0,0
中華民國公有領域,1092505,中華民國四十三年國慶紀念告全國軍民同胞書,中華民國四十三年國慶紀念告全國軍民同胞書,中華民國四十三年國慶紀念告全國軍民同胞書,1,scrape_output\suspected_baihua\raw\中華民國公有領域\中華民國四十三年國慶紀念告全國軍民同胞書\中華民國四十三年國慶紀念告全國軍民同胞書__juan_01.txt,scrape_output\suspected_baihua\clean\中華民國公有領域\中華民國四十三年國慶紀念告全國軍民同胞書\中華民國四十三年國慶紀念告全國軍民同胞書__juan_01.txt,4420,4376,0,separate,-0.13509822712026834,baihua-like,4174,0.10589362721609967,0.01629132726401533,24.00588235294118,0,0
中華民國公有領域,1091395,中華民國四十二年國慶紀念告全國軍民同胞書,中華民國四十二年國慶紀念告全國軍民同胞書,中華民國四十二年國慶紀念告全國軍民同胞書,1,scrape_output\suspected_baihua\raw\中華民國公有領域\中華民國四十二年國慶紀念告全國軍民同胞書\中華民國四十二年國慶紀念告全國軍民同胞書__juan_01.txt,scrape_output\suspected_baihua\clean\中華民國公有領域\中華民國四十二年國慶紀念告全國軍民同胞書\中華民國四十二年國慶紀念告全國軍民同胞書__juan_01.txt,2511,2467,0,separate,-0.12632724107919932,baihua-like,2298,0.1031331592689295,0.016536118363794605,20.86111111111111,0,0
中華民國公有領域,1093222,中華民國四十五年國慶紀念告全國軍民同胞書,中華民國四十五年國慶紀念告全國軍民同胞書,中華民國四十五年國慶紀念告全國軍民同胞書,1,scrape_output\suspected_baihua\raw\中華民國公有領域\中華民國四十五年國慶紀念告全國軍民同胞書\中華民國四十五年國慶紀念告全國軍民同胞書__juan_01.txt,scrape_output\suspected_baihua\clean\中華民國公有領域\中華民國四十五年國慶紀念告全國軍民同胞書\中華民國四十五年國慶紀念告全國軍民同胞書__juan_01.txt,3003,2959,0,separate,-0.03990990990990992,baihua-like,2775,0.07747747747747748,0.021261261261261263,18.73103448275862,0,0
中華民國公有領域,1093223,中華民國四十六年國慶紀念告全國軍民同胞書,中華民國四十六年國慶紀念告全國軍民同胞書,中華民國四十六年國慶紀念告全國軍民同胞書,1,scrape_output\suspected_baihua\raw\中華民國公有領域\中華民國四十六年國慶紀念告全國軍民同胞書\中華民國四十六年國慶紀念告全國軍民同胞書__juan_01.txt,scrape_output\suspected_baihua\clean\中華民國公有領域\中華民國四十六年國慶紀念告全國軍民同胞書\中華民國四十六年國慶紀念告全國軍民同胞書__juan_01.txt,2756,2712,0,separate,-0.03160095579450417,baihua-like,2511,0.06929510155316607,0.013142174432497013,20.838983050847457,0,0
中華民國公有領域,1092508,中華民國四十四年國慶紀念告全國軍民同胞書,中華民國四十四年國慶紀念告全國軍民同胞書,中華民國四十四年國慶紀念告全國軍民同胞書,1,scrape_output\suspected_baihua\raw\中華民國公有領域\中華民國四十四年國慶紀念告全國軍民同胞書\中華民國四十四年國慶紀念告全國軍民同胞書__juan_01.txt,scrape_output\suspected_baihua\clean\中華民國公有領域\中華民國四十四年國慶紀念告全國軍民同胞書\中華民國四十四年國慶紀念告全國軍民同胞書__juan_01.txt,4646,4602,0,separate,-0.13390804597701153,baihua-like,4350,0.10781609195402299,0.019770114942528734,22.230366492146597,0,0
中華民國公有領域,187751,中華民國四十年國慶紀念告全國軍民同胞書,中華民國四十年國慶紀念告全國軍民同胞書,中華民國四十年國慶紀念告全國軍民同胞書,1,scrape_output\raw\中華民國公有領域\中華民國四十年國慶紀念告全國軍民同胞書\中華民國四十年國慶紀念告全國軍民同胞書__juan_01.txt,scrape_output\clean\中華民國公有領域\中華民國四十年國慶紀念告全國軍民同胞書\中華民國四十年國慶紀念告全國軍民同胞書__juan_01.txt,3309,3265,0,separate,0.1051823416506718,wenyan-like,3126,0.07837492002559181,0.02015355086372361,25.73949579831933,0,0
中華民國公有領域,1087267,中華民國國務院、參謀部、陸軍部通電各省爲收束軍隊經國務會議議決裁汰輸卒核減軍費,中華民國國務院、參謀部、陸軍部通電各省爲收束軍隊經國務會議議決裁汰輸卒核減軍費,中華民國國務院、參謀部、陸軍部通電各省爲收束軍隊經國務會議議決裁汰輸卒核減軍費,1,scrape_output\suspected_baihua\raw\中華民國公有領域\中華民國國務院、參謀部、陸軍部通電各省爲收束軍隊經國務會議議決裁汰輸卒核減軍費\中華民國國務院、參謀部、陸軍部通電各省爲收束軍隊經國務會議議決裁汰輸卒核減軍費__juan_01.txt,scrape_output\suspected_baihua\clean\中華民國公有領域\中華民國國務院、參謀部、陸軍部通電各省爲收束軍隊經國務會議議決裁汰輸卒核減軍費\中華民國國務院、參謀部、陸軍部通電各省爲收束軍隊經國務會議議決裁汰輸卒核減軍費__juan_01.txt,1004,961,0,separate,-0.026696329254727466,baihua-like,899,0.03114571746384872,0.03337041156840934,9.188888888888888,0,0
中華民國公有領域,1077071,中華民國國務院抄錄京師蘇俄共和紀念日講演大會報告、過激兩黨大略情形、京畿衛戍總司令陳情書達內務部,中華民國國務院抄錄京師蘇俄共和紀念日講演大會報告、過激兩黨大略情形、京畿衛戍總司令陳情書達內務部,中華民國國務院抄錄京師蘇俄共和紀念日講演大會報告、過激兩黨大略情形、京畿衛戍總司令陳情書達內務部,1,scrape_output\raw\中華民國公有領域\中華民國國務院抄錄京師蘇俄共和紀念日講演大會報告、過激兩黨大略情形、京畿衛戍總司令陳情書達內務部\中華民國國務院抄錄京師蘇俄共和紀念日講演大會報告、過激兩黨大略情形、京畿衛戍總司令陳情書達內務部__juan_01.txt,scrape_output\clean\中華民國公有領域\中華民國國務院抄錄京師蘇俄共和紀念日講演大會報告、過激兩黨大略情形、京畿衛戍總司令陳情書達內務部\中華民國國務院抄錄京師蘇俄共和紀念日講演大會報告、過激兩黨大略情形、京畿衛戍總司令陳情書達內務部__juan_01.txt,3915,3860,0,separate,0.39715512614063336,wenyan-like,3726,0.008588298443370907,0.06146001073537306,25.166666666666668,0,0
中華民國公有領域,1080715,中華民國國務院抄錄淞滬護軍使等為防範五一俄國勞動紀念會大舉擬臨時戒嚴達內務部,中華民國國務院抄錄淞滬護軍使等為防範五一俄國勞動紀念會大舉擬臨時戒嚴達內務部,中華民國國務院抄錄淞滬護軍使等為防範五一俄國勞動紀念會大舉擬臨時戒嚴達內務部,1,scrape_output\raw\中華民國公有領域\中華民國國務院抄錄淞滬護軍使等為防範五一俄國勞動紀念會大舉擬臨時戒嚴達內務部\中華民國國務院抄錄淞滬護軍使等為防範五一俄國勞動紀念會大舉擬臨時戒嚴達內務部__juan_01.txt,scrape_output\clean\中華民國公有領域\中華民國國務院抄錄淞滬護軍使等為防範五一俄國勞動紀念會大舉擬臨時戒嚴達內務部\中華民國國務院抄錄淞滬護軍使等為防範五一俄國勞動紀念會大舉擬臨時戒嚴達內務部__juan_01.txt,1590,1522,0,separate,0.13791755508173417,wenyan-like,1407,0.013503909026297086,0.014214641080312722,15.179775280898877,0,0
中華民國公有領域,1087302,中華民國國務院為述歐洲和會中靑島問題之近狀電致各省 (民國8年5月13日),中華民國國務院為述歐洲和會中靑島問題之近狀電致各省 (民國8年5月13日),中華民國國務院為述歐洲和會中靑島問題之近狀電致各省 (民國8年5月13日),1,scrape_output\suspected_baihua\raw\中華民國公有領域\中華民國國務院為述歐洲和會中靑島問題之近狀電致各省 (民國8年5月13日)\中華民國國務院為述歐洲和會中靑島問題之近狀電致各省 (民國8年5月13日)__juan_01.txt,scrape_output\suspected_baihua\clean\中華民國公有領域\中華民國國務院為述歐洲和會中靑島問題之近狀電致各省 (民國8年5月13日)\中華民國國務院為述歐洲和會中靑島問題之近狀電致各省 (民國8年5月13日)__juan_01.txt,896,850,0,separate,-0.058301647655259824,baihua-like,789,0.03802281368821293,0.02788339670468948,7.966666666666667,0,0
中華民國公有領域,1080582,中華民國國務院秘書廳奉總理交付控告五七軍警摧殘市民書致京師警察廳函,中華民國國務院秘書廳奉總理交付控告五七軍警摧殘市民書致京師警察廳函,中華民國國務院秘書廳奉總理交付控告五七軍警摧殘市民書致京師警察廳函,1,scrape_output\suspected_baihua\raw\中華民國公有領域\中華民國國務院秘書廳奉總理交付控告五七軍警摧殘市民書致京師警察廳函\中華民國國務院秘書廳奉總理交付控告五七軍警摧殘市民書致京師警察廳函__juan_01.txt,scrape_output\suspected_baihua\clean\中華民國公有領域\中華民國國務院秘書廳奉總理交付控告五七軍警摧殘市民書致京師警察廳函\中華民國國務院秘書廳奉總理交付控告五七軍警摧殘市民書致京師警察廳函__juan_01.txt,1131,1060,0,separate,-0.003147953830010486,baihua-like,953,0.02833158447009444,0.040923399790136414,14.375,0,0
中華民國公有領域,1064308,中華民國國務院議決拿獲京漢罷工首要路工發交軍法處從嚴審處,中華民國國務院議決拿獲京漢罷工首要路工發交軍法處從嚴審處,中華民國國務院議決拿獲京漢罷工首要路工發交軍法處從嚴審處,1,scrape_output\suspected_baihua\raw\中華民國公有領域\中華民國國務院議決拿獲京漢罷工首要路工發交軍法處從嚴審處\中華民國國務院議決拿獲京漢罷工首要路工發交軍法處從嚴審處__juan_01.txt,scrape_output\suspected_baihua\clean\中華民國公有領域\中華民國國務院議決拿獲京漢罷工首要路工發交軍法處從嚴審處\中華民國國務院議決拿獲京漢罷工首要路工發交軍法處從嚴審處__juan_01.txt,525,482,0,separate,-0.05463182897862232,baihua-like,421,0.035629453681710214,0.026128266033254157,10.605263157894736,0,0
中華民國公有領域,1064507,中華民國國務院議決由內務部嚴令各警廳取締煽亂行動,中華民國國務院議決由內務部嚴令各警廳取締煽亂行動,中華民國國務院議決由內務部嚴令各警廳取締煽亂行動,1,scrape_output\suspected_baihua\raw\中華民國公有領域\中華民國國務院議決由內務部嚴令各警廳取締煽亂行動\中華民國國務院議決由內務部嚴令各警廳取締煽亂行動__juan_01.txt,scrape_output\suspected_baihua\clean\中華民國公有領域\中華民國國務院議決由內務部嚴令各警廳取締煽亂行動\中華民國國務院議決由內務部嚴令各警廳取締煽亂行動__juan_01.txt,512,468,0,separate,-0.05955334987593052,baihua-like,403,0.03970223325062035,0.02977667493796526,11.142857142857142,0,0
中華民國公有領域,1204972,中華民國國務院通緝鮑羅廷令,中華民國國務院通緝鮑羅廷令,中華民國國務院通緝鮑羅廷令,1,scrape_output\suspected_baihua\raw\中華民國公有領域\中華民國國務院通緝鮑羅廷令\中華民國國務院通緝鮑羅廷令__juan_01.txt,scrape_output\suspected_baihua\clean\中華民國公有領域\中華民國國務院通緝鮑羅廷令\中華民國國務院通緝鮑羅廷令__juan_01.txt,550,507,0,separate,-0.03348214285714286,baihua-like,448,0.033482142857142856,0.033482142857142856,14.03225806451613,0,0
中華民國公有領域,1088730,中華民國國務院通電各省禁止排斥日貨 (民國8年7月6日),中華民國國務院通電各省禁止排斥日貨 (民國8年7月6日),中華民國國務院通電各省禁止排斥日貨 (民國8年7月6日),1,scrape_output\suspected_baihua\raw\中華民國公有領域\中華民國國務院通電各省禁止排斥日貨 (民國8年7月6日)\中華民國國務院通電各省禁止排斥日貨 (民國8年7月6日)__juan_01.txt,scrape_output\suspected_baihua\clean\中華民國公有領域\中華民國國務院通電各省禁止排斥日貨 (民國8年7月6日)\中華民國國務院通電各省禁止排斥日貨 (民國8年7月6日)__juan_01.txt,523,477,0,separate,-0.04807692307692308,baihua-like,416,0.03365384615384615,0.026442307692307692,9.093023255813954,0,0
中華民國公有領域,1064505,中華民國國會討論京漢鐵路工潮問題的報告,中華民國國會討論京漢鐵路工潮問題的報告,中華民國國會討論京漢鐵路工潮問題的報告,1,scrape_output\raw\中華民國公有領域\中華民國國會討論京漢鐵路工潮問題的報告\中華民國國會討論京漢鐵路工潮問題的報告__juan_01.txt,scrape_output\clean\中華民國公有領域\中華民國國會討論京漢鐵路工潮問題的報告\中華民國國會討論京漢鐵路工潮問題的報告__juan_01.txt,1173,1101,0,separate,0.16185770750988143,wenyan-like,1012,0.019762845849802372,0.03557312252964427,17.78181818181818,0,0
中華民國公有領域,1210498,中華民國國民大會關於大陸民運呼籲書,中華民國國民大會關於大陸民運呼籲書,中華民國國民大會關於大陸民運呼籲書,1,scrape_output\raw\中華民國公有領域\中華民國國民大會關於大陸民運呼籲書\中華民國國民大會關於大陸民運呼籲書__juan_01.txt,scrape_output\clean\中華民國公有領域\中華民國國民大會關於大陸民運呼籲書\中華民國國民大會關於大陸民運呼籲書__juan_01.txt,637,594,0,separate,0.09318181818181817,wenyan-like,528,0.041666666666666664,0.03409090909090909,16.125,0,0
中華民國公有領域,1086614,中華民國國民政府秘書處公函第一四〇五號,中華民國國民政府秘書處公函第一四〇五號,中華民國國民政府秘書處公函第一四〇五號,1,scrape_output\suspected_baihua\raw\中華民國公有領域\中華民國國民政府秘書處公函第一四〇五號\中華民國國民政府秘書處公函第一四〇五號__juan_01.txt,scrape_output\suspected_baihua\clean\中華民國公有領域\中華民國國民政府秘書處公函第一四〇五號\中華民國國民政府秘書處公函第一四〇五號__juan_01.txt,535,492,0,separate,-0.05072463768115943,baihua-like,414,0.036231884057971016,0.028985507246376812,10.384615384615385,0,0
中華民國公有領域,1068046,中華民國外交部、內務部、財政部、農商部為設法銷弭抵制日貨呈大總統函,中華民國外交部、內務部、財政部、農商部為設法銷弭抵制日貨呈大總統函,中華民國外交部、內務部、財政部、農商部為設法銷弭抵制日貨呈大總統函,1,scrape_output\raw\中華民國公有領域\中華民國外交部、內務部、財政部、農商部為設法銷弭抵制日貨呈大總統函\中華民國外交部、內務部、財政部、農商部為設法銷弭抵制日貨呈大總統函__juan_01.txt,scrape_output\clean\中華民國公有領域\中華民國外交部、內務部、財政部、農商部為設法銷弭抵制日貨呈大總統函\中華民國外交部、內務部、財政部、農商部為設法銷弭抵制日貨呈大總統函__juan_01.txt,983,939,0,separate,0.18023255813953487,wenyan-like,860,0.020930232558139535,0.046511627906976744,17.5,0,0
中華民國公有領域,1087262,中華民國外交部回應駐京日使向部提出日本代表與中國代表在巴黎和會發言交涉山東問題之聲明,中華民國外交部回應駐京日使向部提出日本代表與中國代表在巴黎和會發言交涉山東問題之聲明,中華民國外交部回應駐京日使向部提出日本代表與中國代表在巴黎和會發言交涉山東問題之聲明,1,scrape_output\raw\中華民國公有領域\中華民國外交部回應駐京日使向部提出日本代表與中國代表在巴黎和會發言交涉山東問題之聲明\中華民國外交部回應駐京日使向部提出日本代表與中國代表在巴黎和會發言交涉山東問題之聲明__juan_01.txt,scrape_output\clean\中華民國公有領域\中華民國外交部回應駐京日使向部提出日本代表與中國代表在巴黎和會發言交涉山東問題之聲明\中華民國外交部回應駐京日使向部提出日本代表與中國代表在巴黎和會發言交涉山東問題之聲明__juan_01.txt,1230,1187,0,separate,0.04964539007092199,wenyan-like,1128,0.01950354609929078,0.054078014184397165,9.232142857142858,0,0
中華民國公有領域,1068011,中華民國外交部應訓電警告排日激烈致內務部查照轉飭各團體對外言論審慎函,中華民國外交部應訓電警告排日激烈致內務部查照轉飭各團體對外言論審慎函,中華民國外交部應訓電警告排日激烈致內務部查照轉飭各團體對外言論審慎函,1,scrape_output\suspected_baihua\raw\中華民國公有領域\中華民國外交部應訓電警告排日激烈致內務部查照轉飭各團體對外言論審慎函\中華民國外交部應訓電警告排日激烈致內務部查照轉飭各團體對外言論審慎函__juan_01.txt,scrape_output\suspected_baihua\clean\中華民國公有領域\中華民國外交部應訓電警告排日激烈致內務部查照轉飭各團體對外言論審慎函\中華民國外交部應訓電警告排日激烈致內務部查照轉飭各團體對外言論審慎函__juan_01.txt,632,589,0,separate,-0.0421455938697318,baihua-like,522,0.034482758620689655,0.03065134099616858,13.342105263157896,0,0
中華民國公有領域,1087303,中華民國外交部通電各省設法嚴行取締侮辱友邦國徽及君主肖像情事,中華民國外交部通電各省設法嚴行取締侮辱友邦國徽及君主肖像情事,中華民國外交部通電各省設法嚴行取締侮辱友邦國徽及君主肖像情事,1,scrape_output\suspected_baihua\raw\中華民國公有領域\中華民國外交部通電各省設法嚴行取締侮辱友邦國徽及君主肖像情事\中華民國外交部通電各省設法嚴行取締侮辱友邦國徽及君主肖像情事__juan_01.txt,scrape_output\suspected_baihua\clean\中華民國公有領域\中華民國外交部通電各省設法嚴行取締侮辱友邦國徽及君主肖像情事\中華民國外交部通電各省設法嚴行取締侮辱友邦國徽及君主肖像情事__juan_01.txt,646,600,0,separate,-0.04267161410018554,baihua-like,539,0.03153988868274583,0.025974025974025976,9.314814814814815,0,0
中華民國公有領域,1078392,中華民國外交部通電廢止中日條約及換文之聲明,中華民國外交部通電廢止中日條約及換文之聲明,中華民國外交部通電廢止中日條約及換文之聲明,1,scrape_output\raw\中華民國公有領域\中華民國外交部通電廢止中日條約及換文之聲明\中華民國外交部通電廢止中日條約及換文之聲明__juan_01.txt,scrape_output\clean\中華民國公有領域\中華民國外交部通電廢止中日條約及換文之聲明\中華民國外交部通電廢止中日條約及換文之聲明__juan_01.txt,1421,1378,0,separate,0.15612088752869166,wenyan-like,1307,0.016832440703902066,0.028309104820198928,22.732142857142858,0,0
中華民國公有領域,1087227,中華民國大總統代理馮國璋通電各省督軍省長等說明危殆情形及求去之意籌商解決時局辦法,中華民國大總統代理馮國璋通電各省督軍省長等說明危殆情形及求去之意籌商解決時局辦法,中華民國大總統代理馮國璋通電各省督軍省長等說明危殆情形及求去之意籌商解決時局辦法,1,scrape_output\raw\中華民國公有領域\中華民國大總統代理馮國璋通電各省督軍省長等說明危殆情形及求去之意籌商解決時局辦法\中華民國大總統代理馮國璋通電各省督軍省長等說明危殆情形及求去之意籌商解決時局辦法__juan_01.txt,scrape_output\clean\中華民國公有領域\中華民國大總統代理馮國璋通電各省督軍省長等說明危殆情形及求去之意籌商解決時局辦法\中華民國大總統代理馮國璋通電各省督軍省長等說明危殆情形及求去之意籌商解決時局辦法__juan_01.txt,2384,2341,0,separate,0.0553116769095698,wenyan-like,2278,0.014047410008779631,0.048726953467954345,6.223270440251572,0,0
中華民國公有領域,1087243,中華民國大總統徐世昌在慶賀協約國勝利大會之演說,中華民國大總統徐世昌在慶賀協約國勝利大會之演說,中華民國大總統徐世昌在慶賀協約國勝利大會之演說,1,scrape_output\raw\中華民國公有領域\中華民國大總統徐世昌在慶賀協約國勝利大會之演說\中華民國大總統徐世昌在慶賀協約國勝利大會之演說__juan_01.txt,scrape_output\clean\中華民國公有領域\中華民國大總統徐世昌在慶賀協約國勝利大會之演說\中華民國大總統徐世昌在慶賀協約國勝利大會之演說__juan_01.txt,2718,2675,0,separate,0.09957545349285991,wenyan-like,2591,0.013894249324585103,0.07062910073330761,6.546242774566474,0,0
中華民國公有領域,1087240,中華民國大總統徐世昌為廣東軍政府等主在上海租界開和平會議等事覆電,中華民國大總統徐世昌為廣東軍政府等主在上海租界開和平會議等事覆電,中華民國大總統徐世昌為廣東軍政府等主在上海租界開和平會議等事覆電,1,scrape_output\raw\中華民國公有領域\中華民國大總統徐世昌為廣東軍政府等主在上海租界開和平會議等事覆電\中華民國大總統徐世昌為廣東軍政府等主在上海租界開和平會議等事覆電__juan_01.txt,scrape_output\clean\中華民國公有領域\中華民國大總統徐世昌為廣東軍政府等主在上海租界開和平會議等事覆電\中華民國大總統徐世昌為廣東軍政府等主在上海租界開和平會議等事覆電__juan_01.txt,1318,1275,0,separate,0.02314049586776859,wenyan-like,1210,0.019834710743801654,0.04132231404958678,7.139072847682119,0,0
中華民國公有領域,1004306,中華民國對南海問題之立場聲明,中華民國對南海問題之立場聲明,中華民國對南海問題之立場聲明,1,scrape_output\raw\中華民國公有領域\中華民國對南海問題之立場聲明\中華民國對南海問題之立場聲明__juan_01.txt,scrape_output\clean\中華民國公有領域\中華民國對南海問題之立場聲明\中華民國對南海問題之立場聲明__juan_01.txt,2199,2000,0,separate,0.31154249737670514,wenyan-like,1906,0.015739769150052464,0.02938090241343127,30.274193548387096,0,0
中華民國公有領域,1170825,中華民國對外條約輯編,中華民國對外條約輯編/第二十四編,中華民國對外條約輯編,1,scrape_output\suspected_baihua\raw\中華民國公有領域\中華民國對外條約輯編\中華民國對外條約輯編__juan_01.txt,scrape_output\suspected_baihua\clean\中華民國公有領域\中華民國對外條約輯編\中華民國對外條約輯編__juan_01.txt,541,464,0,separate,-0.08740359897172237,baihua-like,389,0.05141388174807198,0.033419023136246784,10.472222222222221,0,0
中華民國公有領域,1145350,中華民國對釣魚臺列嶼的主權主張與東海和平倡議,中華民國對釣魚臺列嶼的主權主張與東海和平倡議,中華民國對釣魚臺列嶼的主權主張與東海和平倡議,1,scrape_output\raw\中華民國公有領域\中華民國對釣魚臺列嶼的主權主張與東海和平倡議\中華民國對釣魚臺列嶼的主權主張與東海和平倡議__juan_01.txt,scrape_output\clean\中華民國公有領域\中華民國對釣魚臺列嶼的主權主張與東海和平倡議\中華民國對釣魚臺列嶼的主權主張與東海和平倡議__juan_01.txt,7587,6796,0,separate,0.053574788334901216,wenyan-like,6378,0.044684854186265284,0.01881467544684854,19.628125,0,0
中華民國公有領域,1191128,中華民國憲法草案 (王寵惠),中華民國憲法草案 (王寵惠),中華民國憲法草案 (王寵惠),1,scrape_output\raw\中華民國公有領域\中華民國憲法草案 (王寵惠)\中華民國憲法草案 (王寵惠)__juan_01.txt,scrape_output\clean\中華民國公有領域\中華民國憲法草案 (王寵惠)\中華民國憲法草案 (王寵惠)__juan_01.txt,2241,2198,0,separate,0.03398058252427184,wenyan-like,1854,0.024271844660194174,0.05339805825242718,12.545454545454545,0,0
中華民國公有領域,1097057,中華民國政府對「九七」香港情勢的立場與政策說帖,中華民國政府對「九七」香港情勢的立場與政策說帖,中華民國政府對「九七」香港情勢的立場與政策說帖,1,scrape_output\raw\中華民國公有領域\中華民國政府對「九七」香港情勢的立場與政策說帖\中華民國政府對「九七」香港情勢的立場與政策說帖__juan_01.txt,scrape_output\clean\中華民國公有領域\中華民國政府對「九七」香港情勢的立場與政策說帖\中華民國政府對「九七」香港情勢的立場與政策說帖__juan_01.txt,7506,7459,0,separate,0.161887628009964,wenyan-like,7226,0.05978411292554664,0.020619983393301965,45.06962025316456,0,0
中華民國公有領域,201994,中華民國政府對「南海仲裁案」之立場,中華民國政府對「南海仲裁案」之立場,中華民國政府對「南海仲裁案」之立場,1,scrape_output\raw\中華民國公有領域\中華民國政府對「南海仲裁案」之立場\中華民國政府對「南海仲裁案」之立場__juan_01.txt,scrape_output\clean\中華民國公有領域\中華民國政府對「南海仲裁案」之立場\中華民國政府對「南海仲裁案」之立場__juan_01.txt,796,752,0,separate,0.07171344165435745,wenyan-like,677,0.04874446085672083,0.033973412112259974,18.333333333333332,0,0
中華民國公有領域,1210468,中華民國政府支持大陸民運聲明,中華民國政府支持大陸民運聲明,中華民國政府支持大陸民運聲明,1,scrape_output\raw\中華民國公有領域\中華民國政府支持大陸民運聲明\中華民國政府支持大陸民運聲明__juan_01.txt,scrape_output\clean\中華民國公有領域\中華民國政府支持大陸民運聲明\中華民國政府支持大陸民運聲明__juan_01.txt,898,855,0,separate,0.0689873417721519,wenyan-like,790,0.043037974683544304,0.024050632911392405,21.47222222222222,0,0
中華民國公有領域,1033800,中華民國政府聯合委員會成立宣言,中華民國政府聯合委員會成立宣言,中華民國政府聯合委員會成立宣言,1,scrape_output\raw\中華民國公有領域\中華民國政府聯合委員會成立宣言\中華民國政府聯合委員會成立宣言__juan_01.txt,scrape_output\clean\中華民國公有領域\中華民國政府聯合委員會成立宣言\中華民國政府聯合委員會成立宣言__juan_01.txt,1065,1022,0,separate,0.20515088449531738,wenyan-like,961,0.019771071800208116,0.05723204994797086,18.979591836734695,0,0
中華民國公有領域,1210473,中華民國政府聲援黃德北被中共逮捕事件聲明,中華民國政府聲援黃德北被中共逮捕事件聲明,中華民國政府聲援黃德北被中共逮捕事件聲明,1,scrape_output\raw\中華民國公有領域\中華民國政府聲援黃德北被中共逮捕事件聲明\中華民國政府聲援黃德北被中共逮捕事件聲明__juan_01.txt,scrape_output\clean\中華民國公有領域\中華民國政府聲援黃德北被中共逮捕事件聲明\中華民國政府聲援黃德北被中共逮捕事件聲明__juan_01.txt,720,677,0,separate,0.15491803278688526,wenyan-like,610,0.02459016393442623,0.03934426229508197,18.060606060606062,0,0
中華民國公有領域,1210472,中華民國政府譴責中共處決民運人士聲明,中華民國政府譴責中共處決民運人士聲明,中華民國政府譴責中共處決民運人士聲明,1,scrape_output\raw\中華民國公有領域\中華民國政府譴責中共處決民運人士聲明\中華民國政府譴責中共處決民運人士聲明__juan_01.txt,scrape_output\clean\中華民國公有領域\中華民國政府譴責中共處決民運人士聲明\中華民國政府譴責中共處決民運人士聲明__juan_01.txt,955,911,0,separate,0.09299287410926364,wenyan-like,842,0.040380047505938245,0.032066508313539195,21.102564102564102,0,0
中華民國公有領域,1204367,中華民國新民會宣言,中華民國新民會宣言,中華民國新民會宣言,1,scrape_output\raw\中華民國公有領域\中華民國新民會宣言\中華民國新民會宣言__juan_01.txt,scrape_output\clean\中華民國公有領域\中華民國新民會宣言\中華民國新民會宣言__juan_01.txt,909,866,0,separate,0.22970112079701122,wenyan-like,803,0.017434620174346202,0.0660024906600249,20.102564102564102,0,0
中華民國公有領域,1218642,中華民國東北解放區與北朝鮮間通郵通電臨時協定,中華民國東北解放區與北朝鮮間通郵通電臨時協定,中華民國東北解放區與北朝鮮間通郵通電臨時協定,1,scrape_output\suspected_baihua\raw\中華民國公有領域\中華民國東北解放區與北朝鮮間通郵通電臨時協定\中華民國東北解放區與北朝鮮間通郵通電臨時協定__juan_01.txt,scrape_output\suspected_baihua\clean\中華民國公有領域\中華民國東北解放區與北朝鮮間通郵通電臨時協定\中華民國東北解放區與北朝鮮間通郵通電臨時協定__juan_01.txt,1491,1448,0,separate,-0.006264682850430692,baihua-like,1277,0.028191072826938137,0.03915426781519186,14.797619047619047,0,0
中華民國公有領域,1218649,中華民國東北解放區與北朝鮮間通郵通電臨時協定施行細則,中華民國東北解放區與北朝鮮間通郵通電臨時協定施行細則,中華民國東北解放區與北朝鮮間通郵通電臨時協定施行細則,1,scrape_output\raw\中華民國公有領域\中華民國東北解放區與北朝鮮間通郵通電臨時協定施行細則\中華民國東北解放區與北朝鮮間通郵通電臨時協定施行細則__juan_01.txt,scrape_output\clean\中華民國公有領域\中華民國東北解放區與北朝鮮間通郵通電臨時協定施行細則\中華民國東北解放區與北朝鮮間通郵通電臨時協定施行細則__juan_01.txt,2920,2794,0,separate,0.011054421768707481,wenyan-like,2352,0.023809523809523808,0.04124149659863945,12.895604395604396,0,0
中華民國公有領域,1210474,中華民國立法院支援大陸民運聲明,中華民國立法院支援大陸民運聲明,中華民國立法院支援大陸民運聲明,1,scrape_output\suspected_baihua\raw\中華民國公有領域\中華民國立法院支援大陸民運聲明\中華民國立法院支援大陸民運聲明__juan_01.txt,scrape_output\suspected_baihua\clean\中華民國公有領域\中華民國立法院支援大陸民運聲明\中華民國立法院支援大陸民運聲明__juan_01.txt,702,659,0,separate,-0.07903780068728522,baihua-like,582,0.041237113402061855,0.022336769759450172,14.81578947368421,0,0
中華民國公有領域,196649,中華民國第一任總統就職演說,中華民國第一任總統就職演說,中華民國第一任總統就職演說,1,scrape_output\raw\中華民國公有領域\中華民國第一任總統就職演說\中華民國第一任總統就職演說__juan_01.txt,scrape_output\clean\中華民國公有領域\中華民國第一任總統就職演說\中華民國第一任總統就職演說__juan_01.txt,4248,4205,0,separate,0.054804183896862035,wenyan-like,4111,0.092434930673802,0.016054487959134032,44.40659340659341,0,0
中華民國公有領域,196654,中華民國第七任總統就職演說,中華民國第七任總統就職演說,中華民國第七任總統就職演說,1,scrape_output\raw\中華民國公有領域\中華民國第七任總統就職演說\中華民國第七任總統就職演說__juan_01.txt,scrape_output\clean\中華民國公有領域\中華民國第七任總統就職演說\中華民國第七任總統就職演說__juan_01.txt,1629,1586,0,separate,0.16216216216216217,wenyan-like,1480,0.05810810810810811,0.018243243243243244,30.3125,0,0
中華民國公有領域,196650,中華民國第三任總統就職演說,中華民國第三任總統就職演說,中華民國第三任總統就職演說,1,scrape_output\raw\中華民國公有領域\中華民國第三任總統就職演說\中華民國第三任總統就職演說__juan_01.txt,scrape_output\clean\中華民國公有領域\中華民國第三任總統就職演說\中華民國第三任總統就職演說__juan_01.txt,3401,3358,0,separate,0.11731654897144611,wenyan-like,3257,0.07706478354313785,0.024255449800429842,39.95,0,0
中華民國公有領域,50658,中華民國第九任總統就職演說,中華民國第九任總統就職演說,中華民國第九任總統就職演說,1,scrape_output\raw\中華民國公有領域\中華民國第九任總統就職演說\中華民國第九任總統就職演說__juan_01.txt,scrape_output\clean\中華民國公有領域\中華民國第九任總統就職演說\中華民國第九任總統就職演說__juan_01.txt,4925,4882,0,separate,0.06332120693344748,wenyan-like,4673,0.08816606034667238,0.013909693986732292,34.82442748091603,0,0
中華民國公有領域,196648,中華民國第二任總統就職演說,中華民國第二任總統就職演說,中華民國第二任總統就職演說,1,scrape_output\raw\中華民國公有領域\中華民國第二任總統就職演說\中華民國第二任總統就職演說__juan_01.txt,scrape_output\clean\中華民國公有領域\中華民國第二任總統就職演說\中華民國第二任總統就職演說__juan_01.txt,3091,3048,0,separate,0.05987738419618527,wenyan-like,2936,0.09502724795640327,0.022479564032697547,37.9078947368421,0,0
中華民國公有領域,196652,中華民國第五任總統就職演說,中華民國第五任總統就職演說,中華民國第五任總統就職演說,1,scrape_output\raw\中華民國公有領域\中華民國第五任總統就職演說\中華民國第五任總統就職演說__juan_01.txt,scrape_output\clean\中華民國公有領域\中華民國第五任總統就職演說\中華民國第五任總統就職演說__juan_01.txt,1457,1414,0,separate,0.18120300751879703,wenyan-like,1330,0.06616541353383458,0.03984962406015038,32.8,0,0
中華民國公有領域,50785,中華民國第八任總統就職演說,中華民國第八任總統就職演說,中華民國第八任總統就職演說,1,scrape_output\raw\中華民國公有領域\中華民國第八任總統就職演說\中華民國第八任總統就職演說__juan_01.txt,scrape_output\clean\中華民國公有領域\中華民國第八任總統就職演說\中華民國第八任總統就職演說__juan_01.txt,3469,3426,0,separate,0.11667170039263064,wenyan-like,3311,0.07037148897614014,0.01389308366052552,36.88636363636363,0,0
中華民國公有領域,196653,中華民國第六任總統就職演說,中華民國第六任總統就職演說,中華民國第六任總統就職演說,1,scrape_output\raw\中華民國公有領域\中華民國第六任總統就職演說\中華民國第六任總統就職演說__juan_01.txt,scrape_output\clean\中華民國公有領域\中華民國第六任總統就職演說\中華民國第六任總統就職演說__juan_01.txt,2600,2557,0,separate,0.07818930041152261,wenyan-like,2430,0.08436213991769548,0.015637860082304528,42.875,0,0
中華民國公有領域,1034176,中華民國第十五任總統就職演說,中華民國第十五任總統就職演說,中華民國第十五任總統就職演說,1,scrape_output\raw\中華民國公有領域\中華民國第十五任總統就職演說\中華民國第十五任總統就職演說__juan_01.txt,scrape_output\clean\中華民國公有領域\中華民國第十五任總統就職演說\中華民國第十五任總統就職演說__juan_01.txt,6527,6466,0,separate,0.0412711182622687,wenyan-like,6215,0.09364440868865648,0.011102172164119066,30.09452736318408,0,0
中華民國公有領域,17110,中華民國第十任總統就職演說,中華民國第十任總統就職演說,中華民國第十任總統就職演說,1,scrape_output\raw\中華民國公有領域\中華民國第十任總統就職演說\中華民國第十任總統就職演說__juan_01.txt,scrape_output\clean\中華民國公有領域\中華民國第十任總統就職演說\中華民國第十任總統就職演說__juan_01.txt,5963,5916,0,separate,0.017094774136403867,wenyan-like,5645,0.10434012400354296,0.015057573073516387,37.02013422818792,0,0
中華民國公有領域,1158067,中華民國第十六任總統就職演說,中華民國第十六任總統就職演說,中華民國第十六任總統就職演說,1,scrape_output\raw\中華民國公有領域\中華民國第十六任總統就職演說\中華民國第十六任總統就職演說__juan_01.txt,scrape_output\clean\中華民國公有領域\中華民國第十六任總統就職演說\中華民國第十六任總統就職演說__juan_01.txt,5927,5832,0,separate,0.07926720285969616,wenyan-like,5595,0.08275245755138516,0.013762287756925827,34.575949367088604,0,0
中華民國公有領域,200614,中華民國第十四任總統就職演說,中華民國第十四任總統就職演說,中華民國第十四任總統就職演說,1,scrape_output\suspected_baihua\raw\中華民國公有領域\中華民國第十四任總統就職演說\中華民國第十四任總統就職演說__juan_01.txt,scrape_output\suspected_baihua\clean\中華民國公有領域\中華民國第十四任總統就職演說\中華民國第十四任總統就職演說__juan_01.txt,6795,6679,0,separate,-0.026224694792149617,baihua-like,6471,0.11636532220676866,0.011435635914078195,27.232758620689655,0,0
中華民國公有領域,196651,中華民國第四任總統就職演說,中華民國第四任總統就職演說,中華民國第四任總統就職演說,1,scrape_output\raw\中華民國公有領域\中華民國第四任總統就職演說\中華民國第四任總統就職演說__juan_01.txt,scrape_output\clean\中華民國公有領域\中華民國第四任總統就職演說\中華民國第四任總統就職演說__juan_01.txt,4254,4211,0,separate,0.12288094071533559,wenyan-like,4082,0.08206761391474768,0.03454189122978932,44.120879120879124,0,0
中華民國公有領域,1066780,中華民國臨時副總統為會師兜剿白朗各隊伍應否責成一軍致大總統函,中華民國臨時副總統為會師兜剿白朗各隊伍應否責成一軍致大總統函,中華民國臨時副總統為會師兜剿白朗各隊伍應否責成一軍致大總統函,1,scrape_output\raw\中華民國公有領域\中華民國臨時副總統為會師兜剿白朗各隊伍應否責成一軍致大總統函\中華民國臨時副總統為會師兜剿白朗各隊伍應否責成一軍致大總統函__juan_01.txt,scrape_output\clean\中華民國公有領域\中華民國臨時副總統為會師兜剿白朗各隊伍應否責成一軍致大總統函\中華民國臨時副總統為會師兜剿白朗各隊伍應否責成一軍致大總統函__juan_01.txt,823,778,0,separate,0.1260900140646976,wenyan-like,711,0.02390998593530239,0.02390998593530239,16.804878048780488,0,0
中華民國公有領域,871061,中華民國與尼日共和國恢復外交關係聯合公報,中華民國與尼日共和國恢復外交關係聯合公報,中華民國與尼日共和國恢復外交關係聯合公報,1,scrape_output\suspected_baihua\raw\中華民國公有領域\中華民國與尼日共和國恢復外交關係聯合公報\中華民國與尼日共和國恢復外交關係聯合公報__juan_01.txt,scrape_output\suspected_baihua\clean\中華民國公有領域\中華民國與尼日共和國恢復外交關係聯合公報\中華民國與尼日共和國恢復外交關係聯合公報__juan_01.txt,550,507,0,separate,-0.03603603603603603,baihua-like,444,0.03153153153153153,0.02927927927927928,13.903225806451612,0,0
中華民國公有領域,891796,中華民國與聖露西亞恢復外交關係聯合公報,中華民國與聖露西亞恢復外交關係聯合公報,中華民國與聖露西亞恢復外交關係聯合公報,1,scrape_output\suspected_baihua\raw\中華民國公有領域\中華民國與聖露西亞恢復外交關係聯合公報\中華民國與聖露西亞恢復外交關係聯合公報__juan_01.txt,scrape_output\suspected_baihua\clean\中華民國公有領域\中華民國與聖露西亞恢復外交關係聯合公報\中華民國與聖露西亞恢復外交關係聯合公報__juan_01.txt,520,460,0,separate,-0.045112781954887216,baihua-like,399,0.03508771929824561,0.03007518796992481,12.933333333333334,0,0
中華民國公有領域,1086239,中華民國與英商克里斯浦銀行團借款合同,中華民國與英商克里斯浦銀行團借款合同,中華民國與英商克里斯浦銀行團借款合同,1,scrape_output\suspected_baihua\raw\中華民國公有領域\中華民國與英商克里斯浦銀行團借款合同\中華民國與英商克里斯浦銀行團借款合同__juan_01.txt,scrape_output\suspected_baihua\clean\中華民國公有領域\中華民國與英商克里斯浦銀行團借款合同\中華民國與英商克里斯浦銀行團借款合同__juan_01.txt,1422,1379,0,separate,-0.018619084561675728,baihua-like,1289,0.027928626842513578,0.032583397982932506,11.055045871559633,0,0
中華民國公有領域,111476,中華民國與蘇維埃社會主義共和國聯邦關於中國長春鐵路之協定,中華民國與蘇維埃社會主義共和國聯邦關於中國長春鐵路之協定,中華民國與蘇維埃社會主義共和國聯邦關於中國長春鐵路之協定,1,scrape_output\raw\中華民國公有領域\中華民國與蘇維埃社會主義共和國聯邦關於中國長春鐵路之協定\中華民國與蘇維埃社會主義共和國聯邦關於中國長春鐵路之協定__juan_01.txt,scrape_output\clean\中華民國公有領域\中華民國與蘇維埃社會主義共和國聯邦關於中國長春鐵路之協定\中華民國與蘇維埃社會主義共和國聯邦關於中國長春鐵路之協定__juan_01.txt,2473,2422,0,separate,0.02120315581854043,wenyan-like,2028,0.016272189349112426,0.035009861932938854,14.119718309859154,0,0
中華民國公有領域,871063,中華民國與貝里斯建立外交關係聯合公報,中華民國與貝里斯建立外交關係聯合公報,中華民國與貝里斯建立外交關係聯合公報,1,scrape_output\suspected_baihua\raw\中華民國公有領域\中華民國與貝里斯建立外交關係聯合公報\中華民國與貝里斯建立外交關係聯合公報__juan_01.txt,scrape_output\suspected_baihua\clean\中華民國公有領域\中華民國與貝里斯建立外交關係聯合公報\中華民國與貝里斯建立外交關係聯合公報__juan_01.txt,540,497,0,separate,-0.03211009174311927,baihua-like,436,0.03211009174311927,0.03211009174311927,14.133333333333333,0,0
中華民國公有領域,871062,中華民國與賴比瑞亞共和國恢復外交關係聯合公報,中華民國與賴比瑞亞共和國恢復外交關係聯合公報,中華民國與賴比瑞亞共和國恢復外交關係聯合公報,1,scrape_output\suspected_baihua\raw\中華民國公有領域\中華民國與賴比瑞亞共和國恢復外交關係聯合公報\中華民國與賴比瑞亞共和國恢復外交關係聯合公報__juan_01.txt,scrape_output\suspected_baihua\clean\中華民國公有領域\中華民國與賴比瑞亞共和國恢復外交關係聯合公報\中華民國與賴比瑞亞共和國恢復外交關係聯合公報__juan_01.txt,582,539,0,separate,-0.02521008403361344,baihua-like,476,0.029411764705882353,0.031512605042016806,14.935483870967742,0,0
中華民國公有領域,870085,中華民國與馬其頓共和國建立外交關係聯合公報,中華民國與馬其頓共和國建立外交關係聯合公報,中華民國與馬其頓共和國建立外交關係聯合公報,1,scrape_output\raw\中華民國公有領域\中華民國與馬其頓共和國建立外交關係聯合公報\中華民國與馬其頓共和國建立外交關係聯合公報__juan_01.txt,scrape_output\clean\中華民國公有領域\中華民國與馬其頓共和國建立外交關係聯合公報\中華民國與馬其頓共和國建立外交關係聯合公報__juan_01.txt,636,593,0,separate,0.1386363636363636,wenyan-like,528,0.026515151515151516,0.03409090909090909,16.0625,0,0
中華民國公有領域,1213632,中華民國與馬拉加西聯合公報,中華民國與馬拉加西聯合公報,中華民國與馬拉加西聯合公報,1,scrape_output\raw\中華民國公有領域\中華民國與馬拉加西聯合公報\中華民國與馬拉加西聯合公報__juan_01.txt,scrape_output\clean\中華民國公有領域\中華民國與馬拉加西聯合公報\中華民國與馬拉加西聯合公報__juan_01.txt,1041,998,0,separate,0.15,wenyan-like,894,0.024608501118568233,0.03691275167785235,18.574468085106382,0,0
中華民國公有領域,871064,中華民國與馬紹爾群島共和國建立外交關係聯合公報,中華民國與馬紹爾群島共和國建立外交關係聯合公報,中華民國與馬紹爾群島共和國建立外交關係聯合公報,1,scrape_output\raw\中華民國公有領域\中華民國與馬紹爾群島共和國建立外交關係聯合公報\中華民國與馬紹爾群島共和國建立外交關係聯合公報__juan_01.txt,scrape_output\clean\中華民國公有領域\中華民國與馬紹爾群島共和國建立外交關係聯合公報\中華民國與馬紹爾群島共和國建立外交關係聯合公報__juan_01.txt,589,546,0,separate,0.1251552795031056,wenyan-like,483,0.028985507246376812,0.031055900621118012,15.161290322580646,0,0
中華民國公有領域,182440,中華民國蘇維埃社會主義共和國聯邦互不侵犯條約,中華民國蘇維埃社會主義共和國聯邦互不侵犯條約,中華民國蘇維埃社會主義共和國聯邦互不侵犯條約,1,scrape_output\raw\中華民國公有領域\中華民國蘇維埃社會主義共和國聯邦互不侵犯條約\中華民國蘇維埃社會主義共和國聯邦互不侵犯條約__juan_01.txt,scrape_output\clean\中華民國公有領域\中華民國蘇維埃社會主義共和國聯邦互不侵犯條約\中華民國蘇維埃社會主義共和國聯邦互不侵犯條約__juan_01.txt,1129,1086,0,separate,0.10525494276795004,wenyan-like,961,0.036420395421436005,0.03225806451612903,22.13953488372093,0,0
中華民國公有領域,107425,中華民國蘇維埃社會主義共和國聯邦友好同盟條約,中華民國蘇維埃社會主義共和國聯邦友好同盟條約/換文,中華民國蘇維埃社會主義共和國聯邦友好同盟條約,1,scrape_output\raw\中華民國公有領域\中華民國蘇維埃社會主義共和國聯邦友好同盟條約\中華民國蘇維埃社會主義共和國聯邦友好同盟條約__juan_01.txt,scrape_output\clean\中華民國公有領域\中華民國蘇維埃社會主義共和國聯邦友好同盟條約\中華民國蘇維埃社會主義共和國聯邦友好同盟條約__juan_01.txt,1460,1407,0,separate,0.007299270072992706,wenyan-like,1233,0.0186536901865369,0.031630170316301706,14.452380952380953,0,0
中華民國公有領域,107424,中華民國蘇維埃社會主義共和國聯邦友好同盟條約及其他有關文件,中華民國蘇維埃社會主義共和國聯邦友好同盟條約及其他有關文件,中華民國蘇維埃社會主義共和國聯邦友好同盟條約及其他有關文件,1,scrape_output\suspected_baihua\raw\中華民國公有領域\中華民國蘇維埃社會主義共和國聯邦友好同盟條約及其他有關文件\中華民國蘇維埃社會主義共和國聯邦友好同盟條約及其他有關文件__juan_01.txt,scrape_output\suspected_baihua\clean\中華民國公有領域\中華民國蘇維埃社會主義共和國聯邦友好同盟條約及其他有關文件\中華民國蘇維埃社會主義共和國聯邦友好同盟條約及其他有關文件__juan_01.txt,577,528,0,separate,-0.033039647577092504,baihua-like,454,0.03303964757709251,0.03303964757709251,11.384615384615385,0,0
中華民國公有領域,1210504,中華民國行政院大陸工作會報協商支援大陸民主運動措施決議,中華民國行政院大陸工作會報協商支援大陸民主運動措施決議,中華民國行政院大陸工作會報協商支援大陸民主運動措施決議,1,scrape_output\raw\中華民國公有領域\中華民國行政院大陸工作會報協商支援大陸民主運動措施決議\中華民國行政院大陸工作會報協商支援大陸民主運動措施決議__juan_01.txt,scrape_output\clean\中華民國公有領域\中華民國行政院大陸工作會報協商支援大陸民主運動措施決議\中華民國行政院大陸工作會報協商支援大陸民主運動措施決議__juan_01.txt,1061,1016,0,separate,0.10410885805763073,wenyan-like,937,0.026680896478121666,0.017075773745997867,22.317073170731707,0,0
中華民國公有領域,1210502,中華民國行政院大陸工作會報支援大陸民主運動措施草案,中華民國行政院大陸工作會報支援大陸民主運動措施草案,中華民國行政院大陸工作會報支援大陸民主運動措施草案,1,scrape_output\raw\中華民國公有領域\中華民國行政院大陸工作會報支援大陸民主運動措施草案\中華民國行政院大陸工作會報支援大陸民主運動措施草案__juan_01.txt,scrape_output\clean\中華民國公有領域\中華民國行政院大陸工作會報支援大陸民主運動措施草案\中華民國行政院大陸工作會報支援大陸民主運動措施草案__juan_01.txt,1201,1135,0,separate,0.08557692307692308,wenyan-like,1040,0.03173076923076923,0.015384615384615385,21.638297872340427,0,0
中華民國公有領域,1210469,中華民國行政院大陸工作會報支援大陸民運聲明,中華民國行政院大陸工作會報支援大陸民運聲明,中華民國行政院大陸工作會報支援大陸民運聲明,1,scrape_output\raw\中華民國公有領域\中華民國行政院大陸工作會報支援大陸民運聲明\中華民國行政院大陸工作會報支援大陸民運聲明__juan_01.txt,scrape_output\clean\中華民國公有領域\中華民國行政院大陸工作會報支援大陸民運聲明\中華民國行政院大陸工作會報支援大陸民運聲明__juan_01.txt,712,667,0,separate,0.06362126245847177,wenyan-like,602,0.04318936877076412,0.02159468438538206,18.40625,0,0
中華民國公有領域,1210503,中華民國行政院支援大陸民運措施,中華民國行政院支援大陸民運措施,中華民國行政院支援大陸民運措施,1,scrape_output\raw\中華民國公有領域\中華民國行政院支援大陸民運措施\中華民國行政院支援大陸民運措施__juan_01.txt,scrape_output\clean\中華民國公有領域\中華民國行政院支援大陸民運措施\中華民國行政院支援大陸民運措施__juan_01.txt,654,611,0,separate,0.06512915129151294,wenyan-like,542,0.04428044280442804,0.023985239852398525,15.5,0,0
中華民國公有領域,1204549,中華民國軍政府組織令,中華民國軍政府組織令,中華民國軍政府組織令,1,scrape_output\raw\中華民國公有領域\中華民國軍政府組織令\中華民國軍政府組織令__juan_01.txt,scrape_output\clean\中華民國公有領域\中華民國軍政府組織令\中華民國軍政府組織令__juan_01.txt,731,677,0,separate,0.0017006802721088454,wenyan-like,588,0.025510204081632654,0.0391156462585034,11.791666666666666,0,0
中華民國公有領域,151296,中華民國退出聯合國告全國同胞書,中華民國退出聯合國告全國同胞書,中華民國退出聯合國告全國同胞書,1,scrape_output\raw\中華民國公有領域\中華民國退出聯合國告全國同胞書\中華民國退出聯合國告全國同胞書__juan_01.txt,scrape_output\clean\中華民國公有領域\中華民國退出聯合國告全國同胞書\中華民國退出聯合國告全國同胞書__juan_01.txt,2566,2521,0,separate,0.1436857260386672,wenyan-like,2431,0.07075277663512958,0.027972027972027972,36.8,0,0
中華民國公有領域,1086133,中華民國隴秦豫海鐵路借款合同,中華民國隴秦豫海鐵路借款合同,中華民國隴秦豫海鐵路借款合同,1,scrape_output\raw\中華民國公有領域\中華民國隴秦豫海鐵路借款合同\中華民國隴秦豫海鐵路借款合同__juan_01.txt,scrape_output\clean\中華民國公有領域\中華民國隴秦豫海鐵路借款合同\中華民國隴秦豫海鐵路借款合同__juan_01.txt,6830,6787,0,separate,0.02996134020618557,wenyan-like,6208,0.014819587628865979,0.03721005154639175,9.007961783439491,0,0
中華民國公有領域,1091697,中華民國駐國際聯盟代表顧維鈞演說制止日本之侵略 (民國27年9月19日),中華民國駐國際聯盟代表顧維鈞演說制止日本之侵略 (民國27年9月19日),中華民國駐國際聯盟代表顧維鈞演說制止日本之侵略 (民國27年9月19日),1,scrape_output\raw\中華民國公有領域\中華民國駐國際聯盟代表顧維鈞演說制止日本之侵略 (民國27年9月19日)\中華民國駐國際聯盟代表顧維鈞演說制止日本之侵略 (民國27年9月19日)__juan_01.txt,scrape_output\clean\中華民國公有領域\中華民國駐國際聯盟代表顧維鈞演說制止日本之侵略 (民國27年9月19日)\中華民國駐國際聯盟代表顧維鈞演說制止日本之侵略 (民國27年9月19日)__juan_01.txt,1500,1455,0,separate,0.16291248206599712,wenyan-like,1394,0.021520803443328552,0.03873744619799139,22.16393442622951,0,0
中華民國公有領域,1091695,中華民國駐法大使顧維鈞請求國際聯盟行政院立卽實施盟約第十七條照會祕書長愛文諾,中華民國駐法大使顧維鈞請求國際聯盟行政院立卽實施盟約第十七條照會祕書長愛文諾,中華民國駐法大使顧維鈞請求國際聯盟行政院立卽實施盟約第十七條照會祕書長愛文諾,1,scrape_output\raw\中華民國公有領域\中華民國駐法大使顧維鈞請求國際聯盟行政院立卽實施盟約第十七條照會祕書長愛文諾\中華民國駐法大使顧維鈞請求國際聯盟行政院立卽實施盟約第十七條照會祕書長愛文諾__juan_01.txt,scrape_output\clean\中華民國公有領域\中華民國駐法大使顧維鈞請求國際聯盟行政院立卽實施盟約第十七條照會祕書長愛文諾\中華民國駐法大使顧維鈞請求國際聯盟行政院立卽實施盟約第十七條照會祕書長愛文諾__juan_01.txt,668,625,0,separate,0.13392857142857142,wenyan-like,560,0.033928571428571426,0.04285714285714286,15.166666666666666,0,0
中華民國公有領域,149095,中華民國駐長崎領事感謝狀,中華民國駐長崎領事感謝狀,中華民國駐長崎領事感謝狀,1,scrape_output\suspected_baihua\raw\中華民國公有領域\中華民國駐長崎領事感謝狀\中華民國駐長崎領事感謝狀__juan_01.txt,scrape_output\suspected_baihua\clean\中華民國公有領域\中華民國駐長崎領事感謝狀\中華民國駐長崎領事感謝狀__juan_01.txt,566,523,0,separate,-0.05909090909090908,baihua-like,440,0.03636363636363636,0.025,11.421052631578947,0,0
中華民國公有領域,114596,为保卫党的总路线、反对右倾机会主义而斗争,为保卫党的总路线、反对右倾机会主义而斗争,为保卫党的总路线、反对右倾机会主义而斗争,1,scrape_output\raw\中華民國公有領域\为保卫党的总路线、反对右倾机会主义而斗争\为保卫党的总路线、反对右倾机会主义而斗争__juan_01.txt,scrape_output\clean\中華民國公有領域\为保卫党的总路线、反对右倾机会主义而斗争\为保卫党的总路线、反对右倾机会主义而斗争__juan_01.txt,4177,4039,0,separate,0.08093561368209254,wenyan-like,3976,0.07821931589537223,0.007796780684104628,43.355555555555554,0,0
中華民國公有領域,1151598,为全面地提早完成和超額完成五年計划而奋斗,为全面地提早完成和超額完成五年計划而奋斗,为全面地提早完成和超額完成五年計划而奋斗,1,scrape_output\raw\中華民國公有領域\为全面地提早完成和超額完成五年計划而奋斗\为全面地提早完成和超額完成五年計划而奋斗__juan_01.txt,scrape_output\clean\中華民國公有領域\为全面地提早完成和超額完成五年計划而奋斗\为全面地提早完成和超額完成五年計划而奋斗__juan_01.txt,6564,6315,0,separate,0.025056506296415926,wenyan-like,6194,0.09864384888601872,0.010494026477236035,39.07051282051282,0,0
中華民國公有領域,1056930,九國公約,九國公約,九國公約,1,scrape_output\raw\中華民國公有領域\九國公約\九國公約__juan_01.txt,scrape_output\clean\中華民國公有領域\九國公約\九國公約__juan_01.txt,2285,2234,0,separate,0.17320987654320985,wenyan-like,2025,0.018271604938271607,0.03901234567901234,18.10909090909091,0,0
中華民國公有領域,1086106,交通部接收商辦湘路合約,交通部接收商辦湘路合約,交通部接收商辦湘路合約,1,scrape_output\suspected_baihua\raw\中華民國公有領域\交通部接收商辦湘路合約\交通部接收商辦湘路合約__juan_01.txt,scrape_output\suspected_baihua\clean\中華民國公有領域\交通部接收商辦湘路合約\交通部接收商辦湘路合約__juan_01.txt,1929,1886,0,separate,-0.03432228039557884,baihua-like,1719,0.029668411867364748,0.027341477603257707,9.274853801169591,0,0
中華民國公有領域,1086169,交通部接收四川川漢鐵路合約,交通部接收四川川漢鐵路合約,交通部接收四川川漢鐵路合約,1,scrape_output\raw\中華民國公有領域\交通部接收四川川漢鐵路合約\交通部接收四川川漢鐵路合約__juan_01.txt,scrape_output\clean\中華民國公有領域\交通部接收四川川漢鐵路合約\交通部接收四川川漢鐵路合約__juan_01.txt,1165,1122,0,separate,0.1362879529872674,wenyan-like,1021,0.023506366307541625,0.02840352595494613,16.566666666666666,0,0
中華民國公有領域,1086107,交通部接收蘇路公司合約,交通部接收蘇路公司合約,交通部接收蘇路公司合約,1,scrape_output\suspected_baihua\raw\中華民國公有領域\交通部接收蘇路公司合約\交通部接收蘇路公司合約__juan_01.txt,scrape_output\suspected_baihua\clean\中華民國公有領域\交通部接收蘇路公司合約\交通部接收蘇路公司合約__juan_01.txt,1374,1331,0,separate,-0.011804384485666106,baihua-like,1186,0.03035413153456998,0.03962900505902192,9.432203389830509,0,0
中華民國公有領域,1068047,京兆尹公署、步軍統領衙門、京屬師警察廳出示曉諭查辦抵制外貨及排斥外人之舉,京兆尹公署、步軍統領衙門、京屬師警察廳出示曉諭查辦抵制外貨及排斥外人之舉,京兆尹公署、步軍統領衙門、京屬師警察廳出示曉諭查辦抵制外貨及排斥外人之舉,1,scrape_output\raw\中華民國公有領域\京兆尹公署、步軍統領衙門、京屬師警察廳出示曉諭查辦抵制外貨及排斥外人之舉\京兆尹公署、步軍統領衙門、京屬師警察廳出示曉諭查辦抵制外貨及排斥外人之舉__juan_01.txt,scrape_output\clean\中華民國公有領域\京兆尹公署、步軍統領衙門、京屬師警察廳出示曉諭查辦抵制外貨及排斥外人之舉\京兆尹公署、步軍統領衙門、京屬師警察廳出示曉諭查辦抵制外貨及排斥外人之舉__juan_01.txt,1076,1032,0,separate,0.1635841170323929,wenyan-like,957,0.019853709508881923,0.03657262277951933,16.87272727272727,0,0
中華民國公有領域,1080763,京師地方檢察廳抄錄傳集國務院前槍擊慘案人證及請查明政府衛隊行兇人犯致陸軍部函,京師地方檢察廳抄錄傳集國務院前槍擊慘案人證及請查明政府衛隊行兇人犯致陸軍部函,京師地方檢察廳抄錄傳集國務院前槍擊慘案人證及請查明政府衛隊行兇人犯致陸軍部函,1,scrape_output\raw\中華民國公有領域\京師地方檢察廳抄錄傳集國務院前槍擊慘案人證及請查明政府衛隊行兇人犯致陸軍部函\京師地方檢察廳抄錄傳集國務院前槍擊慘案人證及請查明政府衛隊行兇人犯致陸軍部函__juan_01.txt,scrape_output\clean\中華民國公有領域\京師地方檢察廳抄錄傳集國務院前槍擊慘案人證及請查明政府衛隊行兇人犯致陸軍部函\京師地方檢察廳抄錄傳集國務院前槍擊慘案人證及請查明政府衛隊行兇人犯致陸軍部函__juan_01.txt,4079,4033,0,separate,0.22425793244626407,wenyan-like,3908,0.03940634595701126,0.021238485158648925,37.12621359223301,0,0
中華民國公有領域,1080583,京師警察廳報六月十七日嚴禁北大學生天安門開會呈京畿衛戍總司令,京師警察廳報六月十七日嚴禁北大學生天安門開會呈京畿衛戍總司令,京師警察廳報六月十七日嚴禁北大學生天安門開會呈京畿衛戍總司令,1,scrape_output\suspected_baihua\raw\中華民國公有領域\京師警察廳報六月十七日嚴禁北大學生天安門開會呈京畿衛戍總司令\京師警察廳報六月十七日嚴禁北大學生天安門開會呈京畿衛戍總司令__juan_01.txt,scrape_output\suspected_baihua\clean\中華民國公有領域\京師警察廳報六月十七日嚴禁北大學生天安門開會呈京畿衛戍總司令\京師警察廳報六月十七日嚴禁北大學生天安門開會呈京畿衛戍總司令__juan_01.txt,548,505,0,separate,-0.03661327231121281,baihua-like,437,0.032036613272311214,0.029748283752860413,11.805555555555555,0,0
中華民國公有領域,1080722,京師警察廳報在京各校暨奉天來京留日學生因爭回旅大問題遊行演說呈內務總長,京師警察廳報在京各校暨奉天來京留日學生因爭回旅大問題遊行演說呈內務總長,京師警察廳報在京各校暨奉天來京留日學生因爭回旅大問題遊行演說呈內務總長,1,scrape_output\raw\中華民國公有領域\京師警察廳報在京各校暨奉天來京留日學生因爭回旅大問題遊行演說呈內務總長\京師警察廳報在京各校暨奉天來京留日學生因爭回旅大問題遊行演說呈內務總長__juan_01.txt,scrape_output\clean\中華民國公有領域\京師警察廳報在京各校暨奉天來京留日學生因爭回旅大問題遊行演說呈內務總長\京師警察廳報在京各校暨奉天來京留日學生因爭回旅大問題遊行演說呈內務總長__juan_01.txt,828,783,0,separate,0.13599439775910363,wenyan-like,714,0.022408963585434174,0.02661064425770308,16.13953488372093,0,0
中華民國公有領域,1080719,京師警察廳報奉令制止及解散北大等校學生開五一勞動大會情形呈內務總長,京師警察廳報奉令制止及解散北大等校學生開五一勞動大會情形呈內務總長,京師警察廳報奉令制止及解散北大等校學生開五一勞動大會情形呈內務總長,1,scrape_output\raw\中華民國公有領域\京師警察廳報奉令制止及解散北大等校學生開五一勞動大會情形呈內務總長\京師警察廳報奉令制止及解散北大等校學生開五一勞動大會情形呈內務總長__juan_01.txt,scrape_output\clean\中華民國公有領域\京師警察廳報奉令制止及解散北大等校學生開五一勞動大會情形呈內務總長\京師警察廳報奉令制止及解散北大等校學生開五一勞動大會情形呈內務總長__juan_01.txt,1094,1050,0,separate,0.1448822927328557,wenyan-like,977,0.019447287615148412,0.02661207778915046,16.857142857142858,0,0
中華民國公有領域,1087361,京師警察廳報奉令取締關於山東青島問題之傳單、宣言等件暨查明北京並無國民自決會暨取締《國民公報》經過情形呈內務總長,京師警察廳報奉令取締關於山東青島問題之傳單、宣言等件暨查明北京並無國民自決會暨取締《國民公報》經過情形呈內務總長,京師警察廳報奉令取締關於山東青島問題之傳單、宣言等件暨查明北京並無國民自決會暨取締《國民公報》經過情形呈內務總長,1,scrape_output\raw\中華民國公有領域\京師警察廳報奉令取締關於山東青島問題之傳單、宣言等件暨查明北京並無國民自決會暨取締《國民公報》經過情形呈內務總長\京師警察廳報奉令取締關於山東青島問題之傳單、宣言等件暨查明北京並無國民自決會暨取締《國民公報》經過情形呈內務總長__juan_01.txt,scrape_output\clean\中華民國公有領域\京師警察廳報奉令取締關於山東青島問題之傳單、宣言等件暨查明北京並無國民自決會暨取締《國民公報》經過情形呈內務總長\京師警察廳報奉令取締關於山東青島問題之傳單、宣言等件暨查明北京並無國民自決會暨取締《國民公報》經過情形呈內務總長__juan_01.txt,1066,1013,0,separate,0.15318471337579617,wenyan-like,942,0.01592356687898089,0.025477707006369428,17.18867924528302,0,0
中華民國公有領域,1068030,京師警察廳派警照料救國儲金二次大會開會暨大會情形報告,京師警察廳派警照料救國儲金二次大會開會暨大會情形報告,京師警察廳派警照料救國儲金二次大會開會暨大會情形報告,1,scrape_output\raw\中華民國公有領域\京師警察廳派警照料救國儲金二次大會開會暨大會情形報告\京師警察廳派警照料救國儲金二次大會開會暨大會情形報告__juan_01.txt,scrape_output\clean\中華民國公有領域\京師警察廳派警照料救國儲金二次大會開會暨大會情形報告\京師警察廳派警照料救國儲金二次大會開會暨大會情形報告__juan_01.txt,890,847,0,separate,0.13576972833117723,wenyan-like,773,0.02199223803363519,0.0258732212160414,17.58139534883721,0,0
中華民國公有領域,1128100,今日救國之道,今日救國之道,今日救國之道,1,scrape_output\raw\中華民國公有領域\今日救國之道\今日救國之道__juan_01.txt,scrape_output\clean\中華民國公有領域\今日救國之道\今日救國之道__juan_01.txt,2572,2482,0,separate,0.11932773109243697,wenyan-like,2380,0.08319327731092437,0.034453781512605045,28.80246913580247,0,0
中華民國公有領域,889733,令對「算學」「數學」二名發表意見以憑彙核由 (民國27年教育部訓令),令對「算學」「數學」二名發表意見以憑彙核由 (民國27年教育部訓令),令對「算學」「數學」二名發表意見以憑彙核由 (民國27年教育部訓令),1,scrape_output\raw\中華民國公有領域\令對「算學」「數學」二名發表意見以憑彙核由 (民國27年教育部訓令)\令對「算學」「數學」二名發表意見以憑彙核由 (民國27年教育部訓令)__juan_01.txt,scrape_output\clean\中華民國公有領域\令對「算學」「數學」二名發表意見以憑彙核由 (民國27年教育部訓令)\令對「算學」「數學」二名發表意見以憑彙核由 (民國27年教育部訓令)__juan_01.txt,782,739,0,separate,0.11567164179104476,wenyan-like,670,0.028358208955223882,0.025373134328358207,16.325,0,0
中華民國公有領域,11089,令川、黔、湘、鄂各軍合力堵剿電,令川、黔、湘、鄂各軍合力堵剿電,令川、黔、湘、鄂各軍合力堵剿電,1,scrape_output\raw\中華民國公有領域\令川、黔、湘、鄂各軍合力堵剿電\令川、黔、湘、鄂各軍合力堵剿電__juan_01.txt,scrape_output\clean\中華民國公有領域\令川、黔、湘、鄂各軍合力堵剿電\令川、黔、湘、鄂各軍合力堵剿電__juan_01.txt,941,898,0,separate,0.14761051373954598,wenyan-like,837,0.016726403823178016,0.023894862604540025,20.94871794871795,0,0
中華民國公有領域,11193,令陳誠等指示進軍剿匪電,令陳誠等指示進軍剿匪電,令陳誠等指示進軍剿匪電,1,scrape_output\suspected_baihua\raw\中華民國公有領域\令陳誠等指示進軍剿匪電\令陳誠等指示進軍剿匪電__juan_01.txt,scrape_output\suspected_baihua\clean\中華民國公有領域\令陳誠等指示進軍剿匪電\令陳誠等指示進軍剿匪電__juan_01.txt,510,467,0,separate,-0.04433497536945813,baihua-like,406,0.034482758620689655,0.029556650246305417,13.166666666666666,0,0
中華民國公有領域,1129710,以必死的決心取得民族的生存,以必死的決心取得民族的生存,以必死的決心取得民族的生存,1,scrape_output\suspected_baihua\raw\中華民國公有領域\以必死的決心取得民族的生存\以必死的決心取得民族的生存__juan_01.txt,scrape_output\suspected_baihua\clean\中華民國公有領域\以必死的決心取得民族的生存\以必死的決心取得民族的生存__juan_01.txt,1171,1082,0,separate,-0.022344689378757526,baihua-like,998,0.07615230460921844,0.028056112224448898,19.897959183673468,0,0
中華民國公有領域,192698,以整齊嚴肅的治軍精神治政,以整齊嚴肅的治軍精神治政,以整齊嚴肅的治軍精神治政,1,scrape_output\raw\中華民國公有領域\以整齊嚴肅的治軍精神治政\以整齊嚴肅的治軍精神治政__juan_01.txt,scrape_output\clean\中華民國公有領域\以整齊嚴肅的治軍精神治政\以整齊嚴肅的治軍精神治政__juan_01.txt,2396,2353,0,separate,0.372520751419834,wenyan-like,2289,0.021843599825251202,0.0690257754477938,34.53846153846154,0,0
中華民國公有領域,1198979,依法嚴辦中國大陸配偶鼓吹武統言論 移民署：堅定維護國家安全，適時說明處置結果,依法嚴辦中國大陸配偶鼓吹武統言論 移民署：堅定維護國家安全，適時說明處置結果,依法嚴辦中國大陸配偶鼓吹武統言論 移民署：堅定維護國家安全，適時說明處置結果,1,scrape_output\raw\中華民國公有領域\依法嚴辦中國大陸配偶鼓吹武統言論 移民署：堅定維護國家安全，適時說明處置結果\依法嚴辦中國大陸配偶鼓吹武統言論 移民署：堅定維護國家安全，適時說明處置結果__juan_01.txt,scrape_output\clean\中華民國公有領域\依法嚴辦中國大陸配偶鼓吹武統言論 移民署：堅定維護國家安全，適時說明處置結果\依法嚴辦中國大陸配偶鼓吹武統言論 移民署：堅定維護國家安全，適時說明處置結果__juan_01.txt,753,709,0,separate,0.08981481481481482,wenyan-like,648,0.032407407407407406,0.018518518518518517,19.8125,0,0
中華民國公有領域,1168473,俄羅斯社會主義聯邦蘇維埃共和國憲法,俄羅斯社會主義聯邦蘇維埃共和國憲法,俄羅斯社會主義聯邦蘇維埃共和國憲法,1,scrape_output\raw\中華民國公有領域\俄羅斯社會主義聯邦蘇維埃共和國憲法\俄羅斯社會主義聯邦蘇維埃共和國憲法__juan_01.txt,scrape_output\clean\中華民國公有領域\俄羅斯社會主義聯邦蘇維埃共和國憲法\俄羅斯社會主義聯邦蘇維埃共和國憲法__juan_01.txt,13125,13117,0,separate,0.31990671331001164,wenyan-like,12006,0.0189072130601366,0.038314176245210725,28.433014354066987,0,0
中華民國公有領域,25405,保護文學及藝術著作之伯恩公約,保護文學及藝術著作之伯恩公約,保護文學及藝術著作之伯恩公約,1,scrape_output\raw\中華民國公有領域\保護文學及藝術著作之伯恩公約\保護文學及藝術著作之伯恩公約__juan_01.txt,scrape_output\clean\中華民國公有領域\保護文學及藝術著作之伯恩公約\保護文學及藝術著作之伯恩公約__juan_01.txt,25648,23112,0,separate,0.2993400273417244,wenyan-like,21213,0.039409795879884975,0.05878470749068967,33.80445151033386,0,0
中華民國公有領域,1085877,保障人民身體自由之手續,保障人民身體自由之手續,保障人民身體自由之手續,1,scrape_output\raw\中華民國公有領域\保障人民身體自由之手續\保障人民身體自由之手續__juan_01.txt,scrape_output\clean\中華民國公有領域\保障人民身體自由之手續\保障人民身體自由之手續__juan_01.txt,1272,1165,0,separate,0.1695530726256983,wenyan-like,1074,0.03445065176908752,0.061452513966480445,23.6,0,0
中華民國公有領域,892511,保障職場性別平權 勞動局籲雇主嚴肅對待,保障職場性別平權 勞動局籲雇主嚴肅對待,保障職場性別平權 勞動局籲雇主嚴肅對待,1,scrape_output\raw\中華民國公有領域\保障職場性別平權 勞動局籲雇主嚴肅對待\保障職場性別平權 勞動局籲雇主嚴肅對待__juan_01.txt,scrape_output\clean\中華民國公有領域\保障職場性別平權 勞動局籲雇主嚴肅對待\保障職場性別平權 勞動局籲雇主嚴肅對待__juan_01.txt,843,791,0,separate,0.0736111111111111,wenyan-like,720,0.04027777777777778,0.022222222222222223,21.363636363636363,0,0
中華民國公有領域,1043760,修正「立法院組織法」條文令仰遵照辦由 (民國19年國民政府訓令),修正「立法院組織法」條文令仰遵照辦由 (民國19年國民政府訓令),修正「立法院組織法」條文令仰遵照辦由 (民國19年國民政府訓令),1,scrape_output\suspected_baihua\raw\中華民國公有領域\修正「立法院組織法」條文令仰遵照辦由 (民國19年國民政府訓令)\修正「立法院組織法」條文令仰遵照辦由 (民國19年國民政府訓令)__juan_01.txt,scrape_output\suspected_baihua\clean\中華民國公有領域\修正「立法院組織法」條文令仰遵照辦由 (民國19年國民政府訓令)\修正「立法院組織法」條文令仰遵照辦由 (民國19年國民政府訓令)__juan_01.txt,845,802,0,separate,-0.011220196353436185,baihua-like,713,0.02244039270687237,0.028050490883590462,13.09433962264151,0,0
中華民國公有領域,1051491,修正湖北政務委員會條例,修正湖北政務委員會條例,修正湖北政務委員會條例,1,scrape_output\raw\中華民國公有領域\修正湖北政務委員會條例\修正湖北政務委員會條例__juan_01.txt,scrape_output\clean\中華民國公有領域\修正湖北政務委員會條例\修正湖北政務委員會條例__juan_01.txt,1526,1474,0,separate,0.32040816326530613,wenyan-like,1372,0.01749271137026239,0.03644314868804665,27.632653061224488,0,0
中華民國公有領域,1051493,修正湖北政務委員會辦事細則,修正湖北政務委員會辦事細則,修正湖北政務委員會辦事細則,1,scrape_output\raw\中華民國公有領域\修正湖北政務委員會辦事細則\修正湖北政務委員會辦事細則__juan_01.txt,scrape_output\clean\中華民國公有領域\修正湖北政務委員會辦事細則\修正湖北政務委員會辦事細則__juan_01.txt,1321,1273,0,separate,0.11456352636127916,wenyan-like,1157,0.037165082108902334,0.03802938634399308,20.321428571428573,0,0
中華民國公有領域,1204534,停戰協定 (1941年9月11日),停戰協定 (1941年9月11日),停戰協定 (1941年9月11日),1,scrape_output\suspected_baihua\raw\中華民國公有領域\停戰協定 (1941年9月11日)\停戰協定 (1941年9月11日)__juan_01.txt,scrape_output\suspected_baihua\clean\中華民國公有領域\停戰協定 (1941年9月11日)\停戰協定 (1941年9月11日)__juan_01.txt,723,680,0,separate,-0.016722408026755856,baihua-like,598,0.026755852842809364,0.03177257525083612,14.6,0,0
中華民國公有領域,1033809,傳染病分類及第四類與第五類傳染病之防治措施 (民國109年1月15日),傳染病分類及第四類與第五類傳染病之防治措施 (民國109年1月15日),傳染病分類及第四類與第五類傳染病之防治措施 (民國109年1月15日),1,scrape_output\suspected_baihua\raw\中華民國公有領域\傳染病分類及第四類與第五類傳染病之防治措施 (民國109年1月15日)\傳染病分類及第四類與第五類傳染病之防治措施 (民國109年1月15日)__juan_01.txt,scrape_output\suspected_baihua\clean\中華民國公有領域\傳染病分類及第四類與第五類傳染病之防治措施 (民國109年1月15日)\傳染病分類及第四類與第五類傳染病之防治措施 (民國109年1月15日)__juan_01.txt,441,398,0,separate,-0.05309734513274336,baihua-like,339,0.04129793510324484,0.035398230088495575,11.344827586206897,0,0
中華民國公有領域,1210501,光復大陸設計研究委員會支援大陸同胞爭取自由民主人權運動方案,光復大陸設計研究委員會支援大陸同胞爭取自由民主人權運動方案,光復大陸設計研究委員會支援大陸同胞爭取自由民主人權運動方案,1,scrape_output\raw\中華民國公有領域\光復大陸設計研究委員會支援大陸同胞爭取自由民主人權運動方案\光復大陸設計研究委員會支援大陸同胞爭取自由民主人權運動方案__juan_01.txt,scrape_output\clean\中華民國公有領域\光復大陸設計研究委員會支援大陸同胞爭取自由民主人權運動方案\光復大陸設計研究委員會支援大陸同胞爭取自由民主人權運動方案__juan_01.txt,1049,1005,0,separate,0.10797413793103448,wenyan-like,928,0.03556034482758621,0.032327586206896554,23.28205128205128,0,0
中華民國公有領域,11072,克復北平祭告 總理文,克復北平祭告 總理文,克復北平祭告 總理文,1,scrape_output\raw\中華民國公有領域\克復北平祭告 總理文\克復北平祭告 總理文__juan_01.txt,scrape_output\clean\中華民國公有領域\克復北平祭告 總理文\克復北平祭告 總理文__juan_01.txt,3757,3709,0,separate,0.4031128404669261,wenyan-like,3598,0.011951083935519732,0.06948304613674264,30.73913043478261,0,0
中華民國公有領域,1004724,全國交通科技產業會議開幕 總統盼打造臺灣成為享譽國際的智慧運輸科技島 讓世界看見臺灣的成果,全國交通科技產業會議開幕 總統盼打造臺灣成為享譽國際的智慧運輸科技島 讓世界看見臺灣的成果,全國交通科技產業會議開幕 總統盼打造臺灣成為享譽國際的智慧運輸科技島 讓世界看見臺灣的成果,1,scrape_output\raw\中華民國公有領域\全國交通科技產業會議開幕 總統盼打造臺灣成為享譽國際的智慧運輸科技島 讓世界看見臺灣的成果\全國交通科技產業會議開幕 總統盼打造臺灣成為享譽國際的智慧運輸科技島 讓世界看見臺灣的成果__juan_01.txt,scrape_output\clean\中華民國公有領域\全國交通科技產業會議開幕 總統盼打造臺灣成為享譽國際的智慧運輸科技島 讓世界看見臺灣的成果\全國交通科技產業會議開幕 總統盼打造臺灣成為享譽國際的智慧運輸科技島 讓世界看見臺灣的成果__juan_01.txt,1915,1868,0,separate,0.1588235294117647,wenyan-like,1785,0.05826330532212885,0.01680672268907563,29.559322033898304,0,0
中華民國公有領域,889363,全國度量衡局擬定之「大數命名標準草案」案,全國度量衡局擬定之「大數命名標準草案」案,全國度量衡局擬定之「大數命名標準草案」案,1,scrape_output\raw\中華民國公有領域\全國度量衡局擬定之「大數命名標準草案」案\全國度量衡局擬定之「大數命名標準草案」案__juan_01.txt,scrape_output\clean\中華民國公有領域\全國度量衡局擬定之「大數命名標準草案」案\全國度量衡局擬定之「大數命名標準草案」案__juan_01.txt,1429,1386,0,separate,0.16004636785162288,wenyan-like,1294,0.014683153013910355,0.02704791344667697,23.92452830188679,0,0
中華民國公有領域,1060756,全球合作暨訓練架構5週年聯合聲明,全球合作暨訓練架構5週年聯合聲明,全球合作暨訓練架構5週年聯合聲明,1,scrape_output\raw\中華民國公有領域\全球合作暨訓練架構5週年聯合聲明\全球合作暨訓練架構5週年聯合聲明__juan_01.txt,scrape_output\clean\中華民國公有領域\全球合作暨訓練架構5週年聯合聲明\全球合作暨訓練架構5週年聯合聲明__juan_01.txt,1008,912,0,separate,0.08074119076549209,wenyan-like,823,0.03523693803159174,0.018226002430133656,16.75,0,0
中華民國公有領域,1184021,兩地書,兩地書/第二集,兩地書,1,scrape_output\suspected_baihua\raw\中華民國公有領域\兩地書\兩地書__juan_01.txt,scrape_output\suspected_baihua\clean\中華民國公有領域\兩地書\兩地書__juan_01.txt,10400,6020,0,separate,-0.1666012558869702,baihua-like,5096,0.06652276295133439,0.016483516483516484,10.004032258064516,0,0
中華民國公有領域,1170430,八路軍出師抗日誓詞,八路軍出師抗日誓詞,八路軍出師抗日誓詞,1,scrape_output\raw\中華民國公有領域\八路軍出師抗日誓詞\八路軍出師抗日誓詞__juan_01.txt,scrape_output\clean\中華民國公有領域\八路軍出師抗日誓詞\八路軍出師抗日誓詞__juan_01.txt,889,802,0,separate,0.033656509695290854,wenyan-like,722,0.05263157894736842,0.02077562326869806,17.29268292682927,0,0
中華民國公有領域,1085105,公立文憑,公立文憑,公立文憑,1,scrape_output\suspected_baihua\raw\中華民國公有領域\公立文憑\公立文憑__juan_01.txt,scrape_output\suspected_baihua\clean\中華民國公有領域\公立文憑\公立文憑__juan_01.txt,1083,990,0,separate,-0.025551684088269452,baihua-like,861,0.030197444831591175,0.032520325203252036,13.770491803278688,0,0
中華民國公有領域,142581,六國論 (馬英九),六國論 (馬英九),六國論 (馬英九),1,scrape_output\suspected_baihua\raw\中華民國公有領域\六國論 (馬英九)\六國論 (馬英九)__juan_01.txt,scrape_output\suspected_baihua\clean\中華民國公有領域\六國論 (馬英九)\六國論 (馬英九)__juan_01.txt,7384,7147,0,separate,-0.0008785827452110206,baihua-like,6943,0.1081664986317154,0.011810456574967593,53.21705426356589,0,0
中華民國公有領域,1167914,六戰作命甲第一號命令,六戰作命甲第一號命令,六戰作命甲第一號命令,1,scrape_output\raw\中華民國公有領域\六戰作命甲第一號命令\六戰作命甲第一號命令__juan_01.txt,scrape_output\clean\中華民國公有領域\六戰作命甲第一號命令\六戰作命甲第一號命令__juan_01.txt,7309,7132,0,separate,0.1798242499556187,wenyan-like,5633,0.017042428546067814,0.04047576779691106,22.526315789473685,0,0
中華民國公有領域,891964,共黨要員蔡劍唐等宣言,共黨要員蔡劍唐等宣言,共黨要員蔡劍唐等宣言,1,scrape_output\raw\中華民國公有領域\共黨要員蔡劍唐等宣言\共黨要員蔡劍唐等宣言__juan_01.txt,scrape_output\clean\中華民國公有領域\共黨要員蔡劍唐等宣言\共黨要員蔡劍唐等宣言__juan_01.txt,2147,2088,0,separate,0.1128128128128128,wenyan-like,1998,0.07507507507507508,0.01901901901901902,47.333333333333336,0,0
中華民國公有領域,137252,关于上海法租界内设置中国法院协定,关于上海法租界内设置中国法院协定,关于上海法租界内设置中国法院协定,1,scrape_output\raw\中華民國公有領域\关于上海法租界内设置中国法院协定\关于上海法租界内设置中国法院协定__juan_01.txt,scrape_output\clean\中華民國公有領域\关于上海法租界内设置中国法院协定\关于上海法租界内设置中国法院协定__juan_01.txt,1960,1882,0,separate,0.15342465753424656,wenyan-like,1752,0.026255707762557076,0.0410958904109589,21.35,0,0
中華民國公有領域,169470,关于信阳地区发生浮肿和死人情况的检查报告,关于信阳地区发生浮肿和死人情况的检查报告,关于信阳地区发生浮肿和死人情况的检查报告,1,scrape_output\raw\中華民國公有領域\关于信阳地区发生浮肿和死人情况的检查报告\关于信阳地区发生浮肿和死人情况的检查报告__juan_01.txt,scrape_output\clean\中華民國公有領域\关于信阳地区发生浮肿和死人情况的检查报告\关于信阳地区发生浮肿和死人情况的检查报告__juan_01.txt,657,560,0,separate,0.0606463878326996,wenyan-like,526,0.051330798479087454,0.03231939163498099,22.47826086956522,0,0
中華民國公有領域,1181061,关于修改中国工会章程的决议 (1953年),关于修改中国工会章程的决议 (1953年),关于修改中国工会章程的决议 (1953年),1,scrape_output\raw\中華民國公有領域\关于修改中国工会章程的决议 (1953年)\关于修改中国工会章程的决议 (1953年)__juan_01.txt,scrape_output\clean\中華民國公有領域\关于修改中国工会章程的决议 (1953年)\关于修改中国工会章程的决议 (1953年)__juan_01.txt,470,417,0,separate,0.0814720812182741,wenyan-like,394,0.03807106598984772,0.02284263959390863,24.1875,0,0
中華民國公有領域,1181063,关于修改中国工会章程的报告的决议,关于修改中国工会章程的报告的决议,关于修改中国工会章程的报告的决议,1,scrape_output\raw\中華民國公有領域\关于修改中国工会章程的报告的决议\关于修改中国工会章程的报告的决议__juan_01.txt,scrape_output\clean\中華民國公有領域\关于修改中国工会章程的报告的决议\关于修改中国工会章程的报告的决议__juan_01.txt,496,443,0,separate,0.2354066985645933,wenyan-like,418,0.03588516746411483,0.0215311004784689,25.6875,0,0
中華民國公有領域,1168355,关于修正国际常設法院規約的議定书及修正条文,关于修正国际常設法院規約的議定书及修正条文,关于修正国际常設法院規約的議定书及修正条文,1,scrape_output\raw\中華民國公有領域\关于修正国际常設法院規約的議定书及修正条文\关于修正国际常設法院規約的議定书及修正条文__juan_01.txt,scrape_output\clean\中華民國公有領域\关于修正国际常設法院規約的議定书及修正条文\关于修正国际常設法院規約的議定书及修正条文__juan_01.txt,4841,4767,0,separate,0.19829351535836176,wenyan-like,4395,0.040273037542662114,0.00955631399317406,32.56060606060606,0,0
中華民國公有領域,1178578,关于废弃战争作为国家政策工具的普遍公约,关于废弃战争作为国家政策工具的普遍公约,关于废弃战争作为国家政策工具的普遍公约,1,scrape_output\raw\中華民國公有領域\关于废弃战争作为国家政策工具的普遍公约\关于废弃战争作为国家政策工具的普遍公约__juan_01.txt,scrape_output\clean\中華民國公有領域\关于废弃战争作为国家政策工具的普遍公约\关于废弃战争作为国家政策工具的普遍公约__juan_01.txt,884,876,0,separate,0.17807881773399015,wenyan-like,812,0.0480295566502463,0.011083743842364532,36.36363636363637,0,0
中華民國公有領域,1090812,关于开展增产节约运动的决议,关于开展增产节约运动的决议,关于开展增产节约运动的决议,1,scrape_output\raw\中華民國公有領域\关于开展增产节约运动的决议\关于开展增产节约运动的决议__juan_01.txt,scrape_output\clean\中華民國公有領域\关于开展增产节约运动的决议\关于开展增产节约运动的决议__juan_01.txt,5470,5358,0,separate,0.11572948328267474,wenyan-like,5264,0.067629179331307,0.009308510638297872,45.769911504424776,0,0
中華民國公有領域,1090887,关于牧业区牲畜入社问题的指示,关于牧业区牲畜入社问题的指示,关于牧业区牲畜入社问题的指示,1,scrape_output\raw\中華民國公有領域\关于牧业区牲畜入社问题的指示\关于牧业区牲畜入社问题的指示__juan_01.txt,scrape_output\clean\中華民國公有領域\关于牧业区牲畜入社问题的指示\关于牧业区牲畜入社问题的指示__juan_01.txt,2950,2862,0,separate,0.1517462580185317,wenyan-like,2806,0.05844618674269423,0.0135424091233072,43.857142857142854,0,0
中華民國公有領域,1170643,关于被解放的欧洲的宣言,关于被解放的欧洲的宣言,关于被解放的欧洲的宣言,1,scrape_output\raw\中華民國公有領域\关于被解放的欧洲的宣言\关于被解放的欧洲的宣言__juan_01.txt,scrape_output\clean\中華民國公有領域\关于被解放的欧洲的宣言\关于被解放的欧洲的宣言__juan_01.txt,51,50,0,separate,0.12916666666666665,unknown,48,0.020833333333333332,0.020833333333333332,15.333333333333334,0,1
中華民國公有領域,1090891,决不容許外國侵略者吞併中國的領土——西藏,决不容許外國侵略者吞併中國的領土——西藏,决不容許外國侵略者吞併中國的領土——西藏,1,scrape_output\raw\中華民國公有領域\决不容許外國侵略者吞併中國的領土——西藏\决不容許外國侵略者吞併中國的領土——西藏__juan_01.txt,scrape_output\clean\中華民國公有領域\决不容許外國侵略者吞併中國的領土——西藏\决不容許外國侵略者吞併中國的領土——西藏__juan_01.txt,1871,1820,0,separate,0.0674288901282766,wenyan-like,1793,0.0886781929726715,0.016731734523145567,41.904761904761905,0,0
中華民國公有領域,1167654,凡尔赛条约 (世界知识出版社译),凡尔赛条约 (世界知识出版社译),凡尔赛条约 (世界知识出版社译),1,scrape_output\raw\中華民國公有領域\凡尔赛条约 (世界知识出版社译)\凡尔赛条约 (世界知识出版社译)__juan_01.txt,scrape_output\clean\中華民國公有領域\凡尔赛条约 (世界知识出版社译)\凡尔赛条约 (世界知识出版社译)__juan_01.txt,4627,4566,0,separate,0.152281802624073,wenyan-like,3506,0.006274957216200799,0.010553337136337706,15.192307692307692,0,0
中華民國公有領域,1005317,出席新式艦艇交船典禮 總統：編列426億， 10年內打造141艘更新、更快速的海巡艦艇，執行任務更安全,出席新式艦艇交船典禮 總統：編列426億， 10年內打造141艘更新、更快速的海巡艦艇，執行任務更安全,出席新式艦艇交船典禮 總統：編列426億， 10年內打造141艘更新、更快速的海巡艦艇，執行任務更安全,1,scrape_output\raw\中華民國公有領域\出席新式艦艇交船典禮 總統：編列426億， 10年內打造141艘更新、更快速的海巡艦艇，執行任務更安全\出席新式艦艇交船典禮 總統：編列426億， 10年內打造141艘更新、更快速的海巡艦艇，執行任務更安全__juan_01.txt,scrape_output\clean\中華民國公有領域\出席新式艦艇交船典禮 總統：編列426億， 10年內打造141艘更新、更快速的海巡艦艇，執行任務更安全\出席新式艦艇交船典禮 總統：編列426億， 10年內打造141艘更新、更快速的海巡艦艇，執行任務更安全__juan_01.txt,1900,1822,0,separate,0.14110535405872193,wenyan-like,1737,0.06332757628094415,0.015544041450777202,30.945454545454545,0,0
中華民國公有領域,1109548,勞動部不當勞動行為裁決決定書102年勞裁字第61號,勞動部不當勞動行為裁決決定書102年勞裁字第61號,勞動部不當勞動行為裁決決定書102年勞裁字第61號,1,scrape_output\raw\中華民國公有領域\勞動部不當勞動行為裁決決定書102年勞裁字第61號\勞動部不當勞動行為裁決決定書102年勞裁字第61號__juan_01.txt,scrape_output\clean\中華民國公有領域\勞動部不當勞動行為裁決決定書102年勞裁字第61號\勞動部不當勞動行為裁決決定書102年勞裁字第61號__juan_01.txt,20017,18304,0,separate,0.27196831200487503,wenyan-like,16410,0.03339427178549665,0.03607556368068251,36.64791666666667,0,0
中華民國公有領域,1109546,勞動部不當勞動行為裁決決定書103年勞裁字第24號,勞動部不當勞動行為裁決決定書103年勞裁字第24號,勞動部不當勞動行為裁決決定書103年勞裁字第24號,1,scrape_output\raw\中華民國公有領域\勞動部不當勞動行為裁決決定書103年勞裁字第24號\勞動部不當勞動行為裁決決定書103年勞裁字第24號__juan_01.txt,scrape_output\clean\中華民國公有領域\勞動部不當勞動行為裁決決定書103年勞裁字第24號\勞動部不當勞動行為裁決決定書103年勞裁字第24號__juan_01.txt,17041,16204,0,separate,0.2932679738562091,wenyan-like,15300,0.023594771241830067,0.03202614379084967,44.37960339943343,0,0
中華民國公有領域,1109550,勞動部不當勞動行為裁決決定書104年勞裁字第49號,勞動部不當勞動行為裁決決定書104年勞裁字第49號,勞動部不當勞動行為裁決決定書104年勞裁字第49號,1,scrape_output\raw\中華民國公有領域\勞動部不當勞動行為裁決決定書104年勞裁字第49號\勞動部不當勞動行為裁決決定書104年勞裁字第49號__juan_01.txt,scrape_output\clean\中華民國公有領域\勞動部不當勞動行為裁決決定書104年勞裁字第49號\勞動部不當勞動行為裁決決定書104年勞裁字第49號__juan_01.txt,16995,15910,0,separate,0.27566534826037403,wenyan-like,14917,0.035328819467721394,0.04082590333176912,57.18888888888889,0,0
中華民國公有領域,1109584,勞動部不當勞動行為裁決決定書105年勞裁字第50號,勞動部不當勞動行為裁決決定書105年勞裁字第50號,勞動部不當勞動行為裁決決定書105年勞裁字第50號,1,scrape_output\raw\中華民國公有領域\勞動部不當勞動行為裁決決定書105年勞裁字第50號\勞動部不當勞動行為裁決決定書105年勞裁字第50號__juan_01.txt,scrape_output\clean\中華民國公有領域\勞動部不當勞動行為裁決決定書105年勞裁字第50號\勞動部不當勞動行為裁決決定書105年勞裁字第50號__juan_01.txt,17217,15889,0,separate,0.25801369863013696,wenyan-like,14600,0.03513698630136986,0.031712328767123286,66.91341991341992,0,0
中華民國公有領域,1085477,勞動部因應嚴重特殊傳染性肺炎影響辦理部分工時受僱勞工生活補貼計畫 (民國110年6月),勞動部因應嚴重特殊傳染性肺炎影響辦理部分工時受僱勞工生活補貼計畫 (民國110年6月),勞動部因應嚴重特殊傳染性肺炎影響辦理部分工時受僱勞工生活補貼計畫 (民國110年6月),1,scrape_output\raw\中華民國公有領域\勞動部因應嚴重特殊傳染性肺炎影響辦理部分工時受僱勞工生活補貼計畫 (民國110年6月)\勞動部因應嚴重特殊傳染性肺炎影響辦理部分工時受僱勞工生活補貼計畫 (民國110年6月)__juan_01.txt,scrape_output\clean\中華民國公有領域\勞動部因應嚴重特殊傳染性肺炎影響辦理部分工時受僱勞工生活補貼計畫 (民國110年6月)\勞動部因應嚴重特殊傳染性肺炎影響辦理部分工時受僱勞工生活補貼計畫 (民國110年6月)__juan_01.txt,1369,1321,0,separate,0.12368421052631579,wenyan-like,1178,0.038200339558573854,0.044142614601018676,20.446428571428573,0,0
中華民國公有領域,1085478,勞動部因應嚴重特殊傳染性肺炎影響辦理部分工時受僱勞工生活補貼計畫 (民國110年7月),勞動部因應嚴重特殊傳染性肺炎影響辦理部分工時受僱勞工生活補貼計畫 (民國110年7月),勞動部因應嚴重特殊傳染性肺炎影響辦理部分工時受僱勞工生活補貼計畫 (民國110年7月),1,scrape_output\raw\中華民國公有領域\勞動部因應嚴重特殊傳染性肺炎影響辦理部分工時受僱勞工生活補貼計畫 (民國110年7月)\勞動部因應嚴重特殊傳染性肺炎影響辦理部分工時受僱勞工生活補貼計畫 (民國110年7月)__juan_01.txt,scrape_output\clean\中華民國公有領域\勞動部因應嚴重特殊傳染性肺炎影響辦理部分工時受僱勞工生活補貼計畫 (民國110年7月)\勞動部因應嚴重特殊傳染性肺炎影響辦理部分工時受僱勞工生活補貼計畫 (民國110年7月)__juan_01.txt,1552,1486,0,separate,0.12811320754716982,wenyan-like,1325,0.03547169811320755,0.04226415094339623,21.533333333333335,0,0
中華民國公有領域,1085479,勞動部因應嚴重特殊傳染性肺炎影響辦理部分工時受僱勞工生活補貼計畫 (民國110年8月),勞動部因應嚴重特殊傳染性肺炎影響辦理部分工時受僱勞工生活補貼計畫 (民國110年8月),勞動部因應嚴重特殊傳染性肺炎影響辦理部分工時受僱勞工生活補貼計畫 (民國110年8月),1,scrape_output\raw\中華民國公有領域\勞動部因應嚴重特殊傳染性肺炎影響辦理部分工時受僱勞工生活補貼計畫 (民國110年8月)\勞動部因應嚴重特殊傳染性肺炎影響辦理部分工時受僱勞工生活補貼計畫 (民國110年8月)__juan_01.txt,scrape_output\clean\中華民國公有領域\勞動部因應嚴重特殊傳染性肺炎影響辦理部分工時受僱勞工生活補貼計畫 (民國110年8月)\勞動部因應嚴重特殊傳染性肺炎影響辦理部分工時受僱勞工生活補貼計畫 (民國110年8月)__juan_01.txt,1486,1438,0,separate,0.12038191738113796,wenyan-like,1283,0.03585346843335931,0.03897116134060795,21.53448275862069,0,0
中華民國公有領域,1085490,勞動部振興經濟促進就業獎勵計畫 (民國110年10月),勞動部振興經濟促進就業獎勵計畫 (民國110年10月),勞動部振興經濟促進就業獎勵計畫 (民國110年10月),1,scrape_output\raw\中華民國公有領域\勞動部振興經濟促進就業獎勵計畫 (民國110年10月)\勞動部振興經濟促進就業獎勵計畫 (民國110年10月)__juan_01.txt,scrape_output\clean\中華民國公有領域\勞動部振興經濟促進就業獎勵計畫 (民國110年10月)\勞動部振興經濟促進就業獎勵計畫 (民國110年10月)__juan_01.txt,1968,1917,0,separate,0.2976878612716763,wenyan-like,1730,0.026589595375722544,0.03872832369942197,25.17910447761194,0,0
中華民國公有領域,1085489,勞動部振興經濟促進就業獎勵計畫 (民國110年8月),勞動部振興經濟促進就業獎勵計畫 (民國110年8月),勞動部振興經濟促進就業獎勵計畫 (民國110年8月),1,scrape_output\raw\中華民國公有領域\勞動部振興經濟促進就業獎勵計畫 (民國110年8月)\勞動部振興經濟促進就業獎勵計畫 (民國110年8月)__juan_01.txt,scrape_output\clean\中華民國公有領域\勞動部振興經濟促進就業獎勵計畫 (民國110年8月)\勞動部振興經濟促進就業獎勵計畫 (民國110年8月)__juan_01.txt,1860,1809,0,separate,0.1469249692496925,wenyan-like,1626,0.026445264452644526,0.038130381303813035,24.0,0,0
中華民國公有領域,1186626,北京市民主妇女联合会章程,北京市民主妇女联合会章程,北京市民主妇女联合会章程,1,scrape_output\raw\中華民國公有領域\北京市民主妇女联合会章程\北京市民主妇女联合会章程__juan_01.txt,scrape_output\clean\中華民國公有領域\北京市民主妇女联合会章程\北京市民主妇女联合会章程__juan_01.txt,1693,1612,0,separate,0.10734265734265735,wenyan-like,1430,0.025874125874125874,0.017482517482517484,19.690140845070424,0,0
中華民國公有領域,1093431,北京政府外交總長顧維鈞為抗議日本出兵山東致日使館照會 (民國16年6月1日),北京政府外交總長顧維鈞為抗議日本出兵山東致日使館照會 (民國16年6月1日),北京政府外交總長顧維鈞為抗議日本出兵山東致日使館照會 (民國16年6月1日),1,scrape_output\raw\中華民國公有領域\北京政府外交總長顧維鈞為抗議日本出兵山東致日使館照會 (民國16年6月1日)\北京政府外交總長顧維鈞為抗議日本出兵山東致日使館照會 (民國16年6月1日)__juan_01.txt,scrape_output\clean\中華民國公有領域\北京政府外交總長顧維鈞為抗議日本出兵山東致日使館照會 (民國16年6月1日)\北京政府外交總長顧維鈞為抗議日本出兵山東致日使館照會 (民國16年6月1日)__juan_01.txt,1047,1002,0,separate,0.13409331919406148,wenyan-like,943,0.026511134676564158,0.031813361611876985,22.4390243902439,0,0
中華民國公有領域,1207605,北朝鮮土地改革法令,北朝鮮土地改革法令,北朝鮮土地改革法令,1,scrape_output\raw\中華民國公有領域\北朝鮮土地改革法令\北朝鮮土地改革法令__juan_01.txt,scrape_output\clean\中華民國公有領域\北朝鮮土地改革法令\北朝鮮土地改革法令__juan_01.txt,1273,1260,0,separate,0.2094865100087032,wenyan-like,1149,0.0731070496083551,0.06440382941688425,29.307692307692307,0,0
中華民國公有領域,1207604,北朝鮮土地改革法令細則,北朝鮮土地改革法令細則,北朝鮮土地改革法令細則,1,scrape_output\raw\中華民國公有領域\北朝鮮土地改革法令細則\北朝鮮土地改革法令細則__juan_01.txt,scrape_output\clean\中華民國公有領域\北朝鮮土地改革法令細則\北朝鮮土地改革法令細則__juan_01.txt,2865,2859,0,separate,0.026389428682471794,wenyan-like,2573,0.10182666148464826,0.015934706568208317,35.391891891891895,0,0
中華民國公有領域,170451,十年來臺灣鐵路,十年來臺灣鐵路,十年來臺灣鐵路,1,scrape_output\suspected_baihua\raw\中華民國公有領域\十年來臺灣鐵路\十年來臺灣鐵路__juan_01.txt,scrape_output\suspected_baihua\clean\中華民國公有領域\十年來臺灣鐵路\十年來臺灣鐵路__juan_01.txt,634,591,0,separate,-0.012320328542094458,baihua-like,487,0.028747433264887063,0.03696098562628337,10.083333333333334,0,0
中華民國公有領域,1169284,协約国对奧匈停战某些要点的細节和实施条款的补充議定书,协約国对奧匈停战某些要点的細节和实施条款的补充議定书,协約国对奧匈停战某些要点的細节和实施条款的补充議定书,1,scrape_output\raw\中華民國公有領域\协約国对奧匈停战某些要点的細节和实施条款的补充議定书\协約国对奧匈停战某些要点的細节和实施条款的补充議定书__juan_01.txt,scrape_output\clean\中華民國公有領域\协約国对奧匈停战某些要点的細节和实施条款的补充議定书\协約国对奧匈停战某些要点的細节和实施条款的补充議定书__juan_01.txt,3272,2924,0,separate,0.09911537043862881,wenyan-like,2713,0.07556210836712127,0.012900847769996313,47.75,0,0
中華民國公有領域,1169278,协約国对奧匈停战議定书,协約国对奧匈停战議定书,协約国对奧匈停战議定书,1,scrape_output\raw\中華民國公有領域\协約国对奧匈停战議定书\协約国对奧匈停战議定书__juan_01.txt,scrape_output\clean\中華民國公有領域\协約国对奧匈停战議定书\协約国对奧匈停战議定书__juan_01.txt,2801,2380,0,separate,0.1343834383438344,wenyan-like,2222,0.0612061206120612,0.009000900090009001,49.77272727272727,0,0
中華民國公有領域,1167713,协约及参战各国对德和约,协约及参战各国对德和约/第一部,协约及参战各国对德和约,1,scrape_output\raw\中華民國公有領域\协约及参战各国对德和约\协约及参战各国对德和约__juan_01.txt,scrape_output\clean\中華民國公有領域\协约及参战各国对德和约\协约及参战各国对德和约__juan_01.txt,6329,6302,0,separate,0.36374414318592346,wenyan-like,109061,0.014377275102924051,0.05343798424734782,36.837967730861656,0,0
中華民國公有領域,1167713,协约及参战各国对德和约,协约及参战各国对德和约/第七部,协约及参战各国对德和约,2,scrape_output\raw\中華民國公有領域\协约及参战各国对德和约\协约及参战各国对德和约__juan_02.txt,scrape_output\clean\中華民國公有領域\协约及参战各国对德和约\协约及参战各国对德和约__juan_02.txt,634,633,0,separate,0.36374414318592346,wenyan-like,109061,0.014377275102924051,0.05343798424734782,36.837967730861656,0,0
中華民國公有領域,1167713,协约及参战各国对德和约,协约及参战各国对德和约/第三部,协约及参战各国对德和约,3,scrape_output\raw\中華民國公有領域\协约及参战各国对德和约\协约及参战各国对德和约__juan_03.txt,scrape_output\clean\中華民國公有領域\协约及参战各国对德和约\协约及参战各国对德和约__juan_03.txt,28278,26407,0,separate,0.36374414318592346,wenyan-like,109061,0.014377275102924051,0.05343798424734782,36.837967730861656,0,0
中華民國公有領域,1167713,协约及参战各国对德和约,协约及参战各国对德和约/第九部,协约及参战各国对德和约,4,scrape_output\raw\中華民國公有領域\协约及参战各国对德和约\协约及参战各国对德和约__juan_04.txt,scrape_output\clean\中華民國公有領域\协约及参战各国对德和约\协约及参战各国对德和约__juan_04.txt,4190,4058,0,separate,0.36374414318592346,wenyan-like,109061,0.014377275102924051,0.05343798424734782,36.837967730861656,0,0
中華民國公有領域,1167713,协约及参战各国对德和约,协约及参战各国对德和约/第二部,协约及参战各国对德和约,5,scrape_output\raw\中華民國公有領域\协约及参战各国对德和约\协约及参战各国对德和约__juan_05.txt,scrape_output\clean\中華民國公有領域\协约及参战各国对德和约\协约及参战各国对德和约__juan_05.txt,3911,2820,0,separate,0.36374414318592346,wenyan-like,109061,0.014377275102924051,0.05343798424734782,36.837967730861656,0,0
中華民國公有領域,1167713,协约及参战各国对德和约,协约及参战各国对德和约/第五部,协约及参战各国对德和约,6,scrape_output\raw\中華民國公有領域\协约及参战各国对德和约\协约及参战各国对德和约__juan_06.txt,scrape_output\clean\中華民國公有領域\协约及参战各国对德和约\协约及参战各国对德和约__juan_06.txt,9153,8948,0,separate,0.36374414318592346,wenyan-like,109061,0.014377275102924051,0.05343798424734782,36.837967730861656,0,0
中華民國公有領域,1167713,协约及参战各国对德和约,协约及参战各国对德和约/第八部,协约及参战各国对德和约,7,scrape_output\raw\中華民國公有領域\协约及参战各国对德和约\协约及参战各国对德和约__juan_07.txt,scrape_output\clean\中華民國公有領域\协约及参战各国对德和约\协约及参战各国对德和约__juan_07.txt,13602,13096,0,separate,0.36374414318592346,wenyan-like,109061,0.014377275102924051,0.05343798424734782,36.837967730861656,0,0
中華民國公有領域,1167713,协约及参战各国对德和约,协约及参战各国对德和约/第六部,协约及参战各国对德和约,8,scrape_output\raw\中華民國公有領域\协约及参战各国对德和约\协约及参战各国对德和约__juan_08.txt,scrape_output\clean\中華民國公有領域\协约及参战各国对德和约\协约及参战各国对德和约__juan_08.txt,1469,1462,0,separate,0.36374414318592346,wenyan-like,109061,0.014377275102924051,0.05343798424734782,36.837967730861656,0,0
中華民國公有領域,1167713,协约及参战各国对德和约,协约及参战各国对德和约/第十一部,协约及参战各国对德和约,9,scrape_output\raw\中華民國公有領域\协约及参战各国对德和约\协约及参战各国对德和约__juan_09.txt,scrape_output\clean\中華民國公有領域\协约及参战各国对德和约\协约及参战各国对德和约__juan_09.txt,693,686,0,separate,0.36374414318592346,wenyan-like,109061,0.014377275102924051,0.05343798424734782,36.837967730861656,0,0
中華民國公有領域,1167713,协约及参战各国对德和约,协约及参战各国对德和约/第十三部,协约及参战各国对德和约,10,scrape_output\raw\中華民國公有領域\协约及参战各国对德和约\协约及参战各国对德和约__juan_10.txt,scrape_output\clean\中華民國公有領域\协约及参战各国对德和约\协约及参战各国对德和约__juan_10.txt,6798,6779,0,separate,0.36374414318592346,wenyan-like,109061,0.014377275102924051,0.05343798424734782,36.837967730861656,0,0
中華民國公有領域,1167713,协约及参战各国对德和约,协约及参战各国对德和约/第十二部,协约及参战各国对德和约,11,scrape_output\raw\中華民國公有領域\协约及参战各国对德和约\协约及参战各国对德和约__juan_11.txt,scrape_output\clean\中華民國公有領域\协约及参战各国对德和约\协约及参战各国对德和约__juan_11.txt,12427,12192,0,separate,0.36374414318592346,wenyan-like,109061,0.014377275102924051,0.05343798424734782,36.837967730861656,0,0
中華民國公有領域,1167713,协约及参战各国对德和约,协约及参战各国对德和约/第十五部,协约及参战各国对德和约,12,scrape_output\raw\中華民國公有領域\协约及参战各国对德和约\协约及参战各国对德和约__juan_12.txt,scrape_output\clean\中華民國公有領域\协约及参战各国对德和约\协约及参战各国对德和约__juan_12.txt,3208,3093,0,separate,0.36374414318592346,wenyan-like,109061,0.014377275102924051,0.05343798424734782,36.837967730861656,0,0
中華民國公有領域,1167713,协约及参战各国对德和约,协约及参战各国对德和约/第十四部,协约及参战各国对德和约,13,scrape_output\raw\中華民國公有領域\协约及参战各国对德和约\协约及参战各国对德和约__juan_13.txt,scrape_output\clean\中華民國公有領域\协约及参战各国对德和约\协约及参战各国对德和约__juan_13.txt,1213,1040,0,separate,0.36374414318592346,wenyan-like,109061,0.014377275102924051,0.05343798424734782,36.837967730861656,0,0
中華民國公有領域,1167713,协约及参战各国对德和约,协约及参战各国对德和约/第十部,协约及参战各国对德和约,14,scrape_output\raw\中華民國公有領域\协约及参战各国对德和约\协约及参战各国对德和约__juan_14.txt,scrape_output\clean\中華民國公有領域\协约及参战各国对德和约\协约及参战各国对德和约__juan_14.txt,26136,25514,0,separate,0.36374414318592346,wenyan-like,109061,0.014377275102924051,0.05343798424734782,36.837967730861656,0,0
中華民國公有領域,1167713,协约及参战各国对德和约,协约及参战各国对德和约/第四部,协约及参战各国对德和约,15,scrape_output\raw\中華民國公有領域\协约及参战各国对德和约\协约及参战各国对德和约__juan_15.txt,scrape_output\clean\中華民國公有領域\协约及参战各国对德和约\协约及参战各国对德和约__juan_15.txt,4491,4292,0,separate,0.36374414318592346,wenyan-like,109061,0.014377275102924051,0.05343798424734782,36.837967730861656,0,0
中華民國公有領域,1167713,协约及参战各国对德和约,协约及参战各国对德和约/議定书,协约及参战各国对德和约,16,scrape_output\raw\中華民國公有領域\协约及参战各国对德和约\协约及参战各国对德和约__juan_16.txt,scrape_output\clean\中華民國公有領域\协约及参战各国对德和约\协约及参战各国对德和约__juan_16.txt,464,446,0,separate,0.36374414318592346,wenyan-like,109061,0.014377275102924051,0.05343798424734782,36.837967730861656,0,0
中華民國公有領域,1086488,南京留守黃興電請銷職並報吿遣散軍隊情形,南京留守黃興電請銷職並報吿遣散軍隊情形,南京留守黃興電請銷職並報吿遣散軍隊情形,1,scrape_output\raw\中華民國公有領域\南京留守黃興電請銷職並報吿遣散軍隊情形\南京留守黃興電請銷職並報吿遣散軍隊情形__juan_01.txt,scrape_output\clean\中華民國公有領域\南京留守黃興電請銷職並報吿遣散軍隊情形\南京留守黃興電請銷職並報吿遣散軍隊情形__juan_01.txt,1380,1337,0,separate,0.027386541471048513,wenyan-like,1278,0.01486697965571205,0.03599374021909233,8.74436090225564,0,0
中華民國公有領域,1206428,南海諸島位置圖,南海諸島位置圖,南海諸島位置圖,1,scrape_output\suspected_baihua\raw\中華民國公有領域\南海諸島位置圖\南海諸島位置圖__juan_01.txt,scrape_output\suspected_baihua\clean\中華民國公有領域\南海諸島位置圖\南海諸島位置圖__juan_01.txt,418,375,0,separate,-0.06289308176100629,baihua-like,318,0.0440251572327044,0.03459119496855346,11.0,0,0
中華民國公有領域,201163,南海諸島新舊名稱對照表,南海諸島新舊名稱對照表,南海諸島新舊名稱對照表,1,scrape_output\suspected_baihua\raw\中華民國公有領域\南海諸島新舊名稱對照表\南海諸島新舊名稱對照表__juan_01.txt,scrape_output\suspected_baihua\clean\中華民國公有領域\南海諸島新舊名稱對照表\南海諸島新舊名稱對照表__juan_01.txt,482,437,0,separate,-0.07123287671232878,baihua-like,365,0.043835616438356165,0.030136986301369864,10.757575757575758,0,0
中華民國公有領域,1085521,原住民保留地開發管理辦法 (民國108年),原住民保留地開發管理辦法 (民國108年),原住民保留地開發管理辦法 (民國108年),1,scrape_output\raw\中華民國公有領域\原住民保留地開發管理辦法 (民國108年)\原住民保留地開發管理辦法 (民國108年)__juan_01.txt,scrape_output\clean\中華民國公有領域\原住民保留地開發管理辦法 (民國108年)\原住民保留地開發管理辦法 (民國108年)__juan_01.txt,6229,6172,0,separate,0.23843478260869566,wenyan-like,5750,0.04417391304347826,0.035478260869565216,27.62439024390244,0,0
中華民國公有領域,1085519,原住民保留地開發管理辦法 (民國90年),原住民保留地開發管理辦法 (民國90年),原住民保留地開發管理辦法 (民國90年),1,scrape_output\raw\中華民國公有領域\原住民保留地開發管理辦法 (民國90年)\原住民保留地開發管理辦法 (民國90年)__juan_01.txt,scrape_output\clean\中華民國公有領域\原住民保留地開發管理辦法 (民國90年)\原住民保留地開發管理辦法 (民國90年)__juan_01.txt,6195,5993,0,separate,0.23127211771279568,wenyan-like,5369,0.0478673868504377,0.03743713913205439,28.38144329896907,0,0
中華民國公有領域,1085524,原住民個人或團體經營原住民族地區溫泉輔導及獎勵辦法 (民國104年),原住民個人或團體經營原住民族地區溫泉輔導及獎勵辦法 (民國104年),原住民個人或團體經營原住民族地區溫泉輔導及獎勵辦法 (民國104年),1,scrape_output\raw\中華民國公有領域\原住民個人或團體經營原住民族地區溫泉輔導及獎勵辦法 (民國104年)\原住民個人或團體經營原住民族地區溫泉輔導及獎勵辦法 (民國104年)__juan_01.txt,scrape_output\clean\中華民國公有領域\原住民個人或團體經營原住民族地區溫泉輔導及獎勵辦法 (民國104年)\原住民個人或團體經營原住民族地區溫泉輔導及獎勵辦法 (民國104年)__juan_01.txt,1648,1571,0,separate,0.11767083027185893,wenyan-like,1361,0.03085966201322557,0.030124908155767818,18.0,0,0
中華民國公有領域,1085523,原住民個人或團體經營原住民族地區溫泉輔導及獎勵辦法 (民國92年),原住民個人或團體經營原住民族地區溫泉輔導及獎勵辦法 (民國92年),原住民個人或團體經營原住民族地區溫泉輔導及獎勵辦法 (民國92年),1,scrape_output\raw\中華民國公有領域\原住民個人或團體經營原住民族地區溫泉輔導及獎勵辦法 (民國92年)\原住民個人或團體經營原住民族地區溫泉輔導及獎勵辦法 (民國92年)__juan_01.txt,scrape_output\clean\中華民國公有領域\原住民個人或團體經營原住民族地區溫泉輔導及獎勵辦法 (民國92年)\原住民個人或團體經營原住民族地區溫泉輔導及獎勵辦法 (民國92年)__juan_01.txt,1653,1574,0,separate,0.11769456681350954,wenyan-like,1362,0.030837004405286344,0.03010279001468429,18.04054054054054,0,0
中華民國公有領域,1085515,原住民民族別認定辦法 (民國91年),原住民民族別認定辦法 (民國91年),原住民民族別認定辦法 (民國91年),1,scrape_output\raw\中華民國公有領域\原住民民族別認定辦法 (民國91年)\原住民民族別認定辦法 (民國91年)__juan_01.txt,scrape_output\clean\中華民國公有領域\原住民民族別認定辦法 (民國91年)\原住民民族別認定辦法 (民國91年)__juan_01.txt,1621,1552,0,separate,0.21535947712418302,wenyan-like,1377,0.02178649237472767,0.06535947712418301,21.015625,0,0
中華民國公有領域,1085516,原住民民族別認定辦法 (民國93年),原住民民族別認定辦法 (民國93年),原住民民族別認定辦法 (民國93年),1,scrape_output\raw\中華民國公有領域\原住民民族別認定辦法 (民國93年)\原住民民族別認定辦法 (民國93年)__juan_01.txt,scrape_output\clean\中華民國公有領域\原住民民族別認定辦法 (民國93年)\原住民民族別認定辦法 (民國93年)__juan_01.txt,1631,1562,0,separate,0.21488824801730352,wenyan-like,1387,0.021629416005767843,0.06488824801730353,21.171875,0,0
中華民國公有領域,1066781,參謀部、陸軍部轉中華民國大總統令責成所部各軍隊堵截剿辦白朗餘部,參謀部、陸軍部轉中華民國大總統令責成所部各軍隊堵截剿辦白朗餘部,參謀部、陸軍部轉中華民國大總統令責成所部各軍隊堵截剿辦白朗餘部,1,scrape_output\suspected_baihua\raw\中華民國公有領域\參謀部、陸軍部轉中華民國大總統令責成所部各軍隊堵截剿辦白朗餘部\參謀部、陸軍部轉中華民國大總統令責成所部各軍隊堵截剿辦白朗餘部__juan_01.txt,scrape_output\suspected_baihua\clean\中華民國公有領域\參謀部、陸軍部轉中華民國大總統令責成所部各軍隊堵截剿辦白朗餘部\參謀部、陸軍部轉中華民國大總統令責成所部各軍隊堵截剿辦白朗餘部__juan_01.txt,593,544,0,separate,-0.035343035343035345,baihua-like,481,0.031185031185031187,0.029106029106029108,12.157894736842104,0,0
中華民國公有領域,1145152,反駁日本政府對釣魚臺列嶼之繆論,反駁日本政府對釣魚臺列嶼之繆論,反駁日本政府對釣魚臺列嶼之繆論,1,scrape_output\raw\中華民國公有領域\反駁日本政府對釣魚臺列嶼之繆論\反駁日本政府對釣魚臺列嶼之繆論__juan_01.txt,scrape_output\clean\中華民國公有領域\反駁日本政府對釣魚臺列嶼之繆論\反駁日本政府對釣魚臺列嶼之繆論__juan_01.txt,2322,2146,0,separate,0.047551224387806096,wenyan-like,2001,0.04447776111944028,0.015492253873063468,20.726315789473684,0,0
中華民國公有領域,1168824,发刊词,发刊词,发刊词,1,scrape_output\raw\中華民國公有領域\发刊词\发刊词__juan_01.txt,scrape_output\clean\中華民國公有領域\发刊词\发刊词__juan_01.txt,2155,2054,0,separate,0.09029029029029026,wenyan-like,1998,0.07857857857857858,0.013013013013013013,46.92857142857143,0,0
中華民國公有領域,1085471,受嚴重特殊傳染性肺炎疫情影響致畜牧產業與事業營運困難之紓困及振興措施補助作業規範 (民國109年3月),受嚴重特殊傳染性肺炎疫情影響致畜牧產業與事業營運困難之紓困及振興措施補助作業規範 (民國109年3月),受嚴重特殊傳染性肺炎疫情影響致畜牧產業與事業營運困難之紓困及振興措施補助作業規範 (民國109年3月),1,scrape_output\raw\中華民國公有領域\受嚴重特殊傳染性肺炎疫情影響致畜牧產業與事業營運困難之紓困及振興措施補助作業規範 (民國109年3月)\受嚴重特殊傳染性肺炎疫情影響致畜牧產業與事業營運困難之紓困及振興措施補助作業規範 (民國109年3月)__juan_01.txt,scrape_output\clean\中華民國公有領域\受嚴重特殊傳染性肺炎疫情影響致畜牧產業與事業營運困難之紓困及振興措施補助作業規範 (民國109年3月)\受嚴重特殊傳染性肺炎疫情影響致畜牧產業與事業營運困難之紓困及振興措施補助作業規範 (民國109年3月)__juan_01.txt,1517,1448,0,separate,0.2865067466266866,wenyan-like,1334,0.022488755622188907,0.026986506746626688,26.38,0,0
中華民國公有領域,1085472,受嚴重特殊傳染性肺炎疫情影響致畜牧產業與事業營運困難之紓困及振興措施補助作業規範 (民國109年5月),受嚴重特殊傳染性肺炎疫情影響致畜牧產業與事業營運困難之紓困及振興措施補助作業規範 (民國109年5月),受嚴重特殊傳染性肺炎疫情影響致畜牧產業與事業營運困難之紓困及振興措施補助作業規範 (民國109年5月),1,scrape_output\raw\中華民國公有領域\受嚴重特殊傳染性肺炎疫情影響致畜牧產業與事業營運困難之紓困及振興措施補助作業規範 (民國109年5月)\受嚴重特殊傳染性肺炎疫情影響致畜牧產業與事業營運困難之紓困及振興措施補助作業規範 (民國109年5月)__juan_01.txt,scrape_output\clean\中華民國公有領域\受嚴重特殊傳染性肺炎疫情影響致畜牧產業與事業營運困難之紓困及振興措施補助作業規範 (民國109年5月)\受嚴重特殊傳染性肺炎疫情影響致畜牧產業與事業營運困難之紓困及振興措施補助作業規範 (民國109年5月)__juan_01.txt,3389,3283,0,separate,0.3077077747989276,wenyan-like,2984,0.017091152815013406,0.029490616621983913,33.56043956043956,0,0
中華民國公有領域,1085473,受嚴重特殊傳染性肺炎疫情影響致畜牧產業與事業營運困難之紓困及振興措施補助作業規範 (民國110年),受嚴重特殊傳染性肺炎疫情影響致畜牧產業與事業營運困難之紓困及振興措施補助作業規範 (民國110年),受嚴重特殊傳染性肺炎疫情影響致畜牧產業與事業營運困難之紓困及振興措施補助作業規範 (民國110年),1,scrape_output\raw\中華民國公有領域\受嚴重特殊傳染性肺炎疫情影響致畜牧產業與事業營運困難之紓困及振興措施補助作業規範 (民國110年)\受嚴重特殊傳染性肺炎疫情影響致畜牧產業與事業營運困難之紓困及振興措施補助作業規範 (民國110年)__juan_01.txt,scrape_output\clean\中華民國公有領域\受嚴重特殊傳染性肺炎疫情影響致畜牧產業與事業營運困難之紓困及振興措施補助作業規範 (民國110年)\受嚴重特殊傳染性肺炎疫情影響致畜牧產業與事業營運困難之紓困及振興措施補助作業規範 (民國110年)__juan_01.txt,3387,3281,0,separate,0.3077129443326626,wenyan-like,2982,0.01710261569416499,0.029510395707578806,33.53846153846154,0,0
中華民國公有領域,29891,台南市路里譜,台南市路里譜,台南市路里譜,1,scrape_output\raw\中華民國公有領域\台南市路里譜\台南市路里譜__juan_01.txt,scrape_output\clean\中華民國公有領域\台南市路里譜\台南市路里譜__juan_01.txt,1352,1309,0,separate,0.14478260869565215,wenyan-like,1150,0.020869565217391306,0.028695652173913042,15.121621621621621,0,0
中華民國公有領域,1136971,台灣民主自治同盟告台灣同胞書 (1948年5月7日),台灣民主自治同盟告台灣同胞書 (1948年5月7日),台灣民主自治同盟告台灣同胞書 (1948年5月7日),1,scrape_output\raw\中華民國公有領域\台灣民主自治同盟告台灣同胞書 (1948年5月7日)\台灣民主自治同盟告台灣同胞書 (1948年5月7日)__juan_01.txt,scrape_output\clean\中華民國公有領域\台灣民主自治同盟告台灣同胞書 (1948年5月7日)\台灣民主自治同盟告台灣同胞書 (1948年5月7日)__juan_01.txt,1442,1388,0,separate,0.11185185185185181,wenyan-like,1350,0.0725925925925926,0.014814814814814815,42.903225806451616,0,0
中華民國公有領域,1136972,台灣民主自治同盟告台灣同胞書 (1950年2月28日),台灣民主自治同盟告台灣同胞書 (1950年2月28日),台灣民主自治同盟告台灣同胞書 (1950年2月28日),1,scrape_output\raw\中華民國公有領域\台灣民主自治同盟告台灣同胞書 (1950年2月28日)\台灣民主自治同盟告台灣同胞書 (1950年2月28日)__juan_01.txt,scrape_output\clean\中華民國公有領域\台灣民主自治同盟告台灣同胞書 (1950年2月28日)\台灣民主自治同盟告台灣同胞書 (1950年2月28日)__juan_01.txt,1588,1536,0,separate,0.05502008032128511,wenyan-like,1494,0.08969210174029452,0.012048192771084338,35.73170731707317,0,0
中華民國公有領域,1086097,司法總長梁啟超呈大總統敬陳司法計畫十端留備采擇文,司法總長梁啟超呈大總統敬陳司法計畫十端留備采擇文,司法總長梁啟超呈大總統敬陳司法計畫十端留備采擇文,1,scrape_output\raw\中華民國公有領域\司法總長梁啟超呈大總統敬陳司法計畫十端留備采擇文\司法總長梁啟超呈大總統敬陳司法計畫十端留備采擇文__juan_01.txt,scrape_output\clean\中華民國公有領域\司法總長梁啟超呈大總統敬陳司法計畫十端留備采擇文\司法總長梁啟超呈大總統敬陳司法計畫十端留備采擇文__juan_01.txt,4253,4210,0,separate,0.08911614317019723,wenyan-like,4107,0.020939858777696614,0.07596785975164354,6.653061224489796,0,0
中華民國公有領域,1169386,各國憲法彙編,各國憲法彙編,各國憲法彙編,1,scrape_output\raw\中華民國公有領域\各國憲法彙編\各國憲法彙編__juan_01.txt,scrape_output\clean\中華民國公有領域\各國憲法彙編\各國憲法彙編__juan_01.txt,4695,4486,0,separate,0.03741904533461261,wenyan-like,4169,0.011993283761093787,0.03669944830894699,9.915,0,0
中華民國公有領域,165625,各國禁煙公約,各國禁煙公約,各國禁煙公約,1,scrape_output\raw\中華民國公有領域\各國禁煙公約\各國禁煙公約__juan_01.txt,scrape_output\clean\中華民國公有領域\各國禁煙公約\各國禁煙公約__juan_01.txt,4415,4337,0,separate,0.31802252816020027,wenyan-like,3995,0.02553191489361702,0.04730913642052566,32.584,0,0
中華民國公有領域,16008,向人民報告,向人民報告,向人民報告,1,scrape_output\raw\中華民國公有領域\向人民報告\向人民報告__juan_01.txt,scrape_output\clean\中華民國公有領域\向人民報告\向人民報告__juan_01.txt,19542,19372,0,separate,0.000613043018708348,wenyan-like,18922,0.11135186555332417,0.01733431983934045,49.17989417989418,0,0
中華民國公有領域,891707,吳畹卿先生小傳,吳畹卿先生小傳,吳畹卿先生小傳,1,scrape_output\raw\中華民國公有領域\吳畹卿先生小傳\吳畹卿先生小傳__juan_01.txt,scrape_output\clean\中華民國公有領域\吳畹卿先生小傳\吳畹卿先生小傳__juan_01.txt,1503,1450,0,separate,0.44646110721793975,wenyan-like,1427,0.01051156271899089,0.0889978976874562,32.348837209302324,0,0
中華民國公有領域,1083543,吳縣知事公署奉執政府秘書廳電諭各省區軍民長官剴切勸導各界靜候解決滬變等情致蘇州總商會函,吳縣知事公署奉執政府秘書廳電諭各省區軍民長官剴切勸導各界靜候解決滬變等情致蘇州總商會函,吳縣知事公署奉執政府秘書廳電諭各省區軍民長官剴切勸導各界靜候解決滬變等情致蘇州總商會函,1,scrape_output\raw\中華民國公有領域\吳縣知事公署奉執政府秘書廳電諭各省區軍民長官剴切勸導各界靜候解決滬變等情致蘇州總商會函\吳縣知事公署奉執政府秘書廳電諭各省區軍民長官剴切勸導各界靜候解決滬變等情致蘇州總商會函__juan_01.txt,scrape_output\clean\中華民國公有領域\吳縣知事公署奉執政府秘書廳電諭各省區軍民長官剴切勸導各界靜候解決滬變等情致蘇州總商會函\吳縣知事公署奉執政府秘書廳電諭各省區軍民長官剴切勸導各界靜候解決滬變等情致蘇州總商會函__juan_01.txt,1009,963,0,separate,0.13412698412698412,wenyan-like,882,0.022675736961451247,0.026077097505668934,17.08,0,0
中華民國公有領域,1083544,吳縣知事公署奉執政府秘書廳電諭為妥籌防範假托滬變借端擾亂等情致蘇州總商會函,吳縣知事公署奉執政府秘書廳電諭為妥籌防範假托滬變借端擾亂等情致蘇州總商會函,吳縣知事公署奉執政府秘書廳電諭為妥籌防範假托滬變借端擾亂等情致蘇州總商會函,1,scrape_output\suspected_baihua\raw\中華民國公有領域\吳縣知事公署奉執政府秘書廳電諭為妥籌防範假托滬變借端擾亂等情致蘇州總商會函\吳縣知事公署奉執政府秘書廳電諭為妥籌防範假托滬變借端擾亂等情致蘇州總商會函__juan_01.txt,scrape_output\suspected_baihua\clean\中華民國公有領域\吳縣知事公署奉執政府秘書廳電諭為妥籌防範假托滬變借端擾亂等情致蘇州總商會函\吳縣知事公署奉執政府秘書廳電諭為妥籌防範假托滬變借端擾亂等情致蘇州總商會函__juan_01.txt,713,668,0,separate,-0.01522842639593909,baihua-like,591,0.025380710659898477,0.030456852791878174,14.275,0,0
中華民國公有領域,1078776,吳縣知事公署為制止各商盲從滬上罷市致蘇州總商會函,吳縣知事公署為制止各商盲從滬上罷市致蘇州總商會函,吳縣知事公署為制止各商盲從滬上罷市致蘇州總商會函,1,scrape_output\raw\中華民國公有領域\吳縣知事公署為制止各商盲從滬上罷市致蘇州總商會函\吳縣知事公署為制止各商盲從滬上罷市致蘇州總商會函__juan_01.txt,scrape_output\clean\中華民國公有領域\吳縣知事公署為制止各商盲從滬上罷市致蘇州總商會函\吳縣知事公署為制止各商盲從滬上罷市致蘇州總商會函__juan_01.txt,793,749,0,separate,0.14557522123893804,wenyan-like,678,0.025073746312684365,0.035398230088495575,17.83783783783784,0,0
中華民國公有領域,1083542,吳縣知事公署轉發江蘇宣撫使、省長為勸導各界靜候解決上海風潮等情電,吳縣知事公署轉發江蘇宣撫使、省長為勸導各界靜候解決上海風潮等情電,吳縣知事公署轉發江蘇宣撫使、省長為勸導各界靜候解決上海風潮等情電,1,scrape_output\raw\中華民國公有領域\吳縣知事公署轉發江蘇宣撫使、省長為勸導各界靜候解決上海風潮等情電\吳縣知事公署轉發江蘇宣撫使、省長為勸導各界靜候解決上海風潮等情電__juan_01.txt,scrape_output\clean\中華民國公有領域\吳縣知事公署轉發江蘇宣撫使、省長為勸導各界靜候解決上海風潮等情電\吳縣知事公署轉發江蘇宣撫使、省長為勸導各界靜候解決上海風潮等情電__juan_01.txt,1004,958,0,separate,0.12042093287827076,wenyan-like,879,0.027303754266211604,0.026166097838452786,18.127659574468087,0,0
中華民國公有領域,1204356,呂春榮告粵省同胞書,呂春榮告粵省同胞書,呂春榮告粵省同胞書,1,scrape_output\raw\中華民國公有領域\呂春榮告粵省同胞書\呂春榮告粵省同胞書__juan_01.txt,scrape_output\clean\中華民國公有領域\呂春榮告粵省同胞書\呂春榮告粵省同胞書__juan_01.txt,1896,1847,0,separate,0.32147577092511015,wenyan-like,1816,0.020374449339207047,0.04129955947136564,69.1923076923077,0,0
中華民國公有領域,11196,呈中央執行委員會請辭本兼各職文,呈中央執行委員會請辭本兼各職文,呈中央執行委員會請辭本兼各職文,1,scrape_output\raw\中華民國公有領域\呈中央執行委員會請辭本兼各職文\呈中央執行委員會請辭本兼各職文__juan_01.txt,scrape_output\clean\中華民國公有領域\呈中央執行委員會請辭本兼各職文\呈中央執行委員會請辭本兼各職文__juan_01.txt,960,917,0,separate,0.31405152224824356,wenyan-like,854,0.02810304449648712,0.04918032786885246,26.34375,0,0
中華民國公有領域,885153,呈國民政府辭總司令職,呈國民政府辭總司令職,呈國民政府辭總司令職,1,scrape_output\suspected_baihua\raw\中華民國公有領域\呈國民政府辭總司令職\呈國民政府辭總司令職__juan_01.txt,scrape_output\suspected_baihua\clean\中華民國公有領域\呈國民政府辭總司令職\呈國民政府辭總司令職__juan_01.txt,538,495,0,separate,-0.03686635944700461,baihua-like,434,0.03225806451612903,0.029953917050691243,13.612903225806452,0,0
中華民國公有領域,1132128,呈大總統請將柯劭忞所著新元史一併列入正史文,呈大總統請將柯劭忞所著新元史一併列入正史文,呈大總統請將柯劭忞所著新元史一併列入正史文,1,scrape_output\suspected_baihua\raw\中華民國公有領域\呈大總統請將柯劭忞所著新元史一併列入正史文\呈大總統請將柯劭忞所著新元史一併列入正史文__juan_01.txt,scrape_output\suspected_baihua\clean\中華民國公有領域\呈大總統請將柯劭忞所著新元史一併列入正史文\呈大總統請將柯劭忞所著新元史一併列入正史文__juan_01.txt,1513,1390,0,separate,-0.044176706827309245,baihua-like,1245,0.03453815261044177,0.02971887550200803,12.791666666666666,0,0
中華民國公有領域,189901,呈為呈報複校經過仰祈准予備案,呈為呈報複校經過仰祈准予備案,呈為呈報複校經過仰祈准予備案,1,scrape_output\suspected_baihua\raw\中華民國公有領域\呈為呈報複校經過仰祈准予備案\呈為呈報複校經過仰祈准予備案__juan_01.txt,scrape_output\suspected_baihua\clean\中華民國公有領域\呈為呈報複校經過仰祈准予備案\呈為呈報複校經過仰祈准予備案__juan_01.txt,603,560,0,separate,-0.046938775510204075,baihua-like,490,0.030612244897959183,0.022448979591836733,13.714285714285714,0,0
中華民國公有領域,11080,呈請國民政府特赦張學良文,呈請國民政府特赦張學良文,呈請國民政府特赦張學良文,1,scrape_output\raw\中華民國公有領域\呈請國民政府特赦張學良文\呈請國民政府特赦張學良文__juan_01.txt,scrape_output\clean\中華民國公有領域\呈請國民政府特赦張學良文\呈請國民政府特赦張學良文__juan_01.txt,925,882,0,separate,0.14877899877899878,wenyan-like,819,0.0231990231990232,0.03418803418803419,17.282608695652176,0,0
中華民國公有領域,872791,告人民解放軍,告人民解放軍,告人民解放軍,1,scrape_output\suspected_baihua\raw\中華民國公有領域\告人民解放軍\告人民解放軍__juan_01.txt,scrape_output\suspected_baihua\clean\中華民國公有領域\告人民解放軍\告人民解放軍__juan_01.txt,618,575,0,separate,-0.11706349206349206,baihua-like,504,0.057539682539682536,0.027777777777777776,13.914285714285715,0,0
中華民國公有領域,34237,告全國同胞一致安內攘外書,告全國同胞一致安內攘外書,告全國同胞一致安內攘外書,1,scrape_output\raw\中華民國公有領域\告全國同胞一致安內攘外書\告全國同胞一致安內攘外書__juan_01.txt,scrape_output\clean\中華民國公有領域\告全國同胞一致安內攘外書\告全國同胞一致安內攘外書__juan_01.txt,2119,2069,0,separate,0.4196410767696909,wenyan-like,2006,0.00897308075772682,0.0732801595214357,28.36231884057971,0,0
中華民國公有領域,196291,告全國榮譽軍人書,告全國榮譽軍人書,告全國榮譽軍人書,1,scrape_output\suspected_baihua\raw\中華民國公有領域\告全國榮譽軍人書\告全國榮譽軍人書__juan_01.txt,scrape_output\suspected_baihua\clean\中華民國公有領域\告全國榮譽軍人書\告全國榮譽軍人書__juan_01.txt,1669,1626,0,separate,-0.07315112540192925,baihua-like,1555,0.08810289389067524,0.020578778135048232,24.81967213114754,0,0
中華民國公有領域,196211,告友邦人士書,告友邦人士書,告友邦人士書,1,scrape_output\raw\中華民國公有領域\告友邦人士書\告友邦人士書__juan_01.txt,scrape_output\clean\中華民國公有領域\告友邦人士書\告友邦人士書__juan_01.txt,1535,1492,0,separate,0.3636808957312806,wenyan-like,1429,0.02729181245626312,0.072778166550035,32.72093023255814,0,0
中華民國公有領域,111157,告四川省同胞書,告四川省同胞書,告四川省同胞書,1,scrape_output\raw\中華民國公有領域\告四川省同胞書\告四川省同胞書__juan_01.txt,scrape_output\clean\中華民國公有領域\告四川省同胞書\告四川省同胞書__juan_01.txt,3114,3071,0,separate,0.3659780073308897,wenyan-like,3001,0.016661112962345886,0.05798067310896368,44.11940298507463,0,0
中華民國公有領域,1082901,告西藏同胞书,告西藏同胞书,告西藏同胞书,1,scrape_output\suspected_baihua\raw\中華民國公有領域\告西藏同胞书\告西藏同胞书__juan_01.txt,scrape_output\suspected_baihua\clean\中華民國公有領域\告西藏同胞书\告西藏同胞书__juan_01.txt,1038,995,0,separate,-0.00800865800865802,baihua-like,924,0.0670995670995671,0.021645021645021644,21.975609756097562,0,0
中華民國公有領域,110327,和平建国纲领,和平建国纲领,和平建国纲领,1,scrape_output\raw\中華民國公有領域\和平建国纲领\和平建国纲领__juan_01.txt,scrape_output\clean\中華民國公有領域\和平建国纲领\和平建国纲领__juan_01.txt,3540,3497,0,separate,0.33260207190737356,wenyan-like,3282,0.014320536258379037,0.037781840341255334,26.92436974789916,0,0
中華民國公有領域,1004617,哀慟！告別日本與嘉義市的管樂城市外交推手,哀慟！告別日本與嘉義市的管樂城市外交推手,哀慟！告別日本與嘉義市的管樂城市外交推手,1,scrape_output\raw\中華民國公有領域\哀慟！告別日本與嘉義市的管樂城市外交推手\哀慟！告別日本與嘉義市的管樂城市外交推手__juan_01.txt,scrape_output\clean\中華民國公有領域\哀慟！告別日本與嘉義市的管樂城市外交推手\哀慟！告別日本與嘉義市的管樂城市外交推手__juan_01.txt,938,880,0,separate,0.20306748466257668,wenyan-like,815,0.04539877300613497,0.0196319018404908,25.0625,0,0
中華民國公有領域,176861,嚴懲亂黨僞造假幣令,嚴懲亂黨僞造假幣令,嚴懲亂黨僞造假幣令,1,scrape_output\raw\中華民國公有領域\嚴懲亂黨僞造假幣令\嚴懲亂黨僞造假幣令__juan_01.txt,scrape_output\clean\中華民國公有領域\嚴懲亂黨僞造假幣令\嚴懲亂黨僞造假幣令__juan_01.txt,892,756,0,separate,0.11797671033478895,wenyan-like,687,0.026200873362445413,0.023289665211062592,19.17142857142857,0,0
中華民國公有領域,1085118,因應嚴重特殊傳染性肺炎振興五倍券發放辦法 (民國110年),因應嚴重特殊傳染性肺炎振興五倍券發放辦法 (民國110年),因應嚴重特殊傳染性肺炎振興五倍券發放辦法 (民國110年),1,scrape_output\raw\中華民國公有領域\因應嚴重特殊傳染性肺炎振興五倍券發放辦法 (民國110年)\因應嚴重特殊傳染性肺炎振興五倍券發放辦法 (民國110年)__juan_01.txt,scrape_output\clean\中華民國公有領域\因應嚴重特殊傳染性肺炎振興五倍券發放辦法 (民國110年)\因應嚴重特殊傳染性肺炎振興五倍券發放辦法 (民國110年)__juan_01.txt,3193,3121,0,separate,0.31552028218694883,wenyan-like,2835,0.021164021164021163,0.03950617283950617,30.89010989010989,0,0
中華民國公有領域,1090889,国民政府行政院驳西藏地方当局电,国民政府行政院驳西藏地方当局电,国民政府行政院驳西藏地方当局电,1,scrape_output\raw\中華民國公有領域\国民政府行政院驳西藏地方当局电\国民政府行政院驳西藏地方当局电__juan_01.txt,scrape_output\clean\中華民國公有領域\国民政府行政院驳西藏地方当局电\国民政府行政院驳西藏地方当局电__juan_01.txt,716,669,0,separate,0.12512437810945273,wenyan-like,603,0.028192371475953566,0.029850746268656716,16.82857142857143,0,0
中華民國公有領域,1168353,国际常设法院规约,国际常设法院规约,国际常设法院规约,1,scrape_output\raw\中華民國公有領域\国际常设法院规约\国际常设法院规约__juan_01.txt,scrape_output\clean\中華民國公有領域\国际常设法院规约\国际常设法院规约__juan_01.txt,7476,7429,0,separate,0.19387144992526156,wenyan-like,6690,0.043647234678624816,0.012406576980568011,26.20883534136546,0,0
中華民國公有領域,1188363,国际条约集（1917-1923）,国际条约集（1917-1923）,国际条约集（1917-1923）,1,scrape_output\suspected_baihua\raw\中華民國公有領域\国际条约集（1917-1923）\国际条约集（1917-1923）__juan_01.txt,scrape_output\suspected_baihua\clean\中華民國公有領域\国际条约集（1917-1923）\国际条约集（1917-1923）__juan_01.txt,5077,4170,0,separate,-0.1083130246412131,baihua-like,3693,0.043866774979691305,0.011643650148930408,14.571428571428571,0,0
中華民國公有領域,1188382,国际条约集（1924-1933）,国际条约集（1924-1933）,国际条约集（1924-1933）,1,scrape_output\suspected_baihua\raw\中華民國公有領域\国际条约集（1924-1933）\国际条约集（1924-1933）__juan_01.txt,scrape_output\suspected_baihua\clean\中華民國公有領域\国际条约集（1924-1933）\国际条约集（1924-1933）__juan_01.txt,4496,3742,0,separate,-0.13090909090909092,baihua-like,3300,0.051515151515151514,0.011818181818181818,13.654166666666667,0,0
中華民國公有領域,1168363,国际軍事法庭程序规则,国际軍事法庭程序规则,国际軍事法庭程序规则,1,scrape_output\raw\中華民國公有領域\国际軍事法庭程序规则\国际軍事法庭程序规则__juan_01.txt,scrape_output\clean\中華民國公有領域\国际軍事法庭程序规则\国际軍事法庭程序规则__juan_01.txt,2865,2837,0,separate,0.07516778523489931,wenyan-like,2682,0.08240119313944817,0.011185682326621925,43.39344262295082,0,0
中華民國公有領域,26027,國內和平協定（最後修正案）,國內和平協定（最後修正案）,國內和平協定（最後修正案）,1,scrape_output\raw\中華民國公有領域\國內和平協定（最後修正案）\國內和平協定（最後修正案）__juan_01.txt,scrape_output\clean\中華民國公有領域\國內和平協定（最後修正案）\國內和平協定（最後修正案）__juan_01.txt,5466,5409,0,separate,0.039355742296918766,wenyan-like,4998,0.04941976790716286,0.018807523009203683,18.664150943396226,0,0
中華民國公有領域,1087334,國務院稅務處為促津埠商界利用歐戰之機擴大土貨出口致天津總商會函,國務院稅務處為促津埠商界利用歐戰之機擴大土貨出口致天津總商會函,國務院稅務處為促津埠商界利用歐戰之機擴大土貨出口致天津總商會函,1,scrape_output\raw\中華民國公有領域\國務院稅務處為促津埠商界利用歐戰之機擴大土貨出口致天津總商會函\國務院稅務處為促津埠商界利用歐戰之機擴大土貨出口致天津總商會函__juan_01.txt,scrape_output\clean\中華民國公有領域\國務院稅務處為促津埠商界利用歐戰之機擴大土貨出口致天津總商會函\國務院稅務處為促津埠商界利用歐戰之機擴大土貨出口致天津總商會函__juan_01.txt,726,683,0,separate,0.14516129032258063,wenyan-like,620,0.03387096774193549,0.04838709677419355,16.77777777777778,0,0
中華民國公有領域,7467,國家統一綱領,國家統一綱領,國家統一綱領,1,scrape_output\raw\中華民國公有領域\國家統一綱領\國家統一綱領__juan_01.txt,scrape_output\clean\中華民國公有領域\國家統一綱領\國家統一綱領__juan_01.txt,1305,1242,0,separate,0.03454706927175842,wenyan-like,1126,0.047957371225577264,0.014209591474245116,21.423076923076923,0,0
中華民國公有領域,887410,國家通訊傳播委員會105年12月21日第728次委員會議審議違規節目廣告一覽表,國家通訊傳播委員會105年12月21日第728次委員會議審議違規節目廣告一覽表,國家通訊傳播委員會105年12月21日第728次委員會議審議違規節目廣告一覽表,1,scrape_output\suspected_baihua\raw\中華民國公有領域\國家通訊傳播委員會105年12月21日第728次委員會議審議違規節目廣告一覽表\國家通訊傳播委員會105年12月21日第728次委員會議審議違規節目廣告一覽表__juan_01.txt,scrape_output\suspected_baihua\clean\中華民國公有領域\國家通訊傳播委員會105年12月21日第728次委員會議審議違規節目廣告一覽表\國家通訊傳播委員會105年12月21日第728次委員會議審議違規節目廣告一覽表__juan_01.txt,418,375,0,separate,-0.06289308176100629,baihua-like,318,0.0440251572327044,0.03459119496855346,11.0,0,0
中華民國公有領域,888295,國家通訊傳播委員會依法裁處違規電視節目，包括中天新聞台108年2月28日播出之「中天晨報」等節目，並籲請業者回歸專業，遵守法令規範，並維護閱聽眾之權益,國家通訊傳播委員會依法裁處違規電視節目，包括中天新聞台108年2月28日播出之「中天晨報」等節目，並籲請業者回歸專業，遵守法令規範，並維護閱聽眾之權益,國家通訊傳播委員會依法裁處違規電視節目，包括中天新聞台108年2月28日播出之「中天晨報」等節目，並籲請業者回歸專業，遵守法令規範，並維護閱聽眾之權益,1,scrape_output\raw\中華民國公有領域\國家通訊傳播委員會依法裁處違規電視節目，包括中天新聞台108年2月28日播出之「中天晨報」等節目，並籲請業者回歸專業，遵守法令規範，並維護閱聽眾之權益\國家通訊傳播委員會依法裁處違規電視節目，包括中天新聞台108年2月28日播出之「中天晨報」等節目，並籲請業者回歸專業，遵守法令規範，並維護閱聽眾之權益__juan_01.txt,scrape_output\clean\中華民國公有領域\國家通訊傳播委員會依法裁處違規電視節目，包括中天新聞台108年2月28日播出之「中天晨報」等節目，並籲請業者回歸專業，遵守法令規範，並維護閱聽眾之權益\國家通訊傳播委員會依法裁處違規電視節目，包括中天新聞台108年2月28日播出之「中天晨報」等節目，並籲請業者回歸專業，遵守法令規範，並維護閱聽眾之權益__juan_01.txt,1626,1484,0,separate,0.3021459227467811,wenyan-like,1398,0.016452074391988557,0.02575107296137339,32.76190476190476,0,0
中華民國公有領域,192705,國府遷渝與抗戰前途,國府遷渝與抗戰前途,國府遷渝與抗戰前途,1,scrape_output\suspected_baihua\raw\中華民國公有領域\國府遷渝與抗戰前途\國府遷渝與抗戰前途__juan_01.txt,scrape_output\suspected_baihua\clean\中華民國公有領域\國府遷渝與抗戰前途\國府遷渝與抗戰前途__juan_01.txt,4187,4144,0,separate,-0.0043050430504305015,baihua-like,4065,0.11193111931119311,0.015744157441574414,37.1588785046729,0,0
中華民國公有領域,91026,國民參政會第四屆第二次大會政治報告,國民參政會第四屆第二次大會政治報告,國民參政會第四屆第二次大會政治報告,1,scrape_output\raw\中華民國公有領域\國民參政會第四屆第二次大會政治報告\國民參政會第四屆第二次大會政治報告__juan_01.txt,scrape_output\clean\中華民國公有領域\國民參政會第四屆第二次大會政治報告\國民參政會第四屆第二次大會政治報告__juan_01.txt,1456,1413,0,separate,0.23778452200303488,wenyan-like,1318,0.03490136570561457,0.021244309559939303,25.78,0,0
中華民國公有領域,91023,國民參政會第四屆第二次大會開幕詞,國民參政會第四屆第二次大會開幕詞,國民參政會第四屆第二次大會開幕詞,1,scrape_output\raw\中華民國公有領域\國民參政會第四屆第二次大會開幕詞\國民參政會第四屆第二次大會開幕詞__juan_01.txt,scrape_output\clean\中華民國公有領域\國民參政會第四屆第二次大會開幕詞\國民參政會第四屆第二次大會開幕詞__juan_01.txt,3253,3209,0,separate,0.08703703703703708,wenyan-like,3132,0.08588761174968071,0.02234993614303959,41.013333333333335,0,0
中華民國公有領域,91034,國民大會制憲大會開會致詞,國民大會制憲大會開會致詞,國民大會制憲大會開會致詞,1,scrape_output\raw\中華民國公有領域\國民大會制憲大會開會致詞\國民大會制憲大會開會致詞__juan_01.txt,scrape_output\clean\中華民國公有領域\國民大會制憲大會開會致詞\國民大會制憲大會開會致詞__juan_01.txt,3331,3286,0,separate,0.06327295440349781,wenyan-like,3202,0.0886945658963148,0.014678326046221112,41.53947368421053,0,0
中華民國公有領域,1132624,國民大會秘書處代電 (民國43年3月10日),國民大會秘書處代電 (民國43年3月10日),國民大會秘書處代電 (民國43年3月10日),1,scrape_output\raw\中華民國公有領域\國民大會秘書處代電 (民國43年3月10日)\國民大會秘書處代電 (民國43年3月10日)__juan_01.txt,scrape_output\clean\中華民國公有領域\國民大會秘書處代電 (民國43年3月10日)\國民大會秘書處代電 (民國43年3月10日)__juan_01.txt,1743,1610,0,separate,0.10189003436426117,wenyan-like,1455,0.027491408934707903,0.01718213058419244,16.15730337078652,0,0
中華民國公有領域,1094280,國民政府交涉中東路復蘇俄政府牒文 (民國18年7月16日),國民政府交涉中東路復蘇俄政府牒文 (民國18年7月16日),國民政府交涉中東路復蘇俄政府牒文 (民國18年7月16日),1,scrape_output\raw\中華民國公有領域\國民政府交涉中東路復蘇俄政府牒文 (民國18年7月16日)\國民政府交涉中東路復蘇俄政府牒文 (民國18年7月16日)__juan_01.txt,scrape_output\clean\中華民國公有領域\國民政府交涉中東路復蘇俄政府牒文 (民國18年7月16日)\國民政府交涉中東路復蘇俄政府牒文 (民國18年7月16日)__juan_01.txt,1269,1226,0,separate,0.30257069408740356,wenyan-like,1167,0.029991431019708654,0.04627249357326478,27.902439024390244,0,0
中華民國公有領域,1084467,國民政府交涉署關於英屬香港政府公佈磋商解決罷工經過的聲明,國民政府交涉署關於英屬香港政府公佈磋商解決罷工經過的聲明,國民政府交涉署關於英屬香港政府公佈磋商解決罷工經過的聲明,1,scrape_output\raw\中華民國公有領域\國民政府交涉署關於英屬香港政府公佈磋商解決罷工經過的聲明\國民政府交涉署關於英屬香港政府公佈磋商解決罷工經過的聲明__juan_01.txt,scrape_output\clean\中華民國公有領域\國民政府交涉署關於英屬香港政府公佈磋商解決罷工經過的聲明\國民政府交涉署關於英屬香港政府公佈磋商解決罷工經過的聲明__juan_01.txt,1298,1240,0,separate,0.16526717557251908,wenyan-like,1179,0.02544529262086514,0.04580152671755725,22.49019607843137,0,0
中華民國公有領域,1078732,國民政府令軍事委員會剿辦國民革命軍第二十軍長楊森,國民政府令軍事委員會剿辦國民革命軍第二十軍長楊森,國民政府令軍事委員會剿辦國民革命軍第二十軍長楊森,1,scrape_output\suspected_baihua\raw\中華民國公有領域\國民政府令軍事委員會剿辦國民革命軍第二十軍長楊森\國民政府令軍事委員會剿辦國民革命軍第二十軍長楊森__juan_01.txt,scrape_output\suspected_baihua\clean\中華民國公有領域\國民政府令軍事委員會剿辦國民革命軍第二十軍長楊森\國民政府令軍事委員會剿辦國民革命軍第二十軍長楊森__juan_01.txt,649,605,0,separate,-0.04612546125461254,baihua-like,542,0.03505535055350553,0.02952029520295203,14.63888888888889,0,0
中華民國公有領域,11191,國民政府向國民會議提出剿滅赤匪報告案,國民政府向國民會議提出剿滅赤匪報告案,國民政府向國民會議提出剿滅赤匪報告案,1,scrape_output\raw\中華民國公有領域\國民政府向國民會議提出剿滅赤匪報告案\國民政府向國民會議提出剿滅赤匪報告案__juan_01.txt,scrape_output\clean\中華民國公有領域\國民政府向國民會議提出剿滅赤匪報告案\國民政府向國民會議提出剿滅赤匪報告案__juan_01.txt,2339,2294,0,separate,0.3776829815895824,wenyan-like,2227,0.017512348450830714,0.06511001347103727,34.140625,0,0
中華民國公有領域,1093517,國民政府外交部長伍朝樞為抗議日本出兵山東電致日本外務省 (民國16年6月1日),國民政府外交部長伍朝樞為抗議日本出兵山東電致日本外務省 (民國16年6月1日),國民政府外交部長伍朝樞為抗議日本出兵山東電致日本外務省 (民國16年6月1日),1,scrape_output\raw\中華民國公有領域\國民政府外交部長伍朝樞為抗議日本出兵山東電致日本外務省 (民國16年6月1日)\國民政府外交部長伍朝樞為抗議日本出兵山東電致日本外務省 (民國16年6月1日)__juan_01.txt,scrape_output\clean\中華民國公有領域\國民政府外交部長伍朝樞為抗議日本出兵山東電致日本外務省 (民國16年6月1日)\國民政府外交部長伍朝樞為抗議日本出兵山東電致日本外務省 (民國16年6月1日)__juan_01.txt,660,617,0,separate,0.12670250896057347,wenyan-like,558,0.03046594982078853,0.034050179211469536,15.941176470588236,0,0
中華民國公有領域,1093338,國民政府外交部長陳友仁為外艦砲轟南京事件在漢口向英代表之宣言,國民政府外交部長陳友仁為外艦砲轟南京事件在漢口向英代表之宣言,國民政府外交部長陳友仁為外艦砲轟南京事件在漢口向英代表之宣言,1,scrape_output\raw\中華民國公有領域\國民政府外交部長陳友仁為外艦砲轟南京事件在漢口向英代表之宣言\國民政府外交部長陳友仁為外艦砲轟南京事件在漢口向英代表之宣言__juan_01.txt,scrape_output\clean\中華民國公有領域\國民政府外交部長陳友仁為外艦砲轟南京事件在漢口向英代表之宣言\國民政府外交部長陳友仁為外艦砲轟南京事件在漢口向英代表之宣言__juan_01.txt,845,801,0,separate,0.1742587601078167,wenyan-like,742,0.03234501347708895,0.06064690026954178,21.352941176470587,0,0
中華民國公有領域,1084472,國民政府外交部長陳友仁為徵收貿易品暫行內地稅事致各國駐粵領事函,國民政府外交部長陳友仁為徵收貿易品暫行內地稅事致各國駐粵領事函,國民政府外交部長陳友仁為徵收貿易品暫行內地稅事致各國駐粵領事函,1,scrape_output\raw\中華民國公有領域\國民政府外交部長陳友仁為徵收貿易品暫行內地稅事致各國駐粵領事函\國民政府外交部長陳友仁為徵收貿易品暫行內地稅事致各國駐粵領事函__juan_01.txt,scrape_output\clean\中華民國公有領域\國民政府外交部長陳友仁為徵收貿易品暫行內地稅事致各國駐粵領事函\國民政府外交部長陳友仁為徵收貿易品暫行內地稅事致各國駐粵領事函__juan_01.txt,862,817,0,separate,0.11961325966850828,wenyan-like,724,0.03591160220994475,0.03867403314917127,17.6,0,0
中華民國公有領域,1093339,國民政府外交部長陳友仁與美英法義日五國政府為三月二十四日國民革命軍在南京侵害五國僑民後造成之局面之往覆公函,國民政府外交部長陳友仁與美英法義日五國政府為三月二十四日國民革命軍在南京侵害五國僑民後造成之局面之往覆公函,國民政府外交部長陳友仁與美英法義日五國政府為三月二十四日國民革命軍在南京侵害五國僑民後造成之局面之往覆公函,1,scrape_output\raw\中華民國公有領域\國民政府外交部長陳友仁與美英法義日五國政府為三月二十四日國民革命軍在南京侵害五國僑民後造成之局面之往覆公函\國民政府外交部長陳友仁與美英法義日五國政府為三月二十四日國民革命軍在南京侵害五國僑民後造成之局面之往覆公函__juan_01.txt,scrape_output\clean\中華民國公有領域\國民政府外交部長陳友仁與美英法義日五國政府為三月二十四日國民革命軍在南京侵害五國僑民後造成之局面之往覆公函\國民政府外交部長陳友仁與美英法義日五國政府為三月二十四日國民革命軍在南京侵害五國僑民後造成之局面之往覆公函__juan_01.txt,8361,8274,0,separate,0.3784434836318715,wenyan-like,8095,0.019888820259419394,0.06905497220506486,49.8375,0,0
中華民國公有領域,1094275,國民政府爲蘇俄宣告對華絕交事後之對外宣言 (民國18年7月19日),國民政府爲蘇俄宣告對華絕交事後之對外宣言 (民國18年7月19日),國民政府爲蘇俄宣告對華絕交事後之對外宣言 (民國18年7月19日),1,scrape_output\raw\中華民國公有領域\國民政府爲蘇俄宣告對華絕交事後之對外宣言 (民國18年7月19日)\國民政府爲蘇俄宣告對華絕交事後之對外宣言 (民國18年7月19日)__juan_01.txt,scrape_output\clean\中華民國公有領域\國民政府爲蘇俄宣告對華絕交事後之對外宣言 (民國18年7月19日)\國民政府爲蘇俄宣告對華絕交事後之對外宣言 (民國18年7月19日)__juan_01.txt,1916,1872,0,separate,0.3463320463320463,wenyan-like,1813,0.015444015444015444,0.04633204633204633,37.145833333333336,0,0
中華民國公有領域,61846,國民政府移駐重慶宣言,國民政府移駐重慶宣言,國民政府移駐重慶宣言,1,scrape_output\raw\中華民國公有領域\國民政府移駐重慶宣言\國民政府移駐重慶宣言__juan_01.txt,scrape_output\clean\中華民國公有領域\國民政府移駐重慶宣言\國民政府移駐重慶宣言__juan_01.txt,881,838,0,separate,0.18851091142490373,wenyan-like,779,0.028241335044929396,0.06161745827984596,18.4390243902439,0,0
中華民國公有領域,1084471,國民政府維持省港罷工委員會決議案之訓令,國民政府維持省港罷工委員會決議案之訓令,國民政府維持省港罷工委員會決議案之訓令,1,scrape_output\raw\中華民國公有領域\國民政府維持省港罷工委員會決議案之訓令\國民政府維持省港罷工委員會決議案之訓令__juan_01.txt,scrape_output\clean\中華民國公有領域\國民政府維持省港罷工委員會決議案之訓令\國民政府維持省港罷工委員會決議案之訓令__juan_01.txt,1026,968,0,separate,0.12947548460661346,wenyan-like,877,0.02508551881413911,0.027366020524515394,21.0,0,0
中華民國公有領域,1093347,國民政府與日本國政府為解決十六年三月二十四日南京事件之照會 (民國18年5月2日),國民政府與日本國政府為解決十六年三月二十四日南京事件之照會 (民國18年5月2日),國民政府與日本國政府為解決十六年三月二十四日南京事件之照會 (民國18年5月2日),1,scrape_output\raw\中華民國公有領域\國民政府與日本國政府為解決十六年三月二十四日南京事件之照會 (民國18年5月2日)\國民政府與日本國政府為解決十六年三月二十四日南京事件之照會 (民國18年5月2日)__juan_01.txt,scrape_output\clean\中華民國公有領域\國民政府與日本國政府為解決十六年三月二十四日南京事件之照會 (民國18年5月2日)\國民政府與日本國政府為解決十六年三月二十四日南京事件之照會 (民國18年5月2日)__juan_01.txt,1666,1623,0,separate,0.34021094264996704,wenyan-like,1517,0.021753460777851022,0.05273566249176005,28.11111111111111,0,0
中華民國公有領域,1093340,國民政府與美國政府交涉解決十六年三月二十四日南京事件之文件 (民國17年3月30日),國民政府與美國政府交涉解決十六年三月二十四日南京事件之文件 (民國17年3月30日),國民政府與美國政府交涉解決十六年三月二十四日南京事件之文件 (民國17年3月30日),1,scrape_output\raw\中華民國公有領域\國民政府與美國政府交涉解決十六年三月二十四日南京事件之文件 (民國17年3月30日)\國民政府與美國政府交涉解決十六年三月二十四日南京事件之文件 (民國17年3月30日)__juan_01.txt,scrape_output\clean\中華民國公有領域\國民政府與美國政府交涉解決十六年三月二十四日南京事件之文件 (民國17年3月30日)\國民政府與美國政府交涉解決十六年三月二十四日南京事件之文件 (民國17年3月30日)__juan_01.txt,15439,4796,0,separate,0.28822635776680594,wenyan-like,2633,0.026205848841625523,0.03342195214584125,25.881481481481483,0,0
中華民國公有領域,1093342,國民政府與英國政府交涉十六年三月二十四日南京事件之文件 (民國17年8月9日),國民政府與英國政府交涉十六年三月二十四日南京事件之文件 (民國17年8月9日),國民政府與英國政府交涉十六年三月二十四日南京事件之文件 (民國17年8月9日),1,scrape_output\raw\中華民國公有領域\國民政府與英國政府交涉十六年三月二十四日南京事件之文件 (民國17年8月9日)\國民政府與英國政府交涉十六年三月二十四日南京事件之文件 (民國17年8月9日)__juan_01.txt,scrape_output\clean\中華民國公有領域\國民政府與英國政府交涉十六年三月二十四日南京事件之文件 (民國17年8月9日)\國民政府與英國政府交涉十六年三月二十四日南京事件之文件 (民國17年8月9日)__juan_01.txt,2242,2199,0,separate,0.3169082125603865,wenyan-like,2070,0.01884057971014493,0.03671497584541063,28.928571428571427,0,0
中華民國公有領域,196207,國民革命軍出師北伐告將士書,國民革命軍出師北伐告將士書,國民革命軍出師北伐告將士書,1,scrape_output\raw\中華民國公有領域\國民革命軍出師北伐告將士書\國民革命軍出師北伐告將士書__juan_01.txt,scrape_output\clean\中華民國公有領域\國民革命軍出師北伐告將士書\國民革命軍出師北伐告將士書__juan_01.txt,3914,3871,0,separate,0.3893516078017923,wenyan-like,3794,0.01713231418028466,0.07037427517132314,32.80530973451327,0,0
中華民國公有領域,33314,國民革命軍北伐宣言,國民革命軍北伐宣言,國民革命軍北伐宣言,1,scrape_output\raw\中華民國公有領域\國民革命軍北伐宣言\國民革命軍北伐宣言__juan_01.txt,scrape_output\clean\中華民國公有領域\國民革命軍北伐宣言\國民革命軍北伐宣言__juan_01.txt,2685,2642,0,separate,0.38024931827035446,wenyan-like,2567,0.019477989871445268,0.06934164394234515,39.390625,0,0
中華民國公有領域,20919,國民革命軍將士雪恥復仇之道——要實踐軍人讀訓,國民革命軍將士雪恥復仇之道——要實踐軍人讀訓,國民革命軍將士雪恥復仇之道——要實踐軍人讀訓,1,scrape_output\raw\中華民國公有領域\國民革命軍將士雪恥復仇之道——要實踐軍人讀訓\國民革命軍將士雪恥復仇之道——要實踐軍人讀訓__juan_01.txt,scrape_output\clean\中華民國公有領域\國民革命軍將士雪恥復仇之道——要實踐軍人讀訓\國民革命軍將士雪恥復仇之道——要實踐軍人讀訓__juan_01.txt,2000,1957,0,separate,0.08726790450928379,wenyan-like,1885,0.08010610079575597,0.013793103448275862,34.27777777777778,0,0
中華民國公有領域,1093337,國民革命軍第六軍程潛軍長對外艦砲轟南京事件之報告,國民革命軍第六軍程潛軍長對外艦砲轟南京事件之報告,國民革命軍第六軍程潛軍長對外艦砲轟南京事件之報告,1,scrape_output\raw\中華民國公有領域\國民革命軍第六軍程潛軍長對外艦砲轟南京事件之報告\國民革命軍第六軍程潛軍長對外艦砲轟南京事件之報告__juan_01.txt,scrape_output\clean\中華民國公有領域\國民革命軍第六軍程潛軍長對外艦砲轟南京事件之報告\國民革命軍第六軍程潛軍長對外艦砲轟南京事件之報告__juan_01.txt,1130,1083,0,separate,0.26484375,wenyan-like,1024,0.0234375,0.017578125,25.05,0,0
中華民國公有領域,1078730,國民革命軍第十四獨立師部發兵攻打武漢通電,國民革命軍第十四獨立師部發兵攻打武漢通電,國民革命軍第十四獨立師部發兵攻打武漢通電,1,scrape_output\raw\中華民國公有領域\國民革命軍第十四獨立師部發兵攻打武漢通電\國民革命軍第十四獨立師部發兵攻打武漢通電__juan_01.txt,scrape_output\clean\中華民國公有領域\國民革命軍第十四獨立師部發兵攻打武漢通電\國民革命軍第十四獨立師部發兵攻打武漢通電__juan_01.txt,1857,1802,0,separate,0.3576587070471753,wenyan-like,1717,0.0180547466511357,0.05591147350029121,29.49122807017544,0,0
中華民國公有領域,196208,國民革命軍總司令出師討伐吳佩孚宣言,國民革命軍總司令出師討伐吳佩孚宣言,國民革命軍總司令出師討伐吳佩孚宣言,1,scrape_output\raw\中華民國公有領域\國民革命軍總司令出師討伐吳佩孚宣言\國民革命軍總司令出師討伐吳佩孚宣言__juan_01.txt,scrape_output\clean\中華民國公有領域\國民革命軍總司令出師討伐吳佩孚宣言\國民革命軍總司令出師討伐吳佩孚宣言__juan_01.txt,2142,2099,0,separate,0.3898821218074656,wenyan-like,2036,0.01719056974459725,0.07072691552062868,34.48275862068966,0,0
中華民國公有領域,196209,國民革命軍總司令對外宣言,國民革命軍總司令對外宣言,國民革命軍總司令對外宣言,1,scrape_output\raw\中華民國公有領域\國民革命軍總司令對外宣言\國民革命軍總司令對外宣言__juan_01.txt,scrape_output\clean\中華民國公有領域\國民革命軍總司令對外宣言\國民革命軍總司令對外宣言__juan_01.txt,1519,1476,0,separate,0.39547383309759543,wenyan-like,1414,0.02333804809052334,0.08274398868458274,34.875,0,0
中華民國公有領域,196206,國民革命軍總司令就職宣言,國民革命軍總司令就職宣言,國民革命軍總司令就職宣言,1,scrape_output\raw\中華民國公有領域\國民革命軍總司令就職宣言\國民革命軍總司令就職宣言__juan_01.txt,scrape_output\clean\中華民國公有領域\國民革命軍總司令就職宣言\國民革命軍總司令就職宣言__juan_01.txt,1743,1700,0,separate,0.36341463414634145,wenyan-like,1640,0.023170731707317073,0.06646341463414634,30.30188679245283,0,0
中華民國公有領域,192695,國民革命軍總司令就職宴會講詞,國民革命軍總司令就職宴會講詞,國民革命軍總司令就職宴會講詞,1,scrape_output\raw\中華民國公有領域\國民革命軍總司令就職宴會講詞\國民革命軍總司令就職宴會講詞__juan_01.txt,scrape_output\clean\中華民國公有領域\國民革命軍總司令就職宴會講詞\國民革命軍總司令就職宴會講詞__juan_01.txt,1923,1880,0,separate,0.05388026607538801,wenyan-like,1804,0.0942350332594235,0.018292682926829267,39.68888888888889,0,0
中華民國公有領域,192158,國民革命軍總司令就職誓師講話,國民革命軍總司令就職誓師講話,國民革命軍總司令就職誓師講話,1,scrape_output\raw\中華民國公有領域\國民革命軍總司令就職誓師講話\國民革命軍總司令就職誓師講話__juan_01.txt,scrape_output\clean\中華民國公有領域\國民革命軍總司令就職誓師講話\國民革命軍總司令就職誓師講話__juan_01.txt,1412,1369,0,separate,0.031481481481481444,wenyan-like,1296,0.10030864197530864,0.016203703703703703,32.2,0,0
中華民國公有領域,1123438,國父思想於歷史新局中的時代意義,國父思想於歷史新局中的時代意義,國父思想於歷史新局中的時代意義,1,scrape_output\raw\中華民國公有領域\國父思想於歷史新局中的時代意義\國父思想於歷史新局中的時代意義__juan_01.txt,scrape_output\clean\中華民國公有領域\國父思想於歷史新局中的時代意義\國父思想於歷史新局中的時代意義__juan_01.txt,6972,6590,0,separate,0.09894602363462149,wenyan-like,6262,0.08032577451293517,0.01996167358671351,27.387665198237887,0,0
中華民國公有領域,10893,國立交通大學學生社團辦公室使用與管理細則,國立交通大學學生社團辦公室使用與管理細則,國立交通大學學生社團辦公室使用與管理細則,1,scrape_output\raw\中華民國公有領域\國立交通大學學生社團辦公室使用與管理細則\國立交通大學學生社團辦公室使用與管理細則__juan_01.txt,scrape_output\clean\中華民國公有領域\國立交通大學學生社團辦公室使用與管理細則\國立交通大學學生社團辦公室使用與管理細則__juan_01.txt,1858,1813,0,separate,0.018879415347137635,wenyan-like,1642,0.018879415347137638,0.037758830694275276,14.333333333333334,0,0
中華民國公有領域,184011,國防最高委員會規定全國各地自三十四年五月一日起至九月三十日止將時間提前一小時令仰遵照并飭屬遵照由 (民國34年國民政府訓令),國防最高委員會規定全國各地自三十四年五月一日起至九月三十日止將時間提前一小時令仰遵照并飭屬遵照由 (民國34年國民政府訓令),國防最高委員會規定全國各地自三十四年五月一日起至九月三十日止將時間提前一小時令仰遵照并飭屬遵照由 (民國34年國民政府訓令),1,scrape_output\raw\中華民國公有領域\國防最高委員會規定全國各地自三十四年五月一日起至九月三十日止將時間提前一小時令仰遵照并飭屬遵照由 (民國34年國民政府訓令)\國防最高委員會規定全國各地自三十四年五月一日起至九月三十日止將時間提前一小時令仰遵照并飭屬遵照由 (民國34年國民政府訓令)__juan_01.txt,scrape_output\clean\中華民國公有領域\國防最高委員會規定全國各地自三十四年五月一日起至九月三十日止將時間提前一小時令仰遵照并飭屬遵照由 (民國34年國民政府訓令)\國防最高委員會規定全國各地自三十四年五月一日起至九月三十日止將時間提前一小時令仰遵照并飭屬遵照由 (民國34年國民政府訓令)__juan_01.txt,850,807,0,separate,0.1226027397260274,wenyan-like,730,0.024657534246575342,0.023287671232876714,17.9,0,0
中華民國公有領域,346276,國防部審判戰犯軍事法庭判決三十八年度審字第二十八號,國防部審判戰犯軍事法庭判決三十八年度審字第二十八號,國防部審判戰犯軍事法庭判決三十八年度審字第二十八號,1,scrape_output\raw\中華民國公有領域\國防部審判戰犯軍事法庭判決三十八年度審字第二十八號\國防部審判戰犯軍事法庭判決三十八年度審字第二十八號__juan_01.txt,scrape_output\clean\中華民國公有領域\國防部審判戰犯軍事法庭判決三十八年度審字第二十八號\國防部審判戰犯軍事法庭判決三十八年度審字第二十八號__juan_01.txt,1229,1166,0,separate,0.1434518241347053,wenyan-like,1069,0.025257249766136577,0.03461178671655753,18.696428571428573,0,0
中華民國公有領域,346262,國防部審判戰犯軍事法庭判決三十六年度審字第十三號,國防部審判戰犯軍事法庭判決三十六年度審字第十三號,國防部審判戰犯軍事法庭判決三十六年度審字第十三號,1,scrape_output\raw\中華民國公有領域\國防部審判戰犯軍事法庭判決三十六年度審字第十三號\國防部審判戰犯軍事法庭判決三十六年度審字第十三號__juan_01.txt,scrape_output\clean\中華民國公有領域\國防部審判戰犯軍事法庭判決三十六年度審字第十三號\國防部審判戰犯軍事法庭判決三十六年度審字第十三號__juan_01.txt,2443,2367,0,separate,0.2964507542147294,wenyan-like,2254,0.02129547471162378,0.030168589174800354,30.054054054054053,0,0
中華民國公有領域,346242,國防部審判戰犯軍事法庭判決三十六年度審字第壹號,國防部審判戰犯軍事法庭判決三十六年度審字第壹號,國防部審判戰犯軍事法庭判決三十六年度審字第壹號,1,scrape_output\raw\中華民國公有領域\國防部審判戰犯軍事法庭判決三十六年度審字第壹號\國防部審判戰犯軍事法庭判決三十六年度審字第壹號__juan_01.txt,scrape_output\clean\中華民國公有領域\國防部審判戰犯軍事法庭判決三十六年度審字第壹號\國防部審判戰犯軍事法庭判決三十六年度審字第壹號__juan_01.txt,6801,6602,0,separate,0.30061833359097234,wenyan-like,6469,0.017313340547225227,0.026279177616324007,31.685,0,0
中華民國公有領域,1108599,國防部發布新聞稿，說明「國防部未發布中共導彈發射軌跡，是受國安高層指示」乙情,國防部發布新聞稿，說明「國防部未發布中共導彈發射軌跡，是受國安高層指示」乙情,國防部發布新聞稿，說明「國防部未發布中共導彈發射軌跡，是受國安高層指示」乙情,1,scrape_output\suspected_baihua\raw\中華民國公有領域\國防部發布新聞稿，說明「國防部未發布中共導彈發射軌跡，是受國安高層指示」乙情\國防部發布新聞稿，說明「國防部未發布中共導彈發射軌跡，是受國安高層指示」乙情__juan_01.txt,scrape_output\suspected_baihua\clean\中華民國公有領域\國防部發布新聞稿，說明「國防部未發布中共導彈發射軌跡，是受國安高層指示」乙情\國防部發布新聞稿，說明「國防部未發布中共導彈發射軌跡，是受國安高層指示」乙情__juan_01.txt,682,636,0,separate,-0.023008849557522124,baihua-like,565,0.03008849557522124,0.033628318584070796,13.414634146341463,0,0
中華民國公有領域,1199980,國防部發布新聞稿，針對「中共聯合演訓」乙情說明,國防部發布新聞稿，針對「中共聯合演訓」乙情說明,國防部發布新聞稿，針對「中共聯合演訓」乙情說明,1,scrape_output\suspected_baihua\raw\中華民國公有領域\國防部發布新聞稿，針對「中共聯合演訓」乙情說明\國防部發布新聞稿，針對「中共聯合演訓」乙情說明__juan_01.txt,scrape_output\suspected_baihua\clean\中華民國公有領域\國防部發布新聞稿，針對「中共聯合演訓」乙情說明\國防部發布新聞稿，針對「中共聯合演訓」乙情說明__juan_01.txt,764,717,0,separate,-0.06962025316455696,baihua-like,632,0.0379746835443038,0.022151898734177215,11.425925925925926,0,0
中華民國公有領域,1129771,國際反侵略運動意義,國際反侵略運動意義,國際反侵略運動意義,1,scrape_output\raw\中華民國公有領域\國際反侵略運動意義\國際反侵略運動意義__juan_01.txt,scrape_output\clean\中華民國公有領域\國際反侵略運動意義\國際反侵略運動意義__juan_01.txt,2887,2798,0,separate,0.17006701414743114,wenyan-like,2686,0.07334326135517498,0.04504839910647804,31.36904761904762,0,0
中華民國公有領域,1093902,國際聯盟大會中日事件報吿書,國際聯盟大會中日事件報吿書,國際聯盟大會中日事件報吿書,1,scrape_output\raw\中華民國公有領域\國際聯盟大會中日事件報吿書\國際聯盟大會中日事件報吿書__juan_01.txt,scrape_output\clean\中華民國公有領域\國際聯盟大會中日事件報吿書\國際聯盟大會中日事件報吿書__juan_01.txt,22535,22462,0,separate,0.34397792055017645,wenyan-like,22102,0.017735951497602025,0.04859288752149127,42.851778656126484,0,0
中華民國公有領域,1205433,國際郵政公約 (1934年),國際郵政公約 (1934年),國際郵政公約 (1934年),1,scrape_output\raw\中華民國公有領域\國際郵政公約 (1934年)\國際郵政公約 (1934年)__juan_01.txt,scrape_output\clean\中華民國公有領域\國際郵政公約 (1934年)\國際郵政公約 (1934年)__juan_01.txt,66148,64534,0,separate,0.21419889885383842,wenyan-like,57758,0.015028221198794971,0.05464178122511167,24.328289197141657,0,0
中華民國公有領域,1194180,土耳其共和國憲法 (1924年),土耳其共和國憲法 (1924年),土耳其共和國憲法 (1924年),1,scrape_output\raw\中華民國公有領域\土耳其共和國憲法 (1924年)\土耳其共和國憲法 (1924年)__juan_01.txt,scrape_output\clean\中華民國公有領域\土耳其共和國憲法 (1924年)\土耳其共和國憲法 (1924年)__juan_01.txt,6050,6047,0,separate,0.20666847139505504,wenyan-like,5541,0.02273957769355712,0.0624436022378632,17.696369636963695,0,0
中華民國公有領域,1145153,在釣魚臺列嶼爭端，我國不與中國大陸合作之立場,在釣魚臺列嶼爭端，我國不與中國大陸合作之立場,在釣魚臺列嶼爭端，我國不與中國大陸合作之立場,1,scrape_output\raw\中華民國公有領域\在釣魚臺列嶼爭端，我國不與中國大陸合作之立場\在釣魚臺列嶼爭端，我國不與中國大陸合作之立場__juan_01.txt,scrape_output\clean\中華民國公有領域\在釣魚臺列嶼爭端，我國不與中國大陸合作之立場\在釣魚臺列嶼爭端，我國不與中國大陸合作之立場__juan_01.txt,1590,1517,0,separate,0.12492836676217765,wenyan-like,1396,0.02650429799426934,0.027220630372492838,19.571428571428573,0,0
中華民國公有領域,11079,報告西安事變始末,報告西安事變始末,報告西安事變始末,1,scrape_output\raw\中華民國公有領域\報告西安事變始末\報告西安事變始末__juan_01.txt,scrape_output\clean\中華民國公有領域\報告西安事變始末\報告西安事變始末__juan_01.txt,1367,1323,0,separate,0.15242522231204528,wenyan-like,1237,0.025060630557801132,0.038803556992724336,20.75862068965517,0,0
中華民國公有領域,1214006,塘沽協定,塘沽協定,塘沽協定,1,scrape_output\suspected_baihua\raw\中華民國公有領域\塘沽協定\塘沽協定__juan_01.txt,scrape_output\suspected_baihua\clean\中華民國公有領域\塘沽協定\塘沽協定__juan_01.txt,632,589,0,separate,-0.026819923371647514,baihua-like,522,0.034482758620689655,0.038314176245210725,14.882352941176471,0,0
中華民國公有領域,192700,外交為無形之戰爭,外交為無形之戰爭,外交為無形之戰爭,1,scrape_output\raw\中華民國公有領域\外交為無形之戰爭\外交為無形之戰爭__juan_01.txt,scrape_output\clean\中華民國公有領域\外交為無形之戰爭\外交為無形之戰爭__juan_01.txt,1228,1185,0,separate,0.29719000892060665,wenyan-like,1121,0.01873327386262266,0.1016949152542373,24.31111111111111,0,0
中華民國公有領域,1108582,外交部嚴厲譴責中國決定延長軍事演習，中方挑釁與侵略已破壞台海現狀並升高區域緊張局勢,外交部嚴厲譴責中國決定延長軍事演習，中方挑釁與侵略已破壞台海現狀並升高區域緊張局勢,外交部嚴厲譴責中國決定延長軍事演習，中方挑釁與侵略已破壞台海現狀並升高區域緊張局勢,1,scrape_output\suspected_baihua\raw\中華民國公有領域\外交部嚴厲譴責中國決定延長軍事演習，中方挑釁與侵略已破壞台海現狀並升高區域緊張局勢\外交部嚴厲譴責中國決定延長軍事演習，中方挑釁與侵略已破壞台海現狀並升高區域緊張局勢__juan_01.txt,scrape_output\suspected_baihua\clean\中華民國公有領域\外交部嚴厲譴責中國決定延長軍事演習，中方挑釁與侵略已破壞台海現狀並升高區域緊張局勢\外交部嚴厲譴責中國決定延長軍事演習，中方挑釁與侵略已破壞台海現狀並升高區域緊張局勢__juan_01.txt,1230,1092,0,separate,-0.07653061224489796,baihua-like,980,0.03775510204081633,0.018367346938775512,14.147058823529411,0,0
中華民國公有領域,1199964,外交部嚴正譴責中國再次以片面挑釁行動升高台海及區域緊張情勢,外交部嚴正譴責中國再次以片面挑釁行動升高台海及區域緊張情勢,外交部嚴正譴責中國再次以片面挑釁行動升高台海及區域緊張情勢,1,scrape_output\suspected_baihua\raw\中華民國公有領域\外交部嚴正譴責中國再次以片面挑釁行動升高台海及區域緊張情勢\外交部嚴正譴責中國再次以片面挑釁行動升高台海及區域緊張情勢__juan_01.txt,scrape_output\suspected_baihua\clean\中華民國公有領域\外交部嚴正譴責中國再次以片面挑釁行動升高台海及區域緊張情勢\外交部嚴正譴責中國再次以片面挑釁行動升高台海及區域緊張情勢__juan_01.txt,866,821,0,separate,-0.0868945868945869,baihua-like,702,0.04415954415954416,0.022792022792022793,8.094117647058823,0,0
中華民國公有領域,1108418,外交部對中國軍事威脅再度予以最嚴厲譴責，並且感謝國際社會持續為台灣發出正義之聲,外交部對中國軍事威脅再度予以最嚴厲譴責，並且感謝國際社會持續為台灣發出正義之聲,外交部對中國軍事威脅再度予以最嚴厲譴責，並且感謝國際社會持續為台灣發出正義之聲,1,scrape_output\suspected_baihua\raw\中華民國公有領域\外交部對中國軍事威脅再度予以最嚴厲譴責，並且感謝國際社會持續為台灣發出正義之聲\外交部對中國軍事威脅再度予以最嚴厲譴責，並且感謝國際社會持續為台灣發出正義之聲__juan_01.txt,scrape_output\suspected_baihua\clean\中華民國公有領域\外交部對中國軍事威脅再度予以最嚴厲譴責，並且感謝國際社會持續為台灣發出正義之聲\外交部對中國軍事威脅再度予以最嚴厲譴責，並且感謝國際社會持續為台灣發出正義之聲__juan_01.txt,1718,1288,0,separate,-0.08347978910369067,baihua-like,1138,0.037785588752196834,0.014938488576449912,12.931034482758621,0,0
中華民國公有領域,1108580,外交部對中國軍事威脅持續予以最嚴厲譴責，並且感謝國際社會持續發出正義之聲，以及聖文森及格瑞那丁總理龔薩福訪台展現強力支持,外交部對中國軍事威脅持續予以最嚴厲譴責，並且感謝國際社會持續發出正義之聲，以及聖文森及格瑞那丁總理龔薩福訪台展現強力支持,外交部對中國軍事威脅持續予以最嚴厲譴責，並且感謝國際社會持續發出正義之聲，以及聖文森及格瑞那丁總理龔薩福訪台展現強力支持,1,scrape_output\raw\中華民國公有領域\外交部對中國軍事威脅持續予以最嚴厲譴責，並且感謝國際社會持續發出正義之聲，以及聖文森及格瑞那丁總理龔薩福訪台展現強力支持\外交部對中國軍事威脅持續予以最嚴厲譴責，並且感謝國際社會持續發出正義之聲，以及聖文森及格瑞那丁總理龔薩福訪台展現強力支持__juan_01.txt,scrape_output\clean\中華民國公有領域\外交部對中國軍事威脅持續予以最嚴厲譴責，並且感謝國際社會持續發出正義之聲，以及聖文森及格瑞那丁總理龔薩福訪台展現強力支持\外交部對中國軍事威脅持續予以最嚴厲譴責，並且感謝國際社會持續發出正義之聲，以及聖文森及格瑞那丁總理龔薩福訪台展現強力支持__juan_01.txt,1320,1190,0,separate,0.06344383057090239,wenyan-like,1086,0.0423572744014733,0.020257826887661142,16.476923076923075,0,0
中華民國公有領域,1109121,外交部對尼加拉瓜共和國及中華人民共和國政府違反國際法強奪我國外交財產，破壞國際秩序，絕不寬貸,外交部對尼加拉瓜共和國及中華人民共和國政府違反國際法強奪我國外交財產，破壞國際秩序，絕不寬貸,外交部對尼加拉瓜共和國及中華人民共和國政府違反國際法強奪我國外交財產，破壞國際秩序，絕不寬貸,1,scrape_output\raw\中華民國公有領域\外交部對尼加拉瓜共和國及中華人民共和國政府違反國際法強奪我國外交財產，破壞國際秩序，絕不寬貸\外交部對尼加拉瓜共和國及中華人民共和國政府違反國際法強奪我國外交財產，破壞國際秩序，絕不寬貸__juan_01.txt,scrape_output\clean\中華民國公有領域\外交部對尼加拉瓜共和國及中華人民共和國政府違反國際法強奪我國外交財產，破壞國際秩序，絕不寬貸\外交部對尼加拉瓜共和國及中華人民共和國政府違反國際法強奪我國外交財產，破壞國際秩序，絕不寬貸__juan_01.txt,1000,935,0,separate,0.08764434180138567,wenyan-like,866,0.03233256351039261,0.017321016166281754,23.027027027027028,0,0
中華民國公有領域,140047,外交部葉部長公超之聲明,外交部葉部長公超之聲明,外交部葉部長公超之聲明,1,scrape_output\raw\中華民國公有領域\外交部葉部長公超之聲明\外交部葉部長公超之聲明__juan_01.txt,scrape_output\clean\中華民國公有領域\外交部葉部長公超之聲明\外交部葉部長公超之聲明__juan_01.txt,1090,1047,0,separate,0.17983539094650203,wenyan-like,972,0.0257201646090535,0.053497942386831275,22.186046511627907,0,0
中華民國公有領域,1108584,外交部誠摯感謝美澳日三國外長發布聯合聲明共同致力維護台海和平與穩定，同時譴責中國實施大規模軍演及發射導彈等影響國際和平與穩定的行動,外交部誠摯感謝美澳日三國外長發布聯合聲明共同致力維護台海和平與穩定，同時譴責中國實施大規模軍演及發射導彈等影響國際和平與穩定的行動,外交部誠摯感謝美澳日三國外長發布聯合聲明共同致力維護台海和平與穩定，同時譴責中國實施大規模軍演及發射導彈等影響國際和平與穩定的行動,1,scrape_output\suspected_baihua\raw\中華民國公有領域\外交部誠摯感謝美澳日三國外長發布聯合聲明共同致力維護台海和平與穩定，同時譴責中國實施大規模軍演及發射導彈等影響國際和平與穩定的行動\外交部誠摯感謝美澳日三國外長發布聯合聲明共同致力維護台海和平與穩定，同時譴責中國實施大規模軍演及發射導彈等影響國際和平與穩定的行動__juan_01.txt,scrape_output\suspected_baihua\clean\中華民國公有領域\外交部誠摯感謝美澳日三國外長發布聯合聲明共同致力維護台海和平與穩定，同時譴責中國實施大規模軍演及發射導彈等影響國際和平與穩定的行動\外交部誠摯感謝美澳日三國外長發布聯合聲明共同致力維護台海和平與穩定，同時譴責中國實施大規模軍演及發射導彈等影響國際和平與穩定的行動__juan_01.txt,1023,905,0,separate,-0.0751231527093596,baihua-like,812,0.03571428571428571,0.01600985221674877,13.741379310344827,0,0
中華民國公有領域,318684,外交部辦理籌募日本地震賑災募得善款使用計畫報告,外交部辦理籌募日本地震賑災募得善款使用計畫報告,外交部辦理籌募日本地震賑災募得善款使用計畫報告,1,scrape_output\raw\中華民國公有領域\外交部辦理籌募日本地震賑災募得善款使用計畫報告\外交部辦理籌募日本地震賑災募得善款使用計畫報告__juan_01.txt,scrape_output\clean\中華民國公有領域\外交部辦理籌募日本地震賑災募得善款使用計畫報告\外交部辦理籌募日本地震賑災募得善款使用計畫報告__juan_01.txt,1557,1364,0,separate,0.11041171813143308,wenyan-like,1263,0.023752969121140142,0.01583531274742676,23.884615384615383,0,0
中華民國公有領域,1109120,外交部針對「國際同志遊行組織」（InterPride）迫使「臺灣世界同志遊行籌備委員會」停辦「WorldPride 2025」之回應,外交部針對「國際同志遊行組織」（InterPride）迫使「臺灣世界同志遊行籌備委員會」停辦「WorldPride 2025」之回應,外交部針對「國際同志遊行組織」（InterPride）迫使「臺灣世界同志遊行籌備委員會」停辦「WorldPride 2025」之回應,1,scrape_output\raw\中華民國公有領域\外交部針對「國際同志遊行組織」（InterPride）迫使「臺灣世界同志遊行籌備委員會」停辦「WorldPride 2025」之回應\外交部針對「國際同志遊行組織」（InterPride）迫使「臺灣世界同志遊行籌備委員會」停辦「WorldPride 2025」之回應__juan_01.txt,scrape_output\clean\中華民國公有領域\外交部針對「國際同志遊行組織」（InterPride）迫使「臺灣世界同志遊行籌備委員會」停辦「WorldPride 2025」之回應\外交部針對「國際同志遊行組織」（InterPride）迫使「臺灣世界同志遊行籌備委員會」停辦「WorldPride 2025」之回應__juan_01.txt,1226,974,0,separate,0.06294642857142857,wenyan-like,896,0.04241071428571429,0.020089285714285716,21.463414634146343,0,0
中華民國公有領域,1086268,外交部電駐英日俄三國外交代表聲明關於蒙藏事件五項,外交部電駐英日俄三國外交代表聲明關於蒙藏事件五項,外交部電駐英日俄三國外交代表聲明關於蒙藏事件五項,1,scrape_output\suspected_baihua\raw\中華民國公有領域\外交部電駐英日俄三國外交代表聲明關於蒙藏事件五項\外交部電駐英日俄三國外交代表聲明關於蒙藏事件五項__juan_01.txt,scrape_output\suspected_baihua\clean\中華民國公有領域\外交部電駐英日俄三國外交代表聲明關於蒙藏事件五項\外交部電駐英日俄三國外交代表聲明關於蒙藏事件五項__juan_01.txt,622,579,0,separate,-0.07936507936507937,baihua-like,504,0.051587301587301584,0.037698412698412696,9.44,0,0
中華民國公有領域,189537,大上海都市計劃,大上海都市計劃/三稿/第一章,大上海都市計劃,1,scrape_output\raw\中華民國公有領域\大上海都市計劃\大上海都市計劃__juan_01.txt,scrape_output\clean\中華民國公有領域\大上海都市計劃\大上海都市計劃__juan_01.txt,0,0,1,separate,0.3508005465438111,wenyan-like,28543,0.023123007392355392,0.06008478436043864,50.355992844364934,0,0
中華民國公有領域,189537,大上海都市計劃,大上海都市計劃/三稿/第三章,大上海都市計劃,2,scrape_output\raw\中華民國公有領域\大上海都市計劃\大上海都市計劃__juan_02.txt,scrape_output\clean\中華民國公有領域\大上海都市計劃\大上海都市計劃__juan_02.txt,0,0,1,separate,0.3508005465438111,wenyan-like,28543,0.023123007392355392,0.06008478436043864,50.355992844364934,0,0
中華民國公有領域,189537,大上海都市計劃,大上海都市計劃/三稿/第二章,大上海都市計劃,3,scrape_output\raw\中華民國公有領域\大上海都市計劃\大上海都市計劃__juan_03.txt,scrape_output\clean\中華民國公有領域\大上海都市計劃\大上海都市計劃__juan_03.txt,0,0,1,separate,0.3508005465438111,wenyan-like,28543,0.023123007392355392,0.06008478436043864,50.355992844364934,0,0
中華民國公有領域,189537,大上海都市計劃,大上海都市計劃/三稿/第四章,大上海都市計劃,4,scrape_output\raw\中華民國公有領域\大上海都市計劃\大上海都市計劃__juan_04.txt,scrape_output\clean\中華民國公有領域\大上海都市計劃\大上海都市計劃__juan_04.txt,0,0,1,separate,0.3508005465438111,wenyan-like,28543,0.023123007392355392,0.06008478436043864,50.355992844364934,0,0
中華民國公有領域,189537,大上海都市計劃,大上海都市計劃/二稿/第一章,大上海都市計劃,5,scrape_output\raw\中華民國公有領域\大上海都市計劃\大上海都市計劃__juan_05.txt,scrape_output\clean\中華民國公有領域\大上海都市計劃\大上海都市計劃__juan_05.txt,0,0,1,separate,0.3508005465438111,wenyan-like,28543,0.023123007392355392,0.06008478436043864,50.355992844364934,0,0
中華民國公有領域,189537,大上海都市計劃,大上海都市計劃/二稿/第三章,大上海都市計劃,6,scrape_output\raw\中華民國公有領域\大上海都市計劃\大上海都市計劃__juan_06.txt,scrape_output\clean\中華民國公有領域\大上海都市計劃\大上海都市計劃__juan_06.txt,0,0,1,separate,0.3508005465438111,wenyan-like,28543,0.023123007392355392,0.06008478436043864,50.355992844364934,0,0
中華民國公有領域,189537,大上海都市計劃,大上海都市計劃/二稿/第二章,大上海都市計劃,7,scrape_output\raw\中華民國公有領域\大上海都市計劃\大上海都市計劃__juan_07.txt,scrape_output\clean\中華民國公有領域\大上海都市計劃\大上海都市計劃__juan_07.txt,0,0,1,separate,0.3508005465438111,wenyan-like,28543,0.023123007392355392,0.06008478436043864,50.355992844364934,0,0
中華民國公有領域,189537,大上海都市計劃,大上海都市計劃/二稿/第五章,大上海都市計劃,8,scrape_output\raw\中華民國公有領域\大上海都市計劃\大上海都市計劃__juan_08.txt,scrape_output\clean\中華民國公有領域\大上海都市計劃\大上海都市計劃__juan_08.txt,0,0,1,separate,0.3508005465438111,wenyan-like,28543,0.023123007392355392,0.06008478436043864,50.355992844364934,0,0
中華民國公有領域,189537,大上海都市計劃,大上海都市計劃/二稿/第四章,大上海都市計劃,9,scrape_output\raw\中華民國公有領域\大上海都市計劃\大上海都市計劃__juan_09.txt,scrape_output\clean\中華民國公有領域\大上海都市計劃\大上海都市計劃__juan_09.txt,0,0,1,separate,0.3508005465438111,wenyan-like,28543,0.023123007392355392,0.06008478436043864,50.355992844364934,0,0
中華民國公有領域,189537,大上海都市計劃,大上海都市計劃/初稿/第一章,大上海都市計劃,10,scrape_output\raw\中華民國公有領域\大上海都市計劃\大上海都市計劃__juan_10.txt,scrape_output\clean\中華民國公有領域\大上海都市計劃\大上海都市計劃__juan_10.txt,1791,1790,0,separate,0.3508005465438111,wenyan-like,28543,0.023123007392355392,0.06008478436043864,50.355992844364934,0,0
中華民國公有領域,189537,大上海都市計劃,大上海都市計劃/初稿/第七章,大上海都市計劃,11,scrape_output\raw\中華民國公有領域\大上海都市計劃\大上海都市計劃__juan_11.txt,scrape_output\clean\中華民國公有領域\大上海都市計劃\大上海都市計劃__juan_11.txt,9962,9940,0,separate,0.3508005465438111,wenyan-like,28543,0.023123007392355392,0.06008478436043864,50.355992844364934,0,0
中華民國公有領域,189537,大上海都市計劃,大上海都市計劃/初稿/第三章,大上海都市計劃,12,scrape_output\raw\中華民國公有領域\大上海都市計劃\大上海都市計劃__juan_12.txt,scrape_output\clean\中華民國公有領域\大上海都市計劃\大上海都市計劃__juan_12.txt,1047,1046,0,separate,0.3508005465438111,wenyan-like,28543,0.023123007392355392,0.06008478436043864,50.355992844364934,0,0
中華民國公有領域,189537,大上海都市計劃,大上海都市計劃/初稿/第九章,大上海都市計劃,13,scrape_output\raw\中華民國公有領域\大上海都市計劃\大上海都市計劃__juan_13.txt,scrape_output\clean\中華民國公有領域\大上海都市計劃\大上海都市計劃__juan_13.txt,1692,1686,0,separate,0.3508005465438111,wenyan-like,28543,0.023123007392355392,0.06008478436043864,50.355992844364934,0,0
中華民國公有領域,189537,大上海都市計劃,大上海都市計劃/初稿/第二章,大上海都市計劃,14,scrape_output\raw\中華民國公有領域\大上海都市計劃\大上海都市計劃__juan_14.txt,scrape_output\clean\中華民國公有領域\大上海都市計劃\大上海都市計劃__juan_14.txt,2950,2859,0,separate,0.3508005465438111,wenyan-like,28543,0.023123007392355392,0.06008478436043864,50.355992844364934,0,0
中華民國公有領域,189537,大上海都市計劃,大上海都市計劃/初稿/第五章,大上海都市計劃,15,scrape_output\raw\中華民國公有領域\大上海都市計劃\大上海都市計劃__juan_15.txt,scrape_output\clean\中華民國公有領域\大上海都市計劃\大上海都市計劃__juan_15.txt,1563,1545,0,separate,0.3508005465438111,wenyan-like,28543,0.023123007392355392,0.06008478436043864,50.355992844364934,0,0
中華民國公有領域,189537,大上海都市計劃,大上海都市計劃/初稿/第八章,大上海都市計劃,16,scrape_output\raw\中華民國公有領域\大上海都市計劃\大上海都市計劃__juan_16.txt,scrape_output\clean\中華民國公有領域\大上海都市計劃\大上海都市計劃__juan_16.txt,1201,1201,0,separate,0.3508005465438111,wenyan-like,28543,0.023123007392355392,0.06008478436043864,50.355992844364934,0,0
中華民國公有領域,189537,大上海都市計劃,大上海都市計劃/初稿/第六章,大上海都市計劃,17,scrape_output\raw\中華民國公有領域\大上海都市計劃\大上海都市計劃__juan_17.txt,scrape_output\clean\中華民國公有領域\大上海都市計劃\大上海都市計劃__juan_17.txt,7167,7147,0,separate,0.3508005465438111,wenyan-like,28543,0.023123007392355392,0.06008478436043864,50.355992844364934,0,0
中華民國公有領域,189537,大上海都市計劃,大上海都市計劃/初稿/第十章,大上海都市計劃,18,scrape_output\raw\中華民國公有領域\大上海都市計劃\大上海都市計劃__juan_18.txt,scrape_output\clean\中華民國公有領域\大上海都市計劃\大上海都市計劃__juan_18.txt,1093,1093,0,separate,0.3508005465438111,wenyan-like,28543,0.023123007392355392,0.06008478436043864,50.355992844364934,0,0
中華民國公有領域,189537,大上海都市計劃,大上海都市計劃/初稿/第四章,大上海都市計劃,19,scrape_output\raw\中華民國公有領域\大上海都市計劃\大上海都市計劃__juan_19.txt,scrape_output\clean\中華民國公有領域\大上海都市計劃\大上海都市計劃__juan_19.txt,1049,1049,0,separate,0.3508005465438111,wenyan-like,28543,0.023123007392355392,0.06008478436043864,50.355992844364934,0,0
中華民國公有領域,1215525,大總統令 (民國8年12月4日),大總統令 (民國8年12月4日),大總統令 (民國8年12月4日),1,scrape_output\suspected_baihua\raw\中華民國公有領域\大總統令 (民國8年12月4日)\大總統令 (民國8年12月4日)__juan_01.txt,scrape_output\suspected_baihua\clean\中華民國公有領域\大總統令 (民國8年12月4日)\大總統令 (民國8年12月4日)__juan_01.txt,594,551,0,separate,-0.0346938775510204,baihua-like,490,0.030612244897959183,0.02857142857142857,13.542857142857143,0,0
中華民國公有領域,1219723,大總統布告 (民國6年8月14日),大總統布告 (民國6年8月14日),大總統布告 (民國6年8月14日),1,scrape_output\raw\中華民國公有領域\大總統布告 (民國6年8月14日)\大總統布告 (民國6年8月14日)__juan_01.txt,scrape_output\clean\中華民國公有領域\大總統布告 (民國6年8月14日)\大總統布告 (民國6年8月14日)__juan_01.txt,1611,1488,0,separate,0.15802919708029195,wenyan-like,1370,0.031386861313868614,0.051094890510948905,17.906666666666666,0,0
中華民國公有領域,1168421,大西洋宪章,大西洋宪章,大西洋宪章,1,scrape_output\raw\中華民國公有領域\大西洋宪章\大西洋宪章__juan_01.txt,scrape_output\clean\中華民國公有領域\大西洋宪章\大西洋宪章__juan_01.txt,662,659,0,separate,0.17600644122383252,wenyan-like,621,0.0499194847020934,0.01288244766505636,33.611111111111114,0,0
中華民國公有領域,1085444,大陸委員會訂定財團法人法授權規定事項辦法 (民國108年),大陸委員會訂定財團法人法授權規定事項辦法 (民國108年),大陸委員會訂定財團法人法授權規定事項辦法 (民國108年),1,scrape_output\raw\中華民國公有領域\大陸委員會訂定財團法人法授權規定事項辦法 (民國108年)\大陸委員會訂定財團法人法授權規定事項辦法 (民國108年)__juan_01.txt,scrape_output\clean\中華民國公有領域\大陸委員會訂定財團法人法授權規定事項辦法 (民國108年)\大陸委員會訂定財團法人法授權規定事項辦法 (民國108年)__juan_01.txt,1239,1196,0,separate,0.15654817586529468,wenyan-like,1069,0.019644527595884004,0.03274087932647334,22.48936170212766,0,0
中華民國公有領域,1085445,大陸委員會訂定財團法人法授權規定事項辦法 (民國109年),大陸委員會訂定財團法人法授權規定事項辦法 (民國109年),大陸委員會訂定財團法人法授權規定事項辦法 (民國109年),1,scrape_output\raw\中華民國公有領域\大陸委員會訂定財團法人法授權規定事項辦法 (民國109年)\大陸委員會訂定財團法人法授權規定事項辦法 (民國109年)__juan_01.txt,scrape_output\clean\中華民國公有領域\大陸委員會訂定財團法人法授權規定事項辦法 (民國109年)\大陸委員會訂定財團法人法授權規定事項辦法 (民國109年)__juan_01.txt,2254,2211,0,separate,0.27875494071146245,wenyan-like,2024,0.03606719367588933,0.043478260869565216,29.5,0,0
中華民國公有領域,1169451,大韓民國憲法 (1948年),大韓民國憲法 (1948年),大韓民國憲法 (1948年),1,scrape_output\raw\中華民國公有領域\大韓民國憲法 (1948年)\大韓民國憲法 (1948年)__juan_01.txt,scrape_output\clean\中華民國公有領域\大韓民國憲法 (1948年)\大韓民國憲法 (1948年)__juan_01.txt,6049,6048,0,separate,0.3660682226211849,wenyan-like,5570,0.018312387791741474,0.06050269299820467,37.53378378378378,0,0
中華民國公有領域,27613,天壇憲草,天壇憲草,天壇憲草,1,scrape_output\raw\中華民國公有領域\天壇憲草\天壇憲草__juan_01.txt,scrape_output\clean\中華民國公有領域\天壇憲草\天壇憲草__juan_01.txt,5284,5241,0,separate,0.1838306366883799,wenyan-like,4759,0.022063458709812987,0.05001050640890944,23.90954773869347,0,0
中華民國公有領域,114651,天水及西峯鎭宣告臨時戒嚴,天水及西峯鎭宣告臨時戒嚴,天水及西峯鎭宣告臨時戒嚴,1,scrape_output\suspected_baihua\raw\中華民國公有領域\天水及西峯鎭宣告臨時戒嚴\天水及西峯鎭宣告臨時戒嚴__juan_01.txt,scrape_output\suspected_baihua\clean\中華民國公有領域\天水及西峯鎭宣告臨時戒嚴\天水及西峯鎭宣告臨時戒嚴__juan_01.txt,448,405,0,separate,-0.057803468208092484,baihua-like,346,0.04046242774566474,0.031791907514450865,11.586206896551724,0,0
中華民國公有領域,1087335,天津縣為案奉直隸省長訓令華商呈報應付徳奧人民款項致天津總商會函,天津縣為案奉直隸省長訓令華商呈報應付徳奧人民款項致天津總商會函,天津縣為案奉直隸省長訓令華商呈報應付徳奧人民款項致天津總商會函,1,scrape_output\raw\中華民國公有領域\天津縣為案奉直隸省長訓令華商呈報應付徳奧人民款項致天津總商會函\天津縣為案奉直隸省長訓令華商呈報應付徳奧人民款項致天津總商會函__juan_01.txt,scrape_output\clean\中華民國公有領域\天津縣為案奉直隸省長訓令華商呈報應付徳奧人民款項致天津總商會函\天津縣為案奉直隸省長訓令華商呈報應付徳奧人民款項致天津總商會函__juan_01.txt,833,789,0,separate,0.13199445983379499,wenyan-like,722,0.023545706371191136,0.02631578947368421,17.6,0,0
中華民國公有領域,1087362,天津警察廳報六月九日津埠公民大會演說及設法勸導取消罷市等情呈內務部警政司,天津警察廳報六月九日津埠公民大會演說及設法勸導取消罷市等情呈內務部警政司,天津警察廳報六月九日津埠公民大會演說及設法勸導取消罷市等情呈內務部警政司,1,scrape_output\suspected_baihua\raw\中華民國公有領域\天津警察廳報六月九日津埠公民大會演說及設法勸導取消罷市等情呈內務部警政司\天津警察廳報六月九日津埠公民大會演說及設法勸導取消罷市等情呈內務部警政司__juan_01.txt,scrape_output\suspected_baihua\clean\中華民國公有領域\天津警察廳報六月九日津埠公民大會演說及設法勸導取消罷市等情呈內務部警政司\天津警察廳報六月九日津埠公民大會演說及設法勸導取消罷市等情呈內務部警政司__juan_01.txt,773,730,0,separate,-0.019607843137254895,baihua-like,663,0.02262443438914027,0.024132730015082957,14.930232558139535,0,0
中華民國公有領域,890767,天韻雜談,天韻雜談,天韻雜談,1,scrape_output\raw\中華民國公有領域\天韻雜談\天韻雜談__juan_01.txt,scrape_output\clean\中華民國公有領域\天韻雜談\天韻雜談__juan_01.txt,2363,2278,0,separate,0.42814748201438846,wenyan-like,2224,0.0085431654676259,0.07688848920863309,30.914285714285715,0,0
中華民國公有領域,1194672,太原約法,太原約法,太原約法,1,scrape_output\raw\中華民國公有領域\太原約法\太原約法__juan_01.txt,scrape_output\clean\中華民國公有領域\太原約法\太原約法__juan_01.txt,3272,3217,0,separate,0.05005038629492778,wenyan-like,2977,0.02519314746388982,0.06281491434329863,13.626794258373206,0,0
中華民國公有領域,318511,奉部令轉飭各書坊遵照改正專制時代避諱各字等因仰轉飭遵照由,奉部令轉飭各書坊遵照改正專制時代避諱各字等因仰轉飭遵照由,奉部令轉飭各書坊遵照改正專制時代避諱各字等因仰轉飭遵照由,1,scrape_output\suspected_baihua\raw\中華民國公有領域\奉部令轉飭各書坊遵照改正專制時代避諱各字等因仰轉飭遵照由\奉部令轉飭各書坊遵照改正專制時代避諱各字等因仰轉飭遵照由__juan_01.txt,scrape_output\suspected_baihua\clean\中華民國公有領域\奉部令轉飭各書坊遵照改正專制時代避諱各字等因仰轉飭遵照由\奉部令轉飭各書坊遵照改正專制時代避諱各字等因仰轉飭遵照由__juan_01.txt,1610,1567,0,separate,-0.010347376201034743,baihua-like,1353,0.020694752402069475,0.025868440502586843,14.901098901098901,0,0
中華民國公有領域,1129766,如何使用武力,如何使用武力,如何使用武力,1,scrape_output\raw\中華民國公有領域\如何使用武力\如何使用武力__juan_01.txt,scrape_output\clean\中華民國公有領域\如何使用武力\如何使用武力__juan_01.txt,2856,2757,0,separate,0.14168865435356198,wenyan-like,2653,0.08066339992461365,0.04183942706370147,28.483516483516482,0,0
中華民國公有領域,7607,孔乙己,孔乙己,孔乙己,1,scrape_output\suspected_baihua\raw\中華民國公有領域\孔乙己\孔乙己__juan_01.txt,scrape_output\suspected_baihua\clean\中華民國公有領域\孔乙己\孔乙己__juan_01.txt,3356,3252,0,separate,-0.272258064516129,baihua-like,3100,0.10387096774193548,0.01967741935483871,14.767326732673267,0,0
中華民國公有領域,1204396,孫傳芳等推張作霖為安國軍總司令電,孫傳芳等推張作霖為安國軍總司令電,孫傳芳等推張作霖為安國軍總司令電,1,scrape_output\suspected_baihua\raw\中華民國公有領域\孫傳芳等推張作霖為安國軍總司令電\孫傳芳等推張作霖為安國軍總司令電__juan_01.txt,scrape_output\suspected_baihua\clean\中華民國公有領域\孫傳芳等推張作霖為安國軍總司令電\孫傳芳等推張作霖為安國軍總司令電__juan_01.txt,727,684,0,separate,-0.024077046548956663,baihua-like,623,0.024077046548956663,0.024077046548956663,13.568181818181818,0,0
中華民國公有領域,176721,孫文寄送松方正義委託簡,孫文寄送松方正義委託簡,孫文寄送松方正義委託簡,1,scrape_output\suspected_baihua\raw\中華民國公有領域\孫文寄送松方正義委託簡\孫文寄送松方正義委託簡__juan_01.txt,scrape_output\suspected_baihua\clean\中華民國公有領域\孫文寄送松方正義委託簡\孫文寄送松方正義委託簡__juan_01.txt,512,469,0,separate,-0.03482587064676616,baihua-like,402,0.03482587064676617,0.03482587064676617,11.411764705882353,0,0
中華民國公有領域,158656,宣告各友邦書,宣告各友邦書,宣告各友邦書,1,scrape_output\raw\中華民國公有領域\宣告各友邦書\宣告各友邦書__juan_01.txt,scrape_output\clean\中華民國公有領域\宣告各友邦書\宣告各友邦書__juan_01.txt,2050,2017,0,separate,0.46540212443095597,wenyan-like,1977,0.012645422357106728,0.10166919575113809,31.442622950819672,0,0
中華民國公有領域,196647,宣誓就任第二任總統致辭,宣誓就任第二任總統致辭,宣誓就任第二任總統致辭,1,scrape_output\raw\中華民國公有領域\宣誓就任第二任總統致辭\宣誓就任第二任總統致辭__juan_01.txt,scrape_output\clean\中華民國公有領域\宣誓就任第二任總統致辭\宣誓就任第二任總統致辭__juan_01.txt,3093,3048,0,separate,0.05987738419618527,wenyan-like,2936,0.09502724795640327,0.022479564032697547,37.9078947368421,0,0
中華民國公有領域,91257,宣誓就第一任總統職致詞,宣誓就第一任總統職致詞,宣誓就第一任總統職致詞,1,scrape_output\raw\中華民國公有領域\宣誓就第一任總統職致詞\宣誓就第一任總統職致詞__juan_01.txt,scrape_output\clean\中華民國公有領域\宣誓就第一任總統職致詞\宣誓就第一任總統職致詞__juan_01.txt,4233,4189,0,separate,0.055474452554744536,wenyan-like,4110,0.09221411192214111,0.016058394160583942,43.880434782608695,0,0
中華民國公有領域,1204519,察南自治政府歌,察南自治政府歌,察南自治政府歌,1,scrape_output\suspected_baihua\raw\中華民國公有領域\察南自治政府歌\察南自治政府歌__juan_01.txt,scrape_output\suspected_baihua\clean\中華民國公有領域\察南自治政府歌\察南自治政府歌__juan_01.txt,504,461,0,separate,-0.05970149253731343,baihua-like,402,0.03980099502487562,0.029850746268656716,13.482758620689655,0,0
中華民國公有領域,1204518,察南自治政府聲明,察南自治政府聲明,察南自治政府聲明,1,scrape_output\raw\中華民國公有領域\察南自治政府聲明\察南自治政府聲明__juan_01.txt,scrape_output\clean\中華民國公有領域\察南自治政府聲明\察南自治政府聲明__juan_01.txt,835,792,0,separate,0.17063273727647868,wenyan-like,727,0.02888583218707015,0.05364511691884457,19.805555555555557,0,0
中華民國公有領域,1129715,尋求與國與團結民衆,尋求與國與團結民衆,尋求與國與團結民衆,1,scrape_output\raw\中華民國公有領域\尋求與國與團結民衆\尋求與國與團結民衆__juan_01.txt,scrape_output\clean\中華民國公有領域\尋求與國與團結民衆\尋求與國與團結民衆__juan_01.txt,5036,4927,0,separate,0.1137787056367432,wenyan-like,4790,0.08559498956158663,0.03528183716075157,35.29323308270677,0,0
中華民國公有領域,1052279,對中國共產黨宣言的談話,對中國共產黨宣言的談話,對中國共產黨宣言的談話,1,scrape_output\raw\中華民國公有領域\對中國共產黨宣言的談話\對中國共產黨宣言的談話__juan_01.txt,scrape_output\clean\中華民國公有領域\對中國共產黨宣言的談話\對中國共產黨宣言的談話__juan_01.txt,1228,1185,0,separate,0.35688888888888887,wenyan-like,1125,0.019555555555555555,0.057777777777777775,27.6,0,0
中華民國公有領域,196292,對全國青年遠征軍退伍士兵廣播詞,對全國青年遠征軍退伍士兵廣播詞,對全國青年遠征軍退伍士兵廣播詞,1,scrape_output\suspected_baihua\raw\中華民國公有領域\對全國青年遠征軍退伍士兵廣播詞\對全國青年遠征軍退伍士兵廣播詞__juan_01.txt,scrape_output\suspected_baihua\clean\中華民國公有領域\對全國青年遠征軍退伍士兵廣播詞\對全國青年遠征軍退伍士兵廣播詞__juan_01.txt,2451,2408,0,separate,-0.03874412644169162,baihua-like,2341,0.12345151644596326,0.015805211448099103,38.983050847457626,0,0
中華民國公有領域,1091567,對國大代表、立、監委員及臺灣省參議員致詞,對國大代表、立、監委員及臺灣省參議員致詞,對國大代表、立、監委員及臺灣省參議員致詞,1,scrape_output\raw\中華民國公有領域\對國大代表、立、監委員及臺灣省參議員致詞\對國大代表、立、監委員及臺灣省參議員致詞__juan_01.txt,scrape_output\clean\中華民國公有領域\對國大代表、立、監委員及臺灣省參議員致詞\對國大代表、立、監委員及臺灣省參議員致詞__juan_01.txt,2074,2031,0,separate,0.0129201680672269,wenyan-like,1904,0.06144957983193277,0.023634453781512604,20.27173913043478,0,0
中華民國公有領域,885163,對從軍學生訓話,對從軍學生訓話,對從軍學生訓話,1,scrape_output\suspected_baihua\raw\中華民國公有領域\對從軍學生訓話\對從軍學生訓話__juan_01.txt,scrape_output\suspected_baihua\clean\中華民國公有領域\對從軍學生訓話\對從軍學生訓話__juan_01.txt,5348,5305,0,separate,-0.037863705972434936,baihua-like,5224,0.12193721286370597,0.013973966309341501,44.6,0,0
中華民國公有領域,1171310,對日本和平條約,對日本和平條約,對日本和平條約,1,scrape_output\raw\中華民國公有領域\對日本和平條約\對日本和平條約__juan_01.txt,scrape_output\clean\中華民國公有領域\對日本和平條約\對日本和平條約__juan_01.txt,8562,8506,0,separate,0.35123846527440505,wenyan-like,8236,0.02112676056338028,0.05730937348227295,49.701219512195124,0,0
中華民國公有領域,154878,對盧溝橋事件之嚴正聲明,對盧溝橋事件之嚴正聲明,對盧溝橋事件之嚴正聲明,1,scrape_output\raw\中華民國公有領域\對盧溝橋事件之嚴正聲明\對盧溝橋事件之嚴正聲明__juan_01.txt,scrape_output\clean\中華民國公有領域\對盧溝橋事件之嚴正聲明\對盧溝橋事件之嚴正聲明__juan_01.txt,2341,2292,0,separate,0.0659574468085106,wenyan-like,2209,0.09189678587596198,0.02082390221819828,27.641025641025642,0,0
中華民國公有領域,1097065,對等、和平與雙贏——中華民國對「特殊國與國關係」的立場,對等、和平與雙贏——中華民國對「特殊國與國關係」的立場,對等、和平與雙贏——中華民國對「特殊國與國關係」的立場,1,scrape_output\raw\中華民國公有領域\對等、和平與雙贏——中華民國對「特殊國與國關係」的立場\對等、和平與雙贏——中華民國對「特殊國與國關係」的立場__juan_01.txt,scrape_output\clean\中華民國公有領域\對等、和平與雙贏——中華民國對「特殊國與國關係」的立場\對等、和平與雙贏——中華民國對「特殊國與國關係」的立場__juan_01.txt,2903,2860,0,separate,0.10713770728190339,wenyan-like,2774,0.07534246575342465,0.01658255227108868,33.55555555555556,0,0
中華民國公有領域,1129761,就尋求與國與團結民衆再引申幾句話,就尋求與國與團結民衆再引申幾句話,就尋求與國與團結民衆再引申幾句話,1,scrape_output\raw\中華民國公有領域\就尋求與國與團結民衆再引申幾句話\就尋求與國與團結民衆再引申幾句話__juan_01.txt,scrape_output\clean\中華民國公有領域\就尋求與國與團結民衆再引申幾句話\就尋求與國與團結民衆再引申幾句話__juan_01.txt,4108,4001,0,separate,0.1579150579150579,wenyan-like,3885,0.07258687258687259,0.03783783783783784,33.982142857142854,0,0
中華民國公有領域,1129712,展開了國民革命的後半期,展開了國民革命的後半期,展開了國民革命的後半期,1,scrape_output\suspected_baihua\raw\中華民國公有領域\展開了國民革命的後半期\展開了國民革命的後半期__juan_01.txt,scrape_output\suspected_baihua\clean\中華民國公有領域\展開了國民革命的後半期\展開了國民革命的後半期__juan_01.txt,1372,1283,0,separate,-0.07203532380151384,baihua-like,1189,0.09251471825063078,0.027754415475189236,22.88235294117647,0,0
中華民國公有領域,1093518,山東督辦、省長公署咨外交部呈膠濟路沿線日本六軍集中青島撤退情形,山東督辦、省長公署咨外交部呈膠濟路沿線日本六軍集中青島撤退情形,山東督辦、省長公署咨外交部呈膠濟路沿線日本六軍集中青島撤退情形,1,scrape_output\raw\中華民國公有領域\山東督辦、省長公署咨外交部呈膠濟路沿線日本六軍集中青島撤退情形\山東督辦、省長公署咨外交部呈膠濟路沿線日本六軍集中青島撤退情形__juan_01.txt,scrape_output\clean\中華民國公有領域\山東督辦、省長公署咨外交部呈膠濟路沿線日本六軍集中青島撤退情形\山東督辦、省長公署咨外交部呈膠濟路沿線日本六軍集中青島撤退情形__juan_01.txt,1393,1350,0,separate,0.2692186266771902,wenyan-like,1267,0.016574585635359115,0.009471191791633781,28.204545454545453,0,0
中華民國公有領域,1085045,山西前晉泰官錢局總理渠本澄呈都督民政長陳明清理手續將本局註銷以為結束文,山西前晉泰官錢局總理渠本澄呈都督民政長陳明清理手續將本局註銷以為結束文,山西前晉泰官錢局總理渠本澄呈都督民政長陳明清理手續將本局註銷以為結束文,1,scrape_output\raw\中華民國公有領域\山西前晉泰官錢局總理渠本澄呈都督民政長陳明清理手續將本局註銷以為結束文\山西前晉泰官錢局總理渠本澄呈都督民政長陳明清理手續將本局註銷以為結束文__juan_01.txt,scrape_output\clean\中華民國公有領域\山西前晉泰官錢局總理渠本澄呈都督民政長陳明清理手續將本局註銷以為結束文\山西前晉泰官錢局總理渠本澄呈都督民政長陳明清理手續將本局註銷以為結束文__juan_01.txt,1733,1658,0,separate,0.15506008855154965,wenyan-like,1581,0.02024035420619861,0.03289057558507274,21.535211267605632,0,0
中華民國公有領域,1204370,山西省籌賑會成立宣言,山西省籌賑會成立宣言,山西省籌賑會成立宣言,1,scrape_output\raw\中華民國公有領域\山西省籌賑會成立宣言\山西省籌賑會成立宣言__juan_01.txt,scrape_output\clean\中華民國公有領域\山西省籌賑會成立宣言\山西省籌賑會成立宣言__juan_01.txt,1158,1115,0,separate,0.4183712121212121,wenyan-like,1056,0.023674242424242424,0.0946969696969697,25.195121951219512,0,0
中華民國公有領域,1105579,山西省臨時政府成立宣言,山西省臨時政府成立宣言,山西省臨時政府成立宣言,1,scrape_output\raw\中華民國公有領域\山西省臨時政府成立宣言\山西省臨時政府成立宣言__juan_01.txt,scrape_output\clean\中華民國公有領域\山西省臨時政府成立宣言\山西省臨時政府成立宣言__juan_01.txt,607,564,0,separate,0.14405940594059408,wenyan-like,505,0.0297029702970297,0.041584158415841586,15.34375,0,0
中華民國公有領域,1091565,巡視臺灣發表觀感,巡視臺灣發表觀感,巡視臺灣發表觀感,1,scrape_output\raw\中華民國公有領域\巡視臺灣發表觀感\巡視臺灣發表觀感__juan_01.txt,scrape_output\clean\中華民國公有領域\巡視臺灣發表觀感\巡視臺灣發表觀感__juan_01.txt,776,733,0,separate,0.04802130898021309,wenyan-like,657,0.0502283105022831,0.0243531202435312,15.658536585365853,0,0
中華民國公有領域,1057155,己未獨立宣言書,己未獨立宣言書,己未獨立宣言書,1,scrape_output\raw\中華民國公有領域\己未獨立宣言書\己未獨立宣言書__juan_01.txt,scrape_output\clean\中華民國公有領域\己未獨立宣言書\己未獨立宣言書__juan_01.txt,3443,3410,0,separate,0.2974858579509742,wenyan-like,3182,0.041483343808925204,0.06096794468887492,36.724137931034484,0,0
中華民國公有領域,1105294,市總工會籌委會四次常會紀,市總工會籌委會四次常會紀,市總工會籌委會四次常會紀,1,scrape_output\raw\中華民國公有領域\市總工會籌委會四次常會紀\市總工會籌委會四次常會紀__juan_01.txt,scrape_output\clean\中華民國公有領域\市總工會籌委會四次常會紀\市總工會籌委會四次常會紀__juan_01.txt,2498,2449,0,separate,0.2803100125680771,wenyan-like,2387,0.012149141181399247,0.008378718056137411,82.06896551724138,0,0
中華民國公有領域,176740,布告解散國會原因文,布告解散國會原因文,布告解散國會原因文,1,scrape_output\raw\中華民國公有領域\布告解散國會原因文\布告解散國會原因文__juan_01.txt,scrape_output\clean\中華民國公有領域\布告解散國會原因文\布告解散國會原因文__juan_01.txt,4040,3996,0,separate,0.3610099974365547,wenyan-like,3901,0.016406049730838246,0.05511407331453474,48.1,0,0
中華民國公有領域,855978,常用國字標準字體表,常用國字標準字體表,常用國字標準字體表,1,scrape_output\raw\中華民國公有領域\常用國字標準字體表\常用國字標準字體表__juan_01.txt,scrape_output\clean\中華民國公有領域\常用國字標準字體表\常用國字標準字體表__juan_01.txt,135,125,0,separate,-0.03571428571428571,unknown,112,0.017857142857142856,0.008928571428571428,13.625,0,1
中華民國公有領域,1078672,平陽畬民調查,平陽畬民調查,平陽畬民調查,1,scrape_output\raw\中華民國公有領域\平陽畬民調查\平陽畬民調查__juan_01.txt,scrape_output\clean\中華民國公有領域\平陽畬民調查\平陽畬民調查__juan_01.txt,7704,7598,0,separate,0.3889011595803423,wenyan-like,7244,0.014080618442849255,0.06557150745444505,28.431451612903224,0,0
中華民國公有領域,1144809,广州市市政公所第一号布告,广州市市政公所第一号布告,广州市市政公所第一号布告,1,scrape_output\raw\中華民國公有領域\广州市市政公所第一号布告\广州市市政公所第一号布告__juan_01.txt,scrape_output\clean\中華民國公有領域\广州市市政公所第一号布告\广州市市政公所第一号布告__juan_01.txt,1589,1546,0,separate,0.015235457063711912,wenyan-like,1444,0.018005540166204988,0.03462603878116344,12.29203539823009,0,0
中華民國公有領域,114653,廣元宣告戒嚴,廣元宣告戒嚴,廣元宣告戒嚴,1,scrape_output\suspected_baihua\raw\中華民國公有領域\廣元宣告戒嚴\廣元宣告戒嚴__juan_01.txt,scrape_output\suspected_baihua\clean\中華民國公有領域\廣元宣告戒嚴\廣元宣告戒嚴__juan_01.txt,449,406,0,separate,-0.05763688760806916,baihua-like,347,0.040345821325648415,0.03170028818443804,11.620689655172415,0,0
中華民國公有領域,1078638,廣州國會非常會議議決軍政府組織大綱並選舉孫中山為大元帥陸榮廷、唐繼堯為元帥之通電,廣州國會非常會議議決軍政府組織大綱並選舉孫中山為大元帥陸榮廷、唐繼堯為元帥之通電,廣州國會非常會議議決軍政府組織大綱並選舉孫中山為大元帥陸榮廷、唐繼堯為元帥之通電,1,scrape_output\raw\中華民國公有領域\廣州國會非常會議議決軍政府組織大綱並選舉孫中山為大元帥陸榮廷、唐繼堯為元帥之通電\廣州國會非常會議議決軍政府組織大綱並選舉孫中山為大元帥陸榮廷、唐繼堯為元帥之通電__juan_01.txt,scrape_output\clean\中華民國公有領域\廣州國會非常會議議決軍政府組織大綱並選舉孫中山為大元帥陸榮廷、唐繼堯為元帥之通電\廣州國會非常會議議決軍政府組織大綱並選舉孫中山為大元帥陸榮廷、唐繼堯為元帥之通電__juan_01.txt,729,684,0,separate,0.14677938808373592,wenyan-like,621,0.028985507246376812,0.04186795491143317,18.393939393939394,0,0
中華民國公有領域,892078,廣州地方檢事局呈請司法司轉咨外交司移請香港總督將同文街三十五號被刧槍斃一案逸犯陳燦解省歸案辦理文,廣州地方檢事局呈請司法司轉咨外交司移請香港總督將同文街三十五號被刧槍斃一案逸犯陳燦解省歸案辦理文,廣州地方檢事局呈請司法司轉咨外交司移請香港總督將同文街三十五號被刧槍斃一案逸犯陳燦解省歸案辦理文,1,scrape_output\suspected_baihua\raw\中華民國公有領域\廣州地方檢事局呈請司法司轉咨外交司移請香港總督將同文街三十五號被刧槍斃一案逸犯陳燦解省歸案辦理文\廣州地方檢事局呈請司法司轉咨外交司移請香港總督將同文街三十五號被刧槍斃一案逸犯陳燦解省歸案辦理文__juan_01.txt,scrape_output\suspected_baihua\clean\中華民國公有領域\廣州地方檢事局呈請司法司轉咨外交司移請香港總督將同文街三十五號被刧槍斃一案逸犯陳燦解省歸案辦理文\廣州地方檢事局呈請司法司轉咨外交司移請香港總督將同文街三十五號被刧槍斃一案逸犯陳燦解省歸案辦理文__juan_01.txt,1263,1220,0,separate,-0.038766519823788544,baihua-like,1135,0.02290748898678414,0.014977973568281937,9.60952380952381,0,0
中華民國公有領域,1059548,廣州市政府合署建築章程,廣州市政府合署建築章程,廣州市政府合署建築章程,1,scrape_output\raw\中華民國公有領域\廣州市政府合署建築章程\廣州市政府合署建築章程__juan_01.txt,scrape_output\clean\中華民國公有領域\廣州市政府合署建築章程\廣州市政府合署建築章程__juan_01.txt,11411,11207,0,separate,0.13579075425790754,wenyan-like,10275,0.02141119221411192,0.025012165450121655,22.50873362445415,0,0
中華民國公有領域,1204358,廣州治安維持會成立宣言,廣州治安維持會成立宣言,廣州治安維持會成立宣言,1,scrape_output\raw\中華民國公有領域\廣州治安維持會成立宣言\廣州治安維持會成立宣言__juan_01.txt,scrape_output\clean\中華民國公有領域\廣州治安維持會成立宣言\廣州治安維持會成立宣言__juan_01.txt,607,558,0,separate,0.17429906542056073,wenyan-like,535,0.024299065420560748,0.048598130841121495,20.8,0,0
中華民國公有領域,1204359,廣州治安維持會成立通電,廣州治安維持會成立通電,廣州治安維持會成立通電,1,scrape_output\raw\中華民國公有領域\廣州治安維持會成立通電\廣州治安維持會成立通電__juan_01.txt,scrape_output\clean\中華民國公有領域\廣州治安維持會成立通電\廣州治安維持會成立通電__juan_01.txt,607,558,0,separate,0.17626641651031894,wenyan-like,533,0.01876172607879925,0.04127579737335835,24.80952380952381,0,0
中華民國公有領域,1080411,廣東副都督陳炯明宣佈治粵政綱,廣東副都督陳炯明宣佈治粵政綱,廣東副都督陳炯明宣佈治粵政綱,1,scrape_output\raw\中華民國公有領域\廣東副都督陳炯明宣佈治粵政綱\廣東副都督陳炯明宣佈治粵政綱__juan_01.txt,scrape_output\clean\中華民國公有領域\廣東副都督陳炯明宣佈治粵政綱\廣東副都督陳炯明宣佈治粵政綱__juan_01.txt,1205,1134,0,separate,0.13831548198636806,wenyan-like,1027,0.021421616358325218,0.02629016553067186,17.696428571428573,0,0
中華民國公有領域,1068015,廣東巡按使報告會同龍濟光邀集粵省垣各界止息煽惑排日,廣東巡按使報告會同龍濟光邀集粵省垣各界止息煽惑排日,廣東巡按使報告會同龍濟光邀集粵省垣各界止息煽惑排日,1,scrape_output\suspected_baihua\raw\中華民國公有領域\廣東巡按使報告會同龍濟光邀集粵省垣各界止息煽惑排日\廣東巡按使報告會同龍濟光邀集粵省垣各界止息煽惑排日__juan_01.txt,scrape_output\suspected_baihua\clean\中華民國公有領域\廣東巡按使報告會同龍濟光邀集粵省垣各界止息煽惑排日\廣東巡按使報告會同龍濟光邀集粵省垣各界止息煽惑排日__juan_01.txt,874,831,0,separate,-0.007957559681697611,baihua-like,754,0.021220159151193633,0.027851458885941646,14.294117647058824,0,0
中華民國公有領域,1204357,廣東治安維持會成立通電,廣東治安維持會成立通電,廣東治安維持會成立通電,1,scrape_output\raw\中華民國公有領域\廣東治安維持會成立通電\廣東治安維持會成立通電__juan_01.txt,scrape_output\clean\中華民國公有領域\廣東治安維持會成立通電\廣東治安維持會成立通電__juan_01.txt,810,761,0,separate,0.30408719346049046,wenyan-like,734,0.020435967302452316,0.0326975476839237,27.576923076923077,0,0
中華民國公有領域,1206271,廣東省憲法草案 (民國10年9月),廣東省憲法草案 (民國10年9月),廣東省憲法草案 (民國10年9月),1,scrape_output\raw\中華民國公有領域\廣東省憲法草案 (民國10年9月)\廣東省憲法草案 (民國10年9月)__juan_01.txt,scrape_output\clean\中華民國公有領域\廣東省憲法草案 (民國10年9月)\廣東省憲法草案 (民國10年9月)__juan_01.txt,7288,7211,0,separate,0.1681030481200681,wenyan-like,6463,0.02924338542472536,0.05291660219712208,21.089456869009584,0,0
中華民國公有領域,1053050,廣東省長陳炯明發佈廣州市政廳成立的佈告,廣東省長陳炯明發佈廣州市政廳成立的佈告,廣東省長陳炯明發佈廣州市政廳成立的佈告,1,scrape_output\raw\中華民國公有領域\廣東省長陳炯明發佈廣州市政廳成立的佈告\廣東省長陳炯明發佈廣州市政廳成立的佈告__juan_01.txt,scrape_output\clean\中華民國公有領域\廣東省長陳炯明發佈廣州市政廳成立的佈告\廣東省長陳炯明發佈廣州市政廳成立的佈告__juan_01.txt,966,923,0,separate,0.15,wenyan-like,850,0.02588235294117647,0.03882352941176471,19.88095238095238,0,0
中華民國公有領域,1080427,廣東臨時省議會就粵省總督與香港三銀行訂借五百萬元之合同質問都督府函,廣東臨時省議會就粵省總督與香港三銀行訂借五百萬元之合同質問都督府函,廣東臨時省議會就粵省總督與香港三銀行訂借五百萬元之合同質問都督府函,1,scrape_output\raw\中華民國公有領域\廣東臨時省議會就粵省總督與香港三銀行訂借五百萬元之合同質問都督府函\廣東臨時省議會就粵省總督與香港三銀行訂借五百萬元之合同質問都督府函__juan_01.txt,scrape_output\clean\中華民國公有領域\廣東臨時省議會就粵省總督與香港三銀行訂借五百萬元之合同質問都督府函\廣東臨時省議會就粵省總督與香港三銀行訂借五百萬元之合同質問都督府函__juan_01.txt,812,759,0,separate,0.12694524495677234,wenyan-like,694,0.025936599423631124,0.027377521613832854,18.805555555555557,0,0
中華民國公有領域,1080428,廣東臨時省議會就粵路抵借外債覆都督府函,廣東臨時省議會就粵路抵借外債覆都督府函,廣東臨時省議會就粵路抵借外債覆都督府函,1,scrape_output\raw\中華民國公有領域\廣東臨時省議會就粵路抵借外債覆都督府函\廣東臨時省議會就粵路抵借外債覆都督府函__juan_01.txt,scrape_output\clean\中華民國公有領域\廣東臨時省議會就粵路抵借外債覆都督府函\廣東臨時省議會就粵路抵借外債覆都督府函__juan_01.txt,1012,967,0,separate,0.1488913525498891,wenyan-like,902,0.03436807095343681,0.050997782705099776,20.41860465116279,0,0
中華民國公有領域,1086522,廣東臨時省議會為粵都督陳炯明違法濫用軍律槍斃佗城獨立報發行人陳聽香案致各處電文,廣東臨時省議會為粵都督陳炯明違法濫用軍律槍斃佗城獨立報發行人陳聽香案致各處電文,廣東臨時省議會為粵都督陳炯明違法濫用軍律槍斃佗城獨立報發行人陳聽香案致各處電文,1,scrape_output\suspected_baihua\raw\中華民國公有領域\廣東臨時省議會為粵都督陳炯明違法濫用軍律槍斃佗城獨立報發行人陳聽香案致各處電文\廣東臨時省議會為粵都督陳炯明違法濫用軍律槍斃佗城獨立報發行人陳聽香案致各處電文__juan_01.txt,scrape_output\suspected_baihua\clean\中華民國公有領域\廣東臨時省議會為粵都督陳炯明違法濫用軍律槍斃佗城獨立報發行人陳聽香案致各處電文\廣東臨時省議會為粵都督陳炯明違法濫用軍律槍斃佗城獨立報發行人陳聽香案致各處電文__juan_01.txt,617,574,0,separate,-0.0376984126984127,baihua-like,504,0.03373015873015873,0.031746031746031744,9.192307692307692,0,0
中華民國公有領域,1080416,廣東臨時省議會為糾治權案知會廣東都督,廣東臨時省議會為糾治權案知會廣東都督,廣東臨時省議會為糾治權案知會廣東都督,1,scrape_output\raw\中華民國公有領域\廣東臨時省議會為糾治權案知會廣東都督\廣東臨時省議會為糾治權案知會廣東都督__juan_01.txt,scrape_output\clean\中華民國公有領域\廣東臨時省議會為糾治權案知會廣東都督\廣東臨時省議會為糾治權案知會廣東都督__juan_01.txt,1449,1392,0,separate,0.23861726508785333,wenyan-like,1309,0.024446142093200916,0.08097784568372804,20.11111111111111,0,0
中華民國公有領域,1080432,廣東臨時省議會覆陳炯明定期選舉都督咨文,廣東臨時省議會覆陳炯明定期選舉都督咨文,廣東臨時省議會覆陳炯明定期選舉都督咨文,1,scrape_output\raw\中華民國公有領域\廣東臨時省議會覆陳炯明定期選舉都督咨文\廣東臨時省議會覆陳炯明定期選舉都督咨文__juan_01.txt,scrape_output\clean\中華民國公有領域\廣東臨時省議會覆陳炯明定期選舉都督咨文\廣東臨時省議會覆陳炯明定期選舉都督咨文__juan_01.txt,1415,1372,0,separate,0.18248259860788862,wenyan-like,1293,0.018561484918793503,0.04408352668213457,22.482142857142858,0,0
中華民國公有領域,1080422,廣東警察廳奉廣東都督令查封《公言報》《佗城獨立報》佈告,廣東警察廳奉廣東都督令查封《公言報》《佗城獨立報》佈告,廣東警察廳奉廣東都督令查封《公言報》《佗城獨立報》佈告,1,scrape_output\suspected_baihua\raw\中華民國公有領域\廣東警察廳奉廣東都督令查封《公言報》《佗城獨立報》佈告\廣東警察廳奉廣東都督令查封《公言報》《佗城獨立報》佈告__juan_01.txt,scrape_output\suspected_baihua\clean\中華民國公有領域\廣東警察廳奉廣東都督令查封《公言報》《佗城獨立報》佈告\廣東警察廳奉廣東都督令查封《公言報》《佗城獨立報》佈告__juan_01.txt,576,533,0,separate,-0.03829787234042554,baihua-like,470,0.029787234042553193,0.02553191489361702,13.411764705882353,0,0
中華民國公有領域,1087304,廣東軍政府宣言對於德國恢復和平之意及通告各友邦再加考量巴黎和約山東問題三款,廣東軍政府宣言對於德國恢復和平之意及通告各友邦再加考量巴黎和約山東問題三款,廣東軍政府宣言對於德國恢復和平之意及通告各友邦再加考量巴黎和約山東問題三款,1,scrape_output\suspected_baihua\raw\中華民國公有領域\廣東軍政府宣言對於德國恢復和平之意及通告各友邦再加考量巴黎和約山東問題三款\廣東軍政府宣言對於德國恢復和平之意及通告各友邦再加考量巴黎和約山東問題三款__juan_01.txt,scrape_output\suspected_baihua\clean\中華民國公有領域\廣東軍政府宣言對於德國恢復和平之意及通告各友邦再加考量巴黎和約山東問題三款\廣東軍政府宣言對於德國恢復和平之意及通告各友邦再加考量巴黎和約山東問題三款__juan_01.txt,744,701,0,separate,-0.052959501557632384,baihua-like,642,0.037383177570093455,0.029595015576323987,10.186440677966102,0,0
中華民國公有領域,1087239,廣東軍政府政務總裁岑春煊等電致北京徐世昌總統主在上海租界開和平會議反對在南京召開善後會議,廣東軍政府政務總裁岑春煊等電致北京徐世昌總統主在上海租界開和平會議反對在南京召開善後會議,廣東軍政府政務總裁岑春煊等電致北京徐世昌總統主在上海租界開和平會議反對在南京召開善後會議,1,scrape_output\raw\中華民國公有領域\廣東軍政府政務總裁岑春煊等電致北京徐世昌總統主在上海租界開和平會議反對在南京召開善後會議\廣東軍政府政務總裁岑春煊等電致北京徐世昌總統主在上海租界開和平會議反對在南京召開善後會議__juan_01.txt,scrape_output\clean\中華民國公有領域\廣東軍政府政務總裁岑春煊等電致北京徐世昌總統主在上海租界開和平會議反對在南京召開善後會議\廣東軍政府政務總裁岑春煊等電致北京徐世昌總統主在上海租界開和平會議反對在南京召開善後會議__juan_01.txt,723,680,0,separate,0.008103727714748779,wenyan-like,617,0.024311183144246355,0.04051863857374392,9.426229508196721,0,0
中華民國公有領域,1080429,廣東都督府准新舊紙幣一律行使完納錢糧關稅之通告,廣東都督府准新舊紙幣一律行使完納錢糧關稅之通告,廣東都督府准新舊紙幣一律行使完納錢糧關稅之通告,1,scrape_output\raw\中華民國公有領域\廣東都督府准新舊紙幣一律行使完納錢糧關稅之通告\廣東都督府准新舊紙幣一律行使完納錢糧關稅之通告__juan_01.txt,scrape_output\clean\中華民國公有領域\廣東都督府准新舊紙幣一律行使完納錢糧關稅之通告\廣東都督府准新舊紙幣一律行使完納錢糧關稅之通告__juan_01.txt,663,620,0,separate,0.12137745974955276,wenyan-like,559,0.03220035778175313,0.03398926654740608,15.055555555555555,0,0
中華民國公有領域,1080418,廣東都督府綏靖潮州電,廣東都督府綏靖潮州電,廣東都督府綏靖潮州電,1,scrape_output\raw\中華民國公有領域\廣東都督府綏靖潮州電\廣東都督府綏靖潮州電__juan_01.txt,scrape_output\clean\中華民國公有領域\廣東都督府綏靖潮州電\廣東都督府綏靖潮州電__juan_01.txt,928,885,0,separate,0.1267156862745098,wenyan-like,816,0.03308823529411765,0.03799019607843137,18.441860465116278,0,0
中華民國公有領域,1078707,廣東都督胡漢民安撫八旗士女之通告,廣東都督胡漢民安撫八旗士女之通告,廣東都督胡漢民安撫八旗士女之通告,1,scrape_output\raw\中華民國公有領域\廣東都督胡漢民安撫八旗士女之通告\廣東都督胡漢民安撫八旗士女之通告__juan_01.txt,scrape_output\clean\中華民國公有領域\廣東都督胡漢民安撫八旗士女之通告\廣東都督胡漢民安撫八旗士女之通告__juan_01.txt,777,734,0,separate,0.16788375558867363,wenyan-like,671,0.03576751117734724,0.06259314456035768,17.64864864864865,0,0
中華民國公有領域,1080410,廣東都督胡漢民為改元剪髮之佈告,廣東都督胡漢民為改元剪髮之佈告,廣東都督胡漢民為改元剪髮之佈告,1,scrape_output\raw\中華民國公有領域\廣東都督胡漢民為改元剪髮之佈告\廣東都督胡漢民為改元剪髮之佈告__juan_01.txt,scrape_output\clean\中華民國公有領域\廣東都督胡漢民為改元剪髮之佈告\廣東都督胡漢民為改元剪髮之佈告__juan_01.txt,1070,1027,0,separate,0.2390985324947589,wenyan-like,954,0.01781970649895178,0.07127882599580712,18.857142857142858,0,0
中華民國公有領域,1080433,廣東都督陳炯明告退之照會,廣東都督陳炯明告退之照會,廣東都督陳炯明告退之照會,1,scrape_output\raw\中華民國公有領域\廣東都督陳炯明告退之照會\廣東都督陳炯明告退之照會__juan_01.txt,scrape_output\clean\中華民國公有領域\廣東都督陳炯明告退之照會\廣東都督陳炯明告退之照會__juan_01.txt,1551,1506,0,separate,0.33474635163307853,wenyan-like,1439,0.022237665045170257,0.05072967338429465,25.527272727272727,0,0
中華民國公有領域,1080421,廣東都督陳炯明命查封《總商會報》令,廣東都督陳炯明命查封《總商會報》令,廣東都督陳炯明命查封《總商會報》令,1,scrape_output\raw\中華民國公有領域\廣東都督陳炯明命查封《總商會報》令\廣東都督陳炯明命查封《總商會報》令__juan_01.txt,scrape_output\clean\中華民國公有領域\廣東都督陳炯明命查封《總商會報》令\廣東都督陳炯明命查封《總商會報》令__juan_01.txt,693,650,0,separate,0.13646362098138748,wenyan-like,591,0.030456852791878174,0.038917089678511,15.944444444444445,0,0
中華民國公有領域,1080426,廣東都督陳炯明嚴禁廣東省城市面兌換毫圓折減及交易照從前兩數算計之通告,廣東都督陳炯明嚴禁廣東省城市面兌換毫圓折減及交易照從前兩數算計之通告,廣東都督陳炯明嚴禁廣東省城市面兌換毫圓折減及交易照從前兩數算計之通告,1,scrape_output\suspected_baihua\raw\中華民國公有領域\廣東都督陳炯明嚴禁廣東省城市面兌換毫圓折減及交易照從前兩數算計之通告\廣東都督陳炯明嚴禁廣東省城市面兌換毫圓折減及交易照從前兩數算計之通告__juan_01.txt,scrape_output\suspected_baihua\clean\中華民國公有領域\廣東都督陳炯明嚴禁廣東省城市面兌換毫圓折減及交易照從前兩數算計之通告\廣東都督陳炯明嚴禁廣東省城市面兌換毫圓折減及交易照從前兩數算計之通告__juan_01.txt,681,635,0,separate,-0.0736842105263158,baihua-like,570,0.042105263157894736,0.02631578947368421,14.128205128205128,0,0
中華民國公有領域,1080423,廣東都督陳炯明宣佈《公言報》《佗城獨立報》罪狀令,廣東都督陳炯明宣佈《公言報》《佗城獨立報》罪狀令,廣東都督陳炯明宣佈《公言報》《佗城獨立報》罪狀令,1,scrape_output\raw\中華民國公有領域\廣東都督陳炯明宣佈《公言報》《佗城獨立報》罪狀令\廣東都督陳炯明宣佈《公言報》《佗城獨立報》罪狀令__juan_01.txt,scrape_output\clean\中華民國公有領域\廣東都督陳炯明宣佈《公言報》《佗城獨立報》罪狀令\廣東都督陳炯明宣佈《公言報》《佗城獨立報》罪狀令__juan_01.txt,910,867,0,separate,0.17743142144638402,wenyan-like,802,0.02743142144638404,0.05486284289276808,19.024390243902438,0,0
中華民國公有領域,1080430,廣東都督陳炯明宣佈惠軍統領王和順罪狀之佈告,廣東都督陳炯明宣佈惠軍統領王和順罪狀之佈告,廣東都督陳炯明宣佈惠軍統領王和順罪狀之佈告,1,scrape_output\raw\中華民國公有領域\廣東都督陳炯明宣佈惠軍統領王和順罪狀之佈告\廣東都督陳炯明宣佈惠軍統領王和順罪狀之佈告__juan_01.txt,scrape_output\clean\中華民國公有領域\廣東都督陳炯明宣佈惠軍統領王和順罪狀之佈告\廣東都督陳炯明宣佈惠軍統領王和順罪狀之佈告__juan_01.txt,1007,963,0,separate,0.1422222222222222,wenyan-like,900,0.023333333333333334,0.03111111111111111,18.97826086956522,0,0
中華民國公有領域,1080424,廣東都督陳炯明擬先設粵省軍政府駐港督造紙幣局知會任命及辦理,廣東都督陳炯明擬先設粵省軍政府駐港督造紙幣局知會任命及辦理,廣東都督陳炯明擬先設粵省軍政府駐港督造紙幣局知會任命及辦理,1,scrape_output\suspected_baihua\raw\中華民國公有領域\廣東都督陳炯明擬先設粵省軍政府駐港督造紙幣局知會任命及辦理\廣東都督陳炯明擬先設粵省軍政府駐港督造紙幣局知會任命及辦理__juan_01.txt,scrape_output\suspected_baihua\clean\中華民國公有領域\廣東都督陳炯明擬先設粵省軍政府駐港督造紙幣局知會任命及辦理\廣東都督陳炯明擬先設粵省軍政府駐港督造紙幣局知會任命及辦理__juan_01.txt,653,610,0,separate,-0.021937842778793425,baihua-like,547,0.025594149908592323,0.027422303473491772,14.324324324324325,0,0
中華民國公有領域,1080425,廣東都督陳炯明為拆廣東省城城牆築路之佈告,廣東都督陳炯明為拆廣東省城城牆築路之佈告,廣東都督陳炯明為拆廣東省城城牆築路之佈告,1,scrape_output\raw\中華民國公有領域\廣東都督陳炯明為拆廣東省城城牆築路之佈告\廣東都督陳炯明為拆廣東省城城牆築路之佈告__juan_01.txt,scrape_output\clean\中華民國公有領域\廣東都督陳炯明為拆廣東省城城牆築路之佈告\廣東都督陳炯明為拆廣東省城城牆築路之佈告__juan_01.txt,859,816,0,separate,0.11537949400798933,wenyan-like,751,0.037283621837549935,0.03861517976031957,18.275,0,0
中華民國公有領域,1080431,廣東都督陳炯明示用兵恢復魚珠、牛山、長洲各砲台之文告,廣東都督陳炯明示用兵恢復魚珠、牛山、長洲各砲台之文告,廣東都督陳炯明示用兵恢復魚珠、牛山、長洲各砲台之文告,1,scrape_output\raw\中華民國公有領域\廣東都督陳炯明示用兵恢復魚珠、牛山、長洲各砲台之文告\廣東都督陳炯明示用兵恢復魚珠、牛山、長洲各砲台之文告__juan_01.txt,scrape_output\clean\中華民國公有領域\廣東都督陳炯明示用兵恢復魚珠、牛山、長洲各砲台之文告\廣東都督陳炯明示用兵恢復魚珠、牛山、長洲各砲台之文告__juan_01.txt,951,908,0,separate,0.10373665480427047,wenyan-like,843,0.03202846975088968,0.02491103202846975,17.340425531914892,0,0
中華民國公有領域,1080413,廣東都督陳炯明致各省都督通告聯絡南北軍急務致袁世凱電,廣東都督陳炯明致各省都督通告聯絡南北軍急務致袁世凱電,廣東都督陳炯明致各省都督通告聯絡南北軍急務致袁世凱電,1,scrape_output\raw\中華民國公有領域\廣東都督陳炯明致各省都督通告聯絡南北軍急務致袁世凱電\廣東都督陳炯明致各省都督通告聯絡南北軍急務致袁世凱電__juan_01.txt,scrape_output\clean\中華民國公有領域\廣東都督陳炯明致各省都督通告聯絡南北軍急務致袁世凱電\廣東都督陳炯明致各省都督通告聯絡南北軍急務致袁世凱電__juan_01.txt,854,811,0,separate,0.002732240437158473,wenyan-like,732,0.02459016393442623,0.03825136612021858,14.16,0,0
中華民國公有領域,1051519,廣西建設綱領(1935年),廣西建設綱領(1935年),廣西建設綱領(1935年),1,scrape_output\raw\中華民國公有領域\廣西建設綱領(1935年)\廣西建設綱領(1935年)__juan_01.txt,scrape_output\clean\中華民國公有領域\廣西建設綱領(1935年)\廣西建設綱領(1935年)__juan_01.txt,2019,1964,0,separate,0.14587020648967552,wenyan-like,1695,0.023008849557522124,0.032448377581120944,22.864864864864863,0,0
中華民國公有領域,1051520,廣西建設計劃大綱(1941年),廣西建設計劃大綱(1941年),廣西建設計劃大綱(1941年),1,scrape_output\raw\中華民國公有領域\廣西建設計劃大綱(1941年)\廣西建設計劃大綱(1941年)__juan_01.txt,scrape_output\clean\中華民國公有領域\廣西建設計劃大綱(1941年)\廣西建設計劃大綱(1941年)__juan_01.txt,5435,5381,0,separate,0.15638204225352112,wenyan-like,4544,0.019586267605633804,0.032570422535211266,24.983695652173914,0,0
中華民國公有領域,1078640,廣西都督兼民政長陸榮廷陳明奉令剿辦柳州第五軍統領劉古香等宣佈獨立情形書,廣西都督兼民政長陸榮廷陳明奉令剿辦柳州第五軍統領劉古香等宣佈獨立情形書,廣西都督兼民政長陸榮廷陳明奉令剿辦柳州第五軍統領劉古香等宣佈獨立情形書,1,scrape_output\raw\中華民國公有領域\廣西都督兼民政長陸榮廷陳明奉令剿辦柳州第五軍統領劉古香等宣佈獨立情形書\廣西都督兼民政長陸榮廷陳明奉令剿辦柳州第五軍統領劉古香等宣佈獨立情形書__juan_01.txt,scrape_output\clean\中華民國公有領域\廣西都督兼民政長陸榮廷陳明奉令剿辦柳州第五軍統領劉古香等宣佈獨立情形書\廣西都督兼民政長陸榮廷陳明奉令剿辦柳州第五軍統領劉古香等宣佈獨立情形書__juan_01.txt,1917,1874,0,separate,0.3133853876185164,wenyan-like,1793,0.012269938650306749,0.02509760178471835,29.71186440677966,0,0
中華民國公有領域,1129635,廬山第一次談話會之引論,廬山第一次談話會之引論,廬山第一次談話會之引論,1,scrape_output\raw\中華民國公有領域\廬山第一次談話會之引論\廬山第一次談話會之引論__juan_01.txt,scrape_output\clean\中華民國公有領域\廬山第一次談話會之引論\廬山第一次談話會之引論__juan_01.txt,2978,2883,0,separate,0.1560143626570915,wenyan-like,2785,0.06929982046678636,0.03195691202872531,29.967032967032967,0,0
中華民國公有領域,1129706,廬山第二次談話會致詞,廬山第二次談話會致詞,廬山第二次談話會致詞,1,scrape_output\raw\中華民國公有領域\廬山第二次談話會致詞\廬山第二次談話會致詞__juan_01.txt,scrape_output\clean\中華民國公有領域\廬山第二次談話會致詞\廬山第二次談話會致詞__juan_01.txt,2075,1986,0,separate,0.16143308746048468,wenyan-like,1898,0.07218124341412013,0.03898840885142255,26.12676056338028,0,0
中華民國公有領域,1129665,廬山談話會午餐席上致詞,廬山談話會午餐席上致詞,廬山談話會午餐席上致詞,1,scrape_output\raw\中華民國公有領域\廬山談話會午餐席上致詞\廬山談話會午餐席上致詞__juan_01.txt,scrape_output\clean\中華民國公有領域\廬山談話會午餐席上致詞\廬山談話會午餐席上致詞__juan_01.txt,1259,1170,0,separate,0.0059633027522935644,wenyan-like,1090,0.06513761467889909,0.025688073394495414,20.46153846153846,0,0
中華民國公有領域,196210,建都南京告全國同胞書,建都南京告全國同胞書,建都南京告全國同胞書,1,scrape_output\raw\中華民國公有領域\建都南京告全國同胞書\建都南京告全國同胞書__juan_01.txt,scrape_output\clean\中華民國公有領域\建都南京告全國同胞書\建都南京告全國同胞書__juan_01.txt,6673,6630,0,separate,0.05631796599785571,wenyan-like,6529,0.09235717567774544,0.016694746515546026,45.46099290780142,0,0
中華民國公有領域,28187,引退謀和書告,引退謀和書告,引退謀和書告,1,scrape_output\raw\中華民國公有領域\引退謀和書告\引退謀和書告__juan_01.txt,scrape_output\clean\中華民國公有領域\引退謀和書告\引退謀和書告__juan_01.txt,857,814,0,separate,0.1446524064171123,wenyan-like,748,0.026737967914438502,0.0374331550802139,20.444444444444443,0,0
中華民國公有領域,1004343,待確認票所登錄票數時差40倍 正常票所時差51倍 在等啥 監察院除糾正臺北市選舉委員會 另疑涉刑責部分移檢偵辦 糾正中選會未經委員會議決議刪除向觀眾宣布領票人數規定,待確認票所登錄票數時差40倍 正常票所時差51倍 在等啥 監察院除糾正臺北市選舉委員會 另疑涉刑責部分移檢偵辦 糾正中選會未經委員會議決議刪除向觀眾宣布領票人數規定,待確認票所登錄票數時差40倍 正常票所時差51倍 在等啥 監察院除糾正臺北市選舉委員會 另疑涉刑責部分移檢偵辦 糾正中選會未經委員會議決議刪除向觀眾宣布領票人數規定,1,scrape_output\raw\中華民國公有領域\待確認票所登錄票數時差40倍 正常票所時差51倍 在等啥 監察院除糾正臺北市選舉委員會 另疑涉刑責部分移檢偵辦 糾正中選會未經委員會議決議刪除向觀眾宣布領票人數規定\待確認票所登錄票數時差40倍 正常票所時差51倍 在等啥 監察院除糾正臺北市選舉委員會 另疑涉刑責部分移檢偵辦 糾正中選會未經委員會議決議刪除向觀眾宣布領票人數規定__juan_01.txt,scrape_output\clean\中華民國公有領域\待確認票所登錄票數時差40倍 正常票所時差51倍 在等啥 監察院除糾正臺北市選舉委員會 另疑涉刑責部分移檢偵辦 糾正中選會未經委員會議決議刪除向觀眾宣布領票人數規定\待確認票所登錄票數時差40倍 正常票所時差51倍 在等啥 監察院除糾正臺北市選舉委員會 另疑涉刑責部分移檢偵辦 糾正中選會未經委員會議決議刪除向觀眾宣布領票人數規定__juan_01.txt,4086,3665,0,separate,0.266647823629169,wenyan-like,3538,0.029960429621254947,0.02826455624646693,54.01538461538462,0,0
中華民國公有領域,885148,復總司令職時上國民政府電,復總司令職時上國民政府電,復總司令職時上國民政府電,1,scrape_output\suspected_baihua\raw\中華民國公有領域\復總司令職時上國民政府電\復總司令職時上國民政府電__juan_01.txt,scrape_output\suspected_baihua\clean\中華民國公有領域\復總司令職時上國民政府電\復總司令職時上國民政府電__juan_01.txt,551,508,0,separate,-0.03131991051454139,baihua-like,447,0.03131991051454139,0.03131991051454139,14.03225806451613,0,0
中華民國公有領域,11058,復職的目的與使命,復職的目的與使命,復職的目的與使命,1,scrape_output\raw\中華民國公有領域\復職的目的與使命\復職的目的與使命__juan_01.txt,scrape_output\clean\中華民國公有領域\復職的目的與使命\復職的目的與使命__juan_01.txt,6990,6945,0,separate,0.0294014342163032,wenyan-like,6833,0.10200497585248061,0.01770818088687253,40.8719512195122,0,0
中華民國公有領域,11085,復興中國之道,復興中國之道,復興中國之道,1,scrape_output\suspected_baihua\raw\中華民國公有領域\復興中國之道\復興中國之道__juan_01.txt,scrape_output\suspected_baihua\clean\中華民國公有領域\復興中國之道\復興中國之道__juan_01.txt,914,870,0,separate,-0.1895291201982652,baihua-like,807,0.12391573729863693,0.0161090458488228,21.35135135135135,0,0
中華民國公有領域,891574,復行視事文告,復行視事文告,復行視事文告,1,scrape_output\raw\中華民國公有領域\復行視事文告\復行視事文告__juan_01.txt,scrape_output\clean\中華民國公有領域\復行視事文告\復行視事文告__juan_01.txt,1219,1176,0,separate,0.18336422613531045,wenyan-like,1079,0.016682113067655237,0.04170528266913809,15.26086956521739,0,0
中華民國公有領域,205790,德意志聯邦共和國基本法 (2001年),德意志聯邦共和國基本法 (2001年),德意志聯邦共和國基本法 (2001年),1,scrape_output\raw\中華民國公有領域\德意志聯邦共和國基本法 (2001年)\德意志聯邦共和國基本法 (2001年)__juan_01.txt,scrape_output\clean\中華民國公有領域\德意志聯邦共和國基本法 (2001年)\德意志聯邦共和國基本法 (2001年)__juan_01.txt,36041,34749,0,separate,0.3487760762088508,wenyan-like,33172,0.021463885204389244,0.056583865911009286,29.96941612604263,0,0
中華民國公有領域,1188315,德意日三国同盟条约,德意日三国同盟条约,德意日三国同盟条约,1,scrape_output\raw\中華民國公有領域\德意日三国同盟条约\德意日三国同盟条约__juan_01.txt,scrape_output\clean\中華民國公有領域\德意日三国同盟条约\德意日三国同盟条约__juan_01.txt,640,625,0,separate,0.04778534923339013,wenyan-like,587,0.04088586030664395,0.010221465076660987,23.875,0,0
中華民國公有領域,1129716,怎樣纔能持久,怎樣纔能持久,怎樣纔能持久,1,scrape_output\raw\中華民國公有領域\怎樣纔能持久\怎樣纔能持久__juan_01.txt,scrape_output\clean\中華民國公有領域\怎樣纔能持久\怎樣纔能持久__juan_01.txt,2516,2423,0,separate,0.15006462731581216,wenyan-like,2321,0.07496768634209393,0.037483843171046964,33.588235294117645,0,0
中華民國公有領域,1129763,怎樣鞏固後方,怎樣鞏固後方,怎樣鞏固後方,1,scrape_output\raw\中華民國公有領域\怎樣鞏固後方\怎樣鞏固後方__juan_01.txt,scrape_output\clean\中華民國公有領域\怎樣鞏固後方\怎樣鞏固後方__juan_01.txt,2351,2236,0,separate,0.14658559401309634,wenyan-like,2138,0.08044901777362021,0.04396632366697849,28.2972972972973,0,0
中華民國公有領域,1129765,我們同志應有的決心和努力,我們同志應有的決心和努力,我們同志應有的決心和努力,1,scrape_output\raw\中華民國公有領域\我們同志應有的決心和努力\我們同志應有的決心和努力__juan_01.txt,scrape_output\clean\中華民國公有領域\我們同志應有的決心和努力\我們同志應有的決心和努力__juan_01.txt,2364,2275,0,separate,0.09742765273311899,wenyan-like,2177,0.08497932935231971,0.026182820395039046,38.42857142857143,0,0
中華民國公有領域,111686,我軍退出南京告全國國民書,我軍退出南京告全國國民書,我軍退出南京告全國國民書,1,scrape_output\raw\中華民國公有領域\我軍退出南京告全國國民書\我軍退出南京告全國國民書__juan_01.txt,scrape_output\clean\中華民國公有領域\我軍退出南京告全國國民書\我軍退出南京告全國國民書__juan_01.txt,2025,1982,0,separate,0.3756390193009911,wenyan-like,1917,0.019300991131977047,0.06677099634846113,34.851851851851855,0,0
中華民國公有領域,1141325,战犯谷寿夫起诉书,战犯谷寿夫起诉书,战犯谷寿夫起诉书,1,scrape_output\raw\中華民國公有領域\战犯谷寿夫起诉书\战犯谷寿夫起诉书__juan_01.txt,scrape_output\clean\中華民國公有領域\战犯谷寿夫起诉书\战犯谷寿夫起诉书__juan_01.txt,4199,4144,0,separate,0.14898528665651953,wenyan-like,3942,0.0213089802130898,0.03145611364789447,19.714285714285715,0,0
中華民國公有領域,192707,戰時外交原則和青年的責任,戰時外交原則和青年的責任,戰時外交原則和青年的責任,1,scrape_output\suspected_baihua\raw\中華民國公有領域\戰時外交原則和青年的責任\戰時外交原則和青年的責任__juan_01.txt,scrape_output\suspected_baihua\clean\中華民國公有領域\戰時外交原則和青年的責任\戰時外交原則和青年的責任__juan_01.txt,4750,4707,0,separate,-0.011461256205482384,baihua-like,4633,0.11245413339089143,0.012950571983595942,58.65384615384615,0,0
中華民國公有領域,11090,手訂新生活標語十七則,手訂新生活標語十七則,手訂新生活標語十七則,1,scrape_output\suspected_baihua\raw\中華民國公有領域\手訂新生活標語十七則\手訂新生活標語十七則__juan_01.txt,scrape_output\suspected_baihua\clean\中華民國公有領域\手訂新生活標語十七則\手訂新生活標語十七則__juan_01.txt,1244,1201,0,separate,-0.08592321755027421,baihua-like,1094,0.043875685557586835,0.022851919561243144,13.766233766233766,0,0
中華民國公有領域,1085402,承租公有或國營事業土地種植中藥藥用植物獎勵及租賃期限保障辦法 (民國110年),承租公有或國營事業土地種植中藥藥用植物獎勵及租賃期限保障辦法 (民國110年),承租公有或國營事業土地種植中藥藥用植物獎勵及租賃期限保障辦法 (民國110年),1,scrape_output\raw\中華民國公有領域\承租公有或國營事業土地種植中藥藥用植物獎勵及租賃期限保障辦法 (民國110年)\承租公有或國營事業土地種植中藥藥用植物獎勵及租賃期限保障辦法 (民國110年)__juan_01.txt,scrape_output\clean\中華民國公有領域\承租公有或國營事業土地種植中藥藥用植物獎勵及租賃期限保障辦法 (民國110年)\承租公有或國營事業土地種植中藥藥用植物獎勵及租賃期限保障辦法 (民國110年)__juan_01.txt,2425,2382,0,separate,0.13042959427207637,wenyan-like,2095,0.031026252983293555,0.03675417661097852,23.488636363636363,0,0
中華民國公有領域,890592,抄發國民參政會建議確定數位以萬萬為億案令仰注意并轉飭注意由 (民國33年國民政府訓令),抄發國民參政會建議確定數位以萬萬為億案令仰注意并轉飭注意由 (民國33年國民政府訓令),抄發國民參政會建議確定數位以萬萬為億案令仰注意并轉飭注意由 (民國33年國民政府訓令),1,scrape_output\suspected_baihua\raw\中華民國公有領域\抄發國民參政會建議確定數位以萬萬為億案令仰注意并轉飭注意由 (民國33年國民政府訓令)\抄發國民參政會建議確定數位以萬萬為億案令仰注意并轉飭注意由 (民國33年國民政府訓令)__juan_01.txt,scrape_output\suspected_baihua\clean\中華民國公有領域\抄發國民參政會建議確定數位以萬萬為億案令仰注意并轉飭注意由 (民國33年國民政府訓令)\抄發國民參政會建議確定數位以萬萬為億案令仰注意并轉飭注意由 (民國33年國民政府訓令)__juan_01.txt,726,683,0,separate,-0.034722222222222224,baihua-like,576,0.024305555555555556,0.019097222222222224,13.068181818181818,0,0
中華民國公有領域,10922,抗戰勝利告全國同胞書,抗戰勝利告全國同胞書,抗戰勝利告全國同胞書,1,scrape_output\raw\中華民國公有領域\抗戰勝利告全國同胞書\抗戰勝利告全國同胞書__juan_01.txt,scrape_output\clean\中華民國公有領域\抗戰勝利告全國同胞書\抗戰勝利告全國同胞書__juan_01.txt,3495,3452,0,separate,0.14093601895734595,wenyan-like,3376,0.06842417061611375,0.0231042654028436,35.202127659574465,0,0
中華民國公有領域,10921,抗戰勝利告全國軍民及全世界人士書,抗戰勝利告全國軍民及全世界人士書,抗戰勝利告全國軍民及全世界人士書,1,scrape_output\raw\中華民國公有領域\抗戰勝利告全國軍民及全世界人士書\抗戰勝利告全國軍民及全世界人士書__juan_01.txt,scrape_output\clean\中華民國公有領域\抗戰勝利告全國軍民及全世界人士書\抗戰勝利告全國軍民及全世界人士書__juan_01.txt,2182,2139,0,separate,0.00029097963142582506,wenyan-like,2062,0.11057225994180407,0.01600387972841901,32.04761904761905,0,0
中華民國公有領域,1085285,抗戰建國七週年紀念告全國軍民書,抗戰建國七週年紀念告全國軍民書,抗戰建國七週年紀念告全國軍民書,1,scrape_output\raw\中華民國公有領域\抗戰建國七週年紀念告全國軍民書\抗戰建國七週年紀念告全國軍民書__juan_01.txt,scrape_output\clean\中華民國公有領域\抗戰建國七週年紀念告全國軍民書\抗戰建國七週年紀念告全國軍民書__juan_01.txt,6227,6184,0,separate,0.056878439219609805,wenyan-like,5997,0.09738202434550608,0.02451225612806403,31.206349206349206,0,0
中華民國公有領域,1087511,抗戰建國五週年紀念告全國軍民書,抗戰建國五週年紀念告全國軍民書,抗戰建國五週年紀念告全國軍民書,1,scrape_output\raw\中華民國公有領域\抗戰建國五週年紀念告全國軍民書\抗戰建國五週年紀念告全國軍民書__juan_01.txt,scrape_output\clean\中華民國公有領域\抗戰建國五週年紀念告全國軍民書\抗戰建國五週年紀念告全國軍民書__juan_01.txt,4987,4943,0,separate,0.018678578848950744,wenyan-like,4813,0.10720964055682526,0.020153750259713277,30.59090909090909,0,0
中華民國公有領域,13046,抗戰建國八週年紀念告全國軍民書,抗戰建國八週年紀念告全國軍民書,抗戰建國八週年紀念告全國軍民書,1,scrape_output\raw\中華民國公有領域\抗戰建國八週年紀念告全國軍民書\抗戰建國八週年紀念告全國軍民書__juan_01.txt,scrape_output\clean\中華民國公有領域\抗戰建國八週年紀念告全國軍民書\抗戰建國八週年紀念告全國軍民書__juan_01.txt,4673,4630,0,separate,0.07789982425307557,wenyan-like,4552,0.085896309314587,0.017794376098418278,42.96153846153846,0,0
中華民國公有領域,1129767,抗戰期間應注意的幾點,抗戰期間應注意的幾點,抗戰期間應注意的幾點,1,scrape_output\raw\中華民國公有領域\抗戰期間應注意的幾點\抗戰期間應注意的幾點__juan_01.txt,scrape_output\clean\中華民國公有領域\抗戰期間應注意的幾點\抗戰期間應注意的幾點__juan_01.txt,3045,2948,0,separate,0.08138222849083215,wenyan-like,2836,0.09379407616361073,0.03138222849083216,26.844660194174757,0,0
中華民國公有領域,1129775,抗戰期間的新生活運動,抗戰期間的新生活運動,抗戰期間的新生活運動,1,scrape_output\raw\中華民國公有領域\抗戰期間的新生活運動\抗戰期間的新生活運動__juan_01.txt,scrape_output\clean\中華民國公有領域\抗戰期間的新生活運動\抗戰期間的新生活運動__juan_01.txt,3217,3116,0,separate,0.11245858184227964,wenyan-like,3018,0.08018555334658714,0.026507620941020542,29.47,0,0
中華民國公有領域,134876,抗日根據地應實行的各項政策,抗日根據地應實行的各項政策,抗日根據地應實行的各項政策,1,scrape_output\raw\中華民國公有領域\抗日根據地應實行的各項政策\抗日根據地應實行的各項政策__juan_01.txt,scrape_output\clean\中華民國公有領域\抗日根據地應實行的各項政策\抗日根據地應實行的各項政策__juan_01.txt,1187,1129,0,separate,0.24387277829747428,wenyan-like,1069,0.03554724041159962,0.025257249766136577,30.88235294117647,0,0
中華民國公有領域,1172662,接收沈阳的经验,接收沈阳的经验,接收沈阳的经验,1,scrape_output\raw\中華民國公有領域\接收沈阳的经验\接收沈阳的经验__juan_01.txt,scrape_output\clean\中華民國公有領域\接收沈阳的经验\接收沈阳的经验__juan_01.txt,3393,3336,0,separate,0.20972857578530038,wenyan-like,3279,0.036596523330283626,0.009759072888075633,28.62162162162162,0,0
中華民國公有領域,892214,揚子公司囤積案糾舉書,揚子公司囤積案糾舉書,揚子公司囤積案糾舉書,1,scrape_output\raw\中華民國公有領域\揚子公司囤積案糾舉書\揚子公司囤積案糾舉書__juan_01.txt,scrape_output\clean\中華民國公有領域\揚子公司囤積案糾舉書\揚子公司囤積案糾舉書__juan_01.txt,10013,9941,0,separate,0.32920694314520316,wenyan-like,9621,0.012368776634445484,0.033156636524269825,46.5609756097561,0,0
中華民國公有領域,46181,換盞燈 愛地球 585白熾燈汰換計畫,換盞燈 愛地球 585白熾燈汰換計畫,換盞燈 愛地球 585白熾燈汰換計畫,1,scrape_output\raw\中華民國公有領域\換盞燈 愛地球 585白熾燈汰換計畫\換盞燈 愛地球 585白熾燈汰換計畫__juan_01.txt,scrape_output\clean\中華民國公有領域\換盞燈 愛地球 585白熾燈汰換計畫\換盞燈 愛地球 585白熾燈汰換計畫__juan_01.txt,1722,1433,0,separate,0.23106004447739065,wenyan-like,1349,0.0363232023721275,0.02001482579688658,31.0,0,0
中華民國公有領域,137250,收回上海公共租界會審公廨暫行章程,收回上海公共租界會審公廨暫行章程/換文,收回上海公共租界會審公廨暫行章程,1,scrape_output\raw\中華民國公有領域\收回上海公共租界會審公廨暫行章程\收回上海公共租界會審公廨暫行章程__juan_01.txt,scrape_output\clean\中華民國公有領域\收回上海公共租界會審公廨暫行章程\收回上海公共租界會審公廨暫行章程__juan_01.txt,1835,1747,0,separate,0.31197604790419164,wenyan-like,1670,0.025149700598802394,0.043712574850299404,30.25925925925926,0,0
中華民國公有領域,1078650,改良浙江煙草進行計劃（民國24年）,改良浙江煙草進行計劃（民國24年）,改良浙江煙草進行計劃（民國24年）,1,scrape_output\raw\中華民國公有領域\改良浙江煙草進行計劃（民國24年）\改良浙江煙草進行計劃（民國24年）__juan_01.txt,scrape_output\clean\中華民國公有領域\改良浙江煙草進行計劃（民國24年）\改良浙江煙草進行計劃（民國24年）__juan_01.txt,5040,4982,0,separate,0.3807531380753138,wenyan-like,4780,0.015481171548117154,0.06359832635983263,39.49579831932773,0,0
中華民國公有領域,1179098,政府與中共代表會談紀要,政府與中共代表會談紀要,政府與中共代表會談紀要,1,scrape_output\raw\中華民國公有領域\政府與中共代表會談紀要\政府與中共代表會談紀要__juan_01.txt,scrape_output\clean\中華民國公有領域\政府與中共代表會談紀要\政府與中共代表會談紀要__juan_01.txt,4287,4211,0,separate,0.2438036809815951,wenyan-like,4075,0.03165644171779141,0.019386503067484663,35.35398230088496,0,0
中華民國公有領域,1178874,政府與中共代表會談紀要 (版本頁),政府與中共代表會談紀要 (版本頁),政府與中共代表會談紀要 (版本頁),1,scrape_output\suspected_baihua\raw\中華民國公有領域\政府與中共代表會談紀要 (版本頁)\政府與中共代表會談紀要 (版本頁)__juan_01.txt,scrape_output\suspected_baihua\clean\中華民國公有領域\政府與中共代表會談紀要 (版本頁)\政府與中共代表會談紀要 (版本頁)__juan_01.txt,625,582,0,separate,-0.04216867469879518,baihua-like,498,0.030120481927710843,0.024096385542168676,11.738095238095237,0,0
中華民國公有領域,1178894,政府與中共代表會談記要,政府與中共代表會談記要,政府與中共代表會談記要,1,scrape_output\raw\中華民國公有領域\政府與中共代表會談記要\政府與中共代表會談記要__juan_01.txt,scrape_output\clean\中華民國公有領域\政府與中共代表會談記要\政府與中共代表會談記要__juan_01.txt,3347,3299,0,separate,0.1062823834196891,wenyan-like,3088,0.029468911917098446,0.022344559585492228,18.4,0,0
中華民國公有領域,110326,政治协商会议军事问题决议案,政治协商会议军事问题决议案,政治协商会议军事问题决议案,1,scrape_output\raw\中華民國公有領域\政治协商会议军事问题决议案\政治协商会议军事问题决议案__juan_01.txt,scrape_output\clean\中華民國公有領域\政治协商会议军事问题决议案\政治协商会议军事问题决议案__juan_01.txt,1366,1289,0,separate,0.12056277056277057,wenyan-like,1155,0.02943722943722944,0.02943722943722944,16.0,0,0
中華民國公有領域,110329,政治协商会议国民大会问题决议案,政治协商会议国民大会问题决议案,政治协商会议国民大会问题决议案,1,scrape_output\raw\中華民國公有領域\政治协商会议国民大会问题决议案\政治协商会议国民大会问题决议案__juan_01.txt,scrape_output\clean\中華民國公有領域\政治协商会议国民大会问题决议案\政治协商会议国民大会问题决议案__juan_01.txt,1043,961,0,separate,0.008353221957040566,wenyan-like,838,0.025059665871121718,0.041766109785202864,13.426229508196721,0,0
中華民國公有領域,110325,政治协商会议宪法草案决议案,政治协商会议宪法草案决议案,政治协商会议宪法草案决议案,1,scrape_output\raw\中華民國公有領域\政治协商会议宪法草案决议案\政治协商会议宪法草案决议案__juan_01.txt,scrape_output\clean\中華民國公有領域\政治协商会议宪法草案决议案\政治协商会议宪法草案决议案__juan_01.txt,1787,1744,0,separate,0.17001250781738586,wenyan-like,1599,0.017510944340212633,0.03627267041901188,21.328767123287673,0,0
中華民國公有領域,110328,政治协商会议改组政府案,政治协商会议改组政府案,政治协商会议改组政府案,1,scrape_output\raw\中華民國公有領域\政治协商会议改组政府案\政治协商会议改组政府案__juan_01.txt,scrape_output\clean\中華民國公有領域\政治协商会议改组政府案\政治协商会议改组政府案__juan_01.txt,1492,1415,0,separate,0.16701469450889406,wenyan-like,1293,0.02320185614849188,0.04331013147718484,19.75,0,0
中華民國公有領域,90429,政治協商會議閉會詞,政治協商會議閉會詞,政治協商會議閉會詞,1,scrape_output\raw\中華民國公有領域\政治協商會議閉會詞\政治協商會議閉會詞__juan_01.txt,scrape_output\clean\中華民國公有領域\政治協商會議閉會詞\政治協商會議閉會詞__juan_01.txt,4308,4257,0,separate,0.12795698924731178,wenyan-like,4185,0.06547192353643967,0.012186379928315413,57.388888888888886,0,0
中華民國公有領域,90155,政治協商會議開會詞,政治協商會議開會詞,政治協商會議開會詞,1,scrape_output\raw\中華民國公有領域\政治協商會議開會詞\政治協商會議開會詞__juan_01.txt,scrape_output\clean\中華民國公有領域\政治協商會議開會詞\政治協商會議開會詞__juan_01.txt,2965,2916,0,separate,0.08099611444719182,wenyan-like,2831,0.08265630519251148,0.014482515012363122,49.01754385964912,0,0
中華民國公有領域,1086099,政治會議議長李經羲呈大總統倂案議決各都督民政長電請分別裁設各司法機關曁司法總長章宗祥呈擬各省設廳辦法情形請鑒核施行文,政治會議議長李經羲呈大總統倂案議決各都督民政長電請分別裁設各司法機關曁司法總長章宗祥呈擬各省設廳辦法情形請鑒核施行文,政治會議議長李經羲呈大總統倂案議決各都督民政長電請分別裁設各司法機關曁司法總長章宗祥呈擬各省設廳辦法情形請鑒核施行文,1,scrape_output\raw\中華民國公有領域\政治會議議長李經羲呈大總統倂案議決各都督民政長電請分別裁設各司法機關曁司法總長章宗祥呈擬各省設廳辦法情形請鑒核施行文\政治會議議長李經羲呈大總統倂案議決各都督民政長電請分別裁設各司法機關曁司法總長章宗祥呈擬各省設廳辦法情形請鑒核施行文__juan_01.txt,scrape_output\clean\中華民國公有領域\政治會議議長李經羲呈大總統倂案議決各都督民政長電請分別裁設各司法機關曁司法總長章宗祥呈擬各省設廳辦法情形請鑒核施行文\政治會議議長李經羲呈大總統倂案議決各都督民政長電請分別裁設各司法機關曁司法總長章宗祥呈擬各省設廳辦法情形請鑒核施行文__juan_01.txt,2750,2707,0,separate,0.02644503211182471,wenyan-like,2647,0.02342274272761617,0.048356630147336606,8.13013698630137,0,0
中華民國公有領域,1086098,政治會議議長李經羲呈大總統議決前司法總長梁啟超條陳司法計畫十端情形請鑒核施行文,政治會議議長李經羲呈大總統議決前司法總長梁啟超條陳司法計畫十端情形請鑒核施行文,政治會議議長李經羲呈大總統議決前司法總長梁啟超條陳司法計畫十端情形請鑒核施行文,1,scrape_output\raw\中華民國公有領域\政治會議議長李經羲呈大總統議決前司法總長梁啟超條陳司法計畫十端情形請鑒核施行文\政治會議議長李經羲呈大總統議決前司法總長梁啟超條陳司法計畫十端情形請鑒核施行文__juan_01.txt,scrape_output\clean\中華民國公有領域\政治會議議長李經羲呈大總統議決前司法總長梁啟超條陳司法計畫十端情形請鑒核施行文\政治會議議長李經羲呈大總統議決前司法總長梁啟超條陳司法計畫十端情形請鑒核施行文__juan_01.txt,5749,5706,0,separate,0.055019649874955334,wenyan-like,5598,0.017506252232940337,0.053769203286888174,7.2,0,0
中華民國公有領域,8046,故鄉,故鄉,故鄉,1,scrape_output\suspected_baihua\raw\中華民國公有領域\故鄉\故鄉__juan_01.txt,scrape_output\suspected_baihua\clean\中華民國公有領域\故鄉\故鄉__juan_01.txt,5882,5766,0,separate,-0.20325585685297912,baihua-like,5421,0.12709832134292565,0.014019553587898912,15.348973607038124,0,0
中華民國公有領域,1210535,教育部依法處理臺師大女足案 將監督究責維護學生權益,教育部依法處理臺師大女足案 將監督究責維護學生權益,教育部依法處理臺師大女足案 將監督究責維護學生權益,1,scrape_output\raw\中華民國公有領域\教育部依法處理臺師大女足案 將監督究責維護學生權益\教育部依法處理臺師大女足案 將監督究責維護學生權益__juan_01.txt,scrape_output\clean\中華民國公有領域\教育部依法處理臺師大女足案 將監督究責維護學生權益\教育部依法處理臺師大女足案 將監督究責維護學生權益__juan_01.txt,1383,1306,0,separate,0.23866020984665054,wenyan-like,1239,0.03228410008071025,0.01775625504439064,31.23076923076923,0,0
中華民國公有領域,1210537,教育部召開專科以上學校校園霸凌事件審議委員會認情節重大，命臺師大校教評會於2週內另為適法之決議,教育部召開專科以上學校校園霸凌事件審議委員會認情節重大，命臺師大校教評會於2週內另為適法之決議,教育部召開專科以上學校校園霸凌事件審議委員會認情節重大，命臺師大校教評會於2週內另為適法之決議,1,scrape_output\raw\中華民國公有領域\教育部召開專科以上學校校園霸凌事件審議委員會認情節重大，命臺師大校教評會於2週內另為適法之決議\教育部召開專科以上學校校園霸凌事件審議委員會認情節重大，命臺師大校教評會於2週內另為適法之決議__juan_01.txt,scrape_output\clean\中華民國公有領域\教育部召開專科以上學校校園霸凌事件審議委員會認情節重大，命臺師大校教評會於2週內另為適法之決議\教育部召開專科以上學校校園霸凌事件審議委員會認情節重大，命臺師大校教評會於2週內另為適法之決議__juan_01.txt,824,766,0,separate,0.07603129445234708,wenyan-like,703,0.03698435277382646,0.01849217638691323,21.53125,0,0
中華民國公有領域,885469,教育部回應輔仁大學夏林清教授遭學校停聘案之說明,教育部回應輔仁大學夏林清教授遭學校停聘案之說明,教育部回應輔仁大學夏林清教授遭學校停聘案之說明,1,scrape_output\raw\中華民國公有領域\教育部回應輔仁大學夏林清教授遭學校停聘案之說明\教育部回應輔仁大學夏林清教授遭學校停聘案之說明__juan_01.txt,scrape_output\clean\中華民國公有領域\教育部回應輔仁大學夏林清教授遭學校停聘案之說明\教育部回應輔仁大學夏林清教授遭學校停聘案之說明__juan_01.txt,908,849,0,separate,0.11675191815856778,wenyan-like,782,0.028132992327365727,0.02557544757033248,21.22222222222222,0,0
中華民國公有領域,1087157,教育部總長蔡元培對於新教育之意見,教育部總長蔡元培對於新教育之意見,教育部總長蔡元培對於新教育之意見,1,scrape_output\raw\中華民國公有領域\教育部總長蔡元培對於新教育之意見\教育部總長蔡元培對於新教育之意見__juan_01.txt,scrape_output\clean\中華民國公有領域\教育部總長蔡元培對於新教育之意見\教育部總長蔡元培對於新教育之意見__juan_01.txt,4986,4943,0,separate,0.1619246861924686,wenyan-like,4780,0.02092050209205021,0.11234309623430962,7.011686143572621,0,0
中華民國公有領域,1132412,教育部臺教法(三)字第1110094222號訴願決定書,教育部臺教法(三)字第1110094222號訴願決定書,教育部臺教法(三)字第1110094222號訴願決定書,1,scrape_output\raw\中華民國公有領域\教育部臺教法(三)字第1110094222號訴願決定書\教育部臺教法(三)字第1110094222號訴願決定書__juan_01.txt,scrape_output\clean\中華民國公有領域\教育部臺教法(三)字第1110094222號訴願決定書\教育部臺教法(三)字第1110094222號訴願決定書__juan_01.txt,10655,9779,0,separate,0.34217687074829933,wenyan-like,9555,0.010361067503924647,0.03663003663003663,48.86010362694301,0,0
中華民國公有領域,12369,敵人戰略政略的實況和我軍抗戰獲勝的要道,敵人戰略政略的實況和我軍抗戰獲勝的要道,敵人戰略政略的實況和我軍抗戰獲勝的要道,1,scrape_output\raw\中華民國公有領域\敵人戰略政略的實況和我軍抗戰獲勝的要道\敵人戰略政略的實況和我軍抗戰獲勝的要道__juan_01.txt,scrape_output\clean\中華民國公有領域\敵人戰略政略的實況和我軍抗戰獲勝的要道\敵人戰略政略的實況和我軍抗戰獲勝的要道__juan_01.txt,7395,7346,0,separate,0.0433836774282943,wenyan-like,7217,0.0950533462657614,0.014271858112789247,39.94915254237288,0,0
中華民國公有領域,1084862,新生活運動三週年紀念告全國同胞書,新生活運動三週年紀念告全國同胞書,新生活運動三週年紀念告全國同胞書,1,scrape_output\raw\中華民國公有領域\新生活運動三週年紀念告全國同胞書\新生活運動三週年紀念告全國同胞書__juan_01.txt,scrape_output\clean\中華民國公有領域\新生活運動三週年紀念告全國同胞書\新生活運動三週年紀念告全國同胞書__juan_01.txt,3955,3912,0,separate,0.04914361001317519,wenyan-like,3795,0.09538866930171278,0.017654808959156786,37.95918367346939,0,0
中華民國公有領域,1084863,新生活運動二週年紀念告全國同胞書,新生活運動二週年紀念告全國同胞書,新生活運動二週年紀念告全國同胞書,1,scrape_output\raw\中華民國公有領域\新生活運動二週年紀念告全國同胞書\新生活運動二週年紀念告全國同胞書__juan_01.txt,scrape_output\clean\中華民國公有領域\新生活運動二週年紀念告全國同胞書\新生活運動二週年紀念告全國同胞書__juan_01.txt,2745,2702,0,separate,0.03884361660845942,wenyan-like,2577,0.10205665502522313,0.022506790842064417,27.966666666666665,0,0
中華民國公有領域,1169277,日本和美国关于中国的换文,日本和美国关于中国的换文,日本和美国关于中国的换文,1,scrape_output\raw\中華民國公有領域\日本和美国关于中国的换文\日本和美国关于中国的换文__juan_01.txt,scrape_output\clean\中華民國公有領域\日本和美国关于中国的换文\日本和美国关于中国的换文__juan_01.txt,705,687,0,separate,0.13993660855784468,wenyan-like,631,0.058637083993660855,0.00792393026941363,31.05,0,0
中華民國公有領域,1004070,日本關西燕子風災衍生的事件，外交部充分理解並尊重家屬感受，但外界有關懲處等臆測絕非事實,日本關西燕子風災衍生的事件，外交部充分理解並尊重家屬感受，但外界有關懲處等臆測絕非事實,日本關西燕子風災衍生的事件，外交部充分理解並尊重家屬感受，但外界有關懲處等臆測絕非事實,1,scrape_output\raw\中華民國公有領域\日本關西燕子風災衍生的事件，外交部充分理解並尊重家屬感受，但外界有關懲處等臆測絕非事實\日本關西燕子風災衍生的事件，外交部充分理解並尊重家屬感受，但外界有關懲處等臆測絕非事實__juan_01.txt,scrape_output\clean\中華民國公有領域\日本關西燕子風災衍生的事件，外交部充分理解並尊重家屬感受，但外界有關懲處等臆測絕非事實\日本關西燕子風災衍生的事件，外交部充分理解並尊重家屬感受，但外界有關懲處等臆測絕非事實__juan_01.txt,670,624,0,separate,0.032352941176470584,wenyan-like,561,0.053475935828877004,0.0213903743315508,17.09375,0,0
中華民國公有領域,8042,明天,明天,明天,1,scrape_output\suspected_baihua\raw\中華民國公有領域\明天\明天__juan_01.txt,scrape_output\suspected_baihua\clean\中華民國公有領域\明天\明天__juan_01.txt,4399,4288,0,separate,-0.2949897750511247,baihua-like,3912,0.10991820040899795,0.017382413087934562,10.449035812672177,0,0
中華民國公有領域,1105578,晉北自治政府成立宣言,晉北自治政府成立宣言,晉北自治政府成立宣言,1,scrape_output\raw\中華民國公有領域\晉北自治政府成立宣言\晉北自治政府成立宣言__juan_01.txt,scrape_output\clean\中華民國公有領域\晉北自治政府成立宣言\晉北自治政府成立宣言__juan_01.txt,903,860,0,separate,0.18539823008849554,wenyan-like,791,0.03034134007585335,0.0632111251580278,19.82051282051282,0,0
中華民國公有領域,1204371,晉綏軍日本軍基本協定,晉綏軍日本軍基本協定,晉綏軍日本軍基本協定,1,scrape_output\raw\中華民國公有領域\晉綏軍日本軍基本協定\晉綏軍日本軍基本協定__juan_01.txt,scrape_output\clean\中華民國公有領域\晉綏軍日本軍基本協定\晉綏軍日本軍基本協定__juan_01.txt,1409,1366,0,separate,0.10775792038992688,wenyan-like,1231,0.030869212022745736,0.025182778229082048,17.28985507246377,0,0
中華民國公有領域,1169690,普魯士自由邦憲法,普魯士自由邦憲法,普魯士自由邦憲法,1,scrape_output\raw\中華民國公有領域\普魯士自由邦憲法\普魯士自由邦憲法__juan_01.txt,scrape_output\clean\中華民國公有領域\普魯士自由邦憲法\普魯士自由邦憲法__juan_01.txt,7946,7820,0,separate,0.20166475315729046,wenyan-like,6968,0.02468427095292767,0.06285878300803674,20.182634730538922,0,0
中華民國公有領域,1207668,智慧財產及商業法院113年度民暫字第8號民事裁定,智慧財產及商業法院113年度民暫字第8號民事裁定,智慧財產及商業法院113年度民暫字第8號民事裁定,1,scrape_output\raw\中華民國公有領域\智慧財產及商業法院113年度民暫字第8號民事裁定\智慧財產及商業法院113年度民暫字第8號民事裁定__juan_01.txt,scrape_output\clean\中華民國公有領域\智慧財產及商業法院113年度民暫字第8號民事裁定\智慧財產及商業法院113年度民暫字第8號民事裁定__juan_01.txt,7586,6962,0,separate,0.3016274596833851,wenyan-like,6759,0.029738126941855306,0.045420920254475514,57.016949152542374,0,0
中華民國公有領域,1034364,智慧財產法院107年刑智上更(一)字第1號刑事判決,智慧財產法院107年刑智上更(一)字第1號刑事判決,智慧財產法院107年刑智上更(一)字第1號刑事判決,1,scrape_output\raw\中華民國公有領域\智慧財產法院107年刑智上更(一)字第1號刑事判決\智慧財產法院107年刑智上更(一)字第1號刑事判決__juan_01.txt,scrape_output\clean\中華民國公有領域\智慧財產法院107年刑智上更(一)字第1號刑事判決\智慧財產法院107年刑智上更(一)字第1號刑事判決__juan_01.txt,23741,21580,0,separate,0.27932883138306097,wenyan-like,19399,0.03592968709727305,0.04355894633744008,76.63846153846154,0,0
中華民國公有領域,1103624,智慧財產法院107年度民著上字第3號民事判決,智慧財產法院107年度民著上字第3號民事判決,智慧財產法院107年度民著上字第3號民事判決,1,scrape_output\raw\中華民國公有領域\智慧財產法院107年度民著上字第3號民事判決\智慧財產法院107年度民著上字第3號民事判決__juan_01.txt,scrape_output\clean\中華民國公有領域\智慧財產法院107年度民著上字第3號民事判決\智慧財產法院107年度民著上字第3號民事判決__juan_01.txt,21679,20466,0,separate,0.2859587317564167,wenyan-like,19870,0.035983895319577255,0.04695520885757423,81.96311475409836,0,0
中華民國公有領域,135484,最後關頭,最後關頭,最後關頭,1,scrape_output\raw\中華民國公有領域\最後關頭\最後關頭__juan_01.txt,scrape_output\clean\中華民國公有領域\最後關頭\最後關頭__juan_01.txt,3495,3363,0,separate,0.09711035966799872,wenyan-like,3253,0.08545957577620658,0.026744543498309254,30.92233009708738,0,0
中華民國公有領域,888369,最高法院107年度台上字第678號王凱民妨害性自主案件新聞稿,最高法院107年度台上字第678號王凱民妨害性自主案件新聞稿,最高法院107年度台上字第678號王凱民妨害性自主案件新聞稿,1,scrape_output\raw\中華民國公有領域\最高法院107年度台上字第678號王凱民妨害性自主案件新聞稿\最高法院107年度台上字第678號王凱民妨害性自主案件新聞稿__juan_01.txt,scrape_output\clean\中華民國公有領域\最高法院107年度台上字第678號王凱民妨害性自主案件新聞稿\最高法院107年度台上字第678號王凱民妨害性自主案件新聞稿__juan_01.txt,1864,1719,0,separate,0.34401735895846247,wenyan-like,1613,0.015499070055796652,0.04525728456292622,29.64814814814815,0,0
中華民國公有領域,886819,最高行政法院就107年度判字第445號輔仁大學學校財團法人輔仁大學與王凱民間退學事件新聞稿,最高行政法院就107年度判字第445號輔仁大學學校財團法人輔仁大學與王凱民間退學事件新聞稿,最高行政法院就107年度判字第445號輔仁大學學校財團法人輔仁大學與王凱民間退學事件新聞稿,1,scrape_output\raw\中華民國公有領域\最高行政法院就107年度判字第445號輔仁大學學校財團法人輔仁大學與王凱民間退學事件新聞稿\最高行政法院就107年度判字第445號輔仁大學學校財團法人輔仁大學與王凱民間退學事件新聞稿__juan_01.txt,scrape_output\clean\中華民國公有領域\最高行政法院就107年度判字第445號輔仁大學學校財團法人輔仁大學與王凱民間退學事件新聞稿\最高行政法院就107年度判字第445號輔仁大學學校財團法人輔仁大學與王凱民間退學事件新聞稿__juan_01.txt,1544,1448,0,separate,0.29698340874811463,wenyan-like,1326,0.0196078431372549,0.02790346907993967,27.958333333333332,0,0
中華民國公有領域,1126939,會晤美國眾議院議長麥卡錫及跨黨派議員,會晤美國眾議院議長麥卡錫及跨黨派議員,會晤美國眾議院議長麥卡錫及跨黨派議員,1,scrape_output\suspected_baihua\raw\中華民國公有領域\會晤美國眾議院議長麥卡錫及跨黨派議員\會晤美國眾議院議長麥卡錫及跨黨派議員__juan_01.txt,scrape_output\suspected_baihua\clean\中華民國公有領域\會晤美國眾議院議長麥卡錫及跨黨派議員\會晤美國眾議院議長麥卡錫及跨黨派議員__juan_01.txt,1226,1176,0,separate,-0.04170506912442398,baihua-like,1085,0.07741935483870968,0.020276497695852536,22.46808510638298,0,0
中華民國公有領域,1179118,會談紀要全文,會談紀要全文,會談紀要全文,1,scrape_output\suspected_baihua\raw\中華民國公有領域\會談紀要全文\會談紀要全文__juan_01.txt,scrape_output\suspected_baihua\clean\中華民國公有領域\會談紀要全文\會談紀要全文__juan_01.txt,4148,4091,0,separate,-0.033921302578019,baihua-like,3685,0.02632293080054274,0.022523744911804613,10.665689149560118,0,0
中華民國公有領域,1108966,有關網路流傳有心人士截取美國聯邦眾院議長裴洛西受訪影片事，外交部回應如下：,有關網路流傳有心人士截取美國聯邦眾院議長裴洛西受訪影片事，外交部回應如下：,有關網路流傳有心人士截取美國聯邦眾院議長裴洛西受訪影片事，外交部回應如下：,1,scrape_output\suspected_baihua\raw\中華民國公有領域\有關網路流傳有心人士截取美國聯邦眾院議長裴洛西受訪影片事，外交部回應如下：\有關網路流傳有心人士截取美國聯邦眾院議長裴洛西受訪影片事，外交部回應如下：__juan_01.txt,scrape_output\suspected_baihua\clean\中華民國公有領域\有關網路流傳有心人士截取美國聯邦眾院議長裴洛西受訪影片事，外交部回應如下：\有關網路流傳有心人士截取美國聯邦眾院議長裴洛西受訪影片事，外交部回應如下：__juan_01.txt,957,872,0,separate,-0.0971867007672634,baihua-like,782,0.04859335038363171,0.024296675191815855,14.76923076923077,0,0
中華民國公有領域,1167474,期成宪草,期成宪草,期成宪草,1,scrape_output\raw\中華民國公有領域\期成宪草\期成宪草__juan_01.txt,scrape_output\clean\中華民國公有領域\期成宪草\期成宪草__juan_01.txt,8474,8406,0,separate,0.17565806966232383,wenyan-like,7522,0.01741558096250997,0.03895240627492688,16.89400921658986,0,0
中華民國公有領域,1210536,本署偵辦某大學女子足球隊教練疑涉強制、侵占等案件，扼要說明目前偵辦進度如下,本署偵辦某大學女子足球隊教練疑涉強制、侵占等案件，扼要說明目前偵辦進度如下,本署偵辦某大學女子足球隊教練疑涉強制、侵占等案件，扼要說明目前偵辦進度如下,1,scrape_output\raw\中華民國公有領域\本署偵辦某大學女子足球隊教練疑涉強制、侵占等案件，扼要說明目前偵辦進度如下\本署偵辦某大學女子足球隊教練疑涉強制、侵占等案件，扼要說明目前偵辦進度如下__juan_01.txt,scrape_output\clean\中華民國公有領域\本署偵辦某大學女子足球隊教練疑涉強制、侵占等案件，扼要說明目前偵辦進度如下\本署偵辦某大學女子足球隊教練疑涉強制、侵占等案件，扼要說明目前偵辦進度如下__juan_01.txt,904,850,0,separate,0.12924773022049285,wenyan-like,771,0.023346303501945526,0.02464332036316472,21.194444444444443,0,0
中華民國公有領域,1211681,本署偵辦某大學女子足球隊教練疑涉強制、侵占等案件，茲簡要說明目前偵辦進度如下,本署偵辦某大學女子足球隊教練疑涉強制、侵占等案件，茲簡要說明目前偵辦進度如下,本署偵辦某大學女子足球隊教練疑涉強制、侵占等案件，茲簡要說明目前偵辦進度如下,1,scrape_output\raw\中華民國公有領域\本署偵辦某大學女子足球隊教練疑涉強制、侵占等案件，茲簡要說明目前偵辦進度如下\本署偵辦某大學女子足球隊教練疑涉強制、侵占等案件，茲簡要說明目前偵辦進度如下__juan_01.txt,scrape_output\clean\中華民國公有領域\本署偵辦某大學女子足球隊教練疑涉強制、侵占等案件，茲簡要說明目前偵辦進度如下\本署偵辦某大學女子足球隊教練疑涉強制、侵占等案件，茲簡要說明目前偵辦進度如下__juan_01.txt,695,646,0,separate,0.11858638743455496,wenyan-like,573,0.027923211169284468,0.02617801047120419,17.75,0,0
中華民國公有領域,891805,本院審理原告夏林清與被告教育部、輔仁大學間有關教育事務事件(107年度訴字第401號)新聞稿,本院審理原告夏林清與被告教育部、輔仁大學間有關教育事務事件(107年度訴字第401號)新聞稿,本院審理原告夏林清與被告教育部、輔仁大學間有關教育事務事件(107年度訴字第401號)新聞稿,1,scrape_output\raw\中華民國公有領域\本院審理原告夏林清與被告教育部、輔仁大學間有關教育事務事件(107年度訴字第401號)新聞稿\本院審理原告夏林清與被告教育部、輔仁大學間有關教育事務事件(107年度訴字第401號)新聞稿__juan_01.txt,scrape_output\clean\中華民國公有領域\本院審理原告夏林清與被告教育部、輔仁大學間有關教育事務事件(107年度訴字第401號)新聞稿\本院審理原告夏林清與被告教育部、輔仁大學間有關教育事務事件(107年度訴字第401號)新聞稿__juan_01.txt,1922,1778,0,separate,0.272732661529342,wenyan-like,1687,0.027267338470657973,0.027267338470657973,33.24,0,0
中華民國公有領域,885580,本院審理原告王凱民與被告輔仁大學間退學事件(106年度訴字第567號)新聞稿,本院審理原告王凱民與被告輔仁大學間退學事件(106年度訴字第567號)新聞稿,本院審理原告王凱民與被告輔仁大學間退學事件(106年度訴字第567號)新聞稿,1,scrape_output\raw\中華民國公有領域\本院審理原告王凱民與被告輔仁大學間退學事件(106年度訴字第567號)新聞稿\本院審理原告王凱民與被告輔仁大學間退學事件(106年度訴字第567號)新聞稿__juan_01.txt,scrape_output\clean\中華民國公有領域\本院審理原告王凱民與被告輔仁大學間退學事件(106年度訴字第567號)新聞稿\本院審理原告王凱民與被告輔仁大學間退學事件(106年度訴字第567號)新聞稿__juan_01.txt,3702,3235,0,separate,0.289466964570699,wenyan-like,3133,0.02138525375039898,0.02681136291094797,46.223880597014926,0,0
中華民國公有領域,1210470,李登輝總統譴責中共暴行聲明,李登輝總統譴責中共暴行聲明,李登輝總統譴責中共暴行聲明,1,scrape_output\suspected_baihua\raw\中華民國公有領域\李登輝總統譴責中共暴行聲明\李登輝總統譴責中共暴行聲明__juan_01.txt,scrape_output\suspected_baihua\clean\中華民國公有領域\李登輝總統譴責中共暴行聲明\李登輝總統譴責中共暴行聲明__juan_01.txt,943,900,0,separate,-0.034559710494571766,baihua-like,829,0.07840772014475271,0.025331724969843185,20.743589743589745,0,0
中華民國公有領域,169177,東海和平倡議推動綱領,東海和平倡議推動綱領,東海和平倡議推動綱領,1,scrape_output\raw\中華民國公有領域\東海和平倡議推動綱領\東海和平倡議推動綱領__juan_01.txt,scrape_output\clean\中華民國公有領域\東海和平倡議推動綱領\東海和平倡議推動綱領__juan_01.txt,1183,1135,0,separate,0.12297297297297298,wenyan-like,1036,0.025096525096525095,0.02413127413127413,22.77777777777778,0,0
中華民國公有領域,1087445,步軍統領王懷慶陳軍警防維學生暗布傳單以免淆惑等致國務總理專函,步軍統領王懷慶陳軍警防維學生暗布傳單以免淆惑等致國務總理專函,步軍統領王懷慶陳軍警防維學生暗布傳單以免淆惑等致國務總理專函,1,scrape_output\suspected_baihua\raw\中華民國公有領域\步軍統領王懷慶陳軍警防維學生暗布傳單以免淆惑等致國務總理專函\步軍統領王懷慶陳軍警防維學生暗布傳單以免淆惑等致國務總理專函__juan_01.txt,scrape_output\suspected_baihua\clean\中華民國公有領域\步軍統領王懷慶陳軍警防維學生暗布傳單以免淆惑等致國務總理專函\步軍統領王懷慶陳軍警防維學生暗布傳單以免淆惑等致國務總理專函__juan_01.txt,617,574,0,separate,-0.05304518664047151,baihua-like,509,0.03339882121807466,0.023575638506876228,13.694444444444445,0,0
中華民國公有領域,1080733,步軍統領衙門探員劉漢超報天津學生抵制日貨及日公使暗查京津抵制日貨情形呈熱察綏巡閱使,步軍統領衙門探員劉漢超報天津學生抵制日貨及日公使暗查京津抵制日貨情形呈熱察綏巡閱使,步軍統領衙門探員劉漢超報天津學生抵制日貨及日公使暗查京津抵制日貨情形呈熱察綏巡閱使,1,scrape_output\raw\中華民國公有領域\步軍統領衙門探員劉漢超報天津學生抵制日貨及日公使暗查京津抵制日貨情形呈熱察綏巡閱使\步軍統領衙門探員劉漢超報天津學生抵制日貨及日公使暗查京津抵制日貨情形呈熱察綏巡閱使__juan_01.txt,scrape_output\clean\中華民國公有領域\步軍統領衙門探員劉漢超報天津學生抵制日貨及日公使暗查京津抵制日貨情形呈熱察綏巡閱使\步軍統領衙門探員劉漢超報天津學生抵制日貨及日公使暗查京津抵制日貨情形呈熱察綏巡閱使__juan_01.txt,788,745,0,separate,0.12050147492625368,wenyan-like,678,0.02654867256637168,0.025073746312684365,15.69047619047619,0,0
中華民國公有領域,1080718,步軍統領衙門軍事科陳請嚴厲取締五七風潮擴大對待辦法,步軍統領衙門軍事科陳請嚴厲取締五七風潮擴大對待辦法,步軍統領衙門軍事科陳請嚴厲取締五七風潮擴大對待辦法,1,scrape_output\suspected_baihua\raw\中華民國公有領域\步軍統領衙門軍事科陳請嚴厲取締五七風潮擴大對待辦法\步軍統領衙門軍事科陳請嚴厲取締五七風潮擴大對待辦法__juan_01.txt,scrape_output\suspected_baihua\clean\中華民國公有領域\步軍統領衙門軍事科陳請嚴厲取締五七風潮擴大對待辦法\步軍統領衙門軍事科陳請嚴厲取締五七風潮擴大對待辦法__juan_01.txt,717,674,0,separate,-0.06756756756756757,baihua-like,592,0.037162162162162164,0.02195945945945946,12.391304347826088,0,0
中華民國公有領域,1093522,武漢國民黨中央執行委員會發表政治委員會之決議案 (民國16年7月23日),武漢國民黨中央執行委員會發表政治委員會之決議案 (民國16年7月23日),武漢國民黨中央執行委員會發表政治委員會之決議案 (民國16年7月23日),1,scrape_output\suspected_baihua\raw\中華民國公有領域\武漢國民黨中央執行委員會發表政治委員會之決議案 (民國16年7月23日)\武漢國民黨中央執行委員會發表政治委員會之決議案 (民國16年7月23日)__juan_01.txt,scrape_output\suspected_baihua\clean\中華民國公有領域\武漢國民黨中央執行委員會發表政治委員會之決議案 (民國16年7月23日)\武漢國民黨中央執行委員會發表政治委員會之決議案 (民國16年7月23日)__juan_01.txt,561,518,0,separate,-0.04175824175824175,baihua-like,455,0.03736263736263736,0.035164835164835165,14.258064516129032,0,0
中華民國公有領域,1093521,武漢國民黨中央執行委員會通告決議政治委員會主席團提出之統一本黨政策案,武漢國民黨中央執行委員會通告決議政治委員會主席團提出之統一本黨政策案,武漢國民黨中央執行委員會通告決議政治委員會主席團提出之統一本黨政策案,1,scrape_output\suspected_baihua\raw\中華民國公有領域\武漢國民黨中央執行委員會通告決議政治委員會主席團提出之統一本黨政策案\武漢國民黨中央執行委員會通告決議政治委員會主席團提出之統一本黨政策案__juan_01.txt,scrape_output\suspected_baihua\clean\中華民國公有領域\武漢國民黨中央執行委員會通告決議政治委員會主席團提出之統一本黨政策案\武漢國民黨中央執行委員會通告決議政治委員會主席團提出之統一本黨政策案__juan_01.txt,552,509,0,separate,-0.0608108108108108,baihua-like,444,0.038288288288288286,0.02702702702702703,13.090909090909092,0,0
中華民國公有領域,1078731,武漢市政府為發覺國民革命軍第十四獨立師事快郵代電,武漢市政府為發覺國民革命軍第十四獨立師事快郵代電,武漢市政府為發覺國民革命軍第十四獨立師事快郵代電,1,scrape_output\suspected_baihua\raw\中華民國公有領域\武漢市政府為發覺國民革命軍第十四獨立師事快郵代電\武漢市政府為發覺國民革命軍第十四獨立師事快郵代電__juan_01.txt,scrape_output\suspected_baihua\clean\中華民國公有領域\武漢市政府為發覺國民革命軍第十四獨立師事快郵代電\武漢市政府為發覺國民革命軍第十四獨立師事快郵代電__juan_01.txt,653,609,0,separate,-0.043956043956043966,baihua-like,546,0.03296703296703297,0.027472527472527472,14.694444444444445,0,0
中華民國公有領域,1051489,武漢市政府行政概況(1927年),武漢市政府行政概況(1927年),武漢市政府行政概況(1927年),1,scrape_output\raw\中華民國公有領域\武漢市政府行政概況(1927年)\武漢市政府行政概況(1927年)__juan_01.txt,scrape_output\clean\中華民國公有領域\武漢市政府行政概況(1927年)\武漢市政府行政概況(1927年)__juan_01.txt,8481,8342,0,separate,0.2993815708101422,wenyan-like,8085,0.017687074829931974,0.02622139764996908,29.49438202247191,0,0
中華民國公有領域,1086158,民國大竹縣志,民國大竹縣志,民國大竹縣志,1,scrape_output\raw\中華民國公有領域\民國大竹縣志\民國大竹縣志__juan_01.txt,scrape_output\clean\中華民國公有領域\民國大竹縣志\民國大竹縣志__juan_01.txt,397631,394889,0,separate,0.3585487861967498,wenyan-like,373825,0.00866983214070755,0.04227914130943623,48.69842891812492,0,0
中華民國公有領域,1088643,民國渠縣志,民國渠縣志,民國渠縣志,1,scrape_output\raw\中華民國公有領域\民國渠縣志\民國渠縣志__juan_01.txt,scrape_output\clean\中華民國公有領域\民國渠縣志\民國渠縣志__juan_01.txt,418123,415851,0,separate,0.35514980688054315,wenyan-like,367907,0.008725031054043549,0.040662450021336914,150.6769230769231,0,0
中華民國公有領域,1083239,江海關旅客行李起岸檢驗章程,江海關旅客行李起岸檢驗章程,江海關旅客行李起岸檢驗章程,1,scrape_output\raw\中華民國公有領域\江海關旅客行李起岸檢驗章程\江海關旅客行李起岸檢驗章程__juan_01.txt,scrape_output\clean\中華民國公有領域\江海關旅客行李起岸檢驗章程\江海關旅客行李起岸檢驗章程__juan_01.txt,741,698,0,separate,0.11940418679549114,wenyan-like,621,0.033816425120772944,0.03542673107890499,18.363636363636363,0,0
中華民國公有領域,137254,江蘇上海第二特區地方法院暫行辦事規則,江蘇上海第二特區地方法院暫行辦事規則,江蘇上海第二特區地方法院暫行辦事規則,1,scrape_output\raw\中華民國公有領域\江蘇上海第二特區地方法院暫行辦事規則\江蘇上海第二特區地方法院暫行辦事規則__juan_01.txt,scrape_output\clean\中華民國公有領域\江蘇上海第二特區地方法院暫行辦事規則\江蘇上海第二特區地方法院暫行辦事規則__juan_01.txt,11728,11685,0,separate,0.17321192677863748,wenyan-like,10598,0.0066050198150594455,0.021513493111907908,24.055803571428573,0,0
中華民國公有領域,1080716,江蘇滬海道尹兼外交部特派江蘇交涉員報告步兵獲准通過上海租界維持地方秩序,江蘇滬海道尹兼外交部特派江蘇交涉員報告步兵獲准通過上海租界維持地方秩序,江蘇滬海道尹兼外交部特派江蘇交涉員報告步兵獲准通過上海租界維持地方秩序,1,scrape_output\raw\中華民國公有領域\江蘇滬海道尹兼外交部特派江蘇交涉員報告步兵獲准通過上海租界維持地方秩序\江蘇滬海道尹兼外交部特派江蘇交涉員報告步兵獲准通過上海租界維持地方秩序__juan_01.txt,scrape_output\clean\中華民國公有領域\江蘇滬海道尹兼外交部特派江蘇交涉員報告步兵獲准通過上海租界維持地方秩序\江蘇滬海道尹兼外交部特派江蘇交涉員報告步兵獲准通過上海租界維持地方秩序__juan_01.txt,870,826,0,separate,0.10750332005312085,wenyan-like,753,0.03187250996015936,0.02656042496679947,18.5,0,0
中華民國公有領域,1093519,江蘇省政務委員會奉中央執行委員會密令通告對日政策 (民國16年7月24日),江蘇省政務委員會奉中央執行委員會密令通告對日政策 (民國16年7月24日),江蘇省政務委員會奉中央執行委員會密令通告對日政策 (民國16年7月24日),1,scrape_output\suspected_baihua\raw\中華民國公有領域\江蘇省政務委員會奉中央執行委員會密令通告對日政策 (民國16年7月24日)\江蘇省政務委員會奉中央執行委員會密令通告對日政策 (民國16年7月24日)__juan_01.txt,scrape_output\suspected_baihua\clean\中華民國公有領域\江蘇省政務委員會奉中央執行委員會密令通告對日政策 (民國16年7月24日)\江蘇省政務委員會奉中央執行委員會密令通告對日政策 (民國16年7月24日)__juan_01.txt,515,472,0,separate,-0.0677966101694915,baihua-like,413,0.043583535108958835,0.031476997578692496,13.366666666666667,0,0
中華民國公有領域,1078587,江蘇省教育廳奉教育部令飭令各校校長會同教職各員勸導學生克期上課致醫學專門學校校長代電,江蘇省教育廳奉教育部令飭令各校校長會同教職各員勸導學生克期上課致醫學專門學校校長代電,江蘇省教育廳奉教育部令飭令各校校長會同教職各員勸導學生克期上課致醫學專門學校校長代電,1,scrape_output\suspected_baihua\raw\中華民國公有領域\江蘇省教育廳奉教育部令飭令各校校長會同教職各員勸導學生克期上課致醫學專門學校校長代電\江蘇省教育廳奉教育部令飭令各校校長會同教職各員勸導學生克期上課致醫學專門學校校長代電__juan_01.txt,scrape_output\suspected_baihua\clean\中華民國公有領域\江蘇省教育廳奉教育部令飭令各校校長會同教職各員勸導學生克期上課致醫學專門學校校長代電\江蘇省教育廳奉教育部令飭令各校校長會同教職各員勸導學生克期上課致醫學專門學校校長代電__juan_01.txt,599,556,0,separate,-0.032454361054766734,baihua-like,493,0.032454361054766734,0.032454361054766734,12.837837837837839,0,0
中華民國公有領域,1078585,江蘇省教育廳奉省長令嚴密注意留日學生回國鼓動學界等致醫學專門學校校長代電,江蘇省教育廳奉省長令嚴密注意留日學生回國鼓動學界等致醫學專門學校校長代電,江蘇省教育廳奉省長令嚴密注意留日學生回國鼓動學界等致醫學專門學校校長代電,1,scrape_output\suspected_baihua\raw\中華民國公有領域\江蘇省教育廳奉省長令嚴密注意留日學生回國鼓動學界等致醫學專門學校校長代電\江蘇省教育廳奉省長令嚴密注意留日學生回國鼓動學界等致醫學專門學校校長代電__juan_01.txt,scrape_output\suspected_baihua\clean\中華民國公有領域\江蘇省教育廳奉省長令嚴密注意留日學生回國鼓動學界等致醫學專門學校校長代電\江蘇省教育廳奉省長令嚴密注意留日學生回國鼓動學界等致醫學專門學校校長代電__juan_01.txt,652,609,0,separate,-0.033457249070631974,baihua-like,538,0.026022304832713755,0.022304832713754646,12.634146341463415,0,0
中華民國公有領域,1078560,江蘇省會公安局管理攤販暫行規則,江蘇省會公安局管理攤販暫行規則,江蘇省會公安局管理攤販暫行規則,1,scrape_output\suspected_baihua\raw\中華民國公有領域\江蘇省會公安局管理攤販暫行規則\江蘇省會公安局管理攤販暫行規則__juan_01.txt,scrape_output\suspected_baihua\clean\中華民國公有領域\江蘇省會公安局管理攤販暫行規則\江蘇省會公安局管理攤販暫行規則__juan_01.txt,1024,960,0,separate,-0.00705882352941177,baihua-like,850,0.02823529411764706,0.03882352941176471,13.540983606557377,0,0
中華民國公有領域,1078588,江蘇督軍李純、江蘇省長齊耀琳快電各縣知事及商會制止罷市,江蘇督軍李純、江蘇省長齊耀琳快電各縣知事及商會制止罷市,江蘇督軍李純、江蘇省長齊耀琳快電各縣知事及商會制止罷市,1,scrape_output\raw\中華民國公有領域\江蘇督軍李純、江蘇省長齊耀琳快電各縣知事及商會制止罷市\江蘇督軍李純、江蘇省長齊耀琳快電各縣知事及商會制止罷市__juan_01.txt,scrape_output\clean\中華民國公有領域\江蘇督軍李純、江蘇省長齊耀琳快電各縣知事及商會制止罷市\江蘇督軍李純、江蘇省長齊耀琳快電各縣知事及商會制止罷市__juan_01.txt,751,707,0,separate,0.1515576323987539,wenyan-like,642,0.02336448598130841,0.03582554517133956,16.89189189189189,0,0
中華民國公有領域,1078591,江蘇督軍李純、江蘇省長齊耀琳接國務院內務部語轉蘇州官廳等即通告京師並無逮捕學生情事,江蘇督軍李純、江蘇省長齊耀琳接國務院內務部語轉蘇州官廳等即通告京師並無逮捕學生情事,江蘇督軍李純、江蘇省長齊耀琳接國務院內務部語轉蘇州官廳等即通告京師並無逮捕學生情事,1,scrape_output\suspected_baihua\raw\中華民國公有領域\江蘇督軍李純、江蘇省長齊耀琳接國務院內務部語轉蘇州官廳等即通告京師並無逮捕學生情事\江蘇督軍李純、江蘇省長齊耀琳接國務院內務部語轉蘇州官廳等即通告京師並無逮捕學生情事__juan_01.txt,scrape_output\suspected_baihua\clean\中華民國公有領域\江蘇督軍李純、江蘇省長齊耀琳接國務院內務部語轉蘇州官廳等即通告京師並無逮捕學生情事\江蘇督軍李純、江蘇省長齊耀琳接國務院內務部語轉蘇州官廳等即通告京師並無逮捕學生情事__juan_01.txt,579,535,0,separate,-0.04852320675105484,baihua-like,474,0.035864978902953586,0.029535864978902954,11.973684210526315,0,0
中華民國公有領域,1078777,江蘇蘇州警察廳奉內務部警政司電佈告京師實在情形致蘇州總商會函,江蘇蘇州警察廳奉內務部警政司電佈告京師實在情形致蘇州總商會函,江蘇蘇州警察廳奉內務部警政司電佈告京師實在情形致蘇州總商會函,1,scrape_output\raw\中華民國公有領域\江蘇蘇州警察廳奉內務部警政司電佈告京師實在情形致蘇州總商會函\江蘇蘇州警察廳奉內務部警政司電佈告京師實在情形致蘇州總商會函__juan_01.txt,scrape_output\clean\中華民國公有領域\江蘇蘇州警察廳奉內務部警政司電佈告京師實在情形致蘇州總商會函\江蘇蘇州警察廳奉內務部警政司電佈告京師實在情形致蘇州總商會函__juan_01.txt,662,619,0,separate,0.10108695652173913,wenyan-like,552,0.034420289855072464,0.02717391304347826,15.314285714285715,0,0
中華民國公有領域,1078784,江蘇蘇州警察廳奉督軍省長虞電為釋群疑京師情形致蘇州總商會函,江蘇蘇州警察廳奉督軍省長虞電為釋群疑京師情形致蘇州總商會函,江蘇蘇州警察廳奉督軍省長虞電為釋群疑京師情形致蘇州總商會函,1,scrape_output\suspected_baihua\raw\中華民國公有領域\江蘇蘇州警察廳奉督軍省長虞電為釋群疑京師情形致蘇州總商會函\江蘇蘇州警察廳奉督軍省長虞電為釋群疑京師情形致蘇州總商會函__juan_01.txt,scrape_output\suspected_baihua\clean\中華民國公有領域\江蘇蘇州警察廳奉督軍省長虞電為釋群疑京師情形致蘇州總商會函\江蘇蘇州警察廳奉督軍省長虞電為釋群疑京師情形致蘇州總商會函__juan_01.txt,562,519,0,separate,-0.03571428571428571,baihua-like,448,0.03125,0.029017857142857144,11.621621621621621,0,0
中華民國公有領域,1078783,江蘇蘇州警察廳為勸導各商店從速開市致蘇州總商會函,江蘇蘇州警察廳為勸導各商店從速開市致蘇州總商會函,江蘇蘇州警察廳為勸導各商店從速開市致蘇州總商會函,1,scrape_output\raw\中華民國公有領域\江蘇蘇州警察廳為勸導各商店從速開市致蘇州總商會函\江蘇蘇州警察廳為勸導各商店從速開市致蘇州總商會函__juan_01.txt,scrape_output\clean\中華民國公有領域\江蘇蘇州警察廳為勸導各商店從速開市致蘇州總商會函\江蘇蘇州警察廳為勸導各商店從速開市致蘇州總商會函__juan_01.txt,827,784,0,separate,0.12461212976022568,wenyan-like,709,0.02538787023977433,0.02538787023977433,16.357142857142858,0,0
中華民國公有領域,1078786,江蘇蘇州警察廳為勸諭各商一律開市致蘇州總商會函,江蘇蘇州警察廳為勸諭各商一律開市致蘇州總商會函,江蘇蘇州警察廳為勸諭各商一律開市致蘇州總商會函,1,scrape_output\suspected_baihua\raw\中華民國公有領域\江蘇蘇州警察廳為勸諭各商一律開市致蘇州總商會函\江蘇蘇州警察廳為勸諭各商一律開市致蘇州總商會函__juan_01.txt,scrape_output\suspected_baihua\clean\中華民國公有領域\江蘇蘇州警察廳為勸諭各商一律開市致蘇州總商會函\江蘇蘇州警察廳為勸諭各商一律開市致蘇州總商會函__juan_01.txt,576,533,0,separate,-0.04700854700854702,baihua-like,468,0.03418803418803419,0.027777777777777776,12.914285714285715,0,0
中華民國公有領域,1080742,江西督理蔡成勳陳請政府嚴重交涉長沙日艦兵士暴行,江西督理蔡成勳陳請政府嚴重交涉長沙日艦兵士暴行,江西督理蔡成勳陳請政府嚴重交涉長沙日艦兵士暴行,1,scrape_output\suspected_baihua\raw\中華民國公有領域\江西督理蔡成勳陳請政府嚴重交涉長沙日艦兵士暴行\江西督理蔡成勳陳請政府嚴重交涉長沙日艦兵士暴行__juan_01.txt,scrape_output\suspected_baihua\clean\中華民國公有領域\江西督理蔡成勳陳請政府嚴重交涉長沙日艦兵士暴行\江西督理蔡成勳陳請政府嚴重交涉長沙日艦兵士暴行__juan_01.txt,613,570,0,separate,-0.03960396039603961,baihua-like,505,0.027722772277227723,0.02178217821782178,14.0,0,0
中華民國公有領域,1210828,河南省自治政府主席佈告,河南省自治政府主席佈告,河南省自治政府主席佈告,1,scrape_output\raw\中華民國公有領域\河南省自治政府主席佈告\河南省自治政府主席佈告__juan_01.txt,scrape_output\clean\中華民國公有領域\河南省自治政府主席佈告\河南省自治政府主席佈告__juan_01.txt,801,758,0,separate,0.11280400572246066,wenyan-like,699,0.031473533619456366,0.02861230329041488,22.9,0,0
中華民國公有領域,1210827,河南省自治政府施政方針,河南省自治政府施政方針,河南省自治政府施政方針,1,scrape_output\raw\中華民國公有領域\河南省自治政府施政方針\河南省自治政府施政方針__juan_01.txt,scrape_output\clean\中華民國公有領域\河南省自治政府施政方針\河南省自治政府施政方針__juan_01.txt,687,643,0,separate,0.138013698630137,wenyan-like,584,0.03595890410958904,0.04794520547945205,19.75862068965517,0,0
中華民國公有領域,1063544,河南督軍署參謀長關於京漢路工人開會及地方動蕩情況致直魯豫巡閱使參謀長函,河南督軍署參謀長關於京漢路工人開會及地方動蕩情況致直魯豫巡閱使參謀長函,河南督軍署參謀長關於京漢路工人開會及地方動蕩情況致直魯豫巡閱使參謀長函,1,scrape_output\raw\中華民國公有領域\河南督軍署參謀長關於京漢路工人開會及地方動蕩情況致直魯豫巡閱使參謀長函\河南督軍署參謀長關於京漢路工人開會及地方動蕩情況致直魯豫巡閱使參謀長函__juan_01.txt,scrape_output\clean\中華民國公有領域\河南督軍署參謀長關於京漢路工人開會及地方動蕩情況致直魯豫巡閱使參謀長函\河南督軍署參謀長關於京漢路工人開會及地方動蕩情況致直魯豫巡閱使參謀長函__juan_01.txt,1321,1256,0,separate,0.15588730025231287,wenyan-like,1189,0.017661900756938603,0.02943650126156434,21.867924528301888,0,0
中華民國公有領域,1066782,河南都督報告白朗撤出棗城及被困牧師無恙,河南都督報告白朗撤出棗城及被困牧師無恙,河南都督報告白朗撤出棗城及被困牧師無恙,1,scrape_output\suspected_baihua\raw\中華民國公有領域\河南都督報告白朗撤出棗城及被困牧師無恙\河南都督報告白朗撤出棗城及被困牧師無恙__juan_01.txt,scrape_output\suspected_baihua\clean\中華民國公有領域\河南都督報告白朗撤出棗城及被困牧師無恙\河南都督報告白朗撤出棗城及被困牧師無恙__juan_01.txt,656,612,0,separate,-0.02018348623853211,baihua-like,545,0.027522935779816515,0.031192660550458717,12.428571428571429,0,0
中華民國公有領域,1066783,河南都督報告白朗撤出潢川,河南都督報告白朗撤出潢川,河南都督報告白朗撤出潢川,1,scrape_output\suspected_baihua\raw\中華民國公有領域\河南都督報告白朗撤出潢川\河南都督報告白朗撤出潢川__juan_01.txt,scrape_output\suspected_baihua\clean\中華民國公有領域\河南都督報告白朗撤出潢川\河南都督報告白朗撤出潢川__juan_01.txt,583,538,0,separate,-0.05263157894736841,baihua-like,475,0.035789473684210524,0.02736842105263158,12.35135135135135,0,0
中華民國公有領域,1077093,浙江督辦孫傳芳、浙江省長夏超訓令各官廳切實紓民困、查禁共產主義之宣傳,浙江督辦孫傳芳、浙江省長夏超訓令各官廳切實紓民困、查禁共產主義之宣傳,浙江督辦孫傳芳、浙江省長夏超訓令各官廳切實紓民困、查禁共產主義之宣傳,1,scrape_output\raw\中華民國公有領域\浙江督辦孫傳芳、浙江省長夏超訓令各官廳切實紓民困、查禁共產主義之宣傳\浙江督辦孫傳芳、浙江省長夏超訓令各官廳切實紓民困、查禁共產主義之宣傳__juan_01.txt,scrape_output\clean\中華民國公有領域\浙江督辦孫傳芳、浙江省長夏超訓令各官廳切實紓民困、查禁共產主義之宣傳\浙江督辦孫傳芳、浙江省長夏超訓令各官廳切實紓民困、查禁共產主義之宣傳__juan_01.txt,1086,1032,0,separate,0.15946372239747633,wenyan-like,951,0.019978969505783387,0.03470031545741325,16.535714285714285,0,0
中華民國公有領域,182102,海峡两岸服务贸易协议,海峡两岸服务贸易协议,海峡两岸服务贸易协议,1,scrape_output\raw\中華民國公有領域\海峡两岸服务贸易协议\海峡两岸服务贸易协议__juan_01.txt,scrape_output\clean\中華民國公有領域\海峡两岸服务贸易协议\海峡两岸服务贸易协议__juan_01.txt,7441,7204,0,separate,0.05593365519389504,wenyan-like,6421,0.04422987073664538,0.01931163370191559,22.223776223776223,0,0
中華民國公有領域,182504,海峡两岸空运补充协议,海峡两岸空运补充协议,海峡两岸空运补充协议,1,scrape_output\raw\中華民國公有領域\海峡两岸空运补充协议\海峡两岸空运补充协议__juan_01.txt,scrape_output\clean\中華民國公有領域\海峡两岸空运补充协议\海峡两岸空运补充协议__juan_01.txt,2983,2774,0,separate,0.09658997534921937,wenyan-like,2434,0.025472473294987676,0.011503697617091208,20.782608695652176,0,0
中華民國公有領域,144342,海峽兩岸經濟合作架構協議,海峽兩岸經濟合作架構協議,海峽兩岸經濟合作架構協議,1,scrape_output\raw\中華民國公有領域\海峽兩岸經濟合作架構協議\海峽兩岸經濟合作架構協議__juan_01.txt,scrape_output\clean\中華民國公有領域\海峽兩岸經濟合作架構協議\海峽兩岸經濟合作架構協議__juan_01.txt,3792,3698,0,separate,0.06622418879056047,wenyan-like,3390,0.035398230088495575,0.011209439528023599,22.550335570469798,0,0
中華民國公有領域,1094806,海峽兩岸貨幣清算合作備忘錄,海峽兩岸貨幣清算合作備忘錄,海峽兩岸貨幣清算合作備忘錄,1,scrape_output\raw\中華民國公有領域\海峽兩岸貨幣清算合作備忘錄\海峽兩岸貨幣清算合作備忘錄__juan_01.txt,scrape_output\clean\中華民國公有領域\海峽兩岸貨幣清算合作備忘錄\海峽兩岸貨幣清算合作備忘錄__juan_01.txt,2921,2756,0,separate,0.1797370456303171,wenyan-like,2586,0.04988399071925754,0.014694508894044857,25.02970297029703,0,0
中華民國公有領域,1178590,海牙公约,海牙公约/1899年/第一公约,海牙公约,1,scrape_output\raw\中華民國公有領域\海牙公约\海牙公约__juan_01.txt,scrape_output\clean\中華民國公有領域\海牙公约\海牙公约__juan_01.txt,6256,6248,0,separate,0.0028033734187099812,wenyan-like,12806,0.059112915820709044,0.015071060440418553,23.971264367816094,0,0
中華民國公有領域,1178590,海牙公约,海牙公约/1899年/第三公约,海牙公约,2,scrape_output\raw\中華民國公有領域\海牙公约\海牙公约__juan_02.txt,scrape_output\clean\中華民國公有領域\海牙公约\海牙公约__juan_02.txt,1872,1847,0,separate,0.0028033734187099812,wenyan-like,12806,0.059112915820709044,0.015071060440418553,23.971264367816094,0,0
中華民國公有領域,1178590,海牙公约,海牙公约/1899年/第二公约,海牙公约,3,scrape_output\raw\中華民國公有領域\海牙公约\海牙公约__juan_03.txt,scrape_output\clean\中華民國公有領域\海牙公约\海牙公约__juan_03.txt,6280,6259,0,separate,0.0028033734187099812,wenyan-like,12806,0.059112915820709044,0.015071060440418553,23.971264367816094,0,0
中華民國公有領域,1108595,海軍：共軍演習期間全程監控 絕無共艦進入我領海情事,海軍：共軍演習期間全程監控 絕無共艦進入我領海情事,海軍：共軍演習期間全程監控 絕無共艦進入我領海情事,1,scrape_output\suspected_baihua\raw\中華民國公有領域\海軍：共軍演習期間全程監控 絕無共艦進入我領海情事\海軍：共軍演習期間全程監控 絕無共艦進入我領海情事__juan_01.txt,scrape_output\suspected_baihua\clean\中華民國公有領域\海軍：共軍演習期間全程監控 絕無共艦進入我領海情事\海軍：共軍演習期間全程監控 絕無共艦進入我領海情事__juan_01.txt,560,508,0,separate,-0.0547945205479452,baihua-like,438,0.0365296803652968,0.0273972602739726,10.675,0,0
中華民國公有領域,1087338,淞滬警察廳報七月一日竭力保護國民大會等情致內務部警政司電,淞滬警察廳報七月一日竭力保護國民大會等情致內務部警政司電,淞滬警察廳報七月一日竭力保護國民大會等情致內務部警政司電,1,scrape_output\raw\中華民國公有領域\淞滬警察廳報七月一日竭力保護國民大會等情致內務部警政司電\淞滬警察廳報七月一日竭力保護國民大會等情致內務部警政司電__juan_01.txt,scrape_output\clean\中華民國公有領域\淞滬警察廳報七月一日竭力保護國民大會等情致內務部警政司電\淞滬警察廳報七月一日竭力保護國民大會等情致內務部警政司電__juan_01.txt,1141,1098,0,separate,0.15096805421103582,wenyan-like,1033,0.016456921587608905,0.02516940948693127,20.916666666666668,0,0
中華民國公有領域,1087336,淞滬警察廳報五月七日上海國民大會派員警內外監視保護及維持遊行秩序等覆內務部警政司電,淞滬警察廳報五月七日上海國民大會派員警內外監視保護及維持遊行秩序等覆內務部警政司電,淞滬警察廳報五月七日上海國民大會派員警內外監視保護及維持遊行秩序等覆內務部警政司電,1,scrape_output\raw\中華民國公有領域\淞滬警察廳報五月七日上海國民大會派員警內外監視保護及維持遊行秩序等覆內務部警政司電\淞滬警察廳報五月七日上海國民大會派員警內外監視保護及維持遊行秩序等覆內務部警政司電__juan_01.txt,scrape_output\clean\中華民國公有領域\淞滬警察廳報五月七日上海國民大會派員警內外監視保護及維持遊行秩序等覆內務部警政司電\淞滬警察廳報五月七日上海國民大會派員警內外監視保護及維持遊行秩序等覆內務部警政司電__juan_01.txt,891,848,0,separate,0.15,wenyan-like,781,0.020486555697823303,0.030729833546734954,16.844444444444445,0,0
中華民國公有領域,1087337,淞滬警察廳報滬埠罷市第三日情事致內務部警政司電,淞滬警察廳報滬埠罷市第三日情事致內務部警政司電,淞滬警察廳報滬埠罷市第三日情事致內務部警政司電,1,scrape_output\suspected_baihua\raw\中華民國公有領域\淞滬警察廳報滬埠罷市第三日情事致內務部警政司電\淞滬警察廳報滬埠罷市第三日情事致內務部警政司電__juan_01.txt,scrape_output\suspected_baihua\clean\中華民國公有領域\淞滬警察廳報滬埠罷市第三日情事致內務部警政司電\淞滬警察廳報滬埠罷市第三日情事致內務部警政司電__juan_01.txt,627,584,0,separate,-0.024952015355086385,baihua-like,521,0.028790786948176585,0.030710172744721688,12.170731707317072,0,0
中華民國公有領域,1051492,湖北政務委員會總辦公廳簡章,湖北政務委員會總辦公廳簡章,湖北政務委員會總辦公廳簡章,1,scrape_output\suspected_baihua\raw\中華民國公有領域\湖北政務委員會總辦公廳簡章\湖北政務委員會總辦公廳簡章__juan_01.txt,scrape_output\suspected_baihua\clean\中華民國公有領域\湖北政務委員會總辦公廳簡章\湖北政務委員會總辦公廳簡章__juan_01.txt,648,599,0,separate,-0.030303030303030304,baihua-like,528,0.026515151515151516,0.02462121212121212,14.628571428571428,0,0
中華民國公有領域,1145969,湖北省政府大事记 (1945年10月),湖北省政府大事记 (1945年10月),湖北省政府大事记 (1945年10月),1,scrape_output\raw\中華民國公有領域\湖北省政府大事记 (1945年10月)\湖北省政府大事记 (1945年10月)__juan_01.txt,scrape_output\clean\中華民國公有領域\湖北省政府大事记 (1945年10月)\湖北省政府大事记 (1945年10月)__juan_01.txt,8713,8235,0,separate,0.3071160564109199,wenyan-like,7729,0.005822227972570837,0.012291370164316211,26.355400696864113,0,0
中華民國公有領域,1145962,湖北省政府大事记 (1945年9月),湖北省政府大事记 (1945年9月),湖北省政府大事记 (1945年9月),1,scrape_output\raw\中華民國公有領域\湖北省政府大事记 (1945年9月)\湖北省政府大事记 (1945年9月)__juan_01.txt,scrape_output\clean\中華民國公有領域\湖北省政府大事记 (1945年9月)\湖北省政府大事记 (1945年9月)__juan_01.txt,4089,3886,0,separate,0.003438395415472778,wenyan-like,3490,0.008595988538681949,0.014613180515759312,11.721649484536082,0,0
中華民國公有領域,1051494,湖北省政府宣言(1927年),湖北省政府宣言(1927年),湖北省政府宣言(1927年),1,scrape_output\raw\中華民國公有領域\湖北省政府宣言(1927年)\湖北省政府宣言(1927年)__juan_01.txt,scrape_output\clean\中華民國公有領域\湖北省政府宣言(1927年)\湖北省政府宣言(1927年)__juan_01.txt,3064,3017,0,separate,0.2619508820477343,wenyan-like,2891,0.0387409200968523,0.03908682116914562,38.472972972972975,0,0
中華民國公有領域,1078729,湖北省政府為蔣中正反抗中央而進於自立中央事呈復國民政府,湖北省政府為蔣中正反抗中央而進於自立中央事呈復國民政府,湖北省政府為蔣中正反抗中央而進於自立中央事呈復國民政府,1,scrape_output\suspected_baihua\raw\中華民國公有領域\湖北省政府為蔣中正反抗中央而進於自立中央事呈復國民政府\湖北省政府為蔣中正反抗中央而進於自立中央事呈復國民政府__juan_01.txt,scrape_output\suspected_baihua\clean\中華民國公有領域\湖北省政府為蔣中正反抗中央而進於自立中央事呈復國民政府\湖北省政府為蔣中正反抗中央而進於自立中央事呈復國民政府__juan_01.txt,641,597,0,separate,-0.011342155009451793,baihua-like,529,0.026465028355387523,0.034026465028355386,12.85,0,0
中華民國公有領域,1087443,湖北督軍王占元、湖北省長何佩瑢報鄂省近日辦理防範軌外舉動情形致內務總長電 (民國8年5月31日),湖北督軍王占元、湖北省長何佩瑢報鄂省近日辦理防範軌外舉動情形致內務總長電 (民國8年5月31日),湖北督軍王占元、湖北省長何佩瑢報鄂省近日辦理防範軌外舉動情形致內務總長電 (民國8年5月31日),1,scrape_output\suspected_baihua\raw\中華民國公有領域\湖北督軍王占元、湖北省長何佩瑢報鄂省近日辦理防範軌外舉動情形致內務總長電 (民國8年5月31日)\湖北督軍王占元、湖北省長何佩瑢報鄂省近日辦理防範軌外舉動情形致內務總長電 (民國8年5月31日)__juan_01.txt,scrape_output\suspected_baihua\clean\中華民國公有領域\湖北督軍王占元、湖北省長何佩瑢報鄂省近日辦理防範軌外舉動情形致內務總長電 (民國8年5月31日)\湖北督軍王占元、湖北省長何佩瑢報鄂省近日辦理防範軌外舉動情形致內務總長電 (民國8年5月31日)__juan_01.txt,757,714,0,separate,-0.016949152542372878,baihua-like,649,0.023112480739599383,0.026194144838212634,14.581395348837209,0,0
中華民國公有領域,1087444,湖北督軍王占元、湖北省長何佩瑢陳派員照料舊曆五月一二兩日講演遊行等及多校校生抗拒管束等事致國務院等電,湖北督軍王占元、湖北省長何佩瑢陳派員照料舊曆五月一二兩日講演遊行等及多校校生抗拒管束等事致國務院等電,湖北督軍王占元、湖北省長何佩瑢陳派員照料舊曆五月一二兩日講演遊行等及多校校生抗拒管束等事致國務院等電,1,scrape_output\raw\中華民國公有領域\湖北督軍王占元、湖北省長何佩瑢陳派員照料舊曆五月一二兩日講演遊行等及多校校生抗拒管束等事致國務院等電\湖北督軍王占元、湖北省長何佩瑢陳派員照料舊曆五月一二兩日講演遊行等及多校校生抗拒管束等事致國務院等電__juan_01.txt,scrape_output\clean\中華民國公有領域\湖北督軍王占元、湖北省長何佩瑢陳派員照料舊曆五月一二兩日講演遊行等及多校校生抗拒管束等事致國務院等電\湖北督軍王占元、湖北省長何佩瑢陳派員照料舊曆五月一二兩日講演遊行等及多校校生抗拒管束等事致國務院等電__juan_01.txt,1086,1043,0,separate,0.13659793814432988,wenyan-like,970,0.01752577319587629,0.01958762886597938,20.106382978723403,0,0
中華民國公有領域,1064041,湖北督軍蕭耀南關於漢口鐵路工人罷工暨匪徒乘機肇事各情形通電,湖北督軍蕭耀南關於漢口鐵路工人罷工暨匪徒乘機肇事各情形通電,湖北督軍蕭耀南關於漢口鐵路工人罷工暨匪徒乘機肇事各情形通電,1,scrape_output\raw\中華民國公有領域\湖北督軍蕭耀南關於漢口鐵路工人罷工暨匪徒乘機肇事各情形通電\湖北督軍蕭耀南關於漢口鐵路工人罷工暨匪徒乘機肇事各情形通電__juan_01.txt,scrape_output\clean\中華民國公有領域\湖北督軍蕭耀南關於漢口鐵路工人罷工暨匪徒乘機肇事各情形通電\湖北督軍蕭耀南關於漢口鐵路工人罷工暨匪徒乘機肇事各情形通電__juan_01.txt,1240,1113,0,separate,0.17281368821292775,wenyan-like,1052,0.019011406844106463,0.039923954372623575,20.0,0,0
中華民國公有領域,1051490,湖北臨時政治會議條例,湖北臨時政治會議條例,湖北臨時政治會議條例,1,scrape_output\raw\中華民國公有領域\湖北臨時政治會議條例\湖北臨時政治會議條例__juan_01.txt,scrape_output\clean\中華民國公有領域\湖北臨時政治會議條例\湖北臨時政治會議條例__juan_01.txt,852,803,0,separate,0.11778711484593837,wenyan-like,714,0.029411764705882353,0.028011204481792718,16.69047619047619,0,0
中華民國公有領域,1080737,湖南省長趙恆惕通電長沙日艦製造慘案觸發「三罷」,湖南省長趙恆惕通電長沙日艦製造慘案觸發「三罷」,湖南省長趙恆惕通電長沙日艦製造慘案觸發「三罷」,1,scrape_output\raw\中華民國公有領域\湖南省長趙恆惕通電長沙日艦製造慘案觸發「三罷」\湖南省長趙恆惕通電長沙日艦製造慘案觸發「三罷」__juan_01.txt,scrape_output\clean\中華民國公有領域\湖南省長趙恆惕通電長沙日艦製造慘案觸發「三罷」\湖南省長趙恆惕通電長沙日艦製造慘案觸發「三罷」__juan_01.txt,893,850,0,separate,0.1293548387096774,wenyan-like,775,0.02064516129032258,0.02064516129032258,16.26086956521739,0,0
中華民國公有領域,1084475,滬案重查司法調查委員會報告,滬案重查司法調查委員會報告/日本委員報吿,滬案重查司法調查委員會報告,1,scrape_output\raw\中華民國公有領域\滬案重查司法調查委員會報告\滬案重查司法調查委員會報告__juan_01.txt,scrape_output\clean\中華民國公有領域\滬案重查司法調查委員會報告\滬案重查司法調查委員會報告__juan_01.txt,5495,5414,0,separate,0.3547913650125049,wenyan-like,30388,0.013722522048176911,0.04797946557851784,49.880718954248366,0,0
中華民國公有領域,1084475,滬案重查司法調查委員會報告,滬案重查司法調查委員會報告/美國委員報吿,滬案重查司法調查委員會報告,2,scrape_output\raw\中華民國公有領域\滬案重查司法調查委員會報告\滬案重查司法調查委員會報告__juan_02.txt,scrape_output\clean\中華民國公有領域\滬案重查司法調查委員會報告\滬案重查司法調查委員會報告__juan_02.txt,15288,15119,0,separate,0.3547913650125049,wenyan-like,30388,0.013722522048176911,0.04797946557851784,49.880718954248366,0,0
中華民國公有領域,1084475,滬案重查司法調查委員會報告,滬案重查司法調查委員會報告/英國委員報吿,滬案重查司法調查委員會報告,3,scrape_output\raw\中華民國公有領域\滬案重查司法調查委員會報告\滬案重查司法調查委員會報告__juan_03.txt,scrape_output\clean\中華民國公有領域\滬案重查司法調查委員會報告\滬案重查司法調查委員會報告__juan_03.txt,11721,11519,0,separate,0.3547913650125049,wenyan-like,30388,0.013722522048176911,0.04797946557851784,49.880718954248366,0,0
中華民國公有領域,1084473,滬案重查司法調查委員會通告開會調查五卅風潮之起源及性質等事項,滬案重查司法調查委員會通告開會調查五卅風潮之起源及性質等事項,滬案重查司法調查委員會通告開會調查五卅風潮之起源及性質等事項,1,scrape_output\suspected_baihua\raw\中華民國公有領域\滬案重查司法調查委員會通告開會調查五卅風潮之起源及性質等事項\滬案重查司法調查委員會通告開會調查五卅風潮之起源及性質等事項__juan_01.txt,scrape_output\suspected_baihua\clean\中華民國公有領域\滬案重查司法調查委員會通告開會調查五卅風潮之起源及性質等事項\滬案重查司法調查委員會通告開會調查五卅風潮之起源及性質等事項__juan_01.txt,739,659,0,separate,-0.010657193605683846,baihua-like,563,0.028419182948490232,0.037300177619893425,13.75,0,0
中華民國公有領域,1084474,滬案重查司法調查委員會通告開會調查五卅風潮之起源及性質等事項之具體辦法,滬案重查司法調查委員會通告開會調查五卅風潮之起源及性質等事項之具體辦法,滬案重查司法調查委員會通告開會調查五卅風潮之起源及性質等事項之具體辦法,1,scrape_output\raw\中華民國公有領域\滬案重查司法調查委員會通告開會調查五卅風潮之起源及性質等事項之具體辦法\滬案重查司法調查委員會通告開會調查五卅風潮之起源及性質等事項之具體辦法__juan_01.txt,scrape_output\clean\中華民國公有領域\滬案重查司法調查委員會通告開會調查五卅風潮之起源及性質等事項之具體辦法\滬案重查司法調查委員會通告開會調查五卅風潮之起源及性質等事項之具體辦法__juan_01.txt,968,924,0,separate,0.1394736842105263,wenyan-like,855,0.026900584795321637,0.03508771929824561,22.0,0,0
中華民國公有領域,1053052,滿蒙新國家獨立宣言,滿蒙新國家獨立宣言,滿蒙新國家獨立宣言,1,scrape_output\raw\中華民國公有領域\滿蒙新國家獨立宣言\滿蒙新國家獨立宣言__juan_01.txt,scrape_output\clean\中華民國公有領域\滿蒙新國家獨立宣言\滿蒙新國家獨立宣言__juan_01.txt,959,916,0,separate,0.1879596678529063,wenyan-like,843,0.021352313167259787,0.051008303677342826,18.177777777777777,0,0
中華民國公有領域,1087363,漢口警察廳報偵察孫中山等黨徒運動京津併長江一帶及漢口罷市等情呈內務部警政司,漢口警察廳報偵察孫中山等黨徒運動京津併長江一帶及漢口罷市等情呈內務部警政司,漢口警察廳報偵察孫中山等黨徒運動京津併長江一帶及漢口罷市等情呈內務部警政司,1,scrape_output\raw\中華民國公有領域\漢口警察廳報偵察孫中山等黨徒運動京津併長江一帶及漢口罷市等情呈內務部警政司\漢口警察廳報偵察孫中山等黨徒運動京津併長江一帶及漢口罷市等情呈內務部警政司__juan_01.txt,scrape_output\clean\中華民國公有領域\漢口警察廳報偵察孫中山等黨徒運動京津併長江一帶及漢口罷市等情呈內務部警政司\漢口警察廳報偵察孫中山等黨徒運動京津併長江一帶及漢口罷市等情呈內務部警政司__juan_01.txt,1639,1596,0,separate,0.1847085789129011,wenyan-like,1527,0.015062213490504257,0.03994760969220694,19.64,0,0
中華民國公有領域,1205242,潮州洪兆麟等通電討共,潮州洪兆麟等通電討共,潮州洪兆麟等通電討共,1,scrape_output\raw\中華民國公有領域\潮州洪兆麟等通電討共\潮州洪兆麟等通電討共__juan_01.txt,scrape_output\clean\中華民國公有領域\潮州洪兆麟等通電討共\潮州洪兆麟等通電討共__juan_01.txt,1092,1049,0,separate,0.1855691056910569,wenyan-like,984,0.021341463414634148,0.049796747967479675,18.666666666666668,0,0
中華民國公有領域,196205,為 大元帥逝世哀告全軍,為 大元帥逝世哀告全軍,為 大元帥逝世哀告全軍,1,scrape_output\raw\中華民國公有領域\為 大元帥逝世哀告全軍\為 大元帥逝世哀告全軍__juan_01.txt,scrape_output\clean\中華民國公有領域\為 大元帥逝世哀告全軍\為 大元帥逝世哀告全軍__juan_01.txt,733,690,0,separate,0.13073836276083467,wenyan-like,623,0.03210272873194221,0.038523274478330656,16.54054054054054,0,0
中華民國公有領域,11078,為國軍退出南京發表通電,為國軍退出南京發表通電,為國軍退出南京發表通電,1,scrape_output\suspected_baihua\raw\中華民國公有領域\為國軍退出南京發表通電\為國軍退出南京發表通電__juan_01.txt,scrape_output\suspected_baihua\clean\中華民國公有領域\為國軍退出南京發表通電\為國軍退出南京發表通電__juan_01.txt,588,545,0,separate,-0.016563146997929615,baihua-like,483,0.033126293995859216,0.041407867494824016,14.6875,0,0
中華民國公有領域,1093119,為大陳撤退告海內外軍民同胞書,為大陳撤退告海內外軍民同胞書,為大陳撤退告海內外軍民同胞書,1,scrape_output\raw\中華民國公有領域\為大陳撤退告海內外軍民同胞書\為大陳撤退告海內外軍民同胞書__juan_01.txt,scrape_output\clean\中華民國公有領域\為大陳撤退告海內外軍民同胞書\為大陳撤退告海內外軍民同胞書__juan_01.txt,2095,2050,0,separate,0.13745426032409827,wenyan-like,1913,0.04077365394668061,0.05488761108207005,24.415584415584416,0,0
中華民國公有領域,196294,為撤退舟山、海南國軍告大陸同胞書,為撤退舟山、海南國軍告大陸同胞書,為撤退舟山、海南國軍告大陸同胞書,1,scrape_output\raw\中華民國公有領域\為撤退舟山、海南國軍告大陸同胞書\為撤退舟山、海南國軍告大陸同胞書__juan_01.txt,scrape_output\clean\中華民國公有領域\為撤退舟山、海南國軍告大陸同胞書\為撤退舟山、海南國軍告大陸同胞書__juan_01.txt,1861,1818,0,separate,0.0230154197601371,wenyan-like,1751,0.10679611650485436,0.021701884637350087,35.875,0,0
中華民國公有領域,151297,為救濟大陸災胞告全國同胞書,為救濟大陸災胞告全國同胞書,為救濟大陸災胞告全國同胞書,1,scrape_output\suspected_baihua\raw\中華民國公有領域\為救濟大陸災胞告全國同胞書\為救濟大陸災胞告全國同胞書__juan_01.txt,scrape_output\suspected_baihua\clean\中華民國公有領域\為救濟大陸災胞告全國同胞書\為救濟大陸災胞告全國同胞書__juan_01.txt,1240,1197,0,separate,-0.012234042553191493,baihua-like,1128,0.06826241134751773,0.02127659574468085,23.934782608695652,0,0
中華民國公有領域,1064506,熱察巡閱使偵察處長呈報長辛店各工人陸續上工，秩序恢復,熱察巡閱使偵察處長呈報長辛店各工人陸續上工，秩序恢復,熱察巡閱使偵察處長呈報長辛店各工人陸續上工，秩序恢復,1,scrape_output\raw\中華民國公有領域\熱察巡閱使偵察處長呈報長辛店各工人陸續上工，秩序恢復\熱察巡閱使偵察處長呈報長辛店各工人陸續上工，秩序恢復__juan_01.txt,scrape_output\clean\中華民國公有領域\熱察巡閱使偵察處長呈報長辛店各工人陸續上工，秩序恢復\熱察巡閱使偵察處長呈報長辛店各工人陸續上工，秩序恢復__juan_01.txt,826,783,0,separate,0.11910112359550562,wenyan-like,712,0.025280898876404494,0.02247191011235955,15.772727272727273,0,0
中華民國公有領域,1065941,熱察綏巡閱使軍務處奉諭嚴加防范激烈分子活動致秘書處查照飭屬嚴加防范函,熱察綏巡閱使軍務處奉諭嚴加防范激烈分子活動致秘書處查照飭屬嚴加防范函,熱察綏巡閱使軍務處奉諭嚴加防范激烈分子活動致秘書處查照飭屬嚴加防范函,1,scrape_output\suspected_baihua\raw\中華民國公有領域\熱察綏巡閱使軍務處奉諭嚴加防范激烈分子活動致秘書處查照飭屬嚴加防范函\熱察綏巡閱使軍務處奉諭嚴加防范激烈分子活動致秘書處查照飭屬嚴加防范函__juan_01.txt,scrape_output\suspected_baihua\clean\中華民國公有領域\熱察綏巡閱使軍務處奉諭嚴加防范激烈分子活動致秘書處查照飭屬嚴加防范函\熱察綏巡閱使軍務處奉諭嚴加防范激烈分子活動致秘書處查照飭屬嚴加防范函__juan_01.txt,863,818,0,separate,-0.005354752342704147,baihua-like,747,0.0214190093708166,0.029451137884872823,14.755102040816327,0,0
中華民國公有領域,1080720,熱河都統等為赤峰縣抵制日貨行動隨時取締在案咨覆熱察綏巡閱使公署,熱河都統等為赤峰縣抵制日貨行動隨時取締在案咨覆熱察綏巡閱使公署,熱河都統等為赤峰縣抵制日貨行動隨時取締在案咨覆熱察綏巡閱使公署,1,scrape_output\raw\中華民國公有領域\熱河都統等為赤峰縣抵制日貨行動隨時取締在案咨覆熱察綏巡閱使公署\熱河都統等為赤峰縣抵制日貨行動隨時取締在案咨覆熱察綏巡閱使公署__juan_01.txt,scrape_output\clean\中華民國公有領域\熱河都統等為赤峰縣抵制日貨行動隨時取締在案咨覆熱察綏巡閱使公署\熱河都統等為赤峰縣抵制日貨行動隨時取締在案咨覆熱察綏巡閱使公署__juan_01.txt,897,852,0,separate,0.13074454428754814,wenyan-like,779,0.026957637997432605,0.03080872913992298,16.106382978723403,0,0
中華民國公有領域,890087,爲令發香港中等學校畢業及專科以上學校肄業學生投考或轉學辦法由 (民國26年教育部訓令),爲令發香港中等學校畢業及專科以上學校肄業學生投考或轉學辦法由 (民國26年教育部訓令),爲令發香港中等學校畢業及專科以上學校肄業學生投考或轉學辦法由 (民國26年教育部訓令),1,scrape_output\raw\中華民國公有領域\爲令發香港中等學校畢業及專科以上學校肄業學生投考或轉學辦法由 (民國26年教育部訓令)\爲令發香港中等學校畢業及專科以上學校肄業學生投考或轉學辦法由 (民國26年教育部訓令)__juan_01.txt,scrape_output\clean\中華民國公有領域\爲令發香港中等學校畢業及專科以上學校肄業學生投考或轉學辦法由 (民國26年教育部訓令)\爲令發香港中等學校畢業及專科以上學校肄業學生投考或轉學辦法由 (民國26年教育部訓令)__juan_01.txt,988,945,0,separate,0.16516919486581097,wenyan-like,857,0.01750291715285881,0.0338389731621937,17.4375,0,0
中華民國公有領域,1184986,爲廢除國民黨的六法全書及一切反動法律的訓令,爲廢除國民黨的六法全書及一切反動法律的訓令,爲廢除國民黨的六法全書及一切反動法律的訓令,1,scrape_output\suspected_baihua\raw\中華民國公有領域\爲廢除國民黨的六法全書及一切反動法律的訓令\爲廢除國民黨的六法全書及一切反動法律的訓令__juan_01.txt,scrape_output\suspected_baihua\clean\中華民國公有領域\爲廢除國民黨的六法全書及一切反動法律的訓令\爲廢除國民黨的六法全書及一切反動法律的訓令__juan_01.txt,1989,1799,0,separate,-0.03242424242424244,baihua-like,1650,0.07575757575757576,0.022424242424242423,19.50602409638554,0,0
中華民國公有領域,890714,爲據中華書局呈請關於十進計數法，萬以上不用億兆兩字等情，應暫予照准一案，令仰轉飭各書坊遵照由 (民國20年教育部訓令),爲據中華書局呈請關於十進計數法，萬以上不用億兆兩字等情，應暫予照准一案，令仰轉飭各書坊遵照由 (民國20年教育部訓令),爲據中華書局呈請關於十進計數法，萬以上不用億兆兩字等情，應暫予照准一案，令仰轉飭各書坊遵照由 (民國20年教育部訓令),1,scrape_output\raw\中華民國公有領域\爲據中華書局呈請關於十進計數法，萬以上不用億兆兩字等情，應暫予照准一案，令仰轉飭各書坊遵照由 (民國20年教育部訓令)\爲據中華書局呈請關於十進計數法，萬以上不用億兆兩字等情，應暫予照准一案，令仰轉飭各書坊遵照由 (民國20年教育部訓令)__juan_01.txt,scrape_output\clean\中華民國公有領域\爲據中華書局呈請關於十進計數法，萬以上不用億兆兩字等情，應暫予照准一案，令仰轉飭各書坊遵照由 (民國20年教育部訓令)\爲據中華書局呈請關於十進計數法，萬以上不用億兆兩字等情，應暫予照准一案，令仰轉飭各書坊遵照由 (民國20年教育部訓令)__juan_01.txt,1322,1265,0,separate,0.17274641954507158,wenyan-like,1187,0.014321819713563605,0.03285593934288121,21.943396226415093,0,0
中華民國公有領域,1129777,犧牲精神之提起,犧牲精神之提起,犧牲精神之提起,1,scrape_output\raw\中華民國公有領域\犧牲精神之提起\犧牲精神之提起__juan_01.txt,scrape_output\clean\中華民國公有領域\犧牲精神之提起\犧牲精神之提起__juan_01.txt,2363,2266,0,separate,0.10527289546716001,wenyan-like,2162,0.07909343200740056,0.02127659574468085,25.75609756097561,0,0
中華民國公有領域,8040,狂人日記,狂人日記,狂人日記,1,scrape_output\suspected_baihua\raw\中華民國公有領域\狂人日記\狂人日記__juan_01.txt,scrape_output\suspected_baihua\clean\中華民國公有領域\狂人日記\狂人日記__juan_01.txt,5730,5620,0,separate,-0.10419257584322597,baihua-like,5307,0.10118711136235162,0.024684379121914454,15.211940298507463,0,0
中華民國公有領域,1126018,現役軍人逃亡通緝暨死亡相驗案件處理流程,現役軍人逃亡通緝暨死亡相驗案件處理流程,現役軍人逃亡通緝暨死亡相驗案件處理流程,1,scrape_output\raw\中華民國公有領域\現役軍人逃亡通緝暨死亡相驗案件處理流程\現役軍人逃亡通緝暨死亡相驗案件處理流程__juan_01.txt,scrape_output\clean\中華民國公有領域\現役軍人逃亡通緝暨死亡相驗案件處理流程\現役軍人逃亡通緝暨死亡相驗案件處理流程__juan_01.txt,4013,3809,0,separate,0.3094043887147335,wenyan-like,3190,0.016300940438871474,0.029153605015673982,28.7,0,0
中華民國公有領域,1204361,瓊崖防共青年團成立宣言及吿民衆書,瓊崖防共青年團成立宣言及吿民衆書,瓊崖防共青年團成立宣言及吿民衆書,1,scrape_output\raw\中華民國公有領域\瓊崖防共青年團成立宣言及吿民衆書\瓊崖防共青年團成立宣言及吿民衆書__juan_01.txt,scrape_output\clean\中華民國公有領域\瓊崖防共青年團成立宣言及吿民衆書\瓊崖防共青年團成立宣言及吿民衆書__juan_01.txt,2314,2265,0,separate,0.34991007194244605,wenyan-like,2224,0.01393884892086331,0.045863309352517985,34.492063492063494,0,0
中華民國公有領域,192697,當前縣政要務,當前縣政要務,當前縣政要務,1,scrape_output\raw\中華民國公有領域\當前縣政要務\當前縣政要務__juan_01.txt,scrape_output\clean\中華民國公有領域\當前縣政要務\當前縣政要務__juan_01.txt,2696,2653,0,separate,0.12733255903987611,wenyan-like,2583,0.07665505226480836,0.028648857917150602,28.59090909090909,0,0
中華民國公有領域,892589,疾管署嚴斥：巴拉刈為劇毒農藥，請民眾勿信可預防或治療登革熱,疾管署嚴斥：巴拉刈為劇毒農藥，請民眾勿信可預防或治療登革熱,疾管署嚴斥：巴拉刈為劇毒農藥，請民眾勿信可預防或治療登革熱,1,scrape_output\raw\中華民國公有領域\疾管署嚴斥：巴拉刈為劇毒農藥，請民眾勿信可預防或治療登革熱\疾管署嚴斥：巴拉刈為劇毒農藥，請民眾勿信可預防或治療登革熱__juan_01.txt,scrape_output\clean\中華民國公有領域\疾管署嚴斥：巴拉刈為劇毒農藥，請民眾勿信可預防或治療登革熱\疾管署嚴斥：巴拉刈為劇毒農藥，請民眾勿信可預防或治療登革熱__juan_01.txt,1097,999,0,separate,0.0975374732334047,wenyan-like,934,0.033190578158458245,0.023554603854389723,24.05263157894737,0,0
中華民國公有領域,1199965,發布武統言論 陸配「小微」遭強制出境,發布武統言論 陸配「小微」遭強制出境,發布武統言論 陸配「小微」遭強制出境,1,scrape_output\raw\中華民國公有領域\發布武統言論 陸配「小微」遭強制出境\發布武統言論 陸配「小微」遭強制出境__juan_01.txt,scrape_output\clean\中華民國公有領域\發布武統言論 陸配「小微」遭強制出境\發布武統言論 陸配「小微」遭強制出境__juan_01.txt,720,670,0,separate,0.09380165289256198,wenyan-like,605,0.03636363636363636,0.026446280991735537,17.38235294117647,0,0
中華民國公有領域,885402,監察院：「全民健保總體檢」調查報告屬公開資料 外界可自由參考引用 並無公私不分,監察院：「全民健保總體檢」調查報告屬公開資料 外界可自由參考引用 並無公私不分,監察院：「全民健保總體檢」調查報告屬公開資料 外界可自由參考引用 並無公私不分,1,scrape_output\raw\中華民國公有領域\監察院：「全民健保總體檢」調查報告屬公開資料 外界可自由參考引用 並無公私不分\監察院：「全民健保總體檢」調查報告屬公開資料 外界可自由參考引用 並無公私不分__juan_01.txt,scrape_output\clean\中華民國公有領域\監察院：「全民健保總體檢」調查報告屬公開資料 外界可自由參考引用 並無公私不分\監察院：「全民健保總體檢」調查報告屬公開資料 外界可自由參考引用 並無公私不分__juan_01.txt,955,883,0,separate,0.09963144963144963,wenyan-like,814,0.03562653562653563,0.028255528255528257,24.242424242424242,0,0
中華民國公有領域,1077078,直隸全省警務處長兼天津警察廳長呈報郵件檢查員查出上海黨人信件,直隸全省警務處長兼天津警察廳長呈報郵件檢查員查出上海黨人信件,直隸全省警務處長兼天津警察廳長呈報郵件檢查員查出上海黨人信件,1,scrape_output\raw\中華民國公有領域\直隸全省警務處長兼天津警察廳長呈報郵件檢查員查出上海黨人信件\直隸全省警務處長兼天津警察廳長呈報郵件檢查員查出上海黨人信件__juan_01.txt,scrape_output\clean\中華民國公有領域\直隸全省警務處長兼天津警察廳長呈報郵件檢查員查出上海黨人信件\直隸全省警務處長兼天津警察廳長呈報郵件檢查員查出上海黨人信件__juan_01.txt,1043,984,0,separate,0.13224195338512765,wenyan-like,901,0.022197558268590455,0.0244173140954495,17.254901960784313,0,0
中華民國公有領域,1065918,直隸省警務處長兼天津警察廳長為奉令預防工潮解散非法團體覆內務部,直隸省警務處長兼天津警察廳長為奉令預防工潮解散非法團體覆內務部,直隸省警務處長兼天津警察廳長為奉令預防工潮解散非法團體覆內務部,1,scrape_output\suspected_baihua\raw\中華民國公有領域\直隸省警務處長兼天津警察廳長為奉令預防工潮解散非法團體覆內務部\直隸省警務處長兼天津警察廳長為奉令預防工潮解散非法團體覆內務部__juan_01.txt,scrape_output\suspected_baihua\clean\中華民國公有領域\直隸省警務處長兼天津警察廳長為奉令預防工潮解散非法團體覆內務部\直隸省警務處長兼天津警察廳長為奉令預防工潮解散非法團體覆內務部__juan_01.txt,573,529,0,separate,-0.03862660944206009,baihua-like,466,0.030042918454935622,0.02575107296137339,11.763157894736842,0,0
中華民國公有領域,1064411,直魯豫巡閱使參謀處為解散長辛店工會致軍法處查照迅速辦理函,直魯豫巡閱使參謀處為解散長辛店工會致軍法處查照迅速辦理函,直魯豫巡閱使參謀處為解散長辛店工會致軍法處查照迅速辦理函,1,scrape_output\raw\中華民國公有領域\直魯豫巡閱使參謀處為解散長辛店工會致軍法處查照迅速辦理函\直魯豫巡閱使參謀處為解散長辛店工會致軍法處查照迅速辦理函__juan_01.txt,scrape_output\clean\中華民國公有領域\直魯豫巡閱使參謀處為解散長辛店工會致軍法處查照迅速辦理函\直魯豫巡閱使參謀處為解散長辛店工會致軍法處查照迅速辦理函__juan_01.txt,1137,1035,0,separate,0.14154334038054966,wenyan-like,946,0.021141649048625793,0.02748414376321353,17.452830188679247,0,0
中華民國公有領域,11070,祭 總理文,祭 總理文,祭 總理文,1,scrape_output\raw\中華民國公有領域\祭 總理文\祭 總理文__juan_01.txt,scrape_output\clean\中華民國公有領域\祭 總理文\祭 總理文__juan_01.txt,1032,988,0,separate,0.23459869848156178,wenyan-like,922,0.01735357917570499,0.06832971800433839,15.033898305084746,0,0
中華民國公有領域,1170224,禁止反对皇帝令,禁止反对皇帝令,禁止反对皇帝令,1,scrape_output\raw\中華民國公有領域\禁止反对皇帝令\禁止反对皇帝令__juan_01.txt,scrape_output\clean\中華民國公有領域\禁止反对皇帝令\禁止反对皇帝令__juan_01.txt,1570,1401,0,separate,0.09339622641509433,wenyan-like,1272,0.03773584905660377,0.02830188679245283,15.358024691358025,0,0
中華民國公有領域,1080732,福建軍務督理孫傳芳為閩省取締排貨風潮陳電,福建軍務督理孫傳芳為閩省取締排貨風潮陳電,福建軍務督理孫傳芳為閩省取締排貨風潮陳電,1,scrape_output\suspected_baihua\raw\中華民國公有領域\福建軍務督理孫傳芳為閩省取締排貨風潮陳電\福建軍務督理孫傳芳為閩省取締排貨風潮陳電__juan_01.txt,scrape_output\suspected_baihua\clean\中華民國公有領域\福建軍務督理孫傳芳為閩省取締排貨風潮陳電\福建軍務督理孫傳芳為閩省取締排貨風潮陳電__juan_01.txt,750,706,0,separate,-0.020537124802527645,baihua-like,633,0.030015797788309637,0.03475513428120063,11.596153846153847,0,0
中華民國公有領域,1078482,秦省府廳州縣臨時議會章程,秦省府廳州縣臨時議會章程,秦省府廳州縣臨時議會章程,1,scrape_output\raw\中華民國公有領域\秦省府廳州縣臨時議會章程\秦省府廳州縣臨時議會章程__juan_01.txt,scrape_output\clean\中華民國公有領域\秦省府廳州縣臨時議會章程\秦省府廳州縣臨時議會章程__juan_01.txt,1946,1901,0,separate,0.15606428138265616,wenyan-like,1649,0.026682838083687082,0.0430563978168587,19.44578313253012,0,0
中華民國公有領域,1078483,秦省府廳州縣臨時議會選舉法,秦省府廳州縣臨時議會選舉法,秦省府廳州縣臨時議會選舉法,1,scrape_output\raw\中華民國公有領域\秦省府廳州縣臨時議會選舉法\秦省府廳州縣臨時議會選舉法__juan_01.txt,scrape_output\clean\中華民國公有領域\秦省府廳州縣臨時議會選舉法\秦省府廳州縣臨時議會選舉法__juan_01.txt,1208,1158,0,separate,0.16179941002949852,wenyan-like,1017,0.02753195673549656,0.0471976401179941,20.489795918367346,0,0
中華民國公有領域,1097060,穩定與互惠─中華民國對「九九」澳門情勢的立場,穩定與互惠─中華民國對「九九」澳門情勢的立場,穩定與互惠─中華民國對「九九」澳門情勢的立場,1,scrape_output\raw\中華民國公有領域\穩定與互惠─中華民國對「九九」澳門情勢的立場\穩定與互惠─中華民國對「九九」澳門情勢的立場__juan_01.txt,scrape_output\clean\中華民國公有領域\穩定與互惠─中華民國對「九九」澳門情勢的立場\穩定與互惠─中華民國對「九九」澳門情勢的立場__juan_01.txt,17946,17568,0,separate,0.10674721298079728,wenyan-like,17133,0.07395085507500146,0.014299889102900835,38.2369020501139,0,0
中華民國公有領域,51196,第一屆國民大會開幕辭,第一屆國民大會開幕辭,第一屆國民大會開幕辭,1,scrape_output\raw\中華民國公有領域\第一屆國民大會開幕辭\第一屆國民大會開幕辭__juan_01.txt,scrape_output\clean\中華民國公有領域\第一屆國民大會開幕辭\第一屆國民大會開幕辭__juan_01.txt,2482,2435,0,separate,0.03784355179704019,wenyan-like,2365,0.09978858350951374,0.018604651162790697,67.14285714285714,0,0
中華民國公有領域,58222,第一届国民大会国民政府主席对大会开幕致词,第一届国民大会国民政府主席对大会开幕致词,第一届国民大会国民政府主席对大会开幕致词,1,scrape_output\raw\中華民國公有領域\第一届国民大会国民政府主席对大会开幕致词\第一届国民大会国民政府主席对大会开幕致词__juan_01.txt,scrape_output\clean\中華民國公有領域\第一届国民大会国民政府主席对大会开幕致词\第一届国民大会国民政府主席对大会开幕致词__juan_01.txt,2579,2536,0,separate,0.034412955465587036,wenyan-like,2470,0.10040485829959514,0.017813765182186234,38.523809523809526,0,0
中華民國公有領域,1151091,第一次近卫声明,第一次近卫声明,第一次近卫声明,1,scrape_output\raw\中華民國公有領域\第一次近卫声明\第一次近卫声明__juan_01.txt,scrape_output\clean\中華民國公有領域\第一次近卫声明\第一次近卫声明__juan_01.txt,227,226,0,separate,0.3669642857142857,wenyan-like,224,0.013392857142857142,0.05357142857142857,43.8,0,0
中華民國公有領域,1151112,第三次近卫声明,第三次近卫声明,第三次近卫声明,1,scrape_output\raw\中華民國公有領域\第三次近卫声明\第三次近卫声明__juan_01.txt,scrape_output\clean\中華民國公有領域\第三次近卫声明\第三次近卫声明__juan_01.txt,670,669,0,separate,0.3704647676161919,wenyan-like,667,0.022488755622188907,0.06896551724137931,43.46666666666667,0,0
中華民國公有領域,1108700,第四作戰區年度「重砲射擊訓練」 展現部隊堅實戰力,第四作戰區年度「重砲射擊訓練」 展現部隊堅實戰力,第四作戰區年度「重砲射擊訓練」 展現部隊堅實戰力,1,scrape_output\suspected_baihua\raw\中華民國公有領域\第四作戰區年度「重砲射擊訓練」 展現部隊堅實戰力\第四作戰區年度「重砲射擊訓練」 展現部隊堅實戰力__juan_01.txt,scrape_output\suspected_baihua\clean\中華民國公有領域\第四作戰區年度「重砲射擊訓練」 展現部隊堅實戰力\第四作戰區年度「重砲射擊訓練」 展現部隊堅實戰力__juan_01.txt,745,694,0,separate,-0.06763285024154589,baihua-like,621,0.03542673107890499,0.01932367149758454,14.829268292682928,0,0
中華民國公有領域,1129782,節約刻苦與提高人民生活,節約刻苦與提高人民生活,節約刻苦與提高人民生活,1,scrape_output\raw\中華民國公有領域\節約刻苦與提高人民生活\節約刻苦與提高人民生活__juan_01.txt,scrape_output\clean\中華民國公有領域\節約刻苦與提高人民生活\節約刻苦與提高人民生活__juan_01.txt,2034,1934,0,separate,0.15698689956331877,wenyan-like,1832,0.07532751091703056,0.04148471615720524,29.540983606557376,0,0
中華民國公有領域,9657,給清華人的一封公開信 - 關於國立清華大學與國立交通大學合併事宜,給清華人的一封公開信 - 關於國立清華大學與國立交通大學合併事宜,給清華人的一封公開信 - 關於國立清華大學與國立交通大學合併事宜,1,scrape_output\suspected_baihua\raw\中華民國公有領域\給清華人的一封公開信 - 關於國立清華大學與國立交通大學合併事宜\給清華人的一封公開信 - 關於國立清華大學與國立交通大學合併事宜__juan_01.txt,scrape_output\suspected_baihua\clean\中華民國公有領域\給清華人的一封公開信 - 關於國立清華大學與國立交通大學合併事宜\給清華人的一封公開信 - 關於國立清華大學與國立交通大學合併事宜__juan_01.txt,9655,9478,0,separate,-0.030105444372713563,baihua-like,9294,0.11663438777706046,0.009898859479233914,41.23981900452489,0,0
中華民國公有領域,1210210,統一政府辦法,統一政府辦法,統一政府辦法,1,scrape_output\suspected_baihua\raw\中華民國公有領域\統一政府辦法\統一政府辦法__juan_01.txt,scrape_output\suspected_baihua\clean\中華民國公有領域\統一政府辦法\統一政府辦法__juan_01.txt,1178,1055,0,separate,-0.0733549083063646,baihua-like,927,0.038834951456310676,0.021574973031283712,14.950819672131148,0,0
中華民國公有領域,1085878,縮小省區提案理由書,縮小省區提案理由書,縮小省區提案理由書,1,scrape_output\raw\中華民國公有領域\縮小省區提案理由書\縮小省區提案理由書__juan_01.txt,scrape_output\clean\中華民國公有領域\縮小省區提案理由書\縮小省區提案理由書__juan_01.txt,2494,2405,0,separate,0.2107538802660754,wenyan-like,2255,0.019955654101995565,0.06031042128603104,21.97029702970297,0,0
中華民國公有領域,192161,總統對中華文化復興運動推行委員會第 7次全體委員會議訓詞,總統對中華文化復興運動推行委員會第 7次全體委員會議訓詞,總統對中華文化復興運動推行委員會第 7次全體委員會議訓詞,1,scrape_output\raw\中華民國公有領域\總統對中華文化復興運動推行委員會第 7次全體委員會議訓詞\總統對中華文化復興運動推行委員會第 7次全體委員會議訓詞__juan_01.txt,scrape_output\clean\中華民國公有領域\總統對中華文化復興運動推行委員會第 7次全體委員會議訓詞\總統對中華文化復興運動推行委員會第 7次全體委員會議訓詞__juan_01.txt,1172,1129,0,separate,0.0783018867924528,wenyan-like,1060,0.052830188679245285,0.04339622641509434,22.955555555555556,0,0
中華民國公有領域,201270,總統府公布「國家年金改革委員會委員名單」,總統府公布「國家年金改革委員會委員名單」,總統府公布「國家年金改革委員會委員名單」,1,scrape_output\raw\中華民國公有領域\總統府公布「國家年金改革委員會委員名單」\總統府公布「國家年金改革委員會委員名單」__juan_01.txt,scrape_output\clean\中華民國公有領域\總統府公布「國家年金改革委員會委員名單」\總統府公布「國家年金改革委員會委員名單」__juan_01.txt,1327,1270,0,separate,0.2900579950289975,wenyan-like,1207,0.013256006628003313,0.014913007456503728,36.121212121212125,0,0
中華民國公有領域,1150936,總統發表「大陸『識正書簡』的文化意涵」乙文,總統發表「大陸『識正書簡』的文化意涵」乙文,總統發表「大陸『識正書簡』的文化意涵」乙文,1,scrape_output\raw\中華民國公有領域\總統發表「大陸『識正書簡』的文化意涵」乙文\總統發表「大陸『識正書簡』的文化意涵」乙文__juan_01.txt,scrape_output\clean\中華民國公有領域\總統發表「大陸『識正書簡』的文化意涵」乙文\總統發表「大陸『識正書簡』的文化意涵」乙文__juan_01.txt,5991,5604,0,separate,0.10007397817643796,wenyan-like,5407,0.0763824671721842,0.014610689846495283,30.46551724137931,0,0
中華民國公有領域,1084632,總統蒞臨中華民國一一○年國慶大會致詞,總統蒞臨中華民國一一○年國慶大會致詞,總統蒞臨中華民國一一○年國慶大會致詞,1,scrape_output\suspected_baihua\raw\中華民國公有領域\總統蒞臨中華民國一一○年國慶大會致詞\總統蒞臨中華民國一一○年國慶大會致詞__juan_01.txt,scrape_output\suspected_baihua\clean\中華民國公有領域\總統蒞臨中華民國一一○年國慶大會致詞\總統蒞臨中華民國一一○年國慶大會致詞__juan_01.txt,5340,5241,0,separate,-0.30634888021368406,baihua-like,4867,0.11033490856790631,0.012327922745017464,14.918238993710691,0,0
中華民國公有領域,1113787,總統蒞臨中華民國一一一年國慶大會致詞,總統蒞臨中華民國一一一年國慶大會致詞,總統蒞臨中華民國一一一年國慶大會致詞,1,scrape_output\raw\中華民國公有領域\總統蒞臨中華民國一一一年國慶大會致詞\總統蒞臨中華民國一一一年國慶大會致詞__juan_01.txt,scrape_output\clean\中華民國公有領域\總統蒞臨中華民國一一一年國慶大會致詞\總統蒞臨中華民國一一一年國慶大會致詞__juan_01.txt,5487,5406,0,separate,0.03526011560693637,wenyan-like,5190,0.09672447013487476,0.012716763005780347,31.41614906832298,0,0
中華民國公有領域,1188346,總統蒞臨中華民國一一三年國慶大會致詞,總統蒞臨中華民國一一三年國慶大會致詞,總統蒞臨中華民國一一三年國慶大會致詞,1,scrape_output\raw\中華民國公有領域\總統蒞臨中華民國一一三年國慶大會致詞\總統蒞臨中華民國一一三年國慶大會致詞__juan_01.txt,scrape_output\clean\中華民國公有領域\總統蒞臨中華民國一一三年國慶大會致詞\總統蒞臨中華民國一一三年國慶大會致詞__juan_01.txt,4026,3884,0,separate,0.13435911158683433,wenyan-like,3737,0.06341985549906343,0.01230933904201231,34.11214953271028,0,0
中華民國公有領域,1138377,總統蒞臨中華民國一一二年國慶大會致詞,總統蒞臨中華民國一一二年國慶大會致詞,總統蒞臨中華民國一一二年國慶大會致詞,1,scrape_output\raw\中華民國公有領域\總統蒞臨中華民國一一二年國慶大會致詞\總統蒞臨中華民國一一二年國慶大會致詞__juan_01.txt,scrape_output\clean\中華民國公有領域\總統蒞臨中華民國一一二年國慶大會致詞\總統蒞臨中華民國一一二年國慶大會致詞__juan_01.txt,4244,4131,0,separate,0.10247537256883052,wenyan-like,3959,0.07779742359181611,0.01793382167213943,31.647540983606557,0,0
中華民國公有領域,1142952,總統蒞臨中華民國八十五年國慶大會致詞,總統蒞臨中華民國八十五年國慶大會致詞,總統蒞臨中華民國八十五年國慶大會致詞,1,scrape_output\suspected_baihua\raw\中華民國公有領域\總統蒞臨中華民國八十五年國慶大會致詞\總統蒞臨中華民國八十五年國慶大會致詞__juan_01.txt,scrape_output\suspected_baihua\clean\中華民國公有領域\總統蒞臨中華民國八十五年國慶大會致詞\總統蒞臨中華民國八十五年國慶大會致詞__juan_01.txt,1227,1184,0,separate,-0.00031503150315032036,baihua-like,1111,0.06030603060306031,0.0153015301530153,24.704545454545453,0,0
中華民國公有領域,1201234,總統針對政府因應美國關稅政策發表談話,總統針對政府因應美國關稅政策發表談話,總統針對政府因應美國關稅政策發表談話,1,scrape_output\raw\中華民國公有領域\總統針對政府因應美國關稅政策發表談話\總統針對政府因應美國關稅政策發表談話__juan_01.txt,scrape_output\clean\中華民國公有領域\總統針對政府因應美國關稅政策發表談話\總統針對政府因應美國關稅政策發表談話__juan_01.txt,2292,2210,0,separate,0.13325438180956892,wenyan-like,2111,0.06631927996210327,0.016106110847939364,33.950819672131146,0,0
中華民國公有領域,1180369,美利坚合众国、比利时、英国及法国与德国关于萊因河流域軍事占領的协定,美利坚合众国、比利时、英国及法国与德国关于萊因河流域軍事占領的协定,美利坚合众国、比利时、英国及法国与德国关于萊因河流域軍事占領的协定,1,scrape_output\raw\中華民國公有領域\美利坚合众国、比利时、英国及法国与德国关于萊因河流域軍事占領的协定\美利坚合众国、比利时、英国及法国与德国关于萊因河流域軍事占領的协定__juan_01.txt,scrape_output\clean\中華民國公有領域\美利坚合众国、比利时、英国及法国与德国关于萊因河流域軍事占領的协定\美利坚合众国、比利时、英国及法国与德国关于萊因河流域軍事占領的协定__juan_01.txt,2571,2533,0,separate,0.1486646884272997,wenyan-like,2359,0.05637982195845697,0.008902077151335312,36.682539682539684,0,0
中華民國公有領域,1108218,美國聯邦眾議院議長裴洛西結束訪台行程，成果豐碩，並重申美國對台堅定支持,美國聯邦眾議院議長裴洛西結束訪台行程，成果豐碩，並重申美國對台堅定支持,美國聯邦眾議院議長裴洛西結束訪台行程，成果豐碩，並重申美國對台堅定支持,1,scrape_output\suspected_baihua\raw\中華民國公有領域\美國聯邦眾議院議長裴洛西結束訪台行程，成果豐碩，並重申美國對台堅定支持\美國聯邦眾議院議長裴洛西結束訪台行程，成果豐碩，並重申美國對台堅定支持__juan_01.txt,scrape_output\suspected_baihua\clean\中華民國公有領域\美國聯邦眾議院議長裴洛西結束訪台行程，成果豐碩，並重申美國對台堅定支持\美國聯邦眾議院議長裴洛西結束訪台行程，成果豐碩，並重申美國對台堅定支持__juan_01.txt,1112,1033,0,separate,-0.07549234135667396,baihua-like,914,0.036105032822757115,0.016411378555798686,10.418604651162791,0,0
中華民國公有領域,1188318,联合王国政府与苏維埃社会主义共和国联盟政府为对德作战采取联合行动的协定,联合王国政府与苏維埃社会主义共和国联盟政府为对德作战采取联合行动的协定,联合王国政府与苏維埃社会主义共和国联盟政府为对德作战采取联合行动的协定,1,scrape_output\raw\中華民國公有領域\联合王国政府与苏維埃社会主义共和国联盟政府为对德作战采取联合行动的协定\联合王国政府与苏維埃社会主义共和国联盟政府为对德作战采取联合行动的协定__juan_01.txt,scrape_output\clean\中華民國公有領域\联合王国政府与苏維埃社会主义共和国联盟政府为对德作战采取联合行动的协定\联合王国政府与苏維埃社会主义共和国联盟政府为对德作战采取联合行动的协定__juan_01.txt,441,424,0,separate,0.1270408163265306,wenyan-like,392,0.012755102040816327,0.007653061224489796,21.38888888888889,0,0
中華民國公有領域,1213614,腹案大綱,腹案大綱,腹案大綱,1,scrape_output\raw\中華民國公有領域\腹案大綱\腹案大綱__juan_01.txt,scrape_output\clean\中華民國公有領域\腹案大綱\腹案大綱__juan_01.txt,3362,3296,0,separate,0.1542497548218372,wenyan-like,3059,0.020594965675057208,0.03301732592350441,19.37012987012987,0,0
中華民國公有領域,1217632,臨時執政令,臨時執政令,臨時執政令,1,scrape_output\suspected_baihua\raw\中華民國公有領域\臨時執政令\臨時執政令__juan_01.txt,scrape_output\suspected_baihua\clean\中華民國公有領域\臨時執政令\臨時執政令__juan_01.txt,790,715,0,separate,-0.042925278219395874,baihua-like,629,0.02702702702702703,0.019077901430842606,12.875,0,0
中華民國公有領域,1093123,臨時大總統改曆改元通電,臨時大總統改曆改元通電,臨時大總統改曆改元通電,1,scrape_output\suspected_baihua\raw\中華民國公有領域\臨時大總統改曆改元通電\臨時大總統改曆改元通電__juan_01.txt,scrape_output\suspected_baihua\clean\中華民國公有領域\臨時大總統改曆改元通電\臨時大總統改曆改元通電__juan_01.txt,507,464,0,separate,-0.049627791563275445,baihua-like,403,0.034739454094292806,0.02729528535980149,11.411764705882353,0,0
中華民國公有領域,1149527,自衛抗戰聲明書,自衛抗戰聲明書,自衛抗戰聲明書,1,scrape_output\raw\中華民國公有領域\自衛抗戰聲明書\自衛抗戰聲明書__juan_01.txt,scrape_output\clean\中華民國公有領域\自衛抗戰聲明書\自衛抗戰聲明書__juan_01.txt,2522,2479,0,separate,0.35047976637463496,wenyan-like,2397,0.02127659574468085,0.05715477680433876,29.68354430379747,0,0
中華民國公有領域,11194,致何應欽部長指示對日方略電,致何應欽部長指示對日方略電,致何應欽部長指示對日方略電,1,scrape_output\suspected_baihua\raw\中華民國公有領域\致何應欽部長指示對日方略電\致何應欽部長指示對日方略電__juan_01.txt,scrape_output\suspected_baihua\clean\中華民國公有領域\致何應欽部長指示對日方略電\致何應欽部長指示對日方略電__juan_01.txt,479,436,0,separate,-0.055999999999999994,baihua-like,375,0.04,0.032,12.133333333333333,0,0
中華民國公有領域,1108209,致國務院國徽擬圖說明書 (民國元年8月),致國務院國徽擬圖說明書 (民國元年8月),致國務院國徽擬圖說明書 (民國元年8月),1,scrape_output\raw\中華民國公有領域\致國務院國徽擬圖說明書 (民國元年8月)\致國務院國徽擬圖說明書 (民國元年8月)__juan_01.txt,scrape_output\clean\中華民國公有領域\致國務院國徽擬圖說明書 (民國元年8月)\致國務院國徽擬圖說明書 (民國元年8月)__juan_01.txt,1132,1089,0,separate,0.2385214007782101,wenyan-like,1028,0.020428015564202335,0.07490272373540856,16.18032786885246,0,0
中華民國公有領域,176480,致謝巴西承認中華民國國書,致謝巴西承認中華民國國書,致謝巴西承認中華民國國書,1,scrape_output\suspected_baihua\raw\中華民國公有領域\致謝巴西承認中華民國國書\致謝巴西承認中華民國國書__juan_01.txt,scrape_output\suspected_baihua\clean\中華民國公有領域\致謝巴西承認中華民國國書\致謝巴西承認中華民國國書__juan_01.txt,569,525,0,separate,-0.025974025974025983,baihua-like,462,0.03463203463203463,0.03896103896103896,14.03125,0,0
中華民國公有領域,176479,致謝美國承認中華民國國書,致謝美國承認中華民國國書,致謝美國承認中華民國國書,1,scrape_output\raw\中華民國公有領域\致謝美國承認中華民國國書\致謝美國承認中華民國國書__juan_01.txt,scrape_output\clean\中華民國公有領域\致謝美國承認中華民國國書\致謝美國承認中華民國國書__juan_01.txt,670,627,0,separate,0.16428571428571428,wenyan-like,560,0.02857142857142857,0.05,15.6,0,0
中華民國公有領域,1132492,臺中地檢署偵辦夏姓被告父子被訴涉嫌殺人等案件偵查終結說明,臺中地檢署偵辦夏姓被告父子被訴涉嫌殺人等案件偵查終結說明,臺中地檢署偵辦夏姓被告父子被訴涉嫌殺人等案件偵查終結說明,1,scrape_output\raw\中華民國公有領域\臺中地檢署偵辦夏姓被告父子被訴涉嫌殺人等案件偵查終結說明\臺中地檢署偵辦夏姓被告父子被訴涉嫌殺人等案件偵查終結說明__juan_01.txt,scrape_output\clean\中華民國公有領域\臺中地檢署偵辦夏姓被告父子被訴涉嫌殺人等案件偵查終結說明\臺中地檢署偵辦夏姓被告父子被訴涉嫌殺人等案件偵查終結說明__juan_01.txt,3892,3705,0,separate,0.31033519553072625,wenyan-like,3580,0.034916201117318434,0.057541899441340784,47.2,0,0
中華民國公有領域,1003991,臺北地檢署1081205澄清媒體報導-不追金流共犯-檢怕捅馬蜂窩-新聞稿,臺北地檢署1081205澄清媒體報導-不追金流共犯-檢怕捅馬蜂窩-新聞稿,臺北地檢署1081205澄清媒體報導-不追金流共犯-檢怕捅馬蜂窩-新聞稿,1,scrape_output\raw\中華民國公有領域\臺北地檢署1081205澄清媒體報導-不追金流共犯-檢怕捅馬蜂窩-新聞稿\臺北地檢署1081205澄清媒體報導-不追金流共犯-檢怕捅馬蜂窩-新聞稿__juan_01.txt,scrape_output\clean\中華民國公有領域\臺北地檢署1081205澄清媒體報導-不追金流共犯-檢怕捅馬蜂窩-新聞稿\臺北地檢署1081205澄清媒體報導-不追金流共犯-檢怕捅馬蜂窩-新聞稿__juan_01.txt,697,635,0,separate,0.08497363796133567,wenyan-like,569,0.04745166959578207,0.03866432337434095,18.06451612903226,0,0
中華民國公有領域,1005458,臺北地檢署1081218有關董ｏｏ公然恐嚇依法執行職務公務員之行為-臺北地檢署嚴正聲明新聞稿,臺北地檢署1081218有關董ｏｏ公然恐嚇依法執行職務公務員之行為-臺北地檢署嚴正聲明新聞稿,臺北地檢署1081218有關董ｏｏ公然恐嚇依法執行職務公務員之行為-臺北地檢署嚴正聲明新聞稿,1,scrape_output\raw\中華民國公有領域\臺北地檢署1081218有關董ｏｏ公然恐嚇依法執行職務公務員之行為-臺北地檢署嚴正聲明新聞稿\臺北地檢署1081218有關董ｏｏ公然恐嚇依法執行職務公務員之行為-臺北地檢署嚴正聲明新聞稿__juan_01.txt,scrape_output\clean\中華民國公有領域\臺北地檢署1081218有關董ｏｏ公然恐嚇依法執行職務公務員之行為-臺北地檢署嚴正聲明新聞稿\臺北地檢署1081218有關董ｏｏ公然恐嚇依法執行職務公務員之行為-臺北地檢署嚴正聲明新聞稿__juan_01.txt,710,657,0,separate,0.09197952218430033,wenyan-like,586,0.03754266211604096,0.027303754266211604,15.916666666666666,0,0
中華民國公有領域,329420,臺北市政府單一陳情系統回復信 (W10-1060109-00390),臺北市政府單一陳情系統回復信 (W10-1060109-00390),臺北市政府單一陳情系統回復信 (W10-1060109-00390),1,scrape_output\raw\中華民國公有領域\臺北市政府單一陳情系統回復信 (W10-1060109-00390)\臺北市政府單一陳情系統回復信 (W10-1060109-00390)__juan_01.txt,scrape_output\clean\中華民國公有領域\臺北市政府單一陳情系統回復信 (W10-1060109-00390)\臺北市政府單一陳情系統回復信 (W10-1060109-00390)__juan_01.txt,888,792,0,separate,0.11045197740112994,wenyan-like,708,0.025423728813559324,0.018361581920903956,16.642857142857142,0,0
中華民國公有領域,1052091,臺北市政府單一陳情系統回復通知信(W10-1100118-00142),臺北市政府單一陳情系統回復通知信(W10-1100118-00142),臺北市政府單一陳情系統回復通知信(W10-1100118-00142),1,scrape_output\suspected_baihua\raw\中華民國公有領域\臺北市政府單一陳情系統回復通知信(W10-1100118-00142)\臺北市政府單一陳情系統回復通知信(W10-1100118-00142)__juan_01.txt,scrape_output\suspected_baihua\clean\中華民國公有領域\臺北市政府單一陳情系統回復通知信(W10-1100118-00142)\臺北市政府單一陳情系統回復通知信(W10-1100118-00142)__juan_01.txt,929,840,0,separate,-0.049731182795698915,baihua-like,744,0.033602150537634407,0.025537634408602152,14.89795918367347,0,0
中華民國公有領域,1131657,臺北市政府單一陳情系統回復通知信(W10-1120515-00035),臺北市政府單一陳情系統回復通知信(W10-1120515-00035),臺北市政府單一陳情系統回復通知信(W10-1120515-00035),1,scrape_output\raw\中華民國公有領域\臺北市政府單一陳情系統回復通知信(W10-1120515-00035)\臺北市政府單一陳情系統回復通知信(W10-1120515-00035)__juan_01.txt,scrape_output\clean\中華民國公有領域\臺北市政府單一陳情系統回復通知信(W10-1120515-00035)\臺北市政府單一陳情系統回復通知信(W10-1120515-00035)__juan_01.txt,1544,1308,0,separate,0.13655462184873948,wenyan-like,1190,0.01680672268907563,0.018487394957983194,20.224137931034484,0,0
中華民國公有領域,1132181,臺北市政府單一陳情系統回復通知信(W10-1120524-00088),臺北市政府單一陳情系統回復通知信(W10-1120524-00088),臺北市政府單一陳情系統回復通知信(W10-1120524-00088),1,scrape_output\raw\中華民國公有領域\臺北市政府單一陳情系統回復通知信(W10-1120524-00088)\臺北市政府單一陳情系統回復通知信(W10-1120524-00088)__juan_01.txt,scrape_output\clean\中華民國公有領域\臺北市政府單一陳情系統回復通知信(W10-1120524-00088)\臺北市政府單一陳情系統回復通知信(W10-1120524-00088)__juan_01.txt,1206,1018,0,separate,0.12186147186147187,wenyan-like,924,0.023809523809523808,0.021645021645021644,18.53061224489796,0,0
中華民國公有領域,192145,臺北市政府府人任字第10430250800號聘書,臺北市政府府人任字第10430250800號聘書,臺北市政府府人任字第10430250800號聘書,1,scrape_output\suspected_baihua\raw\中華民國公有領域\臺北市政府府人任字第10430250800號聘書\臺北市政府府人任字第10430250800號聘書__juan_01.txt,scrape_output\suspected_baihua\clean\中華民國公有領域\臺北市政府府人任字第10430250800號聘書\臺北市政府府人任字第10430250800號聘書__juan_01.txt,512,450,0,separate,-0.05376344086021506,baihua-like,372,0.03763440860215054,0.02956989247311828,10.911764705882353,0,0
中華民國公有領域,1210492,臺北市政府教育局113年全年度施政報告,臺北市政府教育局113年全年度施政報告,臺北市政府教育局113年全年度施政報告,1,scrape_output\raw\中華民國公有領域\臺北市政府教育局113年全年度施政報告\臺北市政府教育局113年全年度施政報告__juan_01.txt,scrape_output\clean\中華民國公有領域\臺北市政府教育局113年全年度施政報告\臺北市政府教育局113年全年度施政報告__juan_01.txt,20348,17425,0,separate,0.27859380438565956,wenyan-like,17238,0.011544262675484395,0.006613296206056387,71.87763713080169,0,0
中華民國公有領域,887797,臺北市政府衛生局說明網紅影片裁處結果 依藥事法各罰理科太太與慧智基因公司20萬元,臺北市政府衛生局說明網紅影片裁處結果 依藥事法各罰理科太太與慧智基因公司20萬元,臺北市政府衛生局說明網紅影片裁處結果 依藥事法各罰理科太太與慧智基因公司20萬元,1,scrape_output\raw\中華民國公有領域\臺北市政府衛生局說明網紅影片裁處結果 依藥事法各罰理科太太與慧智基因公司20萬元\臺北市政府衛生局說明網紅影片裁處結果 依藥事法各罰理科太太與慧智基因公司20萬元__juan_01.txt,scrape_output\clean\中華民國公有領域\臺北市政府衛生局說明網紅影片裁處結果 依藥事法各罰理科太太與慧智基因公司20萬元\臺北市政府衛生局說明網紅影片裁處結果 依藥事法各罰理科太太與慧智基因公司20萬元__juan_01.txt,1663,1461,0,separate,0.2834413246940245,wenyan-like,1389,0.017998560115190784,0.018718502519798418,33.390243902439025,0,0
中華民國公有領域,758542,臺北市政府警察局內湖分局102.12.24北市警內分交字第10237256600號,臺北市政府警察局內湖分局102.12.24北市警內分交字第10237256600號,臺北市政府警察局內湖分局102.12.24北市警內分交字第10237256600號,1,scrape_output\raw\中華民國公有領域\臺北市政府警察局內湖分局102.12.24北市警內分交字第10237256600號\臺北市政府警察局內湖分局102.12.24北市警內分交字第10237256600號__juan_01.txt,scrape_output\clean\中華民國公有領域\臺北市政府警察局內湖分局102.12.24北市警內分交字第10237256600號\臺北市政府警察局內湖分局102.12.24北市警內分交字第10237256600號__juan_01.txt,1051,959,0,separate,0.134036488027366,wenyan-like,877,0.02280501710376283,0.026225769669327253,20.523809523809526,0,0
中華民國公有領域,1210533,臺師大女足球員疑被迫接受運動實驗抽血 監察委員蔡崇義、賴鼎銘申請自動調查,臺師大女足球員疑被迫接受運動實驗抽血 監察委員蔡崇義、賴鼎銘申請自動調查,臺師大女足球員疑被迫接受運動實驗抽血 監察委員蔡崇義、賴鼎銘申請自動調查,1,scrape_output\suspected_baihua\raw\中華民國公有領域\臺師大女足球員疑被迫接受運動實驗抽血 監察委員蔡崇義、賴鼎銘申請自動調查\臺師大女足球員疑被迫接受運動實驗抽血 監察委員蔡崇義、賴鼎銘申請自動調查__juan_01.txt,scrape_output\suspected_baihua\clean\中華民國公有領域\臺師大女足球員疑被迫接受運動實驗抽血 監察委員蔡崇義、賴鼎銘申請自動調查\臺師大女足球員疑被迫接受運動實驗抽血 監察委員蔡崇義、賴鼎銘申請自動調查__juan_01.txt,656,613,0,separate,-0.029090909090909098,baihua-like,550,0.02909090909090909,0.02909090909090909,14.805555555555555,0,0
中華民國公有領域,1110765,臺灣屏東地方檢察署110年度偵字第3870號,臺灣屏東地方檢察署110年度偵字第3870號,臺灣屏東地方檢察署110年度偵字第3870號,1,scrape_output\raw\中華民國公有領域\臺灣屏東地方檢察署110年度偵字第3870號\臺灣屏東地方檢察署110年度偵字第3870號__juan_01.txt,scrape_output\clean\中華民國公有領域\臺灣屏東地方檢察署110年度偵字第3870號\臺灣屏東地方檢察署110年度偵字第3870號__juan_01.txt,1765,1604,0,separate,0.1476905311778291,wenyan-like,1299,0.02386451116243264,0.03464203233256351,21.26984126984127,0,0
中華民國公有領域,186408,臺灣文藝聯盟章程,臺灣文藝聯盟章程,臺灣文藝聯盟章程,1,scrape_output\raw\中華民國公有領域\臺灣文藝聯盟章程\臺灣文藝聯盟章程__juan_01.txt,scrape_output\clean\中華民國公有領域\臺灣文藝聯盟章程\臺灣文藝聯盟章程__juan_01.txt,1184,1134,0,separate,0.16588877855014894,wenyan-like,1007,0.023833167825223437,0.04369414101290963,21.122448979591837,0,0
中華民國公有領域,345848,臺灣省光復一週年紀念告全省同胞書,臺灣省光復一週年紀念告全省同胞書,臺灣省光復一週年紀念告全省同胞書,1,scrape_output\raw\中華民國公有領域\臺灣省光復一週年紀念告全省同胞書\臺灣省光復一週年紀念告全省同胞書__juan_01.txt,scrape_output\clean\中華民國公有領域\臺灣省光復一週年紀念告全省同胞書\臺灣省光復一週年紀念告全省同胞書__juan_01.txt,2617,2574,0,separate,0.07893472166599919,wenyan-like,2497,0.08650380456547857,0.01922306768121746,40.983333333333334,0,0
中華民國公有領域,1093225,臺灣省光復十三週年紀念告全省同胞書,臺灣省光復十三週年紀念告全省同胞書,臺灣省光復十三週年紀念告全省同胞書,1,scrape_output\suspected_baihua\raw\中華民國公有領域\臺灣省光復十三週年紀念告全省同胞書\臺灣省光復十三週年紀念告全省同胞書__juan_01.txt,scrape_output\suspected_baihua\clean\中華民國公有領域\臺灣省光復十三週年紀念告全省同胞書\臺灣省光復十三週年紀念告全省同胞書__juan_01.txt,1713,1669,0,separate,-0.03570516911295468,baihua-like,1567,0.07211231652839821,0.015315890236119975,19.98701298701299,0,0
中華民國公有領域,11055,臺灣省光復四週年紀念告全省同胞書,臺灣省光復四週年紀念告全省同胞書,臺灣省光復四週年紀念告全省同胞書,1,scrape_output\raw\中華民國公有領域\臺灣省光復四週年紀念告全省同胞書\臺灣省光復四週年紀念告全省同胞書__juan_01.txt,scrape_output\clean\中華民國公有領域\臺灣省光復四週年紀念告全省同胞書\臺灣省光復四週年紀念告全省同胞書__juan_01.txt,2839,2795,0,separate,0.11990345339769773,wenyan-like,2693,0.07018195321203119,0.015224656516895656,33.91025641025641,0,0
中華民國公有領域,1214232,臺灣省政府88府交三字第146420號公告,臺灣省政府88府交三字第146420號公告,臺灣省政府88府交三字第146420號公告,1,scrape_output\suspected_baihua\raw\中華民國公有領域\臺灣省政府88府交三字第146420號公告\臺灣省政府88府交三字第146420號公告__juan_01.txt,scrape_output\suspected_baihua\clean\中華民國公有領域\臺灣省政府88府交三字第146420號公告\臺灣省政府88府交三字第146420號公告__juan_01.txt,698,655,0,separate,-0.03986135181975736,baihua-like,577,0.025996533795493933,0.019064124783362217,13.731707317073171,0,0
中華民國公有領域,1169516,臺灣臺北地方檢察署112年度偵字第4187號,臺灣臺北地方檢察署112年度偵字第4187號,臺灣臺北地方檢察署112年度偵字第4187號,1,scrape_output\raw\中華民國公有領域\臺灣臺北地方檢察署112年度偵字第4187號\臺灣臺北地方檢察署112年度偵字第4187號__juan_01.txt,scrape_output\clean\中華民國公有領域\臺灣臺北地方檢察署112年度偵字第4187號\臺灣臺北地方檢察署112年度偵字第4187號__juan_01.txt,13759,12880,0,separate,0.27194119506797343,wenyan-like,12652,0.03311729370850459,0.0356465380967436,71.51136363636364,0,0
中華民國公有領域,1186875,臺灣臺北地方檢察署113年度偵字第30939號等檢察官起訴書,臺灣臺北地方檢察署113年度偵字第30939號等檢察官起訴書,臺灣臺北地方檢察署113年度偵字第30939號等檢察官起訴書,1,scrape_output\raw\中華民國公有領域\臺灣臺北地方檢察署113年度偵字第30939號等檢察官起訴書\臺灣臺北地方檢察署113年度偵字第30939號等檢察官起訴書__juan_01.txt,scrape_output\clean\中華民國公有領域\臺灣臺北地方檢察署113年度偵字第30939號等檢察官起訴書\臺灣臺北地方檢察署113年度偵字第30939號等檢察官起訴書__juan_01.txt,2627,2420,0,separate,0.12465788139888495,wenyan-like,1973,0.02331474911302585,0.022301064368981247,18.245454545454546,0,0
中華民國公有領域,1188756,臺灣臺北地方檢察署檢察官113年度偵續字第168號起訴書,臺灣臺北地方檢察署檢察官113年度偵續字第168號起訴書,臺灣臺北地方檢察署檢察官113年度偵續字第168號起訴書,1,scrape_output\raw\中華民國公有領域\臺灣臺北地方檢察署檢察官113年度偵續字第168號起訴書\臺灣臺北地方檢察署檢察官113年度偵續字第168號起訴書__juan_01.txt,scrape_output\clean\中華民國公有領域\臺灣臺北地方檢察署檢察官113年度偵續字第168號起訴書\臺灣臺北地方檢察署檢察官113年度偵續字第168號起訴書__juan_01.txt,2091,1938,0,separate,0.3053222945002957,wenyan-like,1691,0.02188054405677114,0.03548196333530455,25.10144927536232,0,0
中華民國公有領域,114107,臺灣臺北地方法院新聞稿 (民國98年9月11日),臺灣臺北地方法院新聞稿 (民國98年9月11日),臺灣臺北地方法院新聞稿 (民國98年9月11日),1,scrape_output\raw\中華民國公有領域\臺灣臺北地方法院新聞稿 (民國98年9月11日)\臺灣臺北地方法院新聞稿 (民國98年9月11日)__juan_01.txt,scrape_output\clean\中華民國公有領域\臺灣臺北地方法院新聞稿 (民國98年9月11日)\臺灣臺北地方法院新聞稿 (民國98年9月11日)__juan_01.txt,83393,76140,0,separate,0.15809064176897647,wenyan-like,60193,0.01802535178509129,0.031083348562125163,20.419973100201748,0,0
中華民國公有領域,186412,臺灣藝術研究會會則,臺灣藝術研究會會則,臺灣藝術研究會會則,1,scrape_output\raw\中華民國公有領域\臺灣藝術研究會會則\臺灣藝術研究會會則__juan_01.txt,scrape_output\clean\中華民國公有領域\臺灣藝術研究會會則\臺灣藝術研究會會則__juan_01.txt,1108,1044,0,separate,0.08478260869565218,wenyan-like,966,0.042443064182194616,0.031055900621118012,21.477272727272727,0,0
中華民國公有領域,1202572,臺灣行政區域研究會報告書,臺灣行政區域研究會報告書,臺灣行政區域研究會報告書,1,scrape_output\raw\中華民國公有領域\臺灣行政區域研究會報告書\臺灣行政區域研究會報告書__juan_01.txt,scrape_output\clean\中華民國公有領域\臺灣行政區域研究會報告書\臺灣行政區域研究會報告書__juan_01.txt,4705,4634,0,separate,0.3291111111111111,wenyan-like,4500,0.021111111111111112,0.04622222222222222,26.9079754601227,0,0
中華民國公有領域,1202676,臺灣調查委員會行政區域研究會第一次會議紀錄,臺灣調查委員會行政區域研究會第一次會議紀錄,臺灣調查委員會行政區域研究會第一次會議紀錄,1,scrape_output\suspected_baihua\raw\中華民國公有領域\臺灣調查委員會行政區域研究會第一次會議紀錄\臺灣調查委員會行政區域研究會第一次會議紀錄__juan_01.txt,scrape_output\suspected_baihua\clean\中華民國公有領域\臺灣調查委員會行政區域研究會第一次會議紀錄\臺灣調查委員會行政區域研究會第一次會議紀錄__juan_01.txt,2430,2373,0,separate,-0.02426273458445044,baihua-like,2238,0.06702412868632708,0.013404825737265416,21.544554455445546,0,0
中華民國公有領域,1202705,臺灣調查委員會行政區域研究會第三次會議紀錄,臺灣調查委員會行政區域研究會第三次會議紀錄,臺灣調查委員會行政區域研究會第三次會議紀錄,1,scrape_output\suspected_baihua\raw\中華民國公有領域\臺灣調查委員會行政區域研究會第三次會議紀錄\臺灣調查委員會行政區域研究會第三次會議紀錄__juan_01.txt,scrape_output\suspected_baihua\clean\中華民國公有領域\臺灣調查委員會行政區域研究會第三次會議紀錄\臺灣調查委員會行政區域研究會第三次會議紀錄__juan_01.txt,1314,1246,0,separate,-0.018953068592057764,baihua-like,1108,0.015342960288808664,0.013537906137184115,12.761904761904763,0,0
中華民國公有領域,1202702,臺灣調查委員會行政區域研究會第二次會議紀錄,臺灣調查委員會行政區域研究會第二次會議紀錄,臺灣調查委員會行政區域研究會第二次會議紀錄,1,scrape_output\suspected_baihua\raw\中華民國公有領域\臺灣調查委員會行政區域研究會第二次會議紀錄\臺灣調查委員會行政區域研究會第二次會議紀錄__juan_01.txt,scrape_output\suspected_baihua\clean\中華民國公有領域\臺灣調查委員會行政區域研究會第二次會議紀錄\臺灣調查委員會行政區域研究會第二次會議紀錄__juan_01.txt,1061,1012,0,separate,-0.06077348066298342,baihua-like,905,0.02983425414364641,0.014364640883977901,14.683333333333334,0,0
中華民國公有領域,1202707,臺灣調查委員會行政區域研究會第四次會議紀錄,臺灣調查委員會行政區域研究會第四次會議紀錄,臺灣調查委員會行政區域研究會第四次會議紀錄,1,scrape_output\suspected_baihua\raw\中華民國公有領域\臺灣調查委員會行政區域研究會第四次會議紀錄\臺灣調查委員會行政區域研究會第四次會議紀錄__juan_01.txt,scrape_output\suspected_baihua\clean\中華民國公有領域\臺灣調查委員會行政區域研究會第四次會議紀錄\臺灣調查委員會行政區域研究會第四次會議紀錄__juan_01.txt,714,668,0,separate,-0.05078809106830122,baihua-like,571,0.0297723292469352,0.01926444833625219,10.277777777777779,0,0
中華民國公有領域,885787,臺灣高等法院106年度矚上重訴字第4號被告翁仁賢家暴殺人案件之新聞稿,臺灣高等法院106年度矚上重訴字第4號被告翁仁賢家暴殺人案件之新聞稿,臺灣高等法院106年度矚上重訴字第4號被告翁仁賢家暴殺人案件之新聞稿,1,scrape_output\raw\中華民國公有領域\臺灣高等法院106年度矚上重訴字第4號被告翁仁賢家暴殺人案件之新聞稿\臺灣高等法院106年度矚上重訴字第4號被告翁仁賢家暴殺人案件之新聞稿__juan_01.txt,scrape_output\clean\中華民國公有領域\臺灣高等法院106年度矚上重訴字第4號被告翁仁賢家暴殺人案件之新聞稿\臺灣高等法院106年度矚上重訴字第4號被告翁仁賢家暴殺人案件之新聞稿__juan_01.txt,4722,4581,0,separate,0.2573565528019647,wenyan-like,4479,0.04710872962714892,0.049341370841705735,51.0,0,0
中華民國公有領域,1009678,臺美防疫夥伴關係聯合聲明,臺美防疫夥伴關係聯合聲明,臺美防疫夥伴關係聯合聲明,1,scrape_output\suspected_baihua\raw\中華民國公有領域\臺美防疫夥伴關係聯合聲明\臺美防疫夥伴關係聯合聲明__juan_01.txt,scrape_output\suspected_baihua\clean\中華民國公有領域\臺美防疫夥伴關係聯合聲明\臺美防疫夥伴關係聯合聲明__juan_01.txt,575,532,0,separate,-0.08026030368763559,baihua-like,461,0.0455531453362256,0.028199566160520606,12.857142857142858,0,0
中華民國公有領域,318685,臺菲雙方簽署《臺菲有關促進漁業事務執法合作協定》,臺菲雙方簽署《臺菲有關促進漁業事務執法合作協定》,臺菲雙方簽署《臺菲有關促進漁業事務執法合作協定》,1,scrape_output\raw\中華民國公有領域\臺菲雙方簽署《臺菲有關促進漁業事務執法合作協定》\臺菲雙方簽署《臺菲有關促進漁業事務執法合作協定》__juan_01.txt,scrape_output\clean\中華民國公有領域\臺菲雙方簽署《臺菲有關促進漁業事務執法合作協定》\臺菲雙方簽署《臺菲有關促進漁業事務執法合作協定》__juan_01.txt,1503,1202,0,separate,0.28823529411764703,wenyan-like,1105,0.019004524886877826,0.02262443438914027,27.024390243902438,0,0
中華民國公有領域,1216118,花蓮縣政府府社婦字第09601023110號公告,花蓮縣政府府社婦字第09601023110號公告,花蓮縣政府府社婦字第09601023110號公告,1,scrape_output\suspected_baihua\raw\中華民國公有領域\花蓮縣政府府社婦字第09601023110號公告\花蓮縣政府府社婦字第09601023110號公告__juan_01.txt,scrape_output\suspected_baihua\clean\中華民國公有領域\花蓮縣政府府社婦字第09601023110號公告\花蓮縣政府府社婦字第09601023110號公告__juan_01.txt,632,553,0,separate,-0.04185022026431717,baihua-like,454,0.03303964757709251,0.028634361233480177,12.944444444444445,0,0
中華民國公有領域,1188314,苏德互不侵犯条约,苏德互不侵犯条约,苏德互不侵犯条约,1,scrape_output\raw\中華民國公有領域\苏德互不侵犯条约\苏德互不侵犯条约__juan_01.txt,scrape_output\clean\中華民國公有領域\苏德互不侵犯条约\苏德互不侵犯条约__juan_01.txt,4138,3962,0,separate,0.1751314405888538,wenyan-like,3804,0.055467928496319666,0.020767613038906414,28.70769230769231,0,0
中華民國公有領域,1188317,苏日中立条约,苏日中立条约,苏日中立条约,1,scrape_output\raw\中華民國公有領域\苏日中立条约\苏日中立条约__juan_01.txt,scrape_output\clean\中華民國公有領域\苏日中立条约\苏日中立条约__juan_01.txt,2115,2032,0,separate,0.13690112130479104,wenyan-like,1962,0.06320081549439348,0.013251783893985729,31.016129032258064,0,0
中華民國公有領域,1183509,苏維埃社会主义共和国联盟宪法 (1936年),苏維埃社会主义共和国联盟宪法 (1936年)/1956年7月16日修正,苏維埃社会主义共和国联盟宪法 (1936年),1,scrape_output\raw\中華民國公有領域\苏維埃社会主义共和国联盟宪法 (1936年)\苏維埃社会主义共和国联盟宪法 (1936年)__juan_01.txt,scrape_output\clean\中華民國公有領域\苏維埃社会主义共和国联盟宪法 (1936年)\苏維埃社会主义共和国联盟宪法 (1936年)__juan_01.txt,13430,13220,0,separate,0.04674185463659147,wenyan-like,11970,0.039598997493734335,0.007769423558897243,22.957198443579767,0,0
中華民國公有領域,1183637,苏维埃社会主义共和国联盟宪法 (1936年),苏维埃社会主义共和国联盟宪法 (1936年)/1947年2月25日修正,苏维埃社会主义共和国联盟宪法 (1936年),1,scrape_output\raw\中華民國公有領域\苏维埃社会主义共和国联盟宪法 (1936年)\苏维埃社会主义共和国联盟宪法 (1936年)__juan_01.txt,scrape_output\clean\中華民國公有領域\苏维埃社会主义共和国联盟宪法 (1936年)\苏维埃社会主义共和国联盟宪法 (1936年)__juan_01.txt,12764,12668,0,separate,0.20455942622950818,wenyan-like,11712,0.007599043715846994,0.03867827868852459,23.507128309572302,0,0
中華民國公有領域,1180371,英国和法国关于未經挑衅而受德国侵略时援助法国的条約,英国和法国关于未經挑衅而受德国侵略时援助法国的条約,英国和法国关于未經挑衅而受德国侵略时援助法国的条約,1,scrape_output\raw\中華民國公有領域\英国和法国关于未經挑衅而受德国侵略时援助法国的条約\英国和法国关于未經挑衅而受德国侵略时援助法国的条約__juan_01.txt,scrape_output\clean\中華民國公有領域\英国和法国关于未經挑衅而受德国侵略时援助法国的条約\英国和法国关于未經挑衅而受德国侵略时援助法国的条約__juan_01.txt,1079,1045,0,separate,0.19200863930885528,wenyan-like,926,0.04103671706263499,0.00755939524838013,26.085714285714285,0,0
中華民國公有領域,164006,英國大憲章,英國大憲章,英國大憲章,1,scrape_output\raw\中華民國公有領域\英國大憲章\英國大憲章__juan_01.txt,scrape_output\clean\中華民國公有領域\英國大憲章\英國大憲章__juan_01.txt,6752,6716,0,separate,0.32812548292381394,wenyan-like,6471,0.03461597898315562,0.0659867099366404,33.808510638297875,0,0
中華民國公有領域,1188822,荷兰王国宪法 (1922年),荷兰王国宪法 (1922年),荷兰王国宪法 (1922年),1,scrape_output\raw\中華民國公有領域\荷兰王国宪法 (1922年)\荷兰王国宪法 (1922年)__juan_01.txt,scrape_output\clean\中華民國公有領域\荷兰王国宪法 (1922年)\荷兰王国宪法 (1922年)__juan_01.txt,16650,16477,0,separate,0.20994123408423115,wenyan-like,15315,0.019458047665687234,0.05915768854064642,18.789141414141415,0,0
中華民國公有領域,1204532,蒙古軍政府組織大綱,蒙古軍政府組織大綱,蒙古軍政府組織大綱,1,scrape_output\raw\中華民國公有領域\蒙古軍政府組織大綱\蒙古軍政府組織大綱__juan_01.txt,scrape_output\clean\中華民國公有領域\蒙古軍政府組織大綱\蒙古軍政府組織大綱__juan_01.txt,1614,1478,0,separate,0.16632047477744807,wenyan-like,1348,0.017804154302670624,0.034866468842729974,19.144927536231883,0,0
中華民國公有領域,1204368,蒙疆聯合委員會成立宣言,蒙疆聯合委員會成立宣言,蒙疆聯合委員會成立宣言,1,scrape_output\raw\中華民國公有領域\蒙疆聯合委員會成立宣言\蒙疆聯合委員會成立宣言__juan_01.txt,scrape_output\clean\中華民國公有領域\蒙疆聯合委員會成立宣言\蒙疆聯合委員會成立宣言__juan_01.txt,676,633,0,separate,0.14647887323943662,wenyan-like,568,0.028169014084507043,0.040492957746478875,16.848484848484848,0,0
中華民國公有領域,1204369,蒙疆聯合自治政府成立宣言,蒙疆聯合自治政府成立宣言,蒙疆聯合自治政府成立宣言,1,scrape_output\raw\中華民國公有領域\蒙疆聯合自治政府成立宣言\蒙疆聯合自治政府成立宣言__juan_01.txt,scrape_output\clean\中華民國公有領域\蒙疆聯合自治政府成立宣言\蒙疆聯合自治政府成立宣言__juan_01.txt,934,891,0,separate,0.13309178743961353,wenyan-like,828,0.028985507246376812,0.035024154589371984,21.263157894736842,0,0
中華民國公有領域,1204682,蔣中正告廣東人民書,蔣中正告廣東人民書,蔣中正告廣東人民書,1,scrape_output\raw\中華民國公有領域\蔣中正告廣東人民書\蔣中正告廣東人民書__juan_01.txt,scrape_output\clean\中華民國公有領域\蔣中正告廣東人民書\蔣中正告廣東人民書__juan_01.txt,1637,1594,0,separate,0.3724070450097847,wenyan-like,1533,0.020221787345075015,0.06653620352250489,34.29545454545455,0,0
中華民國公有領域,1213795,蔣中正為先剿共再言抗日告誡各將領,蔣中正為先剿共再言抗日告誡各將領,蔣中正為先剿共再言抗日告誡各將領,1,scrape_output\raw\中華民國公有領域\蔣中正為先剿共再言抗日告誡各將領\蔣中正為先剿共再言抗日告誡各將領__juan_01.txt,scrape_output\clean\中華民國公有領域\蔣中正為先剿共再言抗日告誡各將領\蔣中正為先剿共再言抗日告誡各將領__juan_01.txt,1228,1185,0,separate,0.2445094509450945,wenyan-like,1111,0.0153015301530153,0.0702070207020702,22.122448979591837,0,0
中華民國公有領域,190118,蔣主席在首都慶祝還都大會上對全國同胞致訓,蔣主席在首都慶祝還都大會上對全國同胞致訓,蔣主席在首都慶祝還都大會上對全國同胞致訓,1,scrape_output\raw\中華民國公有領域\蔣主席在首都慶祝還都大會上對全國同胞致訓\蔣主席在首都慶祝還都大會上對全國同胞致訓__juan_01.txt,scrape_output\clean\中華民國公有領域\蔣主席在首都慶祝還都大會上對全國同胞致訓\蔣主席在首都慶祝還都大會上對全國同胞致訓__juan_01.txt,1464,1413,0,separate,0.17592867756315006,wenyan-like,1346,0.05274888558692422,0.017087667161961365,27.5,0,0
中華民國公有領域,8041,藥,藥,藥,1,scrape_output\suspected_baihua\raw\中華民國公有領域\藥\藥__juan_01.txt,scrape_output\suspected_baihua\clean\中華民國公有領域\藥\藥__juan_01.txt,5513,5400,0,separate,-0.3063457330415755,baihua-like,5027,0.11100059677740202,0.013328028645315298,12.037313432835822,0,0
中華民國公有領域,1083545,蘇州交涉員公署奉外交部訓令為禁阻滬案發生後從事運動之學生等扣留焚毀商棧運貨致蘇州總商會函,蘇州交涉員公署奉外交部訓令為禁阻滬案發生後從事運動之學生等扣留焚毀商棧運貨致蘇州總商會函,蘇州交涉員公署奉外交部訓令為禁阻滬案發生後從事運動之學生等扣留焚毀商棧運貨致蘇州總商會函,1,scrape_output\raw\中華民國公有領域\蘇州交涉員公署奉外交部訓令為禁阻滬案發生後從事運動之學生等扣留焚毀商棧運貨致蘇州總商會函\蘇州交涉員公署奉外交部訓令為禁阻滬案發生後從事運動之學生等扣留焚毀商棧運貨致蘇州總商會函__juan_01.txt,scrape_output\clean\中華民國公有領域\蘇州交涉員公署奉外交部訓令為禁阻滬案發生後從事運動之學生等扣留焚毀商棧運貨致蘇州總商會函\蘇州交涉員公署奉外交部訓令為禁阻滬案發生後從事運動之學生等扣留焚毀商棧運貨致蘇州總商會函__juan_01.txt,803,757,0,separate,0.1028023598820059,wenyan-like,678,0.035398230088495575,0.029498525073746312,16.048780487804876,0,0
中華民國公有領域,1083546,蘇州警察代理廳長袁季梅奉江蘇省長訓令各縣軍民長官出示曉諭嚴予制止滬案發生後各地假愛國之軌外行為致蘇州總商會函,蘇州警察代理廳長袁季梅奉江蘇省長訓令各縣軍民長官出示曉諭嚴予制止滬案發生後各地假愛國之軌外行為致蘇州總商會函,蘇州警察代理廳長袁季梅奉江蘇省長訓令各縣軍民長官出示曉諭嚴予制止滬案發生後各地假愛國之軌外行為致蘇州總商會函,1,scrape_output\raw\中華民國公有領域\蘇州警察代理廳長袁季梅奉江蘇省長訓令各縣軍民長官出示曉諭嚴予制止滬案發生後各地假愛國之軌外行為致蘇州總商會函\蘇州警察代理廳長袁季梅奉江蘇省長訓令各縣軍民長官出示曉諭嚴予制止滬案發生後各地假愛國之軌外行為致蘇州總商會函__juan_01.txt,scrape_output\clean\中華民國公有領域\蘇州警察代理廳長袁季梅奉江蘇省長訓令各縣軍民長官出示曉諭嚴予制止滬案發生後各地假愛國之軌外行為致蘇州總商會函\蘇州警察代理廳長袁季梅奉江蘇省長訓令各縣軍民長官出示曉諭嚴予制止滬案發生後各地假愛國之軌外行為致蘇州總商會函__juan_01.txt,924,876,0,separate,0.14498117942283562,wenyan-like,797,0.020075282308657464,0.027603513174404015,17.568181818181817,0,0
中華民國公有領域,1078778,蘇州警察廳報告蘇城中學以上各學校罷課遊行及抵制日貨事,蘇州警察廳報告蘇城中學以上各學校罷課遊行及抵制日貨事,蘇州警察廳報告蘇城中學以上各學校罷課遊行及抵制日貨事,1,scrape_output\suspected_baihua\raw\中華民國公有領域\蘇州警察廳報告蘇城中學以上各學校罷課遊行及抵制日貨事\蘇州警察廳報告蘇城中學以上各學校罷課遊行及抵制日貨事__juan_01.txt,scrape_output\suspected_baihua\clean\中華民國公有領域\蘇州警察廳報告蘇城中學以上各學校罷課遊行及抵制日貨事\蘇州警察廳報告蘇城中學以上各學校罷課遊行及抵制日貨事__juan_01.txt,585,542,0,separate,-0.025263157894736835,baihua-like,475,0.029473684210526315,0.031578947368421054,12.378378378378379,0,0
中華民國公有領域,1078780,蘇州警察廳報告蘇州之罷課及經過情形,蘇州警察廳報告蘇州之罷課及經過情形,蘇州警察廳報告蘇州之罷課及經過情形,1,scrape_output\raw\中華民國公有領域\蘇州警察廳報告蘇州之罷課及經過情形\蘇州警察廳報告蘇州之罷課及經過情形__juan_01.txt,scrape_output\clean\中華民國公有領域\蘇州警察廳報告蘇州之罷課及經過情形\蘇州警察廳報告蘇州之罷課及經過情形__juan_01.txt,1219,1174,0,separate,0.18293687099725525,wenyan-like,1093,0.023787740164684355,0.05215004574565416,17.88135593220339,0,0
中華民國公有領域,1078782,蘇州警察廳報告蘇州市面恢復 (一九一九),蘇州警察廳報告蘇州市面恢復 (一九一九),蘇州警察廳報告蘇州市面恢復 (一九一九),1,scrape_output\suspected_baihua\raw\中華民國公有領域\蘇州警察廳報告蘇州市面恢復 (一九一九)\蘇州警察廳報告蘇州市面恢復 (一九一九)__juan_01.txt,scrape_output\suspected_baihua\clean\中華民國公有領域\蘇州警察廳報告蘇州市面恢復 (一九一九)\蘇州警察廳報告蘇州市面恢復 (一九一九)__juan_01.txt,449,406,0,separate,-0.05797101449275362,baihua-like,345,0.04057971014492753,0.03188405797101449,10.030303030303031,0,0
中華民國公有領域,1078779,蘇州警察廳報告設法維持市面及保護日本租界及日商,蘇州警察廳報告設法維持市面及保護日本租界及日商,蘇州警察廳報告設法維持市面及保護日本租界及日商,1,scrape_output\suspected_baihua\raw\中華民國公有領域\蘇州警察廳報告設法維持市面及保護日本租界及日商\蘇州警察廳報告設法維持市面及保護日本租界及日商__juan_01.txt,scrape_output\suspected_baihua\clean\中華民國公有領域\蘇州警察廳報告設法維持市面及保護日本租界及日商\蘇州警察廳報告設法維持市面及保護日本租界及日商__juan_01.txt,493,450,0,separate,-0.04675324675324675,baihua-like,385,0.03636363636363636,0.03116883116883117,10.542857142857143,0,0
中華民國公有領域,1078781,蘇州警察廳報告部分商戶恢復交易 (一九一九),蘇州警察廳報告部分商戶恢復交易 (一九一九),蘇州警察廳報告部分商戶恢復交易 (一九一九),1,scrape_output\suspected_baihua\raw\中華民國公有領域\蘇州警察廳報告部分商戶恢復交易 (一九一九)\蘇州警察廳報告部分商戶恢復交易 (一九一九)__juan_01.txt,scrape_output\suspected_baihua\clean\中華民國公有領域\蘇州警察廳報告部分商戶恢復交易 (一九一九)\蘇州警察廳報告部分商戶恢復交易 (一九一九)__juan_01.txt,486,441,0,separate,-0.04736842105263156,baihua-like,380,0.03684210526315789,0.031578947368421054,10.735294117647058,0,0
中華民國公有領域,1078787,蘇常鎮守使朱熙、蘇常道道尹王莘林為開市致蘇州總商會函,蘇常鎮守使朱熙、蘇常道道尹王莘林為開市致蘇州總商會函,蘇常鎮守使朱熙、蘇常道道尹王莘林為開市致蘇州總商會函,1,scrape_output\suspected_baihua\raw\中華民國公有領域\蘇常鎮守使朱熙、蘇常道道尹王莘林為開市致蘇州總商會函\蘇常鎮守使朱熙、蘇常道道尹王莘林為開市致蘇州總商會函__juan_01.txt,scrape_output\suspected_baihua\clean\中華民國公有領域\蘇常鎮守使朱熙、蘇常道道尹王莘林為開市致蘇州總商會函\蘇常鎮守使朱熙、蘇常道道尹王莘林為開市致蘇州總商會函__juan_01.txt,641,598,0,separate,-0.04933586337760912,baihua-like,527,0.03415559772296015,0.026565464895635674,13.756756756756756,0,0
中華民國公有領域,1168495,蘇維埃社會主義共和國聯盟憲法 (1924年),蘇維埃社會主義共和國聯盟憲法 (1924年)/1924年1月31日修正,蘇維埃社會主義共和國聯盟憲法 (1924年),1,scrape_output\raw\中華民國公有領域\蘇維埃社會主義共和國聯盟憲法 (1924年)\蘇維埃社會主義共和國聯盟憲法 (1924年)__juan_01.txt,scrape_output\clean\中華民國公有領域\蘇維埃社會主義共和國聯盟憲法 (1924年)\蘇維埃社會主義共和國聯盟憲法 (1924年)__juan_01.txt,8482,8481,0,separate,0.1946700507614213,wenyan-like,7880,0.011928934010152284,0.040228426395939085,22.976119402985073,0,0
中華民國公有領域,1168361,蘇美英三國關於日本的協定,蘇美英三國關於日本的協定,蘇美英三國關於日本的協定,1,scrape_output\raw\中華民國公有領域\蘇美英三國關於日本的協定\蘇美英三國關於日本的協定__juan_01.txt,scrape_output\clean\中華民國公有領域\蘇美英三國關於日本的協定\蘇美英三國關於日本的協定__juan_01.txt,482,474,0,separate,0.08023255813953488,wenyan-like,430,0.037209302325581395,0.020930232558139535,23.38888888888889,0,0
中華民國公有領域,1168359,蘇英美三國克里米亞（雅爾塔）會議公報,蘇英美三國克里米亞（雅爾塔）會議公報,蘇英美三國克里米亞（雅爾塔）會議公報,1,scrape_output\raw\中華民國公有領域\蘇英美三國克里米亞（雅爾塔）會議公報\蘇英美三國克里米亞（雅爾塔）會議公報__juan_01.txt,scrape_output\clean\中華民國公有領域\蘇英美三國克里米亞（雅爾塔）會議公報\蘇英美三國克里米亞（雅爾塔）會議公報__juan_01.txt,4615,4543,0,separate,0.08856193640246796,wenyan-like,4214,0.0738016136687233,0.0049833887043189366,33.84552845528455,0,0
中華民國公有領域,1109545,行政院勞工委員會不當勞動行為裁決決定書101年勞裁字第31號,行政院勞工委員會不當勞動行為裁決決定書101年勞裁字第31號,行政院勞工委員會不當勞動行為裁決決定書101年勞裁字第31號,1,scrape_output\raw\中華民國公有領域\行政院勞工委員會不當勞動行為裁決決定書101年勞裁字第31號\行政院勞工委員會不當勞動行為裁決決定書101年勞裁字第31號__juan_01.txt,scrape_output\clean\中華民國公有領域\行政院勞工委員會不當勞動行為裁決決定書101年勞裁字第31號\行政院勞工委員會不當勞動行為裁決決定書101年勞裁字第31號__juan_01.txt,16507,15419,0,separate,0.2975971440340519,wenyan-like,14566,0.019703418920774405,0.02835370039818756,72.52657004830918,0,0
中華民國公有領域,1107730,行政院勞工委員會不當勞動行為裁決決定書101年勞裁字第32號,行政院勞工委員會不當勞動行為裁決決定書101年勞裁字第32號,行政院勞工委員會不當勞動行為裁決決定書101年勞裁字第32號,1,scrape_output\raw\中華民國公有領域\行政院勞工委員會不當勞動行為裁決決定書101年勞裁字第32號\行政院勞工委員會不當勞動行為裁決決定書101年勞裁字第32號__juan_01.txt,scrape_output\clean\中華民國公有領域\行政院勞工委員會不當勞動行為裁決決定書101年勞裁字第32號\行政院勞工委員會不當勞動行為裁決決定書101年勞裁字第32號__juan_01.txt,6472,5887,0,separate,0.30973279065652093,wenyan-like,5651,0.02176605910458326,0.03751548398513537,34.0609756097561,0,0
中華民國公有領域,1109549,行政院勞工委員會不當勞動行為裁決決定書101年勞裁字第36號,行政院勞工委員會不當勞動行為裁決決定書101年勞裁字第36號,行政院勞工委員會不當勞動行為裁決決定書101年勞裁字第36號,1,scrape_output\raw\中華民國公有領域\行政院勞工委員會不當勞動行為裁決決定書101年勞裁字第36號\行政院勞工委員會不當勞動行為裁決決定書101年勞裁字第36號__juan_01.txt,scrape_output\clean\中華民國公有領域\行政院勞工委員會不當勞動行為裁決決定書101年勞裁字第36號\行政院勞工委員會不當勞動行為裁決決定書101年勞裁字第36號__juan_01.txt,8812,8149,0,separate,0.3036022127878554,wenyan-like,7773,0.03190531326386209,0.04965907628972083,37.147619047619045,0,0
中華民國公有領域,1097102,行政院大陸委員會就澳門政權移交事之新聞稿,行政院大陸委員會就澳門政權移交事之新聞稿,行政院大陸委員會就澳門政權移交事之新聞稿,1,scrape_output\raw\中華民國公有領域\行政院大陸委員會就澳門政權移交事之新聞稿\行政院大陸委員會就澳門政權移交事之新聞稿__juan_01.txt,scrape_output\clean\中華民國公有領域\行政院大陸委員會就澳門政權移交事之新聞稿\行政院大陸委員會就澳門政權移交事之新聞稿__juan_01.txt,1539,1496,0,separate,0.1515130190007037,wenyan-like,1421,0.059817030260380016,0.015482054890921885,28.387755102040817,0,0
中華民國公有領域,1097098,行政院就澳門政權移交事發表聲明,行政院就澳門政權移交事發表聲明,行政院就澳門政權移交事發表聲明,1,scrape_output\raw\中華民國公有領域\行政院就澳門政權移交事發表聲明\行政院就澳門政權移交事發表聲明__juan_01.txt,scrape_output\clean\中華民國公有領域\行政院就澳門政權移交事發表聲明\行政院就澳門政權移交事發表聲明__juan_01.txt,1098,1055,0,separate,0.02169042769857432,wenyan-like,982,0.054989816700611,0.018329938900203666,21.244444444444444,0,0
中華民國公有領域,885588,行政院會通過「性別平等教育法」部分條文修正草案,行政院會通過「性別平等教育法」部分條文修正草案,行政院會通過「性別平等教育法」部分條文修正草案,1,scrape_output\raw\中華民國公有領域\行政院會通過「性別平等教育法」部分條文修正草案\行政院會通過「性別平等教育法」部分條文修正草案__juan_01.txt,scrape_output\clean\中華民國公有領域\行政院會通過「性別平等教育法」部分條文修正草案\行政院會通過「性別平等教育法」部分條文修正草案__juan_01.txt,1074,1015,0,separate,0.125635593220339,wenyan-like,944,0.028601694915254237,0.03072033898305085,23.76923076923077,0,0
中華民國公有領域,887303,行政院會通過「教師法」修正草案,行政院會通過「教師法」修正草案,行政院會通過「教師法」修正草案,1,scrape_output\raw\中華民國公有領域\行政院會通過「教師法」修正草案\行政院會通過「教師法」修正草案__juan_01.txt,scrape_output\clean\中華民國公有領域\行政院會通過「教師法」修正草案\行政院會通過「教師法」修正草案__juan_01.txt,896,825,0,separate,0.12459893048128343,wenyan-like,748,0.022727272727272728,0.0213903743315508,16.568181818181817,0,0
中華民國公有領域,155401,行政院為遷廣州辦公致南京市政府電,行政院為遷廣州辦公致南京市政府電,行政院為遷廣州辦公致南京市政府電,1,scrape_output\suspected_baihua\raw\中華民國公有領域\行政院為遷廣州辦公致南京市政府電\行政院為遷廣州辦公致南京市政府電__juan_01.txt,scrape_output\suspected_baihua\clean\中華民國公有領域\行政院為遷廣州辦公致南京市政府電\行政院為遷廣州辦公致南京市政府電__juan_01.txt,597,554,0,separate,-0.01414141414141415,baihua-like,495,0.030303030303030304,0.03838383838383838,14.088235294117647,0,0
中華民國公有領域,886664,行政院第3584次會議通過「性別平等教育法第27條、第27條之1、第30條修正」草案新聞參考稿,行政院第3584次會議通過「性別平等教育法第27條、第27條之1、第30條修正」草案新聞參考稿,行政院第3584次會議通過「性別平等教育法第27條、第27條之1、第30條修正」草案新聞參考稿,1,scrape_output\raw\中華民國公有領域\行政院第3584次會議通過「性別平等教育法第27條、第27條之1、第30條修正」草案新聞參考稿\行政院第3584次會議通過「性別平等教育法第27條、第27條之1、第30條修正」草案新聞參考稿__juan_01.txt,scrape_output\clean\中華民國公有領域\行政院第3584次會議通過「性別平等教育法第27條、第27條之1、第30條修正」草案新聞參考稿\行政院第3584次會議通過「性別平等教育法第27條、第27條之1、第30條修正」草案新聞參考稿__juan_01.txt,1053,972,0,separate,0.2856035437430786,wenyan-like,903,0.02768549280177187,0.03433001107419712,25.37142857142857,0,0
中華民國公有領域,886200,行政院第3584次院會決議,行政院第3584次院會決議,行政院第3584次院會決議,1,scrape_output\raw\中華民國公有領域\行政院第3584次院會決議\行政院第3584次院會決議__juan_01.txt,scrape_output\clean\中華民國公有領域\行政院第3584次院會決議\行政院第3584次院會決議__juan_01.txt,3082,2987,0,separate,0.26723597072150573,wenyan-like,2869,0.023004531195538514,0.01812478215406065,37.586666666666666,0,0
中華民國公有領域,1085459,行政院農業委員會對受嚴重特殊傳染性肺炎影響發生營運困難產業事業紓困振興辦法 (民國109年3月),行政院農業委員會對受嚴重特殊傳染性肺炎影響發生營運困難產業事業紓困振興辦法 (民國109年3月),行政院農業委員會對受嚴重特殊傳染性肺炎影響發生營運困難產業事業紓困振興辦法 (民國109年3月),1,scrape_output\raw\中華民國公有領域\行政院農業委員會對受嚴重特殊傳染性肺炎影響發生營運困難產業事業紓困振興辦法 (民國109年3月)\行政院農業委員會對受嚴重特殊傳染性肺炎影響發生營運困難產業事業紓困振興辦法 (民國109年3月)__juan_01.txt,scrape_output\clean\中華民國公有領域\行政院農業委員會對受嚴重特殊傳染性肺炎影響發生營運困難產業事業紓困振興辦法 (民國109年3月)\行政院農業委員會對受嚴重特殊傳染性肺炎影響發生營運困難產業事業紓困振興辦法 (民國109年3月)__juan_01.txt,1615,1572,0,separate,0.16079913606911445,wenyan-like,1389,0.023758099352051837,0.04103671706263499,20.208955223880597,0,0
中華民國公有領域,1085461,行政院農業委員會對受嚴重特殊傳染性肺炎影響發生營運困難產業事業紓困振興辦法 (民國109年4月),行政院農業委員會對受嚴重特殊傳染性肺炎影響發生營運困難產業事業紓困振興辦法 (民國109年4月),行政院農業委員會對受嚴重特殊傳染性肺炎影響發生營運困難產業事業紓困振興辦法 (民國109年4月),1,scrape_output\raw\中華民國公有領域\行政院農業委員會對受嚴重特殊傳染性肺炎影響發生營運困難產業事業紓困振興辦法 (民國109年4月)\行政院農業委員會對受嚴重特殊傳染性肺炎影響發生營運困難產業事業紓困振興辦法 (民國109年4月)__juan_01.txt,scrape_output\clean\中華民國公有領域\行政院農業委員會對受嚴重特殊傳染性肺炎影響發生營運困難產業事業紓困振興辦法 (民國109年4月)\行政院農業委員會對受嚴重特殊傳染性肺炎影響發生營運困難產業事業紓困振興辦法 (民國109年4月)__juan_01.txt,2516,2473,0,separate,0.16860254083484572,wenyan-like,2204,0.02041742286751361,0.039927404718693285,23.88888888888889,0,0
中華民國公有領域,1085462,行政院農業委員會對受嚴重特殊傳染性肺炎影響發生營運困難產業事業紓困振興辦法 (民國110年),行政院農業委員會對受嚴重特殊傳染性肺炎影響發生營運困難產業事業紓困振興辦法 (民國110年),行政院農業委員會對受嚴重特殊傳染性肺炎影響發生營運困難產業事業紓困振興辦法 (民國110年),1,scrape_output\raw\中華民國公有領域\行政院農業委員會對受嚴重特殊傳染性肺炎影響發生營運困難產業事業紓困振興辦法 (民國110年)\行政院農業委員會對受嚴重特殊傳染性肺炎影響發生營運困難產業事業紓困振興辦法 (民國110年)__juan_01.txt,scrape_output\clean\中華民國公有領域\行政院農業委員會對受嚴重特殊傳染性肺炎影響發生營運困難產業事業紓困振興辦法 (民國110年)\行政院農業委員會對受嚴重特殊傳染性肺炎影響發生營運困難產業事業紓困振興辦法 (民國110年)__juan_01.txt,2628,2585,0,separate,0.1703287197231834,wenyan-like,2312,0.019463667820069204,0.0393598615916955,24.802197802197803,0,0
中華民國公有領域,1206528,行營指令四川省政府爲據呈請核示聯保主任對保長行文程式一案核示飭遵由,行營指令四川省政府爲據呈請核示聯保主任對保長行文程式一案核示飭遵由,行營指令四川省政府爲據呈請核示聯保主任對保長行文程式一案核示飭遵由,1,scrape_output\raw\中華民國公有領域\行營指令四川省政府爲據呈請核示聯保主任對保長行文程式一案核示飭遵由\行營指令四川省政府爲據呈請核示聯保主任對保長行文程式一案核示飭遵由__juan_01.txt,scrape_output\clean\中華民國公有領域\行營指令四川省政府爲據呈請核示聯保主任對保長行文程式一案核示飭遵由\行營指令四川省政府爲據呈請核示聯保主任對保長行文程式一案核示飭遵由__juan_01.txt,1477,1434,0,separate,0.13887240356083086,wenyan-like,1348,0.02596439169139466,0.03338278931750742,18.0,0,0
中華民國公有領域,1205185,行營訓令爲解釋保長聯合辦公處應冠名稱仰遵照由,行營訓令爲解釋保長聯合辦公處應冠名稱仰遵照由,行營訓令爲解釋保長聯合辦公處應冠名稱仰遵照由,1,scrape_output\suspected_baihua\raw\中華民國公有領域\行營訓令爲解釋保長聯合辦公處應冠名稱仰遵照由\行營訓令爲解釋保長聯合辦公處應冠名稱仰遵照由__juan_01.txt,scrape_output\suspected_baihua\clean\中華民國公有領域\行營訓令爲解釋保長聯合辦公處應冠名稱仰遵照由\行營訓令爲解釋保長聯合辦公處應冠名稱仰遵照由__juan_01.txt,893,850,0,separate,-0.007905138339920952,baihua-like,759,0.01844532279314888,0.023715415019762844,10.852941176470589,0,0
中華民國公有領域,1206537,行營電福建陳主席爲據電請解釋保甲條例第三十一條第二、三兩款設立聯保疑義一案核示飭遵由,行營電福建陳主席爲據電請解釋保甲條例第三十一條第二、三兩款設立聯保疑義一案核示飭遵由,行營電福建陳主席爲據電請解釋保甲條例第三十一條第二、三兩款設立聯保疑義一案核示飭遵由,1,scrape_output\suspected_baihua\raw\中華民國公有領域\行營電福建陳主席爲據電請解釋保甲條例第三十一條第二、三兩款設立聯保疑義一案核示飭遵由\行營電福建陳主席爲據電請解釋保甲條例第三十一條第二、三兩款設立聯保疑義一案核示飭遵由__juan_01.txt,scrape_output\suspected_baihua\clean\中華民國公有領域\行營電福建陳主席爲據電請解釋保甲條例第三十一條第二、三兩款設立聯保疑義一案核示飭遵由\行營電福建陳主席爲據電請解釋保甲條例第三十一條第二、三兩款設立聯保疑義一案核示飭遵由__juan_01.txt,747,704,0,separate,-0.018987341772151903,baihua-like,632,0.028481012658227847,0.03322784810126582,12.729166666666666,0,0
中華民國公有領域,1020628,衛生福利部衛授疾字第1090100030號公告,衛生福利部衛授疾字第1090100030號公告,衛生福利部衛授疾字第1090100030號公告,1,scrape_output\suspected_baihua\raw\中華民國公有領域\衛生福利部衛授疾字第1090100030號公告\衛生福利部衛授疾字第1090100030號公告__juan_01.txt,scrape_output\suspected_baihua\clean\中華民國公有領域\衛生福利部衛授疾字第1090100030號公告\衛生福利部衛授疾字第1090100030號公告__juan_01.txt,762,680,0,separate,-0.020869565217391313,baihua-like,575,0.02434782608695652,0.02608695652173913,10.69811320754717,0,0
中華民國公有領域,1144137,衛生福利部衛授疾字第1120100886號公告,衛生福利部衛授疾字第1120100886號公告,衛生福利部衛授疾字第1120100886號公告,1,scrape_output\suspected_baihua\raw\中華民國公有領域\衛生福利部衛授疾字第1120100886號公告\衛生福利部衛授疾字第1120100886號公告__juan_01.txt,scrape_output\suspected_baihua\clean\中華民國公有領域\衛生福利部衛授疾字第1120100886號公告\衛生福利部衛授疾字第1120100886號公告__juan_01.txt,586,527,0,separate,-0.05909090909090908,baihua-like,440,0.03636363636363636,0.025,9.840909090909092,0,0
中華民國公有領域,1201041,西安市人民法院成立佈吿,西安市人民法院成立佈吿,西安市人民法院成立佈吿,1,scrape_output\suspected_baihua\raw\中華民國公有領域\西安市人民法院成立佈吿\西安市人民法院成立佈吿__juan_01.txt,scrape_output\suspected_baihua\clean\中華民國公有領域\西安市人民法院成立佈吿\西安市人民法院成立佈吿__juan_01.txt,1457,1268,0,separate,-0.06860158311345646,baihua-like,1137,0.040457343887423045,0.026385224274406333,14.56578947368421,0,0
中華民國公有領域,1201097,西安市軍事管制委員會佈吿 管字第三號,西安市軍事管制委員會佈吿 管字第三號,西安市軍事管制委員會佈吿 管字第三號,1,scrape_output\suspected_baihua\raw\中華民國公有領域\西安市軍事管制委員會佈吿 管字第三號\西安市軍事管制委員會佈吿 管字第三號__juan_01.txt,scrape_output\suspected_baihua\clean\中華民國公有領域\西安市軍事管制委員會佈吿 管字第三號\西安市軍事管制委員會佈吿 管字第三號__juan_01.txt,1509,1318,0,separate,-0.06627017841971114,baihua-like,1177,0.03908241291418862,0.025488530161427356,13.666666666666666,0,0
中華民國公有領域,1212369,訓政綱領,訓政綱領,訓政綱領,1,scrape_output\raw\中華民國公有領域\訓政綱領\訓政綱領__juan_01.txt,scrape_output\clean\中華民國公有領域\訓政綱領\訓政綱領__juan_01.txt,758,714,0,separate,0.15315457413249212,wenyan-like,634,0.022082018927444796,0.03470031545741325,15.974358974358974,0,0
中華民國公有領域,584786,設置黨報條例,設置黨報條例,設置黨報條例,1,scrape_output\raw\中華民國公有領域\設置黨報條例\設置黨報條例__juan_01.txt,scrape_output\clean\中華民國公有領域\設置黨報條例\設置黨報條例__juan_01.txt,855,812,0,separate,0.1527548209366391,wenyan-like,726,0.024793388429752067,0.03856749311294766,18.842105263157894,0,0
中華民國公有領域,888009,認定婦聯會財產約387億元為不當取得財產應移轉為國有,認定婦聯會財產約387億元為不當取得財產應移轉為國有,認定婦聯會財產約387億元為不當取得財產應移轉為國有,1,scrape_output\raw\中華民國公有領域\認定婦聯會財產約387億元為不當取得財產應移轉為國有\認定婦聯會財產約387億元為不當取得財產應移轉為國有__juan_01.txt,scrape_output\clean\中華民國公有領域\認定婦聯會財產約387億元為不當取得財產應移轉為國有\認定婦聯會財產約387億元為不當取得財產應移轉為國有__juan_01.txt,1678,1590,0,separate,0.2506254114549045,wenyan-like,1519,0.03620803159973667,0.029624753127057275,34.76744186046512,0,0
中華民國公有領域,890881,請明令確定數位以萬萬爲億藉資便利而正錯誤案,請明令確定數位以萬萬爲億藉資便利而正錯誤案,請明令確定數位以萬萬爲億藉資便利而正錯誤案,1,scrape_output\suspected_baihua\raw\中華民國公有領域\請明令確定數位以萬萬爲億藉資便利而正錯誤案\請明令確定數位以萬萬爲億藉資便利而正錯誤案__juan_01.txt,scrape_output\suspected_baihua\clean\中華民國公有領域\請明令確定數位以萬萬爲億藉資便利而正錯誤案\請明令確定數位以萬萬爲億藉資便利而正錯誤案__juan_01.txt,776,733,0,separate,-0.012213740458015272,baihua-like,655,0.024427480916030534,0.030534351145038167,14.744186046511627,0,0
中華民國公有領域,1181226,論聯合政府 (1945年),論聯合政府 (1945年),論聯合政府 (1945年),1,scrape_output\suspected_baihua\raw\中華民國公有領域\論聯合政府 (1945年)\論聯合政府 (1945年)__juan_01.txt,scrape_output\suspected_baihua\clean\中華民國公有領域\論聯合政府 (1945年)\論聯合政府 (1945年)__juan_01.txt,45430,45378,0,separate,-0.014529456429496657,baihua-like,44778,0.11568180803072937,0.01625798383134575,47.366774541531825,0,0
中華民國公有領域,1205266,豫鄂皖三省剿匪總司令部施行保甲訓令,豫鄂皖三省剿匪總司令部施行保甲訓令,豫鄂皖三省剿匪總司令部施行保甲訓令,1,scrape_output\raw\中華民國公有領域\豫鄂皖三省剿匪總司令部施行保甲訓令\豫鄂皖三省剿匪總司令部施行保甲訓令__juan_01.txt,scrape_output\clean\中華民國公有領域\豫鄂皖三省剿匪總司令部施行保甲訓令\豫鄂皖三省剿匪總司令部施行保甲訓令__juan_01.txt,3491,3448,0,separate,0.22420924574209244,wenyan-like,3288,0.012165450121654502,0.05535279805352798,21.289473684210527,0,0
中華民國公有領域,1091790,財政部長王雲五發表談話關於幣制改革之意義,財政部長王雲五發表談話關於幣制改革之意義,財政部長王雲五發表談話關於幣制改革之意義,1,scrape_output\raw\中華民國公有領域\財政部長王雲五發表談話關於幣制改革之意義\財政部長王雲五發表談話關於幣制改革之意義__juan_01.txt,scrape_output\clean\中華民國公有領域\財政部長王雲五發表談話關於幣制改革之意義\財政部長王雲五發表談話關於幣制改革之意義__juan_01.txt,3133,3090,0,separate,0.32354892205638475,wenyan-like,3015,0.023548922056384744,0.04709784411276949,36.9125,0,0
中華民國公有領域,1085464,貸款經辦機構及農業信用保證機構辦理嚴重特殊傳染性肺炎紓困振興措施補助作業規範 (民國109年4月),貸款經辦機構及農業信用保證機構辦理嚴重特殊傳染性肺炎紓困振興措施補助作業規範 (民國109年4月),貸款經辦機構及農業信用保證機構辦理嚴重特殊傳染性肺炎紓困振興措施補助作業規範 (民國109年4月),1,scrape_output\raw\中華民國公有領域\貸款經辦機構及農業信用保證機構辦理嚴重特殊傳染性肺炎紓困振興措施補助作業規範 (民國109年4月)\貸款經辦機構及農業信用保證機構辦理嚴重特殊傳染性肺炎紓困振興措施補助作業規範 (民國109年4月)__juan_01.txt,scrape_output\clean\中華民國公有領域\貸款經辦機構及農業信用保證機構辦理嚴重特殊傳染性肺炎紓困振興措施補助作業規範 (民國109年4月)\貸款經辦機構及農業信用保證機構辦理嚴重特殊傳染性肺炎紓困振興措施補助作業規範 (民國109年4月)__juan_01.txt,1020,961,0,separate,0.1395104895104895,wenyan-like,858,0.029137529137529136,0.038461538461538464,19.204545454545453,0,0
中華民國公有領域,1085465,貸款經辦機構及農業信用保證機構辦理嚴重特殊傳染性肺炎紓困振興措施補助作業規範 (民國109年6月),貸款經辦機構及農業信用保證機構辦理嚴重特殊傳染性肺炎紓困振興措施補助作業規範 (民國109年6月),貸款經辦機構及農業信用保證機構辦理嚴重特殊傳染性肺炎紓困振興措施補助作業規範 (民國109年6月),1,scrape_output\raw\中華民國公有領域\貸款經辦機構及農業信用保證機構辦理嚴重特殊傳染性肺炎紓困振興措施補助作業規範 (民國109年6月)\貸款經辦機構及農業信用保證機構辦理嚴重特殊傳染性肺炎紓困振興措施補助作業規範 (民國109年6月)__juan_01.txt,scrape_output\clean\中華民國公有領域\貸款經辦機構及農業信用保證機構辦理嚴重特殊傳染性肺炎紓困振興措施補助作業規範 (民國109年6月)\貸款經辦機構及農業信用保證機構辦理嚴重特殊傳染性肺炎紓困振興措施補助作業規範 (民國109年6月)__juan_01.txt,1146,1087,0,separate,0.14898580121703853,wenyan-like,986,0.02535496957403651,0.037525354969574036,21.6,0,0
中華民國公有領域,1085466,貸款經辦機構及農業信用保證機構辦理嚴重特殊傳染性肺炎紓困振興措施補助作業規範 (民國110年),貸款經辦機構及農業信用保證機構辦理嚴重特殊傳染性肺炎紓困振興措施補助作業規範 (民國110年),貸款經辦機構及農業信用保證機構辦理嚴重特殊傳染性肺炎紓困振興措施補助作業規範 (民國110年),1,scrape_output\raw\中華民國公有領域\貸款經辦機構及農業信用保證機構辦理嚴重特殊傳染性肺炎紓困振興措施補助作業規範 (民國110年)\貸款經辦機構及農業信用保證機構辦理嚴重特殊傳染性肺炎紓困振興措施補助作業規範 (民國110年)__juan_01.txt,scrape_output\clean\中華民國公有領域\貸款經辦機構及農業信用保證機構辦理嚴重特殊傳染性肺炎紓困振興措施補助作業規範 (民國110年)\貸款經辦機構及農業信用保證機構辦理嚴重特殊傳染性肺炎紓困振興措施補助作業規範 (民國110年)__juan_01.txt,908,857,0,separate,0.1328042328042328,wenyan-like,756,0.027777777777777776,0.03306878306878307,18.048780487804876,0,0
中華民國公有領域,157333,賣肉粽,賣肉粽,賣肉粽,1,scrape_output\raw\中華民國公有領域\賣肉粽\賣肉粽__juan_01.txt,scrape_output\clean\中華民國公有領域\賣肉粽\賣肉粽__juan_01.txt,487,427,0,separate,0.036486486486486475,wenyan-like,370,0.05405405405405406,0.024324324324324326,17.545454545454547,0,0
中華民國公有領域,1088728,赴歐和會全權委員陸徵祥等電吿拒絕對德和約簽字致中華民國政府,赴歐和會全權委員陸徵祥等電吿拒絕對德和約簽字致中華民國政府,赴歐和會全權委員陸徵祥等電吿拒絕對德和約簽字致中華民國政府,1,scrape_output\suspected_baihua\raw\中華民國公有領域\赴歐和會全權委員陸徵祥等電吿拒絕對德和約簽字致中華民國政府\赴歐和會全權委員陸徵祥等電吿拒絕對德和約簽字致中華民國政府__juan_01.txt,scrape_output\suspected_baihua\clean\中華民國公有領域\赴歐和會全權委員陸徵祥等電吿拒絕對德和約簽字致中華民國政府\赴歐和會全權委員陸徵祥等電吿拒絕對德和約簽字致中華民國政府__juan_01.txt,918,875,0,separate,-0.02328431372549021,baihua-like,816,0.03308823529411765,0.03799019607843137,8.811764705882354,0,0
中華民國公有領域,1085404,跨國境人口販運防制及被害人保護辦法 (民國97年),跨國境人口販運防制及被害人保護辦法 (民國97年),跨國境人口販運防制及被害人保護辦法 (民國97年),1,scrape_output\raw\中華民國公有領域\跨國境人口販運防制及被害人保護辦法 (民國97年)\跨國境人口販運防制及被害人保護辦法 (民國97年)__juan_01.txt,scrape_output\clean\中華民國公有領域\跨國境人口販運防制及被害人保護辦法 (民國97年)\跨國境人口販運防制及被害人保護辦法 (民國97年)__juan_01.txt,2991,2948,0,separate,0.2780096906448006,wenyan-like,2683,0.030190085724934774,0.03428997390980246,32.096385542168676,0,0
中華民國公有領域,1001511,路南縣貪官許良安遺臭碑,路南縣貪官許良安遺臭碑,路南縣貪官許良安遺臭碑,1,scrape_output\raw\中華民國公有領域\路南縣貪官許良安遺臭碑\路南縣貪官許良安遺臭碑__juan_01.txt,scrape_output\clean\中華民國公有領域\路南縣貪官許良安遺臭碑\路南縣貪官許良安遺臭碑__juan_01.txt,1416,1311,0,separate,0.1908,wenyan-like,1250,0.0168,0.0456,22.054545454545455,0,0
中華民國公有領域,887317,輔仁大學性侵案 監察委員高鳳仙提案糾正教育部 並促請衛生福利部研議相關規範及修法事宜,輔仁大學性侵案 監察委員高鳳仙提案糾正教育部 並促請衛生福利部研議相關規範及修法事宜,輔仁大學性侵案 監察委員高鳳仙提案糾正教育部 並促請衛生福利部研議相關規範及修法事宜,1,scrape_output\raw\中華民國公有領域\輔仁大學性侵案 監察委員高鳳仙提案糾正教育部 並促請衛生福利部研議相關規範及修法事宜\輔仁大學性侵案 監察委員高鳳仙提案糾正教育部 並促請衛生福利部研議相關規範及修法事宜__juan_01.txt,scrape_output\clean\中華民國公有領域\輔仁大學性侵案 監察委員高鳳仙提案糾正教育部 並促請衛生福利部研議相關規範及修法事宜\輔仁大學性侵案 監察委員高鳳仙提案糾正教育部 並促請衛生福利部研議相關規範及修法事宜__juan_01.txt,3158,2918,0,separate,0.2683210137275607,wenyan-like,2841,0.024639211545230553,0.021119324181626188,47.47457627118644,0,0
中華民國公有領域,1088727,農商部呈准關於本部主管待遇無約國人民辦法,農商部呈准關於本部主管待遇無約國人民辦法,農商部呈准關於本部主管待遇無約國人民辦法,1,scrape_output\suspected_baihua\raw\中華民國公有領域\農商部呈准關於本部主管待遇無約國人民辦法\農商部呈准關於本部主管待遇無約國人民辦法__juan_01.txt,scrape_output\suspected_baihua\clean\中華民國公有領域\農商部呈准關於本部主管待遇無約國人民辦法\農商部呈准關於本部主管待遇無約國人民辦法__juan_01.txt,501,458,0,separate,-0.025188916876574305,baihua-like,397,0.04030226700251889,0.04785894206549118,11.205882352941176,0,0
中華民國公有領域,887892,農糧署澄清沒有對理科太太人身攻擊歡迎網紅討論農業可協提正確資訊,農糧署澄清沒有對理科太太人身攻擊歡迎網紅討論農業可協提正確資訊,農糧署澄清沒有對理科太太人身攻擊歡迎網紅討論農業可協提正確資訊,1,scrape_output\raw\中華民國公有領域\農糧署澄清沒有對理科太太人身攻擊歡迎網紅討論農業可協提正確資訊\農糧署澄清沒有對理科太太人身攻擊歡迎網紅討論農業可協提正確資訊__juan_01.txt,scrape_output\clean\中華民國公有領域\農糧署澄清沒有對理科太太人身攻擊歡迎網紅討論農業可協提正確資訊\農糧署澄清沒有對理科太太人身攻擊歡迎網紅討論農業可協提正確資訊__juan_01.txt,983,914,0,separate,0.039020070838252666,wenyan-like,847,0.05430932703659976,0.025974025974025976,24.441176470588236,0,0
中華民國公有領域,1004368,違法辦理全民公投案 監察院通過監委高鳳仙提案糾正行政院及中選會，並請議處相關人員,違法辦理全民公投案 監察院通過監委高鳳仙提案糾正行政院及中選會，並請議處相關人員,違法辦理全民公投案 監察院通過監委高鳳仙提案糾正行政院及中選會，並請議處相關人員,1,scrape_output\raw\中華民國公有領域\違法辦理全民公投案 監察院通過監委高鳳仙提案糾正行政院及中選會，並請議處相關人員\違法辦理全民公投案 監察院通過監委高鳳仙提案糾正行政院及中選會，並請議處相關人員__juan_01.txt,scrape_output\clean\中華民國公有領域\違法辦理全民公投案 監察院通過監委高鳳仙提案糾正行政院及中選會，並請議處相關人員\違法辦理全民公投案 監察院通過監委高鳳仙提案糾正行政院及中選會，並請議處相關人員__juan_01.txt,3595,3239,0,separate,0.3170670037926675,wenyan-like,3164,0.010745891276864728,0.02465233881163085,48.734375,0,0
中華民國公有領域,1066778,鄂軍第三師長報白朗部隊流竄隨縣請北京陸軍部、參謀部轉調隊伍兜剿,鄂軍第三師長報白朗部隊流竄隨縣請北京陸軍部、參謀部轉調隊伍兜剿,鄂軍第三師長報白朗部隊流竄隨縣請北京陸軍部、參謀部轉調隊伍兜剿,1,scrape_output\suspected_baihua\raw\中華民國公有領域\鄂軍第三師長報白朗部隊流竄隨縣請北京陸軍部、參謀部轉調隊伍兜剿\鄂軍第三師長報白朗部隊流竄隨縣請北京陸軍部、參謀部轉調隊伍兜剿__juan_01.txt,scrape_output\suspected_baihua\clean\中華民國公有領域\鄂軍第三師長報白朗部隊流竄隨縣請北京陸軍部、參謀部轉調隊伍兜剿\鄂軍第三師長報白朗部隊流竄隨縣請北京陸軍部、參謀部轉調隊伍兜剿__juan_01.txt,764,718,0,separate,-0.042879019908116385,baihua-like,653,0.027565084226646247,0.019908116385911178,14.651162790697674,0,0
中華民國公有領域,184052,鄭捷隨機殺人案起訴書,鄭捷隨機殺人案起訴書,鄭捷隨機殺人案起訴書,1,scrape_output\raw\中華民國公有領域\鄭捷隨機殺人案起訴書\鄭捷隨機殺人案起訴書__juan_01.txt,scrape_output\clean\中華民國公有領域\鄭捷隨機殺人案起訴書\鄭捷隨機殺人案起訴書__juan_01.txt,8665,8231,0,separate,0.27327672327672325,wenyan-like,8008,0.03271728271728272,0.03571428571428571,92.44827586206897,0,0
中華民國公有領域,1000047,金門協議,金門協議,金門協議,1,scrape_output\raw\中華民國公有領域\金門協議\金門協議__juan_01.txt,scrape_output\clean\中華民國公有領域\金門協議\金門協議__juan_01.txt,1132,1036,0,separate,0.042624728850325366,wenyan-like,922,0.0509761388286334,0.0227765726681128,15.706896551724139,0,0
中華民國公有領域,1108415,針對中國外交部長王毅於本（8）月5日舉行記者會就美國聯邦眾院議長裴洛西訪台相關情勢說明中方立場，外交部嚴正駁斥如下,針對中國外交部長王毅於本（8）月5日舉行記者會就美國聯邦眾院議長裴洛西訪台相關情勢說明中方立場，外交部嚴正駁斥如下,針對中國外交部長王毅於本（8）月5日舉行記者會就美國聯邦眾院議長裴洛西訪台相關情勢說明中方立場，外交部嚴正駁斥如下,1,scrape_output\raw\中華民國公有領域\針對中國外交部長王毅於本（8）月5日舉行記者會就美國聯邦眾院議長裴洛西訪台相關情勢說明中方立場，外交部嚴正駁斥如下\針對中國外交部長王毅於本（8）月5日舉行記者會就美國聯邦眾院議長裴洛西訪台相關情勢說明中方立場，外交部嚴正駁斥如下__juan_01.txt,scrape_output\clean\中華民國公有領域\針對中國外交部長王毅於本（8）月5日舉行記者會就美國聯邦眾院議長裴洛西訪台相關情勢說明中方立場，外交部嚴正駁斥如下\針對中國外交部長王毅於本（8）月5日舉行記者會就美國聯邦眾院議長裴洛西訪台相關情勢說明中方立場，外交部嚴正駁斥如下__juan_01.txt,1726,1407,0,separate,0.052973395931142406,wenyan-like,1278,0.04225352112676056,0.01486697965571205,15.317073170731707,0,0
中華民國公有領域,892076,針對江委員和仉委員調查107年9月燕子颱風侵襲日本關西地區造成的國人的不便，以及事後大阪辦事處蘇處長輕生之不同意見書,針對江委員和仉委員調查107年9月燕子颱風侵襲日本關西地區造成的國人的不便，以及事後大阪辦事處蘇處長輕生之不同意見書,針對江委員和仉委員調查107年9月燕子颱風侵襲日本關西地區造成的國人的不便，以及事後大阪辦事處蘇處長輕生之不同意見書,1,scrape_output\raw\中華民國公有領域\針對江委員和仉委員調查107年9月燕子颱風侵襲日本關西地區造成的國人的不便，以及事後大阪辦事處蘇處長輕生之不同意見書\針對江委員和仉委員調查107年9月燕子颱風侵襲日本關西地區造成的國人的不便，以及事後大阪辦事處蘇處長輕生之不同意見書__juan_01.txt,scrape_output\clean\中華民國公有領域\針對江委員和仉委員調查107年9月燕子颱風侵襲日本關西地區造成的國人的不便，以及事後大阪辦事處蘇處長輕生之不同意見書\針對江委員和仉委員調查107年9月燕子颱風侵襲日本關西地區造成的國人的不便，以及事後大阪辦事處蘇處長輕生之不同意見書__juan_01.txt,1862,1779,0,separate,0.21805225653206647,wenyan-like,1684,0.040380047505938245,0.019596199524940617,29.571428571428573,0,0
中華民國公有領域,1210534,針對臺師大女足案疑涉違反人體研究法，本部已請教育部速依法行政,針對臺師大女足案疑涉違反人體研究法，本部已請教育部速依法行政,針對臺師大女足案疑涉違反人體研究法，本部已請教育部速依法行政,1,scrape_output\raw\中華民國公有領域\針對臺師大女足案疑涉違反人體研究法，本部已請教育部速依法行政\針對臺師大女足案疑涉違反人體研究法，本部已請教育部速依法行政__juan_01.txt,scrape_output\clean\中華民國公有領域\針對臺師大女足案疑涉違反人體研究法，本部已請教育部速依法行政\針對臺師大女足案疑涉違反人體研究法，本部已請教育部速依法行政__juan_01.txt,788,730,0,separate,0.09902548725637181,wenyan-like,667,0.035982008995502246,0.02848575712143928,19.757575757575758,0,0
中華民國公有領域,1145150,釣魚臺列嶼是中華民國的固有領土,釣魚臺列嶼是中華民國的固有領土,釣魚臺列嶼是中華民國的固有領土,1,scrape_output\raw\中華民國公有領域\釣魚臺列嶼是中華民國的固有領土\釣魚臺列嶼是中華民國的固有領土__juan_01.txt,scrape_output\clean\中華民國公有領域\釣魚臺列嶼是中華民國的固有領土\釣魚臺列嶼是中華民國的固有領土__juan_01.txt,5646,5120,0,separate,0.0791849989524408,wenyan-like,4773,0.03896920175989944,0.023046302116069558,17.573033707865168,0,0
中華民國公有領域,1004396,銓敘部審查通過駐大阪辦事處蘇故總領事因公撫卹案,銓敘部審查通過駐大阪辦事處蘇故總領事因公撫卹案,銓敘部審查通過駐大阪辦事處蘇故總領事因公撫卹案,1,scrape_output\suspected_baihua\raw\中華民國公有領域\銓敘部審查通過駐大阪辦事處蘇故總領事因公撫卹案\銓敘部審查通過駐大阪辦事處蘇故總領事因公撫卹案__juan_01.txt,scrape_output\suspected_baihua\clean\中華民國公有領域\銓敘部審查通過駐大阪辦事處蘇故總領事因公撫卹案\銓敘部審查通過駐大阪辦事處蘇故總領事因公撫卹案__juan_01.txt,537,473,0,separate,-0.04878048780487806,baihua-like,410,0.03414634146341464,0.026829268292682926,12.40625,0,0
中華民國公有領域,1068010,錄事田森玉報告漢口排日衝突次日情形與擬搭船離開致陸軍部總務廳機要科長函,錄事田森玉報告漢口排日衝突次日情形與擬搭船離開致陸軍部總務廳機要科長函,錄事田森玉報告漢口排日衝突次日情形與擬搭船離開致陸軍部總務廳機要科長函,1,scrape_output\raw\中華民國公有領域\錄事田森玉報告漢口排日衝突次日情形與擬搭船離開致陸軍部總務廳機要科長函\錄事田森玉報告漢口排日衝突次日情形與擬搭船離開致陸軍部總務廳機要科長函__juan_01.txt,scrape_output\clean\中華民國公有領域\錄事田森玉報告漢口排日衝突次日情形與擬搭船離開致陸軍部總務廳機要科長函\錄事田森玉報告漢口排日衝突次日情形與擬搭船離開致陸軍部總務廳機要科長函__juan_01.txt,806,763,0,separate,0.13706896551724138,wenyan-like,696,0.033045977011494254,0.04310344827586207,15.318181818181818,0,0
中華民國公有領域,1068007,錄事田森玉報告漢口晚間排日滅燈衝突情形致陸軍部次長徐樹錚函,錄事田森玉報告漢口晚間排日滅燈衝突情形致陸軍部次長徐樹錚函,錄事田森玉報告漢口晚間排日滅燈衝突情形致陸軍部次長徐樹錚函,1,scrape_output\raw\中華民國公有領域\錄事田森玉報告漢口晚間排日滅燈衝突情形致陸軍部次長徐樹錚函\錄事田森玉報告漢口晚間排日滅燈衝突情形致陸軍部次長徐樹錚函__juan_01.txt,scrape_output\clean\中華民國公有領域\錄事田森玉報告漢口晚間排日滅燈衝突情形致陸軍部次長徐樹錚函\錄事田森玉報告漢口晚間排日滅燈衝突情形致陸軍部次長徐樹錚函__juan_01.txt,1494,1449,0,separate,0.3262008733624454,wenyan-like,1374,0.017467248908296942,0.039301310043668124,27.510204081632654,0,0
中華民國公有領域,7747,開羅宣言,開羅宣言,開羅宣言,1,scrape_output\raw\中華民國公有領域\開羅宣言\開羅宣言__juan_01.txt,scrape_output\clean\中華民國公有領域\開羅宣言\開羅宣言__juan_01.txt,831,780,0,separate,0.1387482419127989,wenyan-like,711,0.03375527426160337,0.0450070323488045,18.263157894736842,0,0
中華民國公有領域,1129053,關於「一個中國」的涵義,關於「一個中國」的涵義,關於「一個中國」的涵義,1,scrape_output\suspected_baihua\raw\中華民國公有領域\關於「一個中國」的涵義\關於「一個中國」的涵義__juan_01.txt,scrape_output\suspected_baihua\clean\中華民國公有領域\關於「一個中國」的涵義\關於「一個中國」的涵義__juan_01.txt,787,744,0,separate,-0.05900151285930408,baihua-like,661,0.046898638426626324,0.04084720121028744,13.16326530612245,0,0
中華民國公有領域,1097151,關於大連之協定,關於大連之協定,關於大連之協定,1,scrape_output\raw\中華民國公有領域\關於大連之協定\關於大連之協定__juan_01.txt,scrape_output\clean\中華民國公有領域\關於大連之協定\關於大連之協定__juan_01.txt,1289,1236,0,separate,0.16332149200710477,wenyan-like,1126,0.020426287744227355,0.037300177619893425,20.48148148148148,0,0
中華民國公有領域,1085874,關於救亡圖存的幾句話,關於救亡圖存的幾句話,關於救亡圖存的幾句話,1,scrape_output\raw\中華民國公有領域\關於救亡圖存的幾句話\關於救亡圖存的幾句話__juan_01.txt,scrape_output\clean\中華民國公有領域\關於救亡圖存的幾句話\關於救亡圖存的幾句話__juan_01.txt,10559,10470,0,separate,0.1363457760314342,wenyan-like,10180,0.08172888015717092,0.04076620825147348,83.97520661157024,0,0
中華民國公有領域,1097215,關於旅順口之協定,關於旅順口之協定,關於旅順口之協定,1,scrape_output\raw\中華民國公有領域\關於旅順口之協定\關於旅順口之協定__juan_01.txt,scrape_output\clean\中華民國公有領域\關於旅順口之協定\關於旅順口之協定__juan_01.txt,1822,1727,0,separate,0.1294973544973545,wenyan-like,1512,0.031084656084656083,0.036375661375661374,20.845070422535212,0,0
中華民國公有領域,1169323,阿根廷邦联宪法 (1860年),阿根廷邦联宪法 (1860年),阿根廷邦联宪法 (1860年),1,scrape_output\raw\中華民國公有領域\阿根廷邦联宪法 (1860年)\阿根廷邦联宪法 (1860年)__juan_01.txt,scrape_output\clean\中華民國公有領域\阿根廷邦联宪法 (1860年)\阿根廷邦联宪法 (1860年)__juan_01.txt,10445,10300,0,separate,0.19399412011759765,wenyan-like,9524,0.02215455690886182,0.055228895422091556,18.524193548387096,0,0
中華民國公有領域,1169465,阿爾及利亞共和國憲法 (1963年),阿爾及利亞共和國憲法 (1963年),阿爾及利亞共和國憲法 (1963年),1,scrape_output\suspected_baihua\raw\中華民國公有領域\阿爾及利亞共和國憲法 (1963年)\阿爾及利亞共和國憲法 (1963年)__juan_01.txt,scrape_output\suspected_baihua\clean\中華民國公有領域\阿爾及利亞共和國憲法 (1963年)\阿爾及利亞共和國憲法 (1963年)__juan_01.txt,5989,5943,0,separate,-0.01522905884608014,baihua-like,5217,0.057887674908951504,0.004216982940387195,21.369747899159663,0,0
中華民國公有領域,1169467,阿爾巴尼亞人民共和國憲法 (1946年),阿爾巴尼亞人民共和國憲法 (1946年),阿爾巴尼亞人民共和國憲法 (1946年),1,scrape_output\raw\中華民國公有領域\阿爾巴尼亞人民共和國憲法 (1946年)\阿爾巴尼亞人民共和國憲法 (1946年)__juan_01.txt,scrape_output\clean\中華民國公有領域\阿爾巴尼亞人民共和國憲法 (1946年)\阿爾巴尼亞人民共和國憲法 (1946年)__juan_01.txt,8395,8383,0,separate,0.18402268178785858,wenyan-like,7495,0.02228152101400934,0.05043362241494329,20.041322314049587,0,0
中華民國公有領域,1078489,陝西渭北十五縣國民代表大會取銷靖國軍名義且推于右任改充陝西全省自治籌備會會長之通電,陝西渭北十五縣國民代表大會取銷靖國軍名義且推于右任改充陝西全省自治籌備會會長之通電,陝西渭北十五縣國民代表大會取銷靖國軍名義且推于右任改充陝西全省自治籌備會會長之通電,1,scrape_output\raw\中華民國公有領域\陝西渭北十五縣國民代表大會取銷靖國軍名義且推于右任改充陝西全省自治籌備會會長之通電\陝西渭北十五縣國民代表大會取銷靖國軍名義且推于右任改充陝西全省自治籌備會會長之通電__juan_01.txt,scrape_output\clean\中華民國公有領域\陝西渭北十五縣國民代表大會取銷靖國軍名義且推于右任改充陝西全省自治籌備會會長之通電\陝西渭北十五縣國民代表大會取銷靖國軍名義且推于右任改充陝西全省自治籌備會會長之通電__juan_01.txt,1103,1059,0,separate,0.13092369477911647,wenyan-like,996,0.01706827309236948,0.01606425702811245,21.555555555555557,0,0
中華民國公有領域,1078485,陝西省議會議員致李述膺電文轉南北議和各代表,陝西省議會議員致李述膺電文轉南北議和各代表,陝西省議會議員致李述膺電文轉南北議和各代表,1,scrape_output\raw\中華民國公有領域\陝西省議會議員致李述膺電文轉南北議和各代表\陝西省議會議員致李述膺電文轉南北議和各代表__juan_01.txt,scrape_output\clean\中華民國公有領域\陝西省議會議員致李述膺電文轉南北議和各代表\陝西省議會議員致李述膺電文轉南北議和各代表__juan_01.txt,1169,1124,0,separate,0.18050524308865587,wenyan-like,1049,0.015252621544327931,0.03813155386081983,15.703125,0,0
中華民國公有領域,1080743,陝西督軍劉鎮華為長沙日鑑慘殺市民抗議電,陝西督軍劉鎮華為長沙日鑑慘殺市民抗議電,陝西督軍劉鎮華為長沙日鑑慘殺市民抗議電,1,scrape_output\suspected_baihua\raw\中華民國公有領域\陝西督軍劉鎮華為長沙日鑑慘殺市民抗議電\陝西督軍劉鎮華為長沙日鑑慘殺市民抗議電__juan_01.txt,scrape_output\suspected_baihua\clean\中華民國公有領域\陝西督軍劉鎮華為長沙日鑑慘殺市民抗議電\陝西督軍劉鎮華為長沙日鑑慘殺市民抗議電__juan_01.txt,593,550,0,separate,-0.03285420944558522,baihua-like,487,0.028747433264887063,0.026694045174537988,12.702702702702704,0,0
中華民國公有領域,1080585,陝西關中道尹奉省長令查照外交部嚴加防範國恥紀念激烈舉動文訓令轉飭各縣知事一體知照,陝西關中道尹奉省長令查照外交部嚴加防範國恥紀念激烈舉動文訓令轉飭各縣知事一體知照,陝西關中道尹奉省長令查照外交部嚴加防範國恥紀念激烈舉動文訓令轉飭各縣知事一體知照,1,scrape_output\suspected_baihua\raw\中華民國公有領域\陝西關中道尹奉省長令查照外交部嚴加防範國恥紀念激烈舉動文訓令轉飭各縣知事一體知照\陝西關中道尹奉省長令查照外交部嚴加防範國恥紀念激烈舉動文訓令轉飭各縣知事一體知照__juan_01.txt,scrape_output\suspected_baihua\clean\中華民國公有領域\陝西關中道尹奉省長令查照外交部嚴加防範國恥紀念激烈舉動文訓令轉飭各縣知事一體知照\陝西關中道尹奉省長令查照外交部嚴加防範國恥紀念激烈舉動文訓令轉飭各縣知事一體知照__juan_01.txt,756,711,0,separate,-0.0359375,baihua-like,640,0.0265625,0.021875,13.688888888888888,0,0
中華民國公有領域,1109123,陸委會對中共對臺白皮書的聲明 (民國111年),陸委會對中共對臺白皮書的聲明 (民國111年),陸委會對中共對臺白皮書的聲明 (民國111年),1,scrape_output\raw\中華民國公有領域\陸委會對中共對臺白皮書的聲明 (民國111年)\陸委會對中共對臺白皮書的聲明 (民國111年)__juan_01.txt,scrape_output\clean\中華民國公有領域\陸委會對中共對臺白皮書的聲明 (民國111年)\陸委會對中共對臺白皮書的聲明 (民國111年)__juan_01.txt,1120,1055,0,separate,0.035162601626016254,wenyan-like,984,0.049796747967479675,0.017276422764227643,24.1,0,0
中華民國公有領域,1199979,陸委會強烈譴責中共對台聯合演訓，嚴重破壞台海及區域和平穩定,陸委會強烈譴責中共對台聯合演訓，嚴重破壞台海及區域和平穩定,陸委會強烈譴責中共對台聯合演訓，嚴重破壞台海及區域和平穩定,1,scrape_output\suspected_baihua\raw\中華民國公有領域\陸委會強烈譴責中共對台聯合演訓，嚴重破壞台海及區域和平穩定\陸委會強烈譴責中共對台聯合演訓，嚴重破壞台海及區域和平穩定__juan_01.txt,scrape_output\suspected_baihua\clean\中華民國公有領域\陸委會強烈譴責中共對台聯合演訓，嚴重破壞台海及區域和平穩定\陸委會強烈譴責中共對台聯合演訓，嚴重破壞台海及區域和平穩定__juan_01.txt,1104,1054,0,separate,-0.08491620111731842,baihua-like,895,0.042458100558659215,0.021229050279329607,6.813953488372093,0,0
中華民國公有領域,1146789,陸委會強烈譴責中共誘拉我邦交國、破壞兩岸現狀,陸委會強烈譴責中共誘拉我邦交國、破壞兩岸現狀,陸委會強烈譴責中共誘拉我邦交國、破壞兩岸現狀,1,scrape_output\raw\中華民國公有領域\陸委會強烈譴責中共誘拉我邦交國、破壞兩岸現狀\陸委會強烈譴責中共誘拉我邦交國、破壞兩岸現狀__juan_01.txt,scrape_output\clean\中華民國公有領域\陸委會強烈譴責中共誘拉我邦交國、破壞兩岸現狀\陸委會強烈譴責中共誘拉我邦交國、破壞兩岸現狀__juan_01.txt,769,723,0,separate,0.04692307692307693,wenyan-like,650,0.047692307692307694,0.02,19.96875,0,0
中華民國公有領域,1109124,陸委會聲明反對中共武力侵犯、破壞臺海和平 (民國111年),陸委會聲明反對中共武力侵犯、破壞臺海和平 (民國111年),陸委會聲明反對中共武力侵犯、破壞臺海和平 (民國111年),1,scrape_output\raw\中華民國公有領域\陸委會聲明反對中共武力侵犯、破壞臺海和平 (民國111年)\陸委會聲明反對中共武力侵犯、破壞臺海和平 (民國111年)__juan_01.txt,scrape_output\clean\中華民國公有領域\陸委會聲明反對中共武力侵犯、破壞臺海和平 (民國111年)\陸委會聲明反對中共武力侵犯、破壞臺海和平 (民國111年)__juan_01.txt,1016,955,0,separate,0.08863636363636364,wenyan-like,880,0.03636363636363636,0.023863636363636365,22.68421052631579,0,0
中華民國公有領域,1111973,陸委會針對港方擬委任人員清算香港蘋果日報臺灣分公司之嚴正聲明,陸委會針對港方擬委任人員清算香港蘋果日報臺灣分公司之嚴正聲明,陸委會針對港方擬委任人員清算香港蘋果日報臺灣分公司之嚴正聲明,1,scrape_output\raw\中華民國公有領域\陸委會針對港方擬委任人員清算香港蘋果日報臺灣分公司之嚴正聲明\陸委會針對港方擬委任人員清算香港蘋果日報臺灣分公司之嚴正聲明__juan_01.txt,scrape_output\clean\中華民國公有領域\陸委會針對港方擬委任人員清算香港蘋果日報臺灣分公司之嚴正聲明\陸委會針對港方擬委任人員清算香港蘋果日報臺灣分公司之嚴正聲明__juan_01.txt,746,684,0,separate,0.15486223662884926,wenyan-like,617,0.024311183144246355,0.03889789303079417,17.2,0,0
中華民國公有領域,1067047,陸海軍大元帥統率辦事處令選剿白朗之軍隊分路搜捕,陸海軍大元帥統率辦事處令選剿白朗之軍隊分路搜捕,陸海軍大元帥統率辦事處令選剿白朗之軍隊分路搜捕,1,scrape_output\suspected_baihua\raw\中華民國公有領域\陸海軍大元帥統率辦事處令選剿白朗之軍隊分路搜捕\陸海軍大元帥統率辦事處令選剿白朗之軍隊分路搜捕__juan_01.txt,scrape_output\suspected_baihua\clean\中華民國公有領域\陸海軍大元帥統率辦事處令選剿白朗之軍隊分路搜捕\陸海軍大元帥統率辦事處令選剿白朗之軍隊分路搜捕__juan_01.txt,642,598,0,separate,-0.029906542056074764,baihua-like,535,0.026168224299065422,0.024299065420560748,13.578947368421053,0,0
中華民國公有領域,1067046,陸海軍大元帥統率辦事處轉大元帥令加強清鄉辦法殲滅白朗部,陸海軍大元帥統率辦事處轉大元帥令加強清鄉辦法殲滅白朗部,陸海軍大元帥統率辦事處轉大元帥令加強清鄉辦法殲滅白朗部,1,scrape_output\suspected_baihua\raw\中華民國公有領域\陸海軍大元帥統率辦事處轉大元帥令加強清鄉辦法殲滅白朗部\陸海軍大元帥統率辦事處轉大元帥令加強清鄉辦法殲滅白朗部__juan_01.txt,scrape_output\suspected_baihua\clean\中華民國公有領域\陸海軍大元帥統率辦事處轉大元帥令加強清鄉辦法殲滅白朗部\陸海軍大元帥統率辦事處轉大元帥令加強清鄉辦法殲滅白朗部__juan_01.txt,731,687,0,separate,-0.00964630225080386,baihua-like,622,0.02572347266881029,0.03376205787781351,14.285714285714286,0,0
中華民國公有領域,1067045,陸海軍大元帥統率辦事處轉大元帥令酌量焚毀白朗部駐所,陸海軍大元帥統率辦事處轉大元帥令酌量焚毀白朗部駐所,陸海軍大元帥統率辦事處轉大元帥令酌量焚毀白朗部駐所,1,scrape_output\suspected_baihua\raw\中華民國公有領域\陸海軍大元帥統率辦事處轉大元帥令酌量焚毀白朗部駐所\陸海軍大元帥統率辦事處轉大元帥令酌量焚毀白朗部駐所__juan_01.txt,scrape_output\suspected_baihua\clean\中華民國公有領域\陸海軍大元帥統率辦事處轉大元帥令酌量焚毀白朗部駐所\陸海軍大元帥統率辦事處轉大元帥令酌量焚毀白朗部駐所__juan_01.txt,597,554,0,separate,-0.038696537678207736,baihua-like,491,0.03054989816700611,0.026476578411405296,12.421052631578947,0,0
中華民國公有領域,1080717,陸軍中將右翼總兵報探員偵在京勞動會情形報告呈京畿衛戍總司令,陸軍中將右翼總兵報探員偵在京勞動會情形報告呈京畿衛戍總司令,陸軍中將右翼總兵報探員偵在京勞動會情形報告呈京畿衛戍總司令,1,scrape_output\raw\中華民國公有領域\陸軍中將右翼總兵報探員偵在京勞動會情形報告呈京畿衛戍總司令\陸軍中將右翼總兵報探員偵在京勞動會情形報告呈京畿衛戍總司令__juan_01.txt,scrape_output\clean\中華民國公有領域\陸軍中將右翼總兵報探員偵在京勞動會情形報告呈京畿衛戍總司令\陸軍中將右翼總兵報探員偵在京勞動會情形報告呈京畿衛戍總司令__juan_01.txt,781,736,0,separate,0.10182724252491694,wenyan-like,602,0.03156146179401993,0.023255813953488372,17.157894736842106,0,0
中華民國公有領域,1108597,陸軍司令部發布新聞稿，說明媒體報導「東引火砲射擊演練引發火燒山，軍方暫停操演」乙情。,陸軍司令部發布新聞稿，說明媒體報導「東引火砲射擊演練引發火燒山，軍方暫停操演」乙情。,陸軍司令部發布新聞稿，說明媒體報導「東引火砲射擊演練引發火燒山，軍方暫停操演」乙情。,1,scrape_output\suspected_baihua\raw\中華民國公有領域\陸軍司令部發布新聞稿，說明媒體報導「東引火砲射擊演練引發火燒山，軍方暫停操演」乙情。\陸軍司令部發布新聞稿，說明媒體報導「東引火砲射擊演練引發火燒山，軍方暫停操演」乙情。__juan_01.txt,scrape_output\suspected_baihua\clean\中華民國公有領域\陸軍司令部發布新聞稿，說明媒體報導「東引火砲射擊演練引發火燒山，軍方暫停操演」乙情。\陸軍司令部發布新聞稿，說明媒體報導「東引火砲射擊演練引發火燒山，軍方暫停操演」乙情。__juan_01.txt,596,529,0,separate,-0.07592190889370934,baihua-like,461,0.04121475054229935,0.02386117136659436,12.5,0,0
中華民國公有領域,134887,集中力量发展武装，建立抗日根据地,集中力量发展武装，建立抗日根据地,集中力量发展武装，建立抗日根据地,1,scrape_output\raw\中華民國公有領域\集中力量发展武装，建立抗日根据地\集中力量发展武装，建立抗日根据地__juan_01.txt,scrape_output\clean\中華民國公有領域\集中力量发展武装，建立抗日根据地\集中力量发展武装，建立抗日根据地__juan_01.txt,1316,1254,0,separate,0.1874061718098415,wenyan-like,1199,0.045871559633027525,0.012510425354462052,28.634146341463413,0,0
中華民國公有領域,7360,雙十協定,雙十協定,雙十協定,1,scrape_output\raw\中華民國公有領域\雙十協定\雙十協定__juan_01.txt,scrape_output\clean\中華民國公有領域\雙十協定\雙十協定__juan_01.txt,3254,3204,0,separate,0.1042462146148782,wenyan-like,3038,0.029295589203423306,0.02106649111257406,21.3,0,0
中華民國公有領域,11084,雪恥救國之道,雪恥救國之道,雪恥救國之道,1,scrape_output\suspected_baihua\raw\中華民國公有領域\雪恥救國之道\雪恥救國之道__juan_01.txt,scrape_output\suspected_baihua\clean\中華民國公有領域\雪恥救國之道\雪恥救國之道__juan_01.txt,5468,5424,0,separate,-0.10157332833864019,baihua-like,5339,0.14197415246300804,0.012174564525191984,38.72592592592593,0,0
中華民國公有領域,1068005,雲南巡按使署奉中華民國大總統申令告示嚴拿懲辦假托排日擾亂治安者,雲南巡按使署奉中華民國大總統申令告示嚴拿懲辦假托排日擾亂治安者,雲南巡按使署奉中華民國大總統申令告示嚴拿懲辦假托排日擾亂治安者,1,scrape_output\suspected_baihua\raw\中華民國公有領域\雲南巡按使署奉中華民國大總統申令告示嚴拿懲辦假托排日擾亂治安者\雲南巡按使署奉中華民國大總統申令告示嚴拿懲辦假托排日擾亂治安者__juan_01.txt,scrape_output\suspected_baihua\clean\中華民國公有領域\雲南巡按使署奉中華民國大總統申令告示嚴拿懲辦假托排日擾亂治安者\雲南巡按使署奉中華民國大總統申令告示嚴拿懲辦假托排日擾亂治安者__juan_01.txt,779,736,0,separate,-0.03619909502262444,baihua-like,663,0.027149321266968326,0.02262443438914027,13.680851063829786,0,0
中華民國公有領域,1043949,電告成都劉湘總司令、程澤潤特派員轉安撫委員會暨宣、綏、儀、營等收復區難民代表文,電告成都劉湘總司令、程澤潤特派員轉安撫委員會暨宣、綏、儀、營等收復區難民代表文,電告成都劉湘總司令、程澤潤特派員轉安撫委員會暨宣、綏、儀、營等收復區難民代表文,1,scrape_output\raw\中華民國公有領域\電告成都劉湘總司令、程澤潤特派員轉安撫委員會暨宣、綏、儀、營等收復區難民代表文\電告成都劉湘總司令、程澤潤特派員轉安撫委員會暨宣、綏、儀、營等收復區難民代表文__juan_01.txt,scrape_output\clean\中華民國公有領域\電告成都劉湘總司令、程澤潤特派員轉安撫委員會暨宣、綏、儀、營等收復區難民代表文\電告成都劉湘總司令、程澤潤特派員轉安撫委員會暨宣、綏、儀、營等收復區難民代表文__juan_01.txt,817,774,0,separate,0.1387482419127989,wenyan-like,711,0.02812939521800281,0.03656821378340366,19.885714285714286,0,0
中華民國公有領域,183968,電府屬各機關學校為奉層令規定卅七年夏令時間自卅年五月一日零時起至九月卅日午夜廿四時止 (民國37年臺灣省政府代電),電府屬各機關學校為奉層令規定卅七年夏令時間自卅年五月一日零時起至九月卅日午夜廿四時止 (民國37年臺灣省政府代電),電府屬各機關學校為奉層令規定卅七年夏令時間自卅年五月一日零時起至九月卅日午夜廿四時止 (民國37年臺灣省政府代電),1,scrape_output\raw\中華民國公有領域\電府屬各機關學校為奉層令規定卅七年夏令時間自卅年五月一日零時起至九月卅日午夜廿四時止 (民國37年臺灣省政府代電)\電府屬各機關學校為奉層令規定卅七年夏令時間自卅年五月一日零時起至九月卅日午夜廿四時止 (民國37年臺灣省政府代電)__juan_01.txt,scrape_output\clean\中華民國公有領域\電府屬各機關學校為奉層令規定卅七年夏令時間自卅年五月一日零時起至九月卅日午夜廿四時止 (民國37年臺灣省政府代電)\電府屬各機關學校為奉層令規定卅七年夏令時間自卅年五月一日零時起至九月卅日午夜廿四時止 (民國37年臺灣省政府代電)__juan_01.txt,782,725,0,separate,0.11615384615384616,wenyan-like,650,0.024615384615384615,0.02,15.925,0,0
中華民國公有領域,183966,電府屬各機關學校為本年夏令時間奉令延長至卅六年十月卅一日午夜廿四時止 (民國36年臺灣省政府代電),電府屬各機關學校為本年夏令時間奉令延長至卅六年十月卅一日午夜廿四時止 (民國36年臺灣省政府代電),電府屬各機關學校為本年夏令時間奉令延長至卅六年十月卅一日午夜廿四時止 (民國36年臺灣省政府代電),1,scrape_output\raw\中華民國公有領域\電府屬各機關學校為本年夏令時間奉令延長至卅六年十月卅一日午夜廿四時止 (民國36年臺灣省政府代電)\電府屬各機關學校為本年夏令時間奉令延長至卅六年十月卅一日午夜廿四時止 (民國36年臺灣省政府代電)__juan_01.txt,scrape_output\clean\中華民國公有領域\電府屬各機關學校為本年夏令時間奉令延長至卅六年十月卅一日午夜廿四時止 (民國36年臺灣省政府代電)\電府屬各機關學校為本年夏令時間奉令延長至卅六年十月卅一日午夜廿四時止 (民國36年臺灣省政府代電)__juan_01.txt,806,744,0,separate,0.1183734939759036,wenyan-like,664,0.022590361445783132,0.018072289156626505,15.13953488372093,0,0
中華民國公有領域,183973,電本省所屬各機關學校為三月一日零時起全國實行日光節約時間 (民國41年臺灣省政府代電),電本省所屬各機關學校為三月一日零時起全國實行日光節約時間 (民國41年臺灣省政府代電),電本省所屬各機關學校為三月一日零時起全國實行日光節約時間 (民國41年臺灣省政府代電),1,scrape_output\raw\中華民國公有領域\電本省所屬各機關學校為三月一日零時起全國實行日光節約時間 (民國41年臺灣省政府代電)\電本省所屬各機關學校為三月一日零時起全國實行日光節約時間 (民國41年臺灣省政府代電)__juan_01.txt,scrape_output\clean\中華民國公有領域\電本省所屬各機關學校為三月一日零時起全國實行日光節約時間 (民國41年臺灣省政府代電)\電本省所屬各機關學校為三月一日零時起全國實行日光節約時間 (民國41年臺灣省政府代電)__juan_01.txt,1118,1069,0,separate,0.11724667349027636,wenyan-like,977,0.022517911975435005,0.017400204708290685,22.58139534883721,0,0
中華民國公有領域,183971,電省屬各機關學校為奉行政院令自五月一日零時起施行夏令時間 (民國39年臺灣省政府代電),電省屬各機關學校為奉行政院令自五月一日零時起施行夏令時間 (民國39年臺灣省政府代電),電省屬各機關學校為奉行政院令自五月一日零時起施行夏令時間 (民國39年臺灣省政府代電),1,scrape_output\raw\中華民國公有領域\電省屬各機關學校為奉行政院令自五月一日零時起施行夏令時間 (民國39年臺灣省政府代電)\電省屬各機關學校為奉行政院令自五月一日零時起施行夏令時間 (民國39年臺灣省政府代電)__juan_01.txt,scrape_output\clean\中華民國公有領域\電省屬各機關學校為奉行政院令自五月一日零時起施行夏令時間 (民國39年臺灣省政府代電)\電省屬各機關學校為奉行政院令自五月一日零時起施行夏令時間 (民國39年臺灣省政府代電)__juan_01.txt,916,862,0,separate,0.1190721649484536,wenyan-like,776,0.023195876288659795,0.019329896907216496,17.813953488372093,0,0
中華民國公有領域,183972,電省屬各機關學校為奉行政院令自五月一日零時起施行夏令時間 (民國40年臺灣省政府代電),電省屬各機關學校為奉行政院令自五月一日零時起施行夏令時間 (民國40年臺灣省政府代電),電省屬各機關學校為奉行政院令自五月一日零時起施行夏令時間 (民國40年臺灣省政府代電),1,scrape_output\raw\中華民國公有領域\電省屬各機關學校為奉行政院令自五月一日零時起施行夏令時間 (民國40年臺灣省政府代電)\電省屬各機關學校為奉行政院令自五月一日零時起施行夏令時間 (民國40年臺灣省政府代電)__juan_01.txt,scrape_output\clean\中華民國公有領域\電省屬各機關學校為奉行政院令自五月一日零時起施行夏令時間 (民國40年臺灣省政府代電)\電省屬各機關學校為奉行政院令自五月一日零時起施行夏令時間 (民國40年臺灣省政府代電)__juan_01.txt,822,764,0,separate,0.09830132939438699,wenyan-like,677,0.028064992614475627,0.01624815361890694,15.880952380952381,0,0
中華民國公有領域,183970,電省屬各機關學校為奉行政院電知本年夏令時間仍照成例鐘點撥早一小時 (民國38年臺灣省政府代電),電省屬各機關學校為奉行政院電知本年夏令時間仍照成例鐘點撥早一小時 (民國38年臺灣省政府代電),電省屬各機關學校為奉行政院電知本年夏令時間仍照成例鐘點撥早一小時 (民國38年臺灣省政府代電),1,scrape_output\raw\中華民國公有領域\電省屬各機關學校為奉行政院電知本年夏令時間仍照成例鐘點撥早一小時 (民國38年臺灣省政府代電)\電省屬各機關學校為奉行政院電知本年夏令時間仍照成例鐘點撥早一小時 (民國38年臺灣省政府代電)__juan_01.txt,scrape_output\clean\中華民國公有領域\電省屬各機關學校為奉行政院電知本年夏令時間仍照成例鐘點撥早一小時 (民國38年臺灣省政府代電)\電省屬各機關學校為奉行政院電知本年夏令時間仍照成例鐘點撥早一小時 (民國38年臺灣省政府代電)__juan_01.txt,920,863,0,separate,0.1193486590038314,wenyan-like,783,0.022988505747126436,0.019157088122605363,17.906976744186046,0,0
中華民國公有領域,183969,電省屬各機關學校為本年夏令時間自五月一日零時起至九月卅日午後廿四時止 (民國38年臺灣省政府代電),電省屬各機關學校為本年夏令時間自五月一日零時起至九月卅日午後廿四時止 (民國38年臺灣省政府代電),電省屬各機關學校為本年夏令時間自五月一日零時起至九月卅日午後廿四時止 (民國38年臺灣省政府代電),1,scrape_output\raw\中華民國公有領域\電省屬各機關學校為本年夏令時間自五月一日零時起至九月卅日午後廿四時止 (民國38年臺灣省政府代電)\電省屬各機關學校為本年夏令時間自五月一日零時起至九月卅日午後廿四時止 (民國38年臺灣省政府代電)__juan_01.txt,scrape_output\clean\中華民國公有領域\電省屬各機關學校為本年夏令時間自五月一日零時起至九月卅日午後廿四時止 (民國38年臺灣省政府代電)\電省屬各機關學校為本年夏令時間自五月一日零時起至九月卅日午後廿四時止 (民國38年臺灣省政府代電)__juan_01.txt,822,760,0,separate,0.11612665684830631,wenyan-like,679,0.025036818851251842,0.020618556701030927,16.317073170731707,0,0
中華民國公有領域,183964,電知實行夏季時間 (民國35年臺灣省行政長官公署代電),電知實行夏季時間 (民國35年臺灣省行政長官公署代電),電知實行夏季時間 (民國35年臺灣省行政長官公署代電),1,scrape_output\raw\中華民國公有領域\電知實行夏季時間 (民國35年臺灣省行政長官公署代電)\電知實行夏季時間 (民國35年臺灣省行政長官公署代電)__juan_01.txt,scrape_output\clean\中華民國公有領域\電知實行夏季時間 (民國35年臺灣省行政長官公署代電)\電知實行夏季時間 (民國35年臺灣省行政長官公署代電)__juan_01.txt,715,670,0,separate,0.10993322203672787,wenyan-like,599,0.03005008347245409,0.025041736227045076,15.837837837837839,0,0
中華民國公有領域,1091390,電示臺灣省政府陳誠主席治臺方針,電示臺灣省政府陳誠主席治臺方針,電示臺灣省政府陳誠主席治臺方針,1,scrape_output\suspected_baihua\raw\中華民國公有領域\電示臺灣省政府陳誠主席治臺方針\電示臺灣省政府陳誠主席治臺方針__juan_01.txt,scrape_output\suspected_baihua\clean\中華民國公有領域\電示臺灣省政府陳誠主席治臺方針\電示臺灣省政府陳誠主席治臺方針__juan_01.txt,664,621,0,separate,-0.053956834532374084,baihua-like,556,0.039568345323741004,0.03237410071942446,14.18421052631579,0,0
中華民國公有領域,183965,電行政長官公署所屬各機關為奉令自卅六年四月十五日起實行夏令時間 (民國36年臺灣省行政長官公署代電),電行政長官公署所屬各機關為奉令自卅六年四月十五日起實行夏令時間 (民國36年臺灣省行政長官公署代電),電行政長官公署所屬各機關為奉令自卅六年四月十五日起實行夏令時間 (民國36年臺灣省行政長官公署代電),1,scrape_output\raw\中華民國公有領域\電行政長官公署所屬各機關為奉令自卅六年四月十五日起實行夏令時間 (民國36年臺灣省行政長官公署代電)\電行政長官公署所屬各機關為奉令自卅六年四月十五日起實行夏令時間 (民國36年臺灣省行政長官公署代電)__juan_01.txt,scrape_output\clean\中華民國公有領域\電行政長官公署所屬各機關為奉令自卅六年四月十五日起實行夏令時間 (民國36年臺灣省行政長官公署代電)\電行政長官公署所屬各機關為奉令自卅六年四月十五日起實行夏令時間 (民國36年臺灣省行政長官公署代電)__juan_01.txt,903,848,0,separate,0.11744791666666665,wenyan-like,768,0.024739583333333332,0.020833333333333332,17.558139534883722,0,0
中華民國公有領域,885161,青年遠征軍官兵應有之修養與準備,青年遠征軍官兵應有之修養與準備,青年遠征軍官兵應有之修養與準備,1,scrape_output\suspected_baihua\raw\中華民國公有領域\青年遠征軍官兵應有之修養與準備\青年遠征軍官兵應有之修養與準備__juan_01.txt,scrape_output\suspected_baihua\clean\中華民國公有領域\青年遠征軍官兵應有之修養與準備\青年遠征軍官兵應有之修養與準備__juan_01.txt,1988,1942,0,separate,-0.007528029898558497,baihua-like,1873,0.11532301121195943,0.019220501868659905,29.047619047619047,0,0
中華民國公有領域,1213981,面交另紙與英大使時口頭說明,面交另紙與英大使時口頭說明,面交另紙與英大使時口頭說明,1,scrape_output\suspected_baihua\raw\中華民國公有領域\面交另紙與英大使時口頭說明\面交另紙與英大使時口頭說明__juan_01.txt,scrape_output\suspected_baihua\clean\中華民國公有領域\面交另紙與英大使時口頭說明\面交另紙與英大使時口頭說明__juan_01.txt,633,582,0,separate,-0.023121387283236997,baihua-like,519,0.030828516377649325,0.03468208092485549,13.594594594594595,0,0
中華民國公有領域,192696,革命警察的職責,革命警察的職責,革命警察的職責,1,scrape_output\suspected_baihua\raw\中華民國公有領域\革命警察的職責\革命警察的職責__juan_01.txt,scrape_output\suspected_baihua\clean\中華民國公有領域\革命警察的職責\革命警察的職責__juan_01.txt,4747,4704,0,separate,-0.0996528531134736,baihua-like,4609,0.14189628986765024,0.013018008244738555,39.982300884955755,0,0
中華民國公有領域,21442,頒給勝利勳獎章條例,頒給勝利勳獎章條例,頒給勝利勳獎章條例,1,scrape_output\suspected_baihua\raw\中華民國公有領域\頒給勝利勳獎章條例\頒給勝利勳獎章條例__juan_01.txt,scrape_output\suspected_baihua\clean\中華民國公有領域\頒給勝利勳獎章條例\頒給勝利勳獎章條例__juan_01.txt,725,680,0,separate,-0.058528428093645474,baihua-like,598,0.0451505016722408,0.038461538461538464,14.170731707317072,0,0
中華民國公有領域,8044,頭髮的故事,頭髮的故事,頭髮的故事,1,scrape_output\suspected_baihua\raw\中華民國公有領域\頭髮的故事\頭髮的故事__juan_01.txt,scrape_output\suspected_baihua\clean\中華民國公有領域\頭髮的故事\頭髮的故事__juan_01.txt,3103,2992,0,separate,-0.1452996053103696,baihua-like,2787,0.1108719052744887,0.018658055256548258,15.369318181818182,0,0
中華民國公有領域,8045,風波,風波,風波,1,scrape_output\suspected_baihua\raw\中華民國公有領域\風波\風波__juan_01.txt,scrape_output\suspected_baihua\clean\中華民國公有領域\風波\風波__juan_01.txt,5282,5169,0,separate,-0.30309408545569355,baihua-like,4751,0.10987160597768891,0.013260366238686592,10.78688524590164,0,0
中華民國公有領域,1085486,食品外送作業安全衛生指引,食品外送作業安全衛生指引,食品外送作業安全衛生指引,1,scrape_output\raw\中華民國公有領域\食品外送作業安全衛生指引\食品外送作業安全衛生指引__juan_01.txt,scrape_output\clean\中華民國公有領域\食品外送作業安全衛生指引\食品外送作業安全衛生指引__juan_01.txt,1771,1728,0,separate,0.3076238881829733,wenyan-like,1574,0.012706480304955527,0.022871664548919948,26.06779661016949,0,0
中華民國公有領域,195978,馬總統正式會談談話全文,馬總統正式會談談話全文,馬總統正式會談談話全文,1,scrape_output\suspected_baihua\raw\中華民國公有領域\馬總統正式會談談話全文\馬總統正式會談談話全文__juan_01.txt,scrape_output\suspected_baihua\clean\中華民國公有領域\馬總統正式會談談話全文\馬總統正式會談談話全文__juan_01.txt,4395,4259,0,separate,-0.016574452730334366,baihua-like,4157,0.11161895597786865,0.009141207601635795,47.66279069767442,0,0
中華民國公有領域,195979,馬總統開場談話全文,馬總統開場談話全文,馬總統開場談話全文,1,scrape_output\raw\中華民國公有領域\馬總統開場談話全文\馬總統開場談話全文__juan_01.txt,scrape_output\clean\中華民國公有領域\馬總統開場談話全文\馬總統開場談話全文__juan_01.txt,1921,1833,0,separate,0.09700977573317998,wenyan-like,1739,0.07763082231167337,0.014951121334100058,26.046153846153846,0,0
中華民國公有領域,339923,馬英九起訴書,馬英九起訴書,馬英九起訴書,1,scrape_output\raw\中華民國公有領域\馬英九起訴書\馬英九起訴書__juan_01.txt,scrape_output\clean\中華民國公有領域\馬英九起訴書\馬英九起訴書__juan_01.txt,46354,42335,0,separate,0.2563505427039349,wenyan-like,38603,0.035981659456518926,0.03214776053674585,103.29528535980148,0,0
中華民國公有領域,1094286,駐俄代辦夏維崧報告蘇俄二次通牒大意致外交部電 (民國18年7月19日),駐俄代辦夏維崧報告蘇俄二次通牒大意致外交部電 (民國18年7月19日),駐俄代辦夏維崧報告蘇俄二次通牒大意致外交部電 (民國18年7月19日),1,scrape_output\raw\中華民國公有領域\駐俄代辦夏維崧報告蘇俄二次通牒大意致外交部電 (民國18年7月19日)\駐俄代辦夏維崧報告蘇俄二次通牒大意致外交部電 (民國18年7月19日)__juan_01.txt,scrape_output\clean\中華民國公有領域\駐俄代辦夏維崧報告蘇俄二次通牒大意致外交部電 (民國18年7月19日)\駐俄代辦夏維崧報告蘇俄二次通牒大意致外交部電 (民國18年7月19日)__juan_01.txt,1557,1514,0,separate,0.31168384879725086,wenyan-like,1455,0.029553264604810996,0.05017182130584193,34.07142857142857,0,0
中華民國公有領域,892070,駐大阪辦事處蘇處長自殺案，監院糾正外交部並還蘇處長及大阪處同仁公道 另就蘇處長因公撫卹部分請銓敘部參酌,駐大阪辦事處蘇處長自殺案，監院糾正外交部並還蘇處長及大阪處同仁公道 另就蘇處長因公撫卹部分請銓敘部參酌,駐大阪辦事處蘇處長自殺案，監院糾正外交部並還蘇處長及大阪處同仁公道 另就蘇處長因公撫卹部分請銓敘部參酌,1,scrape_output\raw\中華民國公有領域\駐大阪辦事處蘇處長自殺案，監院糾正外交部並還蘇處長及大阪處同仁公道 另就蘇處長因公撫卹部分請銓敘部參酌\駐大阪辦事處蘇處長自殺案，監院糾正外交部並還蘇處長及大阪處同仁公道 另就蘇處長因公撫卹部分請銓敘部參酌__juan_01.txt,scrape_output\clean\中華民國公有領域\駐大阪辦事處蘇處長自殺案，監院糾正外交部並還蘇處長及大阪處同仁公道 另就蘇處長因公撫卹部分請銓敘部參酌\駐大阪辦事處蘇處長自殺案，監院糾正外交部並還蘇處長及大阪處同仁公道 另就蘇處長因公撫卹部分請銓敘部參酌__juan_01.txt,3845,3546,0,separate,0.2982613735149232,wenyan-like,3451,0.02028397565922921,0.029556650246305417,62.09090909090909,0,0
中華民國公有領域,1004128,駐日本大阪辦事處蘇啟誠處長不幸離世 賴揆表達悲痛與不捨,駐日本大阪辦事處蘇啟誠處長不幸離世 賴揆表達悲痛與不捨,駐日本大阪辦事處蘇啟誠處長不幸離世 賴揆表達悲痛與不捨,1,scrape_output\raw\中華民國公有領域\駐日本大阪辦事處蘇啟誠處長不幸離世 賴揆表達悲痛與不捨\駐日本大阪辦事處蘇啟誠處長不幸離世 賴揆表達悲痛與不捨__juan_01.txt,scrape_output\clean\中華民國公有領域\駐日本大阪辦事處蘇啟誠處長不幸離世 賴揆表達悲痛與不捨\駐日本大阪辦事處蘇啟誠處長不幸離世 賴揆表達悲痛與不捨__juan_01.txt,609,542,0,separate,0.068580375782881,wenyan-like,479,0.04384133611691023,0.025052192066805846,15.6,0,0
中華民國公有領域,1211680,體育署補助運動科學 以選手為服務對象非研究對象 計劃聚焦提升團隊競技實力,體育署補助運動科學 以選手為服務對象非研究對象 計劃聚焦提升團隊競技實力,體育署補助運動科學 以選手為服務對象非研究對象 計劃聚焦提升團隊競技實力,1,scrape_output\raw\中華民國公有領域\體育署補助運動科學 以選手為服務對象非研究對象 計劃聚焦提升團隊競技實力\體育署補助運動科學 以選手為服務對象非研究對象 計劃聚焦提升團隊競技實力__juan_01.txt,scrape_output\clean\中華民國公有領域\體育署補助運動科學 以選手為服務對象非研究對象 計劃聚焦提升團隊競技實力\體育署補助運動科學 以選手為服務對象非研究對象 計劃聚焦提升團隊競技實力__juan_01.txt,920,868,0,separate,0.051390644753476614,wenyan-like,791,0.045512010113780026,0.018963337547408345,20.289473684210527,0,0
中華民國公有領域,888215,高院106年度侵上訴字第84號被告王凱民妨害性自主案件之新聞稿,高院106年度侵上訴字第84號被告王凱民妨害性自主案件之新聞稿,高院106年度侵上訴字第84號被告王凱民妨害性自主案件之新聞稿,1,scrape_output\raw\中華民國公有領域\高院106年度侵上訴字第84號被告王凱民妨害性自主案件之新聞稿\高院106年度侵上訴字第84號被告王凱民妨害性自主案件之新聞稿__juan_01.txt,scrape_output\clean\中華民國公有領域\高院106年度侵上訴字第84號被告王凱民妨害性自主案件之新聞稿\高院106年度侵上訴字第84號被告王凱民妨害性自主案件之新聞稿__juan_01.txt,1909,1788,0,separate,0.28239436619718306,wenyan-like,1704,0.03403755868544601,0.04225352112676056,29.31578947368421,0,0
中華民國公有領域,892542,高雄旗津至溫州洞頭「小三通」首航是騙局，意在製造發大財假象，挑戰中央在兩岸事務的權責,高雄旗津至溫州洞頭「小三通」首航是騙局，意在製造發大財假象，挑戰中央在兩岸事務的權責,高雄旗津至溫州洞頭「小三通」首航是騙局，意在製造發大財假象，挑戰中央在兩岸事務的權責,1,scrape_output\raw\中華民國公有領域\高雄旗津至溫州洞頭「小三通」首航是騙局，意在製造發大財假象，挑戰中央在兩岸事務的權責\高雄旗津至溫州洞頭「小三通」首航是騙局，意在製造發大財假象，挑戰中央在兩岸事務的權責__juan_01.txt,scrape_output\clean\中華民國公有領域\高雄旗津至溫州洞頭「小三通」首航是騙局，意在製造發大財假象，挑戰中央在兩岸事務的權責\高雄旗津至溫州洞頭「小三通」首航是騙局，意在製造發大財假象，挑戰中央在兩岸事務的權責__juan_01.txt,1374,1264,0,separate,0.2520605550883095,wenyan-like,1189,0.031118587047939444,0.022708158116063918,26.5,0,0
中華民國公有領域,183155,魯迅全集 (1938年),魯迅全集 (1938年),魯迅全集 (1938年),1,scrape_output\suspected_baihua\raw\中華民國公有領域\魯迅全集 (1938年)\魯迅全集 (1938年)__juan_01.txt,scrape_output\suspected_baihua\clean\中華民國公有領域\魯迅全集 (1938年)\魯迅全集 (1938年)__juan_01.txt,2274,2104,0,separate,-0.055067369654364366,baihua-like,1707,0.03397773872290568,0.023432923257176334,8.066666666666666,0,0
