category,pageid,work_title,page_title,work_folder,juan_index,raw_path,clean_path,char_count_raw,char_count_clean,is_empty_page,wenyan_mode,wenyan_score,wenyan_label,wenyan_chars,wenyan_modern_density,wenyan_classical_density,wenyan_avg_sentence_len,wenyan_is_poetry,wenyan_short_text
元朝,321976,《文丞相傳》序,《文丞相傳》序,《文丞相傳》序,1,scrape_output\raw\元朝\《文丞相傳》序\《文丞相傳》序__juan_01.txt,scrape_output\clean\元朝\《文丞相傳》序\《文丞相傳》序__juan_01.txt,635,591,0,separate,0.3789156626506024,wenyan-like,581,0.008605851979345954,0.12736660929432014,19.928571428571427,0,0
元朝,886708,䕶先妣國夫人喪南行奉别尊大人領省,䕶先妣國夫人喪南行奉别尊大人領省,䕶先妣國夫人喪南行奉别尊大人領省,1,scrape_output\raw\元朝\䕶先妣國夫人喪南行奉别尊大人領省\䕶先妣國夫人喪南行奉别尊大人領省__juan_01.txt,scrape_output\clean\元朝\䕶先妣國夫人喪南行奉别尊大人領省\䕶先妣國夫人喪南行奉别尊大人領省__juan_01.txt,115,71,0,separate,0.06349206349206349,unknown,63,0.0,0.031746031746031744,8.571428571428571,0,1
元朝,766431,丁卯冬季即事,丁卯冬季即事,丁卯冬季即事,1,scrape_output\raw\元朝\丁卯冬季即事\丁卯冬季即事__juan_01.txt,scrape_output\clean\元朝\丁卯冬季即事\丁卯冬季即事__juan_01.txt,149,105,0,separate,0.021052631578947368,unknown,95,0.0,0.010526315789473684,12.857142857142858,0,1
元朝,1179470,丁卯年及第謝恩崇天門,丁卯年及第謝恩崇天門,丁卯年及第謝恩崇天門,1,scrape_output\raw\元朝\丁卯年及第謝恩崇天門\丁卯年及第謝恩崇天門__juan_01.txt,scrape_output\clean\元朝\丁卯年及第謝恩崇天門\丁卯年及第謝恩崇天門__juan_01.txt,148,104,0,separate,0.0425531914893617,unknown,94,0.0,0.02127659574468085,12.857142857142858,0,1
元朝,768641,丁酉除夕效陶體,丁酉除夕效陶體,丁酉除夕效陶體,1,scrape_output\raw\元朝\丁酉除夕效陶體\丁酉除夕效陶體__juan_01.txt,scrape_output\clean\元朝\丁酉除夕效陶體\丁酉除夕效陶體__juan_01.txt,217,173,0,separate,0.019867549668874173,unknown,151,0.006622516556291391,0.019867549668874173,10.76923076923077,0,1
元朝,886322,丁靈二首,丁靈二首,丁靈二首,1,scrape_output\raw\元朝\丁靈二首\丁靈二首__juan_01.txt,scrape_output\clean\元朝\丁靈二首\丁靈二首__juan_01.txt,864,816,0,separate,0.3738423028785982,wenyan-like,799,0.008760951188986232,0.05006257822277847,25.866666666666667,0,0
元朝,886425,七夕 (耶律鑄),七夕 (耶律鑄),七夕 (耶律鑄),1,scrape_output\raw\元朝\七夕 (耶律鑄)\七夕 (耶律鑄)__juan_01.txt,scrape_output\clean\元朝\七夕 (耶律鑄)\七夕 (耶律鑄)__juan_01.txt,185,141,0,separate,0.007874015748031496,unknown,127,0.007874015748031496,0.015748031496062992,13.333333333333334,0,1
元朝,1179599,七夕後一夜樂陵臺上倚梧桐樹望月有懷御史李公藝,七夕後一夜樂陵臺上倚梧桐樹望月有懷御史李公藝,七夕後一夜樂陵臺上倚梧桐樹望月有懷御史李公藝,1,scrape_output\raw\元朝\七夕後一夜樂陵臺上倚梧桐樹望月有懷御史李公藝\七夕後一夜樂陵臺上倚梧桐樹望月有懷御史李公藝__juan_01.txt,scrape_output\clean\元朝\七夕後一夜樂陵臺上倚梧桐樹望月有懷御史李公藝\七夕後一夜樂陵臺上倚梧桐樹望月有懷御史李公藝__juan_01.txt,149,105,0,separate,0.042105263157894736,unknown,95,0.0,0.021052631578947368,12.857142857142858,0,1
元朝,766389,七月聞河南平章凶問,七月聞河南平章凶問,七月聞河南平章凶問,1,scrape_output\raw\元朝\七月聞河南平章凶問\七月聞河南平章凶問__juan_01.txt,scrape_output\clean\元朝\七月聞河南平章凶問\七月聞河南平章凶問__juan_01.txt,167,123,0,separate,-0.00900900900900901,unknown,111,0.009009009009009009,0.009009009009009009,13.125,0,1
元朝,346925,七真年譜,七真年譜,七真年譜,1,scrape_output\raw\元朝\七真年譜\七真年譜__juan_01.txt,scrape_output\clean\元朝\七真年譜\七真年譜__juan_01.txt,7213,7169,0,separate,0.19057382987972757,wenyan-like,6901,0.006086074481959136,0.02941602666280249,19.151162790697676,0,0
元朝,189760,三傳辨疑,三傳辨疑/卷一,三傳辨疑,1,scrape_output\raw\元朝\三傳辨疑\三傳辨疑__juan_01.txt,scrape_output\clean\元朝\三傳辨疑\三傳辨疑__juan_01.txt,1052,1050,0,separate,0.41640926640926645,wenyan-like,1036,0.003861003861003861,0.138996138996139,18.60377358490566,0,0
元朝,1132176,三叉沽創立鹽場舊碑,三叉沽創立鹽場舊碑,三叉沽創立鹽場舊碑,1,scrape_output\raw\元朝\三叉沽創立鹽場舊碑\三叉沽創立鹽場舊碑__juan_01.txt,scrape_output\clean\元朝\三叉沽創立鹽場舊碑\三叉沽創立鹽場舊碑__juan_01.txt,857,799,0,separate,0.2661290322580645,wenyan-like,775,0.01806451612903226,0.08516129032258064,19.128205128205128,0,0
元朝,795792,三天易髓,三天易髓,三天易髓,1,scrape_output\raw\元朝\三天易髓\三天易髓__juan_01.txt,scrape_output\clean\元朝\三天易髓\三天易髓__juan_01.txt,4975,4713,0,separate,0.08044090056285179,wenyan-like,4264,0.016651031894934335,0.0651969981238274,7.629770992366412,0,0
元朝,886447,三月二十二日夢中詠瓊花,三月二十二日夢中詠瓊花,三月二十二日夢中詠瓊花,1,scrape_output\raw\元朝\三月二十二日夢中詠瓊花\三月二十二日夢中詠瓊花__juan_01.txt,scrape_output\clean\元朝\三月二十二日夢中詠瓊花\三月二十二日夢中詠瓊花__juan_01.txt,113,69,0,separate,-0.015873015873015872,unknown,63,0.015873015873015872,0.015873015873015872,12.0,0,1
元朝,886080,三月到旺結河有感,三月到旺結河有感,三月到旺結河有感,1,scrape_output\raw\元朝\三月到旺結河有感\三月到旺結河有感__juan_01.txt,scrape_output\clean\元朝\三月到旺結河有感\三月到旺結河有感__juan_01.txt,149,105,0,separate,0.010526315789473682,unknown,95,0.010526315789473684,0.021052631578947368,12.857142857142858,0,1
元朝,766452,三月十二屬予初度時客舍承朱僉樞攜僚佐見過,三月十二屬予初度時客舍承朱僉樞攜僚佐見過,三月十二屬予初度時客舍承朱僉樞攜僚佐見過,1,scrape_output\raw\元朝\三月十二屬予初度時客舍承朱僉樞攜僚佐見過\三月十二屬予初度時客舍承朱僉樞攜僚佐見過__juan_01.txt,scrape_output\clean\元朝\三月十二屬予初度時客舍承朱僉樞攜僚佐見過\三月十二屬予初度時客舍承朱僉樞攜僚佐見過__juan_01.txt,277,233,0,separate,0.03349282296650718,wenyan-like,209,0.004784688995215311,0.023923444976076555,14.071428571428571,0,0
元朝,885749,三月和林道中未見草萌,三月和林道中未見草萌,三月和林道中未見草萌,1,scrape_output\raw\元朝\三月和林道中未見草萌\三月和林道中未見草萌__juan_01.txt,scrape_output\clean\元朝\三月和林道中未見草萌\三月和林道中未見草萌__juan_01.txt,157,111,0,separate,0.04,unknown,100,0.0,0.02,11.875,0,1
元朝,768894,三月廿九日夜歐陽省郎遞至佳章觀之技癢燈下即和但無童子急走送耳,三月廿九日夜歐陽省郎遞至佳章觀之技癢燈下即和但無童子急走送耳,三月廿九日夜歐陽省郎遞至佳章觀之技癢燈下即和但無童子急走送耳,1,scrape_output\raw\元朝\三月廿九日夜歐陽省郎遞至佳章觀之技癢燈下即和但無童子急走送耳\三月廿九日夜歐陽省郎遞至佳章觀之技癢燈下即和但無童子急走送耳__juan_01.txt,scrape_output\clean\元朝\三月廿九日夜歐陽省郎遞至佳章觀之技癢燈下即和但無童子急走送耳\三月廿九日夜歐陽省郎遞至佳章觀之技癢燈下即和但無童子急走送耳__juan_01.txt,149,105,0,separate,0.021052631578947368,unknown,95,0.0,0.010526315789473684,12.857142857142858,0,1
元朝,886463,三月桃花詞,三月桃花詞,三月桃花詞,1,scrape_output\raw\元朝\三月桃花詞\三月桃花詞__juan_01.txt,scrape_output\clean\元朝\三月桃花詞\三月桃花詞__juan_01.txt,115,71,0,separate,0.031746031746031744,unknown,63,0.0,0.015873015873015872,8.571428571428571,0,1
元朝,1179446,三衢守馬昂夫索題爛柯山石橋,三衢守馬昂夫索題爛柯山石橋,三衢守馬昂夫索題爛柯山石橋,1,scrape_output\raw\元朝\三衢守馬昂夫索題爛柯山石橋\三衢守馬昂夫索題爛柯山石橋__juan_01.txt,scrape_output\clean\元朝\三衢守馬昂夫索題爛柯山石橋\三衢守馬昂夫索題爛柯山石橋__juan_01.txt,149,105,0,separate,-0.02105263157894737,unknown,95,0.021052631578947368,0.021052631578947368,12.857142857142858,0,1
元朝,766445,三貞篇寄納麟哈剌參政幕下僚友,三貞篇寄納麟哈剌參政幕下僚友,三貞篇寄納麟哈剌參政幕下僚友,1,scrape_output\raw\元朝\三貞篇寄納麟哈剌參政幕下僚友\三貞篇寄納麟哈剌參政幕下僚友__juan_01.txt,scrape_output\clean\元朝\三貞篇寄納麟哈剌參政幕下僚友\三貞篇寄納麟哈剌參政幕下僚友__juan_01.txt,357,313,0,separate,0.01107011070110701,wenyan-like,271,0.0036900369003690036,0.01107011070110701,10.869565217391305,0,0
元朝,1179358,上京即事,上京即事,上京即事,1,scrape_output\suspected_baihua\raw\元朝\上京即事\上京即事__juan_01.txt,scrape_output\suspected_baihua\clean\元朝\上京即事\上京即事__juan_01.txt,437,393,0,separate,-0.008547008547008548,baihua-like,351,0.008547008547008548,0.008547008547008548,14.347826086956522,0,0
元朝,1179491,上趙涼國,上趙涼國,上趙涼國,1,scrape_output\raw\元朝\上趙涼國\上趙涼國__juan_01.txt,scrape_output\clean\元朝\上趙涼國\上趙涼國__juan_01.txt,149,105,0,separate,0.042105263157894736,unknown,95,0.0,0.021052631578947368,12.857142857142858,0,1
元朝,758547,上陽子金丹大要,上陽子金丹大要/1,上陽子金丹大要,1,scrape_output\raw\元朝\上陽子金丹大要\上陽子金丹大要__juan_01.txt,scrape_output\clean\元朝\上陽子金丹大要\上陽子金丹大要__juan_01.txt,5475,5472,0,separate,0.29923212993487175,wenyan-like,74622,0.016429471201522338,0.09926027176971938,20.56554307116105,0,0
元朝,758547,上陽子金丹大要,上陽子金丹大要/10,上陽子金丹大要,2,scrape_output\raw\元朝\上陽子金丹大要\上陽子金丹大要__juan_02.txt,scrape_output\clean\元朝\上陽子金丹大要\上陽子金丹大要__juan_02.txt,3806,3803,0,separate,0.29923212993487175,wenyan-like,74622,0.016429471201522338,0.09926027176971938,20.56554307116105,0,0
元朝,758547,上陽子金丹大要,上陽子金丹大要/11,上陽子金丹大要,3,scrape_output\raw\元朝\上陽子金丹大要\上陽子金丹大要__juan_03.txt,scrape_output\clean\元朝\上陽子金丹大要\上陽子金丹大要__juan_03.txt,4660,4658,0,separate,0.29923212993487175,wenyan-like,74622,0.016429471201522338,0.09926027176971938,20.56554307116105,0,0
元朝,758547,上陽子金丹大要,上陽子金丹大要/12,上陽子金丹大要,4,scrape_output\raw\元朝\上陽子金丹大要\上陽子金丹大要__juan_04.txt,scrape_output\clean\元朝\上陽子金丹大要\上陽子金丹大要__juan_04.txt,5172,5170,0,separate,0.29923212993487175,wenyan-like,74622,0.016429471201522338,0.09926027176971938,20.56554307116105,0,0
元朝,758547,上陽子金丹大要,上陽子金丹大要/13,上陽子金丹大要,5,scrape_output\raw\元朝\上陽子金丹大要\上陽子金丹大要__juan_05.txt,scrape_output\clean\元朝\上陽子金丹大要\上陽子金丹大要__juan_05.txt,7470,7468,0,separate,0.29923212993487175,wenyan-like,74622,0.016429471201522338,0.09926027176971938,20.56554307116105,0,0
元朝,758547,上陽子金丹大要,上陽子金丹大要/14,上陽子金丹大要,6,scrape_output\raw\元朝\上陽子金丹大要\上陽子金丹大要__juan_06.txt,scrape_output\clean\元朝\上陽子金丹大要\上陽子金丹大要__juan_06.txt,5791,5786,0,separate,0.29923212993487175,wenyan-like,74622,0.016429471201522338,0.09926027176971938,20.56554307116105,0,0
元朝,758547,上陽子金丹大要,上陽子金丹大要/15,上陽子金丹大要,7,scrape_output\raw\元朝\上陽子金丹大要\上陽子金丹大要__juan_07.txt,scrape_output\clean\元朝\上陽子金丹大要\上陽子金丹大要__juan_07.txt,5754,5750,0,separate,0.29923212993487175,wenyan-like,74622,0.016429471201522338,0.09926027176971938,20.56554307116105,0,0
元朝,758547,上陽子金丹大要,上陽子金丹大要/16,上陽子金丹大要,8,scrape_output\raw\元朝\上陽子金丹大要\上陽子金丹大要__juan_08.txt,scrape_output\clean\元朝\上陽子金丹大要\上陽子金丹大要__juan_08.txt,5440,5437,0,separate,0.29923212993487175,wenyan-like,74622,0.016429471201522338,0.09926027176971938,20.56554307116105,0,0
元朝,758547,上陽子金丹大要,上陽子金丹大要/2,上陽子金丹大要,9,scrape_output\raw\元朝\上陽子金丹大要\上陽子金丹大要__juan_09.txt,scrape_output\clean\元朝\上陽子金丹大要\上陽子金丹大要__juan_09.txt,4755,4753,0,separate,0.29923212993487175,wenyan-like,74622,0.016429471201522338,0.09926027176971938,20.56554307116105,0,0
元朝,758547,上陽子金丹大要,上陽子金丹大要/3,上陽子金丹大要,10,scrape_output\raw\元朝\上陽子金丹大要\上陽子金丹大要__juan_10.txt,scrape_output\clean\元朝\上陽子金丹大要\上陽子金丹大要__juan_10.txt,2890,2887,0,separate,0.29923212993487175,wenyan-like,74622,0.016429471201522338,0.09926027176971938,20.56554307116105,0,0
元朝,758547,上陽子金丹大要,上陽子金丹大要/4,上陽子金丹大要,11,scrape_output\raw\元朝\上陽子金丹大要\上陽子金丹大要__juan_11.txt,scrape_output\clean\元朝\上陽子金丹大要\上陽子金丹大要__juan_11.txt,3900,3898,0,separate,0.29923212993487175,wenyan-like,74622,0.016429471201522338,0.09926027176971938,20.56554307116105,0,0
元朝,758547,上陽子金丹大要,上陽子金丹大要/5,上陽子金丹大要,12,scrape_output\raw\元朝\上陽子金丹大要\上陽子金丹大要__juan_12.txt,scrape_output\clean\元朝\上陽子金丹大要\上陽子金丹大要__juan_12.txt,5393,5391,0,separate,0.29923212993487175,wenyan-like,74622,0.016429471201522338,0.09926027176971938,20.56554307116105,0,0
元朝,758547,上陽子金丹大要,上陽子金丹大要/6,上陽子金丹大要,13,scrape_output\raw\元朝\上陽子金丹大要\上陽子金丹大要__juan_13.txt,scrape_output\clean\元朝\上陽子金丹大要\上陽子金丹大要__juan_13.txt,3250,3245,0,separate,0.29923212993487175,wenyan-like,74622,0.016429471201522338,0.09926027176971938,20.56554307116105,0,0
元朝,758547,上陽子金丹大要,上陽子金丹大要/7,上陽子金丹大要,14,scrape_output\raw\元朝\上陽子金丹大要\上陽子金丹大要__juan_14.txt,scrape_output\clean\元朝\上陽子金丹大要\上陽子金丹大要__juan_14.txt,4860,4858,0,separate,0.29923212993487175,wenyan-like,74622,0.016429471201522338,0.09926027176971938,20.56554307116105,0,0
元朝,758547,上陽子金丹大要,上陽子金丹大要/8,上陽子金丹大要,15,scrape_output\raw\元朝\上陽子金丹大要\上陽子金丹大要__juan_15.txt,scrape_output\clean\元朝\上陽子金丹大要\上陽子金丹大要__juan_15.txt,3535,3533,0,separate,0.29923212993487175,wenyan-like,74622,0.016429471201522338,0.09926027176971938,20.56554307116105,0,0
元朝,758547,上陽子金丹大要,上陽子金丹大要/9,上陽子金丹大要,16,scrape_output\raw\元朝\上陽子金丹大要\上陽子金丹大要__juan_16.txt,scrape_output\clean\元朝\上陽子金丹大要\上陽子金丹大要__juan_16.txt,4149,4147,0,separate,0.29923212993487175,wenyan-like,74622,0.016429471201522338,0.09926027176971938,20.56554307116105,0,0
元朝,884985,上雲樂 (耶律鑄),上雲樂 (耶律鑄),上雲樂 (耶律鑄),1,scrape_output\raw\元朝\上雲樂 (耶律鑄)\上雲樂 (耶律鑄)__juan_01.txt,scrape_output\clean\元朝\上雲樂 (耶律鑄)\上雲樂 (耶律鑄)__juan_01.txt,567,521,0,separate,0.01646090534979424,wenyan-like,486,0.012345679012345678,0.026748971193415638,13.057142857142857,0,0
元朝,352050,世醫得效方,世醫得效方/卷一,世醫得效方,1,scrape_output\raw\元朝\世醫得效方\世醫得效方__juan_01.txt,scrape_output\clean\元朝\世醫得效方\世醫得效方__juan_01.txt,7076,7074,0,separate,0.24217960154623847,wenyan-like,13452,0.011299435028248588,0.06303895331549211,24.90978886756238,0,0
元朝,352050,世醫得效方,世醫得效方/卷十九,世醫得效方,2,scrape_output\raw\元朝\世醫得效方\世醫得效方__juan_02.txt,scrape_output\clean\元朝\世醫得效方\世醫得效方__juan_02.txt,2,2,0,separate,0.24217960154623847,wenyan-like,13452,0.011299435028248588,0.06303895331549211,24.90978886756238,0,0
元朝,352050,世醫得效方,世醫得效方/卷二十,世醫得效方,3,scrape_output\raw\元朝\世醫得效方\世醫得效方__juan_03.txt,scrape_output\clean\元朝\世醫得效方\世醫得效方__juan_03.txt,6833,6711,0,separate,0.24217960154623847,wenyan-like,13452,0.011299435028248588,0.06303895331549211,24.90978886756238,0,0
元朝,766367,丙申八月紀事時自鄉里入吳還華館遂卜隱鴻山,丙申八月紀事時自鄉里入吳還華館遂卜隱鴻山,丙申八月紀事時自鄉里入吳還華館遂卜隱鴻山,1,scrape_output\raw\元朝\丙申八月紀事時自鄉里入吳還華館遂卜隱鴻山\丙申八月紀事時自鄉里入吳還華館遂卜隱鴻山__juan_01.txt,scrape_output\clean\元朝\丙申八月紀事時自鄉里入吳還華館遂卜隱鴻山\丙申八月紀事時自鄉里入吳還華館遂卜隱鴻山__juan_01.txt,133,89,0,separate,0.05063291139240506,unknown,79,0.0,0.02531645569620253,10.571428571428571,0,1
元朝,764814,丞相梅詩序,丞相梅詩序,丞相梅詩序,1,scrape_output\raw\元朝\丞相梅詩序\丞相梅詩序__juan_01.txt,scrape_output\clean\元朝\丞相梅詩序\丞相梅詩序__juan_01.txt,572,528,0,separate,0.40433526011560694,wenyan-like,519,0.007707129094412331,0.13872832369942195,22.727272727272727,0,0
元朝,106612,中原音韻,中原音韻,中原音韻,1,scrape_output\raw\元朝\中原音韻\中原音韻__juan_01.txt,scrape_output\clean\元朝\中原音韻\中原音韻__juan_01.txt,14954,12382,0,separate,0.38702942902657833,wenyan-like,11927,0.005701349878427098,0.052066739330929826,31.092838196286472,0,0
元朝,1047555,中和集,中和集,中和集,1,scrape_output\raw\元朝\中和集\中和集__juan_01.txt,scrape_output\clean\元朝\中和集\中和集__juan_01.txt,45340,40624,0,separate,0.1081213055769725,wenyan-like,38910,0.018632742225648934,0.08200976612695965,13.354189535309184,0,0
元朝,348494,中峯禪師梅花百詠,中峯禪師梅花百詠,中峯禪師梅花百詠,1,scrape_output\raw\元朝\中峯禪師梅花百詠\中峯禪師梅花百詠__juan_01.txt,scrape_output\clean\元朝\中峯禪師梅花百詠\中峯禪師梅花百詠__juan_01.txt,4048,4048,0,separate,0.14243085880640466,wenyan-like,3435,0.007569141193595342,0.007569141193595342,16.544554455445546,0,0
元朝,886426,中秋不見月,中秋不見月,中秋不見月,1,scrape_output\raw\元朝\中秋不見月\中秋不見月__juan_01.txt,scrape_output\clean\元朝\中秋不見月\中秋不見月__juan_01.txt,113,69,0,separate,0.06349206349206349,unknown,63,0.0,0.031746031746031744,12.0,0,1
元朝,885754,中秋對月 (耶律鑄),中秋對月 (耶律鑄),中秋對月 (耶律鑄),1,scrape_output\raw\元朝\中秋對月 (耶律鑄)\中秋對月 (耶律鑄)__juan_01.txt,scrape_output\clean\元朝\中秋對月 (耶律鑄)\中秋對月 (耶律鑄)__juan_01.txt,149,105,0,separate,0.042105263157894736,unknown,95,0.0,0.021052631578947368,12.857142857142858,0,1
元朝,1179652,中秋月夜泛舟於金陵石頭城,中秋月夜泛舟於金陵石頭城,中秋月夜泛舟於金陵石頭城,1,scrape_output\raw\元朝\中秋月夜泛舟於金陵石頭城\中秋月夜泛舟於金陵石頭城__juan_01.txt,scrape_output\clean\元朝\中秋月夜泛舟於金陵石頭城\中秋月夜泛舟於金陵石頭城__juan_01.txt,221,177,0,separate,-0.006289308176100631,unknown,159,0.006289308176100629,0.006289308176100629,13.636363636363637,0,1
元朝,768896,中秋次韻答恢太虛,中秋次韻答恢太虛,中秋次韻答恢太虛,1,scrape_output\raw\元朝\中秋次韻答恢太虛\中秋次韻答恢太虛__juan_01.txt,scrape_output\clean\元朝\中秋次韻答恢太虛\中秋次韻答恢太虛__juan_01.txt,133,89,0,separate,0.05063291139240506,unknown,79,0.0,0.02531645569620253,10.571428571428571,0,1
元朝,1131407,中統元年正月赦,中統元年正月赦,中統元年正月赦,1,scrape_output\raw\元朝\中統元年正月赦\中統元年正月赦__juan_01.txt,scrape_output\clean\元朝\中統元年正月赦\中統元年正月赦__juan_01.txt,368,322,0,separate,0.09779179810725551,wenyan-like,317,0.00946372239747634,0.06309148264984227,14.238095238095237,0,0
元朝,886180,中統庚申聖上北征不庭,中統庚申聖上北征不庭,中統庚申聖上北征不庭,1,scrape_output\raw\元朝\中統庚申聖上北征不庭\中統庚申聖上北征不庭__juan_01.txt,scrape_output\clean\元朝\中統庚申聖上北征不庭\中統庚申聖上北征不庭__juan_01.txt,149,105,0,separate,0.021052631578947368,unknown,95,0.0,0.010526315789473684,12.857142857142858,0,1
元朝,886081,中統庚申詣闕寓居宫東寺口號,中統庚申詣闕寓居宫東寺口號,中統庚申詣闕寓居宫東寺口號,1,scrape_output\raw\元朝\中統庚申詣闕寓居宫東寺口號\中統庚申詣闕寓居宫東寺口號__juan_01.txt,scrape_output\clean\元朝\中統庚申詣闕寓居宫東寺口號\中統庚申詣闕寓居宫東寺口號__juan_01.txt,149,105,0,separate,-0.010526315789473686,unknown,95,0.010526315789473684,0.010526315789473684,12.857142857142858,0,1
元朝,66031,中統建元詔,中統建元詔,中統建元詔,1,scrape_output\raw\元朝\中統建元詔\中統建元詔__juan_01.txt,scrape_output\clean\元朝\中統建元詔\中統建元詔__juan_01.txt,342,250,0,separate,0.0934959349593496,wenyan-like,246,0.0040650406504065045,0.052845528455284556,12.88888888888889,0,0
元朝,762052,丹溪手鏡,丹溪手鏡,丹溪手鏡,1,scrape_output\raw\元朝\丹溪手鏡\丹溪手鏡__juan_01.txt,scrape_output\clean\元朝\丹溪手鏡\丹溪手鏡__juan_01.txt,87644,87550,0,separate,0.22201614354386778,wenyan-like,77802,0.0033803758258142465,0.041078635510655256,15.649442755825735,0,0
元朝,760843,丹溪治法心要,丹溪治法心要,丹溪治法心要,1,scrape_output\raw\元朝\丹溪治法心要\丹溪治法心要__juan_01.txt,scrape_output\clean\元朝\丹溪治法心要\丹溪治法心要__juan_01.txt,94302,93795,0,separate,0.351177095565621,wenyan-like,89415,0.004406419504557401,0.03219817703964659,31.760357142857142,0,0
元朝,1132183,丹陽公祠記,丹陽公祠記,丹陽公祠記,1,scrape_output\raw\元朝\丹陽公祠記\丹陽公祠記__juan_01.txt,scrape_output\clean\元朝\丹陽公祠記\丹陽公祠記__juan_01.txt,749,703,0,separate,0.34054441260744983,wenyan-like,698,0.0071633237822349575,0.10601719197707736,22.366666666666667,0,0
元朝,766429,乙丑秋書,乙丑秋書,乙丑秋書,1,scrape_output\raw\元朝\乙丑秋書\乙丑秋書__juan_01.txt,scrape_output\clean\元朝\乙丑秋書\乙丑秋書__juan_01.txt,133,89,0,separate,0.05063291139240506,unknown,79,0.0,0.02531645569620253,10.571428571428571,0,1
元朝,1179501,九日 (薩都剌),九日 (薩都剌),九日 (薩都剌),1,scrape_output\raw\元朝\九日 (薩都剌)\九日 (薩都剌)__juan_01.txt,scrape_output\clean\元朝\九日 (薩都剌)\九日 (薩都剌)__juan_01.txt,149,105,0,separate,-0.010526315789473686,unknown,95,0.010526315789473684,0.010526315789473684,12.857142857142858,0,1
元朝,1179373,九日渡淮喜東南順風,九日渡淮喜東南順風,九日渡淮喜東南順風,1,scrape_output\raw\元朝\九日渡淮喜東南順風\九日渡淮喜東南順風__juan_01.txt,scrape_output\clean\元朝\九日渡淮喜東南順風\九日渡淮喜東南順風__juan_01.txt,149,105,0,separate,0.021052631578947368,unknown,95,0.0,0.010526315789473684,12.857142857142858,0,1
元朝,1179408,九日遇雨 (薩都剌),九日遇雨 (薩都剌),九日遇雨 (薩都剌),1,scrape_output\raw\元朝\九日遇雨 (薩都剌)\九日遇雨 (薩都剌)__juan_01.txt,scrape_output\clean\元朝\九日遇雨 (薩都剌)\九日遇雨 (薩都剌)__juan_01.txt,113,69,0,separate,0.06349206349206349,unknown,63,0.0,0.031746031746031744,12.0,0,1
元朝,1179248,九月七日舟次寶應縣雨中與天與弟别,九月七日舟次寶應縣雨中與天與弟别,九月七日舟次寶應縣雨中與天與弟别,1,scrape_output\raw\元朝\九月七日舟次寶應縣雨中與天與弟别\九月七日舟次寶應縣雨中與天與弟别__juan_01.txt,scrape_output\clean\元朝\九月七日舟次寶應縣雨中與天與弟别\九月七日舟次寶應縣雨中與天與弟别__juan_01.txt,133,89,0,separate,0.0759493670886076,unknown,79,0.0,0.0379746835443038,10.571428571428571,0,1
元朝,885758,九月道中遇雪,九月道中遇雪,九月道中遇雪,1,scrape_output\raw\元朝\九月道中遇雪\九月道中遇雪__juan_01.txt,scrape_output\clean\元朝\九月道中遇雪\九月道中遇雪__juan_01.txt,149,105,0,separate,0.021052631578947368,unknown,95,0.0,0.010526315789473684,12.857142857142858,0,1
元朝,1179545,九華山題石潭驛,九華山題石潭驛,九華山題石潭驛,1,scrape_output\raw\元朝\九華山題石潭驛\九華山題石潭驛__juan_01.txt,scrape_output\clean\元朝\九華山題石潭驛\九華山題石潭驛__juan_01.txt,149,105,0,separate,0.021052631578947368,unknown,95,0.0,0.010526315789473684,12.857142857142858,0,1
元朝,886155,九龍谷,九龍谷,九龍谷,1,scrape_output\raw\元朝\九龍谷\九龍谷__juan_01.txt,scrape_output\clean\元朝\九龍谷\九龍谷__juan_01.txt,167,121,0,separate,-0.01834862385321101,unknown,109,0.01834862385321101,0.01834862385321101,11.555555555555555,0,1
元朝,886475,乞花,乞花,乞花,1,scrape_output\raw\元朝\乞花\乞花__juan_01.txt,scrape_output\clean\元朝\乞花\乞花__juan_01.txt,113,69,0,separate,-0.015873015873015872,unknown,63,0.015873015873015872,0.015873015873015872,12.0,0,1
元朝,885455,乾海子,乾海子,乾海子,1,scrape_output\raw\元朝\乾海子\乾海子__juan_01.txt,scrape_output\clean\元朝\乾海子\乾海子__juan_01.txt,187,141,0,separate,0.08461538461538462,unknown,130,0.007692307692307693,0.05384615384615385,12.3,0,1
元朝,886492,五將行,五將行,五將行,1,scrape_output\raw\元朝\五將行\五將行__juan_01.txt,scrape_output\clean\元朝\五將行\五將行__juan_01.txt,113,69,0,separate,0.031746031746031744,unknown,63,0.0,0.015873015873015872,12.0,0,1
元朝,765260,五檜堂記,五檜堂記,五檜堂記,1,scrape_output\raw\元朝\五檜堂記\五檜堂記__juan_01.txt,scrape_output\clean\元朝\五檜堂記\五檜堂記__juan_01.txt,512,468,0,separate,0.3799349240780911,wenyan-like,461,0.004338394793926247,0.12147505422993492,23.526315789473685,0,0
元朝,886043,五湖别業新園,五湖别業新園,五湖别業新園,1,scrape_output\raw\元朝\五湖别業新園\五湖别業新園__juan_01.txt,scrape_output\clean\元朝\五湖别業新園\五湖别業新園__juan_01.txt,149,105,0,separate,-0.02105263157894737,unknown,95,0.021052631578947368,0.021052631578947368,12.857142857142858,0,1
元朝,885448,五禽言,五禽言,五禽言,1,scrape_output\raw\元朝\五禽言\五禽言__juan_01.txt,scrape_output\clean\元朝\五禽言\五禽言__juan_01.txt,222,178,0,separate,0.0375,unknown,160,0.0,0.01875,13.818181818181818,0,1
元朝,886495,五禽詠,五禽詠,五禽詠,1,scrape_output\raw\元朝\五禽詠\五禽詠__juan_01.txt,scrape_output\clean\元朝\五禽詠\五禽詠__juan_01.txt,293,249,0,separate,0.009216589861751154,wenyan-like,217,0.009216589861751152,0.018433179723502304,11.444444444444445,0,0
元朝,768847,五馬圖,五馬圖,五馬圖,1,scrape_output\raw\元朝\五馬圖\五馬圖__juan_01.txt,scrape_output\clean\元朝\五馬圖\五馬圖__juan_01.txt,221,177,0,separate,0.012578616352201255,unknown,159,0.012578616352201259,0.025157232704402517,13.636363636363637,0,1
元朝,1179343,京口城南次集,京口城南次集,京口城南次集,1,scrape_output\raw\元朝\京口城南次集\京口城南次集__juan_01.txt,scrape_output\clean\元朝\京口城南次集\京口城南次集__juan_01.txt,149,105,0,separate,0.042105263157894736,unknown,95,0.0,0.021052631578947368,12.857142857142858,0,1
元朝,1179427,京口夜坐,京口夜坐,京口夜坐,1,scrape_output\raw\元朝\京口夜坐\京口夜坐__juan_01.txt,scrape_output\clean\元朝\京口夜坐\京口夜坐__juan_01.txt,149,105,0,separate,0.010526315789473682,unknown,95,0.010526315789473684,0.021052631578947368,12.857142857142858,0,1
元朝,1179595,京口寒夜和葛秀才床字韻,京口寒夜和葛秀才床字韻,京口寒夜和葛秀才床字韻,1,scrape_output\raw\元朝\京口寒夜和葛秀才床字韻\京口寒夜和葛秀才床字韻__juan_01.txt,scrape_output\clean\元朝\京口寒夜和葛秀才床字韻\京口寒夜和葛秀才床字韻__juan_01.txt,149,105,0,separate,-0.010526315789473686,unknown,95,0.010526315789473684,0.010526315789473684,12.857142857142858,0,1
元朝,1179407,京城立春,京城立春,京城立春,1,scrape_output\raw\元朝\京城立春\京城立春__juan_01.txt,scrape_output\clean\元朝\京城立春\京城立春__juan_01.txt,149,105,0,separate,0.021052631578947368,unknown,95,0.0,0.010526315789473684,12.857142857142858,0,1
元朝,884644,京都元夕,京都元夕,京都元夕,1,scrape_output\raw\元朝\京都元夕\京都元夕__juan_01.txt,scrape_output\clean\元朝\京都元夕\京都元夕__juan_01.txt,134,42,0,separate,0.15625,unknown,32,0.03125,0.125,8.0,0,1
元朝,1179507,亰城春日,亰城春日,亰城春日,1,scrape_output\raw\元朝\亰城春日\亰城春日__juan_01.txt,scrape_output\clean\元朝\亰城春日\亰城春日__juan_01.txt,149,105,0,separate,0.021052631578947368,unknown,95,0.0,0.010526315789473684,12.857142857142858,0,1
元朝,1179557,亰師春夜呈宋禮部,亰師春夜呈宋禮部,亰師春夜呈宋禮部,1,scrape_output\raw\元朝\亰師春夜呈宋禮部\亰師春夜呈宋禮部__juan_01.txt,scrape_output\clean\元朝\亰師春夜呈宋禮部\亰師春夜呈宋禮部__juan_01.txt,149,105,0,separate,0.042105263157894736,unknown,95,0.0,0.021052631578947368,12.857142857142858,0,1
元朝,1021190,人月圆,人月圆·山中书事,人月圆,1,scrape_output\raw\元朝\人月圆\人月圆__juan_01.txt,scrape_output\clean\元朝\人月圆\人月圆__juan_01.txt,144,100,0,separate,0.022222222222222223,unknown,90,0.0,0.011111111111111112,10.5,0,1
元朝,886403,仁夀鎮柳浪,仁夀鎮柳浪,仁夀鎮柳浪,1,scrape_output\raw\元朝\仁夀鎮柳浪\仁夀鎮柳浪__juan_01.txt,scrape_output\clean\元朝\仁夀鎮柳浪\仁夀鎮柳浪__juan_01.txt,113,69,0,separate,-0.015873015873015872,unknown,63,0.015873015873015872,0.015873015873015872,12.0,0,1
元朝,758480,仙傳玄機口訣,仙傳玄機口訣,仙傳玄機口訣,1,scrape_output\raw\元朝\仙傳玄機口訣\仙傳玄機口訣__juan_01.txt,scrape_output\clean\元朝\仙傳玄機口訣\仙傳玄機口訣__juan_01.txt,2907,2806,0,separate,0.43152251608291636,wenyan-like,2798,0.013581129378127233,0.08613295210864903,38.97142857142857,0,0
元朝,886656,代人作,代人作,代人作,1,scrape_output\raw\元朝\代人作\代人作__juan_01.txt,scrape_output\clean\元朝\代人作\代人作__juan_01.txt,113,69,0,separate,0.031746031746031744,unknown,63,0.0,0.015873015873015872,12.0,0,1
元朝,886235,代人寄逺,代人寄逺,代人寄逺,1,scrape_output\raw\元朝\代人寄逺\代人寄逺__juan_01.txt,scrape_output\clean\元朝\代人寄逺\代人寄逺__juan_01.txt,105,61,0,separate,0.03636363636363636,unknown,55,0.0,0.01818181818181818,10.4,0,1
元朝,886234,代寄,代寄,代寄,1,scrape_output\raw\元朝\代寄\代寄__juan_01.txt,scrape_output\clean\元朝\代寄\代寄__juan_01.txt,105,61,0,separate,-0.01818181818181818,unknown,55,0.01818181818181818,0.01818181818181818,10.4,0,1
元朝,886660,代書答征西將士抑絶所請,代書答征西將士抑絶所請,代書答征西將士抑絶所請,1,scrape_output\raw\元朝\代書答征西將士抑絶所請\代書答征西將士抑絶所請__juan_01.txt,scrape_output\clean\元朝\代書答征西將士抑絶所請\代書答征西將士抑絶所請__juan_01.txt,113,69,0,separate,0.031746031746031744,unknown,63,0.0,0.015873015873015872,12.0,0,1
元朝,317465,代茶榜,代茶榜,代茶榜,1,scrape_output\raw\元朝\代茶榜\代茶榜__juan_01.txt,scrape_output\clean\元朝\代茶榜\代茶榜__juan_01.txt,189,145,0,separate,0.047244094488188976,unknown,127,0.0,0.023622047244094488,10.727272727272727,0,1
元朝,600974,仰山性英粹中,仰山性英粹中,仰山性英粹中,1,scrape_output\raw\元朝\仰山性英粹中\仰山性英粹中__juan_01.txt,scrape_output\clean\元朝\仰山性英粹中\仰山性英粹中__juan_01.txt,149,105,0,separate,0.06315789473684211,unknown,95,0.0,0.031578947368421054,12.857142857142858,0,1
元朝,885464,仰祝尊大人領省壽三首,仰祝尊大人領省壽三首,仰祝尊大人領省壽三首,1,scrape_output\raw\元朝\仰祝尊大人領省壽三首\仰祝尊大人領省壽三首__juan_01.txt,scrape_output\clean\元朝\仰祝尊大人領省壽三首\仰祝尊大人領省壽三首__juan_01.txt,185,141,0,separate,0.031496062992125984,unknown,127,0.0,0.015748031496062992,13.333333333333334,0,1
元朝,766352,任月山少監職頁圖引,任月山少監職頁圖引,任月山少監職頁圖引,1,scrape_output\raw\元朝\任月山少監職頁圖引\任月山少監職頁圖引__juan_01.txt,scrape_output\clean\元朝\任月山少監職頁圖引\任月山少監職頁圖引__juan_01.txt,431,387,0,separate,0.043478260869565216,wenyan-like,345,0.002898550724637681,0.02608695652173913,12.037037037037036,0,0
元朝,201030,伊濱集,伊濱集/卷01,伊濱集,1,scrape_output\raw\元朝\伊濱集\伊濱集__juan_01.txt,scrape_output\clean\元朝\伊濱集\伊濱集__juan_01.txt,6161,6158,0,separate,0.1270846044335977,wenyan-like,118008,0.009295979933563826,0.0774862721171446,14.96146283916634,0,0
元朝,201030,伊濱集,伊濱集/卷02,伊濱集,2,scrape_output\raw\元朝\伊濱集\伊濱集__juan_02.txt,scrape_output\clean\元朝\伊濱集\伊濱集__juan_02.txt,5981,5981,0,separate,0.1270846044335977,wenyan-like,118008,0.009295979933563826,0.0774862721171446,14.96146283916634,0,0
元朝,201030,伊濱集,伊濱集/卷03,伊濱集,3,scrape_output\raw\元朝\伊濱集\伊濱集__juan_03.txt,scrape_output\clean\元朝\伊濱集\伊濱集__juan_03.txt,6007,6007,0,separate,0.1270846044335977,wenyan-like,118008,0.009295979933563826,0.0774862721171446,14.96146283916634,0,0
元朝,201030,伊濱集,伊濱集/卷04,伊濱集,4,scrape_output\raw\元朝\伊濱集\伊濱集__juan_04.txt,scrape_output\clean\元朝\伊濱集\伊濱集__juan_04.txt,5371,5367,0,separate,0.1270846044335977,wenyan-like,118008,0.009295979933563826,0.0774862721171446,14.96146283916634,0,0
元朝,201030,伊濱集,伊濱集/卷05,伊濱集,5,scrape_output\raw\元朝\伊濱集\伊濱集__juan_05.txt,scrape_output\clean\元朝\伊濱集\伊濱集__juan_05.txt,5294,5294,0,separate,0.1270846044335977,wenyan-like,118008,0.009295979933563826,0.0774862721171446,14.96146283916634,0,0
元朝,201030,伊濱集,伊濱集/卷06,伊濱集,6,scrape_output\raw\元朝\伊濱集\伊濱集__juan_06.txt,scrape_output\clean\元朝\伊濱集\伊濱集__juan_06.txt,5397,5397,0,separate,0.1270846044335977,wenyan-like,118008,0.009295979933563826,0.0774862721171446,14.96146283916634,0,0
元朝,201030,伊濱集,伊濱集/卷07,伊濱集,7,scrape_output\raw\元朝\伊濱集\伊濱集__juan_07.txt,scrape_output\clean\元朝\伊濱集\伊濱集__juan_07.txt,5558,5554,0,separate,0.1270846044335977,wenyan-like,118008,0.009295979933563826,0.0774862721171446,14.96146283916634,0,0
元朝,201030,伊濱集,伊濱集/卷08,伊濱集,8,scrape_output\raw\元朝\伊濱集\伊濱集__juan_08.txt,scrape_output\clean\元朝\伊濱集\伊濱集__juan_08.txt,5707,5707,0,separate,0.1270846044335977,wenyan-like,118008,0.009295979933563826,0.0774862721171446,14.96146283916634,0,0
元朝,201030,伊濱集,伊濱集/卷09,伊濱集,9,scrape_output\raw\元朝\伊濱集\伊濱集__juan_09.txt,scrape_output\clean\元朝\伊濱集\伊濱集__juan_09.txt,5757,5755,0,separate,0.1270846044335977,wenyan-like,118008,0.009295979933563826,0.0774862721171446,14.96146283916634,0,0
元朝,201030,伊濱集,伊濱集/卷10,伊濱集,10,scrape_output\raw\元朝\伊濱集\伊濱集__juan_10.txt,scrape_output\clean\元朝\伊濱集\伊濱集__juan_10.txt,4798,4798,0,separate,0.1270846044335977,wenyan-like,118008,0.009295979933563826,0.0774862721171446,14.96146283916634,0,0
元朝,201030,伊濱集,伊濱集/卷11,伊濱集,11,scrape_output\raw\元朝\伊濱集\伊濱集__juan_11.txt,scrape_output\clean\元朝\伊濱集\伊濱集__juan_11.txt,4689,4685,0,separate,0.1270846044335977,wenyan-like,118008,0.009295979933563826,0.0774862721171446,14.96146283916634,0,0
元朝,201030,伊濱集,伊濱集/卷12,伊濱集,12,scrape_output\raw\元朝\伊濱集\伊濱集__juan_12.txt,scrape_output\clean\元朝\伊濱集\伊濱集__juan_12.txt,5080,5064,0,separate,0.1270846044335977,wenyan-like,118008,0.009295979933563826,0.0774862721171446,14.96146283916634,0,0
元朝,201030,伊濱集,伊濱集/卷13,伊濱集,13,scrape_output\raw\元朝\伊濱集\伊濱集__juan_13.txt,scrape_output\clean\元朝\伊濱集\伊濱集__juan_13.txt,5626,5623,0,separate,0.1270846044335977,wenyan-like,118008,0.009295979933563826,0.0774862721171446,14.96146283916634,0,0
元朝,201030,伊濱集,伊濱集/卷14,伊濱集,14,scrape_output\raw\元朝\伊濱集\伊濱集__juan_14.txt,scrape_output\clean\元朝\伊濱集\伊濱集__juan_14.txt,7153,7151,0,separate,0.1270846044335977,wenyan-like,118008,0.009295979933563826,0.0774862721171446,14.96146283916634,0,0
元朝,201030,伊濱集,伊濱集/卷15,伊濱集,15,scrape_output\raw\元朝\伊濱集\伊濱集__juan_15.txt,scrape_output\clean\元朝\伊濱集\伊濱集__juan_15.txt,6298,6298,0,separate,0.1270846044335977,wenyan-like,118008,0.009295979933563826,0.0774862721171446,14.96146283916634,0,0
元朝,201030,伊濱集,伊濱集/卷16,伊濱集,16,scrape_output\raw\元朝\伊濱集\伊濱集__juan_16.txt,scrape_output\clean\元朝\伊濱集\伊濱集__juan_16.txt,5445,5445,0,separate,0.1270846044335977,wenyan-like,118008,0.009295979933563826,0.0774862721171446,14.96146283916634,0,0
元朝,201030,伊濱集,伊濱集/卷17,伊濱集,17,scrape_output\raw\元朝\伊濱集\伊濱集__juan_17.txt,scrape_output\clean\元朝\伊濱集\伊濱集__juan_17.txt,5465,5464,0,separate,0.1270846044335977,wenyan-like,118008,0.009295979933563826,0.0774862721171446,14.96146283916634,0,0
元朝,201030,伊濱集,伊濱集/卷18,伊濱集,18,scrape_output\raw\元朝\伊濱集\伊濱集__juan_18.txt,scrape_output\clean\元朝\伊濱集\伊濱集__juan_18.txt,5817,5817,0,separate,0.1270846044335977,wenyan-like,118008,0.009295979933563826,0.0774862721171446,14.96146283916634,0,0
元朝,201030,伊濱集,伊濱集/卷19,伊濱集,19,scrape_output\raw\元朝\伊濱集\伊濱集__juan_19.txt,scrape_output\clean\元朝\伊濱集\伊濱集__juan_19.txt,5880,5880,0,separate,0.1270846044335977,wenyan-like,118008,0.009295979933563826,0.0774862721171446,14.96146283916634,0,0
元朝,201030,伊濱集,伊濱集/卷20,伊濱集,20,scrape_output\raw\元朝\伊濱集\伊濱集__juan_20.txt,scrape_output\clean\元朝\伊濱集\伊濱集__juan_20.txt,4286,4286,0,separate,0.1270846044335977,wenyan-like,118008,0.009295979933563826,0.0774862721171446,14.96146283916634,0,0
元朝,201030,伊濱集,伊濱集/卷21,伊濱集,21,scrape_output\raw\元朝\伊濱集\伊濱集__juan_21.txt,scrape_output\clean\元朝\伊濱集\伊濱集__juan_21.txt,4611,4611,0,separate,0.1270846044335977,wenyan-like,118008,0.009295979933563826,0.0774862721171446,14.96146283916634,0,0
元朝,201030,伊濱集,伊濱集/卷22,伊濱集,22,scrape_output\raw\元朝\伊濱集\伊濱集__juan_22.txt,scrape_output\clean\元朝\伊濱集\伊濱集__juan_22.txt,4024,4022,0,separate,0.1270846044335977,wenyan-like,118008,0.009295979933563826,0.0774862721171446,14.96146283916634,0,0
元朝,201030,伊濱集,伊濱集/卷23,伊濱集,23,scrape_output\raw\元朝\伊濱集\伊濱集__juan_23.txt,scrape_output\clean\元朝\伊濱集\伊濱集__juan_23.txt,5183,5183,0,separate,0.1270846044335977,wenyan-like,118008,0.009295979933563826,0.0774862721171446,14.96146283916634,0,0
元朝,201030,伊濱集,伊濱集/卷24,伊濱集,24,scrape_output\raw\元朝\伊濱集\伊濱集__juan_24.txt,scrape_output\clean\元朝\伊濱集\伊濱集__juan_24.txt,4822,4822,0,separate,0.1270846044335977,wenyan-like,118008,0.009295979933563826,0.0774862721171446,14.96146283916634,0,0
元朝,1179502,休上人見訪,休上人見訪,休上人見訪,1,scrape_output\raw\元朝\休上人見訪\休上人見訪__juan_01.txt,scrape_output\clean\元朝\休上人見訪\休上人見訪__juan_01.txt,149,105,0,separate,0.021052631578947368,unknown,95,0.0,0.010526315789473684,12.857142857142858,0,1
元朝,885620,伯哩行,伯哩行,伯哩行,1,scrape_output\raw\元朝\伯哩行\伯哩行__juan_01.txt,scrape_output\clean\元朝\伯哩行\伯哩行__juan_01.txt,208,164,0,separate,0.0728476821192053,unknown,151,0.006622516556291391,0.046357615894039736,14.6,0,1
元朝,1179355,余與觀志能俱以公事赴北舟至梁山泊，時荷花盛開，風雨大至，舟不相接，遂泊蘆葦中。余折蘆一葉，題詩其上寄志能,余與觀志能俱以公事赴北舟至梁山泊，時荷花盛開，風雨大至，舟不相接，遂泊蘆葦中。余折蘆一葉，題詩其上寄志能,余與觀志能俱以公事赴北舟至梁山泊，時荷花盛開，風雨大至，舟不相接，遂泊蘆葦中。余折蘆一葉，題詩其上寄志能,1,scrape_output\raw\元朝\余與觀志能俱以公事赴北舟至梁山泊，時荷花盛開，風雨大至，舟不相接，遂泊蘆葦中。余折蘆一葉，題詩其上寄志能\余與觀志能俱以公事赴北舟至梁山泊，時荷花盛開，風雨大至，舟不相接，遂泊蘆葦中。余折蘆一葉，題詩其上寄志能__juan_01.txt,scrape_output\clean\元朝\余與觀志能俱以公事赴北舟至梁山泊，時荷花盛開，風雨大至，舟不相接，遂泊蘆葦中。余折蘆一葉，題詩其上寄志能\余與觀志能俱以公事赴北舟至梁山泊，時荷花盛開，風雨大至，舟不相接，遂泊蘆葦中。余折蘆一葉，題詩其上寄志能__juan_01.txt,113,69,0,separate,0.031746031746031744,unknown,63,0.0,0.015873015873015872,12.0,0,1
元朝,59115,佛祖歷代通載,佛祖歷代通載/卷第一,佛祖歷代通載,1,scrape_output\raw\元朝\佛祖歷代通載\佛祖歷代通載__juan_01.txt,scrape_output\clean\元朝\佛祖歷代通載\佛祖歷代通載__juan_01.txt,0,0,1,separate,0.0,unknown,0,0.0,0.0,0.0,0,1
元朝,59115,佛祖歷代通載,佛祖歷代通載/卷第七,佛祖歷代通載,2,scrape_output\raw\元朝\佛祖歷代通載\佛祖歷代通載__juan_02.txt,scrape_output\clean\元朝\佛祖歷代通載\佛祖歷代通載__juan_02.txt,0,0,1,separate,0.0,unknown,0,0.0,0.0,0.0,0,1
元朝,59115,佛祖歷代通載,佛祖歷代通載/卷第三,佛祖歷代通載,3,scrape_output\raw\元朝\佛祖歷代通載\佛祖歷代通載__juan_03.txt,scrape_output\clean\元朝\佛祖歷代通載\佛祖歷代通載__juan_03.txt,0,0,1,separate,0.0,unknown,0,0.0,0.0,0.0,0,1
元朝,59115,佛祖歷代通載,佛祖歷代通載/卷第九,佛祖歷代通載,4,scrape_output\raw\元朝\佛祖歷代通載\佛祖歷代通載__juan_04.txt,scrape_output\clean\元朝\佛祖歷代通載\佛祖歷代通載__juan_04.txt,0,0,1,separate,0.0,unknown,0,0.0,0.0,0.0,0,1
元朝,59115,佛祖歷代通載,佛祖歷代通載/卷第二,佛祖歷代通載,5,scrape_output\raw\元朝\佛祖歷代通載\佛祖歷代通載__juan_05.txt,scrape_output\clean\元朝\佛祖歷代通載\佛祖歷代通載__juan_05.txt,0,0,1,separate,0.0,unknown,0,0.0,0.0,0.0,0,1
元朝,59115,佛祖歷代通載,佛祖歷代通載/卷第二十,佛祖歷代通載,6,scrape_output\raw\元朝\佛祖歷代通載\佛祖歷代通載__juan_06.txt,scrape_output\clean\元朝\佛祖歷代通載\佛祖歷代通載__juan_06.txt,0,0,1,separate,0.0,unknown,0,0.0,0.0,0.0,0,1
元朝,59115,佛祖歷代通載,佛祖歷代通載/卷第二十一,佛祖歷代通載,7,scrape_output\raw\元朝\佛祖歷代通載\佛祖歷代通載__juan_07.txt,scrape_output\clean\元朝\佛祖歷代通載\佛祖歷代通載__juan_07.txt,0,0,1,separate,0.0,unknown,0,0.0,0.0,0.0,0,1
元朝,59115,佛祖歷代通載,佛祖歷代通載/卷第二十二,佛祖歷代通載,8,scrape_output\raw\元朝\佛祖歷代通載\佛祖歷代通載__juan_08.txt,scrape_output\clean\元朝\佛祖歷代通載\佛祖歷代通載__juan_08.txt,0,0,1,separate,0.0,unknown,0,0.0,0.0,0.0,0,1
元朝,59115,佛祖歷代通載,佛祖歷代通載/卷第五,佛祖歷代通載,9,scrape_output\raw\元朝\佛祖歷代通載\佛祖歷代通載__juan_09.txt,scrape_output\clean\元朝\佛祖歷代通載\佛祖歷代通載__juan_09.txt,0,0,1,separate,0.0,unknown,0,0.0,0.0,0.0,0,1
元朝,59115,佛祖歷代通載,佛祖歷代通載/卷第八,佛祖歷代通載,10,scrape_output\raw\元朝\佛祖歷代通載\佛祖歷代通載__juan_10.txt,scrape_output\clean\元朝\佛祖歷代通載\佛祖歷代通載__juan_10.txt,0,0,1,separate,0.0,unknown,0,0.0,0.0,0.0,0,1
元朝,59115,佛祖歷代通載,佛祖歷代通載/卷第六,佛祖歷代通載,11,scrape_output\raw\元朝\佛祖歷代通載\佛祖歷代通載__juan_11.txt,scrape_output\clean\元朝\佛祖歷代通載\佛祖歷代通載__juan_11.txt,0,0,1,separate,0.0,unknown,0,0.0,0.0,0.0,0,1
元朝,59115,佛祖歷代通載,佛祖歷代通載/卷第十,佛祖歷代通載,12,scrape_output\raw\元朝\佛祖歷代通載\佛祖歷代通載__juan_12.txt,scrape_output\clean\元朝\佛祖歷代通載\佛祖歷代通載__juan_12.txt,0,0,1,separate,0.0,unknown,0,0.0,0.0,0.0,0,1
元朝,59115,佛祖歷代通載,佛祖歷代通載/卷第十一,佛祖歷代通載,13,scrape_output\raw\元朝\佛祖歷代通載\佛祖歷代通載__juan_13.txt,scrape_output\clean\元朝\佛祖歷代通載\佛祖歷代通載__juan_13.txt,0,0,1,separate,0.0,unknown,0,0.0,0.0,0.0,0,1
元朝,59115,佛祖歷代通載,佛祖歷代通載/卷第十七,佛祖歷代通載,14,scrape_output\raw\元朝\佛祖歷代通載\佛祖歷代通載__juan_14.txt,scrape_output\clean\元朝\佛祖歷代通載\佛祖歷代通載__juan_14.txt,0,0,1,separate,0.0,unknown,0,0.0,0.0,0.0,0,1
元朝,59115,佛祖歷代通載,佛祖歷代通載/卷第十三,佛祖歷代通載,15,scrape_output\raw\元朝\佛祖歷代通載\佛祖歷代通載__juan_15.txt,scrape_output\clean\元朝\佛祖歷代通載\佛祖歷代通載__juan_15.txt,0,0,1,separate,0.0,unknown,0,0.0,0.0,0.0,0,1
元朝,59115,佛祖歷代通載,佛祖歷代通載/卷第十九,佛祖歷代通載,16,scrape_output\raw\元朝\佛祖歷代通載\佛祖歷代通載__juan_16.txt,scrape_output\clean\元朝\佛祖歷代通載\佛祖歷代通載__juan_16.txt,0,0,1,separate,0.0,unknown,0,0.0,0.0,0.0,0,1
元朝,59115,佛祖歷代通載,佛祖歷代通載/卷第十二,佛祖歷代通載,17,scrape_output\raw\元朝\佛祖歷代通載\佛祖歷代通載__juan_17.txt,scrape_output\clean\元朝\佛祖歷代通載\佛祖歷代通載__juan_17.txt,0,0,1,separate,0.0,unknown,0,0.0,0.0,0.0,0,1
元朝,59115,佛祖歷代通載,佛祖歷代通載/卷第十五,佛祖歷代通載,18,scrape_output\raw\元朝\佛祖歷代通載\佛祖歷代通載__juan_18.txt,scrape_output\clean\元朝\佛祖歷代通載\佛祖歷代通載__juan_18.txt,0,0,1,separate,0.0,unknown,0,0.0,0.0,0.0,0,1
元朝,59115,佛祖歷代通載,佛祖歷代通載/卷第十八,佛祖歷代通載,19,scrape_output\raw\元朝\佛祖歷代通載\佛祖歷代通載__juan_19.txt,scrape_output\clean\元朝\佛祖歷代通載\佛祖歷代通載__juan_19.txt,0,0,1,separate,0.0,unknown,0,0.0,0.0,0.0,0,1
元朝,59115,佛祖歷代通載,佛祖歷代通載/卷第十六,佛祖歷代通載,20,scrape_output\raw\元朝\佛祖歷代通載\佛祖歷代通載__juan_20.txt,scrape_output\clean\元朝\佛祖歷代通載\佛祖歷代通載__juan_20.txt,0,0,1,separate,0.0,unknown,0,0.0,0.0,0.0,0,1
元朝,59115,佛祖歷代通載,佛祖歷代通載/卷第十四,佛祖歷代通載,21,scrape_output\raw\元朝\佛祖歷代通載\佛祖歷代通載__juan_21.txt,scrape_output\clean\元朝\佛祖歷代通載\佛祖歷代通載__juan_21.txt,0,0,1,separate,0.0,unknown,0,0.0,0.0,0.0,0,1
元朝,59115,佛祖歷代通載,佛祖歷代通載/卷第四,佛祖歷代通載,22,scrape_output\raw\元朝\佛祖歷代通載\佛祖歷代通載__juan_22.txt,scrape_output\clean\元朝\佛祖歷代通載\佛祖歷代通載__juan_22.txt,0,0,1,separate,0.0,unknown,0,0.0,0.0,0.0,0,1
元朝,1199994,佛說壞相金剛陀羅尼經,佛說壞相金剛陀羅尼經,佛說壞相金剛陀羅尼經,1,scrape_output\raw\元朝\佛說壞相金剛陀羅尼經\佛說壞相金剛陀羅尼經__juan_01.txt,scrape_output\clean\元朝\佛說壞相金剛陀羅尼經\佛說壞相金剛陀羅尼經__juan_01.txt,2866,2210,0,separate,0.2528538812785388,wenyan-like,1752,0.003995433789954338,0.007420091324200913,5.574468085106383,1,0
元朝,886693,佳人惜梅圖,佳人惜梅圖,佳人惜梅圖,1,scrape_output\raw\元朝\佳人惜梅圖\佳人惜梅圖__juan_01.txt,scrape_output\clean\元朝\佳人惜梅圖\佳人惜梅圖__juan_01.txt,113,69,0,separate,0.031746031746031744,unknown,63,0.0,0.015873015873015872,12.0,0,1
元朝,886181,侍宴萬安閣,侍宴萬安閣,侍宴萬安閣,1,scrape_output\raw\元朝\侍宴萬安閣\侍宴萬安閣__juan_01.txt,scrape_output\clean\元朝\侍宴萬安閣\侍宴萬安閣__juan_01.txt,169,123,0,separate,0.018018018018018018,unknown,111,0.0,0.009009009009009009,11.777777777777779,0,1
元朝,886090,侯家,侯家,侯家,1,scrape_output\raw\元朝\侯家\侯家__juan_01.txt,scrape_output\clean\元朝\侯家\侯家__juan_01.txt,149,105,0,separate,0.021052631578947368,unknown,95,0.0,0.010526315789473684,12.857142857142858,0,1
元朝,112593,保越錄,保越錄,保越錄,1,scrape_output\raw\元朝\保越錄\保越錄__juan_01.txt,scrape_output\clean\元朝\保越錄\保越錄__juan_01.txt,10286,10233,0,separate,0.18799795709908068,wenyan-like,9790,0.009601634320735445,0.03340143003064351,15.876460767946577,0,0
元朝,765451,俞同知軍功志,俞同知軍功志,俞同知軍功志,1,scrape_output\raw\元朝\俞同知軍功志\俞同知軍功志__juan_01.txt,scrape_output\clean\元朝\俞同知軍功志\俞同知軍功志__juan_01.txt,771,723,0,separate,0.2751758087201125,wenyan-like,711,0.0014064697609001407,0.06469760900140648,22.161290322580644,0,0
元朝,886716,信筆 (耶律鑄),信筆 (耶律鑄),信筆 (耶律鑄),1,scrape_output\raw\元朝\信筆 (耶律鑄)\信筆 (耶律鑄)__juan_01.txt,scrape_output\clean\元朝\信筆 (耶律鑄)\信筆 (耶律鑄)__juan_01.txt,113,69,0,separate,-0.015873015873015872,unknown,63,0.015873015873015872,0.015873015873015872,12.0,0,1
元朝,871121,修真十書,修真十書/上清集卷之三十七,修真十書,1,scrape_output\raw\元朝\修真十書\修真十書__juan_01.txt,scrape_output\clean\元朝\修真十書\修真十書__juan_01.txt,0,0,1,separate,0.0,unknown,0,0.0,0.0,0.0,0,1
元朝,871121,修真十書,修真十書/上清集卷之三十九,修真十書,2,scrape_output\raw\元朝\修真十書\修真十書__juan_02.txt,scrape_output\clean\元朝\修真十書\修真十書__juan_02.txt,0,0,1,separate,0.0,unknown,0,0.0,0.0,0.0,0,1
元朝,871121,修真十書,修真十書/上清集卷之三十八,修真十書,3,scrape_output\raw\元朝\修真十書\修真十書__juan_03.txt,scrape_output\clean\元朝\修真十書\修真十書__juan_03.txt,0,0,1,separate,0.0,unknown,0,0.0,0.0,0.0,0,1
元朝,871121,修真十書,修真十書/上清集卷之四十,修真十書,4,scrape_output\raw\元朝\修真十書\修真十書__juan_04.txt,scrape_output\clean\元朝\修真十書\修真十書__juan_04.txt,0,0,1,separate,0.0,unknown,0,0.0,0.0,0.0,0,1
元朝,871121,修真十書,修真十書/上清集卷之四十一,修真十書,5,scrape_output\raw\元朝\修真十書\修真十書__juan_05.txt,scrape_output\clean\元朝\修真十書\修真十書__juan_05.txt,0,0,1,separate,0.0,unknown,0,0.0,0.0,0.0,0,1
元朝,871121,修真十書,修真十書/上清集卷之四十三,修真十書,6,scrape_output\raw\元朝\修真十書\修真十書__juan_06.txt,scrape_output\clean\元朝\修真十書\修真十書__juan_06.txt,0,0,1,separate,0.0,unknown,0,0.0,0.0,0.0,0,1
元朝,871121,修真十書,修真十書/上清集卷之四十二,修真十書,7,scrape_output\raw\元朝\修真十書\修真十書__juan_07.txt,scrape_output\clean\元朝\修真十書\修真十書__juan_07.txt,0,0,1,separate,0.0,unknown,0,0.0,0.0,0.0,0,1
元朝,871121,修真十書,修真十書/悟真篇卷之三十,修真十書,8,scrape_output\raw\元朝\修真十書\修真十書__juan_08.txt,scrape_output\clean\元朝\修真十書\修真十書__juan_08.txt,0,0,1,separate,0.0,unknown,0,0.0,0.0,0.0,0,1
元朝,871121,修真十書,修真十書/悟真篇卷之二十七,修真十書,9,scrape_output\raw\元朝\修真十書\修真十書__juan_09.txt,scrape_output\clean\元朝\修真十書\修真十書__juan_09.txt,0,0,1,separate,0.0,unknown,0,0.0,0.0,0.0,0,1
元朝,871121,修真十書,修真十書/悟真篇卷之二十九,修真十書,10,scrape_output\raw\元朝\修真十書\修真十書__juan_10.txt,scrape_output\clean\元朝\修真十書\修真十書__juan_10.txt,0,0,1,separate,0.0,unknown,0,0.0,0.0,0.0,0,1
元朝,871121,修真十書,修真十書/悟真篇卷之二十八,修真十書,11,scrape_output\raw\元朝\修真十書\修真十書__juan_11.txt,scrape_output\clean\元朝\修真十書\修真十書__juan_11.txt,0,0,1,separate,0.0,unknown,0,0.0,0.0,0.0,0,1
元朝,871121,修真十書,修真十書/悟真篇卷之二十六,修真十書,12,scrape_output\raw\元朝\修真十書\修真十書__juan_12.txt,scrape_output\clean\元朝\修真十書\修真十書__juan_12.txt,0,0,1,separate,0.0,unknown,0,0.0,0.0,0.0,0,1
元朝,871121,修真十書,修真十書/武夷集卷之五十,修真十書,13,scrape_output\raw\元朝\修真十書\修真十書__juan_13.txt,scrape_output\clean\元朝\修真十書\修真十書__juan_13.txt,0,0,1,separate,0.0,unknown,0,0.0,0.0,0.0,0,1
元朝,871121,修真十書,修真十書/武夷集卷之五十一,修真十書,14,scrape_output\raw\元朝\修真十書\修真十書__juan_14.txt,scrape_output\clean\元朝\修真十書\修真十書__juan_14.txt,0,0,1,separate,0.0,unknown,0,0.0,0.0,0.0,0,1
元朝,871121,修真十書,修真十書/武夷集卷之五十二,修真十書,15,scrape_output\raw\元朝\修真十書\修真十書__juan_15.txt,scrape_output\clean\元朝\修真十書\修真十書__juan_15.txt,0,0,1,separate,0.0,unknown,0,0.0,0.0,0.0,0,1
元朝,871121,修真十書,修真十書/武夷集卷之四十七,修真十書,16,scrape_output\raw\元朝\修真十書\修真十書__juan_16.txt,scrape_output\clean\元朝\修真十書\修真十書__juan_16.txt,0,0,1,separate,0.0,unknown,0,0.0,0.0,0.0,0,1
元朝,871121,修真十書,修真十書/武夷集卷之四十九,修真十書,17,scrape_output\raw\元朝\修真十書\修真十書__juan_17.txt,scrape_output\clean\元朝\修真十書\修真十書__juan_17.txt,0,0,1,separate,0.0,unknown,0,0.0,0.0,0.0,0,1
元朝,871121,修真十書,修真十書/武夷集卷之四十五,修真十書,18,scrape_output\raw\元朝\修真十書\修真十書__juan_18.txt,scrape_output\clean\元朝\修真十書\修真十書__juan_18.txt,0,0,1,separate,0.0,unknown,0,0.0,0.0,0.0,0,1
元朝,871121,修真十書,修真十書/武夷集卷之四十八,修真十書,19,scrape_output\raw\元朝\修真十書\修真十書__juan_19.txt,scrape_output\clean\元朝\修真十書\修真十書__juan_19.txt,0,0,1,separate,0.0,unknown,0,0.0,0.0,0.0,0,1
元朝,871121,修真十書,修真十書/武夷集卷之四十六,修真十書,20,scrape_output\raw\元朝\修真十書\修真十書__juan_20.txt,scrape_output\clean\元朝\修真十書\修真十書__juan_20.txt,0,0,1,separate,0.0,unknown,0,0.0,0.0,0.0,0,1
元朝,871121,修真十書,修真十書/武夷集卷之四十四,修真十書,21,scrape_output\raw\元朝\修真十書\修真十書__juan_21.txt,scrape_output\clean\元朝\修真十書\修真十書__juan_21.txt,0,0,1,separate,0.0,unknown,0,0.0,0.0,0.0,0,1
元朝,871121,修真十書,修真十書/玉隆集卷之三十一,修真十書,22,scrape_output\raw\元朝\修真十書\修真十書__juan_22.txt,scrape_output\clean\元朝\修真十書\修真十書__juan_22.txt,0,0,1,separate,0.0,unknown,0,0.0,0.0,0.0,0,1
元朝,871121,修真十書,修真十書/玉隆集卷之三十三,修真十書,23,scrape_output\raw\元朝\修真十書\修真十書__juan_23.txt,scrape_output\clean\元朝\修真十書\修真十書__juan_23.txt,0,0,1,separate,0.0,unknown,0,0.0,0.0,0.0,0,1
元朝,871121,修真十書,修真十書/玉隆集卷之三十二,修真十書,24,scrape_output\raw\元朝\修真十書\修真十書__juan_24.txt,scrape_output\clean\元朝\修真十書\修真十書__juan_24.txt,0,0,1,separate,0.0,unknown,0,0.0,0.0,0.0,0,1
元朝,871121,修真十書,修真十書/玉隆集卷之三十五,修真十書,25,scrape_output\raw\元朝\修真十書\修真十書__juan_25.txt,scrape_output\clean\元朝\修真十書\修真十書__juan_25.txt,0,0,1,separate,0.0,unknown,0,0.0,0.0,0.0,0,1
元朝,871121,修真十書,修真十書/玉隆集卷之三十六,修真十書,26,scrape_output\raw\元朝\修真十書\修真十書__juan_26.txt,scrape_output\clean\元朝\修真十書\修真十書__juan_26.txt,0,0,1,separate,0.0,unknown,0,0.0,0.0,0.0,0,1
元朝,871121,修真十書,修真十書/玉隆集卷之三十四,修真十書,27,scrape_output\raw\元朝\修真十書\修真十書__juan_27.txt,scrape_output\clean\元朝\修真十書\修真十書__juan_27.txt,0,0,1,separate,0.0,unknown,0,0.0,0.0,0.0,0,1
元朝,871121,修真十書,修真十書/盤山語録卷之五十三,修真十書,28,scrape_output\raw\元朝\修真十書\修真十書__juan_28.txt,scrape_output\clean\元朝\修真十書\修真十書__juan_28.txt,0,0,1,separate,0.0,unknown,0,0.0,0.0,0.0,0,1
元朝,871121,修真十書,修真十書/金丹大成集卷之九,修真十書,29,scrape_output\raw\元朝\修真十書\修真十書__juan_29.txt,scrape_output\clean\元朝\修真十書\修真十書__juan_29.txt,0,0,1,separate,0.0,unknown,0,0.0,0.0,0.0,0,1
元朝,871121,修真十書,修真十書/金丹大成集卷之十,修真十書,30,scrape_output\raw\元朝\修真十書\修真十書__juan_30.txt,scrape_output\clean\元朝\修真十書\修真十書__juan_30.txt,0,0,1,separate,0.0,unknown,0,0.0,0.0,0.0,0,1
元朝,871121,修真十書,修真十書/金丹大成集卷之十一,修真十書,31,scrape_output\raw\元朝\修真十書\修真十書__juan_31.txt,scrape_output\clean\元朝\修真十書\修真十書__juan_31.txt,0,0,1,separate,0.0,unknown,0,0.0,0.0,0.0,0,1
元朝,871121,修真十書,修真十書/金丹大成集卷之十三,修真十書,32,scrape_output\raw\元朝\修真十書\修真十書__juan_32.txt,scrape_output\clean\元朝\修真十書\修真十書__juan_32.txt,0,0,1,separate,0.0,unknown,0,0.0,0.0,0.0,0,1
元朝,871121,修真十書,修真十書/金丹大成集卷之十二,修真十書,33,scrape_output\raw\元朝\修真十書\修真十書__juan_33.txt,scrape_output\clean\元朝\修真十書\修真十書__juan_33.txt,0,0,1,separate,0.0,unknown,0,0.0,0.0,0.0,0,1
元朝,871121,修真十書,修真十書/鍾呂傳道集卷之十五,修真十書,34,scrape_output\raw\元朝\修真十書\修真十書__juan_34.txt,scrape_output\clean\元朝\修真十書\修真十書__juan_34.txt,0,0,1,separate,0.0,unknown,0,0.0,0.0,0.0,0,1
元朝,871121,修真十書,修真十書/鍾呂傳道集卷之十六,修真十書,35,scrape_output\raw\元朝\修真十書\修真十書__juan_35.txt,scrape_output\clean\元朝\修真十書\修真十書__juan_35.txt,0,0,1,separate,0.0,unknown,0,0.0,0.0,0.0,0,1
元朝,871121,修真十書,修真十書/鍾呂傳道集卷之十四,修真十書,36,scrape_output\raw\元朝\修真十書\修真十書__juan_36.txt,scrape_output\clean\元朝\修真十書\修真十書__juan_36.txt,0,0,1,separate,0.0,unknown,0,0.0,0.0,0.0,0,1
元朝,871121,修真十書,修真十書/雜著指玄篇卷之一,修真十書,37,scrape_output\raw\元朝\修真十書\修真十書__juan_37.txt,scrape_output\clean\元朝\修真十書\修真十書__juan_37.txt,0,0,1,separate,0.0,unknown,0,0.0,0.0,0.0,0,1
元朝,871121,修真十書,修真十書/雜著指玄篇卷之七,修真十書,38,scrape_output\raw\元朝\修真十書\修真十書__juan_38.txt,scrape_output\clean\元朝\修真十書\修真十書__juan_38.txt,0,0,1,separate,0.0,unknown,0,0.0,0.0,0.0,0,1
元朝,871121,修真十書,修真十書/雜著指玄篇卷之三,修真十書,39,scrape_output\raw\元朝\修真十書\修真十書__juan_39.txt,scrape_output\clean\元朝\修真十書\修真十書__juan_39.txt,0,0,1,separate,0.0,unknown,0,0.0,0.0,0.0,0,1
元朝,871121,修真十書,修真十書/雜著指玄篇卷之二,修真十書,40,scrape_output\raw\元朝\修真十書\修真十書__juan_40.txt,scrape_output\clean\元朝\修真十書\修真十書__juan_40.txt,0,0,1,separate,0.0,unknown,0,0.0,0.0,0.0,0,1
元朝,871121,修真十書,修真十書/雜著指玄篇卷之五,修真十書,41,scrape_output\raw\元朝\修真十書\修真十書__juan_41.txt,scrape_output\clean\元朝\修真十書\修真十書__juan_41.txt,0,0,1,separate,0.0,unknown,0,0.0,0.0,0.0,0,1
元朝,871121,修真十書,修真十書/雜著指玄篇卷之八,修真十書,42,scrape_output\raw\元朝\修真十書\修真十書__juan_42.txt,scrape_output\clean\元朝\修真十書\修真十書__juan_42.txt,0,0,1,separate,0.0,unknown,0,0.0,0.0,0.0,0,1
元朝,871121,修真十書,修真十書/雜著指玄篇卷之六,修真十書,43,scrape_output\raw\元朝\修真十書\修真十書__juan_43.txt,scrape_output\clean\元朝\修真十書\修真十書__juan_43.txt,0,0,1,separate,0.0,unknown,0,0.0,0.0,0.0,0,1
元朝,871121,修真十書,修真十書/雜著指玄篇卷之四,修真十書,44,scrape_output\raw\元朝\修真十書\修真十書__juan_44.txt,scrape_output\clean\元朝\修真十書\修真十書__juan_44.txt,0,0,1,separate,0.0,unknown,0,0.0,0.0,0.0,0,1
元朝,871121,修真十書,修真十書/雜著捷徑卷之二十,修真十書,45,scrape_output\raw\元朝\修真十書\修真十書__juan_45.txt,scrape_output\clean\元朝\修真十書\修真十書__juan_45.txt,0,0,1,separate,0.0,unknown,0,0.0,0.0,0.0,0,1
元朝,871121,修真十書,修真十書/雜著捷徑卷之二十一,修真十書,46,scrape_output\raw\元朝\修真十書\修真十書__juan_46.txt,scrape_output\clean\元朝\修真十書\修真十書__juan_46.txt,0,0,1,separate,0.0,unknown,0,0.0,0.0,0.0,0,1
元朝,871121,修真十書,修真十書/雜著捷徑卷之二十三,修真十書,47,scrape_output\raw\元朝\修真十書\修真十書__juan_47.txt,scrape_output\clean\元朝\修真十書\修真十書__juan_47.txt,0,0,1,separate,0.0,unknown,0,0.0,0.0,0.0,0,1
元朝,871121,修真十書,修真十書/雜著捷徑卷之二十二,修真十書,48,scrape_output\raw\元朝\修真十書\修真十書__juan_48.txt,scrape_output\clean\元朝\修真十書\修真十書__juan_48.txt,0,0,1,separate,0.0,unknown,0,0.0,0.0,0.0,0,1
元朝,871121,修真十書,修真十書/雜著捷徑卷之二十五,修真十書,49,scrape_output\raw\元朝\修真十書\修真十書__juan_49.txt,scrape_output\clean\元朝\修真十書\修真十書__juan_49.txt,0,0,1,separate,0.0,unknown,0,0.0,0.0,0.0,0,1
元朝,871121,修真十書,修真十書/雜著捷徑卷之二十四,修真十書,50,scrape_output\raw\元朝\修真十書\修真十書__juan_50.txt,scrape_output\clean\元朝\修真十書\修真十書__juan_50.txt,0,0,1,separate,0.0,unknown,0,0.0,0.0,0.0,0,1
元朝,871121,修真十書,修真十書/雜著捷徑卷之十七,修真十書,51,scrape_output\raw\元朝\修真十書\修真十書__juan_51.txt,scrape_output\clean\元朝\修真十書\修真十書__juan_51.txt,0,0,1,separate,0.0,unknown,0,0.0,0.0,0.0,0,1
元朝,871121,修真十書,修真十書/雜著捷徑卷之十九,修真十書,52,scrape_output\raw\元朝\修真十書\修真十書__juan_52.txt,scrape_output\clean\元朝\修真十書\修真十書__juan_52.txt,0,0,1,separate,0.0,unknown,0,0.0,0.0,0.0,0,1
元朝,871121,修真十書,修真十書/雜著捷徑卷之十八,修真十書,53,scrape_output\raw\元朝\修真十書\修真十書__juan_53.txt,scrape_output\clean\元朝\修真十書\修真十書__juan_53.txt,0,0,1,separate,0.0,unknown,0,0.0,0.0,0.0,0,1
元朝,871121,修真十書,修真十書/黃庭內景五臓六腑圖卷之五十四,修真十書,54,scrape_output\raw\元朝\修真十書\修真十書__juan_54.txt,scrape_output\clean\元朝\修真十書\修真十書__juan_54.txt,0,0,1,separate,0.0,unknown,0,0.0,0.0,0.0,0,1
元朝,871121,修真十書,修真十書/黃庭內景玉經注卷之五十七,修真十書,55,scrape_output\raw\元朝\修真十書\修真十書__juan_55.txt,scrape_output\clean\元朝\修真十書\修真十書__juan_55.txt,0,0,1,separate,0.0,unknown,0,0.0,0.0,0.0,0,1
元朝,871121,修真十書,修真十書/黃庭內景玉經注卷之五十五,修真十書,56,scrape_output\raw\元朝\修真十書\修真十書__juan_56.txt,scrape_output\clean\元朝\修真十書\修真十書__juan_56.txt,0,0,1,separate,0.0,unknown,0,0.0,0.0,0.0,0,1
元朝,871121,修真十書,修真十書/黃庭內景玉經注卷之五十六,修真十書,57,scrape_output\raw\元朝\修真十書\修真十書__juan_57.txt,scrape_output\clean\元朝\修真十書\修真十書__juan_57.txt,0,0,1,separate,0.0,unknown,0,0.0,0.0,0.0,0,1
元朝,871121,修真十書,修真十書/黃庭外景玉經注卷之五十九,修真十書,58,scrape_output\raw\元朝\修真十書\修真十書__juan_58.txt,scrape_output\clean\元朝\修真十書\修真十書__juan_58.txt,0,0,1,separate,0.0,unknown,0,0.0,0.0,0.0,0,1
元朝,871121,修真十書,修真十書/黃庭外景玉經注卷之五十八,修真十書,59,scrape_output\raw\元朝\修真十書\修真十書__juan_59.txt,scrape_output\clean\元朝\修真十書\修真十書__juan_59.txt,0,0,1,separate,0.0,unknown,0,0.0,0.0,0.0,0,1
元朝,871121,修真十書,修真十書/黃庭外景玉經注卷之六十,修真十書,60,scrape_output\raw\元朝\修真十書\修真十書__juan_60.txt,scrape_output\clean\元朝\修真十書\修真十書__juan_60.txt,0,0,1,separate,0.0,unknown,0,0.0,0.0,0.0,0,1
元朝,765218,修齊堂記,修齊堂記,修齊堂記,1,scrape_output\raw\元朝\修齊堂記\修齊堂記__juan_01.txt,scrape_output\clean\元朝\修齊堂記\修齊堂記__juan_01.txt,667,623,0,separate,0.53240589198036,wenyan-like,611,0.006546644844517185,0.1260229132569558,26.90909090909091,0,0
元朝,885644,倦夜時方南征,倦夜時方南征,倦夜時方南征,1,scrape_output\raw\元朝\倦夜時方南征\倦夜時方南征__juan_01.txt,scrape_output\clean\元朝\倦夜時方南征\倦夜時方南征__juan_01.txt,133,89,0,separate,0.02531645569620253,unknown,79,0.0,0.012658227848101266,10.571428571428571,0,1
元朝,1179432,偕侍御郭幹卿過鍾山大崇禧萬壽寺文皇潛邸所建御榻在焉侍御索詩因爲賦此,偕侍御郭幹卿過鍾山大崇禧萬壽寺文皇潛邸所建御榻在焉侍御索詩因爲賦此,偕侍御郭幹卿過鍾山大崇禧萬壽寺文皇潛邸所建御榻在焉侍御索詩因爲賦此,1,scrape_output\raw\元朝\偕侍御郭幹卿過鍾山大崇禧萬壽寺文皇潛邸所建御榻在焉侍御索詩因爲賦此\偕侍御郭幹卿過鍾山大崇禧萬壽寺文皇潛邸所建御榻在焉侍御索詩因爲賦此__juan_01.txt,scrape_output\clean\元朝\偕侍御郭幹卿過鍾山大崇禧萬壽寺文皇潛邸所建御榻在焉侍御索詩因爲賦此\偕侍御郭幹卿過鍾山大崇禧萬壽寺文皇潛邸所建御榻在焉侍御索詩因爲賦此__juan_01.txt,149,105,0,separate,-0.010526315789473686,unknown,95,0.010526315789473684,0.010526315789473684,12.857142857142858,0,1
元朝,1179603,偕卞敬之遊吴山駞峰紫陽洞,偕卞敬之遊吴山駞峰紫陽洞,偕卞敬之遊吴山駞峰紫陽洞,1,scrape_output\raw\元朝\偕卞敬之遊吴山駞峰紫陽洞\偕卞敬之遊吴山駞峰紫陽洞__juan_01.txt,scrape_output\clean\元朝\偕卞敬之遊吴山駞峰紫陽洞\偕卞敬之遊吴山駞峰紫陽洞__juan_01.txt,149,105,0,separate,0.021052631578947368,unknown,95,0.0,0.010526315789473684,12.857142857142858,0,1
元朝,1179442,偕廉公亮遊鍾山,偕廉公亮遊鍾山,偕廉公亮遊鍾山,1,scrape_output\raw\元朝\偕廉公亮遊鍾山\偕廉公亮遊鍾山__juan_01.txt,scrape_output\clean\元朝\偕廉公亮遊鍾山\偕廉公亮遊鍾山__juan_01.txt,149,105,0,separate,-0.010526315789473686,unknown,95,0.010526315789473684,0.010526315789473684,12.857142857142858,0,1
元朝,1179242,偕趙逢吉避暑石頭城日暮余歸逢吉,偕趙逢吉避暑石頭城日暮余歸逢吉,偕趙逢吉避暑石頭城日暮余歸逢吉,1,scrape_output\raw\元朝\偕趙逢吉避暑石頭城日暮余歸逢吉\偕趙逢吉避暑石頭城日暮余歸逢吉__juan_01.txt,scrape_output\clean\元朝\偕趙逢吉避暑石頭城日暮余歸逢吉\偕趙逢吉避暑石頭城日暮余歸逢吉__juan_01.txt,152,108,0,separate,-0.04166666666666667,unknown,96,0.020833333333333332,0.010416666666666666,11.25,0,1
元朝,768929,偶成 (四月八日風雨歇),偶成 (四月八日風雨歇),偶成 (四月八日風雨歇),1,scrape_output\raw\元朝\偶成 (四月八日風雨歇)\偶成 (四月八日風雨歇)__juan_01.txt,scrape_output\clean\元朝\偶成 (四月八日風雨歇)\偶成 (四月八日風雨歇)__juan_01.txt,149,105,0,separate,0.08421052631578947,unknown,95,0.0,0.042105263157894736,12.857142857142858,0,1
元朝,768858,偶成 (王冕),偶成 (王冕),偶成 (王冕),1,scrape_output\raw\元朝\偶成 (王冕)\偶成 (王冕)__juan_01.txt,scrape_output\clean\元朝\偶成 (王冕)\偶成 (王冕)__juan_01.txt,229,185,0,separate,0.08588957055214724,unknown,163,0.0,0.04294478527607362,11.846153846153847,0,1
元朝,768891,偶成 (青山綠水從人愛),偶成 (青山綠水從人愛),偶成 (青山綠水從人愛),1,scrape_output\raw\元朝\偶成 (青山綠水從人愛)\偶成 (青山綠水從人愛)__juan_01.txt,scrape_output\clean\元朝\偶成 (青山綠水從人愛)\偶成 (青山綠水從人愛)__juan_01.txt,149,105,0,separate,0.042105263157894736,unknown,95,0.0,0.021052631578947368,12.857142857142858,0,1
元朝,1179340,偶題清涼境界,偶題清涼境界,偶題清涼境界,1,scrape_output\raw\元朝\偶題清涼境界\偶題清涼境界__juan_01.txt,scrape_output\clean\元朝\偶題清涼境界\偶題清涼境界__juan_01.txt,133,89,0,separate,0.02531645569620253,unknown,79,0.0,0.012658227848101266,10.571428571428571,0,1
元朝,768908,傷亭戶,傷亭戶,傷亭戶,1,scrape_output\raw\元朝\傷亭戶\傷亭戶__juan_01.txt,scrape_output\clean\元朝\傷亭戶\傷亭戶__juan_01.txt,273,229,0,separate,0.010050251256281409,unknown,199,0.010050251256281407,0.020100502512562814,10.823529411764707,0,1
元朝,886157,傷古城次友人韻,傷古城次友人韻,傷古城次友人韻,1,scrape_output\raw\元朝\傷古城次友人韻\傷古城次友人韻__juan_01.txt,scrape_output\clean\元朝\傷古城次友人韻\傷古城次友人韻__juan_01.txt,149,105,0,separate,-0.010526315789473686,unknown,95,0.010526315789473684,0.010526315789473684,12.857142857142858,0,1
元朝,885628,僊居亭,僊居亭,僊居亭,1,scrape_output\raw\元朝\僊居亭\僊居亭__juan_01.txt,scrape_output\clean\元朝\僊居亭\僊居亭__juan_01.txt,133,89,0,separate,0.02531645569620253,unknown,79,0.0,0.012658227848101266,10.571428571428571,0,1
元朝,1179453,僕官燕南照磨大名文濟王重賜綵二端賦詩以謝,僕官燕南照磨大名文濟王重賜綵二端賦詩以謝,僕官燕南照磨大名文濟王重賜綵二端賦詩以謝,1,scrape_output\raw\元朝\僕官燕南照磨大名文濟王重賜綵二端賦詩以謝\僕官燕南照磨大名文濟王重賜綵二端賦詩以謝__juan_01.txt,scrape_output\clean\元朝\僕官燕南照磨大名文濟王重賜綵二端賦詩以謝\僕官燕南照磨大名文濟王重賜綵二端賦詩以謝__juan_01.txt,149,105,0,separate,0.010526315789473682,unknown,95,0.010526315789473684,0.021052631578947368,12.857142857142858,0,1
元朝,766438,僧蓮松檜圖歌書遂昌山人鄭明德序後,僧蓮松檜圖歌書遂昌山人鄭明德序後,僧蓮松檜圖歌書遂昌山人鄭明德序後,1,scrape_output\raw\元朝\僧蓮松檜圖歌書遂昌山人鄭明德序後\僧蓮松檜圖歌書遂昌山人鄭明德序後__juan_01.txt,scrape_output\clean\元朝\僧蓮松檜圖歌書遂昌山人鄭明德序後\僧蓮松檜圖歌書遂昌山人鄭明德序後__juan_01.txt,301,257,0,separate,0.01310043668122271,wenyan-like,229,0.013100436681222707,0.026200873362445413,13.4375,0,0
元朝,765175,優戲錄序,優戲錄序,優戲錄序,1,scrape_output\raw\元朝\優戲錄序\優戲錄序__juan_01.txt,scrape_output\clean\元朝\優戲錄序\優戲錄序__juan_01.txt,469,425,0,separate,0.466546762589928,wenyan-like,417,0.0,0.15827338129496402,22.333333333333332,0,0
元朝,886428,儺畢酌吟醉齋,儺畢酌吟醉齋,儺畢酌吟醉齋,1,scrape_output\raw\元朝\儺畢酌吟醉齋\儺畢酌吟醉齋__juan_01.txt,scrape_output\clean\元朝\儺畢酌吟醉齋\儺畢酌吟醉齋__juan_01.txt,113,69,0,separate,0.015873015873015872,unknown,63,0.015873015873015872,0.031746031746031744,12.0,0,1
元朝,1106160,元代竹温台神道碑,元代竹温台神道碑,元代竹温台神道碑,1,scrape_output\raw\元朝\元代竹温台神道碑\元代竹温台神道碑__juan_01.txt,scrape_output\clean\元朝\元代竹温台神道碑\元代竹温台神道碑__juan_01.txt,1285,1235,0,separate,0.24282700421940928,wenyan-like,1185,0.01181434599156118,0.06413502109704641,21.296296296296298,0,0
元朝,886679,元夜讀唐開元天寶故事,元夜讀唐開元天寶故事,元夜讀唐開元天寶故事,1,scrape_output\raw\元朝\元夜讀唐開元天寶故事\元夜讀唐開元天寶故事__juan_01.txt,scrape_output\clean\元朝\元夜讀唐開元天寶故事\元夜讀唐開元天寶故事__juan_01.txt,113,69,0,separate,0.031746031746031744,unknown,63,0.0,0.015873015873015872,12.0,0,1
元朝,1179645,元子遊戲竹木,元子遊戲竹木,元子遊戲竹木,1,scrape_output\raw\元朝\元子遊戲竹木\元子遊戲竹木__juan_01.txt,scrape_output\clean\元朝\元子遊戲竹木\元子遊戲竹木__juan_01.txt,149,105,0,separate,0.021052631578947368,unknown,95,0.0,0.010526315789473684,12.857142857142858,0,1
元朝,192362,元故延安路醫學教授武君墓誌銘,元故延安路醫學教授武君墓誌銘,元故延安路醫學教授武君墓誌銘,1,scrape_output\raw\元朝\元故延安路醫學教授武君墓誌銘\元故延安路醫學教授武君墓誌銘__juan_01.txt,scrape_output\clean\元朝\元故延安路醫學教授武君墓誌銘\元故延安路醫學教授武君墓誌銘__juan_01.txt,1219,730,0,separate,0.24026798307475317,wenyan-like,709,0.00846262341325811,0.05782792665726375,18.86111111111111,0,0
元朝,1179483,元日 (薩都剌),元日 (薩都剌),元日 (薩都剌),1,scrape_output\raw\元朝\元日 (薩都剌)\元日 (薩都剌)__juan_01.txt,scrape_output\clean\元朝\元日 (薩都剌)\元日 (薩都剌)__juan_01.txt,149,105,0,separate,0.021052631578947368,unknown,95,0.0,0.010526315789473684,12.857142857142858,0,1
元朝,886702,元日上尊大人領省阿巴國夫人壽,元日上尊大人領省阿巴國夫人壽,元日上尊大人領省阿巴國夫人壽,1,scrape_output\raw\元朝\元日上尊大人領省阿巴國夫人壽\元日上尊大人領省阿巴國夫人壽__juan_01.txt,scrape_output\clean\元朝\元日上尊大人領省阿巴國夫人壽\元日上尊大人領省阿巴國夫人壽__juan_01.txt,113,69,0,separate,-0.015873015873015872,unknown,63,0.015873015873015872,0.015873015873015872,12.0,0,1
元朝,107596,元朝征緬錄,元朝征緬錄,元朝征緬錄,1,scrape_output\raw\元朝\元朝征緬錄\元朝征緬錄__juan_01.txt,scrape_output\clean\元朝\元朝征緬錄\元朝征緬錄__juan_01.txt,4700,4606,0,separate,0.20030621172353455,wenyan-like,4572,0.011811023622047244,0.04286964129483815,23.85326086956522,0,0
元朝,107097,元朝秘史,元朝秘史/卷01,元朝秘史,1,scrape_output\suspected_baihua\raw\元朝\元朝秘史\元朝秘史__juan_01.txt,scrape_output\suspected_baihua\clean\元朝\元朝秘史\元朝秘史__juan_01.txt,6843,6616,0,separate,-0.00859936266098471,baihua-like,53033,0.0635264835102672,0.01599004393490845,18.67682702901212,0,0
元朝,107097,元朝秘史,元朝秘史/卷02,元朝秘史,2,scrape_output\suspected_baihua\raw\元朝\元朝秘史\元朝秘史__juan_02.txt,scrape_output\suspected_baihua\clean\元朝\元朝秘史\元朝秘史__juan_02.txt,4635,4635,0,separate,-0.00859936266098471,baihua-like,53033,0.0635264835102672,0.01599004393490845,18.67682702901212,0,0
元朝,107097,元朝秘史,元朝秘史/卷03,元朝秘史,3,scrape_output\suspected_baihua\raw\元朝\元朝秘史\元朝秘史__juan_03.txt,scrape_output\suspected_baihua\clean\元朝\元朝秘史\元朝秘史__juan_03.txt,4437,4435,0,separate,-0.00859936266098471,baihua-like,53033,0.0635264835102672,0.01599004393490845,18.67682702901212,0,0
元朝,107097,元朝秘史,元朝秘史/卷04,元朝秘史,4,scrape_output\suspected_baihua\raw\元朝\元朝秘史\元朝秘史__juan_04.txt,scrape_output\suspected_baihua\clean\元朝\元朝秘史\元朝秘史__juan_04.txt,4625,4625,0,separate,-0.00859936266098471,baihua-like,53033,0.0635264835102672,0.01599004393490845,18.67682702901212,0,0
元朝,107097,元朝秘史,元朝秘史/卷05,元朝秘史,5,scrape_output\suspected_baihua\raw\元朝\元朝秘史\元朝秘史__juan_05.txt,scrape_output\suspected_baihua\clean\元朝\元朝秘史\元朝秘史__juan_05.txt,3140,3093,0,separate,-0.00859936266098471,baihua-like,53033,0.0635264835102672,0.01599004393490845,18.67682702901212,0,0
元朝,107097,元朝秘史,元朝秘史/卷06,元朝秘史,6,scrape_output\suspected_baihua\raw\元朝\元朝秘史\元朝秘史__juan_06.txt,scrape_output\suspected_baihua\clean\元朝\元朝秘史\元朝秘史__juan_06.txt,3243,3243,0,separate,-0.00859936266098471,baihua-like,53033,0.0635264835102672,0.01599004393490845,18.67682702901212,0,0
元朝,107097,元朝秘史,元朝秘史/卷07,元朝秘史,7,scrape_output\suspected_baihua\raw\元朝\元朝秘史\元朝秘史__juan_07.txt,scrape_output\suspected_baihua\clean\元朝\元朝秘史\元朝秘史__juan_07.txt,4868,4866,0,separate,-0.00859936266098471,baihua-like,53033,0.0635264835102672,0.01599004393490845,18.67682702901212,0,0
元朝,107097,元朝秘史,元朝秘史/卷08,元朝秘史,8,scrape_output\suspected_baihua\raw\元朝\元朝秘史\元朝秘史__juan_08.txt,scrape_output\suspected_baihua\clean\元朝\元朝秘史\元朝秘史__juan_08.txt,4187,4187,0,separate,-0.00859936266098471,baihua-like,53033,0.0635264835102672,0.01599004393490845,18.67682702901212,0,0
元朝,107097,元朝秘史,元朝秘史/卷09,元朝秘史,9,scrape_output\suspected_baihua\raw\元朝\元朝秘史\元朝秘史__juan_09.txt,scrape_output\suspected_baihua\clean\元朝\元朝秘史\元朝秘史__juan_09.txt,2731,2693,0,separate,-0.00859936266098471,baihua-like,53033,0.0635264835102672,0.01599004393490845,18.67682702901212,0,0
元朝,107097,元朝秘史,元朝秘史/卷10,元朝秘史,10,scrape_output\suspected_baihua\raw\元朝\元朝秘史\元朝秘史__juan_10.txt,scrape_output\suspected_baihua\clean\元朝\元朝秘史\元朝秘史__juan_10.txt,3093,3093,0,separate,-0.00859936266098471,baihua-like,53033,0.0635264835102672,0.01599004393490845,18.67682702901212,0,0
元朝,107097,元朝秘史,元朝秘史/卷11,元朝秘史,11,scrape_output\suspected_baihua\raw\元朝\元朝秘史\元朝秘史__juan_11.txt,scrape_output\suspected_baihua\clean\元朝\元朝秘史\元朝秘史__juan_11.txt,1940,1940,0,separate,-0.00859936266098471,baihua-like,53033,0.0635264835102672,0.01599004393490845,18.67682702901212,0,0
元朝,107097,元朝秘史,元朝秘史/卷12,元朝秘史,12,scrape_output\suspected_baihua\raw\元朝\元朝秘史\元朝秘史__juan_12.txt,scrape_output\suspected_baihua\clean\元朝\元朝秘史\元朝秘史__juan_12.txt,2765,2765,0,separate,-0.00859936266098471,baihua-like,53033,0.0635264835102672,0.01599004393490845,18.67682702901212,0,0
元朝,107097,元朝秘史,元朝秘史/卷13,元朝秘史,13,scrape_output\suspected_baihua\raw\元朝\元朝秘史\元朝秘史__juan_13.txt,scrape_output\suspected_baihua\clean\元朝\元朝秘史\元朝秘史__juan_13.txt,3641,3641,0,separate,-0.00859936266098471,baihua-like,53033,0.0635264835102672,0.01599004393490845,18.67682702901212,0,0
元朝,107097,元朝秘史,元朝秘史/卷14,元朝秘史,14,scrape_output\suspected_baihua\raw\元朝\元朝秘史\元朝秘史__juan_14.txt,scrape_output\suspected_baihua\clean\元朝\元朝秘史\元朝秘史__juan_14.txt,2486,2486,0,separate,-0.00859936266098471,baihua-like,53033,0.0635264835102672,0.01599004393490845,18.67682702901212,0,0
元朝,107097,元朝秘史,元朝秘史/卷15,元朝秘史,15,scrape_output\suspected_baihua\raw\元朝\元朝秘史\元朝秘史__juan_15.txt,scrape_output\suspected_baihua\clean\元朝\元朝秘史\元朝秘史__juan_15.txt,1095,1094,0,separate,-0.00859936266098471,baihua-like,53033,0.0635264835102672,0.01599004393490845,18.67682702901212,0,0
元朝,107097,元朝秘史,元朝秘史/卷首,元朝秘史,16,scrape_output\suspected_baihua\raw\元朝\元朝秘史\元朝秘史__juan_16.txt,scrape_output\suspected_baihua\clean\元朝\元朝秘史\元朝秘史__juan_16.txt,878,878,0,separate,-0.00859936266098471,baihua-like,53033,0.0635264835102672,0.01599004393490845,18.67682702901212,0,0
元朝,318603,元泰定帝即位詔,元泰定帝即位詔,元泰定帝即位詔,1,scrape_output\raw\元朝\元泰定帝即位詔\元泰定帝即位詔__juan_01.txt,scrape_output\clean\元朝\元泰定帝即位詔\元泰定帝即位詔__juan_01.txt,821,821,0,separate,0.25471236230110156,wenyan-like,817,0.037943696450428395,0.03427172582619339,39.95,0,0
元朝,318604,元泰定帝軒轅庙《聖旨》,元泰定帝軒轅庙《聖旨》,元泰定帝軒轅庙《聖旨》,1,scrape_output\raw\元朝\元泰定帝軒轅庙《聖旨》\元泰定帝軒轅庙《聖旨》__juan_01.txt,scrape_output\clean\元朝\元泰定帝軒轅庙《聖旨》\元泰定帝軒轅庙《聖旨》__juan_01.txt,405,385,0,separate,0.10161290322580643,wenyan-like,372,0.03763440860215054,0.03225806451612903,24.2,0,0
元朝,1179291,元統乙亥余錄囚至滄州坐清風樓,元統乙亥余錄囚至滄州坐清風樓,元統乙亥余錄囚至滄州坐清風樓,1,scrape_output\raw\元朝\元統乙亥余錄囚至滄州坐清風樓\元統乙亥余錄囚至滄州坐清風樓__juan_01.txt,scrape_output\clean\元朝\元統乙亥余錄囚至滄州坐清風樓\元統乙亥余錄囚至滄州坐清風樓__juan_01.txt,133,89,0,separate,-0.012658227848101267,unknown,79,0.012658227848101266,0.012658227848101266,10.571428571428571,0,1
元朝,1179456,元統乙亥歲余除閩憲知事未行立春十日參政許可用惠茶寄詩以謝,元統乙亥歲余除閩憲知事未行立春十日參政許可用惠茶寄詩以謝,元統乙亥歲余除閩憲知事未行立春十日參政許可用惠茶寄詩以謝,1,scrape_output\raw\元朝\元統乙亥歲余除閩憲知事未行立春十日參政許可用惠茶寄詩以謝\元統乙亥歲余除閩憲知事未行立春十日參政許可用惠茶寄詩以謝__juan_01.txt,scrape_output\clean\元朝\元統乙亥歲余除閩憲知事未行立春十日參政許可用惠茶寄詩以謝\元統乙亥歲余除閩憲知事未行立春十日參政許可用惠茶寄詩以謝__juan_01.txt,149,105,0,separate,0.042105263157894736,unknown,95,0.0,0.021052631578947368,12.857142857142858,0,1
元朝,1179449,元統乙亥歲集賢學士只兒合舟奉旨代祀真定路玉華宮睿宗仁聖景襄皇帝影堂僕備監禮,元統乙亥歲集賢學士只兒合舟奉旨代祀真定路玉華宮睿宗仁聖景襄皇帝影堂僕備監禮,元統乙亥歲集賢學士只兒合舟奉旨代祀真定路玉華宮睿宗仁聖景襄皇帝影堂僕備監禮,1,scrape_output\raw\元朝\元統乙亥歲集賢學士只兒合舟奉旨代祀真定路玉華宮睿宗仁聖景襄皇帝影堂僕備監禮\元統乙亥歲集賢學士只兒合舟奉旨代祀真定路玉華宮睿宗仁聖景襄皇帝影堂僕備監禮__juan_01.txt,scrape_output\clean\元朝\元統乙亥歲集賢學士只兒合舟奉旨代祀真定路玉華宮睿宗仁聖景襄皇帝影堂僕備監禮\元統乙亥歲集賢學士只兒合舟奉旨代祀真定路玉華宮睿宗仁聖景襄皇帝影堂僕備監禮__juan_01.txt,149,105,0,separate,0.06315789473684211,unknown,95,0.0,0.031578947368421054,12.857142857142858,0,1
元朝,185628,元豐類稿後序,元豐類稿後序,元豐類稿後序,1,scrape_output\raw\元朝\元豐類稿後序\元豐類稿後序__juan_01.txt,scrape_output\clean\元朝\元豐類稿後序\元豐類稿後序__juan_01.txt,413,369,0,separate,0.26357340720221606,wenyan-like,361,0.008310249307479225,0.06925207756232687,19.27777777777778,0,0
元朝,891520,入山,入山,入山,1,scrape_output\raw\元朝\入山\入山__juan_01.txt,scrape_output\clean\元朝\入山\入山__juan_01.txt,54,54,0,separate,0.041666666666666664,unknown,48,0.0,0.020833333333333332,11.0,0,1
元朝,886342,入蜀口號,入蜀口號,入蜀口號,1,scrape_output\raw\元朝\入蜀口號\入蜀口號__juan_01.txt,scrape_output\clean\元朝\入蜀口號\入蜀口號__juan_01.txt,113,69,0,separate,-0.015873015873015872,unknown,63,0.015873015873015872,0.015873015873015872,12.0,0,1
元朝,1179386,入閩過平望驛和御史王伯循題壁,入閩過平望驛和御史王伯循題壁,入閩過平望驛和御史王伯循題壁,1,scrape_output\raw\元朝\入閩過平望驛和御史王伯循題壁\入閩過平望驛和御史王伯循題壁__juan_01.txt,scrape_output\clean\元朝\入閩過平望驛和御史王伯循題壁\入閩過平望驛和御史王伯循題壁__juan_01.txt,113,69,0,separate,0.031746031746031744,unknown,63,0.0,0.015873015873015872,12.0,0,1
元朝,108790,全相平話,全相平話/01,全相平話,1,scrape_output\raw\元朝\全相平話\全相平話__juan_01.txt,scrape_output\clean\元朝\全相平話\全相平話__juan_01.txt,14945,14787,0,separate,0.16335782940873345,wenyan-like,223165,0.01571482983442744,0.030251159456007887,17.234590017099585,0,0
元朝,108790,全相平話,全相平話/02,全相平話,2,scrape_output\raw\元朝\全相平話\全相平話__juan_02.txt,scrape_output\clean\元朝\全相平話\全相平話__juan_02.txt,14307,14195,0,separate,0.16335782940873345,wenyan-like,223165,0.01571482983442744,0.030251159456007887,17.234590017099585,0,0
元朝,108790,全相平話,全相平話/03,全相平話,3,scrape_output\raw\元朝\全相平話\全相平話__juan_03.txt,scrape_output\clean\元朝\全相平話\全相平話__juan_03.txt,11947,11833,0,separate,0.16335782940873345,wenyan-like,223165,0.01571482983442744,0.030251159456007887,17.234590017099585,0,0
元朝,108790,全相平話,全相平話/04,全相平話,4,scrape_output\raw\元朝\全相平話\全相平話__juan_04.txt,scrape_output\clean\元朝\全相平話\全相平話__juan_04.txt,83,38,0,separate,0.16335782940873345,wenyan-like,223165,0.01571482983442744,0.030251159456007887,17.234590017099585,0,0
元朝,108790,全相平話,全相平話/05,全相平話,5,scrape_output\raw\元朝\全相平話\全相平話__juan_05.txt,scrape_output\clean\元朝\全相平話\全相平話__juan_05.txt,12199,12154,0,separate,0.16335782940873345,wenyan-like,223165,0.01571482983442744,0.030251159456007887,17.234590017099585,0,0
元朝,108790,全相平話,全相平話/06,全相平話,6,scrape_output\raw\元朝\全相平話\全相平話__juan_06.txt,scrape_output\clean\元朝\全相平話\全相平話__juan_06.txt,12780,12724,0,separate,0.16335782940873345,wenyan-like,223165,0.01571482983442744,0.030251159456007887,17.234590017099585,0,0
元朝,108790,全相平話,全相平話/07,全相平話,7,scrape_output\raw\元朝\全相平話\全相平話__juan_07.txt,scrape_output\clean\元朝\全相平話\全相平話__juan_07.txt,12425,12378,0,separate,0.16335782940873345,wenyan-like,223165,0.01571482983442744,0.030251159456007887,17.234590017099585,0,0
元朝,108790,全相平話,全相平話/08,全相平話,8,scrape_output\raw\元朝\全相平話\全相平話__juan_08.txt,scrape_output\clean\元朝\全相平話\全相平話__juan_08.txt,19208,19150,0,separate,0.16335782940873345,wenyan-like,223165,0.01571482983442744,0.030251159456007887,17.234590017099585,0,0
元朝,108790,全相平話,全相平話/09,全相平話,9,scrape_output\raw\元朝\全相平話\全相平話__juan_09.txt,scrape_output\clean\元朝\全相平話\全相平話__juan_09.txt,14363,14280,0,separate,0.16335782940873345,wenyan-like,223165,0.01571482983442744,0.030251159456007887,17.234590017099585,0,0
元朝,108790,全相平話,全相平話/10,全相平話,10,scrape_output\raw\元朝\全相平話\全相平話__juan_10.txt,scrape_output\clean\元朝\全相平話\全相平話__juan_10.txt,16099,16029,0,separate,0.16335782940873345,wenyan-like,223165,0.01571482983442744,0.030251159456007887,17.234590017099585,0,0
元朝,108790,全相平話,全相平話/11,全相平話,11,scrape_output\raw\元朝\全相平話\全相平話__juan_11.txt,scrape_output\clean\元朝\全相平話\全相平話__juan_11.txt,11130,11083,0,separate,0.16335782940873345,wenyan-like,223165,0.01571482983442744,0.030251159456007887,17.234590017099585,0,0
元朝,108790,全相平話,全相平話/12,全相平話,12,scrape_output\raw\元朝\全相平話\全相平話__juan_12.txt,scrape_output\clean\元朝\全相平話\全相平話__juan_12.txt,12462,12406,0,separate,0.16335782940873345,wenyan-like,223165,0.01571482983442744,0.030251159456007887,17.234590017099585,0,0
元朝,108790,全相平話,全相平話/13,全相平話,13,scrape_output\raw\元朝\全相平話\全相平話__juan_13.txt,scrape_output\clean\元朝\全相平話\全相平話__juan_13.txt,11737,11692,0,separate,0.16335782940873345,wenyan-like,223165,0.01571482983442744,0.030251159456007887,17.234590017099585,0,0
元朝,108790,全相平話,全相平話/14,全相平話,14,scrape_output\raw\元朝\全相平話\全相平話__juan_14.txt,scrape_output\clean\元朝\全相平話\全相平話__juan_14.txt,22687,22640,0,separate,0.16335782940873345,wenyan-like,223165,0.01571482983442744,0.030251159456007887,17.234590017099585,0,0
元朝,108790,全相平話,全相平話/15,全相平話,15,scrape_output\raw\元朝\全相平話\全相平話__juan_15.txt,scrape_output\clean\元朝\全相平話\全相平話__juan_15.txt,23758,23709,0,separate,0.16335782940873345,wenyan-like,223165,0.01571482983442744,0.030251159456007887,17.234590017099585,0,0
元朝,108790,全相平話,全相平話/16,全相平話,16,scrape_output\raw\元朝\全相平話\全相平話__juan_16.txt,scrape_output\clean\元朝\全相平話\全相平話__juan_16.txt,23353,23302,0,separate,0.16335782940873345,wenyan-like,223165,0.01571482983442744,0.030251159456007887,17.234590017099585,0,0
元朝,1000445,兩朝綱目備要,兩朝綱目備要/卷01,兩朝綱目備要,1,scrape_output\raw\元朝\兩朝綱目備要\兩朝綱目備要__juan_01.txt,scrape_output\clean\元朝\兩朝綱目備要\兩朝綱目備要__juan_01.txt,10693,10689,0,separate,0.3832736082071208,wenyan-like,168829,0.00948296797351166,0.0558612560638279,28.431063975367774,0,0
元朝,1000445,兩朝綱目備要,兩朝綱目備要/卷02,兩朝綱目備要,2,scrape_output\raw\元朝\兩朝綱目備要\兩朝綱目備要__juan_02.txt,scrape_output\clean\元朝\兩朝綱目備要\兩朝綱目備要__juan_02.txt,9069,9047,0,separate,0.3832736082071208,wenyan-like,168829,0.00948296797351166,0.0558612560638279,28.431063975367774,0,0
元朝,1000445,兩朝綱目備要,兩朝綱目備要/卷03,兩朝綱目備要,3,scrape_output\raw\元朝\兩朝綱目備要\兩朝綱目備要__juan_03.txt,scrape_output\clean\元朝\兩朝綱目備要\兩朝綱目備要__juan_03.txt,15760,15749,0,separate,0.3832736082071208,wenyan-like,168829,0.00948296797351166,0.0558612560638279,28.431063975367774,0,0
元朝,1000445,兩朝綱目備要,兩朝綱目備要/卷04,兩朝綱目備要,4,scrape_output\raw\元朝\兩朝綱目備要\兩朝綱目備要__juan_04.txt,scrape_output\clean\元朝\兩朝綱目備要\兩朝綱目備要__juan_04.txt,12598,12564,0,separate,0.3832736082071208,wenyan-like,168829,0.00948296797351166,0.0558612560638279,28.431063975367774,0,0
元朝,1000445,兩朝綱目備要,兩朝綱目備要/卷05,兩朝綱目備要,5,scrape_output\raw\元朝\兩朝綱目備要\兩朝綱目備要__juan_05.txt,scrape_output\clean\元朝\兩朝綱目備要\兩朝綱目備要__juan_05.txt,12487,12437,0,separate,0.3832736082071208,wenyan-like,168829,0.00948296797351166,0.0558612560638279,28.431063975367774,0,0
元朝,1000445,兩朝綱目備要,兩朝綱目備要/卷06,兩朝綱目備要,6,scrape_output\raw\元朝\兩朝綱目備要\兩朝綱目備要__juan_06.txt,scrape_output\clean\元朝\兩朝綱目備要\兩朝綱目備要__juan_06.txt,6638,6613,0,separate,0.3832736082071208,wenyan-like,168829,0.00948296797351166,0.0558612560638279,28.431063975367774,0,0
元朝,1000445,兩朝綱目備要,兩朝綱目備要/卷07,兩朝綱目備要,7,scrape_output\raw\元朝\兩朝綱目備要\兩朝綱目備要__juan_07.txt,scrape_output\clean\元朝\兩朝綱目備要\兩朝綱目備要__juan_07.txt,10472,10416,0,separate,0.3832736082071208,wenyan-like,168829,0.00948296797351166,0.0558612560638279,28.431063975367774,0,0
元朝,1000445,兩朝綱目備要,兩朝綱目備要/卷08,兩朝綱目備要,8,scrape_output\raw\元朝\兩朝綱目備要\兩朝綱目備要__juan_08.txt,scrape_output\clean\元朝\兩朝綱目備要\兩朝綱目備要__juan_08.txt,13679,13623,0,separate,0.3832736082071208,wenyan-like,168829,0.00948296797351166,0.0558612560638279,28.431063975367774,0,0
元朝,1000445,兩朝綱目備要,兩朝綱目備要/卷09,兩朝綱目備要,9,scrape_output\raw\元朝\兩朝綱目備要\兩朝綱目備要__juan_09.txt,scrape_output\clean\元朝\兩朝綱目備要\兩朝綱目備要__juan_09.txt,10684,10584,0,separate,0.3832736082071208,wenyan-like,168829,0.00948296797351166,0.0558612560638279,28.431063975367774,0,0
元朝,1000445,兩朝綱目備要,兩朝綱目備要/卷10,兩朝綱目備要,10,scrape_output\raw\元朝\兩朝綱目備要\兩朝綱目備要__juan_10.txt,scrape_output\clean\元朝\兩朝綱目備要\兩朝綱目備要__juan_10.txt,12248,12191,0,separate,0.3832736082071208,wenyan-like,168829,0.00948296797351166,0.0558612560638279,28.431063975367774,0,0
元朝,1000445,兩朝綱目備要,兩朝綱目備要/卷11,兩朝綱目備要,11,scrape_output\raw\元朝\兩朝綱目備要\兩朝綱目備要__juan_11.txt,scrape_output\clean\元朝\兩朝綱目備要\兩朝綱目備要__juan_11.txt,8274,8229,0,separate,0.3832736082071208,wenyan-like,168829,0.00948296797351166,0.0558612560638279,28.431063975367774,0,0
元朝,1000445,兩朝綱目備要,兩朝綱目備要/卷12,兩朝綱目備要,12,scrape_output\raw\元朝\兩朝綱目備要\兩朝綱目備要__juan_12.txt,scrape_output\clean\元朝\兩朝綱目備要\兩朝綱目備要__juan_12.txt,12706,12670,0,separate,0.3832736082071208,wenyan-like,168829,0.00948296797351166,0.0558612560638279,28.431063975367774,0,0
元朝,1000445,兩朝綱目備要,兩朝綱目備要/卷13,兩朝綱目備要,13,scrape_output\raw\元朝\兩朝綱目備要\兩朝綱目備要__juan_13.txt,scrape_output\clean\元朝\兩朝綱目備要\兩朝綱目備要__juan_13.txt,12447,12282,0,separate,0.3832736082071208,wenyan-like,168829,0.00948296797351166,0.0558612560638279,28.431063975367774,0,0
元朝,1000445,兩朝綱目備要,兩朝綱目備要/卷14,兩朝綱目備要,14,scrape_output\raw\元朝\兩朝綱目備要\兩朝綱目備要__juan_14.txt,scrape_output\clean\元朝\兩朝綱目備要\兩朝綱目備要__juan_14.txt,11011,10996,0,separate,0.3832736082071208,wenyan-like,168829,0.00948296797351166,0.0558612560638279,28.431063975367774,0,0
元朝,1000445,兩朝綱目備要,兩朝綱目備要/卷15,兩朝綱目備要,15,scrape_output\raw\元朝\兩朝綱目備要\兩朝綱目備要__juan_15.txt,scrape_output\clean\元朝\兩朝綱目備要\兩朝綱目備要__juan_15.txt,8501,8487,0,separate,0.3832736082071208,wenyan-like,168829,0.00948296797351166,0.0558612560638279,28.431063975367774,0,0
元朝,1000445,兩朝綱目備要,兩朝綱目備要/卷16,兩朝綱目備要,16,scrape_output\raw\元朝\兩朝綱目備要\兩朝綱目備要__juan_16.txt,scrape_output\clean\元朝\兩朝綱目備要\兩朝綱目備要__juan_16.txt,9257,9160,0,separate,0.3832736082071208,wenyan-like,168829,0.00948296797351166,0.0558612560638279,28.431063975367774,0,0
元朝,765006,兩浙作者序,兩浙作者序,兩浙作者序,1,scrape_output\raw\元朝\兩浙作者序\兩浙作者序__juan_01.txt,scrape_output\clean\元朝\兩浙作者序\兩浙作者序__juan_01.txt,475,431,0,separate,0.35705882352941176,wenyan-like,425,0.004705882352941176,0.11058823529411765,22.72222222222222,0,0
元朝,765455,兩浙鹽使司同知木八剌沙侯善政碑,兩浙鹽使司同知木八剌沙侯善政碑,兩浙鹽使司同知木八剌沙侯善政碑,1,scrape_output\raw\元朝\兩浙鹽使司同知木八剌沙侯善政碑\兩浙鹽使司同知木八剌沙侯善政碑__juan_01.txt,scrape_output\clean\元朝\兩浙鹽使司同知木八剌沙侯善政碑\兩浙鹽使司同知木八剌沙侯善政碑__juan_01.txt,987,943,0,separate,0.2755364806866953,wenyan-like,932,0.011802575107296138,0.08047210300429185,17.392156862745097,0,0
元朝,768856,八蟠嶺,八蟠嶺,八蟠嶺,1,scrape_output\raw\元朝\八蟠嶺\八蟠嶺__juan_01.txt,scrape_output\clean\元朝\八蟠嶺\八蟠嶺__juan_01.txt,133,89,0,separate,0.02531645569620253,unknown,79,0.0,0.012658227848101266,10.571428571428571,0,1
元朝,768909,冀州道中,冀州道中,冀州道中,1,scrape_output\suspected_baihua\raw\元朝\冀州道中\冀州道中__juan_01.txt,scrape_output\suspected_baihua\clean\元朝\冀州道中\冀州道中__juan_01.txt,413,369,0,separate,-0.009404388714733536,baihua-like,319,0.01567398119122257,0.018808777429467086,10.88888888888889,0,0
元朝,885651,再如蒲圻二首,再如蒲圻二首,再如蒲圻二首,1,scrape_output\raw\元朝\再如蒲圻二首\再如蒲圻二首__juan_01.txt,scrape_output\clean\元朝\再如蒲圻二首\再如蒲圻二首__juan_01.txt,189,145,0,separate,0.047244094488188976,unknown,127,0.0,0.023622047244094488,10.727272727272727,0,1
元朝,1179495,再遊崇禧寺,再遊崇禧寺,再遊崇禧寺,1,scrape_output\raw\元朝\再遊崇禧寺\再遊崇禧寺__juan_01.txt,scrape_output\clean\元朝\再遊崇禧寺\再遊崇禧寺__juan_01.txt,149,105,0,separate,-0.04210526315789474,unknown,95,0.021052631578947368,0.010526315789473684,12.857142857142858,0,1
元朝,1179359,再過梁山泊有懷觀志能二絶,再過梁山泊有懷觀志能二絶,再過梁山泊有懷觀志能二絶,1,scrape_output\raw\元朝\再過梁山泊有懷觀志能二絶\再過梁山泊有懷觀志能二絶__juan_01.txt,scrape_output\clean\元朝\再過梁山泊有懷觀志能二絶\再過梁山泊有懷觀志能二絶__juan_01.txt,149,105,0,separate,0.010526315789473682,unknown,95,0.010526315789473684,0.021052631578947368,12.857142857142858,0,1
元朝,1179459,再過界首驛,再過界首驛,再過界首驛,1,scrape_output\raw\元朝\再過界首驛\再過界首驛__juan_01.txt,scrape_output\clean\元朝\再過界首驛\再過界首驛__juan_01.txt,149,105,0,separate,0.021052631578947368,unknown,95,0.0,0.010526315789473684,12.857142857142858,0,1
元朝,1179439,再過鍾山大禧萬壽寺有感,再過鍾山大禧萬壽寺有感,再過鍾山大禧萬壽寺有感,1,scrape_output\raw\元朝\再過鍾山大禧萬壽寺有感\再過鍾山大禧萬壽寺有感__juan_01.txt,scrape_output\clean\元朝\再過鍾山大禧萬壽寺有感\再過鍾山大禧萬壽寺有感__juan_01.txt,149,105,0,separate,0.042105263157894736,unknown,95,0.0,0.021052631578947368,12.857142857142858,0,1
元朝,885755,冬日即事,冬日即事,冬日即事,1,scrape_output\raw\元朝\冬日即事\冬日即事__juan_01.txt,scrape_output\clean\元朝\冬日即事\冬日即事__juan_01.txt,221,177,0,separate,0.012578616352201259,unknown,159,0.0,0.006289308176100629,13.636363636363637,0,1
元朝,886465,冬日桃花同諸公賦,冬日桃花同諸公賦,冬日桃花同諸公賦,1,scrape_output\raw\元朝\冬日桃花同諸公賦\冬日桃花同諸公賦__juan_01.txt,scrape_output\clean\元朝\冬日桃花同諸公賦\冬日桃花同諸公賦__juan_01.txt,113,69,0,separate,0.031746031746031744,unknown,63,0.0,0.015873015873015872,12.0,0,1
元朝,889290,凌室記,凌室記,凌室記,1,scrape_output\raw\元朝\凌室記\凌室記__juan_01.txt,scrape_output\clean\元朝\凌室記\凌室記__juan_01.txt,629,585,0,separate,0.34965576592082614,wenyan-like,581,0.013769363166953529,0.12048192771084337,18.433333333333334,0,0
元朝,889421,凝雲石賦,凝雲石賦,凝雲石賦,1,scrape_output\raw\元朝\凝雲石賦\凝雲石賦__juan_01.txt,scrape_output\clean\元朝\凝雲石賦\凝雲石賦__juan_01.txt,385,341,0,separate,0.13056379821958458,wenyan-like,337,0.0,0.06528189910979229,13.73913043478261,0,0
元朝,884473,凱樂歌詞曲,凱樂歌詞曲·其一 征不庭,凱樂歌詞曲,1,scrape_output\raw\元朝\凱樂歌詞曲\凱樂歌詞曲__juan_01.txt,scrape_output\clean\元朝\凱樂歌詞曲\凱樂歌詞曲__juan_01.txt,113,69,0,separate,0.05784313725490196,wenyan-like,1020,0.010784313725490196,0.045098039215686274,14.376811594202898,0,0
元朝,884473,凱樂歌詞曲,凱樂歌詞曲·其七 益屯戍,凱樂歌詞曲,2,scrape_output\raw\元朝\凱樂歌詞曲\凱樂歌詞曲__juan_02.txt,scrape_output\clean\元朝\凱樂歌詞曲\凱樂歌詞曲__juan_02.txt,113,69,0,separate,0.05784313725490196,wenyan-like,1020,0.010784313725490196,0.045098039215686274,14.376811594202898,0,0
元朝,884473,凱樂歌詞曲,凱樂歌詞曲·其三 下龍庭,凱樂歌詞曲,3,scrape_output\raw\元朝\凱樂歌詞曲\凱樂歌詞曲__juan_03.txt,scrape_output\clean\元朝\凱樂歌詞曲\凱樂歌詞曲__juan_03.txt,175,131,0,separate,0.05784313725490196,wenyan-like,1020,0.010784313725490196,0.045098039215686274,14.376811594202898,0,0
元朝,884473,凱樂歌詞曲,凱樂歌詞曲·其九 著國華,凱樂歌詞曲,4,scrape_output\raw\元朝\凱樂歌詞曲\凱樂歌詞曲__juan_04.txt,scrape_output\clean\元朝\凱樂歌詞曲\凱樂歌詞曲__juan_04.txt,125,79,0,separate,0.05784313725490196,wenyan-like,1020,0.010784313725490196,0.045098039215686274,14.376811594202898,0,0
元朝,884473,凱樂歌詞曲,凱樂歌詞曲·其二 取和林,凱樂歌詞曲,5,scrape_output\raw\元朝\凱樂歌詞曲\凱樂歌詞曲__juan_05.txt,scrape_output\clean\元朝\凱樂歌詞曲\凱樂歌詞曲__juan_05.txt,465,421,0,separate,0.05784313725490196,wenyan-like,1020,0.010784313725490196,0.045098039215686274,14.376811594202898,0,0
元朝,884473,凱樂歌詞曲,凱樂歌詞曲·其五 析木䑓,凱樂歌詞曲,6,scrape_output\raw\元朝\凱樂歌詞曲\凱樂歌詞曲__juan_06.txt,scrape_output\clean\元朝\凱樂歌詞曲\凱樂歌詞曲__juan_06.txt,139,95,0,separate,0.05784313725490196,wenyan-like,1020,0.010784313725490196,0.045098039215686274,14.376811594202898,0,0
元朝,884473,凱樂歌詞曲,凱樂歌詞曲·其八 恤降附,凱樂歌詞曲,7,scrape_output\raw\元朝\凱樂歌詞曲\凱樂歌詞曲__juan_07.txt,scrape_output\clean\元朝\凱樂歌詞曲\凱樂歌詞曲__juan_07.txt,113,69,0,separate,0.05784313725490196,wenyan-like,1020,0.010784313725490196,0.045098039215686274,14.376811594202898,0,0
元朝,884473,凱樂歌詞曲,凱樂歌詞曲·其六 駐蹕山,凱樂歌詞曲,8,scrape_output\raw\元朝\凱樂歌詞曲\凱樂歌詞曲__juan_08.txt,scrape_output\clean\元朝\凱樂歌詞曲\凱樂歌詞曲__juan_08.txt,113,69,0,separate,0.05784313725490196,wenyan-like,1020,0.010784313725490196,0.045098039215686274,14.376811594202898,0,0
元朝,884473,凱樂歌詞曲,凱樂歌詞曲·其四 金蓮川,凱樂歌詞曲,9,scrape_output\raw\元朝\凱樂歌詞曲\凱樂歌詞曲__juan_09.txt,scrape_output\clean\元朝\凱樂歌詞曲\凱樂歌詞曲__juan_09.txt,140,96,0,separate,0.05784313725490196,wenyan-like,1020,0.010784313725490196,0.045098039215686274,14.376811594202898,0,0
元朝,884471,凱樂歌詞曲并序,凱樂歌詞曲并序,凱樂歌詞曲并序,1,scrape_output\raw\元朝\凱樂歌詞曲并序\凱樂歌詞曲并序__juan_01.txt,scrape_output\clean\元朝\凱樂歌詞曲并序\凱樂歌詞曲并序__juan_01.txt,1145,1099,0,separate,0.1971976401179941,wenyan-like,1017,0.01376597836774828,0.04424778761061947,16.229508196721312,0,0
元朝,882555,凱歌凱樂詞九首,凱歌凱樂詞九首·其一 南征㨗,凱歌凱樂詞九首,1,scrape_output\raw\元朝\凱歌凱樂詞九首\凱歌凱樂詞九首__juan_01.txt,scrape_output\clean\元朝\凱歌凱樂詞九首\凱歌凱樂詞九首__juan_01.txt,140,96,0,separate,0.04973118279569892,wenyan-like,744,0.006720430107526882,0.03494623655913978,12.803571428571429,0,0
元朝,882555,凱歌凱樂詞九首,凱歌凱樂詞九首·其七 江南平,凱歌凱樂詞九首,2,scrape_output\raw\元朝\凱歌凱樂詞九首\凱歌凱樂詞九首__juan_02.txt,scrape_output\clean\元朝\凱歌凱樂詞九首\凱歌凱樂詞九首__juan_02.txt,130,84,0,separate,0.04973118279569892,wenyan-like,744,0.006720430107526882,0.03494623655913978,12.803571428571429,0,0
元朝,882555,凱歌凱樂詞九首,凱歌凱樂詞九首·其三 戰蕪湖,凱歌凱樂詞九首,3,scrape_output\raw\元朝\凱歌凱樂詞九首\凱歌凱樂詞九首__juan_03.txt,scrape_output\clean\元朝\凱歌凱樂詞九首\凱歌凱樂詞九首__juan_03.txt,121,75,0,separate,0.04973118279569892,wenyan-like,744,0.006720430107526882,0.03494623655913978,12.803571428571429,0,0
元朝,882555,凱歌凱樂詞九首,凱歌凱樂詞九首·其九 聖統樂辭,凱歌凱樂詞九首,4,scrape_output\raw\元朝\凱歌凱樂詞九首\凱歌凱樂詞九首__juan_04.txt,scrape_output\clean\元朝\凱歌凱樂詞九首\凱歌凱樂詞九首__juan_04.txt,113,69,0,separate,0.04973118279569892,wenyan-like,744,0.006720430107526882,0.03494623655913978,12.803571428571429,0,0
元朝,882555,凱歌凱樂詞九首,凱歌凱樂詞九首·其二 㧞武昌,凱歌凱樂詞九首,5,scrape_output\raw\元朝\凱歌凱樂詞九首\凱歌凱樂詞九首__juan_05.txt,scrape_output\clean\元朝\凱歌凱樂詞九首\凱歌凱樂詞九首__juan_05.txt,113,69,0,separate,0.04973118279569892,wenyan-like,744,0.006720430107526882,0.03494623655913978,12.803571428571429,0,0
元朝,882555,凱歌凱樂詞九首,凱歌凱樂詞九首·其五 定三呉,凱歌凱樂詞九首,6,scrape_output\raw\元朝\凱歌凱樂詞九首\凱歌凱樂詞九首__juan_06.txt,scrape_output\clean\元朝\凱歌凱樂詞九首\凱歌凱樂詞九首__juan_06.txt,113,69,0,separate,0.04973118279569892,wenyan-like,744,0.006720430107526882,0.03494623655913978,12.803571428571429,0,0
元朝,882555,凱歌凱樂詞九首,凱歌凱樂詞九首·其八 制勝樂辭,凱歌凱樂詞九首,7,scrape_output\raw\元朝\凱歌凱樂詞九首\凱歌凱樂詞九首__juan_07.txt,scrape_output\clean\元朝\凱歌凱樂詞九首\凱歌凱樂詞九首__juan_07.txt,121,75,0,separate,0.04973118279569892,wenyan-like,744,0.006720430107526882,0.03494623655913978,12.803571428571429,0,0
元朝,882555,凱歌凱樂詞九首,凱歌凱樂詞九首·其六 克臨安,凱歌凱樂詞九首,8,scrape_output\raw\元朝\凱歌凱樂詞九首\凱歌凱樂詞九首__juan_08.txt,scrape_output\clean\元朝\凱歌凱樂詞九首\凱歌凱樂詞九首__juan_08.txt,247,203,0,separate,0.04973118279569892,wenyan-like,744,0.006720430107526882,0.03494623655913978,12.803571428571429,0,0
元朝,882555,凱歌凱樂詞九首,凱歌凱樂詞九首·其四 下江東,凱歌凱樂詞九首,9,scrape_output\raw\元朝\凱歌凱樂詞九首\凱歌凱樂詞九首__juan_09.txt,scrape_output\clean\元朝\凱歌凱樂詞九首\凱歌凱樂詞九首__juan_09.txt,113,69,0,separate,0.04973118279569892,wenyan-like,744,0.006720430107526882,0.03494623655913978,12.803571428571429,0,0
元朝,882553,凱歌凱樂詞九首并序,凱歌凱樂詞九首并序,凱歌凱樂詞九首并序,1,scrape_output\raw\元朝\凱歌凱樂詞九首并序\凱歌凱樂詞九首并序__juan_01.txt,scrape_output\clean\元朝\凱歌凱樂詞九首并序\凱歌凱樂詞九首并序__juan_01.txt,1093,1043,0,separate,0.1934332988624612,wenyan-like,967,0.008273009307135471,0.03412616339193381,18.153846153846153,0,0
元朝,764822,刑統賦釋義序,刑統賦釋義序,刑統賦釋義序,1,scrape_output\raw\元朝\刑統賦釋義序\刑統賦釋義序__juan_01.txt,scrape_output\clean\元朝\刑統賦釋義序\刑統賦釋義序__juan_01.txt,704,660,0,separate,0.4898148148148148,wenyan-like,648,0.007716049382716049,0.10648148148148148,31.5,0,0
元朝,886398,初卜縉雲五湖別業,初卜縉雲五湖別業,初卜縉雲五湖別業,1,scrape_output\raw\元朝\初卜縉雲五湖別業\初卜縉雲五湖別業__juan_01.txt,scrape_output\clean\元朝\初卜縉雲五湖別業\初卜縉雲五湖別業__juan_01.txt,113,69,0,separate,0.031746031746031744,unknown,63,0.0,0.015873015873015872,12.0,0,1
元朝,1179411,初夏淮安道中,初夏淮安道中,初夏淮安道中,1,scrape_output\raw\元朝\初夏淮安道中\初夏淮安道中__juan_01.txt,scrape_output\clean\元朝\初夏淮安道中\初夏淮安道中__juan_01.txt,113,69,0,separate,0.031746031746031744,unknown,63,0.0,0.015873015873015872,12.0,0,1
元朝,886727,初閲仙音樂,初閲仙音樂,初閲仙音樂,1,scrape_output\raw\元朝\初閲仙音樂\初閲仙音樂__juan_01.txt,scrape_output\clean\元朝\初閲仙音樂\初閲仙音樂__juan_01.txt,113,69,0,separate,0.031746031746031744,unknown,63,0.0,0.015873015873015872,12.0,0,1
元朝,1179457,别江州總管真定王克紹,别江州總管真定王克紹,别江州總管真定王克紹,1,scrape_output\raw\元朝\别江州總管真定王克紹\别江州總管真定王克紹__juan_01.txt,scrape_output\clean\元朝\别江州總管真定王克紹\别江州總管真定王克紹__juan_01.txt,149,105,0,separate,0.021052631578947368,unknown,95,0.0,0.010526315789473684,12.857142857142858,0,1
元朝,765214,則齋記,則齋記,則齋記,1,scrape_output\raw\元朝\則齋記\則齋記__juan_01.txt,scrape_output\clean\元朝\則齋記\則齋記__juan_01.txt,445,401,0,separate,0.47569974554707384,wenyan-like,393,0.0,0.1628498727735369,19.842105263157894,0,0
元朝,886320,前出塞 (耶律鑄),前出塞 (耶律鑄),前出塞 (耶律鑄),1,scrape_output\raw\元朝\前出塞 (耶律鑄)\前出塞 (耶律鑄)__juan_01.txt,scrape_output\clean\元朝\前出塞 (耶律鑄)\前出塞 (耶律鑄)__juan_01.txt,149,105,0,separate,0.021052631578947368,unknown,95,0.0,0.010526315789473684,12.857142857142858,0,1
元朝,884968,前突厥三䑓,前突厥三䑓,前突厥三䑓,1,scrape_output\raw\元朝\前突厥三䑓\前突厥三䑓__juan_01.txt,scrape_output\clean\元朝\前突厥三䑓\前突厥三䑓__juan_01.txt,159,113,0,separate,-0.0198019801980198,unknown,101,0.019801980198019802,0.019801980198019802,10.666666666666666,0,1
元朝,352475,前調 (西方樂),前調 (西方樂),前調 (西方樂),1,scrape_output\raw\元朝\前調 (西方樂)\前調 (西方樂)__juan_01.txt,scrape_output\clean\元朝\前調 (西方樂)\前調 (西方樂)__juan_01.txt,1638,1592,0,separate,0.290453074433657,wenyan-like,1236,0.011326860841423949,0.0372168284789644,5.972222222222222,1,0
元朝,885320,剪流水,剪流水,剪流水,1,scrape_output\raw\元朝\剪流水\剪流水__juan_01.txt,scrape_output\clean\元朝\剪流水\剪流水__juan_01.txt,133,89,0,separate,0.02531645569620253,unknown,79,0.0,0.012658227848101266,10.571428571428571,0,1
元朝,1132179,創建宣聖廟記,創建宣聖廟記,創建宣聖廟記,1,scrape_output\raw\元朝\創建宣聖廟記\創建宣聖廟記__juan_01.txt,scrape_output\clean\元朝\創建宣聖廟記\創建宣聖廟記__juan_01.txt,646,581,0,separate,0.23941605839416058,wenyan-like,548,0.009124087591240875,0.058394160583941604,16.46875,0,0
元朝,766392,劉夫人,劉夫人,劉夫人,1,scrape_output\raw\元朝\劉夫人\劉夫人__juan_01.txt,scrape_output\clean\元朝\劉夫人\劉夫人__juan_01.txt,220,176,0,separate,0.006329113924050632,unknown,158,0.006329113924050633,0.012658227848101266,13.545454545454545,0,1
元朝,761005,劉河間傷寒醫鑒,劉河間傷寒醫鑒,劉河間傷寒醫鑒,1,scrape_output\raw\元朝\劉河間傷寒醫鑒\劉河間傷寒醫鑒__juan_01.txt,scrape_output\clean\元朝\劉河間傷寒醫鑒\劉河間傷寒醫鑒__juan_01.txt,9531,9419,0,separate,0.441205438389894,wenyan-like,9341,0.006316240231238625,0.08007707954180494,26.689349112426036,0,0
元朝,768846,劍歌行次韻,劍歌行次韻,劍歌行次韻,1,scrape_output\raw\元朝\劍歌行次韻\劍歌行次韻__juan_01.txt,scrape_output\clean\元朝\劍歌行次韻\劍歌行次韻__juan_01.txt,365,321,0,separate,0.027874564459930314,wenyan-like,287,0.0,0.013937282229965157,14.210526315789474,0,0
元朝,1179786,加封孔子聖詔碑,加封孔子聖詔碑,加封孔子聖詔碑,1,scrape_output\raw\元朝\加封孔子聖詔碑\加封孔子聖詔碑__juan_01.txt,scrape_output\clean\元朝\加封孔子聖詔碑\加封孔子聖詔碑__juan_01.txt,757,706,0,separate,0.2007462686567164,wenyan-like,670,0.008955223880597015,0.03880597014925373,19.363636363636363,0,0
元朝,768915,勁草行,勁草行,勁草行,1,scrape_output\raw\元朝\勁草行\勁草行__juan_01.txt,scrape_output\clean\元朝\勁草行\勁草行__juan_01.txt,257,213,0,separate,0.01570680628272251,unknown,191,0.005235602094240838,0.015706806282722512,13.846153846153847,0,1
元朝,1179471,勑賜恩榮宴,勑賜恩榮宴,勑賜恩榮宴,1,scrape_output\raw\元朝\勑賜恩榮宴\勑賜恩榮宴__juan_01.txt,scrape_output\clean\元朝\勑賜恩榮宴\勑賜恩榮宴__juan_01.txt,149,105,0,separate,0.021052631578947368,unknown,95,0.0,0.010526315789473684,12.857142857142858,0,1
元朝,57644,勤有堂隨録,勤有堂隨録,勤有堂隨録,1,scrape_output\raw\元朝\勤有堂隨録\勤有堂隨録__juan_01.txt,scrape_output\clean\元朝\勤有堂隨録\勤有堂隨録__juan_01.txt,3723,3566,0,separate,0.26336379211878924,wenyan-like,3502,0.013992004568817818,0.07766990291262135,20.224242424242423,0,0
元朝,886051,匏𤓰亭二首,匏𤓰亭二首,匏𤓰亭二首,1,scrape_output\raw\元朝\匏𤓰亭二首\匏𤓰亭二首__juan_01.txt,scrape_output\clean\元朝\匏𤓰亭二首\匏𤓰亭二首__juan_01.txt,223,179,0,separate,-0.01886792452830189,unknown,159,0.018867924528301886,0.018867924528301886,11.538461538461538,0,1
元朝,1179672,北人上塚,北人上塚,北人上塚,1,scrape_output\raw\元朝\北人上塚\北人上塚__juan_01.txt,scrape_output\clean\元朝\北人上塚\北人上塚__juan_01.txt,293,249,0,separate,0.013452914798206279,wenyan-like,223,0.004484304932735426,0.013452914798206279,14.0,0,0
元朝,340504,北西廂記,北西廂記/01,北西廂記,1,scrape_output\suspected_baihua\raw\元朝\北西廂記\北西廂記__juan_01.txt,scrape_output\suspected_baihua\clean\元朝\北西廂記\北西廂記__juan_01.txt,2490,2375,0,separate,-0.05462898710248617,baihua-like,41791,0.03290182096623675,0.022038237898112035,5.9420949902407285,0,0
元朝,340504,北西廂記,北西廂記/02,北西廂記,2,scrape_output\suspected_baihua\raw\元朝\北西廂記\北西廂記__juan_02.txt,scrape_output\suspected_baihua\clean\元朝\北西廂記\北西廂記__juan_02.txt,3602,3467,0,separate,-0.05462898710248617,baihua-like,41791,0.03290182096623675,0.022038237898112035,5.9420949902407285,0,0
元朝,340504,北西廂記,北西廂記/03,北西廂記,3,scrape_output\suspected_baihua\raw\元朝\北西廂記\北西廂記__juan_03.txt,scrape_output\suspected_baihua\clean\元朝\北西廂記\北西廂記__juan_03.txt,1924,1808,0,separate,-0.05462898710248617,baihua-like,41791,0.03290182096623675,0.022038237898112035,5.9420949902407285,0,0
元朝,340504,北西廂記,北西廂記/04,北西廂記,4,scrape_output\suspected_baihua\raw\元朝\北西廂記\北西廂記__juan_04.txt,scrape_output\suspected_baihua\clean\元朝\北西廂記\北西廂記__juan_04.txt,1245,1141,0,separate,-0.05462898710248617,baihua-like,41791,0.03290182096623675,0.022038237898112035,5.9420949902407285,0,0
元朝,340504,北西廂記,北西廂記/05,北西廂記,5,scrape_output\suspected_baihua\raw\元朝\北西廂記\北西廂記__juan_05.txt,scrape_output\suspected_baihua\clean\元朝\北西廂記\北西廂記__juan_05.txt,4677,4510,0,separate,-0.05462898710248617,baihua-like,41791,0.03290182096623675,0.022038237898112035,5.9420949902407285,0,0
元朝,340504,北西廂記,北西廂記/06,北西廂記,6,scrape_output\suspected_baihua\raw\元朝\北西廂記\北西廂記__juan_06.txt,scrape_output\suspected_baihua\clean\元朝\北西廂記\北西廂記__juan_06.txt,1955,1838,0,separate,-0.05462898710248617,baihua-like,41791,0.03290182096623675,0.022038237898112035,5.9420949902407285,0,0
元朝,340504,北西廂記,北西廂記/07,北西廂記,7,scrape_output\suspected_baihua\raw\元朝\北西廂記\北西廂記__juan_07.txt,scrape_output\suspected_baihua\clean\元朝\北西廂記\北西廂記__juan_07.txt,2670,2544,0,separate,-0.05462898710248617,baihua-like,41791,0.03290182096623675,0.022038237898112035,5.9420949902407285,0,0
元朝,340504,北西廂記,北西廂記/08,北西廂記,8,scrape_output\suspected_baihua\raw\元朝\北西廂記\北西廂記__juan_08.txt,scrape_output\suspected_baihua\clean\元朝\北西廂記\北西廂記__juan_08.txt,1505,1385,0,separate,-0.05462898710248617,baihua-like,41791,0.03290182096623675,0.022038237898112035,5.9420949902407285,0,0
元朝,340504,北西廂記,北西廂記/09,北西廂記,9,scrape_output\suspected_baihua\raw\元朝\北西廂記\北西廂記__juan_09.txt,scrape_output\suspected_baihua\clean\元朝\北西廂記\北西廂記__juan_09.txt,2046,1933,0,separate,-0.05462898710248617,baihua-like,41791,0.03290182096623675,0.022038237898112035,5.9420949902407285,0,0
元朝,340504,北西廂記,北西廂記/10,北西廂記,10,scrape_output\suspected_baihua\raw\元朝\北西廂記\北西廂記__juan_10.txt,scrape_output\suspected_baihua\clean\元朝\北西廂記\北西廂記__juan_10.txt,2944,2812,0,separate,-0.05462898710248617,baihua-like,41791,0.03290182096623675,0.022038237898112035,5.9420949902407285,0,0
元朝,340504,北西廂記,北西廂記/11,北西廂記,11,scrape_output\suspected_baihua\raw\元朝\北西廂記\北西廂記__juan_11.txt,scrape_output\suspected_baihua\clean\元朝\北西廂記\北西廂記__juan_11.txt,2025,1907,0,separate,-0.05462898710248617,baihua-like,41791,0.03290182096623675,0.022038237898112035,5.9420949902407285,0,0
元朝,340504,北西廂記,北西廂記/12,北西廂記,12,scrape_output\suspected_baihua\raw\元朝\北西廂記\北西廂記__juan_12.txt,scrape_output\suspected_baihua\clean\元朝\北西廂記\北西廂記__juan_12.txt,2029,1919,0,separate,-0.05462898710248617,baihua-like,41791,0.03290182096623675,0.022038237898112035,5.9420949902407285,0,0
元朝,340504,北西廂記,北西廂記/13,北西廂記,13,scrape_output\suspected_baihua\raw\元朝\北西廂記\北西廂記__juan_13.txt,scrape_output\suspected_baihua\clean\元朝\北西廂記\北西廂記__juan_13.txt,2075,1942,0,separate,-0.05462898710248617,baihua-like,41791,0.03290182096623675,0.022038237898112035,5.9420949902407285,0,0
元朝,340504,北西廂記,北西廂記/14,北西廂記,14,scrape_output\suspected_baihua\raw\元朝\北西廂記\北西廂記__juan_14.txt,scrape_output\suspected_baihua\clean\元朝\北西廂記\北西廂記__juan_14.txt,2355,2241,0,separate,-0.05462898710248617,baihua-like,41791,0.03290182096623675,0.022038237898112035,5.9420949902407285,0,0
元朝,340504,北西廂記,北西廂記/15,北西廂記,15,scrape_output\suspected_baihua\raw\元朝\北西廂記\北西廂記__juan_15.txt,scrape_output\suspected_baihua\clean\元朝\北西廂記\北西廂記__juan_15.txt,2058,1925,0,separate,-0.05462898710248617,baihua-like,41791,0.03290182096623675,0.022038237898112035,5.9420949902407285,0,0
元朝,340504,北西廂記,北西廂記/16,北西廂記,16,scrape_output\suspected_baihua\raw\元朝\北西廂記\北西廂記__juan_16.txt,scrape_output\suspected_baihua\clean\元朝\北西廂記\北西廂記__juan_16.txt,1682,1553,0,separate,-0.05462898710248617,baihua-like,41791,0.03290182096623675,0.022038237898112035,5.9420949902407285,0,0
元朝,340504,北西廂記,北西廂記/17,北西廂記,17,scrape_output\suspected_baihua\raw\元朝\北西廂記\北西廂記__juan_17.txt,scrape_output\suspected_baihua\clean\元朝\北西廂記\北西廂記__juan_17.txt,2170,2061,0,separate,-0.05462898710248617,baihua-like,41791,0.03290182096623675,0.022038237898112035,5.9420949902407285,0,0
元朝,340504,北西廂記,北西廂記/18,北西廂記,18,scrape_output\suspected_baihua\raw\元朝\北西廂記\北西廂記__juan_18.txt,scrape_output\suspected_baihua\clean\元朝\北西廂記\北西廂記__juan_18.txt,1733,1603,0,separate,-0.05462898710248617,baihua-like,41791,0.03290182096623675,0.022038237898112035,5.9420949902407285,0,0
元朝,340504,北西廂記,北西廂記/19,北西廂記,19,scrape_output\suspected_baihua\raw\元朝\北西廂記\北西廂記__juan_19.txt,scrape_output\suspected_baihua\clean\元朝\北西廂記\北西廂記__juan_19.txt,2829,2726,0,separate,-0.05462898710248617,baihua-like,41791,0.03290182096623675,0.022038237898112035,5.9420949902407285,0,0
元朝,340504,北西廂記,北西廂記/20,北西廂記,20,scrape_output\suspected_baihua\raw\元朝\北西廂記\北西廂記__juan_20.txt,scrape_output\suspected_baihua\clean\元朝\北西廂記\北西廂記__juan_20.txt,2965,2820,0,separate,-0.05462898710248617,baihua-like,41791,0.03290182096623675,0.022038237898112035,5.9420949902407285,0,0
元朝,57646,北軒筆記,北軒筆記,北軒筆記,1,scrape_output\raw\元朝\北軒筆記\北軒筆記__juan_01.txt,scrape_output\clean\元朝\北軒筆記\北軒筆記__juan_01.txt,12529,12432,0,separate,0.2758101101749838,wenyan-like,12344,0.009640311082307194,0.07736552171095269,18.983818770226538,0,0
元朝,1179600,北風歌送王君實并寄憲副順子昌,北風歌送王君實并寄憲副順子昌,北風歌送王君實并寄憲副順子昌,1,scrape_output\raw\元朝\北風歌送王君實并寄憲副順子昌\北風歌送王君實并寄憲副順子昌__juan_01.txt,scrape_output\clean\元朝\北風歌送王君實并寄憲副順子昌\北風歌送王君實并寄憲副順子昌__juan_01.txt,177,133,0,separate,0.01680672268907563,unknown,119,0.0,0.008403361344537815,12.444444444444445,0,1
元朝,1097981,十八史略,十八史略/卷一,十八史略,1,scrape_output\raw\元朝\十八史略\十八史略__juan_01.txt,scrape_output\clean\元朝\十八史略\十八史略__juan_01.txt,0,0,1,separate,0.0,unknown,0,0.0,0.0,0.0,0,1
元朝,1097981,十八史略,十八史略/卷二,十八史略,2,scrape_output\raw\元朝\十八史略\十八史略__juan_02.txt,scrape_output\clean\元朝\十八史略\十八史略__juan_02.txt,0,0,1,separate,0.0,unknown,0,0.0,0.0,0.0,0,1
元朝,1097981,十八史略,十八史略/卷三,十八史略,3,scrape_output\raw\元朝\十八史略\十八史略__juan_03.txt,scrape_output\clean\元朝\十八史略\十八史略__juan_03.txt,0,0,1,separate,0.0,unknown,0,0.0,0.0,0.0,0,1
元朝,1097981,十八史略,十八史略/卷四,十八史略,4,scrape_output\raw\元朝\十八史略\十八史略__juan_04.txt,scrape_output\clean\元朝\十八史略\十八史略__juan_04.txt,0,0,1,separate,0.0,unknown,0,0.0,0.0,0.0,0,1
元朝,1097981,十八史略,十八史略/卷五,十八史略,5,scrape_output\raw\元朝\十八史略\十八史略__juan_05.txt,scrape_output\clean\元朝\十八史略\十八史略__juan_05.txt,0,0,1,separate,0.0,unknown,0,0.0,0.0,0.0,0,1
元朝,1097981,十八史略,十八史略/卷六,十八史略,6,scrape_output\raw\元朝\十八史略\十八史略__juan_06.txt,scrape_output\clean\元朝\十八史略\十八史略__juan_06.txt,0,0,1,separate,0.0,unknown,0,0.0,0.0,0.0,0,1
元朝,1097981,十八史略,十八史略/卷七,十八史略,7,scrape_output\raw\元朝\十八史略\十八史略__juan_07.txt,scrape_output\clean\元朝\十八史略\十八史略__juan_07.txt,0,0,1,separate,0.0,unknown,0,0.0,0.0,0.0,0,1
元朝,1097981,十八史略,十八史略/卷八,十八史略,8,scrape_output\raw\元朝\十八史略\十八史略__juan_08.txt,scrape_output\clean\元朝\十八史略\十八史略__juan_08.txt,0,0,1,separate,0.0,unknown,0,0.0,0.0,0.0,0,1
元朝,1097981,十八史略,十八史略/卷九,十八史略,9,scrape_output\raw\元朝\十八史略\十八史略__juan_09.txt,scrape_output\clean\元朝\十八史略\十八史略__juan_09.txt,0,0,1,separate,0.0,unknown,0,0.0,0.0,0.0,0,1
元朝,1097981,十八史略,十八史略/卷十,十八史略,10,scrape_output\raw\元朝\十八史略\十八史略__juan_10.txt,scrape_output\clean\元朝\十八史略\十八史略__juan_10.txt,0,0,1,separate,0.0,unknown,0,0.0,0.0,0.0,0,1
元朝,886293,十六夜月 (耶律鑄),十六夜月 (耶律鑄),十六夜月 (耶律鑄),1,scrape_output\raw\元朝\十六夜月 (耶律鑄)\十六夜月 (耶律鑄)__juan_01.txt,scrape_output\clean\元朝\十六夜月 (耶律鑄)\十六夜月 (耶律鑄)__juan_01.txt,105,61,0,separate,0.07272727272727272,unknown,55,0.0,0.03636363636363636,10.4,0,1
元朝,886436,十六夜月得人字,十六夜月得人字,十六夜月得人字,1,scrape_output\raw\元朝\十六夜月得人字\十六夜月得人字__juan_01.txt,scrape_output\clean\元朝\十六夜月得人字\十六夜月得人字__juan_01.txt,185,141,0,separate,0.015748031496062992,unknown,127,0.0,0.007874015748031496,13.333333333333334,0,1
元朝,885461,十四夜月 (耶律鑄),十四夜月 (耶律鑄),十四夜月 (耶律鑄),1,scrape_output\raw\元朝\十四夜月 (耶律鑄)\十四夜月 (耶律鑄)__juan_01.txt,scrape_output\clean\元朝\十四夜月 (耶律鑄)\十四夜月 (耶律鑄)__juan_01.txt,151,107,0,separate,-0.02105263157894737,unknown,95,0.021052631578947368,0.021052631578947368,11.125,0,1
元朝,886316,千泉,千泉,千泉,1,scrape_output\raw\元朝\千泉\千泉__juan_01.txt,scrape_output\clean\元朝\千泉\千泉__juan_01.txt,194,150,0,separate,0.24285714285714285,unknown,140,0.007142857142857143,0.05714285714285714,17.125,0,1
元朝,348564,千片雪,千片雪/卷之上,千片雪,1,scrape_output\raw\元朝\千片雪\千片雪__juan_01.txt,scrape_output\clean\元朝\千片雪\千片雪__juan_01.txt,3945,3944,0,separate,0.13867246857300733,wenyan-like,7239,0.009946125155408206,0.00925542201961597,16.431235431235432,0,0
元朝,348564,千片雪,千片雪/卷之下,千片雪,2,scrape_output\raw\元朝\千片雪\千片雪__juan_02.txt,scrape_output\clean\元朝\千片雪\千片雪__juan_02.txt,4615,4614,0,separate,0.13867246857300733,wenyan-like,7239,0.009946125155408206,0.00925542201961597,16.431235431235432,0,0
元朝,1105845,南乡一剪梅,南乡一剪梅·招熊少府,南乡一剪梅,1,scrape_output\raw\元朝\南乡一剪梅\南乡一剪梅__juan_01.txt,scrape_output\clean\元朝\南乡一剪梅\南乡一剪梅__juan_01.txt,65,65,0,separate,0.09523809523809523,unknown,63,0.0,0.047619047619047616,11.8,0,1
元朝,1179537,南安道中,南安道中,南安道中,1,scrape_output\raw\元朝\南安道中\南安道中__juan_01.txt,scrape_output\clean\元朝\南安道中\南安道中__juan_01.txt,149,105,0,separate,0.06315789473684211,unknown,95,0.0,0.031578947368421054,12.857142857142858,0,1
元朝,885623,南征奏㨗,南征奏㨗,南征奏㨗,1,scrape_output\raw\元朝\南征奏㨗\南征奏㨗__juan_01.txt,scrape_output\clean\元朝\南征奏㨗\南征奏㨗__juan_01.txt,150,104,0,separate,0.010752688172043015,unknown,93,0.010752688172043012,0.021505376344086023,11.0,0,1
元朝,886313,南征紀事,南征紀事,南征紀事,1,scrape_output\raw\元朝\南征紀事\南征紀事__juan_01.txt,scrape_output\clean\元朝\南征紀事\南征紀事__juan_01.txt,113,69,0,separate,0.031746031746031744,unknown,63,0.0,0.015873015873015872,12.0,0,1
元朝,886300,南征過蜀寄題故園,南征過蜀寄題故園,南征過蜀寄題故園,1,scrape_output\raw\元朝\南征過蜀寄題故園\南征過蜀寄題故園__juan_01.txt,scrape_output\clean\元朝\南征過蜀寄題故園\南征過蜀寄題故園__juan_01.txt,105,61,0,separate,0.01818181818181818,unknown,55,0.01818181818181818,0.03636363636363636,10.4,0,1
元朝,765219,南樓記,南樓記,南樓記,1,scrape_output\raw\元朝\南樓記\南樓記__juan_01.txt,scrape_output\clean\元朝\南樓記\南樓記__juan_01.txt,658,614,0,separate,0.4688741721854305,wenyan-like,604,0.006622516556291391,0.09437086092715231,29.35,0,0
元朝,1179675,南臺月,南臺月,南臺月,1,scrape_output\raw\元朝\南臺月\南臺月__juan_01.txt,scrape_output\clean\元朝\南臺月\南臺月__juan_01.txt,329,285,0,separate,0.054901960784313725,wenyan-like,255,0.0,0.027450980392156862,14.117647058823529,0,0
元朝,886706,南行寄呈尊大人領省,南行寄呈尊大人領省,南行寄呈尊大人領省,1,scrape_output\raw\元朝\南行寄呈尊大人領省\南行寄呈尊大人領省__juan_01.txt,scrape_output\clean\元朝\南行寄呈尊大人領省\南行寄呈尊大人領省__juan_01.txt,123,77,0,separate,0.014492753623188408,unknown,69,0.014492753623188406,0.028985507246376812,9.428571428571429,0,1
元朝,317477,南陌梅花詩示張守道守道見和復用前韻,南陌梅花詩示張守道守道見和復用前韻,南陌梅花詩示張守道守道見和復用前韻,1,scrape_output\raw\元朝\南陌梅花詩示張守道守道見和復用前韻\南陌梅花詩示張守道守道見和復用前韻__juan_01.txt,scrape_output\clean\元朝\南陌梅花詩示張守道守道見和復用前韻\南陌梅花詩示張守道守道見和復用前韻__juan_01.txt,185,141,0,separate,0.07874015748031496,unknown,127,0.0,0.03937007874015748,13.333333333333334,0,1
元朝,195710,南雄府判瑣達卿平寇詩序,南雄府判瑣達卿平寇詩序,南雄府判瑣達卿平寇詩序,1,scrape_output\raw\元朝\南雄府判瑣達卿平寇詩序\南雄府判瑣達卿平寇詩序__juan_01.txt,scrape_output\clean\元朝\南雄府判瑣達卿平寇詩序\南雄府判瑣達卿平寇詩序__juan_01.txt,1039,947,0,separate,0.27988384371700104,wenyan-like,947,0.007391763463569166,0.07602956705385427,22.675,0,0
元朝,886074,即事 (可人天氣不寒溫),即事 (可人天氣不寒溫),即事 (可人天氣不寒溫),1,scrape_output\raw\元朝\即事 (可人天氣不寒溫)\即事 (可人天氣不寒溫)__juan_01.txt,scrape_output\clean\元朝\即事 (可人天氣不寒溫)\即事 (可人天氣不寒溫)__juan_01.txt,149,105,0,separate,0.042105263157894736,unknown,95,0.0,0.021052631578947368,12.857142857142858,0,1
元朝,768886,即事 (王冕),即事 (王冕),即事 (王冕),1,scrape_output\raw\元朝\即事 (王冕)\即事 (王冕)__juan_01.txt,scrape_output\clean\元朝\即事 (王冕)\即事 (王冕)__juan_01.txt,221,177,0,separate,0.025157232704402517,unknown,159,0.0,0.012578616352201259,13.636363636363637,0,1
元朝,886297,即事 (耶律鑄),即事 (耶律鑄),即事 (耶律鑄),1,scrape_output\raw\元朝\即事 (耶律鑄)\即事 (耶律鑄)__juan_01.txt,scrape_output\clean\元朝\即事 (耶律鑄)\即事 (耶律鑄)__juan_01.txt,105,61,0,separate,0.03636363636363636,unknown,55,0.0,0.01818181818181818,10.4,0,1
元朝,891519,即事漫题,即事漫题,即事漫题,1,scrape_output\raw\元朝\即事漫题\即事漫题__juan_01.txt,scrape_output\clean\元朝\即事漫题\即事漫题__juan_01.txt,34,34,0,separate,0.15,unknown,32,0.0,0.0,15.0,0,1
元朝,886617,即日擬樂天作,即日擬樂天作,即日擬樂天作,1,scrape_output\raw\元朝\即日擬樂天作\即日擬樂天作__juan_01.txt,scrape_output\clean\元朝\即日擬樂天作\即日擬樂天作__juan_01.txt,259,214,0,separate,0.0891089108910891,wenyan-like,202,0.0,0.04455445544554455,12.0,0,0
元朝,760805,原機啟微,原機啟微,原機啟微,1,scrape_output\raw\元朝\原機啟微\原機啟微__juan_01.txt,scrape_output\clean\元朝\原機啟微\原機啟微__juan_01.txt,39548,39399,0,separate,0.24006479481641468,wenyan-like,37040,0.005291576673866091,0.05296976241900648,23.804516129032258,0,0
元朝,885467,去婦怨 (耶律鑄),去婦怨 (耶律鑄),去婦怨 (耶律鑄),1,scrape_output\raw\元朝\去婦怨 (耶律鑄)\去婦怨 (耶律鑄)__juan_01.txt,scrape_output\clean\元朝\去婦怨 (耶律鑄)\去婦怨 (耶律鑄)__juan_01.txt,149,105,0,separate,0.021052631578947368,unknown,95,0.0,0.010526315789473684,12.857142857142858,0,1
元朝,886154,又登瓊華島舊址次吕龍山詩韻,又登瓊華島舊址次吕龍山詩韻,又登瓊華島舊址次吕龍山詩韻,1,scrape_output\raw\元朝\又登瓊華島舊址次吕龍山詩韻\又登瓊華島舊址次吕龍山詩韻__juan_01.txt,scrape_output\clean\元朝\又登瓊華島舊址次吕龍山詩韻\又登瓊華島舊址次吕龍山詩韻__juan_01.txt,162,116,0,separate,-0.0380952380952381,unknown,105,0.01904761904761905,0.009523809523809525,11.0,0,1
元朝,886691,又美人二首,又美人二首,又美人二首,1,scrape_output\raw\元朝\又美人二首\又美人二首__juan_01.txt,scrape_output\clean\元朝\又美人二首\又美人二首__juan_01.txt,149,105,0,separate,0.010526315789473682,unknown,95,0.010526315789473684,0.021052631578947368,12.857142857142858,0,1
元朝,874477,又題岳王墓,又題岳王墓,又題岳王墓,1,scrape_output\raw\元朝\又題岳王墓\又題岳王墓__juan_01.txt,scrape_output\clean\元朝\又題岳王墓\又題岳王墓__juan_01.txt,65,65,0,separate,0.2125,unknown,64,0.0,0.03125,15.0,0,1
元朝,886458,取維揚紅玉樓子千層閣芍藥種遲而未至,取維揚紅玉樓子千層閣芍藥種遲而未至,取維揚紅玉樓子千層閣芍藥種遲而未至,1,scrape_output\raw\元朝\取維揚紅玉樓子千層閣芍藥種遲而未至\取維揚紅玉樓子千層閣芍藥種遲而未至__juan_01.txt,scrape_output\clean\元朝\取維揚紅玉樓子千層閣芍藥種遲而未至\取維揚紅玉樓子千層閣芍藥種遲而未至__juan_01.txt,190,146,0,separate,0.08955223880597014,unknown,134,0.0,0.04477611940298507,9.071428571428571,0,1
元朝,766436,古從軍行 (王逢),古從軍行 (王逢),古從軍行 (王逢),1,scrape_output\raw\元朝\古從軍行 (王逢)\古從軍行 (王逢)__juan_01.txt,scrape_output\clean\元朝\古從軍行 (王逢)\古從軍行 (王逢)__juan_01.txt,469,425,0,separate,0.005449591280653955,wenyan-like,367,0.010899182561307902,0.01907356948228883,10.903225806451612,0,0
元朝,891536,古意 (潘伯修),古意 (潘伯修),古意 (潘伯修),1,scrape_output\raw\元朝\古意 (潘伯修)\古意 (潘伯修)__juan_01.txt,scrape_output\clean\元朝\古意 (潘伯修)\古意 (潘伯修)__juan_01.txt,94,94,0,separate,0.07692307692307693,unknown,78,0.0,0.038461538461538464,8.333333333333334,0,1
元朝,885312,古意 (耶律鑄),古意 (耶律鑄),古意 (耶律鑄),1,scrape_output\raw\元朝\古意 (耶律鑄)\古意 (耶律鑄)__juan_01.txt,scrape_output\clean\元朝\古意 (耶律鑄)\古意 (耶律鑄)__juan_01.txt,185,139,0,separate,0.04132231404958678,unknown,121,0.008264462809917356,0.03305785123966942,9.416666666666666,0,1
元朝,766428,古懷,古懷,古懷,1,scrape_output\raw\元朝\古懷\古懷__juan_01.txt,scrape_output\clean\元朝\古懷\古懷__juan_01.txt,243,195,0,separate,0.023121387283236993,unknown,173,0.0,0.011560693641618497,10.933333333333334,0,1
元朝,884952,古戰城南,古戰城南,古戰城南,1,scrape_output\suspected_baihua\raw\元朝\古戰城南\古戰城南__juan_01.txt,scrape_output\suspected_baihua\clean\元朝\古戰城南\古戰城南__juan_01.txt,309,263,0,separate,-0.004405286343612334,baihua-like,227,0.013215859030837005,0.01762114537444934,10.0,0,0
元朝,768920,古時嘆,古時嘆,古時嘆,1,scrape_output\raw\元朝\古時嘆\古時嘆__juan_01.txt,scrape_output\clean\元朝\古時嘆\古時嘆__juan_01.txt,195,151,0,separate,0.06666666666666667,unknown,135,0.007407407407407408,0.044444444444444446,12.7,0,1
元朝,317458,古興 (楊弘道),古興 (楊弘道),古興 (楊弘道),1,scrape_output\raw\元朝\古興 (楊弘道)\古興 (楊弘道)__juan_01.txt,scrape_output\clean\元朝\古興 (楊弘道)\古興 (楊弘道)__juan_01.txt,245,201,0,separate,0.01714285714285714,unknown,175,0.017142857142857144,0.03428571428571429,10.8,0,1
元朝,1179477,句曲贈清玄道士陳玉泉朝亰還山復拜廣陵觀,句曲贈清玄道士陳玉泉朝亰還山復拜廣陵觀,句曲贈清玄道士陳玉泉朝亰還山復拜廣陵觀,1,scrape_output\raw\元朝\句曲贈清玄道士陳玉泉朝亰還山復拜廣陵觀\句曲贈清玄道士陳玉泉朝亰還山復拜廣陵觀__juan_01.txt,scrape_output\clean\元朝\句曲贈清玄道士陳玉泉朝亰還山復拜廣陵觀\句曲贈清玄道士陳玉泉朝亰還山復拜廣陵觀__juan_01.txt,149,105,0,separate,0.010526315789473682,unknown,95,0.010526315789473684,0.021052631578947368,12.857142857142858,0,1
元朝,886720,可笑,可笑,可笑,1,scrape_output\raw\元朝\可笑\可笑__juan_01.txt,scrape_output\clean\元朝\可笑\可笑__juan_01.txt,113,69,0,separate,-0.015873015873015872,unknown,63,0.015873015873015872,0.015873015873015872,12.0,0,1
元朝,766450,史騾兒,史騾兒,史騾兒,1,scrape_output\raw\元朝\史騾兒\史騾兒__juan_01.txt,scrape_output\clean\元朝\史騾兒\史騾兒__juan_01.txt,347,303,0,separate,0.23421052631578948,wenyan-like,285,0.0,0.042105263157894736,15.882352941176471,0,0
元朝,885632,司春園,司春園,司春園,1,scrape_output\raw\元朝\司春園\司春園__juan_01.txt,scrape_output\clean\元朝\司春園\司春園__juan_01.txt,133,89,0,separate,-0.05063291139240507,unknown,79,0.02531645569620253,0.012658227848101266,10.571428571428571,0,1
元朝,886469,司春園五月五日梨花是日因事不飲,司春園五月五日梨花是日因事不飲,司春園五月五日梨花是日因事不飲,1,scrape_output\raw\元朝\司春園五月五日梨花是日因事不飲\司春園五月五日梨花是日因事不飲__juan_01.txt,scrape_output\clean\元朝\司春園五月五日梨花是日因事不飲\司春園五月五日梨花是日因事不飲__juan_01.txt,149,105,0,separate,0.042105263157894736,unknown,95,0.0,0.021052631578947368,12.857142857142858,0,1
元朝,766442,合肥束遂庵學正畫君山酹月圖長歌奉謝,合肥束遂庵學正畫君山酹月圖長歌奉謝,合肥束遂庵學正畫君山酹月圖長歌奉謝,1,scrape_output\suspected_baihua\raw\元朝\合肥束遂庵學正畫君山酹月圖長歌奉謝\合肥束遂庵學正畫君山酹月圖長歌奉謝__juan_01.txt,scrape_output\suspected_baihua\clean\元朝\合肥束遂庵學正畫君山酹月圖長歌奉謝\合肥束遂庵學正畫君山酹月圖長歌奉謝__juan_01.txt,373,329,0,separate,-0.0068259385665528985,baihua-like,293,0.013651877133105802,0.017064846416382253,13.75,0,0
元朝,1179539,吉安道中,吉安道中,吉安道中,1,scrape_output\raw\元朝\吉安道中\吉安道中__juan_01.txt,scrape_output\clean\元朝\吉安道中\吉安道中__juan_01.txt,149,105,0,separate,0.021052631578947368,unknown,95,0.0,0.010526315789473684,12.857142857142858,0,1
元朝,1179370,同伯雨遊疑神庵，因觀宋高宗賜蒲衣道士張達道白羽扇,同伯雨遊疑神庵，因觀宋高宗賜蒲衣道士張達道白羽扇,同伯雨遊疑神庵，因觀宋高宗賜蒲衣道士張達道白羽扇,1,scrape_output\raw\元朝\同伯雨遊疑神庵，因觀宋高宗賜蒲衣道士張達道白羽扇\同伯雨遊疑神庵，因觀宋高宗賜蒲衣道士張達道白羽扇__juan_01.txt,scrape_output\clean\元朝\同伯雨遊疑神庵，因觀宋高宗賜蒲衣道士張達道白羽扇\同伯雨遊疑神庵，因觀宋高宗賜蒲衣道士張達道白羽扇__juan_01.txt,113,69,0,separate,0.06349206349206349,unknown,63,0.0,0.031746031746031744,12.0,0,1
元朝,1179472,同克明曹生清明日登北固山和韻,同克明曹生清明日登北固山和韻,同克明曹生清明日登北固山和韻,1,scrape_output\raw\元朝\同克明曹生清明日登北固山和韻\同克明曹生清明日登北固山和韻__juan_01.txt,scrape_output\clean\元朝\同克明曹生清明日登北固山和韻\同克明曹生清明日登北固山和韻__juan_01.txt,149,105,0,separate,0.021052631578947368,unknown,95,0.0,0.010526315789473684,12.857142857142858,0,1
元朝,1179647,同友人楊子江送客,同友人楊子江送客,同友人楊子江送客,1,scrape_output\raw\元朝\同友人楊子江送客\同友人楊子江送客__juan_01.txt,scrape_output\clean\元朝\同友人楊子江送客\同友人楊子江送客__juan_01.txt,149,105,0,separate,0.10526315789473684,unknown,95,0.0,0.05263157894736842,12.857142857142858,0,1
元朝,1179519,同吴郎飲道院,同吴郎飲道院,同吴郎飲道院,1,scrape_output\raw\元朝\同吴郎飲道院\同吴郎飲道院__juan_01.txt,scrape_output\clean\元朝\同吴郎飲道院\同吴郎飲道院__juan_01.txt,149,105,0,separate,0.021052631578947368,unknown,95,0.0,0.010526315789473684,12.857142857142858,0,1
元朝,1179372,同御史王伯循時除廣東僉事濟揚子,同御史王伯循時除廣東僉事濟揚子/江余除燕南照磨,同御史王伯循時除廣東僉事濟揚子,1,scrape_output\raw\元朝\同御史王伯循時除廣東僉事濟揚子\同御史王伯循時除廣東僉事濟揚子__juan_01.txt,scrape_output\clean\元朝\同御史王伯循時除廣東僉事濟揚子\同御史王伯循時除廣東僉事濟揚子__juan_01.txt,113,69,0,separate,-0.015873015873015872,unknown,63,0.015873015873015872,0.015873015873015872,12.0,0,1
元朝,885327,同心結,同心結,同心結,1,scrape_output\raw\元朝\同心結\同心結__juan_01.txt,scrape_output\clean\元朝\同心結\同心結__juan_01.txt,119,75,0,separate,-0.014925373134328356,unknown,67,0.014925373134328358,0.014925373134328358,10.5,0,1
元朝,1179246,同朱舜咨王伯循登金山妙高臺,同朱舜咨王伯循登金山妙高臺,同朱舜咨王伯循登金山妙高臺,1,scrape_output\raw\元朝\同朱舜咨王伯循登金山妙高臺\同朱舜咨王伯循登金山妙高臺__juan_01.txt,scrape_output\clean\元朝\同朱舜咨王伯循登金山妙高臺\同朱舜咨王伯循登金山妙高臺__juan_01.txt,133,89,0,separate,0.0379746835443038,unknown,79,0.012658227848101266,0.0379746835443038,10.571428571428571,0,1
元朝,766425,同誼書記遊查山留題凈無染西南林壑,同誼書記遊查山留題凈無染西南林壑,同誼書記遊查山留題凈無染西南林壑,1,scrape_output\raw\元朝\同誼書記遊查山留題凈無染西南林壑\同誼書記遊查山留題凈無染西南林壑__juan_01.txt,scrape_output\clean\元朝\同誼書記遊查山留題凈無染西南林壑\同誼書記遊查山留題凈無染西南林壑__juan_01.txt,149,105,0,separate,0.031578947368421054,unknown,95,0.010526315789473684,0.031578947368421054,12.857142857142858,0,1
元朝,105617,吏學指南,吏學指南,吏學指南,1,scrape_output\raw\元朝\吏學指南\吏學指南__juan_01.txt,scrape_output\clean\元朝\吏學指南\吏學指南__juan_01.txt,52205,51933,0,separate,0.12516235947507504,wenyan-like,44654,0.010861289022260044,0.07887311327092758,14.631949095780309,0,0
元朝,1209197,吏道,吏道,吏道,1,scrape_output\raw\元朝\吏道\吏道__juan_01.txt,scrape_output\clean\元朝\吏道\吏道__juan_01.txt,652,608,0,separate,0.3038461538461539,wenyan-like,598,0.033444816053511704,0.12709030100334448,22.076923076923077,0,0
元朝,765193,吏部侍郎貢公平糶記,吏部侍郎貢公平糶記,吏部侍郎貢公平糶記,1,scrape_output\raw\元朝\吏部侍郎貢公平糶記\吏部侍郎貢公平糶記__juan_01.txt,scrape_output\clean\元朝\吏部侍郎貢公平糶記\吏部侍郎貢公平糶記__juan_01.txt,865,821,0,separate,0.2675742574257426,wenyan-like,808,0.02599009900990099,0.09777227722772278,24.34375,0,0
元朝,1209207,君道,君道,君道,1,scrape_output\raw\元朝\君道\君道__juan_01.txt,scrape_output\clean\元朝\君道\君道__juan_01.txt,821,773,0,separate,0.48872870249017036,wenyan-like,763,0.01834862385321101,0.1218872870249017,26.321428571428573,0,0
元朝,136103,吳中舊事,吳中舊事,吳中舊事,1,scrape_output\raw\元朝\吳中舊事\吳中舊事__juan_01.txt,scrape_output\clean\元朝\吳中舊事\吳中舊事__juan_01.txt,11033,10985,0,separate,0.23732813080639167,wenyan-like,10764,0.007803790412486065,0.055369751021924936,21.205338809034906,0,0
元朝,180756,吳禮部詩話,吳禮部詩話,吳禮部詩話,1,scrape_output\raw\元朝\吳禮部詩話\吳禮部詩話__juan_01.txt,scrape_output\clean\元朝\吳禮部詩話\吳禮部詩話__juan_01.txt,25808,25622,0,separate,0.07767833869145886,wenyan-like,23018,0.008515075158571552,0.05161178208358676,6.908404154863079,0,0
元朝,1179334,吴橋縣古河堤,吴橋縣古河堤,吴橋縣古河堤,1,scrape_output\raw\元朝\吴橋縣古河堤\吴橋縣古河堤__juan_01.txt,scrape_output\clean\元朝\吴橋縣古河堤\吴橋縣古河堤__juan_01.txt,131,87,0,separate,0.012658227848101264,unknown,79,0.012658227848101266,0.02531645569620253,12.5,0,1
元朝,768848,吹簫出峽圖,吹簫出峽圖,吹簫出峽圖,1,scrape_output\raw\元朝\吹簫出峽圖\吹簫出峽圖__juan_01.txt,scrape_output\clean\元朝\吹簫出峽圖\吹簫出峽圖__juan_01.txt,221,177,0,separate,-0.012578616352201262,unknown,159,0.012578616352201259,0.012578616352201259,13.636363636363637,0,1
元朝,885824,呈鵬南學士,呈鵬南學士,呈鵬南學士,1,scrape_output\raw\元朝\呈鵬南學士\呈鵬南學士__juan_01.txt,scrape_output\clean\元朝\呈鵬南學士\呈鵬南學士__juan_01.txt,149,105,0,separate,0.021052631578947368,unknown,95,0.0,0.010526315789473684,12.857142857142858,0,1
元朝,886167,周室,周室,周室,1,scrape_output\raw\元朝\周室\周室__juan_01.txt,scrape_output\clean\元朝\周室\周室__juan_01.txt,149,105,0,separate,0.042105263157894736,unknown,95,0.0,0.021052631578947368,12.857142857142858,0,1
元朝,765158,周月湖今樂府序,周月湖今樂府序,周月湖今樂府序,1,scrape_output\raw\元朝\周月湖今樂府序\周月湖今樂府序__juan_01.txt,scrape_output\clean\元朝\周月湖今樂府序\周月湖今樂府序__juan_01.txt,381,337,0,separate,0.5006079027355623,wenyan-like,329,0.0060790273556231,0.1094224924012158,29.181818181818183,0,0
元朝,1179440,和中丞伯庸馬先生贈别中丞除南臺僕馳驛遠迓至上亰，中丞改除徽政，以詩贈别,和中丞伯庸馬先生贈别中丞除南臺僕馳驛遠迓至上亰，中丞改除徽政，以詩贈别,和中丞伯庸馬先生贈别中丞除南臺僕馳驛遠迓至上亰，中丞改除徽政，以詩贈别,1,scrape_output\raw\元朝\和中丞伯庸馬先生贈别中丞除南臺僕馳驛遠迓至上亰，中丞改除徽政，以詩贈别\和中丞伯庸馬先生贈别中丞除南臺僕馳驛遠迓至上亰，中丞改除徽政，以詩贈别__juan_01.txt,scrape_output\clean\元朝\和中丞伯庸馬先生贈别中丞除南臺僕馳驛遠迓至上亰，中丞改除徽政，以詩贈别\和中丞伯庸馬先生贈别中丞除南臺僕馳驛遠迓至上亰，中丞改除徽政，以詩贈别__juan_01.txt,149,105,0,separate,0.021052631578947368,unknown,95,0.0,0.010526315789473684,12.857142857142858,0,1
元朝,886605,和人池亭秋宵思歸,和人池亭秋宵思歸,和人池亭秋宵思歸,1,scrape_output\raw\元朝\和人池亭秋宵思歸\和人池亭秋宵思歸__juan_01.txt,scrape_output\clean\元朝\和人池亭秋宵思歸\和人池亭秋宵思歸__juan_01.txt,113,69,0,separate,0.031746031746031744,unknown,63,0.0,0.015873015873015872,12.0,0,1
元朝,886604,和人臺城,和人臺城,和人臺城,1,scrape_output\raw\元朝\和人臺城\和人臺城__juan_01.txt,scrape_output\clean\元朝\和人臺城\和人臺城__juan_01.txt,113,69,0,separate,0.06349206349206349,unknown,63,0.0,0.031746031746031744,12.0,0,1
元朝,886607,和人茶後有懷友人,和人茶後有懷友人,和人茶後有懷友人,1,scrape_output\raw\元朝\和人茶後有懷友人\和人茶後有懷友人__juan_01.txt,scrape_output\clean\元朝\和人茶後有懷友人\和人茶後有懷友人__juan_01.txt,175,131,0,separate,0.06611570247933884,unknown,121,0.0,0.03305785123966942,10.363636363636363,0,1
元朝,886099,和人落梅,和人落梅,和人落梅,1,scrape_output\raw\元朝\和人落梅\和人落梅__juan_01.txt,scrape_output\clean\元朝\和人落梅\和人落梅__juan_01.txt,149,105,0,separate,0.031578947368421054,unknown,95,0.010526315789473684,0.031578947368421054,12.857142857142858,0,1
元朝,886609,和人韻二首,和人韻二首,和人韻二首,1,scrape_output\raw\元朝\和人韻二首\和人韻二首__juan_01.txt,scrape_output\clean\元朝\和人韻二首\和人韻二首__juan_01.txt,149,105,0,separate,0.042105263157894736,unknown,95,0.0,0.021052631578947368,12.857142857142858,0,1
元朝,886158,和人黄龍岡懐古,和人黄龍岡懐古,和人黄龍岡懐古,1,scrape_output\raw\元朝\和人黄龍岡懐古\和人黄龍岡懐古__juan_01.txt,scrape_output\clean\元朝\和人黄龍岡懐古\和人黄龍岡懐古__juan_01.txt,211,163,0,separate,0.0547945205479452,unknown,146,0.0,0.0273972602739726,10.76923076923077,0,1
元朝,886608,和光祖詩,和光祖詩,和光祖詩,1,scrape_output\raw\元朝\和光祖詩\和光祖詩__juan_01.txt,scrape_output\clean\元朝\和光祖詩\和光祖詩__juan_01.txt,113,69,0,separate,-0.015873015873015872,unknown,63,0.015873015873015872,0.015873015873015872,12.0,0,1
元朝,886027,和光祖詩韻一首,和光祖詩韻一首,和光祖詩韻一首,1,scrape_output\raw\元朝\和光祖詩韻一首\和光祖詩韻一首__juan_01.txt,scrape_output\clean\元朝\和光祖詩韻一首\和光祖詩韻一首__juan_01.txt,149,105,0,separate,-0.010526315789473686,unknown,95,0.010526315789473684,0.010526315789473684,12.857142857142858,0,1
元朝,1179443,和參政繼學王先生海南還韻,和參政繼學王先生海南還韻,和參政繼學王先生海南還韻,1,scrape_output\raw\元朝\和參政繼學王先生海南還韻\和參政繼學王先生海南還韻__juan_01.txt,scrape_output\clean\元朝\和參政繼學王先生海南還韻\和參政繼學王先生海南還韻__juan_01.txt,149,105,0,separate,-0.04210526315789474,unknown,95,0.021052631578947368,0.010526315789473684,12.857142857142858,0,1
元朝,1179617,和友人遊鶴林韻,和友人遊鶴林韻,和友人遊鶴林韻,1,scrape_output\raw\元朝\和友人遊鶴林韻\和友人遊鶴林韻__juan_01.txt,scrape_output\clean\元朝\和友人遊鶴林韻\和友人遊鶴林韻__juan_01.txt,365,321,0,separate,0.006968641114982577,wenyan-like,287,0.013937282229965157,0.024390243902439025,14.210526315789474,0,0
元朝,1179658,和同年觀志能還自武昌詠,和同年觀志能還自武昌詠,和同年觀志能還自武昌詠,1,scrape_output\raw\元朝\和同年觀志能還自武昌詠\和同年觀志能還自武昌詠__juan_01.txt,scrape_output\clean\元朝\和同年觀志能還自武昌詠\和同年觀志能還自武昌詠__juan_01.txt,149,105,0,separate,0.042105263157894736,unknown,95,0.0,0.021052631578947368,12.857142857142858,0,1
元朝,1179565,和同舉觀志能還武昌,和同舉觀志能還武昌,和同舉觀志能還武昌,1,scrape_output\raw\元朝\和同舉觀志能還武昌\和同舉觀志能還武昌__juan_01.txt,scrape_output\clean\元朝\和同舉觀志能還武昌\和同舉觀志能還武昌__juan_01.txt,149,105,0,separate,0.021052631578947368,unknown,95,0.0,0.010526315789473684,12.857142857142858,0,1
元朝,1179300,和吴贊府齋中十詠,和吴贊府齋中十詠,和吴贊府齋中十詠,1,scrape_output\raw\元朝\和吴贊府齋中十詠\和吴贊府齋中十詠__juan_01.txt,scrape_output\clean\元朝\和吴贊府齋中十詠\和吴贊府齋中十詠__juan_01.txt,677,633,0,separate,0.009416195856873824,wenyan-like,531,0.005649717514124294,0.013182674199623353,9.245283018867925,0,0
元朝,885800,和子文留別詩韻以贐行,和子文留別詩韻以贐行,和子文留別詩韻以贐行,1,scrape_output\raw\元朝\和子文留別詩韻以贐行\和子文留別詩韻以贐行__juan_01.txt,scrape_output\clean\元朝\和子文留別詩韻以贐行\和子文留別詩韻以贐行__juan_01.txt,149,105,0,separate,0.06315789473684211,unknown,95,0.0,0.031578947368421054,12.857142857142858,0,1
元朝,1179238,和學士伯生虞先生寄韻,和學士伯生虞先生寄韻,和學士伯生虞先生寄韻,1,scrape_output\raw\元朝\和學士伯生虞先生寄韻\和學士伯生虞先生寄韻__juan_01.txt,scrape_output\clean\元朝\和學士伯生虞先生寄韻\和學士伯生虞先生寄韻__juan_01.txt,133,89,0,separate,-0.012658227848101267,unknown,79,0.012658227848101266,0.012658227848101266,10.571428571428571,0,1
元朝,1179500,和張仲舉清溪夜行,和張仲舉清溪夜行,和張仲舉清溪夜行,1,scrape_output\raw\元朝\和張仲舉清溪夜行\和張仲舉清溪夜行__juan_01.txt,scrape_output\clean\元朝\和張仲舉清溪夜行\和張仲舉清溪夜行__juan_01.txt,149,105,0,separate,0.021052631578947368,unknown,95,0.0,0.010526315789473684,12.857142857142858,0,1
元朝,886606,和德卿秋日海棠,和德卿秋日海棠,和德卿秋日海棠,1,scrape_output\raw\元朝\和德卿秋日海棠\和德卿秋日海棠__juan_01.txt,scrape_output\clean\元朝\和德卿秋日海棠\和德卿秋日海棠__juan_01.txt,115,71,0,separate,0.047619047619047616,unknown,63,0.015873015873015872,0.047619047619047616,8.571428571428571,0,1
元朝,886603,和曹南湖故宫二首,和曹南湖故宫二首,和曹南湖故宫二首,1,scrape_output\raw\元朝\和曹南湖故宫二首\和曹南湖故宫二首__juan_01.txt,scrape_output\clean\元朝\和曹南湖故宫二首\和曹南湖故宫二首__juan_01.txt,149,105,0,separate,0.021052631578947368,unknown,95,0.0,0.010526315789473684,12.857142857142858,0,1
元朝,874909,和東松菴岳王遺像詩韻,和東松菴岳王遺像詩韻,和東松菴岳王遺像詩韻,1,scrape_output\raw\元朝\和東松菴岳王遺像詩韻\和東松菴岳王遺像詩韻__juan_01.txt,scrape_output\clean\元朝\和東松菴岳王遺像詩韻\和東松菴岳王遺像詩韻__juan_01.txt,64,64,0,separate,0.18125,unknown,64,0.0,0.015625,15.0,0,1
元朝,886348,和林春日書事,和林春日書事,和林春日書事,1,scrape_output\raw\元朝\和林春日書事\和林春日書事__juan_01.txt,scrape_output\clean\元朝\和林春日書事\和林春日書事__juan_01.txt,115,71,0,separate,0.031746031746031744,unknown,63,0.0,0.015873015873015872,8.571428571428571,0,1
元朝,886047,和林春舍叙西園前宴招一二友生重飲,和林春舍叙西園前宴招一二友生重飲,和林春舍叙西園前宴招一二友生重飲,1,scrape_output\raw\元朝\和林春舍叙西園前宴招一二友生重飲\和林春舍叙西園前宴招一二友生重飲__juan_01.txt,scrape_output\clean\元朝\和林春舍叙西園前宴招一二友生重飲\和林春舍叙西園前宴招一二友生重飲__juan_01.txt,150,106,0,separate,0.021052631578947368,unknown,95,0.0,0.010526315789473684,11.25,0,1
元朝,886061,和林西園月臺懐吕龍山,和林西園月臺懐吕龍山,和林西園月臺懐吕龍山,1,scrape_output\raw\元朝\和林西園月臺懐吕龍山\和林西園月臺懐吕龍山__juan_01.txt,scrape_output\clean\元朝\和林西園月臺懐吕龍山\和林西園月臺懐吕龍山__juan_01.txt,149,105,0,separate,0.021052631578947368,unknown,95,0.0,0.010526315789473684,12.857142857142858,0,1
元朝,886439,和林雨大雹有如雞卵者,和林雨大雹有如雞卵者,和林雨大雹有如雞卵者,1,scrape_output\raw\元朝\和林雨大雹有如雞卵者\和林雨大雹有如雞卵者__juan_01.txt,scrape_output\clean\元朝\和林雨大雹有如雞卵者\和林雨大雹有如雞卵者__juan_01.txt,146,102,0,separate,0.010869565217391304,unknown,92,0.010869565217391304,0.021739130434782608,9.666666666666666,0,1
元朝,766463,和沈掾中秋月,和沈掾中秋月,和沈掾中秋月,1,scrape_output\raw\元朝\和沈掾中秋月\和沈掾中秋月__juan_01.txt,scrape_output\clean\元朝\和沈掾中秋月\和沈掾中秋月__juan_01.txt,149,105,0,separate,0.021052631578947368,unknown,95,0.0,0.010526315789473684,12.857142857142858,0,1
元朝,885459,和漢臣秋日海棠,和漢臣秋日海棠,和漢臣秋日海棠,1,scrape_output\raw\元朝\和漢臣秋日海棠\和漢臣秋日海棠__juan_01.txt,scrape_output\clean\元朝\和漢臣秋日海棠\和漢臣秋日海棠__juan_01.txt,149,105,0,separate,0.010526315789473682,unknown,95,0.010526315789473684,0.021052631578947368,12.857142857142858,0,1
元朝,1179393,和經歷楊子承曉發山館,和經歷楊子承曉發山館,和經歷楊子承曉發山館,1,scrape_output\raw\元朝\和經歷楊子承曉發山館\和經歷楊子承曉發山館__juan_01.txt,scrape_output\clean\元朝\和經歷楊子承曉發山館\和經歷楊子承曉發山館__juan_01.txt,113,69,0,separate,0.031746031746031744,unknown,63,0.0,0.015873015873015872,12.0,0,1
元朝,1179609,和題吴閑閑亰館王本中醉作竹石壁上,和題吴閑閑亰館王本中醉作竹石壁上,和題吴閑閑亰館王本中醉作竹石壁上,1,scrape_output\raw\元朝\和題吴閑閑亰館王本中醉作竹石壁上\和題吴閑閑亰館王本中醉作竹石壁上__juan_01.txt,scrape_output\clean\元朝\和題吴閑閑亰館王本中醉作竹石壁上\和題吴閑閑亰館王本中醉作竹石壁上__juan_01.txt,185,141,0,separate,0.015748031496062992,unknown,127,0.0,0.007874015748031496,13.333333333333334,0,1
元朝,1179489,和馬昂夫雜詠賞心亭懷古,和馬昂夫雜詠賞心亭懷古,和馬昂夫雜詠賞心亭懷古,1,scrape_output\raw\元朝\和馬昂夫雜詠賞心亭懷古\和馬昂夫雜詠賞心亭懷古__juan_01.txt,scrape_output\clean\元朝\和馬昂夫雜詠賞心亭懷古\和馬昂夫雜詠賞心亭懷古__juan_01.txt,149,105,0,separate,-0.010526315789473686,unknown,95,0.010526315789473684,0.010526315789473684,12.857142857142858,0,1
元朝,886130,咏阮,咏阮,咏阮,1,scrape_output\raw\元朝\咏阮\咏阮__juan_01.txt,scrape_output\clean\元朝\咏阮\咏阮__juan_01.txt,150,106,0,separate,0.010526315789473682,unknown,95,0.010526315789473684,0.021052631578947368,11.25,0,1
元朝,184053,咸淳遺事,咸淳遺事,咸淳遺事,1,scrape_output\raw\元朝\咸淳遺事\咸淳遺事__juan_01.txt,scrape_output\clean\元朝\咸淳遺事\咸淳遺事__juan_01.txt,26291,26097,0,separate,0.4118239785877352,wenyan-like,25406,0.009171061953869165,0.06966858222467134,30.87916152897657,0,0
元朝,886165,哀長安,哀長安,哀長安,1,scrape_output\raw\元朝\哀長安\哀長安__juan_01.txt,scrape_output\clean\元朝\哀長安\哀長安__juan_01.txt,151,107,0,separate,0.010526315789473682,unknown,95,0.010526315789473684,0.021052631578947368,10.0,0,1
元朝,1179339,哭同年進士李竹操經歷,哭同年進士李竹操經歷,哭同年進士李竹操經歷,1,scrape_output\raw\元朝\哭同年進士李竹操經歷\哭同年進士李竹操經歷__juan_01.txt,scrape_output\clean\元朝\哭同年進士李竹操經歷\哭同年進士李竹操經歷__juan_01.txt,189,145,0,separate,0.031496062992125984,unknown,127,0.0,0.015748031496062992,10.727272727272727,0,1
元朝,885465,哭尊大人領省,哭尊大人領省,哭尊大人領省,1,scrape_output\raw\元朝\哭尊大人領省\哭尊大人領省__juan_01.txt,scrape_output\clean\元朝\哭尊大人領省\哭尊大人領省__juan_01.txt,279,235,0,separate,0.10810810810810811,wenyan-like,222,0.0,0.05405405405405406,14.0,0,0
元朝,321984,哭文丞相詩,哭文丞相詩,哭文丞相詩,1,scrape_output\raw\元朝\哭文丞相詩\哭文丞相詩__juan_01.txt,scrape_output\clean\元朝\哭文丞相詩\哭文丞相詩__juan_01.txt,149,105,0,separate,0.010526315789473682,unknown,95,0.010526315789473684,0.021052631578947368,12.857142857142858,0,1
元朝,886136,唐家牡丹,唐家牡丹,唐家牡丹,1,scrape_output\raw\元朝\唐家牡丹\唐家牡丹__juan_01.txt,scrape_output\clean\元朝\唐家牡丹\唐家牡丹__juan_01.txt,260,200,0,separate,-0.005780346820809247,unknown,173,0.005780346820809248,0.005780346820809248,8.4,0,1
元朝,886450,唐家紅紫二色牡丹,唐家紅紫二色牡丹,唐家紅紫二色牡丹,1,scrape_output\raw\元朝\唐家紅紫二色牡丹\唐家紅紫二色牡丹__juan_01.txt,scrape_output\clean\元朝\唐家紅紫二色牡丹\唐家紅紫二色牡丹__juan_01.txt,159,111,0,separate,0.05154639175257732,unknown,97,0.010309278350515464,0.041237113402061855,7.076923076923077,0,1
元朝,34432,唐才子傳,唐才子傳/卷1,唐才子傳,1,scrape_output\raw\元朝\唐才子傳\唐才子傳__juan_01.txt,scrape_output\clean\元朝\唐才子傳\唐才子傳__juan_01.txt,7894,7849,0,separate,0.21099169194250295,wenyan-like,15166,0.011143346960305948,0.047210866411710406,16.417142857142856,0,0
元朝,34432,唐才子傳,唐才子傳/卷2,唐才子傳,2,scrape_output\raw\元朝\唐才子傳\唐才子傳__juan_02.txt,scrape_output\clean\元朝\唐才子傳\唐才子傳__juan_02.txt,7605,7559,0,separate,0.21099169194250295,wenyan-like,15166,0.011143346960305948,0.047210866411710406,16.417142857142856,0,0
元朝,885317,問真宰,問真宰,問真宰,1,scrape_output\raw\元朝\問真宰\問真宰__juan_01.txt,scrape_output\clean\元朝\問真宰\問真宰__juan_01.txt,133,89,0,separate,0.02531645569620253,unknown,79,0.0,0.012658227848101266,10.571428571428571,0,1
元朝,766448,嘆病駝,嘆病駝,嘆病駝,1,scrape_output\raw\元朝\嘆病駝\嘆病駝__juan_01.txt,scrape_output\clean\元朝\嘆病駝\嘆病駝__juan_01.txt,347,303,0,separate,0.02214022140221402,wenyan-like,271,0.0,0.01107011070110701,14.166666666666666,0,0
元朝,886375,嘗遊北禪院鼓子花特盛鄰觀且有鼓琵琶者後遊其所賦此,嘗遊北禪院鼓子花特盛鄰觀且有鼓琵琶者後遊其所賦此,嘗遊北禪院鼓子花特盛鄰觀且有鼓琵琶者後遊其所賦此,1,scrape_output\raw\元朝\嘗遊北禪院鼓子花特盛鄰觀且有鼓琵琶者後遊其所賦此\嘗遊北禪院鼓子花特盛鄰觀且有鼓琵琶者後遊其所賦此__juan_01.txt,scrape_output\clean\元朝\嘗遊北禪院鼓子花特盛鄰觀且有鼓琵琶者後遊其所賦此\嘗遊北禪院鼓子花特盛鄰觀且有鼓琵琶者後遊其所賦此__juan_01.txt,113,69,0,separate,-0.015873015873015872,unknown,63,0.015873015873015872,0.015873015873015872,12.0,0,1
元朝,886249,嘲漁父,嘲漁父,嘲漁父,1,scrape_output\raw\元朝\嘲漁父\嘲漁父__juan_01.txt,scrape_output\clean\元朝\嘲漁父\嘲漁父__juan_01.txt,105,61,0,separate,0.07272727272727272,unknown,55,0.0,0.03636363636363636,10.4,0,1
元朝,886576,嘲蝶,嘲蝶,嘲蝶,1,scrape_output\raw\元朝\嘲蝶\嘲蝶__juan_01.txt,scrape_output\clean\元朝\嘲蝶\嘲蝶__juan_01.txt,170,124,0,separate,0.08928571428571429,unknown,112,0.0,0.044642857142857144,8.833333333333334,0,1
元朝,135704,四元玉鑒,四元玉鑒,四元玉鑒,1,scrape_output\raw\元朝\四元玉鑒\四元玉鑒__juan_01.txt,scrape_output\clean\元朝\四元玉鑒\四元玉鑒__juan_01.txt,50690,50605,0,separate,0.15278551532033424,wenyan-like,49183,0.02120651444604843,0.033202529329239776,22.591758505031144,0,0
元朝,886666,四公子庾辭體四首,四公子庾辭體四首,四公子庾辭體四首,1,scrape_output\raw\元朝\四公子庾辭體四首\四公子庾辭體四首__juan_01.txt,scrape_output\clean\元朝\四公子庾辭體四首\四公子庾辭體四首__juan_01.txt,221,177,0,separate,-0.006289308176100631,unknown,159,0.006289308176100629,0.006289308176100629,13.636363636363637,0,1
元朝,813881,四明洞天丹山圖詠集,四明洞天丹山圖詠集,四明洞天丹山圖詠集,1,scrape_output\raw\元朝\四明洞天丹山圖詠集\四明洞天丹山圖詠集__juan_01.txt,scrape_output\clean\元朝\四明洞天丹山圖詠集\四明洞天丹山圖詠集__juan_01.txt,13330,13282,0,separate,0.04835781482092754,wenyan-like,12118,0.006766793200198053,0.03432909721076085,14.102163461538462,0,0
元朝,1179506,四時宮詞,四時宮詞,四時宮詞,1,scrape_output\suspected_baihua\raw\元朝\四時宮詞\四時宮詞__juan_01.txt,scrape_output\suspected_baihua\clean\元朝\四時宮詞\四時宮詞__juan_01.txt,365,321,0,separate,-0.00696864111498258,baihua-like,287,0.006968641114982578,0.006968641114982578,14.210526315789474,0,0
元朝,1114564,四書輯釋,四書輯釋,四書輯釋,1,scrape_output\raw\元朝\四書輯釋\四書輯釋__juan_01.txt,scrape_output\clean\元朝\四書輯釋\四書輯釋__juan_01.txt,0,0,1,separate,0.0,unknown,0,0.0,0.0,0.0,0,1
元朝,891521,四月十六寓玉环喜家童来住至,四月十六寓玉环喜家童来住至,四月十六寓玉环喜家童来住至,1,scrape_output\raw\元朝\四月十六寓玉环喜家童来住至\四月十六寓玉环喜家童来住至__juan_01.txt,scrape_output\clean\元朝\四月十六寓玉环喜家童来住至\四月十六寓玉环喜家童来住至__juan_01.txt,54,54,0,separate,0.041666666666666664,unknown,48,0.0,0.020833333333333332,11.0,0,1
元朝,882352,四癡子賦,四癡子賦,四癡子賦,1,scrape_output\raw\元朝\四癡子賦\四癡子賦__juan_01.txt,scrape_output\clean\元朝\四癡子賦\四癡子賦__juan_01.txt,1492,972,0,separate,0.25588235294117645,wenyan-like,935,0.01818181818181818,0.08021390374331551,19.229166666666668,0,0
元朝,886764,四癡子釋,四癡子釋,四癡子釋,1,scrape_output\raw\元朝\四癡子釋\四癡子釋__juan_01.txt,scrape_output\clean\元朝\四癡子釋\四癡子釋__juan_01.txt,177,133,0,separate,0.42906976744186043,unknown,129,0.0,0.13953488372093023,20.833333333333332,0,1
元朝,195702,回也不改其樂論,回也不改其樂論,回也不改其樂論,1,scrape_output\raw\元朝\回也不改其樂論\回也不改其樂論__juan_01.txt,scrape_output\clean\元朝\回也不改其樂論\回也不改其樂論__juan_01.txt,597,505,0,separate,0.49603960396039604,wenyan-like,505,0.02574257425742574,0.13663366336633664,27.055555555555557,0,0
元朝,874910,因話金陀遺編奉呈復齋岳仙尉就叙別懷,因話金陀遺編奉呈復齋岳仙尉就叙別懷,因話金陀遺編奉呈復齋岳仙尉就叙別懷,1,scrape_output\raw\元朝\因話金陀遺編奉呈復齋岳仙尉就叙別懷\因話金陀遺編奉呈復齋岳仙尉就叙別懷__juan_01.txt,scrape_output\clean\元朝\因話金陀遺編奉呈復齋岳仙尉就叙別懷\因話金陀遺編奉呈復齋岳仙尉就叙別懷__juan_01.txt,131,131,0,separate,0.1109375,unknown,128,0.0234375,0.015625,15.0,0,1
元朝,886162,因讀史即書偶成,因讀史即書偶成,因讀史即書偶成,1,scrape_output\raw\元朝\因讀史即書偶成\因讀史即書偶成__juan_01.txt,scrape_output\clean\元朝\因讀史即書偶成\因讀史即書偶成__juan_01.txt,149,105,0,separate,0.021052631578947368,unknown,95,0.0,0.010526315789473684,12.857142857142858,0,1
元朝,886728,因閲樂戲贈友人,因閲樂戲贈友人,因閲樂戲贈友人,1,scrape_output\raw\元朝\因閲樂戲贈友人\因閲樂戲贈友人__juan_01.txt,scrape_output\clean\元朝\因閲樂戲贈友人\因閲樂戲贈友人__juan_01.txt,113,69,0,separate,0.06349206349206349,unknown,63,0.0,0.031746031746031744,12.0,0,1
元朝,112602,困學齋雜錄,困學齋雜錄,困學齋雜錄,1,scrape_output\raw\元朝\困學齋雜錄\困學齋雜錄__juan_01.txt,scrape_output\clean\元朝\困學齋雜錄\困學齋雜錄__juan_01.txt,11582,11344,0,separate,0.049552906110283165,wenyan-like,10736,0.005774962742175857,0.03343889716840537,13.564238410596026,0,0
元朝,886431,園中對雪,園中對雪,園中對雪,1,scrape_output\raw\元朝\園中對雪\園中對雪__juan_01.txt,scrape_output\clean\元朝\園中對雪\園中對雪__juan_01.txt,113,69,0,separate,0.031746031746031744,unknown,63,0.0,0.015873015873015872,12.0,0,1
元朝,885640,圓福院竹,圓福院竹,圓福院竹,1,scrape_output\raw\元朝\圓福院竹\圓福院竹__juan_01.txt,scrape_output\clean\元朝\圓福院竹\圓福院竹__juan_01.txt,133,89,0,separate,0.0379746835443038,unknown,79,0.012658227848101266,0.0379746835443038,10.571428571428571,0,1
元朝,886468,圓福院竹甚茂盛幽都一郡所未有超上人云原有桃樹百本余悉去之始植此君因為之賦,圓福院竹甚茂盛幽都一郡所未有超上人云原有桃樹百本余悉去之始植此君因為之賦,圓福院竹甚茂盛幽都一郡所未有超上人云原有桃樹百本余悉去之始植此君因為之賦,1,scrape_output\raw\元朝\圓福院竹甚茂盛幽都一郡所未有超上人云原有桃樹百本余悉去之始植此君因為之賦\圓福院竹甚茂盛幽都一郡所未有超上人云原有桃樹百本余悉去之始植此君因為之賦__juan_01.txt,scrape_output\clean\元朝\圓福院竹甚茂盛幽都一郡所未有超上人云原有桃樹百本余悉去之始植此君因為之賦\圓福院竹甚茂盛幽都一郡所未有超上人云原有桃樹百本余悉去之始植此君因為之賦__juan_01.txt,113,69,0,separate,0.06349206349206349,unknown,63,0.0,0.031746031746031744,12.0,0,1
元朝,1131791,圖經備要本草詩訣,圖經備要本草詩訣,圖經備要本草詩訣,1,scrape_output\raw\元朝\圖經備要本草詩訣\圖經備要本草詩訣__juan_01.txt,scrape_output\clean\元朝\圖經備要本草詩訣\圖經備要本草詩訣__juan_01.txt,0,0,1,separate,0.0,unknown,0,0.0,0.0,0.0,0,1
元朝,154593,圖繪寶鑑,圖繪寶鑑/卷一,圖繪寶鑑,1,scrape_output\raw\元朝\圖繪寶鑑\圖繪寶鑑__juan_01.txt,scrape_output\clean\元朝\圖繪寶鑑\圖繪寶鑑__juan_01.txt,2312,2311,0,separate,0.4023696682464455,wenyan-like,2110,0.006635071090047393,0.06113744075829384,25.583333333333332,0,0
元朝,154593,圖繪寶鑑,圖繪寶鑑/卷二,圖繪寶鑑,2,scrape_output\raw\元朝\圖繪寶鑑\圖繪寶鑑__juan_02.txt,scrape_output\clean\元朝\圖繪寶鑑\圖繪寶鑑__juan_02.txt,0,0,1,separate,0.4023696682464455,wenyan-like,2110,0.006635071090047393,0.06113744075829384,25.583333333333332,0,0
元朝,154593,圖繪寶鑑,圖繪寶鑑/卷三,圖繪寶鑑,3,scrape_output\raw\元朝\圖繪寶鑑\圖繪寶鑑__juan_03.txt,scrape_output\clean\元朝\圖繪寶鑑\圖繪寶鑑__juan_03.txt,0,0,1,separate,0.4023696682464455,wenyan-like,2110,0.006635071090047393,0.06113744075829384,25.583333333333332,0,0
元朝,154593,圖繪寶鑑,圖繪寶鑑/卷四,圖繪寶鑑,4,scrape_output\raw\元朝\圖繪寶鑑\圖繪寶鑑__juan_04.txt,scrape_output\clean\元朝\圖繪寶鑑\圖繪寶鑑__juan_04.txt,0,0,1,separate,0.4023696682464455,wenyan-like,2110,0.006635071090047393,0.06113744075829384,25.583333333333332,0,0
元朝,154593,圖繪寶鑑,圖繪寶鑑/卷五,圖繪寶鑑,5,scrape_output\raw\元朝\圖繪寶鑑\圖繪寶鑑__juan_05.txt,scrape_output\clean\元朝\圖繪寶鑑\圖繪寶鑑__juan_05.txt,0,0,1,separate,0.4023696682464455,wenyan-like,2110,0.006635071090047393,0.06113744075829384,25.583333333333332,0,0
元朝,154593,圖繪寶鑑,圖繪寶鑑/卷六,圖繪寶鑑,6,scrape_output\raw\元朝\圖繪寶鑑\圖繪寶鑑__juan_06.txt,scrape_output\clean\元朝\圖繪寶鑑\圖繪寶鑑__juan_06.txt,0,0,1,separate,0.4023696682464455,wenyan-like,2110,0.006635071090047393,0.06113744075829384,25.583333333333332,0,0
元朝,765167,圖繪寶鑒序,圖繪寶鑒序,圖繪寶鑒序,1,scrape_output\raw\元朝\圖繪寶鑒序\圖繪寶鑒序__juan_01.txt,scrape_output\clean\元朝\圖繪寶鑒序\圖繪寶鑒序__juan_01.txt,664,620,0,separate,0.3313725490196079,wenyan-like,612,0.014705882352941176,0.11274509803921569,21.0,0,0
元朝,766435,塞上曲 (王逢),塞上曲 (王逢),塞上曲 (王逢),1,scrape_output\raw\元朝\塞上曲 (王逢)\塞上曲 (王逢)__juan_01.txt,scrape_output\clean\元朝\塞上曲 (王逢)\塞上曲 (王逢)__juan_01.txt,359,315,0,separate,0.010989010989010992,wenyan-like,273,0.003663003663003663,0.01098901098901099,10.956521739130435,0,0
元朝,1109477,塞鴻秋,塞鴻秋·代人作,塞鴻秋,1,scrape_output\raw\元朝\塞鴻秋\塞鴻秋__juan_01.txt,scrape_output\clean\元朝\塞鴻秋\塞鴻秋__juan_01.txt,236,192,0,separate,-0.06586826347305388,unknown,167,0.029940119760479042,0.011976047904191617,5.925925925925926,0,1
元朝,352057,增廣和劑局方藥性總論,增廣和劑局方藥性總論,增廣和劑局方藥性總論,1,scrape_output\raw\元朝\增廣和劑局方藥性總論\增廣和劑局方藥性總論__juan_01.txt,scrape_output\clean\元朝\增廣和劑局方藥性總論\增廣和劑局方藥性總論__juan_01.txt,72530,67375,0,separate,0.04364865293688319,wenyan-like,63026,0.0019515755402532288,0.024751689778821438,10.580353982300885,0,0
元朝,135726,墨史,墨史/卷上,墨史,1,scrape_output\raw\元朝\墨史\墨史__juan_01.txt,scrape_output\clean\元朝\墨史\墨史__juan_01.txt,5257,5256,0,separate,0.2504774460200955,wenyan-like,14033,0.009976484001995297,0.06520344901304069,22.620168067226892,0,0
元朝,135726,墨史,墨史/卷中,墨史,2,scrape_output\raw\元朝\墨史\墨史__juan_02.txt,scrape_output\clean\元朝\墨史\墨史__juan_02.txt,4507,4507,0,separate,0.2504774460200955,wenyan-like,14033,0.009976484001995297,0.06520344901304069,22.620168067226892,0,0
元朝,135726,墨史,墨史/卷下,墨史,3,scrape_output\raw\元朝\墨史\墨史__juan_03.txt,scrape_output\clean\元朝\墨史\墨史__juan_03.txt,4501,4501,0,separate,0.2504774460200955,wenyan-like,14033,0.009976484001995297,0.06520344901304069,22.620168067226892,0,0
元朝,761384,墨梅,墨梅,墨梅,1,scrape_output\raw\元朝\墨梅\墨梅__juan_01.txt,scrape_output\clean\元朝\墨梅\墨梅__juan_01.txt,169,125,0,separate,0.019230769230769232,unknown,104,0.0,0.009615384615384616,5.823529411764706,0,1
元朝,179865,墨竹譜,墨竹譜,墨竹譜,1,scrape_output\raw\元朝\墨竹譜\墨竹譜__juan_01.txt,scrape_output\clean\元朝\墨竹譜\墨竹譜__juan_01.txt,832,827,0,separate,0.38364083640836405,wenyan-like,813,0.014760147601476014,0.06396063960639606,116.42857142857143,0,0
元朝,886460,墻北桃樹,墻北桃樹,墻北桃樹,1,scrape_output\raw\元朝\墻北桃樹\墻北桃樹__juan_01.txt,scrape_output\clean\元朝\墻北桃樹\墻北桃樹__juan_01.txt,113,69,0,separate,-0.015873015873015872,unknown,63,0.015873015873015872,0.015873015873015872,12.0,0,1
元朝,885819,壬子秋日客舍紀事因寄家兄,壬子秋日客舍紀事因寄家兄,壬子秋日客舍紀事因寄家兄,1,scrape_output\raw\元朝\壬子秋日客舍紀事因寄家兄\壬子秋日客舍紀事因寄家兄__juan_01.txt,scrape_output\clean\元朝\壬子秋日客舍紀事因寄家兄\壬子秋日客舍紀事因寄家兄__juan_01.txt,149,105,0,separate,-0.010526315789473686,unknown,95,0.010526315789473684,0.010526315789473684,12.857142857142858,0,1
元朝,885454,壺天園歌,壺天園歌,壺天園歌,1,scrape_output\raw\元朝\壺天園歌\壺天園歌__juan_01.txt,scrape_output\clean\元朝\壺天園歌\壺天園歌__juan_01.txt,118,72,0,separate,-0.015625,unknown,64,0.015625,0.015625,8.714285714285714,0,1
元朝,885462,夏夜對月,夏夜對月,夏夜對月,1,scrape_output\raw\元朝\夏夜對月\夏夜對月__juan_01.txt,scrape_output\clean\元朝\夏夜對月\夏夜對月__juan_01.txt,149,105,0,separate,0.031578947368421054,unknown,95,0.010526315789473684,0.031578947368421054,12.857142857142858,0,1
元朝,1179633,夏夜積雨霽陰雲不收病坐南軒月復出,夏夜積雨霽陰雲不收病坐南軒月復出,夏夜積雨霽陰雲不收病坐南軒月復出,1,scrape_output\raw\元朝\夏夜積雨霽陰雲不收病坐南軒月復出\夏夜積雨霽陰雲不收病坐南軒月復出__juan_01.txt,scrape_output\clean\元朝\夏夜積雨霽陰雲不收病坐南軒月復出\夏夜積雨霽陰雲不收病坐南軒月復出__juan_01.txt,185,141,0,separate,-0.007874015748031496,unknown,127,0.007874015748031496,0.007874015748031496,13.333333333333334,0,1
元朝,886341,夏州塞外道,夏州塞外道,夏州塞外道,1,scrape_output\raw\元朝\夏州塞外道\夏州塞外道__juan_01.txt,scrape_output\clean\元朝\夏州塞外道\夏州塞外道__juan_01.txt,146,102,0,separate,0.021739130434782608,unknown,92,0.0,0.010869565217391304,11.0,0,1
元朝,353575,外科精義,外科精義,外科精義,1,scrape_output\raw\元朝\外科精義\外科精義__juan_01.txt,scrape_output\clean\元朝\外科精義\外科精義__juan_01.txt,37746,37050,0,separate,0.2564117365471799,wenyan-like,35513,0.005828851406527187,0.061949145383380734,16.084579439252337,0,0
元朝,766382,夜何長三疊寄周參政伯溫鄔僉院本初,夜何長三疊寄周參政伯溫鄔僉院本初,夜何長三疊寄周參政伯溫鄔僉院本初,1,scrape_output\raw\元朝\夜何長三疊寄周參政伯溫鄔僉院本初\夜何長三疊寄周參政伯溫鄔僉院本初__juan_01.txt,scrape_output\clean\元朝\夜何長三疊寄周參政伯溫鄔僉院本初\夜何長三疊寄周參政伯溫鄔僉院本初__juan_01.txt,353,309,0,separate,0.02181818181818182,wenyan-like,275,0.0,0.01090909090909091,13.578947368421053,0,0
元朝,886248,夜坐 (耶律鑄),夜坐 (耶律鑄),夜坐 (耶律鑄),1,scrape_output\raw\元朝\夜坐 (耶律鑄)\夜坐 (耶律鑄)__juan_01.txt,scrape_output\clean\元朝\夜坐 (耶律鑄)\夜坐 (耶律鑄)__juan_01.txt,105,61,0,separate,0.03636363636363636,unknown,55,0.0,0.01818181818181818,10.4,0,1
元朝,1179640,夜坐分韻得此字,夜坐分韻得此字,夜坐分韻得此字,1,scrape_output\raw\元朝\夜坐分韻得此字\夜坐分韻得此字__juan_01.txt,scrape_output\clean\元朝\夜坐分韻得此字\夜坐分韻得此字__juan_01.txt,149,105,0,separate,0.08421052631578947,unknown,95,0.0,0.042105263157894736,12.857142857142858,0,1
元朝,1179639,夜坐贈秀才,夜坐贈秀才,夜坐贈秀才,1,scrape_output\raw\元朝\夜坐贈秀才\夜坐贈秀才__juan_01.txt,scrape_output\clean\元朝\夜坐贈秀才\夜坐贈秀才__juan_01.txt,149,105,0,separate,-0.02105263157894737,unknown,95,0.021052631578947368,0.021052631578947368,12.857142857142858,0,1
元朝,886040,夜宴壺天園,夜宴壺天園,夜宴壺天園,1,scrape_output\raw\元朝\夜宴壺天園\夜宴壺天園__juan_01.txt,scrape_output\clean\元朝\夜宴壺天園\夜宴壺天園__juan_01.txt,150,106,0,separate,0.02127659574468085,unknown,94,0.0,0.010638297872340425,11.25,0,1
元朝,766456,夜宴葉氏莊曉登悠然樓作,夜宴葉氏莊曉登悠然樓作,夜宴葉氏莊曉登悠然樓作,1,scrape_output\raw\元朝\夜宴葉氏莊曉登悠然樓作\夜宴葉氏莊曉登悠然樓作__juan_01.txt,scrape_output\clean\元朝\夜宴葉氏莊曉登悠然樓作\夜宴葉氏莊曉登悠然樓作__juan_01.txt,149,105,0,separate,0.042105263157894736,unknown,95,0.0,0.021052631578947368,12.857142857142858,0,1
元朝,1179244,夜宿昇龍觀,夜宿昇龍觀,夜宿昇龍觀,1,scrape_output\raw\元朝\夜宿昇龍觀\夜宿昇龍觀__juan_01.txt,scrape_output\clean\元朝\夜宿昇龍觀\夜宿昇龍觀__juan_01.txt,133,89,0,separate,-0.012658227848101267,unknown,79,0.012658227848101266,0.012658227848101266,10.571428571428571,0,1
元朝,1179434,夜宿池陽石墨驛納涼溪橋,夜宿池陽石墨驛納涼溪橋,夜宿池陽石墨驛納涼溪橋,1,scrape_output\raw\元朝\夜宿池陽石墨驛納涼溪橋\夜宿池陽石墨驛納涼溪橋__juan_01.txt,scrape_output\clean\元朝\夜宿池陽石墨驛納涼溪橋\夜宿池陽石墨驛納涼溪橋__juan_01.txt,204,160,0,separate,0.04794520547945205,unknown,146,0.00684931506849315,0.03424657534246575,12.636363636363637,0,1
元朝,1179383,夜宿金山題金山圖,夜宿金山題金山圖,夜宿金山題金山圖,1,scrape_output\raw\元朝\夜宿金山題金山圖\夜宿金山題金山圖__juan_01.txt,scrape_output\clean\元朝\夜宿金山題金山圖\夜宿金山題金山圖__juan_01.txt,113,69,0,separate,-0.015873015873015872,unknown,63,0.015873015873015872,0.015873015873015872,12.0,0,1
元朝,1179597,夜寒獨酌三首,夜寒獨酌三首,夜寒獨酌三首,1,scrape_output\raw\元朝\夜寒獨酌三首\夜寒獨酌三首__juan_01.txt,scrape_output\clean\元朝\夜寒獨酌三首\夜寒獨酌三首__juan_01.txt,293,249,0,separate,0.004484304932735425,wenyan-like,223,0.004484304932735426,0.008968609865470852,14.0,0,0
元朝,1179605,夜泊釣臺,夜泊釣臺,夜泊釣臺,1,scrape_output\raw\元朝\夜泊釣臺\夜泊釣臺__juan_01.txt,scrape_output\clean\元朝\夜泊釣臺\夜泊釣臺__juan_01.txt,221,177,0,separate,0.031446540880503145,unknown,159,0.006289308176100629,0.025157232704402517,13.636363636363637,0,1
元朝,886346,夜泊青海,夜泊青海,夜泊青海,1,scrape_output\raw\元朝\夜泊青海\夜泊青海__juan_01.txt,scrape_output\clean\元朝\夜泊青海\夜泊青海__juan_01.txt,113,69,0,separate,0.031746031746031744,unknown,63,0.0,0.015873015873015872,12.0,0,1
元朝,1179326,夜興 (薩都剌),夜興 (薩都剌),夜興 (薩都剌),1,scrape_output\raw\元朝\夜興 (薩都剌)\夜興 (薩都剌)__juan_01.txt,scrape_output\clean\元朝\夜興 (薩都剌)\夜興 (薩都剌)__juan_01.txt,147,103,0,separate,0.02197802197802198,unknown,91,0.0,0.01098901098901099,10.625,0,1
元朝,766446,夜過蒼墩江隱居,夜過蒼墩江隱居,夜過蒼墩江隱居,1,scrape_output\raw\元朝\夜過蒼墩江隱居\夜過蒼墩江隱居__juan_01.txt,scrape_output\clean\元朝\夜過蒼墩江隱居\夜過蒼墩江隱居__juan_01.txt,149,105,0,separate,-0.04210526315789474,unknown,95,0.021052631578947368,0.010526315789473684,12.857142857142858,0,1
元朝,881928,夢回 (吾丘衍),夢回 (吾丘衍),夢回 (吾丘衍),1,scrape_output\raw\元朝\夢回 (吾丘衍)\夢回 (吾丘衍)__juan_01.txt,scrape_output\clean\元朝\夢回 (吾丘衍)\夢回 (吾丘衍)__juan_01.txt,113,69,0,separate,0.031746031746031744,unknown,63,0.0,0.015873015873015872,12.0,0,1
元朝,886392,夢廻,夢廻,夢廻,1,scrape_output\raw\元朝\夢廻\夢廻__juan_01.txt,scrape_output\clean\元朝\夢廻\夢廻__juan_01.txt,115,71,0,separate,0.06349206349206349,unknown,63,0.0,0.031746031746031744,8.571428571428571,0,1
元朝,881931,夢廻 (耶律鑄),夢廻 (耶律鑄),夢廻 (耶律鑄),1,scrape_output\raw\元朝\夢廻 (耶律鑄)\夢廻 (耶律鑄)__juan_01.txt,scrape_output\clean\元朝\夢廻 (耶律鑄)\夢廻 (耶律鑄)__juan_01.txt,113,69,0,separate,0.06349206349206349,unknown,63,0.0,0.031746031746031744,12.0,0,1
元朝,1179547,夢登高山得詩二首,夢登高山得詩二首,夢登高山得詩二首,1,scrape_output\raw\元朝\夢登高山得詩二首\夢登高山得詩二首__juan_01.txt,scrape_output\clean\元朝\夢登高山得詩二首\夢登高山得詩二首__juan_01.txt,221,177,0,separate,-6.938893903907228e-18,unknown,159,0.012578616352201259,0.018867924528301886,13.636363636363637,0,1
元朝,1134408,大元聖政國朝典章,大元聖政國朝典章,大元聖政國朝典章,1,scrape_output\raw\元朝\大元聖政國朝典章\大元聖政國朝典章__juan_01.txt,scrape_output\clean\元朝\大元聖政國朝典章\大元聖政國朝典章__juan_01.txt,0,0,1,separate,0.0,unknown,0,0.0,0.0,0.0,0,1
元朝,1179290,大别山,大别山,大别山,1,scrape_output\raw\元朝\大别山\大别山__juan_01.txt,scrape_output\clean\元朝\大别山\大别山__juan_01.txt,133,89,0,separate,-0.012658227848101267,unknown,79,0.012658227848101266,0.012658227848101266,10.571428571428571,0,1
元朝,1179551,大同驛,大同驛,大同驛,1,scrape_output\raw\元朝\大同驛\大同驛__juan_01.txt,scrape_output\clean\元朝\大同驛\大同驛__juan_01.txt,149,105,0,separate,0.042105263157894736,unknown,95,0.0,0.021052631578947368,12.857142857142858,0,1
元朝,882327,大尾羊賦并序,大尾羊賦并序,大尾羊賦并序,1,scrape_output\raw\元朝\大尾羊賦并序\大尾羊賦并序__juan_01.txt,scrape_output\clean\元朝\大尾羊賦并序\大尾羊賦并序__juan_01.txt,863,373,0,separate,0.4212121212121212,wenyan-like,363,0.011019283746556474,0.07713498622589532,29.583333333333332,0,0
元朝,1131936,大朝重建大純陽萬壽宮之碑,大朝重建大純陽萬壽宮之碑,大朝重建大純陽萬壽宮之碑,1,scrape_output\raw\元朝\大朝重建大純陽萬壽宮之碑\大朝重建大純陽萬壽宮之碑__juan_01.txt,scrape_output\clean\元朝\大朝重建大純陽萬壽宮之碑\大朝重建大純陽萬壽宮之碑__juan_01.txt,2066,1822,0,separate,0.08303677342823251,wenyan-like,1686,0.0035587188612099642,0.0468564650059312,14.553571428571429,0,0
元朝,885460,大水行,大水行,大水行,1,scrape_output\raw\元朝\大水行\大水行__juan_01.txt,scrape_output\clean\元朝\大水行\大水行__juan_01.txt,575,531,0,separate,0.0379746835443038,wenyan-like,474,0.004219409282700422,0.02531645569620253,14.387096774193548,0,0
元朝,886188,大江篇寄上賢王以代謝章兼賀平雲南之捷,大江篇寄上賢王以代謝章兼賀平雲南之捷,大江篇寄上賢王以代謝章兼賀平雲南之捷,1,scrape_output\raw\元朝\大江篇寄上賢王以代謝章兼賀平雲南之捷\大江篇寄上賢王以代謝章兼賀平雲南之捷__juan_01.txt,scrape_output\clean\元朝\大江篇寄上賢王以代謝章兼賀平雲南之捷\大江篇寄上賢王以代謝章兼賀平雲南之捷__juan_01.txt,149,105,0,separate,-0.010526315789473686,unknown,95,0.010526315789473684,0.010526315789473684,12.857142857142858,0,1
元朝,886592,大獵詩二首,大獵詩二首,大獵詩二首,1,scrape_output\raw\元朝\大獵詩二首\大獵詩二首__juan_01.txt,scrape_output\clean\元朝\大獵詩二首\大獵詩二首__juan_01.txt,241,197,0,separate,-0.05084745762711864,unknown,177,0.02824858757062147,0.01694915254237288,10.5625,0,1
元朝,107926,大理行記,大理行記,大理行記,1,scrape_output\raw\元朝\大理行記\大理行記__juan_01.txt,scrape_output\clean\元朝\大理行記\大理行記__juan_01.txt,1929,1884,0,separate,0.26920172599784253,wenyan-like,1854,0.007011866235167206,0.07011866235167206,24.47945205479452,0,0
元朝,885310,大道曲 (耶律鑄),大道曲 (耶律鑄),大道曲 (耶律鑄),1,scrape_output\raw\元朝\大道曲 (耶律鑄)\大道曲 (耶律鑄)__juan_01.txt,scrape_output\clean\元朝\大道曲 (耶律鑄)\大道曲 (耶律鑄)__juan_01.txt,170,124,0,separate,-0.009259259259259259,unknown,108,0.009259259259259259,0.009259259259259259,9.181818181818182,0,1
元朝,768834,大醉歌,大醉歌,大醉歌,1,scrape_output\raw\元朝\大醉歌\大醉歌__juan_01.txt,scrape_output\clean\元朝\大醉歌\大醉歌__juan_01.txt,249,205,0,separate,0.0546448087431694,unknown,183,0.0,0.0273224043715847,11.666666666666666,0,1
元朝,1209177,天台傳佛心印記,天台傳佛心印記,天台傳佛心印記,1,scrape_output\raw\元朝\天台傳佛心印記\天台傳佛心印記__juan_01.txt,scrape_output\clean\元朝\天台傳佛心印記\天台傳佛心印記__juan_01.txt,4581,4489,0,separate,0.11202856505244364,wenyan-like,4481,0.012050881499665253,0.0740906047757197,7.610364683301343,0,0
元朝,886671,天寶謡,天寶謡,天寶謡,1,scrape_output\raw\元朝\天寶謡\天寶謡__juan_01.txt,scrape_output\clean\元朝\天寶謡\天寶謡__juan_01.txt,113,69,0,separate,0.031746031746031744,unknown,63,0.0,0.015873015873015872,12.0,0,1
元朝,886378,天津早春,天津早春,天津早春,1,scrape_output\raw\元朝\天津早春\天津早春__juan_01.txt,scrape_output\clean\元朝\天津早春\天津早春__juan_01.txt,113,69,0,separate,0.031746031746031744,unknown,63,0.0,0.015873015873015872,12.0,0,1
元朝,26327,天淨沙,天淨沙·秋思,天淨沙,1,scrape_output\raw\元朝\天淨沙\天淨沙__juan_01.txt,scrape_output\clean\元朝\天淨沙\天淨沙__juan_01.txt,126,82,0,separate,0.02857142857142857,unknown,70,0.0,0.014285714285714285,8.125,0,1
元朝,885362,天祐行,天祐行,天祐行,1,scrape_output\raw\元朝\天祐行\天祐行__juan_01.txt,scrape_output\clean\元朝\天祐行\天祐行__juan_01.txt,109,65,0,separate,0.03389830508474576,unknown,59,0.0,0.01694915254237288,11.2,0,1
元朝,766351,天門行,天門行,天門行,1,scrape_output\raw\元朝\天門行\天門行__juan_01.txt,scrape_output\clean\元朝\天門行\天門行__juan_01.txt,239,195,0,separate,0.017142857142857144,unknown,175,0.005714285714285714,0.017142857142857144,13.75,0,1
元朝,882237,天香亭賦,天香亭賦,天香亭賦,1,scrape_output\raw\元朝\天香亭賦\天香亭賦__juan_01.txt,scrape_output\clean\元朝\天香亭賦\天香亭賦__juan_01.txt,4172,3610,0,separate,0.08184741303712365,wenyan-like,3421,0.005261619409529378,0.04881613563285589,11.444055944055943,0,0
元朝,886135,天香臺單葉牡丹率成重葉多葉千葉為賦此紀之,天香臺單葉牡丹率成重葉多葉千葉為賦此紀之,天香臺單葉牡丹率成重葉多葉千葉為賦此紀之,1,scrape_output\raw\元朝\天香臺單葉牡丹率成重葉多葉千葉為賦此紀之\天香臺單葉牡丹率成重葉多葉千葉為賦此紀之__juan_01.txt,scrape_output\clean\元朝\天香臺單葉牡丹率成重葉多葉千葉為賦此紀之\天香臺單葉牡丹率成重葉多葉千葉為賦此紀之__juan_01.txt,197,145,0,separate,-0.007874015748031496,unknown,127,0.007874015748031496,0.007874015748031496,9.384615384615385,0,1
元朝,886134,天香臺牡丹,天香臺牡丹,天香臺牡丹,1,scrape_output\raw\元朝\天香臺牡丹\天香臺牡丹__juan_01.txt,scrape_output\clean\元朝\天香臺牡丹\天香臺牡丹__juan_01.txt,162,116,0,separate,-0.01904761904761905,unknown,105,0.01904761904761905,0.01904761904761905,12.5,0,1
元朝,882230,天香臺賦,天香臺賦,天香臺賦,1,scrape_output\raw\元朝\天香臺賦\天香臺賦__juan_01.txt,scrape_output\clean\元朝\天香臺賦\天香臺賦__juan_01.txt,5192,4612,0,separate,0.11797362942401111,wenyan-like,4323,0.004163775156141568,0.0652324774462179,9.636150234741784,0,0
元朝,870805,太上大通經註,太上大通經註,太上大通經註,1,scrape_output\raw\元朝\太上大通經註\太上大通經註__juan_01.txt,scrape_output\clean\元朝\太上大通經註\太上大通經註__juan_01.txt,1234,1190,0,separate,0.4740143369175627,wenyan-like,1116,0.010752688172043012,0.12813620071684587,9.598130841121495,1,0
元朝,1217668,太上玄靈北斗本命延生真經註,太上玄靈北斗本命延生真經註/卷之一,太上玄靈北斗本命延生真經註,1,scrape_output\raw\元朝\太上玄靈北斗本命延生真經註\太上玄靈北斗本命延生真經註__juan_01.txt,scrape_output\clean\元朝\太上玄靈北斗本命延生真經註\太上玄靈北斗本命延生真經註__juan_01.txt,0,0,1,separate,0.0,unknown,0,0.0,0.0,0.0,0,1
元朝,1217668,太上玄靈北斗本命延生真經註,太上玄靈北斗本命延生真經註/卷之三,太上玄靈北斗本命延生真經註,2,scrape_output\raw\元朝\太上玄靈北斗本命延生真經註\太上玄靈北斗本命延生真經註__juan_02.txt,scrape_output\clean\元朝\太上玄靈北斗本命延生真經註\太上玄靈北斗本命延生真經註__juan_02.txt,0,0,1,separate,0.0,unknown,0,0.0,0.0,0.0,0,1
元朝,1217668,太上玄靈北斗本命延生真經註,太上玄靈北斗本命延生真經註/卷之二,太上玄靈北斗本命延生真經註,3,scrape_output\raw\元朝\太上玄靈北斗本命延生真經註\太上玄靈北斗本命延生真經註__juan_03.txt,scrape_output\clean\元朝\太上玄靈北斗本命延生真經註\太上玄靈北斗本命延生真經註__juan_03.txt,0,0,1,separate,0.0,unknown,0,0.0,0.0,0.0,0,1
元朝,1217668,太上玄靈北斗本命延生真經註,太上玄靈北斗本命延生真經註/卷之五,太上玄靈北斗本命延生真經註,4,scrape_output\raw\元朝\太上玄靈北斗本命延生真經註\太上玄靈北斗本命延生真經註__juan_04.txt,scrape_output\clean\元朝\太上玄靈北斗本命延生真經註\太上玄靈北斗本命延生真經註__juan_04.txt,0,0,1,separate,0.0,unknown,0,0.0,0.0,0.0,0,1
元朝,1217668,太上玄靈北斗本命延生真經註,太上玄靈北斗本命延生真經註/卷之四,太上玄靈北斗本命延生真經註,5,scrape_output\raw\元朝\太上玄靈北斗本命延生真經註\太上玄靈北斗本命延生真經註__juan_05.txt,scrape_output\clean\元朝\太上玄靈北斗本命延生真經註\太上玄靈北斗本命延生真經註__juan_05.txt,0,0,1,separate,0.0,unknown,0,0.0,0.0,0.0,0,1
元朝,600971,太原元好問裕之,太原元好問裕之,太原元好問裕之,1,scrape_output\raw\元朝\太原元好問裕之\太原元好問裕之__juan_01.txt,scrape_output\clean\元朝\太原元好問裕之\太原元好問裕之__juan_01.txt,149,105,0,separate,-0.02105263157894737,unknown,95,0.021052631578947368,0.021052631578947368,11.125,0,1
元朝,600984,太原高鳴雄飛 (高情謝氛坱),太原高鳴雄飛 (高情謝氛坱),太原高鳴雄飛 (高情謝氛坱),1,scrape_output\raw\元朝\太原高鳴雄飛 (高情謝氛坱)\太原高鳴雄飛 (高情謝氛坱)__juan_01.txt,scrape_output\clean\元朝\太原高鳴雄飛 (高情謝氛坱)\太原高鳴雄飛 (高情謝氛坱)__juan_01.txt,175,131,0,separate,0.026086956521739126,unknown,115,0.008695652173913044,0.02608695652173913,10.7,0,1
元朝,600985,太原高鳴雄飛 (黃鵠入寥廓),太原高鳴雄飛 (黃鵠入寥廓),太原高鳴雄飛 (黃鵠入寥廓),1,scrape_output\raw\元朝\太原高鳴雄飛 (黃鵠入寥廓)\太原高鳴雄飛 (黃鵠入寥廓)__juan_01.txt,scrape_output\clean\元朝\太原高鳴雄飛 (黃鵠入寥廓)\太原高鳴雄飛 (黃鵠入寥廓)__juan_01.txt,221,177,0,separate,-0.0130718954248366,unknown,153,0.013071895424836602,0.013071895424836602,9.466666666666667,0,1
元朝,886369,太和宫,太和宫,太和宫,1,scrape_output\raw\元朝\太和宫\太和宫__juan_01.txt,scrape_output\clean\元朝\太和宫\太和宫__juan_01.txt,113,69,0,separate,0.06349206349206349,unknown,63,0.0,0.031746031746031744,12.0,0,1
元朝,886696,太宗馬圖,太宗馬圖,太宗馬圖,1,scrape_output\raw\元朝\太宗馬圖\太宗馬圖__juan_01.txt,scrape_output\clean\元朝\太宗馬圖\太宗馬圖__juan_01.txt,116,72,0,separate,0.031746031746031744,unknown,63,0.0,0.015873015873015872,7.5,0,1
元朝,886744,太常引 (耶律鑄),太常引 (耶律鑄),太常引 (耶律鑄),1,scrape_output\raw\元朝\太常引 (耶律鑄)\太常引 (耶律鑄)__juan_01.txt,scrape_output\clean\元朝\太常引 (耶律鑄)\太常引 (耶律鑄)__juan_01.txt,147,103,0,separate,0.021505376344086023,unknown,93,0.0,0.010752688172043012,12.571428571428571,0,1
元朝,1179420,太平驛即事,太平驛即事,太平驛即事,1,scrape_output\raw\元朝\太平驛即事\太平驛即事__juan_01.txt,scrape_output\clean\元朝\太平驛即事\太平驛即事__juan_01.txt,113,69,0,separate,0.09523809523809523,unknown,63,0.0,0.047619047619047616,12.0,0,1
元朝,324061,太微仙君功過格,太微仙君功過格,太微仙君功過格,1,scrape_output\raw\元朝\太微仙君功過格\太微仙君功過格__juan_01.txt,scrape_output\clean\元朝\太微仙君功過格\太微仙君功過格__juan_01.txt,4719,4625,0,separate,0.37322080291970805,wenyan-like,4384,0.005246350364963503,0.04447992700729927,25.80722891566265,0,0
元朝,886140,太極宫,太極宫,太極宫,1,scrape_output\raw\元朝\太極宫\太極宫__juan_01.txt,scrape_output\clean\元朝\太極宫\太極宫__juan_01.txt,149,105,0,separate,-0.04210526315789474,unknown,95,0.021052631578947368,0.010526315789473684,12.857142857142858,0,1
元朝,886368,太極宫 (步虚聲入海山寒),太極宫 (步虚聲入海山寒),太極宫 (步虚聲入海山寒),1,scrape_output\raw\元朝\太極宫 (步虚聲入海山寒)\太極宫 (步虚聲入海山寒)__juan_01.txt,scrape_output\clean\元朝\太極宫 (步虚聲入海山寒)\太極宫 (步虚聲入海山寒)__juan_01.txt,113,69,0,separate,0.031746031746031744,unknown,63,0.0,0.015873015873015872,12.0,0,1
元朝,886301,太河篇,太河篇,太河篇,1,scrape_output\raw\元朝\太河篇\太河篇__juan_01.txt,scrape_output\clean\元朝\太河篇\太河篇__juan_01.txt,105,61,0,separate,0.03636363636363636,unknown,55,0.0,0.01818181818181818,10.4,0,1
元朝,339978,太華希夷志,太華希夷志,太華希夷志,1,scrape_output\raw\元朝\太華希夷志\太華希夷志__juan_01.txt,scrape_output\clean\元朝\太華希夷志\太華希夷志__juan_01.txt,11573,11478,0,separate,0.22799685918687837,wenyan-like,11462,0.012214273250741581,0.05731983946955156,23.771058315334773,0,0
元朝,766171,夷堅志序 (沈天佑),夷堅志序 (沈天佑),夷堅志序 (沈天佑),1,scrape_output\raw\元朝\夷堅志序 (沈天佑)\夷堅志序 (沈天佑)__juan_01.txt,scrape_output\clean\元朝\夷堅志序 (沈天佑)\夷堅志序 (沈天佑)__juan_01.txt,446,398,0,separate,0.2628205128205128,wenyan-like,390,0.005128205128205128,0.0641025641025641,17.80952380952381,0,0
元朝,137243,奉天討蒙元北伐檄文,奉天討蒙元北伐檄文,奉天討蒙元北伐檄文,1,scrape_output\raw\元朝\奉天討蒙元北伐檄文\奉天討蒙元北伐檄文__juan_01.txt,scrape_output\clean\元朝\奉天討蒙元北伐檄文\奉天討蒙元北伐檄文__juan_01.txt,1048,1004,0,separate,0.42398373983739834,wenyan-like,984,0.012195121951219513,0.08028455284552846,26.666666666666668,0,0
元朝,766358,奉寄趙伯器參政尹時中員外五十韻,奉寄趙伯器參政尹時中員外五十韻,奉寄趙伯器參政尹時中員外五十韻,1,scrape_output\raw\元朝\奉寄趙伯器參政尹時中員外五十韻\奉寄趙伯器參政尹時中員外五十韻__juan_01.txt,scrape_output\clean\元朝\奉寄趙伯器參政尹時中員外五十韻\奉寄趙伯器參政尹時中員外五十韻__juan_01.txt,777,733,0,separate,0.011093502377179081,wenyan-like,631,0.001584786053882726,0.00792393026941363,10.943396226415095,0,0
元朝,886649,奉寄郭仲益鍊師,奉寄郭仲益鍊師,奉寄郭仲益鍊師,1,scrape_output\raw\元朝\奉寄郭仲益鍊師\奉寄郭仲益鍊師__juan_01.txt,scrape_output\clean\元朝\奉寄郭仲益鍊師\奉寄郭仲益鍊師__juan_01.txt,113,69,0,separate,-0.015873015873015872,unknown,63,0.015873015873015872,0.015873015873015872,12.0,0,1
元朝,874892,奉書岳忠武王詩集傳後,奉書岳忠武王詩集傳後,奉書岳忠武王詩集傳後,1,scrape_output\raw\元朝\奉書岳忠武王詩集傳後\奉書岳忠武王詩集傳後__juan_01.txt,scrape_output\clean\元朝\奉書岳忠武王詩集傳後\奉書岳忠武王詩集傳後__juan_01.txt,144,144,0,separate,0.034722222222222224,unknown,144,0.006944444444444444,0.027777777777777776,13.4,0,1
元朝,1179535,奉次參政繼學王先生海南還桂林道中韻,奉次參政繼學王先生海南還桂林道中韻,奉次參政繼學王先生海南還桂林道中韻,1,scrape_output\raw\元朝\奉次參政繼學王先生海南還桂林道中韻\奉次參政繼學王先生海南還桂林道中韻__juan_01.txt,scrape_output\clean\元朝\奉次參政繼學王先生海南還桂林道中韻\奉次參政繼學王先生海南還桂林道中韻__juan_01.txt,149,105,0,separate,0.021052631578947368,unknown,95,0.0,0.010526315789473684,12.857142857142858,0,1
元朝,886145,奉答翠華僊伯并序,奉答翠華僊伯并序,奉答翠華僊伯并序,1,scrape_output\raw\元朝\奉答翠華僊伯并序\奉答翠華僊伯并序__juan_01.txt,scrape_output\clean\元朝\奉答翠華僊伯并序\奉答翠華僊伯并序__juan_01.txt,317,273,0,separate,0.16915708812260535,wenyan-like,261,0.011494252873563218,0.02681992337164751,16.6,0,0
元朝,766441,奉謝楊山居宣慰寄遺繭紙,奉謝楊山居宣慰寄遺繭紙,奉謝楊山居宣慰寄遺繭紙,1,scrape_output\raw\元朝\奉謝楊山居宣慰寄遺繭紙\奉謝楊山居宣慰寄遺繭紙__juan_01.txt,scrape_output\clean\元朝\奉謝楊山居宣慰寄遺繭紙\奉謝楊山居宣慰寄遺繭紙__juan_01.txt,329,285,0,separate,0.0040485829959514205,wenyan-like,247,0.012145748987854251,0.020242914979757085,10.857142857142858,0,0
元朝,766384,奉陪杭右丞程禮部以文宇文憲僉子貞魯縣丞道原宴周左丞伯溫館舍時聞河南李平章恢復中原,奉陪杭右丞程禮部以文宇文憲僉子貞魯縣丞道原宴周左丞伯溫館舍時聞河南李平章恢復中原,奉陪杭右丞程禮部以文宇文憲僉子貞魯縣丞道原宴周左丞伯溫館舍時聞河南李平章恢復中原,1,scrape_output\raw\元朝\奉陪杭右丞程禮部以文宇文憲僉子貞魯縣丞道原宴周左丞伯溫館舍時聞河南李平章恢復中原\奉陪杭右丞程禮部以文宇文憲僉子貞魯縣丞道原宴周左丞伯溫館舍時聞河南李平章恢復中原__juan_01.txt,scrape_output\clean\元朝\奉陪杭右丞程禮部以文宇文憲僉子貞魯縣丞道原宴周左丞伯溫館舍時聞河南李平章恢復中原\奉陪杭右丞程禮部以文宇文憲僉子貞魯縣丞道原宴周左丞伯溫館舍時聞河南李平章恢復中原__juan_01.txt,321,277,0,separate,0.024291497975708502,wenyan-like,247,0.0,0.012145748987854251,13.705882352941176,0,0
元朝,766383,奉陪神保大王宴朱將軍第聞彈白翎雀引,奉陪神保大王宴朱將軍第聞彈白翎雀引,奉陪神保大王宴朱將軍第聞彈白翎雀引,1,scrape_output\raw\元朝\奉陪神保大王宴朱將軍第聞彈白翎雀引\奉陪神保大王宴朱將軍第聞彈白翎雀引__juan_01.txt,scrape_output\clean\元朝\奉陪神保大王宴朱將軍第聞彈白翎雀引\奉陪神保大王宴朱將軍第聞彈白翎雀引__juan_01.txt,736,692,0,separate,0.18955696202531647,wenyan-like,632,0.004746835443037975,0.02689873417721519,15.68421052631579,0,0
元朝,1179406,奎章閣感興二首,奎章閣感興二首,奎章閣感興二首,1,scrape_output\raw\元朝\奎章閣感興二首\奎章閣感興二首__juan_01.txt,scrape_output\clean\元朝\奎章閣感興二首\奎章閣感興二首__juan_01.txt,149,105,0,separate,0.010526315789473682,unknown,95,0.010526315789473684,0.021052631578947368,12.857142857142858,0,1
元朝,1179554,奎章閣觀進皇朝經世大典,奎章閣觀進皇朝經世大典,奎章閣觀進皇朝經世大典,1,scrape_output\raw\元朝\奎章閣觀進皇朝經世大典\奎章閣觀進皇朝經世大典__juan_01.txt,scrape_output\clean\元朝\奎章閣觀進皇朝經世大典\奎章閣觀進皇朝經世大典__juan_01.txt,149,105,0,separate,0.021052631578947368,unknown,95,0.0,0.010526315789473684,12.857142857142858,0,1
元朝,765251,好古齋記,好古齋記,好古齋記,1,scrape_output\raw\元朝\好古齋記\好古齋記__juan_01.txt,scrape_output\clean\元朝\好古齋記\好古齋記__juan_01.txt,555,511,0,separate,0.33962075848303397,wenyan-like,501,0.001996007984031936,0.09780439121756487,22.0,0,0
元朝,1179580,如夢曲哀燕將軍,如夢曲哀燕將軍,如夢曲哀燕將軍,1,scrape_output\raw\元朝\如夢曲哀燕將軍\如夢曲哀燕將軍__juan_01.txt,scrape_output\clean\元朝\如夢曲哀燕將軍\如夢曲哀燕將軍__juan_01.txt,437,393,0,separate,0.025641025641025644,wenyan-like,351,0.002849002849002849,0.017094017094017096,14.347826086956522,0,0
元朝,764817,姑蘇知府何侯詩卷序,姑蘇知府何侯詩卷序,姑蘇知府何侯詩卷序,1,scrape_output\raw\元朝\姑蘇知府何侯詩卷序\姑蘇知府何侯詩卷序__juan_01.txt,scrape_output\clean\元朝\姑蘇知府何侯詩卷序\姑蘇知府何侯詩卷序__juan_01.txt,507,463,0,separate,0.2796703296703297,wenyan-like,455,0.006593406593406593,0.07472527472527472,24.38888888888889,0,0
元朝,1179460,姑蘇臺奉和侍御繼學王光生贈别,姑蘇臺奉和侍御繼學王光生贈别,姑蘇臺奉和侍御繼學王光生贈别,1,scrape_output\raw\元朝\姑蘇臺奉和侍御繼學王光生贈别\姑蘇臺奉和侍御繼學王光生贈别__juan_01.txt,scrape_output\clean\元朝\姑蘇臺奉和侍御繼學王光生贈别\姑蘇臺奉和侍御繼學王光生贈别__juan_01.txt,149,105,0,separate,0.042105263157894736,unknown,95,0.0,0.021052631578947368,12.857142857142858,0,1
元朝,886435,姮娥,姮娥,姮娥,1,scrape_output\raw\元朝\姮娥\姮娥__juan_01.txt,scrape_output\clean\元朝\姮娥\姮娥__juan_01.txt,113,69,0,separate,-0.06349206349206349,unknown,63,0.031746031746031744,0.015873015873015872,12.0,0,1
元朝,1179579,威武曲,威武曲,威武曲,1,scrape_output\raw\元朝\威武曲\威武曲__juan_01.txt,scrape_output\clean\元朝\威武曲\威武曲__juan_01.txt,191,147,0,separate,0.030534351145038167,unknown,131,0.0,0.015267175572519083,12.3,0,1
元朝,884981,婆羅門六首,婆羅門六首,婆羅門六首,1,scrape_output\raw\元朝\婆羅門六首\婆羅門六首__juan_01.txt,scrape_output\clean\元朝\婆羅門六首\婆羅門六首__juan_01.txt,659,611,0,separate,0.1640597539543058,wenyan-like,569,0.01054481546572935,0.022847100175746926,15.25,0,0
元朝,136325,嬌紅記,嬌紅記,嬌紅記,1,scrape_output\raw\元朝\嬌紅記\嬌紅記__juan_01.txt,scrape_output\clean\元朝\嬌紅記\嬌紅記__juan_01.txt,21458,21376,0,separate,0.22959739375668578,wenyan-like,20566,0.011912865895166781,0.05766799572109307,16.46661031276416,0,0
元朝,1179479,季子廟,季子廟,季子廟,1,scrape_output\raw\元朝\季子廟\季子廟__juan_01.txt,scrape_output\clean\元朝\季子廟\季子廟__juan_01.txt,149,105,0,separate,0.06315789473684211,unknown,95,0.0,0.031578947368421054,12.857142857142858,0,1
元朝,765015,孫氏瑞蓮詩卷序,孫氏瑞蓮詩卷序,孫氏瑞蓮詩卷序,1,scrape_output\raw\元朝\孫氏瑞蓮詩卷序\孫氏瑞蓮詩卷序__juan_01.txt,scrape_output\clean\元朝\孫氏瑞蓮詩卷序\孫氏瑞蓮詩卷序__juan_01.txt,502,458,0,separate,0.3966666666666667,wenyan-like,450,0.0022222222222222222,0.12666666666666668,17.875,0,0
元朝,1179469,安分,安分,安分,1,scrape_output\raw\元朝\安分\安分__juan_01.txt,scrape_output\clean\元朝\安分\安分__juan_01.txt,149,105,0,separate,0.06315789473684211,unknown,95,0.0,0.031578947368421054,12.857142857142858,0,1
元朝,112591,安南志畧,安南志畧/卷一,安南志畧,1,scrape_output\raw\元朝\安南志畧\安南志畧__juan_01.txt,scrape_output\clean\元朝\安南志畧\安南志畧__juan_01.txt,5318,5251,0,separate,0.05873327605253468,wenyan-like,81470,0.008064318153921689,0.04146311525714987,14.393995897818385,0,0
元朝,112591,安南志畧,安南志畧/卷二,安南志畧,2,scrape_output\raw\元朝\安南志畧\安南志畧__juan_02.txt,scrape_output\clean\元朝\安南志畧\安南志畧__juan_02.txt,6370,6338,0,separate,0.05873327605253468,wenyan-like,81470,0.008064318153921689,0.04146311525714987,14.393995897818385,0,0
元朝,112591,安南志畧,安南志畧/卷三,安南志畧,3,scrape_output\raw\元朝\安南志畧\安南志畧__juan_03.txt,scrape_output\clean\元朝\安南志畧\安南志畧__juan_03.txt,5150,5067,0,separate,0.05873327605253468,wenyan-like,81470,0.008064318153921689,0.04146311525714987,14.393995897818385,0,0
元朝,112591,安南志畧,安南志畧/卷四,安南志畧,4,scrape_output\raw\元朝\安南志畧\安南志畧__juan_04.txt,scrape_output\clean\元朝\安南志畧\安南志畧__juan_04.txt,5527,5508,0,separate,0.05873327605253468,wenyan-like,81470,0.008064318153921689,0.04146311525714987,14.393995897818385,0,0
元朝,112591,安南志畧,安南志畧/卷五,安南志畧,5,scrape_output\raw\元朝\安南志畧\安南志畧__juan_05.txt,scrape_output\clean\元朝\安南志畧\安南志畧__juan_05.txt,7776,7721,0,separate,0.05873327605253468,wenyan-like,81470,0.008064318153921689,0.04146311525714987,14.393995897818385,0,0
元朝,112591,安南志畧,安南志畧/卷六,安南志畧,6,scrape_output\raw\元朝\安南志畧\安南志畧__juan_06.txt,scrape_output\clean\元朝\安南志畧\安南志畧__juan_06.txt,5493,5474,0,separate,0.05873327605253468,wenyan-like,81470,0.008064318153921689,0.04146311525714987,14.393995897818385,0,0
元朝,112591,安南志畧,安南志畧/卷七,安南志畧,7,scrape_output\raw\元朝\安南志畧\安南志畧__juan_07.txt,scrape_output\clean\元朝\安南志畧\安南志畧__juan_07.txt,3038,3011,0,separate,0.05873327605253468,wenyan-like,81470,0.008064318153921689,0.04146311525714987,14.393995897818385,0,0
元朝,112591,安南志畧,安南志畧/卷八,安南志畧,8,scrape_output\raw\元朝\安南志畧\安南志畧__juan_08.txt,scrape_output\clean\元朝\安南志畧\安南志畧__juan_08.txt,3150,3129,0,separate,0.05873327605253468,wenyan-like,81470,0.008064318153921689,0.04146311525714987,14.393995897818385,0,0
元朝,112591,安南志畧,安南志畧/卷九,安南志畧,9,scrape_output\raw\元朝\安南志畧\安南志畧__juan_09.txt,scrape_output\clean\元朝\安南志畧\安南志畧__juan_09.txt,5224,5171,0,separate,0.05873327605253468,wenyan-like,81470,0.008064318153921689,0.04146311525714987,14.393995897818385,0,0
元朝,112591,安南志畧,安南志畧/卷十,安南志畧,10,scrape_output\raw\元朝\安南志畧\安南志畧__juan_10.txt,scrape_output\clean\元朝\安南志畧\安南志畧__juan_10.txt,3312,3274,0,separate,0.05873327605253468,wenyan-like,81470,0.008064318153921689,0.04146311525714987,14.393995897818385,0,0
元朝,112591,安南志畧,安南志畧/卷十一,安南志畧,11,scrape_output\raw\元朝\安南志畧\安南志畧__juan_11.txt,scrape_output\clean\元朝\安南志畧\安南志畧__juan_11.txt,5214,5173,0,separate,0.05873327605253468,wenyan-like,81470,0.008064318153921689,0.04146311525714987,14.393995897818385,0,0
元朝,112591,安南志畧,安南志畧/卷十二,安南志畧,12,scrape_output\raw\元朝\安南志畧\安南志畧__juan_12.txt,scrape_output\clean\元朝\安南志畧\安南志畧__juan_12.txt,3184,3118,0,separate,0.05873327605253468,wenyan-like,81470,0.008064318153921689,0.04146311525714987,14.393995897818385,0,0
元朝,112591,安南志畧,安南志畧/卷十三,安南志畧,13,scrape_output\raw\元朝\安南志畧\安南志畧__juan_13.txt,scrape_output\clean\元朝\安南志畧\安南志畧__juan_13.txt,3091,3079,0,separate,0.05873327605253468,wenyan-like,81470,0.008064318153921689,0.04146311525714987,14.393995897818385,0,0
元朝,112591,安南志畧,安南志畧/卷十四,安南志畧,14,scrape_output\raw\元朝\安南志畧\安南志畧__juan_14.txt,scrape_output\clean\元朝\安南志畧\安南志畧__juan_14.txt,3496,3480,0,separate,0.05873327605253468,wenyan-like,81470,0.008064318153921689,0.04146311525714987,14.393995897818385,0,0
元朝,112591,安南志畧,安南志畧/卷十五,安南志畧,15,scrape_output\raw\元朝\安南志畧\安南志畧__juan_15.txt,scrape_output\clean\元朝\安南志畧\安南志畧__juan_15.txt,6689,6575,0,separate,0.05873327605253468,wenyan-like,81470,0.008064318153921689,0.04146311525714987,14.393995897818385,0,0
元朝,112591,安南志畧,安南志畧/卷十六,安南志畧,16,scrape_output\raw\元朝\安南志畧\安南志畧__juan_16.txt,scrape_output\clean\元朝\安南志畧\安南志畧__juan_16.txt,3264,3236,0,separate,0.05873327605253468,wenyan-like,81470,0.008064318153921689,0.04146311525714987,14.393995897818385,0,0
元朝,112591,安南志畧,安南志畧/卷十七,安南志畧,17,scrape_output\raw\元朝\安南志畧\安南志畧__juan_17.txt,scrape_output\clean\元朝\安南志畧\安南志畧__juan_17.txt,4958,4750,0,separate,0.05873327605253468,wenyan-like,81470,0.008064318153921689,0.04146311525714987,14.393995897818385,0,0
元朝,112591,安南志畧,安南志畧/卷十八,安南志畧,18,scrape_output\raw\元朝\安南志畧\安南志畧__juan_18.txt,scrape_output\clean\元朝\安南志畧\安南志畧__juan_18.txt,3542,3248,0,separate,0.05873327605253468,wenyan-like,81470,0.008064318153921689,0.04146311525714987,14.393995897818385,0,0
元朝,112591,安南志畧,安南志畧/卷十九,安南志畧,19,scrape_output\raw\元朝\安南志畧\安南志畧__juan_19.txt,scrape_output\clean\元朝\安南志畧\安南志畧__juan_19.txt,1950,1941,0,separate,0.05873327605253468,wenyan-like,81470,0.008064318153921689,0.04146311525714987,14.393995897818385,0,0
元朝,112591,安南志畧,安南志畧/卷二十,安南志畧,20,scrape_output\raw\元朝\安南志畧\安南志畧__juan_20.txt,scrape_output\clean\元朝\安南志畧\安南志畧__juan_20.txt,0,0,1,separate,0.05873327605253468,wenyan-like,81470,0.008064318153921689,0.04146311525714987,14.393995897818385,0,0
元朝,766381,宋制置彭大雅瑪瑙酒碗歌周伯溫大參征賦,宋制置彭大雅瑪瑙酒碗歌周伯溫大參征賦,宋制置彭大雅瑪瑙酒碗歌周伯溫大參征賦,1,scrape_output\raw\元朝\宋制置彭大雅瑪瑙酒碗歌周伯溫大參征賦\宋制置彭大雅瑪瑙酒碗歌周伯溫大參征賦__juan_01.txt,scrape_output\clean\元朝\宋制置彭大雅瑪瑙酒碗歌周伯溫大參征賦\宋制置彭大雅瑪瑙酒碗歌周伯溫大參征賦__juan_01.txt,446,402,0,separate,0.16344086021505377,wenyan-like,372,0.013440860215053764,0.026881720430107527,15.304347826086957,0,0
元朝,11371,宋史,宋史/卷001,宋史,1,scrape_output\raw\元朝\宋史\宋史__juan_01.txt,scrape_output\clean\元朝\宋史\宋史__juan_01.txt,9199,9155,0,separate,0.19861413265875932,wenyan-like,4557543,0.009189820041193248,0.03809179639116954,19.2935627326337,0,0
元朝,11371,宋史,宋史/卷002,宋史,2,scrape_output\raw\元朝\宋史\宋史__juan_02.txt,scrape_output\clean\元朝\宋史\宋史__juan_02.txt,6083,6039,0,separate,0.19861413265875932,wenyan-like,4557543,0.009189820041193248,0.03809179639116954,19.2935627326337,0,0
元朝,11371,宋史,宋史/卷003,宋史,3,scrape_output\raw\元朝\宋史\宋史__juan_03.txt,scrape_output\clean\元朝\宋史\宋史__juan_03.txt,6886,6842,0,separate,0.19861413265875932,wenyan-like,4557543,0.009189820041193248,0.03809179639116954,19.2935627326337,0,0
元朝,11371,宋史,宋史/卷004,宋史,4,scrape_output\raw\元朝\宋史\宋史__juan_04.txt,scrape_output\clean\元朝\宋史\宋史__juan_04.txt,9962,9917,0,separate,0.19861413265875932,wenyan-like,4557543,0.009189820041193248,0.03809179639116954,19.2935627326337,0,0
元朝,11371,宋史,宋史/卷005,宋史,5,scrape_output\raw\元朝\宋史\宋史__juan_05.txt,scrape_output\clean\元朝\宋史\宋史__juan_05.txt,12767,12722,0,separate,0.19861413265875932,wenyan-like,4557543,0.009189820041193248,0.03809179639116954,19.2935627326337,0,0
元朝,11371,宋史,宋史/卷006,宋史,6,scrape_output\raw\元朝\宋史\宋史__juan_06.txt,scrape_output\clean\元朝\宋史\宋史__juan_06.txt,7889,7844,0,separate,0.19861413265875932,wenyan-like,4557543,0.009189820041193248,0.03809179639116954,19.2935627326337,0,0
元朝,11371,宋史,宋史/卷007,宋史,7,scrape_output\raw\元朝\宋史\宋史__juan_07.txt,scrape_output\clean\元朝\宋史\宋史__juan_07.txt,12469,12424,0,separate,0.19861413265875932,wenyan-like,4557543,0.009189820041193248,0.03809179639116954,19.2935627326337,0,0
元朝,11371,宋史,宋史/卷008,宋史,8,scrape_output\raw\元朝\宋史\宋史__juan_08.txt,scrape_output\clean\元朝\宋史\宋史__juan_08.txt,12188,12143,0,separate,0.19861413265875932,wenyan-like,4557543,0.009189820041193248,0.03809179639116954,19.2935627326337,0,0
元朝,11371,宋史,宋史/卷009,宋史,9,scrape_output\raw\元朝\宋史\宋史__juan_09.txt,scrape_output\clean\元朝\宋史\宋史__juan_09.txt,6687,6642,0,separate,0.19861413265875932,wenyan-like,4557543,0.009189820041193248,0.03809179639116954,19.2935627326337,0,0
元朝,11371,宋史,宋史/卷010,宋史,10,scrape_output\raw\元朝\宋史\宋史__juan_10.txt,scrape_output\clean\元朝\宋史\宋史__juan_10.txt,7734,7688,0,separate,0.19861413265875932,wenyan-like,4557543,0.009189820041193248,0.03809179639116954,19.2935627326337,0,0
元朝,11371,宋史,宋史/卷011,宋史,11,scrape_output\raw\元朝\宋史\宋史__juan_11.txt,scrape_output\clean\元朝\宋史\宋史__juan_11.txt,7807,7762,0,separate,0.19861413265875932,wenyan-like,4557543,0.009189820041193248,0.03809179639116954,19.2935627326337,0,0
元朝,11371,宋史,宋史/卷012,宋史,12,scrape_output\raw\元朝\宋史\宋史__juan_12.txt,scrape_output\clean\元朝\宋史\宋史__juan_12.txt,10021,9976,0,separate,0.19861413265875932,wenyan-like,4557543,0.009189820041193248,0.03809179639116954,19.2935627326337,0,0
元朝,11371,宋史,宋史/卷013,宋史,13,scrape_output\raw\元朝\宋史\宋史__juan_13.txt,scrape_output\clean\元朝\宋史\宋史__juan_13.txt,3982,3935,0,separate,0.19861413265875932,wenyan-like,4557543,0.009189820041193248,0.03809179639116954,19.2935627326337,0,0
元朝,11371,宋史,宋史/卷014,宋史,14,scrape_output\raw\元朝\宋史\宋史__juan_14.txt,scrape_output\clean\元朝\宋史\宋史__juan_14.txt,5044,4999,0,separate,0.19861413265875932,wenyan-like,4557543,0.009189820041193248,0.03809179639116954,19.2935627326337,0,0
元朝,11371,宋史,宋史/卷015,宋史,15,scrape_output\raw\元朝\宋史\宋史__juan_15.txt,scrape_output\clean\元朝\宋史\宋史__juan_15.txt,11807,11762,0,separate,0.19861413265875932,wenyan-like,4557543,0.009189820041193248,0.03809179639116954,19.2935627326337,0,0
元朝,11371,宋史,宋史/卷016,宋史,16,scrape_output\raw\元朝\宋史\宋史__juan_16.txt,scrape_output\clean\元朝\宋史\宋史__juan_16.txt,6663,6617,0,separate,0.19861413265875932,wenyan-like,4557543,0.009189820041193248,0.03809179639116954,19.2935627326337,0,0
元朝,11371,宋史,宋史/卷017,宋史,17,scrape_output\raw\元朝\宋史\宋史__juan_17.txt,scrape_output\clean\元朝\宋史\宋史__juan_17.txt,9844,9799,0,separate,0.19861413265875932,wenyan-like,4557543,0.009189820041193248,0.03809179639116954,19.2935627326337,0,0
元朝,11371,宋史,宋史/卷018,宋史,18,scrape_output\raw\元朝\宋史\宋史__juan_18.txt,scrape_output\clean\元朝\宋史\宋史__juan_18.txt,7594,7549,0,separate,0.19861413265875932,wenyan-like,4557543,0.009189820041193248,0.03809179639116954,19.2935627326337,0,0
元朝,11371,宋史,宋史/卷019,宋史,19,scrape_output\raw\元朝\宋史\宋史__juan_19.txt,scrape_output\clean\元朝\宋史\宋史__juan_19.txt,7095,7050,0,separate,0.19861413265875932,wenyan-like,4557543,0.009189820041193248,0.03809179639116954,19.2935627326337,0,0
元朝,11371,宋史,宋史/卷020,宋史,20,scrape_output\raw\元朝\宋史\宋史__juan_20.txt,scrape_output\clean\元朝\宋史\宋史__juan_20.txt,6494,6450,0,separate,0.19861413265875932,wenyan-like,4557543,0.009189820041193248,0.03809179639116954,19.2935627326337,0,0
元朝,11371,宋史,宋史/卷021,宋史,21,scrape_output\raw\元朝\宋史\宋史__juan_21.txt,scrape_output\clean\元朝\宋史\宋史__juan_21.txt,5797,5751,0,separate,0.19861413265875932,wenyan-like,4557543,0.009189820041193248,0.03809179639116954,19.2935627326337,0,0
元朝,11371,宋史,宋史/卷022,宋史,22,scrape_output\raw\元朝\宋史\宋史__juan_22.txt,scrape_output\clean\元朝\宋史\宋史__juan_22.txt,7396,7352,0,separate,0.19861413265875932,wenyan-like,4557543,0.009189820041193248,0.03809179639116954,19.2935627326337,0,0
元朝,11371,宋史,宋史/卷023,宋史,23,scrape_output\raw\元朝\宋史\宋史__juan_23.txt,scrape_output\clean\元朝\宋史\宋史__juan_23.txt,8867,8823,0,separate,0.19861413265875932,wenyan-like,4557543,0.009189820041193248,0.03809179639116954,19.2935627326337,0,0
元朝,11371,宋史,宋史/卷024,宋史,24,scrape_output\raw\元朝\宋史\宋史__juan_24.txt,scrape_output\clean\元朝\宋史\宋史__juan_24.txt,6939,6895,0,separate,0.19861413265875932,wenyan-like,4557543,0.009189820041193248,0.03809179639116954,19.2935627326337,0,0
元朝,11371,宋史,宋史/卷025,宋史,25,scrape_output\raw\元朝\宋史\宋史__juan_25.txt,scrape_output\clean\元朝\宋史\宋史__juan_25.txt,10326,10282,0,separate,0.19861413265875932,wenyan-like,4557543,0.009189820041193248,0.03809179639116954,19.2935627326337,0,0
元朝,11371,宋史,宋史/卷026,宋史,26,scrape_output\raw\元朝\宋史\宋史__juan_26.txt,scrape_output\clean\元朝\宋史\宋史__juan_26.txt,10479,10435,0,separate,0.19861413265875932,wenyan-like,4557543,0.009189820041193248,0.03809179639116954,19.2935627326337,0,0
元朝,11371,宋史,宋史/卷028,宋史,27,scrape_output\raw\元朝\宋史\宋史__juan_27.txt,scrape_output\clean\元朝\宋史\宋史__juan_27.txt,8935,8890,0,separate,0.19861413265875932,wenyan-like,4557543,0.009189820041193248,0.03809179639116954,19.2935627326337,0,0
元朝,11371,宋史,宋史/卷029,宋史,28,scrape_output\raw\元朝\宋史\宋史__juan_28.txt,scrape_output\clean\元朝\宋史\宋史__juan_28.txt,9255,9159,0,separate,0.19861413265875932,wenyan-like,4557543,0.009189820041193248,0.03809179639116954,19.2935627326337,0,0
元朝,11371,宋史,宋史/卷030,宋史,29,scrape_output\raw\元朝\宋史\宋史__juan_29.txt,scrape_output\clean\元朝\宋史\宋史__juan_29.txt,9324,9279,0,separate,0.19861413265875932,wenyan-like,4557543,0.009189820041193248,0.03809179639116954,19.2935627326337,0,0
元朝,11371,宋史,宋史/卷031,宋史,30,scrape_output\raw\元朝\宋史\宋史__juan_30.txt,scrape_output\clean\元朝\宋史\宋史__juan_30.txt,9605,9560,0,separate,0.19861413265875932,wenyan-like,4557543,0.009189820041193248,0.03809179639116954,19.2935627326337,0,0
元朝,11371,宋史,宋史/卷032,宋史,31,scrape_output\raw\元朝\宋史\宋史__juan_31.txt,scrape_output\clean\元朝\宋史\宋史__juan_31.txt,7405,7360,0,separate,0.19861413265875932,wenyan-like,4557543,0.009189820041193248,0.03809179639116954,19.2935627326337,0,0
元朝,11371,宋史,宋史/卷033,宋史,32,scrape_output\raw\元朝\宋史\宋史__juan_32.txt,scrape_output\clean\元朝\宋史\宋史__juan_32.txt,11771,11722,0,separate,0.19861413265875932,wenyan-like,4557543,0.009189820041193248,0.03809179639116954,19.2935627326337,0,0
元朝,11371,宋史,宋史/卷034,宋史,33,scrape_output\raw\元朝\宋史\宋史__juan_33.txt,scrape_output\clean\元朝\宋史\宋史__juan_33.txt,12491,12444,0,separate,0.19861413265875932,wenyan-like,4557543,0.009189820041193248,0.03809179639116954,19.2935627326337,0,0
元朝,11371,宋史,宋史/卷035,宋史,34,scrape_output\raw\元朝\宋史\宋史__juan_34.txt,scrape_output\clean\元朝\宋史\宋史__juan_34.txt,12704,12659,0,separate,0.19861413265875932,wenyan-like,4557543,0.009189820041193248,0.03809179639116954,19.2935627326337,0,0
元朝,11371,宋史,宋史/卷036,宋史,35,scrape_output\raw\元朝\宋史\宋史__juan_35.txt,scrape_output\clean\元朝\宋史\宋史__juan_35.txt,8724,8678,0,separate,0.19861413265875932,wenyan-like,4557543,0.009189820041193248,0.03809179639116954,19.2935627326337,0,0
元朝,11371,宋史,宋史/卷037,宋史,36,scrape_output\raw\元朝\宋史\宋史__juan_36.txt,scrape_output\clean\元朝\宋史\宋史__juan_36.txt,7743,7698,0,separate,0.19861413265875932,wenyan-like,4557543,0.009189820041193248,0.03809179639116954,19.2935627326337,0,0
元朝,11371,宋史,宋史/卷038,宋史,37,scrape_output\raw\元朝\宋史\宋史__juan_37.txt,scrape_output\clean\元朝\宋史\宋史__juan_37.txt,9284,9238,0,separate,0.19861413265875932,wenyan-like,4557543,0.009189820041193248,0.03809179639116954,19.2935627326337,0,0
元朝,11371,宋史,宋史/卷039,宋史,38,scrape_output\raw\元朝\宋史\宋史__juan_38.txt,scrape_output\clean\元朝\宋史\宋史__juan_38.txt,7250,7203,0,separate,0.19861413265875932,wenyan-like,4557543,0.009189820041193248,0.03809179639116954,19.2935627326337,0,0
元朝,11371,宋史,宋史/卷040,宋史,39,scrape_output\raw\元朝\宋史\宋史__juan_39.txt,scrape_output\clean\元朝\宋史\宋史__juan_39.txt,7040,6995,0,separate,0.19861413265875932,wenyan-like,4557543,0.009189820041193248,0.03809179639116954,19.2935627326337,0,0
元朝,11371,宋史,宋史/卷041,宋史,40,scrape_output\raw\元朝\宋史\宋史__juan_40.txt,scrape_output\clean\元朝\宋史\宋史__juan_40.txt,10296,10251,0,separate,0.19861413265875932,wenyan-like,4557543,0.009189820041193248,0.03809179639116954,19.2935627326337,0,0
元朝,11371,宋史,宋史/卷042,宋史,41,scrape_output\raw\元朝\宋史\宋史__juan_41.txt,scrape_output\clean\元朝\宋史\宋史__juan_41.txt,9856,9804,0,separate,0.19861413265875932,wenyan-like,4557543,0.009189820041193248,0.03809179639116954,19.2935627326337,0,0
元朝,11371,宋史,宋史/卷043,宋史,42,scrape_output\raw\元朝\宋史\宋史__juan_42.txt,scrape_output\clean\元朝\宋史\宋史__juan_42.txt,9819,9772,0,separate,0.19861413265875932,wenyan-like,4557543,0.009189820041193248,0.03809179639116954,19.2935627326337,0,0
元朝,11371,宋史,宋史/卷044,宋史,43,scrape_output\raw\元朝\宋史\宋史__juan_43.txt,scrape_output\clean\元朝\宋史\宋史__juan_43.txt,9472,9425,0,separate,0.19861413265875932,wenyan-like,4557543,0.009189820041193248,0.03809179639116954,19.2935627326337,0,0
元朝,11371,宋史,宋史/卷045,宋史,44,scrape_output\raw\元朝\宋史\宋史__juan_44.txt,scrape_output\clean\元朝\宋史\宋史__juan_44.txt,9901,9852,0,separate,0.19861413265875932,wenyan-like,4557543,0.009189820041193248,0.03809179639116954,19.2935627326337,0,0
元朝,11371,宋史,宋史/卷046,宋史,45,scrape_output\raw\元朝\宋史\宋史__juan_45.txt,scrape_output\clean\元朝\宋史\宋史__juan_45.txt,14440,14391,0,separate,0.19861413265875932,wenyan-like,4557543,0.009189820041193248,0.03809179639116954,19.2935627326337,0,0
元朝,11371,宋史,宋史/卷047,宋史,46,scrape_output\raw\元朝\宋史\宋史__juan_46.txt,scrape_output\clean\元朝\宋史\宋史__juan_46.txt,13885,13840,0,separate,0.19861413265875932,wenyan-like,4557543,0.009189820041193248,0.03809179639116954,19.2935627326337,0,0
元朝,11371,宋史,宋史/卷048,宋史,47,scrape_output\raw\元朝\宋史\宋史__juan_47.txt,scrape_output\clean\元朝\宋史\宋史__juan_47.txt,9968,9923,0,separate,0.19861413265875932,wenyan-like,4557543,0.009189820041193248,0.03809179639116954,19.2935627326337,0,0
元朝,11371,宋史,宋史/卷049,宋史,48,scrape_output\raw\元朝\宋史\宋史__juan_48.txt,scrape_output\clean\元朝\宋史\宋史__juan_48.txt,11164,11119,0,separate,0.19861413265875932,wenyan-like,4557543,0.009189820041193248,0.03809179639116954,19.2935627326337,0,0
元朝,11371,宋史,宋史/卷050,宋史,49,scrape_output\raw\元朝\宋史\宋史__juan_49.txt,scrape_output\clean\元朝\宋史\宋史__juan_49.txt,19015,18970,0,separate,0.19861413265875932,wenyan-like,4557543,0.009189820041193248,0.03809179639116954,19.2935627326337,0,0
元朝,11371,宋史,宋史/卷051,宋史,50,scrape_output\raw\元朝\宋史\宋史__juan_50.txt,scrape_output\clean\元朝\宋史\宋史__juan_50.txt,19079,19030,0,separate,0.19861413265875932,wenyan-like,4557543,0.009189820041193248,0.03809179639116954,19.2935627326337,0,0
元朝,11371,宋史,宋史/卷052,宋史,51,scrape_output\raw\元朝\宋史\宋史__juan_51.txt,scrape_output\clean\元朝\宋史\宋史__juan_51.txt,17293,17237,0,separate,0.19861413265875932,wenyan-like,4557543,0.009189820041193248,0.03809179639116954,19.2935627326337,0,0
元朝,11371,宋史,宋史/卷053,宋史,52,scrape_output\raw\元朝\宋史\宋史__juan_52.txt,scrape_output\clean\元朝\宋史\宋史__juan_52.txt,13578,13533,0,separate,0.19861413265875932,wenyan-like,4557543,0.009189820041193248,0.03809179639116954,19.2935627326337,0,0
元朝,11371,宋史,宋史/卷054,宋史,53,scrape_output\raw\元朝\宋史\宋史__juan_53.txt,scrape_output\clean\元朝\宋史\宋史__juan_53.txt,13970,13925,0,separate,0.19861413265875932,wenyan-like,4557543,0.009189820041193248,0.03809179639116954,19.2935627326337,0,0
元朝,11371,宋史,宋史/卷055,宋史,54,scrape_output\raw\元朝\宋史\宋史__juan_54.txt,scrape_output\clean\元朝\宋史\宋史__juan_54.txt,22559,22514,0,separate,0.19861413265875932,wenyan-like,4557543,0.009189820041193248,0.03809179639116954,19.2935627326337,0,0
元朝,11371,宋史,宋史/卷056,宋史,55,scrape_output\raw\元朝\宋史\宋史__juan_55.txt,scrape_output\clean\元朝\宋史\宋史__juan_55.txt,12426,12381,0,separate,0.19861413265875932,wenyan-like,4557543,0.009189820041193248,0.03809179639116954,19.2935627326337,0,0
元朝,11371,宋史,宋史/卷057,宋史,56,scrape_output\raw\元朝\宋史\宋史__juan_56.txt,scrape_output\clean\元朝\宋史\宋史__juan_56.txt,12137,12092,0,separate,0.19861413265875932,wenyan-like,4557543,0.009189820041193248,0.03809179639116954,19.2935627326337,0,0
元朝,11371,宋史,宋史/卷058,宋史,57,scrape_output\raw\元朝\宋史\宋史__juan_57.txt,scrape_output\clean\元朝\宋史\宋史__juan_57.txt,10599,10554,0,separate,0.19861413265875932,wenyan-like,4557543,0.009189820041193248,0.03809179639116954,19.2935627326337,0,0
元朝,11371,宋史,宋史/卷059,宋史,58,scrape_output\raw\元朝\宋史\宋史__juan_58.txt,scrape_output\clean\元朝\宋史\宋史__juan_58.txt,12221,12175,0,separate,0.19861413265875932,wenyan-like,4557543,0.009189820041193248,0.03809179639116954,19.2935627326337,0,0
元朝,11371,宋史,宋史/卷060,宋史,59,scrape_output\raw\元朝\宋史\宋史__juan_59.txt,scrape_output\clean\元朝\宋史\宋史__juan_59.txt,11443,11398,0,separate,0.19861413265875932,wenyan-like,4557543,0.009189820041193248,0.03809179639116954,19.2935627326337,0,0
元朝,11371,宋史,宋史/卷061,宋史,60,scrape_output\raw\元朝\宋史\宋史__juan_60.txt,scrape_output\clean\元朝\宋史\宋史__juan_60.txt,12173,12092,0,separate,0.19861413265875932,wenyan-like,4557543,0.009189820041193248,0.03809179639116954,19.2935627326337,0,0
元朝,11371,宋史,宋史/卷062,宋史,61,scrape_output\raw\元朝\宋史\宋史__juan_61.txt,scrape_output\clean\元朝\宋史\宋史__juan_61.txt,13297,13246,0,separate,0.19861413265875932,wenyan-like,4557543,0.009189820041193248,0.03809179639116954,19.2935627326337,0,0
元朝,11371,宋史,宋史/卷063,宋史,62,scrape_output\raw\元朝\宋史\宋史__juan_62.txt,scrape_output\clean\元朝\宋史\宋史__juan_62.txt,11328,11279,0,separate,0.19861413265875932,wenyan-like,4557543,0.009189820041193248,0.03809179639116954,19.2935627326337,0,0
元朝,11371,宋史,宋史/卷064,宋史,63,scrape_output\raw\元朝\宋史\宋史__juan_63.txt,scrape_output\clean\元朝\宋史\宋史__juan_63.txt,11205,11159,0,separate,0.19861413265875932,wenyan-like,4557543,0.009189820041193248,0.03809179639116954,19.2935627326337,0,0
元朝,11371,宋史,宋史/卷065,宋史,64,scrape_output\raw\元朝\宋史\宋史__juan_64.txt,scrape_output\clean\元朝\宋史\宋史__juan_64.txt,7942,7823,0,separate,0.19861413265875932,wenyan-like,4557543,0.009189820041193248,0.03809179639116954,19.2935627326337,0,0
元朝,11371,宋史,宋史/卷066,宋史,65,scrape_output\raw\元朝\宋史\宋史__juan_65.txt,scrape_output\clean\元朝\宋史\宋史__juan_65.txt,10577,10412,0,separate,0.19861413265875932,wenyan-like,4557543,0.009189820041193248,0.03809179639116954,19.2935627326337,0,0
元朝,11371,宋史,宋史/卷067,宋史,66,scrape_output\raw\元朝\宋史\宋史__juan_66.txt,scrape_output\clean\元朝\宋史\宋史__juan_66.txt,12548,12466,0,separate,0.19861413265875932,wenyan-like,4557543,0.009189820041193248,0.03809179639116954,19.2935627326337,0,0
元朝,11371,宋史,宋史/卷068,宋史,67,scrape_output\raw\元朝\宋史\宋史__juan_67.txt,scrape_output\clean\元朝\宋史\宋史__juan_67.txt,14634,14329,0,separate,0.19861413265875932,wenyan-like,4557543,0.009189820041193248,0.03809179639116954,19.2935627326337,0,0
元朝,11371,宋史,宋史/卷069,宋史,68,scrape_output\raw\元朝\宋史\宋史__juan_68.txt,scrape_output\clean\元朝\宋史\宋史__juan_68.txt,12777,12610,0,separate,0.19861413265875932,wenyan-like,4557543,0.009189820041193248,0.03809179639116954,19.2935627326337,0,0
元朝,11371,宋史,宋史/卷070,宋史,69,scrape_output\raw\元朝\宋史\宋史__juan_69.txt,scrape_output\clean\元朝\宋史\宋史__juan_69.txt,12618,12572,0,separate,0.19861413265875932,wenyan-like,4557543,0.009189820041193248,0.03809179639116954,19.2935627326337,0,0
元朝,11371,宋史,宋史/卷071,宋史,70,scrape_output\raw\元朝\宋史\宋史__juan_70.txt,scrape_output\clean\元朝\宋史\宋史__juan_70.txt,9594,9504,0,separate,0.19861413265875932,wenyan-like,4557543,0.009189820041193248,0.03809179639116954,19.2935627326337,0,0
元朝,11371,宋史,宋史/卷072,宋史,71,scrape_output\raw\元朝\宋史\宋史__juan_71.txt,scrape_output\clean\元朝\宋史\宋史__juan_71.txt,8041,7996,0,separate,0.19861413265875932,wenyan-like,4557543,0.009189820041193248,0.03809179639116954,19.2935627326337,0,0
元朝,11371,宋史,宋史/卷073,宋史,72,scrape_output\raw\元朝\宋史\宋史__juan_72.txt,scrape_output\clean\元朝\宋史\宋史__juan_72.txt,7730,7615,0,separate,0.19861413265875932,wenyan-like,4557543,0.009189820041193248,0.03809179639116954,19.2935627326337,0,0
元朝,11371,宋史,宋史/卷074,宋史,73,scrape_output\raw\元朝\宋史\宋史__juan_73.txt,scrape_output\clean\元朝\宋史\宋史__juan_73.txt,13013,12916,0,separate,0.19861413265875932,wenyan-like,4557543,0.009189820041193248,0.03809179639116954,19.2935627326337,0,0
元朝,11371,宋史,宋史/卷075,宋史,74,scrape_output\raw\元朝\宋史\宋史__juan_74.txt,scrape_output\clean\元朝\宋史\宋史__juan_74.txt,13601,13555,0,separate,0.19861413265875932,wenyan-like,4557543,0.009189820041193248,0.03809179639116954,19.2935627326337,0,0
元朝,11371,宋史,宋史/卷076,宋史,75,scrape_output\raw\元朝\宋史\宋史__juan_75.txt,scrape_output\clean\元朝\宋史\宋史__juan_75.txt,6916,6820,0,separate,0.19861413265875932,wenyan-like,4557543,0.009189820041193248,0.03809179639116954,19.2935627326337,0,0
元朝,11371,宋史,宋史/卷077,宋史,76,scrape_output\raw\元朝\宋史\宋史__juan_76.txt,scrape_output\clean\元朝\宋史\宋史__juan_76.txt,9603,9496,0,separate,0.19861413265875932,wenyan-like,4557543,0.009189820041193248,0.03809179639116954,19.2935627326337,0,0
元朝,11371,宋史,宋史/卷078,宋史,77,scrape_output\raw\元朝\宋史\宋史__juan_77.txt,scrape_output\clean\元朝\宋史\宋史__juan_77.txt,5523,5460,0,separate,0.19861413265875932,wenyan-like,4557543,0.009189820041193248,0.03809179639116954,19.2935627326337,0,0
元朝,11371,宋史,宋史/卷079,宋史,78,scrape_output\raw\元朝\宋史\宋史__juan_78.txt,scrape_output\clean\元朝\宋史\宋史__juan_78.txt,10062,10017,0,separate,0.19861413265875932,wenyan-like,4557543,0.009189820041193248,0.03809179639116954,19.2935627326337,0,0
元朝,11371,宋史,宋史/卷080,宋史,79,scrape_output\raw\元朝\宋史\宋史__juan_79.txt,scrape_output\clean\元朝\宋史\宋史__juan_79.txt,9207,9115,0,separate,0.19861413265875932,wenyan-like,4557543,0.009189820041193248,0.03809179639116954,19.2935627326337,0,0
元朝,11371,宋史,宋史/卷081,宋史,80,scrape_output\raw\元朝\宋史\宋史__juan_80.txt,scrape_output\clean\元朝\宋史\宋史__juan_80.txt,10172,10122,0,separate,0.19861413265875932,wenyan-like,4557543,0.009189820041193248,0.03809179639116954,19.2935627326337,0,0
元朝,11371,宋史,宋史/卷082,宋史,81,scrape_output\raw\元朝\宋史\宋史__juan_81.txt,scrape_output\clean\元朝\宋史\宋史__juan_81.txt,12567,12518,0,separate,0.19861413265875932,wenyan-like,4557543,0.009189820041193248,0.03809179639116954,19.2935627326337,0,0
元朝,11371,宋史,宋史/卷083,宋史,82,scrape_output\raw\元朝\宋史\宋史__juan_82.txt,scrape_output\clean\元朝\宋史\宋史__juan_82.txt,6425,6227,0,separate,0.19861413265875932,wenyan-like,4557543,0.009189820041193248,0.03809179639116954,19.2935627326337,0,0
元朝,11371,宋史,宋史/卷084,宋史,83,scrape_output\raw\元朝\宋史\宋史__juan_83.txt,scrape_output\clean\元朝\宋史\宋史__juan_83.txt,180,136,0,separate,0.19861413265875932,wenyan-like,4557543,0.009189820041193248,0.03809179639116954,19.2935627326337,0,0
元朝,11371,宋史,宋史/卷085,宋史,84,scrape_output\raw\元朝\宋史\宋史__juan_84.txt,scrape_output\clean\元朝\宋史\宋史__juan_84.txt,15809,15743,0,separate,0.19861413265875932,wenyan-like,4557543,0.009189820041193248,0.03809179639116954,19.2935627326337,0,0
元朝,11371,宋史,宋史/卷086,宋史,85,scrape_output\raw\元朝\宋史\宋史__juan_85.txt,scrape_output\clean\元朝\宋史\宋史__juan_85.txt,10846,10801,0,separate,0.19861413265875932,wenyan-like,4557543,0.009189820041193248,0.03809179639116954,19.2935627326337,0,0
元朝,11371,宋史,宋史/卷087,宋史,86,scrape_output\raw\元朝\宋史\宋史__juan_86.txt,scrape_output\clean\元朝\宋史\宋史__juan_86.txt,19668,19617,0,separate,0.19861413265875932,wenyan-like,4557543,0.009189820041193248,0.03809179639116954,19.2935627326337,0,0
元朝,11371,宋史,宋史/卷088,宋史,87,scrape_output\raw\元朝\宋史\宋史__juan_87.txt,scrape_output\clean\元朝\宋史\宋史__juan_87.txt,17980,17927,0,separate,0.19861413265875932,wenyan-like,4557543,0.009189820041193248,0.03809179639116954,19.2935627326337,0,0
元朝,11371,宋史,宋史/卷089,宋史,88,scrape_output\raw\元朝\宋史\宋史__juan_88.txt,scrape_output\clean\元朝\宋史\宋史__juan_88.txt,14631,14583,0,separate,0.19861413265875932,wenyan-like,4557543,0.009189820041193248,0.03809179639116954,19.2935627326337,0,0
元朝,11371,宋史,宋史/卷090,宋史,89,scrape_output\raw\元朝\宋史\宋史__juan_89.txt,scrape_output\clean\元朝\宋史\宋史__juan_89.txt,9897,9852,0,separate,0.19861413265875932,wenyan-like,4557543,0.009189820041193248,0.03809179639116954,19.2935627326337,0,0
元朝,11371,宋史,宋史/卷091,宋史,90,scrape_output\raw\元朝\宋史\宋史__juan_90.txt,scrape_output\clean\元朝\宋史\宋史__juan_90.txt,12296,12240,0,separate,0.19861413265875932,wenyan-like,4557543,0.009189820041193248,0.03809179639116954,19.2935627326337,0,0
元朝,11371,宋史,宋史/卷092,宋史,91,scrape_output\raw\元朝\宋史\宋史__juan_91.txt,scrape_output\clean\元朝\宋史\宋史__juan_91.txt,10888,10825,0,separate,0.19861413265875932,wenyan-like,4557543,0.009189820041193248,0.03809179639116954,19.2935627326337,0,0
元朝,11371,宋史,宋史/卷093,宋史,92,scrape_output\raw\元朝\宋史\宋史__juan_92.txt,scrape_output\clean\元朝\宋史\宋史__juan_92.txt,11451,11390,0,separate,0.19861413265875932,wenyan-like,4557543,0.009189820041193248,0.03809179639116954,19.2935627326337,0,0
元朝,11371,宋史,宋史/卷094,宋史,93,scrape_output\raw\元朝\宋史\宋史__juan_93.txt,scrape_output\clean\元朝\宋史\宋史__juan_93.txt,10652,10590,0,separate,0.19861413265875932,wenyan-like,4557543,0.009189820041193248,0.03809179639116954,19.2935627326337,0,0
元朝,11371,宋史,宋史/卷095,宋史,94,scrape_output\raw\元朝\宋史\宋史__juan_94.txt,scrape_output\clean\元朝\宋史\宋史__juan_94.txt,13805,13758,0,separate,0.19861413265875932,wenyan-like,4557543,0.009189820041193248,0.03809179639116954,19.2935627326337,0,0
元朝,11371,宋史,宋史/卷096,宋史,95,scrape_output\raw\元朝\宋史\宋史__juan_95.txt,scrape_output\clean\元朝\宋史\宋史__juan_95.txt,6460,6409,0,separate,0.19861413265875932,wenyan-like,4557543,0.009189820041193248,0.03809179639116954,19.2935627326337,0,0
元朝,11371,宋史,宋史/卷097,宋史,96,scrape_output\raw\元朝\宋史\宋史__juan_96.txt,scrape_output\clean\元朝\宋史\宋史__juan_96.txt,12248,12190,0,separate,0.19861413265875932,wenyan-like,4557543,0.009189820041193248,0.03809179639116954,19.2935627326337,0,0
元朝,11371,宋史,宋史/卷098,宋史,97,scrape_output\raw\元朝\宋史\宋史__juan_97.txt,scrape_output\clean\元朝\宋史\宋史__juan_97.txt,5982,5929,0,separate,0.19861413265875932,wenyan-like,4557543,0.009189820041193248,0.03809179639116954,19.2935627326337,0,0
元朝,11371,宋史,宋史/卷099,宋史,98,scrape_output\raw\元朝\宋史\宋史__juan_98.txt,scrape_output\clean\元朝\宋史\宋史__juan_98.txt,7402,7331,0,separate,0.19861413265875932,wenyan-like,4557543,0.009189820041193248,0.03809179639116954,19.2935627326337,0,0
元朝,11371,宋史,宋史/卷100,宋史,99,scrape_output\raw\元朝\宋史\宋史__juan_99.txt,scrape_output\clean\元朝\宋史\宋史__juan_99.txt,8006,7928,0,separate,0.19861413265875932,wenyan-like,4557543,0.009189820041193248,0.03809179639116954,19.2935627326337,0,0
元朝,11371,宋史,宋史/卷101,宋史,100,scrape_output\raw\元朝\宋史\宋史__juan_100.txt,scrape_output\clean\元朝\宋史\宋史__juan_100.txt,9269,9188,0,separate,0.19861413265875932,wenyan-like,4557543,0.009189820041193248,0.03809179639116954,19.2935627326337,0,0
元朝,11371,宋史,宋史/卷102,宋史,101,scrape_output\raw\元朝\宋史\宋史__juan_101.txt,scrape_output\clean\元朝\宋史\宋史__juan_101.txt,11093,11023,0,separate,0.19861413265875932,wenyan-like,4557543,0.009189820041193248,0.03809179639116954,19.2935627326337,0,0
元朝,11371,宋史,宋史/卷103,宋史,102,scrape_output\raw\元朝\宋史\宋史__juan_102.txt,scrape_output\clean\元朝\宋史\宋史__juan_102.txt,9972,9846,0,separate,0.19861413265875932,wenyan-like,4557543,0.009189820041193248,0.03809179639116954,19.2935627326337,0,0
元朝,11371,宋史,宋史/卷104,宋史,103,scrape_output\raw\元朝\宋史\宋史__juan_103.txt,scrape_output\clean\元朝\宋史\宋史__juan_103.txt,10540,10484,0,separate,0.19861413265875932,wenyan-like,4557543,0.009189820041193248,0.03809179639116954,19.2935627326337,0,0
元朝,11371,宋史,宋史/卷105,宋史,104,scrape_output\raw\元朝\宋史\宋史__juan_104.txt,scrape_output\clean\元朝\宋史\宋史__juan_104.txt,8581,8535,0,separate,0.19861413265875932,wenyan-like,4557543,0.009189820041193248,0.03809179639116954,19.2935627326337,0,0
元朝,11371,宋史,宋史/卷106,宋史,105,scrape_output\raw\元朝\宋史\宋史__juan_105.txt,scrape_output\clean\元朝\宋史\宋史__juan_105.txt,6942,6897,0,separate,0.19861413265875932,wenyan-like,4557543,0.009189820041193248,0.03809179639116954,19.2935627326337,0,0
元朝,11371,宋史,宋史/卷107,宋史,106,scrape_output\raw\元朝\宋史\宋史__juan_106.txt,scrape_output\clean\元朝\宋史\宋史__juan_106.txt,6447,6401,0,separate,0.19861413265875932,wenyan-like,4557543,0.009189820041193248,0.03809179639116954,19.2935627326337,0,0
元朝,11371,宋史,宋史/卷108,宋史,107,scrape_output\raw\元朝\宋史\宋史__juan_107.txt,scrape_output\clean\元朝\宋史\宋史__juan_107.txt,9472,9231,0,separate,0.19861413265875932,wenyan-like,4557543,0.009189820041193248,0.03809179639116954,19.2935627326337,0,0
元朝,11371,宋史,宋史/卷109,宋史,108,scrape_output\raw\元朝\宋史\宋史__juan_108.txt,scrape_output\clean\元朝\宋史\宋史__juan_108.txt,11432,11376,0,separate,0.19861413265875932,wenyan-like,4557543,0.009189820041193248,0.03809179639116954,19.2935627326337,0,0
元朝,11371,宋史,宋史/卷110,宋史,109,scrape_output\raw\元朝\宋史\宋史__juan_109.txt,scrape_output\clean\元朝\宋史\宋史__juan_109.txt,6440,6388,0,separate,0.19861413265875932,wenyan-like,4557543,0.009189820041193248,0.03809179639116954,19.2935627326337,0,0
元朝,11371,宋史,宋史/卷111,宋史,110,scrape_output\raw\元朝\宋史\宋史__juan_110.txt,scrape_output\clean\元朝\宋史\宋史__juan_110.txt,8200,8011,0,separate,0.19861413265875932,wenyan-like,4557543,0.009189820041193248,0.03809179639116954,19.2935627326337,0,0
元朝,11371,宋史,宋史/卷112,宋史,111,scrape_output\raw\元朝\宋史\宋史__juan_111.txt,scrape_output\clean\元朝\宋史\宋史__juan_111.txt,5364,5260,0,separate,0.19861413265875932,wenyan-like,4557543,0.009189820041193248,0.03809179639116954,19.2935627326337,0,0
元朝,11371,宋史,宋史/卷113,宋史,112,scrape_output\raw\元朝\宋史\宋史__juan_112.txt,scrape_output\clean\元朝\宋史\宋史__juan_112.txt,9735,9675,0,separate,0.19861413265875932,wenyan-like,4557543,0.009189820041193248,0.03809179639116954,19.2935627326337,0,0
元朝,11371,宋史,宋史/卷114,宋史,113,scrape_output\raw\元朝\宋史\宋史__juan_113.txt,scrape_output\clean\元朝\宋史\宋史__juan_113.txt,10550,10446,0,separate,0.19861413265875932,wenyan-like,4557543,0.009189820041193248,0.03809179639116954,19.2935627326337,0,0
元朝,11371,宋史,宋史/卷115,宋史,114,scrape_output\raw\元朝\宋史\宋史__juan_114.txt,scrape_output\clean\元朝\宋史\宋史__juan_114.txt,8572,8341,0,separate,0.19861413265875932,wenyan-like,4557543,0.009189820041193248,0.03809179639116954,19.2935627326337,0,0
元朝,11371,宋史,宋史/卷116,宋史,115,scrape_output\raw\元朝\宋史\宋史__juan_115.txt,scrape_output\clean\元朝\宋史\宋史__juan_115.txt,10204,10111,0,separate,0.19861413265875932,wenyan-like,4557543,0.009189820041193248,0.03809179639116954,19.2935627326337,0,0
元朝,11371,宋史,宋史/卷117,宋史,116,scrape_output\raw\元朝\宋史\宋史__juan_116.txt,scrape_output\clean\元朝\宋史\宋史__juan_116.txt,6900,6765,0,separate,0.19861413265875932,wenyan-like,4557543,0.009189820041193248,0.03809179639116954,19.2935627326337,0,0
元朝,11371,宋史,宋史/卷118,宋史,117,scrape_output\raw\元朝\宋史\宋史__juan_117.txt,scrape_output\clean\元朝\宋史\宋史__juan_117.txt,5895,5835,0,separate,0.19861413265875932,wenyan-like,4557543,0.009189820041193248,0.03809179639116954,19.2935627326337,0,0
元朝,11371,宋史,宋史/卷119,宋史,118,scrape_output\raw\元朝\宋史\宋史__juan_118.txt,scrape_output\clean\元朝\宋史\宋史__juan_118.txt,10315,10201,0,separate,0.19861413265875932,wenyan-like,4557543,0.009189820041193248,0.03809179639116954,19.2935627326337,0,0
元朝,11371,宋史,宋史/卷120,宋史,119,scrape_output\raw\元朝\宋史\宋史__juan_119.txt,scrape_output\clean\元朝\宋史\宋史__juan_119.txt,4703,4658,0,separate,0.19861413265875932,wenyan-like,4557543,0.009189820041193248,0.03809179639116954,19.2935627326337,0,0
元朝,11371,宋史,宋史/卷121,宋史,120,scrape_output\raw\元朝\宋史\宋史__juan_120.txt,scrape_output\clean\元朝\宋史\宋史__juan_120.txt,16485,16353,0,separate,0.19861413265875932,wenyan-like,4557543,0.009189820041193248,0.03809179639116954,19.2935627326337,0,0
元朝,11371,宋史,宋史/卷122,宋史,121,scrape_output\raw\元朝\宋史\宋史__juan_121.txt,scrape_output\clean\元朝\宋史\宋史__juan_121.txt,9258,9180,0,separate,0.19861413265875932,wenyan-like,4557543,0.009189820041193248,0.03809179639116954,19.2935627326337,0,0
元朝,11371,宋史,宋史/卷123,宋史,122,scrape_output\raw\元朝\宋史\宋史__juan_122.txt,scrape_output\clean\元朝\宋史\宋史__juan_122.txt,12925,12856,0,separate,0.19861413265875932,wenyan-like,4557543,0.009189820041193248,0.03809179639116954,19.2935627326337,0,0
元朝,11371,宋史,宋史/卷124,宋史,123,scrape_output\raw\元朝\宋史\宋史__juan_123.txt,scrape_output\clean\元朝\宋史\宋史__juan_123.txt,9340,9288,0,separate,0.19861413265875932,wenyan-like,4557543,0.009189820041193248,0.03809179639116954,19.2935627326337,0,0
元朝,11371,宋史,宋史/卷125,宋史,124,scrape_output\raw\元朝\宋史\宋史__juan_124.txt,scrape_output\clean\元朝\宋史\宋史__juan_124.txt,10314,10254,0,separate,0.19861413265875932,wenyan-like,4557543,0.009189820041193248,0.03809179639116954,19.2935627326337,0,0
元朝,11371,宋史,宋史/卷126,宋史,125,scrape_output\raw\元朝\宋史\宋史__juan_125.txt,scrape_output\clean\元朝\宋史\宋史__juan_125.txt,10589,10512,0,separate,0.19861413265875932,wenyan-like,4557543,0.009189820041193248,0.03809179639116954,19.2935627326337,0,0
元朝,11371,宋史,宋史/卷127,宋史,126,scrape_output\raw\元朝\宋史\宋史__juan_126.txt,scrape_output\clean\元朝\宋史\宋史__juan_126.txt,10258,10121,0,separate,0.19861413265875932,wenyan-like,4557543,0.009189820041193248,0.03809179639116954,19.2935627326337,0,0
元朝,11371,宋史,宋史/卷128,宋史,127,scrape_output\raw\元朝\宋史\宋史__juan_127.txt,scrape_output\clean\元朝\宋史\宋史__juan_127.txt,9736,9596,0,separate,0.19861413265875932,wenyan-like,4557543,0.009189820041193248,0.03809179639116954,19.2935627326337,0,0
元朝,11371,宋史,宋史/卷129,宋史,128,scrape_output\raw\元朝\宋史\宋史__juan_128.txt,scrape_output\clean\元朝\宋史\宋史__juan_128.txt,13683,13505,0,separate,0.19861413265875932,wenyan-like,4557543,0.009189820041193248,0.03809179639116954,19.2935627326337,0,0
元朝,11371,宋史,宋史/卷130,宋史,129,scrape_output\raw\元朝\宋史\宋史__juan_129.txt,scrape_output\clean\元朝\宋史\宋史__juan_129.txt,9879,9690,0,separate,0.19861413265875932,wenyan-like,4557543,0.009189820041193248,0.03809179639116954,19.2935627326337,0,0
元朝,11371,宋史,宋史/卷131,宋史,130,scrape_output\raw\元朝\宋史\宋史__juan_130.txt,scrape_output\clean\元朝\宋史\宋史__juan_130.txt,9675,9550,0,separate,0.19861413265875932,wenyan-like,4557543,0.009189820041193248,0.03809179639116954,19.2935627326337,0,0
元朝,11371,宋史,宋史/卷132,宋史,131,scrape_output\raw\元朝\宋史\宋史__juan_131.txt,scrape_output\clean\元朝\宋史\宋史__juan_131.txt,11359,11269,0,separate,0.19861413265875932,wenyan-like,4557543,0.009189820041193248,0.03809179639116954,19.2935627326337,0,0
元朝,11371,宋史,宋史/卷133,宋史,132,scrape_output\raw\元朝\宋史\宋史__juan_132.txt,scrape_output\clean\元朝\宋史\宋史__juan_132.txt,9823,9756,0,separate,0.19861413265875932,wenyan-like,4557543,0.009189820041193248,0.03809179639116954,19.2935627326337,0,0
元朝,11371,宋史,宋史/卷134,宋史,133,scrape_output\raw\元朝\宋史\宋史__juan_133.txt,scrape_output\clean\元朝\宋史\宋史__juan_133.txt,13865,13796,0,separate,0.19861413265875932,wenyan-like,4557543,0.009189820041193248,0.03809179639116954,19.2935627326337,0,0
元朝,11371,宋史,宋史/卷135,宋史,134,scrape_output\raw\元朝\宋史\宋史__juan_134.txt,scrape_output\clean\元朝\宋史\宋史__juan_134.txt,7249,7181,0,separate,0.19861413265875932,wenyan-like,4557543,0.009189820041193248,0.03809179639116954,19.2935627326337,0,0
元朝,11371,宋史,宋史/卷136,宋史,135,scrape_output\raw\元朝\宋史\宋史__juan_135.txt,scrape_output\clean\元朝\宋史\宋史__juan_135.txt,6155,6093,0,separate,0.19861413265875932,wenyan-like,4557543,0.009189820041193248,0.03809179639116954,19.2935627326337,0,0
元朝,11371,宋史,宋史/卷137,宋史,136,scrape_output\raw\元朝\宋史\宋史__juan_136.txt,scrape_output\clean\元朝\宋史\宋史__juan_136.txt,12284,12184,0,separate,0.19861413265875932,wenyan-like,4557543,0.009189820041193248,0.03809179639116954,19.2935627326337,0,0
元朝,11371,宋史,宋史/卷138,宋史,137,scrape_output\raw\元朝\宋史\宋史__juan_137.txt,scrape_output\clean\元朝\宋史\宋史__juan_137.txt,9533,9460,0,separate,0.19861413265875932,wenyan-like,4557543,0.009189820041193248,0.03809179639116954,19.2935627326337,0,0
元朝,11371,宋史,宋史/卷139,宋史,138,scrape_output\raw\元朝\宋史\宋史__juan_138.txt,scrape_output\clean\元朝\宋史\宋史__juan_138.txt,10638,10575,0,separate,0.19861413265875932,wenyan-like,4557543,0.009189820041193248,0.03809179639116954,19.2935627326337,0,0
元朝,11371,宋史,宋史/卷140,宋史,139,scrape_output\raw\元朝\宋史\宋史__juan_139.txt,scrape_output\clean\元朝\宋史\宋史__juan_139.txt,9723,9600,0,separate,0.19861413265875932,wenyan-like,4557543,0.009189820041193248,0.03809179639116954,19.2935627326337,0,0
元朝,11371,宋史,宋史/卷141,宋史,140,scrape_output\raw\元朝\宋史\宋史__juan_140.txt,scrape_output\clean\元朝\宋史\宋史__juan_140.txt,6560,6512,0,separate,0.19861413265875932,wenyan-like,4557543,0.009189820041193248,0.03809179639116954,19.2935627326337,0,0
元朝,11371,宋史,宋史/卷142,宋史,141,scrape_output\raw\元朝\宋史\宋史__juan_141.txt,scrape_output\clean\元朝\宋史\宋史__juan_141.txt,12342,12186,0,separate,0.19861413265875932,wenyan-like,4557543,0.009189820041193248,0.03809179639116954,19.2935627326337,0,0
元朝,11371,宋史,宋史/卷143,宋史,142,scrape_output\raw\元朝\宋史\宋史__juan_142.txt,scrape_output\clean\元朝\宋史\宋史__juan_142.txt,9889,9737,0,separate,0.19861413265875932,wenyan-like,4557543,0.009189820041193248,0.03809179639116954,19.2935627326337,0,0
元朝,11371,宋史,宋史/卷144,宋史,143,scrape_output\raw\元朝\宋史\宋史__juan_143.txt,scrape_output\clean\元朝\宋史\宋史__juan_143.txt,6152,6072,0,separate,0.19861413265875932,wenyan-like,4557543,0.009189820041193248,0.03809179639116954,19.2935627326337,0,0
元朝,11371,宋史,宋史/卷145,宋史,144,scrape_output\raw\元朝\宋史\宋史__juan_144.txt,scrape_output\clean\元朝\宋史\宋史__juan_144.txt,13020,12758,0,separate,0.19861413265875932,wenyan-like,4557543,0.009189820041193248,0.03809179639116954,19.2935627326337,0,0
元朝,11371,宋史,宋史/卷146,宋史,145,scrape_output\raw\元朝\宋史\宋史__juan_145.txt,scrape_output\clean\元朝\宋史\宋史__juan_145.txt,7893,7710,0,separate,0.19861413265875932,wenyan-like,4557543,0.009189820041193248,0.03809179639116954,19.2935627326337,0,0
元朝,11371,宋史,宋史/卷147,宋史,146,scrape_output\raw\元朝\宋史\宋史__juan_146.txt,scrape_output\clean\元朝\宋史\宋史__juan_146.txt,12180,11804,0,separate,0.19861413265875932,wenyan-like,4557543,0.009189820041193248,0.03809179639116954,19.2935627326337,0,0
元朝,11371,宋史,宋史/卷148,宋史,147,scrape_output\raw\元朝\宋史\宋史__juan_147.txt,scrape_output\clean\元朝\宋史\宋史__juan_147.txt,7119,6995,0,separate,0.19861413265875932,wenyan-like,4557543,0.009189820041193248,0.03809179639116954,19.2935627326337,0,0
元朝,11371,宋史,宋史/卷149,宋史,148,scrape_output\raw\元朝\宋史\宋史__juan_148.txt,scrape_output\clean\元朝\宋史\宋史__juan_148.txt,10505,10388,0,separate,0.19861413265875932,wenyan-like,4557543,0.009189820041193248,0.03809179639116954,19.2935627326337,0,0
元朝,11371,宋史,宋史/卷150,宋史,149,scrape_output\raw\元朝\宋史\宋史__juan_149.txt,scrape_output\clean\元朝\宋史\宋史__juan_149.txt,7244,7193,0,separate,0.19861413265875932,wenyan-like,4557543,0.009189820041193248,0.03809179639116954,19.2935627326337,0,0
元朝,11371,宋史,宋史/卷151,宋史,150,scrape_output\raw\元朝\宋史\宋史__juan_150.txt,scrape_output\clean\元朝\宋史\宋史__juan_150.txt,10196,10007,0,separate,0.19861413265875932,wenyan-like,4557543,0.009189820041193248,0.03809179639116954,19.2935627326337,0,0
元朝,11371,宋史,宋史/卷152,宋史,151,scrape_output\raw\元朝\宋史\宋史__juan_151.txt,scrape_output\clean\元朝\宋史\宋史__juan_151.txt,10431,10344,0,separate,0.19861413265875932,wenyan-like,4557543,0.009189820041193248,0.03809179639116954,19.2935627326337,0,0
元朝,11371,宋史,宋史/卷153,宋史,152,scrape_output\raw\元朝\宋史\宋史__juan_152.txt,scrape_output\clean\元朝\宋史\宋史__juan_152.txt,9990,9931,0,separate,0.19861413265875932,wenyan-like,4557543,0.009189820041193248,0.03809179639116954,19.2935627326337,0,0
元朝,11371,宋史,宋史/卷154,宋史,153,scrape_output\raw\元朝\宋史\宋史__juan_153.txt,scrape_output\clean\元朝\宋史\宋史__juan_153.txt,9965,9916,0,separate,0.19861413265875932,wenyan-like,4557543,0.009189820041193248,0.03809179639116954,19.2935627326337,0,0
元朝,11371,宋史,宋史/卷157,宋史,154,scrape_output\raw\元朝\宋史\宋史__juan_154.txt,scrape_output\clean\元朝\宋史\宋史__juan_154.txt,17384,17336,0,separate,0.19861413265875932,wenyan-like,4557543,0.009189820041193248,0.03809179639116954,19.2935627326337,0,0
元朝,11371,宋史,宋史/卷161,宋史,155,scrape_output\raw\元朝\宋史\宋史__juan_155.txt,scrape_output\clean\元朝\宋史\宋史__juan_155.txt,13250,13206,0,separate,0.19861413265875932,wenyan-like,4557543,0.009189820041193248,0.03809179639116954,19.2935627326337,0,0
元朝,11371,宋史,宋史/卷162,宋史,156,scrape_output\raw\元朝\宋史\宋史__juan_156.txt,scrape_output\clean\元朝\宋史\宋史__juan_156.txt,15996,15916,0,separate,0.19861413265875932,wenyan-like,4557543,0.009189820041193248,0.03809179639116954,19.2935627326337,0,0
元朝,11371,宋史,宋史/卷163,宋史,157,scrape_output\raw\元朝\宋史\宋史__juan_157.txt,scrape_output\clean\元朝\宋史\宋史__juan_157.txt,18999,18928,0,separate,0.19861413265875932,wenyan-like,4557543,0.009189820041193248,0.03809179639116954,19.2935627326337,0,0
元朝,11371,宋史,宋史/卷164,宋史,158,scrape_output\raw\元朝\宋史\宋史__juan_158.txt,scrape_output\clean\元朝\宋史\宋史__juan_158.txt,13283,13217,0,separate,0.19861413265875932,wenyan-like,4557543,0.009189820041193248,0.03809179639116954,19.2935627326337,0,0
元朝,11371,宋史,宋史/卷165,宋史,159,scrape_output\raw\元朝\宋史\宋史__juan_159.txt,scrape_output\clean\元朝\宋史\宋史__juan_159.txt,12598,12531,0,separate,0.19861413265875932,wenyan-like,4557543,0.009189820041193248,0.03809179639116954,19.2935627326337,0,0
元朝,11371,宋史,宋史/卷166,宋史,160,scrape_output\raw\元朝\宋史\宋史__juan_160.txt,scrape_output\clean\元朝\宋史\宋史__juan_160.txt,10711,10654,0,separate,0.19861413265875932,wenyan-like,4557543,0.009189820041193248,0.03809179639116954,19.2935627326337,0,0
元朝,11371,宋史,宋史/卷167,宋史,161,scrape_output\raw\元朝\宋史\宋史__juan_161.txt,scrape_output\clean\元朝\宋史\宋史__juan_161.txt,15783,15710,0,separate,0.19861413265875932,wenyan-like,4557543,0.009189820041193248,0.03809179639116954,19.2935627326337,0,0
元朝,11371,宋史,宋史/卷168,宋史,162,scrape_output\raw\元朝\宋史\宋史__juan_162.txt,scrape_output\clean\元朝\宋史\宋史__juan_162.txt,17628,17315,0,separate,0.19861413265875932,wenyan-like,4557543,0.009189820041193248,0.03809179639116954,19.2935627326337,0,0
元朝,11371,宋史,宋史/卷169,宋史,163,scrape_output\raw\元朝\宋史\宋史__juan_163.txt,scrape_output\clean\元朝\宋史\宋史__juan_163.txt,18644,17926,0,separate,0.19861413265875932,wenyan-like,4557543,0.009189820041193248,0.03809179639116954,19.2935627326337,0,0
元朝,11371,宋史,宋史/卷170,宋史,164,scrape_output\raw\元朝\宋史\宋史__juan_164.txt,scrape_output\clean\元朝\宋史\宋史__juan_164.txt,13314,13230,0,separate,0.19861413265875932,wenyan-like,4557543,0.009189820041193248,0.03809179639116954,19.2935627326337,0,0
元朝,11371,宋史,宋史/卷171,宋史,165,scrape_output\raw\元朝\宋史\宋史__juan_165.txt,scrape_output\clean\元朝\宋史\宋史__juan_165.txt,15635,15354,0,separate,0.19861413265875932,wenyan-like,4557543,0.009189820041193248,0.03809179639116954,19.2935627326337,0,0
元朝,11371,宋史,宋史/卷172,宋史,166,scrape_output\raw\元朝\宋史\宋史__juan_166.txt,scrape_output\clean\元朝\宋史\宋史__juan_166.txt,15638,15466,0,separate,0.19861413265875932,wenyan-like,4557543,0.009189820041193248,0.03809179639116954,19.2935627326337,0,0
元朝,11371,宋史,宋史/卷173,宋史,167,scrape_output\raw\元朝\宋史\宋史__juan_167.txt,scrape_output\clean\元朝\宋史\宋史__juan_167.txt,21391,21100,0,separate,0.19861413265875932,wenyan-like,4557543,0.009189820041193248,0.03809179639116954,19.2935627326337,0,0
元朝,11371,宋史,宋史/卷174,宋史,168,scrape_output\raw\元朝\宋史\宋史__juan_168.txt,scrape_output\clean\元朝\宋史\宋史__juan_168.txt,15352,15297,0,separate,0.19861413265875932,wenyan-like,4557543,0.009189820041193248,0.03809179639116954,19.2935627326337,0,0
元朝,11371,宋史,宋史/卷175,宋史,169,scrape_output\raw\元朝\宋史\宋史__juan_169.txt,scrape_output\clean\元朝\宋史\宋史__juan_169.txt,16337,16288,0,separate,0.19861413265875932,wenyan-like,4557543,0.009189820041193248,0.03809179639116954,19.2935627326337,0,0
元朝,11371,宋史,宋史/卷176,宋史,170,scrape_output\raw\元朝\宋史\宋史__juan_170.txt,scrape_output\clean\元朝\宋史\宋史__juan_170.txt,14874,14827,0,separate,0.19861413265875932,wenyan-like,4557543,0.009189820041193248,0.03809179639116954,19.2935627326337,0,0
元朝,11371,宋史,宋史/卷177,宋史,171,scrape_output\raw\元朝\宋史\宋史__juan_171.txt,scrape_output\clean\元朝\宋史\宋史__juan_171.txt,11965,11918,0,separate,0.19861413265875932,wenyan-like,4557543,0.009189820041193248,0.03809179639116954,19.2935627326337,0,0
元朝,11371,宋史,宋史/卷178,宋史,172,scrape_output\raw\元朝\宋史\宋史__juan_172.txt,scrape_output\clean\元朝\宋史\宋史__juan_172.txt,13512,13326,0,separate,0.19861413265875932,wenyan-like,4557543,0.009189820041193248,0.03809179639116954,19.2935627326337,0,0
元朝,11371,宋史,宋史/卷179,宋史,173,scrape_output\raw\元朝\宋史\宋史__juan_173.txt,scrape_output\clean\元朝\宋史\宋史__juan_173.txt,13932,13771,0,separate,0.19861413265875932,wenyan-like,4557543,0.009189820041193248,0.03809179639116954,19.2935627326337,0,0
元朝,11371,宋史,宋史/卷180,宋史,174,scrape_output\raw\元朝\宋史\宋史__juan_174.txt,scrape_output\clean\元朝\宋史\宋史__juan_174.txt,13014,12961,0,separate,0.19861413265875932,wenyan-like,4557543,0.009189820041193248,0.03809179639116954,19.2935627326337,0,0
元朝,11371,宋史,宋史/卷181,宋史,175,scrape_output\raw\元朝\宋史\宋史__juan_175.txt,scrape_output\clean\元朝\宋史\宋史__juan_175.txt,14508,14456,0,separate,0.19861413265875932,wenyan-like,4557543,0.009189820041193248,0.03809179639116954,19.2935627326337,0,0
元朝,11371,宋史,宋史/卷182,宋史,176,scrape_output\raw\元朝\宋史\宋史__juan_176.txt,scrape_output\clean\元朝\宋史\宋史__juan_176.txt,13507,13461,0,separate,0.19861413265875932,wenyan-like,4557543,0.009189820041193248,0.03809179639116954,19.2935627326337,0,0
元朝,11371,宋史,宋史/卷183,宋史,177,scrape_output\raw\元朝\宋史\宋史__juan_177.txt,scrape_output\clean\元朝\宋史\宋史__juan_177.txt,12999,12951,0,separate,0.19861413265875932,wenyan-like,4557543,0.009189820041193248,0.03809179639116954,19.2935627326337,0,0
元朝,11371,宋史,宋史/卷184,宋史,178,scrape_output\raw\元朝\宋史\宋史__juan_178.txt,scrape_output\clean\元朝\宋史\宋史__juan_178.txt,12057,11949,0,separate,0.19861413265875932,wenyan-like,4557543,0.009189820041193248,0.03809179639116954,19.2935627326337,0,0
元朝,11371,宋史,宋史/卷185,宋史,179,scrape_output\raw\元朝\宋史\宋史__juan_179.txt,scrape_output\clean\元朝\宋史\宋史__juan_179.txt,13084,13030,0,separate,0.19861413265875932,wenyan-like,4557543,0.009189820041193248,0.03809179639116954,19.2935627326337,0,0
元朝,11371,宋史,宋史/卷186,宋史,180,scrape_output\raw\元朝\宋史\宋史__juan_180.txt,scrape_output\clean\元朝\宋史\宋史__juan_180.txt,13052,13006,0,separate,0.19861413265875932,wenyan-like,4557543,0.009189820041193248,0.03809179639116954,19.2935627326337,0,0
元朝,11371,宋史,宋史/卷187,宋史,181,scrape_output\raw\元朝\宋史\宋史__juan_181.txt,scrape_output\clean\元朝\宋史\宋史__juan_181.txt,17810,17757,0,separate,0.19861413265875932,wenyan-like,4557543,0.009189820041193248,0.03809179639116954,19.2935627326337,0,0
元朝,11371,宋史,宋史/卷188,宋史,182,scrape_output\raw\元朝\宋史\宋史__juan_182.txt,scrape_output\clean\元朝\宋史\宋史__juan_182.txt,11984,11939,0,separate,0.19861413265875932,wenyan-like,4557543,0.009189820041193248,0.03809179639116954,19.2935627326337,0,0
元朝,11371,宋史,宋史/卷189,宋史,183,scrape_output\raw\元朝\宋史\宋史__juan_183.txt,scrape_output\clean\元朝\宋史\宋史__juan_183.txt,16210,16165,0,separate,0.19861413265875932,wenyan-like,4557543,0.009189820041193248,0.03809179639116954,19.2935627326337,0,0
元朝,11371,宋史,宋史/卷190,宋史,184,scrape_output\raw\元朝\宋史\宋史__juan_184.txt,scrape_output\clean\元朝\宋史\宋史__juan_184.txt,12316,12261,0,separate,0.19861413265875932,wenyan-like,4557543,0.009189820041193248,0.03809179639116954,19.2935627326337,0,0
元朝,11371,宋史,宋史/卷191,宋史,185,scrape_output\raw\元朝\宋史\宋史__juan_185.txt,scrape_output\clean\元朝\宋史\宋史__juan_185.txt,15011,14787,0,separate,0.19861413265875932,wenyan-like,4557543,0.009189820041193248,0.03809179639116954,19.2935627326337,0,0
元朝,11371,宋史,宋史/卷192,宋史,186,scrape_output\raw\元朝\宋史\宋史__juan_186.txt,scrape_output\clean\元朝\宋史\宋史__juan_186.txt,14287,14027,0,separate,0.19861413265875932,wenyan-like,4557543,0.009189820041193248,0.03809179639116954,19.2935627326337,0,0
元朝,11371,宋史,宋史/卷193,宋史,187,scrape_output\raw\元朝\宋史\宋史__juan_187.txt,scrape_output\clean\元朝\宋史\宋史__juan_187.txt,11772,11527,0,separate,0.19861413265875932,wenyan-like,4557543,0.009189820041193248,0.03809179639116954,19.2935627326337,0,0
元朝,11371,宋史,宋史/卷194,宋史,188,scrape_output\raw\元朝\宋史\宋史__juan_188.txt,scrape_output\clean\元朝\宋史\宋史__juan_188.txt,11582,11532,0,separate,0.19861413265875932,wenyan-like,4557543,0.009189820041193248,0.03809179639116954,19.2935627326337,0,0
元朝,11371,宋史,宋史/卷195,宋史,189,scrape_output\raw\元朝\宋史\宋史__juan_189.txt,scrape_output\clean\元朝\宋史\宋史__juan_189.txt,9567,9376,0,separate,0.19861413265875932,wenyan-like,4557543,0.009189820041193248,0.03809179639116954,19.2935627326337,0,0
元朝,11371,宋史,宋史/卷196,宋史,190,scrape_output\raw\元朝\宋史\宋史__juan_190.txt,scrape_output\clean\元朝\宋史\宋史__juan_190.txt,10170,10126,0,separate,0.19861413265875932,wenyan-like,4557543,0.009189820041193248,0.03809179639116954,19.2935627326337,0,0
元朝,11371,宋史,宋史/卷197,宋史,191,scrape_output\raw\元朝\宋史\宋史__juan_191.txt,scrape_output\clean\元朝\宋史\宋史__juan_191.txt,7324,7276,0,separate,0.19861413265875932,wenyan-like,4557543,0.009189820041193248,0.03809179639116954,19.2935627326337,0,0
元朝,11371,宋史,宋史/卷198,宋史,192,scrape_output\raw\元朝\宋史\宋史__juan_192.txt,scrape_output\clean\元朝\宋史\宋史__juan_192.txt,15098,15051,0,separate,0.19861413265875932,wenyan-like,4557543,0.009189820041193248,0.03809179639116954,19.2935627326337,0,0
元朝,11371,宋史,宋史/卷199,宋史,193,scrape_output\raw\元朝\宋史\宋史__juan_193.txt,scrape_output\clean\元朝\宋史\宋史__juan_193.txt,11396,11348,0,separate,0.19861413265875932,wenyan-like,4557543,0.009189820041193248,0.03809179639116954,19.2935627326337,0,0
元朝,11371,宋史,宋史/卷200,宋史,194,scrape_output\raw\元朝\宋史\宋史__juan_194.txt,scrape_output\clean\元朝\宋史\宋史__juan_194.txt,9766,9718,0,separate,0.19861413265875932,wenyan-like,4557543,0.009189820041193248,0.03809179639116954,19.2935627326337,0,0
元朝,11371,宋史,宋史/卷201,宋史,195,scrape_output\raw\元朝\宋史\宋史__juan_195.txt,scrape_output\clean\元朝\宋史\宋史__juan_195.txt,12860,12814,0,separate,0.19861413265875932,wenyan-like,4557543,0.009189820041193248,0.03809179639116954,19.2935627326337,0,0
元朝,11371,宋史,宋史/卷202,宋史,196,scrape_output\raw\元朝\宋史\宋史__juan_196.txt,scrape_output\clean\元朝\宋史\宋史__juan_196.txt,20762,20531,0,separate,0.19861413265875932,wenyan-like,4557543,0.009189820041193248,0.03809179639116954,19.2935627326337,0,0
元朝,11371,宋史,宋史/卷203,宋史,197,scrape_output\raw\元朝\宋史\宋史__juan_197.txt,scrape_output\clean\元朝\宋史\宋史__juan_197.txt,15423,15035,0,separate,0.19861413265875932,wenyan-like,4557543,0.009189820041193248,0.03809179639116954,19.2935627326337,0,0
元朝,11371,宋史,宋史/卷204,宋史,198,scrape_output\raw\元朝\宋史\宋史__juan_198.txt,scrape_output\clean\元朝\宋史\宋史__juan_198.txt,14201,13831,0,separate,0.19861413265875932,wenyan-like,4557543,0.009189820041193248,0.03809179639116954,19.2935627326337,0,0
元朝,11371,宋史,宋史/卷205,宋史,199,scrape_output\raw\元朝\宋史\宋史__juan_199.txt,scrape_output\clean\元朝\宋史\宋史__juan_199.txt,15230,14910,0,separate,0.19861413265875932,wenyan-like,4557543,0.009189820041193248,0.03809179639116954,19.2935627326337,0,0
元朝,11371,宋史,宋史/卷206,宋史,200,scrape_output\raw\元朝\宋史\宋史__juan_200.txt,scrape_output\clean\元朝\宋史\宋史__juan_200.txt,15886,15514,0,separate,0.19861413265875932,wenyan-like,4557543,0.009189820041193248,0.03809179639116954,19.2935627326337,0,0
元朝,11371,宋史,宋史/卷207,宋史,201,scrape_output\raw\元朝\宋史\宋史__juan_201.txt,scrape_output\clean\元朝\宋史\宋史__juan_201.txt,16952,16584,0,separate,0.19861413265875932,wenyan-like,4557543,0.009189820041193248,0.03809179639116954,19.2935627326337,0,0
元朝,11371,宋史,宋史/卷208,宋史,202,scrape_output\raw\元朝\宋史\宋史__juan_202.txt,scrape_output\clean\元朝\宋史\宋史__juan_202.txt,17596,17421,0,separate,0.19861413265875932,wenyan-like,4557543,0.009189820041193248,0.03809179639116954,19.2935627326337,0,0
元朝,11371,宋史,宋史/卷209,宋史,203,scrape_output\raw\元朝\宋史\宋史__juan_203.txt,scrape_output\clean\元朝\宋史\宋史__juan_203.txt,15135,14872,0,separate,0.19861413265875932,wenyan-like,4557543,0.009189820041193248,0.03809179639116954,19.2935627326337,0,0
元朝,11371,宋史,宋史/卷210,宋史,204,scrape_output\raw\元朝\宋史\宋史__juan_204.txt,scrape_output\clean\元朝\宋史\宋史__juan_204.txt,715,669,0,separate,0.19861413265875932,wenyan-like,4557543,0.009189820041193248,0.03809179639116954,19.2935627326337,0,0
元朝,11371,宋史,宋史/卷211,宋史,205,scrape_output\raw\元朝\宋史\宋史__juan_205.txt,scrape_output\clean\元朝\宋史\宋史__juan_205.txt,77,33,0,separate,0.19861413265875932,wenyan-like,4557543,0.009189820041193248,0.03809179639116954,19.2935627326337,0,0
元朝,11371,宋史,宋史/卷212,宋史,206,scrape_output\raw\元朝\宋史\宋史__juan_206.txt,scrape_output\clean\元朝\宋史\宋史__juan_206.txt,77,33,0,separate,0.19861413265875932,wenyan-like,4557543,0.009189820041193248,0.03809179639116954,19.2935627326337,0,0
元朝,11371,宋史,宋史/卷213,宋史,207,scrape_output\raw\元朝\宋史\宋史__juan_207.txt,scrape_output\clean\元朝\宋史\宋史__juan_207.txt,77,33,0,separate,0.19861413265875932,wenyan-like,4557543,0.009189820041193248,0.03809179639116954,19.2935627326337,0,0
元朝,11371,宋史,宋史/卷214,宋史,208,scrape_output\raw\元朝\宋史\宋史__juan_208.txt,scrape_output\clean\元朝\宋史\宋史__juan_208.txt,77,33,0,separate,0.19861413265875932,wenyan-like,4557543,0.009189820041193248,0.03809179639116954,19.2935627326337,0,0
元朝,11371,宋史,宋史/卷215,宋史,209,scrape_output\raw\元朝\宋史\宋史__juan_209.txt,scrape_output\clean\元朝\宋史\宋史__juan_209.txt,472,425,0,separate,0.19861413265875932,wenyan-like,4557543,0.009189820041193248,0.03809179639116954,19.2935627326337,0,0
元朝,11371,宋史,宋史/卷242,宋史,210,scrape_output\raw\元朝\宋史\宋史__juan_210.txt,scrape_output\clean\元朝\宋史\宋史__juan_210.txt,10243,10180,0,separate,0.19861413265875932,wenyan-like,4557543,0.009189820041193248,0.03809179639116954,19.2935627326337,0,0
元朝,11371,宋史,宋史/卷243,宋史,211,scrape_output\raw\元朝\宋史\宋史__juan_211.txt,scrape_output\clean\元朝\宋史\宋史__juan_211.txt,15377,15316,0,separate,0.19861413265875932,wenyan-like,4557543,0.009189820041193248,0.03809179639116954,19.2935627326337,0,0
元朝,11371,宋史,宋史/卷244,宋史,212,scrape_output\raw\元朝\宋史\宋史__juan_212.txt,scrape_output\clean\元朝\宋史\宋史__juan_212.txt,13745,13690,0,separate,0.19861413265875932,wenyan-like,4557543,0.009189820041193248,0.03809179639116954,19.2935627326337,0,0
元朝,11371,宋史,宋史/卷245,宋史,213,scrape_output\raw\元朝\宋史\宋史__juan_213.txt,scrape_output\clean\元朝\宋史\宋史__juan_213.txt,12576,12527,0,separate,0.19861413265875932,wenyan-like,4557543,0.009189820041193248,0.03809179639116954,19.2935627326337,0,0
元朝,11371,宋史,宋史/卷246,宋史,214,scrape_output\raw\元朝\宋史\宋史__juan_214.txt,scrape_output\clean\元朝\宋史\宋史__juan_214.txt,8640,8595,0,separate,0.19861413265875932,wenyan-like,4557543,0.009189820041193248,0.03809179639116954,19.2935627326337,0,0
元朝,11371,宋史,宋史/卷247,宋史,215,scrape_output\raw\元朝\宋史\宋史__juan_215.txt,scrape_output\clean\元朝\宋史\宋史__juan_215.txt,12723,12674,0,separate,0.19861413265875932,wenyan-like,4557543,0.009189820041193248,0.03809179639116954,19.2935627326337,0,0
元朝,11371,宋史,宋史/卷248,宋史,216,scrape_output\raw\元朝\宋史\宋史__juan_216.txt,scrape_output\clean\元朝\宋史\宋史__juan_216.txt,5844,5783,0,separate,0.19861413265875932,wenyan-like,4557543,0.009189820041193248,0.03809179639116954,19.2935627326337,0,0
元朝,11371,宋史,宋史/卷249,宋史,217,scrape_output\raw\元朝\宋史\宋史__juan_217.txt,scrape_output\clean\元朝\宋史\宋史__juan_217.txt,7938,7894,0,separate,0.19861413265875932,wenyan-like,4557543,0.009189820041193248,0.03809179639116954,19.2935627326337,0,0
元朝,11371,宋史,宋史/卷250,宋史,218,scrape_output\raw\元朝\宋史\宋史__juan_218.txt,scrape_output\clean\元朝\宋史\宋史__juan_218.txt,10124,10079,0,separate,0.19861413265875932,wenyan-like,4557543,0.009189820041193248,0.03809179639116954,19.2935627326337,0,0
元朝,11371,宋史,宋史/卷251,宋史,219,scrape_output\raw\元朝\宋史\宋史__juan_219.txt,scrape_output\clean\元朝\宋史\宋史__juan_219.txt,5695,5651,0,separate,0.19861413265875932,wenyan-like,4557543,0.009189820041193248,0.03809179639116954,19.2935627326337,0,0
元朝,11371,宋史,宋史/卷252,宋史,220,scrape_output\raw\元朝\宋史\宋史__juan_220.txt,scrape_output\clean\元朝\宋史\宋史__juan_220.txt,7212,7168,0,separate,0.19861413265875932,wenyan-like,4557543,0.009189820041193248,0.03809179639116954,19.2935627326337,0,0
元朝,11371,宋史,宋史/卷253,宋史,221,scrape_output\raw\元朝\宋史\宋史__juan_221.txt,scrape_output\clean\元朝\宋史\宋史__juan_221.txt,7189,7144,0,separate,0.19861413265875932,wenyan-like,4557543,0.009189820041193248,0.03809179639116954,19.2935627326337,0,0
元朝,11371,宋史,宋史/卷254,宋史,222,scrape_output\raw\元朝\宋史\宋史__juan_222.txt,scrape_output\clean\元朝\宋史\宋史__juan_222.txt,10445,10401,0,separate,0.19861413265875932,wenyan-like,4557543,0.009189820041193248,0.03809179639116954,19.2935627326337,0,0
元朝,11371,宋史,宋史/卷255,宋史,223,scrape_output\raw\元朝\宋史\宋史__juan_223.txt,scrape_output\clean\元朝\宋史\宋史__juan_223.txt,14670,14621,0,separate,0.19861413265875932,wenyan-like,4557543,0.009189820041193248,0.03809179639116954,19.2935627326337,0,0
元朝,11371,宋史,宋史/卷256,宋史,224,scrape_output\raw\元朝\宋史\宋史__juan_224.txt,scrape_output\clean\元朝\宋史\宋史__juan_224.txt,7302,7258,0,separate,0.19861413265875932,wenyan-like,4557543,0.009189820041193248,0.03809179639116954,19.2935627326337,0,0
元朝,11371,宋史,宋史/卷257,宋史,225,scrape_output\raw\元朝\宋史\宋史__juan_225.txt,scrape_output\clean\元朝\宋史\宋史__juan_225.txt,14322,14277,0,separate,0.19861413265875932,wenyan-like,4557543,0.009189820041193248,0.03809179639116954,19.2935627326337,0,0
元朝,11371,宋史,宋史/卷258,宋史,226,scrape_output\raw\元朝\宋史\宋史__juan_226.txt,scrape_output\clean\元朝\宋史\宋史__juan_226.txt,9346,9301,0,separate,0.19861413265875932,wenyan-like,4557543,0.009189820041193248,0.03809179639116954,19.2935627326337,0,0
元朝,11371,宋史,宋史/卷259,宋史,227,scrape_output\raw\元朝\宋史\宋史__juan_227.txt,scrape_output\clean\元朝\宋史\宋史__juan_227.txt,6632,6588,0,separate,0.19861413265875932,wenyan-like,4557543,0.009189820041193248,0.03809179639116954,19.2935627326337,0,0
元朝,11371,宋史,宋史/卷260,宋史,228,scrape_output\raw\元朝\宋史\宋史__juan_228.txt,scrape_output\clean\元朝\宋史\宋史__juan_228.txt,7546,7502,0,separate,0.19861413265875932,wenyan-like,4557543,0.009189820041193248,0.03809179639116954,19.2935627326337,0,0
元朝,11371,宋史,宋史/卷261,宋史,229,scrape_output\raw\元朝\宋史\宋史__juan_229.txt,scrape_output\clean\元朝\宋史\宋史__juan_229.txt,9023,8925,0,separate,0.19861413265875932,wenyan-like,4557543,0.009189820041193248,0.03809179639116954,19.2935627326337,0,0
元朝,11371,宋史,宋史/卷262,宋史,230,scrape_output\raw\元朝\宋史\宋史__juan_230.txt,scrape_output\clean\元朝\宋史\宋史__juan_230.txt,16064,15873,0,separate,0.19861413265875932,wenyan-like,4557543,0.009189820041193248,0.03809179639116954,19.2935627326337,0,0
元朝,11371,宋史,宋史/卷263,宋史,231,scrape_output\raw\元朝\宋史\宋史__juan_231.txt,scrape_output\clean\元朝\宋史\宋史__juan_231.txt,11876,11832,0,separate,0.19861413265875932,wenyan-like,4557543,0.009189820041193248,0.03809179639116954,19.2935627326337,0,0
元朝,11371,宋史,宋史/卷264,宋史,232,scrape_output\raw\元朝\宋史\宋史__juan_232.txt,scrape_output\clean\元朝\宋史\宋史__juan_232.txt,12104,11960,0,separate,0.19861413265875932,wenyan-like,4557543,0.009189820041193248,0.03809179639116954,19.2935627326337,0,0
元朝,11371,宋史,宋史/卷265,宋史,233,scrape_output\raw\元朝\宋史\宋史__juan_233.txt,scrape_output\clean\元朝\宋史\宋史__juan_233.txt,14710,14666,0,separate,0.19861413265875932,wenyan-like,4557543,0.009189820041193248,0.03809179639116954,19.2935627326337,0,0
元朝,11371,宋史,宋史/卷266,宋史,234,scrape_output\raw\元朝\宋史\宋史__juan_234.txt,scrape_output\clean\元朝\宋史\宋史__juan_234.txt,13106,13062,0,separate,0.19861413265875932,wenyan-like,4557543,0.009189820041193248,0.03809179639116954,19.2935627326337,0,0
元朝,11371,宋史,宋史/卷267,宋史,235,scrape_output\raw\元朝\宋史\宋史__juan_235.txt,scrape_output\clean\元朝\宋史\宋史__juan_235.txt,13466,13420,0,separate,0.19861413265875932,wenyan-like,4557543,0.009189820041193248,0.03809179639116954,19.2935627326337,0,0
元朝,11371,宋史,宋史/卷268,宋史,236,scrape_output\raw\元朝\宋史\宋史__juan_236.txt,scrape_output\clean\元朝\宋史\宋史__juan_236.txt,6296,6252,0,separate,0.19861413265875932,wenyan-like,4557543,0.009189820041193248,0.03809179639116954,19.2935627326337,0,0
元朝,11371,宋史,宋史/卷269,宋史,237,scrape_output\raw\元朝\宋史\宋史__juan_237.txt,scrape_output\clean\元朝\宋史\宋史__juan_237.txt,8036,7992,0,separate,0.19861413265875932,wenyan-like,4557543,0.009189820041193248,0.03809179639116954,19.2935627326337,0,0
元朝,11371,宋史,宋史/卷270,宋史,238,scrape_output\raw\元朝\宋史\宋史__juan_238.txt,scrape_output\clean\元朝\宋史\宋史__juan_238.txt,13155,13049,0,separate,0.19861413265875932,wenyan-like,4557543,0.009189820041193248,0.03809179639116954,19.2935627326337,0,0
元朝,11371,宋史,宋史/卷271,宋史,239,scrape_output\raw\元朝\宋史\宋史__juan_239.txt,scrape_output\clean\元朝\宋史\宋史__juan_239.txt,8449,8404,0,separate,0.19861413265875932,wenyan-like,4557543,0.009189820041193248,0.03809179639116954,19.2935627326337,0,0
元朝,11371,宋史,宋史/卷272,宋史,240,scrape_output\raw\元朝\宋史\宋史__juan_240.txt,scrape_output\clean\元朝\宋史\宋史__juan_240.txt,9183,9122,0,separate,0.19861413265875932,wenyan-like,4557543,0.009189820041193248,0.03809179639116954,19.2935627326337,0,0
元朝,11371,宋史,宋史/卷273,宋史,241,scrape_output\raw\元朝\宋史\宋史__juan_241.txt,scrape_output\clean\元朝\宋史\宋史__juan_241.txt,12021,11976,0,separate,0.19861413265875932,wenyan-like,4557543,0.009189820041193248,0.03809179639116954,19.2935627326337,0,0
元朝,11371,宋史,宋史/卷274,宋史,242,scrape_output\raw\元朝\宋史\宋史__juan_242.txt,scrape_output\clean\元朝\宋史\宋史__juan_242.txt,7847,7803,0,separate,0.19861413265875932,wenyan-like,4557543,0.009189820041193248,0.03809179639116954,19.2935627326337,0,0
元朝,11371,宋史,宋史/卷275,宋史,243,scrape_output\raw\元朝\宋史\宋史__juan_243.txt,scrape_output\clean\元朝\宋史\宋史__juan_243.txt,8236,8192,0,separate,0.19861413265875932,wenyan-like,4557543,0.009189820041193248,0.03809179639116954,19.2935627326337,0,0
元朝,11371,宋史,宋史/卷276,宋史,244,scrape_output\raw\元朝\宋史\宋史__juan_244.txt,scrape_output\clean\元朝\宋史\宋史__juan_244.txt,12890,12843,0,separate,0.19861413265875932,wenyan-like,4557543,0.009189820041193248,0.03809179639116954,19.2935627326337,0,0
元朝,11371,宋史,宋史/卷279,宋史,245,scrape_output\raw\元朝\宋史\宋史__juan_245.txt,scrape_output\clean\元朝\宋史\宋史__juan_245.txt,11001,10911,0,separate,0.19861413265875932,wenyan-like,4557543,0.009189820041193248,0.03809179639116954,19.2935627326337,0,0
元朝,11371,宋史,宋史/卷280,宋史,246,scrape_output\raw\元朝\宋史\宋史__juan_246.txt,scrape_output\clean\元朝\宋史\宋史__juan_246.txt,7956,7912,0,separate,0.19861413265875932,wenyan-like,4557543,0.009189820041193248,0.03809179639116954,19.2935627326337,0,0
元朝,11371,宋史,宋史/卷281,宋史,247,scrape_output\raw\元朝\宋史\宋史__juan_247.txt,scrape_output\clean\元朝\宋史\宋史__juan_247.txt,11687,11623,0,separate,0.19861413265875932,wenyan-like,4557543,0.009189820041193248,0.03809179639116954,19.2935627326337,0,0
元朝,11371,宋史,宋史/卷282,宋史,248,scrape_output\raw\元朝\宋史\宋史__juan_248.txt,scrape_output\clean\元朝\宋史\宋史__juan_248.txt,11480,11434,0,separate,0.19861413265875932,wenyan-like,4557543,0.009189820041193248,0.03809179639116954,19.2935627326337,0,0
元朝,11371,宋史,宋史/卷283,宋史,249,scrape_output\raw\元朝\宋史\宋史__juan_249.txt,scrape_output\clean\元朝\宋史\宋史__juan_249.txt,10432,10384,0,separate,0.19861413265875932,wenyan-like,4557543,0.009189820041193248,0.03809179639116954,19.2935627326337,0,0
元朝,11371,宋史,宋史/卷284,宋史,250,scrape_output\raw\元朝\宋史\宋史__juan_250.txt,scrape_output\clean\元朝\宋史\宋史__juan_250.txt,9778,9734,0,separate,0.19861413265875932,wenyan-like,4557543,0.009189820041193248,0.03809179639116954,19.2935627326337,0,0
元朝,11371,宋史,宋史/卷285,宋史,251,scrape_output\raw\元朝\宋史\宋史__juan_251.txt,scrape_output\clean\元朝\宋史\宋史__juan_251.txt,13000,12793,0,separate,0.19861413265875932,wenyan-like,4557543,0.009189820041193248,0.03809179639116954,19.2935627326337,0,0
元朝,11371,宋史,宋史/卷286,宋史,252,scrape_output\raw\元朝\宋史\宋史__juan_252.txt,scrape_output\clean\元朝\宋史\宋史__juan_252.txt,6854,6694,0,separate,0.19861413265875932,wenyan-like,4557543,0.009189820041193248,0.03809179639116954,19.2935627326337,0,0
元朝,11371,宋史,宋史/卷287,宋史,253,scrape_output\raw\元朝\宋史\宋史__juan_253.txt,scrape_output\clean\元朝\宋史\宋史__juan_253.txt,12301,12247,0,separate,0.19861413265875932,wenyan-like,4557543,0.009189820041193248,0.03809179639116954,19.2935627326337,0,0
元朝,11371,宋史,宋史/卷288,宋史,254,scrape_output\raw\元朝\宋史\宋史__juan_254.txt,scrape_output\clean\元朝\宋史\宋史__juan_254.txt,10665,10617,0,separate,0.19861413265875932,wenyan-like,4557543,0.009189820041193248,0.03809179639116954,19.2935627326337,0,0
元朝,11371,宋史,宋史/卷289,宋史,255,scrape_output\raw\元朝\宋史\宋史__juan_255.txt,scrape_output\clean\元朝\宋史\宋史__juan_255.txt,6389,6343,0,separate,0.19861413265875932,wenyan-like,4557543,0.009189820041193248,0.03809179639116954,19.2935627326337,0,0
元朝,11371,宋史,宋史/卷290,宋史,256,scrape_output\raw\元朝\宋史\宋史__juan_256.txt,scrape_output\clean\元朝\宋史\宋史__juan_256.txt,10600,10549,0,separate,0.19861413265875932,wenyan-like,4557543,0.009189820041193248,0.03809179639116954,19.2935627326337,0,0
元朝,11371,宋史,宋史/卷291,宋史,257,scrape_output\raw\元朝\宋史\宋史__juan_257.txt,scrape_output\clean\元朝\宋史\宋史__juan_257.txt,12527,12483,0,separate,0.19861413265875932,wenyan-like,4557543,0.009189820041193248,0.03809179639116954,19.2935627326337,0,0
元朝,11371,宋史,宋史/卷292,宋史,258,scrape_output\raw\元朝\宋史\宋史__juan_258.txt,scrape_output\clean\元朝\宋史\宋史__juan_258.txt,15539,15366,0,separate,0.19861413265875932,wenyan-like,4557543,0.009189820041193248,0.03809179639116954,19.2935627326337,0,0
元朝,11371,宋史,宋史/卷293,宋史,259,scrape_output\raw\元朝\宋史\宋史__juan_259.txt,scrape_output\clean\元朝\宋史\宋史__juan_259.txt,9315,9270,0,separate,0.19861413265875932,wenyan-like,4557543,0.009189820041193248,0.03809179639116954,19.2935627326337,0,0
元朝,11371,宋史,宋史/卷294,宋史,260,scrape_output\raw\元朝\宋史\宋史__juan_260.txt,scrape_output\clean\元朝\宋史\宋史__juan_260.txt,11001,10955,0,separate,0.19861413265875932,wenyan-like,4557543,0.009189820041193248,0.03809179639116954,19.2935627326337,0,0
元朝,11371,宋史,宋史/卷295,宋史,261,scrape_output\raw\元朝\宋史\宋史__juan_261.txt,scrape_output\clean\元朝\宋史\宋史__juan_261.txt,13820,13775,0,separate,0.19861413265875932,wenyan-like,4557543,0.009189820041193248,0.03809179639116954,19.2935627326337,0,0
元朝,11371,宋史,宋史/卷296,宋史,262,scrape_output\raw\元朝\宋史\宋史__juan_262.txt,scrape_output\clean\元朝\宋史\宋史__juan_262.txt,10907,10863,0,separate,0.19861413265875932,wenyan-like,4557543,0.009189820041193248,0.03809179639116954,19.2935627326337,0,0
元朝,11371,宋史,宋史/卷297,宋史,263,scrape_output\raw\元朝\宋史\宋史__juan_263.txt,scrape_output\clean\元朝\宋史\宋史__juan_263.txt,7615,7571,0,separate,0.19861413265875932,wenyan-like,4557543,0.009189820041193248,0.03809179639116954,19.2935627326337,0,0
元朝,11371,宋史,宋史/卷298,宋史,264,scrape_output\raw\元朝\宋史\宋史__juan_264.txt,scrape_output\clean\元朝\宋史\宋史__juan_264.txt,12226,12181,0,separate,0.19861413265875932,wenyan-like,4557543,0.009189820041193248,0.03809179639116954,19.2935627326337,0,0
元朝,11371,宋史,宋史/卷299,宋史,265,scrape_output\raw\元朝\宋史\宋史__juan_265.txt,scrape_output\clean\元朝\宋史\宋史__juan_265.txt,12336,12292,0,separate,0.19861413265875932,wenyan-like,4557543,0.009189820041193248,0.03809179639116954,19.2935627326337,0,0
元朝,11371,宋史,宋史/卷300,宋史,266,scrape_output\raw\元朝\宋史\宋史__juan_266.txt,scrape_output\clean\元朝\宋史\宋史__juan_266.txt,14187,14140,0,separate,0.19861413265875932,wenyan-like,4557543,0.009189820041193248,0.03809179639116954,19.2935627326337,0,0
元朝,11371,宋史,宋史/卷301,宋史,267,scrape_output\raw\元朝\宋史\宋史__juan_267.txt,scrape_output\clean\元朝\宋史\宋史__juan_267.txt,10786,10742,0,separate,0.19861413265875932,wenyan-like,4557543,0.009189820041193248,0.03809179639116954,19.2935627326337,0,0
元朝,11371,宋史,宋史/卷302,宋史,268,scrape_output\raw\元朝\宋史\宋史__juan_268.txt,scrape_output\clean\元朝\宋史\宋史__juan_268.txt,11157,11107,0,separate,0.19861413265875932,wenyan-like,4557543,0.009189820041193248,0.03809179639116954,19.2935627326337,0,0
元朝,11371,宋史,宋史/卷303,宋史,269,scrape_output\raw\元朝\宋史\宋史__juan_269.txt,scrape_output\clean\元朝\宋史\宋史__juan_269.txt,10185,10138,0,separate,0.19861413265875932,wenyan-like,4557543,0.009189820041193248,0.03809179639116954,19.2935627326337,0,0
元朝,11371,宋史,宋史/卷304,宋史,270,scrape_output\raw\元朝\宋史\宋史__juan_270.txt,scrape_output\clean\元朝\宋史\宋史__juan_270.txt,11538,11494,0,separate,0.19861413265875932,wenyan-like,4557543,0.009189820041193248,0.03809179639116954,19.2935627326337,0,0
元朝,11371,宋史,宋史/卷305,宋史,271,scrape_output\raw\元朝\宋史\宋史__juan_271.txt,scrape_output\clean\元朝\宋史\宋史__juan_271.txt,6390,6346,0,separate,0.19861413265875932,wenyan-like,4557543,0.009189820041193248,0.03809179639116954,19.2935627326337,0,0
元朝,11371,宋史,宋史/卷306,宋史,272,scrape_output\raw\元朝\宋史\宋史__juan_272.txt,scrape_output\clean\元朝\宋史\宋史__juan_272.txt,11662,11618,0,separate,0.19861413265875932,wenyan-like,4557543,0.009189820041193248,0.03809179639116954,19.2935627326337,0,0
元朝,11371,宋史,宋史/卷307,宋史,273,scrape_output\raw\元朝\宋史\宋史__juan_273.txt,scrape_output\clean\元朝\宋史\宋史__juan_273.txt,9762,9715,0,separate,0.19861413265875932,wenyan-like,4557543,0.009189820041193248,0.03809179639116954,19.2935627326337,0,0
元朝,11371,宋史,宋史/卷308,宋史,274,scrape_output\raw\元朝\宋史\宋史__juan_274.txt,scrape_output\clean\元朝\宋史\宋史__juan_274.txt,7725,7681,0,separate,0.19861413265875932,wenyan-like,4557543,0.009189820041193248,0.03809179639116954,19.2935627326337,0,0
元朝,11371,宋史,宋史/卷309,宋史,275,scrape_output\raw\元朝\宋史\宋史__juan_275.txt,scrape_output\clean\元朝\宋史\宋史__juan_275.txt,8024,7980,0,separate,0.19861413265875932,wenyan-like,4557543,0.009189820041193248,0.03809179639116954,19.2935627326337,0,0
元朝,11371,宋史,宋史/卷310,宋史,276,scrape_output\raw\元朝\宋史\宋史__juan_276.txt,scrape_output\clean\元朝\宋史\宋史__juan_276.txt,11273,11229,0,separate,0.19861413265875932,wenyan-like,4557543,0.009189820041193248,0.03809179639116954,19.2935627326337,0,0
元朝,11371,宋史,宋史/卷311,宋史,277,scrape_output\raw\元朝\宋史\宋史__juan_277.txt,scrape_output\clean\元朝\宋史\宋史__juan_277.txt,13065,13019,0,separate,0.19861413265875932,wenyan-like,4557543,0.009189820041193248,0.03809179639116954,19.2935627326337,0,0
元朝,11371,宋史,宋史/卷312,宋史,278,scrape_output\raw\元朝\宋史\宋史__juan_278.txt,scrape_output\clean\元朝\宋史\宋史__juan_278.txt,13576,13531,0,separate,0.19861413265875932,wenyan-like,4557543,0.009189820041193248,0.03809179639116954,19.2935627326337,0,0
元朝,11371,宋史,宋史/卷313,宋史,279,scrape_output\raw\元朝\宋史\宋史__juan_279.txt,scrape_output\clean\元朝\宋史\宋史__juan_279.txt,8637,8593,0,separate,0.19861413265875932,wenyan-like,4557543,0.009189820041193248,0.03809179639116954,19.2935627326337,0,0
元朝,11371,宋史,宋史/卷314,宋史,280,scrape_output\raw\元朝\宋史\宋史__juan_280.txt,scrape_output\clean\元朝\宋史\宋史__juan_280.txt,15320,15275,0,separate,0.19861413265875932,wenyan-like,4557543,0.009189820041193248,0.03809179639116954,19.2935627326337,0,0
元朝,11371,宋史,宋史/卷315,宋史,281,scrape_output\raw\元朝\宋史\宋史__juan_281.txt,scrape_output\clean\元朝\宋史\宋史__juan_281.txt,8161,8117,0,separate,0.19861413265875932,wenyan-like,4557543,0.009189820041193248,0.03809179639116954,19.2935627326337,0,0
元朝,11371,宋史,宋史/卷316,宋史,282,scrape_output\raw\元朝\宋史\宋史__juan_282.txt,scrape_output\clean\元朝\宋史\宋史__juan_282.txt,9229,9178,0,separate,0.19861413265875932,wenyan-like,4557543,0.009189820041193248,0.03809179639116954,19.2935627326337,0,0
元朝,11371,宋史,宋史/卷317,宋史,283,scrape_output\raw\元朝\宋史\宋史__juan_283.txt,scrape_output\clean\元朝\宋史\宋史__juan_283.txt,9086,9040,0,separate,0.19861413265875932,wenyan-like,4557543,0.009189820041193248,0.03809179639116954,19.2935627326337,0,0
元朝,11371,宋史,宋史/卷318,宋史,284,scrape_output\raw\元朝\宋史\宋史__juan_284.txt,scrape_output\clean\元朝\宋史\宋史__juan_284.txt,9817,9773,0,separate,0.19861413265875932,wenyan-like,4557543,0.009189820041193248,0.03809179639116954,19.2935627326337,0,0
元朝,11371,宋史,宋史/卷319,宋史,285,scrape_output\raw\元朝\宋史\宋史__juan_285.txt,scrape_output\clean\元朝\宋史\宋史__juan_285.txt,11096,11051,0,separate,0.19861413265875932,wenyan-like,4557543,0.009189820041193248,0.03809179639116954,19.2935627326337,0,0
元朝,11371,宋史,宋史/卷320,宋史,286,scrape_output\raw\元朝\宋史\宋史__juan_286.txt,scrape_output\clean\元朝\宋史\宋史__juan_286.txt,9400,9356,0,separate,0.19861413265875932,wenyan-like,4557543,0.009189820041193248,0.03809179639116954,19.2935627326337,0,0
元朝,11371,宋史,宋史/卷321,宋史,287,scrape_output\raw\元朝\宋史\宋史__juan_287.txt,scrape_output\clean\元朝\宋史\宋史__juan_287.txt,10502,10456,0,separate,0.19861413265875932,wenyan-like,4557543,0.009189820041193248,0.03809179639116954,19.2935627326337,0,0
元朝,11371,宋史,宋史/卷322,宋史,288,scrape_output\raw\元朝\宋史\宋史__juan_288.txt,scrape_output\clean\元朝\宋史\宋史__juan_288.txt,6883,6839,0,separate,0.19861413265875932,wenyan-like,4557543,0.009189820041193248,0.03809179639116954,19.2935627326337,0,0
元朝,11371,宋史,宋史/卷323,宋史,289,scrape_output\raw\元朝\宋史\宋史__juan_289.txt,scrape_output\clean\元朝\宋史\宋史__juan_289.txt,6772,6727,0,separate,0.19861413265875932,wenyan-like,4557543,0.009189820041193248,0.03809179639116954,19.2935627326337,0,0
元朝,11371,宋史,宋史/卷324,宋史,290,scrape_output\raw\元朝\宋史\宋史__juan_290.txt,scrape_output\clean\元朝\宋史\宋史__juan_290.txt,13672,13628,0,separate,0.19861413265875932,wenyan-like,4557543,0.009189820041193248,0.03809179639116954,19.2935627326337,0,0
元朝,11371,宋史,宋史/卷325,宋史,291,scrape_output\raw\元朝\宋史\宋史__juan_291.txt,scrape_output\clean\元朝\宋史\宋史__juan_291.txt,8035,7973,0,separate,0.19861413265875932,wenyan-like,4557543,0.009189820041193248,0.03809179639116954,19.2935627326337,0,0
元朝,11371,宋史,宋史/卷326,宋史,292,scrape_output\raw\元朝\宋史\宋史__juan_292.txt,scrape_output\clean\元朝\宋史\宋史__juan_292.txt,10406,10362,0,separate,0.19861413265875932,wenyan-like,4557543,0.009189820041193248,0.03809179639116954,19.2935627326337,0,0
元朝,11371,宋史,宋史/卷327,宋史,293,scrape_output\raw\元朝\宋史\宋史__juan_293.txt,scrape_output\clean\元朝\宋史\宋史__juan_293.txt,9290,9243,0,separate,0.19861413265875932,wenyan-like,4557543,0.009189820041193248,0.03809179639116954,19.2935627326337,0,0
元朝,11371,宋史,宋史/卷328,宋史,294,scrape_output\raw\元朝\宋史\宋史__juan_294.txt,scrape_output\clean\元朝\宋史\宋史__juan_294.txt,15978,15934,0,separate,0.19861413265875932,wenyan-like,4557543,0.009189820041193248,0.03809179639116954,19.2935627326337,0,0
元朝,11371,宋史,宋史/卷329,宋史,295,scrape_output\raw\元朝\宋史\宋史__juan_295.txt,scrape_output\clean\元朝\宋史\宋史__juan_295.txt,10071,10027,0,separate,0.19861413265875932,wenyan-like,4557543,0.009189820041193248,0.03809179639116954,19.2935627326337,0,0
元朝,11371,宋史,宋史/卷330,宋史,296,scrape_output\raw\元朝\宋史\宋史__juan_296.txt,scrape_output\clean\元朝\宋史\宋史__juan_296.txt,9708,9664,0,separate,0.19861413265875932,wenyan-like,4557543,0.009189820041193248,0.03809179639116954,19.2935627326337,0,0
元朝,11371,宋史,宋史/卷331,宋史,297,scrape_output\raw\元朝\宋史\宋史__juan_297.txt,scrape_output\clean\元朝\宋史\宋史__juan_297.txt,14370,14311,0,separate,0.19861413265875932,wenyan-like,4557543,0.009189820041193248,0.03809179639116954,19.2935627326337,0,0
元朝,11371,宋史,宋史/卷332,宋史,298,scrape_output\raw\元朝\宋史\宋史__juan_298.txt,scrape_output\clean\元朝\宋史\宋史__juan_298.txt,10037,9992,0,separate,0.19861413265875932,wenyan-like,4557543,0.009189820041193248,0.03809179639116954,19.2935627326337,0,0
元朝,11371,宋史,宋史/卷333,宋史,299,scrape_output\raw\元朝\宋史\宋史__juan_299.txt,scrape_output\clean\元朝\宋史\宋史__juan_299.txt,10997,10953,0,separate,0.19861413265875932,wenyan-like,4557543,0.009189820041193248,0.03809179639116954,19.2935627326337,0,0
元朝,11371,宋史,宋史/卷334,宋史,300,scrape_output\raw\元朝\宋史\宋史__juan_300.txt,scrape_output\clean\元朝\宋史\宋史__juan_300.txt,9314,9267,0,separate,0.19861413265875932,wenyan-like,4557543,0.009189820041193248,0.03809179639116954,19.2935627326337,0,0
元朝,11371,宋史,宋史/卷335,宋史,301,scrape_output\raw\元朝\宋史\宋史__juan_301.txt,scrape_output\clean\元朝\宋史\宋史__juan_301.txt,7372,7328,0,separate,0.19861413265875932,wenyan-like,4557543,0.009189820041193248,0.03809179639116954,19.2935627326337,0,0
元朝,11371,宋史,宋史/卷336,宋史,302,scrape_output\raw\元朝\宋史\宋史__juan_302.txt,scrape_output\clean\元朝\宋史\宋史__juan_302.txt,12473,12429,0,separate,0.19861413265875932,wenyan-like,4557543,0.009189820041193248,0.03809179639116954,19.2935627326337,0,0
元朝,11371,宋史,宋史/卷337,宋史,303,scrape_output\raw\元朝\宋史\宋史__juan_303.txt,scrape_output\clean\元朝\宋史\宋史__juan_303.txt,9612,9568,0,separate,0.19861413265875932,wenyan-like,4557543,0.009189820041193248,0.03809179639116954,19.2935627326337,0,0
元朝,11371,宋史,宋史/卷338,宋史,304,scrape_output\raw\元朝\宋史\宋史__juan_304.txt,scrape_output\clean\元朝\宋史\宋史__juan_304.txt,9738,9693,0,separate,0.19861413265875932,wenyan-like,4557543,0.009189820041193248,0.03809179639116954,19.2935627326337,0,0
元朝,11371,宋史,宋史/卷339,宋史,305,scrape_output\raw\元朝\宋史\宋史__juan_305.txt,scrape_output\clean\元朝\宋史\宋史__juan_305.txt,8422,8378,0,separate,0.19861413265875932,wenyan-like,4557543,0.009189820041193248,0.03809179639116954,19.2935627326337,0,0
元朝,11371,宋史,宋史/卷340,宋史,306,scrape_output\raw\元朝\宋史\宋史__juan_306.txt,scrape_output\clean\元朝\宋史\宋史__juan_306.txt,15568,15524,0,separate,0.19861413265875932,wenyan-like,4557543,0.009189820041193248,0.03809179639116954,19.2935627326337,0,0
元朝,11371,宋史,宋史/卷341,宋史,307,scrape_output\raw\元朝\宋史\宋史__juan_307.txt,scrape_output\clean\元朝\宋史\宋史__juan_307.txt,8015,7971,0,separate,0.19861413265875932,wenyan-like,4557543,0.009189820041193248,0.03809179639116954,19.2935627326337,0,0
元朝,11371,宋史,宋史/卷342,宋史,308,scrape_output\raw\元朝\宋史\宋史__juan_308.txt,scrape_output\clean\元朝\宋史\宋史__juan_308.txt,8639,8594,0,separate,0.19861413265875932,wenyan-like,4557543,0.009189820041193248,0.03809179639116954,19.2935627326337,0,0
元朝,11371,宋史,宋史/卷343,宋史,309,scrape_output\raw\元朝\宋史\宋史__juan_309.txt,scrape_output\clean\元朝\宋史\宋史__juan_309.txt,9457,9412,0,separate,0.19861413265875932,wenyan-like,4557543,0.009189820041193248,0.03809179639116954,19.2935627326337,0,0
元朝,11371,宋史,宋史/卷344,宋史,310,scrape_output\raw\元朝\宋史\宋史__juan_310.txt,scrape_output\clean\元朝\宋史\宋史__juan_310.txt,12753,12709,0,separate,0.19861413265875932,wenyan-like,4557543,0.009189820041193248,0.03809179639116954,19.2935627326337,0,0
元朝,11371,宋史,宋史/卷345,宋史,311,scrape_output\raw\元朝\宋史\宋史__juan_311.txt,scrape_output\clean\元朝\宋史\宋史__juan_311.txt,8523,8476,0,separate,0.19861413265875932,wenyan-like,4557543,0.009189820041193248,0.03809179639116954,19.2935627326337,0,0
元朝,11371,宋史,宋史/卷346,宋史,312,scrape_output\raw\元朝\宋史\宋史__juan_312.txt,scrape_output\clean\元朝\宋史\宋史__juan_312.txt,11678,11634,0,separate,0.19861413265875932,wenyan-like,4557543,0.009189820041193248,0.03809179639116954,19.2935627326337,0,0
元朝,11371,宋史,宋史/卷347,宋史,313,scrape_output\raw\元朝\宋史\宋史__juan_313.txt,scrape_output\clean\元朝\宋史\宋史__juan_313.txt,11145,11099,0,separate,0.19861413265875932,wenyan-like,4557543,0.009189820041193248,0.03809179639116954,19.2935627326337,0,0
元朝,11371,宋史,宋史/卷348,宋史,314,scrape_output\raw\元朝\宋史\宋史__juan_314.txt,scrape_output\clean\元朝\宋史\宋史__juan_314.txt,12734,12684,0,separate,0.19861413265875932,wenyan-like,4557543,0.009189820041193248,0.03809179639116954,19.2935627326337,0,0
元朝,11371,宋史,宋史/卷349,宋史,315,scrape_output\raw\元朝\宋史\宋史__juan_315.txt,scrape_output\clean\元朝\宋史\宋史__juan_315.txt,8027,7983,0,separate,0.19861413265875932,wenyan-like,4557543,0.009189820041193248,0.03809179639116954,19.2935627326337,0,0
元朝,11371,宋史,宋史/卷350,宋史,316,scrape_output\raw\元朝\宋史\宋史__juan_316.txt,scrape_output\clean\元朝\宋史\宋史__juan_316.txt,11762,11718,0,separate,0.19861413265875932,wenyan-like,4557543,0.009189820041193248,0.03809179639116954,19.2935627326337,0,0
元朝,11371,宋史,宋史/卷351,宋史,317,scrape_output\raw\元朝\宋史\宋史__juan_317.txt,scrape_output\clean\元朝\宋史\宋史__juan_317.txt,10655,10611,0,separate,0.19861413265875932,wenyan-like,4557543,0.009189820041193248,0.03809179639116954,19.2935627326337,0,0
元朝,11371,宋史,宋史/卷352,宋史,318,scrape_output\raw\元朝\宋史\宋史__juan_318.txt,scrape_output\clean\元朝\宋史\宋史__juan_318.txt,7628,7555,0,separate,0.19861413265875932,wenyan-like,4557543,0.009189820041193248,0.03809179639116954,19.2935627326337,0,0
元朝,11371,宋史,宋史/卷353,宋史,319,scrape_output\raw\元朝\宋史\宋史__juan_319.txt,scrape_output\clean\元朝\宋史\宋史__juan_319.txt,9501,9444,0,separate,0.19861413265875932,wenyan-like,4557543,0.009189820041193248,0.03809179639116954,19.2935627326337,0,0
元朝,11371,宋史,宋史/卷354,宋史,320,scrape_output\raw\元朝\宋史\宋史__juan_320.txt,scrape_output\clean\元朝\宋史\宋史__juan_320.txt,7045,7000,0,separate,0.19861413265875932,wenyan-like,4557543,0.009189820041193248,0.03809179639116954,19.2935627326337,0,0
元朝,11371,宋史,宋史/卷357,宋史,321,scrape_output\raw\元朝\宋史\宋史__juan_321.txt,scrape_output\clean\元朝\宋史\宋史__juan_321.txt,6370,6326,0,separate,0.19861413265875932,wenyan-like,4557543,0.009189820041193248,0.03809179639116954,19.2935627326337,0,0
元朝,11371,宋史,宋史/卷358,宋史,322,scrape_output\raw\元朝\宋史\宋史__juan_322.txt,scrape_output\clean\元朝\宋史\宋史__juan_322.txt,10323,10275,0,separate,0.19861413265875932,wenyan-like,4557543,0.009189820041193248,0.03809179639116954,19.2935627326337,0,0
元朝,11371,宋史,宋史/卷359,宋史,323,scrape_output\raw\元朝\宋史\宋史__juan_323.txt,scrape_output\clean\元朝\宋史\宋史__juan_323.txt,6808,6760,0,separate,0.19861413265875932,wenyan-like,4557543,0.009189820041193248,0.03809179639116954,19.2935627326337,0,0
元朝,11371,宋史,宋史/卷360,宋史,324,scrape_output\raw\元朝\宋史\宋史__juan_324.txt,scrape_output\clean\元朝\宋史\宋史__juan_324.txt,11088,11044,0,separate,0.19861413265875932,wenyan-like,4557543,0.009189820041193248,0.03809179639116954,19.2935627326337,0,0
元朝,11371,宋史,宋史/卷361,宋史,325,scrape_output\raw\元朝\宋史\宋史__juan_325.txt,scrape_output\clean\元朝\宋史\宋史__juan_325.txt,9064,9018,0,separate,0.19861413265875932,wenyan-like,4557543,0.009189820041193248,0.03809179639116954,19.2935627326337,0,0
元朝,11371,宋史,宋史/卷362,宋史,326,scrape_output\raw\元朝\宋史\宋史__juan_326.txt,scrape_output\clean\元朝\宋史\宋史__juan_326.txt,9339,9293,0,separate,0.19861413265875932,wenyan-like,4557543,0.009189820041193248,0.03809179639116954,19.2935627326337,0,0
元朝,11371,宋史,宋史/卷363,宋史,327,scrape_output\raw\元朝\宋史\宋史__juan_327.txt,scrape_output\clean\元朝\宋史\宋史__juan_327.txt,8786,8741,0,separate,0.19861413265875932,wenyan-like,4557543,0.009189820041193248,0.03809179639116954,19.2935627326337,0,0
元朝,11371,宋史,宋史/卷366,宋史,328,scrape_output\raw\元朝\宋史\宋史__juan_328.txt,scrape_output\clean\元朝\宋史\宋史__juan_328.txt,13336,13291,0,separate,0.19861413265875932,wenyan-like,4557543,0.009189820041193248,0.03809179639116954,19.2935627326337,0,0
元朝,11371,宋史,宋史/卷367,宋史,329,scrape_output\raw\元朝\宋史\宋史__juan_329.txt,scrape_output\clean\元朝\宋史\宋史__juan_329.txt,9516,9471,0,separate,0.19861413265875932,wenyan-like,4557543,0.009189820041193248,0.03809179639116954,19.2935627326337,0,0
元朝,11371,宋史,宋史/卷368,宋史,330,scrape_output\raw\元朝\宋史\宋史__juan_330.txt,scrape_output\clean\元朝\宋史\宋史__juan_330.txt,10622,10577,0,separate,0.19861413265875932,wenyan-like,4557543,0.009189820041193248,0.03809179639116954,19.2935627326337,0,0
元朝,11371,宋史,宋史/卷369,宋史,331,scrape_output\raw\元朝\宋史\宋史__juan_331.txt,scrape_output\clean\元朝\宋史\宋史__juan_331.txt,13367,13320,0,separate,0.19861413265875932,wenyan-like,4557543,0.009189820041193248,0.03809179639116954,19.2935627326337,0,0
元朝,11371,宋史,宋史/卷370,宋史,332,scrape_output\raw\元朝\宋史\宋史__juan_332.txt,scrape_output\clean\元朝\宋史\宋史__juan_332.txt,8454,8410,0,separate,0.19861413265875932,wenyan-like,4557543,0.009189820041193248,0.03809179639116954,19.2935627326337,0,0
元朝,11371,宋史,宋史/卷371,宋史,333,scrape_output\raw\元朝\宋史\宋史__juan_333.txt,scrape_output\clean\元朝\宋史\宋史__juan_333.txt,7509,7465,0,separate,0.19861413265875932,wenyan-like,4557543,0.009189820041193248,0.03809179639116954,19.2935627326337,0,0
元朝,11371,宋史,宋史/卷372,宋史,334,scrape_output\raw\元朝\宋史\宋史__juan_334.txt,scrape_output\clean\元朝\宋史\宋史__juan_334.txt,8206,8162,0,separate,0.19861413265875932,wenyan-like,4557543,0.009189820041193248,0.03809179639116954,19.2935627326337,0,0
元朝,11371,宋史,宋史/卷373,宋史,335,scrape_output\raw\元朝\宋史\宋史__juan_335.txt,scrape_output\clean\元朝\宋史\宋史__juan_335.txt,12511,12456,0,separate,0.19861413265875932,wenyan-like,4557543,0.009189820041193248,0.03809179639116954,19.2935627326337,0,0
元朝,11371,宋史,宋史/卷374,宋史,336,scrape_output\raw\元朝\宋史\宋史__juan_336.txt,scrape_output\clean\元朝\宋史\宋史__juan_336.txt,11550,11503,0,separate,0.19861413265875932,wenyan-like,4557543,0.009189820041193248,0.03809179639116954,19.2935627326337,0,0
元朝,11371,宋史,宋史/卷375,宋史,337,scrape_output\raw\元朝\宋史\宋史__juan_337.txt,scrape_output\clean\元朝\宋史\宋史__juan_337.txt,9269,9224,0,separate,0.19861413265875932,wenyan-like,4557543,0.009189820041193248,0.03809179639116954,19.2935627326337,0,0
元朝,11371,宋史,宋史/卷376,宋史,338,scrape_output\raw\元朝\宋史\宋史__juan_338.txt,scrape_output\clean\元朝\宋史\宋史__juan_338.txt,7575,7531,0,separate,0.19861413265875932,wenyan-like,4557543,0.009189820041193248,0.03809179639116954,19.2935627326337,0,0
元朝,11371,宋史,宋史/卷377,宋史,339,scrape_output\raw\元朝\宋史\宋史__juan_339.txt,scrape_output\clean\元朝\宋史\宋史__juan_339.txt,10757,10713,0,separate,0.19861413265875932,wenyan-like,4557543,0.009189820041193248,0.03809179639116954,19.2935627326337,0,0
元朝,11371,宋史,宋史/卷378,宋史,340,scrape_output\raw\元朝\宋史\宋史__juan_340.txt,scrape_output\clean\元朝\宋史\宋史__juan_340.txt,11592,11546,0,separate,0.19861413265875932,wenyan-like,4557543,0.009189820041193248,0.03809179639116954,19.2935627326337,0,0
元朝,11371,宋史,宋史/卷379,宋史,341,scrape_output\raw\元朝\宋史\宋史__juan_341.txt,scrape_output\clean\元朝\宋史\宋史__juan_341.txt,10312,10268,0,separate,0.19861413265875932,wenyan-like,4557543,0.009189820041193248,0.03809179639116954,19.2935627326337,0,0
元朝,11371,宋史,宋史/卷380,宋史,342,scrape_output\raw\元朝\宋史\宋史__juan_342.txt,scrape_output\clean\元朝\宋史\宋史__juan_342.txt,10487,10442,0,separate,0.19861413265875932,wenyan-like,4557543,0.009189820041193248,0.03809179639116954,19.2935627326337,0,0
元朝,11371,宋史,宋史/卷381,宋史,343,scrape_output\raw\元朝\宋史\宋史__juan_343.txt,scrape_output\clean\元朝\宋史\宋史__juan_343.txt,12594,12549,0,separate,0.19861413265875932,wenyan-like,4557543,0.009189820041193248,0.03809179639116954,19.2935627326337,0,0
元朝,11371,宋史,宋史/卷382,宋史,344,scrape_output\raw\元朝\宋史\宋史__juan_344.txt,scrape_output\clean\元朝\宋史\宋史__juan_344.txt,12434,12390,0,separate,0.19861413265875932,wenyan-like,4557543,0.009189820041193248,0.03809179639116954,19.2935627326337,0,0
元朝,11371,宋史,宋史/卷383,宋史,345,scrape_output\raw\元朝\宋史\宋史__juan_345.txt,scrape_output\clean\元朝\宋史\宋史__juan_345.txt,11617,11572,0,separate,0.19861413265875932,wenyan-like,4557543,0.009189820041193248,0.03809179639116954,19.2935627326337,0,0
元朝,11371,宋史,宋史/卷384,宋史,346,scrape_output\raw\元朝\宋史\宋史__juan_346.txt,scrape_output\clean\元朝\宋史\宋史__juan_346.txt,9047,9003,0,separate,0.19861413265875932,wenyan-like,4557543,0.009189820041193248,0.03809179639116954,19.2935627326337,0,0
元朝,11371,宋史,宋史/卷385,宋史,347,scrape_output\raw\元朝\宋史\宋史__juan_347.txt,scrape_output\clean\元朝\宋史\宋史__juan_347.txt,9848,9804,0,separate,0.19861413265875932,wenyan-like,4557543,0.009189820041193248,0.03809179639116954,19.2935627326337,0,0
元朝,11371,宋史,宋史/卷386,宋史,348,scrape_output\raw\元朝\宋史\宋史__juan_348.txt,scrape_output\clean\元朝\宋史\宋史__juan_348.txt,11126,11082,0,separate,0.19861413265875932,wenyan-like,4557543,0.009189820041193248,0.03809179639116954,19.2935627326337,0,0
元朝,11371,宋史,宋史/卷387,宋史,349,scrape_output\raw\元朝\宋史\宋史__juan_349.txt,scrape_output\clean\元朝\宋史\宋史__juan_349.txt,11608,11564,0,separate,0.19861413265875932,wenyan-like,4557543,0.009189820041193248,0.03809179639116954,19.2935627326337,0,0
元朝,11371,宋史,宋史/卷388,宋史,350,scrape_output\raw\元朝\宋史\宋史__juan_350.txt,scrape_output\clean\元朝\宋史\宋史__juan_350.txt,11681,11637,0,separate,0.19861413265875932,wenyan-like,4557543,0.009189820041193248,0.03809179639116954,19.2935627326337,0,0
元朝,11371,宋史,宋史/卷389,宋史,351,scrape_output\raw\元朝\宋史\宋史__juan_351.txt,scrape_output\clean\元朝\宋史\宋史__juan_351.txt,10774,10729,0,separate,0.19861413265875932,wenyan-like,4557543,0.009189820041193248,0.03809179639116954,19.2935627326337,0,0
元朝,11371,宋史,宋史/卷390,宋史,352,scrape_output\raw\元朝\宋史\宋史__juan_352.txt,scrape_output\clean\元朝\宋史\宋史__juan_352.txt,8259,8214,0,separate,0.19861413265875932,wenyan-like,4557543,0.009189820041193248,0.03809179639116954,19.2935627326337,0,0
元朝,11371,宋史,宋史/卷391,宋史,353,scrape_output\raw\元朝\宋史\宋史__juan_353.txt,scrape_output\clean\元朝\宋史\宋史__juan_353.txt,7171,7126,0,separate,0.19861413265875932,wenyan-like,4557543,0.009189820041193248,0.03809179639116954,19.2935627326337,0,0
元朝,11371,宋史,宋史/卷392,宋史,354,scrape_output\raw\元朝\宋史\宋史__juan_354.txt,scrape_output\clean\元朝\宋史\宋史__juan_354.txt,6817,6768,0,separate,0.19861413265875932,wenyan-like,4557543,0.009189820041193248,0.03809179639116954,19.2935627326337,0,0
元朝,11371,宋史,宋史/卷393,宋史,355,scrape_output\raw\元朝\宋史\宋史__juan_355.txt,scrape_output\clean\元朝\宋史\宋史__juan_355.txt,13981,13934,0,separate,0.19861413265875932,wenyan-like,4557543,0.009189820041193248,0.03809179639116954,19.2935627326337,0,0
元朝,11371,宋史,宋史/卷394,宋史,356,scrape_output\raw\元朝\宋史\宋史__juan_356.txt,scrape_output\clean\元朝\宋史\宋史__juan_356.txt,10532,10488,0,separate,0.19861413265875932,wenyan-like,4557543,0.009189820041193248,0.03809179639116954,19.2935627326337,0,0
元朝,11371,宋史,宋史/卷395,宋史,357,scrape_output\raw\元朝\宋史\宋史__juan_357.txt,scrape_output\clean\元朝\宋史\宋史__juan_357.txt,9010,8966,0,separate,0.19861413265875932,wenyan-like,4557543,0.009189820041193248,0.03809179639116954,19.2935627326337,0,0
元朝,11371,宋史,宋史/卷396,宋史,358,scrape_output\raw\元朝\宋史\宋史__juan_358.txt,scrape_output\clean\元朝\宋史\宋史__juan_358.txt,8070,8024,0,separate,0.19861413265875932,wenyan-like,4557543,0.009189820041193248,0.03809179639116954,19.2935627326337,0,0
元朝,11371,宋史,宋史/卷397,宋史,359,scrape_output\raw\元朝\宋史\宋史__juan_359.txt,scrape_output\clean\元朝\宋史\宋史__juan_359.txt,9647,9603,0,separate,0.19861413265875932,wenyan-like,4557543,0.009189820041193248,0.03809179639116954,19.2935627326337,0,0
元朝,11371,宋史,宋史/卷398,宋史,360,scrape_output\raw\元朝\宋史\宋史__juan_360.txt,scrape_output\clean\元朝\宋史\宋史__juan_360.txt,8464,8420,0,separate,0.19861413265875932,wenyan-like,4557543,0.009189820041193248,0.03809179639116954,19.2935627326337,0,0
元朝,11371,宋史,宋史/卷399,宋史,361,scrape_output\raw\元朝\宋史\宋史__juan_361.txt,scrape_output\clean\元朝\宋史\宋史__juan_361.txt,8102,8055,0,separate,0.19861413265875932,wenyan-like,4557543,0.009189820041193248,0.03809179639116954,19.2935627326337,0,0
元朝,11371,宋史,宋史/卷400,宋史,362,scrape_output\raw\元朝\宋史\宋史__juan_362.txt,scrape_output\clean\元朝\宋史\宋史__juan_362.txt,9761,9717,0,separate,0.19861413265875932,wenyan-like,4557543,0.009189820041193248,0.03809179639116954,19.2935627326337,0,0
元朝,11371,宋史,宋史/卷401,宋史,363,scrape_output\raw\元朝\宋史\宋史__juan_363.txt,scrape_output\clean\元朝\宋史\宋史__juan_363.txt,9186,9124,0,separate,0.19861413265875932,wenyan-like,4557543,0.009189820041193248,0.03809179639116954,19.2935627326337,0,0
元朝,11371,宋史,宋史/卷402,宋史,364,scrape_output\raw\元朝\宋史\宋史__juan_364.txt,scrape_output\clean\元朝\宋史\宋史__juan_364.txt,10628,10584,0,separate,0.19861413265875932,wenyan-like,4557543,0.009189820041193248,0.03809179639116954,19.2935627326337,0,0
元朝,11371,宋史,宋史/卷403,宋史,365,scrape_output\raw\元朝\宋史\宋史__juan_365.txt,scrape_output\clean\元朝\宋史\宋史__juan_365.txt,6928,6884,0,separate,0.19861413265875932,wenyan-like,4557543,0.009189820041193248,0.03809179639116954,19.2935627326337,0,0
元朝,11371,宋史,宋史/卷404,宋史,366,scrape_output\raw\元朝\宋史\宋史__juan_366.txt,scrape_output\clean\元朝\宋史\宋史__juan_366.txt,7709,7664,0,separate,0.19861413265875932,wenyan-like,4557543,0.009189820041193248,0.03809179639116954,19.2935627326337,0,0
元朝,11371,宋史,宋史/卷405,宋史,367,scrape_output\raw\元朝\宋史\宋史__juan_367.txt,scrape_output\clean\元朝\宋史\宋史__juan_367.txt,12111,12066,0,separate,0.19861413265875932,wenyan-like,4557543,0.009189820041193248,0.03809179639116954,19.2935627326337,0,0
元朝,11371,宋史,宋史/卷406,宋史,368,scrape_output\raw\元朝\宋史\宋史__juan_368.txt,scrape_output\clean\元朝\宋史\宋史__juan_368.txt,10679,10635,0,separate,0.19861413265875932,wenyan-like,4557543,0.009189820041193248,0.03809179639116954,19.2935627326337,0,0
元朝,11371,宋史,宋史/卷407,宋史,369,scrape_output\raw\元朝\宋史\宋史__juan_369.txt,scrape_output\clean\元朝\宋史\宋史__juan_369.txt,10637,10590,0,separate,0.19861413265875932,wenyan-like,4557543,0.009189820041193248,0.03809179639116954,19.2935627326337,0,0
元朝,11371,宋史,宋史/卷408,宋史,370,scrape_output\raw\元朝\宋史\宋史__juan_370.txt,scrape_output\clean\元朝\宋史\宋史__juan_370.txt,7919,7875,0,separate,0.19861413265875932,wenyan-like,4557543,0.009189820041193248,0.03809179639116954,19.2935627326337,0,0
元朝,11371,宋史,宋史/卷409,宋史,371,scrape_output\raw\元朝\宋史\宋史__juan_371.txt,scrape_output\clean\元朝\宋史\宋史__juan_371.txt,9185,9141,0,separate,0.19861413265875932,wenyan-like,4557543,0.009189820041193248,0.03809179639116954,19.2935627326337,0,0
元朝,11371,宋史,宋史/卷410,宋史,372,scrape_output\raw\元朝\宋史\宋史__juan_372.txt,scrape_output\clean\元朝\宋史\宋史__juan_372.txt,7387,7340,0,separate,0.19861413265875932,wenyan-like,4557543,0.009189820041193248,0.03809179639116954,19.2935627326337,0,0
元朝,11371,宋史,宋史/卷411,宋史,373,scrape_output\raw\元朝\宋史\宋史__juan_373.txt,scrape_output\clean\元朝\宋史\宋史__juan_373.txt,8492,8448,0,separate,0.19861413265875932,wenyan-like,4557543,0.009189820041193248,0.03809179639116954,19.2935627326337,0,0
元朝,11371,宋史,宋史/卷412,宋史,374,scrape_output\raw\元朝\宋史\宋史__juan_374.txt,scrape_output\clean\元朝\宋史\宋史__juan_374.txt,11939,11894,0,separate,0.19861413265875932,wenyan-like,4557543,0.009189820041193248,0.03809179639116954,19.2935627326337,0,0
元朝,11371,宋史,宋史/卷413,宋史,375,scrape_output\raw\元朝\宋史\宋史__juan_375.txt,scrape_output\clean\元朝\宋史\宋史__juan_375.txt,10455,10411,0,separate,0.19861413265875932,wenyan-like,4557543,0.009189820041193248,0.03809179639116954,19.2935627326337,0,0
元朝,11371,宋史,宋史/卷414,宋史,376,scrape_output\raw\元朝\宋史\宋史__juan_376.txt,scrape_output\clean\元朝\宋史\宋史__juan_376.txt,12999,12954,0,separate,0.19861413265875932,wenyan-like,4557543,0.009189820041193248,0.03809179639116954,19.2935627326337,0,0
元朝,11371,宋史,宋史/卷415,宋史,377,scrape_output\raw\元朝\宋史\宋史__juan_377.txt,scrape_output\clean\元朝\宋史\宋史__juan_377.txt,10949,10905,0,separate,0.19861413265875932,wenyan-like,4557543,0.009189820041193248,0.03809179639116954,19.2935627326337,0,0
元朝,11371,宋史,宋史/卷416,宋史,378,scrape_output\raw\元朝\宋史\宋史__juan_378.txt,scrape_output\clean\元朝\宋史\宋史__juan_378.txt,11775,11731,0,separate,0.19861413265875932,wenyan-like,4557543,0.009189820041193248,0.03809179639116954,19.2935627326337,0,0
元朝,11371,宋史,宋史/卷417,宋史,379,scrape_output\raw\元朝\宋史\宋史__juan_379.txt,scrape_output\clean\元朝\宋史\宋史__juan_379.txt,12533,12489,0,separate,0.19861413265875932,wenyan-like,4557543,0.009189820041193248,0.03809179639116954,19.2935627326337,0,0
元朝,11371,宋史,宋史/卷418,宋史,380,scrape_output\raw\元朝\宋史\宋史__juan_380.txt,scrape_output\clean\元朝\宋史\宋史__juan_380.txt,13425,13381,0,separate,0.19861413265875932,wenyan-like,4557543,0.009189820041193248,0.03809179639116954,19.2935627326337,0,0
元朝,11371,宋史,宋史/卷419,宋史,381,scrape_output\raw\元朝\宋史\宋史__juan_381.txt,scrape_output\clean\元朝\宋史\宋史__juan_381.txt,10657,10610,0,separate,0.19861413265875932,wenyan-like,4557543,0.009189820041193248,0.03809179639116954,19.2935627326337,0,0
元朝,11371,宋史,宋史/卷420,宋史,382,scrape_output\raw\元朝\宋史\宋史__juan_382.txt,scrape_output\clean\元朝\宋史\宋史__juan_382.txt,7773,7729,0,separate,0.19861413265875932,wenyan-like,4557543,0.009189820041193248,0.03809179639116954,19.2935627326337,0,0
元朝,11371,宋史,宋史/卷421,宋史,383,scrape_output\raw\元朝\宋史\宋史__juan_383.txt,scrape_output\clean\元朝\宋史\宋史__juan_383.txt,9744,9700,0,separate,0.19861413265875932,wenyan-like,4557543,0.009189820041193248,0.03809179639116954,19.2935627326337,0,0
元朝,11371,宋史,宋史/卷422,宋史,384,scrape_output\raw\元朝\宋史\宋史__juan_384.txt,scrape_output\clean\元朝\宋史\宋史__juan_384.txt,9326,9280,0,separate,0.19861413265875932,wenyan-like,4557543,0.009189820041193248,0.03809179639116954,19.2935627326337,0,0
元朝,11371,宋史,宋史/卷423,宋史,385,scrape_output\raw\元朝\宋史\宋史__juan_385.txt,scrape_output\clean\元朝\宋史\宋史__juan_385.txt,10608,10564,0,separate,0.19861413265875932,wenyan-like,4557543,0.009189820041193248,0.03809179639116954,19.2935627326337,0,0
元朝,11371,宋史,宋史/卷424,宋史,386,scrape_output\raw\元朝\宋史\宋史__juan_386.txt,scrape_output\clean\元朝\宋史\宋史__juan_386.txt,10420,10374,0,separate,0.19861413265875932,wenyan-like,4557543,0.009189820041193248,0.03809179639116954,19.2935627326337,0,0
元朝,11371,宋史,宋史/卷425,宋史,387,scrape_output\raw\元朝\宋史\宋史__juan_387.txt,scrape_output\clean\元朝\宋史\宋史__juan_387.txt,11040,10995,0,separate,0.19861413265875932,wenyan-like,4557543,0.009189820041193248,0.03809179639116954,19.2935627326337,0,0
元朝,11371,宋史,宋史/卷426,宋史,388,scrape_output\raw\元朝\宋史\宋史__juan_388.txt,scrape_output\clean\元朝\宋史\宋史__juan_388.txt,7596,7552,0,separate,0.19861413265875932,wenyan-like,4557543,0.009189820041193248,0.03809179639116954,19.2935627326337,0,0
元朝,11371,宋史,宋史/卷427,宋史,389,scrape_output\raw\元朝\宋史\宋史__juan_389.txt,scrape_output\clean\元朝\宋史\宋史__juan_389.txt,10121,10075,0,separate,0.19861413265875932,wenyan-like,4557543,0.009189820041193248,0.03809179639116954,19.2935627326337,0,0
元朝,11371,宋史,宋史/卷428,宋史,390,scrape_output\raw\元朝\宋史\宋史__juan_390.txt,scrape_output\clean\元朝\宋史\宋史__juan_390.txt,8858,8814,0,separate,0.19861413265875932,wenyan-like,4557543,0.009189820041193248,0.03809179639116954,19.2935627326337,0,0
元朝,11371,宋史,宋史/卷429,宋史,391,scrape_output\raw\元朝\宋史\宋史__juan_391.txt,scrape_output\clean\元朝\宋史\宋史__juan_391.txt,13146,13101,0,separate,0.19861413265875932,wenyan-like,4557543,0.009189820041193248,0.03809179639116954,19.2935627326337,0,0
元朝,11371,宋史,宋史/卷430,宋史,392,scrape_output\raw\元朝\宋史\宋史__juan_392.txt,scrape_output\clean\元朝\宋史\宋史__juan_392.txt,7616,7572,0,separate,0.19861413265875932,wenyan-like,4557543,0.009189820041193248,0.03809179639116954,19.2935627326337,0,0
元朝,11371,宋史,宋史/卷431,宋史,393,scrape_output\raw\元朝\宋史\宋史__juan_393.txt,scrape_output\clean\元朝\宋史\宋史__juan_393.txt,16466,16411,0,separate,0.19861413265875932,wenyan-like,4557543,0.009189820041193248,0.03809179639116954,19.2935627326337,0,0
元朝,11371,宋史,宋史/卷432,宋史,394,scrape_output\raw\元朝\宋史\宋史__juan_394.txt,scrape_output\clean\元朝\宋史\宋史__juan_394.txt,10684,10636,0,separate,0.19861413265875932,wenyan-like,4557543,0.009189820041193248,0.03809179639116954,19.2935627326337,0,0
元朝,11371,宋史,宋史/卷433,宋史,395,scrape_output\raw\元朝\宋史\宋史__juan_395.txt,scrape_output\clean\元朝\宋史\宋史__juan_395.txt,9785,9740,0,separate,0.19861413265875932,wenyan-like,4557543,0.009189820041193248,0.03809179639116954,19.2935627326337,0,0
元朝,11371,宋史,宋史/卷434,宋史,396,scrape_output\raw\元朝\宋史\宋史__juan_396.txt,scrape_output\clean\元朝\宋史\宋史__juan_396.txt,15966,15922,0,separate,0.19861413265875932,wenyan-like,4557543,0.009189820041193248,0.03809179639116954,19.2935627326337,0,0
元朝,11371,宋史,宋史/卷435,宋史,397,scrape_output\raw\元朝\宋史\宋史__juan_397.txt,scrape_output\clean\元朝\宋史\宋史__juan_397.txt,11123,11079,0,separate,0.19861413265875932,wenyan-like,4557543,0.009189820041193248,0.03809179639116954,19.2935627326337,0,0
元朝,11371,宋史,宋史/卷436,宋史,398,scrape_output\raw\元朝\宋史\宋史__juan_398.txt,scrape_output\clean\元朝\宋史\宋史__juan_398.txt,9301,9254,0,separate,0.19861413265875932,wenyan-like,4557543,0.009189820041193248,0.03809179639116954,19.2935627326337,0,0
元朝,11371,宋史,宋史/卷437,宋史,399,scrape_output\raw\元朝\宋史\宋史__juan_399.txt,scrape_output\clean\元朝\宋史\宋史__juan_399.txt,12173,12129,0,separate,0.19861413265875932,wenyan-like,4557543,0.009189820041193248,0.03809179639116954,19.2935627326337,0,0
元朝,11371,宋史,宋史/卷438,宋史,400,scrape_output\raw\元朝\宋史\宋史__juan_400.txt,scrape_output\clean\元朝\宋史\宋史__juan_400.txt,9987,9943,0,separate,0.19861413265875932,wenyan-like,4557543,0.009189820041193248,0.03809179639116954,19.2935627326337,0,0
元朝,11371,宋史,宋史/卷439,宋史,401,scrape_output\raw\元朝\宋史\宋史__juan_401.txt,scrape_output\clean\元朝\宋史\宋史__juan_401.txt,9423,9376,0,separate,0.19861413265875932,wenyan-like,4557543,0.009189820041193248,0.03809179639116954,19.2935627326337,0,0
元朝,11371,宋史,宋史/卷440,宋史,402,scrape_output\raw\元朝\宋史\宋史__juan_402.txt,scrape_output\clean\元朝\宋史\宋史__juan_402.txt,9150,9106,0,separate,0.19861413265875932,wenyan-like,4557543,0.009189820041193248,0.03809179639116954,19.2935627326337,0,0
元朝,11371,宋史,宋史/卷441,宋史,403,scrape_output\raw\元朝\宋史\宋史__juan_403.txt,scrape_output\clean\元朝\宋史\宋史__juan_403.txt,13548,13504,0,separate,0.19861413265875932,wenyan-like,4557543,0.009189820041193248,0.03809179639116954,19.2935627326337,0,0
元朝,11371,宋史,宋史/卷442,宋史,404,scrape_output\raw\元朝\宋史\宋史__juan_404.txt,scrape_output\clean\元朝\宋史\宋史__juan_404.txt,9346,9299,0,separate,0.19861413265875932,wenyan-like,4557543,0.009189820041193248,0.03809179639116954,19.2935627326337,0,0
元朝,11371,宋史,宋史/卷443,宋史,405,scrape_output\raw\元朝\宋史\宋史__juan_405.txt,scrape_output\clean\元朝\宋史\宋史__juan_405.txt,7585,7535,0,separate,0.19861413265875932,wenyan-like,4557543,0.009189820041193248,0.03809179639116954,19.2935627326337,0,0
元朝,11371,宋史,宋史/卷444,宋史,406,scrape_output\raw\元朝\宋史\宋史__juan_406.txt,scrape_output\clean\元朝\宋史\宋史__juan_406.txt,8902,8858,0,separate,0.19861413265875932,wenyan-like,4557543,0.009189820041193248,0.03809179639116954,19.2935627326337,0,0
元朝,11371,宋史,宋史/卷445,宋史,407,scrape_output\raw\元朝\宋史\宋史__juan_407.txt,scrape_output\clean\元朝\宋史\宋史__juan_407.txt,8858,8811,0,separate,0.19861413265875932,wenyan-like,4557543,0.009189820041193248,0.03809179639116954,19.2935627326337,0,0
元朝,11371,宋史,宋史/卷446,宋史,408,scrape_output\raw\元朝\宋史\宋史__juan_408.txt,scrape_output\clean\元朝\宋史\宋史__juan_408.txt,11682,11638,0,separate,0.19861413265875932,wenyan-like,4557543,0.009189820041193248,0.03809179639116954,19.2935627326337,0,0
元朝,11371,宋史,宋史/卷447,宋史,409,scrape_output\raw\元朝\宋史\宋史__juan_409.txt,scrape_output\clean\元朝\宋史\宋史__juan_409.txt,10790,10745,0,separate,0.19861413265875932,wenyan-like,4557543,0.009189820041193248,0.03809179639116954,19.2935627326337,0,0
元朝,11371,宋史,宋史/卷448,宋史,410,scrape_output\raw\元朝\宋史\宋史__juan_410.txt,scrape_output\clean\元朝\宋史\宋史__juan_410.txt,9772,9722,0,separate,0.19861413265875932,wenyan-like,4557543,0.009189820041193248,0.03809179639116954,19.2935627326337,0,0
元朝,11371,宋史,宋史/卷449,宋史,411,scrape_output\raw\元朝\宋史\宋史__juan_411.txt,scrape_output\clean\元朝\宋史\宋史__juan_411.txt,11483,11418,0,separate,0.19861413265875932,wenyan-like,4557543,0.009189820041193248,0.03809179639116954,19.2935627326337,0,0
元朝,11371,宋史,宋史/卷450,宋史,412,scrape_output\raw\元朝\宋史\宋史__juan_412.txt,scrape_output\clean\元朝\宋史\宋史__juan_412.txt,7521,7474,0,separate,0.19861413265875932,wenyan-like,4557543,0.009189820041193248,0.03809179639116954,19.2935627326337,0,0
元朝,11371,宋史,宋史/卷451,宋史,413,scrape_output\raw\元朝\宋史\宋史__juan_413.txt,scrape_output\clean\元朝\宋史\宋史__juan_413.txt,9337,9286,0,separate,0.19861413265875932,wenyan-like,4557543,0.009189820041193248,0.03809179639116954,19.2935627326337,0,0
元朝,11371,宋史,宋史/卷452,宋史,414,scrape_output\raw\元朝\宋史\宋史__juan_414.txt,scrape_output\clean\元朝\宋史\宋史__juan_414.txt,11972,11928,0,separate,0.19861413265875932,wenyan-like,4557543,0.009189820041193248,0.03809179639116954,19.2935627326337,0,0
元朝,11371,宋史,宋史/卷453,宋史,415,scrape_output\raw\元朝\宋史\宋史__juan_415.txt,scrape_output\clean\元朝\宋史\宋史__juan_415.txt,10153,10109,0,separate,0.19861413265875932,wenyan-like,4557543,0.009189820041193248,0.03809179639116954,19.2935627326337,0,0
元朝,11371,宋史,宋史/卷454,宋史,416,scrape_output\raw\元朝\宋史\宋史__juan_416.txt,scrape_output\clean\元朝\宋史\宋史__juan_416.txt,6492,6448,0,separate,0.19861413265875932,wenyan-like,4557543,0.009189820041193248,0.03809179639116954,19.2935627326337,0,0
元朝,11371,宋史,宋史/卷455,宋史,417,scrape_output\raw\元朝\宋史\宋史__juan_417.txt,scrape_output\clean\元朝\宋史\宋史__juan_417.txt,11723,11678,0,separate,0.19861413265875932,wenyan-like,4557543,0.009189820041193248,0.03809179639116954,19.2935627326337,0,0
元朝,11371,宋史,宋史/卷456,宋史,418,scrape_output\raw\元朝\宋史\宋史__juan_418.txt,scrape_output\clean\元朝\宋史\宋史__juan_418.txt,11816,11766,0,separate,0.19861413265875932,wenyan-like,4557543,0.009189820041193248,0.03809179639116954,19.2935627326337,0,0
元朝,11371,宋史,宋史/卷457,宋史,419,scrape_output\raw\元朝\宋史\宋史__juan_419.txt,scrape_output\clean\元朝\宋史\宋史__juan_419.txt,9872,9827,0,separate,0.19861413265875932,wenyan-like,4557543,0.009189820041193248,0.03809179639116954,19.2935627326337,0,0
元朝,11371,宋史,宋史/卷458,宋史,420,scrape_output\raw\元朝\宋史\宋史__juan_420.txt,scrape_output\clean\元朝\宋史\宋史__juan_420.txt,7315,7271,0,separate,0.19861413265875932,wenyan-like,4557543,0.009189820041193248,0.03809179639116954,19.2935627326337,0,0
元朝,11371,宋史,宋史/卷459,宋史,421,scrape_output\raw\元朝\宋史\宋史__juan_421.txt,scrape_output\clean\元朝\宋史\宋史__juan_421.txt,8663,8615,0,separate,0.19861413265875932,wenyan-like,4557543,0.009189820041193248,0.03809179639116954,19.2935627326337,0,0
元朝,11371,宋史,宋史/卷460,宋史,422,scrape_output\raw\元朝\宋史\宋史__juan_422.txt,scrape_output\clean\元朝\宋史\宋史__juan_422.txt,7410,7364,0,separate,0.19861413265875932,wenyan-like,4557543,0.009189820041193248,0.03809179639116954,19.2935627326337,0,0
元朝,11371,宋史,宋史/卷461,宋史,423,scrape_output\raw\元朝\宋史\宋史__juan_423.txt,scrape_output\clean\元朝\宋史\宋史__juan_423.txt,8737,8693,0,separate,0.19861413265875932,wenyan-like,4557543,0.009189820041193248,0.03809179639116954,19.2935627326337,0,0
元朝,11371,宋史,宋史/卷462,宋史,424,scrape_output\raw\元朝\宋史\宋史__juan_424.txt,scrape_output\clean\元朝\宋史\宋史__juan_424.txt,8697,8653,0,separate,0.19861413265875932,wenyan-like,4557543,0.009189820041193248,0.03809179639116954,19.2935627326337,0,0
元朝,11371,宋史,宋史/卷463,宋史,425,scrape_output\raw\元朝\宋史\宋史__juan_425.txt,scrape_output\clean\元朝\宋史\宋史__juan_425.txt,11332,11282,0,separate,0.19861413265875932,wenyan-like,4557543,0.009189820041193248,0.03809179639116954,19.2935627326337,0,0
元朝,11371,宋史,宋史/卷464,宋史,426,scrape_output\raw\元朝\宋史\宋史__juan_426.txt,scrape_output\clean\元朝\宋史\宋史__juan_426.txt,10372,10328,0,separate,0.19861413265875932,wenyan-like,4557543,0.009189820041193248,0.03809179639116954,19.2935627326337,0,0
元朝,11371,宋史,宋史/卷465,宋史,427,scrape_output\raw\元朝\宋史\宋史__juan_427.txt,scrape_output\clean\元朝\宋史\宋史__juan_427.txt,5748,5704,0,separate,0.19861413265875932,wenyan-like,4557543,0.009189820041193248,0.03809179639116954,19.2935627326337,0,0
元朝,11371,宋史,宋史/卷466,宋史,428,scrape_output\raw\元朝\宋史\宋史__juan_428.txt,scrape_output\clean\元朝\宋史\宋史__juan_428.txt,14679,14635,0,separate,0.19861413265875932,wenyan-like,4557543,0.009189820041193248,0.03809179639116954,19.2935627326337,0,0
元朝,11371,宋史,宋史/卷467,宋史,429,scrape_output\raw\元朝\宋史\宋史__juan_429.txt,scrape_output\clean\元朝\宋史\宋史__juan_429.txt,7314,7270,0,separate,0.19861413265875932,wenyan-like,4557543,0.009189820041193248,0.03809179639116954,19.2935627326337,0,0
元朝,11371,宋史,宋史/卷468,宋史,430,scrape_output\raw\元朝\宋史\宋史__juan_430.txt,scrape_output\clean\元朝\宋史\宋史__juan_430.txt,7793,7749,0,separate,0.19861413265875932,wenyan-like,4557543,0.009189820041193248,0.03809179639116954,19.2935627326337,0,0
元朝,11371,宋史,宋史/卷469,宋史,431,scrape_output\raw\元朝\宋史\宋史__juan_431.txt,scrape_output\clean\元朝\宋史\宋史__juan_431.txt,4317,4270,0,separate,0.19861413265875932,wenyan-like,4557543,0.009189820041193248,0.03809179639116954,19.2935627326337,0,0
元朝,11371,宋史,宋史/卷470,宋史,432,scrape_output\raw\元朝\宋史\宋史__juan_432.txt,scrape_output\clean\元朝\宋史\宋史__juan_432.txt,9465,9415,0,separate,0.19861413265875932,wenyan-like,4557543,0.009189820041193248,0.03809179639116954,19.2935627326337,0,0
元朝,11371,宋史,宋史/卷471,宋史,433,scrape_output\raw\元朝\宋史\宋史__juan_433.txt,scrape_output\clean\元朝\宋史\宋史__juan_433.txt,11103,11059,0,separate,0.19861413265875932,wenyan-like,4557543,0.009189820041193248,0.03809179639116954,19.2935627326337,0,0
元朝,11371,宋史,宋史/卷472,宋史,434,scrape_output\raw\元朝\宋史\宋史__juan_434.txt,scrape_output\clean\元朝\宋史\宋史__juan_434.txt,9939,9895,0,separate,0.19861413265875932,wenyan-like,4557543,0.009189820041193248,0.03809179639116954,19.2935627326337,0,0
元朝,11371,宋史,宋史/卷473,宋史,435,scrape_output\raw\元朝\宋史\宋史__juan_435.txt,scrape_output\clean\元朝\宋史\宋史__juan_435.txt,12183,12139,0,separate,0.19861413265875932,wenyan-like,4557543,0.009189820041193248,0.03809179639116954,19.2935627326337,0,0
元朝,11371,宋史,宋史/卷474,宋史,436,scrape_output\raw\元朝\宋史\宋史__juan_436.txt,scrape_output\clean\元朝\宋史\宋史__juan_436.txt,9927,9881,0,separate,0.19861413265875932,wenyan-like,4557543,0.009189820041193248,0.03809179639116954,19.2935627326337,0,0
元朝,11371,宋史,宋史/卷475,宋史,437,scrape_output\raw\元朝\宋史\宋史__juan_437.txt,scrape_output\clean\元朝\宋史\宋史__juan_437.txt,12933,12885,0,separate,0.19861413265875932,wenyan-like,4557543,0.009189820041193248,0.03809179639116954,19.2935627326337,0,0
元朝,11371,宋史,宋史/卷476,宋史,438,scrape_output\raw\元朝\宋史\宋史__juan_438.txt,scrape_output\clean\元朝\宋史\宋史__juan_438.txt,8354,8192,0,separate,0.19861413265875932,wenyan-like,4557543,0.009189820041193248,0.03809179639116954,19.2935627326337,0,0
元朝,11371,宋史,宋史/卷477,宋史,439,scrape_output\raw\元朝\宋史\宋史__juan_439.txt,scrape_output\clean\元朝\宋史\宋史__juan_439.txt,9128,8971,0,separate,0.19861413265875932,wenyan-like,4557543,0.009189820041193248,0.03809179639116954,19.2935627326337,0,0
元朝,11371,宋史,宋史/卷478,宋史,440,scrape_output\raw\元朝\宋史\宋史__juan_440.txt,scrape_output\clean\元朝\宋史\宋史__juan_440.txt,8642,8580,0,separate,0.19861413265875932,wenyan-like,4557543,0.009189820041193248,0.03809179639116954,19.2935627326337,0,0
元朝,11371,宋史,宋史/卷479,宋史,441,scrape_output\raw\元朝\宋史\宋史__juan_441.txt,scrape_output\clean\元朝\宋史\宋史__juan_441.txt,10999,10919,0,separate,0.19861413265875932,wenyan-like,4557543,0.009189820041193248,0.03809179639116954,19.2935627326337,0,0
元朝,11371,宋史,宋史/卷480,宋史,442,scrape_output\raw\元朝\宋史\宋史__juan_442.txt,scrape_output\clean\元朝\宋史\宋史__juan_442.txt,11057,11007,0,separate,0.19861413265875932,wenyan-like,4557543,0.009189820041193248,0.03809179639116954,19.2935627326337,0,0
元朝,11371,宋史,宋史/卷481,宋史,443,scrape_output\raw\元朝\宋史\宋史__juan_443.txt,scrape_output\clean\元朝\宋史\宋史__juan_443.txt,6212,6157,0,separate,0.19861413265875932,wenyan-like,4557543,0.009189820041193248,0.03809179639116954,19.2935627326337,0,0
元朝,11371,宋史,宋史/卷482,宋史,444,scrape_output\raw\元朝\宋史\宋史__juan_444.txt,scrape_output\clean\元朝\宋史\宋史__juan_444.txt,6387,6281,0,separate,0.19861413265875932,wenyan-like,4557543,0.009189820041193248,0.03809179639116954,19.2935627326337,0,0
元朝,11371,宋史,宋史/卷483,宋史,445,scrape_output\raw\元朝\宋史\宋史__juan_445.txt,scrape_output\clean\元朝\宋史\宋史__juan_445.txt,8985,8939,0,separate,0.19861413265875932,wenyan-like,4557543,0.009189820041193248,0.03809179639116954,19.2935627326337,0,0
元朝,11371,宋史,宋史/卷484,宋史,446,scrape_output\raw\元朝\宋史\宋史__juan_446.txt,scrape_output\clean\元朝\宋史\宋史__juan_446.txt,6411,6315,0,separate,0.19861413265875932,wenyan-like,4557543,0.009189820041193248,0.03809179639116954,19.2935627326337,0,0
元朝,11371,宋史,宋史/卷485,宋史,447,scrape_output\raw\元朝\宋史\宋史__juan_447.txt,scrape_output\clean\元朝\宋史\宋史__juan_447.txt,11684,11540,0,separate,0.19861413265875932,wenyan-like,4557543,0.009189820041193248,0.03809179639116954,19.2935627326337,0,0
元朝,11371,宋史,宋史/卷486,宋史,448,scrape_output\raw\元朝\宋史\宋史__juan_448.txt,scrape_output\clean\元朝\宋史\宋史__juan_448.txt,12266,12118,0,separate,0.19861413265875932,wenyan-like,4557543,0.009189820041193248,0.03809179639116954,19.2935627326337,0,0
元朝,11371,宋史,宋史/卷493,宋史,449,scrape_output\raw\元朝\宋史\宋史__juan_449.txt,scrape_output\clean\元朝\宋史\宋史__juan_449.txt,8103,8038,0,separate,0.19861413265875932,wenyan-like,4557543,0.009189820041193248,0.03809179639116954,19.2935627326337,0,0
元朝,11371,宋史,宋史/卷494,宋史,450,scrape_output\raw\元朝\宋史\宋史__juan_450.txt,scrape_output\clean\元朝\宋史\宋史__juan_450.txt,8056,7976,0,separate,0.19861413265875932,wenyan-like,4557543,0.009189820041193248,0.03809179639116954,19.2935627326337,0,0
元朝,11371,宋史,宋史/卷495,宋史,451,scrape_output\raw\元朝\宋史\宋史__juan_451.txt,scrape_output\clean\元朝\宋史\宋史__juan_451.txt,8931,8866,0,separate,0.19861413265875932,wenyan-like,4557543,0.009189820041193248,0.03809179639116954,19.2935627326337,0,0
元朝,600967,定庵老人吳章德明,定庵老人吳章德明,定庵老人吳章德明,1,scrape_output\raw\元朝\定庵老人吳章德明\定庵老人吳章德明__juan_01.txt,scrape_output\clean\元朝\定庵老人吳章德明\定庵老人吳章德明__juan_01.txt,149,105,0,separate,0.021052631578947368,unknown,95,0.0,0.010526315789473684,11.125,0,1
元朝,600968,定齋居士李獻卿欽止,定齋居士李獻卿欽止,定齋居士李獻卿欽止,1,scrape_output\raw\元朝\定齋居士李獻卿欽止\定齋居士李獻卿欽止__juan_01.txt,scrape_output\clean\元朝\定齋居士李獻卿欽止\定齋居士李獻卿欽止__juan_01.txt,391,347,0,separate,0.006451612903225806,wenyan-like,310,0.0064516129032258064,0.012903225806451613,12.652173913043478,0,0
元朝,1179409,客中九日,客中九日,客中九日,1,scrape_output\raw\元朝\客中九日\客中九日__juan_01.txt,scrape_output\clean\元朝\客中九日\客中九日__juan_01.txt,149,105,0,separate,0.0,unknown,95,0.021052631578947368,0.031578947368421054,12.857142857142858,0,1
元朝,886355,客中二首,客中二首,客中二首,1,scrape_output\raw\元朝\客中二首\客中二首__juan_01.txt,scrape_output\clean\元朝\客中二首\客中二首__juan_01.txt,151,107,0,separate,0.021052631578947368,unknown,95,0.0,0.010526315789473684,10.0,0,1
元朝,886352,客中吟,客中吟,客中吟,1,scrape_output\raw\元朝\客中吟\客中吟__juan_01.txt,scrape_output\clean\元朝\客中吟\客中吟__juan_01.txt,185,141,0,separate,0.015748031496062992,unknown,127,0.0,0.007874015748031496,13.333333333333334,0,1
元朝,885616,客中寄懐李先生九山居士,客中寄懐李先生九山居士,客中寄懐李先生九山居士,1,scrape_output\raw\元朝\客中寄懐李先生九山居士\客中寄懐李先生九山居士__juan_01.txt,scrape_output\clean\元朝\客中寄懐李先生九山居士\客中寄懐李先生九山居士__juan_01.txt,143,97,0,separate,0.023255813953488372,unknown,86,0.0,0.011627906976744186,10.125,0,1
元朝,886353,客中次人韻,客中次人韻,客中次人韻,1,scrape_output\raw\元朝\客中次人韻\客中次人韻__juan_01.txt,scrape_output\clean\元朝\客中次人韻\客中次人韻__juan_01.txt,113,69,0,separate,-0.015873015873015872,unknown,63,0.015873015873015872,0.015873015873015872,12.0,0,1
元朝,886354,客中次郭器之詩韻,客中次郭器之詩韻,客中次郭器之詩韻,1,scrape_output\raw\元朝\客中次郭器之詩韻\客中次郭器之詩韻__juan_01.txt,scrape_output\clean\元朝\客中次郭器之詩韻\客中次郭器之詩韻__juan_01.txt,113,69,0,separate,-0.015873015873015872,unknown,63,0.015873015873015872,0.015873015873015872,12.0,0,1
元朝,1179592,宣政同知燕京閭報國哀時,宣政同知燕京閭報國哀時,宣政同知燕京閭報國哀時,1,scrape_output\raw\元朝\宣政同知燕京閭報國哀時\宣政同知燕京閭報國哀時__juan_01.txt,scrape_output\clean\元朝\宣政同知燕京閭報國哀時\宣政同知燕京閭報國哀時__juan_01.txt,156,112,0,separate,0.11000000000000001,unknown,100,0.01,0.07,11.75,0,1
元朝,317453,宣知賦,宣知賦,宣知賦,1,scrape_output\raw\元朝\宣知賦\宣知賦__juan_01.txt,scrape_output\clean\元朝\宣知賦\宣知賦__juan_01.txt,309,265,0,separate,0.1459227467811159,wenyan-like,233,0.008583690987124463,0.08583690987124463,11.578947368421053,0,0
元朝,766434,宮中行樂詞 (王逢),宮中行樂詞 (王逢),宮中行樂詞 (王逢),1,scrape_output\raw\元朝\宮中行樂詞 (王逢)\宮中行樂詞 (王逢)__juan_01.txt,scrape_output\clean\元朝\宮中行樂詞 (王逢)\宮中行樂詞 (王逢)__juan_01.txt,413,369,0,separate,0.018808777429467086,wenyan-like,319,0.0,0.009404388714733543,10.88888888888889,0,0
元朝,886164,宮怨 (耶律鑄),宮怨 (耶律鑄),宮怨 (耶律鑄),1,scrape_output\raw\元朝\宮怨 (耶律鑄)\宮怨 (耶律鑄)__juan_01.txt,scrape_output\clean\元朝\宮怨 (耶律鑄)\宮怨 (耶律鑄)__juan_01.txt,149,105,0,separate,0.06315789473684211,unknown,95,0.0,0.031578947368421054,12.857142857142858,0,1
元朝,886177,宮詞 (耶律鑄),宮詞 (耶律鑄),宮詞 (耶律鑄),1,scrape_output\raw\元朝\宮詞 (耶律鑄)\宮詞 (耶律鑄)__juan_01.txt,scrape_output\clean\元朝\宮詞 (耶律鑄)\宮詞 (耶律鑄)__juan_01.txt,149,105,0,separate,-0.010526315789473686,unknown,95,0.010526315789473684,0.010526315789473684,12.857142857142858,0,1
元朝,1179415,宮詞 (薩都剌),宮詞 (薩都剌),宮詞 (薩都剌),1,scrape_output\raw\元朝\宮詞 (薩都剌)\宮詞 (薩都剌)__juan_01.txt,scrape_output\clean\元朝\宮詞 (薩都剌)\宮詞 (薩都剌)__juan_01.txt,113,69,0,separate,0.031746031746031744,unknown,63,0.0,0.015873015873015872,12.0,0,1
元朝,1179418,宴回,宴回,宴回,1,scrape_output\raw\元朝\宴回\宴回__juan_01.txt,scrape_output\clean\元朝\宴回\宴回__juan_01.txt,113,69,0,separate,0.031746031746031744,unknown,63,0.0,0.015873015873015872,12.0,0,1
元朝,886060,宴玉津園,宴玉津園,宴玉津園,1,scrape_output\raw\元朝\宴玉津園\宴玉津園__juan_01.txt,scrape_output\clean\元朝\宴玉津園\宴玉津園__juan_01.txt,149,105,0,separate,-0.0736842105263158,unknown,95,0.031578947368421054,0.010526315789473684,12.857142857142858,0,1
元朝,886387,家園即事,家園即事,家園即事,1,scrape_output\raw\元朝\家園即事\家園即事__juan_01.txt,scrape_output\clean\元朝\家園即事\家園即事__juan_01.txt,113,69,0,separate,0.031746031746031744,unknown,63,0.0,0.015873015873015872,12.0,0,1
元朝,885351,宻谷行,宻谷行,宻谷行,1,scrape_output\raw\元朝\宻谷行\宻谷行__juan_01.txt,scrape_output\clean\元朝\宻谷行\宻谷行__juan_01.txt,467,415,0,separate,0.010526315789473682,wenyan-like,380,0.005263157894736842,0.013157894736842105,14.48,0,0
元朝,1179348,宿化閣渡口阻風,宿化閣渡口阻風,宿化閣渡口阻風,1,scrape_output\raw\元朝\宿化閣渡口阻風\宿化閣渡口阻風__juan_01.txt,scrape_output\clean\元朝\宿化閣渡口阻風\宿化閣渡口阻風__juan_01.txt,185,141,0,separate,0.007874015748031496,unknown,127,0.007874015748031496,0.015748031496062992,13.333333333333334,0,1
元朝,1179295,宿大橫驛,宿大橫驛,宿大橫驛,1,scrape_output\raw\元朝\宿大橫驛\宿大橫驛__juan_01.txt,scrape_output\clean\元朝\宿大橫驛\宿大橫驛__juan_01.txt,133,89,0,separate,0.02531645569620253,unknown,79,0.0,0.012658227848101266,10.571428571428571,0,1
元朝,1179333,宿武夷,宿武夷,宿武夷,1,scrape_output\raw\元朝\宿武夷\宿武夷__juan_01.txt,scrape_output\clean\元朝\宿武夷\宿武夷__juan_01.txt,133,89,0,separate,0.02531645569620253,unknown,79,0.0,0.012658227848101266,10.571428571428571,0,1
元朝,1179347,宿淮南長蘆寺,宿淮南長蘆寺,宿淮南長蘆寺,1,scrape_output\raw\元朝\宿淮南長蘆寺\宿淮南長蘆寺__juan_01.txt,scrape_output\clean\元朝\宿淮南長蘆寺\宿淮南長蘆寺__juan_01.txt,113,69,0,separate,0.031746031746031744,unknown,63,0.0,0.015873015873015872,12.0,0,1
元朝,1179318,宿烏石驛,宿烏石驛,宿烏石驛,1,scrape_output\raw\元朝\宿烏石驛\宿烏石驛__juan_01.txt,scrape_output\clean\元朝\宿烏石驛\宿烏石驛__juan_01.txt,147,103,0,separate,0.02197802197802198,unknown,91,0.0,0.01098901098901099,10.625,0,1
元朝,1179323,宿臺山寺絶頂,宿臺山寺絶頂,宿臺山寺絶頂,1,scrape_output\raw\元朝\宿臺山寺絶頂\宿臺山寺絶頂__juan_01.txt,scrape_output\clean\元朝\宿臺山寺絶頂\宿臺山寺絶頂__juan_01.txt,133,89,0,separate,0.02531645569620253,unknown,79,0.0,0.012658227848101266,10.571428571428571,0,1
元朝,1179447,宿茅山崇禧觀南䲧樓,宿茅山崇禧觀南䲧樓,宿茅山崇禧觀南䲧樓,1,scrape_output\raw\元朝\宿茅山崇禧觀南䲧樓\宿茅山崇禧觀南䲧樓__juan_01.txt,scrape_output\clean\元朝\宿茅山崇禧觀南䲧樓\宿茅山崇禧觀南䲧樓__juan_01.txt,149,105,0,separate,0.010526315789473682,unknown,95,0.010526315789473684,0.021052631578947368,12.857142857142858,0,1
元朝,1179387,宿長安驛二絶,宿長安驛二絶,宿長安驛二絶,1,scrape_output\raw\元朝\宿長安驛二絶\宿長安驛二絶__juan_01.txt,scrape_output\clean\元朝\宿長安驛二絶\宿長安驛二絶__juan_01.txt,149,105,0,separate,0.021052631578947368,unknown,95,0.0,0.010526315789473684,12.857142857142858,0,1
元朝,1179543,宿青陽雲松臺二首,宿青陽雲松臺二首,宿青陽雲松臺二首,1,scrape_output\raw\元朝\宿青陽雲松臺二首\宿青陽雲松臺二首__juan_01.txt,scrape_output\clean\元朝\宿青陽雲松臺二首\宿青陽雲松臺二首__juan_01.txt,221,177,0,separate,-0.02515723270440252,unknown,159,0.012578616352201259,0.006289308176100629,13.636363636363637,0,1
元朝,1179546,寄中曹學士除浙江財賦總管聞至姑蘇,寄中曹學士除浙江財賦總管聞至姑蘇,寄中曹學士除浙江財賦總管聞至姑蘇,1,scrape_output\raw\元朝\寄中曹學士除浙江財賦總管聞至姑蘇\寄中曹學士除浙江財賦總管聞至姑蘇__juan_01.txt,scrape_output\clean\元朝\寄中曹學士除浙江財賦總管聞至姑蘇\寄中曹學士除浙江財賦總管聞至姑蘇__juan_01.txt,149,105,0,separate,-0.010526315789473686,unknown,95,0.010526315789473684,0.010526315789473684,12.857142857142858,0,1
元朝,1179279,寄中臺照磨子徵,寄中臺照磨子徵,寄中臺照磨子徵,1,scrape_output\raw\元朝\寄中臺照磨子徵\寄中臺照磨子徵__juan_01.txt,scrape_output\clean\元朝\寄中臺照磨子徵\寄中臺照磨子徵__juan_01.txt,133,89,0,separate,0.0379746835443038,unknown,79,0.012658227848101266,0.0379746835443038,10.571428571428571,0,1
元朝,1179441,寄亰口鶴林寺長老了即休,寄亰口鶴林寺長老了即休,寄亰口鶴林寺長老了即休,1,scrape_output\raw\元朝\寄亰口鶴林寺長老了即休\寄亰口鶴林寺長老了即休__juan_01.txt,scrape_output\clean\元朝\寄亰口鶴林寺長老了即休\寄亰口鶴林寺長老了即休__juan_01.txt,149,105,0,separate,0.021052631578947368,unknown,95,0.0,0.010526315789473684,12.857142857142858,0,1
元朝,886652,寄人 (囊括乾坤計未踈),寄人 (囊括乾坤計未踈),寄人 (囊括乾坤計未踈),1,scrape_output\raw\元朝\寄人 (囊括乾坤計未踈)\寄人 (囊括乾坤計未踈)__juan_01.txt,scrape_output\clean\元朝\寄人 (囊括乾坤計未踈)\寄人 (囊括乾坤計未踈)__juan_01.txt,113,69,0,separate,0.031746031746031744,unknown,63,0.0,0.015873015873015872,12.0,0,1
元朝,885607,寄人 (耶律鑄),寄人 (耶律鑄),寄人 (耶律鑄),1,scrape_output\raw\元朝\寄人 (耶律鑄)\寄人 (耶律鑄)__juan_01.txt,scrape_output\clean\元朝\寄人 (耶律鑄)\寄人 (耶律鑄)__juan_01.txt,133,89,0,separate,0.012658227848101264,unknown,79,0.012658227848101266,0.02531645569620253,10.571428571428571,0,1
元朝,766468,寄偰正字,寄偰正字,寄偰正字,1,scrape_output\suspected_baihua\raw\元朝\寄偰正字\寄偰正字__juan_01.txt,scrape_output\suspected_baihua\clean\元朝\寄偰正字\寄偰正字__juan_01.txt,413,369,0,separate,-0.012539184952978058,baihua-like,319,0.006269592476489028,0.003134796238244514,10.88888888888889,0,0
元朝,1179451,寄參政許可用,寄參政許可用,寄參政許可用,1,scrape_output\raw\元朝\寄參政許可用\寄參政許可用__juan_01.txt,scrape_output\clean\元朝\寄參政許可用\寄參政許可用__juan_01.txt,149,105,0,separate,0.021052631578947368,unknown,95,0.0,0.010526315789473684,12.857142857142858,0,1
元朝,1179287,寄友 (薩都剌),寄友 (薩都剌),寄友 (薩都剌),1,scrape_output\raw\元朝\寄友 (薩都剌)\寄友 (薩都剌)__juan_01.txt,scrape_output\clean\元朝\寄友 (薩都剌)\寄友 (薩都剌)__juan_01.txt,133,89,0,separate,0.02531645569620253,unknown,79,0.0,0.012658227848101266,10.571428571428571,0,1
元朝,1179514,寄句曲外史,寄句曲外史,寄句曲外史,1,scrape_output\raw\元朝\寄句曲外史\寄句曲外史__juan_01.txt,scrape_output\clean\元朝\寄句曲外史\寄句曲外史__juan_01.txt,149,105,0,separate,0.021052631578947368,unknown,95,0.0,0.010526315789473684,12.857142857142858,0,1
元朝,886707,寄呈,寄呈,寄呈,1,scrape_output\raw\元朝\寄呈\寄呈__juan_01.txt,scrape_output\clean\元朝\寄呈\寄呈__juan_01.txt,149,105,0,separate,0.010526315789473682,unknown,95,0.010526315789473684,0.021052631578947368,12.857142857142858,0,1
元朝,1179473,寄呈江東廉使王繼學,寄呈江東廉使王繼學,寄呈江東廉使王繼學,1,scrape_output\raw\元朝\寄呈江東廉使王繼學\寄呈江東廉使王繼學__juan_01.txt,scrape_output\clean\元朝\寄呈江東廉使王繼學\寄呈江東廉使王繼學__juan_01.txt,149,105,0,separate,0.021052631578947368,unknown,95,0.0,0.010526315789473684,12.857142857142858,0,1
元朝,886643,寄國範,寄國範,寄國範,1,scrape_output\raw\元朝\寄國範\寄國範__juan_01.txt,scrape_output\clean\元朝\寄國範\寄國範__juan_01.txt,113,69,0,separate,0.06349206349206349,unknown,63,0.0,0.031746031746031744,12.0,0,1
元朝,885814,寄國範昌齡,寄國範昌齡,寄國範昌齡,1,scrape_output\raw\元朝\寄國範昌齡\寄國範昌齡__juan_01.txt,scrape_output\clean\元朝\寄國範昌齡\寄國範昌齡__juan_01.txt,157,111,0,separate,0.04040404040404041,unknown,99,0.0,0.020202020202020204,10.444444444444445,0,1
元朝,1179282,寄士岩臺郎,寄士岩臺郎,寄士岩臺郎,1,scrape_output\raw\元朝\寄士岩臺郎\寄士岩臺郎__juan_01.txt,scrape_output\clean\元朝\寄士岩臺郎\寄士岩臺郎__juan_01.txt,133,89,0,separate,0.05063291139240506,unknown,79,0.0,0.02531645569620253,10.571428571428571,0,1
元朝,768841,寄太素高士,寄太素高士,寄太素高士,1,scrape_output\suspected_baihua\raw\元朝\寄太素高士\寄太素高士__juan_01.txt,scrape_output\suspected_baihua\clean\元朝\寄太素高士\寄太素高士__juan_01.txt,331,287,0,separate,-0.011673151750972763,baihua-like,257,0.011673151750972763,0.011673151750972763,14.235294117647058,0,0
元朝,1179376,寄奎章學士濟南李溉之,寄奎章學士濟南李溉之,寄奎章學士濟南李溉之,1,scrape_output\raw\元朝\寄奎章學士濟南李溉之\寄奎章學士濟南李溉之__juan_01.txt,scrape_output\clean\元朝\寄奎章學士濟南李溉之\寄奎章學士濟南李溉之__juan_01.txt,149,105,0,separate,0.021052631578947368,unknown,95,0.0,0.010526315789473684,12.857142857142858,0,1
元朝,886641,寄季淵,寄季淵,寄季淵,1,scrape_output\raw\元朝\寄季淵\寄季淵__juan_01.txt,scrape_output\clean\元朝\寄季淵\寄季淵__juan_01.txt,113,69,0,separate,0.031746031746031744,unknown,63,0.0,0.015873015873015872,12.0,0,1
元朝,766475,寄完哲清卿參政其婿某近卒,寄完哲清卿參政其婿某近卒,寄完哲清卿參政其婿某近卒,1,scrape_output\raw\元朝\寄完哲清卿參政其婿某近卒\寄完哲清卿參政其婿某近卒__juan_01.txt,scrape_output\clean\元朝\寄完哲清卿參政其婿某近卒\寄完哲清卿參政其婿某近卒__juan_01.txt,149,105,0,separate,0.010526315789473682,unknown,95,0.010526315789473684,0.021052631578947368,12.857142857142858,0,1
元朝,886648,寄家兄,寄家兄,寄家兄,1,scrape_output\raw\元朝\寄家兄\寄家兄__juan_01.txt,scrape_output\clean\元朝\寄家兄\寄家兄__juan_01.txt,113,69,0,separate,0.031746031746031744,unknown,63,0.0,0.015873015873015872,12.0,0,1
元朝,885815,寄尹仲明兼簡盧進之,寄尹仲明兼簡盧進之,寄尹仲明兼簡盧進之,1,scrape_output\raw\元朝\寄尹仲明兼簡盧進之\寄尹仲明兼簡盧進之__juan_01.txt,scrape_output\clean\元朝\寄尹仲明兼簡盧進之\寄尹仲明兼簡盧進之__juan_01.txt,164,118,0,separate,-0.009433962264150945,unknown,106,0.009433962264150943,0.009433962264150943,11.222222222222221,0,1
元朝,885812,寄岩翁,寄岩翁,寄岩翁,1,scrape_output\raw\元朝\寄岩翁\寄岩翁__juan_01.txt,scrape_output\clean\元朝\寄岩翁\寄岩翁__juan_01.txt,162,116,0,separate,-0.009523809523809525,unknown,105,0.009523809523809525,0.009523809523809525,12.5,0,1
元朝,766423,寄崇明秦文仲,寄崇明秦文仲,寄崇明秦文仲,1,scrape_output\raw\元朝\寄崇明秦文仲\寄崇明秦文仲__juan_01.txt,scrape_output\clean\元朝\寄崇明秦文仲\寄崇明秦文仲__juan_01.txt,149,105,0,separate,0.042105263157894736,unknown,95,0.0,0.021052631578947368,12.857142857142858,0,1
元朝,768860,寄徐仲幾,寄徐仲幾,寄徐仲幾,1,scrape_output\raw\元朝\寄徐仲幾\寄徐仲幾__juan_01.txt,scrape_output\clean\元朝\寄徐仲幾\寄徐仲幾__juan_01.txt,149,105,0,separate,0.031578947368421054,unknown,95,0.010526315789473684,0.031578947368421054,12.857142857142858,0,1
元朝,1179247,寄御史王伯循,寄御史王伯循,寄御史王伯循,1,scrape_output\raw\元朝\寄御史王伯循\寄御史王伯循__juan_01.txt,scrape_output\clean\元朝\寄御史王伯循\寄御史王伯循__juan_01.txt,133,89,0,separate,0.012658227848101264,unknown,79,0.012658227848101266,0.02531645569620253,10.571428571428571,0,1
元朝,1179301,寄志道張令尹,寄志道張令尹,寄志道張令尹,1,scrape_output\raw\元朝\寄志道張令尹\寄志道張令尹__juan_01.txt,scrape_output\clean\元朝\寄志道張令尹\寄志道張令尹__juan_01.txt,133,89,0,separate,-0.012658227848101267,unknown,79,0.012658227848101266,0.012658227848101266,10.571428571428571,0,1
元朝,1179454,寄文濟王府教授郭尚之,寄文濟王府教授郭尚之,寄文濟王府教授郭尚之,1,scrape_output\raw\元朝\寄文濟王府教授郭尚之\寄文濟王府教授郭尚之__juan_01.txt,scrape_output\clean\元朝\寄文濟王府教授郭尚之\寄文濟王府教授郭尚之__juan_01.txt,149,105,0,separate,0.031578947368421054,unknown,95,0.010526315789473684,0.031578947368421054,12.857142857142858,0,1
元朝,1179560,寄新原林道士,寄新原林道士,寄新原林道士,1,scrape_output\raw\元朝\寄新原林道士\寄新原林道士__juan_01.txt,scrape_output\clean\元朝\寄新原林道士\寄新原林道士__juan_01.txt,149,105,0,separate,0.042105263157894736,unknown,95,0.0,0.021052631578947368,12.857142857142858,0,1
元朝,766421,寄晏上俞士平提學陸良貴秦文仲二教授,寄晏上俞士平提學陸良貴秦文仲二教授,寄晏上俞士平提學陸良貴秦文仲二教授,1,scrape_output\raw\元朝\寄晏上俞士平提學陸良貴秦文仲二教授\寄晏上俞士平提學陸良貴秦文仲二教授__juan_01.txt,scrape_output\clean\元朝\寄晏上俞士平提學陸良貴秦文仲二教授\寄晏上俞士平提學陸良貴秦文仲二教授__juan_01.txt,149,105,0,separate,-0.010526315789473686,unknown,95,0.010526315789473684,0.010526315789473684,12.857142857142858,0,1
元朝,1179260,寄朱縣尹,寄朱縣尹,寄朱縣尹,1,scrape_output\raw\元朝\寄朱縣尹\寄朱縣尹__juan_01.txt,scrape_output\clean\元朝\寄朱縣尹\寄朱縣尹__juan_01.txt,133,89,0,separate,-0.05063291139240507,unknown,79,0.02531645569620253,0.012658227848101266,10.571428571428571,0,1
元朝,1179317,寄朱舜咨王伯循了即休,寄朱舜咨王伯循了即休,寄朱舜咨王伯循了即休,1,scrape_output\suspected_baihua\raw\元朝\寄朱舜咨王伯循了即休\寄朱舜咨王伯循了即休__juan_01.txt,scrape_output\suspected_baihua\clean\元朝\寄朱舜咨王伯循了即休\寄朱舜咨王伯循了即休__juan_01.txt,526,480,0,separate,-0.020689655172413793,baihua-like,435,0.011494252873563218,0.006896551724137931,12.6875,0,0
元朝,885813,寄李徵君,寄李徵君,寄李徵君,1,scrape_output\raw\元朝\寄李徵君\寄李徵君__juan_01.txt,scrape_output\clean\元朝\寄李徵君\寄李徵君__juan_01.txt,149,105,0,separate,0.06315789473684211,unknown,95,0.0,0.031578947368421054,12.857142857142858,0,1
元朝,886222,寄李東軒,寄李東軒,寄李東軒,1,scrape_output\raw\元朝\寄李東軒\寄李東軒__juan_01.txt,scrape_output\clean\元朝\寄李東軒\寄李東軒__juan_01.txt,105,61,0,separate,-0.01818181818181818,unknown,55,0.01818181818181818,0.01818181818181818,10.4,0,1
元朝,886644,寄李稚川,寄李稚川,寄李稚川,1,scrape_output\raw\元朝\寄李稚川\寄李稚川__juan_01.txt,scrape_output\clean\元朝\寄李稚川\寄李稚川__juan_01.txt,113,69,0,separate,0.06349206349206349,unknown,63,0.0,0.031746031746031744,12.0,0,1
元朝,885816,寄李道隐之和,寄李道隐之和,寄李道隐之和,1,scrape_output\raw\元朝\寄李道隐之和\寄李道隐之和__juan_01.txt,scrape_output\clean\元朝\寄李道隐之和\寄李道隐之和__juan_01.txt,162,116,0,separate,-0.0380952380952381,unknown,105,0.01904761904761905,0.009523809523809525,12.5,0,1
元朝,766433,寄桃浦諸故知即事,寄桃浦諸故知即事,寄桃浦諸故知即事,1,scrape_output\raw\元朝\寄桃浦諸故知即事\寄桃浦諸故知即事__juan_01.txt,scrape_output\clean\元朝\寄桃浦諸故知即事\寄桃浦諸故知即事__juan_01.txt,589,545,0,separate,0.008146639511201627,wenyan-like,491,0.012219959266802444,0.02240325865580448,14.46875,0,0
元朝,886642,寄楊之美,寄楊之美,寄楊之美,1,scrape_output\raw\元朝\寄楊之美\寄楊之美__juan_01.txt,scrape_output\clean\元朝\寄楊之美\寄楊之美__juan_01.txt,113,69,0,separate,0.06349206349206349,unknown,63,0.0,0.031746031746031744,12.0,0,1
元朝,886221,寄楊誠之,寄楊誠之,寄楊誠之,1,scrape_output\raw\元朝\寄楊誠之\寄楊誠之__juan_01.txt,scrape_output\clean\元朝\寄楊誠之\寄楊誠之__juan_01.txt,105,61,0,separate,0.03636363636363636,unknown,55,0.0,0.01818181818181818,10.4,0,1
元朝,886651,寄歸二首,寄歸二首,寄歸二首,1,scrape_output\raw\元朝\寄歸二首\寄歸二首__juan_01.txt,scrape_output\clean\元朝\寄歸二首\寄歸二首__juan_01.txt,149,105,0,separate,0.010526315789473682,unknown,95,0.010526315789473684,0.021052631578947368,12.857142857142858,0,1
元朝,1179550,寄湖南張子壽以西臺御史拜前職素有退志故舉兼善勸之,寄湖南張子壽以西臺御史拜前職素有退志故舉兼善勸之,寄湖南張子壽以西臺御史拜前職素有退志故舉兼善勸之,1,scrape_output\raw\元朝\寄湖南張子壽以西臺御史拜前職素有退志故舉兼善勸之\寄湖南張子壽以西臺御史拜前職素有退志故舉兼善勸之__juan_01.txt,scrape_output\clean\元朝\寄湖南張子壽以西臺御史拜前職素有退志故舉兼善勸之\寄湖南張子壽以西臺御史拜前職素有退志故舉兼善勸之__juan_01.txt,149,105,0,separate,0.021052631578947368,unknown,95,0.0,0.010526315789473684,12.857142857142858,0,1
元朝,1179267,寄王御史,寄王御史,寄王御史,1,scrape_output\raw\元朝\寄王御史\寄王御史__juan_01.txt,scrape_output\clean\元朝\寄王御史\寄王御史__juan_01.txt,133,89,0,separate,0.02531645569620253,unknown,79,0.0,0.012658227848101266,10.571428571428571,0,1
元朝,1179515,寄王本中,寄王本中,寄王本中,1,scrape_output\raw\元朝\寄王本中\寄王本中__juan_01.txt,scrape_output\clean\元朝\寄王本中\寄王本中__juan_01.txt,149,105,0,separate,0.021052631578947368,unknown,95,0.0,0.010526315789473684,12.857142857142858,0,1
元朝,886151,寄白雲庵趙鍊師,寄白雲庵趙鍊師,寄白雲庵趙鍊師,1,scrape_output\raw\元朝\寄白雲庵趙鍊師\寄白雲庵趙鍊師__juan_01.txt,scrape_output\clean\元朝\寄白雲庵趙鍊師\寄白雲庵趙鍊師__juan_01.txt,149,105,0,separate,0.042105263157894736,unknown,95,0.0,0.021052631578947368,12.857142857142858,0,1
元朝,1179632,寄省郎沙子丁,寄省郎沙子丁,寄省郎沙子丁,1,scrape_output\raw\元朝\寄省郎沙子丁\寄省郎沙子丁__juan_01.txt,scrape_output\clean\元朝\寄省郎沙子丁\寄省郎沙子丁__juan_01.txt,221,177,0,separate,-0.031446540880503145,unknown,159,0.018867924528301886,0.012578616352201259,13.636363636363637,0,1
元朝,1179271,寄省郎郭天錫,寄省郎郭天錫,寄省郎郭天錫,1,scrape_output\raw\元朝\寄省郎郭天錫\寄省郎郭天錫__juan_01.txt,scrape_output\clean\元朝\寄省郎郭天錫\寄省郎郭天錫__juan_01.txt,133,89,0,separate,-0.012658227848101267,unknown,79,0.012658227848101266,0.012658227848101266,10.571428571428571,0,1
元朝,1179261,寄石民瞻,寄石民瞻,寄石民瞻,1,scrape_output\raw\元朝\寄石民瞻\寄石民瞻__juan_01.txt,scrape_output\clean\元朝\寄石民瞻\寄石民瞻__juan_01.txt,133,89,0,separate,0.02531645569620253,unknown,79,0.0,0.012658227848101266,10.571428571428571,0,1
元朝,1179278,寄習思敬,寄習思敬,寄習思敬,1,scrape_output\raw\元朝\寄習思敬\寄習思敬__juan_01.txt,scrape_output\clean\元朝\寄習思敬\寄習思敬__juan_01.txt,133,89,0,separate,0.05063291139240506,unknown,79,0.0,0.02531645569620253,10.571428571428571,0,1
元朝,1179240,寄舍弟天與,寄舍弟天與,寄舍弟天與,1,scrape_output\raw\元朝\寄舍弟天與\寄舍弟天與__juan_01.txt,scrape_output\clean\元朝\寄舍弟天與\寄舍弟天與__juan_01.txt,133,89,0,separate,0.02531645569620253,unknown,79,0.0,0.012658227848101266,10.571428571428571,0,1
元朝,1179534,寄良常伯雨,寄良常伯雨,寄良常伯雨,1,scrape_output\raw\元朝\寄良常伯雨\寄良常伯雨__juan_01.txt,scrape_output\clean\元朝\寄良常伯雨\寄良常伯雨__juan_01.txt,149,105,0,separate,0.010526315789473682,unknown,95,0.010526315789473684,0.021052631578947368,12.857142857142858,0,1
元朝,749979,寄董與幾,寄董與幾,寄董與幾,1,scrape_output\raw\元朝\寄董與幾\寄董與幾__juan_01.txt,scrape_output\clean\元朝\寄董與幾\寄董與幾__juan_01.txt,388,388,0,separate,0.005555555555555557,wenyan-like,360,0.005555555555555556,0.011111111111111112,11.0,0,0
元朝,885807,寄西平,寄西平,寄西平,1,scrape_output\raw\元朝\寄西平\寄西平__juan_01.txt,scrape_output\clean\元朝\寄西平\寄西平__juan_01.txt,149,105,0,separate,-0.010526315789473686,unknown,95,0.010526315789473684,0.010526315789473684,12.857142857142858,0,1
元朝,1179433,寄賀天竺長老訢咲隱召住大龍翔集慶寺,寄賀天竺長老訢咲隱召住大龍翔集慶寺,寄賀天竺長老訢咲隱召住大龍翔集慶寺,1,scrape_output\raw\元朝\寄賀天竺長老訢咲隱召住大龍翔集慶寺\寄賀天竺長老訢咲隱召住大龍翔集慶寺__juan_01.txt,scrape_output\clean\元朝\寄賀天竺長老訢咲隱召住大龍翔集慶寺\寄賀天竺長老訢咲隱召住大龍翔集慶寺__juan_01.txt,149,105,0,separate,-0.02105263157894737,unknown,95,0.021052631578947368,0.021052631578947368,12.857142857142858,0,1
元朝,1179452,寄賀進士也先不花仲實除侍儀通事舍人,寄賀進士也先不花仲實除侍儀通事舍人,寄賀進士也先不花仲實除侍儀通事舍人,1,scrape_output\raw\元朝\寄賀進士也先不花仲實除侍儀通事舍人\寄賀進士也先不花仲實除侍儀通事舍人__juan_01.txt,scrape_output\clean\元朝\寄賀進士也先不花仲實除侍儀通事舍人\寄賀進士也先不花仲實除侍儀通事舍人__juan_01.txt,149,105,0,separate,0.042105263157894736,unknown,95,0.0,0.021052631578947368,12.857142857142858,0,1
元朝,886645,寄趙虎巖,寄趙虎巖,寄趙虎巖,1,scrape_output\raw\元朝\寄趙虎巖\寄趙虎巖__juan_01.txt,scrape_output\clean\元朝\寄趙虎巖\寄趙虎巖__juan_01.txt,113,69,0,separate,0.12698412698412698,unknown,63,0.0,0.06349206349206349,12.0,0,1
元朝,885468,寄趙虎巖呂龍山,寄趙虎巖呂龍山,寄趙虎巖呂龍山,1,scrape_output\raw\元朝\寄趙虎巖呂龍山\寄趙虎巖呂龍山__juan_01.txt,scrape_output\clean\元朝\寄趙虎巖呂龍山\寄趙虎巖呂龍山__juan_01.txt,154,108,0,separate,0.010309278350515462,unknown,97,0.010309278350515464,0.020618556701030927,10.11111111111111,0,1
元朝,885613,寄郭隠君輔之,寄郭隠君輔之,寄郭隠君輔之,1,scrape_output\raw\元朝\寄郭隠君輔之\寄郭隠君輔之__juan_01.txt,scrape_output\clean\元朝\寄郭隠君輔之\寄郭隠君輔之__juan_01.txt,135,91,0,separate,0.02531645569620253,unknown,79,0.0,0.012658227848101266,8.222222222222221,0,1
元朝,1179321,寄鉛山别駕完顔子忠,寄鉛山别駕完顔子忠,寄鉛山别駕完顔子忠,1,scrape_output\raw\元朝\寄鉛山别駕完顔子忠\寄鉛山别駕完顔子忠__juan_01.txt,scrape_output\clean\元朝\寄鉛山别駕完顔子忠\寄鉛山别駕完顔子忠__juan_01.txt,175,131,0,separate,0.017391304347826087,unknown,115,0.0,0.008695652173913044,10.7,0,1
元朝,766422,寄錢泰窩陳雪軒二遺叟,寄錢泰窩陳雪軒二遺叟,寄錢泰窩陳雪軒二遺叟,1,scrape_output\raw\元朝\寄錢泰窩陳雪軒二遺叟\寄錢泰窩陳雪軒二遺叟__juan_01.txt,scrape_output\clean\元朝\寄錢泰窩陳雪軒二遺叟\寄錢泰窩陳雪軒二遺叟__juan_01.txt,149,105,0,separate,0.010526315789473682,unknown,95,0.010526315789473684,0.021052631578947368,12.857142857142858,0,1
元朝,885817,寄隐者 (耶律鑄),寄隐者 (耶律鑄),寄隐者 (耶律鑄),1,scrape_output\raw\元朝\寄隐者 (耶律鑄)\寄隐者 (耶律鑄)__juan_01.txt,scrape_output\clean\元朝\寄隐者 (耶律鑄)\寄隐者 (耶律鑄)__juan_01.txt,182,138,0,separate,-0.008000000000000007,unknown,125,0.024,0.032,12.0,0,1
元朝,317475,寄鞏州司農少卿李執剛,寄鞏州司農少卿李執剛,寄鞏州司農少卿李執剛,1,scrape_output\raw\元朝\寄鞏州司農少卿李執剛\寄鞏州司農少卿李執剛__juan_01.txt,scrape_output\clean\元朝\寄鞏州司農少卿李執剛\寄鞏州司農少卿李執剛__juan_01.txt,166,120,0,separate,0.05504587155963303,unknown,109,0.0,0.027522935779816515,11.444444444444445,0,1
元朝,886028,寄題一枝庵主人,寄題一枝庵主人,寄題一枝庵主人,1,scrape_output\raw\元朝\寄題一枝庵主人\寄題一枝庵主人__juan_01.txt,scrape_output\clean\元朝\寄題一枝庵主人\寄題一枝庵主人__juan_01.txt,149,105,0,separate,0.042105263157894736,unknown,95,0.0,0.021052631578947368,12.857142857142858,0,1
元朝,766459,寄題瑣憲臣萬戶星湖釣隱圖,寄題瑣憲臣萬戶星湖釣隱圖,寄題瑣憲臣萬戶星湖釣隱圖,1,scrape_output\raw\元朝\寄題瑣憲臣萬戶星湖釣隱圖\寄題瑣憲臣萬戶星湖釣隱圖__juan_01.txt,scrape_output\clean\元朝\寄題瑣憲臣萬戶星湖釣隱圖\寄題瑣憲臣萬戶星湖釣隱圖__juan_01.txt,149,105,0,separate,-0.04210526315789474,unknown,95,0.021052631578947368,0.010526315789473684,12.857142857142858,0,1
元朝,1179484,寄馬昂夫總管,寄馬昂夫總管,寄馬昂夫總管,1,scrape_output\raw\元朝\寄馬昂夫總管\寄馬昂夫總管__juan_01.txt,scrape_output\clean\元朝\寄馬昂夫總管\寄馬昂夫總管__juan_01.txt,149,105,0,separate,0.021052631578947368,unknown,95,0.0,0.010526315789473684,12.857142857142858,0,1
元朝,885606,寄高仲傑,寄高仲傑,寄高仲傑,1,scrape_output\raw\元朝\寄高仲傑\寄高仲傑__juan_01.txt,scrape_output\clean\元朝\寄高仲傑\寄高仲傑__juan_01.txt,133,89,0,separate,-0.012658227848101267,unknown,79,0.012658227848101266,0.012658227848101266,10.571428571428571,0,1
元朝,875542,密跡力士大權神王經偈頌,密跡力士大權神王經偈頌,密跡力士大權神王經偈頌,1,scrape_output\raw\元朝\密跡力士大權神王經偈頌\密跡力士大權神王經偈頌__juan_01.txt,scrape_output\clean\元朝\密跡力士大權神王經偈頌\密跡力士大權神王經偈頌__juan_01.txt,9163,9009,0,separate,0.008230943576285343,wenyan-like,8383,0.011332458547059525,0.021114159608731958,9.37378640776699,0,0
元朝,765018,富春八景詩序,富春八景詩序,富春八景詩序,1,scrape_output\raw\元朝\富春八景詩序\富春八景詩序__juan_01.txt,scrape_output\clean\元朝\富春八景詩序\富春八景詩序__juan_01.txt,447,403,0,separate,0.4868686868686869,wenyan-like,396,0.0,0.09343434343434344,25.6,0,0
元朝,1179523,寒夜即事,寒夜即事,寒夜即事,1,scrape_output\raw\元朝\寒夜即事\寒夜即事__juan_01.txt,scrape_output\clean\元朝\寒夜即事\寒夜即事__juan_01.txt,149,105,0,separate,0.042105263157894736,unknown,95,0.0,0.021052631578947368,12.857142857142858,0,1
元朝,1179429,寒夜懷京口韻,寒夜懷京口韻,寒夜懷京口韻,1,scrape_output\raw\元朝\寒夜懷京口韻\寒夜懷京口韻__juan_01.txt,scrape_output\clean\元朝\寒夜懷京口韻\寒夜懷京口韻__juan_01.txt,149,105,0,separate,0.021052631578947368,unknown,95,0.0,0.010526315789473684,12.857142857142858,0,1
元朝,1179591,寒夜聞角,寒夜聞角,寒夜聞角,1,scrape_output\raw\元朝\寒夜聞角\寒夜聞角__juan_01.txt,scrape_output\clean\元朝\寒夜聞角\寒夜聞角__juan_01.txt,221,177,0,separate,-0.04402515723270441,unknown,159,0.018867924528301886,0.006289308176100629,13.636363636363637,0,1
元朝,886422,寒食日見花開,寒食日見花開,寒食日見花開,1,scrape_output\raw\元朝\寒食日見花開\寒食日見花開__juan_01.txt,scrape_output\clean\元朝\寒食日見花開\寒食日見花開__juan_01.txt,113,69,0,separate,-0.015873015873015872,unknown,63,0.015873015873015872,0.015873015873015872,12.0,0,1
元朝,1179404,寒食馬上,寒食馬上,寒食馬上,1,scrape_output\raw\元朝\寒食馬上\寒食馬上__juan_01.txt,scrape_output\clean\元朝\寒食馬上\寒食馬上__juan_01.txt,113,69,0,separate,0.031746031746031744,unknown,63,0.0,0.015873015873015872,12.0,0,1
元朝,885647,寓居靈州北村,寓居靈州北村,寓居靈州北村,1,scrape_output\raw\元朝\寓居靈州北村\寓居靈州北村__juan_01.txt,scrape_output\clean\元朝\寓居靈州北村\寓居靈州北村__juan_01.txt,156,108,0,separate,0.010638297872340427,unknown,94,0.010638297872340425,0.02127659574468085,8.9,0,1
元朝,768907,寓意三首次敬助韻,寓意三首次敬助韻,寓意三首次敬助韻,1,scrape_output\raw\元朝\寓意三首次敬助韻\寓意三首次敬助韻__juan_01.txt,scrape_output\clean\元朝\寓意三首次敬助韻\寓意三首次敬助韻__juan_01.txt,285,241,0,separate,0.03414634146341464,wenyan-like,205,0.004878048780487805,0.024390243902439025,9.5,0,0
元朝,768831,寓意次敬助韻,寓意次敬助韻,寓意次敬助韻,1,scrape_output\raw\元朝\寓意次敬助韻\寓意次敬助韻__juan_01.txt,scrape_output\clean\元朝\寓意次敬助韻\寓意次敬助韻__juan_01.txt,709,665,0,separate,0.026833631484794274,wenyan-like,559,0.008944543828264758,0.026833631484794274,9.017543859649123,0,0
元朝,886087,寓歷亭,寓歷亭,寓歷亭,1,scrape_output\raw\元朝\寓歷亭\寓歷亭__juan_01.txt,scrape_output\clean\元朝\寓歷亭\寓歷亭__juan_01.txt,165,119,0,separate,0.04672897196261682,unknown,107,0.009345794392523364,0.037383177570093455,12.75,0,1
元朝,886183,寛甸有感,寛甸有感,寛甸有感,1,scrape_output\raw\元朝\寛甸有感\寛甸有感__juan_01.txt,scrape_output\clean\元朝\寛甸有感\寛甸有感__juan_01.txt,213,163,0,separate,0.0410958904109589,unknown,146,0.0136986301369863,0.0410958904109589,9.2,0,1
元朝,768852,寫懷,寫懷,寫懷,1,scrape_output\raw\元朝\寫懷\寫懷__juan_01.txt,scrape_output\clean\元朝\寫懷\寫懷__juan_01.txt,133,89,0,separate,0.012658227848101264,unknown,79,0.012658227848101266,0.02531645569620253,10.571428571428571,0,1
元朝,1145797,寳鼎現,寳鼎現·春月,寳鼎現,1,scrape_output\suspected_baihua\raw\元朝\寳鼎現\寳鼎現__juan_01.txt,scrape_output\suspected_baihua\clean\元朝\寳鼎現\寳鼎現__juan_01.txt,289,245,0,separate,-0.026431718061674016,baihua-like,227,0.01762114537444934,0.013215859030837005,7.241379310344827,0,0
元朝,1179380,將入閩趙郡崔好德求題輿地圖,將入閩趙郡崔好德求題輿地圖,將入閩趙郡崔好德求題輿地圖,1,scrape_output\raw\元朝\將入閩趙郡崔好德求題輿地圖\將入閩趙郡崔好德求題輿地圖__juan_01.txt,scrape_output\clean\元朝\將入閩趙郡崔好德求題輿地圖\將入閩趙郡崔好德求題輿地圖__juan_01.txt,113,69,0,separate,0.031746031746031744,unknown,63,0.0,0.015873015873015872,12.0,0,1
元朝,1179328,將至大橫驛舍舟乘輿暮行二首,將至大橫驛舍舟乘輿暮行二首,將至大橫驛舍舟乘輿暮行二首,1,scrape_output\raw\元朝\將至大橫驛舍舟乘輿暮行二首\將至大橫驛舍舟乘輿暮行二首__juan_01.txt,scrape_output\clean\元朝\將至大橫驛舍舟乘輿暮行二首\將至大橫驛舍舟乘輿暮行二首__juan_01.txt,189,145,0,separate,0.015748031496062992,unknown,127,0.0,0.007874015748031496,10.727272727272727,0,1
元朝,1179651,將至太平驛即興,將至太平驛即興,將至太平驛即興,1,scrape_output\raw\元朝\將至太平驛即興\將至太平驛即興__juan_01.txt,scrape_output\clean\元朝\將至太平驛即興\將至太平驛即興__juan_01.txt,149,105,0,separate,0.08421052631578947,unknown,95,0.0,0.042105263157894736,12.857142857142858,0,1
元朝,1179367,將遊茅山先寄道士張伯雨,將遊茅山先寄道士張伯雨,將遊茅山先寄道士張伯雨,1,scrape_output\raw\元朝\將遊茅山先寄道士張伯雨\將遊茅山先寄道士張伯雨__juan_01.txt,scrape_output\clean\元朝\將遊茅山先寄道士張伯雨\將遊茅山先寄道士張伯雨__juan_01.txt,113,69,0,separate,-0.015873015873015872,unknown,63,0.015873015873015872,0.015873015873015872,12.0,0,1
元朝,886133,對城南池蓮招曺南湖,對城南池蓮招曺南湖,對城南池蓮招曺南湖,1,scrape_output\raw\元朝\對城南池蓮招曺南湖\對城南池蓮招曺南湖__juan_01.txt,scrape_output\clean\元朝\對城南池蓮招曺南湖\對城南池蓮招曺南湖__juan_01.txt,149,105,0,separate,0.021052631578947368,unknown,95,0.0,0.010526315789473684,12.857142857142858,0,1
元朝,1179345,對客 (薩都剌),對客 (薩都剌),對客 (薩都剌),1,scrape_output\raw\元朝\對客 (薩都剌)\對客 (薩都剌)__juan_01.txt,scrape_output\clean\元朝\對客 (薩都剌)\對客 (薩都剌)__juan_01.txt,113,69,0,separate,-0.015873015873015872,unknown,63,0.015873015873015872,0.015873015873015872,12.0,0,1
元朝,886442,對後園梅花簡示諸公,對後園梅花簡示諸公,對後園梅花簡示諸公,1,scrape_output\raw\元朝\對後園梅花簡示諸公\對後園梅花簡示諸公__juan_01.txt,scrape_output\clean\元朝\對後園梅花簡示諸公\對後園梅花簡示諸公__juan_01.txt,113,69,0,separate,0.015873015873015872,unknown,63,0.015873015873015872,0.031746031746031744,12.0,0,1
元朝,768840,對景吟,對景吟,對景吟,1,scrape_output\raw\元朝\對景吟\對景吟__juan_01.txt,scrape_output\clean\元朝\對景吟\對景吟__juan_01.txt,257,213,0,separate,0.02617801047120419,unknown,191,0.005235602094240838,0.020942408376963352,13.846153846153847,0,1
元朝,886437,對月吟,對月吟,對月吟,1,scrape_output\raw\元朝\對月吟\對月吟__juan_01.txt,scrape_output\clean\元朝\對月吟\對月吟__juan_01.txt,113,69,0,separate,0.031746031746031744,unknown,63,0.0,0.015873015873015872,12.0,0,1
元朝,885330,對月吟擬諸公體,對月吟擬諸公體,對月吟擬諸公體,1,scrape_output\raw\元朝\對月吟擬諸公體\對月吟擬諸公體__juan_01.txt,scrape_output\clean\元朝\對月吟擬諸公體\對月吟擬諸公體__juan_01.txt,245,201,0,separate,0.05714285714285714,unknown,175,0.0,0.02857142857142857,10.8,0,1
元朝,885321,對竹引,對竹引,對竹引,1,scrape_output\raw\元朝\對竹引\對竹引__juan_01.txt,scrape_output\clean\元朝\對竹引\對竹引__juan_01.txt,150,104,0,separate,0.021505376344086023,unknown,93,0.0,0.010752688172043012,11.0,0,1
元朝,885329,對酒 (耶律鑄),對酒 (耶律鑄),對酒 (耶律鑄),1,scrape_output\raw\元朝\對酒 (耶律鑄)\對酒 (耶律鑄)__juan_01.txt,scrape_output\clean\元朝\對酒 (耶律鑄)\對酒 (耶律鑄)__juan_01.txt,199,151,0,separate,-0.06106870229007634,unknown,131,0.030534351145038167,0.015267175572519083,8.785714285714286,0,1
元朝,886724,對酒吟 (耶律鑄),對酒吟 (耶律鑄),對酒吟 (耶律鑄),1,scrape_output\raw\元朝\對酒吟 (耶律鑄)\對酒吟 (耶律鑄)__juan_01.txt,scrape_output\clean\元朝\對酒吟 (耶律鑄)\對酒吟 (耶律鑄)__juan_01.txt,113,69,0,separate,-0.06349206349206349,unknown,63,0.031746031746031744,0.015873015873015872,12.0,0,1
元朝,317439,小亨集,小亨集/卷1,小亨集,1,scrape_output\raw\元朝\小亨集\小亨集__juan_01.txt,scrape_output\clean\元朝\小亨集\小亨集__juan_01.txt,3651,3595,0,separate,0.06974491443332256,wenyan-like,3097,0.007103648692282854,0.045527930255085565,9.805369127516778,0,0
元朝,766440,小匕首歌,小匕首歌,小匕首歌,1,scrape_output\raw\元朝\小匕首歌\小匕首歌__juan_01.txt,scrape_output\clean\元朝\小匕首歌\小匕首歌__juan_01.txt,275,231,0,separate,0.014492753623188408,wenyan-like,207,0.014492753623188406,0.028985507246376812,13.928571428571429,0,0
元朝,885318,小垂虹,小垂虹,小垂虹,1,scrape_output\raw\元朝\小垂虹\小垂虹__juan_01.txt,scrape_output\clean\元朝\小垂虹\小垂虹__juan_01.txt,133,89,0,separate,0.02531645569620253,unknown,79,0.0,0.012658227848101266,10.571428571428571,0,1
元朝,765342,小桃源記 (隱君顧仲英氏),小桃源記 (隱君顧仲英氏),小桃源記 (隱君顧仲英氏),1,scrape_output\raw\元朝\小桃源記 (隱君顧仲英氏)\小桃源記 (隱君顧仲英氏)__juan_01.txt,scrape_output\clean\元朝\小桃源記 (隱君顧仲英氏)\小桃源記 (隱君顧仲英氏)__juan_01.txt,702,658,0,separate,0.39228395061728394,wenyan-like,648,0.010802469135802469,0.13734567901234568,22.25,0,0
元朝,765216,小瀛洲記,小瀛洲記,小瀛洲記,1,scrape_output\raw\元朝\小瀛洲記\小瀛洲記__juan_01.txt,scrape_output\clean\元朝\小瀛洲記\小瀛洲記__juan_01.txt,554,510,0,separate,0.349203187250996,wenyan-like,502,0.01195219123505976,0.11752988047808766,21.0,0,0
元朝,886224,小獵,小獵,小獵,1,scrape_output\raw\元朝\小獵\小獵__juan_01.txt,scrape_output\clean\元朝\小獵\小獵__juan_01.txt,105,61,0,separate,0.03636363636363636,unknown,55,0.0,0.01818181818181818,10.4,0,1
元朝,886182,小獵詩,小獵詩,小獵詩,1,scrape_output\raw\元朝\小獵詩\小獵詩__juan_01.txt,scrape_output\clean\元朝\小獵詩\小獵詩__juan_01.txt,221,177,0,separate,0.025157232704402517,unknown,159,0.0,0.012578616352201259,13.636363636363637,0,1
元朝,886044,小隐園擬樂天,小隐園擬樂天,小隐園擬樂天,1,scrape_output\raw\元朝\小隐園擬樂天\小隐園擬樂天__juan_01.txt,scrape_output\clean\元朝\小隐園擬樂天\小隐園擬樂天__juan_01.txt,149,105,0,separate,0.021052631578947368,unknown,95,0.0,0.010526315789473684,12.857142857142858,0,1
元朝,886667,少年行 (耶律鑄),少年行 (耶律鑄),少年行 (耶律鑄),1,scrape_output\raw\元朝\少年行 (耶律鑄)\少年行 (耶律鑄)__juan_01.txt,scrape_output\clean\元朝\少年行 (耶律鑄)\少年行 (耶律鑄)__juan_01.txt,113,69,0,separate,0.031746031746031744,unknown,63,0.0,0.015873015873015872,12.0,0,1
元朝,765221,尚志齋記,尚志齋記,尚志齋記,1,scrape_output\raw\元朝\尚志齋記\尚志齋記__juan_01.txt,scrape_output\clean\元朝\尚志齋記\尚志齋記__juan_01.txt,490,446,0,separate,0.4481651376146789,wenyan-like,436,0.009174311926605505,0.1628440366972477,17.333333333333332,0,0
元朝,765279,尚志齋記 (有辭),尚志齋記 (有辭),尚志齋記 (有辭),1,scrape_output\raw\元朝\尚志齋記 (有辭)\尚志齋記 (有辭)__juan_01.txt,scrape_output\clean\元朝\尚志齋記 (有辭)\尚志齋記 (有辭)__juan_01.txt,620,528,0,separate,0.5082375478927204,wenyan-like,522,0.005747126436781609,0.18773946360153257,22.772727272727273,0,0
元朝,760831,局方發揮,局方發揮,局方發揮,1,scrape_output\raw\元朝\局方發揮\局方發揮__juan_01.txt,scrape_output\clean\元朝\局方發揮\局方發揮__juan_01.txt,15020,14979,0,separate,0.46168387183268533,wenyan-like,14918,0.007775841265585199,0.09250569781472047,45.83699059561128,0,0
元朝,1110738,居家必用事類全集,居家必用事類全集,居家必用事類全集,1,scrape_output\raw\元朝\居家必用事類全集\居家必用事類全集__juan_01.txt,scrape_output\clean\元朝\居家必用事類全集\居家必用事類全集__juan_01.txt,38,38,0,separate,0.0,unknown,20,0.0,0.0,2.0,0,1
元朝,885627,居庸闗 (耶律鑄),居庸闗 (耶律鑄),居庸闗 (耶律鑄),1,scrape_output\raw\元朝\居庸闗 (耶律鑄)\居庸闗 (耶律鑄)__juan_01.txt,scrape_output\clean\元朝\居庸闗 (耶律鑄)\居庸闗 (耶律鑄)__juan_01.txt,135,91,0,separate,-0.05063291139240507,unknown,79,0.02531645569620253,0.012658227848101266,8.222222222222221,0,1
元朝,1179475,層樓,層樓,層樓,1,scrape_output\raw\元朝\層樓\層樓__juan_01.txt,scrape_output\clean\元朝\層樓\層樓__juan_01.txt,149,105,0,separate,0.021052631578947368,unknown,95,0.0,0.010526315789473684,12.857142857142858,0,1
元朝,1179490,層樓感舊,層樓感舊,層樓感舊,1,scrape_output\raw\元朝\層樓感舊\層樓感舊__juan_01.txt,scrape_output\clean\元朝\層樓感舊\層樓感舊__juan_01.txt,149,105,0,separate,0.021052631578947368,unknown,95,0.0,0.010526315789473684,12.857142857142858,0,1
元朝,891535,山中 (潘伯修),山中 (潘伯修),山中 (潘伯修),1,scrape_output\raw\元朝\山中 (潘伯修)\山中 (潘伯修)__juan_01.txt,scrape_output\clean\元朝\山中 (潘伯修)\山中 (潘伯修)__juan_01.txt,78,78,0,separate,0.07352941176470588,unknown,68,0.014705882352941176,0.058823529411764705,11.0,0,1
元朝,1179292,山中懷友六首,山中懷友六首,山中懷友六首,1,scrape_output\raw\元朝\山中懷友六首\山中懷友六首__juan_01.txt,scrape_output\clean\元朝\山中懷友六首\山中懷友六首__juan_01.txt,413,369,0,separate,0.01567398119122257,wenyan-like,319,0.003134796238244514,0.012539184952978056,10.88888888888889,0,0
元朝,768861,山中答客問,山中答客問,山中答客問,1,scrape_output\raw\元朝\山中答客問\山中答客問__juan_01.txt,scrape_output\clean\元朝\山中答客問\山中答客問__juan_01.txt,149,105,0,separate,0.042105263157894736,unknown,95,0.0,0.021052631578947368,12.857142857142858,0,1
元朝,318955,山坡羊,山坡羊·琵琶記,山坡羊,1,scrape_output\suspected_baihua\raw\元朝\山坡羊\山坡羊__juan_01.txt,scrape_output\suspected_baihua\clean\元朝\山坡羊\山坡羊__juan_01.txt,95,95,0,separate,-0.050925925925925916,baihua-like,648,0.026234567901234566,0.013888888888888888,9.396825396825397,0,0
元朝,318955,山坡羊,山坡羊·自歎,山坡羊,2,scrape_output\suspected_baihua\raw\元朝\山坡羊\山坡羊__juan_02.txt,scrape_output\suspected_baihua\clean\元朝\山坡羊\山坡羊__juan_02.txt,591,587,0,separate,-0.050925925925925916,baihua-like,648,0.026234567901234566,0.013888888888888888,9.396825396825397,0,0
元朝,26329,山坡羊 (張養浩),山坡羊 (張養浩),山坡羊 (張養浩),1,scrape_output\raw\元朝\山坡羊 (張養浩)\山坡羊 (張養浩)__juan_01.txt,scrape_output\clean\元朝\山坡羊 (張養浩)\山坡羊 (張養浩)__juan_01.txt,224,180,0,separate,-0.045454545454545456,unknown,154,0.01948051948051948,0.006493506493506494,9.666666666666666,0,1
元朝,318953,山坡羊 (曾瑞),山坡羊 (曾瑞),山坡羊 (曾瑞),1,scrape_output\suspected_baihua\raw\元朝\山坡羊 (曾瑞)\山坡羊 (曾瑞)__juan_01.txt,scrape_output\suspected_baihua\clean\元朝\山坡羊 (曾瑞)\山坡羊 (曾瑞)__juan_01.txt,942,888,0,separate,-0.02278177458033573,baihua-like,834,0.017985611510791366,0.015587529976019185,9.469135802469136,0,0
元朝,318949,山坡羊 潼關懷古,山坡羊 潼關懷古,山坡羊 潼關懷古,1,scrape_output\raw\元朝\山坡羊 潼關懷古\山坡羊 潼關懷古__juan_01.txt,scrape_output\clean\元朝\山坡羊 潼關懷古\山坡羊 潼關懷古__juan_01.txt,138,94,0,separate,-0.011627906976744186,unknown,86,0.011627906976744186,0.011627906976744186,13.666666666666666,0,1
元朝,318951,山坡羊 道情,山坡羊 道情,山坡羊 道情,1,scrape_output\raw\元朝\山坡羊 道情\山坡羊 道情__juan_01.txt,scrape_output\clean\元朝\山坡羊 道情\山坡羊 道情__juan_01.txt,138,94,0,separate,0.044444444444444446,unknown,90,0.0,0.022222222222222223,14.333333333333334,0,1
元朝,318950,山坡羊 驪山懷古,山坡羊 驪山懷古,山坡羊 驪山懷古,1,scrape_output\raw\元朝\山坡羊 驪山懷古\山坡羊 驪山懷古__juan_01.txt,scrape_output\clean\元朝\山坡羊 驪山懷古\山坡羊 驪山懷古__juan_01.txt,151,107,0,separate,-0.04395604395604395,unknown,91,0.02197802197802198,0.01098901098901099,8.5,0,1
元朝,56899,山居新話,山居新話/卷一,山居新話,1,scrape_output\raw\元朝\山居新話\山居新話__juan_01.txt,scrape_output\clean\元朝\山居新話\山居新話__juan_01.txt,6106,6080,0,separate,0.26036789297658863,wenyan-like,23322,0.008489837921276049,0.06791870337020839,20.258181818181818,0,0
元朝,56899,山居新話,山居新話/卷二,山居新話,2,scrape_output\raw\元朝\山居新話\山居新話__juan_02.txt,scrape_output\clean\元朝\山居新話\山居新話__juan_02.txt,5632,5632,0,separate,0.26036789297658863,wenyan-like,23322,0.008489837921276049,0.06791870337020839,20.258181818181818,0,0
元朝,56899,山居新話,山居新話/卷三,山居新話,3,scrape_output\raw\元朝\山居新話\山居新話__juan_03.txt,scrape_output\clean\元朝\山居新話\山居新話__juan_03.txt,5974,5953,0,separate,0.26036789297658863,wenyan-like,23322,0.008489837921276049,0.06791870337020839,20.258181818181818,0,0
元朝,56899,山居新話,山居新話/卷四,山居新話,4,scrape_output\raw\元朝\山居新話\山居新話__juan_04.txt,scrape_output\clean\元朝\山居新話\山居新話__juan_04.txt,5470,5454,0,separate,0.26036789297658863,wenyan-like,23322,0.008489837921276049,0.06791870337020839,20.258181818181818,0,0
元朝,56899,山居新話,山居新話/序,山居新話,5,scrape_output\raw\元朝\山居新話\山居新話__juan_05.txt,scrape_output\clean\元朝\山居新話\山居新話__juan_05.txt,335,335,0,separate,0.26036789297658863,wenyan-like,23322,0.008489837921276049,0.06791870337020839,20.258181818181818,0,0
元朝,56899,山居新話,山居新話/後序,山居新話,6,scrape_output\raw\元朝\山居新話\山居新話__juan_06.txt,scrape_output\clean\元朝\山居新話\山居新話__juan_06.txt,220,220,0,separate,0.26036789297658863,wenyan-like,23322,0.008489837921276049,0.06791870337020839,20.258181818181818,0,0
元朝,101769,山居新語,山居新語,山居新語,1,scrape_output\raw\元朝\山居新語\山居新語__juan_01.txt,scrape_output\clean\元朝\山居新語\山居新語__juan_01.txt,23812,23506,0,separate,0.26500324745615933,wenyan-like,23095,0.008313487767915134,0.06997185537995237,19.615111111111112,0,0
元朝,886411,山市吟,山市吟,山市吟,1,scrape_output\raw\元朝\山市吟\山市吟__juan_01.txt,scrape_output\clean\元朝\山市吟\山市吟__juan_01.txt,113,69,0,separate,0.06349206349206349,unknown,63,0.0,0.031746031746031744,12.0,0,1
元朝,56725,山房隨筆,山房隨筆,山房隨筆,1,scrape_output\raw\元朝\山房隨筆\山房隨筆__juan_01.txt,scrape_output\clean\元朝\山房隨筆\山房隨筆__juan_01.txt,7269,7176,0,separate,0.2231638418079096,wenyan-like,7080,0.007909604519774011,0.04844632768361582,16.834170854271356,0,0
元朝,600991,山東勾龍瀛英孺,山東勾龍瀛英孺,山東勾龍瀛英孺,1,scrape_output\raw\元朝\山東勾龍瀛英孺\山東勾龍瀛英孺__juan_01.txt,scrape_output\clean\元朝\山東勾龍瀛英孺\山東勾龍瀛英孺__juan_01.txt,149,105,0,separate,0.042105263157894736,unknown,95,0.0,0.021052631578947368,12.857142857142858,0,1
元朝,886357,山臺,山臺,山臺,1,scrape_output\raw\元朝\山臺\山臺__juan_01.txt,scrape_output\clean\元朝\山臺\山臺__juan_01.txt,113,69,0,separate,0.06349206349206349,unknown,63,0.0,0.031746031746031744,12.0,0,1
元朝,874893,岳墳行,岳墳行,岳墳行,1,scrape_output\raw\元朝\岳墳行\岳墳行__juan_01.txt,scrape_output\clean\元朝\岳墳行\岳墳行__juan_01.txt,238,238,0,separate,3.469446951953614e-18,wenyan-like,237,0.008438818565400843,0.012658227848101266,14.866666666666667,0,0
元朝,874896,岳武穆,岳武穆,岳武穆,1,scrape_output\raw\元朝\岳武穆\岳武穆__juan_01.txt,scrape_output\clean\元朝\岳武穆\岳武穆__juan_01.txt,32,32,0,separate,0.11875,unknown,32,0.03125,0.03125,15.0,0,1
元朝,874691,岳武穆王墓,岳武穆王墓,岳武穆王墓,1,scrape_output\raw\元朝\岳武穆王墓\岳武穆王墓__juan_01.txt,scrape_output\clean\元朝\岳武穆王墓\岳武穆王墓__juan_01.txt,128,128,0,separate,0.165625,unknown,128,0.015625,0.03125,15.0,0,1
元朝,874687,岳武穆祠 (張憲),岳武穆祠 (張憲),岳武穆祠 (張憲),1,scrape_output\raw\元朝\岳武穆祠 (張憲)\岳武穆祠 (張憲)__juan_01.txt,scrape_output\clean\元朝\岳武穆祠 (張憲)\岳武穆祠 (張憲)__juan_01.txt,48,48,0,separate,0.08333333333333333,unknown,48,0.0,0.041666666666666664,11.0,0,1
元朝,874914,岳武穆精忠廟,岳武穆精忠廟,岳武穆精忠廟,1,scrape_output\raw\元朝\岳武穆精忠廟\岳武穆精忠廟__juan_01.txt,scrape_output\clean\元朝\岳武穆精忠廟\岳武穆精忠廟__juan_01.txt,48,48,0,separate,-0.020833333333333336,unknown,48,0.020833333333333332,0.020833333333333332,11.0,0,1
元朝,874895,岳王墓 (柯九思),岳王墓 (柯九思),岳王墓 (柯九思),1,scrape_output\raw\元朝\岳王墓 (柯九思)\岳王墓 (柯九思)__juan_01.txt,scrape_output\clean\元朝\岳王墓 (柯九思)\岳王墓 (柯九思)__juan_01.txt,64,64,0,separate,0.15,unknown,64,0.0,0.0,15.0,0,1
元朝,874693,岳王廟 (鄭元祐),岳王廟 (鄭元祐),岳王廟 (鄭元祐),1,scrape_output\raw\元朝\岳王廟 (鄭元祐)\岳王廟 (鄭元祐)__juan_01.txt,scrape_output\clean\元朝\岳王廟 (鄭元祐)\岳王廟 (鄭元祐)__juan_01.txt,32,32,0,separate,0.056249999999999994,unknown,32,0.03125,0.0,15.0,0,1
元朝,874469,岳王廟二首,岳王廟二首,岳王廟二首,1,scrape_output\raw\元朝\岳王廟二首\岳王廟二首__juan_01.txt,scrape_output\clean\元朝\岳王廟二首\岳王廟二首__juan_01.txt,131,131,0,separate,0.1734375,unknown,128,0.0078125,0.0234375,15.0,0,1
元朝,874894,岳王祠,岳王祠,岳王祠,1,scrape_output\raw\元朝\岳王祠\岳王祠__juan_01.txt,scrape_output\clean\元朝\岳王祠\岳王祠__juan_01.txt,64,64,0,separate,0.134375,unknown,64,0.015625,0.015625,15.0,0,1
元朝,886079,岳臺懐古,岳臺懐古,岳臺懐古,1,scrape_output\raw\元朝\岳臺懐古\岳臺懐古__juan_01.txt,scrape_output\clean\元朝\岳臺懐古\岳臺懐古__juan_01.txt,151,107,0,separate,0.031578947368421054,unknown,95,0.010526315789473684,0.031578947368421054,10.0,0,1
元朝,874480,岳顎王墳上作,岳顎王墳上作,岳顎王墳上作,1,scrape_output\raw\元朝\岳顎王墳上作\岳顎王墳上作__juan_01.txt,scrape_output\clean\元朝\岳顎王墳上作\岳顎王墳上作__juan_01.txt,64,64,0,separate,0.2125,unknown,64,0.0,0.03125,15.0,0,1
元朝,874472,岳飛墓次劉治中韻,岳飛墓次劉治中韻,岳飛墓次劉治中韻,1,scrape_output\raw\元朝\岳飛墓次劉治中韻\岳飛墓次劉治中韻__juan_01.txt,scrape_output\clean\元朝\岳飛墓次劉治中韻\岳飛墓次劉治中韻__juan_01.txt,65,65,0,separate,0.103125,unknown,64,0.015625,0.0,15.0,0,1
元朝,874473,岳飛墓次吳府判韻,岳飛墓次吳府判韻,岳飛墓次吳府判韻,1,scrape_output\raw\元朝\岳飛墓次吳府判韻\岳飛墓次吳府判韻__juan_01.txt,scrape_output\clean\元朝\岳飛墓次吳府判韻\岳飛墓次吳府判韻__juan_01.txt,65,65,0,separate,0.103125,unknown,64,0.015625,0.0,15.0,0,1
元朝,102329,島夷誌略,島夷誌略,島夷誌略,1,scrape_output\raw\元朝\島夷誌略\島夷誌略__juan_01.txt,scrape_output\clean\元朝\島夷誌略\島夷誌略__juan_01.txt,21248,21132,0,separate,0.08145106091718002,wenyan-like,20454,0.012809230468368045,0.059939376161142074,14.418290854572714,0,0
元朝,1179788,崇奉聖旨碑,崇奉聖旨碑,崇奉聖旨碑,1,scrape_output\raw\元朝\崇奉聖旨碑\崇奉聖旨碑__juan_01.txt,scrape_output\clean\元朝\崇奉聖旨碑\崇奉聖旨碑__juan_01.txt,476,431,0,separate,0.18317535545023694,wenyan-like,422,0.009478672985781991,0.030805687203791468,22.666666666666668,0,0
元朝,886397,席上 (耶律鑄),席上 (耶律鑄),席上 (耶律鑄),1,scrape_output\raw\元朝\席上 (耶律鑄)\席上 (耶律鑄)__juan_01.txt,scrape_output\clean\元朝\席上 (耶律鑄)\席上 (耶律鑄)__juan_01.txt,149,105,0,separate,0.021052631578947368,unknown,95,0.0,0.010526315789473684,12.857142857142858,0,1
元朝,886657,席上和光祖上僉事壽詩韻,席上和光祖上僉事壽詩韻,席上和光祖上僉事壽詩韻,1,scrape_output\raw\元朝\席上和光祖上僉事壽詩韻\席上和光祖上僉事壽詩韻__juan_01.txt,scrape_output\clean\元朝\席上和光祖上僉事壽詩韻\席上和光祖上僉事壽詩韻__juan_01.txt,113,69,0,separate,0.031746031746031744,unknown,63,0.0,0.015873015873015872,12.0,0,1
元朝,112597,席上腐談,席上腐談,席上腐談,1,scrape_output\raw\元朝\席上腐談\席上腐談__juan_01.txt,scrape_output\clean\元朝\席上腐談\席上腐談__juan_01.txt,22154,22141,0,separate,0.13514408744617423,wenyan-like,21133,0.009937065253395164,0.08247764160317986,12.806573957016434,0,0
元朝,886453,帶將來,帶將來,帶將來,1,scrape_output\raw\元朝\帶將來\帶將來__juan_01.txt,scrape_output\clean\元朝\帶將來\帶將來__juan_01.txt,113,69,0,separate,-0.06349206349206349,unknown,63,0.031746031746031744,0.015873015873015872,12.0,0,1
元朝,766455,常州分省席上,常州分省席上,常州分省席上,1,scrape_output\raw\元朝\常州分省席上\常州分省席上__juan_01.txt,scrape_output\clean\元朝\常州分省席上\常州分省席上__juan_01.txt,191,147,0,separate,0.007751937984496124,unknown,129,0.007751937984496124,0.015503875968992248,10.909090909090908,0,1
元朝,766368,常州江陰再失無錫告警病中自鴻山將遷海上,常州江陰再失無錫告警病中自鴻山將遷海上,常州江陰再失無錫告警病中自鴻山將遷海上,1,scrape_output\raw\元朝\常州江陰再失無錫告警病中自鴻山將遷海上\常州江陰再失無錫告警病中自鴻山將遷海上__juan_01.txt,scrape_output\clean\元朝\常州江陰再失無錫告警病中自鴻山將遷海上\常州江陰再失無錫告警病中自鴻山將遷海上__juan_01.txt,133,89,0,separate,-0.012658227848101267,unknown,79,0.012658227848101266,0.012658227848101266,10.571428571428571,0,1
元朝,195707,常氏雲斎詩序,常氏雲斎詩序,常氏雲斎詩序,1,scrape_output\raw\元朝\常氏雲斎詩序\常氏雲斎詩序__juan_01.txt,scrape_output\clean\元朝\常氏雲斎詩序\常氏雲斎詩序__juan_01.txt,557,465,0,separate,0.3779569892473118,wenyan-like,465,0.008602150537634409,0.12688172043010754,19.217391304347824,0,0
元朝,765177,常湖等處茶園都提舉司記,常湖等處茶園都提舉司記,常湖等處茶園都提舉司記,1,scrape_output\raw\元朝\常湖等處茶園都提舉司記\常湖等處茶園都提舉司記__juan_01.txt,scrape_output\clean\元朝\常湖等處茶園都提舉司記\常湖等處茶園都提舉司記__juan_01.txt,715,671,0,separate,0.3002276176024279,wenyan-like,659,0.007587253414264037,0.08649468892261002,21.133333333333333,0,0
元朝,885622,平南將,平南將,平南將,1,scrape_output\raw\元朝\平南將\平南將__juan_01.txt,scrape_output\clean\元朝\平南將\平南將__juan_01.txt,174,130,0,separate,-6.938893903907228e-18,unknown,117,0.017094017094017096,0.02564102564102564,11.2,0,1
元朝,102306,平宋錄,平宋錄/卷上,平宋錄,1,scrape_output\raw\元朝\平宋錄\平宋錄__juan_01.txt,scrape_output\clean\元朝\平宋錄\平宋錄__juan_01.txt,6027,5935,0,separate,0.2207480692259992,wenyan-like,17739,0.007272112294943345,0.046282203055414625,17.101609657947687,0,0
元朝,102306,平宋錄,平宋錄/卷中,平宋錄,2,scrape_output\raw\元朝\平宋錄\平宋錄__juan_02.txt,scrape_output\clean\元朝\平宋錄\平宋錄__juan_02.txt,6309,6217,0,separate,0.2207480692259992,wenyan-like,17739,0.007272112294943345,0.046282203055414625,17.101609657947687,0,0
元朝,102306,平宋錄,平宋錄/卷下,平宋錄,3,scrape_output\raw\元朝\平宋錄\平宋錄__juan_03.txt,scrape_output\clean\元朝\平宋錄\平宋錄__juan_03.txt,3251,3158,0,separate,0.2207480692259992,wenyan-like,17739,0.007272112294943345,0.046282203055414625,17.101609657947687,0,0
元朝,102306,平宋錄,平宋錄/原序,平宋錄,4,scrape_output\raw\元朝\平宋錄\平宋錄__juan_04.txt,scrape_output\clean\元朝\平宋錄\平宋錄__juan_04.txt,2882,2790,0,separate,0.2207480692259992,wenyan-like,17739,0.007272112294943345,0.046282203055414625,17.101609657947687,0,0
元朝,1179298,平川幽居二首,平川幽居二首,平川幽居二首,1,scrape_output\raw\元朝\平川幽居二首\平川幽居二首__juan_01.txt,scrape_output\clean\元朝\平川幽居二首\平川幽居二首__juan_01.txt,189,145,0,separate,0.031496062992125984,unknown,127,0.0,0.015748031496062992,10.727272727272727,0,1
元朝,1179569,平望驛道,平望驛道,平望驛道,1,scrape_output\raw\元朝\平望驛道\平望驛道__juan_01.txt,scrape_output\clean\元朝\平望驛道\平望驛道__juan_01.txt,149,105,0,separate,-0.02105263157894737,unknown,95,0.021052631578947368,0.021052631578947368,12.857142857142858,0,1
元朝,765192,平江路常熟州知州王公善政記,平江路常熟州知州王公善政記,平江路常熟州知州王公善政記,1,scrape_output\raw\元朝\平江路常熟州知州王公善政記\平江路常熟州知州王公善政記__juan_01.txt,scrape_output\clean\元朝\平江路常熟州知州王公善政記\平江路常熟州知州王公善政記__juan_01.txt,397,353,0,separate,0.4489971346704871,wenyan-like,349,0.011461318051575931,0.09169054441260745,26.0,0,0
元朝,317442,幽懷久不寫,幽懷久不寫,幽懷久不寫,1,scrape_output\raw\元朝\幽懷久不寫\幽懷久不寫__juan_01.txt,scrape_output\clean\元朝\幽懷久不寫\幽懷久不寫__juan_01.txt,985,939,0,separate,0.018541409147095178,wenyan-like,809,0.006180469715698393,0.018541409147095178,10.347222222222221,0,0
元朝,885777,庚申嵗夏囙六盤之變嘗與巴特瑪其名者質諸天日約分二道邀擊西師頃聞其人為敵謀将遂賦此為食言者之戒,庚申嵗夏囙六盤之變嘗與巴特瑪其名者質諸天日約分二道邀擊西師頃聞其人為敵謀将遂賦此為食言者之戒,庚申嵗夏囙六盤之變嘗與巴特瑪其名者質諸天日約分二道邀擊西師頃聞其人為敵謀将遂賦此為食言者之戒,1,scrape_output\raw\元朝\庚申嵗夏囙六盤之變嘗與巴特瑪其名者質諸天日約分二道邀擊西師頃聞其人為敵謀将遂賦此為食言者之戒\庚申嵗夏囙六盤之變嘗與巴特瑪其名者質諸天日約分二道邀擊西師頃聞其人為敵謀将遂賦此為食言者之戒__juan_01.txt,scrape_output\clean\元朝\庚申嵗夏囙六盤之變嘗與巴特瑪其名者質諸天日約分二道邀擊西師頃聞其人為敵謀将遂賦此為食言者之戒\庚申嵗夏囙六盤之變嘗與巴特瑪其名者質諸天日約分二道邀擊西師頃聞其人為敵謀将遂賦此為食言者之戒__juan_01.txt,160,114,0,separate,0.038834951456310676,unknown,103,0.0,0.019417475728155338,12.25,0,1
元朝,768889,庚辰元旦,庚辰元旦,庚辰元旦,1,scrape_output\raw\元朝\庚辰元旦\庚辰元旦__juan_01.txt,scrape_output\clean\元朝\庚辰元旦\庚辰元旦__juan_01.txt,149,105,0,separate,0.06315789473684211,unknown,95,0.0,0.031578947368421054,12.857142857142858,0,1
元朝,1179320,度嶺輿至崇安命棹建溪,度嶺輿至崇安命棹建溪,度嶺輿至崇安命棹建溪,1,scrape_output\raw\元朝\度嶺輿至崇安命棹建溪\度嶺輿至崇安命棹建溪__juan_01.txt,scrape_output\clean\元朝\度嶺輿至崇安命棹建溪\度嶺輿至崇安命棹建溪__juan_01.txt,567,523,0,separate,0.002217294900221725,wenyan-like,451,0.011086474501108648,0.017738359201773836,10.921052631578947,0,0
元朝,1179319,度閩關,度閩關,度閩關,1,scrape_output\raw\元朝\度閩關\度閩關__juan_01.txt,scrape_output\clean\元朝\度閩關\度閩關__juan_01.txt,203,159,0,separate,0.02877697841726619,unknown,139,0.0,0.014388489208633094,10.75,0,1
元朝,886324,庭州,庭州,庭州,1,scrape_output\raw\元朝\庭州\庭州__juan_01.txt,scrape_output\clean\元朝\庭州\庭州__juan_01.txt,219,175,0,separate,0.12883435582822086,unknown,163,0.006134969325153374,0.0736196319018405,11.142857142857142,0,1
元朝,101810,庶齋老學叢談,庶齋老學叢談/卷1,庶齋老學叢談,1,scrape_output\raw\元朝\庶齋老學叢談\庶齋老學叢談__juan_01.txt,scrape_output\clean\元朝\庶齋老學叢談\庶齋老學叢談__juan_01.txt,10591,10484,0,separate,0.23056483641177583,wenyan-like,31726,0.01046460316459686,0.055979322952783205,17.910491997628927,0,0
元朝,101810,庶齋老學叢談,庶齋老學叢談/卷2,庶齋老學叢談,2,scrape_output\raw\元朝\庶齋老學叢談\庶齋老學叢談__juan_02.txt,scrape_output\clean\元朝\庶齋老學叢談\庶齋老學叢談__juan_02.txt,6593,6469,0,separate,0.23056483641177583,wenyan-like,31726,0.01046460316459686,0.055979322952783205,17.910491997628927,0,0
元朝,101810,庶齋老學叢談,庶齋老學叢談/卷3,庶齋老學叢談,3,scrape_output\raw\元朝\庶齋老學叢談\庶齋老學叢談__juan_03.txt,scrape_output\clean\元朝\庶齋老學叢談\庶齋老學叢談__juan_03.txt,6091,5948,0,separate,0.23056483641177583,wenyan-like,31726,0.01046460316459686,0.055979322952783205,17.910491997628927,0,0
元朝,101810,庶齋老學叢談,庶齋老學叢談/卷4,庶齋老學叢談,4,scrape_output\raw\元朝\庶齋老學叢談\庶齋老學叢談__juan_04.txt,scrape_output\clean\元朝\庶齋老學叢談\庶齋老學叢談__juan_04.txt,9410,9385,0,separate,0.23056483641177583,wenyan-like,31726,0.01046460316459686,0.055979322952783205,17.910491997628927,0,0
元朝,195721,康桂華府君墓表處士,康桂華府君墓表處士,康桂華府君墓表處士,1,scrape_output\raw\元朝\康桂華府君墓表處士\康桂華府君墓表處士__juan_01.txt,scrape_output\clean\元朝\康桂華府君墓表處士\康桂華府君墓表處士__juan_01.txt,850,758,0,separate,0.32150395778364116,wenyan-like,758,0.0079155672823219,0.09762532981530343,21.96969696969697,0,0
元朝,1179532,廣平馬懷素寓居姑蘇雨中見過,廣平馬懷素寓居姑蘇雨中見過,廣平馬懷素寓居姑蘇雨中見過,1,scrape_output\raw\元朝\廣平馬懷素寓居姑蘇雨中見過\廣平馬懷素寓居姑蘇雨中見過__juan_01.txt,scrape_output\clean\元朝\廣平馬懷素寓居姑蘇雨中見過\廣平馬懷素寓居姑蘇雨中見過__juan_01.txt,149,105,0,separate,0.06315789473684211,unknown,95,0.0,0.031578947368421054,12.857142857142858,0,1
元朝,195719,廣東僉憲去惡碑,廣東僉憲去惡碑,廣東僉憲去惡碑,1,scrape_output\raw\元朝\廣東僉憲去惡碑\廣東僉憲去惡碑__juan_01.txt,scrape_output\clean\元朝\廣東僉憲去惡碑\廣東僉憲去惡碑__juan_01.txt,1092,1000,0,separate,0.5184357541899441,wenyan-like,895,0.0067039106145251395,0.06927374301675977,16.92,1,0
元朝,195717,廣東僉憲張公生祠記,廣東僉憲張公生祠記,廣東僉憲張公生祠記,1,scrape_output\raw\元朝\廣東僉憲張公生祠記\廣東僉憲張公生祠記__juan_01.txt,scrape_output\clean\元朝\廣東僉憲張公生祠記\廣東僉憲張公生祠記__juan_01.txt,1327,1235,0,separate,0.616589861751152,wenyan-like,1085,0.0009216589861751152,0.10967741935483871,15.96875,1,0
元朝,195716,廣東宣慰司同知德政碑,廣東宣慰司同知德政碑,廣東宣慰司同知德政碑,1,scrape_output\raw\元朝\廣東宣慰司同知德政碑\廣東宣慰司同知德政碑__juan_01.txt,scrape_output\clean\元朝\廣東宣慰司同知德政碑\廣東宣慰司同知德政碑__juan_01.txt,1368,1276,0,separate,0.5628521126760564,wenyan-like,1136,0.009683098591549295,0.09595070422535211,16.765625,1,0
元朝,1212321,廬山蓮宗寶鑑,廬山蓮宗寶鑑/卷001,廬山蓮宗寶鑑,1,scrape_output\raw\元朝\廬山蓮宗寶鑑\廬山蓮宗寶鑑__juan_01.txt,scrape_output\clean\元朝\廬山蓮宗寶鑑\廬山蓮宗寶鑑__juan_01.txt,9917,9824,0,separate,0.09996882006206294,wenyan-like,67351,0.011892919184570385,0.06782378880788704,8.099705960973003,0,0
元朝,1212321,廬山蓮宗寶鑑,廬山蓮宗寶鑑/卷002,廬山蓮宗寶鑑,2,scrape_output\raw\元朝\廬山蓮宗寶鑑\廬山蓮宗寶鑑__juan_02.txt,scrape_output\clean\元朝\廬山蓮宗寶鑑\廬山蓮宗寶鑑__juan_02.txt,85,40,0,separate,0.09996882006206294,wenyan-like,67351,0.011892919184570385,0.06782378880788704,8.099705960973003,0,0
元朝,1212321,廬山蓮宗寶鑑,廬山蓮宗寶鑑/卷003,廬山蓮宗寶鑑,3,scrape_output\raw\元朝\廬山蓮宗寶鑑\廬山蓮宗寶鑑__juan_03.txt,scrape_output\clean\元朝\廬山蓮宗寶鑑\廬山蓮宗寶鑑__juan_03.txt,3636,3587,0,separate,0.09996882006206294,wenyan-like,67351,0.011892919184570385,0.06782378880788704,8.099705960973003,0,0
元朝,1212321,廬山蓮宗寶鑑,廬山蓮宗寶鑑/卷004,廬山蓮宗寶鑑,4,scrape_output\raw\元朝\廬山蓮宗寶鑑\廬山蓮宗寶鑑__juan_04.txt,scrape_output\clean\元朝\廬山蓮宗寶鑑\廬山蓮宗寶鑑__juan_04.txt,12635,12550,0,separate,0.09996882006206294,wenyan-like,67351,0.011892919184570385,0.06782378880788704,8.099705960973003,0,0
元朝,1212321,廬山蓮宗寶鑑,廬山蓮宗寶鑑/卷005,廬山蓮宗寶鑑,5,scrape_output\raw\元朝\廬山蓮宗寶鑑\廬山蓮宗寶鑑__juan_05.txt,scrape_output\clean\元朝\廬山蓮宗寶鑑\廬山蓮宗寶鑑__juan_05.txt,4896,4844,0,separate,0.09996882006206294,wenyan-like,67351,0.011892919184570385,0.06782378880788704,8.099705960973003,0,0
元朝,1212321,廬山蓮宗寶鑑,廬山蓮宗寶鑑/卷006,廬山蓮宗寶鑑,6,scrape_output\raw\元朝\廬山蓮宗寶鑑\廬山蓮宗寶鑑__juan_06.txt,scrape_output\clean\元朝\廬山蓮宗寶鑑\廬山蓮宗寶鑑__juan_06.txt,8424,8375,0,separate,0.09996882006206294,wenyan-like,67351,0.011892919184570385,0.06782378880788704,8.099705960973003,0,0
元朝,1212321,廬山蓮宗寶鑑,廬山蓮宗寶鑑/卷007,廬山蓮宗寶鑑,7,scrape_output\raw\元朝\廬山蓮宗寶鑑\廬山蓮宗寶鑑__juan_07.txt,scrape_output\clean\元朝\廬山蓮宗寶鑑\廬山蓮宗寶鑑__juan_07.txt,4335,4284,0,separate,0.09996882006206294,wenyan-like,67351,0.011892919184570385,0.06782378880788704,8.099705960973003,0,0
元朝,1212321,廬山蓮宗寶鑑,廬山蓮宗寶鑑/卷008,廬山蓮宗寶鑑,8,scrape_output\raw\元朝\廬山蓮宗寶鑑\廬山蓮宗寶鑑__juan_08.txt,scrape_output\clean\元朝\廬山蓮宗寶鑑\廬山蓮宗寶鑑__juan_08.txt,5315,5266,0,separate,0.09996882006206294,wenyan-like,67351,0.011892919184570385,0.06782378880788704,8.099705960973003,0,0
元朝,1212321,廬山蓮宗寶鑑,廬山蓮宗寶鑑/卷009,廬山蓮宗寶鑑,9,scrape_output\raw\元朝\廬山蓮宗寶鑑\廬山蓮宗寶鑑__juan_09.txt,scrape_output\clean\元朝\廬山蓮宗寶鑑\廬山蓮宗寶鑑__juan_09.txt,2067,2019,0,separate,0.09996882006206294,wenyan-like,67351,0.011892919184570385,0.06782378880788704,8.099705960973003,0,0
元朝,1212321,廬山蓮宗寶鑑,廬山蓮宗寶鑑/卷010,廬山蓮宗寶鑑,10,scrape_output\raw\元朝\廬山蓮宗寶鑑\廬山蓮宗寶鑑__juan_10.txt,scrape_output\clean\元朝\廬山蓮宗寶鑑\廬山蓮宗寶鑑__juan_10.txt,18103,18000,0,separate,0.09996882006206294,wenyan-like,67351,0.011892919184570385,0.06782378880788704,8.099705960973003,0,0
元朝,768880,建康層樓,建康層樓,建康層樓,1,scrape_output\raw\元朝\建康層樓\建康層樓__juan_01.txt,scrape_output\clean\元朝\建康層樓\建康層樓__juan_01.txt,149,105,0,separate,-0.02105263157894737,unknown,95,0.021052631578947368,0.021052631578947368,12.857142857142858,0,1
元朝,765368,建德路重修兜率寺記,建德路重修兜率寺記,建德路重修兜率寺記,1,scrape_output\raw\元朝\建德路重修兜率寺記\建德路重修兜率寺記__juan_01.txt,scrape_output\clean\元朝\建德路重修兜率寺記\建德路重修兜率寺記__juan_01.txt,1006,960,0,separate,0.24808102345415778,wenyan-like,938,0.006396588486140725,0.05863539445628998,17.26923076923077,0,0
元朝,1179549,建德道中,建德道中,建德道中,1,scrape_output\raw\元朝\建德道中\建德道中__juan_01.txt,scrape_output\clean\元朝\建德道中\建德道中__juan_01.txt,149,105,0,separate,0.021052631578947368,unknown,95,0.0,0.010526315789473684,12.857142857142858,0,1
元朝,886312,廻飛狐,廻飛狐,廻飛狐,1,scrape_output\raw\元朝\廻飛狐\廻飛狐__juan_01.txt,scrape_output\clean\元朝\廻飛狐\廻飛狐__juan_01.txt,113,69,0,separate,0.06349206349206349,unknown,63,0.0,0.031746031746031744,12.0,0,1
元朝,874482,弔岳武穆文,弔岳武穆文,弔岳武穆文,1,scrape_output\raw\元朝\弔岳武穆文\弔岳武穆文__juan_01.txt,scrape_output\clean\元朝\弔岳武穆文\弔岳武穆文__juan_01.txt,312,312,0,separate,0.2237179487179487,wenyan-like,312,0.003205128205128205,0.041666666666666664,17.352941176470587,0,0
元朝,886683,弔王文從之終於泰山,弔王文從之終於泰山,弔王文從之終於泰山,1,scrape_output\raw\元朝\弔王文從之終於泰山\弔王文從之終於泰山__juan_01.txt,scrape_output\clean\元朝\弔王文從之終於泰山\弔王文從之終於泰山__juan_01.txt,113,69,0,separate,-0.015873015873015872,unknown,63,0.015873015873015872,0.015873015873015872,12.0,0,1
元朝,355084,弔脫脫丞相,弔脫脫丞相,弔脫脫丞相,1,scrape_output\raw\元朝\弔脫脫丞相\弔脫脫丞相__juan_01.txt,scrape_output\clean\元朝\弔脫脫丞相\弔脫脫丞相__juan_01.txt,113,69,0,separate,0.09523809523809523,unknown,63,0.0,0.047619047619047616,12.0,0,1
元朝,765026,張先生南歸序,張先生南歸序,張先生南歸序,1,scrape_output\raw\元朝\張先生南歸序\張先生南歸序__juan_01.txt,scrape_output\clean\元朝\張先生南歸序\張先生南歸序__juan_01.txt,451,407,0,separate,0.4206766917293233,wenyan-like,399,0.010025062656641603,0.15037593984962405,22.58823529411765,0,0
元朝,765004,張北山和陶集序,張北山和陶集序,張北山和陶集序,1,scrape_output\raw\元朝\張北山和陶集序\張北山和陶集序__juan_01.txt,scrape_output\clean\元朝\張北山和陶集序\張北山和陶集序__juan_01.txt,534,490,0,separate,0.39583333333333337,wenyan-like,480,0.020833333333333332,0.15416666666666667,20.0,0,0
元朝,195720,張文獻公祠堂記,張文獻公祠堂記,張文獻公祠堂記,1,scrape_output\raw\元朝\張文獻公祠堂記\張文獻公祠堂記__juan_01.txt,scrape_output\clean\元朝\張文獻公祠堂記\張文獻公祠堂記__juan_01.txt,761,669,0,separate,0.2815396113602392,wenyan-like,669,0.008968609865470852,0.07922272047832586,20.580645161290324,0,0
元朝,765337,張氏瑞蘭記,張氏瑞蘭記,張氏瑞蘭記,1,scrape_output\raw\元朝\張氏瑞蘭記\張氏瑞蘭記__juan_01.txt,scrape_output\clean\元朝\張氏瑞蘭記\張氏瑞蘭記__juan_01.txt,435,391,0,separate,0.42272727272727273,wenyan-like,385,0.007792207792207792,0.14805194805194805,21.823529411764707,0,0
元朝,1212218,張載集,張載集/附錄/宋史張載傳,張載集,1,scrape_output\raw\元朝\張載集\張載集__juan_01.txt,scrape_output\clean\元朝\張載集\張載集__juan_01.txt,1330,1286,0,separate,0.29020950846091864,wenyan-like,1241,0.016116035455278,0.09427880741337631,15.644736842105264,0,0
元朝,890580,彭城懷古二首 (洪焱祖),彭城懷古二首 (洪焱祖),彭城懷古二首 (洪焱祖),1,scrape_output\raw\元朝\彭城懷古二首 (洪焱祖)\彭城懷古二首 (洪焱祖)__juan_01.txt,scrape_output\clean\元朝\彭城懷古二首 (洪焱祖)\彭城懷古二首 (洪焱祖)__juan_01.txt,197,153,0,separate,0.04580152671755725,unknown,131,0.015267175572519083,0.04580152671755725,9.384615384615385,0,1
元朝,1179403,彭城雜詠呈廉公亮僉事,彭城雜詠呈廉公亮僉事,彭城雜詠呈廉公亮僉事,1,scrape_output\raw\元朝\彭城雜詠呈廉公亮僉事\彭城雜詠呈廉公亮僉事__juan_01.txt,scrape_output\clean\元朝\彭城雜詠呈廉公亮僉事\彭城雜詠呈廉公亮僉事__juan_01.txt,257,213,0,separate,0.01570680628272251,unknown,191,0.005235602094240838,0.015706806282722512,13.846153846153847,0,1
元朝,1126493,彰所知論,彰所知論,彰所知論,1,scrape_output\raw\元朝\彰所知論\彰所知論__juan_01.txt,scrape_output\clean\元朝\彰所知論\彰所知論__juan_01.txt,20684,18577,0,separate,0.05682195418833684,wenyan-like,18074,0.009018479583932721,0.0419386964700675,6.323101777059774,0,0
元朝,766370,往敭名開化二鄉掩骼,往敭名開化二鄉掩骼,往敭名開化二鄉掩骼,1,scrape_output\raw\元朝\往敭名開化二鄉掩骼\往敭名開化二鄉掩骼__juan_01.txt,scrape_output\clean\元朝\往敭名開化二鄉掩骼\往敭名開化二鄉掩骼__juan_01.txt,247,203,0,separate,0.01694915254237288,unknown,177,0.005649717514124294,0.01694915254237288,10.933333333333334,0,1
元朝,886731,征婦怨 (耶律鑄),征婦怨 (耶律鑄),征婦怨 (耶律鑄),1,scrape_output\raw\元朝\征婦怨 (耶律鑄)\征婦怨 (耶律鑄)__juan_01.txt,scrape_output\clean\元朝\征婦怨 (耶律鑄)\征婦怨 (耶律鑄)__juan_01.txt,113,69,0,separate,0.031746031746031744,unknown,63,0.0,0.015873015873015872,12.0,0,1
元朝,1179676,征婦怨 (薩都剌),征婦怨 (薩都剌),征婦怨 (薩都剌),1,scrape_output\suspected_baihua\raw\元朝\征婦怨 (薩都剌)\征婦怨 (薩都剌)__juan_01.txt,scrape_output\suspected_baihua\clean\元朝\征婦怨 (薩都剌)\征婦怨 (薩都剌)__juan_01.txt,379,335,0,separate,-0.003344481605351172,baihua-like,299,0.010033444816053512,0.013377926421404682,14.05,0,0
元朝,884660,後凱歌詞九首,後凱歌詞九首·其一 戰盧朐,後凱歌詞九首,1,scrape_output\raw\元朝\後凱歌詞九首\後凱歌詞九首__juan_01.txt,scrape_output\clean\元朝\後凱歌詞九首\後凱歌詞九首__juan_01.txt,113,69,0,separate,0.07732164208848147,wenyan-like,2509,0.009565563969709047,0.05300916699880431,13.016304347826088,0,0
元朝,884660,後凱歌詞九首,後凱歌詞九首·其一 竒兵,後凱歌詞九首,2,scrape_output\raw\元朝\後凱歌詞九首\後凱歌詞九首__juan_02.txt,scrape_output\clean\元朝\後凱歌詞九首\後凱歌詞九首__juan_02.txt,113,69,0,separate,0.07732164208848147,wenyan-like,2509,0.009565563969709047,0.05300916699880431,13.016304347826088,0,0
元朝,884660,後凱歌詞九首,後凱歌詞九首·其七 科爾結,後凱歌詞九首,3,scrape_output\raw\元朝\後凱歌詞九首\後凱歌詞九首__juan_03.txt,scrape_output\clean\元朝\後凱歌詞九首\後凱歌詞九首__juan_03.txt,159,115,0,separate,0.07732164208848147,wenyan-like,2509,0.009565563969709047,0.05300916699880431,13.016304347826088,0,0
元朝,884660,後凱歌詞九首,後凱歌詞九首·其七 金滿城,後凱歌詞九首,4,scrape_output\raw\元朝\後凱歌詞九首\後凱歌詞九首__juan_04.txt,scrape_output\clean\元朝\後凱歌詞九首\後凱歌詞九首__juan_04.txt,163,119,0,separate,0.07732164208848147,wenyan-like,2509,0.009565563969709047,0.05300916699880431,13.016304347826088,0,0
元朝,884660,後凱歌詞九首,後凱歌詞九首·其三 克夷門,後凱歌詞九首,5,scrape_output\raw\元朝\後凱歌詞九首\後凱歌詞九首__juan_05.txt,scrape_output\clean\元朝\後凱歌詞九首\後凱歌詞九首__juan_05.txt,113,69,0,separate,0.07732164208848147,wenyan-like,2509,0.009565563969709047,0.05300916699880431,13.016304347826088,0,0
元朝,884660,後凱歌詞九首,後凱歌詞九首·其三 梟將,後凱歌詞九首,6,scrape_output\raw\元朝\後凱歌詞九首\後凱歌詞九首__juan_06.txt,scrape_output\clean\元朝\後凱歌詞九首\後凱歌詞九首__juan_06.txt,184,140,0,separate,0.07732164208848147,wenyan-like,2509,0.009565563969709047,0.05300916699880431,13.016304347826088,0,0
元朝,884660,後凱歌詞九首,後凱歌詞九首·其九 京華,後凱歌詞九首,7,scrape_output\raw\元朝\後凱歌詞九首\後凱歌詞九首__juan_07.txt,scrape_output\clean\元朝\後凱歌詞九首\後凱歌詞九首__juan_07.txt,113,69,0,separate,0.07732164208848147,wenyan-like,2509,0.009565563969709047,0.05300916699880431,13.016304347826088,0,0
元朝,884660,後凱歌詞九首,後凱歌詞九首·其九 燭龍,後凱歌詞九首,8,scrape_output\raw\元朝\後凱歌詞九首\後凱歌詞九首__juan_08.txt,scrape_output\clean\元朝\後凱歌詞九首\後凱歌詞九首__juan_08.txt,136,90,0,separate,0.07732164208848147,wenyan-like,2509,0.009565563969709047,0.05300916699880431,13.016304347826088,0,0
元朝,884660,後凱歌詞九首,後凱歌詞九首·其二 區脫,後凱歌詞九首,9,scrape_output\raw\元朝\後凱歌詞九首\後凱歌詞九首__juan_09.txt,scrape_output\clean\元朝\後凱歌詞九首\後凱歌詞九首__juan_09.txt,346,302,0,separate,0.07732164208848147,wenyan-like,2509,0.009565563969709047,0.05300916699880431,13.016304347826088,0,0
元朝,884660,後凱歌詞九首,後凱歌詞九首·其二 沙幕,後凱歌詞九首,10,scrape_output\raw\元朝\後凱歌詞九首\後凱歌詞九首__juan_10.txt,scrape_output\clean\元朝\後凱歌詞九首\後凱歌詞九首__juan_10.txt,131,85,0,separate,0.07732164208848147,wenyan-like,2509,0.009565563969709047,0.05300916699880431,13.016304347826088,0,0
元朝,884660,後凱歌詞九首,後凱歌詞九首·其五 崲峹,後凱歌詞九首,11,scrape_output\raw\元朝\後凱歌詞九首\後凱歌詞九首__juan_11.txt,scrape_output\clean\元朝\後凱歌詞九首\後凱歌詞九首__juan_11.txt,179,135,0,separate,0.07732164208848147,wenyan-like,2509,0.009565563969709047,0.05300916699880431,13.016304347826088,0,0
元朝,884660,後凱歌詞九首,後凱歌詞九首·其五 戰焉支,後凱歌詞九首,12,scrape_output\raw\元朝\後凱歌詞九首\後凱歌詞九首__juan_12.txt,scrape_output\clean\元朝\後凱歌詞九首\後凱歌詞九首__juan_12.txt,154,110,0,separate,0.07732164208848147,wenyan-like,2509,0.009565563969709047,0.05300916699880431,13.016304347826088,0,0
元朝,884660,後凱歌詞九首,後凱歌詞九首·其八 金水道,後凱歌詞九首,13,scrape_output\raw\元朝\後凱歌詞九首\後凱歌詞九首__juan_13.txt,scrape_output\clean\元朝\後凱歌詞九首\後凱歌詞九首__juan_13.txt,113,69,0,separate,0.07732164208848147,wenyan-like,2509,0.009565563969709047,0.05300916699880431,13.016304347826088,0,0
元朝,884660,後凱歌詞九首,後凱歌詞九首·其八 露布,後凱歌詞九首,14,scrape_output\raw\元朝\後凱歌詞九首\後凱歌詞九首__juan_14.txt,scrape_output\clean\元朝\後凱歌詞九首\後凱歌詞九首__juan_14.txt,113,69,0,separate,0.07732164208848147,wenyan-like,2509,0.009565563969709047,0.05300916699880431,13.016304347826088,0,0
元朝,884660,後凱歌詞九首,後凱歌詞九首·其六 涿邪山,後凱歌詞九首,15,scrape_output\raw\元朝\後凱歌詞九首\後凱歌詞九首__juan_15.txt,scrape_output\clean\元朝\後凱歌詞九首\後凱歌詞九首__juan_15.txt,828,781,0,separate,0.07732164208848147,wenyan-like,2509,0.009565563969709047,0.05300916699880431,13.016304347826088,0,0
元朝,884660,後凱歌詞九首,後凱歌詞九首·其六 降王,後凱歌詞九首,16,scrape_output\raw\元朝\後凱歌詞九首\後凱歌詞九首__juan_16.txt,scrape_output\clean\元朝\後凱歌詞九首\後凱歌詞九首__juan_16.txt,113,69,0,separate,0.07732164208848147,wenyan-like,2509,0.009565563969709047,0.05300916699880431,13.016304347826088,0,0
元朝,884660,後凱歌詞九首,後凱歌詞九首·其四 翁科,後凱歌詞九首,17,scrape_output\raw\元朝\後凱歌詞九首\後凱歌詞九首__juan_17.txt,scrape_output\clean\元朝\後凱歌詞九首\後凱歌詞九首__juan_17.txt,115,71,0,separate,0.07732164208848147,wenyan-like,2509,0.009565563969709047,0.05300916699880431,13.016304347826088,0,0
元朝,884660,後凱歌詞九首,後凱歌詞九首·其四 高闕,後凱歌詞九首,18,scrape_output\raw\元朝\後凱歌詞九首\後凱歌詞九首__juan_18.txt,scrape_output\clean\元朝\後凱歌詞九首\後凱歌詞九首__juan_18.txt,273,229,0,separate,0.07732164208848147,wenyan-like,2509,0.009565563969709047,0.05300916699880431,13.016304347826088,0,0
元朝,882554,後凱歌詞九首 (至元丙子冬西北藩王弄邊明年春詔大將征之),後凱歌詞九首 (至元丙子冬西北藩王弄邊明年春詔大將征之),後凱歌詞九首 (至元丙子冬西北藩王弄邊明年春詔大將征之),1,scrape_output\raw\元朝\後凱歌詞九首 (至元丙子冬西北藩王弄邊明年春詔大將征之)\後凱歌詞九首 (至元丙子冬西北藩王弄邊明年春詔大將征之)__juan_01.txt,scrape_output\clean\元朝\後凱歌詞九首 (至元丙子冬西北藩王弄邊明年春詔大將征之)\後凱歌詞九首 (至元丙子冬西北藩王弄邊明年春詔大將征之)__juan_01.txt,667,619,0,separate,0.016393442622950824,wenyan-like,549,0.01639344262295082,0.03278688524590164,10.38,0,0
元朝,884648,後凱歌詞九首 (詔發諸軍有事於朔方也),後凱歌詞九首 (詔發諸軍有事於朔方也),後凱歌詞九首 (詔發諸軍有事於朔方也),1,scrape_output\raw\元朝\後凱歌詞九首 (詔發諸軍有事於朔方也)\後凱歌詞九首 (詔發諸軍有事於朔方也)__juan_01.txt,scrape_output\clean\元朝\後凱歌詞九首 (詔發諸軍有事於朔方也)\後凱歌詞九首 (詔發諸軍有事於朔方也)__juan_01.txt,1642,1595,0,separate,0.10411140583554378,wenyan-like,1508,0.009946949602122016,0.06697612732095491,13.714285714285714,0,0
元朝,886321,後出塞,後出塞,後出塞,1,scrape_output\raw\元朝\後出塞\後出塞__juan_01.txt,scrape_output\clean\元朝\後出塞\後出塞__juan_01.txt,149,105,0,separate,-0.04210526315789474,unknown,95,0.021052631578947368,0.010526315789473684,12.857142857142858,0,1
元朝,766397,後無題,後無題,後無題,1,scrape_output\suspected_baihua\raw\元朝\後無題\後無題__juan_01.txt,scrape_output\suspected_baihua\clean\元朝\後無題\後無題__juan_01.txt,437,393,0,separate,-0.031339031339031334,baihua-like,351,0.019943019943019943,0.014245014245014245,14.347826086956522,0,0
元朝,884969,後突厥三䑓,後突厥三䑓,後突厥三䑓,1,scrape_output\raw\元朝\後突厥三䑓\後突厥三䑓__juan_01.txt,scrape_output\clean\元朝\後突厥三䑓\後突厥三䑓__juan_01.txt,173,127,0,separate,0.02586206896551724,unknown,116,0.008620689655172414,0.02586206896551724,12.333333333333334,0,1
元朝,884692,後騎吹曲詞九首,後騎吹曲詞九首·其一 吉語,後騎吹曲詞九首,1,scrape_output\raw\元朝\後騎吹曲詞九首\後騎吹曲詞九首__juan_01.txt,scrape_output\clean\元朝\後騎吹曲詞九首\後騎吹曲詞九首__juan_01.txt,113,69,0,separate,0.0182648401826484,wenyan-like,657,0.0060882800608828,0.0182648401826484,11.214285714285714,0,0
元朝,884692,後騎吹曲詞九首,後騎吹曲詞九首·其七 遝綈絲,後騎吹曲詞九首,2,scrape_output\raw\元朝\後騎吹曲詞九首\後騎吹曲詞九首__juan_02.txt,scrape_output\clean\元朝\後騎吹曲詞九首\後騎吹曲詞九首__juan_02.txt,134,90,0,separate,0.0182648401826484,wenyan-like,657,0.0060882800608828,0.0182648401826484,11.214285714285714,0,0
元朝,884692,後騎吹曲詞九首,後騎吹曲詞九首·其三 天山,後騎吹曲詞九首,3,scrape_output\raw\元朝\後騎吹曲詞九首\後騎吹曲詞九首__juan_03.txt,scrape_output\clean\元朝\後騎吹曲詞九首\後騎吹曲詞九首__juan_03.txt,113,69,0,separate,0.0182648401826484,wenyan-like,657,0.0060882800608828,0.0182648401826484,11.214285714285714,0,0
元朝,884692,後騎吹曲詞九首,後騎吹曲詞九首·其九 柔服,後騎吹曲詞九首,4,scrape_output\raw\元朝\後騎吹曲詞九首\後騎吹曲詞九首__juan_04.txt,scrape_output\clean\元朝\後騎吹曲詞九首\後騎吹曲詞九首__juan_04.txt,130,84,0,separate,0.0182648401826484,wenyan-like,657,0.0060882800608828,0.0182648401826484,11.214285714285714,0,0
元朝,884692,後騎吹曲詞九首,後騎吹曲詞九首·其二 金山,後騎吹曲詞九首,5,scrape_output\raw\元朝\後騎吹曲詞九首\後騎吹曲詞九首__juan_05.txt,scrape_output\clean\元朝\後騎吹曲詞九首\後騎吹曲詞九首__juan_05.txt,113,69,0,separate,0.0182648401826484,wenyan-like,657,0.0060882800608828,0.0182648401826484,11.214285714285714,0,0
元朝,884692,後騎吹曲詞九首,後騎吹曲詞九首·其五 獨樂河,後騎吹曲詞九首,6,scrape_output\raw\元朝\後騎吹曲詞九首\後騎吹曲詞九首__juan_06.txt,scrape_output\clean\元朝\後騎吹曲詞九首\後騎吹曲詞九首__juan_06.txt,131,85,0,separate,0.0182648401826484,wenyan-like,657,0.0060882800608828,0.0182648401826484,11.214285714285714,0,0
元朝,884692,後騎吹曲詞九首,後騎吹曲詞九首·其八 邏逤,後騎吹曲詞九首,7,scrape_output\raw\元朝\後騎吹曲詞九首\後騎吹曲詞九首__juan_07.txt,scrape_output\clean\元朝\後騎吹曲詞九首\後騎吹曲詞九首__juan_07.txt,113,69,0,separate,0.0182648401826484,wenyan-like,657,0.0060882800608828,0.0182648401826484,11.214285714285714,0,0
元朝,884692,後騎吹曲詞九首,後騎吹曲詞九首·其六 不周,後騎吹曲詞九首,8,scrape_output\raw\元朝\後騎吹曲詞九首\後騎吹曲詞九首__juan_08.txt,scrape_output\clean\元朝\後騎吹曲詞九首\後騎吹曲詞九首__juan_08.txt,113,69,0,separate,0.0182648401826484,wenyan-like,657,0.0060882800608828,0.0182648401826484,11.214285714285714,0,0
元朝,884692,後騎吹曲詞九首,後騎吹曲詞九首·其四 處月,後騎吹曲詞九首,9,scrape_output\raw\元朝\後騎吹曲詞九首\後騎吹曲詞九首__juan_09.txt,scrape_output\clean\元朝\後騎吹曲詞九首\後騎吹曲詞九首__juan_09.txt,165,119,0,separate,0.0182648401826484,wenyan-like,657,0.0060882800608828,0.0182648401826484,11.214285714285714,0,0
元朝,758632,徐仙翰藻,徐仙翰藻/1,徐仙翰藻,1,scrape_output\raw\元朝\徐仙翰藻\徐仙翰藻__juan_01.txt,scrape_output\clean\元朝\徐仙翰藻\徐仙翰藻__juan_01.txt,12201,12192,0,separate,0.1218653497230333,wenyan-like,83223,0.009492568160244163,0.07517152710188289,14.727905227529146,0,0
元朝,758632,徐仙翰藻,徐仙翰藻/10,徐仙翰藻,2,scrape_output\raw\元朝\徐仙翰藻\徐仙翰藻__juan_02.txt,scrape_output\clean\元朝\徐仙翰藻\徐仙翰藻__juan_02.txt,6960,6957,0,separate,0.1218653497230333,wenyan-like,83223,0.009492568160244163,0.07517152710188289,14.727905227529146,0,0
元朝,758632,徐仙翰藻,徐仙翰藻/11,徐仙翰藻,3,scrape_output\raw\元朝\徐仙翰藻\徐仙翰藻__juan_03.txt,scrape_output\clean\元朝\徐仙翰藻\徐仙翰藻__juan_03.txt,13377,13365,0,separate,0.1218653497230333,wenyan-like,83223,0.009492568160244163,0.07517152710188289,14.727905227529146,0,0
元朝,758632,徐仙翰藻,徐仙翰藻/12,徐仙翰藻,4,scrape_output\raw\元朝\徐仙翰藻\徐仙翰藻__juan_04.txt,scrape_output\clean\元朝\徐仙翰藻\徐仙翰藻__juan_04.txt,4871,4867,0,separate,0.1218653497230333,wenyan-like,83223,0.009492568160244163,0.07517152710188289,14.727905227529146,0,0
元朝,758632,徐仙翰藻,徐仙翰藻/13,徐仙翰藻,5,scrape_output\raw\元朝\徐仙翰藻\徐仙翰藻__juan_05.txt,scrape_output\clean\元朝\徐仙翰藻\徐仙翰藻__juan_05.txt,5233,5228,0,separate,0.1218653497230333,wenyan-like,83223,0.009492568160244163,0.07517152710188289,14.727905227529146,0,0
元朝,758632,徐仙翰藻,徐仙翰藻/14,徐仙翰藻,6,scrape_output\raw\元朝\徐仙翰藻\徐仙翰藻__juan_06.txt,scrape_output\clean\元朝\徐仙翰藻\徐仙翰藻__juan_06.txt,1548,1548,0,separate,0.1218653497230333,wenyan-like,83223,0.009492568160244163,0.07517152710188289,14.727905227529146,0,0
元朝,758632,徐仙翰藻,徐仙翰藻/2,徐仙翰藻,7,scrape_output\raw\元朝\徐仙翰藻\徐仙翰藻__juan_07.txt,scrape_output\clean\元朝\徐仙翰藻\徐仙翰藻__juan_07.txt,4959,4952,0,separate,0.1218653497230333,wenyan-like,83223,0.009492568160244163,0.07517152710188289,14.727905227529146,0,0
元朝,758632,徐仙翰藻,徐仙翰藻/3,徐仙翰藻,8,scrape_output\raw\元朝\徐仙翰藻\徐仙翰藻__juan_08.txt,scrape_output\clean\元朝\徐仙翰藻\徐仙翰藻__juan_08.txt,6201,6180,0,separate,0.1218653497230333,wenyan-like,83223,0.009492568160244163,0.07517152710188289,14.727905227529146,0,0
元朝,758632,徐仙翰藻,徐仙翰藻/4,徐仙翰藻,9,scrape_output\raw\元朝\徐仙翰藻\徐仙翰藻__juan_09.txt,scrape_output\clean\元朝\徐仙翰藻\徐仙翰藻__juan_09.txt,5476,5470,0,separate,0.1218653497230333,wenyan-like,83223,0.009492568160244163,0.07517152710188289,14.727905227529146,0,0
元朝,758632,徐仙翰藻,徐仙翰藻/5,徐仙翰藻,10,scrape_output\raw\元朝\徐仙翰藻\徐仙翰藻__juan_10.txt,scrape_output\clean\元朝\徐仙翰藻\徐仙翰藻__juan_10.txt,2142,2142,0,separate,0.1218653497230333,wenyan-like,83223,0.009492568160244163,0.07517152710188289,14.727905227529146,0,0
元朝,758632,徐仙翰藻,徐仙翰藻/6,徐仙翰藻,11,scrape_output\raw\元朝\徐仙翰藻\徐仙翰藻__juan_11.txt,scrape_output\clean\元朝\徐仙翰藻\徐仙翰藻__juan_11.txt,3823,3819,0,separate,0.1218653497230333,wenyan-like,83223,0.009492568160244163,0.07517152710188289,14.727905227529146,0,0
元朝,758632,徐仙翰藻,徐仙翰藻/7,徐仙翰藻,12,scrape_output\raw\元朝\徐仙翰藻\徐仙翰藻__juan_12.txt,scrape_output\clean\元朝\徐仙翰藻\徐仙翰藻__juan_12.txt,11675,11673,0,separate,0.1218653497230333,wenyan-like,83223,0.009492568160244163,0.07517152710188289,14.727905227529146,0,0
元朝,758632,徐仙翰藻,徐仙翰藻/8,徐仙翰藻,13,scrape_output\raw\元朝\徐仙翰藻\徐仙翰藻__juan_13.txt,scrape_output\clean\元朝\徐仙翰藻\徐仙翰藻__juan_13.txt,2067,2063,0,separate,0.1218653497230333,wenyan-like,83223,0.009492568160244163,0.07517152710188289,14.727905227529146,0,0
元朝,758632,徐仙翰藻,徐仙翰藻/9,徐仙翰藻,14,scrape_output\raw\元朝\徐仙翰藻\徐仙翰藻__juan_14.txt,scrape_output\clean\元朝\徐仙翰藻\徐仙翰藻__juan_14.txt,6872,6872,0,separate,0.1218653497230333,wenyan-like,83223,0.009492568160244163,0.07517152710188289,14.727905227529146,0,0
元朝,766398,得兒掖書時戊申歲,得兒掖書時戊申歲,得兒掖書時戊申歲,1,scrape_output\raw\元朝\得兒掖書時戊申歲\得兒掖書時戊申歲__juan_01.txt,scrape_output\clean\元朝\得兒掖書時戊申歲\得兒掖書時戊申歲__juan_01.txt,133,89,0,separate,0.05063291139240506,unknown,79,0.0,0.02531645569620253,10.571428571428571,0,1
元朝,886299,得雲齋所遺竹箭因以此寄時雲齋南遊未回,得雲齋所遺竹箭因以此寄時雲齋南遊未回,得雲齋所遺竹箭因以此寄時雲齋南遊未回,1,scrape_output\raw\元朝\得雲齋所遺竹箭因以此寄時雲齋南遊未回\得雲齋所遺竹箭因以此寄時雲齋南遊未回__juan_01.txt,scrape_output\clean\元朝\得雲齋所遺竹箭因以此寄時雲齋南遊未回\得雲齋所遺竹箭因以此寄時雲齋南遊未回__juan_01.txt,128,82,0,separate,0.013513513513513514,unknown,74,0.013513513513513514,0.02702702702702703,10.0,0,1
元朝,886104,從渙然覔紙,從渙然覔紙,從渙然覔紙,1,scrape_output\raw\元朝\從渙然覔紙\從渙然覔紙__juan_01.txt,scrape_output\clean\元朝\從渙然覔紙\從渙然覔紙__juan_01.txt,180,136,0,separate,0.03278688524590164,unknown,122,0.0,0.01639344262295082,11.6,0,1
元朝,886591,御牀,御牀,御牀,1,scrape_output\raw\元朝\御牀\御牀__juan_01.txt,scrape_output\clean\元朝\御牀\御牀__juan_01.txt,139,95,0,separate,0.011494252873563218,unknown,87,0.011494252873563218,0.022988505747126436,13.833333333333334,0,1
元朝,874476,復劉龍洲墓,復劉龍洲墓,復劉龍洲墓,1,scrape_output\raw\元朝\復劉龍洲墓\復劉龍洲墓__juan_01.txt,scrape_output\clean\元朝\復劉龍洲墓\復劉龍洲墓__juan_01.txt,197,197,0,separate,0.2125,unknown,192,0.0,0.03125,15.0,0,1
元朝,1179637,復次前韻柬龍江上人,復次前韻柬龍江上人,復次前韻柬龍江上人,1,scrape_output\raw\元朝\復次前韻柬龍江上人\復次前韻柬龍江上人__juan_01.txt,scrape_output\clean\元朝\復次前韻柬龍江上人\復次前韻柬龍江上人__juan_01.txt,149,105,0,separate,0.031578947368421054,unknown,95,0.010526315789473684,0.031578947368421054,12.857142857142858,0,1
元朝,886026,復次趙虎巖元韻,復次趙虎巖元韻,復次趙虎巖元韻,1,scrape_output\raw\元朝\復次趙虎巖元韻\復次趙虎巖元韻__juan_01.txt,scrape_output\clean\元朝\復次趙虎巖元韻\復次趙虎巖元韻__juan_01.txt,159,113,0,separate,0.02,unknown,100,0.0,0.01,9.5,0,1
元朝,886615,復次過玉泉詩韻四首,復次過玉泉詩韻四首,復次過玉泉詩韻四首,1,scrape_output\raw\元朝\復次過玉泉詩韻四首\復次過玉泉詩韻四首__juan_01.txt,scrape_output\clean\元朝\復次過玉泉詩韻四首\復次過玉泉詩韻四首__juan_01.txt,221,177,0,separate,-0.0062893081761006275,unknown,159,0.018867924528301886,0.025157232704402517,13.636363636363637,0,1
元朝,884691,德勝樂二首,德勝樂二首,德勝樂二首,1,scrape_output\raw\元朝\德勝樂二首\德勝樂二首__juan_01.txt,scrape_output\clean\元朝\德勝樂二首\德勝樂二首__juan_01.txt,129,85,0,separate,-0.012820512820512824,unknown,78,0.01282051282051282,0.01282051282051282,9.125,0,1
元朝,195715,德林堂記,德林堂記,德林堂記,1,scrape_output\raw\元朝\德林堂記\德林堂記__juan_01.txt,scrape_output\clean\元朝\德林堂記\德林堂記__juan_01.txt,534,442,0,separate,0.4328054298642534,wenyan-like,442,0.011312217194570135,0.1583710407239819,20.047619047619047,0,0
元朝,889245,德泉銘,德泉銘,德泉銘,1,scrape_output\raw\元朝\德泉銘\德泉銘__juan_01.txt,scrape_output\clean\元朝\德泉銘\德泉銘__juan_01.txt,503,459,0,separate,0.1511111111111111,wenyan-like,450,0.0044444444444444444,0.08222222222222222,12.0,0,0
元朝,765437,心樂齋志,心樂齋志,心樂齋志,1,scrape_output\raw\元朝\心樂齋志\心樂齋志__juan_01.txt,scrape_output\clean\元朝\心樂齋志\心樂齋志__juan_01.txt,515,471,0,separate,0.5026881720430108,wenyan-like,465,0.004301075268817204,0.1827956989247312,23.63157894736842,0,0
元朝,136270,忍經,忍經,忍經,1,scrape_output\raw\元朝\忍經\忍經__juan_01.txt,scrape_output\clean\元朝\忍經\忍經__juan_01.txt,14108,14062,0,separate,0.26739388542594245,wenyan-like,13476,0.012466607301869992,0.0773968536657762,15.40767386091127,0,0
元朝,765249,悅親堂記,悅親堂記,悅親堂記,1,scrape_output\raw\元朝\悅親堂記\悅親堂記__juan_01.txt,scrape_output\clean\元朝\悅親堂記\悅親堂記__juan_01.txt,586,542,0,separate,0.4066037735849056,wenyan-like,530,0.0,0.12830188679245283,18.77777777777778,0,0
元朝,874688,悲建紹,悲建紹,悲建紹,1,scrape_output\raw\元朝\悲建紹\悲建紹__juan_01.txt,scrape_output\clean\元朝\悲建紹\悲建紹__juan_01.txt,102,102,0,separate,0.1696078431372549,unknown,102,0.0,0.00980392156862745,16.0,0,1
元朝,768913,悲苦行,悲苦行,悲苦行,1,scrape_output\suspected_baihua\raw\元朝\悲苦行\悲苦行__juan_01.txt,scrape_output\suspected_baihua\clean\元朝\悲苦行\悲苦行__juan_01.txt,363,319,0,separate,-0.003533568904593644,baihua-like,283,0.0176678445229682,0.024734982332155476,13.3,0,0
元朝,317463,悼亡 (楊弘道),悼亡 (楊弘道),悼亡 (楊弘道),1,scrape_output\suspected_baihua\raw\元朝\悼亡 (楊弘道)\悼亡 (楊弘道)__juan_01.txt,scrape_output\suspected_baihua\clean\元朝\悼亡 (楊弘道)\悼亡 (楊弘道)__juan_01.txt,301,257,0,separate,-0.026905829596412557,baihua-like,223,0.017937219730941704,0.013452914798206279,10.842105263157896,0,0
元朝,768885,悼止齋王先生,悼止齋王先生,悼止齋王先生,1,scrape_output\raw\元朝\悼止齋王先生\悼止齋王先生__juan_01.txt,scrape_output\clean\元朝\悼止齋王先生\悼止齋王先生__juan_01.txt,149,105,0,separate,0.042105263157894736,unknown,95,0.0,0.021052631578947368,12.857142857142858,0,1
元朝,886714,惜别 (耶律鑄),惜别 (耶律鑄),惜别 (耶律鑄),1,scrape_output\raw\元朝\惜别 (耶律鑄)\惜别 (耶律鑄)__juan_01.txt,scrape_output\clean\元朝\惜别 (耶律鑄)\惜别 (耶律鑄)__juan_01.txt,113,69,0,separate,0.031746031746031744,unknown,63,0.0,0.015873015873015872,12.0,0,1
元朝,886477,惜花御史,惜花御史,惜花御史,1,scrape_output\raw\元朝\惜花御史\惜花御史__juan_01.txt,scrape_output\clean\元朝\惜花御史\惜花御史__juan_01.txt,160,114,0,separate,0.029411764705882353,unknown,102,0.00980392156862745,0.029411764705882353,9.8,0,1
元朝,107785,惟實集,惟實集/卷一,惟實集,1,scrape_output\raw\元朝\惟實集\惟實集__juan_01.txt,scrape_output\clean\元朝\惟實集\惟實集__juan_01.txt,4853,4853,0,separate,0.08190959452539454,wenyan-like,42962,0.009240724361063265,0.05481588380429216,12.107046476761619,0,0
元朝,107785,惟實集,惟實集/卷二,惟實集,2,scrape_output\raw\元朝\惟實集\惟實集__juan_02.txt,scrape_output\clean\元朝\惟實集\惟實集__juan_02.txt,4612,4612,0,separate,0.08190959452539454,wenyan-like,42962,0.009240724361063265,0.05481588380429216,12.107046476761619,0,0
元朝,107785,惟實集,惟實集/卷三,惟實集,3,scrape_output\raw\元朝\惟實集\惟實集__juan_03.txt,scrape_output\clean\元朝\惟實集\惟實集__juan_03.txt,6096,6094,0,separate,0.08190959452539454,wenyan-like,42962,0.009240724361063265,0.05481588380429216,12.107046476761619,0,0
元朝,107785,惟實集,惟實集/卷四,惟實集,4,scrape_output\raw\元朝\惟實集\惟實集__juan_04.txt,scrape_output\clean\元朝\惟實集\惟實集__juan_04.txt,10888,10699,0,separate,0.08190959452539454,wenyan-like,42962,0.009240724361063265,0.05481588380429216,12.107046476761619,0,0
元朝,107785,惟實集,惟實集/卷五,惟實集,5,scrape_output\raw\元朝\惟實集\惟實集__juan_05.txt,scrape_output\clean\元朝\惟實集\惟實集__juan_05.txt,3623,3560,0,separate,0.08190959452539454,wenyan-like,42962,0.009240724361063265,0.05481588380429216,12.107046476761619,0,0
元朝,107785,惟實集,惟實集/卷六,惟實集,6,scrape_output\raw\元朝\惟實集\惟實集__juan_06.txt,scrape_output\clean\元朝\惟實集\惟實集__juan_06.txt,12777,12505,0,separate,0.08190959452539454,wenyan-like,42962,0.009240724361063265,0.05481588380429216,12.107046476761619,0,0
元朝,107785,惟實集,惟實集/卷七,惟實集,7,scrape_output\raw\元朝\惟實集\惟實集__juan_07.txt,scrape_output\clean\元朝\惟實集\惟實集__juan_07.txt,3589,3478,0,separate,0.08190959452539454,wenyan-like,42962,0.009240724361063265,0.05481588380429216,12.107046476761619,0,0
元朝,765372,惠安禪寺重興記,惠安禪寺重興記,惠安禪寺重興記,1,scrape_output\raw\元朝\惠安禪寺重興記\惠安禪寺重興記__juan_01.txt,scrape_output\clean\元朝\惠安禪寺重興記\惠安禪寺重興記__juan_01.txt,767,723,0,separate,0.27907801418439715,wenyan-like,705,0.0070921985815602835,0.075177304964539,22.8,0,0
元朝,891522,感兴诗,感兴诗,感兴诗,1,scrape_output\raw\元朝\感兴诗\感兴诗__juan_01.txt,scrape_output\clean\元朝\感兴诗\感兴诗__juan_01.txt,35,34,0,separate,0.15,unknown,32,0.0,0.0,15.0,0,1
元朝,886717,感懷 (耶律鑄),感懷 (耶律鑄),感懷 (耶律鑄),1,scrape_output\raw\元朝\感懷 (耶律鑄)\感懷 (耶律鑄)__juan_01.txt,scrape_output\clean\元朝\感懷 (耶律鑄)\感懷 (耶律鑄)__juan_01.txt,113,69,0,separate,0.031746031746031744,unknown,63,0.0,0.015873015873015872,12.0,0,1
元朝,173072,慶紹海運千戶所記,慶紹海運千戶所記,慶紹海運千戶所記,1,scrape_output\raw\元朝\慶紹海運千戶所記\慶紹海運千戶所記__juan_01.txt,scrape_output\clean\元朝\慶紹海運千戶所記\慶紹海運千戶所記__juan_01.txt,639,592,0,separate,0.2724489795918367,wenyan-like,588,0.006802721088435374,0.07142857142857142,23.583333333333332,0,0
元朝,1179344,憩奉真道院,憩奉真道院,憩奉真道院,1,scrape_output\raw\元朝\憩奉真道院\憩奉真道院__juan_01.txt,scrape_output\clean\元朝\憩奉真道院\憩奉真道院__juan_01.txt,113,69,0,separate,0.031746031746031744,unknown,63,0.0,0.015873015873015872,12.0,0,1
元朝,884944,憫飢民,憫飢民,憫飢民,1,scrape_output\raw\元朝\憫飢民\憫飢民__juan_01.txt,scrape_output\clean\元朝\憫飢民\憫飢民__juan_01.txt,149,105,0,separate,0.06315789473684211,unknown,95,0.0,0.031578947368421054,12.857142857142858,0,1
元朝,886710,憶大人領省二首,憶大人領省二首,憶大人領省二首,1,scrape_output\raw\元朝\憶大人領省二首\憶大人領省二首__juan_01.txt,scrape_output\clean\元朝\憶大人領省二首\憶大人領省二首__juan_01.txt,149,105,0,separate,0.010526315789473682,unknown,95,0.010526315789473684,0.021052631578947368,12.857142857142858,0,1
元朝,886711,憶尊大人領省二首,憶尊大人領省二首,憶尊大人領省二首,1,scrape_output\raw\元朝\憶尊大人領省二首\憶尊大人領省二首__juan_01.txt,scrape_output\clean\元朝\憶尊大人領省二首\憶尊大人領省二首__juan_01.txt,150,106,0,separate,0.042105263157894736,unknown,95,0.0,0.021052631578947368,11.25,0,1
元朝,886640,憶李東軒,憶李東軒,憶李東軒,1,scrape_output\raw\元朝\憶李東軒\憶李東軒__juan_01.txt,scrape_output\clean\元朝\憶李東軒\憶李東軒__juan_01.txt,178,134,0,separate,0.02419354838709678,unknown,124,0.024193548387096774,0.04838709677419355,10.727272727272727,0,1
元朝,1205658,憶秦娥 (耶律鑄),憶秦娥 (耶律鑄),憶秦娥 (耶律鑄),1,scrape_output\raw\元朝\憶秦娥 (耶律鑄)\憶秦娥 (耶律鑄)__juan_01.txt,scrape_output\clean\元朝\憶秦娥 (耶律鑄)\憶秦娥 (耶律鑄)__juan_01.txt,161,69,0,separate,0.046875,unknown,64,0.015625,0.046875,5.6,0,1
元朝,886049,憶雙溪,憶雙溪,憶雙溪,1,scrape_output\raw\元朝\憶雙溪\憶雙溪__juan_01.txt,scrape_output\clean\元朝\憶雙溪\憶雙溪__juan_01.txt,149,105,0,separate,0.010526315789473682,unknown,95,0.010526315789473684,0.021052631578947368,12.857142857142858,0,1
元朝,768877,應教題梅,應教題梅,應教題梅,1,scrape_output\raw\元朝\應教題梅\應教題梅__juan_01.txt,scrape_output\clean\元朝\應教題梅\應教題梅__juan_01.txt,152,108,0,separate,0.061224489795918366,unknown,98,0.0,0.030612244897959183,10.444444444444445,0,1
元朝,317479,懐春怨,懐春怨,懐春怨,1,scrape_output\raw\元朝\懐春怨\懐春怨__juan_01.txt,scrape_output\clean\元朝\懐春怨\懐春怨__juan_01.txt,129,85,0,separate,-0.14285714285714285,unknown,77,0.06493506493506493,0.025974025974025976,12.166666666666666,0,1
元朝,886655,懷曹通甫,懷曹通甫,懷曹通甫,1,scrape_output\raw\元朝\懷曹通甫\懷曹通甫__juan_01.txt,scrape_output\clean\元朝\懷曹通甫\懷曹通甫__juan_01.txt,113,69,0,separate,0.031746031746031744,unknown,63,0.0,0.015873015873015872,12.0,0,1
元朝,886654,懷李舜卿,懷李舜卿,懷李舜卿,1,scrape_output\raw\元朝\懷李舜卿\懷李舜卿__juan_01.txt,scrape_output\clean\元朝\懷李舜卿\懷李舜卿__juan_01.txt,113,69,0,separate,0.015873015873015872,unknown,63,0.015873015873015872,0.031746031746031744,12.0,0,1
元朝,886220,懷舜卿,懷舜卿,懷舜卿,1,scrape_output\raw\元朝\懷舜卿\懷舜卿__juan_01.txt,scrape_output\clean\元朝\懷舜卿\懷舜卿__juan_01.txt,105,61,0,separate,0.03636363636363636,unknown,55,0.0,0.01818181818181818,10.4,0,1
元朝,886219,懷趙虎巖吕龍山,懷趙虎巖吕龍山,懷趙虎巖吕龍山,1,scrape_output\raw\元朝\懷趙虎巖吕龍山\懷趙虎巖吕龍山__juan_01.txt,scrape_output\clean\元朝\懷趙虎巖吕龍山\懷趙虎巖吕龍山__juan_01.txt,105,61,0,separate,0.03636363636363636,unknown,55,0.0,0.01818181818181818,10.4,0,1
元朝,766413,懷馬文郁御史靳惟正同知兼簡陸公敘薛孟式,懷馬文郁御史靳惟正同知兼簡陸公敘薛孟式,懷馬文郁御史靳惟正同知兼簡陸公敘薛孟式,1,scrape_output\raw\元朝\懷馬文郁御史靳惟正同知兼簡陸公敘薛孟式\懷馬文郁御史靳惟正同知兼簡陸公敘薛孟式__juan_01.txt,scrape_output\clean\元朝\懷馬文郁御史靳惟正同知兼簡陸公敘薛孟式\懷馬文郁御史靳惟正同知兼簡陸公敘薛孟式__juan_01.txt,149,105,0,separate,0.042105263157894736,unknown,95,0.0,0.021052631578947368,12.857142857142858,0,1
元朝,886236,懷髙敞,懷髙敞,懷髙敞,1,scrape_output\raw\元朝\懷髙敞\懷髙敞__juan_01.txt,scrape_output\clean\元朝\懷髙敞\懷髙敞__juan_01.txt,105,61,0,separate,0.03636363636363636,unknown,55,0.0,0.01818181818181818,10.4,0,1
元朝,886476,戊午冬十一月二十八日過閬州楊氏獻小桃十二月二日又獻杏花,戊午冬十一月二十八日過閬州楊氏獻小桃十二月二日又獻杏花,戊午冬十一月二十八日過閬州楊氏獻小桃十二月二日又獻杏花,1,scrape_output\raw\元朝\戊午冬十一月二十八日過閬州楊氏獻小桃十二月二日又獻杏花\戊午冬十一月二十八日過閬州楊氏獻小桃十二月二日又獻杏花__juan_01.txt,scrape_output\clean\元朝\戊午冬十一月二十八日過閬州楊氏獻小桃十二月二日又獻杏花\戊午冬十一月二十八日過閬州楊氏獻小桃十二月二日又獻杏花__juan_01.txt,113,69,0,separate,0.015873015873015872,unknown,63,0.015873015873015872,0.031746031746031744,12.0,0,1
元朝,885649,戊申己酉北中大風,戊申己酉北中大風,戊申己酉北中大風,1,scrape_output\raw\元朝\戊申己酉北中大風\戊申己酉北中大風__juan_01.txt,scrape_output\clean\元朝\戊申己酉北中大風\戊申己酉北中大風__juan_01.txt,190,146,0,separate,0.022556390977443608,unknown,133,0.007518796992481203,0.022556390977443608,12.8,0,1
元朝,179870,我儂詞,我儂詞,我儂詞,1,scrape_output\raw\元朝\我儂詞\我儂詞__juan_01.txt,scrape_output\clean\元朝\我儂詞\我儂詞__juan_01.txt,98,98,0,separate,-0.5232558139534884,unknown,86,0.1744186046511628,0.0,11.857142857142858,0,1
元朝,886141,戯書太極宫舊碑隂,戯書太極宫舊碑隂,戯書太極宫舊碑隂,1,scrape_output\raw\元朝\戯書太極宫舊碑隂\戯書太極宫舊碑隂__juan_01.txt,scrape_output\clean\元朝\戯書太極宫舊碑隂\戯書太極宫舊碑隂__juan_01.txt,199,155,0,separate,0.035460992907801414,unknown,141,0.0070921985815602835,0.028368794326241134,13.6,0,1
元朝,886070,戯詠花鳥名,戯詠花鳥名,戯詠花鳥名,1,scrape_output\raw\元朝\戯詠花鳥名\戯詠花鳥名__juan_01.txt,scrape_output\clean\元朝\戯詠花鳥名\戯詠花鳥名__juan_01.txt,223,179,0,separate,0.03773584905660377,unknown,159,0.0,0.018867924528301886,11.538461538461538,0,1
元朝,886179,戰三封,戰三封,戰三封,1,scrape_output\raw\元朝\戰三封\戰三封__juan_01.txt,scrape_output\clean\元朝\戰三封\戰三封__juan_01.txt,284,238,0,separate,0.10810810810810811,wenyan-like,222,0.0,0.05405405405405406,12.411764705882353,0,0
元朝,185153,戰國策 (士禮居叢書本),戰國策 (士禮居叢書本)/姚氏校注戰國策後題,戰國策 (士禮居叢書本),1,scrape_output\raw\元朝\戰國策 (士禮居叢書本)\戰國策 (士禮居叢書本)__juan_01.txt,scrape_output\clean\元朝\戰國策 (士禮居叢書本)\戰國策 (士禮居叢書本)__juan_01.txt,604,510,0,separate,0.34045741324921136,wenyan-like,2536,0.009069400630914827,0.10883280757097792,23.21904761904762,0,0
元朝,185153,戰國策 (士禮居叢書本),戰國策 (士禮居叢書本)/戰國策校經序,戰國策 (士禮居叢書本),2,scrape_output\raw\元朝\戰國策 (士禮居叢書本)\戰國策 (士禮居叢書本)__juan_02.txt,scrape_output\clean\元朝\戰國策 (士禮居叢書本)\戰國策 (士禮居叢書本)__juan_02.txt,2145,2053,0,separate,0.34045741324921136,wenyan-like,2536,0.009069400630914827,0.10883280757097792,23.21904761904762,0,0
元朝,884953,戰城南 (耶律鑄),戰城南 (耶律鑄),戰城南 (耶律鑄),1,scrape_output\raw\元朝\戰城南 (耶律鑄)\戰城南 (耶律鑄)__juan_01.txt,scrape_output\clean\元朝\戰城南 (耶律鑄)\戰城南 (耶律鑄)__juan_01.txt,430,386,0,separate,0.014044943820224719,wenyan-like,356,0.019662921348314606,0.03651685393258427,13.56,0,0
元朝,885447,戰扼狐,戰扼狐,戰扼狐,1,scrape_output\raw\元朝\戰扼狐\戰扼狐__juan_01.txt,scrape_output\clean\元朝\戰扼狐\戰扼狐__juan_01.txt,308,262,0,separate,0.07234042553191489,wenyan-like,235,0.01276595744680851,0.05531914893617021,11.68421052631579,0,0
元朝,886318,戰沙陀,戰沙陀,戰沙陀,1,scrape_output\raw\元朝\戰沙陀\戰沙陀__juan_01.txt,scrape_output\clean\元朝\戰沙陀\戰沙陀__juan_01.txt,123,77,0,separate,0.028985507246376812,unknown,69,0.0,0.014492753623188406,9.428571428571429,0,1
元朝,886457,戱題所賦芍藥花辭,戱題所賦芍藥花辭,戱題所賦芍藥花辭,1,scrape_output\raw\元朝\戱題所賦芍藥花辭\戱題所賦芍藥花辭__juan_01.txt,scrape_output\clean\元朝\戱題所賦芍藥花辭\戱題所賦芍藥花辭__juan_01.txt,113,69,0,separate,0.031746031746031744,unknown,63,0.0,0.015873015873015872,12.0,0,1
元朝,1179417,戲友人,戲友人,戲友人,1,scrape_output\raw\元朝\戲友人\戲友人__juan_01.txt,scrape_output\clean\元朝\戲友人\戲友人__juan_01.txt,113,69,0,separate,0.031746031746031744,unknown,63,0.0,0.015873015873015872,12.0,0,1
元朝,317473,戲答游麟之,戲答游麟之,戲答游麟之,1,scrape_output\raw\元朝\戲答游麟之\戲答游麟之__juan_01.txt,scrape_output\clean\元朝\戲答游麟之\戲答游麟之__juan_01.txt,149,105,0,separate,0.08421052631578947,unknown,95,0.0,0.042105263157894736,11.125,0,1
元朝,886628,戲諸公省集,戲諸公省集,戲諸公省集,1,scrape_output\raw\元朝\戲諸公省集\戲諸公省集__juan_01.txt,scrape_output\clean\元朝\戲諸公省集\戲諸公省集__juan_01.txt,113,69,0,separate,0.031746031746031744,unknown,63,0.0,0.015873015873015872,12.0,0,1
元朝,886622,戲贈隠士劉仲明,戲贈隠士劉仲明,戲贈隠士劉仲明,1,scrape_output\raw\元朝\戲贈隠士劉仲明\戲贈隠士劉仲明__juan_01.txt,scrape_output\clean\元朝\戲贈隠士劉仲明\戲贈隠士劉仲明__juan_01.txt,113,69,0,separate,0.12698412698412698,unknown,63,0.0,0.06349206349206349,12.0,0,1
元朝,886454,戲題與牡丹同名芍葯,戲題與牡丹同名芍葯,戲題與牡丹同名芍葯,1,scrape_output\raw\元朝\戲題與牡丹同名芍葯\戲題與牡丹同名芍葯__juan_01.txt,scrape_output\clean\元朝\戲題與牡丹同名芍葯\戲題與牡丹同名芍葯__juan_01.txt,182,137,0,separate,0.09448818897637795,unknown,127,0.0,0.047244094488188976,10.0,0,1
元朝,886718,所思 (耶律鑄),所思 (耶律鑄),所思 (耶律鑄),1,scrape_output\raw\元朝\所思 (耶律鑄)\所思 (耶律鑄)__juan_01.txt,scrape_output\clean\元朝\所思 (耶律鑄)\所思 (耶律鑄)__juan_01.txt,113,69,0,separate,-0.015873015873015872,unknown,63,0.015873015873015872,0.015873015873015872,12.0,0,1
元朝,766470,扁舟,扁舟,扁舟,1,scrape_output\raw\元朝\扁舟\扁舟__juan_01.txt,scrape_output\clean\元朝\扁舟\扁舟__juan_01.txt,133,89,0,separate,0.012658227848101264,unknown,79,0.012658227848101266,0.02531645569620253,10.571428571428571,0,1
元朝,758593,扁鵲神應針灸玉龍經,扁鵲神應針灸玉龍經,扁鵲神應針灸玉龍經,1,scrape_output\raw\元朝\扁鵲神應針灸玉龍經\扁鵲神應針灸玉龍經__juan_01.txt,scrape_output\clean\元朝\扁鵲神應針灸玉龍經\扁鵲神應針灸玉龍經__juan_01.txt,24529,24200,0,separate,0.18817479565256445,wenyan-like,22266,0.0035030988951765024,0.024342046169046977,15.514492753623188,0,0
元朝,1179239,投宿龍潭道林寺,投宿龍潭道林寺,投宿龍潭道林寺,1,scrape_output\raw\元朝\投宿龍潭道林寺\投宿龍潭道林寺__juan_01.txt,scrape_output\clean\元朝\投宿龍潭道林寺\投宿龍潭道林寺__juan_01.txt,133,89,0,separate,0.02531645569620253,unknown,79,0.0,0.012658227848101266,10.571428571428571,0,1
元朝,317474,投鄧州節副劉光甫祖謙,投鄧州節副劉光甫祖謙,投鄧州節副劉光甫祖謙,1,scrape_output\raw\元朝\投鄧州節副劉光甫祖謙\投鄧州節副劉光甫祖謙__juan_01.txt,scrape_output\clean\元朝\投鄧州節副劉光甫祖謙\投鄧州節副劉光甫祖謙__juan_01.txt,257,213,0,separate,0.005235602094240836,unknown,191,0.005235602094240838,0.010471204188481676,13.846153846153847,0,1
元朝,1083215,折桂令,折桂令·春情,折桂令,1,scrape_output\raw\元朝\折桂令\折桂令__juan_01.txt,scrape_output\clean\元朝\折桂令\折桂令__juan_01.txt,147,103,0,separate,0.02590673575129534,unknown,193,0.0051813471502590676,0.02072538860103627,13.071428571428571,0,1
元朝,1083215,折桂令,折桂令·梦是作,折桂令,2,scrape_output\raw\元朝\折桂令\折桂令__juan_02.txt,scrape_output\clean\元朝\折桂令\折桂令__juan_02.txt,148,104,0,separate,0.02590673575129534,unknown,193,0.0051813471502590676,0.02072538860103627,13.071428571428571,0,1
元朝,891538,抵楚门,抵楚门,抵楚门,1,scrape_output\raw\元朝\抵楚门\抵楚门__juan_01.txt,scrape_output\clean\元朝\抵楚门\抵楚门__juan_01.txt,70,70,0,separate,0.18125,unknown,64,0.0,0.015625,15.5,0,1
元朝,765141,抹撚氏注道德經序,抹撚氏注道德經序,抹撚氏注道德經序,1,scrape_output\raw\元朝\抹撚氏注道德經序\抹撚氏注道德經序__juan_01.txt,scrape_output\clean\元朝\抹撚氏注道德經序\抹撚氏注道德經序__juan_01.txt,529,485,0,separate,0.46789473684210525,wenyan-like,475,0.00631578947368421,0.16842105263157894,20.727272727272727,0,0
元朝,136104,拊掌錄,拊掌錄,拊掌錄,1,scrape_output\raw\元朝\拊掌錄\拊掌錄__juan_01.txt,scrape_output\clean\元朝\拊掌錄\拊掌錄__juan_01.txt,5218,4934,0,separate,0.2459637561779242,wenyan-like,4856,0.013591433278418451,0.06836902800658978,15.76206896551724,0,0
元朝,886315,拒馬河,拒馬河,拒馬河,1,scrape_output\raw\元朝\拒馬河\拒馬河__juan_01.txt,scrape_output\clean\元朝\拒馬河\拒馬河__juan_01.txt,134,88,0,separate,0.03749999999999999,unknown,80,0.0125,0.0375,12.833333333333334,0,1
元朝,1179524,招隱首山分韻得生字,招隱首山分韻得生字,招隱首山分韻得生字,1,scrape_output\raw\元朝\招隱首山分韻得生字\招隱首山分韻得生字__juan_01.txt,scrape_output\clean\元朝\招隱首山分韻得生字\招隱首山分韻得生字__juan_01.txt,149,105,0,separate,0.021052631578947368,unknown,95,0.0,0.010526315789473684,12.857142857142858,0,1
元朝,874912,拜岳顎王墓,拜岳顎王墓,拜岳顎王墓,1,scrape_output\raw\元朝\拜岳顎王墓\拜岳顎王墓__juan_01.txt,scrape_output\clean\元朝\拜岳顎王墓\拜岳顎王墓__juan_01.txt,48,48,0,separate,-0.04166666666666667,unknown,48,0.041666666666666664,0.041666666666666664,11.0,0,1
元朝,886712,拜書尊大人領省甕山原塋域寢園之壁,拜書尊大人領省甕山原塋域寢園之壁,拜書尊大人領省甕山原塋域寢園之壁,1,scrape_output\raw\元朝\拜書尊大人領省甕山原塋域寢園之壁\拜書尊大人領省甕山原塋域寢園之壁__juan_01.txt,scrape_output\clean\元朝\拜書尊大人領省甕山原塋域寢園之壁\拜書尊大人領省甕山原塋域寢園之壁__juan_01.txt,303,259,0,separate,0.29741035856573705,wenyan-like,251,0.00398406374501992,0.0796812749003984,18.46153846153846,0,0
元朝,768866,挽吳孟思,挽吳孟思,挽吳孟思,1,scrape_output\raw\元朝\挽吳孟思\挽吳孟思__juan_01.txt,scrape_output\clean\元朝\挽吳孟思\挽吳孟思__juan_01.txt,149,105,0,separate,0.042105263157894736,unknown,95,0.0,0.021052631578947368,12.857142857142858,0,1
元朝,886189,挽皇太子詞,挽皇太子詞,挽皇太子詞,1,scrape_output\raw\元朝\挽皇太子詞\挽皇太子詞__juan_01.txt,scrape_output\clean\元朝\挽皇太子詞\挽皇太子詞__juan_01.txt,149,105,0,separate,-0.010526315789473686,unknown,95,0.010526315789473684,0.010526315789473684,12.857142857142858,0,1
元朝,885311,採荷調并序,採荷調并序,採荷調并序,1,scrape_output\raw\元朝\採荷調并序\採荷調并序__juan_01.txt,scrape_output\clean\元朝\採荷調并序\採荷調并序__juan_01.txt,384,340,0,separate,0.19487179487179485,wenyan-like,312,0.00641025641025641,0.03205128205128205,15.526315789473685,0,0
元朝,885452,採蓮曲 (耶律鑄),採蓮曲 (耶律鑄),採蓮曲 (耶律鑄),1,scrape_output\raw\元朝\採蓮曲 (耶律鑄)\採蓮曲 (耶律鑄)__juan_01.txt,scrape_output\clean\元朝\採蓮曲 (耶律鑄)\採蓮曲 (耶律鑄)__juan_01.txt,149,105,0,separate,0.08421052631578947,unknown,95,0.0,0.042105263157894736,12.857142857142858,0,1
元朝,885360,摘阮行呈吕西岡,摘阮行呈吕西岡,摘阮行呈吕西岡,1,scrape_output\raw\元朝\摘阮行呈吕西岡\摘阮行呈吕西岡__juan_01.txt,scrape_output\clean\元朝\摘阮行呈吕西岡\摘阮行呈吕西岡__juan_01.txt,335,287,0,separate,0.011764705882352941,wenyan-like,255,0.00392156862745098,0.011764705882352941,12.05,0,0
元朝,1179622,擁爐夜酌嘲張友寄詩謝,擁爐夜酌嘲張友寄詩謝,擁爐夜酌嘲張友寄詩謝,1,scrape_output\raw\元朝\擁爐夜酌嘲張友寄詩謝\擁爐夜酌嘲張友寄詩謝__juan_01.txt,scrape_output\clean\元朝\擁爐夜酌嘲張友寄詩謝\擁爐夜酌嘲張友寄詩謝__juan_01.txt,151,107,0,separate,-0.010526315789473686,unknown,95,0.010526315789473684,0.010526315789473684,11.125,0,1
元朝,195726,擬古七首,擬古七首,擬古七首,1,scrape_output\raw\元朝\擬古七首\擬古七首__juan_01.txt,scrape_output\clean\元朝\擬古七首\擬古七首__juan_01.txt,482,390,0,separate,0.017857142857142856,wenyan-like,336,0.011904761904761904,0.026785714285714284,9.5,0,0
元朝,886616,擬回文二首,擬回文二首,擬回文二首,1,scrape_output\raw\元朝\擬回文二首\擬回文二首__juan_01.txt,scrape_output\clean\元朝\擬回文二首\擬回文二首__juan_01.txt,149,105,0,separate,0.021052631578947368,unknown,95,0.0,0.010526315789473684,12.857142857142858,0,1
元朝,886237,擬孟郊古怨,擬孟郊古怨,擬孟郊古怨,1,scrape_output\raw\元朝\擬孟郊古怨\擬孟郊古怨__juan_01.txt,scrape_output\clean\元朝\擬孟郊古怨\擬孟郊古怨__juan_01.txt,105,61,0,separate,0.03636363636363636,unknown,55,0.0,0.01818181818181818,10.4,0,1
元朝,885635,擬西崑體後閣,擬西崑體後閣,擬西崑體後閣,1,scrape_output\raw\元朝\擬西崑體後閣\擬西崑體後閣__juan_01.txt,scrape_output\clean\元朝\擬西崑體後閣\擬西崑體後閣__juan_01.txt,133,89,0,separate,0.02531645569620253,unknown,79,0.0,0.012658227848101266,10.571428571428571,0,1
元朝,886102,擬詠落梅,擬詠落梅,擬詠落梅,1,scrape_output\raw\元朝\擬詠落梅\擬詠落梅__juan_01.txt,scrape_output\clean\元朝\擬詠落梅\擬詠落梅__juan_01.txt,149,105,0,separate,0.010526315789473682,unknown,95,0.010526315789473684,0.021052631578947368,12.857142857142858,0,1
元朝,874684,擬賦岳顎王墓,擬賦岳顎王墓,擬賦岳顎王墓,1,scrape_output\raw\元朝\擬賦岳顎王墓\擬賦岳顎王墓__juan_01.txt,scrape_output\clean\元朝\擬賦岳顎王墓\擬賦岳顎王墓__juan_01.txt,76,64,0,separate,0.18125,unknown,64,0.0,0.015625,15.0,0,1
元朝,874685,擬賦岳顎王墓再二首,擬賦岳顎王墓再二首,擬賦岳顎王墓再二首,1,scrape_output\raw\元朝\擬賦岳顎王墓再二首\擬賦岳顎王墓再二首__juan_01.txt,scrape_output\clean\元朝\擬賦岳顎王墓再二首\擬賦岳顎王墓再二首__juan_01.txt,129,129,0,separate,0.18125,unknown,128,0.0,0.015625,15.0,0,1
元朝,766432,攣跛中雜興,攣跛中雜興,攣跛中雜興,1,scrape_output\raw\元朝\攣跛中雜興\攣跛中雜興__juan_01.txt,scrape_output\clean\元朝\攣跛中雜興\攣跛中雜興__juan_01.txt,238,192,0,separate,-0.011627906976744186,unknown,172,0.011627906976744186,0.011627906976744186,12.461538461538462,0,1
元朝,885449,放鴈詞,放鴈詞,放鴈詞,1,scrape_output\raw\元朝\放鴈詞\放鴈詞__juan_01.txt,scrape_output\clean\元朝\放鴈詞\放鴈詞__juan_01.txt,233,189,0,separate,0.06060606060606061,unknown,165,0.0,0.030303030303030304,9.75,0,1
元朝,766410,故南臺侍御史周公挽辭,故南臺侍御史周公挽辭,故南臺侍御史周公挽辭,1,scrape_output\raw\元朝\故南臺侍御史周公挽辭\故南臺侍御史周公挽辭__juan_01.txt,scrape_output\clean\元朝\故南臺侍御史周公挽辭\故南臺侍御史周公挽辭__juan_01.txt,569,523,0,separate,0.01108647450110865,wenyan-like,451,0.0066518847006651885,0.015521064301552107,9.904761904761905,0,0
元朝,886430,故宫對雪三首,故宫對雪三首,故宫對雪三首,1,scrape_output\raw\元朝\故宫對雪三首\故宫對雪三首__juan_01.txt,scrape_output\clean\元朝\故宫對雪三首\故宫對雪三首__juan_01.txt,187,143,0,separate,0.007874015748031496,unknown,127,0.007874015748031496,0.015748031496062992,10.909090909090908,0,1
元朝,765561,故處士倪君墓誌銘,故處士倪君墓誌銘,故處士倪君墓誌銘,1,scrape_output\raw\元朝\故處士倪君墓誌銘\故處士倪君墓誌銘__juan_01.txt,scrape_output\clean\元朝\故處士倪君墓誌銘\故處士倪君墓誌銘__juan_01.txt,786,742,0,separate,0.2942307692307692,wenyan-like,728,0.004120879120879121,0.0782967032967033,21.9375,0,0
元朝,765556,故處士馮君墓誌銘,故處士馮君墓誌銘,故處士馮君墓誌銘,1,scrape_output\raw\元朝\故處士馮君墓誌銘\故處士馮君墓誌銘__juan_01.txt,scrape_output\clean\元朝\故處士馮君墓誌銘\故處士馮君墓誌銘__juan_01.txt,563,517,0,separate,0.18219315895372235,wenyan-like,497,0.008048289738430584,0.028169014084507043,15.833333333333334,0,0
元朝,888259,敕修百丈清规,敕修百丈清规/第一卷,敕修百丈清规,1,scrape_output\raw\元朝\敕修百丈清规\敕修百丈清规__juan_01.txt,scrape_output\clean\元朝\敕修百丈清规\敕修百丈清规__juan_01.txt,8722,8418,0,separate,0.04551952555519384,wenyan-like,70651,0.011181724250187541,0.03953234915287823,7.8014035951736025,0,0
元朝,888259,敕修百丈清规,敕修百丈清规/第七卷,敕修百丈清规,2,scrape_output\raw\元朝\敕修百丈清规\敕修百丈清规__juan_02.txt,scrape_output\clean\元朝\敕修百丈清规\敕修百丈清规__juan_02.txt,9513,9266,0,separate,0.04551952555519384,wenyan-like,70651,0.011181724250187541,0.03953234915287823,7.8014035951736025,0,0
元朝,888259,敕修百丈清规,敕修百丈清规/第三卷,敕修百丈清规,3,scrape_output\raw\元朝\敕修百丈清规\敕修百丈清规__juan_03.txt,scrape_output\clean\元朝\敕修百丈清规\敕修百丈清规__juan_03.txt,2510,2446,0,separate,0.04551952555519384,wenyan-like,70651,0.011181724250187541,0.03953234915287823,7.8014035951736025,0,0
元朝,888259,敕修百丈清规,敕修百丈清规/第二卷,敕修百丈清规,4,scrape_output\raw\元朝\敕修百丈清规\敕修百丈清规__juan_04.txt,scrape_output\clean\元朝\敕修百丈清规\敕修百丈清规__juan_04.txt,13441,13180,0,separate,0.04551952555519384,wenyan-like,70651,0.011181724250187541,0.03953234915287823,7.8014035951736025,0,0
元朝,888259,敕修百丈清规,敕修百丈清规/第五卷,敕修百丈清规,5,scrape_output\raw\元朝\敕修百丈清规\敕修百丈清规__juan_05.txt,scrape_output\clean\元朝\敕修百丈清规\敕修百丈清规__juan_05.txt,11881,11634,0,separate,0.04551952555519384,wenyan-like,70651,0.011181724250187541,0.03953234915287823,7.8014035951736025,0,0
元朝,888259,敕修百丈清规,敕修百丈清规/第八卷,敕修百丈清规,6,scrape_output\raw\元朝\敕修百丈清规\敕修百丈清规__juan_06.txt,scrape_output\clean\元朝\敕修百丈清规\敕修百丈清规__juan_06.txt,8097,8038,0,separate,0.04551952555519384,wenyan-like,70651,0.011181724250187541,0.03953234915287823,7.8014035951736025,0,0
元朝,888259,敕修百丈清规,敕修百丈清规/第六卷,敕修百丈清规,7,scrape_output\raw\元朝\敕修百丈清规\敕修百丈清规__juan_07.txt,scrape_output\clean\元朝\敕修百丈清规\敕修百丈清规__juan_07.txt,10927,10760,0,separate,0.04551952555519384,wenyan-like,70651,0.011181724250187541,0.03953234915287823,7.8014035951736025,0,0
元朝,888259,敕修百丈清规,敕修百丈清规/第四卷,敕修百丈清规,8,scrape_output\raw\元朝\敕修百丈清规\敕修百丈清规__juan_08.txt,scrape_output\clean\元朝\敕修百丈清规\敕修百丈清规__juan_08.txt,10344,10202,0,separate,0.04551952555519384,wenyan-like,70651,0.011181724250187541,0.03953234915287823,7.8014035951736025,0,0
元朝,766357,敬題諭淮安朱安撫詔後,敬題諭淮安朱安撫詔後,敬題諭淮安朱安撫詔後,1,scrape_output\raw\元朝\敬題諭淮安朱安撫詔後\敬題諭淮安朱安撫詔後__juan_01.txt,scrape_output\clean\元朝\敬題諭淮安朱安撫詔後\敬題諭淮安朱安撫詔後__juan_01.txt,219,175,0,separate,0.01273885350318471,unknown,157,0.012738853503184714,0.025477707006369428,13.454545454545455,0,1
元朝,59126,敬齋古今黈,敬齋古今黈/卷01,敬齋古今黈,1,scrape_output\raw\元朝\敬齋古今黈\敬齋古今黈__juan_01.txt,scrape_output\clean\元朝\敬齋古今黈\敬齋古今黈__juan_01.txt,8113,8113,0,separate,0.17085504305380356,wenyan-like,91165,0.010618110020292875,0.10135468655734109,5.859280986762936,0,0
元朝,59126,敬齋古今黈,敬齋古今黈/卷02,敬齋古今黈,2,scrape_output\raw\元朝\敬齋古今黈\敬齋古今黈__juan_02.txt,scrape_output\clean\元朝\敬齋古今黈\敬齋古今黈__juan_02.txt,8894,8880,0,separate,0.17085504305380356,wenyan-like,91165,0.010618110020292875,0.10135468655734109,5.859280986762936,0,0
元朝,59126,敬齋古今黈,敬齋古今黈/卷03,敬齋古今黈,3,scrape_output\raw\元朝\敬齋古今黈\敬齋古今黈__juan_03.txt,scrape_output\clean\元朝\敬齋古今黈\敬齋古今黈__juan_03.txt,8920,8912,0,separate,0.17085504305380356,wenyan-like,91165,0.010618110020292875,0.10135468655734109,5.859280986762936,0,0
元朝,59126,敬齋古今黈,敬齋古今黈/卷04,敬齋古今黈,4,scrape_output\raw\元朝\敬齋古今黈\敬齋古今黈__juan_04.txt,scrape_output\clean\元朝\敬齋古今黈\敬齋古今黈__juan_04.txt,8086,7972,0,separate,0.17085504305380356,wenyan-like,91165,0.010618110020292875,0.10135468655734109,5.859280986762936,0,0
元朝,59126,敬齋古今黈,敬齋古今黈/卷05,敬齋古今黈,5,scrape_output\raw\元朝\敬齋古今黈\敬齋古今黈__juan_05.txt,scrape_output\clean\元朝\敬齋古今黈\敬齋古今黈__juan_05.txt,8526,8515,0,separate,0.17085504305380356,wenyan-like,91165,0.010618110020292875,0.10135468655734109,5.859280986762936,0,0
元朝,59126,敬齋古今黈,敬齋古今黈/卷06,敬齋古今黈,6,scrape_output\raw\元朝\敬齋古今黈\敬齋古今黈__juan_06.txt,scrape_output\clean\元朝\敬齋古今黈\敬齋古今黈__juan_06.txt,8078,8058,0,separate,0.17085504305380356,wenyan-like,91165,0.010618110020292875,0.10135468655734109,5.859280986762936,0,0
元朝,59126,敬齋古今黈,敬齋古今黈/卷07,敬齋古今黈,7,scrape_output\raw\元朝\敬齋古今黈\敬齋古今黈__juan_07.txt,scrape_output\clean\元朝\敬齋古今黈\敬齋古今黈__juan_07.txt,8820,8801,0,separate,0.17085504305380356,wenyan-like,91165,0.010618110020292875,0.10135468655734109,5.859280986762936,0,0
元朝,59126,敬齋古今黈,敬齋古今黈/卷08,敬齋古今黈,8,scrape_output\raw\元朝\敬齋古今黈\敬齋古今黈__juan_08.txt,scrape_output\clean\元朝\敬齋古今黈\敬齋古今黈__juan_08.txt,8415,8363,0,separate,0.17085504305380356,wenyan-like,91165,0.010618110020292875,0.10135468655734109,5.859280986762936,0,0
元朝,59126,敬齋古今黈,敬齋古今黈/卷09,敬齋古今黈,9,scrape_output\raw\元朝\敬齋古今黈\敬齋古今黈__juan_09.txt,scrape_output\clean\元朝\敬齋古今黈\敬齋古今黈__juan_09.txt,8266,8256,0,separate,0.17085504305380356,wenyan-like,91165,0.010618110020292875,0.10135468655734109,5.859280986762936,0,0
元朝,59126,敬齋古今黈,敬齋古今黈/卷10,敬齋古今黈,10,scrape_output\raw\元朝\敬齋古今黈\敬齋古今黈__juan_10.txt,scrape_output\clean\元朝\敬齋古今黈\敬齋古今黈__juan_10.txt,7911,7883,0,separate,0.17085504305380356,wenyan-like,91165,0.010618110020292875,0.10135468655734109,5.859280986762936,0,0
元朝,59126,敬齋古今黈,敬齋古今黈/卷11、卷12,敬齋古今黈,11,scrape_output\raw\元朝\敬齋古今黈\敬齋古今黈__juan_11.txt,scrape_output\clean\元朝\敬齋古今黈\敬齋古今黈__juan_11.txt,8455,8424,0,separate,0.17085504305380356,wenyan-like,91165,0.010618110020292875,0.10135468655734109,5.859280986762936,0,0
元朝,321956,文丞相傳,文丞相傳,文丞相傳,1,scrape_output\raw\元朝\文丞相傳\文丞相傳__juan_01.txt,scrape_output\clean\元朝\文丞相傳\文丞相傳__juan_01.txt,7577,7530,0,separate,0.20433911882510014,wenyan-like,7490,0.010814419225634178,0.043391188251001335,19.88300835654596,0,0
元朝,321954,文天祥傳,文天祥傳,文天祥傳,1,scrape_output\raw\元朝\文天祥傳\文天祥傳__juan_01.txt,scrape_output\clean\元朝\文天祥傳\文天祥傳__juan_01.txt,4014,3970,0,separate,0.2333122309445429,wenyan-like,3949,0.008863003291972652,0.05495062041023044,21.735632183908045,0,0
元朝,183203,文獻通考,文獻通考/卷一,文獻通考,1,scrape_output\raw\元朝\文獻通考\文獻通考__juan_01.txt,scrape_output\clean\元朝\文獻通考\文獻通考__juan_01.txt,18644,18428,0,separate,0.24041052589987752,wenyan-like,1898175,0.010366272867359437,0.060754672250977915,19.595533764398578,0,0
元朝,183203,文獻通考,文獻通考/卷一百,文獻通考,2,scrape_output\raw\元朝\文獻通考\文獻通考__juan_02.txt,scrape_output\clean\元朝\文獻通考\文獻通考__juan_02.txt,0,0,1,separate,0.24041052589987752,wenyan-like,1898175,0.010366272867359437,0.060754672250977915,19.595533764398578,0,0
元朝,183203,文獻通考,文獻通考/卷一百一,文獻通考,3,scrape_output\raw\元朝\文獻通考\文獻通考__juan_03.txt,scrape_output\clean\元朝\文獻通考\文獻通考__juan_03.txt,0,0,1,separate,0.24041052589987752,wenyan-like,1898175,0.010366272867359437,0.060754672250977915,19.595533764398578,0,0
元朝,183203,文獻通考,文獻通考/卷一百七,文獻通考,4,scrape_output\raw\元朝\文獻通考\文獻通考__juan_04.txt,scrape_output\clean\元朝\文獻通考\文獻通考__juan_04.txt,0,0,1,separate,0.24041052589987752,wenyan-like,1898175,0.010366272867359437,0.060754672250977915,19.595533764398578,0,0
元朝,183203,文獻通考,文獻通考/卷一百七十,文獻通考,5,scrape_output\raw\元朝\文獻通考\文獻通考__juan_05.txt,scrape_output\clean\元朝\文獻通考\文獻通考__juan_05.txt,0,0,1,separate,0.24041052589987752,wenyan-like,1898175,0.010366272867359437,0.060754672250977915,19.595533764398578,0,0
元朝,183203,文獻通考,文獻通考/卷一百七十一,文獻通考,6,scrape_output\raw\元朝\文獻通考\文獻通考__juan_06.txt,scrape_output\clean\元朝\文獻通考\文獻通考__juan_06.txt,0,0,1,separate,0.24041052589987752,wenyan-like,1898175,0.010366272867359437,0.060754672250977915,19.595533764398578,0,0
元朝,183203,文獻通考,文獻通考/卷一百七十七,文獻通考,7,scrape_output\raw\元朝\文獻通考\文獻通考__juan_07.txt,scrape_output\clean\元朝\文獻通考\文獻通考__juan_07.txt,12673,12593,0,separate,0.24041052589987752,wenyan-like,1898175,0.010366272867359437,0.060754672250977915,19.595533764398578,0,0
元朝,183203,文獻通考,文獻通考/卷一百七十三,文獻通考,8,scrape_output\raw\元朝\文獻通考\文獻通考__juan_08.txt,scrape_output\clean\元朝\文獻通考\文獻通考__juan_08.txt,0,0,1,separate,0.24041052589987752,wenyan-like,1898175,0.010366272867359437,0.060754672250977915,19.595533764398578,0,0
元朝,183203,文獻通考,文獻通考/卷一百七十九,文獻通考,9,scrape_output\raw\元朝\文獻通考\文獻通考__juan_09.txt,scrape_output\clean\元朝\文獻通考\文獻通考__juan_09.txt,6384,6343,0,separate,0.24041052589987752,wenyan-like,1898175,0.010366272867359437,0.060754672250977915,19.595533764398578,0,0
元朝,183203,文獻通考,文獻通考/卷一百七十二,文獻通考,10,scrape_output\raw\元朝\文獻通考\文獻通考__juan_10.txt,scrape_output\clean\元朝\文獻通考\文獻通考__juan_10.txt,0,0,1,separate,0.24041052589987752,wenyan-like,1898175,0.010366272867359437,0.060754672250977915,19.595533764398578,0,0
元朝,183203,文獻通考,文獻通考/卷一百七十五,文獻通考,11,scrape_output\raw\元朝\文獻通考\文獻通考__juan_11.txt,scrape_output\clean\元朝\文獻通考\文獻通考__juan_11.txt,11711,11655,0,separate,0.24041052589987752,wenyan-like,1898175,0.010366272867359437,0.060754672250977915,19.595533764398578,0,0
元朝,183203,文獻通考,文獻通考/卷一百七十八,文獻通考,12,scrape_output\raw\元朝\文獻通考\文獻通考__juan_12.txt,scrape_output\clean\元朝\文獻通考\文獻通考__juan_12.txt,12056,12044,0,separate,0.24041052589987752,wenyan-like,1898175,0.010366272867359437,0.060754672250977915,19.595533764398578,0,0
元朝,183203,文獻通考,文獻通考/卷一百七十六,文獻通考,13,scrape_output\raw\元朝\文獻通考\文獻通考__juan_13.txt,scrape_output\clean\元朝\文獻通考\文獻通考__juan_13.txt,11821,11748,0,separate,0.24041052589987752,wenyan-like,1898175,0.010366272867359437,0.060754672250977915,19.595533764398578,0,0
元朝,183203,文獻通考,文獻通考/卷一百七十四,文獻通考,14,scrape_output\raw\元朝\文獻通考\文獻通考__juan_14.txt,scrape_output\clean\元朝\文獻通考\文獻通考__juan_14.txt,21224,21216,0,separate,0.24041052589987752,wenyan-like,1898175,0.010366272867359437,0.060754672250977915,19.595533764398578,0,0
元朝,183203,文獻通考,文獻通考/卷一百三,文獻通考,15,scrape_output\raw\元朝\文獻通考\文獻通考__juan_15.txt,scrape_output\clean\元朝\文獻通考\文獻通考__juan_15.txt,0,0,1,separate,0.24041052589987752,wenyan-like,1898175,0.010366272867359437,0.060754672250977915,19.595533764398578,0,0
元朝,183203,文獻通考,文獻通考/卷一百三十,文獻通考,16,scrape_output\raw\元朝\文獻通考\文獻通考__juan_16.txt,scrape_output\clean\元朝\文獻通考\文獻通考__juan_16.txt,0,0,1,separate,0.24041052589987752,wenyan-like,1898175,0.010366272867359437,0.060754672250977915,19.595533764398578,0,0
元朝,183203,文獻通考,文獻通考/卷一百三十一,文獻通考,17,scrape_output\raw\元朝\文獻通考\文獻通考__juan_17.txt,scrape_output\clean\元朝\文獻通考\文獻通考__juan_17.txt,0,0,1,separate,0.24041052589987752,wenyan-like,1898175,0.010366272867359437,0.060754672250977915,19.595533764398578,0,0
元朝,183203,文獻通考,文獻通考/卷一百三十七,文獻通考,18,scrape_output\raw\元朝\文獻通考\文獻通考__juan_18.txt,scrape_output\clean\元朝\文獻通考\文獻通考__juan_18.txt,0,0,1,separate,0.24041052589987752,wenyan-like,1898175,0.010366272867359437,0.060754672250977915,19.595533764398578,0,0
元朝,183203,文獻通考,文獻通考/卷一百三十三,文獻通考,19,scrape_output\raw\元朝\文獻通考\文獻通考__juan_19.txt,scrape_output\clean\元朝\文獻通考\文獻通考__juan_19.txt,0,0,1,separate,0.24041052589987752,wenyan-like,1898175,0.010366272867359437,0.060754672250977915,19.595533764398578,0,0
元朝,183203,文獻通考,文獻通考/卷一百三十九,文獻通考,20,scrape_output\raw\元朝\文獻通考\文獻通考__juan_20.txt,scrape_output\clean\元朝\文獻通考\文獻通考__juan_20.txt,0,0,1,separate,0.24041052589987752,wenyan-like,1898175,0.010366272867359437,0.060754672250977915,19.595533764398578,0,0
元朝,183203,文獻通考,文獻通考/卷一百三十二,文獻通考,21,scrape_output\raw\元朝\文獻通考\文獻通考__juan_21.txt,scrape_output\clean\元朝\文獻通考\文獻通考__juan_21.txt,0,0,1,separate,0.24041052589987752,wenyan-like,1898175,0.010366272867359437,0.060754672250977915,19.595533764398578,0,0
元朝,183203,文獻通考,文獻通考/卷一百三十五,文獻通考,22,scrape_output\raw\元朝\文獻通考\文獻通考__juan_22.txt,scrape_output\clean\元朝\文獻通考\文獻通考__juan_22.txt,0,0,1,separate,0.24041052589987752,wenyan-like,1898175,0.010366272867359437,0.060754672250977915,19.595533764398578,0,0
元朝,183203,文獻通考,文獻通考/卷一百三十八,文獻通考,23,scrape_output\raw\元朝\文獻通考\文獻通考__juan_23.txt,scrape_output\clean\元朝\文獻通考\文獻通考__juan_23.txt,0,0,1,separate,0.24041052589987752,wenyan-like,1898175,0.010366272867359437,0.060754672250977915,19.595533764398578,0,0
元朝,183203,文獻通考,文獻通考/卷一百三十六,文獻通考,24,scrape_output\raw\元朝\文獻通考\文獻通考__juan_24.txt,scrape_output\clean\元朝\文獻通考\文獻通考__juan_24.txt,0,0,1,separate,0.24041052589987752,wenyan-like,1898175,0.010366272867359437,0.060754672250977915,19.595533764398578,0,0
元朝,183203,文獻通考,文獻通考/卷一百三十四,文獻通考,25,scrape_output\raw\元朝\文獻通考\文獻通考__juan_25.txt,scrape_output\clean\元朝\文獻通考\文獻通考__juan_25.txt,0,0,1,separate,0.24041052589987752,wenyan-like,1898175,0.010366272867359437,0.060754672250977915,19.595533764398578,0,0
元朝,183203,文獻通考,文獻通考/卷一百九,文獻通考,26,scrape_output\raw\元朝\文獻通考\文獻通考__juan_26.txt,scrape_output\clean\元朝\文獻通考\文獻通考__juan_26.txt,0,0,1,separate,0.24041052589987752,wenyan-like,1898175,0.010366272867359437,0.060754672250977915,19.595533764398578,0,0
元朝,183203,文獻通考,文獻通考/卷一百九十,文獻通考,27,scrape_output\raw\元朝\文獻通考\文獻通考__juan_27.txt,scrape_output\clean\元朝\文獻通考\文獻通考__juan_27.txt,8666,8593,0,separate,0.24041052589987752,wenyan-like,1898175,0.010366272867359437,0.060754672250977915,19.595533764398578,0,0
元朝,183203,文獻通考,文獻通考/卷一百九十一,文獻通考,28,scrape_output\raw\元朝\文獻通考\文獻通考__juan_28.txt,scrape_output\clean\元朝\文獻通考\文獻通考__juan_28.txt,9549,9539,0,separate,0.24041052589987752,wenyan-like,1898175,0.010366272867359437,0.060754672250977915,19.595533764398578,0,0
元朝,183203,文獻通考,文獻通考/卷一百九十七,文獻通考,29,scrape_output\raw\元朝\文獻通考\文獻通考__juan_29.txt,scrape_output\clean\元朝\文獻通考\文獻通考__juan_29.txt,4421,4358,0,separate,0.24041052589987752,wenyan-like,1898175,0.010366272867359437,0.060754672250977915,19.595533764398578,0,0
元朝,183203,文獻通考,文獻通考/卷一百九十三,文獻通考,30,scrape_output\raw\元朝\文獻通考\文獻通考__juan_30.txt,scrape_output\clean\元朝\文獻通考\文獻通考__juan_30.txt,14364,14312,0,separate,0.24041052589987752,wenyan-like,1898175,0.010366272867359437,0.060754672250977915,19.595533764398578,0,0
元朝,183203,文獻通考,文獻通考/卷一百九十九,文獻通考,31,scrape_output\raw\元朝\文獻通考\文獻通考__juan_31.txt,scrape_output\clean\元朝\文獻通考\文獻通考__juan_31.txt,6422,6312,0,separate,0.24041052589987752,wenyan-like,1898175,0.010366272867359437,0.060754672250977915,19.595533764398578,0,0
元朝,183203,文獻通考,文獻通考/卷一百九十二,文獻通考,32,scrape_output\raw\元朝\文獻通考\文獻通考__juan_32.txt,scrape_output\clean\元朝\文獻通考\文獻通考__juan_32.txt,7767,7746,0,separate,0.24041052589987752,wenyan-like,1898175,0.010366272867359437,0.060754672250977915,19.595533764398578,0,0
元朝,183203,文獻通考,文獻通考/卷一百九十五,文獻通考,33,scrape_output\raw\元朝\文獻通考\文獻通考__juan_33.txt,scrape_output\clean\元朝\文獻通考\文獻通考__juan_33.txt,8521,8487,0,separate,0.24041052589987752,wenyan-like,1898175,0.010366272867359437,0.060754672250977915,19.595533764398578,0,0
元朝,183203,文獻通考,文獻通考/卷一百九十八,文獻通考,34,scrape_output\raw\元朝\文獻通考\文獻通考__juan_34.txt,scrape_output\clean\元朝\文獻通考\文獻通考__juan_34.txt,5411,5355,0,separate,0.24041052589987752,wenyan-like,1898175,0.010366272867359437,0.060754672250977915,19.595533764398578,0,0
元朝,183203,文獻通考,文獻通考/卷一百九十六,文獻通考,35,scrape_output\raw\元朝\文獻通考\文獻通考__juan_35.txt,scrape_output\clean\元朝\文獻通考\文獻通考__juan_35.txt,4612,4558,0,separate,0.24041052589987752,wenyan-like,1898175,0.010366272867359437,0.060754672250977915,19.595533764398578,0,0
元朝,183203,文獻通考,文獻通考/卷一百九十四,文獻通考,36,scrape_output\raw\元朝\文獻通考\文獻通考__juan_36.txt,scrape_output\clean\元朝\文獻通考\文獻通考__juan_36.txt,8342,8287,0,separate,0.24041052589987752,wenyan-like,1898175,0.010366272867359437,0.060754672250977915,19.595533764398578,0,0
元朝,183203,文獻通考,文獻通考/卷一百二,文獻通考,37,scrape_output\raw\元朝\文獻通考\文獻通考__juan_37.txt,scrape_output\clean\元朝\文獻通考\文獻通考__juan_37.txt,0,0,1,separate,0.24041052589987752,wenyan-like,1898175,0.010366272867359437,0.060754672250977915,19.595533764398578,0,0
元朝,183203,文獻通考,文獻通考/卷一百二十,文獻通考,38,scrape_output\raw\元朝\文獻通考\文獻通考__juan_38.txt,scrape_output\clean\元朝\文獻通考\文獻通考__juan_38.txt,0,0,1,separate,0.24041052589987752,wenyan-like,1898175,0.010366272867359437,0.060754672250977915,19.595533764398578,0,0
元朝,183203,文獻通考,文獻通考/卷一百二十一,文獻通考,39,scrape_output\raw\元朝\文獻通考\文獻通考__juan_39.txt,scrape_output\clean\元朝\文獻通考\文獻通考__juan_39.txt,0,0,1,separate,0.24041052589987752,wenyan-like,1898175,0.010366272867359437,0.060754672250977915,19.595533764398578,0,0
元朝,183203,文獻通考,文獻通考/卷一百二十七,文獻通考,40,scrape_output\raw\元朝\文獻通考\文獻通考__juan_40.txt,scrape_output\clean\元朝\文獻通考\文獻通考__juan_40.txt,0,0,1,separate,0.24041052589987752,wenyan-like,1898175,0.010366272867359437,0.060754672250977915,19.595533764398578,0,0
元朝,183203,文獻通考,文獻通考/卷一百二十三,文獻通考,41,scrape_output\raw\元朝\文獻通考\文獻通考__juan_41.txt,scrape_output\clean\元朝\文獻通考\文獻通考__juan_41.txt,0,0,1,separate,0.24041052589987752,wenyan-like,1898175,0.010366272867359437,0.060754672250977915,19.595533764398578,0,0
元朝,183203,文獻通考,文獻通考/卷一百二十九,文獻通考,42,scrape_output\raw\元朝\文獻通考\文獻通考__juan_42.txt,scrape_output\clean\元朝\文獻通考\文獻通考__juan_42.txt,0,0,1,separate,0.24041052589987752,wenyan-like,1898175,0.010366272867359437,0.060754672250977915,19.595533764398578,0,0
元朝,183203,文獻通考,文獻通考/卷一百二十二,文獻通考,43,scrape_output\raw\元朝\文獻通考\文獻通考__juan_43.txt,scrape_output\clean\元朝\文獻通考\文獻通考__juan_43.txt,0,0,1,separate,0.24041052589987752,wenyan-like,1898175,0.010366272867359437,0.060754672250977915,19.595533764398578,0,0
元朝,183203,文獻通考,文獻通考/卷一百二十五,文獻通考,44,scrape_output\raw\元朝\文獻通考\文獻通考__juan_44.txt,scrape_output\clean\元朝\文獻通考\文獻通考__juan_44.txt,0,0,1,separate,0.24041052589987752,wenyan-like,1898175,0.010366272867359437,0.060754672250977915,19.595533764398578,0,0
元朝,183203,文獻通考,文獻通考/卷一百二十八,文獻通考,45,scrape_output\raw\元朝\文獻通考\文獻通考__juan_45.txt,scrape_output\clean\元朝\文獻通考\文獻通考__juan_45.txt,0,0,1,separate,0.24041052589987752,wenyan-like,1898175,0.010366272867359437,0.060754672250977915,19.595533764398578,0,0
元朝,183203,文獻通考,文獻通考/卷一百二十六,文獻通考,46,scrape_output\raw\元朝\文獻通考\文獻通考__juan_46.txt,scrape_output\clean\元朝\文獻通考\文獻通考__juan_46.txt,0,0,1,separate,0.24041052589987752,wenyan-like,1898175,0.010366272867359437,0.060754672250977915,19.595533764398578,0,0
元朝,183203,文獻通考,文獻通考/卷一百二十四,文獻通考,47,scrape_output\raw\元朝\文獻通考\文獻通考__juan_47.txt,scrape_output\clean\元朝\文獻通考\文獻通考__juan_47.txt,0,0,1,separate,0.24041052589987752,wenyan-like,1898175,0.010366272867359437,0.060754672250977915,19.595533764398578,0,0
元朝,183203,文獻通考,文獻通考/卷一百五,文獻通考,48,scrape_output\raw\元朝\文獻通考\文獻通考__juan_48.txt,scrape_output\clean\元朝\文獻通考\文獻通考__juan_48.txt,0,0,1,separate,0.24041052589987752,wenyan-like,1898175,0.010366272867359437,0.060754672250977915,19.595533764398578,0,0
元朝,183203,文獻通考,文獻通考/卷一百五十,文獻通考,49,scrape_output\raw\元朝\文獻通考\文獻通考__juan_49.txt,scrape_output\clean\元朝\文獻通考\文獻通考__juan_49.txt,0,0,1,separate,0.24041052589987752,wenyan-like,1898175,0.010366272867359437,0.060754672250977915,19.595533764398578,0,0
元朝,183203,文獻通考,文獻通考/卷一百五十一,文獻通考,50,scrape_output\raw\元朝\文獻通考\文獻通考__juan_50.txt,scrape_output\clean\元朝\文獻通考\文獻通考__juan_50.txt,0,0,1,separate,0.24041052589987752,wenyan-like,1898175,0.010366272867359437,0.060754672250977915,19.595533764398578,0,0
元朝,183203,文獻通考,文獻通考/卷一百五十七,文獻通考,51,scrape_output\raw\元朝\文獻通考\文獻通考__juan_51.txt,scrape_output\clean\元朝\文獻通考\文獻通考__juan_51.txt,0,0,1,separate,0.24041052589987752,wenyan-like,1898175,0.010366272867359437,0.060754672250977915,19.595533764398578,0,0
元朝,183203,文獻通考,文獻通考/卷一百五十三,文獻通考,52,scrape_output\raw\元朝\文獻通考\文獻通考__juan_52.txt,scrape_output\clean\元朝\文獻通考\文獻通考__juan_52.txt,0,0,1,separate,0.24041052589987752,wenyan-like,1898175,0.010366272867359437,0.060754672250977915,19.595533764398578,0,0
元朝,183203,文獻通考,文獻通考/卷一百五十九,文獻通考,53,scrape_output\raw\元朝\文獻通考\文獻通考__juan_53.txt,scrape_output\clean\元朝\文獻通考\文獻通考__juan_53.txt,0,0,1,separate,0.24041052589987752,wenyan-like,1898175,0.010366272867359437,0.060754672250977915,19.595533764398578,0,0
元朝,183203,文獻通考,文獻通考/卷一百五十二,文獻通考,54,scrape_output\raw\元朝\文獻通考\文獻通考__juan_54.txt,scrape_output\clean\元朝\文獻通考\文獻通考__juan_54.txt,0,0,1,separate,0.24041052589987752,wenyan-like,1898175,0.010366272867359437,0.060754672250977915,19.595533764398578,0,0
元朝,183203,文獻通考,文獻通考/卷一百五十五,文獻通考,55,scrape_output\raw\元朝\文獻通考\文獻通考__juan_55.txt,scrape_output\clean\元朝\文獻通考\文獻通考__juan_55.txt,0,0,1,separate,0.24041052589987752,wenyan-like,1898175,0.010366272867359437,0.060754672250977915,19.595533764398578,0,0
元朝,183203,文獻通考,文獻通考/卷一百五十八,文獻通考,56,scrape_output\raw\元朝\文獻通考\文獻通考__juan_56.txt,scrape_output\clean\元朝\文獻通考\文獻通考__juan_56.txt,0,0,1,separate,0.24041052589987752,wenyan-like,1898175,0.010366272867359437,0.060754672250977915,19.595533764398578,0,0
元朝,183203,文獻通考,文獻通考/卷一百五十六,文獻通考,57,scrape_output\raw\元朝\文獻通考\文獻通考__juan_57.txt,scrape_output\clean\元朝\文獻通考\文獻通考__juan_57.txt,0,0,1,separate,0.24041052589987752,wenyan-like,1898175,0.010366272867359437,0.060754672250977915,19.595533764398578,0,0
元朝,183203,文獻通考,文獻通考/卷一百五十四,文獻通考,58,scrape_output\raw\元朝\文獻通考\文獻通考__juan_58.txt,scrape_output\clean\元朝\文獻通考\文獻通考__juan_58.txt,0,0,1,separate,0.24041052589987752,wenyan-like,1898175,0.010366272867359437,0.060754672250977915,19.595533764398578,0,0
元朝,183203,文獻通考,文獻通考/卷一百八,文獻通考,59,scrape_output\raw\元朝\文獻通考\文獻通考__juan_59.txt,scrape_output\clean\元朝\文獻通考\文獻通考__juan_59.txt,0,0,1,separate,0.24041052589987752,wenyan-like,1898175,0.010366272867359437,0.060754672250977915,19.595533764398578,0,0
元朝,183203,文獻通考,文獻通考/卷一百八十,文獻通考,60,scrape_output\raw\元朝\文獻通考\文獻通考__juan_60.txt,scrape_output\clean\元朝\文獻通考\文獻通考__juan_60.txt,12161,12137,0,separate,0.24041052589987752,wenyan-like,1898175,0.010366272867359437,0.060754672250977915,19.595533764398578,0,0
元朝,183203,文獻通考,文獻通考/卷一百八十一,文獻通考,61,scrape_output\raw\元朝\文獻通考\文獻通考__juan_61.txt,scrape_output\clean\元朝\文獻通考\文獻通考__juan_61.txt,9085,9019,0,separate,0.24041052589987752,wenyan-like,1898175,0.010366272867359437,0.060754672250977915,19.595533764398578,0,0
元朝,183203,文獻通考,文獻通考/卷一百八十七,文獻通考,62,scrape_output\raw\元朝\文獻通考\文獻通考__juan_62.txt,scrape_output\clean\元朝\文獻通考\文獻通考__juan_62.txt,7721,7677,0,separate,0.24041052589987752,wenyan-like,1898175,0.010366272867359437,0.060754672250977915,19.595533764398578,0,0
元朝,183203,文獻通考,文獻通考/卷一百八十三,文獻通考,63,scrape_output\raw\元朝\文獻通考\文獻通考__juan_63.txt,scrape_output\clean\元朝\文獻通考\文獻通考__juan_63.txt,10319,10260,0,separate,0.24041052589987752,wenyan-like,1898175,0.010366272867359437,0.060754672250977915,19.595533764398578,0,0
元朝,183203,文獻通考,文獻通考/卷一百八十九,文獻通考,64,scrape_output\raw\元朝\文獻通考\文獻通考__juan_64.txt,scrape_output\clean\元朝\文獻通考\文獻通考__juan_64.txt,11116,11080,0,separate,0.24041052589987752,wenyan-like,1898175,0.010366272867359437,0.060754672250977915,19.595533764398578,0,0
元朝,183203,文獻通考,文獻通考/卷一百八十二,文獻通考,65,scrape_output\raw\元朝\文獻通考\文獻通考__juan_65.txt,scrape_output\clean\元朝\文獻通考\文獻通考__juan_65.txt,12813,12757,0,separate,0.24041052589987752,wenyan-like,1898175,0.010366272867359437,0.060754672250977915,19.595533764398578,0,0
元朝,183203,文獻通考,文獻通考/卷一百八十五,文獻通考,66,scrape_output\raw\元朝\文獻通考\文獻通考__juan_66.txt,scrape_output\clean\元朝\文獻通考\文獻通考__juan_66.txt,6722,6678,0,separate,0.24041052589987752,wenyan-like,1898175,0.010366272867359437,0.060754672250977915,19.595533764398578,0,0
元朝,183203,文獻通考,文獻通考/卷一百八十八,文獻通考,67,scrape_output\raw\元朝\文獻通考\文獻通考__juan_67.txt,scrape_output\clean\元朝\文獻通考\文獻通考__juan_67.txt,7464,7419,0,separate,0.24041052589987752,wenyan-like,1898175,0.010366272867359437,0.060754672250977915,19.595533764398578,0,0
元朝,183203,文獻通考,文獻通考/卷一百八十六,文獻通考,68,scrape_output\raw\元朝\文獻通考\文獻通考__juan_68.txt,scrape_output\clean\元朝\文獻通考\文獻通考__juan_68.txt,7526,7444,0,separate,0.24041052589987752,wenyan-like,1898175,0.010366272867359437,0.060754672250977915,19.595533764398578,0,0
元朝,183203,文獻通考,文獻通考/卷一百八十四,文獻通考,69,scrape_output\raw\元朝\文獻通考\文獻通考__juan_69.txt,scrape_output\clean\元朝\文獻通考\文獻通考__juan_69.txt,8756,8686,0,separate,0.24041052589987752,wenyan-like,1898175,0.010366272867359437,0.060754672250977915,19.595533764398578,0,0
元朝,183203,文獻通考,文獻通考/卷一百六,文獻通考,70,scrape_output\raw\元朝\文獻通考\文獻通考__juan_70.txt,scrape_output\clean\元朝\文獻通考\文獻通考__juan_70.txt,0,0,1,separate,0.24041052589987752,wenyan-like,1898175,0.010366272867359437,0.060754672250977915,19.595533764398578,0,0
元朝,183203,文獻通考,文獻通考/卷一百六十,文獻通考,71,scrape_output\raw\元朝\文獻通考\文獻通考__juan_71.txt,scrape_output\clean\元朝\文獻通考\文獻通考__juan_71.txt,0,0,1,separate,0.24041052589987752,wenyan-like,1898175,0.010366272867359437,0.060754672250977915,19.595533764398578,0,0
元朝,183203,文獻通考,文獻通考/卷一百六十一,文獻通考,72,scrape_output\raw\元朝\文獻通考\文獻通考__juan_72.txt,scrape_output\clean\元朝\文獻通考\文獻通考__juan_72.txt,0,0,1,separate,0.24041052589987752,wenyan-like,1898175,0.010366272867359437,0.060754672250977915,19.595533764398578,0,0
元朝,183203,文獻通考,文獻通考/卷一百六十七,文獻通考,73,scrape_output\raw\元朝\文獻通考\文獻通考__juan_73.txt,scrape_output\clean\元朝\文獻通考\文獻通考__juan_73.txt,0,0,1,separate,0.24041052589987752,wenyan-like,1898175,0.010366272867359437,0.060754672250977915,19.595533764398578,0,0
元朝,183203,文獻通考,文獻通考/卷一百六十三,文獻通考,74,scrape_output\raw\元朝\文獻通考\文獻通考__juan_74.txt,scrape_output\clean\元朝\文獻通考\文獻通考__juan_74.txt,0,0,1,separate,0.24041052589987752,wenyan-like,1898175,0.010366272867359437,0.060754672250977915,19.595533764398578,0,0
元朝,183203,文獻通考,文獻通考/卷一百六十九,文獻通考,75,scrape_output\raw\元朝\文獻通考\文獻通考__juan_75.txt,scrape_output\clean\元朝\文獻通考\文獻通考__juan_75.txt,0,0,1,separate,0.24041052589987752,wenyan-like,1898175,0.010366272867359437,0.060754672250977915,19.595533764398578,0,0
元朝,183203,文獻通考,文獻通考/卷一百六十二,文獻通考,76,scrape_output\raw\元朝\文獻通考\文獻通考__juan_76.txt,scrape_output\clean\元朝\文獻通考\文獻通考__juan_76.txt,364,266,0,separate,0.24041052589987752,wenyan-like,1898175,0.010366272867359437,0.060754672250977915,19.595533764398578,0,0
元朝,183203,文獻通考,文獻通考/卷一百六十五,文獻通考,77,scrape_output\raw\元朝\文獻通考\文獻通考__juan_77.txt,scrape_output\clean\元朝\文獻通考\文獻通考__juan_77.txt,0,0,1,separate,0.24041052589987752,wenyan-like,1898175,0.010366272867359437,0.060754672250977915,19.595533764398578,0,0
元朝,183203,文獻通考,文獻通考/卷一百六十八,文獻通考,78,scrape_output\raw\元朝\文獻通考\文獻通考__juan_78.txt,scrape_output\clean\元朝\文獻通考\文獻通考__juan_78.txt,0,0,1,separate,0.24041052589987752,wenyan-like,1898175,0.010366272867359437,0.060754672250977915,19.595533764398578,0,0
元朝,183203,文獻通考,文獻通考/卷一百六十六,文獻通考,79,scrape_output\raw\元朝\文獻通考\文獻通考__juan_79.txt,scrape_output\clean\元朝\文獻通考\文獻通考__juan_79.txt,0,0,1,separate,0.24041052589987752,wenyan-like,1898175,0.010366272867359437,0.060754672250977915,19.595533764398578,0,0
元朝,183203,文獻通考,文獻通考/卷一百六十四,文獻通考,80,scrape_output\raw\元朝\文獻通考\文獻通考__juan_80.txt,scrape_output\clean\元朝\文獻通考\文獻通考__juan_80.txt,0,0,1,separate,0.24041052589987752,wenyan-like,1898175,0.010366272867359437,0.060754672250977915,19.595533764398578,0,0
元朝,183203,文獻通考,文獻通考/卷一百十,文獻通考,81,scrape_output\raw\元朝\文獻通考\文獻通考__juan_81.txt,scrape_output\clean\元朝\文獻通考\文獻通考__juan_81.txt,0,0,1,separate,0.24041052589987752,wenyan-like,1898175,0.010366272867359437,0.060754672250977915,19.595533764398578,0,0
元朝,183203,文獻通考,文獻通考/卷一百十一,文獻通考,82,scrape_output\raw\元朝\文獻通考\文獻通考__juan_82.txt,scrape_output\clean\元朝\文獻通考\文獻通考__juan_82.txt,12544,12397,0,separate,0.24041052589987752,wenyan-like,1898175,0.010366272867359437,0.060754672250977915,19.595533764398578,0,0
元朝,183203,文獻通考,文獻通考/卷一百十七,文獻通考,83,scrape_output\raw\元朝\文獻通考\文獻通考__juan_83.txt,scrape_output\clean\元朝\文獻通考\文獻通考__juan_83.txt,0,0,1,separate,0.24041052589987752,wenyan-like,1898175,0.010366272867359437,0.060754672250977915,19.595533764398578,0,0
元朝,183203,文獻通考,文獻通考/卷一百十三,文獻通考,84,scrape_output\raw\元朝\文獻通考\文獻通考__juan_84.txt,scrape_output\clean\元朝\文獻通考\文獻通考__juan_84.txt,0,0,1,separate,0.24041052589987752,wenyan-like,1898175,0.010366272867359437,0.060754672250977915,19.595533764398578,0,0
元朝,183203,文獻通考,文獻通考/卷一百十九,文獻通考,85,scrape_output\raw\元朝\文獻通考\文獻通考__juan_85.txt,scrape_output\clean\元朝\文獻通考\文獻通考__juan_85.txt,0,0,1,separate,0.24041052589987752,wenyan-like,1898175,0.010366272867359437,0.060754672250977915,19.595533764398578,0,0
元朝,183203,文獻通考,文獻通考/卷一百十二,文獻通考,86,scrape_output\raw\元朝\文獻通考\文獻通考__juan_86.txt,scrape_output\clean\元朝\文獻通考\文獻通考__juan_86.txt,0,0,1,separate,0.24041052589987752,wenyan-like,1898175,0.010366272867359437,0.060754672250977915,19.595533764398578,0,0
元朝,183203,文獻通考,文獻通考/卷一百十五,文獻通考,87,scrape_output\raw\元朝\文獻通考\文獻通考__juan_87.txt,scrape_output\clean\元朝\文獻通考\文獻通考__juan_87.txt,0,0,1,separate,0.24041052589987752,wenyan-like,1898175,0.010366272867359437,0.060754672250977915,19.595533764398578,0,0
元朝,183203,文獻通考,文獻通考/卷一百十八,文獻通考,88,scrape_output\raw\元朝\文獻通考\文獻通考__juan_88.txt,scrape_output\clean\元朝\文獻通考\文獻通考__juan_88.txt,0,0,1,separate,0.24041052589987752,wenyan-like,1898175,0.010366272867359437,0.060754672250977915,19.595533764398578,0,0
元朝,183203,文獻通考,文獻通考/卷一百十六,文獻通考,89,scrape_output\raw\元朝\文獻通考\文獻通考__juan_89.txt,scrape_output\clean\元朝\文獻通考\文獻通考__juan_89.txt,0,0,1,separate,0.24041052589987752,wenyan-like,1898175,0.010366272867359437,0.060754672250977915,19.595533764398578,0,0
元朝,183203,文獻通考,文獻通考/卷一百十四,文獻通考,90,scrape_output\raw\元朝\文獻通考\文獻通考__juan_90.txt,scrape_output\clean\元朝\文獻通考\文獻通考__juan_90.txt,0,0,1,separate,0.24041052589987752,wenyan-like,1898175,0.010366272867359437,0.060754672250977915,19.595533764398578,0,0
元朝,183203,文獻通考,文獻通考/卷一百四,文獻通考,91,scrape_output\raw\元朝\文獻通考\文獻通考__juan_91.txt,scrape_output\clean\元朝\文獻通考\文獻通考__juan_91.txt,0,0,1,separate,0.24041052589987752,wenyan-like,1898175,0.010366272867359437,0.060754672250977915,19.595533764398578,0,0
元朝,183203,文獻通考,文獻通考/卷一百四十,文獻通考,92,scrape_output\raw\元朝\文獻通考\文獻通考__juan_92.txt,scrape_output\clean\元朝\文獻通考\文獻通考__juan_92.txt,0,0,1,separate,0.24041052589987752,wenyan-like,1898175,0.010366272867359437,0.060754672250977915,19.595533764398578,0,0
元朝,183203,文獻通考,文獻通考/卷一百四十一,文獻通考,93,scrape_output\raw\元朝\文獻通考\文獻通考__juan_93.txt,scrape_output\clean\元朝\文獻通考\文獻通考__juan_93.txt,0,0,1,separate,0.24041052589987752,wenyan-like,1898175,0.010366272867359437,0.060754672250977915,19.595533764398578,0,0
元朝,183203,文獻通考,文獻通考/卷一百四十七,文獻通考,94,scrape_output\raw\元朝\文獻通考\文獻通考__juan_94.txt,scrape_output\clean\元朝\文獻通考\文獻通考__juan_94.txt,0,0,1,separate,0.24041052589987752,wenyan-like,1898175,0.010366272867359437,0.060754672250977915,19.595533764398578,0,0
元朝,183203,文獻通考,文獻通考/卷一百四十三,文獻通考,95,scrape_output\raw\元朝\文獻通考\文獻通考__juan_95.txt,scrape_output\clean\元朝\文獻通考\文獻通考__juan_95.txt,0,0,1,separate,0.24041052589987752,wenyan-like,1898175,0.010366272867359437,0.060754672250977915,19.595533764398578,0,0
元朝,183203,文獻通考,文獻通考/卷一百四十九,文獻通考,96,scrape_output\raw\元朝\文獻通考\文獻通考__juan_96.txt,scrape_output\clean\元朝\文獻通考\文獻通考__juan_96.txt,0,0,1,separate,0.24041052589987752,wenyan-like,1898175,0.010366272867359437,0.060754672250977915,19.595533764398578,0,0
元朝,183203,文獻通考,文獻通考/卷一百四十二,文獻通考,97,scrape_output\raw\元朝\文獻通考\文獻通考__juan_97.txt,scrape_output\clean\元朝\文獻通考\文獻通考__juan_97.txt,0,0,1,separate,0.24041052589987752,wenyan-like,1898175,0.010366272867359437,0.060754672250977915,19.595533764398578,0,0
元朝,183203,文獻通考,文獻通考/卷一百四十五,文獻通考,98,scrape_output\raw\元朝\文獻通考\文獻通考__juan_98.txt,scrape_output\clean\元朝\文獻通考\文獻通考__juan_98.txt,0,0,1,separate,0.24041052589987752,wenyan-like,1898175,0.010366272867359437,0.060754672250977915,19.595533764398578,0,0
元朝,183203,文獻通考,文獻通考/卷一百四十八,文獻通考,99,scrape_output\raw\元朝\文獻通考\文獻通考__juan_99.txt,scrape_output\clean\元朝\文獻通考\文獻通考__juan_99.txt,0,0,1,separate,0.24041052589987752,wenyan-like,1898175,0.010366272867359437,0.060754672250977915,19.595533764398578,0,0
元朝,183203,文獻通考,文獻通考/卷一百四十六,文獻通考,100,scrape_output\raw\元朝\文獻通考\文獻通考__juan_100.txt,scrape_output\clean\元朝\文獻通考\文獻通考__juan_100.txt,0,0,1,separate,0.24041052589987752,wenyan-like,1898175,0.010366272867359437,0.060754672250977915,19.595533764398578,0,0
元朝,183203,文獻通考,文獻通考/卷一百四十四,文獻通考,101,scrape_output\raw\元朝\文獻通考\文獻通考__juan_101.txt,scrape_output\clean\元朝\文獻通考\文獻通考__juan_101.txt,0,0,1,separate,0.24041052589987752,wenyan-like,1898175,0.010366272867359437,0.060754672250977915,19.595533764398578,0,0
元朝,183203,文獻通考,文獻通考/卷二,文獻通考,102,scrape_output\raw\元朝\文獻通考\文獻通考__juan_102.txt,scrape_output\clean\元朝\文獻通考\文獻通考__juan_102.txt,11983,11902,0,separate,0.24041052589987752,wenyan-like,1898175,0.010366272867359437,0.060754672250977915,19.595533764398578,0,0
元朝,183203,文獻通考,文獻通考/卷二百,文獻通考,103,scrape_output\raw\元朝\文獻通考\文獻通考__juan_103.txt,scrape_output\clean\元朝\文獻通考\文獻通考__juan_103.txt,10360,10252,0,separate,0.24041052589987752,wenyan-like,1898175,0.010366272867359437,0.060754672250977915,19.595533764398578,0,0
元朝,183203,文獻通考,文獻通考/卷二百一,文獻通考,104,scrape_output\raw\元朝\文獻通考\文獻通考__juan_104.txt,scrape_output\clean\元朝\文獻通考\文獻通考__juan_104.txt,11456,11378,0,separate,0.24041052589987752,wenyan-like,1898175,0.010366272867359437,0.060754672250977915,19.595533764398578,0,0
元朝,183203,文獻通考,文獻通考/卷二百七,文獻通考,105,scrape_output\raw\元朝\文獻通考\文獻通考__juan_105.txt,scrape_output\clean\元朝\文獻通考\文獻通考__juan_105.txt,5317,5262,0,separate,0.24041052589987752,wenyan-like,1898175,0.010366272867359437,0.060754672250977915,19.595533764398578,0,0
元朝,183203,文獻通考,文獻通考/卷二百七十,文獻通考,106,scrape_output\raw\元朝\文獻通考\文獻通考__juan_106.txt,scrape_output\clean\元朝\文獻通考\文獻通考__juan_106.txt,0,0,1,separate,0.24041052589987752,wenyan-like,1898175,0.010366272867359437,0.060754672250977915,19.595533764398578,0,0
元朝,183203,文獻通考,文獻通考/卷二百七十一,文獻通考,107,scrape_output\raw\元朝\文獻通考\文獻通考__juan_107.txt,scrape_output\clean\元朝\文獻通考\文獻通考__juan_107.txt,0,0,1,separate,0.24041052589987752,wenyan-like,1898175,0.010366272867359437,0.060754672250977915,19.595533764398578,0,0
元朝,183203,文獻通考,文獻通考/卷二百七十七,文獻通考,108,scrape_output\raw\元朝\文獻通考\文獻通考__juan_108.txt,scrape_output\clean\元朝\文獻通考\文獻通考__juan_108.txt,0,0,1,separate,0.24041052589987752,wenyan-like,1898175,0.010366272867359437,0.060754672250977915,19.595533764398578,0,0
元朝,183203,文獻通考,文獻通考/卷二百七十三,文獻通考,109,scrape_output\raw\元朝\文獻通考\文獻通考__juan_109.txt,scrape_output\clean\元朝\文獻通考\文獻通考__juan_109.txt,0,0,1,separate,0.24041052589987752,wenyan-like,1898175,0.010366272867359437,0.060754672250977915,19.595533764398578,0,0
元朝,183203,文獻通考,文獻通考/卷二百七十九,文獻通考,110,scrape_output\raw\元朝\文獻通考\文獻通考__juan_110.txt,scrape_output\clean\元朝\文獻通考\文獻通考__juan_110.txt,0,0,1,separate,0.24041052589987752,wenyan-like,1898175,0.010366272867359437,0.060754672250977915,19.595533764398578,0,0
元朝,183203,文獻通考,文獻通考/卷二百七十二,文獻通考,111,scrape_output\raw\元朝\文獻通考\文獻通考__juan_111.txt,scrape_output\clean\元朝\文獻通考\文獻通考__juan_111.txt,0,0,1,separate,0.24041052589987752,wenyan-like,1898175,0.010366272867359437,0.060754672250977915,19.595533764398578,0,0
元朝,183203,文獻通考,文獻通考/卷二百七十五,文獻通考,112,scrape_output\raw\元朝\文獻通考\文獻通考__juan_112.txt,scrape_output\clean\元朝\文獻通考\文獻通考__juan_112.txt,0,0,1,separate,0.24041052589987752,wenyan-like,1898175,0.010366272867359437,0.060754672250977915,19.595533764398578,0,0
元朝,183203,文獻通考,文獻通考/卷二百七十八,文獻通考,113,scrape_output\raw\元朝\文獻通考\文獻通考__juan_113.txt,scrape_output\clean\元朝\文獻通考\文獻通考__juan_113.txt,11457,11416,0,separate,0.24041052589987752,wenyan-like,1898175,0.010366272867359437,0.060754672250977915,19.595533764398578,0,0
元朝,183203,文獻通考,文獻通考/卷二百七十六,文獻通考,114,scrape_output\raw\元朝\文獻通考\文獻通考__juan_114.txt,scrape_output\clean\元朝\文獻通考\文獻通考__juan_114.txt,0,0,1,separate,0.24041052589987752,wenyan-like,1898175,0.010366272867359437,0.060754672250977915,19.595533764398578,0,0
元朝,183203,文獻通考,文獻通考/卷二百七十四,文獻通考,115,scrape_output\raw\元朝\文獻通考\文獻通考__juan_115.txt,scrape_output\clean\元朝\文獻通考\文獻通考__juan_115.txt,0,0,1,separate,0.24041052589987752,wenyan-like,1898175,0.010366272867359437,0.060754672250977915,19.595533764398578,0,0
元朝,183203,文獻通考,文獻通考/卷二百三,文獻通考,116,scrape_output\raw\元朝\文獻通考\文獻通考__juan_116.txt,scrape_output\clean\元朝\文獻通考\文獻通考__juan_116.txt,3305,3278,0,separate,0.24041052589987752,wenyan-like,1898175,0.010366272867359437,0.060754672250977915,19.595533764398578,0,0
元朝,183203,文獻通考,文獻通考/卷二百三十,文獻通考,117,scrape_output\raw\元朝\文獻通考\文獻通考__juan_117.txt,scrape_output\clean\元朝\文獻通考\文獻通考__juan_117.txt,11966,11912,0,separate,0.24041052589987752,wenyan-like,1898175,0.010366272867359437,0.060754672250977915,19.595533764398578,0,0
元朝,183203,文獻通考,文獻通考/卷二百三十一,文獻通考,118,scrape_output\raw\元朝\文獻通考\文獻通考__juan_118.txt,scrape_output\clean\元朝\文獻通考\文獻通考__juan_118.txt,8296,8266,0,separate,0.24041052589987752,wenyan-like,1898175,0.010366272867359437,0.060754672250977915,19.595533764398578,0,0
元朝,183203,文獻通考,文獻通考/卷二百三十七,文獻通考,119,scrape_output\raw\元朝\文獻通考\文獻通考__juan_119.txt,scrape_output\clean\元朝\文獻通考\文獻通考__juan_119.txt,8616,8566,0,separate,0.24041052589987752,wenyan-like,1898175,0.010366272867359437,0.060754672250977915,19.595533764398578,0,0
元朝,183203,文獻通考,文獻通考/卷二百三十三,文獻通考,120,scrape_output\raw\元朝\文獻通考\文獻通考__juan_120.txt,scrape_output\clean\元朝\文獻通考\文獻通考__juan_120.txt,11723,11668,0,separate,0.24041052589987752,wenyan-like,1898175,0.010366272867359437,0.060754672250977915,19.595533764398578,0,0
元朝,183203,文獻通考,文獻通考/卷二百三十九,文獻通考,121,scrape_output\raw\元朝\文獻通考\文獻通考__juan_121.txt,scrape_output\clean\元朝\文獻通考\文獻通考__juan_121.txt,7891,7836,0,separate,0.24041052589987752,wenyan-like,1898175,0.010366272867359437,0.060754672250977915,19.595533764398578,0,0
元朝,183203,文獻通考,文獻通考/卷二百三十二,文獻通考,122,scrape_output\raw\元朝\文獻通考\文獻通考__juan_122.txt,scrape_output\clean\元朝\文獻通考\文獻通考__juan_122.txt,8785,8756,0,separate,0.24041052589987752,wenyan-like,1898175,0.010366272867359437,0.060754672250977915,19.595533764398578,0,0
元朝,183203,文獻通考,文獻通考/卷二百三十五,文獻通考,123,scrape_output\raw\元朝\文獻通考\文獻通考__juan_123.txt,scrape_output\clean\元朝\文獻通考\文獻通考__juan_123.txt,8939,8910,0,separate,0.24041052589987752,wenyan-like,1898175,0.010366272867359437,0.060754672250977915,19.595533764398578,0,0
元朝,183203,文獻通考,文獻通考/卷二百三十八,文獻通考,124,scrape_output\raw\元朝\文獻通考\文獻通考__juan_124.txt,scrape_output\clean\元朝\文獻通考\文獻通考__juan_124.txt,8922,8870,0,separate,0.24041052589987752,wenyan-like,1898175,0.010366272867359437,0.060754672250977915,19.595533764398578,0,0
元朝,183203,文獻通考,文獻通考/卷二百三十六,文獻通考,125,scrape_output\raw\元朝\文獻通考\文獻通考__juan_125.txt,scrape_output\clean\元朝\文獻通考\文獻通考__juan_125.txt,7778,7730,0,separate,0.24041052589987752,wenyan-like,1898175,0.010366272867359437,0.060754672250977915,19.595533764398578,0,0
元朝,183203,文獻通考,文獻通考/卷二百三十四,文獻通考,126,scrape_output\raw\元朝\文獻通考\文獻通考__juan_126.txt,scrape_output\clean\元朝\文獻通考\文獻通考__juan_126.txt,14123,14078,0,separate,0.24041052589987752,wenyan-like,1898175,0.010366272867359437,0.060754672250977915,19.595533764398578,0,0
元朝,183203,文獻通考,文獻通考/卷二百九,文獻通考,127,scrape_output\raw\元朝\文獻通考\文獻通考__juan_127.txt,scrape_output\clean\元朝\文獻通考\文獻通考__juan_127.txt,8670,8647,0,separate,0.24041052589987752,wenyan-like,1898175,0.010366272867359437,0.060754672250977915,19.595533764398578,0,0
元朝,183203,文獻通考,文獻通考/卷二百九十,文獻通考,128,scrape_output\raw\元朝\文獻通考\文獻通考__juan_128.txt,scrape_output\clean\元朝\文獻通考\文獻通考__juan_128.txt,0,0,1,separate,0.24041052589987752,wenyan-like,1898175,0.010366272867359437,0.060754672250977915,19.595533764398578,0,0
元朝,183203,文獻通考,文獻通考/卷二百九十一,文獻通考,129,scrape_output\raw\元朝\文獻通考\文獻通考__juan_129.txt,scrape_output\clean\元朝\文獻通考\文獻通考__juan_129.txt,0,0,1,separate,0.24041052589987752,wenyan-like,1898175,0.010366272867359437,0.060754672250977915,19.595533764398578,0,0
元朝,183203,文獻通考,文獻通考/卷二百九十七,文獻通考,130,scrape_output\raw\元朝\文獻通考\文獻通考__juan_130.txt,scrape_output\clean\元朝\文獻通考\文獻通考__juan_130.txt,0,0,1,separate,0.24041052589987752,wenyan-like,1898175,0.010366272867359437,0.060754672250977915,19.595533764398578,0,0
元朝,183203,文獻通考,文獻通考/卷二百九十三,文獻通考,131,scrape_output\raw\元朝\文獻通考\文獻通考__juan_131.txt,scrape_output\clean\元朝\文獻通考\文獻通考__juan_131.txt,0,0,1,separate,0.24041052589987752,wenyan-like,1898175,0.010366272867359437,0.060754672250977915,19.595533764398578,0,0
元朝,183203,文獻通考,文獻通考/卷二百九十九,文獻通考,132,scrape_output\raw\元朝\文獻通考\文獻通考__juan_132.txt,scrape_output\clean\元朝\文獻通考\文獻通考__juan_132.txt,0,0,1,separate,0.24041052589987752,wenyan-like,1898175,0.010366272867359437,0.060754672250977915,19.595533764398578,0,0
元朝,183203,文獻通考,文獻通考/卷二百九十二,文獻通考,133,scrape_output\raw\元朝\文獻通考\文獻通考__juan_133.txt,scrape_output\clean\元朝\文獻通考\文獻通考__juan_133.txt,0,0,1,separate,0.24041052589987752,wenyan-like,1898175,0.010366272867359437,0.060754672250977915,19.595533764398578,0,0
元朝,183203,文獻通考,文獻通考/卷二百九十五,文獻通考,134,scrape_output\raw\元朝\文獻通考\文獻通考__juan_134.txt,scrape_output\clean\元朝\文獻通考\文獻通考__juan_134.txt,0,0,1,separate,0.24041052589987752,wenyan-like,1898175,0.010366272867359437,0.060754672250977915,19.595533764398578,0,0
元朝,183203,文獻通考,文獻通考/卷二百九十八,文獻通考,135,scrape_output\raw\元朝\文獻通考\文獻通考__juan_135.txt,scrape_output\clean\元朝\文獻通考\文獻通考__juan_135.txt,0,0,1,separate,0.24041052589987752,wenyan-like,1898175,0.010366272867359437,0.060754672250977915,19.595533764398578,0,0
元朝,183203,文獻通考,文獻通考/卷二百九十六,文獻通考,136,scrape_output\raw\元朝\文獻通考\文獻通考__juan_136.txt,scrape_output\clean\元朝\文獻通考\文獻通考__juan_136.txt,0,0,1,separate,0.24041052589987752,wenyan-like,1898175,0.010366272867359437,0.060754672250977915,19.595533764398578,0,0
元朝,183203,文獻通考,文獻通考/卷二百九十四,文獻通考,137,scrape_output\raw\元朝\文獻通考\文獻通考__juan_137.txt,scrape_output\clean\元朝\文獻通考\文獻通考__juan_137.txt,0,0,1,separate,0.24041052589987752,wenyan-like,1898175,0.010366272867359437,0.060754672250977915,19.595533764398578,0,0
元朝,183203,文獻通考,文獻通考/卷二百二,文獻通考,138,scrape_output\raw\元朝\文獻通考\文獻通考__juan_138.txt,scrape_output\clean\元朝\文獻通考\文獻通考__juan_138.txt,7266,7197,0,separate,0.24041052589987752,wenyan-like,1898175,0.010366272867359437,0.060754672250977915,19.595533764398578,0,0
元朝,183203,文獻通考,文獻通考/卷二百二十,文獻通考,139,scrape_output\raw\元朝\文獻通考\文獻通考__juan_139.txt,scrape_output\clean\元朝\文獻通考\文獻通考__juan_139.txt,6587,6494,0,separate,0.24041052589987752,wenyan-like,1898175,0.010366272867359437,0.060754672250977915,19.595533764398578,0,0
元朝,183203,文獻通考,文獻通考/卷二百二十一,文獻通考,140,scrape_output\raw\元朝\文獻通考\文獻通考__juan_140.txt,scrape_output\clean\元朝\文獻通考\文獻通考__juan_140.txt,8911,8868,0,separate,0.24041052589987752,wenyan-like,1898175,0.010366272867359437,0.060754672250977915,19.595533764398578,0,0
元朝,183203,文獻通考,文獻通考/卷二百二十七,文獻通考,141,scrape_output\raw\元朝\文獻通考\文獻通考__juan_141.txt,scrape_output\clean\元朝\文獻通考\文獻通考__juan_141.txt,10862,10795,0,separate,0.24041052589987752,wenyan-like,1898175,0.010366272867359437,0.060754672250977915,19.595533764398578,0,0
元朝,183203,文獻通考,文獻通考/卷二百二十三,文獻通考,142,scrape_output\raw\元朝\文獻通考\文獻通考__juan_142.txt,scrape_output\clean\元朝\文獻通考\文獻通考__juan_142.txt,4936,4861,0,separate,0.24041052589987752,wenyan-like,1898175,0.010366272867359437,0.060754672250977915,19.595533764398578,0,0
元朝,183203,文獻通考,文獻通考/卷二百二十九,文獻通考,143,scrape_output\raw\元朝\文獻通考\文獻通考__juan_143.txt,scrape_output\clean\元朝\文獻通考\文獻通考__juan_143.txt,4883,4808,0,separate,0.24041052589987752,wenyan-like,1898175,0.010366272867359437,0.060754672250977915,19.595533764398578,0,0
元朝,183203,文獻通考,文獻通考/卷二百二十二,文獻通考,144,scrape_output\raw\元朝\文獻通考\文獻通考__juan_144.txt,scrape_output\clean\元朝\文獻通考\文獻通考__juan_144.txt,5706,5657,0,separate,0.24041052589987752,wenyan-like,1898175,0.010366272867359437,0.060754672250977915,19.595533764398578,0,0
元朝,183203,文獻通考,文獻通考/卷二百二十五,文獻通考,145,scrape_output\raw\元朝\文獻通考\文獻通考__juan_145.txt,scrape_output\clean\元朝\文獻通考\文獻通考__juan_145.txt,7735,7670,0,separate,0.24041052589987752,wenyan-like,1898175,0.010366272867359437,0.060754672250977915,19.595533764398578,0,0
元朝,183203,文獻通考,文獻通考/卷二百二十八,文獻通考,146,scrape_output\raw\元朝\文獻通考\文獻通考__juan_146.txt,scrape_output\clean\元朝\文獻通考\文獻通考__juan_146.txt,5775,5716,0,separate,0.24041052589987752,wenyan-like,1898175,0.010366272867359437,0.060754672250977915,19.595533764398578,0,0
元朝,183203,文獻通考,文獻通考/卷二百二十六,文獻通考,147,scrape_output\raw\元朝\文獻通考\文獻通考__juan_147.txt,scrape_output\clean\元朝\文獻通考\文獻通考__juan_147.txt,9176,9153,0,separate,0.24041052589987752,wenyan-like,1898175,0.010366272867359437,0.060754672250977915,19.595533764398578,0,0
元朝,183203,文獻通考,文獻通考/卷二百二十四,文獻通考,148,scrape_output\raw\元朝\文獻通考\文獻通考__juan_148.txt,scrape_output\clean\元朝\文獻通考\文獻通考__juan_148.txt,7767,7726,0,separate,0.24041052589987752,wenyan-like,1898175,0.010366272867359437,0.060754672250977915,19.595533764398578,0,0
元朝,183203,文獻通考,文獻通考/卷二百五,文獻通考,149,scrape_output\raw\元朝\文獻通考\文獻通考__juan_149.txt,scrape_output\clean\元朝\文獻通考\文獻通考__juan_149.txt,4630,4541,0,separate,0.24041052589987752,wenyan-like,1898175,0.010366272867359437,0.060754672250977915,19.595533764398578,0,0
元朝,183203,文獻通考,文獻通考/卷二百五十,文獻通考,150,scrape_output\raw\元朝\文獻通考\文獻通考__juan_150.txt,scrape_output\clean\元朝\文獻通考\文獻通考__juan_150.txt,0,0,1,separate,0.24041052589987752,wenyan-like,1898175,0.010366272867359437,0.060754672250977915,19.595533764398578,0,0
元朝,183203,文獻通考,文獻通考/卷二百五十一,文獻通考,151,scrape_output\raw\元朝\文獻通考\文獻通考__juan_151.txt,scrape_output\clean\元朝\文獻通考\文獻通考__juan_151.txt,0,0,1,separate,0.24041052589987752,wenyan-like,1898175,0.010366272867359437,0.060754672250977915,19.595533764398578,0,0
元朝,183203,文獻通考,文獻通考/卷二百五十七,文獻通考,152,scrape_output\raw\元朝\文獻通考\文獻通考__juan_152.txt,scrape_output\clean\元朝\文獻通考\文獻通考__juan_152.txt,0,0,1,separate,0.24041052589987752,wenyan-like,1898175,0.010366272867359437,0.060754672250977915,19.595533764398578,0,0
元朝,183203,文獻通考,文獻通考/卷二百五十三,文獻通考,153,scrape_output\raw\元朝\文獻通考\文獻通考__juan_153.txt,scrape_output\clean\元朝\文獻通考\文獻通考__juan_153.txt,0,0,1,separate,0.24041052589987752,wenyan-like,1898175,0.010366272867359437,0.060754672250977915,19.595533764398578,0,0
元朝,183203,文獻通考,文獻通考/卷二百五十九,文獻通考,154,scrape_output\raw\元朝\文獻通考\文獻通考__juan_154.txt,scrape_output\clean\元朝\文獻通考\文獻通考__juan_154.txt,0,0,1,separate,0.24041052589987752,wenyan-like,1898175,0.010366272867359437,0.060754672250977915,19.595533764398578,0,0
元朝,183203,文獻通考,文獻通考/卷二百五十二,文獻通考,155,scrape_output\raw\元朝\文獻通考\文獻通考__juan_155.txt,scrape_output\clean\元朝\文獻通考\文獻通考__juan_155.txt,0,0,1,separate,0.24041052589987752,wenyan-like,1898175,0.010366272867359437,0.060754672250977915,19.595533764398578,0,0
元朝,183203,文獻通考,文獻通考/卷二百五十五,文獻通考,156,scrape_output\raw\元朝\文獻通考\文獻通考__juan_156.txt,scrape_output\clean\元朝\文獻通考\文獻通考__juan_156.txt,0,0,1,separate,0.24041052589987752,wenyan-like,1898175,0.010366272867359437,0.060754672250977915,19.595533764398578,0,0
元朝,183203,文獻通考,文獻通考/卷二百五十八,文獻通考,157,scrape_output\raw\元朝\文獻通考\文獻通考__juan_157.txt,scrape_output\clean\元朝\文獻通考\文獻通考__juan_157.txt,0,0,1,separate,0.24041052589987752,wenyan-like,1898175,0.010366272867359437,0.060754672250977915,19.595533764398578,0,0
元朝,183203,文獻通考,文獻通考/卷二百五十六,文獻通考,158,scrape_output\raw\元朝\文獻通考\文獻通考__juan_158.txt,scrape_output\clean\元朝\文獻通考\文獻通考__juan_158.txt,0,0,1,separate,0.24041052589987752,wenyan-like,1898175,0.010366272867359437,0.060754672250977915,19.595533764398578,0,0
元朝,183203,文獻通考,文獻通考/卷二百五十四,文獻通考,159,scrape_output\raw\元朝\文獻通考\文獻通考__juan_159.txt,scrape_output\clean\元朝\文獻通考\文獻通考__juan_159.txt,0,0,1,separate,0.24041052589987752,wenyan-like,1898175,0.010366272867359437,0.060754672250977915,19.595533764398578,0,0
元朝,183203,文獻通考,文獻通考/卷二百八,文獻通考,160,scrape_output\raw\元朝\文獻通考\文獻通考__juan_160.txt,scrape_output\clean\元朝\文獻通考\文獻通考__juan_160.txt,7456,7430,0,separate,0.24041052589987752,wenyan-like,1898175,0.010366272867359437,0.060754672250977915,19.595533764398578,0,0
元朝,183203,文獻通考,文獻通考/卷二百八十,文獻通考,161,scrape_output\raw\元朝\文獻通考\文獻通考__juan_161.txt,scrape_output\clean\元朝\文獻通考\文獻通考__juan_161.txt,0,0,1,separate,0.24041052589987752,wenyan-like,1898175,0.010366272867359437,0.060754672250977915,19.595533764398578,0,0
元朝,183203,文獻通考,文獻通考/卷二百八十一,文獻通考,162,scrape_output\raw\元朝\文獻通考\文獻通考__juan_162.txt,scrape_output\clean\元朝\文獻通考\文獻通考__juan_162.txt,0,0,1,separate,0.24041052589987752,wenyan-like,1898175,0.010366272867359437,0.060754672250977915,19.595533764398578,0,0
元朝,183203,文獻通考,文獻通考/卷二百八十七,文獻通考,163,scrape_output\raw\元朝\文獻通考\文獻通考__juan_163.txt,scrape_output\clean\元朝\文獻通考\文獻通考__juan_163.txt,0,0,1,separate,0.24041052589987752,wenyan-like,1898175,0.010366272867359437,0.060754672250977915,19.595533764398578,0,0
元朝,183203,文獻通考,文獻通考/卷二百八十三,文獻通考,164,scrape_output\raw\元朝\文獻通考\文獻通考__juan_164.txt,scrape_output\clean\元朝\文獻通考\文獻通考__juan_164.txt,0,0,1,separate,0.24041052589987752,wenyan-like,1898175,0.010366272867359437,0.060754672250977915,19.595533764398578,0,0
元朝,183203,文獻通考,文獻通考/卷二百八十九,文獻通考,165,scrape_output\raw\元朝\文獻通考\文獻通考__juan_165.txt,scrape_output\clean\元朝\文獻通考\文獻通考__juan_165.txt,0,0,1,separate,0.24041052589987752,wenyan-like,1898175,0.010366272867359437,0.060754672250977915,19.595533764398578,0,0
元朝,183203,文獻通考,文獻通考/卷二百八十二,文獻通考,166,scrape_output\raw\元朝\文獻通考\文獻通考__juan_166.txt,scrape_output\clean\元朝\文獻通考\文獻通考__juan_166.txt,0,0,1,separate,0.24041052589987752,wenyan-like,1898175,0.010366272867359437,0.060754672250977915,19.595533764398578,0,0
元朝,183203,文獻通考,文獻通考/卷二百八十五,文獻通考,167,scrape_output\raw\元朝\文獻通考\文獻通考__juan_167.txt,scrape_output\clean\元朝\文獻通考\文獻通考__juan_167.txt,0,0,1,separate,0.24041052589987752,wenyan-like,1898175,0.010366272867359437,0.060754672250977915,19.595533764398578,0,0
元朝,183203,文獻通考,文獻通考/卷二百八十八,文獻通考,168,scrape_output\raw\元朝\文獻通考\文獻通考__juan_168.txt,scrape_output\clean\元朝\文獻通考\文獻通考__juan_168.txt,0,0,1,separate,0.24041052589987752,wenyan-like,1898175,0.010366272867359437,0.060754672250977915,19.595533764398578,0,0
元朝,183203,文獻通考,文獻通考/卷二百八十六,文獻通考,169,scrape_output\raw\元朝\文獻通考\文獻通考__juan_169.txt,scrape_output\clean\元朝\文獻通考\文獻通考__juan_169.txt,0,0,1,separate,0.24041052589987752,wenyan-like,1898175,0.010366272867359437,0.060754672250977915,19.595533764398578,0,0
元朝,183203,文獻通考,文獻通考/卷二百八十四,文獻通考,170,scrape_output\raw\元朝\文獻通考\文獻通考__juan_170.txt,scrape_output\clean\元朝\文獻通考\文獻通考__juan_170.txt,0,0,1,separate,0.24041052589987752,wenyan-like,1898175,0.010366272867359437,0.060754672250977915,19.595533764398578,0,0
元朝,183203,文獻通考,文獻通考/卷二百六,文獻通考,171,scrape_output\raw\元朝\文獻通考\文獻通考__juan_171.txt,scrape_output\clean\元朝\文獻通考\文獻通考__juan_171.txt,4555,4498,0,separate,0.24041052589987752,wenyan-like,1898175,0.010366272867359437,0.060754672250977915,19.595533764398578,0,0
元朝,183203,文獻通考,文獻通考/卷二百六十,文獻通考,172,scrape_output\raw\元朝\文獻通考\文獻通考__juan_172.txt,scrape_output\clean\元朝\文獻通考\文獻通考__juan_172.txt,0,0,1,separate,0.24041052589987752,wenyan-like,1898175,0.010366272867359437,0.060754672250977915,19.595533764398578,0,0
元朝,183203,文獻通考,文獻通考/卷二百六十一,文獻通考,173,scrape_output\raw\元朝\文獻通考\文獻通考__juan_173.txt,scrape_output\clean\元朝\文獻通考\文獻通考__juan_173.txt,0,0,1,separate,0.24041052589987752,wenyan-like,1898175,0.010366272867359437,0.060754672250977915,19.595533764398578,0,0
元朝,183203,文獻通考,文獻通考/卷二百六十七,文獻通考,174,scrape_output\raw\元朝\文獻通考\文獻通考__juan_174.txt,scrape_output\clean\元朝\文獻通考\文獻通考__juan_174.txt,0,0,1,separate,0.24041052589987752,wenyan-like,1898175,0.010366272867359437,0.060754672250977915,19.595533764398578,0,0
元朝,183203,文獻通考,文獻通考/卷二百六十三,文獻通考,175,scrape_output\raw\元朝\文獻通考\文獻通考__juan_175.txt,scrape_output\clean\元朝\文獻通考\文獻通考__juan_175.txt,0,0,1,separate,0.24041052589987752,wenyan-like,1898175,0.010366272867359437,0.060754672250977915,19.595533764398578,0,0
元朝,183203,文獻通考,文獻通考/卷二百六十九,文獻通考,176,scrape_output\raw\元朝\文獻通考\文獻通考__juan_176.txt,scrape_output\clean\元朝\文獻通考\文獻通考__juan_176.txt,0,0,1,separate,0.24041052589987752,wenyan-like,1898175,0.010366272867359437,0.060754672250977915,19.595533764398578,0,0
元朝,183203,文獻通考,文獻通考/卷二百六十二,文獻通考,177,scrape_output\raw\元朝\文獻通考\文獻通考__juan_177.txt,scrape_output\clean\元朝\文獻通考\文獻通考__juan_177.txt,0,0,1,separate,0.24041052589987752,wenyan-like,1898175,0.010366272867359437,0.060754672250977915,19.595533764398578,0,0
元朝,183203,文獻通考,文獻通考/卷二百六十五,文獻通考,178,scrape_output\raw\元朝\文獻通考\文獻通考__juan_178.txt,scrape_output\clean\元朝\文獻通考\文獻通考__juan_178.txt,0,0,1,separate,0.24041052589987752,wenyan-like,1898175,0.010366272867359437,0.060754672250977915,19.595533764398578,0,0
元朝,183203,文獻通考,文獻通考/卷二百六十八,文獻通考,179,scrape_output\raw\元朝\文獻通考\文獻通考__juan_179.txt,scrape_output\clean\元朝\文獻通考\文獻通考__juan_179.txt,0,0,1,separate,0.24041052589987752,wenyan-like,1898175,0.010366272867359437,0.060754672250977915,19.595533764398578,0,0
元朝,183203,文獻通考,文獻通考/卷二百六十六,文獻通考,180,scrape_output\raw\元朝\文獻通考\文獻通考__juan_180.txt,scrape_output\clean\元朝\文獻通考\文獻通考__juan_180.txt,0,0,1,separate,0.24041052589987752,wenyan-like,1898175,0.010366272867359437,0.060754672250977915,19.595533764398578,0,0
元朝,183203,文獻通考,文獻通考/卷二百六十四,文獻通考,181,scrape_output\raw\元朝\文獻通考\文獻通考__juan_181.txt,scrape_output\clean\元朝\文獻通考\文獻通考__juan_181.txt,0,0,1,separate,0.24041052589987752,wenyan-like,1898175,0.010366272867359437,0.060754672250977915,19.595533764398578,0,0
元朝,183203,文獻通考,文獻通考/卷二百十,文獻通考,182,scrape_output\raw\元朝\文獻通考\文獻通考__juan_182.txt,scrape_output\clean\元朝\文獻通考\文獻通考__juan_182.txt,6383,6335,0,separate,0.24041052589987752,wenyan-like,1898175,0.010366272867359437,0.060754672250977915,19.595533764398578,0,0
元朝,183203,文獻通考,文獻通考/卷二百十一,文獻通考,183,scrape_output\raw\元朝\文獻通考\文獻通考__juan_183.txt,scrape_output\clean\元朝\文獻通考\文獻通考__juan_183.txt,12325,12272,0,separate,0.24041052589987752,wenyan-like,1898175,0.010366272867359437,0.060754672250977915,19.595533764398578,0,0
元朝,183203,文獻通考,文獻通考/卷二百十七,文獻通考,184,scrape_output\raw\元朝\文獻通考\文獻通考__juan_184.txt,scrape_output\clean\元朝\文獻通考\文獻通考__juan_184.txt,6046,5972,0,separate,0.24041052589987752,wenyan-like,1898175,0.010366272867359437,0.060754672250977915,19.595533764398578,0,0
元朝,183203,文獻通考,文獻通考/卷二百十三,文獻通考,185,scrape_output\raw\元朝\文獻通考\文獻通考__juan_185.txt,scrape_output\clean\元朝\文獻通考\文獻通考__juan_185.txt,4814,4803,0,separate,0.24041052589987752,wenyan-like,1898175,0.010366272867359437,0.060754672250977915,19.595533764398578,0,0
元朝,183203,文獻通考,文獻通考/卷二百十九,文獻通考,186,scrape_output\raw\元朝\文獻通考\文獻通考__juan_186.txt,scrape_output\clean\元朝\文獻通考\文獻通考__juan_186.txt,5669,5625,0,separate,0.24041052589987752,wenyan-like,1898175,0.010366272867359437,0.060754672250977915,19.595533764398578,0,0
元朝,183203,文獻通考,文獻通考/卷二百十二,文獻通考,187,scrape_output\raw\元朝\文獻通考\文獻通考__juan_187.txt,scrape_output\clean\元朝\文獻通考\文獻通考__juan_187.txt,11648,11627,0,separate,0.24041052589987752,wenyan-like,1898175,0.010366272867359437,0.060754672250977915,19.595533764398578,0,0
元朝,183203,文獻通考,文獻通考/卷二百十五,文獻通考,188,scrape_output\raw\元朝\文獻通考\文獻通考__juan_188.txt,scrape_output\clean\元朝\文獻通考\文獻通考__juan_188.txt,6269,6191,0,separate,0.24041052589987752,wenyan-like,1898175,0.010366272867359437,0.060754672250977915,19.595533764398578,0,0
元朝,183203,文獻通考,文獻通考/卷二百十八,文獻通考,189,scrape_output\raw\元朝\文獻通考\文獻通考__juan_189.txt,scrape_output\clean\元朝\文獻通考\文獻通考__juan_189.txt,5119,5062,0,separate,0.24041052589987752,wenyan-like,1898175,0.010366272867359437,0.060754672250977915,19.595533764398578,0,0
元朝,183203,文獻通考,文獻通考/卷二百十六,文獻通考,190,scrape_output\raw\元朝\文獻通考\文獻通考__juan_190.txt,scrape_output\clean\元朝\文獻通考\文獻通考__juan_190.txt,5954,5878,0,separate,0.24041052589987752,wenyan-like,1898175,0.010366272867359437,0.060754672250977915,19.595533764398578,0,0
元朝,183203,文獻通考,文獻通考/卷二百十四,文獻通考,191,scrape_output\raw\元朝\文獻通考\文獻通考__juan_191.txt,scrape_output\clean\元朝\文獻通考\文獻通考__juan_191.txt,6781,6715,0,separate,0.24041052589987752,wenyan-like,1898175,0.010366272867359437,0.060754672250977915,19.595533764398578,0,0
元朝,183203,文獻通考,文獻通考/卷二百四,文獻通考,192,scrape_output\raw\元朝\文獻通考\文獻通考__juan_192.txt,scrape_output\clean\元朝\文獻通考\文獻通考__juan_192.txt,5657,5592,0,separate,0.24041052589987752,wenyan-like,1898175,0.010366272867359437,0.060754672250977915,19.595533764398578,0,0
元朝,183203,文獻通考,文獻通考/卷二百四十,文獻通考,193,scrape_output\raw\元朝\文獻通考\文獻通考__juan_193.txt,scrape_output\clean\元朝\文獻通考\文獻通考__juan_193.txt,6773,6739,0,separate,0.24041052589987752,wenyan-like,1898175,0.010366272867359437,0.060754672250977915,19.595533764398578,0,0
元朝,183203,文獻通考,文獻通考/卷二百四十七,文獻通考,194,scrape_output\raw\元朝\文獻通考\文獻通考__juan_194.txt,scrape_output\clean\元朝\文獻通考\文獻通考__juan_194.txt,3592,3545,0,separate,0.24041052589987752,wenyan-like,1898175,0.010366272867359437,0.060754672250977915,19.595533764398578,0,0
元朝,183203,文獻通考,文獻通考/卷二百四十三,文獻通考,195,scrape_output\raw\元朝\文獻通考\文獻通考__juan_195.txt,scrape_output\clean\元朝\文獻通考\文獻通考__juan_195.txt,10462,10349,0,separate,0.24041052589987752,wenyan-like,1898175,0.010366272867359437,0.060754672250977915,19.595533764398578,0,0
元朝,183203,文獻通考,文獻通考/卷二百四十九,文獻通考,196,scrape_output\raw\元朝\文獻通考\文獻通考__juan_196.txt,scrape_output\clean\元朝\文獻通考\文獻通考__juan_196.txt,9258,9131,0,separate,0.24041052589987752,wenyan-like,1898175,0.010366272867359437,0.060754672250977915,19.595533764398578,0,0
元朝,183203,文獻通考,文獻通考/卷二百四十二,文獻通考,197,scrape_output\raw\元朝\文獻通考\文獻通考__juan_197.txt,scrape_output\clean\元朝\文獻通考\文獻通考__juan_197.txt,10076,9990,0,separate,0.24041052589987752,wenyan-like,1898175,0.010366272867359437,0.060754672250977915,19.595533764398578,0,0
元朝,183203,文獻通考,文獻通考/卷二百四十五,文獻通考,198,scrape_output\raw\元朝\文獻通考\文獻通考__juan_198.txt,scrape_output\clean\元朝\文獻通考\文獻通考__juan_198.txt,11302,11207,0,separate,0.24041052589987752,wenyan-like,1898175,0.010366272867359437,0.060754672250977915,19.595533764398578,0,0
元朝,183203,文獻通考,文獻通考/卷二百四十八,文獻通考,199,scrape_output\raw\元朝\文獻通考\文獻通考__juan_199.txt,scrape_output\clean\元朝\文獻通考\文獻通考__juan_199.txt,12784,12704,0,separate,0.24041052589987752,wenyan-like,1898175,0.010366272867359437,0.060754672250977915,19.595533764398578,0,0
元朝,183203,文獻通考,文獻通考/卷二百四十六,文獻通考,200,scrape_output\raw\元朝\文獻通考\文獻通考__juan_200.txt,scrape_output\clean\元朝\文獻通考\文獻通考__juan_200.txt,6404,6286,0,separate,0.24041052589987752,wenyan-like,1898175,0.010366272867359437,0.060754672250977915,19.595533764398578,0,0
元朝,183203,文獻通考,文獻通考/卷二百四十四,文獻通考,201,scrape_output\raw\元朝\文獻通考\文獻通考__juan_201.txt,scrape_output\clean\元朝\文獻通考\文獻通考__juan_201.txt,8321,8258,0,separate,0.24041052589987752,wenyan-like,1898175,0.010366272867359437,0.060754672250977915,19.595533764398578,0,0
元朝,183203,文獻通考,文獻通考/卷三,文獻通考,202,scrape_output\raw\元朝\文獻通考\文獻通考__juan_202.txt,scrape_output\clean\元朝\文獻通考\文獻通考__juan_202.txt,13931,13784,0,separate,0.24041052589987752,wenyan-like,1898175,0.010366272867359437,0.060754672250977915,19.595533764398578,0,0
元朝,183203,文獻通考,文獻通考/卷三百,文獻通考,203,scrape_output\raw\元朝\文獻通考\文獻通考__juan_203.txt,scrape_output\clean\元朝\文獻通考\文獻通考__juan_203.txt,0,0,1,separate,0.24041052589987752,wenyan-like,1898175,0.010366272867359437,0.060754672250977915,19.595533764398578,0,0
元朝,183203,文獻通考,文獻通考/卷三百一,文獻通考,204,scrape_output\raw\元朝\文獻通考\文獻通考__juan_204.txt,scrape_output\clean\元朝\文獻通考\文獻通考__juan_204.txt,0,0,1,separate,0.24041052589987752,wenyan-like,1898175,0.010366272867359437,0.060754672250977915,19.595533764398578,0,0
元朝,183203,文獻通考,文獻通考/卷三百七,文獻通考,205,scrape_output\raw\元朝\文獻通考\文獻通考__juan_205.txt,scrape_output\clean\元朝\文獻通考\文獻通考__juan_205.txt,0,0,1,separate,0.24041052589987752,wenyan-like,1898175,0.010366272867359437,0.060754672250977915,19.595533764398578,0,0
元朝,183203,文獻通考,文獻通考/卷三百三,文獻通考,206,scrape_output\raw\元朝\文獻通考\文獻通考__juan_206.txt,scrape_output\clean\元朝\文獻通考\文獻通考__juan_206.txt,0,0,1,separate,0.24041052589987752,wenyan-like,1898175,0.010366272867359437,0.060754672250977915,19.595533764398578,0,0
元朝,183203,文獻通考,文獻通考/卷三百三十,文獻通考,207,scrape_output\raw\元朝\文獻通考\文獻通考__juan_207.txt,scrape_output\clean\元朝\文獻通考\文獻通考__juan_207.txt,8466,8364,0,separate,0.24041052589987752,wenyan-like,1898175,0.010366272867359437,0.060754672250977915,19.595533764398578,0,0
元朝,183203,文獻通考,文獻通考/卷三百三十一,文獻通考,208,scrape_output\raw\元朝\文獻通考\文獻通考__juan_208.txt,scrape_output\clean\元朝\文獻通考\文獻通考__juan_208.txt,0,0,1,separate,0.24041052589987752,wenyan-like,1898175,0.010366272867359437,0.060754672250977915,19.595533764398578,0,0
元朝,183203,文獻通考,文獻通考/卷三百三十七,文獻通考,209,scrape_output\raw\元朝\文獻通考\文獻通考__juan_209.txt,scrape_output\clean\元朝\文獻通考\文獻通考__juan_209.txt,0,0,1,separate,0.24041052589987752,wenyan-like,1898175,0.010366272867359437,0.060754672250977915,19.595533764398578,0,0
元朝,183203,文獻通考,文獻通考/卷三百三十三,文獻通考,210,scrape_output\raw\元朝\文獻通考\文獻通考__juan_210.txt,scrape_output\clean\元朝\文獻通考\文獻通考__juan_210.txt,0,0,1,separate,0.24041052589987752,wenyan-like,1898175,0.010366272867359437,0.060754672250977915,19.595533764398578,0,0
元朝,183203,文獻通考,文獻通考/卷三百三十九,文獻通考,211,scrape_output\raw\元朝\文獻通考\文獻通考__juan_211.txt,scrape_output\clean\元朝\文獻通考\文獻通考__juan_211.txt,0,0,1,separate,0.24041052589987752,wenyan-like,1898175,0.010366272867359437,0.060754672250977915,19.595533764398578,0,0
元朝,183203,文獻通考,文獻通考/卷三百三十二,文獻通考,212,scrape_output\raw\元朝\文獻通考\文獻通考__juan_212.txt,scrape_output\clean\元朝\文獻通考\文獻通考__juan_212.txt,0,0,1,separate,0.24041052589987752,wenyan-like,1898175,0.010366272867359437,0.060754672250977915,19.595533764398578,0,0
元朝,183203,文獻通考,文獻通考/卷三百三十五,文獻通考,213,scrape_output\raw\元朝\文獻通考\文獻通考__juan_213.txt,scrape_output\clean\元朝\文獻通考\文獻通考__juan_213.txt,0,0,1,separate,0.24041052589987752,wenyan-like,1898175,0.010366272867359437,0.060754672250977915,19.595533764398578,0,0
元朝,183203,文獻通考,文獻通考/卷三百三十八,文獻通考,214,scrape_output\raw\元朝\文獻通考\文獻通考__juan_214.txt,scrape_output\clean\元朝\文獻通考\文獻通考__juan_214.txt,0,0,1,separate,0.24041052589987752,wenyan-like,1898175,0.010366272867359437,0.060754672250977915,19.595533764398578,0,0
元朝,183203,文獻通考,文獻通考/卷三百三十六,文獻通考,215,scrape_output\raw\元朝\文獻通考\文獻通考__juan_215.txt,scrape_output\clean\元朝\文獻通考\文獻通考__juan_215.txt,0,0,1,separate,0.24041052589987752,wenyan-like,1898175,0.010366272867359437,0.060754672250977915,19.595533764398578,0,0
元朝,183203,文獻通考,文獻通考/卷三百三十四,文獻通考,216,scrape_output\raw\元朝\文獻通考\文獻通考__juan_216.txt,scrape_output\clean\元朝\文獻通考\文獻通考__juan_216.txt,0,0,1,separate,0.24041052589987752,wenyan-like,1898175,0.010366272867359437,0.060754672250977915,19.595533764398578,0,0
元朝,183203,文獻通考,文獻通考/卷三百九,文獻通考,217,scrape_output\raw\元朝\文獻通考\文獻通考__juan_217.txt,scrape_output\clean\元朝\文獻通考\文獻通考__juan_217.txt,0,0,1,separate,0.24041052589987752,wenyan-like,1898175,0.010366272867359437,0.060754672250977915,19.595533764398578,0,0
元朝,183203,文獻通考,文獻通考/卷三百二,文獻通考,218,scrape_output\raw\元朝\文獻通考\文獻通考__juan_218.txt,scrape_output\clean\元朝\文獻通考\文獻通考__juan_218.txt,0,0,1,separate,0.24041052589987752,wenyan-like,1898175,0.010366272867359437,0.060754672250977915,19.595533764398578,0,0
元朝,183203,文獻通考,文獻通考/卷三百二十,文獻通考,219,scrape_output\raw\元朝\文獻通考\文獻通考__juan_219.txt,scrape_output\clean\元朝\文獻通考\文獻通考__juan_219.txt,0,0,1,separate,0.24041052589987752,wenyan-like,1898175,0.010366272867359437,0.060754672250977915,19.595533764398578,0,0
元朝,183203,文獻通考,文獻通考/卷三百二十一,文獻通考,220,scrape_output\raw\元朝\文獻通考\文獻通考__juan_220.txt,scrape_output\clean\元朝\文獻通考\文獻通考__juan_220.txt,0,0,1,separate,0.24041052589987752,wenyan-like,1898175,0.010366272867359437,0.060754672250977915,19.595533764398578,0,0
元朝,183203,文獻通考,文獻通考/卷三百二十七,文獻通考,221,scrape_output\raw\元朝\文獻通考\文獻通考__juan_221.txt,scrape_output\clean\元朝\文獻通考\文獻通考__juan_221.txt,0,0,1,separate,0.24041052589987752,wenyan-like,1898175,0.010366272867359437,0.060754672250977915,19.595533764398578,0,0
元朝,183203,文獻通考,文獻通考/卷三百二十三,文獻通考,222,scrape_output\raw\元朝\文獻通考\文獻通考__juan_222.txt,scrape_output\clean\元朝\文獻通考\文獻通考__juan_222.txt,0,0,1,separate,0.24041052589987752,wenyan-like,1898175,0.010366272867359437,0.060754672250977915,19.595533764398578,0,0
元朝,183203,文獻通考,文獻通考/卷三百二十九,文獻通考,223,scrape_output\raw\元朝\文獻通考\文獻通考__juan_223.txt,scrape_output\clean\元朝\文獻通考\文獻通考__juan_223.txt,0,0,1,separate,0.24041052589987752,wenyan-like,1898175,0.010366272867359437,0.060754672250977915,19.595533764398578,0,0
元朝,183203,文獻通考,文獻通考/卷三百二十二,文獻通考,224,scrape_output\raw\元朝\文獻通考\文獻通考__juan_224.txt,scrape_output\clean\元朝\文獻通考\文獻通考__juan_224.txt,0,0,1,separate,0.24041052589987752,wenyan-like,1898175,0.010366272867359437,0.060754672250977915,19.595533764398578,0,0
元朝,183203,文獻通考,文獻通考/卷三百二十五,文獻通考,225,scrape_output\raw\元朝\文獻通考\文獻通考__juan_225.txt,scrape_output\clean\元朝\文獻通考\文獻通考__juan_225.txt,0,0,1,separate,0.24041052589987752,wenyan-like,1898175,0.010366272867359437,0.060754672250977915,19.595533764398578,0,0
元朝,183203,文獻通考,文獻通考/卷三百二十八,文獻通考,226,scrape_output\raw\元朝\文獻通考\文獻通考__juan_226.txt,scrape_output\clean\元朝\文獻通考\文獻通考__juan_226.txt,0,0,1,separate,0.24041052589987752,wenyan-like,1898175,0.010366272867359437,0.060754672250977915,19.595533764398578,0,0
元朝,183203,文獻通考,文獻通考/卷三百二十六,文獻通考,227,scrape_output\raw\元朝\文獻通考\文獻通考__juan_227.txt,scrape_output\clean\元朝\文獻通考\文獻通考__juan_227.txt,0,0,1,separate,0.24041052589987752,wenyan-like,1898175,0.010366272867359437,0.060754672250977915,19.595533764398578,0,0
元朝,183203,文獻通考,文獻通考/卷三百二十四,文獻通考,228,scrape_output\raw\元朝\文獻通考\文獻通考__juan_228.txt,scrape_output\clean\元朝\文獻通考\文獻通考__juan_228.txt,0,0,1,separate,0.24041052589987752,wenyan-like,1898175,0.010366272867359437,0.060754672250977915,19.595533764398578,0,0
元朝,183203,文獻通考,文獻通考/卷三百五,文獻通考,229,scrape_output\raw\元朝\文獻通考\文獻通考__juan_229.txt,scrape_output\clean\元朝\文獻通考\文獻通考__juan_229.txt,0,0,1,separate,0.24041052589987752,wenyan-like,1898175,0.010366272867359437,0.060754672250977915,19.595533764398578,0,0
元朝,183203,文獻通考,文獻通考/卷三百八,文獻通考,230,scrape_output\raw\元朝\文獻通考\文獻通考__juan_230.txt,scrape_output\clean\元朝\文獻通考\文獻通考__juan_230.txt,0,0,1,separate,0.24041052589987752,wenyan-like,1898175,0.010366272867359437,0.060754672250977915,19.595533764398578,0,0
元朝,183203,文獻通考,文獻通考/卷三百六,文獻通考,231,scrape_output\raw\元朝\文獻通考\文獻通考__juan_231.txt,scrape_output\clean\元朝\文獻通考\文獻通考__juan_231.txt,0,0,1,separate,0.24041052589987752,wenyan-like,1898175,0.010366272867359437,0.060754672250977915,19.595533764398578,0,0
元朝,183203,文獻通考,文獻通考/卷三百十,文獻通考,232,scrape_output\raw\元朝\文獻通考\文獻通考__juan_232.txt,scrape_output\clean\元朝\文獻通考\文獻通考__juan_232.txt,0,0,1,separate,0.24041052589987752,wenyan-like,1898175,0.010366272867359437,0.060754672250977915,19.595533764398578,0,0
元朝,183203,文獻通考,文獻通考/卷三百十一,文獻通考,233,scrape_output\raw\元朝\文獻通考\文獻通考__juan_233.txt,scrape_output\clean\元朝\文獻通考\文獻通考__juan_233.txt,0,0,1,separate,0.24041052589987752,wenyan-like,1898175,0.010366272867359437,0.060754672250977915,19.595533764398578,0,0
元朝,183203,文獻通考,文獻通考/卷三百十七,文獻通考,234,scrape_output\raw\元朝\文獻通考\文獻通考__juan_234.txt,scrape_output\clean\元朝\文獻通考\文獻通考__juan_234.txt,0,0,1,separate,0.24041052589987752,wenyan-like,1898175,0.010366272867359437,0.060754672250977915,19.595533764398578,0,0
元朝,183203,文獻通考,文獻通考/卷三百十三,文獻通考,235,scrape_output\raw\元朝\文獻通考\文獻通考__juan_235.txt,scrape_output\clean\元朝\文獻通考\文獻通考__juan_235.txt,0,0,1,separate,0.24041052589987752,wenyan-like,1898175,0.010366272867359437,0.060754672250977915,19.595533764398578,0,0
元朝,183203,文獻通考,文獻通考/卷三百十九,文獻通考,236,scrape_output\raw\元朝\文獻通考\文獻通考__juan_236.txt,scrape_output\clean\元朝\文獻通考\文獻通考__juan_236.txt,0,0,1,separate,0.24041052589987752,wenyan-like,1898175,0.010366272867359437,0.060754672250977915,19.595533764398578,0,0
元朝,183203,文獻通考,文獻通考/卷三百十二,文獻通考,237,scrape_output\raw\元朝\文獻通考\文獻通考__juan_237.txt,scrape_output\clean\元朝\文獻通考\文獻通考__juan_237.txt,0,0,1,separate,0.24041052589987752,wenyan-like,1898175,0.010366272867359437,0.060754672250977915,19.595533764398578,0,0
元朝,183203,文獻通考,文獻通考/卷三百十五,文獻通考,238,scrape_output\raw\元朝\文獻通考\文獻通考__juan_238.txt,scrape_output\clean\元朝\文獻通考\文獻通考__juan_238.txt,0,0,1,separate,0.24041052589987752,wenyan-like,1898175,0.010366272867359437,0.060754672250977915,19.595533764398578,0,0
元朝,183203,文獻通考,文獻通考/卷三百十八,文獻通考,239,scrape_output\raw\元朝\文獻通考\文獻通考__juan_239.txt,scrape_output\clean\元朝\文獻通考\文獻通考__juan_239.txt,0,0,1,separate,0.24041052589987752,wenyan-like,1898175,0.010366272867359437,0.060754672250977915,19.595533764398578,0,0
元朝,183203,文獻通考,文獻通考/卷三百十六,文獻通考,240,scrape_output\raw\元朝\文獻通考\文獻通考__juan_240.txt,scrape_output\clean\元朝\文獻通考\文獻通考__juan_240.txt,0,0,1,separate,0.24041052589987752,wenyan-like,1898175,0.010366272867359437,0.060754672250977915,19.595533764398578,0,0
元朝,183203,文獻通考,文獻通考/卷三百十四,文獻通考,241,scrape_output\raw\元朝\文獻通考\文獻通考__juan_241.txt,scrape_output\clean\元朝\文獻通考\文獻通考__juan_241.txt,0,0,1,separate,0.24041052589987752,wenyan-like,1898175,0.010366272867359437,0.060754672250977915,19.595533764398578,0,0
元朝,183203,文獻通考,文獻通考/卷三百四,文獻通考,242,scrape_output\raw\元朝\文獻通考\文獻通考__juan_242.txt,scrape_output\clean\元朝\文獻通考\文獻通考__juan_242.txt,0,0,1,separate,0.24041052589987752,wenyan-like,1898175,0.010366272867359437,0.060754672250977915,19.595533764398578,0,0
元朝,183203,文獻通考,文獻通考/卷三百四十,文獻通考,243,scrape_output\raw\元朝\文獻通考\文獻通考__juan_243.txt,scrape_output\clean\元朝\文獻通考\文獻通考__juan_243.txt,0,0,1,separate,0.24041052589987752,wenyan-like,1898175,0.010366272867359437,0.060754672250977915,19.595533764398578,0,0
元朝,183203,文獻通考,文獻通考/卷三百四十一,文獻通考,244,scrape_output\raw\元朝\文獻通考\文獻通考__juan_244.txt,scrape_output\clean\元朝\文獻通考\文獻通考__juan_244.txt,0,0,1,separate,0.24041052589987752,wenyan-like,1898175,0.010366272867359437,0.060754672250977915,19.595533764398578,0,0
元朝,183203,文獻通考,文獻通考/卷三百四十七,文獻通考,245,scrape_output\raw\元朝\文獻通考\文獻通考__juan_245.txt,scrape_output\clean\元朝\文獻通考\文獻通考__juan_245.txt,0,0,1,separate,0.24041052589987752,wenyan-like,1898175,0.010366272867359437,0.060754672250977915,19.595533764398578,0,0
元朝,183203,文獻通考,文獻通考/卷三百四十三,文獻通考,246,scrape_output\raw\元朝\文獻通考\文獻通考__juan_246.txt,scrape_output\clean\元朝\文獻通考\文獻通考__juan_246.txt,0,0,1,separate,0.24041052589987752,wenyan-like,1898175,0.010366272867359437,0.060754672250977915,19.595533764398578,0,0
元朝,183203,文獻通考,文獻通考/卷三百四十二,文獻通考,247,scrape_output\raw\元朝\文獻通考\文獻通考__juan_247.txt,scrape_output\clean\元朝\文獻通考\文獻通考__juan_247.txt,0,0,1,separate,0.24041052589987752,wenyan-like,1898175,0.010366272867359437,0.060754672250977915,19.595533764398578,0,0
元朝,183203,文獻通考,文獻通考/卷三百四十五,文獻通考,248,scrape_output\raw\元朝\文獻通考\文獻通考__juan_248.txt,scrape_output\clean\元朝\文獻通考\文獻通考__juan_248.txt,0,0,1,separate,0.24041052589987752,wenyan-like,1898175,0.010366272867359437,0.060754672250977915,19.595533764398578,0,0
元朝,183203,文獻通考,文獻通考/卷三百四十八,文獻通考,249,scrape_output\raw\元朝\文獻通考\文獻通考__juan_249.txt,scrape_output\clean\元朝\文獻通考\文獻通考__juan_249.txt,0,0,1,separate,0.24041052589987752,wenyan-like,1898175,0.010366272867359437,0.060754672250977915,19.595533764398578,0,0
元朝,183203,文獻通考,文獻通考/卷三百四十六,文獻通考,250,scrape_output\raw\元朝\文獻通考\文獻通考__juan_250.txt,scrape_output\clean\元朝\文獻通考\文獻通考__juan_250.txt,0,0,1,separate,0.24041052589987752,wenyan-like,1898175,0.010366272867359437,0.060754672250977915,19.595533764398578,0,0
元朝,183203,文獻通考,文獻通考/卷三百四十四,文獻通考,251,scrape_output\raw\元朝\文獻通考\文獻通考__juan_251.txt,scrape_output\clean\元朝\文獻通考\文獻通考__juan_251.txt,0,0,1,separate,0.24041052589987752,wenyan-like,1898175,0.010366272867359437,0.060754672250977915,19.595533764398578,0,0
元朝,183203,文獻通考,文獻通考/卷四,文獻通考,252,scrape_output\raw\元朝\文獻通考\文獻通考__juan_252.txt,scrape_output\clean\元朝\文獻通考\文獻通考__juan_252.txt,15277,15095,0,separate,0.24041052589987752,wenyan-like,1898175,0.010366272867359437,0.060754672250977915,19.595533764398578,0,0
元朝,183203,文獻通考,文獻通考/卷五,文獻通考,253,scrape_output\raw\元朝\文獻通考\文獻通考__juan_253.txt,scrape_output\clean\元朝\文獻通考\文獻通考__juan_253.txt,11261,10987,0,separate,0.24041052589987752,wenyan-like,1898175,0.010366272867359437,0.060754672250977915,19.595533764398578,0,0
元朝,183203,文獻通考,文獻通考/卷六,文獻通考,254,scrape_output\raw\元朝\文獻通考\文獻通考__juan_254.txt,scrape_output\clean\元朝\文獻通考\文獻通考__juan_254.txt,8976,8842,0,separate,0.24041052589987752,wenyan-like,1898175,0.010366272867359437,0.060754672250977915,19.595533764398578,0,0
元朝,183203,文獻通考,文獻通考/卷七,文獻通考,255,scrape_output\raw\元朝\文獻通考\文獻通考__juan_255.txt,scrape_output\clean\元朝\文獻通考\文獻通考__juan_255.txt,16829,16622,0,separate,0.24041052589987752,wenyan-like,1898175,0.010366272867359437,0.060754672250977915,19.595533764398578,0,0
元朝,183203,文獻通考,文獻通考/卷八,文獻通考,256,scrape_output\raw\元朝\文獻通考\文獻通考__juan_256.txt,scrape_output\clean\元朝\文獻通考\文獻通考__juan_256.txt,19691,19374,0,separate,0.24041052589987752,wenyan-like,1898175,0.010366272867359437,0.060754672250977915,19.595533764398578,0,0
元朝,183203,文獻通考,文獻通考/卷九,文獻通考,257,scrape_output\raw\元朝\文獻通考\文獻通考__juan_257.txt,scrape_output\clean\元朝\文獻通考\文獻通考__juan_257.txt,18558,18376,0,separate,0.24041052589987752,wenyan-like,1898175,0.010366272867359437,0.060754672250977915,19.595533764398578,0,0
元朝,183203,文獻通考,文獻通考/卷十,文獻通考,258,scrape_output\raw\元朝\文獻通考\文獻通考__juan_258.txt,scrape_output\clean\元朝\文獻通考\文獻通考__juan_258.txt,15135,15001,0,separate,0.24041052589987752,wenyan-like,1898175,0.010366272867359437,0.060754672250977915,19.595533764398578,0,0
元朝,183203,文獻通考,文獻通考/卷十一,文獻通考,259,scrape_output\raw\元朝\文獻通考\文獻通考__juan_259.txt,scrape_output\clean\元朝\文獻通考\文獻通考__juan_259.txt,14120,13963,0,separate,0.24041052589987752,wenyan-like,1898175,0.010366272867359437,0.060754672250977915,19.595533764398578,0,0
元朝,183203,文獻通考,文獻通考/卷十二,文獻通考,260,scrape_output\raw\元朝\文獻通考\文獻通考__juan_260.txt,scrape_output\clean\元朝\文獻通考\文獻通考__juan_260.txt,20356,20141,0,separate,0.24041052589987752,wenyan-like,1898175,0.010366272867359437,0.060754672250977915,19.595533764398578,0,0
元朝,183203,文獻通考,文獻通考/卷十三,文獻通考,261,scrape_output\raw\元朝\文獻通考\文獻通考__juan_261.txt,scrape_output\clean\元朝\文獻通考\文獻通考__juan_261.txt,14450,14321,0,separate,0.24041052589987752,wenyan-like,1898175,0.010366272867359437,0.060754672250977915,19.595533764398578,0,0
元朝,183203,文獻通考,文獻通考/卷十四,文獻通考,262,scrape_output\raw\元朝\文獻通考\文獻通考__juan_262.txt,scrape_output\clean\元朝\文獻通考\文獻通考__juan_262.txt,11097,10984,0,separate,0.24041052589987752,wenyan-like,1898175,0.010366272867359437,0.060754672250977915,19.595533764398578,0,0
元朝,183203,文獻通考,文獻通考/卷十五,文獻通考,263,scrape_output\raw\元朝\文獻通考\文獻通考__juan_263.txt,scrape_output\clean\元朝\文獻通考\文獻通考__juan_263.txt,17386,17225,0,separate,0.24041052589987752,wenyan-like,1898175,0.010366272867359437,0.060754672250977915,19.595533764398578,0,0
元朝,183203,文獻通考,文獻通考/卷十六,文獻通考,264,scrape_output\raw\元朝\文獻通考\文獻通考__juan_264.txt,scrape_output\clean\元朝\文獻通考\文獻通考__juan_264.txt,12819,12748,0,separate,0.24041052589987752,wenyan-like,1898175,0.010366272867359437,0.060754672250977915,19.595533764398578,0,0
元朝,183203,文獻通考,文獻通考/卷十七,文獻通考,265,scrape_output\raw\元朝\文獻通考\文獻通考__juan_265.txt,scrape_output\clean\元朝\文獻通考\文獻通考__juan_265.txt,10782,10673,0,separate,0.24041052589987752,wenyan-like,1898175,0.010366272867359437,0.060754672250977915,19.595533764398578,0,0
元朝,183203,文獻通考,文獻通考/卷十八,文獻通考,266,scrape_output\raw\元朝\文獻通考\文獻通考__juan_266.txt,scrape_output\clean\元朝\文獻通考\文獻通考__juan_266.txt,16029,15878,0,separate,0.24041052589987752,wenyan-like,1898175,0.010366272867359437,0.060754672250977915,19.595533764398578,0,0
元朝,183203,文獻通考,文獻通考/卷十九,文獻通考,267,scrape_output\raw\元朝\文獻通考\文獻通考__juan_267.txt,scrape_output\clean\元朝\文獻通考\文獻通考__juan_267.txt,16667,16473,0,separate,0.24041052589987752,wenyan-like,1898175,0.010366272867359437,0.060754672250977915,19.595533764398578,0,0
元朝,183203,文獻通考,文獻通考/卷二十,文獻通考,268,scrape_output\raw\元朝\文獻通考\文獻通考__juan_268.txt,scrape_output\clean\元朝\文獻通考\文獻通考__juan_268.txt,17482,17245,0,separate,0.24041052589987752,wenyan-like,1898175,0.010366272867359437,0.060754672250977915,19.595533764398578,0,0
元朝,183203,文獻通考,文獻通考/卷二十一,文獻通考,269,scrape_output\raw\元朝\文獻通考\文獻通考__juan_269.txt,scrape_output\clean\元朝\文獻通考\文獻通考__juan_269.txt,21818,21553,0,separate,0.24041052589987752,wenyan-like,1898175,0.010366272867359437,0.060754672250977915,19.595533764398578,0,0
元朝,183203,文獻通考,文獻通考/卷二十二,文獻通考,270,scrape_output\raw\元朝\文獻通考\文獻通考__juan_270.txt,scrape_output\clean\元朝\文獻通考\文獻通考__juan_270.txt,12488,12127,0,separate,0.24041052589987752,wenyan-like,1898175,0.010366272867359437,0.060754672250977915,19.595533764398578,0,0
元朝,183203,文獻通考,文獻通考/卷二十三,文獻通考,271,scrape_output\raw\元朝\文獻通考\文獻通考__juan_271.txt,scrape_output\clean\元朝\文獻通考\文獻通考__juan_271.txt,12205,12116,0,separate,0.24041052589987752,wenyan-like,1898175,0.010366272867359437,0.060754672250977915,19.595533764398578,0,0
元朝,183203,文獻通考,文獻通考/卷二十四,文獻通考,272,scrape_output\raw\元朝\文獻通考\文獻通考__juan_272.txt,scrape_output\clean\元朝\文獻通考\文獻通考__juan_272.txt,14305,14231,0,separate,0.24041052589987752,wenyan-like,1898175,0.010366272867359437,0.060754672250977915,19.595533764398578,0,0
元朝,183203,文獻通考,文獻通考/卷二十五,文獻通考,273,scrape_output\raw\元朝\文獻通考\文獻通考__juan_273.txt,scrape_output\clean\元朝\文獻通考\文獻通考__juan_273.txt,19644,19615,0,separate,0.24041052589987752,wenyan-like,1898175,0.010366272867359437,0.060754672250977915,19.595533764398578,0,0
元朝,183203,文獻通考,文獻通考/卷二十六,文獻通考,274,scrape_output\raw\元朝\文獻通考\文獻通考__juan_274.txt,scrape_output\clean\元朝\文獻通考\文獻通考__juan_274.txt,10914,10814,0,separate,0.24041052589987752,wenyan-like,1898175,0.010366272867359437,0.060754672250977915,19.595533764398578,0,0
元朝,183203,文獻通考,文獻通考/卷二十七,文獻通考,275,scrape_output\raw\元朝\文獻通考\文獻通考__juan_275.txt,scrape_output\clean\元朝\文獻通考\文獻通考__juan_275.txt,8740,8652,0,separate,0.24041052589987752,wenyan-like,1898175,0.010366272867359437,0.060754672250977915,19.595533764398578,0,0
元朝,183203,文獻通考,文獻通考/卷二十八,文獻通考,276,scrape_output\raw\元朝\文獻通考\文獻通考__juan_276.txt,scrape_output\clean\元朝\文獻通考\文獻通考__juan_276.txt,12192,12109,0,separate,0.24041052589987752,wenyan-like,1898175,0.010366272867359437,0.060754672250977915,19.595533764398578,0,0
元朝,183203,文獻通考,文獻通考/卷二十九,文獻通考,277,scrape_output\raw\元朝\文獻通考\文獻通考__juan_277.txt,scrape_output\clean\元朝\文獻通考\文獻通考__juan_277.txt,17000,16810,0,separate,0.24041052589987752,wenyan-like,1898175,0.010366272867359437,0.060754672250977915,19.595533764398578,0,0
元朝,183203,文獻通考,文獻通考/卷三十,文獻通考,278,scrape_output\raw\元朝\文獻通考\文獻通考__juan_278.txt,scrape_output\clean\元朝\文獻通考\文獻通考__juan_278.txt,13264,13058,0,separate,0.24041052589987752,wenyan-like,1898175,0.010366272867359437,0.060754672250977915,19.595533764398578,0,0
元朝,183203,文獻通考,文獻通考/卷三十一,文獻通考,279,scrape_output\raw\元朝\文獻通考\文獻通考__juan_279.txt,scrape_output\clean\元朝\文獻通考\文獻通考__juan_279.txt,16228,16068,0,separate,0.24041052589987752,wenyan-like,1898175,0.010366272867359437,0.060754672250977915,19.595533764398578,0,0
元朝,183203,文獻通考,文獻通考/卷三十二,文獻通考,280,scrape_output\raw\元朝\文獻通考\文獻通考__juan_280.txt,scrape_output\clean\元朝\文獻通考\文獻通考__juan_280.txt,16295,16154,0,separate,0.24041052589987752,wenyan-like,1898175,0.010366272867359437,0.060754672250977915,19.595533764398578,0,0
元朝,183203,文獻通考,文獻通考/卷三十三,文獻通考,281,scrape_output\raw\元朝\文獻通考\文獻通考__juan_281.txt,scrape_output\clean\元朝\文獻通考\文獻通考__juan_281.txt,16609,16479,0,separate,0.24041052589987752,wenyan-like,1898175,0.010366272867359437,0.060754672250977915,19.595533764398578,0,0
元朝,183203,文獻通考,文獻通考/卷三十四,文獻通考,282,scrape_output\raw\元朝\文獻通考\文獻通考__juan_282.txt,scrape_output\clean\元朝\文獻通考\文獻通考__juan_282.txt,15327,15153,0,separate,0.24041052589987752,wenyan-like,1898175,0.010366272867359437,0.060754672250977915,19.595533764398578,0,0
元朝,183203,文獻通考,文獻通考/卷三十五,文獻通考,283,scrape_output\raw\元朝\文獻通考\文獻通考__juan_283.txt,scrape_output\clean\元朝\文獻通考\文獻通考__juan_283.txt,16625,16370,0,separate,0.24041052589987752,wenyan-like,1898175,0.010366272867359437,0.060754672250977915,19.595533764398578,0,0
元朝,183203,文獻通考,文獻通考/卷三十六,文獻通考,284,scrape_output\raw\元朝\文獻通考\文獻通考__juan_284.txt,scrape_output\clean\元朝\文獻通考\文獻通考__juan_284.txt,12558,12413,0,separate,0.24041052589987752,wenyan-like,1898175,0.010366272867359437,0.060754672250977915,19.595533764398578,0,0
元朝,183203,文獻通考,文獻通考/卷三十七,文獻通考,285,scrape_output\raw\元朝\文獻通考\文獻通考__juan_285.txt,scrape_output\clean\元朝\文獻通考\文獻通考__juan_285.txt,15570,15407,0,separate,0.24041052589987752,wenyan-like,1898175,0.010366272867359437,0.060754672250977915,19.595533764398578,0,0
元朝,183203,文獻通考,文獻通考/卷三十八,文獻通考,286,scrape_output\raw\元朝\文獻通考\文獻通考__juan_286.txt,scrape_output\clean\元朝\文獻通考\文獻通考__juan_286.txt,16500,16300,0,separate,0.24041052589987752,wenyan-like,1898175,0.010366272867359437,0.060754672250977915,19.595533764398578,0,0
元朝,183203,文獻通考,文獻通考/卷三十九,文獻通考,287,scrape_output\raw\元朝\文獻通考\文獻通考__juan_287.txt,scrape_output\clean\元朝\文獻通考\文獻通考__juan_287.txt,20728,20484,0,separate,0.24041052589987752,wenyan-like,1898175,0.010366272867359437,0.060754672250977915,19.595533764398578,0,0
元朝,183203,文獻通考,文獻通考/卷四十,文獻通考,288,scrape_output\raw\元朝\文獻通考\文獻通考__juan_288.txt,scrape_output\clean\元朝\文獻通考\文獻通考__juan_288.txt,18423,18172,0,separate,0.24041052589987752,wenyan-like,1898175,0.010366272867359437,0.060754672250977915,19.595533764398578,0,0
元朝,183203,文獻通考,文獻通考/卷四十一,文獻通考,289,scrape_output\raw\元朝\文獻通考\文獻通考__juan_289.txt,scrape_output\clean\元朝\文獻通考\文獻通考__juan_289.txt,10282,10176,0,separate,0.24041052589987752,wenyan-like,1898175,0.010366272867359437,0.060754672250977915,19.595533764398578,0,0
元朝,183203,文獻通考,文獻通考/卷四十二,文獻通考,290,scrape_output\raw\元朝\文獻通考\文獻通考__juan_290.txt,scrape_output\clean\元朝\文獻通考\文獻通考__juan_290.txt,12336,12260,0,separate,0.24041052589987752,wenyan-like,1898175,0.010366272867359437,0.060754672250977915,19.595533764398578,0,0
元朝,183203,文獻通考,文獻通考/卷四十三,文獻通考,291,scrape_output\raw\元朝\文獻通考\文獻通考__juan_291.txt,scrape_output\clean\元朝\文獻通考\文獻通考__juan_291.txt,16083,15854,0,separate,0.24041052589987752,wenyan-like,1898175,0.010366272867359437,0.060754672250977915,19.595533764398578,0,0
元朝,183203,文獻通考,文獻通考/卷四十四,文獻通考,292,scrape_output\raw\元朝\文獻通考\文獻通考__juan_292.txt,scrape_output\clean\元朝\文獻通考\文獻通考__juan_292.txt,17409,17196,0,separate,0.24041052589987752,wenyan-like,1898175,0.010366272867359437,0.060754672250977915,19.595533764398578,0,0
元朝,183203,文獻通考,文獻通考/卷四十五,文獻通考,293,scrape_output\raw\元朝\文獻通考\文獻通考__juan_293.txt,scrape_output\clean\元朝\文獻通考\文獻通考__juan_293.txt,11247,11106,0,separate,0.24041052589987752,wenyan-like,1898175,0.010366272867359437,0.060754672250977915,19.595533764398578,0,0
元朝,183203,文獻通考,文獻通考/卷四十六,文獻通考,294,scrape_output\raw\元朝\文獻通考\文獻通考__juan_294.txt,scrape_output\clean\元朝\文獻通考\文獻通考__juan_294.txt,10272,10142,0,separate,0.24041052589987752,wenyan-like,1898175,0.010366272867359437,0.060754672250977915,19.595533764398578,0,0
元朝,183203,文獻通考,文獻通考/卷四十七,文獻通考,295,scrape_output\raw\元朝\文獻通考\文獻通考__juan_295.txt,scrape_output\clean\元朝\文獻通考\文獻通考__juan_295.txt,15137,15046,0,separate,0.24041052589987752,wenyan-like,1898175,0.010366272867359437,0.060754672250977915,19.595533764398578,0,0
元朝,183203,文獻通考,文獻通考/卷四十八,文獻通考,296,scrape_output\raw\元朝\文獻通考\文獻通考__juan_296.txt,scrape_output\clean\元朝\文獻通考\文獻通考__juan_296.txt,13527,13418,0,separate,0.24041052589987752,wenyan-like,1898175,0.010366272867359437,0.060754672250977915,19.595533764398578,0,0
元朝,183203,文獻通考,文獻通考/卷四十九,文獻通考,297,scrape_output\raw\元朝\文獻通考\文獻通考__juan_297.txt,scrape_output\clean\元朝\文獻通考\文獻通考__juan_297.txt,9870,9769,0,separate,0.24041052589987752,wenyan-like,1898175,0.010366272867359437,0.060754672250977915,19.595533764398578,0,0
元朝,183203,文獻通考,文獻通考/卷五十,文獻通考,298,scrape_output\raw\元朝\文獻通考\文獻通考__juan_298.txt,scrape_output\clean\元朝\文獻通考\文獻通考__juan_298.txt,16502,16342,0,separate,0.24041052589987752,wenyan-like,1898175,0.010366272867359437,0.060754672250977915,19.595533764398578,0,0
元朝,183203,文獻通考,文獻通考/卷五十一,文獻通考,299,scrape_output\raw\元朝\文獻通考\文獻通考__juan_299.txt,scrape_output\clean\元朝\文獻通考\文獻通考__juan_299.txt,21112,20930,0,separate,0.24041052589987752,wenyan-like,1898175,0.010366272867359437,0.060754672250977915,19.595533764398578,0,0
元朝,183203,文獻通考,文獻通考/卷五十二,文獻通考,300,scrape_output\raw\元朝\文獻通考\文獻通考__juan_300.txt,scrape_output\clean\元朝\文獻通考\文獻通考__juan_300.txt,25433,25212,0,separate,0.24041052589987752,wenyan-like,1898175,0.010366272867359437,0.060754672250977915,19.595533764398578,0,0
元朝,183203,文獻通考,文獻通考/卷五十三,文獻通考,301,scrape_output\raw\元朝\文獻通考\文獻通考__juan_301.txt,scrape_output\clean\元朝\文獻通考\文獻通考__juan_301.txt,14519,14350,0,separate,0.24041052589987752,wenyan-like,1898175,0.010366272867359437,0.060754672250977915,19.595533764398578,0,0
元朝,183203,文獻通考,文獻通考/卷五十四,文獻通考,302,scrape_output\raw\元朝\文獻通考\文獻通考__juan_302.txt,scrape_output\clean\元朝\文獻通考\文獻通考__juan_302.txt,13541,13427,0,separate,0.24041052589987752,wenyan-like,1898175,0.010366272867359437,0.060754672250977915,19.595533764398578,0,0
元朝,183203,文獻通考,文獻通考/卷五十五,文獻通考,303,scrape_output\raw\元朝\文獻通考\文獻通考__juan_303.txt,scrape_output\clean\元朝\文獻通考\文獻通考__juan_303.txt,15596,15518,0,separate,0.24041052589987752,wenyan-like,1898175,0.010366272867359437,0.060754672250977915,19.595533764398578,0,0
元朝,183203,文獻通考,文獻通考/卷五十六,文獻通考,304,scrape_output\raw\元朝\文獻通考\文獻通考__juan_304.txt,scrape_output\clean\元朝\文獻通考\文獻通考__juan_304.txt,17479,17388,0,separate,0.24041052589987752,wenyan-like,1898175,0.010366272867359437,0.060754672250977915,19.595533764398578,0,0
元朝,183203,文獻通考,文獻通考/卷五十七,文獻通考,305,scrape_output\raw\元朝\文獻通考\文獻通考__juan_305.txt,scrape_output\clean\元朝\文獻通考\文獻通考__juan_305.txt,17786,17689,0,separate,0.24041052589987752,wenyan-like,1898175,0.010366272867359437,0.060754672250977915,19.595533764398578,0,0
元朝,183203,文獻通考,文獻通考/卷五十八,文獻通考,306,scrape_output\raw\元朝\文獻通考\文獻通考__juan_306.txt,scrape_output\clean\元朝\文獻通考\文獻通考__juan_306.txt,20049,19911,0,separate,0.24041052589987752,wenyan-like,1898175,0.010366272867359437,0.060754672250977915,19.595533764398578,0,0
元朝,183203,文獻通考,文獻通考/卷五十九,文獻通考,307,scrape_output\raw\元朝\文獻通考\文獻通考__juan_307.txt,scrape_output\clean\元朝\文獻通考\文獻通考__juan_307.txt,18558,18427,0,separate,0.24041052589987752,wenyan-like,1898175,0.010366272867359437,0.060754672250977915,19.595533764398578,0,0
元朝,183203,文獻通考,文獻通考/卷六十,文獻通考,308,scrape_output\raw\元朝\文獻通考\文獻通考__juan_308.txt,scrape_output\clean\元朝\文獻通考\文獻通考__juan_308.txt,17440,17333,0,separate,0.24041052589987752,wenyan-like,1898175,0.010366272867359437,0.060754672250977915,19.595533764398578,0,0
元朝,183203,文獻通考,文獻通考/卷六十一,文獻通考,309,scrape_output\raw\元朝\文獻通考\文獻通考__juan_309.txt,scrape_output\clean\元朝\文獻通考\文獻通考__juan_309.txt,14741,14643,0,separate,0.24041052589987752,wenyan-like,1898175,0.010366272867359437,0.060754672250977915,19.595533764398578,0,0
元朝,183203,文獻通考,文獻通考/卷六十二,文獻通考,310,scrape_output\raw\元朝\文獻通考\文獻通考__juan_310.txt,scrape_output\clean\元朝\文獻通考\文獻通考__juan_310.txt,11936,11852,0,separate,0.24041052589987752,wenyan-like,1898175,0.010366272867359437,0.060754672250977915,19.595533764398578,0,0
元朝,183203,文獻通考,文獻通考/卷六十三,文獻通考,311,scrape_output\raw\元朝\文獻通考\文獻通考__juan_311.txt,scrape_output\clean\元朝\文獻通考\文獻通考__juan_311.txt,16943,16839,0,separate,0.24041052589987752,wenyan-like,1898175,0.010366272867359437,0.060754672250977915,19.595533764398578,0,0
元朝,183203,文獻通考,文獻通考/卷六十四,文獻通考,312,scrape_output\raw\元朝\文獻通考\文獻通考__juan_312.txt,scrape_output\clean\元朝\文獻通考\文獻通考__juan_312.txt,16157,16011,0,separate,0.24041052589987752,wenyan-like,1898175,0.010366272867359437,0.060754672250977915,19.595533764398578,0,0
元朝,183203,文獻通考,文獻通考/卷六十五,文獻通考,313,scrape_output\raw\元朝\文獻通考\文獻通考__juan_313.txt,scrape_output\clean\元朝\文獻通考\文獻通考__juan_313.txt,20210,20137,0,separate,0.24041052589987752,wenyan-like,1898175,0.010366272867359437,0.060754672250977915,19.595533764398578,0,0
元朝,183203,文獻通考,文獻通考/卷六十六,文獻通考,314,scrape_output\raw\元朝\文獻通考\文獻通考__juan_314.txt,scrape_output\clean\元朝\文獻通考\文獻通考__juan_314.txt,17033,17014,0,separate,0.24041052589987752,wenyan-like,1898175,0.010366272867359437,0.060754672250977915,19.595533764398578,0,0
元朝,183203,文獻通考,文獻通考/卷六十七,文獻通考,315,scrape_output\raw\元朝\文獻通考\文獻通考__juan_315.txt,scrape_output\clean\元朝\文獻通考\文獻通考__juan_315.txt,16695,16683,0,separate,0.24041052589987752,wenyan-like,1898175,0.010366272867359437,0.060754672250977915,19.595533764398578,0,0
元朝,183203,文獻通考,文獻通考/卷六十八,文獻通考,316,scrape_output\raw\元朝\文獻通考\文獻通考__juan_316.txt,scrape_output\clean\元朝\文獻通考\文獻通考__juan_316.txt,26001,25325,0,separate,0.24041052589987752,wenyan-like,1898175,0.010366272867359437,0.060754672250977915,19.595533764398578,0,0
元朝,183203,文獻通考,文獻通考/卷六十九,文獻通考,317,scrape_output\raw\元朝\文獻通考\文獻通考__juan_317.txt,scrape_output\clean\元朝\文獻通考\文獻通考__juan_317.txt,18694,18442,0,separate,0.24041052589987752,wenyan-like,1898175,0.010366272867359437,0.060754672250977915,19.595533764398578,0,0
元朝,183203,文獻通考,文獻通考/卷七十,文獻通考,318,scrape_output\raw\元朝\文獻通考\文獻通考__juan_318.txt,scrape_output\clean\元朝\文獻通考\文獻通考__juan_318.txt,26830,26464,0,separate,0.24041052589987752,wenyan-like,1898175,0.010366272867359437,0.060754672250977915,19.595533764398578,0,0
元朝,183203,文獻通考,文獻通考/卷七十一,文獻通考,319,scrape_output\raw\元朝\文獻通考\文獻通考__juan_319.txt,scrape_output\clean\元朝\文獻通考\文獻通考__juan_319.txt,19467,19192,0,separate,0.24041052589987752,wenyan-like,1898175,0.010366272867359437,0.060754672250977915,19.595533764398578,0,0
元朝,183203,文獻通考,文獻通考/卷七十二,文獻通考,320,scrape_output\raw\元朝\文獻通考\文獻通考__juan_320.txt,scrape_output\clean\元朝\文獻通考\文獻通考__juan_320.txt,19676,19505,0,separate,0.24041052589987752,wenyan-like,1898175,0.010366272867359437,0.060754672250977915,19.595533764398578,0,0
元朝,183203,文獻通考,文獻通考/卷七十三,文獻通考,321,scrape_output\raw\元朝\文獻通考\文獻通考__juan_321.txt,scrape_output\clean\元朝\文獻通考\文獻通考__juan_321.txt,16956,16474,0,separate,0.24041052589987752,wenyan-like,1898175,0.010366272867359437,0.060754672250977915,19.595533764398578,0,0
元朝,183203,文獻通考,文獻通考/卷七十四,文獻通考,322,scrape_output\raw\元朝\文獻通考\文獻通考__juan_322.txt,scrape_output\clean\元朝\文獻通考\文獻通考__juan_322.txt,16467,16233,0,separate,0.24041052589987752,wenyan-like,1898175,0.010366272867359437,0.060754672250977915,19.595533764398578,0,0
元朝,183203,文獻通考,文獻通考/卷七十五,文獻通考,323,scrape_output\raw\元朝\文獻通考\文獻通考__juan_323.txt,scrape_output\clean\元朝\文獻通考\文獻通考__juan_323.txt,16002,15884,0,separate,0.24041052589987752,wenyan-like,1898175,0.010366272867359437,0.060754672250977915,19.595533764398578,0,0
元朝,183203,文獻通考,文獻通考/卷七十六,文獻通考,324,scrape_output\raw\元朝\文獻通考\文獻通考__juan_324.txt,scrape_output\clean\元朝\文獻通考\文獻通考__juan_324.txt,21600,21230,0,separate,0.24041052589987752,wenyan-like,1898175,0.010366272867359437,0.060754672250977915,19.595533764398578,0,0
元朝,183203,文獻通考,文獻通考/卷七十七,文獻通考,325,scrape_output\raw\元朝\文獻通考\文獻通考__juan_325.txt,scrape_output\clean\元朝\文獻通考\文獻通考__juan_325.txt,16664,16333,0,separate,0.24041052589987752,wenyan-like,1898175,0.010366272867359437,0.060754672250977915,19.595533764398578,0,0
元朝,183203,文獻通考,文獻通考/卷七十八,文獻通考,326,scrape_output\raw\元朝\文獻通考\文獻通考__juan_326.txt,scrape_output\clean\元朝\文獻通考\文獻通考__juan_326.txt,20919,20390,0,separate,0.24041052589987752,wenyan-like,1898175,0.010366272867359437,0.060754672250977915,19.595533764398578,0,0
元朝,183203,文獻通考,文獻通考/卷七十九,文獻通考,327,scrape_output\raw\元朝\文獻通考\文獻通考__juan_327.txt,scrape_output\clean\元朝\文獻通考\文獻通考__juan_327.txt,9042,8826,0,separate,0.24041052589987752,wenyan-like,1898175,0.010366272867359437,0.060754672250977915,19.595533764398578,0,0
元朝,183203,文獻通考,文獻通考/卷八十,文獻通考,328,scrape_output\raw\元朝\文獻通考\文獻通考__juan_328.txt,scrape_output\clean\元朝\文獻通考\文獻通考__juan_328.txt,16956,16699,0,separate,0.24041052589987752,wenyan-like,1898175,0.010366272867359437,0.060754672250977915,19.595533764398578,0,0
元朝,183203,文獻通考,文獻通考/卷八十一,文獻通考,329,scrape_output\raw\元朝\文獻通考\文獻通考__juan_329.txt,scrape_output\clean\元朝\文獻通考\文獻通考__juan_329.txt,13053,13019,0,separate,0.24041052589987752,wenyan-like,1898175,0.010366272867359437,0.060754672250977915,19.595533764398578,0,0
元朝,183203,文獻通考,文獻通考/卷八十二,文獻通考,330,scrape_output\raw\元朝\文獻通考\文獻通考__juan_330.txt,scrape_output\clean\元朝\文獻通考\文獻通考__juan_330.txt,29098,29063,0,separate,0.24041052589987752,wenyan-like,1898175,0.010366272867359437,0.060754672250977915,19.595533764398578,0,0
元朝,183203,文獻通考,文獻通考/卷八十三,文獻通考,331,scrape_output\raw\元朝\文獻通考\文獻通考__juan_331.txt,scrape_output\clean\元朝\文獻通考\文獻通考__juan_331.txt,0,0,1,separate,0.24041052589987752,wenyan-like,1898175,0.010366272867359437,0.060754672250977915,19.595533764398578,0,0
元朝,183203,文獻通考,文獻通考/卷八十四,文獻通考,332,scrape_output\raw\元朝\文獻通考\文獻通考__juan_332.txt,scrape_output\clean\元朝\文獻通考\文獻通考__juan_332.txt,0,0,1,separate,0.24041052589987752,wenyan-like,1898175,0.010366272867359437,0.060754672250977915,19.595533764398578,0,0
元朝,183203,文獻通考,文獻通考/卷八十五,文獻通考,333,scrape_output\raw\元朝\文獻通考\文獻通考__juan_333.txt,scrape_output\clean\元朝\文獻通考\文獻通考__juan_333.txt,0,0,1,separate,0.24041052589987752,wenyan-like,1898175,0.010366272867359437,0.060754672250977915,19.595533764398578,0,0
元朝,183203,文獻通考,文獻通考/卷八十六,文獻通考,334,scrape_output\raw\元朝\文獻通考\文獻通考__juan_334.txt,scrape_output\clean\元朝\文獻通考\文獻通考__juan_334.txt,0,0,1,separate,0.24041052589987752,wenyan-like,1898175,0.010366272867359437,0.060754672250977915,19.595533764398578,0,0
元朝,183203,文獻通考,文獻通考/卷八十七,文獻通考,335,scrape_output\raw\元朝\文獻通考\文獻通考__juan_335.txt,scrape_output\clean\元朝\文獻通考\文獻通考__juan_335.txt,0,0,1,separate,0.24041052589987752,wenyan-like,1898175,0.010366272867359437,0.060754672250977915,19.595533764398578,0,0
元朝,183203,文獻通考,文獻通考/卷八十八,文獻通考,336,scrape_output\raw\元朝\文獻通考\文獻通考__juan_336.txt,scrape_output\clean\元朝\文獻通考\文獻通考__juan_336.txt,0,0,1,separate,0.24041052589987752,wenyan-like,1898175,0.010366272867359437,0.060754672250977915,19.595533764398578,0,0
元朝,183203,文獻通考,文獻通考/卷八十九,文獻通考,337,scrape_output\raw\元朝\文獻通考\文獻通考__juan_337.txt,scrape_output\clean\元朝\文獻通考\文獻通考__juan_337.txt,0,0,1,separate,0.24041052589987752,wenyan-like,1898175,0.010366272867359437,0.060754672250977915,19.595533764398578,0,0
元朝,183203,文獻通考,文獻通考/卷九十,文獻通考,338,scrape_output\raw\元朝\文獻通考\文獻通考__juan_338.txt,scrape_output\clean\元朝\文獻通考\文獻通考__juan_338.txt,0,0,1,separate,0.24041052589987752,wenyan-like,1898175,0.010366272867359437,0.060754672250977915,19.595533764398578,0,0
元朝,183203,文獻通考,文獻通考/卷九十一,文獻通考,339,scrape_output\raw\元朝\文獻通考\文獻通考__juan_339.txt,scrape_output\clean\元朝\文獻通考\文獻通考__juan_339.txt,0,0,1,separate,0.24041052589987752,wenyan-like,1898175,0.010366272867359437,0.060754672250977915,19.595533764398578,0,0
元朝,183203,文獻通考,文獻通考/卷九十二,文獻通考,340,scrape_output\raw\元朝\文獻通考\文獻通考__juan_340.txt,scrape_output\clean\元朝\文獻通考\文獻通考__juan_340.txt,0,0,1,separate,0.24041052589987752,wenyan-like,1898175,0.010366272867359437,0.060754672250977915,19.595533764398578,0,0
元朝,183203,文獻通考,文獻通考/卷九十三,文獻通考,341,scrape_output\raw\元朝\文獻通考\文獻通考__juan_341.txt,scrape_output\clean\元朝\文獻通考\文獻通考__juan_341.txt,0,0,1,separate,0.24041052589987752,wenyan-like,1898175,0.010366272867359437,0.060754672250977915,19.595533764398578,0,0
元朝,183203,文獻通考,文獻通考/卷九十四,文獻通考,342,scrape_output\raw\元朝\文獻通考\文獻通考__juan_342.txt,scrape_output\clean\元朝\文獻通考\文獻通考__juan_342.txt,0,0,1,separate,0.24041052589987752,wenyan-like,1898175,0.010366272867359437,0.060754672250977915,19.595533764398578,0,0
元朝,183203,文獻通考,文獻通考/卷九十五,文獻通考,343,scrape_output\raw\元朝\文獻通考\文獻通考__juan_343.txt,scrape_output\clean\元朝\文獻通考\文獻通考__juan_343.txt,0,0,1,separate,0.24041052589987752,wenyan-like,1898175,0.010366272867359437,0.060754672250977915,19.595533764398578,0,0
元朝,183203,文獻通考,文獻通考/卷九十六,文獻通考,344,scrape_output\raw\元朝\文獻通考\文獻通考__juan_344.txt,scrape_output\clean\元朝\文獻通考\文獻通考__juan_344.txt,0,0,1,separate,0.24041052589987752,wenyan-like,1898175,0.010366272867359437,0.060754672250977915,19.595533764398578,0,0
元朝,183203,文獻通考,文獻通考/卷九十七,文獻通考,345,scrape_output\raw\元朝\文獻通考\文獻通考__juan_345.txt,scrape_output\clean\元朝\文獻通考\文獻通考__juan_345.txt,0,0,1,separate,0.24041052589987752,wenyan-like,1898175,0.010366272867359437,0.060754672250977915,19.595533764398578,0,0
元朝,183203,文獻通考,文獻通考/卷九十八,文獻通考,346,scrape_output\raw\元朝\文獻通考\文獻通考__juan_346.txt,scrape_output\clean\元朝\文獻通考\文獻通考__juan_346.txt,0,0,1,separate,0.24041052589987752,wenyan-like,1898175,0.010366272867359437,0.060754672250977915,19.595533764398578,0,0
元朝,183203,文獻通考,文獻通考/卷九十九,文獻通考,347,scrape_output\raw\元朝\文獻通考\文獻通考__juan_347.txt,scrape_output\clean\元朝\文獻通考\文獻通考__juan_347.txt,0,0,1,separate,0.24041052589987752,wenyan-like,1898175,0.010366272867359437,0.060754672250977915,19.595533764398578,0,0
元朝,1213179,新建瑞金譙樓記,新建瑞金譙樓記,新建瑞金譙樓記,1,scrape_output\raw\元朝\新建瑞金譙樓記\新建瑞金譙樓記__juan_01.txt,scrape_output\clean\元朝\新建瑞金譙樓記\新建瑞金譙樓記__juan_01.txt,790,746,0,separate,0.27049861495844874,wenyan-like,722,0.015235457063711912,0.08310249307479224,19.914285714285715,0,0
元朝,765176,新建都水庸田使司記,新建都水庸田使司記,新建都水庸田使司記,1,scrape_output\raw\元朝\新建都水庸田使司記\新建都水庸田使司記__juan_01.txt,scrape_output\clean\元朝\新建都水庸田使司記\新建都水庸田使司記__juan_01.txt,1229,1177,0,separate,0.26698440207972274,wenyan-like,1154,0.011265164644714038,0.07538994800693241,16.402985074626866,0,0
元朝,1046483,新月 (愛猷識理達臘),新月 (愛猷識理達臘),新月 (愛猷識理達臘),1,scrape_output\raw\元朝\新月 (愛猷識理達臘)\新月 (愛猷識理達臘)__juan_01.txt,scrape_output\clean\元朝\新月 (愛猷識理達臘)\新月 (愛猷識理達臘)__juan_01.txt,593,105,0,separate,0.07692307692307693,unknown,91,0.01098901098901099,0.054945054945054944,9.555555555555555,0,1
元朝,163341,新註資治通鑑序,新註資治通鑑序,新註資治通鑑序,1,scrape_output\raw\元朝\新註資治通鑑序\新註資治通鑑序__juan_01.txt,scrape_output\clean\元朝\新註資治通鑑序\新註資治通鑑序__juan_01.txt,2442,2350,0,separate,0.13360142984807863,wenyan-like,2238,0.014745308310991957,0.08891867739052725,13.490683229813664,0,0
元朝,889453,新開天平水碑記,新開天平水碑記,新開天平水碑記,1,scrape_output\raw\元朝\新開天平水碑記\新開天平水碑記__juan_01.txt,scrape_output\clean\元朝\新開天平水碑記\新開天平水碑記__juan_01.txt,861,817,0,separate,0.2421544209215442,wenyan-like,803,0.017434620174346202,0.0722291407222914,21.61111111111111,0,0
元朝,886484,新鷹,新鷹,新鷹,1,scrape_output\raw\元朝\新鷹\新鷹__juan_01.txt,scrape_output\clean\元朝\新鷹\新鷹__juan_01.txt,113,69,0,separate,-0.015873015873015872,unknown,63,0.015873015873015872,0.015873015873015872,12.0,0,1
元朝,882286,方湖別業賦,方湖別業賦,方湖別業賦,1,scrape_output\raw\元朝\方湖別業賦\方湖別業賦__juan_01.txt,scrape_output\clean\元朝\方湖別業賦\方湖別業賦__juan_01.txt,700,208,0,separate,0.05,wenyan-like,200,0.0,0.025,11.875,0,0
元朝,886407,方湖釣魚臺,方湖釣魚臺,方湖釣魚臺,1,scrape_output\raw\元朝\方湖釣魚臺\方湖釣魚臺__juan_01.txt,scrape_output\clean\元朝\方湖釣魚臺\方湖釣魚臺__juan_01.txt,127,81,0,separate,0.0547945205479452,unknown,73,0.0,0.0273972602739726,11.666666666666666,0,1
元朝,885756,日南至,日南至,日南至,1,scrape_output\raw\元朝\日南至\日南至__juan_01.txt,scrape_output\clean\元朝\日南至\日南至__juan_01.txt,167,119,0,separate,-0.009523809523809525,unknown,105,0.009523809523809525,0.009523809523809525,9.090909090909092,0,1
元朝,886491,日將出,日將出,日將出,1,scrape_output\raw\元朝\日將出\日將出__juan_01.txt,scrape_output\clean\元朝\日將出\日將出__juan_01.txt,113,69,0,separate,-0.015873015873015872,unknown,63,0.015873015873015872,0.015873015873015872,12.0,0,1
元朝,886464,日日亭午大風樹杪忽見桃花一枝,日日亭午大風樹杪忽見桃花一枝,日日亭午大風樹杪忽見桃花一枝,1,scrape_output\raw\元朝\日日亭午大風樹杪忽見桃花一枝\日日亭午大風樹杪忽見桃花一枝__juan_01.txt,scrape_output\clean\元朝\日日亭午大風樹杪忽見桃花一枝\日日亭午大風樹杪忽見桃花一枝__juan_01.txt,113,69,0,separate,-0.06349206349206349,unknown,63,0.031746031746031744,0.015873015873015872,12.0,0,1
元朝,58931,日聞録,日聞録,日聞録,1,scrape_output\raw\元朝\日聞録\日聞録__juan_01.txt,scrape_output\clean\元朝\日聞録\日聞録__juan_01.txt,10892,10607,0,separate,0.44878859857482184,wenyan-like,10525,0.010831353919239905,0.09064133016627078,25.315,0,0
元朝,886379,早春宴上次髙麗入國使詩韻,早春宴上次髙麗入國使詩韻,早春宴上次髙麗入國使詩韻,1,scrape_output\raw\元朝\早春宴上次髙麗入國使詩韻\早春宴上次髙麗入國使詩韻__juan_01.txt,scrape_output\clean\元朝\早春宴上次髙麗入國使詩韻\早春宴上次髙麗入國使詩韻__juan_01.txt,113,69,0,separate,0.031746031746031744,unknown,63,0.0,0.015873015873015872,12.0,0,1
元朝,886486,早春歌,早春歌,早春歌,1,scrape_output\raw\元朝\早春歌\早春歌__juan_01.txt,scrape_output\clean\元朝\早春歌\早春歌__juan_01.txt,113,69,0,separate,-0.015873015873015872,unknown,63,0.015873015873015872,0.015873015873015872,12.0,0,1
元朝,886443,早梅 (耶律鑄),早梅 (耶律鑄),早梅 (耶律鑄),1,scrape_output\raw\元朝\早梅 (耶律鑄)\早梅 (耶律鑄)__juan_01.txt,scrape_output\clean\元朝\早梅 (耶律鑄)\早梅 (耶律鑄)__juan_01.txt,129,83,0,separate,0.013333333333333336,unknown,75,0.013333333333333334,0.02666666666666667,10.142857142857142,0,1
元朝,886600,早發清泠泉戲題行厨家僮名三老者,早發清泠泉戲題行厨家僮名三老者,早發清泠泉戲題行厨家僮名三老者,1,scrape_output\raw\元朝\早發清泠泉戲題行厨家僮名三老者\早發清泠泉戲題行厨家僮名三老者__juan_01.txt,scrape_output\clean\元朝\早發清泠泉戲題行厨家僮名三老者\早發清泠泉戲題行厨家僮名三老者__juan_01.txt,114,70,0,separate,-0.015873015873015872,unknown,63,0.015873015873015872,0.015873015873015872,12.0,0,1
元朝,1179389,早發釣臺,早發釣臺,早發釣臺,1,scrape_output\raw\元朝\早發釣臺\早發釣臺__juan_01.txt,scrape_output\clean\元朝\早發釣臺\早發釣臺__juan_01.txt,113,69,0,separate,0.031746031746031744,unknown,63,0.0,0.015873015873015872,12.0,0,1
元朝,1179316,早發黃河即事,早發黃河即事,早發黃河即事,1,scrape_output\raw\元朝\早發黃河即事\早發黃河即事__juan_01.txt,scrape_output\clean\元朝\早發黃河即事\早發黃河即事__juan_01.txt,371,327,0,separate,0.010600706713780921,wenyan-like,283,0.0035335689045936395,0.01060070671378092,10.875,0,0
元朝,885803,早行 (耶律鑄),早行 (耶律鑄),早行 (耶律鑄),1,scrape_output\raw\元朝\早行 (耶律鑄)\早行 (耶律鑄)__juan_01.txt,scrape_output\clean\元朝\早行 (耶律鑄)\早行 (耶律鑄)__juan_01.txt,180,132,0,separate,-0.05882352941176472,unknown,119,0.025210084033613446,0.008403361344537815,11.4,0,1
元朝,768844,明上人畫蘭圖,明上人畫蘭圖,明上人畫蘭圖,1,scrape_output\raw\元朝\明上人畫蘭圖\明上人畫蘭圖__juan_01.txt,scrape_output\clean\元朝\明上人畫蘭圖\明上人畫蘭圖__juan_01.txt,187,143,0,separate,0.06201550387596899,unknown,129,0.0,0.031007751937984496,13.555555555555555,0,1
元朝,886730,明妃二首,明妃二首,明妃二首,1,scrape_output\raw\元朝\明妃二首\明妃二首__juan_01.txt,scrape_output\clean\元朝\明妃二首\明妃二首__juan_01.txt,159,113,0,separate,0.019801980198019802,unknown,101,0.0,0.009900990099009901,12.0,0,1
元朝,760800,明目至寶,明目至寶,明目至寶,1,scrape_output\raw\元朝\明目至寶\明目至寶__juan_01.txt,scrape_output\clean\元朝\明目至寶\明目至寶__juan_01.txt,52960,49592,0,separate,0.03376755053009765,wenyan-like,45369,0.005510370517313584,0.0251493310410192,12.034359538207806,0,0
元朝,761458,明道篇,明道篇,明道篇,1,scrape_output\raw\元朝\明道篇\明道篇__juan_01.txt,scrape_output\clean\元朝\明道篇\明道篇__juan_01.txt,6639,6588,0,separate,0.20705229793977814,wenyan-like,6310,0.017432646592709985,0.05467511885895404,17.333333333333332,0,0
元朝,1179674,春别,春别,春别,1,scrape_output\raw\元朝\春别\春别__juan_01.txt,scrape_output\clean\元朝\春别\春别__juan_01.txt,185,141,0,separate,-0.007874015748031496,unknown,127,0.007874015748031496,0.007874015748031496,13.333333333333334,0,1
元朝,886064,春園 (耶律鑄),春園 (耶律鑄),春園 (耶律鑄),1,scrape_output\raw\元朝\春園 (耶律鑄)\春園 (耶律鑄)__juan_01.txt,scrape_output\clean\元朝\春園 (耶律鑄)\春園 (耶律鑄)__juan_01.txt,214,170,0,separate,0.0392156862745098,unknown,153,0.0,0.0196078431372549,9.666666666666666,0,1
元朝,1124462,春寒 (王冕),春寒 (王冕),春寒 (王冕),1,scrape_output\raw\元朝\春寒 (王冕)\春寒 (王冕)__juan_01.txt,scrape_output\clean\元朝\春寒 (王冕)\春寒 (王冕)__juan_01.txt,141,97,0,separate,-0.012658227848101267,unknown,79,0.012658227848101266,0.012658227848101266,6.7272727272727275,0,1
元朝,885808,春寒代人有寄,春寒代人有寄,春寒代人有寄,1,scrape_output\raw\元朝\春寒代人有寄\春寒代人有寄__juan_01.txt,scrape_output\clean\元朝\春寒代人有寄\春寒代人有寄__juan_01.txt,149,105,0,separate,0.042105263157894736,unknown,95,0.0,0.021052631578947368,12.857142857142858,0,1
元朝,886419,春意 (耶律鑄),春意 (耶律鑄),春意 (耶律鑄),1,scrape_output\raw\元朝\春意 (耶律鑄)\春意 (耶律鑄)__juan_01.txt,scrape_output\clean\元朝\春意 (耶律鑄)\春意 (耶律鑄)__juan_01.txt,113,69,0,separate,0.031746031746031744,unknown,63,0.0,0.015873015873015872,12.0,0,1
元朝,886071,春懷 (耶律鑄),春懷 (耶律鑄),春懷 (耶律鑄),1,scrape_output\raw\元朝\春懷 (耶律鑄)\春懷 (耶律鑄)__juan_01.txt,scrape_output\clean\元朝\春懷 (耶律鑄)\春懷 (耶律鑄)__juan_01.txt,149,105,0,separate,-0.02105263157894737,unknown,95,0.021052631578947368,0.021052631578947368,12.857142857142858,0,1
元朝,886349,春日即事 (客中草草過清明),春日即事 (客中草草過清明),春日即事 (客中草草過清明),1,scrape_output\raw\元朝\春日即事 (客中草草過清明)\春日即事 (客中草草過清明)__juan_01.txt,scrape_output\clean\元朝\春日即事 (客中草草過清明)\春日即事 (客中草草過清明)__juan_01.txt,113,69,0,separate,0.031746031746031744,unknown,63,0.0,0.015873015873015872,12.0,0,1
元朝,885618,春日即事 (耶律鑄),春日即事 (耶律鑄),春日即事 (耶律鑄),1,scrape_output\raw\元朝\春日即事 (耶律鑄)\春日即事 (耶律鑄)__juan_01.txt,scrape_output\clean\元朝\春日即事 (耶律鑄)\春日即事 (耶律鑄)__juan_01.txt,143,97,0,separate,0.09411764705882353,unknown,85,0.0,0.047058823529411764,8.88888888888889,0,1
元朝,885809,春日和林寄趙虎巖呂龍山,春日和林寄趙虎巖呂龍山,春日和林寄趙虎巖呂龍山,1,scrape_output\raw\元朝\春日和林寄趙虎巖呂龍山\春日和林寄趙虎巖呂龍山__juan_01.txt,scrape_output\clean\元朝\春日和林寄趙虎巖呂龍山\春日和林寄趙虎巖呂龍山__juan_01.txt,149,105,0,separate,0.021052631578947368,unknown,95,0.0,0.010526315789473684,12.857142857142858,0,1
元朝,885810,春日寄懐魏隐居邦彦,春日寄懐魏隐居邦彦,春日寄懐魏隐居邦彦,1,scrape_output\raw\元朝\春日寄懐魏隐居邦彦\春日寄懐魏隐居邦彦__juan_01.txt,scrape_output\clean\元朝\春日寄懐魏隐居邦彦\春日寄懐魏隐居邦彦__juan_01.txt,149,105,0,separate,0.021052631578947368,unknown,95,0.0,0.010526315789473684,12.857142857142858,0,1
元朝,885655,春日寓懐,春日寓懐,春日寓懐,1,scrape_output\raw\元朝\春日寓懐\春日寓懐__juan_01.txt,scrape_output\clean\元朝\春日寓懐\春日寓懐__juan_01.txt,149,105,0,separate,0.021052631578947368,unknown,95,0.0,0.010526315789473684,12.857142857142858,0,1
元朝,886610,春日席上次髙麗國使新安公詩韻二首,春日席上次髙麗國使新安公詩韻二首,春日席上次髙麗國使新安公詩韻二首,1,scrape_output\raw\元朝\春日席上次髙麗國使新安公詩韻二首\春日席上次髙麗國使新安公詩韻二首__juan_01.txt,scrape_output\clean\元朝\春日席上次髙麗國使新安公詩韻二首\春日席上次髙麗國使新安公詩韻二首__juan_01.txt,149,105,0,separate,-0.04210526315789474,unknown,95,0.021052631578947368,0.010526315789473684,12.857142857142858,0,1
元朝,885612,春日懐趙超然,春日懐趙超然,春日懐趙超然,1,scrape_output\raw\元朝\春日懐趙超然\春日懐趙超然__juan_01.txt,scrape_output\clean\元朝\春日懐趙超然\春日懐趙超然__juan_01.txt,133,89,0,separate,0.02531645569620253,unknown,79,0.0,0.012658227848101266,10.571428571428571,0,1
元朝,886653,春日懷王澹逰禧伯,春日懷王澹逰禧伯,春日懷王澹逰禧伯,1,scrape_output\raw\元朝\春日懷王澹逰禧伯\春日懷王澹逰禧伯__juan_01.txt,scrape_output\clean\元朝\春日懷王澹逰禧伯\春日懷王澹逰禧伯__juan_01.txt,113,69,0,separate,0.031746031746031744,unknown,63,0.0,0.015873015873015872,12.0,0,1
元朝,886050,春日西園招雪庭,春日西園招雪庭,春日西園招雪庭,1,scrape_output\raw\元朝\春日西園招雪庭\春日西園招雪庭__juan_01.txt,scrape_output\clean\元朝\春日西園招雪庭\春日西園招雪庭__juan_01.txt,151,107,0,separate,0.021052631578947368,unknown,95,0.0,0.010526315789473684,10.0,0,1
元朝,886362,春日遊玉泉道院,春日遊玉泉道院,春日遊玉泉道院,1,scrape_output\raw\元朝\春日遊玉泉道院\春日遊玉泉道院__juan_01.txt,scrape_output\clean\元朝\春日遊玉泉道院\春日遊玉泉道院__juan_01.txt,113,69,0,separate,0.031746031746031744,unknown,63,0.0,0.015873015873015872,12.0,0,1
元朝,1179384,春日過丹陽石仲和宅會茅山道士石山輝,春日過丹陽石仲和宅會茅山道士石山輝,春日過丹陽石仲和宅會茅山道士石山輝,1,scrape_output\raw\元朝\春日過丹陽石仲和宅會茅山道士石山輝\春日過丹陽石仲和宅會茅山道士石山輝__juan_01.txt,scrape_output\clean\元朝\春日過丹陽石仲和宅會茅山道士石山輝\春日過丹陽石仲和宅會茅山道士石山輝__juan_01.txt,113,69,0,separate,-0.015873015873015872,unknown,63,0.015873015873015872,0.015873015873015872,12.0,0,1
元朝,1179374,春日鎮陽柳溪道院,春日鎮陽柳溪道院,春日鎮陽柳溪道院,1,scrape_output\raw\元朝\春日鎮陽柳溪道院\春日鎮陽柳溪道院__juan_01.txt,scrape_output\clean\元朝\春日鎮陽柳溪道院\春日鎮陽柳溪道院__juan_01.txt,115,71,0,separate,0.015873015873015872,unknown,63,0.015873015873015872,0.031746031746031744,8.571428571428571,0,1
元朝,886041,春旱郊園諸花猶盛醉歸憇槐盖隂下,春旱郊園諸花猶盛醉歸憇槐盖隂下,春旱郊園諸花猶盛醉歸憇槐盖隂下,1,scrape_output\raw\元朝\春旱郊園諸花猶盛醉歸憇槐盖隂下\春旱郊園諸花猶盛醉歸憇槐盖隂下__juan_01.txt,scrape_output\clean\元朝\春旱郊園諸花猶盛醉歸憇槐盖隂下\春旱郊園諸花猶盛醉歸憇槐盖隂下__juan_01.txt,149,105,0,separate,0.06315789473684211,unknown,95,0.0,0.031578947368421054,12.857142857142858,0,1
元朝,886242,春晚 (耶律鑄),春晚 (耶律鑄),春晚 (耶律鑄),1,scrape_output\raw\元朝\春晚 (耶律鑄)\春晚 (耶律鑄)__juan_01.txt,scrape_output\clean\元朝\春晚 (耶律鑄)\春晚 (耶律鑄)__juan_01.txt,105,61,0,separate,0.03636363636363636,unknown,55,0.0,0.01818181818181818,10.4,0,1
元朝,768902,春晚客懷,春晚客懷,春晚客懷,1,scrape_output\raw\元朝\春晚客懷\春晚客懷__juan_01.txt,scrape_output\clean\元朝\春晚客懷\春晚客懷__juan_01.txt,133,89,0,separate,-0.012658227848101267,unknown,79,0.012658227848101266,0.012658227848101266,10.571428571428571,0,1
元朝,885823,春晚懐吕龍山,春晚懐吕龍山,春晚懐吕龍山,1,scrape_output\raw\元朝\春晚懐吕龍山\春晚懐吕龍山__juan_01.txt,scrape_output\clean\元朝\春晚懐吕龍山\春晚懐吕龍山__juan_01.txt,149,105,0,separate,0.021052631578947368,unknown,95,0.0,0.010526315789473684,12.857142857142858,0,1
元朝,886046,春晴極寒登池樓書事,春晴極寒登池樓書事,春晴極寒登池樓書事,1,scrape_output\raw\元朝\春晴極寒登池樓書事\春晴極寒登池樓書事__juan_01.txt,scrape_output\clean\元朝\春晴極寒登池樓書事\春晴極寒登池樓書事__juan_01.txt,149,105,0,separate,0.021052631578947368,unknown,95,0.0,0.010526315789473684,12.857142857142858,0,1
元朝,886420,春曉 (耶律鑄),春曉 (耶律鑄),春曉 (耶律鑄),1,scrape_output\raw\元朝\春曉 (耶律鑄)\春曉 (耶律鑄)__juan_01.txt,scrape_output\clean\元朝\春曉 (耶律鑄)\春曉 (耶律鑄)__juan_01.txt,149,105,0,separate,0.042105263157894736,unknown,95,0.0,0.021052631578947368,12.857142857142858,0,1
元朝,885638,春曉月下觀白牡丹,春曉月下觀白牡丹,春曉月下觀白牡丹,1,scrape_output\raw\元朝\春曉月下觀白牡丹\春曉月下觀白牡丹__juan_01.txt,scrape_output\clean\元朝\春曉月下觀白牡丹\春曉月下觀白牡丹__juan_01.txt,133,89,0,separate,0.05063291139240506,unknown,79,0.0,0.02531645569620253,10.571428571428571,0,1
元朝,886092,春梅 (耶律鑄),春梅 (耶律鑄),春梅 (耶律鑄),1,scrape_output\raw\元朝\春梅 (耶律鑄)\春梅 (耶律鑄)__juan_01.txt,scrape_output\clean\元朝\春梅 (耶律鑄)\春梅 (耶律鑄)__juan_01.txt,149,105,0,separate,0.021052631578947368,unknown,95,0.0,0.010526315789473684,12.857142857142858,0,1
元朝,886446,春梅怨笛歌,春梅怨笛歌,春梅怨笛歌,1,scrape_output\raw\元朝\春梅怨笛歌\春梅怨笛歌__juan_01.txt,scrape_output\clean\元朝\春梅怨笛歌\春梅怨笛歌__juan_01.txt,113,69,0,separate,0.06349206349206349,unknown,63,0.0,0.031746031746031744,12.0,0,1
元朝,765290,春水船記,春水船記,春水船記,1,scrape_output\raw\元朝\春水船記\春水船記__juan_01.txt,scrape_output\clean\元朝\春水船記\春水船記__juan_01.txt,706,658,0,separate,0.3318181818181818,wenyan-like,638,0.009404388714733543,0.10501567398119123,15.615384615384615,0,0
元朝,764964,春秋左氏傳類編序,春秋左氏傳類編序,春秋左氏傳類編序,1,scrape_output\raw\元朝\春秋左氏傳類編序\春秋左氏傳類編序__juan_01.txt,scrape_output\clean\元朝\春秋左氏傳類編序\春秋左氏傳類編序__juan_01.txt,509,465,0,separate,0.41258205689277894,wenyan-like,457,0.00437636761487965,0.13785557986870897,23.210526315789473,0,0
元朝,764997,春秋百問序,春秋百問序,春秋百問序,1,scrape_output\raw\元朝\春秋百問序\春秋百問序__juan_01.txt,scrape_output\clean\元朝\春秋百問序\春秋百問序__juan_01.txt,426,382,0,separate,0.4295698924731183,wenyan-like,372,0.005376344086021506,0.1478494623655914,22.5,0,0
元朝,885328,春自來,春自來,春自來,1,scrape_output\raw\元朝\春自來\春自來__juan_01.txt,scrape_output\clean\元朝\春自來\春自來__juan_01.txt,180,134,0,separate,0.008403361344537813,unknown,119,0.025210084033613446,0.04201680672268908,11.2,0,1
元朝,885654,春色浮山外,春色浮山外,春色浮山外,1,scrape_output\raw\元朝\春色浮山外\春色浮山外__juan_01.txt,scrape_output\clean\元朝\春色浮山外\春色浮山外__juan_01.txt,163,119,0,separate,0.05825242718446602,unknown,103,0.0,0.02912621359223301,8.727272727272727,0,1
元朝,1179356,春詞 (薩都剌),春詞 (薩都剌),春詞 (薩都剌),1,scrape_output\raw\元朝\春詞 (薩都剌)\春詞 (薩都剌)__juan_01.txt,scrape_output\clean\元朝\春詞 (薩都剌)\春詞 (薩都剌)__juan_01.txt,113,69,0,separate,0.06349206349206349,unknown,63,0.0,0.031746031746031744,12.0,0,1
元朝,886726,春詞二首,春詞二首,春詞二首,1,scrape_output\raw\元朝\春詞二首\春詞二首__juan_01.txt,scrape_output\clean\元朝\春詞二首\春詞二首__juan_01.txt,149,105,0,separate,0.042105263157894736,unknown,95,0.0,0.021052631578947368,12.857142857142858,0,1
元朝,1179677,春遊太真觀,春遊太真觀,春遊太真觀,1,scrape_output\raw\元朝\春遊太真觀\春遊太真觀__juan_01.txt,scrape_output\clean\元朝\春遊太真觀\春遊太真觀__juan_01.txt,149,105,0,separate,0.021052631578947368,unknown,95,0.0,0.010526315789473684,12.857142857142858,0,1
元朝,765289,春遠軒記,春遠軒記,春遠軒記,1,scrape_output\raw\元朝\春遠軒記\春遠軒記__juan_01.txt,scrape_output\clean\元朝\春遠軒記\春遠軒記__juan_01.txt,447,403,0,separate,0.46243654822335023,wenyan-like,394,0.015228426395939087,0.10406091370558376,25.466666666666665,0,0
元朝,886295,春雷琴,春雷琴,春雷琴,1,scrape_output\raw\元朝\春雷琴\春雷琴__juan_01.txt,scrape_output\clean\元朝\春雷琴\春雷琴__juan_01.txt,105,61,0,separate,0.03636363636363636,unknown,55,0.0,0.01818181818181818,10.4,0,1
元朝,136097,昭忠錄,昭忠錄,昭忠錄,1,scrape_output\raw\元朝\昭忠錄\昭忠錄__juan_01.txt,scrape_output\clean\元朝\昭忠錄\昭忠錄__juan_01.txt,21592,21308,0,separate,0.19115662650602408,wenyan-like,20750,0.011469879518072289,0.03778313253012048,21.05318039624609,0,0
元朝,768853,晚眺 (王冕),晚眺 (王冕),晚眺 (王冕),1,scrape_output\raw\元朝\晚眺 (王冕)\晚眺 (王冕)__juan_01.txt,scrape_output\clean\元朝\晚眺 (王冕)\晚眺 (王冕)__juan_01.txt,133,89,0,separate,0.02531645569620253,unknown,79,0.0,0.012658227848101266,10.571428571428571,0,1
元朝,885617,晚集瑤華殿,晚集瑤華殿,晚集瑤華殿,1,scrape_output\raw\元朝\晚集瑤華殿\晚集瑤華殿__juan_01.txt,scrape_output\clean\元朝\晚集瑤華殿\晚集瑤華殿__juan_01.txt,149,103,0,separate,0.021739130434782608,unknown,92,0.0,0.010869565217391304,10.875,0,1
元朝,1179337,晝臥雲際亭,晝臥雲際亭,晝臥雲際亭,1,scrape_output\raw\元朝\晝臥雲際亭\晝臥雲際亭__juan_01.txt,scrape_output\clean\元朝\晝臥雲際亭\晝臥雲際亭__juan_01.txt,133,89,0,separate,-0.012658227848101267,unknown,79,0.012658227848101266,0.012658227848101266,10.571428571428571,0,1
元朝,886470,晨詣香山禪寺觀兩閣前後玉簮,晨詣香山禪寺觀兩閣前後玉簮,晨詣香山禪寺觀兩閣前後玉簮,1,scrape_output\raw\元朝\晨詣香山禪寺觀兩閣前後玉簮\晨詣香山禪寺觀兩閣前後玉簮__juan_01.txt,scrape_output\clean\元朝\晨詣香山禪寺觀兩閣前後玉簮\晨詣香山禪寺觀兩閣前後玉簮__juan_01.txt,115,71,0,separate,0.031746031746031744,unknown,63,0.0,0.015873015873015872,8.571428571428571,0,1
元朝,886481,晨鷄,晨鷄,晨鷄,1,scrape_output\raw\元朝\晨鷄\晨鷄__juan_01.txt,scrape_output\clean\元朝\晨鷄\晨鷄__juan_01.txt,113,69,0,separate,0.031746031746031744,unknown,63,0.0,0.015873015873015872,12.0,0,1
元朝,886062,暮春登凌雲臺,暮春登凌雲臺,暮春登凌雲臺,1,scrape_output\raw\元朝\暮春登凌雲臺\暮春登凌雲臺__juan_01.txt,scrape_output\clean\元朝\暮春登凌雲臺\暮春登凌雲臺__juan_01.txt,149,105,0,separate,0.021052631578947368,unknown,95,0.0,0.010526315789473684,12.857142857142858,0,1
元朝,886367,暮春過劉氏園亭,暮春過劉氏園亭,暮春過劉氏園亭,1,scrape_output\raw\元朝\暮春過劉氏園亭\暮春過劉氏園亭__juan_01.txt,scrape_output\clean\元朝\暮春過劉氏園亭\暮春過劉氏園亭__juan_01.txt,113,69,0,separate,0.06349206349206349,unknown,63,0.0,0.031746031746031744,12.0,0,1
元朝,886363,暮春過故宫,暮春過故宫,暮春過故宫,1,scrape_output\raw\元朝\暮春過故宫\暮春過故宫__juan_01.txt,scrape_output\clean\元朝\暮春過故宫\暮春過故宫__juan_01.txt,113,69,0,separate,0.031746031746031744,unknown,63,0.0,0.015873015873015872,12.0,0,1
元朝,1179653,曉上石壁灘,曉上石壁灘,曉上石壁灘,1,scrape_output\raw\元朝\曉上石壁灘\曉上石壁灘__juan_01.txt,scrape_output\clean\元朝\曉上石壁灘\曉上石壁灘__juan_01.txt,185,141,0,separate,-0.031496062992125984,unknown,127,0.015748031496062992,0.007874015748031496,13.333333333333334,0,1
元朝,886345,曉發牛山驛,曉發牛山驛,曉發牛山驛,1,scrape_output\raw\元朝\曉發牛山驛\曉發牛山驛__juan_01.txt,scrape_output\clean\元朝\曉發牛山驛\曉發牛山驛__juan_01.txt,113,69,0,separate,0.031746031746031744,unknown,63,0.0,0.015873015873015872,12.0,0,1
元朝,886713,曉聞行宫遷居,曉聞行宫遷居,曉聞行宫遷居,1,scrape_output\raw\元朝\曉聞行宫遷居\曉聞行宫遷居__juan_01.txt,scrape_output\clean\元朝\曉聞行宫遷居\曉聞行宫遷居__juan_01.txt,113,69,0,separate,0.031746031746031744,unknown,63,0.0,0.015873015873015872,12.0,0,1
元朝,1179641,曉起 (薩都剌),曉起 (薩都剌),曉起 (薩都剌),1,scrape_output\raw\元朝\曉起 (薩都剌)\曉起 (薩都剌)__juan_01.txt,scrape_output\clean\元朝\曉起 (薩都剌)\曉起 (薩都剌)__juan_01.txt,149,105,0,separate,0.021052631578947368,unknown,95,0.0,0.010526315789473684,12.857142857142858,0,1
元朝,886669,曲延春,曲延春,曲延春,1,scrape_output\raw\元朝\曲延春\曲延春__juan_01.txt,scrape_output\clean\元朝\曲延春\曲延春__juan_01.txt,113,69,0,separate,0.06349206349206349,unknown,63,0.0,0.031746031746031744,12.0,0,1
元朝,886406,曲水遊,曲水遊,曲水遊,1,scrape_output\raw\元朝\曲水遊\曲水遊__juan_01.txt,scrape_output\clean\元朝\曲水遊\曲水遊__juan_01.txt,220,176,0,separate,0.05063291139240506,unknown,158,0.0,0.02531645569620253,10.714285714285714,0,1
元朝,886058,書三樂軒壁,書三樂軒壁,書三樂軒壁,1,scrape_output\raw\元朝\書三樂軒壁\書三樂軒壁__juan_01.txt,scrape_output\clean\元朝\書三樂軒壁\書三樂軒壁__juan_01.txt,149,105,0,separate,0.08421052631578947,unknown,95,0.0,0.042105263157894736,12.857142857142858,0,1
元朝,885630,書後堂壁,書後堂壁,書後堂壁,1,scrape_output\raw\元朝\書後堂壁\書後堂壁__juan_01.txt,scrape_output\clean\元朝\書後堂壁\書後堂壁__juan_01.txt,133,89,0,separate,0.02531645569620253,unknown,79,0.0,0.012658227848101266,10.571428571428571,0,1
元朝,765400,書烏馬沙侯德政記後,書烏馬沙侯德政記後,書烏馬沙侯德政記後,1,scrape_output\raw\元朝\書烏馬沙侯德政記後\書烏馬沙侯德政記後__juan_01.txt,scrape_output\clean\元朝\書烏馬沙侯德政記後\書烏馬沙侯德政記後__juan_01.txt,460,416,0,separate,0.35,wenyan-like,410,0.004878048780487805,0.1073170731707317,21.944444444444443,0,0
元朝,765265,書聲齋記,書聲齋記,書聲齋記,1,scrape_output\raw\元朝\書聲齋記\書聲齋記__juan_01.txt,scrape_output\clean\元朝\書聲齋記\書聲齋記__juan_01.txt,453,409,0,separate,0.36945137157107233,wenyan-like,401,0.004987531172069825,0.1172069825436409,24.25,0,0
元朝,765434,書負蝂傳後,書負蝂傳後,書負蝂傳後,1,scrape_output\raw\元朝\書負蝂傳後\書負蝂傳後__juan_01.txt,scrape_output\clean\元朝\書負蝂傳後\書負蝂傳後__juan_01.txt,275,231,0,separate,0.35888888888888887,wenyan-like,225,0.0044444444444444444,0.1111111111111111,16.615384615384617,0,0
元朝,765433,書錢氏世科記後,書錢氏世科記後,書錢氏世科記後,1,scrape_output\raw\元朝\書錢氏世科記後\書錢氏世科記後__juan_01.txt,scrape_output\clean\元朝\書錢氏世科記後\書錢氏世科記後__juan_01.txt,370,326,0,separate,0.45434782608695656,wenyan-like,322,0.006211180124223602,0.16149068322981366,23.923076923076923,0,0
元朝,886385,書齋展西墻,書齋展西墻,書齋展西墻,1,scrape_output\raw\元朝\書齋展西墻\書齋展西墻__juan_01.txt,scrape_output\clean\元朝\書齋展西墻\書齋展西墻__juan_01.txt,113,69,0,separate,-0.015873015873015872,unknown,63,0.015873015873015872,0.015873015873015872,12.0,0,1
元朝,765017,曹氏雪齋弦歌集序,曹氏雪齋弦歌集序,曹氏雪齋弦歌集序,1,scrape_output\raw\元朝\曹氏雪齋弦歌集序\曹氏雪齋弦歌集序__juan_01.txt,scrape_output\clean\元朝\曹氏雪齋弦歌集序\曹氏雪齋弦歌集序__juan_01.txt,573,529,0,separate,0.5088974854932302,wenyan-like,517,0.01160541586073501,0.1218568665377176,31.5,0,0
元朝,766454,曹雲西山水,曹雲西山水,曹雲西山水,1,scrape_output\raw\元朝\曹雲西山水\曹雲西山水__juan_01.txt,scrape_output\clean\元朝\曹雲西山水\曹雲西山水__juan_01.txt,203,159,0,separate,0.02877697841726619,unknown,139,0.0,0.014388489208633094,10.75,0,1
元朝,1179336,會杜清碧,會杜清碧,會杜清碧,1,scrape_output\raw\元朝\會杜清碧\會杜清碧__juan_01.txt,scrape_output\clean\元朝\會杜清碧\會杜清碧__juan_01.txt,189,145,0,separate,-0.007874015748031496,unknown,127,0.007874015748031496,0.007874015748031496,10.727272727272727,0,1
元朝,65828,月令七十二候集解,月令七十二候集解,月令七十二候集解,1,scrape_output\raw\元朝\月令七十二候集解\月令七十二候集解__juan_01.txt,scrape_output\clean\元朝\月令七十二候集解\月令七十二候集解__juan_01.txt,6278,5939,0,separate,0.16328689825427614,wenyan-like,5671,0.0045847293246341035,0.08852054311408923,14.192,0,0
元朝,886680,月宫遊,月宫遊,月宫遊,1,scrape_output\suspected_baihua\raw\元朝\月宫遊\月宫遊__juan_01.txt,scrape_output\suspected_baihua\clean\元朝\月宫遊\月宫遊__juan_01.txt,277,233,0,separate,-0.0045662100456621,baihua-like,219,0.0136986301369863,0.0182648401826484,12.352941176470589,0,0
元朝,765215,月山記,月山記,月山記,1,scrape_output\raw\元朝\月山記\月山記__juan_01.txt,scrape_output\clean\元朝\月山記\月山記__juan_01.txt,434,390,0,separate,0.3895833333333333,wenyan-like,384,0.020833333333333332,0.15104166666666666,20.555555555555557,0,0
元朝,886432,月臺雪霽,月臺雪霽,月臺雪霽,1,scrape_output\raw\元朝\月臺雪霽\月臺雪霽__juan_01.txt,scrape_output\clean\元朝\月臺雪霽\月臺雪霽__juan_01.txt,113,69,0,separate,0.031746031746031744,unknown,63,0.0,0.015873015873015872,12.0,0,1
元朝,886776,有以擬卞彬禽獸決録目為請者戲為賦此,有以擬卞彬禽獸決録目為請者戲為賦此,有以擬卞彬禽獸決録目為請者戲為賦此,1,scrape_output\raw\元朝\有以擬卞彬禽獸決録目為請者戲為賦此\有以擬卞彬禽獸決録目為請者戲為賦此__juan_01.txt,scrape_output\clean\元朝\有以擬卞彬禽獸決録目為請者戲為賦此\有以擬卞彬禽獸決録目為請者戲為賦此__juan_01.txt,140,96,0,separate,0.04444444444444444,unknown,90,0.022222222222222223,0.05555555555555555,14.333333333333334,0,1
元朝,768916,有感 (江南古客無寸田),有感 (江南古客無寸田),有感 (江南古客無寸田),1,scrape_output\raw\元朝\有感 (江南古客無寸田)\有感 (江南古客無寸田)__juan_01.txt,scrape_output\clean\元朝\有感 (江南古客無寸田)\有感 (江南古客無寸田)__juan_01.txt,329,285,0,separate,0.0196078431372549,wenyan-like,255,0.00392156862745098,0.01568627450980392,14.117647058823529,0,0
元朝,768905,有感 (王冕),有感 (王冕),有感 (王冕),1,scrape_output\raw\元朝\有感 (王冕)\有感 (王冕)__juan_01.txt,scrape_output\clean\元朝\有感 (王冕)\有感 (王冕)__juan_01.txt,189,145,0,separate,-0.031496062992125984,unknown,127,0.015748031496062992,0.007874015748031496,10.727272727272727,0,1
元朝,765288,有竹人家記,有竹人家記,有竹人家記,1,scrape_output\raw\元朝\有竹人家記\有竹人家記__juan_01.txt,scrape_output\clean\元朝\有竹人家記\有竹人家記__juan_01.txt,567,523,0,separate,0.39171539961013646,wenyan-like,513,0.003898635477582846,0.1267056530214425,17.428571428571427,0,0
元朝,317471,望南極,望南極,望南極,1,scrape_output\raw\元朝\望南極\望南極__juan_01.txt,scrape_output\clean\元朝\望南極\望南極__juan_01.txt,185,141,0,separate,0.09448818897637795,unknown,127,0.0,0.047244094488188976,13.333333333333334,0,1
元朝,1179332,望武夷,望武夷,望武夷,1,scrape_output\raw\元朝\望武夷\望武夷__juan_01.txt,scrape_output\clean\元朝\望武夷\望武夷__juan_01.txt,133,89,0,separate,0.02531645569620253,unknown,79,0.0,0.012658227848101266,10.571428571428571,0,1
元朝,1179478,望金陵,望金陵,望金陵,1,scrape_output\raw\元朝\望金陵\望金陵__juan_01.txt,scrape_output\clean\元朝\望金陵\望金陵__juan_01.txt,149,105,0,separate,0.021052631578947368,unknown,95,0.0,0.010526315789473684,12.857142857142858,0,1
元朝,765376,望雲軒記,望雲軒記,望雲軒記,1,scrape_output\raw\元朝\望雲軒記\望雲軒記__juan_01.txt,scrape_output\clean\元朝\望雲軒記\望雲軒記__juan_01.txt,439,395,0,separate,0.3607969151670951,wenyan-like,389,0.015424164524421594,0.12853470437017994,19.68421052631579,0,0
元朝,1179324,望鼓山,望鼓山,望鼓山,1,scrape_output\raw\元朝\望鼓山\望鼓山__juan_01.txt,scrape_output\clean\元朝\望鼓山\望鼓山__juan_01.txt,133,89,0,separate,0.0759493670886076,unknown,79,0.0,0.0379746835443038,10.571428571428571,0,1
元朝,107805,木天禁語,木天禁語,木天禁語,1,scrape_output\raw\元朝\木天禁語\木天禁語__juan_01.txt,scrape_output\clean\元朝\木天禁語\木天禁語__juan_01.txt,5261,5236,0,separate,0.036513545347467605,wenyan-like,4245,0.012014134275618375,0.036277974087161366,14.17607973421927,0,0
元朝,886746,木蘭花慢 (耶律鑄),木蘭花慢 (耶律鑄),木蘭花慢 (耶律鑄),1,scrape_output\raw\元朝\木蘭花慢 (耶律鑄)\木蘭花慢 (耶律鑄)__juan_01.txt,scrape_output\clean\元朝\木蘭花慢 (耶律鑄)\木蘭花慢 (耶律鑄)__juan_01.txt,205,161,0,separate,0.04195804195804196,unknown,143,0.0,0.02097902097902098,12.272727272727273,0,1
元朝,766453,朱家奴阮辭,朱家奴阮辭,朱家奴阮辭,1,scrape_output\raw\元朝\朱家奴阮辭\朱家奴阮辭__juan_01.txt,scrape_output\clean\元朝\朱家奴阮辭\朱家奴阮辭__juan_01.txt,231,187,0,separate,-0.06586826347305388,unknown,167,0.029940119760479042,0.011976047904191617,13.083333333333334,0,1
元朝,765174,朱明優戲序,朱明優戲序,朱明優戲序,1,scrape_output\raw\元朝\朱明優戲序\朱明優戲序__juan_01.txt,scrape_output\clean\元朝\朱明優戲序\朱明優戲序__juan_01.txt,411,367,0,separate,0.46434540389972145,wenyan-like,359,0.002785515320334262,0.08635097493036212,26.923076923076923,0,0
元朝,765285,朱氏德厚庵記,朱氏德厚庵記,朱氏德厚庵記,1,scrape_output\raw\元朝\朱氏德厚庵記\朱氏德厚庵記__juan_01.txt,scrape_output\clean\元朝\朱氏德厚庵記\朱氏德厚庵記__juan_01.txt,720,672,0,separate,0.3878787878787879,wenyan-like,660,0.007575757575757576,0.1303030303030303,20.548387096774192,0,0
元朝,765003,李仲虞詩序,李仲虞詩序,李仲虞詩序,1,scrape_output\raw\元朝\李仲虞詩序\李仲虞詩序__juan_01.txt,scrape_output\clean\元朝\李仲虞詩序\李仲虞詩序__juan_01.txt,490,446,0,separate,0.46278538812785386,wenyan-like,438,0.02054794520547945,0.1872146118721461,19.045454545454547,0,0
元朝,764811,李參政倡和詩序,李參政倡和詩序,李參政倡和詩序,1,scrape_output\raw\元朝\李參政倡和詩序\李參政倡和詩序__juan_01.txt,scrape_output\clean\元朝\李參政倡和詩序\李參政倡和詩序__juan_01.txt,337,293,0,separate,0.35415224913494814,wenyan-like,289,0.0034602076124567475,0.10726643598615918,23.25,0,0
元朝,765159,李庸宮詞序,李庸宮詞序,李庸宮詞序,1,scrape_output\raw\元朝\李庸宮詞序\李庸宮詞序__juan_01.txt,scrape_output\clean\元朝\李庸宮詞序\李庸宮詞序__juan_01.txt,352,308,0,separate,0.29333333333333333,wenyan-like,300,0.016666666666666666,0.09666666666666666,24.25,0,0
元朝,317469,李廷珪墨歌,李廷珪墨歌,李廷珪墨歌,1,scrape_output\raw\元朝\李廷珪墨歌\李廷珪墨歌__juan_01.txt,scrape_output\clean\元朝\李廷珪墨歌\李廷珪墨歌__juan_01.txt,275,231,0,separate,0.014492753623188408,wenyan-like,207,0.004830917874396135,0.014492753623188406,13.928571428571429,0,0
元朝,765336,李氏全歸庵記,李氏全歸庵記,李氏全歸庵記,1,scrape_output\raw\元朝\李氏全歸庵記\李氏全歸庵記__juan_01.txt,scrape_output\clean\元朝\李氏全歸庵記\李氏全歸庵記__juan_01.txt,809,765,0,separate,0.4033333333333333,wenyan-like,750,0.0026666666666666666,0.13066666666666665,22.625,0,0
元朝,768899,村居 (王冕),村居 (王冕),村居 (王冕),1,scrape_output\raw\元朝\村居 (王冕)\村居 (王冕)__juan_01.txt,scrape_output\clean\元朝\村居 (王冕)\村居 (王冕)__juan_01.txt,133,89,0,separate,-0.012658227848101267,unknown,79,0.012658227848101266,0.012658227848101266,10.571428571428571,0,1
元朝,885326,村行一篇未第時在大坂作,村行一篇未第時在大坂作,村行一篇未第時在大坂作,1,scrape_output\raw\元朝\村行一篇未第時在大坂作\村行一篇未第時在大坂作__juan_01.txt,scrape_output\clean\元朝\村行一篇未第時在大坂作\村行一篇未第時在大坂作__juan_01.txt,203,159,0,separate,0.05755395683453238,unknown,139,0.0,0.02877697841726619,10.75,0,1
元朝,765178,杭州路重建北門迎恩館記,杭州路重建北門迎恩館記,杭州路重建北門迎恩館記,1,scrape_output\raw\元朝\杭州路重建北門迎恩館記\杭州路重建北門迎恩館記__juan_01.txt,scrape_output\clean\元朝\杭州路重建北門迎恩館記\杭州路重建北門迎恩館記__juan_01.txt,703,657,0,separate,0.31692667706708266,wenyan-like,641,0.0109204368174727,0.0998439937597504,19.903225806451612,0,0
元朝,765462,杭州龍翔宮重建碑,杭州龍翔宮重建碑,杭州龍翔宮重建碑,1,scrape_output\raw\元朝\杭州龍翔宮重建碑\杭州龍翔宮重建碑__juan_01.txt,scrape_output\clean\元朝\杭州龍翔宮重建碑\杭州龍翔宮重建碑__juan_01.txt,1053,1009,0,separate,0.21646525679758308,wenyan-like,993,0.008056394763343404,0.045317220543806644,22.857142857142858,0,0
元朝,107090,東南紀聞,東南紀聞,東南紀聞,1,scrape_output\raw\元朝\東南紀聞\東南紀聞__juan_01.txt,scrape_output\clean\元朝\東南紀聞\東南紀聞__juan_01.txt,15421,15405,0,separate,0.26605733824302996,wenyan-like,15208,0.008219358232509206,0.0703577064702788,19.32133333333333,0,0
元朝,108795,東坡詩話,東坡詩話,東坡詩話,1,scrape_output\raw\元朝\東坡詩話\東坡詩話__juan_01.txt,scrape_output\clean\元朝\東坡詩話\東坡詩話__juan_01.txt,18399,18348,0,separate,0.014335553441167138,wenyan-like,15765,0.017507136060894386,0.03342848081192515,13.415850400712378,0,0
元朝,600975,東城李微子微,東城李微子微,東城李微子微,1,scrape_output\raw\元朝\東城李微子微\東城李微子微__juan_01.txt,scrape_output\clean\元朝\東城李微子微\東城李微子微__juan_01.txt,217,173,0,separate,0.0,unknown,151,0.013245033112582781,0.019867549668874173,10.76923076923077,0,1
元朝,159906,東堂老勸破家子弟,東堂老勸破家子弟,東堂老勸破家子弟,1,scrape_output\suspected_baihua\raw\元朝\東堂老勸破家子弟\東堂老勸破家子弟__juan_01.txt,scrape_output\suspected_baihua\clean\元朝\東堂老勸破家子弟\東堂老勸破家子弟__juan_01.txt,19193,15951,0,separate,-0.15158629441624366,baihua-like,15760,0.0657994923857868,0.022906091370558376,14.685515873015873,0,0
元朝,600990,東明張特立文舉,東明張特立文舉,東明張特立文舉,1,scrape_output\raw\元朝\東明張特立文舉\東明張特立文舉__juan_01.txt,scrape_output\clean\元朝\東明張特立文舉\東明張特立文舉__juan_01.txt,149,105,0,separate,-0.052631578947368425,unknown,95,0.031578947368421054,0.021052631578947368,12.857142857142858,0,1
元朝,765301,松室記,松室記,松室記,1,scrape_output\raw\元朝\松室記\松室記__juan_01.txt,scrape_output\clean\元朝\松室記\松室記__juan_01.txt,523,479,0,separate,0.41068376068376067,wenyan-like,468,0.008547008547008548,0.14316239316239315,21.571428571428573,0,0
元朝,765287,松月寮記,松月寮記,松月寮記,1,scrape_output\raw\元朝\松月寮記\松月寮記__juan_01.txt,scrape_output\clean\元朝\松月寮記\松月寮記__juan_01.txt,639,595,0,separate,0.26111111111111107,wenyan-like,585,0.02564102564102564,0.09401709401709402,22.52,0,0
元朝,886091,松聲 (耶律鑄),松聲 (耶律鑄),松聲 (耶律鑄),1,scrape_output\suspected_baihua\raw\元朝\松聲 (耶律鑄)\松聲 (耶律鑄)__juan_01.txt,scrape_output\suspected_baihua\clean\元朝\松聲 (耶律鑄)\松聲 (耶律鑄)__juan_01.txt,375,329,0,separate,-0.0273037542662116,baihua-like,293,0.020477815699658702,0.017064846416382253,13.142857142857142,0,0
元朝,886494,松聲 (風低滿地蛟螭走),松聲 (風低滿地蛟螭走),松聲 (風低滿地蛟螭走),1,scrape_output\raw\元朝\松聲 (風低滿地蛟螭走)\松聲 (風低滿地蛟螭走)__juan_01.txt,scrape_output\clean\元朝\松聲 (風低滿地蛟螭走)\松聲 (風低滿地蛟螭走)__juan_01.txt,113,69,0,separate,-0.015873015873015872,unknown,63,0.015873015873015872,0.015873015873015872,12.0,0,1
元朝,885458,松聲行,松聲行,松聲行,1,scrape_output\raw\元朝\松聲行\松聲行__juan_01.txt,scrape_output\clean\元朝\松聲行\松聲行__juan_01.txt,221,177,0,separate,0.01935483870967742,unknown,155,0.0064516129032258064,0.01935483870967742,9.733333333333333,0,1
元朝,1092955,松風閣記,松風閣記,松風閣記,1,scrape_output\raw\元朝\松風閣記\松風閣記__juan_01.txt,scrape_output\clean\元朝\松風閣記\松風閣記__juan_01.txt,383,339,0,separate,0.2902439024390244,wenyan-like,328,0.006097560975609756,0.07926829268292683,21.066666666666666,0,0
元朝,162965,松齋梅譜,松齋梅譜/0,松齋梅譜,1,scrape_output\raw\元朝\松齋梅譜\松齋梅譜__juan_01.txt,scrape_output\clean\元朝\松齋梅譜\松齋梅譜__juan_01.txt,550,505,0,separate,0.2630280911302809,wenyan-like,9042,0.0143773501437735,0.0780800707808007,16.37904761904762,0,0
元朝,162965,松齋梅譜,松齋梅譜/1,松齋梅譜,2,scrape_output\raw\元朝\松齋梅譜\松齋梅譜__juan_02.txt,scrape_output\clean\元朝\松齋梅譜\松齋梅譜__juan_02.txt,4913,4868,0,separate,0.2630280911302809,wenyan-like,9042,0.0143773501437735,0.0780800707808007,16.37904761904762,0,0
元朝,162965,松齋梅譜,松齋梅譜/2,松齋梅譜,3,scrape_output\raw\元朝\松齋梅譜\松齋梅譜__juan_03.txt,scrape_output\clean\元朝\松齋梅譜\松齋梅譜__juan_03.txt,3549,3504,0,separate,0.2630280911302809,wenyan-like,9042,0.0143773501437735,0.0780800707808007,16.37904761904762,0,0
元朝,162965,松齋梅譜,松齋梅譜/3,松齋梅譜,4,scrape_output\raw\元朝\松齋梅譜\松齋梅譜__juan_04.txt,scrape_output\clean\元朝\松齋梅譜\松齋梅譜__juan_04.txt,839,794,0,separate,0.2630280911302809,wenyan-like,9042,0.0143773501437735,0.0780800707808007,16.37904761904762,0,0
元朝,600977,析津李惟寅舜臣 (地僻心偏遠),析津李惟寅舜臣 (地僻心偏遠),析津李惟寅舜臣 (地僻心偏遠),1,scrape_output\raw\元朝\析津李惟寅舜臣 (地僻心偏遠)\析津李惟寅舜臣 (地僻心偏遠)__juan_01.txt,scrape_output\clean\元朝\析津李惟寅舜臣 (地僻心偏遠)\析津李惟寅舜臣 (地僻心偏遠)__juan_01.txt,133,89,0,separate,-0.012658227848101267,unknown,79,0.012658227848101266,0.012658227848101266,10.571428571428571,0,1
元朝,600976,析津李惟寅舜臣 (浩浩干戈裏),析津李惟寅舜臣 (浩浩干戈裏),析津李惟寅舜臣 (浩浩干戈裏),1,scrape_output\raw\元朝\析津李惟寅舜臣 (浩浩干戈裏)\析津李惟寅舜臣 (浩浩干戈裏)__juan_01.txt,scrape_output\clean\元朝\析津李惟寅舜臣 (浩浩干戈裏)\析津李惟寅舜臣 (浩浩干戈裏)__juan_01.txt,133,89,0,separate,0.0759493670886076,unknown,79,0.0,0.0379746835443038,10.571428571428571,0,1
元朝,886032,枕流亭,枕流亭,枕流亭,1,scrape_output\raw\元朝\枕流亭\枕流亭__juan_01.txt,scrape_output\clean\元朝\枕流亭\枕流亭__juan_01.txt,149,105,0,separate,0.021052631578947368,unknown,95,0.0,0.010526315789473684,12.857142857142858,0,1
元朝,101927,林外野言,林外野言/卷上,林外野言,1,scrape_output\raw\元朝\林外野言\林外野言__juan_01.txt,scrape_output\clean\元朝\林外野言\林外野言__juan_01.txt,4661,4576,0,separate,0.20409610983981694,wenyan-like,10925,0.009244851258581236,0.04091533180778032,23.933920704845814,0,0
元朝,101927,林外野言,林外野言/卷下,林外野言,2,scrape_output\raw\元朝\林外野言\林外野言__juan_02.txt,scrape_output\clean\元朝\林外野言\林外野言__juan_02.txt,7513,7502,0,separate,0.20409610983981694,wenyan-like,10925,0.009244851258581236,0.04091533180778032,23.933920704845814,0,0
元朝,1179673,枯荷,枯荷,枯荷,1,scrape_output\raw\元朝\枯荷\枯荷__juan_01.txt,scrape_output\clean\元朝\枯荷\枯荷__juan_01.txt,149,105,0,separate,0.021052631578947368,unknown,95,0.0,0.010526315789473684,12.857142857142858,0,1
元朝,768843,柯博士畫竹,柯博士畫竹,柯博士畫竹,1,scrape_output\raw\元朝\柯博士畫竹\柯博士畫竹__juan_01.txt,scrape_output\clean\元朝\柯博士畫竹\柯博士畫竹__juan_01.txt,249,205,0,separate,0.0273224043715847,unknown,183,0.00546448087431694,0.02185792349726776,13.307692307692308,0,1
元朝,1197957,根本說一切有部出家授近圓羯磨儀範,根本說一切有部出家授近圓羯磨儀範,根本說一切有部出家授近圓羯磨儀範,1,scrape_output\raw\元朝\根本說一切有部出家授近圓羯磨儀範\根本說一切有部出家授近圓羯磨儀範__juan_01.txt,scrape_output\clean\元朝\根本說一切有部出家授近圓羯磨儀範\根本說一切有部出家授近圓羯磨儀範__juan_01.txt,11151,11112,0,separate,0.04467793513019644,wenyan-like,10945,0.0075833714024668795,0.03371402466879854,6.318424566088117,0,0
元朝,1198125,根本說一切有部苾芻習學略法,根本說一切有部苾芻習學略法,根本說一切有部苾芻習學略法,1,scrape_output\raw\元朝\根本說一切有部苾芻習學略法\根本說一切有部苾芻習學略法__juan_01.txt,scrape_output\clean\元朝\根本說一切有部苾芻習學略法\根本說一切有部苾芻習學略法__juan_01.txt,4699,4693,0,separate,0.09814207650273224,wenyan-like,4575,0.020765027322404372,0.08021857923497268,7.797709923664122,0,0
元朝,762878,格致餘論,格致餘論,格致餘論,1,scrape_output\raw\元朝\格致餘論\格致餘論__juan_01.txt,scrape_output\clean\元朝\格致餘論\格致餘論__juan_01.txt,27300,27085,0,separate,0.2844150490894102,wenyan-like,26686,0.009705463538934273,0.0817657198531065,20.292760540970566,0,0
元朝,765315,桂隱記,桂隱記,桂隱記,1,scrape_output\raw\元朝\桂隱記\桂隱記__juan_01.txt,scrape_output\clean\元朝\桂隱記\桂隱記__juan_01.txt,608,564,0,separate,0.35795660036166366,wenyan-like,553,0.012658227848101266,0.12296564195298372,19.666666666666668,0,0
元朝,886412,桃源 (耶律鑄),桃源 (耶律鑄),桃源 (耶律鑄),1,scrape_output\raw\元朝\桃源 (耶律鑄)\桃源 (耶律鑄)__juan_01.txt,scrape_output\clean\元朝\桃源 (耶律鑄)\桃源 (耶律鑄)__juan_01.txt,149,105,0,separate,0.042105263157894736,unknown,95,0.0,0.021052631578947368,12.857142857142858,0,1
元朝,886700,桃花源上避秦人扇頭,桃花源上避秦人扇頭,桃花源上避秦人扇頭,1,scrape_output\raw\元朝\桃花源上避秦人扇頭\桃花源上避秦人扇頭__juan_01.txt,scrape_output\clean\元朝\桃花源上避秦人扇頭\桃花源上避秦人扇頭__juan_01.txt,113,69,0,separate,0.031746031746031744,unknown,63,0.0,0.015873015873015872,12.0,0,1
元朝,885775,桃花源别業重理舊藳戯題,桃花源别業重理舊藳戯題,桃花源别業重理舊藳戯題,1,scrape_output\raw\元朝\桃花源别業重理舊藳戯題\桃花源别業重理舊藳戯題__juan_01.txt,scrape_output\clean\元朝\桃花源别業重理舊藳戯題\桃花源别業重理舊藳戯題__juan_01.txt,149,105,0,separate,0.08421052631578947,unknown,95,0.0,0.042105263157894736,12.857142857142858,0,1
元朝,886479,桃花馬二首,桃花馬二首,桃花馬二首,1,scrape_output\raw\元朝\桃花馬二首\桃花馬二首__juan_01.txt,scrape_output\clean\元朝\桃花馬二首\桃花馬二首__juan_01.txt,172,126,0,separate,0.03508771929824561,unknown,114,0.0,0.017543859649122806,12.0,0,1
元朝,1179610,梅仙山行,梅仙山行,梅仙山行,1,scrape_output\raw\元朝\梅仙山行\梅仙山行__juan_01.txt,scrape_output\clean\元朝\梅仙山行\梅仙山行__juan_01.txt,329,285,0,separate,0.027450980392156862,wenyan-like,255,0.00392156862745098,0.0196078431372549,14.117647058823529,0,0
元朝,1179575,梅棠曲,梅棠曲,梅棠曲,1,scrape_output\raw\元朝\梅棠曲\梅棠曲__juan_01.txt,scrape_output\clean\元朝\梅棠曲\梅棠曲__juan_01.txt,221,177,0,separate,-0.0062893081761006275,unknown,159,0.018867924528301886,0.025157232704402517,13.636363636363637,0,1
元朝,180755,梅磵诗话,梅磵诗话,梅磵诗话,1,scrape_output\raw\元朝\梅磵诗话\梅磵诗话__juan_01.txt,scrape_output\clean\元朝\梅磵诗话\梅磵诗话__juan_01.txt,29270,29261,0,separate,0.06776062470761812,wenyan-like,27789,0.009752060167692252,0.04850840260534744,13.898474487112047,0,0
元朝,768851,梅花 (王冕),梅花 (王冕),梅花 (王冕),1,scrape_output\suspected_baihua\raw\元朝\梅花 (王冕)\梅花 (王冕)__juan_01.txt,scrape_output\suspected_baihua\clean\元朝\梅花 (王冕)\梅花 (王冕)__juan_01.txt,373,329,0,separate,-0.010238907849829351,baihua-like,293,0.010238907849829351,0.010238907849829351,13.8,0,0
元朝,768879,梅花二首 (王冕),梅花二首 (王冕),梅花二首 (王冕),1,scrape_output\raw\元朝\梅花二首 (王冕)\梅花二首 (王冕)__juan_01.txt,scrape_output\clean\元朝\梅花二首 (王冕)\梅花二首 (王冕)__juan_01.txt,149,105,0,separate,-0.010526315789473686,unknown,95,0.010526315789473684,0.010526315789473684,12.857142857142858,0,1
元朝,768865,梅花屋,梅花屋,梅花屋,1,scrape_output\raw\元朝\梅花屋\梅花屋__juan_01.txt,scrape_output\clean\元朝\梅花屋\梅花屋__juan_01.txt,279,235,0,separate,0.018099547511312215,wenyan-like,221,0.00904977375565611,0.02262443438914027,11.555555555555555,0,0
元朝,886445,梅花引 (耶律鑄),梅花引 (耶律鑄),梅花引 (耶律鑄),1,scrape_output\raw\元朝\梅花引 (耶律鑄)\梅花引 (耶律鑄)__juan_01.txt,scrape_output\clean\元朝\梅花引 (耶律鑄)\梅花引 (耶律鑄)__juan_01.txt,167,123,0,separate,0.017699115044247787,unknown,113,0.0,0.008849557522123894,12.0,0,1
元朝,876398,梅華傳,梅華傳,梅華傳,1,scrape_output\raw\元朝\梅華傳\梅華傳__juan_01.txt,scrape_output\clean\元朝\梅華傳\梅華傳__juan_01.txt,606,562,0,separate,0.3931899641577061,wenyan-like,558,0.007168458781362007,0.05734767025089606,69.0,0,0
元朝,886096,梅魂得香字,梅魂得香字,梅魂得香字,1,scrape_output\raw\元朝\梅魂得香字\梅魂得香字__juan_01.txt,scrape_output\clean\元朝\梅魂得香字\梅魂得香字__juan_01.txt,278,232,0,separate,0.009615384615384616,wenyan-like,208,0.0,0.004807692307692308,12.4375,0,0
元朝,765013,梧溪詩集序,梧溪詩集序,梧溪詩集序,1,scrape_output\raw\元朝\梧溪詩集序\梧溪詩集序__juan_01.txt,scrape_output\clean\元朝\梧溪詩集序\梧溪詩集序__juan_01.txt,544,500,0,separate,0.49183673469387756,wenyan-like,490,0.00816326530612245,0.10816326530612246,26.38888888888889,0,0
元朝,1179664,梳頭樂府,梳頭樂府,梳頭樂府,1,scrape_output\raw\元朝\梳頭樂府\梳頭樂府__juan_01.txt,scrape_output\clean\元朝\梳頭樂府\梳頭樂府__juan_01.txt,185,141,0,separate,-0.007874015748031496,unknown,127,0.007874015748031496,0.007874015748031496,13.333333333333334,0,1
元朝,886131,楊妃菊,楊妃菊,楊妃菊,1,scrape_output\raw\元朝\楊妃菊\楊妃菊__juan_01.txt,scrape_output\clean\元朝\楊妃菊\楊妃菊__juan_01.txt,151,107,0,separate,0.08421052631578947,unknown,95,0.0,0.042105263157894736,10.0,0,1
元朝,886471,楊妃菊 (追尋秋色到東籬),楊妃菊 (追尋秋色到東籬),楊妃菊 (追尋秋色到東籬),1,scrape_output\raw\元朝\楊妃菊 (追尋秋色到東籬)\楊妃菊 (追尋秋色到東籬)__juan_01.txt,scrape_output\clean\元朝\楊妃菊 (追尋秋色到東籬)\楊妃菊 (追尋秋色到東籬)__juan_01.txt,164,118,0,separate,-0.03773584905660378,unknown,106,0.018867924528301886,0.009433962264150943,11.11111111111111,0,1
元朝,764963,楊文舉文集序,楊文舉文集序,楊文舉文集序,1,scrape_output\raw\元朝\楊文舉文集序\楊文舉文集序__juan_01.txt,scrape_output\clean\元朝\楊文舉文集序\楊文舉文集序__juan_01.txt,550,506,0,separate,0.45040322580645165,wenyan-like,496,0.006048387096774193,0.1592741935483871,23.95,0,0
元朝,114435,楊維楨集,楊維楨集/29,楊維楨集,1,scrape_output\raw\元朝\楊維楨集\楊維楨集__juan_01.txt,scrape_output\clean\元朝\楊維楨集\楊維楨集__juan_01.txt,5450,5405,0,separate,0.23819432352429043,wenyan-like,11486,0.007400313425039178,0.05519763189970399,17.068642745709827,0,0
元朝,114435,楊維楨集,楊維楨集/30,楊維楨集,2,scrape_output\raw\元朝\楊維楨集\楊維楨集__juan_02.txt,scrape_output\clean\元朝\楊維楨集\楊維楨集__juan_02.txt,4441,4397,0,separate,0.23819432352429043,wenyan-like,11486,0.007400313425039178,0.05519763189970399,17.068642745709827,0,0
元朝,114435,楊維楨集,楊維楨集/31,楊維楨集,3,scrape_output\raw\元朝\楊維楨集\楊維楨集__juan_03.txt,scrape_output\clean\元朝\楊維楨集\楊維楨集__juan_03.txt,2096,2052,0,separate,0.23819432352429043,wenyan-like,11486,0.007400313425039178,0.05519763189970399,17.068642745709827,0,0
元朝,886472,楊花 (耶律鑄),楊花 (耶律鑄),楊花 (耶律鑄),1,scrape_output\raw\元朝\楊花 (耶律鑄)\楊花 (耶律鑄)__juan_01.txt,scrape_output\clean\元朝\楊花 (耶律鑄)\楊花 (耶律鑄)__juan_01.txt,116,72,0,separate,0.031746031746031744,unknown,63,0.0,0.015873015873015872,7.5,0,1
元朝,1179574,楊花曲 (薩都剌),楊花曲 (薩都剌),楊花曲 (薩都剌),1,scrape_output\raw\元朝\楊花曲 (薩都剌)\楊花曲 (薩都剌)__juan_01.txt,scrape_output\clean\元朝\楊花曲 (薩都剌)\楊花曲 (薩都剌)__juan_01.txt,185,141,0,separate,0.015748031496062992,unknown,127,0.0,0.007874015748031496,13.333333333333334,0,1
元朝,765245,榆溪草堂記,榆溪草堂記,榆溪草堂記,1,scrape_output\raw\元朝\榆溪草堂記\榆溪草堂記__juan_01.txt,scrape_output\clean\元朝\榆溪草堂記\榆溪草堂記__juan_01.txt,383,339,0,separate,0.27349397590361446,wenyan-like,332,0.0030120481927710845,0.06626506024096386,23.0,0,0
元朝,765307,槐圃記,槐圃記,槐圃記,1,scrape_output\raw\元朝\槐圃記\槐圃記__juan_01.txt,scrape_output\clean\元朝\槐圃記\槐圃記__juan_01.txt,604,560,0,separate,0.46272727272727276,wenyan-like,550,0.0,0.15636363636363637,22.041666666666668,0,0
元朝,765246,槐陰亭記,槐陰亭記,槐陰亭記,1,scrape_output\raw\元朝\槐陰亭記\槐陰亭記__juan_01.txt,scrape_output\clean\元朝\槐陰亭記\槐陰亭記__juan_01.txt,378,334,0,separate,0.4291411042944785,wenyan-like,326,0.003067484662576687,0.1441717791411043,18.352941176470587,0,0
元朝,886674,樂毅,樂毅,樂毅,1,scrape_output\raw\元朝\樂毅\樂毅__juan_01.txt,scrape_output\clean\元朝\樂毅\樂毅__juan_01.txt,113,69,0,separate,0.031746031746031744,unknown,63,0.0,0.015873015873015872,12.0,0,1
元朝,886294,樂聖齋對酒吟,樂聖齋對酒吟,樂聖齋對酒吟,1,scrape_output\raw\元朝\樂聖齋對酒吟\樂聖齋對酒吟__juan_01.txt,scrape_output\clean\元朝\樂聖齋對酒吟\樂聖齋對酒吟__juan_01.txt,105,61,0,separate,0.03636363636363636,unknown,55,0.0,0.01818181818181818,10.4,0,1
元朝,765194,樊公廟食記,樊公廟食記,樊公廟食記,1,scrape_output\raw\元朝\樊公廟食記\樊公廟食記__juan_01.txt,scrape_output\clean\元朝\樊公廟食記\樊公廟食記__juan_01.txt,835,773,0,separate,0.1218206157965194,wenyan-like,747,0.012048192771084338,0.07898259705488621,14.63265306122449,0,0
元朝,886665,横笛引四首,横笛引四首,横笛引四首,1,scrape_output\raw\元朝\横笛引四首\横笛引四首__juan_01.txt,scrape_output\clean\元朝\横笛引四首\横笛引四首__juan_01.txt,384,340,0,separate,0.049342105263157895,wenyan-like,304,0.003289473684210526,0.029605263157894735,11.076923076923077,0,0
元朝,876661,櫻桃賦 (程從龍),櫻桃賦 (程從龍),櫻桃賦 (程從龍),1,scrape_output\raw\元朝\櫻桃賦 (程從龍)\櫻桃賦 (程從龍)__juan_01.txt,scrape_output\clean\元朝\櫻桃賦 (程從龍)\櫻桃賦 (程從龍)__juan_01.txt,424,380,0,separate,0.4390374331550802,wenyan-like,374,0.016042780748663103,0.09358288770053476,74.2,0,0
元朝,768901,次古詩韻,次古詩韻,次古詩韻,1,scrape_output\raw\元朝\次古詩韻\次古詩韻__juan_01.txt,scrape_output\clean\元朝\次古詩韻\次古詩韻__juan_01.txt,133,89,0,separate,0.05063291139240506,unknown,79,0.0,0.02531645569620253,10.571428571428571,0,1
元朝,1179445,次學士盧疏齋題贈句容唐别駕,次學士盧疏齋題贈句容唐别駕,次學士盧疏齋題贈句容唐别駕,1,scrape_output\raw\元朝\次學士盧疏齋題贈句容唐别駕\次學士盧疏齋題贈句容唐别駕__juan_01.txt,scrape_output\clean\元朝\次學士盧疏齋題贈句容唐别駕\次學士盧疏齋題贈句容唐别駕__juan_01.txt,149,105,0,separate,-0.04210526315789474,unknown,95,0.021052631578947368,0.010526315789473684,12.857142857142858,0,1
元朝,1179266,次崔鎮壁間韻,次崔鎮壁間韻,次崔鎮壁間韻,1,scrape_output\raw\元朝\次崔鎮壁間韻\次崔鎮壁間韻__juan_01.txt,scrape_output\clean\元朝\次崔鎮壁間韻\次崔鎮壁間韻__juan_01.txt,133,89,0,separate,0.02531645569620253,unknown,79,0.0,0.012658227848101266,10.571428571428571,0,1
元朝,886175,次張子敬游玊泉詩韻,次張子敬游玊泉詩韻,次張子敬游玊泉詩韻,1,scrape_output\raw\元朝\次張子敬游玊泉詩韻\次張子敬游玊泉詩韻__juan_01.txt,scrape_output\clean\元朝\次張子敬游玊泉詩韻\次張子敬游玊泉詩韻__juan_01.txt,149,105,0,separate,0.021052631578947368,unknown,95,0.0,0.010526315789473684,12.857142857142858,0,1
元朝,1179486,次張舉韻題皖山金氏綉野亭,次張舉韻題皖山金氏綉野亭,次張舉韻題皖山金氏綉野亭,1,scrape_output\raw\元朝\次張舉韻題皖山金氏綉野亭\次張舉韻題皖山金氏綉野亭__juan_01.txt,scrape_output\clean\元朝\次張舉韻題皖山金氏綉野亭\次張舉韻題皖山金氏綉野亭__juan_01.txt,149,105,0,separate,0.042105263157894736,unknown,95,0.0,0.021052631578947368,12.857142857142858,0,1
元朝,1179413,次王叔能侍御史,次王叔能侍御史,次王叔能侍御史,1,scrape_output\raw\元朝\次王叔能侍御史\次王叔能侍御史__juan_01.txt,scrape_output\clean\元朝\次王叔能侍御史\次王叔能侍御史__juan_01.txt,113,69,0,separate,0.031746031746031744,unknown,63,0.0,0.015873015873015872,12.0,0,1
元朝,1179299,次王御史韻,次王御史韻,次王御史韻,1,scrape_output\raw\元朝\次王御史韻\次王御史韻__juan_01.txt,scrape_output\clean\元朝\次王御史韻\次王御史韻__juan_01.txt,133,89,0,separate,0.05063291139240506,unknown,79,0.0,0.02531645569620253,10.571428571428571,0,1
元朝,886612,次盧希謝冬日桃花詩韻,次盧希謝冬日桃花詩韻,次盧希謝冬日桃花詩韻,1,scrape_output\raw\元朝\次盧希謝冬日桃花詩韻\次盧希謝冬日桃花詩韻__juan_01.txt,scrape_output\clean\元朝\次盧希謝冬日桃花詩韻\次盧希謝冬日桃花詩韻__juan_01.txt,113,69,0,separate,0.031746031746031744,unknown,63,0.0,0.015873015873015872,12.0,0,1
元朝,1179308,次繁昌邑宰梅雙溪韻,次繁昌邑宰梅雙溪韻,次繁昌邑宰梅雙溪韻,1,scrape_output\raw\元朝\次繁昌邑宰梅雙溪韻\次繁昌邑宰梅雙溪韻__juan_01.txt,scrape_output\clean\元朝\次繁昌邑宰梅雙溪韻\次繁昌邑宰梅雙溪韻__juan_01.txt,147,103,0,separate,0.08791208791208792,unknown,91,0.0,0.04395604395604396,10.625,0,1
元朝,886176,次趙虎岩過玉泉懐古韻,次趙虎岩過玉泉懐古韻,次趙虎岩過玉泉懐古韻,1,scrape_output\raw\元朝\次趙虎岩過玉泉懐古韻\次趙虎岩過玉泉懐古韻__juan_01.txt,scrape_output\clean\元朝\次趙虎岩過玉泉懐古韻\次趙虎岩過玉泉懐古韻__juan_01.txt,149,105,0,separate,0.05263157894736842,unknown,95,0.010526315789473684,0.042105263157894736,12.857142857142858,0,1
元朝,886611,次趙虎巖春思詩韻,次趙虎巖春思詩韻,次趙虎巖春思詩韻,1,scrape_output\raw\元朝\次趙虎巖春思詩韻\次趙虎巖春思詩韻__juan_01.txt,scrape_output\clean\元朝\次趙虎巖春思詩韻\次趙虎巖春思詩韻__juan_01.txt,113,69,0,separate,0.031746031746031744,unknown,63,0.0,0.015873015873015872,12.0,0,1
元朝,886613,次趙虎巖詩韻,次趙虎巖詩韻,次趙虎巖詩韻,1,scrape_output\raw\元朝\次趙虎巖詩韻\次趙虎巖詩韻__juan_01.txt,scrape_output\clean\元朝\次趙虎巖詩韻\次趙虎巖詩韻__juan_01.txt,185,141,0,separate,0.03937007874015748,unknown,127,0.007874015748031496,0.031496062992125984,13.333333333333334,0,1
元朝,886173,次趙虎巖遊香山故宫詩韻,次趙虎巖遊香山故宫詩韻,次趙虎巖遊香山故宫詩韻,1,scrape_output\raw\元朝\次趙虎巖遊香山故宫詩韻\次趙虎巖遊香山故宫詩韻__juan_01.txt,scrape_output\clean\元朝\次趙虎巖遊香山故宫詩韻\次趙虎巖遊香山故宫詩韻__juan_01.txt,149,105,0,separate,-0.04210526315789474,unknown,95,0.021052631578947368,0.010526315789473684,12.857142857142858,0,1
元朝,886614,次趙虎巖過玉泉懷古韻,次趙虎巖過玉泉懷古韻,次趙虎巖過玉泉懷古韻,1,scrape_output\raw\元朝\次趙虎巖過玉泉懷古韻\次趙虎巖過玉泉懷古韻__juan_01.txt,scrape_output\clean\元朝\次趙虎巖過玉泉懷古韻\次趙虎巖過玉泉懷古韻__juan_01.txt,149,105,0,separate,0.06315789473684211,unknown,95,0.0,0.031578947368421054,12.857142857142858,0,1
元朝,1179531,次韻三首,次韻三首,次韻三首,1,scrape_output\raw\元朝\次韻三首\次韻三首__juan_01.txt,scrape_output\clean\元朝\次韻三首\次韻三首__juan_01.txt,293,249,0,separate,0.0,wenyan-like,223,0.008968609865470852,0.013452914798206279,14.0,0,0
元朝,1179636,次韻休上人見寄,次韻休上人見寄,次韻休上人見寄,1,scrape_output\raw\元朝\次韻休上人見寄\次韻休上人見寄__juan_01.txt,scrape_output\clean\元朝\次韻休上人見寄\次韻休上人見寄__juan_01.txt,149,105,0,separate,0.010526315789473682,unknown,95,0.010526315789473684,0.021052631578947368,12.857142857142858,0,1
元朝,1179541,次韻登凌歊臺,次韻登凌歊臺,次韻登凌歊臺,1,scrape_output\raw\元朝\次韻登凌歊臺\次韻登凌歊臺__juan_01.txt,scrape_output\clean\元朝\次韻登凌歊臺\次韻登凌歊臺__juan_01.txt,149,105,0,separate,0.042105263157894736,unknown,95,0.0,0.021052631578947368,12.857142857142858,0,1
元朝,768854,次韻答王敬助,次韻答王敬助,次韻答王敬助,1,scrape_output\raw\元朝\次韻答王敬助\次韻答王敬助__juan_01.txt,scrape_output\clean\元朝\次韻答王敬助\次韻答王敬助__juan_01.txt,133,89,0,separate,0.05063291139240506,unknown,79,0.0,0.02531645569620253,10.571428571428571,0,1
元朝,1179232,次韻與德明小友,次韻與德明小友,次韻與德明小友,1,scrape_output\raw\元朝\次韻與德明小友\次韻與德明小友__juan_01.txt,scrape_output\clean\元朝\次韻與德明小友\次韻與德明小友__juan_01.txt,141,97,0,separate,0.022988505747126436,unknown,87,0.0,0.011494252873563218,11.714285714285714,0,1
元朝,886078,次韻舟行次蓬州遊歴州境憇蓬萊堂,次韻舟行次蓬州遊歴州境憇蓬萊堂,次韻舟行次蓬州遊歴州境憇蓬萊堂,1,scrape_output\raw\元朝\次韻舟行次蓬州遊歴州境憇蓬萊堂\次韻舟行次蓬州遊歴州境憇蓬萊堂__juan_01.txt,scrape_output\clean\元朝\次韻舟行次蓬州遊歴州境憇蓬萊堂\次韻舟行次蓬州遊歴州境憇蓬萊堂__juan_01.txt,149,105,0,separate,0.042105263157894736,unknown,95,0.0,0.021052631578947368,12.857142857142858,0,1
元朝,886148,次韻記青城劉翁李隱卿事,次韻記青城劉翁李隱卿事,次韻記青城劉翁李隱卿事,1,scrape_output\raw\元朝\次韻記青城劉翁李隱卿事\次韻記青城劉翁李隱卿事__juan_01.txt,scrape_output\clean\元朝\次韻記青城劉翁李隱卿事\次韻記青城劉翁李隱卿事__juan_01.txt,287,241,0,separate,0.22048458149779737,wenyan-like,227,0.0,0.03524229074889868,16.692307692307693,0,0
元朝,885357,次韻趙徳載大監餞行之什,次韻趙徳載大監餞行之什,次韻趙徳載大監餞行之什,1,scrape_output\raw\元朝\次韻趙徳載大監餞行之什\次韻趙徳載大監餞行之什__juan_01.txt,scrape_output\clean\元朝\次韻趙徳載大監餞行之什\次韻趙徳載大監餞行之什__juan_01.txt,296,252,0,separate,0.004424778761061947,wenyan-like,226,0.01327433628318584,0.022123893805309734,14.2,0,0
元朝,1179527,次韻送人還茅山,次韻送人還茅山,次韻送人還茅山,1,scrape_output\raw\元朝\次韻送人還茅山\次韻送人還茅山__juan_01.txt,scrape_output\clean\元朝\次韻送人還茅山\次韻送人還茅山__juan_01.txt,149,105,0,separate,0.042105263157894736,unknown,95,0.0,0.021052631578947368,12.857142857142858,0,1
元朝,1179513,次韻送虞先生入蜀代祀,次韻送虞先生入蜀代祀,次韻送虞先生入蜀代祀,1,scrape_output\raw\元朝\次韻送虞先生入蜀代祀\次韻送虞先生入蜀代祀__juan_01.txt,scrape_output\clean\元朝\次韻送虞先生入蜀代祀\次韻送虞先生入蜀代祀__juan_01.txt,149,105,0,separate,0.042105263157894736,unknown,95,0.0,0.021052631578947368,12.857142857142858,0,1
元朝,1179281,次韻郭侍御,次韻郭侍御,次韻郭侍御,1,scrape_output\raw\元朝\次韻郭侍御\次韻郭侍御__juan_01.txt,scrape_output\clean\元朝\次韻郭侍御\次韻郭侍御__juan_01.txt,133,89,0,separate,0.02531645569620253,unknown,79,0.0,0.012658227848101266,10.571428571428571,0,1
元朝,886302,次韻閬州述事,次韻閬州述事,次韻閬州述事,1,scrape_output\raw\元朝\次韻閬州述事\次韻閬州述事__juan_01.txt,scrape_output\clean\元朝\次韻閬州述事\次韻閬州述事__juan_01.txt,176,132,0,separate,-0.008196721311475409,unknown,122,0.00819672131147541,0.00819672131147541,10.454545454545455,0,1
元朝,1179517,次韻𡩘茅山張伯雨二首,次韻𡩘茅山張伯雨二首,次韻𡩘茅山張伯雨二首,1,scrape_output\raw\元朝\次韻𡩘茅山張伯雨二首\次韻𡩘茅山張伯雨二首__juan_01.txt,scrape_output\clean\元朝\次韻𡩘茅山張伯雨二首\次韻𡩘茅山張伯雨二首__juan_01.txt,221,177,0,separate,0.025157232704402517,unknown,159,0.0,0.012578616352201259,13.636363636363637,0,1
元朝,766369,次鰕妾岸,次鰕妾岸,次鰕妾岸,1,scrape_output\raw\元朝\次鰕妾岸\次鰕妾岸__juan_01.txt,scrape_output\clean\元朝\次鰕妾岸\次鰕妾岸__juan_01.txt,217,173,0,separate,0.013245033112582781,unknown,151,0.0,0.006622516556291391,10.76923076923077,0,1
元朝,885760,欲雪 (耶律鑄),欲雪 (耶律鑄),欲雪 (耶律鑄),1,scrape_output\raw\元朝\欲雪 (耶律鑄)\欲雪 (耶律鑄)__juan_01.txt,scrape_output\clean\元朝\欲雪 (耶律鑄)\欲雪 (耶律鑄)__juan_01.txt,149,105,0,separate,0.010526315789473682,unknown,95,0.010526315789473684,0.021052631578947368,12.857142857142858,0,1
元朝,891477,正行集,正行集,正行集,1,scrape_output\raw\元朝\正行集\正行集__juan_01.txt,scrape_output\clean\元朝\正行集\正行集__juan_01.txt,2553,2530,0,separate,0.2144702842377261,wenyan-like,2322,0.004306632213608958,0.11369509043927649,8.340909090909092,0,0
元朝,1179265,正覺寺晚歸贈益山長老,正覺寺晚歸贈益山長老,正覺寺晚歸贈益山長老,1,scrape_output\raw\元朝\正覺寺晚歸贈益山長老\正覺寺晚歸贈益山長老__juan_01.txt,scrape_output\clean\元朝\正覺寺晚歸贈益山長老\正覺寺晚歸贈益山長老__juan_01.txt,133,89,0,separate,-0.012658227848101267,unknown,79,0.012658227848101266,0.012658227848101266,10.571428571428571,0,1
元朝,762014,此事難知,此事難知/卷一,此事難知,1,scrape_output\raw\元朝\此事難知\此事難知__juan_01.txt,scrape_output\clean\元朝\此事難知\此事難知__juan_01.txt,17089,17086,0,separate,0.1690694626474443,wenyan-like,31283,0.00968577182495285,0.09906338906115142,6.865560782371874,0,0
元朝,762014,此事難知,此事難知/卷二,此事難知,2,scrape_output\raw\元朝\此事難知\此事難知__juan_02.txt,scrape_output\clean\元朝\此事難知\此事難知__juan_02.txt,15751,15746,0,separate,0.1690694626474443,wenyan-like,31283,0.00968577182495285,0.09906338906115142,6.865560782371874,0,0
元朝,1179606,武夷館方池,武夷館方池,武夷館方池,1,scrape_output\raw\元朝\武夷館方池\武夷館方池__juan_01.txt,scrape_output\clean\元朝\武夷館方池\武夷館方池__juan_01.txt,203,159,0,separate,0.02097902097902098,unknown,143,0.006993006993006993,0.02097902097902098,13.5,0,1
元朝,339930,武當福地總真集,武當福地總真集/卷上,武當福地總真集,1,scrape_output\raw\元朝\武當福地總真集\武當福地總真集__juan_01.txt,scrape_output\clean\元朝\武當福地總真集\武當福地總真集__juan_01.txt,4571,4568,0,separate,0.23302526186075168,wenyan-like,19476,0.007239679605668515,0.05237215033887862,18.654964894684053,0,0
元朝,339930,武當福地總真集,武當福地總真集/卷中,武當福地總真集,2,scrape_output\raw\元朝\武當福地總真集\武當福地總真集__juan_02.txt,scrape_output\clean\元朝\武當福地總真集\武當福地總真集__juan_02.txt,6012,6008,0,separate,0.23302526186075168,wenyan-like,19476,0.007239679605668515,0.05237215033887862,18.654964894684053,0,0
元朝,339930,武當福地總真集,武當福地總真集/卷下,武當福地總真集,3,scrape_output\raw\元朝\武當福地總真集\武當福地總真集__juan_03.txt,scrape_output\clean\元朝\武當福地總真集\武當福地總真集__juan_03.txt,9456,9453,0,separate,0.23302526186075168,wenyan-like,19476,0.007239679605668515,0.05237215033887862,18.654964894684053,0,0
元朝,874897,武穆墳,武穆墳,武穆墳,1,scrape_output\raw\元朝\武穆墳\武穆墳__juan_01.txt,scrape_output\clean\元朝\武穆墳\武穆墳__juan_01.txt,24,24,0,separate,0.08333333333333333,unknown,24,0.0,0.041666666666666664,11.0,0,1
元朝,1179594,歲云暮矣,歲云暮矣,歲云暮矣,1,scrape_output\raw\元朝\歲云暮矣\歲云暮矣__juan_01.txt,scrape_output\clean\元朝\歲云暮矣\歲云暮矣__juan_01.txt,209,165,0,separate,0.19310344827586207,unknown,145,0.0,0.09655172413793103,8.8,0,1
元朝,102326,歲華紀麗譜,歲華紀麗譜,歲華紀麗譜,1,scrape_output\raw\元朝\歲華紀麗譜\歲華紀麗譜__juan_01.txt,scrape_output\clean\元朝\歲華紀麗譜\歲華紀麗譜__juan_01.txt,5240,5140,0,separate,0.23173076923076924,wenyan-like,4992,0.011618589743589744,0.05829326923076923,20.294117647058822,0,0
元朝,331797,歷世真仙體道通鑑,歷世真仙體道通鑑/1,歷世真仙體道通鑑,1,scrape_output\raw\元朝\歷世真仙體道通鑑\歷世真仙體道通鑑__juan_01.txt,scrape_output\clean\元朝\歷世真仙體道通鑑\歷世真仙體道通鑑__juan_01.txt,12320,12253,0,separate,0.23716283002805344,wenyan-like,350046,0.010984270638716055,0.06005782097210081,18.55817321080479,0,0
元朝,331797,歷世真仙體道通鑑,歷世真仙體道通鑑/10,歷世真仙體道通鑑,2,scrape_output\raw\元朝\歷世真仙體道通鑑\歷世真仙體道通鑑__juan_02.txt,scrape_output\clean\元朝\歷世真仙體道通鑑\歷世真仙體道通鑑__juan_02.txt,5291,5245,0,separate,0.23716283002805344,wenyan-like,350046,0.010984270638716055,0.06005782097210081,18.55817321080479,0,0
元朝,331797,歷世真仙體道通鑑,歷世真仙體道通鑑/11,歷世真仙體道通鑑,3,scrape_output\raw\元朝\歷世真仙體道通鑑\歷世真仙體道通鑑__juan_03.txt,scrape_output\clean\元朝\歷世真仙體道通鑑\歷世真仙體道通鑑__juan_03.txt,5903,5824,0,separate,0.23716283002805344,wenyan-like,350046,0.010984270638716055,0.06005782097210081,18.55817321080479,0,0
元朝,331797,歷世真仙體道通鑑,歷世真仙體道通鑑/12,歷世真仙體道通鑑,4,scrape_output\raw\元朝\歷世真仙體道通鑑\歷世真仙體道通鑑__juan_04.txt,scrape_output\clean\元朝\歷世真仙體道通鑑\歷世真仙體道通鑑__juan_04.txt,5147,5072,0,separate,0.23716283002805344,wenyan-like,350046,0.010984270638716055,0.06005782097210081,18.55817321080479,0,0
元朝,331797,歷世真仙體道通鑑,歷世真仙體道通鑑/13,歷世真仙體道通鑑,5,scrape_output\raw\元朝\歷世真仙體道通鑑\歷世真仙體道通鑑__juan_05.txt,scrape_output\clean\元朝\歷世真仙體道通鑑\歷世真仙體道通鑑__juan_05.txt,5635,5587,0,separate,0.23716283002805344,wenyan-like,350046,0.010984270638716055,0.06005782097210081,18.55817321080479,0,0
元朝,331797,歷世真仙體道通鑑,歷世真仙體道通鑑/14,歷世真仙體道通鑑,6,scrape_output\raw\元朝\歷世真仙體道通鑑\歷世真仙體道通鑑__juan_06.txt,scrape_output\clean\元朝\歷世真仙體道通鑑\歷世真仙體道通鑑__juan_06.txt,6126,6093,0,separate,0.23716283002805344,wenyan-like,350046,0.010984270638716055,0.06005782097210081,18.55817321080479,0,0
元朝,331797,歷世真仙體道通鑑,歷世真仙體道通鑑/15,歷世真仙體道通鑑,7,scrape_output\raw\元朝\歷世真仙體道通鑑\歷世真仙體道通鑑__juan_07.txt,scrape_output\clean\元朝\歷世真仙體道通鑑\歷世真仙體道通鑑__juan_07.txt,6729,6659,0,separate,0.23716283002805344,wenyan-like,350046,0.010984270638716055,0.06005782097210081,18.55817321080479,0,0
元朝,331797,歷世真仙體道通鑑,歷世真仙體道通鑑/16,歷世真仙體道通鑑,8,scrape_output\raw\元朝\歷世真仙體道通鑑\歷世真仙體道通鑑__juan_08.txt,scrape_output\clean\元朝\歷世真仙體道通鑑\歷世真仙體道通鑑__juan_08.txt,6215,6174,0,separate,0.23716283002805344,wenyan-like,350046,0.010984270638716055,0.06005782097210081,18.55817321080479,0,0
元朝,331797,歷世真仙體道通鑑,歷世真仙體道通鑑/17,歷世真仙體道通鑑,9,scrape_output\raw\元朝\歷世真仙體道通鑑\歷世真仙體道通鑑__juan_09.txt,scrape_output\clean\元朝\歷世真仙體道通鑑\歷世真仙體道通鑑__juan_09.txt,3860,3856,0,separate,0.23716283002805344,wenyan-like,350046,0.010984270638716055,0.06005782097210081,18.55817321080479,0,0
元朝,331797,歷世真仙體道通鑑,歷世真仙體道通鑑/18,歷世真仙體道通鑑,10,scrape_output\raw\元朝\歷世真仙體道通鑑\歷世真仙體道通鑑__juan_10.txt,scrape_output\clean\元朝\歷世真仙體道通鑑\歷世真仙體道通鑑__juan_10.txt,10345,10344,0,separate,0.23716283002805344,wenyan-like,350046,0.010984270638716055,0.06005782097210081,18.55817321080479,0,0
元朝,331797,歷世真仙體道通鑑,歷世真仙體道通鑑/19,歷世真仙體道通鑑,11,scrape_output\raw\元朝\歷世真仙體道通鑑\歷世真仙體道通鑑__juan_11.txt,scrape_output\clean\元朝\歷世真仙體道通鑑\歷世真仙體道通鑑__juan_11.txt,6012,5984,0,separate,0.23716283002805344,wenyan-like,350046,0.010984270638716055,0.06005782097210081,18.55817321080479,0,0
元朝,331797,歷世真仙體道通鑑,歷世真仙體道通鑑/2,歷世真仙體道通鑑,12,scrape_output\raw\元朝\歷世真仙體道通鑑\歷世真仙體道通鑑__juan_12.txt,scrape_output\clean\元朝\歷世真仙體道通鑑\歷世真仙體道通鑑__juan_12.txt,1793,1783,0,separate,0.23716283002805344,wenyan-like,350046,0.010984270638716055,0.06005782097210081,18.55817321080479,0,0
元朝,331797,歷世真仙體道通鑑,歷世真仙體道通鑑/20,歷世真仙體道通鑑,13,scrape_output\raw\元朝\歷世真仙體道通鑑\歷世真仙體道通鑑__juan_13.txt,scrape_output\clean\元朝\歷世真仙體道通鑑\歷世真仙體道通鑑__juan_13.txt,5623,5566,0,separate,0.23716283002805344,wenyan-like,350046,0.010984270638716055,0.06005782097210081,18.55817321080479,0,0
元朝,331797,歷世真仙體道通鑑,歷世真仙體道通鑑/21,歷世真仙體道通鑑,14,scrape_output\raw\元朝\歷世真仙體道通鑑\歷世真仙體道通鑑__juan_14.txt,scrape_output\clean\元朝\歷世真仙體道通鑑\歷世真仙體道通鑑__juan_14.txt,6837,6763,0,separate,0.23716283002805344,wenyan-like,350046,0.010984270638716055,0.06005782097210081,18.55817321080479,0,0
元朝,331797,歷世真仙體道通鑑,歷世真仙體道通鑑/22,歷世真仙體道通鑑,15,scrape_output\raw\元朝\歷世真仙體道通鑑\歷世真仙體道通鑑__juan_15.txt,scrape_output\clean\元朝\歷世真仙體道通鑑\歷世真仙體道通鑑__juan_15.txt,4703,4645,0,separate,0.23716283002805344,wenyan-like,350046,0.010984270638716055,0.06005782097210081,18.55817321080479,0,0
元朝,331797,歷世真仙體道通鑑,歷世真仙體道通鑑/23,歷世真仙體道通鑑,16,scrape_output\raw\元朝\歷世真仙體道通鑑\歷世真仙體道通鑑__juan_16.txt,scrape_output\clean\元朝\歷世真仙體道通鑑\歷世真仙體道通鑑__juan_16.txt,9194,9107,0,separate,0.23716283002805344,wenyan-like,350046,0.010984270638716055,0.06005782097210081,18.55817321080479,0,0
元朝,331797,歷世真仙體道通鑑,歷世真仙體道通鑑/24,歷世真仙體道通鑑,17,scrape_output\raw\元朝\歷世真仙體道通鑑\歷世真仙體道通鑑__juan_17.txt,scrape_output\clean\元朝\歷世真仙體道通鑑\歷世真仙體道通鑑__juan_17.txt,9307,9269,0,separate,0.23716283002805344,wenyan-like,350046,0.010984270638716055,0.06005782097210081,18.55817321080479,0,0
元朝,331797,歷世真仙體道通鑑,歷世真仙體道通鑑/25,歷世真仙體道通鑑,18,scrape_output\raw\元朝\歷世真仙體道通鑑\歷世真仙體道通鑑__juan_18.txt,scrape_output\clean\元朝\歷世真仙體道通鑑\歷世真仙體道通鑑__juan_18.txt,4240,4182,0,separate,0.23716283002805344,wenyan-like,350046,0.010984270638716055,0.06005782097210081,18.55817321080479,0,0
元朝,331797,歷世真仙體道通鑑,歷世真仙體道通鑑/26,歷世真仙體道通鑑,19,scrape_output\raw\元朝\歷世真仙體道通鑑\歷世真仙體道通鑑__juan_19.txt,scrape_output\clean\元朝\歷世真仙體道通鑑\歷世真仙體道通鑑__juan_19.txt,8498,8432,0,separate,0.23716283002805344,wenyan-like,350046,0.010984270638716055,0.06005782097210081,18.55817321080479,0,0
元朝,331797,歷世真仙體道通鑑,歷世真仙體道通鑑/27,歷世真仙體道通鑑,20,scrape_output\raw\元朝\歷世真仙體道通鑑\歷世真仙體道通鑑__juan_20.txt,scrape_output\clean\元朝\歷世真仙體道通鑑\歷世真仙體道通鑑__juan_20.txt,6347,6299,0,separate,0.23716283002805344,wenyan-like,350046,0.010984270638716055,0.06005782097210081,18.55817321080479,0,0
元朝,331797,歷世真仙體道通鑑,歷世真仙體道通鑑/28,歷世真仙體道通鑑,21,scrape_output\raw\元朝\歷世真仙體道通鑑\歷世真仙體道通鑑__juan_21.txt,scrape_output\clean\元朝\歷世真仙體道通鑑\歷世真仙體道通鑑__juan_21.txt,6193,6128,0,separate,0.23716283002805344,wenyan-like,350046,0.010984270638716055,0.06005782097210081,18.55817321080479,0,0
元朝,331797,歷世真仙體道通鑑,歷世真仙體道通鑑/29,歷世真仙體道通鑑,22,scrape_output\raw\元朝\歷世真仙體道通鑑\歷世真仙體道通鑑__juan_22.txt,scrape_output\clean\元朝\歷世真仙體道通鑑\歷世真仙體道通鑑__juan_22.txt,5853,5793,0,separate,0.23716283002805344,wenyan-like,350046,0.010984270638716055,0.06005782097210081,18.55817321080479,0,0
元朝,331797,歷世真仙體道通鑑,歷世真仙體道通鑑/3,歷世真仙體道通鑑,23,scrape_output\raw\元朝\歷世真仙體道通鑑\歷世真仙體道通鑑__juan_23.txt,scrape_output\clean\元朝\歷世真仙體道通鑑\歷世真仙體道通鑑__juan_23.txt,10989,10885,0,separate,0.23716283002805344,wenyan-like,350046,0.010984270638716055,0.06005782097210081,18.55817321080479,0,0
元朝,331797,歷世真仙體道通鑑,歷世真仙體道通鑑/30,歷世真仙體道通鑑,24,scrape_output\raw\元朝\歷世真仙體道通鑑\歷世真仙體道通鑑__juan_24.txt,scrape_output\clean\元朝\歷世真仙體道通鑑\歷世真仙體道通鑑__juan_24.txt,6400,6354,0,separate,0.23716283002805344,wenyan-like,350046,0.010984270638716055,0.06005782097210081,18.55817321080479,0,0
元朝,331797,歷世真仙體道通鑑,歷世真仙體道通鑑/31,歷世真仙體道通鑑,25,scrape_output\raw\元朝\歷世真仙體道通鑑\歷世真仙體道通鑑__juan_25.txt,scrape_output\clean\元朝\歷世真仙體道通鑑\歷世真仙體道通鑑__juan_25.txt,6402,6334,0,separate,0.23716283002805344,wenyan-like,350046,0.010984270638716055,0.06005782097210081,18.55817321080479,0,0
元朝,331797,歷世真仙體道通鑑,歷世真仙體道通鑑/32,歷世真仙體道通鑑,26,scrape_output\raw\元朝\歷世真仙體道通鑑\歷世真仙體道通鑑__juan_26.txt,scrape_output\clean\元朝\歷世真仙體道通鑑\歷世真仙體道通鑑__juan_26.txt,6670,6567,0,separate,0.23716283002805344,wenyan-like,350046,0.010984270638716055,0.06005782097210081,18.55817321080479,0,0
元朝,331797,歷世真仙體道通鑑,歷世真仙體道通鑑/33,歷世真仙體道通鑑,27,scrape_output\raw\元朝\歷世真仙體道通鑑\歷世真仙體道通鑑__juan_27.txt,scrape_output\clean\元朝\歷世真仙體道通鑑\歷世真仙體道通鑑__juan_27.txt,6939,6883,0,separate,0.23716283002805344,wenyan-like,350046,0.010984270638716055,0.06005782097210081,18.55817321080479,0,0
元朝,331797,歷世真仙體道通鑑,歷世真仙體道通鑑/34,歷世真仙體道通鑑,28,scrape_output\raw\元朝\歷世真仙體道通鑑\歷世真仙體道通鑑__juan_28.txt,scrape_output\clean\元朝\歷世真仙體道通鑑\歷世真仙體道通鑑__juan_28.txt,6062,5990,0,separate,0.23716283002805344,wenyan-like,350046,0.010984270638716055,0.06005782097210081,18.55817321080479,0,0
元朝,331797,歷世真仙體道通鑑,歷世真仙體道通鑑/35,歷世真仙體道通鑑,29,scrape_output\raw\元朝\歷世真仙體道通鑑\歷世真仙體道通鑑__juan_29.txt,scrape_output\clean\元朝\歷世真仙體道通鑑\歷世真仙體道通鑑__juan_29.txt,6489,6423,0,separate,0.23716283002805344,wenyan-like,350046,0.010984270638716055,0.06005782097210081,18.55817321080479,0,0
元朝,331797,歷世真仙體道通鑑,歷世真仙體道通鑑/36,歷世真仙體道通鑑,30,scrape_output\raw\元朝\歷世真仙體道通鑑\歷世真仙體道通鑑__juan_30.txt,scrape_output\clean\元朝\歷世真仙體道通鑑\歷世真仙體道通鑑__juan_30.txt,6925,6854,0,separate,0.23716283002805344,wenyan-like,350046,0.010984270638716055,0.06005782097210081,18.55817321080479,0,0
元朝,331797,歷世真仙體道通鑑,歷世真仙體道通鑑/37,歷世真仙體道通鑑,31,scrape_output\raw\元朝\歷世真仙體道通鑑\歷世真仙體道通鑑__juan_31.txt,scrape_output\clean\元朝\歷世真仙體道通鑑\歷世真仙體道通鑑__juan_31.txt,6098,6035,0,separate,0.23716283002805344,wenyan-like,350046,0.010984270638716055,0.06005782097210081,18.55817321080479,0,0
元朝,331797,歷世真仙體道通鑑,歷世真仙體道通鑑/38,歷世真仙體道通鑑,32,scrape_output\raw\元朝\歷世真仙體道通鑑\歷世真仙體道通鑑__juan_32.txt,scrape_output\clean\元朝\歷世真仙體道通鑑\歷世真仙體道通鑑__juan_32.txt,5821,5726,0,separate,0.23716283002805344,wenyan-like,350046,0.010984270638716055,0.06005782097210081,18.55817321080479,0,0
元朝,331797,歷世真仙體道通鑑,歷世真仙體道通鑑/39,歷世真仙體道通鑑,33,scrape_output\raw\元朝\歷世真仙體道通鑑\歷世真仙體道通鑑__juan_33.txt,scrape_output\clean\元朝\歷世真仙體道通鑑\歷世真仙體道通鑑__juan_33.txt,6953,6887,0,separate,0.23716283002805344,wenyan-like,350046,0.010984270638716055,0.06005782097210081,18.55817321080479,0,0
元朝,331797,歷世真仙體道通鑑,歷世真仙體道通鑑/4,歷世真仙體道通鑑,34,scrape_output\raw\元朝\歷世真仙體道通鑑\歷世真仙體道通鑑__juan_34.txt,scrape_output\clean\元朝\歷世真仙體道通鑑\歷世真仙體道通鑑__juan_34.txt,8068,7998,0,separate,0.23716283002805344,wenyan-like,350046,0.010984270638716055,0.06005782097210081,18.55817321080479,0,0
元朝,331797,歷世真仙體道通鑑,歷世真仙體道通鑑/40,歷世真仙體道通鑑,35,scrape_output\raw\元朝\歷世真仙體道通鑑\歷世真仙體道通鑑__juan_35.txt,scrape_output\clean\元朝\歷世真仙體道通鑑\歷世真仙體道通鑑__juan_35.txt,5851,5801,0,separate,0.23716283002805344,wenyan-like,350046,0.010984270638716055,0.06005782097210081,18.55817321080479,0,0
元朝,331797,歷世真仙體道通鑑,歷世真仙體道通鑑/41,歷世真仙體道通鑑,36,scrape_output\raw\元朝\歷世真仙體道通鑑\歷世真仙體道通鑑__juan_36.txt,scrape_output\clean\元朝\歷世真仙體道通鑑\歷世真仙體道通鑑__juan_36.txt,7566,7470,0,separate,0.23716283002805344,wenyan-like,350046,0.010984270638716055,0.06005782097210081,18.55817321080479,0,0
元朝,331797,歷世真仙體道通鑑,歷世真仙體道通鑑/42,歷世真仙體道通鑑,37,scrape_output\raw\元朝\歷世真仙體道通鑑\歷世真仙體道通鑑__juan_37.txt,scrape_output\clean\元朝\歷世真仙體道通鑑\歷世真仙體道通鑑__juan_37.txt,6966,6883,0,separate,0.23716283002805344,wenyan-like,350046,0.010984270638716055,0.06005782097210081,18.55817321080479,0,0
元朝,331797,歷世真仙體道通鑑,歷世真仙體道通鑑/43,歷世真仙體道通鑑,38,scrape_output\raw\元朝\歷世真仙體道通鑑\歷世真仙體道通鑑__juan_38.txt,scrape_output\clean\元朝\歷世真仙體道通鑑\歷世真仙體道通鑑__juan_38.txt,7264,7192,0,separate,0.23716283002805344,wenyan-like,350046,0.010984270638716055,0.06005782097210081,18.55817321080479,0,0
元朝,331797,歷世真仙體道通鑑,歷世真仙體道通鑑/44,歷世真仙體道通鑑,39,scrape_output\raw\元朝\歷世真仙體道通鑑\歷世真仙體道通鑑__juan_39.txt,scrape_output\clean\元朝\歷世真仙體道通鑑\歷世真仙體道通鑑__juan_39.txt,6591,6496,0,separate,0.23716283002805344,wenyan-like,350046,0.010984270638716055,0.06005782097210081,18.55817321080479,0,0
元朝,331797,歷世真仙體道通鑑,歷世真仙體道通鑑/45,歷世真仙體道通鑑,40,scrape_output\raw\元朝\歷世真仙體道通鑑\歷世真仙體道通鑑__juan_40.txt,scrape_output\clean\元朝\歷世真仙體道通鑑\歷世真仙體道通鑑__juan_40.txt,5265,5204,0,separate,0.23716283002805344,wenyan-like,350046,0.010984270638716055,0.06005782097210081,18.55817321080479,0,0
元朝,331797,歷世真仙體道通鑑,歷世真仙體道通鑑/46,歷世真仙體道通鑑,41,scrape_output\raw\元朝\歷世真仙體道通鑑\歷世真仙體道通鑑__juan_41.txt,scrape_output\clean\元朝\歷世真仙體道通鑑\歷世真仙體道通鑑__juan_41.txt,5264,5216,0,separate,0.23716283002805344,wenyan-like,350046,0.010984270638716055,0.06005782097210081,18.55817321080479,0,0
元朝,331797,歷世真仙體道通鑑,歷世真仙體道通鑑/47,歷世真仙體道通鑑,42,scrape_output\raw\元朝\歷世真仙體道通鑑\歷世真仙體道通鑑__juan_42.txt,scrape_output\clean\元朝\歷世真仙體道通鑑\歷世真仙體道通鑑__juan_42.txt,7130,7036,0,separate,0.23716283002805344,wenyan-like,350046,0.010984270638716055,0.06005782097210081,18.55817321080479,0,0
元朝,331797,歷世真仙體道通鑑,歷世真仙體道通鑑/48,歷世真仙體道通鑑,43,scrape_output\raw\元朝\歷世真仙體道通鑑\歷世真仙體道通鑑__juan_43.txt,scrape_output\clean\元朝\歷世真仙體道通鑑\歷世真仙體道通鑑__juan_43.txt,7749,7666,0,separate,0.23716283002805344,wenyan-like,350046,0.010984270638716055,0.06005782097210081,18.55817321080479,0,0
元朝,331797,歷世真仙體道通鑑,歷世真仙體道通鑑/49,歷世真仙體道通鑑,44,scrape_output\raw\元朝\歷世真仙體道通鑑\歷世真仙體道通鑑__juan_44.txt,scrape_output\clean\元朝\歷世真仙體道通鑑\歷世真仙體道通鑑__juan_44.txt,8503,8414,0,separate,0.23716283002805344,wenyan-like,350046,0.010984270638716055,0.06005782097210081,18.55817321080479,0,0
元朝,331797,歷世真仙體道通鑑,歷世真仙體道通鑑/5,歷世真仙體道通鑑,45,scrape_output\raw\元朝\歷世真仙體道通鑑\歷世真仙體道通鑑__juan_45.txt,scrape_output\clean\元朝\歷世真仙體道通鑑\歷世真仙體道通鑑__juan_45.txt,8198,8133,0,separate,0.23716283002805344,wenyan-like,350046,0.010984270638716055,0.06005782097210081,18.55817321080479,0,0
元朝,331797,歷世真仙體道通鑑,歷世真仙體道通鑑/50,歷世真仙體道通鑑,46,scrape_output\raw\元朝\歷世真仙體道通鑑\歷世真仙體道通鑑__juan_46.txt,scrape_output\clean\元朝\歷世真仙體道通鑑\歷世真仙體道通鑑__juan_46.txt,7413,7327,0,separate,0.23716283002805344,wenyan-like,350046,0.010984270638716055,0.06005782097210081,18.55817321080479,0,0
元朝,331797,歷世真仙體道通鑑,歷世真仙體道通鑑/51,歷世真仙體道通鑑,47,scrape_output\raw\元朝\歷世真仙體道通鑑\歷世真仙體道通鑑__juan_47.txt,scrape_output\clean\元朝\歷世真仙體道通鑑\歷世真仙體道通鑑__juan_47.txt,6574,6486,0,separate,0.23716283002805344,wenyan-like,350046,0.010984270638716055,0.06005782097210081,18.55817321080479,0,0
元朝,331797,歷世真仙體道通鑑,歷世真仙體道通鑑/52,歷世真仙體道通鑑,48,scrape_output\raw\元朝\歷世真仙體道通鑑\歷世真仙體道通鑑__juan_48.txt,scrape_output\clean\元朝\歷世真仙體道通鑑\歷世真仙體道通鑑__juan_48.txt,7342,7260,0,separate,0.23716283002805344,wenyan-like,350046,0.010984270638716055,0.06005782097210081,18.55817321080479,0,0
元朝,331797,歷世真仙體道通鑑,歷世真仙體道通鑑/53,歷世真仙體道通鑑,49,scrape_output\raw\元朝\歷世真仙體道通鑑\歷世真仙體道通鑑__juan_49.txt,scrape_output\clean\元朝\歷世真仙體道通鑑\歷世真仙體道通鑑__juan_49.txt,8531,8530,0,separate,0.23716283002805344,wenyan-like,350046,0.010984270638716055,0.06005782097210081,18.55817321080479,0,0
元朝,331797,歷世真仙體道通鑑,歷世真仙體道通鑑/6,歷世真仙體道通鑑,50,scrape_output\raw\元朝\歷世真仙體道通鑑\歷世真仙體道通鑑__juan_50.txt,scrape_output\clean\元朝\歷世真仙體道通鑑\歷世真仙體道通鑑__juan_50.txt,5022,4966,0,separate,0.23716283002805344,wenyan-like,350046,0.010984270638716055,0.06005782097210081,18.55817321080479,0,0
元朝,331797,歷世真仙體道通鑑,歷世真仙體道通鑑/7,歷世真仙體道通鑑,51,scrape_output\raw\元朝\歷世真仙體道通鑑\歷世真仙體道通鑑__juan_51.txt,scrape_output\clean\元朝\歷世真仙體道通鑑\歷世真仙體道通鑑__juan_51.txt,6232,6179,0,separate,0.23716283002805344,wenyan-like,350046,0.010984270638716055,0.06005782097210081,18.55817321080479,0,0
元朝,331797,歷世真仙體道通鑑,歷世真仙體道通鑑/8,歷世真仙體道通鑑,52,scrape_output\raw\元朝\歷世真仙體道通鑑\歷世真仙體道通鑑__juan_52.txt,scrape_output\clean\元朝\歷世真仙體道通鑑\歷世真仙體道通鑑__juan_52.txt,8676,8600,0,separate,0.23716283002805344,wenyan-like,350046,0.010984270638716055,0.06005782097210081,18.55817321080479,0,0
元朝,331797,歷世真仙體道通鑑,歷世真仙體道通鑑/9,歷世真仙體道通鑑,53,scrape_output\raw\元朝\歷世真仙體道通鑑\歷世真仙體道通鑑__juan_53.txt,scrape_output\clean\元朝\歷世真仙體道通鑑\歷世真仙體道通鑑__juan_53.txt,4628,4613,0,separate,0.23716283002805344,wenyan-like,350046,0.010984270638716055,0.06005782097210081,18.55817321080479,0,0
元朝,335070,歷世真仙體道通鑑後集,歷世真仙體道通鑑後集/1,歷世真仙體道通鑑後集,1,scrape_output\raw\元朝\歷世真仙體道通鑑後集\歷世真仙體道通鑑後集__juan_01.txt,scrape_output\clean\元朝\歷世真仙體道通鑑後集\歷世真仙體道通鑑後集__juan_01.txt,8314,8259,0,separate,0.2585499617373559,wenyan-like,43123,0.010087424344317418,0.06940611738515409,17.772333044232436,0,0
元朝,335070,歷世真仙體道通鑑後集,歷世真仙體道通鑑後集/2,歷世真仙體道通鑑後集,2,scrape_output\raw\元朝\歷世真仙體道通鑑後集\歷世真仙體道通鑑後集__juan_02.txt,scrape_output\clean\元朝\歷世真仙體道通鑑後集\歷世真仙體道通鑑後集__juan_02.txt,7394,7338,0,separate,0.2585499617373559,wenyan-like,43123,0.010087424344317418,0.06940611738515409,17.772333044232436,0,0
元朝,335070,歷世真仙體道通鑑後集,歷世真仙體道通鑑後集/3,歷世真仙體道通鑑後集,3,scrape_output\raw\元朝\歷世真仙體道通鑑後集\歷世真仙體道通鑑後集__juan_03.txt,scrape_output\clean\元朝\歷世真仙體道通鑑後集\歷世真仙體道通鑑後集__juan_03.txt,5638,5615,0,separate,0.2585499617373559,wenyan-like,43123,0.010087424344317418,0.06940611738515409,17.772333044232436,0,0
元朝,335070,歷世真仙體道通鑑後集,歷世真仙體道通鑑後集/4,歷世真仙體道通鑑後集,4,scrape_output\raw\元朝\歷世真仙體道通鑑後集\歷世真仙體道通鑑後集__juan_04.txt,scrape_output\clean\元朝\歷世真仙體道通鑑後集\歷世真仙體道通鑑後集__juan_04.txt,7559,7508,0,separate,0.2585499617373559,wenyan-like,43123,0.010087424344317418,0.06940611738515409,17.772333044232436,0,0
元朝,335070,歷世真仙體道通鑑後集,歷世真仙體道通鑑後集/5,歷世真仙體道通鑑後集,5,scrape_output\raw\元朝\歷世真仙體道通鑑後集\歷世真仙體道通鑑後集__juan_05.txt,scrape_output\clean\元朝\歷世真仙體道通鑑後集\歷世真仙體道通鑑後集__juan_05.txt,7869,7795,0,separate,0.2585499617373559,wenyan-like,43123,0.010087424344317418,0.06940611738515409,17.772333044232436,0,0
元朝,335070,歷世真仙體道通鑑後集,歷世真仙體道通鑑後集/6,歷世真仙體道通鑑後集,6,scrape_output\raw\元朝\歷世真仙體道通鑑後集\歷世真仙體道通鑑後集__juan_06.txt,scrape_output\clean\元朝\歷世真仙體道通鑑後集\歷世真仙體道通鑑後集__juan_06.txt,7142,7140,0,separate,0.2585499617373559,wenyan-like,43123,0.010087424344317418,0.06940611738515409,17.772333044232436,0,0
元朝,335060,歷世真仙體道通鑑續編,歷世真仙體道通鑑續編/1,歷世真仙體道通鑑續編,1,scrape_output\raw\元朝\歷世真仙體道通鑑續編\歷世真仙體道通鑑續編__juan_01.txt,scrape_output\clean\元朝\歷世真仙體道通鑑續編\歷世真仙體道通鑑續編__juan_01.txt,8945,8824,0,separate,0.24056199168388293,wenyan-like,38239,0.010538978529773268,0.06108946363660137,17.506750241080038,0,0
元朝,335060,歷世真仙體道通鑑續編,歷世真仙體道通鑑續編/2,歷世真仙體道通鑑續編,2,scrape_output\raw\元朝\歷世真仙體道通鑑續編\歷世真仙體道通鑑續編__juan_02.txt,scrape_output\clean\元朝\歷世真仙體道通鑑續編\歷世真仙體道通鑑續編__juan_02.txt,8711,8617,0,separate,0.24056199168388293,wenyan-like,38239,0.010538978529773268,0.06108946363660137,17.506750241080038,0,0
元朝,335060,歷世真仙體道通鑑續編,歷世真仙體道通鑑續編/3,歷世真仙體道通鑑續編,3,scrape_output\raw\元朝\歷世真仙體道通鑑續編\歷世真仙體道通鑑續編__juan_03.txt,scrape_output\clean\元朝\歷世真仙體道通鑑續編\歷世真仙體道通鑑續編__juan_03.txt,7144,7143,0,separate,0.24056199168388293,wenyan-like,38239,0.010538978529773268,0.06108946363660137,17.506750241080038,0,0
元朝,335060,歷世真仙體道通鑑續編,歷世真仙體道通鑑續編/4,歷世真仙體道通鑑續編,4,scrape_output\raw\元朝\歷世真仙體道通鑑續編\歷世真仙體道通鑑續編__juan_04.txt,scrape_output\clean\元朝\歷世真仙體道通鑑續編\歷世真仙體道通鑑續編__juan_04.txt,7849,7768,0,separate,0.24056199168388293,wenyan-like,38239,0.010538978529773268,0.06108946363660137,17.506750241080038,0,0
元朝,335060,歷世真仙體道通鑑續編,歷世真仙體道通鑑續編/5,歷世真仙體道通鑑續編,5,scrape_output\raw\元朝\歷世真仙體道通鑑續編\歷世真仙體道通鑑續編__juan_05.txt,scrape_output\clean\元朝\歷世真仙體道通鑑續編\歷世真仙體道通鑑續編__juan_05.txt,6192,6149,0,separate,0.24056199168388293,wenyan-like,38239,0.010538978529773268,0.06108946363660137,17.506750241080038,0,0
元朝,768898,歸來 (歸來人境異),歸來 (歸來人境異),歸來 (歸來人境異),1,scrape_output\raw\元朝\歸來 (歸來人境異)\歸來 (歸來人境異)__juan_01.txt,scrape_output\clean\元朝\歸來 (歸來人境異)\歸來 (歸來人境異)__juan_01.txt,133,89,0,separate,0.02531645569620253,unknown,79,0.0,0.012658227848101266,10.571428571428571,0,1
元朝,768859,歸來 (王冕),歸來 (王冕),歸來 (王冕),1,scrape_output\raw\元朝\歸來 (王冕)\歸來 (王冕)__juan_01.txt,scrape_output\clean\元朝\歸來 (王冕)\歸來 (王冕)__juan_01.txt,213,169,0,separate,0.027210884353741496,unknown,147,0.0,0.013605442176870748,10.615384615384615,0,1
元朝,768926,歸來 (頭白歸來驚面生),歸來 (頭白歸來驚面生),歸來 (頭白歸來驚面生),1,scrape_output\raw\元朝\歸來 (頭白歸來驚面生)\歸來 (頭白歸來驚面生)__juan_01.txt,scrape_output\clean\元朝\歸來 (頭白歸來驚面生)\歸來 (頭白歸來驚面生)__juan_01.txt,149,105,0,separate,0.042105263157894736,unknown,95,0.0,0.021052631578947368,12.857142857142858,0,1
元朝,107089,歸潛志,歸潛志/00,歸潛志,1,scrape_output\raw\元朝\歸潛志\歸潛志__juan_01.txt,scrape_output\clean\元朝\歸潛志\歸潛志__juan_01.txt,445,398,0,separate,0.22824441602097228,wenyan-like,94601,0.008498853077663026,0.05187048762698069,15.586673607496095,0,0
元朝,107089,歸潛志,歸潛志/01,歸潛志,2,scrape_output\raw\元朝\歸潛志\歸潛志__juan_02.txt,scrape_output\clean\元朝\歸潛志\歸潛志__juan_02.txt,5384,5304,0,separate,0.22824441602097228,wenyan-like,94601,0.008498853077663026,0.05187048762698069,15.586673607496095,0,0
元朝,107089,歸潛志,歸潛志/02,歸潛志,3,scrape_output\raw\元朝\歸潛志\歸潛志__juan_03.txt,scrape_output\clean\元朝\歸潛志\歸潛志__juan_03.txt,5373,5300,0,separate,0.22824441602097228,wenyan-like,94601,0.008498853077663026,0.05187048762698069,15.586673607496095,0,0
元朝,107089,歸潛志,歸潛志/03,歸潛志,4,scrape_output\raw\元朝\歸潛志\歸潛志__juan_04.txt,scrape_output\clean\元朝\歸潛志\歸潛志__juan_04.txt,5386,5309,0,separate,0.22824441602097228,wenyan-like,94601,0.008498853077663026,0.05187048762698069,15.586673607496095,0,0
元朝,107089,歸潛志,歸潛志/04,歸潛志,5,scrape_output\raw\元朝\歸潛志\歸潛志__juan_05.txt,scrape_output\clean\元朝\歸潛志\歸潛志__juan_05.txt,6252,6146,0,separate,0.22824441602097228,wenyan-like,94601,0.008498853077663026,0.05187048762698069,15.586673607496095,0,0
元朝,107089,歸潛志,歸潛志/05,歸潛志,6,scrape_output\raw\元朝\歸潛志\歸潛志__juan_06.txt,scrape_output\clean\元朝\歸潛志\歸潛志__juan_06.txt,6650,6555,0,separate,0.22824441602097228,wenyan-like,94601,0.008498853077663026,0.05187048762698069,15.586673607496095,0,0
元朝,107089,歸潛志,歸潛志/06,歸潛志,7,scrape_output\raw\元朝\歸潛志\歸潛志__juan_07.txt,scrape_output\clean\元朝\歸潛志\歸潛志__juan_07.txt,5807,5704,0,separate,0.22824441602097228,wenyan-like,94601,0.008498853077663026,0.05187048762698069,15.586673607496095,0,0
元朝,107089,歸潛志,歸潛志/07,歸潛志,8,scrape_output\raw\元朝\歸潛志\歸潛志__juan_08.txt,scrape_output\clean\元朝\歸潛志\歸潛志__juan_08.txt,5698,5642,0,separate,0.22824441602097228,wenyan-like,94601,0.008498853077663026,0.05187048762698069,15.586673607496095,0,0
元朝,107089,歸潛志,歸潛志/08,歸潛志,9,scrape_output\raw\元朝\歸潛志\歸潛志__juan_09.txt,scrape_output\clean\元朝\歸潛志\歸潛志__juan_09.txt,6969,6886,0,separate,0.22824441602097228,wenyan-like,94601,0.008498853077663026,0.05187048762698069,15.586673607496095,0,0
元朝,107089,歸潛志,歸潛志/09,歸潛志,10,scrape_output\raw\元朝\歸潛志\歸潛志__juan_10.txt,scrape_output\clean\元朝\歸潛志\歸潛志__juan_10.txt,8568,8435,0,separate,0.22824441602097228,wenyan-like,94601,0.008498853077663026,0.05187048762698069,15.586673607496095,0,0
元朝,107089,歸潛志,歸潛志/10,歸潛志,11,scrape_output\raw\元朝\歸潛志\歸潛志__juan_11.txt,scrape_output\clean\元朝\歸潛志\歸潛志__juan_11.txt,7230,7137,0,separate,0.22824441602097228,wenyan-like,94601,0.008498853077663026,0.05187048762698069,15.586673607496095,0,0
元朝,107089,歸潛志,歸潛志/11,歸潛志,12,scrape_output\raw\元朝\歸潛志\歸潛志__juan_12.txt,scrape_output\clean\元朝\歸潛志\歸潛志__juan_12.txt,5098,5019,0,separate,0.22824441602097228,wenyan-like,94601,0.008498853077663026,0.05187048762698069,15.586673607496095,0,0
元朝,107089,歸潛志,歸潛志/12,歸潛志,13,scrape_output\raw\元朝\歸潛志\歸潛志__juan_13.txt,scrape_output\clean\元朝\歸潛志\歸潛志__juan_13.txt,6307,6245,0,separate,0.22824441602097228,wenyan-like,94601,0.008498853077663026,0.05187048762698069,15.586673607496095,0,0
元朝,107089,歸潛志,歸潛志/13,歸潛志,14,scrape_output\raw\元朝\歸潛志\歸潛志__juan_14.txt,scrape_output\clean\元朝\歸潛志\歸潛志__juan_14.txt,14833,14757,0,separate,0.22824441602097228,wenyan-like,94601,0.008498853077663026,0.05187048762698069,15.586673607496095,0,0
元朝,107089,歸潛志,歸潛志/14,歸潛志,15,scrape_output\raw\元朝\歸潛志\歸潛志__juan_15.txt,scrape_output\clean\元朝\歸潛志\歸潛志__juan_15.txt,5503,5427,0,separate,0.22824441602097228,wenyan-like,94601,0.008498853077663026,0.05187048762698069,15.586673607496095,0,0
元朝,107089,歸潛志,歸潛志/15,歸潛志,16,scrape_output\raw\元朝\歸潛志\歸潛志__juan_16.txt,scrape_output\clean\元朝\歸潛志\歸潛志__juan_16.txt,1286,1236,0,separate,0.22824441602097228,wenyan-like,94601,0.008498853077663026,0.05187048762698069,15.586673607496095,0,0
元朝,107089,歸潛志,歸潛志/16,歸潛志,17,scrape_output\raw\元朝\歸潛志\歸潛志__juan_17.txt,scrape_output\clean\元朝\歸潛志\歸潛志__juan_17.txt,1610,1558,0,separate,0.22824441602097228,wenyan-like,94601,0.008498853077663026,0.05187048762698069,15.586673607496095,0,0
元朝,1179525,殿試謝恩次韻,殿試謝恩次韻,殿試謝恩次韻,1,scrape_output\raw\元朝\殿試謝恩次韻\殿試謝恩次韻__juan_01.txt,scrape_output\clean\元朝\殿試謝恩次韻\殿試謝恩次韻__juan_01.txt,149,105,0,separate,0.06315789473684211,unknown,95,0.0,0.031578947368421054,12.857142857142858,0,1
元朝,882351,毀假山賦并序,毀假山賦并序,毀假山賦并序,1,scrape_output\raw\元朝\毀假山賦并序\毀假山賦并序__juan_01.txt,scrape_output\clean\元朝\毀假山賦并序\毀假山賦并序__juan_01.txt,1121,633,0,separate,0.49551282051282053,wenyan-like,624,0.009615384615384616,0.11217948717948718,88.71428571428571,0,0
元朝,766362,毗陵秋懷,毗陵秋懷,毗陵秋懷,1,scrape_output\raw\元朝\毗陵秋懷\毗陵秋懷__juan_01.txt,scrape_output\clean\元朝\毗陵秋懷\毗陵秋懷__juan_01.txt,149,105,0,separate,-0.010526315789473686,unknown,95,0.010526315789473684,0.010526315789473684,12.857142857142858,0,1
元朝,765133,毛隱上人序,毛隱上人序,毛隱上人序,1,scrape_output\raw\元朝\毛隱上人序\毛隱上人序__juan_01.txt,scrape_output\clean\元朝\毛隱上人序\毛隱上人序__juan_01.txt,690,646,0,separate,0.3148351648351648,wenyan-like,637,0.004709576138147566,0.08948194662480377,21.137931034482758,0,0
元朝,768835,水仙圖,水仙圖,水仙圖,1,scrape_output\raw\元朝\水仙圖\水仙圖__juan_01.txt,scrape_output\clean\元朝\水仙圖\水仙圖__juan_01.txt,185,141,0,separate,0.047244094488188976,unknown,127,0.0,0.023622047244094488,13.333333333333334,0,1
元朝,876646,水仙花賦 (任士林),水仙花賦 (任士林),水仙花賦 (任士林),1,scrape_output\raw\元朝\水仙花賦 (任士林)\水仙花賦 (任士林)__juan_01.txt,scrape_output\clean\元朝\水仙花賦 (任士林)\水仙花賦 (任士林)__juan_01.txt,270,226,0,separate,0.43513513513513513,wenyan-like,222,0.0,0.06756756756756757,55.0,0,0
元朝,886409,水平橋,水平橋,水平橋,1,scrape_output\raw\元朝\水平橋\水平橋__juan_01.txt,scrape_output\clean\元朝\水平橋\水平橋__juan_01.txt,113,69,0,separate,0.06349206349206349,unknown,63,0.0,0.031746031746031744,12.0,0,1
元朝,871253,水龍吟,水龍吟·西湖懷古,水龍吟,1,scrape_output\raw\元朝\水龍吟\水龍吟__juan_01.txt,scrape_output\clean\元朝\水龍吟\水龍吟__juan_01.txt,125,125,0,separate,-0.024,unknown,125,0.008,0.0,14.625,0,1
元朝,885615,永嘉周道人求詩一首,永嘉周道人求詩一首,永嘉周道人求詩一首,1,scrape_output\raw\元朝\永嘉周道人求詩一首\永嘉周道人求詩一首__juan_01.txt,scrape_output\clean\元朝\永嘉周道人求詩一首\永嘉周道人求詩一首__juan_01.txt,133,89,0,separate,0.02531645569620253,unknown,79,0.0,0.012658227848101266,10.571428571428571,0,1
元朝,882276,永歌賦并序,永歌賦并序,永歌賦并序,1,scrape_output\raw\元朝\永歌賦并序\永歌賦并序__juan_01.txt,scrape_output\clean\元朝\永歌賦并序\永歌賦并序__juan_01.txt,1034,544,0,separate,0.12546816479400746,wenyan-like,534,0.009363295880149813,0.07677902621722846,14.823529411764707,0,0
元朝,1187085,永遇樂 (璧月初晴),永遇樂 (璧月初晴),永遇樂 (璧月初晴),1,scrape_output\raw\元朝\永遇樂 (璧月初晴)\永遇樂 (璧月初晴)__juan_01.txt,scrape_output\clean\元朝\永遇樂 (璧月初晴)\永遇樂 (璧月初晴)__juan_01.txt,223,179,0,separate,-0.0062893081761006275,unknown,159,0.018867924528301886,0.025157232704402517,11.538461538461538,0,1
元朝,135764,汝南遺事,汝南遺事/卷一,汝南遺事,1,scrape_output\raw\元朝\汝南遺事\汝南遺事__juan_01.txt,scrape_output\clean\元朝\汝南遺事\汝南遺事__juan_01.txt,4784,4619,0,separate,0.05503853839566086,wenyan-like,17515,0.009591778475592349,0.04190693691121895,11.946159368269921,0,0
元朝,135764,汝南遺事,汝南遺事/卷二,汝南遺事,2,scrape_output\raw\元朝\汝南遺事\汝南遺事__juan_02.txt,scrape_output\clean\元朝\汝南遺事\汝南遺事__juan_02.txt,4485,4332,0,separate,0.05503853839566086,wenyan-like,17515,0.009591778475592349,0.04190693691121895,11.946159368269921,0,0
元朝,135764,汝南遺事,汝南遺事/卷三,汝南遺事,3,scrape_output\raw\元朝\汝南遺事\汝南遺事__juan_03.txt,scrape_output\clean\元朝\汝南遺事\汝南遺事__juan_03.txt,4797,4599,0,separate,0.05503853839566086,wenyan-like,17515,0.009591778475592349,0.04190693691121895,11.946159368269921,0,0
元朝,135764,汝南遺事,汝南遺事/卷四,汝南遺事,4,scrape_output\raw\元朝\汝南遺事\汝南遺事__juan_04.txt,scrape_output\clean\元朝\汝南遺事\汝南遺事__juan_04.txt,5084,4961,0,separate,0.05503853839566086,wenyan-like,17515,0.009591778475592349,0.04190693691121895,11.946159368269921,0,0
元朝,1179596,江上聞笛 (薩都剌),江上聞笛 (薩都剌),江上聞笛 (薩都剌),1,scrape_output\raw\元朝\江上聞笛 (薩都剌)\江上聞笛 (薩都剌)__juan_01.txt,scrape_output\clean\元朝\江上聞笛 (薩都剌)\江上聞笛 (薩都剌)__juan_01.txt,149,105,0,separate,-0.04210526315789474,unknown,95,0.021052631578947368,0.010526315789473684,12.857142857142858,0,1
元朝,1179586,江南怨 (薩都剌),江南怨 (薩都剌),江南怨 (薩都剌),1,scrape_output\raw\元朝\江南怨 (薩都剌)\江南怨 (薩都剌)__juan_01.txt,scrape_output\clean\元朝\江南怨 (薩都剌)\江南怨 (薩都剌)__juan_01.txt,191,147,0,separate,0.0,unknown,131,0.015267175572519083,0.022900763358778626,12.4,0,1
元朝,1179630,江南春次前韻,江南春次前韻,江南春次前韻,1,scrape_output\raw\元朝\江南春次前韻\江南春次前韻__juan_01.txt,scrape_output\clean\元朝\江南春次前韻\江南春次前韻__juan_01.txt,185,141,0,separate,0.031496062992125984,unknown,127,0.0,0.015748031496062992,13.333333333333334,0,1
元朝,1179585,江南樂,江南樂,江南樂,1,scrape_output\raw\元朝\江南樂\江南樂__juan_01.txt,scrape_output\clean\元朝\江南樂\江南樂__juan_01.txt,191,147,0,separate,0.030534351145038167,unknown,131,0.0,0.015267175572519083,12.4,0,1
元朝,1179567,江城翫雪,江城翫雪,江城翫雪,1,scrape_output\raw\元朝\江城翫雪\江城翫雪__juan_01.txt,scrape_output\clean\元朝\江城翫雪\江城翫雪__juan_01.txt,149,105,0,separate,0.021052631578947368,unknown,95,0.0,0.010526315789473684,12.857142857142858,0,1
元朝,765390,江聲月色樓記,江聲月色樓記,江聲月色樓記,1,scrape_output\raw\元朝\江聲月色樓記\江聲月色樓記__juan_01.txt,scrape_output\clean\元朝\江聲月色樓記\江聲月色樓記__juan_01.txt,703,659,0,separate,0.5672811059907834,wenyan-like,651,0.006144393241167435,0.14285714285714285,27.434782608695652,0,0
元朝,766477,江邊竹枝詞,江邊竹枝詞,江邊竹枝詞,1,scrape_output\raw\元朝\江邊竹枝詞\江邊竹枝詞__juan_01.txt,scrape_output\clean\元朝\江邊竹枝詞\江邊竹枝詞__juan_01.txt,329,285,0,separate,0.00392156862745098,wenyan-like,255,0.00392156862745098,0.00784313725490196,14.117647058823529,0,0
元朝,886034,池亭用前韻,池亭用前韻,池亭用前韻,1,scrape_output\raw\元朝\池亭用前韻\池亭用前韻__juan_01.txt,scrape_output\clean\元朝\池亭用前韻\池亭用前韻__juan_01.txt,149,105,0,separate,-0.010526315789473686,unknown,95,0.010526315789473684,0.010526315789473684,12.857142857142858,0,1
元朝,886239,池亭睡起,池亭睡起,池亭睡起,1,scrape_output\raw\元朝\池亭睡起\池亭睡起__juan_01.txt,scrape_output\clean\元朝\池亭睡起\池亭睡起__juan_01.txt,105,61,0,separate,0.03636363636363636,unknown,55,0.0,0.01818181818181818,10.4,0,1
元朝,765160,沈氏今樂府序,沈氏今樂府序,沈氏今樂府序,1,scrape_output\raw\元朝\沈氏今樂府序\沈氏今樂府序__juan_01.txt,scrape_output\clean\元朝\沈氏今樂府序\沈氏今樂府序__juan_01.txt,663,619,0,separate,0.32733990147783254,wenyan-like,609,0.013136288998357963,0.10837438423645321,20.137931034482758,0,0
元朝,885308,沐浴子 (耶律鑄),沐浴子 (耶律鑄),沐浴子 (耶律鑄),1,scrape_output\raw\元朝\沐浴子 (耶律鑄)\沐浴子 (耶律鑄)__juan_01.txt,scrape_output\clean\元朝\沐浴子 (耶律鑄)\沐浴子 (耶律鑄)__juan_01.txt,150,104,0,separate,0.10752688172043011,unknown,93,0.0,0.053763440860215055,11.0,0,1
元朝,886335,沙磧道中,沙磧道中,沙磧道中,1,scrape_output\raw\元朝\沙磧道中\沙磧道中__juan_01.txt,scrape_output\clean\元朝\沙磧道中\沙磧道中__juan_01.txt,137,91,0,separate,0.024096385542168676,unknown,83,0.0,0.012048192771084338,11.285714285714286,0,1
元朝,159798,沙門島張生煮海,沙門島張生煮海,沙門島張生煮海,1,scrape_output\suspected_baihua\raw\元朝\沙門島張生煮海\沙門島張生煮海__juan_01.txt,scrape_output\suspected_baihua\clean\元朝\沙門島張生煮海\沙門島張生煮海__juan_01.txt,9133,8889,0,separate,-0.034966698382492875,baihua-like,8408,0.03758325404376784,0.038891531874405326,13.281456953642385,0,0
元朝,1179425,沛尉蔣景山沛簿趙伯顔送予金溝月夜别去有懷,沛尉蔣景山沛簿趙伯顔送予金溝月夜别去有懷,沛尉蔣景山沛簿趙伯顔送予金溝月夜别去有懷,1,scrape_output\raw\元朝\沛尉蔣景山沛簿趙伯顔送予金溝月夜别去有懷\沛尉蔣景山沛簿趙伯顔送予金溝月夜别去有懷__juan_01.txt,scrape_output\clean\元朝\沛尉蔣景山沛簿趙伯顔送予金溝月夜别去有懷\沛尉蔣景山沛簿趙伯顔送予金溝月夜别去有懷__juan_01.txt,113,69,0,separate,0.031746031746031744,unknown,63,0.0,0.015873015873015872,12.0,0,1
元朝,125676,河南志,河南志,河南志,1,scrape_output\raw\元朝\河南志\河南志__juan_01.txt,scrape_output\clean\元朝\河南志\河南志__juan_01.txt,56271,56210,0,separate,0.023787689824664372,wenyan-like,54524,0.009298657471938962,0.02584183112024063,11.776746344859596,0,0
元朝,112592,河朔訪古記,河朔訪古記,河朔訪古記,1,scrape_output\raw\元朝\河朔訪古記\河朔訪古記__juan_01.txt,scrape_output\clean\元朝\河朔訪古記\河朔訪古記__juan_01.txt,31751,31563,0,separate,0.2313497169325785,wenyan-like,31088,0.005371847658260422,0.04873262995367988,20.35904436860068,0,0
元朝,763995,河朔訪古記序,河朔訪古記序,河朔訪古記序,1,scrape_output\raw\元朝\河朔訪古記序\河朔訪古記序__juan_01.txt,scrape_output\clean\元朝\河朔訪古記序\河朔訪古記序__juan_01.txt,609,565,0,separate,0.4474820143884892,wenyan-like,556,0.007194244604316547,0.08453237410071943,45.833333333333336,0,0
元朝,600983,河東張緯緯文,河東張緯緯文,河東張緯緯文,1,scrape_output\raw\元朝\河東張緯緯文\河東張緯緯文__juan_01.txt,scrape_output\clean\元朝\河東張緯緯文\河東張緯緯文__juan_01.txt,149,105,0,separate,0.042105263157894736,unknown,95,0.0,0.021052631578947368,12.857142857142858,0,1
元朝,600969,河東白華文舉集句,河東白華文舉集句,河東白華文舉集句,1,scrape_output\raw\元朝\河東白華文舉集句\河東白華文舉集句__juan_01.txt,scrape_output\clean\元朝\河東白華文舉集句\河東白華文舉集句__juan_01.txt,221,177,0,separate,0.02515723270440251,unknown,159,0.012578616352201259,0.031446540880503145,13.636363636363637,0,1
元朝,107928,河源志,河源志,河源志,1,scrape_output\raw\元朝\河源志\河源志__juan_01.txt,scrape_output\clean\元朝\河源志\河源志__juan_01.txt,2348,2299,0,separate,0.21063268892794376,wenyan-like,2276,0.009666080843585237,0.04481546572934974,19.035087719298247,0,0
元朝,885086,河西歌,河西歌,河西歌,1,scrape_output\raw\元朝\河西歌\河西歌__juan_01.txt,scrape_output\clean\元朝\河西歌\河西歌__juan_01.txt,113,69,0,separate,-0.015873015873015872,unknown,63,0.015873015873015872,0.015873015873015872,12.0,0,1
元朝,1127074,河防通議,河防通議/卷上,河防通議,1,scrape_output\raw\元朝\河防通議\河防通議__juan_01.txt,scrape_output\clean\元朝\河防通議\河防通議__juan_01.txt,10210,9804,0,separate,0.02803536769463015,wenyan-like,18548,0.010890662065990942,0.030353676946301488,13.019794721407624,0,0
元朝,1127074,河防通議,河防通議/卷下,河防通議,2,scrape_output\raw\元朝\河防通議\河防通議__juan_02.txt,scrape_output\clean\元朝\河防通議\河防通議__juan_02.txt,9367,9159,0,separate,0.02803536769463015,wenyan-like,18548,0.010890662065990942,0.030353676946301488,13.019794721407624,0,0
元朝,1127074,河防通議,河防通議/原序,河防通議,3,scrape_output\raw\元朝\河防通議\河防通議__juan_03.txt,scrape_output\clean\元朝\河防通議\河防通議__juan_03.txt,462,370,0,separate,0.02803536769463015,wenyan-like,18548,0.010890662065990942,0.030353676946301488,13.019794721407624,0,0
元朝,1127074,河防通議,河防通議/後序,河防通議,4,scrape_output\raw\元朝\河防通議\河防通議__juan_04.txt,scrape_output\clean\元朝\河防通議\河防通議__juan_04.txt,241,149,0,separate,0.02803536769463015,wenyan-like,18548,0.010890662065990942,0.030353676946301488,13.019794721407624,0,0
元朝,1179391,泊江家步無月同孟志學小酌溪上,泊江家步無月同孟志學小酌溪上,泊江家步無月同孟志學小酌溪上,1,scrape_output\raw\元朝\泊江家步無月同孟志學小酌溪上\泊江家步無月同孟志學小酌溪上__juan_01.txt,scrape_output\clean\元朝\泊江家步無月同孟志學小酌溪上\泊江家步無月同孟志學小酌溪上__juan_01.txt,149,105,0,separate,0.010526315789473682,unknown,95,0.010526315789473684,0.021052631578947368,12.857142857142858,0,1
元朝,768855,泊瓜洲,泊瓜洲,泊瓜洲,1,scrape_output\raw\元朝\泊瓜洲\泊瓜洲__juan_01.txt,scrape_output\clean\元朝\泊瓜洲\泊瓜洲__juan_01.txt,133,89,0,separate,0.02531645569620253,unknown,79,0.0,0.012658227848101266,10.571428571428571,0,1
元朝,886036,泊白鱮江塵外亭高道士携琴相訪,泊白鱮江塵外亭高道士携琴相訪,泊白鱮江塵外亭高道士携琴相訪,1,scrape_output\raw\元朝\泊白鱮江塵外亭高道士携琴相訪\泊白鱮江塵外亭高道士携琴相訪__juan_01.txt,scrape_output\clean\元朝\泊白鱮江塵外亭高道士携琴相訪\泊白鱮江塵外亭高道士携琴相訪__juan_01.txt,171,125,0,separate,-0.03508771929824561,unknown,114,0.017543859649122806,0.008771929824561403,13.625,0,1
元朝,1179249,泊舟黃河口登岸試弓,泊舟黃河口登岸試弓,泊舟黃河口登岸試弓,1,scrape_output\raw\元朝\泊舟黃河口登岸試弓\泊舟黃河口登岸試弓__juan_01.txt,scrape_output\clean\元朝\泊舟黃河口登岸試弓\泊舟黃河口登岸試弓__juan_01.txt,133,89,0,separate,0.02531645569620253,unknown,79,0.0,0.012658227848101266,10.571428571428571,0,1
元朝,107084,法書攷,法書攷/揭徯斯序,法書攷,1,scrape_output\raw\元朝\法書攷\法書攷__juan_01.txt,scrape_output\clean\元朝\法書攷\法書攷__juan_01.txt,436,392,0,separate,0.314367816091954,wenyan-like,870,0.008045977011494253,0.09425287356321839,16.64,0,0
元朝,107084,法書攷,法書攷/歐陽玄序,法書攷,2,scrape_output\raw\元朝\法書攷\法書攷__juan_02.txt,scrape_output\clean\元朝\法書攷\法書攷__juan_02.txt,346,302,0,separate,0.314367816091954,wenyan-like,870,0.008045977011494253,0.09425287356321839,16.64,0,0
元朝,107084,法書攷,法書攷/虞集序,法書攷,3,scrape_output\raw\元朝\法書攷\法書攷__juan_03.txt,scrape_output\clean\元朝\法書攷\法書攷__juan_03.txt,245,201,0,separate,0.314367816091954,wenyan-like,870,0.008045977011494253,0.09425287356321839,16.64,0,0
元朝,135911,法書通釋,法書通釋,法書通釋,1,scrape_output\raw\元朝\法書通釋\法書通釋__juan_01.txt,scrape_output\clean\元朝\法書通釋\法書通釋__juan_01.txt,19793,19112,0,separate,0.11119725329493853,wenyan-like,18058,0.007863550780817366,0.06739395281869531,11.805266805266806,0,0
元朝,886404,泛城南蓮湖,泛城南蓮湖,泛城南蓮湖,1,scrape_output\raw\元朝\泛城南蓮湖\泛城南蓮湖__juan_01.txt,scrape_output\clean\元朝\泛城南蓮湖\泛城南蓮湖__juan_01.txt,113,69,0,separate,0.031746031746031744,unknown,63,0.0,0.015873015873015872,12.0,0,1
元朝,885619,泛太液池,泛太液池,泛太液池,1,scrape_output\raw\元朝\泛太液池\泛太液池__juan_01.txt,scrape_output\clean\元朝\泛太液池\泛太液池__juan_01.txt,154,108,0,separate,0.061855670103092786,unknown,97,0.0,0.030927835051546393,11.5,0,1
元朝,159621,洞庭湖柳毅傳書,洞庭湖柳毅傳書,洞庭湖柳毅傳書,1,scrape_output\suspected_baihua\raw\元朝\洞庭湖柳毅傳書\洞庭湖柳毅傳書__juan_01.txt,scrape_output\suspected_baihua\clean\元朝\洞庭湖柳毅傳書\洞庭湖柳毅傳書__juan_01.txt,10581,10371,0,separate,-0.05024971970237489,baihua-like,9811,0.0422994597900316,0.03832432983385995,12.706122448979592,0,0
元朝,600987,洺水劉肅才卿,洺水劉肅才卿,洺水劉肅才卿,1,scrape_output\raw\元朝\洺水劉肅才卿\洺水劉肅才卿__juan_01.txt,scrape_output\clean\元朝\洺水劉肅才卿\洺水劉肅才卿__juan_01.txt,133,89,0,separate,-0.012658227848101267,unknown,79,0.012658227848101266,0.012658227848101266,10.571428571428571,0,1
元朝,352275,活幼心書,活幼心書,活幼心書,1,scrape_output\raw\元朝\活幼心書\活幼心書__juan_01.txt,scrape_output\clean\元朝\活幼心書\活幼心書__juan_01.txt,75087,74965,0,separate,0.3618422707643285,wenyan-like,71553,0.004989308624376337,0.03840509831872877,31.06608315098468,0,0
元朝,874471,浙江亭,浙江亭,浙江亭,1,scrape_output\raw\元朝\浙江亭\浙江亭__juan_01.txt,scrape_output\clean\元朝\浙江亭\浙江亭__juan_01.txt,65,65,0,separate,0.18125,unknown,64,0.0,0.015625,15.0,0,1
元朝,765179,浙西憲府經歷司題名記,浙西憲府經歷司題名記,浙西憲府經歷司題名記,1,scrape_output\raw\元朝\浙西憲府經歷司題名記\浙西憲府經歷司題名記__juan_01.txt,scrape_output\clean\元朝\浙西憲府經歷司題名記\浙西憲府經歷司題名記__juan_01.txt,418,374,0,separate,0.3917582417582418,wenyan-like,364,0.01098901098901099,0.13736263736263737,19.38888888888889,0,0
元朝,766443,浦東女,浦東女,浦東女,1,scrape_output\raw\元朝\浦東女\浦東女__juan_01.txt,scrape_output\clean\元朝\浦東女\浦東女__juan_01.txt,293,249,0,separate,0.008968609865470852,wenyan-like,223,0.0,0.004484304932735426,14.0,0,0
元朝,195725,浮雲道院詩二十二首,浮雲道院詩二十二首,浮雲道院詩二十二首,1,scrape_output\raw\元朝\浮雲道院詩二十二首\浮雲道院詩二十二首__juan_01.txt,scrape_output\clean\元朝\浮雲道院詩二十二首\浮雲道院詩二十二首__juan_01.txt,1322,1230,0,separate,0.015151515151515152,wenyan-like,1056,0.013257575757575758,0.027462121212121212,10.115789473684211,0,0
元朝,195703,浴沂風雩詠而歸論,浴沂風雩詠而歸論,浴沂風雩詠而歸論,1,scrape_output\raw\元朝\浴沂風雩詠而歸論\浴沂風雩詠而歸論__juan_01.txt,scrape_output\clean\元朝\浴沂風雩詠而歸論\浴沂風雩詠而歸論__juan_01.txt,560,468,0,separate,0.39145299145299145,wenyan-like,468,0.023504273504273504,0.15598290598290598,20.272727272727273,0,0
元朝,765180,海漕府經歷司記,海漕府經歷司記,海漕府經歷司記,1,scrape_output\raw\元朝\海漕府經歷司記\海漕府經歷司記__juan_01.txt,scrape_output\clean\元朝\海漕府經歷司記\海漕府經歷司記__juan_01.txt,770,726,0,separate,0.35641562064156207,wenyan-like,717,0.008368200836820083,0.11576011157601115,23.033333333333335,0,0
元朝,765181,海鹽州重修學宮記,海鹽州重修學宮記,海鹽州重修學宮記,1,scrape_output\raw\元朝\海鹽州重修學宮記\海鹽州重修學宮記__juan_01.txt,scrape_output\clean\元朝\海鹽州重修學宮記\海鹽州重修學宮記__juan_01.txt,862,818,0,separate,0.3131644004944376,wenyan-like,809,0.009888751545117428,0.09641532756489493,23.606060606060606,0,0
元朝,1212185,淨土境觀要門,淨土境觀要門,淨土境觀要門,1,scrape_output\raw\元朝\淨土境觀要門\淨土境觀要門__juan_01.txt,scrape_output\clean\元朝\淨土境觀要門\淨土境觀要門__juan_01.txt,3598,3502,0,separate,0.0727168622960206,wenyan-like,3493,0.018894932722588034,0.06470083023189235,8.476964769647697,0,0
元朝,1212188,淨土或問,淨土或問,淨土或問,1,scrape_output\raw\元朝\淨土或問\淨土或問__juan_01.txt,scrape_output\clean\元朝\淨土或問\淨土或問__juan_01.txt,17967,17871,0,separate,0.1284326388498905,wenyan-like,17807,0.01241084966586174,0.08283259392373786,6.638507718696398,0,0
元朝,338602,淨明忠孝全書,淨明忠孝全書/1,淨明忠孝全書,1,scrape_output\raw\元朝\淨明忠孝全書\淨明忠孝全書__juan_01.txt,scrape_output\clean\元朝\淨明忠孝全書\淨明忠孝全書__juan_01.txt,12081,10729,0,separate,0.2754851228978008,wenyan-like,30147,0.017746376090489933,0.08936212558463529,19.914246196403873,0,0
元朝,338602,淨明忠孝全書,淨明忠孝全書/2,淨明忠孝全書,2,scrape_output\raw\元朝\淨明忠孝全書\淨明忠孝全書__juan_02.txt,scrape_output\clean\元朝\淨明忠孝全書\淨明忠孝全書__juan_02.txt,1687,1513,0,separate,0.2754851228978008,wenyan-like,30147,0.017746376090489933,0.08936212558463529,19.914246196403873,0,0
元朝,338602,淨明忠孝全書,淨明忠孝全書/3,淨明忠孝全書,3,scrape_output\raw\元朝\淨明忠孝全書\淨明忠孝全書__juan_03.txt,scrape_output\clean\元朝\淨明忠孝全書\淨明忠孝全書__juan_03.txt,5933,5284,0,separate,0.2754851228978008,wenyan-like,30147,0.017746376090489933,0.08936212558463529,19.914246196403873,0,0
元朝,338602,淨明忠孝全書,淨明忠孝全書/4,淨明忠孝全書,4,scrape_output\raw\元朝\淨明忠孝全書\淨明忠孝全書__juan_04.txt,scrape_output\clean\元朝\淨明忠孝全書\淨明忠孝全書__juan_04.txt,5310,4729,0,separate,0.2754851228978008,wenyan-like,30147,0.017746376090489933,0.08936212558463529,19.914246196403873,0,0
元朝,338602,淨明忠孝全書,淨明忠孝全書/5,淨明忠孝全書,5,scrape_output\raw\元朝\淨明忠孝全書\淨明忠孝全書__juan_05.txt,scrape_output\clean\元朝\淨明忠孝全書\淨明忠孝全書__juan_05.txt,3788,3343,0,separate,0.2754851228978008,wenyan-like,30147,0.017746376090489933,0.08936212558463529,19.914246196403873,0,0
元朝,338602,淨明忠孝全書,淨明忠孝全書/6,淨明忠孝全書,6,scrape_output\raw\元朝\淨明忠孝全書\淨明忠孝全書__juan_06.txt,scrape_output\clean\元朝\淨明忠孝全書\淨明忠孝全書__juan_06.txt,5592,4993,0,separate,0.2754851228978008,wenyan-like,30147,0.017746376090489933,0.08936212558463529,19.914246196403873,0,0
元朝,766353,淮安忠武王箭歌題垂虹橋亭,淮安忠武王箭歌題垂虹橋亭,淮安忠武王箭歌題垂虹橋亭,1,scrape_output\raw\元朝\淮安忠武王箭歌題垂虹橋亭\淮安忠武王箭歌題垂虹橋亭__juan_01.txt,scrape_output\clean\元朝\淮安忠武王箭歌題垂虹橋亭\淮安忠武王箭歌題垂虹橋亭__juan_01.txt,339,295,0,separate,0.0038022813688212923,wenyan-like,263,0.0038022813688212928,0.0076045627376425855,13.777777777777779,0,0
元朝,1179503,清庵攜酒訪,清庵攜酒訪,清庵攜酒訪,1,scrape_output\raw\元朝\清庵攜酒訪\清庵攜酒訪__juan_01.txt,scrape_output\clean\元朝\清庵攜酒訪\清庵攜酒訪__juan_01.txt,149,105,0,separate,0.021052631578947368,unknown,95,0.0,0.010526315789473684,12.857142857142858,0,1
元朝,885751,清明 (耶律鑄),清明 (耶律鑄),清明 (耶律鑄),1,scrape_output\raw\元朝\清明 (耶律鑄)\清明 (耶律鑄)__juan_01.txt,scrape_output\clean\元朝\清明 (耶律鑄)\清明 (耶律鑄)__juan_01.txt,149,105,0,separate,0.021052631578947368,unknown,95,0.0,0.010526315789473684,12.857142857142858,0,1
元朝,886048,清明前一日月夜對酒招季淵飲,清明前一日月夜對酒招季淵飲,清明前一日月夜對酒招季淵飲,1,scrape_output\raw\元朝\清明前一日月夜對酒招季淵飲\清明前一日月夜對酒招季淵飲__juan_01.txt,scrape_output\clean\元朝\清明前一日月夜對酒招季淵飲\清明前一日月夜對酒招季淵飲__juan_01.txt,149,105,0,separate,0.021052631578947368,unknown,95,0.0,0.010526315789473684,12.857142857142858,0,1
元朝,1179615,清明日偕曹克明登北固樓,清明日偕曹克明登北固樓,清明日偕曹克明登北固樓,1,scrape_output\raw\元朝\清明日偕曹克明登北固樓\清明日偕曹克明登北固樓__juan_01.txt,scrape_output\clean\元朝\清明日偕曹克明登北固樓\清明日偕曹克明登北固樓__juan_01.txt,239,195,0,separate,0.03428571428571429,unknown,175,0.0,0.017142857142857144,13.75,0,1
元朝,891517,清港渡,清港渡,清港渡,1,scrape_output\raw\元朝\清港渡\清港渡__juan_01.txt,scrape_output\clean\元朝\清港渡\清港渡__juan_01.txt,34,34,0,separate,0.2125,unknown,32,0.0,0.03125,15.0,0,1
元朝,765374,清溪亭記,清溪亭記,清溪亭記,1,scrape_output\raw\元朝\清溪亭記\清溪亭記__juan_01.txt,scrape_output\clean\元朝\清溪亭記\清溪亭記__juan_01.txt,528,484,0,separate,0.5384937238493723,wenyan-like,478,0.012552301255230125,0.13807531380753138,25.77777777777778,0,0
元朝,1179351,渡淮即事,渡淮即事,渡淮即事,1,scrape_output\raw\元朝\渡淮即事\渡淮即事__juan_01.txt,scrape_output\clean\元朝\渡淮即事\渡淮即事__juan_01.txt,113,69,0,separate,-0.06349206349206349,unknown,63,0.031746031746031744,0.015873015873015872,12.0,0,1
元朝,886338,渡陷河,渡陷河,渡陷河,1,scrape_output\raw\元朝\渡陷河\渡陷河__juan_01.txt,scrape_output\clean\元朝\渡陷河\渡陷河__juan_01.txt,164,120,0,separate,-0.045454545454545456,unknown,110,0.02727272727272727,0.01818181818181818,10.4,0,1
元朝,112601,湛淵靜語,湛淵靜語,湛淵靜語,1,scrape_output\raw\元朝\湛淵靜語\湛淵靜語__juan_01.txt,scrape_output\clean\元朝\湛淵靜語\湛淵靜語__juan_01.txt,26838,26692,0,separate,0.2793289428863404,wenyan-like,26421,0.010786874077438401,0.08084478255932781,20.47001620745543,0,0
元朝,112512,湛然居士文集,湛然居士文集,湛然居士文集,1,scrape_output\raw\元朝\湛然居士文集\湛然居士文集__juan_01.txt,scrape_output\clean\元朝\湛然居士文集\湛然居士文集__juan_01.txt,165063,160007,0,separate,0.21211647679537587,wenyan-like,148785,0.008576133346775549,0.04392243841785126,16.8277027027027,0,0
元朝,351981,湯液本草,湯液本草/卷一,湯液本草,1,scrape_output\raw\元朝\湯液本草\湯液本草__juan_01.txt,scrape_output\clean\元朝\湯液本草\湯液本草__juan_01.txt,4633,4416,0,separate,0.11667465686535626,wenyan-like,56319,0.004705339228324367,0.06539533727516468,14.1683115497466,0,0
元朝,351981,湯液本草,湯液本草/卷二,湯液本草,2,scrape_output\raw\元朝\湯液本草\湯液本草__juan_02.txt,scrape_output\clean\元朝\湯液本草\湯液本草__juan_02.txt,6210,6208,0,separate,0.11667465686535626,wenyan-like,56319,0.004705339228324367,0.06539533727516468,14.1683115497466,0,0
元朝,351981,湯液本草,湯液本草/卷三,湯液本草,3,scrape_output\raw\元朝\湯液本草\湯液本草__juan_03.txt,scrape_output\clean\元朝\湯液本草\湯液本草__juan_03.txt,12159,12159,0,separate,0.11667465686535626,wenyan-like,56319,0.004705339228324367,0.06539533727516468,14.1683115497466,0,0
元朝,351981,湯液本草,湯液本草/卷四,湯液本草,4,scrape_output\raw\元朝\湯液本草\湯液本草__juan_04.txt,scrape_output\clean\元朝\湯液本草\湯液本草__juan_04.txt,12290,12288,0,separate,0.11667465686535626,wenyan-like,56319,0.004705339228324367,0.06539533727516468,14.1683115497466,0,0
元朝,351981,湯液本草,湯液本草/卷五,湯液本草,5,scrape_output\raw\元朝\湯液本草\湯液本草__juan_05.txt,scrape_output\clean\元朝\湯液本草\湯液本草__juan_05.txt,12403,12397,0,separate,0.11667465686535626,wenyan-like,56319,0.004705339228324367,0.06539533727516468,14.1683115497466,0,0
元朝,351981,湯液本草,湯液本草/卷六,湯液本草,6,scrape_output\raw\元朝\湯液本草\湯液本草__juan_06.txt,scrape_output\clean\元朝\湯液本草\湯液本草__juan_06.txt,10547,10533,0,separate,0.11667465686535626,wenyan-like,56319,0.004705339228324367,0.06539533727516468,14.1683115497466,0,0
元朝,351981,湯液本草,湯液本草/序,湯液本草,7,scrape_output\raw\元朝\湯液本草\湯液本草__juan_07.txt,scrape_output\clean\元朝\湯液本草\湯液本草__juan_07.txt,1796,1796,0,separate,0.11667465686535626,wenyan-like,56319,0.004705339228324367,0.06539533727516468,14.1683115497466,0,0
元朝,1179296,溪彷中秋望月,溪彷中秋望月,溪彷中秋望月,1,scrape_output\raw\元朝\溪彷中秋望月\溪彷中秋望月__juan_01.txt,scrape_output\clean\元朝\溪彷中秋望月\溪彷中秋望月__juan_01.txt,133,89,0,separate,-0.012658227848101267,unknown,79,0.012658227848101266,0.012658227848101266,10.571428571428571,0,1
元朝,1179659,溪行中秋翫月并序,溪行中秋翫月并序,溪行中秋翫月并序,1,scrape_output\raw\元朝\溪行中秋翫月并序\溪行中秋翫月并序__juan_01.txt,scrape_output\clean\元朝\溪行中秋翫月并序\溪行中秋翫月并序__juan_01.txt,784,740,0,separate,0.20959302325581394,wenyan-like,688,0.0014534883720930232,0.03197674418604651,16.71794871794872,0,0
元朝,1179335,溪行兩岸皆芙蓉桂花余喜遂賦此詩,溪行兩岸皆芙蓉桂花余喜遂賦此詩,溪行兩岸皆芙蓉桂花余喜遂賦此詩,1,scrape_output\raw\元朝\溪行兩岸皆芙蓉桂花余喜遂賦此詩\溪行兩岸皆芙蓉桂花余喜遂賦此詩__juan_01.txt,scrape_output\clean\元朝\溪行兩岸皆芙蓉桂花余喜遂賦此詩\溪行兩岸皆芙蓉桂花余喜遂賦此詩__juan_01.txt,165,121,0,separate,-0.009345794392523362,unknown,107,0.009345794392523364,0.009345794392523364,11.11111111111111,0,1
元朝,1132225,滹南遺老集引 （王鶚）,滹南遺老集引 （王鶚）,滹南遺老集引 （王鶚）,1,scrape_output\raw\元朝\滹南遺老集引 （王鶚）\滹南遺老集引 （王鶚）__juan_01.txt,scrape_output\clean\元朝\滹南遺老集引 （王鶚）\滹南遺老集引 （王鶚）__juan_01.txt,602,510,0,separate,0.39607843137254906,wenyan-like,510,0.013725490196078431,0.06862745098039216,25.842105263157894,0,0
元朝,1061832,滿庭芳,滿庭芳·西園席間用人韻,滿庭芳,1,scrape_output\raw\元朝\滿庭芳\滿庭芳__juan_01.txt,scrape_output\clean\元朝\滿庭芳\滿庭芳__juan_01.txt,656,168,0,separate,-0.05405405405405406,unknown,148,0.02702702702702703,0.013513513513513514,10.692307692307692,0,1
元朝,352474,漁家傲 (娑婆苦),漁家傲 (娑婆苦),漁家傲 (娑婆苦),1,scrape_output\raw\元朝\漁家傲 (娑婆苦)\漁家傲 (娑婆苦)__juan_01.txt,scrape_output\clean\元朝\漁家傲 (娑婆苦)\漁家傲 (娑婆苦)__juan_01.txt,1619,1575,0,separate,0.3015970515970516,wenyan-like,1221,0.010647010647010647,0.04176904176904177,5.921787709497207,1,0
元朝,764812,漁樵譜序,漁樵譜序,漁樵譜序,1,scrape_output\raw\元朝\漁樵譜序\漁樵譜序__juan_01.txt,scrape_output\clean\元朝\漁樵譜序\漁樵譜序__juan_01.txt,499,455,0,separate,0.39379232505643336,wenyan-like,443,0.013544018058690745,0.14221218961625282,23.833333333333332,0,0
元朝,886590,漁父歎,漁父歎,漁父歎,1,scrape_output\raw\元朝\漁父歎\漁父歎__juan_01.txt,scrape_output\clean\元朝\漁父歎\漁父歎__juan_01.txt,128,82,0,separate,0.05405405405405406,unknown,74,0.0,0.02702702702702703,10.0,0,1
元朝,886288,漁父荅,漁父荅,漁父荅,1,scrape_output\raw\元朝\漁父荅\漁父荅__juan_01.txt,scrape_output\clean\元朝\漁父荅\漁父荅__juan_01.txt,105,61,0,separate,0.03636363636363636,unknown,55,0.0,0.01818181818181818,10.4,0,1
元朝,600982,漁陽趙著光祖,漁陽趙著光祖,漁陽趙著光祖,1,scrape_output\raw\元朝\漁陽趙著光祖\漁陽趙著光祖__juan_01.txt,scrape_output\clean\元朝\漁陽趙著光祖\漁陽趙著光祖__juan_01.txt,155,109,0,separate,0.08421052631578947,unknown,95,0.0,0.042105263157894736,10.0,0,1
元朝,885348,漆城謡,漆城謡,漆城謡,1,scrape_output\raw\元朝\漆城謡\漆城謡__juan_01.txt,scrape_output\clean\元朝\漆城謡\漆城謡__juan_01.txt,109,65,0,separate,-0.016949152542372885,unknown,59,0.01694915254237288,0.01694915254237288,11.2,0,1
元朝,886169,漢宮 (耶律鑄),漢宮 (耶律鑄),漢宮 (耶律鑄),1,scrape_output\raw\元朝\漢宮 (耶律鑄)\漢宮 (耶律鑄)__juan_01.txt,scrape_output\clean\元朝\漢宮 (耶律鑄)\漢宮 (耶律鑄)__juan_01.txt,149,105,0,separate,0.021052631578947368,unknown,95,0.0,0.010526315789473684,12.857142857142858,0,1
元朝,890911,漢宮怨 (宋褧),漢宮怨 (宋褧),漢宮怨 (宋褧),1,scrape_output\raw\元朝\漢宮怨 (宋褧)\漢宮怨 (宋褧)__juan_01.txt,scrape_output\clean\元朝\漢宮怨 (宋褧)\漢宮怨 (宋褧)__juan_01.txt,167,123,0,separate,-0.009174311926605505,unknown,109,0.009174311926605505,0.009174311926605505,11.333333333333334,0,1
元朝,886715,漫興 (耶律鑄),漫興 (耶律鑄),漫興 (耶律鑄),1,scrape_output\raw\元朝\漫興 (耶律鑄)\漫興 (耶律鑄)__juan_01.txt,scrape_output\clean\元朝\漫興 (耶律鑄)\漫興 (耶律鑄)__juan_01.txt,113,69,0,separate,-0.06349206349206349,unknown,63,0.031746031746031744,0.015873015873015872,12.0,0,1
元朝,765443,漱芳齋志,漱芳齋志,漱芳齋志,1,scrape_output\raw\元朝\漱芳齋志\漱芳齋志__juan_01.txt,scrape_output\clean\元朝\漱芳齋志\漱芳齋志__juan_01.txt,666,622,0,separate,0.38127035830618894,wenyan-like,614,0.019543973941368076,0.1449511400651466,22.76923076923077,0,0
元朝,340235,漸悟集,漸悟集,漸悟集,1,scrape_output\raw\元朝\漸悟集\漸悟集__juan_01.txt,scrape_output\clean\元朝\漸悟集\漸悟集__juan_01.txt,86,42,0,separate,0.05555555555555555,unknown,36,0.0,0.027777777777777776,5.833333333333333,0,1
元朝,114388,潛溪集,潛溪集/卷一,潛溪集,1,scrape_output\raw\元朝\潛溪集\潛溪集__juan_01.txt,scrape_output\clean\元朝\潛溪集\潛溪集__juan_01.txt,12844,12831,0,separate,0.30223766504517025,wenyan-like,143900,0.007261987491313412,0.08701181375955525,17.995125164690382,0,0
元朝,114388,潛溪集,潛溪集/卷二,潛溪集,2,scrape_output\raw\元朝\潛溪集\潛溪集__juan_02.txt,scrape_output\clean\元朝\潛溪集\潛溪集__juan_02.txt,18567,18563,0,separate,0.30223766504517025,wenyan-like,143900,0.007261987491313412,0.08701181375955525,17.995125164690382,0,0
元朝,114388,潛溪集,潛溪集/卷三,潛溪集,3,scrape_output\raw\元朝\潛溪集\潛溪集__juan_03.txt,scrape_output\clean\元朝\潛溪集\潛溪集__juan_03.txt,24582,24582,0,separate,0.30223766504517025,wenyan-like,143900,0.007261987491313412,0.08701181375955525,17.995125164690382,0,0
元朝,114388,潛溪集,潛溪集/卷四,潛溪集,4,scrape_output\raw\元朝\潛溪集\潛溪集__juan_04.txt,scrape_output\clean\元朝\潛溪集\潛溪集__juan_04.txt,19289,19283,0,separate,0.30223766504517025,wenyan-like,143900,0.007261987491313412,0.08701181375955525,17.995125164690382,0,0
元朝,114388,潛溪集,潛溪集/卷五,潛溪集,5,scrape_output\raw\元朝\潛溪集\潛溪集__juan_05.txt,scrape_output\clean\元朝\潛溪集\潛溪集__juan_05.txt,17400,17398,0,separate,0.30223766504517025,wenyan-like,143900,0.007261987491313412,0.08701181375955525,17.995125164690382,0,0
元朝,114388,潛溪集,潛溪集/卷六,潛溪集,6,scrape_output\raw\元朝\潛溪集\潛溪集__juan_06.txt,scrape_output\clean\元朝\潛溪集\潛溪集__juan_06.txt,20398,20398,0,separate,0.30223766504517025,wenyan-like,143900,0.007261987491313412,0.08701181375955525,17.995125164690382,0,0
元朝,114388,潛溪集,潛溪集/卷七,潛溪集,7,scrape_output\raw\元朝\潛溪集\潛溪集__juan_07.txt,scrape_output\clean\元朝\潛溪集\潛溪集__juan_07.txt,19400,19399,0,separate,0.30223766504517025,wenyan-like,143900,0.007261987491313412,0.08701181375955525,17.995125164690382,0,0
元朝,114388,潛溪集,潛溪集/卷八,潛溪集,8,scrape_output\raw\元朝\潛溪集\潛溪集__juan_08.txt,scrape_output\clean\元朝\潛溪集\潛溪集__juan_08.txt,13144,13125,0,separate,0.30223766504517025,wenyan-like,143900,0.007261987491313412,0.08701181375955525,17.995125164690382,0,0
元朝,766465,澱湖舟中懷謝府倅履庵,澱湖舟中懷謝府倅履庵,澱湖舟中懷謝府倅履庵,1,scrape_output\raw\元朝\澱湖舟中懷謝府倅履庵\澱湖舟中懷謝府倅履庵__juan_01.txt,scrape_output\clean\元朝\澱湖舟中懷謝府倅履庵\澱湖舟中懷謝府倅履庵__juan_01.txt,133,89,0,separate,0.05063291139240506,unknown,79,0.0,0.02531645569620253,10.571428571428571,0,1
元朝,886670,濕水謡,濕水謡,濕水謡,1,scrape_output\raw\元朝\濕水謡\濕水謡__juan_01.txt,scrape_output\clean\元朝\濕水謡\濕水謡__juan_01.txt,113,69,0,separate,-0.06349206349206349,unknown,63,0.031746031746031744,0.015873015873015872,12.0,0,1
元朝,886331,濟黄河,濟黄河,濟黄河,1,scrape_output\raw\元朝\濟黄河\濟黄河__juan_01.txt,scrape_output\clean\元朝\濟黄河\濟黄河__juan_01.txt,149,105,0,separate,-0.02105263157894737,unknown,95,0.021052631578947368,0.021052631578947368,12.857142857142858,0,1
元朝,765162,瀟湘集序,瀟湘集序,瀟湘集序,1,scrape_output\raw\元朝\瀟湘集序\瀟湘集序__juan_01.txt,scrape_output\clean\元朝\瀟湘集序\瀟湘集序__juan_01.txt,514,470,0,separate,0.2826086956521739,wenyan-like,460,0.010869565217391304,0.08260869565217391,24.72222222222222,0,0
元朝,768904,瀟灑,瀟灑,瀟灑,1,scrape_output\raw\元朝\瀟灑\瀟灑__juan_01.txt,scrape_output\clean\元朝\瀟灑\瀟灑__juan_01.txt,133,89,0,separate,0.0759493670886076,unknown,79,0.0,0.0379746835443038,10.571428571428571,0,1
元朝,890764,灵山,灵山,灵山,1,scrape_output\raw\元朝\灵山\灵山__juan_01.txt,scrape_output\clean\元朝\灵山\灵山__juan_01.txt,120,120,0,separate,-0.037037037037037035,unknown,108,0.018518518518518517,0.009259259259259259,14.714285714285714,0,1
元朝,886438,炭山窑子店大風後有回風數日不已,炭山窑子店大風後有回風數日不已,炭山窑子店大風後有回風數日不已,1,scrape_output\raw\元朝\炭山窑子店大風後有回風數日不已\炭山窑子店大風後有回風數日不已__juan_01.txt,scrape_output\clean\元朝\炭山窑子店大風後有回風數日不已\炭山窑子店大風後有回風數日不已__juan_01.txt,113,69,0,separate,0.031746031746031744,unknown,63,0.0,0.015873015873015872,12.0,0,1
元朝,1179649,為九江方七高賦,為九江方七高賦,為九江方七高賦,1,scrape_output\raw\元朝\為九江方七高賦\為九江方七高賦__juan_01.txt,scrape_output\clean\元朝\為九江方七高賦\為九江方七高賦__juan_01.txt,185,141,0,separate,0.015748031496062992,unknown,127,0.0,0.007874015748031496,13.333333333333334,0,1
元朝,886658,為人壽,為人壽,為人壽,1,scrape_output\raw\元朝\為人壽\為人壽__juan_01.txt,scrape_output\clean\元朝\為人壽\為人壽__juan_01.txt,113,69,0,separate,0.031746031746031744,unknown,63,0.0,0.015873015873015872,12.0,0,1
元朝,101912,為政忠告,為政忠告,為政忠告,1,scrape_output\raw\元朝\為政忠告\為政忠告__juan_01.txt,scrape_output\clean\元朝\為政忠告\為政忠告__juan_01.txt,20025,19515,0,separate,0.5323415977961432,wenyan-like,18150,0.01349862258953168,0.13641873278236916,50.4404432132964,0,0
元朝,886129,為曹南湖引阮摘賦,為曹南湖引阮摘賦,為曹南湖引阮摘賦,1,scrape_output\raw\元朝\為曹南湖引阮摘賦\為曹南湖引阮摘賦__juan_01.txt,scrape_output\clean\元朝\為曹南湖引阮摘賦\為曹南湖引阮摘賦__juan_01.txt,182,134,0,separate,0.008333333333333331,unknown,120,0.008333333333333333,0.016666666666666666,10.454545454545455,0,1
元朝,886626,為閱俳優諸相贈優歌道士,為閱俳優諸相贈優歌道士,為閱俳優諸相贈優歌道士,1,scrape_output\raw\元朝\為閱俳優諸相贈優歌道士\為閱俳優諸相贈優歌道士__juan_01.txt,scrape_output\clean\元朝\為閱俳優諸相贈優歌道士\為閱俳優諸相贈優歌道士__juan_01.txt,113,69,0,separate,0.031746031746031744,unknown,63,0.0,0.015873015873015872,12.0,0,1
元朝,885645,無何狂醉隱三首,無何狂醉隱三首,無何狂醉隱三首,1,scrape_output\raw\元朝\無何狂醉隱三首\無何狂醉隱三首__juan_01.txt,scrape_output\clean\元朝\無何狂醉隱三首\無何狂醉隱三首__juan_01.txt,253,207,0,separate,0.0335195530726257,unknown,179,0.0111731843575419,0.0335195530726257,9.764705882352942,0,1
元朝,886723,無何醉隠,無何醉隠,無何醉隠,1,scrape_output\raw\元朝\無何醉隠\無何醉隠__juan_01.txt,scrape_output\clean\元朝\無何醉隠\無何醉隠__juan_01.txt,113,69,0,separate,0.015873015873015872,unknown,63,0.015873015873015872,0.031746031746031744,12.0,0,1
元朝,195739,無冤錄,無冤錄,無冤錄,1,scrape_output\raw\元朝\無冤錄\無冤錄__juan_01.txt,scrape_output\clean\元朝\無冤錄\無冤錄__juan_01.txt,966,913,0,separate,0.4850059031877214,wenyan-like,847,0.018890200708382526,0.07083825265643448,15.903846153846153,1,0
元朝,886382,無塵亭白蓮池,無塵亭白蓮池,無塵亭白蓮池,1,scrape_output\raw\元朝\無塵亭白蓮池\無塵亭白蓮池__juan_01.txt,scrape_output\clean\元朝\無塵亭白蓮池\無塵亭白蓮池__juan_01.txt,113,69,0,separate,0.015873015873015872,unknown,63,0.015873015873015872,0.031746031746031744,12.0,0,1
元朝,766360,無家燕,無家燕,無家燕,1,scrape_output\raw\元朝\無家燕\無家燕__juan_01.txt,scrape_output\clean\元朝\無家燕\無家燕__juan_01.txt,217,173,0,separate,-0.033112582781456956,unknown,151,0.019867549668874173,0.013245033112582781,10.76923076923077,0,1
元朝,195618,無題 (杜世忠),無題 (杜世忠),無題 (杜世忠),1,scrape_output\raw\元朝\無題 (杜世忠)\無題 (杜世忠)__juan_01.txt,scrape_output\clean\元朝\無題 (杜世忠)\無題 (杜世忠)__juan_01.txt,126,34,0,separate,0.15,unknown,32,0.0,0.0,15.0,0,1
元朝,766395,無題 (王逢),無題 (王逢),無題 (王逢),1,scrape_output\raw\元朝\無題 (王逢)\無題 (王逢)__juan_01.txt,scrape_output\clean\元朝\無題 (王逢)\無題 (王逢)__juan_01.txt,465,421,0,separate,0.018567639257294426,wenyan-like,377,0.007957559681697613,0.021220159151193633,14.2,0,0
元朝,1179536,無題 (薩都剌),無題 (薩都剌),無題 (薩都剌),1,scrape_output\raw\元朝\無題 (薩都剌)\無題 (薩都剌)__juan_01.txt,scrape_output\clean\元朝\無題 (薩都剌)\無題 (薩都剌)__juan_01.txt,149,105,0,separate,0.021052631578947368,unknown,95,0.0,0.010526315789473684,12.857142857142858,0,1
元朝,886166,煬帝 (耶律鑄),煬帝 (耶律鑄),煬帝 (耶律鑄),1,scrape_output\raw\元朝\煬帝 (耶律鑄)\煬帝 (耶律鑄)__juan_01.txt,scrape_output\clean\元朝\煬帝 (耶律鑄)\煬帝 (耶律鑄)__juan_01.txt,222,176,0,separate,0.07453416149068323,unknown,161,0.0,0.037267080745341616,11.846153846153847,0,1
元朝,886170,煬帝故宫,煬帝故宫,煬帝故宫,1,scrape_output\raw\元朝\煬帝故宫\煬帝故宫__juan_01.txt,scrape_output\clean\元朝\煬帝故宫\煬帝故宫__juan_01.txt,149,105,0,separate,0.06315789473684211,unknown,95,0.0,0.031578947368421054,12.857142857142858,0,1
元朝,886328,煬帝時并州童謠,煬帝時并州童謠,煬帝時并州童謠,1,scrape_output\raw\元朝\煬帝時并州童謠\煬帝時并州童謠__juan_01.txt,scrape_output\clean\元朝\煬帝時并州童謠\煬帝時并州童謠__juan_01.txt,171,127,0,separate,0.11666666666666667,unknown,120,0.0,0.058333333333333334,6.235294117647059,0,1
元朝,109292,煮茶夢記,煮茶夢記,煮茶夢記,1,scrape_output\raw\元朝\煮茶夢記\煮茶夢記__juan_01.txt,scrape_output\clean\元朝\煮茶夢記\煮茶夢記__juan_01.txt,414,414,0,separate,0.11835748792270533,wenyan-like,414,0.007246376811594203,0.07004830917874397,5.088235294117647,0,0
元朝,765358,熙春堂記,熙春堂記,熙春堂記,1,scrape_output\raw\元朝\熙春堂記\熙春堂記__juan_01.txt,scrape_output\clean\元朝\熙春堂記\熙春堂記__juan_01.txt,575,531,0,separate,0.5409177820267687,wenyan-like,523,0.0076481835564053535,0.13193116634799235,29.941176470588236,0,0
元朝,1179665,燈草,燈草,燈草,1,scrape_output\raw\元朝\燈草\燈草__juan_01.txt,scrape_output\clean\元朝\燈草\燈草__juan_01.txt,221,177,0,separate,0.018867924528301883,unknown,159,0.006289308176100629,0.018867924528301886,13.636363636363637,0,1
元朝,89050,燈草和尚,燈草和尚/第01回,燈草和尚,1,scrape_output\suspected_baihua\raw\元朝\燈草和尚\燈草和尚__juan_01.txt,scrape_output\suspected_baihua\clean\元朝\燈草和尚\燈草和尚__juan_01.txt,2309,2309,0,separate,-0.01347430968192942,baihua-like,28610,0.0658860538273331,0.017091925900034954,18.478844862323708,0,0
元朝,89050,燈草和尚,燈草和尚/第02回,燈草和尚,2,scrape_output\suspected_baihua\raw\元朝\燈草和尚\燈草和尚__juan_02.txt,scrape_output\suspected_baihua\clean\元朝\燈草和尚\燈草和尚__juan_02.txt,2477,2477,0,separate,-0.01347430968192942,baihua-like,28610,0.0658860538273331,0.017091925900034954,18.478844862323708,0,0
元朝,89050,燈草和尚,燈草和尚/第03回,燈草和尚,3,scrape_output\suspected_baihua\raw\元朝\燈草和尚\燈草和尚__juan_03.txt,scrape_output\suspected_baihua\clean\元朝\燈草和尚\燈草和尚__juan_03.txt,2365,2365,0,separate,-0.01347430968192942,baihua-like,28610,0.0658860538273331,0.017091925900034954,18.478844862323708,0,0
元朝,89050,燈草和尚,燈草和尚/第04回,燈草和尚,4,scrape_output\suspected_baihua\raw\元朝\燈草和尚\燈草和尚__juan_04.txt,scrape_output\suspected_baihua\clean\元朝\燈草和尚\燈草和尚__juan_04.txt,3223,3223,0,separate,-0.01347430968192942,baihua-like,28610,0.0658860538273331,0.017091925900034954,18.478844862323708,0,0
元朝,89050,燈草和尚,燈草和尚/第05回,燈草和尚,5,scrape_output\suspected_baihua\raw\元朝\燈草和尚\燈草和尚__juan_05.txt,scrape_output\suspected_baihua\clean\元朝\燈草和尚\燈草和尚__juan_05.txt,2057,2057,0,separate,-0.01347430968192942,baihua-like,28610,0.0658860538273331,0.017091925900034954,18.478844862323708,0,0
元朝,89050,燈草和尚,燈草和尚/第06回,燈草和尚,6,scrape_output\suspected_baihua\raw\元朝\燈草和尚\燈草和尚__juan_06.txt,scrape_output\suspected_baihua\clean\元朝\燈草和尚\燈草和尚__juan_06.txt,3094,3094,0,separate,-0.01347430968192942,baihua-like,28610,0.0658860538273331,0.017091925900034954,18.478844862323708,0,0
元朝,89050,燈草和尚,燈草和尚/第07回,燈草和尚,7,scrape_output\suspected_baihua\raw\元朝\燈草和尚\燈草和尚__juan_07.txt,scrape_output\suspected_baihua\clean\元朝\燈草和尚\燈草和尚__juan_07.txt,2458,2457,0,separate,-0.01347430968192942,baihua-like,28610,0.0658860538273331,0.017091925900034954,18.478844862323708,0,0
元朝,89050,燈草和尚,燈草和尚/第08回,燈草和尚,8,scrape_output\suspected_baihua\raw\元朝\燈草和尚\燈草和尚__juan_08.txt,scrape_output\suspected_baihua\clean\元朝\燈草和尚\燈草和尚__juan_08.txt,1900,1900,0,separate,-0.01347430968192942,baihua-like,28610,0.0658860538273331,0.017091925900034954,18.478844862323708,0,0
元朝,89050,燈草和尚,燈草和尚/第09回,燈草和尚,9,scrape_output\suspected_baihua\raw\元朝\燈草和尚\燈草和尚__juan_09.txt,scrape_output\suspected_baihua\clean\元朝\燈草和尚\燈草和尚__juan_09.txt,2088,2088,0,separate,-0.01347430968192942,baihua-like,28610,0.0658860538273331,0.017091925900034954,18.478844862323708,0,0
元朝,89050,燈草和尚,燈草和尚/第10回,燈草和尚,10,scrape_output\suspected_baihua\raw\元朝\燈草和尚\燈草和尚__juan_10.txt,scrape_output\suspected_baihua\clean\元朝\燈草和尚\燈草和尚__juan_10.txt,2271,2271,0,separate,-0.01347430968192942,baihua-like,28610,0.0658860538273331,0.017091925900034954,18.478844862323708,0,0
元朝,89050,燈草和尚,燈草和尚/第11回,燈草和尚,11,scrape_output\suspected_baihua\raw\元朝\燈草和尚\燈草和尚__juan_11.txt,scrape_output\suspected_baihua\clean\元朝\燈草和尚\燈草和尚__juan_11.txt,3683,3683,0,separate,-0.01347430968192942,baihua-like,28610,0.0658860538273331,0.017091925900034954,18.478844862323708,0,0
元朝,89050,燈草和尚,燈草和尚/第12回,燈草和尚,12,scrape_output\suspected_baihua\raw\元朝\燈草和尚\燈草和尚__juan_12.txt,scrape_output\suspected_baihua\clean\元朝\燈草和尚\燈草和尚__juan_12.txt,3493,3493,0,separate,-0.01347430968192942,baihua-like,28610,0.0658860538273331,0.017091925900034954,18.478844862323708,0,0
元朝,1179669,燈蛾來,燈蛾來,燈蛾來,1,scrape_output\raw\元朝\燈蛾來\燈蛾來__juan_01.txt,scrape_output\clean\元朝\燈蛾來\燈蛾來__juan_01.txt,239,195,0,separate,0.011428571428571427,unknown,175,0.011428571428571429,0.022857142857142857,13.75,0,1
元朝,886296,燈蛾歎,燈蛾歎,燈蛾歎,1,scrape_output\raw\元朝\燈蛾歎\燈蛾歎__juan_01.txt,scrape_output\clean\元朝\燈蛾歎\燈蛾歎__juan_01.txt,106,62,0,separate,0.10909090909090909,unknown,55,0.0,0.05454545454545454,8.666666666666666,0,1
元朝,886461,燒桃樹根,燒桃樹根,燒桃樹根,1,scrape_output\raw\元朝\燒桃樹根\燒桃樹根__juan_01.txt,scrape_output\clean\元朝\燒桃樹根\燒桃樹根__juan_01.txt,113,69,0,separate,0.047619047619047616,unknown,63,0.015873015873015872,0.047619047619047616,12.0,0,1
元朝,1179405,燕京作,燕京作,燕京作,1,scrape_output\raw\元朝\燕京作\燕京作__juan_01.txt,scrape_output\clean\元朝\燕京作\燕京作__juan_01.txt,113,69,0,separate,0.031746031746031744,unknown,63,0.0,0.015873015873015872,12.0,0,1
元朝,886709,燕城之北垂三十里有甕山原先妣國夫人墳室在焉予過之哀感不已而貯之詩仍寄呈尊大人領省以慰其慼云,燕城之北垂三十里有甕山原先妣國夫人墳室在焉予過之哀感不已而貯之詩仍寄呈尊大人領省以慰其慼云,燕城之北垂三十里有甕山原先妣國夫人墳室在焉予過之哀感不已而貯之詩仍寄呈尊大人領省以慰其慼云,1,scrape_output\raw\元朝\燕城之北垂三十里有甕山原先妣國夫人墳室在焉予過之哀感不已而貯之詩仍寄呈尊大人領省以慰其慼云\燕城之北垂三十里有甕山原先妣國夫人墳室在焉予過之哀感不已而貯之詩仍寄呈尊大人領省以慰其慼云__juan_01.txt,scrape_output\clean\元朝\燕城之北垂三十里有甕山原先妣國夫人墳室在焉予過之哀感不已而貯之詩仍寄呈尊大人領省以慰其慼云\燕城之北垂三十里有甕山原先妣國夫人墳室在焉予過之哀感不已而貯之詩仍寄呈尊大人領省以慰其慼云__juan_01.txt,196,150,0,separate,0.03731343283582089,unknown,134,0.007462686567164179,0.029850746268656716,11.545454545454545,0,1
元朝,1179437,燕將軍出獵,燕將軍出獵,燕將軍出獵,1,scrape_output\raw\元朝\燕將軍出獵\燕將軍出獵__juan_01.txt,scrape_output\clean\元朝\燕將軍出獵\燕將軍出獵__juan_01.txt,149,105,0,separate,0.021052631578947368,unknown,95,0.0,0.010526315789473684,12.857142857142858,0,1
元朝,600989,燕山張師魯明道,燕山張師魯明道,燕山張師魯明道,1,scrape_output\raw\元朝\燕山張師魯明道\燕山張師魯明道__juan_01.txt,scrape_output\clean\元朝\燕山張師魯明道\燕山張師魯明道__juan_01.txt,149,105,0,separate,0.021052631578947368,unknown,95,0.0,0.010526315789473684,12.857142857142858,0,1
元朝,886030,燕市送客歸長安故居,燕市送客歸長安故居,燕市送客歸長安故居,1,scrape_output\raw\元朝\燕市送客歸長安故居\燕市送客歸長安故居__juan_01.txt,scrape_output\clean\元朝\燕市送客歸長安故居\燕市送客歸長安故居__juan_01.txt,149,105,0,separate,-0.010526315789473686,unknown,95,0.010526315789473684,0.010526315789473684,12.857142857142858,0,1
元朝,201206,爇心香,爇心香·上街化導,爇心香,1,scrape_output\raw\元朝\爇心香\爇心香__juan_01.txt,scrape_output\clean\元朝\爇心香\爇心香__juan_01.txt,621,133,0,separate,0.2639165009940358,wenyan-like,3018,0.008614976805831677,0.019880715705765408,9.629757785467127,1,0
元朝,201206,爇心香,爇心香·勸世,爇心香,2,scrape_output\raw\元朝\爇心香\爇心香__juan_02.txt,scrape_output\clean\元朝\爇心香\爇心香__juan_02.txt,621,133,0,separate,0.2639165009940358,wenyan-like,3018,0.008614976805831677,0.019880715705765408,9.629757785467127,1,0
元朝,201206,爇心香,爇心香·勸眾師兄求乞殘餘,爇心香,3,scrape_output\raw\元朝\爇心香\爇心香__juan_03.txt,scrape_output\clean\元朝\爇心香\爇心香__juan_03.txt,621,133,0,separate,0.2639165009940358,wenyan-like,3018,0.008614976805831677,0.019880715705765408,9.629757785467127,1,0
元朝,201206,爇心香,爇心香·善惡報,爇心香,4,scrape_output\raw\元朝\爇心香\爇心香__juan_04.txt,scrape_output\clean\元朝\爇心香\爇心香__juan_04.txt,621,133,0,separate,0.2639165009940358,wenyan-like,3018,0.008614976805831677,0.019880715705765408,9.629757785467127,1,0
元朝,201206,爇心香,爇心香·客人樊公索,爇心香,5,scrape_output\raw\元朝\爇心香\爇心香__juan_05.txt,scrape_output\clean\元朝\爇心香\爇心香__juan_05.txt,621,133,0,separate,0.2639165009940358,wenyan-like,3018,0.008614976805831677,0.019880715705765408,9.629757785467127,1,0
元朝,201206,爇心香,爇心香·寄柳巨濟學錄,爇心香,6,scrape_output\raw\元朝\爇心香\爇心香__juan_06.txt,scrape_output\clean\元朝\爇心香\爇心香__juan_06.txt,621,133,0,separate,0.2639165009940358,wenyan-like,3018,0.008614976805831677,0.019880715705765408,9.629757785467127,1,0
元朝,201206,爇心香,爇心香·寄白水馮公淄陽長老,爇心香,7,scrape_output\raw\元朝\爇心香\爇心香__juan_07.txt,scrape_output\clean\元朝\爇心香\爇心香__juan_07.txt,620,132,0,separate,0.2639165009940358,wenyan-like,3018,0.008614976805831677,0.019880715705765408,9.629757785467127,1,0
元朝,201206,爇心香,爇心香·岐陽鎮張同監問修行,爇心香,8,scrape_output\raw\元朝\爇心香\爇心香__juan_08.txt,scrape_output\clean\元朝\爇心香\爇心香__juan_08.txt,621,133,0,separate,0.2639165009940358,wenyan-like,3018,0.008614976805831677,0.019880715705765408,9.629757785467127,1,0
元朝,201206,爇心香,爇心香·本名行香子·夫婦分離,爇心香,9,scrape_output\raw\元朝\爇心香\爇心香__juan_09.txt,scrape_output\clean\元朝\爇心香\爇心香__juan_09.txt,621,133,0,separate,0.2639165009940358,wenyan-like,3018,0.008614976805831677,0.019880715705765408,9.629757785467127,1,0
元朝,201206,爇心香,爇心香·本名行香子·學道,爇心香,10,scrape_output\raw\元朝\爇心香\爇心香__juan_10.txt,scrape_output\clean\元朝\爇心香\爇心香__juan_10.txt,643,153,0,separate,0.2639165009940358,wenyan-like,3018,0.008614976805831677,0.019880715705765408,9.629757785467127,1,0
元朝,201206,爇心香,爇心香·示眾師兄,爇心香,11,scrape_output\raw\元朝\爇心香\爇心香__juan_11.txt,scrape_output\clean\元朝\爇心香\爇心香__juan_11.txt,621,133,0,separate,0.2639165009940358,wenyan-like,3018,0.008614976805831677,0.019880715705765408,9.629757785467127,1,0
元朝,201206,爇心香,爇心香·繼重陽韻 (仙侶王風，來化扶風),爇心香,12,scrape_output\raw\元朝\爇心香\爇心香__juan_12.txt,scrape_output\clean\元朝\爇心香\爇心香__juan_12.txt,636,146,0,separate,0.2639165009940358,wenyan-like,3018,0.008614976805831677,0.019880715705765408,9.629757785467127,1,0
元朝,201206,爇心香,爇心香·繼重陽韻 (此個扶風，不會祥風),爇心香,13,scrape_output\raw\元朝\爇心香\爇心香__juan_13.txt,scrape_output\clean\元朝\爇心香\爇心香__juan_13.txt,621,133,0,separate,0.2639165009940358,wenyan-like,3018,0.008614976805831677,0.019880715705765408,9.629757785467127,1,0
元朝,201206,爇心香,爇心香·繼重陽韻 (此個扶風，幼習儒風),爇心香,14,scrape_output\raw\元朝\爇心香\爇心香__juan_14.txt,scrape_output\clean\元朝\爇心香\爇心香__juan_14.txt,621,133,0,separate,0.2639165009940358,wenyan-like,3018,0.008614976805831677,0.019880715705765408,9.629757785467127,1,0
元朝,201206,爇心香,爇心香·華亭縣西庵主王公請住方丈,爇心香,15,scrape_output\raw\元朝\爇心香\爇心香__juan_15.txt,scrape_output\clean\元朝\爇心香\爇心香__juan_15.txt,621,133,0,separate,0.2639165009940358,wenyan-like,3018,0.008614976805831677,0.019880715705765408,9.629757785467127,1,0
元朝,201206,爇心香,爇心香·詠香,爇心香,16,scrape_output\raw\元朝\爇心香\爇心香__juan_16.txt,scrape_output\clean\元朝\爇心香\爇心香__juan_16.txt,621,133,0,separate,0.2639165009940358,wenyan-like,3018,0.008614976805831677,0.019880715705765408,9.629757785467127,1,0
元朝,201206,爇心香,爇心香·詠鶴,爇心香,17,scrape_output\raw\元朝\爇心香\爇心香__juan_17.txt,scrape_output\clean\元朝\爇心香\爇心香__juan_17.txt,621,133,0,separate,0.2639165009940358,wenyan-like,3018,0.008614976805831677,0.019880715705765408,9.629757785467127,1,0
元朝,201206,爇心香,爇心香·贈三水三老先生,爇心香,18,scrape_output\raw\元朝\爇心香\爇心香__juan_18.txt,scrape_output\clean\元朝\爇心香\爇心香__juan_18.txt,621,133,0,separate,0.2639165009940358,wenyan-like,3018,0.008614976805831677,0.019880715705765408,9.629757785467127,1,0
元朝,201206,爇心香,爇心香·贈張劉二都料,爇心香,19,scrape_output\raw\元朝\爇心香\爇心香__juan_19.txt,scrape_output\clean\元朝\爇心香\爇心香__juan_19.txt,621,133,0,separate,0.2639165009940358,wenyan-like,3018,0.008614976805831677,0.019880715705765408,9.629757785467127,1,0
元朝,201206,爇心香,爇心香·贈彭官人,爇心香,20,scrape_output\raw\元朝\爇心香\爇心香__juan_20.txt,scrape_output\clean\元朝\爇心香\爇心香__juan_20.txt,621,133,0,separate,0.2639165009940358,wenyan-like,3018,0.008614976805831677,0.019880715705765408,9.629757785467127,1,0
元朝,201206,爇心香,爇心香·贈扶風縣楊公馬公,爇心香,21,scrape_output\raw\元朝\爇心香\爇心香__juan_21.txt,scrape_output\clean\元朝\爇心香\爇心香__juan_21.txt,621,133,0,separate,0.2639165009940358,wenyan-like,3018,0.008614976805831677,0.019880715705765408,9.629757785467127,1,0
元朝,201206,爇心香,爇心香·贈王五先生送環牆內飲膳,爇心香,22,scrape_output\raw\元朝\爇心香\爇心香__juan_22.txt,scrape_output\clean\元朝\爇心香\爇心香__juan_22.txt,621,133,0,separate,0.2639165009940358,wenyan-like,3018,0.008614976805831677,0.019880715705765408,9.629757785467127,1,0
元朝,201206,爇心香,爇心香·贈華亭張大悟,爇心香,23,scrape_output\raw\元朝\爇心香\爇心香__juan_23.txt,scrape_output\clean\元朝\爇心香\爇心香__juan_23.txt,621,133,0,separate,0.2639165009940358,wenyan-like,3018,0.008614976805831677,0.019880715705765408,9.629757785467127,1,0
元朝,201206,爇心香,爇心香·贈閻知宮,爇心香,24,scrape_output\raw\元朝\爇心香\爇心香__juan_24.txt,scrape_output\clean\元朝\爇心香\爇心香__juan_24.txt,621,133,0,separate,0.2639165009940358,wenyan-like,3018,0.008614976805831677,0.019880715705765408,9.629757785467127,1,0
元朝,201206,爇心香,爇心香·贈靈陽子李大乘,爇心香,25,scrape_output\raw\元朝\爇心香\爇心香__juan_25.txt,scrape_output\clean\元朝\爇心香\爇心香__juan_25.txt,621,133,0,separate,0.2639165009940358,wenyan-like,3018,0.008614976805831677,0.019880715705765408,9.629757785467127,1,0
元朝,201206,爇心香,爇心香·題吳先生東廊,爇心香,26,scrape_output\raw\元朝\爇心香\爇心香__juan_26.txt,scrape_output\clean\元朝\爇心香\爇心香__juan_26.txt,621,133,0,separate,0.2639165009940358,wenyan-like,3018,0.008614976805831677,0.019880715705765408,9.629757785467127,1,0
元朝,201231,爇心香 (征雁回時),爇心香 (征雁回時),爇心香 (征雁回時),1,scrape_output\raw\元朝\爇心香 (征雁回時)\爇心香 (征雁回時)__juan_01.txt,scrape_output\clean\元朝\爇心香 (征雁回時)\爇心香 (征雁回時)__juan_01.txt,621,133,0,separate,-0.0608695652173913,unknown,115,0.02608695652173913,0.008695652173913044,9.636363636363637,0,1
元朝,201212,爇心香 (悟道翛然),爇心香 (悟道翛然),爇心香 (悟道翛然),1,scrape_output\raw\元朝\爇心香 (悟道翛然)\爇心香 (悟道翛然)__juan_01.txt,scrape_output\clean\元朝\爇心香 (悟道翛然)\爇心香 (悟道翛然)__juan_01.txt,621,133,0,separate,0.05217391304347826,unknown,115,0.0,0.02608695652173913,9.636363636363637,0,1
元朝,201193,爇心香 (謝興平縣李公翁母，布施一子學道),爇心香 (謝興平縣李公翁母，布施一子學道),爇心香 (謝興平縣李公翁母，布施一子學道),1,scrape_output\raw\元朝\爇心香 (謝興平縣李公翁母，布施一子學道)\爇心香 (謝興平縣李公翁母，布施一子學道)__juan_01.txt,scrape_output\clean\元朝\爇心香 (謝興平縣李公翁母，布施一子學道)\爇心香 (謝興平縣李公翁母，布施一子學道)__juan_01.txt,643,153,0,separate,0.015037593984962405,unknown,133,0.0,0.007518796992481203,9.461538461538462,0,1
元朝,886449,牡丹 (耶律鑄),牡丹 (耶律鑄),牡丹 (耶律鑄),1,scrape_output\raw\元朝\牡丹 (耶律鑄)\牡丹 (耶律鑄)__juan_01.txt,scrape_output\clean\元朝\牡丹 (耶律鑄)\牡丹 (耶律鑄)__juan_01.txt,117,73,0,separate,-0.015873015873015872,unknown,63,0.015873015873015872,0.015873015873015872,6.666666666666667,0,1
元朝,764813,牡丹瑞花詩卷序,牡丹瑞花詩卷序,牡丹瑞花詩卷序,1,scrape_output\raw\元朝\牡丹瑞花詩卷序\牡丹瑞花詩卷序__juan_01.txt,scrape_output\clean\元朝\牡丹瑞花詩卷序\牡丹瑞花詩卷序__juan_01.txt,464,420,0,separate,0.41960784313725485,wenyan-like,408,0.0,0.13480392156862744,20.63157894736842,0,0
元朝,876624,牡丹菊賦,牡丹菊賦,牡丹菊賦,1,scrape_output\raw\元朝\牡丹菊賦\牡丹菊賦__juan_01.txt,scrape_output\clean\元朝\牡丹菊賦\牡丹菊賦__juan_01.txt,463,419,0,separate,0.399273607748184,wenyan-like,413,0.002421307506053269,0.053268765133171914,58.42857142857143,0,0
元朝,107681,牧民忠告,牧民忠告,牧民忠告,1,scrape_output\raw\元朝\牧民忠告\牧民忠告__juan_01.txt,scrape_output\clean\元朝\牧民忠告\牧民忠告__juan_01.txt,10521,9910,0,separate,0.22966138962181176,wenyan-like,9096,0.00978452066842568,0.1295074758135444,14.553333333333333,0,0
元朝,768914,猛虎行 (王冕),猛虎行 (王冕),猛虎行 (王冕),1,scrape_output\raw\元朝\猛虎行 (王冕)\猛虎行 (王冕)__juan_01.txt,scrape_output\clean\元朝\猛虎行 (王冕)\猛虎行 (王冕)__juan_01.txt,257,213,0,separate,0.020942408376963345,unknown,191,0.010471204188481676,0.02617801047120419,13.846153846153847,0,1
元朝,1179397,獨坐恭和堂,獨坐恭和堂,獨坐恭和堂,1,scrape_output\raw\元朝\獨坐恭和堂\獨坐恭和堂__juan_01.txt,scrape_output\clean\元朝\獨坐恭和堂\獨坐恭和堂__juan_01.txt,113,69,0,separate,0.031746031746031744,unknown,63,0.0,0.015873015873015872,12.0,0,1
元朝,886725,獨自來,獨自來,獨自來,1,scrape_output\raw\元朝\獨自來\獨自來__juan_01.txt,scrape_output\clean\元朝\獨自來\獨自來__juan_01.txt,113,69,0,separate,0.031746031746031744,unknown,63,0.0,0.015873015873015872,12.0,0,1
元朝,886057,獨醉亭,獨醉亭,獨醉亭,1,scrape_output\raw\元朝\獨醉亭\獨醉亭__juan_01.txt,scrape_output\clean\元朝\獨醉亭\獨醉亭__juan_01.txt,212,166,0,separate,0.04666666666666666,unknown,150,0.006666666666666667,0.03333333333333333,11.0,0,1
元朝,882285,獨醉亭賦,獨醉亭賦,獨醉亭賦,1,scrape_output\raw\元朝\獨醉亭賦\獨醉亭賦__juan_01.txt,scrape_output\clean\元朝\獨醉亭賦\獨醉亭賦__juan_01.txt,1301,809,0,separate,0.49318181818181817,wenyan-like,792,0.006313131313131313,0.10606060606060606,37.476190476190474,0,0
元朝,882278,獨醉園三臺賦,獨醉園三臺賦,獨醉園三臺賦,1,scrape_output\raw\元朝\獨醉園三臺賦\獨醉園三臺賦__juan_01.txt,scrape_output\clean\元朝\獨醉園三臺賦\獨醉園三臺賦__juan_01.txt,1655,1143,0,separate,0.4570915619389587,wenyan-like,1114,0.013464991023339317,0.09874326750448834,31.62857142857143,0,0
元朝,886244,獨醉園寓興,獨醉園寓興,獨醉園寓興,1,scrape_output\raw\元朝\獨醉園寓興\獨醉園寓興__juan_01.txt,scrape_output\clean\元朝\獨醉園寓興\獨醉園寓興__juan_01.txt,105,61,0,separate,0.03636363636363636,unknown,55,0.0,0.01818181818181818,10.4,0,1
元朝,886066,獨醉園對酒,獨醉園對酒,獨醉園對酒,1,scrape_output\raw\元朝\獨醉園對酒\獨醉園對酒__juan_01.txt,scrape_output\clean\元朝\獨醉園對酒\獨醉園對酒__juan_01.txt,149,105,0,separate,-0.052631578947368425,unknown,95,0.031578947368421054,0.021052631578947368,12.857142857142858,0,1
元朝,886098,獨醉園梅數年無花今歲特盛中觴有索賦梅詞者為賦,獨醉園梅數年無花今歲特盛中觴有索賦梅詞者為賦,獨醉園梅數年無花今歲特盛中觴有索賦梅詞者為賦,1,scrape_output\raw\元朝\獨醉園梅數年無花今歲特盛中觴有索賦梅詞者為賦\獨醉園梅數年無花今歲特盛中觴有索賦梅詞者為賦__juan_01.txt,scrape_output\clean\元朝\獨醉園梅數年無花今歲特盛中觴有索賦梅詞者為賦\獨醉園梅數年無花今歲特盛中觴有索賦梅詞者為賦__juan_01.txt,205,159,0,separate,0.08391608391608392,unknown,143,0.0,0.04195804195804196,11.5,0,1
元朝,882284,獨醉園賦,獨醉園賦,獨醉園賦,1,scrape_output\raw\元朝\獨醉園賦\獨醉園賦__juan_01.txt,scrape_output\clean\元朝\獨醉園賦\獨醉園賦__juan_01.txt,1352,857,0,separate,0.5004744958481613,wenyan-like,843,0.010676156583629894,0.1162514827995255,39.76190476190476,0,0
元朝,886801,獨醉道者自警,獨醉道者自警,獨醉道者自警,1,scrape_output\raw\元朝\獨醉道者自警\獨醉道者自警__juan_01.txt,scrape_output\clean\元朝\獨醉道者自警\獨醉道者自警__juan_01.txt,223,179,0,separate,0.2275449101796407,unknown,167,0.0,0.11377245508982035,10.125,0,1
元朝,886804,獨醉道者自贊,獨醉道者自贊,獨醉道者自贊,1,scrape_output\raw\元朝\獨醉道者自贊\獨醉道者自贊__juan_01.txt,scrape_output\clean\元朝\獨醉道者自贊\獨醉道者自贊__juan_01.txt,119,75,0,separate,0.028169014084507043,unknown,71,0.0,0.014084507042253521,9.428571428571429,0,1
元朝,882283,獨醉道者賦,獨醉道者賦,獨醉道者賦,1,scrape_output\raw\元朝\獨醉道者賦\獨醉道者賦__juan_01.txt,scrape_output\clean\元朝\獨醉道者賦\獨醉道者賦__juan_01.txt,1054,558,0,separate,0.5804428044280443,wenyan-like,542,0.0036900369003690036,0.14575645756457564,33.8125,0,0
元朝,885778,獵北平射虎,獵北平射虎,獵北平射虎,1,scrape_output\raw\元朝\獵北平射虎\獵北平射虎__juan_01.txt,scrape_output\clean\元朝\獵北平射虎\獵北平射虎__juan_01.txt,149,105,0,separate,0.021052631578947368,unknown,95,0.0,0.010526315789473684,12.857142857142858,0,1
元朝,886185,獻上賢王,獻上賢王,獻上賢王,1,scrape_output\raw\元朝\獻上賢王\獻上賢王__juan_01.txt,scrape_output\clean\元朝\獻上賢王\獻上賢王__juan_01.txt,151,107,0,separate,0.042105263157894736,unknown,95,0.0,0.021052631578947368,10.0,0,1
元朝,765461,玄妙觀重建玉皇殿碑,玄妙觀重建玉皇殿碑,玄妙觀重建玉皇殿碑,1,scrape_output\raw\元朝\玄妙觀重建玉皇殿碑\玄妙觀重建玉皇殿碑__juan_01.txt,scrape_output\clean\元朝\玄妙觀重建玉皇殿碑\玄妙觀重建玉皇殿碑__juan_01.txt,962,918,0,separate,0.4299559471365638,wenyan-like,908,0.00881057268722467,0.07819383259911894,30.413793103448278,0,0
元朝,184040,玄宮之碑,玄宮之碑,玄宮之碑,1,scrape_output\raw\元朝\玄宮之碑\玄宮之碑__juan_01.txt,scrape_output\clean\元朝\玄宮之碑\玄宮之碑__juan_01.txt,1787,1299,0,separate,0.043621399176954734,wenyan-like,1215,0.00411522633744856,0.027983539094650206,12.404255319148936,0,0
元朝,758530,玄虛子鳴真集,玄虛子鳴真集,玄虛子鳴真集,1,scrape_output\raw\元朝\玄虛子鳴真集\玄虛子鳴真集__juan_01.txt,scrape_output\clean\元朝\玄虛子鳴真集\玄虛子鳴真集__juan_01.txt,3954,3862,0,separate,0.030864197530864196,wenyan-like,3402,0.012639623750734862,0.03439153439153439,13.793103448275861,0,0
元朝,112149,玄風慶會錄,玄風慶會錄,玄風慶會錄,1,scrape_output\raw\元朝\玄風慶會錄\玄風慶會錄__juan_01.txt,scrape_output\clean\元朝\玄風慶會錄\玄風慶會錄__juan_01.txt,3864,3735,0,separate,0.31130805166254466,wenyan-like,3639,0.010717230008244023,0.09672987084363836,19.104395604395606,0,0
元朝,112599,玉堂嘉話,玉堂嘉話,玉堂嘉話,1,scrape_output\raw\元朝\玉堂嘉話\玉堂嘉話__juan_01.txt,scrape_output\clean\元朝\玉堂嘉話\玉堂嘉話__juan_01.txt,51012,50802,0,separate,0.2599880973995844,wenyan-like,49569,0.008473037583973855,0.06770360507575299,18.81980198019802,0,0
元朝,765344,玉山佳處記,玉山佳處記,玉山佳處記,1,scrape_output\raw\元朝\玉山佳處記\玉山佳處記__juan_01.txt,scrape_output\clean\元朝\玉山佳處記\玉山佳處記__juan_01.txt,693,649,0,separate,0.5417582417582417,wenyan-like,637,0.012558869701726845,0.13971742543171115,26.91304347826087,0,0
元朝,765008,玉山草堂雅集序,玉山草堂雅集序,玉山草堂雅集序,1,scrape_output\raw\元朝\玉山草堂雅集序\玉山草堂雅集序__juan_01.txt,scrape_output\clean\元朝\玉山草堂雅集序\玉山草堂雅集序__juan_01.txt,528,484,0,separate,0.4158227848101266,wenyan-like,474,0.012658227848101266,0.1518987341772152,21.714285714285715,0,0
元朝,1179303,玉山道中,玉山道中,玉山道中,1,scrape_output\raw\元朝\玉山道中\玉山道中__juan_01.txt,scrape_output\clean\元朝\玉山道中\玉山道中__juan_01.txt,133,89,0,separate,0.05063291139240506,unknown,79,0.0,0.02531645569620253,10.571428571428571,0,1
元朝,886384,玉津亭,玉津亭,玉津亭,1,scrape_output\raw\元朝\玉津亭\玉津亭__juan_01.txt,scrape_output\clean\元朝\玉津亭\玉津亭__juan_01.txt,113,69,0,separate,0.06349206349206349,unknown,63,0.0,0.031746031746031744,12.0,0,1
元朝,886380,玉津池早春,玉津池早春,玉津池早春,1,scrape_output\raw\元朝\玉津池早春\玉津池早春__juan_01.txt,scrape_output\clean\元朝\玉津池早春\玉津池早春__juan_01.txt,113,69,0,separate,0.031746031746031744,unknown,63,0.0,0.015873015873015872,12.0,0,1
元朝,886408,玉溪,玉溪,玉溪,1,scrape_output\raw\元朝\玉溪\玉溪__juan_01.txt,scrape_output\clean\元朝\玉溪\玉溪__juan_01.txt,113,69,0,separate,0.031746031746031744,unknown,63,0.0,0.015873015873015872,12.0,0,1
元朝,891533,玉环山,玉环山,玉环山,1,scrape_output\raw\元朝\玉环山\玉环山__juan_01.txt,scrape_output\clean\元朝\玉环山\玉环山__juan_01.txt,54,54,0,separate,0.041666666666666664,unknown,48,0.0,0.020833333333333332,11.5,0,1
元朝,885309,玉華鹽三首并序,玉華鹽三首并序,玉華鹽三首并序,1,scrape_output\raw\元朝\玉華鹽三首并序\玉華鹽三首并序__juan_01.txt,scrape_output\clean\元朝\玉華鹽三首并序\玉華鹽三首并序__juan_01.txt,417,369,0,separate,0.18735632183908046,wenyan-like,348,0.0028735632183908046,0.022988505747126436,22.733333333333334,0,0
元朝,886319,玉門關 (耶律鑄),玉門關 (耶律鑄),玉門關 (耶律鑄),1,scrape_output\raw\元朝\玉門關 (耶律鑄)\玉門關 (耶律鑄)__juan_01.txt,scrape_output\clean\元朝\玉門關 (耶律鑄)\玉門關 (耶律鑄)__juan_01.txt,132,86,0,separate,0.02564102564102564,unknown,78,0.0,0.01282051282051282,12.5,0,1
元朝,1132172,玉陽觀記,玉陽觀記,玉陽觀記,1,scrape_output\raw\元朝\玉陽觀記\玉陽觀記__juan_01.txt,scrape_output\clean\元朝\玉陽觀記\玉陽觀記__juan_01.txt,250,206,0,separate,0.1652284263959391,unknown,197,0.015228426395939087,0.030456852791878174,19.1,0,1
元朝,886247,玉𥦗歌,玉𥦗歌,玉𥦗歌,1,scrape_output\raw\元朝\玉𥦗歌\玉𥦗歌__juan_01.txt,scrape_output\clean\元朝\玉𥦗歌\玉𥦗歌__juan_01.txt,105,61,0,separate,0.03636363636363636,unknown,55,0.0,0.01818181818181818,10.4,0,1
元朝,886103,玊泉新墨并序,玊泉新墨并序,玊泉新墨并序,1,scrape_output\raw\元朝\玊泉新墨并序\玊泉新墨并序__juan_01.txt,scrape_output\clean\元朝\玊泉新墨并序\玊泉新墨并序__juan_01.txt,275,223,0,separate,0.03940886699507389,wenyan-like,203,0.009852216748768473,0.034482758620689655,12.25,0,0
元朝,764935,王學錄秩滿序,王學錄秩滿序,王學錄秩滿序,1,scrape_output\raw\元朝\王學錄秩滿序\王學錄秩滿序__juan_01.txt,scrape_output\clean\元朝\王學錄秩滿序\王學錄秩滿序__juan_01.txt,547,503,0,separate,0.5631578947368421,wenyan-like,494,0.008097165991902834,0.1437246963562753,26.61111111111111,0,0
元朝,600973,王官麻革信之 (塵土悠悠涴客襜),王官麻革信之 (塵土悠悠涴客襜),王官麻革信之 (塵土悠悠涴客襜),1,scrape_output\raw\元朝\王官麻革信之 (塵土悠悠涴客襜)\王官麻革信之 (塵土悠悠涴客襜)__juan_01.txt,scrape_output\clean\元朝\王官麻革信之 (塵土悠悠涴客襜)\王官麻革信之 (塵土悠悠涴客襜)__juan_01.txt,149,105,0,separate,0.042105263157894736,unknown,95,0.0,0.021052631578947368,12.857142857142858,0,1
元朝,600972,王官麻革信之 (逃漁魚深處),王官麻革信之 (逃漁魚深處),王官麻革信之 (逃漁魚深處),1,scrape_output\suspected_baihua\raw\元朝\王官麻革信之 (逃漁魚深處)\王官麻革信之 (逃漁魚深處)__juan_01.txt,scrape_output\suspected_baihua\clean\元朝\王官麻革信之 (逃漁魚深處)\王官麻革信之 (逃漁魚深處)__juan_01.txt,338,286,0,separate,-0.012096774193548383,baihua-like,248,0.012096774193548387,0.012096774193548387,8.214285714285714,0,0
元朝,764962,王希賜文集再序,王希賜文集再序,王希賜文集再序,1,scrape_output\raw\元朝\王希賜文集再序\王希賜文集再序__juan_01.txt,scrape_output\clean\元朝\王希賜文集再序\王希賜文集再序__juan_01.txt,492,448,0,separate,0.5375565610859728,wenyan-like,442,0.011312217194570135,0.13574660633484162,26.75,0,0
元朝,135720,王禎農書,王禎農書/卷一,王禎農書,1,scrape_output\raw\元朝\王禎農書\王禎農書__juan_01.txt,scrape_output\clean\元朝\王禎農書\王禎農書__juan_01.txt,6525,6291,0,separate,0.09963583193091843,wenyan-like,144988,0.01136645791375838,0.06686760283609679,14.276538341807617,0,0
元朝,135720,王禎農書,王禎農書/卷二,王禎農書,2,scrape_output\raw\元朝\王禎農書\王禎農書__juan_02.txt,scrape_output\clean\元朝\王禎農書\王禎農書__juan_02.txt,6860,6510,0,separate,0.09963583193091843,wenyan-like,144988,0.01136645791375838,0.06686760283609679,14.276538341807617,0,0
元朝,135720,王禎農書,王禎農書/卷三,王禎農書,3,scrape_output\raw\元朝\王禎農書\王禎農書__juan_03.txt,scrape_output\clean\元朝\王禎農書\王禎農書__juan_03.txt,4710,4512,0,separate,0.09963583193091843,wenyan-like,144988,0.01136645791375838,0.06686760283609679,14.276538341807617,0,0
元朝,135720,王禎農書,王禎農書/卷四,王禎農書,4,scrape_output\raw\元朝\王禎農書\王禎農書__juan_04.txt,scrape_output\clean\元朝\王禎農書\王禎農書__juan_04.txt,4259,4016,0,separate,0.09963583193091843,wenyan-like,144988,0.01136645791375838,0.06686760283609679,14.276538341807617,0,0
元朝,135720,王禎農書,王禎農書/卷五,王禎農書,5,scrape_output\raw\元朝\王禎農書\王禎農書__juan_05.txt,scrape_output\clean\元朝\王禎農書\王禎農書__juan_05.txt,6267,6068,0,separate,0.09963583193091843,wenyan-like,144988,0.01136645791375838,0.06686760283609679,14.276538341807617,0,0
元朝,135720,王禎農書,王禎農書/卷六,王禎農書,6,scrape_output\raw\元朝\王禎農書\王禎農書__juan_06.txt,scrape_output\clean\元朝\王禎農書\王禎農書__juan_06.txt,3883,3690,0,separate,0.09963583193091843,wenyan-like,144988,0.01136645791375838,0.06686760283609679,14.276538341807617,0,0
元朝,135720,王禎農書,王禎農書/卷七,王禎農書,7,scrape_output\raw\元朝\王禎農書\王禎農書__juan_07.txt,scrape_output\clean\元朝\王禎農書\王禎農書__juan_07.txt,7161,6806,0,separate,0.09963583193091843,wenyan-like,144988,0.01136645791375838,0.06686760283609679,14.276538341807617,0,0
元朝,135720,王禎農書,王禎農書/卷八,王禎農書,8,scrape_output\raw\元朝\王禎農書\王禎農書__juan_08.txt,scrape_output\clean\元朝\王禎農書\王禎農書__juan_08.txt,13531,12968,0,separate,0.09963583193091843,wenyan-like,144988,0.01136645791375838,0.06686760283609679,14.276538341807617,0,0
元朝,135720,王禎農書,王禎農書/卷九,王禎農書,9,scrape_output\raw\元朝\王禎農書\王禎農書__juan_09.txt,scrape_output\clean\元朝\王禎農書\王禎農書__juan_09.txt,10663,10127,0,separate,0.09963583193091843,wenyan-like,144988,0.01136645791375838,0.06686760283609679,14.276538341807617,0,0
元朝,135720,王禎農書,王禎農書/卷十,王禎農書,10,scrape_output\raw\元朝\王禎農書\王禎農書__juan_10.txt,scrape_output\clean\元朝\王禎農書\王禎農書__juan_10.txt,10881,10469,0,separate,0.09963583193091843,wenyan-like,144988,0.01136645791375838,0.06686760283609679,14.276538341807617,0,0
元朝,135720,王禎農書,王禎農書/卷十一,王禎農書,11,scrape_output\raw\元朝\王禎農書\王禎農書__juan_11.txt,scrape_output\clean\元朝\王禎農書\王禎農書__juan_11.txt,7513,7284,0,separate,0.09963583193091843,wenyan-like,144988,0.01136645791375838,0.06686760283609679,14.276538341807617,0,0
元朝,135720,王禎農書,王禎農書/卷十二,王禎農書,12,scrape_output\raw\元朝\王禎農書\王禎農書__juan_12.txt,scrape_output\clean\元朝\王禎農書\王禎農書__juan_12.txt,6432,6114,0,separate,0.09963583193091843,wenyan-like,144988,0.01136645791375838,0.06686760283609679,14.276538341807617,0,0
元朝,135720,王禎農書,王禎農書/卷十三,王禎農書,13,scrape_output\raw\元朝\王禎農書\王禎農書__juan_13.txt,scrape_output\clean\元朝\王禎農書\王禎農書__juan_13.txt,7737,7352,0,separate,0.09963583193091843,wenyan-like,144988,0.01136645791375838,0.06686760283609679,14.276538341807617,0,0
元朝,135720,王禎農書,王禎農書/卷十四,王禎農書,14,scrape_output\raw\元朝\王禎農書\王禎農書__juan_14.txt,scrape_output\clean\元朝\王禎農書\王禎農書__juan_14.txt,6488,6112,0,separate,0.09963583193091843,wenyan-like,144988,0.01136645791375838,0.06686760283609679,14.276538341807617,0,0
元朝,135720,王禎農書,王禎農書/卷十五,王禎農書,15,scrape_output\raw\元朝\王禎農書\王禎農書__juan_15.txt,scrape_output\clean\元朝\王禎農書\王禎農書__juan_15.txt,6493,6100,0,separate,0.09963583193091843,wenyan-like,144988,0.01136645791375838,0.06686760283609679,14.276538341807617,0,0
元朝,135720,王禎農書,王禎農書/卷十六,王禎農書,16,scrape_output\raw\元朝\王禎農書\王禎農書__juan_16.txt,scrape_output\clean\元朝\王禎農書\王禎農書__juan_16.txt,6379,5975,0,separate,0.09963583193091843,wenyan-like,144988,0.01136645791375838,0.06686760283609679,14.276538341807617,0,0
元朝,135720,王禎農書,王禎農書/卷十七,王禎農書,17,scrape_output\raw\元朝\王禎農書\王禎農書__juan_17.txt,scrape_output\clean\元朝\王禎農書\王禎農書__juan_17.txt,5401,5103,0,separate,0.09963583193091843,wenyan-like,144988,0.01136645791375838,0.06686760283609679,14.276538341807617,0,0
元朝,135720,王禎農書,王禎農書/卷十八,王禎農書,18,scrape_output\raw\元朝\王禎農書\王禎農書__juan_18.txt,scrape_output\clean\元朝\王禎農書\王禎農書__juan_18.txt,7264,7006,0,separate,0.09963583193091843,wenyan-like,144988,0.01136645791375838,0.06686760283609679,14.276538341807617,0,0
元朝,135720,王禎農書,王禎農書/卷十九,王禎農書,19,scrape_output\raw\元朝\王禎農書\王禎農書__juan_19.txt,scrape_output\clean\元朝\王禎農書\王禎農書__juan_19.txt,6561,6258,0,separate,0.09963583193091843,wenyan-like,144988,0.01136645791375838,0.06686760283609679,14.276538341807617,0,0
元朝,135720,王禎農書,王禎農書/卷二十,王禎農書,20,scrape_output\raw\元朝\王禎農書\王禎農書__juan_20.txt,scrape_output\clean\元朝\王禎農書\王禎農書__juan_20.txt,8417,8098,0,separate,0.09963583193091843,wenyan-like,144988,0.01136645791375838,0.06686760283609679,14.276538341807617,0,0
元朝,135720,王禎農書,王禎農書/卷二十一,王禎農書,21,scrape_output\raw\元朝\王禎農書\王禎農書__juan_21.txt,scrape_output\clean\元朝\王禎農書\王禎農書__juan_21.txt,6683,6318,0,separate,0.09963583193091843,wenyan-like,144988,0.01136645791375838,0.06686760283609679,14.276538341807617,0,0
元朝,135720,王禎農書,王禎農書/卷二十二,王禎農書,22,scrape_output\raw\元朝\王禎農書\王禎農書__juan_22.txt,scrape_output\clean\元朝\王禎農書\王禎農書__juan_22.txt,7787,7471,0,separate,0.09963583193091843,wenyan-like,144988,0.01136645791375838,0.06686760283609679,14.276538341807617,0,0
元朝,765452,王鎮撫軍功志,王鎮撫軍功志,王鎮撫軍功志,1,scrape_output\raw\元朝\王鎮撫軍功志\王鎮撫軍功志__juan_01.txt,scrape_output\clean\元朝\王鎮撫軍功志\王鎮撫軍功志__juan_01.txt,692,648,0,separate,0.4347962382445141,wenyan-like,638,0.009404388714733543,0.08150470219435736,26.91304347826087,0,0
元朝,352015,珍珠囊補遺藥性賦,珍珠囊補遺藥性賦,珍珠囊補遺藥性賦,1,scrape_output\raw\元朝\珍珠囊補遺藥性賦\珍珠囊補遺藥性賦__juan_01.txt,scrape_output\clean\元朝\珍珠囊補遺藥性賦\珍珠囊補遺藥性賦__juan_01.txt,34704,34606,0,separate,0.23274267636053902,wenyan-like,32873,0.0038937730052018373,0.04721199768807228,15.50597014925373,0,0
元朝,765140,琦上人孝養序,琦上人孝養序,琦上人孝養序,1,scrape_output\raw\元朝\琦上人孝養序\琦上人孝養序__juan_01.txt,scrape_output\clean\元朝\琦上人孝養序\琦上人孝養序__juan_01.txt,587,543,0,separate,0.37138836772983114,wenyan-like,533,0.0075046904315197,0.12195121951219512,22.304347826086957,0,0
元朝,886144,琳宫月夜宴集,琳宫月夜宴集,琳宫月夜宴集,1,scrape_output\raw\元朝\琳宫月夜宴集\琳宫月夜宴集__juan_01.txt,scrape_output\clean\元朝\琳宫月夜宴集\琳宫月夜宴集__juan_01.txt,149,105,0,separate,0.021052631578947368,unknown,95,0.0,0.010526315789473684,12.857142857142858,0,1
元朝,58424,琵琶記,琵琶記/01,琵琶記,1,scrape_output\suspected_baihua\raw\元朝\琵琶記\琵琶記__juan_01.txt,scrape_output\suspected_baihua\clean\元朝\琵琶記\琵琶記__juan_01.txt,486,429,0,separate,-0.06636754533557673,baihua-like,69537,0.032284970591196054,0.015243683219005709,5.367859049652963,0,0
元朝,58424,琵琶記,琵琶記/02,琵琶記,2,scrape_output\suspected_baihua\raw\元朝\琵琶記\琵琶記__juan_02.txt,scrape_output\suspected_baihua\clean\元朝\琵琶記\琵琶記__juan_02.txt,1443,1347,0,separate,-0.06636754533557673,baihua-like,69537,0.032284970591196054,0.015243683219005709,5.367859049652963,0,0
元朝,58424,琵琶記,琵琶記/03,琵琶記,3,scrape_output\suspected_baihua\raw\元朝\琵琶記\琵琶記__juan_03.txt,scrape_output\suspected_baihua\clean\元朝\琵琶記\琵琶記__juan_03.txt,3754,3666,0,separate,-0.06636754533557673,baihua-like,69537,0.032284970591196054,0.015243683219005709,5.367859049652963,0,0
元朝,58424,琵琶記,琵琶記/04,琵琶記,4,scrape_output\suspected_baihua\raw\元朝\琵琶記\琵琶記__juan_04.txt,scrape_output\suspected_baihua\clean\元朝\琵琶記\琵琶記__juan_04.txt,3064,2961,0,separate,-0.06636754533557673,baihua-like,69537,0.032284970591196054,0.015243683219005709,5.367859049652963,0,0
元朝,58424,琵琶記,琵琶記/05,琵琶記,5,scrape_output\suspected_baihua\raw\元朝\琵琶記\琵琶記__juan_05.txt,scrape_output\suspected_baihua\clean\元朝\琵琶記\琵琶記__juan_05.txt,2870,2719,0,separate,-0.06636754533557673,baihua-like,69537,0.032284970591196054,0.015243683219005709,5.367859049652963,0,0
元朝,58424,琵琶記,琵琶記/06,琵琶記,6,scrape_output\suspected_baihua\raw\元朝\琵琶記\琵琶記__juan_06.txt,scrape_output\suspected_baihua\clean\元朝\琵琶記\琵琶記__juan_06.txt,2020,1938,0,separate,-0.06636754533557673,baihua-like,69537,0.032284970591196054,0.015243683219005709,5.367859049652963,0,0
元朝,58424,琵琶記,琵琶記/07,琵琶記,7,scrape_output\suspected_baihua\raw\元朝\琵琶記\琵琶記__juan_07.txt,scrape_output\suspected_baihua\clean\元朝\琵琶記\琵琶記__juan_07.txt,1444,1366,0,separate,-0.06636754533557673,baihua-like,69537,0.032284970591196054,0.015243683219005709,5.367859049652963,0,0
元朝,58424,琵琶記,琵琶記/08,琵琶記,8,scrape_output\suspected_baihua\raw\元朝\琵琶記\琵琶記__juan_08.txt,scrape_output\suspected_baihua\clean\元朝\琵琶記\琵琶記__juan_08.txt,1727,1645,0,separate,-0.06636754533557673,baihua-like,69537,0.032284970591196054,0.015243683219005709,5.367859049652963,0,0
元朝,58424,琵琶記,琵琶記/09,琵琶記,9,scrape_output\suspected_baihua\raw\元朝\琵琶記\琵琶記__juan_09.txt,scrape_output\suspected_baihua\clean\元朝\琵琶記\琵琶記__juan_09.txt,1049,977,0,separate,-0.06636754533557673,baihua-like,69537,0.032284970591196054,0.015243683219005709,5.367859049652963,0,0
元朝,58424,琵琶記,琵琶記/10,琵琶記,10,scrape_output\suspected_baihua\raw\元朝\琵琶記\琵琶記__juan_10.txt,scrape_output\suspected_baihua\clean\元朝\琵琶記\琵琶記__juan_10.txt,3958,3832,0,separate,-0.06636754533557673,baihua-like,69537,0.032284970591196054,0.015243683219005709,5.367859049652963,0,0
元朝,58424,琵琶記,琵琶記/11,琵琶記,11,scrape_output\suspected_baihua\raw\元朝\琵琶記\琵琶記__juan_11.txt,scrape_output\suspected_baihua\clean\元朝\琵琶記\琵琶記__juan_11.txt,1416,1330,0,separate,-0.06636754533557673,baihua-like,69537,0.032284970591196054,0.015243683219005709,5.367859049652963,0,0
元朝,58424,琵琶記,琵琶記/12,琵琶記,12,scrape_output\suspected_baihua\raw\元朝\琵琶記\琵琶記__juan_12.txt,scrape_output\suspected_baihua\clean\元朝\琵琶記\琵琶記__juan_12.txt,1311,1243,0,separate,-0.06636754533557673,baihua-like,69537,0.032284970591196054,0.015243683219005709,5.367859049652963,0,0
元朝,58424,琵琶記,琵琶記/13,琵琶記,13,scrape_output\suspected_baihua\raw\元朝\琵琶記\琵琶記__juan_13.txt,scrape_output\suspected_baihua\clean\元朝\琵琶記\琵琶記__juan_13.txt,1237,1152,0,separate,-0.06636754533557673,baihua-like,69537,0.032284970591196054,0.015243683219005709,5.367859049652963,0,0
元朝,58424,琵琶記,琵琶記/14,琵琶記,14,scrape_output\suspected_baihua\raw\元朝\琵琶記\琵琶記__juan_14.txt,scrape_output\suspected_baihua\clean\元朝\琵琶記\琵琶記__juan_14.txt,878,801,0,separate,-0.06636754533557673,baihua-like,69537,0.032284970591196054,0.015243683219005709,5.367859049652963,0,0
元朝,58424,琵琶記,琵琶記/15,琵琶記,15,scrape_output\suspected_baihua\raw\元朝\琵琶記\琵琶記__juan_15.txt,scrape_output\suspected_baihua\clean\元朝\琵琶記\琵琶記__juan_15.txt,874,805,0,separate,-0.06636754533557673,baihua-like,69537,0.032284970591196054,0.015243683219005709,5.367859049652963,0,0
元朝,58424,琵琶記,琵琶記/16,琵琶記,16,scrape_output\suspected_baihua\raw\元朝\琵琶記\琵琶記__juan_16.txt,scrape_output\suspected_baihua\clean\元朝\琵琶記\琵琶記__juan_16.txt,2888,2740,0,separate,-0.06636754533557673,baihua-like,69537,0.032284970591196054,0.015243683219005709,5.367859049652963,0,0
元朝,58424,琵琶記,琵琶記/17,琵琶記,17,scrape_output\suspected_baihua\raw\元朝\琵琶記\琵琶記__juan_17.txt,scrape_output\suspected_baihua\clean\元朝\琵琶記\琵琶記__juan_17.txt,4993,4861,0,separate,-0.06636754533557673,baihua-like,69537,0.032284970591196054,0.015243683219005709,5.367859049652963,0,0
元朝,58424,琵琶記,琵琶記/18,琵琶記,18,scrape_output\suspected_baihua\raw\元朝\琵琶記\琵琶記__juan_18.txt,scrape_output\suspected_baihua\clean\元朝\琵琶記\琵琶記__juan_18.txt,681,616,0,separate,-0.06636754533557673,baihua-like,69537,0.032284970591196054,0.015243683219005709,5.367859049652963,0,0
元朝,58424,琵琶記,琵琶記/19,琵琶記,19,scrape_output\suspected_baihua\raw\元朝\琵琶記\琵琶記__juan_19.txt,scrape_output\suspected_baihua\clean\元朝\琵琶記\琵琶記__juan_19.txt,1456,1349,0,separate,-0.06636754533557673,baihua-like,69537,0.032284970591196054,0.015243683219005709,5.367859049652963,0,0
元朝,58424,琵琶記,琵琶記/20,琵琶記,20,scrape_output\suspected_baihua\raw\元朝\琵琶記\琵琶記__juan_20.txt,scrape_output\suspected_baihua\clean\元朝\琵琶記\琵琶記__juan_20.txt,1175,1099,0,separate,-0.06636754533557673,baihua-like,69537,0.032284970591196054,0.015243683219005709,5.367859049652963,0,0
元朝,58424,琵琶記,琵琶記/21,琵琶記,21,scrape_output\suspected_baihua\raw\元朝\琵琶記\琵琶記__juan_21.txt,scrape_output\suspected_baihua\clean\元朝\琵琶記\琵琶記__juan_21.txt,2190,2087,0,separate,-0.06636754533557673,baihua-like,69537,0.032284970591196054,0.015243683219005709,5.367859049652963,0,0
元朝,58424,琵琶記,琵琶記/22,琵琶記,22,scrape_output\suspected_baihua\raw\元朝\琵琶記\琵琶記__juan_22.txt,scrape_output\suspected_baihua\clean\元朝\琵琶記\琵琶記__juan_22.txt,2453,2335,0,separate,-0.06636754533557673,baihua-like,69537,0.032284970591196054,0.015243683219005709,5.367859049652963,0,0
元朝,58424,琵琶記,琵琶記/23,琵琶記,23,scrape_output\suspected_baihua\raw\元朝\琵琶記\琵琶記__juan_23.txt,scrape_output\suspected_baihua\clean\元朝\琵琶記\琵琶記__juan_23.txt,1978,1869,0,separate,-0.06636754533557673,baihua-like,69537,0.032284970591196054,0.015243683219005709,5.367859049652963,0,0
元朝,58424,琵琶記,琵琶記/24,琵琶記,24,scrape_output\suspected_baihua\raw\元朝\琵琶記\琵琶記__juan_24.txt,scrape_output\suspected_baihua\clean\元朝\琵琶記\琵琶記__juan_24.txt,1139,1067,0,separate,-0.06636754533557673,baihua-like,69537,0.032284970591196054,0.015243683219005709,5.367859049652963,0,0
元朝,58424,琵琶記,琵琶記/25,琵琶記,25,scrape_output\suspected_baihua\raw\元朝\琵琶記\琵琶記__juan_25.txt,scrape_output\suspected_baihua\clean\元朝\琵琶記\琵琶記__juan_25.txt,1525,1433,0,separate,-0.06636754533557673,baihua-like,69537,0.032284970591196054,0.015243683219005709,5.367859049652963,0,0
元朝,58424,琵琶記,琵琶記/26,琵琶記,26,scrape_output\suspected_baihua\raw\元朝\琵琶記\琵琶記__juan_26.txt,scrape_output\suspected_baihua\clean\元朝\琵琶記\琵琶記__juan_26.txt,1380,1296,0,separate,-0.06636754533557673,baihua-like,69537,0.032284970591196054,0.015243683219005709,5.367859049652963,0,0
元朝,58424,琵琶記,琵琶記/27,琵琶記,27,scrape_output\suspected_baihua\raw\元朝\琵琶記\琵琶記__juan_27.txt,scrape_output\suspected_baihua\clean\元朝\琵琶記\琵琶記__juan_27.txt,1744,1639,0,separate,-0.06636754533557673,baihua-like,69537,0.032284970591196054,0.015243683219005709,5.367859049652963,0,0
元朝,58424,琵琶記,琵琶記/28,琵琶記,28,scrape_output\suspected_baihua\raw\元朝\琵琶記\琵琶記__juan_28.txt,scrape_output\suspected_baihua\clean\元朝\琵琶記\琵琶記__juan_28.txt,1298,1210,0,separate,-0.06636754533557673,baihua-like,69537,0.032284970591196054,0.015243683219005709,5.367859049652963,0,0
元朝,58424,琵琶記,琵琶記/29,琵琶記,29,scrape_output\suspected_baihua\raw\元朝\琵琶記\琵琶記__juan_29.txt,scrape_output\suspected_baihua\clean\元朝\琵琶記\琵琶記__juan_29.txt,2072,1990,0,separate,-0.06636754533557673,baihua-like,69537,0.032284970591196054,0.015243683219005709,5.367859049652963,0,0
元朝,58424,琵琶記,琵琶記/30,琵琶記,30,scrape_output\suspected_baihua\raw\元朝\琵琶記\琵琶記__juan_30.txt,scrape_output\suspected_baihua\clean\元朝\琵琶記\琵琶記__juan_30.txt,1823,1740,0,separate,-0.06636754533557673,baihua-like,69537,0.032284970591196054,0.015243683219005709,5.367859049652963,0,0
元朝,58424,琵琶記,琵琶記/31,琵琶記,31,scrape_output\suspected_baihua\raw\元朝\琵琶記\琵琶記__juan_31.txt,scrape_output\suspected_baihua\clean\元朝\琵琶記\琵琶記__juan_31.txt,2474,2367,0,separate,-0.06636754533557673,baihua-like,69537,0.032284970591196054,0.015243683219005709,5.367859049652963,0,0
元朝,58424,琵琶記,琵琶記/32,琵琶記,32,scrape_output\suspected_baihua\raw\元朝\琵琶記\琵琶記__juan_32.txt,scrape_output\suspected_baihua\clean\元朝\琵琶記\琵琶記__juan_32.txt,601,542,0,separate,-0.06636754533557673,baihua-like,69537,0.032284970591196054,0.015243683219005709,5.367859049652963,0,0
元朝,58424,琵琶記,琵琶記/33,琵琶記,33,scrape_output\suspected_baihua\raw\元朝\琵琶記\琵琶記__juan_33.txt,scrape_output\suspected_baihua\clean\元朝\琵琶記\琵琶記__juan_33.txt,1064,991,0,separate,-0.06636754533557673,baihua-like,69537,0.032284970591196054,0.015243683219005709,5.367859049652963,0,0
元朝,58424,琵琶記,琵琶記/34,琵琶記,34,scrape_output\suspected_baihua\raw\元朝\琵琶記\琵琶記__juan_34.txt,scrape_output\suspected_baihua\clean\元朝\琵琶記\琵琶記__juan_34.txt,3982,3867,0,separate,-0.06636754533557673,baihua-like,69537,0.032284970591196054,0.015243683219005709,5.367859049652963,0,0
元朝,58424,琵琶記,琵琶記/35,琵琶記,35,scrape_output\suspected_baihua\raw\元朝\琵琶記\琵琶記__juan_35.txt,scrape_output\suspected_baihua\clean\元朝\琵琶記\琵琶記__juan_35.txt,2910,2812,0,separate,-0.06636754533557673,baihua-like,69537,0.032284970591196054,0.015243683219005709,5.367859049652963,0,0
元朝,58424,琵琶記,琵琶記/36,琵琶記,36,scrape_output\suspected_baihua\raw\元朝\琵琶記\琵琶記__juan_36.txt,scrape_output\suspected_baihua\clean\元朝\琵琶記\琵琶記__juan_36.txt,1049,990,0,separate,-0.06636754533557673,baihua-like,69537,0.032284970591196054,0.015243683219005709,5.367859049652963,0,0
元朝,58424,琵琶記,琵琶記/37,琵琶記,37,scrape_output\suspected_baihua\raw\元朝\琵琶記\琵琶記__juan_37.txt,scrape_output\suspected_baihua\clean\元朝\琵琶記\琵琶記__juan_37.txt,3259,3143,0,separate,-0.06636754533557673,baihua-like,69537,0.032284970591196054,0.015243683219005709,5.367859049652963,0,0
元朝,58424,琵琶記,琵琶記/38,琵琶記,38,scrape_output\suspected_baihua\raw\元朝\琵琶記\琵琶記__juan_38.txt,scrape_output\suspected_baihua\clean\元朝\琵琶記\琵琶記__juan_38.txt,1703,1622,0,separate,-0.06636754533557673,baihua-like,69537,0.032284970591196054,0.015243683219005709,5.367859049652963,0,0
元朝,58424,琵琶記,琵琶記/39,琵琶記,39,scrape_output\suspected_baihua\raw\元朝\琵琶記\琵琶記__juan_39.txt,scrape_output\suspected_baihua\clean\元朝\琵琶記\琵琶記__juan_39.txt,2138,2035,0,separate,-0.06636754533557673,baihua-like,69537,0.032284970591196054,0.015243683219005709,5.367859049652963,0,0
元朝,58424,琵琶記,琵琶記/40,琵琶記,40,scrape_output\suspected_baihua\raw\元朝\琵琶記\琵琶記__juan_40.txt,scrape_output\suspected_baihua\clean\元朝\琵琶記\琵琶記__juan_40.txt,652,587,0,separate,-0.06636754533557673,baihua-like,69537,0.032284970591196054,0.015243683219005709,5.367859049652963,0,0
元朝,58424,琵琶記,琵琶記/41,琵琶記,41,scrape_output\suspected_baihua\raw\元朝\琵琶記\琵琶記__juan_41.txt,scrape_output\suspected_baihua\clean\元朝\琵琶記\琵琶記__juan_41.txt,985,917,0,separate,-0.06636754533557673,baihua-like,69537,0.032284970591196054,0.015243683219005709,5.367859049652963,0,0
元朝,58424,琵琶記,琵琶記/42,琵琶記,42,scrape_output\suspected_baihua\raw\元朝\琵琶記\琵琶記__juan_42.txt,scrape_output\suspected_baihua\clean\元朝\琵琶記\琵琶記__juan_42.txt,2160,2058,0,separate,-0.06636754533557673,baihua-like,69537,0.032284970591196054,0.015243683219005709,5.367859049652963,0,0
元朝,885466,瑞井行,瑞井行,瑞井行,1,scrape_output\raw\元朝\瑞井行\瑞井行__juan_01.txt,scrape_output\clean\元朝\瑞井行\瑞井行__juan_01.txt,171,127,0,separate,0.08695652173913043,unknown,115,0.0,0.043478260869565216,13.625,0,1
元朝,765132,瑞竹圖卷序,瑞竹圖卷序,瑞竹圖卷序,1,scrape_output\raw\元朝\瑞竹圖卷序\瑞竹圖卷序__juan_01.txt,scrape_output\clean\元朝\瑞竹圖卷序\瑞竹圖卷序__juan_01.txt,469,425,0,separate,0.258433734939759,wenyan-like,415,0.02650602409638554,0.09397590361445783,21.05263157894737,0,0
元朝,352049,瑞竹堂經驗方,瑞竹堂經驗方,瑞竹堂經驗方,1,scrape_output\raw\元朝\瑞竹堂經驗方\瑞竹堂經驗方__juan_01.txt,scrape_output\clean\元朝\瑞竹堂經驗方\瑞竹堂經驗方__juan_01.txt,38607,38106,0,separate,0.011372891215823154,wenyan-like,34380,0.0036940081442699245,0.011227457824316464,11.900070372976776,0,0
元朝,196041,瑞鷓鴣 (滕斌),瑞鷓鴣 (滕斌),瑞鷓鴣 (滕斌),1,scrape_output\raw\元朝\瑞鷓鴣 (滕斌)\瑞鷓鴣 (滕斌)__juan_01.txt,scrape_output\clean\元朝\瑞鷓鴣 (滕斌)\瑞鷓鴣 (滕斌)__juan_01.txt,66,66,0,separate,0.103125,unknown,64,0.015625,0.0,15.0,0,1
元朝,112595,瑯嬛記,瑯嬛記/卷上,瑯嬛記,1,scrape_output\raw\元朝\瑯嬛記\瑯嬛記__juan_01.txt,scrape_output\clean\元朝\瑯嬛記\瑯嬛記__juan_01.txt,13989,13839,0,separate,0.07980824415110901,wenyan-like,29621,0.009722831774754397,0.0544883697376861,7.761124761124761,0,0
元朝,112595,瑯嬛記,瑯嬛記/卷中,瑯嬛記,2,scrape_output\raw\元朝\瑯嬛記\瑯嬛記__juan_02.txt,scrape_output\clean\元朝\瑯嬛記\瑯嬛記__juan_02.txt,12421,12301,0,separate,0.07980824415110901,wenyan-like,29621,0.009722831774754397,0.0544883697376861,7.761124761124761,0,0
元朝,112595,瑯嬛記,瑯嬛記/卷下,瑯嬛記,3,scrape_output\raw\元朝\瑯嬛記\瑯嬛記__juan_03.txt,scrape_output\clean\元朝\瑯嬛記\瑯嬛記__juan_03.txt,6907,6824,0,separate,0.07980824415110901,wenyan-like,29621,0.009722831774754397,0.0544883697376861,7.761124761124761,0,0
元朝,882247,瓊林園賦并序,瓊林園賦并序,瓊林園賦并序,1,scrape_output\raw\元朝\瓊林園賦并序\瓊林園賦并序__juan_01.txt,scrape_output\clean\元朝\瓊林園賦并序\瓊林園賦并序__juan_01.txt,2819,2317,0,separate,0.28774834437086094,wenyan-like,2265,0.006181015452538631,0.0781456953642384,17.285714285714285,0,0
元朝,886371,瓊花島,瓊花島,瓊花島,1,scrape_output\raw\元朝\瓊花島\瓊花島__juan_01.txt,scrape_output\clean\元朝\瓊花島\瓊花島__juan_01.txt,113,69,0,separate,0.031746031746031744,unknown,63,0.0,0.015873015873015872,12.0,0,1
元朝,1179349,瓜州阻風,瓜州阻風,瓜州阻風,1,scrape_output\raw\元朝\瓜州阻風\瓜州阻風__juan_01.txt,scrape_output\clean\元朝\瓜州阻風\瓜州阻風__juan_01.txt,113,69,0,separate,0.06349206349206349,unknown,63,0.0,0.031746031746031744,12.0,0,1
元朝,317446,甘羅廟,甘羅廟,甘羅廟,1,scrape_output\raw\元朝\甘羅廟\甘羅廟__juan_01.txt,scrape_output\clean\元朝\甘羅廟\甘羅廟__juan_01.txt,187,143,0,separate,0.031496062992125984,unknown,127,0.0,0.015748031496062992,10.909090909090908,0,1
元朝,765220,生春堂記,生春堂記,生春堂記,1,scrape_output\raw\元朝\生春堂記\生春堂記__juan_01.txt,scrape_output\clean\元朝\生春堂記\生春堂記__juan_01.txt,535,491,0,separate,0.3756728778467909,wenyan-like,483,0.002070393374741201,0.11594202898550725,22.19047619047619,0,0
元朝,885798,用西岡老人留别詩韻以贐其行二首,用西岡老人留别詩韻以贐其行二首,用西岡老人留别詩韻以贐其行二首,1,scrape_output\raw\元朝\用西岡老人留别詩韻以贐其行二首\用西岡老人留别詩韻以贐其行二首__juan_01.txt,scrape_output\clean\元朝\用西岡老人留别詩韻以贐其行二首\用西岡老人留别詩韻以贐其行二首__juan_01.txt,221,177,0,separate,-0.01886792452830189,unknown,159,0.018867924528301886,0.018867924528301886,13.636363636363637,0,1
元朝,886631,用輔之送晉之詩韻,用輔之送晉之詩韻,用輔之送晉之詩韻,1,scrape_output\raw\元朝\用輔之送晉之詩韻\用輔之送晉之詩韻__juan_01.txt,scrape_output\clean\元朝\用輔之送晉之詩韻\用輔之送晉之詩韻__juan_01.txt,113,69,0,separate,0.031746031746031744,unknown,63,0.0,0.015873015873015872,12.0,0,1
元朝,1115280,田家曆,田家曆,田家曆,1,scrape_output\suspected_baihua\raw\元朝\田家曆\田家曆__juan_01.txt,scrape_output\suspected_baihua\clean\元朝\田家曆\田家曆__juan_01.txt,952,923,0,separate,-0.014492753623188408,baihua-like,690,0.008695652173913044,0.005797101449275362,4.4393939393939394,0,0
元朝,891534,甲午六月柔川卧病呈地主,甲午六月柔川卧病呈地主,甲午六月柔川卧病呈地主,1,scrape_output\raw\元朝\甲午六月柔川卧病呈地主\甲午六月柔川卧病呈地主__juan_01.txt,scrape_output\clean\元朝\甲午六月柔川卧病呈地主\甲午六月柔川卧病呈地主__juan_01.txt,70,70,0,separate,0.15,unknown,64,0.0,0.0,15.0,0,1
元朝,766427,甲子冬偶書,甲子冬偶書,甲子冬偶書,1,scrape_output\raw\元朝\甲子冬偶書\甲子冬偶書__juan_01.txt,scrape_output\clean\元朝\甲子冬偶書\甲子冬偶書__juan_01.txt,149,105,0,separate,-0.010526315789473686,unknown,95,0.010526315789473684,0.010526315789473684,12.857142857142858,0,1
元朝,885801,留別諸友,留別諸友,留別諸友,1,scrape_output\raw\元朝\留別諸友\留別諸友__juan_01.txt,scrape_output\clean\元朝\留別諸友\留別諸友__juan_01.txt,149,105,0,separate,0.0,unknown,95,0.021052631578947368,0.031578947368421054,12.857142857142858,0,1
元朝,1179601,留别同年索士岩經歷,留别同年索士岩經歷,留别同年索士岩經歷,1,scrape_output\raw\元朝\留别同年索士岩經歷\留别同年索士岩經歷__juan_01.txt,scrape_output\clean\元朝\留别同年索士岩經歷\留别同年索士岩經歷__juan_01.txt,181,137,0,separate,0.016260162601626018,unknown,123,0.0,0.008130081300813009,12.88888888888889,0,1
元朝,886218,留别趙虎巖吕龍山,留别趙虎巖吕龍山,留别趙虎巖吕龍山,1,scrape_output\raw\元朝\留别趙虎巖吕龍山\留别趙虎巖吕龍山__juan_01.txt,scrape_output\clean\元朝\留别趙虎巖吕龍山\留别趙虎巖吕龍山__juan_01.txt,105,61,0,separate,0.03636363636363636,unknown,55,0.0,0.01818181818181818,10.4,0,1
元朝,886152,留題大防山孔水,留題大防山孔水,留題大防山孔水,1,scrape_output\raw\元朝\留題大防山孔水\留題大防山孔水__juan_01.txt,scrape_output\clean\元朝\留題大防山孔水\留題大防山孔水__juan_01.txt,388,344,0,separate,0.046296296296296294,wenyan-like,324,0.015432098765432098,0.046296296296296294,12.916666666666666,0,0
元朝,1179552,畣茅山道士見寄,畣茅山道士見寄,畣茅山道士見寄,1,scrape_output\raw\元朝\畣茅山道士見寄\畣茅山道士見寄__juan_01.txt,scrape_output\clean\元朝\畣茅山道士見寄\畣茅山道士見寄__juan_01.txt,149,105,0,separate,0.021052631578947368,unknown,95,0.0,0.010526315789473684,12.857142857142858,0,1
元朝,108165,畫繼補遺,畫繼補遺/卷上,畫繼補遺,1,scrape_output\raw\元朝\畫繼補遺\畫繼補遺__juan_01.txt,scrape_output\clean\元朝\畫繼補遺\畫繼補遺__juan_01.txt,1813,1721,0,separate,0.19976141785957735,wenyan-like,4401,0.007952738014087708,0.03680981595092025,15.49812734082397,0,0
元朝,108165,畫繼補遺,畫繼補遺/卷下,畫繼補遺,2,scrape_output\raw\元朝\畫繼補遺\畫繼補遺__juan_02.txt,scrape_output\clean\元朝\畫繼補遺\畫繼補遺__juan_02.txt,2653,2561,0,separate,0.19976141785957735,wenyan-like,4401,0.007952738014087708,0.03680981595092025,15.49812734082397,0,0
元朝,108165,畫繼補遺,畫繼補遺/序,畫繼補遺,3,scrape_output\raw\元朝\畫繼補遺\畫繼補遺__juan_03.txt,scrape_output\clean\元朝\畫繼補遺\畫繼補遺__juan_03.txt,371,279,0,separate,0.19976141785957735,wenyan-like,4401,0.007952738014087708,0.03680981595092025,15.49812734082397,0,0
元朝,107581,異域誌,異域誌,異域誌,1,scrape_output\raw\元朝\異域誌\異域誌__juan_01.txt,scrape_output\clean\元朝\異域誌\異域誌__juan_01.txt,11575,11574,0,separate,0.10370301966940623,wenyan-like,10829,0.009326807646135377,0.06584172130390618,14.761768901569187,0,0
元朝,768887,異鄉,異鄉,異鄉,1,scrape_output\raw\元朝\異鄉\異鄉__juan_01.txt,scrape_output\clean\元朝\異鄉\異鄉__juan_01.txt,149,105,0,separate,-0.010526315789473686,unknown,95,0.010526315789473684,0.010526315789473684,12.857142857142858,0,1
元朝,195701,疏水曲肱樂在其中論,疏水曲肱樂在其中論,疏水曲肱樂在其中論,1,scrape_output\raw\元朝\疏水曲肱樂在其中論\疏水曲肱樂在其中論__juan_01.txt,scrape_output\clean\元朝\疏水曲肱樂在其中論\疏水曲肱樂在其中論__juan_01.txt,452,360,0,separate,0.4805555555555555,wenyan-like,360,0.008333333333333333,0.17777777777777778,20.176470588235293,0,0
元朝,317476,疑夢 (楊弘道),疑夢 (楊弘道),疑夢 (楊弘道),1,scrape_output\raw\元朝\疑夢 (楊弘道)\疑夢 (楊弘道)__juan_01.txt,scrape_output\clean\元朝\疑夢 (楊弘道)\疑夢 (楊弘道)__juan_01.txt,185,141,0,separate,0.07874015748031496,unknown,127,0.0,0.03937007874015748,13.333333333333334,0,1
元朝,1179520,病中夜坐,病中夜坐,病中夜坐,1,scrape_output\raw\元朝\病中夜坐\病中夜坐__juan_01.txt,scrape_output\clean\元朝\病中夜坐\病中夜坐__juan_01.txt,149,105,0,separate,0.010526315789473682,unknown,95,0.010526315789473684,0.021052631578947368,12.857142857142858,0,1
元朝,1179289,病中書懷二首,病中書懷二首,病中書懷二首,1,scrape_output\raw\元朝\病中書懷二首\病中書懷二首__juan_01.txt,scrape_output\clean\元朝\病中書懷二首\病中書懷二首__juan_01.txt,189,145,0,separate,0.015748031496062992,unknown,127,0.0,0.007874015748031496,10.727272727272727,0,1
元朝,886073,病中述懐,病中述懐,病中述懐,1,scrape_output\raw\元朝\病中述懐\病中述懐__juan_01.txt,scrape_output\clean\元朝\病中述懐\病中述懐__juan_01.txt,149,105,0,separate,0.042105263157894736,unknown,95,0.0,0.021052631578947368,12.857142857142858,0,1
元朝,1179231,病中雜詠七首,病中雜詠七首,病中雜詠七首,1,scrape_output\raw\元朝\病中雜詠七首\病中雜詠七首__juan_01.txt,scrape_output\clean\元朝\病中雜詠七首\病中雜詠七首__juan_01.txt,273,229,0,separate,0.05025125628140704,unknown,199,0.0,0.02512562814070352,10.823529411764707,0,1
元朝,1179280,病起城東晚步,病起城東晚步,病起城東晚步,1,scrape_output\raw\元朝\病起城東晚步\病起城東晚步__juan_01.txt,scrape_output\clean\元朝\病起城東晚步\病起城東晚步__juan_01.txt,133,89,0,separate,0.02531645569620253,unknown,79,0.0,0.012658227848101266,10.571428571428571,0,1
元朝,886072,病起書事,病起書事,病起書事,1,scrape_output\raw\元朝\病起書事\病起書事__juan_01.txt,scrape_output\clean\元朝\病起書事\病起書事__juan_01.txt,160,114,0,separate,0.0392156862745098,unknown,102,0.0,0.0196078431372549,9.6,0,1
元朝,768849,痛哭行,痛哭行,痛哭行,1,scrape_output\raw\元朝\痛哭行\痛哭行__juan_01.txt,scrape_output\clean\元朝\痛哭行\痛哭行__juan_01.txt,226,182,0,separate,0.04878048780487805,unknown,164,0.0,0.024390243902439025,14.090909090909092,0,1
元朝,886359,癸卯春暮經駐蹕院廢殿,癸卯春暮經駐蹕院廢殿,癸卯春暮經駐蹕院廢殿,1,scrape_output\raw\元朝\癸卯春暮經駐蹕院廢殿\癸卯春暮經駐蹕院廢殿__juan_01.txt,scrape_output\clean\元朝\癸卯春暮經駐蹕院廢殿\癸卯春暮經駐蹕院廢殿__juan_01.txt,113,69,0,separate,0.06349206349206349,unknown,63,0.0,0.031746031746031744,12.0,0,1
元朝,1179562,登北固城樓,登北固城樓,登北固城樓,1,scrape_output\raw\元朝\登北固城樓\登北固城樓__juan_01.txt,scrape_output\clean\元朝\登北固城樓\登北固城樓__juan_01.txt,149,105,0,separate,0.042105263157894736,unknown,95,0.0,0.021052631578947368,12.857142857142858,0,1
元朝,886377,登吹臺凝翠亭偶成,登吹臺凝翠亭偶成,登吹臺凝翠亭偶成,1,scrape_output\raw\元朝\登吹臺凝翠亭偶成\登吹臺凝翠亭偶成__juan_01.txt,scrape_output\clean\元朝\登吹臺凝翠亭偶成\登吹臺凝翠亭偶成__juan_01.txt,113,69,0,separate,-0.015873015873015872,unknown,63,0.015873015873015872,0.015873015873015872,12.0,0,1
元朝,1179385,登姑蘇臺二首,登姑蘇臺二首,登姑蘇臺二首,1,scrape_output\raw\元朝\登姑蘇臺二首\登姑蘇臺二首__juan_01.txt,scrape_output\clean\元朝\登姑蘇臺二首\登姑蘇臺二首__juan_01.txt,149,105,0,separate,0.042105263157894736,unknown,95,0.0,0.021052631578947368,12.857142857142858,0,1
元朝,1078735,登岳阳楼 (欧阳玄),登岳阳楼 (欧阳玄),登岳阳楼 (欧阳玄),1,scrape_output\raw\元朝\登岳阳楼 (欧阳玄)\登岳阳楼 (欧阳玄)__juan_01.txt,scrape_output\clean\元朝\登岳阳楼 (欧阳玄)\登岳阳楼 (欧阳玄)__juan_01.txt,149,105,0,separate,0.021052631578947368,unknown,95,0.0,0.010526315789473684,12.857142857142858,0,1
元朝,886241,登廣寒殿故址,登廣寒殿故址,登廣寒殿故址,1,scrape_output\raw\元朝\登廣寒殿故址\登廣寒殿故址__juan_01.txt,scrape_output\clean\元朝\登廣寒殿故址\登廣寒殿故址__juan_01.txt,105,61,0,separate,-0.01818181818181818,unknown,55,0.01818181818181818,0.01818181818181818,10.4,0,1
元朝,766387,登昆山寺謁劉龍洲墓,登昆山寺謁劉龍洲墓,登昆山寺謁劉龍洲墓,1,scrape_output\raw\元朝\登昆山寺謁劉龍洲墓\登昆山寺謁劉龍洲墓__juan_01.txt,scrape_output\clean\元朝\登昆山寺謁劉龍洲墓\登昆山寺謁劉龍洲墓__juan_01.txt,203,159,0,separate,0.05035971223021582,unknown,139,0.007194244604316547,0.03597122302158273,10.75,0,1
元朝,1179587,登歌風臺,登歌風臺,登歌風臺,1,scrape_output\raw\元朝\登歌風臺\登歌風臺__juan_01.txt,scrape_output\clean\元朝\登歌風臺\登歌風臺__juan_01.txt,435,391,0,separate,0.011527377521613834,wenyan-like,347,0.011527377521613832,0.023054755043227664,13.583333333333334,0,0
元朝,1179254,登烏石山仁王寺橫山閣,登烏石山仁王寺橫山閣,登烏石山仁王寺橫山閣,1,scrape_output\raw\元朝\登烏石山仁王寺橫山閣\登烏石山仁王寺橫山閣__juan_01.txt,scrape_output\clean\元朝\登烏石山仁王寺橫山閣\登烏石山仁王寺橫山閣__juan_01.txt,133,89,0,separate,-0.012658227848101267,unknown,79,0.012658227848101266,0.012658227848101266,10.571428571428571,0,1
元朝,886153,登燕都長松島故基,登燕都長松島故基,登燕都長松島故基,1,scrape_output\raw\元朝\登燕都長松島故基\登燕都長松島故基__juan_01.txt,scrape_output\clean\元朝\登燕都長松島故基\登燕都長松島故基__juan_01.txt,151,107,0,separate,0.021052631578947368,unknown,95,0.0,0.010526315789473684,10.0,0,1
元朝,886142,登玊皇閣周覧燕都偶而成書,登玊皇閣周覧燕都偶而成書,登玊皇閣周覧燕都偶而成書,1,scrape_output\raw\元朝\登玊皇閣周覧燕都偶而成書\登玊皇閣周覧燕都偶而成書__juan_01.txt,scrape_output\clean\元朝\登玊皇閣周覧燕都偶而成書\登玊皇閣周覧燕都偶而成書__juan_01.txt,149,105,0,separate,-0.010526315789473686,unknown,95,0.010526315789473684,0.010526315789473684,12.857142857142858,0,1
元朝,885811,登疊巘樓寄本庵粹中,登疊巘樓寄本庵粹中,登疊巘樓寄本庵粹中,1,scrape_output\raw\元朝\登疊巘樓寄本庵粹中\登疊巘樓寄本庵粹中__juan_01.txt,scrape_output\clean\元朝\登疊巘樓寄本庵粹中\登疊巘樓寄本庵粹中__juan_01.txt,160,114,0,separate,0.019417475728155338,unknown,103,0.0,0.009708737864077669,12.25,0,1
元朝,1179511,登石頭,登石頭,登石頭,1,scrape_output\raw\元朝\登石頭\登石頭__juan_01.txt,scrape_output\clean\元朝\登石頭\登石頭__juan_01.txt,149,105,0,separate,0.06315789473684211,unknown,95,0.0,0.031578947368421054,12.857142857142858,0,1
元朝,1179368,登衆妙堂題啇學士畫雨霽歸舟圖,登衆妙堂題啇學士畫雨霽歸舟圖,登衆妙堂題啇學士畫雨霽歸舟圖,1,scrape_output\raw\元朝\登衆妙堂題啇學士畫雨霽歸舟圖\登衆妙堂題啇學士畫雨霽歸舟圖__juan_01.txt,scrape_output\clean\元朝\登衆妙堂題啇學士畫雨霽歸舟圖\登衆妙堂題啇學士畫雨霽歸舟圖__juan_01.txt,113,69,0,separate,0.031746031746031744,unknown,63,0.0,0.015873015873015872,12.0,0,1
元朝,1179428,登金山雄跨亭,登金山雄跨亭,登金山雄跨亭,1,scrape_output\raw\元朝\登金山雄跨亭\登金山雄跨亭__juan_01.txt,scrape_output\clean\元朝\登金山雄跨亭\登金山雄跨亭__juan_01.txt,149,105,0,separate,-0.010526315789473686,unknown,95,0.010526315789473684,0.010526315789473684,12.857142857142858,0,1
元朝,1179450,登鎮陽龍興寺閣觀銅鑄觀音像,登鎮陽龍興寺閣觀銅鑄觀音像,登鎮陽龍興寺閣觀銅鑄觀音像,1,scrape_output\raw\元朝\登鎮陽龍興寺閣觀銅鑄觀音像\登鎮陽龍興寺閣觀銅鑄觀音像__juan_01.txt,scrape_output\clean\元朝\登鎮陽龍興寺閣觀銅鑄觀音像\登鎮陽龍興寺閣觀銅鑄觀音像__juan_01.txt,149,105,0,separate,0.021052631578947368,unknown,95,0.0,0.010526315789473684,12.857142857142858,0,1
元朝,1179612,登雲際題壁,登雲際題壁,登雲際題壁,1,scrape_output\raw\元朝\登雲際題壁\登雲際題壁__juan_01.txt,scrape_output\clean\元朝\登雲際題壁\登雲際題壁__juan_01.txt,209,165,0,separate,0.013605442176870748,unknown,147,0.0,0.006802721088435374,12.545454545454545,0,1
元朝,1179556,登鳳凰臺,登鳳凰臺,登鳳凰臺,1,scrape_output\raw\元朝\登鳳凰臺\登鳳凰臺__juan_01.txt,scrape_output\clean\元朝\登鳳凰臺\登鳳凰臺__juan_01.txt,149,105,0,separate,0.021052631578947368,unknown,95,0.0,0.010526315789473684,12.857142857142858,0,1
元朝,1179438,登鳳凰臺御史大夫易釋熏何公索詩援筆應命,登鳳凰臺御史大夫易釋熏何公索詩援筆應命,登鳳凰臺御史大夫易釋熏何公索詩援筆應命,1,scrape_output\raw\元朝\登鳳凰臺御史大夫易釋熏何公索詩援筆應命\登鳳凰臺御史大夫易釋熏何公索詩援筆應命__juan_01.txt,scrape_output\clean\元朝\登鳳凰臺御史大夫易釋熏何公索詩援筆應命\登鳳凰臺御史大夫易釋熏何公索詩援筆應命__juan_01.txt,149,105,0,separate,0.042105263157894736,unknown,95,0.0,0.021052631578947368,12.857142857142858,0,1
元朝,885805,發凉陘偏嶺南過横山回寄淑仁,發凉陘偏嶺南過横山回寄淑仁,發凉陘偏嶺南過横山回寄淑仁,1,scrape_output\raw\元朝\發凉陘偏嶺南過横山回寄淑仁\發凉陘偏嶺南過横山回寄淑仁__juan_01.txt,scrape_output\clean\元朝\發凉陘偏嶺南過横山回寄淑仁\發凉陘偏嶺南過横山回寄淑仁__juan_01.txt,275,223,0,separate,0.08333333333333333,wenyan-like,204,0.004901960784313725,0.049019607843137254,12.4375,0,0
元朝,768882,發古塘,發古塘,發古塘,1,scrape_output\raw\元朝\發古塘\發古塘__juan_01.txt,scrape_output\clean\元朝\發古塘\發古塘__juan_01.txt,149,105,0,separate,0.06315789473684211,unknown,95,0.0,0.031578947368421054,12.857142857142858,0,1
元朝,886156,發藥兒嶺過永定闗詩,發藥兒嶺過永定闗詩,發藥兒嶺過永定闗詩,1,scrape_output\raw\元朝\發藥兒嶺過永定闗詩\發藥兒嶺過永定闗詩__juan_01.txt,scrape_output\clean\元朝\發藥兒嶺過永定闗詩\發藥兒嶺過永定闗詩__juan_01.txt,161,115,0,separate,0.009615384615384616,unknown,104,0.009615384615384616,0.019230769230769232,10.88888888888889,0,1
元朝,886423,白日,白日,白日,1,scrape_output\raw\元朝\白日\白日__juan_01.txt,scrape_output\clean\元朝\白日\白日__juan_01.txt,115,71,0,separate,0.031746031746031744,unknown,63,0.0,0.015873015873015872,8.571428571428571,0,1
元朝,657652,白梅,白梅,白梅,1,scrape_output\raw\元朝\白梅\白梅__juan_01.txt,scrape_output\clean\元朝\白梅\白梅__juan_01.txt,149,93,0,separate,-0.015384615384615385,unknown,65,0.015384615384615385,0.015384615384615385,5.166666666666667,0,1
元朝,886410,白石山,白石山,白石山,1,scrape_output\raw\元朝\白石山\白石山__juan_01.txt,scrape_output\clean\元朝\白石山\白石山__juan_01.txt,113,69,0,separate,0.09523809523809523,unknown,63,0.0,0.047619047619047616,12.0,0,1
元朝,886381,白蓮池 (耶律鑄),白蓮池 (耶律鑄),白蓮池 (耶律鑄),1,scrape_output\raw\元朝\白蓮池 (耶律鑄)\白蓮池 (耶律鑄)__juan_01.txt,scrape_output\clean\元朝\白蓮池 (耶律鑄)\白蓮池 (耶律鑄)__juan_01.txt,113,69,0,separate,0.031746031746031744,unknown,63,0.0,0.015873015873015872,12.0,0,1
元朝,886487,白雪謡,白雪謡,白雪謡,1,scrape_output\raw\元朝\白雪謡\白雪謡__juan_01.txt,scrape_output\clean\元朝\白雪謡\白雪謡__juan_01.txt,115,71,0,separate,0.031746031746031744,unknown,63,0.0,0.015873015873015872,7.375,0,1
元朝,1179331,白雲荅,白雲荅,白雲荅,1,scrape_output\raw\元朝\白雲荅\白雲荅__juan_01.txt,scrape_output\clean\元朝\白雲荅\白雲荅__juan_01.txt,133,89,0,separate,0.012658227848101264,unknown,79,0.012658227848101266,0.02531645569620253,10.571428571428571,0,1
元朝,1179662,百禽歌,百禽歌,百禽歌,1,scrape_output\raw\元朝\百禽歌\百禽歌__juan_01.txt,scrape_output\clean\元朝\百禽歌\百禽歌__juan_01.txt,319,275,0,separate,0.00816326530612245,wenyan-like,245,0.00816326530612245,0.0163265306122449,13.588235294117647,0,0
元朝,1179584,皂林舟中,皂林舟中,皂林舟中,1,scrape_output\raw\元朝\皂林舟中\皂林舟中__juan_01.txt,scrape_output\clean\元朝\皂林舟中\皂林舟中__juan_01.txt,149,105,0,separate,0.021052631578947368,unknown,95,0.0,0.010526315789473684,12.857142857142858,0,1
元朝,107098,皇元聖武親征錄,皇元聖武親征錄,皇元聖武親征錄,1,scrape_output\raw\元朝\皇元聖武親征錄\皇元聖武親征錄__juan_01.txt,scrape_output\clean\元朝\皇元聖武親征錄\皇元聖武親征錄__juan_01.txt,14841,14765,0,separate,0.22453416149068323,wenyan-like,14651,0.0072350010238209,0.048119582281072965,22.192733017377567,0,0
元朝,764823,監憲決獄詩序,監憲決獄詩序,監憲決獄詩序,1,scrape_output\raw\元朝\監憲決獄詩序\監憲決獄詩序__juan_01.txt,scrape_output\clean\元朝\監憲決獄詩序\監憲決獄詩序__juan_01.txt,378,334,0,separate,0.4277777777777778,wenyan-like,324,0.0,0.1388888888888889,16.210526315789473,0,0
元朝,321137,盤山棲雲王眞人語録,盤山棲雲王眞人語録,盤山棲雲王眞人語録,1,scrape_output\raw\元朝\盤山棲雲王眞人語録\盤山棲雲王眞人語録__juan_01.txt,scrape_output\clean\元朝\盤山棲雲王眞人語録\盤山棲雲王眞人語録__juan_01.txt,17017,16925,0,separate,0.36120983665410156,wenyan-like,16713,0.028061987674265543,0.07269789983844911,32.17460317460318,0,0
元朝,195697,直陳江西廣東事宜疏,直陳江西廣東事宜疏,直陳江西廣東事宜疏,1,scrape_output\raw\元朝\直陳江西廣東事宜疏\直陳江西廣東事宜疏__juan_01.txt,scrape_output\clean\元朝\直陳江西廣東事宜疏\直陳江西廣東事宜疏__juan_01.txt,1232,1140,0,separate,0.4008771929824561,wenyan-like,1140,0.007894736842105263,0.062280701754385964,27.5,0,0
元朝,1179598,相逢行贈别舊友治將軍,相逢行贈别舊友治將軍,相逢行贈别舊友治將軍,1,scrape_output\raw\元朝\相逢行贈别舊友治將軍\相逢行贈别舊友治將軍__juan_01.txt,scrape_output\clean\元朝\相逢行贈别舊友治將軍\相逢行贈别舊友治將軍__juan_01.txt,912,868,0,separate,0.1892156862745098,wenyan-like,816,0.007352941176470588,0.030637254901960783,15.693877551020408,0,0
元朝,885315,真游挾飛僊,真游挾飛僊,真游挾飛僊,1,scrape_output\raw\元朝\真游挾飛僊\真游挾飛僊__juan_01.txt,scrape_output\clean\元朝\真游挾飛僊\真游挾飛僊__juan_01.txt,189,145,0,separate,0.031496062992125984,unknown,127,0.0,0.015748031496062992,10.727272727272727,0,1
元朝,89130,真臘風土記,真臘風土記,真臘風土記,1,scrape_output\raw\元朝\真臘風土記\真臘風土記__juan_01.txt,scrape_output\clean\元朝\真臘風土記\真臘風土記__juan_01.txt,10525,10479,0,separate,0.2920872121509064,wenyan-like,10205,0.008623223909848113,0.08397844194022538,18.339622641509433,0,0
元朝,886745,眼兒媚 (耶律鑄),眼兒媚 (耶律鑄),眼兒媚 (耶律鑄),1,scrape_output\raw\元朝\眼兒媚 (耶律鑄)\眼兒媚 (耶律鑄)__juan_01.txt,scrape_output\clean\元朝\眼兒媚 (耶律鑄)\眼兒媚 (耶律鑄)__juan_01.txt,143,99,0,separate,0.06741573033707865,unknown,89,0.0,0.033707865168539325,9.11111111111111,0,1
元朝,886646,睡起有寄,睡起有寄,睡起有寄,1,scrape_output\raw\元朝\睡起有寄\睡起有寄__juan_01.txt,scrape_output\clean\元朝\睡起有寄\睡起有寄__juan_01.txt,113,69,0,separate,0.031746031746031744,unknown,63,0.0,0.015873015873015872,12.0,0,1
元朝,765189,睦州李侯祠堂記,睦州李侯祠堂記,睦州李侯祠堂記,1,scrape_output\raw\元朝\睦州李侯祠堂記\睦州李侯祠堂記__juan_01.txt,scrape_output\clean\元朝\睦州李侯祠堂記\睦州李侯祠堂記__juan_01.txt,698,652,0,separate,0.2515625,wenyan-like,640,0.0015625,0.053125,19.1875,0,0
元朝,1179322,石上晚酌天章臺,石上晚酌天章臺,石上晚酌天章臺,1,scrape_output\raw\元朝\石上晚酌天章臺\石上晚酌天章臺__juan_01.txt,scrape_output\clean\元朝\石上晚酌天章臺\石上晚酌天章臺__juan_01.txt,217,173,0,separate,0.013245033112582781,unknown,151,0.0,0.006622516556291391,10.76923076923077,0,1
元朝,889422,石假山賦,石假山賦,石假山賦,1,scrape_output\raw\元朝\石假山賦\石假山賦__juan_01.txt,scrape_output\clean\元朝\石假山賦\石假山賦__juan_01.txt,446,402,0,separate,0.13636363636363635,wenyan-like,396,0.015151515151515152,0.09090909090909091,11.903225806451612,0,0
元朝,1179468,石夫人詩,石夫人詩,石夫人詩,1,scrape_output\raw\元朝\石夫人詩\石夫人詩__juan_01.txt,scrape_output\clean\元朝\石夫人詩\石夫人詩__juan_01.txt,149,105,0,separate,0.06315789473684211,unknown,95,0.0,0.031578947368421054,12.857142857142858,0,1
元朝,1179395,石林即事,石林即事,石林即事,1,scrape_output\raw\元朝\石林即事\石林即事__juan_01.txt,scrape_output\clean\元朝\石林即事\石林即事__juan_01.txt,149,105,0,separate,0.042105263157894736,unknown,95,0.0,0.021052631578947368,12.857142857142858,0,1
元朝,765334,石林茅屋記,石林茅屋記,石林茅屋記,1,scrape_output\raw\元朝\石林茅屋記\石林茅屋記__juan_01.txt,scrape_output\clean\元朝\石林茅屋記\石林茅屋記__juan_01.txt,510,466,0,separate,0.42510917030567685,wenyan-like,458,0.004366812227074236,0.14410480349344978,20.952380952380953,0,0
元朝,885772,石梁,石梁,石梁,1,scrape_output\raw\元朝\石梁\石梁__juan_01.txt,scrape_output\clean\元朝\石梁\石梁__juan_01.txt,149,105,0,separate,0.021052631578947368,unknown,95,0.0,0.010526315789473684,12.857142857142858,0,1
元朝,1179548,石門懷舜咨夜坐,石門懷舜咨夜坐,石門懷舜咨夜坐,1,scrape_output\raw\元朝\石門懷舜咨夜坐\石門懷舜咨夜坐__juan_01.txt,scrape_output\clean\元朝\石門懷舜咨夜坐\石門懷舜咨夜坐__juan_01.txt,149,105,0,separate,0.021052631578947368,unknown,95,0.0,0.010526315789473684,12.857142857142858,0,1
元朝,765306,碧梧翠竹堂記,碧梧翠竹堂記,碧梧翠竹堂記,1,scrape_output\raw\元朝\碧梧翠竹堂記\碧梧翠竹堂記__juan_01.txt,scrape_output\clean\元朝\碧梧翠竹堂記\碧梧翠竹堂記__juan_01.txt,615,571,0,separate,0.41690391459074727,wenyan-like,562,0.0035587188612099642,0.1387900355871886,24.727272727272727,0,0
元朝,886661,磨劒行,磨劒行,磨劒行,1,scrape_output\raw\元朝\磨劒行\磨劒行__juan_01.txt,scrape_output\clean\元朝\磨劒行\磨劒行__juan_01.txt,113,69,0,separate,0.031746031746031744,unknown,63,0.0,0.015873015873015872,12.0,0,1
元朝,886290,示子 (耶律鑄),示子 (耶律鑄),示子 (耶律鑄),1,scrape_output\raw\元朝\示子 (耶律鑄)\示子 (耶律鑄)__juan_01.txt,scrape_output\clean\元朝\示子 (耶律鑄)\示子 (耶律鑄)__juan_01.txt,105,61,0,separate,-0.01818181818181818,unknown,55,0.01818181818181818,0.01818181818181818,10.4,0,1
元朝,1132175,神應王廟記,神應王廟記,神應王廟記,1,scrape_output\raw\元朝\神應王廟記\神應王廟記__juan_01.txt,scrape_output\clean\元朝\神應王廟記\神應王廟記__juan_01.txt,962,916,0,separate,0.2622112211221122,wenyan-like,909,0.006600660066006601,0.066006600660066,17.653061224489797,0,0
元朝,175078,祭胡梅澗先生,祭胡梅澗先生,祭胡梅澗先生,1,scrape_output\raw\元朝\祭胡梅澗先生\祭胡梅澗先生__juan_01.txt,scrape_output\clean\元朝\祭胡梅澗先生\祭胡梅澗先生__juan_01.txt,752,752,0,separate,0.14095744680851063,wenyan-like,752,0.015957446808510637,0.09441489361702128,14.666666666666666,0,0
元朝,1081694,禪宗決疑集,禪宗決疑集,禪宗決疑集,1,scrape_output\raw\元朝\禪宗決疑集\禪宗決疑集__juan_01.txt,scrape_output\clean\元朝\禪宗決疑集\禪宗決疑集__juan_01.txt,11026,10980,0,separate,0.07478612823107349,wenyan-like,10871,0.01959341366939564,0.0667831846196302,8.004954582989265,0,0
元朝,341261,禪林備用清規,禪林備用清規/00,禪林備用清規,1,scrape_output\raw\元朝\禪林備用清規\禪林備用清規__juan_01.txt,scrape_output\clean\元朝\禪林備用清規\禪林備用清規__juan_01.txt,973,924,0,separate,0.029646682294810427,wenyan-like,71239,0.013138870562472803,0.03453164699111442,4.855534259702923,0,0
元朝,341261,禪林備用清規,禪林備用清規/01,禪林備用清規,2,scrape_output\raw\元朝\禪林備用清規\禪林備用清規__juan_02.txt,scrape_output\clean\元朝\禪林備用清規\禪林備用清規__juan_02.txt,6866,6713,0,separate,0.029646682294810427,wenyan-like,71239,0.013138870562472803,0.03453164699111442,4.855534259702923,0,0
元朝,341261,禪林備用清規,禪林備用清規/02,禪林備用清規,3,scrape_output\raw\元朝\禪林備用清規\禪林備用清規__juan_03.txt,scrape_output\clean\元朝\禪林備用清規\禪林備用清規__juan_03.txt,5939,5767,0,separate,0.029646682294810427,wenyan-like,71239,0.013138870562472803,0.03453164699111442,4.855534259702923,0,0
元朝,341261,禪林備用清規,禪林備用清規/03,禪林備用清規,4,scrape_output\raw\元朝\禪林備用清規\禪林備用清規__juan_04.txt,scrape_output\clean\元朝\禪林備用清規\禪林備用清規__juan_04.txt,8369,8151,0,separate,0.029646682294810427,wenyan-like,71239,0.013138870562472803,0.03453164699111442,4.855534259702923,0,0
元朝,341261,禪林備用清規,禪林備用清規/04,禪林備用清規,5,scrape_output\raw\元朝\禪林備用清規\禪林備用清規__juan_05.txt,scrape_output\clean\元朝\禪林備用清規\禪林備用清規__juan_05.txt,6659,6460,0,separate,0.029646682294810427,wenyan-like,71239,0.013138870562472803,0.03453164699111442,4.855534259702923,0,0
元朝,341261,禪林備用清規,禪林備用清規/05,禪林備用清規,6,scrape_output\raw\元朝\禪林備用清規\禪林備用清規__juan_06.txt,scrape_output\clean\元朝\禪林備用清規\禪林備用清規__juan_06.txt,2754,2645,0,separate,0.029646682294810427,wenyan-like,71239,0.013138870562472803,0.03453164699111442,4.855534259702923,0,0
元朝,341261,禪林備用清規,禪林備用清規/06,禪林備用清規,7,scrape_output\raw\元朝\禪林備用清規\禪林備用清規__juan_07.txt,scrape_output\clean\元朝\禪林備用清規\禪林備用清規__juan_07.txt,8115,7885,0,separate,0.029646682294810427,wenyan-like,71239,0.013138870562472803,0.03453164699111442,4.855534259702923,0,0
元朝,341261,禪林備用清規,禪林備用清規/07,禪林備用清規,8,scrape_output\raw\元朝\禪林備用清規\禪林備用清規__juan_08.txt,scrape_output\clean\元朝\禪林備用清規\禪林備用清規__juan_08.txt,7972,7896,0,separate,0.029646682294810427,wenyan-like,71239,0.013138870562472803,0.03453164699111442,4.855534259702923,0,0
元朝,341261,禪林備用清規,禪林備用清規/08,禪林備用清規,9,scrape_output\raw\元朝\禪林備用清規\禪林備用清規__juan_09.txt,scrape_output\clean\元朝\禪林備用清規\禪林備用清規__juan_09.txt,5906,5605,0,separate,0.029646682294810427,wenyan-like,71239,0.013138870562472803,0.03453164699111442,4.855534259702923,0,0
元朝,341261,禪林備用清規,禪林備用清規/09,禪林備用清規,10,scrape_output\raw\元朝\禪林備用清規\禪林備用清規__juan_10.txt,scrape_output\clean\元朝\禪林備用清規\禪林備用清規__juan_10.txt,13534,12792,0,separate,0.029646682294810427,wenyan-like,71239,0.013138870562472803,0.03453164699111442,4.855534259702923,0,0
元朝,341261,禪林備用清規,禪林備用清規/10,禪林備用清規,11,scrape_output\raw\元朝\禪林備用清規\禪林備用清規__juan_11.txt,scrape_output\clean\元朝\禪林備用清規\禪林備用清規__juan_11.txt,11519,11169,0,separate,0.029646682294810427,wenyan-like,71239,0.013138870562472803,0.03453164699111442,4.855534259702923,0,0
元朝,341261,禪林備用清規,禪林備用清規/11,禪林備用清規,12,scrape_output\raw\元朝\禪林備用清規\禪林備用清規__juan_12.txt,scrape_output\clean\元朝\禪林備用清規\禪林備用清規__juan_12.txt,401,356,0,separate,0.029646682294810427,wenyan-like,71239,0.013138870562472803,0.03453164699111442,4.855534259702923,0,0
元朝,766361,秋夜嘆,秋夜嘆,秋夜嘆,1,scrape_output\raw\元朝\秋夜嘆\秋夜嘆__juan_01.txt,scrape_output\clean\元朝\秋夜嘆\秋夜嘆__juan_01.txt,189,145,0,separate,0.007874015748031496,unknown,127,0.007874015748031496,0.015748031496062992,10.727272727272727,0,1
元朝,885614,秋夜對月贈唐臣,秋夜對月贈唐臣,秋夜對月贈唐臣,1,scrape_output\raw\元朝\秋夜對月贈唐臣\秋夜對月贈唐臣__juan_01.txt,scrape_output\clean\元朝\秋夜對月贈唐臣\秋夜對月贈唐臣__juan_01.txt,133,89,0,separate,0.012658227848101264,unknown,79,0.012658227848101266,0.02531645569620253,10.571428571428571,0,1
元朝,768918,秋夜雨,秋夜雨,秋夜雨,1,scrape_output\raw\元朝\秋夜雨\秋夜雨__juan_01.txt,scrape_output\clean\元朝\秋夜雨\秋夜雨__juan_01.txt,399,355,0,separate,0.05714285714285714,wenyan-like,315,0.0,0.02857142857142857,13.545454545454545,0,0
元朝,886323,秋山二首,秋山二首,秋山二首,1,scrape_output\raw\元朝\秋山二首\秋山二首__juan_01.txt,scrape_output\clean\元朝\秋山二首\秋山二首__juan_01.txt,149,105,0,separate,-0.010526315789473686,unknown,95,0.010526315789473684,0.010526315789473684,12.857142857142858,0,1
元朝,768839,秋山圖,秋山圖,秋山圖,1,scrape_output\raw\元朝\秋山圖\秋山圖__juan_01.txt,scrape_output\clean\元朝\秋山圖\秋山圖__juan_01.txt,437,393,0,separate,0.014245014245014245,wenyan-like,351,0.002849002849002849,0.011396011396011397,14.347826086956522,0,0
元朝,766375,秋感,秋感,秋感,1,scrape_output\raw\元朝\秋感\秋感__juan_01.txt,scrape_output\clean\元朝\秋感\秋感__juan_01.txt,509,465,0,separate,0.012048192771084338,wenyan-like,415,0.0024096385542168677,0.00963855421686747,14.444444444444445,0,0
元朝,768910,秋懷 (王冕),秋懷 (王冕),秋懷 (王冕),1,scrape_output\raw\元朝\秋懷 (王冕)\秋懷 (王冕)__juan_01.txt,scrape_output\clean\元朝\秋懷 (王冕)\秋懷 (王冕)__juan_01.txt,189,145,0,separate,0.047244094488188976,unknown,127,0.0,0.023622047244094488,10.727272727272727,0,1
元朝,886427,秋日宜都道中,秋日宜都道中,秋日宜都道中,1,scrape_output\raw\元朝\秋日宜都道中\秋日宜都道中__juan_01.txt,scrape_output\clean\元朝\秋日宜都道中\秋日宜都道中__juan_01.txt,113,69,0,separate,0.031746031746031744,unknown,63,0.0,0.015873015873015872,12.0,0,1
元朝,886415,秋日田行,秋日田行,秋日田行,1,scrape_output\raw\元朝\秋日田行\秋日田行__juan_01.txt,scrape_output\clean\元朝\秋日田行\秋日田行__juan_01.txt,113,69,0,separate,0.031746031746031744,unknown,63,0.0,0.015873015873015872,12.0,0,1
元朝,1179314,秋日病起池上,秋日病起池上,秋日病起池上,1,scrape_output\raw\元朝\秋日病起池上\秋日病起池上__juan_01.txt,scrape_output\clean\元朝\秋日病起池上\秋日病起池上__juan_01.txt,133,89,0,separate,0.012658227848101264,unknown,79,0.012658227848101266,0.02531645569620253,10.571428571428571,0,1
元朝,886623,秋日行次池上戲贈釣者,秋日行次池上戲贈釣者,秋日行次池上戲贈釣者,1,scrape_output\raw\元朝\秋日行次池上戲贈釣者\秋日行次池上戲贈釣者__juan_01.txt,scrape_output\clean\元朝\秋日行次池上戲贈釣者\秋日行次池上戲贈釣者__juan_01.txt,113,68,0,separate,0.03225806451612903,unknown,62,0.0,0.016129032258064516,11.8,0,1
元朝,886035,秋日避暑塵外亭,秋日避暑塵外亭,秋日避暑塵外亭,1,scrape_output\raw\元朝\秋日避暑塵外亭\秋日避暑塵外亭__juan_01.txt,scrape_output\clean\元朝\秋日避暑塵外亭\秋日避暑塵外亭__juan_01.txt,157,111,0,separate,-0.0101010101010101,unknown,99,0.010101010101010102,0.010101010101010102,10.444444444444445,0,1
元朝,886089,秋日酌蘭臯亭,秋日酌蘭臯亭,秋日酌蘭臯亭,1,scrape_output\raw\元朝\秋日酌蘭臯亭\秋日酌蘭臯亭__juan_01.txt,scrape_output\clean\元朝\秋日酌蘭臯亭\秋日酌蘭臯亭__juan_01.txt,163,117,0,separate,0.0380952380952381,unknown,105,0.0,0.01904761904761905,11.0,0,1
元朝,1179245,秋日雨中登石頭城訪長老珪白岩不遇,秋日雨中登石頭城訪長老珪白岩不遇,秋日雨中登石頭城訪長老珪白岩不遇,1,scrape_output\raw\元朝\秋日雨中登石頭城訪長老珪白岩不遇\秋日雨中登石頭城訪長老珪白岩不遇__juan_01.txt,scrape_output\clean\元朝\秋日雨中登石頭城訪長老珪白岩不遇\秋日雨中登石頭城訪長老珪白岩不遇__juan_01.txt,133,89,0,separate,0.02531645569620253,unknown,79,0.0,0.012658227848101266,10.571428571428571,0,1
元朝,768890,秋興 (王冕),秋興 (王冕),秋興 (王冕),1,scrape_output\raw\元朝\秋興 (王冕)\秋興 (王冕)__juan_01.txt,scrape_output\clean\元朝\秋興 (王冕)\秋興 (王冕)__juan_01.txt,221,177,0,separate,0.012578616352201259,unknown,159,0.0,0.006289308176100629,13.636363636363637,0,1
元朝,886493,秋蓮怨,秋蓮怨,秋蓮怨,1,scrape_output\raw\元朝\秋蓮怨\秋蓮怨__juan_01.txt,scrape_output\clean\元朝\秋蓮怨\秋蓮怨__juan_01.txt,113,69,0,separate,0.06349206349206349,unknown,63,0.0,0.031746031746031744,12.0,0,1
元朝,766473,秋詞 (王逢),秋詞 (王逢),秋詞 (王逢),1,scrape_output\raw\元朝\秋詞 (王逢)\秋詞 (王逢)__juan_01.txt,scrape_output\clean\元朝\秋詞 (王逢)\秋詞 (王逢)__juan_01.txt,149,105,0,separate,0.021052631578947368,unknown,95,0.0,0.010526315789473684,12.857142857142858,0,1
元朝,1179357,秋詞 (薩都剌),秋詞 (薩都剌),秋詞 (薩都剌),1,scrape_output\raw\元朝\秋詞 (薩都剌)\秋詞 (薩都剌)__juan_01.txt,scrape_output\clean\元朝\秋詞 (薩都剌)\秋詞 (薩都剌)__juan_01.txt,113,69,0,separate,0.031746031746031744,unknown,63,0.0,0.015873015873015872,12.0,0,1
元朝,885637,秋閨 (耶律鑄),秋閨 (耶律鑄),秋閨 (耶律鑄),1,scrape_output\raw\元朝\秋閨 (耶律鑄)\秋閨 (耶律鑄)__juan_01.txt,scrape_output\clean\元朝\秋閨 (耶律鑄)\秋閨 (耶律鑄)__juan_01.txt,133,89,0,separate,-0.05063291139240507,unknown,79,0.02531645569620253,0.012658227848101266,10.571428571428571,0,1
元朝,886485,秋鶯 (耶律鑄),秋鶯 (耶律鑄),秋鶯 (耶律鑄),1,scrape_output\raw\元朝\秋鶯 (耶律鑄)\秋鶯 (耶律鑄)__juan_01.txt,scrape_output\clean\元朝\秋鶯 (耶律鑄)\秋鶯 (耶律鑄)__juan_01.txt,113,69,0,separate,-0.06349206349206349,unknown,63,0.031746031746031744,0.015873015873015872,12.0,0,1
元朝,101917,秘書監志,秘書監志/卷11,秘書監志,1,scrape_output\raw\元朝\秘書監志\秘書監志__juan_01.txt,scrape_output\clean\元朝\秘書監志\秘書監志__juan_01.txt,6813,6188,0,separate,0.024885396201702686,wenyan-like,4581,0.0030561012879283997,0.017026850032743943,3.7295652173913045,0,0
元朝,1179482,移梅,移梅,移梅,1,scrape_output\raw\元朝\移梅\移梅__juan_01.txt,scrape_output\clean\元朝\移梅\移梅__juan_01.txt,149,105,0,separate,-0.02105263157894737,unknown,95,0.021052631578947368,0.021052631578947368,12.857142857142858,0,1
元朝,107924,稗史集傳,稗史集傳,稗史集傳,1,scrape_output\raw\元朝\稗史集傳\稗史集傳__juan_01.txt,scrape_output\clean\元朝\稗史集傳\稗史集傳__juan_01.txt,10991,10946,0,separate,0.28707222580942715,wenyan-like,10841,0.011253574393506134,0.08541647449497279,21.78406708595388,0,0
元朝,1115422,種蔬疏,種蔬疏,種蔬疏,1,scrape_output\raw\元朝\種蔬疏\種蔬疏__juan_01.txt,scrape_output\clean\元朝\種蔬疏\種蔬疏__juan_01.txt,2099,2075,0,separate,0.04515474378488077,wenyan-like,1971,0.012683916793505834,0.041603247082699135,12.612244897959183,0,0
元朝,1115508,種藥疏,種藥疏,種藥疏,1,scrape_output\raw\元朝\種藥疏\種藥疏__juan_01.txt,scrape_output\clean\元朝\種藥疏\種藥疏__juan_01.txt,2030,2020,0,separate,0.004197271773347319,wenyan-like,1906,0.022035676810073453,0.03515215110178384,11.150943396226415,0,0
元朝,885646,穹廬篇,穹廬篇,穹廬篇,1,scrape_output\raw\元朝\穹廬篇\穹廬篇__juan_01.txt,scrape_output\clean\元朝\穹廬篇\穹廬篇__juan_01.txt,142,96,0,separate,0.047619047619047616,unknown,84,0.0,0.023809523809523808,8.777777777777779,0,1
元朝,14282,竇娥冤,竇娥冤,竇娥冤,1,scrape_output\suspected_baihua\raw\元朝\竇娥冤\竇娥冤__juan_01.txt,scrape_output\suspected_baihua\clean\元朝\竇娥冤\竇娥冤__juan_01.txt,16040,15779,0,separate,-0.07247247247247249,baihua-like,14985,0.04698031364698031,0.03423423423423423,14.873706004140788,0,0
元朝,885653,立春 (耶律鑄),立春 (耶律鑄),立春 (耶律鑄),1,scrape_output\raw\元朝\立春 (耶律鑄)\立春 (耶律鑄)__juan_01.txt,scrape_output\clean\元朝\立春 (耶律鑄)\立春 (耶律鑄)__juan_01.txt,221,177,0,separate,-0.031446540880503145,unknown,159,0.018867924528301886,0.012578616352201259,13.636363636363637,0,1
元朝,886417,立春前一日對雪,立春前一日對雪,立春前一日對雪,1,scrape_output\raw\元朝\立春前一日對雪\立春前一日對雪__juan_01.txt,scrape_output\clean\元朝\立春前一日對雪\立春前一日對雪__juan_01.txt,113,69,0,separate,0.06349206349206349,unknown,63,0.0,0.031746031746031744,12.0,0,1
元朝,886418,立春口號,立春口號,立春口號,1,scrape_output\raw\元朝\立春口號\立春口號__juan_01.txt,scrape_output\clean\元朝\立春口號\立春口號__juan_01.txt,113,69,0,separate,0.031746031746031744,unknown,63,0.0,0.015873015873015872,12.0,0,1
元朝,886577,立秋前一日蠅,立秋前一日蠅,立秋前一日蠅,1,scrape_output\raw\元朝\立秋前一日蠅\立秋前一日蠅__juan_01.txt,scrape_output\clean\元朝\立秋前一日蠅\立秋前一日蠅__juan_01.txt,113,69,0,separate,-0.015873015873015872,unknown,63,0.015873015873015872,0.015873015873015872,12.0,0,1
元朝,1179253,立秋日登烏石山和楊子承,立秋日登烏石山和楊子承,立秋日登烏石山和楊子承,1,scrape_output\raw\元朝\立秋日登烏石山和楊子承\立秋日登烏石山和楊子承__juan_01.txt,scrape_output\clean\元朝\立秋日登烏石山和楊子承\立秋日登烏石山和楊子承__juan_01.txt,133,89,0,separate,0.05063291139240506,unknown,79,0.0,0.02531645569620253,10.571428571428571,0,1
元朝,1179538,章貢道中,章貢道中,章貢道中,1,scrape_output\raw\元朝\章貢道中\章貢道中__juan_01.txt,scrape_output\clean\元朝\章貢道中\章貢道中__juan_01.txt,149,105,0,separate,0.0,unknown,95,0.021052631578947368,0.031578947368421054,12.857142857142858,0,1
元朝,889424,端溪硯石賦,端溪硯石賦,端溪硯石賦,1,scrape_output\raw\元朝\端溪硯石賦\端溪硯石賦__juan_01.txt,scrape_output\clean\元朝\端溪硯石賦\端溪硯石賦__juan_01.txt,906,862,0,separate,0.30186915887850463,wenyan-like,856,0.009345794392523364,0.08995327102803738,15.18867924528302,0,0
元朝,765331,竹林七賢畫記,竹林七賢畫記,竹林七賢畫記,1,scrape_output\raw\元朝\竹林七賢畫記\竹林七賢畫記__juan_01.txt,scrape_output\clean\元朝\竹林七賢畫記\竹林七賢畫記__juan_01.txt,547,503,0,separate,0.42878787878787883,wenyan-like,495,0.00808080808080808,0.15151515151515152,23.9,0,0
元朝,874686,竹枝詞二首 (倪瓚),竹枝詞二首 (倪瓚),竹枝詞二首 (倪瓚),1,scrape_output\raw\元朝\竹枝詞二首 (倪瓚)\竹枝詞二首 (倪瓚)__juan_01.txt,scrape_output\clean\元朝\竹枝詞二首 (倪瓚)\竹枝詞二首 (倪瓚)__juan_01.txt,65,65,0,separate,0.103125,unknown,64,0.015625,0.0,20.333333333333332,0,1
元朝,765355,竹近記,竹近記,竹近記,1,scrape_output\raw\元朝\竹近記\竹近記__juan_01.txt,scrape_output\clean\元朝\竹近記\竹近記__juan_01.txt,572,528,0,separate,0.4852713178294573,wenyan-like,516,0.009689922480620155,0.1821705426356589,21.565217391304348,0,0
元朝,765375,竹雪齋記,竹雪齋記,竹雪齋記,1,scrape_output\raw\元朝\竹雪齋記\竹雪齋記__juan_01.txt,scrape_output\clean\元朝\竹雪齋記\竹雪齋記__juan_01.txt,577,533,0,separate,0.38484848484848483,wenyan-like,528,0.011363636363636364,0.13446969696969696,21.125,0,0
元朝,886618,答客問 (耶律鑄),答客問 (耶律鑄),答客問 (耶律鑄),1,scrape_output\raw\元朝\答客問 (耶律鑄)\答客問 (耶律鑄)__juan_01.txt,scrape_output\clean\元朝\答客問 (耶律鑄)\答客問 (耶律鑄)__juan_01.txt,172,128,0,separate,0.08333333333333333,unknown,120,0.0,0.041666666666666664,14.25,0,1
元朝,886620,答李仲玉白髪嘆,答李仲玉白髪嘆,答李仲玉白髪嘆,1,scrape_output\raw\元朝\答李仲玉白髪嘆\答李仲玉白髪嘆__juan_01.txt,scrape_output\clean\元朝\答李仲玉白髪嘆\答李仲玉白髪嘆__juan_01.txt,113,69,0,separate,-0.015873015873015872,unknown,63,0.015873015873015872,0.015873015873015872,12.0,0,1
元朝,886466,答王澹遊冬日二色桃花詩,答王澹遊冬日二色桃花詩,答王澹遊冬日二色桃花詩,1,scrape_output\raw\元朝\答王澹遊冬日二色桃花詩\答王澹遊冬日二色桃花詩__juan_01.txt,scrape_output\clean\元朝\答王澹遊冬日二色桃花詩\答王澹遊冬日二色桃花詩__juan_01.txt,113,69,0,separate,-0.07936507936507936,unknown,63,0.047619047619047616,0.031746031746031744,12.0,0,1
元朝,885307,築城曲,築城曲,築城曲,1,scrape_output\raw\元朝\築城曲\築城曲__juan_01.txt,scrape_output\clean\元朝\築城曲\築城曲__juan_01.txt,121,75,0,separate,-0.014925373134328356,unknown,67,0.014925373134328358,0.014925373134328358,9.142857142857142,0,1
元朝,766464,簡任伯溫檢校,簡任伯溫檢校,簡任伯溫檢校,1,scrape_output\raw\元朝\簡任伯溫檢校\簡任伯溫檢校__juan_01.txt,scrape_output\clean\元朝\簡任伯溫檢校\簡任伯溫檢校__juan_01.txt,149,105,0,separate,0.06315789473684211,unknown,95,0.0,0.031578947368421054,12.857142857142858,0,1
元朝,766469,簡夏嘉定,簡夏嘉定,簡夏嘉定,1,scrape_output\raw\元朝\簡夏嘉定\簡夏嘉定__juan_01.txt,scrape_output\clean\元朝\簡夏嘉定\簡夏嘉定__juan_01.txt,133,89,0,separate,-0.012658227848101267,unknown,79,0.012658227848101266,0.012658227848101266,10.571428571428571,0,1
元朝,766462,簡張光弼員外,簡張光弼員外,簡張光弼員外,1,scrape_output\raw\元朝\簡張光弼員外\簡張光弼員外__juan_01.txt,scrape_output\clean\元朝\簡張光弼員外\簡張光弼員外__juan_01.txt,149,105,0,separate,0.042105263157894736,unknown,95,0.0,0.021052631578947368,12.857142857142858,0,1
元朝,766461,簡林叔大都事,簡林叔大都事,簡林叔大都事,1,scrape_output\raw\元朝\簡林叔大都事\簡林叔大都事__juan_01.txt,scrape_output\clean\元朝\簡林叔大都事\簡林叔大都事__juan_01.txt,149,105,0,separate,0.031578947368421054,unknown,95,0.010526315789473684,0.031578947368421054,12.857142857142858,0,1
元朝,766372,簡鄔同僉,簡鄔同僉,簡鄔同僉,1,scrape_output\raw\元朝\簡鄔同僉\簡鄔同僉__juan_01.txt,scrape_output\clean\元朝\簡鄔同僉\簡鄔同僉__juan_01.txt,149,105,0,separate,0.042105263157894736,unknown,95,0.0,0.021052631578947368,12.857142857142858,0,1
元朝,766377,簡陳韋羌員外,簡陳韋羌員外,簡陳韋羌員外,1,scrape_output\raw\元朝\簡陳韋羌員外\簡陳韋羌員外__juan_01.txt,scrape_output\clean\元朝\簡陳韋羌員外\簡陳韋羌員外__juan_01.txt,149,105,0,separate,0.010526315789473682,unknown,95,0.010526315789473684,0.021052631578947368,12.857142857142858,0,1
元朝,885456,紀夣 (耶律鑄),紀夣 (耶律鑄),紀夣 (耶律鑄),1,scrape_output\raw\元朝\紀夣 (耶律鑄)\紀夣 (耶律鑄)__juan_01.txt,scrape_output\clean\元朝\紀夣 (耶律鑄)\紀夣 (耶律鑄)__juan_01.txt,221,177,0,separate,-0.0062893081761006275,unknown,159,0.018867924528301886,0.025157232704402517,13.636363636363637,0,1
元朝,886394,紀歸夢二首,紀歸夢二首,紀歸夢二首,1,scrape_output\raw\元朝\紀歸夢二首\紀歸夢二首__juan_01.txt,scrape_output\clean\元朝\紀歸夢二首\紀歸夢二首__juan_01.txt,151,107,0,separate,0.021052631578947368,unknown,95,0.0,0.010526315789473684,10.0,0,1
元朝,1179419,約友遊西峰不至,約友遊西峰不至,約友遊西峰不至,1,scrape_output\raw\元朝\約友遊西峰不至\約友遊西峰不至__juan_01.txt,scrape_output\clean\元朝\約友遊西峰不至\約友遊西峰不至__juan_01.txt,113,69,0,separate,0.031746031746031744,unknown,63,0.0,0.015873015873015872,12.0,0,1
元朝,886480,紅叱撥,紅叱撥,紅叱撥,1,scrape_output\raw\元朝\紅叱撥\紅叱撥__juan_01.txt,scrape_output\clean\元朝\紅叱撥\紅叱撥__juan_01.txt,143,99,0,separate,0.011494252873563218,unknown,87,0.011494252873563218,0.022988505747126436,8.3,0,1
元朝,886807,紅叱撥贊,紅叱撥贊,紅叱撥贊,1,scrape_output\raw\元朝\紅叱撥贊\紅叱撥贊__juan_01.txt,scrape_output\clean\元朝\紅叱撥贊\紅叱撥贊__juan_01.txt,284,240,0,separate,0.06422018348623854,wenyan-like,218,0.009174311926605505,0.045871559633027525,11.555555555555555,0,0
元朝,768878,紅梅 (昭陽殿裏醉春風),紅梅 (昭陽殿裏醉春風),紅梅 (昭陽殿裏醉春風),1,scrape_output\raw\元朝\紅梅 (昭陽殿裏醉春風)\紅梅 (昭陽殿裏醉春風)__juan_01.txt,scrape_output\clean\元朝\紅梅 (昭陽殿裏醉春風)\紅梅 (昭陽殿裏醉春風)__juan_01.txt,113,69,0,separate,0.031746031746031744,unknown,63,0.0,0.015873015873015872,12.0,0,1
元朝,768876,紅梅 (深院春無限),紅梅 (深院春無限),紅梅 (深院春無限),1,scrape_output\raw\元朝\紅梅 (深院春無限)\紅梅 (深院春無限)__juan_01.txt,scrape_output\clean\元朝\紅梅 (深院春無限)\紅梅 (深院春無限)__juan_01.txt,105,61,0,separate,0.07272727272727272,unknown,55,0.0,0.03636363636363636,10.4,0,1
元朝,768871,紅梅 (玉妃步月影毿毿),紅梅 (玉妃步月影毿毿),紅梅 (玉妃步月影毿毿),1,scrape_output\raw\元朝\紅梅 (玉妃步月影毿毿)\紅梅 (玉妃步月影毿毿)__juan_01.txt,scrape_output\clean\元朝\紅梅 (玉妃步月影毿毿)\紅梅 (玉妃步月影毿毿)__juan_01.txt,113,69,0,separate,0.031746031746031744,unknown,63,0.0,0.015873015873015872,12.0,0,1
元朝,768869,紅梅 (王冕),紅梅 (王冕),紅梅 (王冕),1,scrape_output\raw\元朝\紅梅 (王冕)\紅梅 (王冕)__juan_01.txt,scrape_output\clean\元朝\紅梅 (王冕)\紅梅 (王冕)__juan_01.txt,197,153,0,separate,0.06015037593984962,unknown,133,0.0,0.03007518796992481,10.5,0,1
元朝,768922,紅梅翠竹山雉圖,紅梅翠竹山雉圖,紅梅翠竹山雉圖,1,scrape_output\raw\元朝\紅梅翠竹山雉圖\紅梅翠竹山雉圖__juan_01.txt,scrape_output\clean\元朝\紅梅翠竹山雉圖\紅梅翠竹山雉圖__juan_01.txt,257,213,0,separate,0.010471204188481676,unknown,191,0.0,0.005235602094240838,13.846153846153847,0,1
元朝,136288,純正蒙求,純正蒙求,純正蒙求,1,scrape_output\raw\元朝\純正蒙求\純正蒙求__juan_01.txt,scrape_output\clean\元朝\純正蒙求\純正蒙求__juan_01.txt,36515,36515,0,separate,0.24020982976076014,wenyan-like,35362,0.01080255641649228,0.06130874950511849,18.220667384284177,0,0
元朝,765228,純白窩記,純白窩記,純白窩記,1,scrape_output\raw\元朝\純白窩記\純白窩記__juan_01.txt,scrape_output\clean\元朝\純白窩記\純白窩記__juan_01.txt,408,364,0,separate,0.3110169491525424,wenyan-like,354,0.00847457627118644,0.09322033898305085,21.3125,0,0
元朝,795791,紙舟先生全真直指,紙舟先生全真直指,紙舟先生全真直指,1,scrape_output\raw\元朝\紙舟先生全真直指\紙舟先生全真直指__juan_01.txt,scrape_output\clean\元朝\紙舟先生全真直指\紙舟先生全真直指__juan_01.txt,2150,2099,0,separate,0.17059266700150677,wenyan-like,1991,0.01858362631843295,0.03817177297840281,20.083333333333332,0,0
元朝,1179369,紫微觀道士馮友直與予同宿苗閤，次日予過元符宮，友直同僧安上人過五雲觀，寫詩贈友直,紫微觀道士馮友直與予同宿苗閤，次日予過元符宮，友直同僧安上人過五雲觀，寫詩贈友直,紫微觀道士馮友直與予同宿苗閤，次日予過元符宮，友直同僧安上人過五雲觀，寫詩贈友直,1,scrape_output\raw\元朝\紫微觀道士馮友直與予同宿苗閤，次日予過元符宮，友直同僧安上人過五雲觀，寫詩贈友直\紫微觀道士馮友直與予同宿苗閤，次日予過元符宮，友直同僧安上人過五雲觀，寫詩贈友直__juan_01.txt,scrape_output\clean\元朝\紫微觀道士馮友直與予同宿苗閤，次日予過元符宮，友直同僧安上人過五雲觀，寫詩贈友直\紫微觀道士馮友直與予同宿苗閤，次日予過元符宮，友直同僧安上人過五雲觀，寫詩贈友直__juan_01.txt,113,69,0,separate,0.031746031746031744,unknown,63,0.0,0.015873015873015872,12.0,0,1
元朝,1179657,紫溪道中,紫溪道中,紫溪道中,1,scrape_output\raw\元朝\紫溪道中\紫溪道中__juan_01.txt,scrape_output\clean\元朝\紫溪道中\紫溪道中__juan_01.txt,185,141,0,separate,-0.05511811023622047,unknown,127,0.023622047244094488,0.007874015748031496,13.333333333333334,0,1
元朝,886474,紫菊,紫菊,紫菊,1,scrape_output\raw\元朝\紫菊\紫菊__juan_01.txt,scrape_output\clean\元朝\紫菊\紫菊__juan_01.txt,113,69,0,separate,0.06349206349206349,unknown,63,0.0,0.031746031746031744,12.0,0,1
元朝,765184,紹興新城記,紹興新城記,紹興新城記,1,scrape_output\raw\元朝\紹興新城記\紹興新城記__juan_01.txt,scrape_output\clean\元朝\紹興新城記\紹興新城記__juan_01.txt,1102,1058,0,separate,0.49138755980861243,wenyan-like,1045,0.0019138755980861245,0.09856459330143541,28.942857142857143,0,0
元朝,340001,終南山祖庭仙真內傳,終南山祖庭仙真內傳,終南山祖庭仙真內傳,1,scrape_output\raw\元朝\終南山祖庭仙真內傳\終南山祖庭仙真內傳__juan_01.txt,scrape_output\clean\元朝\終南山祖庭仙真內傳\終南山祖庭仙真內傳__juan_01.txt,30114,30068,0,separate,0.22661871709754217,wenyan-like,29823,0.009221070985481005,0.052140965026992586,20.16902404526167,0,0
元朝,886402,終夕風雨早起書待旦齋壁,終夕風雨早起書待旦齋壁,終夕風雨早起書待旦齋壁,1,scrape_output\raw\元朝\終夕風雨早起書待旦齋壁\終夕風雨早起書待旦齋壁__juan_01.txt,scrape_output\clean\元朝\終夕風雨早起書待旦齋壁\終夕風雨早起書待旦齋壁__juan_01.txt,113,69,0,separate,0.031746031746031744,unknown,63,0.0,0.015873015873015872,12.0,0,1
元朝,884956,結襪子二首,結襪子二首·前結襪子,結襪子二首,1,scrape_output\raw\元朝\結襪子二首\結襪子二首__juan_01.txt,scrape_output\clean\元朝\結襪子二首\結襪子二首__juan_01.txt,123,77,0,separate,0.04195804195804196,unknown,143,0.0,0.02097902097902098,8.5625,0,1
元朝,884956,結襪子二首,結襪子二首·後結襪子,結襪子二首,2,scrape_output\raw\元朝\結襪子二首\結襪子二首__juan_02.txt,scrape_output\clean\元朝\結襪子二首\結襪子二首__juan_02.txt,132,84,0,separate,0.04195804195804196,unknown,143,0.0,0.02097902097902098,8.5625,0,1
元朝,884955,結襪子二首并序,結襪子二首并序,結襪子二首并序,1,scrape_output\raw\元朝\結襪子二首并序\結襪子二首并序__juan_01.txt,scrape_output\clean\元朝\結襪子二首并序\結襪子二首并序__juan_01.txt,554,500,0,separate,0.10425531914893617,wenyan-like,470,0.002127659574468085,0.05531914893617021,14.25,0,0
元朝,885626,經扼狐嶺得勝口會河戰場,經扼狐嶺得勝口會河戰場,經扼狐嶺得勝口會河戰場,1,scrape_output\raw\元朝\經扼狐嶺得勝口會河戰場\經扼狐嶺得勝口會河戰場__juan_01.txt,scrape_output\clean\元朝\經扼狐嶺得勝口會河戰場\經扼狐嶺得勝口會河戰場__juan_01.txt,133,89,0,separate,-0.012658227848101267,unknown,79,0.012658227848101266,0.012658227848101266,10.571428571428571,0,1
元朝,1179399,經歷司暮春即事,經歷司暮春即事,經歷司暮春即事,1,scrape_output\raw\元朝\經歷司暮春即事\經歷司暮春即事__juan_01.txt,scrape_output\clean\元朝\經歷司暮春即事\經歷司暮春即事__juan_01.txt,149,105,0,separate,0.021052631578947368,unknown,95,0.0,0.010526315789473684,12.857142857142858,0,1
元朝,886360,經麗珍園衛紹王蘭香殿故基,經麗珍園衛紹王蘭香殿故基,經麗珍園衛紹王蘭香殿故基,1,scrape_output\raw\元朝\經麗珍園衛紹王蘭香殿故基\經麗珍園衛紹王蘭香殿故基__juan_01.txt,scrape_output\clean\元朝\經麗珍園衛紹王蘭香殿故基\經麗珍園衛紹王蘭香殿故基__juan_01.txt,126,80,0,separate,0.05555555555555555,unknown,72,0.0,0.027777777777777776,9.714285714285714,0,1
元朝,886391,綵霞亭睡起紀夢書畫夢齋壁,綵霞亭睡起紀夢書畫夢齋壁,綵霞亭睡起紀夢書畫夢齋壁,1,scrape_output\raw\元朝\綵霞亭睡起紀夢書畫夢齋壁\綵霞亭睡起紀夢書畫夢齋壁__juan_01.txt,scrape_output\clean\元朝\綵霞亭睡起紀夢書畫夢齋壁\綵霞亭睡起紀夢書畫夢齋壁__juan_01.txt,113,69,0,separate,-0.015873015873015872,unknown,63,0.015873015873015872,0.015873015873015872,12.0,0,1
元朝,886052,縉雲五湖别業書事,縉雲五湖别業書事,縉雲五湖别業書事,1,scrape_output\raw\元朝\縉雲五湖别業書事\縉雲五湖别業書事__juan_01.txt,scrape_output\clean\元朝\縉雲五湖别業書事\縉雲五湖别業書事__juan_01.txt,246,202,0,separate,0.03723404255319149,unknown,188,0.015957446808510637,0.0425531914893617,13.846153846153847,0,1
元朝,886039,縱遊壺天園,縱遊壺天園,縱遊壺天園,1,scrape_output\raw\元朝\縱遊壺天園\縱遊壺天園__juan_01.txt,scrape_output\clean\元朝\縱遊壺天園\縱遊壺天園__juan_01.txt,149,105,0,separate,-0.010526315789473686,unknown,95,0.010526315789473684,0.010526315789473684,12.857142857142858,0,1
元朝,886171,繡嶺宫,繡嶺宫,繡嶺宫,1,scrape_output\raw\元朝\繡嶺宫\繡嶺宫__juan_01.txt,scrape_output\clean\元朝\繡嶺宫\繡嶺宫__juan_01.txt,190,144,0,separate,0.03125,unknown,128,0.0,0.015625,9.384615384615385,0,1
元朝,1179668,繡鞋,繡鞋,繡鞋,1,scrape_output\raw\元朝\繡鞋\繡鞋__juan_01.txt,scrape_output\clean\元朝\繡鞋\繡鞋__juan_01.txt,185,141,0,separate,0.031496062992125984,unknown,127,0.0,0.015748031496062992,13.333333333333334,0,1
元朝,886619,繼韻為答,繼韻為答,繼韻為答,1,scrape_output\raw\元朝\繼韻為答\繼韻為答__juan_01.txt,scrape_output\clean\元朝\繼韻為答\繼韻為答__juan_01.txt,135,89,0,separate,0.0,unknown,81,0.024691358024691357,0.037037037037037035,11.0,0,1
元朝,179004,續竹譜,續竹譜,續竹譜,1,scrape_output\raw\元朝\續竹譜\續竹譜__juan_01.txt,scrape_output\clean\元朝\續竹譜\續竹譜__juan_01.txt,724,724,0,separate,0.10818713450292397,wenyan-like,684,0.005847953216374269,0.06286549707602339,14.818181818181818,0,0
元朝,136269,群書類編故事,群書類編故事/01,群書類編故事,1,scrape_output\raw\元朝\群書類編故事\群書類編故事__juan_01.txt,scrape_output\clean\元朝\群書類編故事\群書類編故事__juan_01.txt,6707,6662,0,separate,0.24355162790697674,wenyan-like,134375,0.009830697674418605,0.061521860465116276,16.946880381507484,0,0
元朝,136269,群書類編故事,群書類編故事/02,群書類編故事,2,scrape_output\raw\元朝\群書類編故事\群書類編故事__juan_02.txt,scrape_output\clean\元朝\群書類編故事\群書類編故事__juan_02.txt,5368,5320,0,separate,0.24355162790697674,wenyan-like,134375,0.009830697674418605,0.061521860465116276,16.946880381507484,0,0
元朝,136269,群書類編故事,群書類編故事/03,群書類編故事,3,scrape_output\raw\元朝\群書類編故事\群書類編故事__juan_03.txt,scrape_output\clean\元朝\群書類編故事\群書類編故事__juan_03.txt,4573,4525,0,separate,0.24355162790697674,wenyan-like,134375,0.009830697674418605,0.061521860465116276,16.946880381507484,0,0
元朝,136269,群書類編故事,群書類編故事/04,群書類編故事,4,scrape_output\raw\元朝\群書類編故事\群書類編故事__juan_04.txt,scrape_output\clean\元朝\群書類編故事\群書類編故事__juan_04.txt,6840,6795,0,separate,0.24355162790697674,wenyan-like,134375,0.009830697674418605,0.061521860465116276,16.946880381507484,0,0
元朝,136269,群書類編故事,群書類編故事/05,群書類編故事,5,scrape_output\raw\元朝\群書類編故事\群書類編故事__juan_05.txt,scrape_output\clean\元朝\群書類編故事\群書類編故事__juan_05.txt,7041,6989,0,separate,0.24355162790697674,wenyan-like,134375,0.009830697674418605,0.061521860465116276,16.946880381507484,0,0
元朝,136269,群書類編故事,群書類編故事/06,群書類編故事,6,scrape_output\raw\元朝\群書類編故事\群書類編故事__juan_06.txt,scrape_output\clean\元朝\群書類編故事\群書類編故事__juan_06.txt,7261,7215,0,separate,0.24355162790697674,wenyan-like,134375,0.009830697674418605,0.061521860465116276,16.946880381507484,0,0
元朝,136269,群書類編故事,群書類編故事/07,群書類編故事,7,scrape_output\raw\元朝\群書類編故事\群書類編故事__juan_07.txt,scrape_output\clean\元朝\群書類編故事\群書類編故事__juan_07.txt,5947,5901,0,separate,0.24355162790697674,wenyan-like,134375,0.009830697674418605,0.061521860465116276,16.946880381507484,0,0
元朝,136269,群書類編故事,群書類編故事/08,群書類編故事,8,scrape_output\raw\元朝\群書類編故事\群書類編故事__juan_08.txt,scrape_output\clean\元朝\群書類編故事\群書類編故事__juan_08.txt,7084,7038,0,separate,0.24355162790697674,wenyan-like,134375,0.009830697674418605,0.061521860465116276,16.946880381507484,0,0
元朝,136269,群書類編故事,群書類編故事/09,群書類編故事,9,scrape_output\raw\元朝\群書類編故事\群書類編故事__juan_09.txt,scrape_output\clean\元朝\群書類編故事\群書類編故事__juan_09.txt,8071,8026,0,separate,0.24355162790697674,wenyan-like,134375,0.009830697674418605,0.061521860465116276,16.946880381507484,0,0
元朝,136269,群書類編故事,群書類編故事/10,群書類編故事,10,scrape_output\raw\元朝\群書類編故事\群書類編故事__juan_10.txt,scrape_output\clean\元朝\群書類編故事\群書類編故事__juan_10.txt,4878,4833,0,separate,0.24355162790697674,wenyan-like,134375,0.009830697674418605,0.061521860465116276,16.946880381507484,0,0
元朝,136269,群書類編故事,群書類編故事/11,群書類編故事,11,scrape_output\raw\元朝\群書類編故事\群書類編故事__juan_11.txt,scrape_output\clean\元朝\群書類編故事\群書類編故事__juan_11.txt,6062,6015,0,separate,0.24355162790697674,wenyan-like,134375,0.009830697674418605,0.061521860465116276,16.946880381507484,0,0
元朝,136269,群書類編故事,群書類編故事/12,群書類編故事,12,scrape_output\raw\元朝\群書類編故事\群書類編故事__juan_12.txt,scrape_output\clean\元朝\群書類編故事\群書類編故事__juan_12.txt,5703,5653,0,separate,0.24355162790697674,wenyan-like,134375,0.009830697674418605,0.061521860465116276,16.946880381507484,0,0
元朝,136269,群書類編故事,群書類編故事/13,群書類編故事,13,scrape_output\raw\元朝\群書類編故事\群書類編故事__juan_13.txt,scrape_output\clean\元朝\群書類編故事\群書類編故事__juan_13.txt,2261,2215,0,separate,0.24355162790697674,wenyan-like,134375,0.009830697674418605,0.061521860465116276,16.946880381507484,0,0
元朝,136269,群書類編故事,群書類編故事/14,群書類編故事,14,scrape_output\raw\元朝\群書類編故事\群書類編故事__juan_14.txt,scrape_output\clean\元朝\群書類編故事\群書類編故事__juan_14.txt,8405,8357,0,separate,0.24355162790697674,wenyan-like,134375,0.009830697674418605,0.061521860465116276,16.946880381507484,0,0
元朝,136269,群書類編故事,群書類編故事/15,群書類編故事,15,scrape_output\raw\元朝\群書類編故事\群書類編故事__juan_15.txt,scrape_output\clean\元朝\群書類編故事\群書類編故事__juan_15.txt,3338,3293,0,separate,0.24355162790697674,wenyan-like,134375,0.009830697674418605,0.061521860465116276,16.946880381507484,0,0
元朝,136269,群書類編故事,群書類編故事/16,群書類編故事,16,scrape_output\raw\元朝\群書類編故事\群書類編故事__juan_16.txt,scrape_output\clean\元朝\群書類編故事\群書類編故事__juan_16.txt,3831,3786,0,separate,0.24355162790697674,wenyan-like,134375,0.009830697674418605,0.061521860465116276,16.946880381507484,0,0
元朝,136269,群書類編故事,群書類編故事/17,群書類編故事,17,scrape_output\raw\元朝\群書類編故事\群書類編故事__juan_17.txt,scrape_output\clean\元朝\群書類編故事\群書類編故事__juan_17.txt,8771,8726,0,separate,0.24355162790697674,wenyan-like,134375,0.009830697674418605,0.061521860465116276,16.946880381507484,0,0
元朝,136269,群書類編故事,群書類編故事/18,群書類編故事,18,scrape_output\raw\元朝\群書類編故事\群書類編故事__juan_18.txt,scrape_output\clean\元朝\群書類編故事\群書類編故事__juan_18.txt,6684,6638,0,separate,0.24355162790697674,wenyan-like,134375,0.009830697674418605,0.061521860465116276,16.946880381507484,0,0
元朝,136269,群書類編故事,群書類編故事/19,群書類編故事,19,scrape_output\raw\元朝\群書類編故事\群書類編故事__juan_19.txt,scrape_output\clean\元朝\群書類編故事\群書類編故事__juan_19.txt,2608,2563,0,separate,0.24355162790697674,wenyan-like,134375,0.009830697674418605,0.061521860465116276,16.946880381507484,0,0
元朝,136269,群書類編故事,群書類編故事/20,群書類編故事,20,scrape_output\raw\元朝\群書類編故事\群書類編故事__juan_20.txt,scrape_output\clean\元朝\群書類編故事\群書類編故事__juan_20.txt,5319,5274,0,separate,0.24355162790697674,wenyan-like,134375,0.009830697674418605,0.061521860465116276,16.946880381507484,0,0
元朝,136269,群書類編故事,群書類編故事/21,群書類編故事,21,scrape_output\raw\元朝\群書類編故事\群書類編故事__juan_21.txt,scrape_output\clean\元朝\群書類編故事\群書類編故事__juan_21.txt,2563,2518,0,separate,0.24355162790697674,wenyan-like,134375,0.009830697674418605,0.061521860465116276,16.946880381507484,0,0
元朝,136269,群書類編故事,群書類編故事/22,群書類編故事,22,scrape_output\raw\元朝\群書類編故事\群書類編故事__juan_22.txt,scrape_output\clean\元朝\群書類編故事\群書類編故事__juan_22.txt,4795,4746,0,separate,0.24355162790697674,wenyan-like,134375,0.009830697674418605,0.061521860465116276,16.946880381507484,0,0
元朝,136269,群書類編故事,群書類編故事/23,群書類編故事,23,scrape_output\raw\元朝\群書類編故事\群書類編故事__juan_23.txt,scrape_output\clean\元朝\群書類編故事\群書類編故事__juan_23.txt,4016,3970,0,separate,0.24355162790697674,wenyan-like,134375,0.009830697674418605,0.061521860465116276,16.946880381507484,0,0
元朝,136269,群書類編故事,群書類編故事/24,群書類編故事,24,scrape_output\raw\元朝\群書類編故事\群書類編故事__juan_24.txt,scrape_output\clean\元朝\群書類編故事\群書類編故事__juan_24.txt,10907,10857,0,separate,0.24355162790697674,wenyan-like,134375,0.009830697674418605,0.061521860465116276,16.946880381507484,0,0
元朝,886339,翌日渡東陷河,翌日渡東陷河,翌日渡東陷河,1,scrape_output\raw\元朝\翌日渡東陷河\翌日渡東陷河__juan_01.txt,scrape_output\clean\元朝\翌日渡東陷河\翌日渡東陷河__juan_01.txt,175,129,0,separate,0.09565217391304348,unknown,115,0.008695652173913044,0.06086956521739131,7.785714285714286,0,1
元朝,886400,翠水別業即事,翠水別業即事,翠水別業即事,1,scrape_output\raw\元朝\翠水別業即事\翠水別業即事__juan_01.txt,scrape_output\clean\元朝\翠水別業即事\翠水別業即事__juan_01.txt,113,69,0,separate,-0.015873015873015872,unknown,63,0.015873015873015872,0.015873015873015872,12.0,0,1
元朝,61699,翰林要訣,翰林要訣,翰林要訣,1,scrape_output\raw\元朝\翰林要訣\翰林要訣__juan_01.txt,scrape_output\clean\元朝\翰林要訣\翰林要訣__juan_01.txt,1368,1272,0,separate,0.06516072980017376,wenyan-like,1151,0.011294526498696786,0.04952215464813206,13.716049382716049,0,0
元朝,885621,老將 (耶律鑄),老將 (耶律鑄),老將 (耶律鑄),1,scrape_output\raw\元朝\老將 (耶律鑄)\老將 (耶律鑄)__juan_01.txt,scrape_output\clean\元朝\老將 (耶律鑄)\老將 (耶律鑄)__juan_01.txt,170,120,0,separate,0.11428571428571428,unknown,105,0.0,0.05714285714285714,8.333333333333334,0,1
元朝,161540,耍孩兒,耍孩兒·莊家不識構闌,耍孩兒,1,scrape_output\raw\元朝\耍孩兒\耍孩兒__juan_01.txt,scrape_output\clean\元朝\耍孩兒\耍孩兒__juan_01.txt,1198,1102,0,separate,0.001224105461393593,wenyan-like,1062,0.05649717514124294,0.010357815442561206,18.75925925925926,0,0
元朝,886808,聖壽頌,聖壽頌,聖壽頌,1,scrape_output\raw\元朝\聖壽頌\聖壽頌__juan_01.txt,scrape_output\clean\元朝\聖壽頌\聖壽頌__juan_01.txt,430,385,0,separate,0.22506702412868634,wenyan-like,373,0.005361930294906166,0.045576407506702415,15.434782608695652,0,0
元朝,885625,聞北耗詔發大軍進討,聞北耗詔發大軍進討,聞北耗詔發大軍進討,1,scrape_output\raw\元朝\聞北耗詔發大軍進討\聞北耗詔發大軍進討__juan_01.txt,scrape_output\clean\元朝\聞北耗詔發大軍進討\聞北耗詔發大軍進討__juan_01.txt,140,94,0,separate,-0.024096385542168683,unknown,83,0.024096385542168676,0.024096385542168676,9.75,0,1
元朝,766393,聞吳門消息,聞吳門消息,聞吳門消息,1,scrape_output\raw\元朝\聞吳門消息\聞吳門消息__juan_01.txt,scrape_output\clean\元朝\聞吳門消息\聞吳門消息__juan_01.txt,221,177,0,separate,0.025157232704402517,unknown,159,0.0,0.012578616352201259,13.636363636363637,0,1
元朝,766364,聞武昌廬州二藩王渡海歸朝,聞武昌廬州二藩王渡海歸朝,聞武昌廬州二藩王渡海歸朝,1,scrape_output\raw\元朝\聞武昌廬州二藩王渡海歸朝\聞武昌廬州二藩王渡海歸朝__juan_01.txt,scrape_output\clean\元朝\聞武昌廬州二藩王渡海歸朝\聞武昌廬州二藩王渡海歸朝__juan_01.txt,133,89,0,separate,-0.012658227848101267,unknown,79,0.012658227848101266,0.012658227848101266,10.571428571428571,0,1
元朝,766390,聞畿甸消息,聞畿甸消息,聞畿甸消息,1,scrape_output\raw\元朝\聞畿甸消息\聞畿甸消息__juan_01.txt,scrape_output\clean\元朝\聞畿甸消息\聞畿甸消息__juan_01.txt,133,89,0,separate,0.02531645569620253,unknown,79,0.0,0.012658227848101266,10.571428571428571,0,1
元朝,1179329,聞秋蛩有感,聞秋蛩有感,聞秋蛩有感,1,scrape_output\raw\元朝\聞秋蛩有感\聞秋蛩有感__juan_01.txt,scrape_output\clean\元朝\聞秋蛩有感\聞秋蛩有感__juan_01.txt,133,89,0,separate,0.02531645569620253,unknown,79,0.0,0.012658227848101266,10.571428571428571,0,1
元朝,766376,聞鐘,聞鐘,聞鐘,1,scrape_output\raw\元朝\聞鐘\聞鐘__juan_01.txt,scrape_output\clean\元朝\聞鐘\聞鐘__juan_01.txt,149,105,0,separate,0.042105263157894736,unknown,95,0.0,0.021052631578947368,12.857142857142858,0,1
元朝,882324,聼琵琶賦,聼琵琶賦,聼琵琶賦,1,scrape_output\raw\元朝\聼琵琶賦\聼琵琶賦__juan_01.txt,scrape_output\clean\元朝\聼琵琶賦\聼琵琶賦__juan_01.txt,680,192,0,separate,0.2776595744680851,unknown,188,0.0,0.06382978723404255,20.22222222222222,0,1
元朝,886069,聽歌 (耶律鑄),聽歌 (耶律鑄),聽歌 (耶律鑄),1,scrape_output\raw\元朝\聽歌 (耶律鑄)\聽歌 (耶律鑄)__juan_01.txt,scrape_output\clean\元朝\聽歌 (耶律鑄)\聽歌 (耶律鑄)__juan_01.txt,149,105,0,separate,0.010526315789473682,unknown,95,0.010526315789473684,0.021052631578947368,12.857142857142858,0,1
元朝,886589,聽琵琶二首,聽琵琶二首,聽琵琶二首,1,scrape_output\raw\元朝\聽琵琶二首\聽琵琶二首__juan_01.txt,scrape_output\clean\元朝\聽琵琶二首\聽琵琶二首__juan_01.txt,149,105,0,separate,-0.010526315789473686,unknown,95,0.010526315789473684,0.010526315789473684,12.857142857142858,0,1
元朝,886588,聽苗君彈琴,聽苗君彈琴,聽苗君彈琴,1,scrape_output\raw\元朝\聽苗君彈琴\聽苗君彈琴__juan_01.txt,scrape_output\clean\元朝\聽苗君彈琴\聽苗君彈琴__juan_01.txt,113,69,0,separate,0.031746031746031744,unknown,63,0.0,0.015873015873015872,12.0,0,1
元朝,1197056,肇論新疏,肇論新疏/卷001,肇論新疏,1,scrape_output\raw\元朝\肇論新疏\肇論新疏__juan_01.txt,scrape_output\clean\元朝\肇論新疏\肇論新疏__juan_01.txt,0,0,1,separate,0.0,unknown,0,0.0,0.0,0.0,0,1
元朝,1197056,肇論新疏,肇論新疏/卷002,肇論新疏,2,scrape_output\raw\元朝\肇論新疏\肇論新疏__juan_02.txt,scrape_output\clean\元朝\肇論新疏\肇論新疏__juan_02.txt,0,0,1,separate,0.0,unknown,0,0.0,0.0,0.0,0,1
元朝,1197056,肇論新疏,肇論新疏/卷003,肇論新疏,3,scrape_output\raw\元朝\肇論新疏\肇論新疏__juan_03.txt,scrape_output\clean\元朝\肇論新疏\肇論新疏__juan_03.txt,0,0,1,separate,0.0,unknown,0,0.0,0.0,0.0,0,1
元朝,1179666,胡桃,胡桃,胡桃,1,scrape_output\raw\元朝\胡桃\胡桃__juan_01.txt,scrape_output\clean\元朝\胡桃\胡桃__juan_01.txt,221,177,0,separate,0.018867924528301883,unknown,159,0.006289308176100629,0.018867924528301886,13.636363636363637,0,1
元朝,175079,胡身之墓碑文,胡身之墓碑文,胡身之墓碑文,1,scrape_output\raw\元朝\胡身之墓碑文\胡身之墓碑文__juan_01.txt,scrape_output\clean\元朝\胡身之墓碑文\胡身之墓碑文__juan_01.txt,810,714,0,separate,0.19267425320056897,wenyan-like,703,0.002844950213371266,0.025604551920341393,17.55263157894737,0,0
元朝,1179581,臥病書懷 (薩都剌),臥病書懷 (薩都剌),臥病書懷 (薩都剌),1,scrape_output\raw\元朝\臥病書懷 (薩都剌)\臥病書懷 (薩都剌)__juan_01.txt,scrape_output\clean\元朝\臥病書懷 (薩都剌)\臥病書懷 (薩都剌)__juan_01.txt,149,105,0,separate,0.021052631578947368,unknown,95,0.0,0.010526315789473684,12.857142857142858,0,1
元朝,1179423,臨丹青閣,臨丹青閣,臨丹青閣,1,scrape_output\raw\元朝\臨丹青閣\臨丹青閣__juan_01.txt,scrape_output\clean\元朝\臨丹青閣\臨丹青閣__juan_01.txt,113,69,0,separate,0.06349206349206349,unknown,63,0.0,0.031746031746031744,12.0,0,1
元朝,886424,臨春臺,臨春臺,臨春臺,1,scrape_output\raw\元朝\臨春臺\臨春臺__juan_01.txt,scrape_output\clean\元朝\臨春臺\臨春臺__juan_01.txt,113,69,0,separate,0.031746031746031744,unknown,63,0.0,0.015873015873015872,12.0,0,1
元朝,317454,臨水殿賦,臨水殿賦,臨水殿賦,1,scrape_output\raw\元朝\臨水殿賦\臨水殿賦__juan_01.txt,scrape_output\clean\元朝\臨水殿賦\臨水殿賦__juan_01.txt,949,905,0,separate,0.32614269788182826,wenyan-like,897,0.006688963210702341,0.09810479375696766,18.58695652173913,0,0
元朝,886076,臨潼九龍玉蓮二湯今為道院,臨潼九龍玉蓮二湯今為道院,臨潼九龍玉蓮二湯今為道院,1,scrape_output\raw\元朝\臨潼九龍玉蓮二湯今為道院\臨潼九龍玉蓮二湯今為道院__juan_01.txt,scrape_output\clean\元朝\臨潼九龍玉蓮二湯今為道院\臨潼九龍玉蓮二湯今為道院__juan_01.txt,149,105,0,separate,0.021052631578947368,unknown,95,0.0,0.010526315789473684,12.857142857142858,0,1
元朝,886721,自笑,自笑,自笑,1,scrape_output\raw\元朝\自笑\自笑__juan_01.txt,scrape_output\clean\元朝\自笑\自笑__juan_01.txt,129,83,0,separate,-0.05333333333333333,unknown,75,0.02666666666666667,0.013333333333333334,10.142857142857142,0,1
元朝,885776,自題擬樂天,自題擬樂天,自題擬樂天,1,scrape_output\raw\元朝\自題擬樂天\自題擬樂天__juan_01.txt,scrape_output\clean\元朝\自題擬樂天\自題擬樂天__juan_01.txt,149,105,0,separate,0.021052631578947368,unknown,95,0.0,0.010526315789473684,12.857142857142858,0,1
元朝,1179608,至元丙子歲六月，照磨覃懷李君諒伯貞以白石小山見遺潔白况瑩，奇秀磥砢。置之石林亭上，名之曰蛾眉雲,至元丙子歲六月，照磨覃懷李君諒伯貞以白石小山見遺潔白况瑩，奇秀磥砢。置之石林亭上，名之曰蛾眉雲,至元丙子歲六月，照磨覃懷李君諒伯貞以白石小山見遺潔白况瑩，奇秀磥砢。置之石林亭上，名之曰蛾眉雲,1,scrape_output\raw\元朝\至元丙子歲六月，照磨覃懷李君諒伯貞以白石小山見遺潔白况瑩，奇秀磥砢。置之石林亭上，名之曰蛾眉雲\至元丙子歲六月，照磨覃懷李君諒伯貞以白石小山見遺潔白况瑩，奇秀磥砢。置之石林亭上，名之曰蛾眉雲__juan_01.txt,scrape_output\clean\元朝\至元丙子歲六月，照磨覃懷李君諒伯貞以白石小山見遺潔白况瑩，奇秀磥砢。置之石林亭上，名之曰蛾眉雲\至元丙子歲六月，照磨覃懷李君諒伯貞以白石小山見遺潔白况瑩，奇秀磥砢。置之石林亭上，名之曰蛾眉雲__juan_01.txt,1302,1251,0,separate,0.008944543828264758,wenyan-like,1118,0.007155635062611807,0.01520572450805009,13.842105263157896,0,0
元朝,1131409,至元改元詔,至元改元詔,至元改元詔,1,scrape_output\raw\元朝\至元改元詔\至元改元詔__juan_01.txt,scrape_output\clean\元朝\至元改元詔\至元改元詔__juan_01.txt,326,281,0,separate,0.10074626865671642,wenyan-like,268,0.0037313432835820895,0.055970149253731345,12.142857142857142,0,0
元朝,1094052,至正條格,至正條格/斷例/卷一,至正條格,1,scrape_output\raw\元朝\至正條格\至正條格__juan_01.txt,scrape_output\clean\元朝\至正條格\至正條格__juan_01.txt,3205,3189,0,separate,0.1261629651381769,wenyan-like,156647,0.022496441042598965,0.02182614413298691,21.037211885587336,0,0
元朝,1094052,至正條格,至正條格/斷例/卷二,至正條格,2,scrape_output\raw\元朝\至正條格\至正條格__juan_02.txt,scrape_output\clean\元朝\至正條格\至正條格__juan_02.txt,7901,7855,0,separate,0.1261629651381769,wenyan-like,156647,0.022496441042598965,0.02182614413298691,21.037211885587336,0,0
元朝,1094052,至正條格,至正條格/斷例/卷三,至正條格,3,scrape_output\raw\元朝\至正條格\至正條格__juan_03.txt,scrape_output\clean\元朝\至正條格\至正條格__juan_03.txt,8096,8033,0,separate,0.1261629651381769,wenyan-like,156647,0.022496441042598965,0.02182614413298691,21.037211885587336,0,0
元朝,1094052,至正條格,至正條格/斷例/卷四,至正條格,4,scrape_output\raw\元朝\至正條格\至正條格__juan_04.txt,scrape_output\clean\元朝\至正條格\至正條格__juan_04.txt,3461,3439,0,separate,0.1261629651381769,wenyan-like,156647,0.022496441042598965,0.02182614413298691,21.037211885587336,0,0
元朝,1094052,至正條格,至正條格/斷例/卷五,至正條格,5,scrape_output\raw\元朝\至正條格\至正條格__juan_05.txt,scrape_output\clean\元朝\至正條格\至正條格__juan_05.txt,5467,5427,0,separate,0.1261629651381769,wenyan-like,156647,0.022496441042598965,0.02182614413298691,21.037211885587336,0,0
元朝,1094052,至正條格,至正條格/斷例/卷六,至正條格,6,scrape_output\raw\元朝\至正條格\至正條格__juan_06.txt,scrape_output\clean\元朝\至正條格\至正條格__juan_06.txt,7280,7224,0,separate,0.1261629651381769,wenyan-like,156647,0.022496441042598965,0.02182614413298691,21.037211885587336,0,0
元朝,1094052,至正條格,至正條格/斷例/卷七,至正條格,7,scrape_output\raw\元朝\至正條格\至正條格__juan_07.txt,scrape_output\clean\元朝\至正條格\至正條格__juan_07.txt,6746,6703,0,separate,0.1261629651381769,wenyan-like,156647,0.022496441042598965,0.02182614413298691,21.037211885587336,0,0
元朝,1094052,至正條格,至正條格/斷例/卷八,至正條格,8,scrape_output\raw\元朝\至正條格\至正條格__juan_08.txt,scrape_output\clean\元朝\至正條格\至正條格__juan_08.txt,5983,5939,0,separate,0.1261629651381769,wenyan-like,156647,0.022496441042598965,0.02182614413298691,21.037211885587336,0,0
元朝,1094052,至正條格,至正條格/斷例/卷九,至正條格,9,scrape_output\raw\元朝\至正條格\至正條格__juan_09.txt,scrape_output\clean\元朝\至正條格\至正條格__juan_09.txt,10087,10010,0,separate,0.1261629651381769,wenyan-like,156647,0.022496441042598965,0.02182614413298691,21.037211885587336,0,0
元朝,1094052,至正條格,至正條格/斷例/卷十,至正條格,10,scrape_output\raw\元朝\至正條格\至正條格__juan_10.txt,scrape_output\clean\元朝\至正條格\至正條格__juan_10.txt,9901,9849,0,separate,0.1261629651381769,wenyan-like,156647,0.022496441042598965,0.02182614413298691,21.037211885587336,0,0
元朝,1094052,至正條格,至正條格/斷例/卷十一,至正條格,11,scrape_output\raw\元朝\至正條格\至正條格__juan_11.txt,scrape_output\clean\元朝\至正條格\至正條格__juan_11.txt,7660,7601,0,separate,0.1261629651381769,wenyan-like,156647,0.022496441042598965,0.02182614413298691,21.037211885587336,0,0
元朝,1094052,至正條格,至正條格/斷例/卷十二,至正條格,12,scrape_output\raw\元朝\至正條格\至正條格__juan_12.txt,scrape_output\clean\元朝\至正條格\至正條格__juan_12.txt,8053,7992,0,separate,0.1261629651381769,wenyan-like,156647,0.022496441042598965,0.02182614413298691,21.037211885587336,0,0
元朝,1094052,至正條格,至正條格/斷例/卷十三,至正條格,13,scrape_output\raw\元朝\至正條格\至正條格__juan_13.txt,scrape_output\clean\元朝\至正條格\至正條格__juan_13.txt,3218,3190,0,separate,0.1261629651381769,wenyan-like,156647,0.022496441042598965,0.02182614413298691,21.037211885587336,0,0
元朝,1094052,至正條格,至正條格/條格/卷二十三,至正條格,14,scrape_output\raw\元朝\至正條格\至正條格__juan_14.txt,scrape_output\clean\元朝\至正條格\至正條格__juan_14.txt,7528,7441,0,separate,0.1261629651381769,wenyan-like,156647,0.022496441042598965,0.02182614413298691,21.037211885587336,0,0
元朝,1094052,至正條格,至正條格/條格/卷二十四,至正條格,15,scrape_output\raw\元朝\至正條格\至正條格__juan_15.txt,scrape_output\clean\元朝\至正條格\至正條格__juan_15.txt,5655,5619,0,separate,0.1261629651381769,wenyan-like,156647,0.022496441042598965,0.02182614413298691,21.037211885587336,0,0
元朝,1094052,至正條格,至正條格/條格/卷二十五,至正條格,16,scrape_output\raw\元朝\至正條格\至正條格__juan_16.txt,scrape_output\clean\元朝\至正條格\至正條格__juan_16.txt,6970,6920,0,separate,0.1261629651381769,wenyan-like,156647,0.022496441042598965,0.02182614413298691,21.037211885587336,0,0
元朝,1094052,至正條格,至正條格/條格/卷二十六,至正條格,17,scrape_output\raw\元朝\至正條格\至正條格__juan_17.txt,scrape_output\clean\元朝\至正條格\至正條格__juan_17.txt,9234,9182,0,separate,0.1261629651381769,wenyan-like,156647,0.022496441042598965,0.02182614413298691,21.037211885587336,0,0
元朝,1094052,至正條格,至正條格/條格/卷二十七,至正條格,18,scrape_output\raw\元朝\至正條格\至正條格__juan_18.txt,scrape_output\clean\元朝\至正條格\至正條格__juan_18.txt,9663,9602,0,separate,0.1261629651381769,wenyan-like,156647,0.022496441042598965,0.02182614413298691,21.037211885587336,0,0
元朝,1094052,至正條格,至正條格/條格/卷二十八,至正條格,19,scrape_output\raw\元朝\至正條格\至正條格__juan_19.txt,scrape_output\clean\元朝\至正條格\至正條格__juan_19.txt,6099,6052,0,separate,0.1261629651381769,wenyan-like,156647,0.022496441042598965,0.02182614413298691,21.037211885587336,0,0
元朝,1094052,至正條格,至正條格/條格/卷二十九,至正條格,20,scrape_output\raw\元朝\至正條格\至正條格__juan_20.txt,scrape_output\clean\元朝\至正條格\至正條格__juan_20.txt,3659,3633,0,separate,0.1261629651381769,wenyan-like,156647,0.022496441042598965,0.02182614413298691,21.037211885587336,0,0
元朝,1094052,至正條格,至正條格/條格/卷三十,至正條格,21,scrape_output\raw\元朝\至正條格\至正條格__juan_21.txt,scrape_output\clean\元朝\至正條格\至正條格__juan_21.txt,6247,6204,0,separate,0.1261629651381769,wenyan-like,156647,0.022496441042598965,0.02182614413298691,21.037211885587336,0,0
元朝,1094052,至正條格,至正條格/條格/卷三十一,至正條格,22,scrape_output\raw\元朝\至正條格\至正條格__juan_22.txt,scrape_output\clean\元朝\至正條格\至正條格__juan_22.txt,2564,2539,0,separate,0.1261629651381769,wenyan-like,156647,0.022496441042598965,0.02182614413298691,21.037211885587336,0,0
元朝,1094052,至正條格,至正條格/條格/卷三十二,至正條格,23,scrape_output\raw\元朝\至正條格\至正條格__juan_23.txt,scrape_output\clean\元朝\至正條格\至正條格__juan_23.txt,1390,1380,0,separate,0.1261629651381769,wenyan-like,156647,0.022496441042598965,0.02182614413298691,21.037211885587336,0,0
元朝,1094052,至正條格,至正條格/條格/卷三十三,至正條格,24,scrape_output\raw\元朝\至正條格\至正條格__juan_24.txt,scrape_output\clean\元朝\至正條格\至正條格__juan_24.txt,7733,7677,0,separate,0.1261629651381769,wenyan-like,156647,0.022496441042598965,0.02182614413298691,21.037211885587336,0,0
元朝,1094052,至正條格,至正條格/條格/卷三十四,至正條格,25,scrape_output\raw\元朝\至正條格\至正條格__juan_25.txt,scrape_output\clean\元朝\至正條格\至正條格__juan_25.txt,8467,8405,0,separate,0.1261629651381769,wenyan-like,156647,0.022496441042598965,0.02182614413298691,21.037211885587336,0,0
元朝,1094052,至正條格,至正條格/序,至正條格,26,scrape_output\raw\元朝\至正條格\至正條格__juan_26.txt,scrape_output\clean\元朝\至正條格\至正條格__juan_26.txt,687,687,0,separate,0.1261629651381769,wenyan-like,156647,0.022496441042598965,0.02182614413298691,21.037211885587336,0,0
元朝,106429,至正直記,至正直記/1,至正直記,1,scrape_output\raw\元朝\至正直記\至正直記__juan_01.txt,scrape_output\clean\元朝\至正直記\至正直記__juan_01.txt,13966,13948,0,separate,0.3054335446803447,wenyan-like,58829,0.010539019871151982,0.09352530214690034,20.02237215909091,0,0
元朝,106429,至正直記,至正直記/2,至正直記,2,scrape_output\raw\元朝\至正直記\至正直記__juan_02.txt,scrape_output\clean\元朝\至正直記\至正直記__juan_02.txt,16672,16651,0,separate,0.3054335446803447,wenyan-like,58829,0.010539019871151982,0.09352530214690034,20.02237215909091,0,0
元朝,106429,至正直記,至正直記/3,至正直記,3,scrape_output\raw\元朝\至正直記\至正直記__juan_03.txt,scrape_output\clean\元朝\至正直記\至正直記__juan_03.txt,14846,14835,0,separate,0.3054335446803447,wenyan-like,58829,0.010539019871151982,0.09352530214690034,20.02237215909091,0,0
元朝,106429,至正直記,至正直記/4,至正直記,4,scrape_output\raw\元朝\至正直記\至正直記__juan_04.txt,scrape_output\clean\元朝\至正直記\至正直記__juan_04.txt,14760,14741,0,separate,0.3054335446803447,wenyan-like,58829,0.010539019871151982,0.09352530214690034,20.02237215909091,0,0
元朝,1132438,至盱眙,至盱眙,至盱眙,1,scrape_output\raw\元朝\至盱眙\至盱眙__juan_01.txt,scrape_output\clean\元朝\至盱眙\至盱眙__juan_01.txt,140,46,0,separate,-0.023255813953488372,unknown,43,0.023255813953488372,0.023255813953488372,10.0,0,1
元朝,106908,至順鎮江志,至順鎮江志/卷一,至順鎮江志,1,scrape_output\raw\元朝\至順鎮江志\至順鎮江志__juan_01.txt,scrape_output\clean\元朝\至順鎮江志\至順鎮江志__juan_01.txt,0,0,1,separate,0.0,unknown,0,0.0,0.0,0.0,0,1
元朝,106908,至順鎮江志,至順鎮江志/卷二,至順鎮江志,2,scrape_output\raw\元朝\至順鎮江志\至順鎮江志__juan_02.txt,scrape_output\clean\元朝\至順鎮江志\至順鎮江志__juan_02.txt,0,0,1,separate,0.0,unknown,0,0.0,0.0,0.0,0,1
元朝,106908,至順鎮江志,至順鎮江志/卷三,至順鎮江志,3,scrape_output\raw\元朝\至順鎮江志\至順鎮江志__juan_03.txt,scrape_output\clean\元朝\至順鎮江志\至順鎮江志__juan_03.txt,0,0,1,separate,0.0,unknown,0,0.0,0.0,0.0,0,1
元朝,106908,至順鎮江志,至順鎮江志/卷四,至順鎮江志,4,scrape_output\raw\元朝\至順鎮江志\至順鎮江志__juan_04.txt,scrape_output\clean\元朝\至順鎮江志\至順鎮江志__juan_04.txt,0,0,1,separate,0.0,unknown,0,0.0,0.0,0.0,0,1
元朝,106908,至順鎮江志,至順鎮江志/卷五,至順鎮江志,5,scrape_output\raw\元朝\至順鎮江志\至順鎮江志__juan_05.txt,scrape_output\clean\元朝\至順鎮江志\至順鎮江志__juan_05.txt,0,0,1,separate,0.0,unknown,0,0.0,0.0,0.0,0,1
元朝,106908,至順鎮江志,至順鎮江志/卷六,至順鎮江志,6,scrape_output\raw\元朝\至順鎮江志\至順鎮江志__juan_06.txt,scrape_output\clean\元朝\至順鎮江志\至順鎮江志__juan_06.txt,0,0,1,separate,0.0,unknown,0,0.0,0.0,0.0,0,1
元朝,106908,至順鎮江志,至順鎮江志/卷七,至順鎮江志,7,scrape_output\raw\元朝\至順鎮江志\至順鎮江志__juan_07.txt,scrape_output\clean\元朝\至順鎮江志\至順鎮江志__juan_07.txt,0,0,1,separate,0.0,unknown,0,0.0,0.0,0.0,0,1
元朝,106908,至順鎮江志,至順鎮江志/卷八,至順鎮江志,8,scrape_output\raw\元朝\至順鎮江志\至順鎮江志__juan_08.txt,scrape_output\clean\元朝\至順鎮江志\至順鎮江志__juan_08.txt,0,0,1,separate,0.0,unknown,0,0.0,0.0,0.0,0,1
元朝,106908,至順鎮江志,至順鎮江志/卷九,至順鎮江志,9,scrape_output\raw\元朝\至順鎮江志\至順鎮江志__juan_09.txt,scrape_output\clean\元朝\至順鎮江志\至順鎮江志__juan_09.txt,0,0,1,separate,0.0,unknown,0,0.0,0.0,0.0,0,1
元朝,106908,至順鎮江志,至順鎮江志/卷十,至順鎮江志,10,scrape_output\raw\元朝\至順鎮江志\至順鎮江志__juan_10.txt,scrape_output\clean\元朝\至順鎮江志\至順鎮江志__juan_10.txt,0,0,1,separate,0.0,unknown,0,0.0,0.0,0.0,0,1
元朝,106908,至順鎮江志,至順鎮江志/卷十一,至順鎮江志,11,scrape_output\raw\元朝\至順鎮江志\至順鎮江志__juan_11.txt,scrape_output\clean\元朝\至順鎮江志\至順鎮江志__juan_11.txt,0,0,1,separate,0.0,unknown,0,0.0,0.0,0.0,0,1
元朝,106908,至順鎮江志,至順鎮江志/卷十二,至順鎮江志,12,scrape_output\raw\元朝\至順鎮江志\至順鎮江志__juan_12.txt,scrape_output\clean\元朝\至順鎮江志\至順鎮江志__juan_12.txt,0,0,1,separate,0.0,unknown,0,0.0,0.0,0.0,0,1
元朝,106908,至順鎮江志,至順鎮江志/卷十三,至順鎮江志,13,scrape_output\raw\元朝\至順鎮江志\至順鎮江志__juan_13.txt,scrape_output\clean\元朝\至順鎮江志\至順鎮江志__juan_13.txt,0,0,1,separate,0.0,unknown,0,0.0,0.0,0.0,0,1
元朝,106908,至順鎮江志,至順鎮江志/卷十四,至順鎮江志,14,scrape_output\raw\元朝\至順鎮江志\至順鎮江志__juan_14.txt,scrape_output\clean\元朝\至順鎮江志\至順鎮江志__juan_14.txt,0,0,1,separate,0.0,unknown,0,0.0,0.0,0.0,0,1
元朝,106908,至順鎮江志,至順鎮江志/卷十五,至順鎮江志,15,scrape_output\raw\元朝\至順鎮江志\至順鎮江志__juan_15.txt,scrape_output\clean\元朝\至順鎮江志\至順鎮江志__juan_15.txt,0,0,1,separate,0.0,unknown,0,0.0,0.0,0.0,0,1
元朝,106908,至順鎮江志,至順鎮江志/卷十六,至順鎮江志,16,scrape_output\raw\元朝\至順鎮江志\至順鎮江志__juan_16.txt,scrape_output\clean\元朝\至順鎮江志\至順鎮江志__juan_16.txt,0,0,1,separate,0.0,unknown,0,0.0,0.0,0.0,0,1
元朝,106908,至順鎮江志,至順鎮江志/卷十七,至順鎮江志,17,scrape_output\raw\元朝\至順鎮江志\至順鎮江志__juan_17.txt,scrape_output\clean\元朝\至順鎮江志\至順鎮江志__juan_17.txt,0,0,1,separate,0.0,unknown,0,0.0,0.0,0.0,0,1
元朝,106908,至順鎮江志,至順鎮江志/卷十八,至順鎮江志,18,scrape_output\raw\元朝\至順鎮江志\至順鎮江志__juan_18.txt,scrape_output\clean\元朝\至順鎮江志\至順鎮江志__juan_18.txt,0,0,1,separate,0.0,unknown,0,0.0,0.0,0.0,0,1
元朝,106908,至順鎮江志,至順鎮江志/卷十九,至順鎮江志,19,scrape_output\raw\元朝\至順鎮江志\至順鎮江志__juan_19.txt,scrape_output\clean\元朝\至順鎮江志\至順鎮江志__juan_19.txt,0,0,1,separate,0.0,unknown,0,0.0,0.0,0.0,0,1
元朝,106908,至順鎮江志,至順鎮江志/卷二十,至順鎮江志,20,scrape_output\raw\元朝\至順鎮江志\至順鎮江志__juan_20.txt,scrape_output\clean\元朝\至順鎮江志\至順鎮江志__juan_20.txt,0,0,1,separate,0.0,unknown,0,0.0,0.0,0.0,0,1
元朝,106908,至順鎮江志,至順鎮江志/卷二十一,至順鎮江志,21,scrape_output\raw\元朝\至順鎮江志\至順鎮江志__juan_21.txt,scrape_output\clean\元朝\至順鎮江志\至順鎮江志__juan_21.txt,0,0,1,separate,0.0,unknown,0,0.0,0.0,0.0,0,1
元朝,1179467,臺山懷古,臺山懷古,臺山懷古,1,scrape_output\raw\元朝\臺山懷古\臺山懷古__juan_01.txt,scrape_output\clean\元朝\臺山懷古\臺山懷古__juan_01.txt,149,105,0,separate,0.010526315789473682,unknown,95,0.010526315789473684,0.021052631578947368,12.857142857142858,0,1
元朝,195713,與層山丘民則,與層山丘民則,與層山丘民則,1,scrape_output\raw\元朝\與層山丘民則\與層山丘民則__juan_01.txt,scrape_output\clean\元朝\與層山丘民則\與層山丘民則__juan_01.txt,353,261,0,separate,0.2496168582375479,wenyan-like,261,0.01532567049808429,0.07279693486590039,20.75,0,0
元朝,165537,興文署新刊資治通鑑序,興文署新刊資治通鑑序,興文署新刊資治通鑑序,1,scrape_output\raw\元朝\興文署新刊資治通鑑序\興文署新刊資治通鑑序__juan_01.txt,scrape_output\clean\元朝\興文署新刊資治通鑑序\興文署新刊資治通鑑序__juan_01.txt,695,603,0,separate,0.5117647058823529,wenyan-like,595,0.0033613445378151263,0.11092436974789915,34.0,0,0
元朝,1179233,舟中題畫卷,舟中題畫卷,舟中題畫卷,1,scrape_output\raw\元朝\舟中題畫卷\舟中題畫卷__juan_01.txt,scrape_output\clean\元朝\舟中題畫卷\舟中題畫卷__juan_01.txt,109,65,0,separate,0.03389830508474576,unknown,59,0.0,0.01694915254237288,11.2,0,1
元朝,766394,舟過吳門感懷,舟過吳門感懷,舟過吳門感懷,1,scrape_output\raw\元朝\舟過吳門感懷\舟過吳門感懷__juan_01.txt,scrape_output\clean\元朝\舟過吳門感懷\舟過吳門感懷__juan_01.txt,221,177,0,separate,0.012578616352201259,unknown,159,0.0,0.006289308176100629,13.636363636363637,0,1
元朝,886132,芍葯煮,芍葯煮,芍葯煮,1,scrape_output\raw\元朝\芍葯煮\芍葯煮__juan_01.txt,scrape_output\clean\元朝\芍葯煮\芍葯煮__juan_01.txt,149,105,0,separate,0.042105263157894736,unknown,95,0.0,0.021052631578947368,12.857142857142858,0,1
元朝,886459,芍藥 (耶律鑄),芍藥 (耶律鑄),芍藥 (耶律鑄),1,scrape_output\raw\元朝\芍藥 (耶律鑄)\芍藥 (耶律鑄)__juan_01.txt,scrape_output\clean\元朝\芍藥 (耶律鑄)\芍藥 (耶律鑄)__juan_01.txt,180,136,0,separate,0.07936507936507936,unknown,126,0.0,0.03968253968253968,12.0,0,1
元朝,1179578,芙蓉曲兼善狀元御史,芙蓉曲兼善狀元御史,芙蓉曲兼善狀元御史,1,scrape_output\raw\元朝\芙蓉曲兼善狀元御史\芙蓉曲兼善狀元御史__juan_01.txt,scrape_output\clean\元朝\芙蓉曲兼善狀元御史\芙蓉曲兼善狀元御史__juan_01.txt,149,105,0,separate,0.021052631578947368,unknown,95,0.0,0.010526315789473684,12.857142857142858,0,1
元朝,886802,花史序釋,花史序釋,花史序釋,1,scrape_output\raw\元朝\花史序釋\花史序釋__juan_01.txt,scrape_output\clean\元朝\花史序釋\花史序釋__juan_01.txt,2661,2562,0,separate,0.22883986928104574,wenyan-like,2448,0.0053104575163398695,0.04738562091503268,17.94814814814815,0,0
元朝,317472,若人,若人,若人,1,scrape_output\raw\元朝\若人\若人__juan_01.txt,scrape_output\clean\元朝\若人\若人__juan_01.txt,149,105,0,separate,0.031578947368421054,unknown,95,0.010526315789473684,0.031578947368421054,12.857142857142858,0,1
元朝,768921,苦寒作,苦寒作,苦寒作,1,scrape_output\raw\元朝\苦寒作\苦寒作__juan_01.txt,scrape_output\clean\元朝\苦寒作\苦寒作__juan_01.txt,244,200,0,separate,0.016853932584269662,unknown,178,0.0056179775280898875,0.016853932584269662,12.923076923076923,0,1
元朝,885346,苦旱嘆,苦旱嘆,苦旱嘆,1,scrape_output\raw\元朝\苦旱嘆\苦旱嘆__juan_01.txt,scrape_output\clean\元朝\苦旱嘆\苦旱嘆__juan_01.txt,149,105,0,separate,0.010526315789473682,unknown,95,0.010526315789473684,0.021052631578947368,12.857142857142858,0,1
元朝,1179252,苦雨水溢呈憲司諸公,苦雨水溢呈憲司諸公,苦雨水溢呈憲司諸公,1,scrape_output\raw\元朝\苦雨水溢呈憲司諸公\苦雨水溢呈憲司諸公__juan_01.txt,scrape_output\clean\元朝\苦雨水溢呈憲司諸公\苦雨水溢呈憲司諸公__juan_01.txt,133,89,0,separate,0.02531645569620253,unknown,79,0.0,0.012658227848101266,10.571428571428571,0,1
元朝,1179288,范僉事幽居,范僉事幽居,范僉事幽居,1,scrape_output\raw\元朝\范僉事幽居\范僉事幽居__juan_01.txt,scrape_output\clean\元朝\范僉事幽居\范僉事幽居__juan_01.txt,133,89,0,separate,-0.012658227848101267,unknown,79,0.012658227848101266,0.012658227848101266,10.571428571428571,0,1
元朝,345300,茅山志,茅山志/01,茅山志,1,scrape_output\raw\元朝\茅山志\茅山志__juan_01.txt,scrape_output\clean\元朝\茅山志\茅山志__juan_01.txt,4362,4362,0,separate,0.20655457197338012,wenyan-like,158378,0.009262650115546351,0.0421712611600096,17.777725619058796,0,0
元朝,345300,茅山志,茅山志/02,茅山志,2,scrape_output\raw\元朝\茅山志\茅山志__juan_02.txt,scrape_output\clean\元朝\茅山志\茅山志__juan_02.txt,6878,6870,0,separate,0.20655457197338012,wenyan-like,158378,0.009262650115546351,0.0421712611600096,17.777725619058796,0,0
元朝,345300,茅山志,茅山志/03,茅山志,3,scrape_output\raw\元朝\茅山志\茅山志__juan_03.txt,scrape_output\clean\元朝\茅山志\茅山志__juan_03.txt,8541,8538,0,separate,0.20655457197338012,wenyan-like,158378,0.009262650115546351,0.0421712611600096,17.777725619058796,0,0
元朝,345300,茅山志,茅山志/04,茅山志,4,scrape_output\raw\元朝\茅山志\茅山志__juan_04.txt,scrape_output\clean\元朝\茅山志\茅山志__juan_04.txt,7460,7456,0,separate,0.20655457197338012,wenyan-like,158378,0.009262650115546351,0.0421712611600096,17.777725619058796,0,0
元朝,345300,茅山志,茅山志/05,茅山志,5,scrape_output\raw\元朝\茅山志\茅山志__juan_05.txt,scrape_output\clean\元朝\茅山志\茅山志__juan_05.txt,7000,6996,0,separate,0.20655457197338012,wenyan-like,158378,0.009262650115546351,0.0421712611600096,17.777725619058796,0,0
元朝,345300,茅山志,茅山志/06,茅山志,6,scrape_output\raw\元朝\茅山志\茅山志__juan_06.txt,scrape_output\clean\元朝\茅山志\茅山志__juan_06.txt,5080,5079,0,separate,0.20655457197338012,wenyan-like,158378,0.009262650115546351,0.0421712611600096,17.777725619058796,0,0
元朝,345300,茅山志,茅山志/07,茅山志,7,scrape_output\raw\元朝\茅山志\茅山志__juan_07.txt,scrape_output\clean\元朝\茅山志\茅山志__juan_07.txt,2108,2106,0,separate,0.20655457197338012,wenyan-like,158378,0.009262650115546351,0.0421712611600096,17.777725619058796,0,0
元朝,345300,茅山志,茅山志/08,茅山志,8,scrape_output\raw\元朝\茅山志\茅山志__juan_08.txt,scrape_output\clean\元朝\茅山志\茅山志__juan_08.txt,2305,2303,0,separate,0.20655457197338012,wenyan-like,158378,0.009262650115546351,0.0421712611600096,17.777725619058796,0,0
元朝,345300,茅山志,茅山志/09,茅山志,9,scrape_output\raw\元朝\茅山志\茅山志__juan_09.txt,scrape_output\clean\元朝\茅山志\茅山志__juan_09.txt,3243,3242,0,separate,0.20655457197338012,wenyan-like,158378,0.009262650115546351,0.0421712611600096,17.777725619058796,0,0
元朝,345300,茅山志,茅山志/10,茅山志,10,scrape_output\raw\元朝\茅山志\茅山志__juan_10.txt,scrape_output\clean\元朝\茅山志\茅山志__juan_10.txt,5774,5766,0,separate,0.20655457197338012,wenyan-like,158378,0.009262650115546351,0.0421712611600096,17.777725619058796,0,0
元朝,345300,茅山志,茅山志/11,茅山志,11,scrape_output\raw\元朝\茅山志\茅山志__juan_11.txt,scrape_output\clean\元朝\茅山志\茅山志__juan_11.txt,5440,5438,0,separate,0.20655457197338012,wenyan-like,158378,0.009262650115546351,0.0421712611600096,17.777725619058796,0,0
元朝,345300,茅山志,茅山志/12,茅山志,12,scrape_output\raw\元朝\茅山志\茅山志__juan_12.txt,scrape_output\clean\元朝\茅山志\茅山志__juan_12.txt,4892,4890,0,separate,0.20655457197338012,wenyan-like,158378,0.009262650115546351,0.0421712611600096,17.777725619058796,0,0
元朝,345300,茅山志,茅山志/13,茅山志,13,scrape_output\raw\元朝\茅山志\茅山志__juan_13.txt,scrape_output\clean\元朝\茅山志\茅山志__juan_13.txt,3199,3196,0,separate,0.20655457197338012,wenyan-like,158378,0.009262650115546351,0.0421712611600096,17.777725619058796,0,0
元朝,345300,茅山志,茅山志/14,茅山志,14,scrape_output\raw\元朝\茅山志\茅山志__juan_14.txt,scrape_output\clean\元朝\茅山志\茅山志__juan_14.txt,2977,2977,0,separate,0.20655457197338012,wenyan-like,158378,0.009262650115546351,0.0421712611600096,17.777725619058796,0,0
元朝,345300,茅山志,茅山志/15,茅山志,15,scrape_output\raw\元朝\茅山志\茅山志__juan_15.txt,scrape_output\clean\元朝\茅山志\茅山志__juan_15.txt,3802,3799,0,separate,0.20655457197338012,wenyan-like,158378,0.009262650115546351,0.0421712611600096,17.777725619058796,0,0
元朝,345300,茅山志,茅山志/16,茅山志,16,scrape_output\raw\元朝\茅山志\茅山志__juan_16.txt,scrape_output\clean\元朝\茅山志\茅山志__juan_16.txt,4151,4150,0,separate,0.20655457197338012,wenyan-like,158378,0.009262650115546351,0.0421712611600096,17.777725619058796,0,0
元朝,345300,茅山志,茅山志/17,茅山志,17,scrape_output\raw\元朝\茅山志\茅山志__juan_17.txt,scrape_output\clean\元朝\茅山志\茅山志__juan_17.txt,3035,3034,0,separate,0.20655457197338012,wenyan-like,158378,0.009262650115546351,0.0421712611600096,17.777725619058796,0,0
元朝,345300,茅山志,茅山志/18,茅山志,18,scrape_output\raw\元朝\茅山志\茅山志__juan_18.txt,scrape_output\clean\元朝\茅山志\茅山志__juan_18.txt,1882,1882,0,separate,0.20655457197338012,wenyan-like,158378,0.009262650115546351,0.0421712611600096,17.777725619058796,0,0
元朝,345300,茅山志,茅山志/19,茅山志,19,scrape_output\raw\元朝\茅山志\茅山志__juan_19.txt,scrape_output\clean\元朝\茅山志\茅山志__juan_19.txt,1545,1543,0,separate,0.20655457197338012,wenyan-like,158378,0.009262650115546351,0.0421712611600096,17.777725619058796,0,0
元朝,345300,茅山志,茅山志/20,茅山志,20,scrape_output\raw\元朝\茅山志\茅山志__juan_20.txt,scrape_output\clean\元朝\茅山志\茅山志__juan_20.txt,4866,4865,0,separate,0.20655457197338012,wenyan-like,158378,0.009262650115546351,0.0421712611600096,17.777725619058796,0,0
元朝,345300,茅山志,茅山志/21,茅山志,21,scrape_output\raw\元朝\茅山志\茅山志__juan_21.txt,scrape_output\clean\元朝\茅山志\茅山志__juan_21.txt,3986,3985,0,separate,0.20655457197338012,wenyan-like,158378,0.009262650115546351,0.0421712611600096,17.777725619058796,0,0
元朝,345300,茅山志,茅山志/22,茅山志,22,scrape_output\raw\元朝\茅山志\茅山志__juan_22.txt,scrape_output\clean\元朝\茅山志\茅山志__juan_22.txt,7826,7777,0,separate,0.20655457197338012,wenyan-like,158378,0.009262650115546351,0.0421712611600096,17.777725619058796,0,0
元朝,345300,茅山志,茅山志/23,茅山志,23,scrape_output\raw\元朝\茅山志\茅山志__juan_23.txt,scrape_output\clean\元朝\茅山志\茅山志__juan_23.txt,6566,6565,0,separate,0.20655457197338012,wenyan-like,158378,0.009262650115546351,0.0421712611600096,17.777725619058796,0,0
元朝,345300,茅山志,茅山志/24,茅山志,24,scrape_output\raw\元朝\茅山志\茅山志__juan_24.txt,scrape_output\clean\元朝\茅山志\茅山志__juan_24.txt,7598,7596,0,separate,0.20655457197338012,wenyan-like,158378,0.009262650115546351,0.0421712611600096,17.777725619058796,0,0
元朝,345300,茅山志,茅山志/25,茅山志,25,scrape_output\raw\元朝\茅山志\茅山志__juan_25.txt,scrape_output\clean\元朝\茅山志\茅山志__juan_25.txt,8858,8854,0,separate,0.20655457197338012,wenyan-like,158378,0.009262650115546351,0.0421712611600096,17.777725619058796,0,0
元朝,345300,茅山志,茅山志/26,茅山志,26,scrape_output\raw\元朝\茅山志\茅山志__juan_26.txt,scrape_output\clean\元朝\茅山志\茅山志__juan_26.txt,11082,11061,0,separate,0.20655457197338012,wenyan-like,158378,0.009262650115546351,0.0421712611600096,17.777725619058796,0,0
元朝,345300,茅山志,茅山志/27,茅山志,27,scrape_output\raw\元朝\茅山志\茅山志__juan_27.txt,scrape_output\clean\元朝\茅山志\茅山志__juan_27.txt,3659,3657,0,separate,0.20655457197338012,wenyan-like,158378,0.009262650115546351,0.0421712611600096,17.777725619058796,0,0
元朝,345300,茅山志,茅山志/28,茅山志,28,scrape_output\raw\元朝\茅山志\茅山志__juan_28.txt,scrape_output\clean\元朝\茅山志\茅山志__juan_28.txt,9569,9559,0,separate,0.20655457197338012,wenyan-like,158378,0.009262650115546351,0.0421712611600096,17.777725619058796,0,0
元朝,345300,茅山志,茅山志/29,茅山志,29,scrape_output\raw\元朝\茅山志\茅山志__juan_29.txt,scrape_output\clean\元朝\茅山志\茅山志__juan_29.txt,4095,4093,0,separate,0.20655457197338012,wenyan-like,158378,0.009262650115546351,0.0421712611600096,17.777725619058796,0,0
元朝,345300,茅山志,茅山志/30,茅山志,30,scrape_output\raw\元朝\茅山志\茅山志__juan_30.txt,scrape_output\clean\元朝\茅山志\茅山志__juan_30.txt,2675,2675,0,separate,0.20655457197338012,wenyan-like,158378,0.009262650115546351,0.0421712611600096,17.777725619058796,0,0
元朝,345300,茅山志,茅山志/31,茅山志,31,scrape_output\raw\元朝\茅山志\茅山志__juan_31.txt,scrape_output\clean\元朝\茅山志\茅山志__juan_31.txt,3426,3424,0,separate,0.20655457197338012,wenyan-like,158378,0.009262650115546351,0.0421712611600096,17.777725619058796,0,0
元朝,345300,茅山志,茅山志/32,茅山志,32,scrape_output\raw\元朝\茅山志\茅山志__juan_32.txt,scrape_output\clean\元朝\茅山志\茅山志__juan_32.txt,3407,3405,0,separate,0.20655457197338012,wenyan-like,158378,0.009262650115546351,0.0421712611600096,17.777725619058796,0,0
元朝,345300,茅山志,茅山志/33,茅山志,33,scrape_output\raw\元朝\茅山志\茅山志__juan_33.txt,scrape_output\clean\元朝\茅山志\茅山志__juan_33.txt,2849,2849,0,separate,0.20655457197338012,wenyan-like,158378,0.009262650115546351,0.0421712611600096,17.777725619058796,0,0
元朝,1179371,茅山玄洲精舍有道士號紫軒，又號木通生，白日坐觧，遺書其徒許道民者，至今坐墻尚存，為題其卷,茅山玄洲精舍有道士號紫軒，又號木通生，白日坐觧，遺書其徒許道民者，至今坐墻尚存，為題其卷,茅山玄洲精舍有道士號紫軒，又號木通生，白日坐觧，遺書其徒許道民者，至今坐墻尚存，為題其卷,1,scrape_output\raw\元朝\茅山玄洲精舍有道士號紫軒，又號木通生，白日坐觧，遺書其徒許道民者，至今坐墻尚存，為題其卷\茅山玄洲精舍有道士號紫軒，又號木通生，白日坐觧，遺書其徒許道民者，至今坐墻尚存，為題其卷__juan_01.txt,scrape_output\clean\元朝\茅山玄洲精舍有道士號紫軒，又號木通生，白日坐觧，遺書其徒許道民者，至今坐墻尚存，為題其卷\茅山玄洲精舍有道士號紫軒，又號木通生，白日坐觧，遺書其徒許道民者，至今坐墻尚存，為題其卷__juan_01.txt,113,69,0,separate,0.047619047619047616,unknown,63,0.015873015873015872,0.047619047619047616,12.0,0,1
元朝,1179667,茞鞋,茞鞋,茞鞋,1,scrape_output\raw\元朝\茞鞋\茞鞋__juan_01.txt,scrape_output\clean\元朝\茞鞋\茞鞋__juan_01.txt,177,133,0,separate,0.01680672268907563,unknown,119,0.0,0.008403361344537815,12.555555555555555,0,1
元朝,886601,茶後偶題,茶後偶題,茶後偶題,1,scrape_output\raw\元朝\茶後偶題\茶後偶題__juan_01.txt,scrape_output\clean\元朝\茶後偶題\茶後偶題__juan_01.txt,113,69,0,separate,0.031746031746031744,unknown,63,0.0,0.015873015873015872,12.0,0,1
元朝,885641,荅座客,荅座客,荅座客,1,scrape_output\raw\元朝\荅座客\荅座客__juan_01.txt,scrape_output\clean\元朝\荅座客\荅座客__juan_01.txt,133,89,0,separate,0.012820512820512817,unknown,78,0.01282051282051282,0.02564102564102564,10.428571428571429,0,1
元朝,765186,華亭胥浦義塚記,華亭胥浦義塚記,華亭胥浦義塚記,1,scrape_output\raw\元朝\華亭胥浦義塚記\華亭胥浦義塚記__juan_01.txt,scrape_output\clean\元朝\華亭胥浦義塚記\華亭胥浦義塚記__juan_01.txt,522,478,0,separate,0.3840425531914894,wenyan-like,470,0.02127659574468085,0.14893617021276595,19.52173913043478,0,0
元朝,1179573,華清曲題楊妃病齒,華清曲題楊妃病齒,華清曲題楊妃病齒,1,scrape_output\raw\元朝\華清曲題楊妃病齒\華清曲題楊妃病齒__juan_01.txt,scrape_output\clean\元朝\華清曲題楊妃病齒\華清曲題楊妃病齒__juan_01.txt,347,303,0,separate,0.01107011070110701,wenyan-like,271,0.0036900369003690036,0.01107011070110701,14.166666666666666,0,0
元朝,1131406,萬戶張矦孝思之碑,萬戶張矦孝思之碑,萬戶張矦孝思之碑,1,scrape_output\raw\元朝\萬戶張矦孝思之碑\萬戶張矦孝思之碑__juan_01.txt,scrape_output\clean\元朝\萬戶張矦孝思之碑\萬戶張矦孝思之碑__juan_01.txt,1752,1695,0,separate,0.302258064516129,wenyan-like,1550,0.005161290322580645,0.08387096774193549,18.804878048780488,0,0
元朝,112939,萬柳溪邊舊話,萬柳溪邊舊話,萬柳溪邊舊話,1,scrape_output\raw\元朝\萬柳溪邊舊話\萬柳溪邊舊話__juan_01.txt,scrape_output\clean\元朝\萬柳溪邊舊話\萬柳溪邊舊話__juan_01.txt,7905,7788,0,separate,0.07305566787976817,wenyan-like,7419,0.007009030866693624,0.04704138023992452,12.60353982300885,0,0
元朝,886100,落梅分得香字,落梅分得香字,落梅分得香字,1,scrape_output\raw\元朝\落梅分得香字\落梅分得香字__juan_01.txt,scrape_output\clean\元朝\落梅分得香字\落梅分得香字__juan_01.txt,149,105,0,separate,-0.02105263157894737,unknown,95,0.021052631578947368,0.021052631578947368,12.857142857142858,0,1
元朝,886243,落花 (不堪三月尾),落花 (不堪三月尾),落花 (不堪三月尾),1,scrape_output\raw\元朝\落花 (不堪三月尾)\落花 (不堪三月尾)__juan_01.txt,scrape_output\clean\元朝\落花 (不堪三月尾)\落花 (不堪三月尾)__juan_01.txt,105,61,0,separate,-0.01818181818181818,unknown,55,0.01818181818181818,0.01818181818181818,10.4,0,1
元朝,886467,落花 (瘦緑癡肥怨影濃),落花 (瘦緑癡肥怨影濃),落花 (瘦緑癡肥怨影濃),1,scrape_output\raw\元朝\落花 (瘦緑癡肥怨影濃)\落花 (瘦緑癡肥怨影濃)__juan_01.txt,scrape_output\clean\元朝\落花 (瘦緑癡肥怨影濃)\落花 (瘦緑癡肥怨影濃)__juan_01.txt,113,69,0,separate,0.06349206349206349,unknown,63,0.0,0.031746031746031744,12.0,0,1
元朝,886511,落花 (耶律鑄),落花 (耶律鑄),落花 (耶律鑄),1,scrape_output\raw\元朝\落花 (耶律鑄)\落花 (耶律鑄)__juan_01.txt,scrape_output\clean\元朝\落花 (耶律鑄)\落花 (耶律鑄)__juan_01.txt,149,105,0,separate,0.010989010989010992,unknown,91,0.01098901098901099,0.02197802197802198,9.555555555555555,0,1
元朝,141185,葆光集,葆光集,葆光集,1,scrape_output\raw\元朝\葆光集\葆光集__juan_01.txt,scrape_output\clean\元朝\葆光集\葆光集__juan_01.txt,27340,27294,0,separate,0.009534024550113214,wenyan-like,25173,0.014459937234338378,0.026456918126564175,11.359382537385432,0,0
元朝,765268,著存精舍記,著存精舍記,著存精舍記,1,scrape_output\raw\元朝\著存精舍記\著存精舍記__juan_01.txt,scrape_output\clean\元朝\著存精舍記\著存精舍記__juan_01.txt,544,500,0,separate,0.3581632653061224,wenyan-like,490,0.00816326530612245,0.11632653061224489,19.541666666666668,0,0
元朝,600979,蒲城薛玄微之 (奔走紅塵二十年),蒲城薛玄微之 (奔走紅塵二十年),蒲城薛玄微之 (奔走紅塵二十年),1,scrape_output\raw\元朝\蒲城薛玄微之 (奔走紅塵二十年)\蒲城薛玄微之 (奔走紅塵二十年)__juan_01.txt,scrape_output\clean\元朝\蒲城薛玄微之 (奔走紅塵二十年)\蒲城薛玄微之 (奔走紅塵二十年)__juan_01.txt,151,107,0,separate,0.041237113402061855,unknown,97,0.0,0.020618556701030927,13.142857142857142,0,1
元朝,600980,蒲城薛玄微之 (故山泉石穩棲遲),蒲城薛玄微之 (故山泉石穩棲遲),蒲城薛玄微之 (故山泉石穩棲遲),1,scrape_output\raw\元朝\蒲城薛玄微之 (故山泉石穩棲遲)\蒲城薛玄微之 (故山泉石穩棲遲)__juan_01.txt,scrape_output\clean\元朝\蒲城薛玄微之 (故山泉石穩棲遲)\蒲城薛玄微之 (故山泉石穩棲遲)__juan_01.txt,149,105,0,separate,-0.052631578947368425,unknown,95,0.031578947368421054,0.021052631578947368,12.857142857142858,0,1
元朝,600978,蒲城薛玄微之 (肯構茅堂養道真),蒲城薛玄微之 (肯構茅堂養道真),蒲城薛玄微之 (肯構茅堂養道真),1,scrape_output\raw\元朝\蒲城薛玄微之 (肯構茅堂養道真)\蒲城薛玄微之 (肯構茅堂養道真)__juan_01.txt,scrape_output\clean\元朝\蒲城薛玄微之 (肯構茅堂養道真)\蒲城薛玄微之 (肯構茅堂養道真)__juan_01.txt,151,107,0,separate,-0.010309278350515465,unknown,97,0.010309278350515464,0.010309278350515464,13.142857142857142,0,1
元朝,1179629,蒲萄酒美鰣魚味肥賦蒲萄歌,蒲萄酒美鰣魚味肥賦蒲萄歌,蒲萄酒美鰣魚味肥賦蒲萄歌,1,scrape_output\raw\元朝\蒲萄酒美鰣魚味肥賦蒲萄歌\蒲萄酒美鰣魚味肥賦蒲萄歌__juan_01.txt,scrape_output\clean\元朝\蒲萄酒美鰣魚味肥賦蒲萄歌\蒲萄酒美鰣魚味肥賦蒲萄歌__juan_01.txt,185,141,0,separate,0.007874015748031496,unknown,127,0.007874015748031496,0.015748031496062992,13.333333333333334,0,1
元朝,195711,蒼厓序,蒼厓序,蒼厓序,1,scrape_output\raw\元朝\蒼厓序\蒼厓序__juan_01.txt,scrape_output\clean\元朝\蒼厓序\蒼厓序__juan_01.txt,452,360,0,separate,0.5472222222222222,wenyan-like,360,0.002777777777777778,0.12777777777777777,26.692307692307693,0,0
元朝,886055,蒼官臺,蒼官臺,蒼官臺,1,scrape_output\raw\元朝\蒼官臺\蒼官臺__juan_01.txt,scrape_output\clean\元朝\蒼官臺\蒼官臺__juan_01.txt,149,105,0,separate,0.021052631578947368,unknown,95,0.0,0.010526315789473684,12.857142857142858,0,1
元朝,886356,蒼官臺 (層臺重到記登臨),蒼官臺 (層臺重到記登臨),蒼官臺 (層臺重到記登臨),1,scrape_output\raw\元朝\蒼官臺 (層臺重到記登臨)\蒼官臺 (層臺重到記登臨)__juan_01.txt,scrape_output\clean\元朝\蒼官臺 (層臺重到記登臨)\蒼官臺 (層臺重到記登臨)__juan_01.txt,113,69,0,separate,0.031746031746031744,unknown,63,0.0,0.015873015873015872,12.0,0,1
元朝,765335,蒼筠亭記,蒼筠亭記,蒼筠亭記,1,scrape_output\raw\元朝\蒼筠亭記\蒼筠亭記__juan_01.txt,scrape_output\clean\元朝\蒼筠亭記\蒼筠亭記__juan_01.txt,592,548,0,separate,0.44259259259259254,wenyan-like,540,0.0,0.14629629629629629,22.608695652173914,0,0
元朝,317451,蓄川,蓄川,蓄川,1,scrape_output\raw\元朝\蓄川\蓄川__juan_01.txt,scrape_output\clean\元朝\蓄川\蓄川__juan_01.txt,173,129,0,separate,0.036036036036036036,unknown,111,0.0,0.018018018018018018,9.272727272727273,0,1
元朝,1179576,蕊珠宮,蕊珠宮,蕊珠宮,1,scrape_output\raw\元朝\蕊珠宮\蕊珠宮__juan_01.txt,scrape_output\clean\元朝\蕊珠宮\蕊珠宮__juan_01.txt,293,249,0,separate,0.004484304932735425,wenyan-like,223,0.004484304932735426,0.008968609865470852,14.0,0,0
元朝,886291,蕩子,蕩子,蕩子,1,scrape_output\raw\元朝\蕩子\蕩子__juan_01.txt,scrape_output\clean\元朝\蕩子\蕩子__juan_01.txt,105,61,0,separate,-0.07272727272727272,unknown,55,0.03636363636363636,0.01818181818181818,10.4,0,1
元朝,886137,薦福山寺殿前牡丹,薦福山寺殿前牡丹,薦福山寺殿前牡丹,1,scrape_output\raw\元朝\薦福山寺殿前牡丹\薦福山寺殿前牡丹__juan_01.txt,scrape_output\clean\元朝\薦福山寺殿前牡丹\薦福山寺殿前牡丹__juan_01.txt,190,142,0,separate,-0.0546875,unknown,128,0.0234375,0.0078125,13.666666666666666,0,1
元朝,114434,薩都剌集,薩都剌集,薩都剌集,1,scrape_output\raw\元朝\薩都剌集\薩都剌集__juan_01.txt,scrape_output\clean\元朝\薩都剌集\薩都剌集__juan_01.txt,20518,18788,0,separate,5.559570801134256e-05,wenyan-like,17987,0.006838272085395007,0.010285205982098183,13.416333066453163,0,0
元朝,885634,蘅薄,蘅薄,蘅薄,1,scrape_output\raw\元朝\蘅薄\蘅薄__juan_01.txt,scrape_output\clean\元朝\蘅薄\蘅薄__juan_01.txt,133,89,0,separate,0.02531645569620253,unknown,79,0.0,0.012658227848101266,10.571428571428571,0,1
元朝,886388,蘅薄 (莫驚蘅薄是流芳),蘅薄 (莫驚蘅薄是流芳),蘅薄 (莫驚蘅薄是流芳),1,scrape_output\raw\元朝\蘅薄 (莫驚蘅薄是流芳)\蘅薄 (莫驚蘅薄是流芳)__juan_01.txt,scrape_output\clean\元朝\蘅薄 (莫驚蘅薄是流芳)\蘅薄 (莫驚蘅薄是流芳)__juan_01.txt,138,94,0,separate,0.11627906976744186,unknown,86,0.0,0.05813953488372093,13.666666666666666,0,1
元朝,200752,蘇幕遮,蘇幕遮·行化,蘇幕遮,1,scrape_output\raw\元朝\蘇幕遮\蘇幕遮__juan_01.txt,scrape_output\clean\元朝\蘇幕遮\蘇幕遮__juan_01.txt,613,125,0,separate,-0.018691588785046724,unknown,107,0.018691588785046728,0.018691588785046728,8.909090909090908,0,1
元朝,1179390,蘭溪舟中,蘭溪舟中,蘭溪舟中,1,scrape_output\raw\元朝\蘭溪舟中\蘭溪舟中__juan_01.txt,scrape_output\clean\元朝\蘭溪舟中\蘭溪舟中__juan_01.txt,113,69,0,separate,-0.015873015873015872,unknown,63,0.015873015873015872,0.015873015873015872,12.0,0,1
元朝,886045,蘭畹見和鄙語無塵亭復用元韻,蘭畹見和鄙語無塵亭復用元韻,蘭畹見和鄙語無塵亭復用元韻,1,scrape_output\raw\元朝\蘭畹見和鄙語無塵亭復用元韻\蘭畹見和鄙語無塵亭復用元韻__juan_01.txt,scrape_output\clean\元朝\蘭畹見和鄙語無塵亭復用元韻\蘭畹見和鄙語無塵亭復用元韻__juan_01.txt,149,105,0,separate,0.021052631578947368,unknown,95,0.0,0.010526315789473684,12.857142857142858,0,1
元朝,1179577,蘭皋曲,蘭皋曲,蘭皋曲,1,scrape_output\raw\元朝\蘭皋曲\蘭皋曲__juan_01.txt,scrape_output\clean\元朝\蘭皋曲\蘭皋曲__juan_01.txt,167,123,0,separate,0.018018018018018018,unknown,111,0.0,0.009009009009009009,13.125,0,1
元朝,886579,蛙吹,蛙吹,蛙吹,1,scrape_output\raw\元朝\蛙吹\蛙吹__juan_01.txt,scrape_output\clean\元朝\蛙吹\蛙吹__juan_01.txt,185,139,0,separate,0.06201550387596899,unknown,129,0.0,0.031007751937984496,12.2,0,1
元朝,1179607,蛾眉雲謝照磨李伯貞遺白石,蛾眉雲謝照磨李伯貞遺白石,蛾眉雲謝照磨李伯貞遺白石,1,scrape_output\raw\元朝\蛾眉雲謝照磨李伯貞遺白石\蛾眉雲謝照磨李伯貞遺白石__juan_01.txt,scrape_output\clean\元朝\蛾眉雲謝照磨李伯貞遺白石\蛾眉雲謝照磨李伯貞遺白石__juan_01.txt,249,205,0,separate,0.0273224043715847,unknown,183,0.00546448087431694,0.02185792349726776,13.23076923076923,0,1
元朝,885352,蜀道有難易并序,蜀道有難易并序,蜀道有難易并序,1,scrape_output\raw\元朝\蜀道有難易并序\蜀道有難易并序__juan_01.txt,scrape_output\clean\元朝\蜀道有難易并序\蜀道有難易并序__juan_01.txt,745,693,0,separate,0.004846526655896605,wenyan-like,619,0.014539579967689823,0.024232633279483037,12.125,0,0
元朝,768917,蝦蟆山,蝦蟆山,蝦蟆山,1,scrape_output\raw\元朝\蝦蟆山\蝦蟆山__juan_01.txt,scrape_output\clean\元朝\蝦蟆山\蝦蟆山__juan_01.txt,383,339,0,separate,0.06930693069306931,wenyan-like,303,0.0033003300330033004,0.039603960396039604,14.25,0,0
元朝,886599,行厨,行厨,行厨,1,scrape_output\raw\元朝\行厨\行厨__juan_01.txt,scrape_output\clean\元朝\行厨\行厨__juan_01.txt,113,69,0,separate,-0.015873015873015872,unknown,63,0.015873015873015872,0.015873015873015872,12.0,0,1
元朝,886593,行帳八珍詩,行帳八珍詩,行帳八珍詩,1,scrape_output\raw\元朝\行帳八珍詩\行帳八珍詩__juan_01.txt,scrape_output\clean\元朝\行帳八珍詩\行帳八珍詩__juan_01.txt,854,807,0,separate,0.06845637583892616,wenyan-like,745,0.004026845637583893,0.040268456375838924,12.403508771929825,0,0
元朝,201410,行香子,行香子·案歷代詩餘卷一百二九錄此首外又錄,行香子,1,scrape_output\raw\元朝\行香子\行香子__juan_01.txt,scrape_output\clean\元朝\行香子\行香子__juan_01.txt,676,188,0,separate,0.005915637860082305,wenyan-like,3888,0.011059670781893004,0.01954732510288066,10.320916905444125,0,0
元朝,201410,行香子,行香子·京山道中,行香子,2,scrape_output\raw\元朝\行香子\行香子__juan_02.txt,scrape_output\clean\元朝\行香子\行香子__juan_02.txt,621,133,0,separate,0.005915637860082305,wenyan-like,3888,0.011059670781893004,0.01954732510288066,10.320916905444125,0,0
元朝,201410,行香子,行香子·勸人改惡遷善,行香子,3,scrape_output\raw\元朝\行香子\行香子__juan_03.txt,scrape_output\clean\元朝\行香子\行香子__juan_03.txt,621,133,0,separate,0.005915637860082305,wenyan-like,3888,0.011059670781893004,0.01954732510288066,10.320916905444125,0,0
元朝,201410,行香子,行香子·勸徐老奉善,行香子,4,scrape_output\raw\元朝\行香子\行香子__juan_04.txt,scrape_output\clean\元朝\行香子\行香子__juan_04.txt,621,133,0,separate,0.005915637860082305,wenyan-like,3888,0.011059670781893004,0.01954732510288066,10.320916905444125,0,0
元朝,201410,行香子,行香子·原誤作南香子,行香子,5,scrape_output\raw\元朝\行香子\行香子__juan_05.txt,scrape_output\clean\元朝\行香子\行香子__juan_05.txt,646,158,0,separate,0.005915637860082305,wenyan-like,3888,0.011059670781893004,0.01954732510288066,10.320916905444125,0,0
元朝,201410,行香子,行香子·同李元鎮晚酌張氏小閣,行香子,6,scrape_output\raw\元朝\行香子\行香子__juan_06.txt,scrape_output\clean\元朝\行香子\行香子__juan_06.txt,621,133,0,separate,0.005915637860082305,wenyan-like,3888,0.011059670781893004,0.01954732510288066,10.320916905444125,0,0
元朝,201410,行香子,行香子·問修行門戶,行香子,7,scrape_output\raw\元朝\行香子\行香子__juan_07.txt,scrape_output\clean\元朝\行香子\行香子__juan_07.txt,619,131,0,separate,0.005915637860082305,wenyan-like,3888,0.011059670781893004,0.01954732510288066,10.320916905444125,0,0
元朝,201410,行香子,行香子·寂寂寥寥,行香子,8,scrape_output\raw\元朝\行香子\行香子__juan_08.txt,scrape_output\clean\元朝\行香子\行香子__juan_08.txt,621,133,0,separate,0.005915637860082305,wenyan-like,3888,0.011059670781893004,0.01954732510288066,10.320916905444125,0,0
元朝,201410,行香子,行香子·山水扇面,行香子,9,scrape_output\raw\元朝\行香子\行香子__juan_09.txt,scrape_output\clean\元朝\行香子\行香子__juan_09.txt,642,152,0,separate,0.005915637860082305,wenyan-like,3888,0.011059670781893004,0.01954732510288066,10.320916905444125,0,0
元朝,201410,行香子,行香子·暮抵應城宿縣齋後園,行香子,10,scrape_output\raw\元朝\行香子\行香子__juan_10.txt,scrape_output\clean\元朝\行香子\行香子__juan_10.txt,619,131,0,separate,0.005915637860082305,wenyan-like,3888,0.011059670781893004,0.01954732510288066,10.320916905444125,0,0
元朝,201410,行香子,行香子·木去金,行香子,11,scrape_output\raw\元朝\行香子\行香子__juan_11.txt,scrape_output\clean\元朝\行香子\行香子__juan_11.txt,621,133,0,separate,0.005915637860082305,wenyan-like,3888,0.011059670781893004,0.01954732510288066,10.320916905444125,0,0
元朝,201410,行香子,行香子·木金間隔,行香子,12,scrape_output\raw\元朝\行香子\行香子__juan_12.txt,scrape_output\clean\元朝\行香子\行香子__juan_12.txt,621,133,0,separate,0.005915637860082305,wenyan-like,3888,0.011059670781893004,0.01954732510288066,10.320916905444125,0,0
元朝,201410,行香子,行香子·李會首問道,行香子,13,scrape_output\raw\元朝\行香子\行香子__juan_13.txt,scrape_output\clean\元朝\行香子\行香子__juan_13.txt,620,130,0,separate,0.005915637860082305,wenyan-like,3888,0.011059670781893004,0.01954732510288066,10.320916905444125,0,0
元朝,201410,行香子,行香子·歎世,行香子,14,scrape_output\raw\元朝\行香子\行香子__juan_14.txt,scrape_output\clean\元朝\行香子\行香子__juan_14.txt,374,343,0,separate,0.005915637860082305,wenyan-like,3888,0.011059670781893004,0.01954732510288066,10.320916905444125,0,0
元朝,201410,行香子,行香子·止酒 (其一),行香子,15,scrape_output\raw\元朝\行香子\行香子__juan_15.txt,scrape_output\clean\元朝\行香子\行香子__juan_15.txt,621,133,0,separate,0.005915637860082305,wenyan-like,3888,0.011059670781893004,0.01954732510288066,10.320916905444125,0,0
元朝,201410,行香子,行香子·止酒 (其三),行香子,16,scrape_output\raw\元朝\行香子\行香子__juan_16.txt,scrape_output\clean\元朝\行香子\行香子__juan_16.txt,621,133,0,separate,0.005915637860082305,wenyan-like,3888,0.011059670781893004,0.01954732510288066,10.320916905444125,0,0
元朝,201410,行香子,行香子·止酒 (其二),行香子,17,scrape_output\raw\元朝\行香子\行香子__juan_17.txt,scrape_output\clean\元朝\行香子\行香子__juan_17.txt,621,133,0,separate,0.005915637860082305,wenyan-like,3888,0.011059670781893004,0.01954732510288066,10.320916905444125,0,0
元朝,201410,行香子,行香子·止酒 (其五),行香子,18,scrape_output\raw\元朝\行香子\行香子__juan_18.txt,scrape_output\clean\元朝\行香子\行香子__juan_18.txt,623,133,0,separate,0.005915637860082305,wenyan-like,3888,0.011059670781893004,0.01954732510288066,10.320916905444125,0,0
元朝,201410,行香子,行香子·止酒 (其四),行香子,19,scrape_output\raw\元朝\行香子\行香子__juan_19.txt,scrape_output\clean\元朝\行香子\行香子__juan_19.txt,621,133,0,separate,0.005915637860082305,wenyan-like,3888,0.011059670781893004,0.01954732510288066,10.320916905444125,0,0
元朝,201410,行香子,行香子·自詠,行香子,20,scrape_output\raw\元朝\行香子\行香子__juan_20.txt,scrape_output\clean\元朝\行香子\行香子__juan_20.txt,621,133,0,separate,0.005915637860082305,wenyan-like,3888,0.011059670781893004,0.01954732510288066,10.320916905444125,0,0
元朝,201410,行香子,行香子·謝公主惠香 (其一),行香子,21,scrape_output\raw\元朝\行香子\行香子__juan_21.txt,scrape_output\clean\元朝\行香子\行香子__juan_21.txt,621,133,0,separate,0.005915637860082305,wenyan-like,3888,0.011059670781893004,0.01954732510288066,10.320916905444125,0,0
元朝,201410,行香子,行香子·謝公主惠香 (其二),行香子,22,scrape_output\raw\元朝\行香子\行香子__juan_22.txt,scrape_output\clean\元朝\行香子\行香子__juan_22.txt,621,133,0,separate,0.005915637860082305,wenyan-like,3888,0.011059670781893004,0.01954732510288066,10.320916905444125,0,0
元朝,201410,行香子,行香子·謝聖水會眾,行香子,23,scrape_output\raw\元朝\行香子\行香子__juan_23.txt,scrape_output\clean\元朝\行香子\行香子__juan_23.txt,621,133,0,separate,0.005915637860082305,wenyan-like,3888,0.011059670781893004,0.01954732510288066,10.320916905444125,0,0
元朝,201410,行香子,行香子·贈不語王哥,行香子,24,scrape_output\raw\元朝\行香子\行香子__juan_24.txt,scrape_output\clean\元朝\行香子\行香子__juan_24.txt,621,133,0,separate,0.005915637860082305,wenyan-like,3888,0.011059670781893004,0.01954732510288066,10.320916905444125,0,0
元朝,201410,行香子,行香子·贈濱州小胡,行香子,25,scrape_output\raw\元朝\行香子\行香子__juan_25.txt,scrape_output\clean\元朝\行香子\行香子__juan_25.txt,621,133,0,separate,0.005915637860082305,wenyan-like,3888,0.011059670781893004,0.01954732510288066,10.320916905444125,0,0
元朝,201410,行香子,行香子·贈萊州劉小童,行香子,26,scrape_output\raw\元朝\行香子\行香子__juan_26.txt,scrape_output\clean\元朝\行香子\行香子__juan_26.txt,621,133,0,separate,0.005915637860082305,wenyan-like,3888,0.011059670781893004,0.01954732510288066,10.320916905444125,0,0
元朝,201410,行香子,行香子·遇師,行香子,27,scrape_output\raw\元朝\行香子\行香子__juan_27.txt,scrape_output\clean\元朝\行香子\行香子__juan_27.txt,621,133,0,separate,0.005915637860082305,wenyan-like,3888,0.011059670781893004,0.01954732510288066,10.320916905444125,0,0
元朝,201410,行香子,行香子·金去木,行香子,28,scrape_output\raw\元朝\行香子\行香子__juan_28.txt,scrape_output\clean\元朝\行香子\行香子__juan_28.txt,621,133,0,separate,0.005915637860082305,wenyan-like,3888,0.011059670781893004,0.01954732510288066,10.320916905444125,0,0
元朝,201410,行香子,行香子·題情,行香子,29,scrape_output\raw\元朝\行香子\行香子__juan_29.txt,scrape_output\clean\元朝\行香子\行香子__juan_29.txt,423,386,0,separate,0.005915637860082305,wenyan-like,3888,0.011059670781893004,0.01954732510288066,10.320916905444125,0,0
元朝,201422,行香子 (不愛嬌奢),行香子 (不愛嬌奢),行香子 (不愛嬌奢),1,scrape_output\raw\元朝\行香子 (不愛嬌奢)\行香子 (不愛嬌奢)__juan_01.txt,scrape_output\clean\元朝\行香子 (不愛嬌奢)\行香子 (不愛嬌奢)__juan_01.txt,621,133,0,separate,-0.008695652173913045,unknown,115,0.008695652173913044,0.008695652173913044,9.636363636363637,0,1
元朝,201290,行香子 (乙酉歲九月二十五日，過林氏西圃),行香子 (乙酉歲九月二十五日，過林氏西圃),行香子 (乙酉歲九月二十五日，過林氏西圃),1,scrape_output\raw\元朝\行香子 (乙酉歲九月二十五日，過林氏西圃)\行香子 (乙酉歲九月二十五日，過林氏西圃)__juan_01.txt,scrape_output\clean\元朝\行香子 (乙酉歲九月二十五日，過林氏西圃)\行香子 (乙酉歲九月二十五日，過林氏西圃)__juan_01.txt,703,215,0,separate,0.0,unknown,193,0.010362694300518135,0.015544041450777202,11.3125,0,1
元朝,201425,行香子 (侯善淵),行香子 (侯善淵),行香子 (侯善淵),1,scrape_output\raw\元朝\行香子 (侯善淵)\行香子 (侯善淵)__juan_01.txt,scrape_output\clean\元朝\行香子 (侯善淵)\行香子 (侯善淵)__juan_01.txt,621,133,0,separate,-0.01739130434782609,unknown,115,0.017391304347826087,0.017391304347826087,9.636363636363637,0,1
元朝,201398,行香子 (劉志淵),行香子 (劉志淵),行香子 (劉志淵),1,scrape_output\raw\元朝\行香子 (劉志淵)\行香子 (劉志淵)__juan_01.txt,scrape_output\clean\元朝\行香子 (劉志淵)\行香子 (劉志淵)__juan_01.txt,941,449,0,separate,0.3006666666666667,wenyan-like,375,0.008,0.037333333333333336,8.76923076923077,1,0
元朝,201395,行香子 (劉處玄),行香子 (劉處玄),行香子 (劉處玄),1,scrape_output\raw\元朝\行香子 (劉處玄)\行香子 (劉處玄)__juan_01.txt,scrape_output\clean\元朝\行香子 (劉處玄)\行香子 (劉處玄)__juan_01.txt,733,245,0,separate,0.25483091787439616,wenyan-like,207,0.004830917874396135,0.00966183574879227,9.047619047619047,1,0
元朝,201419,行香子 (四序無窮),行香子 (四序無窮),行香子 (四序無窮),1,scrape_output\raw\元朝\行香子 (四序無窮)\行香子 (四序無窮)__juan_01.txt,scrape_output\clean\元朝\行香子 (四序無窮)\行香子 (四序無窮)__juan_01.txt,621,133,0,separate,-0.04347826086956521,unknown,115,0.02608695652173913,0.017391304347826087,9.636363636363637,0,1
元朝,201421,行香子 (大槿籬笆),行香子 (大槿籬笆),行香子 (大槿籬笆),1,scrape_output\raw\元朝\行香子 (大槿籬笆)\行香子 (大槿籬笆)__juan_01.txt,scrape_output\clean\元朝\行香子 (大槿籬笆)\行香子 (大槿籬笆)__juan_01.txt,621,133,0,separate,0.017391304347826087,unknown,115,0.0,0.008695652173913044,9.636363636363637,0,1
元朝,201400,行香子 (妄認苦蘊),行香子 (妄認苦蘊),行香子 (妄認苦蘊),1,scrape_output\raw\元朝\行香子 (妄認苦蘊)\行香子 (妄認苦蘊)__juan_01.txt,scrape_output\clean\元朝\行香子 (妄認苦蘊)\行香子 (妄認苦蘊)__juan_01.txt,619,131,0,separate,0.035398230088495575,unknown,113,0.0,0.017699115044247787,9.454545454545455,0,1
元朝,201399,行香子 (妙道勤求),行香子 (妙道勤求),行香子 (妙道勤求),1,scrape_output\raw\元朝\行香子 (妙道勤求)\行香子 (妙道勤求)__juan_01.txt,scrape_output\clean\元朝\行香子 (妙道勤求)\行香子 (妙道勤求)__juan_01.txt,620,130,0,separate,0.0625,unknown,112,0.008928571428571428,0.044642857142857144,9.363636363636363,0,1
元朝,201409,行香子 (宋褧),行香子 (宋褧),行香子 (宋褧),1,scrape_output\raw\元朝\行香子 (宋褧)\行香子 (宋褧)__juan_01.txt,scrape_output\clean\元朝\行香子 (宋褧)\行香子 (宋褧)__juan_01.txt,736,248,0,separate,0.25,wenyan-like,210,0.009523809523809525,0.014285714285714285,9.19047619047619,1,0
元朝,201261,行香子 (山擁垣牆),行香子 (山擁垣牆),行香子 (山擁垣牆),1,scrape_output\raw\元朝\行香子 (山擁垣牆)\行香子 (山擁垣牆)__juan_01.txt,scrape_output\clean\元朝\行香子 (山擁垣牆)\行香子 (山擁垣牆)__juan_01.txt,621,133,0,separate,0.008695652173913042,unknown,115,0.008695652173913044,0.017391304347826087,9.636363636363637,0,1
元朝,201233,行香子 (張翥),行香子 (張翥),行香子 (張翥),1,scrape_output\raw\元朝\行香子 (張翥)\行香子 (張翥)__juan_01.txt,scrape_output\clean\元朝\行香子 (張翥)\行香子 (張翥)__juan_01.txt,1195,693,0,separate,0.2916666666666667,wenyan-like,576,0.003472222222222222,0.026041666666666668,9.0,1,0
元朝,200637,行香子 (憶師父訓號白雲子，名丹桂，字昌齡),行香子 (憶師父訓號白雲子，名丹桂，字昌齡),行香子 (憶師父訓號白雲子，名丹桂，字昌齡),1,scrape_output\raw\元朝\行香子 (憶師父訓號白雲子，名丹桂，字昌齡)\行香子 (憶師父訓號白雲子，名丹桂，字昌齡)__juan_01.txt,scrape_output\clean\元朝\行香子 (憶師父訓號白雲子，名丹桂，字昌齡)\行香子 (憶師父訓號白雲子，名丹桂，字昌齡)__juan_01.txt,190,98,0,separate,-0.03571428571428571,unknown,84,0.011904761904761904,0.0,7.4,0,1
元朝,200639,行香子 (明本禪師),行香子 (明本禪師),行香子 (明本禪師),1,scrape_output\raw\元朝\行香子 (明本禪師)\行香子 (明本禪師)__juan_01.txt,scrape_output\clean\元朝\行香子 (明本禪師)\行香子 (明本禪師)__juan_01.txt,1371,1263,0,separate,0.258604206500956,wenyan-like,1046,0.014340344168260038,0.02581261950286807,8.663636363636364,1,0
元朝,201423,行香子 (松嫩堪餐),行香子 (松嫩堪餐),行香子 (松嫩堪餐),1,scrape_output\raw\元朝\行香子 (松嫩堪餐)\行香子 (松嫩堪餐)__juan_01.txt,scrape_output\clean\元朝\行香子 (松嫩堪餐)\行香子 (松嫩堪餐)__juan_01.txt,639,149,0,separate,0.007751937984496124,unknown,129,0.007751937984496124,0.015503875968992248,9.153846153846153,0,1
元朝,200638,行香子 (案曆代詩餘卷一百二九錄此首外又錄),行香子 (案曆代詩餘卷一百二九錄此首外又錄),行香子 (案曆代詩餘卷一百二九錄此首外又錄),1,scrape_output\raw\元朝\行香子 (案曆代詩餘卷一百二九錄此首外又錄)\行香子 (案曆代詩餘卷一百二九錄此首外又錄)__juan_01.txt,scrape_output\clean\元朝\行香子 (案曆代詩餘卷一百二九錄此首外又錄)\行香子 (案曆代詩餘卷一百二九錄此首外又錄)__juan_01.txt,212,120,0,separate,0.10679611650485436,unknown,103,0.009708737864077669,0.06796116504854369,8.545454545454545,0,1
元朝,201417,行香子 (欲出樊籠),行香子 (欲出樊籠),行香子 (欲出樊籠),1,scrape_output\raw\元朝\行香子 (欲出樊籠)\行香子 (欲出樊籠)__juan_01.txt,scrape_output\clean\元朝\行香子 (欲出樊籠)\行香子 (欲出樊籠)__juan_01.txt,621,133,0,separate,-0.008695652173913045,unknown,115,0.008695652173913044,0.008695652173913044,9.636363636363637,0,1
元朝,201396,行香子 (歷遍人間),行香子 (歷遍人間),行香子 (歷遍人間),1,scrape_output\raw\元朝\行香子 (歷遍人間)\行香子 (歷遍人間)__juan_01.txt,scrape_output\clean\元朝\行香子 (歷遍人間)\行香子 (歷遍人間)__juan_01.txt,621,133,0,separate,-0.008695652173913045,unknown,115,0.008695652173913044,0.008695652173913044,9.636363636363637,0,1
元朝,201259,行香子 (潦倒無聞),行香子 (潦倒無聞),行香子 (潦倒無聞),1,scrape_output\raw\元朝\行香子 (潦倒無聞)\行香子 (潦倒無聞)__juan_01.txt,scrape_output\clean\元朝\行香子 (潦倒無聞)\行香子 (潦倒無聞)__juan_01.txt,621,133,0,separate,0.05217391304347826,unknown,115,0.0,0.02608695652173913,9.636363636363637,0,1
元朝,201420,行香子 (無物思量),行香子 (無物思量),行香子 (無物思量),1,scrape_output\raw\元朝\行香子 (無物思量)\行香子 (無物思量)__juan_01.txt,scrape_output\clean\元朝\行香子 (無物思量)\行香子 (無物思量)__juan_01.txt,621,133,0,separate,0.034782608695652174,unknown,115,0.0,0.017391304347826087,9.636363636363637,0,1
元朝,201416,行香子 (玉殿瓊樓),行香子 (玉殿瓊樓),行香子 (玉殿瓊樓),1,scrape_output\raw\元朝\行香子 (玉殿瓊樓)\行香子 (玉殿瓊樓)__juan_01.txt,scrape_output\clean\元朝\行香子 (玉殿瓊樓)\行香子 (玉殿瓊樓)__juan_01.txt,621,133,0,separate,0.017391304347826087,unknown,115,0.0,0.008695652173913044,9.636363636363637,0,1
元朝,201079,行香子 (王丹桂),行香子 (王丹桂),行香子 (王丹桂),1,scrape_output\raw\元朝\行香子 (王丹桂)\行香子 (王丹桂)__juan_01.txt,scrape_output\clean\元朝\行香子 (王丹桂)\行香子 (王丹桂)__juan_01.txt,865,375,0,separate,0.2657728706624606,wenyan-like,317,0.0031545741324921135,0.012618296529968454,8.787878787878787,1,0
元朝,202385,行香子 (王吉昌),行香子 (王吉昌),行香子 (王吉昌),1,scrape_output\raw\元朝\行香子 (王吉昌)\行香子 (王吉昌)__juan_01.txt,scrape_output\clean\元朝\行香子 (王吉昌)\行香子 (王吉昌)__juan_01.txt,1049,561,0,separate,0.22867803837953093,wenyan-like,469,0.01279317697228145,0.008528784648187633,8.916666666666666,1,0
元朝,201082,行香子 (王惲),行香子 (王惲),行香子 (王惲),1,scrape_output\raw\元朝\行香子 (王惲)\行香子 (王惲)__juan_01.txt,scrape_output\clean\元朝\行香子 (王惲)\行香子 (王惲)__juan_01.txt,720,232,0,separate,0.0,wenyan-like,208,0.009615384615384616,0.014423076923076924,11.529411764705882,0,0
元朝,201394,行香子 (盧摯),行香子 (盧摯),行香子 (盧摯),1,scrape_output\raw\元朝\行香子 (盧摯)\行香子 (盧摯)__juan_01.txt,scrape_output\clean\元朝\行香子 (盧摯)\行香子 (盧摯)__juan_01.txt,685,195,0,separate,0.07602339181286549,unknown,171,0.005847953216374269,0.04678362573099415,10.0,0,1
元朝,201413,行香子 (短短橫牆),行香子 (短短橫牆),行香子 (短短橫牆),1,scrape_output\raw\元朝\行香子 (短短橫牆)\行香子 (短短橫牆)__juan_01.txt,scrape_output\clean\元朝\行香子 (短短橫牆)\行香子 (短短橫牆)__juan_01.txt,625,135,0,separate,-0.1217391304347826,unknown,115,0.05217391304347826,0.017391304347826087,7.5,0,1
元朝,201080,行香子 (示從，復用前韻),行香子 (示從，復用前韻),行香子 (示從，復用前韻),1,scrape_output\raw\元朝\行香子 (示從，復用前韻)\行香子 (示從，復用前韻)__juan_01.txt,scrape_output\clean\元朝\行香子 (示從，復用前韻)\行香子 (示從，復用前韻)__juan_01.txt,634,144,0,separate,0.03225806451612903,unknown,124,0.0,0.016129032258064516,9.583333333333334,0,1
元朝,200641,行香子 (許古),行香子 (許古),行香子 (許古),1,scrape_output\raw\元朝\行香子 (許古)\行香子 (許古)__juan_01.txt,scrape_output\clean\元朝\行香子 (許古)\行香子 (許古)__juan_01.txt,198,106,0,separate,0.02247191011235955,unknown,89,0.0,0.011235955056179775,9.11111111111111,0,1
元朝,201260,行香子 (趙元),行香子 (趙元),行香子 (趙元),1,scrape_output\raw\元朝\行香子 (趙元)\行香子 (趙元)__juan_01.txt,scrape_output\clean\元朝\行香子 (趙元)\行香子 (趙元)__juan_01.txt,839,351,0,separate,0.27372881355932205,wenyan-like,295,0.003389830508474576,0.01694915254237288,9.0,1,0
元朝,201397,行香子 (金鼎生光),行香子 (金鼎生光),行香子 (金鼎生光),1,scrape_output\raw\元朝\行香子 (金鼎生光)\行香子 (金鼎生光)__juan_01.txt,scrape_output\clean\元朝\行香子 (金鼎生光)\行香子 (金鼎生光)__juan_01.txt,621,133,0,separate,0.034782608695652174,unknown,115,0.0,0.017391304347826087,9.636363636363637,0,1
元朝,201258,行香子 (鏡裡流年),行香子 (鏡裡流年),行香子 (鏡裡流年),1,scrape_output\raw\元朝\行香子 (鏡裡流年)\行香子 (鏡裡流年)__juan_01.txt,scrape_output\clean\元朝\行香子 (鏡裡流年)\行香子 (鏡裡流年)__juan_01.txt,621,133,0,separate,0.017391304347826087,unknown,115,0.0,0.008695652173913044,9.636363636363637,0,1
元朝,201414,行香子 (閬苑瀛洲),行香子 (閬苑瀛洲),行香子 (閬苑瀛洲),1,scrape_output\raw\元朝\行香子 (閬苑瀛洲)\行香子 (閬苑瀛洲)__juan_01.txt,scrape_output\clean\元朝\行香子 (閬苑瀛洲)\行香子 (閬苑瀛洲)__juan_01.txt,625,134,0,separate,0.08695652173913043,unknown,115,0.017391304347826087,0.06956521739130435,9.636363636363637,0,1
元朝,202383,行香子 (震乙情柔),行香子 (震乙情柔),行香子 (震乙情柔),1,scrape_output\raw\元朝\行香子 (震乙情柔)\行香子 (震乙情柔)__juan_01.txt,scrape_output\clean\元朝\行香子 (震乙情柔)\行香子 (震乙情柔)__juan_01.txt,621,133,0,separate,-0.008695652173913045,unknown,115,0.008695652173913044,0.008695652173913044,9.636363636363637,0,1
元朝,202382,行香子 (震內藏金),行香子 (震內藏金),行香子 (震內藏金),1,scrape_output\raw\元朝\行香子 (震內藏金)\行香子 (震內藏金)__juan_01.txt,scrape_output\clean\元朝\行香子 (震內藏金)\行香子 (震內藏金)__juan_01.txt,621,133,0,separate,0.034782608695652174,unknown,115,0.0,0.017391304347826087,9.636363636363637,0,1
元朝,201418,行香子 (頓脫塵羈),行香子 (頓脫塵羈),行香子 (頓脫塵羈),1,scrape_output\raw\元朝\行香子 (頓脫塵羈)\行香子 (頓脫塵羈)__juan_01.txt,scrape_output\clean\元朝\行香子 (頓脫塵羈)\行香子 (頓脫塵羈)__juan_01.txt,621,133,0,separate,0.1391304347826087,unknown,115,0.0,0.06956521739130435,9.636363636363637,0,1
元朝,113710,衍極,衍極,衍極,1,scrape_output\raw\元朝\衍極\衍極__juan_01.txt,scrape_output\clean\元朝\衍極\衍極__juan_01.txt,47534,47364,0,separate,0.274634858812074,wenyan-like,46215,0.009131234447690144,0.07601428107757222,15.500352609308885,0,0
元朝,61698,衍極並注,衍極並注,衍極並注,1,scrape_output\raw\元朝\衍極並注\衍極並注__juan_01.txt,scrape_output\clean\元朝\衍極並注\衍極並注__juan_01.txt,2198,2182,0,separate,0.3049625468164794,wenyan-like,2136,0.007958801498127341,0.08941947565543071,20.918367346938776,0,0
元朝,765007,衛子剛詩錄序,衛子剛詩錄序,衛子剛詩錄序,1,scrape_output\raw\元朝\衛子剛詩錄序\衛子剛詩錄序__juan_01.txt,scrape_output\clean\元朝\衛子剛詩錄序\衛子剛詩錄序__juan_01.txt,415,371,0,separate,0.2381542699724518,wenyan-like,363,0.02203856749311295,0.07713498622589532,19.333333333333332,0,0
元朝,762016,衛生寶鑒,衛生寶鑒,衛生寶鑒,1,scrape_output\raw\元朝\衛生寶鑒\衛生寶鑒__juan_01.txt,scrape_output\clean\元朝\衛生寶鑒\衛生寶鑒__juan_01.txt,189050,183819,0,separate,0.3556788203847027,wenyan-like,171717,0.00494418141476965,0.03525568231450584,51.10040626813697,0,0
元朝,1179416,衰桞,衰桞,衰桞,1,scrape_output\raw\元朝\衰桞\衰桞__juan_01.txt,scrape_output\clean\元朝\衰桞\衰桞__juan_01.txt,113,69,0,separate,0.031746031746031744,unknown,63,0.0,0.015873015873015872,12.0,0,1
元朝,764954,補過齋序,補過齋序,補過齋序,1,scrape_output\raw\元朝\補過齋序\補過齋序__juan_01.txt,scrape_output\clean\元朝\補過齋序\補過齋序__juan_01.txt,460,416,0,separate,0.3044117647058824,wenyan-like,408,0.007352941176470588,0.08823529411764706,19.55,0,0
元朝,1179620,補闕歌,補闕歌,補闕歌,1,scrape_output\raw\元朝\補闕歌\補闕歌__juan_01.txt,scrape_output\clean\元朝\補闕歌\補闕歌__juan_01.txt,221,177,0,separate,0.0062893081761006275,unknown,159,0.006289308176100629,0.012578616352201259,13.636363636363637,0,1
元朝,1179378,補題淮西送王仲和從事詩卷,補題淮西送王仲和從事詩卷,補題淮西送王仲和從事詩卷,1,scrape_output\raw\元朝\補題淮西送王仲和從事詩卷\補題淮西送王仲和從事詩卷__juan_01.txt,scrape_output\clean\元朝\補題淮西送王仲和從事詩卷\補題淮西送王仲和從事詩卷__juan_01.txt,113,69,0,separate,0.06349206349206349,unknown,63,0.0,0.031746031746031744,12.0,0,1
元朝,764999,褚氏家譜序,褚氏家譜序,褚氏家譜序,1,scrape_output\raw\元朝\褚氏家譜序\褚氏家譜序__juan_01.txt,scrape_output\clean\元朝\褚氏家譜序\褚氏家譜序__juan_01.txt,647,601,0,separate,0.328752107925801,wenyan-like,593,0.006745362563237774,0.09949409780775717,19.586206896551722,0,0
元朝,102311,西使記,西使記,西使記,1,scrape_output\raw\元朝\西使記\西使記__juan_01.txt,scrape_output\clean\元朝\西使記\西使記__juan_01.txt,2963,2868,0,separate,0.06455142231947483,wenyan-like,2742,0.00911743253099927,0.045951859956236324,10.296442687747035,0,0
元朝,886317,西北 (耶律鑄),西北 (耶律鑄),西北 (耶律鑄),1,scrape_output\raw\元朝\西北 (耶律鑄)\西北 (耶律鑄)__juan_01.txt,scrape_output\clean\元朝\西北 (耶律鑄)\西北 (耶律鑄)__juan_01.txt,131,83,0,separate,0.0136986301369863,unknown,73,0.0136986301369863,0.0273972602739726,7.777777777777778,0,1
元朝,886663,西園仙居亭對雪命酒作白雪嗺五首,西園仙居亭對雪命酒作白雪嗺五首,西園仙居亭對雪命酒作白雪嗺五首,1,scrape_output\raw\元朝\西園仙居亭對雪命酒作白雪嗺五首\西園仙居亭對雪命酒作白雪嗺五首__juan_01.txt,scrape_output\clean\元朝\西園仙居亭對雪命酒作白雪嗺五首\西園仙居亭對雪命酒作白雪嗺五首__juan_01.txt,490,438,0,separate,0.022670025188916875,wenyan-like,397,0.007556675062972292,0.022670025188916875,8.833333333333334,0,0
元朝,886053,西園席上招雪庭裕上人,西園席上招雪庭裕上人,西園席上招雪庭裕上人,1,scrape_output\raw\元朝\西園席上招雪庭裕上人\西園席上招雪庭裕上人__juan_01.txt,scrape_output\clean\元朝\西園席上招雪庭裕上人\西園席上招雪庭裕上人__juan_01.txt,149,105,0,separate,0.021052631578947368,unknown,95,0.0,0.010526315789473684,12.857142857142858,0,1
元朝,886396,西園席上調元子不至,西園席上調元子不至,西園席上調元子不至,1,scrape_output\raw\元朝\西園席上調元子不至\西園席上調元子不至__juan_01.txt,scrape_output\clean\元朝\西園席上調元子不至\西園席上調元子不至__juan_01.txt,113,69,0,separate,0.031746031746031744,unknown,63,0.0,0.015873015873015872,12.0,0,1
元朝,886395,西園春事,西園春事,西園春事,1,scrape_output\raw\元朝\西園春事\西園春事__juan_01.txt,scrape_output\clean\元朝\西園春事\西園春事__juan_01.txt,113,69,0,separate,0.031746031746031744,unknown,63,0.0,0.015873015873015872,12.0,0,1
元朝,885750,西園春興因贈雪庭上人兼簡張公講師,西園春興因贈雪庭上人兼簡張公講師,西園春興因贈雪庭上人兼簡張公講師,1,scrape_output\raw\元朝\西園春興因贈雪庭上人兼簡張公講師\西園春興因贈雪庭上人兼簡張公講師__juan_01.txt,scrape_output\clean\元朝\西園春興因贈雪庭上人兼簡張公講師\西園春興因贈雪庭上人兼簡張公講師__juan_01.txt,149,105,0,separate,0.042105263157894736,unknown,95,0.0,0.021052631578947368,12.857142857142858,0,1
元朝,886441,西園梅花,西園梅花,西園梅花,1,scrape_output\raw\元朝\西園梅花\西園梅花__juan_01.txt,scrape_output\clean\元朝\西園梅花\西園梅花__juan_01.txt,113,69,0,separate,0.031746031746031744,unknown,63,0.0,0.015873015873015872,12.0,0,1
元朝,1179352,西宮即事,西宮即事,西宮即事,1,scrape_output\raw\元朝\西宮即事\西宮即事__juan_01.txt,scrape_output\clean\元朝\西宮即事\西宮即事__juan_01.txt,149,105,0,separate,-0.010526315789473686,unknown,95,0.010526315789473684,0.010526315789473684,12.857142857142858,0,1
元朝,1179555,西宮春日,西宮春日,西宮春日,1,scrape_output\raw\元朝\西宮春日\西宮春日__juan_01.txt,scrape_output\clean\元朝\西宮春日\西宮春日__juan_01.txt,149,105,0,separate,0.021052631578947368,unknown,95,0.0,0.010526315789473684,12.857142857142858,0,1
元朝,600970,西崗呂大鵬鵬舉,西崗呂大鵬鵬舉,西崗呂大鵬鵬舉,1,scrape_output\raw\元朝\西崗呂大鵬鵬舉\西崗呂大鵬鵬舉__juan_01.txt,scrape_output\clean\元朝\西崗呂大鵬鵬舉\西崗呂大鵬鵬舉__juan_01.txt,133,89,0,separate,0.05063291139240506,unknown,79,0.0,0.02531645569620253,8.0,0,1
元朝,29304,西廂記,西廂記/第1本,西廂記,1,scrape_output\raw\元朝\西廂記\西廂記__juan_01.txt,scrape_output\clean\元朝\西廂記\西廂記__juan_01.txt,9163,7931,0,separate,0.0658357621312062,wenyan-like,39114,0.044127422406299535,0.02410901467505241,16.219683655536027,0,0
元朝,29304,西廂記,西廂記/第2本,西廂記,2,scrape_output\raw\元朝\西廂記\西廂記__juan_02.txt,scrape_output\clean\元朝\西廂記\西廂記__juan_02.txt,11270,9644,0,separate,0.0658357621312062,wenyan-like,39114,0.044127422406299535,0.02410901467505241,16.219683655536027,0,0
元朝,29304,西廂記,西廂記/第3本,西廂記,3,scrape_output\raw\元朝\西廂記\西廂記__juan_03.txt,scrape_output\clean\元朝\西廂記\西廂記__juan_03.txt,9213,7820,0,separate,0.0658357621312062,wenyan-like,39114,0.044127422406299535,0.02410901467505241,16.219683655536027,0,0
元朝,29304,西廂記,西廂記/第4本,西廂記,4,scrape_output\raw\元朝\西廂記\西廂記__juan_04.txt,scrape_output\clean\元朝\西廂記\西廂記__juan_04.txt,8039,6892,0,separate,0.0658357621312062,wenyan-like,39114,0.044127422406299535,0.02410901467505241,16.219683655536027,0,0
元朝,29304,西廂記,西廂記/第5本,西廂記,5,scrape_output\raw\元朝\西廂記\西廂記__juan_05.txt,scrape_output\clean\元朝\西廂記\西廂記__juan_05.txt,10009,8700,0,separate,0.0658357621312062,wenyan-like,39114,0.044127422406299535,0.02410901467505241,16.219683655536027,0,0
元朝,885624,西征,西征,西征,1,scrape_output\raw\元朝\西征\西征__juan_01.txt,scrape_output\clean\元朝\西征\西征__juan_01.txt,133,89,0,separate,0.05063291139240506,unknown,79,0.0,0.02531645569620253,10.571428571428571,0,1
元朝,1179625,西樓别寄閩憲諸公,西樓别寄閩憲諸公,西樓别寄閩憲諸公,1,scrape_output\raw\元朝\西樓别寄閩憲諸公\西樓别寄閩憲諸公__juan_01.txt,scrape_output\clean\元朝\西樓别寄閩憲諸公\西樓别寄閩憲諸公__juan_01.txt,217,173,0,separate,-0.012903225806451615,unknown,155,0.012903225806451613,0.012903225806451613,13.272727272727273,0,1
元朝,874911,西湖岳王墳,西湖岳王墳,西湖岳王墳,1,scrape_output\raw\元朝\西湖岳王墳\西湖岳王墳__juan_01.txt,scrape_output\clean\元朝\西湖岳王墳\西湖岳王墳__juan_01.txt,49,49,0,separate,0.08333333333333333,unknown,48,0.0,0.041666666666666664,11.0,0,1
元朝,874474,西湖竹枝詞,西湖竹枝詞,西湖竹枝詞,1,scrape_output\raw\元朝\西湖竹枝詞\西湖竹枝詞__juan_01.txt,scrape_output\clean\元朝\西湖竹枝詞\西湖竹枝詞__juan_01.txt,33,33,0,separate,0.275,unknown,32,0.0,0.0625,15.0,0,1
元朝,885799,西行留別諸人,西行留別諸人,西行留別諸人,1,scrape_output\raw\元朝\西行留別諸人\西行留別諸人__juan_01.txt,scrape_output\clean\元朝\西行留別諸人\西行留別諸人__juan_01.txt,149,105,0,separate,0.042105263157894736,unknown,95,0.0,0.021052631578947368,12.857142857142858,0,1
元朝,161283,西遊錄,西遊錄,西遊錄,1,scrape_output\raw\元朝\西遊錄\西遊錄__juan_01.txt,scrape_output\clean\元朝\西遊錄\西遊錄__juan_01.txt,6390,6344,0,separate,0.347275641025641,wenyan-like,6240,0.009775641025641026,0.11330128205128205,18.400621118012424,0,0
元朝,765270,西雲樓記,西雲樓記,西雲樓記,1,scrape_output\raw\元朝\西雲樓記\西雲樓記__juan_01.txt,scrape_output\clean\元朝\西雲樓記\西雲樓記__juan_01.txt,485,441,0,separate,0.2974654377880184,wenyan-like,434,0.0,0.07373271889400922,17.25,0,0
元朝,886650,西齋述事奉寄東都故人,西齋述事奉寄東都故人,西齋述事奉寄東都故人,1,scrape_output\raw\元朝\西齋述事奉寄東都故人\西齋述事奉寄東都故人__juan_01.txt,scrape_output\clean\元朝\西齋述事奉寄東都故人\西齋述事奉寄東都故人__juan_01.txt,113,69,0,separate,-0.06349206349206349,unknown,63,0.031746031746031744,0.015873015873015872,12.0,0,1
元朝,886161,見曹丕受禪碑有感,見曹丕受禪碑有感,見曹丕受禪碑有感,1,scrape_output\raw\元朝\見曹丕受禪碑有感\見曹丕受禪碑有感__juan_01.txt,scrape_output\clean\元朝\見曹丕受禪碑有感\見曹丕受禪碑有感__juan_01.txt,149,105,0,separate,0.042105263157894736,unknown,95,0.0,0.021052631578947368,12.857142857142858,0,1
元朝,321138,規中指南,規中指南,規中指南,1,scrape_output\raw\元朝\規中指南\規中指南__juan_01.txt,scrape_output\clean\元朝\規中指南\規中指南__juan_01.txt,7126,6172,0,separate,0.27415426251691477,wenyan-like,5912,0.015223274695534507,0.08491204330175914,19.88421052631579,0,0
元朝,766385,覽周左丞伯溫壬辰歲拜御史扈從集感舊傷今敬題五十韻,覽周左丞伯溫壬辰歲拜御史扈從集感舊傷今敬題五十韻,覽周左丞伯溫壬辰歲拜御史扈從集感舊傷今敬題五十韻,1,scrape_output\raw\元朝\覽周左丞伯溫壬辰歲拜御史扈從集感舊傷今敬題五十韻\覽周左丞伯溫壬辰歲拜御史扈從集感舊傷今敬題五十韻__juan_01.txt,scrape_output\clean\元朝\覽周左丞伯溫壬辰歲拜御史扈從集感舊傷今敬題五十韻\覽周左丞伯溫壬辰歲拜御史扈從集感舊傷今敬題五十韻__juan_01.txt,777,733,0,separate,0.0,wenyan-like,631,0.003169572107765452,0.004754358161648178,10.943396226415095,0,0
元朝,886587,覽鏡 (耶律鑄),覽鏡 (耶律鑄),覽鏡 (耶律鑄),1,scrape_output\raw\元朝\覽鏡 (耶律鑄)\覽鏡 (耶律鑄)__juan_01.txt,scrape_output\clean\元朝\覽鏡 (耶律鑄)\覽鏡 (耶律鑄)__juan_01.txt,113,69,0,separate,0.031746031746031744,unknown,63,0.0,0.015873015873015872,12.0,0,1
元朝,885347,觀友人所藏佛牙,觀友人所藏佛牙,觀友人所藏佛牙,1,scrape_output\raw\元朝\觀友人所藏佛牙\觀友人所藏佛牙__juan_01.txt,scrape_output\clean\元朝\觀友人所藏佛牙\觀友人所藏佛牙__juan_01.txt,248,199,0,separate,0.005649717514124294,unknown,177,0.005649717514124294,0.011299435028248588,14.083333333333334,0,1
元朝,886685,觀唐太宗像,觀唐太宗像,觀唐太宗像,1,scrape_output\raw\元朝\觀唐太宗像\觀唐太宗像__juan_01.txt,scrape_output\clean\元朝\觀唐太宗像\觀唐太宗像__juan_01.txt,113,69,0,separate,0.015873015873015872,unknown,63,0.015873015873015872,0.031746031746031744,12.0,0,1
元朝,886414,觀田,觀田,觀田,1,scrape_output\raw\元朝\觀田\觀田__juan_01.txt,scrape_output\clean\元朝\觀田\觀田__juan_01.txt,113,69,0,separate,0.06349206349206349,unknown,63,0.0,0.031746031746031744,12.0,0,1
元朝,886692,觀畫玩蝶美人圖,觀畫玩蝶美人圖,觀畫玩蝶美人圖,1,scrape_output\raw\元朝\觀畫玩蝶美人圖\觀畫玩蝶美人圖__juan_01.txt,scrape_output\clean\元朝\觀畫玩蝶美人圖\觀畫玩蝶美人圖__juan_01.txt,113,69,0,separate,0.031746031746031744,unknown,63,0.0,0.015873015873015872,12.0,0,1
元朝,766366,觀錢塘江潮時教化平章大宴江上,觀錢塘江潮時教化平章大宴江上,觀錢塘江潮時教化平章大宴江上,1,scrape_output\suspected_baihua\raw\元朝\觀錢塘江潮時教化平章大宴江上\觀錢塘江潮時教化平章大宴江上__juan_01.txt,scrape_output\suspected_baihua\clean\元朝\觀錢塘江潮時教化平章大宴江上\觀錢塘江潮時教化平章大宴江上__juan_01.txt,371,327,0,separate,-0.003533568904593644,baihua-like,283,0.01060070671378092,0.014134275618374558,10.875,0,0
元朝,182232,觀音殿記,觀音殿記,觀音殿記,1,scrape_output\raw\元朝\觀音殿記\觀音殿記__juan_01.txt,scrape_output\clean\元朝\觀音殿記\觀音殿記__juan_01.txt,721,677,0,separate,0.043927648578811374,wenyan-like,387,0.012919896640826873,0.041343669250646,1.3707865168539326,0,0
元朝,1179521,觀駕春遊二首,觀駕春遊二首,觀駕春遊二首,1,scrape_output\raw\元朝\觀駕春遊二首\觀駕春遊二首__juan_01.txt,scrape_output\clean\元朝\觀駕春遊二首\觀駕春遊二首__juan_01.txt,221,177,0,separate,0.012578616352201259,unknown,159,0.0,0.006289308176100629,13.636363636363637,0,1
元朝,768897,解悶 (王冕),解悶 (王冕),解悶 (王冕),1,scrape_output\raw\元朝\解悶 (王冕)\解悶 (王冕)__juan_01.txt,scrape_output\clean\元朝\解悶 (王冕)\解悶 (王冕)__juan_01.txt,133,89,0,separate,-0.012658227848101267,unknown,79,0.012658227848101266,0.012658227848101266,10.571428571428571,0,1
元朝,59123,言行龜鑒,言行龜鑒/卷1,言行龜鑒,1,scrape_output\raw\元朝\言行龜鑒\言行龜鑒__juan_01.txt,scrape_output\clean\元朝\言行龜鑒\言行龜鑒__juan_01.txt,7306,7306,0,separate,0.2518664375387847,wenyan-like,62847,0.012347446974398142,0.06945438923098955,21.96315213425757,0,0
元朝,59123,言行龜鑒,言行龜鑒/卷2,言行龜鑒,2,scrape_output\raw\元朝\言行龜鑒\言行龜鑒__juan_02.txt,scrape_output\clean\元朝\言行龜鑒\言行龜鑒__juan_02.txt,10498,10498,0,separate,0.2518664375387847,wenyan-like,62847,0.012347446974398142,0.06945438923098955,21.96315213425757,0,0
元朝,59123,言行龜鑒,言行龜鑒/卷3,言行龜鑒,3,scrape_output\raw\元朝\言行龜鑒\言行龜鑒__juan_03.txt,scrape_output\clean\元朝\言行龜鑒\言行龜鑒__juan_03.txt,4928,4928,0,separate,0.2518664375387847,wenyan-like,62847,0.012347446974398142,0.06945438923098955,21.96315213425757,0,0
元朝,59123,言行龜鑒,言行龜鑒/卷4,言行龜鑒,4,scrape_output\raw\元朝\言行龜鑒\言行龜鑒__juan_04.txt,scrape_output\clean\元朝\言行龜鑒\言行龜鑒__juan_04.txt,8142,8142,0,separate,0.2518664375387847,wenyan-like,62847,0.012347446974398142,0.06945438923098955,21.96315213425757,0,0
元朝,59123,言行龜鑒,言行龜鑒/卷5,言行龜鑒,5,scrape_output\raw\元朝\言行龜鑒\言行龜鑒__juan_05.txt,scrape_output\clean\元朝\言行龜鑒\言行龜鑒__juan_05.txt,5721,5721,0,separate,0.2518664375387847,wenyan-like,62847,0.012347446974398142,0.06945438923098955,21.96315213425757,0,0
元朝,59123,言行龜鑒,言行龜鑒/卷6,言行龜鑒,6,scrape_output\raw\元朝\言行龜鑒\言行龜鑒__juan_06.txt,scrape_output\clean\元朝\言行龜鑒\言行龜鑒__juan_06.txt,21384,21384,0,separate,0.2518664375387847,wenyan-like,62847,0.012347446974398142,0.06945438923098955,21.96315213425757,0,0
元朝,59123,言行龜鑒,言行龜鑒/卷7,言行龜鑒,7,scrape_output\raw\元朝\言行龜鑒\言行龜鑒__juan_07.txt,scrape_output\clean\元朝\言行龜鑒\言行龜鑒__juan_07.txt,2841,2841,0,separate,0.2518664375387847,wenyan-like,62847,0.012347446974398142,0.06945438923098955,21.96315213425757,0,0
元朝,59123,言行龜鑒,言行龜鑒/卷8,言行龜鑒,8,scrape_output\raw\元朝\言行龜鑒\言行龜鑒__juan_08.txt,scrape_output\clean\元朝\言行龜鑒\言行龜鑒__juan_08.txt,3276,3276,0,separate,0.2518664375387847,wenyan-like,62847,0.012347446974398142,0.06945438923098955,21.96315213425757,0,0
元朝,1179509,訪掲曼碩祕書,訪掲曼碩祕書,訪掲曼碩祕書,1,scrape_output\raw\元朝\訪掲曼碩祕書\訪掲曼碩祕書__juan_01.txt,scrape_output\clean\元朝\訪掲曼碩祕書\訪掲曼碩祕書__juan_01.txt,149,105,0,separate,0.010526315789473682,unknown,95,0.010526315789473684,0.021052631578947368,12.857142857142858,0,1
元朝,761012,診家樞要,診家樞要,診家樞要,1,scrape_output\raw\元朝\診家樞要\診家樞要__juan_01.txt,scrape_output\clean\元朝\診家樞要\診家樞要__juan_01.txt,13453,13453,0,separate,0.4450254230856796,wenyan-like,13177,0.004781057903923503,0.07968429839872505,104.78571428571429,0,0
元朝,180659,詞旨,詞旨,詞旨,1,scrape_output\raw\元朝\詞旨\詞旨__juan_01.txt,scrape_output\clean\元朝\詞旨\詞旨__juan_01.txt,24625,24429,0,separate,0.013612430974701419,wenyan-like,23361,0.00950301785026326,0.0210607422627456,10.298998569384835,0,0
元朝,874913,詠岳王孫縣尉復棲霞墳田,詠岳王孫縣尉復棲霞墳田,詠岳王孫縣尉復棲霞墳田,1,scrape_output\raw\元朝\詠岳王孫縣尉復棲霞墳田\詠岳王孫縣尉復棲霞墳田__juan_01.txt,scrape_output\clean\元朝\詠岳王孫縣尉復棲霞墳田\詠岳王孫縣尉復棲霞墳田__juan_01.txt,64,64,0,separate,0.18125,unknown,64,0.0,0.015625,15.0,0,1
元朝,886703,詠梅謹上尊大人領省,詠梅謹上尊大人領省,詠梅謹上尊大人領省,1,scrape_output\raw\元朝\詠梅謹上尊大人領省\詠梅謹上尊大人領省__juan_01.txt,scrape_output\clean\元朝\詠梅謹上尊大人領省\詠梅謹上尊大人領省__juan_01.txt,117,73,0,separate,0.031746031746031744,unknown,63,0.0,0.015873015873015872,6.666666666666667,0,1
元朝,1179444,詠芙蓉,詠芙蓉,詠芙蓉,1,scrape_output\raw\元朝\詠芙蓉\詠芙蓉__juan_01.txt,scrape_output\clean\元朝\詠芙蓉\詠芙蓉__juan_01.txt,149,105,0,separate,0.021052631578947368,unknown,95,0.0,0.010526315789473684,12.857142857142858,0,1
元朝,886473,詠苔,詠苔,詠苔,1,scrape_output\raw\元朝\詠苔\詠苔__juan_01.txt,scrape_output\clean\元朝\詠苔\詠苔__juan_01.txt,113,69,0,separate,0.031746031746031744,unknown,63,0.0,0.015873015873015872,12.0,0,1
元朝,886429,詠雪 (耶律鑄),詠雪 (耶律鑄),詠雪 (耶律鑄),1,scrape_output\raw\元朝\詠雪 (耶律鑄)\詠雪 (耶律鑄)__juan_01.txt,scrape_output\clean\元朝\詠雪 (耶律鑄)\詠雪 (耶律鑄)__juan_01.txt,113,69,0,separate,0.031746031746031744,unknown,63,0.0,0.015873015873015872,12.0,0,1
元朝,885639,詠雪二首 (耶律鑄),詠雪二首 (耶律鑄),詠雪二首 (耶律鑄),1,scrape_output\raw\元朝\詠雪二首 (耶律鑄)\詠雪二首 (耶律鑄)__juan_01.txt,scrape_output\clean\元朝\詠雪二首 (耶律鑄)\詠雪二首 (耶律鑄)__juan_01.txt,189,145,0,separate,-0.007874015748031496,unknown,127,0.007874015748031496,0.007874015748031496,10.727272727272727,0,1
元朝,765016,詩史宗要序,詩史宗要序,詩史宗要序,1,scrape_output\raw\元朝\詩史宗要序\詩史宗要序__juan_01.txt,scrape_output\clean\元朝\詩史宗要序\詩史宗要序__juan_01.txt,669,624,0,separate,0.33137254901960783,wenyan-like,612,0.008169934640522876,0.10294117647058823,23.64,0,0
元朝,180707,詩學禁臠,詩學禁臠,詩學禁臠,1,scrape_output\raw\元朝\詩學禁臠\詩學禁臠__juan_01.txt,scrape_output\clean\元朝\詩學禁臠\詩學禁臠__juan_01.txt,2752,2723,0,separate,0.21010016694490818,wenyan-like,2396,0.010851419031719533,0.04632721202003339,15.476190476190476,0,0
元朝,180706,詩法家數,詩法家數,詩法家數,1,scrape_output\raw\元朝\詩法家數\詩法家數__juan_01.txt,scrape_output\clean\元朝\詩法家數\詩法家數__juan_01.txt,5063,5020,0,separate,0.23706108706108706,wenyan-like,4158,0.012506012506012507,0.06228956228956229,17.923423423423422,0,0
元朝,180663,詩譜,詩譜,詩譜,1,scrape_output\raw\元朝\詩譜\詩譜__juan_01.txt,scrape_output\clean\元朝\詩譜\詩譜__juan_01.txt,1171,1171,0,separate,0.06636363636363636,wenyan-like,1100,0.0009090909090909091,0.034545454545454546,12.30952380952381,0,0
元朝,162748,誠齋雜記序,誠齋雜記序,誠齋雜記序,1,scrape_output\raw\元朝\誠齋雜記序\誠齋雜記序__juan_01.txt,scrape_output\clean\元朝\誠齋雜記序\誠齋雜記序__juan_01.txt,360,316,0,separate,0.10855263157894736,wenyan-like,304,0.01644736842105263,0.07894736842105263,13.272727272727273,0,0
元朝,885642,調人幽居,調人幽居,調人幽居,1,scrape_output\raw\元朝\調人幽居\調人幽居__juan_01.txt,scrape_output\clean\元朝\調人幽居\調人幽居__juan_01.txt,133,89,0,separate,0.02531645569620253,unknown,79,0.0,0.012658227848101266,10.571428571428571,0,1
元朝,195696,請旨益師疏,請旨益師疏,請旨益師疏,1,scrape_output\raw\元朝\請旨益師疏\請旨益師疏__juan_01.txt,scrape_output\clean\元朝\請旨益師疏\請旨益師疏__juan_01.txt,829,737,0,separate,0.3976933514246947,wenyan-like,737,0.024423337856173677,0.08548168249660787,27.346153846153847,0,0
元朝,885463,謹上尊大人領省壽,謹上尊大人領省壽,謹上尊大人領省壽,1,scrape_output\raw\元朝\謹上尊大人領省壽\謹上尊大人領省壽__juan_01.txt,scrape_output\clean\元朝\謹上尊大人領省壽\謹上尊大人領省壽__juan_01.txt,219,175,0,separate,0.006451612903225806,unknown,155,0.0064516129032258064,0.012903225806451613,11.23076923076923,0,1
元朝,886159,謹和尊大人領省沙塲懐古兼四娛齋韻,謹和尊大人領省沙塲懐古兼四娛齋韻,謹和尊大人領省沙塲懐古兼四娛齋韻,1,scrape_output\raw\元朝\謹和尊大人領省沙塲懐古兼四娛齋韻\謹和尊大人領省沙塲懐古兼四娛齋韻__juan_01.txt,scrape_output\clean\元朝\謹和尊大人領省沙塲懐古兼四娛齋韻\謹和尊大人領省沙塲懐古兼四娛齋韻__juan_01.txt,149,105,0,separate,0.021052631578947368,unknown,95,0.0,0.010526315789473684,12.857142857142858,0,1
元朝,886097,謹和尊大人領省雷字韻,謹和尊大人領省雷字韻,謹和尊大人領省雷字韻,1,scrape_output\raw\元朝\謹和尊大人領省雷字韻\謹和尊大人領省雷字韻__juan_01.txt,scrape_output\clean\元朝\謹和尊大人領省雷字韻\謹和尊大人領省雷字韻__juan_01.txt,149,105,0,separate,-0.010526315789473686,unknown,95,0.010526315789473684,0.010526315789473684,12.857142857142858,0,1
元朝,886704,謹次尊大人領省懷梅溪詩韻,謹次尊大人領省懷梅溪詩韻,謹次尊大人領省懷梅溪詩韻,1,scrape_output\raw\元朝\謹次尊大人領省懷梅溪詩韻\謹次尊大人領省懷梅溪詩韻__juan_01.txt,scrape_output\clean\元朝\謹次尊大人領省懷梅溪詩韻\謹次尊大人領省懷梅溪詩韻__juan_01.txt,113,69,0,separate,-0.015873015873015872,unknown,63,0.015873015873015872,0.015873015873015872,12.0,0,1
元朝,886128,謹次尊大人領省火絨詩韻并序,謹次尊大人領省火絨詩韻并序,謹次尊大人領省火絨詩韻并序,1,scrape_output\raw\元朝\謹次尊大人領省火絨詩韻并序\謹次尊大人領省火絨詩韻并序__juan_01.txt,scrape_output\clean\元朝\謹次尊大人領省火絨詩韻并序\謹次尊大人領省火絨詩韻并序__juan_01.txt,211,167,0,separate,0.09032258064516129,unknown,155,0.012903225806451613,0.06451612903225806,14.7,0,1
元朝,886705,謹次尊大人領省題壺春園詩韻,謹次尊大人領省題壺春園詩韻,謹次尊大人領省題壺春園詩韻,1,scrape_output\raw\元朝\謹次尊大人領省題壺春園詩韻\謹次尊大人領省題壺春園詩韻__juan_01.txt,scrape_output\clean\元朝\謹次尊大人領省題壺春園詩韻\謹次尊大人領省題壺春園詩韻__juan_01.txt,117,73,0,separate,-0.015873015873015872,unknown,63,0.015873015873015872,0.015873015873015872,6.666666666666667,0,1
元朝,885753,謹用尊大人領省十六夜月詩韻,謹用尊大人領省十六夜月詩韻,謹用尊大人領省十六夜月詩韻,1,scrape_output\raw\元朝\謹用尊大人領省十六夜月詩韻\謹用尊大人領省十六夜月詩韻__juan_01.txt,scrape_output\clean\元朝\謹用尊大人領省十六夜月詩韻\謹用尊大人領省十六夜月詩韻__juan_01.txt,149,105,0,separate,0.021052631578947368,unknown,95,0.0,0.010526315789473684,12.857142857142858,0,1
元朝,885757,謹用尊大人領省龍庭風雪詩韻,謹用尊大人領省龍庭風雪詩韻,謹用尊大人領省龍庭風雪詩韻,1,scrape_output\raw\元朝\謹用尊大人領省龍庭風雪詩韻\謹用尊大人領省龍庭風雪詩韻__juan_01.txt,scrape_output\clean\元朝\謹用尊大人領省龍庭風雪詩韻\謹用尊大人領省龍庭風雪詩韻__juan_01.txt,221,177,0,separate,-0.006289308176100631,unknown,159,0.006289308176100629,0.006289308176100629,13.636363636363637,0,1
元朝,768884,謾興,謾興,謾興,1,scrape_output\suspected_baihua\raw\元朝\謾興\謾興__juan_01.txt,scrape_output\suspected_baihua\clean\元朝\謾興\謾興__juan_01.txt,365,321,0,separate,-0.00696864111498258,baihua-like,287,0.006968641114982578,0.006968641114982578,14.210526315789474,0,0
元朝,768906,謾興五首,謾興五首,謾興五首,1,scrape_output\suspected_baihua\raw\元朝\謾興五首\謾興五首__juan_01.txt,scrape_output\suspected_baihua\clean\元朝\謾興五首\謾興五首__juan_01.txt,357,313,0,separate,-0.029520295202952025,baihua-like,271,0.014760147601476014,0.007380073800738007,10.869565217391305,0,0
元朝,886682,讀劉賔客集,讀劉賔客集,讀劉賔客集,1,scrape_output\raw\元朝\讀劉賔客集\讀劉賔客集__juan_01.txt,scrape_output\clean\元朝\讀劉賔客集\讀劉賔客集__juan_01.txt,133,85,0,separate,-0.013333333333333332,unknown,75,0.013333333333333334,0.013333333333333334,8.0,0,1
元朝,886673,讀史 (耶律鑄),讀史 (耶律鑄),讀史 (耶律鑄),1,scrape_output\raw\元朝\讀史 (耶律鑄)\讀史 (耶律鑄)__juan_01.txt,scrape_output\clean\元朝\讀史 (耶律鑄)\讀史 (耶律鑄)__juan_01.txt,170,124,0,separate,0.045454545454545456,unknown,110,0.00909090909090909,0.03636363636363636,9.454545454545455,0,1
元朝,885332,讀新樂府,讀新樂府,讀新樂府,1,scrape_output\raw\元朝\讀新樂府\讀新樂府__juan_01.txt,scrape_output\clean\元朝\讀新樂府\讀新樂府__juan_01.txt,109,65,0,separate,0.03389830508474576,unknown,59,0.0,0.01694915254237288,11.2,0,1
元朝,885636,讀新樂府集,讀新樂府集,讀新樂府集,1,scrape_output\raw\元朝\讀新樂府集\讀新樂府集__juan_01.txt,scrape_output\clean\元朝\讀新樂府集\讀新樂府集__juan_01.txt,133,89,0,separate,-0.012658227848101267,unknown,79,0.012658227848101266,0.012658227848101266,10.571428571428571,0,1
元朝,886677,讀晉書書蒼溪石壁,讀晉書書蒼溪石壁,讀晉書書蒼溪石壁,1,scrape_output\raw\元朝\讀晉書書蒼溪石壁\讀晉書書蒼溪石壁__juan_01.txt,scrape_output\clean\元朝\讀晉書書蒼溪石壁\讀晉書書蒼溪石壁__juan_01.txt,113,69,0,separate,0.015873015873015872,unknown,63,0.015873015873015872,0.031746031746031744,12.0,0,1
元朝,56585,讀書分年日程,讀書分年日程,讀書分年日程,1,scrape_output\raw\元朝\讀書分年日程\讀書分年日程__juan_01.txt,scrape_output\clean\元朝\讀書分年日程\讀書分年日程__juan_01.txt,14081,13940,0,separate,0.22040785948198868,wenyan-like,13436,0.013843405775528431,0.05596903840428699,21.387788778877887,0,0
元朝,765392,讀書堆記,讀書堆記,讀書堆記,1,scrape_output\raw\元朝\讀書堆記\讀書堆記__juan_01.txt,scrape_output\clean\元朝\讀書堆記\讀書堆記__juan_01.txt,506,462,0,separate,0.2953744493392071,wenyan-like,454,0.004405286343612335,0.07929515418502203,24.38888888888889,0,0
元朝,886625,讀書樓贈道士,讀書樓贈道士,讀書樓贈道士,1,scrape_output\raw\元朝\讀書樓贈道士\讀書樓贈道士__juan_01.txt,scrape_output\clean\元朝\讀書樓贈道士\讀書樓贈道士__juan_01.txt,113,69,0,separate,0.06349206349206349,unknown,63,0.0,0.031746031746031744,12.0,0,1
元朝,765435,讀書齋志,讀書齋志,讀書齋志,1,scrape_output\raw\元朝\讀書齋志\讀書齋志__juan_01.txt,scrape_output\clean\元朝\讀書齋志\讀書齋志__juan_01.txt,752,708,0,separate,0.5735042735042735,wenyan-like,702,0.002849002849002849,0.14102564102564102,25.14814814814815,0,0
元朝,886675,讀汲黯傳,讀汲黯傳,讀汲黯傳,1,scrape_output\raw\元朝\讀汲黯傳\讀汲黯傳__juan_01.txt,scrape_output\clean\元朝\讀汲黯傳\讀汲黯傳__juan_01.txt,113,69,0,separate,-0.06349206349206349,unknown,63,0.031746031746031744,0.015873015873015872,12.0,0,1
元朝,886160,讀漢書偶成寄李稚川,讀漢書偶成寄李稚川,讀漢書偶成寄李稚川,1,scrape_output\raw\元朝\讀漢書偶成寄李稚川\讀漢書偶成寄李稚川__juan_01.txt,scrape_output\clean\元朝\讀漢書偶成寄李稚川\讀漢書偶成寄李稚川__juan_01.txt,176,130,0,separate,0.03418803418803419,unknown,117,0.0,0.017094017094017096,10.090909090909092,0,1
元朝,886676,讀王濬傳,讀王濬傳,讀王濬傳,1,scrape_output\raw\元朝\讀王濬傳\讀王濬傳__juan_01.txt,scrape_output\clean\元朝\讀王濬傳\讀王濬傳__juan_01.txt,113,69,0,separate,-0.06349206349206349,unknown,63,0.031746031746031744,0.015873015873015872,12.0,0,1
元朝,885802,讀甲子改元詔因叙懐留别諸相,讀甲子改元詔因叙懐留别諸相,讀甲子改元詔因叙懐留别諸相,1,scrape_output\raw\元朝\讀甲子改元詔因叙懐留别諸相\讀甲子改元詔因叙懐留别諸相__juan_01.txt,scrape_output\clean\元朝\讀甲子改元詔因叙懐留别諸相\讀甲子改元詔因叙懐留别諸相__juan_01.txt,149,105,0,separate,0.042105263157894736,unknown,95,0.0,0.021052631578947368,12.857142857142858,0,1
元朝,886681,讀裴緑野傳,讀裴緑野傳,讀裴緑野傳,1,scrape_output\raw\元朝\讀裴緑野傳\讀裴緑野傳__juan_01.txt,scrape_output\clean\元朝\讀裴緑野傳\讀裴緑野傳__juan_01.txt,113,69,0,separate,0.031746031746031744,unknown,63,0.0,0.015873015873015872,12.0,0,1
元朝,766355,讀謝太皇詔槁,讀謝太皇詔槁,讀謝太皇詔槁,1,scrape_output\raw\元朝\讀謝太皇詔槁\讀謝太皇詔槁__juan_01.txt,scrape_output\clean\元朝\讀謝太皇詔槁\讀謝太皇詔槁__juan_01.txt,149,105,0,separate,0.010526315789473682,unknown,95,0.010526315789473684,0.021052631578947368,12.857142857142858,0,1
元朝,886678,讀隋書,讀隋書,讀隋書,1,scrape_output\raw\元朝\讀隋書\讀隋書__juan_01.txt,scrape_output\clean\元朝\讀隋書\讀隋書__juan_01.txt,114,70,0,separate,0.06349206349206349,unknown,63,0.0,0.031746031746031744,10.0,0,1
元朝,886054,讌臺,讌臺,讌臺,1,scrape_output\raw\元朝\讌臺\讌臺__juan_01.txt,scrape_output\clean\元朝\讌臺\讌臺__juan_01.txt,149,105,0,separate,-0.04210526315789474,unknown,95,0.021052631578947368,0.010526315789473684,12.857142857142858,0,1
元朝,874076,谷神篇,谷神篇,谷神篇,1,scrape_output\raw\元朝\谷神篇\谷神篇__juan_01.txt,scrape_output\clean\元朝\谷神篇\谷神篇__juan_01.txt,15068,15010,0,separate,0.26279575741093286,wenyan-like,14708,0.015161816698395432,0.07914060375305956,21.124624624624623,0,0
元朝,179717,豐惠廟碑記,豐惠廟碑記,豐惠廟碑記,1,scrape_output\raw\元朝\豐惠廟碑記\豐惠廟碑記__juan_01.txt,scrape_output\clean\元朝\豐惠廟碑記\豐惠廟碑記__juan_01.txt,2153,2106,0,separate,0.39,wenyan-like,2100,0.009047619047619047,0.05857142857142857,27.04,0,0
元朝,625856,貫斗忠孝五雷武侯秘法,貫斗忠孝五雷武侯秘法,貫斗忠孝五雷武侯秘法,1,scrape_output\raw\元朝\貫斗忠孝五雷武侯秘法\貫斗忠孝五雷武侯秘法__juan_01.txt,scrape_output\clean\元朝\貫斗忠孝五雷武侯秘法\貫斗忠孝五雷武侯秘法__juan_01.txt,4822,4678,0,separate,0.1787005649717514,wenyan-like,4425,0.007005649717514125,0.024858757062146894,15.064056939501778,0,0
元朝,885820,責友人不寄書,責友人不寄書,責友人不寄書,1,scrape_output\raw\元朝\責友人不寄書\責友人不寄書__juan_01.txt,scrape_output\clean\元朝\責友人不寄書\責友人不寄書__juan_01.txt,149,105,0,separate,0.042105263157894736,unknown,95,0.0,0.021052631578947368,12.857142857142858,0,1
元朝,885643,賀人飛泉幽居,賀人飛泉幽居,賀人飛泉幽居,1,scrape_output\raw\元朝\賀人飛泉幽居\賀人飛泉幽居__juan_01.txt,scrape_output\clean\元朝\賀人飛泉幽居\賀人飛泉幽居__juan_01.txt,133,89,0,separate,-0.05063291139240507,unknown,79,0.02531645569620253,0.012658227848101266,10.571428571428571,0,1
元朝,1179529,賀内臺治書奉勑樹碑先塋,賀内臺治書奉勑樹碑先塋,賀内臺治書奉勑樹碑先塋,1,scrape_output\raw\元朝\賀内臺治書奉勑樹碑先塋\賀内臺治書奉勑樹碑先塋__juan_01.txt,scrape_output\clean\元朝\賀内臺治書奉勑樹碑先塋\賀内臺治書奉勑樹碑先塋__juan_01.txt,149,105,0,separate,0.021052631578947368,unknown,95,0.0,0.010526315789473684,12.857142857142858,0,1
元朝,886647,賀子所寄,賀子所寄,賀子所寄,1,scrape_output\raw\元朝\賀子所寄\賀子所寄__juan_01.txt,scrape_output\clean\元朝\賀子所寄\賀子所寄__juan_01.txt,113,69,0,separate,0.031746031746031744,unknown,63,0.0,0.015873015873015872,12.0,0,1
元朝,1179619,賀山長丘臣敬復淮西田,賀山長丘臣敬復淮西田,賀山長丘臣敬復淮西田,1,scrape_output\raw\元朝\賀山長丘臣敬復淮西田\賀山長丘臣敬復淮西田__juan_01.txt,scrape_output\clean\元朝\賀山長丘臣敬復淮西田\賀山長丘臣敬復淮西田__juan_01.txt,221,177,0,separate,0.06289308176100629,unknown,159,0.0,0.031446540880503145,13.636363636363637,0,1
元朝,1131408,賜高麗國王曆日詔,賜高麗國王曆日詔,賜高麗國王曆日詔,1,scrape_output\raw\元朝\賜高麗國王曆日詔\賜高麗國王曆日詔__juan_01.txt,scrape_output\clean\元朝\賜高麗國王曆日詔\賜高麗國王曆日詔__juan_01.txt,217,171,0,separate,0.2463855421686747,unknown,166,0.012048192771084338,0.06626506024096386,15.9,0,1
元朝,1179642,賡眠字韻,賡眠字韻,賡眠字韻,1,scrape_output\raw\元朝\賡眠字韻\賡眠字韻__juan_01.txt,scrape_output\clean\元朝\賡眠字韻\賡眠字韻__juan_01.txt,149,105,0,separate,0.021052631578947368,unknown,95,0.0,0.010526315789473684,12.857142857142858,0,1
元朝,1179643,賡覆字韻,賡覆字韻,賡覆字韻,1,scrape_output\raw\元朝\賡覆字韻\賡覆字韻__juan_01.txt,scrape_output\clean\元朝\賡覆字韻\賡覆字韻__juan_01.txt,149,105,0,separate,0.021052631578947368,unknown,95,0.0,0.010526315789473684,12.857142857142858,0,1
元朝,886184,賢王有雲南之捷,賢王有雲南之捷,賢王有雲南之捷,1,scrape_output\raw\元朝\賢王有雲南之捷\賢王有雲南之捷__juan_01.txt,scrape_output\clean\元朝\賢王有雲南之捷\賢王有雲南之捷__juan_01.txt,151,107,0,separate,-0.010526315789473686,unknown,95,0.010526315789473684,0.010526315789473684,10.0,0,1
元朝,1179466,贈仁王講師達上人,贈仁王講師達上人,贈仁王講師達上人,1,scrape_output\raw\元朝\贈仁王講師達上人\贈仁王講師達上人__juan_01.txt,scrape_output\clean\元朝\贈仁王講師達上人\贈仁王講師達上人__juan_01.txt,149,105,0,separate,0.021052631578947368,unknown,95,0.0,0.010526315789473684,12.857142857142858,0,1
元朝,886068,贈僊音院樂籍侍兒,贈僊音院樂籍侍兒,贈僊音院樂籍侍兒,1,scrape_output\raw\元朝\贈僊音院樂籍侍兒\贈僊音院樂籍侍兒__juan_01.txt,scrape_output\clean\元朝\贈僊音院樂籍侍兒\贈僊音院樂籍侍兒__juan_01.txt,149,105,0,separate,-0.010526315789473686,unknown,95,0.010526315789473684,0.010526315789473684,12.857142857142858,0,1
元朝,766359,贈別浙省黑黑左丞國寶自常州移鎮徽州三十韻時歲癸巳,贈別浙省黑黑左丞國寶自常州移鎮徽州三十韻時歲癸巳,贈別浙省黑黑左丞國寶自常州移鎮徽州三十韻時歲癸巳,1,scrape_output\raw\元朝\贈別浙省黑黑左丞國寶自常州移鎮徽州三十韻時歲癸巳\贈別浙省黑黑左丞國寶自常州移鎮徽州三十韻時歲癸巳__juan_01.txt,scrape_output\clean\元朝\贈別浙省黑黑左丞國寶自常州移鎮徽州三十韻時歲癸巳\贈別浙省黑黑左丞國寶自常州移鎮徽州三十韻時歲癸巳__juan_01.txt,499,455,0,separate,0.007633587786259541,wenyan-like,393,0.007633587786259542,0.015267175572519083,10.969696969696969,0,0
元朝,1179626,贈别鷲峰上人并引,贈别鷲峰上人并引,贈别鷲峰上人并引,1,scrape_output\raw\元朝\贈别鷲峰上人并引\贈别鷲峰上人并引__juan_01.txt,scrape_output\clean\元朝\贈别鷲峰上人并引\贈别鷲峰上人并引__juan_01.txt,417,373,0,separate,0.2330945558739255,wenyan-like,349,0.0028653295128939827,0.045845272206303724,16.55,0,0
元朝,1179508,贈劉尊師,贈劉尊師,贈劉尊師,1,scrape_output\raw\元朝\贈劉尊師\贈劉尊師__juan_01.txt,scrape_output\clean\元朝\贈劉尊師\贈劉尊師__juan_01.txt,149,105,0,separate,0.021052631578947368,unknown,95,0.0,0.010526315789473684,12.857142857142858,0,1
元朝,1179463,贈吳山紫陽庵女道士并引,贈吳山紫陽庵女道士并引,贈吳山紫陽庵女道士并引,1,scrape_output\raw\元朝\贈吳山紫陽庵女道士并引\贈吳山紫陽庵女道士并引__juan_01.txt,scrape_output\clean\元朝\贈吳山紫陽庵女道士并引\贈吳山紫陽庵女道士并引__juan_01.txt,298,254,0,separate,0.09504132231404959,wenyan-like,242,0.012396694214876033,0.06611570247933884,14.3125,0,0
元朝,886150,贈坐竿道士并序,贈坐竿道士并序,贈坐竿道士并序,1,scrape_output\raw\元朝\贈坐竿道士并序\贈坐竿道士并序__juan_01.txt,scrape_output\clean\元朝\贈坐竿道士并序\贈坐竿道士并序__juan_01.txt,196,152,0,separate,0.03571428571428571,unknown,140,0.007142857142857143,0.02857142857142857,13.2,0,1
元朝,1179492,贈學古澹上人,贈學古澹上人,贈學古澹上人,1,scrape_output\raw\元朝\贈學古澹上人\贈學古澹上人__juan_01.txt,scrape_output\clean\元朝\贈學古澹上人\贈學古澹上人__juan_01.txt,149,105,0,separate,0.042105263157894736,unknown,95,0.0,0.021052631578947368,12.857142857142858,0,1
元朝,886621,贈御史,贈御史,贈御史,1,scrape_output\raw\元朝\贈御史\贈御史__juan_01.txt,scrape_output\clean\元朝\贈御史\贈御史__juan_01.txt,113,69,0,separate,0.031746031746031744,unknown,63,0.0,0.015873015873015872,12.0,0,1
元朝,766365,贈李宣使,贈李宣使,贈李宣使,1,scrape_output\raw\元朝\贈李宣使\贈李宣使__juan_01.txt,scrape_output\clean\元朝\贈李宣使\贈李宣使__juan_01.txt,133,89,0,separate,0.05063291139240506,unknown,79,0.0,0.02531645569620253,10.571428571428571,0,1
元朝,886067,贈漁者 (耶律鑄),贈漁者 (耶律鑄),贈漁者 (耶律鑄),1,scrape_output\raw\元朝\贈漁者 (耶律鑄)\贈漁者 (耶律鑄)__juan_01.txt,scrape_output\clean\元朝\贈漁者 (耶律鑄)\贈漁者 (耶律鑄)__juan_01.txt,149,105,0,separate,-0.010526315789473686,unknown,95,0.010526315789473684,0.010526315789473684,12.857142857142858,0,1
元朝,1179330,贈白雲,贈白雲,贈白雲,1,scrape_output\raw\元朝\贈白雲\贈白雲__juan_01.txt,scrape_output\clean\元朝\贈白雲\贈白雲__juan_01.txt,133,89,0,separate,-0.012658227848101267,unknown,79,0.012658227848101266,0.012658227848101266,10.571428571428571,0,1
元朝,885821,贈盧隐君,贈盧隐君,贈盧隐君,1,scrape_output\raw\元朝\贈盧隐君\贈盧隐君__juan_01.txt,scrape_output\clean\元朝\贈盧隐君\贈盧隐君__juan_01.txt,182,138,0,separate,0.064,unknown,125,0.0,0.032,12.0,0,1
元朝,765172,贈相士孫德昭序,贈相士孫德昭序,贈相士孫德昭序,1,scrape_output\raw\元朝\贈相士孫德昭序\贈相士孫德昭序__juan_01.txt,scrape_output\clean\元朝\贈相士孫德昭序\贈相士孫德昭序__juan_01.txt,506,462,0,separate,0.43539823008849554,wenyan-like,452,0.011061946902654867,0.1592920353982301,19.681818181818183,0,0
元朝,766471,贈窮獨叟,贈窮獨叟,贈窮獨叟,1,scrape_output\raw\元朝\贈窮獨叟\贈窮獨叟__juan_01.txt,scrape_output\clean\元朝\贈窮獨叟\贈窮獨叟__juan_01.txt,221,177,0,separate,0.03870967741935484,unknown,155,0.0,0.01935483870967742,11.076923076923077,0,1
元朝,765124,贈筆史陸穎貴序,贈筆史陸穎貴序,贈筆史陸穎貴序,1,scrape_output\raw\元朝\贈筆史陸穎貴序\贈筆史陸穎貴序__juan_01.txt,scrape_output\clean\元朝\贈筆史陸穎貴序\贈筆史陸穎貴序__juan_01.txt,429,385,0,separate,0.3188654353562005,wenyan-like,379,0.010554089709762533,0.10026385224274406,19.105263157894736,0,0
元朝,1179362,贈茅山道士胡琴月,贈茅山道士胡琴月,贈茅山道士胡琴月,1,scrape_output\raw\元朝\贈茅山道士胡琴月\贈茅山道士胡琴月__juan_01.txt,scrape_output\clean\元朝\贈茅山道士胡琴月\贈茅山道士胡琴月__juan_01.txt,113,69,0,separate,0.031746031746031744,unknown,63,0.0,0.015873015873015872,12.0,0,1
元朝,1179487,贈莫州同年縣尹米思泰,贈莫州同年縣尹米思泰,贈莫州同年縣尹米思泰,1,scrape_output\raw\元朝\贈莫州同年縣尹米思泰\贈莫州同年縣尹米思泰__juan_01.txt,scrape_output\clean\元朝\贈莫州同年縣尹米思泰\贈莫州同年縣尹米思泰__juan_01.txt,149,105,0,separate,0.042105263157894736,unknown,95,0.0,0.021052631578947368,12.857142857142858,0,1
元朝,317468,贈裕之,贈裕之,贈裕之,1,scrape_output\raw\元朝\贈裕之\贈裕之__juan_01.txt,scrape_output\clean\元朝\贈裕之\贈裕之__juan_01.txt,285,241,0,separate,0.08372093023255814,wenyan-like,215,0.0,0.04186046511627907,13.466666666666667,0,0
元朝,1179273,贈訢笑隱長老,贈訢笑隱長老,贈訢笑隱長老,1,scrape_output\raw\元朝\贈訢笑隱長老\贈訢笑隱長老__juan_01.txt,scrape_output\clean\元朝\贈訢笑隱長老\贈訢笑隱長老__juan_01.txt,133,89,0,separate,0.02531645569620253,unknown,79,0.0,0.012658227848101266,10.571428571428571,0,1
元朝,1179400,贈道士陳華隱,贈道士陳華隱,贈道士陳華隱,1,scrape_output\raw\元朝\贈道士陳華隱\贈道士陳華隱__juan_01.txt,scrape_output\clean\元朝\贈道士陳華隱\贈道士陳華隱__juan_01.txt,113,69,0,separate,-0.015873015873015872,unknown,63,0.015873015873015872,0.015873015873015872,12.0,0,1
元朝,885822,贈酒鄉道隐李君之和,贈酒鄉道隐李君之和,贈酒鄉道隐李君之和,1,scrape_output\raw\元朝\贈酒鄉道隐李君之和\贈酒鄉道隐李君之和__juan_01.txt,scrape_output\clean\元朝\贈酒鄉道隐李君之和\贈酒鄉道隐李君之和__juan_01.txt,149,105,0,separate,0.06382978723404255,unknown,94,0.0,0.031914893617021274,11.125,0,1
元朝,765165,贈醫士莫仲仁序,贈醫士莫仲仁序,贈醫士莫仲仁序,1,scrape_output\raw\元朝\贈醫士莫仲仁序\贈醫士莫仲仁序__juan_01.txt,scrape_output\clean\元朝\贈醫士莫仲仁序\贈醫士莫仲仁序__juan_01.txt,687,643,0,separate,0.38222748815165875,wenyan-like,633,0.001579778830963665,0.11848341232227488,22.62962962962963,0,0
元朝,1179462,贈陳衆仲,贈陳衆仲,贈陳衆仲,1,scrape_output\raw\元朝\贈陳衆仲\贈陳衆仲__juan_01.txt,scrape_output\clean\元朝\贈陳衆仲\贈陳衆仲__juan_01.txt,149,105,0,separate,-0.010526315789473686,unknown,95,0.010526315789473684,0.010526315789473684,12.857142857142858,0,1
元朝,889336,贈隱者 (善住),贈隱者 (善住),贈隱者 (善住),1,scrape_output\raw\元朝\贈隱者 (善住)\贈隱者 (善住)__juan_01.txt,scrape_output\clean\元朝\贈隱者 (善住)\贈隱者 (善住)__juan_01.txt,133,89,0,separate,0.06329113924050633,unknown,79,0.012658227848101266,0.05063291139240506,10.571428571428571,0,1
元朝,1179602,走筆贈燕孟初,走筆贈燕孟初,走筆贈燕孟初,1,scrape_output\raw\元朝\走筆贈燕孟初\走筆贈燕孟初__juan_01.txt,scrape_output\clean\元朝\走筆贈燕孟初\走筆贈燕孟初__juan_01.txt,181,137,0,separate,-0.03252032520325203,unknown,123,0.016260162601626018,0.008130081300813009,12.88888888888889,0,1
元朝,317464,赴京,赴京,赴京,1,scrape_output\raw\元朝\赴京\赴京__juan_01.txt,scrape_output\clean\元朝\赴京\赴京__juan_01.txt,133,89,0,separate,0.02531645569620253,unknown,79,0.0,0.012658227848101266,10.571428571428571,0,1
元朝,881996,起夜來 (耶律鑄),起夜來 (耶律鑄),起夜來 (耶律鑄),1,scrape_output\raw\元朝\起夜來 (耶律鑄)\起夜來 (耶律鑄)__juan_01.txt,scrape_output\clean\元朝\起夜來 (耶律鑄)\起夜來 (耶律鑄)__juan_01.txt,189,145,0,separate,-0.007874015748031496,unknown,127,0.007874015748031496,0.007874015748031496,10.727272727272727,0,1
元朝,1179656,越溪曲,越溪曲,越溪曲,1,scrape_output\raw\元朝\越溪曲\越溪曲__juan_01.txt,scrape_output\clean\元朝\越溪曲\越溪曲__juan_01.txt,185,141,0,separate,0.031496062992125984,unknown,127,0.0,0.015748031496062992,13.333333333333334,0,1
元朝,768836,趙千里夜潮圖,趙千里夜潮圖,趙千里夜潮圖,1,scrape_output\raw\元朝\趙千里夜潮圖\趙千里夜潮圖__juan_01.txt,scrape_output\clean\元朝\趙千里夜潮圖\趙千里夜潮圖__juan_01.txt,185,141,0,separate,0.007874015748031496,unknown,127,0.007874015748031496,0.015748031496062992,13.333333333333334,0,1
元朝,765002,趙氏詩錄序,趙氏詩錄序,趙氏詩錄序,1,scrape_output\raw\元朝\趙氏詩錄序\趙氏詩錄序__juan_01.txt,scrape_output\clean\元朝\趙氏詩錄序\趙氏詩錄序__juan_01.txt,483,439,0,separate,0.3564965197215777,wenyan-like,431,0.016241299303944315,0.12761020881670534,17.083333333333332,0,0
元朝,766444,趙氏雙珠辭,趙氏雙珠辭,趙氏雙珠辭,1,scrape_output\raw\元朝\趙氏雙珠辭\趙氏雙珠辭__juan_01.txt,scrape_output\clean\元朝\趙氏雙珠辭\趙氏雙珠辭__juan_01.txt,249,205,0,separate,-0.010928961748633882,unknown,183,0.01092896174863388,0.01092896174863388,12.428571428571429,0,1
元朝,765609,跋君山吹笛圖,跋君山吹笛圖,跋君山吹笛圖,1,scrape_output\raw\元朝\跋君山吹笛圖\跋君山吹笛圖__juan_01.txt,scrape_output\clean\元朝\跋君山吹笛圖\跋君山吹笛圖__juan_01.txt,354,310,0,separate,0.24539473684210528,wenyan-like,304,0.009868421052631578,0.0625,22.615384615384617,0,0
元朝,886699,跋彭氏所藏畫鴈,跋彭氏所藏畫鴈,跋彭氏所藏畫鴈,1,scrape_output\raw\元朝\跋彭氏所藏畫鴈\跋彭氏所藏畫鴈__juan_01.txt,scrape_output\clean\元朝\跋彭氏所藏畫鴈\跋彭氏所藏畫鴈__juan_01.txt,113,69,0,separate,0.031746031746031744,unknown,63,0.0,0.015873015873015872,12.0,0,1
元朝,886698,跋醉仙圖,跋醉仙圖,跋醉仙圖,1,scrape_output\raw\元朝\跋醉仙圖\跋醉仙圖__juan_01.txt,scrape_output\clean\元朝\跋醉仙圖\跋醉仙圖__juan_01.txt,113,69,0,separate,0.015873015873015872,unknown,63,0.015873015873015872,0.031746031746031744,12.0,0,1
元朝,886462,路邊桃花,路邊桃花,路邊桃花,1,scrape_output\raw\元朝\路邊桃花\路邊桃花__juan_01.txt,scrape_output\clean\元朝\路邊桃花\路邊桃花__juan_01.txt,113,69,0,separate,0.031746031746031744,unknown,63,0.0,0.015873015873015872,12.0,0,1
元朝,195700,踐形論,踐形論,踐形論,1,scrape_output\raw\元朝\踐形論\踐形論__juan_01.txt,scrape_output\clean\元朝\踐形論\踐形論__juan_01.txt,598,506,0,separate,0.38715415019762844,wenyan-like,506,0.015810276679841896,0.1422924901185771,21.0,0,0
元朝,886598,軟玉膏,軟玉膏,軟玉膏,1,scrape_output\raw\元朝\軟玉膏\軟玉膏__juan_01.txt,scrape_output\clean\元朝\軟玉膏\軟玉膏__juan_01.txt,180,136,0,separate,0.112,unknown,125,0.0,0.056,13.333333333333334,0,1
元朝,137985,輟耕錄,輟耕錄/卷01,輟耕錄,1,scrape_output\raw\元朝\輟耕錄\輟耕錄__juan_01.txt,scrape_output\clean\元朝\輟耕錄\輟耕錄__juan_01.txt,5063,5005,0,separate,0.23821918597947653,wenyan-like,208152,0.00925765786540605,0.05799607978784734,15.463920742647632,0,0
元朝,137985,輟耕錄,輟耕錄/卷02,輟耕錄,2,scrape_output\raw\元朝\輟耕錄\輟耕錄__juan_02.txt,scrape_output\clean\元朝\輟耕錄\輟耕錄__juan_02.txt,7630,7584,0,separate,0.23821918597947653,wenyan-like,208152,0.00925765786540605,0.05799607978784734,15.463920742647632,0,0
元朝,137985,輟耕錄,輟耕錄/卷03,輟耕錄,3,scrape_output\raw\元朝\輟耕錄\輟耕錄__juan_03.txt,scrape_output\clean\元朝\輟耕錄\輟耕錄__juan_03.txt,7197,7177,0,separate,0.23821918597947653,wenyan-like,208152,0.00925765786540605,0.05799607978784734,15.463920742647632,0,0
元朝,137985,輟耕錄,輟耕錄/卷04,輟耕錄,4,scrape_output\raw\元朝\輟耕錄\輟耕錄__juan_04.txt,scrape_output\clean\元朝\輟耕錄\輟耕錄__juan_04.txt,7683,7643,0,separate,0.23821918597947653,wenyan-like,208152,0.00925765786540605,0.05799607978784734,15.463920742647632,0,0
元朝,137985,輟耕錄,輟耕錄/卷05,輟耕錄,5,scrape_output\raw\元朝\輟耕錄\輟耕錄__juan_05.txt,scrape_output\clean\元朝\輟耕錄\輟耕錄__juan_05.txt,7761,7701,0,separate,0.23821918597947653,wenyan-like,208152,0.00925765786540605,0.05799607978784734,15.463920742647632,0,0
元朝,137985,輟耕錄,輟耕錄/卷06,輟耕錄,6,scrape_output\raw\元朝\輟耕錄\輟耕錄__juan_06.txt,scrape_output\clean\元朝\輟耕錄\輟耕錄__juan_06.txt,6224,6145,0,separate,0.23821918597947653,wenyan-like,208152,0.00925765786540605,0.05799607978784734,15.463920742647632,0,0
元朝,137985,輟耕錄,輟耕錄/卷07,輟耕錄,7,scrape_output\raw\元朝\輟耕錄\輟耕錄__juan_07.txt,scrape_output\clean\元朝\輟耕錄\輟耕錄__juan_07.txt,6998,6937,0,separate,0.23821918597947653,wenyan-like,208152,0.00925765786540605,0.05799607978784734,15.463920742647632,0,0
元朝,137985,輟耕錄,輟耕錄/卷08,輟耕錄,8,scrape_output\raw\元朝\輟耕錄\輟耕錄__juan_08.txt,scrape_output\clean\元朝\輟耕錄\輟耕錄__juan_08.txt,7047,7042,0,separate,0.23821918597947653,wenyan-like,208152,0.00925765786540605,0.05799607978784734,15.463920742647632,0,0
元朝,137985,輟耕錄,輟耕錄/卷09,輟耕錄,9,scrape_output\raw\元朝\輟耕錄\輟耕錄__juan_09.txt,scrape_output\clean\元朝\輟耕錄\輟耕錄__juan_09.txt,7661,7604,0,separate,0.23821918597947653,wenyan-like,208152,0.00925765786540605,0.05799607978784734,15.463920742647632,0,0
元朝,137985,輟耕錄,輟耕錄/卷10,輟耕錄,10,scrape_output\raw\元朝\輟耕錄\輟耕錄__juan_10.txt,scrape_output\clean\元朝\輟耕錄\輟耕錄__juan_10.txt,7467,7446,0,separate,0.23821918597947653,wenyan-like,208152,0.00925765786540605,0.05799607978784734,15.463920742647632,0,0
元朝,137985,輟耕錄,輟耕錄/卷11,輟耕錄,11,scrape_output\raw\元朝\輟耕錄\輟耕錄__juan_11.txt,scrape_output\clean\元朝\輟耕錄\輟耕錄__juan_11.txt,7564,7488,0,separate,0.23821918597947653,wenyan-like,208152,0.00925765786540605,0.05799607978784734,15.463920742647632,0,0
元朝,137985,輟耕錄,輟耕錄/卷12,輟耕錄,12,scrape_output\raw\元朝\輟耕錄\輟耕錄__juan_12.txt,scrape_output\clean\元朝\輟耕錄\輟耕錄__juan_12.txt,7714,7305,0,separate,0.23821918597947653,wenyan-like,208152,0.00925765786540605,0.05799607978784734,15.463920742647632,0,0
元朝,137985,輟耕錄,輟耕錄/卷13,輟耕錄,13,scrape_output\raw\元朝\輟耕錄\輟耕錄__juan_13.txt,scrape_output\clean\元朝\輟耕錄\輟耕錄__juan_13.txt,7639,7575,0,separate,0.23821918597947653,wenyan-like,208152,0.00925765786540605,0.05799607978784734,15.463920742647632,0,0
元朝,137985,輟耕錄,輟耕錄/卷14,輟耕錄,14,scrape_output\raw\元朝\輟耕錄\輟耕錄__juan_14.txt,scrape_output\clean\元朝\輟耕錄\輟耕錄__juan_14.txt,7751,7743,0,separate,0.23821918597947653,wenyan-like,208152,0.00925765786540605,0.05799607978784734,15.463920742647632,0,0
元朝,137985,輟耕錄,輟耕錄/卷15,輟耕錄,15,scrape_output\raw\元朝\輟耕錄\輟耕錄__juan_15.txt,scrape_output\clean\元朝\輟耕錄\輟耕錄__juan_15.txt,7417,7406,0,separate,0.23821918597947653,wenyan-like,208152,0.00925765786540605,0.05799607978784734,15.463920742647632,0,0
元朝,137985,輟耕錄,輟耕錄/卷16,輟耕錄,16,scrape_output\raw\元朝\輟耕錄\輟耕錄__juan_16.txt,scrape_output\clean\元朝\輟耕錄\輟耕錄__juan_16.txt,7914,7472,0,separate,0.23821918597947653,wenyan-like,208152,0.00925765786540605,0.05799607978784734,15.463920742647632,0,0
元朝,137985,輟耕錄,輟耕錄/卷17,輟耕錄,17,scrape_output\raw\元朝\輟耕錄\輟耕錄__juan_17.txt,scrape_output\clean\元朝\輟耕錄\輟耕錄__juan_17.txt,7796,7684,0,separate,0.23821918597947653,wenyan-like,208152,0.00925765786540605,0.05799607978784734,15.463920742647632,0,0
元朝,137985,輟耕錄,輟耕錄/卷18,輟耕錄,18,scrape_output\raw\元朝\輟耕錄\輟耕錄__juan_18.txt,scrape_output\clean\元朝\輟耕錄\輟耕錄__juan_18.txt,7618,7569,0,separate,0.23821918597947653,wenyan-like,208152,0.00925765786540605,0.05799607978784734,15.463920742647632,0,0
元朝,137985,輟耕錄,輟耕錄/卷19,輟耕錄,19,scrape_output\raw\元朝\輟耕錄\輟耕錄__juan_19.txt,scrape_output\clean\元朝\輟耕錄\輟耕錄__juan_19.txt,7423,7379,0,separate,0.23821918597947653,wenyan-like,208152,0.00925765786540605,0.05799607978784734,15.463920742647632,0,0
元朝,137985,輟耕錄,輟耕錄/卷20,輟耕錄,20,scrape_output\raw\元朝\輟耕錄\輟耕錄__juan_20.txt,scrape_output\clean\元朝\輟耕錄\輟耕錄__juan_20.txt,7595,7546,0,separate,0.23821918597947653,wenyan-like,208152,0.00925765786540605,0.05799607978784734,15.463920742647632,0,0
元朝,137985,輟耕錄,輟耕錄/卷21,輟耕錄,21,scrape_output\raw\元朝\輟耕錄\輟耕錄__juan_21.txt,scrape_output\clean\元朝\輟耕錄\輟耕錄__juan_21.txt,7124,7033,0,separate,0.23821918597947653,wenyan-like,208152,0.00925765786540605,0.05799607978784734,15.463920742647632,0,0
元朝,137985,輟耕錄,輟耕錄/卷22,輟耕錄,22,scrape_output\raw\元朝\輟耕錄\輟耕錄__juan_22.txt,scrape_output\clean\元朝\輟耕錄\輟耕錄__juan_22.txt,7093,7081,0,separate,0.23821918597947653,wenyan-like,208152,0.00925765786540605,0.05799607978784734,15.463920742647632,0,0
元朝,137985,輟耕錄,輟耕錄/卷23,輟耕錄,23,scrape_output\raw\元朝\輟耕錄\輟耕錄__juan_23.txt,scrape_output\clean\元朝\輟耕錄\輟耕錄__juan_23.txt,7152,7116,0,separate,0.23821918597947653,wenyan-like,208152,0.00925765786540605,0.05799607978784734,15.463920742647632,0,0
元朝,137985,輟耕錄,輟耕錄/卷24,輟耕錄,24,scrape_output\raw\元朝\輟耕錄\輟耕錄__juan_24.txt,scrape_output\clean\元朝\輟耕錄\輟耕錄__juan_24.txt,6633,6566,0,separate,0.23821918597947653,wenyan-like,208152,0.00925765786540605,0.05799607978784734,15.463920742647632,0,0
元朝,137985,輟耕錄,輟耕錄/卷25,輟耕錄,25,scrape_output\raw\元朝\輟耕錄\輟耕錄__juan_25.txt,scrape_output\clean\元朝\輟耕錄\輟耕錄__juan_25.txt,5485,5418,0,separate,0.23821918597947653,wenyan-like,208152,0.00925765786540605,0.05799607978784734,15.463920742647632,0,0
元朝,137985,輟耕錄,輟耕錄/卷26,輟耕錄,26,scrape_output\raw\元朝\輟耕錄\輟耕錄__juan_26.txt,scrape_output\clean\元朝\輟耕錄\輟耕錄__juan_26.txt,6581,6558,0,separate,0.23821918597947653,wenyan-like,208152,0.00925765786540605,0.05799607978784734,15.463920742647632,0,0
元朝,137985,輟耕錄,輟耕錄/卷27,輟耕錄,27,scrape_output\raw\元朝\輟耕錄\輟耕錄__juan_27.txt,scrape_output\clean\元朝\輟耕錄\輟耕錄__juan_27.txt,6085,6042,0,separate,0.23821918597947653,wenyan-like,208152,0.00925765786540605,0.05799607978784734,15.463920742647632,0,0
元朝,137985,輟耕錄,輟耕錄/卷28,輟耕錄,28,scrape_output\raw\元朝\輟耕錄\輟耕錄__juan_28.txt,scrape_output\clean\元朝\輟耕錄\輟耕錄__juan_28.txt,7437,7357,0,separate,0.23821918597947653,wenyan-like,208152,0.00925765786540605,0.05799607978784734,15.463920742647632,0,0
元朝,137985,輟耕錄,輟耕錄/卷29,輟耕錄,29,scrape_output\raw\元朝\輟耕錄\輟耕錄__juan_29.txt,scrape_output\clean\元朝\輟耕錄\輟耕錄__juan_29.txt,6773,6679,0,separate,0.23821918597947653,wenyan-like,208152,0.00925765786540605,0.05799607978784734,15.463920742647632,0,0
元朝,137985,輟耕錄,輟耕錄/卷30,輟耕錄,30,scrape_output\raw\元朝\輟耕錄\輟耕錄__juan_30.txt,scrape_output\clean\元朝\輟耕錄\輟耕錄__juan_30.txt,8344,8301,0,separate,0.23821918597947653,wenyan-like,208152,0.00925765786540605,0.05799607978784734,15.463920742647632,0,0
元朝,886393,辛巳年二月初四日夜半後夢中作,辛巳年二月初四日夜半後夢中作,辛巳年二月初四日夜半後夢中作,1,scrape_output\raw\元朝\辛巳年二月初四日夜半後夢中作\辛巳年二月初四日夜半後夢中作__juan_01.txt,scrape_output\clean\元朝\辛巳年二月初四日夜半後夢中作\辛巳年二月初四日夜半後夢中作__juan_01.txt,113,69,0,separate,0.031746031746031744,unknown,63,0.0,0.015873015873015872,12.0,0,1
元朝,766424,辛酉立春日溪園試筆寄錢艾衲張雲莊二叟,辛酉立春日溪園試筆寄錢艾衲張雲莊二叟,辛酉立春日溪園試筆寄錢艾衲張雲莊二叟,1,scrape_output\raw\元朝\辛酉立春日溪園試筆寄錢艾衲張雲莊二叟\辛酉立春日溪園試筆寄錢艾衲張雲莊二叟__juan_01.txt,scrape_output\clean\元朝\辛酉立春日溪園試筆寄錢艾衲張雲莊二叟\辛酉立春日溪園試筆寄錢艾衲張雲莊二叟__juan_01.txt,149,105,0,separate,0.021052631578947368,unknown,95,0.0,0.010526315789473684,12.857142857142858,0,1
元朝,766380,辭帥幕後王左丞復以淮省都事過舉且送馬至以詩辭還,辭帥幕後王左丞復以淮省都事過舉且送馬至以詩辭還,辭帥幕後王左丞復以淮省都事過舉且送馬至以詩辭還,1,scrape_output\raw\元朝\辭帥幕後王左丞復以淮省都事過舉且送馬至以詩辭還\辭帥幕後王左丞復以淮省都事過舉且送馬至以詩辭還__juan_01.txt,scrape_output\clean\元朝\辭帥幕後王左丞復以淮省都事過舉且送馬至以詩辭還\辭帥幕後王左丞復以淮省都事過舉且送馬至以詩辭還__juan_01.txt,223,178,0,separate,-0.006250000000000002,unknown,160,0.00625,0.00625,13.727272727272727,0,1
元朝,101835,農桑衣食撮要,農桑衣食撮要/卷上,農桑衣食撮要,1,scrape_output\raw\元朝\農桑衣食撮要\農桑衣食撮要__juan_01.txt,scrape_output\clean\元朝\農桑衣食撮要\農桑衣食撮要__juan_01.txt,9921,9720,0,separate,0.17335973999593743,wenyan-like,9846,0.01625025391021735,0.03605525086329474,15.3518821603928,0,0
元朝,101835,農桑衣食撮要,農桑衣食撮要/張㮚序,農桑衣食撮要,2,scrape_output\raw\元朝\農桑衣食撮要\農桑衣食撮要__juan_02.txt,scrape_output\clean\元朝\農桑衣食撮要\農桑衣食撮要__juan_02.txt,395,294,0,separate,0.17335973999593743,wenyan-like,9846,0.01625025391021735,0.03605525086329474,15.3518821603928,0,0
元朝,101835,農桑衣食撮要,農桑衣食撮要/自序,農桑衣食撮要,3,scrape_output\raw\元朝\農桑衣食撮要\農桑衣食撮要__juan_03.txt,scrape_output\clean\元朝\農桑衣食撮要\農桑衣食撮要__juan_03.txt,461,369,0,separate,0.17335973999593743,wenyan-like,9846,0.01625025391021735,0.03605525086329474,15.3518821603928,0,0
元朝,135715,農桑輯要,農桑輯要/中書省致江浙行省印造《農桑輯要》咨文,農桑輯要,1,scrape_output\raw\元朝\農桑輯要\農桑輯要__juan_01.txt,scrape_output\clean\元朝\農桑輯要\農桑輯要__juan_01.txt,1221,1221,0,separate,0.05252901209642024,wenyan-like,56959,0.016081743008128653,0.0503871205604031,12.320914285714286,0,0
元朝,135715,農桑輯要,農桑輯要/卷之一,農桑輯要,2,scrape_output\raw\元朝\農桑輯要\農桑輯要__juan_02.txt,scrape_output\clean\元朝\農桑輯要\農桑輯要__juan_02.txt,4992,4864,0,separate,0.05252901209642024,wenyan-like,56959,0.016081743008128653,0.0503871205604031,12.320914285714286,0,0
元朝,135715,農桑輯要,農桑輯要/卷之三,農桑輯要,3,scrape_output\raw\元朝\農桑輯要\農桑輯要__juan_03.txt,scrape_output\clean\元朝\農桑輯要\農桑輯要__juan_03.txt,11487,10952,0,separate,0.05252901209642024,wenyan-like,56959,0.016081743008128653,0.0503871205604031,12.320914285714286,0,0
元朝,135715,農桑輯要,農桑輯要/卷之二,農桑輯要,4,scrape_output\raw\元朝\農桑輯要\農桑輯要__juan_04.txt,scrape_output\clean\元朝\農桑輯要\農桑輯要__juan_04.txt,13523,12961,0,separate,0.05252901209642024,wenyan-like,56959,0.016081743008128653,0.0503871205604031,12.320914285714286,0,0
元朝,135715,農桑輯要,農桑輯要/卷之五,農桑輯要,5,scrape_output\raw\元朝\農桑輯要\農桑輯要__juan_05.txt,scrape_output\clean\元朝\農桑輯要\農桑輯要__juan_05.txt,15379,14460,0,separate,0.05252901209642024,wenyan-like,56959,0.016081743008128653,0.0503871205604031,12.320914285714286,0,0
元朝,135715,農桑輯要,農桑輯要/卷之四,農桑輯要,6,scrape_output\raw\元朝\農桑輯要\農桑輯要__juan_06.txt,scrape_output\clean\元朝\農桑輯要\農桑輯要__juan_06.txt,15673,14763,0,separate,0.05252901209642024,wenyan-like,56959,0.016081743008128653,0.0503871205604031,12.320914285714286,0,0
元朝,135715,農桑輯要,農桑輯要/論九穀風土時月及苧麻木綿,農桑輯要,7,scrape_output\raw\元朝\農桑輯要\農桑輯要__juan_07.txt,scrape_output\clean\元朝\農桑輯要\農桑輯要__juan_07.txt,1087,987,0,separate,0.05252901209642024,wenyan-like,56959,0.016081743008128653,0.0503871205604031,12.320914285714286,0,0
元朝,885631,迎風館,迎風館,迎風館,1,scrape_output\raw\元朝\迎風館\迎風館__juan_01.txt,scrape_output\clean\元朝\迎風館\迎風館__juan_01.txt,133,89,0,separate,0.02531645569620253,unknown,79,0.0,0.012658227848101266,10.571428571428571,0,1
元朝,885806,近因北事和林親故離絶途次雲中先寄燕南一二知己,近因北事和林親故離絶途次雲中先寄燕南一二知己,近因北事和林親故離絶途次雲中先寄燕南一二知己,1,scrape_output\raw\元朝\近因北事和林親故離絶途次雲中先寄燕南一二知己\近因北事和林親故離絶途次雲中先寄燕南一二知己__juan_01.txt,scrape_output\clean\元朝\近因北事和林親故離絶途次雲中先寄燕南一二知己\近因北事和林親故離絶途次雲中先寄燕南一二知己__juan_01.txt,149,105,0,separate,0.010526315789473682,unknown,95,0.010526315789473684,0.021052631578947368,12.857142857142858,0,1
元朝,766466,近故,近故,近故,1,scrape_output\raw\元朝\近故\近故__juan_01.txt,scrape_output\clean\元朝\近故\近故__juan_01.txt,221,177,0,separate,-0.006410256410256412,unknown,156,0.00641025641025641,0.00641025641025641,9.0625,0,1
元朝,886187,近聞賢王春水因寄,近聞賢王春水因寄,近聞賢王春水因寄,1,scrape_output\raw\元朝\近聞賢王春水因寄\近聞賢王春水因寄__juan_01.txt,scrape_output\clean\元朝\近聞賢王春水因寄\近聞賢王春水因寄__juan_01.txt,149,105,0,separate,0.021052631578947368,unknown,95,0.0,0.010526315789473684,12.857142857142858,0,1
元朝,886627,近體隔句贈人,近體隔句贈人,近體隔句贈人,1,scrape_output\raw\元朝\近體隔句贈人\近體隔句贈人__juan_01.txt,scrape_output\clean\元朝\近體隔句贈人\近體隔句贈人__juan_01.txt,113,69,0,separate,0.06349206349206349,unknown,63,0.0,0.031746031746031744,12.0,0,1
元朝,885350,述實録四十韻,述實録四十韻,述實録四十韻,1,scrape_output\raw\元朝\述實録四十韻\述實録四十韻__juan_01.txt,scrape_output\clean\元朝\述實録四十韻\述實録四十韻__juan_01.txt,1383,1310,0,separate,0.06186440677966101,wenyan-like,1180,0.009322033898305085,0.044915254237288135,12.204301075268818,0,0
元朝,1179476,述懷 (薩都剌),述懷 (薩都剌),述懷 (薩都剌),1,scrape_output\raw\元朝\述懷 (薩都剌)\述懷 (薩都剌)__juan_01.txt,scrape_output\clean\元朝\述懷 (薩都剌)\述懷 (薩都剌)__juan_01.txt,149,105,0,separate,0.042105263157894736,unknown,95,0.0,0.021052631578947368,12.857142857142858,0,1
元朝,886719,述所聞,述所聞,述所聞,1,scrape_output\raw\元朝\述所聞\述所聞__juan_01.txt,scrape_output\clean\元朝\述所聞\述所聞__juan_01.txt,113,69,0,separate,0.09523809523809523,unknown,63,0.0,0.047619047619047616,12.0,0,1
元朝,885652,追悼大人領省,追悼大人領省,追悼大人領省,1,scrape_output\raw\元朝\追悼大人領省\追悼大人領省__juan_01.txt,scrape_output\clean\元朝\追悼大人領省\追悼大人領省__juan_01.txt,137,93,0,separate,-0.012345679012345678,unknown,81,0.012345679012345678,0.012345679012345678,9.5,0,1
元朝,886636,送丁仲華,送丁仲華,送丁仲華,1,scrape_output\raw\元朝\送丁仲華\送丁仲華__juan_01.txt,scrape_output\clean\元朝\送丁仲華\送丁仲華__juan_01.txt,113,69,0,separate,0.06349206349206349,unknown,63,0.0,0.031746031746031744,12.0,0,1
元朝,1179310,送丁太初赴永嘉學正十八韻,送丁太初赴永嘉學正十八韻,送丁太初赴永嘉學正十八韻,1,scrape_output\raw\元朝\送丁太初赴永嘉學正十八韻\送丁太初赴永嘉學正十八韻__juan_01.txt,scrape_output\clean\元朝\送丁太初赴永嘉學正十八韻\送丁太初赴永嘉學正十八韻__juan_01.txt,329,285,0,separate,0.016194331983805668,wenyan-like,247,0.0,0.008097165991902834,10.857142857142858,0,0
元朝,764821,送三士會試京師序,送三士會試京師序,送三士會試京師序,1,scrape_output\raw\元朝\送三士會試京師序\送三士會試京師序__juan_01.txt,scrape_output\clean\元朝\送三士會試京師序\送三士會試京師序__juan_01.txt,325,281,0,separate,0.32028985507246377,wenyan-like,276,0.0036231884057971015,0.09057971014492754,18.928571428571427,0,0
元朝,766458,送于子實辟淮閫掾,送于子實辟淮閫掾,送于子實辟淮閫掾,1,scrape_output\raw\元朝\送于子實辟淮閫掾\送于子實辟淮閫掾__juan_01.txt,scrape_output\clean\元朝\送于子實辟淮閫掾\送于子實辟淮閫掾__juan_01.txt,149,105,0,separate,-0.010526315789473686,unknown,95,0.010526315789473684,0.010526315789473684,12.857142857142858,0,1
元朝,885795,送人 (耶律鑄),送人 (耶律鑄),送人 (耶律鑄),1,scrape_output\raw\元朝\送人 (耶律鑄)\送人 (耶律鑄)__juan_01.txt,scrape_output\clean\元朝\送人 (耶律鑄)\送人 (耶律鑄)__juan_01.txt,149,105,0,separate,-0.0736842105263158,unknown,95,0.031578947368421054,0.010526315789473684,12.857142857142858,0,1
元朝,1179286,送人 (薩都剌),送人 (薩都剌),送人 (薩都剌),1,scrape_output\raw\元朝\送人 (薩都剌)\送人 (薩都剌)__juan_01.txt,scrape_output\clean\元朝\送人 (薩都剌)\送人 (薩都剌)__juan_01.txt,133,89,0,separate,0.05063291139240506,unknown,79,0.0,0.02531645569620253,10.571428571428571,0,1
元朝,768912,送人上燕,送人上燕,送人上燕,1,scrape_output\raw\元朝\送人上燕\送人上燕__juan_01.txt,scrape_output\clean\元朝\送人上燕\送人上燕__juan_01.txt,259,215,0,separate,0.005181347150259068,unknown,193,0.0051813471502590676,0.010362694300518135,14.0,0,1
元朝,1179285,送人之浙東,送人之浙東,送人之浙東,1,scrape_output\raw\元朝\送人之浙東\送人之浙東__juan_01.txt,scrape_output\clean\元朝\送人之浙東\送人之浙東__juan_01.txt,133,89,0,separate,-0.012658227848101267,unknown,79,0.012658227848101266,0.012658227848101266,10.571428571428571,0,1
元朝,1179533,送人之金陵,送人之金陵,送人之金陵,1,scrape_output\raw\元朝\送人之金陵\送人之金陵__juan_01.txt,scrape_output\clean\元朝\送人之金陵\送人之金陵__juan_01.txt,149,105,0,separate,0.021052631578947368,unknown,95,0.0,0.010526315789473684,12.857142857142858,0,1
元朝,1179302,送人兄弟相别,送人兄弟相别,送人兄弟相别,1,scrape_output\raw\元朝\送人兄弟相别\送人兄弟相别__juan_01.txt,scrape_output\clean\元朝\送人兄弟相别\送人兄弟相别__juan_01.txt,133,89,0,separate,0.02531645569620253,unknown,79,0.0,0.012658227848101266,10.571428571428571,0,1
元朝,886637,送人迴遊江南,送人迴遊江南,送人迴遊江南,1,scrape_output\raw\元朝\送人迴遊江南\送人迴遊江南__juan_01.txt,scrape_output\clean\元朝\送人迴遊江南\送人迴遊江南__juan_01.txt,113,69,0,separate,-0.031746031746031744,unknown,63,0.031746031746031744,0.031746031746031744,12.0,0,1
元朝,885322,送人還燕然,送人還燕然,送人還燕然,1,scrape_output\raw\元朝\送人還燕然\送人還燕然__juan_01.txt,scrape_output\clean\元朝\送人還燕然\送人還燕然__juan_01.txt,259,215,0,separate,-0.010695187165775399,unknown,187,0.0106951871657754,0.0106951871657754,10.8125,0,1
元朝,885356,送人還鎮陽,送人還鎮陽,送人還鎮陽,1,scrape_output\raw\元朝\送人還鎮陽\送人還鎮陽__juan_01.txt,scrape_output\clean\元朝\送人還鎮陽\送人還鎮陽__juan_01.txt,214,170,0,separate,-0.025974025974025972,unknown,154,0.012987012987012988,0.006493506493506494,14.6,0,1
元朝,765171,送何心傳序,送何心傳序,送何心傳序,1,scrape_output\raw\元朝\送何心傳序\送何心傳序__juan_01.txt,scrape_output\clean\元朝\送何心傳序\送何心傳序__juan_01.txt,550,506,0,separate,0.42217741935483866,wenyan-like,496,0.014112903225806451,0.15725806451612903,21.727272727272727,0,0
元朝,765029,送何生序,送何生序,送何生序,1,scrape_output\raw\元朝\送何生序\送何生序__juan_01.txt,scrape_output\clean\元朝\送何生序\送何生序__juan_01.txt,370,326,0,separate,0.4125,wenyan-like,320,0.00625,0.065625,28.272727272727273,0,0
元朝,886635,送侯君美,送侯君美,送侯君美,1,scrape_output\raw\元朝\送侯君美\送侯君美__juan_01.txt,scrape_output\clean\元朝\送侯君美\送侯君美__juan_01.txt,113,69,0,separate,-0.015873015873015872,unknown,63,0.015873015873015872,0.015873015873015872,12.0,0,1
元朝,1179455,送僉事王君實之淮東,送僉事王君實之淮東,送僉事王君實之淮東,1,scrape_output\raw\元朝\送僉事王君實之淮東\送僉事王君實之淮東__juan_01.txt,scrape_output\clean\元朝\送僉事王君實之淮東\送僉事王君實之淮東__juan_01.txt,149,105,0,separate,0.042105263157894736,unknown,95,0.0,0.021052631578947368,12.857142857142858,0,1
元朝,1179485,送僧歸廬山 (薩都剌),送僧歸廬山 (薩都剌),送僧歸廬山 (薩都剌),1,scrape_output\raw\元朝\送僧歸廬山 (薩都剌)\送僧歸廬山 (薩都剌)__juan_01.txt,scrape_output\clean\元朝\送僧歸廬山 (薩都剌)\送僧歸廬山 (薩都剌)__juan_01.txt,149,105,0,separate,0.021052631578947368,unknown,95,0.0,0.010526315789473684,12.857142857142858,0,1
元朝,1179522,送僧還江西,送僧還江西,送僧還江西,1,scrape_output\raw\元朝\送僧還江西\送僧還江西__juan_01.txt,scrape_output\clean\元朝\送僧還江西\送僧還江西__juan_01.txt,149,105,0,separate,0.021052631578947368,unknown,95,0.0,0.010526315789473684,12.857142857142858,0,1
元朝,885608,送元遺山行,送元遺山行,送元遺山行,1,scrape_output\raw\元朝\送元遺山行\送元遺山行__juan_01.txt,scrape_output\clean\元朝\送元遺山行\送元遺山行__juan_01.txt,133,89,0,separate,-0.012658227848101267,unknown,79,0.012658227848101266,0.012658227848101266,10.571428571428571,0,1
元朝,764944,送劉主事如京師序,送劉主事如京師序,送劉主事如京師序,1,scrape_output\raw\元朝\送劉主事如京師序\送劉主事如京師序__juan_01.txt,scrape_output\clean\元朝\送劉主事如京師序\送劉主事如京師序__juan_01.txt,641,597,0,separate,0.28846153846153844,wenyan-like,585,0.011965811965811967,0.08717948717948718,23.5,0,0
元朝,886630,送劉仲素行,送劉仲素行,送劉仲素行,1,scrape_output\raw\元朝\送劉仲素行\送劉仲素行__juan_01.txt,scrape_output\clean\元朝\送劉仲素行\送劉仲素行__juan_01.txt,113,69,0,separate,0.031746031746031744,unknown,63,0.0,0.015873015873015872,12.0,0,1
元朝,1179488,送劉子謙照磨之廣西,送劉子謙照磨之廣西,送劉子謙照磨之廣西,1,scrape_output\raw\元朝\送劉子謙照磨之廣西\送劉子謙照磨之廣西__juan_01.txt,scrape_output\clean\元朝\送劉子謙照磨之廣西\送劉子謙照磨之廣西__juan_01.txt,149,105,0,separate,0.021052631578947368,unknown,95,0.0,0.010526315789473684,12.857142857142858,0,1
元朝,1179499,送南臺察院吏馬允中臺,送南臺察院吏馬允中臺,送南臺察院吏馬允中臺,1,scrape_output\raw\元朝\送南臺察院吏馬允中臺\送南臺察院吏馬允中臺__juan_01.txt,scrape_output\clean\元朝\送南臺察院吏馬允中臺\送南臺察院吏馬允中臺__juan_01.txt,149,105,0,separate,0.021052631578947368,unknown,95,0.0,0.010526315789473684,12.857142857142858,0,1
元朝,1179250,送南臺從事劉子謙之遼東,送南臺從事劉子謙之遼東,送南臺從事劉子謙之遼東,1,scrape_output\raw\元朝\送南臺從事劉子謙之遼東\送南臺從事劉子謙之遼東__juan_01.txt,scrape_output\clean\元朝\送南臺從事劉子謙之遼東\送南臺從事劉子謙之遼東__juan_01.txt,133,89,0,separate,0.02531645569620253,unknown,79,0.0,0.012658227848101266,10.571428571428571,0,1
元朝,1179623,送友人之亰,送友人之亰,送友人之亰,1,scrape_output\raw\元朝\送友人之亰\送友人之亰__juan_01.txt,scrape_output\clean\元朝\送友人之亰\送友人之亰__juan_01.txt,149,105,0,separate,0.042105263157894736,unknown,95,0.0,0.021052631578947368,12.857142857142858,0,1
元朝,1179505,送友人之廣西,送友人之廣西,送友人之廣西,1,scrape_output\raw\元朝\送友人之廣西\送友人之廣西__juan_01.txt,scrape_output\clean\元朝\送友人之廣西\送友人之廣西__juan_01.txt,149,105,0,separate,0.021052631578947368,unknown,95,0.0,0.010526315789473684,12.857142857142858,0,1
元朝,1179644,送友人之金陵,送友人之金陵,送友人之金陵,1,scrape_output\raw\元朝\送友人之金陵\送友人之金陵__juan_01.txt,scrape_output\clean\元朝\送友人之金陵\送友人之金陵__juan_01.txt,221,177,0,separate,0.025157232704402517,unknown,159,0.0,0.012578616352201259,13.636363636363637,0,1
元朝,1179504,送友人進柑入亰,送友人進柑入亰,送友人進柑入亰,1,scrape_output\raw\元朝\送友人進柑入亰\送友人進柑入亰__juan_01.txt,scrape_output\clean\元朝\送友人進柑入亰\送友人進柑入亰__juan_01.txt,149,105,0,separate,0.06315789473684211,unknown,95,0.0,0.031578947368421054,12.857142857142858,0,1
元朝,1179493,送君卿伯循二御史廣東僉憲時僕在燕南,送君卿伯循二御史廣東僉憲時僕在燕南,送君卿伯循二御史廣東僉憲時僕在燕南,1,scrape_output\raw\元朝\送君卿伯循二御史廣東僉憲時僕在燕南\送君卿伯循二御史廣東僉憲時僕在燕南__juan_01.txt,scrape_output\clean\元朝\送君卿伯循二御史廣東僉憲時僕在燕南\送君卿伯循二御史廣東僉憲時僕在燕南__juan_01.txt,149,105,0,separate,0.021052631578947368,unknown,95,0.0,0.010526315789473684,12.857142857142858,0,1
元朝,765025,送吳子照遊閩序,送吳子照遊閩序,送吳子照遊閩序,1,scrape_output\raw\元朝\送吳子照遊閩序\送吳子照遊閩序__juan_01.txt,scrape_output\clean\元朝\送吳子照遊閩序\送吳子照遊閩序__juan_01.txt,416,372,0,separate,0.4576086956521739,wenyan-like,368,0.021739130434782608,0.11141304347826086,25.5,0,0
元朝,1179313,送吴寅甫之揚州,送吴寅甫之揚州,送吴寅甫之揚州,1,scrape_output\raw\元朝\送吴寅甫之揚州\送吴寅甫之揚州__juan_01.txt,scrape_output\clean\元朝\送吴寅甫之揚州\送吴寅甫之揚州__juan_01.txt,133,89,0,separate,-0.012658227848101267,unknown,79,0.012658227848101266,0.012658227848101266,10.571428571428571,0,1
元朝,1179293,送唐卿御史,送唐卿御史,送唐卿御史,1,scrape_output\raw\元朝\送唐卿御史\送唐卿御史__juan_01.txt,scrape_output\clean\元朝\送唐卿御史\送唐卿御史__juan_01.txt,133,89,0,separate,0.02531645569620253,unknown,79,0.0,0.012658227848101266,10.571428571428571,0,1
元朝,764949,送嘉興學吏徐德明考滿序,送嘉興學吏徐德明考滿序,送嘉興學吏徐德明考滿序,1,scrape_output\raw\元朝\送嘉興學吏徐德明考滿序\送嘉興學吏徐德明考滿序__juan_01.txt,scrape_output\clean\元朝\送嘉興學吏徐德明考滿序\送嘉興學吏徐德明考滿序__juan_01.txt,692,648,0,separate,0.28765822784810124,wenyan-like,632,0.007911392405063292,0.08069620253164557,23.5,0,0
元朝,765123,送墨生沈裕序,送墨生沈裕序,送墨生沈裕序,1,scrape_output\raw\元朝\送墨生沈裕序\送墨生沈裕序__juan_01.txt,scrape_output\clean\元朝\送墨生沈裕序\送墨生沈裕序__juan_01.txt,411,367,0,separate,0.3561281337047354,wenyan-like,359,0.027855153203342618,0.14484679665738162,21.625,0,0
元朝,766363,送太常奉禮郎劉仲庸以二宮命使南省織金段龍帳還京師,送太常奉禮郎劉仲庸以二宮命使南省織金段龍帳還京師,送太常奉禮郎劉仲庸以二宮命使南省織金段龍帳還京師,1,scrape_output\raw\元朝\送太常奉禮郎劉仲庸以二宮命使南省織金段龍帳還京師\送太常奉禮郎劉仲庸以二宮命使南省織金段龍帳還京師__juan_01.txt,scrape_output\clean\元朝\送太常奉禮郎劉仲庸以二宮命使南省織金段龍帳還京師\送太常奉禮郎劉仲庸以二宮命使南省織金段龍帳還京師__juan_01.txt,189,145,0,separate,0.015748031496062992,unknown,127,0.0,0.007874015748031496,10.727272727272727,0,1
元朝,885767,送子周行,送子周行,送子周行,1,scrape_output\raw\元朝\送子周行\送子周行__juan_01.txt,scrape_output\clean\元朝\送子周行\送子周行__juan_01.txt,149,105,0,separate,-0.010526315789473686,unknown,95,0.010526315789473684,0.010526315789473684,12.857142857142858,0,1
元朝,885797,送子文還家,送子文還家,送子文還家,1,scrape_output\raw\元朝\送子文還家\送子文還家__juan_01.txt,scrape_output\clean\元朝\送子文還家\送子文還家__juan_01.txt,149,105,0,separate,-0.042553191489361694,unknown,94,0.02127659574468085,0.010638297872340425,11.125,0,1
元朝,885768,送子華行,送子華行,送子華行,1,scrape_output\raw\元朝\送子華行\送子華行__juan_01.txt,scrape_output\clean\元朝\送子華行\送子華行__juan_01.txt,149,105,0,separate,0.021052631578947368,unknown,95,0.0,0.010526315789473684,12.857142857142858,0,1
元朝,764941,送孔漢臣之邵武經歷序,送孔漢臣之邵武經歷序,送孔漢臣之邵武經歷序,1,scrape_output\raw\元朝\送孔漢臣之邵武經歷序\送孔漢臣之邵武經歷序__juan_01.txt,scrape_output\clean\元朝\送孔漢臣之邵武經歷序\送孔漢臣之邵武經歷序__juan_01.txt,504,460,0,separate,0.52,wenyan-like,450,0.011111111111111112,0.12666666666666668,25.647058823529413,0,0
元朝,885769,送孟端卿,送孟端卿,送孟端卿,1,scrape_output\raw\元朝\送孟端卿\送孟端卿__juan_01.txt,scrape_output\clean\元朝\送孟端卿\送孟端卿__juan_01.txt,149,105,0,separate,0.05263157894736842,unknown,95,0.010526315789473684,0.042105263157894736,12.857142857142858,0,1
元朝,885764,送安善甫,送安善甫,送安善甫,1,scrape_output\raw\元朝\送安善甫\送安善甫__juan_01.txt,scrape_output\clean\元朝\送安善甫\送安善甫__juan_01.txt,149,105,0,separate,0.021052631578947368,unknown,95,0.0,0.010526315789473684,12.857142857142858,0,1
元朝,885610,送完顔奏差行,送完顔奏差行,送完顔奏差行,1,scrape_output\raw\元朝\送完顔奏差行\送完顔奏差行__juan_01.txt,scrape_output\clean\元朝\送完顔奏差行\送完顔奏差行__juan_01.txt,133,89,0,separate,0.012658227848101264,unknown,79,0.012658227848101266,0.02531645569620253,10.571428571428571,0,1
元朝,1179283,送宣古木,送宣古木,送宣古木,1,scrape_output\raw\元朝\送宣古木\送宣古木__juan_01.txt,scrape_output\clean\元朝\送宣古木\送宣古木__juan_01.txt,133,89,0,separate,0.02531645569620253,unknown,79,0.0,0.012658227848101266,10.571428571428571,0,1
元朝,885770,送寧朔,送寧朔,送寧朔,1,scrape_output\raw\元朝\送寧朔\送寧朔__juan_01.txt,scrape_output\clean\元朝\送寧朔\送寧朔__juan_01.txt,180,136,0,separate,-0.040983606557377046,unknown,122,0.02459016393442623,0.01639344262295082,10.636363636363637,0,1
元朝,874919,送岳德裕如大都,送岳德裕如大都,送岳德裕如大都,1,scrape_output\raw\元朝\送岳德裕如大都\送岳德裕如大都__juan_01.txt,scrape_output\clean\元朝\送岳德裕如大都\送岳德裕如大都__juan_01.txt,494,494,0,separate,0.06249999999999999,wenyan-like,480,0.008333333333333333,0.04375,12.714285714285714,0,0
元朝,764937,送平江路推官馮君序,送平江路推官馮君序,送平江路推官馮君序,1,scrape_output\raw\元朝\送平江路推官馮君序\送平江路推官馮君序__juan_01.txt,scrape_output\clean\元朝\送平江路推官馮君序\送平江路推官馮君序__juan_01.txt,529,485,0,separate,0.32052631578947366,wenyan-like,475,0.00631578947368421,0.09473684210526316,22.95,0,0
元朝,195709,送府推鄭君仁化令尹序,送府推鄭君仁化令尹序,送府推鄭君仁化令尹序,1,scrape_output\raw\元朝\送府推鄭君仁化令尹序\送府推鄭君仁化令尹序__juan_01.txt,scrape_output\clean\元朝\送府推鄭君仁化令尹序\送府推鄭君仁化令尹序__juan_01.txt,677,585,0,separate,0.2987179487179487,wenyan-like,585,0.008547008547008548,0.08717948717948718,20.666666666666668,0,0
元朝,1179616,送廣信司獄,送廣信司獄,送廣信司獄,1,scrape_output\raw\元朝\送廣信司獄\送廣信司獄__juan_01.txt,scrape_output\clean\元朝\送廣信司獄\送廣信司獄__juan_01.txt,221,177,0,separate,0.03773584905660377,unknown,159,0.0,0.018867924528301886,13.636363636363637,0,1
元朝,886029,送張夀甫尚書出尹河南,送張夀甫尚書出尹河南,送張夀甫尚書出尹河南,1,scrape_output\raw\元朝\送張夀甫尚書出尹河南\送張夀甫尚書出尹河南__juan_01.txt,scrape_output\clean\元朝\送張夀甫尚書出尹河南\送張夀甫尚書出尹河南__juan_01.txt,149,105,0,separate,0.021052631578947368,unknown,95,0.0,0.010526315789473684,12.857142857142858,0,1
元朝,764876,送張從德之湘鄉州判序,送張從德之湘鄉州判序,送張從德之湘鄉州判序,1,scrape_output\raw\元朝\送張從德之湘鄉州判序\送張從德之湘鄉州判序__juan_01.txt,scrape_output\clean\元朝\送張從德之湘鄉州判序\送張從德之湘鄉州判序__juan_01.txt,515,471,0,separate,0.4879049676025918,wenyan-like,463,0.01511879049676026,0.11663066954643629,26.470588235294116,0,0
元朝,1179498,送張都事南臺,送張都事南臺,送張都事南臺,1,scrape_output\raw\元朝\送張都事南臺\送張都事南臺__juan_01.txt,scrape_output\clean\元朝\送張都事南臺\送張都事南臺__juan_01.txt,149,105,0,separate,0.021052631578947368,unknown,95,0.0,0.010526315789473684,12.857142857142858,0,1
元朝,765023,送強彥栗遊京師序,送強彥栗遊京師序,送強彥栗遊京師序,1,scrape_output\raw\元朝\送強彥栗遊京師序\送強彥栗遊京師序__juan_01.txt,scrape_output\clean\元朝\送強彥栗遊京師序\送強彥栗遊京師序__juan_01.txt,526,482,0,separate,0.5615062761506275,wenyan-like,478,0.006276150627615063,0.1401673640167364,35.92307692307692,0,0
元朝,764936,送徐州路總管雷侯序,送徐州路總管雷侯序,送徐州路總管雷侯序,1,scrape_output\raw\元朝\送徐州路總管雷侯序\送徐州路總管雷侯序__juan_01.txt,scrape_output\clean\元朝\送徐州路總管雷侯序\送徐州路總管雷侯序__juan_01.txt,584,540,0,separate,0.32992424242424245,wenyan-like,528,0.013257575757575758,0.10984848484848485,23.181818181818183,0,0
元朝,1179646,送惟英之淮安,送惟英之淮安,送惟英之淮安,1,scrape_output\raw\元朝\送惟英之淮安\送惟英之淮安__juan_01.txt,scrape_output\clean\元朝\送惟英之淮安\送惟英之淮安__juan_01.txt,149,105,0,separate,0.06315789473684211,unknown,95,0.0,0.031578947368421054,12.857142857142858,0,1
元朝,764934,送旌德縣監亦憐真公秩滿序,送旌德縣監亦憐真公秩滿序,送旌德縣監亦憐真公秩滿序,1,scrape_output\raw\元朝\送旌德縣監亦憐真公秩滿序\送旌德縣監亦憐真公秩滿序__juan_01.txt,scrape_output\clean\元朝\送旌德縣監亦憐真公秩滿序\送旌德縣監亦憐真公秩滿序__juan_01.txt,493,449,0,separate,0.29123006833712983,wenyan-like,439,0.009111617312072893,0.08428246013667426,23.555555555555557,0,0
元朝,1179241,送景南彦上人歸江西,送景南彦上人歸江西,送景南彦上人歸江西,1,scrape_output\raw\元朝\送景南彦上人歸江西\送景南彦上人歸江西__juan_01.txt,scrape_output\clean\元朝\送景南彦上人歸江西\送景南彦上人歸江西__juan_01.txt,133,89,0,separate,0.05063291139240506,unknown,79,0.0,0.02531645569620253,10.571428571428571,0,1
元朝,765030,送李志學還吳序,送李志學還吳序,送李志學還吳序,1,scrape_output\raw\元朝\送李志學還吳序\送李志學還吳序__juan_01.txt,scrape_output\clean\元朝\送李志學還吳序\送李志學還吳序__juan_01.txt,442,397,0,separate,0.2785347043701799,wenyan-like,389,0.03598971722365039,0.11825192802056556,22.058823529411764,0,0
元朝,1179258,送李恕可隨王宗師入亰,送李恕可隨王宗師入亰,送李恕可隨王宗師入亰,1,scrape_output\raw\元朝\送李恕可隨王宗師入亰\送李恕可隨王宗師入亰__juan_01.txt,scrape_output\clean\元朝\送李恕可隨王宗師入亰\送李恕可隨王宗師入亰__juan_01.txt,133,89,0,separate,-0.012658227848101267,unknown,79,0.012658227848101266,0.012658227848101266,10.571428571428571,0,1
元朝,885609,送李敬齋行,送李敬齋行,送李敬齋行,1,scrape_output\raw\元朝\送李敬齋行\送李敬齋行__juan_01.txt,scrape_output\clean\元朝\送李敬齋行\送李敬齋行__juan_01.txt,133,89,0,separate,-0.012658227848101267,unknown,79,0.012658227848101266,0.012658227848101266,10.571428571428571,0,1
元朝,764947,送李景昭掾史考滿詩序,送李景昭掾史考滿詩序,送李景昭掾史考滿詩序,1,scrape_output\raw\元朝\送李景昭掾史考滿詩序\送李景昭掾史考滿詩序__juan_01.txt,scrape_output\clean\元朝\送李景昭掾史考滿詩序\送李景昭掾史考滿詩序__juan_01.txt,497,453,0,separate,0.41845637583892614,wenyan-like,447,0.008948545861297539,0.1476510067114094,22.68421052631579,0,0
元朝,882093,送李稚川,送李稚川,送李稚川,1,scrape_output\raw\元朝\送李稚川\送李稚川__juan_01.txt,scrape_output\clean\元朝\送李稚川\送李稚川__juan_01.txt,224,180,0,separate,0.0125,unknown,160,0.0,0.00625,12.583333333333334,0,1
元朝,874683,送杭州謝總管,送杭州謝總管,送杭州謝總管,1,scrape_output\raw\元朝\送杭州謝總管\送杭州謝總管__juan_01.txt,scrape_output\clean\元朝\送杭州謝總管\送杭州謝總管__juan_01.txt,64,64,0,separate,0.134375,unknown,64,0.015625,0.015625,15.0,0,1
元朝,764946,送杭州路推官陳侯執中序,送杭州路推官陳侯執中序,送杭州路推官陳侯執中序,1,scrape_output\raw\元朝\送杭州路推官陳侯執中序\送杭州路推官陳侯執中序__juan_01.txt,scrape_output\clean\元朝\送杭州路推官陳侯執中序\送杭州路推官陳侯執中序__juan_01.txt,537,493,0,separate,0.3487577639751553,wenyan-like,483,0.008281573498964804,0.11180124223602485,21.136363636363637,0,0
元朝,764820,送松江帥黃公入吳序,送松江帥黃公入吳序,送松江帥黃公入吳序,1,scrape_output\raw\元朝\送松江帥黃公入吳序\送松江帥黃公入吳序__juan_01.txt,scrape_output\clean\元朝\送松江帥黃公入吳序\送松江帥黃公入吳序__juan_01.txt,356,310,0,separate,0.25855263157894737,wenyan-like,304,0.003289473684210526,0.05921052631578947,22.692307692307693,0,0
元朝,885353,送楊子陽南還,送楊子陽南還,送楊子陽南還,1,scrape_output\raw\元朝\送楊子陽南還\送楊子陽南還__juan_01.txt,scrape_output\clean\元朝\送楊子陽南還\送楊子陽南還__juan_01.txt,181,137,0,separate,0.016260162601626018,unknown,123,0.0,0.008130081300813009,12.88888888888889,0,1
元朝,768864,送欽上人,送欽上人,送欽上人,1,scrape_output\raw\元朝\送欽上人\送欽上人__juan_01.txt,scrape_output\clean\元朝\送欽上人\送欽上人__juan_01.txt,149,105,0,separate,0.010526315789473682,unknown,95,0.010526315789473684,0.021052631578947368,12.857142857142858,0,1
元朝,885611,送正夫行,送正夫行,送正夫行,1,scrape_output\raw\元朝\送正夫行\送正夫行__juan_01.txt,scrape_output\clean\元朝\送正夫行\送正夫行__juan_01.txt,133,89,0,separate,0.05063291139240506,unknown,79,0.0,0.02531645569620253,10.571428571428571,0,1
元朝,764943,送江浙都府史倪光大如京師序,送江浙都府史倪光大如京師序,送江浙都府史倪光大如京師序,1,scrape_output\raw\元朝\送江浙都府史倪光大如京師序\送江浙都府史倪光大如京師序__juan_01.txt,scrape_output\clean\元朝\送江浙都府史倪光大如京師序\送江浙都府史倪光大如京師序__juan_01.txt,616,572,0,separate,0.4517857142857143,wenyan-like,560,0.008928571428571428,0.08928571428571429,27.2,0,0
元朝,764951,送浙江西憲書吏李公錫序,送浙江西憲書吏李公錫序,送浙江西憲書吏李公錫序,1,scrape_output\raw\元朝\送浙江西憲書吏李公錫序\送浙江西憲書吏李公錫序__juan_01.txt,scrape_output\clean\元朝\送浙江西憲書吏李公錫序\送浙江西憲書吏李公錫序__juan_01.txt,483,439,0,separate,0.37377622377622377,wenyan-like,429,0.009324009324009324,0.1258741258741259,19.571428571428573,0,0
元朝,885323,送潤甫行得水字,送潤甫行得水字,送潤甫行得水字,1,scrape_output\raw\元朝\送潤甫行得水字\送潤甫行得水字__juan_01.txt,scrape_output\clean\元朝\送潤甫行得水字\送潤甫行得水字__juan_01.txt,133,89,0,separate,0.05063291139240506,unknown,79,0.0,0.02531645569620253,10.571428571428571,0,1
元朝,768911,送無咎游金陵兼柬丁仲容隱居,送無咎游金陵兼柬丁仲容隱居,送無咎游金陵兼柬丁仲容隱居,1,scrape_output\raw\元朝\送無咎游金陵兼柬丁仲容隱居\送無咎游金陵兼柬丁仲容隱居__juan_01.txt,scrape_output\clean\元朝\送無咎游金陵兼柬丁仲容隱居\送無咎游金陵兼柬丁仲容隱居__juan_01.txt,257,213,0,separate,0.05235602094240838,unknown,191,0.0,0.02617801047120419,13.846153846153847,0,1
元朝,886633,送焦國寶,送焦國寶,送焦國寶,1,scrape_output\raw\元朝\送焦國寶\送焦國寶__juan_01.txt,scrape_output\clean\元朝\送焦國寶\送焦國寶__juan_01.txt,113,69,0,separate,0.031746031746031744,unknown,63,0.0,0.015873015873015872,12.0,0,1
元朝,886634,送王君璋,送王君璋,送王君璋,1,scrape_output\raw\元朝\送王君璋\送王君璋__juan_01.txt,scrape_output\clean\元朝\送王君璋\送王君璋__juan_01.txt,113,69,0,separate,0.031746031746031744,unknown,63,0.0,0.015873015873015872,12.0,0,1
元朝,766374,送王季德主事祠南鎮還京,送王季德主事祠南鎮還京,送王季德主事祠南鎮還京,1,scrape_output\raw\元朝\送王季德主事祠南鎮還京\送王季德主事祠南鎮還京__juan_01.txt,scrape_output\clean\元朝\送王季德主事祠南鎮還京\送王季德主事祠南鎮還京__juan_01.txt,149,105,0,separate,-0.04210526315789474,unknown,95,0.021052631578947368,0.010526315789473684,12.857142857142858,0,1
元朝,886632,送王彦髙,送王彦髙,送王彦髙,1,scrape_output\raw\元朝\送王彦髙\送王彦髙__juan_01.txt,scrape_output\clean\元朝\送王彦髙\送王彦髙__juan_01.txt,113,69,0,separate,0.015873015873015872,unknown,63,0.015873015873015872,0.031746031746031744,12.0,0,1
元朝,1179570,送王御史,送王御史,送王御史,1,scrape_output\raw\元朝\送王御史\送王御史__juan_01.txt,scrape_output\clean\元朝\送王御史\送王御史__juan_01.txt,149,105,0,separate,0.021052631578947368,unknown,95,0.0,0.010526315789473684,12.857142857142858,0,1
元朝,1179558,送王習靈新授宗師朝亰,送王習靈新授宗師朝亰,送王習靈新授宗師朝亰,1,scrape_output\raw\元朝\送王習靈新授宗師朝亰\送王習靈新授宗師朝亰__juan_01.txt,scrape_output\clean\元朝\送王習靈新授宗師朝亰\送王習靈新授宗師朝亰__juan_01.txt,149,105,0,separate,0.042105263157894736,unknown,95,0.0,0.021052631578947368,12.857142857142858,0,1
元朝,764950,送理問所掾史王安正考滿序,送理問所掾史王安正考滿序,送理問所掾史王安正考滿序,1,scrape_output\raw\元朝\送理問所掾史王安正考滿序\送理問所掾史王安正考滿序__juan_01.txt,scrape_output\clean\元朝\送理問所掾史王安正考滿序\送理問所掾史王安正考滿序__juan_01.txt,431,387,0,separate,0.2643617021276595,wenyan-like,376,0.023936170212765957,0.09308510638297872,24.333333333333332,0,0
元朝,764956,送甘肅省參政王公序,送甘肅省參政王公序,送甘肅省參政王公序,1,scrape_output\raw\元朝\送甘肅省參政王公序\送甘肅省參政王公序__juan_01.txt,scrape_output\clean\元朝\送甘肅省參政王公序\送甘肅省參政王公序__juan_01.txt,446,402,0,separate,0.36683673469387756,wenyan-like,392,0.002551020408163265,0.11224489795918367,22.235294117647058,0,0
元朝,886639,送田鍊師行,送田鍊師行,送田鍊師行,1,scrape_output\raw\元朝\送田鍊師行\送田鍊師行__juan_01.txt,scrape_output\clean\元朝\送田鍊師行\送田鍊師行__juan_01.txt,113,69,0,separate,0.031746031746031744,unknown,63,0.0,0.015873015873015872,12.0,0,1
元朝,764933,送監郡觀閭公秩滿序,送監郡觀閭公秩滿序,送監郡觀閭公秩滿序,1,scrape_output\raw\元朝\送監郡觀閭公秩滿序\送監郡觀閭公秩滿序__juan_01.txt,scrape_output\clean\元朝\送監郡觀閭公秩滿序\送監郡觀閭公秩滿序__juan_01.txt,526,482,0,separate,0.4,wenyan-like,472,0.0,0.125,18.0,0,0
元朝,764945,送省理問所提控范致道序,送省理問所提控范致道序,送省理問所提控范致道序,1,scrape_output\raw\元朝\送省理問所提控范致道序\送省理問所提控范致道序__juan_01.txt,scrape_output\clean\元朝\送省理問所提控范致道序\送省理問所提控范致道序__juan_01.txt,534,490,0,separate,0.2682572614107884,wenyan-like,482,0.03112033195020747,0.10580912863070539,23.2,0,0
元朝,1179236,送石民瞻過吳江訪友,送石民瞻過吳江訪友,送石民瞻過吳江訪友,1,scrape_output\raw\元朝\送石民瞻過吳江訪友\送石民瞻過吳江訪友__juan_01.txt,scrape_output\clean\元朝\送石民瞻過吳江訪友\送石民瞻過吳江訪友__juan_01.txt,136,92,0,separate,0.05,unknown,80,0.0,0.025,9.25,0,1
元朝,764818,送祝正夫赴召如京序,送祝正夫赴召如京序,送祝正夫赴召如京序,1,scrape_output\raw\元朝\送祝正夫赴召如京序\送祝正夫赴召如京序__juan_01.txt,scrape_output\clean\元朝\送祝正夫赴召如京序\送祝正夫赴召如京序__juan_01.txt,365,321,0,separate,0.4419558359621451,wenyan-like,317,0.00946372239747634,0.08517350157728706,25.583333333333332,0,0
元朝,1179268,送管元帥南征,送管元帥南征,送管元帥南征,1,scrape_output\raw\元朝\送管元帥南征\送管元帥南征__juan_01.txt,scrape_output\clean\元朝\送管元帥南征\送管元帥南征__juan_01.txt,133,89,0,separate,-0.012658227848101267,unknown,79,0.012658227848101266,0.012658227848101266,10.571428571428571,0,1
元朝,1179431,送管十班監憲除廣西宣慰使,送管十班監憲除廣西宣慰使,送管十班監憲除廣西宣慰使,1,scrape_output\raw\元朝\送管十班監憲除廣西宣慰使\送管十班監憲除廣西宣慰使__juan_01.txt,scrape_output\clean\元朝\送管十班監憲除廣西宣慰使\送管十班監憲除廣西宣慰使__juan_01.txt,149,105,0,separate,-0.010526315789473686,unknown,95,0.010526315789473684,0.010526315789473684,12.857142857142858,0,1
元朝,886031,送米君周還鎮陽,送米君周還鎮陽,送米君周還鎮陽,1,scrape_output\raw\元朝\送米君周還鎮陽\送米君周還鎮陽__juan_01.txt,scrape_output\clean\元朝\送米君周還鎮陽\送米君周還鎮陽__juan_01.txt,149,105,0,separate,-0.052631578947368425,unknown,95,0.031578947368421054,0.021052631578947368,12.857142857142858,0,1
元朝,764815,送經理官成教授還京序,送經理官成教授還京序,送經理官成教授還京序,1,scrape_output\raw\元朝\送經理官成教授還京序\送經理官成教授還京序__juan_01.txt,scrape_output\clean\元朝\送經理官成教授還京序\送經理官成教授還京序__juan_01.txt,399,355,0,separate,0.3547550432276657,wenyan-like,347,0.025936599423631124,0.06628242074927954,30.818181818181817,0,0
元朝,1179234,送聞師之五臺,送聞師之五臺,送聞師之五臺,1,scrape_output\raw\元朝\送聞師之五臺\送聞師之五臺__juan_01.txt,scrape_output\clean\元朝\送聞師之五臺\送聞師之五臺__juan_01.txt,133,89,0,separate,0.02531645569620253,unknown,79,0.0,0.012658227848101266,10.571428571428571,0,1
元朝,885324,送胡夀卿南歸,送胡夀卿南歸,送胡夀卿南歸,1,scrape_output\raw\元朝\送胡夀卿南歸\送胡夀卿南歸__juan_01.txt,scrape_output\clean\元朝\送胡夀卿南歸\送胡夀卿南歸__juan_01.txt,217,173,0,separate,0.026490066225165563,unknown,151,0.0,0.013245033112582781,10.76923076923077,0,1
元朝,1179259,送莫秀才歸番陽,送莫秀才歸番陽,送莫秀才歸番陽,1,scrape_output\raw\元朝\送莫秀才歸番陽\送莫秀才歸番陽__juan_01.txt,scrape_output\clean\元朝\送莫秀才歸番陽\送莫秀才歸番陽__juan_01.txt,133,89,0,separate,-0.012658227848101267,unknown,79,0.012658227848101266,0.012658227848101266,10.571428571428571,0,1
元朝,766460,送葛玄素住持普福宮,送葛玄素住持普福宮,送葛玄素住持普福宮,1,scrape_output\raw\元朝\送葛玄素住持普福宮\送葛玄素住持普福宮__juan_01.txt,scrape_output\clean\元朝\送葛玄素住持普福宮\送葛玄素住持普福宮__juan_01.txt,149,105,0,separate,0.021052631578947368,unknown,95,0.0,0.010526315789473684,12.857142857142858,0,1
元朝,766379,送薛鶴齋真人代祀天妃還京,送薛鶴齋真人代祀天妃還京,送薛鶴齋真人代祀天妃還京,1,scrape_output\raw\元朝\送薛鶴齋真人代祀天妃還京\送薛鶴齋真人代祀天妃還京__juan_01.txt,scrape_output\clean\元朝\送薛鶴齋真人代祀天妃還京\送薛鶴齋真人代祀天妃還京__juan_01.txt,149,105,0,separate,-0.010526315789473686,unknown,95,0.010526315789473684,0.010526315789473684,12.857142857142858,0,1
元朝,886638,送行人二首,送行人二首,送行人二首,1,scrape_output\raw\元朝\送行人二首\送行人二首__juan_01.txt,scrape_output\clean\元朝\送行人二首\送行人二首__juan_01.txt,149,105,0,separate,0.010526315789473682,unknown,95,0.010526315789473684,0.021052631578947368,12.857142857142858,0,1
元朝,766373,送觀可道郎中祠南鎮使淮府還京,送觀可道郎中祠南鎮使淮府還京,送觀可道郎中祠南鎮使淮府還京,1,scrape_output\raw\元朝\送觀可道郎中祠南鎮使淮府還京\送觀可道郎中祠南鎮使淮府還京__juan_01.txt,scrape_output\clean\元朝\送觀可道郎中祠南鎮使淮府還京\送觀可道郎中祠南鎮使淮府還京__juan_01.txt,221,177,0,separate,0.0062893081761006275,unknown,159,0.006289308176100629,0.012578616352201259,13.636363636363637,0,1
元朝,1179255,送觀志能分得君字忠能與僕同榜又同南臺從事，考滿壯還,送觀志能分得君字忠能與僕同榜又同南臺從事，考滿壯還,送觀志能分得君字忠能與僕同榜又同南臺從事，考滿壯還,1,scrape_output\raw\元朝\送觀志能分得君字忠能與僕同榜又同南臺從事，考滿壯還\送觀志能分得君字忠能與僕同榜又同南臺從事，考滿壯還__juan_01.txt,scrape_output\clean\元朝\送觀志能分得君字忠能與僕同榜又同南臺從事，考滿壯還\送觀志能分得君字忠能與僕同榜又同南臺從事，考滿壯還__juan_01.txt,133,89,0,separate,0.012658227848101264,unknown,79,0.012658227848101266,0.02531645569620253,10.571428571428571,0,1
元朝,1179221,送訢笑隠住龍翔寺,送訢笑隠住龍翔寺,送訢笑隠住龍翔寺,1,scrape_output\raw\元朝\送訢笑隠住龍翔寺\送訢笑隠住龍翔寺__juan_01.txt,scrape_output\clean\元朝\送訢笑隠住龍翔寺\送訢笑隠住龍翔寺__juan_01.txt,149,105,0,separate,0.010526315789473682,unknown,95,0.010526315789473684,0.021052631578947368,12.857142857142858,0,1
元朝,886629,送許大用還渾水,送許大用還渾水,送許大用還渾水,1,scrape_output\raw\元朝\送許大用還渾水\送許大用還渾水__juan_01.txt,scrape_output\clean\元朝\送許大用還渾水\送許大用還渾水__juan_01.txt,113,69,0,separate,0.031746031746031744,unknown,63,0.0,0.015873015873015872,12.0,0,1
元朝,885766,送誠之行,送誠之行,送誠之行,1,scrape_output\raw\元朝\送誠之行\送誠之行__juan_01.txt,scrape_output\clean\元朝\送誠之行\送誠之行__juan_01.txt,149,105,0,separate,0.010526315789473682,unknown,95,0.010526315789473684,0.021052631578947368,12.857142857142858,0,1
元朝,764865,送譚知事赴河南省掾序,送譚知事赴河南省掾序,送譚知事赴河南省掾序,1,scrape_output\raw\元朝\送譚知事赴河南省掾序\送譚知事赴河南省掾序__juan_01.txt,scrape_output\clean\元朝\送譚知事赴河南省掾序\送譚知事赴河南省掾序__juan_01.txt,528,484,0,separate,0.22594936708860758,wenyan-like,474,0.02109704641350211,0.06962025316455696,20.681818181818183,0,0
元朝,765136,送象元淑公住持南湖序,送象元淑公住持南湖序,送象元淑公住持南湖序,1,scrape_output\raw\元朝\送象元淑公住持南湖序\送象元淑公住持南湖序__juan_01.txt,scrape_output\clean\元朝\送象元淑公住持南湖序\送象元淑公住持南湖序__juan_01.txt,523,479,0,separate,0.4401273885350318,wenyan-like,471,0.012738853503184714,0.08917197452229299,25.38888888888889,0,0
元朝,885762,送賈彥從,送賈彥從,送賈彥從,1,scrape_output\raw\元朝\送賈彥從\送賈彥從__juan_01.txt,scrape_output\clean\元朝\送賈彥從\送賈彥從__juan_01.txt,149,105,0,separate,0.042105263157894736,unknown,95,0.0,0.021052631578947368,12.857142857142858,0,1
元朝,886223,送趙伯玉行,送趙伯玉行,送趙伯玉行,1,scrape_output\raw\元朝\送趙伯玉行\送趙伯玉行__juan_01.txt,scrape_output\clean\元朝\送趙伯玉行\送趙伯玉行__juan_01.txt,105,61,0,separate,0.03636363636363636,unknown,55,0.0,0.01818181818181818,10.4,0,1
元朝,885355,送趙敬叔,送趙敬叔,送趙敬叔,1,scrape_output\raw\元朝\送趙敬叔\送趙敬叔__juan_01.txt,scrape_output\clean\元朝\送趙敬叔\送趙敬叔__juan_01.txt,249,205,0,separate,0.0273224043715847,unknown,183,0.00546448087431694,0.02185792349726776,13.23076923076923,0,1
元朝,1179277,送道士良豸冠還楚丘,送道士良豸冠還楚丘,送道士良豸冠還楚丘,1,scrape_output\raw\元朝\送道士良豸冠還楚丘\送道士良豸冠還楚丘__juan_01.txt,scrape_output\clean\元朝\送道士良豸冠還楚丘\送道士良豸冠還楚丘__juan_01.txt,133,89,0,separate,0.02531645569620253,unknown,79,0.0,0.012658227848101266,10.571428571428571,0,1
元朝,891523,送郑汝玉归莆关,送郑汝玉归莆关,送郑汝玉归莆关,1,scrape_output\raw\元朝\送郑汝玉归莆关\送郑汝玉归莆关__juan_01.txt,scrape_output\clean\元朝\送郑汝玉归莆关\送郑汝玉归莆关__juan_01.txt,70,70,0,separate,0.18125,unknown,64,0.0,0.015625,15.0,0,1
元朝,195708,送郡史况有容之肇慶,送郡史况有容之肇慶,送郡史况有容之肇慶,1,scrape_output\raw\元朝\送郡史况有容之肇慶\送郡史况有容之肇慶__juan_01.txt,scrape_output\clean\元朝\送郡史况有容之肇慶\送郡史况有容之肇慶__juan_01.txt,392,300,0,separate,0.41666666666666663,wenyan-like,300,0.006666666666666667,0.14333333333333334,22.076923076923077,0,0
元朝,765143,送鄉人韓道師歸會稽序,送鄉人韓道師歸會稽序,送鄉人韓道師歸會稽序,1,scrape_output\raw\元朝\送鄉人韓道師歸會稽序\送鄉人韓道師歸會稽序__juan_01.txt,scrape_output\clean\元朝\送鄉人韓道師歸會稽序\送鄉人韓道師歸會稽序__juan_01.txt,643,599,0,separate,0.37241086587436334,wenyan-like,589,0.0050933786078098476,0.11884550084889643,24.73913043478261,0,0
元朝,765022,送鄒生奕會試京師序,送鄒生奕會試京師序,送鄒生奕會試京師序,1,scrape_output\raw\元朝\送鄒生奕會試京師序\送鄒生奕會試京師序__juan_01.txt,scrape_output\clean\元朝\送鄒生奕會試京師序\送鄒生奕會試京師序__juan_01.txt,532,488,0,separate,0.5354166666666667,wenyan-like,480,0.01875,0.14583333333333334,25.833333333333332,0,0
元朝,1179272,送金德啓之句容,送金德啓之句容,送金德啓之句容,1,scrape_output\raw\元朝\送金德啓之句容\送金德啓之句容__juan_01.txt,scrape_output\clean\元朝\送金德啓之句容\送金德啓之句容__juan_01.txt,133,89,0,separate,0.05063291139240506,unknown,79,0.0,0.02531645569620253,10.571428571428571,0,1
元朝,764879,送錢伯舉衢州錄判序,送錢伯舉衢州錄判序,送錢伯舉衢州錄判序,1,scrape_output\raw\元朝\送錢伯舉衢州錄判序\送錢伯舉衢州錄判序__juan_01.txt,scrape_output\clean\元朝\送錢伯舉衢州錄判序\送錢伯舉衢州錄判序__juan_01.txt,462,418,0,separate,0.3231707317073171,wenyan-like,410,0.007317073170731708,0.0975609756097561,21.944444444444443,0,0
元朝,1179363,送鏡中圓上人遊錢塘,送鏡中圓上人遊錢塘,送鏡中圓上人遊錢塘,1,scrape_output\raw\元朝\送鏡中圓上人遊錢塘\送鏡中圓上人遊錢塘__juan_01.txt,scrape_output\clean\元朝\送鏡中圓上人遊錢塘\送鏡中圓上人遊錢塘__juan_01.txt,113,69,0,separate,0.031746031746031744,unknown,63,0.0,0.015873015873015872,12.0,0,1
元朝,766391,送陳檢校從藩臣分鎮淮安,送陳檢校從藩臣分鎮淮安,送陳檢校從藩臣分鎮淮安,1,scrape_output\raw\元朝\送陳檢校從藩臣分鎮淮安\送陳檢校從藩臣分鎮淮安__juan_01.txt,scrape_output\clean\元朝\送陳檢校從藩臣分鎮淮安\送陳檢校從藩臣分鎮淮安__juan_01.txt,149,105,0,separate,0.021052631578947368,unknown,95,0.0,0.010526315789473684,12.857142857142858,0,1
元朝,764867,送陳汝嘉漕掾秩滿序,送陳汝嘉漕掾秩滿序,送陳汝嘉漕掾秩滿序,1,scrape_output\raw\元朝\送陳汝嘉漕掾秩滿序\送陳汝嘉漕掾秩滿序__juan_01.txt,scrape_output\clean\元朝\送陳汝嘉漕掾秩滿序\送陳汝嘉漕掾秩滿序__juan_01.txt,548,504,0,separate,0.3744897959183673,wenyan-like,490,0.00816326530612245,0.12448979591836734,21.40909090909091,0,0
元朝,765173,送陳生彥高序,送陳生彥高序,送陳生彥高序,1,scrape_output\raw\元朝\送陳生彥高序\送陳生彥高序__juan_01.txt,scrape_output\clean\元朝\送陳生彥高序\送陳生彥高序__juan_01.txt,461,417,0,separate,0.4311735941320294,wenyan-like,409,0.007334963325183374,0.15158924205378974,18.61904761904762,0,0
元朝,764819,送陳錢趙三賢良赴京序,送陳錢趙三賢良赴京序,送陳錢趙三賢良赴京序,1,scrape_output\raw\元朝\送陳錢趙三賢良赴京序\送陳錢趙三賢良赴京序__juan_01.txt,scrape_output\clean\元朝\送陳錢趙三賢良赴京序\送陳錢趙三賢良赴京序__juan_01.txt,586,542,0,separate,0.3738805970149254,wenyan-like,536,0.011194029850746268,0.1287313432835821,23.5,0,0
元朝,1179628,送韓司業,送韓司業,送韓司業,1,scrape_output\raw\元朝\送韓司業\送韓司業__juan_01.txt,scrape_output\clean\元朝\送韓司業\送韓司業__juan_01.txt,149,105,0,separate,-0.010526315789473686,unknown,95,0.010526315789473684,0.010526315789473684,12.857142857142858,0,1
元朝,765027,送韓奕遊吳興序,送韓奕遊吳興序,送韓奕遊吳興序,1,scrape_output\raw\元朝\送韓奕遊吳興序\送韓奕遊吳興序__juan_01.txt,scrape_output\clean\元朝\送韓奕遊吳興序\送韓奕遊吳興序__juan_01.txt,421,377,0,separate,0.27195121951219514,wenyan-like,369,0.024390243902439025,0.0975609756097561,19.77777777777778,0,0
元朝,885796,送韓浩然,送韓浩然,送韓浩然,1,scrape_output\raw\元朝\送韓浩然\送韓浩然__juan_01.txt,scrape_output\clean\元朝\送韓浩然\送韓浩然__juan_01.txt,149,105,0,separate,0.021052631578947368,unknown,95,0.0,0.010526315789473684,12.857142857142858,0,1
元朝,768863,送頤上人歸日本,送頤上人歸日本,送頤上人歸日本,1,scrape_output\raw\元朝\送頤上人歸日本\送頤上人歸日本__juan_01.txt,scrape_output\clean\元朝\送頤上人歸日本\送頤上人歸日本__juan_01.txt,149,105,0,separate,0.042105263157894736,unknown,95,0.0,0.021052631578947368,12.857142857142858,0,1
元朝,1179627,送馬伯庸子之亰,送馬伯庸子之亰,送馬伯庸子之亰,1,scrape_output\raw\元朝\送馬伯庸子之亰\送馬伯庸子之亰__juan_01.txt,scrape_output\clean\元朝\送馬伯庸子之亰\送馬伯庸子之亰__juan_01.txt,185,141,0,separate,0.015748031496062992,unknown,127,0.0,0.007874015748031496,13.333333333333334,0,1
元朝,885763,送馮贇,送馮贇,送馮贇,1,scrape_output\raw\元朝\送馮贇\送馮贇__juan_01.txt,scrape_output\clean\元朝\送馮贇\送馮贇__juan_01.txt,158,112,0,separate,-0.039999999999999994,unknown,100,0.02,0.01,10.555555555555555,0,1
元朝,885765,送魏隱居,送魏隱居,送魏隱居,1,scrape_output\raw\元朝\送魏隱居\送魏隱居__juan_01.txt,scrape_output\clean\元朝\送魏隱居\送魏隱居__juan_01.txt,149,105,0,separate,0.031578947368421054,unknown,95,0.010526315789473684,0.031578947368421054,12.857142857142858,0,1
元朝,1179631,送鶴林長老胡桃一褁茶三角,送鶴林長老胡桃一褁茶三角,送鶴林長老胡桃一褁茶三角,1,scrape_output\raw\元朝\送鶴林長老胡桃一褁茶三角\送鶴林長老胡桃一褁茶三角__juan_01.txt,scrape_output\clean\元朝\送鶴林長老胡桃一褁茶三角\送鶴林長老胡桃一褁茶三角__juan_01.txt,149,105,0,separate,0.06315789473684211,unknown,95,0.0,0.031578947368421054,12.857142857142858,0,1
元朝,765028,送齊易岩序,送齊易岩序,送齊易岩序,1,scrape_output\raw\元朝\送齊易岩序\送齊易岩序__juan_01.txt,scrape_output\clean\元朝\送齊易岩序\送齊易岩序__juan_01.txt,850,806,0,separate,0.41262626262626256,wenyan-like,792,0.012626262626262626,0.15025252525252525,22.41176470588235,0,0
元朝,1179494,送龍翔寺約上人之俗歸宜興狀寺,送龍翔寺約上人之俗歸宜興狀寺,送龍翔寺約上人之俗歸宜興狀寺,1,scrape_output\raw\元朝\送龍翔寺約上人之俗歸宜興狀寺\送龍翔寺約上人之俗歸宜興狀寺__juan_01.txt,scrape_output\clean\元朝\送龍翔寺約上人之俗歸宜興狀寺\送龍翔寺約上人之俗歸宜興狀寺__juan_01.txt,149,105,0,separate,-0.04210526315789474,unknown,95,0.021052631578947368,0.010526315789473684,12.857142857142858,0,1
元朝,885354,送𤣥之,送𤣥之,送𤣥之,1,scrape_output\raw\元朝\送𤣥之\送𤣥之__juan_01.txt,scrape_output\clean\元朝\送𤣥之\送𤣥之__juan_01.txt,293,249,0,separate,0.02242152466367713,wenyan-like,223,0.004484304932735426,0.017937219730941704,14.0,0,0
元朝,885759,途中值雪,途中值雪,途中值雪,1,scrape_output\raw\元朝\途中值雪\途中值雪__juan_01.txt,scrape_output\clean\元朝\途中值雪\途中值雪__juan_01.txt,149,105,0,separate,0.010526315789473682,unknown,95,0.010526315789473684,0.021052631578947368,12.857142857142858,0,1
元朝,172235,通州城下雨沾巾,通州城下雨沾巾,通州城下雨沾巾,1,scrape_output\raw\元朝\通州城下雨沾巾\通州城下雨沾巾__juan_01.txt,scrape_output\clean\元朝\通州城下雨沾巾\通州城下雨沾巾__juan_01.txt,126,34,0,separate,0.2125,unknown,32,0.0,0.03125,15.0,0,1
元朝,170180,通鑑釋文辯誤,通鑑釋文辯誤/卷第一,通鑑釋文辯誤,1,scrape_output\raw\元朝\通鑑釋文辯誤\通鑑釋文辯誤__juan_01.txt,scrape_output\clean\元朝\通鑑釋文辯誤\通鑑釋文辯誤__juan_01.txt,8762,8593,0,separate,0.24214959160425603,wenyan-like,41259,0.008773843282677718,0.059235560726144595,16.959982788296042,0,0
元朝,170180,通鑑釋文辯誤,通鑑釋文辯誤/卷第三,通鑑釋文辯誤,2,scrape_output\raw\元朝\通鑑釋文辯誤\通鑑釋文辯誤__juan_02.txt,scrape_output\clean\元朝\通鑑釋文辯誤\通鑑釋文辯誤__juan_02.txt,8638,8479,0,separate,0.24214959160425603,wenyan-like,41259,0.008773843282677718,0.059235560726144595,16.959982788296042,0,0
元朝,170180,通鑑釋文辯誤,通鑑釋文辯誤/卷第二,通鑑釋文辯誤,3,scrape_output\raw\元朝\通鑑釋文辯誤\通鑑釋文辯誤__juan_03.txt,scrape_output\clean\元朝\通鑑釋文辯誤\通鑑釋文辯誤__juan_03.txt,8105,7948,0,separate,0.24214959160425603,wenyan-like,41259,0.008773843282677718,0.059235560726144595,16.959982788296042,0,0
元朝,170180,通鑑釋文辯誤,通鑑釋文辯誤/卷第五,通鑑釋文辯誤,4,scrape_output\raw\元朝\通鑑釋文辯誤\通鑑釋文辯誤__juan_04.txt,scrape_output\clean\元朝\通鑑釋文辯誤\通鑑釋文辯誤__juan_04.txt,8727,8581,0,separate,0.24214959160425603,wenyan-like,41259,0.008773843282677718,0.059235560726144595,16.959982788296042,0,0
元朝,170180,通鑑釋文辯誤,通鑑釋文辯誤/卷第四,通鑑釋文辯誤,5,scrape_output\raw\元朝\通鑑釋文辯誤\通鑑釋文辯誤__juan_05.txt,scrape_output\clean\元朝\通鑑釋文辯誤\通鑑釋文辯誤__juan_05.txt,8506,8360,0,separate,0.24214959160425603,wenyan-like,41259,0.008773843282677718,0.059235560726144595,16.959982788296042,0,0
元朝,170180,通鑑釋文辯誤,通鑑釋文辯誤/後序,通鑑釋文辯誤,6,scrape_output\raw\元朝\通鑑釋文辯誤\通鑑釋文辯誤__juan_06.txt,scrape_output\clean\元朝\通鑑釋文辯誤\通鑑釋文辯誤__juan_06.txt,1213,1121,0,separate,0.24214959160425603,wenyan-like,41259,0.008773843282677718,0.059235560726144595,16.959982788296042,0,0
元朝,1179634,連夜雨晴,連夜雨晴,連夜雨晴,1,scrape_output\raw\元朝\連夜雨晴\連夜雨晴__juan_01.txt,scrape_output\clean\元朝\連夜雨晴\連夜雨晴__juan_01.txt,149,105,0,separate,0.042105263157894736,unknown,95,0.0,0.021052631578947368,12.857142857142858,0,1
元朝,885316,逰僊,逰僊,逰僊,1,scrape_output\raw\元朝\逰僊\逰僊__juan_01.txt,scrape_output\clean\元朝\逰僊\逰僊__juan_01.txt,214,166,0,separate,0.027586206896551724,unknown,145,0.0,0.013793103448275862,9.714285714285714,0,1
元朝,890573,逰汾湖分得花字,逰汾湖分得花字,逰汾湖分得花字,1,scrape_output\raw\元朝\逰汾湖分得花字\逰汾湖分得花字__juan_01.txt,scrape_output\clean\元朝\逰汾湖分得花字\逰汾湖分得花字__juan_01.txt,149,105,0,separate,0.021052631578947368,unknown,95,0.0,0.010526315789473684,12.857142857142858,0,1
元朝,57655,遂昌雜錄,遂昌雜錄,遂昌雜錄,1,scrape_output\raw\元朝\遂昌雜錄\遂昌雜錄__juan_01.txt,scrape_output\clean\元朝\遂昌雜錄\遂昌雜錄__juan_01.txt,11655,11584,0,separate,0.25407594495732455,wenyan-like,11482,0.007577077164257098,0.06340358822504791,20.84790874524715,0,0
元朝,886143,遊仙 (耶律鑄),遊仙 (耶律鑄),遊仙 (耶律鑄),1,scrape_output\raw\元朝\遊仙 (耶律鑄)\遊仙 (耶律鑄)__juan_01.txt,scrape_output\clean\元朝\遊仙 (耶律鑄)\遊仙 (耶律鑄)__juan_01.txt,149,105,0,separate,0.031578947368421054,unknown,95,0.010526315789473684,0.031578947368421054,12.857142857142858,0,1
元朝,766388,遊卜將軍墓祠將軍名珍字文超唐西河人有功業在昆山民至今祠焉,遊卜將軍墓祠將軍名珍字文超唐西河人有功業在昆山民至今祠焉,遊卜將軍墓祠將軍名珍字文超唐西河人有功業在昆山民至今祠焉,1,scrape_output\raw\元朝\遊卜將軍墓祠將軍名珍字文超唐西河人有功業在昆山民至今祠焉\遊卜將軍墓祠將軍名珍字文超唐西河人有功業在昆山民至今祠焉__juan_01.txt,scrape_output\clean\元朝\遊卜將軍墓祠將軍名珍字文超唐西河人有功業在昆山民至今祠焉\遊卜將軍墓祠將軍名珍字文超唐西河人有功業在昆山民至今祠焉__juan_01.txt,189,145,0,separate,0.05511811023622047,unknown,127,0.007874015748031496,0.03937007874015748,10.727272727272727,0,1
元朝,886399,遊壺春園,遊壺春園,遊壺春園,1,scrape_output\raw\元朝\遊壺春園\遊壺春園__juan_01.txt,scrape_output\clean\元朝\遊壺春園\遊壺春園__juan_01.txt,113,69,0,separate,0.06349206349206349,unknown,63,0.0,0.031746031746031744,12.0,0,1
元朝,886083,遊大翮山,遊大翮山,遊大翮山,1,scrape_output\raw\元朝\遊大翮山\遊大翮山__juan_01.txt,scrape_output\clean\元朝\遊大翮山\遊大翮山__juan_01.txt,194,150,0,separate,0.05970149253731343,unknown,134,0.0,0.029850746268656716,9.76923076923077,0,1
元朝,886077,遊奉聖州龍巖寺,遊奉聖州龍巖寺,遊奉聖州龍巖寺,1,scrape_output\raw\元朝\遊奉聖州龍巖寺\遊奉聖州龍巖寺__juan_01.txt,scrape_output\clean\元朝\遊奉聖州龍巖寺\遊奉聖州龍巖寺__juan_01.txt,196,146,0,separate,0.0,unknown,131,0.015267175572519083,0.022900763358778626,10.416666666666666,0,1
元朝,766386,遊昆山懷舊傷今,遊昆山懷舊傷今,遊昆山懷舊傷今,1,scrape_output\raw\元朝\遊昆山懷舊傷今\遊昆山懷舊傷今__juan_01.txt,scrape_output\clean\元朝\遊昆山懷舊傷今\遊昆山懷舊傷今__juan_01.txt,245,201,0,separate,0.011428571428571429,unknown,175,0.0,0.005714285714285714,10.8,0,1
元朝,886343,遊果州鳳山觀,遊果州鳳山觀,遊果州鳳山觀,1,scrape_output\raw\元朝\遊果州鳳山觀\遊果州鳳山觀__juan_01.txt,scrape_output\clean\元朝\遊果州鳳山觀\遊果州鳳山觀__juan_01.txt,113,69,0,separate,-0.015873015873015872,unknown,63,0.015873015873015872,0.015873015873015872,12.0,0,1
元朝,1179297,遊檢仙山和唐人韻四首,遊檢仙山和唐人韻四首,遊檢仙山和唐人韻四首,1,scrape_output\raw\元朝\遊檢仙山和唐人韻四首\遊檢仙山和唐人韻四首__juan_01.txt,scrape_output\clean\元朝\遊檢仙山和唐人韻四首\遊檢仙山和唐人韻四首__juan_01.txt,301,257,0,separate,0.008968609865470852,wenyan-like,223,0.0,0.004484304932735426,10.842105263157896,0,0
元朝,1191346,遊民安里,遊民安里,遊民安里,1,scrape_output\raw\元朝\遊民安里\遊民安里__juan_01.txt,scrape_output\clean\元朝\遊民安里\遊民安里__juan_01.txt,133,89,0,separate,0.05063291139240506,unknown,79,0.0,0.02531645569620253,10.571428571428571,0,1
元朝,886361,遊玉泉山廢宫故基口號,遊玉泉山廢宫故基口號,遊玉泉山廢宫故基口號,1,scrape_output\raw\元朝\遊玉泉山廢宫故基口號\遊玉泉山廢宫故基口號__juan_01.txt,scrape_output\clean\元朝\遊玉泉山廢宫故基口號\遊玉泉山廢宫故基口號__juan_01.txt,113,69,0,separate,-0.015873015873015872,unknown,63,0.015873015873015872,0.015873015873015872,12.0,0,1
元朝,886174,遊玊泉,遊玊泉,遊玊泉,1,scrape_output\raw\元朝\遊玊泉\遊玊泉__juan_01.txt,scrape_output\clean\元朝\遊玊泉\遊玊泉__juan_01.txt,186,142,0,separate,0.015625,unknown,128,0.0,0.0078125,11.0,0,1
元朝,1179526,遊竹林寺,遊竹林寺,遊竹林寺,1,scrape_output\raw\元朝\遊竹林寺\遊竹林寺__juan_01.txt,scrape_output\clean\元朝\遊竹林寺\遊竹林寺__juan_01.txt,149,105,0,separate,0.042105263157894736,unknown,95,0.0,0.021052631578947368,12.857142857142858,0,1
元朝,1179568,遊金山,遊金山,遊金山,1,scrape_output\raw\元朝\遊金山\遊金山__juan_01.txt,scrape_output\clean\元朝\遊金山\遊金山__juan_01.txt,149,105,0,separate,0.010526315789473682,unknown,95,0.010526315789473684,0.021052631578947368,12.857142857142858,0,1
元朝,1179561,遊鍾山 (薩都剌),遊鍾山 (薩都剌),遊鍾山 (薩都剌),1,scrape_output\raw\元朝\遊鍾山 (薩都剌)\遊鍾山 (薩都剌)__juan_01.txt,scrape_output\clean\元朝\遊鍾山 (薩都剌)\遊鍾山 (薩都剌)__juan_01.txt,149,105,0,separate,0.042105263157894736,unknown,95,0.0,0.021052631578947368,12.857142857142858,0,1
元朝,1179590,遊鍾山之二 (薩都剌),遊鍾山之二 (薩都剌),遊鍾山之二 (薩都剌),1,scrape_output\raw\元朝\遊鍾山之二 (薩都剌)\遊鍾山之二 (薩都剌)__juan_01.txt,scrape_output\clean\元朝\遊鍾山之二 (薩都剌)\遊鍾山之二 (薩都剌)__juan_01.txt,149,105,0,separate,0.021052631578947368,unknown,95,0.0,0.010526315789473684,12.857142857142858,0,1
元朝,1179530,遊長干寺,遊長干寺,遊長干寺,1,scrape_output\raw\元朝\遊長干寺\遊長干寺__juan_01.txt,scrape_output\clean\元朝\遊長干寺\遊長干寺__juan_01.txt,149,105,0,separate,0.06315789473684211,unknown,95,0.0,0.031578947368421054,12.857142857142858,0,1
元朝,1179496,遊青溪道院,遊青溪道院,遊青溪道院,1,scrape_output\raw\元朝\遊青溪道院\遊青溪道院__juan_01.txt,scrape_output\clean\元朝\遊青溪道院\遊青溪道院__juan_01.txt,149,105,0,separate,0.021052631578947368,unknown,95,0.0,0.010526315789473684,12.857142857142858,0,1
元朝,886374,遊龍巖寺,遊龍巖寺,遊龍巖寺,1,scrape_output\raw\元朝\遊龍巖寺\遊龍巖寺__juan_01.txt,scrape_output\clean\元朝\遊龍巖寺\遊龍巖寺__juan_01.txt,204,158,0,separate,0.07746478873239436,unknown,142,0.007042253521126761,0.04929577464788732,10.307692307692308,0,1
元朝,1179544,過五溪,過五溪,過五溪,1,scrape_output\raw\元朝\過五溪\過五溪__juan_01.txt,scrape_output\clean\元朝\過五溪\過五溪__juan_01.txt,149,105,0,separate,0.042105263157894736,unknown,95,0.0,0.021052631578947368,12.857142857142858,0,1
元朝,1179422,過光孝寺,過光孝寺,過光孝寺,1,scrape_output\raw\元朝\過光孝寺\過光孝寺__juan_01.txt,scrape_output\clean\元朝\過光孝寺\過光孝寺__juan_01.txt,113,69,0,separate,0.031746031746031744,unknown,63,0.0,0.015873015873015872,12.0,0,1
元朝,886366,過劉氏園,過劉氏園,過劉氏園,1,scrape_output\raw\元朝\過劉氏園\過劉氏園__juan_01.txt,scrape_output\clean\元朝\過劉氏園\過劉氏園__juan_01.txt,129,83,0,separate,0.013333333333333336,unknown,75,0.013333333333333334,0.02666666666666667,10.142857142857142,0,1
元朝,886413,過北村,過北村,過北村,1,scrape_output\raw\元朝\過北村\過北村__juan_01.txt,scrape_output\clean\元朝\過北村\過北村__juan_01.txt,113,69,0,separate,0.015873015873015872,unknown,63,0.015873015873015872,0.031746031746031744,12.0,0,1
元朝,1179583,過嘉興,過嘉興,過嘉興,1,scrape_output\raw\元朝\過嘉興\過嘉興__juan_01.txt,scrape_output\clean\元朝\過嘉興\過嘉興__juan_01.txt,185,141,0,separate,0.031496062992125984,unknown,127,0.0,0.015748031496062992,13.333333333333334,0,1
元朝,886370,過大明宫,過大明宫,過大明宫,1,scrape_output\raw\元朝\過大明宫\過大明宫__juan_01.txt,scrape_output\clean\元朝\過大明宫\過大明宫__juan_01.txt,115,71,0,separate,-0.015873015873015872,unknown,63,0.015873015873015872,0.015873015873015872,8.571428571428571,0,1
元朝,1179542,過姑熟懷陳行之教授,過姑熟懷陳行之教授,過姑熟懷陳行之教授,1,scrape_output\raw\元朝\過姑熟懷陳行之教授\過姑熟懷陳行之教授__juan_01.txt,scrape_output\clean\元朝\過姑熟懷陳行之教授\過姑熟懷陳行之教授__juan_01.txt,149,105,0,separate,-0.010526315789473686,unknown,95,0.010526315789473684,0.010526315789473684,12.857142857142858,0,1
元朝,1179518,過孫𨴲,過孫𨴲,過孫𨴲,1,scrape_output\raw\元朝\過孫𨴲\過孫𨴲__juan_01.txt,scrape_output\clean\元朝\過孫𨴲\過孫𨴲__juan_01.txt,149,105,0,separate,0.042105263157894736,unknown,95,0.0,0.021052631578947368,12.857142857142858,0,1
元朝,1179588,過居庸關,過居庸關,過居庸關,1,scrape_output\raw\元朝\過居庸關\過居庸關__juan_01.txt,scrape_output\clean\元朝\過居庸關\過居庸關__juan_01.txt,303,259,0,separate,0.03896103896103896,wenyan-like,231,0.004329004329004329,0.025974025974025976,13.625,0,0
元朝,874689,過岳顎王廟,過岳顎王廟,過岳顎王廟,1,scrape_output\raw\元朝\過岳顎王廟\過岳顎王廟__juan_01.txt,scrape_output\clean\元朝\過岳顎王廟\過岳顎王廟__juan_01.txt,32,32,0,separate,0.15,unknown,32,0.0,0.0,15.0,0,1
元朝,1179338,過延平津,過延平津,過延平津,1,scrape_output\raw\元朝\過延平津\過延平津__juan_01.txt,scrape_output\clean\元朝\過延平津\過延平津__juan_01.txt,245,201,0,separate,-0.01714285714285714,unknown,175,0.02857142857142857,0.03428571428571429,10.8,0,1
元朝,886376,過懷來青山院,過懷來青山院,過懷來青山院,1,scrape_output\raw\元朝\過懷來青山院\過懷來青山院__juan_01.txt,scrape_output\clean\元朝\過懷來青山院\過懷來青山院__juan_01.txt,113,69,0,separate,-0.015873015873015872,unknown,63,0.015873015873015872,0.015873015873015872,12.0,0,1
元朝,1179346,過揚州 (薩都剌),過揚州 (薩都剌),過揚州 (薩都剌),1,scrape_output\raw\元朝\過揚州 (薩都剌)\過揚州 (薩都剌)__juan_01.txt,scrape_output\clean\元朝\過揚州 (薩都剌)\過揚州 (薩都剌)__juan_01.txt,113,69,0,separate,0.031746031746031744,unknown,63,0.0,0.015873015873015872,12.0,0,1
元朝,886364,過故宫,過故宫,過故宫,1,scrape_output\raw\元朝\過故宫\過故宫__juan_01.txt,scrape_output\clean\元朝\過故宫\過故宫__juan_01.txt,113,69,0,separate,-0.06349206349206349,unknown,63,0.031746031746031744,0.015873015873015872,12.0,0,1
元朝,768881,過昭瑞宮次韻,過昭瑞宮次韻,過昭瑞宮次韻,1,scrape_output\raw\元朝\過昭瑞宮次韻\過昭瑞宮次韻__juan_01.txt,scrape_output\clean\元朝\過昭瑞宮次韻\過昭瑞宮次韻__juan_01.txt,149,105,0,separate,0.010526315789473682,unknown,95,0.010526315789473684,0.021052631578947368,12.857142857142858,0,1
元朝,885650,過東山縣有懐,過東山縣有懐,過東山縣有懐,1,scrape_output\raw\元朝\過東山縣有懐\過東山縣有懐__juan_01.txt,scrape_output\clean\元朝\過東山縣有懐\過東山縣有懐__juan_01.txt,133,89,0,separate,0.05063291139240506,unknown,79,0.0,0.02531645569620253,10.571428571428571,0,1
元朝,1179604,過桐君山,過桐君山,過桐君山,1,scrape_output\raw\元朝\過桐君山\過桐君山__juan_01.txt,scrape_output\clean\元朝\過桐君山\過桐君山__juan_01.txt,221,177,0,separate,-0.006289308176100631,unknown,159,0.006289308176100629,0.006289308176100629,13.636363636363637,0,1
元朝,1179680,過桐廬,過桐廬,過桐廬,1,scrape_output\raw\元朝\過桐廬\過桐廬__juan_01.txt,scrape_output\clean\元朝\過桐廬\過桐廬__juan_01.txt,221,177,0,separate,-0.02515723270440252,unknown,159,0.012578616352201259,0.006289308176100629,13.636363636363637,0,1
元朝,766371,過楊員外別業,過楊員外別業,過楊員外別業,1,scrape_output\raw\元朝\過楊員外別業\過楊員外別業__juan_01.txt,scrape_output\clean\元朝\過楊員外別業\過楊員外別業__juan_01.txt,355,311,0,separate,0.03717472118959107,wenyan-like,269,0.007434944237918215,0.02973977695167286,9.576923076923077,0,0
元朝,1179311,過池陽有懷唐李翰林,過池陽有懷唐李翰林,過池陽有懷唐李翰林,1,scrape_output\raw\元朝\過池陽有懷唐李翰林\過池陽有懷唐李翰林__juan_01.txt,scrape_output\clean\元朝\過池陽有懷唐李翰林\過池陽有懷唐李翰林__juan_01.txt,287,243,0,separate,0.02843601895734597,wenyan-like,211,0.0,0.014218009478672985,10.833333333333334,0,0
元朝,1179269,過淮安暢曾伯都事幽居二首,過淮安暢曾伯都事幽居二首,過淮安暢曾伯都事幽居二首,1,scrape_output\raw\元朝\過淮安暢曾伯都事幽居二首\過淮安暢曾伯都事幽居二首__juan_01.txt,scrape_output\clean\元朝\過淮安暢曾伯都事幽居二首\過淮安暢曾伯都事幽居二首__juan_01.txt,133,89,0,separate,0.02531645569620253,unknown,79,0.0,0.012658227848101266,10.571428571428571,0,1
元朝,1179621,過淮河,過淮河,過淮河,1,scrape_output\raw\元朝\過淮河\過淮河__juan_01.txt,scrape_output\clean\元朝\過淮河\過淮河__juan_01.txt,131,87,0,separate,0.0759493670886076,unknown,79,0.0,0.0379746835443038,12.5,0,1
元朝,886340,過無定河,過無定河,過無定河,1,scrape_output\raw\元朝\過無定河\過無定河__juan_01.txt,scrape_output\clean\元朝\過無定河\過無定河__juan_01.txt,221,177,0,separate,0.01898734177215189,unknown,158,0.03164556962025317,0.056962025316455694,11.538461538461538,0,1
元朝,1179377,過獻州,過獻州,過獻州,1,scrape_output\raw\元朝\過獻州\過獻州__juan_01.txt,scrape_output\clean\元朝\過獻州\過獻州__juan_01.txt,113,69,0,separate,0.031746031746031744,unknown,63,0.0,0.015873015873015872,12.0,0,1
元朝,886482,過瓊林園聞鶯,過瓊林園聞鶯,過瓊林園聞鶯,1,scrape_output\raw\元朝\過瓊林園聞鶯\過瓊林園聞鶯__juan_01.txt,scrape_output\clean\元朝\過瓊林園聞鶯\過瓊林園聞鶯__juan_01.txt,113,69,0,separate,-0.015873015873015872,unknown,63,0.015873015873015872,0.015873015873015872,12.0,0,1
元朝,1179412,過石子岡,過石子岡,過石子岡,1,scrape_output\raw\元朝\過石子岡\過石子岡__juan_01.txt,scrape_output\clean\元朝\過石子岡\過石子岡__juan_01.txt,113,69,0,separate,0.031746031746031744,unknown,63,0.0,0.015873015873015872,12.0,0,1
元朝,1179228,過紫薇菴訪馮道士三首,過紫薇菴訪馮道士三首,過紫薇菴訪馮道士三首,1,scrape_output\raw\元朝\過紫薇菴訪馮道士三首\過紫薇菴訪馮道士三首__juan_01.txt,scrape_output\clean\元朝\過紫薇菴訪馮道士三首\過紫薇菴訪馮道士三首__juan_01.txt,161,117,0,separate,0.0970873786407767,unknown,103,0.0,0.04854368932038835,10.666666666666666,0,1
元朝,1179655,過臨平,過臨平,過臨平,1,scrape_output\raw\元朝\過臨平\過臨平__juan_01.txt,scrape_output\clean\元朝\過臨平\過臨平__juan_01.txt,149,105,0,separate,0.042105263157894736,unknown,95,0.0,0.021052631578947368,12.857142857142858,0,1
元朝,886344,過花樓,過花樓,過花樓,1,scrape_output\raw\元朝\過花樓\過花樓__juan_01.txt,scrape_output\clean\元朝\過花樓\過花樓__juan_01.txt,113,69,0,separate,0.031746031746031744,unknown,63,0.0,0.015873015873015872,12.0,0,1
元朝,886365,過萬松老人故居有感,過萬松老人故居有感,過萬松老人故居有感,1,scrape_output\raw\元朝\過萬松老人故居有感\過萬松老人故居有感__juan_01.txt,scrape_output\clean\元朝\過萬松老人故居有感\過萬松老人故居有感__juan_01.txt,113,69,0,separate,0.031746031746031744,unknown,63,0.0,0.015873015873015872,12.0,0,1
元朝,1179284,過賈似道廢宅,過賈似道廢宅,過賈似道廢宅,1,scrape_output\raw\元朝\過賈似道廢宅\過賈似道廢宅__juan_01.txt,scrape_output\clean\元朝\過賈似道廢宅\過賈似道廢宅__juan_01.txt,133,89,0,separate,0.0379746835443038,unknown,79,0.012658227848101266,0.0379746835443038,10.571428571428571,0,1
元朝,1179365,過贊善庵,過贊善庵,過贊善庵,1,scrape_output\raw\元朝\過贊善庵\過贊善庵__juan_01.txt,scrape_output\clean\元朝\過贊善庵\過贊善庵__juan_01.txt,113,69,0,separate,0.031746031746031744,unknown,63,0.0,0.015873015873015872,12.0,0,1
元朝,1179256,過采石驛,過采石驛,過采石驛,1,scrape_output\raw\元朝\過采石驛\過采石驛__juan_01.txt,scrape_output\clean\元朝\過采石驛\過采石驛__juan_01.txt,133,89,0,separate,0.02531645569620253,unknown,79,0.0,0.012658227848101266,10.571428571428571,0,1
元朝,1179375,過鎮陽城南觀音院,過鎮陽城南觀音院,過鎮陽城南觀音院,1,scrape_output\raw\元朝\過鎮陽城南觀音院\過鎮陽城南觀音院__juan_01.txt,scrape_output\clean\元朝\過鎮陽城南觀音院\過鎮陽城南觀音院__juan_01.txt,113,69,0,separate,0.031746031746031744,unknown,63,0.0,0.015873015873015872,12.0,0,1
元朝,886334,過長城,過長城,過長城,1,scrape_output\raw\元朝\過長城\過長城__juan_01.txt,scrape_output\clean\元朝\過長城\過長城__juan_01.txt,117,73,0,separate,-0.015873015873015872,unknown,63,0.015873015873015872,0.015873015873015872,6.666666666666667,0,1
元朝,886336,過駱駝山,過駱駝山,過駱駝山,1,scrape_output\raw\元朝\過駱駝山\過駱駝山__juan_01.txt,scrape_output\clean\元朝\過駱駝山\過駱駝山__juan_01.txt,149,105,0,separate,0.042105263157894736,unknown,95,0.0,0.021052631578947368,12.857142857142858,0,1
元朝,1179270,過高唐感事,過高唐感事,過高唐感事,1,scrape_output\raw\元朝\過高唐感事\過高唐感事__juan_01.txt,scrape_output\clean\元朝\過高唐感事\過高唐感事__juan_01.txt,133,89,0,separate,0.05063291139240506,unknown,79,0.0,0.02531645569620253,10.571428571428571,0,1
元朝,1179230,過高郵射陽湖雜詠九首,過高郵射陽湖雜詠九首,過高郵射陽湖雜詠九首,1,scrape_output\raw\元朝\過高郵射陽湖雜詠九首\過高郵射陽湖雜詠九首__juan_01.txt,scrape_output\clean\元朝\過高郵射陽湖雜詠九首\過高郵射陽湖雜詠九首__juan_01.txt,329,285,0,separate,0.012145748987854251,wenyan-like,247,0.004048582995951417,0.012145748987854251,10.857142857142858,0,0
元朝,1179464,過鵝湖寺,過鵝湖寺,過鵝湖寺,1,scrape_output\raw\元朝\過鵝湖寺\過鵝湖寺__juan_01.txt,scrape_output\clean\元朝\過鵝湖寺\過鵝湖寺__juan_01.txt,149,105,0,separate,-0.04210526315789474,unknown,95,0.021052631578947368,0.010526315789473684,12.857142857142858,0,1
元朝,1179304,道中謾興二首,道中謾興二首,道中謾興二首,1,scrape_output\raw\元朝\道中謾興二首\道中謾興二首__juan_01.txt,scrape_output\clean\元朝\道中謾興二首\道中謾興二首__juan_01.txt,189,145,0,separate,0.007874015748031496,unknown,127,0.007874015748031496,0.015748031496062992,10.727272727272727,0,1
元朝,876854,道德玄經原旨,道德玄經原旨,道德玄經原旨,1,scrape_output\raw\元朝\道德玄經原旨\道德玄經原旨__juan_01.txt,scrape_output\clean\元朝\道德玄經原旨\道德玄經原旨__juan_01.txt,39220,39169,0,separate,0.36325046420466267,wenyan-like,38776,0.015705591087270477,0.13018361873323706,16.213842058562555,0,0
元朝,866543,道德真經三解,道德真經三解/卷一,道德真經三解,1,scrape_output\raw\元朝\道德真經三解\道德真經三解__juan_01.txt,scrape_output\clean\元朝\道德真經三解\道德真經三解__juan_01.txt,8379,8379,0,separate,0.3667540062276904,wenyan-like,52668,0.01621477937267411,0.13269917217285637,18.094100615273252,0,0
元朝,866543,道德真經三解,道德真經三解/卷二,道德真經三解,2,scrape_output\raw\元朝\道德真經三解\道德真經三解__juan_02.txt,scrape_output\clean\元朝\道德真經三解\道德真經三解__juan_02.txt,12714,12714,0,separate,0.3667540062276904,wenyan-like,52668,0.01621477937267411,0.13269917217285637,18.094100615273252,0,0
元朝,866543,道德真經三解,道德真經三解/卷三,道德真經三解,3,scrape_output\raw\元朝\道德真經三解\道德真經三解__juan_03.txt,scrape_output\clean\元朝\道德真經三解\道德真經三解__juan_03.txt,15489,15486,0,separate,0.3667540062276904,wenyan-like,52668,0.01621477937267411,0.13269917217285637,18.094100615273252,0,0
元朝,866543,道德真經三解,道德真經三解/卷四,道德真經三解,4,scrape_output\raw\元朝\道德真經三解\道德真經三解__juan_04.txt,scrape_output\clean\元朝\道德真經三解\道德真經三解__juan_04.txt,16909,16909,0,separate,0.3667540062276904,wenyan-like,52668,0.01621477937267411,0.13269917217285637,18.094100615273252,0,0
元朝,868083,道德真經新註,道德真經新註,道德真經新註,1,scrape_output\raw\元朝\道德真經新註\道德真經新註__juan_01.txt,scrape_output\clean\元朝\道德真經新註\道德真經新註__juan_01.txt,21407,21363,0,separate,0.2318491208167896,wenyan-like,21156,0.015267536396294195,0.13882586500283609,13.337169939065674,0,0
元朝,868084,道德真經章句訓頌,道德真經章句訓頌,道德真經章句訓頌,1,scrape_output\raw\元朝\道德真經章句訓頌\道德真經章句訓頌__juan_01.txt,scrape_output\clean\元朝\道德真經章句訓頌\道德真經章句訓頌__juan_01.txt,17047,16999,0,separate,0.3091985428051002,wenyan-like,16470,0.019429265330904676,0.1087431693989071,15.428571428571429,0,0
元朝,1048298,道禪集,道禪集,道禪集,1,scrape_output\raw\元朝\道禪集\道禪集__juan_01.txt,scrape_output\clean\元朝\道禪集\道禪集__juan_01.txt,3001,2998,0,separate,0.1354922279792746,wenyan-like,2895,0.01934369602763385,0.021761658031088083,15.280898876404494,0,0
元朝,886314,達蘭河,達蘭河,達蘭河,1,scrape_output\raw\元朝\達蘭河\達蘭河__juan_01.txt,scrape_output\clean\元朝\達蘭河\達蘭河__juan_01.txt,113,69,0,separate,-0.06349206349206349,unknown,63,0.031746031746031744,0.015873015873015872,12.0,0,1
元朝,317460,遣興 (楊弘道),遣興 (楊弘道),遣興 (楊弘道),1,scrape_output\raw\元朝\遣興 (楊弘道)\遣興 (楊弘道)__juan_01.txt,scrape_output\clean\元朝\遣興 (楊弘道)\遣興 (楊弘道)__juan_01.txt,133,89,0,separate,0.05063291139240506,unknown,79,0.0,0.02531645569620253,10.571428571428571,0,1
元朝,11239,遼史,遼史/卷1,遼史,1,scrape_output\raw\元朝\遼史\遼史__juan_01.txt,scrape_output\clean\元朝\遼史\遼史__juan_01.txt,5476,5403,0,separate,0.032288351416289954,wenyan-like,333371,0.007781120733357131,0.027815856808180675,14.884995507637017,0,0
元朝,11239,遼史,遼史/卷2,遼史,2,scrape_output\raw\元朝\遼史\遼史__juan_02.txt,scrape_output\clean\元朝\遼史\遼史__juan_02.txt,4398,4339,0,separate,0.032288351416289954,wenyan-like,333371,0.007781120733357131,0.027815856808180675,14.884995507637017,0,0
元朝,11239,遼史,遼史/卷3,遼史,3,scrape_output\raw\元朝\遼史\遼史__juan_03.txt,scrape_output\clean\元朝\遼史\遼史__juan_03.txt,6522,6469,0,separate,0.032288351416289954,wenyan-like,333371,0.007781120733357131,0.027815856808180675,14.884995507637017,0,0
元朝,11239,遼史,遼史/卷4,遼史,4,scrape_output\raw\元朝\遼史\遼史__juan_04.txt,scrape_output\clean\元朝\遼史\遼史__juan_04.txt,8570,8526,0,separate,0.032288351416289954,wenyan-like,333371,0.007781120733357131,0.027815856808180675,14.884995507637017,0,0
元朝,11239,遼史,遼史/卷5,遼史,5,scrape_output\raw\元朝\遼史\遼史__juan_05.txt,scrape_output\clean\元朝\遼史\遼史__juan_05.txt,1441,1397,0,separate,0.032288351416289954,wenyan-like,333371,0.007781120733357131,0.027815856808180675,14.884995507637017,0,0
元朝,11239,遼史,遼史/卷6,遼史,6,scrape_output\raw\元朝\遼史\遼史__juan_06.txt,scrape_output\clean\元朝\遼史\遼史__juan_06.txt,3219,3175,0,separate,0.032288351416289954,wenyan-like,333371,0.007781120733357131,0.027815856808180675,14.884995507637017,0,0
元朝,11239,遼史,遼史/卷7,遼史,7,scrape_output\raw\元朝\遼史\遼史__juan_07.txt,scrape_output\clean\元朝\遼史\遼史__juan_07.txt,2550,2506,0,separate,0.032288351416289954,wenyan-like,333371,0.007781120733357131,0.027815856808180675,14.884995507637017,0,0
元朝,11239,遼史,遼史/卷8,遼史,8,scrape_output\raw\元朝\遼史\遼史__juan_08.txt,scrape_output\clean\元朝\遼史\遼史__juan_08.txt,2384,2340,0,separate,0.032288351416289954,wenyan-like,333371,0.007781120733357131,0.027815856808180675,14.884995507637017,0,0
元朝,11239,遼史,遼史/卷9,遼史,9,scrape_output\raw\元朝\遼史\遼史__juan_09.txt,scrape_output\clean\元朝\遼史\遼史__juan_09.txt,2468,2424,0,separate,0.032288351416289954,wenyan-like,333371,0.007781120733357131,0.027815856808180675,14.884995507637017,0,0
元朝,11239,遼史,遼史/卷10,遼史,10,scrape_output\raw\元朝\遼史\遼史__juan_10.txt,scrape_output\clean\元朝\遼史\遼史__juan_10.txt,4489,4445,0,separate,0.032288351416289954,wenyan-like,333371,0.007781120733357131,0.027815856808180675,14.884995507637017,0,0
元朝,11239,遼史,遼史/卷11,遼史,11,scrape_output\raw\元朝\遼史\遼史__juan_11.txt,scrape_output\clean\元朝\遼史\遼史__juan_11.txt,4462,4418,0,separate,0.032288351416289954,wenyan-like,333371,0.007781120733357131,0.027815856808180675,14.884995507637017,0,0
元朝,11239,遼史,遼史/卷12,遼史,12,scrape_output\raw\元朝\遼史\遼史__juan_12.txt,scrape_output\clean\元朝\遼史\遼史__juan_12.txt,3327,3283,0,separate,0.032288351416289954,wenyan-like,333371,0.007781120733357131,0.027815856808180675,14.884995507637017,0,0
元朝,11239,遼史,遼史/卷13,遼史,13,scrape_output\raw\元朝\遼史\遼史__juan_13.txt,scrape_output\clean\元朝\遼史\遼史__juan_13.txt,4458,4414,0,separate,0.032288351416289954,wenyan-like,333371,0.007781120733357131,0.027815856808180675,14.884995507637017,0,0
元朝,11239,遼史,遼史/卷14,遼史,14,scrape_output\raw\元朝\遼史\遼史__juan_14.txt,scrape_output\clean\元朝\遼史\遼史__juan_14.txt,3782,3738,0,separate,0.032288351416289954,wenyan-like,333371,0.007781120733357131,0.027815856808180675,14.884995507637017,0,0
元朝,11239,遼史,遼史/卷15,遼史,15,scrape_output\raw\元朝\遼史\遼史__juan_15.txt,scrape_output\clean\元朝\遼史\遼史__juan_15.txt,5767,5723,0,separate,0.032288351416289954,wenyan-like,333371,0.007781120733357131,0.027815856808180675,14.884995507637017,0,0
元朝,11239,遼史,遼史/卷16,遼史,16,scrape_output\raw\元朝\遼史\遼史__juan_16.txt,scrape_output\clean\元朝\遼史\遼史__juan_16.txt,4367,4321,0,separate,0.032288351416289954,wenyan-like,333371,0.007781120733357131,0.027815856808180675,14.884995507637017,0,0
元朝,11239,遼史,遼史/卷17,遼史,17,scrape_output\raw\元朝\遼史\遼史__juan_17.txt,scrape_output\clean\元朝\遼史\遼史__juan_17.txt,4141,4097,0,separate,0.032288351416289954,wenyan-like,333371,0.007781120733357131,0.027815856808180675,14.884995507637017,0,0
元朝,11239,遼史,遼史/卷18,遼史,18,scrape_output\raw\元朝\遼史\遼史__juan_18.txt,scrape_output\clean\元朝\遼史\遼史__juan_18.txt,4589,4543,0,separate,0.032288351416289954,wenyan-like,333371,0.007781120733357131,0.027815856808180675,14.884995507637017,0,0
元朝,11239,遼史,遼史/卷19,遼史,19,scrape_output\raw\元朝\遼史\遼史__juan_19.txt,scrape_output\clean\元朝\遼史\遼史__juan_19.txt,3840,3796,0,separate,0.032288351416289954,wenyan-like,333371,0.007781120733357131,0.027815856808180675,14.884995507637017,0,0
元朝,11239,遼史,遼史/卷20,遼史,20,scrape_output\raw\元朝\遼史\遼史__juan_20.txt,scrape_output\clean\元朝\遼史\遼史__juan_20.txt,4526,4482,0,separate,0.032288351416289954,wenyan-like,333371,0.007781120733357131,0.027815856808180675,14.884995507637017,0,0
元朝,11239,遼史,遼史/卷21,遼史,21,scrape_output\raw\元朝\遼史\遼史__juan_21.txt,scrape_output\clean\元朝\遼史\遼史__juan_21.txt,3143,3099,0,separate,0.032288351416289954,wenyan-like,333371,0.007781120733357131,0.027815856808180675,14.884995507637017,0,0
元朝,11239,遼史,遼史/卷22,遼史,22,scrape_output\raw\元朝\遼史\遼史__juan_22.txt,scrape_output\clean\元朝\遼史\遼史__juan_22.txt,3653,3609,0,separate,0.032288351416289954,wenyan-like,333371,0.007781120733357131,0.027815856808180675,14.884995507637017,0,0
元朝,11239,遼史,遼史/卷23,遼史,23,scrape_output\raw\元朝\遼史\遼史__juan_23.txt,scrape_output\clean\元朝\遼史\遼史__juan_23.txt,3132,3088,0,separate,0.032288351416289954,wenyan-like,333371,0.007781120733357131,0.027815856808180675,14.884995507637017,0,0
元朝,11239,遼史,遼史/卷24,遼史,24,scrape_output\raw\元朝\遼史\遼史__juan_24.txt,scrape_output\clean\元朝\遼史\遼史__juan_24.txt,3665,3621,0,separate,0.032288351416289954,wenyan-like,333371,0.007781120733357131,0.027815856808180675,14.884995507637017,0,0
元朝,11239,遼史,遼史/卷25,遼史,25,scrape_output\raw\元朝\遼史\遼史__juan_25.txt,scrape_output\clean\元朝\遼史\遼史__juan_25.txt,3508,3462,0,separate,0.032288351416289954,wenyan-like,333371,0.007781120733357131,0.027815856808180675,14.884995507637017,0,0
元朝,11239,遼史,遼史/卷26,遼史,26,scrape_output\raw\元朝\遼史\遼史__juan_26.txt,scrape_output\clean\元朝\遼史\遼史__juan_26.txt,2896,2850,0,separate,0.032288351416289954,wenyan-like,333371,0.007781120733357131,0.027815856808180675,14.884995507637017,0,0
元朝,11239,遼史,遼史/卷27,遼史,27,scrape_output\raw\元朝\遼史\遼史__juan_27.txt,scrape_output\clean\元朝\遼史\遼史__juan_27.txt,4641,4551,0,separate,0.032288351416289954,wenyan-like,333371,0.007781120733357131,0.027815856808180675,14.884995507637017,0,0
元朝,11239,遼史,遼史/卷28,遼史,28,scrape_output\raw\元朝\遼史\遼史__juan_28.txt,scrape_output\clean\元朝\遼史\遼史__juan_28.txt,3806,3733,0,separate,0.032288351416289954,wenyan-like,333371,0.007781120733357131,0.027815856808180675,14.884995507637017,0,0
元朝,11239,遼史,遼史/卷29,遼史,29,scrape_output\raw\元朝\遼史\遼史__juan_29.txt,scrape_output\clean\元朝\遼史\遼史__juan_29.txt,4607,4525,0,separate,0.032288351416289954,wenyan-like,333371,0.007781120733357131,0.027815856808180675,14.884995507637017,0,0
元朝,11239,遼史,遼史/卷30,遼史,30,scrape_output\raw\元朝\遼史\遼史__juan_30.txt,scrape_output\clean\元朝\遼史\遼史__juan_30.txt,4091,4022,0,separate,0.032288351416289954,wenyan-like,333371,0.007781120733357131,0.027815856808180675,14.884995507637017,0,0
元朝,11239,遼史,遼史/卷31,遼史,31,scrape_output\raw\元朝\遼史\遼史__juan_31.txt,scrape_output\clean\元朝\遼史\遼史__juan_31.txt,3551,3501,0,separate,0.032288351416289954,wenyan-like,333371,0.007781120733357131,0.027815856808180675,14.884995507637017,0,0
元朝,11239,遼史,遼史/卷32,遼史,32,scrape_output\raw\元朝\遼史\遼史__juan_32.txt,scrape_output\clean\元朝\遼史\遼史__juan_32.txt,2898,2852,0,separate,0.032288351416289954,wenyan-like,333371,0.007781120733357131,0.027815856808180675,14.884995507637017,0,0
元朝,11239,遼史,遼史/卷33,遼史,33,scrape_output\raw\元朝\遼史\遼史__juan_33.txt,scrape_output\clean\元朝\遼史\遼史__juan_33.txt,3076,3031,0,separate,0.032288351416289954,wenyan-like,333371,0.007781120733357131,0.027815856808180675,14.884995507637017,0,0
元朝,11239,遼史,遼史/卷34,遼史,34,scrape_output\raw\元朝\遼史\遼史__juan_34.txt,scrape_output\clean\元朝\遼史\遼史__juan_34.txt,2575,2529,0,separate,0.032288351416289954,wenyan-like,333371,0.007781120733357131,0.027815856808180675,14.884995507637017,0,0
元朝,11239,遼史,遼史/卷35,遼史,35,scrape_output\raw\元朝\遼史\遼史__juan_35.txt,scrape_output\clean\元朝\遼史\遼史__juan_35.txt,1623,1577,0,separate,0.032288351416289954,wenyan-like,333371,0.007781120733357131,0.027815856808180675,14.884995507637017,0,0
元朝,11239,遼史,遼史/卷36,遼史,36,scrape_output\raw\元朝\遼史\遼史__juan_36.txt,scrape_output\clean\元朝\遼史\遼史__juan_36.txt,2413,2366,0,separate,0.032288351416289954,wenyan-like,333371,0.007781120733357131,0.027815856808180675,14.884995507637017,0,0
元朝,11239,遼史,遼史/卷37,遼史,37,scrape_output\raw\元朝\遼史\遼史__juan_37.txt,scrape_output\clean\元朝\遼史\遼史__juan_37.txt,6399,6354,0,separate,0.032288351416289954,wenyan-like,333371,0.007781120733357131,0.027815856808180675,14.884995507637017,0,0
元朝,11239,遼史,遼史/卷38,遼史,38,scrape_output\raw\元朝\遼史\遼史__juan_38.txt,scrape_output\clean\元朝\遼史\遼史__juan_38.txt,8657,8541,0,separate,0.032288351416289954,wenyan-like,333371,0.007781120733357131,0.027815856808180675,14.884995507637017,0,0
元朝,11239,遼史,遼史/卷39,遼史,39,scrape_output\raw\元朝\遼史\遼史__juan_39.txt,scrape_output\clean\元朝\遼史\遼史__juan_39.txt,3588,3543,0,separate,0.032288351416289954,wenyan-like,333371,0.007781120733357131,0.027815856808180675,14.884995507637017,0,0
元朝,11239,遼史,遼史/卷40,遼史,40,scrape_output\raw\元朝\遼史\遼史__juan_40.txt,scrape_output\clean\元朝\遼史\遼史__juan_40.txt,4057,4012,0,separate,0.032288351416289954,wenyan-like,333371,0.007781120733357131,0.027815856808180675,14.884995507637017,0,0
元朝,11239,遼史,遼史/卷41,遼史,41,scrape_output\raw\元朝\遼史\遼史__juan_41.txt,scrape_output\clean\元朝\遼史\遼史__juan_41.txt,4178,4132,0,separate,0.032288351416289954,wenyan-like,333371,0.007781120733357131,0.027815856808180675,14.884995507637017,0,0
元朝,11239,遼史,遼史/卷42,遼史,42,scrape_output\raw\元朝\遼史\遼史__juan_42.txt,scrape_output\clean\元朝\遼史\遼史__juan_42.txt,4318,4256,0,separate,0.032288351416289954,wenyan-like,333371,0.007781120733357131,0.027815856808180675,14.884995507637017,0,0
元朝,11239,遼史,遼史/卷43,遼史,43,scrape_output\raw\元朝\遼史\遼史__juan_43.txt,scrape_output\clean\元朝\遼史\遼史__juan_43.txt,446,392,0,separate,0.032288351416289954,wenyan-like,333371,0.007781120733357131,0.027815856808180675,14.884995507637017,0,0
元朝,11239,遼史,遼史/卷44,遼史,44,scrape_output\raw\元朝\遼史\遼史__juan_44.txt,scrape_output\clean\元朝\遼史\遼史__juan_44.txt,1220,1163,0,separate,0.032288351416289954,wenyan-like,333371,0.007781120733357131,0.027815856808180675,14.884995507637017,0,0
元朝,11239,遼史,遼史/卷45,遼史,45,scrape_output\raw\元朝\遼史\遼史__juan_45.txt,scrape_output\clean\元朝\遼史\遼史__juan_45.txt,6370,6319,0,separate,0.032288351416289954,wenyan-like,333371,0.007781120733357131,0.027815856808180675,14.884995507637017,0,0
元朝,11239,遼史,遼史/卷46,遼史,46,scrape_output\raw\元朝\遼史\遼史__juan_46.txt,scrape_output\clean\元朝\遼史\遼史__juan_46.txt,7379,7333,0,separate,0.032288351416289954,wenyan-like,333371,0.007781120733357131,0.027815856808180675,14.884995507637017,0,0
元朝,11239,遼史,遼史/卷48,遼史,47,scrape_output\raw\元朝\遼史\遼史__juan_47.txt,scrape_output\clean\元朝\遼史\遼史__juan_47.txt,6087,6037,0,separate,0.032288351416289954,wenyan-like,333371,0.007781120733357131,0.027815856808180675,14.884995507637017,0,0
元朝,11239,遼史,遼史/卷49,遼史,48,scrape_output\raw\元朝\遼史\遼史__juan_48.txt,scrape_output\clean\元朝\遼史\遼史__juan_48.txt,2701,2656,0,separate,0.032288351416289954,wenyan-like,333371,0.007781120733357131,0.027815856808180675,14.884995507637017,0,0
元朝,11239,遼史,遼史/卷50,遼史,49,scrape_output\raw\元朝\遼史\遼史__juan_49.txt,scrape_output\clean\元朝\遼史\遼史__juan_49.txt,3040,2994,0,separate,0.032288351416289954,wenyan-like,333371,0.007781120733357131,0.027815856808180675,14.884995507637017,0,0
元朝,11239,遼史,遼史/卷51,遼史,50,scrape_output\raw\元朝\遼史\遼史__juan_50.txt,scrape_output\clean\元朝\遼史\遼史__juan_50.txt,5937,5889,0,separate,0.032288351416289954,wenyan-like,333371,0.007781120733357131,0.027815856808180675,14.884995507637017,0,0
元朝,11239,遼史,遼史/卷52,遼史,51,scrape_output\raw\元朝\遼史\遼史__juan_51.txt,scrape_output\clean\元朝\遼史\遼史__juan_51.txt,4554,4507,0,separate,0.032288351416289954,wenyan-like,333371,0.007781120733357131,0.027815856808180675,14.884995507637017,0,0
元朝,11239,遼史,遼史/卷53,遼史,52,scrape_output\raw\元朝\遼史\遼史__juan_52.txt,scrape_output\clean\元朝\遼史\遼史__juan_52.txt,7312,7265,0,separate,0.032288351416289954,wenyan-like,333371,0.007781120733357131,0.027815856808180675,14.884995507637017,0,0
元朝,11239,遼史,遼史/卷54,遼史,53,scrape_output\raw\元朝\遼史\遼史__juan_53.txt,scrape_output\clean\元朝\遼史\遼史__juan_53.txt,3717,3666,0,separate,0.032288351416289954,wenyan-like,333371,0.007781120733357131,0.027815856808180675,14.884995507637017,0,0
元朝,11239,遼史,遼史/卷55,遼史,54,scrape_output\raw\元朝\遼史\遼史__juan_54.txt,scrape_output\clean\元朝\遼史\遼史__juan_54.txt,1845,1799,0,separate,0.032288351416289954,wenyan-like,333371,0.007781120733357131,0.027815856808180675,14.884995507637017,0,0
元朝,11239,遼史,遼史/卷56,遼史,55,scrape_output\raw\元朝\遼史\遼史__juan_55.txt,scrape_output\clean\元朝\遼史\遼史__juan_55.txt,2378,2318,0,separate,0.032288351416289954,wenyan-like,333371,0.007781120733357131,0.027815856808180675,14.884995507637017,0,0
元朝,11239,遼史,遼史/卷57,遼史,56,scrape_output\raw\元朝\遼史\遼史__juan_56.txt,scrape_output\clean\元朝\遼史\遼史__juan_56.txt,1407,1360,0,separate,0.032288351416289954,wenyan-like,333371,0.007781120733357131,0.027815856808180675,14.884995507637017,0,0
元朝,11239,遼史,遼史/卷58,遼史,57,scrape_output\raw\元朝\遼史\遼史__juan_57.txt,scrape_output\clean\元朝\遼史\遼史__juan_57.txt,1890,1838,0,separate,0.032288351416289954,wenyan-like,333371,0.007781120733357131,0.027815856808180675,14.884995507637017,0,0
元朝,11239,遼史,遼史/卷59,遼史,58,scrape_output\raw\元朝\遼史\遼史__juan_58.txt,scrape_output\clean\元朝\遼史\遼史__juan_58.txt,2083,2004,0,separate,0.032288351416289954,wenyan-like,333371,0.007781120733357131,0.027815856808180675,14.884995507637017,0,0
元朝,11239,遼史,遼史/卷60,遼史,59,scrape_output\raw\元朝\遼史\遼史__juan_59.txt,scrape_output\clean\元朝\遼史\遼史__juan_59.txt,2275,2204,0,separate,0.032288351416289954,wenyan-like,333371,0.007781120733357131,0.027815856808180675,14.884995507637017,0,0
元朝,11239,遼史,遼史/卷61,遼史,60,scrape_output\raw\元朝\遼史\遼史__juan_60.txt,scrape_output\clean\元朝\遼史\遼史__juan_60.txt,3168,3109,0,separate,0.032288351416289954,wenyan-like,333371,0.007781120733357131,0.027815856808180675,14.884995507637017,0,0
元朝,11239,遼史,遼史/卷62,遼史,61,scrape_output\raw\元朝\遼史\遼史__juan_61.txt,scrape_output\clean\元朝\遼史\遼史__juan_61.txt,2443,2393,0,separate,0.032288351416289954,wenyan-like,333371,0.007781120733357131,0.027815856808180675,14.884995507637017,0,0
元朝,11239,遼史,遼史/卷63,遼史,62,scrape_output\raw\元朝\遼史\遼史__juan_62.txt,scrape_output\clean\元朝\遼史\遼史__juan_62.txt,615,568,0,separate,0.032288351416289954,wenyan-like,333371,0.007781120733357131,0.027815856808180675,14.884995507637017,0,0
元朝,11239,遼史,遼史/卷64,遼史,63,scrape_output\raw\元朝\遼史\遼史__juan_63.txt,scrape_output\clean\元朝\遼史\遼史__juan_63.txt,311,265,0,separate,0.032288351416289954,wenyan-like,333371,0.007781120733357131,0.027815856808180675,14.884995507637017,0,0
元朝,11239,遼史,遼史/卷65,遼史,64,scrape_output\raw\元朝\遼史\遼史__juan_64.txt,scrape_output\clean\元朝\遼史\遼史__juan_64.txt,192,143,0,separate,0.032288351416289954,wenyan-like,333371,0.007781120733357131,0.027815856808180675,14.884995507637017,0,0
元朝,11239,遼史,遼史/卷66,遼史,65,scrape_output\raw\元朝\遼史\遼史__juan_65.txt,scrape_output\clean\元朝\遼史\遼史__juan_65.txt,296,251,0,separate,0.032288351416289954,wenyan-like,333371,0.007781120733357131,0.027815856808180675,14.884995507637017,0,0
元朝,11239,遼史,遼史/卷67,遼史,66,scrape_output\raw\元朝\遼史\遼史__juan_66.txt,scrape_output\clean\元朝\遼史\遼史__juan_66.txt,372,327,0,separate,0.032288351416289954,wenyan-like,333371,0.007781120733357131,0.027815856808180675,14.884995507637017,0,0
元朝,11239,遼史,遼史/卷68,遼史,67,scrape_output\raw\元朝\遼史\遼史__juan_67.txt,scrape_output\clean\元朝\遼史\遼史__juan_67.txt,208,163,0,separate,0.032288351416289954,wenyan-like,333371,0.007781120733357131,0.027815856808180675,14.884995507637017,0,0
元朝,11239,遼史,遼史/卷69,遼史,68,scrape_output\raw\元朝\遼史\遼史__juan_68.txt,scrape_output\clean\元朝\遼史\遼史__juan_68.txt,367,322,0,separate,0.032288351416289954,wenyan-like,333371,0.007781120733357131,0.027815856808180675,14.884995507637017,0,0
元朝,11239,遼史,遼史/卷70,遼史,69,scrape_output\raw\元朝\遼史\遼史__juan_69.txt,scrape_output\clean\元朝\遼史\遼史__juan_69.txt,204,159,0,separate,0.032288351416289954,wenyan-like,333371,0.007781120733357131,0.027815856808180675,14.884995507637017,0,0
元朝,11239,遼史,遼史/卷71,遼史,70,scrape_output\raw\元朝\遼史\遼史__juan_70.txt,scrape_output\clean\元朝\遼史\遼史__juan_70.txt,4463,4418,0,separate,0.032288351416289954,wenyan-like,333371,0.007781120733357131,0.027815856808180675,14.884995507637017,0,0
元朝,11239,遼史,遼史/卷72,遼史,71,scrape_output\raw\元朝\遼史\遼史__juan_71.txt,scrape_output\clean\元朝\遼史\遼史__juan_71.txt,3702,3652,0,separate,0.032288351416289954,wenyan-like,333371,0.007781120733357131,0.027815856808180675,14.884995507637017,0,0
元朝,11239,遼史,遼史/卷73,遼史,72,scrape_output\raw\元朝\遼史\遼史__juan_72.txt,scrape_output\clean\元朝\遼史\遼史__juan_72.txt,3546,3497,0,separate,0.032288351416289954,wenyan-like,333371,0.007781120733357131,0.027815856808180675,14.884995507637017,0,0
元朝,11239,遼史,遼史/卷74,遼史,73,scrape_output\raw\元朝\遼史\遼史__juan_73.txt,scrape_output\clean\元朝\遼史\遼史__juan_73.txt,2660,2609,0,separate,0.032288351416289954,wenyan-like,333371,0.007781120733357131,0.027815856808180675,14.884995507637017,0,0
元朝,11239,遼史,遼史/卷75,遼史,74,scrape_output\raw\元朝\遼史\遼史__juan_74.txt,scrape_output\clean\元朝\遼史\遼史__juan_74.txt,2830,2781,0,separate,0.032288351416289954,wenyan-like,333371,0.007781120733357131,0.027815856808180675,14.884995507637017,0,0
元朝,11239,遼史,遼史/卷76,遼史,75,scrape_output\raw\元朝\遼史\遼史__juan_75.txt,scrape_output\clean\元朝\遼史\遼史__juan_75.txt,3656,3611,0,separate,0.032288351416289954,wenyan-like,333371,0.007781120733357131,0.027815856808180675,14.884995507637017,0,0
元朝,11239,遼史,遼史/卷77,遼史,76,scrape_output\raw\元朝\遼史\遼史__juan_76.txt,scrape_output\clean\元朝\遼史\遼史__juan_76.txt,3828,3781,0,separate,0.032288351416289954,wenyan-like,333371,0.007781120733357131,0.027815856808180675,14.884995507637017,0,0
元朝,11239,遼史,遼史/卷78,遼史,77,scrape_output\raw\元朝\遼史\遼史__juan_77.txt,scrape_output\clean\元朝\遼史\遼史__juan_77.txt,1749,1704,0,separate,0.032288351416289954,wenyan-like,333371,0.007781120733357131,0.027815856808180675,14.884995507637017,0,0
元朝,11239,遼史,遼史/卷79,遼史,78,scrape_output\raw\元朝\遼史\遼史__juan_78.txt,scrape_output\clean\元朝\遼史\遼史__juan_78.txt,2081,2035,0,separate,0.032288351416289954,wenyan-like,333371,0.007781120733357131,0.027815856808180675,14.884995507637017,0,0
元朝,11239,遼史,遼史/卷80,遼史,79,scrape_output\raw\元朝\遼史\遼史__juan_79.txt,scrape_output\clean\元朝\遼史\遼史__juan_79.txt,2387,2341,0,separate,0.032288351416289954,wenyan-like,333371,0.007781120733357131,0.027815856808180675,14.884995507637017,0,0
元朝,11239,遼史,遼史/卷81,遼史,80,scrape_output\raw\元朝\遼史\遼史__juan_80.txt,scrape_output\clean\元朝\遼史\遼史__juan_80.txt,1802,1755,0,separate,0.032288351416289954,wenyan-like,333371,0.007781120733357131,0.027815856808180675,14.884995507637017,0,0
元朝,11239,遼史,遼史/卷82,遼史,81,scrape_output\raw\元朝\遼史\遼史__juan_81.txt,scrape_output\clean\元朝\遼史\遼史__juan_81.txt,3081,3032,0,separate,0.032288351416289954,wenyan-like,333371,0.007781120733357131,0.027815856808180675,14.884995507637017,0,0
元朝,11239,遼史,遼史/卷83,遼史,82,scrape_output\raw\元朝\遼史\遼史__juan_82.txt,scrape_output\clean\元朝\遼史\遼史__juan_82.txt,3023,2974,0,separate,0.032288351416289954,wenyan-like,333371,0.007781120733357131,0.027815856808180675,14.884995507637017,0,0
元朝,11239,遼史,遼史/卷84,遼史,83,scrape_output\raw\元朝\遼史\遼史__juan_83.txt,scrape_output\clean\元朝\遼史\遼史__juan_83.txt,1772,1726,0,separate,0.032288351416289954,wenyan-like,333371,0.007781120733357131,0.027815856808180675,14.884995507637017,0,0
元朝,11239,遼史,遼史/卷85,遼史,84,scrape_output\raw\元朝\遼史\遼史__juan_84.txt,scrape_output\clean\元朝\遼史\遼史__juan_84.txt,2868,2823,0,separate,0.032288351416289954,wenyan-like,333371,0.007781120733357131,0.027815856808180675,14.884995507637017,0,0
元朝,11239,遼史,遼史/卷86,遼史,85,scrape_output\raw\元朝\遼史\遼史__juan_85.txt,scrape_output\clean\元朝\遼史\遼史__juan_85.txt,3101,3054,0,separate,0.032288351416289954,wenyan-like,333371,0.007781120733357131,0.027815856808180675,14.884995507637017,0,0
元朝,11239,遼史,遼史/卷87,遼史,86,scrape_output\raw\元朝\遼史\遼史__juan_86.txt,scrape_output\clean\元朝\遼史\遼史__juan_86.txt,2727,2680,0,separate,0.032288351416289954,wenyan-like,333371,0.007781120733357131,0.027815856808180675,14.884995507637017,0,0
元朝,11239,遼史,遼史/卷88,遼史,87,scrape_output\raw\元朝\遼史\遼史__juan_87.txt,scrape_output\clean\元朝\遼史\遼史__juan_87.txt,3603,3554,0,separate,0.032288351416289954,wenyan-like,333371,0.007781120733357131,0.027815856808180675,14.884995507637017,0,0
元朝,11239,遼史,遼史/卷89,遼史,88,scrape_output\raw\元朝\遼史\遼史__juan_88.txt,scrape_output\clean\元朝\遼史\遼史__juan_88.txt,2294,2247,0,separate,0.032288351416289954,wenyan-like,333371,0.007781120733357131,0.027815856808180675,14.884995507637017,0,0
元朝,11239,遼史,遼史/卷90,遼史,89,scrape_output\raw\元朝\遼史\遼史__juan_89.txt,scrape_output\clean\元朝\遼史\遼史__juan_89.txt,1978,1931,0,separate,0.032288351416289954,wenyan-like,333371,0.007781120733357131,0.027815856808180675,14.884995507637017,0,0
元朝,11239,遼史,遼史/卷91,遼史,90,scrape_output\raw\元朝\遼史\遼史__juan_90.txt,scrape_output\clean\元朝\遼史\遼史__juan_90.txt,1923,1876,0,separate,0.032288351416289954,wenyan-like,333371,0.007781120733357131,0.027815856808180675,14.884995507637017,0,0
元朝,11239,遼史,遼史/卷92,遼史,91,scrape_output\raw\元朝\遼史\遼史__juan_91.txt,scrape_output\clean\元朝\遼史\遼史__juan_91.txt,1624,1579,0,separate,0.032288351416289954,wenyan-like,333371,0.007781120733357131,0.027815856808180675,14.884995507637017,0,0
元朝,11239,遼史,遼史/卷93,遼史,92,scrape_output\raw\元朝\遼史\遼史__juan_92.txt,scrape_output\clean\元朝\遼史\遼史__juan_92.txt,3072,3023,0,separate,0.032288351416289954,wenyan-like,333371,0.007781120733357131,0.027815856808180675,14.884995507637017,0,0
元朝,11239,遼史,遼史/卷94,遼史,93,scrape_output\raw\元朝\遼史\遼史__juan_93.txt,scrape_output\clean\元朝\遼史\遼史__juan_93.txt,2283,2238,0,separate,0.032288351416289954,wenyan-like,333371,0.007781120733357131,0.027815856808180675,14.884995507637017,0,0
元朝,11239,遼史,遼史/卷95,遼史,94,scrape_output\raw\元朝\遼史\遼史__juan_94.txt,scrape_output\clean\元朝\遼史\遼史__juan_94.txt,2025,1976,0,separate,0.032288351416289954,wenyan-like,333371,0.007781120733357131,0.027815856808180675,14.884995507637017,0,0
元朝,11239,遼史,遼史/卷96,遼史,95,scrape_output\raw\元朝\遼史\遼史__juan_95.txt,scrape_output\clean\元朝\遼史\遼史__juan_95.txt,4113,4066,0,separate,0.032288351416289954,wenyan-like,333371,0.007781120733357131,0.027815856808180675,14.884995507637017,0,0
元朝,11239,遼史,遼史/卷97,遼史,96,scrape_output\raw\元朝\遼史\遼史__juan_96.txt,scrape_output\clean\元朝\遼史\遼史__juan_96.txt,2017,1972,0,separate,0.032288351416289954,wenyan-like,333371,0.007781120733357131,0.027815856808180675,14.884995507637017,0,0
元朝,11239,遼史,遼史/卷98,遼史,97,scrape_output\raw\元朝\遼史\遼史__juan_97.txt,scrape_output\clean\元朝\遼史\遼史__juan_97.txt,2341,2296,0,separate,0.032288351416289954,wenyan-like,333371,0.007781120733357131,0.027815856808180675,14.884995507637017,0,0
元朝,11239,遼史,遼史/卷99,遼史,98,scrape_output\raw\元朝\遼史\遼史__juan_98.txt,scrape_output\clean\元朝\遼史\遼史__juan_98.txt,2306,2261,0,separate,0.032288351416289954,wenyan-like,333371,0.007781120733357131,0.027815856808180675,14.884995507637017,0,0
元朝,11239,遼史,遼史/卷100,遼史,99,scrape_output\raw\元朝\遼史\遼史__juan_99.txt,scrape_output\clean\元朝\遼史\遼史__juan_99.txt,2326,2281,0,separate,0.032288351416289954,wenyan-like,333371,0.007781120733357131,0.027815856808180675,14.884995507637017,0,0
元朝,11239,遼史,遼史/卷101,遼史,100,scrape_output\raw\元朝\遼史\遼史__juan_100.txt,scrape_output\clean\元朝\遼史\遼史__juan_100.txt,1885,1840,0,separate,0.032288351416289954,wenyan-like,333371,0.007781120733357131,0.027815856808180675,14.884995507637017,0,0
元朝,11239,遼史,遼史/卷102,遼史,101,scrape_output\raw\元朝\遼史\遼史__juan_101.txt,scrape_output\clean\元朝\遼史\遼史__juan_101.txt,2179,2134,0,separate,0.032288351416289954,wenyan-like,333371,0.007781120733357131,0.027815856808180675,14.884995507637017,0,0
元朝,11239,遼史,遼史/卷103,遼史,102,scrape_output\raw\元朝\遼史\遼史__juan_102.txt,scrape_output\clean\元朝\遼史\遼史__juan_102.txt,3145,3099,0,separate,0.032288351416289954,wenyan-like,333371,0.007781120733357131,0.027815856808180675,14.884995507637017,0,0
元朝,11239,遼史,遼史/卷104,遼史,103,scrape_output\raw\元朝\遼史\遼史__juan_103.txt,scrape_output\clean\元朝\遼史\遼史__juan_103.txt,2064,2020,0,separate,0.032288351416289954,wenyan-like,333371,0.007781120733357131,0.027815856808180675,14.884995507637017,0,0
元朝,11239,遼史,遼史/卷105,遼史,104,scrape_output\raw\元朝\遼史\遼史__juan_104.txt,scrape_output\clean\元朝\遼史\遼史__juan_104.txt,2871,2825,0,separate,0.032288351416289954,wenyan-like,333371,0.007781120733357131,0.027815856808180675,14.884995507637017,0,0
元朝,11239,遼史,遼史/卷106,遼史,105,scrape_output\raw\元朝\遼史\遼史__juan_105.txt,scrape_output\clean\元朝\遼史\遼史__juan_105.txt,896,852,0,separate,0.032288351416289954,wenyan-like,333371,0.007781120733357131,0.027815856808180675,14.884995507637017,0,0
元朝,11239,遼史,遼史/卷107,遼史,106,scrape_output\raw\元朝\遼史\遼史__juan_106.txt,scrape_output\clean\元朝\遼史\遼史__juan_106.txt,1639,1593,0,separate,0.032288351416289954,wenyan-like,333371,0.007781120733357131,0.027815856808180675,14.884995507637017,0,0
元朝,11239,遼史,遼史/卷108,遼史,107,scrape_output\raw\元朝\遼史\遼史__juan_107.txt,scrape_output\clean\元朝\遼史\遼史__juan_107.txt,1170,1126,0,separate,0.032288351416289954,wenyan-like,333371,0.007781120733357131,0.027815856808180675,14.884995507637017,0,0
元朝,11239,遼史,遼史/卷109,遼史,108,scrape_output\raw\元朝\遼史\遼史__juan_108.txt,scrape_output\clean\元朝\遼史\遼史__juan_108.txt,1098,1054,0,separate,0.032288351416289954,wenyan-like,333371,0.007781120733357131,0.027815856808180675,14.884995507637017,0,0
元朝,11239,遼史,遼史/卷110,遼史,109,scrape_output\raw\元朝\遼史\遼史__juan_109.txt,scrape_output\clean\元朝\遼史\遼史__juan_109.txt,2839,2793,0,separate,0.032288351416289954,wenyan-like,333371,0.007781120733357131,0.027815856808180675,14.884995507637017,0,0
元朝,11239,遼史,遼史/卷111,遼史,110,scrape_output\raw\元朝\遼史\遼史__juan_110.txt,scrape_output\clean\元朝\遼史\遼史__juan_110.txt,1796,1750,0,separate,0.032288351416289954,wenyan-like,333371,0.007781120733357131,0.027815856808180675,14.884995507637017,0,0
元朝,11239,遼史,遼史/卷112,遼史,111,scrape_output\raw\元朝\遼史\遼史__juan_111.txt,scrape_output\clean\元朝\遼史\遼史__juan_111.txt,2745,2701,0,separate,0.032288351416289954,wenyan-like,333371,0.007781120733357131,0.027815856808180675,14.884995507637017,0,0
元朝,11239,遼史,遼史/卷113,遼史,112,scrape_output\raw\元朝\遼史\遼史__juan_112.txt,scrape_output\clean\元朝\遼史\遼史__juan_112.txt,2705,2661,0,separate,0.032288351416289954,wenyan-like,333371,0.007781120733357131,0.027815856808180675,14.884995507637017,0,0
元朝,11239,遼史,遼史/卷114,遼史,113,scrape_output\raw\元朝\遼史\遼史__juan_113.txt,scrape_output\clean\元朝\遼史\遼史__juan_113.txt,2125,2081,0,separate,0.032288351416289954,wenyan-like,333371,0.007781120733357131,0.027815856808180675,14.884995507637017,0,0
元朝,11239,遼史,遼史/卷115,遼史,114,scrape_output\raw\元朝\遼史\遼史__juan_114.txt,scrape_output\clean\元朝\遼史\遼史__juan_114.txt,5642,5511,0,separate,0.032288351416289954,wenyan-like,333371,0.007781120733357131,0.027815856808180675,14.884995507637017,0,0
元朝,106055,遼志,遼志,遼志,1,scrape_output\raw\元朝\遼志\遼志__juan_01.txt,scrape_output\clean\元朝\遼志\遼志__juan_01.txt,5786,5693,0,separate,0.22787993510005405,wenyan-like,5547,0.010456102397692447,0.05462412114656571,20.731517509727627,0,0
元朝,1132166,遼昭勇大將軍中都路都總管兼大興府尹郭公新塋碑,遼昭勇大將軍中都路都總管兼大興府尹郭公新塋碑,遼昭勇大將軍中都路都總管兼大興府尹郭公新塋碑,1,scrape_output\raw\元朝\遼昭勇大將軍中都路都總管兼大興府尹郭公新塋碑\遼昭勇大將軍中都路都總管兼大興府尹郭公新塋碑__juan_01.txt,scrape_output\clean\元朝\遼昭勇大將軍中都路都總管兼大興府尹郭公新塋碑\遼昭勇大將軍中都路都總管兼大興府尹郭公新塋碑__juan_01.txt,1532,1479,0,separate,0.24986413043478262,wenyan-like,1472,0.012907608695652174,0.06929347826086957,18.945945945945947,0,0
元朝,1078542,遼略,遼略/卷1,遼略,1,scrape_output\raw\元朝\遼略\遼略__juan_01.txt,scrape_output\clean\元朝\遼略\遼略__juan_01.txt,5076,5075,0,separate,0.19793981278978218,wenyan-like,34293,0.008048289738430584,0.03604234100253696,22.63473466574776,0,0
元朝,1078542,遼略,遼略/卷2,遼略,2,scrape_output\raw\元朝\遼略\遼略__juan_02.txt,scrape_output\clean\元朝\遼略\遼略__juan_02.txt,6117,6117,0,separate,0.19793981278978218,wenyan-like,34293,0.008048289738430584,0.03604234100253696,22.63473466574776,0,0
元朝,1078542,遼略,遼略/卷3,遼略,3,scrape_output\raw\元朝\遼略\遼略__juan_03.txt,scrape_output\clean\元朝\遼略\遼略__juan_03.txt,4741,4741,0,separate,0.19793981278978218,wenyan-like,34293,0.008048289738430584,0.03604234100253696,22.63473466574776,0,0
元朝,1078542,遼略,遼略/卷4,遼略,4,scrape_output\raw\元朝\遼略\遼略__juan_04.txt,scrape_output\clean\元朝\遼略\遼略__juan_04.txt,0,0,1,separate,0.19793981278978218,wenyan-like,34293,0.008048289738430584,0.03604234100253696,22.63473466574776,0,0
元朝,1078542,遼略,遼略/卷5,遼略,5,scrape_output\raw\元朝\遼略\遼略__juan_05.txt,scrape_output\clean\元朝\遼略\遼略__juan_05.txt,0,0,1,separate,0.19793981278978218,wenyan-like,34293,0.008048289738430584,0.03604234100253696,22.63473466574776,0,0
元朝,1078542,遼略,遼略/卷6,遼略,6,scrape_output\raw\元朝\遼略\遼略__juan_06.txt,scrape_output\clean\元朝\遼略\遼略__juan_06.txt,0,0,1,separate,0.19793981278978218,wenyan-like,34293,0.008048289738430584,0.03604234100253696,22.63473466574776,0,0
元朝,1078542,遼略,遼略/卷7,遼略,7,scrape_output\raw\元朝\遼略\遼略__juan_07.txt,scrape_output\clean\元朝\遼略\遼略__juan_07.txt,0,0,1,separate,0.19793981278978218,wenyan-like,34293,0.008048289738430584,0.03604234100253696,22.63473466574776,0,0
元朝,1078542,遼略,遼略/卷8,遼略,8,scrape_output\raw\元朝\遼略\遼略__juan_08.txt,scrape_output\clean\元朝\遼略\遼略__juan_08.txt,0,0,1,separate,0.19793981278978218,wenyan-like,34293,0.008048289738430584,0.03604234100253696,22.63473466574776,0,0
元朝,1078542,遼略,遼略/卷9,遼略,9,scrape_output\raw\元朝\遼略\遼略__juan_09.txt,scrape_output\clean\元朝\遼略\遼略__juan_09.txt,7746,7744,0,separate,0.19793981278978218,wenyan-like,34293,0.008048289738430584,0.03604234100253696,22.63473466574776,0,0
元朝,1078542,遼略,遼略/卷10,遼略,10,scrape_output\raw\元朝\遼略\遼略__juan_10.txt,scrape_output\clean\元朝\遼略\遼略__juan_10.txt,10637,10631,0,separate,0.19793981278978218,wenyan-like,34293,0.008048289738430584,0.03604234100253696,22.63473466574776,0,0
元朝,1078542,遼略,遼略/卷11,遼略,11,scrape_output\raw\元朝\遼略\遼略__juan_11.txt,scrape_output\clean\元朝\遼略\遼略__juan_11.txt,0,0,1,separate,0.19793981278978218,wenyan-like,34293,0.008048289738430584,0.03604234100253696,22.63473466574776,0,0
元朝,1078542,遼略,遼略/卷12,遼略,12,scrape_output\raw\元朝\遼略\遼略__juan_12.txt,scrape_output\clean\元朝\遼略\遼略__juan_12.txt,0,0,1,separate,0.19793981278978218,wenyan-like,34293,0.008048289738430584,0.03604234100253696,22.63473466574776,0,0
元朝,1078542,遼略,遼略/卷13,遼略,13,scrape_output\raw\元朝\遼略\遼略__juan_13.txt,scrape_output\clean\元朝\遼略\遼略__juan_13.txt,0,0,1,separate,0.19793981278978218,wenyan-like,34293,0.008048289738430584,0.03604234100253696,22.63473466574776,0,0
元朝,1078542,遼略,遼略/卷14,遼略,14,scrape_output\raw\元朝\遼略\遼略__juan_14.txt,scrape_output\clean\元朝\遼略\遼略__juan_14.txt,0,0,1,separate,0.19793981278978218,wenyan-like,34293,0.008048289738430584,0.03604234100253696,22.63473466574776,0,0
元朝,1078542,遼略,遼略/卷15,遼略,15,scrape_output\raw\元朝\遼略\遼略__juan_15.txt,scrape_output\clean\元朝\遼略\遼略__juan_15.txt,0,0,1,separate,0.19793981278978218,wenyan-like,34293,0.008048289738430584,0.03604234100253696,22.63473466574776,0,0
元朝,1078542,遼略,遼略/卷16,遼略,16,scrape_output\raw\元朝\遼略\遼略__juan_16.txt,scrape_output\clean\元朝\遼略\遼略__juan_16.txt,0,0,1,separate,0.19793981278978218,wenyan-like,34293,0.008048289738430584,0.03604234100253696,22.63473466574776,0,0
元朝,1078542,遼略,遼略/卷17,遼略,17,scrape_output\raw\元朝\遼略\遼略__juan_17.txt,scrape_output\clean\元朝\遼略\遼略__juan_17.txt,0,0,1,separate,0.19793981278978218,wenyan-like,34293,0.008048289738430584,0.03604234100253696,22.63473466574776,0,0
元朝,1078542,遼略,遼略/卷18,遼略,18,scrape_output\raw\元朝\遼略\遼略__juan_18.txt,scrape_output\clean\元朝\遼略\遼略__juan_18.txt,0,0,1,separate,0.19793981278978218,wenyan-like,34293,0.008048289738430584,0.03604234100253696,22.63473466574776,0,0
元朝,1078542,遼略,遼略/卷19,遼略,19,scrape_output\raw\元朝\遼略\遼略__juan_19.txt,scrape_output\clean\元朝\遼略\遼略__juan_19.txt,0,0,1,separate,0.19793981278978218,wenyan-like,34293,0.008048289738430584,0.03604234100253696,22.63473466574776,0,0
元朝,1078542,遼略,遼略/卷20,遼略,20,scrape_output\raw\元朝\遼略\遼略__juan_20.txt,scrape_output\clean\元朝\遼略\遼略__juan_20.txt,0,0,1,separate,0.19793981278978218,wenyan-like,34293,0.008048289738430584,0.03604234100253696,22.63473466574776,0,0
元朝,1078542,遼略,遼略/卷21,遼略,21,scrape_output\raw\元朝\遼略\遼略__juan_21.txt,scrape_output\clean\元朝\遼略\遼略__juan_21.txt,0,0,1,separate,0.19793981278978218,wenyan-like,34293,0.008048289738430584,0.03604234100253696,22.63473466574776,0,0
元朝,1078542,遼略,遼略/卷22,遼略,22,scrape_output\raw\元朝\遼略\遼略__juan_22.txt,scrape_output\clean\元朝\遼略\遼略__juan_22.txt,0,0,1,separate,0.19793981278978218,wenyan-like,34293,0.008048289738430584,0.03604234100253696,22.63473466574776,0,0
元朝,1078542,遼略,遼略/卷23,遼略,23,scrape_output\raw\元朝\遼略\遼略__juan_23.txt,scrape_output\clean\元朝\遼略\遼略__juan_23.txt,0,0,1,separate,0.19793981278978218,wenyan-like,34293,0.008048289738430584,0.03604234100253696,22.63473466574776,0,0
元朝,1193290,避暑圖,避暑圖,避暑圖,1,scrape_output\raw\元朝\避暑圖\避暑圖__juan_01.txt,scrape_output\clean\元朝\避暑圖\避暑圖__juan_01.txt,117,73,0,separate,0.06349206349206349,unknown,63,0.0,0.031746031746031744,8.571428571428571,0,1
元朝,1179353,還臺偶成二首,還臺偶成二首,還臺偶成二首,1,scrape_output\raw\元朝\還臺偶成二首\還臺偶成二首__juan_01.txt,scrape_output\clean\元朝\還臺偶成二首\還臺偶成二首__juan_01.txt,149,105,0,separate,0.06315789473684211,unknown,95,0.0,0.031578947368421054,12.857142857142858,0,1
元朝,600986,邢臺劉德淵道濟,邢臺劉德淵道濟,邢臺劉德淵道濟,1,scrape_output\raw\元朝\邢臺劉德淵道濟\邢臺劉德淵道濟__juan_01.txt,scrape_output\clean\元朝\邢臺劉德淵道濟\邢臺劉德淵道濟__juan_01.txt,151,107,0,separate,0.020618556701030927,unknown,97,0.0,0.010309278350515464,11.375,0,1
元朝,146199,邯鄲道省悟黃粱夢,邯鄲道省悟黃粱夢,邯鄲道省悟黃粱夢,1,scrape_output\suspected_baihua\raw\元朝\邯鄲道省悟黃粱夢\邯鄲道省悟黃粱夢__juan_01.txt,scrape_output\suspected_baihua\clean\元朝\邯鄲道省悟黃粱夢\邯鄲道省悟黃粱夢__juan_01.txt,12299,11998,0,separate,-0.0642356490107355,baihua-like,11271,0.0468458876763375,0.038151007009138496,11.284656084656085,0,0
元朝,1179360,邵伯舟中,邵伯舟中,邵伯舟中,1,scrape_output\raw\元朝\邵伯舟中\邵伯舟中__juan_01.txt,scrape_output\clean\元朝\邵伯舟中\邵伯舟中__juan_01.txt,113,69,0,separate,0.031746031746031744,unknown,63,0.0,0.015873015873015872,12.0,0,1
元朝,886056,郝侍中釣臺,郝侍中釣臺,郝侍中釣臺,1,scrape_output\raw\元朝\郝侍中釣臺\郝侍中釣臺__juan_01.txt,scrape_output\clean\元朝\郝侍中釣臺\郝侍中釣臺__juan_01.txt,149,105,0,separate,0.010526315789473682,unknown,95,0.010526315789473684,0.021052631578947368,12.857142857142858,0,1
元朝,765369,郡安寺重建佛殿記,郡安寺重建佛殿記,郡安寺重建佛殿記,1,scrape_output\raw\元朝\郡安寺重建佛殿記\郡安寺重建佛殿記__juan_01.txt,scrape_output\clean\元朝\郡安寺重建佛殿記\郡安寺重建佛殿記__juan_01.txt,753,709,0,separate,0.2805595408895265,wenyan-like,697,0.00430416068866571,0.07173601147776183,21.0,0,0
元朝,765009,郭羲仲詩集序,郭羲仲詩集序,郭羲仲詩集序,1,scrape_output\raw\元朝\郭羲仲詩集序\郭羲仲詩集序__juan_01.txt,scrape_output\clean\元朝\郭羲仲詩集序\郭羲仲詩集序__juan_01.txt,700,656,0,separate,0.5111801242236025,wenyan-like,644,0.006211180124223602,0.11490683229813664,31.35,0,0
元朝,1179274,都下同翰林諸公送御史尚遊題紫騮馬,都下同翰林諸公送御史尚遊題紫騮馬,都下同翰林諸公送御史尚遊題紫騮馬,1,scrape_output\raw\元朝\都下同翰林諸公送御史尚遊題紫騮馬\都下同翰林諸公送御史尚遊題紫騮馬__juan_01.txt,scrape_output\clean\元朝\都下同翰林諸公送御史尚遊題紫騮馬\都下同翰林諸公送御史尚遊題紫騮馬__juan_01.txt,133,89,0,separate,0.02531645569620253,unknown,79,0.0,0.012658227848101266,10.571428571428571,0,1
元朝,796260,都下寄浙省周玉坡參政,都下寄浙省周玉坡參政,都下寄浙省周玉坡參政,1,scrape_output\raw\元朝\都下寄浙省周玉坡參政\都下寄浙省周玉坡參政__juan_01.txt,scrape_output\clean\元朝\都下寄浙省周玉坡參政\都下寄浙省周玉坡參政__juan_01.txt,149,105,0,separate,0.010526315789473682,unknown,95,0.010526315789473684,0.021052631578947368,12.857142857142858,0,1
元朝,768892,都城暮春,都城暮春,都城暮春,1,scrape_output\raw\元朝\都城暮春\都城暮春__juan_01.txt,scrape_output\clean\元朝\都城暮春\都城暮春__juan_01.txt,151,107,0,separate,0.041237113402061855,unknown,97,0.0,0.020618556701030927,13.142857142857142,0,1
元朝,886082,鄂諾道中,鄂諾道中,鄂諾道中,1,scrape_output\raw\元朝\鄂諾道中\鄂諾道中__juan_01.txt,scrape_output\clean\元朝\鄂諾道中\鄂諾道中__juan_01.txt,191,147,0,separate,0.18703703703703703,unknown,135,0.007407407407407408,0.02962962962962963,16.25,0,1
元朝,764955,鄉闈紀錄序,鄉闈紀錄序,鄉闈紀錄序,1,scrape_output\raw\元朝\鄉闈紀錄序\鄉闈紀錄序__juan_01.txt,scrape_output\clean\元朝\鄉闈紀錄序\鄉闈紀錄序__juan_01.txt,372,328,0,separate,0.15,wenyan-like,318,0.018867924528301886,0.02830188679245283,16.0,0,0
元朝,764810,鄒氏遺訓序,鄒氏遺訓序,鄒氏遺訓序,1,scrape_output\raw\元朝\鄒氏遺訓序\鄒氏遺訓序__juan_01.txt,scrape_output\clean\元朝\鄒氏遺訓序\鄒氏遺訓序__juan_01.txt,455,411,0,separate,0.4462962962962963,wenyan-like,405,0.014814814814814815,0.17037037037037037,21.666666666666668,0,0
元朝,766467,鄰飲,鄰飲,鄰飲,1,scrape_output\raw\元朝\鄰飲\鄰飲__juan_01.txt,scrape_output\clean\元朝\鄰飲\鄰飲__juan_01.txt,133,89,0,separate,0.012658227848101264,unknown,79,0.012658227848101266,0.02531645569620253,10.571428571428571,0,1
元朝,1179528,酌桂芳庭,酌桂芳庭,酌桂芳庭,1,scrape_output\raw\元朝\酌桂芳庭\酌桂芳庭__juan_01.txt,scrape_output\clean\元朝\酌桂芳庭\酌桂芳庭__juan_01.txt,149,105,0,separate,-0.010526315789473686,unknown,95,0.010526315789473684,0.010526315789473684,12.857142857142858,0,1
元朝,886803,酒贊并序,酒贊并序,酒贊并序,1,scrape_output\raw\元朝\酒贊并序\酒贊并序__juan_01.txt,scrape_output\clean\元朝\酒贊并序\酒贊并序__juan_01.txt,335,291,0,separate,0.22017543859649125,wenyan-like,285,0.007017543859649123,0.0456140350877193,15.0,0,0
元朝,886769,酒銘,酒銘,酒銘,1,scrape_output\raw\元朝\酒銘\酒銘__juan_01.txt,scrape_output\clean\元朝\酒銘\酒銘__juan_01.txt,129,85,0,separate,0.06666666666666668,unknown,75,0.013333333333333334,0.05333333333333334,10.0,0,1
元朝,1179553,酬張伯雨寄茅山志,酬張伯雨寄茅山志,酬張伯雨寄茅山志,1,scrape_output\raw\元朝\酬張伯雨寄茅山志\酬張伯雨寄茅山志__juan_01.txt,scrape_output\clean\元朝\酬張伯雨寄茅山志\酬張伯雨寄茅山志__juan_01.txt,149,105,0,separate,-0.010526315789473686,unknown,95,0.010526315789473684,0.010526315789473684,12.857142857142858,0,1
元朝,886662,醉去來辭五首,醉去來辭五首,醉去來辭五首,1,scrape_output\raw\元朝\醉去來辭五首\醉去來辭五首__juan_01.txt,scrape_output\clean\元朝\醉去來辭五首\醉去來辭五首__juan_01.txt,318,266,0,separate,0.030172413793103446,wenyan-like,232,0.01293103448275862,0.034482758620689655,10.0,0,0
元朝,886668,醉吟行,醉吟行,醉吟行,1,scrape_output\raw\元朝\醉吟行\醉吟行__juan_01.txt,scrape_output\clean\元朝\醉吟行\醉吟行__juan_01.txt,113,69,0,separate,0.015873015873015872,unknown,63,0.015873015873015872,0.031746031746031744,12.0,0,1
元朝,886775,醉吟齋銘,醉吟齋銘,醉吟齋銘,1,scrape_output\raw\元朝\醉吟齋銘\醉吟齋銘__juan_01.txt,scrape_output\clean\元朝\醉吟齋銘\醉吟齋銘__juan_01.txt,129,85,0,separate,0.04,unknown,75,0.013333333333333334,0.04,10.0,0,1
元朝,886059,醉書雙溪書院醉經堂壁,醉書雙溪書院醉經堂壁,醉書雙溪書院醉經堂壁,1,scrape_output\raw\元朝\醉書雙溪書院醉經堂壁\醉書雙溪書院醉經堂壁__juan_01.txt,scrape_output\clean\元朝\醉書雙溪書院醉經堂壁\醉書雙溪書院醉經堂壁__juan_01.txt,190,142,0,separate,-0.008064516129032258,unknown,124,0.008064516129032258,0.008064516129032258,8.5,0,1
元朝,886805,醉聖贊,醉聖贊,醉聖贊,1,scrape_output\raw\元朝\醉聖贊\醉聖贊__juan_01.txt,scrape_output\clean\元朝\醉聖贊\醉聖贊__juan_01.txt,269,225,0,separate,0.03664921465968586,unknown,191,0.005235602094240838,0.02617801047120419,9.157894736842104,0,1
元朝,886684,醉讀列子,醉讀列子,醉讀列子,1,scrape_output\raw\元朝\醉讀列子\醉讀列子__juan_01.txt,scrape_output\clean\元朝\醉讀列子\醉讀列子__juan_01.txt,113,69,0,separate,0.031746031746031744,unknown,63,0.0,0.015873015873015872,12.0,0,1
元朝,766451,醉贈相子先,醉贈相子先,醉贈相子先,1,scrape_output\raw\元朝\醉贈相子先\醉贈相子先__juan_01.txt,scrape_output\clean\元朝\醉贈相子先\醉贈相子先__juan_01.txt,325,281,0,separate,0.047058823529411764,wenyan-like,255,0.0,0.023529411764705882,13.277777777777779,0,0
元朝,1179414,醉起,醉起,醉起,1,scrape_output\raw\元朝\醉起\醉起__juan_01.txt,scrape_output\clean\元朝\醉起\醉起__juan_01.txt,113,69,0,separate,0.031746031746031744,unknown,63,0.0,0.015873015873015872,12.0,0,1
元朝,886594,醍醐,醍醐,醍醐,1,scrape_output\raw\元朝\醍醐\醍醐__juan_01.txt,scrape_output\clean\元朝\醍醐\醍醐__juan_01.txt,184,138,0,separate,0.06349206349206349,unknown,126,0.0,0.031746031746031744,11.0,0,1
元朝,762044,醫壘元戎,醫壘元戎/卷一,醫壘元戎,1,scrape_output\raw\元朝\醫壘元戎\醫壘元戎__juan_01.txt,scrape_output\clean\元朝\醫壘元戎\醫壘元戎__juan_01.txt,10584,10236,0,separate,0.06574838070108747,wenyan-like,134163,0.00714802143661069,0.043596222505459775,14.719382321618744,0,0
元朝,762044,醫壘元戎,醫壘元戎/卷二,醫壘元戎,2,scrape_output\raw\元朝\醫壘元戎\醫壘元戎__juan_02.txt,scrape_output\clean\元朝\醫壘元戎\醫壘元戎__juan_02.txt,12557,12109,0,separate,0.06574838070108747,wenyan-like,134163,0.00714802143661069,0.043596222505459775,14.719382321618744,0,0
元朝,762044,醫壘元戎,醫壘元戎/卷三,醫壘元戎,3,scrape_output\raw\元朝\醫壘元戎\醫壘元戎__juan_03.txt,scrape_output\clean\元朝\醫壘元戎\醫壘元戎__juan_03.txt,9208,8731,0,separate,0.06574838070108747,wenyan-like,134163,0.00714802143661069,0.043596222505459775,14.719382321618744,0,0
元朝,762044,醫壘元戎,醫壘元戎/卷四,醫壘元戎,4,scrape_output\raw\元朝\醫壘元戎\醫壘元戎__juan_04.txt,scrape_output\clean\元朝\醫壘元戎\醫壘元戎__juan_04.txt,10234,9808,0,separate,0.06574838070108747,wenyan-like,134163,0.00714802143661069,0.043596222505459775,14.719382321618744,0,0
元朝,762044,醫壘元戎,醫壘元戎/卷五,醫壘元戎,5,scrape_output\raw\元朝\醫壘元戎\醫壘元戎__juan_05.txt,scrape_output\clean\元朝\醫壘元戎\醫壘元戎__juan_05.txt,10876,10539,0,separate,0.06574838070108747,wenyan-like,134163,0.00714802143661069,0.043596222505459775,14.719382321618744,0,0
元朝,762044,醫壘元戎,醫壘元戎/卷六,醫壘元戎,6,scrape_output\raw\元朝\醫壘元戎\醫壘元戎__juan_06.txt,scrape_output\clean\元朝\醫壘元戎\醫壘元戎__juan_06.txt,16360,15580,0,separate,0.06574838070108747,wenyan-like,134163,0.00714802143661069,0.043596222505459775,14.719382321618744,0,0
元朝,762044,醫壘元戎,醫壘元戎/卷七,醫壘元戎,7,scrape_output\raw\元朝\醫壘元戎\醫壘元戎__juan_07.txt,scrape_output\clean\元朝\醫壘元戎\醫壘元戎__juan_07.txt,11282,10856,0,separate,0.06574838070108747,wenyan-like,134163,0.00714802143661069,0.043596222505459775,14.719382321618744,0,0
元朝,762044,醫壘元戎,醫壘元戎/卷八,醫壘元戎,8,scrape_output\raw\元朝\醫壘元戎\醫壘元戎__juan_08.txt,scrape_output\clean\元朝\醫壘元戎\醫壘元戎__juan_08.txt,11840,11105,0,separate,0.06574838070108747,wenyan-like,134163,0.00714802143661069,0.043596222505459775,14.719382321618744,0,0
元朝,762044,醫壘元戎,醫壘元戎/卷九,醫壘元戎,9,scrape_output\raw\元朝\醫壘元戎\醫壘元戎__juan_09.txt,scrape_output\clean\元朝\醫壘元戎\醫壘元戎__juan_09.txt,15010,14311,0,separate,0.06574838070108747,wenyan-like,134163,0.00714802143661069,0.043596222505459775,14.719382321618744,0,0
元朝,762044,醫壘元戎,醫壘元戎/卷十,醫壘元戎,10,scrape_output\raw\元朝\醫壘元戎\醫壘元戎__juan_10.txt,scrape_output\clean\元朝\醫壘元戎\醫壘元戎__juan_10.txt,18000,17162,0,separate,0.06574838070108747,wenyan-like,134163,0.00714802143661069,0.043596222505459775,14.719382321618744,0,0
元朝,762044,醫壘元戎,醫壘元戎/卷十一,醫壘元戎,11,scrape_output\raw\元朝\醫壘元戎\醫壘元戎__juan_11.txt,scrape_output\clean\元朝\醫壘元戎\醫壘元戎__juan_11.txt,17719,16885,0,separate,0.06574838070108747,wenyan-like,134163,0.00714802143661069,0.043596222505459775,14.719382321618744,0,0
元朝,762044,醫壘元戎,醫壘元戎/卷十二,醫壘元戎,12,scrape_output\raw\元朝\醫壘元戎\醫壘元戎__juan_12.txt,scrape_output\clean\元朝\醫壘元戎\醫壘元戎__juan_12.txt,14617,13834,0,separate,0.06574838070108747,wenyan-like,134163,0.00714802143661069,0.043596222505459775,14.719382321618744,0,0
元朝,762044,醫壘元戎,醫壘元戎/原序,醫壘元戎,13,scrape_output\raw\元朝\醫壘元戎\醫壘元戎__juan_13.txt,scrape_output\clean\元朝\醫壘元戎\醫壘元戎__juan_13.txt,316,316,0,separate,0.06574838070108747,wenyan-like,134163,0.00714802143661069,0.043596222505459775,14.719382321618744,0,0
元朝,762044,醫壘元戎,醫壘元戎/提要,醫壘元戎,14,scrape_output\raw\元朝\醫壘元戎\醫壘元戎__juan_14.txt,scrape_output\clean\元朝\醫壘元戎\醫壘元戎__juan_14.txt,464,449,0,separate,0.06574838070108747,wenyan-like,134163,0.00714802143661069,0.043596222505459775,14.719382321618744,0,0
元朝,762849,醫述,醫述/1,醫述,1,scrape_output\raw\元朝\醫述\醫述__juan_01.txt,scrape_output\clean\元朝\醫述\醫述__juan_01.txt,436050,433182,0,separate,0.2806450240534084,wenyan-like,763925,0.006538599993454855,0.07513041201688647,21.934059718376947,0,0
元朝,762849,醫述,醫述/10,醫述,2,scrape_output\raw\元朝\醫述\醫述__juan_02.txt,scrape_output\clean\元朝\醫述\醫述__juan_02.txt,352026,349748,0,separate,0.2806450240534084,wenyan-like,763925,0.006538599993454855,0.07513041201688647,21.934059718376947,0,0
元朝,1179510,采石懷李白,采石懷李白,采石懷李白,1,scrape_output\raw\元朝\采石懷李白\采石懷李白__juan_01.txt,scrape_output\clean\元朝\采石懷李白\采石懷李白__juan_01.txt,149,105,0,separate,0.021052631578947368,unknown,95,0.0,0.010526315789473684,12.857142857142858,0,1
元朝,1179540,采石謾興,采石謾興,采石謾興,1,scrape_output\raw\元朝\采石謾興\采石謾興__juan_01.txt,scrape_output\clean\元朝\采石謾興\采石謾興__juan_01.txt,149,105,0,separate,-0.04210526315789474,unknown,95,0.021052631578947368,0.010526315789473684,12.857142857142858,0,1
元朝,1132171,重修天長觀碑銘,重修天長觀碑銘,重修天長觀碑銘,1,scrape_output\raw\元朝\重修天長觀碑銘\重修天長觀碑銘__juan_01.txt,scrape_output\clean\元朝\重修天長觀碑銘\重修天長觀碑銘__juan_01.txt,334,290,0,separate,0.22773851590106006,wenyan-like,283,0.007067137809187279,0.04946996466431095,16.9375,0,0
元朝,195718,重修帝師殿記,重修帝師殿記,重修帝師殿記,1,scrape_output\raw\元朝\重修帝師殿記\重修帝師殿記__juan_01.txt,scrape_output\clean\元朝\重修帝師殿記\重修帝師殿記__juan_01.txt,715,623,0,separate,0.3153290529695024,wenyan-like,623,0.011235955056179775,0.09951845906902086,23.92,0,0
元朝,765185,重修西湖書院記,重修西湖書院記,重修西湖書院記,1,scrape_output\raw\元朝\重修西湖書院記\重修西湖書院記__juan_01.txt,scrape_output\clean\元朝\重修西湖書院記\重修西湖書院記__juan_01.txt,587,543,0,separate,0.38962264150943393,wenyan-like,530,0.0018867924528301887,0.12264150943396226,19.53846153846154,0,0
元朝,885752,重和惜春詩韻余時經始西園,重和惜春詩韻余時經始西園,重和惜春詩韻余時經始西園,1,scrape_output\raw\元朝\重和惜春詩韻余時經始西園\重和惜春詩韻余時經始西園__juan_01.txt,scrape_output\clean\元朝\重和惜春詩韻余時經始西園\重和惜春詩韻余時經始西園__juan_01.txt,149,105,0,separate,-0.010526315789473686,unknown,95,0.010526315789473684,0.010526315789473684,12.857142857142858,0,1
元朝,886602,重和惜春詩韻余時經始西園 (到底總輸開口笑),重和惜春詩韻余時經始西園 (到底總輸開口笑),重和惜春詩韻余時經始西園 (到底總輸開口笑),1,scrape_output\raw\元朝\重和惜春詩韻余時經始西園 (到底總輸開口笑)\重和惜春詩韻余時經始西園 (到底總輸開口笑)__juan_01.txt,scrape_output\clean\元朝\重和惜春詩韻余時經始西園 (到底總輸開口笑)\重和惜春詩韻余時經始西園 (到底總輸開口笑)__juan_01.txt,149,105,0,separate,-0.010526315789473686,unknown,95,0.010526315789473684,0.010526315789473684,12.857142857142858,0,1
元朝,874692,重建岳王精忠廟謝李全初長司,重建岳王精忠廟謝李全初長司,重建岳王精忠廟謝李全初長司,1,scrape_output\raw\元朝\重建岳王精忠廟謝李全初長司\重建岳王精忠廟謝李全初長司__juan_01.txt,scrape_output\clean\元朝\重建岳王精忠廟謝李全初長司\重建岳王精忠廟謝李全初長司__juan_01.txt,240,240,0,separate,0.20416666666666666,wenyan-like,240,0.004166666666666667,0.03333333333333333,15.0,0,0
元朝,765459,重建海道都漕運萬戶府碑,重建海道都漕運萬戶府碑,重建海道都漕運萬戶府碑,1,scrape_output\raw\元朝\重建海道都漕運萬戶府碑\重建海道都漕運萬戶府碑__juan_01.txt,scrape_output\clean\元朝\重建海道都漕運萬戶府碑\重建海道都漕運萬戶府碑__juan_01.txt,1238,1194,0,separate,0.294075021312873,wenyan-like,1173,0.005967604433077579,0.08098891730605286,20.472727272727273,0,0
元朝,890800,重建靈山壽聖寺序,重建靈山壽聖寺序,重建靈山壽聖寺序,1,scrape_output\raw\元朝\重建靈山壽聖寺序\重建靈山壽聖寺序__juan_01.txt,scrape_output\clean\元朝\重建靈山壽聖寺序\重建靈山壽聖寺序__juan_01.txt,941,896,0,separate,0.2862612612612613,wenyan-like,888,0.01463963963963964,0.09009009009009009,22.42105263157895,0,0
元朝,886624,重酬脩真宫鍊師,重酬脩真宫鍊師,重酬脩真宫鍊師,1,scrape_output\raw\元朝\重酬脩真宫鍊師\重酬脩真宫鍊師__juan_01.txt,scrape_output\clean\元朝\重酬脩真宫鍊師\重酬脩真宫鍊師__juan_01.txt,113,69,0,separate,0.015873015873015872,unknown,63,0.015873015873015872,0.031746031746031744,12.0,0,1
元朝,886372,重題燕都𤣥都觀壁,重題燕都𤣥都觀壁,重題燕都𤣥都觀壁,1,scrape_output\raw\元朝\重題燕都𤣥都觀壁\重題燕都𤣥都觀壁__juan_01.txt,scrape_output\clean\元朝\重題燕都𤣥都觀壁\重題燕都𤣥都觀壁__juan_01.txt,113,69,0,separate,-0.06349206349206349,unknown,63,0.031746031746031744,0.015873015873015872,12.0,0,1
元朝,886373,重題隗臺𤣥都觀壁,重題隗臺𤣥都觀壁,重題隗臺𤣥都觀壁,1,scrape_output\raw\元朝\重題隗臺𤣥都觀壁\重題隗臺𤣥都觀壁__juan_01.txt,scrape_output\clean\元朝\重題隗臺𤣥都觀壁\重題隗臺𤣥都觀壁__juan_01.txt,113,69,0,separate,0.031746031746031744,unknown,63,0.0,0.015873015873015872,12.0,0,1
元朝,765273,野亭記,野亭記,野亭記,1,scrape_output\raw\元朝\野亭記\野亭記__juan_01.txt,scrape_output\clean\元朝\野亭記\野亭記__juan_01.txt,505,461,0,separate,0.3185144124168514,wenyan-like,451,0.004434589800443459,0.09090909090909091,16.46153846153846,0,0
元朝,886350,野宿,野宿,野宿,1,scrape_output\raw\元朝\野宿\野宿__juan_01.txt,scrape_output\clean\元朝\野宿\野宿__juan_01.txt,149,105,0,separate,0.031578947368421054,unknown,95,0.010526315789473684,0.031578947368421054,12.857142857142858,0,1
元朝,765275,野政堂記,野政堂記,野政堂記,1,scrape_output\raw\元朝\野政堂記\野政堂記__juan_01.txt,scrape_output\clean\元朝\野政堂記\野政堂記__juan_01.txt,507,463,0,separate,0.3526431718061674,wenyan-like,454,0.00881057268722467,0.1145374449339207,18.956521739130434,0,0
元朝,762015,金匱鈎玄,金匱鈎玄,金匱鈎玄,1,scrape_output\raw\元朝\金匱鈎玄\金匱鈎玄__juan_01.txt,scrape_output\clean\元朝\金匱鈎玄\金匱鈎玄__juan_01.txt,31604,31407,0,separate,0.25629975770162683,wenyan-like,28890,0.004949809622706819,0.060574593284873655,15.526374236535258,0,0
元朝,349707,金國語解,金國語解,金國語解,1,scrape_output\raw\元朝\金國語解\金國語解__juan_01.txt,scrape_output\clean\元朝\金國語解\金國語解__juan_01.txt,1410,1398,0,separate,0.17164816396242527,wenyan-like,1171,0.004269854824935952,0.09222886421861656,7.467625899280575,0,0
元朝,600981,金城蘭光庭仲文,金城蘭光庭仲文,金城蘭光庭仲文,1,scrape_output\raw\元朝\金城蘭光庭仲文\金城蘭光庭仲文__juan_01.txt,scrape_output\clean\元朝\金城蘭光庭仲文\金城蘭光庭仲文__juan_01.txt,149,105,0,separate,0.042105263157894736,unknown,95,0.0,0.021052631578947368,12.857142857142858,0,1
元朝,885331,金庭不死鄉,金庭不死鄉,金庭不死鄉,1,scrape_output\raw\元朝\金庭不死鄉\金庭不死鄉__juan_01.txt,scrape_output\clean\元朝\金庭不死鄉\金庭不死鄉__juan_01.txt,133,89,0,separate,0.02531645569620253,unknown,79,0.0,0.012658227848101266,10.571428571428571,0,1
元朝,886217,金微道,金微道,金微道,1,scrape_output\raw\元朝\金微道\金微道__juan_01.txt,scrape_output\clean\元朝\金微道\金微道__juan_01.txt,129,83,0,separate,0.02666666666666667,unknown,75,0.0,0.013333333333333334,12.0,0,1
元朝,886729,金樂歌 (耶律鑄),金樂歌 (耶律鑄),金樂歌 (耶律鑄),1,scrape_output\raw\元朝\金樂歌 (耶律鑄)\金樂歌 (耶律鑄)__juan_01.txt,scrape_output\clean\元朝\金樂歌 (耶律鑄)\金樂歌 (耶律鑄)__juan_01.txt,113,69,0,separate,0.015873015873015872,unknown,63,0.015873015873015872,0.031746031746031744,12.0,0,1
元朝,55129,金樓子,金樓子/序,金樓子,1,scrape_output\raw\元朝\金樓子\金樓子__juan_01.txt,scrape_output\clean\元朝\金樓子\金樓子__juan_01.txt,890,798,0,separate,0.18037135278514588,wenyan-like,754,0.013262599469496022,0.11007957559681697,12.568965517241379,0,0
元朝,768893,金水河春興,金水河春興,金水河春興,1,scrape_output\raw\元朝\金水河春興\金水河春興__juan_01.txt,scrape_output\clean\元朝\金水河春興\金水河春興__juan_01.txt,221,177,0,separate,0.025157232704402517,unknown,159,0.0,0.012578616352201259,13.636363636363637,0,1
元朝,886337,金滿城 (金滿名城果是誰),金滿城 (金滿名城果是誰),金滿城 (金滿名城果是誰),1,scrape_output\raw\元朝\金滿城 (金滿名城果是誰)\金滿城 (金滿名城果是誰)__juan_01.txt,scrape_output\clean\元朝\金滿城 (金滿名城果是誰)\金滿城 (金滿名城果是誰)__juan_01.txt,151,107,0,separate,-0.010526315789473686,unknown,95,0.010526315789473684,0.010526315789473684,8.9,0,1
元朝,770944,金蓮正宗記,金蓮正宗記/卷一,金蓮正宗記,1,scrape_output\raw\元朝\金蓮正宗記\金蓮正宗記__juan_01.txt,scrape_output\clean\元朝\金蓮正宗記\金蓮正宗記__juan_01.txt,4134,4134,0,separate,0.3909245700664056,wenyan-like,23492,0.008939213349225268,0.05887110505704069,25.528748590755356,0,0
元朝,770944,金蓮正宗記,金蓮正宗記/卷二,金蓮正宗記,2,scrape_output\raw\元朝\金蓮正宗記\金蓮正宗記__juan_02.txt,scrape_output\clean\元朝\金蓮正宗記\金蓮正宗記__juan_02.txt,5083,5081,0,separate,0.3909245700664056,wenyan-like,23492,0.008939213349225268,0.05887110505704069,25.528748590755356,0,0
元朝,770944,金蓮正宗記,金蓮正宗記/卷三,金蓮正宗記,3,scrape_output\raw\元朝\金蓮正宗記\金蓮正宗記__juan_03.txt,scrape_output\clean\元朝\金蓮正宗記\金蓮正宗記__juan_03.txt,5099,5098,0,separate,0.3909245700664056,wenyan-like,23492,0.008939213349225268,0.05887110505704069,25.528748590755356,0,0
元朝,770944,金蓮正宗記,金蓮正宗記/卷四,金蓮正宗記,4,scrape_output\raw\元朝\金蓮正宗記\金蓮正宗記__juan_04.txt,scrape_output\clean\元朝\金蓮正宗記\金蓮正宗記__juan_04.txt,5139,5139,0,separate,0.3909245700664056,wenyan-like,23492,0.008939213349225268,0.05887110505704069,25.528748590755356,0,0
元朝,770944,金蓮正宗記,金蓮正宗記/卷五,金蓮正宗記,5,scrape_output\raw\元朝\金蓮正宗記\金蓮正宗記__juan_05.txt,scrape_output\clean\元朝\金蓮正宗記\金蓮正宗記__juan_05.txt,4168,4166,0,separate,0.3909245700664056,wenyan-like,23492,0.008939213349225268,0.05887110505704069,25.528748590755356,0,0
元朝,886332,金蓮花甸,金蓮花甸,金蓮花甸,1,scrape_output\raw\元朝\金蓮花甸\金蓮花甸__juan_01.txt,scrape_output\clean\元朝\金蓮花甸\金蓮花甸__juan_01.txt,177,133,0,separate,0.01626016260162602,unknown,123,0.016260162601626018,0.032520325203252036,13.11111111111111,0,1
元朝,107697,金誌,金誌,金誌,1,scrape_output\raw\元朝\金誌\金誌__juan_01.txt,scrape_output\clean\元朝\金誌\金誌__juan_01.txt,4988,4986,0,separate,0.41864061864061863,wenyan-like,4914,0.006715506715506716,0.06939356939356939,25.23936170212766,0,0
元朝,768868,金陵懷避亂作,金陵懷避亂作,金陵懷避亂作,1,scrape_output\raw\元朝\金陵懷避亂作\金陵懷避亂作__juan_01.txt,scrape_output\clean\元朝\金陵懷避亂作\金陵懷避亂作__juan_01.txt,149,105,0,separate,0.06315789473684211,unknown,95,0.0,0.031578947368421054,12.857142857142858,0,1
元朝,768833,金陵行送余局官,金陵行送余局官,金陵行送余局官,1,scrape_output\raw\元朝\金陵行送余局官\金陵行送余局官__juan_01.txt,scrape_output\clean\元朝\金陵行送余局官\金陵行送余局官__juan_01.txt,329,285,0,separate,0.03137254901960784,wenyan-like,255,0.0,0.01568627450980392,14.117647058823529,0,0
元朝,1179474,金陵道中 (薩都剌),金陵道中 (薩都剌),金陵道中 (薩都剌),1,scrape_output\raw\元朝\金陵道中 (薩都剌)\金陵道中 (薩都剌)__juan_01.txt,scrape_output\clean\元朝\金陵道中 (薩都剌)\金陵道中 (薩都剌)__juan_01.txt,149,105,0,separate,0.06315789473684211,unknown,95,0.0,0.031578947368421054,12.857142857142858,0,1
元朝,760812,針經指南,針經指南,針經指南,1,scrape_output\raw\元朝\針經指南\針經指南__juan_01.txt,scrape_output\clean\元朝\針經指南\針經指南__juan_01.txt,14010,13911,0,separate,0.2514071220815973,wenyan-like,12721,0.004873830673689176,0.05801430705133244,16.456209150326796,0,0
元朝,1179388,釣臺夜興,釣臺夜興,釣臺夜興,1,scrape_output\raw\元朝\釣臺夜興\釣臺夜興__juan_01.txt,scrape_output\clean\元朝\釣臺夜興\釣臺夜興__juan_01.txt,113,69,0,separate,-0.015873015873015872,unknown,63,0.015873015873015872,0.015873015873015872,12.0,0,1
元朝,1179611,釣雪圖,釣雪圖,釣雪圖,1,scrape_output\raw\元朝\釣雪圖\釣雪圖__juan_01.txt,scrape_output\clean\元朝\釣雪圖\釣雪圖__juan_01.txt,221,177,0,separate,-0.04402515723270441,unknown,159,0.018867924528301886,0.006289308176100629,13.636363636363637,0,1
元朝,1180286,銀山九聖禪寺堅公山主終身供記,銀山九聖禪寺堅公山主終身供記,銀山九聖禪寺堅公山主終身供記,1,scrape_output\raw\元朝\銀山九聖禪寺堅公山主終身供記\銀山九聖禪寺堅公山主終身供記__juan_01.txt,scrape_output\clean\元朝\銀山九聖禪寺堅公山主終身供記\銀山九聖禪寺堅公山主終身供記__juan_01.txt,318,273,0,separate,0.07751937984496124,wenyan-like,258,0.0,0.03875968992248062,13.777777777777779,0,0
元朝,886358,銅雀臺 (耶律鑄),銅雀臺 (耶律鑄),銅雀臺 (耶律鑄),1,scrape_output\raw\元朝\銅雀臺 (耶律鑄)\銅雀臺 (耶律鑄)__juan_01.txt,scrape_output\clean\元朝\銅雀臺 (耶律鑄)\銅雀臺 (耶律鑄)__juan_01.txt,113,69,0,separate,0.015873015873015872,unknown,63,0.015873015873015872,0.031746031746031744,12.0,0,1
元朝,1179251,錄囚河間還司送憲使韓仲宜調山東,錄囚河間還司送憲使韓仲宜調山東,錄囚河間還司送憲使韓仲宜調山東,1,scrape_output\raw\元朝\錄囚河間還司送憲使韓仲宜調山東\錄囚河間還司送憲使韓仲宜調山東__juan_01.txt,scrape_output\clean\元朝\錄囚河間還司送憲使韓仲宜調山東\錄囚河間還司送憲使韓仲宜調山東__juan_01.txt,133,89,0,separate,0.05063291139240506,unknown,79,0.0,0.02531645569620253,10.571428571428571,0,1
元朝,1179461,錢唐驛樓望吴山,錢唐驛樓望吴山,錢唐驛樓望吴山,1,scrape_output\raw\元朝\錢唐驛樓望吴山\錢唐驛樓望吴山__juan_01.txt,scrape_output\clean\元朝\錢唐驛樓望吴山\錢唐驛樓望吴山__juan_01.txt,149,105,0,separate,0.021052631578947368,unknown,95,0.0,0.010526315789473684,12.857142857142858,0,1
元朝,871252,錢塘懷古次高則誠韻,錢塘懷古次高則誠韻,錢塘懷古次高則誠韻,1,scrape_output\raw\元朝\錢塘懷古次高則誠韻\錢塘懷古次高則誠韻__juan_01.txt,scrape_output\clean\元朝\錢塘懷古次高則誠韻\錢塘懷古次高則誠韻__juan_01.txt,65,65,0,separate,0.18125,unknown,64,0.0,0.015625,15.0,0,1
元朝,766354,錢塘春感,錢塘春感,錢塘春感,1,scrape_output\raw\元朝\錢塘春感\錢塘春感__juan_01.txt,scrape_output\clean\元朝\錢塘春感\錢塘春感__juan_01.txt,509,465,0,separate,0.0024096385542168672,wenyan-like,415,0.0024096385542168677,0.004819277108433735,14.444444444444445,0,0
元朝,136098,錢塘遺事,錢塘遺事/01,錢塘遺事,1,scrape_output\raw\元朝\錢塘遺事\錢塘遺事__juan_01.txt,scrape_output\clean\元朝\錢塘遺事\錢塘遺事__juan_01.txt,4427,4379,0,separate,0.21372169316990933,wenyan-like,43894,0.009591288103157607,0.046247778739691076,15.915530303030303,0,0
元朝,136098,錢塘遺事,錢塘遺事/02,錢塘遺事,2,scrape_output\raw\元朝\錢塘遺事\錢塘遺事__juan_02.txt,scrape_output\clean\元朝\錢塘遺事\錢塘遺事__juan_02.txt,4662,4617,0,separate,0.21372169316990933,wenyan-like,43894,0.009591288103157607,0.046247778739691076,15.915530303030303,0,0
元朝,136098,錢塘遺事,錢塘遺事/03,錢塘遺事,3,scrape_output\raw\元朝\錢塘遺事\錢塘遺事__juan_03.txt,scrape_output\clean\元朝\錢塘遺事\錢塘遺事__juan_03.txt,3474,3429,0,separate,0.21372169316990933,wenyan-like,43894,0.009591288103157607,0.046247778739691076,15.915530303030303,0,0
元朝,136098,錢塘遺事,錢塘遺事/04,錢塘遺事,4,scrape_output\raw\元朝\錢塘遺事\錢塘遺事__juan_04.txt,scrape_output\clean\元朝\錢塘遺事\錢塘遺事__juan_04.txt,4220,4175,0,separate,0.21372169316990933,wenyan-like,43894,0.009591288103157607,0.046247778739691076,15.915530303030303,0,0
元朝,136098,錢塘遺事,錢塘遺事/05,錢塘遺事,5,scrape_output\raw\元朝\錢塘遺事\錢塘遺事__juan_05.txt,scrape_output\clean\元朝\錢塘遺事\錢塘遺事__juan_05.txt,4817,4764,0,separate,0.21372169316990933,wenyan-like,43894,0.009591288103157607,0.046247778739691076,15.915530303030303,0,0
元朝,136098,錢塘遺事,錢塘遺事/06,錢塘遺事,6,scrape_output\raw\元朝\錢塘遺事\錢塘遺事__juan_06.txt,scrape_output\clean\元朝\錢塘遺事\錢塘遺事__juan_06.txt,3984,3939,0,separate,0.21372169316990933,wenyan-like,43894,0.009591288103157607,0.046247778739691076,15.915530303030303,0,0
元朝,136098,錢塘遺事,錢塘遺事/07,錢塘遺事,7,scrape_output\raw\元朝\錢塘遺事\錢塘遺事__juan_07.txt,scrape_output\clean\元朝\錢塘遺事\錢塘遺事__juan_07.txt,4929,4883,0,separate,0.21372169316990933,wenyan-like,43894,0.009591288103157607,0.046247778739691076,15.915530303030303,0,0
元朝,136098,錢塘遺事,錢塘遺事/08,錢塘遺事,8,scrape_output\raw\元朝\錢塘遺事\錢塘遺事__juan_08.txt,scrape_output\clean\元朝\錢塘遺事\錢塘遺事__juan_08.txt,5601,5547,0,separate,0.21372169316990933,wenyan-like,43894,0.009591288103157607,0.046247778739691076,15.915530303030303,0,0
元朝,136098,錢塘遺事,錢塘遺事/09,錢塘遺事,9,scrape_output\raw\元朝\錢塘遺事\錢塘遺事__juan_09.txt,scrape_output\clean\元朝\錢塘遺事\錢塘遺事__juan_09.txt,5887,5825,0,separate,0.21372169316990933,wenyan-like,43894,0.009591288103157607,0.046247778739691076,15.915530303030303,0,0
元朝,136098,錢塘遺事,錢塘遺事/10,錢塘遺事,10,scrape_output\raw\元朝\錢塘遺事\錢塘遺事__juan_10.txt,scrape_output\clean\元朝\錢塘遺事\錢塘遺事__juan_10.txt,4003,3949,0,separate,0.21372169316990933,wenyan-like,43894,0.009591288103157607,0.046247778739691076,15.915530303030303,0,0
元朝,886298,錢幣,錢幣,錢幣,1,scrape_output\raw\元朝\錢幣\錢幣__juan_01.txt,scrape_output\clean\元朝\錢幣\錢幣__juan_01.txt,106,62,0,separate,0.03636363636363636,unknown,55,0.0,0.01818181818181818,10.4,0,1
元朝,886478,錦連錢,錦連錢,錦連錢,1,scrape_output\raw\元朝\錦連錢\錦連錢__juan_01.txt,scrape_output\clean\元朝\錦連錢\錦連錢__juan_01.txt,137,93,0,separate,0.1411764705882353,unknown,85,0.0,0.07058823529411765,11.428571428571429,0,1
元朝,1179237,鍾山曉行,鍾山曉行,鍾山曉行,1,scrape_output\raw\元朝\鍾山曉行\鍾山曉行__juan_01.txt,scrape_output\clean\元朝\鍾山曉行\鍾山曉行__juan_01.txt,133,89,0,separate,0.05063291139240506,unknown,79,0.0,0.02531645569620253,10.571428571428571,0,1
元朝,1179275,鍾山遇風雨二首,鍾山遇風雨二首,鍾山遇風雨二首,1,scrape_output\raw\元朝\鍾山遇風雨二首\鍾山遇風雨二首__juan_01.txt,scrape_output\clean\元朝\鍾山遇風雨二首\鍾山遇風雨二首__juan_01.txt,133,89,0,separate,0.02531645569620253,unknown,79,0.0,0.012658227848101266,10.571428571428571,0,1
元朝,886772,鏡銘 (耶律鑄),鏡銘 (耶律鑄),鏡銘 (耶律鑄),1,scrape_output\raw\元朝\鏡銘 (耶律鑄)\鏡銘 (耶律鑄)__juan_01.txt,scrape_output\clean\元朝\鏡銘 (耶律鑄)\鏡銘 (耶律鑄)__juan_01.txt,129,85,0,separate,0.13333333333333333,unknown,75,0.0,0.06666666666666667,10.0,0,1
元朝,765436,鐵硯齋志,鐵硯齋志,鐵硯齋志,1,scrape_output\raw\元朝\鐵硯齋志\鐵硯齋志__juan_01.txt,scrape_output\clean\元朝\鐵硯齋志\鐵硯齋志__juan_01.txt,595,551,0,separate,0.4729357798165138,wenyan-like,545,0.007339449541284404,0.1724770642201835,20.92,0,0
元朝,885451,長想思,長想思,長想思,1,scrape_output\raw\元朝\長想思\長想思__juan_01.txt,scrape_output\clean\元朝\長想思\長想思__juan_01.txt,149,105,0,separate,-0.010526315789473686,unknown,95,0.010526315789473684,0.010526315789473684,12.857142857142858,0,1
元朝,107783,長春真人西遊記,長春真人西遊記/卷上,長春真人西遊記,1,scrape_output\raw\元朝\長春真人西遊記\長春真人西遊記__juan_01.txt,scrape_output\clean\元朝\長春真人西遊記\長春真人西遊記__juan_01.txt,12677,12541,0,separate,0.21757980084228756,wenyan-like,25407,0.009957885622072657,0.04872672885425276,17.987369985141157,0,0
元朝,107783,長春真人西遊記,長春真人西遊記/卷下,長春真人西遊記,2,scrape_output\raw\元朝\長春真人西遊記\長春真人西遊記__juan_02.txt,scrape_output\clean\元朝\長春真人西遊記\長春真人西遊記__juan_02.txt,11067,10957,0,separate,0.21757980084228756,wenyan-like,25407,0.009957885622072657,0.04872672885425276,17.987369985141157,0,0
元朝,107783,長春真人西遊記,長春真人西遊記/序,長春真人西遊記,3,scrape_output\raw\元朝\長春真人西遊記\長春真人西遊記__juan_03.txt,scrape_output\clean\元朝\長春真人西遊記\長春真人西遊記__juan_03.txt,639,547,0,separate,0.21757980084228756,wenyan-like,25407,0.009957885622072657,0.04872672885425276,17.987369985141157,0,0
元朝,107783,長春真人西遊記,長春真人西遊記/附錄,長春真人西遊記,4,scrape_output\raw\元朝\長春真人西遊記\長春真人西遊記__juan_04.txt,scrape_output\clean\元朝\長春真人西遊記\長春真人西遊記__juan_04.txt,1831,1699,0,separate,0.21757980084228756,wenyan-like,25407,0.009957885622072657,0.04872672885425276,17.987369985141157,0,0
元朝,886455,長春芍藥同座客賦,長春芍藥同座客賦,長春芍藥同座客賦,1,scrape_output\raw\元朝\長春芍藥同座客賦\長春芍藥同座客賦__juan_01.txt,scrape_output\clean\元朝\長春芍藥同座客賦\長春芍藥同座客賦__juan_01.txt,169,123,0,separate,0.02702702702702703,unknown,111,0.009009009009009009,0.02702702702702703,9.636363636363637,0,1
元朝,886240,長春閣,長春閣,長春閣,1,scrape_output\raw\元朝\長春閣\長春閣__juan_01.txt,scrape_output\clean\元朝\長春閣\長春閣__juan_01.txt,105,61,0,separate,-0.01818181818181818,unknown,55,0.01818181818181818,0.01818181818181818,10.4,0,1
元朝,765183,長洲縣重修學宮記,長洲縣重修學宮記,長洲縣重修學宮記,1,scrape_output\raw\元朝\長洲縣重修學宮記\長洲縣重修學宮記__juan_01.txt,scrape_output\clean\元朝\長洲縣重修學宮記\長洲縣重修學宮記__juan_01.txt,837,793,0,separate,0.3183804627249357,wenyan-like,778,0.016709511568123392,0.10925449871465295,24.29032258064516,0,0
元朝,885361,長笛續短笛引并序,長笛續短笛引并序,長笛續短笛引并序,1,scrape_output\raw\元朝\長笛續短笛引并序\長笛續短笛引并序__juan_01.txt,scrape_output\clean\元朝\長笛續短笛引并序\長笛續短笛引并序__juan_01.txt,568,520,0,separate,0.019230769230769232,wenyan-like,468,0.010683760683760684,0.02564102564102564,13.484848484848484,0,0
元朝,765182,長興州重修學宮記,長興州重修學宮記,長興州重修學宮記,1,scrape_output\raw\元朝\長興州重修學宮記\長興州重修學宮記__juan_01.txt,scrape_output\clean\元朝\長興州重修學宮記\長興州重修學宮記__juan_01.txt,798,753,0,separate,0.3578272604588394,wenyan-like,741,0.008097165991902834,0.11605937921727395,17.170731707317074,0,0
元朝,1179671,長門秋漏,長門秋漏,長門秋漏,1,scrape_output\raw\元朝\長門秋漏\長門秋漏__juan_01.txt,scrape_output\clean\元朝\長門秋漏\長門秋漏__juan_01.txt,185,141,0,separate,0.007874015748031496,unknown,127,0.007874015748031496,0.015748031496062992,13.333333333333334,0,1
元朝,55654,閒居録,閒居録,閒居録,1,scrape_output\raw\元朝\閒居録\閒居録__juan_01.txt,scrape_output\clean\元朝\閒居録\閒居録__juan_01.txt,9589,9442,0,separate,0.2788787977078603,wenyan-like,9249,0.009082062925721699,0.0780624932425127,20.669789227166277,0,0
元朝,768867,閒題前元舊事,閒題前元舊事,閒題前元舊事,1,scrape_output\raw\元朝\閒題前元舊事\閒題前元舊事__juan_01.txt,scrape_output\clean\元朝\閒題前元舊事\閒題前元舊事__juan_01.txt,149,105,0,separate,0.021052631578947368,unknown,95,0.0,0.010526315789473684,12.857142857142858,0,1
元朝,886303,閨思 (耶律鑄),閨思 (耶律鑄),閨思 (耶律鑄),1,scrape_output\raw\元朝\閨思 (耶律鑄)\閨思 (耶律鑄)__juan_01.txt,scrape_output\clean\元朝\閨思 (耶律鑄)\閨思 (耶律鑄)__juan_01.txt,163,119,0,separate,-0.009708737864077669,unknown,103,0.009708737864077669,0.009708737864077669,8.727272727272727,0,1
元朝,886238,閨怨 (耶律鑄),閨怨 (耶律鑄),閨怨 (耶律鑄),1,scrape_output\raw\元朝\閨怨 (耶律鑄)\閨怨 (耶律鑄)__juan_01.txt,scrape_output\clean\元朝\閨怨 (耶律鑄)\閨怨 (耶律鑄)__juan_01.txt,105,61,0,separate,0.07272727272727272,unknown,55,0.0,0.03636363636363636,10.4,0,1
元朝,1179398,閩城歲暮,閩城歲暮,閩城歲暮,1,scrape_output\raw\元朝\閩城歲暮\閩城歲暮__juan_01.txt,scrape_output\clean\元朝\閩城歲暮\閩城歲暮__juan_01.txt,113,69,0,separate,0.031746031746031744,unknown,63,0.0,0.015873015873015872,12.0,0,1
元朝,886075,閬州海棠溪擬樂天,閬州海棠溪擬樂天,閬州海棠溪擬樂天,1,scrape_output\raw\元朝\閬州海棠溪擬樂天\閬州海棠溪擬樂天__juan_01.txt,scrape_output\clean\元朝\閬州海棠溪擬樂天\閬州海棠溪擬樂天__juan_01.txt,149,105,0,separate,-0.010526315789473686,unknown,95,0.010526315789473684,0.010526315789473684,12.857142857142858,0,1
元朝,885774,閱舊藁有出六盤時干戈旁午驚塵日書劔零丁去國時之句因足成之,閱舊藁有出六盤時干戈旁午驚塵日書劔零丁去國時之句因足成之,閱舊藁有出六盤時干戈旁午驚塵日書劔零丁去國時之句因足成之,1,scrape_output\raw\元朝\閱舊藁有出六盤時干戈旁午驚塵日書劔零丁去國時之句因足成之\閱舊藁有出六盤時干戈旁午驚塵日書劔零丁去國時之句因足成之__juan_01.txt,scrape_output\clean\元朝\閱舊藁有出六盤時干戈旁午驚塵日書劔零丁去國時之句因足成之\閱舊藁有出六盤時干戈旁午驚塵日書劔零丁去國時之句因足成之__juan_01.txt,149,105,0,separate,0.021052631578947368,unknown,95,0.0,0.010526315789473684,12.857142857142858,0,1
元朝,886672,閲史,閲史,閲史,1,scrape_output\raw\元朝\閲史\閲史__juan_01.txt,scrape_output\clean\元朝\閲史\閲史__juan_01.txt,113,69,0,separate,-0.015873015873015872,unknown,63,0.015873015873015872,0.015873015873015872,12.0,0,1
元朝,768832,關河雪霽圖為金陵王與道題,關河雪霽圖為金陵王與道題,關河雪霽圖為金陵王與道題,1,scrape_output\suspected_baihua\raw\元朝\關河雪霽圖為金陵王與道題\關河雪霽圖為金陵王與道題__juan_01.txt,scrape_output\suspected_baihua\clean\元朝\關河雪霽圖為金陵王與道題\關河雪霽圖為金陵王與道題__juan_01.txt,329,285,0,separate,-0.00392156862745098,baihua-like,255,0.00392156862745098,0.00392156862745098,14.117647058823529,0,0
元朝,1179382,阻風南露筋過羅漢寺登樓看山茶,阻風南露筋過羅漢寺登樓看山茶,阻風南露筋過羅漢寺登樓看山茶,1,scrape_output\raw\元朝\阻風南露筋過羅漢寺登樓看山茶\阻風南露筋過羅漢寺登樓看山茶__juan_01.txt,scrape_output\clean\元朝\阻風南露筋過羅漢寺登樓看山茶\阻風南露筋過羅漢寺登樓看山茶__juan_01.txt,113,69,0,separate,0.031746031746031744,unknown,63,0.0,0.015873015873015872,12.0,0,1
元朝,1179458,阻風崔鎮有感,阻風崔鎮有感,阻風崔鎮有感,1,scrape_output\raw\元朝\阻風崔鎮有感\阻風崔鎮有感__juan_01.txt,scrape_output\clean\元朝\阻風崔鎮有感\阻風崔鎮有感__juan_01.txt,149,105,0,separate,0.06315789473684211,unknown,95,0.0,0.031578947368421054,12.857142857142858,0,1
元朝,886333,阿延川詩,阿延川詩,阿延川詩,1,scrape_output\raw\元朝\阿延川詩\阿延川詩__juan_01.txt,scrape_output\clean\元朝\阿延川詩\阿延川詩__juan_01.txt,113,69,0,separate,0.06349206349206349,unknown,63,0.0,0.031746031746031744,12.0,0,1
元朝,1179564,陪張御史遊鍾山,陪張御史遊鍾山,陪張御史遊鍾山,1,scrape_output\raw\元朝\陪張御史遊鍾山\陪張御史遊鍾山__juan_01.txt,scrape_output\clean\元朝\陪張御史遊鍾山\陪張御史遊鍾山__juan_01.txt,149,105,0,separate,-0.010526315789473686,unknown,95,0.010526315789473684,0.010526315789473684,12.857142857142858,0,1
元朝,766378,陪淮南僚友泛舟吳江城下,陪淮南僚友泛舟吳江城下,陪淮南僚友泛舟吳江城下,1,scrape_output\raw\元朝\陪淮南僚友泛舟吳江城下\陪淮南僚友泛舟吳江城下__juan_01.txt,scrape_output\clean\元朝\陪淮南僚友泛舟吳江城下\陪淮南僚友泛舟吳江城下__juan_01.txt,149,105,0,separate,0.021052631578947368,unknown,95,0.0,0.010526315789473684,12.857142857142858,0,1
元朝,440841,陰證略例,陰證略例,陰證略例,1,scrape_output\raw\元朝\陰證略例\陰證略例__juan_01.txt,scrape_output\clean\元朝\陰證略例\陰證略例__juan_01.txt,35115,34920,0,separate,0.25796761569025783,wenyan-like,33473,0.008006452962088849,0.06599348728826218,23.54308472121651,0,0
元朝,886310,陽關,陽關,陽關,1,scrape_output\raw\元朝\陽關\陽關__juan_01.txt,scrape_output\clean\元朝\陽關\陽關__juan_01.txt,154,108,0,separate,0.010416666666666664,unknown,96,0.010416666666666666,0.020833333333333332,9.3,0,1
元朝,886311,隂河,隂河,隂河,1,scrape_output\raw\元朝\隂河\隂河__juan_01.txt,scrape_output\clean\元朝\隂河\隂河__juan_01.txt,221,177,0,separate,0.03636363636363636,unknown,165,0.0,0.01818181818181818,13.25,0,1
元朝,765371,隆福寺重修寶塔並復田記,隆福寺重修寶塔並復田記,隆福寺重修寶塔並復田記,1,scrape_output\raw\元朝\隆福寺重修寶塔並復田記\隆福寺重修寶塔並復田記__juan_01.txt,scrape_output\clean\元朝\隆福寺重修寶塔並復田記\隆福寺重修寶塔並復田記__juan_01.txt,983,939,0,separate,0.5032432432432432,wenyan-like,925,0.008648648648648649,0.11459459459459459,25.6,0,0
元朝,885325,隋堤田家行,隋堤田家行,隋堤田家行,1,scrape_output\raw\元朝\隋堤田家行\隋堤田家行__juan_01.txt,scrape_output\clean\元朝\隋堤田家行\隋堤田家行__juan_01.txt,219,175,0,separate,0.046357615894039736,unknown,151,0.006622516556291391,0.033112582781456956,9.333333333333334,0,1
元朝,766426,隱憂六章時有司奉吏部符敬依令旨起取,隱憂六章時有司奉吏部符敬依令旨起取,隱憂六章時有司奉吏部符敬依令旨起取,1,scrape_output\raw\元朝\隱憂六章時有司奉吏部符敬依令旨起取\隱憂六章時有司奉吏部符敬依令旨起取__juan_01.txt,scrape_output\clean\元朝\隱憂六章時有司奉吏部符敬依令旨起取\隱憂六章時有司奉吏部符敬依令旨起取__juan_01.txt,425,379,0,separate,0.07079646017699115,wenyan-like,339,0.0058997050147492625,0.04424778761061947,12.192307692307692,0,0
元朝,885761,雙溪書院對雪,雙溪書院對雪,雙溪書院對雪,1,scrape_output\raw\元朝\雙溪書院對雪\雙溪書院對雪__juan_01.txt,scrape_output\clean\元朝\雙溪書院對雪\雙溪書院對雪__juan_01.txt,160,114,0,separate,0.019417475728155338,unknown,103,0.0,0.009708737864077669,12.25,0,1
元朝,885648,雙溪月下戲贈觸熱衝暴雨者,雙溪月下戲贈觸熱衝暴雨者,雙溪月下戲贈觸熱衝暴雨者,1,scrape_output\raw\元朝\雙溪月下戲贈觸熱衝暴雨者\雙溪月下戲贈觸熱衝暴雨者__juan_01.txt,scrape_output\clean\元朝\雙溪月下戲贈觸熱衝暴雨者\雙溪月下戲贈觸熱衝暴雨者__juan_01.txt,133,89,0,separate,0.05063291139240506,unknown,79,0.0,0.02531645569620253,10.571428571428571,0,1
元朝,881986,雙溪醉隱集,雙溪醉隱集/卷1,雙溪醉隱集,1,scrape_output\raw\元朝\雙溪醉隱集\雙溪醉隱集__juan_01.txt,scrape_output\clean\元朝\雙溪醉隱集\雙溪醉隱集__juan_01.txt,20361,20029,0,separate,0.045978887117627126,wenyan-like,79667,0.009426738800256065,0.03712955175919766,12.77570564516129,0,0
元朝,881986,雙溪醉隱集,雙溪醉隱集/卷2,雙溪醉隱集,2,scrape_output\raw\元朝\雙溪醉隱集\雙溪醉隱集__juan_02.txt,scrape_output\clean\元朝\雙溪醉隱集\雙溪醉隱集__juan_02.txt,17920,17767,0,separate,0.045978887117627126,wenyan-like,79667,0.009426738800256065,0.03712955175919766,12.77570564516129,0,0
元朝,881986,雙溪醉隱集,雙溪醉隱集/卷3,雙溪醉隱集,3,scrape_output\raw\元朝\雙溪醉隱集\雙溪醉隱集__juan_03.txt,scrape_output\clean\元朝\雙溪醉隱集\雙溪醉隱集__juan_03.txt,14965,14879,0,separate,0.045978887117627126,wenyan-like,79667,0.009426738800256065,0.03712955175919766,12.77570564516129,0,0
元朝,881986,雙溪醉隱集,雙溪醉隱集/卷4,雙溪醉隱集,4,scrape_output\raw\元朝\雙溪醉隱集\雙溪醉隱集__juan_04.txt,scrape_output\clean\元朝\雙溪醉隱集\雙溪醉隱集__juan_04.txt,8285,8181,0,separate,0.045978887117627126,wenyan-like,79667,0.009426738800256065,0.03712955175919766,12.77570564516129,0,0
元朝,881986,雙溪醉隱集,雙溪醉隱集/卷5,雙溪醉隱集,5,scrape_output\raw\元朝\雙溪醉隱集\雙溪醉隱集__juan_05.txt,scrape_output\clean\元朝\雙溪醉隱集\雙溪醉隱集__juan_05.txt,13174,13111,0,separate,0.045978887117627126,wenyan-like,79667,0.009426738800256065,0.03712955175919766,12.77570564516129,0,0
元朝,881986,雙溪醉隱集,雙溪醉隱集/卷6,雙溪醉隱集,6,scrape_output\raw\元朝\雙溪醉隱集\雙溪醉隱集__juan_06.txt,scrape_output\clean\元朝\雙溪醉隱集\雙溪醉隱集__juan_06.txt,14597,14490,0,separate,0.045978887117627126,wenyan-like,79667,0.009426738800256065,0.03712955175919766,12.77570564516129,0,0
元朝,886452,雙頭牡丹,雙頭牡丹,雙頭牡丹,1,scrape_output\raw\元朝\雙頭牡丹\雙頭牡丹__juan_01.txt,scrape_output\clean\元朝\雙頭牡丹\雙頭牡丹__juan_01.txt,149,105,0,separate,-0.010526315789473686,unknown,95,0.010526315789473684,0.010526315789473684,12.857142857142858,0,1
元朝,886483,雛鶯,雛鶯,雛鶯,1,scrape_output\raw\元朝\雛鶯\雛鶯__juan_01.txt,scrape_output\clean\元朝\雛鶯\雛鶯__juan_01.txt,113,69,0,separate,-0.015873015873015872,unknown,63,0.015873015873015872,0.015873015873015872,12.0,0,1
元朝,317462,雜興 (楊弘道),雜興 (楊弘道),雜興 (楊弘道),1,scrape_output\raw\元朝\雜興 (楊弘道)\雜興 (楊弘道)__juan_01.txt,scrape_output\clean\元朝\雜興 (楊弘道)\雜興 (楊弘道)__juan_01.txt,189,145,0,separate,0.047244094488188976,unknown,127,0.0,0.023622047244094488,10.727272727272727,0,1
元朝,768895,雜興 (王冕),雜興 (王冕),雜興 (王冕),1,scrape_output\raw\元朝\雜興 (王冕)\雜興 (王冕)__juan_01.txt,scrape_output\clean\元朝\雜興 (王冕)\雜興 (王冕)__juan_01.txt,149,105,0,separate,0.021052631578947368,unknown,95,0.0,0.010526315789473684,12.857142857142858,0,1
元朝,886289,雜詠 (耶律鑄),雜詠 (耶律鑄),雜詠 (耶律鑄),1,scrape_output\raw\元朝\雜詠 (耶律鑄)\雜詠 (耶律鑄)__juan_01.txt,scrape_output\clean\元朝\雜詠 (耶律鑄)\雜詠 (耶律鑄)__juan_01.txt,105,61,0,separate,0.07272727272727272,unknown,55,0.0,0.03636363636363636,10.4,0,1
元朝,766472,雜題,雜題,雜題,1,scrape_output\raw\元朝\雜題\雜題__juan_01.txt,scrape_output\clean\元朝\雜題\雜題__juan_01.txt,185,141,0,separate,0.015748031496062992,unknown,127,0.0,0.007874015748031496,13.333333333333334,0,1
元朝,886178,離宫詞,離宫詞,離宫詞,1,scrape_output\raw\元朝\離宫詞\離宫詞__juan_01.txt,scrape_output\clean\元朝\離宫詞\離宫詞__juan_01.txt,149,105,0,separate,0.042105263157894736,unknown,95,0.0,0.021052631578947368,12.857142857142858,0,1
元朝,768888,雨中 (王冕),雨中 (王冕),雨中 (王冕),1,scrape_output\raw\元朝\雨中 (王冕)\雨中 (王冕)__juan_01.txt,scrape_output\clean\元朝\雨中 (王冕)\雨中 (王冕)__juan_01.txt,149,105,0,separate,0.042105263157894736,unknown,95,0.0,0.021052631578947368,12.857142857142858,0,1
元朝,1179663,雨傘,雨傘,雨傘,1,scrape_output\raw\元朝\雨傘\雨傘__juan_01.txt,scrape_output\clean\元朝\雨傘\雨傘__juan_01.txt,149,105,0,separate,-0.02105263157894737,unknown,95,0.021052631578947368,0.021052631578947368,12.857142857142858,0,1
元朝,1179410,雪中妃子,雪中妃子,雪中妃子,1,scrape_output\raw\元朝\雪中妃子\雪中妃子__juan_01.txt,scrape_output\clean\元朝\雪中妃子\雪中妃子__juan_01.txt,113,69,0,separate,0.031746031746031744,unknown,63,0.0,0.015873015873015872,12.0,0,1
元朝,886433,雪中戲示漢臣,雪中戲示漢臣,雪中戲示漢臣,1,scrape_output\raw\元朝\雪中戲示漢臣\雪中戲示漢臣__juan_01.txt,scrape_output\clean\元朝\雪中戲示漢臣\雪中戲示漢臣__juan_01.txt,113,69,0,separate,-0.015873015873015872,unknown,63,0.015873015873015872,0.015873015873015872,12.0,0,1
元朝,1179342,雪中渡江過山飲暘谷簡上人房,雪中渡江過山飲暘谷簡上人房,雪中渡江過山飲暘谷簡上人房,1,scrape_output\raw\元朝\雪中渡江過山飲暘谷簡上人房\雪中渡江過山飲暘谷簡上人房__juan_01.txt,scrape_output\clean\元朝\雪中渡江過山飲暘谷簡上人房\雪中渡江過山飲暘谷簡上人房__juan_01.txt,149,105,0,separate,0.042105263157894736,unknown,95,0.0,0.021052631578947368,12.857142857142858,0,1
元朝,105167,雪履齋筆記,雪履齋筆記,雪履齋筆記,1,scrape_output\raw\元朝\雪履齋筆記\雪履齋筆記__juan_01.txt,scrape_output\clean\元朝\雪履齋筆記\雪履齋筆記__juan_01.txt,6428,6382,0,separate,0.2920617244670697,wenyan-like,6286,0.009704104358892778,0.08558701877187401,23.48249027237354,0,0
元朝,886309,雪嶺,雪嶺,雪嶺,1,scrape_output\raw\元朝\雪嶺\雪嶺__juan_01.txt,scrape_output\clean\元朝\雪嶺\雪嶺__juan_01.txt,131,85,0,separate,0.05128205128205128,unknown,78,0.0,0.02564102564102564,12.5,0,1
元朝,765127,雪廬集序,雪廬集序,雪廬集序,1,scrape_output\raw\元朝\雪廬集序\雪廬集序__juan_01.txt,scrape_output\clean\元朝\雪廬集序\雪廬集序__juan_01.txt,412,368,0,separate,0.3622905027932961,wenyan-like,358,0.01675977653631285,0.13128491620111732,21.625,0,0
元朝,886434,雪後吟,雪後吟,雪後吟,1,scrape_output\raw\元朝\雪後吟\雪後吟__juan_01.txt,scrape_output\clean\元朝\雪後吟\雪後吟__juan_01.txt,113,69,0,separate,-0.015873015873015872,unknown,63,0.015873015873015872,0.015873015873015872,12.0,0,1
元朝,765560,雪溪處士邵公墓誌銘,雪溪處士邵公墓誌銘,雪溪處士邵公墓誌銘,1,scrape_output\raw\元朝\雪溪處士邵公墓誌銘\雪溪處士邵公墓誌銘__juan_01.txt,scrape_output\clean\元朝\雪溪處士邵公墓誌銘\雪溪處士邵公墓誌銘__juan_01.txt,928,884,0,separate,0.3078947368421052,wenyan-like,874,0.002288329519450801,0.08237986270022883,18.108695652173914,0,0
元朝,1179481,雪米,雪米,雪米,1,scrape_output\raw\元朝\雪米\雪米__juan_01.txt,scrape_output\clean\元朝\雪米\雪米__juan_01.txt,149,105,0,separate,0.06315789473684211,unknown,95,0.0,0.031578947368421054,12.857142857142858,0,1
元朝,882312,雪賦并序,雪賦并序,雪賦并序,1,scrape_output\raw\元朝\雪賦并序\雪賦并序__juan_01.txt,scrape_output\clean\元朝\雪賦并序\雪賦并序__juan_01.txt,1613,1105,0,separate,0.4766355140186916,wenyan-like,1070,0.002803738317757009,0.09252336448598131,29.583333333333332,0,0
元朝,1179229,雪霽過青溪，題道士江野舟南館二絶,雪霽過青溪，題道士江野舟南館二絶,雪霽過青溪，題道士江野舟南館二絶,1,scrape_output\raw\元朝\雪霽過青溪，題道士江野舟南館二絶\雪霽過青溪，題道士江野舟南館二絶__juan_01.txt,scrape_output\clean\元朝\雪霽過青溪，題道士江野舟南館二絶\雪霽過青溪，題道士江野舟南館二絶__juan_01.txt,133,89,0,separate,0.05063291139240506,unknown,79,0.0,0.02531645569620253,10.571428571428571,0,1
元朝,885633,雪香亭月下偶得名酒徑醉為賦,雪香亭月下偶得名酒徑醉為賦,雪香亭月下偶得名酒徑醉為賦,1,scrape_output\raw\元朝\雪香亭月下偶得名酒徑醉為賦\雪香亭月下偶得名酒徑醉為賦__juan_01.txt,scrape_output\clean\元朝\雪香亭月下偶得名酒徑醉為賦\雪香亭月下偶得名酒徑醉為賦__juan_01.txt,167,123,0,separate,0.03636363636363636,unknown,110,0.0,0.01818181818181818,10.5,0,1
元朝,768837,雪麓漁舟圖,雪麓漁舟圖,雪麓漁舟圖,1,scrape_output\raw\元朝\雪麓漁舟圖\雪麓漁舟圖__juan_01.txt,scrape_output\clean\元朝\雪麓漁舟圖\雪麓漁舟圖__juan_01.txt,213,169,0,separate,0.06622516556291391,unknown,151,0.0,0.033112582781456956,13.0,0,1
元朝,1179366,雲中過龍潭紫微觀訪道士不值,雲中過龍潭紫微觀訪道士不值,雲中過龍潭紫微觀訪道士不值,1,scrape_output\raw\元朝\雲中過龍潭紫微觀訪道士不值\雲中過龍潭紫微觀訪道士不值__juan_01.txt,scrape_output\clean\元朝\雲中過龍潭紫微觀訪道士不值\雲中過龍潭紫微觀訪道士不值__juan_01.txt,113,69,0,separate,0.06349206349206349,unknown,63,0.0,0.031746031746031744,12.0,0,1
元朝,107940,雲南志略,雲南志略,雲南志略,1,scrape_output\raw\元朝\雲南志略\雲南志略__juan_01.txt,scrape_output\clean\元朝\雲南志略\雲南志略__juan_01.txt,10961,10875,0,separate,0.06157849089332177,wenyan-like,10377,0.007034788474510938,0.04134142815842729,13.03851261620186,0,0
元朝,1131411,雲山集,雲山集/0,雲山集,1,scrape_output\raw\元朝\雲山集\雲山集__juan_01.txt,scrape_output\clean\元朝\雲山集\雲山集__juan_01.txt,717,673,0,separate,0.24295352323838082,wenyan-like,667,0.01199400299850075,0.06446776611694154,22.892857142857142,0,0
元朝,1131412,雲山集序,雲山集序,雲山集序,1,scrape_output\raw\元朝\雲山集序\雲山集序__juan_01.txt,scrape_output\clean\元朝\雲山集序\雲山集序__juan_01.txt,420,375,0,separate,0.2389487870619946,wenyan-like,371,0.013477088948787063,0.0646900269541779,20.941176470588236,0,0
元朝,765010,雲間紀遊詩序,雲間紀遊詩序,雲間紀遊詩序,1,scrape_output\raw\元朝\雲間紀遊詩序\雲間紀遊詩序__juan_01.txt,scrape_output\clean\元朝\雲間紀遊詩序\雲間紀遊詩序__juan_01.txt,506,462,0,separate,0.3424778761061947,wenyan-like,452,0.0022123893805309734,0.09955752212389381,19.681818181818183,0,0
元朝,1179661,雲際感興,雲際感興,雲際感興,1,scrape_output\raw\元朝\雲際感興\雲際感興__juan_01.txt,scrape_output\clean\元朝\雲際感興\雲際感興__juan_01.txt,209,165,0,separate,0.013605442176870748,unknown,147,0.0,0.006802721088435374,12.545454545454545,0,1
元朝,886421,雷發聲,雷發聲,雷發聲,1,scrape_output\raw\元朝\雷發聲\雷發聲__juan_01.txt,scrape_output\clean\元朝\雷發聲\雷發聲__juan_01.txt,113,69,0,separate,-0.015873015873015872,unknown,63,0.015873015873015872,0.015873015873015872,12.0,0,1
元朝,886440,雷雹,雷雹,雷雹,1,scrape_output\raw\元朝\雷雹\雷雹__juan_01.txt,scrape_output\clean\元朝\雷雹\雷雹__juan_01.txt,113,69,0,separate,0.06349206349206349,unknown,63,0.0,0.031746031746031744,12.0,0,1
元朝,886416,靈城元日,靈城元日,靈城元日,1,scrape_output\raw\元朝\靈城元日\靈城元日__juan_01.txt,scrape_output\clean\元朝\靈城元日\靈城元日__juan_01.txt,149,105,0,separate,0.010526315789473682,unknown,95,0.010526315789473684,0.021052631578947368,12.857142857142858,0,1
元朝,886347,靈州客舍春日寓懷,靈州客舍春日寓懷,靈州客舍春日寓懷,1,scrape_output\raw\元朝\靈州客舍春日寓懷\靈州客舍春日寓懷__juan_01.txt,scrape_output\clean\元朝\靈州客舍春日寓懷\靈州客舍春日寓懷__juan_01.txt,152,108,0,separate,-0.020408163265306124,unknown,98,0.02040816326530612,0.02040816326530612,10.333333333333334,0,1
元朝,886722,青山,青山,青山,1,scrape_output\raw\元朝\青山\青山__juan_01.txt,scrape_output\clean\元朝\青山\青山__juan_01.txt,113,69,0,separate,0.031746031746031744,unknown,63,0.0,0.015873015873015872,12.0,0,1
元朝,107932,青樓集 (黃雪蓑),青樓集 (黃雪蓑),青樓集 (黃雪蓑),1,scrape_output\raw\元朝\青樓集 (黃雪蓑)\青樓集 (黃雪蓑)__juan_01.txt,scrape_output\clean\元朝\青樓集 (黃雪蓑)\青樓集 (黃雪蓑)__juan_01.txt,7092,6964,0,separate,0.2596445177741113,wenyan-like,6667,0.006149692515374231,0.06404679766011699,16.583333333333332,0,0
元朝,137927,静春堂集,静春堂集,静春堂集,1,scrape_output\raw\元朝\静春堂集\静春堂集__juan_01.txt,scrape_output\clean\元朝\静春堂集\静春堂集__juan_01.txt,21837,21705,0,separate,0.019534343487672242,wenyan-like,18941,0.00939760308325854,0.02386357636872393,12.504201680672269,0,0
元朝,765396,靜學齋記,靜學齋記,靜學齋記,1,scrape_output\raw\元朝\靜學齋記\靜學齋記__juan_01.txt,scrape_output\clean\元朝\靜學齋記\靜學齋記__juan_01.txt,524,480,0,separate,0.4677966101694915,wenyan-like,472,0.00847457627118644,0.1716101694915254,17.26923076923077,0,0
元朝,1179582,鞦韆謡,鞦韆謡,鞦韆謡,1,scrape_output\raw\元朝\鞦韆謡\鞦韆謡__juan_01.txt,scrape_output\clean\元朝\鞦韆謡\鞦韆謡__juan_01.txt,185,141,0,separate,0.007874015748031496,unknown,127,0.007874015748031496,0.015748031496062992,13.333333333333334,0,1
元朝,886190,韓省幹子平薦章應格朋友漠然不知忽改京秩作七言近體一首賀之,韓省幹子平薦章應格朋友漠然不知忽改京秩作七言近體一首賀之,韓省幹子平薦章應格朋友漠然不知忽改京秩作七言近體一首賀之,1,scrape_output\raw\元朝\韓省幹子平薦章應格朋友漠然不知忽改京秩作七言近體一首賀之\韓省幹子平薦章應格朋友漠然不知忽改京秩作七言近體一首賀之__juan_01.txt,scrape_output\clean\元朝\韓省幹子平薦章應格朋友漠然不知忽改京秩作七言近體一首賀之\韓省幹子平薦章應格朋友漠然不知忽改京秩作七言近體一首賀之__juan_01.txt,149,105,0,separate,0.021052631578947368,unknown,95,0.0,0.010526315789473684,12.857142857142858,0,1
元朝,766439,韓醴泉先輩余曲車道士邀遊東歡橋釣磯巖壁既赴鄭糟臺宴眾謂予同有高世志屬賦進酒歌遂走筆,韓醴泉先輩余曲車道士邀遊東歡橋釣磯巖壁既赴鄭糟臺宴眾謂予同有高世志屬賦進酒歌遂走筆,韓醴泉先輩余曲車道士邀遊東歡橋釣磯巖壁既赴鄭糟臺宴眾謂予同有高世志屬賦進酒歌遂走筆,1,scrape_output\raw\元朝\韓醴泉先輩余曲車道士邀遊東歡橋釣磯巖壁既赴鄭糟臺宴眾謂予同有高世志屬賦進酒歌遂走筆\韓醴泉先輩余曲車道士邀遊東歡橋釣磯巖壁既赴鄭糟臺宴眾謂予同有高世志屬賦進酒歌遂走筆__juan_01.txt,scrape_output\clean\元朝\韓醴泉先輩余曲車道士邀遊東歡橋釣磯巖壁既赴鄭糟臺宴眾謂予同有高世志屬賦進酒歌遂走筆\韓醴泉先輩余曲車道士邀遊東歡橋釣磯巖壁既赴鄭糟臺宴眾謂予同有高世志屬賦進酒歌遂走筆__juan_01.txt,314,270,0,separate,0.01652892561983471,wenyan-like,242,0.0,0.008264462809917356,14.25,0,0
元朝,886451,題一花二名牡丹,題一花二名牡丹,題一花二名牡丹,1,scrape_output\raw\元朝\題一花二名牡丹\題一花二名牡丹__juan_01.txt,scrape_output\clean\元朝\題一花二名牡丹\題一花二名牡丹__juan_01.txt,113,69,0,separate,0.031746031746031744,unknown,63,0.0,0.015873015873015872,12.0,0,1
元朝,1179702,題三山萬歲峰,題三山萬歲峰,題三山萬歲峰,1,scrape_output\raw\元朝\題三山萬歲峰\題三山萬歲峰__juan_01.txt,scrape_output\clean\元朝\題三山萬歲峰\題三山萬歲峰__juan_01.txt,113,69,0,separate,-0.015873015873015872,unknown,63,0.015873015873015872,0.015873015873015872,12.0,0,1
元朝,1179679,題二宮人琴壺圖,題二宮人琴壺圖,題二宮人琴壺圖,1,scrape_output\raw\元朝\題二宮人琴壺圖\題二宮人琴壺圖__juan_01.txt,scrape_output\clean\元朝\題二宮人琴壺圖\題二宮人琴壺圖__juan_01.txt,203,159,0,separate,0.027972027972027972,unknown,143,0.0,0.013986013986013986,13.5,0,1
元朝,1179361,題京口高資包氏壁,題京口高資包氏壁,題京口高資包氏壁,1,scrape_output\raw\元朝\題京口高資包氏壁\題京口高資包氏壁__juan_01.txt,scrape_output\clean\元朝\題京口高資包氏壁\題京口高資包氏壁__juan_01.txt,113,69,0,separate,0.031746031746031744,unknown,63,0.0,0.015873015873015872,12.0,0,1
元朝,1179448,題元符宮東秀軒又名日觀,題元符宮東秀軒又名日觀,題元符宮東秀軒又名日觀,1,scrape_output\raw\元朝\題元符宮東秀軒又名日觀\題元符宮東秀軒又名日觀__juan_01.txt,scrape_output\clean\元朝\題元符宮東秀軒又名日觀\題元符宮東秀軒又名日觀__juan_01.txt,149,105,0,separate,-0.010526315789473686,unknown,95,0.010526315789473684,0.010526315789473684,12.857142857142858,0,1
元朝,1179354,題冶城道士稽秋山卷,題冶城道士稽秋山卷,題冶城道士稽秋山卷,1,scrape_output\raw\元朝\題冶城道士稽秋山卷\題冶城道士稽秋山卷__juan_01.txt,scrape_output\clean\元朝\題冶城道士稽秋山卷\題冶城道士稽秋山卷__juan_01.txt,113,69,0,separate,0.06349206349206349,unknown,63,0.0,0.031746031746031744,12.0,0,1
元朝,1179294,題劉山長雪夜板輿圖,題劉山長雪夜板輿圖,題劉山長雪夜板輿圖,1,scrape_output\raw\元朝\題劉山長雪夜板輿圖\題劉山長雪夜板輿圖__juan_01.txt,scrape_output\clean\元朝\題劉山長雪夜板輿圖\題劉山長雪夜板輿圖__juan_01.txt,133,89,0,separate,0.05063291139240506,unknown,79,0.0,0.02531645569620253,10.571428571428571,0,1
元朝,1179435,題劉渙中司空山隱居圖,題劉渙中司空山隱居圖,題劉渙中司空山隱居圖,1,scrape_output\raw\元朝\題劉渙中司空山隱居圖\題劉渙中司空山隱居圖__juan_01.txt,scrape_output\clean\元朝\題劉渙中司空山隱居圖\題劉渙中司空山隱居圖__juan_01.txt,149,105,0,separate,0.06315789473684211,unknown,95,0.0,0.031578947368421054,12.857142857142858,0,1
元朝,1179235,題北固山無傳上人小樓,題北固山無傳上人小樓,題北固山無傳上人小樓,1,scrape_output\raw\元朝\題北固山無傳上人小樓\題北固山無傳上人小樓__juan_01.txt,scrape_output\clean\元朝\題北固山無傳上人小樓\題北固山無傳上人小樓__juan_01.txt,133,89,0,separate,0.02531645569620253,unknown,79,0.0,0.012658227848101266,10.571428571428571,0,1
元朝,1179566,題半山寺,題半山寺,題半山寺,1,scrape_output\raw\元朝\題半山寺\題半山寺__juan_01.txt,scrape_output\clean\元朝\題半山寺\題半山寺__juan_01.txt,149,105,0,separate,-0.010526315789473686,unknown,95,0.010526315789473684,0.010526315789473684,12.857142857142858,0,1
元朝,1179624,題南宮子蠟嘴圖,題南宮子蠟嘴圖,題南宮子蠟嘴圖,1,scrape_output\raw\元朝\題南宮子蠟嘴圖\題南宮子蠟嘴圖__juan_01.txt,scrape_output\clean\元朝\題南宮子蠟嘴圖\題南宮子蠟嘴圖__juan_01.txt,149,105,0,separate,0.06315789473684211,unknown,95,0.0,0.031578947368421054,12.857142857142858,0,1
元朝,766054,題古雁圖,題古雁圖,題古雁圖,1,scrape_output\raw\元朝\題古雁圖\題古雁圖__juan_01.txt,scrape_output\clean\元朝\題古雁圖\題古雁圖__juan_01.txt,149,105,0,separate,0.021052631578947368,unknown,95,0.0,0.010526315789473684,12.857142857142858,0,1
元朝,886405,題合歡亭,題合歡亭,題合歡亭,1,scrape_output\raw\元朝\題合歡亭\題合歡亭__juan_01.txt,scrape_output\clean\元朝\題合歡亭\題合歡亭__juan_01.txt,113,69,0,separate,-0.015873015873015872,unknown,63,0.015873015873015872,0.015873015873015872,12.0,0,1
元朝,886038,題四娯齋,題四娯齋,題四娯齋,1,scrape_output\raw\元朝\題四娯齋\題四娯齋__juan_01.txt,scrape_output\clean\元朝\題四娯齋\題四娯齋__juan_01.txt,293,249,0,separate,0.008968609865470852,wenyan-like,223,0.0,0.004484304932735426,14.0,0,0
元朝,1179613,題四時宮人圖,題四時宮人圖,題四時宮人圖,1,scrape_output\raw\元朝\題四時宮人圖\題四時宮人圖__juan_01.txt,scrape_output\clean\元朝\題四時宮人圖\題四時宮人圖__juan_01.txt,581,537,0,separate,0.0062761506276150635,wenyan-like,478,0.0020920502092050207,0.006276150627615063,14.516129032258064,0,0
元朝,766356,題垂虹橋亭,題垂虹橋亭,題垂虹橋亭,1,scrape_output\raw\元朝\題垂虹橋亭\題垂虹橋亭__juan_01.txt,scrape_output\clean\元朝\題垂虹橋亭\題垂虹橋亭__juan_01.txt,133,89,0,separate,0.05063291139240506,unknown,79,0.0,0.02531645569620253,10.571428571428571,0,1
元朝,886659,題壽人八十卷尾,題壽人八十卷尾,題壽人八十卷尾,1,scrape_output\raw\元朝\題壽人八十卷尾\題壽人八十卷尾__juan_01.txt,scrape_output\clean\元朝\題壽人八十卷尾\題壽人八十卷尾__juan_01.txt,113,69,0,separate,0.031746031746031744,unknown,63,0.0,0.015873015873015872,12.0,0,1
元朝,768842,題夏迪雙松圖,題夏迪雙松圖,題夏迪雙松圖,1,scrape_output\raw\元朝\題夏迪雙松圖\題夏迪雙松圖__juan_01.txt,scrape_output\clean\元朝\題夏迪雙松圖\題夏迪雙松圖__juan_01.txt,221,177,0,separate,0.012578616352201255,unknown,159,0.012578616352201259,0.025157232704402517,13.636363636363637,0,1
元朝,886389,題夢齋,題夢齋,題夢齋,1,scrape_output\raw\元朝\題夢齋\題夢齋__juan_01.txt,scrape_output\clean\元朝\題夢齋\題夢齋__juan_01.txt,151,107,0,separate,-0.10526315789473685,unknown,95,0.042105263157894736,0.010526315789473684,10.0,0,1
元朝,1179396,題屏風,題屏風,題屏風,1,scrape_output\raw\元朝\題屏風\題屏風__juan_01.txt,scrape_output\clean\元朝\題屏風\題屏風__juan_01.txt,113,69,0,separate,0.06349206349206349,unknown,63,0.0,0.031746031746031744,12.0,0,1
元朝,874475,題岳武穆王墳二首,題岳武穆王墳二首,題岳武穆王墳二首,1,scrape_output\raw\元朝\題岳武穆王墳二首\題岳武穆王墳二首__juan_01.txt,scrape_output\clean\元朝\題岳武穆王墳二首\題岳武穆王墳二首__juan_01.txt,129,129,0,separate,0.11875,unknown,128,0.015625,0.0078125,15.0,0,1
元朝,874470,題岳王墓,題岳王墓,題岳王墓,1,scrape_output\raw\元朝\題岳王墓\題岳王墓__juan_01.txt,scrape_output\clean\元朝\題岳王墓\題岳王墓__juan_01.txt,65,65,0,separate,0.18125,unknown,64,0.0,0.015625,15.0,0,1
元朝,874481,題岳王祠,題岳王祠,題岳王祠,1,scrape_output\raw\元朝\題岳王祠\題岳王祠__juan_01.txt,scrape_output\clean\元朝\題岳王祠\題岳王祠__juan_01.txt,64,64,0,separate,0.15,unknown,64,0.0,0.0,15.0,0,1
元朝,886390,題庸齋,題庸齋,題庸齋,1,scrape_output\raw\元朝\題庸齋\題庸齋__juan_01.txt,scrape_output\clean\元朝\題庸齋\題庸齋__juan_01.txt,113,69,0,separate,0.031746031746031744,unknown,63,0.0,0.015873015873015872,12.0,0,1
元朝,886687,題廢館醉仙像,題廢館醉仙像,題廢館醉仙像,1,scrape_output\raw\元朝\題廢館醉仙像\題廢館醉仙像__juan_01.txt,scrape_output\clean\元朝\題廢館醉仙像\題廢館醉仙像__juan_01.txt,113,69,0,separate,0.06349206349206349,unknown,63,0.0,0.031746031746031744,12.0,0,1
元朝,874690,題建炎遺詔,題建炎遺詔,題建炎遺詔,1,scrape_output\raw\元朝\題建炎遺詔\題建炎遺詔__juan_01.txt,scrape_output\clean\元朝\題建炎遺詔\題建炎遺詔__juan_01.txt,73,64,0,separate,0.18125,unknown,64,0.0,0.015625,15.0,0,1
元朝,885035,題復古秋山對月圖,題復古秋山對月圖,題復古秋山對月圖,1,scrape_output\raw\元朝\題復古秋山對月圖\題復古秋山對月圖__juan_01.txt,scrape_output\clean\元朝\題復古秋山對月圖\題復古秋山對月圖__juan_01.txt,46,46,0,separate,0.0,unknown,32,0.0,0.0,2.142857142857143,0,1
元朝,886448,題戀春牡丹,題戀春牡丹,題戀春牡丹,1,scrape_output\raw\元朝\題戀春牡丹\題戀春牡丹__juan_01.txt,scrape_output\clean\元朝\題戀春牡丹\題戀春牡丹__juan_01.txt,113,69,0,separate,0.031746031746031744,unknown,63,0.0,0.015873015873015872,12.0,0,1
元朝,886701,題扇頭,題扇頭,題扇頭,1,scrape_output\raw\元朝\題扇頭\題扇頭__juan_01.txt,scrape_output\clean\元朝\題扇頭\題扇頭__juan_01.txt,113,69,0,separate,0.031746031746031744,unknown,63,0.0,0.015873015873015872,12.0,0,1
元朝,874478,題文湖州湘中推蓬圖,題文湖州湘中推蓬圖,題文湖州湘中推蓬圖,1,scrape_output\raw\元朝\題文湖州湘中推蓬圖\題文湖州湘中推蓬圖__juan_01.txt,scrape_output\clean\元朝\題文湖州湘中推蓬圖\題文湖州湘中推蓬圖__juan_01.txt,33,33,0,separate,0.15,unknown,32,0.0,0.0,15.0,0,1
元朝,886686,題明皇思曲江圖,題明皇思曲江圖,題明皇思曲江圖,1,scrape_output\raw\元朝\題明皇思曲江圖\題明皇思曲江圖__juan_01.txt,scrape_output\clean\元朝\題明皇思曲江圖\題明皇思曲江圖__juan_01.txt,115,71,0,separate,0.031746031746031744,unknown,63,0.0,0.015873015873015872,8.571428571428571,0,1
元朝,886401,題易安堂壁,題易安堂壁,題易安堂壁,1,scrape_output\raw\元朝\題易安堂壁\題易安堂壁__juan_01.txt,scrape_output\clean\元朝\題易安堂壁\題易安堂壁__juan_01.txt,113,69,0,separate,0.031746031746031744,unknown,63,0.0,0.015873015873015872,12.0,0,1
元朝,1179379,題李溉之送别詩卷,題李溉之送别詩卷,題李溉之送别詩卷,1,scrape_output\raw\元朝\題李溉之送别詩卷\題李溉之送别詩卷__juan_01.txt,scrape_output\clean\元朝\題李溉之送别詩卷\題李溉之送别詩卷__juan_01.txt,113,69,0,separate,-0.015873015873015872,unknown,63,0.015873015873015872,0.015873015873015872,12.0,0,1
元朝,1179497,題李遵道畫竹木圖,題李遵道畫竹木圖,題李遵道畫竹木圖,1,scrape_output\raw\元朝\題李遵道畫竹木圖\題李遵道畫竹木圖__juan_01.txt,scrape_output\clean\元朝\題李遵道畫竹木圖\題李遵道畫竹木圖__juan_01.txt,149,105,0,separate,0.010526315789473682,unknown,95,0.010526315789473684,0.021052631578947368,12.857142857142858,0,1
元朝,886033,題枕流亭,題枕流亭,題枕流亭,1,scrape_output\raw\元朝\題枕流亭\題枕流亭__juan_01.txt,scrape_output\clean\元朝\題枕流亭\題枕流亭__juan_01.txt,149,105,0,separate,0.031578947368421054,unknown,95,0.010526315789473684,0.031578947368421054,12.857142857142858,0,1
元朝,768838,題梅花,題梅花,題梅花,1,scrape_output\raw\元朝\題梅花\題梅花__juan_01.txt,scrape_output\clean\元朝\題梅花\題梅花__juan_01.txt,257,213,0,separate,0.010471204188481676,unknown,191,0.0,0.005235602094240838,13.846153846153847,0,1
元朝,1179480,題楊州驛,題楊州驛,題楊州驛,1,scrape_output\raw\元朝\題楊州驛\題楊州驛__juan_01.txt,scrape_output\clean\元朝\題楊州驛\題楊州驛__juan_01.txt,149,105,0,separate,-0.010526315789473686,unknown,95,0.010526315789473684,0.010526315789473684,12.857142857142858,0,1
元朝,886168,題楊貴妃遺事,題楊貴妃遺事,題楊貴妃遺事,1,scrape_output\raw\元朝\題楊貴妃遺事\題楊貴妃遺事__juan_01.txt,scrape_output\clean\元朝\題楊貴妃遺事\題楊貴妃遺事__juan_01.txt,149,105,0,separate,0.042105263157894736,unknown,95,0.0,0.021052631578947368,12.857142857142858,0,1
元朝,1179325,題汀州丁三溪知事卷,題汀州丁三溪知事卷,題汀州丁三溪知事卷,1,scrape_output\raw\元朝\題汀州丁三溪知事卷\題汀州丁三溪知事卷__juan_01.txt,scrape_output\clean\元朝\題汀州丁三溪知事卷\題汀州丁三溪知事卷__juan_01.txt,147,103,0,separate,0.04395604395604396,unknown,91,0.0,0.02197802197802198,10.625,0,1
元朝,1179263,題江東精舍,題江東精舍,題江東精舍,1,scrape_output\raw\元朝\題江東精舍\題江東精舍__juan_01.txt,scrape_output\clean\元朝\題江東精舍\題江東精舍__juan_01.txt,133,89,0,separate,-0.012658227848101267,unknown,79,0.012658227848101266,0.012658227848101266,10.571428571428571,0,1
元朝,1179648,題江鄉秋晚圖,題江鄉秋晚圖,題江鄉秋晚圖,1,scrape_output\raw\元朝\題江鄉秋晚圖\題江鄉秋晚圖__juan_01.txt,scrape_output\clean\元朝\題江鄉秋晚圖\題江鄉秋晚圖__juan_01.txt,257,213,0,separate,0.05235602094240838,unknown,191,0.0,0.02617801047120419,13.846153846153847,0,1
元朝,1179401,題淮安王氏小樓四絶,題淮安王氏小樓四絶,題淮安王氏小樓四絶,1,scrape_output\raw\元朝\題淮安王氏小樓四絶\題淮安王氏小樓四絶__juan_01.txt,scrape_output\clean\元朝\題淮安王氏小樓四絶\題淮安王氏小樓四絶__juan_01.txt,269,225,0,separate,0.07317073170731707,wenyan-like,205,0.004878048780487805,0.04390243902439024,14.923076923076923,0,0
元朝,886163,題漢武内傳,題漢武内傳,題漢武内傳,1,scrape_output\raw\元朝\題漢武内傳\題漢武内傳__juan_01.txt,scrape_output\clean\元朝\題漢武内傳\題漢武内傳__juan_01.txt,149,105,0,separate,0.021052631578947368,unknown,95,0.0,0.010526315789473684,12.857142857142858,0,1
元朝,1179315,題潭州劉氏姊妹二孀貞莭,題潭州劉氏姊妹二孀貞莭,題潭州劉氏姊妹二孀貞莭,1,scrape_output\raw\元朝\題潭州劉氏姊妹二孀貞莭\題潭州劉氏姊妹二孀貞莭__juan_01.txt,scrape_output\clean\元朝\題潭州劉氏姊妹二孀貞莭\題潭州劉氏姊妹二孀貞莭__juan_01.txt,199,155,0,separate,-0.014814814814814815,unknown,135,0.014814814814814815,0.014814814814814815,10.416666666666666,0,1
元朝,1179312,題焦山方丈壁,題焦山方丈壁,題焦山方丈壁,1,scrape_output\raw\元朝\題焦山方丈壁\題焦山方丈壁__juan_01.txt,scrape_output\clean\元朝\題焦山方丈壁\題焦山方丈壁__juan_01.txt,133,89,0,separate,0.02531645569620253,unknown,79,0.0,0.012658227848101266,10.571428571428571,0,1
元朝,1179257,題焦山方丈壁和僧韻,題焦山方丈壁和僧韻,題焦山方丈壁和僧韻,1,scrape_output\raw\元朝\題焦山方丈壁和僧韻\題焦山方丈壁和僧韻__juan_01.txt,scrape_output\clean\元朝\題焦山方丈壁和僧韻\題焦山方丈壁和僧韻__juan_01.txt,133,89,0,separate,0.02531645569620253,unknown,79,0.0,0.012658227848101266,10.571428571428571,0,1
元朝,766457,題焦白圻畫其父奉禮府君夜直詩意圖,題焦白圻畫其父奉禮府君夜直詩意圖,題焦白圻畫其父奉禮府君夜直詩意圖,1,scrape_output\raw\元朝\題焦白圻畫其父奉禮府君夜直詩意圖\題焦白圻畫其父奉禮府君夜直詩意圖__juan_01.txt,scrape_output\clean\元朝\題焦白圻畫其父奉禮府君夜直詩意圖\題焦白圻畫其父奉禮府君夜直詩意圖__juan_01.txt,113,69,0,separate,0.06349206349206349,unknown,63,0.0,0.031746031746031744,12.0,0,1
元朝,1179571,題玄妙觀玉皇殿,題玄妙觀玉皇殿,題玄妙觀玉皇殿,1,scrape_output\raw\元朝\題玄妙觀玉皇殿\題玄妙觀玉皇殿__juan_01.txt,scrape_output\clean\元朝\題玄妙觀玉皇殿\題玄妙觀玉皇殿__juan_01.txt,149,105,0,separate,0.021052631578947368,unknown,95,0.0,0.010526315789473684,12.857142857142858,0,1
元朝,1179350,題界首驛,題界首驛,題界首驛,1,scrape_output\raw\元朝\題界首驛\題界首驛__juan_01.txt,scrape_output\clean\元朝\題界首驛\題界首驛__juan_01.txt,149,105,0,separate,0.042105263157894736,unknown,95,0.0,0.021052631578947368,12.857142857142858,0,1
元朝,766449,題留侯小像,題留侯小像,題留侯小像,1,scrape_output\raw\元朝\題留侯小像\題留侯小像__juan_01.txt,scrape_output\clean\元朝\題留侯小像\題留侯小像__juan_01.txt,134,90,0,separate,0.04878048780487805,unknown,82,0.0,0.024390243902439025,13.0,0,1
元朝,768870,題畫梅,題畫梅,題畫梅,1,scrape_output\raw\元朝\題畫梅\題畫梅__juan_01.txt,scrape_output\clean\元朝\題畫梅\題畫梅__juan_01.txt,113,69,0,separate,0.031746031746031744,unknown,63,0.0,0.015873015873015872,12.0,0,1
元朝,1179402,題畫竹,題畫竹,題畫竹,1,scrape_output\raw\元朝\題畫竹\題畫竹__juan_01.txt,scrape_output\clean\元朝\題畫竹\題畫竹__juan_01.txt,113,69,0,separate,0.031746031746031744,unknown,63,0.0,0.015873015873015872,12.0,0,1
元朝,768845,題畫蘭卷兼梅花,題畫蘭卷兼梅花,題畫蘭卷兼梅花,1,scrape_output\raw\元朝\題畫蘭卷兼梅花\題畫蘭卷兼梅花__juan_01.txt,scrape_output\clean\元朝\題畫蘭卷兼梅花\題畫蘭卷兼梅花__juan_01.txt,223,179,0,separate,0.024844720496894408,unknown,161,0.0,0.012422360248447204,13.818181818181818,0,1
元朝,1062079,題白蓮圖卷 (趙巖),題白蓮圖卷 (趙巖),題白蓮圖卷 (趙巖),1,scrape_output\raw\元朝\題白蓮圖卷 (趙巖)\題白蓮圖卷 (趙巖)__juan_01.txt,scrape_output\clean\元朝\題白蓮圖卷 (趙巖)\題白蓮圖卷 (趙巖)__juan_01.txt,557,69,0,separate,0.031746031746031744,unknown,63,0.0,0.015873015873015872,12.0,0,1
元朝,1062077,題白蓮圖卷 (錢選),題白蓮圖卷 (錢選),題白蓮圖卷 (錢選),1,scrape_output\raw\元朝\題白蓮圖卷 (錢選)\題白蓮圖卷 (錢選)__juan_01.txt,scrape_output\clean\元朝\題白蓮圖卷 (錢選)\題白蓮圖卷 (錢選)__juan_01.txt,598,110,0,separate,0.16,unknown,100,0.0,0.08,10.555555555555555,0,1
元朝,1062078,題白蓮圖卷 (馮子振),題白蓮圖卷 (馮子振),題白蓮圖卷 (馮子振),1,scrape_output\raw\元朝\題白蓮圖卷 (馮子振)\題白蓮圖卷 (馮子振)__juan_01.txt,scrape_output\clean\元朝\題白蓮圖卷 (馮子振)\題白蓮圖卷 (馮子振)__juan_01.txt,610,121,0,separate,0.07207207207207206,unknown,111,0.018018018018018018,0.06306306306306306,11.777777777777779,0,1
元朝,886697,題秋江栢石孤舟圖,題秋江栢石孤舟圖,題秋江栢石孤舟圖,1,scrape_output\raw\元朝\題秋江栢石孤舟圖\題秋江栢石孤舟圖__juan_01.txt,scrape_output\clean\元朝\題秋江栢石孤舟圖\題秋江栢石孤舟圖__juan_01.txt,113,69,0,separate,0.06349206349206349,unknown,63,0.0,0.031746031746031744,12.0,0,1
元朝,1179264,題紫薇觀馮道士房,題紫薇觀馮道士房,題紫薇觀馮道士房,1,scrape_output\raw\元朝\題紫薇觀馮道士房\題紫薇觀馮道士房__juan_01.txt,scrape_output\clean\元朝\題紫薇觀馮道士房\題紫薇觀馮道士房__juan_01.txt,133,89,0,separate,0.02531645569620253,unknown,79,0.0,0.012658227848101266,10.571428571428571,0,1
元朝,886042,題縉雲山五湖别業,題縉雲山五湖别業,題縉雲山五湖别業,1,scrape_output\raw\元朝\題縉雲山五湖别業\題縉雲山五湖别業__juan_01.txt,scrape_output\clean\元朝\題縉雲山五湖别業\題縉雲山五湖别業__juan_01.txt,170,124,0,separate,-0.008849557522123894,unknown,113,0.02654867256637168,0.035398230088495575,13.5,0,1
元朝,886695,題織成雙禽,題織成雙禽,題織成雙禽,1,scrape_output\raw\元朝\題織成雙禽\題織成雙禽__juan_01.txt,scrape_output\clean\元朝\題織成雙禽\題織成雙禽__juan_01.txt,113,69,0,separate,-0.015873015873015872,unknown,63,0.015873015873015872,0.015873015873015872,12.0,0,1
元朝,317470,題老子廟,題老子廟,題老子廟,1,scrape_output\raw\元朝\題老子廟\題老子廟__juan_01.txt,scrape_output\clean\元朝\題老子廟\題老子廟__juan_01.txt,149,105,0,separate,0.021052631578947368,unknown,95,0.0,0.010526315789473684,12.857142857142858,0,1
元朝,886456,題與牡丹同名芍藥,題與牡丹同名芍藥,題與牡丹同名芍藥,1,scrape_output\raw\元朝\題與牡丹同名芍藥\題與牡丹同名芍藥__juan_01.txt,scrape_output\clean\元朝\題與牡丹同名芍藥\題與牡丹同名芍藥__juan_01.txt,137,91,0,separate,0.024096385542168676,unknown,83,0.0,0.012048192771084338,11.285714285714286,0,1
元朝,1179262,題舊縣驛,題舊縣驛,題舊縣驛,1,scrape_output\raw\元朝\題舊縣驛\題舊縣驛__juan_01.txt,scrape_output\clean\元朝\題舊縣驛\題舊縣驛__juan_01.txt,133,89,0,separate,0.02531645569620253,unknown,79,0.0,0.012658227848101266,10.571428571428571,0,1
元朝,1179512,題舒真人仙山樓觀圖,題舒真人仙山樓觀圖,題舒真人仙山樓觀圖,1,scrape_output\raw\元朝\題舒真人仙山樓觀圖\題舒真人仙山樓觀圖__juan_01.txt,scrape_output\clean\元朝\題舒真人仙山樓觀圖\題舒真人仙山樓觀圖__juan_01.txt,149,105,0,separate,0.021052631578947368,unknown,95,0.0,0.010526315789473684,12.857142857142858,0,1
元朝,1179327,題茶陽驛飛亭,題茶陽驛飛亭,題茶陽驛飛亭,1,scrape_output\raw\元朝\題茶陽驛飛亭\題茶陽驛飛亭__juan_01.txt,scrape_output\clean\元朝\題茶陽驛飛亭\題茶陽驛飛亭__juan_01.txt,133,89,0,separate,0.02531645569620253,unknown,79,0.0,0.012658227848101266,10.571428571428571,0,1
元朝,766412,題董良用徵士釋耕所,題董良用徵士釋耕所,題董良用徵士釋耕所,1,scrape_output\raw\元朝\題董良用徵士釋耕所\題董良用徵士釋耕所__juan_01.txt,scrape_output\clean\元朝\題董良用徵士釋耕所\題董良用徵士釋耕所__juan_01.txt,149,105,0,separate,-0.010526315789473686,unknown,95,0.010526315789473684,0.010526315789473684,12.857142857142858,0,1
元朝,1061836,題葵花蛺蝶圖卷 (趙巖),題葵花蛺蝶圖卷 (趙巖),題葵花蛺蝶圖卷 (趙巖),1,scrape_output\raw\元朝\題葵花蛺蝶圖卷 (趙巖)\題葵花蛺蝶圖卷 (趙巖)__juan_01.txt,scrape_output\clean\元朝\題葵花蛺蝶圖卷 (趙巖)\題葵花蛺蝶圖卷 (趙巖)__juan_01.txt,557,69,0,separate,-0.06349206349206349,unknown,63,0.031746031746031744,0.015873015873015872,12.0,0,1
元朝,1061835,題葵花蛺蝶圖卷 (馮子振),題葵花蛺蝶圖卷 (馮子振),題葵花蛺蝶圖卷 (馮子振),1,scrape_output\raw\元朝\題葵花蛺蝶圖卷 (馮子振)\題葵花蛺蝶圖卷 (馮子振)__juan_01.txt,scrape_output\clean\元朝\題葵花蛺蝶圖卷 (馮子振)\題葵花蛺蝶圖卷 (馮子振)__juan_01.txt,557,69,0,separate,0.031746031746031744,unknown,63,0.0,0.015873015873015872,12.0,0,1
元朝,1061842,題蒼鷹竹梧圖 (劉嵩),題蒼鷹竹梧圖 (劉嵩),題蒼鷹竹梧圖 (劉嵩),1,scrape_output\raw\元朝\題蒼鷹竹梧圖 (劉嵩)\題蒼鷹竹梧圖 (劉嵩)__juan_01.txt,scrape_output\clean\元朝\題蒼鷹竹梧圖 (劉嵩)\題蒼鷹竹梧圖 (劉嵩)__juan_01.txt,570,80,0,separate,0.05555555555555555,unknown,72,0.0,0.027777777777777776,9.714285714285714,0,1
元朝,1061841,題蒼鷹竹梧圖 (張舜咨),題蒼鷹竹梧圖 (張舜咨),題蒼鷹竹梧圖 (張舜咨),1,scrape_output\raw\元朝\題蒼鷹竹梧圖 (張舜咨)\題蒼鷹竹梧圖 (張舜咨)__juan_01.txt,scrape_output\clean\元朝\題蒼鷹竹梧圖 (張舜咨)\題蒼鷹竹梧圖 (張舜咨)__juan_01.txt,573,83,0,separate,0.02666666666666667,unknown,75,0.0,0.013333333333333334,10.285714285714286,0,1
元朝,1061847,題蒼鷹竹梧圖 (薩達道),題蒼鷹竹梧圖 (薩達道),題蒼鷹竹梧圖 (薩達道),1,scrape_output\raw\元朝\題蒼鷹竹梧圖 (薩達道)\題蒼鷹竹梧圖 (薩達道)__juan_01.txt,scrape_output\clean\元朝\題蒼鷹竹梧圖 (薩達道)\題蒼鷹竹梧圖 (薩達道)__juan_01.txt,569,78,0,separate,0.029411764705882353,unknown,68,0.0,0.014705882352941176,8.0,0,1
元朝,886689,題藍采和圖,題藍采和圖,題藍采和圖,1,scrape_output\raw\元朝\題藍采和圖\題藍采和圖__juan_01.txt,scrape_output\clean\元朝\題藍采和圖\題藍采和圖__juan_01.txt,113,69,0,separate,0.031746031746031744,unknown,63,0.0,0.015873015873015872,12.0,0,1
元朝,885629,題虛白齋壁,題虛白齋壁,題虛白齋壁,1,scrape_output\raw\元朝\題虛白齋壁\題虛白齋壁__juan_01.txt,scrape_output\clean\元朝\題虛白齋壁\題虛白齋壁__juan_01.txt,135,91,0,separate,-0.05063291139240507,unknown,79,0.02531645569620253,0.012658227848101266,8.222222222222221,0,1
元朝,886292,題西山早梅扇頭,題西山早梅扇頭,題西山早梅扇頭,1,scrape_output\raw\元朝\題西山早梅扇頭\題西山早梅扇頭__juan_01.txt,scrape_output\clean\元朝\題西山早梅扇頭\題西山早梅扇頭__juan_01.txt,105,61,0,separate,-0.07272727272727272,unknown,55,0.03636363636363636,0.01818181818181818,10.4,0,1
元朝,886139,題西菴所藏佛牙,題西菴所藏佛牙,題西菴所藏佛牙,1,scrape_output\raw\元朝\題西菴所藏佛牙\題西菴所藏佛牙__juan_01.txt,scrape_output\clean\元朝\題西菴所藏佛牙\題西菴所藏佛牙__juan_01.txt,149,105,0,separate,0.08421052631578947,unknown,95,0.0,0.042105263157894736,12.857142857142858,0,1
元朝,766447,題趙善長為李原復所畫山水,題趙善長為李原復所畫山水,題趙善長為李原復所畫山水,1,scrape_output\raw\元朝\題趙善長為李原復所畫山水\題趙善長為李原復所畫山水__juan_01.txt,scrape_output\clean\元朝\題趙善長為李原復所畫山水\題趙善長為李原復所畫山水__juan_01.txt,393,349,0,separate,0.01929260450160772,wenyan-like,311,0.0,0.00964630225080386,13.904761904761905,0,0
元朝,1179309,題進士索士岩詩卷士岩與余同榜又同為燕南官，由翰林編脩為御史臺掾兼經筵檢討，除為燕南廉訪經歷,題進士索士岩詩卷士岩與余同榜又同為燕南官，由翰林編脩為御史臺掾兼經筵檢討，除為燕南廉訪經歷,題進士索士岩詩卷士岩與余同榜又同為燕南官，由翰林編脩為御史臺掾兼經筵檢討，除為燕南廉訪經歷,1,scrape_output\raw\元朝\題進士索士岩詩卷士岩與余同榜又同為燕南官，由翰林編脩為御史臺掾兼經筵檢討，除為燕南廉訪經歷\題進士索士岩詩卷士岩與余同榜又同為燕南官，由翰林編脩為御史臺掾兼經筵檢討，除為燕南廉訪經歷__juan_01.txt,scrape_output\clean\元朝\題進士索士岩詩卷士岩與余同榜又同為燕南官，由翰林編脩為御史臺掾兼經筵檢討，除為燕南廉訪經歷\題進士索士岩詩卷士岩與余同榜又同為燕南官，由翰林編脩為御史臺掾兼經筵檢討，除為燕南廉訪經歷__juan_01.txt,511,467,0,separate,0.009925558312655089,wenyan-like,403,0.004962779156327543,0.01240694789081886,10.911764705882353,0,0
元朝,1179635,題郭元二公畫壁,題郭元二公畫壁,題郭元二公畫壁,1,scrape_output\raw\元朝\題郭元二公畫壁\題郭元二公畫壁__juan_01.txt,scrape_output\clean\元朝\題郭元二公畫壁\題郭元二公畫壁__juan_01.txt,185,141,0,separate,0.07874015748031496,unknown,127,0.0,0.03937007874015748,13.333333333333334,0,1
元朝,768862,題金陵,題金陵,題金陵,1,scrape_output\raw\元朝\題金陵\題金陵__juan_01.txt,scrape_output\clean\元朝\題金陵\題金陵__juan_01.txt,149,105,0,separate,0.021052631578947368,unknown,95,0.0,0.010526315789473684,12.857142857142858,0,1
元朝,886147,題長春宫瑞應鶴詩二首,題長春宫瑞應鶴詩二首,題長春宫瑞應鶴詩二首,1,scrape_output\raw\元朝\題長春宫瑞應鶴詩二首\題長春宫瑞應鶴詩二首__juan_01.txt,scrape_output\clean\元朝\題長春宫瑞應鶴詩二首\題長春宫瑞應鶴詩二首__juan_01.txt,232,186,0,separate,-0.012048192771084341,unknown,166,0.012048192771084338,0.012048192771084338,13.083333333333334,0,1
元朝,886383,題霏香亭,題霏香亭,題霏香亭,1,scrape_output\raw\元朝\題霏香亭\題霏香亭__juan_01.txt,scrape_output\clean\元朝\題霏香亭\題霏香亭__juan_01.txt,113,69,0,separate,0.031746031746031744,unknown,63,0.0,0.015873015873015872,12.0,0,1
元朝,886690,題馬元章水墨美人圖,題馬元章水墨美人圖,題馬元章水墨美人圖,1,scrape_output\raw\元朝\題馬元章水墨美人圖\題馬元章水墨美人圖__juan_01.txt,scrape_output\clean\元朝\題馬元章水墨美人圖\題馬元章水墨美人圖__juan_01.txt,113,69,0,separate,0.031746031746031744,unknown,63,0.0,0.015873015873015872,12.0,0,1
元朝,1179589,題魯港驛和貫酸齋題壁,題魯港驛和貫酸齋題壁,題魯港驛和貫酸齋題壁,1,scrape_output\raw\元朝\題魯港驛和貫酸齋題壁\題魯港驛和貫酸齋題壁__juan_01.txt,scrape_output\clean\元朝\題魯港驛和貫酸齋題壁\題魯港驛和貫酸齋題壁__juan_01.txt,149,105,0,separate,-0.04210526315789474,unknown,95,0.021052631578947368,0.010526315789473684,13.0,0,1
元朝,1179465,題鴉浴池,題鴉浴池,題鴉浴池,1,scrape_output\raw\元朝\題鴉浴池\題鴉浴池__juan_01.txt,scrape_output\clean\元朝\題鴉浴池\題鴉浴池__juan_01.txt,149,105,0,separate,0.021052631578947368,unknown,95,0.0,0.010526315789473684,12.857142857142858,0,1
元朝,886688,題鶴僊夢驚圖,題鶴僊夢驚圖,題鶴僊夢驚圖,1,scrape_output\raw\元朝\題鶴僊夢驚圖\題鶴僊夢驚圖__juan_01.txt,scrape_output\clean\元朝\題鶴僊夢驚圖\題鶴僊夢驚圖__juan_01.txt,113,69,0,separate,-0.06349206349206349,unknown,63,0.031746031746031744,0.015873015873015872,12.0,0,1
元朝,886488,題黄梅出山圖,題黄梅出山圖,題黄梅出山圖,1,scrape_output\raw\元朝\題黄梅出山圖\題黄梅出山圖__juan_01.txt,scrape_output\clean\元朝\題黄梅出山圖\題黄梅出山圖__juan_01.txt,113,69,0,separate,-0.015873015873015872,unknown,63,0.015873015873015872,0.015873015873015872,12.0,0,1
元朝,765329,顧氏永思塚舍記,顧氏永思塚舍記,顧氏永思塚舍記,1,scrape_output\raw\元朝\顧氏永思塚舍記\顧氏永思塚舍記__juan_01.txt,scrape_output\clean\元朝\顧氏永思塚舍記\顧氏永思塚舍記__juan_01.txt,683,639,0,separate,0.4526941362916006,wenyan-like,631,0.004754358161648178,0.15847860538827258,24.36,0,0
元朝,796261,風入松 (虞邵菴),風入松 (虞邵菴),風入松 (虞邵菴),1,scrape_output\raw\元朝\風入松 (虞邵菴)\風入松 (虞邵菴)__juan_01.txt,scrape_output\clean\元朝\風入松 (虞邵菴)\風入松 (虞邵菴)__juan_01.txt,181,137,0,separate,0.024793388429752067,unknown,121,0.008264462809917356,0.024793388429752067,10.363636363636363,0,1
元朝,1179670,飛奴,飛奴,飛奴,1,scrape_output\raw\元朝\飛奴\飛奴__juan_01.txt,scrape_output\clean\元朝\飛奴\飛奴__juan_01.txt,221,177,0,separate,-0.05660377358490567,unknown,159,0.031446540880503145,0.018867924528301886,13.636363636363637,0,1
元朝,1179559,飛鳴宿食鴈,飛鳴宿食鴈,飛鳴宿食鴈,1,scrape_output\raw\元朝\飛鳴宿食鴈\飛鳴宿食鴈__juan_01.txt,scrape_output\clean\元朝\飛鳴宿食鴈\飛鳴宿食鴈__juan_01.txt,149,105,0,separate,0.021052631578947368,unknown,95,0.0,0.010526315789473684,12.857142857142858,0,1
元朝,886246,飲南園,飲南園,飲南園,1,scrape_output\raw\元朝\飲南園\飲南園__juan_01.txt,scrape_output\clean\元朝\飲南園\飲南園__juan_01.txt,105,61,0,separate,0.03636363636363636,unknown,55,0.0,0.01818181818181818,10.4,0,1
元朝,886037,飲方湖菊洲塵外亭,飲方湖菊洲塵外亭,飲方湖菊洲塵外亭,1,scrape_output\raw\元朝\飲方湖菊洲塵外亭\飲方湖菊洲塵外亭__juan_01.txt,scrape_output\clean\元朝\飲方湖菊洲塵外亭\飲方湖菊洲塵外亭__juan_01.txt,149,105,0,separate,0.04210526315789473,unknown,95,0.021052631578947368,0.05263157894736842,12.857142857142858,0,1
元朝,886444,飲梅花下,飲梅花下,飲梅花下,1,scrape_output\raw\元朝\飲梅花下\飲梅花下__juan_01.txt,scrape_output\clean\元朝\飲梅花下\飲梅花下__juan_01.txt,153,109,0,separate,0.0404040404040404,unknown,99,0.020202020202020204,0.050505050505050504,9.3,0,1
元朝,886138,飲獨醉園牡丹下戯題,飲獨醉園牡丹下戯題,飲獨醉園牡丹下戯題,1,scrape_output\raw\元朝\飲獨醉園牡丹下戯題\飲獨醉園牡丹下戯題__juan_01.txt,scrape_output\clean\元朝\飲獨醉園牡丹下戯題\飲獨醉園牡丹下戯題__juan_01.txt,149,105,0,separate,-0.010526315789473686,unknown,95,0.010526315789473684,0.010526315789473684,12.857142857142858,0,1
元朝,113172,飲膳正要,飲膳正要,飲膳正要,1,scrape_output\raw\元朝\飲膳正要\飲膳正要__juan_01.txt,scrape_output\clean\元朝\飲膳正要\飲膳正要__juan_01.txt,2720,2627,0,separate,0.2968949044585987,wenyan-like,2512,0.013136942675159236,0.09315286624203821,16.41891891891892,0,0
元朝,886245,飲逸園,飲逸園,飲逸園,1,scrape_output\raw\元朝\飲逸園\飲逸園__juan_01.txt,scrape_output\clean\元朝\飲逸園\飲逸園__juan_01.txt,105,61,0,separate,0.07272727272727272,unknown,55,0.0,0.03636363636363636,10.4,0,1
元朝,762007,飲食須知,飲食須知/卷1,飲食須知,1,scrape_output\raw\元朝\飲食須知\飲食須知__juan_01.txt,scrape_output\clean\元朝\飲食須知\飲食須知__juan_01.txt,3170,3125,0,separate,0.07631257631257632,wenyan-like,29484,0.003934337267670601,0.04405779405779406,10.537779491133385,0,0
元朝,762007,飲食須知,飲食須知/卷2,飲食須知,2,scrape_output\raw\元朝\飲食須知\飲食須知__juan_02.txt,scrape_output\clean\元朝\飲食須知\飲食須知__juan_02.txt,2695,2651,0,separate,0.07631257631257632,wenyan-like,29484,0.003934337267670601,0.04405779405779406,10.537779491133385,0,0
元朝,762007,飲食須知,飲食須知/卷3,飲食須知,3,scrape_output\raw\元朝\飲食須知\飲食須知__juan_03.txt,scrape_output\clean\元朝\飲食須知\飲食須知__juan_03.txt,5178,5134,0,separate,0.07631257631257632,wenyan-like,29484,0.003934337267670601,0.04405779405779406,10.537779491133385,0,0
元朝,762007,飲食須知,飲食須知/卷4,飲食須知,4,scrape_output\raw\元朝\飲食須知\飲食須知__juan_04.txt,scrape_output\clean\元朝\飲食須知\飲食須知__juan_04.txt,4548,4502,0,separate,0.07631257631257632,wenyan-like,29484,0.003934337267670601,0.04405779405779406,10.537779491133385,0,0
元朝,762007,飲食須知,飲食須知/卷5,飲食須知,5,scrape_output\raw\元朝\飲食須知\飲食須知__juan_05.txt,scrape_output\clean\元朝\飲食須知\飲食須知__juan_05.txt,2810,2754,0,separate,0.07631257631257632,wenyan-like,29484,0.003934337267670601,0.04405779405779406,10.537779491133385,0,0
元朝,762007,飲食須知,飲食須知/卷6,飲食須知,6,scrape_output\raw\元朝\飲食須知\飲食須知__juan_06.txt,scrape_output\clean\元朝\飲食須知\飲食須知__juan_06.txt,4856,4793,0,separate,0.07631257631257632,wenyan-like,29484,0.003934337267670601,0.04405779405779406,10.537779491133385,0,0
元朝,762007,飲食須知,飲食須知/卷7,飲食須知,7,scrape_output\raw\元朝\飲食須知\飲食須知__juan_07.txt,scrape_output\clean\元朝\飲食須知\飲食須知__juan_07.txt,2190,2142,0,separate,0.07631257631257632,wenyan-like,29484,0.003934337267670601,0.04405779405779406,10.537779491133385,0,0
元朝,762007,飲食須知,飲食須知/卷8,飲食須知,8,scrape_output\raw\元朝\飲食須知\飲食須知__juan_08.txt,scrape_output\clean\元朝\飲食須知\飲食須知__juan_08.txt,5975,5912,0,separate,0.07631257631257632,wenyan-like,29484,0.003934337267670601,0.04405779405779406,10.537779491133385,0,0
元朝,762007,飲食須知,飲食須知/序,飲食須知,9,scrape_output\raw\元朝\飲食須知\飲食須知__juan_09.txt,scrape_output\clean\元朝\飲食須知\飲食須知__juan_09.txt,188,144,0,separate,0.07631257631257632,wenyan-like,29484,0.003934337267670601,0.04405779405779406,10.537779491133385,0,0
元朝,885773,飲鳯凰山醉仙洞有歌稼軒鄭國正應求死鼠葉公元不好真龍瑞鷓鴣者因為賦此,飲鳯凰山醉仙洞有歌稼軒鄭國正應求死鼠葉公元不好真龍瑞鷓鴣者因為賦此,飲鳯凰山醉仙洞有歌稼軒鄭國正應求死鼠葉公元不好真龍瑞鷓鴣者因為賦此,1,scrape_output\raw\元朝\飲鳯凰山醉仙洞有歌稼軒鄭國正應求死鼠葉公元不好真龍瑞鷓鴣者因為賦此\飲鳯凰山醉仙洞有歌稼軒鄭國正應求死鼠葉公元不好真龍瑞鷓鴣者因為賦此__juan_01.txt,scrape_output\clean\元朝\飲鳯凰山醉仙洞有歌稼軒鄭國正應求死鼠葉公元不好真龍瑞鷓鴣者因為賦此\飲鳯凰山醉仙洞有歌稼軒鄭國正應求死鼠葉公元不好真龍瑞鷓鴣者因為賦此__juan_01.txt,149,105,0,separate,-0.04210526315789474,unknown,95,0.021052631578947368,0.010526315789473684,12.857142857142858,0,1
元朝,765438,養浩齋志,養浩齋志,養浩齋志,1,scrape_output\raw\元朝\養浩齋志\養浩齋志__juan_01.txt,scrape_output\clean\元朝\養浩齋志\養浩齋志__juan_01.txt,623,579,0,separate,0.4424693520140105,wenyan-like,571,0.02276707530647986,0.18038528896672504,23.956521739130434,0,0
元朝,886694,香迷蛺蝶圖,香迷蛺蝶圖,香迷蛺蝶圖,1,scrape_output\raw\元朝\香迷蛺蝶圖\香迷蛺蝶圖__juan_01.txt,scrape_output\clean\元朝\香迷蛺蝶圖\香迷蛺蝶圖__juan_01.txt,113,69,0,separate,-0.1111111111111111,unknown,63,0.047619047619047616,0.015873015873015872,12.0,0,1
元朝,1179430,馬上 (薩都剌),馬上 (薩都剌),馬上 (薩都剌),1,scrape_output\raw\元朝\馬上 (薩都剌)\馬上 (薩都剌)__juan_01.txt,scrape_output\clean\元朝\馬上 (薩都剌)\馬上 (薩都剌)__juan_01.txt,149,105,0,separate,0.042105263157894736,unknown,95,0.0,0.021052631578947368,12.857142857142858,0,1
元朝,885771,馬上偶得,馬上偶得,馬上偶得,1,scrape_output\raw\元朝\馬上偶得\馬上偶得__juan_01.txt,scrape_output\clean\元朝\馬上偶得\馬上偶得__juan_01.txt,158,112,0,separate,0.02,unknown,100,0.0,0.01,10.555555555555555,0,1
元朝,886351,馬上偶得 (誰念天涯久倦遊),馬上偶得 (誰念天涯久倦遊),馬上偶得 (誰念天涯久倦遊),1,scrape_output\raw\元朝\馬上偶得 (誰念天涯久倦遊)\馬上偶得 (誰念天涯久倦遊)__juan_01.txt,scrape_output\clean\元朝\馬上偶得 (誰念天涯久倦遊)\馬上偶得 (誰念天涯久倦遊)__juan_01.txt,113,69,0,separate,0.031746031746031744,unknown,63,0.0,0.015873015873015872,12.0,0,1
元朝,766478,馬頭曲 (王掖),馬頭曲 (王掖),馬頭曲 (王掖),1,scrape_output\raw\元朝\馬頭曲 (王掖)\馬頭曲 (王掖)__juan_01.txt,scrape_output\clean\元朝\馬頭曲 (王掖)\馬頭曲 (王掖)__juan_01.txt,133,89,0,separate,0.05063291139240506,unknown,79,0.0,0.02531645569620253,10.571428571428571,0,1
元朝,766479,馬頭曲 (王攝),馬頭曲 (王攝),馬頭曲 (王攝),1,scrape_output\raw\元朝\馬頭曲 (王攝)\馬頭曲 (王攝)__juan_01.txt,scrape_output\clean\元朝\馬頭曲 (王攝)\馬頭曲 (王攝)__juan_01.txt,105,61,0,separate,-0.01818181818181818,unknown,55,0.01818181818181818,0.01818181818181818,10.4,0,1
元朝,886596,駞蹏羮,駞蹏羮,駞蹏羮,1,scrape_output\raw\元朝\駞蹏羮\駞蹏羮__juan_01.txt,scrape_output\clean\元朝\駞蹏羮\駞蹏羮__juan_01.txt,160,116,0,separate,0.027777777777777776,unknown,108,0.009259259259259259,0.027777777777777776,14.714285714285714,0,1
元朝,886597,駞鹿脣,駞鹿脣,駞鹿脣,1,scrape_output\raw\元朝\駞鹿脣\駞鹿脣__juan_01.txt,scrape_output\clean\元朝\駞鹿脣\駞鹿脣__juan_01.txt,181,137,0,separate,0.08,unknown,125,0.016,0.064,11.9,0,1
元朝,884693,騎吹曲辭九首,騎吹曲辭九首·其一 金奏,騎吹曲辭九首,1,scrape_output\raw\元朝\騎吹曲辭九首\騎吹曲辭九首__juan_01.txt,scrape_output\clean\元朝\騎吹曲辭九首\騎吹曲辭九首__juan_01.txt,154,110,0,separate,0.06844547563805103,wenyan-like,862,0.0034802784222737818,0.03944315545243619,10.175,0,0
元朝,884693,騎吹曲辭九首,騎吹曲辭九首·其七 鳯林闗,騎吹曲辭九首,2,scrape_output\raw\元朝\騎吹曲辭九首\騎吹曲辭九首__juan_02.txt,scrape_output\clean\元朝\騎吹曲辭九首\騎吹曲辭九首__juan_02.txt,113,69,0,separate,0.06844547563805103,wenyan-like,862,0.0034802784222737818,0.03944315545243619,10.175,0,0
元朝,884693,騎吹曲辭九首,騎吹曲辭九首·其三 白霞,騎吹曲辭九首,3,scrape_output\raw\元朝\騎吹曲辭九首\騎吹曲辭九首__juan_03.txt,scrape_output\clean\元朝\騎吹曲辭九首\騎吹曲辭九首__juan_03.txt,126,80,0,separate,0.06844547563805103,wenyan-like,862,0.0034802784222737818,0.03944315545243619,10.175,0,0
元朝,884693,騎吹曲辭九首,騎吹曲辭九首·其九 軍容,騎吹曲辭九首,4,scrape_output\raw\元朝\騎吹曲辭九首\騎吹曲辭九首__juan_04.txt,scrape_output\clean\元朝\騎吹曲辭九首\騎吹曲辭九首__juan_04.txt,161,117,0,separate,0.06844547563805103,wenyan-like,862,0.0034802784222737818,0.03944315545243619,10.175,0,0
元朝,884693,騎吹曲辭九首,騎吹曲辭九首·其二 玉音,騎吹曲辭九首,5,scrape_output\raw\元朝\騎吹曲辭九首\騎吹曲辭九首__juan_05.txt,scrape_output\clean\元朝\騎吹曲辭九首\騎吹曲辭九首__juan_05.txt,113,69,0,separate,0.06844547563805103,wenyan-like,862,0.0034802784222737818,0.03944315545243619,10.175,0,0
元朝,884693,騎吹曲辭九首,騎吹曲辭九首·其五 塞門,騎吹曲辭九首,6,scrape_output\raw\元朝\騎吹曲辭九首\騎吹曲辭九首__juan_06.txt,scrape_output\clean\元朝\騎吹曲辭九首\騎吹曲辭九首__juan_06.txt,113,69,0,separate,0.06844547563805103,wenyan-like,862,0.0034802784222737818,0.03944315545243619,10.175,0,0
元朝,884693,騎吹曲辭九首,騎吹曲辭九首·其八 司約,騎吹曲辭九首,7,scrape_output\raw\元朝\騎吹曲辭九首\騎吹曲辭九首__juan_07.txt,scrape_output\clean\元朝\騎吹曲辭九首\騎吹曲辭九首__juan_07.txt,237,193,0,separate,0.06844547563805103,wenyan-like,862,0.0034802784222737818,0.03944315545243619,10.175,0,0
元朝,884693,騎吹曲辭九首,騎吹曲辭九首·其六 受降山,騎吹曲辭九首,8,scrape_output\raw\元朝\騎吹曲辭九首\騎吹曲辭九首__juan_08.txt,scrape_output\clean\元朝\騎吹曲辭九首\騎吹曲辭九首__juan_08.txt,201,157,0,separate,0.06844547563805103,wenyan-like,862,0.0034802784222737818,0.03944315545243619,10.175,0,0
元朝,884693,騎吹曲辭九首,騎吹曲辭九首·其四 昡靁,騎吹曲辭九首,9,scrape_output\raw\元朝\騎吹曲辭九首\騎吹曲辭九首__juan_09.txt,scrape_output\clean\元朝\騎吹曲辭九首\騎吹曲辭九首__juan_09.txt,113,69,0,separate,0.06844547563805103,wenyan-like,862,0.0034802784222737818,0.03944315545243619,10.175,0,0
元朝,349709,驀山溪,驀山溪·遣悶，至正丙申作,驀山溪,1,scrape_output\raw\元朝\驀山溪\驀山溪__juan_01.txt,scrape_output\clean\元朝\驀山溪\驀山溪__juan_01.txt,639,151,0,separate,-0.03759398496240601,unknown,133,0.03759398496240601,0.03759398496240601,11.272727272727273,0,1
元朝,758619,高上玉皇本行經髓,高上玉皇本行經髓,高上玉皇本行經髓,1,scrape_output\raw\元朝\高上玉皇本行經髓\高上玉皇本行經髓__juan_01.txt,scrape_output\clean\元朝\高上玉皇本行經髓\高上玉皇本行經髓__juan_01.txt,2676,2632,0,separate,0.1951388888888889,wenyan-like,2592,0.011188271604938271,0.03935185185185185,22.636363636363637,0,0
元朝,1179618,高堂劉侯定齋野友亭,高堂劉侯定齋野友亭,高堂劉侯定齋野友亭,1,scrape_output\raw\元朝\高堂劉侯定齋野友亭\高堂劉侯定齋野友亭__juan_01.txt,scrape_output\clean\元朝\高堂劉侯定齋野友亭\高堂劉侯定齋野友亭__juan_01.txt,221,177,0,separate,0.0062893081761006275,unknown,159,0.006289308176100629,0.012578616352201259,13.636363636363637,0,1
元朝,1179436,高郵城樓曉望,高郵城樓曉望,高郵城樓曉望,1,scrape_output\raw\元朝\高郵城樓曉望\高郵城樓曉望__juan_01.txt,scrape_output\clean\元朝\高郵城樓曉望\高郵城樓曉望__juan_01.txt,149,105,0,separate,0.031578947368421054,unknown,95,0.010526315789473684,0.031578947368421054,12.857142857142858,0,1
元朝,886215,髙城曲,髙城曲,髙城曲,1,scrape_output\raw\元朝\髙城曲\髙城曲__juan_01.txt,scrape_output\clean\元朝\髙城曲\髙城曲__juan_01.txt,105,61,0,separate,0.03636363636363636,unknown,55,0.0,0.01818181818181818,10.4,0,1
元朝,886386,魏焦孝然目其草廬曰蝸牛廬愚以行帳為行窩尋亦號為蝸牛舍云,魏焦孝然目其草廬曰蝸牛廬愚以行帳為行窩尋亦號為蝸牛舍云,魏焦孝然目其草廬曰蝸牛廬愚以行帳為行窩尋亦號為蝸牛舍云,1,scrape_output\raw\元朝\魏焦孝然目其草廬曰蝸牛廬愚以行帳為行窩尋亦號為蝸牛舍云\魏焦孝然目其草廬曰蝸牛廬愚以行帳為行窩尋亦號為蝸牛舍云__juan_01.txt,scrape_output\clean\元朝\魏焦孝然目其草廬曰蝸牛廬愚以行帳為行窩尋亦號為蝸牛舍云\魏焦孝然目其草廬曰蝸牛廬愚以行帳為行窩尋亦號為蝸牛舍云__juan_01.txt,188,144,0,separate,0.05384615384615385,unknown,130,0.007692307692307693,0.038461538461538464,11.181818181818182,0,1
元朝,765191,魚浦新橋記,魚浦新橋記,魚浦新橋記,1,scrape_output\raw\元朝\魚浦新橋記\魚浦新橋記__juan_01.txt,scrape_output\clean\元朝\魚浦新橋記\魚浦新橋記__juan_01.txt,760,716,0,separate,0.3145390070921986,wenyan-like,705,0.011347517730496455,0.09929078014184398,16.775,0,0
元朝,886490,鮒魚辭,鮒魚辭,鮒魚辭,1,scrape_output\raw\元朝\鮒魚辭\鮒魚辭__juan_01.txt,scrape_output\clean\元朝\鮒魚辭\鮒魚辭__juan_01.txt,125,79,0,separate,0.014084507042253523,unknown,71,0.014084507042253521,0.028169014084507043,9.714285714285714,0,1
元朝,886063,鳯凰山别業寄潤甫儒醫尤嫺於攝生,鳯凰山别業寄潤甫儒醫尤嫺於攝生,鳯凰山别業寄潤甫儒醫尤嫺於攝生,1,scrape_output\raw\元朝\鳯凰山别業寄潤甫儒醫尤嫺於攝生\鳯凰山别業寄潤甫儒醫尤嫺於攝生__juan_01.txt,scrape_output\clean\元朝\鳯凰山别業寄潤甫儒醫尤嫺於攝生\鳯凰山别業寄潤甫儒醫尤嫺於攝生__juan_01.txt,149,105,0,separate,0.06315789473684211,unknown,95,0.0,0.031578947368421054,12.857142857142858,0,1
元朝,1179243,鳳凰臺望祭進士鄭復初錄事,鳳凰臺望祭進士鄭復初錄事,鳳凰臺望祭進士鄭復初錄事,1,scrape_output\raw\元朝\鳳凰臺望祭進士鄭復初錄事\鳳凰臺望祭進士鄭復初錄事__juan_01.txt,scrape_output\clean\元朝\鳳凰臺望祭進士鄭復初錄事\鳳凰臺望祭進士鄭復初錄事__juan_01.txt,133,89,0,separate,0.05063291139240506,unknown,79,0.0,0.02531645569620253,10.571428571428571,0,1
元朝,346391,鳴鶴餘音,鳴鶴餘音,鳴鶴餘音,1,scrape_output\raw\元朝\鳴鶴餘音\鳴鶴餘音__juan_01.txt,scrape_output\clean\元朝\鳴鶴餘音\鳴鶴餘音__juan_01.txt,158,114,0,separate,0.2127659574468085,unknown,94,0.0,0.10638297872340426,7.75,0,1
元朝,195704,鳶魚飛躍論,鳶魚飛躍論,鳶魚飛躍論,1,scrape_output\raw\元朝\鳶魚飛躍論\鳶魚飛躍論__juan_01.txt,scrape_output\clean\元朝\鳶魚飛躍論\鳶魚飛躍論__juan_01.txt,508,416,0,separate,0.4394230769230769,wenyan-like,416,0.057692307692307696,0.15625,25.0,0,0
元朝,886743,鵲橋仙 (耶律鑄),鵲橋仙 (耶律鑄),鵲橋仙 (耶律鑄),1,scrape_output\raw\元朝\鵲橋仙 (耶律鑄)\鵲橋仙 (耶律鑄)__juan_01.txt,scrape_output\clean\元朝\鵲橋仙 (耶律鑄)\鵲橋仙 (耶律鑄)__juan_01.txt,185,141,0,separate,-0.007874015748031496,unknown,127,0.007874015748031496,0.007874015748031496,9.153846153846153,0,1
元朝,1179563,鶴林僧送竹笋,鶴林僧送竹笋,鶴林僧送竹笋,1,scrape_output\raw\元朝\鶴林僧送竹笋\鶴林僧送竹笋__juan_01.txt,scrape_output\clean\元朝\鶴林僧送竹笋\鶴林僧送竹笋__juan_01.txt,149,105,0,separate,0.021052631578947368,unknown,95,0.0,0.010526315789473684,12.857142857142858,0,1
元朝,317478,鷓鴣 (楊弘道),鷓鴣 (楊弘道),鷓鴣 (楊弘道),1,scrape_output\raw\元朝\鷓鴣 (楊弘道)\鷓鴣 (楊弘道)__juan_01.txt,scrape_output\clean\元朝\鷓鴣 (楊弘道)\鷓鴣 (楊弘道)__juan_01.txt,671,627,0,separate,0.01967799642218247,wenyan-like,559,0.005366726296958855,0.017889087656529516,14.583333333333334,0,0
元朝,1179572,鸚鵡曲題楊妃綉枕,鸚鵡曲題楊妃綉枕,鸚鵡曲題楊妃綉枕,1,scrape_output\raw\元朝\鸚鵡曲題楊妃綉枕\鸚鵡曲題楊妃綉枕__juan_01.txt,scrape_output\clean\元朝\鸚鵡曲題楊妃綉枕\鸚鵡曲題楊妃綉枕__juan_01.txt,369,325,0,separate,0.01718213058419244,wenyan-like,291,0.003436426116838488,0.013745704467353952,14.421052631578947,0,0
元朝,764957,鹿皮子文集序,鹿皮子文集序,鹿皮子文集序,1,scrape_output\raw\元朝\鹿皮子文集序\鹿皮子文集序__juan_01.txt,scrape_output\clean\元朝\鹿皮子文集序\鹿皮子文集序__juan_01.txt,731,687,0,separate,0.5385185185185185,wenyan-like,675,0.01037037037037037,0.1348148148148148,27.208333333333332,0,0
元朝,886595,麆沆,麆沆,麆沆,1,scrape_output\raw\元朝\麆沆\麆沆__juan_01.txt,scrape_output\clean\元朝\麆沆\麆沆__juan_01.txt,362,317,0,separate,0.06622516556291391,wenyan-like,302,0.0,0.033112582781456956,11.32,0,0
元朝,1179392,黃亭驛晃起,黃亭驛晃起,黃亭驛晃起,1,scrape_output\raw\元朝\黃亭驛晃起\黃亭驛晃起__juan_01.txt,scrape_output\clean\元朝\黃亭驛晃起\黃亭驛晃起__juan_01.txt,113,69,0,separate,0.031746031746031744,unknown,63,0.0,0.015873015873015872,12.0,0,1
元朝,1179424,黃河夜月,黃河夜月,黃河夜月,1,scrape_output\raw\元朝\黃河夜月\黃河夜月__juan_01.txt,scrape_output\clean\元朝\黃河夜月\黃河夜月__juan_01.txt,113,69,0,separate,0.031746031746031744,unknown,63,0.0,0.015873015873015872,12.0,0,1
元朝,1179381,黃河舟中月夜,黃河舟中月夜,黃河舟中月夜,1,scrape_output\raw\元朝\黃河舟中月夜\黃河舟中月夜__juan_01.txt,scrape_output\clean\元朝\黃河舟中月夜\黃河舟中月夜__juan_01.txt,113,69,0,separate,0.031746031746031744,unknown,63,0.0,0.015873015873015872,12.0,0,1
元朝,768900,黃牛山,黃牛山,黃牛山,1,scrape_output\raw\元朝\黃牛山\黃牛山__juan_01.txt,scrape_output\clean\元朝\黃牛山\黃牛山__juan_01.txt,133,89,0,separate,0.02531645569620253,unknown,79,0.0,0.012658227848101266,10.571428571428571,0,1
元朝,876605,黃華傳,黃華傳,黃華傳,1,scrape_output\raw\元朝\黃華傳\黃華傳__juan_01.txt,scrape_output\clean\元朝\黃華傳\黃華傳__juan_01.txt,955,911,0,separate,0.445534729878721,wenyan-like,907,0.006615214994487321,0.08269018743109151,226.25,0,0
元朝,1179660,黯淡灘歌,黯淡灘歌,黯淡灘歌,1,scrape_output\raw\元朝\黯淡灘歌\黯淡灘歌__juan_01.txt,scrape_output\clean\元朝\黯淡灘歌\黯淡灘歌__juan_01.txt,367,323,0,separate,0.06920415224913495,wenyan-like,289,0.006920415224913495,0.04498269896193772,14.31578947368421,0,0
元朝,1179593,鼎湖哀,鼎湖哀,鼎湖哀,1,scrape_output\raw\元朝\鼎湖哀\鼎湖哀__juan_01.txt,scrape_output\clean\元朝\鼎湖哀\鼎湖哀__juan_01.txt,329,285,0,separate,0.011764705882352941,wenyan-like,255,0.011764705882352941,0.023529411764705882,14.117647058823529,0,0
元朝,195712,齊安河南三書院訓士約,齊安河南三書院訓士約,齊安河南三書院訓士約,1,scrape_output\raw\元朝\齊安河南三書院訓士約\齊安河南三書院訓士約__juan_01.txt,scrape_output\clean\元朝\齊安河南三書院訓士約\齊安河南三書院訓士約__juan_01.txt,1012,920,0,separate,0.3262114537444934,wenyan-like,908,0.004405286343612335,0.0947136563876652,20.11627906976744,0,0
元朝,59127,齊東野語,齊東野語/卷一,齊東野語,1,scrape_output\raw\元朝\齊東野語\齊東野語__juan_01.txt,scrape_output\clean\元朝\齊東野語\齊東野語__juan_01.txt,8395,8381,0,separate,0.40836599958737363,wenyan-like,155104,0.009000412626366824,0.06768361873323706,27.169852145690587,0,0
元朝,59127,齊東野語,齊東野語/卷二,齊東野語,2,scrape_output\raw\元朝\齊東野語\齊東野語__juan_02.txt,scrape_output\clean\元朝\齊東野語\齊東野語__juan_02.txt,6974,6973,0,separate,0.40836599958737363,wenyan-like,155104,0.009000412626366824,0.06768361873323706,27.169852145690587,0,0
元朝,59127,齊東野語,齊東野語/卷三,齊東野語,3,scrape_output\raw\元朝\齊東野語\齊東野語__juan_03.txt,scrape_output\clean\元朝\齊東野語\齊東野語__juan_03.txt,8287,8287,0,separate,0.40836599958737363,wenyan-like,155104,0.009000412626366824,0.06768361873323706,27.169852145690587,0,0
元朝,59127,齊東野語,齊東野語/卷四,齊東野語,4,scrape_output\raw\元朝\齊東野語\齊東野語__juan_04.txt,scrape_output\clean\元朝\齊東野語\齊東野語__juan_04.txt,8100,8090,0,separate,0.40836599958737363,wenyan-like,155104,0.009000412626366824,0.06768361873323706,27.169852145690587,0,0
元朝,59127,齊東野語,齊東野語/卷五,齊東野語,5,scrape_output\raw\元朝\齊東野語\齊東野語__juan_05.txt,scrape_output\clean\元朝\齊東野語\齊東野語__juan_05.txt,7675,7658,0,separate,0.40836599958737363,wenyan-like,155104,0.009000412626366824,0.06768361873323706,27.169852145690587,0,0
元朝,59127,齊東野語,齊東野語/卷六,齊東野語,6,scrape_output\raw\元朝\齊東野語\齊東野語__juan_06.txt,scrape_output\clean\元朝\齊東野語\齊東野語__juan_06.txt,6814,6765,0,separate,0.40836599958737363,wenyan-like,155104,0.009000412626366824,0.06768361873323706,27.169852145690587,0,0
元朝,59127,齊東野語,齊東野語/卷七,齊東野語,7,scrape_output\raw\元朝\齊東野語\齊東野語__juan_07.txt,scrape_output\clean\元朝\齊東野語\齊東野語__juan_07.txt,7843,7829,0,separate,0.40836599958737363,wenyan-like,155104,0.009000412626366824,0.06768361873323706,27.169852145690587,0,0
元朝,59127,齊東野語,齊東野語/卷八,齊東野語,8,scrape_output\raw\元朝\齊東野語\齊東野語__juan_08.txt,scrape_output\clean\元朝\齊東野語\齊東野語__juan_08.txt,7292,7279,0,separate,0.40836599958737363,wenyan-like,155104,0.009000412626366824,0.06768361873323706,27.169852145690587,0,0
元朝,59127,齊東野語,齊東野語/卷九,齊東野語,9,scrape_output\raw\元朝\齊東野語\齊東野語__juan_09.txt,scrape_output\clean\元朝\齊東野語\齊東野語__juan_09.txt,8046,8023,0,separate,0.40836599958737363,wenyan-like,155104,0.009000412626366824,0.06768361873323706,27.169852145690587,0,0
元朝,59127,齊東野語,齊東野語/卷十,齊東野語,10,scrape_output\raw\元朝\齊東野語\齊東野語__juan_10.txt,scrape_output\clean\元朝\齊東野語\齊東野語__juan_10.txt,7909,7886,0,separate,0.40836599958737363,wenyan-like,155104,0.009000412626366824,0.06768361873323706,27.169852145690587,0,0
元朝,59127,齊東野語,齊東野語/卷十一,齊東野語,11,scrape_output\raw\元朝\齊東野語\齊東野語__juan_11.txt,scrape_output\clean\元朝\齊東野語\齊東野語__juan_11.txt,7724,7719,0,separate,0.40836599958737363,wenyan-like,155104,0.009000412626366824,0.06768361873323706,27.169852145690587,0,0
元朝,59127,齊東野語,齊東野語/卷十二,齊東野語,12,scrape_output\raw\元朝\齊東野語\齊東野語__juan_12.txt,scrape_output\clean\元朝\齊東野語\齊東野語__juan_12.txt,8085,8075,0,separate,0.40836599958737363,wenyan-like,155104,0.009000412626366824,0.06768361873323706,27.169852145690587,0,0
元朝,59127,齊東野語,齊東野語/卷十三,齊東野語,13,scrape_output\raw\元朝\齊東野語\齊東野語__juan_13.txt,scrape_output\clean\元朝\齊東野語\齊東野語__juan_13.txt,8267,8263,0,separate,0.40836599958737363,wenyan-like,155104,0.009000412626366824,0.06768361873323706,27.169852145690587,0,0
元朝,59127,齊東野語,齊東野語/卷十四,齊東野語,14,scrape_output\raw\元朝\齊東野語\齊東野語__juan_14.txt,scrape_output\clean\元朝\齊東野語\齊東野語__juan_14.txt,8331,8323,0,separate,0.40836599958737363,wenyan-like,155104,0.009000412626366824,0.06768361873323706,27.169852145690587,0,0
元朝,59127,齊東野語,齊東野語/卷十五,齊東野語,15,scrape_output\raw\元朝\齊東野語\齊東野語__juan_15.txt,scrape_output\clean\元朝\齊東野語\齊東野語__juan_15.txt,8142,8141,0,separate,0.40836599958737363,wenyan-like,155104,0.009000412626366824,0.06768361873323706,27.169852145690587,0,0
元朝,59127,齊東野語,齊東野語/卷十六,齊東野語,16,scrape_output\raw\元朝\齊東野語\齊東野語__juan_16.txt,scrape_output\clean\元朝\齊東野語\齊東野語__juan_16.txt,8101,8079,0,separate,0.40836599958737363,wenyan-like,155104,0.009000412626366824,0.06768361873323706,27.169852145690587,0,0
元朝,59127,齊東野語,齊東野語/卷十七,齊東野語,17,scrape_output\raw\元朝\齊東野語\齊東野語__juan_17.txt,scrape_output\clean\元朝\齊東野語\齊東野語__juan_17.txt,7939,7916,0,separate,0.40836599958737363,wenyan-like,155104,0.009000412626366824,0.06768361873323706,27.169852145690587,0,0
元朝,59127,齊東野語,齊東野語/卷十八,齊東野語,18,scrape_output\raw\元朝\齊東野語\齊東野語__juan_18.txt,scrape_output\clean\元朝\齊東野語\齊東野語__juan_18.txt,8174,8145,0,separate,0.40836599958737363,wenyan-like,155104,0.009000412626366824,0.06768361873323706,27.169852145690587,0,0
元朝,59127,齊東野語,齊東野語/卷十九,齊東野語,19,scrape_output\raw\元朝\齊東野語\齊東野語__juan_19.txt,scrape_output\clean\元朝\齊東野語\齊東野語__juan_19.txt,7815,7793,0,separate,0.40836599958737363,wenyan-like,155104,0.009000412626366824,0.06768361873323706,27.169852145690587,0,0
元朝,59127,齊東野語,齊東野語/卷二十,齊東野語,20,scrape_output\raw\元朝\齊東野語\齊東野語__juan_20.txt,scrape_output\clean\元朝\齊東野語\齊東野語__juan_20.txt,8237,8198,0,separate,0.40836599958737363,wenyan-like,155104,0.009000412626366824,0.06768361873323706,27.169852145690587,0,0
元朝,1046411,齊東野語序 (戴表元),齊東野語序 (戴表元),齊東野語序 (戴表元),1,scrape_output\raw\元朝\齊東野語序 (戴表元)\齊東野語序 (戴表元)__juan_01.txt,scrape_output\clean\元朝\齊東野語序 (戴表元)\齊東野語序 (戴表元)__juan_01.txt,620,576,0,separate,0.44122807017543864,wenyan-like,570,0.0,0.1456140350877193,23.956521739130434,0,0
元朝,765014,齊稿序,齊稿序,齊稿序,1,scrape_output\raw\元朝\齊稿序\齊稿序__juan_01.txt,scrape_output\clean\元朝\齊稿序\齊稿序__juan_01.txt,398,352,0,separate,0.41470588235294115,wenyan-like,340,0.0058823529411764705,0.1411764705882353,20.5,0,0
元朝,768903,齷齪,齷齪,齷齪,1,scrape_output\raw\元朝\齷齪\齷齪__juan_01.txt,scrape_output\clean\元朝\齷齪\齷齪__juan_01.txt,133,89,0,separate,-0.012658227848101267,unknown,79,0.012658227848101266,0.012658227848101266,10.571428571428571,0,1
元朝,882248,龍和宮賦并序,龍和宮賦并序,龍和宮賦并序,1,scrape_output\raw\元朝\龍和宮賦并序\龍和宮賦并序__juan_01.txt,scrape_output\clean\元朝\龍和宮賦并序\龍和宮賦并序__juan_01.txt,2967,2442,0,separate,0.4735256682223165,wenyan-like,2357,0.005515485787017395,0.09503606279168435,28.73170731707317,0,0
元朝,600988,龍江張仲經,龍江張仲經,龍江張仲經,1,scrape_output\raw\元朝\龍江張仲經\龍江張仲經__juan_01.txt,scrape_output\clean\元朝\龍江張仲經\龍江張仲經__juan_01.txt,261,217,0,separate,0.025641025641025633,unknown,195,0.015384615384615385,0.035897435897435895,14.153846153846153,0,1
元朝,1179276,龍潭送侍中田美中攜酒十里雪作,龍潭送侍中田美中攜酒十里雪作,龍潭送侍中田美中攜酒十里雪作,1,scrape_output\raw\元朝\龍潭送侍中田美中攜酒十里雪作\龍潭送侍中田美中攜酒十里雪作__juan_01.txt,scrape_output\clean\元朝\龍潭送侍中田美中攜酒十里雪作\龍潭送侍中田美中攜酒十里雪作__juan_01.txt,133,89,0,separate,0.0759493670886076,unknown,79,0.0,0.0379746835443038,10.571428571428571,0,1
元朝,1132180,龍門建極宮記,龍門建極宮記,龍門建極宮記,1,scrape_output\raw\元朝\龍門建極宮記\龍門建極宮記__juan_01.txt,scrape_output\clean\元朝\龍門建極宮記\龍門建極宮記__juan_01.txt,1062,1016,0,separate,0.3242574257425742,wenyan-like,1010,0.005940594059405941,0.09603960396039604,16.203389830508474,0,0
元朝,766437,龐公攜家圖引為張橘隱題,龐公攜家圖引為張橘隱題,龐公攜家圖引為張橘隱題,1,scrape_output\raw\元朝\龐公攜家圖引為張橘隱題\龐公攜家圖引為張橘隱題__juan_01.txt,scrape_output\clean\元朝\龐公攜家圖引為張橘隱題\龐公攜家圖引為張橘隱題__juan_01.txt,263,219,0,separate,-0.005076142131979697,unknown,197,0.015228426395939087,0.02030456852791878,13.214285714285714,0,1
元朝,159957,龐涓夜走馬陵道,龐涓夜走馬陵道,龐涓夜走馬陵道,1,scrape_output\suspected_baihua\raw\元朝\龐涓夜走馬陵道\龐涓夜走馬陵道__juan_01.txt,scrape_output\suspected_baihua\clean\元朝\龐涓夜走馬陵道\龐涓夜走馬陵道__juan_01.txt,19766,19524,0,separate,-0.04916874932087362,baihua-like,18406,0.04569162229707704,0.043953058785178745,11.11629392971246,0,0
