category,pageid,work_title,page_title,work_folder,juan_index,raw_path,clean_path,char_count_raw,char_count_clean,is_empty_page
宋朝,15854,一剪梅 (李清照),一剪梅 (李清照),一剪梅 (李清照),1,scrape_output\raw\宋朝\一剪梅 (李清照)\一剪梅 (李清照)__juan_01.txt,scrape_output\clean\宋朝\一剪梅 (李清照)\一剪梅 (李清照)__juan_01.txt,196,102,0
宋朝,135181,一品孫鄭昱,一品孫鄭昱,一品孫鄭昱,1,scrape_output\raw\宋朝\一品孫鄭昱\一品孫鄭昱__juan_01.txt,scrape_output\clean\宋朝\一品孫鄭昱\一品孫鄭昱__juan_01.txt,542,419,0
宋朝,891512,七夕 (倪涛),七夕 (倪涛),七夕 (倪涛),1,scrape_output\raw\宋朝\七夕 (倪涛)\七夕 (倪涛)__juan_01.txt,scrape_output\clean\宋朝\七夕 (倪涛)\七夕 (倪涛)__juan_01.txt,35,34,0
宋朝,158917,七夕 (楊樸),七夕 (楊樸),七夕 (楊樸),1,scrape_output\raw\宋朝\七夕 (楊樸)\七夕 (楊樸)__juan_01.txt,scrape_output\clean\宋朝\七夕 (楊樸)\七夕 (楊樸)__juan_01.txt,121,73,0
宋朝,47367,七月二十一日午睡夢泛江風濤甚壯覺而有賦,七月二十一日午睡夢泛江風濤甚壯覺而有賦,七月二十一日午睡夢泛江風濤甚壯覺而有賦,1,scrape_output\raw\宋朝\七月二十一日午睡夢泛江風濤甚壯覺而有賦\七月二十一日午睡夢泛江風濤甚壯覺而有賦__juan_01.txt,scrape_output\clean\宋朝\七月二十一日午睡夢泛江風濤甚壯覺而有賦\七月二十一日午睡夢泛江風濤甚壯覺而有賦__juan_01.txt,113,69,0
宋朝,28215,七絕 (趙佶),七絕 (趙佶),七絕 (趙佶),1,scrape_output\raw\宋朝\七絕 (趙佶)\七絕 (趙佶)__juan_01.txt,scrape_output\clean\宋朝\七絕 (趙佶)\七絕 (趙佶)__juan_01.txt,145,101,0
宋朝,762009,三因極一病證方論,三因極一病證方論/卷一,三因極一病證方論,1,scrape_output\raw\宋朝\三因極一病證方論\三因極一病證方論__juan_01.txt,scrape_output\clean\宋朝\三因極一病證方論\三因極一病證方論__juan_01.txt,10262,10242,0
宋朝,762009,三因極一病證方論,三因極一病證方論/卷二,三因極一病證方論,2,scrape_output\raw\宋朝\三因極一病證方論\三因極一病證方論__juan_02.txt,scrape_output\clean\宋朝\三因極一病證方論\三因極一病證方論__juan_02.txt,6006,5992,0
宋朝,762009,三因極一病證方論,三因極一病證方論/卷三,三因極一病證方論,3,scrape_output\raw\宋朝\三因極一病證方論\三因極一病證方論__juan_03.txt,scrape_output\clean\宋朝\三因極一病證方論\三因極一病證方論__juan_03.txt,0,0,1
宋朝,762009,三因極一病證方論,三因極一病證方論/卷四,三因極一病證方論,4,scrape_output\raw\宋朝\三因極一病證方論\三因極一病證方論__juan_04.txt,scrape_output\clean\宋朝\三因極一病證方論\三因極一病證方論__juan_04.txt,0,0,1
宋朝,762009,三因極一病證方論,三因極一病證方論/卷五,三因極一病證方論,5,scrape_output\raw\宋朝\三因極一病證方論\三因極一病證方論__juan_05.txt,scrape_output\clean\宋朝\三因極一病證方論\三因極一病證方論__juan_05.txt,0,0,1
宋朝,762009,三因極一病證方論,三因極一病證方論/卷六,三因極一病證方論,6,scrape_output\raw\宋朝\三因極一病證方論\三因極一病證方論__juan_06.txt,scrape_output\clean\宋朝\三因極一病證方論\三因極一病證方論__juan_06.txt,0,0,1
宋朝,762009,三因極一病證方論,三因極一病證方論/卷七,三因極一病證方論,7,scrape_output\raw\宋朝\三因極一病證方論\三因極一病證方論__juan_07.txt,scrape_output\clean\宋朝\三因極一病證方論\三因極一病證方論__juan_07.txt,0,0,1
宋朝,762009,三因極一病證方論,三因極一病證方論/卷八,三因極一病證方論,8,scrape_output\raw\宋朝\三因極一病證方論\三因極一病證方論__juan_08.txt,scrape_output\clean\宋朝\三因極一病證方論\三因極一病證方論__juan_08.txt,0,0,1
宋朝,762009,三因極一病證方論,三因極一病證方論/卷九,三因極一病證方論,9,scrape_output\raw\宋朝\三因極一病證方論\三因極一病證方論__juan_09.txt,scrape_output\clean\宋朝\三因極一病證方論\三因極一病證方論__juan_09.txt,0,0,1
宋朝,762009,三因極一病證方論,三因極一病證方論/卷十,三因極一病證方論,10,scrape_output\raw\宋朝\三因極一病證方論\三因極一病證方論__juan_10.txt,scrape_output\clean\宋朝\三因極一病證方論\三因極一病證方論__juan_10.txt,0,0,1
宋朝,762009,三因極一病證方論,三因極一病證方論/卷十一,三因極一病證方論,11,scrape_output\raw\宋朝\三因極一病證方論\三因極一病證方論__juan_11.txt,scrape_output\clean\宋朝\三因極一病證方論\三因極一病證方論__juan_11.txt,0,0,1
宋朝,762009,三因極一病證方論,三因極一病證方論/卷十二,三因極一病證方論,12,scrape_output\raw\宋朝\三因極一病證方論\三因極一病證方論__juan_12.txt,scrape_output\clean\宋朝\三因極一病證方論\三因極一病證方論__juan_12.txt,0,0,1
宋朝,762009,三因極一病證方論,三因極一病證方論/卷十三,三因極一病證方論,13,scrape_output\raw\宋朝\三因極一病證方論\三因極一病證方論__juan_13.txt,scrape_output\clean\宋朝\三因極一病證方論\三因極一病證方論__juan_13.txt,0,0,1
宋朝,762009,三因極一病證方論,三因極一病證方論/卷十四,三因極一病證方論,14,scrape_output\raw\宋朝\三因極一病證方論\三因極一病證方論__juan_14.txt,scrape_output\clean\宋朝\三因極一病證方論\三因極一病證方論__juan_14.txt,0,0,1
宋朝,762009,三因極一病證方論,三因極一病證方論/卷十五,三因極一病證方論,15,scrape_output\raw\宋朝\三因極一病證方論\三因極一病證方論__juan_15.txt,scrape_output\clean\宋朝\三因極一病證方論\三因極一病證方論__juan_15.txt,0,0,1
宋朝,762009,三因極一病證方論,三因極一病證方論/卷十六,三因極一病證方論,16,scrape_output\raw\宋朝\三因極一病證方論\三因極一病證方論__juan_16.txt,scrape_output\clean\宋朝\三因極一病證方論\三因極一病證方論__juan_16.txt,0,0,1
宋朝,762009,三因極一病證方論,三因極一病證方論/卷十七,三因極一病證方論,17,scrape_output\raw\宋朝\三因極一病證方論\三因極一病證方論__juan_17.txt,scrape_output\clean\宋朝\三因極一病證方論\三因極一病證方論__juan_17.txt,0,0,1
宋朝,762009,三因極一病證方論,三因極一病證方論/卷十八,三因極一病證方論,18,scrape_output\raw\宋朝\三因極一病證方論\三因極一病證方論__juan_18.txt,scrape_output\clean\宋朝\三因極一病證方論\三因極一病證方論__juan_18.txt,0,0,1
宋朝,762009,三因極一病證方論,三因極一病證方論/序,三因極一病證方論,19,scrape_output\raw\宋朝\三因極一病證方論\三因極一病證方論__juan_19.txt,scrape_output\clean\宋朝\三因極一病證方論\三因極一病證方論__juan_19.txt,369,369,0
宋朝,32645,三川,三川,三川,1,scrape_output\raw\宋朝\三川\三川__juan_01.txt,scrape_output\clean\宋朝\三川\三川__juan_01.txt,113,69,0
宋朝,59224,三月晦日遊越王臺,三月晦日遊越王臺,三月晦日遊越王臺,1,scrape_output\raw\宋朝\三月晦日遊越王臺\三月晦日遊越王臺__juan_01.txt,scrape_output\clean\宋朝\三月晦日遊越王臺\三月晦日遊越王臺__juan_01.txt,126,34,0
宋朝,765250,三洞群仙錄,三洞群仙錄/1,三洞群仙錄,1,scrape_output\raw\宋朝\三洞群仙錄\三洞群仙錄__juan_01.txt,scrape_output\clean\宋朝\三洞群仙錄\三洞群仙錄__juan_01.txt,8493,8493,0
宋朝,765250,三洞群仙錄,三洞群仙錄/10,三洞群仙錄,2,scrape_output\raw\宋朝\三洞群仙錄\三洞群仙錄__juan_02.txt,scrape_output\clean\宋朝\三洞群仙錄\三洞群仙錄__juan_02.txt,6849,6848,0
宋朝,765250,三洞群仙錄,三洞群仙錄/11,三洞群仙錄,3,scrape_output\raw\宋朝\三洞群仙錄\三洞群仙錄__juan_03.txt,scrape_output\clean\宋朝\三洞群仙錄\三洞群仙錄__juan_03.txt,6944,6943,0
宋朝,765250,三洞群仙錄,三洞群仙錄/12,三洞群仙錄,4,scrape_output\raw\宋朝\三洞群仙錄\三洞群仙錄__juan_04.txt,scrape_output\clean\宋朝\三洞群仙錄\三洞群仙錄__juan_04.txt,7734,7734,0
宋朝,765250,三洞群仙錄,三洞群仙錄/13,三洞群仙錄,5,scrape_output\raw\宋朝\三洞群仙錄\三洞群仙錄__juan_05.txt,scrape_output\clean\宋朝\三洞群仙錄\三洞群仙錄__juan_05.txt,7235,7235,0
宋朝,765250,三洞群仙錄,三洞群仙錄/14,三洞群仙錄,6,scrape_output\raw\宋朝\三洞群仙錄\三洞群仙錄__juan_06.txt,scrape_output\clean\宋朝\三洞群仙錄\三洞群仙錄__juan_06.txt,7777,7774,0
宋朝,765250,三洞群仙錄,三洞群仙錄/15,三洞群仙錄,7,scrape_output\raw\宋朝\三洞群仙錄\三洞群仙錄__juan_07.txt,scrape_output\clean\宋朝\三洞群仙錄\三洞群仙錄__juan_07.txt,4643,4642,0
宋朝,765250,三洞群仙錄,三洞群仙錄/16,三洞群仙錄,8,scrape_output\raw\宋朝\三洞群仙錄\三洞群仙錄__juan_08.txt,scrape_output\clean\宋朝\三洞群仙錄\三洞群仙錄__juan_08.txt,7874,7873,0
宋朝,765250,三洞群仙錄,三洞群仙錄/17,三洞群仙錄,9,scrape_output\raw\宋朝\三洞群仙錄\三洞群仙錄__juan_09.txt,scrape_output\clean\宋朝\三洞群仙錄\三洞群仙錄__juan_09.txt,6537,6536,0
宋朝,765250,三洞群仙錄,三洞群仙錄/18,三洞群仙錄,10,scrape_output\raw\宋朝\三洞群仙錄\三洞群仙錄__juan_10.txt,scrape_output\clean\宋朝\三洞群仙錄\三洞群仙錄__juan_10.txt,7519,7519,0
宋朝,765250,三洞群仙錄,三洞群仙錄/19,三洞群仙錄,11,scrape_output\raw\宋朝\三洞群仙錄\三洞群仙錄__juan_11.txt,scrape_output\clean\宋朝\三洞群仙錄\三洞群仙錄__juan_11.txt,4745,4745,0
宋朝,765250,三洞群仙錄,三洞群仙錄/2,三洞群仙錄,12,scrape_output\raw\宋朝\三洞群仙錄\三洞群仙錄__juan_12.txt,scrape_output\clean\宋朝\三洞群仙錄\三洞群仙錄__juan_12.txt,6799,6798,0
宋朝,765250,三洞群仙錄,三洞群仙錄/20,三洞群仙錄,13,scrape_output\raw\宋朝\三洞群仙錄\三洞群仙錄__juan_13.txt,scrape_output\clean\宋朝\三洞群仙錄\三洞群仙錄__juan_13.txt,5823,5822,0
宋朝,765250,三洞群仙錄,三洞群仙錄/3,三洞群仙錄,14,scrape_output\raw\宋朝\三洞群仙錄\三洞群仙錄__juan_14.txt,scrape_output\clean\宋朝\三洞群仙錄\三洞群仙錄__juan_14.txt,7176,7175,0
宋朝,765250,三洞群仙錄,三洞群仙錄/4,三洞群仙錄,15,scrape_output\raw\宋朝\三洞群仙錄\三洞群仙錄__juan_15.txt,scrape_output\clean\宋朝\三洞群仙錄\三洞群仙錄__juan_15.txt,5746,5742,0
宋朝,765250,三洞群仙錄,三洞群仙錄/5,三洞群仙錄,16,scrape_output\raw\宋朝\三洞群仙錄\三洞群仙錄__juan_16.txt,scrape_output\clean\宋朝\三洞群仙錄\三洞群仙錄__juan_16.txt,6968,6966,0
宋朝,765250,三洞群仙錄,三洞群仙錄/6,三洞群仙錄,17,scrape_output\raw\宋朝\三洞群仙錄\三洞群仙錄__juan_17.txt,scrape_output\clean\宋朝\三洞群仙錄\三洞群仙錄__juan_17.txt,7827,7825,0
宋朝,765250,三洞群仙錄,三洞群仙錄/7,三洞群仙錄,18,scrape_output\raw\宋朝\三洞群仙錄\三洞群仙錄__juan_18.txt,scrape_output\clean\宋朝\三洞群仙錄\三洞群仙錄__juan_18.txt,7915,7914,0
宋朝,765250,三洞群仙錄,三洞群仙錄/8,三洞群仙錄,19,scrape_output\raw\宋朝\三洞群仙錄\三洞群仙錄__juan_19.txt,scrape_output\clean\宋朝\三洞群仙錄\三洞群仙錄__juan_19.txt,7564,7563,0
宋朝,765250,三洞群仙錄,三洞群仙錄/9,三洞群仙錄,20,scrape_output\raw\宋朝\三洞群仙錄\三洞群仙錄__juan_20.txt,scrape_output\clean\宋朝\三洞群仙錄\三洞群仙錄__juan_20.txt,7111,7110,0
宋朝,50828,上巳日午橋石瀨中得雙鱖魚,上巳日午橋石瀨中得雙鱖魚,上巳日午橋石瀨中得雙鱖魚,1,scrape_output\raw\宋朝\上巳日午橋石瀨中得雙鱖魚\上巳日午橋石瀨中得雙鱖魚__juan_01.txt,scrape_output\clean\宋朝\上巳日午橋石瀨中得雙鱖魚\上巳日午橋石瀨中得雙鱖魚__juan_01.txt,133,89,0
宋朝,112757,上樞密韓公工部尚書胡公 (李清照),上樞密韓公工部尚書胡公 (李清照),上樞密韓公工部尚書胡公 (李清照),1,scrape_output\raw\宋朝\上樞密韓公工部尚書胡公 (李清照)\上樞密韓公工部尚書胡公 (李清照)__juan_01.txt,scrape_output\clean\宋朝\上樞密韓公工部尚書胡公 (李清照)\上樞密韓公工部尚書胡公 (李清照)__juan_01.txt,997,876,0
宋朝,163952,上范司諫書,上范司諫書,上范司諫書,1,scrape_output\raw\宋朝\上范司諫書\上范司諫書__juan_01.txt,scrape_output\clean\宋朝\上范司諫書\上范司諫書__juan_01.txt,1846,1525,0
宋朝,56553,上蔡語錄,上蔡語錄/卷一,上蔡語錄,1,scrape_output\raw\宋朝\上蔡語錄\上蔡語錄__juan_01.txt,scrape_output\clean\宋朝\上蔡語錄\上蔡語錄__juan_01.txt,7699,7699,0
宋朝,56553,上蔡語錄,上蔡語錄/卷二,上蔡語錄,2,scrape_output\raw\宋朝\上蔡語錄\上蔡語錄__juan_02.txt,scrape_output\clean\宋朝\上蔡語錄\上蔡語錄__juan_02.txt,6684,6682,0
宋朝,56553,上蔡語錄,上蔡語錄/卷三,上蔡語錄,3,scrape_output\raw\宋朝\上蔡語錄\上蔡語錄__juan_03.txt,scrape_output\clean\宋朝\上蔡語錄\上蔡語錄__juan_03.txt,2049,2049,0
宋朝,29798,下橫嶺望寧極舍,下橫嶺望寧極舍,下橫嶺望寧極舍,1,scrape_output\raw\宋朝\下橫嶺望寧極舍\下橫嶺望寧極舍__juan_01.txt,scrape_output\clean\宋朝\下橫嶺望寧極舍\下橫嶺望寧極舍__juan_01.txt,133,89,0
宋朝,138109,不寐 (范成大),不寐 (范成大),不寐 (范成大),1,scrape_output\raw\宋朝\不寐 (范成大)\不寐 (范成大)__juan_01.txt,scrape_output\clean\宋朝\不寐 (范成大)\不寐 (范成大)__juan_01.txt,316,257,0
宋朝,108150,世範,世範,世範,1,scrape_output\raw\宋朝\世範\世範__juan_01.txt,scrape_output\clean\宋朝\世範\世範__juan_01.txt,31028,30927,0
宋朝,37318,丙子歲三月十有二日遊嵩山宿峻極中院時天氣清朗山月甚明因以陰壑生虛籟月林散清影為韻詩各六句,丙子歲三月十有二日遊嵩山宿峻極中院時天氣清朗山月甚明因以陰壑生虛籟月林散清影為韻詩各六句,丙子歲三月十有二日遊嵩山宿峻極中院時天氣清朗山月甚明因以陰壑生虛籟月林散清影為韻詩各六句,1,scrape_output\raw\宋朝\丙子歲三月十有二日遊嵩山宿峻極中院時天氣清朗山月甚明因以陰壑生虛籟月林散清影為韻詩各六句\丙子歲三月十有二日遊嵩山宿峻極中院時天氣清朗山月甚明因以陰壑生虛籟月林散清影為韻詩各六句__juan_01.txt,scrape_output\clean\宋朝\丙子歲三月十有二日遊嵩山宿峻極中院時天氣清朗山月甚明因以陰壑生虛籟月林散清影為韻詩各六句\丙子歲三月十有二日遊嵩山宿峻極中院時天氣清朗山月甚明因以陰壑生虛籟月林散清影為韻詩各六句__juan_01.txt,526,452,0
宋朝,200448,中和堂木芙蓉盛開戲呈子瞻,中和堂木芙蓉盛開戲呈子瞻,中和堂木芙蓉盛開戲呈子瞻,1,scrape_output\raw\宋朝\中和堂木芙蓉盛開戲呈子瞻\中和堂木芙蓉盛開戲呈子瞻__juan_01.txt,scrape_output\clean\宋朝\中和堂木芙蓉盛開戲呈子瞻\中和堂木芙蓉盛開戲呈子瞻__juan_01.txt,649,34,0
宋朝,29781,中夜,中夜,中夜,1,scrape_output\raw\宋朝\中夜\中夜__juan_01.txt,scrape_output\clean\宋朝\中夜\中夜__juan_01.txt,133,89,0
宋朝,92295,中山詩話,中山詩話,中山詩話,1,scrape_output\raw\宋朝\中山詩話\中山詩話__juan_01.txt,scrape_output\clean\宋朝\中山詩話\中山詩話__juan_01.txt,8703,8698,0
宋朝,179175,中秋前一夕翫月,中秋前一夕翫月,中秋前一夕翫月,1,scrape_output\raw\宋朝\中秋前一夕翫月\中秋前一夕翫月__juan_01.txt,scrape_output\clean\宋朝\中秋前一夕翫月\中秋前一夕翫月__juan_01.txt,133,89,0
宋朝,179174,中秋前兩日別劉彥純彭仲莊於白馬山下,中秋前兩日別劉彥純彭仲莊於白馬山下,中秋前兩日別劉彥純彭仲莊於白馬山下,1,scrape_output\raw\宋朝\中秋前兩日別劉彥純彭仲莊於白馬山下\中秋前兩日別劉彥純彭仲莊於白馬山下__juan_01.txt,scrape_output\clean\宋朝\中秋前兩日別劉彥純彭仲莊於白馬山下\中秋前兩日別劉彥純彭仲莊於白馬山下__juan_01.txt,149,105,0
宋朝,29685,中隠菴次趙德孺韵,中隠菴次趙德孺韵,中隠菴次趙德孺韵,1,scrape_output\raw\宋朝\中隠菴次趙德孺韵\中隠菴次趙德孺韵__juan_01.txt,scrape_output\clean\宋朝\中隠菴次趙德孺韵\中隠菴次趙德孺韵__juan_01.txt,273,229,0
宋朝,136834,串夷,串夷,串夷,1,scrape_output\raw\宋朝\串夷\串夷__juan_01.txt,scrape_output\clean\宋朝\串夷\串夷__juan_01.txt,151,104,0
宋朝,1089381,丹房奧論,丹房奧論,丹房奧論,1,scrape_output\raw\宋朝\丹房奧論\丹房奧論__juan_01.txt,scrape_output\clean\宋朝\丹房奧論\丹房奧論__juan_01.txt,6652,6549,0
宋朝,200969,久旱微雨,久旱微雨,久旱微雨,1,scrape_output\raw\宋朝\久旱微雨\久旱微雨__juan_01.txt,scrape_output\clean\宋朝\久旱微雨\久旱微雨__juan_01.txt,130,38,0
宋朝,37356,九日寄秦覯,九日寄秦覯,九日寄秦覯,1,scrape_output\raw\宋朝\九日寄秦覯\九日寄秦覯__juan_01.txt,scrape_output\clean\宋朝\九日寄秦覯\九日寄秦覯__juan_01.txt,152,105,0
宋朝,35673,九月三日宿胥口始聞雁,九月三日宿胥口始聞雁,九月三日宿胥口始聞雁,1,scrape_output\raw\宋朝\九月三日宿胥口始聞雁\九月三日宿胥口始聞雁__juan_01.txt,scrape_output\clean\宋朝\九月三日宿胥口始聞雁\九月三日宿胥口始聞雁__juan_01.txt,256,201,0
宋朝,200973,九江千歲龜歌贈无咎,九江千歲龜歌贈无咎,九江千歲龜歌贈无咎,1,scrape_output\raw\宋朝\九江千歲龜歌贈无咎\九江千歲龜歌贈无咎__juan_01.txt,scrape_output\clean\宋朝\九江千歲龜歌贈无咎\九江千歲龜歌贈无咎__juan_01.txt,518,422,0
宋朝,200435,乞均排等第出役錢狀,乞均排等第出役錢狀,乞均排等第出役錢狀,1,scrape_output\raw\宋朝\乞均排等第出役錢狀\乞均排等第出役錢狀__juan_01.txt,scrape_output\clean\宋朝\乞均排等第出役錢狀\乞均排等第出役錢狀__juan_01.txt,1390,775,0
宋朝,136831,了語不了語,了語不了語,了語不了語,1,scrape_output\raw\宋朝\了語不了語\了語不了語__juan_01.txt,scrape_output\clean\宋朝\了語不了語\了語不了語__juan_01.txt,152,105,0
宋朝,796176,予既不得葉遂過洛濱醉遊累日,予既不得葉遂過洛濱醉遊累日,予既不得葉遂過洛濱醉遊累日,1,scrape_output\raw\宋朝\予既不得葉遂過洛濱醉遊累日\予既不得葉遂過洛濱醉遊累日__juan_01.txt,scrape_output\clean\宋朝\予既不得葉遂過洛濱醉遊累日\予既不得葉遂過洛濱醉遊累日__juan_01.txt,150,106,0
宋朝,875149,事師法五十頌,事師法五十頌,事師法五十頌,1,scrape_output\raw\宋朝\事師法五十頌\事師法五十頌__juan_01.txt,scrape_output\clean\宋朝\事師法五十頌\事師法五十頌__juan_01.txt,1722,1628,0
宋朝,33953,事林廣記,事林廣記/別集,事林廣記,1,scrape_output\raw\宋朝\事林廣記\事林廣記__juan_01.txt,scrape_output\clean\宋朝\事林廣記\事林廣記__juan_01.txt,6090,5856,0
宋朝,33953,事林廣記,事林廣記/前集,事林廣記,2,scrape_output\raw\宋朝\事林廣記\事林廣記__juan_02.txt,scrape_output\clean\宋朝\事林廣記\事林廣記__juan_02.txt,5899,5753,0
宋朝,33953,事林廣記,事林廣記/前集/繼父諸母服制之圖,事林廣記,3,scrape_output\raw\宋朝\事林廣記\事林廣記__juan_03.txt,scrape_output\clean\宋朝\事林廣記\事林廣記__juan_03.txt,683,476,0
宋朝,33953,事林廣記,事林廣記/後集,事林廣記,4,scrape_output\raw\宋朝\事林廣記\事林廣記__juan_04.txt,scrape_output\clean\宋朝\事林廣記\事林廣記__juan_04.txt,5192,5079,0
宋朝,33953,事林廣記,事林廣記/總目錄,事林廣記,5,scrape_output\raw\宋朝\事林廣記\事林廣記__juan_05.txt,scrape_output\clean\宋朝\事林廣記\事林廣記__juan_05.txt,18470,18196,0
宋朝,33953,事林廣記,事林廣記/續集,事林廣記,6,scrape_output\raw\宋朝\事林廣記\事林廣記__juan_06.txt,scrape_output\clean\宋朝\事林廣記\事林廣記__juan_06.txt,4103,3986,0
宋朝,200107,事物紀原,事物紀原/卷一,事物紀原,1,scrape_output\raw\宋朝\事物紀原\事物紀原__juan_01.txt,scrape_output\clean\宋朝\事物紀原\事物紀原__juan_01.txt,3363,3361,0
宋朝,200107,事物紀原,事物紀原/卷十,事物紀原,2,scrape_output\raw\宋朝\事物紀原\事物紀原__juan_02.txt,scrape_output\clean\宋朝\事物紀原\事物紀原__juan_02.txt,781,778,0
宋朝,35658,二月三日登樓有懷金陵宣城諸友,二月三日登樓有懷金陵宣城諸友,二月三日登樓有懷金陵宣城諸友,1,scrape_output\raw\宋朝\二月三日登樓有懷金陵宣城諸友\二月三日登樓有懷金陵宣城諸友__juan_01.txt,scrape_output\clean\宋朝\二月三日登樓有懷金陵宣城諸友\二月三日登樓有懷金陵宣城諸友__juan_01.txt,152,105,0
宋朝,56550,二程粹言,二程粹言/卷一,二程粹言,1,scrape_output\raw\宋朝\二程粹言\二程粹言__juan_01.txt,scrape_output\clean\宋朝\二程粹言\二程粹言__juan_01.txt,54825,53853,0
宋朝,56550,二程粹言,二程粹言/卷二,二程粹言,2,scrape_output\raw\宋朝\二程粹言\二程粹言__juan_02.txt,scrape_output\clean\宋朝\二程粹言\二程粹言__juan_02.txt,6781,6779,0
宋朝,180705,二老堂詩話,二老堂詩話,二老堂詩話,1,scrape_output\raw\宋朝\二老堂詩話\二老堂詩話__juan_01.txt,scrape_output\clean\宋朝\二老堂詩話\二老堂詩話__juan_01.txt,9595,9548,0
宋朝,55650,二薇亭集,二薇亭集,二薇亭集,1,scrape_output\raw\宋朝\二薇亭集\二薇亭集__juan_01.txt,scrape_output\clean\宋朝\二薇亭集\二薇亭集__juan_01.txt,7516,7346,0
宋朝,56852,五代名畫補遺,五代名畫補遺,五代名畫補遺,1,scrape_output\raw\宋朝\五代名畫補遺\五代名畫補遺__juan_01.txt,scrape_output\clean\宋朝\五代名畫補遺\五代名畫補遺__juan_01.txt,5867,5700,0
宋朝,170515,五嶽祠盟記,五嶽祠盟記,五嶽祠盟記,1,scrape_output\raw\宋朝\五嶽祠盟記\五嶽祠盟記__juan_01.txt,scrape_output\clean\宋朝\五嶽祠盟記\五嶽祠盟記__juan_01.txt,245,201,0
宋朝,31643,五月七日見賣瓠者,五月七日見賣瓠者,五月七日見賣瓠者,1,scrape_output\raw\宋朝\五月七日見賣瓠者\五月七日見賣瓠者__juan_01.txt,scrape_output\clean\宋朝\五月七日見賣瓠者\五月七日見賣瓠者__juan_01.txt,147,103,0
宋朝,1049973,五絕二首 (趙佶),五絕二首 (趙佶),五絕二首 (趙佶),1,scrape_output\raw\宋朝\五絕二首 (趙佶)\五絕二首 (趙佶)__juan_01.txt,scrape_output\clean\宋朝\五絕二首 (趙佶)\五絕二首 (趙佶)__juan_01.txt,131,87,0
宋朝,758543,亶甲集,亶甲集,亶甲集,1,scrape_output\raw\宋朝\亶甲集\亶甲集__juan_01.txt,scrape_output\clean\宋朝\亶甲集\亶甲集__juan_01.txt,2145,2053,0
宋朝,1086949,人天眼目,人天眼目/卷001,人天眼目,1,scrape_output\raw\宋朝\人天眼目\人天眼目__juan_01.txt,scrape_output\clean\宋朝\人天眼目\人天眼目__juan_01.txt,9500,9344,0
宋朝,1086949,人天眼目,人天眼目/卷002,人天眼目,2,scrape_output\raw\宋朝\人天眼目\人天眼目__juan_02.txt,scrape_output\clean\宋朝\人天眼目\人天眼目__juan_02.txt,9712,9622,0
宋朝,1086949,人天眼目,人天眼目/卷003,人天眼目,3,scrape_output\raw\宋朝\人天眼目\人天眼目__juan_03.txt,scrape_output\clean\宋朝\人天眼目\人天眼目__juan_03.txt,11216,10962,0
宋朝,1086949,人天眼目,人天眼目/卷004,人天眼目,4,scrape_output\raw\宋朝\人天眼目\人天眼目__juan_04.txt,scrape_output\clean\宋朝\人天眼目\人天眼目__juan_04.txt,5267,5087,0
宋朝,1086949,人天眼目,人天眼目/卷005,人天眼目,5,scrape_output\raw\宋朝\人天眼目\人天眼目__juan_05.txt,scrape_output\clean\宋朝\人天眼目\人天眼目__juan_05.txt,5863,5735,0
宋朝,1086949,人天眼目,人天眼目/卷006,人天眼目,6,scrape_output\raw\宋朝\人天眼目\人天眼目__juan_06.txt,scrape_output\clean\宋朝\人天眼目\人天眼目__juan_06.txt,9854,9742,0
宋朝,200427,人生天地間,人生天地間,人生天地間,1,scrape_output\raw\宋朝\人生天地間\人生天地間__juan_01.txt,scrape_output\clean\宋朝\人生天地間\人生天地間__juan_01.txt,605,117,0
宋朝,1194789,仁王護國般若波羅蜜經疏神寶記,仁王護國般若波羅蜜經疏神寶記/卷001,仁王護國般若波羅蜜經疏神寶記,1,scrape_output\raw\宋朝\仁王護國般若波羅蜜經疏神寶記\仁王護國般若波羅蜜經疏神寶記__juan_01.txt,scrape_output\clean\宋朝\仁王護國般若波羅蜜經疏神寶記\仁王護國般若波羅蜜經疏神寶記__juan_01.txt,8665,8654,0
宋朝,1194789,仁王護國般若波羅蜜經疏神寶記,仁王護國般若波羅蜜經疏神寶記/卷002,仁王護國般若波羅蜜經疏神寶記,2,scrape_output\raw\宋朝\仁王護國般若波羅蜜經疏神寶記\仁王護國般若波羅蜜經疏神寶記__juan_02.txt,scrape_output\clean\宋朝\仁王護國般若波羅蜜經疏神寶記\仁王護國般若波羅蜜經疏神寶記__juan_02.txt,8534,8528,0
宋朝,1194789,仁王護國般若波羅蜜經疏神寶記,仁王護國般若波羅蜜經疏神寶記/卷003,仁王護國般若波羅蜜經疏神寶記,3,scrape_output\raw\宋朝\仁王護國般若波羅蜜經疏神寶記\仁王護國般若波羅蜜經疏神寶記__juan_03.txt,scrape_output\clean\宋朝\仁王護國般若波羅蜜經疏神寶記\仁王護國般若波羅蜜經疏神寶記__juan_03.txt,15977,15973,0
宋朝,1194789,仁王護國般若波羅蜜經疏神寶記,仁王護國般若波羅蜜經疏神寶記/卷004,仁王護國般若波羅蜜經疏神寶記,4,scrape_output\raw\宋朝\仁王護國般若波羅蜜經疏神寶記\仁王護國般若波羅蜜經疏神寶記__juan_04.txt,scrape_output\clean\宋朝\仁王護國般若波羅蜜經疏神寶記\仁王護國般若波羅蜜經疏神寶記__juan_04.txt,13757,13757,0
宋朝,200433,代修儀婉容等賀明堂禮畢表,代修儀婉容等賀明堂禮畢表,代修儀婉容等賀明堂禮畢表,1,scrape_output\raw\宋朝\代修儀婉容等賀明堂禮畢表\代修儀婉容等賀明堂禮畢表__juan_01.txt,scrape_output\clean\宋朝\代修儀婉容等賀明堂禮畢表\代修儀婉容等賀明堂禮畢表__juan_01.txt,733,118,0
宋朝,200432,代内省宫正以下賀明堂禮畢表,代内省宫正以下賀明堂禮畢表,代内省宫正以下賀明堂禮畢表,1,scrape_output\raw\宋朝\代内省宫正以下賀明堂禮畢表\代内省宫正以下賀明堂禮畢表__juan_01.txt,scrape_output\clean\宋朝\代内省宫正以下賀明堂禮畢表\代内省宫正以下賀明堂禮畢表__juan_01.txt,723,108,0
宋朝,200431,代崇國夫人等賀明堂禮畢表,代崇國夫人等賀明堂禮畢表,代崇國夫人等賀明堂禮畢表,1,scrape_output\raw\宋朝\代崇國夫人等賀明堂禮畢表\代崇國夫人等賀明堂禮畢表__juan_01.txt,scrape_output\clean\宋朝\代崇國夫人等賀明堂禮畢表\代崇國夫人等賀明堂禮畢表__juan_01.txt,744,129,0
宋朝,121186,代後蜀主孟昶降表,代後蜀主孟昶降表,代後蜀主孟昶降表,1,scrape_output\raw\宋朝\代後蜀主孟昶降表\代後蜀主孟昶降表__juan_01.txt,scrape_output\clean\宋朝\代後蜀主孟昶降表\代後蜀主孟昶降表__juan_01.txt,512,462,0
宋朝,35657,代聖集贈別,代聖集贈別,代聖集贈別,1,scrape_output\raw\宋朝\代聖集贈別\代聖集贈別__juan_01.txt,scrape_output\clean\宋朝\代聖集贈別\代聖集贈別__juan_01.txt,152,105,0
宋朝,760975,仲景傷寒補亡論,仲景傷寒補亡論,仲景傷寒補亡論,1,scrape_output\raw\宋朝\仲景傷寒補亡論\仲景傷寒補亡論__juan_01.txt,scrape_output\clean\宋朝\仲景傷寒補亡論\仲景傷寒補亡論__juan_01.txt,129867,129833,0
宋朝,179136,仲良見和再和謝焉,仲良見和再和謝焉,仲良見和再和謝焉,1,scrape_output\raw\宋朝\仲良見和再和謝焉\仲良見和再和謝焉__juan_01.txt,scrape_output\clean\宋朝\仲良見和再和謝焉\仲良見和再和謝焉__juan_01.txt,342,294,0
宋朝,179140,仲良見和再和謝焉 (健論開仍闔),仲良見和再和謝焉 (健論開仍闔),仲良見和再和謝焉 (健論開仍闔),1,scrape_output\raw\宋朝\仲良見和再和謝焉 (健論開仍闔)\仲良見和再和謝焉 (健論開仍闔)__juan_01.txt,scrape_output\clean\宋朝\仲良見和再和謝焉 (健論開仍闔)\仲良見和再和謝焉 (健論開仍闔)__juan_01.txt,149,103,0
宋朝,179137,仲良見和再和謝焉 (未惜詩脾苦),仲良見和再和謝焉 (未惜詩脾苦),仲良見和再和謝焉 (未惜詩脾苦),1,scrape_output\raw\宋朝\仲良見和再和謝焉 (未惜詩脾苦)\仲良見和再和謝焉 (未惜詩脾苦)__juan_01.txt,scrape_output\clean\宋朝\仲良見和再和謝焉 (未惜詩脾苦)\仲良見和再和謝焉 (未惜詩脾苦)__juan_01.txt,133,89,0
宋朝,179138,仲良見和再和謝焉 (誰謂陳三遠),仲良見和再和謝焉 (誰謂陳三遠),仲良見和再和謝焉 (誰謂陳三遠),1,scrape_output\raw\宋朝\仲良見和再和謝焉 (誰謂陳三遠)\仲良見和再和謝焉 (誰謂陳三遠)__juan_01.txt,scrape_output\clean\宋朝\仲良見和再和謝焉 (誰謂陳三遠)\仲良見和再和謝焉 (誰謂陳三遠)__juan_01.txt,146,100,0
宋朝,179139,仲良見和再和謝焉 (豈不爲寮久),仲良見和再和謝焉 (豈不爲寮久),仲良見和再和謝焉 (豈不爲寮久),1,scrape_output\raw\宋朝\仲良見和再和謝焉 (豈不爲寮久)\仲良見和再和謝焉 (豈不爲寮久)__juan_01.txt,scrape_output\clean\宋朝\仲良見和再和謝焉 (豈不爲寮久)\仲良見和再和謝焉 (豈不爲寮久)__juan_01.txt,133,89,0
宋朝,29792,任所寄鄉關故舊,任所寄鄉關故舊,任所寄鄉關故舊,1,scrape_output\raw\宋朝\任所寄鄉關故舊\任所寄鄉關故舊__juan_01.txt,scrape_output\clean\宋朝\任所寄鄉關故舊\任所寄鄉關故舊__juan_01.txt,149,105,0
宋朝,758539,伊川擊壤集,伊川擊壤集/1,伊川擊壤集,1,scrape_output\raw\宋朝\伊川擊壤集\伊川擊壤集__juan_01.txt,scrape_output\clean\宋朝\伊川擊壤集\伊川擊壤集__juan_01.txt,3980,3978,0
宋朝,758539,伊川擊壤集,伊川擊壤集/10,伊川擊壤集,2,scrape_output\raw\宋朝\伊川擊壤集\伊川擊壤集__juan_02.txt,scrape_output\clean\宋朝\伊川擊壤集\伊川擊壤集__juan_02.txt,5679,5679,0
宋朝,758539,伊川擊壤集,伊川擊壤集/11,伊川擊壤集,3,scrape_output\raw\宋朝\伊川擊壤集\伊川擊壤集__juan_03.txt,scrape_output\clean\宋朝\伊川擊壤集\伊川擊壤集__juan_03.txt,4952,4952,0
宋朝,758539,伊川擊壤集,伊川擊壤集/12,伊川擊壤集,4,scrape_output\raw\宋朝\伊川擊壤集\伊川擊壤集__juan_04.txt,scrape_output\clean\宋朝\伊川擊壤集\伊川擊壤集__juan_04.txt,3575,3572,0
宋朝,758539,伊川擊壤集,伊川擊壤集/13,伊川擊壤集,5,scrape_output\raw\宋朝\伊川擊壤集\伊川擊壤集__juan_05.txt,scrape_output\clean\宋朝\伊川擊壤集\伊川擊壤集__juan_05.txt,5839,5832,0
宋朝,758539,伊川擊壤集,伊川擊壤集/14,伊川擊壤集,6,scrape_output\raw\宋朝\伊川擊壤集\伊川擊壤集__juan_06.txt,scrape_output\clean\宋朝\伊川擊壤集\伊川擊壤集__juan_06.txt,3889,3886,0
宋朝,758539,伊川擊壤集,伊川擊壤集/15,伊川擊壤集,7,scrape_output\raw\宋朝\伊川擊壤集\伊川擊壤集__juan_07.txt,scrape_output\clean\宋朝\伊川擊壤集\伊川擊壤集__juan_07.txt,4525,4525,0
宋朝,758539,伊川擊壤集,伊川擊壤集/16,伊川擊壤集,8,scrape_output\raw\宋朝\伊川擊壤集\伊川擊壤集__juan_08.txt,scrape_output\clean\宋朝\伊川擊壤集\伊川擊壤集__juan_08.txt,4820,4817,0
宋朝,758539,伊川擊壤集,伊川擊壤集/17,伊川擊壤集,9,scrape_output\raw\宋朝\伊川擊壤集\伊川擊壤集__juan_09.txt,scrape_output\clean\宋朝\伊川擊壤集\伊川擊壤集__juan_09.txt,4617,4617,0
宋朝,758539,伊川擊壤集,伊川擊壤集/18,伊川擊壤集,10,scrape_output\raw\宋朝\伊川擊壤集\伊川擊壤集__juan_10.txt,scrape_output\clean\宋朝\伊川擊壤集\伊川擊壤集__juan_10.txt,5624,5624,0
宋朝,758539,伊川擊壤集,伊川擊壤集/19,伊川擊壤集,11,scrape_output\raw\宋朝\伊川擊壤集\伊川擊壤集__juan_11.txt,scrape_output\clean\宋朝\伊川擊壤集\伊川擊壤集__juan_11.txt,4584,4584,0
宋朝,758539,伊川擊壤集,伊川擊壤集/2,伊川擊壤集,12,scrape_output\raw\宋朝\伊川擊壤集\伊川擊壤集__juan_12.txt,scrape_output\clean\宋朝\伊川擊壤集\伊川擊壤集__juan_12.txt,4679,4679,0
宋朝,758539,伊川擊壤集,伊川擊壤集/20,伊川擊壤集,13,scrape_output\raw\宋朝\伊川擊壤集\伊川擊壤集__juan_13.txt,scrape_output\clean\宋朝\伊川擊壤集\伊川擊壤集__juan_13.txt,10921,10916,0
宋朝,758539,伊川擊壤集,伊川擊壤集/3,伊川擊壤集,14,scrape_output\raw\宋朝\伊川擊壤集\伊川擊壤集__juan_14.txt,scrape_output\clean\宋朝\伊川擊壤集\伊川擊壤集__juan_14.txt,4845,4845,0
宋朝,758539,伊川擊壤集,伊川擊壤集/4,伊川擊壤集,15,scrape_output\raw\宋朝\伊川擊壤集\伊川擊壤集__juan_15.txt,scrape_output\clean\宋朝\伊川擊壤集\伊川擊壤集__juan_15.txt,3609,3608,0
宋朝,758539,伊川擊壤集,伊川擊壤集/5,伊川擊壤集,16,scrape_output\raw\宋朝\伊川擊壤集\伊川擊壤集__juan_16.txt,scrape_output\clean\宋朝\伊川擊壤集\伊川擊壤集__juan_16.txt,4023,4023,0
宋朝,758539,伊川擊壤集,伊川擊壤集/6,伊川擊壤集,17,scrape_output\raw\宋朝\伊川擊壤集\伊川擊壤集__juan_17.txt,scrape_output\clean\宋朝\伊川擊壤集\伊川擊壤集__juan_17.txt,5589,5589,0
宋朝,758539,伊川擊壤集,伊川擊壤集/7,伊川擊壤集,18,scrape_output\raw\宋朝\伊川擊壤集\伊川擊壤集__juan_18.txt,scrape_output\clean\宋朝\伊川擊壤集\伊川擊壤集__juan_18.txt,4783,4783,0
宋朝,758539,伊川擊壤集,伊川擊壤集/8,伊川擊壤集,19,scrape_output\raw\宋朝\伊川擊壤集\伊川擊壤集__juan_19.txt,scrape_output\clean\宋朝\伊川擊壤集\伊川擊壤集__juan_19.txt,4198,4198,0
宋朝,758539,伊川擊壤集,伊川擊壤集/9,伊川擊壤集,20,scrape_output\raw\宋朝\伊川擊壤集\伊川擊壤集__juan_20.txt,scrape_output\clean\宋朝\伊川擊壤集\伊川擊壤集__juan_20.txt,5260,5257,0
宋朝,37333,伍子胥廟,伍子胥廟,伍子胥廟,1,scrape_output\raw\宋朝\伍子胥廟\伍子胥廟__juan_01.txt,scrape_output\clean\宋朝\伍子胥廟\伍子胥廟__juan_01.txt,166,117,0
宋朝,200419,余自白陽馳謁宜都周夢得長宮飲於清江亭愛其山水之勝留題,余自白陽馳謁宜都周夢得長宮飲於清江亭愛其山水之勝留題,余自白陽馳謁宜都周夢得長宮飲於清江亭愛其山水之勝留題,1,scrape_output\raw\宋朝\余自白陽馳謁宜都周夢得長宮飲於清江亭愛其山水之勝留題\余自白陽馳謁宜都周夢得長宮飲於清江亭愛其山水之勝留題__juan_01.txt,scrape_output\clean\宋朝\余自白陽馳謁宜都周夢得長宮飲於清江亭愛其山水之勝留題\余自白陽馳謁宜都周夢得長宮飲於清江亭愛其山水之勝留題__juan_01.txt,557,69,0
宋朝,112693,佚句-詞 (李清照),佚句-詞 (李清照),佚句-詞 (李清照),1,scrape_output\raw\宋朝\佚句-詞 (李清照)\佚句-詞 (李清照)__juan_01.txt,scrape_output\clean\宋朝\佚句-詞 (李清照)\佚句-詞 (李清照)__juan_01.txt,149,55,0
宋朝,112746,佚句-詩 (李清照),佚句-詩 (李清照),佚句-詩 (李清照),1,scrape_output\raw\宋朝\佚句-詩 (李清照)\佚句-詩 (李清照)__juan_01.txt,scrape_output\clean\宋朝\佚句-詩 (李清照)\佚句-詩 (李清照)__juan_01.txt,326,232,0
宋朝,1126459,佛吉祥德讚,佛吉祥德讚/卷001,佛吉祥德讚,1,scrape_output\raw\宋朝\佛吉祥德讚\佛吉祥德讚__juan_01.txt,scrape_output\clean\宋朝\佛吉祥德讚\佛吉祥德讚__juan_01.txt,3365,3365,0
宋朝,1126459,佛吉祥德讚,佛吉祥德讚/卷002,佛吉祥德讚,2,scrape_output\raw\宋朝\佛吉祥德讚\佛吉祥德讚__juan_02.txt,scrape_output\clean\宋朝\佛吉祥德讚\佛吉祥德讚__juan_02.txt,3441,3438,0
宋朝,1126459,佛吉祥德讚,佛吉祥德讚/卷003,佛吉祥德讚,3,scrape_output\raw\宋朝\佛吉祥德讚\佛吉祥德讚__juan_03.txt,scrape_output\clean\宋朝\佛吉祥德讚\佛吉祥德讚__juan_03.txt,3556,3556,0
宋朝,875513,佛本行經,佛本行經,佛本行經,1,scrape_output\raw\宋朝\佛本行經\佛本行經__juan_01.txt,scrape_output\clean\宋朝\佛本行經\佛本行經__juan_01.txt,84443,84242,0
宋朝,1050876,佛母般若波羅蜜多圓集要義論,佛母般若波羅蜜多圓集要義論,佛母般若波羅蜜多圓集要義論,1,scrape_output\raw\宋朝\佛母般若波羅蜜多圓集要義論\佛母般若波羅蜜多圓集要義論__juan_01.txt,scrape_output\clean\宋朝\佛母般若波羅蜜多圓集要義論\佛母般若波羅蜜多圓集要義論__juan_01.txt,2078,1986,0
宋朝,1050877,佛母般若波羅蜜多圓集要義釋論,佛母般若波羅蜜多圓集要義釋論/卷第 01,佛母般若波羅蜜多圓集要義釋論,1,scrape_output\raw\宋朝\佛母般若波羅蜜多圓集要義釋論\佛母般若波羅蜜多圓集要義釋論__juan_01.txt,scrape_output\clean\宋朝\佛母般若波羅蜜多圓集要義釋論\佛母般若波羅蜜多圓集要義釋論__juan_01.txt,0,0,1
宋朝,1050877,佛母般若波羅蜜多圓集要義釋論,佛母般若波羅蜜多圓集要義釋論/卷第 02,佛母般若波羅蜜多圓集要義釋論,2,scrape_output\raw\宋朝\佛母般若波羅蜜多圓集要義釋論\佛母般若波羅蜜多圓集要義釋論__juan_02.txt,scrape_output\clean\宋朝\佛母般若波羅蜜多圓集要義釋論\佛母般若波羅蜜多圓集要義釋論__juan_02.txt,0,0,1
宋朝,1050877,佛母般若波羅蜜多圓集要義釋論,佛母般若波羅蜜多圓集要義釋論/卷第 03,佛母般若波羅蜜多圓集要義釋論,3,scrape_output\raw\宋朝\佛母般若波羅蜜多圓集要義釋論\佛母般若波羅蜜多圓集要義釋論__juan_03.txt,scrape_output\clean\宋朝\佛母般若波羅蜜多圓集要義釋論\佛母般若波羅蜜多圓集要義釋論__juan_03.txt,0,0,1
宋朝,1050877,佛母般若波羅蜜多圓集要義釋論,佛母般若波羅蜜多圓集要義釋論/卷第 04,佛母般若波羅蜜多圓集要義釋論,4,scrape_output\raw\宋朝\佛母般若波羅蜜多圓集要義釋論\佛母般若波羅蜜多圓集要義釋論__juan_04.txt,scrape_output\clean\宋朝\佛母般若波羅蜜多圓集要義釋論\佛母般若波羅蜜多圓集要義釋論__juan_04.txt,0,0,1
宋朝,875161,佛說了義般若波羅蜜多經,佛說了義般若波羅蜜多經,佛說了義般若波羅蜜多經,1,scrape_output\raw\宋朝\佛說了義般若波羅蜜多經\佛說了義般若波羅蜜多經__juan_01.txt,scrape_output\clean\宋朝\佛說了義般若波羅蜜多經\佛說了義般若波羅蜜多經__juan_01.txt,1380,1285,0
宋朝,875162,佛說五十頌聖般若波羅蜜經,佛說五十頌聖般若波羅蜜經,佛說五十頌聖般若波羅蜜經,1,scrape_output\raw\宋朝\佛說五十頌聖般若波羅蜜經\佛說五十頌聖般若波羅蜜經__juan_01.txt,scrape_output\clean\宋朝\佛說五十頌聖般若波羅蜜經\佛說五十頌聖般若波羅蜜經__juan_01.txt,1054,959,0
宋朝,875362,佛說五恐怖世經,佛說五恐怖世經,佛說五恐怖世經,1,scrape_output\raw\宋朝\佛說五恐怖世經\佛說五恐怖世經__juan_01.txt,scrape_output\clean\宋朝\佛說五恐怖世經\佛說五恐怖世經__juan_01.txt,689,597,0
宋朝,875164,佛說佛母出生三法藏般若波羅蜜多經,佛說佛母出生三法藏般若波羅蜜多經,佛說佛母出生三法藏般若波羅蜜多經,1,scrape_output\raw\宋朝\佛說佛母出生三法藏般若波羅蜜多經\佛說佛母出生三法藏般若波羅蜜多經__juan_01.txt,scrape_output\clean\宋朝\佛說佛母出生三法藏般若波羅蜜多經\佛說佛母出生三法藏般若波羅蜜多經__juan_01.txt,140385,140260,0
宋朝,1049376,佛說優婆塞五戒相經,佛說優婆塞五戒相經,佛說優婆塞五戒相經,1,scrape_output\raw\宋朝\佛說優婆塞五戒相經\佛說優婆塞五戒相經__juan_01.txt,scrape_output\clean\宋朝\佛說優婆塞五戒相經\佛說優婆塞五戒相經__juan_01.txt,8208,8116,0
宋朝,875169,佛說八大靈塔名號經,佛說八大靈塔名號經,佛說八大靈塔名號經,1,scrape_output\raw\宋朝\佛說八大靈塔名號經\佛說八大靈塔名號經__juan_01.txt,scrape_output\clean\宋朝\佛說八大靈塔名號經\佛說八大靈塔名號經__juan_01.txt,770,678,0
宋朝,875172,佛說八種長養功德經,佛說八種長養功德經,佛說八種長養功德經,1,scrape_output\raw\宋朝\佛說八種長養功德經\佛說八種長養功德經__juan_01.txt,scrape_output\clean\宋朝\佛說八種長養功德經\佛說八種長養功德經__juan_01.txt,660,568,0
宋朝,181315,佛說十一想思念如來經,佛說十一想思念如來經,佛說十一想思念如來經,1,scrape_output\raw\宋朝\佛說十一想思念如來經\佛說十一想思念如來經__juan_01.txt,scrape_output\clean\宋朝\佛說十一想思念如來經\佛說十一想思念如來經__juan_01.txt,613,499,0
宋朝,875195,佛說大乘入諸佛境界智光明莊嚴經,佛說大乘入諸佛境界智光明莊嚴經,佛說大乘入諸佛境界智光明莊嚴經,1,scrape_output\raw\宋朝\佛說大乘入諸佛境界智光明莊嚴經\佛說大乘入諸佛境界智光明莊嚴經__juan_01.txt,scrape_output\clean\宋朝\佛說大乘入諸佛境界智光明莊嚴經\佛說大乘入諸佛境界智光明莊嚴經__juan_01.txt,18397,18302,0
宋朝,875198,佛說大乘戒經,佛說大乘戒經,佛說大乘戒經,1,scrape_output\raw\宋朝\佛說大乘戒經\佛說大乘戒經__juan_01.txt,scrape_output\clean\宋朝\佛說大乘戒經\佛說大乘戒經__juan_01.txt,593,498,0
宋朝,173093,佛說大乘日子王所問經,佛說大乘日子王所問經,佛說大乘日子王所問經,1,scrape_output\raw\宋朝\佛說大乘日子王所問經\佛說大乘日子王所問經__juan_01.txt,scrape_output\clean\宋朝\佛說大乘日子王所問經\佛說大乘日子王所問經__juan_01.txt,6283,6191,0
宋朝,149344,佛說大乘聖無量壽決定光明王如來陀羅尼經,佛說大乘聖無量壽決定光明王如來陀羅尼經,佛說大乘聖無量壽決定光明王如來陀羅尼經,1,scrape_output\raw\宋朝\佛說大乘聖無量壽決定光明王如來陀羅尼經\佛說大乘聖無量壽決定光明王如來陀羅尼經__juan_01.txt,scrape_output\clean\宋朝\佛說大乘聖無量壽決定光明王如來陀羅尼經\佛說大乘聖無量壽決定光明王如來陀羅尼經__juan_01.txt,3275,3039,0
宋朝,199671,佛說大乘莊嚴寶王經,佛說大乘莊嚴寶王經/卷一,佛說大乘莊嚴寶王經,1,scrape_output\raw\宋朝\佛說大乘莊嚴寶王經\佛說大乘莊嚴寶王經__juan_01.txt,scrape_output\clean\宋朝\佛說大乘莊嚴寶王經\佛說大乘莊嚴寶王經__juan_01.txt,7045,6966,0
宋朝,199671,佛說大乘莊嚴寶王經,佛說大乘莊嚴寶王經/卷二,佛說大乘莊嚴寶王經,2,scrape_output\raw\宋朝\佛說大乘莊嚴寶王經\佛說大乘莊嚴寶王經__juan_02.txt,scrape_output\clean\宋朝\佛說大乘莊嚴寶王經\佛說大乘莊嚴寶王經__juan_02.txt,7404,7334,0
宋朝,199671,佛說大乘莊嚴寶王經,佛說大乘莊嚴寶王經/卷三,佛說大乘莊嚴寶王經,3,scrape_output\raw\宋朝\佛說大乘莊嚴寶王經\佛說大乘莊嚴寶王經__juan_03.txt,scrape_output\clean\宋朝\佛說大乘莊嚴寶王經\佛說大乘莊嚴寶王經__juan_03.txt,6484,6422,0
宋朝,199671,佛說大乘莊嚴寶王經,佛說大乘莊嚴寶王經/卷四,佛說大乘莊嚴寶王經,4,scrape_output\raw\宋朝\佛說大乘莊嚴寶王經\佛說大乘莊嚴寶王經__juan_04.txt,scrape_output\clean\宋朝\佛說大乘莊嚴寶王經\佛說大乘莊嚴寶王經__juan_04.txt,6960,6836,0
宋朝,199671,佛說大乘莊嚴寶王經,佛說大乘莊嚴寶王經/卷第一,佛說大乘莊嚴寶王經,5,scrape_output\raw\宋朝\佛說大乘莊嚴寶王經\佛說大乘莊嚴寶王經__juan_05.txt,scrape_output\clean\宋朝\佛說大乘莊嚴寶王經\佛說大乘莊嚴寶王經__juan_05.txt,85,40,0
宋朝,875200,佛說大乘菩薩藏正法經,佛說大乘菩薩藏正法經/卷001,佛說大乘菩薩藏正法經,1,scrape_output\raw\宋朝\佛說大乘菩薩藏正法經\佛說大乘菩薩藏正法經__juan_01.txt,scrape_output\clean\宋朝\佛說大乘菩薩藏正法經\佛說大乘菩薩藏正法經__juan_01.txt,3388,3388,0
宋朝,875200,佛說大乘菩薩藏正法經,佛說大乘菩薩藏正法經/卷002,佛說大乘菩薩藏正法經,2,scrape_output\raw\宋朝\佛說大乘菩薩藏正法經\佛說大乘菩薩藏正法經__juan_02.txt,scrape_output\clean\宋朝\佛說大乘菩薩藏正法經\佛說大乘菩薩藏正法經__juan_02.txt,3396,3393,0
宋朝,875200,佛說大乘菩薩藏正法經,佛說大乘菩薩藏正法經/卷003,佛說大乘菩薩藏正法經,3,scrape_output\raw\宋朝\佛說大乘菩薩藏正法經\佛說大乘菩薩藏正法經__juan_03.txt,scrape_output\clean\宋朝\佛說大乘菩薩藏正法經\佛說大乘菩薩藏正法經__juan_03.txt,3498,3498,0
宋朝,875200,佛說大乘菩薩藏正法經,佛說大乘菩薩藏正法經/卷004,佛說大乘菩薩藏正法經,4,scrape_output\raw\宋朝\佛說大乘菩薩藏正法經\佛說大乘菩薩藏正法經__juan_04.txt,scrape_output\clean\宋朝\佛說大乘菩薩藏正法經\佛說大乘菩薩藏正法經__juan_04.txt,3796,3796,0
宋朝,875200,佛說大乘菩薩藏正法經,佛說大乘菩薩藏正法經/卷005,佛說大乘菩薩藏正法經,5,scrape_output\raw\宋朝\佛說大乘菩薩藏正法經\佛說大乘菩薩藏正法經__juan_05.txt,scrape_output\clean\宋朝\佛說大乘菩薩藏正法經\佛說大乘菩薩藏正法經__juan_05.txt,4347,4347,0
宋朝,875200,佛說大乘菩薩藏正法經,佛說大乘菩薩藏正法經/卷006,佛說大乘菩薩藏正法經,6,scrape_output\raw\宋朝\佛說大乘菩薩藏正法經\佛說大乘菩薩藏正法經__juan_06.txt,scrape_output\clean\宋朝\佛說大乘菩薩藏正法經\佛說大乘菩薩藏正法經__juan_06.txt,3152,3152,0
宋朝,875200,佛說大乘菩薩藏正法經,佛說大乘菩薩藏正法經/卷007,佛說大乘菩薩藏正法經,7,scrape_output\raw\宋朝\佛說大乘菩薩藏正法經\佛說大乘菩薩藏正法經__juan_07.txt,scrape_output\clean\宋朝\佛說大乘菩薩藏正法經\佛說大乘菩薩藏正法經__juan_07.txt,4338,4338,0
宋朝,875200,佛說大乘菩薩藏正法經,佛說大乘菩薩藏正法經/卷008,佛說大乘菩薩藏正法經,8,scrape_output\raw\宋朝\佛說大乘菩薩藏正法經\佛說大乘菩薩藏正法經__juan_08.txt,scrape_output\clean\宋朝\佛說大乘菩薩藏正法經\佛說大乘菩薩藏正法經__juan_08.txt,3482,3482,0
宋朝,875200,佛說大乘菩薩藏正法經,佛說大乘菩薩藏正法經/卷009,佛說大乘菩薩藏正法經,9,scrape_output\raw\宋朝\佛說大乘菩薩藏正法經\佛說大乘菩薩藏正法經__juan_09.txt,scrape_output\clean\宋朝\佛說大乘菩薩藏正法經\佛說大乘菩薩藏正法經__juan_09.txt,4089,4085,0
宋朝,875200,佛說大乘菩薩藏正法經,佛說大乘菩薩藏正法經/卷010,佛說大乘菩薩藏正法經,10,scrape_output\raw\宋朝\佛說大乘菩薩藏正法經\佛說大乘菩薩藏正法經__juan_10.txt,scrape_output\clean\宋朝\佛說大乘菩薩藏正法經\佛說大乘菩薩藏正法經__juan_10.txt,4434,4434,0
宋朝,875200,佛說大乘菩薩藏正法經,佛說大乘菩薩藏正法經/卷011,佛說大乘菩薩藏正法經,11,scrape_output\raw\宋朝\佛說大乘菩薩藏正法經\佛說大乘菩薩藏正法經__juan_11.txt,scrape_output\clean\宋朝\佛說大乘菩薩藏正法經\佛說大乘菩薩藏正法經__juan_11.txt,4066,4065,0
宋朝,875200,佛說大乘菩薩藏正法經,佛說大乘菩薩藏正法經/卷012,佛說大乘菩薩藏正法經,12,scrape_output\raw\宋朝\佛說大乘菩薩藏正法經\佛說大乘菩薩藏正法經__juan_12.txt,scrape_output\clean\宋朝\佛說大乘菩薩藏正法經\佛說大乘菩薩藏正法經__juan_12.txt,4810,4809,0
宋朝,875200,佛說大乘菩薩藏正法經,佛說大乘菩薩藏正法經/卷013,佛說大乘菩薩藏正法經,13,scrape_output\raw\宋朝\佛說大乘菩薩藏正法經\佛說大乘菩薩藏正法經__juan_13.txt,scrape_output\clean\宋朝\佛說大乘菩薩藏正法經\佛說大乘菩薩藏正法經__juan_13.txt,4426,4426,0
宋朝,875200,佛說大乘菩薩藏正法經,佛說大乘菩薩藏正法經/卷014,佛說大乘菩薩藏正法經,14,scrape_output\raw\宋朝\佛說大乘菩薩藏正法經\佛說大乘菩薩藏正法經__juan_14.txt,scrape_output\clean\宋朝\佛說大乘菩薩藏正法經\佛說大乘菩薩藏正法經__juan_14.txt,4747,4747,0
宋朝,875200,佛說大乘菩薩藏正法經,佛說大乘菩薩藏正法經/卷015,佛說大乘菩薩藏正法經,15,scrape_output\raw\宋朝\佛說大乘菩薩藏正法經\佛說大乘菩薩藏正法經__juan_15.txt,scrape_output\clean\宋朝\佛說大乘菩薩藏正法經\佛說大乘菩薩藏正法經__juan_15.txt,3895,3895,0
宋朝,875200,佛說大乘菩薩藏正法經,佛說大乘菩薩藏正法經/卷016,佛說大乘菩薩藏正法經,16,scrape_output\raw\宋朝\佛說大乘菩薩藏正法經\佛說大乘菩薩藏正法經__juan_16.txt,scrape_output\clean\宋朝\佛說大乘菩薩藏正法經\佛說大乘菩薩藏正法經__juan_16.txt,4001,4001,0
宋朝,875200,佛說大乘菩薩藏正法經,佛說大乘菩薩藏正法經/卷017,佛說大乘菩薩藏正法經,17,scrape_output\raw\宋朝\佛說大乘菩薩藏正法經\佛說大乘菩薩藏正法經__juan_17.txt,scrape_output\clean\宋朝\佛說大乘菩薩藏正法經\佛說大乘菩薩藏正法經__juan_17.txt,4244,4242,0
宋朝,875200,佛說大乘菩薩藏正法經,佛說大乘菩薩藏正法經/卷018,佛說大乘菩薩藏正法經,18,scrape_output\raw\宋朝\佛說大乘菩薩藏正法經\佛說大乘菩薩藏正法經__juan_18.txt,scrape_output\clean\宋朝\佛說大乘菩薩藏正法經\佛說大乘菩薩藏正法經__juan_18.txt,4253,4253,0
宋朝,875200,佛說大乘菩薩藏正法經,佛說大乘菩薩藏正法經/卷019,佛說大乘菩薩藏正法經,19,scrape_output\raw\宋朝\佛說大乘菩薩藏正法經\佛說大乘菩薩藏正法經__juan_19.txt,scrape_output\clean\宋朝\佛說大乘菩薩藏正法經\佛說大乘菩薩藏正法經__juan_19.txt,4927,4924,0
宋朝,875200,佛說大乘菩薩藏正法經,佛說大乘菩薩藏正法經/卷020,佛說大乘菩薩藏正法經,20,scrape_output\raw\宋朝\佛說大乘菩薩藏正法經\佛說大乘菩薩藏正法經__juan_20.txt,scrape_output\clean\宋朝\佛說大乘菩薩藏正法經\佛說大乘菩薩藏正法經__juan_20.txt,5207,5205,0
宋朝,875200,佛說大乘菩薩藏正法經,佛說大乘菩薩藏正法經/卷021,佛說大乘菩薩藏正法經,21,scrape_output\raw\宋朝\佛說大乘菩薩藏正法經\佛說大乘菩薩藏正法經__juan_21.txt,scrape_output\clean\宋朝\佛說大乘菩薩藏正法經\佛說大乘菩薩藏正法經__juan_21.txt,3831,3831,0
宋朝,875200,佛說大乘菩薩藏正法經,佛說大乘菩薩藏正法經/卷022,佛說大乘菩薩藏正法經,22,scrape_output\raw\宋朝\佛說大乘菩薩藏正法經\佛說大乘菩薩藏正法經__juan_22.txt,scrape_output\clean\宋朝\佛說大乘菩薩藏正法經\佛說大乘菩薩藏正法經__juan_22.txt,5464,5462,0
宋朝,875200,佛說大乘菩薩藏正法經,佛說大乘菩薩藏正法經/卷023,佛說大乘菩薩藏正法經,23,scrape_output\raw\宋朝\佛說大乘菩薩藏正法經\佛說大乘菩薩藏正法經__juan_23.txt,scrape_output\clean\宋朝\佛說大乘菩薩藏正法經\佛說大乘菩薩藏正法經__juan_23.txt,4316,4316,0
宋朝,875200,佛說大乘菩薩藏正法經,佛說大乘菩薩藏正法經/卷024,佛說大乘菩薩藏正法經,24,scrape_output\raw\宋朝\佛說大乘菩薩藏正法經\佛說大乘菩薩藏正法經__juan_24.txt,scrape_output\clean\宋朝\佛說大乘菩薩藏正法經\佛說大乘菩薩藏正法經__juan_24.txt,5072,5071,0
宋朝,875200,佛說大乘菩薩藏正法經,佛說大乘菩薩藏正法經/卷025,佛說大乘菩薩藏正法經,25,scrape_output\raw\宋朝\佛說大乘菩薩藏正法經\佛說大乘菩薩藏正法經__juan_25.txt,scrape_output\clean\宋朝\佛說大乘菩薩藏正法經\佛說大乘菩薩藏正法經__juan_25.txt,4589,4586,0
宋朝,875200,佛說大乘菩薩藏正法經,佛說大乘菩薩藏正法經/卷026,佛說大乘菩薩藏正法經,26,scrape_output\raw\宋朝\佛說大乘菩薩藏正法經\佛說大乘菩薩藏正法經__juan_26.txt,scrape_output\clean\宋朝\佛說大乘菩薩藏正法經\佛說大乘菩薩藏正法經__juan_26.txt,5587,5587,0
宋朝,875200,佛說大乘菩薩藏正法經,佛說大乘菩薩藏正法經/卷027,佛說大乘菩薩藏正法經,27,scrape_output\raw\宋朝\佛說大乘菩薩藏正法經\佛說大乘菩薩藏正法經__juan_27.txt,scrape_output\clean\宋朝\佛說大乘菩薩藏正法經\佛說大乘菩薩藏正法經__juan_27.txt,5633,5633,0
宋朝,875200,佛說大乘菩薩藏正法經,佛說大乘菩薩藏正法經/卷028,佛說大乘菩薩藏正法經,28,scrape_output\raw\宋朝\佛說大乘菩薩藏正法經\佛說大乘菩薩藏正法經__juan_28.txt,scrape_output\clean\宋朝\佛說大乘菩薩藏正法經\佛說大乘菩薩藏正法經__juan_28.txt,6111,6093,0
宋朝,875200,佛說大乘菩薩藏正法經,佛說大乘菩薩藏正法經/卷029,佛說大乘菩薩藏正法經,29,scrape_output\raw\宋朝\佛說大乘菩薩藏正法經\佛說大乘菩薩藏正法經__juan_29.txt,scrape_output\clean\宋朝\佛說大乘菩薩藏正法經\佛說大乘菩薩藏正法經__juan_29.txt,4322,4322,0
宋朝,875200,佛說大乘菩薩藏正法經,佛說大乘菩薩藏正法經/卷030,佛說大乘菩薩藏正法經,30,scrape_output\raw\宋朝\佛說大乘菩薩藏正法經\佛說大乘菩薩藏正法經__juan_30.txt,scrape_output\clean\宋朝\佛說大乘菩薩藏正法經\佛說大乘菩薩藏正法經__juan_30.txt,4368,4365,0
宋朝,875200,佛說大乘菩薩藏正法經,佛說大乘菩薩藏正法經/卷031,佛說大乘菩薩藏正法經,31,scrape_output\raw\宋朝\佛說大乘菩薩藏正法經\佛說大乘菩薩藏正法經__juan_31.txt,scrape_output\clean\宋朝\佛說大乘菩薩藏正法經\佛說大乘菩薩藏正法經__juan_31.txt,3640,3637,0
宋朝,875200,佛說大乘菩薩藏正法經,佛說大乘菩薩藏正法經/卷032,佛說大乘菩薩藏正法經,32,scrape_output\raw\宋朝\佛說大乘菩薩藏正法經\佛說大乘菩薩藏正法經__juan_32.txt,scrape_output\clean\宋朝\佛說大乘菩薩藏正法經\佛說大乘菩薩藏正法經__juan_32.txt,4362,4358,0
宋朝,875200,佛說大乘菩薩藏正法經,佛說大乘菩薩藏正法經/卷033,佛說大乘菩薩藏正法經,33,scrape_output\raw\宋朝\佛說大乘菩薩藏正法經\佛說大乘菩薩藏正法經__juan_33.txt,scrape_output\clean\宋朝\佛說大乘菩薩藏正法經\佛說大乘菩薩藏正法經__juan_33.txt,4789,4789,0
宋朝,875200,佛說大乘菩薩藏正法經,佛說大乘菩薩藏正法經/卷034,佛說大乘菩薩藏正法經,34,scrape_output\raw\宋朝\佛說大乘菩薩藏正法經\佛說大乘菩薩藏正法經__juan_34.txt,scrape_output\clean\宋朝\佛說大乘菩薩藏正法經\佛說大乘菩薩藏正法經__juan_34.txt,4071,4071,0
宋朝,875200,佛說大乘菩薩藏正法經,佛說大乘菩薩藏正法經/卷035,佛說大乘菩薩藏正法經,35,scrape_output\raw\宋朝\佛說大乘菩薩藏正法經\佛說大乘菩薩藏正法經__juan_35.txt,scrape_output\clean\宋朝\佛說大乘菩薩藏正法經\佛說大乘菩薩藏正法經__juan_35.txt,3858,3858,0
宋朝,875200,佛說大乘菩薩藏正法經,佛說大乘菩薩藏正法經/卷036,佛說大乘菩薩藏正法經,36,scrape_output\raw\宋朝\佛說大乘菩薩藏正法經\佛說大乘菩薩藏正法經__juan_36.txt,scrape_output\clean\宋朝\佛說大乘菩薩藏正法經\佛說大乘菩薩藏正法經__juan_36.txt,3796,3796,0
宋朝,875200,佛說大乘菩薩藏正法經,佛說大乘菩薩藏正法經/卷037,佛說大乘菩薩藏正法經,37,scrape_output\raw\宋朝\佛說大乘菩薩藏正法經\佛說大乘菩薩藏正法經__juan_37.txt,scrape_output\clean\宋朝\佛說大乘菩薩藏正法經\佛說大乘菩薩藏正法經__juan_37.txt,3685,3685,0
宋朝,875200,佛說大乘菩薩藏正法經,佛說大乘菩薩藏正法經/卷038,佛說大乘菩薩藏正法經,38,scrape_output\raw\宋朝\佛說大乘菩薩藏正法經\佛說大乘菩薩藏正法經__juan_38.txt,scrape_output\clean\宋朝\佛說大乘菩薩藏正法經\佛說大乘菩薩藏正法經__juan_38.txt,3892,3890,0
宋朝,875200,佛說大乘菩薩藏正法經,佛說大乘菩薩藏正法經/卷039,佛說大乘菩薩藏正法經,39,scrape_output\raw\宋朝\佛說大乘菩薩藏正法經\佛說大乘菩薩藏正法經__juan_39.txt,scrape_output\clean\宋朝\佛說大乘菩薩藏正法經\佛說大乘菩薩藏正法經__juan_39.txt,2873,2873,0
宋朝,875200,佛說大乘菩薩藏正法經,佛說大乘菩薩藏正法經/卷040,佛說大乘菩薩藏正法經,40,scrape_output\raw\宋朝\佛說大乘菩薩藏正法經\佛說大乘菩薩藏正法經__juan_40.txt,scrape_output\clean\宋朝\佛說大乘菩薩藏正法經\佛說大乘菩薩藏正法經__juan_40.txt,3622,3613,0
宋朝,875210,佛說大方廣善巧方便經,佛說大方廣善巧方便經,佛說大方廣善巧方便經,1,scrape_output\raw\宋朝\佛說大方廣善巧方便經\佛說大方廣善巧方便經__juan_01.txt,scrape_output\clean\宋朝\佛說大方廣善巧方便經\佛說大方廣善巧方便經__juan_01.txt,20258,20164,0
宋朝,875216,佛說大迦葉問大寶積正法經,佛說大迦葉問大寶積正法經,佛說大迦葉問大寶積正法經,1,scrape_output\raw\宋朝\佛說大迦葉問大寶積正法經\佛說大迦葉問大寶積正法經__juan_01.txt,scrape_output\clean\宋朝\佛說大迦葉問大寶積正法經\佛說大迦葉問大寶積正法經__juan_01.txt,24415,24316,0
宋朝,875219,佛說如幻三摩地無量印法門經,佛說如幻三摩地無量印法門經,佛說如幻三摩地無量印法門經,1,scrape_output\raw\宋朝\佛說如幻三摩地無量印法門經\佛說如幻三摩地無量印法門經__juan_01.txt,scrape_output\clean\宋朝\佛說如幻三摩地無量印法門經\佛說如幻三摩地無量印法門經__juan_01.txt,10355,10260,0
宋朝,427521,佛說布施經,佛說布施經,佛說布施經,1,scrape_output\raw\宋朝\佛說布施經\佛說布施經__juan_01.txt,scrape_output\clean\宋朝\佛說布施經\佛說布施經__juan_01.txt,1394,1296,0
宋朝,875236,佛說帝釋般若波羅蜜多心經,佛說帝釋般若波羅蜜多心經,佛說帝釋般若波羅蜜多心經,1,scrape_output\raw\宋朝\佛說帝釋般若波羅蜜多心經\佛說帝釋般若波羅蜜多心經__juan_01.txt,scrape_output\clean\宋朝\佛說帝釋般若波羅蜜多心經\佛說帝釋般若波羅蜜多心經__juan_01.txt,2311,1817,0
宋朝,184879,佛說廣博嚴淨不退轉輪經,佛說廣博嚴淨不退轉輪經,佛說廣博嚴淨不退轉輪經,1,scrape_output\raw\宋朝\佛說廣博嚴淨不退轉輪經\佛說廣博嚴淨不退轉輪經__juan_01.txt,scrape_output\clean\宋朝\佛說廣博嚴淨不退轉輪經\佛說廣博嚴淨不退轉輪經__juan_01.txt,49910,49784,0
宋朝,165465,佛說懈怠耕者經,佛說懈怠耕者經,佛說懈怠耕者經,1,scrape_output\raw\宋朝\佛說懈怠耕者經\佛說懈怠耕者經__juan_01.txt,scrape_output\clean\宋朝\佛說懈怠耕者經\佛說懈怠耕者經__juan_01.txt,696,604,0
宋朝,875258,佛說最上根本大樂金剛不空三昧大教王經,佛說最上根本大樂金剛不空三昧大教王經,佛說最上根本大樂金剛不空三昧大教王經,1,scrape_output\raw\宋朝\佛說最上根本大樂金剛不空三昧大教王經\佛說最上根本大樂金剛不空三昧大教王經__juan_01.txt,scrape_output\clean\宋朝\佛說最上根本大樂金剛不空三昧大教王經\佛說最上根本大樂金剛不空三昧大教王經__juan_01.txt,58322,54341,0
宋朝,875262,佛說沙彌十戒儀則經,佛說沙彌十戒儀則經,佛說沙彌十戒儀則經,1,scrape_output\raw\宋朝\佛說沙彌十戒儀則經\佛說沙彌十戒儀則經__juan_01.txt,scrape_output\clean\宋朝\佛說沙彌十戒儀則經\佛說沙彌十戒儀則經__juan_01.txt,2106,2014,0
宋朝,175565,佛說濡首菩薩無上清淨分衛經,佛說濡首菩薩無上清淨分衛經,佛說濡首菩薩無上清淨分衛經,1,scrape_output\raw\宋朝\佛說濡首菩薩無上清淨分衛經\佛說濡首菩薩無上清淨分衛經__juan_01.txt,scrape_output\clean\宋朝\佛說濡首菩薩無上清淨分衛經\佛說濡首菩薩無上清淨分衛經__juan_01.txt,16452,16343,0
宋朝,875267,佛說灌頂王喻經,佛說灌頂王喻經,佛說灌頂王喻經,1,scrape_output\raw\宋朝\佛說灌頂王喻經\佛說灌頂王喻經__juan_01.txt,scrape_output\clean\宋朝\佛說灌頂王喻經\佛說灌頂王喻經__juan_01.txt,606,511,0
宋朝,875249,佛說無畏授所問大乘經,佛說無畏授所問大乘經/卷上,佛說無畏授所問大乘經,1,scrape_output\raw\宋朝\佛說無畏授所問大乘經\佛說無畏授所問大乘經__juan_01.txt,scrape_output\clean\宋朝\佛說無畏授所問大乘經\佛說無畏授所問大乘經__juan_01.txt,2268,2268,0
宋朝,875249,佛說無畏授所問大乘經,佛說無畏授所問大乘經/卷中,佛說無畏授所問大乘經,2,scrape_output\raw\宋朝\佛說無畏授所問大乘經\佛說無畏授所問大乘經__juan_02.txt,scrape_output\clean\宋朝\佛說無畏授所問大乘經\佛說無畏授所問大乘經__juan_02.txt,2127,2127,0
宋朝,875249,佛說無畏授所問大乘經,佛說無畏授所問大乘經/卷下,佛說無畏授所問大乘經,3,scrape_output\raw\宋朝\佛說無畏授所問大乘經\佛說無畏授所問大乘經__juan_03.txt,scrape_output\clean\宋朝\佛說無畏授所問大乘經\佛說無畏授所問大乘經__juan_03.txt,2762,2762,0
宋朝,341838,佛說無能勝幡王如來莊嚴陀羅尼經,佛說無能勝幡王如來莊嚴陀羅尼經,佛說無能勝幡王如來莊嚴陀羅尼經,1,scrape_output\raw\宋朝\佛說無能勝幡王如來莊嚴陀羅尼經\佛說無能勝幡王如來莊嚴陀羅尼經__juan_01.txt,scrape_output\clean\宋朝\佛說無能勝幡王如來莊嚴陀羅尼經\佛說無能勝幡王如來莊嚴陀羅尼經__juan_01.txt,4073,3182,0
宋朝,875271,佛說目連所問經,佛說目連所問經,佛說目連所問經,1,scrape_output\raw\宋朝\佛說目連所問經\佛說目連所問經__juan_01.txt,scrape_output\clean\宋朝\佛說目連所問經\佛說目連所問經__juan_01.txt,1025,930,0
宋朝,196228,佛說聖佛母般若波羅蜜多經,佛說聖佛母般若波羅蜜多經,佛說聖佛母般若波羅蜜多經,1,scrape_output\raw\宋朝\佛說聖佛母般若波羅蜜多經\佛說聖佛母般若波羅蜜多經__juan_01.txt,scrape_output\clean\宋朝\佛說聖佛母般若波羅蜜多經\佛說聖佛母般若波羅蜜多經__juan_01.txt,1005,878,0
宋朝,199667,佛說苾芻迦尸迦十法經,佛說苾芻迦尸迦十法經,佛說苾芻迦尸迦十法經,1,scrape_output\raw\宋朝\佛說苾芻迦尸迦十法經\佛說苾芻迦尸迦十法經__juan_01.txt,scrape_output\clean\宋朝\佛說苾芻迦尸迦十法經\佛說苾芻迦尸迦十法經__juan_01.txt,1324,1276,0
宋朝,1049374,佛說菩薩內戒經,佛說菩薩內戒經,佛說菩薩內戒經,1,scrape_output\raw\宋朝\佛說菩薩內戒經\佛說菩薩內戒經__juan_01.txt,scrape_output\clean\宋朝\佛說菩薩內戒經\佛說菩薩內戒經__juan_01.txt,9267,9175,0
宋朝,196230,佛說觀想佛母般若波羅蜜多菩薩經,佛說觀想佛母般若波羅蜜多菩薩經,佛說觀想佛母般若波羅蜜多菩薩經,1,scrape_output\raw\宋朝\佛說觀想佛母般若波羅蜜多菩薩經\佛說觀想佛母般若波羅蜜多菩薩經__juan_01.txt,scrape_output\clean\宋朝\佛說觀想佛母般若波羅蜜多菩薩經\佛說觀想佛母般若波羅蜜多菩薩經__juan_01.txt,1146,968,0
宋朝,875241,佛說護國尊者所問大乘經,佛說護國尊者所問大乘經,佛說護國尊者所問大乘經,1,scrape_output\raw\宋朝\佛說護國尊者所問大乘經\佛說護國尊者所問大乘經__juan_01.txt,scrape_output\clean\宋朝\佛說護國尊者所問大乘經\佛說護國尊者所問大乘經__juan_01.txt,21473,21371,0
宋朝,1049377,佛說迦葉禁戒經,佛說迦葉禁戒經,佛說迦葉禁戒經,1,scrape_output\raw\宋朝\佛說迦葉禁戒經\佛說迦葉禁戒經__juan_01.txt,scrape_output\clean\宋朝\佛說迦葉禁戒經\佛說迦葉禁戒經__juan_01.txt,1448,1356,0
宋朝,875287,佛說遍照般若波羅蜜經,佛說遍照般若波羅蜜經,佛說遍照般若波羅蜜經,1,scrape_output\raw\宋朝\佛說遍照般若波羅蜜經\佛說遍照般若波羅蜜經__juan_01.txt,scrape_output\clean\宋朝\佛說遍照般若波羅蜜經\佛說遍照般若波羅蜜經__juan_01.txt,4366,3904,0
宋朝,875178,佛說醫喻經,佛說醫喻經,佛說醫喻經,1,scrape_output\raw\宋朝\佛說醫喻經\佛說醫喻經__juan_01.txt,scrape_output\clean\宋朝\佛說醫喻經\佛說醫喻經__juan_01.txt,699,607,0
宋朝,1195279,佛遺教經論疏節要,佛遺教經論疏節要,佛遺教經論疏節要,1,scrape_output\raw\宋朝\佛遺教經論疏節要\佛遺教經論疏節要__juan_01.txt,scrape_output\clean\宋朝\佛遺教經論疏節要\佛遺教經論疏節要__juan_01.txt,20903,20637,0
宋朝,1186743,作邑自箴,作邑自箴/卷一,作邑自箴,1,scrape_output\raw\宋朝\作邑自箴\作邑自箴__juan_01.txt,scrape_output\clean\宋朝\作邑自箴\作邑自箴__juan_01.txt,2183,2129,0
宋朝,1186743,作邑自箴,作邑自箴/卷二,作邑自箴,2,scrape_output\raw\宋朝\作邑自箴\作邑自箴__juan_02.txt,scrape_output\clean\宋朝\作邑自箴\作邑自箴__juan_02.txt,2014,1956,0
宋朝,1186743,作邑自箴,作邑自箴/卷三,作邑自箴,3,scrape_output\raw\宋朝\作邑自箴\作邑自箴__juan_03.txt,scrape_output\clean\宋朝\作邑自箴\作邑自箴__juan_03.txt,1841,1787,0
宋朝,1186743,作邑自箴,作邑自箴/卷四,作邑自箴,4,scrape_output\raw\宋朝\作邑自箴\作邑自箴__juan_04.txt,scrape_output\clean\宋朝\作邑自箴\作邑自箴__juan_04.txt,2126,2066,0
宋朝,1186743,作邑自箴,作邑自箴/卷五,作邑自箴,5,scrape_output\raw\宋朝\作邑自箴\作邑自箴__juan_05.txt,scrape_output\clean\宋朝\作邑自箴\作邑自箴__juan_05.txt,3554,3465,0
宋朝,1186743,作邑自箴,作邑自箴/卷六,作邑自箴,6,scrape_output\raw\宋朝\作邑自箴\作邑自箴__juan_06.txt,scrape_output\clean\宋朝\作邑自箴\作邑自箴__juan_06.txt,2621,2543,0
宋朝,1186743,作邑自箴,作邑自箴/卷七,作邑自箴,7,scrape_output\raw\宋朝\作邑自箴\作邑自箴__juan_07.txt,scrape_output\clean\宋朝\作邑自箴\作邑自箴__juan_07.txt,1748,1660,0
宋朝,1186743,作邑自箴,作邑自箴/卷八,作邑自箴,8,scrape_output\raw\宋朝\作邑自箴\作邑自箴__juan_08.txt,scrape_output\clean\宋朝\作邑自箴\作邑自箴__juan_08.txt,1793,1717,0
宋朝,1186743,作邑自箴,作邑自箴/卷九,作邑自箴,9,scrape_output\raw\宋朝\作邑自箴\作邑自箴__juan_09.txt,scrape_output\clean\宋朝\作邑自箴\作邑自箴__juan_09.txt,1997,1938,0
宋朝,1186743,作邑自箴,作邑自箴/卷十,作邑自箴,10,scrape_output\raw\宋朝\作邑自箴\作邑自箴__juan_10.txt,scrape_output\clean\宋朝\作邑自箴\作邑自箴__juan_10.txt,1855,1761,0
宋朝,1186743,作邑自箴,作邑自箴/序,作邑自箴,11,scrape_output\raw\宋朝\作邑自箴\作邑自箴__juan_11.txt,scrape_output\clean\宋朝\作邑自箴\作邑自箴__juan_11.txt,233,189,0
宋朝,1186743,作邑自箴,作邑自箴/跋,作邑自箴,12,scrape_output\raw\宋朝\作邑自箴\作邑自箴__juan_12.txt,scrape_output\clean\宋朝\作邑自箴\作邑自箴__juan_12.txt,288,244,0
宋朝,31635,依韻和僧說上人見訪,依韻和僧說上人見訪,依韻和僧說上人見訪,1,scrape_output\raw\宋朝\依韻和僧說上人見訪\依韻和僧說上人見訪__juan_01.txt,scrape_output\clean\宋朝\依韻和僧說上人見訪\依韻和僧說上人見訪__juan_01.txt,133,89,0
宋朝,50832,依韻和子聰夜雨,依韻和子聰夜雨,依韻和子聰夜雨,1,scrape_output\raw\宋朝\依韻和子聰夜雨\依韻和子聰夜雨__juan_01.txt,scrape_output\clean\宋朝\依韻和子聰夜雨\依韻和子聰夜雨__juan_01.txt,133,89,0
宋朝,31637,依韻和守賢上人晚秋書事,依韻和守賢上人晚秋書事,依韻和守賢上人晚秋書事,1,scrape_output\raw\宋朝\依韻和守賢上人晚秋書事\依韻和守賢上人晚秋書事__juan_01.txt,scrape_output\clean\宋朝\依韻和守賢上人晚秋書事\依韻和守賢上人晚秋書事__juan_01.txt,171,125,0
宋朝,657449,促織經 (賈似道),促織經 (賈似道)/卷之上,促織經 (賈似道),1,scrape_output\raw\宋朝\促織經 (賈似道)\促織經 (賈似道)__juan_01.txt,scrape_output\clean\宋朝\促織經 (賈似道)\促織經 (賈似道)__juan_01.txt,6082,6073,0
宋朝,657449,促織經 (賈似道),促織經 (賈似道)/卷之下,促織經 (賈似道),2,scrape_output\raw\宋朝\促織經 (賈似道)\促織經 (賈似道)__juan_02.txt,scrape_output\clean\宋朝\促織經 (賈似道)\促織經 (賈似道)__juan_02.txt,8008,7897,0
宋朝,180009,偶得牡丹數本移植窻外將有著花意二首,偶得牡丹數本移植窻外將有著花意二首,偶得牡丹數本移植窻外將有著花意二首,1,scrape_output\raw\宋朝\偶得牡丹數本移植窻外將有著花意二首\偶得牡丹數本移植窻外將有著花意二首__juan_01.txt,scrape_output\clean\宋朝\偶得牡丹數本移植窻外將有著花意二首\偶得牡丹數本移植窻外將有著花意二首__juan_01.txt,157,113,0
宋朝,51737,偶成 (李清照),偶成 (李清照),偶成 (李清照),1,scrape_output\raw\宋朝\偶成 (李清照)\偶成 (李清照)__juan_01.txt,scrape_output\clean\宋朝\偶成 (李清照)\偶成 (李清照)__juan_01.txt,126,34,0
宋朝,59186,偶成 (珍禽飲盆池),偶成 (珍禽飲盆池),偶成 (珍禽飲盆池),1,scrape_output\raw\宋朝\偶成 (珍禽飲盆池)\偶成 (珍禽飲盆池)__juan_01.txt,scrape_output\clean\宋朝\偶成 (珍禽飲盆池)\偶成 (珍禽飲盆池)__juan_01.txt,118,26,0
宋朝,158667,偶成 (程顥),偶成 (程顥),偶成 (程顥),1,scrape_output\raw\宋朝\偶成 (程顥)\偶成 (程顥)__juan_01.txt,scrape_output\clean\宋朝\偶成 (程顥)\偶成 (程顥)__juan_01.txt,151,105,0
宋朝,29859,偶書 (邵雍),偶書 (邵雍),偶書 (邵雍),1,scrape_output\raw\宋朝\偶書 (邵雍)\偶書 (邵雍)__juan_01.txt,scrape_output\clean\宋朝\偶書 (邵雍)\偶書 (邵雍)__juan_01.txt,133,89,0
宋朝,200417,偶書 (陳襄),偶書 (陳襄),偶書 (陳襄),1,scrape_output\raw\宋朝\偶書 (陳襄)\偶書 (陳襄)__juan_01.txt,scrape_output\clean\宋朝\偶書 (陳襄)\偶書 (陳襄)__juan_01.txt,636,69,0
宋朝,24990,偶題 (張耒),偶題 (張耒),偶題 (張耒),1,scrape_output\raw\宋朝\偶題 (張耒)\偶題 (張耒)__juan_01.txt,scrape_output\clean\宋朝\偶題 (張耒)\偶題 (張耒)__juan_01.txt,71,70,0
宋朝,253853,催陣使,催陣使,催陣使,1,scrape_output\raw\宋朝\催陣使\催陣使__juan_01.txt,scrape_output\clean\宋朝\催陣使\催陣使__juan_01.txt,573,573,0
宋朝,760972,傷寒九十論,傷寒九十論,傷寒九十論,1,scrape_output\raw\宋朝\傷寒九十論\傷寒九十論__juan_01.txt,scrape_output\clean\宋朝\傷寒九十論\傷寒九十論__juan_01.txt,23988,23980,0
宋朝,760988,傷寒法祖,傷寒法祖,傷寒法祖,1,scrape_output\raw\宋朝\傷寒法祖\傷寒法祖__juan_01.txt,scrape_output\clean\宋朝\傷寒法祖\傷寒法祖__juan_01.txt,40733,40730,0
宋朝,760974,傷寒發微論,傷寒發微論,傷寒發微論,1,scrape_output\raw\宋朝\傷寒發微論\傷寒發微論__juan_01.txt,scrape_output\clean\宋朝\傷寒發微論\傷寒發微論__juan_01.txt,9418,8024,0
宋朝,760973,傷寒百證歌,傷寒百證歌,傷寒百證歌,1,scrape_output\raw\宋朝\傷寒百證歌\傷寒百證歌__juan_01.txt,scrape_output\clean\宋朝\傷寒百證歌\傷寒百證歌__juan_01.txt,36820,36801,0
宋朝,760970,傷寒類證活人書,傷寒類證活人書,傷寒類證活人書,1,scrape_output\raw\宋朝\傷寒類證活人書\傷寒類證活人書__juan_01.txt,scrape_output\clean\宋朝\傷寒類證活人書\傷寒類證活人書__juan_01.txt,115441,109909,0
宋朝,50834,傷桑,傷桑,傷桑,1,scrape_output\raw\宋朝\傷桑\傷桑__juan_01.txt,scrape_output\clean\宋朝\傷桑\傷桑__juan_01.txt,133,89,0
宋朝,50829,傷白雞,傷白雞,傷白雞,1,scrape_output\raw\宋朝\傷白雞\傷白雞__juan_01.txt,scrape_output\clean\宋朝\傷白雞\傷白雞__juan_01.txt,357,313,0
宋朝,55657,儒言,儒言,儒言,1,scrape_output\raw\宋朝\儒言\儒言__juan_01.txt,scrape_output\clean\宋朝\儒言\儒言__juan_01.txt,8799,8694,0
宋朝,92296,優古堂詩話,優古堂詩話,優古堂詩話,1,scrape_output\raw\宋朝\優古堂詩話\優古堂詩話__juan_01.txt,scrape_output\clean\宋朝\優古堂詩話\優古堂詩話__juan_01.txt,19542,19537,0
宋朝,1049090,優波離問佛經,優波離問佛經,優波離問佛經,1,scrape_output\raw\宋朝\優波離問佛經\優波離問佛經__juan_01.txt,scrape_output\clean\宋朝\優波離問佛經\優波離問佛經__juan_01.txt,11899,11759,0
宋朝,35640,元夜憶群從,元夜憶群從,元夜憶群從,1,scrape_output\raw\宋朝\元夜憶群從\元夜憶群從__juan_01.txt,scrape_output\clean\宋朝\元夜憶群從\元夜憶群從__juan_01.txt,136,89,0
宋朝,822582,元始無量度人上品妙經四註,元始無量度人上品妙經四註/1,元始無量度人上品妙經四註,1,scrape_output\raw\宋朝\元始無量度人上品妙經四註\元始無量度人上品妙經四註__juan_01.txt,scrape_output\clean\宋朝\元始無量度人上品妙經四註\元始無量度人上品妙經四註__juan_01.txt,11490,11444,0
宋朝,822582,元始無量度人上品妙經四註,元始無量度人上品妙經四註/2,元始無量度人上品妙經四註,2,scrape_output\raw\宋朝\元始無量度人上品妙經四註\元始無量度人上品妙經四註__juan_02.txt,scrape_output\clean\宋朝\元始無量度人上品妙經四註\元始無量度人上品妙經四註__juan_02.txt,25182,24982,0
宋朝,822582,元始無量度人上品妙經四註,元始無量度人上品妙經四註/3,元始無量度人上品妙經四註,3,scrape_output\raw\宋朝\元始無量度人上品妙經四註\元始無量度人上品妙經四註__juan_03.txt,scrape_output\clean\宋朝\元始無量度人上品妙經四註\元始無量度人上品妙經四註__juan_03.txt,17760,17606,0
宋朝,822582,元始無量度人上品妙經四註,元始無量度人上品妙經四註/4,元始無量度人上品妙經四註,4,scrape_output\raw\宋朝\元始無量度人上品妙經四註\元始無量度人上品妙經四註__juan_04.txt,scrape_output\clean\宋朝\元始無量度人上品妙經四註\元始無量度人上品妙經四註__juan_04.txt,11541,11450,0
宋朝,179720,元豐類稿,元豐類稿/卷一,元豐類稿,1,scrape_output\raw\宋朝\元豐類稿\元豐類稿__juan_01.txt,scrape_output\clean\宋朝\元豐類稿\元豐類稿__juan_01.txt,4500,4377,0
宋朝,179720,元豐類稿,元豐類稿/卷二,元豐類稿,2,scrape_output\raw\宋朝\元豐類稿\元豐類稿__juan_02.txt,scrape_output\clean\宋朝\元豐類稿\元豐類稿__juan_02.txt,5933,5797,0
宋朝,179720,元豐類稿,元豐類稿/卷三,元豐類稿,3,scrape_output\raw\宋朝\元豐類稿\元豐類稿__juan_03.txt,scrape_output\clean\宋朝\元豐類稿\元豐類稿__juan_03.txt,4922,4789,0
宋朝,179720,元豐類稿,元豐類稿/卷四,元豐類稿,4,scrape_output\raw\宋朝\元豐類稿\元豐類稿__juan_04.txt,scrape_output\clean\宋朝\元豐類稿\元豐類稿__juan_04.txt,7580,7449,0
宋朝,179720,元豐類稿,元豐類稿/卷五,元豐類稿,5,scrape_output\raw\宋朝\元豐類稿\元豐類稿__juan_05.txt,scrape_output\clean\宋朝\元豐類稿\元豐類稿__juan_05.txt,5122,4996,0
宋朝,179720,元豐類稿,元豐類稿/卷六,元豐類稿,6,scrape_output\raw\宋朝\元豐類稿\元豐類稿__juan_06.txt,scrape_output\clean\宋朝\元豐類稿\元豐類稿__juan_06.txt,6469,6346,0
宋朝,179720,元豐類稿,元豐類稿/卷七,元豐類稿,7,scrape_output\raw\宋朝\元豐類稿\元豐類稿__juan_07.txt,scrape_output\clean\宋朝\元豐類稿\元豐類稿__juan_07.txt,4539,4409,0
宋朝,179720,元豐類稿,元豐類稿/卷八,元豐類稿,8,scrape_output\raw\宋朝\元豐類稿\元豐類稿__juan_08.txt,scrape_output\clean\宋朝\元豐類稿\元豐類稿__juan_08.txt,5588,5451,0
宋朝,179720,元豐類稿,元豐類稿/卷九,元豐類稿,9,scrape_output\raw\宋朝\元豐類稿\元豐類稿__juan_09.txt,scrape_output\clean\宋朝\元豐類稿\元豐類稿__juan_09.txt,7909,7754,0
宋朝,179720,元豐類稿,元豐類稿/卷十,元豐類稿,10,scrape_output\raw\宋朝\元豐類稿\元豐類稿__juan_10.txt,scrape_output\clean\宋朝\元豐類稿\元豐類稿__juan_10.txt,12899,12626,0
宋朝,179720,元豐類稿,元豐類稿/卷十一,元豐類稿,11,scrape_output\raw\宋朝\元豐類稿\元豐類稿__juan_11.txt,scrape_output\clean\宋朝\元豐類稿\元豐類稿__juan_11.txt,8064,7919,0
宋朝,179720,元豐類稿,元豐類稿/卷十二,元豐類稿,12,scrape_output\raw\宋朝\元豐類稿\元豐類稿__juan_12.txt,scrape_output\clean\宋朝\元豐類稿\元豐類稿__juan_12.txt,5276,5147,0
宋朝,179720,元豐類稿,元豐類稿/卷十三,元豐類稿,13,scrape_output\raw\宋朝\元豐類稿\元豐類稿__juan_13.txt,scrape_output\clean\宋朝\元豐類稿\元豐類稿__juan_13.txt,6493,6355,0
宋朝,179720,元豐類稿,元豐類稿/卷十四,元豐類稿,14,scrape_output\raw\宋朝\元豐類稿\元豐類稿__juan_14.txt,scrape_output\clean\宋朝\元豐類稿\元豐類稿__juan_14.txt,5447,5314,0
宋朝,179720,元豐類稿,元豐類稿/卷十五,元豐類稿,15,scrape_output\raw\宋朝\元豐類稿\元豐類稿__juan_15.txt,scrape_output\clean\宋朝\元豐類稿\元豐類稿__juan_15.txt,9758,9615,0
宋朝,179720,元豐類稿,元豐類稿/卷十六,元豐類稿,16,scrape_output\raw\宋朝\元豐類稿\元豐類稿__juan_16.txt,scrape_output\clean\宋朝\元豐類稿\元豐類稿__juan_16.txt,10876,10694,0
宋朝,179720,元豐類稿,元豐類稿/卷十八,元豐類稿,17,scrape_output\raw\宋朝\元豐類稿\元豐類稿__juan_17.txt,scrape_output\clean\宋朝\元豐類稿\元豐類稿__juan_17.txt,8492,8365,0
宋朝,179720,元豐類稿,元豐類稿/卷十九,元豐類稿,18,scrape_output\raw\宋朝\元豐類稿\元豐類稿__juan_18.txt,scrape_output\clean\宋朝\元豐類稿\元豐類稿__juan_18.txt,6856,6732,0
宋朝,179720,元豐類稿,元豐類稿/卷二十,元豐類稿,19,scrape_output\raw\宋朝\元豐類稿\元豐類稿__juan_19.txt,scrape_output\clean\宋朝\元豐類稿\元豐類稿__juan_19.txt,3860,3730,0
宋朝,179720,元豐類稿,元豐類稿/卷二十一,元豐類稿,20,scrape_output\raw\宋朝\元豐類稿\元豐類稿__juan_20.txt,scrape_output\clean\宋朝\元豐類稿\元豐類稿__juan_20.txt,4585,4447,0
宋朝,179720,元豐類稿,元豐類稿/卷二十二,元豐類稿,21,scrape_output\raw\宋朝\元豐類稿\元豐類稿__juan_21.txt,scrape_output\clean\宋朝\元豐類稿\元豐類稿__juan_21.txt,4594,4469,0
宋朝,179720,元豐類稿,元豐類稿/卷二十三,元豐類稿,22,scrape_output\raw\宋朝\元豐類稿\元豐類稿__juan_22.txt,scrape_output\clean\宋朝\元豐類稿\元豐類稿__juan_22.txt,6306,6179,0
宋朝,179720,元豐類稿,元豐類稿/卷二十四,元豐類稿,23,scrape_output\raw\宋朝\元豐類稿\元豐類稿__juan_23.txt,scrape_output\clean\宋朝\元豐類稿\元豐類稿__juan_23.txt,4040,3917,0
宋朝,179720,元豐類稿,元豐類稿/卷二十五,元豐類稿,24,scrape_output\raw\宋朝\元豐類稿\元豐類稿__juan_24.txt,scrape_output\clean\宋朝\元豐類稿\元豐類稿__juan_24.txt,4721,4594,0
宋朝,179720,元豐類稿,元豐類稿/卷二十六,元豐類稿,25,scrape_output\raw\宋朝\元豐類稿\元豐類稿__juan_25.txt,scrape_output\clean\宋朝\元豐類稿\元豐類稿__juan_25.txt,4811,4678,0
宋朝,179720,元豐類稿,元豐類稿/卷二十七,元豐類稿,26,scrape_output\raw\宋朝\元豐類稿\元豐類稿__juan_26.txt,scrape_output\clean\宋朝\元豐類稿\元豐類稿__juan_26.txt,5820,5697,0
宋朝,179720,元豐類稿,元豐類稿/卷二十八,元豐類稿,27,scrape_output\raw\宋朝\元豐類稿\元豐類稿__juan_27.txt,scrape_output\clean\宋朝\元豐類稿\元豐類稿__juan_27.txt,4694,4571,0
宋朝,179720,元豐類稿,元豐類稿/卷二十九,元豐類稿,28,scrape_output\raw\宋朝\元豐類稿\元豐類稿__juan_28.txt,scrape_output\clean\宋朝\元豐類稿\元豐類稿__juan_28.txt,4458,4318,0
宋朝,179720,元豐類稿,元豐類稿/卷三十,元豐類稿,29,scrape_output\raw\宋朝\元豐類稿\元豐類稿__juan_29.txt,scrape_output\clean\宋朝\元豐類稿\元豐類稿__juan_29.txt,8724,8601,0
宋朝,179720,元豐類稿,元豐類稿/卷三十一,元豐類稿,30,scrape_output\raw\宋朝\元豐類稿\元豐類稿__juan_30.txt,scrape_output\clean\宋朝\元豐類稿\元豐類稿__juan_30.txt,5340,5217,0
宋朝,179720,元豐類稿,元豐類稿/卷三十二,元豐類稿,31,scrape_output\raw\宋朝\元豐類稿\元豐類稿__juan_31.txt,scrape_output\clean\宋朝\元豐類稿\元豐類稿__juan_31.txt,6153,6028,0
宋朝,179720,元豐類稿,元豐類稿/卷三十四,元豐類稿,32,scrape_output\raw\宋朝\元豐類稿\元豐類稿__juan_32.txt,scrape_output\clean\宋朝\元豐類稿\元豐類稿__juan_32.txt,4978,4843,0
宋朝,179720,元豐類稿,元豐類稿/卷三十五,元豐類稿,33,scrape_output\raw\宋朝\元豐類稿\元豐類稿__juan_33.txt,scrape_output\clean\宋朝\元豐類稿\元豐類稿__juan_33.txt,3190,3067,0
宋朝,179720,元豐類稿,元豐類稿/卷三十六,元豐類稿,34,scrape_output\raw\宋朝\元豐類稿\元豐類稿__juan_34.txt,scrape_output\clean\宋朝\元豐類稿\元豐類稿__juan_34.txt,4949,4822,0
宋朝,179720,元豐類稿,元豐類稿/卷三十七,元豐類稿,35,scrape_output\raw\宋朝\元豐類稿\元豐類稿__juan_35.txt,scrape_output\clean\宋朝\元豐類稿\元豐類稿__juan_35.txt,4554,4429,0
宋朝,179720,元豐類稿,元豐類稿/卷三十八,元豐類稿,36,scrape_output\raw\宋朝\元豐類稿\元豐類稿__juan_36.txt,scrape_output\clean\宋朝\元豐類稿\元豐類稿__juan_36.txt,4723,4600,0
宋朝,179720,元豐類稿,元豐類稿/卷三十九,元豐類稿,37,scrape_output\raw\宋朝\元豐類稿\元豐類稿__juan_37.txt,scrape_output\clean\宋朝\元豐類稿\元豐類稿__juan_37.txt,3344,3214,0
宋朝,179720,元豐類稿,元豐類稿/卷四十,元豐類稿,38,scrape_output\raw\宋朝\元豐類稿\元豐類稿__juan_38.txt,scrape_output\clean\宋朝\元豐類稿\元豐類稿__juan_38.txt,3462,3336,0
宋朝,179720,元豐類稿,元豐類稿/卷四十一,元豐類稿,39,scrape_output\raw\宋朝\元豐類稿\元豐類稿__juan_39.txt,scrape_output\clean\宋朝\元豐類稿\元豐類稿__juan_39.txt,3379,3236,0
宋朝,179720,元豐類稿,元豐類稿/卷四十二,元豐類稿,40,scrape_output\raw\宋朝\元豐類稿\元豐類稿__juan_40.txt,scrape_output\clean\宋朝\元豐類稿\元豐類稿__juan_40.txt,8117,7994,0
宋朝,179720,元豐類稿,元豐類稿/卷四十三,元豐類稿,41,scrape_output\raw\宋朝\元豐類稿\元豐類稿__juan_41.txt,scrape_output\clean\宋朝\元豐類稿\元豐類稿__juan_41.txt,6501,6356,0
宋朝,179720,元豐類稿,元豐類稿/卷四十四,元豐類稿,42,scrape_output\raw\宋朝\元豐類稿\元豐類稿__juan_42.txt,scrape_output\clean\宋朝\元豐類稿\元豐類稿__juan_42.txt,6600,6453,0
宋朝,179720,元豐類稿,元豐類稿/卷四十五,元豐類稿,43,scrape_output\raw\宋朝\元豐類稿\元豐類稿__juan_43.txt,scrape_output\clean\宋朝\元豐類稿\元豐類稿__juan_43.txt,9206,9069,0
宋朝,179720,元豐類稿,元豐類稿/卷四十九,元豐類稿,44,scrape_output\raw\宋朝\元豐類稿\元豐類稿__juan_44.txt,scrape_output\clean\宋朝\元豐類稿\元豐類稿__juan_44.txt,11304,11178,0
宋朝,179720,元豐類稿,元豐類稿/卷五十,元豐類稿,45,scrape_output\raw\宋朝\元豐類稿\元豐類稿__juan_45.txt,scrape_output\clean\宋朝\元豐類稿\元豐類稿__juan_45.txt,3522,3341,0
宋朝,179720,元豐類稿,元豐類稿/卷五十一,元豐類稿,46,scrape_output\raw\宋朝\元豐類稿\元豐類稿__juan_46.txt,scrape_output\clean\宋朝\元豐類稿\元豐類稿__juan_46.txt,7110,6910,0
宋朝,179720,元豐類稿,元豐類稿/卷五十二,元豐類稿,47,scrape_output\raw\宋朝\元豐類稿\元豐類稿__juan_47.txt,scrape_output\clean\宋朝\元豐類稿\元豐類稿__juan_47.txt,8920,8749,0
宋朝,201033,克己複禮詩,克己複禮詩,克己複禮詩,1,scrape_output\raw\宋朝\克己複禮詩\克己複禮詩__juan_01.txt,scrape_output\clean\宋朝\克己複禮詩\克己複禮詩__juan_01.txt,128,36,0
宋朝,29651,內前行,內前行,內前行,1,scrape_output\raw\宋朝\內前行\內前行__juan_01.txt,scrape_output\clean\宋朝\內前行\內前行__juan_01.txt,185,141,0
宋朝,760943,內經知要,內經知要,內經知要,1,scrape_output\raw\宋朝\內經知要\內經知要__juan_01.txt,scrape_output\clean\宋朝\內經知要\內經知要__juan_01.txt,71029,69188,0
宋朝,870612,全唐詩話,全唐詩話/卷一,全唐詩話,1,scrape_output\raw\宋朝\全唐詩話\全唐詩話__juan_01.txt,scrape_output\clean\宋朝\全唐詩話\全唐詩話__juan_01.txt,13700,13643,0
宋朝,870612,全唐詩話,全唐詩話/卷二,全唐詩話,2,scrape_output\raw\宋朝\全唐詩話\全唐詩話__juan_02.txt,scrape_output\clean\宋朝\全唐詩話\全唐詩話__juan_02.txt,16024,15957,0
宋朝,870612,全唐詩話,全唐詩話/卷三,全唐詩話,3,scrape_output\raw\宋朝\全唐詩話\全唐詩話__juan_03.txt,scrape_output\clean\宋朝\全唐詩話\全唐詩話__juan_03.txt,15232,15131,0
宋朝,870612,全唐詩話,全唐詩話/卷四,全唐詩話,4,scrape_output\raw\宋朝\全唐詩話\全唐詩話__juan_04.txt,scrape_output\clean\宋朝\全唐詩話\全唐詩話__juan_04.txt,16175,16072,0
宋朝,870612,全唐詩話,全唐詩話/卷五,全唐詩話,5,scrape_output\raw\宋朝\全唐詩話\全唐詩話__juan_05.txt,scrape_output\clean\宋朝\全唐詩話\全唐詩話__juan_05.txt,13290,13226,0
宋朝,870612,全唐詩話,全唐詩話/卷六,全唐詩話,6,scrape_output\raw\宋朝\全唐詩話\全唐詩話__juan_06.txt,scrape_output\clean\宋朝\全唐詩話\全唐詩話__juan_06.txt,13445,13375,0
宋朝,870612,全唐詩話,全唐詩話/序,全唐詩話,7,scrape_output\raw\宋朝\全唐詩話\全唐詩話__juan_07.txt,scrape_output\clean\宋朝\全唐詩話\全唐詩話__juan_07.txt,219,219,0
宋朝,352047,全生指迷方,全生指迷方/卷一,全生指迷方,1,scrape_output\raw\宋朝\全生指迷方\全生指迷方__juan_01.txt,scrape_output\clean\宋朝\全生指迷方\全生指迷方__juan_01.txt,5837,5788,0
宋朝,352047,全生指迷方,全生指迷方/卷二,全生指迷方,2,scrape_output\raw\宋朝\全生指迷方\全生指迷方__juan_02.txt,scrape_output\clean\宋朝\全生指迷方\全生指迷方__juan_02.txt,6206,6110,0
宋朝,352047,全生指迷方,全生指迷方/卷三,全生指迷方,3,scrape_output\raw\宋朝\全生指迷方\全生指迷方__juan_03.txt,scrape_output\clean\宋朝\全生指迷方\全生指迷方__juan_03.txt,0,0,1
宋朝,352047,全生指迷方,全生指迷方/卷四,全生指迷方,4,scrape_output\raw\宋朝\全生指迷方\全生指迷方__juan_04.txt,scrape_output\clean\宋朝\全生指迷方\全生指迷方__juan_04.txt,0,0,1
宋朝,35651,兩木,兩木,兩木,1,scrape_output\raw\宋朝\兩木\兩木__juan_01.txt,scrape_output\clean\宋朝\兩木\兩木__juan_01.txt,346,285,0
宋朝,199400,兩漢筆記,兩漢筆記/卷一,兩漢筆記,1,scrape_output\raw\宋朝\兩漢筆記\兩漢筆記__juan_01.txt,scrape_output\clean\宋朝\兩漢筆記\兩漢筆記__juan_01.txt,805,802,0
宋朝,199400,兩漢筆記,兩漢筆記/卷二,兩漢筆記,2,scrape_output\raw\宋朝\兩漢筆記\兩漢筆記__juan_02.txt,scrape_output\clean\宋朝\兩漢筆記\兩漢筆記__juan_02.txt,0,0,1
宋朝,199400,兩漢筆記,兩漢筆記/卷三,兩漢筆記,3,scrape_output\raw\宋朝\兩漢筆記\兩漢筆記__juan_03.txt,scrape_output\clean\宋朝\兩漢筆記\兩漢筆記__juan_03.txt,0,0,1
宋朝,199400,兩漢筆記,兩漢筆記/卷四,兩漢筆記,4,scrape_output\raw\宋朝\兩漢筆記\兩漢筆記__juan_04.txt,scrape_output\clean\宋朝\兩漢筆記\兩漢筆記__juan_04.txt,0,0,1
宋朝,199400,兩漢筆記,兩漢筆記/卷五,兩漢筆記,5,scrape_output\raw\宋朝\兩漢筆記\兩漢筆記__juan_05.txt,scrape_output\clean\宋朝\兩漢筆記\兩漢筆記__juan_05.txt,0,0,1
宋朝,199400,兩漢筆記,兩漢筆記/卷六,兩漢筆記,6,scrape_output\raw\宋朝\兩漢筆記\兩漢筆記__juan_06.txt,scrape_output\clean\宋朝\兩漢筆記\兩漢筆記__juan_06.txt,0,0,1
宋朝,199400,兩漢筆記,兩漢筆記/卷七,兩漢筆記,7,scrape_output\raw\宋朝\兩漢筆記\兩漢筆記__juan_07.txt,scrape_output\clean\宋朝\兩漢筆記\兩漢筆記__juan_07.txt,0,0,1
宋朝,199400,兩漢筆記,兩漢筆記/卷八,兩漢筆記,8,scrape_output\raw\宋朝\兩漢筆記\兩漢筆記__juan_08.txt,scrape_output\clean\宋朝\兩漢筆記\兩漢筆記__juan_08.txt,0,0,1
宋朝,199400,兩漢筆記,兩漢筆記/卷九,兩漢筆記,9,scrape_output\raw\宋朝\兩漢筆記\兩漢筆記__juan_09.txt,scrape_output\clean\宋朝\兩漢筆記\兩漢筆記__juan_09.txt,0,0,1
宋朝,199400,兩漢筆記,兩漢筆記/卷十,兩漢筆記,10,scrape_output\raw\宋朝\兩漢筆記\兩漢筆記__juan_10.txt,scrape_output\clean\宋朝\兩漢筆記\兩漢筆記__juan_10.txt,0,0,1
宋朝,199400,兩漢筆記,兩漢筆記/卷十一,兩漢筆記,11,scrape_output\raw\宋朝\兩漢筆記\兩漢筆記__juan_11.txt,scrape_output\clean\宋朝\兩漢筆記\兩漢筆記__juan_11.txt,0,0,1
宋朝,199400,兩漢筆記,兩漢筆記/卷十二,兩漢筆記,12,scrape_output\raw\宋朝\兩漢筆記\兩漢筆記__juan_12.txt,scrape_output\clean\宋朝\兩漢筆記\兩漢筆記__juan_12.txt,0,0,1
宋朝,200992,八盜,八盜,八盜,1,scrape_output\raw\宋朝\八盜\八盜__juan_01.txt,scrape_output\clean\宋朝\八盜\八盜__juan_01.txt,532,440,0
宋朝,343431,八面鋒,八面鋒,八面鋒,1,scrape_output\raw\宋朝\八面鋒\八面鋒__juan_01.txt,scrape_output\clean\宋朝\八面鋒\八面鋒__juan_01.txt,57255,56656,0
宋朝,1123846,公孫龍子,公孫龍子/原序,公孫龍子,1,scrape_output\raw\宋朝\公孫龍子\公孫龍子__juan_01.txt,scrape_output\clean\宋朝\公孫龍子\公孫龍子__juan_01.txt,448,404,0
宋朝,1096817,六十頌如理論,六十頌如理論,六十頌如理論,1,scrape_output\raw\宋朝\六十頌如理論\六十頌如理論__juan_01.txt,scrape_output\clean\宋朝\六十頌如理論\六十頌如理論__juan_01.txt,2077,1985,0
宋朝,58943,六州,六州,六州,1,scrape_output\raw\宋朝\六州\六州__juan_01.txt,scrape_output\clean\宋朝\六州\六州__juan_01.txt,263,171,0
宋朝,887888,六州歌頭 (張孝祥),六州歌頭 (張孝祥),六州歌頭 (張孝祥),1,scrape_output\raw\宋朝\六州歌頭 (張孝祥)\六州歌頭 (張孝祥)__juan_01.txt,scrape_output\clean\宋朝\六州歌頭 (張孝祥)\六州歌頭 (張孝祥)__juan_01.txt,343,299,0
宋朝,59209,六月二十三日立秋,六月二十三日立秋,六月二十三日立秋,1,scrape_output\raw\宋朝\六月二十三日立秋\六月二十三日立秋__juan_01.txt,scrape_output\clean\宋朝\六月二十三日立秋\六月二十三日立秋__juan_01.txt,126,34,0
宋朝,179247,再和錯綜其韻,再和錯綜其韻,再和錯綜其韻,1,scrape_output\raw\宋朝\再和錯綜其韻\再和錯綜其韻__juan_01.txt,scrape_output\clean\宋朝\再和錯綜其韻\再和錯綜其韻__juan_01.txt,149,105,0
宋朝,59196,再病書懷呈仲良,再病書懷呈仲良,再病書懷呈仲良,1,scrape_output\raw\宋朝\再病書懷呈仲良\再病書懷呈仲良__juan_01.txt,scrape_output\clean\宋朝\再病書懷呈仲良\再病書懷呈仲良__juan_01.txt,233,189,0
宋朝,35684,再遊上方,再遊上方,再遊上方,1,scrape_output\raw\宋朝\再遊上方\再遊上方__juan_01.txt,scrape_output\clean\宋朝\再遊上方\再遊上方__juan_01.txt,110,65,0
宋朝,26178,冬日晚望,冬日晚望,冬日晚望,1,scrape_output\raw\宋朝\冬日晚望\冬日晚望__juan_01.txt,scrape_output\clean\宋朝\冬日晚望\冬日晚望__juan_01.txt,105,61,0
宋朝,158699,冬景,冬景,冬景,1,scrape_output\raw\宋朝\冬景\冬景__juan_01.txt,scrape_output\clean\宋朝\冬景\冬景__juan_01.txt,151,107,0
宋朝,200411,冬至日獨遊吉祥寺三首,冬至日獨遊吉祥寺三首,冬至日獨遊吉祥寺三首,1,scrape_output\raw\宋朝\冬至日獨遊吉祥寺三首\冬至日獨遊吉祥寺三首__juan_01.txt,scrape_output\clean\宋朝\冬至日獨遊吉祥寺三首\冬至日獨遊吉祥寺三首__juan_01.txt,720,153,0
宋朝,59203,分宜逆旅逢同郡客子,分宜逆旅逢同郡客子,分宜逆旅逢同郡客子,1,scrape_output\raw\宋朝\分宜逆旅逢同郡客子\分宜逆旅逢同郡客子__juan_01.txt,scrape_output\clean\宋朝\分宜逆旅逢同郡客子\分宜逆旅逢同郡客子__juan_01.txt,126,34,0
宋朝,112739,分得知字 (李清照),分得知字 (李清照),分得知字 (李清照),1,scrape_output\raw\宋朝\分得知字 (李清照)\分得知字 (李清照)__juan_01.txt,scrape_output\clean\宋朝\分得知字 (李清照)\分得知字 (李清照)__juan_01.txt,120,28,0
宋朝,59239,初入淮河四絕句,初入淮河四絕句,初入淮河四絕句,1,scrape_output\raw\宋朝\初入淮河四絕句\初入淮河四絕句__juan_01.txt,scrape_output\clean\宋朝\初入淮河四絕句\初入淮河四絕句__juan_01.txt,250,158,0
宋朝,29659,初秋行圃四首,初秋行圃四首,初秋行圃四首,1,scrape_output\raw\宋朝\初秋行圃四首\初秋行圃四首__juan_01.txt,scrape_output\clean\宋朝\初秋行圃四首\初秋行圃四首__juan_01.txt,250,158,0
宋朝,149516,初見嵩山,初見嵩山,初見嵩山,1,scrape_output\raw\宋朝\初見嵩山\初見嵩山__juan_01.txt,scrape_output\clean\宋朝\初見嵩山\初見嵩山__juan_01.txt,117,73,0
宋朝,37344,別三子,別三子,別三子,1,scrape_output\raw\宋朝\別三子\別三子__juan_01.txt,scrape_output\clean\宋朝\別三子\別三子__juan_01.txt,226,173,0
宋朝,29514,別吳教授景衡,別吳教授景衡,別吳教授景衡,1,scrape_output\raw\宋朝\別吳教授景衡\別吳教授景衡__juan_01.txt,scrape_output\clean\宋朝\別吳教授景衡\別吳教授景衡__juan_01.txt,133,89,0
宋朝,33800,別鶴曲,別鶴曲,別鶴曲,1,scrape_output\raw\宋朝\別鶴曲\別鶴曲__juan_01.txt,scrape_output\clean\宋朝\別鶴曲\別鶴曲__juan_01.txt,203,159,0
宋朝,179214,到龍山頭,到龍山頭,到龍山頭,1,scrape_output\raw\宋朝\到龍山頭\到龍山頭__juan_01.txt,scrape_output\clean\宋朝\到龍山頭\到龍山頭__juan_01.txt,133,89,0
宋朝,57238,劉氏菊譜,劉氏菊譜,劉氏菊譜,1,scrape_output\raw\宋朝\劉氏菊譜\劉氏菊譜__juan_01.txt,scrape_output\clean\宋朝\劉氏菊譜\劉氏菊譜__juan_01.txt,6271,6167,0
宋朝,37336,劉表廟,劉表廟,劉表廟,1,scrape_output\raw\宋朝\劉表廟\劉表廟__juan_01.txt,scrape_output\clean\宋朝\劉表廟\劉表廟__juan_01.txt,166,117,0
宋朝,1115349,勝軍化世百喻伽他經,勝軍化世百喻伽他經,勝軍化世百喻伽他經,1,scrape_output\raw\宋朝\勝軍化世百喻伽他經\勝軍化世百喻伽他經__juan_01.txt,scrape_output\clean\宋朝\勝軍化世百喻伽他經\勝軍化世百喻伽他經__juan_01.txt,3877,3780,0
宋朝,112238,北牕炙輠錄,北牕炙輠錄,北牕炙輠錄,1,scrape_output\raw\宋朝\北牕炙輠錄\北牕炙輠錄__juan_01.txt,scrape_output\clean\宋朝\北牕炙輠錄\北牕炙輠錄__juan_01.txt,26440,26338,0
宋朝,136105,北狩行錄,北狩行錄,北狩行錄,1,scrape_output\raw\宋朝\北狩行錄\北狩行錄__juan_01.txt,scrape_output\clean\宋朝\北狩行錄\北狩行錄__juan_01.txt,5287,5243,0
宋朝,54609,北狩見聞録,北狩見聞録,北狩見聞録,1,scrape_output\raw\宋朝\北狩見聞録\北狩見聞録__juan_01.txt,scrape_output\clean\宋朝\北狩見聞録\北狩見聞録__juan_01.txt,5129,5073,0
宋朝,1129720,北轅錄,北轅錄,北轅錄,1,scrape_output\raw\宋朝\北轅錄\北轅錄__juan_01.txt,scrape_output\clean\宋朝\北轅錄\北轅錄__juan_01.txt,3817,3767,0
宋朝,195447,北邊備對,北邊備對,北邊備對,1,scrape_output\raw\宋朝\北邊備對\北邊備對__juan_01.txt,scrape_output\clean\宋朝\北邊備對\北邊備對__juan_01.txt,3680,3662,0
宋朝,758887,十七史百將傳,十七史百將傳/卷一,十七史百將傳,1,scrape_output\raw\宋朝\十七史百將傳\十七史百將傳__juan_01.txt,scrape_output\clean\宋朝\十七史百將傳\十七史百將傳__juan_01.txt,10282,10238,0
宋朝,58939,十二时,十二时,十二时,1,scrape_output\raw\宋朝\十二时\十二时__juan_01.txt,scrape_output\clean\宋朝\十二时\十二时__juan_01.txt,278,186,0
宋朝,35671,十月朔客建業不得與兄弟上冢之列悲感成詩,十月朔客建業不得與兄弟上冢之列悲感成詩,十月朔客建業不得與兄弟上冢之列悲感成詩,1,scrape_output\raw\宋朝\十月朔客建業不得與兄弟上冢之列悲感成詩\十月朔客建業不得與兄弟上冢之列悲感成詩__juan_01.txt,scrape_output\clean\宋朝\十月朔客建業不得與兄弟上冢之列悲感成詩\十月朔客建業不得與兄弟上冢之列悲感成詩__juan_01.txt,166,117,0
宋朝,200968,十歲時遊寺賦詩,十歲時遊寺賦詩,十歲時遊寺賦詩,1,scrape_output\raw\宋朝\十歲時遊寺賦詩\十歲時遊寺賦詩__juan_01.txt,scrape_output\clean\宋朝\十歲時遊寺賦詩\十歲時遊寺賦詩__juan_01.txt,122,30,0
宋朝,999957,十誦羯磨比丘要用,十誦羯磨比丘要用,十誦羯磨比丘要用,1,scrape_output\raw\宋朝\十誦羯磨比丘要用\十誦羯磨比丘要用__juan_01.txt,scrape_output\clean\宋朝\十誦羯磨比丘要用\十誦羯磨比丘要用__juan_01.txt,13971,13597,0
宋朝,1208658,千手眼大悲心呪行法,千手眼大悲心呪行法,千手眼大悲心呪行法,1,scrape_output\raw\宋朝\千手眼大悲心呪行法\千手眼大悲心呪行法__juan_01.txt,scrape_output\clean\宋朝\千手眼大悲心呪行法\千手眼大悲心呪行法__juan_01.txt,9431,9133,0
宋朝,155913,千秋歲 (謝逸),千秋歲 (謝逸),千秋歲 (謝逸),1,scrape_output\raw\宋朝\千秋歲 (謝逸)\千秋歲 (謝逸)__juan_01.txt,scrape_output\clean\宋朝\千秋歲 (謝逸)\千秋歲 (謝逸)__juan_01.txt,202,110,0
宋朝,179181,午憩堆錢嶺,午憩堆錢嶺,午憩堆錢嶺,1,scrape_output\raw\宋朝\午憩堆錢嶺\午憩堆錢嶺__juan_01.txt,scrape_output\clean\宋朝\午憩堆錢嶺\午憩堆錢嶺__juan_01.txt,133,89,0
宋朝,179185,午憩東塘近白干江西地盡於此,午憩東塘近白干江西地盡於此,午憩東塘近白干江西地盡於此,1,scrape_output\raw\宋朝\午憩東塘近白干江西地盡於此\午憩東塘近白干江西地盡於此__juan_01.txt,scrape_output\clean\宋朝\午憩東塘近白干江西地盡於此\午憩東塘近白干江西地盡於此__juan_01.txt,133,89,0
宋朝,766417,南嶽九真人傳,南嶽九真人傳,南嶽九真人傳,1,scrape_output\raw\宋朝\南嶽九真人傳\南嶽九真人傳__juan_01.txt,scrape_output\clean\宋朝\南嶽九真人傳\南嶽九真人傳__juan_01.txt,2361,2317,0
宋朝,339934,南嶽總勝集,南嶽總勝集,南嶽總勝集,1,scrape_output\raw\宋朝\南嶽總勝集\南嶽總勝集__juan_01.txt,scrape_output\clean\宋朝\南嶽總勝集\南嶽總勝集__juan_01.txt,10114,10070,0
宋朝,47370,南徐懷古,南徐懷古,南徐懷古,1,scrape_output\raw\宋朝\南徐懷古\南徐懷古__juan_01.txt,scrape_output\clean\宋朝\南徐懷古\南徐懷古__juan_01.txt,149,105,0
宋朝,35663,南徐道中,南徐道中,南徐道中,1,scrape_output\raw\宋朝\南徐道中\南徐道中__juan_01.txt,scrape_output\clean\宋朝\南徐道中\南徐道中__juan_01.txt,152,105,0
宋朝,91695,南歌子 (李清照),南歌子 (李清照),南歌子 (李清照),1,scrape_output\raw\宋朝\南歌子 (李清照)\南歌子 (李清照)__juan_01.txt,scrape_output\clean\宋朝\南歌子 (李清照)\南歌子 (李清照)__juan_01.txt,169,75,0
宋朝,190269,南浦 (程垓),南浦 (程垓),南浦 (程垓),1,scrape_output\raw\宋朝\南浦 (程垓)\南浦 (程垓)__juan_01.txt,scrape_output\clean\宋朝\南浦 (程垓)\南浦 (程垓)__juan_01.txt,238,146,0
宋朝,199141,南海,南海,南海,1,scrape_output\raw\宋朝\南海\南海__juan_01.txt,scrape_output\clean\宋朝\南海\南海__juan_01.txt,577,89,0
宋朝,1138342,南渡錄 (辛棄疾),南渡錄 (辛棄疾),南渡錄 (辛棄疾),1,scrape_output\raw\宋朝\南渡錄 (辛棄疾)\南渡錄 (辛棄疾)__juan_01.txt,scrape_output\clean\宋朝\南渡錄 (辛棄疾)\南渡錄 (辛棄疾)__juan_01.txt,99,55,0
宋朝,1138346,南渡錄大略,南渡錄大略,南渡錄大略,1,scrape_output\raw\宋朝\南渡錄大略\南渡錄大略__juan_01.txt,scrape_output\clean\宋朝\南渡錄大略\南渡錄大略__juan_01.txt,534,534,0
宋朝,59208,南溪山居秋日睡起,南溪山居秋日睡起,南溪山居秋日睡起,1,scrape_output\raw\宋朝\南溪山居秋日睡起\南溪山居秋日睡起__juan_01.txt,scrape_output\clean\宋朝\南溪山居秋日睡起\南溪山居秋日睡起__juan_01.txt,126,34,0
宋朝,351388,南燼紀聞錄,南燼紀聞錄,南燼紀聞錄,1,scrape_output\raw\宋朝\南燼紀聞錄\南燼紀聞錄__juan_01.txt,scrape_output\clean\宋朝\南燼紀聞錄\南燼紀聞錄__juan_01.txt,20589,20486,0
宋朝,760460,南華真經口義,南華真經口義/1,南華真經口義,1,scrape_output\raw\宋朝\南華真經口義\南華真經口義__juan_01.txt,scrape_output\clean\宋朝\南華真經口義\南華真經口義__juan_01.txt,5952,5951,0
宋朝,760460,南華真經口義,南華真經口義/10,南華真經口義,2,scrape_output\raw\宋朝\南華真經口義\南華真經口義__juan_02.txt,scrape_output\clean\宋朝\南華真經口義\南華真經口義__juan_02.txt,5264,5263,0
宋朝,760460,南華真經口義,南華真經口義/11,南華真經口義,3,scrape_output\raw\宋朝\南華真經口義\南華真經口義__juan_03.txt,scrape_output\clean\宋朝\南華真經口義\南華真經口義__juan_03.txt,6273,6273,0
宋朝,760460,南華真經口義,南華真經口義/12,南華真經口義,4,scrape_output\raw\宋朝\南華真經口義\南華真經口義__juan_04.txt,scrape_output\clean\宋朝\南華真經口義\南華真經口義__juan_04.txt,3704,3700,0
宋朝,760460,南華真經口義,南華真經口義/13,南華真經口義,5,scrape_output\raw\宋朝\南華真經口義\南華真經口義__juan_05.txt,scrape_output\clean\宋朝\南華真經口義\南華真經口義__juan_05.txt,10545,10544,0
宋朝,760460,南華真經口義,南華真經口義/14,南華真經口義,6,scrape_output\raw\宋朝\南華真經口義\南華真經口義__juan_06.txt,scrape_output\clean\宋朝\南華真經口義\南華真經口義__juan_06.txt,11264,11263,0
宋朝,760460,南華真經口義,南華真經口義/15,南華真經口義,7,scrape_output\raw\宋朝\南華真經口義\南華真經口義__juan_07.txt,scrape_output\clean\宋朝\南華真經口義\南華真經口義__juan_07.txt,6947,6946,0
宋朝,760460,南華真經口義,南華真經口義/16,南華真經口義,8,scrape_output\raw\宋朝\南華真經口義\南華真經口義__juan_08.txt,scrape_output\clean\宋朝\南華真經口義\南華真經口義__juan_08.txt,7746,7734,0
宋朝,760460,南華真經口義,南華真經口義/17,南華真經口義,9,scrape_output\raw\宋朝\南華真經口義\南華真經口義__juan_09.txt,scrape_output\clean\宋朝\南華真經口義\南華真經口義__juan_09.txt,4577,4574,0
宋朝,760460,南華真經口義,南華真經口義/18,南華真經口義,10,scrape_output\raw\宋朝\南華真經口義\南華真經口義__juan_10.txt,scrape_output\clean\宋朝\南華真經口義\南華真經口義__juan_10.txt,7495,7489,0
宋朝,760460,南華真經口義,南華真經口義/19,南華真經口義,11,scrape_output\raw\宋朝\南華真經口義\南華真經口義__juan_11.txt,scrape_output\clean\宋朝\南華真經口義\南華真經口義__juan_11.txt,3872,3867,0
宋朝,760460,南華真經口義,南華真經口義/2,南華真經口義,12,scrape_output\raw\宋朝\南華真經口義\南華真經口義__juan_12.txt,scrape_output\clean\宋朝\南華真經口義\南華真經口義__juan_12.txt,4657,4657,0
宋朝,760460,南華真經口義,南華真經口義/20,南華真經口義,13,scrape_output\raw\宋朝\南華真經口義\南華真經口義__juan_13.txt,scrape_output\clean\宋朝\南華真經口義\南華真經口義__juan_13.txt,6400,6395,0
宋朝,760460,南華真經口義,南華真經口義/21,南華真經口義,14,scrape_output\raw\宋朝\南華真經口義\南華真經口義__juan_14.txt,scrape_output\clean\宋朝\南華真經口義\南華真經口義__juan_14.txt,6376,6376,0
宋朝,760460,南華真經口義,南華真經口義/22,南華真經口義,15,scrape_output\raw\宋朝\南華真經口義\南華真經口義__juan_15.txt,scrape_output\clean\宋朝\南華真經口義\南華真經口義__juan_15.txt,6108,6108,0
宋朝,760460,南華真經口義,南華真經口義/23,南華真經口義,16,scrape_output\raw\宋朝\南華真經口義\南華真經口義__juan_16.txt,scrape_output\clean\宋朝\南華真經口義\南華真經口義__juan_16.txt,9489,9475,0
宋朝,760460,南華真經口義,南華真經口義/24,南華真經口義,17,scrape_output\raw\宋朝\南華真經口義\南華真經口義__juan_17.txt,scrape_output\clean\宋朝\南華真經口義\南華真經口義__juan_17.txt,9663,9663,0
宋朝,760460,南華真經口義,南華真經口義/25,南華真經口義,18,scrape_output\raw\宋朝\南華真經口義\南華真經口義__juan_18.txt,scrape_output\clean\宋朝\南華真經口義\南華真經口義__juan_18.txt,9274,9271,0
宋朝,760460,南華真經口義,南華真經口義/26,南華真經口義,19,scrape_output\raw\宋朝\南華真經口義\南華真經口義__juan_19.txt,scrape_output\clean\宋朝\南華真經口義\南華真經口義__juan_19.txt,9049,9043,0
宋朝,760460,南華真經口義,南華真經口義/27,南華真經口義,20,scrape_output\raw\宋朝\南華真經口義\南華真經口義__juan_20.txt,scrape_output\clean\宋朝\南華真經口義\南華真經口義__juan_20.txt,5811,5790,0
宋朝,760460,南華真經口義,南華真經口義/28,南華真經口義,21,scrape_output\raw\宋朝\南華真經口義\南華真經口義__juan_21.txt,scrape_output\clean\宋朝\南華真經口義\南華真經口義__juan_21.txt,3655,3653,0
宋朝,760460,南華真經口義,南華真經口義/29,南華真經口義,22,scrape_output\raw\宋朝\南華真經口義\南華真經口義__juan_22.txt,scrape_output\clean\宋朝\南華真經口義\南華真經口義__juan_22.txt,5563,5561,0
宋朝,760460,南華真經口義,南華真經口義/3,南華真經口義,23,scrape_output\raw\宋朝\南華真經口義\南華真經口義__juan_23.txt,scrape_output\clean\宋朝\南華真經口義\南華真經口義__juan_23.txt,10520,10519,0
宋朝,760460,南華真經口義,南華真經口義/30,南華真經口義,24,scrape_output\raw\宋朝\南華真經口義\南華真經口義__juan_24.txt,scrape_output\clean\宋朝\南華真經口義\南華真經口義__juan_24.txt,7906,7906,0
宋朝,760460,南華真經口義,南華真經口義/31,南華真經口義,25,scrape_output\raw\宋朝\南華真經口義\南華真經口義__juan_25.txt,scrape_output\clean\宋朝\南華真經口義\南華真經口義__juan_25.txt,9576,9566,0
宋朝,760460,南華真經口義,南華真經口義/32,南華真經口義,26,scrape_output\raw\宋朝\南華真經口義\南華真經口義__juan_26.txt,scrape_output\clean\宋朝\南華真經口義\南華真經口義__juan_26.txt,10922,10904,0
宋朝,760460,南華真經口義,南華真經口義/4,南華真經口義,27,scrape_output\raw\宋朝\南華真經口義\南華真經口義__juan_27.txt,scrape_output\clean\宋朝\南華真經口義\南華真經口義__juan_27.txt,3604,3602,0
宋朝,760460,南華真經口義,南華真經口義/5,南華真經口義,28,scrape_output\raw\宋朝\南華真經口義\南華真經口義__juan_28.txt,scrape_output\clean\宋朝\南華真經口義\南華真經口義__juan_28.txt,7034,7033,0
宋朝,760460,南華真經口義,南華真經口義/6,南華真經口義,29,scrape_output\raw\宋朝\南華真經口義\南華真經口義__juan_29.txt,scrape_output\clean\宋朝\南華真經口義\南華真經口義__juan_29.txt,4722,4722,0
宋朝,760460,南華真經口義,南華真經口義/7,南華真經口義,30,scrape_output\raw\宋朝\南華真經口義\南華真經口義__juan_30.txt,scrape_output\clean\宋朝\南華真經口義\南華真經口義__juan_30.txt,6706,6704,0
宋朝,760460,南華真經口義,南華真經口義/8,南華真經口義,31,scrape_output\raw\宋朝\南華真經口義\南華真經口義__juan_31.txt,scrape_output\clean\宋朝\南華真經口義\南華真經口義__juan_31.txt,5769,5768,0
宋朝,760460,南華真經口義,南華真經口義/9,南華真經口義,32,scrape_output\raw\宋朝\南華真經口義\南華真經口義__juan_32.txt,scrape_output\clean\宋朝\南華真經口義\南華真經口義__juan_32.txt,5398,5393,0
宋朝,200970,南華竹軒题诗,南華竹軒题诗,南華竹軒题诗,1,scrape_output\raw\宋朝\南華竹軒题诗\南華竹軒题诗__juan_01.txt,scrape_output\clean\宋朝\南華竹軒题诗\南華竹軒题诗__juan_01.txt,130,38,0
宋朝,185630,南豐先生文集序,南豐先生文集序,南豐先生文集序,1,scrape_output\raw\宋朝\南豐先生文集序\南豐先生文集序__juan_01.txt,scrape_output\clean\宋朝\南豐先生文集序\南豐先生文集序__juan_01.txt,432,388,0
宋朝,57640,南部新書,南部新書/丁卷,南部新書,1,scrape_output\raw\宋朝\南部新書\南部新書__juan_01.txt,scrape_output\clean\宋朝\南部新書\南部新書__juan_01.txt,5407,5407,0
宋朝,57640,南部新書,南部新書/丙卷,南部新書,2,scrape_output\raw\宋朝\南部新書\南部新書__juan_02.txt,scrape_output\clean\宋朝\南部新書\南部新書__juan_02.txt,3654,3654,0
宋朝,57640,南部新書,南部新書/乙卷,南部新書,3,scrape_output\raw\宋朝\南部新書\南部新書__juan_03.txt,scrape_output\clean\宋朝\南部新書\南部新書__juan_03.txt,4643,4643,0
宋朝,57640,南部新書,南部新書/壬卷,南部新書,4,scrape_output\raw\宋朝\南部新書\南部新書__juan_04.txt,scrape_output\clean\宋朝\南部新書\南部新書__juan_04.txt,7858,7856,0
宋朝,57640,南部新書,南部新書/己卷,南部新書,5,scrape_output\raw\宋朝\南部新書\南部新書__juan_05.txt,scrape_output\clean\宋朝\南部新書\南部新書__juan_05.txt,5857,5857,0
宋朝,57640,南部新書,南部新書/庚卷,南部新書,6,scrape_output\raw\宋朝\南部新書\南部新書__juan_06.txt,scrape_output\clean\宋朝\南部新書\南部新書__juan_06.txt,7572,7572,0
宋朝,57640,南部新書,南部新書/戊卷,南部新書,7,scrape_output\raw\宋朝\南部新書\南部新書__juan_07.txt,scrape_output\clean\宋朝\南部新書\南部新書__juan_07.txt,5107,5107,0
宋朝,57640,南部新書,南部新書/甲卷,南部新書,8,scrape_output\raw\宋朝\南部新書\南部新書__juan_08.txt,scrape_output\clean\宋朝\南部新書\南部新書__juan_08.txt,4644,4644,0
宋朝,57640,南部新書,南部新書/癸卷,南部新書,9,scrape_output\raw\宋朝\南部新書\南部新書__juan_09.txt,scrape_output\clean\宋朝\南部新書\南部新書__juan_09.txt,6925,6925,0
宋朝,57640,南部新書,南部新書/辛卷,南部新書,10,scrape_output\raw\宋朝\南部新書\南部新書__juan_10.txt,scrape_output\clean\宋朝\南部新書\南部新書__juan_10.txt,6688,6688,0
宋朝,352028,博濟方,博濟方/卷一,博濟方,1,scrape_output\raw\宋朝\博濟方\博濟方__juan_01.txt,scrape_output\clean\宋朝\博濟方\博濟方__juan_01.txt,0,0,1
宋朝,352028,博濟方,博濟方/卷二,博濟方,2,scrape_output\raw\宋朝\博濟方\博濟方__juan_02.txt,scrape_output\clean\宋朝\博濟方\博濟方__juan_02.txt,0,0,1
宋朝,352028,博濟方,博濟方/卷三,博濟方,3,scrape_output\raw\宋朝\博濟方\博濟方__juan_03.txt,scrape_output\clean\宋朝\博濟方\博濟方__juan_03.txt,0,0,1
宋朝,352028,博濟方,博濟方/卷四,博濟方,4,scrape_output\raw\宋朝\博濟方\博濟方__juan_04.txt,scrape_output\clean\宋朝\博濟方\博濟方__juan_04.txt,0,0,1
宋朝,352028,博濟方,博濟方/卷五,博濟方,5,scrape_output\raw\宋朝\博濟方\博濟方__juan_05.txt,scrape_output\clean\宋朝\博濟方\博濟方__juan_05.txt,0,0,1
宋朝,200591,卜算子 (康與之),卜算子 (康與之),卜算子 (康與之),1,scrape_output\raw\宋朝\卜算子 (康與之)\卜算子 (康與之)__juan_01.txt,scrape_output\clean\宋朝\卜算子 (康與之)\卜算子 (康與之)__juan_01.txt,133,89,0
宋朝,180028,卜算子 (朱淑真),卜算子 (朱淑真),卜算子 (朱淑真),1,scrape_output\raw\宋朝\卜算子 (朱淑真)\卜算子 (朱淑真)__juan_01.txt,scrape_output\clean\宋朝\卜算子 (朱淑真)\卜算子 (朱淑真)__juan_01.txt,146,54,0
宋朝,35685,即事 (范成大),即事 (范成大),即事 (范成大),1,scrape_output\raw\宋朝\即事 (范成大)\即事 (范成大)__juan_01.txt,scrape_output\clean\宋朝\即事 (范成大)\即事 (范成大)__juan_01.txt,114,69,0
宋朝,163567,却聘書,却聘書,却聘書,1,scrape_output\raw\宋朝\却聘書\却聘書__juan_01.txt,scrape_output\clean\宋朝\却聘書\却聘書__juan_01.txt,698,572,0
宋朝,342183,卻掃編,卻掃編/卷上,卻掃編,1,scrape_output\raw\宋朝\卻掃編\卻掃編__juan_01.txt,scrape_output\clean\宋朝\卻掃編\卻掃編__juan_01.txt,11998,11952,0
宋朝,342183,卻掃編,卻掃編/卷中,卻掃編,2,scrape_output\raw\宋朝\卻掃編\卻掃編__juan_02.txt,scrape_output\clean\宋朝\卻掃編\卻掃編__juan_02.txt,11125,11079,0
宋朝,342183,卻掃編,卻掃編/卷下,卻掃編,3,scrape_output\raw\宋朝\卻掃編\卻掃編__juan_03.txt,scrape_output\clean\宋朝\卻掃編\卻掃編__juan_03.txt,12137,12089,0
宋朝,112586,厚德錄,厚德錄,厚德錄,1,scrape_output\raw\宋朝\厚德錄\厚德錄__juan_01.txt,scrape_output\clean\宋朝\厚德錄\厚德錄__juan_01.txt,28616,28558,0
宋朝,179155,又和見喜病間,又和見喜病間,又和見喜病間,1,scrape_output\raw\宋朝\又和見喜病間\又和見喜病間__juan_01.txt,scrape_output\clean\宋朝\又和見喜病間\又和見喜病間__juan_01.txt,149,105,0
宋朝,59188,又自贊,又自贊,又自贊,1,scrape_output\raw\宋朝\又自贊\又自贊__juan_01.txt,scrape_output\clean\宋朝\又自贊\又自贊__juan_01.txt,118,26,0
宋朝,59207,又除夕絕句,又除夕絕句,又除夕絕句,1,scrape_output\raw\宋朝\又除夕絕句\又除夕絕句__juan_01.txt,scrape_output\clean\宋朝\又除夕絕句\又除夕絕句__juan_01.txt,126,34,0
宋朝,136818,及第後與同年宴李丞相宅,及第後與同年宴李丞相宅,及第後與同年宴李丞相宅,1,scrape_output\raw\宋朝\及第後與同年宴李丞相宅\及第後與同年宴李丞相宅__juan_01.txt,scrape_output\clean\宋朝\及第後與同年宴李丞相宅\及第後與同年宴李丞相宅__juan_01.txt,256,201,0
宋朝,61214,友會談叢,友會談叢,友會談叢,1,scrape_output\raw\宋朝\友會談叢\友會談叢__juan_01.txt,scrape_output\clean\宋朝\友會談叢\友會談叢__juan_01.txt,12016,11919,0
宋朝,891488,叢林公論,叢林公論,叢林公論,1,scrape_output\raw\宋朝\叢林公論\叢林公論__juan_01.txt,scrape_output\clean\宋朝\叢林公論\叢林公論__juan_01.txt,13419,13419,0
宋朝,205013,古今事文類聚外集,古今事文類聚外集/卷一,古今事文類聚外集,1,scrape_output\raw\宋朝\古今事文類聚外集\古今事文類聚外集__juan_01.txt,scrape_output\clean\宋朝\古今事文類聚外集\古今事文類聚外集__juan_01.txt,1517,1517,0
宋朝,201412,古今紀要逸編,古今紀要逸編,古今紀要逸編,1,scrape_output\raw\宋朝\古今紀要逸編\古今紀要逸編__juan_01.txt,scrape_output\clean\宋朝\古今紀要逸編\古今紀要逸編__juan_01.txt,400,397,0
宋朝,200410,句 二句 陳襄,句 二句 陳襄,句 二句 陳襄,1,scrape_output\raw\宋朝\句 二句 陳襄\句 二句 陳襄__juan_01.txt,scrape_output\clean\宋朝\句 二句 陳襄\句 二句 陳襄__juan_01.txt,549,61,0
宋朝,28071,史氏菊譜,史氏菊譜,史氏菊譜,1,scrape_output\raw\宋朝\史氏菊譜\史氏菊譜__juan_01.txt,scrape_output\clean\宋朝\史氏菊譜\史氏菊譜__juan_01.txt,1597,1487,0
宋朝,352030,史載之方,史載之方/卷上,史載之方,1,scrape_output\raw\宋朝\史載之方\史載之方__juan_01.txt,scrape_output\clean\宋朝\史載之方\史載之方__juan_01.txt,1803,1796,0
宋朝,32644,同劉景文遊郭氏西園因留宿,同劉景文遊郭氏西園因留宿,同劉景文遊郭氏西園因留宿,1,scrape_output\raw\宋朝\同劉景文遊郭氏西園因留宿\同劉景文遊郭氏西園因留宿__juan_01.txt,scrape_output\clean\宋朝\同劉景文遊郭氏西園因留宿\同劉景文遊郭氏西園因留宿__juan_01.txt,142,94,0
宋朝,205929,吳興園林記,吳興園林記,吳興園林記,1,scrape_output\raw\宋朝\吳興園林記\吳興園林記__juan_01.txt,scrape_output\clean\宋朝\吳興園林記\吳興園林記__juan_01.txt,2586,2583,0
宋朝,105994,吳越備史,吳越備史/卷1,吳越備史,1,scrape_output\raw\宋朝\吳越備史\吳越備史__juan_01.txt,scrape_output\clean\宋朝\吳越備史\吳越備史__juan_01.txt,18897,18891,0
宋朝,105994,吳越備史,吳越備史/卷2,吳越備史,2,scrape_output\raw\宋朝\吳越備史\吳越備史__juan_02.txt,scrape_output\clean\宋朝\吳越備史\吳越備史__juan_02.txt,12463,12459,0
宋朝,105994,吳越備史,吳越備史/卷3,吳越備史,3,scrape_output\raw\宋朝\吳越備史\吳越備史__juan_03.txt,scrape_output\clean\宋朝\吳越備史\吳越備史__juan_03.txt,13475,13474,0
宋朝,105994,吳越備史,吳越備史/卷4,吳越備史,4,scrape_output\raw\宋朝\吳越備史\吳越備史__juan_04.txt,scrape_output\clean\宋朝\吳越備史\吳越備史__juan_04.txt,10865,10865,0
宋朝,125611,吳郡志,吳郡志/卷16,吳郡志,1,scrape_output\raw\宋朝\吳郡志\吳郡志__juan_01.txt,scrape_output\clean\宋朝\吳郡志\吳郡志__juan_01.txt,7338,7244,0
宋朝,125611,吳郡志,吳郡志/卷23,吳郡志,2,scrape_output\raw\宋朝\吳郡志\吳郡志__juan_02.txt,scrape_output\clean\宋朝\吳郡志\吳郡志__juan_02.txt,3898,3762,0
宋朝,125611,吳郡志,吳郡志/卷25,吳郡志,3,scrape_output\raw\宋朝\吳郡志\吳郡志__juan_03.txt,scrape_output\clean\宋朝\吳郡志\吳郡志__juan_03.txt,6669,6472,0
宋朝,125611,吳郡志,吳郡志/卷35,吳郡志,4,scrape_output\raw\宋朝\吳郡志\吳郡志__juan_04.txt,scrape_output\clean\宋朝\吳郡志\吳郡志__juan_04.txt,6151,6099,0
宋朝,125611,吳郡志,吳郡志/卷36,吳郡志,5,scrape_output\raw\宋朝\吳郡志\吳郡志__juan_05.txt,scrape_output\clean\宋朝\吳郡志\吳郡志__juan_05.txt,3479,3424,0
宋朝,125611,吳郡志,吳郡志/卷37,吳郡志,6,scrape_output\raw\宋朝\吳郡志\吳郡志__juan_06.txt,scrape_output\clean\宋朝\吳郡志\吳郡志__juan_06.txt,6733,6666,0
宋朝,125611,吳郡志,吳郡志/卷38,吳郡志,7,scrape_output\raw\宋朝\吳郡志\吳郡志__juan_07.txt,scrape_output\clean\宋朝\吳郡志\吳郡志__juan_07.txt,3326,3270,0
宋朝,125611,吳郡志,吳郡志/卷39,吳郡志,8,scrape_output\raw\宋朝\吳郡志\吳郡志__juan_08.txt,scrape_output\clean\宋朝\吳郡志\吳郡志__juan_08.txt,3994,3804,0
宋朝,125611,吳郡志,吳郡志/卷41,吳郡志,9,scrape_output\raw\宋朝\吳郡志\吳郡志__juan_09.txt,scrape_output\clean\宋朝\吳郡志\吳郡志__juan_09.txt,2255,2129,0
宋朝,125611,吳郡志,吳郡志/卷42,吳郡志,10,scrape_output\raw\宋朝\吳郡志\吳郡志__juan_10.txt,scrape_output\clean\宋朝\吳郡志\吳郡志__juan_10.txt,2824,2648,0
宋朝,125611,吳郡志,吳郡志/卷43,吳郡志,11,scrape_output\raw\宋朝\吳郡志\吳郡志__juan_11.txt,scrape_output\clean\宋朝\吳郡志\吳郡志__juan_11.txt,3495,3304,0
宋朝,125611,吳郡志,吳郡志/卷44,吳郡志,12,scrape_output\raw\宋朝\吳郡志\吳郡志__juan_12.txt,scrape_output\clean\宋朝\吳郡志\吳郡志__juan_12.txt,1844,1731,0
宋朝,125611,吳郡志,吳郡志/卷47,吳郡志,13,scrape_output\raw\宋朝\吳郡志\吳郡志__juan_13.txt,scrape_output\clean\宋朝\吳郡志\吳郡志__juan_13.txt,3499,3287,0
宋朝,125611,吳郡志,吳郡志/卷48,吳郡志,14,scrape_output\raw\宋朝\吳郡志\吳郡志__juan_14.txt,scrape_output\clean\宋朝\吳郡志\吳郡志__juan_14.txt,6891,6659,0
宋朝,49598,吹笛,吹笛,吹笛,1,scrape_output\raw\宋朝\吹笛\吹笛__juan_01.txt,scrape_output\clean\宋朝\吹笛\吹笛__juan_01.txt,113,69,0
宋朝,136833,吾聞,吾聞,吾聞,1,scrape_output\raw\宋朝\吾聞\吾聞__juan_01.txt,scrape_output\clean\宋朝\吾聞\吾聞__juan_01.txt,211,159,0
宋朝,7825,呂晉叔著作遺新茶,呂晉叔著作遺新茶,呂晉叔著作遺新茶,1,scrape_output\raw\宋朝\呂晉叔著作遺新茶\呂晉叔著作遺新茶__juan_01.txt,scrape_output\clean\宋朝\呂晉叔著作遺新茶\呂晉叔著作遺新茶__juan_01.txt,203,159,0
宋朝,194289,周人,周人,周人,1,scrape_output\raw\宋朝\周人\周人__juan_01.txt,scrape_output\clean\宋朝\周人\周人__juan_01.txt,126,34,0
宋朝,179162,和人七夕,和人七夕,和人七夕,1,scrape_output\raw\宋朝\和人七夕\和人七夕__juan_01.txt,scrape_output\clean\宋朝\和人七夕\和人七夕__juan_01.txt,157,111,0
宋朝,179130,和仲良催看黄才叔秀才南園牡丹,和仲良催看黄才叔秀才南園牡丹,和仲良催看黄才叔秀才南園牡丹,1,scrape_output\raw\宋朝\和仲良催看黄才叔秀才南園牡丹\和仲良催看黄才叔秀才南園牡丹__juan_01.txt,scrape_output\clean\宋朝\和仲良催看黄才叔秀才南園牡丹\和仲良催看黄才叔秀才南園牡丹__juan_01.txt,113,69,0
宋朝,179093,和仲良分送柚花沉,和仲良分送柚花沉,和仲良分送柚花沉,1,scrape_output\raw\宋朝\和仲良分送柚花沉\和仲良分送柚花沉__juan_01.txt,scrape_output\clean\宋朝\和仲良分送柚花沉\和仲良分送柚花沉__juan_01.txt,194,150,0
宋朝,179094,和仲良分送柚花沉 (薰然真臘水沉片),和仲良分送柚花沉 (薰然真臘水沉片),和仲良分送柚花沉 (薰然真臘水沉片),1,scrape_output\raw\宋朝\和仲良分送柚花沉 (薰然真臘水沉片)\和仲良分送柚花沉 (薰然真臘水沉片)__juan_01.txt,scrape_output\clean\宋朝\和仲良分送柚花沉 (薰然真臘水沉片)\和仲良分送柚花沉 (薰然真臘水沉片)__juan_01.txt,113,69,0
宋朝,179096,和仲良分送柚花沉 (鋸沉百疊糝瓊英),和仲良分送柚花沉 (鋸沉百疊糝瓊英),和仲良分送柚花沉 (鋸沉百疊糝瓊英),1,scrape_output\raw\宋朝\和仲良分送柚花沉 (鋸沉百疊糝瓊英)\和仲良分送柚花沉 (鋸沉百疊糝瓊英)__juan_01.txt,scrape_output\clean\宋朝\和仲良分送柚花沉 (鋸沉百疊糝瓊英)\和仲良分送柚花沉 (鋸沉百疊糝瓊英)__juan_01.txt,113,69,0
宋朝,179095,和仲良分送柚花沉 (鶴骨龍筋金玉相),和仲良分送柚花沉 (鶴骨龍筋金玉相),和仲良分送柚花沉 (鶴骨龍筋金玉相),1,scrape_output\raw\宋朝\和仲良分送柚花沉 (鶴骨龍筋金玉相)\和仲良分送柚花沉 (鶴骨龍筋金玉相)__juan_01.txt,scrape_output\clean\宋朝\和仲良分送柚花沉 (鶴骨龍筋金玉相)\和仲良分送柚花沉 (鶴骨龍筋金玉相)__juan_01.txt,113,69,0
宋朝,179087,和仲良春晚即事五首,和仲良春晚即事五首,和仲良春晚即事五首,1,scrape_output\raw\宋朝\和仲良春晚即事五首\和仲良春晚即事五首__juan_01.txt,scrape_output\clean\宋朝\和仲良春晚即事五首\和仲良春晚即事五首__juan_01.txt,372,328,0
宋朝,179088,和仲良春晚即事五首 (幾許春纔好),和仲良春晚即事五首 (幾許春纔好),和仲良春晚即事五首 (幾許春纔好),1,scrape_output\raw\宋朝\和仲良春晚即事五首 (幾許春纔好)\和仲良春晚即事五首 (幾許春纔好)__juan_01.txt,scrape_output\clean\宋朝\和仲良春晚即事五首 (幾許春纔好)\和仲良春晚即事五首 (幾許春纔好)__juan_01.txt,133,89,0
宋朝,179089,和仲良春晚即事五首 (春在已愁熱),和仲良春晚即事五首 (春在已愁熱),和仲良春晚即事五首 (春在已愁熱),1,scrape_output\raw\宋朝\和仲良春晚即事五首 (春在已愁熱)\和仲良春晚即事五首 (春在已愁熱)__juan_01.txt,scrape_output\clean\宋朝\和仲良春晚即事五首 (春在已愁熱)\和仲良春晚即事五首 (春在已愁熱)__juan_01.txt,133,89,0
宋朝,179090,和仲良春晚即事五首 (欲與東風說),和仲良春晚即事五首 (欲與東風說),和仲良春晚即事五首 (欲與東風說),1,scrape_output\raw\宋朝\和仲良春晚即事五首 (欲與東風說)\和仲良春晚即事五首 (欲與東風說)__juan_01.txt,scrape_output\clean\宋朝\和仲良春晚即事五首 (欲與東風說)\和仲良春晚即事五首 (欲與東風說)__juan_01.txt,133,89,0
宋朝,179092,和仲良春晚即事五首 (笋改齋前路),和仲良春晚即事五首 (笋改齋前路),和仲良春晚即事五首 (笋改齋前路),1,scrape_output\raw\宋朝\和仲良春晚即事五首 (笋改齋前路)\和仲良春晚即事五首 (笋改齋前路)__juan_01.txt,scrape_output\clean\宋朝\和仲良春晚即事五首 (笋改齋前路)\和仲良春晚即事五首 (笋改齋前路)__juan_01.txt,133,89,0
宋朝,179091,和仲良春晚即事五首 (貧難聘歡伯),和仲良春晚即事五首 (貧難聘歡伯),和仲良春晚即事五首 (貧難聘歡伯),1,scrape_output\raw\宋朝\和仲良春晚即事五首 (貧難聘歡伯)\和仲良春晚即事五首 (貧難聘歡伯)__juan_01.txt,scrape_output\clean\宋朝\和仲良春晚即事五首 (貧難聘歡伯)\和仲良春晚即事五首 (貧難聘歡伯)__juan_01.txt,133,89,0
宋朝,179116,和仲良病中耽睡,和仲良病中耽睡,和仲良病中耽睡,1,scrape_output\raw\宋朝\和仲良病中耽睡\和仲良病中耽睡__juan_01.txt,scrape_output\clean\宋朝\和仲良病中耽睡\和仲良病中耽睡__juan_01.txt,133,89,0
宋朝,796195,和仲謀夜中有感,和仲謀夜中有感,和仲謀夜中有感,1,scrape_output\raw\宋朝\和仲謀夜中有感\和仲謀夜中有感__juan_01.txt,scrape_output\clean\宋朝\和仲謀夜中有感\和仲謀夜中有感__juan_01.txt,149,105,0
宋朝,33030,和何應辰過山谷墓韻,和何應辰過山谷墓韻,和何應辰過山谷墓韻,1,scrape_output\raw\宋朝\和何應辰過山谷墓韻\和何應辰過山谷墓韻__juan_01.txt,scrape_output\clean\宋朝\和何應辰過山谷墓韻\和何應辰過山谷墓韻__juan_01.txt,185,141,0
宋朝,179123,和司法張仲良醉中論詩,和司法張仲良醉中論詩,和司法張仲良醉中論詩,1,scrape_output\raw\宋朝\和司法張仲良醉中論詩\和司法張仲良醉中論詩__juan_01.txt,scrape_output\clean\宋朝\和司法張仲良醉中論詩\和司法張仲良醉中論詩__juan_01.txt,195,151,0
宋朝,179125,和司法張仲良醉中論詩 (相過寧嫌數),和司法張仲良醉中論詩 (相過寧嫌數),和司法張仲良醉中論詩 (相過寧嫌數),1,scrape_output\raw\宋朝\和司法張仲良醉中論詩 (相過寧嫌數)\和司法張仲良醉中論詩 (相過寧嫌數)__juan_01.txt,scrape_output\clean\宋朝\和司法張仲良醉中論詩 (相過寧嫌數)\和司法張仲良醉中論詩 (相過寧嫌數)__juan_01.txt,133,89,0
宋朝,179124,和司法張仲良醉中論詩 (醉語醒猶記),和司法張仲良醉中論詩 (醉語醒猶記),和司法張仲良醉中論詩 (醉語醒猶記),1,scrape_output\raw\宋朝\和司法張仲良醉中論詩 (醉語醒猶記)\和司法張仲良醉中論詩 (醉語醒猶記)__juan_01.txt,scrape_output\clean\宋朝\和司法張仲良醉中論詩 (醉語醒猶記)\和司法張仲良醉中論詩 (醉語醒猶記)__juan_01.txt,133,89,0
宋朝,179101,和唐德明問病,和唐德明問病,和唐德明問病,1,scrape_output\raw\宋朝\和唐德明問病\和唐德明問病__juan_01.txt,scrape_output\clean\宋朝\和唐德明問病\和唐德明問病__juan_01.txt,155,111,0
宋朝,179103,和唐德明問病 (俟命循天更不疑),和唐德明問病 (俟命循天更不疑),和唐德明問病 (俟命循天更不疑),1,scrape_output\raw\宋朝\和唐德明問病 (俟命循天更不疑)\和唐德明問病 (俟命循天更不疑)__juan_01.txt,scrape_output\clean\宋朝\和唐德明問病 (俟命循天更不疑)\和唐德明問病 (俟命循天更不疑)__juan_01.txt,113,69,0
宋朝,179104,和唐德明問病 (罷却微官且客居),和唐德明問病 (罷却微官且客居),和唐德明問病 (罷却微官且客居),1,scrape_output\raw\宋朝\和唐德明問病 (罷却微官且客居)\和唐德明問病 (罷却微官且客居)__juan_01.txt,scrape_output\clean\宋朝\和唐德明問病 (罷却微官且客居)\和唐德明問病 (罷却微官且客居)__juan_01.txt,113,69,0
宋朝,200463,和如晦二首,和如晦二首,和如晦二首,1,scrape_output\raw\宋朝\和如晦二首\和如晦二首__juan_01.txt,scrape_output\clean\宋朝\和如晦二首\和如晦二首__juan_01.txt,705,86,0
宋朝,62505,和子由柳湖久涸忽有水開元寺山茶舊無花今歲盛開,和子由柳湖久涸忽有水開元寺山茶舊無花今歲盛開,和子由柳湖久涸忽有水開元寺山茶舊無花今歲盛開,1,scrape_output\raw\宋朝\和子由柳湖久涸忽有水開元寺山茶舊無花今歲盛開\和子由柳湖久涸忽有水開元寺山茶舊無花今歲盛開__juan_01.txt,scrape_output\clean\宋朝\和子由柳湖久涸忽有水開元寺山茶舊無花今歲盛開\和子由柳湖久涸忽有水開元寺山茶舊無花今歲盛開__juan_01.txt,211,167,0
宋朝,200425,和子瞻沿牒京口憶西湖寒食出遊見寄二首,和子瞻沿牒京口憶西湖寒食出遊見寄二首,和子瞻沿牒京口憶西湖寒食出遊見寄二首,1,scrape_output\raw\宋朝\和子瞻沿牒京口憶西湖寒食出遊見寄二首\和子瞻沿牒京口憶西湖寒食出遊見寄二首__juan_01.txt,scrape_output\clean\宋朝\和子瞻沿牒京口憶西湖寒食出遊見寄二首\和子瞻沿牒京口憶西湖寒食出遊見寄二首__juan_01.txt,672,105,0
宋朝,796177,和文潛舟中所題,和文潛舟中所題,和文潛舟中所題,1,scrape_output\raw\宋朝\和文潛舟中所題\和文潛舟中所題__juan_01.txt,scrape_output\clean\宋朝\和文潛舟中所題\和文潛舟中所題__juan_01.txt,135,91,0
宋朝,29662,和段季承左臧惠四絕句,和段季承左臧惠四絕句,和段季承左臧惠四絕句,1,scrape_output\raw\宋朝\和段季承左臧惠四絕句\和段季承左臧惠四絕句__juan_01.txt,scrape_output\clean\宋朝\和段季承左臧惠四絕句\和段季承左臧惠四絕句__juan_01.txt,126,34,0
宋朝,180332,和湯叔度雪,和湯叔度雪,和湯叔度雪,1,scrape_output\raw\宋朝\和湯叔度雪\和湯叔度雪__juan_01.txt,scrape_output\clean\宋朝\和湯叔度雪\和湯叔度雪__juan_01.txt,155,109,0
宋朝,31639,和潘叔治早春遊何山,和潘叔治早春遊何山,和潘叔治早春遊何山,1,scrape_output\raw\宋朝\和潘叔治早春遊何山\和潘叔治早春遊何山__juan_01.txt,scrape_output\clean\宋朝\和潘叔治早春遊何山\和潘叔治早春遊何山__juan_01.txt,133,89,0
宋朝,200412,和程公辟遊宿猿洞二首,和程公辟遊宿猿洞二首,和程公辟遊宿猿洞二首,1,scrape_output\raw\宋朝\和程公辟遊宿猿洞二首\和程公辟遊宿猿洞二首__juan_01.txt,scrape_output\clean\宋朝\和程公辟遊宿猿洞二首\和程公辟遊宿猿洞二首__juan_01.txt,752,185,0
宋朝,796207,和答登封王晦之登樓見寄,和答登封王晦之登樓見寄,和答登封王晦之登樓見寄,1,scrape_output\raw\宋朝\和答登封王晦之登樓見寄\和答登封王晦之登樓見寄__juan_01.txt,scrape_output\clean\宋朝\和答登封王晦之登樓見寄\和答登封王晦之登樓見寄__juan_01.txt,149,105,0
宋朝,200472,和蘇子瞻通判在告中聞餘出郊以詩見寄,和蘇子瞻通判在告中聞餘出郊以詩見寄,和蘇子瞻通判在告中聞餘出郊以詩見寄,1,scrape_output\raw\宋朝\和蘇子瞻通判在告中聞餘出郊以詩見寄\和蘇子瞻通判在告中聞餘出郊以詩見寄__juan_01.txt,scrape_output\clean\宋朝\和蘇子瞻通判在告中聞餘出郊以詩見寄\和蘇子瞻通判在告中聞餘出郊以詩見寄__juan_01.txt,162,70,0
宋朝,179248,和趙彥德旅懷是夕渠誦詩鼓琴,和趙彥德旅懷是夕渠誦詩鼓琴,和趙彥德旅懷是夕渠誦詩鼓琴,1,scrape_output\raw\宋朝\和趙彥德旅懷是夕渠誦詩鼓琴\和趙彥德旅懷是夕渠誦詩鼓琴__juan_01.txt,scrape_output\clean\宋朝\和趙彥德旅懷是夕渠誦詩鼓琴\和趙彥德旅懷是夕渠誦詩鼓琴__juan_01.txt,149,105,0
宋朝,200426,和鄭閎中仙居十一首,和鄭閎中仙居十一首,和鄭閎中仙居十一首,1,scrape_output\raw\宋朝\和鄭閎中仙居十一首\和鄭閎中仙居十一首__juan_01.txt,scrape_output\clean\宋朝\和鄭閎中仙居十一首\和鄭閎中仙居十一首__juan_01.txt,1599,1019,0
宋朝,49600,和韓毅伯知命,和韓毅伯知命,和韓毅伯知命,1,scrape_output\raw\宋朝\和韓毅伯知命\和韓毅伯知命__juan_01.txt,scrape_output\clean\宋朝\和韓毅伯知命\和韓毅伯知命__juan_01.txt,113,69,0
宋朝,761312,和題澤民廟,和題澤民廟,和題澤民廟,1,scrape_output\raw\宋朝\和題澤民廟\和題澤民廟__juan_01.txt,scrape_output\clean\宋朝\和題澤民廟\和題澤民廟__juan_01.txt,143,99,0
宋朝,179246,和馬公弼夜雨,和馬公弼夜雨,和馬公弼夜雨,1,scrape_output\raw\宋朝\和馬公弼夜雨\和馬公弼夜雨__juan_01.txt,scrape_output\clean\宋朝\和馬公弼夜雨\和馬公弼夜雨__juan_01.txt,149,105,0
宋朝,180333,和馬公弼雪,和馬公弼雪,和馬公弼雪,1,scrape_output\raw\宋朝\和馬公弼雪\和馬公弼雪__juan_01.txt,scrape_output\clean\宋朝\和馬公弼雪\和馬公弼雪__juan_01.txt,149,105,0
宋朝,891513,咏玉环,咏玉环,咏玉环,1,scrape_output\raw\宋朝\咏玉环\咏玉环__juan_01.txt,scrape_output\clean\宋朝\咏玉环\咏玉环__juan_01.txt,35,34,0
宋朝,112678,品令 (零落殘紅),品令 (零落殘紅),品令 (零落殘紅),1,scrape_output\raw\宋朝\品令 (零落殘紅)\品令 (零落殘紅)__juan_01.txt,scrape_output\clean\宋朝\品令 (零落殘紅)\品令 (零落殘紅)__juan_01.txt,208,114,0
宋朝,102272,品茶要錄,品茶要錄,品茶要錄,1,scrape_output\raw\宋朝\品茶要錄\品茶要錄__juan_01.txt,scrape_output\clean\宋朝\品茶要錄\品茶要錄__juan_01.txt,2320,2273,0
宋朝,200452,哭倪氏女弟亡兒傳孫,哭倪氏女弟亡兒傳孫,哭倪氏女弟亡兒傳孫,1,scrape_output\raw\宋朝\哭倪氏女弟亡兒傳孫\哭倪氏女弟亡兒傳孫__juan_01.txt,scrape_output\clean\宋朝\哭倪氏女弟亡兒傳孫\哭倪氏女弟亡兒傳孫__juan_01.txt,669,54,0
宋朝,136832,哭曼卿,哭曼卿,哭曼卿,1,scrape_output\raw\宋朝\哭曼卿\哭曼卿__juan_01.txt,scrape_output\clean\宋朝\哭曼卿\哭曼卿__juan_01.txt,209,159,0
宋朝,108148,唐子西文錄,唐子西文錄,唐子西文錄,1,scrape_output\raw\宋朝\唐子西文錄\唐子西文錄__juan_01.txt,scrape_output\clean\宋朝\唐子西文錄\唐子西文錄__juan_01.txt,2780,2776,0
宋朝,116718,唐故中書侍郎光政殿學士承旨昌黎韓公墓誌銘,唐故中書侍郎光政殿學士承旨昌黎韓公墓誌銘,唐故中書侍郎光政殿學士承旨昌黎韓公墓誌銘,1,scrape_output\raw\宋朝\唐故中書侍郎光政殿學士承旨昌黎韓公墓誌銘\唐故中書侍郎光政殿學士承旨昌黎韓公墓誌銘__juan_01.txt,scrape_output\clean\宋朝\唐故中書侍郎光政殿學士承旨昌黎韓公墓誌銘\唐故中書侍郎光政殿學士承旨昌黎韓公墓誌銘__juan_01.txt,1866,1822,0
宋朝,59202,唐河店妪传,唐河店妪传,唐河店妪传,1,scrape_output\raw\宋朝\唐河店妪传\唐河店妪传__juan_01.txt,scrape_output\clean\宋朝\唐河店妪传\唐河店妪传__juan_01.txt,610,564,0
宋朝,194874,唐鑑,唐鑑/卷一,唐鑑,1,scrape_output\raw\宋朝\唐鑑\唐鑑__juan_01.txt,scrape_output\clean\宋朝\唐鑑\唐鑑__juan_01.txt,503,499,0
宋朝,194874,唐鑑,唐鑑/卷二,唐鑑,2,scrape_output\raw\宋朝\唐鑑\唐鑑__juan_02.txt,scrape_output\clean\宋朝\唐鑑\唐鑑__juan_02.txt,0,0,1
宋朝,194874,唐鑑,唐鑑/卷三,唐鑑,3,scrape_output\raw\宋朝\唐鑑\唐鑑__juan_03.txt,scrape_output\clean\宋朝\唐鑑\唐鑑__juan_03.txt,0,0,1
宋朝,194874,唐鑑,唐鑑/卷四,唐鑑,4,scrape_output\raw\宋朝\唐鑑\唐鑑__juan_04.txt,scrape_output\clean\宋朝\唐鑑\唐鑑__juan_04.txt,0,0,1
宋朝,194874,唐鑑,唐鑑/卷五,唐鑑,5,scrape_output\raw\宋朝\唐鑑\唐鑑__juan_05.txt,scrape_output\clean\宋朝\唐鑑\唐鑑__juan_05.txt,0,0,1
宋朝,194874,唐鑑,唐鑑/卷六,唐鑑,6,scrape_output\raw\宋朝\唐鑑\唐鑑__juan_06.txt,scrape_output\clean\宋朝\唐鑑\唐鑑__juan_06.txt,0,0,1
宋朝,194874,唐鑑,唐鑑/卷七,唐鑑,7,scrape_output\raw\宋朝\唐鑑\唐鑑__juan_07.txt,scrape_output\clean\宋朝\唐鑑\唐鑑__juan_07.txt,0,0,1
宋朝,194874,唐鑑,唐鑑/卷八,唐鑑,8,scrape_output\raw\宋朝\唐鑑\唐鑑__juan_08.txt,scrape_output\clean\宋朝\唐鑑\唐鑑__juan_08.txt,0,0,1
宋朝,194874,唐鑑,唐鑑/卷九,唐鑑,9,scrape_output\raw\宋朝\唐鑑\唐鑑__juan_09.txt,scrape_output\clean\宋朝\唐鑑\唐鑑__juan_09.txt,0,0,1
宋朝,194874,唐鑑,唐鑑/卷十,唐鑑,10,scrape_output\raw\宋朝\唐鑑\唐鑑__juan_10.txt,scrape_output\clean\宋朝\唐鑑\唐鑑__juan_10.txt,0,0,1
宋朝,194874,唐鑑,唐鑑/卷十一,唐鑑,11,scrape_output\raw\宋朝\唐鑑\唐鑑__juan_11.txt,scrape_output\clean\宋朝\唐鑑\唐鑑__juan_11.txt,0,0,1
宋朝,194874,唐鑑,唐鑑/卷十二,唐鑑,12,scrape_output\raw\宋朝\唐鑑\唐鑑__juan_12.txt,scrape_output\clean\宋朝\唐鑑\唐鑑__juan_12.txt,0,0,1
宋朝,194874,唐鑑,唐鑑/卷十三,唐鑑,13,scrape_output\raw\宋朝\唐鑑\唐鑑__juan_13.txt,scrape_output\clean\宋朝\唐鑑\唐鑑__juan_13.txt,0,0,1
宋朝,194874,唐鑑,唐鑑/卷十四,唐鑑,14,scrape_output\raw\宋朝\唐鑑\唐鑑__juan_14.txt,scrape_output\clean\宋朝\唐鑑\唐鑑__juan_14.txt,0,0,1
宋朝,194874,唐鑑,唐鑑/卷十五,唐鑑,15,scrape_output\raw\宋朝\唐鑑\唐鑑__juan_15.txt,scrape_output\clean\宋朝\唐鑑\唐鑑__juan_15.txt,0,0,1
宋朝,194874,唐鑑,唐鑑/卷十六,唐鑑,16,scrape_output\raw\宋朝\唐鑑\唐鑑__juan_16.txt,scrape_output\clean\宋朝\唐鑑\唐鑑__juan_16.txt,0,0,1
宋朝,194874,唐鑑,唐鑑/卷十七,唐鑑,17,scrape_output\raw\宋朝\唐鑑\唐鑑__juan_17.txt,scrape_output\clean\宋朝\唐鑑\唐鑑__juan_17.txt,0,0,1
宋朝,194874,唐鑑,唐鑑/卷十八,唐鑑,18,scrape_output\raw\宋朝\唐鑑\唐鑑__juan_18.txt,scrape_output\clean\宋朝\唐鑑\唐鑑__juan_18.txt,0,0,1
宋朝,194874,唐鑑,唐鑑/卷十九,唐鑑,19,scrape_output\raw\宋朝\唐鑑\唐鑑__juan_19.txt,scrape_output\clean\宋朝\唐鑑\唐鑑__juan_19.txt,0,0,1
宋朝,194874,唐鑑,唐鑑/卷二十,唐鑑,20,scrape_output\raw\宋朝\唐鑑\唐鑑__juan_20.txt,scrape_output\clean\宋朝\唐鑑\唐鑑__juan_20.txt,0,0,1
宋朝,194874,唐鑑,唐鑑/卷二十一,唐鑑,21,scrape_output\raw\宋朝\唐鑑\唐鑑__juan_21.txt,scrape_output\clean\宋朝\唐鑑\唐鑑__juan_21.txt,0,0,1
宋朝,194874,唐鑑,唐鑑/卷二十二,唐鑑,22,scrape_output\raw\宋朝\唐鑑\唐鑑__juan_22.txt,scrape_output\clean\宋朝\唐鑑\唐鑑__juan_22.txt,0,0,1
宋朝,194874,唐鑑,唐鑑/卷二十三,唐鑑,23,scrape_output\raw\宋朝\唐鑑\唐鑑__juan_23.txt,scrape_output\clean\宋朝\唐鑑\唐鑑__juan_23.txt,0,0,1
宋朝,194874,唐鑑,唐鑑/卷二十四,唐鑑,24,scrape_output\raw\宋朝\唐鑑\唐鑑__juan_24.txt,scrape_output\clean\宋朝\唐鑑\唐鑑__juan_24.txt,0,0,1
宋朝,194288,商人（范仲淹）,商人（范仲淹）,商人（范仲淹）,1,scrape_output\raw\宋朝\商人（范仲淹）\商人（范仲淹）__juan_01.txt,scrape_output\clean\宋朝\商人（范仲淹）\商人（范仲淹）__juan_01.txt,126,34,0
宋朝,192272,喜遷鶯 (吳禮之),喜遷鶯 (吳禮之),喜遷鶯 (吳禮之),1,scrape_output\raw\宋朝\喜遷鶯 (吳禮之)\喜遷鶯 (吳禮之)__juan_01.txt,scrape_output\clean\宋朝\喜遷鶯 (吳禮之)\喜遷鶯 (吳禮之)__juan_01.txt,239,147,0
宋朝,200422,喜雪（宋,喜雪（宋·陳襄）,喜雪（宋,1,scrape_output\raw\宋朝\喜雪（宋\喜雪（宋__juan_01.txt,scrape_output\clean\宋朝\喜雪（宋\喜雪（宋__juan_01.txt,782,215,0
宋朝,1143839,嘉禾百詠,嘉禾百詠,嘉禾百詠,1,scrape_output\raw\宋朝\嘉禾百詠\嘉禾百詠__juan_01.txt,scrape_output\clean\宋朝\嘉禾百詠\嘉禾百詠__juan_01.txt,7170,7170,0
宋朝,37354,嘲秦覯,嘲秦覯,嘲秦覯,1,scrape_output\raw\宋朝\嘲秦覯\嘲秦覯__juan_01.txt,scrape_output\clean\宋朝\嘲秦覯\嘲秦覯__juan_01.txt,114,69,0
宋朝,35646,嘲里人新婚,嘲里人新婚,嘲里人新婚,1,scrape_output\raw\宋朝\嘲里人新婚\嘲里人新婚__juan_01.txt,scrape_output\clean\宋朝\嘲里人新婚\嘲里人新婚__juan_01.txt,114,69,0
宋朝,106097,嚴州圖經,嚴州圖經,嚴州圖經,1,scrape_output\raw\宋朝\嚴州圖經\嚴州圖經__juan_01.txt,scrape_output\clean\宋朝\嚴州圖經\嚴州圖經__juan_01.txt,49934,49535,0
宋朝,59191,嚴陵決曹易允升自官下遣騎來寫予老醜因題其額,嚴陵決曹易允升自官下遣騎來寫予老醜因題其額,嚴陵決曹易允升自官下遣騎來寫予老醜因題其額,1,scrape_output\raw\宋朝\嚴陵決曹易允升自官下遣騎來寫予老醜因題其額\嚴陵決曹易允升自官下遣騎來寫予老醜因題其額__juan_01.txt,scrape_output\clean\宋朝\嚴陵決曹易允升自官下遣騎來寫予老醜因題其額\嚴陵決曹易允升自官下遣騎來寫予老醜因題其額__juan_01.txt,118,26,0
宋朝,875302,囉嚩拏說救療小兒疾病經,囉嚩拏說救療小兒疾病經,囉嚩拏說救療小兒疾病經,1,scrape_output\raw\宋朝\囉嚩拏說救療小兒疾病經\囉嚩拏說救療小兒疾病經__juan_01.txt,scrape_output\clean\宋朝\囉嚩拏說救療小兒疾病經\囉嚩拏說救療小兒疾病經__juan_01.txt,6817,5538,0
宋朝,181179,四六話,四六話,四六話,1,scrape_output\raw\宋朝\四六話\四六話__juan_01.txt,scrape_output\clean\宋朝\四六話\四六話__juan_01.txt,12429,12044,0
宋朝,181187,四六談麈,四六談麈,四六談麈,1,scrape_output\raw\宋朝\四六談麈\四六談麈__juan_01.txt,scrape_output\clean\宋朝\四六談麈\四六談麈__juan_01.txt,4268,4262,0
宋朝,1195171,四分律行事鈔資持記,四分律行事鈔資持記/卷001,四分律行事鈔資持記,1,scrape_output\raw\宋朝\四分律行事鈔資持記\四分律行事鈔資持記__juan_01.txt,scrape_output\clean\宋朝\四分律行事鈔資持記\四分律行事鈔資持記__juan_01.txt,169505,167436,0
宋朝,1195171,四分律行事鈔資持記,四分律行事鈔資持記/卷002,四分律行事鈔資持記,2,scrape_output\raw\宋朝\四分律行事鈔資持記\四分律行事鈔資持記__juan_02.txt,scrape_output\clean\宋朝\四分律行事鈔資持記\四分律行事鈔資持記__juan_02.txt,186901,183311,0
宋朝,1195171,四分律行事鈔資持記,四分律行事鈔資持記/卷003,四分律行事鈔資持記,3,scrape_output\raw\宋朝\四分律行事鈔資持記\四分律行事鈔資持記__juan_03.txt,scrape_output\clean\宋朝\四分律行事鈔資持記\四分律行事鈔資持記__juan_03.txt,116663,115574,0
宋朝,1208815,四明十義書,四明十義書/卷001,四明十義書,1,scrape_output\raw\宋朝\四明十義書\四明十義書__juan_01.txt,scrape_output\clean\宋朝\四明十義書\四明十義書__juan_01.txt,18493,18411,0
宋朝,1208815,四明十義書,四明十義書/卷002,四明十義書,2,scrape_output\raw\宋朝\四明十義書\四明十義書__juan_02.txt,scrape_output\clean\宋朝\四明十義書\四明十義書__juan_02.txt,21410,21351,0
宋朝,1208958,四明尊者教行錄,四明尊者教行錄/卷001,四明尊者教行錄,1,scrape_output\raw\宋朝\四明尊者教行錄\四明尊者教行錄__juan_01.txt,scrape_output\clean\宋朝\四明尊者教行錄\四明尊者教行錄__juan_01.txt,15416,15238,0
宋朝,1208958,四明尊者教行錄,四明尊者教行錄/卷002,四明尊者教行錄,2,scrape_output\raw\宋朝\四明尊者教行錄\四明尊者教行錄__juan_02.txt,scrape_output\clean\宋朝\四明尊者教行錄\四明尊者教行錄__juan_02.txt,0,0,1
宋朝,1208958,四明尊者教行錄,四明尊者教行錄/卷003,四明尊者教行錄,3,scrape_output\raw\宋朝\四明尊者教行錄\四明尊者教行錄__juan_03.txt,scrape_output\clean\宋朝\四明尊者教行錄\四明尊者教行錄__juan_03.txt,0,0,1
宋朝,1208958,四明尊者教行錄,四明尊者教行錄/卷004,四明尊者教行錄,4,scrape_output\raw\宋朝\四明尊者教行錄\四明尊者教行錄__juan_04.txt,scrape_output\clean\宋朝\四明尊者教行錄\四明尊者教行錄__juan_04.txt,0,0,1
宋朝,1208958,四明尊者教行錄,四明尊者教行錄/卷005,四明尊者教行錄,5,scrape_output\raw\宋朝\四明尊者教行錄\四明尊者教行錄__juan_05.txt,scrape_output\clean\宋朝\四明尊者教行錄\四明尊者教行錄__juan_05.txt,0,0,1
宋朝,1208958,四明尊者教行錄,四明尊者教行錄/卷006,四明尊者教行錄,6,scrape_output\raw\宋朝\四明尊者教行錄\四明尊者教行錄__juan_06.txt,scrape_output\clean\宋朝\四明尊者教行錄\四明尊者教行錄__juan_06.txt,0,0,1
宋朝,1208958,四明尊者教行錄,四明尊者教行錄/卷007,四明尊者教行錄,7,scrape_output\raw\宋朝\四明尊者教行錄\四明尊者教行錄__juan_07.txt,scrape_output\clean\宋朝\四明尊者教行錄\四明尊者教行錄__juan_07.txt,0,0,1
宋朝,59225,四月中休日聞蟬,四月中休日聞蟬,四月中休日聞蟬,1,scrape_output\raw\宋朝\四月中休日聞蟬\四月中休日聞蟬__juan_01.txt,scrape_output\clean\宋朝\四月中休日聞蟬\四月中休日聞蟬__juan_01.txt,126,34,0
宋朝,796181,四月末天氣陡然如秋遂御袷衣游北沙亭觀江漲,四月末天氣陡然如秋遂御袷衣游北沙亭觀江漲,四月末天氣陡然如秋遂御袷衣游北沙亭觀江漲,1,scrape_output\raw\宋朝\四月末天氣陡然如秋遂御袷衣游北沙亭觀江漲\四月末天氣陡然如秋遂御袷衣游北沙亭觀江漲__juan_01.txt,scrape_output\clean\宋朝\四月末天氣陡然如秋遂御袷衣游北沙亭觀江漲\四月末天氣陡然如秋遂御袷衣游北沙亭觀江漲__juan_01.txt,149,105,0
宋朝,37329,四逸臺,四逸臺,四逸臺,1,scrape_output\raw\宋朝\四逸臺\四逸臺__juan_01.txt,scrape_output\clean\宋朝\四逸臺\四逸臺__juan_01.txt,211,159,0
宋朝,177130,園生樹經,園生樹經,園生樹經,1,scrape_output\raw\宋朝\園生樹經\園生樹經__juan_01.txt,scrape_output\clean\宋朝\園生樹經\園生樹經__juan_01.txt,991,899,0
宋朝,29653,圓蛤,圓蛤,圓蛤,1,scrape_output\raw\宋朝\圓蛤\圓蛤__juan_01.txt,scrape_output\clean\宋朝\圓蛤\圓蛤__juan_01.txt,217,173,0
宋朝,37345,城南寓居,城南寓居,城南寓居,1,scrape_output\raw\宋朝\城南寓居\城南寓居__juan_01.txt,scrape_output\clean\宋朝\城南寓居\城南寓居__juan_01.txt,136,89,0
宋朝,50831,塗中遇雪寄希深,塗中遇雪寄希深,塗中遇雪寄希深,1,scrape_output\raw\宋朝\塗中遇雪寄希深\塗中遇雪寄希深__juan_01.txt,scrape_output\clean\宋朝\塗中遇雪寄希深\塗中遇雪寄希深__juan_01.txt,133,89,0
宋朝,143690,增慧陀罗尼经,增慧陀罗尼经,增慧陀罗尼经,1,scrape_output\raw\宋朝\增慧陀罗尼经\增慧陀罗尼经__juan_01.txt,scrape_output\clean\宋朝\增慧陀罗尼经\增慧陀罗尼经__juan_01.txt,355,335,0
宋朝,37332,墨池,墨池,墨池,1,scrape_output\raw\宋朝\墨池\墨池__juan_01.txt,scrape_output\clean\宋朝\墨池\墨池__juan_01.txt,151,103,0
宋朝,1143836,墨經,墨經,墨經,1,scrape_output\raw\宋朝\墨經\墨經__juan_01.txt,scrape_output\clean\宋朝\墨經\墨經__juan_01.txt,3934,3934,0
宋朝,178825,壬午初秋贈寫真陳生,壬午初秋贈寫真陳生,壬午初秋贈寫真陳生,1,scrape_output\raw\宋朝\壬午初秋贈寫真陳生\壬午初秋贈寫真陳生__juan_01.txt,scrape_output\clean\宋朝\壬午初秋贈寫真陳生\壬午初秋贈寫真陳生__juan_01.txt,134,89,0
宋朝,194287,夏后氏,夏后氏,夏后氏,1,scrape_output\raw\宋朝\夏后氏\夏后氏__juan_01.txt,scrape_output\clean\宋朝\夏后氏\夏后氏__juan_01.txt,126,34,0
宋朝,89396,夏夜 (范成大),夏夜 (范成大),夏夜 (范成大),1,scrape_output\raw\宋朝\夏夜 (范成大)\夏夜 (范成大)__juan_01.txt,scrape_output\clean\宋朝\夏夜 (范成大)\夏夜 (范成大)__juan_01.txt,136,89,0
宋朝,158664,夏日 (張耒),夏日 (張耒),夏日 (張耒),1,scrape_output\raw\宋朝\夏日 (張耒)\夏日 (張耒)__juan_01.txt,scrape_output\clean\宋朝\夏日 (張耒)\夏日 (張耒)__juan_01.txt,165,113,0
宋朝,440957,外科精要,外科精要,外科精要,1,scrape_output\raw\宋朝\外科精要\外科精要__juan_01.txt,scrape_output\clean\宋朝\外科精要\外科精要__juan_01.txt,39690,39473,0
宋朝,112505,多麗 (李清照),多麗 (李清照),多麗 (李清照),1,scrape_output\raw\宋朝\多麗 (李清照)\多麗 (李清照)__juan_01.txt,scrape_output\clean\宋朝\多麗 (李清照)\多麗 (李清照)__juan_01.txt,283,235,0
宋朝,138945,多麗 (李良定公席上賦),多麗 (李良定公席上賦),多麗 (李良定公席上賦),1,scrape_output\raw\宋朝\多麗 (李良定公席上賦)\多麗 (李良定公席上賦)__juan_01.txt,scrape_output\clean\宋朝\多麗 (李良定公席上賦)\多麗 (李良定公席上賦)__juan_01.txt,280,236,0
宋朝,136826,夜中,夜中,夜中,1,scrape_output\raw\宋朝\夜中\夜中__juan_01.txt,scrape_output\clean\宋朝\夜中\夜中__juan_01.txt,231,183,0
宋朝,178942,夜作,夜作,夜作,1,scrape_output\raw\宋朝\夜作\夜作__juan_01.txt,scrape_output\clean\宋朝\夜作\夜作__juan_01.txt,141,95,0
宋朝,200474,夜意,夜意,夜意,1,scrape_output\raw\宋朝\夜意\夜意__juan_01.txt,scrape_output\clean\宋朝\夜意\夜意__juan_01.txt,685,70,0
宋朝,112740,夜發嚴灘 (李清照),夜發嚴灘 (李清照),夜發嚴灘 (李清照),1,scrape_output\raw\宋朝\夜發嚴灘 (李清照)\夜發嚴灘 (李清照)__juan_01.txt,scrape_output\clean\宋朝\夜發嚴灘 (李清照)\夜發嚴灘 (李清照)__juan_01.txt,126,34,0
宋朝,31630,夜直省舍,夜直省舍,夜直省舍,1,scrape_output\raw\宋朝\夜直省舍\夜直省舍__juan_01.txt,scrape_output\clean\宋朝\夜直省舍\夜直省舍__juan_01.txt,175,131,0
宋朝,59200,夜聞蕭伯和與子上弟讀書,夜聞蕭伯和與子上弟讀書,夜聞蕭伯和與子上弟讀書,1,scrape_output\raw\宋朝\夜聞蕭伯和與子上弟讀書\夜聞蕭伯和與子上弟讀書__juan_01.txt,scrape_output\clean\宋朝\夜聞蕭伯和與子上弟讀書\夜聞蕭伯和與子上弟讀書__juan_01.txt,126,34,0
宋朝,889629,夜行 (晁沖之),夜行 (晁沖之),夜行 (晁沖之),1,scrape_output\raw\宋朝\夜行 (晁沖之)\夜行 (晁沖之)__juan_01.txt,scrape_output\clean\宋朝\夜行 (晁沖之)\夜行 (晁沖之)__juan_01.txt,113,69,0
宋朝,889628,夜行 (陸游),夜行 (陸游),夜行 (陸游),1,scrape_output\raw\宋朝\夜行 (陸游)\夜行 (陸游)__juan_01.txt,scrape_output\clean\宋朝\夜行 (陸游)\夜行 (陸游)__juan_01.txt,246,202,0
宋朝,35680,夜行上沙見梅記東坡作詩招魂之句,夜行上沙見梅記東坡作詩招魂之句,夜行上沙見梅記東坡作詩招魂之句,1,scrape_output\raw\宋朝\夜行上沙見梅記東坡作詩招魂之句\夜行上沙見梅記東坡作詩招魂之句__juan_01.txt,scrape_output\clean\宋朝\夜行上沙見梅記東坡作詩招魂之句\夜行上沙見梅記東坡作詩招魂之句__juan_01.txt,226,173,0
宋朝,179168,夜離零陵以避同僚追送之勞留二絕簡諸友,夜離零陵以避同僚追送之勞留二絕簡諸友,夜離零陵以避同僚追送之勞留二絕簡諸友,1,scrape_output\raw\宋朝\夜離零陵以避同僚追送之勞留二絕簡諸友\夜離零陵以避同僚追送之勞留二絕簡諸友__juan_01.txt,scrape_output\clean\宋朝\夜離零陵以避同僚追送之勞留二絕簡諸友\夜離零陵以避同僚追送之勞留二絕簡諸友__juan_01.txt,155,111,0
宋朝,179178,夜雨泊新淦,夜雨泊新淦,夜雨泊新淦,1,scrape_output\raw\宋朝\夜雨泊新淦\夜雨泊新淦__juan_01.txt,scrape_output\clean\宋朝\夜雨泊新淦\夜雨泊新淦__juan_01.txt,133,89,0
宋朝,1010131,夢中作 (王珩),夢中作 (王珩),夢中作 (王珩),1,scrape_output\raw\宋朝\夢中作 (王珩)\夢中作 (王珩)__juan_01.txt,scrape_output\clean\宋朝\夢中作 (王珩)\夢中作 (王珩)__juan_01.txt,141,93,0
宋朝,182535,夢林玄解,夢林玄解/夢林玄解卷之首,夢林玄解,1,scrape_output\raw\宋朝\夢林玄解\夢林玄解__juan_01.txt,scrape_output\clean\宋朝\夢林玄解\夢林玄解__juan_01.txt,585,530,0
宋朝,35692,夢至洛中觀牡丹繁麗溢目覺而有賦,夢至洛中觀牡丹繁麗溢目覺而有賦,夢至洛中觀牡丹繁麗溢目覺而有賦,1,scrape_output\raw\宋朝\夢至洛中觀牡丹繁麗溢目覺而有賦\夢至洛中觀牡丹繁麗溢目覺而有賦__juan_01.txt,scrape_output\clean\宋朝\夢至洛中觀牡丹繁麗溢目覺而有賦\夢至洛中觀牡丹繁麗溢目覺而有賦__juan_01.txt,152,105,0
宋朝,35694,夢觀牡丹,夢觀牡丹,夢觀牡丹,1,scrape_output\raw\宋朝\夢觀牡丹\夢觀牡丹__juan_01.txt,scrape_output\clean\宋朝\夢觀牡丹\夢觀牡丹__juan_01.txt,114,69,0
宋朝,1096818,大乘二十頌論,大乘二十頌論,大乘二十頌論,1,scrape_output\raw\宋朝\大乘二十頌論\大乘二十頌論__juan_01.txt,scrape_output\clean\宋朝\大乘二十頌論\大乘二十頌論__juan_01.txt,894,802,0
宋朝,1205090,大乘寶要義論,大乘寶要義論/卷001,大乘寶要義論,1,scrape_output\raw\宋朝\大乘寶要義論\大乘寶要義論__juan_01.txt,scrape_output\clean\宋朝\大乘寶要義論\大乘寶要義論__juan_01.txt,4216,4216,0
宋朝,1205090,大乘寶要義論,大乘寶要義論/卷002,大乘寶要義論,2,scrape_output\raw\宋朝\大乘寶要義論\大乘寶要義論__juan_02.txt,scrape_output\clean\宋朝\大乘寶要義論\大乘寶要義論__juan_02.txt,3553,3550,0
宋朝,1205090,大乘寶要義論,大乘寶要義論/卷003,大乘寶要義論,3,scrape_output\raw\宋朝\大乘寶要義論\大乘寶要義論__juan_03.txt,scrape_output\clean\宋朝\大乘寶要義論\大乘寶要義論__juan_03.txt,4643,4643,0
宋朝,1205090,大乘寶要義論,大乘寶要義論/卷004,大乘寶要義論,4,scrape_output\raw\宋朝\大乘寶要義論\大乘寶要義論__juan_04.txt,scrape_output\clean\宋朝\大乘寶要義論\大乘寶要義論__juan_04.txt,4459,4456,0
宋朝,1205090,大乘寶要義論,大乘寶要義論/卷005,大乘寶要義論,5,scrape_output\raw\宋朝\大乘寶要義論\大乘寶要義論__juan_05.txt,scrape_output\clean\宋朝\大乘寶要義論\大乘寶要義論__juan_05.txt,4572,4572,0
宋朝,1205090,大乘寶要義論,大乘寶要義論/卷006,大乘寶要義論,6,scrape_output\raw\宋朝\大乘寶要義論\大乘寶要義論__juan_06.txt,scrape_output\clean\宋朝\大乘寶要義論\大乘寶要義論__juan_06.txt,3972,3972,0
宋朝,1205090,大乘寶要義論,大乘寶要義論/卷007,大乘寶要義論,7,scrape_output\raw\宋朝\大乘寶要義論\大乘寶要義論__juan_07.txt,scrape_output\clean\宋朝\大乘寶要義論\大乘寶要義論__juan_07.txt,4175,4175,0
宋朝,1205090,大乘寶要義論,大乘寶要義論/卷008,大乘寶要義論,8,scrape_output\raw\宋朝\大乘寶要義論\大乘寶要義論__juan_08.txt,scrape_output\clean\宋朝\大乘寶要義論\大乘寶要義論__juan_08.txt,4026,4008,0
宋朝,1205090,大乘寶要義論,大乘寶要義論/卷009,大乘寶要義論,9,scrape_output\raw\宋朝\大乘寶要義論\大乘寶要義論__juan_09.txt,scrape_output\clean\宋朝\大乘寶要義論\大乘寶要義論__juan_09.txt,3622,3622,0
宋朝,1205090,大乘寶要義論,大乘寶要義論/卷010,大乘寶要義論,10,scrape_output\raw\宋朝\大乘寶要義論\大乘寶要義論__juan_10.txt,scrape_output\clean\宋朝\大乘寶要義論\大乘寶要義論__juan_10.txt,3668,3664,0
宋朝,175235,大乘集菩薩學論,大乘集菩薩學論/卷一,大乘集菩薩學論,1,scrape_output\raw\宋朝\大乘集菩薩學論\大乘集菩薩學論__juan_01.txt,scrape_output\clean\宋朝\大乘集菩薩學論\大乘集菩薩學論__juan_01.txt,4563,4559,0
宋朝,175235,大乘集菩薩學論,大乘集菩薩學論/卷二,大乘集菩薩學論,2,scrape_output\raw\宋朝\大乘集菩薩學論\大乘集菩薩學論__juan_02.txt,scrape_output\clean\宋朝\大乘集菩薩學論\大乘集菩薩學論__juan_02.txt,3641,3641,0
宋朝,175235,大乘集菩薩學論,大乘集菩薩學論/卷三,大乘集菩薩學論,3,scrape_output\raw\宋朝\大乘集菩薩學論\大乘集菩薩學論__juan_03.txt,scrape_output\clean\宋朝\大乘集菩薩學論\大乘集菩薩學論__juan_03.txt,5152,5152,0
宋朝,175235,大乘集菩薩學論,大乘集菩薩學論/卷四,大乘集菩薩學論,4,scrape_output\raw\宋朝\大乘集菩薩學論\大乘集菩薩學論__juan_04.txt,scrape_output\clean\宋朝\大乘集菩薩學論\大乘集菩薩學論__juan_04.txt,6147,6147,0
宋朝,175235,大乘集菩薩學論,大乘集菩薩學論/卷五,大乘集菩薩學論,5,scrape_output\raw\宋朝\大乘集菩薩學論\大乘集菩薩學論__juan_05.txt,scrape_output\clean\宋朝\大乘集菩薩學論\大乘集菩薩學論__juan_05.txt,6462,6379,0
宋朝,175235,大乘集菩薩學論,大乘集菩薩學論/卷六,大乘集菩薩學論,6,scrape_output\raw\宋朝\大乘集菩薩學論\大乘集菩薩學論__juan_06.txt,scrape_output\clean\宋朝\大乘集菩薩學論\大乘集菩薩學論__juan_06.txt,5058,5054,0
宋朝,175235,大乘集菩薩學論,大乘集菩薩學論/卷七,大乘集菩薩學論,7,scrape_output\raw\宋朝\大乘集菩薩學論\大乘集菩薩學論__juan_07.txt,scrape_output\clean\宋朝\大乘集菩薩學論\大乘集菩薩學論__juan_07.txt,5152,5152,0
宋朝,175235,大乘集菩薩學論,大乘集菩薩學論/卷八,大乘集菩薩學論,8,scrape_output\raw\宋朝\大乘集菩薩學論\大乘集菩薩學論__juan_08.txt,scrape_output\clean\宋朝\大乘集菩薩學論\大乘集菩薩學論__juan_08.txt,5630,5627,0
宋朝,175235,大乘集菩薩學論,大乘集菩薩學論/卷九,大乘集菩薩學論,9,scrape_output\raw\宋朝\大乘集菩薩學論\大乘集菩薩學論__juan_09.txt,scrape_output\clean\宋朝\大乘集菩薩學論\大乘集菩薩學論__juan_09.txt,5094,4559,0
宋朝,175235,大乘集菩薩學論,大乘集菩薩學論/卷十,大乘集菩薩學論,10,scrape_output\raw\宋朝\大乘集菩薩學論\大乘集菩薩學論__juan_10.txt,scrape_output\clean\宋朝\大乘集菩薩學論\大乘集菩薩學論__juan_10.txt,4340,4340,0
宋朝,175235,大乘集菩薩學論,大乘集菩薩學論/卷十一,大乘集菩薩學論,11,scrape_output\raw\宋朝\大乘集菩薩學論\大乘集菩薩學論__juan_11.txt,scrape_output\clean\宋朝\大乘集菩薩學論\大乘集菩薩學論__juan_11.txt,4620,4599,0
宋朝,175235,大乘集菩薩學論,大乘集菩薩學論/卷十二,大乘集菩薩學論,12,scrape_output\raw\宋朝\大乘集菩薩學論\大乘集菩薩學論__juan_12.txt,scrape_output\clean\宋朝\大乘集菩薩學論\大乘集菩薩學論__juan_12.txt,4082,4082,0
宋朝,175235,大乘集菩薩學論,大乘集菩薩學論/卷十三,大乘集菩薩學論,13,scrape_output\raw\宋朝\大乘集菩薩學論\大乘集菩薩學論__juan_13.txt,scrape_output\clean\宋朝\大乘集菩薩學論\大乘集菩薩學論__juan_13.txt,4156,4152,0
宋朝,175235,大乘集菩薩學論,大乘集菩薩學論/卷十四,大乘集菩薩學論,14,scrape_output\raw\宋朝\大乘集菩薩學論\大乘集菩薩學論__juan_14.txt,scrape_output\clean\宋朝\大乘集菩薩學論\大乘集菩薩學論__juan_14.txt,4458,4442,0
宋朝,175235,大乘集菩薩學論,大乘集菩薩學論/卷十五,大乘集菩薩學論,15,scrape_output\raw\宋朝\大乘集菩薩學論\大乘集菩薩學論__juan_15.txt,scrape_output\clean\宋朝\大乘集菩薩學論\大乘集菩薩學論__juan_15.txt,3060,3058,0
宋朝,175235,大乘集菩薩學論,大乘集菩薩學論/卷十六,大乘集菩薩學論,16,scrape_output\raw\宋朝\大乘集菩薩學論\大乘集菩薩學論__juan_16.txt,scrape_output\clean\宋朝\大乘集菩薩學論\大乘集菩薩學論__juan_16.txt,2804,2802,0
宋朝,175235,大乘集菩薩學論,大乘集菩薩學論/卷十七,大乘集菩薩學論,17,scrape_output\raw\宋朝\大乘集菩薩學論\大乘集菩薩學論__juan_17.txt,scrape_output\clean\宋朝\大乘集菩薩學論\大乘集菩薩學論__juan_17.txt,1979,1979,0
宋朝,175235,大乘集菩薩學論,大乘集菩薩學論/卷十八,大乘集菩薩學論,18,scrape_output\raw\宋朝\大乘集菩薩學論\大乘集菩薩學論__juan_18.txt,scrape_output\clean\宋朝\大乘集菩薩學論\大乘集菩薩學論__juan_18.txt,3212,3209,0
宋朝,175235,大乘集菩薩學論,大乘集菩薩學論/卷十九,大乘集菩薩學論,19,scrape_output\raw\宋朝\大乘集菩薩學論\大乘集菩薩學論__juan_19.txt,scrape_output\clean\宋朝\大乘集菩薩學論\大乘集菩薩學論__juan_19.txt,3388,3388,0
宋朝,175235,大乘集菩薩學論,大乘集菩薩學論/卷二十,大乘集菩薩學論,20,scrape_output\raw\宋朝\大乘集菩薩學論\大乘集菩薩學論__juan_20.txt,scrape_output\clean\宋朝\大乘集菩薩學論\大乘集菩薩學論__juan_20.txt,3228,3224,0
宋朝,175235,大乘集菩薩學論,大乘集菩薩學論/卷二十一,大乘集菩薩學論,21,scrape_output\raw\宋朝\大乘集菩薩學論\大乘集菩薩學論__juan_21.txt,scrape_output\clean\宋朝\大乘集菩薩學論\大乘集菩薩學論__juan_21.txt,4823,4823,0
宋朝,175235,大乘集菩薩學論,大乘集菩薩學論/卷二十二,大乘集菩薩學論,22,scrape_output\raw\宋朝\大乘集菩薩學論\大乘集菩薩學論__juan_22.txt,scrape_output\clean\宋朝\大乘集菩薩學論\大乘集菩薩學論__juan_22.txt,4251,4251,0
宋朝,175235,大乘集菩薩學論,大乘集菩薩學論/卷二十三,大乘集菩薩學論,23,scrape_output\raw\宋朝\大乘集菩薩學論\大乘集菩薩學論__juan_23.txt,scrape_output\clean\宋朝\大乘集菩薩學論\大乘集菩薩學論__juan_23.txt,5336,5336,0
宋朝,175235,大乘集菩薩學論,大乘集菩薩學論/卷二十四,大乘集菩薩學論,24,scrape_output\raw\宋朝\大乘集菩薩學論\大乘集菩薩學論__juan_24.txt,scrape_output\clean\宋朝\大乘集菩薩學論\大乘集菩薩學論__juan_24.txt,5356,5356,0
宋朝,175235,大乘集菩薩學論,大乘集菩薩學論/卷二十五,大乘集菩薩學論,25,scrape_output\raw\宋朝\大乘集菩薩學論\大乘集菩薩學論__juan_25.txt,scrape_output\clean\宋朝\大乘集菩薩學論\大乘集菩薩學論__juan_25.txt,5068,4939,0
宋朝,64587,大事記,大事記/卷一,大事記,1,scrape_output\raw\宋朝\大事記\大事記__juan_01.txt,scrape_output\clean\宋朝\大事記\大事記__juan_01.txt,3443,3443,0
宋朝,64587,大事記,大事記/卷二,大事記,2,scrape_output\raw\宋朝\大事記\大事記__juan_02.txt,scrape_output\clean\宋朝\大事記\大事記__juan_02.txt,2006,2006,0
宋朝,64587,大事記,大事記/卷三,大事記,3,scrape_output\raw\宋朝\大事記\大事記__juan_03.txt,scrape_output\clean\宋朝\大事記\大事記__juan_03.txt,2052,2052,0
宋朝,64587,大事記,大事記/卷四,大事記,4,scrape_output\raw\宋朝\大事記\大事記__juan_04.txt,scrape_output\clean\宋朝\大事記\大事記__juan_04.txt,2703,2703,0
宋朝,64587,大事記,大事記/卷五,大事記,5,scrape_output\raw\宋朝\大事記\大事記__juan_05.txt,scrape_output\clean\宋朝\大事記\大事記__juan_05.txt,3370,3370,0
宋朝,64587,大事記,大事記/卷六,大事記,6,scrape_output\raw\宋朝\大事記\大事記__juan_06.txt,scrape_output\clean\宋朝\大事記\大事記__juan_06.txt,2293,2293,0
宋朝,64587,大事記,大事記/卷七,大事記,7,scrape_output\raw\宋朝\大事記\大事記__juan_07.txt,scrape_output\clean\宋朝\大事記\大事記__juan_07.txt,1027,1027,0
宋朝,64587,大事記,大事記/卷八,大事記,8,scrape_output\raw\宋朝\大事記\大事記__juan_08.txt,scrape_output\clean\宋朝\大事記\大事記__juan_08.txt,2963,2963,0
宋朝,64587,大事記,大事記/卷九,大事記,9,scrape_output\raw\宋朝\大事記\大事記__juan_09.txt,scrape_output\clean\宋朝\大事記\大事記__juan_09.txt,4681,4681,0
宋朝,64587,大事記,大事記/卷十,大事記,10,scrape_output\raw\宋朝\大事記\大事記__juan_10.txt,scrape_output\clean\宋朝\大事記\大事記__juan_10.txt,1020,931,0
宋朝,64587,大事記,大事記/卷十一,大事記,11,scrape_output\raw\宋朝\大事記\大事記__juan_11.txt,scrape_output\clean\宋朝\大事記\大事記__juan_11.txt,0,0,1
宋朝,64587,大事記,大事記/卷十二,大事記,12,scrape_output\raw\宋朝\大事記\大事記__juan_12.txt,scrape_output\clean\宋朝\大事記\大事記__juan_12.txt,0,0,1
宋朝,61212,大唐三藏取經詩話,大唐三藏取經詩話,大唐三藏取經詩話,1,scrape_output\raw\宋朝\大唐三藏取經詩話\大唐三藏取經詩話__juan_01.txt,scrape_output\clean\宋朝\大唐三藏取經詩話\大唐三藏取經詩話__juan_01.txt,11643,11288,0
宋朝,195282,大堅固婆羅門緣起經,大堅固婆羅門緣起經/卷第 01,大堅固婆羅門緣起經,1,scrape_output\raw\宋朝\大堅固婆羅門緣起經\大堅固婆羅門緣起經__juan_01.txt,scrape_output\clean\宋朝\大堅固婆羅門緣起經\大堅固婆羅門緣起經__juan_01.txt,4503,4503,0
宋朝,195282,大堅固婆羅門緣起經,大堅固婆羅門緣起經/卷第 02,大堅固婆羅門緣起經,2,scrape_output\raw\宋朝\大堅固婆羅門緣起經\大堅固婆羅門緣起經__juan_02.txt,scrape_output\clean\宋朝\大堅固婆羅門緣起經\大堅固婆羅門緣起經__juan_02.txt,5707,5698,0
宋朝,136830,大小言,大小言,大小言,1,scrape_output\raw\宋朝\大小言\大小言__juan_01.txt,scrape_output\clean\宋朝\大小言\大小言__juan_01.txt,136,89,0
宋朝,875321,大方廣總持寶光明經,大方廣總持寶光明經/卷第一,大方廣總持寶光明經,1,scrape_output\raw\宋朝\大方廣總持寶光明經\大方廣總持寶光明經__juan_01.txt,scrape_output\clean\宋朝\大方廣總持寶光明經\大方廣總持寶光明經__juan_01.txt,7567,7567,0
宋朝,875321,大方廣總持寶光明經,大方廣總持寶光明經/卷第三,大方廣總持寶光明經,2,scrape_output\raw\宋朝\大方廣總持寶光明經\大方廣總持寶光明經__juan_02.txt,scrape_output\clean\宋朝\大方廣總持寶光明經\大方廣總持寶光明經__juan_02.txt,7100,7093,0
宋朝,875321,大方廣總持寶光明經,大方廣總持寶光明經/卷第二,大方廣總持寶光明經,3,scrape_output\raw\宋朝\大方廣總持寶光明經\大方廣總持寶光明經__juan_03.txt,scrape_output\clean\宋朝\大方廣總持寶光明經\大方廣總持寶光明經__juan_03.txt,8004,7867,0
宋朝,875321,大方廣總持寶光明經,大方廣總持寶光明經/卷第五,大方廣總持寶光明經,4,scrape_output\raw\宋朝\大方廣總持寶光明經\大方廣總持寶光明經__juan_04.txt,scrape_output\clean\宋朝\大方廣總持寶光明經\大方廣總持寶光明經__juan_04.txt,6904,6904,0
宋朝,875321,大方廣總持寶光明經,大方廣總持寶光明經/卷第四,大方廣總持寶光明經,5,scrape_output\raw\宋朝\大方廣總持寶光明經\大方廣總持寶光明經__juan_05.txt,scrape_output\clean\宋朝\大方廣總持寶光明經\大方廣總持寶光明經__juan_05.txt,7243,7240,0
宋朝,1180220,大理國淵公塔之碑銘,大理國淵公塔之碑銘,大理國淵公塔之碑銘,1,scrape_output\raw\宋朝\大理國淵公塔之碑銘\大理國淵公塔之碑銘__juan_01.txt,scrape_output\clean\宋朝\大理國淵公塔之碑銘\大理國淵公塔之碑銘__juan_01.txt,2765,2696,0
宋朝,177208,大生義經,大生義經,大生義經,1,scrape_output\raw\宋朝\大生義經\大生義經__juan_01.txt,scrape_output\clean\宋朝\大生義經\大生義經__juan_01.txt,3646,3646,0
宋朝,967152,大集會正法經,大集會正法經/卷第 01,大集會正法經,1,scrape_output\raw\宋朝\大集會正法經\大集會正法經__juan_01.txt,scrape_output\clean\宋朝\大集會正法經\大集會正法經__juan_01.txt,5649,5649,0
宋朝,967152,大集會正法經,大集會正法經/卷第 02,大集會正法經,2,scrape_output\raw\宋朝\大集會正法經\大集會正法經__juan_02.txt,scrape_output\clean\宋朝\大集會正法經\大集會正法經__juan_02.txt,7321,7321,0
宋朝,967152,大集會正法經,大集會正法經/卷第 03,大集會正法經,3,scrape_output\raw\宋朝\大集會正法經\大集會正法經__juan_03.txt,scrape_output\clean\宋朝\大集會正法經\大集會正法經__juan_03.txt,5747,5747,0
宋朝,967152,大集會正法經,大集會正法經/卷第 04,大集會正法經,4,scrape_output\raw\宋朝\大集會正法經\大集會正法經__juan_04.txt,scrape_output\clean\宋朝\大集會正法經\大集會正法經__juan_04.txt,8426,8426,0
宋朝,967152,大集會正法經,大集會正法經/卷第 05,大集會正法經,5,scrape_output\raw\宋朝\大集會正法經\大集會正法經__juan_05.txt,scrape_output\clean\宋朝\大集會正法經\大集會正法經__juan_05.txt,8431,8428,0
宋朝,195286,大集法門經,大集法門經/卷第 01,大集法門經,1,scrape_output\raw\宋朝\大集法門經\大集法門經__juan_01.txt,scrape_output\clean\宋朝\大集法門經\大集法門經__juan_01.txt,5461,5461,0
宋朝,195286,大集法門經,大集法門經/卷第 02,大集法門經,2,scrape_output\raw\宋朝\大集法門經\大集法門經__juan_02.txt,scrape_output\clean\宋朝\大集法門經\大集法門經__juan_02.txt,5592,5589,0
宋朝,136820,大霧,大霧,大霧,1,scrape_output\raw\宋朝\大霧\大霧__juan_01.txt,scrape_output\clean\宋朝\大霧\大霧__juan_01.txt,211,161,0
宋朝,37325,天封觀將軍柏,天封觀將軍柏,天封觀將軍柏,1,scrape_output\raw\宋朝\天封觀將軍柏\天封觀將軍柏__juan_01.txt,scrape_output\clean\宋朝\天封觀將軍柏\天封觀將軍柏__juan_01.txt,481,411,0
宋朝,855976,天老神光經,天老神光經,天老神光經,1,scrape_output\raw\宋朝\天老神光經\天老神光經__juan_01.txt,scrape_output\clean\宋朝\天老神光經\天老神光經__juan_01.txt,4610,4518,0
宋朝,200421,天道不可躋,天道不可躋,天道不可躋,1,scrape_output\raw\宋朝\天道不可躋\天道不可躋__juan_01.txt,scrape_output\clean\宋朝\天道不可躋\天道不可躋__juan_01.txt,670,103,0
宋朝,335577,太上九天延祥滌厄四聖妙經,太上九天延祥滌厄四聖妙經,太上九天延祥滌厄四聖妙經,1,scrape_output\raw\宋朝\太上九天延祥滌厄四聖妙經\太上九天延祥滌厄四聖妙經__juan_01.txt,scrape_output\clean\宋朝\太上九天延祥滌厄四聖妙經\太上九天延祥滌厄四聖妙經__juan_01.txt,4291,4187,0
宋朝,766416,太上混元老子史略,太上混元老子史略,太上混元老子史略,1,scrape_output\raw\宋朝\太上混元老子史略\太上混元老子史略__juan_01.txt,scrape_output\clean\宋朝\太上混元老子史略\太上混元老子史略__juan_01.txt,28039,27977,0
宋朝,22666,太平廣記,太平廣記/卷第001,太平廣記,1,scrape_output\raw\宋朝\太平廣記\太平廣記__juan_01.txt,scrape_output\clean\宋朝\太平廣記\太平廣記__juan_01.txt,3915,3885,0
宋朝,22666,太平廣記,太平廣記/卷第002,太平廣記,2,scrape_output\raw\宋朝\太平廣記\太平廣記__juan_02.txt,scrape_output\clean\宋朝\太平廣記\太平廣記__juan_02.txt,3600,3580,0
宋朝,22666,太平廣記,太平廣記/卷第003,太平廣記,3,scrape_output\raw\宋朝\太平廣記\太平廣記__juan_03.txt,scrape_output\clean\宋朝\太平廣記\太平廣記__juan_03.txt,7697,7659,0
宋朝,22666,太平廣記,太平廣記/卷第004,太平廣記,4,scrape_output\raw\宋朝\太平廣記\太平廣記__juan_04.txt,scrape_output\clean\宋朝\太平廣記\太平廣記__juan_04.txt,3877,3845,0
宋朝,22666,太平廣記,太平廣記/卷第005,太平廣記,5,scrape_output\raw\宋朝\太平廣記\太平廣記__juan_05.txt,scrape_output\clean\宋朝\太平廣記\太平廣記__juan_05.txt,4180,4158,0
宋朝,22666,太平廣記,太平廣記/卷第006,太平廣記,6,scrape_output\raw\宋朝\太平廣記\太平廣記__juan_06.txt,scrape_output\clean\宋朝\太平廣記\太平廣記__juan_06.txt,3637,3623,0
宋朝,22666,太平廣記,太平廣記/卷第007,太平廣記,7,scrape_output\raw\宋朝\太平廣記\太平廣記__juan_07.txt,scrape_output\clean\宋朝\太平廣記\太平廣記__juan_07.txt,4033,4019,0
宋朝,22666,太平廣記,太平廣記/卷第008,太平廣記,8,scrape_output\raw\宋朝\太平廣記\太平廣記__juan_08.txt,scrape_output\clean\宋朝\太平廣記\太平廣記__juan_08.txt,4827,4825,0
宋朝,22666,太平廣記,太平廣記/卷第009,太平廣記,9,scrape_output\raw\宋朝\太平廣記\太平廣記__juan_09.txt,scrape_output\clean\宋朝\太平廣記\太平廣記__juan_09.txt,3695,3689,0
宋朝,22666,太平廣記,太平廣記/卷第010,太平廣記,10,scrape_output\raw\宋朝\太平廣記\太平廣記__juan_10.txt,scrape_output\clean\宋朝\太平廣記\太平廣記__juan_10.txt,3998,3984,0
宋朝,22666,太平廣記,太平廣記/卷第011,太平廣記,11,scrape_output\raw\宋朝\太平廣記\太平廣記__juan_11.txt,scrape_output\clean\宋朝\太平廣記\太平廣記__juan_11.txt,4383,4297,0
宋朝,22666,太平廣記,太平廣記/卷第012,太平廣記,12,scrape_output\raw\宋朝\太平廣記\太平廣記__juan_12.txt,scrape_output\clean\宋朝\太平廣記\太平廣記__juan_12.txt,4221,4207,0
宋朝,22666,太平廣記,太平廣記/卷第013,太平廣記,13,scrape_output\raw\宋朝\太平廣記\太平廣記__juan_13.txt,scrape_output\clean\宋朝\太平廣記\太平廣記__juan_13.txt,5206,5178,0
宋朝,22666,太平廣記,太平廣記/卷第014,太平廣記,14,scrape_output\raw\宋朝\太平廣記\太平廣記__juan_14.txt,scrape_output\clean\宋朝\太平廣記\太平廣記__juan_14.txt,4383,4279,0
宋朝,22666,太平廣記,太平廣記/卷第015,太平廣記,15,scrape_output\raw\宋朝\太平廣記\太平廣記__juan_15.txt,scrape_output\clean\宋朝\太平廣記\太平廣記__juan_15.txt,3697,3691,0
宋朝,22666,太平廣記,太平廣記/卷第016,太平廣記,16,scrape_output\raw\宋朝\太平廣記\太平廣記__juan_16.txt,scrape_output\clean\宋朝\太平廣記\太平廣記__juan_16.txt,4535,4531,0
宋朝,22666,太平廣記,太平廣記/卷第017,太平廣記,17,scrape_output\raw\宋朝\太平廣記\太平廣記__juan_17.txt,scrape_output\clean\宋朝\太平廣記\太平廣記__juan_17.txt,3528,3526,0
宋朝,22666,太平廣記,太平廣記/卷第018,太平廣記,18,scrape_output\raw\宋朝\太平廣記\太平廣記__juan_18.txt,scrape_output\clean\宋朝\太平廣記\太平廣記__juan_18.txt,3571,3571,0
宋朝,22666,太平廣記,太平廣記/卷第019,太平廣記,19,scrape_output\raw\宋朝\太平廣記\太平廣記__juan_19.txt,scrape_output\clean\宋朝\太平廣記\太平廣記__juan_19.txt,3317,3315,0
宋朝,22666,太平廣記,太平廣記/卷第020,太平廣記,20,scrape_output\raw\宋朝\太平廣記\太平廣記__juan_20.txt,scrape_output\clean\宋朝\太平廣記\太平廣記__juan_20.txt,3583,3583,0
宋朝,22666,太平廣記,太平廣記/卷第021,太平廣記,21,scrape_output\raw\宋朝\太平廣記\太平廣記__juan_21.txt,scrape_output\clean\宋朝\太平廣記\太平廣記__juan_21.txt,3650,3642,0
宋朝,22666,太平廣記,太平廣記/卷第022,太平廣記,22,scrape_output\raw\宋朝\太平廣記\太平廣記__juan_22.txt,scrape_output\clean\宋朝\太平廣記\太平廣記__juan_22.txt,4109,4107,0
宋朝,22666,太平廣記,太平廣記/卷第023,太平廣記,23,scrape_output\raw\宋朝\太平廣記\太平廣記__juan_23.txt,scrape_output\clean\宋朝\太平廣記\太平廣記__juan_23.txt,3544,3544,0
宋朝,22666,太平廣記,太平廣記/卷第024,太平廣記,24,scrape_output\raw\宋朝\太平廣記\太平廣記__juan_24.txt,scrape_output\clean\宋朝\太平廣記\太平廣記__juan_24.txt,2700,2700,0
宋朝,22666,太平廣記,太平廣記/卷第025,太平廣記,25,scrape_output\raw\宋朝\太平廣記\太平廣記__juan_25.txt,scrape_output\clean\宋朝\太平廣記\太平廣記__juan_25.txt,3682,3676,0
宋朝,22666,太平廣記,太平廣記/卷第026,太平廣記,26,scrape_output\raw\宋朝\太平廣記\太平廣記__juan_26.txt,scrape_output\clean\宋朝\太平廣記\太平廣記__juan_26.txt,3589,3579,0
宋朝,22666,太平廣記,太平廣記/卷第027,太平廣記,27,scrape_output\raw\宋朝\太平廣記\太平廣記__juan_27.txt,scrape_output\clean\宋朝\太平廣記\太平廣記__juan_27.txt,3367,3355,0
宋朝,22666,太平廣記,太平廣記/卷第028,太平廣記,28,scrape_output\raw\宋朝\太平廣記\太平廣記__juan_28.txt,scrape_output\clean\宋朝\太平廣記\太平廣記__juan_28.txt,3236,3228,0
宋朝,22666,太平廣記,太平廣記/卷第029,太平廣記,29,scrape_output\raw\宋朝\太平廣記\太平廣記__juan_29.txt,scrape_output\clean\宋朝\太平廣記\太平廣記__juan_29.txt,2718,2708,0
宋朝,22666,太平廣記,太平廣記/卷第030,太平廣記,30,scrape_output\raw\宋朝\太平廣記\太平廣記__juan_30.txt,scrape_output\clean\宋朝\太平廣記\太平廣記__juan_30.txt,3379,3369,0
宋朝,22666,太平廣記,太平廣記/卷第031,太平廣記,31,scrape_output\raw\宋朝\太平廣記\太平廣記__juan_31.txt,scrape_output\clean\宋朝\太平廣記\太平廣記__juan_31.txt,3680,3669,0
宋朝,22666,太平廣記,太平廣記/卷第032,太平廣記,32,scrape_output\raw\宋朝\太平廣記\太平廣記__juan_32.txt,scrape_output\clean\宋朝\太平廣記\太平廣記__juan_32.txt,3700,3698,0
宋朝,22666,太平廣記,太平廣記/卷第033,太平廣記,33,scrape_output\raw\宋朝\太平廣記\太平廣記__juan_33.txt,scrape_output\clean\宋朝\太平廣記\太平廣記__juan_33.txt,3462,3454,0
宋朝,22666,太平廣記,太平廣記/卷第034,太平廣記,34,scrape_output\raw\宋朝\太平廣記\太平廣記__juan_34.txt,scrape_output\clean\宋朝\太平廣記\太平廣記__juan_34.txt,3752,3748,0
宋朝,22666,太平廣記,太平廣記/卷第035,太平廣記,35,scrape_output\raw\宋朝\太平廣記\太平廣記__juan_35.txt,scrape_output\clean\宋朝\太平廣記\太平廣記__juan_35.txt,3147,3137,0
宋朝,22666,太平廣記,太平廣記/卷第036,太平廣記,36,scrape_output\raw\宋朝\太平廣記\太平廣記__juan_36.txt,scrape_output\clean\宋朝\太平廣記\太平廣記__juan_36.txt,3372,3366,0
宋朝,22666,太平廣記,太平廣記/卷第037,太平廣記,37,scrape_output\raw\宋朝\太平廣記\太平廣記__juan_37.txt,scrape_output\clean\宋朝\太平廣記\太平廣記__juan_37.txt,2897,2886,0
宋朝,22666,太平廣記,太平廣記/卷第038,太平廣記,38,scrape_output\raw\宋朝\太平廣記\太平廣記__juan_38.txt,scrape_output\clean\宋朝\太平廣記\太平廣記__juan_38.txt,5211,5163,0
宋朝,22666,太平廣記,太平廣記/卷第039,太平廣記,39,scrape_output\raw\宋朝\太平廣記\太平廣記__juan_39.txt,scrape_output\clean\宋朝\太平廣記\太平廣記__juan_39.txt,2765,2755,0
宋朝,22666,太平廣記,太平廣記/卷第040,太平廣記,40,scrape_output\raw\宋朝\太平廣記\太平廣記__juan_40.txt,scrape_output\clean\宋朝\太平廣記\太平廣記__juan_40.txt,3563,3547,0
宋朝,22666,太平廣記,太平廣記/卷第041,太平廣記,41,scrape_output\raw\宋朝\太平廣記\太平廣記__juan_41.txt,scrape_output\clean\宋朝\太平廣記\太平廣記__juan_41.txt,3243,3237,0
宋朝,22666,太平廣記,太平廣記/卷第042,太平廣記,42,scrape_output\raw\宋朝\太平廣記\太平廣記__juan_42.txt,scrape_output\clean\宋朝\太平廣記\太平廣記__juan_42.txt,3233,3215,0
宋朝,22666,太平廣記,太平廣記/卷第043,太平廣記,43,scrape_output\raw\宋朝\太平廣記\太平廣記__juan_43.txt,scrape_output\clean\宋朝\太平廣記\太平廣記__juan_43.txt,2917,2907,0
宋朝,22666,太平廣記,太平廣記/卷第044,太平廣記,44,scrape_output\raw\宋朝\太平廣記\太平廣記__juan_44.txt,scrape_output\clean\宋朝\太平廣記\太平廣記__juan_44.txt,2960,2954,0
宋朝,22666,太平廣記,太平廣記/卷第045,太平廣記,45,scrape_output\raw\宋朝\太平廣記\太平廣記__juan_45.txt,scrape_output\clean\宋朝\太平廣記\太平廣記__juan_45.txt,3263,3248,0
宋朝,22666,太平廣記,太平廣記/卷第046,太平廣記,46,scrape_output\raw\宋朝\太平廣記\太平廣記__juan_46.txt,scrape_output\clean\宋朝\太平廣記\太平廣記__juan_46.txt,3205,3193,0
宋朝,22666,太平廣記,太平廣記/卷第047,太平廣記,47,scrape_output\raw\宋朝\太平廣記\太平廣記__juan_47.txt,scrape_output\clean\宋朝\太平廣記\太平廣記__juan_47.txt,3908,3900,0
宋朝,22666,太平廣記,太平廣記/卷第048,太平廣記,48,scrape_output\raw\宋朝\太平廣記\太平廣記__juan_48.txt,scrape_output\clean\宋朝\太平廣記\太平廣記__juan_48.txt,3236,3218,0
宋朝,22666,太平廣記,太平廣記/卷第049,太平廣記,49,scrape_output\raw\宋朝\太平廣記\太平廣記__juan_49.txt,scrape_output\clean\宋朝\太平廣記\太平廣記__juan_49.txt,3243,3233,0
宋朝,22666,太平廣記,太平廣記/卷第050,太平廣記,50,scrape_output\raw\宋朝\太平廣記\太平廣記__juan_50.txt,scrape_output\clean\宋朝\太平廣記\太平廣記__juan_50.txt,4369,4367,0
宋朝,22666,太平廣記,太平廣記/卷第051,太平廣記,51,scrape_output\raw\宋朝\太平廣記\太平廣記__juan_51.txt,scrape_output\clean\宋朝\太平廣記\太平廣記__juan_51.txt,1551,1541,0
宋朝,22666,太平廣記,太平廣記/卷第052,太平廣記,52,scrape_output\raw\宋朝\太平廣記\太平廣記__juan_52.txt,scrape_output\clean\宋朝\太平廣記\太平廣記__juan_52.txt,3747,3739,0
宋朝,22666,太平廣記,太平廣記/卷第053,太平廣記,53,scrape_output\raw\宋朝\太平廣記\太平廣記__juan_53.txt,scrape_output\clean\宋朝\太平廣記\太平廣記__juan_53.txt,3280,3264,0
宋朝,22666,太平廣記,太平廣記/卷第054,太平廣記,54,scrape_output\raw\宋朝\太平廣記\太平廣記__juan_54.txt,scrape_output\clean\宋朝\太平廣記\太平廣記__juan_54.txt,3844,3829,0
宋朝,22666,太平廣記,太平廣記/卷第055,太平廣記,55,scrape_output\raw\宋朝\太平廣記\太平廣記__juan_55.txt,scrape_output\clean\宋朝\太平廣記\太平廣記__juan_55.txt,3409,3399,0
宋朝,22666,太平廣記,太平廣記/卷第056,太平廣記,56,scrape_output\raw\宋朝\太平廣記\太平廣記__juan_56.txt,scrape_output\clean\宋朝\太平廣記\太平廣記__juan_56.txt,3880,3870,0
宋朝,22666,太平廣記,太平廣記/卷第057,太平廣記,57,scrape_output\raw\宋朝\太平廣記\太平廣記__juan_57.txt,scrape_output\clean\宋朝\太平廣記\太平廣記__juan_57.txt,3459,3453,0
宋朝,22666,太平廣記,太平廣記/卷第058,太平廣記,58,scrape_output\raw\宋朝\太平廣記\太平廣記__juan_58.txt,scrape_output\clean\宋朝\太平廣記\太平廣記__juan_58.txt,3697,3668,0
宋朝,22666,太平廣記,太平廣記/卷第059,太平廣記,59,scrape_output\raw\宋朝\太平廣記\太平廣記__juan_59.txt,scrape_output\clean\宋朝\太平廣記\太平廣記__juan_59.txt,3359,3321,0
宋朝,22666,太平廣記,太平廣記/卷第060,太平廣記,60,scrape_output\raw\宋朝\太平廣記\太平廣記__juan_60.txt,scrape_output\clean\宋朝\太平廣記\太平廣記__juan_60.txt,4140,4114,0
宋朝,22666,太平廣記,太平廣記/卷第061,太平廣記,61,scrape_output\raw\宋朝\太平廣記\太平廣記__juan_61.txt,scrape_output\clean\宋朝\太平廣記\太平廣記__juan_61.txt,4559,4543,0
宋朝,22666,太平廣記,太平廣記/卷第062,太平廣記,62,scrape_output\raw\宋朝\太平廣記\太平廣記__juan_62.txt,scrape_output\clean\宋朝\太平廣記\太平廣記__juan_62.txt,3985,3958,0
宋朝,22666,太平廣記,太平廣記/卷第063,太平廣記,63,scrape_output\raw\宋朝\太平廣記\太平廣記__juan_63.txt,scrape_output\clean\宋朝\太平廣記\太平廣記__juan_63.txt,3675,3655,0
宋朝,22666,太平廣記,太平廣記/卷第064,太平廣記,64,scrape_output\raw\宋朝\太平廣記\太平廣記__juan_64.txt,scrape_output\clean\宋朝\太平廣記\太平廣記__juan_64.txt,2749,2739,0
宋朝,22666,太平廣記,太平廣記/卷第065,太平廣記,65,scrape_output\raw\宋朝\太平廣記\太平廣記__juan_65.txt,scrape_output\clean\宋朝\太平廣記\太平廣記__juan_65.txt,3777,3767,0
宋朝,22666,太平廣記,太平廣記/卷第066,太平廣記,66,scrape_output\raw\宋朝\太平廣記\太平廣記__juan_66.txt,scrape_output\clean\宋朝\太平廣記\太平廣記__juan_66.txt,4052,4040,0
宋朝,22666,太平廣記,太平廣記/卷第067,太平廣記,67,scrape_output\raw\宋朝\太平廣記\太平廣記__juan_67.txt,scrape_output\clean\宋朝\太平廣記\太平廣記__juan_67.txt,3564,3552,0
宋朝,22666,太平廣記,太平廣記/卷第068,太平廣記,68,scrape_output\raw\宋朝\太平廣記\太平廣記__juan_68.txt,scrape_output\clean\宋朝\太平廣記\太平廣記__juan_68.txt,4079,4069,0
宋朝,22666,太平廣記,太平廣記/卷第069,太平廣記,69,scrape_output\raw\宋朝\太平廣記\太平廣記__juan_69.txt,scrape_output\clean\宋朝\太平廣記\太平廣記__juan_69.txt,3227,3213,0
宋朝,22666,太平廣記,太平廣記/卷第070,太平廣記,70,scrape_output\raw\宋朝\太平廣記\太平廣記__juan_70.txt,scrape_output\clean\宋朝\太平廣記\太平廣記__juan_70.txt,3861,3839,0
宋朝,22666,太平廣記,太平廣記/卷第071,太平廣記,71,scrape_output\raw\宋朝\太平廣記\太平廣記__juan_71.txt,scrape_output\clean\宋朝\太平廣記\太平廣記__juan_71.txt,3625,3615,0
宋朝,22666,太平廣記,太平廣記/卷第072,太平廣記,72,scrape_output\raw\宋朝\太平廣記\太平廣記__juan_72.txt,scrape_output\clean\宋朝\太平廣記\太平廣記__juan_72.txt,4443,4421,0
宋朝,22666,太平廣記,太平廣記/卷第073,太平廣記,73,scrape_output\raw\宋朝\太平廣記\太平廣記__juan_73.txt,scrape_output\clean\宋朝\太平廣記\太平廣記__juan_73.txt,4053,4033,0
宋朝,22666,太平廣記,太平廣記/卷第074,太平廣記,74,scrape_output\raw\宋朝\太平廣記\太平廣記__juan_74.txt,scrape_output\clean\宋朝\太平廣記\太平廣記__juan_74.txt,4023,4007,0
宋朝,22666,太平廣記,太平廣記/卷第075,太平廣記,75,scrape_output\raw\宋朝\太平廣記\太平廣記__juan_75.txt,scrape_output\clean\宋朝\太平廣記\太平廣記__juan_75.txt,3527,3504,0
宋朝,22666,太平廣記,太平廣記/卷第076,太平廣記,76,scrape_output\raw\宋朝\太平廣記\太平廣記__juan_76.txt,scrape_output\clean\宋朝\太平廣記\太平廣記__juan_76.txt,4595,4549,0
宋朝,22666,太平廣記,太平廣記/卷第077,太平廣記,77,scrape_output\raw\宋朝\太平廣記\太平廣記__juan_77.txt,scrape_output\clean\宋朝\太平廣記\太平廣記__juan_77.txt,3757,3743,0
宋朝,22666,太平廣記,太平廣記/卷第078,太平廣記,78,scrape_output\raw\宋朝\太平廣記\太平廣記__juan_78.txt,scrape_output\clean\宋朝\太平廣記\太平廣記__juan_78.txt,3908,3882,0
宋朝,22666,太平廣記,太平廣記/卷第079,太平廣記,79,scrape_output\raw\宋朝\太平廣記\太平廣記__juan_79.txt,scrape_output\clean\宋朝\太平廣記\太平廣記__juan_79.txt,4587,4549,0
宋朝,22666,太平廣記,太平廣記/卷第080,太平廣記,80,scrape_output\raw\宋朝\太平廣記\太平廣記__juan_80.txt,scrape_output\clean\宋朝\太平廣記\太平廣記__juan_80.txt,4312,4274,0
宋朝,22666,太平廣記,太平廣記/卷第081,太平廣記,81,scrape_output\raw\宋朝\太平廣記\太平廣記__juan_81.txt,scrape_output\clean\宋朝\太平廣記\太平廣記__juan_81.txt,5394,5360,0
宋朝,22666,太平廣記,太平廣記/卷第082,太平廣記,82,scrape_output\raw\宋朝\太平廣記\太平廣記__juan_82.txt,scrape_output\clean\宋朝\太平廣記\太平廣記__juan_82.txt,5634,5597,0
宋朝,22666,太平廣記,太平廣記/卷第083,太平廣記,83,scrape_output\raw\宋朝\太平廣記\太平廣記__juan_83.txt,scrape_output\clean\宋朝\太平廣記\太平廣記__juan_83.txt,4585,4559,0
宋朝,22666,太平廣記,太平廣記/卷第084,太平廣記,84,scrape_output\raw\宋朝\太平廣記\太平廣記__juan_84.txt,scrape_output\clean\宋朝\太平廣記\太平廣記__juan_84.txt,5123,5083,0
宋朝,22666,太平廣記,太平廣記/卷第085,太平廣記,85,scrape_output\raw\宋朝\太平廣記\太平廣記__juan_85.txt,scrape_output\clean\宋朝\太平廣記\太平廣記__juan_85.txt,4494,4458,0
宋朝,22666,太平廣記,太平廣記/卷第086,太平廣記,86,scrape_output\raw\宋朝\太平廣記\太平廣記__juan_86.txt,scrape_output\clean\宋朝\太平廣記\太平廣記__juan_86.txt,4250,4216,0
宋朝,22666,太平廣記,太平廣記/卷第087,太平廣記,87,scrape_output\raw\宋朝\太平廣記\太平廣記__juan_87.txt,scrape_output\clean\宋朝\太平廣記\太平廣記__juan_87.txt,4066,4040,0
宋朝,22666,太平廣記,太平廣記/卷第088,太平廣記,88,scrape_output\raw\宋朝\太平廣記\太平廣記__juan_88.txt,scrape_output\clean\宋朝\太平廣記\太平廣記__juan_88.txt,6672,6647,0
宋朝,22666,太平廣記,太平廣記/卷第089,太平廣記,89,scrape_output\raw\宋朝\太平廣記\太平廣記__juan_89.txt,scrape_output\clean\宋朝\太平廣記\太平廣記__juan_89.txt,4181,4167,0
宋朝,22666,太平廣記,太平廣記/卷第090,太平廣記,90,scrape_output\raw\宋朝\太平廣記\太平廣記__juan_90.txt,scrape_output\clean\宋朝\太平廣記\太平廣記__juan_90.txt,5891,5870,0
宋朝,22666,太平廣記,太平廣記/卷第091,太平廣記,91,scrape_output\raw\宋朝\太平廣記\太平廣記__juan_91.txt,scrape_output\clean\宋朝\太平廣記\太平廣記__juan_91.txt,4531,4507,0
宋朝,22666,太平廣記,太平廣記/卷第092,太平廣記,92,scrape_output\raw\宋朝\太平廣記\太平廣記__juan_92.txt,scrape_output\clean\宋朝\太平廣記\太平廣記__juan_92.txt,4493,4481,0
宋朝,22666,太平廣記,太平廣記/卷第093,太平廣記,93,scrape_output\raw\宋朝\太平廣記\太平廣記__juan_93.txt,scrape_output\clean\宋朝\太平廣記\太平廣記__juan_93.txt,6934,6918,0
宋朝,22666,太平廣記,太平廣記/卷第094,太平廣記,94,scrape_output\raw\宋朝\太平廣記\太平廣記__juan_94.txt,scrape_output\clean\宋朝\太平廣記\太平廣記__juan_94.txt,4070,4060,0
宋朝,22666,太平廣記,太平廣記/卷第095,太平廣記,95,scrape_output\raw\宋朝\太平廣記\太平廣記__juan_95.txt,scrape_output\clean\宋朝\太平廣記\太平廣記__juan_95.txt,4163,4139,0
宋朝,22666,太平廣記,太平廣記/卷第096,太平廣記,96,scrape_output\raw\宋朝\太平廣記\太平廣記__juan_96.txt,scrape_output\clean\宋朝\太平廣記\太平廣記__juan_96.txt,3998,3968,0
宋朝,22666,太平廣記,太平廣記/卷第097,太平廣記,97,scrape_output\raw\宋朝\太平廣記\太平廣記__juan_97.txt,scrape_output\clean\宋朝\太平廣記\太平廣記__juan_97.txt,3350,3328,0
宋朝,22666,太平廣記,太平廣記/卷第098,太平廣記,98,scrape_output\raw\宋朝\太平廣記\太平廣記__juan_98.txt,scrape_output\clean\宋朝\太平廣記\太平廣記__juan_98.txt,3489,3461,0
宋朝,22666,太平廣記,太平廣記/卷第099,太平廣記,99,scrape_output\raw\宋朝\太平廣記\太平廣記__juan_99.txt,scrape_output\clean\宋朝\太平廣記\太平廣記__juan_99.txt,4437,4398,0
宋朝,22666,太平廣記,太平廣記/卷第100,太平廣記,100,scrape_output\raw\宋朝\太平廣記\太平廣記__juan_100.txt,scrape_output\clean\宋朝\太平廣記\太平廣記__juan_100.txt,4696,4672,0
宋朝,22666,太平廣記,太平廣記/卷第101,太平廣記,101,scrape_output\raw\宋朝\太平廣記\太平廣記__juan_101.txt,scrape_output\clean\宋朝\太平廣記\太平廣記__juan_101.txt,4604,4545,0
宋朝,22666,太平廣記,太平廣記/卷第102,太平廣記,102,scrape_output\raw\宋朝\太平廣記\太平廣記__juan_102.txt,scrape_output\clean\宋朝\太平廣記\太平廣記__juan_102.txt,3813,3781,0
宋朝,22666,太平廣記,太平廣記/卷第103,太平廣記,103,scrape_output\raw\宋朝\太平廣記\太平廣記__juan_103.txt,scrape_output\clean\宋朝\太平廣記\太平廣記__juan_103.txt,3789,3755,0
宋朝,22666,太平廣記,太平廣記/卷第104,太平廣記,104,scrape_output\raw\宋朝\太平廣記\太平廣記__juan_104.txt,scrape_output\clean\宋朝\太平廣記\太平廣記__juan_104.txt,3563,3532,0
宋朝,22666,太平廣記,太平廣記/卷第105,太平廣記,105,scrape_output\raw\宋朝\太平廣記\太平廣記__juan_105.txt,scrape_output\clean\宋朝\太平廣記\太平廣記__juan_105.txt,3585,3559,0
宋朝,22666,太平廣記,太平廣記/卷第106,太平廣記,106,scrape_output\raw\宋朝\太平廣記\太平廣記__juan_106.txt,scrape_output\clean\宋朝\太平廣記\太平廣記__juan_106.txt,3899,3868,0
宋朝,22666,太平廣記,太平廣記/卷第107,太平廣記,107,scrape_output\raw\宋朝\太平廣記\太平廣記__juan_107.txt,scrape_output\clean\宋朝\太平廣記\太平廣記__juan_107.txt,3864,3828,0
宋朝,22666,太平廣記,太平廣記/卷第108,太平廣記,108,scrape_output\raw\宋朝\太平廣記\太平廣記__juan_108.txt,scrape_output\clean\宋朝\太平廣記\太平廣記__juan_108.txt,3889,3861,0
宋朝,22666,太平廣記,太平廣記/卷第109,太平廣記,109,scrape_output\raw\宋朝\太平廣記\太平廣記__juan_109.txt,scrape_output\clean\宋朝\太平廣記\太平廣記__juan_109.txt,5820,5770,0
宋朝,22666,太平廣記,太平廣記/卷第110,太平廣記,110,scrape_output\raw\宋朝\太平廣記\太平廣記__juan_110.txt,scrape_output\clean\宋朝\太平廣記\太平廣記__juan_110.txt,5194,5140,0
宋朝,22666,太平廣記,太平廣記/卷第111,太平廣記,111,scrape_output\raw\宋朝\太平廣記\太平廣記__juan_111.txt,scrape_output\clean\宋朝\太平廣記\太平廣記__juan_111.txt,5312,5258,0
宋朝,22666,太平廣記,太平廣記/卷第112,太平廣記,112,scrape_output\raw\宋朝\太平廣記\太平廣記__juan_112.txt,scrape_output\clean\宋朝\太平廣記\太平廣記__juan_112.txt,5419,5385,0
宋朝,22666,太平廣記,太平廣記/卷第113,太平廣記,113,scrape_output\raw\宋朝\太平廣記\太平廣記__juan_113.txt,scrape_output\clean\宋朝\太平廣記\太平廣記__juan_113.txt,4147,4111,0
宋朝,22666,太平廣記,太平廣記/卷第114,太平廣記,114,scrape_output\raw\宋朝\太平廣記\太平廣記__juan_114.txt,scrape_output\clean\宋朝\太平廣記\太平廣記__juan_114.txt,3977,3945,0
宋朝,22666,太平廣記,太平廣記/卷第115,太平廣記,115,scrape_output\raw\宋朝\太平廣記\太平廣記__juan_115.txt,scrape_output\clean\宋朝\太平廣記\太平廣記__juan_115.txt,4380,4344,0
宋朝,22666,太平廣記,太平廣記/卷第116,太平廣記,116,scrape_output\raw\宋朝\太平廣記\太平廣記__juan_116.txt,scrape_output\clean\宋朝\太平廣記\太平廣記__juan_116.txt,4432,4374,0
宋朝,22666,太平廣記,太平廣記/卷第117,太平廣記,117,scrape_output\raw\宋朝\太平廣記\太平廣記__juan_117.txt,scrape_output\clean\宋朝\太平廣記\太平廣記__juan_117.txt,3109,3087,0
宋朝,22666,太平廣記,太平廣記/卷第118,太平廣記,118,scrape_output\raw\宋朝\太平廣記\太平廣記__juan_118.txt,scrape_output\clean\宋朝\太平廣記\太平廣記__juan_118.txt,3923,3889,0
宋朝,22666,太平廣記,太平廣記/卷第119,太平廣記,119,scrape_output\raw\宋朝\太平廣記\太平廣記__juan_119.txt,scrape_output\clean\宋朝\太平廣記\太平廣記__juan_119.txt,4138,4092,0
宋朝,22666,太平廣記,太平廣記/卷第120,太平廣記,120,scrape_output\raw\宋朝\太平廣記\太平廣記__juan_120.txt,scrape_output\clean\宋朝\太平廣記\太平廣記__juan_120.txt,4098,4056,0
宋朝,22666,太平廣記,太平廣記/卷第121,太平廣記,121,scrape_output\raw\宋朝\太平廣記\太平廣記__juan_121.txt,scrape_output\clean\宋朝\太平廣記\太平廣記__juan_121.txt,4335,4282,0
宋朝,22666,太平廣記,太平廣記/卷第122,太平廣記,122,scrape_output\raw\宋朝\太平廣記\太平廣記__juan_122.txt,scrape_output\clean\宋朝\太平廣記\太平廣記__juan_122.txt,4555,4535,0
宋朝,22666,太平廣記,太平廣記/卷第123,太平廣記,123,scrape_output\raw\宋朝\太平廣記\太平廣記__juan_123.txt,scrape_output\clean\宋朝\太平廣記\太平廣記__juan_123.txt,4166,4146,0
宋朝,22666,太平廣記,太平廣記/卷第124,太平廣記,124,scrape_output\raw\宋朝\太平廣記\太平廣記__juan_124.txt,scrape_output\clean\宋朝\太平廣記\太平廣記__juan_124.txt,3932,3895,0
宋朝,22666,太平廣記,太平廣記/卷第125,太平廣記,125,scrape_output\raw\宋朝\太平廣記\太平廣記__juan_125.txt,scrape_output\clean\宋朝\太平廣記\太平廣記__juan_125.txt,3721,3656,0
宋朝,22666,太平廣記,太平廣記/卷第126,太平廣記,126,scrape_output\raw\宋朝\太平廣記\太平廣記__juan_126.txt,scrape_output\clean\宋朝\太平廣記\太平廣記__juan_126.txt,4120,4061,0
宋朝,22666,太平廣記,太平廣記/卷第127,太平廣記,127,scrape_output\raw\宋朝\太平廣記\太平廣記__juan_127.txt,scrape_output\clean\宋朝\太平廣記\太平廣記__juan_127.txt,3930,3863,0
宋朝,22666,太平廣記,太平廣記/卷第128,太平廣記,128,scrape_output\raw\宋朝\太平廣記\太平廣記__juan_128.txt,scrape_output\clean\宋朝\太平廣記\太平廣記__juan_128.txt,3661,3602,0
宋朝,22666,太平廣記,太平廣記/卷第129,太平廣記,129,scrape_output\raw\宋朝\太平廣記\太平廣記__juan_129.txt,scrape_output\clean\宋朝\太平廣記\太平廣記__juan_129.txt,3843,3766,0
宋朝,22666,太平廣記,太平廣記/卷第130,太平廣記,130,scrape_output\raw\宋朝\太平廣記\太平廣記__juan_130.txt,scrape_output\clean\宋朝\太平廣記\太平廣記__juan_130.txt,3638,3577,0
宋朝,22666,太平廣記,太平廣記/卷第131,太平廣記,131,scrape_output\raw\宋朝\太平廣記\太平廣記__juan_131.txt,scrape_output\clean\宋朝\太平廣記\太平廣記__juan_131.txt,4407,4300,0
宋朝,22666,太平廣記,太平廣記/卷第132,太平廣記,132,scrape_output\raw\宋朝\太平廣記\太平廣記__juan_132.txt,scrape_output\clean\宋朝\太平廣記\太平廣記__juan_132.txt,4239,4156,0
宋朝,22666,太平廣記,太平廣記/卷第133,太平廣記,133,scrape_output\raw\宋朝\太平廣記\太平廣記__juan_133.txt,scrape_output\clean\宋朝\太平廣記\太平廣記__juan_133.txt,4035,3944,0
宋朝,22666,太平廣記,太平廣記/卷第134,太平廣記,134,scrape_output\raw\宋朝\太平廣記\太平廣記__juan_134.txt,scrape_output\clean\宋朝\太平廣記\太平廣記__juan_134.txt,4343,4258,0
宋朝,22666,太平廣記,太平廣記/卷第135,太平廣記,135,scrape_output\raw\宋朝\太平廣記\太平廣記__juan_135.txt,scrape_output\clean\宋朝\太平廣記\太平廣記__juan_135.txt,4111,3994,0
宋朝,22666,太平廣記,太平廣記/卷第136,太平廣記,136,scrape_output\raw\宋朝\太平廣記\太平廣記__juan_136.txt,scrape_output\clean\宋朝\太平廣記\太平廣記__juan_136.txt,3919,3836,0
宋朝,22666,太平廣記,太平廣記/卷第137,太平廣記,137,scrape_output\raw\宋朝\太平廣記\太平廣記__juan_137.txt,scrape_output\clean\宋朝\太平廣記\太平廣記__juan_137.txt,3665,3568,0
宋朝,22666,太平廣記,太平廣記/卷第138,太平廣記,138,scrape_output\raw\宋朝\太平廣記\太平廣記__juan_138.txt,scrape_output\clean\宋朝\太平廣記\太平廣記__juan_138.txt,3903,3818,0
宋朝,22666,太平廣記,太平廣記/卷第139,太平廣記,139,scrape_output\raw\宋朝\太平廣記\太平廣記__juan_139.txt,scrape_output\clean\宋朝\太平廣記\太平廣記__juan_139.txt,4161,4048,0
宋朝,22666,太平廣記,太平廣記/卷第140,太平廣記,140,scrape_output\raw\宋朝\太平廣記\太平廣記__juan_140.txt,scrape_output\clean\宋朝\太平廣記\太平廣記__juan_140.txt,2442,2373,0
宋朝,22666,太平廣記,太平廣記/卷第141,太平廣記,141,scrape_output\raw\宋朝\太平廣記\太平廣記__juan_141.txt,scrape_output\clean\宋朝\太平廣記\太平廣記__juan_141.txt,1895,1818,0
宋朝,22666,太平廣記,太平廣記/卷第142,太平廣記,142,scrape_output\raw\宋朝\太平廣記\太平廣記__juan_142.txt,scrape_output\clean\宋朝\太平廣記\太平廣記__juan_142.txt,2054,1979,0
宋朝,22666,太平廣記,太平廣記/卷第143,太平廣記,143,scrape_output\raw\宋朝\太平廣記\太平廣記__juan_143.txt,scrape_output\clean\宋朝\太平廣記\太平廣記__juan_143.txt,3904,3797,0
宋朝,22666,太平廣記,太平廣記/卷第144,太平廣記,144,scrape_output\raw\宋朝\太平廣記\太平廣記__juan_144.txt,scrape_output\clean\宋朝\太平廣記\太平廣記__juan_144.txt,3770,3681,0
宋朝,22666,太平廣記,太平廣記/卷第145,太平廣記,145,scrape_output\raw\宋朝\太平廣記\太平廣記__juan_145.txt,scrape_output\clean\宋朝\太平廣記\太平廣記__juan_145.txt,2626,2547,0
宋朝,22666,太平廣記,太平廣記/卷第146,太平廣記,146,scrape_output\raw\宋朝\太平廣記\太平廣記__juan_146.txt,scrape_output\clean\宋朝\太平廣記\太平廣記__juan_146.txt,3950,3859,0
宋朝,22666,太平廣記,太平廣記/卷第147,太平廣記,147,scrape_output\raw\宋朝\太平廣記\太平廣記__juan_147.txt,scrape_output\clean\宋朝\太平廣記\太平廣記__juan_147.txt,4372,4284,0
宋朝,22666,太平廣記,太平廣記/卷第148,太平廣記,148,scrape_output\raw\宋朝\太平廣記\太平廣記__juan_148.txt,scrape_output\clean\宋朝\太平廣記\太平廣記__juan_148.txt,2593,2528,0
宋朝,22666,太平廣記,太平廣記/卷第149,太平廣記,149,scrape_output\raw\宋朝\太平廣記\太平廣記__juan_149.txt,scrape_output\clean\宋朝\太平廣記\太平廣記__juan_149.txt,4061,3986,0
宋朝,22666,太平廣記,太平廣記/卷第150,太平廣記,150,scrape_output\raw\宋朝\太平廣記\太平廣記__juan_150.txt,scrape_output\clean\宋朝\太平廣記\太平廣記__juan_150.txt,4317,4245,0
宋朝,22666,太平廣記,太平廣記/卷第151,太平廣記,151,scrape_output\raw\宋朝\太平廣記\太平廣記__juan_151.txt,scrape_output\clean\宋朝\太平廣記\太平廣記__juan_151.txt,2757,2694,0
宋朝,22666,太平廣記,太平廣記/卷第152,太平廣記,152,scrape_output\raw\宋朝\太平廣記\太平廣記__juan_152.txt,scrape_output\clean\宋朝\太平廣記\太平廣記__juan_152.txt,4105,4038,0
宋朝,22666,太平廣記,太平廣記/卷第153,太平廣記,153,scrape_output\raw\宋朝\太平廣記\太平廣記__juan_153.txt,scrape_output\clean\宋朝\太平廣記\太平廣記__juan_153.txt,4249,4176,0
宋朝,22666,太平廣記,太平廣記/卷第154,太平廣記,154,scrape_output\raw\宋朝\太平廣記\太平廣記__juan_154.txt,scrape_output\clean\宋朝\太平廣記\太平廣記__juan_154.txt,3601,3528,0
宋朝,22666,太平廣記,太平廣記/卷第155,太平廣記,155,scrape_output\raw\宋朝\太平廣記\太平廣記__juan_155.txt,scrape_output\clean\宋朝\太平廣記\太平廣記__juan_155.txt,4105,4030,0
宋朝,22666,太平廣記,太平廣記/卷第156,太平廣記,156,scrape_output\raw\宋朝\太平廣記\太平廣記__juan_156.txt,scrape_output\clean\宋朝\太平廣記\太平廣記__juan_156.txt,3763,3684,0
宋朝,22666,太平廣記,太平廣記/卷第157,太平廣記,157,scrape_output\raw\宋朝\太平廣記\太平廣記__juan_157.txt,scrape_output\clean\宋朝\太平廣記\太平廣記__juan_157.txt,4059,3994,0
宋朝,22666,太平廣記,太平廣記/卷第158,太平廣記,158,scrape_output\raw\宋朝\太平廣記\太平廣記__juan_158.txt,scrape_output\clean\宋朝\太平廣記\太平廣記__juan_158.txt,4546,4465,0
宋朝,22666,太平廣記,太平廣記/卷第159,太平廣記,159,scrape_output\raw\宋朝\太平廣記\太平廣記__juan_159.txt,scrape_output\clean\宋朝\太平廣記\太平廣記__juan_159.txt,3461,3392,0
宋朝,22666,太平廣記,太平廣記/卷第160,太平廣記,160,scrape_output\raw\宋朝\太平廣記\太平廣記__juan_160.txt,scrape_output\clean\宋朝\太平廣記\太平廣記__juan_160.txt,3282,3219,0
宋朝,22666,太平廣記,太平廣記/卷第161,太平廣記,161,scrape_output\raw\宋朝\太平廣記\太平廣記__juan_161.txt,scrape_output\clean\宋朝\太平廣記\太平廣記__juan_161.txt,4637,4526,0
宋朝,22666,太平廣記,太平廣記/卷第162,太平廣記,162,scrape_output\raw\宋朝\太平廣記\太平廣記__juan_162.txt,scrape_output\clean\宋朝\太平廣記\太平廣記__juan_162.txt,3661,3564,0
宋朝,22666,太平廣記,太平廣記/卷第163,太平廣記,163,scrape_output\raw\宋朝\太平廣記\太平廣記__juan_163.txt,scrape_output\clean\宋朝\太平廣記\太平廣記__juan_163.txt,5324,5187,0
宋朝,22666,太平廣記,太平廣記/卷第164,太平廣記,164,scrape_output\raw\宋朝\太平廣記\太平廣記__juan_164.txt,scrape_output\clean\宋朝\太平廣記\太平廣記__juan_164.txt,4293,4174,0
宋朝,22666,太平廣記,太平廣記/卷第165,太平廣記,165,scrape_output\raw\宋朝\太平廣記\太平廣記__juan_165.txt,scrape_output\clean\宋朝\太平廣記\太平廣記__juan_165.txt,5313,5192,0
宋朝,22666,太平廣記,太平廣記/卷第166,太平廣記,166,scrape_output\raw\宋朝\太平廣記\太平廣記__juan_166.txt,scrape_output\clean\宋朝\太平廣記\太平廣記__juan_166.txt,3810,3743,0
宋朝,22666,太平廣記,太平廣記/卷第167,太平廣記,167,scrape_output\raw\宋朝\太平廣記\太平廣記__juan_167.txt,scrape_output\clean\宋朝\太平廣記\太平廣記__juan_167.txt,2778,2713,0
宋朝,22666,太平廣記,太平廣記/卷第168,太平廣記,168,scrape_output\raw\宋朝\太平廣記\太平廣記__juan_168.txt,scrape_output\clean\宋朝\太平廣記\太平廣記__juan_168.txt,2540,2467,0
宋朝,22666,太平廣記,太平廣記/卷第169,太平廣記,169,scrape_output\raw\宋朝\太平廣記\太平廣記__juan_169.txt,scrape_output\clean\宋朝\太平廣記\太平廣記__juan_169.txt,5567,5448,0
宋朝,22666,太平廣記,太平廣記/卷第170,太平廣記,170,scrape_output\raw\宋朝\太平廣記\太平廣記__juan_170.txt,scrape_output\clean\宋朝\太平廣記\太平廣記__juan_170.txt,5578,5457,0
宋朝,22666,太平廣記,太平廣記/卷第171,太平廣記,171,scrape_output\raw\宋朝\太平廣記\太平廣記__juan_171.txt,scrape_output\clean\宋朝\太平廣記\太平廣記__juan_171.txt,5634,5545,0
宋朝,22666,太平廣記,太平廣記/卷第172,太平廣記,172,scrape_output\raw\宋朝\太平廣記\太平廣記__juan_172.txt,scrape_output\clean\宋朝\太平廣記\太平廣記__juan_172.txt,6036,5941,0
宋朝,22666,太平廣記,太平廣記/卷第173,太平廣記,173,scrape_output\raw\宋朝\太平廣記\太平廣記__juan_173.txt,scrape_output\clean\宋朝\太平廣記\太平廣記__juan_173.txt,4938,4843,0
宋朝,22666,太平廣記,太平廣記/卷第174,太平廣記,174,scrape_output\raw\宋朝\太平廣記\太平廣記__juan_174.txt,scrape_output\clean\宋朝\太平廣記\太平廣記__juan_174.txt,5605,5534,0
宋朝,22666,太平廣記,太平廣記/卷第175,太平廣記,175,scrape_output\raw\宋朝\太平廣記\太平廣記__juan_175.txt,scrape_output\clean\宋朝\太平廣記\太平廣記__juan_175.txt,4900,4819,0
宋朝,22666,太平廣記,太平廣記/卷第176,太平廣記,176,scrape_output\raw\宋朝\太平廣記\太平廣記__juan_176.txt,scrape_output\clean\宋朝\太平廣記\太平廣記__juan_176.txt,3825,3736,0
宋朝,22666,太平廣記,太平廣記/卷第177,太平廣記,177,scrape_output\raw\宋朝\太平廣記\太平廣記__juan_177.txt,scrape_output\clean\宋朝\太平廣記\太平廣記__juan_177.txt,3738,3661,0
宋朝,22666,太平廣記,太平廣記/卷第178,太平廣記,178,scrape_output\raw\宋朝\太平廣記\太平廣記__juan_178.txt,scrape_output\clean\宋朝\太平廣記\太平廣記__juan_178.txt,4826,4715,0
宋朝,22666,太平廣記,太平廣記/卷第179,太平廣記,179,scrape_output\raw\宋朝\太平廣記\太平廣記__juan_179.txt,scrape_output\clean\宋朝\太平廣記\太平廣記__juan_179.txt,3963,3874,0
宋朝,22666,太平廣記,太平廣記/卷第180,太平廣記,180,scrape_output\raw\宋朝\太平廣記\太平廣記__juan_180.txt,scrape_output\clean\宋朝\太平廣記\太平廣記__juan_180.txt,3283,3188,0
宋朝,22666,太平廣記,太平廣記/卷第181,太平廣記,181,scrape_output\raw\宋朝\太平廣記\太平廣記__juan_181.txt,scrape_output\clean\宋朝\太平廣記\太平廣記__juan_181.txt,4231,4116,0
宋朝,22666,太平廣記,太平廣記/卷第182,太平廣記,182,scrape_output\raw\宋朝\太平廣記\太平廣記__juan_182.txt,scrape_output\clean\宋朝\太平廣記\太平廣記__juan_182.txt,3678,3585,0
宋朝,22666,太平廣記,太平廣記/卷第183,太平廣記,183,scrape_output\raw\宋朝\太平廣記\太平廣記__juan_183.txt,scrape_output\clean\宋朝\太平廣記\太平廣記__juan_183.txt,4535,4418,0
宋朝,22666,太平廣記,太平廣記/卷第184,太平廣記,184,scrape_output\raw\宋朝\太平廣記\太平廣記__juan_184.txt,scrape_output\clean\宋朝\太平廣記\太平廣記__juan_184.txt,3653,3540,0
宋朝,22666,太平廣記,太平廣記/卷第185,太平廣記,185,scrape_output\raw\宋朝\太平廣記\太平廣記__juan_185.txt,scrape_output\clean\宋朝\太平廣記\太平廣記__juan_185.txt,2917,2816,0
宋朝,22666,太平廣記,太平廣記/卷第186,太平廣記,186,scrape_output\raw\宋朝\太平廣記\太平廣記__juan_186.txt,scrape_output\clean\宋朝\太平廣記\太平廣記__juan_186.txt,2825,2730,0
宋朝,22666,太平廣記,太平廣記/卷第187,太平廣記,187,scrape_output\raw\宋朝\太平廣記\太平廣記__juan_187.txt,scrape_output\clean\宋朝\太平廣記\太平廣記__juan_187.txt,4072,3947,0
宋朝,22666,太平廣記,太平廣記/卷第188,太平廣記,188,scrape_output\raw\宋朝\太平廣記\太平廣記__juan_188.txt,scrape_output\clean\宋朝\太平廣記\太平廣記__juan_188.txt,3782,3701,0
宋朝,22666,太平廣記,太平廣記/卷第189,太平廣記,189,scrape_output\raw\宋朝\太平廣記\太平廣記__juan_189.txt,scrape_output\clean\宋朝\太平廣記\太平廣記__juan_189.txt,3812,3743,0
宋朝,22666,太平廣記,太平廣記/卷第190,太平廣記,190,scrape_output\raw\宋朝\太平廣記\太平廣記__juan_190.txt,scrape_output\clean\宋朝\太平廣記\太平廣記__juan_190.txt,3588,3501,0
宋朝,22666,太平廣記,太平廣記/卷第191,太平廣記,191,scrape_output\raw\宋朝\太平廣記\太平廣記__juan_191.txt,scrape_output\clean\宋朝\太平廣記\太平廣記__juan_191.txt,4054,3961,0
宋朝,22666,太平廣記,太平廣記/卷第192,太平廣記,192,scrape_output\raw\宋朝\太平廣記\太平廣記__juan_192.txt,scrape_output\clean\宋朝\太平廣記\太平廣記__juan_192.txt,3836,3755,0
宋朝,22666,太平廣記,太平廣記/卷第193,太平廣記,193,scrape_output\raw\宋朝\太平廣記\太平廣記__juan_193.txt,scrape_output\clean\宋朝\太平廣記\太平廣記__juan_193.txt,4140,4083,0
宋朝,22666,太平廣記,太平廣記/卷第194,太平廣記,194,scrape_output\raw\宋朝\太平廣記\太平廣記__juan_194.txt,scrape_output\clean\宋朝\太平廣記\太平廣記__juan_194.txt,4822,4761,0
宋朝,22666,太平廣記,太平廣記/卷第195,太平廣記,195,scrape_output\raw\宋朝\太平廣記\太平廣記__juan_195.txt,scrape_output\clean\宋朝\太平廣記\太平廣記__juan_195.txt,4353,4290,0
宋朝,22666,太平廣記,太平廣記/卷第196,太平廣記,196,scrape_output\raw\宋朝\太平廣記\太平廣記__juan_196.txt,scrape_output\clean\宋朝\太平廣記\太平廣記__juan_196.txt,4475,4402,0
宋朝,22666,太平廣記,太平廣記/卷第197,太平廣記,197,scrape_output\raw\宋朝\太平廣記\太平廣記__juan_197.txt,scrape_output\clean\宋朝\太平廣記\太平廣記__juan_197.txt,3984,3886,0
宋朝,22666,太平廣記,太平廣記/卷第198,太平廣記,198,scrape_output\raw\宋朝\太平廣記\太平廣記__juan_198.txt,scrape_output\clean\宋朝\太平廣記\太平廣記__juan_198.txt,4705,4596,0
宋朝,22666,太平廣記,太平廣記/卷第199,太平廣記,199,scrape_output\raw\宋朝\太平廣記\太平廣記__juan_199.txt,scrape_output\clean\宋朝\太平廣記\太平廣記__juan_199.txt,3940,3855,0
宋朝,22666,太平廣記,太平廣記/卷第200,太平廣記,200,scrape_output\raw\宋朝\太平廣記\太平廣記__juan_200.txt,scrape_output\clean\宋朝\太平廣記\太平廣記__juan_200.txt,4222,4141,0
宋朝,22666,太平廣記,太平廣記/卷第201,太平廣記,201,scrape_output\raw\宋朝\太平廣記\太平廣記__juan_201.txt,scrape_output\clean\宋朝\太平廣記\太平廣記__juan_201.txt,3802,3701,0
宋朝,22666,太平廣記,太平廣記/卷第202,太平廣記,202,scrape_output\raw\宋朝\太平廣記\太平廣記__juan_202.txt,scrape_output\clean\宋朝\太平廣記\太平廣記__juan_202.txt,4461,4353,0
宋朝,22666,太平廣記,太平廣記/卷第203,太平廣記,203,scrape_output\raw\宋朝\太平廣記\太平廣記__juan_203.txt,scrape_output\clean\宋朝\太平廣記\太平廣記__juan_203.txt,6148,6013,0
宋朝,22666,太平廣記,太平廣記/卷第204,太平廣記,204,scrape_output\raw\宋朝\太平廣記\太平廣記__juan_204.txt,scrape_output\clean\宋朝\太平廣記\太平廣記__juan_204.txt,7094,6977,0
宋朝,22666,太平廣記,太平廣記/卷第205,太平廣記,205,scrape_output\raw\宋朝\太平廣記\太平廣記__juan_205.txt,scrape_output\clean\宋朝\太平廣記\太平廣記__juan_205.txt,5849,5712,0
宋朝,22666,太平廣記,太平廣記/卷第206,太平廣記,206,scrape_output\raw\宋朝\太平廣記\太平廣記__juan_206.txt,scrape_output\clean\宋朝\太平廣記\太平廣記__juan_206.txt,4029,3902,0
宋朝,22666,太平廣記,太平廣記/卷第207,太平廣記,207,scrape_output\raw\宋朝\太平廣記\太平廣記__juan_207.txt,scrape_output\clean\宋朝\太平廣記\太平廣記__juan_207.txt,4410,4287,0
宋朝,22666,太平廣記,太平廣記/卷第208,太平廣記,208,scrape_output\raw\宋朝\太平廣記\太平廣記__juan_208.txt,scrape_output\clean\宋朝\太平廣記\太平廣記__juan_208.txt,4313,4220,0
宋朝,22666,太平廣記,太平廣記/卷第209,太平廣記,209,scrape_output\raw\宋朝\太平廣記\太平廣記__juan_209.txt,scrape_output\clean\宋朝\太平廣記\太平廣記__juan_209.txt,3501,3416,0
宋朝,22666,太平廣記,太平廣記/卷第210,太平廣記,210,scrape_output\raw\宋朝\太平廣記\太平廣記__juan_210.txt,scrape_output\clean\宋朝\太平廣記\太平廣記__juan_210.txt,4231,4128,0
宋朝,22666,太平廣記,太平廣記/卷第211,太平廣記,211,scrape_output\raw\宋朝\太平廣記\太平廣記__juan_211.txt,scrape_output\clean\宋朝\太平廣記\太平廣記__juan_211.txt,4124,4023,0
宋朝,22666,太平廣記,太平廣記/卷第212,太平廣記,212,scrape_output\raw\宋朝\太平廣記\太平廣記__juan_212.txt,scrape_output\clean\宋朝\太平廣記\太平廣記__juan_212.txt,3825,3728,0
宋朝,22666,太平廣記,太平廣記/卷第213,太平廣記,213,scrape_output\raw\宋朝\太平廣記\太平廣記__juan_213.txt,scrape_output\clean\宋朝\太平廣記\太平廣記__juan_213.txt,4371,4284,0
宋朝,22666,太平廣記,太平廣記/卷第214,太平廣記,214,scrape_output\raw\宋朝\太平廣記\太平廣記__juan_214.txt,scrape_output\clean\宋朝\太平廣記\太平廣記__juan_214.txt,3842,3757,0
宋朝,22666,太平廣記,太平廣記/卷第215,太平廣記,215,scrape_output\raw\宋朝\太平廣記\太平廣記__juan_215.txt,scrape_output\clean\宋朝\太平廣記\太平廣記__juan_215.txt,3289,3216,0
宋朝,22666,太平廣記,太平廣記/卷第216,太平廣記,216,scrape_output\raw\宋朝\太平廣記\太平廣記__juan_216.txt,scrape_output\clean\宋朝\太平廣記\太平廣記__juan_216.txt,3312,3221,0
宋朝,22666,太平廣記,太平廣記/卷第217,太平廣記,217,scrape_output\raw\宋朝\太平廣記\太平廣記__juan_217.txt,scrape_output\clean\宋朝\太平廣記\太平廣記__juan_217.txt,3500,3429,0
宋朝,22666,太平廣記,太平廣記/卷第218,太平廣記,218,scrape_output\raw\宋朝\太平廣記\太平廣記__juan_218.txt,scrape_output\clean\宋朝\太平廣記\太平廣記__juan_218.txt,4989,4884,0
宋朝,22666,太平廣記,太平廣記/卷第219,太平廣記,219,scrape_output\raw\宋朝\太平廣記\太平廣記__juan_219.txt,scrape_output\clean\宋朝\太平廣記\太平廣記__juan_219.txt,4213,4128,0
宋朝,22666,太平廣記,太平廣記/卷第220,太平廣記,220,scrape_output\raw\宋朝\太平廣記\太平廣記__juan_220.txt,scrape_output\clean\宋朝\太平廣記\太平廣記__juan_220.txt,5233,5124,0
宋朝,22666,太平廣記,太平廣記/卷第221,太平廣記,221,scrape_output\raw\宋朝\太平廣記\太平廣記__juan_221.txt,scrape_output\clean\宋朝\太平廣記\太平廣記__juan_221.txt,4755,4696,0
宋朝,22666,太平廣記,太平廣記/卷第222,太平廣記,222,scrape_output\raw\宋朝\太平廣記\太平廣記__juan_222.txt,scrape_output\clean\宋朝\太平廣記\太平廣記__juan_222.txt,3891,3810,0
宋朝,22666,太平廣記,太平廣記/卷第223,太平廣記,223,scrape_output\raw\宋朝\太平廣記\太平廣記__juan_223.txt,scrape_output\clean\宋朝\太平廣記\太平廣記__juan_223.txt,4022,3941,0
宋朝,22666,太平廣記,太平廣記/卷第224,太平廣記,224,scrape_output\raw\宋朝\太平廣記\太平廣記__juan_224.txt,scrape_output\clean\宋朝\太平廣記\太平廣記__juan_224.txt,4794,4703,0
宋朝,22666,太平廣記,太平廣記/卷第225,太平廣記,225,scrape_output\raw\宋朝\太平廣記\太平廣記__juan_225.txt,scrape_output\clean\宋朝\太平廣記\太平廣記__juan_225.txt,3031,2956,0
宋朝,22666,太平廣記,太平廣記/卷第226,太平廣記,226,scrape_output\raw\宋朝\太平廣記\太平廣記__juan_226.txt,scrape_output\clean\宋朝\太平廣記\太平廣記__juan_226.txt,3216,3141,0
宋朝,22666,太平廣記,太平廣記/卷第227,太平廣記,227,scrape_output\raw\宋朝\太平廣記\太平廣記__juan_227.txt,scrape_output\clean\宋朝\太平廣記\太平廣記__juan_227.txt,2954,2881,0
宋朝,22666,太平廣記,太平廣記/卷第228,太平廣記,228,scrape_output\raw\宋朝\太平廣記\太平廣記__juan_228.txt,scrape_output\clean\宋朝\太平廣記\太平廣記__juan_228.txt,2883,2800,0
宋朝,22666,太平廣記,太平廣記/卷第229,太平廣記,229,scrape_output\raw\宋朝\太平廣記\太平廣記__juan_229.txt,scrape_output\clean\宋朝\太平廣記\太平廣記__juan_229.txt,2714,2610,0
宋朝,22666,太平廣記,太平廣記/卷第230,太平廣記,230,scrape_output\raw\宋朝\太平廣記\太平廣記__juan_230.txt,scrape_output\clean\宋朝\太平廣記\太平廣記__juan_230.txt,4663,4608,0
宋朝,22666,太平廣記,太平廣記/卷第231,太平廣記,231,scrape_output\raw\宋朝\太平廣記\太平廣記__juan_231.txt,scrape_output\clean\宋朝\太平廣記\太平廣記__juan_231.txt,3826,3741,0
宋朝,22666,太平廣記,太平廣記/卷第232,太平廣記,232,scrape_output\raw\宋朝\太平廣記\太平廣記__juan_232.txt,scrape_output\clean\宋朝\太平廣記\太平廣記__juan_232.txt,3292,3205,0
宋朝,22666,太平廣記,太平廣記/卷第233,太平廣記,233,scrape_output\raw\宋朝\太平廣記\太平廣記__juan_233.txt,scrape_output\clean\宋朝\太平廣記\太平廣記__juan_233.txt,3210,3115,0
宋朝,22666,太平廣記,太平廣記/卷第234,太平廣記,234,scrape_output\raw\宋朝\太平廣記\太平廣記__juan_234.txt,scrape_output\clean\宋朝\太平廣記\太平廣記__juan_234.txt,3717,3618,0
宋朝,22666,太平廣記,太平廣記/卷第235,太平廣記,235,scrape_output\raw\宋朝\太平廣記\太平廣記__juan_235.txt,scrape_output\clean\宋朝\太平廣記\太平廣記__juan_235.txt,3599,3485,0
宋朝,22666,太平廣記,太平廣記/卷第236,太平廣記,236,scrape_output\raw\宋朝\太平廣記\太平廣記__juan_236.txt,scrape_output\clean\宋朝\太平廣記\太平廣記__juan_236.txt,7041,6907,0
宋朝,22666,太平廣記,太平廣記/卷第237,太平廣記,237,scrape_output\raw\宋朝\太平廣記\太平廣記__juan_237.txt,scrape_output\clean\宋朝\太平廣記\太平廣記__juan_237.txt,5851,5770,0
宋朝,22666,太平廣記,太平廣記/卷第238,太平廣記,238,scrape_output\raw\宋朝\太平廣記\太平廣記__juan_238.txt,scrape_output\clean\宋朝\太平廣記\太平廣記__juan_238.txt,5821,5726,0
宋朝,22666,太平廣記,太平廣記/卷第239,太平廣記,239,scrape_output\raw\宋朝\太平廣記\太平廣記__juan_239.txt,scrape_output\clean\宋朝\太平廣記\太平廣記__juan_239.txt,4431,4340,0
宋朝,22666,太平廣記,太平廣記/卷第240,太平廣記,240,scrape_output\raw\宋朝\太平廣記\太平廣記__juan_240.txt,scrape_output\clean\宋朝\太平廣記\太平廣記__juan_240.txt,4325,4232,0
宋朝,22666,太平廣記,太平廣記/卷第241,太平廣記,241,scrape_output\raw\宋朝\太平廣記\太平廣記__juan_241.txt,scrape_output\clean\宋朝\太平廣記\太平廣記__juan_241.txt,4663,4590,0
宋朝,22666,太平廣記,太平廣記/卷第242,太平廣記,242,scrape_output\raw\宋朝\太平廣記\太平廣記__juan_242.txt,scrape_output\clean\宋朝\太平廣記\太平廣記__juan_242.txt,4215,4114,0
宋朝,22666,太平廣記,太平廣記/卷第243,太平廣記,243,scrape_output\raw\宋朝\太平廣記\太平廣記__juan_243.txt,scrape_output\clean\宋朝\太平廣記\太平廣記__juan_243.txt,6662,6497,0
宋朝,22666,太平廣記,太平廣記/卷第244,太平廣記,244,scrape_output\raw\宋朝\太平廣記\太平廣記__juan_244.txt,scrape_output\clean\宋朝\太平廣記\太平廣記__juan_244.txt,3527,3387,0
宋朝,22666,太平廣記,太平廣記/卷第245,太平廣記,245,scrape_output\raw\宋朝\太平廣記\太平廣記__juan_245.txt,scrape_output\clean\宋朝\太平廣記\太平廣記__juan_245.txt,3606,3512,0
宋朝,22666,太平廣記,太平廣記/卷第246,太平廣記,246,scrape_output\raw\宋朝\太平廣記\太平廣記__juan_246.txt,scrape_output\clean\宋朝\太平廣記\太平廣記__juan_246.txt,3800,3687,0
宋朝,22666,太平廣記,太平廣記/卷第247,太平廣記,247,scrape_output\raw\宋朝\太平廣記\太平廣記__juan_247.txt,scrape_output\clean\宋朝\太平廣記\太平廣記__juan_247.txt,4322,4159,0
宋朝,22666,太平廣記,太平廣記/卷第248,太平廣記,248,scrape_output\raw\宋朝\太平廣記\太平廣記__juan_248.txt,scrape_output\clean\宋朝\太平廣記\太平廣記__juan_248.txt,3870,3786,0
宋朝,22666,太平廣記,太平廣記/卷第249,太平廣記,249,scrape_output\raw\宋朝\太平廣記\太平廣記__juan_249.txt,scrape_output\clean\宋朝\太平廣記\太平廣記__juan_249.txt,3400,3297,0
宋朝,22666,太平廣記,太平廣記/卷第250,太平廣記,250,scrape_output\raw\宋朝\太平廣記\太平廣記__juan_250.txt,scrape_output\clean\宋朝\太平廣記\太平廣記__juan_250.txt,5128,4993,0
宋朝,22666,太平廣記,太平廣記/卷第251,太平廣記,251,scrape_output\raw\宋朝\太平廣記\太平廣記__juan_251.txt,scrape_output\clean\宋朝\太平廣記\太平廣記__juan_251.txt,4733,4603,0
宋朝,22666,太平廣記,太平廣記/卷第252,太平廣記,252,scrape_output\raw\宋朝\太平廣記\太平廣記__juan_252.txt,scrape_output\clean\宋朝\太平廣記\太平廣記__juan_252.txt,4370,4203,0
宋朝,22666,太平廣記,太平廣記/卷第253,太平廣記,253,scrape_output\raw\宋朝\太平廣記\太平廣記__juan_253.txt,scrape_output\clean\宋朝\太平廣記\太平廣記__juan_253.txt,4431,4324,0
宋朝,22666,太平廣記,太平廣記/卷第254,太平廣記,254,scrape_output\raw\宋朝\太平廣記\太平廣記__juan_254.txt,scrape_output\clean\宋朝\太平廣記\太平廣記__juan_254.txt,3782,3683,0
宋朝,22666,太平廣記,太平廣記/卷第255,太平廣記,255,scrape_output\raw\宋朝\太平廣記\太平廣記__juan_255.txt,scrape_output\clean\宋朝\太平廣記\太平廣記__juan_255.txt,4122,4007,0
宋朝,22666,太平廣記,太平廣記/卷第256,太平廣記,256,scrape_output\raw\宋朝\太平廣記\太平廣記__juan_256.txt,scrape_output\clean\宋朝\太平廣記\太平廣記__juan_256.txt,4039,3936,0
宋朝,22666,太平廣記,太平廣記/卷第257,太平廣記,257,scrape_output\raw\宋朝\太平廣記\太平廣記__juan_257.txt,scrape_output\clean\宋朝\太平廣記\太平廣記__juan_257.txt,4603,4486,0
宋朝,22666,太平廣記,太平廣記/卷第258,太平廣記,258,scrape_output\raw\宋朝\太平廣記\太平廣記__juan_258.txt,scrape_output\clean\宋朝\太平廣記\太平廣記__juan_258.txt,4862,4717,0
宋朝,22666,太平廣記,太平廣記/卷第259,太平廣記,259,scrape_output\raw\宋朝\太平廣記\太平廣記__juan_259.txt,scrape_output\clean\宋朝\太平廣記\太平廣記__juan_259.txt,3373,3278,0
宋朝,22666,太平廣記,太平廣記/卷第260,太平廣記,260,scrape_output\raw\宋朝\太平廣記\太平廣記__juan_260.txt,scrape_output\clean\宋朝\太平廣記\太平廣記__juan_260.txt,3763,3648,0
宋朝,22666,太平廣記,太平廣記/卷第261,太平廣記,261,scrape_output\raw\宋朝\太平廣記\太平廣記__juan_261.txt,scrape_output\clean\宋朝\太平廣記\太平廣記__juan_261.txt,4562,4413,0
宋朝,22666,太平廣記,太平廣記/卷第262,太平廣記,262,scrape_output\raw\宋朝\太平廣記\太平廣記__juan_262.txt,scrape_output\clean\宋朝\太平廣記\太平廣記__juan_262.txt,4691,4454,0
宋朝,22666,太平廣記,太平廣記/卷第263,太平廣記,263,scrape_output\raw\宋朝\太平廣記\太平廣記__juan_263.txt,scrape_output\clean\宋朝\太平廣記\太平廣記__juan_263.txt,3262,3161,0
宋朝,22666,太平廣記,太平廣記/卷第264,太平廣記,264,scrape_output\raw\宋朝\太平廣記\太平廣記__juan_264.txt,scrape_output\clean\宋朝\太平廣記\太平廣記__juan_264.txt,3026,2934,0
宋朝,22666,太平廣記,太平廣記/卷第265,太平廣記,265,scrape_output\raw\宋朝\太平廣記\太平廣記__juan_265.txt,scrape_output\clean\宋朝\太平廣記\太平廣記__juan_265.txt,8048,7967,0
宋朝,22666,太平廣記,太平廣記/卷第266,太平廣記,266,scrape_output\raw\宋朝\太平廣記\太平廣記__juan_266.txt,scrape_output\clean\宋朝\太平廣記\太平廣記__juan_266.txt,4446,4323,0
宋朝,22666,太平廣記,太平廣記/卷第267,太平廣記,267,scrape_output\raw\宋朝\太平廣記\太平廣記__juan_267.txt,scrape_output\clean\宋朝\太平廣記\太平廣記__juan_267.txt,4270,4161,0
宋朝,22666,太平廣記,太平廣記/卷第268,太平廣記,268,scrape_output\raw\宋朝\太平廣記\太平廣記__juan_268.txt,scrape_output\clean\宋朝\太平廣記\太平廣記__juan_268.txt,3860,3777,0
宋朝,22666,太平廣記,太平廣記/卷第269,太平廣記,269,scrape_output\raw\宋朝\太平廣記\太平廣記__juan_269.txt,scrape_output\clean\宋朝\太平廣記\太平廣記__juan_269.txt,3705,3635,0
宋朝,22666,太平廣記,太平廣記/卷第270,太平廣記,270,scrape_output\raw\宋朝\太平廣記\太平廣記__juan_270.txt,scrape_output\clean\宋朝\太平廣記\太平廣記__juan_270.txt,4994,4913,0
宋朝,22666,太平廣記,太平廣記/卷第271,太平廣記,271,scrape_output\raw\宋朝\太平廣記\太平廣記__juan_271.txt,scrape_output\clean\宋朝\太平廣記\太平廣記__juan_271.txt,5621,5508,0
宋朝,22666,太平廣記,太平廣記/卷第272,太平廣記,272,scrape_output\raw\宋朝\太平廣記\太平廣記__juan_272.txt,scrape_output\clean\宋朝\太平廣記\太平廣記__juan_272.txt,5007,4903,0
宋朝,22666,太平廣記,太平廣記/卷第273,太平廣記,273,scrape_output\raw\宋朝\太平廣記\太平廣記__juan_273.txt,scrape_output\clean\宋朝\太平廣記\太平廣記__juan_273.txt,4529,4444,0
宋朝,22666,太平廣記,太平廣記/卷第274,太平廣記,274,scrape_output\raw\宋朝\太平廣記\太平廣記__juan_274.txt,scrape_output\clean\宋朝\太平廣記\太平廣記__juan_274.txt,4140,4069,0
宋朝,22666,太平廣記,太平廣記/卷第275,太平廣記,275,scrape_output\raw\宋朝\太平廣記\太平廣記__juan_275.txt,scrape_output\clean\宋朝\太平廣記\太平廣記__juan_275.txt,5123,5040,0
宋朝,22666,太平廣記,太平廣記/卷第276,太平廣記,276,scrape_output\raw\宋朝\太平廣記\太平廣記__juan_276.txt,scrape_output\clean\宋朝\太平廣記\太平廣記__juan_276.txt,5729,5574,0
宋朝,22666,太平廣記,太平廣記/卷第277,太平廣記,277,scrape_output\raw\宋朝\太平廣記\太平廣記__juan_277.txt,scrape_output\clean\宋朝\太平廣記\太平廣記__juan_277.txt,5450,5335,0
宋朝,22666,太平廣記,太平廣記/卷第278,太平廣記,278,scrape_output\raw\宋朝\太平廣記\太平廣記__juan_278.txt,scrape_output\clean\宋朝\太平廣記\太平廣記__juan_278.txt,6707,6585,0
宋朝,22666,太平廣記,太平廣記/卷第279,太平廣記,279,scrape_output\raw\宋朝\太平廣記\太平廣記__juan_279.txt,scrape_output\clean\宋朝\太平廣記\太平廣記__juan_279.txt,5872,5761,0
宋朝,22666,太平廣記,太平廣記/卷第280,太平廣記,280,scrape_output\raw\宋朝\太平廣記\太平廣記__juan_280.txt,scrape_output\clean\宋朝\太平廣記\太平廣記__juan_280.txt,4363,4288,0
宋朝,22666,太平廣記,太平廣記/卷第281,太平廣記,281,scrape_output\raw\宋朝\太平廣記\太平廣記__juan_281.txt,scrape_output\clean\宋朝\太平廣記\太平廣記__juan_281.txt,4780,4691,0
宋朝,22666,太平廣記,太平廣記/卷第282,太平廣記,282,scrape_output\raw\宋朝\太平廣記\太平廣記__juan_282.txt,scrape_output\clean\宋朝\太平廣記\太平廣記__juan_282.txt,3864,3789,0
宋朝,22666,太平廣記,太平廣記/卷第283,太平廣記,283,scrape_output\raw\宋朝\太平廣記\太平廣記__juan_283.txt,scrape_output\clean\宋朝\太平廣記\太平廣記__juan_283.txt,4319,4224,0
宋朝,22666,太平廣記,太平廣記/卷第284,太平廣記,284,scrape_output\raw\宋朝\太平廣記\太平廣記__juan_284.txt,scrape_output\clean\宋朝\太平廣記\太平廣記__juan_284.txt,3158,3075,0
宋朝,22666,太平廣記,太平廣記/卷第285,太平廣記,285,scrape_output\raw\宋朝\太平廣記\太平廣記__juan_285.txt,scrape_output\clean\宋朝\太平廣記\太平廣記__juan_285.txt,4245,4148,0
宋朝,22666,太平廣記,太平廣記/卷第286,太平廣記,286,scrape_output\raw\宋朝\太平廣記\太平廣記__juan_286.txt,scrape_output\clean\宋朝\太平廣記\太平廣記__juan_286.txt,3965,3898,0
宋朝,22666,太平廣記,太平廣記/卷第287,太平廣記,287,scrape_output\raw\宋朝\太平廣記\太平廣記__juan_287.txt,scrape_output\clean\宋朝\太平廣記\太平廣記__juan_287.txt,2660,2597,0
宋朝,22666,太平廣記,太平廣記/卷第288,太平廣記,288,scrape_output\raw\宋朝\太平廣記\太平廣記__juan_288.txt,scrape_output\clean\宋朝\太平廣記\太平廣記__juan_288.txt,3685,3598,0
宋朝,22666,太平廣記,太平廣記/卷第289,太平廣記,289,scrape_output\raw\宋朝\太平廣記\太平廣記__juan_289.txt,scrape_output\clean\宋朝\太平廣記\太平廣記__juan_289.txt,3392,3303,0
宋朝,22666,太平廣記,太平廣記/卷第290,太平廣記,290,scrape_output\raw\宋朝\太平廣記\太平廣記__juan_290.txt,scrape_output\clean\宋朝\太平廣記\太平廣記__juan_290.txt,4572,4498,0
宋朝,22666,太平廣記,太平廣記/卷第291,太平廣記,291,scrape_output\raw\宋朝\太平廣記\太平廣記__juan_291.txt,scrape_output\clean\宋朝\太平廣記\太平廣記__juan_291.txt,4312,4203,0
宋朝,22666,太平廣記,太平廣記/卷第292,太平廣記,292,scrape_output\raw\宋朝\太平廣記\太平廣記__juan_292.txt,scrape_output\clean\宋朝\太平廣記\太平廣記__juan_292.txt,3848,3765,0
宋朝,22666,太平廣記,太平廣記/卷第293,太平廣記,293,scrape_output\raw\宋朝\太平廣記\太平廣記__juan_293.txt,scrape_output\clean\宋朝\太平廣記\太平廣記__juan_293.txt,4480,4401,0
宋朝,22666,太平廣記,太平廣記/卷第294,太平廣記,294,scrape_output\raw\宋朝\太平廣記\太平廣記__juan_294.txt,scrape_output\clean\宋朝\太平廣記\太平廣記__juan_294.txt,4161,4060,0
宋朝,22666,太平廣記,太平廣記/卷第295,太平廣記,295,scrape_output\raw\宋朝\太平廣記\太平廣記__juan_295.txt,scrape_output\clean\宋朝\太平廣記\太平廣記__juan_295.txt,4381,4290,0
宋朝,22666,太平廣記,太平廣記/卷第296,太平廣記,296,scrape_output\raw\宋朝\太平廣記\太平廣記__juan_296.txt,scrape_output\clean\宋朝\太平廣記\太平廣記__juan_296.txt,4652,4569,0
宋朝,22666,太平廣記,太平廣記/卷第297,太平廣記,297,scrape_output\raw\宋朝\太平廣記\太平廣記__juan_297.txt,scrape_output\clean\宋朝\太平廣記\太平廣記__juan_297.txt,4541,4470,0
宋朝,22666,太平廣記,太平廣記/卷第298,太平廣記,298,scrape_output\raw\宋朝\太平廣記\太平廣記__juan_298.txt,scrape_output\clean\宋朝\太平廣記\太平廣記__juan_298.txt,3231,3160,0
宋朝,22666,太平廣記,太平廣記/卷第299,太平廣記,299,scrape_output\raw\宋朝\太平廣記\太平廣記__juan_299.txt,scrape_output\clean\宋朝\太平廣記\太平廣記__juan_299.txt,3355,3298,0
宋朝,22666,太平廣記,太平廣記/卷第300,太平廣記,300,scrape_output\raw\宋朝\太平廣記\太平廣記__juan_300.txt,scrape_output\clean\宋朝\太平廣記\太平廣記__juan_300.txt,4237,4158,0
宋朝,22666,太平廣記,太平廣記/卷第301,太平廣記,301,scrape_output\raw\宋朝\太平廣記\太平廣記__juan_301.txt,scrape_output\clean\宋朝\太平廣記\太平廣記__juan_301.txt,3515,3456,0
宋朝,22666,太平廣記,太平廣記/卷第302,太平廣記,302,scrape_output\raw\宋朝\太平廣記\太平廣記__juan_302.txt,scrape_output\clean\宋朝\太平廣記\太平廣記__juan_302.txt,3793,3730,0
宋朝,22666,太平廣記,太平廣記/卷第303,太平廣記,303,scrape_output\raw\宋朝\太平廣記\太平廣記__juan_303.txt,scrape_output\clean\宋朝\太平廣記\太平廣記__juan_303.txt,4580,4505,0
宋朝,22666,太平廣記,太平廣記/卷第304,太平廣記,304,scrape_output\raw\宋朝\太平廣記\太平廣記__juan_304.txt,scrape_output\clean\宋朝\太平廣記\太平廣記__juan_304.txt,4205,4136,0
宋朝,22666,太平廣記,太平廣記/卷第305,太平廣記,305,scrape_output\raw\宋朝\太平廣記\太平廣記__juan_305.txt,scrape_output\clean\宋朝\太平廣記\太平廣記__juan_305.txt,4233,4166,0
宋朝,22666,太平廣記,太平廣記/卷第306,太平廣記,306,scrape_output\raw\宋朝\太平廣記\太平廣記__juan_306.txt,scrape_output\clean\宋朝\太平廣記\太平廣記__juan_306.txt,4322,4257,0
宋朝,22666,太平廣記,太平廣記/卷第307,太平廣記,307,scrape_output\raw\宋朝\太平廣記\太平廣記__juan_307.txt,scrape_output\clean\宋朝\太平廣記\太平廣記__juan_307.txt,5137,5046,0
宋朝,22666,太平廣記,太平廣記/卷第308,太平廣記,308,scrape_output\raw\宋朝\太平廣記\太平廣記__juan_308.txt,scrape_output\clean\宋朝\太平廣記\太平廣記__juan_308.txt,4050,3977,0
宋朝,22666,太平廣記,太平廣記/卷第309,太平廣記,309,scrape_output\raw\宋朝\太平廣記\太平廣記__juan_309.txt,scrape_output\clean\宋朝\太平廣記\太平廣記__juan_309.txt,4687,4622,0
宋朝,22666,太平廣記,太平廣記/卷第310,太平廣記,310,scrape_output\raw\宋朝\太平廣記\太平廣記__juan_310.txt,scrape_output\clean\宋朝\太平廣記\太平廣記__juan_310.txt,5012,4941,0
宋朝,22666,太平廣記,太平廣記/卷第311,太平廣記,311,scrape_output\raw\宋朝\太平廣記\太平廣記__juan_311.txt,scrape_output\clean\宋朝\太平廣記\太平廣記__juan_311.txt,4417,4348,0
宋朝,22666,太平廣記,太平廣記/卷第312,太平廣記,312,scrape_output\raw\宋朝\太平廣記\太平廣記__juan_312.txt,scrape_output\clean\宋朝\太平廣記\太平廣記__juan_312.txt,3879,3798,0
宋朝,22666,太平廣記,太平廣記/卷第313,太平廣記,313,scrape_output\raw\宋朝\太平廣記\太平廣記__juan_313.txt,scrape_output\clean\宋朝\太平廣記\太平廣記__juan_313.txt,3841,3758,0
宋朝,22666,太平廣記,太平廣記/卷第314,太平廣記,314,scrape_output\raw\宋朝\太平廣記\太平廣記__juan_314.txt,scrape_output\clean\宋朝\太平廣記\太平廣記__juan_314.txt,4669,4568,0
宋朝,22666,太平廣記,太平廣記/卷第315,太平廣記,315,scrape_output\raw\宋朝\太平廣記\太平廣記__juan_315.txt,scrape_output\clean\宋朝\太平廣記\太平廣記__juan_315.txt,3687,3596,0
宋朝,22666,太平廣記,太平廣記/卷第316,太平廣記,316,scrape_output\raw\宋朝\太平廣記\太平廣記__juan_316.txt,scrape_output\clean\宋朝\太平廣記\太平廣記__juan_316.txt,3894,3811,0
宋朝,22666,太平廣記,太平廣記/卷第317,太平廣記,317,scrape_output\raw\宋朝\太平廣記\太平廣記__juan_317.txt,scrape_output\clean\宋朝\太平廣記\太平廣記__juan_317.txt,4492,4403,0
宋朝,22666,太平廣記,太平廣記/卷第318,太平廣記,318,scrape_output\raw\宋朝\太平廣記\太平廣記__juan_318.txt,scrape_output\clean\宋朝\太平廣記\太平廣記__juan_318.txt,4535,4428,0
宋朝,22666,太平廣記,太平廣記/卷第319,太平廣記,319,scrape_output\raw\宋朝\太平廣記\太平廣記__juan_319.txt,scrape_output\clean\宋朝\太平廣記\太平廣記__juan_319.txt,4628,4543,0
宋朝,22666,太平廣記,太平廣記/卷第320,太平廣記,320,scrape_output\raw\宋朝\太平廣記\太平廣記__juan_320.txt,scrape_output\clean\宋朝\太平廣記\太平廣記__juan_320.txt,4086,3987,0
宋朝,22666,太平廣記,太平廣記/卷第321,太平廣記,321,scrape_output\raw\宋朝\太平廣記\太平廣記__juan_321.txt,scrape_output\clean\宋朝\太平廣記\太平廣記__juan_321.txt,4299,4157,0
宋朝,22666,太平廣記,太平廣記/卷第322,太平廣記,322,scrape_output\raw\宋朝\太平廣記\太平廣記__juan_322.txt,scrape_output\clean\宋朝\太平廣記\太平廣記__juan_322.txt,4309,4198,0
宋朝,22666,太平廣記,太平廣記/卷第323,太平廣記,323,scrape_output\raw\宋朝\太平廣記\太平廣記__juan_323.txt,scrape_output\clean\宋朝\太平廣記\太平廣記__juan_323.txt,4146,4061,0
宋朝,22666,太平廣記,太平廣記/卷第324,太平廣記,324,scrape_output\raw\宋朝\太平廣記\太平廣記__juan_324.txt,scrape_output\clean\宋朝\太平廣記\太平廣記__juan_324.txt,4437,4348,0
宋朝,22666,太平廣記,太平廣記/卷第325,太平廣記,325,scrape_output\raw\宋朝\太平廣記\太平廣記__juan_325.txt,scrape_output\clean\宋朝\太平廣記\太平廣記__juan_325.txt,3893,3811,0
宋朝,22666,太平廣記,太平廣記/卷第326,太平廣記,326,scrape_output\raw\宋朝\太平廣記\太平廣記__juan_326.txt,scrape_output\clean\宋朝\太平廣記\太平廣記__juan_326.txt,3973,3906,0
宋朝,22666,太平廣記,太平廣記/卷第327,太平廣記,327,scrape_output\raw\宋朝\太平廣記\太平廣記__juan_327.txt,scrape_output\clean\宋朝\太平廣記\太平廣記__juan_327.txt,4462,4387,0
宋朝,22666,太平廣記,太平廣記/卷第328,太平廣記,328,scrape_output\raw\宋朝\太平廣記\太平廣記__juan_328.txt,scrape_output\clean\宋朝\太平廣記\太平廣記__juan_328.txt,4653,4573,0
宋朝,22666,太平廣記,太平廣記/卷第329,太平廣記,329,scrape_output\raw\宋朝\太平廣記\太平廣記__juan_329.txt,scrape_output\clean\宋朝\太平廣記\太平廣記__juan_329.txt,3986,3911,0
宋朝,22666,太平廣記,太平廣記/卷第330,太平廣記,330,scrape_output\raw\宋朝\太平廣記\太平廣記__juan_330.txt,scrape_output\clean\宋朝\太平廣記\太平廣記__juan_330.txt,4592,4515,0
宋朝,22666,太平廣記,太平廣記/卷第331,太平廣記,331,scrape_output\raw\宋朝\太平廣記\太平廣記__juan_331.txt,scrape_output\clean\宋朝\太平廣記\太平廣記__juan_331.txt,4522,4419,0
宋朝,22666,太平廣記,太平廣記/卷第332,太平廣記,332,scrape_output\raw\宋朝\太平廣記\太平廣記__juan_332.txt,scrape_output\clean\宋朝\太平廣記\太平廣記__juan_332.txt,4177,4108,0
宋朝,22666,太平廣記,太平廣記/卷第333,太平廣記,333,scrape_output\raw\宋朝\太平廣記\太平廣記__juan_333.txt,scrape_output\clean\宋朝\太平廣記\太平廣記__juan_333.txt,4586,4501,0
宋朝,22666,太平廣記,太平廣記/卷第334,太平廣記,334,scrape_output\raw\宋朝\太平廣記\太平廣記__juan_334.txt,scrape_output\clean\宋朝\太平廣記\太平廣記__juan_334.txt,4292,4207,0
宋朝,22666,太平廣記,太平廣記/卷第335,太平廣記,335,scrape_output\raw\宋朝\太平廣記\太平廣記__juan_335.txt,scrape_output\clean\宋朝\太平廣記\太平廣記__juan_335.txt,3556,3495,0
宋朝,22666,太平廣記,太平廣記/卷第336,太平廣記,336,scrape_output\raw\宋朝\太平廣記\太平廣記__juan_336.txt,scrape_output\clean\宋朝\太平廣記\太平廣記__juan_336.txt,4086,4027,0
宋朝,22666,太平廣記,太平廣記/卷第337,太平廣記,337,scrape_output\raw\宋朝\太平廣記\太平廣記__juan_337.txt,scrape_output\clean\宋朝\太平廣記\太平廣記__juan_337.txt,4598,4521,0
宋朝,22666,太平廣記,太平廣記/卷第338,太平廣記,338,scrape_output\raw\宋朝\太平廣記\太平廣記__juan_338.txt,scrape_output\clean\宋朝\太平廣記\太平廣記__juan_338.txt,4576,4487,0
宋朝,22666,太平廣記,太平廣記/卷第339,太平廣記,339,scrape_output\raw\宋朝\太平廣記\太平廣記__juan_339.txt,scrape_output\clean\宋朝\太平廣記\太平廣記__juan_339.txt,4155,4080,0
宋朝,22666,太平廣記,太平廣記/卷第340,太平廣記,340,scrape_output\raw\宋朝\太平廣記\太平廣記__juan_340.txt,scrape_output\clean\宋朝\太平廣記\太平廣記__juan_340.txt,4609,4548,0
宋朝,22666,太平廣記,太平廣記/卷第341,太平廣記,341,scrape_output\raw\宋朝\太平廣記\太平廣記__juan_341.txt,scrape_output\clean\宋朝\太平廣記\太平廣記__juan_341.txt,4110,4037,0
宋朝,22666,太平廣記,太平廣記/卷第342,太平廣記,342,scrape_output\raw\宋朝\太平廣記\太平廣記__juan_342.txt,scrape_output\clean\宋朝\太平廣記\太平廣記__juan_342.txt,5041,4980,0
宋朝,22666,太平廣記,太平廣記/卷第343,太平廣記,343,scrape_output\raw\宋朝\太平廣記\太平廣記__juan_343.txt,scrape_output\clean\宋朝\太平廣記\太平廣記__juan_343.txt,3804,3745,0
宋朝,22666,太平廣記,太平廣記/卷第344,太平廣記,344,scrape_output\raw\宋朝\太平廣記\太平廣記__juan_344.txt,scrape_output\clean\宋朝\太平廣記\太平廣記__juan_344.txt,4004,3939,0
宋朝,22666,太平廣記,太平廣記/卷第345,太平廣記,345,scrape_output\raw\宋朝\太平廣記\太平廣記__juan_345.txt,scrape_output\clean\宋朝\太平廣記\太平廣記__juan_345.txt,3798,3725,0
宋朝,22666,太平廣記,太平廣記/卷第346,太平廣記,346,scrape_output\raw\宋朝\太平廣記\太平廣記__juan_346.txt,scrape_output\clean\宋朝\太平廣記\太平廣記__juan_346.txt,5332,5245,0
宋朝,22666,太平廣記,太平廣記/卷第347,太平廣記,347,scrape_output\raw\宋朝\太平廣記\太平廣記__juan_347.txt,scrape_output\clean\宋朝\太平廣記\太平廣記__juan_347.txt,4526,4453,0
宋朝,22666,太平廣記,太平廣記/卷第348,太平廣記,348,scrape_output\raw\宋朝\太平廣記\太平廣記__juan_348.txt,scrape_output\clean\宋朝\太平廣記\太平廣記__juan_348.txt,4677,4610,0
宋朝,22666,太平廣記,太平廣記/卷第349,太平廣記,349,scrape_output\raw\宋朝\太平廣記\太平廣記__juan_349.txt,scrape_output\clean\宋朝\太平廣記\太平廣記__juan_349.txt,4396,4325,0
宋朝,22666,太平廣記,太平廣記/卷第350,太平廣記,350,scrape_output\raw\宋朝\太平廣記\太平廣記__juan_350.txt,scrape_output\clean\宋朝\太平廣記\太平廣記__juan_350.txt,5231,5160,0
宋朝,22666,太平廣記,太平廣記/卷第351,太平廣記,351,scrape_output\raw\宋朝\太平廣記\太平廣記__juan_351.txt,scrape_output\clean\宋朝\太平廣記\太平廣記__juan_351.txt,3741,3672,0
宋朝,22666,太平廣記,太平廣記/卷第352,太平廣記,352,scrape_output\raw\宋朝\太平廣記\太平廣記__juan_352.txt,scrape_output\clean\宋朝\太平廣記\太平廣記__juan_352.txt,4048,3971,0
宋朝,22666,太平廣記,太平廣記/卷第353,太平廣記,353,scrape_output\raw\宋朝\太平廣記\太平廣記__juan_353.txt,scrape_output\clean\宋朝\太平廣記\太平廣記__juan_353.txt,4403,4318,0
宋朝,22666,太平廣記,太平廣記/卷第354,太平廣記,354,scrape_output\raw\宋朝\太平廣記\太平廣記__juan_354.txt,scrape_output\clean\宋朝\太平廣記\太平廣記__juan_354.txt,4025,3976,0
宋朝,22666,太平廣記,太平廣記/卷第355,太平廣記,355,scrape_output\raw\宋朝\太平廣記\太平廣記__juan_355.txt,scrape_output\clean\宋朝\太平廣記\太平廣記__juan_355.txt,3916,3837,0
宋朝,22666,太平廣記,太平廣記/卷第356,太平廣記,356,scrape_output\raw\宋朝\太平廣記\太平廣記__juan_356.txt,scrape_output\clean\宋朝\太平廣記\太平廣記__juan_356.txt,4225,4158,0
宋朝,22666,太平廣記,太平廣記/卷第357,太平廣記,357,scrape_output\raw\宋朝\太平廣記\太平廣記__juan_357.txt,scrape_output\clean\宋朝\太平廣記\太平廣記__juan_357.txt,3315,3260,0
宋朝,22666,太平廣記,太平廣記/卷第358,太平廣記,358,scrape_output\raw\宋朝\太平廣記\太平廣記__juan_358.txt,scrape_output\clean\宋朝\太平廣記\太平廣記__juan_358.txt,5156,5105,0
宋朝,22666,太平廣記,太平廣記/卷第359,太平廣記,359,scrape_output\raw\宋朝\太平廣記\太平廣記__juan_359.txt,scrape_output\clean\宋朝\太平廣記\太平廣記__juan_359.txt,4296,4177,0
宋朝,22666,太平廣記,太平廣記/卷第360,太平廣記,360,scrape_output\raw\宋朝\太平廣記\太平廣記__juan_360.txt,scrape_output\clean\宋朝\太平廣記\太平廣記__juan_360.txt,5090,4959,0
宋朝,22666,太平廣記,太平廣記/卷第361,太平廣記,361,scrape_output\raw\宋朝\太平廣記\太平廣記__juan_361.txt,scrape_output\clean\宋朝\太平廣記\太平廣記__juan_361.txt,4561,4464,0
宋朝,22666,太平廣記,太平廣記/卷第362,太平廣記,362,scrape_output\raw\宋朝\太平廣記\太平廣記__juan_362.txt,scrape_output\clean\宋朝\太平廣記\太平廣記__juan_362.txt,4702,4585,0
宋朝,22666,太平廣記,太平廣記/卷第363,太平廣記,363,scrape_output\raw\宋朝\太平廣記\太平廣記__juan_363.txt,scrape_output\clean\宋朝\太平廣記\太平廣記__juan_363.txt,4994,4913,0
宋朝,22666,太平廣記,太平廣記/卷第364,太平廣記,364,scrape_output\raw\宋朝\太平廣記\太平廣記__juan_364.txt,scrape_output\clean\宋朝\太平廣記\太平廣記__juan_364.txt,4052,3983,0
宋朝,22666,太平廣記,太平廣記/卷第365,太平廣記,365,scrape_output\raw\宋朝\太平廣記\太平廣記__juan_365.txt,scrape_output\clean\宋朝\太平廣記\太平廣記__juan_365.txt,3648,3569,0
宋朝,22666,太平廣記,太平廣記/卷第366,太平廣記,366,scrape_output\raw\宋朝\太平廣記\太平廣記__juan_366.txt,scrape_output\clean\宋朝\太平廣記\太平廣記__juan_366.txt,4845,4750,0
宋朝,22666,太平廣記,太平廣記/卷第367,太平廣記,367,scrape_output\raw\宋朝\太平廣記\太平廣記__juan_367.txt,scrape_output\clean\宋朝\太平廣記\太平廣記__juan_367.txt,4881,4768,0
宋朝,22666,太平廣記,太平廣記/卷第368,太平廣記,368,scrape_output\raw\宋朝\太平廣記\太平廣記__juan_368.txt,scrape_output\clean\宋朝\太平廣記\太平廣記__juan_368.txt,3637,3540,0
宋朝,22666,太平廣記,太平廣記/卷第369,太平廣記,369,scrape_output\raw\宋朝\太平廣記\太平廣記__juan_369.txt,scrape_output\clean\宋朝\太平廣記\太平廣記__juan_369.txt,3293,3224,0
宋朝,22666,太平廣記,太平廣記/卷第370,太平廣記,370,scrape_output\raw\宋朝\太平廣記\太平廣記__juan_370.txt,scrape_output\clean\宋朝\太平廣記\太平廣記__juan_370.txt,3610,3537,0
宋朝,22666,太平廣記,太平廣記/卷第371,太平廣記,371,scrape_output\raw\宋朝\太平廣記\太平廣記__juan_371.txt,scrape_output\clean\宋朝\太平廣記\太平廣記__juan_371.txt,4686,4601,0
宋朝,22666,太平廣記,太平廣記/卷第372,太平廣記,372,scrape_output\raw\宋朝\太平廣記\太平廣記__juan_372.txt,scrape_output\clean\宋朝\太平廣記\太平廣記__juan_372.txt,4004,3931,0
宋朝,22666,太平廣記,太平廣記/卷第373,太平廣記,373,scrape_output\raw\宋朝\太平廣記\太平廣記__juan_373.txt,scrape_output\clean\宋朝\太平廣記\太平廣記__juan_373.txt,3151,3076,0
宋朝,22666,太平廣記,太平廣記/卷第374,太平廣記,374,scrape_output\raw\宋朝\太平廣記\太平廣記__juan_374.txt,scrape_output\clean\宋朝\太平廣記\太平廣記__juan_374.txt,5062,4941,0
宋朝,22666,太平廣記,太平廣記/卷第375,太平廣記,375,scrape_output\raw\宋朝\太平廣記\太平廣記__juan_375.txt,scrape_output\clean\宋朝\太平廣記\太平廣記__juan_375.txt,5218,5107,0
宋朝,22666,太平廣記,太平廣記/卷第376,太平廣記,376,scrape_output\raw\宋朝\太平廣記\太平廣記__juan_376.txt,scrape_output\clean\宋朝\太平廣記\太平廣記__juan_376.txt,3854,3775,0
宋朝,22666,太平廣記,太平廣記/卷第377,太平廣記,377,scrape_output\raw\宋朝\太平廣記\太平廣記__juan_377.txt,scrape_output\clean\宋朝\太平廣記\太平廣記__juan_377.txt,5335,5262,0
宋朝,22666,太平廣記,太平廣記/卷第378,太平廣記,378,scrape_output\raw\宋朝\太平廣記\太平廣記__juan_378.txt,scrape_output\clean\宋朝\太平廣記\太平廣記__juan_378.txt,4673,4598,0
宋朝,22666,太平廣記,太平廣記/卷第379,太平廣記,379,scrape_output\raw\宋朝\太平廣記\太平廣記__juan_379.txt,scrape_output\clean\宋朝\太平廣記\太平廣記__juan_379.txt,4876,4785,0
宋朝,22666,太平廣記,太平廣記/卷第380,太平廣記,380,scrape_output\raw\宋朝\太平廣記\太平廣記__juan_380.txt,scrape_output\clean\宋朝\太平廣記\太平廣記__juan_380.txt,5922,5831,0
宋朝,22666,太平廣記,太平廣記/卷第381,太平廣記,381,scrape_output\raw\宋朝\太平廣記\太平廣記__juan_381.txt,scrape_output\clean\宋朝\太平廣記\太平廣記__juan_381.txt,6391,6308,0
宋朝,22666,太平廣記,太平廣記/卷第382,太平廣記,382,scrape_output\raw\宋朝\太平廣記\太平廣記__juan_382.txt,scrape_output\clean\宋朝\太平廣記\太平廣記__juan_382.txt,5505,5422,0
宋朝,22666,太平廣記,太平廣記/卷第383,太平廣記,383,scrape_output\raw\宋朝\太平廣記\太平廣記__juan_383.txt,scrape_output\clean\宋朝\太平廣記\太平廣記__juan_383.txt,4812,4719,0
宋朝,22666,太平廣記,太平廣記/卷第384,太平廣記,384,scrape_output\raw\宋朝\太平廣記\太平廣記__juan_384.txt,scrape_output\clean\宋朝\太平廣記\太平廣記__juan_384.txt,5536,5449,0
宋朝,22666,太平廣記,太平廣記/卷第385,太平廣記,385,scrape_output\raw\宋朝\太平廣記\太平廣記__juan_385.txt,scrape_output\clean\宋朝\太平廣記\太平廣記__juan_385.txt,5182,5125,0
宋朝,22666,太平廣記,太平廣記/卷第386,太平廣記,386,scrape_output\raw\宋朝\太平廣記\太平廣記__juan_386.txt,scrape_output\clean\宋朝\太平廣記\太平廣記__juan_386.txt,4903,4826,0
宋朝,22666,太平廣記,太平廣記/卷第387,太平廣記,387,scrape_output\raw\宋朝\太平廣記\太平廣記__juan_387.txt,scrape_output\clean\宋朝\太平廣記\太平廣記__juan_387.txt,2980,2903,0
宋朝,22666,太平廣記,太平廣記/卷第388,太平廣記,388,scrape_output\raw\宋朝\太平廣記\太平廣記__juan_388.txt,scrape_output\clean\宋朝\太平廣記\太平廣記__juan_388.txt,4118,4047,0
宋朝,22666,太平廣記,太平廣記/卷第389,太平廣記,389,scrape_output\raw\宋朝\太平廣記\太平廣記__juan_389.txt,scrape_output\clean\宋朝\太平廣記\太平廣記__juan_389.txt,5890,5779,0
宋朝,22666,太平廣記,太平廣記/卷第390,太平廣記,390,scrape_output\raw\宋朝\太平廣記\太平廣記__juan_390.txt,scrape_output\clean\宋朝\太平廣記\太平廣記__juan_390.txt,5340,5223,0
宋朝,22666,太平廣記,太平廣記/卷第391,太平廣記,391,scrape_output\raw\宋朝\太平廣記\太平廣記__juan_391.txt,scrape_output\clean\宋朝\太平廣記\太平廣記__juan_391.txt,3384,3317,0
宋朝,22666,太平廣記,太平廣記/卷第392,太平廣記,392,scrape_output\raw\宋朝\太平廣記\太平廣記__juan_392.txt,scrape_output\clean\宋朝\太平廣記\太平廣記__juan_392.txt,3438,3363,0
宋朝,22666,太平廣記,太平廣記/卷第393,太平廣記,393,scrape_output\raw\宋朝\太平廣記\太平廣記__juan_393.txt,scrape_output\clean\宋朝\太平廣記\太平廣記__juan_393.txt,4263,4164,0
宋朝,22666,太平廣記,太平廣記/卷第394,太平廣記,394,scrape_output\raw\宋朝\太平廣記\太平廣記__juan_394.txt,scrape_output\clean\宋朝\太平廣記\太平廣記__juan_394.txt,4358,4259,0
宋朝,22666,太平廣記,太平廣記/卷第395,太平廣記,395,scrape_output\raw\宋朝\太平廣記\太平廣記__juan_395.txt,scrape_output\clean\宋朝\太平廣記\太平廣記__juan_395.txt,3906,3817,0
宋朝,22666,太平廣記,太平廣記/卷第396,太平廣記,396,scrape_output\raw\宋朝\太平廣記\太平廣記__juan_396.txt,scrape_output\clean\宋朝\太平廣記\太平廣記__juan_396.txt,4627,4524,0
宋朝,22666,太平廣記,太平廣記/卷第397,太平廣記,397,scrape_output\raw\宋朝\太平廣記\太平廣記__juan_397.txt,scrape_output\clean\宋朝\太平廣記\太平廣記__juan_397.txt,3871,3756,0
宋朝,22666,太平廣記,太平廣記/卷第398,太平廣記,398,scrape_output\raw\宋朝\太平廣記\太平廣記__juan_398.txt,scrape_output\clean\宋朝\太平廣記\太平廣記__juan_398.txt,4665,4520,0
宋朝,22666,太平廣記,太平廣記/卷第399,太平廣記,399,scrape_output\raw\宋朝\太平廣記\太平廣記__juan_399.txt,scrape_output\clean\宋朝\太平廣記\太平廣記__juan_399.txt,5745,5608,0
宋朝,22666,太平廣記,太平廣記/卷第400,太平廣記,400,scrape_output\raw\宋朝\太平廣記\太平廣記__juan_400.txt,scrape_output\clean\宋朝\太平廣記\太平廣記__juan_400.txt,5719,5622,0
宋朝,22666,太平廣記,太平廣記/卷第401,太平廣記,401,scrape_output\raw\宋朝\太平廣記\太平廣記__juan_401.txt,scrape_output\clean\宋朝\太平廣記\太平廣記__juan_401.txt,5574,5465,0
宋朝,22666,太平廣記,太平廣記/卷第402,太平廣記,402,scrape_output\raw\宋朝\太平廣記\太平廣記__juan_402.txt,scrape_output\clean\宋朝\太平廣記\太平廣記__juan_402.txt,5303,5202,0
宋朝,22666,太平廣記,太平廣記/卷第403,太平廣記,403,scrape_output\raw\宋朝\太平廣記\太平廣記__juan_403.txt,scrape_output\clean\宋朝\太平廣記\太平廣記__juan_403.txt,4684,4583,0
宋朝,22666,太平廣記,太平廣記/卷第404,太平廣記,404,scrape_output\raw\宋朝\太平廣記\太平廣記__juan_404.txt,scrape_output\clean\宋朝\太平廣記\太平廣記__juan_404.txt,4627,4544,0
宋朝,22666,太平廣記,太平廣記/卷第405,太平廣記,405,scrape_output\raw\宋朝\太平廣記\太平廣記__juan_405.txt,scrape_output\clean\宋朝\太平廣記\太平廣記__juan_405.txt,4719,4612,0
宋朝,22666,太平廣記,太平廣記/卷第406,太平廣記,406,scrape_output\raw\宋朝\太平廣記\太平廣記__juan_406.txt,scrape_output\clean\宋朝\太平廣記\太平廣記__juan_406.txt,4154,4037,0
宋朝,22666,太平廣記,太平廣記/卷第407,太平廣記,407,scrape_output\raw\宋朝\太平廣記\太平廣記__juan_407.txt,scrape_output\clean\宋朝\太平廣記\太平廣記__juan_407.txt,3907,3768,0
宋朝,22666,太平廣記,太平廣記/卷第408,太平廣記,408,scrape_output\raw\宋朝\太平廣記\太平廣記__juan_408.txt,scrape_output\clean\宋朝\太平廣記\太平廣記__juan_408.txt,4103,3964,0
宋朝,22666,太平廣記,太平廣記/卷第409,太平廣記,409,scrape_output\raw\宋朝\太平廣記\太平廣記__juan_409.txt,scrape_output\clean\宋朝\太平廣記\太平廣記__juan_409.txt,4306,4181,0
宋朝,22666,太平廣記,太平廣記/卷第410,太平廣記,410,scrape_output\raw\宋朝\太平廣記\太平廣記__juan_410.txt,scrape_output\clean\宋朝\太平廣記\太平廣記__juan_410.txt,3880,3743,0
宋朝,22666,太平廣記,太平廣記/卷第411,太平廣記,411,scrape_output\raw\宋朝\太平廣記\太平廣記__juan_411.txt,scrape_output\clean\宋朝\太平廣記\太平廣記__juan_411.txt,4067,3954,0
宋朝,22666,太平廣記,太平廣記/卷第412,太平廣記,412,scrape_output\raw\宋朝\太平廣記\太平廣記__juan_412.txt,scrape_output\clean\宋朝\太平廣記\太平廣記__juan_412.txt,3221,3096,0
宋朝,22666,太平廣記,太平廣記/卷第413,太平廣記,413,scrape_output\raw\宋朝\太平廣記\太平廣記__juan_413.txt,scrape_output\clean\宋朝\太平廣記\太平廣記__juan_413.txt,3647,3536,0
宋朝,22666,太平廣記,太平廣記/卷第414,太平廣記,414,scrape_output\raw\宋朝\太平廣記\太平廣記__juan_414.txt,scrape_output\clean\宋朝\太平廣記\太平廣記__juan_414.txt,4315,4196,0
宋朝,22666,太平廣記,太平廣記/卷第415,太平廣記,415,scrape_output\raw\宋朝\太平廣記\太平廣記__juan_415.txt,scrape_output\clean\宋朝\太平廣記\太平廣記__juan_415.txt,4704,4617,0
宋朝,22666,太平廣記,太平廣記/卷第416,太平廣記,416,scrape_output\raw\宋朝\太平廣記\太平廣記__juan_416.txt,scrape_output\clean\宋朝\太平廣記\太平廣記__juan_416.txt,4046,3971,0
宋朝,22666,太平廣記,太平廣記/卷第417,太平廣記,417,scrape_output\raw\宋朝\太平廣記\太平廣記__juan_417.txt,scrape_output\clean\宋朝\太平廣記\太平廣記__juan_417.txt,3135,3060,0
宋朝,22666,太平廣記,太平廣記/卷第418,太平廣記,418,scrape_output\raw\宋朝\太平廣記\太平廣記__juan_418.txt,scrape_output\clean\宋朝\太平廣記\太平廣記__juan_418.txt,4957,4864,0
宋朝,22666,太平廣記,太平廣記/卷第419,太平廣記,419,scrape_output\raw\宋朝\太平廣記\太平廣記__juan_419.txt,scrape_output\clean\宋朝\太平廣記\太平廣記__juan_419.txt,5318,5263,0
宋朝,22666,太平廣記,太平廣記/卷第420,太平廣記,420,scrape_output\raw\宋朝\太平廣記\太平廣記__juan_420.txt,scrape_output\clean\宋朝\太平廣記\太平廣記__juan_420.txt,4490,4411,0
宋朝,22666,太平廣記,太平廣記/卷第421,太平廣記,421,scrape_output\raw\宋朝\太平廣記\太平廣記__juan_421.txt,scrape_output\clean\宋朝\太平廣記\太平廣記__juan_421.txt,4089,4026,0
宋朝,22666,太平廣記,太平廣記/卷第422,太平廣記,422,scrape_output\raw\宋朝\太平廣記\太平廣記__juan_422.txt,scrape_output\clean\宋朝\太平廣記\太平廣記__juan_422.txt,3960,3887,0
宋朝,22666,太平廣記,太平廣記/卷第423,太平廣記,423,scrape_output\raw\宋朝\太平廣記\太平廣記__juan_423.txt,scrape_output\clean\宋朝\太平廣記\太平廣記__juan_423.txt,3672,3587,0
宋朝,22666,太平廣記,太平廣記/卷第424,太平廣記,424,scrape_output\raw\宋朝\太平廣記\太平廣記__juan_424.txt,scrape_output\clean\宋朝\太平廣記\太平廣記__juan_424.txt,3702,3617,0
宋朝,22666,太平廣記,太平廣記/卷第425,太平廣記,425,scrape_output\raw\宋朝\太平廣記\太平廣記__juan_425.txt,scrape_output\clean\宋朝\太平廣記\太平廣記__juan_425.txt,4272,4175,0
宋朝,22666,太平廣記,太平廣記/卷第426,太平廣記,426,scrape_output\raw\宋朝\太平廣記\太平廣記__juan_426.txt,scrape_output\clean\宋朝\太平廣記\太平廣記__juan_426.txt,4217,4118,0
宋朝,22666,太平廣記,太平廣記/卷第427,太平廣記,427,scrape_output\raw\宋朝\太平廣記\太平廣記__juan_427.txt,scrape_output\clean\宋朝\太平廣記\太平廣記__juan_427.txt,3680,3613,0
宋朝,22666,太平廣記,太平廣記/卷第428,太平廣記,428,scrape_output\raw\宋朝\太平廣記\太平廣記__juan_428.txt,scrape_output\clean\宋朝\太平廣記\太平廣記__juan_428.txt,3501,3428,0
宋朝,22666,太平廣記,太平廣記/卷第429,太平廣記,429,scrape_output\raw\宋朝\太平廣記\太平廣記__juan_429.txt,scrape_output\clean\宋朝\太平廣記\太平廣記__juan_429.txt,3632,3560,0
宋朝,22666,太平廣記,太平廣記/卷第430,太平廣記,430,scrape_output\raw\宋朝\太平廣記\太平廣記__juan_430.txt,scrape_output\clean\宋朝\太平廣記\太平廣記__juan_430.txt,3064,2995,0
宋朝,22666,太平廣記,太平廣記/卷第431,太平廣記,431,scrape_output\raw\宋朝\太平廣記\太平廣記__juan_431.txt,scrape_output\clean\宋朝\太平廣記\太平廣記__juan_431.txt,3125,3054,0
宋朝,22666,太平廣記,太平廣記/卷第432,太平廣記,432,scrape_output\raw\宋朝\太平廣記\太平廣記__juan_432.txt,scrape_output\clean\宋朝\太平廣記\太平廣記__juan_432.txt,3407,3342,0
宋朝,22666,太平廣記,太平廣記/卷第433,太平廣記,433,scrape_output\raw\宋朝\太平廣記\太平廣記__juan_433.txt,scrape_output\clean\宋朝\太平廣記\太平廣記__juan_433.txt,3401,3337,0
宋朝,22666,太平廣記,太平廣記/卷第434,太平廣記,434,scrape_output\raw\宋朝\太平廣記\太平廣記__juan_434.txt,scrape_output\clean\宋朝\太平廣記\太平廣記__juan_434.txt,4840,4745,0
宋朝,22666,太平廣記,太平廣記/卷第435,太平廣記,435,scrape_output\raw\宋朝\太平廣記\太平廣記__juan_435.txt,scrape_output\clean\宋朝\太平廣記\太平廣記__juan_435.txt,4876,4775,0
宋朝,22666,太平廣記,太平廣記/卷第436,太平廣記,436,scrape_output\raw\宋朝\太平廣記\太平廣記__juan_436.txt,scrape_output\clean\宋朝\太平廣記\太平廣記__juan_436.txt,5457,5364,0
宋朝,22666,太平廣記,太平廣記/卷第437,太平廣記,437,scrape_output\raw\宋朝\太平廣記\太平廣記__juan_437.txt,scrape_output\clean\宋朝\太平廣記\太平廣記__juan_437.txt,4592,4509,0
宋朝,22666,太平廣記,太平廣記/卷第438,太平廣記,438,scrape_output\raw\宋朝\太平廣記\太平廣記__juan_438.txt,scrape_output\clean\宋朝\太平廣記\太平廣記__juan_438.txt,4403,4324,0
宋朝,22666,太平廣記,太平廣記/卷第439,太平廣記,439,scrape_output\raw\宋朝\太平廣記\太平廣記__juan_439.txt,scrape_output\clean\宋朝\太平廣記\太平廣記__juan_439.txt,5312,5217,0
宋朝,22666,太平廣記,太平廣記/卷第440,太平廣記,440,scrape_output\raw\宋朝\太平廣記\太平廣記__juan_440.txt,scrape_output\clean\宋朝\太平廣記\太平廣記__juan_440.txt,6214,6091,0
宋朝,22666,太平廣記,太平廣記/卷第441,太平廣記,441,scrape_output\raw\宋朝\太平廣記\太平廣記__juan_441.txt,scrape_output\clean\宋朝\太平廣記\太平廣記__juan_441.txt,4944,4866,0
宋朝,22666,太平廣記,太平廣記/卷第442,太平廣記,442,scrape_output\raw\宋朝\太平廣記\太平廣記__juan_442.txt,scrape_output\clean\宋朝\太平廣記\太平廣記__juan_442.txt,4884,4787,0
宋朝,22666,太平廣記,太平廣記/卷第443,太平廣記,443,scrape_output\raw\宋朝\太平廣記\太平廣記__juan_443.txt,scrape_output\clean\宋朝\太平廣記\太平廣記__juan_443.txt,3741,3656,0
宋朝,22666,太平廣記,太平廣記/卷第444,太平廣記,444,scrape_output\raw\宋朝\太平廣記\太平廣記__juan_444.txt,scrape_output\clean\宋朝\太平廣記\太平廣記__juan_444.txt,4199,4138,0
宋朝,22666,太平廣記,太平廣記/卷第445,太平廣記,445,scrape_output\raw\宋朝\太平廣記\太平廣記__juan_445.txt,scrape_output\clean\宋朝\太平廣記\太平廣記__juan_445.txt,4579,4526,0
宋朝,22666,太平廣記,太平廣記/卷第446,太平廣記,446,scrape_output\raw\宋朝\太平廣記\太平廣記__juan_446.txt,scrape_output\clean\宋朝\太平廣記\太平廣記__juan_446.txt,4993,4920,0
宋朝,22666,太平廣記,太平廣記/卷第447,太平廣記,447,scrape_output\raw\宋朝\太平廣記\太平廣記__juan_447.txt,scrape_output\clean\宋朝\太平廣記\太平廣記__juan_447.txt,4114,4031,0
宋朝,22666,太平廣記,太平廣記/卷第448,太平廣記,448,scrape_output\raw\宋朝\太平廣記\太平廣記__juan_448.txt,scrape_output\clean\宋朝\太平廣記\太平廣記__juan_448.txt,4461,4389,0
宋朝,22666,太平廣記,太平廣記/卷第449,太平廣記,449,scrape_output\raw\宋朝\太平廣記\太平廣記__juan_449.txt,scrape_output\clean\宋朝\太平廣記\太平廣記__juan_449.txt,4577,4516,0
宋朝,22666,太平廣記,太平廣記/卷第450,太平廣記,450,scrape_output\raw\宋朝\太平廣記\太平廣記__juan_450.txt,scrape_output\clean\宋朝\太平廣記\太平廣記__juan_450.txt,3691,3614,0
宋朝,22666,太平廣記,太平廣記/卷第451,太平廣記,451,scrape_output\raw\宋朝\太平廣記\太平廣記__juan_451.txt,scrape_output\clean\宋朝\太平廣記\太平廣記__juan_451.txt,4437,4342,0
宋朝,22666,太平廣記,太平廣記/卷第452,太平廣記,452,scrape_output\raw\宋朝\太平廣記\太平廣記__juan_452.txt,scrape_output\clean\宋朝\太平廣記\太平廣記__juan_452.txt,4425,4336,0
宋朝,22666,太平廣記,太平廣記/卷第453,太平廣記,453,scrape_output\raw\宋朝\太平廣記\太平廣記__juan_453.txt,scrape_output\clean\宋朝\太平廣記\太平廣記__juan_453.txt,4430,4359,0
宋朝,22666,太平廣記,太平廣記/卷第454,太平廣記,454,scrape_output\raw\宋朝\太平廣記\太平廣記__juan_454.txt,scrape_output\clean\宋朝\太平廣記\太平廣記__juan_454.txt,4134,4055,0
宋朝,22666,太平廣記,太平廣記/卷第455,太平廣記,455,scrape_output\raw\宋朝\太平廣記\太平廣記__juan_455.txt,scrape_output\clean\宋朝\太平廣記\太平廣記__juan_455.txt,4181,4108,0
宋朝,22666,太平廣記,太平廣記/卷第456,太平廣記,456,scrape_output\raw\宋朝\太平廣記\太平廣記__juan_456.txt,scrape_output\clean\宋朝\太平廣記\太平廣記__juan_456.txt,5746,5607,0
宋朝,22666,太平廣記,太平廣記/卷第457,太平廣記,457,scrape_output\raw\宋朝\太平廣記\太平廣記__juan_457.txt,scrape_output\clean\宋朝\太平廣記\太平廣記__juan_457.txt,4856,4731,0
宋朝,22666,太平廣記,太平廣記/卷第458,太平廣記,458,scrape_output\raw\宋朝\太平廣記\太平廣記__juan_458.txt,scrape_output\clean\宋朝\太平廣記\太平廣記__juan_458.txt,5178,5081,0
宋朝,22666,太平廣記,太平廣記/卷第459,太平廣記,459,scrape_output\raw\宋朝\太平廣記\太平廣記__juan_459.txt,scrape_output\clean\宋朝\太平廣記\太平廣記__juan_459.txt,4575,4470,0
宋朝,22666,太平廣記,太平廣記/卷第460,太平廣記,460,scrape_output\raw\宋朝\太平廣記\太平廣記__juan_460.txt,scrape_output\clean\宋朝\太平廣記\太平廣記__juan_460.txt,4801,4694,0
宋朝,22666,太平廣記,太平廣記/卷第461,太平廣記,461,scrape_output\raw\宋朝\太平廣記\太平廣記__juan_461.txt,scrape_output\clean\宋朝\太平廣記\太平廣記__juan_461.txt,4867,4744,0
宋朝,22666,太平廣記,太平廣記/卷第462,太平廣記,462,scrape_output\raw\宋朝\太平廣記\太平廣記__juan_462.txt,scrape_output\clean\宋朝\太平廣記\太平廣記__juan_462.txt,5665,5526,0
宋朝,22666,太平廣記,太平廣記/卷第463,太平廣記,463,scrape_output\raw\宋朝\太平廣記\太平廣記__juan_463.txt,scrape_output\clean\宋朝\太平廣記\太平廣記__juan_463.txt,5776,5627,0
宋朝,22666,太平廣記,太平廣記/卷第464,太平廣記,464,scrape_output\raw\宋朝\太平廣記\太平廣記__juan_464.txt,scrape_output\clean\宋朝\太平廣記\太平廣記__juan_464.txt,4044,3931,0
宋朝,22666,太平廣記,太平廣記/卷第465,太平廣記,465,scrape_output\raw\宋朝\太平廣記\太平廣記__juan_465.txt,scrape_output\clean\宋朝\太平廣記\太平廣記__juan_465.txt,3474,3347,0
宋朝,22666,太平廣記,太平廣記/卷第466,太平廣記,466,scrape_output\raw\宋朝\太平廣記\太平廣記__juan_466.txt,scrape_output\clean\宋朝\太平廣記\太平廣記__juan_466.txt,2863,2780,0
宋朝,22666,太平廣記,太平廣記/卷第467,太平廣記,467,scrape_output\raw\宋朝\太平廣記\太平廣記__juan_467.txt,scrape_output\clean\宋朝\太平廣記\太平廣記__juan_467.txt,4296,4197,0
宋朝,22666,太平廣記,太平廣記/卷第468,太平廣記,468,scrape_output\raw\宋朝\太平廣記\太平廣記__juan_468.txt,scrape_output\clean\宋朝\太平廣記\太平廣記__juan_468.txt,4139,4050,0
宋朝,22666,太平廣記,太平廣記/卷第469,太平廣記,469,scrape_output\raw\宋朝\太平廣記\太平廣記__juan_469.txt,scrape_output\clean\宋朝\太平廣記\太平廣記__juan_469.txt,3991,3906,0
宋朝,22666,太平廣記,太平廣記/卷第470,太平廣記,470,scrape_output\raw\宋朝\太平廣記\太平廣記__juan_470.txt,scrape_output\clean\宋朝\太平廣記\太平廣記__juan_470.txt,3829,3764,0
宋朝,22666,太平廣記,太平廣記/卷第471,太平廣記,471,scrape_output\raw\宋朝\太平廣記\太平廣記__juan_471.txt,scrape_output\clean\宋朝\太平廣記\太平廣記__juan_471.txt,3428,3345,0
宋朝,22666,太平廣記,太平廣記/卷第472,太平廣記,472,scrape_output\raw\宋朝\太平廣記\太平廣記__juan_472.txt,scrape_output\clean\宋朝\太平廣記\太平廣記__juan_472.txt,3305,3214,0
宋朝,22666,太平廣記,太平廣記/卷第473,太平廣記,473,scrape_output\raw\宋朝\太平廣記\太平廣記__juan_473.txt,scrape_output\clean\宋朝\太平廣記\太平廣記__juan_473.txt,4307,4186,0
宋朝,22666,太平廣記,太平廣記/卷第474,太平廣記,474,scrape_output\raw\宋朝\太平廣記\太平廣記__juan_474.txt,scrape_output\clean\宋朝\太平廣記\太平廣記__juan_474.txt,4631,4510,0
宋朝,22666,太平廣記,太平廣記/卷第475,太平廣記,475,scrape_output\raw\宋朝\太平廣記\太平廣記__juan_475.txt,scrape_output\clean\宋朝\太平廣記\太平廣記__juan_475.txt,4265,4202,0
宋朝,22666,太平廣記,太平廣記/卷第476,太平廣記,476,scrape_output\raw\宋朝\太平廣記\太平廣記__juan_476.txt,scrape_output\clean\宋朝\太平廣記\太平廣記__juan_476.txt,4148,4059,0
宋朝,22666,太平廣記,太平廣記/卷第477,太平廣記,477,scrape_output\raw\宋朝\太平廣記\太平廣記__juan_477.txt,scrape_output\clean\宋朝\太平廣記\太平廣記__juan_477.txt,4007,3866,0
宋朝,22666,太平廣記,太平廣記/卷第478,太平廣記,478,scrape_output\raw\宋朝\太平廣記\太平廣記__juan_478.txt,scrape_output\clean\宋朝\太平廣記\太平廣記__juan_478.txt,3929,3832,0
宋朝,22666,太平廣記,太平廣記/卷第479,太平廣記,479,scrape_output\raw\宋朝\太平廣記\太平廣記__juan_479.txt,scrape_output\clean\宋朝\太平廣記\太平廣記__juan_479.txt,3702,3599,0
宋朝,22666,太平廣記,太平廣記/卷第480,太平廣記,480,scrape_output\raw\宋朝\太平廣記\太平廣記__juan_480.txt,scrape_output\clean\宋朝\太平廣記\太平廣記__juan_480.txt,4776,4637,0
宋朝,22666,太平廣記,太平廣記/卷第481,太平廣記,481,scrape_output\raw\宋朝\太平廣記\太平廣記__juan_481.txt,scrape_output\clean\宋朝\太平廣記\太平廣記__juan_481.txt,4222,4127,0
宋朝,22666,太平廣記,太平廣記/卷第482,太平廣記,482,scrape_output\raw\宋朝\太平廣記\太平廣記__juan_482.txt,scrape_output\clean\宋朝\太平廣記\太平廣記__juan_482.txt,4432,4279,0
宋朝,22666,太平廣記,太平廣記/卷第483,太平廣記,483,scrape_output\raw\宋朝\太平廣記\太平廣記__juan_483.txt,scrape_output\clean\宋朝\太平廣記\太平廣記__juan_483.txt,3523,3414,0
宋朝,22666,太平廣記,太平廣記/卷第484,太平廣記,484,scrape_output\raw\宋朝\太平廣記\太平廣記__juan_484.txt,scrape_output\clean\宋朝\太平廣記\太平廣記__juan_484.txt,4674,4619,0
宋朝,22666,太平廣記,太平廣記/卷第485,太平廣記,485,scrape_output\raw\宋朝\太平廣記\太平廣記__juan_485.txt,scrape_output\clean\宋朝\太平廣記\太平廣記__juan_485.txt,3628,3566,0
宋朝,22666,太平廣記,太平廣記/卷第486,太平廣記,486,scrape_output\raw\宋朝\太平廣記\太平廣記__juan_486.txt,scrape_output\clean\宋朝\太平廣記\太平廣記__juan_486.txt,5450,5397,0
宋朝,22666,太平廣記,太平廣記/卷第487,太平廣記,487,scrape_output\raw\宋朝\太平廣記\太平廣記__juan_487.txt,scrape_output\clean\宋朝\太平廣記\太平廣記__juan_487.txt,4036,3984,0
宋朝,22666,太平廣記,太平廣記/卷第488,太平廣記,488,scrape_output\raw\宋朝\太平廣記\太平廣記__juan_488.txt,scrape_output\clean\宋朝\太平廣記\太平廣記__juan_488.txt,3676,3626,0
宋朝,22666,太平廣記,太平廣記/卷第489,太平廣記,489,scrape_output\raw\宋朝\太平廣記\太平廣記__juan_489.txt,scrape_output\clean\宋朝\太平廣記\太平廣記__juan_489.txt,3347,3270,0
宋朝,22666,太平廣記,太平廣記/卷第490,太平廣記,490,scrape_output\raw\宋朝\太平廣記\太平廣記__juan_490.txt,scrape_output\clean\宋朝\太平廣記\太平廣記__juan_490.txt,5281,5184,0
宋朝,22666,太平廣記,太平廣記/卷第491,太平廣記,491,scrape_output\raw\宋朝\太平廣記\太平廣記__juan_491.txt,scrape_output\clean\宋朝\太平廣記\太平廣記__juan_491.txt,4528,4458,0
宋朝,22666,太平廣記,太平廣記/卷第492,太平廣記,492,scrape_output\raw\宋朝\太平廣記\太平廣記__juan_492.txt,scrape_output\clean\宋朝\太平廣記\太平廣記__juan_492.txt,5252,5197,0
宋朝,22666,太平廣記,太平廣記/卷第493,太平廣記,493,scrape_output\raw\宋朝\太平廣記\太平廣記__juan_493.txt,scrape_output\clean\宋朝\太平廣記\太平廣記__juan_493.txt,3793,3687,0
宋朝,22666,太平廣記,太平廣記/卷第494,太平廣記,494,scrape_output\raw\宋朝\太平廣記\太平廣記__juan_494.txt,scrape_output\clean\宋朝\太平廣記\太平廣記__juan_494.txt,3639,3556,0
宋朝,22666,太平廣記,太平廣記/卷第495,太平廣記,495,scrape_output\raw\宋朝\太平廣記\太平廣記__juan_495.txt,scrape_output\clean\宋朝\太平廣記\太平廣記__juan_495.txt,3430,3331,0
宋朝,22666,太平廣記,太平廣記/卷第496,太平廣記,496,scrape_output\raw\宋朝\太平廣記\太平廣記__juan_496.txt,scrape_output\clean\宋朝\太平廣記\太平廣記__juan_496.txt,4056,3951,0
宋朝,22666,太平廣記,太平廣記/卷第497,太平廣記,497,scrape_output\raw\宋朝\太平廣記\太平廣記__juan_497.txt,scrape_output\clean\宋朝\太平廣記\太平廣記__juan_497.txt,3487,3374,0
宋朝,22666,太平廣記,太平廣記/卷第498,太平廣記,498,scrape_output\raw\宋朝\太平廣記\太平廣記__juan_498.txt,scrape_output\clean\宋朝\太平廣記\太平廣記__juan_498.txt,4617,4508,0
宋朝,22666,太平廣記,太平廣記/卷第499,太平廣記,499,scrape_output\raw\宋朝\太平廣記\太平廣記__juan_499.txt,scrape_output\clean\宋朝\太平廣記\太平廣記__juan_499.txt,4260,4134,0
宋朝,22666,太平廣記,太平廣記/卷第500,太平廣記,500,scrape_output\raw\宋朝\太平廣記\太平廣記__juan_500.txt,scrape_output\clean\宋朝\太平廣記\太平廣記__juan_500.txt,4358,4251,0
宋朝,34425,太平惠民和劑局方,太平惠民和劑局方/卷之一,太平惠民和劑局方,1,scrape_output\raw\宋朝\太平惠民和劑局方\太平惠民和劑局方__juan_01.txt,scrape_output\clean\宋朝\太平惠民和劑局方\太平惠民和劑局方__juan_01.txt,185,185,0
宋朝,352022,太平聖惠方,太平聖惠方/1,太平聖惠方,1,scrape_output\raw\宋朝\太平聖惠方\太平聖惠方__juan_01.txt,scrape_output\clean\宋朝\太平聖惠方\太平聖惠方__juan_01.txt,529782,486690,0
宋朝,352022,太平聖惠方,太平聖惠方/10,太平聖惠方,2,scrape_output\raw\宋朝\太平聖惠方\太平聖惠方__juan_02.txt,scrape_output\clean\宋朝\太平聖惠方\太平聖惠方__juan_02.txt,0,0,1
宋朝,352022,太平聖惠方,太平聖惠方/100,太平聖惠方,3,scrape_output\raw\宋朝\太平聖惠方\太平聖惠方__juan_03.txt,scrape_output\clean\宋朝\太平聖惠方\太平聖惠方__juan_03.txt,0,0,1
宋朝,352022,太平聖惠方,太平聖惠方/11,太平聖惠方,4,scrape_output\raw\宋朝\太平聖惠方\太平聖惠方__juan_04.txt,scrape_output\clean\宋朝\太平聖惠方\太平聖惠方__juan_04.txt,0,0,1
宋朝,352022,太平聖惠方,太平聖惠方/12,太平聖惠方,5,scrape_output\raw\宋朝\太平聖惠方\太平聖惠方__juan_05.txt,scrape_output\clean\宋朝\太平聖惠方\太平聖惠方__juan_05.txt,0,0,1
宋朝,352022,太平聖惠方,太平聖惠方/13,太平聖惠方,6,scrape_output\raw\宋朝\太平聖惠方\太平聖惠方__juan_06.txt,scrape_output\clean\宋朝\太平聖惠方\太平聖惠方__juan_06.txt,0,0,1
宋朝,352022,太平聖惠方,太平聖惠方/14,太平聖惠方,7,scrape_output\raw\宋朝\太平聖惠方\太平聖惠方__juan_07.txt,scrape_output\clean\宋朝\太平聖惠方\太平聖惠方__juan_07.txt,0,0,1
宋朝,352022,太平聖惠方,太平聖惠方/15,太平聖惠方,8,scrape_output\raw\宋朝\太平聖惠方\太平聖惠方__juan_08.txt,scrape_output\clean\宋朝\太平聖惠方\太平聖惠方__juan_08.txt,0,0,1
宋朝,352022,太平聖惠方,太平聖惠方/16,太平聖惠方,9,scrape_output\raw\宋朝\太平聖惠方\太平聖惠方__juan_09.txt,scrape_output\clean\宋朝\太平聖惠方\太平聖惠方__juan_09.txt,0,0,1
宋朝,352022,太平聖惠方,太平聖惠方/17,太平聖惠方,10,scrape_output\raw\宋朝\太平聖惠方\太平聖惠方__juan_10.txt,scrape_output\clean\宋朝\太平聖惠方\太平聖惠方__juan_10.txt,0,0,1
宋朝,352022,太平聖惠方,太平聖惠方/18,太平聖惠方,11,scrape_output\raw\宋朝\太平聖惠方\太平聖惠方__juan_11.txt,scrape_output\clean\宋朝\太平聖惠方\太平聖惠方__juan_11.txt,0,0,1
宋朝,352022,太平聖惠方,太平聖惠方/19,太平聖惠方,12,scrape_output\raw\宋朝\太平聖惠方\太平聖惠方__juan_12.txt,scrape_output\clean\宋朝\太平聖惠方\太平聖惠方__juan_12.txt,0,0,1
宋朝,352022,太平聖惠方,太平聖惠方/2,太平聖惠方,13,scrape_output\raw\宋朝\太平聖惠方\太平聖惠方__juan_13.txt,scrape_output\clean\宋朝\太平聖惠方\太平聖惠方__juan_13.txt,12726,11971,0
宋朝,352022,太平聖惠方,太平聖惠方/20,太平聖惠方,14,scrape_output\raw\宋朝\太平聖惠方\太平聖惠方__juan_14.txt,scrape_output\clean\宋朝\太平聖惠方\太平聖惠方__juan_14.txt,157559,151660,0
宋朝,352022,太平聖惠方,太平聖惠方/21,太平聖惠方,15,scrape_output\raw\宋朝\太平聖惠方\太平聖惠方__juan_15.txt,scrape_output\clean\宋朝\太平聖惠方\太平聖惠方__juan_15.txt,0,0,1
宋朝,352022,太平聖惠方,太平聖惠方/22,太平聖惠方,16,scrape_output\raw\宋朝\太平聖惠方\太平聖惠方__juan_16.txt,scrape_output\clean\宋朝\太平聖惠方\太平聖惠方__juan_16.txt,0,0,1
宋朝,352022,太平聖惠方,太平聖惠方/23,太平聖惠方,17,scrape_output\raw\宋朝\太平聖惠方\太平聖惠方__juan_17.txt,scrape_output\clean\宋朝\太平聖惠方\太平聖惠方__juan_17.txt,0,0,1
宋朝,352022,太平聖惠方,太平聖惠方/24,太平聖惠方,18,scrape_output\raw\宋朝\太平聖惠方\太平聖惠方__juan_18.txt,scrape_output\clean\宋朝\太平聖惠方\太平聖惠方__juan_18.txt,0,0,1
宋朝,352022,太平聖惠方,太平聖惠方/25,太平聖惠方,19,scrape_output\raw\宋朝\太平聖惠方\太平聖惠方__juan_19.txt,scrape_output\clean\宋朝\太平聖惠方\太平聖惠方__juan_19.txt,0,0,1
宋朝,352022,太平聖惠方,太平聖惠方/26,太平聖惠方,20,scrape_output\raw\宋朝\太平聖惠方\太平聖惠方__juan_20.txt,scrape_output\clean\宋朝\太平聖惠方\太平聖惠方__juan_20.txt,0,0,1
宋朝,352022,太平聖惠方,太平聖惠方/27,太平聖惠方,21,scrape_output\raw\宋朝\太平聖惠方\太平聖惠方__juan_21.txt,scrape_output\clean\宋朝\太平聖惠方\太平聖惠方__juan_21.txt,0,0,1
宋朝,352022,太平聖惠方,太平聖惠方/28,太平聖惠方,22,scrape_output\raw\宋朝\太平聖惠方\太平聖惠方__juan_22.txt,scrape_output\clean\宋朝\太平聖惠方\太平聖惠方__juan_22.txt,0,0,1
宋朝,352022,太平聖惠方,太平聖惠方/29,太平聖惠方,23,scrape_output\raw\宋朝\太平聖惠方\太平聖惠方__juan_23.txt,scrape_output\clean\宋朝\太平聖惠方\太平聖惠方__juan_23.txt,0,0,1
宋朝,352022,太平聖惠方,太平聖惠方/3,太平聖惠方,24,scrape_output\raw\宋朝\太平聖惠方\太平聖惠方__juan_24.txt,scrape_output\clean\宋朝\太平聖惠方\太平聖惠方__juan_24.txt,15371,15259,0
宋朝,352022,太平聖惠方,太平聖惠方/30,太平聖惠方,25,scrape_output\raw\宋朝\太平聖惠方\太平聖惠方__juan_25.txt,scrape_output\clean\宋朝\太平聖惠方\太平聖惠方__juan_25.txt,613590,557413,0
宋朝,352022,太平聖惠方,太平聖惠方/31,太平聖惠方,26,scrape_output\raw\宋朝\太平聖惠方\太平聖惠方__juan_26.txt,scrape_output\clean\宋朝\太平聖惠方\太平聖惠方__juan_26.txt,0,0,1
宋朝,352022,太平聖惠方,太平聖惠方/32,太平聖惠方,27,scrape_output\raw\宋朝\太平聖惠方\太平聖惠方__juan_27.txt,scrape_output\clean\宋朝\太平聖惠方\太平聖惠方__juan_27.txt,0,0,1
宋朝,352022,太平聖惠方,太平聖惠方/33,太平聖惠方,28,scrape_output\raw\宋朝\太平聖惠方\太平聖惠方__juan_28.txt,scrape_output\clean\宋朝\太平聖惠方\太平聖惠方__juan_28.txt,0,0,1
宋朝,352022,太平聖惠方,太平聖惠方/34,太平聖惠方,29,scrape_output\raw\宋朝\太平聖惠方\太平聖惠方__juan_29.txt,scrape_output\clean\宋朝\太平聖惠方\太平聖惠方__juan_29.txt,0,0,1
宋朝,352022,太平聖惠方,太平聖惠方/35,太平聖惠方,30,scrape_output\raw\宋朝\太平聖惠方\太平聖惠方__juan_30.txt,scrape_output\clean\宋朝\太平聖惠方\太平聖惠方__juan_30.txt,0,0,1
宋朝,352022,太平聖惠方,太平聖惠方/36,太平聖惠方,31,scrape_output\raw\宋朝\太平聖惠方\太平聖惠方__juan_31.txt,scrape_output\clean\宋朝\太平聖惠方\太平聖惠方__juan_31.txt,0,0,1
宋朝,352022,太平聖惠方,太平聖惠方/37,太平聖惠方,32,scrape_output\raw\宋朝\太平聖惠方\太平聖惠方__juan_32.txt,scrape_output\clean\宋朝\太平聖惠方\太平聖惠方__juan_32.txt,0,0,1
宋朝,352022,太平聖惠方,太平聖惠方/38,太平聖惠方,33,scrape_output\raw\宋朝\太平聖惠方\太平聖惠方__juan_33.txt,scrape_output\clean\宋朝\太平聖惠方\太平聖惠方__juan_33.txt,0,0,1
宋朝,352022,太平聖惠方,太平聖惠方/39,太平聖惠方,34,scrape_output\raw\宋朝\太平聖惠方\太平聖惠方__juan_34.txt,scrape_output\clean\宋朝\太平聖惠方\太平聖惠方__juan_34.txt,0,0,1
宋朝,352022,太平聖惠方,太平聖惠方/4,太平聖惠方,35,scrape_output\raw\宋朝\太平聖惠方\太平聖惠方__juan_35.txt,scrape_output\clean\宋朝\太平聖惠方\太平聖惠方__juan_35.txt,17507,17315,0
宋朝,352022,太平聖惠方,太平聖惠方/40,太平聖惠方,36,scrape_output\raw\宋朝\太平聖惠方\太平聖惠方__juan_36.txt,scrape_output\clean\宋朝\太平聖惠方\太平聖惠方__juan_36.txt,0,0,1
宋朝,352022,太平聖惠方,太平聖惠方/41,太平聖惠方,37,scrape_output\raw\宋朝\太平聖惠方\太平聖惠方__juan_37.txt,scrape_output\clean\宋朝\太平聖惠方\太平聖惠方__juan_37.txt,0,0,1
宋朝,352022,太平聖惠方,太平聖惠方/42,太平聖惠方,38,scrape_output\raw\宋朝\太平聖惠方\太平聖惠方__juan_38.txt,scrape_output\clean\宋朝\太平聖惠方\太平聖惠方__juan_38.txt,0,0,1
宋朝,352022,太平聖惠方,太平聖惠方/43,太平聖惠方,39,scrape_output\raw\宋朝\太平聖惠方\太平聖惠方__juan_39.txt,scrape_output\clean\宋朝\太平聖惠方\太平聖惠方__juan_39.txt,0,0,1
宋朝,352022,太平聖惠方,太平聖惠方/44,太平聖惠方,40,scrape_output\raw\宋朝\太平聖惠方\太平聖惠方__juan_40.txt,scrape_output\clean\宋朝\太平聖惠方\太平聖惠方__juan_40.txt,0,0,1
宋朝,352022,太平聖惠方,太平聖惠方/45,太平聖惠方,41,scrape_output\raw\宋朝\太平聖惠方\太平聖惠方__juan_41.txt,scrape_output\clean\宋朝\太平聖惠方\太平聖惠方__juan_41.txt,0,0,1
宋朝,352022,太平聖惠方,太平聖惠方/46,太平聖惠方,42,scrape_output\raw\宋朝\太平聖惠方\太平聖惠方__juan_42.txt,scrape_output\clean\宋朝\太平聖惠方\太平聖惠方__juan_42.txt,0,0,1
宋朝,352022,太平聖惠方,太平聖惠方/47,太平聖惠方,43,scrape_output\raw\宋朝\太平聖惠方\太平聖惠方__juan_43.txt,scrape_output\clean\宋朝\太平聖惠方\太平聖惠方__juan_43.txt,0,0,1
宋朝,352022,太平聖惠方,太平聖惠方/48,太平聖惠方,44,scrape_output\raw\宋朝\太平聖惠方\太平聖惠方__juan_44.txt,scrape_output\clean\宋朝\太平聖惠方\太平聖惠方__juan_44.txt,0,0,1
宋朝,352022,太平聖惠方,太平聖惠方/49,太平聖惠方,45,scrape_output\raw\宋朝\太平聖惠方\太平聖惠方__juan_45.txt,scrape_output\clean\宋朝\太平聖惠方\太平聖惠方__juan_45.txt,0,0,1
宋朝,352022,太平聖惠方,太平聖惠方/5,太平聖惠方,46,scrape_output\raw\宋朝\太平聖惠方\太平聖惠方__juan_46.txt,scrape_output\clean\宋朝\太平聖惠方\太平聖惠方__juan_46.txt,22168,21950,0
宋朝,352022,太平聖惠方,太平聖惠方/50,太平聖惠方,47,scrape_output\raw\宋朝\太平聖惠方\太平聖惠方__juan_47.txt,scrape_output\clean\宋朝\太平聖惠方\太平聖惠方__juan_47.txt,0,0,1
宋朝,352022,太平聖惠方,太平聖惠方/51,太平聖惠方,48,scrape_output\raw\宋朝\太平聖惠方\太平聖惠方__juan_48.txt,scrape_output\clean\宋朝\太平聖惠方\太平聖惠方__juan_48.txt,0,0,1
宋朝,352022,太平聖惠方,太平聖惠方/52,太平聖惠方,49,scrape_output\raw\宋朝\太平聖惠方\太平聖惠方__juan_49.txt,scrape_output\clean\宋朝\太平聖惠方\太平聖惠方__juan_49.txt,0,0,1
宋朝,352022,太平聖惠方,太平聖惠方/53,太平聖惠方,50,scrape_output\raw\宋朝\太平聖惠方\太平聖惠方__juan_50.txt,scrape_output\clean\宋朝\太平聖惠方\太平聖惠方__juan_50.txt,0,0,1
宋朝,352022,太平聖惠方,太平聖惠方/54,太平聖惠方,51,scrape_output\raw\宋朝\太平聖惠方\太平聖惠方__juan_51.txt,scrape_output\clean\宋朝\太平聖惠方\太平聖惠方__juan_51.txt,0,0,1
宋朝,352022,太平聖惠方,太平聖惠方/55,太平聖惠方,52,scrape_output\raw\宋朝\太平聖惠方\太平聖惠方__juan_52.txt,scrape_output\clean\宋朝\太平聖惠方\太平聖惠方__juan_52.txt,0,0,1
宋朝,352022,太平聖惠方,太平聖惠方/56,太平聖惠方,53,scrape_output\raw\宋朝\太平聖惠方\太平聖惠方__juan_53.txt,scrape_output\clean\宋朝\太平聖惠方\太平聖惠方__juan_53.txt,0,0,1
宋朝,352022,太平聖惠方,太平聖惠方/57,太平聖惠方,54,scrape_output\raw\宋朝\太平聖惠方\太平聖惠方__juan_54.txt,scrape_output\clean\宋朝\太平聖惠方\太平聖惠方__juan_54.txt,0,0,1
宋朝,352022,太平聖惠方,太平聖惠方/58,太平聖惠方,55,scrape_output\raw\宋朝\太平聖惠方\太平聖惠方__juan_55.txt,scrape_output\clean\宋朝\太平聖惠方\太平聖惠方__juan_55.txt,0,0,1
宋朝,352022,太平聖惠方,太平聖惠方/59,太平聖惠方,56,scrape_output\raw\宋朝\太平聖惠方\太平聖惠方__juan_56.txt,scrape_output\clean\宋朝\太平聖惠方\太平聖惠方__juan_56.txt,0,0,1
宋朝,352022,太平聖惠方,太平聖惠方/6,太平聖惠方,57,scrape_output\raw\宋朝\太平聖惠方\太平聖惠方__juan_57.txt,scrape_output\clean\宋朝\太平聖惠方\太平聖惠方__juan_57.txt,18322,18126,0
宋朝,352022,太平聖惠方,太平聖惠方/60,太平聖惠方,58,scrape_output\raw\宋朝\太平聖惠方\太平聖惠方__juan_58.txt,scrape_output\clean\宋朝\太平聖惠方\太平聖惠方__juan_58.txt,412616,376083,0
宋朝,352022,太平聖惠方,太平聖惠方/61,太平聖惠方,59,scrape_output\raw\宋朝\太平聖惠方\太平聖惠方__juan_59.txt,scrape_output\clean\宋朝\太平聖惠方\太平聖惠方__juan_59.txt,0,0,1
宋朝,352022,太平聖惠方,太平聖惠方/62,太平聖惠方,60,scrape_output\raw\宋朝\太平聖惠方\太平聖惠方__juan_60.txt,scrape_output\clean\宋朝\太平聖惠方\太平聖惠方__juan_60.txt,0,0,1
宋朝,352022,太平聖惠方,太平聖惠方/63,太平聖惠方,61,scrape_output\raw\宋朝\太平聖惠方\太平聖惠方__juan_61.txt,scrape_output\clean\宋朝\太平聖惠方\太平聖惠方__juan_61.txt,0,0,1
宋朝,352022,太平聖惠方,太平聖惠方/64,太平聖惠方,62,scrape_output\raw\宋朝\太平聖惠方\太平聖惠方__juan_62.txt,scrape_output\clean\宋朝\太平聖惠方\太平聖惠方__juan_62.txt,0,0,1
宋朝,352022,太平聖惠方,太平聖惠方/65,太平聖惠方,63,scrape_output\raw\宋朝\太平聖惠方\太平聖惠方__juan_63.txt,scrape_output\clean\宋朝\太平聖惠方\太平聖惠方__juan_63.txt,0,0,1
宋朝,352022,太平聖惠方,太平聖惠方/66,太平聖惠方,64,scrape_output\raw\宋朝\太平聖惠方\太平聖惠方__juan_64.txt,scrape_output\clean\宋朝\太平聖惠方\太平聖惠方__juan_64.txt,0,0,1
宋朝,352022,太平聖惠方,太平聖惠方/67,太平聖惠方,65,scrape_output\raw\宋朝\太平聖惠方\太平聖惠方__juan_65.txt,scrape_output\clean\宋朝\太平聖惠方\太平聖惠方__juan_65.txt,0,0,1
宋朝,352022,太平聖惠方,太平聖惠方/68,太平聖惠方,66,scrape_output\raw\宋朝\太平聖惠方\太平聖惠方__juan_66.txt,scrape_output\clean\宋朝\太平聖惠方\太平聖惠方__juan_66.txt,0,0,1
宋朝,352022,太平聖惠方,太平聖惠方/69,太平聖惠方,67,scrape_output\raw\宋朝\太平聖惠方\太平聖惠方__juan_67.txt,scrape_output\clean\宋朝\太平聖惠方\太平聖惠方__juan_67.txt,0,0,1
宋朝,352022,太平聖惠方,太平聖惠方/7,太平聖惠方,68,scrape_output\raw\宋朝\太平聖惠方\太平聖惠方__juan_68.txt,scrape_output\clean\宋朝\太平聖惠方\太平聖惠方__juan_68.txt,22084,21899,0
宋朝,352022,太平聖惠方,太平聖惠方/70,太平聖惠方,69,scrape_output\raw\宋朝\太平聖惠方\太平聖惠方__juan_69.txt,scrape_output\clean\宋朝\太平聖惠方\太平聖惠方__juan_69.txt,0,0,1
宋朝,352022,太平聖惠方,太平聖惠方/71,太平聖惠方,70,scrape_output\raw\宋朝\太平聖惠方\太平聖惠方__juan_70.txt,scrape_output\clean\宋朝\太平聖惠方\太平聖惠方__juan_70.txt,0,0,1
宋朝,352022,太平聖惠方,太平聖惠方/72,太平聖惠方,71,scrape_output\raw\宋朝\太平聖惠方\太平聖惠方__juan_71.txt,scrape_output\clean\宋朝\太平聖惠方\太平聖惠方__juan_71.txt,0,0,1
宋朝,352022,太平聖惠方,太平聖惠方/73,太平聖惠方,72,scrape_output\raw\宋朝\太平聖惠方\太平聖惠方__juan_72.txt,scrape_output\clean\宋朝\太平聖惠方\太平聖惠方__juan_72.txt,0,0,1
宋朝,352022,太平聖惠方,太平聖惠方/74,太平聖惠方,73,scrape_output\raw\宋朝\太平聖惠方\太平聖惠方__juan_73.txt,scrape_output\clean\宋朝\太平聖惠方\太平聖惠方__juan_73.txt,0,0,1
宋朝,352022,太平聖惠方,太平聖惠方/75,太平聖惠方,74,scrape_output\raw\宋朝\太平聖惠方\太平聖惠方__juan_74.txt,scrape_output\clean\宋朝\太平聖惠方\太平聖惠方__juan_74.txt,0,0,1
宋朝,352022,太平聖惠方,太平聖惠方/76,太平聖惠方,75,scrape_output\raw\宋朝\太平聖惠方\太平聖惠方__juan_75.txt,scrape_output\clean\宋朝\太平聖惠方\太平聖惠方__juan_75.txt,0,0,1
宋朝,352022,太平聖惠方,太平聖惠方/77,太平聖惠方,76,scrape_output\raw\宋朝\太平聖惠方\太平聖惠方__juan_76.txt,scrape_output\clean\宋朝\太平聖惠方\太平聖惠方__juan_76.txt,0,0,1
宋朝,352022,太平聖惠方,太平聖惠方/78,太平聖惠方,77,scrape_output\raw\宋朝\太平聖惠方\太平聖惠方__juan_77.txt,scrape_output\clean\宋朝\太平聖惠方\太平聖惠方__juan_77.txt,0,0,1
宋朝,352022,太平聖惠方,太平聖惠方/79,太平聖惠方,78,scrape_output\raw\宋朝\太平聖惠方\太平聖惠方__juan_78.txt,scrape_output\clean\宋朝\太平聖惠方\太平聖惠方__juan_78.txt,0,0,1
宋朝,352022,太平聖惠方,太平聖惠方/8,太平聖惠方,79,scrape_output\raw\宋朝\太平聖惠方\太平聖惠方__juan_79.txt,scrape_output\clean\宋朝\太平聖惠方\太平聖惠方__juan_79.txt,16799,16726,0
宋朝,352022,太平聖惠方,太平聖惠方/80,太平聖惠方,80,scrape_output\raw\宋朝\太平聖惠方\太平聖惠方__juan_80.txt,scrape_output\clean\宋朝\太平聖惠方\太平聖惠方__juan_80.txt,403248,365521,0
宋朝,352022,太平聖惠方,太平聖惠方/81,太平聖惠方,81,scrape_output\raw\宋朝\太平聖惠方\太平聖惠方__juan_81.txt,scrape_output\clean\宋朝\太平聖惠方\太平聖惠方__juan_81.txt,0,0,1
宋朝,352022,太平聖惠方,太平聖惠方/82,太平聖惠方,82,scrape_output\raw\宋朝\太平聖惠方\太平聖惠方__juan_82.txt,scrape_output\clean\宋朝\太平聖惠方\太平聖惠方__juan_82.txt,0,0,1
宋朝,352022,太平聖惠方,太平聖惠方/83,太平聖惠方,83,scrape_output\raw\宋朝\太平聖惠方\太平聖惠方__juan_83.txt,scrape_output\clean\宋朝\太平聖惠方\太平聖惠方__juan_83.txt,0,0,1
宋朝,352022,太平聖惠方,太平聖惠方/84,太平聖惠方,84,scrape_output\raw\宋朝\太平聖惠方\太平聖惠方__juan_84.txt,scrape_output\clean\宋朝\太平聖惠方\太平聖惠方__juan_84.txt,0,0,1
宋朝,352022,太平聖惠方,太平聖惠方/85,太平聖惠方,85,scrape_output\raw\宋朝\太平聖惠方\太平聖惠方__juan_85.txt,scrape_output\clean\宋朝\太平聖惠方\太平聖惠方__juan_85.txt,0,0,1
宋朝,352022,太平聖惠方,太平聖惠方/86,太平聖惠方,86,scrape_output\raw\宋朝\太平聖惠方\太平聖惠方__juan_86.txt,scrape_output\clean\宋朝\太平聖惠方\太平聖惠方__juan_86.txt,0,0,1
宋朝,352022,太平聖惠方,太平聖惠方/87,太平聖惠方,87,scrape_output\raw\宋朝\太平聖惠方\太平聖惠方__juan_87.txt,scrape_output\clean\宋朝\太平聖惠方\太平聖惠方__juan_87.txt,0,0,1
宋朝,352022,太平聖惠方,太平聖惠方/88,太平聖惠方,88,scrape_output\raw\宋朝\太平聖惠方\太平聖惠方__juan_88.txt,scrape_output\clean\宋朝\太平聖惠方\太平聖惠方__juan_88.txt,0,0,1
宋朝,352022,太平聖惠方,太平聖惠方/89,太平聖惠方,89,scrape_output\raw\宋朝\太平聖惠方\太平聖惠方__juan_89.txt,scrape_output\clean\宋朝\太平聖惠方\太平聖惠方__juan_89.txt,0,0,1
宋朝,352022,太平聖惠方,太平聖惠方/9,太平聖惠方,90,scrape_output\raw\宋朝\太平聖惠方\太平聖惠方__juan_90.txt,scrape_output\clean\宋朝\太平聖惠方\太平聖惠方__juan_90.txt,0,0,1
宋朝,352022,太平聖惠方,太平聖惠方/90,太平聖惠方,91,scrape_output\raw\宋朝\太平聖惠方\太平聖惠方__juan_91.txt,scrape_output\clean\宋朝\太平聖惠方\太平聖惠方__juan_91.txt,0,0,1
宋朝,352022,太平聖惠方,太平聖惠方/91,太平聖惠方,92,scrape_output\raw\宋朝\太平聖惠方\太平聖惠方__juan_92.txt,scrape_output\clean\宋朝\太平聖惠方\太平聖惠方__juan_92.txt,0,0,1
宋朝,352022,太平聖惠方,太平聖惠方/92,太平聖惠方,93,scrape_output\raw\宋朝\太平聖惠方\太平聖惠方__juan_93.txt,scrape_output\clean\宋朝\太平聖惠方\太平聖惠方__juan_93.txt,0,0,1
宋朝,352022,太平聖惠方,太平聖惠方/93,太平聖惠方,94,scrape_output\raw\宋朝\太平聖惠方\太平聖惠方__juan_94.txt,scrape_output\clean\宋朝\太平聖惠方\太平聖惠方__juan_94.txt,0,0,1
宋朝,352022,太平聖惠方,太平聖惠方/94,太平聖惠方,95,scrape_output\raw\宋朝\太平聖惠方\太平聖惠方__juan_95.txt,scrape_output\clean\宋朝\太平聖惠方\太平聖惠方__juan_95.txt,0,0,1
宋朝,352022,太平聖惠方,太平聖惠方/95,太平聖惠方,96,scrape_output\raw\宋朝\太平聖惠方\太平聖惠方__juan_96.txt,scrape_output\clean\宋朝\太平聖惠方\太平聖惠方__juan_96.txt,0,0,1
宋朝,352022,太平聖惠方,太平聖惠方/96,太平聖惠方,97,scrape_output\raw\宋朝\太平聖惠方\太平聖惠方__juan_97.txt,scrape_output\clean\宋朝\太平聖惠方\太平聖惠方__juan_97.txt,0,0,1
宋朝,352022,太平聖惠方,太平聖惠方/97,太平聖惠方,98,scrape_output\raw\宋朝\太平聖惠方\太平聖惠方__juan_98.txt,scrape_output\clean\宋朝\太平聖惠方\太平聖惠方__juan_98.txt,0,0,1
宋朝,352022,太平聖惠方,太平聖惠方/98,太平聖惠方,99,scrape_output\raw\宋朝\太平聖惠方\太平聖惠方__juan_99.txt,scrape_output\clean\宋朝\太平聖惠方\太平聖惠方__juan_99.txt,0,0,1
宋朝,352022,太平聖惠方,太平聖惠方/99,太平聖惠方,100,scrape_output\raw\宋朝\太平聖惠方\太平聖惠方__juan_100.txt,scrape_output\clean\宋朝\太平聖惠方\太平聖惠方__juan_100.txt,0,0,1
宋朝,136824,太行道,太行道,太行道,1,scrape_output\raw\宋朝\太行道\太行道__juan_01.txt,scrape_output\clean\宋朝\太行道\太行道__juan_01.txt,320,263,0
宋朝,112745,夫人閤端午帖子 (李清照),夫人閤端午帖子 (李清照),夫人閤端午帖子 (李清照),1,scrape_output\raw\宋朝\夫人閤端午帖子 (李清照)\夫人閤端午帖子 (李清照)__juan_01.txt,scrape_output\clean\宋朝\夫人閤端午帖子 (李清照)\夫人閤端午帖子 (李清照)__juan_01.txt,120,28,0
宋朝,31634,失鷓鴣,失鷓鴣,失鷓鴣,1,scrape_output\raw\宋朝\失鷓鴣\失鷓鴣__juan_01.txt,scrape_output\clean\宋朝\失鷓鴣\失鷓鴣__juan_01.txt,135,91,0
宋朝,196696,夷堅支志,夷堅支志,夷堅支志,1,scrape_output\raw\宋朝\夷堅支志\夷堅支志__juan_01.txt,scrape_output\clean\宋朝\夷堅支志\夷堅支志__juan_01.txt,89,45,0
宋朝,352266,女科百問,女科百問/卷上,女科百問,1,scrape_output\raw\宋朝\女科百問\女科百問__juan_01.txt,scrape_output\clean\宋朝\女科百問\女科百問__juan_01.txt,25647,24563,0
宋朝,352266,女科百問,女科百問/卷下,女科百問,2,scrape_output\raw\宋朝\女科百問\女科百問__juan_02.txt,scrape_output\clean\宋朝\女科百問\女科百問__juan_02.txt,28520,27277,0
宋朝,29837,女色無定美贈卿材,女色無定美贈卿材,女色無定美贈卿材,1,scrape_output\raw\宋朝\女色無定美贈卿材\女色無定美贈卿材__juan_01.txt,scrape_output\clean\宋朝\女色無定美贈卿材\女色無定美贈卿材__juan_01.txt,439,393,0
宋朝,91688,好事近 (李清照),好事近 (李清照),好事近 (李清照),1,scrape_output\raw\宋朝\好事近 (李清照)\好事近 (李清照)__juan_01.txt,scrape_output\clean\宋朝\好事近 (李清照)\好事近 (李清照)__juan_01.txt,163,69,0
宋朝,155919,好事近 (蔣子雲),好事近 (蔣子雲),好事近 (蔣子雲),1,scrape_output\raw\宋朝\好事近 (蔣子雲)\好事近 (蔣子雲)__juan_01.txt,scrape_output\clean\宋朝\好事近 (蔣子雲)\好事近 (蔣子雲)__juan_01.txt,171,79,0
宋朝,7329,如夢令 (李清照),如夢令 (李清照),如夢令 (李清照),1,scrape_output\raw\宋朝\如夢令 (李清照)\如夢令 (李清照)__juan_01.txt,scrape_output\clean\宋朝\如夢令 (李清照)\如夢令 (李清照)__juan_01.txt,157,103,0
宋朝,1216099,如淨和尚語錄,如淨和尚語錄/卷001,如淨和尚語錄,1,scrape_output\raw\宋朝\如淨和尚語錄\如淨和尚語錄__juan_01.txt,scrape_output\clean\宋朝\如淨和尚語錄\如淨和尚語錄__juan_01.txt,8444,8432,0
宋朝,1216099,如淨和尚語錄,如淨和尚語錄/卷002,如淨和尚語錄,2,scrape_output\raw\宋朝\如淨和尚語錄\如淨和尚語錄__juan_02.txt,scrape_output\clean\宋朝\如淨和尚語錄\如淨和尚語錄__juan_02.txt,0,0,1
宋朝,187522,姓解,姓解,姓解,1,scrape_output\raw\宋朝\姓解\姓解__juan_01.txt,scrape_output\clean\宋朝\姓解\姓解__juan_01.txt,819,818,0
宋朝,180754,娛書堂詩話,娛書堂詩話,娛書堂詩話,1,scrape_output\raw\宋朝\娛書堂詩話\娛書堂詩話__juan_01.txt,scrape_output\clean\宋朝\娛書堂詩話\娛書堂詩話__juan_01.txt,15230,15216,0
宋朝,192134,婦人大全良方,婦人大全良方/卷一,婦人大全良方,1,scrape_output\raw\宋朝\婦人大全良方\婦人大全良方__juan_01.txt,scrape_output\clean\宋朝\婦人大全良方\婦人大全良方__juan_01.txt,19120,19062,0
宋朝,192134,婦人大全良方,婦人大全良方/卷二,婦人大全良方,2,scrape_output\raw\宋朝\婦人大全良方\婦人大全良方__juan_02.txt,scrape_output\clean\宋朝\婦人大全良方\婦人大全良方__juan_02.txt,7061,7050,0
宋朝,192134,婦人大全良方,婦人大全良方/卷三,婦人大全良方,3,scrape_output\raw\宋朝\婦人大全良方\婦人大全良方__juan_03.txt,scrape_output\clean\宋朝\婦人大全良方\婦人大全良方__juan_03.txt,11332,11303,0
宋朝,192134,婦人大全良方,婦人大全良方/卷四,婦人大全良方,4,scrape_output\raw\宋朝\婦人大全良方\婦人大全良方__juan_04.txt,scrape_output\clean\宋朝\婦人大全良方\婦人大全良方__juan_04.txt,9003,8980,0
宋朝,192134,婦人大全良方,婦人大全良方/卷五,婦人大全良方,5,scrape_output\raw\宋朝\婦人大全良方\婦人大全良方__juan_05.txt,scrape_output\clean\宋朝\婦人大全良方\婦人大全良方__juan_05.txt,11809,11795,0
宋朝,192134,婦人大全良方,婦人大全良方/卷六,婦人大全良方,6,scrape_output\raw\宋朝\婦人大全良方\婦人大全良方__juan_06.txt,scrape_output\clean\宋朝\婦人大全良方\婦人大全良方__juan_06.txt,12437,12404,0
宋朝,192134,婦人大全良方,婦人大全良方/卷七,婦人大全良方,7,scrape_output\raw\宋朝\婦人大全良方\婦人大全良方__juan_07.txt,scrape_output\clean\宋朝\婦人大全良方\婦人大全良方__juan_07.txt,15388,15357,0
宋朝,192134,婦人大全良方,婦人大全良方/卷八,婦人大全良方,8,scrape_output\raw\宋朝\婦人大全良方\婦人大全良方__juan_08.txt,scrape_output\clean\宋朝\婦人大全良方\婦人大全良方__juan_08.txt,16079,16017,0
宋朝,192134,婦人大全良方,婦人大全良方/卷九,婦人大全良方,9,scrape_output\raw\宋朝\婦人大全良方\婦人大全良方__juan_09.txt,scrape_output\clean\宋朝\婦人大全良方\婦人大全良方__juan_09.txt,6210,6171,0
宋朝,192134,婦人大全良方,婦人大全良方/卷十,婦人大全良方,10,scrape_output\raw\宋朝\婦人大全良方\婦人大全良方__juan_10.txt,scrape_output\clean\宋朝\婦人大全良方\婦人大全良方__juan_10.txt,6534,6465,0
宋朝,192134,婦人大全良方,婦人大全良方/卷十一,婦人大全良方,11,scrape_output\raw\宋朝\婦人大全良方\婦人大全良方__juan_11.txt,scrape_output\clean\宋朝\婦人大全良方\婦人大全良方__juan_11.txt,2846,2837,0
宋朝,192134,婦人大全良方,婦人大全良方/卷十二,婦人大全良方,12,scrape_output\raw\宋朝\婦人大全良方\婦人大全良方__juan_12.txt,scrape_output\clean\宋朝\婦人大全良方\婦人大全良方__juan_12.txt,17219,17185,0
宋朝,192134,婦人大全良方,婦人大全良方/卷十三,婦人大全良方,13,scrape_output\raw\宋朝\婦人大全良方\婦人大全良方__juan_13.txt,scrape_output\clean\宋朝\婦人大全良方\婦人大全良方__juan_13.txt,5881,5870,0
宋朝,192134,婦人大全良方,婦人大全良方/卷十四,婦人大全良方,14,scrape_output\raw\宋朝\婦人大全良方\婦人大全良方__juan_14.txt,scrape_output\clean\宋朝\婦人大全良方\婦人大全良方__juan_14.txt,8420,8397,0
宋朝,192134,婦人大全良方,婦人大全良方/卷十五,婦人大全良方,15,scrape_output\raw\宋朝\婦人大全良方\婦人大全良方__juan_15.txt,scrape_output\clean\宋朝\婦人大全良方\婦人大全良方__juan_15.txt,7641,7610,0
宋朝,192134,婦人大全良方,婦人大全良方/卷十六,婦人大全良方,16,scrape_output\raw\宋朝\婦人大全良方\婦人大全良方__juan_16.txt,scrape_output\clean\宋朝\婦人大全良方\婦人大全良方__juan_16.txt,6620,6592,0
宋朝,192134,婦人大全良方,婦人大全良方/卷十七,婦人大全良方,17,scrape_output\raw\宋朝\婦人大全良方\婦人大全良方__juan_17.txt,scrape_output\clean\宋朝\婦人大全良方\婦人大全良方__juan_17.txt,9215,9173,0
宋朝,192134,婦人大全良方,婦人大全良方/卷十八,婦人大全良方,18,scrape_output\raw\宋朝\婦人大全良方\婦人大全良方__juan_18.txt,scrape_output\clean\宋朝\婦人大全良方\婦人大全良方__juan_18.txt,12133,12099,0
宋朝,192134,婦人大全良方,婦人大全良方/卷十九,婦人大全良方,19,scrape_output\raw\宋朝\婦人大全良方\婦人大全良方__juan_19.txt,scrape_output\clean\宋朝\婦人大全良方\婦人大全良方__juan_19.txt,8114,8094,0
宋朝,192134,婦人大全良方,婦人大全良方/卷二十,婦人大全良方,20,scrape_output\raw\宋朝\婦人大全良方\婦人大全良方__juan_20.txt,scrape_output\clean\宋朝\婦人大全良方\婦人大全良方__juan_20.txt,10301,10280,0
宋朝,192134,婦人大全良方,婦人大全良方/卷二十一,婦人大全良方,21,scrape_output\raw\宋朝\婦人大全良方\婦人大全良方__juan_21.txt,scrape_output\clean\宋朝\婦人大全良方\婦人大全良方__juan_21.txt,8643,8627,0
宋朝,192134,婦人大全良方,婦人大全良方/卷二十二,婦人大全良方,22,scrape_output\raw\宋朝\婦人大全良方\婦人大全良方__juan_22.txt,scrape_output\clean\宋朝\婦人大全良方\婦人大全良方__juan_22.txt,10297,10271,0
宋朝,192134,婦人大全良方,婦人大全良方/卷二十三,婦人大全良方,23,scrape_output\raw\宋朝\婦人大全良方\婦人大全良方__juan_23.txt,scrape_output\clean\宋朝\婦人大全良方\婦人大全良方__juan_23.txt,14276,14234,0
宋朝,143520,孔子編年,孔子編年/卷一,孔子編年,1,scrape_output\raw\宋朝\孔子編年\孔子編年__juan_01.txt,scrape_output\clean\宋朝\孔子編年\孔子編年__juan_01.txt,7932,7929,0
宋朝,143520,孔子編年,孔子編年/卷二,孔子編年,2,scrape_output\raw\宋朝\孔子編年\孔子編年__juan_02.txt,scrape_output\clean\宋朝\孔子編年\孔子編年__juan_02.txt,7592,7588,0
宋朝,143520,孔子編年,孔子編年/卷三,孔子編年,3,scrape_output\raw\宋朝\孔子編年\孔子編年__juan_03.txt,scrape_output\clean\宋朝\孔子編年\孔子編年__juan_03.txt,7248,7248,0
宋朝,143520,孔子編年,孔子編年/卷四,孔子編年,4,scrape_output\raw\宋朝\孔子編年\孔子編年__juan_04.txt,scrape_output\clean\宋朝\孔子編年\孔子編年__juan_04.txt,7177,7177,0
宋朝,143520,孔子編年,孔子編年/卷五,孔子編年,5,scrape_output\raw\宋朝\孔子編年\孔子編年__juan_05.txt,scrape_output\clean\宋朝\孔子編年\孔子編年__juan_05.txt,7620,7620,0
宋朝,107050,孔子集語,孔子集語/卷01,孔子集語,1,scrape_output\raw\宋朝\孔子集語\孔子集語__juan_01.txt,scrape_output\clean\宋朝\孔子集語\孔子集語__juan_01.txt,3275,3246,0
宋朝,107050,孔子集語,孔子集語/卷02,孔子集語,2,scrape_output\raw\宋朝\孔子集語\孔子集語__juan_02.txt,scrape_output\clean\宋朝\孔子集語\孔子集語__juan_02.txt,4568,4549,0
宋朝,107050,孔子集語,孔子集語/卷03,孔子集語,3,scrape_output\raw\宋朝\孔子集語\孔子集語__juan_03.txt,scrape_output\clean\宋朝\孔子集語\孔子集語__juan_03.txt,4470,4433,0
宋朝,107050,孔子集語,孔子集語/卷04,孔子集語,4,scrape_output\raw\宋朝\孔子集語\孔子集語__juan_04.txt,scrape_output\clean\宋朝\孔子集語\孔子集語__juan_04.txt,10964,10946,0
宋朝,107050,孔子集語,孔子集語/卷05,孔子集語,5,scrape_output\raw\宋朝\孔子集語\孔子集語__juan_05.txt,scrape_output\clean\宋朝\孔子集語\孔子集語__juan_05.txt,10288,10227,0
宋朝,107050,孔子集語,孔子集語/卷06,孔子集語,6,scrape_output\raw\宋朝\孔子集語\孔子集語__juan_06.txt,scrape_output\clean\宋朝\孔子集語\孔子集語__juan_06.txt,13633,13582,0
宋朝,107050,孔子集語,孔子集語/卷07,孔子集語,7,scrape_output\raw\宋朝\孔子集語\孔子集語__juan_07.txt,scrape_output\clean\宋朝\孔子集語\孔子集語__juan_07.txt,4648,4616,0
宋朝,107050,孔子集語,孔子集語/卷08,孔子集語,8,scrape_output\raw\宋朝\孔子集語\孔子集語__juan_08.txt,scrape_output\clean\宋朝\孔子集語\孔子集語__juan_08.txt,1669,1653,0
宋朝,107050,孔子集語,孔子集語/卷09,孔子集語,9,scrape_output\raw\宋朝\孔子集語\孔子集語__juan_09.txt,scrape_output\clean\宋朝\孔子集語\孔子集語__juan_09.txt,15702,15650,0
宋朝,107050,孔子集語,孔子集語/卷10,孔子集語,10,scrape_output\raw\宋朝\孔子集語\孔子集語__juan_10.txt,scrape_output\clean\宋朝\孔子集語\孔子集語__juan_10.txt,15801,15741,0
宋朝,107050,孔子集語,孔子集語/卷11,孔子集語,11,scrape_output\raw\宋朝\孔子集語\孔子集語__juan_11.txt,scrape_output\clean\宋朝\孔子集語\孔子集語__juan_11.txt,2302,2294,0
宋朝,107050,孔子集語,孔子集語/卷12,孔子集語,12,scrape_output\raw\宋朝\孔子集語\孔子集語__juan_12.txt,scrape_output\clean\宋朝\孔子集語\孔子集語__juan_12.txt,8001,7958,0
宋朝,107050,孔子集語,孔子集語/卷13,孔子集語,13,scrape_output\raw\宋朝\孔子集語\孔子集語__juan_13.txt,scrape_output\clean\宋朝\孔子集語\孔子集語__juan_13.txt,11073,11025,0
宋朝,107050,孔子集語,孔子集語/卷14,孔子集語,14,scrape_output\raw\宋朝\孔子集語\孔子集語__juan_14.txt,scrape_output\clean\宋朝\孔子集語\孔子集語__juan_14.txt,6688,6635,0
宋朝,107050,孔子集語,孔子集語/卷15,孔子集語,15,scrape_output\raw\宋朝\孔子集語\孔子集語__juan_15.txt,scrape_output\clean\宋朝\孔子集語\孔子集語__juan_15.txt,4878,4871,0
宋朝,107050,孔子集語,孔子集語/卷16,孔子集語,16,scrape_output\raw\宋朝\孔子集語\孔子集語__juan_16.txt,scrape_output\clean\宋朝\孔子集語\孔子集語__juan_16.txt,11531,11484,0
宋朝,107050,孔子集語,孔子集語/卷17,孔子集語,17,scrape_output\raw\宋朝\孔子集語\孔子集語__juan_17.txt,scrape_output\clean\宋朝\孔子集語\孔子集語__juan_17.txt,12470,12410,0
宋朝,112503,孤雁兒,孤雁兒,孤雁兒,1,scrape_output\raw\宋朝\孤雁兒\孤雁兒__juan_01.txt,scrape_output\clean\宋朝\孤雁兒\孤雁兒__juan_01.txt,223,177,0
宋朝,28678,守城錄,守城錄/卷1,守城錄,1,scrape_output\raw\宋朝\守城錄\守城錄__juan_01.txt,scrape_output\clean\宋朝\守城錄\守城錄__juan_01.txt,6042,5948,0
宋朝,28678,守城錄,守城錄/卷2,守城錄,2,scrape_output\raw\宋朝\守城錄\守城錄__juan_02.txt,scrape_output\clean\宋朝\守城錄\守城錄__juan_02.txt,3956,3862,0
宋朝,28678,守城錄,守城錄/卷3,守城錄,3,scrape_output\raw\宋朝\守城錄\守城錄__juan_03.txt,scrape_output\clean\宋朝\守城錄\守城錄__juan_03.txt,5005,4911,0
宋朝,28678,守城錄,守城錄/卷4,守城錄,4,scrape_output\raw\宋朝\守城錄\守城錄__juan_04.txt,scrape_output\clean\宋朝\守城錄\守城錄__juan_04.txt,4533,4439,0
宋朝,200380,宋太宗實錄,宋太宗實錄/卷26,宋太宗實錄,1,scrape_output\raw\宋朝\宋太宗實錄\宋太宗實錄__juan_01.txt,scrape_output\clean\宋朝\宋太宗實錄\宋太宗實錄__juan_01.txt,6506,6500,0
宋朝,200380,宋太宗實錄,宋太宗實錄/卷27,宋太宗實錄,2,scrape_output\raw\宋朝\宋太宗實錄\宋太宗實錄__juan_02.txt,scrape_output\clean\宋朝\宋太宗實錄\宋太宗實錄__juan_02.txt,4637,4637,0
宋朝,200380,宋太宗實錄,宋太宗實錄/卷28,宋太宗實錄,3,scrape_output\raw\宋朝\宋太宗實錄\宋太宗實錄__juan_03.txt,scrape_output\clean\宋朝\宋太宗實錄\宋太宗實錄__juan_03.txt,2747,2747,0
宋朝,200380,宋太宗實錄,宋太宗實錄/卷29,宋太宗實錄,4,scrape_output\raw\宋朝\宋太宗實錄\宋太宗實錄__juan_04.txt,scrape_output\clean\宋朝\宋太宗實錄\宋太宗實錄__juan_04.txt,5108,5055,0
宋朝,200380,宋太宗實錄,宋太宗實錄/卷30,宋太宗實錄,5,scrape_output\raw\宋朝\宋太宗實錄\宋太宗實錄__juan_05.txt,scrape_output\clean\宋朝\宋太宗實錄\宋太宗實錄__juan_05.txt,4916,4916,0
宋朝,200380,宋太宗實錄,宋太宗實錄/卷31,宋太宗實錄,6,scrape_output\raw\宋朝\宋太宗實錄\宋太宗實錄__juan_06.txt,scrape_output\clean\宋朝\宋太宗實錄\宋太宗實錄__juan_06.txt,6540,6355,0
宋朝,200380,宋太宗實錄,宋太宗實錄/卷32,宋太宗實錄,7,scrape_output\raw\宋朝\宋太宗實錄\宋太宗實錄__juan_07.txt,scrape_output\clean\宋朝\宋太宗實錄\宋太宗實錄__juan_07.txt,3985,3976,0
宋朝,200380,宋太宗實錄,宋太宗實錄/卷33,宋太宗實錄,8,scrape_output\raw\宋朝\宋太宗實錄\宋太宗實錄__juan_08.txt,scrape_output\clean\宋朝\宋太宗實錄\宋太宗實錄__juan_08.txt,3866,3813,0
宋朝,200380,宋太宗實錄,宋太宗實錄/卷34,宋太宗實錄,9,scrape_output\raw\宋朝\宋太宗實錄\宋太宗實錄__juan_09.txt,scrape_output\clean\宋朝\宋太宗實錄\宋太宗實錄__juan_09.txt,4699,4682,0
宋朝,200380,宋太宗實錄,宋太宗實錄/卷35,宋太宗實錄,10,scrape_output\raw\宋朝\宋太宗實錄\宋太宗實錄__juan_10.txt,scrape_output\clean\宋朝\宋太宗實錄\宋太宗實錄__juan_10.txt,3008,2999,0
宋朝,200380,宋太宗實錄,宋太宗實錄/卷41,宋太宗實錄,11,scrape_output\raw\宋朝\宋太宗實錄\宋太宗實錄__juan_11.txt,scrape_output\clean\宋朝\宋太宗實錄\宋太宗實錄__juan_11.txt,4218,4209,0
宋朝,200380,宋太宗實錄,宋太宗實錄/卷42,宋太宗實錄,12,scrape_output\raw\宋朝\宋太宗實錄\宋太宗實錄__juan_12.txt,scrape_output\clean\宋朝\宋太宗實錄\宋太宗實錄__juan_12.txt,3873,3864,0
宋朝,200380,宋太宗實錄,宋太宗實錄/卷43,宋太宗實錄,13,scrape_output\raw\宋朝\宋太宗實錄\宋太宗實錄__juan_13.txt,scrape_output\clean\宋朝\宋太宗實錄\宋太宗實錄__juan_13.txt,4083,4072,0
宋朝,200380,宋太宗實錄,宋太宗實錄/卷44,宋太宗實錄,14,scrape_output\raw\宋朝\宋太宗實錄\宋太宗實錄__juan_14.txt,scrape_output\clean\宋朝\宋太宗實錄\宋太宗實錄__juan_14.txt,4790,4781,0
宋朝,200380,宋太宗實錄,宋太宗實錄/卷45,宋太宗實錄,15,scrape_output\raw\宋朝\宋太宗實錄\宋太宗實錄__juan_15.txt,scrape_output\clean\宋朝\宋太宗實錄\宋太宗實錄__juan_15.txt,4327,4318,0
宋朝,200380,宋太宗實錄,宋太宗實錄/卷76,宋太宗實錄,16,scrape_output\raw\宋朝\宋太宗實錄\宋太宗實錄__juan_16.txt,scrape_output\clean\宋朝\宋太宗實錄\宋太宗實錄__juan_16.txt,6155,6146,0
宋朝,200380,宋太宗實錄,宋太宗實錄/卷77,宋太宗實錄,17,scrape_output\raw\宋朝\宋太宗實錄\宋太宗實錄__juan_17.txt,scrape_output\clean\宋朝\宋太宗實錄\宋太宗實錄__juan_17.txt,4422,4413,0
宋朝,200380,宋太宗實錄,宋太宗實錄/卷78,宋太宗實錄,18,scrape_output\raw\宋朝\宋太宗實錄\宋太宗實錄__juan_18.txt,scrape_output\clean\宋朝\宋太宗實錄\宋太宗實錄__juan_18.txt,5981,5972,0
宋朝,200380,宋太宗實錄,宋太宗實錄/卷79,宋太宗實錄,19,scrape_output\raw\宋朝\宋太宗實錄\宋太宗實錄__juan_19.txt,scrape_output\clean\宋朝\宋太宗實錄\宋太宗實錄__juan_19.txt,2836,2827,0
宋朝,200380,宋太宗實錄,宋太宗實錄/卷80,宋太宗實錄,20,scrape_output\raw\宋朝\宋太宗實錄\宋太宗實錄__juan_20.txt,scrape_output\clean\宋朝\宋太宗實錄\宋太宗實錄__juan_20.txt,4979,4970,0
宋朝,758215,宋故武功大夫河東第二將折公墓誌銘,宋故武功大夫河東第二將折公墓誌銘,宋故武功大夫河東第二將折公墓誌銘,1,scrape_output\raw\宋朝\宋故武功大夫河東第二將折公墓誌銘\宋故武功大夫河東第二將折公墓誌銘__juan_01.txt,scrape_output\clean\宋朝\宋故武功大夫河東第二將折公墓誌銘\宋故武功大夫河東第二將折公墓誌銘__juan_01.txt,779,779,0
宋朝,56877,宋朝名畫評,宋朝名畫評/卷一,宋朝名畫評,1,scrape_output\raw\宋朝\宋朝名畫評\宋朝名畫評__juan_01.txt,scrape_output\clean\宋朝\宋朝名畫評\宋朝名畫評__juan_01.txt,7777,7776,0
宋朝,56877,宋朝名畫評,宋朝名畫評/卷二,宋朝名畫評,2,scrape_output\raw\宋朝\宋朝名畫評\宋朝名畫評__juan_02.txt,scrape_output\clean\宋朝\宋朝名畫評\宋朝名畫評__juan_02.txt,4654,4654,0
宋朝,56877,宋朝名畫評,宋朝名畫評/卷三,宋朝名畫評,3,scrape_output\raw\宋朝\宋朝名畫評\宋朝名畫評__juan_03.txt,scrape_output\clean\宋朝\宋朝名畫評\宋朝名畫評__juan_03.txt,4358,4358,0
宋朝,199923,宋江三十六贊並序,宋江三十六贊並序,宋江三十六贊並序,1,scrape_output\raw\宋朝\宋江三十六贊並序\宋江三十六贊並序__juan_01.txt,scrape_output\clean\宋朝\宋江三十六贊並序\宋江三十六贊並序__juan_01.txt,1756,1532,0
宋朝,192054,定川遺書,定川遺書/卷01,定川遺書,1,scrape_output\raw\宋朝\定川遺書\定川遺書__juan_01.txt,scrape_output\clean\宋朝\定川遺書\定川遺書__juan_01.txt,3261,3169,0
宋朝,192054,定川遺書,定川遺書/卷02,定川遺書,2,scrape_output\raw\宋朝\定川遺書\定川遺書__juan_02.txt,scrape_output\clean\宋朝\定川遺書\定川遺書__juan_02.txt,1548,1504,0
宋朝,138809,客中初夏,客中初夏,客中初夏,1,scrape_output\raw\宋朝\客中初夏\客中初夏__juan_01.txt,scrape_output\clean\宋朝\客中初夏\客中初夏__juan_01.txt,111,67,0
宋朝,56900,宣和北苑貢茶錄,宣和北苑貢茶錄,宣和北苑貢茶錄,1,scrape_output\raw\宋朝\宣和北苑貢茶錄\宣和北苑貢茶錄__juan_01.txt,scrape_output\clean\宋朝\宣和北苑貢茶錄\宣和北苑貢茶錄__juan_01.txt,3977,3724,0
宋朝,189126,宣和奉使高麗圖經,宣和奉使高麗圖經/卷一,宣和奉使高麗圖經,1,scrape_output\raw\宋朝\宣和奉使高麗圖經\宣和奉使高麗圖經__juan_01.txt,scrape_output\clean\宋朝\宣和奉使高麗圖經\宣和奉使高麗圖經__juan_01.txt,1044,1044,0
宋朝,189126,宣和奉使高麗圖經,宣和奉使高麗圖經/卷二,宣和奉使高麗圖經,2,scrape_output\raw\宋朝\宣和奉使高麗圖經\宣和奉使高麗圖經__juan_02.txt,scrape_output\clean\宋朝\宣和奉使高麗圖經\宣和奉使高麗圖經__juan_02.txt,1221,1221,0
宋朝,189126,宣和奉使高麗圖經,宣和奉使高麗圖經/卷三,宣和奉使高麗圖經,3,scrape_output\raw\宋朝\宣和奉使高麗圖經\宣和奉使高麗圖經__juan_03.txt,scrape_output\clean\宋朝\宣和奉使高麗圖經\宣和奉使高麗圖經__juan_03.txt,2356,2338,0
宋朝,189126,宣和奉使高麗圖經,宣和奉使高麗圖經/卷四,宣和奉使高麗圖經,4,scrape_output\raw\宋朝\宣和奉使高麗圖經\宣和奉使高麗圖經__juan_04.txt,scrape_output\clean\宋朝\宣和奉使高麗圖經\宣和奉使高麗圖經__juan_04.txt,976,976,0
宋朝,189126,宣和奉使高麗圖經,宣和奉使高麗圖經/卷五,宣和奉使高麗圖經,5,scrape_output\raw\宋朝\宣和奉使高麗圖經\宣和奉使高麗圖經__juan_05.txt,scrape_output\clean\宋朝\宣和奉使高麗圖經\宣和奉使高麗圖經__juan_05.txt,980,980,0
宋朝,189126,宣和奉使高麗圖經,宣和奉使高麗圖經/卷六,宣和奉使高麗圖經,6,scrape_output\raw\宋朝\宣和奉使高麗圖經\宣和奉使高麗圖經__juan_06.txt,scrape_output\clean\宋朝\宣和奉使高麗圖經\宣和奉使高麗圖經__juan_06.txt,2152,2152,0
宋朝,189126,宣和奉使高麗圖經,宣和奉使高麗圖經/卷七,宣和奉使高麗圖經,7,scrape_output\raw\宋朝\宣和奉使高麗圖經\宣和奉使高麗圖經__juan_07.txt,scrape_output\clean\宋朝\宣和奉使高麗圖經\宣和奉使高麗圖經__juan_07.txt,1059,1059,0
宋朝,189126,宣和奉使高麗圖經,宣和奉使高麗圖經/卷八,宣和奉使高麗圖經,8,scrape_output\raw\宋朝\宣和奉使高麗圖經\宣和奉使高麗圖經__juan_08.txt,scrape_output\clean\宋朝\宣和奉使高麗圖經\宣和奉使高麗圖經__juan_08.txt,1621,1621,0
宋朝,189126,宣和奉使高麗圖經,宣和奉使高麗圖經/卷九,宣和奉使高麗圖經,9,scrape_output\raw\宋朝\宣和奉使高麗圖經\宣和奉使高麗圖經__juan_09.txt,scrape_output\clean\宋朝\宣和奉使高麗圖經\宣和奉使高麗圖經__juan_09.txt,658,658,0
宋朝,189126,宣和奉使高麗圖經,宣和奉使高麗圖經/卷十,宣和奉使高麗圖經,10,scrape_output\raw\宋朝\宣和奉使高麗圖經\宣和奉使高麗圖經__juan_10.txt,scrape_output\clean\宋朝\宣和奉使高麗圖經\宣和奉使高麗圖經__juan_10.txt,414,414,0
宋朝,189126,宣和奉使高麗圖經,宣和奉使高麗圖經/卷十一,宣和奉使高麗圖經,11,scrape_output\raw\宋朝\宣和奉使高麗圖經\宣和奉使高麗圖經__juan_11.txt,scrape_output\clean\宋朝\宣和奉使高麗圖經\宣和奉使高麗圖經__juan_11.txt,1291,1291,0
宋朝,189126,宣和奉使高麗圖經,宣和奉使高麗圖經/卷十二,宣和奉使高麗圖經,12,scrape_output\raw\宋朝\宣和奉使高麗圖經\宣和奉使高麗圖經__juan_12.txt,scrape_output\clean\宋朝\宣和奉使高麗圖經\宣和奉使高麗圖經__juan_12.txt,961,961,0
宋朝,189126,宣和奉使高麗圖經,宣和奉使高麗圖經/卷十三,宣和奉使高麗圖經,13,scrape_output\raw\宋朝\宣和奉使高麗圖經\宣和奉使高麗圖經__juan_13.txt,scrape_output\clean\宋朝\宣和奉使高麗圖經\宣和奉使高麗圖經__juan_13.txt,784,784,0
宋朝,189126,宣和奉使高麗圖經,宣和奉使高麗圖經/卷十四,宣和奉使高麗圖經,14,scrape_output\raw\宋朝\宣和奉使高麗圖經\宣和奉使高麗圖經__juan_14.txt,scrape_output\clean\宋朝\宣和奉使高麗圖經\宣和奉使高麗圖經__juan_14.txt,1017,1017,0
宋朝,189126,宣和奉使高麗圖經,宣和奉使高麗圖經/卷十五,宣和奉使高麗圖經,15,scrape_output\raw\宋朝\宣和奉使高麗圖經\宣和奉使高麗圖經__juan_15.txt,scrape_output\clean\宋朝\宣和奉使高麗圖經\宣和奉使高麗圖經__juan_15.txt,824,824,0
宋朝,189126,宣和奉使高麗圖經,宣和奉使高麗圖經/卷十六,宣和奉使高麗圖經,16,scrape_output\raw\宋朝\宣和奉使高麗圖經\宣和奉使高麗圖經__juan_16.txt,scrape_output\clean\宋朝\宣和奉使高麗圖經\宣和奉使高麗圖經__juan_16.txt,1619,1619,0
宋朝,189126,宣和奉使高麗圖經,宣和奉使高麗圖經/卷十七,宣和奉使高麗圖經,17,scrape_output\raw\宋朝\宣和奉使高麗圖經\宣和奉使高麗圖經__juan_17.txt,scrape_output\clean\宋朝\宣和奉使高麗圖經\宣和奉使高麗圖經__juan_17.txt,2532,2530,0
宋朝,189126,宣和奉使高麗圖經,宣和奉使高麗圖經/卷十八,宣和奉使高麗圖經,18,scrape_output\raw\宋朝\宣和奉使高麗圖經\宣和奉使高麗圖經__juan_18.txt,scrape_output\clean\宋朝\宣和奉使高麗圖經\宣和奉使高麗圖經__juan_18.txt,1350,1350,0
宋朝,189126,宣和奉使高麗圖經,宣和奉使高麗圖經/卷十九,宣和奉使高麗圖經,19,scrape_output\raw\宋朝\宣和奉使高麗圖經\宣和奉使高麗圖經__juan_19.txt,scrape_output\clean\宋朝\宣和奉使高麗圖經\宣和奉使高麗圖經__juan_19.txt,716,716,0
宋朝,189126,宣和奉使高麗圖經,宣和奉使高麗圖經/卷二十,宣和奉使高麗圖經,20,scrape_output\raw\宋朝\宣和奉使高麗圖經\宣和奉使高麗圖經__juan_20.txt,scrape_output\clean\宋朝\宣和奉使高麗圖經\宣和奉使高麗圖經__juan_20.txt,939,939,0
宋朝,189126,宣和奉使高麗圖經,宣和奉使高麗圖經/卷二十一,宣和奉使高麗圖經,21,scrape_output\raw\宋朝\宣和奉使高麗圖經\宣和奉使高麗圖經__juan_21.txt,scrape_output\clean\宋朝\宣和奉使高麗圖經\宣和奉使高麗圖經__juan_21.txt,943,943,0
宋朝,189126,宣和奉使高麗圖經,宣和奉使高麗圖經/卷二十二,宣和奉使高麗圖經,22,scrape_output\raw\宋朝\宣和奉使高麗圖經\宣和奉使高麗圖經__juan_22.txt,scrape_output\clean\宋朝\宣和奉使高麗圖經\宣和奉使高麗圖經__juan_22.txt,1369,1369,0
宋朝,189126,宣和奉使高麗圖經,宣和奉使高麗圖經/卷二十三,宣和奉使高麗圖經,23,scrape_output\raw\宋朝\宣和奉使高麗圖經\宣和奉使高麗圖經__juan_23.txt,scrape_output\clean\宋朝\宣和奉使高麗圖經\宣和奉使高麗圖經__juan_23.txt,1442,1441,0
宋朝,189126,宣和奉使高麗圖經,宣和奉使高麗圖經/卷二十四,宣和奉使高麗圖經,24,scrape_output\raw\宋朝\宣和奉使高麗圖經\宣和奉使高麗圖經__juan_24.txt,scrape_output\clean\宋朝\宣和奉使高麗圖經\宣和奉使高麗圖經__juan_24.txt,1853,1853,0
宋朝,189126,宣和奉使高麗圖經,宣和奉使高麗圖經/卷二十五,宣和奉使高麗圖經,25,scrape_output\raw\宋朝\宣和奉使高麗圖經\宣和奉使高麗圖經__juan_25.txt,scrape_output\clean\宋朝\宣和奉使高麗圖經\宣和奉使高麗圖經__juan_25.txt,1642,1642,0
宋朝,189126,宣和奉使高麗圖經,宣和奉使高麗圖經/卷二十六,宣和奉使高麗圖經,26,scrape_output\raw\宋朝\宣和奉使高麗圖經\宣和奉使高麗圖經__juan_26.txt,scrape_output\clean\宋朝\宣和奉使高麗圖經\宣和奉使高麗圖經__juan_26.txt,1802,1802,0
宋朝,189126,宣和奉使高麗圖經,宣和奉使高麗圖經/卷二十七,宣和奉使高麗圖經,27,scrape_output\raw\宋朝\宣和奉使高麗圖經\宣和奉使高麗圖經__juan_27.txt,scrape_output\clean\宋朝\宣和奉使高麗圖經\宣和奉使高麗圖經__juan_27.txt,1824,1824,0
宋朝,189126,宣和奉使高麗圖經,宣和奉使高麗圖經/卷二十八,宣和奉使高麗圖經,28,scrape_output\raw\宋朝\宣和奉使高麗圖經\宣和奉使高麗圖經__juan_28.txt,scrape_output\clean\宋朝\宣和奉使高麗圖經\宣和奉使高麗圖經__juan_28.txt,1100,1100,0
宋朝,189126,宣和奉使高麗圖經,宣和奉使高麗圖經/卷二十九,宣和奉使高麗圖經,29,scrape_output\raw\宋朝\宣和奉使高麗圖經\宣和奉使高麗圖經__juan_29.txt,scrape_output\clean\宋朝\宣和奉使高麗圖經\宣和奉使高麗圖經__juan_29.txt,413,413,0
宋朝,189126,宣和奉使高麗圖經,宣和奉使高麗圖經/卷三十,宣和奉使高麗圖經,30,scrape_output\raw\宋朝\宣和奉使高麗圖經\宣和奉使高麗圖經__juan_30.txt,scrape_output\clean\宋朝\宣和奉使高麗圖經\宣和奉使高麗圖經__juan_30.txt,720,720,0
宋朝,189126,宣和奉使高麗圖經,宣和奉使高麗圖經/卷三十一,宣和奉使高麗圖經,31,scrape_output\raw\宋朝\宣和奉使高麗圖經\宣和奉使高麗圖經__juan_31.txt,scrape_output\clean\宋朝\宣和奉使高麗圖經\宣和奉使高麗圖經__juan_31.txt,671,671,0
宋朝,189126,宣和奉使高麗圖經,宣和奉使高麗圖經/卷三十二,宣和奉使高麗圖經,32,scrape_output\raw\宋朝\宣和奉使高麗圖經\宣和奉使高麗圖經__juan_32.txt,scrape_output\clean\宋朝\宣和奉使高麗圖經\宣和奉使高麗圖經__juan_32.txt,886,880,0
宋朝,189126,宣和奉使高麗圖經,宣和奉使高麗圖經/卷三十三,宣和奉使高麗圖經,33,scrape_output\raw\宋朝\宣和奉使高麗圖經\宣和奉使高麗圖經__juan_33.txt,scrape_output\clean\宋朝\宣和奉使高麗圖經\宣和奉使高麗圖經__juan_33.txt,834,834,0
宋朝,189126,宣和奉使高麗圖經,宣和奉使高麗圖經/卷三十四,宣和奉使高麗圖經,34,scrape_output\raw\宋朝\宣和奉使高麗圖經\宣和奉使高麗圖經__juan_34.txt,scrape_output\clean\宋朝\宣和奉使高麗圖經\宣和奉使高麗圖經__juan_34.txt,4289,4289,0
宋朝,189126,宣和奉使高麗圖經,宣和奉使高麗圖經/卷三十五,宣和奉使高麗圖經,35,scrape_output\raw\宋朝\宣和奉使高麗圖經\宣和奉使高麗圖經__juan_35.txt,scrape_output\clean\宋朝\宣和奉使高麗圖經\宣和奉使高麗圖經__juan_35.txt,772,772,0
宋朝,189126,宣和奉使高麗圖經,宣和奉使高麗圖經/卷三十六,宣和奉使高麗圖經,36,scrape_output\raw\宋朝\宣和奉使高麗圖經\宣和奉使高麗圖經__juan_36.txt,scrape_output\clean\宋朝\宣和奉使高麗圖經\宣和奉使高麗圖經__juan_36.txt,1087,1087,0
宋朝,189126,宣和奉使高麗圖經,宣和奉使高麗圖經/卷三十七,宣和奉使高麗圖經,37,scrape_output\raw\宋朝\宣和奉使高麗圖經\宣和奉使高麗圖經__juan_37.txt,scrape_output\clean\宋朝\宣和奉使高麗圖經\宣和奉使高麗圖經__juan_37.txt,587,587,0
宋朝,189126,宣和奉使高麗圖經,宣和奉使高麗圖經/卷三十八,宣和奉使高麗圖經,38,scrape_output\raw\宋朝\宣和奉使高麗圖經\宣和奉使高麗圖經__juan_38.txt,scrape_output\clean\宋朝\宣和奉使高麗圖經\宣和奉使高麗圖經__juan_38.txt,352,352,0
宋朝,189126,宣和奉使高麗圖經,宣和奉使高麗圖經/卷三十九,宣和奉使高麗圖經,39,scrape_output\raw\宋朝\宣和奉使高麗圖經\宣和奉使高麗圖經__juan_39.txt,scrape_output\clean\宋朝\宣和奉使高麗圖經\宣和奉使高麗圖經__juan_39.txt,1596,1596,0
宋朝,189126,宣和奉使高麗圖經,宣和奉使高麗圖經/卷四十,宣和奉使高麗圖經,40,scrape_output\raw\宋朝\宣和奉使高麗圖經\宣和奉使高麗圖經__juan_40.txt,scrape_output\clean\宋朝\宣和奉使高麗圖經\宣和奉使高麗圖經__juan_40.txt,3700,3700,0
宋朝,189126,宣和奉使高麗圖經,宣和奉使高麗圖經/序,宣和奉使高麗圖經,41,scrape_output\raw\宋朝\宣和奉使高麗圖經\宣和奉使高麗圖經__juan_41.txt,scrape_output\clean\宋朝\宣和奉使高麗圖經\宣和奉使高麗圖經__juan_41.txt,1038,1038,0
宋朝,189126,宣和奉使高麗圖經,宣和奉使高麗圖經/行狀,宣和奉使高麗圖經,42,scrape_output\raw\宋朝\宣和奉使高麗圖經\宣和奉使高麗圖經__juan_42.txt,scrape_output\clean\宋朝\宣和奉使高麗圖經\宣和奉使高麗圖經__juan_42.txt,3005,3005,0
宋朝,189126,宣和奉使高麗圖經,宣和奉使高麗圖經/跋文,宣和奉使高麗圖經,43,scrape_output\raw\宋朝\宣和奉使高麗圖經\宣和奉使高麗圖經__juan_43.txt,scrape_output\clean\宋朝\宣和奉使高麗圖經\宣和奉使高麗圖經__juan_43.txt,183,183,0
宋朝,23688,宣和畫譜,宣和畫譜/卷一,宣和畫譜,1,scrape_output\raw\宋朝\宣和畫譜\宣和畫譜__juan_01.txt,scrape_output\clean\宋朝\宣和畫譜\宣和畫譜__juan_01.txt,3782,3725,0
宋朝,23688,宣和畫譜,宣和畫譜/卷二,宣和畫譜,2,scrape_output\raw\宋朝\宣和畫譜\宣和畫譜__juan_02.txt,scrape_output\clean\宋朝\宣和畫譜\宣和畫譜__juan_02.txt,3606,3584,0
宋朝,23688,宣和畫譜,宣和畫譜/卷三,宣和畫譜,3,scrape_output\raw\宋朝\宣和畫譜\宣和畫譜__juan_03.txt,scrape_output\clean\宋朝\宣和畫譜\宣和畫譜__juan_03.txt,3096,3083,0
宋朝,23688,宣和畫譜,宣和畫譜/卷四,宣和畫譜,4,scrape_output\raw\宋朝\宣和畫譜\宣和畫譜__juan_04.txt,scrape_output\clean\宋朝\宣和畫譜\宣和畫譜__juan_04.txt,3505,3478,0
宋朝,23688,宣和畫譜,宣和畫譜/卷五,宣和畫譜,5,scrape_output\raw\宋朝\宣和畫譜\宣和畫譜__juan_05.txt,scrape_output\clean\宋朝\宣和畫譜\宣和畫譜__juan_05.txt,2556,2530,0
宋朝,23688,宣和畫譜,宣和畫譜/卷六,宣和畫譜,6,scrape_output\raw\宋朝\宣和畫譜\宣和畫譜__juan_06.txt,scrape_output\clean\宋朝\宣和畫譜\宣和畫譜__juan_06.txt,2542,2516,0
宋朝,23688,宣和畫譜,宣和畫譜/卷七,宣和畫譜,7,scrape_output\raw\宋朝\宣和畫譜\宣和畫譜__juan_07.txt,scrape_output\clean\宋朝\宣和畫譜\宣和畫譜__juan_07.txt,3606,3599,0
宋朝,23688,宣和畫譜,宣和畫譜/卷八,宣和畫譜,8,scrape_output\raw\宋朝\宣和畫譜\宣和畫譜__juan_08.txt,scrape_output\clean\宋朝\宣和畫譜\宣和畫譜__juan_08.txt,2831,2812,0
宋朝,23688,宣和畫譜,宣和畫譜/卷九,宣和畫譜,9,scrape_output\raw\宋朝\宣和畫譜\宣和畫譜__juan_09.txt,scrape_output\clean\宋朝\宣和畫譜\宣和畫譜__juan_09.txt,2188,2172,0
宋朝,23688,宣和畫譜,宣和畫譜/卷十,宣和畫譜,10,scrape_output\raw\宋朝\宣和畫譜\宣和畫譜__juan_10.txt,scrape_output\clean\宋朝\宣和畫譜\宣和畫譜__juan_10.txt,3730,3690,0
宋朝,23688,宣和畫譜,宣和畫譜/卷十一,宣和畫譜,11,scrape_output\raw\宋朝\宣和畫譜\宣和畫譜__juan_11.txt,scrape_output\clean\宋朝\宣和畫譜\宣和畫譜__juan_11.txt,5124,5091,0
宋朝,23688,宣和畫譜,宣和畫譜/卷十二,宣和畫譜,12,scrape_output\raw\宋朝\宣和畫譜\宣和畫譜__juan_12.txt,scrape_output\clean\宋朝\宣和畫譜\宣和畫譜__juan_12.txt,4504,4474,0
宋朝,23688,宣和畫譜,宣和畫譜/卷十三,宣和畫譜,13,scrape_output\raw\宋朝\宣和畫譜\宣和畫譜__juan_13.txt,scrape_output\clean\宋朝\宣和畫譜\宣和畫譜__juan_13.txt,3500,3455,0
宋朝,23688,宣和畫譜,宣和畫譜/卷十四,宣和畫譜,14,scrape_output\raw\宋朝\宣和畫譜\宣和畫譜__juan_14.txt,scrape_output\clean\宋朝\宣和畫譜\宣和畫譜__juan_14.txt,2108,2079,0
宋朝,23688,宣和畫譜,宣和畫譜/卷十五,宣和畫譜,15,scrape_output\raw\宋朝\宣和畫譜\宣和畫譜__juan_15.txt,scrape_output\clean\宋朝\宣和畫譜\宣和畫譜__juan_15.txt,3097,3073,0
宋朝,23688,宣和畫譜,宣和畫譜/卷十六,宣和畫譜,16,scrape_output\raw\宋朝\宣和畫譜\宣和畫譜__juan_16.txt,scrape_output\clean\宋朝\宣和畫譜\宣和畫譜__juan_16.txt,5262,5238,0
宋朝,23688,宣和畫譜,宣和畫譜/卷十七,宣和畫譜,17,scrape_output\raw\宋朝\宣和畫譜\宣和畫譜__juan_17.txt,scrape_output\clean\宋朝\宣和畫譜\宣和畫譜__juan_17.txt,4736,4721,0
宋朝,23688,宣和畫譜,宣和畫譜/卷十八,宣和畫譜,18,scrape_output\raw\宋朝\宣和畫譜\宣和畫譜__juan_18.txt,scrape_output\clean\宋朝\宣和畫譜\宣和畫譜__juan_18.txt,3967,3955,0
宋朝,23688,宣和畫譜,宣和畫譜/卷十九,宣和畫譜,19,scrape_output\raw\宋朝\宣和畫譜\宣和畫譜__juan_19.txt,scrape_output\clean\宋朝\宣和畫譜\宣和畫譜__juan_19.txt,3312,3291,0
宋朝,23688,宣和畫譜,宣和畫譜/卷二十,宣和畫譜,20,scrape_output\raw\宋朝\宣和畫譜\宣和畫譜__juan_20.txt,scrape_output\clean\宋朝\宣和畫譜\宣和畫譜__juan_20.txt,4331,4295,0
宋朝,197545,宮詞 (武衍),宮詞 (武衍),宮詞 (武衍),1,scrape_output\raw\宋朝\宮詞 (武衍)\宮詞 (武衍)__juan_01.txt,scrape_output\clean\宋朝\宮詞 (武衍)\宮詞 (武衍)__juan_01.txt,557,69,0
宋朝,56080,家範,家範/卷一,家範,1,scrape_output\raw\宋朝\家範\家範__juan_01.txt,scrape_output\clean\宋朝\家範\家範__juan_01.txt,4534,4472,0
宋朝,56080,家範,家範/卷二,家範,2,scrape_output\raw\宋朝\家範\家範__juan_02.txt,scrape_output\clean\宋朝\家範\家範__juan_02.txt,1592,1568,0
宋朝,56080,家範,家範/卷三,家範,3,scrape_output\raw\宋朝\家範\家範__juan_03.txt,scrape_output\clean\宋朝\家範\家範__juan_03.txt,6051,5919,0
宋朝,56080,家範,家範/卷四,家範,4,scrape_output\raw\宋朝\家範\家範__juan_04.txt,scrape_output\clean\宋朝\家範\家範__juan_04.txt,4474,4389,0
宋朝,56080,家範,家範/卷五,家範,5,scrape_output\raw\宋朝\家範\家範__juan_05.txt,scrape_output\clean\宋朝\家範\家範__juan_05.txt,4527,4471,0
宋朝,56080,家範,家範/卷六,家範,6,scrape_output\raw\宋朝\家範\家範__juan_06.txt,scrape_output\clean\宋朝\家範\家範__juan_06.txt,4328,4250,0
宋朝,56080,家範,家範/卷七,家範,7,scrape_output\raw\宋朝\家範\家範__juan_07.txt,scrape_output\clean\宋朝\家範\家範__juan_07.txt,3247,3180,0
宋朝,56080,家範,家範/卷八,家範,8,scrape_output\raw\宋朝\家範\家範__juan_08.txt,scrape_output\clean\宋朝\家範\家範__juan_08.txt,3795,3709,0
宋朝,56080,家範,家範/卷九,家範,9,scrape_output\raw\宋朝\家範\家範__juan_09.txt,scrape_output\clean\宋朝\家範\家範__juan_09.txt,3984,3915,0
宋朝,56080,家範,家範/卷十,家範,10,scrape_output\raw\宋朝\家範\家範__juan_10.txt,scrape_output\clean\宋朝\家範\家範__juan_10.txt,3381,3309,0
宋朝,58932,容齋五筆,容齋五筆/卷一,容齋五筆,1,scrape_output\raw\宋朝\容齋五筆\容齋五筆__juan_01.txt,scrape_output\clean\宋朝\容齋五筆\容齋五筆__juan_01.txt,5560,5510,0
宋朝,58932,容齋五筆,容齋五筆/卷二,容齋五筆,2,scrape_output\raw\宋朝\容齋五筆\容齋五筆__juan_02.txt,scrape_output\clean\宋朝\容齋五筆\容齋五筆__juan_02.txt,4431,4381,0
宋朝,58932,容齋五筆,容齋五筆/卷三,容齋五筆,3,scrape_output\raw\宋朝\容齋五筆\容齋五筆__juan_03.txt,scrape_output\clean\宋朝\容齋五筆\容齋五筆__juan_03.txt,6335,6260,0
宋朝,58932,容齋五筆,容齋五筆/卷四,容齋五筆,4,scrape_output\raw\宋朝\容齋五筆\容齋五筆__juan_04.txt,scrape_output\clean\宋朝\容齋五筆\容齋五筆__juan_04.txt,5921,5869,0
宋朝,58932,容齋五筆,容齋五筆/卷五,容齋五筆,5,scrape_output\raw\宋朝\容齋五筆\容齋五筆__juan_05.txt,scrape_output\clean\宋朝\容齋五筆\容齋五筆__juan_05.txt,5413,5353,0
宋朝,58932,容齋五筆,容齋五筆/卷六,容齋五筆,6,scrape_output\raw\宋朝\容齋五筆\容齋五筆__juan_06.txt,scrape_output\clean\宋朝\容齋五筆\容齋五筆__juan_06.txt,6026,5946,0
宋朝,58932,容齋五筆,容齋五筆/卷七,容齋五筆,7,scrape_output\raw\宋朝\容齋五筆\容齋五筆__juan_07.txt,scrape_output\clean\宋朝\容齋五筆\容齋五筆__juan_07.txt,5918,5832,0
宋朝,58932,容齋五筆,容齋五筆/卷八,容齋五筆,8,scrape_output\raw\宋朝\容齋五筆\容齋五筆__juan_08.txt,scrape_output\clean\宋朝\容齋五筆\容齋五筆__juan_08.txt,6780,6722,0
宋朝,58932,容齋五筆,容齋五筆/卷九,容齋五筆,9,scrape_output\raw\宋朝\容齋五筆\容齋五筆__juan_09.txt,scrape_output\clean\宋朝\容齋五筆\容齋五筆__juan_09.txt,5853,5793,0
宋朝,58932,容齋五筆,容齋五筆/卷十,容齋五筆,10,scrape_output\raw\宋朝\容齋五筆\容齋五筆__juan_10.txt,scrape_output\clean\宋朝\容齋五筆\容齋五筆__juan_10.txt,5680,5628,0
宋朝,56741,容齋隨筆,容齋隨筆/卷一,容齋隨筆,1,scrape_output\raw\宋朝\容齋隨筆\容齋隨筆__juan_01.txt,scrape_output\clean\宋朝\容齋隨筆\容齋隨筆__juan_01.txt,5787,5742,0
宋朝,56741,容齋隨筆,容齋隨筆/卷二,容齋隨筆,2,scrape_output\raw\宋朝\容齋隨筆\容齋隨筆__juan_02.txt,scrape_output\clean\宋朝\容齋隨筆\容齋隨筆__juan_02.txt,5806,5762,0
宋朝,56741,容齋隨筆,容齋隨筆/卷三,容齋隨筆,3,scrape_output\raw\宋朝\容齋隨筆\容齋隨筆__juan_03.txt,scrape_output\clean\宋朝\容齋隨筆\容齋隨筆__juan_03.txt,5798,5752,0
宋朝,56741,容齋隨筆,容齋隨筆/卷四,容齋隨筆,4,scrape_output\raw\宋朝\容齋隨筆\容齋隨筆__juan_04.txt,scrape_output\clean\宋朝\容齋隨筆\容齋隨筆__juan_04.txt,5769,5723,0
宋朝,56741,容齋隨筆,容齋隨筆/卷五,容齋隨筆,5,scrape_output\raw\宋朝\容齋隨筆\容齋隨筆__juan_05.txt,scrape_output\clean\宋朝\容齋隨筆\容齋隨筆__juan_05.txt,5989,5942,0
宋朝,56741,容齋隨筆,容齋隨筆/卷六,容齋隨筆,6,scrape_output\raw\宋朝\容齋隨筆\容齋隨筆__juan_06.txt,scrape_output\clean\宋朝\容齋隨筆\容齋隨筆__juan_06.txt,5273,5225,0
宋朝,56741,容齋隨筆,容齋隨筆/卷七,容齋隨筆,7,scrape_output\raw\宋朝\容齋隨筆\容齋隨筆__juan_07.txt,scrape_output\clean\宋朝\容齋隨筆\容齋隨筆__juan_07.txt,6103,6057,0
宋朝,56741,容齋隨筆,容齋隨筆/卷八,容齋隨筆,8,scrape_output\raw\宋朝\容齋隨筆\容齋隨筆__juan_08.txt,scrape_output\clean\宋朝\容齋隨筆\容齋隨筆__juan_08.txt,5448,5402,0
宋朝,56741,容齋隨筆,容齋隨筆/卷九,容齋隨筆,9,scrape_output\raw\宋朝\容齋隨筆\容齋隨筆__juan_09.txt,scrape_output\clean\宋朝\容齋隨筆\容齋隨筆__juan_09.txt,5719,5675,0
宋朝,56741,容齋隨筆,容齋隨筆/卷十,容齋隨筆,10,scrape_output\raw\宋朝\容齋隨筆\容齋隨筆__juan_10.txt,scrape_output\clean\宋朝\容齋隨筆\容齋隨筆__juan_10.txt,5169,5123,0
宋朝,56741,容齋隨筆,容齋隨筆/卷十一,容齋隨筆,11,scrape_output\raw\宋朝\容齋隨筆\容齋隨筆__juan_11.txt,scrape_output\clean\宋朝\容齋隨筆\容齋隨筆__juan_11.txt,5268,5223,0
宋朝,56741,容齋隨筆,容齋隨筆/卷十二,容齋隨筆,12,scrape_output\raw\宋朝\容齋隨筆\容齋隨筆__juan_12.txt,scrape_output\clean\宋朝\容齋隨筆\容齋隨筆__juan_12.txt,6058,6007,0
宋朝,56741,容齋隨筆,容齋隨筆/卷十三,容齋隨筆,13,scrape_output\raw\宋朝\容齋隨筆\容齋隨筆__juan_13.txt,scrape_output\clean\宋朝\容齋隨筆\容齋隨筆__juan_13.txt,5813,5769,0
宋朝,56741,容齋隨筆,容齋隨筆/卷十四,容齋隨筆,14,scrape_output\raw\宋朝\容齋隨筆\容齋隨筆__juan_14.txt,scrape_output\clean\宋朝\容齋隨筆\容齋隨筆__juan_14.txt,5698,5652,0
宋朝,56741,容齋隨筆,容齋隨筆/卷十五,容齋隨筆,15,scrape_output\raw\宋朝\容齋隨筆\容齋隨筆__juan_15.txt,scrape_output\clean\宋朝\容齋隨筆\容齋隨筆__juan_15.txt,5709,5662,0
宋朝,56741,容齋隨筆,容齋隨筆/卷十六,容齋隨筆,16,scrape_output\raw\宋朝\容齋隨筆\容齋隨筆__juan_16.txt,scrape_output\clean\宋朝\容齋隨筆\容齋隨筆__juan_16.txt,5391,5343,0
宋朝,37317,宿峻極中院,宿峻極中院,宿峻極中院,1,scrape_output\raw\宋朝\宿峻極中院\宿峻極中院__juan_01.txt,scrape_output\clean\宋朝\宿峻極中院\宿峻極中院__juan_01.txt,248,197,0
宋朝,29793,宿崇聖,宿崇聖,宿崇聖,1,scrape_output\raw\宋朝\宿崇聖\宿崇聖__juan_01.txt,scrape_output\clean\宋朝\宿崇聖\宿崇聖__juan_01.txt,149,103,0
宋朝,179212,宿度息,宿度息,宿度息,1,scrape_output\raw\宋朝\宿度息\宿度息__juan_01.txt,scrape_output\clean\宋朝\宿度息\宿度息__juan_01.txt,147,103,0
宋朝,179242,宿徐元達小樓,宿徐元達小樓,宿徐元達小樓,1,scrape_output\raw\宋朝\宿徐元達小樓\宿徐元達小樓__juan_01.txt,scrape_output\clean\宋朝\宿徐元達小樓\宿徐元達小樓__juan_01.txt,133,89,0
宋朝,29658,宿新市徐公店二首,宿新市徐公店二首,宿新市徐公店二首,1,scrape_output\raw\宋朝\宿新市徐公店二首\宿新市徐公店二首__juan_01.txt,scrape_output\clean\宋朝\宿新市徐公店二首\宿新市徐公店二首__juan_01.txt,170,78,0
宋朝,35670,宿義林院,宿義林院,宿義林院,1,scrape_output\raw\宋朝\宿義林院\宿義林院__juan_01.txt,scrape_output\clean\宋朝\宿義林院\宿義林院__juan_01.txt,136,89,0
宋朝,179184,宿長林,宿長林,宿長林,1,scrape_output\raw\宋朝\宿長林\宿長林__juan_01.txt,scrape_output\clean\宋朝\宿長林\宿長林__juan_01.txt,105,61,0
宋朝,1049372,寂調音所問經,寂調音所問經,寂調音所問經,1,scrape_output\raw\宋朝\寂調音所問經\寂調音所問經__juan_01.txt,scrape_output\clean\宋朝\寂調音所問經\寂調音所問經__juan_01.txt,10314,10220,0
宋朝,178865,寄別何運判德獻移閩憲,寄別何運判德獻移閩憲,寄別何運判德獻移閩憲,1,scrape_output\raw\宋朝\寄別何運判德獻移閩憲\寄別何運判德獻移閩憲__juan_01.txt,scrape_output\clean\宋朝\寄別何運判德獻移閩憲\寄別何運判德獻移閩憲__juan_01.txt,195,151,0
宋朝,178867,寄別何運判德獻移閩憲 (再歲三移節),寄別何運判德獻移閩憲 (再歲三移節),寄別何運判德獻移閩憲 (再歲三移節),1,scrape_output\raw\宋朝\寄別何運判德獻移閩憲 (再歲三移節)\寄別何運判德獻移閩憲 (再歲三移節)__juan_01.txt,scrape_output\clean\宋朝\寄別何運判德獻移閩憲 (再歲三移節)\寄別何運判德獻移閩憲 (再歲三移節)__juan_01.txt,133,89,0
宋朝,178866,寄別何運判德獻移閩憲 (薄技工奚取),寄別何運判德獻移閩憲 (薄技工奚取),寄別何運判德獻移閩憲 (薄技工奚取),1,scrape_output\raw\宋朝\寄別何運判德獻移閩憲 (薄技工奚取)\寄別何運判德獻移閩憲 (薄技工奚取)__juan_01.txt,scrape_output\clean\宋朝\寄別何運判德獻移閩憲 (薄技工奚取)\寄別何運判德獻移閩憲 (薄技工奚取)__juan_01.txt,133,89,0
宋朝,796180,寄別說道,寄別說道,寄別說道,1,scrape_output\raw\宋朝\寄別說道\寄別說道__juan_01.txt,scrape_output\clean\宋朝\寄別說道\寄別說道__juan_01.txt,149,105,0
宋朝,178875,寄周子察院二首,寄周子察院二首,寄周子察院二首,1,scrape_output\raw\宋朝\寄周子察院二首\寄周子察院二首__juan_01.txt,scrape_output\clean\宋朝\寄周子察院二首\寄周子察院二首__juan_01.txt,195,151,0
宋朝,178902,寄周子察院二首 (嚮者豺當路),寄周子察院二首 (嚮者豺當路),寄周子察院二首 (嚮者豺當路),1,scrape_output\raw\宋朝\寄周子察院二首 (嚮者豺當路)\寄周子察院二首 (嚮者豺當路)__juan_01.txt,scrape_output\clean\宋朝\寄周子察院二首 (嚮者豺當路)\寄周子察院二首 (嚮者豺當路)__juan_01.txt,133,89,0
宋朝,178903,寄周子察院二首 (跡遠公猶記),寄周子察院二首 (跡遠公猶記),寄周子察院二首 (跡遠公猶記),1,scrape_output\raw\宋朝\寄周子察院二首 (跡遠公猶記)\寄周子察院二首 (跡遠公猶記)__juan_01.txt,scrape_output\clean\宋朝\寄周子察院二首 (跡遠公猶記)\寄周子察院二首 (跡遠公猶記)__juan_01.txt,133,89,0
宋朝,200451,寄弟袞,寄弟袞,寄弟袞,1,scrape_output\raw\宋朝\寄弟袞\寄弟袞__juan_01.txt,scrape_output\clean\宋朝\寄弟袞\寄弟袞__juan_01.txt,1068,450,0
宋朝,796178,寄張仲謀次韵,寄張仲謀次韵,寄張仲謀次韵,1,scrape_output\raw\宋朝\寄張仲謀次韵\寄張仲謀次韵__juan_01.txt,scrape_output\clean\宋朝\寄張仲謀次韵\寄張仲謀次韵__juan_01.txt,156,109,0
宋朝,194294,寄歐静秀才,寄歐静秀才,寄歐静秀才,1,scrape_output\raw\宋朝\寄歐静秀才\寄歐静秀才__juan_01.txt,scrape_output\clean\宋朝\寄歐静秀才\寄歐静秀才__juan_01.txt,118,26,0
宋朝,194265,寄秦州幕明化基寺丞,寄秦州幕明化基寺丞,寄秦州幕明化基寺丞,1,scrape_output\raw\宋朝\寄秦州幕明化基寺丞\寄秦州幕明化基寺丞__juan_01.txt,scrape_output\clean\宋朝\寄秦州幕明化基寺丞\寄秦州幕明化基寺丞__juan_01.txt,188,96,0
宋朝,29854,寄謝三城太守韓子華舍人,寄謝三城太守韓子華舍人,寄謝三城太守韓子華舍人,1,scrape_output\raw\宋朝\寄謝三城太守韓子華舍人\寄謝三城太守韓子華舍人__juan_01.txt,scrape_output\clean\宋朝\寄謝三城太守韓子華舍人\寄謝三城太守韓子華舍人__juan_01.txt,777,733,0
宋朝,194297,寄贈林逋處士,寄贈林逋處士,寄贈林逋處士,1,scrape_output\raw\宋朝\寄贈林逋處士\寄贈林逋處士__juan_01.txt,scrape_output\clean\宋朝\寄贈林逋處士\寄贈林逋處士__juan_01.txt,286,194,0
宋朝,31640,寄送謝師厚餘姚宰,寄送謝師厚餘姚宰,寄送謝師厚餘姚宰,1,scrape_output\raw\宋朝\寄送謝師厚餘姚宰\寄送謝師厚餘姚宰__juan_01.txt,scrape_output\clean\宋朝\寄送謝師厚餘姚宰\寄送謝師厚餘姚宰__juan_01.txt,217,173,0
宋朝,200447,寄遠（宋,寄遠（宋·陳襄）,寄遠（宋,1,scrape_output\raw\宋朝\寄遠（宋\寄遠（宋__juan_01.txt,scrape_output\clean\宋朝\寄遠（宋\寄遠（宋__juan_01.txt,685,70,0
宋朝,149532,寒夜 (杜耒),寒夜 (杜耒),寒夜 (杜耒),1,scrape_output\raw\宋朝\寒夜 (杜耒)\寒夜 (杜耒)__juan_01.txt,scrape_output\clean\宋朝\寒夜 (杜耒)\寒夜 (杜耒)__juan_01.txt,117,73,0
宋朝,59216,寒雀,寒雀,寒雀,1,scrape_output\raw\宋朝\寒雀\寒雀__juan_01.txt,scrape_output\clean\宋朝\寒雀\寒雀__juan_01.txt,126,34,0
宋朝,24910,寒食 (今年寒食在商山),寒食 (今年寒食在商山),寒食 (今年寒食在商山),1,scrape_output\raw\宋朝\寒食 (今年寒食在商山)\寒食 (今年寒食在商山)__juan_01.txt,scrape_output\clean\宋朝\寒食 (今年寒食在商山)\寒食 (今年寒食在商山)__juan_01.txt,151,105,0
宋朝,761981,察病指南,察病指南,察病指南,1,scrape_output\raw\宋朝\察病指南\察病指南__juan_01.txt,scrape_output\clean\宋朝\察病指南\察病指南__juan_01.txt,19366,19364,0
宋朝,114248,射經,射經,射經,1,scrape_output\raw\宋朝\射經\射經__juan_01.txt,scrape_output\clean\宋朝\射經\射經__juan_01.txt,2962,2915,0
宋朝,194292,射陽湖,射陽湖,射陽湖,1,scrape_output\raw\宋朝\射陽湖\射陽湖__juan_01.txt,scrape_output\clean\宋朝\射陽湖\射陽湖__juan_01.txt,118,26,0
宋朝,136825,對酒 (蘇舜欽),對酒 (蘇舜欽),對酒 (蘇舜欽),1,scrape_output\raw\宋朝\對酒 (蘇舜欽)\對酒 (蘇舜欽)__juan_01.txt,scrape_output\clean\宋朝\對酒 (蘇舜欽)\對酒 (蘇舜欽)__juan_01.txt,209,159,0
宋朝,32650,對酒戲詠,對酒戲詠,對酒戲詠,1,scrape_output\raw\宋朝\對酒戲詠\對酒戲詠__juan_01.txt,scrape_output\clean\宋朝\對酒戲詠\對酒戲詠__juan_01.txt,113,69,0
宋朝,200413,對酒歌（宋 陳襄）,對酒歌（宋 陳襄）,對酒歌（宋 陳襄）,1,scrape_output\raw\宋朝\對酒歌（宋 陳襄）\對酒歌（宋 陳襄）__juan_01.txt,scrape_output\clean\宋朝\對酒歌（宋 陳襄）\對酒歌（宋 陳襄）__juan_01.txt,751,133,0
宋朝,352289,小兒痘疹方論,小兒痘疹方論,小兒痘疹方論,1,scrape_output\raw\宋朝\小兒痘疹方論\小兒痘疹方論__juan_01.txt,scrape_output\clean\宋朝\小兒痘疹方論\小兒痘疹方論__juan_01.txt,20704,20633,0
宋朝,352272,小兒藥證直訣,小兒藥證直訣,小兒藥證直訣,1,scrape_output\raw\宋朝\小兒藥證直訣\小兒藥證直訣__juan_01.txt,scrape_output\clean\宋朝\小兒藥證直訣\小兒藥證直訣__juan_01.txt,33471,33236,0
宋朝,352290,小兒衛生總微論方,小兒衛生總微論方,小兒衛生總微論方,1,scrape_output\raw\宋朝\小兒衛生總微論方\小兒衛生總微論方__juan_01.txt,scrape_output\clean\宋朝\小兒衛生總微論方\小兒衛生總微論方__juan_01.txt,203579,203511,0
宋朝,29655,小池,小池,小池,1,scrape_output\raw\宋朝\小池\小池__juan_01.txt,scrape_output\clean\宋朝\小池\小池__juan_01.txt,126,34,0
宋朝,7328,小重山 (岳飛),小重山 (岳飛),小重山 (岳飛),1,scrape_output\raw\宋朝\小重山 (岳飛)\小重山 (岳飛)__juan_01.txt,scrape_output\clean\宋朝\小重山 (岳飛)\小重山 (岳飛)__juan_01.txt,186,139,0
宋朝,91700,小重山 (李清照),小重山 (李清照),小重山 (李清照),1,scrape_output\raw\宋朝\小重山 (李清照)\小重山 (李清照)__juan_01.txt,scrape_output\clean\宋朝\小重山 (李清照)\小重山 (李清照)__juan_01.txt,185,91,0
宋朝,1110355,尼乾子問無我義經,尼乾子問無我義經,尼乾子問無我義經,1,scrape_output\raw\宋朝\尼乾子問無我義經\尼乾子問無我義經__juan_01.txt,scrape_output\clean\宋朝\尼乾子問無我義經\尼乾子問無我義經__juan_01.txt,1498,1406,0
宋朝,195285,尼拘陀梵志經,尼拘陀梵志經/卷第 01,尼拘陀梵志經,1,scrape_output\raw\宋朝\尼拘陀梵志經\尼拘陀梵志經__juan_01.txt,scrape_output\clean\宋朝\尼拘陀梵志經\尼拘陀梵志經__juan_01.txt,3975,3975,0
宋朝,195285,尼拘陀梵志經,尼拘陀梵志經/卷第 02,尼拘陀梵志經,2,scrape_output\raw\宋朝\尼拘陀梵志經\尼拘陀梵志經__juan_02.txt,scrape_output\clean\宋朝\尼拘陀梵志經\尼拘陀梵志經__juan_02.txt,3338,3338,0
宋朝,37351,山口,山口,山口,1,scrape_output\raw\宋朝\山口\山口__juan_01.txt,scrape_output\clean\宋朝\山口\山口__juan_01.txt,136,89,0
宋朝,24917,山園小梅 (林逋),山園小梅 (林逋),山園小梅 (林逋),1,scrape_output\raw\宋朝\山園小梅 (林逋)\山園小梅 (林逋)__juan_01.txt,scrape_output\clean\宋朝\山園小梅 (林逋)\山園小梅 (林逋)__juan_01.txt,232,185,0
宋朝,56888,山水純全集,山水純全集,山水純全集,1,scrape_output\raw\宋朝\山水純全集\山水純全集__juan_01.txt,scrape_output\clean\宋朝\山水純全集\山水純全集__juan_01.txt,9083,9036,0
宋朝,114245,崇正辯,崇正辯/01,崇正辯,1,scrape_output\raw\宋朝\崇正辯\崇正辯__juan_01.txt,scrape_output\clean\宋朝\崇正辯\崇正辯__juan_01.txt,28485,28479,0
宋朝,114245,崇正辯,崇正辯/02,崇正辯,2,scrape_output\raw\宋朝\崇正辯\崇正辯__juan_02.txt,scrape_output\clean\宋朝\崇正辯\崇正辯__juan_02.txt,35180,35170,0
宋朝,114245,崇正辯,崇正辯/03,崇正辯,3,scrape_output\raw\宋朝\崇正辯\崇正辯__juan_03.txt,scrape_output\clean\宋朝\崇正辯\崇正辯__juan_03.txt,35581,35575,0
宋朝,50830,嶺雲,嶺雲,嶺雲,1,scrape_output\raw\宋朝\嶺雲\嶺雲__juan_01.txt,scrape_output\clean\宋朝\嶺雲\嶺雲__juan_01.txt,119,75,0
宋朝,37357,巨野,巨野,巨野,1,scrape_output\raw\宋朝\巨野\巨野__juan_01.txt,scrape_output\clean\宋朝\巨野\巨野__juan_01.txt,136,89,0
宋朝,762467,巫山賦,巫山賦,巫山賦,1,scrape_output\raw\宋朝\巫山賦\巫山賦__juan_01.txt,scrape_output\clean\宋朝\巫山賦\巫山賦__juan_01.txt,484,440,0
宋朝,136828,己卯冬大寒有感,己卯冬大寒有感,己卯冬大寒有感,1,scrape_output\raw\宋朝\己卯冬大寒有感\己卯冬大寒有感__juan_01.txt,scrape_output\clean\宋朝\己卯冬大寒有感\己卯冬大寒有感__juan_01.txt,375,313,0
宋朝,889419,平泉草木記跋,平泉草木記跋,平泉草木記跋,1,scrape_output\raw\宋朝\平泉草木記跋\平泉草木記跋__juan_01.txt,scrape_output\clean\宋朝\平泉草木記跋\平泉草木記跋__juan_01.txt,521,477,0
宋朝,352293,幼幼新書,幼幼新書/1,幼幼新書,1,scrape_output\raw\宋朝\幼幼新書\幼幼新書__juan_01.txt,scrape_output\clean\宋朝\幼幼新書\幼幼新書__juan_01.txt,11732,11709,0
宋朝,352293,幼幼新書,幼幼新書/10,幼幼新書,2,scrape_output\raw\宋朝\幼幼新書\幼幼新書__juan_02.txt,scrape_output\clean\宋朝\幼幼新書\幼幼新書__juan_02.txt,29449,29379,0
宋朝,352293,幼幼新書,幼幼新書/11,幼幼新書,3,scrape_output\raw\宋朝\幼幼新書\幼幼新書__juan_03.txt,scrape_output\clean\宋朝\幼幼新書\幼幼新書__juan_03.txt,26539,26429,0
宋朝,352293,幼幼新書,幼幼新書/12,幼幼新書,4,scrape_output\raw\宋朝\幼幼新書\幼幼新書__juan_04.txt,scrape_output\clean\宋朝\幼幼新書\幼幼新書__juan_04.txt,25001,24960,0
宋朝,352293,幼幼新書,幼幼新書/13,幼幼新書,5,scrape_output\raw\宋朝\幼幼新書\幼幼新書__juan_05.txt,scrape_output\clean\宋朝\幼幼新書\幼幼新書__juan_05.txt,25080,25008,0
宋朝,352293,幼幼新書,幼幼新書/14,幼幼新書,6,scrape_output\raw\宋朝\幼幼新書\幼幼新書__juan_06.txt,scrape_output\clean\宋朝\幼幼新書\幼幼新書__juan_06.txt,34697,34577,0
宋朝,352293,幼幼新書,幼幼新書/15,幼幼新書,7,scrape_output\raw\宋朝\幼幼新書\幼幼新書__juan_07.txt,scrape_output\clean\宋朝\幼幼新書\幼幼新書__juan_07.txt,38529,38409,0
宋朝,352293,幼幼新書,幼幼新書/16,幼幼新書,8,scrape_output\raw\宋朝\幼幼新書\幼幼新書__juan_08.txt,scrape_output\clean\宋朝\幼幼新書\幼幼新書__juan_08.txt,27265,27191,0
宋朝,352293,幼幼新書,幼幼新書/17,幼幼新書,9,scrape_output\raw\宋朝\幼幼新書\幼幼新書__juan_09.txt,scrape_output\clean\宋朝\幼幼新書\幼幼新書__juan_09.txt,22050,21988,0
宋朝,352293,幼幼新書,幼幼新書/18,幼幼新書,10,scrape_output\raw\宋朝\幼幼新書\幼幼新書__juan_10.txt,scrape_output\clean\宋朝\幼幼新書\幼幼新書__juan_10.txt,30873,30767,0
宋朝,352293,幼幼新書,幼幼新書/19,幼幼新書,11,scrape_output\raw\宋朝\幼幼新書\幼幼新書__juan_11.txt,scrape_output\clean\宋朝\幼幼新書\幼幼新書__juan_11.txt,26613,26557,0
宋朝,352293,幼幼新書,幼幼新書/2,幼幼新書,12,scrape_output\raw\宋朝\幼幼新書\幼幼新書__juan_12.txt,scrape_output\clean\宋朝\幼幼新書\幼幼新書__juan_12.txt,15100,14983,0
宋朝,352293,幼幼新書,幼幼新書/20,幼幼新書,13,scrape_output\raw\宋朝\幼幼新書\幼幼新書__juan_13.txt,scrape_output\clean\宋朝\幼幼新書\幼幼新書__juan_13.txt,20404,20336,0
宋朝,352293,幼幼新書,幼幼新書/21,幼幼新書,14,scrape_output\raw\宋朝\幼幼新書\幼幼新書__juan_14.txt,scrape_output\clean\宋朝\幼幼新書\幼幼新書__juan_14.txt,25065,24989,0
宋朝,352293,幼幼新書,幼幼新書/22,幼幼新書,15,scrape_output\raw\宋朝\幼幼新書\幼幼新書__juan_15.txt,scrape_output\clean\宋朝\幼幼新書\幼幼新書__juan_15.txt,39901,39798,0
宋朝,352293,幼幼新書,幼幼新書/23,幼幼新書,16,scrape_output\raw\宋朝\幼幼新書\幼幼新書__juan_16.txt,scrape_output\clean\宋朝\幼幼新書\幼幼新書__juan_16.txt,27091,27048,0
宋朝,352293,幼幼新書,幼幼新書/24,幼幼新書,17,scrape_output\raw\宋朝\幼幼新書\幼幼新書__juan_17.txt,scrape_output\clean\宋朝\幼幼新書\幼幼新書__juan_17.txt,35379,35268,0
宋朝,352293,幼幼新書,幼幼新書/25,幼幼新書,18,scrape_output\raw\宋朝\幼幼新書\幼幼新書__juan_18.txt,scrape_output\clean\宋朝\幼幼新書\幼幼新書__juan_18.txt,25838,25806,0
宋朝,352293,幼幼新書,幼幼新書/26,幼幼新書,19,scrape_output\raw\宋朝\幼幼新書\幼幼新書__juan_19.txt,scrape_output\clean\宋朝\幼幼新書\幼幼新書__juan_19.txt,16880,16830,0
宋朝,352293,幼幼新書,幼幼新書/27,幼幼新書,20,scrape_output\raw\宋朝\幼幼新書\幼幼新書__juan_20.txt,scrape_output\clean\宋朝\幼幼新書\幼幼新書__juan_20.txt,33229,33148,0
宋朝,352293,幼幼新書,幼幼新書/28,幼幼新書,21,scrape_output\raw\宋朝\幼幼新書\幼幼新書__juan_21.txt,scrape_output\clean\宋朝\幼幼新書\幼幼新書__juan_21.txt,29325,29264,0
宋朝,352293,幼幼新書,幼幼新書/29,幼幼新書,22,scrape_output\raw\宋朝\幼幼新書\幼幼新書__juan_22.txt,scrape_output\clean\宋朝\幼幼新書\幼幼新書__juan_22.txt,32652,32554,0
宋朝,352293,幼幼新書,幼幼新書/3,幼幼新書,23,scrape_output\raw\宋朝\幼幼新書\幼幼新書__juan_23.txt,scrape_output\clean\宋朝\幼幼新書\幼幼新書__juan_23.txt,25118,24889,0
宋朝,352293,幼幼新書,幼幼新書/30,幼幼新書,24,scrape_output\raw\宋朝\幼幼新書\幼幼新書__juan_24.txt,scrape_output\clean\宋朝\幼幼新書\幼幼新書__juan_24.txt,23799,23740,0
宋朝,352293,幼幼新書,幼幼新書/31,幼幼新書,25,scrape_output\raw\宋朝\幼幼新書\幼幼新書__juan_25.txt,scrape_output\clean\宋朝\幼幼新書\幼幼新書__juan_25.txt,19970,19891,0
宋朝,352293,幼幼新書,幼幼新書/32,幼幼新書,26,scrape_output\raw\宋朝\幼幼新書\幼幼新書__juan_26.txt,scrape_output\clean\宋朝\幼幼新書\幼幼新書__juan_26.txt,12585,12545,0
宋朝,352293,幼幼新書,幼幼新書/33,幼幼新書,27,scrape_output\raw\宋朝\幼幼新書\幼幼新書__juan_27.txt,scrape_output\clean\宋朝\幼幼新書\幼幼新書__juan_27.txt,31899,31837,0
宋朝,352293,幼幼新書,幼幼新書/34,幼幼新書,28,scrape_output\raw\宋朝\幼幼新書\幼幼新書__juan_28.txt,scrape_output\clean\宋朝\幼幼新書\幼幼新書__juan_28.txt,17445,17401,0
宋朝,352293,幼幼新書,幼幼新書/35,幼幼新書,29,scrape_output\raw\宋朝\幼幼新書\幼幼新書__juan_29.txt,scrape_output\clean\宋朝\幼幼新書\幼幼新書__juan_29.txt,16725,16641,0
宋朝,352293,幼幼新書,幼幼新書/36,幼幼新書,30,scrape_output\raw\宋朝\幼幼新書\幼幼新書__juan_30.txt,scrape_output\clean\宋朝\幼幼新書\幼幼新書__juan_30.txt,20806,20768,0
宋朝,352293,幼幼新書,幼幼新書/37,幼幼新書,31,scrape_output\raw\宋朝\幼幼新書\幼幼新書__juan_31.txt,scrape_output\clean\宋朝\幼幼新書\幼幼新書__juan_31.txt,19043,19000,0
宋朝,352293,幼幼新書,幼幼新書/38,幼幼新書,32,scrape_output\raw\宋朝\幼幼新書\幼幼新書__juan_32.txt,scrape_output\clean\宋朝\幼幼新書\幼幼新書__juan_32.txt,17192,17162,0
宋朝,352293,幼幼新書,幼幼新書/39,幼幼新書,33,scrape_output\raw\宋朝\幼幼新書\幼幼新書__juan_33.txt,scrape_output\clean\宋朝\幼幼新書\幼幼新書__juan_33.txt,21854,21757,0
宋朝,352293,幼幼新書,幼幼新書/4,幼幼新書,34,scrape_output\raw\宋朝\幼幼新書\幼幼新書__juan_34.txt,scrape_output\clean\宋朝\幼幼新書\幼幼新書__juan_34.txt,14705,14589,0
宋朝,352293,幼幼新書,幼幼新書/40,幼幼新書,35,scrape_output\raw\宋朝\幼幼新書\幼幼新書__juan_35.txt,scrape_output\clean\宋朝\幼幼新書\幼幼新書__juan_35.txt,5509,5426,0
宋朝,352293,幼幼新書,幼幼新書/5,幼幼新書,36,scrape_output\raw\宋朝\幼幼新書\幼幼新書__juan_36.txt,scrape_output\clean\宋朝\幼幼新書\幼幼新書__juan_36.txt,14722,14627,0
宋朝,352293,幼幼新書,幼幼新書/6,幼幼新書,37,scrape_output\raw\宋朝\幼幼新書\幼幼新書__juan_37.txt,scrape_output\clean\宋朝\幼幼新書\幼幼新書__juan_37.txt,13631,13552,0
宋朝,352293,幼幼新書,幼幼新書/7,幼幼新書,38,scrape_output\raw\宋朝\幼幼新書\幼幼新書__juan_38.txt,scrape_output\clean\宋朝\幼幼新書\幼幼新書__juan_38.txt,23876,23773,0
宋朝,352293,幼幼新書,幼幼新書/8,幼幼新書,39,scrape_output\raw\宋朝\幼幼新書\幼幼新書__juan_39.txt,scrape_output\clean\宋朝\幼幼新書\幼幼新書__juan_39.txt,36210,36140,0
宋朝,352293,幼幼新書,幼幼新書/9,幼幼新書,40,scrape_output\raw\宋朝\幼幼新書\幼幼新書__juan_40.txt,scrape_output\clean\宋朝\幼幼新書\幼幼新書__juan_40.txt,43858,43755,0
宋朝,200443,幽菊燕貢士二首,幽菊燕貢士二首,幽菊燕貢士二首,1,scrape_output\raw\宋朝\幽菊燕貢士二首\幽菊燕貢士二首__juan_01.txt,scrape_output\clean\宋朝\幽菊燕貢士二首\幽菊燕貢士二首__juan_01.txt,714,96,0
宋朝,180750,庚溪詩話,庚溪詩話,庚溪詩話,1,scrape_output\raw\宋朝\庚溪詩話\庚溪詩話__juan_01.txt,scrape_output\clean\宋朝\庚溪詩話\庚溪詩話__juan_01.txt,16829,16827,0
宋朝,875543,廣大發願頌,廣大發願頌,廣大發願頌,1,scrape_output\raw\宋朝\廣大發願頌\廣大發願頌__juan_01.txt,scrape_output\clean\宋朝\廣大發願頌\廣大發願頌__juan_01.txt,863,771,0
宋朝,108168,廣清涼傳,廣清涼傳,廣清涼傳,1,scrape_output\raw\宋朝\廣清涼傳\廣清涼傳__juan_01.txt,scrape_output\clean\宋朝\廣清涼傳\廣清涼傳__juan_01.txt,43448,43194,0
宋朝,1210459,廣釋菩提心論,廣釋菩提心論/卷001,廣釋菩提心論,1,scrape_output\raw\宋朝\廣釋菩提心論\廣釋菩提心論__juan_01.txt,scrape_output\clean\宋朝\廣釋菩提心論\廣釋菩提心論__juan_01.txt,0,0,1
宋朝,1210459,廣釋菩提心論,廣釋菩提心論/卷002,廣釋菩提心論,2,scrape_output\raw\宋朝\廣釋菩提心論\廣釋菩提心論__juan_02.txt,scrape_output\clean\宋朝\廣釋菩提心論\廣釋菩提心論__juan_02.txt,0,0,1
宋朝,1210459,廣釋菩提心論,廣釋菩提心論/卷003,廣釋菩提心論,3,scrape_output\raw\宋朝\廣釋菩提心論\廣釋菩提心論__juan_03.txt,scrape_output\clean\宋朝\廣釋菩提心論\廣釋菩提心論__juan_03.txt,0,0,1
宋朝,1210459,廣釋菩提心論,廣釋菩提心論/卷004,廣釋菩提心論,4,scrape_output\raw\宋朝\廣釋菩提心論\廣釋菩提心論__juan_04.txt,scrape_output\clean\宋朝\廣釋菩提心論\廣釋菩提心論__juan_04.txt,0,0,1
宋朝,114528,廬陵文鈔,廬陵文鈔/02,廬陵文鈔,1,scrape_output\raw\宋朝\廬陵文鈔\廬陵文鈔__juan_01.txt,scrape_output\clean\宋朝\廬陵文鈔\廬陵文鈔__juan_01.txt,8904,8858,0
宋朝,114528,廬陵文鈔,廬陵文鈔/05,廬陵文鈔,2,scrape_output\raw\宋朝\廬陵文鈔\廬陵文鈔__juan_02.txt,scrape_output\clean\宋朝\廬陵文鈔\廬陵文鈔__juan_02.txt,7790,7745,0
宋朝,114528,廬陵文鈔,廬陵文鈔/07,廬陵文鈔,3,scrape_output\raw\宋朝\廬陵文鈔\廬陵文鈔__juan_03.txt,scrape_output\clean\宋朝\廬陵文鈔\廬陵文鈔__juan_03.txt,6094,6047,0
宋朝,114528,廬陵文鈔,廬陵文鈔/08,廬陵文鈔,4,scrape_output\raw\宋朝\廬陵文鈔\廬陵文鈔__juan_04.txt,scrape_output\clean\宋朝\廬陵文鈔\廬陵文鈔__juan_04.txt,6358,6313,0
宋朝,114528,廬陵文鈔,廬陵文鈔/09,廬陵文鈔,5,scrape_output\raw\宋朝\廬陵文鈔\廬陵文鈔__juan_05.txt,scrape_output\clean\宋朝\廬陵文鈔\廬陵文鈔__juan_05.txt,9453,9408,0
宋朝,114528,廬陵文鈔,廬陵文鈔/10,廬陵文鈔,6,scrape_output\raw\宋朝\廬陵文鈔\廬陵文鈔__juan_06.txt,scrape_output\clean\宋朝\廬陵文鈔\廬陵文鈔__juan_06.txt,8559,8513,0
宋朝,114528,廬陵文鈔,廬陵文鈔/11,廬陵文鈔,7,scrape_output\raw\宋朝\廬陵文鈔\廬陵文鈔__juan_07.txt,scrape_output\clean\宋朝\廬陵文鈔\廬陵文鈔__juan_07.txt,8741,8695,0
宋朝,114528,廬陵文鈔,廬陵文鈔/12,廬陵文鈔,8,scrape_output\raw\宋朝\廬陵文鈔\廬陵文鈔__juan_08.txt,scrape_output\clean\宋朝\廬陵文鈔\廬陵文鈔__juan_08.txt,5673,5628,0
宋朝,114528,廬陵文鈔,廬陵文鈔/13,廬陵文鈔,9,scrape_output\raw\宋朝\廬陵文鈔\廬陵文鈔__juan_09.txt,scrape_output\clean\宋朝\廬陵文鈔\廬陵文鈔__juan_09.txt,6800,6755,0
宋朝,114528,廬陵文鈔,廬陵文鈔/14,廬陵文鈔,10,scrape_output\raw\宋朝\廬陵文鈔\廬陵文鈔__juan_10.txt,scrape_output\clean\宋朝\廬陵文鈔\廬陵文鈔__juan_10.txt,5791,5746,0
宋朝,114528,廬陵文鈔,廬陵文鈔/15,廬陵文鈔,11,scrape_output\raw\宋朝\廬陵文鈔\廬陵文鈔__juan_11.txt,scrape_output\clean\宋朝\廬陵文鈔\廬陵文鈔__juan_11.txt,6220,6166,0
宋朝,114528,廬陵文鈔,廬陵文鈔/16,廬陵文鈔,12,scrape_output\raw\宋朝\廬陵文鈔\廬陵文鈔__juan_12.txt,scrape_output\clean\宋朝\廬陵文鈔\廬陵文鈔__juan_12.txt,6781,6725,0
宋朝,114528,廬陵文鈔,廬陵文鈔/17,廬陵文鈔,13,scrape_output\raw\宋朝\廬陵文鈔\廬陵文鈔__juan_13.txt,scrape_output\clean\宋朝\廬陵文鈔\廬陵文鈔__juan_13.txt,6852,6806,0
宋朝,114528,廬陵文鈔,廬陵文鈔/18,廬陵文鈔,14,scrape_output\raw\宋朝\廬陵文鈔\廬陵文鈔__juan_14.txt,scrape_output\clean\宋朝\廬陵文鈔\廬陵文鈔__juan_14.txt,5485,5440,0
宋朝,114528,廬陵文鈔,廬陵文鈔/19,廬陵文鈔,15,scrape_output\raw\宋朝\廬陵文鈔\廬陵文鈔__juan_15.txt,scrape_output\clean\宋朝\廬陵文鈔\廬陵文鈔__juan_15.txt,8300,8254,0
宋朝,114528,廬陵文鈔,廬陵文鈔/21,廬陵文鈔,16,scrape_output\raw\宋朝\廬陵文鈔\廬陵文鈔__juan_16.txt,scrape_output\clean\宋朝\廬陵文鈔\廬陵文鈔__juan_16.txt,7485,7425,0
宋朝,114528,廬陵文鈔,廬陵文鈔/22,廬陵文鈔,17,scrape_output\raw\宋朝\廬陵文鈔\廬陵文鈔__juan_17.txt,scrape_output\clean\宋朝\廬陵文鈔\廬陵文鈔__juan_17.txt,10685,10637,0
宋朝,114528,廬陵文鈔,廬陵文鈔/23,廬陵文鈔,18,scrape_output\raw\宋朝\廬陵文鈔\廬陵文鈔__juan_18.txt,scrape_output\clean\宋朝\廬陵文鈔\廬陵文鈔__juan_18.txt,11543,11498,0
宋朝,114528,廬陵文鈔,廬陵文鈔/24,廬陵文鈔,19,scrape_output\raw\宋朝\廬陵文鈔\廬陵文鈔__juan_19.txt,scrape_output\clean\宋朝\廬陵文鈔\廬陵文鈔__juan_19.txt,9471,9426,0
宋朝,114528,廬陵文鈔,廬陵文鈔/25,廬陵文鈔,20,scrape_output\raw\宋朝\廬陵文鈔\廬陵文鈔__juan_20.txt,scrape_output\clean\宋朝\廬陵文鈔\廬陵文鈔__juan_20.txt,9073,9028,0
宋朝,114528,廬陵文鈔,廬陵文鈔/26,廬陵文鈔,21,scrape_output\raw\宋朝\廬陵文鈔\廬陵文鈔__juan_21.txt,scrape_output\clean\宋朝\廬陵文鈔\廬陵文鈔__juan_21.txt,7820,7775,0
宋朝,114528,廬陵文鈔,廬陵文鈔/27,廬陵文鈔,22,scrape_output\raw\宋朝\廬陵文鈔\廬陵文鈔__juan_22.txt,scrape_output\clean\宋朝\廬陵文鈔\廬陵文鈔__juan_22.txt,7206,7159,0
宋朝,114528,廬陵文鈔,廬陵文鈔/28,廬陵文鈔,23,scrape_output\raw\宋朝\廬陵文鈔\廬陵文鈔__juan_23.txt,scrape_output\clean\宋朝\廬陵文鈔\廬陵文鈔__juan_23.txt,8602,8557,0
宋朝,114528,廬陵文鈔,廬陵文鈔/30,廬陵文鈔,24,scrape_output\raw\宋朝\廬陵文鈔\廬陵文鈔__juan_24.txt,scrape_output\clean\宋朝\廬陵文鈔\廬陵文鈔__juan_24.txt,9919,9872,0
宋朝,114528,廬陵文鈔,廬陵文鈔/32,廬陵文鈔,25,scrape_output\raw\宋朝\廬陵文鈔\廬陵文鈔__juan_25.txt,scrape_output\clean\宋朝\廬陵文鈔\廬陵文鈔__juan_25.txt,7275,7230,0
宋朝,56555,延平答問,延平答問,延平答問,1,scrape_output\raw\宋朝\延平答問\延平答問__juan_01.txt,scrape_output\clean\宋朝\延平答問\延平答問__juan_01.txt,21309,21180,0
宋朝,108142,建炎以來朝野雜記,建炎以來朝野雜記/序,建炎以來朝野雜記,1,scrape_output\raw\宋朝\建炎以來朝野雜記\建炎以來朝野雜記__juan_01.txt,scrape_output\clean\宋朝\建炎以來朝野雜記\建炎以來朝野雜記__juan_01.txt,558,514,0
宋朝,179126,張仲良久約出郊以詩督之,張仲良久約出郊以詩督之,張仲良久約出郊以詩督之,1,scrape_output\raw\宋朝\張仲良久約出郊以詩督之\張仲良久約出郊以詩督之__juan_01.txt,scrape_output\clean\宋朝\張仲良久約出郊以詩督之\張仲良久約出郊以詩督之__juan_01.txt,155,111,0
宋朝,179128,張仲良久約出郊以詩督之 (只道今春不肯晴),張仲良久約出郊以詩督之 (只道今春不肯晴),張仲良久約出郊以詩督之 (只道今春不肯晴),1,scrape_output\raw\宋朝\張仲良久約出郊以詩督之 (只道今春不肯晴)\張仲良久約出郊以詩督之 (只道今春不肯晴)__juan_01.txt,scrape_output\clean\宋朝\張仲良久約出郊以詩督之 (只道今春不肯晴)\張仲良久約出郊以詩督之 (只道今春不肯晴)__juan_01.txt,113,69,0
宋朝,179127,張仲良久約出郊以詩督之 (百花亭下花如海),張仲良久約出郊以詩督之 (百花亭下花如海),張仲良久約出郊以詩督之 (百花亭下花如海),1,scrape_output\raw\宋朝\張仲良久約出郊以詩督之 (百花亭下花如海)\張仲良久約出郊以詩督之 (百花亭下花如海)__juan_01.txt,scrape_output\clean\宋朝\張仲良久約出郊以詩督之 (百花亭下花如海)\張仲良久約出郊以詩督之 (百花亭下花如海)__juan_01.txt,113,69,0
宋朝,114392,張載集,張載集,張載集,1,scrape_output\raw\宋朝\張載集\張載集__juan_01.txt,scrape_output\clean\宋朝\張載集\張載集__juan_01.txt,409,355,0
宋朝,55806,彥周詩話,彥周詩話,彥周詩話,1,scrape_output\raw\宋朝\彥周詩話\彥周詩話__juan_01.txt,scrape_output\clean\宋朝\彥周詩話\彥周詩話__juan_01.txt,13259,12721,0
宋朝,29496,彥行和梅詩甚工輒次元韵,彥行和梅詩甚工輒次元韵,彥行和梅詩甚工輒次元韵,1,scrape_output\raw\宋朝\彥行和梅詩甚工輒次元韵\彥行和梅詩甚工輒次元韵__juan_01.txt,scrape_output\clean\宋朝\彥行和梅詩甚工輒次元韵\彥行和梅詩甚工輒次元韵__juan_01.txt,239,195,0
宋朝,11331,待漏院記,待漏院記,待漏院記,1,scrape_output\raw\宋朝\待漏院記\待漏院記__juan_01.txt,scrape_output\clean\宋朝\待漏院記\待漏院記__juan_01.txt,737,693,0
宋朝,55803,後山詩話,後山詩話,後山詩話,1,scrape_output\raw\宋朝\後山詩話\後山詩話__juan_01.txt,scrape_output\clean\宋朝\後山詩話\後山詩話__juan_01.txt,6866,6768,0
宋朝,178947,得親老家問二首,得親老家問二首,得親老家問二首,1,scrape_output\raw\宋朝\得親老家問二首\得親老家問二首__juan_01.txt,scrape_output\clean\宋朝\得親老家問二首\得親老家問二首__juan_01.txt,210,163,0
宋朝,178949,得親老家問二首 (濟世吾無策),得親老家問二首 (濟世吾無策),得親老家問二首 (濟世吾無策),1,scrape_output\raw\宋朝\得親老家問二首 (濟世吾無策)\得親老家問二首 (濟世吾無策)__juan_01.txt,scrape_output\clean\宋朝\得親老家問二首 (濟世吾無策)\得親老家問二首 (濟世吾無策)__juan_01.txt,148,101,0
宋朝,178948,得親老家問二首 (節裡難爲客),得親老家問二首 (節裡難爲客),得親老家問二首 (節裡難爲客),1,scrape_output\raw\宋朝\得親老家問二首 (節裡難爲客)\得親老家問二首 (節裡難爲客)__juan_01.txt,scrape_output\clean\宋朝\得親老家問二首 (節裡難爲客)\得親老家問二首 (節裡難爲客)__juan_01.txt,133,89,0
宋朝,108122,從駕記,從駕記,從駕記,1,scrape_output\raw\宋朝\從駕記\從駕記__juan_01.txt,scrape_output\clean\宋朝\從駕記\從駕記__juan_01.txt,1164,1071,0
宋朝,32116,御書屯田三事跋,御書屯田三事跋,御書屯田三事跋,1,scrape_output\raw\宋朝\御書屯田三事跋\御書屯田三事跋__juan_01.txt,scrape_output\clean\宋朝\御書屯田三事跋\御書屯田三事跋__juan_01.txt,632,588,0
宋朝,101800,御製題絜齋毛詩經筵講義,御製題絜齋毛詩經筵講義,御製題絜齋毛詩經筵講義,1,scrape_output\raw\宋朝\御製題絜齋毛詩經筵講義\御製題絜齋毛詩經筵講義__juan_01.txt,scrape_output\clean\宋朝\御製題絜齋毛詩經筵講義\御製題絜齋毛詩經筵講義__juan_01.txt,23250,23243,0
宋朝,803102,復作耳鳴二首,復作耳鳴二首,復作耳鳴二首,1,scrape_output\raw\宋朝\復作耳鳴二首\復作耳鳴二首__juan_01.txt,scrape_output\clean\宋朝\復作耳鳴二首\復作耳鳴二首__juan_01.txt,152,152,0
宋朝,28150,復西京長水縣捷奏,復西京長水縣捷奏,復西京長水縣捷奏,1,scrape_output\raw\宋朝\復西京長水縣捷奏\復西京長水縣捷奏__juan_01.txt,scrape_output\clean\宋朝\復西京長水縣捷奏\復西京長水縣捷奏__juan_01.txt,343,299,0
宋朝,180807,復雅歌詞,復雅歌詞,復雅歌詞,1,scrape_output\raw\宋朝\復雅歌詞\復雅歌詞__juan_01.txt,scrape_output\clean\宋朝\復雅歌詞\復雅歌詞__juan_01.txt,1958,1944,0
宋朝,172332,微招 (梅),微招 (梅),微招 (梅),1,scrape_output\raw\宋朝\微招 (梅)\微招 (梅)__juan_01.txt,scrape_output\clean\宋朝\微招 (梅)\微招 (梅)__juan_01.txt,229,185,0
宋朝,56889,德隅齋畫品,德隅齋畫品,德隅齋畫品,1,scrape_output\raw\宋朝\德隅齋畫品\德隅齋畫品__juan_01.txt,scrape_output\clean\宋朝\德隅齋畫品\德隅齋畫品__juan_01.txt,4293,4077,0
宋朝,891462,心性罪福因緣集,心性罪福因緣集,心性罪福因緣集,1,scrape_output\raw\宋朝\心性罪福因緣集\心性罪福因緣集__juan_01.txt,scrape_output\clean\宋朝\心性罪福因緣集\心性罪福因緣集__juan_01.txt,34295,34225,0
宋朝,180027,念奴嬌 (朱淑真),念奴嬌 (朱淑真),念奴嬌 (朱淑真),1,scrape_output\raw\宋朝\念奴嬌 (朱淑真)\念奴嬌 (朱淑真)__juan_01.txt,scrape_output\clean\宋朝\念奴嬌 (朱淑真)\念奴嬌 (朱淑真)__juan_01.txt,349,257,0
宋朝,172330,念奴嬌 (李億),念奴嬌 (李億),念奴嬌 (李億),1,scrape_output\raw\宋朝\念奴嬌 (李億)\念奴嬌 (李億)__juan_01.txt,scrape_output\clean\宋朝\念奴嬌 (李億)\念奴嬌 (李億)__juan_01.txt,237,193,0
宋朝,112506,念奴嬌 (李清照),念奴嬌 (李清照),念奴嬌 (李清照),1,scrape_output\raw\宋朝\念奴嬌 (李清照)\念奴嬌 (李清照)__juan_01.txt,scrape_output\clean\宋朝\念奴嬌 (李清照)\念奴嬌 (李清照)__juan_01.txt,250,156,0
宋朝,49593,思古堂,思古堂,思古堂,1,scrape_output\raw\宋朝\思古堂\思古堂__juan_01.txt,scrape_output\clean\宋朝\思古堂\思古堂__juan_01.txt,113,69,0
宋朝,29791,思歸舊隠,思歸舊隠,思歸舊隠,1,scrape_output\raw\宋朝\思歸舊隠\思歸舊隠__juan_01.txt,scrape_output\clean\宋朝\思歸舊隠\思歸舊隠__juan_01.txt,142,96,0
宋朝,56861,思陵翰墨志,思陵翰墨志,思陵翰墨志,1,scrape_output\raw\宋朝\思陵翰墨志\思陵翰墨志__juan_01.txt,scrape_output\clean\宋朝\思陵翰墨志\思陵翰墨志__juan_01.txt,3411,3286,0
宋朝,91696,怨王孫,怨王孫,怨王孫,1,scrape_output\raw\宋朝\怨王孫\怨王孫__juan_01.txt,scrape_output\clean\宋朝\怨王孫\怨王孫__juan_01.txt,406,304,0
宋朝,200989,悼亡九首,悼亡九首,悼亡九首,1,scrape_output\raw\宋朝\悼亡九首\悼亡九首__juan_01.txt,scrape_output\clean\宋朝\悼亡九首\悼亡九首__juan_01.txt,450,358,0
宋朝,200418,悼古,悼古,悼古,1,scrape_output\raw\宋朝\悼古\悼古__juan_01.txt,scrape_output\clean\宋朝\悼古\悼古__juan_01.txt,672,105,0
宋朝,200988,悼逝,悼逝,悼逝,1,scrape_output\raw\宋朝\悼逝\悼逝__juan_01.txt,scrape_output\clean\宋朝\悼逝\悼逝__juan_01.txt,246,154,0
宋朝,52009,愛日齋叢抄,愛日齋叢抄/6,愛日齋叢抄,1,scrape_output\raw\宋朝\愛日齋叢抄\愛日齋叢抄__juan_01.txt,scrape_output\clean\宋朝\愛日齋叢抄\愛日齋叢抄__juan_01.txt,8479,7978,0
宋朝,32651,感中原舊事戲作,感中原舊事戲作,感中原舊事戲作,1,scrape_output\raw\宋朝\感中原舊事戲作\感中原舊事戲作__juan_01.txt,scrape_output\clean\宋朝\感中原舊事戲作\感中原舊事戲作__juan_01.txt,113,69,0
宋朝,92974,感懷 (李清照),感懷 (李清照),感懷 (李清照),1,scrape_output\raw\宋朝\感懷 (李清照)\感懷 (李清照)__juan_01.txt,scrape_output\clean\宋朝\感懷 (李清照)\感懷 (李清照)__juan_01.txt,240,148,0
宋朝,155917,感皇恩 (趙企),感皇恩 (趙企),感皇恩 (趙企),1,scrape_output\raw\宋朝\感皇恩 (趙企)\感皇恩 (趙企)__juan_01.txt,scrape_output\clean\宋朝\感皇恩 (趙企)\感皇恩 (趙企)__juan_01.txt,192,100,0
宋朝,200460,慈聖光獻太皇后輓詞二首,慈聖光獻太皇后輓詞二首,慈聖光獻太皇后輓詞二首,1,scrape_output\raw\宋朝\慈聖光獻太皇后輓詞二首\慈聖光獻太皇后輓詞二首__juan_01.txt,scrape_output\clean\宋朝\慈聖光獻太皇后輓詞二首\慈聖光獻太皇后輓詞二首__juan_01.txt,757,142,0
宋朝,158768,慶全庵桃花,慶全庵桃花,慶全庵桃花,1,scrape_output\raw\宋朝\慶全庵桃花\慶全庵桃花__juan_01.txt,scrape_output\clean\宋朝\慶全庵桃花\慶全庵桃花__juan_01.txt,121,73,0
宋朝,112504,慶清朝慢 (李清照),慶清朝慢 (李清照),慶清朝慢 (李清照),1,scrape_output\raw\宋朝\慶清朝慢 (李清照)\慶清朝慢 (李清照)__juan_01.txt,scrape_output\clean\宋朝\慶清朝慢 (李清照)\慶清朝慢 (李清照)__juan_01.txt,257,161,0
宋朝,179160,憩連嶺店,憩連嶺店,憩連嶺店,1,scrape_output\raw\宋朝\憩連嶺店\憩連嶺店__juan_01.txt,scrape_output\clean\宋朝\憩連嶺店\憩連嶺店__juan_01.txt,133,89,0
宋朝,761115,憫農 (李流謙),憫農 (李流謙),憫農 (李流謙),1,scrape_output\raw\宋朝\憫農 (李流謙)\憫農 (李流謙)__juan_01.txt,scrape_output\clean\宋朝\憫農 (李流謙)\憫農 (李流謙)__juan_01.txt,133,89,0
宋朝,35693,憶天彭牡丹之盛有感,憶天彭牡丹之盛有感,憶天彭牡丹之盛有感,1,scrape_output\raw\宋朝\憶天彭牡丹之盛有感\憶天彭牡丹之盛有感__juan_01.txt,scrape_output\clean\宋朝\憶天彭牡丹之盛有感\憶天彭牡丹之盛有感__juan_01.txt,114,69,0
宋朝,37347,憶少子,憶少子,憶少子,1,scrape_output\raw\宋朝\憶少子\憶少子__juan_01.txt,scrape_output\clean\宋朝\憶少子\憶少子__juan_01.txt,136,89,0
宋朝,29789,憶江西提刑何仲容,憶江西提刑何仲容,憶江西提刑何仲容,1,scrape_output\raw\宋朝\憶江西提刑何仲容\憶江西提刑何仲容__juan_01.txt,scrape_output\clean\宋朝\憶江西提刑何仲容\憶江西提刑何仲容__juan_01.txt,182,132,0
宋朝,872379,憶王孫 (李重元),憶王孫 (李重元),憶王孫 (李重元),1,scrape_output\raw\宋朝\憶王孫 (李重元)\憶王孫 (李重元)__juan_01.txt,scrape_output\clean\宋朝\憶王孫 (李重元)\憶王孫 (李重元)__juan_01.txt,213,205,0
宋朝,1205666,憶秦娥 (劉辰翁),憶秦娥 (劉辰翁),憶秦娥 (劉辰翁),1,scrape_output\raw\宋朝\憶秦娥 (劉辰翁)\憶秦娥 (劉辰翁)__juan_01.txt,scrape_output\clean\宋朝\憶秦娥 (劉辰翁)\憶秦娥 (劉辰翁)__juan_01.txt,200,108,0
宋朝,180014,憶秦娥 (朱淑真),憶秦娥 (朱淑真),憶秦娥 (朱淑真),1,scrape_output\raw\宋朝\憶秦娥 (朱淑真)\憶秦娥 (朱淑真)__juan_01.txt,scrape_output\clean\宋朝\憶秦娥 (朱淑真)\憶秦娥 (朱淑真)__juan_01.txt,160,68,0
宋朝,91690,憶秦娥 (李清照),憶秦娥 (李清照),憶秦娥 (李清照),1,scrape_output\raw\宋朝\憶秦娥 (李清照)\憶秦娥 (李清照)__juan_01.txt,scrape_output\clean\宋朝\憶秦娥 (李清照)\憶秦娥 (李清照)__juan_01.txt,167,73,0
宋朝,29850,懷荆南舊遊,懷荆南舊遊,懷荆南舊遊,1,scrape_output\raw\宋朝\懷荆南舊遊\懷荆南舊遊__juan_01.txt,scrape_output\clean\宋朝\懷荆南舊遊\懷荆南舊遊__juan_01.txt,130,84,0
宋朝,56554,戒子通錄,戒子通錄,戒子通錄,1,scrape_output\raw\宋朝\戒子通錄\戒子通錄__juan_01.txt,scrape_output\clean\宋朝\戒子通錄\戒子通錄__juan_01.txt,1671,1570,0
宋朝,200995,戲作示程、範二公,戲作示程、範二公,戲作示程、範二公,1,scrape_output\raw\宋朝\戲作示程、範二公\戲作示程、範二公__juan_01.txt,scrape_output\clean\宋朝\戲作示程、範二公\戲作示程、範二公__juan_01.txt,130,38,0
宋朝,29660,戲筆,戲筆,戲筆,1,scrape_output\raw\宋朝\戲筆\戲筆__juan_01.txt,scrape_output\clean\宋朝\戲筆\戲筆__juan_01.txt,170,78,0
宋朝,59210,戲贈子仁姪,戲贈子仁姪,戲贈子仁姪,1,scrape_output\raw\宋朝\戲贈子仁姪\戲贈子仁姪__juan_01.txt,scrape_output\clean\宋朝\戲贈子仁姪\戲贈子仁姪__juan_01.txt,126,34,0
宋朝,35662,戲贈少梁,戲贈少梁,戲贈少梁,1,scrape_output\raw\宋朝\戲贈少梁\戲贈少梁__juan_01.txt,scrape_output\clean\宋朝\戲贈少梁\戲贈少梁__juan_01.txt,114,69,0
宋朝,47366,戲題江心寺僧房壁,戲題江心寺僧房壁,戲題江心寺僧房壁,1,scrape_output\raw\宋朝\戲題江心寺僧房壁\戲題江心寺僧房壁__juan_01.txt,scrape_output\clean\宋朝\戲題江心寺僧房壁\戲題江心寺僧房壁__juan_01.txt,131,85,0
宋朝,35688,戲題牡丹 (范成大),戲題牡丹 (范成大),戲題牡丹 (范成大),1,scrape_output\raw\宋朝\戲題牡丹 (范成大)\戲題牡丹 (范成大)__juan_01.txt,scrape_output\clean\宋朝\戲題牡丹 (范成大)\戲題牡丹 (范成大)__juan_01.txt,114,69,0
宋朝,154132,打球圖,打球圖,打球圖,1,scrape_output\raw\宋朝\打球圖\打球圖__juan_01.txt,scrape_output\clean\宋朝\打球圖\打球圖__juan_01.txt,113,69,0
宋朝,92982,打馬命辭 (李清照),打馬命辭 (李清照),打馬命辭 (李清照),1,scrape_output\raw\宋朝\打馬命辭 (李清照)\打馬命辭 (李清照)__juan_01.txt,scrape_output\clean\宋朝\打馬命辭 (李清照)\打馬命辭 (李清照)__juan_01.txt,2660,2586,0
宋朝,51762,打馬圖序 (李清照),打馬圖序 (李清照),打馬圖序 (李清照),1,scrape_output\raw\宋朝\打馬圖序 (李清照)\打馬圖序 (李清照)__juan_01.txt,scrape_output\clean\宋朝\打馬圖序 (李清照)\打馬圖序 (李清照)__juan_01.txt,751,659,0
宋朝,52143,打馬賦 (李清照),打馬賦 (李清照),打馬賦 (李清照),1,scrape_output\raw\宋朝\打馬賦 (李清照)\打馬賦 (李清照)__juan_01.txt,scrape_output\clean\宋朝\打馬賦 (李清照)\打馬賦 (李清照)__juan_01.txt,674,630,0
宋朝,59235,披仙閣上觀酴醿,披仙閣上觀酴醿,披仙閣上觀酴醿,1,scrape_output\raw\宋朝\披仙閣上觀酴醿\披仙閣上觀酴醿__juan_01.txt,scrape_output\clean\宋朝\披仙閣上觀酴醿\披仙閣上觀酴醿__juan_01.txt,126,34,0
宋朝,180808,拙軒詞話,拙軒詞話,拙軒詞話,1,scrape_output\raw\宋朝\拙軒詞話\拙軒詞話__juan_01.txt,scrape_output\clean\宋朝\拙軒詞話\拙軒詞話__juan_01.txt,3103,3082,0
宋朝,1089380,指歸集,指歸集,指歸集,1,scrape_output\raw\宋朝\指歸集\指歸集__juan_01.txt,scrape_output\clean\宋朝\指歸集\指歸集__juan_01.txt,4588,4496,0
宋朝,185633,挽詞 (陳師道),挽詞 (陳師道),挽詞 (陳師道),1,scrape_output\raw\宋朝\挽詞 (陳師道)\挽詞 (陳師道)__juan_01.txt,scrape_output\clean\宋朝\挽詞 (陳師道)\挽詞 (陳師道)__juan_01.txt,195,103,0
宋朝,199108,揚子江,揚子江,揚子江,1,scrape_output\raw\宋朝\揚子江\揚子江__juan_01.txt,scrape_output\clean\宋朝\揚子江\揚子江__juan_01.txt,557,69,0
宋朝,178731,揚州芍藥譜 (孔武仲),揚州芍藥譜 (孔武仲),揚州芍藥譜 (孔武仲),1,scrape_output\raw\宋朝\揚州芍藥譜 (孔武仲)\揚州芍藥譜 (孔武仲)__juan_01.txt,scrape_output\clean\宋朝\揚州芍藥譜 (孔武仲)\揚州芍藥譜 (孔武仲)__juan_01.txt,1318,1314,0
宋朝,192279,換巢鸞鳳 (史達祖),換巢鸞鳳 (史達祖),換巢鸞鳳 (史達祖),1,scrape_output\raw\宋朝\換巢鸞鳳 (史達祖)\換巢鸞鳳 (史達祖)__juan_01.txt,scrape_output\clean\宋朝\換巢鸞鳳 (史達祖)\換巢鸞鳳 (史達祖)__juan_01.txt,225,133,0
宋朝,107086,揮麈錄,揮麈錄,揮麈錄,1,scrape_output\raw\宋朝\揮麈錄\揮麈錄__juan_01.txt,scrape_output\clean\宋朝\揮麈錄\揮麈錄__juan_01.txt,94,47,0
宋朝,61227,搜神祕覽,搜神祕覽/卷上,搜神祕覽,1,scrape_output\raw\宋朝\搜神祕覽\搜神祕覽__juan_01.txt,scrape_output\clean\宋朝\搜神祕覽\搜神祕覽__juan_01.txt,8213,8012,0
宋朝,61227,搜神祕覽,搜神祕覽/卷中,搜神祕覽,2,scrape_output\raw\宋朝\搜神祕覽\搜神祕覽__juan_02.txt,scrape_output\clean\宋朝\搜神祕覽\搜神祕覽__juan_02.txt,8864,8674,0
宋朝,61227,搜神祕覽,搜神祕覽/卷下,搜神祕覽,3,scrape_output\raw\宋朝\搜神祕覽\搜神祕覽__juan_03.txt,scrape_output\clean\宋朝\搜神祕覽\搜神祕覽__juan_03.txt,9267,9094,0
宋朝,200473,攜家遊東園,攜家遊東園,攜家遊東園,1,scrape_output\raw\宋朝\攜家遊東園\攜家遊東園__juan_01.txt,scrape_output\clean\宋朝\攜家遊東園\攜家遊東園__juan_01.txt,649,34,0
宋朝,760870,攝生月令,攝生月令,攝生月令,1,scrape_output\raw\宋朝\攝生月令\攝生月令__juan_01.txt,scrape_output\clean\宋朝\攝生月令\攝生月令__juan_01.txt,4076,4018,0
宋朝,91693,攤破浣溪沙 (李清照),攤破浣溪沙 (李清照),攤破浣溪沙 (李清照),1,scrape_output\raw\宋朝\攤破浣溪沙 (李清照)\攤破浣溪沙 (李清照)__juan_01.txt,scrape_output\clean\宋朝\攤破浣溪沙 (李清照)\攤破浣溪沙 (李清照)__juan_01.txt,252,156,0
宋朝,35638,放魚行,放魚行,放魚行,1,scrape_output\raw\宋朝\放魚行\放魚行__juan_01.txt,scrape_output\clean\宋朝\放魚行\放魚行__juan_01.txt,190,140,0
宋朝,32642,文仙,文仙,文仙,1,scrape_output\raw\宋朝\文仙\文仙__juan_01.txt,scrape_output\clean\宋朝\文仙\文仙__juan_01.txt,113,69,0
宋朝,136590,文山集,文山集/卷一,文山集,1,scrape_output\raw\宋朝\文山集\文山集__juan_01.txt,scrape_output\clean\宋朝\文山集\文山集__juan_01.txt,550,548,0
宋朝,136590,文山集,文山集/卷二,文山集,2,scrape_output\raw\宋朝\文山集\文山集__juan_02.txt,scrape_output\clean\宋朝\文山集\文山集__juan_02.txt,0,0,1
宋朝,136590,文山集,文山集/卷三,文山集,3,scrape_output\raw\宋朝\文山集\文山集__juan_03.txt,scrape_output\clean\宋朝\文山集\文山集__juan_03.txt,0,0,1
宋朝,136590,文山集,文山集/卷四,文山集,4,scrape_output\raw\宋朝\文山集\文山集__juan_04.txt,scrape_output\clean\宋朝\文山集\文山集__juan_04.txt,0,0,1
宋朝,136590,文山集,文山集/卷五,文山集,5,scrape_output\raw\宋朝\文山集\文山集__juan_05.txt,scrape_output\clean\宋朝\文山集\文山集__juan_05.txt,0,0,1
宋朝,136590,文山集,文山集/卷六,文山集,6,scrape_output\raw\宋朝\文山集\文山集__juan_06.txt,scrape_output\clean\宋朝\文山集\文山集__juan_06.txt,0,0,1
宋朝,136590,文山集,文山集/卷七,文山集,7,scrape_output\raw\宋朝\文山集\文山集__juan_07.txt,scrape_output\clean\宋朝\文山集\文山集__juan_07.txt,0,0,1
宋朝,136590,文山集,文山集/卷八,文山集,8,scrape_output\raw\宋朝\文山集\文山集__juan_08.txt,scrape_output\clean\宋朝\文山集\文山集__juan_08.txt,0,0,1
宋朝,136590,文山集,文山集/卷九,文山集,9,scrape_output\raw\宋朝\文山集\文山集__juan_09.txt,scrape_output\clean\宋朝\文山集\文山集__juan_09.txt,0,0,1
宋朝,136590,文山集,文山集/卷十,文山集,10,scrape_output\raw\宋朝\文山集\文山集__juan_10.txt,scrape_output\clean\宋朝\文山集\文山集__juan_10.txt,0,0,1
宋朝,136590,文山集,文山集/卷十一,文山集,11,scrape_output\raw\宋朝\文山集\文山集__juan_11.txt,scrape_output\clean\宋朝\文山集\文山集__juan_11.txt,0,0,1
宋朝,136590,文山集,文山集/卷十二,文山集,12,scrape_output\raw\宋朝\文山集\文山集__juan_12.txt,scrape_output\clean\宋朝\文山集\文山集__juan_12.txt,0,0,1
宋朝,136590,文山集,文山集/卷十三,文山集,13,scrape_output\raw\宋朝\文山集\文山集__juan_13.txt,scrape_output\clean\宋朝\文山集\文山集__juan_13.txt,0,0,1
宋朝,136590,文山集,文山集/卷十四,文山集,14,scrape_output\raw\宋朝\文山集\文山集__juan_14.txt,scrape_output\clean\宋朝\文山集\文山集__juan_14.txt,0,0,1
宋朝,136590,文山集,文山集/卷十五,文山集,15,scrape_output\raw\宋朝\文山集\文山集__juan_15.txt,scrape_output\clean\宋朝\文山集\文山集__juan_15.txt,0,0,1
宋朝,136590,文山集,文山集/卷十六,文山集,16,scrape_output\raw\宋朝\文山集\文山集__juan_16.txt,scrape_output\clean\宋朝\文山集\文山集__juan_16.txt,0,0,1
宋朝,136590,文山集,文山集/卷十七,文山集,17,scrape_output\raw\宋朝\文山集\文山集__juan_17.txt,scrape_output\clean\宋朝\文山集\文山集__juan_17.txt,0,0,1
宋朝,136590,文山集,文山集/卷十八,文山集,18,scrape_output\raw\宋朝\文山集\文山集__juan_18.txt,scrape_output\clean\宋朝\文山集\文山集__juan_18.txt,0,0,1
宋朝,136590,文山集,文山集/卷十九,文山集,19,scrape_output\raw\宋朝\文山集\文山集__juan_19.txt,scrape_output\clean\宋朝\文山集\文山集__juan_19.txt,0,0,1
宋朝,136590,文山集,文山集/卷二十,文山集,20,scrape_output\raw\宋朝\文山集\文山集__juan_20.txt,scrape_output\clean\宋朝\文山集\文山集__juan_20.txt,0,0,1
宋朝,136590,文山集,文山集/卷二十一,文山集,21,scrape_output\raw\宋朝\文山集\文山集__juan_21.txt,scrape_output\clean\宋朝\文山集\文山集__juan_21.txt,0,0,1
宋朝,856195,文苑英華,文苑英華/卷1000,文苑英華,1,scrape_output\raw\宋朝\文苑英華\文苑英華__juan_01.txt,scrape_output\clean\宋朝\文苑英華\文苑英華__juan_01.txt,4633,4061,0
宋朝,114244,斐然集,斐然集/卷06,斐然集,1,scrape_output\raw\宋朝\斐然集\斐然集__juan_01.txt,scrape_output\clean\宋朝\斐然集\斐然集__juan_01.txt,8893,8796,0
宋朝,114244,斐然集,斐然集/卷07,斐然集,2,scrape_output\raw\宋朝\斐然集\斐然集__juan_02.txt,scrape_output\clean\宋朝\斐然集\斐然集__juan_02.txt,11044,10975,0
宋朝,114244,斐然集,斐然集/卷08,斐然集,3,scrape_output\raw\宋朝\斐然集\斐然集__juan_03.txt,scrape_output\clean\宋朝\斐然集\斐然集__juan_03.txt,7350,7292,0
宋朝,114244,斐然集,斐然集/卷23,斐然集,4,scrape_output\raw\宋朝\斐然集\斐然集__juan_04.txt,scrape_output\clean\宋朝\斐然集\斐然集__juan_04.txt,5327,5281,0
宋朝,179163,新居翦茅,新居翦茅,新居翦茅,1,scrape_output\raw\宋朝\新居翦茅\新居翦茅__juan_01.txt,scrape_output\clean\宋朝\新居翦茅\新居翦茅__juan_01.txt,113,69,0
宋朝,1124047,新編五代史平話,新編五代史平話/01,新編五代史平話,1,scrape_output\raw\宋朝\新編五代史平話\新編五代史平話__juan_01.txt,scrape_output\clean\宋朝\新編五代史平話\新編五代史平話__juan_01.txt,16558,16498,0
宋朝,1124047,新編五代史平話,新編五代史平話/02,新編五代史平話,2,scrape_output\raw\宋朝\新編五代史平話\新編五代史平話__juan_02.txt,scrape_output\clean\宋朝\新編五代史平話\新編五代史平話__juan_02.txt,15933,15879,0
宋朝,1124047,新編五代史平話,新編五代史平話/03,新編五代史平話,3,scrape_output\raw\宋朝\新編五代史平話\新編五代史平話__juan_03.txt,scrape_output\clean\宋朝\新編五代史平話\新編五代史平話__juan_03.txt,15154,15103,0
宋朝,1124047,新編五代史平話,新編五代史平話/04,新編五代史平話,4,scrape_output\raw\宋朝\新編五代史平話\新編五代史平話__juan_04.txt,scrape_output\clean\宋朝\新編五代史平話\新編五代史平話__juan_04.txt,11593,11548,0
宋朝,1124047,新編五代史平話,新編五代史平話/05,新編五代史平話,5,scrape_output\raw\宋朝\新編五代史平話\新編五代史平話__juan_05.txt,scrape_output\clean\宋朝\新編五代史平話\新編五代史平話__juan_05.txt,13663,13608,0
宋朝,1124047,新編五代史平話,新編五代史平話/06,新編五代史平話,6,scrape_output\raw\宋朝\新編五代史平話\新編五代史平話__juan_06.txt,scrape_output\clean\宋朝\新編五代史平話\新編五代史平話__juan_06.txt,9060,9011,0
宋朝,1124047,新編五代史平話,新編五代史平話/09,新編五代史平話,7,scrape_output\raw\宋朝\新編五代史平話\新編五代史平話__juan_07.txt,scrape_output\clean\宋朝\新編五代史平話\新編五代史平話__juan_07.txt,729,593,0
宋朝,112614,新荷葉 (李清照),新荷葉 (李清照),新荷葉 (李清照),1,scrape_output\raw\宋朝\新荷葉 (李清照)\新荷葉 (李清照)__juan_01.txt,scrape_output\clean\宋朝\新荷葉 (李清照)\新荷葉 (李清照)__juan_01.txt,210,116,0
宋朝,1046119,新雕大唐三藏法師取經記,新雕大唐三藏法師取經記,新雕大唐三藏法師取經記,1,scrape_output\raw\宋朝\新雕大唐三藏法師取經記\新雕大唐三藏法師取經記__juan_01.txt,scrape_output\clean\宋朝\新雕大唐三藏法師取經記\新雕大唐三藏法師取經記__juan_01.txt,6441,6068,0
宋朝,164316,方言,方言/刻方言序,方言,1,scrape_output\raw\宋朝\方言\方言__juan_01.txt,scrape_output\clean\宋朝\方言\方言__juan_01.txt,668,571,0
宋朝,164316,方言,方言/跋李刻方言,方言,2,scrape_output\raw\宋朝\方言\方言__juan_02.txt,scrape_output\clean\宋朝\方言\方言__juan_02.txt,454,406,0
宋朝,816494,日詩,日詩,日詩,1,scrape_output\raw\宋朝\日詩\日詩__juan_01.txt,scrape_output\clean\宋朝\日詩\日詩__juan_01.txt,113,69,0
宋朝,159130,早春 (白玉蟾),早春 (白玉蟾),早春 (白玉蟾),1,scrape_output\raw\宋朝\早春 (白玉蟾)\早春 (白玉蟾)__juan_01.txt,scrape_output\clean\宋朝\早春 (白玉蟾)\早春 (白玉蟾)__juan_01.txt,121,73,0
宋朝,29520,早發建安寺過大櫟虛,早發建安寺過大櫟虛,早發建安寺過大櫟虛,1,scrape_output\raw\宋朝\早發建安寺過大櫟虛\早發建安寺過大櫟虛__juan_01.txt,scrape_output\clean\宋朝\早發建安寺過大櫟虛\早發建安寺過大櫟虛__juan_01.txt,133,89,0
宋朝,179161,早行見螢,早行見螢,早行見螢,1,scrape_output\raw\宋朝\早行見螢\早行見螢__juan_01.txt,scrape_output\clean\宋朝\早行見螢\早行見螢__juan_01.txt,133,89,0
宋朝,136819,昇陽殿故址,昇陽殿故址,昇陽殿故址,1,scrape_output\raw\宋朝\昇陽殿故址\昇陽殿故址__juan_01.txt,scrape_output\clean\宋朝\昇陽殿故址\昇陽殿故址__juan_01.txt,406,341,0
宋朝,179179,明發新淦晴快風順約泊樟鎮,明發新淦晴快風順約泊樟鎮,明發新淦晴快風順約泊樟鎮,1,scrape_output\raw\宋朝\明發新淦晴快風順約泊樟鎮\明發新淦晴快風順約泊樟鎮__juan_01.txt,scrape_output\clean\宋朝\明發新淦晴快風順約泊樟鎮\明發新淦晴快風順約泊樟鎮__juan_01.txt,133,89,0
宋朝,178871,明發石山,明發石山,明發石山,1,scrape_output\raw\宋朝\明發石山\明發石山__juan_01.txt,scrape_output\clean\宋朝\明發石山\明發石山__juan_01.txt,133,89,0
宋朝,59248,明發茅田見鷺有感,明發茅田見鷺有感,明發茅田見鷺有感,1,scrape_output\raw\宋朝\明發茅田見鷺有感\明發茅田見鷺有感__juan_01.txt,scrape_output\clean\宋朝\明發茅田見鷺有感\明發茅田見鷺有感__juan_01.txt,126,34,0
宋朝,106405,明道雜志,明道雜志,明道雜志,1,scrape_output\raw\宋朝\明道雜志\明道雜志__juan_01.txt,scrape_output\clean\宋朝\明道雜志\明道雜志__juan_01.txt,14966,14875,0
宋朝,183426,易小傳,易小傳/卷一上,易小傳,1,scrape_output\raw\宋朝\易小傳\易小傳__juan_01.txt,scrape_output\clean\宋朝\易小傳\易小傳__juan_01.txt,0,0,1
宋朝,183426,易小傳,易小傳/卷一下,易小傳,2,scrape_output\raw\宋朝\易小傳\易小傳__juan_02.txt,scrape_output\clean\宋朝\易小傳\易小傳__juan_02.txt,0,0,1
宋朝,183426,易小傳,易小傳/卷二上,易小傳,3,scrape_output\raw\宋朝\易小傳\易小傳__juan_03.txt,scrape_output\clean\宋朝\易小傳\易小傳__juan_03.txt,0,0,1
宋朝,183426,易小傳,易小傳/卷二下,易小傳,4,scrape_output\raw\宋朝\易小傳\易小傳__juan_04.txt,scrape_output\clean\宋朝\易小傳\易小傳__juan_04.txt,0,0,1
宋朝,183426,易小傳,易小傳/卷三上,易小傳,5,scrape_output\raw\宋朝\易小傳\易小傳__juan_05.txt,scrape_output\clean\宋朝\易小傳\易小傳__juan_05.txt,0,0,1
宋朝,183426,易小傳,易小傳/卷三下,易小傳,6,scrape_output\raw\宋朝\易小傳\易小傳__juan_06.txt,scrape_output\clean\宋朝\易小傳\易小傳__juan_06.txt,0,0,1
宋朝,183426,易小傳,易小傳/卷四上,易小傳,7,scrape_output\raw\宋朝\易小傳\易小傳__juan_07.txt,scrape_output\clean\宋朝\易小傳\易小傳__juan_07.txt,0,0,1
宋朝,183426,易小傳,易小傳/卷四下,易小傳,8,scrape_output\raw\宋朝\易小傳\易小傳__juan_08.txt,scrape_output\clean\宋朝\易小傳\易小傳__juan_08.txt,0,0,1
宋朝,183426,易小傳,易小傳/卷五上,易小傳,9,scrape_output\raw\宋朝\易小傳\易小傳__juan_09.txt,scrape_output\clean\宋朝\易小傳\易小傳__juan_09.txt,0,0,1
宋朝,183426,易小傳,易小傳/卷五下,易小傳,10,scrape_output\raw\宋朝\易小傳\易小傳__juan_10.txt,scrape_output\clean\宋朝\易小傳\易小傳__juan_10.txt,0,0,1
宋朝,183426,易小傳,易小傳/卷六上,易小傳,11,scrape_output\raw\宋朝\易小傳\易小傳__juan_11.txt,scrape_output\clean\宋朝\易小傳\易小傳__juan_11.txt,0,0,1
宋朝,183426,易小傳,易小傳/卷六下,易小傳,12,scrape_output\raw\宋朝\易小傳\易小傳__juan_12.txt,scrape_output\clean\宋朝\易小傳\易小傳__juan_12.txt,0,0,1
宋朝,1033090,春寒 (陳與義),春寒 (陳與義),春寒 (陳與義),1,scrape_output\raw\宋朝\春寒 (陳與義)\春寒 (陳與義)__juan_01.txt,scrape_output\clean\宋朝\春寒 (陳與義)\春寒 (陳與義)__juan_01.txt,113,69,0
宋朝,24912,春居雜興 (王禹偁),春居雜興 (王禹偁),春居雜興 (王禹偁),1,scrape_output\raw\宋朝\春居雜興 (王禹偁)\春居雜興 (王禹偁)__juan_01.txt,scrape_output\clean\宋朝\春居雜興 (王禹偁)\春居雜興 (王禹偁)__juan_01.txt,169,123,0
宋朝,149517,春日遊湖上,春日遊湖上,春日遊湖上,1,scrape_output\raw\宋朝\春日遊湖上\春日遊湖上__juan_01.txt,scrape_output\clean\宋朝\春日遊湖上\春日遊湖上__juan_01.txt,117,73,0
宋朝,200990,春日遣興,春日遣興,春日遣興,1,scrape_output\raw\宋朝\春日遣興\春日遣興__juan_01.txt,scrape_output\clean\宋朝\春日遣興\春日遣興__juan_01.txt,162,70,0
宋朝,32652,春日隄上,春日隄上,春日隄上,1,scrape_output\raw\宋朝\春日隄上\春日隄上__juan_01.txt,scrape_output\clean\宋朝\春日隄上\春日隄上__juan_01.txt,113,69,0
宋朝,35686,春晚即事 (范成大),春晚即事 (范成大),春晚即事 (范成大),1,scrape_output\raw\宋朝\春晚即事 (范成大)\春晚即事 (范成大)__juan_01.txt,scrape_output\clean\宋朝\春晚即事 (范成大)\春晚即事 (范成大)__juan_01.txt,114,69,0
宋朝,158777,春暮,春暮,春暮,1,scrape_output\raw\宋朝\春暮\春暮__juan_01.txt,scrape_output\clean\宋朝\春暮\春暮__juan_01.txt,121,73,0
宋朝,158779,春暮遊小園,春暮遊小園,春暮遊小園,1,scrape_output\raw\宋朝\春暮遊小園\春暮遊小園__juan_01.txt,scrape_output\clean\宋朝\春暮遊小園\春暮遊小園__juan_01.txt,111,67,0
宋朝,51744,春殘 (李清照),春殘 (李清照),春殘 (李清照),1,scrape_output\raw\宋朝\春殘 (李清照)\春殘 (李清照)__juan_01.txt,scrape_output\clean\宋朝\春殘 (李清照)\春殘 (李清照)__juan_01.txt,130,38,0
宋朝,194834,春秋左傳事類始末,春秋左傳事類始末/卷一,春秋左傳事類始末,1,scrape_output\raw\宋朝\春秋左傳事類始末\春秋左傳事類始末__juan_01.txt,scrape_output\clean\宋朝\春秋左傳事類始末\春秋左傳事類始末__juan_01.txt,716,714,0
宋朝,201292,春秋左氏傳事類始末,春秋左氏傳事類始末/卷一,春秋左氏傳事類始末,1,scrape_output\raw\宋朝\春秋左氏傳事類始末\春秋左氏傳事類始末__juan_01.txt,scrape_output\clean\宋朝\春秋左氏傳事類始末\春秋左氏傳事類始末__juan_01.txt,1165,1164,0
宋朝,201292,春秋左氏傳事類始末,春秋左氏傳事類始末/卷二,春秋左氏傳事類始末,2,scrape_output\raw\宋朝\春秋左氏傳事類始末\春秋左氏傳事類始末__juan_02.txt,scrape_output\clean\宋朝\春秋左氏傳事類始末\春秋左氏傳事類始末__juan_02.txt,0,0,1
宋朝,201292,春秋左氏傳事類始末,春秋左氏傳事類始末/卷三,春秋左氏傳事類始末,3,scrape_output\raw\宋朝\春秋左氏傳事類始末\春秋左氏傳事類始末__juan_03.txt,scrape_output\clean\宋朝\春秋左氏傳事類始末\春秋左氏傳事類始末__juan_03.txt,0,0,1
宋朝,201292,春秋左氏傳事類始末,春秋左氏傳事類始末/卷四,春秋左氏傳事類始末,4,scrape_output\raw\宋朝\春秋左氏傳事類始末\春秋左氏傳事類始末__juan_04.txt,scrape_output\clean\宋朝\春秋左氏傳事類始末\春秋左氏傳事類始末__juan_04.txt,0,0,1
宋朝,201292,春秋左氏傳事類始末,春秋左氏傳事類始末/卷五,春秋左氏傳事類始末,5,scrape_output\raw\宋朝\春秋左氏傳事類始末\春秋左氏傳事類始末__juan_05.txt,scrape_output\clean\宋朝\春秋左氏傳事類始末\春秋左氏傳事類始末__juan_05.txt,0,0,1
宋朝,196429,春秋王霸列國世紀編,春秋王霸列國世紀編/卷一,春秋王霸列國世紀編,1,scrape_output\raw\宋朝\春秋王霸列國世紀編\春秋王霸列國世紀編__juan_01.txt,scrape_output\clean\宋朝\春秋王霸列國世紀編\春秋王霸列國世紀編__juan_01.txt,204,193,0
宋朝,196429,春秋王霸列國世紀編,春秋王霸列國世紀編/卷二,春秋王霸列國世紀編,2,scrape_output\raw\宋朝\春秋王霸列國世紀編\春秋王霸列國世紀編__juan_02.txt,scrape_output\clean\宋朝\春秋王霸列國世紀編\春秋王霸列國世紀編__juan_02.txt,0,0,1
宋朝,196429,春秋王霸列國世紀編,春秋王霸列國世紀編/卷三,春秋王霸列國世紀編,3,scrape_output\raw\宋朝\春秋王霸列國世紀編\春秋王霸列國世紀編__juan_03.txt,scrape_output\clean\宋朝\春秋王霸列國世紀編\春秋王霸列國世紀編__juan_03.txt,0,0,1
宋朝,1112271,春秋胡氏傳,春秋胡氏傳/卷第一,春秋胡氏傳,1,scrape_output\raw\宋朝\春秋胡氏傳\春秋胡氏傳__juan_01.txt,scrape_output\clean\宋朝\春秋胡氏傳\春秋胡氏傳__juan_01.txt,7044,6962,0
宋朝,1112271,春秋胡氏傳,春秋胡氏傳/卷第七,春秋胡氏傳,2,scrape_output\raw\宋朝\春秋胡氏傳\春秋胡氏傳__juan_02.txt,scrape_output\clean\宋朝\春秋胡氏傳\春秋胡氏傳__juan_02.txt,0,0,1
宋朝,1112271,春秋胡氏傳,春秋胡氏傳/卷第三,春秋胡氏傳,3,scrape_output\raw\宋朝\春秋胡氏傳\春秋胡氏傳__juan_03.txt,scrape_output\clean\宋朝\春秋胡氏傳\春秋胡氏傳__juan_03.txt,0,0,1
宋朝,1112271,春秋胡氏傳,春秋胡氏傳/卷第三十,春秋胡氏傳,4,scrape_output\raw\宋朝\春秋胡氏傳\春秋胡氏傳__juan_04.txt,scrape_output\clean\宋朝\春秋胡氏傳\春秋胡氏傳__juan_04.txt,0,0,1
宋朝,1112271,春秋胡氏傳,春秋胡氏傳/卷第九,春秋胡氏傳,5,scrape_output\raw\宋朝\春秋胡氏傳\春秋胡氏傳__juan_05.txt,scrape_output\clean\宋朝\春秋胡氏傳\春秋胡氏傳__juan_05.txt,0,0,1
宋朝,1112271,春秋胡氏傳,春秋胡氏傳/卷第二,春秋胡氏傳,6,scrape_output\raw\宋朝\春秋胡氏傳\春秋胡氏傳__juan_06.txt,scrape_output\clean\宋朝\春秋胡氏傳\春秋胡氏傳__juan_06.txt,0,0,1
宋朝,1112271,春秋胡氏傳,春秋胡氏傳/卷第二十,春秋胡氏傳,7,scrape_output\raw\宋朝\春秋胡氏傳\春秋胡氏傳__juan_07.txt,scrape_output\clean\宋朝\春秋胡氏傳\春秋胡氏傳__juan_07.txt,0,0,1
宋朝,1112271,春秋胡氏傳,春秋胡氏傳/卷第二十一,春秋胡氏傳,8,scrape_output\raw\宋朝\春秋胡氏傳\春秋胡氏傳__juan_08.txt,scrape_output\clean\宋朝\春秋胡氏傳\春秋胡氏傳__juan_08.txt,0,0,1
宋朝,1112271,春秋胡氏傳,春秋胡氏傳/卷第二十七,春秋胡氏傳,9,scrape_output\raw\宋朝\春秋胡氏傳\春秋胡氏傳__juan_09.txt,scrape_output\clean\宋朝\春秋胡氏傳\春秋胡氏傳__juan_09.txt,0,0,1
宋朝,1112271,春秋胡氏傳,春秋胡氏傳/卷第二十三,春秋胡氏傳,10,scrape_output\raw\宋朝\春秋胡氏傳\春秋胡氏傳__juan_10.txt,scrape_output\clean\宋朝\春秋胡氏傳\春秋胡氏傳__juan_10.txt,0,0,1
宋朝,1112271,春秋胡氏傳,春秋胡氏傳/卷第二十九,春秋胡氏傳,11,scrape_output\raw\宋朝\春秋胡氏傳\春秋胡氏傳__juan_11.txt,scrape_output\clean\宋朝\春秋胡氏傳\春秋胡氏傳__juan_11.txt,0,0,1
宋朝,1112271,春秋胡氏傳,春秋胡氏傳/卷第二十二,春秋胡氏傳,12,scrape_output\raw\宋朝\春秋胡氏傳\春秋胡氏傳__juan_12.txt,scrape_output\clean\宋朝\春秋胡氏傳\春秋胡氏傳__juan_12.txt,0,0,1
宋朝,1112271,春秋胡氏傳,春秋胡氏傳/卷第二十五,春秋胡氏傳,13,scrape_output\raw\宋朝\春秋胡氏傳\春秋胡氏傳__juan_13.txt,scrape_output\clean\宋朝\春秋胡氏傳\春秋胡氏傳__juan_13.txt,0,0,1
宋朝,1112271,春秋胡氏傳,春秋胡氏傳/卷第二十八,春秋胡氏傳,14,scrape_output\raw\宋朝\春秋胡氏傳\春秋胡氏傳__juan_14.txt,scrape_output\clean\宋朝\春秋胡氏傳\春秋胡氏傳__juan_14.txt,0,0,1
宋朝,1112271,春秋胡氏傳,春秋胡氏傳/卷第二十六,春秋胡氏傳,15,scrape_output\raw\宋朝\春秋胡氏傳\春秋胡氏傳__juan_15.txt,scrape_output\clean\宋朝\春秋胡氏傳\春秋胡氏傳__juan_15.txt,0,0,1
宋朝,1112271,春秋胡氏傳,春秋胡氏傳/卷第二十四,春秋胡氏傳,16,scrape_output\raw\宋朝\春秋胡氏傳\春秋胡氏傳__juan_16.txt,scrape_output\clean\宋朝\春秋胡氏傳\春秋胡氏傳__juan_16.txt,0,0,1
宋朝,1112271,春秋胡氏傳,春秋胡氏傳/卷第五,春秋胡氏傳,17,scrape_output\raw\宋朝\春秋胡氏傳\春秋胡氏傳__juan_17.txt,scrape_output\clean\宋朝\春秋胡氏傳\春秋胡氏傳__juan_17.txt,0,0,1
宋朝,1112271,春秋胡氏傳,春秋胡氏傳/卷第八,春秋胡氏傳,18,scrape_output\raw\宋朝\春秋胡氏傳\春秋胡氏傳__juan_18.txt,scrape_output\clean\宋朝\春秋胡氏傳\春秋胡氏傳__juan_18.txt,0,0,1
宋朝,1112271,春秋胡氏傳,春秋胡氏傳/卷第六,春秋胡氏傳,19,scrape_output\raw\宋朝\春秋胡氏傳\春秋胡氏傳__juan_19.txt,scrape_output\clean\宋朝\春秋胡氏傳\春秋胡氏傳__juan_19.txt,0,0,1
宋朝,1112271,春秋胡氏傳,春秋胡氏傳/卷第十,春秋胡氏傳,20,scrape_output\raw\宋朝\春秋胡氏傳\春秋胡氏傳__juan_20.txt,scrape_output\clean\宋朝\春秋胡氏傳\春秋胡氏傳__juan_20.txt,0,0,1
宋朝,1112271,春秋胡氏傳,春秋胡氏傳/卷第十一,春秋胡氏傳,21,scrape_output\raw\宋朝\春秋胡氏傳\春秋胡氏傳__juan_21.txt,scrape_output\clean\宋朝\春秋胡氏傳\春秋胡氏傳__juan_21.txt,0,0,1
宋朝,1112271,春秋胡氏傳,春秋胡氏傳/卷第十七,春秋胡氏傳,22,scrape_output\raw\宋朝\春秋胡氏傳\春秋胡氏傳__juan_22.txt,scrape_output\clean\宋朝\春秋胡氏傳\春秋胡氏傳__juan_22.txt,0,0,1
宋朝,1112271,春秋胡氏傳,春秋胡氏傳/卷第十三,春秋胡氏傳,23,scrape_output\raw\宋朝\春秋胡氏傳\春秋胡氏傳__juan_23.txt,scrape_output\clean\宋朝\春秋胡氏傳\春秋胡氏傳__juan_23.txt,0,0,1
宋朝,1112271,春秋胡氏傳,春秋胡氏傳/卷第十九,春秋胡氏傳,24,scrape_output\raw\宋朝\春秋胡氏傳\春秋胡氏傳__juan_24.txt,scrape_output\clean\宋朝\春秋胡氏傳\春秋胡氏傳__juan_24.txt,0,0,1
宋朝,1112271,春秋胡氏傳,春秋胡氏傳/卷第十二,春秋胡氏傳,25,scrape_output\raw\宋朝\春秋胡氏傳\春秋胡氏傳__juan_25.txt,scrape_output\clean\宋朝\春秋胡氏傳\春秋胡氏傳__juan_25.txt,0,0,1
宋朝,1112271,春秋胡氏傳,春秋胡氏傳/卷第十五,春秋胡氏傳,26,scrape_output\raw\宋朝\春秋胡氏傳\春秋胡氏傳__juan_26.txt,scrape_output\clean\宋朝\春秋胡氏傳\春秋胡氏傳__juan_26.txt,0,0,1
宋朝,1112271,春秋胡氏傳,春秋胡氏傳/卷第十八,春秋胡氏傳,27,scrape_output\raw\宋朝\春秋胡氏傳\春秋胡氏傳__juan_27.txt,scrape_output\clean\宋朝\春秋胡氏傳\春秋胡氏傳__juan_27.txt,0,0,1
宋朝,1112271,春秋胡氏傳,春秋胡氏傳/卷第十六,春秋胡氏傳,28,scrape_output\raw\宋朝\春秋胡氏傳\春秋胡氏傳__juan_28.txt,scrape_output\clean\宋朝\春秋胡氏傳\春秋胡氏傳__juan_28.txt,0,0,1
宋朝,1112271,春秋胡氏傳,春秋胡氏傳/卷第十四,春秋胡氏傳,29,scrape_output\raw\宋朝\春秋胡氏傳\春秋胡氏傳__juan_29.txt,scrape_output\clean\宋朝\春秋胡氏傳\春秋胡氏傳__juan_29.txt,0,0,1
宋朝,1112271,春秋胡氏傳,春秋胡氏傳/卷第四,春秋胡氏傳,30,scrape_output\raw\宋朝\春秋胡氏傳\春秋胡氏傳__juan_30.txt,scrape_output\clean\宋朝\春秋胡氏傳\春秋胡氏傳__juan_30.txt,0,0,1
宋朝,196667,春秋臣傳,春秋臣傳/卷一,春秋臣傳,1,scrape_output\raw\宋朝\春秋臣傳\春秋臣傳__juan_01.txt,scrape_output\clean\宋朝\春秋臣傳\春秋臣傳__juan_01.txt,942,939,0
宋朝,196667,春秋臣傳,春秋臣傳/卷二,春秋臣傳,2,scrape_output\raw\宋朝\春秋臣傳\春秋臣傳__juan_02.txt,scrape_output\clean\宋朝\春秋臣傳\春秋臣傳__juan_02.txt,0,0,1
宋朝,196667,春秋臣傳,春秋臣傳/卷三,春秋臣傳,3,scrape_output\raw\宋朝\春秋臣傳\春秋臣傳__juan_03.txt,scrape_output\clean\宋朝\春秋臣傳\春秋臣傳__juan_03.txt,0,0,1
宋朝,196667,春秋臣傳,春秋臣傳/卷四,春秋臣傳,4,scrape_output\raw\宋朝\春秋臣傳\春秋臣傳__juan_04.txt,scrape_output\clean\宋朝\春秋臣傳\春秋臣傳__juan_04.txt,0,0,1
宋朝,196667,春秋臣傳,春秋臣傳/卷五,春秋臣傳,5,scrape_output\raw\宋朝\春秋臣傳\春秋臣傳__juan_05.txt,scrape_output\clean\宋朝\春秋臣傳\春秋臣傳__juan_05.txt,0,0,1
宋朝,196667,春秋臣傳,春秋臣傳/卷六,春秋臣傳,6,scrape_output\raw\宋朝\春秋臣傳\春秋臣傳__juan_06.txt,scrape_output\clean\宋朝\春秋臣傳\春秋臣傳__juan_06.txt,0,0,1
宋朝,196667,春秋臣傳,春秋臣傳/卷七,春秋臣傳,7,scrape_output\raw\宋朝\春秋臣傳\春秋臣傳__juan_07.txt,scrape_output\clean\宋朝\春秋臣傳\春秋臣傳__juan_07.txt,0,0,1
宋朝,196667,春秋臣傳,春秋臣傳/卷八,春秋臣傳,8,scrape_output\raw\宋朝\春秋臣傳\春秋臣傳__juan_08.txt,scrape_output\clean\宋朝\春秋臣傳\春秋臣傳__juan_08.txt,0,0,1
宋朝,196667,春秋臣傳,春秋臣傳/卷九,春秋臣傳,9,scrape_output\raw\宋朝\春秋臣傳\春秋臣傳__juan_09.txt,scrape_output\clean\宋朝\春秋臣傳\春秋臣傳__juan_09.txt,0,0,1
宋朝,196667,春秋臣傳,春秋臣傳/卷十,春秋臣傳,10,scrape_output\raw\宋朝\春秋臣傳\春秋臣傳__juan_10.txt,scrape_output\clean\宋朝\春秋臣傳\春秋臣傳__juan_10.txt,0,0,1
宋朝,196667,春秋臣傳,春秋臣傳/卷十一,春秋臣傳,11,scrape_output\raw\宋朝\春秋臣傳\春秋臣傳__juan_11.txt,scrape_output\clean\宋朝\春秋臣傳\春秋臣傳__juan_11.txt,0,0,1
宋朝,196667,春秋臣傳,春秋臣傳/卷十二,春秋臣傳,12,scrape_output\raw\宋朝\春秋臣傳\春秋臣傳__juan_12.txt,scrape_output\clean\宋朝\春秋臣傳\春秋臣傳__juan_12.txt,0,0,1
宋朝,196667,春秋臣傳,春秋臣傳/卷十三,春秋臣傳,13,scrape_output\raw\宋朝\春秋臣傳\春秋臣傳__juan_13.txt,scrape_output\clean\宋朝\春秋臣傳\春秋臣傳__juan_13.txt,0,0,1
宋朝,196667,春秋臣傳,春秋臣傳/卷十四,春秋臣傳,14,scrape_output\raw\宋朝\春秋臣傳\春秋臣傳__juan_14.txt,scrape_output\clean\宋朝\春秋臣傳\春秋臣傳__juan_14.txt,0,0,1
宋朝,196667,春秋臣傳,春秋臣傳/卷十五,春秋臣傳,15,scrape_output\raw\宋朝\春秋臣傳\春秋臣傳__juan_15.txt,scrape_output\clean\宋朝\春秋臣傳\春秋臣傳__juan_15.txt,0,0,1
宋朝,196667,春秋臣傳,春秋臣傳/卷十六,春秋臣傳,16,scrape_output\raw\宋朝\春秋臣傳\春秋臣傳__juan_16.txt,scrape_output\clean\宋朝\春秋臣傳\春秋臣傳__juan_16.txt,0,0,1
宋朝,196667,春秋臣傳,春秋臣傳/卷十七,春秋臣傳,17,scrape_output\raw\宋朝\春秋臣傳\春秋臣傳__juan_17.txt,scrape_output\clean\宋朝\春秋臣傳\春秋臣傳__juan_17.txt,0,0,1
宋朝,196667,春秋臣傳,春秋臣傳/卷十八,春秋臣傳,18,scrape_output\raw\宋朝\春秋臣傳\春秋臣傳__juan_18.txt,scrape_output\clean\宋朝\春秋臣傳\春秋臣傳__juan_18.txt,0,0,1
宋朝,196667,春秋臣傳,春秋臣傳/卷十九,春秋臣傳,19,scrape_output\raw\宋朝\春秋臣傳\春秋臣傳__juan_19.txt,scrape_output\clean\宋朝\春秋臣傳\春秋臣傳__juan_19.txt,0,0,1
宋朝,196667,春秋臣傳,春秋臣傳/卷二十,春秋臣傳,20,scrape_output\raw\宋朝\春秋臣傳\春秋臣傳__juan_20.txt,scrape_output\clean\宋朝\春秋臣傳\春秋臣傳__juan_20.txt,0,0,1
宋朝,196667,春秋臣傳,春秋臣傳/卷二十一,春秋臣傳,21,scrape_output\raw\宋朝\春秋臣傳\春秋臣傳__juan_21.txt,scrape_output\clean\宋朝\春秋臣傳\春秋臣傳__juan_21.txt,0,0,1
宋朝,196667,春秋臣傳,春秋臣傳/卷二十二,春秋臣傳,22,scrape_output\raw\宋朝\春秋臣傳\春秋臣傳__juan_22.txt,scrape_output\clean\宋朝\春秋臣傳\春秋臣傳__juan_22.txt,0,0,1
宋朝,196667,春秋臣傳,春秋臣傳/卷二十三,春秋臣傳,23,scrape_output\raw\宋朝\春秋臣傳\春秋臣傳__juan_23.txt,scrape_output\clean\宋朝\春秋臣傳\春秋臣傳__juan_23.txt,0,0,1
宋朝,196667,春秋臣傳,春秋臣傳/卷二十四,春秋臣傳,24,scrape_output\raw\宋朝\春秋臣傳\春秋臣傳__juan_24.txt,scrape_output\clean\宋朝\春秋臣傳\春秋臣傳__juan_24.txt,0,0,1
宋朝,196667,春秋臣傳,春秋臣傳/卷二十五,春秋臣傳,25,scrape_output\raw\宋朝\春秋臣傳\春秋臣傳__juan_25.txt,scrape_output\clean\宋朝\春秋臣傳\春秋臣傳__juan_25.txt,0,0,1
宋朝,196667,春秋臣傳,春秋臣傳/卷二十六,春秋臣傳,26,scrape_output\raw\宋朝\春秋臣傳\春秋臣傳__juan_26.txt,scrape_output\clean\宋朝\春秋臣傳\春秋臣傳__juan_26.txt,0,0,1
宋朝,196667,春秋臣傳,春秋臣傳/卷二十七,春秋臣傳,27,scrape_output\raw\宋朝\春秋臣傳\春秋臣傳__juan_27.txt,scrape_output\clean\宋朝\春秋臣傳\春秋臣傳__juan_27.txt,0,0,1
宋朝,196667,春秋臣傳,春秋臣傳/卷二十八,春秋臣傳,28,scrape_output\raw\宋朝\春秋臣傳\春秋臣傳__juan_28.txt,scrape_output\clean\宋朝\春秋臣傳\春秋臣傳__juan_28.txt,0,0,1
宋朝,196667,春秋臣傳,春秋臣傳/卷二十九,春秋臣傳,29,scrape_output\raw\宋朝\春秋臣傳\春秋臣傳__juan_29.txt,scrape_output\clean\宋朝\春秋臣傳\春秋臣傳__juan_29.txt,0,0,1
宋朝,196667,春秋臣傳,春秋臣傳/卷三十,春秋臣傳,30,scrape_output\raw\宋朝\春秋臣傳\春秋臣傳__juan_30.txt,scrape_output\clean\宋朝\春秋臣傳\春秋臣傳__juan_30.txt,0,0,1
宋朝,29666,昭君怨,昭君怨·詠荷上雨,昭君怨,1,scrape_output\raw\宋朝\昭君怨\昭君怨__juan_01.txt,scrape_output\clean\宋朝\昭君怨\昭君怨__juan_01.txt,189,95,0
宋朝,29666,昭君怨,昭君怨·賦松上鷗,昭君怨,2,scrape_output\raw\宋朝\昭君怨\昭君怨__juan_02.txt,scrape_output\clean\宋朝\昭君怨\昭君怨__juan_02.txt,156,64,0
宋朝,155912,昭君怨 (万俟雅言),昭君怨 (万俟雅言),昭君怨 (万俟雅言),1,scrape_output\raw\宋朝\昭君怨 (万俟雅言)\昭君怨 (万俟雅言)__juan_01.txt,scrape_output\clean\宋朝\昭君怨 (万俟雅言)\昭君怨 (万俟雅言)__juan_01.txt,162,70,0
宋朝,32647,昭州自強齋,昭州自強齋,昭州自強齋,1,scrape_output\raw\宋朝\昭州自強齋\昭州自強齋__juan_01.txt,scrape_output\clean\宋朝\昭州自強齋\昭州自強齋__juan_01.txt,134,86,0
宋朝,200627,昭陵六馬詩,昭陵六馬詩,昭陵六馬詩,1,scrape_output\raw\宋朝\昭陵六馬詩\昭陵六馬詩__juan_01.txt,scrape_output\clean\宋朝\昭陵六馬詩\昭陵六馬詩__juan_01.txt,260,168,0
宋朝,200987,昭靈夫人祠詩,昭靈夫人祠詩,昭靈夫人祠詩,1,scrape_output\raw\宋朝\昭靈夫人祠詩\昭靈夫人祠詩__juan_01.txt,scrape_output\clean\宋朝\昭靈夫人祠詩\昭靈夫人祠詩__juan_01.txt,130,38,0
宋朝,352249,是齋百一選方,是齋百一選方/卷之一,是齋百一選方,1,scrape_output\raw\宋朝\是齋百一選方\是齋百一選方__juan_01.txt,scrape_output\clean\宋朝\是齋百一選方\是齋百一選方__juan_01.txt,5716,5709,0
宋朝,352249,是齋百一選方,是齋百一選方/卷之七,是齋百一選方,2,scrape_output\raw\宋朝\是齋百一選方\是齋百一選方__juan_02.txt,scrape_output\clean\宋朝\是齋百一選方\是齋百一選方__juan_02.txt,4396,4386,0
宋朝,352249,是齋百一選方,是齋百一選方/卷之三,是齋百一選方,3,scrape_output\raw\宋朝\是齋百一選方\是齋百一選方__juan_03.txt,scrape_output\clean\宋朝\是齋百一選方\是齋百一選方__juan_03.txt,4044,4026,0
宋朝,352249,是齋百一選方,是齋百一選方/卷之九,是齋百一選方,4,scrape_output\raw\宋朝\是齋百一選方\是齋百一選方__juan_04.txt,scrape_output\clean\宋朝\是齋百一選方\是齋百一選方__juan_04.txt,5604,5595,0
宋朝,352249,是齋百一選方,是齋百一選方/卷之二,是齋百一選方,5,scrape_output\raw\宋朝\是齋百一選方\是齋百一選方__juan_05.txt,scrape_output\clean\宋朝\是齋百一選方\是齋百一選方__juan_05.txt,7673,7664,0
宋朝,352249,是齋百一選方,是齋百一選方/卷之二十,是齋百一選方,6,scrape_output\raw\宋朝\是齋百一選方\是齋百一選方__juan_06.txt,scrape_output\clean\宋朝\是齋百一選方\是齋百一選方__juan_06.txt,8200,8195,0
宋朝,352249,是齋百一選方,是齋百一選方/卷之五,是齋百一選方,7,scrape_output\raw\宋朝\是齋百一選方\是齋百一選方__juan_07.txt,scrape_output\clean\宋朝\是齋百一選方\是齋百一選方__juan_07.txt,7853,7848,0
宋朝,352249,是齋百一選方,是齋百一選方/卷之八,是齋百一選方,8,scrape_output\raw\宋朝\是齋百一選方\是齋百一選方__juan_08.txt,scrape_output\clean\宋朝\是齋百一選方\是齋百一選方__juan_08.txt,5188,5183,0
宋朝,352249,是齋百一選方,是齋百一選方/卷之六,是齋百一選方,9,scrape_output\raw\宋朝\是齋百一選方\是齋百一選方__juan_09.txt,scrape_output\clean\宋朝\是齋百一選方\是齋百一選方__juan_09.txt,8754,8746,0
宋朝,352249,是齋百一選方,是齋百一選方/卷之十,是齋百一選方,10,scrape_output\raw\宋朝\是齋百一選方\是齋百一選方__juan_10.txt,scrape_output\clean\宋朝\是齋百一選方\是齋百一選方__juan_10.txt,4288,4280,0
宋朝,352249,是齋百一選方,是齋百一選方/卷之十一,是齋百一選方,11,scrape_output\raw\宋朝\是齋百一選方\是齋百一選方__juan_11.txt,scrape_output\clean\宋朝\是齋百一選方\是齋百一選方__juan_11.txt,5587,5587,0
宋朝,352249,是齋百一選方,是齋百一選方/卷之十七,是齋百一選方,12,scrape_output\raw\宋朝\是齋百一選方\是齋百一選方__juan_12.txt,scrape_output\clean\宋朝\是齋百一選方\是齋百一選方__juan_12.txt,4268,4265,0
宋朝,352249,是齋百一選方,是齋百一選方/卷之十三,是齋百一選方,13,scrape_output\raw\宋朝\是齋百一選方\是齋百一選方__juan_13.txt,scrape_output\clean\宋朝\是齋百一選方\是齋百一選方__juan_13.txt,5417,5409,0
宋朝,352249,是齋百一選方,是齋百一選方/卷之十九,是齋百一選方,14,scrape_output\raw\宋朝\是齋百一選方\是齋百一選方__juan_14.txt,scrape_output\clean\宋朝\是齋百一選方\是齋百一選方__juan_14.txt,6133,6133,0
宋朝,352249,是齋百一選方,是齋百一選方/卷之十二,是齋百一選方,15,scrape_output\raw\宋朝\是齋百一選方\是齋百一選方__juan_15.txt,scrape_output\clean\宋朝\是齋百一選方\是齋百一選方__juan_15.txt,4852,4841,0
宋朝,352249,是齋百一選方,是齋百一選方/卷之十五,是齋百一選方,16,scrape_output\raw\宋朝\是齋百一選方\是齋百一選方__juan_16.txt,scrape_output\clean\宋朝\是齋百一選方\是齋百一選方__juan_16.txt,6537,6532,0
宋朝,352249,是齋百一選方,是齋百一選方/卷之十八,是齋百一選方,17,scrape_output\raw\宋朝\是齋百一選方\是齋百一選方__juan_17.txt,scrape_output\clean\宋朝\是齋百一選方\是齋百一選方__juan_17.txt,5210,5202,0
宋朝,352249,是齋百一選方,是齋百一選方/卷之十六,是齋百一選方,18,scrape_output\raw\宋朝\是齋百一選方\是齋百一選方__juan_18.txt,scrape_output\clean\宋朝\是齋百一選方\是齋百一選方__juan_18.txt,7226,7222,0
宋朝,352249,是齋百一選方,是齋百一選方/卷之十四,是齋百一選方,19,scrape_output\raw\宋朝\是齋百一選方\是齋百一選方__juan_19.txt,scrape_output\clean\宋朝\是齋百一選方\是齋百一選方__juan_19.txt,3737,3732,0
宋朝,352249,是齋百一選方,是齋百一選方/卷之四,是齋百一選方,20,scrape_output\raw\宋朝\是齋百一選方\是齋百一選方__juan_20.txt,scrape_output\clean\宋朝\是齋百一選方\是齋百一選方__juan_20.txt,6511,6505,0
宋朝,37352,晁無咎張文潛見過,晁無咎張文潛見過,晁無咎張文潛見過,1,scrape_output\raw\宋朝\晁無咎張文潛見過\晁無咎張文潛見過__juan_01.txt,scrape_output\clean\宋朝\晁無咎張文潛見過\晁無咎張文潛見過__juan_01.txt,136,89,0
宋朝,180811,時賢本事曲子集,時賢本事曲子集,時賢本事曲子集,1,scrape_output\raw\宋朝\時賢本事曲子集\時賢本事曲子集__juan_01.txt,scrape_output\clean\宋朝\時賢本事曲子集\時賢本事曲子集__juan_01.txt,3857,3837,0
宋朝,29515,晚寒,晚寒,晚寒,1,scrape_output\raw\宋朝\晚寒\晚寒__juan_01.txt,scrape_output\clean\宋朝\晚寒\晚寒__juan_01.txt,133,89,0
宋朝,200248,晚春田園雜興,晚春田園雜興,晚春田園雜興,1,scrape_output\raw\宋朝\晚春田園雜興\晚春田園雜興__juan_01.txt,scrape_output\clean\宋朝\晚春田園雜興\晚春田園雜興__juan_01.txt,1061,573,0
宋朝,35639,晚步東郊,晚步東郊,晚步東郊,1,scrape_output\raw\宋朝\晚步東郊\晚步東郊__juan_01.txt,scrape_output\clean\宋朝\晚步東郊\晚步東郊__juan_01.txt,136,89,0
宋朝,179073,晚立普明寺門時已過立春去除夕三日爾將歸有歎,晚立普明寺門時已過立春去除夕三日爾將歸有歎,晚立普明寺門時已過立春去除夕三日爾將歸有歎,1,scrape_output\raw\宋朝\晚立普明寺門時已過立春去除夕三日爾將歸有歎\晚立普明寺門時已過立春去除夕三日爾將歸有歎__juan_01.txt,scrape_output\clean\宋朝\晚立普明寺門時已過立春去除夕三日爾將歸有歎\晚立普明寺門時已過立春去除夕三日爾將歸有歎__juan_01.txt,185,141,0
宋朝,106098,景定嚴州續誌,景定嚴州續誌,景定嚴州續誌,1,scrape_output\raw\宋朝\景定嚴州續誌\景定嚴州續誌__juan_01.txt,scrape_output\clean\宋朝\景定嚴州續誌\景定嚴州續誌__juan_01.txt,42031,41926,0
宋朝,37349,暑雨,暑雨,暑雨,1,scrape_output\raw\宋朝\暑雨\暑雨__juan_01.txt,scrape_output\clean\宋朝\暑雨\暑雨__juan_01.txt,136,89,0
宋朝,158780,暮春即事,暮春即事,暮春即事,1,scrape_output\raw\宋朝\暮春即事\暮春即事__juan_01.txt,scrape_output\clean\宋朝\暮春即事\暮春即事__juan_01.txt,121,73,0
宋朝,344178,暮春山間,暮春山間,暮春山間,1,scrape_output\raw\宋朝\暮春山間\暮春山間__juan_01.txt,scrape_output\clean\宋朝\暮春山間\暮春山間__juan_01.txt,181,85,0
宋朝,28489,曉出淨慈寺送林子方,曉出淨慈寺送林子方,曉出淨慈寺送林子方,1,scrape_output\raw\宋朝\曉出淨慈寺送林子方\曉出淨慈寺送林子方__juan_01.txt,scrape_output\clean\宋朝\曉出淨慈寺送林子方\曉出淨慈寺送林子方__juan_01.txt,126,34,0
宋朝,51743,曉夢 (李清照),曉夢 (李清照),曉夢 (李清照),1,scrape_output\raw\宋朝\曉夢 (李清照)\曉夢 (李清照)__juan_01.txt,scrape_output\clean\宋朝\曉夢 (李清照)\曉夢 (李清照)__juan_01.txt,241,149,0
宋朝,179213,曉泊舟廟山,曉泊舟廟山,曉泊舟廟山,1,scrape_output\raw\宋朝\曉泊舟廟山\曉泊舟廟山__juan_01.txt,scrape_output\clean\宋朝\曉泊舟廟山\曉泊舟廟山__juan_01.txt,133,89,0
宋朝,35666,曉行,曉行,曉行,1,scrape_output\raw\宋朝\曉行\曉行__juan_01.txt,scrape_output\clean\宋朝\曉行\曉行__juan_01.txt,114,69,0
宋朝,59242,曉行望雲山,曉行望雲山,曉行望雲山,1,scrape_output\raw\宋朝\曉行望雲山\曉行望雲山__juan_01.txt,scrape_output\clean\宋朝\曉行望雲山\曉行望雲山__juan_01.txt,126,34,0
宋朝,187829,曉起(范成大),曉起(范成大),曉起(范成大),1,scrape_output\raw\宋朝\曉起(范成大)\曉起(范成大)__juan_01.txt,scrape_output\clean\宋朝\曉起(范成大)\曉起(范成大)__juan_01.txt,110,65,0
宋朝,201349,書敘指南,書敘指南/卷一,書敘指南,1,scrape_output\raw\宋朝\書敘指南\書敘指南__juan_01.txt,scrape_output\clean\宋朝\書敘指南\書敘指南__juan_01.txt,2018,2012,0
宋朝,201349,書敘指南,書敘指南/卷二,書敘指南,2,scrape_output\raw\宋朝\書敘指南\書敘指南__juan_02.txt,scrape_output\clean\宋朝\書敘指南\書敘指南__juan_02.txt,150,130,0
宋朝,201349,書敘指南,書敘指南/卷三,書敘指南,3,scrape_output\raw\宋朝\書敘指南\書敘指南__juan_03.txt,scrape_output\clean\宋朝\書敘指南\書敘指南__juan_03.txt,0,0,1
宋朝,201349,書敘指南,書敘指南/卷四,書敘指南,4,scrape_output\raw\宋朝\書敘指南\書敘指南__juan_04.txt,scrape_output\clean\宋朝\書敘指南\書敘指南__juan_04.txt,0,0,1
宋朝,201349,書敘指南,書敘指南/卷五,書敘指南,5,scrape_output\raw\宋朝\書敘指南\書敘指南__juan_05.txt,scrape_output\clean\宋朝\書敘指南\書敘指南__juan_05.txt,0,0,1
宋朝,201349,書敘指南,書敘指南/卷六,書敘指南,6,scrape_output\raw\宋朝\書敘指南\書敘指南__juan_06.txt,scrape_output\clean\宋朝\書敘指南\書敘指南__juan_06.txt,0,0,1
宋朝,201349,書敘指南,書敘指南/卷七,書敘指南,7,scrape_output\raw\宋朝\書敘指南\書敘指南__juan_07.txt,scrape_output\clean\宋朝\書敘指南\書敘指南__juan_07.txt,0,0,1
宋朝,201349,書敘指南,書敘指南/卷八,書敘指南,8,scrape_output\raw\宋朝\書敘指南\書敘指南__juan_08.txt,scrape_output\clean\宋朝\書敘指南\書敘指南__juan_08.txt,0,0,1
宋朝,201349,書敘指南,書敘指南/卷九,書敘指南,9,scrape_output\raw\宋朝\書敘指南\書敘指南__juan_09.txt,scrape_output\clean\宋朝\書敘指南\書敘指南__juan_09.txt,0,0,1
宋朝,201349,書敘指南,書敘指南/卷十,書敘指南,10,scrape_output\raw\宋朝\書敘指南\書敘指南__juan_10.txt,scrape_output\clean\宋朝\書敘指南\書敘指南__juan_10.txt,0,0,1
宋朝,201349,書敘指南,書敘指南/卷十一,書敘指南,11,scrape_output\raw\宋朝\書敘指南\書敘指南__juan_11.txt,scrape_output\clean\宋朝\書敘指南\書敘指南__juan_11.txt,0,0,1
宋朝,201349,書敘指南,書敘指南/卷十二,書敘指南,12,scrape_output\raw\宋朝\書敘指南\書敘指南__juan_12.txt,scrape_output\clean\宋朝\書敘指南\書敘指南__juan_12.txt,0,0,1
宋朝,201349,書敘指南,書敘指南/卷十三,書敘指南,13,scrape_output\raw\宋朝\書敘指南\書敘指南__juan_13.txt,scrape_output\clean\宋朝\書敘指南\書敘指南__juan_13.txt,0,0,1
宋朝,201349,書敘指南,書敘指南/卷十四,書敘指南,14,scrape_output\raw\宋朝\書敘指南\書敘指南__juan_14.txt,scrape_output\clean\宋朝\書敘指南\書敘指南__juan_14.txt,0,0,1
宋朝,201349,書敘指南,書敘指南/卷十五,書敘指南,15,scrape_output\raw\宋朝\書敘指南\書敘指南__juan_15.txt,scrape_output\clean\宋朝\書敘指南\書敘指南__juan_15.txt,0,0,1
宋朝,201349,書敘指南,書敘指南/卷十六,書敘指南,16,scrape_output\raw\宋朝\書敘指南\書敘指南__juan_16.txt,scrape_output\clean\宋朝\書敘指南\書敘指南__juan_16.txt,0,0,1
宋朝,201349,書敘指南,書敘指南/卷十七,書敘指南,17,scrape_output\raw\宋朝\書敘指南\書敘指南__juan_17.txt,scrape_output\clean\宋朝\書敘指南\書敘指南__juan_17.txt,0,0,1
宋朝,201349,書敘指南,書敘指南/卷十八,書敘指南,18,scrape_output\raw\宋朝\書敘指南\書敘指南__juan_18.txt,scrape_output\clean\宋朝\書敘指南\書敘指南__juan_18.txt,0,0,1
宋朝,201349,書敘指南,書敘指南/卷十九,書敘指南,19,scrape_output\raw\宋朝\書敘指南\書敘指南__juan_19.txt,scrape_output\clean\宋朝\書敘指南\書敘指南__juan_19.txt,0,0,1
宋朝,201349,書敘指南,書敘指南/卷二十,書敘指南,20,scrape_output\raw\宋朝\書敘指南\書敘指南__juan_20.txt,scrape_output\clean\宋朝\書敘指南\書敘指南__juan_20.txt,0,0,1
宋朝,11352,書洛陽名園記後,書洛陽名園記後,書洛陽名園記後,1,scrape_output\raw\宋朝\書洛陽名園記後\書洛陽名園記後__juan_01.txt,scrape_output\clean\宋朝\書洛陽名園記後\書洛陽名園記後__juan_01.txt,451,350,0
宋朝,29783,書通濟僧壁,書通濟僧壁,書通濟僧壁,1,scrape_output\raw\宋朝\書通濟僧壁\書通濟僧壁__juan_01.txt,scrape_output\clean\宋朝\書通濟僧壁\書通濟僧壁__juan_01.txt,143,99,0
宋朝,99161,書鄭君乘絹紙,書鄭君乘絹紙,書鄭君乘絹紙,1,scrape_output\raw\宋朝\書鄭君乘絹紙\書鄭君乘絹紙__juan_01.txt,scrape_output\clean\宋朝\書鄭君乘絹紙\書鄭君乘絹紙__juan_01.txt,304,181,0
宋朝,185631,曾鞏哀詞,曾鞏哀詞,曾鞏哀詞,1,scrape_output\raw\宋朝\曾鞏哀詞\曾鞏哀詞__juan_01.txt,scrape_output\clean\宋朝\曾鞏哀詞\曾鞏哀詞__juan_01.txt,498,453,0
宋朝,185624,曾鞏墓誌,曾鞏墓誌,曾鞏墓誌,1,scrape_output\raw\宋朝\曾鞏墓誌\曾鞏墓誌__juan_01.txt,scrape_output\clean\宋朝\曾鞏墓誌\曾鞏墓誌__juan_01.txt,2678,2574,0
宋朝,185625,曾鞏神道碑,曾鞏神道碑,曾鞏神道碑,1,scrape_output\raw\宋朝\曾鞏神道碑\曾鞏神道碑__juan_01.txt,scrape_output\clean\宋朝\曾鞏神道碑\曾鞏神道碑__juan_01.txt,1844,1745,0
宋朝,188380,會稽志,會稽志/卷一,會稽志,1,scrape_output\raw\宋朝\會稽志\會稽志__juan_01.txt,scrape_output\clean\宋朝\會稽志\會稽志__juan_01.txt,378,378,0
宋朝,889514,月中行 (吳文英),月中行 (吳文英),月中行 (吳文英),1,scrape_output\raw\宋朝\月中行 (吳文英)\月中行 (吳文英)__juan_01.txt,scrape_output\clean\宋朝\月中行 (吳文英)\月中行 (吳文英)__juan_01.txt,144,100,0
宋朝,195258,月光菩薩經,月光菩薩經,月光菩薩經,1,scrape_output\raw\宋朝\月光菩薩經\月光菩薩經__juan_01.txt,scrape_output\clean\宋朝\月光菩薩經\月光菩薩經__juan_01.txt,3051,3051,0
宋朝,29866,月夜 (邵雍),月夜 (邵雍),月夜 (邵雍),1,scrape_output\raw\宋朝\月夜 (邵雍)\月夜 (邵雍)__juan_01.txt,scrape_output\clean\宋朝\月夜 (邵雍)\月夜 (邵雍)__juan_01.txt,133,89,0
宋朝,37315,月巖齋詩,月巖齋詩,月巖齋詩,1,scrape_output\raw\宋朝\月巖齋詩\月巖齋詩__juan_01.txt,scrape_output\clean\宋朝\月巖齋詩\月巖齋詩__juan_01.txt,479,405,0
宋朝,194286,有虞氏,有虞氏,有虞氏,1,scrape_output\raw\宋朝\有虞氏\有虞氏__juan_01.txt,scrape_output\clean\宋朝\有虞氏\有虞氏__juan_01.txt,126,34,0
宋朝,35664,望金陵行闕,望金陵行闕,望金陵行闕,1,scrape_output\raw\宋朝\望金陵行闕\望金陵行闕__juan_01.txt,scrape_output\clean\宋朝\望金陵行闕\望金陵行闕__juan_01.txt,152,105,0
宋朝,136061,朝野僉言,朝野僉言,朝野僉言,1,scrape_output\raw\宋朝\朝野僉言\朝野僉言__juan_01.txt,scrape_output\clean\宋朝\朝野僉言\朝野僉言__juan_01.txt,994,950,0
宋朝,108099,朝野遺記,朝野遺記,朝野遺記,1,scrape_output\raw\宋朝\朝野遺記\朝野遺記__juan_01.txt,scrape_output\clean\宋朝\朝野遺記\朝野遺記__juan_01.txt,4283,4191,0
宋朝,29835,朝陰,朝陰,朝陰,1,scrape_output\raw\宋朝\朝陰\朝陰__juan_01.txt,scrape_output\clean\宋朝\朝陰\朝陰__juan_01.txt,441,397,0
宋朝,37340,木文真人章聖朝合州進到其事甚怪至京其木中人呼萬歲者三韶賜崇福宮,木文真人章聖朝合州進到其事甚怪至京其木中人呼萬歲者三韶賜崇福宮,木文真人章聖朝合州進到其事甚怪至京其木中人呼萬歲者三韶賜崇福宮,1,scrape_output\raw\宋朝\木文真人章聖朝合州進到其事甚怪至京其木中人呼萬歲者三韶賜崇福宮\木文真人章聖朝合州進到其事甚怪至京其木中人呼萬歲者三韶賜崇福宮__juan_01.txt,scrape_output\clean\宋朝\木文真人章聖朝合州進到其事甚怪至京其木中人呼萬歲者三韶賜崇福宮\木文真人章聖朝合州進到其事甚怪至京其木中人呼萬歲者三韶賜崇福宮__juan_01.txt,241,187,0
宋朝,178827,木樨二絶句,木樨二絶句,木樨二絶句,1,scrape_output\raw\宋朝\木樨二絶句\木樨二絶句__juan_01.txt,scrape_output\clean\宋朝\木樨二絶句\木樨二絶句__juan_01.txt,155,111,0
宋朝,178828,木樨二絶句 (只道秋花艷未强),木樨二絶句 (只道秋花艷未强),木樨二絶句 (只道秋花艷未强),1,scrape_output\raw\宋朝\木樨二絶句 (只道秋花艷未强)\木樨二絶句 (只道秋花艷未强)__juan_01.txt,scrape_output\clean\宋朝\木樨二絶句 (只道秋花艷未强)\木樨二絶句 (只道秋花艷未强)__juan_01.txt,113,69,0
宋朝,178829,木樨二絶句 (輕薄西風未辦霜),木樨二絶句 (輕薄西風未辦霜),木樨二絶句 (輕薄西風未辦霜),1,scrape_output\raw\宋朝\木樨二絶句 (輕薄西風未辦霜)\木樨二絶句 (輕薄西風未辦霜)__juan_01.txt,scrape_output\clean\宋朝\木樨二絶句 (輕薄西風未辦霜)\木樨二絶句 (輕薄西風未辦霜)__juan_01.txt,113,69,0
宋朝,112638,木蘭花令 (李清照),木蘭花令 (李清照),木蘭花令 (李清照),1,scrape_output\raw\宋朝\木蘭花令 (李清照)\木蘭花令 (李清照)__juan_01.txt,scrape_output\clean\宋朝\木蘭花令 (李清照)\木蘭花令 (李清照)__juan_01.txt,161,115,0
宋朝,189827,本心斋疏食谱,本心斋疏食谱,本心斋疏食谱,1,scrape_output\raw\宋朝\本心斋疏食谱\本心斋疏食谱__juan_01.txt,scrape_output\clean\宋朝\本心斋疏食谱\本心斋疏食谱__juan_01.txt,2527,2489,0
宋朝,56557,朱子讀書法,朱子讀書法,朱子讀書法,1,scrape_output\raw\宋朝\朱子讀書法\朱子讀書法__juan_01.txt,scrape_output\clean\宋朝\朱子讀書法\朱子讀書法__juan_01.txt,21150,20724,0
宋朝,29674,朱氏天和堂,朱氏天和堂,朱氏天和堂,1,scrape_output\raw\宋朝\朱氏天和堂\朱氏天和堂__juan_01.txt,scrape_output\clean\宋朝\朱氏天和堂\朱氏天和堂__juan_01.txt,203,157,0
宋朝,149666,村晚,村晚,村晚,1,scrape_output\raw\宋朝\村晚\村晚__juan_01.txt,scrape_output\clean\宋朝\村晚\村晚__juan_01.txt,117,73,0
宋朝,24911,村行 (王禹偁),村行 (王禹偁),村行 (王禹偁),1,scrape_output\raw\宋朝\村行 (王禹偁)\村行 (王禹偁)__juan_01.txt,scrape_output\clean\宋朝\村行 (王禹偁)\村行 (王禹偁)__juan_01.txt,155,108,0
宋朝,180751,杜工部草堂詩話,杜工部草堂詩話,杜工部草堂詩話,1,scrape_output\raw\宋朝\杜工部草堂詩話\杜工部草堂詩話__juan_01.txt,scrape_output\clean\宋朝\杜工部草堂詩話\杜工部草堂詩話__juan_01.txt,17083,16860,0
宋朝,1145678,東人之文四六,東人之文四六/卷一,東人之文四六,1,scrape_output\raw\宋朝\東人之文四六\東人之文四六__juan_01.txt,scrape_output\clean\宋朝\東人之文四六\東人之文四六__juan_01.txt,8201,8177,0
宋朝,1145678,東人之文四六,東人之文四六/卷二,東人之文四六,2,scrape_output\raw\宋朝\東人之文四六\東人之文四六__juan_02.txt,scrape_output\clean\宋朝\東人之文四六\東人之文四六__juan_02.txt,9584,9475,0
宋朝,1145678,東人之文四六,東人之文四六/卷三,東人之文四六,3,scrape_output\raw\宋朝\東人之文四六\東人之文四六__juan_03.txt,scrape_output\clean\宋朝\東人之文四六\東人之文四六__juan_03.txt,8905,8775,0
宋朝,1145678,東人之文四六,東人之文四六/卷四,東人之文四六,4,scrape_output\raw\宋朝\東人之文四六\東人之文四六__juan_04.txt,scrape_output\clean\宋朝\東人之文四六\東人之文四六__juan_04.txt,7500,7444,0
宋朝,1145678,東人之文四六,東人之文四六/卷五,東人之文四六,5,scrape_output\raw\宋朝\東人之文四六\東人之文四六__juan_05.txt,scrape_output\clean\宋朝\東人之文四六\東人之文四六__juan_05.txt,9275,9257,0
宋朝,1145678,東人之文四六,東人之文四六/卷六,東人之文四六,6,scrape_output\raw\宋朝\東人之文四六\東人之文四六__juan_06.txt,scrape_output\clean\宋朝\東人之文四六\東人之文四六__juan_06.txt,8327,8268,0
宋朝,1145678,東人之文四六,東人之文四六/卷七,東人之文四六,7,scrape_output\raw\宋朝\東人之文四六\東人之文四六__juan_07.txt,scrape_output\clean\宋朝\東人之文四六\東人之文四六__juan_07.txt,7876,7847,0
宋朝,1145678,東人之文四六,東人之文四六/卷八,東人之文四六,8,scrape_output\raw\宋朝\東人之文四六\東人之文四六__juan_08.txt,scrape_output\clean\宋朝\東人之文四六\東人之文四六__juan_08.txt,9580,9563,0
宋朝,1145678,東人之文四六,東人之文四六/卷九,東人之文四六,9,scrape_output\raw\宋朝\東人之文四六\東人之文四六__juan_09.txt,scrape_output\clean\宋朝\東人之文四六\東人之文四六__juan_09.txt,8630,8558,0
宋朝,1145678,東人之文四六,東人之文四六/卷十,東人之文四六,10,scrape_output\raw\宋朝\東人之文四六\東人之文四六__juan_10.txt,scrape_output\clean\宋朝\東人之文四六\東人之文四六__juan_10.txt,8713,8668,0
宋朝,1145678,東人之文四六,東人之文四六/卷十一,東人之文四六,11,scrape_output\raw\宋朝\東人之文四六\東人之文四六__juan_11.txt,scrape_output\clean\宋朝\東人之文四六\東人之文四六__juan_11.txt,9078,9021,0
宋朝,1145678,東人之文四六,東人之文四六/卷十二,東人之文四六,12,scrape_output\raw\宋朝\東人之文四六\東人之文四六__juan_12.txt,scrape_output\clean\宋朝\東人之文四六\東人之文四六__juan_12.txt,9536,9476,0
宋朝,1145678,東人之文四六,東人之文四六/卷十三,東人之文四六,13,scrape_output\raw\宋朝\東人之文四六\東人之文四六__juan_13.txt,scrape_output\clean\宋朝\東人之文四六\東人之文四六__juan_13.txt,7992,7982,0
宋朝,1145678,東人之文四六,東人之文四六/卷十四,東人之文四六,14,scrape_output\raw\宋朝\東人之文四六\東人之文四六__juan_14.txt,scrape_output\clean\宋朝\東人之文四六\東人之文四六__juan_14.txt,8761,8741,0
宋朝,1145678,東人之文四六,東人之文四六/卷十五,東人之文四六,15,scrape_output\raw\宋朝\東人之文四六\東人之文四六__juan_15.txt,scrape_output\clean\宋朝\東人之文四六\東人之文四六__juan_15.txt,9657,9638,0
宋朝,41298,東湖探梅,東湖探梅,東湖探梅,1,scrape_output\raw\宋朝\東湖探梅\東湖探梅__juan_01.txt,scrape_output\clean\宋朝\東湖探梅\東湖探梅__juan_01.txt,113,69,0
宋朝,24921,東溪,東溪,東溪,1,scrape_output\raw\宋朝\東溪\東溪__juan_01.txt,scrape_output\clean\宋朝\東溪\東溪__juan_01.txt,152,105,0
宋朝,56843,東溪試茶錄,東溪試茶錄,東溪試茶錄,1,scrape_output\raw\宋朝\東溪試茶錄\東溪試茶錄__juan_01.txt,scrape_output\clean\宋朝\東溪試茶錄\東溪試茶錄__juan_01.txt,4026,3922,0
宋朝,876355,東溪試茶錄序,東溪試茶錄序,東溪試茶錄序,1,scrape_output\raw\宋朝\東溪試茶錄序\東溪試茶錄序__juan_01.txt,scrape_output\clean\宋朝\東溪試茶錄序\東溪試茶錄序__juan_01.txt,735,691,0
宋朝,112941,東谷隨筆,東谷隨筆,東谷隨筆,1,scrape_output\raw\宋朝\東谷隨筆\東谷隨筆__juan_01.txt,scrape_output\clean\宋朝\東谷隨筆\東谷隨筆__juan_01.txt,7609,7599,0
宋朝,33840,松漠紀聞,松漠紀聞,松漠紀聞,1,scrape_output\raw\宋朝\松漠紀聞\松漠紀聞__juan_01.txt,scrape_output\clean\宋朝\松漠紀聞\松漠紀聞__juan_01.txt,15100,14936,0
宋朝,33842,松漠紀聞續,松漠紀聞續,松漠紀聞續,1,scrape_output\raw\宋朝\松漠紀聞續\松漠紀聞續__juan_01.txt,scrape_output\clean\宋朝\松漠紀聞續\松漠紀聞續__juan_01.txt,5878,5771,0
宋朝,33843,松漠紀聞補遺,松漠紀聞補遺,松漠紀聞補遺,1,scrape_output\raw\宋朝\松漠紀聞補遺\松漠紀聞補遺__juan_01.txt,scrape_output\clean\宋朝\松漠紀聞補遺\松漠紀聞補遺__juan_01.txt,1108,1008,0
宋朝,35661,林元復輓詩,林元復輓詩,林元復輓詩,1,scrape_output\raw\宋朝\林元復輓詩\林元復輓詩__juan_01.txt,scrape_output\clean\宋朝\林元復輓詩\林元復輓詩__juan_01.txt,152,105,0
宋朝,56748,林泉高致集,林泉高致集,林泉高致集,1,scrape_output\raw\宋朝\林泉高致集\林泉高致集__juan_01.txt,scrape_output\clean\宋朝\林泉高致集\林泉高致集__juan_01.txt,8007,7863,0
宋朝,107673,林間錄,林間錄,林間錄,1,scrape_output\raw\宋朝\林間錄\林間錄__juan_01.txt,scrape_output\clean\宋朝\林間錄\林間錄__juan_01.txt,53003,52940,0
宋朝,180029,柳梢青 (朱淑真),柳梢青 (朱淑真),柳梢青 (朱淑真),1,scrape_output\raw\宋朝\柳梢青 (朱淑真)\柳梢青 (朱淑真)__juan_01.txt,scrape_output\clean\宋朝\柳梢青 (朱淑真)\柳梢青 (朱淑真)__juan_01.txt,291,199,0
宋朝,35695,栽牡丹,栽牡丹,栽牡丹,1,scrape_output\raw\宋朝\栽牡丹\栽牡丹__juan_01.txt,scrape_output\clean\宋朝\栽牡丹\栽牡丹__juan_01.txt,114,68,0
宋朝,108599,桂海虞衡志,桂海虞衡志,桂海虞衡志,1,scrape_output\raw\宋朝\桂海虞衡志\桂海虞衡志__juan_01.txt,scrape_output\clean\宋朝\桂海虞衡志\桂海虞衡志__juan_01.txt,13518,13473,0
宋朝,107808,梁公九諫,梁公九諫,梁公九諫,1,scrape_output\raw\宋朝\梁公九諫\梁公九諫__juan_01.txt,scrape_output\clean\宋朝\梁公九諫\梁公九諫__juan_01.txt,4197,4145,0
宋朝,159128,梅 (王淇),梅 (王淇),梅 (王淇),1,scrape_output\raw\宋朝\梅 (王淇)\梅 (王淇)__juan_01.txt,scrape_output\clean\宋朝\梅 (王淇)\梅 (王淇)__juan_01.txt,121,73,0
宋朝,346995,梅品,梅品,梅品,1,scrape_output\raw\宋朝\梅品\梅品__juan_01.txt,scrape_output\clean\宋朝\梅品\梅品__juan_01.txt,897,891,0
宋朝,196843,梅堯臣集,梅堯臣集/卷01,梅堯臣集,1,scrape_output\raw\宋朝\梅堯臣集\梅堯臣集__juan_01.txt,scrape_output\clean\宋朝\梅堯臣集\梅堯臣集__juan_01.txt,4848,4733,0
宋朝,196843,梅堯臣集,梅堯臣集/卷02,梅堯臣集,2,scrape_output\raw\宋朝\梅堯臣集\梅堯臣集__juan_02.txt,scrape_output\clean\宋朝\梅堯臣集\梅堯臣集__juan_02.txt,4045,3945,0
宋朝,196843,梅堯臣集,梅堯臣集/卷03,梅堯臣集,3,scrape_output\raw\宋朝\梅堯臣集\梅堯臣集__juan_03.txt,scrape_output\clean\宋朝\梅堯臣集\梅堯臣集__juan_03.txt,5045,4940,0
宋朝,196843,梅堯臣集,梅堯臣集/卷04,梅堯臣集,4,scrape_output\raw\宋朝\梅堯臣集\梅堯臣集__juan_04.txt,scrape_output\clean\宋朝\梅堯臣集\梅堯臣集__juan_04.txt,4402,4301,0
宋朝,196843,梅堯臣集,梅堯臣集/卷05,梅堯臣集,5,scrape_output\raw\宋朝\梅堯臣集\梅堯臣集__juan_05.txt,scrape_output\clean\宋朝\梅堯臣集\梅堯臣集__juan_05.txt,4823,4716,0
宋朝,196843,梅堯臣集,梅堯臣集/卷06,梅堯臣集,6,scrape_output\raw\宋朝\梅堯臣集\梅堯臣集__juan_06.txt,scrape_output\clean\宋朝\梅堯臣集\梅堯臣集__juan_06.txt,4733,4641,0
宋朝,196843,梅堯臣集,梅堯臣集/卷07,梅堯臣集,7,scrape_output\raw\宋朝\梅堯臣集\梅堯臣集__juan_07.txt,scrape_output\clean\宋朝\梅堯臣集\梅堯臣集__juan_07.txt,5286,5186,0
宋朝,196843,梅堯臣集,梅堯臣集/卷08,梅堯臣集,8,scrape_output\raw\宋朝\梅堯臣集\梅堯臣集__juan_08.txt,scrape_output\clean\宋朝\梅堯臣集\梅堯臣集__juan_08.txt,5231,5133,0
宋朝,196843,梅堯臣集,梅堯臣集/卷09,梅堯臣集,9,scrape_output\raw\宋朝\梅堯臣集\梅堯臣集__juan_09.txt,scrape_output\clean\宋朝\梅堯臣集\梅堯臣集__juan_09.txt,4622,4523,0
宋朝,196843,梅堯臣集,梅堯臣集/卷10,梅堯臣集,10,scrape_output\raw\宋朝\梅堯臣集\梅堯臣集__juan_10.txt,scrape_output\clean\宋朝\梅堯臣集\梅堯臣集__juan_10.txt,4745,4637,0
宋朝,196843,梅堯臣集,梅堯臣集/卷11,梅堯臣集,11,scrape_output\raw\宋朝\梅堯臣集\梅堯臣集__juan_11.txt,scrape_output\clean\宋朝\梅堯臣集\梅堯臣集__juan_11.txt,5928,5817,0
宋朝,196843,梅堯臣集,梅堯臣集/卷12,梅堯臣集,12,scrape_output\raw\宋朝\梅堯臣集\梅堯臣集__juan_12.txt,scrape_output\clean\宋朝\梅堯臣集\梅堯臣集__juan_12.txt,5074,4969,0
宋朝,196843,梅堯臣集,梅堯臣集/卷13,梅堯臣集,13,scrape_output\raw\宋朝\梅堯臣集\梅堯臣集__juan_13.txt,scrape_output\clean\宋朝\梅堯臣集\梅堯臣集__juan_13.txt,2809,2734,0
宋朝,196843,梅堯臣集,梅堯臣集/卷14,梅堯臣集,14,scrape_output\raw\宋朝\梅堯臣集\梅堯臣集__juan_14.txt,scrape_output\clean\宋朝\梅堯臣集\梅堯臣集__juan_14.txt,2005,1945,0
宋朝,196843,梅堯臣集,梅堯臣集/卷15,梅堯臣集,15,scrape_output\raw\宋朝\梅堯臣集\梅堯臣集__juan_15.txt,scrape_output\clean\宋朝\梅堯臣集\梅堯臣集__juan_15.txt,4700,4616,0
宋朝,196843,梅堯臣集,梅堯臣集/卷16,梅堯臣集,16,scrape_output\raw\宋朝\梅堯臣集\梅堯臣集__juan_16.txt,scrape_output\clean\宋朝\梅堯臣集\梅堯臣集__juan_16.txt,3492,3403,0
宋朝,196843,梅堯臣集,梅堯臣集/卷17,梅堯臣集,17,scrape_output\raw\宋朝\梅堯臣集\梅堯臣集__juan_17.txt,scrape_output\clean\宋朝\梅堯臣集\梅堯臣集__juan_17.txt,5565,5459,0
宋朝,196843,梅堯臣集,梅堯臣集/卷18,梅堯臣集,18,scrape_output\raw\宋朝\梅堯臣集\梅堯臣集__juan_18.txt,scrape_output\clean\宋朝\梅堯臣集\梅堯臣集__juan_18.txt,5184,5078,0
宋朝,196843,梅堯臣集,梅堯臣集/卷19,梅堯臣集,19,scrape_output\raw\宋朝\梅堯臣集\梅堯臣集__juan_19.txt,scrape_output\clean\宋朝\梅堯臣集\梅堯臣集__juan_19.txt,3538,3461,0
宋朝,196843,梅堯臣集,梅堯臣集/卷20,梅堯臣集,20,scrape_output\raw\宋朝\梅堯臣集\梅堯臣集__juan_20.txt,scrape_output\clean\宋朝\梅堯臣集\梅堯臣集__juan_20.txt,3682,3581,0
宋朝,196843,梅堯臣集,梅堯臣集/卷21,梅堯臣集,21,scrape_output\raw\宋朝\梅堯臣集\梅堯臣集__juan_21.txt,scrape_output\clean\宋朝\梅堯臣集\梅堯臣集__juan_21.txt,4392,4305,0
宋朝,196843,梅堯臣集,梅堯臣集/卷22,梅堯臣集,22,scrape_output\raw\宋朝\梅堯臣集\梅堯臣集__juan_22.txt,scrape_output\clean\宋朝\梅堯臣集\梅堯臣集__juan_22.txt,4529,4442,0
宋朝,196843,梅堯臣集,梅堯臣集/卷23,梅堯臣集,23,scrape_output\raw\宋朝\梅堯臣集\梅堯臣集__juan_23.txt,scrape_output\clean\宋朝\梅堯臣集\梅堯臣集__juan_23.txt,4573,4487,0
宋朝,196843,梅堯臣集,梅堯臣集/卷24,梅堯臣集,24,scrape_output\raw\宋朝\梅堯臣集\梅堯臣集__juan_24.txt,scrape_output\clean\宋朝\梅堯臣集\梅堯臣集__juan_24.txt,5346,5245,0
宋朝,196843,梅堯臣集,梅堯臣集/卷25,梅堯臣集,25,scrape_output\raw\宋朝\梅堯臣集\梅堯臣集__juan_25.txt,scrape_output\clean\宋朝\梅堯臣集\梅堯臣集__juan_25.txt,5114,5023,0
宋朝,196843,梅堯臣集,梅堯臣集/卷26,梅堯臣集,26,scrape_output\raw\宋朝\梅堯臣集\梅堯臣集__juan_26.txt,scrape_output\clean\宋朝\梅堯臣集\梅堯臣集__juan_26.txt,4180,4083,0
宋朝,196843,梅堯臣集,梅堯臣集/卷27,梅堯臣集,27,scrape_output\raw\宋朝\梅堯臣集\梅堯臣集__juan_27.txt,scrape_output\clean\宋朝\梅堯臣集\梅堯臣集__juan_27.txt,4948,4852,0
宋朝,196843,梅堯臣集,梅堯臣集/卷28,梅堯臣集,28,scrape_output\raw\宋朝\梅堯臣集\梅堯臣集__juan_28.txt,scrape_output\clean\宋朝\梅堯臣集\梅堯臣集__juan_28.txt,4284,4170,0
宋朝,196843,梅堯臣集,梅堯臣集/卷29,梅堯臣集,29,scrape_output\raw\宋朝\梅堯臣集\梅堯臣集__juan_29.txt,scrape_output\clean\宋朝\梅堯臣集\梅堯臣集__juan_29.txt,4660,4564,0
宋朝,196843,梅堯臣集,梅堯臣集/卷30,梅堯臣集,30,scrape_output\raw\宋朝\梅堯臣集\梅堯臣集__juan_30.txt,scrape_output\clean\宋朝\梅堯臣集\梅堯臣集__juan_30.txt,4580,4477,0
宋朝,196843,梅堯臣集,梅堯臣集/卷31,梅堯臣集,31,scrape_output\raw\宋朝\梅堯臣集\梅堯臣集__juan_31.txt,scrape_output\clean\宋朝\梅堯臣集\梅堯臣集__juan_31.txt,4477,4368,0
宋朝,196843,梅堯臣集,梅堯臣集/卷32,梅堯臣集,32,scrape_output\raw\宋朝\梅堯臣集\梅堯臣集__juan_32.txt,scrape_output\clean\宋朝\梅堯臣集\梅堯臣集__juan_32.txt,4804,4705,0
宋朝,196843,梅堯臣集,梅堯臣集/卷33,梅堯臣集,33,scrape_output\raw\宋朝\梅堯臣集\梅堯臣集__juan_33.txt,scrape_output\clean\宋朝\梅堯臣集\梅堯臣集__juan_33.txt,3998,3898,0
宋朝,196843,梅堯臣集,梅堯臣集/卷34,梅堯臣集,34,scrape_output\raw\宋朝\梅堯臣集\梅堯臣集__juan_34.txt,scrape_output\clean\宋朝\梅堯臣集\梅堯臣集__juan_34.txt,4395,4286,0
宋朝,196843,梅堯臣集,梅堯臣集/卷35,梅堯臣集,35,scrape_output\raw\宋朝\梅堯臣集\梅堯臣集__juan_35.txt,scrape_output\clean\宋朝\梅堯臣集\梅堯臣集__juan_35.txt,3858,3772,0
宋朝,196843,梅堯臣集,梅堯臣集/卷36,梅堯臣集,36,scrape_output\raw\宋朝\梅堯臣集\梅堯臣集__juan_36.txt,scrape_output\clean\宋朝\梅堯臣集\梅堯臣集__juan_36.txt,5130,5004,0
宋朝,196843,梅堯臣集,梅堯臣集/卷37,梅堯臣集,37,scrape_output\raw\宋朝\梅堯臣集\梅堯臣集__juan_37.txt,scrape_output\clean\宋朝\梅堯臣集\梅堯臣集__juan_37.txt,5116,5008,0
宋朝,196843,梅堯臣集,梅堯臣集/卷38,梅堯臣集,38,scrape_output\raw\宋朝\梅堯臣集\梅堯臣集__juan_38.txt,scrape_output\clean\宋朝\梅堯臣集\梅堯臣集__juan_38.txt,5313,5220,0
宋朝,196843,梅堯臣集,梅堯臣集/卷39,梅堯臣集,39,scrape_output\raw\宋朝\梅堯臣集\梅堯臣集__juan_39.txt,scrape_output\clean\宋朝\梅堯臣集\梅堯臣集__juan_39.txt,3375,3304,0
宋朝,196843,梅堯臣集,梅堯臣集/卷40,梅堯臣集,40,scrape_output\raw\宋朝\梅堯臣集\梅堯臣集__juan_40.txt,scrape_output\clean\宋朝\梅堯臣集\梅堯臣集__juan_40.txt,4537,4436,0
宋朝,196843,梅堯臣集,梅堯臣集/卷41,梅堯臣集,41,scrape_output\raw\宋朝\梅堯臣集\梅堯臣集__juan_41.txt,scrape_output\clean\宋朝\梅堯臣集\梅堯臣集__juan_41.txt,3636,3540,0
宋朝,196843,梅堯臣集,梅堯臣集/卷42,梅堯臣集,42,scrape_output\raw\宋朝\梅堯臣集\梅堯臣集__juan_42.txt,scrape_output\clean\宋朝\梅堯臣集\梅堯臣集__juan_42.txt,3489,3406,0
宋朝,196843,梅堯臣集,梅堯臣集/卷43,梅堯臣集,43,scrape_output\raw\宋朝\梅堯臣集\梅堯臣集__juan_43.txt,scrape_output\clean\宋朝\梅堯臣集\梅堯臣集__juan_43.txt,4170,4083,0
宋朝,196843,梅堯臣集,梅堯臣集/卷44,梅堯臣集,44,scrape_output\raw\宋朝\梅堯臣集\梅堯臣集__juan_44.txt,scrape_output\clean\宋朝\梅堯臣集\梅堯臣集__juan_44.txt,3818,3730,0
宋朝,196843,梅堯臣集,梅堯臣集/卷45,梅堯臣集,45,scrape_output\raw\宋朝\梅堯臣集\梅堯臣集__juan_45.txt,scrape_output\clean\宋朝\梅堯臣集\梅堯臣集__juan_45.txt,3695,3612,0
宋朝,196843,梅堯臣集,梅堯臣集/卷46,梅堯臣集,46,scrape_output\raw\宋朝\梅堯臣集\梅堯臣集__juan_46.txt,scrape_output\clean\宋朝\梅堯臣集\梅堯臣集__juan_46.txt,3606,3530,0
宋朝,196843,梅堯臣集,梅堯臣集/卷47,梅堯臣集,47,scrape_output\raw\宋朝\梅堯臣集\梅堯臣集__juan_47.txt,scrape_output\clean\宋朝\梅堯臣集\梅堯臣集__juan_47.txt,4353,4258,0
宋朝,196843,梅堯臣集,梅堯臣集/卷48,梅堯臣集,48,scrape_output\raw\宋朝\梅堯臣集\梅堯臣集__juan_48.txt,scrape_output\clean\宋朝\梅堯臣集\梅堯臣集__juan_48.txt,3645,3560,0
宋朝,196843,梅堯臣集,梅堯臣集/卷49,梅堯臣集,49,scrape_output\raw\宋朝\梅堯臣集\梅堯臣集__juan_49.txt,scrape_output\clean\宋朝\梅堯臣集\梅堯臣集__juan_49.txt,3320,3248,0
宋朝,196843,梅堯臣集,梅堯臣集/卷50,梅堯臣集,50,scrape_output\raw\宋朝\梅堯臣集\梅堯臣集__juan_50.txt,scrape_output\clean\宋朝\梅堯臣集\梅堯臣集__juan_50.txt,4146,4063,0
宋朝,196843,梅堯臣集,梅堯臣集/卷51,梅堯臣集,51,scrape_output\raw\宋朝\梅堯臣集\梅堯臣集__juan_51.txt,scrape_output\clean\宋朝\梅堯臣集\梅堯臣集__juan_51.txt,3700,3602,0
宋朝,196843,梅堯臣集,梅堯臣集/卷52,梅堯臣集,52,scrape_output\raw\宋朝\梅堯臣集\梅堯臣集__juan_52.txt,scrape_output\clean\宋朝\梅堯臣集\梅堯臣集__juan_52.txt,3799,3717,0
宋朝,196843,梅堯臣集,梅堯臣集/卷53,梅堯臣集,53,scrape_output\raw\宋朝\梅堯臣集\梅堯臣集__juan_53.txt,scrape_output\clean\宋朝\梅堯臣集\梅堯臣集__juan_53.txt,3781,3703,0
宋朝,196843,梅堯臣集,梅堯臣集/卷54,梅堯臣集,54,scrape_output\raw\宋朝\梅堯臣集\梅堯臣集__juan_54.txt,scrape_output\clean\宋朝\梅堯臣集\梅堯臣集__juan_54.txt,3939,3862,0
宋朝,196843,梅堯臣集,梅堯臣集/卷55,梅堯臣集,55,scrape_output\raw\宋朝\梅堯臣集\梅堯臣集__juan_55.txt,scrape_output\clean\宋朝\梅堯臣集\梅堯臣集__juan_55.txt,3755,3677,0
宋朝,196843,梅堯臣集,梅堯臣集/卷56,梅堯臣集,56,scrape_output\raw\宋朝\梅堯臣集\梅堯臣集__juan_56.txt,scrape_output\clean\宋朝\梅堯臣集\梅堯臣集__juan_56.txt,3139,3059,0
宋朝,196843,梅堯臣集,梅堯臣集/卷57,梅堯臣集,57,scrape_output\raw\宋朝\梅堯臣集\梅堯臣集__juan_57.txt,scrape_output\clean\宋朝\梅堯臣集\梅堯臣集__juan_57.txt,4511,4437,0
宋朝,196843,梅堯臣集,梅堯臣集/卷58,梅堯臣集,58,scrape_output\raw\宋朝\梅堯臣集\梅堯臣集__juan_58.txt,scrape_output\clean\宋朝\梅堯臣集\梅堯臣集__juan_58.txt,4361,4280,0
宋朝,196843,梅堯臣集,梅堯臣集/卷59,梅堯臣集,59,scrape_output\raw\宋朝\梅堯臣集\梅堯臣集__juan_59.txt,scrape_output\clean\宋朝\梅堯臣集\梅堯臣集__juan_59.txt,3643,3567,0
宋朝,196843,梅堯臣集,梅堯臣集/卷60,梅堯臣集,60,scrape_output\raw\宋朝\梅堯臣集\梅堯臣集__juan_60.txt,scrape_output\clean\宋朝\梅堯臣集\梅堯臣集__juan_60.txt,6157,6066,0
宋朝,196843,梅堯臣集,梅堯臣集/跋,梅堯臣集,61,scrape_output\raw\宋朝\梅堯臣集\梅堯臣集__juan_61.txt,scrape_output\clean\宋朝\梅堯臣集\梅堯臣集__juan_61.txt,908,854,0
宋朝,761313,梨山澤民廟,梨山澤民廟,梨山澤民廟,1,scrape_output\raw\宋朝\梨山澤民廟\梨山澤民廟__juan_01.txt,scrape_output\clean\宋朝\梨山澤民廟\梨山澤民廟__juan_01.txt,129,85,0
宋朝,876414,梨花賦,梨花賦,梨花賦,1,scrape_output\raw\宋朝\梨花賦\梨花賦__juan_01.txt,scrape_output\clean\宋朝\梨花賦\梨花賦__juan_01.txt,495,451,0
宋朝,7716,棋經,棋經,棋經,1,scrape_output\raw\宋朝\棋經\棋經__juan_01.txt,scrape_output\clean\宋朝\棋經\棋經__juan_01.txt,2840,2693,0
宋朝,56842,棋訣,棋訣,棋訣,1,scrape_output\raw\宋朝\棋訣\棋訣__juan_01.txt,scrape_output\clean\宋朝\棋訣\棋訣__juan_01.txt,1540,1448,0
宋朝,108595,楊公筆錄,楊公筆錄,楊公筆錄,1,scrape_output\raw\宋朝\楊公筆錄\楊公筆錄__juan_01.txt,scrape_output\clean\宋朝\楊公筆錄\楊公筆錄__juan_01.txt,10221,10218,0
宋朝,352044,楊氏家藏方,楊氏家藏方,楊氏家藏方,1,scrape_output\raw\宋朝\楊氏家藏方\楊氏家藏方__juan_01.txt,scrape_output\clean\宋朝\楊氏家藏方\楊氏家藏方__juan_01.txt,148275,141684,0
宋朝,108602,楚辭補註,楚辭補註/卷第一,楚辭補註,1,scrape_output\raw\宋朝\楚辭補註\楚辭補註__juan_01.txt,scrape_output\clean\宋朝\楚辭補註\楚辭補註__juan_01.txt,45316,45121,0
宋朝,108602,楚辭補註,楚辭補註/卷第七,楚辭補註,2,scrape_output\raw\宋朝\楚辭補註\楚辭補註__juan_02.txt,scrape_output\clean\宋朝\楚辭補註\楚辭補註__juan_02.txt,1953,1907,0
宋朝,108602,楚辭補註,楚辭補註/卷第三,楚辭補註,3,scrape_output\raw\宋朝\楚辭補註\楚辭補註__juan_03.txt,scrape_output\clean\宋朝\楚辭補註\楚辭補註__juan_03.txt,29777,29733,0
宋朝,108602,楚辭補註,楚辭補註/卷第九,楚辭補註,4,scrape_output\raw\宋朝\楚辭補註\楚辭補註__juan_04.txt,scrape_output\clean\宋朝\楚辭補註\楚辭補註__juan_04.txt,16910,16731,0
宋朝,108602,楚辭補註,楚辭補註/卷第二,楚辭補註,5,scrape_output\raw\宋朝\楚辭補註\楚辭補註__juan_05.txt,scrape_output\clean\宋朝\楚辭補註\楚辭補註__juan_05.txt,24762,24693,0
宋朝,108602,楚辭補註,楚辭補註/卷第五,楚辭補註,6,scrape_output\raw\宋朝\楚辭補註\楚辭補註__juan_06.txt,scrape_output\clean\宋朝\楚辭補註\楚辭補註__juan_06.txt,10977,10764,0
宋朝,108602,楚辭補註,楚辭補註/卷第八,楚辭補註,7,scrape_output\raw\宋朝\楚辭補註\楚辭補註__juan_07.txt,scrape_output\clean\宋朝\楚辭補註\楚辭補註__juan_07.txt,13460,13153,0
宋朝,108602,楚辭補註,楚辭補註/卷第六,楚辭補註,8,scrape_output\raw\宋朝\楚辭補註\楚辭補註__juan_08.txt,scrape_output\clean\宋朝\楚辭補註\楚辭補註__juan_08.txt,2555,2475,0
宋朝,108602,楚辭補註,楚辭補註/卷第十,楚辭補註,9,scrape_output\raw\宋朝\楚辭補註\楚辭補註__juan_09.txt,scrape_output\clean\宋朝\楚辭補註\楚辭補註__juan_09.txt,9833,9675,0
宋朝,108602,楚辭補註,楚辭補註/卷第十一,楚辭補註,10,scrape_output\raw\宋朝\楚辭補註\楚辭補註__juan_10.txt,scrape_output\clean\宋朝\楚辭補註\楚辭補註__juan_10.txt,3528,3514,0
宋朝,108602,楚辭補註,楚辭補註/卷第十七,楚辭補註,11,scrape_output\raw\宋朝\楚辭補註\楚辭補註__juan_11.txt,scrape_output\clean\宋朝\楚辭補註\楚辭補註__juan_11.txt,11352,10916,0
宋朝,108602,楚辭補註,楚辭補註/卷第十三,楚辭補註,12,scrape_output\raw\宋朝\楚辭補註\楚辭補註__juan_12.txt,scrape_output\clean\宋朝\楚辭補註\楚辭補註__juan_12.txt,18712,18424,0
宋朝,108602,楚辭補註,楚辭補註/卷第十二,楚辭補註,13,scrape_output\raw\宋朝\楚辭補註\楚辭補註__juan_13.txt,scrape_output\clean\宋朝\楚辭補註\楚辭補註__juan_13.txt,2450,2408,0
宋朝,108602,楚辭補註,楚辭補註/卷第十五,楚辭補註,14,scrape_output\raw\宋朝\楚辭補註\楚辭補註__juan_14.txt,scrape_output\clean\宋朝\楚辭補註\楚辭補註__juan_14.txt,10212,9749,0
宋朝,108602,楚辭補註,楚辭補註/卷第十六,楚辭補註,15,scrape_output\raw\宋朝\楚辭補註\楚辭補註__juan_15.txt,scrape_output\clean\宋朝\楚辭補註\楚辭補註__juan_15.txt,26189,25840,0
宋朝,108602,楚辭補註,楚辭補註/卷第十四,楚辭補註,16,scrape_output\raw\宋朝\楚辭補註\楚辭補註__juan_16.txt,scrape_output\clean\宋朝\楚辭補註\楚辭補註__juan_16.txt,6823,6669,0
宋朝,108602,楚辭補註,楚辭補註/卷第四,楚辭補註,17,scrape_output\raw\宋朝\楚辭補註\楚辭補註__juan_17.txt,scrape_output\clean\宋朝\楚辭補註\楚辭補註__juan_17.txt,35542,35095,0
宋朝,35650,榮木 (范成大),榮木 (范成大),榮木 (范成大),1,scrape_output\raw\宋朝\榮木 (范成大)\榮木 (范成大)__juan_01.txt,scrape_output\clean\宋朝\榮木 (范成大)\榮木 (范成大)__juan_01.txt,284,178,0
宋朝,35687,樂先生闢新堂以待芍藥酴醾作詩奉贈,樂先生闢新堂以待芍藥酴醾作詩奉贈,樂先生闢新堂以待芍藥酴醾作詩奉贈,1,scrape_output\raw\宋朝\樂先生闢新堂以待芍藥酴醾作詩奉贈\樂先生闢新堂以待芍藥酴醾作詩奉贈__juan_01.txt,scrape_output\clean\宋朝\樂先生闢新堂以待芍藥酴醾作詩奉贈\樂先生闢新堂以待芍藥酴醾作詩奉贈__juan_01.txt,271,215,0
宋朝,106420,樂府指迷,樂府指迷,樂府指迷,1,scrape_output\raw\宋朝\樂府指迷\樂府指迷__juan_01.txt,scrape_output\clean\宋朝\樂府指迷\樂府指迷__juan_01.txt,4708,4697,0
宋朝,56359,樂菴語錄,樂菴語錄/卷一,樂菴語錄,1,scrape_output\raw\宋朝\樂菴語錄\樂菴語錄__juan_01.txt,scrape_output\clean\宋朝\樂菴語錄\樂菴語錄__juan_01.txt,3008,2666,0
宋朝,56359,樂菴語錄,樂菴語錄/卷二,樂菴語錄,2,scrape_output\raw\宋朝\樂菴語錄\樂菴語錄__juan_02.txt,scrape_output\clean\宋朝\樂菴語錄\樂菴語錄__juan_02.txt,2168,1917,0
宋朝,56359,樂菴語錄,樂菴語錄/卷三,樂菴語錄,3,scrape_output\raw\宋朝\樂菴語錄\樂菴語錄__juan_03.txt,scrape_output\clean\宋朝\樂菴語錄\樂菴語錄__juan_03.txt,2882,2529,0
宋朝,56359,樂菴語錄,樂菴語錄/卷四,樂菴語錄,4,scrape_output\raw\宋朝\樂菴語錄\樂菴語錄__juan_04.txt,scrape_output\clean\宋朝\樂菴語錄\樂菴語錄__juan_04.txt,2001,1759,0
宋朝,56359,樂菴語錄,樂菴語錄/卷五,樂菴語錄,5,scrape_output\raw\宋朝\樂菴語錄\樂菴語錄__juan_05.txt,scrape_output\clean\宋朝\樂菴語錄\樂菴語錄__juan_05.txt,3584,3143,0
宋朝,1213162,樂邦文類,樂邦文類/卷001,樂邦文類,1,scrape_output\raw\宋朝\樂邦文類\樂邦文類__juan_01.txt,scrape_output\clean\宋朝\樂邦文類\樂邦文類__juan_01.txt,27150,26720,0
宋朝,1213162,樂邦文類,樂邦文類/卷002,樂邦文類,2,scrape_output\raw\宋朝\樂邦文類\樂邦文類__juan_02.txt,scrape_output\clean\宋朝\樂邦文類\樂邦文類__juan_02.txt,28270,28110,0
宋朝,1213162,樂邦文類,樂邦文類/卷003,樂邦文類,3,scrape_output\raw\宋朝\樂邦文類\樂邦文類__juan_03.txt,scrape_output\clean\宋朝\樂邦文類\樂邦文類__juan_03.txt,25127,24904,0
宋朝,1213162,樂邦文類,樂邦文類/卷004,樂邦文類,4,scrape_output\raw\宋朝\樂邦文類\樂邦文類__juan_04.txt,scrape_output\clean\宋朝\樂邦文類\樂邦文類__juan_04.txt,27970,27860,0
宋朝,1213162,樂邦文類,樂邦文類/卷005,樂邦文類,5,scrape_output\raw\宋朝\樂邦文類\樂邦文類__juan_05.txt,scrape_output\clean\宋朝\樂邦文類\樂邦文類__juan_05.txt,25643,25479,0
宋朝,1213225,樂邦遺稿,樂邦遺稿/卷001,樂邦遺稿,1,scrape_output\raw\宋朝\樂邦遺稿\樂邦遺稿__juan_01.txt,scrape_output\clean\宋朝\樂邦遺稿\樂邦遺稿__juan_01.txt,14731,14660,0
宋朝,1213225,樂邦遺稿,樂邦遺稿/卷002,樂邦遺稿,2,scrape_output\raw\宋朝\樂邦遺稿\樂邦遺稿__juan_02.txt,scrape_output\clean\宋朝\樂邦遺稿\樂邦遺稿__juan_02.txt,13964,13889,0
宋朝,26067,橄欖,橄欖,橄欖,1,scrape_output\raw\宋朝\橄欖\橄欖__juan_01.txt,scrape_output\clean\宋朝\橄欖\橄欖__juan_01.txt,204,145,0
宋朝,59032,橘錄,橘錄,橘錄,1,scrape_output\raw\宋朝\橘錄\橘錄__juan_01.txt,scrape_output\clean\宋朝\橘錄\橘錄__juan_01.txt,5153,5092,0
宋朝,31779,櫻桃,櫻桃,櫻桃,1,scrape_output\raw\宋朝\櫻桃\櫻桃__juan_01.txt,scrape_output\clean\宋朝\櫻桃\櫻桃__juan_01.txt,125,79,0
宋朝,29684,次韵陳君俞携酒見過,次韵陳君俞携酒見過,次韵陳君俞携酒見過,1,scrape_output\raw\宋朝\次韵陳君俞携酒見過\次韵陳君俞携酒見過__juan_01.txt,scrape_output\clean\宋朝\次韵陳君俞携酒見過\次韵陳君俞携酒見過__juan_01.txt,257,211,0
宋朝,35679,次韻唐子光席上賞梅,次韻唐子光席上賞梅,次韻唐子光席上賞梅,1,scrape_output\raw\宋朝\次韻唐子光席上賞梅\次韻唐子光席上賞梅__juan_01.txt,scrape_output\clean\宋朝\次韻唐子光席上賞梅\次韻唐子光席上賞梅__juan_01.txt,190,141,0
宋朝,35681,次韻唐子光教授河豚,次韻唐子光教授河豚,次韻唐子光教授河豚,1,scrape_output\raw\宋朝\次韻唐子光教授河豚\次韻唐子光教授河豚__juan_01.txt,scrape_output\clean\宋朝\次韻唐子光教授河豚\次韻唐子光教授河豚__juan_01.txt,265,212,0
宋朝,35644,次韻唐致遠雨後喜涼,次韻唐致遠雨後喜涼,次韻唐致遠雨後喜涼,1,scrape_output\raw\宋朝\次韻唐致遠雨後喜涼\次韻唐致遠雨後喜涼__juan_01.txt,scrape_output\clean\宋朝\次韻唐致遠雨後喜涼\次韻唐致遠雨後喜涼__juan_01.txt,152,105,0
宋朝,200449,次韻柯弟太博見示超化牡丹二首,次韻柯弟太博見示超化牡丹二首,次韻柯弟太博見示超化牡丹二首,1,scrape_output\raw\宋朝\次韻柯弟太博見示超化牡丹二首\次韻柯弟太博見示超化牡丹二首__juan_01.txt,scrape_output\clean\宋朝\次韻柯弟太博見示超化牡丹二首\次韻柯弟太博見示超化牡丹二首__juan_01.txt,685,70,0
宋朝,33032,次韻章舜舉,次韻章舜舉,次韻章舜舉,1,scrape_output\raw\宋朝\次韻章舜舉\次韻章舜舉__juan_01.txt,scrape_output\clean\宋朝\次韻章舜舉\次韻章舜舉__juan_01.txt,245,201,0
宋朝,35674,欲雪 (范成大),欲雪 (范成大),欲雪 (范成大),1,scrape_output\raw\宋朝\欲雪 (范成大)\欲雪 (范成大)__juan_01.txt,scrape_output\clean\宋朝\欲雪 (范成大)\欲雪 (范成大)__juan_01.txt,114,69,0
宋朝,196907,歐陽修集,歐陽修集/卷100,歐陽修集,1,scrape_output\raw\宋朝\歐陽修集\歐陽修集__juan_01.txt,scrape_output\clean\宋朝\歐陽修集\歐陽修集__juan_01.txt,5377,5226,0
宋朝,196907,歐陽修集,歐陽修集/卷101,歐陽修集,2,scrape_output\raw\宋朝\歐陽修集\歐陽修集__juan_02.txt,scrape_output\clean\宋朝\歐陽修集\歐陽修集__juan_02.txt,5157,5011,0
宋朝,196907,歐陽修集,歐陽修集/卷102,歐陽修集,3,scrape_output\raw\宋朝\歐陽修集\歐陽修集__juan_03.txt,scrape_output\clean\宋朝\歐陽修集\歐陽修集__juan_03.txt,5320,5176,0
宋朝,196907,歐陽修集,歐陽修集/卷103,歐陽修集,4,scrape_output\raw\宋朝\歐陽修集\歐陽修集__juan_04.txt,scrape_output\clean\宋朝\歐陽修集\歐陽修集__juan_04.txt,5301,5150,0
宋朝,196907,歐陽修集,歐陽修集/卷104,歐陽修集,5,scrape_output\raw\宋朝\歐陽修集\歐陽修集__juan_05.txt,scrape_output\clean\宋朝\歐陽修集\歐陽修集__juan_05.txt,6353,6198,0
宋朝,196907,歐陽修集,歐陽修集/卷132,歐陽修集,6,scrape_output\raw\宋朝\歐陽修集\歐陽修集__juan_06.txt,scrape_output\clean\宋朝\歐陽修集\歐陽修集__juan_06.txt,5369,5074,0
宋朝,196907,歐陽修集,歐陽修集/附錄四,歐陽修集,7,scrape_output\raw\宋朝\歐陽修集\歐陽修集__juan_07.txt,scrape_output\clean\宋朝\歐陽修集\歐陽修集__juan_07.txt,19809,19679,0
宋朝,1143832,歙州硯譜,歙州硯譜,歙州硯譜,1,scrape_output\raw\宋朝\歙州硯譜\歙州硯譜__juan_01.txt,scrape_output\clean\宋朝\歙州硯譜\歙州硯譜__juan_01.txt,2334,2332,0
宋朝,200453,此景,此景,此景,1,scrape_output\raw\宋朝\此景\此景__juan_01.txt,scrape_output\clean\宋朝\此景\此景__juan_01.txt,669,54,0
宋朝,179113,武岡李簿回多問蕭判官東夫,武岡李簿回多問蕭判官東夫,武岡李簿回多問蕭判官東夫,1,scrape_output\raw\宋朝\武岡李簿回多問蕭判官東夫\武岡李簿回多問蕭判官東夫__juan_01.txt,scrape_output\clean\宋朝\武岡李簿回多問蕭判官東夫\武岡李簿回多問蕭判官東夫__juan_01.txt,149,105,0
宋朝,35079,武林舊事,武林舊事/卷一,武林舊事,1,scrape_output\raw\宋朝\武林舊事\武林舊事__juan_01.txt,scrape_output\clean\宋朝\武林舊事\武林舊事__juan_01.txt,8158,8142,0
宋朝,35079,武林舊事,武林舊事/卷二,武林舊事,2,scrape_output\raw\宋朝\武林舊事\武林舊事__juan_02.txt,scrape_output\clean\宋朝\武林舊事\武林舊事__juan_02.txt,7594,7593,0
宋朝,35079,武林舊事,武林舊事/卷三,武林舊事,3,scrape_output\raw\宋朝\武林舊事\武林舊事__juan_03.txt,scrape_output\clean\宋朝\武林舊事\武林舊事__juan_03.txt,6078,6078,0
宋朝,35079,武林舊事,武林舊事/卷四,武林舊事,4,scrape_output\raw\宋朝\武林舊事\武林舊事__juan_04.txt,scrape_output\clean\宋朝\武林舊事\武林舊事__juan_04.txt,5530,5522,0
宋朝,35079,武林舊事,武林舊事/卷五,武林舊事,5,scrape_output\raw\宋朝\武林舊事\武林舊事__juan_05.txt,scrape_output\clean\宋朝\武林舊事\武林舊事__juan_05.txt,12771,12705,0
宋朝,35079,武林舊事,武林舊事/卷六,武林舊事,6,scrape_output\raw\宋朝\武林舊事\武林舊事__juan_06.txt,scrape_output\clean\宋朝\武林舊事\武林舊事__juan_06.txt,7614,7558,0
宋朝,35079,武林舊事,武林舊事/卷七,武林舊事,7,scrape_output\raw\宋朝\武林舊事\武林舊事__juan_07.txt,scrape_output\clean\宋朝\武林舊事\武林舊事__juan_07.txt,7137,7137,0
宋朝,35079,武林舊事,武林舊事/卷八,武林舊事,8,scrape_output\raw\宋朝\武林舊事\武林舊事__juan_08.txt,scrape_output\clean\宋朝\武林舊事\武林舊事__juan_08.txt,6970,6817,0
宋朝,35079,武林舊事,武林舊事/卷九,武林舊事,9,scrape_output\raw\宋朝\武林舊事\武林舊事__juan_09.txt,scrape_output\clean\宋朝\武林舊事\武林舊事__juan_09.txt,4414,4346,0
宋朝,35079,武林舊事,武林舊事/卷十,武林舊事,10,scrape_output\raw\宋朝\武林舊事\武林舊事__juan_10.txt,scrape_output\clean\宋朝\武林舊事\武林舊事__juan_10.txt,5578,5363,0
宋朝,758766,武陵春 (曹勳),武陵春 (曹勳),武陵春 (曹勳),1,scrape_output\raw\宋朝\武陵春 (曹勳)\武陵春 (曹勳)__juan_01.txt,scrape_output\clean\宋朝\武陵春 (曹勳)\武陵春 (曹勳)__juan_01.txt,372,320,0
宋朝,112502,武陵春 (李清照),武陵春 (李清照),武陵春 (李清照),1,scrape_output\raw\宋朝\武陵春 (李清照)\武陵春 (李清照)__juan_01.txt,scrape_output\clean\宋朝\武陵春 (李清照)\武陵春 (李清照)__juan_01.txt,179,85,0
宋朝,106411,歲寒堂詩話,歲寒堂詩話,歲寒堂詩話,1,scrape_output\raw\宋朝\歲寒堂詩話\歲寒堂詩話__juan_01.txt,scrape_output\clean\宋朝\歲寒堂詩話\歲寒堂詩話__juan_01.txt,17450,17374,0
宋朝,28689,歷代兵制,歷代兵制/卷1,歷代兵制,1,scrape_output\raw\宋朝\歷代兵制\歷代兵制__juan_01.txt,scrape_output\clean\宋朝\歷代兵制\歷代兵制__juan_01.txt,5553,5375,0
宋朝,28689,歷代兵制,歷代兵制/卷2,歷代兵制,2,scrape_output\raw\宋朝\歷代兵制\歷代兵制__juan_02.txt,scrape_output\clean\宋朝\歷代兵制\歷代兵制__juan_02.txt,5956,5772,0
宋朝,28689,歷代兵制,歷代兵制/卷3,歷代兵制,3,scrape_output\raw\宋朝\歷代兵制\歷代兵制__juan_03.txt,scrape_output\clean\宋朝\歷代兵制\歷代兵制__juan_03.txt,5302,5128,0
宋朝,28689,歷代兵制,歷代兵制/卷4,歷代兵制,4,scrape_output\raw\宋朝\歷代兵制\歷代兵制__juan_04.txt,scrape_output\clean\宋朝\歷代兵制\歷代兵制__juan_04.txt,2902,2754,0
宋朝,28689,歷代兵制,歷代兵制/卷5,歷代兵制,5,scrape_output\raw\宋朝\歷代兵制\歷代兵制__juan_05.txt,scrape_output\clean\宋朝\歷代兵制\歷代兵制__juan_05.txt,4317,4184,0
宋朝,28689,歷代兵制,歷代兵制/卷6,歷代兵制,6,scrape_output\raw\宋朝\歷代兵制\歷代兵制__juan_06.txt,scrape_output\clean\宋朝\歷代兵制\歷代兵制__juan_06.txt,6311,6209,0
宋朝,28689,歷代兵制,歷代兵制/卷7,歷代兵制,7,scrape_output\raw\宋朝\歷代兵制\歷代兵制__juan_07.txt,scrape_output\clean\宋朝\歷代兵制\歷代兵制__juan_07.txt,2947,2845,0
宋朝,28689,歷代兵制,歷代兵制/卷8,歷代兵制,8,scrape_output\raw\宋朝\歷代兵制\歷代兵制__juan_08.txt,scrape_output\clean\宋朝\歷代兵制\歷代兵制__juan_08.txt,3000,2906,0
宋朝,1136709,歸田樂 (樂府雅詞),歸田樂 (樂府雅詞),歸田樂 (樂府雅詞),1,scrape_output\raw\宋朝\歸田樂 (樂府雅詞)\歸田樂 (樂府雅詞)__juan_01.txt,scrape_output\clean\宋朝\歸田樂 (樂府雅詞)\歸田樂 (樂府雅詞)__juan_01.txt,222,143,0
宋朝,26177,歸隱,歸隱,歸隱,1,scrape_output\raw\宋朝\歸隱\歸隱__juan_01.txt,scrape_output\clean\宋朝\歸隱\歸隱__juan_01.txt,149,105,0
宋朝,194290,歸鴈,歸鴈,歸鴈,1,scrape_output\raw\宋朝\歸鴈\歸鴈__juan_01.txt,scrape_output\clean\宋朝\歸鴈\歸鴈__juan_01.txt,174,82,0
宋朝,112612,殢人嬌,殢人嬌·後亭梅開有感,殢人嬌,1,scrape_output\raw\宋朝\殢人嬌\殢人嬌__juan_01.txt,scrape_output\clean\宋朝\殢人嬌\殢人嬌__juan_01.txt,228,132,0
宋朝,1208841,毘俱胝菩薩一百八名經,毘俱胝菩薩一百八名經,毘俱胝菩薩一百八名經,1,scrape_output\raw\宋朝\毘俱胝菩薩一百八名經\毘俱胝菩薩一百八名經__juan_01.txt,scrape_output\clean\宋朝\毘俱胝菩薩一百八名經\毘俱胝菩薩一百八名經__juan_01.txt,2622,1844,0
宋朝,178870,水西野店皆不著宿夜抵石山虛,水西野店皆不著宿夜抵石山虛,水西野店皆不著宿夜抵石山虛,1,scrape_output\raw\宋朝\水西野店皆不著宿夜抵石山虛\水西野店皆不著宿夜抵石山虛__juan_01.txt,scrape_output\clean\宋朝\水西野店皆不著宿夜抵石山虛\水西野店皆不著宿夜抵石山虛__juan_01.txt,133,89,0
宋朝,887890,水調歌頭 (張孝祥),水調歌頭 (張孝祥),水調歌頭 (張孝祥),1,scrape_output\raw\宋朝\水調歌頭 (張孝祥)\水調歌頭 (張孝祥)__juan_01.txt,scrape_output\clean\宋朝\水調歌頭 (張孝祥)\水調歌頭 (張孝祥)__juan_01.txt,411,363,0
宋朝,1086917,永明智覺禪師唯心訣,永明智覺禪師唯心訣,永明智覺禪師唯心訣,1,scrape_output\raw\宋朝\永明智覺禪師唯心訣\永明智覺禪師唯心訣__juan_01.txt,scrape_output\clean\宋朝\永明智覺禪師唯心訣\永明智覺禪師唯心訣__juan_01.txt,7571,7561,0
宋朝,59221,永豐驛逢故人趙伯庭過叙,永豐驛逢故人趙伯庭過叙,永豐驛逢故人趙伯庭過叙,1,scrape_output\raw\宋朝\永豐驛逢故人趙伯庭過叙\永豐驛逢故人趙伯庭過叙__juan_01.txt,scrape_output\clean\宋朝\永豐驛逢故人趙伯庭過叙\永豐驛逢故人趙伯庭過叙__juan_01.txt,126,34,0
宋朝,10904,永遇樂 (李清照),永遇樂 (李清照),永遇樂 (李清照),1,scrape_output\raw\宋朝\永遇樂 (李清照)\永遇樂 (李清照)__juan_01.txt,scrape_output\clean\宋朝\永遇樂 (李清照)\永遇樂 (李清照)__juan_01.txt,233,185,0
宋朝,49595,汙亭,汙亭,汙亭,1,scrape_output\raw\宋朝\汙亭\汙亭__juan_01.txt,scrape_output\clean\宋朝\汙亭\汙亭__juan_01.txt,113,69,0
宋朝,37337,汝華巖,汝華巖,汝華巖,1,scrape_output\raw\宋朝\汝華巖\汝華巖__juan_01.txt,scrape_output\clean\宋朝\汝華巖\汝華巖__juan_01.txt,121,75,0
宋朝,102320,江南野史,江南野史/卷01,江南野史,1,scrape_output\raw\宋朝\江南野史\江南野史__juan_01.txt,scrape_output\clean\宋朝\江南野史\江南野史__juan_01.txt,2892,2891,0
宋朝,102320,江南野史,江南野史/卷02,江南野史,2,scrape_output\raw\宋朝\江南野史\江南野史__juan_02.txt,scrape_output\clean\宋朝\江南野史\江南野史__juan_02.txt,5896,5896,0
宋朝,102320,江南野史,江南野史/卷03,江南野史,3,scrape_output\raw\宋朝\江南野史\江南野史__juan_03.txt,scrape_output\clean\宋朝\江南野史\江南野史__juan_03.txt,4539,4488,0
宋朝,102320,江南野史,江南野史/卷04,江南野史,4,scrape_output\raw\宋朝\江南野史\江南野史__juan_04.txt,scrape_output\clean\宋朝\江南野史\江南野史__juan_04.txt,2879,2877,0
宋朝,102320,江南野史,江南野史/卷05,江南野史,5,scrape_output\raw\宋朝\江南野史\江南野史__juan_05.txt,scrape_output\clean\宋朝\江南野史\江南野史__juan_05.txt,3022,3021,0
宋朝,102320,江南野史,江南野史/卷06,江南野史,6,scrape_output\raw\宋朝\江南野史\江南野史__juan_06.txt,scrape_output\clean\宋朝\江南野史\江南野史__juan_06.txt,2896,2895,0
宋朝,102320,江南野史,江南野史/卷07,江南野史,7,scrape_output\raw\宋朝\江南野史\江南野史__juan_07.txt,scrape_output\clean\宋朝\江南野史\江南野史__juan_07.txt,3294,3293,0
宋朝,102320,江南野史,江南野史/卷08,江南野史,8,scrape_output\raw\宋朝\江南野史\江南野史__juan_08.txt,scrape_output\clean\宋朝\江南野史\江南野史__juan_08.txt,3437,3436,0
宋朝,102320,江南野史,江南野史/卷09,江南野史,9,scrape_output\raw\宋朝\江南野史\江南野史__juan_09.txt,scrape_output\clean\宋朝\江南野史\江南野史__juan_09.txt,2141,2139,0
宋朝,102320,江南野史,江南野史/卷10,江南野史,10,scrape_output\raw\宋朝\江南野史\江南野史__juan_10.txt,scrape_output\clean\宋朝\江南野史\江南野史__juan_10.txt,4336,4335,0
宋朝,180018,江城子 (朱淑真),江城子 (朱淑真),江城子 (朱淑真),1,scrape_output\raw\宋朝\江城子 (朱淑真)\江城子 (朱淑真)__juan_01.txt,scrape_output\clean\宋朝\江城子 (朱淑真)\江城子 (朱淑真)__juan_01.txt,179,135,0
宋朝,59246,江天暮景有嘆二首,江天暮景有嘆二首,江天暮景有嘆二首,1,scrape_output\raw\宋朝\江天暮景有嘆二首\江天暮景有嘆二首__juan_01.txt,scrape_output\clean\宋朝\江天暮景有嘆二首\江天暮景有嘆二首__juan_01.txt,170,78,0
宋朝,57661,江淮異人錄,江淮異人錄,江淮異人錄,1,scrape_output\raw\宋朝\江淮異人錄\江淮異人錄__juan_01.txt,scrape_output\clean\宋朝\江淮異人錄\江淮異人錄__juan_01.txt,8236,8144,0
宋朝,37346,江湖堂,江湖堂,江湖堂,1,scrape_output\raw\宋朝\江湖堂\江湖堂__juan_01.txt,scrape_output\clean\宋朝\江湖堂\江湖堂__juan_01.txt,106,61,0
宋朝,180753,江西詩派小序,江西詩派小序,江西詩派小序,1,scrape_output\raw\宋朝\江西詩派小序\江西詩派小序__juan_01.txt,scrape_output\clean\宋朝\江西詩派小序\江西詩派小序__juan_01.txt,3503,3502,0
宋朝,21586,江豚詩,江豚詩,江豚詩,1,scrape_output\raw\宋朝\江豚詩\江豚詩__juan_01.txt,scrape_output\clean\宋朝\江豚詩\江豚詩__juan_01.txt,405,361,0
宋朝,796172,汴岸置酒贈黄十七,汴岸置酒贈黄十七,汴岸置酒贈黄十七,1,scrape_output\raw\宋朝\汴岸置酒贈黄十七\汴岸置酒贈黄十七__juan_01.txt,scrape_output\clean\宋朝\汴岸置酒贈黄十七\汴岸置酒贈黄十七__juan_01.txt,151,107,0
宋朝,192270,沁園春 (陸游),沁園春 (陸游),沁園春 (陸游),1,scrape_output\raw\宋朝\沁園春 (陸游)\沁園春 (陸游)__juan_01.txt,scrape_output\clean\宋朝\沁園春 (陸游)\沁園春 (陸游)__juan_01.txt,253,161,0
宋朝,1049874,沙彌威儀,沙彌威儀,沙彌威儀,1,scrape_output\raw\宋朝\沙彌威儀\沙彌威儀__juan_01.txt,scrape_output\clean\宋朝\沙彌威儀\沙彌威儀__juan_01.txt,4565,4470,0
宋朝,179203,沙溪江亭,沙溪江亭,沙溪江亭,1,scrape_output\raw\宋朝\沙溪江亭\沙溪江亭__juan_01.txt,scrape_output\clean\宋朝\沙溪江亭\沙溪江亭__juan_01.txt,113,69,0
宋朝,35642,河豚歎,河豚歎,河豚歎,1,scrape_output\raw\宋朝\河豚歎\河豚歎__juan_01.txt,scrape_output\clean\宋朝\河豚歎\河豚歎__juan_01.txt,391,326,0
宋朝,1049722,泉志,泉志/《泉志》序,泉志,1,scrape_output\raw\宋朝\泉志\泉志__juan_01.txt,scrape_output\clean\宋朝\泉志\泉志__juan_01.txt,310,310,0
宋朝,29517,泊冷水浦,泊冷水浦,泊冷水浦,1,scrape_output\raw\宋朝\泊冷水浦\泊冷水浦__juan_01.txt,scrape_output\clean\宋朝\泊冷水浦\泊冷水浦__juan_01.txt,149,105,0
宋朝,179180,泊樟鎮,泊樟鎮,泊樟鎮,1,scrape_output\raw\宋朝\泊樟鎮\泊樟鎮__juan_01.txt,scrape_output\clean\宋朝\泊樟鎮\泊樟鎮__juan_01.txt,133,89,0
宋朝,1208554,法智遺編觀心二百問,法智遺編觀心二百問,法智遺編觀心二百問,1,scrape_output\raw\宋朝\法智遺編觀心二百問\法智遺編觀心二百問__juan_01.txt,scrape_output\clean\宋朝\法智遺編觀心二百問\法智遺編觀心二百問__juan_01.txt,10261,10165,0
宋朝,875558,法集要頌經,法集要頌經,法集要頌經,1,scrape_output\raw\宋朝\法集要頌經\法集要頌經__juan_01.txt,scrape_output\clean\宋朝\法集要頌經\法集要頌經__juan_01.txt,29111,29010,0
宋朝,194295,泛湖中,泛湖中,泛湖中,1,scrape_output\raw\宋朝\泛湖中\泛湖中__juan_01.txt,scrape_output\clean\宋朝\泛湖中\泛湖中__juan_01.txt,118,26,0
宋朝,1195024,注大乘入楞伽經,注大乘入楞伽經/卷001,注大乘入楞伽經,1,scrape_output\raw\宋朝\注大乘入楞伽經\注大乘入楞伽經__juan_01.txt,scrape_output\clean\宋朝\注大乘入楞伽經\注大乘入楞伽經__juan_01.txt,11729,11643,0
宋朝,1195024,注大乘入楞伽經,注大乘入楞伽經/卷002,注大乘入楞伽經,2,scrape_output\raw\宋朝\注大乘入楞伽經\注大乘入楞伽經__juan_02.txt,scrape_output\clean\宋朝\注大乘入楞伽經\注大乘入楞伽經__juan_02.txt,13562,13412,0
宋朝,1195024,注大乘入楞伽經,注大乘入楞伽經/卷003,注大乘入楞伽經,3,scrape_output\raw\宋朝\注大乘入楞伽經\注大乘入楞伽經__juan_03.txt,scrape_output\clean\宋朝\注大乘入楞伽經\注大乘入楞伽經__juan_03.txt,11913,11697,0
宋朝,1195024,注大乘入楞伽經,注大乘入楞伽經/卷004,注大乘入楞伽經,4,scrape_output\raw\宋朝\注大乘入楞伽經\注大乘入楞伽經__juan_04.txt,scrape_output\clean\宋朝\注大乘入楞伽經\注大乘入楞伽經__juan_04.txt,11488,11298,0
宋朝,1195024,注大乘入楞伽經,注大乘入楞伽經/卷005,注大乘入楞伽經,5,scrape_output\raw\宋朝\注大乘入楞伽經\注大乘入楞伽經__juan_05.txt,scrape_output\clean\宋朝\注大乘入楞伽經\注大乘入楞伽經__juan_05.txt,12351,12173,0
宋朝,1195024,注大乘入楞伽經,注大乘入楞伽經/卷006,注大乘入楞伽經,6,scrape_output\raw\宋朝\注大乘入楞伽經\注大乘入楞伽經__juan_06.txt,scrape_output\clean\宋朝\注大乘入楞伽經\注大乘入楞伽經__juan_06.txt,12591,12422,0
宋朝,1195024,注大乘入楞伽經,注大乘入楞伽經/卷007,注大乘入楞伽經,7,scrape_output\raw\宋朝\注大乘入楞伽經\注大乘入楞伽經__juan_07.txt,scrape_output\clean\宋朝\注大乘入楞伽經\注大乘入楞伽經__juan_07.txt,11446,11264,0
宋朝,1195024,注大乘入楞伽經,注大乘入楞伽經/卷008,注大乘入楞伽經,8,scrape_output\raw\宋朝\注大乘入楞伽經\注大乘入楞伽經__juan_08.txt,scrape_output\clean\宋朝\注大乘入楞伽經\注大乘入楞伽經__juan_08.txt,11587,11398,0
宋朝,1195024,注大乘入楞伽經,注大乘入楞伽經/卷009,注大乘入楞伽經,9,scrape_output\raw\宋朝\注大乘入楞伽經\注大乘入楞伽經__juan_09.txt,scrape_output\clean\宋朝\注大乘入楞伽經\注大乘入楞伽經__juan_09.txt,9521,9386,0
宋朝,1195024,注大乘入楞伽經,注大乘入楞伽經/卷010,注大乘入楞伽經,10,scrape_output\raw\宋朝\注大乘入楞伽經\注大乘入楞伽經__juan_10.txt,scrape_output\clean\宋朝\注大乘入楞伽經\注大乘入楞伽經__juan_10.txt,6759,6675,0
宋朝,760971,注解傷寒論,注解傷寒論,注解傷寒論,1,scrape_output\raw\宋朝\注解傷寒論\注解傷寒論__juan_01.txt,scrape_output\clean\宋朝\注解傷寒論\注解傷寒論__juan_01.txt,123868,117978,0
宋朝,200446,洛陽曲,洛陽曲,洛陽曲,1,scrape_output\raw\宋朝\洛陽曲\洛陽曲__juan_01.txt,scrape_output\clean\宋朝\洛陽曲\洛陽曲__juan_01.txt,661,173,0
宋朝,178905,洛陽花木記,洛陽花木記,洛陽花木記,1,scrape_output\raw\宋朝\洛陽花木記\洛陽花木記__juan_01.txt,scrape_output\clean\宋朝\洛陽花木記\洛陽花木記__juan_01.txt,6410,6245,0
宋朝,352043,洪氏集驗方,洪氏集驗方,洪氏集驗方,1,scrape_output\raw\宋朝\洪氏集驗方\洪氏集驗方__juan_01.txt,scrape_output\clean\宋朝\洪氏集驗方\洪氏集驗方__juan_01.txt,27537,27477,0
宋朝,887813,浣溪沙 (張孝祥),浣溪沙 (張孝祥),浣溪沙 (張孝祥),1,scrape_output\raw\宋朝\浣溪沙 (張孝祥)\浣溪沙 (張孝祥)__juan_01.txt,scrape_output\clean\宋朝\浣溪沙 (張孝祥)\浣溪沙 (張孝祥)__juan_01.txt,142,98,0
宋朝,11402,浣溪沙 (晏殊),浣溪沙 (晏殊),浣溪沙 (晏殊),1,scrape_output\raw\宋朝\浣溪沙 (晏殊)\浣溪沙 (晏殊)__juan_01.txt,scrape_output\clean\宋朝\浣溪沙 (晏殊)\浣溪沙 (晏殊)__juan_01.txt,267,258,0
宋朝,180015,浣溪沙 (朱淑真),浣溪沙 (朱淑真),浣溪沙 (朱淑真),1,scrape_output\raw\宋朝\浣溪沙 (朱淑真)\浣溪沙 (朱淑真)__juan_01.txt,scrape_output\clean\宋朝\浣溪沙 (朱淑真)\浣溪沙 (朱淑真)__juan_01.txt,206,113,0
宋朝,91553,浣溪沙 (李清照),浣溪沙 (李清照),浣溪沙 (李清照),1,scrape_output\raw\宋朝\浣溪沙 (李清照)\浣溪沙 (李清照)__juan_01.txt,scrape_output\clean\宋朝\浣溪沙 (李清照)\浣溪沙 (李清照)__juan_01.txt,453,349,0
宋朝,112677,浣溪沙 (樓上晴天碧四垂),浣溪沙 (樓上晴天碧四垂),浣溪沙 (樓上晴天碧四垂),1,scrape_output\raw\宋朝\浣溪沙 (樓上晴天碧四垂)\浣溪沙 (樓上晴天碧四垂)__juan_01.txt,scrape_output\clean\宋朝\浣溪沙 (樓上晴天碧四垂)\浣溪沙 (樓上晴天碧四垂)__juan_01.txt,178,84,0
宋朝,180809,浩然齋詞話,浩然齋詞話,浩然齋詞話,1,scrape_output\raw\宋朝\浩然齋詞話\浩然齋詞話__juan_01.txt,scrape_output\clean\宋朝\浩然齋詞話\浩然齋詞話__juan_01.txt,5920,5891,0
宋朝,195844,浩然齋雅談,浩然齋雅談/卷上,浩然齋雅談,1,scrape_output\raw\宋朝\浩然齋雅談\浩然齋雅談__juan_01.txt,scrape_output\clean\宋朝\浩然齋雅談\浩然齋雅談__juan_01.txt,9541,9468,0
宋朝,195844,浩然齋雅談,浩然齋雅談/卷中,浩然齋雅談,2,scrape_output\raw\宋朝\浩然齋雅談\浩然齋雅談__juan_02.txt,scrape_output\clean\宋朝\浩然齋雅談\浩然齋雅談__juan_02.txt,13983,13879,0
宋朝,195844,浩然齋雅談,浩然齋雅談/卷下,浩然齋雅談,3,scrape_output\raw\宋朝\浩然齋雅談\浩然齋雅談__juan_03.txt,scrape_output\clean\宋朝\浩然齋雅談\浩然齋雅談__juan_03.txt,6026,5999,0
宋朝,112651,浪淘沙 (李清照),浪淘沙 (李清照),浪淘沙 (李清照),1,scrape_output\raw\宋朝\浪淘沙 (李清照)\浪淘沙 (李清照)__juan_01.txt,scrape_output\clean\宋朝\浪淘沙 (李清照)\浪淘沙 (李清照)__juan_01.txt,226,132,0
宋朝,93187,浪淘沙 (素約小腰身),浪淘沙 (素約小腰身),浪淘沙 (素約小腰身),1,scrape_output\raw\宋朝\浪淘沙 (素約小腰身)\浪淘沙 (素約小腰身)__juan_01.txt,scrape_output\clean\宋朝\浪淘沙 (素約小腰身)\浪淘沙 (素約小腰身)__juan_01.txt,214,166,0
宋朝,112687,浯溪中興頌詩和張文潛,浯溪中興頌詩和張文潛,浯溪中興頌詩和張文潛,1,scrape_output\raw\宋朝\浯溪中興頌詩和張文潛\浯溪中興頌詩和張文潛__juan_01.txt,scrape_output\clean\宋朝\浯溪中興頌詩和張文潛\浯溪中興頌詩和張文潛__juan_01.txt,517,467,0
宋朝,28401,海棠譜,海棠譜/卷上,海棠譜,1,scrape_output\raw\宋朝\海棠譜\海棠譜__juan_01.txt,scrape_output\clean\宋朝\海棠譜\海棠譜__juan_01.txt,3035,2981,0
宋朝,28401,海棠譜,海棠譜/卷中,海棠譜,2,scrape_output\raw\宋朝\海棠譜\海棠譜__juan_02.txt,scrape_output\clean\宋朝\海棠譜\海棠譜__juan_02.txt,5647,5613,0
宋朝,28401,海棠譜,海棠譜/卷下,海棠譜,3,scrape_output\raw\宋朝\海棠譜\海棠譜__juan_03.txt,scrape_output\clean\宋朝\海棠譜\海棠譜__juan_03.txt,4179,4164,0
宋朝,1136692,涅槃玄義發源機要,涅槃玄義發源機要/卷001,涅槃玄義發源機要,1,scrape_output\raw\宋朝\涅槃玄義發源機要\涅槃玄義發源機要__juan_01.txt,scrape_output\clean\宋朝\涅槃玄義發源機要\涅槃玄義發源機要__juan_01.txt,11421,11421,0
宋朝,1136692,涅槃玄義發源機要,涅槃玄義發源機要/卷002,涅槃玄義發源機要,2,scrape_output\raw\宋朝\涅槃玄義發源機要\涅槃玄義發源機要__juan_02.txt,scrape_output\clean\宋朝\涅槃玄義發源機要\涅槃玄義發源機要__juan_02.txt,10669,10656,0
宋朝,1136692,涅槃玄義發源機要,涅槃玄義發源機要/卷003,涅槃玄義發源機要,3,scrape_output\raw\宋朝\涅槃玄義發源機要\涅槃玄義發源機要__juan_03.txt,scrape_output\clean\宋朝\涅槃玄義發源機要\涅槃玄義發源機要__juan_03.txt,11250,11245,0
宋朝,1136692,涅槃玄義發源機要,涅槃玄義發源機要/卷004,涅槃玄義發源機要,4,scrape_output\raw\宋朝\涅槃玄義發源機要\涅槃玄義發源機要__juan_04.txt,scrape_output\clean\宋朝\涅槃玄義發源機要\涅槃玄義發源機要__juan_04.txt,11651,11550,0
宋朝,196664,涉史隨筆,涉史隨筆,涉史隨筆,1,scrape_output\raw\宋朝\涉史隨筆\涉史隨筆__juan_01.txt,scrape_output\clean\宋朝\涉史隨筆\涉史隨筆__juan_01.txt,364,291,0
宋朝,178872,涉小溪宿淡山,涉小溪宿淡山,涉小溪宿淡山,1,scrape_output\raw\宋朝\涉小溪宿淡山\涉小溪宿淡山__juan_01.txt,scrape_output\clean\宋朝\涉小溪宿淡山\涉小溪宿淡山__juan_01.txt,133,89,0
宋朝,35656,淅江小磯春日,淅江小磯春日,淅江小磯春日,1,scrape_output\raw\宋朝\淅江小磯春日\淅江小磯春日__juan_01.txt,scrape_output\clean\宋朝\淅江小磯春日\淅江小磯春日__juan_01.txt,114,69,0
宋朝,766399,混元聖記,混元聖記/1,混元聖記,1,scrape_output\raw\宋朝\混元聖記\混元聖記__juan_01.txt,scrape_output\clean\宋朝\混元聖記\混元聖記__juan_01.txt,15350,15341,0
宋朝,766399,混元聖記,混元聖記/2,混元聖記,2,scrape_output\raw\宋朝\混元聖記\混元聖記__juan_02.txt,scrape_output\clean\宋朝\混元聖記\混元聖記__juan_02.txt,17151,17145,0
宋朝,766399,混元聖記,混元聖記/3,混元聖記,3,scrape_output\raw\宋朝\混元聖記\混元聖記__juan_03.txt,scrape_output\clean\宋朝\混元聖記\混元聖記__juan_03.txt,11256,11255,0
宋朝,766399,混元聖記,混元聖記/4,混元聖記,4,scrape_output\raw\宋朝\混元聖記\混元聖記__juan_04.txt,scrape_output\clean\宋朝\混元聖記\混元聖記__juan_04.txt,7577,7576,0
宋朝,766399,混元聖記,混元聖記/5,混元聖記,5,scrape_output\raw\宋朝\混元聖記\混元聖記__juan_05.txt,scrape_output\clean\宋朝\混元聖記\混元聖記__juan_05.txt,6084,6082,0
宋朝,766399,混元聖記,混元聖記/6,混元聖記,6,scrape_output\raw\宋朝\混元聖記\混元聖記__juan_06.txt,scrape_output\clean\宋朝\混元聖記\混元聖記__juan_06.txt,10617,10611,0
宋朝,766399,混元聖記,混元聖記/7,混元聖記,7,scrape_output\raw\宋朝\混元聖記\混元聖記__juan_07.txt,scrape_output\clean\宋朝\混元聖記\混元聖記__juan_07.txt,16513,16506,0
宋朝,766399,混元聖記,混元聖記/8,混元聖記,8,scrape_output\raw\宋朝\混元聖記\混元聖記__juan_08.txt,scrape_output\clean\宋朝\混元聖記\混元聖記__juan_08.txt,15432,15429,0
宋朝,766399,混元聖記,混元聖記/9,混元聖記,9,scrape_output\raw\宋朝\混元聖記\混元聖記__juan_09.txt,scrape_output\clean\宋朝\混元聖記\混元聖記__juan_09.txt,20016,20003,0
宋朝,112501,添字采桑子,添字采桑子,添字采桑子,1,scrape_output\raw\宋朝\添字采桑子\添字采桑子__juan_01.txt,scrape_output\clean\宋朝\添字采桑子\添字采桑子__juan_01.txt,170,122,0
宋朝,180022,清平樂 (朱淑真),清平樂 (朱淑真),清平樂 (朱淑真),1,scrape_output\raw\宋朝\清平樂 (朱淑真)\清平樂 (朱淑真)__juan_01.txt,scrape_output\clean\宋朝\清平樂 (朱淑真)\清平樂 (朱淑真)__juan_01.txt,219,127,0
宋朝,91689,清平樂 (李清照),清平樂 (李清照),清平樂 (李清照),1,scrape_output\raw\宋朝\清平樂 (李清照)\清平樂 (李清照)__juan_01.txt,scrape_output\clean\宋朝\清平樂 (李清照)\清平樂 (李清照)__juan_01.txt,160,66,0
宋朝,887808,清平樂 (柳塘書事),清平樂 (柳塘書事),清平樂 (柳塘書事),1,scrape_output\raw\宋朝\清平樂 (柳塘書事)\清平樂 (柳塘書事)__juan_01.txt,scrape_output\clean\宋朝\清平樂 (柳塘書事)\清平樂 (柳塘書事)__juan_01.txt,160,114,0
宋朝,158538,清明 (黃庭堅),清明 (黃庭堅),清明 (黃庭堅),1,scrape_output\raw\宋朝\清明 (黃庭堅)\清明 (黃庭堅)__juan_01.txt,scrape_output\clean\宋朝\清明 (黃庭堅)\清明 (黃庭堅)__juan_01.txt,165,113,0
宋朝,158539,清明日對酒,清明日對酒,清明日對酒,1,scrape_output\raw\宋朝\清明日對酒\清明日對酒__juan_01.txt,scrape_output\clean\宋朝\清明日對酒\清明日對酒__juan_01.txt,177,121,0
宋朝,35689,清明日試新火作牡丹會,清明日試新火作牡丹會,清明日試新火作牡丹會,1,scrape_output\raw\宋朝\清明日試新火作牡丹會\清明日試新火作牡丹會__juan_01.txt,scrape_output\clean\宋朝\清明日試新火作牡丹會\清明日試新火作牡丹會__juan_01.txt,152,105,0
宋朝,57689,清異錄,清異錄,清異錄,1,scrape_output\raw\宋朝\清異錄\清異錄__juan_01.txt,scrape_output\clean\宋朝\清異錄\清異錄__juan_01.txt,457,413,0
宋朝,1124461,減字木蘭花 (劉辰翁),減字木蘭花 (劉辰翁),減字木蘭花 (劉辰翁),1,scrape_output\raw\宋朝\減字木蘭花 (劉辰翁)\減字木蘭花 (劉辰翁)__juan_01.txt,scrape_output\clean\宋朝\減字木蘭花 (劉辰翁)\減字木蘭花 (劉辰翁)__juan_01.txt,145,101,0
宋朝,887801,減字木蘭花 (呂本中),減字木蘭花 (呂本中),減字木蘭花 (呂本中),1,scrape_output\raw\宋朝\減字木蘭花 (呂本中)\減字木蘭花 (呂本中)__juan_01.txt,scrape_output\clean\宋朝\減字木蘭花 (呂本中)\減字木蘭花 (呂本中)__juan_01.txt,152,108,0
宋朝,180019,減字木蘭花 (朱淑真),減字木蘭花 (朱淑真),減字木蘭花 (朱淑真),1,scrape_output\raw\宋朝\減字木蘭花 (朱淑真)\減字木蘭花 (朱淑真)__juan_01.txt,scrape_output\clean\宋朝\減字木蘭花 (朱淑真)\減字木蘭花 (朱淑真)__juan_01.txt,146,54,0
宋朝,92972,減字木蘭花 (李清照),減字木蘭花 (李清照),減字木蘭花 (李清照),1,scrape_output\raw\宋朝\減字木蘭花 (李清照)\減字木蘭花 (李清照)__juan_01.txt,scrape_output\clean\宋朝\減字木蘭花 (李清照)\減字木蘭花 (李清照)__juan_01.txt,203,157,0
宋朝,29787,游山上一道觀三佛寺,游山上一道觀三佛寺,游山上一道觀三佛寺,1,scrape_output\raw\宋朝\游山上一道觀三佛寺\游山上一道觀三佛寺__juan_01.txt,scrape_output\clean\宋朝\游山上一道觀三佛寺\游山上一道觀三佛寺__juan_01.txt,147,97,0
宋朝,1125716,游武夷,游武夷,游武夷,1,scrape_output\raw\宋朝\游武夷\游武夷__juan_01.txt,scrape_output\clean\宋朝\游武夷\游武夷__juan_01.txt,113,69,0
宋朝,158776,湖上 (徐元傑),湖上 (徐元傑),湖上 (徐元傑),1,scrape_output\raw\宋朝\湖上 (徐元傑)\湖上 (徐元傑)__juan_01.txt,scrape_output\clean\宋朝\湖上 (徐元傑)\湖上 (徐元傑)__juan_01.txt,121,73,0
宋朝,344847,準詔言事上書,準詔言事上書,準詔言事上書,1,scrape_output\raw\宋朝\準詔言事上書\準詔言事上書__juan_01.txt,scrape_output\clean\宋朝\準詔言事上書\準詔言事上書__juan_01.txt,4523,4479,0
宋朝,150442,溪橋晚興,溪橋晚興,溪橋晚興,1,scrape_output\raw\宋朝\溪橋晚興\溪橋晚興__juan_01.txt,scrape_output\clean\宋朝\溪橋晚興\溪橋晚興__juan_01.txt,117,73,0
宋朝,106283,溪蠻叢笑,溪蠻叢笑,溪蠻叢笑,1,scrape_output\raw\宋朝\溪蠻叢笑\溪蠻叢笑__juan_01.txt,scrape_output\clean\宋朝\溪蠻叢笑\溪蠻叢笑__juan_01.txt,390,390,0
宋朝,112229,溫公日記,溫公日記,溫公日記,1,scrape_output\raw\宋朝\溫公日記\溫公日記__juan_01.txt,scrape_output\clean\宋朝\溫公日記\溫公日記__juan_01.txt,18019,17489,0
宋朝,32271,滁州琅玡山茶仙亭,滁州琅玡山茶仙亭,滁州琅玡山茶仙亭,1,scrape_output\raw\宋朝\滁州琅玡山茶仙亭\滁州琅玡山茶仙亭__juan_01.txt,scrape_output\clean\宋朝\滁州琅玡山茶仙亭\滁州琅玡山茶仙亭__juan_01.txt,105,61,0
宋朝,167780,滄浪亭記 (蘇舜欽),滄浪亭記 (蘇舜欽),滄浪亭記 (蘇舜欽),1,scrape_output\raw\宋朝\滄浪亭記 (蘇舜欽)\滄浪亭記 (蘇舜欽)__juan_01.txt,scrape_output\clean\宋朝\滄浪亭記 (蘇舜欽)\滄浪亭記 (蘇舜欽)__juan_01.txt,571,475,0
宋朝,27307,滄浪詩話,滄浪詩話/卷1,滄浪詩話,1,scrape_output\raw\宋朝\滄浪詩話\滄浪詩話__juan_01.txt,scrape_output\clean\宋朝\滄浪詩話\滄浪詩話__juan_01.txt,1800,1706,0
宋朝,27307,滄浪詩話,滄浪詩話/卷2,滄浪詩話,2,scrape_output\raw\宋朝\滄浪詩話\滄浪詩話__juan_02.txt,scrape_output\clean\宋朝\滄浪詩話\滄浪詩話__juan_02.txt,4540,4372,0
宋朝,27307,滄浪詩話,滄浪詩話/卷3,滄浪詩話,3,scrape_output\raw\宋朝\滄浪詩話\滄浪詩話__juan_03.txt,scrape_output\clean\宋朝\滄浪詩話\滄浪詩話__juan_03.txt,657,561,0
宋朝,27307,滄浪詩話,滄浪詩話/卷4,滄浪詩話,4,scrape_output\raw\宋朝\滄浪詩話\滄浪詩話__juan_04.txt,scrape_output\clean\宋朝\滄浪詩話\滄浪詩話__juan_04.txt,3069,2975,0
宋朝,27307,滄浪詩話,滄浪詩話/卷5,滄浪詩話,5,scrape_output\raw\宋朝\滄浪詩話\滄浪詩話__juan_05.txt,scrape_output\clean\宋朝\滄浪詩話\滄浪詩話__juan_05.txt,3177,3079,0
宋朝,93189,滿庭芳 (李清照),滿庭芳 (李清照),滿庭芳 (李清照),1,scrape_output\raw\宋朝\滿庭芳 (李清照)\滿庭芳 (李清照)__juan_01.txt,scrape_output\clean\宋朝\滿庭芳 (李清照)\滿庭芳 (李清照)__juan_01.txt,243,147,0
宋朝,200651,滿江紅 (僧晦庵),滿江紅 (僧晦庵),滿江紅 (僧晦庵),1,scrape_output\raw\宋朝\滿江紅 (僧晦庵)\滿江紅 (僧晦庵)__juan_01.txt,scrape_output\clean\宋朝\滿江紅 (僧晦庵)\滿江紅 (僧晦庵)__juan_01.txt,208,164,0
宋朝,200590,滿江紅 (康與之),滿江紅 (康與之),滿江紅 (康與之),1,scrape_output\raw\宋朝\滿江紅 (康與之)\滿江紅 (康與之)__juan_01.txt,scrape_output\clean\宋朝\滿江紅 (康與之)\滿江紅 (康與之)__juan_01.txt,196,152,0
宋朝,7364,滿江紅 (登黃鶴樓有感),滿江紅 (登黃鶴樓有感),滿江紅 (登黃鶴樓有感),1,scrape_output\raw\宋朝\滿江紅 (登黃鶴樓有感)\滿江紅 (登黃鶴樓有感)__juan_01.txt,scrape_output\clean\宋朝\滿江紅 (登黃鶴樓有感)\滿江紅 (登黃鶴樓有感)__juan_01.txt,209,165,0
宋朝,66405,滿江紅 (范成大),滿江紅 (范成大),滿江紅 (范成大),1,scrape_output\raw\宋朝\滿江紅 (范成大)\滿江紅 (范成大)__juan_01.txt,scrape_output\clean\宋朝\滿江紅 (范成大)\滿江紅 (范成大)__juan_01.txt,227,135,0
宋朝,92971,漁家傲 (李清照),漁家傲 (李清照),漁家傲 (李清照),1,scrape_output\raw\宋朝\漁家傲 (李清照)\漁家傲 (李清照)__juan_01.txt,scrape_output\clean\宋朝\漁家傲 (李清照)\漁家傲 (李清照)__juan_01.txt,286,188,0
宋朝,889418,漁陽石譜序,漁陽石譜序,漁陽石譜序,1,scrape_output\raw\宋朝\漁陽石譜序\漁陽石譜序__juan_01.txt,scrape_output\clean\宋朝\漁陽石譜序\漁陽石譜序__juan_01.txt,246,202,0
宋朝,112754,漢巴官鐵量銘跋尾注 (李清照),漢巴官鐵量銘跋尾注 (李清照),漢巴官鐵量銘跋尾注 (李清照),1,scrape_output\raw\宋朝\漢巴官鐵量銘跋尾注 (李清照)\漢巴官鐵量銘跋尾注 (李清照)__juan_01.txt,scrape_output\clean\宋朝\漢巴官鐵量銘跋尾注 (李清照)\漢巴官鐵量銘跋尾注 (李清照)__juan_01.txt,155,63,0
宋朝,200409,潘家山同章衡諸生飲次行令探得隱君子為章衡搜出故賦詩雲,潘家山同章衡諸生飲次行令探得隱君子為章衡搜出故賦詩雲,潘家山同章衡諸生飲次行令探得隱君子為章衡搜出故賦詩雲,1,scrape_output\raw\宋朝\潘家山同章衡諸生飲次行令探得隱君子為章衡搜出故賦詩雲\潘家山同章衡諸生飲次行令探得隱君子為章衡搜出故賦詩雲__juan_01.txt,scrape_output\clean\宋朝\潘家山同章衡諸生飲次行令探得隱君子為章衡搜出故賦詩雲\潘家山同章衡諸生飲次行令探得隱君子為章衡搜出故賦詩雲__juan_01.txt,935,429,0
宋朝,1130087,潛確居類書,潛確居類書,潛確居類書,1,scrape_output\raw\宋朝\潛確居類書\潛確居類書__juan_01.txt,scrape_output\clean\宋朝\潛確居類書\潛確居類書__juan_01.txt,0,0,1
宋朝,166073,潛虛,潛虛,潛虛,1,scrape_output\raw\宋朝\潛虛\潛虛__juan_01.txt,scrape_output\clean\宋朝\潛虛\潛虛__juan_01.txt,671,671,0
宋朝,29786,澄江亭,澄江亭,澄江亭,1,scrape_output\raw\宋朝\澄江亭\澄江亭__juan_01.txt,scrape_output\clean\宋朝\澄江亭\澄江亭__juan_01.txt,149,105,0
宋朝,179245,澹庵坐上觀顯上人分茶,澹庵坐上觀顯上人分茶,澹庵坐上觀顯上人分茶,1,scrape_output\raw\宋朝\澹庵坐上觀顯上人分茶\澹庵坐上觀顯上人分茶__juan_01.txt,scrape_output\clean\宋朝\澹庵坐上觀顯上人分茶\澹庵坐上觀顯上人分茶__juan_01.txt,257,213,0
宋朝,200462,濮妃袝廟挽二首,濮妃袝廟挽二首,濮妃袝廟挽二首,1,scrape_output\raw\宋朝\濮妃袝廟挽二首\濮妃袝廟挽二首__juan_01.txt,scrape_output\clean\宋朝\濮妃袝廟挽二首\濮妃袝廟挽二首__juan_01.txt,720,153,0
宋朝,200416,瀑布（宋,瀑布（宋·陳襄）,瀑布（宋,1,scrape_output\raw\宋朝\瀑布（宋\瀑布（宋__juan_01.txt,scrape_output\clean\宋朝\瀑布（宋\瀑布（宋__juan_01.txt,638,71,0
宋朝,190181,瀟湘夜雨 (趙長卿),瀟湘夜雨 (趙長卿),瀟湘夜雨 (趙長卿),1,scrape_output\raw\宋朝\瀟湘夜雨 (趙長卿)\瀟湘夜雨 (趙長卿)__juan_01.txt,scrape_output\clean\宋朝\瀟湘夜雨 (趙長卿)\瀟湘夜雨 (趙長卿)__juan_01.txt,220,128,0
宋朝,195320,灌頂王喻經,灌頂王喻經,灌頂王喻經,1,scrape_output\raw\宋朝\灌頂王喻經\灌頂王喻經__juan_01.txt,scrape_output\clean\宋朝\灌頂王喻經\灌頂王喻經__juan_01.txt,498,498,0
宋朝,51741,烏江 (李清照),烏江 (李清照),烏江 (李清照),1,scrape_output\raw\宋朝\烏江 (李清照)\烏江 (李清照)__juan_01.txt,scrape_output\clean\宋朝\烏江 (李清照)\烏江 (李清照)__juan_01.txt,141,47,0
宋朝,875553,無能勝大明心陀羅尼經,無能勝大明心陀羅尼經,無能勝大明心陀羅尼經,1,scrape_output\raw\宋朝\無能勝大明心陀羅尼經\無能勝大明心陀羅尼經__juan_01.txt,scrape_output\clean\宋朝\無能勝大明心陀羅尼經\無能勝大明心陀羅尼經__juan_01.txt,1705,1233,0
宋朝,875554,無能勝大明陀羅尼經,無能勝大明陀羅尼經,無能勝大明陀羅尼經,1,scrape_output\raw\宋朝\無能勝大明陀羅尼經\無能勝大明陀羅尼經__juan_01.txt,scrape_output\clean\宋朝\無能勝大明陀羅尼經\無能勝大明陀羅尼經__juan_01.txt,9470,6740,0
宋朝,34748,熙寧元年八月十九日過湖州東林沈山用石榴皮寫絕句於壁自號回山人,熙寧元年八月十九日過湖州東林沈山用石榴皮寫絕句於壁自號回山人,熙寧元年八月十九日過湖州東林沈山用石榴皮寫絕句於壁自號回山人,1,scrape_output\raw\宋朝\熙寧元年八月十九日過湖州東林沈山用石榴皮寫絕句於壁自號回山人\熙寧元年八月十九日過湖州東林沈山用石榴皮寫絕句於壁自號回山人__juan_01.txt,scrape_output\clean\宋朝\熙寧元年八月十九日過湖州東林沈山用石榴皮寫絕句於壁自號回山人\熙寧元年八月十九日過湖州東林沈山用石榴皮寫絕句於壁自號回山人__juan_01.txt,113,69,0
宋朝,136100,燕北錄,燕北錄,燕北錄,1,scrape_output\raw\宋朝\燕北錄\燕北錄__juan_01.txt,scrape_output\clean\宋朝\燕北錄\燕北錄__juan_01.txt,2003,2002,0
宋朝,28202,燕山亭 (趙佶),燕山亭 (趙佶),燕山亭 (趙佶),1,scrape_output\raw\宋朝\燕山亭 (趙佶)\燕山亭 (趙佶)__juan_01.txt,scrape_output\clean\宋朝\燕山亭 (趙佶)\燕山亭 (趙佶)__juan_01.txt,216,172,0
宋朝,155903,燭影搖紅 (王詵),燭影搖紅 (王詵),燭影搖紅 (王詵),1,scrape_output\raw\宋朝\燭影搖紅 (王詵)\燭影搖紅 (王詵)__juan_01.txt,scrape_output\clean\宋朝\燭影搖紅 (王詵)\燭影搖紅 (王詵)__juan_01.txt,235,143,0
宋朝,179210,爲王監簿先生求近詩,爲王監簿先生求近詩,爲王監簿先生求近詩,1,scrape_output\raw\宋朝\爲王監簿先生求近詩\爲王監簿先生求近詩__juan_01.txt,scrape_output\clean\宋朝\爲王監簿先生求近詩\爲王監簿先生求近詩__juan_01.txt,149,105,0
宋朝,180010,牡丹 (朱淑真),牡丹 (朱淑真),牡丹 (朱淑真),1,scrape_output\raw\宋朝\牡丹 (朱淑真)\牡丹 (朱淑真)__juan_01.txt,scrape_output\clean\宋朝\牡丹 (朱淑真)\牡丹 (朱淑真)__juan_01.txt,113,69,0
宋朝,192168,物異考,物異考,物異考,1,scrape_output\raw\宋朝\物異考\物異考__juan_01.txt,scrape_output\clean\宋朝\物異考\物異考__juan_01.txt,576,505,0
宋朝,32643,狂仙,狂仙,狂仙,1,scrape_output\raw\宋朝\狂仙\狂仙__juan_01.txt,scrape_output\clean\宋朝\狂仙\狂仙__juan_01.txt,113,69,0
宋朝,57694,獨醒雜志,獨醒雜志/卷一,獨醒雜志,1,scrape_output\raw\宋朝\獨醒雜志\獨醒雜志__juan_01.txt,scrape_output\clean\宋朝\獨醒雜志\獨醒雜志__juan_01.txt,4132,4131,0
宋朝,57694,獨醒雜志,獨醒雜志/卷二,獨醒雜志,2,scrape_output\raw\宋朝\獨醒雜志\獨醒雜志__juan_02.txt,scrape_output\clean\宋朝\獨醒雜志\獨醒雜志__juan_02.txt,4652,4652,0
宋朝,57694,獨醒雜志,獨醒雜志/卷三,獨醒雜志,3,scrape_output\raw\宋朝\獨醒雜志\獨醒雜志__juan_03.txt,scrape_output\clean\宋朝\獨醒雜志\獨醒雜志__juan_03.txt,4473,4473,0
宋朝,57694,獨醒雜志,獨醒雜志/卷四,獨醒雜志,4,scrape_output\raw\宋朝\獨醒雜志\獨醒雜志__juan_04.txt,scrape_output\clean\宋朝\獨醒雜志\獨醒雜志__juan_04.txt,4180,4180,0
宋朝,57694,獨醒雜志,獨醒雜志/卷五,獨醒雜志,5,scrape_output\raw\宋朝\獨醒雜志\獨醒雜志__juan_05.txt,scrape_output\clean\宋朝\獨醒雜志\獨醒雜志__juan_05.txt,4506,4506,0
宋朝,57694,獨醒雜志,獨醒雜志/卷六,獨醒雜志,6,scrape_output\raw\宋朝\獨醒雜志\獨醒雜志__juan_06.txt,scrape_output\clean\宋朝\獨醒雜志\獨醒雜志__juan_06.txt,4629,4626,0
宋朝,57694,獨醒雜志,獨醒雜志/卷七,獨醒雜志,7,scrape_output\raw\宋朝\獨醒雜志\獨醒雜志__juan_07.txt,scrape_output\clean\宋朝\獨醒雜志\獨醒雜志__juan_07.txt,4488,4488,0
宋朝,57694,獨醒雜志,獨醒雜志/卷八,獨醒雜志,8,scrape_output\raw\宋朝\獨醒雜志\獨醒雜志__juan_08.txt,scrape_output\clean\宋朝\獨醒雜志\獨醒雜志__juan_08.txt,5296,5294,0
宋朝,57694,獨醒雜志,獨醒雜志/卷九,獨醒雜志,9,scrape_output\raw\宋朝\獨醒雜志\獨醒雜志__juan_09.txt,scrape_output\clean\宋朝\獨醒雜志\獨醒雜志__juan_09.txt,4349,4347,0
宋朝,57694,獨醒雜志,獨醒雜志/卷十,獨醒雜志,10,scrape_output\raw\宋朝\獨醒雜志\獨醒雜志__juan_10.txt,scrape_output\clean\宋朝\獨醒雜志\獨醒雜志__juan_10.txt,4454,4453,0
宋朝,136829,獵狐篇,獵狐篇,獵狐篇,1,scrape_output\raw\宋朝\獵狐篇\獵狐篇__juan_01.txt,scrape_output\clean\宋朝\獵狐篇\獵狐篇__juan_01.txt,421,355,0
宋朝,876345,玉延賦,玉延賦,玉延賦,1,scrape_output\raw\宋朝\玉延賦\玉延賦__juan_01.txt,scrape_output\clean\宋朝\玉延賦\玉延賦__juan_01.txt,428,384,0
宋朝,91699,玉樓春 (李清照),玉樓春 (李清照),玉樓春 (李清照),1,scrape_output\raw\宋朝\玉樓春 (李清照)\玉樓春 (李清照)__juan_01.txt,scrape_output\clean\宋朝\玉樓春 (李清照)\玉樓春 (李清照)__juan_01.txt,191,95,0
宋朝,200595,玉樓春令 (康與之),玉樓春令 (康與之),玉樓春令 (康與之),1,scrape_output\raw\宋朝\玉樓春令 (康與之)\玉樓春令 (康與之)__juan_01.txt,scrape_output\clean\宋朝\玉樓春令 (康與之)\玉樓春令 (康與之)__juan_01.txt,149,105,0
宋朝,7642,玉歷寶鈔,玉歷寶鈔,玉歷寶鈔,1,scrape_output\raw\宋朝\玉歷寶鈔\玉歷寶鈔__juan_01.txt,scrape_output\clean\宋朝\玉歷寶鈔\玉歷寶鈔__juan_01.txt,11474,11289,0
宋朝,49594,玉汝惠貓頭笋,玉汝惠貓頭笋,玉汝惠貓頭笋,1,scrape_output\raw\宋朝\玉汝惠貓頭笋\玉汝惠貓頭笋__juan_01.txt,scrape_output\clean\宋朝\玉汝惠貓頭笋\玉汝惠貓頭笋__juan_01.txt,113,69,0
宋朝,342321,玉清金笥青華秘文金寶內鍊丹訣,玉清金笥青華秘文金寶內鍊丹訣,玉清金笥青華秘文金寶內鍊丹訣,1,scrape_output\raw\宋朝\玉清金笥青華秘文金寶內鍊丹訣\玉清金笥青華秘文金寶內鍊丹訣__juan_01.txt,scrape_output\clean\宋朝\玉清金笥青華秘文金寶內鍊丹訣\玉清金笥青華秘文金寶內鍊丹訣__juan_01.txt,17961,17756,0
宋朝,1138348,玉澗雜書,玉澗雜書,玉澗雜書,1,scrape_output\raw\宋朝\玉澗雜書\玉澗雜書__juan_01.txt,scrape_output\clean\宋朝\玉澗雜書\玉澗雜書__juan_01.txt,6539,6536,0
宋朝,166263,玉蘂辨證,玉蘂辨證,玉蘂辨證,1,scrape_output\raw\宋朝\玉蘂辨證\玉蘂辨證__juan_01.txt,scrape_output\clean\宋朝\玉蘂辨證\玉蘂辨證__juan_01.txt,4569,4484,0
宋朝,769795,王氏蘭譜 (說郛本),王氏蘭譜 (說郛本),王氏蘭譜 (說郛本),1,scrape_output\raw\宋朝\王氏蘭譜 (說郛本)\王氏蘭譜 (說郛本)__juan_01.txt,scrape_output\clean\宋朝\王氏蘭譜 (說郛本)\王氏蘭譜 (說郛本)__juan_01.txt,4337,4324,0
宋朝,343900,珞琭子三命消息賦注,珞琭子三命消息賦注,珞琭子三命消息賦注,1,scrape_output\raw\宋朝\珞琭子三命消息賦注\珞琭子三命消息賦注__juan_01.txt,scrape_output\clean\宋朝\珞琭子三命消息賦注\珞琭子三命消息賦注__juan_01.txt,25687,25668,0
宋朝,180810,珠花簃詞話,珠花簃詞話,珠花簃詞話,1,scrape_output\raw\宋朝\珠花簃詞話\珠花簃詞話__juan_01.txt,scrape_output\clean\宋朝\珠花簃詞話\珠花簃詞話__juan_01.txt,7383,7294,0
宋朝,180238,琴史,琴史/卷一,琴史,1,scrape_output\raw\宋朝\琴史\琴史__juan_01.txt,scrape_output\clean\宋朝\琴史\琴史__juan_01.txt,1260,1260,0
宋朝,180238,琴史,琴史/卷二,琴史,2,scrape_output\raw\宋朝\琴史\琴史__juan_02.txt,scrape_output\clean\宋朝\琴史\琴史__juan_02.txt,155,155,0
宋朝,180238,琴史,琴史/卷三,琴史,3,scrape_output\raw\宋朝\琴史\琴史__juan_03.txt,scrape_output\clean\宋朝\琴史\琴史__juan_03.txt,145,145,0
宋朝,180238,琴史,琴史/卷四,琴史,4,scrape_output\raw\宋朝\琴史\琴史__juan_04.txt,scrape_output\clean\宋朝\琴史\琴史__juan_04.txt,451,371,0
宋朝,180238,琴史,琴史/卷五,琴史,5,scrape_output\raw\宋朝\琴史\琴史__juan_05.txt,scrape_output\clean\宋朝\琴史\琴史__juan_05.txt,0,0,1
宋朝,180238,琴史,琴史/卷六,琴史,6,scrape_output\raw\宋朝\琴史\琴史__juan_06.txt,scrape_output\clean\宋朝\琴史\琴史__juan_06.txt,0,0,1
宋朝,194296,琴酒,琴酒,琴酒,1,scrape_output\raw\宋朝\琴酒\琴酒__juan_01.txt,scrape_output\clean\宋朝\琴酒\琴酒__juan_01.txt,118,26,0
宋朝,112756,琴銘 (李清照),琴銘 (李清照),琴銘 (李清照),1,scrape_output\raw\宋朝\琴銘 (李清照)\琴銘 (李清照)__juan_01.txt,scrape_output\clean\宋朝\琴銘 (李清照)\琴銘 (李清照)__juan_01.txt,138,41,0
宋朝,35654,瑞香花,瑞香花,瑞香花,1,scrape_output\raw\宋朝\瑞香花\瑞香花__juan_01.txt,scrape_output\clean\宋朝\瑞香花\瑞香花__juan_01.txt,152,105,0
宋朝,192280,瑞鶴仙 (史達祖),瑞鶴仙 (史達祖),瑞鶴仙 (史達祖),1,scrape_output\raw\宋朝\瑞鶴仙 (史達祖)\瑞鶴仙 (史達祖)__juan_01.txt,scrape_output\clean\宋朝\瑞鶴仙 (史達祖)\瑞鶴仙 (史達祖)__juan_01.txt,238,146,0
宋朝,92979,瑞鷓鴣 (李清照),瑞鷓鴣 (李清照),瑞鷓鴣 (李清照),1,scrape_output\raw\宋朝\瑞鷓鴣 (李清照)\瑞鷓鴣 (李清照)__juan_01.txt,scrape_output\clean\宋朝\瑞鷓鴣 (李清照)\瑞鷓鴣 (李清照)__juan_01.txt,169,121,0
宋朝,181188,環溪詩話,環溪詩話,環溪詩話,1,scrape_output\raw\宋朝\環溪詩話\環溪詩話__juan_01.txt,scrape_output\clean\宋朝\環溪詩話\環溪詩話__juan_01.txt,20070,20065,0
宋朝,197222,甕牗閒評,甕牗閒評/卷一,甕牗閒評,1,scrape_output\raw\宋朝\甕牗閒評\甕牗閒評__juan_01.txt,scrape_output\clean\宋朝\甕牗閒評\甕牗閒評__juan_01.txt,653,649,0
宋朝,197222,甕牗閒評,甕牗閒評/卷二,甕牗閒評,2,scrape_output\raw\宋朝\甕牗閒評\甕牗閒評__juan_02.txt,scrape_output\clean\宋朝\甕牗閒評\甕牗閒評__juan_02.txt,757,752,0
宋朝,197222,甕牗閒評,甕牗閒評/卷三,甕牗閒評,3,scrape_output\raw\宋朝\甕牗閒評\甕牗閒評__juan_03.txt,scrape_output\clean\宋朝\甕牗閒評\甕牗閒評__juan_03.txt,0,0,1
宋朝,197222,甕牗閒評,甕牗閒評/卷四,甕牗閒評,4,scrape_output\raw\宋朝\甕牗閒評\甕牗閒評__juan_04.txt,scrape_output\clean\宋朝\甕牗閒評\甕牗閒評__juan_04.txt,0,0,1
宋朝,197222,甕牗閒評,甕牗閒評/卷五,甕牗閒評,5,scrape_output\raw\宋朝\甕牗閒評\甕牗閒評__juan_05.txt,scrape_output\clean\宋朝\甕牗閒評\甕牗閒評__juan_05.txt,0,0,1
宋朝,197222,甕牗閒評,甕牗閒評/卷六,甕牗閒評,6,scrape_output\raw\宋朝\甕牗閒評\甕牗閒評__juan_06.txt,scrape_output\clean\宋朝\甕牗閒評\甕牗閒評__juan_06.txt,0,0,1
宋朝,197222,甕牗閒評,甕牗閒評/卷七,甕牗閒評,7,scrape_output\raw\宋朝\甕牗閒評\甕牗閒評__juan_07.txt,scrape_output\clean\宋朝\甕牗閒評\甕牗閒評__juan_07.txt,0,0,1
宋朝,197222,甕牗閒評,甕牗閒評/卷八,甕牗閒評,8,scrape_output\raw\宋朝\甕牗閒評\甕牗閒評__juan_08.txt,scrape_output\clean\宋朝\甕牗閒評\甕牗閒評__juan_08.txt,0,0,1
宋朝,112676,生查子 (年年玉镜臺),生查子 (年年玉镜臺),生查子 (年年玉镜臺),1,scrape_output\raw\宋朝\生查子 (年年玉镜臺)\生查子 (年年玉镜臺)__juan_01.txt,scrape_output\clean\宋朝\生查子 (年年玉镜臺)\生查子 (年年玉镜臺)__juan_01.txt,172,78,0
宋朝,180016,生查子 (朱淑真),生查子 (朱淑真),生查子 (朱淑真),1,scrape_output\raw\宋朝\生查子 (朱淑真)\生查子 (朱淑真)__juan_01.txt,scrape_output\clean\宋朝\生查子 (朱淑真)\生查子 (朱淑真)__juan_01.txt,305,211,0
宋朝,158865,田家 (范成大),田家 (范成大),田家 (范成大),1,scrape_output\raw\宋朝\田家 (范成大)\田家 (范成大)__juan_01.txt,scrape_output\clean\宋朝\田家 (范成大)\田家 (范成大)__juan_01.txt,121,73,0
宋朝,55687,畫墁錄,畫墁錄,畫墁錄,1,scrape_output\raw\宋朝\畫墁錄\畫墁錄__juan_01.txt,scrape_output\clean\宋朝\畫墁錄\畫墁錄__juan_01.txt,15480,15278,0
宋朝,1214010,病起書懷,病起書懷,病起書懷,1,scrape_output\raw\宋朝\病起書懷\病起書懷__juan_01.txt,scrape_output\clean\宋朝\病起書懷\病起書懷__juan_01.txt,149,105,0
宋朝,29512,癸未上元後永州夜飲趙敦禮竹亭聞蛙醉吟,癸未上元後永州夜飲趙敦禮竹亭聞蛙醉吟,癸未上元後永州夜飲趙敦禮竹亭聞蛙醉吟,1,scrape_output\raw\宋朝\癸未上元後永州夜飲趙敦禮竹亭聞蛙醉吟\癸未上元後永州夜飲趙敦禮竹亭聞蛙醉吟__juan_01.txt,scrape_output\clean\宋朝\癸未上元後永州夜飲趙敦禮竹亭聞蛙醉吟\癸未上元後永州夜飲趙敦禮竹亭聞蛙醉吟__juan_01.txt,185,141,0
宋朝,29680,登幼山,登幼山,登幼山,1,scrape_output\raw\宋朝\登幼山\登幼山__juan_01.txt,scrape_output\clean\宋朝\登幼山\登幼山__juan_01.txt,131,87,0
宋朝,200424,登彼公堂燕貢士四首,登彼公堂燕貢士四首,登彼公堂燕貢士四首,1,scrape_output\raw\宋朝\登彼公堂燕貢士四首\登彼公堂燕貢士四首__juan_01.txt,scrape_output\clean\宋朝\登彼公堂燕貢士四首\登彼公堂燕貢士四首__juan_01.txt,712,145,0
宋朝,816495,登戎州江樓閑望,登戎州江樓閑望,登戎州江樓閑望,1,scrape_output\raw\宋朝\登戎州江樓閑望\登戎州江樓閑望__juan_01.txt,scrape_output\clean\宋朝\登戎州江樓閑望\登戎州江樓閑望__juan_01.txt,131,87,0
宋朝,35641,登西樓,登西樓,登西樓,1,scrape_output\raw\宋朝\登西樓\登西樓__juan_01.txt,scrape_output\clean\宋朝\登西樓\登西樓__juan_01.txt,152,105,0
宋朝,25001,發商水道中,發商水道中,發商水道中,1,scrape_output\raw\宋朝\發商水道中\發商水道中__juan_01.txt,scrape_output\clean\宋朝\發商水道中\發商水道中__juan_01.txt,133,89,0
宋朝,179208,發楓平,發楓平,發楓平,1,scrape_output\raw\宋朝\發楓平\發楓平__juan_01.txt,scrape_output\clean\宋朝\發楓平\發楓平__juan_01.txt,133,89,0
宋朝,200475,發贛上寄余洪範,發贛上寄余洪範,發贛上寄余洪範,1,scrape_output\raw\宋朝\發贛上寄余洪範\發贛上寄余洪範__juan_01.txt,scrape_output\clean\宋朝\發贛上寄余洪範\發贛上寄余洪範__juan_01.txt,144,52,0
宋朝,29518,白含笑,白含笑,白含笑,1,scrape_output\raw\宋朝\白含笑\白含笑__juan_01.txt,scrape_output\clean\宋朝\白含笑\白含笑__juan_01.txt,113,69,0
宋朝,101813,白石道人詩說,白石道人詩說,白石道人詩說,1,scrape_output\raw\宋朝\白石道人詩說\白石道人詩說__juan_01.txt,scrape_output\clean\宋朝\白石道人詩說\白石道人詩說__juan_01.txt,1485,1484,0
宋朝,195291,白衣金幢二婆羅門緣起經,白衣金幢二婆羅門緣起經/卷第 01,白衣金幢二婆羅門緣起經,1,scrape_output\raw\宋朝\白衣金幢二婆羅門緣起經\白衣金幢二婆羅門緣起經__juan_01.txt,scrape_output\clean\宋朝\白衣金幢二婆羅門緣起經\白衣金幢二婆羅門緣起經__juan_01.txt,3341,3341,0
宋朝,195291,白衣金幢二婆羅門緣起經,白衣金幢二婆羅門緣起經/卷第 02,白衣金幢二婆羅門緣起經,2,scrape_output\raw\宋朝\白衣金幢二婆羅門緣起經\白衣金幢二婆羅門緣起經__juan_02.txt,scrape_output\clean\宋朝\白衣金幢二婆羅門緣起經\白衣金幢二婆羅門緣起經__juan_02.txt,3103,3103,0
宋朝,195291,白衣金幢二婆羅門緣起經,白衣金幢二婆羅門緣起經/卷第 03,白衣金幢二婆羅門緣起經,3,scrape_output\raw\宋朝\白衣金幢二婆羅門緣起經\白衣金幢二婆羅門緣起經__juan_03.txt,scrape_output\clean\宋朝\白衣金幢二婆羅門緣起經\白衣金幢二婆羅門緣起經__juan_03.txt,3138,3138,0
宋朝,200415,白頭,白頭,白頭,1,scrape_output\raw\宋朝\白頭\白頭__juan_01.txt,scrape_output\clean\宋朝\白頭\白頭__juan_01.txt,672,105,0
宋朝,37331,白馬寺詩,白馬寺詩,白馬寺詩,1,scrape_output\raw\宋朝\白馬寺詩\白馬寺詩__juan_01.txt,scrape_output\clean\宋朝\白馬寺詩\白馬寺詩__juan_01.txt,181,131,0
宋朝,35672,白鷺亭,白鷺亭,白鷺亭,1,scrape_output\raw\宋朝\白鷺亭\白鷺亭__juan_01.txt,scrape_output\clean\宋朝\白鷺亭\白鷺亭__juan_01.txt,114,69,0
宋朝,180309,百菊集譜,百菊集譜/卷一,百菊集譜,1,scrape_output\raw\宋朝\百菊集譜\百菊集譜__juan_01.txt,scrape_output\clean\宋朝\百菊集譜\百菊集譜__juan_01.txt,5587,5561,0
宋朝,180309,百菊集譜,百菊集譜/卷二,百菊集譜,2,scrape_output\raw\宋朝\百菊集譜\百菊集譜__juan_02.txt,scrape_output\clean\宋朝\百菊集譜\百菊集譜__juan_02.txt,5982,5871,0
宋朝,180309,百菊集譜,百菊集譜/卷三,百菊集譜,3,scrape_output\raw\宋朝\百菊集譜\百菊集譜__juan_03.txt,scrape_output\clean\宋朝\百菊集譜\百菊集譜__juan_03.txt,7713,7642,0
宋朝,180309,百菊集譜,百菊集譜/卷四,百菊集譜,4,scrape_output\raw\宋朝\百菊集譜\百菊集譜__juan_04.txt,scrape_output\clean\宋朝\百菊集譜\百菊集譜__juan_04.txt,7303,7195,0
宋朝,180309,百菊集譜,百菊集譜/卷五,百菊集譜,5,scrape_output\raw\宋朝\百菊集譜\百菊集譜__juan_05.txt,scrape_output\clean\宋朝\百菊集譜\百菊集譜__juan_05.txt,1552,1528,0
宋朝,180309,百菊集譜,百菊集譜/卷六,百菊集譜,6,scrape_output\raw\宋朝\百菊集譜\百菊集譜__juan_06.txt,scrape_output\clean\宋朝\百菊集譜\百菊集譜__juan_06.txt,8874,8395,0
宋朝,180309,百菊集譜,百菊集譜/卷首,百菊集譜,7,scrape_output\raw\宋朝\百菊集譜\百菊集譜__juan_07.txt,scrape_output\clean\宋朝\百菊集譜\百菊集譜__juan_07.txt,1497,1435,0
宋朝,59238,皂角林,皂角林,皂角林,1,scrape_output\raw\宋朝\皂角林\皂角林__juan_01.txt,scrape_output\clean\宋朝\皂角林\皂角林__juan_01.txt,126,34,0
宋朝,112744,皇后閤端午帖子 (李清照),皇后閤端午帖子 (李清照),皇后閤端午帖子 (李清照),1,scrape_output\raw\宋朝\皇后閤端午帖子 (李清照)\皇后閤端午帖子 (李清照)__juan_01.txt,scrape_output\clean\宋朝\皇后閤端午帖子 (李清照)\皇后閤端午帖子 (李清照)__juan_01.txt,118,26,0
宋朝,112741,皇帝閤春帖子 (李清照),皇帝閤春帖子 (李清照),皇帝閤春帖子 (李清照),1,scrape_output\raw\宋朝\皇帝閤春帖子 (李清照)\皇帝閤春帖子 (李清照)__juan_01.txt,scrape_output\clean\宋朝\皇帝閤春帖子 (李清照)\皇帝閤春帖子 (李清照)__juan_01.txt,118,26,0
宋朝,112743,皇帝閤端午帖子 (李清照),皇帝閤端午帖子 (李清照),皇帝閤端午帖子 (李清照),1,scrape_output\raw\宋朝\皇帝閤端午帖子 (李清照)\皇帝閤端午帖子 (李清照)__juan_01.txt,scrape_output\clean\宋朝\皇帝閤端午帖子 (李清照)\皇帝閤端午帖子 (李清照)__juan_01.txt,123,31,0
宋朝,1048294,皇極經世,皇極經世/卷一上,皇極經世,1,scrape_output\raw\宋朝\皇極經世\皇極經世__juan_01.txt,scrape_output\clean\宋朝\皇極經世\皇極經世__juan_01.txt,0,0,1
宋朝,1048294,皇極經世,皇極經世/卷一下,皇極經世,2,scrape_output\raw\宋朝\皇極經世\皇極經世__juan_02.txt,scrape_output\clean\宋朝\皇極經世\皇極經世__juan_02.txt,0,0,1
宋朝,1048294,皇極經世,皇極經世/卷二上,皇極經世,3,scrape_output\raw\宋朝\皇極經世\皇極經世__juan_03.txt,scrape_output\clean\宋朝\皇極經世\皇極經世__juan_03.txt,0,0,1
宋朝,1048294,皇極經世,皇極經世/卷二下,皇極經世,4,scrape_output\raw\宋朝\皇極經世\皇極經世__juan_04.txt,scrape_output\clean\宋朝\皇極經世\皇極經世__juan_04.txt,0,0,1
宋朝,1048294,皇極經世,皇極經世/卷二中,皇極經世,5,scrape_output\raw\宋朝\皇極經世\皇極經世__juan_05.txt,scrape_output\clean\宋朝\皇極經世\皇極經世__juan_05.txt,0,0,1
宋朝,1048294,皇極經世,皇極經世/卷三上,皇極經世,6,scrape_output\raw\宋朝\皇極經世\皇極經世__juan_06.txt,scrape_output\clean\宋朝\皇極經世\皇極經世__juan_06.txt,0,0,1
宋朝,1048294,皇極經世,皇極經世/卷三下,皇極經世,7,scrape_output\raw\宋朝\皇極經世\皇極經世__juan_07.txt,scrape_output\clean\宋朝\皇極經世\皇極經世__juan_07.txt,0,0,1
宋朝,1048294,皇極經世,皇極經世/卷四上,皇極經世,8,scrape_output\raw\宋朝\皇極經世\皇極經世__juan_08.txt,scrape_output\clean\宋朝\皇極經世\皇極經世__juan_08.txt,0,0,1
宋朝,1048294,皇極經世,皇極經世/卷四下,皇極經世,9,scrape_output\raw\宋朝\皇極經世\皇極經世__juan_09.txt,scrape_output\clean\宋朝\皇極經世\皇極經世__juan_09.txt,0,0,1
宋朝,1048294,皇極經世,皇極經世/卷四中,皇極經世,10,scrape_output\raw\宋朝\皇極經世\皇極經世__juan_10.txt,scrape_output\clean\宋朝\皇極經世\皇極經世__juan_10.txt,0,0,1
宋朝,1048294,皇極經世,皇極經世/卷五上,皇極經世,11,scrape_output\raw\宋朝\皇極經世\皇極經世__juan_11.txt,scrape_output\clean\宋朝\皇極經世\皇極經世__juan_11.txt,30,30,0
宋朝,1048294,皇極經世,皇極經世/卷五下,皇極經世,12,scrape_output\raw\宋朝\皇極經世\皇極經世__juan_12.txt,scrape_output\clean\宋朝\皇極經世\皇極經世__juan_12.txt,13,13,0
宋朝,1048294,皇極經世,皇極經世/卷六上,皇極經世,13,scrape_output\raw\宋朝\皇極經世\皇極經世__juan_13.txt,scrape_output\clean\宋朝\皇極經世\皇極經世__juan_13.txt,14,14,0
宋朝,1048294,皇極經世,皇極經世/卷六下,皇極經世,14,scrape_output\raw\宋朝\皇極經世\皇極經世__juan_14.txt,scrape_output\clean\宋朝\皇極經世\皇極經世__juan_14.txt,6,6,0
宋朝,1048294,皇極經世,皇極經世/卷六中,皇極經世,15,scrape_output\raw\宋朝\皇極經世\皇極經世__juan_15.txt,scrape_output\clean\宋朝\皇極經世\皇極經世__juan_15.txt,6,6,0
宋朝,1048294,皇極經世,皇極經世/卷七上,皇極經世,16,scrape_output\raw\宋朝\皇極經世\皇極經世__juan_16.txt,scrape_output\clean\宋朝\皇極經世\皇極經世__juan_16.txt,88,8,0
宋朝,1048294,皇極經世,皇極經世/卷七下,皇極經世,17,scrape_output\raw\宋朝\皇極經世\皇極經世__juan_17.txt,scrape_output\clean\宋朝\皇極經世\皇極經世__juan_17.txt,0,0,1
宋朝,1048294,皇極經世,皇極經世/卷八上,皇極經世,18,scrape_output\raw\宋朝\皇極經世\皇極經世__juan_18.txt,scrape_output\clean\宋朝\皇極經世\皇極經世__juan_18.txt,0,0,1
宋朝,1048294,皇極經世,皇極經世/卷八下,皇極經世,19,scrape_output\raw\宋朝\皇極經世\皇極經世__juan_19.txt,scrape_output\clean\宋朝\皇極經世\皇極經世__juan_19.txt,0,0,1
宋朝,1048294,皇極經世,皇極經世/卷九上,皇極經世,20,scrape_output\raw\宋朝\皇極經世\皇極經世__juan_20.txt,scrape_output\clean\宋朝\皇極經世\皇極經世__juan_20.txt,0,0,1
宋朝,1048294,皇極經世,皇極經世/卷九下,皇極經世,21,scrape_output\raw\宋朝\皇極經世\皇極經世__juan_21.txt,scrape_output\clean\宋朝\皇極經世\皇極經世__juan_21.txt,0,0,1
宋朝,1048294,皇極經世,皇極經世/卷十上,皇極經世,22,scrape_output\raw\宋朝\皇極經世\皇極經世__juan_22.txt,scrape_output\clean\宋朝\皇極經世\皇極經世__juan_22.txt,0,0,1
宋朝,1048294,皇極經世,皇極經世/卷十下,皇極經世,23,scrape_output\raw\宋朝\皇極經世\皇極經世__juan_23.txt,scrape_output\clean\宋朝\皇極經世\皇極經世__juan_23.txt,0,0,1
宋朝,1048294,皇極經世,皇極經世/卷十一,皇極經世,24,scrape_output\raw\宋朝\皇極經世\皇極經世__juan_24.txt,scrape_output\clean\宋朝\皇極經世\皇極經世__juan_24.txt,7731,7730,0
宋朝,1048294,皇極經世,皇極經世/卷十二,皇極經世,25,scrape_output\raw\宋朝\皇極經世\皇極經世__juan_25.txt,scrape_output\clean\宋朝\皇極經世\皇極經世__juan_25.txt,6801,6801,0
宋朝,1048294,皇極經世,皇極經世/卷十四,皇極經世,26,scrape_output\raw\宋朝\皇極經世\皇極經世__juan_26.txt,scrape_output\clean\宋朝\皇極經世\皇極經世__juan_26.txt,9104,9098,0
宋朝,189821,皇王大紀,皇王大紀/卷一,皇王大紀,1,scrape_output\raw\宋朝\皇王大紀\皇王大紀__juan_01.txt,scrape_output\clean\宋朝\皇王大紀\皇王大紀__juan_01.txt,5936,5933,0
宋朝,189821,皇王大紀,皇王大紀/卷二,皇王大紀,2,scrape_output\raw\宋朝\皇王大紀\皇王大紀__juan_02.txt,scrape_output\clean\宋朝\皇王大紀\皇王大紀__juan_02.txt,19,19,0
宋朝,37322,盧巖,盧巖,盧巖,1,scrape_output\raw\宋朝\盧巖\盧巖__juan_01.txt,scrape_output\clean\宋朝\盧巖\盧巖__juan_01.txt,196,145,0
宋朝,31641,目昏,目昏,目昏,1,scrape_output\raw\宋朝\目昏\目昏__juan_01.txt,scrape_output\clean\宋朝\目昏\目昏__juan_01.txt,133,89,0
宋朝,158949,直玉堂作,直玉堂作,直玉堂作,1,scrape_output\raw\宋朝\直玉堂作\直玉堂作__juan_01.txt,scrape_output\clean\宋朝\直玉堂作\直玉堂作__juan_01.txt,121,73,0
宋朝,24527,相見歡 (朱敦儒),相見歡 (朱敦儒),相見歡 (朱敦儒),1,scrape_output\raw\宋朝\相見歡 (朱敦儒)\相見歡 (朱敦儒)__juan_01.txt,scrape_output\clean\宋朝\相見歡 (朱敦儒)\相見歡 (朱敦儒)__juan_01.txt,326,278,0
宋朝,59233,省中見樹上啄木鳥戲題,省中見樹上啄木鳥戲題,省中見樹上啄木鳥戲題,1,scrape_output\raw\宋朝\省中見樹上啄木鳥戲題\省中見樹上啄木鳥戲題__juan_01.txt,scrape_output\clean\宋朝\省中見樹上啄木鳥戲題\省中見樹上啄木鳥戲題__juan_01.txt,126,34,0
宋朝,56552,省心雜言,省心雜言,省心雜言,1,scrape_output\raw\宋朝\省心雜言\省心雜言__juan_01.txt,scrape_output\clean\宋朝\省心雜言\省心雜言__juan_01.txt,11575,11476,0
宋朝,37348,眠雲齋,眠雲齋,眠雲齋,1,scrape_output\raw\宋朝\眠雲齋\眠雲齋__juan_01.txt,scrape_output\clean\宋朝\眠雲齋\眠雲齋__juan_01.txt,106,61,0
宋朝,181229,眼兒媚 (卓田),眼兒媚 (卓田),眼兒媚 (卓田),1,scrape_output\raw\宋朝\眼兒媚 (卓田)\眼兒媚 (卓田)__juan_01.txt,scrape_output\clean\宋朝\眼兒媚 (卓田)\眼兒媚 (卓田)__juan_01.txt,153,60,0
宋朝,180020,眼兒𡡾 (朱淑真),眼兒𡡾 (朱淑真),眼兒𡡾 (朱淑真),1,scrape_output\raw\宋朝\眼兒𡡾 (朱淑真)\眼兒𡡾 (朱淑真)__juan_01.txt,scrape_output\clean\宋朝\眼兒𡡾 (朱淑真)\眼兒𡡾 (朱淑真)__juan_01.txt,152,60,0
宋朝,1057336,眾事分阿毘曇論,眾事分阿毘曇論/卷第 01,眾事分阿毘曇論,1,scrape_output\raw\宋朝\眾事分阿毘曇論\眾事分阿毘曇論__juan_01.txt,scrape_output\clean\宋朝\眾事分阿毘曇論\眾事分阿毘曇論__juan_01.txt,7195,7193,0
宋朝,1057336,眾事分阿毘曇論,眾事分阿毘曇論/卷第 02,眾事分阿毘曇論,2,scrape_output\raw\宋朝\眾事分阿毘曇論\眾事分阿毘曇論__juan_02.txt,scrape_output\clean\宋朝\眾事分阿毘曇論\眾事分阿毘曇論__juan_02.txt,8811,8811,0
宋朝,1057336,眾事分阿毘曇論,眾事分阿毘曇論/卷第 03,眾事分阿毘曇論,3,scrape_output\raw\宋朝\眾事分阿毘曇論\眾事分阿毘曇論__juan_03.txt,scrape_output\clean\宋朝\眾事分阿毘曇論\眾事分阿毘曇論__juan_03.txt,11976,11974,0
宋朝,1057336,眾事分阿毘曇論,眾事分阿毘曇論/卷第 04,眾事分阿毘曇論,4,scrape_output\raw\宋朝\眾事分阿毘曇論\眾事分阿毘曇論__juan_04.txt,scrape_output\clean\宋朝\眾事分阿毘曇論\眾事分阿毘曇論__juan_04.txt,8657,8615,0
宋朝,1057336,眾事分阿毘曇論,眾事分阿毘曇論/卷第 05,眾事分阿毘曇論,5,scrape_output\raw\宋朝\眾事分阿毘曇論\眾事分阿毘曇論__juan_05.txt,scrape_output\clean\宋朝\眾事分阿毘曇論\眾事分阿毘曇論__juan_05.txt,8330,8303,0
宋朝,1057336,眾事分阿毘曇論,眾事分阿毘曇論/卷第 06,眾事分阿毘曇論,6,scrape_output\raw\宋朝\眾事分阿毘曇論\眾事分阿毘曇論__juan_06.txt,scrape_output\clean\宋朝\眾事分阿毘曇論\眾事分阿毘曇論__juan_06.txt,7527,7525,0
宋朝,1057336,眾事分阿毘曇論,眾事分阿毘曇論/卷第 07,眾事分阿毘曇論,7,scrape_output\raw\宋朝\眾事分阿毘曇論\眾事分阿毘曇論__juan_07.txt,scrape_output\clean\宋朝\眾事分阿毘曇論\眾事分阿毘曇論__juan_07.txt,6444,6418,0
宋朝,1057336,眾事分阿毘曇論,眾事分阿毘曇論/卷第 08,眾事分阿毘曇論,8,scrape_output\raw\宋朝\眾事分阿毘曇論\眾事分阿毘曇論__juan_08.txt,scrape_output\clean\宋朝\眾事分阿毘曇論\眾事分阿毘曇論__juan_08.txt,9233,9233,0
宋朝,1057336,眾事分阿毘曇論,眾事分阿毘曇論/卷第 09,眾事分阿毘曇論,9,scrape_output\raw\宋朝\眾事分阿毘曇論\眾事分阿毘曇論__juan_09.txt,scrape_output\clean\宋朝\眾事分阿毘曇論\眾事分阿毘曇論__juan_09.txt,9128,9128,0
宋朝,1057336,眾事分阿毘曇論,眾事分阿毘曇論/卷第 10,眾事分阿毘曇論,10,scrape_output\raw\宋朝\眾事分阿毘曇論\眾事分阿毘曇論__juan_10.txt,scrape_output\clean\宋朝\眾事分阿毘曇論\眾事分阿毘曇論__juan_10.txt,8998,8998,0
宋朝,1057336,眾事分阿毘曇論,眾事分阿毘曇論/卷第 11,眾事分阿毘曇論,11,scrape_output\raw\宋朝\眾事分阿毘曇論\眾事分阿毘曇論__juan_11.txt,scrape_output\clean\宋朝\眾事分阿毘曇論\眾事分阿毘曇論__juan_11.txt,8121,8115,0
宋朝,1057336,眾事分阿毘曇論,眾事分阿毘曇論/卷第 12,眾事分阿毘曇論,12,scrape_output\raw\宋朝\眾事分阿毘曇論\眾事分阿毘曇論__juan_12.txt,scrape_output\clean\宋朝\眾事分阿毘曇論\眾事分阿毘曇論__juan_12.txt,11667,11667,0
宋朝,101895,石林燕語,石林燕語/卷01,石林燕語,1,scrape_output\raw\宋朝\石林燕語\石林燕語__juan_01.txt,scrape_output\clean\宋朝\石林燕語\石林燕語__juan_01.txt,7798,7768,0
宋朝,101895,石林燕語,石林燕語/卷02,石林燕語,2,scrape_output\raw\宋朝\石林燕語\石林燕語__juan_02.txt,scrape_output\clean\宋朝\石林燕語\石林燕語__juan_02.txt,8446,8402,0
宋朝,101895,石林燕語,石林燕語/卷03,石林燕語,3,scrape_output\raw\宋朝\石林燕語\石林燕語__juan_03.txt,scrape_output\clean\宋朝\石林燕語\石林燕語__juan_03.txt,9014,8958,0
宋朝,101895,石林燕語,石林燕語/卷04,石林燕語,4,scrape_output\raw\宋朝\石林燕語\石林燕語__juan_04.txt,scrape_output\clean\宋朝\石林燕語\石林燕語__juan_04.txt,7558,7529,0
宋朝,101895,石林燕語,石林燕語/卷05,石林燕語,5,scrape_output\raw\宋朝\石林燕語\石林燕語__juan_05.txt,scrape_output\clean\宋朝\石林燕語\石林燕語__juan_05.txt,8459,8413,0
宋朝,101895,石林燕語,石林燕語/卷06,石林燕語,6,scrape_output\raw\宋朝\石林燕語\石林燕語__juan_06.txt,scrape_output\clean\宋朝\石林燕語\石林燕語__juan_06.txt,8024,7998,0
宋朝,101895,石林燕語,石林燕語/卷07,石林燕語,7,scrape_output\raw\宋朝\石林燕語\石林燕語__juan_07.txt,scrape_output\clean\宋朝\石林燕語\石林燕語__juan_07.txt,8687,8649,0
宋朝,101895,石林燕語,石林燕語/卷08,石林燕語,8,scrape_output\raw\宋朝\石林燕語\石林燕語__juan_08.txt,scrape_output\clean\宋朝\石林燕語\石林燕語__juan_08.txt,8239,8213,0
宋朝,101895,石林燕語,石林燕語/卷09,石林燕語,9,scrape_output\raw\宋朝\石林燕語\石林燕語__juan_09.txt,scrape_output\clean\宋朝\石林燕語\石林燕語__juan_09.txt,8263,8207,0
宋朝,101895,石林燕語,石林燕語/卷10,石林燕語,10,scrape_output\raw\宋朝\石林燕語\石林燕語__juan_10.txt,scrape_output\clean\宋朝\石林燕語\石林燕語__juan_10.txt,7843,7796,0
宋朝,180703,石林詩話,石林詩話,石林詩話,1,scrape_output\raw\宋朝\石林詩話\石林詩話__juan_01.txt,scrape_output\clean\宋朝\石林詩話\石林詩話__juan_01.txt,17991,17940,0
宋朝,1033035,破陣子 (范成大),破陣子 (范成大),破陣子 (范成大),1,scrape_output\raw\宋朝\破陣子 (范成大)\破陣子 (范成大)__juan_01.txt,scrape_output\clean\宋朝\破陣子 (范成大)\破陣子 (范成大)__juan_01.txt,153,109,0
宋朝,183171,硯史,硯史,硯史,1,scrape_output\raw\宋朝\硯史\硯史__juan_01.txt,scrape_output\clean\宋朝\硯史\硯史__juan_01.txt,3925,3925,0
宋朝,1213256,碧雲騢,碧雲騢,碧雲騢,1,scrape_output\raw\宋朝\碧雲騢\碧雲騢__juan_01.txt,scrape_output\clean\宋朝\碧雲騢\碧雲騢__juan_01.txt,2503,2458,0
宋朝,37353,示三子,示三子,示三子,1,scrape_output\raw\宋朝\示三子\示三子__juan_01.txt,scrape_output\clean\宋朝\示三子\示三子__juan_01.txt,136,89,0
宋朝,200450,祈雨,祈雨,祈雨,1,scrape_output\raw\宋朝\祈雨\祈雨__juan_01.txt,scrape_output\clean\宋朝\祈雨\祈雨__juan_01.txt,865,250,0
宋朝,112753,祭趙湖州文 (李清照),祭趙湖州文 (李清照),祭趙湖州文 (李清照),1,scrape_output\raw\宋朝\祭趙湖州文 (李清照)\祭趙湖州文 (李清照)__juan_01.txt,scrape_output\clean\宋朝\祭趙湖州文 (李清照)\祭趙湖州文 (李清照)__juan_01.txt,122,30,0
宋朝,1196916,福力太子因緣經,福力太子因緣經/卷001,福力太子因緣經,1,scrape_output\raw\宋朝\福力太子因緣經\福力太子因緣經__juan_01.txt,scrape_output\clean\宋朝\福力太子因緣經\福力太子因緣經__juan_01.txt,3619,3619,0
宋朝,1196916,福力太子因緣經,福力太子因緣經/卷002,福力太子因緣經,2,scrape_output\raw\宋朝\福力太子因緣經\福力太子因緣經__juan_02.txt,scrape_output\clean\宋朝\福力太子因緣經\福力太子因緣經__juan_02.txt,3817,3817,0
宋朝,1196916,福力太子因緣經,福力太子因緣經/卷003,福力太子因緣經,3,scrape_output\raw\宋朝\福力太子因緣經\福力太子因緣經__juan_03.txt,scrape_output\clean\宋朝\福力太子因緣經\福力太子因緣經__juan_03.txt,3222,3222,0
宋朝,1196916,福力太子因緣經,福力太子因緣經/卷004,福力太子因緣經,4,scrape_output\raw\宋朝\福力太子因緣經\福力太子因緣經__juan_04.txt,scrape_output\clean\宋朝\福力太子因緣經\福力太子因緣經__juan_04.txt,2819,2807,0
宋朝,1210570,福蓋正行所集經,福蓋正行所集經/卷001,福蓋正行所集經,1,scrape_output\raw\宋朝\福蓋正行所集經\福蓋正行所集經__juan_01.txt,scrape_output\clean\宋朝\福蓋正行所集經\福蓋正行所集經__juan_01.txt,3192,3182,0
宋朝,1210570,福蓋正行所集經,福蓋正行所集經/卷002,福蓋正行所集經,2,scrape_output\raw\宋朝\福蓋正行所集經\福蓋正行所集經__juan_02.txt,scrape_output\clean\宋朝\福蓋正行所集經\福蓋正行所集經__juan_02.txt,3006,2988,0
宋朝,1210570,福蓋正行所集經,福蓋正行所集經/卷003,福蓋正行所集經,3,scrape_output\raw\宋朝\福蓋正行所集經\福蓋正行所集經__juan_03.txt,scrape_output\clean\宋朝\福蓋正行所集經\福蓋正行所集經__juan_03.txt,2973,2970,0
宋朝,1210570,福蓋正行所集經,福蓋正行所集經/卷004,福蓋正行所集經,4,scrape_output\raw\宋朝\福蓋正行所集經\福蓋正行所集經__juan_04.txt,scrape_output\clean\宋朝\福蓋正行所集經\福蓋正行所集經__juan_04.txt,3671,3663,0
宋朝,1210570,福蓋正行所集經,福蓋正行所集經/卷005,福蓋正行所集經,5,scrape_output\raw\宋朝\福蓋正行所集經\福蓋正行所集經__juan_05.txt,scrape_output\clean\宋朝\福蓋正行所集經\福蓋正行所集經__juan_05.txt,3500,3484,0
宋朝,1210570,福蓋正行所集經,福蓋正行所集經/卷006,福蓋正行所集經,6,scrape_output\raw\宋朝\福蓋正行所集經\福蓋正行所集經__juan_06.txt,scrape_output\clean\宋朝\福蓋正行所集經\福蓋正行所集經__juan_06.txt,3728,3709,0
宋朝,1210570,福蓋正行所集經,福蓋正行所集經/卷007,福蓋正行所集經,7,scrape_output\raw\宋朝\福蓋正行所集經\福蓋正行所集經__juan_07.txt,scrape_output\clean\宋朝\福蓋正行所集經\福蓋正行所集經__juan_07.txt,4043,4040,0
宋朝,1210570,福蓋正行所集經,福蓋正行所集經/卷008,福蓋正行所集經,8,scrape_output\raw\宋朝\福蓋正行所集經\福蓋正行所集經__juan_08.txt,scrape_output\clean\宋朝\福蓋正行所集經\福蓋正行所集經__juan_08.txt,3686,3679,0
宋朝,1210570,福蓋正行所集經,福蓋正行所集經/卷009,福蓋正行所集經,9,scrape_output\raw\宋朝\福蓋正行所集經\福蓋正行所集經__juan_09.txt,scrape_output\clean\宋朝\福蓋正行所集經\福蓋正行所集經__juan_09.txt,3305,3296,0
宋朝,1210570,福蓋正行所集經,福蓋正行所集經/卷010,福蓋正行所集經,10,scrape_output\raw\宋朝\福蓋正行所集經\福蓋正行所集經__juan_10.txt,scrape_output\clean\宋朝\福蓋正行所集經\福蓋正行所集經__juan_10.txt,3667,3667,0
宋朝,1210570,福蓋正行所集經,福蓋正行所集經/卷011,福蓋正行所集經,11,scrape_output\raw\宋朝\福蓋正行所集經\福蓋正行所集經__juan_11.txt,scrape_output\clean\宋朝\福蓋正行所集經\福蓋正行所集經__juan_11.txt,3402,3387,0
宋朝,1210570,福蓋正行所集經,福蓋正行所集經/卷012,福蓋正行所集經,12,scrape_output\raw\宋朝\福蓋正行所集經\福蓋正行所集經__juan_12.txt,scrape_output\clean\宋朝\福蓋正行所集經\福蓋正行所集經__juan_12.txt,4395,4392,0
宋朝,1095592,禪源諸詮集都序,禪源諸詮集都序/卷001,禪源諸詮集都序,1,scrape_output\raw\宋朝\禪源諸詮集都序\禪源諸詮集都序__juan_01.txt,scrape_output\clean\宋朝\禪源諸詮集都序\禪源諸詮集都序__juan_01.txt,15463,15244,0
宋朝,1095592,禪源諸詮集都序,禪源諸詮集都序/卷002,禪源諸詮集都序,2,scrape_output\raw\宋朝\禪源諸詮集都序\禪源諸詮集都序__juan_02.txt,scrape_output\clean\宋朝\禪源諸詮集都序\禪源諸詮集都序__juan_02.txt,0,0,1
宋朝,164472,禮（呂大臨）,禮（呂大臨）,禮（呂大臨）,1,scrape_output\raw\宋朝\禮（呂大臨）\禮（呂大臨）__juan_01.txt,scrape_output\clean\宋朝\禮（呂大臨）\禮（呂大臨）__juan_01.txt,122,78,0
宋朝,59029,禾譜,禾譜,禾譜,1,scrape_output\raw\宋朝\禾譜\禾譜__juan_01.txt,scrape_output\clean\宋朝\禾譜\禾譜__juan_01.txt,5391,5285,0
宋朝,872890,禾譜題序,禾譜題序,禾譜題序,1,scrape_output\raw\宋朝\禾譜題序\禾譜題序__juan_01.txt,scrape_output\clean\宋朝\禾譜題序\禾譜題序__juan_01.txt,644,598,0
宋朝,33799,秋夜曲 (李復),秋夜曲 (李復),秋夜曲 (李復),1,scrape_output\raw\宋朝\秋夜曲 (李復)\秋夜曲 (李復)__juan_01.txt,scrape_output\clean\宋朝\秋夜曲 (李復)\秋夜曲 (李復)__juan_01.txt,221,177,0
宋朝,158674,秋思 (陸游),秋思 (陸游),秋思 (陸游),1,scrape_output\raw\宋朝\秋思 (陸游)\秋思 (陸游)__juan_01.txt,scrape_output\clean\宋朝\秋思 (陸游)\秋思 (陸游)__juan_01.txt,161,113,0
宋朝,796182,秋思 (黃庭堅),秋思 (黃庭堅),秋思 (黃庭堅),1,scrape_output\raw\宋朝\秋思 (黃庭堅)\秋思 (黃庭堅)__juan_01.txt,scrape_output\clean\宋朝\秋思 (黃庭堅)\秋思 (黃庭堅)__juan_01.txt,149,105,0
宋朝,1021334,秋愁 (層樓夜午轉西風),秋愁 (層樓夜午轉西風),秋愁 (層樓夜午轉西風),1,scrape_output\raw\宋朝\秋愁 (層樓夜午轉西風)\秋愁 (層樓夜午轉西風)__juan_01.txt,scrape_output\clean\宋朝\秋愁 (層樓夜午轉西風)\秋愁 (層樓夜午轉西風)__juan_01.txt,113,69,0
宋朝,37359,秋懷示黃預,秋懷示黃預,秋懷示黃預,1,scrape_output\raw\宋朝\秋懷示黃預\秋懷示黃預__juan_01.txt,scrape_output\clean\宋朝\秋懷示黃預\秋懷示黃預__juan_01.txt,136,89,0
宋朝,158915,秋月 (程顥),秋月 (程顥),秋月 (程顥),1,scrape_output\raw\宋朝\秋月 (程顥)\秋月 (程顥)__juan_01.txt,scrape_output\clean\宋朝\秋月 (程顥)\秋月 (程顥)__juan_01.txt,121,73,0
宋朝,35667,秦淮 (不將行李試間關),秦淮 (不將行李試間關),秦淮 (不將行李試間關),1,scrape_output\raw\宋朝\秦淮 (不將行李試間關)\秦淮 (不將行李試間關)__juan_01.txt,scrape_output\clean\宋朝\秦淮 (不將行李試間關)\秦淮 (不將行李試間關)__juan_01.txt,114,69,0
宋朝,35676,秦淮 (祖龍驅群龍),秦淮 (祖龍驅群龍),秦淮 (祖龍驅群龍),1,scrape_output\raw\宋朝\秦淮 (祖龍驅群龍)\秦淮 (祖龍驅群龍)__juan_01.txt,scrape_output\clean\宋朝\秦淮 (祖龍驅群龍)\秦淮 (祖龍驅群龍)__juan_01.txt,316,257,0
宋朝,59250,積雨小霽,積雨小霽,積雨小霽,1,scrape_output\raw\宋朝\積雨小霽\積雨小霽__juan_01.txt,scrape_output\clean\宋朝\積雨小霽\積雨小霽__juan_01.txt,126,34,0
宋朝,35645,窗前木芙蓉,窗前木芙蓉,窗前木芙蓉,1,scrape_output\raw\宋朝\窗前木芙蓉\窗前木芙蓉__juan_01.txt,scrape_output\clean\宋朝\窗前木芙蓉\窗前木芙蓉__juan_01.txt,114,69,0
宋朝,136066,竊憤續錄,竊憤續錄,竊憤續錄,1,scrape_output\raw\宋朝\竊憤續錄\竊憤續錄__juan_01.txt,scrape_output\clean\宋朝\竊憤續錄\竊憤續錄__juan_01.txt,8296,8179,0
宋朝,136065,竊憤錄,竊憤錄,竊憤錄,1,scrape_output\raw\宋朝\竊憤錄\竊憤錄__juan_01.txt,scrape_output\clean\宋朝\竊憤錄\竊憤錄__juan_01.txt,7609,7499,0
宋朝,32275,立春 (范成大),立春 (范成大),立春 (范成大),1,scrape_output\raw\宋朝\立春 (范成大)\立春 (范成大)__juan_01.txt,scrape_output\clean\宋朝\立春 (范成大)\立春 (范成大)__juan_01.txt,109,65,0
宋朝,154131,立春偶成,立春偶成,立春偶成,1,scrape_output\raw\宋朝\立春偶成\立春偶成__juan_01.txt,scrape_output\clean\宋朝\立春偶成\立春偶成__juan_01.txt,113,69,0
宋朝,178950,立春前一夕二首,立春前一夕二首,立春前一夕二首,1,scrape_output\raw\宋朝\立春前一夕二首\立春前一夕二首__juan_01.txt,scrape_output\clean\宋朝\立春前一夕二首\立春前一夕二首__juan_01.txt,195,151,0
宋朝,178951,立春前一夕二首 (春忽明朝是),立春前一夕二首 (春忽明朝是),立春前一夕二首 (春忽明朝是),1,scrape_output\raw\宋朝\立春前一夕二首 (春忽明朝是)\立春前一夕二首 (春忽明朝是)__juan_01.txt,scrape_output\clean\宋朝\立春前一夕二首 (春忽明朝是)\立春前一夕二首 (春忽明朝是)__juan_01.txt,133,89,0
宋朝,178952,立春前一夕二首 (臘盡春還好),立春前一夕二首 (臘盡春還好),立春前一夕二首 (臘盡春還好),1,scrape_output\raw\宋朝\立春前一夕二首 (臘盡春還好)\立春前一夕二首 (臘盡春還好)__juan_01.txt,scrape_output\clean\宋朝\立春前一夕二首 (臘盡春還好)\立春前一夕二首 (臘盡春還好)__juan_01.txt,133,89,0
宋朝,179069,立春日有懷二首,立春日有懷二首,立春日有懷二首,1,scrape_output\raw\宋朝\立春日有懷二首\立春日有懷二首__juan_01.txt,scrape_output\clean\宋朝\立春日有懷二首\立春日有懷二首__juan_01.txt,155,111,0
宋朝,179071,立春日有懷二首 (玉堂著句轉春風),立春日有懷二首 (玉堂著句轉春風),立春日有懷二首 (玉堂著句轉春風),1,scrape_output\raw\宋朝\立春日有懷二首 (玉堂著句轉春風)\立春日有懷二首 (玉堂著句轉春風)__juan_01.txt,scrape_output\clean\宋朝\立春日有懷二首 (玉堂著句轉春風)\立春日有懷二首 (玉堂著句轉春風)__juan_01.txt,113,69,0
宋朝,179070,立春日有懷二首 (飄蓬敢恨一年遲),立春日有懷二首 (飄蓬敢恨一年遲),立春日有懷二首 (飄蓬敢恨一年遲),1,scrape_output\raw\宋朝\立春日有懷二首 (飄蓬敢恨一年遲)\立春日有懷二首 (飄蓬敢恨一年遲)__juan_01.txt,scrape_output\clean\宋朝\立春日有懷二首 (飄蓬敢恨一年遲)\立春日有懷二首 (飄蓬敢恨一年遲)__juan_01.txt,113,69,0
宋朝,158918,立秋,立秋,立秋,1,scrape_output\raw\宋朝\立秋\立秋__juan_01.txt,scrape_output\clean\宋朝\立秋\立秋__juan_01.txt,121,73,0
宋朝,56551,童蒙訓,童蒙訓,童蒙訓,1,scrape_output\raw\宋朝\童蒙訓\童蒙訓__juan_01.txt,scrape_output\clean\宋朝\童蒙訓\童蒙訓__juan_01.txt,19384,19091,0
宋朝,55826,竹坡詩話,竹坡詩話,竹坡詩話,1,scrape_output\raw\宋朝\竹坡詩話\竹坡詩話__juan_01.txt,scrape_output\clean\宋朝\竹坡詩話\竹坡詩話__juan_01.txt,11415,10940,0
宋朝,861836,竹夫人傳 (張耒),竹夫人傳 (張耒),竹夫人傳 (張耒),1,scrape_output\raw\宋朝\竹夫人傳 (張耒)\竹夫人傳 (張耒)__juan_01.txt,scrape_output\clean\宋朝\竹夫人傳 (張耒)\竹夫人傳 (張耒)__juan_01.txt,738,694,0
宋朝,196661,筆賦 (吳淑),筆賦 (吳淑),筆賦 (吳淑),1,scrape_output\raw\宋朝\筆賦 (吳淑)\筆賦 (吳淑)__juan_01.txt,scrape_output\clean\宋朝\筆賦 (吳淑)\筆賦 (吳淑)__juan_01.txt,852,808,0
宋朝,37355,答張文潛,答張文潛,答張文潛,1,scrape_output\raw\宋朝\答張文潛\答張文潛__juan_01.txt,scrape_output\clean\宋朝\答張文潛\答張文潛__juan_01.txt,136,89,0
宋朝,159134,答鍾弱翁,答鍾弱翁,答鍾弱翁,1,scrape_output\raw\宋朝\答鍾弱翁\答鍾弱翁__juan_01.txt,scrape_output\clean\宋朝\答鍾弱翁\答鍾弱翁__juan_01.txt,121,73,0
宋朝,35691,簡畢叔滋覓牡丹,簡畢叔滋覓牡丹,簡畢叔滋覓牡丹,1,scrape_output\raw\宋朝\簡畢叔滋覓牡丹\簡畢叔滋覓牡丹__juan_01.txt,scrape_output\clean\宋朝\簡畢叔滋覓牡丹\簡畢叔滋覓牡丹__juan_01.txt,114,69,0
宋朝,107793,紀古滇說原集,紀古滇說原集,紀古滇說原集,1,scrape_output\raw\宋朝\紀古滇說原集\紀古滇說原集__juan_01.txt,scrape_output\clean\宋朝\紀古滇說原集\紀古滇說原集__juan_01.txt,8625,8623,0
宋朝,181169,紫薇詩話,紫薇詩話,紫薇詩話,1,scrape_output\raw\宋朝\紫薇詩話\紫薇詩話__juan_01.txt,scrape_output\clean\宋朝\紫薇詩話\紫薇詩話__juan_01.txt,7861,7860,0
宋朝,158765,絕句 (僧志安),絕句 (僧志安),絕句 (僧志安),1,scrape_output\raw\宋朝\絕句 (僧志安)\絕句 (僧志安)__juan_01.txt,scrape_output\clean\宋朝\絕句 (僧志安)\絕句 (僧志安)__juan_01.txt,121,73,0
宋朝,192020,絜齋集,絜齋集/卷01,絜齋集,1,scrape_output\raw\宋朝\絜齋集\絜齋集__juan_01.txt,scrape_output\clean\宋朝\絜齋集\絜齋集__juan_01.txt,7167,7163,0
宋朝,192020,絜齋集,絜齋集/卷02,絜齋集,2,scrape_output\raw\宋朝\絜齋集\絜齋集__juan_02.txt,scrape_output\clean\宋朝\絜齋集\絜齋集__juan_02.txt,7541,7525,0
宋朝,192020,絜齋集,絜齋集/卷03,絜齋集,3,scrape_output\raw\宋朝\絜齋集\絜齋集__juan_03.txt,scrape_output\clean\宋朝\絜齋集\絜齋集__juan_03.txt,5298,5298,0
宋朝,192020,絜齋集,絜齋集/卷04,絜齋集,4,scrape_output\raw\宋朝\絜齋集\絜齋集__juan_04.txt,scrape_output\clean\宋朝\絜齋集\絜齋集__juan_04.txt,3959,3957,0
宋朝,192020,絜齋集,絜齋集/卷05,絜齋集,5,scrape_output\raw\宋朝\絜齋集\絜齋集__juan_05.txt,scrape_output\clean\宋朝\絜齋集\絜齋集__juan_05.txt,3923,3923,0
宋朝,192020,絜齋集,絜齋集/卷06,絜齋集,6,scrape_output\raw\宋朝\絜齋集\絜齋集__juan_06.txt,scrape_output\clean\宋朝\絜齋集\絜齋集__juan_06.txt,10830,10828,0
宋朝,192020,絜齋集,絜齋集/卷07,絜齋集,7,scrape_output\raw\宋朝\絜齋集\絜齋集__juan_07.txt,scrape_output\clean\宋朝\絜齋集\絜齋集__juan_07.txt,11886,11884,0
宋朝,192020,絜齋集,絜齋集/卷08,絜齋集,8,scrape_output\raw\宋朝\絜齋集\絜齋集__juan_08.txt,scrape_output\clean\宋朝\絜齋集\絜齋集__juan_08.txt,9417,9415,0
宋朝,192020,絜齋集,絜齋集/卷09,絜齋集,9,scrape_output\raw\宋朝\絜齋集\絜齋集__juan_09.txt,scrape_output\clean\宋朝\絜齋集\絜齋集__juan_09.txt,6719,6703,0
宋朝,192020,絜齋集,絜齋集/卷10,絜齋集,10,scrape_output\raw\宋朝\絜齋集\絜齋集__juan_10.txt,scrape_output\clean\宋朝\絜齋集\絜齋集__juan_10.txt,11055,11052,0
宋朝,192020,絜齋集,絜齋集/卷11,絜齋集,11,scrape_output\raw\宋朝\絜齋集\絜齋集__juan_11.txt,scrape_output\clean\宋朝\絜齋集\絜齋集__juan_11.txt,11115,11111,0
宋朝,192020,絜齋集,絜齋集/卷12,絜齋集,12,scrape_output\raw\宋朝\絜齋集\絜齋集__juan_12.txt,scrape_output\clean\宋朝\絜齋集\絜齋集__juan_12.txt,11371,11367,0
宋朝,192020,絜齋集,絜齋集/卷13,絜齋集,13,scrape_output\raw\宋朝\絜齋集\絜齋集__juan_13.txt,scrape_output\clean\宋朝\絜齋集\絜齋集__juan_13.txt,11915,11913,0
宋朝,192020,絜齋集,絜齋集/卷14,絜齋集,14,scrape_output\raw\宋朝\絜齋集\絜齋集__juan_14.txt,scrape_output\clean\宋朝\絜齋集\絜齋集__juan_14.txt,8346,8344,0
宋朝,192020,絜齋集,絜齋集/卷15,絜齋集,15,scrape_output\raw\宋朝\絜齋集\絜齋集__juan_15.txt,scrape_output\clean\宋朝\絜齋集\絜齋集__juan_15.txt,7762,7762,0
宋朝,192020,絜齋集,絜齋集/卷16,絜齋集,16,scrape_output\raw\宋朝\絜齋集\絜齋集__juan_16.txt,scrape_output\clean\宋朝\絜齋集\絜齋集__juan_16.txt,7046,7044,0
宋朝,192020,絜齋集,絜齋集/卷17,絜齋集,17,scrape_output\raw\宋朝\絜齋集\絜齋集__juan_17.txt,scrape_output\clean\宋朝\絜齋集\絜齋集__juan_17.txt,9212,9210,0
宋朝,192020,絜齋集,絜齋集/卷18,絜齋集,18,scrape_output\raw\宋朝\絜齋集\絜齋集__juan_18.txt,scrape_output\clean\宋朝\絜齋集\絜齋集__juan_18.txt,8596,8596,0
宋朝,192020,絜齋集,絜齋集/卷19,絜齋集,19,scrape_output\raw\宋朝\絜齋集\絜齋集__juan_19.txt,scrape_output\clean\宋朝\絜齋集\絜齋集__juan_19.txt,8005,8001,0
宋朝,192020,絜齋集,絜齋集/卷20,絜齋集,20,scrape_output\raw\宋朝\絜齋集\絜齋集__juan_20.txt,scrape_output\clean\宋朝\絜齋集\絜齋集__juan_20.txt,10186,10182,0
宋朝,192020,絜齋集,絜齋集/卷21,絜齋集,21,scrape_output\raw\宋朝\絜齋集\絜齋集__juan_21.txt,scrape_output\clean\宋朝\絜齋集\絜齋集__juan_21.txt,6270,6270,0
宋朝,192020,絜齋集,絜齋集/卷22,絜齋集,22,scrape_output\raw\宋朝\絜齋集\絜齋集__juan_22.txt,scrape_output\clean\宋朝\絜齋集\絜齋集__juan_22.txt,4417,4417,0
宋朝,192020,絜齋集,絜齋集/卷23,絜齋集,23,scrape_output\raw\宋朝\絜齋集\絜齋集__juan_23.txt,scrape_output\clean\宋朝\絜齋集\絜齋集__juan_23.txt,9126,9122,0
宋朝,192020,絜齋集,絜齋集/卷24,絜齋集,24,scrape_output\raw\宋朝\絜齋集\絜齋集__juan_24.txt,scrape_output\clean\宋朝\絜齋集\絜齋集__juan_24.txt,4366,4356,0
宋朝,1137057,維摩經略疏垂裕記,維摩經略疏垂裕記/卷001,維摩經略疏垂裕記,1,scrape_output\raw\宋朝\維摩經略疏垂裕記\維摩經略疏垂裕記__juan_01.txt,scrape_output\clean\宋朝\維摩經略疏垂裕記\維摩經略疏垂裕記__juan_01.txt,26964,26898,0
宋朝,1137057,維摩經略疏垂裕記,維摩經略疏垂裕記/卷002,維摩經略疏垂裕記,2,scrape_output\raw\宋朝\維摩經略疏垂裕記\維摩經略疏垂裕記__juan_02.txt,scrape_output\clean\宋朝\維摩經略疏垂裕記\維摩經略疏垂裕記__juan_02.txt,22952,22861,0
宋朝,1137057,維摩經略疏垂裕記,維摩經略疏垂裕記/卷003,維摩經略疏垂裕記,3,scrape_output\raw\宋朝\維摩經略疏垂裕記\維摩經略疏垂裕記__juan_03.txt,scrape_output\clean\宋朝\維摩經略疏垂裕記\維摩經略疏垂裕記__juan_03.txt,21345,21298,0
宋朝,1137057,維摩經略疏垂裕記,維摩經略疏垂裕記/卷004,維摩經略疏垂裕記,4,scrape_output\raw\宋朝\維摩經略疏垂裕記\維摩經略疏垂裕記__juan_04.txt,scrape_output\clean\宋朝\維摩經略疏垂裕記\維摩經略疏垂裕記__juan_04.txt,22936,22853,0
宋朝,1137057,維摩經略疏垂裕記,維摩經略疏垂裕記/卷005,維摩經略疏垂裕記,5,scrape_output\raw\宋朝\維摩經略疏垂裕記\維摩經略疏垂裕記__juan_05.txt,scrape_output\clean\宋朝\維摩經略疏垂裕記\維摩經略疏垂裕記__juan_05.txt,23538,23493,0
宋朝,1137057,維摩經略疏垂裕記,維摩經略疏垂裕記/卷006,維摩經略疏垂裕記,6,scrape_output\raw\宋朝\維摩經略疏垂裕記\維摩經略疏垂裕記__juan_06.txt,scrape_output\clean\宋朝\維摩經略疏垂裕記\維摩經略疏垂裕記__juan_06.txt,22007,21960,0
宋朝,1137057,維摩經略疏垂裕記,維摩經略疏垂裕記/卷007,維摩經略疏垂裕記,7,scrape_output\raw\宋朝\維摩經略疏垂裕記\維摩經略疏垂裕記__juan_07.txt,scrape_output\clean\宋朝\維摩經略疏垂裕記\維摩經略疏垂裕記__juan_07.txt,21983,21899,0
宋朝,1137057,維摩經略疏垂裕記,維摩經略疏垂裕記/卷008,維摩經略疏垂裕記,8,scrape_output\raw\宋朝\維摩經略疏垂裕記\維摩經略疏垂裕記__juan_08.txt,scrape_output\clean\宋朝\維摩經略疏垂裕記\維摩經略疏垂裕記__juan_08.txt,19971,19903,0
宋朝,1137057,維摩經略疏垂裕記,維摩經略疏垂裕記/卷009,維摩經略疏垂裕記,9,scrape_output\raw\宋朝\維摩經略疏垂裕記\維摩經略疏垂裕記__juan_09.txt,scrape_output\clean\宋朝\維摩經略疏垂裕記\維摩經略疏垂裕記__juan_09.txt,23769,23720,0
宋朝,1137057,維摩經略疏垂裕記,維摩經略疏垂裕記/卷010,維摩經略疏垂裕記,10,scrape_output\raw\宋朝\維摩經略疏垂裕記\維摩經略疏垂裕記__juan_10.txt,scrape_output\clean\宋朝\維摩經略疏垂裕記\維摩經略疏垂裕記__juan_10.txt,29304,29227,0
宋朝,29868,緣飾吟,緣飾吟,緣飾吟,1,scrape_output\raw\宋朝\緣飾吟\緣飾吟__juan_01.txt,scrape_output\clean\宋朝\緣飾吟\緣飾吟__juan_01.txt,113,69,0
宋朝,101877,緯畧,緯畧/卷一,緯畧,1,scrape_output\raw\宋朝\緯畧\緯畧__juan_01.txt,scrape_output\clean\宋朝\緯畧\緯畧__juan_01.txt,8203,8143,0
宋朝,101877,緯畧,緯畧/卷二,緯畧,2,scrape_output\raw\宋朝\緯畧\緯畧__juan_02.txt,scrape_output\clean\宋朝\緯畧\緯畧__juan_02.txt,7515,7422,0
宋朝,101877,緯畧,緯畧/卷三,緯畧,3,scrape_output\raw\宋朝\緯畧\緯畧__juan_03.txt,scrape_output\clean\宋朝\緯畧\緯畧__juan_03.txt,7282,7004,0
宋朝,101877,緯畧,緯畧/卷四,緯畧,4,scrape_output\raw\宋朝\緯畧\緯畧__juan_04.txt,scrape_output\clean\宋朝\緯畧\緯畧__juan_04.txt,7482,7320,0
宋朝,101877,緯畧,緯畧/卷五,緯畧,5,scrape_output\raw\宋朝\緯畧\緯畧__juan_05.txt,scrape_output\clean\宋朝\緯畧\緯畧__juan_05.txt,7155,7096,0
宋朝,101877,緯畧,緯畧/卷六,緯畧,6,scrape_output\raw\宋朝\緯畧\緯畧__juan_06.txt,scrape_output\clean\宋朝\緯畧\緯畧__juan_06.txt,8167,8092,0
宋朝,101877,緯畧,緯畧/卷七,緯畧,7,scrape_output\raw\宋朝\緯畧\緯畧__juan_07.txt,scrape_output\clean\宋朝\緯畧\緯畧__juan_07.txt,9990,9744,0
宋朝,101877,緯畧,緯畧/卷八,緯畧,8,scrape_output\raw\宋朝\緯畧\緯畧__juan_08.txt,scrape_output\clean\宋朝\緯畧\緯畧__juan_08.txt,7445,7366,0
宋朝,101877,緯畧,緯畧/卷九,緯畧,9,scrape_output\raw\宋朝\緯畧\緯畧__juan_09.txt,scrape_output\clean\宋朝\緯畧\緯畧__juan_09.txt,8863,8777,0
宋朝,101877,緯畧,緯畧/卷十,緯畧,10,scrape_output\raw\宋朝\緯畧\緯畧__juan_10.txt,scrape_output\clean\宋朝\緯畧\緯畧__juan_10.txt,8182,8090,0
宋朝,101877,緯畧,緯畧/卷十一,緯畧,11,scrape_output\raw\宋朝\緯畧\緯畧__juan_11.txt,scrape_output\clean\宋朝\緯畧\緯畧__juan_11.txt,8496,8428,0
宋朝,101877,緯畧,緯畧/卷十二,緯畧,12,scrape_output\raw\宋朝\緯畧\緯畧__juan_12.txt,scrape_output\clean\宋朝\緯畧\緯畧__juan_12.txt,5974,5912,0
宋朝,101877,緯畧,緯畧/跋,緯畧,13,scrape_output\raw\宋朝\緯畧\緯畧__juan_13.txt,scrape_output\clean\宋朝\緯畧\緯畧__juan_13.txt,281,281,0
宋朝,200455,織女,織女,織女,1,scrape_output\raw\宋朝\織女\織女__juan_01.txt,scrape_output\clean\宋朝\織女\織女__juan_01.txt,685,70,0
宋朝,60852,續書斷,續書斷,續書斷,1,scrape_output\raw\宋朝\續書斷\續書斷__juan_01.txt,scrape_output\clean\宋朝\續書斷\續書斷__juan_01.txt,1441,1349,0
宋朝,56897,續書譜,續書譜,續書譜,1,scrape_output\raw\宋朝\續書譜\續書譜__juan_01.txt,scrape_output\clean\宋朝\續書譜\續書譜__juan_01.txt,4774,4661,0
宋朝,108130,續清涼傳,續清涼傳,續清涼傳,1,scrape_output\raw\宋朝\續清涼傳\續清涼傳__juan_01.txt,scrape_output\clean\宋朝\續清涼傳\續清涼傳__juan_01.txt,13685,13626,0
宋朝,29516,罷丞零陵忽病傷寒謁醫兩旬如負擔者日遠日重改謁唐醫公亮九日而無病矣謝以長句,罷丞零陵忽病傷寒謁醫兩旬如負擔者日遠日重改謁唐醫公亮九日而無病矣謝以長句,罷丞零陵忽病傷寒謁醫兩旬如負擔者日遠日重改謁唐醫公亮九日而無病矣謝以長句,1,scrape_output\raw\宋朝\罷丞零陵忽病傷寒謁醫兩旬如負擔者日遠日重改謁唐醫公亮九日而無病矣謝以長句\罷丞零陵忽病傷寒謁醫兩旬如負擔者日遠日重改謁唐醫公亮九日而無病矣謝以長句__juan_01.txt,scrape_output\clean\宋朝\罷丞零陵忽病傷寒謁醫兩旬如負擔者日遠日重改謁唐醫公亮九日而無病矣謝以長句\罷丞零陵忽病傷寒謁醫兩旬如負擔者日遠日重改謁唐醫公亮九日而無病矣謝以長句__juan_01.txt,217,173,0
宋朝,32646,罷官次常山寄鄭叔詳,罷官次常山寄鄭叔詳,罷官次常山寄鄭叔詳,1,scrape_output\raw\宋朝\罷官次常山寄鄭叔詳\罷官次常山寄鄭叔詳__juan_01.txt,scrape_output\clean\宋朝\罷官次常山寄鄭叔詳\罷官次常山寄鄭叔詳__juan_01.txt,113,69,0
宋朝,59122,羅湖野錄,羅湖野錄,羅湖野錄,1,scrape_output\raw\宋朝\羅湖野錄\羅湖野錄__juan_01.txt,scrape_output\clean\宋朝\羅湖野錄\羅湖野錄__juan_01.txt,35144,35035,0
宋朝,41301,翠光亭,翠光亭,翠光亭,1,scrape_output\raw\宋朝\翠光亭\翠光亭__juan_01.txt,scrape_output\clean\宋朝\翠光亭\翠光亭__juan_01.txt,125,78,0
宋朝,105947,翠微先生北征錄,翠微先生北征錄/卷01,翠微先生北征錄,1,scrape_output\raw\宋朝\翠微先生北征錄\翠微先生北征錄__juan_01.txt,scrape_output\clean\宋朝\翠微先生北征錄\翠微先生北征錄__juan_01.txt,21743,21736,0
宋朝,105947,翠微先生北征錄,翠微先生北征錄/卷02,翠微先生北征錄,2,scrape_output\raw\宋朝\翠微先生北征錄\翠微先生北征錄__juan_02.txt,scrape_output\clean\宋朝\翠微先生北征錄\翠微先生北征錄__juan_02.txt,718,718,0
宋朝,105947,翠微先生北征錄,翠微先生北征錄/卷03,翠微先生北征錄,3,scrape_output\raw\宋朝\翠微先生北征錄\翠微先生北征錄__juan_03.txt,scrape_output\clean\宋朝\翠微先生北征錄\翠微先生北征錄__juan_03.txt,2828,2828,0
宋朝,105947,翠微先生北征錄,翠微先生北征錄/卷04,翠微先生北征錄,4,scrape_output\raw\宋朝\翠微先生北征錄\翠微先生北征錄__juan_04.txt,scrape_output\clean\宋朝\翠微先生北征錄\翠微先生北征錄__juan_04.txt,4646,4645,0
宋朝,105947,翠微先生北征錄,翠微先生北征錄/卷05,翠微先生北征錄,5,scrape_output\raw\宋朝\翠微先生北征錄\翠微先生北征錄__juan_05.txt,scrape_output\clean\宋朝\翠微先生北征錄\翠微先生北征錄__juan_05.txt,2287,2285,0
宋朝,105947,翠微先生北征錄,翠微先生北征錄/卷06,翠微先生北征錄,6,scrape_output\raw\宋朝\翠微先生北征錄\翠微先生北征錄__juan_06.txt,scrape_output\clean\宋朝\翠微先生北征錄\翠微先生北征錄__juan_06.txt,3428,3428,0
宋朝,105947,翠微先生北征錄,翠微先生北征錄/卷07,翠微先生北征錄,7,scrape_output\raw\宋朝\翠微先生北征錄\翠微先生北征錄__juan_07.txt,scrape_output\clean\宋朝\翠微先生北征錄\翠微先生北征錄__juan_07.txt,2998,2924,0
宋朝,105947,翠微先生北征錄,翠微先生北征錄/卷08,翠微先生北征錄,8,scrape_output\raw\宋朝\翠微先生北征錄\翠微先生北征錄__juan_08.txt,scrape_output\clean\宋朝\翠微先生北征錄\翠微先生北征錄__juan_08.txt,3122,3047,0
宋朝,105947,翠微先生北征錄,翠微先生北征錄/卷09,翠微先生北征錄,9,scrape_output\raw\宋朝\翠微先生北征錄\翠微先生北征錄__juan_09.txt,scrape_output\clean\宋朝\翠微先生北征錄\翠微先生北征錄__juan_09.txt,3287,3259,0
宋朝,105947,翠微先生北征錄,翠微先生北征錄/卷10,翠微先生北征錄,10,scrape_output\raw\宋朝\翠微先生北征錄\翠微先生北征錄__juan_10.txt,scrape_output\clean\宋朝\翠微先生北征錄\翠微先生北征錄__juan_10.txt,2466,2465,0
宋朝,105947,翠微先生北征錄,翠微先生北征錄/卷11,翠微先生北征錄,11,scrape_output\raw\宋朝\翠微先生北征錄\翠微先生北征錄__juan_11.txt,scrape_output\clean\宋朝\翠微先生北征錄\翠微先生北征錄__juan_11.txt,3242,3242,0
宋朝,105947,翠微先生北征錄,翠微先生北征錄/卷12,翠微先生北征錄,12,scrape_output\raw\宋朝\翠微先生北征錄\翠微先生北征錄__juan_12.txt,scrape_output\clean\宋朝\翠微先生北征錄\翠微先生北征錄__juan_12.txt,3301,3189,0
宋朝,35696,翦牡丹感懷,翦牡丹感懷,翦牡丹感懷,1,scrape_output\raw\宋朝\翦牡丹感懷\翦牡丹感懷__juan_01.txt,scrape_output\clean\宋朝\翦牡丹感懷\翦牡丹感懷__juan_01.txt,152,105,0
宋朝,875474,翻譯名義集,翻譯名義集,翻譯名義集,1,scrape_output\raw\宋朝\翻譯名義集\翻譯名義集__juan_01.txt,scrape_output\clean\宋朝\翻譯名義集\翻譯名義集__juan_01.txt,223354,221694,0
宋朝,796196,老杜浣花谿圖引,老杜浣花谿圖引,老杜浣花谿圖引,1,scrape_output\raw\宋朝\老杜浣花谿圖引\老杜浣花谿圖引__juan_01.txt,scrape_output\clean\宋朝\老杜浣花谿圖引\老杜浣花谿圖引__juan_01.txt,445,370,0
宋朝,1050867,聖佛母般若波羅蜜多九頌精義論,聖佛母般若波羅蜜多九頌精義論/卷第 01,聖佛母般若波羅蜜多九頌精義論,1,scrape_output\raw\宋朝\聖佛母般若波羅蜜多九頌精義論\聖佛母般若波羅蜜多九頌精義論__juan_01.txt,scrape_output\clean\宋朝\聖佛母般若波羅蜜多九頌精義論\聖佛母般若波羅蜜多九頌精義論__juan_01.txt,1978,1978,0
宋朝,1050867,聖佛母般若波羅蜜多九頌精義論,聖佛母般若波羅蜜多九頌精義論/卷第 02,聖佛母般若波羅蜜多九頌精義論,2,scrape_output\raw\宋朝\聖佛母般若波羅蜜多九頌精義論\聖佛母般若波羅蜜多九頌精義論__juan_02.txt,scrape_output\clean\宋朝\聖佛母般若波羅蜜多九頌精義論\聖佛母般若波羅蜜多九頌精義論__juan_02.txt,2003,1993,0
宋朝,875304,聖八千頌般若波羅蜜多一百八名真實圓義陀羅尼經,聖八千頌般若波羅蜜多一百八名真實圓義陀羅尼經,聖八千頌般若波羅蜜多一百八名真實圓義陀羅尼經,1,scrape_output\raw\宋朝\聖八千頌般若波羅蜜多一百八名真實圓義陀羅尼經\聖八千頌般若波羅蜜多一百八名真實圓義陀羅尼經__juan_01.txt,scrape_output\clean\宋朝\聖八千頌般若波羅蜜多一百八名真實圓義陀羅尼經\聖八千頌般若波羅蜜多一百八名真實圓義陀羅尼經__juan_01.txt,2120,1738,0
宋朝,875308,聖無能勝金剛火陀羅尼經,聖無能勝金剛火陀羅尼經,聖無能勝金剛火陀羅尼經,1,scrape_output\raw\宋朝\聖無能勝金剛火陀羅尼經\聖無能勝金剛火陀羅尼經__juan_01.txt,scrape_output\clean\宋朝\聖無能勝金剛火陀羅尼經\聖無能勝金剛火陀羅尼經__juan_01.txt,2383,2067,0
宋朝,35690,聞春遠牡丹盛開,聞春遠牡丹盛開,聞春遠牡丹盛開,1,scrape_output\raw\宋朝\聞春遠牡丹盛開\聞春遠牡丹盛開__juan_01.txt,scrape_output\clean\宋朝\聞春遠牡丹盛開\聞春遠牡丹盛開__juan_01.txt,114,69,0
宋朝,7330,聲聲慢 (李清照),聲聲慢 (李清照),聲聲慢 (李清照),1,scrape_output\raw\宋朝\聲聲慢 (李清照)\聲聲慢 (李清照)__juan_01.txt,scrape_output\clean\宋朝\聲聲慢 (李清照)\聲聲慢 (李清照)__juan_01.txt,231,185,0
宋朝,136083,肯綮錄,肯綮錄,肯綮錄,1,scrape_output\raw\宋朝\肯綮錄\肯綮錄__juan_01.txt,scrape_output\clean\宋朝\肯綮錄\肯綮錄__juan_01.txt,4910,4862,0
宋朝,136087,能改齋漫錄,能改齋漫錄/卷一,能改齋漫錄,1,scrape_output\raw\宋朝\能改齋漫錄\能改齋漫錄__juan_01.txt,scrape_output\clean\宋朝\能改齋漫錄\能改齋漫錄__juan_01.txt,9165,8888,0
宋朝,136087,能改齋漫錄,能改齋漫錄/卷二,能改齋漫錄,2,scrape_output\raw\宋朝\能改齋漫錄\能改齋漫錄__juan_02.txt,scrape_output\clean\宋朝\能改齋漫錄\能改齋漫錄__juan_02.txt,11641,11414,0
宋朝,136087,能改齋漫錄,能改齋漫錄/卷三,能改齋漫錄,3,scrape_output\raw\宋朝\能改齋漫錄\能改齋漫錄__juan_03.txt,scrape_output\clean\宋朝\能改齋漫錄\能改齋漫錄__juan_03.txt,15466,15189,0
宋朝,136087,能改齋漫錄,能改齋漫錄/卷四,能改齋漫錄,4,scrape_output\raw\宋朝\能改齋漫錄\能改齋漫錄__juan_04.txt,scrape_output\clean\宋朝\能改齋漫錄\能改齋漫錄__juan_04.txt,15507,15226,0
宋朝,136087,能改齋漫錄,能改齋漫錄/卷五,能改齋漫錄,5,scrape_output\raw\宋朝\能改齋漫錄\能改齋漫錄__juan_05.txt,scrape_output\clean\宋朝\能改齋漫錄\能改齋漫錄__juan_05.txt,21623,21312,0
宋朝,136087,能改齋漫錄,能改齋漫錄/卷六,能改齋漫錄,6,scrape_output\raw\宋朝\能改齋漫錄\能改齋漫錄__juan_06.txt,scrape_output\clean\宋朝\能改齋漫錄\能改齋漫錄__juan_06.txt,16407,16096,0
宋朝,136087,能改齋漫錄,能改齋漫錄/卷七,能改齋漫錄,7,scrape_output\raw\宋朝\能改齋漫錄\能改齋漫錄__juan_07.txt,scrape_output\clean\宋朝\能改齋漫錄\能改齋漫錄__juan_07.txt,21083,20703,0
宋朝,136087,能改齋漫錄,能改齋漫錄/卷八,能改齋漫錄,8,scrape_output\raw\宋朝\能改齋漫錄\能改齋漫錄__juan_08.txt,scrape_output\clean\宋朝\能改齋漫錄\能改齋漫錄__juan_08.txt,21357,20966,0
宋朝,136087,能改齋漫錄,能改齋漫錄/卷九,能改齋漫錄,9,scrape_output\raw\宋朝\能改齋漫錄\能改齋漫錄__juan_09.txt,scrape_output\clean\宋朝\能改齋漫錄\能改齋漫錄__juan_09.txt,15899,15656,0
宋朝,136087,能改齋漫錄,能改齋漫錄/卷十,能改齋漫錄,10,scrape_output\raw\宋朝\能改齋漫錄\能改齋漫錄__juan_10.txt,scrape_output\clean\宋朝\能改齋漫錄\能改齋漫錄__juan_10.txt,16554,16300,0
宋朝,136087,能改齋漫錄,能改齋漫錄/卷十一,能改齋漫錄,11,scrape_output\raw\宋朝\能改齋漫錄\能改齋漫錄__juan_11.txt,scrape_output\clean\宋朝\能改齋漫錄\能改齋漫錄__juan_11.txt,19548,19292,0
宋朝,136087,能改齋漫錄,能改齋漫錄/卷十二,能改齋漫錄,12,scrape_output\raw\宋朝\能改齋漫錄\能改齋漫錄__juan_12.txt,scrape_output\clean\宋朝\能改齋漫錄\能改齋漫錄__juan_12.txt,17299,17113,0
宋朝,136087,能改齋漫錄,能改齋漫錄/卷十三,能改齋漫錄,13,scrape_output\raw\宋朝\能改齋漫錄\能改齋漫錄__juan_13.txt,scrape_output\clean\宋朝\能改齋漫錄\能改齋漫錄__juan_13.txt,10347,10169,0
宋朝,136087,能改齋漫錄,能改齋漫錄/卷十四,能改齋漫錄,14,scrape_output\raw\宋朝\能改齋漫錄\能改齋漫錄__juan_14.txt,scrape_output\clean\宋朝\能改齋漫錄\能改齋漫錄__juan_14.txt,19517,19299,0
宋朝,136087,能改齋漫錄,能改齋漫錄/卷十五,能改齋漫錄,15,scrape_output\raw\宋朝\能改齋漫錄\能改齋漫錄__juan_15.txt,scrape_output\clean\宋朝\能改齋漫錄\能改齋漫錄__juan_15.txt,16371,16045,0
宋朝,136087,能改齋漫錄,能改齋漫錄/卷十六,能改齋漫錄,16,scrape_output\raw\宋朝\能改齋漫錄\能改齋漫錄__juan_16.txt,scrape_output\clean\宋朝\能改齋漫錄\能改齋漫錄__juan_16.txt,8844,8646,0
宋朝,136087,能改齋漫錄,能改齋漫錄/卷十七,能改齋漫錄,17,scrape_output\raw\宋朝\能改齋漫錄\能改齋漫錄__juan_17.txt,scrape_output\clean\宋朝\能改齋漫錄\能改齋漫錄__juan_17.txt,8940,8749,0
宋朝,136087,能改齋漫錄,能改齋漫錄/卷十八,能改齋漫錄,18,scrape_output\raw\宋朝\能改齋漫錄\能改齋漫錄__juan_18.txt,scrape_output\clean\宋朝\能改齋漫錄\能改齋漫錄__juan_18.txt,13481,13303,0
宋朝,180812,能改齋詞話,能改齋詞話,能改齋詞話,1,scrape_output\raw\宋朝\能改齋詞話\能改齋詞話__juan_01.txt,scrape_output\clean\宋朝\能改齋詞話\能改齋詞話__juan_01.txt,16616,16612,0
宋朝,178936,臘夜普明寺睡覺二首,臘夜普明寺睡覺二首,臘夜普明寺睡覺二首,1,scrape_output\raw\宋朝\臘夜普明寺睡覺二首\臘夜普明寺睡覺二首__juan_01.txt,scrape_output\clean\宋朝\臘夜普明寺睡覺二首\臘夜普明寺睡覺二首__juan_01.txt,194,150,0
宋朝,178938,臘夜普明寺睡覺二首 (作臘聊村酒),臘夜普明寺睡覺二首 (作臘聊村酒),臘夜普明寺睡覺二首 (作臘聊村酒),1,scrape_output\raw\宋朝\臘夜普明寺睡覺二首 (作臘聊村酒)\臘夜普明寺睡覺二首 (作臘聊村酒)__juan_01.txt,scrape_output\clean\宋朝\臘夜普明寺睡覺二首 (作臘聊村酒)\臘夜普明寺睡覺二首 (作臘聊村酒)__juan_01.txt,133,89,0
宋朝,178937,臘夜普明寺睡覺二首 (旅夢忘爲客),臘夜普明寺睡覺二首 (旅夢忘爲客),臘夜普明寺睡覺二首 (旅夢忘爲客),1,scrape_output\raw\宋朝\臘夜普明寺睡覺二首 (旅夢忘爲客)\臘夜普明寺睡覺二首 (旅夢忘爲客)__juan_01.txt,scrape_output\clean\宋朝\臘夜普明寺睡覺二首 (旅夢忘爲客)\臘夜普明寺睡覺二首 (旅夢忘爲客)__juan_01.txt,132,88,0
宋朝,178939,臘後二首,臘後二首,臘後二首,1,scrape_output\raw\宋朝\臘後二首\臘後二首__juan_01.txt,scrape_output\clean\宋朝\臘後二首\臘後二首__juan_01.txt,195,151,0
宋朝,178940,臘後二首 (待臘驚還過),臘後二首 (待臘驚還過),臘後二首 (待臘驚還過),1,scrape_output\raw\宋朝\臘後二首 (待臘驚還過)\臘後二首 (待臘驚還過)__juan_01.txt,scrape_output\clean\宋朝\臘後二首 (待臘驚還過)\臘後二首 (待臘驚還過)__juan_01.txt,133,89,0
宋朝,178941,臘後二首 (雲暗虚疑暮),臘後二首 (雲暗虚疑暮),臘後二首 (雲暗虚疑暮),1,scrape_output\raw\宋朝\臘後二首 (雲暗虚疑暮)\臘後二首 (雲暗虚疑暮)__juan_01.txt,scrape_output\clean\宋朝\臘後二首 (雲暗虚疑暮)\臘後二首 (雲暗虚疑暮)__juan_01.txt,133,89,0
宋朝,25014,臨安春雨初霽,臨安春雨初霽,臨安春雨初霽,1,scrape_output\raw\宋朝\臨安春雨初霽\臨安春雨初霽__juan_01.txt,scrape_output\clean\宋朝\臨安春雨初霽\臨安春雨初霽__juan_01.txt,70,70,0
宋朝,24679,臨江仙 (朱敦儒),臨江仙 (朱敦儒),臨江仙 (朱敦儒),1,scrape_output\raw\宋朝\臨江仙 (朱敦儒)\臨江仙 (朱敦儒)__juan_01.txt,scrape_output\clean\宋朝\臨江仙 (朱敦儒)\臨江仙 (朱敦儒)__juan_01.txt,691,646,0
宋朝,91701,臨江仙 (李清照),臨江仙 (李清照),臨江仙 (李清照),1,scrape_output\raw\宋朝\臨江仙 (李清照)\臨江仙 (李清照)__juan_01.txt,scrape_output\clean\宋朝\臨江仙 (李清照)\臨江仙 (李清照)__juan_01.txt,344,248,0
宋朝,37324,臨溪檜,臨溪檜,臨溪檜,1,scrape_output\raw\宋朝\臨溪檜\臨溪檜__juan_01.txt,scrape_output\clean\宋朝\臨溪檜\臨溪檜__juan_01.txt,166,117,0
宋朝,55804,臨漢隱居詩話,臨漢隱居詩話,臨漢隱居詩話,1,scrape_output\raw\宋朝\臨漢隱居詩話\臨漢隱居詩話__juan_01.txt,scrape_output\clean\宋朝\臨漢隱居詩話\臨漢隱居詩話__juan_01.txt,11239,10663,0
宋朝,178935,自音聲巖泛小舟下高溪,自音聲巖泛小舟下高溪,自音聲巖泛小舟下高溪,1,scrape_output\raw\宋朝\自音聲巖泛小舟下高溪\自音聲巖泛小舟下高溪__juan_01.txt,scrape_output\clean\宋朝\自音聲巖泛小舟下高溪\自音聲巖泛小舟下高溪__juan_01.txt,133,89,0
宋朝,1181372,自題 (白玉蟾),自題 (白玉蟾),自題 (白玉蟾),1,scrape_output\raw\宋朝\自題 (白玉蟾)\自題 (白玉蟾)__juan_01.txt,scrape_output\clean\宋朝\自題 (白玉蟾)\自題 (白玉蟾)__juan_01.txt,109,65,0
宋朝,179249,至日前思親,至日前思親,至日前思親,1,scrape_output\raw\宋朝\至日前思親\至日前思親__juan_01.txt,scrape_output\clean\宋朝\至日前思親\至日前思親__juan_01.txt,105,61,0
宋朝,35660,與時敘現老納涼池上時敘誦新詞甚工,與時敘現老納涼池上時敘誦新詞甚工,與時敘現老納涼池上時敘誦新詞甚工,1,scrape_output\raw\宋朝\與時敘現老納涼池上時敘誦新詞甚工\與時敘現老納涼池上時敘誦新詞甚工__juan_01.txt,scrape_output\clean\宋朝\與時敘現老納涼池上時敘誦新詞甚工\與時敘現老納涼池上時敘誦新詞甚工__juan_01.txt,211,159,0
宋朝,1201276,與王介甫書,與王介甫書,與王介甫書,1,scrape_output\raw\宋朝\與王介甫書\與王介甫書__juan_01.txt,scrape_output\clean\宋朝\與王介甫書\與王介甫書__juan_01.txt,4171,4073,0
宋朝,136822,興慶池,興慶池,興慶池,1,scrape_output\raw\宋朝\興慶池\興慶池__juan_01.txt,scrape_output\clean\宋朝\興慶池\興慶池__juan_01.txt,136,89,0
宋朝,47368,舟上望九華山,舟上望九華山,舟上望九華山,1,scrape_output\raw\宋朝\舟上望九華山\舟上望九華山__juan_01.txt,scrape_output\clean\宋朝\舟上望九華山\舟上望九華山__juan_01.txt,113,69,0
宋朝,59195,舟中夜坐 (楊萬里),舟中夜坐 (楊萬里),舟中夜坐 (楊萬里),1,scrape_output\raw\宋朝\舟中夜坐 (楊萬里)\舟中夜坐 (楊萬里)__juan_01.txt,scrape_output\clean\宋朝\舟中夜坐 (楊萬里)\舟中夜坐 (楊萬里)__juan_01.txt,118,26,0
宋朝,1117579,般若心經略疏連珠記,般若心經略疏連珠記,般若心經略疏連珠記,1,scrape_output\raw\宋朝\般若心經略疏連珠記\般若心經略疏連珠記__juan_01.txt,scrape_output\clean\宋朝\般若心經略疏連珠記\般若心經略疏連珠記__juan_01.txt,22658,22564,0
宋朝,180752,艇齋詩話,艇齋詩話,艇齋詩話,1,scrape_output\raw\宋朝\艇齋詩話\艇齋詩話__juan_01.txt,scrape_output\clean\宋朝\艇齋詩話\艇齋詩話__juan_01.txt,27673,27487,0
宋朝,108171,艮嶽記,艮嶽記,艮嶽記,1,scrape_output\raw\宋朝\艮嶽記\艮嶽記__juan_01.txt,scrape_output\clean\宋朝\艮嶽記\艮嶽記__juan_01.txt,3251,3159,0
宋朝,25875,良馬對,良馬對,良馬對,1,scrape_output\raw\宋朝\良馬對\良馬對__juan_01.txt,scrape_output\clean\宋朝\良馬對\良馬對__juan_01.txt,271,227,0
宋朝,200994,芍藥譜 (吳曾),芍藥譜 (吳曾),芍藥譜 (吳曾),1,scrape_output\raw\宋朝\芍藥譜 (吳曾)\芍藥譜 (吳曾)__juan_01.txt,scrape_output\clean\宋朝\芍藥譜 (吳曾)\芍藥譜 (吳曾)__juan_01.txt,1513,1465,0
宋朝,114469,芝園集,芝園集,芝園集,1,scrape_output\raw\宋朝\芝園集\芝園集__juan_01.txt,scrape_output\clean\宋朝\芝園集\芝園集__juan_01.txt,19853,19712,0
宋朝,192575,苕溪漁隱叢話,苕溪漁隱叢話/前集13,苕溪漁隱叢話,1,scrape_output\raw\宋朝\苕溪漁隱叢話\苕溪漁隱叢話__juan_01.txt,scrape_output\clean\宋朝\苕溪漁隱叢話\苕溪漁隱叢話__juan_01.txt,4360,4265,0
宋朝,192575,苕溪漁隱叢話,苕溪漁隱叢話/前集14,苕溪漁隱叢話,2,scrape_output\raw\宋朝\苕溪漁隱叢話\苕溪漁隱叢話__juan_02.txt,scrape_output\clean\宋朝\苕溪漁隱叢話\苕溪漁隱叢話__juan_02.txt,4421,4326,0
宋朝,192575,苕溪漁隱叢話,苕溪漁隱叢話/前集15,苕溪漁隱叢話,3,scrape_output\raw\宋朝\苕溪漁隱叢話\苕溪漁隱叢話__juan_03.txt,scrape_output\clean\宋朝\苕溪漁隱叢話\苕溪漁隱叢話__juan_03.txt,2870,2777,0
宋朝,192575,苕溪漁隱叢話,苕溪漁隱叢話/前集16,苕溪漁隱叢話,4,scrape_output\raw\宋朝\苕溪漁隱叢話\苕溪漁隱叢話__juan_04.txt,scrape_output\clean\宋朝\苕溪漁隱叢話\苕溪漁隱叢話__juan_04.txt,4280,4187,0
宋朝,192575,苕溪漁隱叢話,苕溪漁隱叢話/前集17,苕溪漁隱叢話,5,scrape_output\raw\宋朝\苕溪漁隱叢話\苕溪漁隱叢話__juan_05.txt,scrape_output\clean\宋朝\苕溪漁隱叢話\苕溪漁隱叢話__juan_05.txt,4349,4256,0
宋朝,192575,苕溪漁隱叢話,苕溪漁隱叢話/前集18,苕溪漁隱叢話,6,scrape_output\raw\宋朝\苕溪漁隱叢話\苕溪漁隱叢話__juan_06.txt,scrape_output\clean\宋朝\苕溪漁隱叢話\苕溪漁隱叢話__juan_06.txt,3996,3904,0
宋朝,192575,苕溪漁隱叢話,苕溪漁隱叢話/前集19,苕溪漁隱叢話,7,scrape_output\raw\宋朝\苕溪漁隱叢話\苕溪漁隱叢話__juan_07.txt,scrape_output\clean\宋朝\苕溪漁隱叢話\苕溪漁隱叢話__juan_07.txt,4353,4260,0
宋朝,192575,苕溪漁隱叢話,苕溪漁隱叢話/前集20,苕溪漁隱叢話,8,scrape_output\raw\宋朝\苕溪漁隱叢話\苕溪漁隱叢話__juan_08.txt,scrape_output\clean\宋朝\苕溪漁隱叢話\苕溪漁隱叢話__juan_08.txt,4398,4306,0
宋朝,192575,苕溪漁隱叢話,苕溪漁隱叢話/前集21,苕溪漁隱叢話,9,scrape_output\raw\宋朝\苕溪漁隱叢話\苕溪漁隱叢話__juan_09.txt,scrape_output\clean\宋朝\苕溪漁隱叢話\苕溪漁隱叢話__juan_09.txt,4032,3940,0
宋朝,192575,苕溪漁隱叢話,苕溪漁隱叢話/前集22,苕溪漁隱叢話,10,scrape_output\raw\宋朝\苕溪漁隱叢話\苕溪漁隱叢話__juan_10.txt,scrape_output\clean\宋朝\苕溪漁隱叢話\苕溪漁隱叢話__juan_10.txt,3869,3777,0
宋朝,192575,苕溪漁隱叢話,苕溪漁隱叢話/前集23,苕溪漁隱叢話,11,scrape_output\raw\宋朝\苕溪漁隱叢話\苕溪漁隱叢話__juan_11.txt,scrape_output\clean\宋朝\苕溪漁隱叢話\苕溪漁隱叢話__juan_11.txt,4712,4616,0
宋朝,192575,苕溪漁隱叢話,苕溪漁隱叢話/前集24,苕溪漁隱叢話,12,scrape_output\raw\宋朝\苕溪漁隱叢話\苕溪漁隱叢話__juan_12.txt,scrape_output\clean\宋朝\苕溪漁隱叢話\苕溪漁隱叢話__juan_12.txt,5333,5241,0
宋朝,192575,苕溪漁隱叢話,苕溪漁隱叢話/前集25,苕溪漁隱叢話,13,scrape_output\raw\宋朝\苕溪漁隱叢話\苕溪漁隱叢話__juan_13.txt,scrape_output\clean\宋朝\苕溪漁隱叢話\苕溪漁隱叢話__juan_13.txt,4160,4067,0
宋朝,192575,苕溪漁隱叢話,苕溪漁隱叢話/前集26,苕溪漁隱叢話,14,scrape_output\raw\宋朝\苕溪漁隱叢話\苕溪漁隱叢話__juan_14.txt,scrape_output\clean\宋朝\苕溪漁隱叢話\苕溪漁隱叢話__juan_14.txt,4982,4890,0
宋朝,192575,苕溪漁隱叢話,苕溪漁隱叢話/前集27,苕溪漁隱叢話,15,scrape_output\raw\宋朝\苕溪漁隱叢話\苕溪漁隱叢話__juan_15.txt,scrape_output\clean\宋朝\苕溪漁隱叢話\苕溪漁隱叢話__juan_15.txt,4973,4881,0
宋朝,192575,苕溪漁隱叢話,苕溪漁隱叢話/前集28,苕溪漁隱叢話,16,scrape_output\raw\宋朝\苕溪漁隱叢話\苕溪漁隱叢話__juan_16.txt,scrape_output\clean\宋朝\苕溪漁隱叢話\苕溪漁隱叢話__juan_16.txt,4610,4518,0
宋朝,192575,苕溪漁隱叢話,苕溪漁隱叢話/前集29,苕溪漁隱叢話,17,scrape_output\raw\宋朝\苕溪漁隱叢話\苕溪漁隱叢話__juan_17.txt,scrape_output\clean\宋朝\苕溪漁隱叢話\苕溪漁隱叢話__juan_17.txt,3799,3707,0
宋朝,180775,苕溪漁隱詞話,苕溪漁隱詞話,苕溪漁隱詞話,1,scrape_output\raw\宋朝\苕溪漁隱詞話\苕溪漁隱詞話__juan_01.txt,scrape_output\clean\宋朝\苕溪漁隱詞話\苕溪漁隱詞話__juan_01.txt,11968,11965,0
宋朝,200441,苦熱謠,苦熱謠,苦熱謠,1,scrape_output\raw\宋朝\苦熱謠\苦熱謠__juan_01.txt,scrape_output\clean\宋朝\苦熱謠\苦熱謠__juan_01.txt,721,106,0
宋朝,200420,英宗皇帝挽詞二首（宋,英宗皇帝挽詞二首（宋·陳襄）,英宗皇帝挽詞二首（宋,1,scrape_output\raw\宋朝\英宗皇帝挽詞二首（宋\英宗皇帝挽詞二首（宋__juan_01.txt,scrape_output\clean\宋朝\英宗皇帝挽詞二首（宋\英宗皇帝挽詞二首（宋__juan_01.txt,720,153,0
宋朝,200461,英宗皇帝輓詞二首（宋,英宗皇帝輓詞二首（宋·陳襄）,英宗皇帝輓詞二首（宋,1,scrape_output\raw\宋朝\英宗皇帝輓詞二首（宋\英宗皇帝輓詞二首（宋__juan_01.txt,scrape_output\clean\宋朝\英宗皇帝輓詞二首（宋\英宗皇帝輓詞二首（宋__juan_01.txt,720,153,0
宋朝,29507,茶山解嘲,茶山解嘲,茶山解嘲,1,scrape_output\raw\宋朝\茶山解嘲\茶山解嘲__juan_01.txt,scrape_output\clean\宋朝\茶山解嘲\茶山解嘲__juan_01.txt,221,177,0
宋朝,32272,茶竈,茶竈,茶竈,1,scrape_output\raw\宋朝\茶竈\茶竈__juan_01.txt,scrape_output\clean\宋朝\茶竈\茶竈__juan_01.txt,105,61,0
宋朝,199867,荈茗錄,荈茗錄,荈茗錄,1,scrape_output\raw\宋朝\荈茗錄\荈茗錄__juan_01.txt,scrape_output\clean\宋朝\荈茗錄\荈茗錄__juan_01.txt,1185,1141,0
宋朝,105630,草堂詩話,草堂詩話,草堂詩話,1,scrape_output\raw\宋朝\草堂詩話\草堂詩話__juan_01.txt,scrape_output\clean\宋朝\草堂詩話\草堂詩話__juan_01.txt,16932,16927,0
宋朝,49597,草寮書事,草寮書事,草寮書事,1,scrape_output\raw\宋朝\草寮書事\草寮書事__juan_01.txt,scrape_output\clean\宋朝\草寮書事\草寮書事__juan_01.txt,113,69,0
宋朝,200445,荔枝歌,荔枝歌,荔枝歌,1,scrape_output\raw\宋朝\荔枝歌\荔枝歌__juan_01.txt,scrape_output\clean\宋朝\荔枝歌\荔枝歌__juan_01.txt,829,214,0
宋朝,56857,荔枝譜,荔枝譜,荔枝譜,1,scrape_output\raw\宋朝\荔枝譜\荔枝譜__juan_01.txt,scrape_output\clean\宋朝\荔枝譜\荔枝譜__juan_01.txt,3238,3180,0
宋朝,201016,荔枝譜 (吳曾),荔枝譜 (吳曾),荔枝譜 (吳曾),1,scrape_output\raw\宋朝\荔枝譜 (吳曾)\荔枝譜 (吳曾)__juan_01.txt,scrape_output\clean\宋朝\荔枝譜 (吳曾)\荔枝譜 (吳曾)__juan_01.txt,509,467,0
宋朝,200454,荷華（宋,荷華（宋·陳襄）,荷華（宋,1,scrape_output\raw\宋朝\荷華（宋\荷華（宋__juan_01.txt,scrape_output\clean\宋朝\荷華（宋\荷華（宋__juan_01.txt,669,54,0
宋朝,875343,菩提心觀釋,菩提心觀釋,菩提心觀釋,1,scrape_output\raw\宋朝\菩提心觀釋\菩提心觀釋__juan_01.txt,scrape_output\clean\宋朝\菩提心觀釋\菩提心觀釋__juan_01.txt,1404,1312,0
宋朝,1110263,菩提心離相論,菩提心離相論,菩提心離相論,1,scrape_output\raw\宋朝\菩提心離相論\菩提心離相論__juan_01.txt,scrape_output\clean\宋朝\菩提心離相論\菩提心離相論__juan_01.txt,3981,3889,0
宋朝,875567,菩提行經,菩提行經/卷001,菩提行經,1,scrape_output\raw\宋朝\菩提行經\菩提行經__juan_01.txt,scrape_output\clean\宋朝\菩提行經\菩提行經__juan_01.txt,4662,4658,0
宋朝,875567,菩提行經,菩提行經/卷002,菩提行經,2,scrape_output\raw\宋朝\菩提行經\菩提行經__juan_02.txt,scrape_output\clean\宋朝\菩提行經\菩提行經__juan_02.txt,6092,6092,0
宋朝,875567,菩提行經,菩提行經/卷003,菩提行經,3,scrape_output\raw\宋朝\菩提行經\菩提行經__juan_03.txt,scrape_output\clean\宋朝\菩提行經\菩提行經__juan_03.txt,5199,5199,0
宋朝,875567,菩提行經,菩提行經/卷004,菩提行經,4,scrape_output\raw\宋朝\菩提行經\菩提行經__juan_04.txt,scrape_output\clean\宋朝\菩提行經\菩提行經__juan_04.txt,6446,6446,0
宋朝,887803,菩薩蠻 (呂本中),菩薩蠻 (呂本中),菩薩蠻 (呂本中),1,scrape_output\raw\宋朝\菩薩蠻 (呂本中)\菩薩蠻 (呂本中)__juan_01.txt,scrape_output\clean\宋朝\菩薩蠻 (呂本中)\菩薩蠻 (呂本中)__juan_01.txt,150,106,0
宋朝,200600,菩薩蠻 (康與之),菩薩蠻 (康與之),菩薩蠻 (康與之),1,scrape_output\raw\宋朝\菩薩蠻 (康與之)\菩薩蠻 (康與之)__juan_01.txt,scrape_output\clean\宋朝\菩薩蠻 (康與之)\菩薩蠻 (康與之)__juan_01.txt,232,136,0
宋朝,172331,菩薩蠻 (李億),菩薩蠻 (李億),菩薩蠻 (李億),1,scrape_output\raw\宋朝\菩薩蠻 (李億)\菩薩蠻 (李億)__juan_01.txt,scrape_output\clean\宋朝\菩薩蠻 (李億)\菩薩蠻 (李億)__juan_01.txt,145,101,0
宋朝,91556,菩薩蠻 (李清照),菩薩蠻 (李清照),菩薩蠻 (李清照),1,scrape_output\raw\宋朝\菩薩蠻 (李清照)\菩薩蠻 (李清照)__juan_01.txt,scrape_output\clean\宋朝\菩薩蠻 (李清照)\菩薩蠻 (李清照)__juan_01.txt,236,140,0
宋朝,180025,菩薩鬘 (朱淑真),菩薩鬘 (朱淑真),菩薩鬘 (朱淑真),1,scrape_output\raw\宋朝\菩薩鬘 (朱淑真)\菩薩鬘 (朱淑真)__juan_01.txt,scrape_output\clean\宋朝\菩薩鬘 (朱淑真)\菩薩鬘 (朱淑真)__juan_01.txt,357,263,0
宋朝,37335,華嚴庵,華嚴庵,華嚴庵,1,scrape_output\raw\宋朝\華嚴庵\華嚴庵__juan_01.txt,scrape_output\clean\宋朝\華嚴庵\華嚴庵__juan_01.txt,241,187,0
宋朝,684368,華陽宮記,華陽宮記,華陽宮記,1,scrape_output\raw\宋朝\華陽宮記\華陽宮記__juan_01.txt,scrape_output\clean\宋朝\華陽宮記\華陽宮記__juan_01.txt,1657,1565,0
宋朝,158778,落花 (朱淑真),落花 (朱淑真),落花 (朱淑真),1,scrape_output\raw\宋朝\落花 (朱淑真)\落花 (朱淑真)__juan_01.txt,scrape_output\clean\宋朝\落花 (朱淑真)\落花 (朱淑真)__juan_01.txt,121,73,0
宋朝,35653,落鴻,落鴻,落鴻,1,scrape_output\raw\宋朝\落鴻\落鴻__juan_01.txt,scrape_output\clean\宋朝\落鴻\落鴻__juan_01.txt,114,69,0
宋朝,112237,葆光錄,葆光錄,葆光錄,1,scrape_output\raw\宋朝\葆光錄\葆光錄__juan_01.txt,scrape_output\clean\宋朝\葆光錄\葆光錄__juan_01.txt,12763,12747,0
宋朝,178873,董主簿正道壁間作水墨老梅一枝宿鵲縮脰合半眼栖焉,董主簿正道壁間作水墨老梅一枝宿鵲縮脰合半眼栖焉,董主簿正道壁間作水墨老梅一枝宿鵲縮脰合半眼栖焉,1,scrape_output\raw\宋朝\董主簿正道壁間作水墨老梅一枝宿鵲縮脰合半眼栖焉\董主簿正道壁間作水墨老梅一枝宿鵲縮脰合半眼栖焉__juan_01.txt,scrape_output\clean\宋朝\董主簿正道壁間作水墨老梅一枝宿鵲縮脰合半眼栖焉\董主簿正道壁間作水墨老梅一枝宿鵲縮脰合半眼栖焉__juan_01.txt,105,61,0
宋朝,58925,蒙韃備錄,蒙韃備錄,蒙韃備錄,1,scrape_output\raw\宋朝\蒙韃備錄\蒙韃備錄__juan_01.txt,scrape_output\clean\宋朝\蒙韃備錄\蒙韃備錄__juan_01.txt,4831,4831,0
宋朝,35578,蒲桃乾,蒲桃乾,蒲桃乾,1,scrape_output\raw\宋朝\蒲桃乾\蒲桃乾__juan_01.txt,scrape_output\clean\宋朝\蒲桃乾\蒲桃乾__juan_01.txt,114,69,0
宋朝,179205,蔣蓮店有書柳子厚寄吳武陵琴詩三讀敬哦五言,蔣蓮店有書柳子厚寄吳武陵琴詩三讀敬哦五言,蔣蓮店有書柳子厚寄吳武陵琴詩三讀敬哦五言,1,scrape_output\raw\宋朝\蔣蓮店有書柳子厚寄吳武陵琴詩三讀敬哦五言\蔣蓮店有書柳子厚寄吳武陵琴詩三讀敬哦五言__juan_01.txt,scrape_output\clean\宋朝\蔣蓮店有書柳子厚寄吳武陵琴詩三讀敬哦五言\蔣蓮店有書柳子厚寄吳武陵琴詩三讀敬哦五言__juan_01.txt,147,103,0
宋朝,136821,藍田悟真寺作,藍田悟真寺作,藍田悟真寺作,1,scrape_output\raw\宋朝\藍田悟真寺作\藍田悟真寺作__juan_01.txt,scrape_output\clean\宋朝\藍田悟真寺作\藍田悟真寺作__juan_01.txt,553,485,0
宋朝,51464,藏海詩話,藏海詩話,藏海詩話,1,scrape_output\raw\宋朝\藏海詩話\藏海詩話__juan_01.txt,scrape_output\clean\宋朝\藏海詩話\藏海詩話__juan_01.txt,7625,6981,0
宋朝,101904,蘆浦筆記,蘆浦筆記/卷01,蘆浦筆記,1,scrape_output\raw\宋朝\蘆浦筆記\蘆浦筆記__juan_01.txt,scrape_output\clean\宋朝\蘆浦筆記\蘆浦筆記__juan_01.txt,3612,3425,0
宋朝,101904,蘆浦筆記,蘆浦筆記/卷02,蘆浦筆記,2,scrape_output\raw\宋朝\蘆浦筆記\蘆浦筆記__juan_02.txt,scrape_output\clean\宋朝\蘆浦筆記\蘆浦筆記__juan_02.txt,3570,3387,0
宋朝,101904,蘆浦筆記,蘆浦筆記/卷03,蘆浦筆記,3,scrape_output\raw\宋朝\蘆浦筆記\蘆浦筆記__juan_03.txt,scrape_output\clean\宋朝\蘆浦筆記\蘆浦筆記__juan_03.txt,2809,2599,0
宋朝,101904,蘆浦筆記,蘆浦筆記/卷04,蘆浦筆記,4,scrape_output\raw\宋朝\蘆浦筆記\蘆浦筆記__juan_04.txt,scrape_output\clean\宋朝\蘆浦筆記\蘆浦筆記__juan_04.txt,3609,3430,0
宋朝,101904,蘆浦筆記,蘆浦筆記/卷05,蘆浦筆記,5,scrape_output\raw\宋朝\蘆浦筆記\蘆浦筆記__juan_05.txt,scrape_output\clean\宋朝\蘆浦筆記\蘆浦筆記__juan_05.txt,1992,1815,0
宋朝,101904,蘆浦筆記,蘆浦筆記/卷06,蘆浦筆記,6,scrape_output\raw\宋朝\蘆浦筆記\蘆浦筆記__juan_06.txt,scrape_output\clean\宋朝\蘆浦筆記\蘆浦筆記__juan_06.txt,2842,2592,0
宋朝,101904,蘆浦筆記,蘆浦筆記/卷07,蘆浦筆記,7,scrape_output\raw\宋朝\蘆浦筆記\蘆浦筆記__juan_07.txt,scrape_output\clean\宋朝\蘆浦筆記\蘆浦筆記__juan_07.txt,2443,2270,0
宋朝,101904,蘆浦筆記,蘆浦筆記/卷08,蘆浦筆記,8,scrape_output\raw\宋朝\蘆浦筆記\蘆浦筆記__juan_08.txt,scrape_output\clean\宋朝\蘆浦筆記\蘆浦筆記__juan_08.txt,3833,3659,0
宋朝,101904,蘆浦筆記,蘆浦筆記/卷09,蘆浦筆記,9,scrape_output\raw\宋朝\蘆浦筆記\蘆浦筆記__juan_09.txt,scrape_output\clean\宋朝\蘆浦筆記\蘆浦筆記__juan_09.txt,2748,2575,0
宋朝,101904,蘆浦筆記,蘆浦筆記/卷10,蘆浦筆記,10,scrape_output\raw\宋朝\蘆浦筆記\蘆浦筆記__juan_10.txt,scrape_output\clean\宋朝\蘆浦筆記\蘆浦筆記__juan_10.txt,3574,3400,0
宋朝,185552,蘭亭考,蘭亭考/卷一,蘭亭考,1,scrape_output\raw\宋朝\蘭亭考\蘭亭考__juan_01.txt,scrape_output\clean\宋朝\蘭亭考\蘭亭考__juan_01.txt,1007,1004,0
宋朝,185552,蘭亭考,蘭亭考/卷二,蘭亭考,2,scrape_output\raw\宋朝\蘭亭考\蘭亭考__juan_02.txt,scrape_output\clean\宋朝\蘭亭考\蘭亭考__juan_02.txt,0,0,1
宋朝,185552,蘭亭考,蘭亭考/卷三,蘭亭考,3,scrape_output\raw\宋朝\蘭亭考\蘭亭考__juan_03.txt,scrape_output\clean\宋朝\蘭亭考\蘭亭考__juan_03.txt,0,0,1
宋朝,185552,蘭亭考,蘭亭考/卷四,蘭亭考,4,scrape_output\raw\宋朝\蘭亭考\蘭亭考__juan_04.txt,scrape_output\clean\宋朝\蘭亭考\蘭亭考__juan_04.txt,0,0,1
宋朝,185552,蘭亭考,蘭亭考/卷五,蘭亭考,5,scrape_output\raw\宋朝\蘭亭考\蘭亭考__juan_05.txt,scrape_output\clean\宋朝\蘭亭考\蘭亭考__juan_05.txt,0,0,1
宋朝,347005,蘭譜奧法,蘭譜奧法,蘭譜奧法,1,scrape_output\raw\宋朝\蘭譜奧法\蘭譜奧法__juan_01.txt,scrape_output\clean\宋朝\蘭譜奧法\蘭譜奧法__juan_01.txt,1189,1189,0
宋朝,56324,虎鈐經,虎鈐經/卷一,虎鈐經,1,scrape_output\raw\宋朝\虎鈐經\虎鈐經__juan_01.txt,scrape_output\clean\宋朝\虎鈐經\虎鈐經__juan_01.txt,2813,2805,0
宋朝,56324,虎鈐經,虎鈐經/卷二,虎鈐經,2,scrape_output\raw\宋朝\虎鈐經\虎鈐經__juan_02.txt,scrape_output\clean\宋朝\虎鈐經\虎鈐經__juan_02.txt,4409,4357,0
宋朝,56324,虎鈐經,虎鈐經/卷三,虎鈐經,3,scrape_output\raw\宋朝\虎鈐經\虎鈐經__juan_03.txt,scrape_output\clean\宋朝\虎鈐經\虎鈐經__juan_03.txt,5208,5150,0
宋朝,56324,虎鈐經,虎鈐經/卷四,虎鈐經,4,scrape_output\raw\宋朝\虎鈐經\虎鈐經__juan_04.txt,scrape_output\clean\宋朝\虎鈐經\虎鈐經__juan_04.txt,4164,4115,0
宋朝,56324,虎鈐經,虎鈐經/卷五,虎鈐經,5,scrape_output\raw\宋朝\虎鈐經\虎鈐經__juan_05.txt,scrape_output\clean\宋朝\虎鈐經\虎鈐經__juan_05.txt,4387,4373,0
宋朝,56324,虎鈐經,虎鈐經/卷六,虎鈐經,6,scrape_output\raw\宋朝\虎鈐經\虎鈐經__juan_06.txt,scrape_output\clean\宋朝\虎鈐經\虎鈐經__juan_06.txt,6455,6405,0
宋朝,56324,虎鈐經,虎鈐經/卷七,虎鈐經,7,scrape_output\raw\宋朝\虎鈐經\虎鈐經__juan_07.txt,scrape_output\clean\宋朝\虎鈐經\虎鈐經__juan_07.txt,5513,5314,0
宋朝,56324,虎鈐經,虎鈐經/卷八,虎鈐經,8,scrape_output\raw\宋朝\虎鈐經\虎鈐經__juan_08.txt,scrape_output\clean\宋朝\虎鈐經\虎鈐經__juan_08.txt,5136,5069,0
宋朝,56324,虎鈐經,虎鈐經/卷九,虎鈐經,9,scrape_output\raw\宋朝\虎鈐經\虎鈐經__juan_09.txt,scrape_output\clean\宋朝\虎鈐經\虎鈐經__juan_09.txt,3914,3864,0
宋朝,56324,虎鈐經,虎鈐經/卷十,虎鈐經,10,scrape_output\raw\宋朝\虎鈐經\虎鈐經__juan_10.txt,scrape_output\clean\宋朝\虎鈐經\虎鈐經__juan_10.txt,6052,5984,0
宋朝,56324,虎鈐經,虎鈐經/卷十一,虎鈐經,11,scrape_output\raw\宋朝\虎鈐經\虎鈐經__juan_11.txt,scrape_output\clean\宋朝\虎鈐經\虎鈐經__juan_11.txt,4365,4307,0
宋朝,56324,虎鈐經,虎鈐經/卷十二,虎鈐經,12,scrape_output\raw\宋朝\虎鈐經\虎鈐經__juan_12.txt,scrape_output\clean\宋朝\虎鈐經\虎鈐經__juan_12.txt,7308,7258,0
宋朝,56324,虎鈐經,虎鈐經/卷十三,虎鈐經,13,scrape_output\raw\宋朝\虎鈐經\虎鈐經__juan_13.txt,scrape_output\clean\宋朝\虎鈐經\虎鈐經__juan_13.txt,1755,1701,0
宋朝,56324,虎鈐經,虎鈐經/卷十四,虎鈐經,14,scrape_output\raw\宋朝\虎鈐經\虎鈐經__juan_14.txt,scrape_output\clean\宋朝\虎鈐經\虎鈐經__juan_14.txt,6106,6048,0
宋朝,56324,虎鈐經,虎鈐經/卷十五,虎鈐經,15,scrape_output\raw\宋朝\虎鈐經\虎鈐經__juan_15.txt,scrape_output\clean\宋朝\虎鈐經\虎鈐經__juan_15.txt,5252,5199,0
宋朝,56324,虎鈐經,虎鈐經/卷十六,虎鈐經,16,scrape_output\raw\宋朝\虎鈐經\虎鈐經__juan_16.txt,scrape_output\clean\宋朝\虎鈐經\虎鈐經__juan_16.txt,501,443,0
宋朝,56324,虎鈐經,虎鈐經/卷十七,虎鈐經,17,scrape_output\raw\宋朝\虎鈐經\虎鈐經__juan_17.txt,scrape_output\clean\宋朝\虎鈐經\虎鈐經__juan_17.txt,4424,4368,0
宋朝,56324,虎鈐經,虎鈐經/卷十八,虎鈐經,18,scrape_output\raw\宋朝\虎鈐經\虎鈐經__juan_18.txt,scrape_output\clean\宋朝\虎鈐經\虎鈐經__juan_18.txt,3402,3343,0
宋朝,56324,虎鈐經,虎鈐經/卷十九,虎鈐經,19,scrape_output\raw\宋朝\虎鈐經\虎鈐經__juan_19.txt,scrape_output\clean\宋朝\虎鈐經\虎鈐經__juan_19.txt,1976,1922,0
宋朝,56324,虎鈐經,虎鈐經/卷二十,虎鈐經,20,scrape_output\raw\宋朝\虎鈐經\虎鈐經__juan_20.txt,scrape_output\clean\宋朝\虎鈐經\虎鈐經__juan_20.txt,3036,2976,0
宋朝,1000017,處州應星樓記碑,處州應星樓記碑,處州應星樓記碑,1,scrape_output\raw\宋朝\處州應星樓記碑\處州應星樓記碑__juan_01.txt,scrape_output\clean\宋朝\處州應星樓記碑\處州應星樓記碑__juan_01.txt,941,891,0
宋朝,967146,虛空藏菩薩神呪經,虛空藏菩薩神呪經,虛空藏菩薩神呪經,1,scrape_output\raw\宋朝\虛空藏菩薩神呪經\虛空藏菩薩神呪經__juan_01.txt,scrape_output\clean\宋朝\虛空藏菩薩神呪經\虛空藏菩薩神呪經__juan_01.txt,9015,8776,0
宋朝,761134,虞美人 (春花秋月何時了),虞美人 (春花秋月何時了),虞美人 (春花秋月何時了),1,scrape_output\raw\宋朝\虞美人 (春花秋月何時了)\虞美人 (春花秋月何時了)__juan_01.txt,scrape_output\clean\宋朝\虞美人 (春花秋月何時了)\虞美人 (春花秋月何時了)__juan_01.txt,157,113,0
宋朝,24620,虞美人 (晏幾道),虞美人 (晏幾道),虞美人 (晏幾道),1,scrape_output\raw\宋朝\虞美人 (晏幾道)\虞美人 (晏幾道)__juan_01.txt,scrape_output\clean\宋朝\虞美人 (晏幾道)\虞美人 (晏幾道)__juan_01.txt,481,444,0
宋朝,1021336,虞美人 (玉樓縹緲孤煙際),虞美人 (玉樓縹緲孤煙際),虞美人 (玉樓縹緲孤煙際),1,scrape_output\raw\宋朝\虞美人 (玉樓縹緲孤煙際)\虞美人 (玉樓縹緲孤煙際)__juan_01.txt,scrape_output\clean\宋朝\虞美人 (玉樓縹緲孤煙際)\虞美人 (玉樓縹緲孤煙際)__juan_01.txt,147,103,0
宋朝,761116,虞美人 (落花已作風前舞),虞美人 (落花已作風前舞),虞美人 (落花已作風前舞),1,scrape_output\raw\宋朝\虞美人 (落花已作風前舞)\虞美人 (落花已作風前舞)__juan_01.txt,scrape_output\clean\宋朝\虞美人 (落花已作風前舞)\虞美人 (落花已作風前舞)__juan_01.txt,173,117,0
宋朝,29785,虹橋,虹橋,虹橋,1,scrape_output\raw\宋朝\虹橋\虹橋__juan_01.txt,scrape_output\clean\宋朝\虹橋\虹橋__juan_01.txt,113,69,0
宋朝,29681,蛇首巖,蛇首巖,蛇首巖,1,scrape_output\raw\宋朝\蛇首巖\蛇首巖__juan_01.txt,scrape_output\clean\宋朝\蛇首巖\蛇首巖__juan_01.txt,133,86,0
宋朝,136827,蜀士,蜀士,蜀士,1,scrape_output\raw\宋朝\蜀士\蜀士__juan_01.txt,scrape_output\clean\宋朝\蜀士\蜀士__juan_01.txt,431,368,0
宋朝,1002064,蜀素帖,蜀素帖,蜀素帖,1,scrape_output\raw\宋朝\蜀素帖\蜀素帖__juan_01.txt,scrape_output\clean\宋朝\蜀素帖\蜀素帖__juan_01.txt,894,844,0
宋朝,180024,蝶戀花 (朱淑真),蝶戀花 (朱淑真),蝶戀花 (朱淑真),1,scrape_output\raw\宋朝\蝶戀花 (朱淑真)\蝶戀花 (朱淑真)__juan_01.txt,scrape_output\clean\宋朝\蝶戀花 (朱淑真)\蝶戀花 (朱淑真)__juan_01.txt,164,72,0
宋朝,91702,蝶戀花 (李清照),蝶戀花 (李清照),蝶戀花 (李清照),1,scrape_output\raw\宋朝\蝶戀花 (李清照)\蝶戀花 (李清照)__juan_01.txt,scrape_output\clean\宋朝\蝶戀花 (李清照)\蝶戀花 (李清照)__juan_01.txt,415,313,0
宋朝,101876,蟹畧,蟹畧/卷一,蟹畧,1,scrape_output\raw\宋朝\蟹畧\蟹畧__juan_01.txt,scrape_output\clean\宋朝\蟹畧\蟹畧__juan_01.txt,3045,2985,0
宋朝,101876,蟹畧,蟹畧/卷二,蟹畧,2,scrape_output\raw\宋朝\蟹畧\蟹畧__juan_02.txt,scrape_output\clean\宋朝\蟹畧\蟹畧__juan_02.txt,4148,4116,0
宋朝,101876,蟹畧,蟹畧/卷三,蟹畧,3,scrape_output\raw\宋朝\蟹畧\蟹畧__juan_03.txt,scrape_output\clean\宋朝\蟹畧\蟹畧__juan_03.txt,3797,3757,0
宋朝,101876,蟹畧,蟹畧/卷四,蟹畧,4,scrape_output\raw\宋朝\蟹畧\蟹畧__juan_04.txt,scrape_output\clean\宋朝\蟹畧\蟹畧__juan_04.txt,13745,13555,0
宋朝,158782,蠶婦吟,蠶婦吟,蠶婦吟,1,scrape_output\raw\宋朝\蠶婦吟\蠶婦吟__juan_01.txt,scrape_output\clean\宋朝\蠶婦吟\蠶婦吟__juan_01.txt,121,73,0
宋朝,108131,行營雜錄,行營雜錄,行營雜錄,1,scrape_output\raw\宋朝\行營雜錄\行營雜錄__juan_01.txt,scrape_output\clean\宋朝\行營雜錄\行營雜錄__juan_01.txt,5664,5620,0
宋朝,25472,行路難 (范成大),行路難 (范成大),行路難 (范成大),1,scrape_output\raw\宋朝\行路難 (范成大)\行路難 (范成大)__juan_01.txt,scrape_output\clean\宋朝\行路難 (范成大)\行路難 (范成大)__juan_01.txt,153,106,0
宋朝,200980,行香子,行香子·代贈,行香子,1,scrape_output\raw\宋朝\行香子\行香子__juan_01.txt,scrape_output\clean\宋朝\行香子\行香子__juan_01.txt,621,133,0
宋朝,200980,行香子,行香子·博山戲簡昌父、仲止,行香子,2,scrape_output\raw\宋朝\行香子\行香子__juan_02.txt,scrape_output\clean\宋朝\行香子\行香子__juan_02.txt,621,133,0
宋朝,200980,行香子,行香子·同前,行香子,3,scrape_output\raw\宋朝\行香子\行香子__juan_03.txt,scrape_output\clean\宋朝\行香子\行香子__juan_03.txt,627,139,0
宋朝,200980,行香子,行香子·和北客問梅，白氏，長安人,行香子,4,scrape_output\raw\宋朝\行香子\行香子__juan_04.txt,scrape_output\clean\宋朝\行香子\行香子__juan_04.txt,621,133,0
宋朝,200980,行香子,行香子·壽鄧宰母·二月初五,行香子,5,scrape_output\raw\宋朝\行香子\行香子__juan_05.txt,scrape_output\clean\宋朝\行香子\行香子__juan_05.txt,625,137,0
宋朝,200980,行香子,行香子·山居客至,行香子,6,scrape_output\raw\宋朝\行香子\行香子__juan_06.txt,scrape_output\clean\宋朝\行香子\行香子__juan_06.txt,621,133,0
宋朝,200980,行香子,行香子·愁況無聊作,行香子,7,scrape_output\raw\宋朝\行香子\行香子__juan_07.txt,scrape_output\clean\宋朝\行香子\行香子__juan_07.txt,621,133,0
宋朝,200980,行香子,行香子·探梅,行香子,8,scrape_output\raw\宋朝\行香子\行香子__juan_08.txt,scrape_output\clean\宋朝\行香子\行香子__juan_08.txt,621,133,0
宋朝,200980,行香子,行香子·梅 (晁補之),行香子,9,scrape_output\raw\宋朝\行香子\行香子__juan_09.txt,scrape_output\clean\宋朝\行香子\行香子__juan_09.txt,625,137,0
宋朝,200980,行香子,行香子·梅 (黃升),行香子,10,scrape_output\raw\宋朝\行香子\行香子__juan_10.txt,scrape_output\clean\宋朝\行香子\行香子__juan_10.txt,621,133,0
宋朝,200980,行香子,行香子·次草窗憶古心公韻,行香子,11,scrape_output\raw\宋朝\行香子\行香子__juan_11.txt,scrape_output\clean\宋朝\行香子\行香子__juan_11.txt,621,133,0
宋朝,200980,行香子,行香子·次韻元春兄,行香子,12,scrape_output\raw\宋朝\行香子\行香子__juan_12.txt,scrape_output\clean\宋朝\行香子\行香子__juan_12.txt,621,133,0
宋朝,200980,行香子,行香子·永州為​​魏深甫壽,行香子,13,scrape_output\raw\宋朝\行香子\行香子__juan_13.txt,scrape_output\clean\宋朝\行香子\行香子__juan_13.txt,621,133,0
宋朝,200980,行香子,行香子·疊韻,行香子,14,scrape_output\raw\宋朝\行香子\行香子__juan_14.txt,scrape_output\clean\宋朝\行香子\行香子__juan_14.txt,660,172,0
宋朝,200980,行香子,行香子·癸卯生日,行香子,15,scrape_output\raw\宋朝\行香子\行香子__juan_15.txt,scrape_output\clean\宋朝\行香子\行香子__juan_15.txt,621,133,0
宋朝,200980,行香子,行香子·臘八日與洪仲簡溪行，其夜雪作,行香子,16,scrape_output\raw\宋朝\行香子\行香子__juan_16.txt,scrape_output\clean\宋朝\行香子\行香子__juan_16.txt,621,133,0
宋朝,200980,行香子,行香子·舟宿蘭灣,行香子,17,scrape_output\raw\宋朝\行香子\行香子__juan_17.txt,scrape_output\clean\宋朝\行香子\行香子__juan_17.txt,621,133,0
宋朝,200980,行香子,行香子·般涉調,行香子,18,scrape_output\raw\宋朝\行香子\行香子__juan_18.txt,scrape_output\clean\宋朝\行香子\行香子__juan_18.txt,621,133,0
宋朝,200980,行香子,行香子·茉莉花,行香子,19,scrape_output\raw\宋朝\行香子\行香子__juan_19.txt,scrape_output\clean\宋朝\行香子\行香子__juan_19.txt,621,133,0
宋朝,200980,行香子,行香子·茶詞,行香子,20,scrape_output\raw\宋朝\行香子\行香子__juan_20.txt,scrape_output\clean\宋朝\行香子\行香子__juan_20.txt,700,133,0
宋朝,200980,行香子,行香子·記恨,行香子,21,scrape_output\raw\宋朝\行香子\行香子__juan_21.txt,scrape_output\clean\宋朝\行香子\行香子__juan_21.txt,621,133,0
宋朝,200980,行香子,行香子·贈柳兒行,行香子,22,scrape_output\raw\宋朝\行香子\行香子__juan_22.txt,scrape_output\clean\宋朝\行香子\行香子__juan_22.txt,621,133,0
宋朝,200980,行香子,行香子·贈柳兒行·題從花庵詞補,行香子,23,scrape_output\raw\宋朝\行香子\行香子__juan_23.txt,scrape_output\clean\宋朝\行香子\行香子__juan_23.txt,621,133,0
宋朝,200980,行香子,行香子·贈輕盈,行香子,24,scrape_output\raw\宋朝\行香子\行香子__juan_24.txt,scrape_output\clean\宋朝\行香子\行香子__juan_24.txt,621,133,0
宋朝,200980,行香子,行香子·鄱陽鰜魚,行香子,25,scrape_output\raw\宋朝\行香子\行香子__juan_25.txt,scrape_output\clean\宋朝\行香子\行香子__juan_25.txt,619,131,0
宋朝,200980,行香子,行香子·雪後閒眺,行香子,26,scrape_output\raw\宋朝\行香子\行香子__juan_26.txt,scrape_output\clean\宋朝\行香子\行香子__juan_26.txt,623,133,0
宋朝,200980,行香子,行香子·雲巖道中,行香子,27,scrape_output\raw\宋朝\行香子\行香子__juan_27.txt,scrape_output\clean\宋朝\行香子\行香子__juan_27.txt,621,133,0
宋朝,200980,行香子,行香子·題羅浮,行香子,28,scrape_output\raw\宋朝\行香子\行香子__juan_28.txt,scrape_output\clean\宋朝\行香子\行香子__juan_28.txt,660,172,0
宋朝,200980,行香子,行香子·馬上有感,行香子,29,scrape_output\raw\宋朝\行香子\行香子__juan_29.txt,scrape_output\clean\宋朝\行香子\行香子__juan_29.txt,619,131,0
宋朝,200631,行香子 (三山作),行香子 (三山作),行香子 (三山作),1,scrape_output\raw\宋朝\行香子 (三山作)\行香子 (三山作)__juan_01.txt,scrape_output\clean\宋朝\行香子 (三山作)\行香子 (三山作)__juan_01.txt,190,98,0
宋朝,200816,行香子 (前歲栽桃),行香子 (前歲栽桃),行香子 (前歲栽桃),1,scrape_output\raw\宋朝\行香子 (前歲栽桃)\行香子 (前歲栽桃)__juan_01.txt,scrape_output\clean\宋朝\行香子 (前歲栽桃)\行香子 (前歲栽桃)__juan_01.txt,624,136,0
宋朝,200834,行香子 (劉辰翁),行香子 (劉辰翁),行香子 (劉辰翁),1,scrape_output\raw\宋朝\行香子 (劉辰翁)\行香子 (劉辰翁)__juan_01.txt,scrape_output\clean\宋朝\行香子 (劉辰翁)\行香子 (劉辰翁)__juan_01.txt,992,504,0
宋朝,200979,行香子 (吳潛),行香子 (吳潛),行香子 (吳潛),1,scrape_output\raw\宋朝\行香子 (吳潛)\行香子 (吳潛)__juan_01.txt,scrape_output\clean\宋朝\行香子 (吳潛)\行香子 (吳潛)__juan_01.txt,667,177,0
宋朝,138944,行香子 (天與秋光),行香子 (天與秋光),行香子 (天與秋光),1,scrape_output\raw\宋朝\行香子 (天與秋光)\行香子 (天與秋光)__juan_01.txt,scrape_output\clean\宋朝\行香子 (天與秋光)\行香子 (天與秋光)__juan_01.txt,621,133,0
宋朝,200733,行香子 (晁端禮),行香子 (晁端禮),行香子 (晁端禮),1,scrape_output\raw\宋朝\行香子 (晁端禮)\行香子 (晁端禮)__juan_01.txt,scrape_output\clean\宋朝\行香子 (晁端禮)\行香子 (晁端禮)__juan_01.txt,621,133,0
宋朝,200575,行香子 (晁補之),行香子 (晁補之),行香子 (晁補之),1,scrape_output\raw\宋朝\行香子 (晁補之)\行香子 (晁補之)__juan_01.txt,scrape_output\clean\宋朝\行香子 (晁補之)\行香子 (晁補之)__juan_01.txt,952,464,0
宋朝,200656,行香子 (晏幾道),行香子 (晏幾道),行香子 (晏幾道),1,scrape_output\raw\宋朝\行香子 (晏幾道)\行香子 (晏幾道)__juan_01.txt,scrape_output\clean\宋朝\行香子 (晏幾道)\行香子 (晏幾道)__juan_01.txt,621,133,0
宋朝,200814,行香子 (曹勛),行香子 (曹勛),行香子 (曹勛),1,scrape_output\raw\宋朝\行香子 (曹勛)\行香子 (曹勛)__juan_01.txt,scrape_output\clean\宋朝\行香子 (曹勛)\行香子 (曹勛)__juan_01.txt,621,133,0
宋朝,112500,行香子 (李清照),行香子 (李清照),行香子 (李清照),1,scrape_output\raw\宋朝\行香子 (李清照)\行香子 (李清照)__juan_01.txt,scrape_output\clean\宋朝\行香子 (李清照)\行香子 (李清照)__juan_01.txt,304,212,0
宋朝,200653,行香子 (杜安世),行香子 (杜安世),行香子 (杜安世),1,scrape_output\raw\宋朝\行香子 (杜安世)\行香子 (杜安世)__juan_01.txt,scrape_output\clean\宋朝\行香子 (杜安世)\行香子 (杜安世)__juan_01.txt,623,135,0
宋朝,201055,行香子 (歸去來兮),行香子 (歸去來兮),行香子 (歸去來兮),1,scrape_output\raw\宋朝\行香子 (歸去來兮)\行香子 (歸去來兮)__juan_01.txt,scrape_output\clean\宋朝\行香子 (歸去來兮)\行香子 (歸去來兮)__juan_01.txt,621,133,0
宋朝,201052,行香子 (汪莘),行香子 (汪莘),行香子 (汪莘),1,scrape_output\raw\宋朝\行香子 (汪莘)\行香子 (汪莘)__juan_01.txt,scrape_output\clean\宋朝\行香子 (汪莘)\行香子 (汪莘)__juan_01.txt,745,255,0
宋朝,200769,行香子 (沈瀛),行香子 (沈瀛),行香子 (沈瀛),1,scrape_output\raw\宋朝\行香子 (沈瀛)\行香子 (沈瀛)__juan_01.txt,scrape_output\clean\宋朝\行香子 (沈瀛)\行香子 (沈瀛)__juan_01.txt,845,357,0
宋朝,200837,行香子 (沈端節),行香子 (沈端節),行香子 (沈端節),1,scrape_output\raw\宋朝\行香子 (沈端節)\行香子 (沈端節)__juan_01.txt,scrape_output\clean\宋朝\行香子 (沈端節)\行香子 (沈端節)__juan_01.txt,625,137,0
宋朝,201058,行香子 (浙右華亭),行香子 (浙右華亭),行香子 (浙右華亭),1,scrape_output\raw\宋朝\行香子 (浙右華亭)\行香子 (浙右華亭)__juan_01.txt,scrape_output\clean\宋朝\行香子 (浙右華亭)\行香子 (浙右華亭)__juan_01.txt,622,134,0
宋朝,200649,行香子 (淨掃塵埃),行香子 (淨掃塵埃),行香子 (淨掃塵埃),1,scrape_output\raw\宋朝\行香子 (淨掃塵埃)\行香子 (淨掃塵埃)__juan_01.txt,scrape_output\clean\宋朝\行香子 (淨掃塵埃)\行香子 (淨掃塵埃)__juan_01.txt,288,196,0
宋朝,201057,行香子 (清要無因),行香子 (清要無因),行香子 (清要無因),1,scrape_output\raw\宋朝\行香子 (清要無因)\行香子 (清要無因)__juan_01.txt,scrape_output\clean\宋朝\行香子 (清要無因)\行香子 (清要無因)__juan_01.txt,621,133,0
宋朝,200668,行香子 (王詵),行香子 (王詵),行香子 (王詵),1,scrape_output\raw\宋朝\行香子 (王詵)\行香子 (王詵)__juan_01.txt,scrape_output\clean\宋朝\行香子 (王詵)\行香子 (王詵)__juan_01.txt,621,133,0
宋朝,200820,行香子 (石孝友),行香子 (石孝友),行香子 (石孝友),1,scrape_output\raw\宋朝\行香子 (石孝友)\行香子 (石孝友)__juan_01.txt,scrape_output\clean\宋朝\行香子 (石孝友)\行香子 (石孝友)__juan_01.txt,622,131,0
宋朝,200573,行香子 (草際鳴蛩),行香子 (草際鳴蛩),行香子 (草際鳴蛩),1,scrape_output\raw\宋朝\行香子 (草際鳴蛩)\行香子 (草際鳴蛩)__juan_01.txt,scrape_output\clean\宋朝\行香子 (草際鳴蛩)\行香子 (草際鳴蛩)__juan_01.txt,623,135,0
宋朝,200774,行香子 (葛立方),行香子 (葛立方),行香子 (葛立方),1,scrape_output\raw\宋朝\行香子 (葛立方)\行香子 (葛立方)__juan_01.txt,scrape_output\clean\宋朝\行香子 (葛立方)\行香子 (葛立方)__juan_01.txt,621,133,0
宋朝,200722,行香子 (蔡伸),行香子 (蔡伸),行香子 (蔡伸),1,scrape_output\raw\宋朝\行香子 (蔡伸)\行香子 (蔡伸)__juan_01.txt,scrape_output\clean\宋朝\行香子 (蔡伸)\行香子 (蔡伸)__juan_01.txt,621,133,0
宋朝,200570,行香子 (蘇軾),行香子 (蘇軾),行香子 (蘇軾),1,scrape_output\raw\宋朝\行香子 (蘇軾)\行香子 (蘇軾)__juan_01.txt,scrape_output\clean\宋朝\行香子 (蘇軾)\行香子 (蘇軾)__juan_01.txt,1335,768,0
宋朝,201049,行香子 (趙師俠),行香子 (趙師俠),行香子 (趙師俠),1,scrape_output\raw\宋朝\行香子 (趙師俠)\行香子 (趙師俠)__juan_01.txt,scrape_output\clean\宋朝\行香子 (趙師俠)\行香子 (趙師俠)__juan_01.txt,621,133,0
宋朝,201050,行香子 (趙鼎),行香子 (趙鼎),行香子 (趙鼎),1,scrape_output\raw\宋朝\行香子 (趙鼎)\行香子 (趙鼎)__juan_01.txt,scrape_output\clean\宋朝\行香子 (趙鼎)\行香子 (趙鼎)__juan_01.txt,621,133,0
宋朝,200630,行香子 (辛棄疾),行香子 (辛棄疾),行香子 (辛棄疾),1,scrape_output\raw\宋朝\行香子 (辛棄疾)\行香子 (辛棄疾)__juan_01.txt,scrape_output\clean\宋朝\行香子 (辛棄疾)\行香子 (辛棄疾)__juan_01.txt,1055,567,0
宋朝,200771,行香子 (野叟愚癡),行香子 (野叟愚癡),行香子 (野叟愚癡),1,scrape_output\raw\宋朝\行香子 (野叟愚癡)\行香子 (野叟愚癡)__juan_01.txt,scrape_output\clean\宋朝\行香子 (野叟愚癡)\行香子 (野叟愚癡)__juan_01.txt,621,133,0
宋朝,200770,行香子 (野叟歸歟),行香子 (野叟歸歟),行香子 (野叟歸歟),1,scrape_output\raw\宋朝\行香子 (野叟歸歟)\行香子 (野叟歸歟)__juan_01.txt,scrape_output\clean\宋朝\行香子 (野叟歸歟)\行香子 (野叟歸歟)__juan_01.txt,621,133,0
宋朝,200772,行香子 (野叟長年),行香子 (野叟長年),行香子 (野叟長年),1,scrape_output\raw\宋朝\行香子 (野叟長年)\行香子 (野叟長年)__juan_01.txt,scrape_output\clean\宋朝\行香子 (野叟長年)\行香子 (野叟長年)__juan_01.txt,627,139,0
宋朝,200636,行香子 (雪履無痕),行香子 (雪履無痕),行香子 (雪履無痕),1,scrape_output\raw\宋朝\行香子 (雪履無痕)\行香子 (雪履無痕)__juan_01.txt,scrape_output\clean\宋朝\行香子 (雪履無痕)\行香子 (雪履無痕)__juan_01.txt,190,98,0
宋朝,200821,行香子 (韓玉),行香子 (韓玉),行香子 (韓玉),1,scrape_output\raw\宋朝\行香子 (韓玉)\行香子 (韓玉)__juan_01.txt,scrape_output\clean\宋朝\行香子 (韓玉)\行香子 (韓玉)__juan_01.txt,621,133,0
宋朝,200775,行香子 (高登),行香子 (高登),行香子 (高登),1,scrape_output\raw\宋朝\行香子 (高登)\行香子 (高登)__juan_01.txt,scrape_output\clean\宋朝\行香子 (高登)\行香子 (高登)__juan_01.txt,621,133,0
宋朝,201056,行香子 (黃孝邁),行香子 (黃孝邁),行香子 (黃孝邁),1,scrape_output\raw\宋朝\行香子 (黃孝邁)\行香子 (黃孝邁)__juan_01.txt,scrape_output\clean\宋朝\行香子 (黃孝邁)\行香子 (黃孝邁)__juan_01.txt,547,59,0
宋朝,253862,行香子慢,行香子慢,行香子慢,1,scrape_output\raw\宋朝\行香子慢\行香子慢__juan_01.txt,scrape_output\clean\宋朝\行香子慢\行香子慢__juan_01.txt,366,259,0
宋朝,762049,衛濟寶書,衛濟寶書,衛濟寶書,1,scrape_output\raw\宋朝\衛濟寶書\衛濟寶書__juan_01.txt,scrape_output\clean\宋朝\衛濟寶書\衛濟寶書__juan_01.txt,11426,11297,0
宋朝,353555,衛生家寶產科備要,衛生家寶產科備要,衛生家寶產科備要,1,scrape_output\raw\宋朝\衛生家寶產科備要\衛生家寶產科備要__juan_01.txt,scrape_output\clean\宋朝\衛生家寶產科備要\衛生家寶產科備要__juan_01.txt,24224,24111,0
宋朝,178864,衡山值雨,衡山值雨,衡山值雨,1,scrape_output\raw\宋朝\衡山值雨\衡山值雨__juan_01.txt,scrape_output\clean\宋朝\衡山值雨\衡山值雨__juan_01.txt,113,69,0
宋朝,11357,袁州州學記,袁州州學記,袁州州學記,1,scrape_output\raw\宋朝\袁州州學記\袁州州學記__juan_01.txt,scrape_output\clean\宋朝\袁州州學記\袁州州學記__juan_01.txt,622,530,0
宋朝,56556,袁氏世範,袁氏世範/卷之上,袁氏世範,1,scrape_output\raw\宋朝\袁氏世範\袁氏世範__juan_01.txt,scrape_output\clean\宋朝\袁氏世範\袁氏世範__juan_01.txt,11310,11310,0
宋朝,56556,袁氏世範,袁氏世範/卷之下,袁氏世範,2,scrape_output\raw\宋朝\袁氏世範\袁氏世範__juan_02.txt,scrape_output\clean\宋朝\袁氏世範\袁氏世範__juan_02.txt,10168,10168,0
宋朝,56556,袁氏世範,袁氏世範/卷之中,袁氏世範,3,scrape_output\raw\宋朝\袁氏世範\袁氏世範__juan_03.txt,scrape_output\clean\宋朝\袁氏世範\袁氏世範__juan_03.txt,11167,11167,0
宋朝,37341,西丘,西丘,西丘,1,scrape_output\raw\宋朝\西丘\西丘__juan_01.txt,scrape_output\clean\宋朝\西丘\西丘__juan_01.txt,136,89,0
宋朝,35635,西山有單鵠行,西山有單鵠行,西山有單鵠行,1,scrape_output\raw\宋朝\西山有單鵠行\西山有單鵠行__juan_01.txt,scrape_output\clean\宋朝\西山有單鵠行\西山有單鵠行__juan_01.txt,376,313,0
宋朝,887811,西江月 (張孝祥),西江月 (張孝祥),西江月 (張孝祥),1,scrape_output\raw\宋朝\西江月 (張孝祥)\西江月 (張孝祥)__juan_01.txt,scrape_output\clean\宋朝\西江月 (張孝祥)\西江月 (張孝祥)__juan_01.txt,162,116,0
宋朝,106413,西清詩話,西清詩話/卷上,西清詩話,1,scrape_output\raw\宋朝\西清詩話\西清詩話__juan_01.txt,scrape_output\clean\宋朝\西清詩話\西清詩話__juan_01.txt,8056,7842,0
宋朝,106413,西清詩話,西清詩話/卷中,西清詩話,2,scrape_output\raw\宋朝\西清詩話\西清詩話__juan_02.txt,scrape_output\clean\宋朝\西清詩話\西清詩話__juan_02.txt,6538,6360,0
宋朝,106413,西清詩話,西清詩話/卷下,西清詩話,3,scrape_output\raw\宋朝\西清詩話\西清詩話__juan_03.txt,scrape_output\clean\宋朝\西清詩話\西清詩話__juan_03.txt,6668,6495,0
宋朝,194260,西溪見牡丹,西溪見牡丹,西溪見牡丹,1,scrape_output\raw\宋朝\西溪見牡丹\西溪見牡丹__juan_01.txt,scrape_output\clean\宋朝\西溪見牡丹\西溪見牡丹__juan_01.txt,118,26,0
宋朝,37319,西郊,西郊,西郊,1,scrape_output\raw\宋朝\西郊\西郊__juan_01.txt,scrape_output\clean\宋朝\西郊\西郊__juan_01.txt,196,145,0
宋朝,33105,西里翁宅,西里翁宅,西里翁宅,1,scrape_output\raw\宋朝\西里翁宅\西里翁宅__juan_01.txt,scrape_output\clean\宋朝\西里翁宅\西里翁宅__juan_01.txt,133,89,0
宋朝,29768,見物便見心,見物便見心,見物便見心,1,scrape_output\raw\宋朝\見物便見心\見物便見心__juan_01.txt,scrape_output\clean\宋朝\見物便見心\見物便見心__juan_01.txt,133,89,0
宋朝,178868,視旱憩鏡田店,視旱憩鏡田店,視旱憩鏡田店,1,scrape_output\raw\宋朝\視旱憩鏡田店\視旱憩鏡田店__juan_01.txt,scrape_output\clean\宋朝\視旱憩鏡田店\視旱憩鏡田店__juan_01.txt,133,89,0
宋朝,178869,視旱遇雨,視旱遇雨,視旱遇雨,1,scrape_output\raw\宋朝\視旱遇雨\視旱遇雨__juan_01.txt,scrape_output\clean\宋朝\視旱遇雨\視旱遇雨__juan_01.txt,133,89,0
宋朝,29510,視旱過雨,視旱過雨,視旱過雨,1,scrape_output\raw\宋朝\視旱過雨\視旱過雨__juan_01.txt,scrape_output\clean\宋朝\視旱過雨\視旱過雨__juan_01.txt,133,89,0
宋朝,37316,觀出日,觀出日,觀出日,1,scrape_output\raw\宋朝\觀出日\觀出日__juan_01.txt,scrape_output\clean\宋朝\觀出日\觀出日__juan_01.txt,319,263,0
宋朝,29833,觀劈石,觀劈石,觀劈石,1,scrape_output\raw\宋朝\觀劈石\觀劈石__juan_01.txt,scrape_output\clean\宋朝\觀劈石\觀劈石__juan_01.txt,257,213,0
宋朝,37320,觀文恪王公樂道院巽亭在城上下臨潩水,觀文恪王公樂道院巽亭在城上下臨潩水,觀文恪王公樂道院巽亭在城上下臨潩水,1,scrape_output\raw\宋朝\觀文恪王公樂道院巽亭在城上下臨潩水\觀文恪王公樂道院巽亭在城上下臨潩水__juan_01.txt,scrape_output\clean\宋朝\觀文恪王公樂道院巽亭在城上下臨潩水\觀文恪王公樂道院巽亭在城上下臨潩水__juan_01.txt,286,229,0
宋朝,31498,觀書有感,觀書有感,觀書有感,1,scrape_output\raw\宋朝\觀書有感\觀書有感__juan_01.txt,scrape_output\clean\宋朝\觀書有感\觀書有感__juan_01.txt,165,121,0
宋朝,180749,觀林詩話,觀林詩話,觀林詩話,1,scrape_output\raw\宋朝\觀林詩話\觀林詩話__juan_01.txt,scrape_output\clean\宋朝\觀林詩話\觀林詩話__juan_01.txt,14034,13870,0
宋朝,1215580,觀棋大吟,觀棋大吟,觀棋大吟,1,scrape_output\raw\宋朝\觀棋大吟\觀棋大吟__juan_01.txt,scrape_output\clean\宋朝\觀棋大吟\觀棋大吟__juan_01.txt,2595,2551,0
宋朝,24932,觀棋長吟,觀棋長吟,觀棋長吟,1,scrape_output\raw\宋朝\觀棋長吟\觀棋長吟__juan_01.txt,scrape_output\clean\宋朝\觀棋長吟\觀棋長吟__juan_01.txt,257,213,0
宋朝,200444,觀海（宋,觀海（宋·陳襄）,觀海（宋,1,scrape_output\raw\宋朝\觀海（宋\觀海（宋__juan_01.txt,scrape_output\clean\宋朝\觀海（宋\觀海（宋__juan_01.txt,670,55,0
宋朝,49601,觀漁船水碓有感,觀漁船水碓有感,觀漁船水碓有感,1,scrape_output\raw\宋朝\觀漁船水碓有感\觀漁船水碓有感__juan_01.txt,scrape_output\clean\宋朝\觀漁船水碓有感\觀漁船水碓有感__juan_01.txt,113,69,0
宋朝,875477,觀無量壽佛經疏妙宗鈔,觀無量壽佛經疏妙宗鈔/卷001,觀無量壽佛經疏妙宗鈔,1,scrape_output\raw\宋朝\觀無量壽佛經疏妙宗鈔\觀無量壽佛經疏妙宗鈔__juan_01.txt,scrape_output\clean\宋朝\觀無量壽佛經疏妙宗鈔\觀無量壽佛經疏妙宗鈔__juan_01.txt,11771,11719,0
宋朝,875477,觀無量壽佛經疏妙宗鈔,觀無量壽佛經疏妙宗鈔/卷002,觀無量壽佛經疏妙宗鈔,2,scrape_output\raw\宋朝\觀無量壽佛經疏妙宗鈔\觀無量壽佛經疏妙宗鈔__juan_02.txt,scrape_output\clean\宋朝\觀無量壽佛經疏妙宗鈔\觀無量壽佛經疏妙宗鈔__juan_02.txt,11491,11442,0
宋朝,875477,觀無量壽佛經疏妙宗鈔,觀無量壽佛經疏妙宗鈔/卷003,觀無量壽佛經疏妙宗鈔,3,scrape_output\raw\宋朝\觀無量壽佛經疏妙宗鈔\觀無量壽佛經疏妙宗鈔__juan_03.txt,scrape_output\clean\宋朝\觀無量壽佛經疏妙宗鈔\觀無量壽佛經疏妙宗鈔__juan_03.txt,11204,11156,0
宋朝,875477,觀無量壽佛經疏妙宗鈔,觀無量壽佛經疏妙宗鈔/卷004,觀無量壽佛經疏妙宗鈔,4,scrape_output\raw\宋朝\觀無量壽佛經疏妙宗鈔\觀無量壽佛經疏妙宗鈔__juan_04.txt,scrape_output\clean\宋朝\觀無量壽佛經疏妙宗鈔\觀無量壽佛經疏妙宗鈔__juan_04.txt,10984,10937,0
宋朝,875477,觀無量壽佛經疏妙宗鈔,觀無量壽佛經疏妙宗鈔/卷005,觀無量壽佛經疏妙宗鈔,5,scrape_output\raw\宋朝\觀無量壽佛經疏妙宗鈔\觀無量壽佛經疏妙宗鈔__juan_05.txt,scrape_output\clean\宋朝\觀無量壽佛經疏妙宗鈔\觀無量壽佛經疏妙宗鈔__juan_05.txt,7605,7558,0
宋朝,875477,觀無量壽佛經疏妙宗鈔,觀無量壽佛經疏妙宗鈔/卷006,觀無量壽佛經疏妙宗鈔,6,scrape_output\raw\宋朝\觀無量壽佛經疏妙宗鈔\觀無量壽佛經疏妙宗鈔__juan_06.txt,scrape_output\clean\宋朝\觀無量壽佛經疏妙宗鈔\觀無量壽佛經疏妙宗鈔__juan_06.txt,12087,12041,0
宋朝,1211066,觀無量壽佛經義疏,觀無量壽佛經義疏/卷001,觀無量壽佛經義疏,1,scrape_output\raw\宋朝\觀無量壽佛經義疏\觀無量壽佛經義疏__juan_01.txt,scrape_output\clean\宋朝\觀無量壽佛經義疏\觀無量壽佛經義疏__juan_01.txt,10906,10837,0
宋朝,1211066,觀無量壽佛經義疏,觀無量壽佛經義疏/卷002,觀無量壽佛經義疏,2,scrape_output\raw\宋朝\觀無量壽佛經義疏\觀無量壽佛經義疏__juan_02.txt,scrape_output\clean\宋朝\觀無量壽佛經義疏\觀無量壽佛經義疏__juan_02.txt,12928,12871,0
宋朝,1211066,觀無量壽佛經義疏,觀無量壽佛經義疏/卷003,觀無量壽佛經義疏,3,scrape_output\raw\宋朝\觀無量壽佛經義疏\觀無量壽佛經義疏__juan_03.txt,scrape_output\clean\宋朝\觀無量壽佛經義疏\觀無量壽佛經義疏__juan_03.txt,17540,17457,0
宋朝,111,觀無量壽經,觀無量壽經,觀無量壽經,1,scrape_output\raw\宋朝\觀無量壽經\觀無量壽經__juan_01.txt,scrape_output\clean\宋朝\觀無量壽經\觀無量壽經__juan_01.txt,9291,9199,0
宋朝,194259,觀獵 (范仲淹),觀獵 (范仲淹),觀獵 (范仲淹),1,scrape_output\raw\宋朝\觀獵 (范仲淹)\觀獵 (范仲淹)__juan_01.txt,scrape_output\clean\宋朝\觀獵 (范仲淹)\觀獵 (范仲淹)__juan_01.txt,174,82,0
宋朝,59214,觀蟻,觀蟻,觀蟻,1,scrape_output\raw\宋朝\觀蟻\觀蟻__juan_01.txt,scrape_output\clean\宋朝\觀蟻\觀蟻__juan_01.txt,126,34,0
宋朝,1124482,觀音玄義記,觀音玄義記/01,觀音玄義記,1,scrape_output\raw\宋朝\觀音玄義記\觀音玄義記__juan_01.txt,scrape_output\clean\宋朝\觀音玄義記\觀音玄義記__juan_01.txt,13044,12995,0
宋朝,1124482,觀音玄義記,觀音玄義記/02,觀音玄義記,2,scrape_output\raw\宋朝\觀音玄義記\觀音玄義記__juan_02.txt,scrape_output\clean\宋朝\觀音玄義記\觀音玄義記__juan_02.txt,14720,14675,0
宋朝,1124482,觀音玄義記,觀音玄義記/03,觀音玄義記,3,scrape_output\raw\宋朝\觀音玄義記\觀音玄義記__juan_03.txt,scrape_output\clean\宋朝\觀音玄義記\觀音玄義記__juan_03.txt,10976,10927,0
宋朝,1124482,觀音玄義記,觀音玄義記/04,觀音玄義記,4,scrape_output\raw\宋朝\觀音玄義記\觀音玄義記__juan_04.txt,scrape_output\clean\宋朝\觀音玄義記\觀音玄義記__juan_04.txt,10175,10130,0
宋朝,1124487,觀音義疏記,觀音義疏記/01,觀音義疏記,1,scrape_output\raw\宋朝\觀音義疏記\觀音義疏記__juan_01.txt,scrape_output\clean\宋朝\觀音義疏記\觀音義疏記__juan_01.txt,8804,8802,0
宋朝,1124487,觀音義疏記,觀音義疏記/02,觀音義疏記,2,scrape_output\raw\宋朝\觀音義疏記\觀音義疏記__juan_02.txt,scrape_output\clean\宋朝\觀音義疏記\觀音義疏記__juan_02.txt,8706,8706,0
宋朝,1124487,觀音義疏記,觀音義疏記/03,觀音義疏記,3,scrape_output\raw\宋朝\觀音義疏記\觀音義疏記__juan_03.txt,scrape_output\clean\宋朝\觀音義疏記\觀音義疏記__juan_03.txt,10080,10080,0
宋朝,1124487,觀音義疏記,觀音義疏記/04,觀音義疏記,4,scrape_output\raw\宋朝\觀音義疏記\觀音義疏記__juan_04.txt,scrape_output\clean\宋朝\觀音義疏記\觀音義疏記__juan_04.txt,13521,13521,0
宋朝,178100,解夏經,解夏經,解夏經,1,scrape_output\raw\宋朝\解夏經\解夏經__juan_01.txt,scrape_output\clean\宋朝\解夏經\解夏經__juan_01.txt,1438,1438,0
宋朝,91554,訴衷情 (李清照),訴衷情 (李清照),訴衷情 (李清照),1,scrape_output\raw\宋朝\訴衷情 (李清照)\訴衷情 (李清照)__juan_01.txt,scrape_output\clean\宋朝\訴衷情 (李清照)\訴衷情 (李清照)__juan_01.txt,180,84,0
宋朝,200603,訴衷情令 (康與之),訴衷情令 (康與之),訴衷情令 (康與之),1,scrape_output\raw\宋朝\訴衷情令 (康與之)\訴衷情令 (康與之)__juan_01.txt,scrape_output\clean\宋朝\訴衷情令 (康與之)\訴衷情令 (康與之)__juan_01.txt,246,150,0
宋朝,200593,訴衷情令 (阿房廢址),訴衷情令 (阿房廢址),訴衷情令 (阿房廢址),1,scrape_output\raw\宋朝\訴衷情令 (阿房廢址)\訴衷情令 (阿房廢址)__juan_01.txt,scrape_output\clean\宋朝\訴衷情令 (阿房廢址)\訴衷情令 (阿房廢址)__juan_01.txt,139,95,0
宋朝,200592,訴衷情令 (鬱孤臺上),訴衷情令 (鬱孤臺上),訴衷情令 (鬱孤臺上),1,scrape_output\raw\宋朝\訴衷情令 (鬱孤臺上)\訴衷情令 (鬱孤臺上)__juan_01.txt,scrape_output\clean\宋朝\訴衷情令 (鬱孤臺上)\訴衷情令 (鬱孤臺上)__juan_01.txt,139,95,0
宋朝,1194763,註四十二章經,註四十二章經,註四十二章經,1,scrape_output\raw\宋朝\註四十二章經\註四十二章經__juan_01.txt,scrape_output\clean\宋朝\註四十二章經\註四十二章經__juan_01.txt,10095,9987,0
宋朝,28072,詞論 (李清照),詞論 (李清照),詞論 (李清照),1,scrape_output\raw\宋朝\詞論 (李清照)\詞論 (李清照)__juan_01.txt,scrape_output\clean\宋朝\詞論 (李清照)\詞論 (李清照)__juan_01.txt,864,819,0
宋朝,51739,詠史 (李清照),詠史 (李清照),詠史 (李清照),1,scrape_output\raw\宋朝\詠史 (李清照)\詠史 (李清照)__juan_01.txt,scrape_output\clean\宋朝\詠史 (李清照)\詠史 (李清照)__juan_01.txt,120,28,0
宋朝,26180,詠毛女,詠毛女,詠毛女,1,scrape_output\raw\宋朝\詠毛女\詠毛女__juan_01.txt,scrape_output\clean\宋朝\詠毛女\詠毛女__juan_01.txt,113,69,0
宋朝,889807,詠竹 (仲并),詠竹 (仲并),詠竹 (仲并),1,scrape_output\raw\宋朝\詠竹 (仲并)\詠竹 (仲并)__juan_01.txt,scrape_output\clean\宋朝\詠竹 (仲并)\詠竹 (仲并)__juan_01.txt,133,89,0
宋朝,889809,詠竹 (劉才邵),詠竹 (劉才邵),詠竹 (劉才邵),1,scrape_output\raw\宋朝\詠竹 (劉才邵)\詠竹 (劉才邵)__juan_01.txt,scrape_output\clean\宋朝\詠竹 (劉才邵)\詠竹 (劉才邵)__juan_01.txt,113,69,0
宋朝,154137,詠華清宮,詠華清宮,詠華清宮,1,scrape_output\raw\宋朝\詠華清宮\詠華清宮__juan_01.txt,scrape_output\clean\宋朝\詠華清宮\詠華清宮__juan_01.txt,113,69,0
宋朝,200997,詠雪奉呈廣平公,詠雪奉呈廣平公,詠雪奉呈廣平公,1,scrape_output\raw\宋朝\詠雪奉呈廣平公\詠雪奉呈廣平公__juan_01.txt,scrape_output\clean\宋朝\詠雪奉呈廣平公\詠雪奉呈廣平公__juan_01.txt,190,96,0
宋朝,183904,詠風 (王安石),詠風 (王安石),詠風 (王安石),1,scrape_output\raw\宋朝\詠風 (王安石)\詠風 (王安石)__juan_01.txt,scrape_output\clean\宋朝\詠風 (王安石)\詠風 (王安石)__juan_01.txt,147,103,0
宋朝,60846,試筆,試筆,試筆,1,scrape_output\raw\宋朝\試筆\試筆__juan_01.txt,scrape_output\clean\宋朝\試筆\試筆__juan_01.txt,1075,982,0
宋朝,180802,詩人玉屑,詩人玉屑/卷01,詩人玉屑,1,scrape_output\raw\宋朝\詩人玉屑\詩人玉屑__juan_01.txt,scrape_output\clean\宋朝\詩人玉屑\詩人玉屑__juan_01.txt,0,0,1
宋朝,180802,詩人玉屑,詩人玉屑/卷02,詩人玉屑,2,scrape_output\raw\宋朝\詩人玉屑\詩人玉屑__juan_02.txt,scrape_output\clean\宋朝\詩人玉屑\詩人玉屑__juan_02.txt,0,0,1
宋朝,180802,詩人玉屑,詩人玉屑/卷03,詩人玉屑,3,scrape_output\raw\宋朝\詩人玉屑\詩人玉屑__juan_03.txt,scrape_output\clean\宋朝\詩人玉屑\詩人玉屑__juan_03.txt,13835,13835,0
宋朝,180802,詩人玉屑,詩人玉屑/卷04,詩人玉屑,4,scrape_output\raw\宋朝\詩人玉屑\詩人玉屑__juan_04.txt,scrape_output\clean\宋朝\詩人玉屑\詩人玉屑__juan_04.txt,6136,6136,0
宋朝,180802,詩人玉屑,詩人玉屑/卷05,詩人玉屑,5,scrape_output\raw\宋朝\詩人玉屑\詩人玉屑__juan_05.txt,scrape_output\clean\宋朝\詩人玉屑\詩人玉屑__juan_05.txt,4772,4772,0
宋朝,180802,詩人玉屑,詩人玉屑/卷06,詩人玉屑,6,scrape_output\raw\宋朝\詩人玉屑\詩人玉屑__juan_06.txt,scrape_output\clean\宋朝\詩人玉屑\詩人玉屑__juan_06.txt,9427,9426,0
宋朝,180802,詩人玉屑,詩人玉屑/卷07,詩人玉屑,7,scrape_output\raw\宋朝\詩人玉屑\詩人玉屑__juan_07.txt,scrape_output\clean\宋朝\詩人玉屑\詩人玉屑__juan_07.txt,11595,11594,0
宋朝,180802,詩人玉屑,詩人玉屑/卷08,詩人玉屑,8,scrape_output\raw\宋朝\詩人玉屑\詩人玉屑__juan_08.txt,scrape_output\clean\宋朝\詩人玉屑\詩人玉屑__juan_08.txt,9555,9554,0
宋朝,180802,詩人玉屑,詩人玉屑/卷09,詩人玉屑,9,scrape_output\raw\宋朝\詩人玉屑\詩人玉屑__juan_09.txt,scrape_output\clean\宋朝\詩人玉屑\詩人玉屑__juan_09.txt,6085,6085,0
宋朝,180802,詩人玉屑,詩人玉屑/卷10,詩人玉屑,10,scrape_output\raw\宋朝\詩人玉屑\詩人玉屑__juan_10.txt,scrape_output\clean\宋朝\詩人玉屑\詩人玉屑__juan_10.txt,9721,9720,0
宋朝,180802,詩人玉屑,詩人玉屑/卷11,詩人玉屑,11,scrape_output\raw\宋朝\詩人玉屑\詩人玉屑__juan_11.txt,scrape_output\clean\宋朝\詩人玉屑\詩人玉屑__juan_11.txt,6708,6708,0
宋朝,180802,詩人玉屑,詩人玉屑/卷12,詩人玉屑,12,scrape_output\raw\宋朝\詩人玉屑\詩人玉屑__juan_12.txt,scrape_output\clean\宋朝\詩人玉屑\詩人玉屑__juan_12.txt,7786,7778,0
宋朝,180802,詩人玉屑,詩人玉屑/卷13,詩人玉屑,13,scrape_output\raw\宋朝\詩人玉屑\詩人玉屑__juan_13.txt,scrape_output\clean\宋朝\詩人玉屑\詩人玉屑__juan_13.txt,8839,8839,0
宋朝,180802,詩人玉屑,詩人玉屑/卷14,詩人玉屑,14,scrape_output\raw\宋朝\詩人玉屑\詩人玉屑__juan_14.txt,scrape_output\clean\宋朝\詩人玉屑\詩人玉屑__juan_14.txt,11128,11127,0
宋朝,180802,詩人玉屑,詩人玉屑/卷15,詩人玉屑,15,scrape_output\raw\宋朝\詩人玉屑\詩人玉屑__juan_15.txt,scrape_output\clean\宋朝\詩人玉屑\詩人玉屑__juan_15.txt,11042,11042,0
宋朝,180802,詩人玉屑,詩人玉屑/卷16,詩人玉屑,16,scrape_output\raw\宋朝\詩人玉屑\詩人玉屑__juan_16.txt,scrape_output\clean\宋朝\詩人玉屑\詩人玉屑__juan_16.txt,8486,8480,0
宋朝,180802,詩人玉屑,詩人玉屑/卷17,詩人玉屑,17,scrape_output\raw\宋朝\詩人玉屑\詩人玉屑__juan_17.txt,scrape_output\clean\宋朝\詩人玉屑\詩人玉屑__juan_17.txt,13290,13290,0
宋朝,180802,詩人玉屑,詩人玉屑/卷18,詩人玉屑,18,scrape_output\raw\宋朝\詩人玉屑\詩人玉屑__juan_18.txt,scrape_output\clean\宋朝\詩人玉屑\詩人玉屑__juan_18.txt,10261,10261,0
宋朝,180802,詩人玉屑,詩人玉屑/卷19,詩人玉屑,19,scrape_output\raw\宋朝\詩人玉屑\詩人玉屑__juan_19.txt,scrape_output\clean\宋朝\詩人玉屑\詩人玉屑__juan_19.txt,11876,11781,0
宋朝,180802,詩人玉屑,詩人玉屑/卷20,詩人玉屑,20,scrape_output\raw\宋朝\詩人玉屑\詩人玉屑__juan_20.txt,scrape_output\clean\宋朝\詩人玉屑\詩人玉屑__juan_20.txt,9270,9269,0
宋朝,180802,詩人玉屑,詩人玉屑/卷21,詩人玉屑,21,scrape_output\raw\宋朝\詩人玉屑\詩人玉屑__juan_21.txt,scrape_output\clean\宋朝\詩人玉屑\詩人玉屑__juan_21.txt,9361,9361,0
宋朝,112517,談藪,談藪,談藪,1,scrape_output\raw\宋朝\談藪\談藪__juan_01.txt,scrape_output\clean\宋朝\談藪\談藪__juan_01.txt,15193,15118,0
宋朝,1195420,請觀音經疏闡義鈔,請觀音經疏闡義鈔/卷001,請觀音經疏闡義鈔,1,scrape_output\raw\宋朝\請觀音經疏闡義鈔\請觀音經疏闡義鈔__juan_01.txt,scrape_output\clean\宋朝\請觀音經疏闡義鈔\請觀音經疏闡義鈔__juan_01.txt,10600,10600,0
宋朝,1195420,請觀音經疏闡義鈔,請觀音經疏闡義鈔/卷002,請觀音經疏闡義鈔,2,scrape_output\raw\宋朝\請觀音經疏闡義鈔\請觀音經疏闡義鈔__juan_02.txt,scrape_output\clean\宋朝\請觀音經疏闡義鈔\請觀音經疏闡義鈔__juan_02.txt,9094,9085,0
宋朝,1195420,請觀音經疏闡義鈔,請觀音經疏闡義鈔/卷003,請觀音經疏闡義鈔,3,scrape_output\raw\宋朝\請觀音經疏闡義鈔\請觀音經疏闡義鈔__juan_03.txt,scrape_output\clean\宋朝\請觀音經疏闡義鈔\請觀音經疏闡義鈔__juan_03.txt,13881,13838,0
宋朝,1195420,請觀音經疏闡義鈔,請觀音經疏闡義鈔/卷004,請觀音經疏闡義鈔,4,scrape_output\raw\宋朝\請觀音經疏闡義鈔\請觀音經疏闡義鈔__juan_04.txt,scrape_output\clean\宋朝\請觀音經疏闡義鈔\請觀音經疏闡義鈔__juan_04.txt,12093,12081,0
宋朝,1102794,請賓頭盧法,請賓頭盧法,請賓頭盧法,1,scrape_output\raw\宋朝\請賓頭盧法\請賓頭盧法__juan_01.txt,scrape_output\clean\宋朝\請賓頭盧法\請賓頭盧法__juan_01.txt,853,761,0
宋朝,345113,論包拯除三司使上書,論包拯除三司使上書,論包拯除三司使上書,1,scrape_output\raw\宋朝\論包拯除三司使上書\論包拯除三司使上書__juan_01.txt,scrape_output\clean\宋朝\論包拯除三司使上書\論包拯除三司使上書__juan_01.txt,1628,1584,0
宋朝,200434,論役法狀,論役法狀,論役法狀,1,scrape_output\raw\宋朝\論役法狀\論役法狀__juan_01.txt,scrape_output\clean\宋朝\論役法狀\論役法狀__juan_01.txt,1040,425,0
宋朝,200436,論散青苗不便乞住支狀,論散青苗不便乞住支狀,論散青苗不便乞住支狀,1,scrape_output\raw\宋朝\論散青苗不便乞住支狀\論散青苗不便乞住支狀__juan_01.txt,scrape_output\clean\宋朝\論散青苗不便乞住支狀\論散青苗不便乞住支狀__juan_01.txt,1287,672,0
宋朝,60910,論書 (蔡襄),論書 (蔡襄),論書 (蔡襄),1,scrape_output\raw\宋朝\論書 (蔡襄)\論書 (蔡襄)__juan_01.txt,scrape_output\clean\宋朝\論書 (蔡襄)\論書 (蔡襄)__juan_01.txt,1802,1694,0
宋朝,61732,論書 (蘇軾),論書 (蘇軾),論書 (蘇軾),1,scrape_output\raw\宋朝\論書 (蘇軾)\論書 (蘇軾)__juan_01.txt,scrape_output\clean\宋朝\論書 (蘇軾)\論書 (蘇軾)__juan_01.txt,4913,4857,0
宋朝,60946,論書 (黃庭堅),論書 (黃庭堅),論書 (黃庭堅),1,scrape_output\raw\宋朝\論書 (黃庭堅)\論書 (黃庭堅)__juan_01.txt,scrape_output\clean\宋朝\論書 (黃庭堅)\論書 (黃庭堅)__juan_01.txt,3829,3636,0
宋朝,345115,論水災疏 (歐陽修),論水災疏 (歐陽修),論水災疏 (歐陽修),1,scrape_output\raw\宋朝\論水災疏 (歐陽修)\論水災疏 (歐陽修)__juan_01.txt,scrape_output\clean\宋朝\論水災疏 (歐陽修)\論水災疏 (歐陽修)__juan_01.txt,1920,1876,0
宋朝,345117,論美人張氏恩寵宜加裁損劄子,論美人張氏恩寵宜加裁損劄子,論美人張氏恩寵宜加裁損劄子,1,scrape_output\raw\宋朝\論美人張氏恩寵宜加裁損劄子\論美人張氏恩寵宜加裁損劄子__juan_01.txt,scrape_output\clean\宋朝\論美人張氏恩寵宜加裁損劄子\論美人張氏恩寵宜加裁損劄子__juan_01.txt,702,658,0
宋朝,345112,論臺諫官言事未蒙聽允書,論臺諫官言事未蒙聽允書,論臺諫官言事未蒙聽允書,1,scrape_output\raw\宋朝\論臺諫官言事未蒙聽允書\論臺諫官言事未蒙聽允書__juan_01.txt,scrape_output\clean\宋朝\論臺諫官言事未蒙聽允書\論臺諫官言事未蒙聽允書__juan_01.txt,1577,1533,0
宋朝,345119,論葬荊王後贈燕王一行事劄子,論葬荊王後贈燕王一行事劄子,論葬荊王後贈燕王一行事劄子,1,scrape_output\raw\宋朝\論葬荊王後贈燕王一行事劄子\論葬荊王後贈燕王一行事劄子__juan_01.txt,scrape_output\clean\宋朝\論葬荊王後贈燕王一行事劄子\論葬荊王後贈燕王一行事劄子__juan_01.txt,538,494,0
宋朝,345118,論議濮安懿王典禮劄子,論議濮安懿王典禮劄子,論議濮安懿王典禮劄子,1,scrape_output\raw\宋朝\論議濮安懿王典禮劄子\論議濮安懿王典禮劄子__juan_01.txt,scrape_output\clean\宋朝\論議濮安懿王典禮劄子\論議濮安懿王典禮劄子__juan_01.txt,2130,2085,0
宋朝,345114,論選皇子疏,論選皇子疏,論選皇子疏,1,scrape_output\raw\宋朝\論選皇子疏\論選皇子疏__juan_01.txt,scrape_output\clean\宋朝\論選皇子疏\論選皇子疏__juan_01.txt,781,737,0
宋朝,200438,論青苗錢第三狀,論青苗錢第三狀,論青苗錢第三狀,1,scrape_output\raw\宋朝\論青苗錢第三狀\論青苗錢第三狀__juan_01.txt,scrape_output\clean\宋朝\論青苗錢第三狀\論青苗錢第三狀__juan_01.txt,1325,837,0
宋朝,200437,論青苗錢第二狀,論青苗錢第二狀,論青苗錢第二狀,1,scrape_output\raw\宋朝\論青苗錢第二狀\論青苗錢第二狀__juan_01.txt,scrape_output\clean\宋朝\論青苗錢第二狀\論青苗錢第二狀__juan_01.txt,1071,456,0
宋朝,200440,論青苗錢第五狀,論青苗錢第五狀,論青苗錢第五狀,1,scrape_output\raw\宋朝\論青苗錢第五狀\論青苗錢第五狀__juan_01.txt,scrape_output\clean\宋朝\論青苗錢第五狀\論青苗錢第五狀__juan_01.txt,1028,413,0
宋朝,200439,論青苗錢第四狀,論青苗錢第四狀,論青苗錢第四狀,1,scrape_output\raw\宋朝\論青苗錢第四狀\論青苗錢第四狀__juan_01.txt,scrape_output\clean\宋朝\論青苗錢第四狀\論青苗錢第四狀__juan_01.txt,1537,922,0
宋朝,813894,諧史,諧史,諧史,1,scrape_output\raw\宋朝\諧史\諧史__juan_01.txt,scrape_output\clean\宋朝\諧史\諧史__juan_01.txt,799,746,0
宋朝,1113167,諸教決定名義論,諸教決定名義論,諸教決定名義論,1,scrape_output\raw\宋朝\諸教決定名義論\諸教決定名義論__juan_01.txt,scrape_output\clean\宋朝\諸教決定名義論\諸教決定名義論__juan_01.txt,2070,1844,0
宋朝,32636,諸暨道中作,諸暨道中作,諸暨道中作,1,scrape_output\raw\宋朝\諸暨道中作\諸暨道中作__juan_01.txt,scrape_output\clean\宋朝\諸暨道中作\諸暨道中作__juan_01.txt,113,69,0
宋朝,762888,諸病主病詩,諸病主病詩,諸病主病詩,1,scrape_output\raw\宋朝\諸病主病詩\諸病主病詩__juan_01.txt,scrape_output\clean\宋朝\諸病主病詩\諸病主病詩__juan_01.txt,9013,8958,0
宋朝,31632,謁孔先生,謁孔先生,謁孔先生,1,scrape_output\raw\宋朝\謁孔先生\謁孔先生__juan_01.txt,scrape_output\clean\宋朝\謁孔先生\謁孔先生__juan_01.txt,181,135,0
宋朝,29495,謁李太白祠,謁李太白祠,謁李太白祠,1,scrape_output\raw\宋朝\謁李太白祠\謁李太白祠__juan_01.txt,scrape_output\clean\宋朝\謁李太白祠\謁李太白祠__juan_01.txt,245,201,0
宋朝,180017,謁金門 (朱淑真),謁金門 (朱淑真),謁金門 (朱淑真),1,scrape_output\raw\宋朝\謁金門 (朱淑真)\謁金門 (朱淑真)__juan_01.txt,scrape_output\clean\宋朝\謁金門 (朱淑真)\謁金門 (朱淑真)__juan_01.txt,147,55,0
宋朝,876351,謝傅尚書惠茶啓,謝傅尚書惠茶啓,謝傅尚書惠茶啓,1,scrape_output\raw\宋朝\謝傅尚書惠茶啓\謝傅尚書惠茶啓__juan_01.txt,scrape_output\clean\宋朝\謝傅尚書惠茶啓\謝傅尚書惠茶啓__juan_01.txt,143,99,0
宋朝,179131,謝唐德明惠笋,謝唐德明惠笋,謝唐德明惠笋,1,scrape_output\raw\宋朝\謝唐德明惠笋\謝唐德明惠笋__juan_01.txt,scrape_output\clean\宋朝\謝唐德明惠笋\謝唐德明惠笋__juan_01.txt,167,123,0
宋朝,179250,謝趙茂甫惠浙曹中筆蜀越薄牋二首,謝趙茂甫惠浙曹中筆蜀越薄牋二首,謝趙茂甫惠浙曹中筆蜀越薄牋二首,1,scrape_output\raw\宋朝\謝趙茂甫惠浙曹中筆蜀越薄牋二首\謝趙茂甫惠浙曹中筆蜀越薄牋二首__juan_01.txt,scrape_output\clean\宋朝\謝趙茂甫惠浙曹中筆蜀越薄牋二首\謝趙茂甫惠浙曹中筆蜀越薄牋二首__juan_01.txt,155,110,0
宋朝,179254,謝趙茂甫惠浙曹中筆蜀越薄牋二首 (公子平生無長物),謝趙茂甫惠浙曹中筆蜀越薄牋二首 (公子平生無長物),謝趙茂甫惠浙曹中筆蜀越薄牋二首 (公子平生無長物),1,scrape_output\raw\宋朝\謝趙茂甫惠浙曹中筆蜀越薄牋二首 (公子平生無長物)\謝趙茂甫惠浙曹中筆蜀越薄牋二首 (公子平生無長物)__juan_01.txt,scrape_output\clean\宋朝\謝趙茂甫惠浙曹中筆蜀越薄牋二首 (公子平生無長物)\謝趙茂甫惠浙曹中筆蜀越薄牋二首 (公子平生無長物)__juan_01.txt,113,69,0
宋朝,179255,謝趙茂甫惠浙曹中筆蜀越薄牋二首 (百楮先生十兔尖),謝趙茂甫惠浙曹中筆蜀越薄牋二首 (百楮先生十兔尖),謝趙茂甫惠浙曹中筆蜀越薄牋二首 (百楮先生十兔尖),1,scrape_output\raw\宋朝\謝趙茂甫惠浙曹中筆蜀越薄牋二首 (百楮先生十兔尖)\謝趙茂甫惠浙曹中筆蜀越薄牋二首 (百楮先生十兔尖)__juan_01.txt,scrape_output\clean\宋朝\謝趙茂甫惠浙曹中筆蜀越薄牋二首 (百楮先生十兔尖)\謝趙茂甫惠浙曹中筆蜀越薄牋二首 (百楮先生十兔尖)__juan_01.txt,113,68,0
宋朝,770132,證類本草,證類本草/1,證類本草,1,scrape_output\raw\宋朝\證類本草\證類本草__juan_01.txt,scrape_output\clean\宋朝\證類本草\證類本草__juan_01.txt,30568,30378,0
宋朝,770132,證類本草,證類本草/10,證類本草,2,scrape_output\raw\宋朝\證類本草\證類本草__juan_02.txt,scrape_output\clean\宋朝\證類本草\證類本草__juan_02.txt,33926,33420,0
宋朝,770132,證類本草,證類本草/11,證類本草,3,scrape_output\raw\宋朝\證類本草\證類本草__juan_03.txt,scrape_output\clean\宋朝\證類本草\證類本草__juan_03.txt,42547,41910,0
宋朝,770132,證類本草,證類本草/12,證類本草,4,scrape_output\raw\宋朝\證類本草\證類本草__juan_04.txt,scrape_output\clean\宋朝\證類本草\證類本草__juan_04.txt,45727,45172,0
宋朝,770132,證類本草,證類本草/13,證類本草,5,scrape_output\raw\宋朝\證類本草\證類本草__juan_05.txt,scrape_output\clean\宋朝\證類本草\證類本草__juan_05.txt,38556,37901,0
宋朝,770132,證類本草,證類本草/14,證類本草,6,scrape_output\raw\宋朝\證類本草\證類本草__juan_06.txt,scrape_output\clean\宋朝\證類本草\證類本草__juan_06.txt,39387,38746,0
宋朝,770132,證類本草,證類本草/15,證類本草,7,scrape_output\raw\宋朝\證類本草\證類本草__juan_07.txt,scrape_output\clean\宋朝\證類本草\證類本草__juan_07.txt,6520,6422,0
宋朝,770132,證類本草,證類本草/16,證類本草,8,scrape_output\raw\宋朝\證類本草\證類本草__juan_08.txt,scrape_output\clean\宋朝\證類本草\證類本草__juan_08.txt,12584,12390,0
宋朝,770132,證類本草,證類本草/17,證類本草,9,scrape_output\raw\宋朝\證類本草\證類本草__juan_09.txt,scrape_output\clean\宋朝\證類本草\證類本草__juan_09.txt,26725,26320,0
宋朝,770132,證類本草,證類本草/18,證類本草,10,scrape_output\raw\宋朝\證類本草\證類本草__juan_10.txt,scrape_output\clean\宋朝\證類本草\證類本草__juan_10.txt,14847,14596,0
宋朝,770132,證類本草,證類本草/19,證類本草,11,scrape_output\raw\宋朝\證類本草\證類本草__juan_11.txt,scrape_output\clean\宋朝\證類本草\證類本草__juan_11.txt,19780,19433,0
宋朝,770132,證類本草,證類本草/2,證類本草,12,scrape_output\raw\宋朝\證類本草\證類本草__juan_12.txt,scrape_output\clean\宋朝\證類本草\證類本草__juan_12.txt,28468,28250,0
宋朝,770132,證類本草,證類本草/20,證類本草,13,scrape_output\raw\宋朝\證類本草\證類本草__juan_13.txt,scrape_output\clean\宋朝\證類本草\證類本草__juan_13.txt,22114,21781,0
宋朝,770132,證類本草,證類本草/21,證類本草,14,scrape_output\raw\宋朝\證類本草\證類本草__juan_14.txt,scrape_output\clean\宋朝\證類本草\證類本草__juan_14.txt,24772,24299,0
宋朝,770132,證類本草,證類本草/22,證類本草,15,scrape_output\raw\宋朝\證類本草\證類本草__juan_15.txt,scrape_output\clean\宋朝\證類本草\證類本草__juan_15.txt,34113,33672,0
宋朝,770132,證類本草,證類本草/23,證類本草,16,scrape_output\raw\宋朝\證類本草\證類本草__juan_16.txt,scrape_output\clean\宋朝\證類本草\證類本草__juan_16.txt,37307,36732,0
宋朝,770132,證類本草,證類本草/24,證類本草,17,scrape_output\raw\宋朝\證類本草\證類本草__juan_17.txt,scrape_output\clean\宋朝\證類本草\證類本草__juan_17.txt,7601,7472,0
宋朝,770132,證類本草,證類本草/25,證類本草,18,scrape_output\raw\宋朝\證類本草\證類本草__juan_18.txt,scrape_output\clean\宋朝\證類本草\證類本草__juan_18.txt,16169,15865,0
宋朝,770132,證類本草,證類本草/26,證類本草,19,scrape_output\raw\宋朝\證類本草\證類本草__juan_19.txt,scrape_output\clean\宋朝\證類本草\證類本草__juan_19.txt,7072,6912,0
宋朝,770132,證類本草,證類本草/27,證類本草,20,scrape_output\raw\宋朝\證類本草\證類本草__juan_20.txt,scrape_output\clean\宋朝\證類本草\證類本草__juan_20.txt,17630,17327,0
宋朝,770132,證類本草,證類本草/28,證類本草,21,scrape_output\raw\宋朝\證類本草\證類本草__juan_21.txt,scrape_output\clean\宋朝\證類本草\證類本草__juan_21.txt,12039,11795,0
宋朝,770132,證類本草,證類本草/29,證類本草,22,scrape_output\raw\宋朝\證類本草\證類本草__juan_22.txt,scrape_output\clean\宋朝\證類本草\證類本草__juan_22.txt,10937,10728,0
宋朝,770132,證類本草,證類本草/3,證類本草,23,scrape_output\raw\宋朝\證類本草\證類本草__juan_23.txt,scrape_output\clean\宋朝\證類本草\證類本草__juan_23.txt,36466,36006,0
宋朝,770132,證類本草,證類本草/30,證類本草,24,scrape_output\raw\宋朝\證類本草\證類本草__juan_24.txt,scrape_output\clean\宋朝\證類本草\證類本草__juan_24.txt,21300,21041,0
宋朝,770132,證類本草,證類本草/4,證類本草,25,scrape_output\raw\宋朝\證類本草\證類本草__juan_25.txt,scrape_output\clean\宋朝\證類本草\證類本草__juan_25.txt,33616,33162,0
宋朝,770132,證類本草,證類本草/5,證類本草,26,scrape_output\raw\宋朝\證類本草\證類本草__juan_26.txt,scrape_output\clean\宋朝\證類本草\證類本草__juan_26.txt,31389,30898,0
宋朝,770132,證類本草,證類本草/6,證類本草,27,scrape_output\raw\宋朝\證類本草\證類本草__juan_27.txt,scrape_output\clean\宋朝\證類本草\證類本草__juan_27.txt,48978,48269,0
宋朝,770132,證類本草,證類本草/7,證類本草,28,scrape_output\raw\宋朝\證類本草\證類本草__juan_28.txt,scrape_output\clean\宋朝\證類本草\證類本草__juan_28.txt,34139,33614,0
宋朝,770132,證類本草,證類本草/8,證類本草,29,scrape_output\raw\宋朝\證類本草\證類本草__juan_29.txt,scrape_output\clean\宋朝\證類本草\證類本草__juan_29.txt,36724,36119,0
宋朝,770132,證類本草,證類本草/9,證類本草,30,scrape_output\raw\宋朝\證類本草\證類本草__juan_30.txt,scrape_output\clean\宋朝\證類本草\證類本草__juan_30.txt,39651,39059,0
宋朝,195630,識遺,識遺/卷一,識遺,1,scrape_output\raw\宋朝\識遺\識遺__juan_01.txt,scrape_output\clean\宋朝\識遺\識遺__juan_01.txt,1376,1331,0
宋朝,195630,識遺,識遺/卷二,識遺,2,scrape_output\raw\宋朝\識遺\識遺__juan_02.txt,scrape_output\clean\宋朝\識遺\識遺__juan_02.txt,0,0,1
宋朝,195630,識遺,識遺/卷三,識遺,3,scrape_output\raw\宋朝\識遺\識遺__juan_03.txt,scrape_output\clean\宋朝\識遺\識遺__juan_03.txt,0,0,1
宋朝,195630,識遺,識遺/卷四,識遺,4,scrape_output\raw\宋朝\識遺\識遺__juan_04.txt,scrape_output\clean\宋朝\識遺\識遺__juan_04.txt,0,0,1
宋朝,195630,識遺,識遺/卷五,識遺,5,scrape_output\raw\宋朝\識遺\識遺__juan_05.txt,scrape_output\clean\宋朝\識遺\識遺__juan_05.txt,0,0,1
宋朝,195630,識遺,識遺/卷六,識遺,6,scrape_output\raw\宋朝\識遺\識遺__juan_06.txt,scrape_output\clean\宋朝\識遺\識遺__juan_06.txt,0,0,1
宋朝,195630,識遺,識遺/卷七,識遺,7,scrape_output\raw\宋朝\識遺\識遺__juan_07.txt,scrape_output\clean\宋朝\識遺\識遺__juan_07.txt,160,158,0
宋朝,195630,識遺,識遺/卷八,識遺,8,scrape_output\raw\宋朝\識遺\識遺__juan_08.txt,scrape_output\clean\宋朝\識遺\識遺__juan_08.txt,0,0,1
宋朝,195630,識遺,識遺/卷九,識遺,9,scrape_output\raw\宋朝\識遺\識遺__juan_09.txt,scrape_output\clean\宋朝\識遺\識遺__juan_09.txt,0,0,1
宋朝,195630,識遺,識遺/卷十,識遺,10,scrape_output\raw\宋朝\識遺\識遺__juan_10.txt,scrape_output\clean\宋朝\識遺\識遺__juan_10.txt,0,0,1
宋朝,889450,議水,議水,議水,1,scrape_output\raw\宋朝\議水\議水__juan_01.txt,scrape_output\clean\宋朝\議水\議水__juan_01.txt,681,637,0
宋朝,178142,護國經,護國經,護國經,1,scrape_output\raw\宋朝\護國經\護國經__juan_01.txt,scrape_output\clean\宋朝\護國經\護國經__juan_01.txt,4900,4900,0
宋朝,35655,讀史 (范成大),讀史 (范成大),讀史 (范成大),1,scrape_output\raw\宋朝\讀史 (范成大)\讀史 (范成大)__juan_01.txt,scrape_output\clean\宋朝\讀史 (范成大)\讀史 (范成大)__juan_01.txt,301,243,0
宋朝,29661,讀嚴子陵傳,讀嚴子陵傳,讀嚴子陵傳,1,scrape_output\raw\宋朝\讀嚴子陵傳\讀嚴子陵傳__juan_01.txt,scrape_output\clean\宋朝\讀嚴子陵傳\讀嚴子陵傳__juan_01.txt,126,34,0
宋朝,179164,讀罪己詔,讀罪己詔,讀罪己詔,1,scrape_output\raw\宋朝\讀罪己詔\讀罪己詔__juan_01.txt,scrape_output\clean\宋朝\讀罪己詔\讀罪己詔__juan_01.txt,279,231,0
宋朝,179166,讀罪己詔 (亂起吾降日),讀罪己詔 (亂起吾降日),讀罪己詔 (亂起吾降日),1,scrape_output\raw\宋朝\讀罪己詔 (亂起吾降日)\讀罪己詔 (亂起吾降日)__juan_01.txt,scrape_output\clean\宋朝\讀罪己詔 (亂起吾降日)\讀罪己詔 (亂起吾降日)__juan_01.txt,141,95,0
宋朝,179167,讀罪己詔 (只道六朝窄),讀罪己詔 (只道六朝窄),讀罪己詔 (只道六朝窄),1,scrape_output\raw\宋朝\讀罪己詔 (只道六朝窄)\讀罪己詔 (只道六朝窄)__juan_01.txt,scrape_output\clean\宋朝\讀罪己詔 (只道六朝窄)\讀罪己詔 (只道六朝窄)__juan_01.txt,133,89,0
宋朝,179165,讀罪己詔 (莫讀輪臺詔),讀罪己詔 (莫讀輪臺詔),讀罪己詔 (莫讀輪臺詔),1,scrape_output\raw\宋朝\讀罪己詔 (莫讀輪臺詔)\讀罪己詔 (莫讀輪臺詔)__juan_01.txt,scrape_output\clean\宋朝\讀罪己詔 (莫讀輪臺詔)\讀罪己詔 (莫讀輪臺詔)__juan_01.txt,150,104,0
宋朝,1113148,讚法界頌,讚法界頌,讚法界頌,1,scrape_output\raw\宋朝\讚法界頌\讚法界頌__juan_01.txt,scrape_output\clean\宋朝\讚法界頌\讚法界頌__juan_01.txt,2752,2660,0
宋朝,1125307,讚阿彌陀佛偈,讚阿彌陀佛偈,讚阿彌陀佛偈,1,scrape_output\raw\宋朝\讚阿彌陀佛偈\讚阿彌陀佛偈__juan_01.txt,scrape_output\clean\宋朝\讚阿彌陀佛偈\讚阿彌陀佛偈__juan_01.txt,169,125,0
宋朝,805348,豐樂亭遊春,豐樂亭遊春,豐樂亭遊春,1,scrape_output\raw\宋朝\豐樂亭遊春\豐樂亭遊春__juan_01.txt,scrape_output\clean\宋朝\豐樂亭遊春\豐樂亭遊春__juan_01.txt,113,69,0
宋朝,29679,貞女峽 (歐陽經),貞女峽 (歐陽經),貞女峽 (歐陽經),1,scrape_output\raw\宋朝\貞女峽 (歐陽經)\貞女峽 (歐陽經)__juan_01.txt,scrape_output\clean\宋朝\貞女峽 (歐陽經)\貞女峽 (歐陽經)__juan_01.txt,113,69,0
宋朝,179115,負丞零陵更盡而代者未至家君携老幼先歸追送出城正值泥雨萬感驟集,負丞零陵更盡而代者未至家君携老幼先歸追送出城正值泥雨萬感驟集,負丞零陵更盡而代者未至家君携老幼先歸追送出城正值泥雨萬感驟集,1,scrape_output\raw\宋朝\負丞零陵更盡而代者未至家君携老幼先歸追送出城正值泥雨萬感驟集\負丞零陵更盡而代者未至家君携老幼先歸追送出城正值泥雨萬感驟集__juan_01.txt,scrape_output\clean\宋朝\負丞零陵更盡而代者未至家君携老幼先歸追送出城正值泥雨萬感驟集\負丞零陵更盡而代者未至家君携老幼先歸追送出城正值泥雨萬感驟集__juan_01.txt,185,141,0
宋朝,112742,貴妃閤春帖子 (李清照),貴妃閤春帖子 (李清照),貴妃閤春帖子 (李清照),1,scrape_output\raw\宋朝\貴妃閤春帖子 (李清照)\貴妃閤春帖子 (李清照)__juan_01.txt,scrape_output\clean\宋朝\貴妃閤春帖子 (李清照)\貴妃閤春帖子 (李清照)__juan_01.txt,118,26,0
宋朝,112755,賀人孿生啓 (李清照),賀人孿生啓 (李清照),賀人孿生啓 (李清照),1,scrape_output\raw\宋朝\賀人孿生啓 (李清照)\賀人孿生啓 (李清照)__juan_01.txt,scrape_output\clean\宋朝\賀人孿生啓 (李清照)\賀人孿生啓 (李清照)__juan_01.txt,134,42,0
宋朝,1171939,賀新郎 (蔣捷),賀新郎 (蔣捷),賀新郎 (蔣捷),1,scrape_output\raw\宋朝\賀新郎 (蔣捷)\賀新郎 (蔣捷)__juan_01.txt,scrape_output\clean\宋朝\賀新郎 (蔣捷)\賀新郎 (蔣捷)__juan_01.txt,208,144,0
宋朝,24268,賀新郎 (辛棄疾),賀新郎 (辛棄疾),賀新郎 (辛棄疾),1,scrape_output\raw\宋朝\賀新郎 (辛棄疾)\賀新郎 (辛棄疾)__juan_01.txt,scrape_output\clean\宋朝\賀新郎 (辛棄疾)\賀新郎 (辛棄疾)__juan_01.txt,1859,1798,0
宋朝,1113149,賓頭盧突羅闍為優陀延王說法經,賓頭盧突羅闍為優陀延王說法經,賓頭盧突羅闍為優陀延王說法經,1,scrape_output\raw\宋朝\賓頭盧突羅闍為優陀延王說法經\賓頭盧突羅闍為優陀延王說法經__juan_01.txt,scrape_output\clean\宋朝\賓頭盧突羅闍為優陀延王說法經\賓頭盧突羅闍為優陀延王說法經__juan_01.txt,4273,4181,0
宋朝,272973,賞南枝(暮冬天地閉),賞南枝(暮冬天地閉),賞南枝(暮冬天地閉),1,scrape_output\raw\宋朝\賞南枝(暮冬天地閉)\賞南枝(暮冬天地閉)__juan_01.txt,scrape_output\clean\宋朝\賞南枝(暮冬天地閉)\賞南枝(暮冬天地閉)__juan_01.txt,147,147,0
宋朝,35669,賞心亭再題,賞心亭再題,賞心亭再題,1,scrape_output\raw\宋朝\賞心亭再題\賞心亭再題__juan_01.txt,scrape_output\clean\宋朝\賞心亭再題\賞心亭再題__juan_01.txt,136,89,0
宋朝,33021,賞李吟,賞李吟,賞李吟,1,scrape_output\raw\宋朝\賞李吟\賞李吟__juan_01.txt,scrape_output\clean\宋朝\賞李吟\賞李吟__juan_01.txt,113,69,0
宋朝,875574,賢聖集伽陀一百頌,賢聖集伽陀一百頌,賢聖集伽陀一百頌,1,scrape_output\raw\宋朝\賢聖集伽陀一百頌\賢聖集伽陀一百頌__juan_01.txt,scrape_output\clean\宋朝\賢聖集伽陀一百頌\賢聖集伽陀一百頌__juan_01.txt,3356,3264,0
宋朝,796179,贈別幾復,贈別幾復,贈別幾復,1,scrape_output\raw\宋朝\贈別幾復\贈別幾復__juan_01.txt,scrape_output\clean\宋朝\贈別幾復\贈別幾復__juan_01.txt,149,105,0
宋朝,29683,贈劉九思山人,贈劉九思山人,贈劉九思山人,1,scrape_output\raw\宋朝\贈劉九思山人\贈劉九思山人__juan_01.txt,scrape_output\clean\宋朝\贈劉九思山人\贈劉九思山人__juan_01.txt,285,239,0
宋朝,200967,贈吳正仲,贈吳正仲,贈吳正仲,1,scrape_output\raw\宋朝\贈吳正仲\贈吳正仲__juan_01.txt,scrape_output\clean\宋朝\贈吳正仲\贈吳正仲__juan_01.txt,122,30,0
宋朝,47357,贈山翁,贈山翁,贈山翁,1,scrape_output\raw\宋朝\贈山翁\贈山翁__juan_01.txt,scrape_output\clean\宋朝\贈山翁\贈山翁__juan_01.txt,133,89,0
宋朝,47359,贈張乖崖,贈張乖崖,贈張乖崖,1,scrape_output\raw\宋朝\贈張乖崖\贈張乖崖__juan_01.txt,scrape_output\clean\宋朝\贈張乖崖\贈張乖崖__juan_01.txt,113,69,0
宋朝,112116,贈樊秀才,贈樊秀才,贈樊秀才,1,scrape_output\raw\宋朝\贈樊秀才\贈樊秀才__juan_01.txt,scrape_output\clean\宋朝\贈樊秀才\贈樊秀才__juan_01.txt,328,236,0
宋朝,179251,贈相士蓑衣道人杜需二首,贈相士蓑衣道人杜需二首,贈相士蓑衣道人杜需二首,1,scrape_output\raw\宋朝\贈相士蓑衣道人杜需二首\贈相士蓑衣道人杜需二首__juan_01.txt,scrape_output\clean\宋朝\贈相士蓑衣道人杜需二首\贈相士蓑衣道人杜需二首__juan_01.txt,155,111,0
宋朝,179252,贈相士蓑衣道人杜需二首 (坐來小歇過眉拄),贈相士蓑衣道人杜需二首 (坐來小歇過眉拄),贈相士蓑衣道人杜需二首 (坐來小歇過眉拄),1,scrape_output\raw\宋朝\贈相士蓑衣道人杜需二首 (坐來小歇過眉拄)\贈相士蓑衣道人杜需二首 (坐來小歇過眉拄)__juan_01.txt,scrape_output\clean\宋朝\贈相士蓑衣道人杜需二首 (坐來小歇過眉拄)\贈相士蓑衣道人杜需二首 (坐來小歇過眉拄)__juan_01.txt,113,69,0
宋朝,179253,贈相士蓑衣道人杜需二首 (與子生疎有底仇),贈相士蓑衣道人杜需二首 (與子生疎有底仇),贈相士蓑衣道人杜需二首 (與子生疎有底仇),1,scrape_output\raw\宋朝\贈相士蓑衣道人杜需二首 (與子生疎有底仇)\贈相士蓑衣道人杜需二首 (與子生疎有底仇)__juan_01.txt,scrape_output\clean\宋朝\贈相士蓑衣道人杜需二首 (與子生疎有底仇)\贈相士蓑衣道人杜需二首 (與子生疎有底仇)__juan_01.txt,113,69,0
宋朝,1036122,贈神童林公滋公澤女神童幼玉,贈神童林公滋公澤女神童幼玉,贈神童林公滋公澤女神童幼玉,1,scrape_output\raw\宋朝\贈神童林公滋公澤女神童幼玉\贈神童林公滋公澤女神童幼玉__juan_01.txt,scrape_output\clean\宋朝\贈神童林公滋公澤女神童幼玉\贈神童林公滋公澤女神童幼玉__juan_01.txt,149,105,0
宋朝,179085,贈蜀中相士范思齊往全州見萬先之教授,贈蜀中相士范思齊往全州見萬先之教授,贈蜀中相士范思齊往全州見萬先之教授,1,scrape_output\raw\宋朝\贈蜀中相士范思齊往全州見萬先之教授\贈蜀中相士范思齊往全州見萬先之教授__juan_01.txt,scrape_output\clean\宋朝\贈蜀中相士范思齊往全州見萬先之教授\贈蜀中相士范思齊往全州見萬先之教授__juan_01.txt,185,141,0
宋朝,889335,贈隱者 (余闕),贈隱者 (余闕),贈隱者 (余闕),1,scrape_output\raw\宋朝\贈隱者 (余闕)\贈隱者 (余闕)__juan_01.txt,scrape_output\clean\宋朝\贈隱者 (余闕)\贈隱者 (余闕)__juan_01.txt,133,89,0
宋朝,889328,贈隱者 (劉鎮),贈隱者 (劉鎮),贈隱者 (劉鎮),1,scrape_output\raw\宋朝\贈隱者 (劉鎮)\贈隱者 (劉鎮)__juan_01.txt,scrape_output\clean\宋朝\贈隱者 (劉鎮)\贈隱者 (劉鎮)__juan_01.txt,133,89,0
宋朝,889329,贈隱者 (吳惟信),贈隱者 (吳惟信),贈隱者 (吳惟信),1,scrape_output\raw\宋朝\贈隱者 (吳惟信)\贈隱者 (吳惟信)__juan_01.txt,scrape_output\clean\宋朝\贈隱者 (吳惟信)\贈隱者 (吳惟信)__juan_01.txt,149,104,0
宋朝,889333,贈隱者 (周文璞),贈隱者 (周文璞),贈隱者 (周文璞),1,scrape_output\raw\宋朝\贈隱者 (周文璞)\贈隱者 (周文璞)__juan_01.txt,scrape_output\clean\宋朝\贈隱者 (周文璞)\贈隱者 (周文璞)__juan_01.txt,155,109,0
宋朝,889330,贈隱者 (宋自遜),贈隱者 (宋自遜),贈隱者 (宋自遜),1,scrape_output\raw\宋朝\贈隱者 (宋自遜)\贈隱者 (宋自遜)__juan_01.txt,scrape_output\clean\宋朝\贈隱者 (宋自遜)\贈隱者 (宋自遜)__juan_01.txt,149,105,0
宋朝,889332,贈隱者 (歐陽修),贈隱者 (歐陽修),贈隱者 (歐陽修),1,scrape_output\raw\宋朝\贈隱者 (歐陽修)\贈隱者 (歐陽修)__juan_01.txt,scrape_output\clean\宋朝\贈隱者 (歐陽修)\贈隱者 (歐陽修)__juan_01.txt,149,105,0
宋朝,889334,贈隱者 (蒲壽宬),贈隱者 (蒲壽宬),贈隱者 (蒲壽宬),1,scrape_output\raw\宋朝\贈隱者 (蒲壽宬)\贈隱者 (蒲壽宬)__juan_01.txt,scrape_output\clean\宋朝\贈隱者 (蒲壽宬)\贈隱者 (蒲壽宬)__juan_01.txt,133,89,0
宋朝,889331,贈隱者二首 (陸游),贈隱者二首 (陸游),贈隱者二首 (陸游),1,scrape_output\raw\宋朝\贈隱者二首 (陸游)\贈隱者二首 (陸游)__juan_01.txt,scrape_output\clean\宋朝\贈隱者二首 (陸游)\贈隱者二首 (陸游)__juan_01.txt,197,153,0
宋朝,1092491,质子,质子,质子,1,scrape_output\raw\宋朝\质子\质子__juan_01.txt,scrape_output\clean\宋朝\质子\质子__juan_01.txt,113,69,0
宋朝,1196767,起信論疏筆削記,起信論疏筆削記/卷001,起信論疏筆削記,1,scrape_output\raw\宋朝\起信論疏筆削記\起信論疏筆削記__juan_01.txt,scrape_output\clean\宋朝\起信論疏筆削記\起信論疏筆削記__juan_01.txt,10067,10058,0
宋朝,1196767,起信論疏筆削記,起信論疏筆削記/卷002,起信論疏筆削記,2,scrape_output\raw\宋朝\起信論疏筆削記\起信論疏筆削記__juan_02.txt,scrape_output\clean\宋朝\起信論疏筆削記\起信論疏筆削記__juan_02.txt,8959,8937,0
宋朝,1196767,起信論疏筆削記,起信論疏筆削記/卷003,起信論疏筆削記,3,scrape_output\raw\宋朝\起信論疏筆削記\起信論疏筆削記__juan_03.txt,scrape_output\clean\宋朝\起信論疏筆削記\起信論疏筆削記__juan_03.txt,9748,9730,0
宋朝,1196767,起信論疏筆削記,起信論疏筆削記/卷004,起信論疏筆削記,4,scrape_output\raw\宋朝\起信論疏筆削記\起信論疏筆削記__juan_04.txt,scrape_output\clean\宋朝\起信論疏筆削記\起信論疏筆削記__juan_04.txt,8155,8130,0
宋朝,1196767,起信論疏筆削記,起信論疏筆削記/卷005,起信論疏筆削記,5,scrape_output\raw\宋朝\起信論疏筆削記\起信論疏筆削記__juan_05.txt,scrape_output\clean\宋朝\起信論疏筆削記\起信論疏筆削記__juan_05.txt,9868,9852,0
宋朝,1196767,起信論疏筆削記,起信論疏筆削記/卷006,起信論疏筆削記,6,scrape_output\raw\宋朝\起信論疏筆削記\起信論疏筆削記__juan_06.txt,scrape_output\clean\宋朝\起信論疏筆削記\起信論疏筆削記__juan_06.txt,9890,9880,0
宋朝,1196767,起信論疏筆削記,起信論疏筆削記/卷007,起信論疏筆削記,7,scrape_output\raw\宋朝\起信論疏筆削記\起信論疏筆削記__juan_07.txt,scrape_output\clean\宋朝\起信論疏筆削記\起信論疏筆削記__juan_07.txt,8514,8506,0
宋朝,1196767,起信論疏筆削記,起信論疏筆削記/卷008,起信論疏筆削記,8,scrape_output\raw\宋朝\起信論疏筆削記\起信論疏筆削記__juan_08.txt,scrape_output\clean\宋朝\起信論疏筆削記\起信論疏筆削記__juan_08.txt,9173,9159,0
宋朝,1196767,起信論疏筆削記,起信論疏筆削記/卷009,起信論疏筆削記,9,scrape_output\raw\宋朝\起信論疏筆削記\起信論疏筆削記__juan_09.txt,scrape_output\clean\宋朝\起信論疏筆削記\起信論疏筆削記__juan_09.txt,9305,9241,0
宋朝,1196767,起信論疏筆削記,起信論疏筆削記/卷010,起信論疏筆削記,10,scrape_output\raw\宋朝\起信論疏筆削記\起信論疏筆削記__juan_10.txt,scrape_output\clean\宋朝\起信論疏筆削記\起信論疏筆削記__juan_10.txt,8362,8358,0
宋朝,1196767,起信論疏筆削記,起信論疏筆削記/卷011,起信論疏筆削記,11,scrape_output\raw\宋朝\起信論疏筆削記\起信論疏筆削記__juan_11.txt,scrape_output\clean\宋朝\起信論疏筆削記\起信論疏筆削記__juan_11.txt,9253,9239,0
宋朝,1196767,起信論疏筆削記,起信論疏筆削記/卷012,起信論疏筆削記,12,scrape_output\raw\宋朝\起信論疏筆削記\起信論疏筆削記__juan_12.txt,scrape_output\clean\宋朝\起信論疏筆削記\起信論疏筆削記__juan_12.txt,8556,8550,0
宋朝,1196767,起信論疏筆削記,起信論疏筆削記/卷013,起信論疏筆削記,13,scrape_output\raw\宋朝\起信論疏筆削記\起信論疏筆削記__juan_13.txt,scrape_output\clean\宋朝\起信論疏筆削記\起信論疏筆削記__juan_13.txt,9417,9411,0
宋朝,1196767,起信論疏筆削記,起信論疏筆削記/卷014,起信論疏筆削記,14,scrape_output\raw\宋朝\起信論疏筆削記\起信論疏筆削記__juan_14.txt,scrape_output\clean\宋朝\起信論疏筆削記\起信論疏筆削記__juan_14.txt,9829,9825,0
宋朝,1196767,起信論疏筆削記,起信論疏筆削記/卷015,起信論疏筆削記,15,scrape_output\raw\宋朝\起信論疏筆削記\起信論疏筆削記__juan_15.txt,scrape_output\clean\宋朝\起信論疏筆削記\起信論疏筆削記__juan_15.txt,9160,9158,0
宋朝,1196767,起信論疏筆削記,起信論疏筆削記/卷016,起信論疏筆削記,16,scrape_output\raw\宋朝\起信論疏筆削記\起信論疏筆削記__juan_16.txt,scrape_output\clean\宋朝\起信論疏筆削記\起信論疏筆削記__juan_16.txt,9592,9534,0
宋朝,1196767,起信論疏筆削記,起信論疏筆削記/卷017,起信論疏筆削記,17,scrape_output\raw\宋朝\起信論疏筆削記\起信論疏筆削記__juan_17.txt,scrape_output\clean\宋朝\起信論疏筆削記\起信論疏筆削記__juan_17.txt,8846,8836,0
宋朝,1196767,起信論疏筆削記,起信論疏筆削記/卷018,起信論疏筆削記,18,scrape_output\raw\宋朝\起信論疏筆削記\起信論疏筆削記__juan_18.txt,scrape_output\clean\宋朝\起信論疏筆削記\起信論疏筆削記__juan_18.txt,8397,8387,0
宋朝,1196767,起信論疏筆削記,起信論疏筆削記/卷019,起信論疏筆削記,19,scrape_output\raw\宋朝\起信論疏筆削記\起信論疏筆削記__juan_19.txt,scrape_output\clean\宋朝\起信論疏筆削記\起信論疏筆削記__juan_19.txt,9506,9500,0
宋朝,1196767,起信論疏筆削記,起信論疏筆削記/卷020,起信論疏筆削記,20,scrape_output\raw\宋朝\起信論疏筆削記\起信論疏筆削記__juan_20.txt,scrape_output\clean\宋朝\起信論疏筆削記\起信論疏筆削記__juan_20.txt,9372,9371,0
宋朝,796183,趙令許載酒見過,趙令許載酒見過,趙令許載酒見過,1,scrape_output\raw\宋朝\趙令許載酒見過\趙令許載酒見過__juan_01.txt,scrape_output\clean\宋朝\趙令許載酒見過\趙令許載酒見過__juan_01.txt,149,105,0
宋朝,108116,趙后遺事,趙后遺事,趙后遺事,1,scrape_output\raw\宋朝\趙后遺事\趙后遺事__juan_01.txt,scrape_output\clean\宋朝\趙后遺事\趙后遺事__juan_01.txt,2429,2429,0
宋朝,179243,跋馬公弼省幹出示山谷草聖浣花醉圖歌,跋馬公弼省幹出示山谷草聖浣花醉圖歌,跋馬公弼省幹出示山谷草聖浣花醉圖歌,1,scrape_output\raw\宋朝\跋馬公弼省幹出示山谷草聖浣花醉圖歌\跋馬公弼省幹出示山谷草聖浣花醉圖歌__juan_01.txt,scrape_output\clean\宋朝\跋馬公弼省幹出示山谷草聖浣花醉圖歌\跋馬公弼省幹出示山谷草聖浣花醉圖歌__juan_01.txt,193,149,0
宋朝,204809,路史,路史/卷一,路史,1,scrape_output\raw\宋朝\路史\路史__juan_01.txt,scrape_output\clean\宋朝\路史\路史__juan_01.txt,1876,1867,0
宋朝,204809,路史,路史/卷二,路史,2,scrape_output\raw\宋朝\路史\路史__juan_02.txt,scrape_output\clean\宋朝\路史\路史__juan_02.txt,1582,1582,0
宋朝,204809,路史,路史/卷三,路史,3,scrape_output\raw\宋朝\路史\路史__juan_03.txt,scrape_output\clean\宋朝\路史\路史__juan_03.txt,2601,2196,0
宋朝,204809,路史,路史/卷四,路史,4,scrape_output\raw\宋朝\路史\路史__juan_04.txt,scrape_output\clean\宋朝\路史\路史__juan_04.txt,1150,586,0
宋朝,204809,路史,路史/卷五,路史,5,scrape_output\raw\宋朝\路史\路史__juan_05.txt,scrape_output\clean\宋朝\路史\路史__juan_05.txt,904,494,0
宋朝,204809,路史,路史/卷六,路史,6,scrape_output\raw\宋朝\路史\路史__juan_06.txt,scrape_output\clean\宋朝\路史\路史__juan_06.txt,797,474,0
宋朝,204809,路史,路史/卷七,路史,7,scrape_output\raw\宋朝\路史\路史__juan_07.txt,scrape_output\clean\宋朝\路史\路史__juan_07.txt,1006,844,0
宋朝,204809,路史,路史/卷八,路史,8,scrape_output\raw\宋朝\路史\路史__juan_08.txt,scrape_output\clean\宋朝\路史\路史__juan_08.txt,469,307,0
宋朝,204809,路史,路史/卷九,路史,9,scrape_output\raw\宋朝\路史\路史__juan_09.txt,scrape_output\clean\宋朝\路史\路史__juan_09.txt,1135,808,0
宋朝,204809,路史,路史/卷十,路史,10,scrape_output\raw\宋朝\路史\路史__juan_10.txt,scrape_output\clean\宋朝\路史\路史__juan_10.txt,946,865,0
宋朝,204809,路史,路史/卷十一,路史,11,scrape_output\raw\宋朝\路史\路史__juan_11.txt,scrape_output\clean\宋朝\路史\路史__juan_11.txt,959,797,0
宋朝,204809,路史,路史/卷十二,路史,12,scrape_output\raw\宋朝\路史\路史__juan_12.txt,scrape_output\clean\宋朝\路史\路史__juan_12.txt,3396,3314,0
宋朝,204809,路史,路史/卷十三,路史,13,scrape_output\raw\宋朝\路史\路史__juan_13.txt,scrape_output\clean\宋朝\路史\路史__juan_13.txt,0,0,1
宋朝,204809,路史,路史/卷十四,路史,14,scrape_output\raw\宋朝\路史\路史__juan_14.txt,scrape_output\clean\宋朝\路史\路史__juan_14.txt,937,856,0
宋朝,204809,路史,路史/卷十五,路史,15,scrape_output\raw\宋朝\路史\路史__juan_15.txt,scrape_output\clean\宋朝\路史\路史__juan_15.txt,0,0,1
宋朝,204809,路史,路史/卷十六,路史,16,scrape_output\raw\宋朝\路史\路史__juan_16.txt,scrape_output\clean\宋朝\路史\路史__juan_16.txt,0,0,1
宋朝,204809,路史,路史/卷十七,路史,17,scrape_output\raw\宋朝\路史\路史__juan_17.txt,scrape_output\clean\宋朝\路史\路史__juan_17.txt,0,0,1
宋朝,204809,路史,路史/卷十八,路史,18,scrape_output\raw\宋朝\路史\路史__juan_18.txt,scrape_output\clean\宋朝\路史\路史__juan_18.txt,0,0,1
宋朝,204809,路史,路史/卷十九,路史,19,scrape_output\raw\宋朝\路史\路史__juan_19.txt,scrape_output\clean\宋朝\路史\路史__juan_19.txt,0,0,1
宋朝,204809,路史,路史/卷二十,路史,20,scrape_output\raw\宋朝\路史\路史__juan_20.txt,scrape_output\clean\宋朝\路史\路史__juan_20.txt,1086,1006,0
宋朝,204809,路史,路史/卷二十一,路史,21,scrape_output\raw\宋朝\路史\路史__juan_21.txt,scrape_output\clean\宋朝\路史\路史__juan_21.txt,0,0,1
宋朝,204809,路史,路史/卷二十二,路史,22,scrape_output\raw\宋朝\路史\路史__juan_22.txt,scrape_output\clean\宋朝\路史\路史__juan_22.txt,0,0,1
宋朝,204809,路史,路史/卷二十三,路史,23,scrape_output\raw\宋朝\路史\路史__juan_23.txt,scrape_output\clean\宋朝\路史\路史__juan_23.txt,0,0,1
宋朝,204809,路史,路史/卷二十四,路史,24,scrape_output\raw\宋朝\路史\路史__juan_24.txt,scrape_output\clean\宋朝\路史\路史__juan_24.txt,589,508,0
宋朝,204809,路史,路史/卷二十五,路史,25,scrape_output\raw\宋朝\路史\路史__juan_25.txt,scrape_output\clean\宋朝\路史\路史__juan_25.txt,0,0,1
宋朝,204809,路史,路史/卷二十六,路史,26,scrape_output\raw\宋朝\路史\路史__juan_26.txt,scrape_output\clean\宋朝\路史\路史__juan_26.txt,385,306,0
宋朝,204809,路史,路史/卷二十七,路史,27,scrape_output\raw\宋朝\路史\路史__juan_27.txt,scrape_output\clean\宋朝\路史\路史__juan_27.txt,0,0,1
宋朝,204809,路史,路史/卷二十八,路史,28,scrape_output\raw\宋朝\路史\路史__juan_28.txt,scrape_output\clean\宋朝\路史\路史__juan_28.txt,371,290,0
宋朝,204809,路史,路史/卷二十九,路史,29,scrape_output\raw\宋朝\路史\路史__juan_29.txt,scrape_output\clean\宋朝\路史\路史__juan_29.txt,0,0,1
宋朝,204809,路史,路史/卷三十,路史,30,scrape_output\raw\宋朝\路史\路史__juan_30.txt,scrape_output\clean\宋朝\路史\路史__juan_30.txt,0,0,1
宋朝,204809,路史,路史/卷三十一,路史,31,scrape_output\raw\宋朝\路史\路史__juan_31.txt,scrape_output\clean\宋朝\路史\路史__juan_31.txt,97,17,0
宋朝,204809,路史,路史/卷三十二,路史,32,scrape_output\raw\宋朝\路史\路史__juan_32.txt,scrape_output\clean\宋朝\路史\路史__juan_32.txt,157,76,0
宋朝,204809,路史,路史/卷三十三,路史,33,scrape_output\raw\宋朝\路史\路史__juan_33.txt,scrape_output\clean\宋朝\路史\路史__juan_33.txt,572,492,0
宋朝,204809,路史,路史/卷三十四,路史,34,scrape_output\raw\宋朝\路史\路史__juan_34.txt,scrape_output\clean\宋朝\路史\路史__juan_34.txt,0,0,1
宋朝,204809,路史,路史/卷三十五,路史,35,scrape_output\raw\宋朝\路史\路史__juan_35.txt,scrape_output\clean\宋朝\路史\路史__juan_35.txt,0,0,1
宋朝,204809,路史,路史/卷三十六,路史,36,scrape_output\raw\宋朝\路史\路史__juan_36.txt,scrape_output\clean\宋朝\路史\路史__juan_36.txt,0,0,1
宋朝,204809,路史,路史/卷三十七,路史,37,scrape_output\raw\宋朝\路史\路史__juan_37.txt,scrape_output\clean\宋朝\路史\路史__juan_37.txt,0,0,1
宋朝,204809,路史,路史/卷三十八,路史,38,scrape_output\raw\宋朝\路史\路史__juan_38.txt,scrape_output\clean\宋朝\路史\路史__juan_38.txt,0,0,1
宋朝,204809,路史,路史/卷三十九,路史,39,scrape_output\raw\宋朝\路史\路史__juan_39.txt,scrape_output\clean\宋朝\路史\路史__juan_39.txt,0,0,1
宋朝,204809,路史,路史/卷四十,路史,40,scrape_output\raw\宋朝\路史\路史__juan_40.txt,scrape_output\clean\宋朝\路史\路史__juan_40.txt,295,215,0
宋朝,204809,路史,路史/卷四十一,路史,41,scrape_output\raw\宋朝\路史\路史__juan_41.txt,scrape_output\clean\宋朝\路史\路史__juan_41.txt,0,0,1
宋朝,204809,路史,路史/卷四十二,路史,42,scrape_output\raw\宋朝\路史\路史__juan_42.txt,scrape_output\clean\宋朝\路史\路史__juan_42.txt,0,0,1
宋朝,204809,路史,路史/卷四十三,路史,43,scrape_output\raw\宋朝\路史\路史__juan_43.txt,scrape_output\clean\宋朝\路史\路史__juan_43.txt,0,0,1
宋朝,204809,路史,路史/卷四十四,路史,44,scrape_output\raw\宋朝\路史\路史__juan_44.txt,scrape_output\clean\宋朝\路史\路史__juan_44.txt,0,0,1
宋朝,204809,路史,路史/卷四十五,路史,45,scrape_output\raw\宋朝\路史\路史__juan_45.txt,scrape_output\clean\宋朝\路史\路史__juan_45.txt,0,0,1
宋朝,204809,路史,路史/卷四十六,路史,46,scrape_output\raw\宋朝\路史\路史__juan_46.txt,scrape_output\clean\宋朝\路史\路史__juan_46.txt,1950,1868,0
宋朝,204809,路史,路史/卷四十七,路史,47,scrape_output\raw\宋朝\路史\路史__juan_47.txt,scrape_output\clean\宋朝\路史\路史__juan_47.txt,0,0,1
宋朝,179182,路逢故將軍李顯忠以符離之役私其府庫士怨而潰謫居長沙,路逢故將軍李顯忠以符離之役私其府庫士怨而潰謫居長沙,路逢故將軍李顯忠以符離之役私其府庫士怨而潰謫居長沙,1,scrape_output\raw\宋朝\路逢故將軍李顯忠以符離之役私其府庫士怨而潰謫居長沙\路逢故將軍李顯忠以符離之役私其府庫士怨而潰謫居長沙__juan_01.txt,scrape_output\clean\宋朝\路逢故將軍李顯忠以符離之役私其府庫士怨而潰謫居長沙\路逢故將軍李顯忠以符離之役私其府庫士怨而潰謫居長沙__juan_01.txt,133,89,0
宋朝,887806,踏莎行 (呂本中),踏莎行 (呂本中),踏莎行 (呂本中),1,scrape_output\raw\宋朝\踏莎行 (呂本中)\踏莎行 (呂本中)__juan_01.txt,scrape_output\clean\宋朝\踏莎行 (呂本中)\踏莎行 (呂本中)__juan_01.txt,171,126,0
宋朝,58940,踏莎行 (洪邁),踏莎行 (洪邁),踏莎行 (洪邁),1,scrape_output\raw\宋朝\踏莎行 (洪邁)\踏莎行 (洪邁)__juan_01.txt,scrape_output\clean\宋朝\踏莎行 (洪邁)\踏莎行 (洪邁)__juan_01.txt,162,70,0
宋朝,1021335,踏莎行 (雁字書空),踏莎行 (雁字書空),踏莎行 (雁字書空),1,scrape_output\raw\宋朝\踏莎行 (雁字書空)\踏莎行 (雁字書空)__juan_01.txt,scrape_output\clean\宋朝\踏莎行 (雁字書空)\踏莎行 (雁字書空)__juan_01.txt,153,109,0
宋朝,35636,車遙遙篇 (范成大),車遙遙篇 (范成大),車遙遙篇 (范成大),1,scrape_output\raw\宋朝\車遙遙篇 (范成大)\車遙遙篇 (范成大)__juan_01.txt,scrape_output\clean\宋朝\車遙遙篇 (范成大)\車遙遙篇 (范成大)__juan_01.txt,151,103,0
宋朝,762420,輓聶昌,輓聶昌,輓聶昌,1,scrape_output\raw\宋朝\輓聶昌\輓聶昌__juan_01.txt,scrape_output\clean\宋朝\輓聶昌\輓聶昌__juan_01.txt,149,105,0
宋朝,177139,輪王七寶經,輪王七寶經,輪王七寶經,1,scrape_output\raw\宋朝\輪王七寶經\輪王七寶經__juan_01.txt,scrape_output\clean\宋朝\輪王七寶經\輪王七寶經__juan_01.txt,2044,2044,0
宋朝,184069,輿地廣記,輿地廣記/卷01,輿地廣記,1,scrape_output\raw\宋朝\輿地廣記\輿地廣記__juan_01.txt,scrape_output\clean\宋朝\輿地廣記\輿地廣記__juan_01.txt,0,0,1
宋朝,184069,輿地廣記,輿地廣記/卷02,輿地廣記,2,scrape_output\raw\宋朝\輿地廣記\輿地廣記__juan_02.txt,scrape_output\clean\宋朝\輿地廣記\輿地廣記__juan_02.txt,0,0,1
宋朝,184069,輿地廣記,輿地廣記/卷03,輿地廣記,3,scrape_output\raw\宋朝\輿地廣記\輿地廣記__juan_03.txt,scrape_output\clean\宋朝\輿地廣記\輿地廣記__juan_03.txt,0,0,1
宋朝,184069,輿地廣記,輿地廣記/卷04,輿地廣記,4,scrape_output\raw\宋朝\輿地廣記\輿地廣記__juan_04.txt,scrape_output\clean\宋朝\輿地廣記\輿地廣記__juan_04.txt,0,0,1
宋朝,184069,輿地廣記,輿地廣記/卷05,輿地廣記,5,scrape_output\raw\宋朝\輿地廣記\輿地廣記__juan_05.txt,scrape_output\clean\宋朝\輿地廣記\輿地廣記__juan_05.txt,0,0,1
宋朝,184069,輿地廣記,輿地廣記/卷06,輿地廣記,6,scrape_output\raw\宋朝\輿地廣記\輿地廣記__juan_06.txt,scrape_output\clean\宋朝\輿地廣記\輿地廣記__juan_06.txt,0,0,1
宋朝,184069,輿地廣記,輿地廣記/卷07,輿地廣記,7,scrape_output\raw\宋朝\輿地廣記\輿地廣記__juan_07.txt,scrape_output\clean\宋朝\輿地廣記\輿地廣記__juan_07.txt,0,0,1
宋朝,184069,輿地廣記,輿地廣記/卷08,輿地廣記,8,scrape_output\raw\宋朝\輿地廣記\輿地廣記__juan_08.txt,scrape_output\clean\宋朝\輿地廣記\輿地廣記__juan_08.txt,0,0,1
宋朝,184069,輿地廣記,輿地廣記/卷09,輿地廣記,9,scrape_output\raw\宋朝\輿地廣記\輿地廣記__juan_09.txt,scrape_output\clean\宋朝\輿地廣記\輿地廣記__juan_09.txt,0,0,1
宋朝,184069,輿地廣記,輿地廣記/卷10,輿地廣記,10,scrape_output\raw\宋朝\輿地廣記\輿地廣記__juan_10.txt,scrape_output\clean\宋朝\輿地廣記\輿地廣記__juan_10.txt,0,0,1
宋朝,184069,輿地廣記,輿地廣記/卷11,輿地廣記,11,scrape_output\raw\宋朝\輿地廣記\輿地廣記__juan_11.txt,scrape_output\clean\宋朝\輿地廣記\輿地廣記__juan_11.txt,0,0,1
宋朝,184069,輿地廣記,輿地廣記/卷12,輿地廣記,12,scrape_output\raw\宋朝\輿地廣記\輿地廣記__juan_12.txt,scrape_output\clean\宋朝\輿地廣記\輿地廣記__juan_12.txt,0,0,1
宋朝,184069,輿地廣記,輿地廣記/卷13,輿地廣記,13,scrape_output\raw\宋朝\輿地廣記\輿地廣記__juan_13.txt,scrape_output\clean\宋朝\輿地廣記\輿地廣記__juan_13.txt,0,0,1
宋朝,184069,輿地廣記,輿地廣記/卷14,輿地廣記,14,scrape_output\raw\宋朝\輿地廣記\輿地廣記__juan_14.txt,scrape_output\clean\宋朝\輿地廣記\輿地廣記__juan_14.txt,0,0,1
宋朝,184069,輿地廣記,輿地廣記/卷15,輿地廣記,15,scrape_output\raw\宋朝\輿地廣記\輿地廣記__juan_15.txt,scrape_output\clean\宋朝\輿地廣記\輿地廣記__juan_15.txt,0,0,1
宋朝,184069,輿地廣記,輿地廣記/卷16,輿地廣記,16,scrape_output\raw\宋朝\輿地廣記\輿地廣記__juan_16.txt,scrape_output\clean\宋朝\輿地廣記\輿地廣記__juan_16.txt,0,0,1
宋朝,184069,輿地廣記,輿地廣記/卷17,輿地廣記,17,scrape_output\raw\宋朝\輿地廣記\輿地廣記__juan_17.txt,scrape_output\clean\宋朝\輿地廣記\輿地廣記__juan_17.txt,0,0,1
宋朝,184069,輿地廣記,輿地廣記/卷18,輿地廣記,18,scrape_output\raw\宋朝\輿地廣記\輿地廣記__juan_18.txt,scrape_output\clean\宋朝\輿地廣記\輿地廣記__juan_18.txt,0,0,1
宋朝,184069,輿地廣記,輿地廣記/卷19,輿地廣記,19,scrape_output\raw\宋朝\輿地廣記\輿地廣記__juan_19.txt,scrape_output\clean\宋朝\輿地廣記\輿地廣記__juan_19.txt,0,0,1
宋朝,184069,輿地廣記,輿地廣記/卷20,輿地廣記,20,scrape_output\raw\宋朝\輿地廣記\輿地廣記__juan_20.txt,scrape_output\clean\宋朝\輿地廣記\輿地廣記__juan_20.txt,0,0,1
宋朝,184069,輿地廣記,輿地廣記/卷21,輿地廣記,21,scrape_output\raw\宋朝\輿地廣記\輿地廣記__juan_21.txt,scrape_output\clean\宋朝\輿地廣記\輿地廣記__juan_21.txt,0,0,1
宋朝,184069,輿地廣記,輿地廣記/卷22,輿地廣記,22,scrape_output\raw\宋朝\輿地廣記\輿地廣記__juan_22.txt,scrape_output\clean\宋朝\輿地廣記\輿地廣記__juan_22.txt,0,0,1
宋朝,184069,輿地廣記,輿地廣記/卷23,輿地廣記,23,scrape_output\raw\宋朝\輿地廣記\輿地廣記__juan_23.txt,scrape_output\clean\宋朝\輿地廣記\輿地廣記__juan_23.txt,0,0,1
宋朝,184069,輿地廣記,輿地廣記/卷24,輿地廣記,24,scrape_output\raw\宋朝\輿地廣記\輿地廣記__juan_24.txt,scrape_output\clean\宋朝\輿地廣記\輿地廣記__juan_24.txt,0,0,1
宋朝,184069,輿地廣記,輿地廣記/卷25,輿地廣記,25,scrape_output\raw\宋朝\輿地廣記\輿地廣記__juan_25.txt,scrape_output\clean\宋朝\輿地廣記\輿地廣記__juan_25.txt,0,0,1
宋朝,184069,輿地廣記,輿地廣記/卷26,輿地廣記,26,scrape_output\raw\宋朝\輿地廣記\輿地廣記__juan_26.txt,scrape_output\clean\宋朝\輿地廣記\輿地廣記__juan_26.txt,0,0,1
宋朝,184069,輿地廣記,輿地廣記/卷27,輿地廣記,27,scrape_output\raw\宋朝\輿地廣記\輿地廣記__juan_27.txt,scrape_output\clean\宋朝\輿地廣記\輿地廣記__juan_27.txt,0,0,1
宋朝,184069,輿地廣記,輿地廣記/卷28,輿地廣記,28,scrape_output\raw\宋朝\輿地廣記\輿地廣記__juan_28.txt,scrape_output\clean\宋朝\輿地廣記\輿地廣記__juan_28.txt,0,0,1
宋朝,184069,輿地廣記,輿地廣記/卷29,輿地廣記,29,scrape_output\raw\宋朝\輿地廣記\輿地廣記__juan_29.txt,scrape_output\clean\宋朝\輿地廣記\輿地廣記__juan_29.txt,0,0,1
宋朝,184069,輿地廣記,輿地廣記/卷30,輿地廣記,30,scrape_output\raw\宋朝\輿地廣記\輿地廣記__juan_30.txt,scrape_output\clean\宋朝\輿地廣記\輿地廣記__juan_30.txt,0,0,1
宋朝,184069,輿地廣記,輿地廣記/卷31,輿地廣記,31,scrape_output\raw\宋朝\輿地廣記\輿地廣記__juan_31.txt,scrape_output\clean\宋朝\輿地廣記\輿地廣記__juan_31.txt,0,0,1
宋朝,184069,輿地廣記,輿地廣記/卷32,輿地廣記,32,scrape_output\raw\宋朝\輿地廣記\輿地廣記__juan_32.txt,scrape_output\clean\宋朝\輿地廣記\輿地廣記__juan_32.txt,0,0,1
宋朝,184069,輿地廣記,輿地廣記/卷33,輿地廣記,33,scrape_output\raw\宋朝\輿地廣記\輿地廣記__juan_33.txt,scrape_output\clean\宋朝\輿地廣記\輿地廣記__juan_33.txt,0,0,1
宋朝,184069,輿地廣記,輿地廣記/卷34,輿地廣記,34,scrape_output\raw\宋朝\輿地廣記\輿地廣記__juan_34.txt,scrape_output\clean\宋朝\輿地廣記\輿地廣記__juan_34.txt,0,0,1
宋朝,184069,輿地廣記,輿地廣記/卷35,輿地廣記,35,scrape_output\raw\宋朝\輿地廣記\輿地廣記__juan_35.txt,scrape_output\clean\宋朝\輿地廣記\輿地廣記__juan_35.txt,0,0,1
宋朝,184069,輿地廣記,輿地廣記/卷36,輿地廣記,36,scrape_output\raw\宋朝\輿地廣記\輿地廣記__juan_36.txt,scrape_output\clean\宋朝\輿地廣記\輿地廣記__juan_36.txt,0,0,1
宋朝,184069,輿地廣記,輿地廣記/卷37,輿地廣記,37,scrape_output\raw\宋朝\輿地廣記\輿地廣記__juan_37.txt,scrape_output\clean\宋朝\輿地廣記\輿地廣記__juan_37.txt,0,0,1
宋朝,184069,輿地廣記,輿地廣記/卷38,輿地廣記,38,scrape_output\raw\宋朝\輿地廣記\輿地廣記__juan_38.txt,scrape_output\clean\宋朝\輿地廣記\輿地廣記__juan_38.txt,0,0,1
宋朝,112660,轉調滿庭芳 (李清照),轉調滿庭芳 (李清照),轉調滿庭芳 (李清照),1,scrape_output\raw\宋朝\轉調滿庭芳 (李清照)\轉調滿庭芳 (李清照)__juan_01.txt,scrape_output\clean\宋朝\轉調滿庭芳 (李清照)\轉調滿庭芳 (李清照)__juan_01.txt,239,137,0
宋朝,55686,辯言,辯言,辯言,1,scrape_output\raw\宋朝\辯言\辯言__juan_01.txt,scrape_output\clean\宋朝\辯言\辯言__juan_01.txt,7576,7454,0
宋朝,139406,过百家渡四绝句,过百家渡四绝句,过百家渡四绝句,1,scrape_output\raw\宋朝\过百家渡四绝句\过百家渡四绝句__juan_01.txt,scrape_output\clean\宋朝\过百家渡四绝句\过百家渡四绝句__juan_01.txt,233,189,0
宋朝,59232,近岸,近岸,近岸,1,scrape_output\raw\宋朝\近岸\近岸__juan_01.txt,scrape_output\clean\宋朝\近岸\近岸__juan_01.txt,126,34,0
宋朝,1178758,近思錄,近思錄/前引,近思錄,1,scrape_output\raw\宋朝\近思錄\近思錄__juan_01.txt,scrape_output\clean\宋朝\近思錄\近思錄__juan_01.txt,413,402,0
宋朝,179114,迓新守值雨,迓新守值雨,迓新守值雨,1,scrape_output\raw\宋朝\迓新守值雨\迓新守值雨__juan_01.txt,scrape_output\clean\宋朝\迓新守值雨\迓新守值雨__juan_01.txt,193,147,0
宋朝,875346,迦葉仙人說醫女人經,迦葉仙人說醫女人經,迦葉仙人說醫女人經,1,scrape_output\raw\宋朝\迦葉仙人說醫女人經\迦葉仙人說醫女人經__juan_01.txt,scrape_output\clean\宋朝\迦葉仙人說醫女人經\迦葉仙人說醫女人經__juan_01.txt,1488,1343,0
宋朝,29836,送上官直,送上官直,送上官直,1,scrape_output\raw\宋朝\送上官直\送上官直__juan_01.txt,scrape_output\clean\宋朝\送上官直\送上官直__juan_01.txt,133,89,0
宋朝,35588,送京西提點刑獄張駕部,送京西提點刑獄張駕部,送京西提點刑獄張駕部,1,scrape_output\raw\宋朝\送京西提點刑獄張駕部\送京西提點刑獄張駕部__juan_01.txt,scrape_output\clean\宋朝\送京西提點刑獄張駕部\送京西提點刑獄張駕部__juan_01.txt,295,241,0
宋朝,37343,送內,送內,送內,1,scrape_output\raw\宋朝\送內\送內__juan_01.txt,scrape_output\clean\宋朝\送內\送內__juan_01.txt,210,157,0
宋朝,29513,送別呂令聖與,送別呂令聖與,送別呂令聖與,1,scrape_output\raw\宋朝\送別呂令聖與\送別呂令聖與__juan_01.txt,scrape_output\clean\宋朝\送別呂令聖與\送別呂令聖與__juan_01.txt,237,193,0
宋朝,200428,送別探得南字,送別探得南字,送別探得南字,1,scrape_output\raw\宋朝\送別探得南字\送別探得南字__juan_01.txt,scrape_output\clean\宋朝\送別探得南字\送別探得南字__juan_01.txt,893,278,0
宋朝,29668,送劉戶曹,送劉戶曹,送劉戶曹,1,scrape_output\raw\宋朝\送劉戶曹\送劉戶曹__juan_01.txt,scrape_output\clean\宋朝\送劉戶曹\送劉戶曹__juan_01.txt,263,213,0
宋朝,29834,送周茂叔殿丞,送周茂叔殿丞,送周茂叔殿丞,1,scrape_output\raw\宋朝\送周茂叔殿丞\送周茂叔殿丞__juan_01.txt,scrape_output\clean\宋朝\送周茂叔殿丞\送周茂叔殿丞__juan_01.txt,217,173,0
宋朝,37342,送外舅郭大夫概西川提點刑獄,送外舅郭大夫概西川提點刑獄,送外舅郭大夫概西川提點刑獄,1,scrape_output\raw\宋朝\送外舅郭大夫概西川提點刑獄\送外舅郭大夫概西川提點刑獄__juan_01.txt,scrape_output\clean\宋朝\送外舅郭大夫概西川提點刑獄\送外舅郭大夫概西川提點刑獄__juan_01.txt,226,173,0
宋朝,31633,送希昱上人永嘉覲親,送希昱上人永嘉覲親,送希昱上人永嘉覲親,1,scrape_output\raw\宋朝\送希昱上人永嘉覲親\送希昱上人永嘉覲親__juan_01.txt,scrape_output\clean\宋朝\送希昱上人永嘉覲親\送希昱上人永嘉覲親__juan_01.txt,273,229,0
宋朝,179157,送張倅,送張倅,送張倅,1,scrape_output\raw\宋朝\送張倅\送張倅__juan_01.txt,scrape_output\clean\宋朝\送張倅\送張倅__juan_01.txt,167,123,0
宋朝,59234,送德輪行者,送德輪行者,送德輪行者,1,scrape_output\raw\宋朝\送德輪行者\送德輪行者__juan_01.txt,scrape_output\clean\宋朝\送德輪行者\送德輪行者__juan_01.txt,126,34,0
宋朝,31642,送懷賢上人歸隠靜兼寄達觀禪師,送懷賢上人歸隠靜兼寄達觀禪師,送懷賢上人歸隠靜兼寄達觀禪師,1,scrape_output\raw\宋朝\送懷賢上人歸隠靜兼寄達觀禪師\送懷賢上人歸隠靜兼寄達觀禪師__juan_01.txt,scrape_output\clean\宋朝\送懷賢上人歸隠靜兼寄達觀禪師\送懷賢上人歸隠靜兼寄達觀禪師__juan_01.txt,147,103,0
宋朝,178859,送施少才赴試南宮,送施少才赴試南宮,送施少才赴試南宮,1,scrape_output\raw\宋朝\送施少才赴試南宮\送施少才赴試南宮__juan_01.txt,scrape_output\clean\宋朝\送施少才赴試南宮\送施少才赴試南宮__juan_01.txt,195,151,0
宋朝,178862,送施少才赴試南宮 (十日九奔命),送施少才赴試南宮 (十日九奔命),送施少才赴試南宮 (十日九奔命),1,scrape_output\raw\宋朝\送施少才赴試南宮 (十日九奔命)\送施少才赴試南宮 (十日九奔命)__juan_01.txt,scrape_output\clean\宋朝\送施少才赴試南宮 (十日九奔命)\送施少才赴試南宮 (十日九奔命)__juan_01.txt,133,89,0
宋朝,178860,送施少才赴試南宮 (我豈登名晚),送施少才赴試南宮 (我豈登名晚),送施少才赴試南宮 (我豈登名晚),1,scrape_output\raw\宋朝\送施少才赴試南宮 (我豈登名晚)\送施少才赴試南宮 (我豈登名晚)__juan_01.txt,scrape_output\clean\宋朝\送施少才赴試南宮 (我豈登名晚)\送施少才赴試南宮 (我豈登名晚)__juan_01.txt,133,89,0
宋朝,47362,送易從師還金華,送易從師還金華,送易從師還金華,1,scrape_output\raw\宋朝\送易從師還金華\送易從師還金華__juan_01.txt,scrape_output\clean\宋朝\送易從師還金華\送易從師還金華__juan_01.txt,113,69,0
宋朝,158810,送春 (王令),送春 (王令),送春 (王令),1,scrape_output\raw\宋朝\送春 (王令)\送春 (王令)__juan_01.txt,scrape_output\clean\宋朝\送春 (王令)\送春 (王令)__juan_01.txt,121,73,0
宋朝,200457,送李惟肖尉尤溪,送李惟肖尉尤溪,送李惟肖尉尤溪,1,scrape_output\raw\宋朝\送李惟肖尉尤溪\送李惟肖尉尤溪__juan_01.txt,scrape_output\clean\宋朝\送李惟肖尉尤溪\送李惟肖尉尤溪__juan_01.txt,1011,394,0
宋朝,37350,送江楚州,送江楚州,送江楚州,1,scrape_output\raw\宋朝\送江楚州\送江楚州__juan_01.txt,scrape_output\clean\宋朝\送江楚州\送江楚州__juan_01.txt,136,89,0
宋朝,31644,送江西轉運馮廣淵學士,送江西轉運馮廣淵學士,送江西轉運馮廣淵學士,1,scrape_output\raw\宋朝\送江西轉運馮廣淵學士\送江西轉運馮廣淵學士__juan_01.txt,scrape_output\clean\宋朝\送江西轉運馮廣淵學士\送江西轉運馮廣淵學士__juan_01.txt,175,131,0
宋朝,179244,送王監簿民瞻南歸,送王監簿民瞻南歸,送王監簿民瞻南歸,1,scrape_output\raw\宋朝\送王監簿民瞻南歸\送王監簿民瞻南歸__juan_01.txt,scrape_output\clean\宋朝\送王監簿民瞻南歸\送王監簿民瞻南歸__juan_01.txt,185,141,0
宋朝,29682,送芝老,送芝老,送芝老,1,scrape_output\raw\宋朝\送芝老\送芝老__juan_01.txt,scrape_output\clean\宋朝\送芝老\送芝老__juan_01.txt,152,106,0
宋朝,29765,送閻秘丞宰雩都,送閻秘丞宰雩都,送閻秘丞宰雩都,1,scrape_output\raw\宋朝\送閻秘丞宰雩都\送閻秘丞宰雩都__juan_01.txt,scrape_output\clean\宋朝\送閻秘丞宰雩都\送閻秘丞宰雩都__juan_01.txt,506,452,0
宋朝,37327,送霍子侔還都,送霍子侔還都,送霍子侔還都,1,scrape_output\raw\宋朝\送霍子侔還都\送霍子侔還都__juan_01.txt,scrape_output\clean\宋朝\送霍子侔還都\送霍子侔還都__juan_01.txt,1276,1153,0
宋朝,200442,通判國博命賦假山,通判國博命賦假山,通判國博命賦假山,1,scrape_output\raw\宋朝\通判國博命賦假山\通判國博命賦假山__juan_01.txt,scrape_output\clean\宋朝\通判國博命賦假山\通判國博命賦假山__juan_01.txt,944,326,0
宋朝,19427,通志,通志/卷001,通志,1,scrape_output\raw\宋朝\通志\通志__juan_01.txt,scrape_output\clean\宋朝\通志\通志__juan_01.txt,3255,3172,0
宋朝,19427,通志,通志/卷002,通志,2,scrape_output\raw\宋朝\通志\通志__juan_02.txt,scrape_output\clean\宋朝\通志\通志__juan_02.txt,0,0,1
宋朝,19427,通志,通志/卷003,通志,3,scrape_output\raw\宋朝\通志\通志__juan_03.txt,scrape_output\clean\宋朝\通志\通志__juan_03.txt,0,0,1
宋朝,19427,通志,通志/卷004,通志,4,scrape_output\raw\宋朝\通志\通志__juan_04.txt,scrape_output\clean\宋朝\通志\通志__juan_04.txt,0,0,1
宋朝,19427,通志,通志/卷005,通志,5,scrape_output\raw\宋朝\通志\通志__juan_05.txt,scrape_output\clean\宋朝\通志\通志__juan_05.txt,0,0,1
宋朝,19427,通志,通志/卷006,通志,6,scrape_output\raw\宋朝\通志\通志__juan_06.txt,scrape_output\clean\宋朝\通志\通志__juan_06.txt,0,0,1
宋朝,19427,通志,通志/卷007,通志,7,scrape_output\raw\宋朝\通志\通志__juan_07.txt,scrape_output\clean\宋朝\通志\通志__juan_07.txt,0,0,1
宋朝,19427,通志,通志/卷008,通志,8,scrape_output\raw\宋朝\通志\通志__juan_08.txt,scrape_output\clean\宋朝\通志\通志__juan_08.txt,0,0,1
宋朝,19427,通志,通志/卷009,通志,9,scrape_output\raw\宋朝\通志\通志__juan_09.txt,scrape_output\clean\宋朝\通志\通志__juan_09.txt,0,0,1
宋朝,19427,通志,通志/卷010,通志,10,scrape_output\raw\宋朝\通志\通志__juan_10.txt,scrape_output\clean\宋朝\通志\通志__juan_10.txt,0,0,1
宋朝,19427,通志,通志/卷011,通志,11,scrape_output\raw\宋朝\通志\通志__juan_11.txt,scrape_output\clean\宋朝\通志\通志__juan_11.txt,0,0,1
宋朝,19427,通志,通志/卷012,通志,12,scrape_output\raw\宋朝\通志\通志__juan_12.txt,scrape_output\clean\宋朝\通志\通志__juan_12.txt,0,0,1
宋朝,19427,通志,通志/卷013,通志,13,scrape_output\raw\宋朝\通志\通志__juan_13.txt,scrape_output\clean\宋朝\通志\通志__juan_13.txt,0,0,1
宋朝,19427,通志,通志/卷014,通志,14,scrape_output\raw\宋朝\通志\通志__juan_14.txt,scrape_output\clean\宋朝\通志\通志__juan_14.txt,0,0,1
宋朝,19427,通志,通志/卷015,通志,15,scrape_output\raw\宋朝\通志\通志__juan_15.txt,scrape_output\clean\宋朝\通志\通志__juan_15.txt,0,0,1
宋朝,19427,通志,通志/卷016,通志,16,scrape_output\raw\宋朝\通志\通志__juan_16.txt,scrape_output\clean\宋朝\通志\通志__juan_16.txt,0,0,1
宋朝,19427,通志,通志/卷017,通志,17,scrape_output\raw\宋朝\通志\通志__juan_17.txt,scrape_output\clean\宋朝\通志\通志__juan_17.txt,0,0,1
宋朝,19427,通志,通志/卷018,通志,18,scrape_output\raw\宋朝\通志\通志__juan_18.txt,scrape_output\clean\宋朝\通志\通志__juan_18.txt,0,0,1
宋朝,19427,通志,通志/卷019,通志,19,scrape_output\raw\宋朝\通志\通志__juan_19.txt,scrape_output\clean\宋朝\通志\通志__juan_19.txt,0,0,1
宋朝,19427,通志,通志/卷020,通志,20,scrape_output\raw\宋朝\通志\通志__juan_20.txt,scrape_output\clean\宋朝\通志\通志__juan_20.txt,0,0,1
宋朝,19427,通志,通志/卷021,通志,21,scrape_output\raw\宋朝\通志\通志__juan_21.txt,scrape_output\clean\宋朝\通志\通志__juan_21.txt,7051,6473,0
宋朝,19427,通志,通志/卷022,通志,22,scrape_output\raw\宋朝\通志\通志__juan_22.txt,scrape_output\clean\宋朝\通志\通志__juan_22.txt,0,0,1
宋朝,19427,通志,通志/卷023,通志,23,scrape_output\raw\宋朝\通志\通志__juan_23.txt,scrape_output\clean\宋朝\通志\通志__juan_23.txt,0,0,1
宋朝,19427,通志,通志/卷024,通志,24,scrape_output\raw\宋朝\通志\通志__juan_24.txt,scrape_output\clean\宋朝\通志\通志__juan_24.txt,0,0,1
宋朝,19427,通志,通志/卷025,通志,25,scrape_output\raw\宋朝\通志\通志__juan_25.txt,scrape_output\clean\宋朝\通志\通志__juan_25.txt,0,0,1
宋朝,19427,通志,通志/卷026,通志,26,scrape_output\raw\宋朝\通志\通志__juan_26.txt,scrape_output\clean\宋朝\通志\通志__juan_26.txt,0,0,1
宋朝,19427,通志,通志/卷027,通志,27,scrape_output\raw\宋朝\通志\通志__juan_27.txt,scrape_output\clean\宋朝\通志\通志__juan_27.txt,0,0,1
宋朝,19427,通志,通志/卷028,通志,28,scrape_output\raw\宋朝\通志\通志__juan_28.txt,scrape_output\clean\宋朝\通志\通志__juan_28.txt,0,0,1
宋朝,19427,通志,通志/卷029,通志,29,scrape_output\raw\宋朝\通志\通志__juan_29.txt,scrape_output\clean\宋朝\通志\通志__juan_29.txt,7870,7721,0
宋朝,19427,通志,通志/卷030,通志,30,scrape_output\raw\宋朝\通志\通志__juan_30.txt,scrape_output\clean\宋朝\通志\通志__juan_30.txt,0,0,1
宋朝,19427,通志,通志/卷031,通志,31,scrape_output\raw\宋朝\通志\通志__juan_31.txt,scrape_output\clean\宋朝\通志\通志__juan_31.txt,4061,3951,0
宋朝,19427,通志,通志/卷032,通志,32,scrape_output\raw\宋朝\通志\通志__juan_32.txt,scrape_output\clean\宋朝\通志\通志__juan_32.txt,0,0,1
宋朝,19427,通志,通志/卷033,通志,33,scrape_output\raw\宋朝\通志\通志__juan_33.txt,scrape_output\clean\宋朝\通志\通志__juan_33.txt,0,0,1
宋朝,19427,通志,通志/卷034,通志,34,scrape_output\raw\宋朝\通志\通志__juan_34.txt,scrape_output\clean\宋朝\通志\通志__juan_34.txt,0,0,1
宋朝,19427,通志,通志/卷035,通志,35,scrape_output\raw\宋朝\通志\通志__juan_35.txt,scrape_output\clean\宋朝\通志\通志__juan_35.txt,0,0,1
宋朝,19427,通志,通志/卷036,通志,36,scrape_output\raw\宋朝\通志\通志__juan_36.txt,scrape_output\clean\宋朝\通志\通志__juan_36.txt,0,0,1
宋朝,19427,通志,通志/卷037,通志,37,scrape_output\raw\宋朝\通志\通志__juan_37.txt,scrape_output\clean\宋朝\通志\通志__juan_37.txt,0,0,1
宋朝,19427,通志,通志/卷038,通志,38,scrape_output\raw\宋朝\通志\通志__juan_38.txt,scrape_output\clean\宋朝\通志\通志__juan_38.txt,0,0,1
宋朝,19427,通志,通志/卷039,通志,39,scrape_output\raw\宋朝\通志\通志__juan_39.txt,scrape_output\clean\宋朝\通志\通志__juan_39.txt,0,0,1
宋朝,19427,通志,通志/卷040,通志,40,scrape_output\raw\宋朝\通志\通志__juan_40.txt,scrape_output\clean\宋朝\通志\通志__juan_40.txt,0,0,1
宋朝,19427,通志,通志/卷041,通志,41,scrape_output\raw\宋朝\通志\通志__juan_41.txt,scrape_output\clean\宋朝\通志\通志__juan_41.txt,0,0,1
宋朝,19427,通志,通志/卷042,通志,42,scrape_output\raw\宋朝\通志\通志__juan_42.txt,scrape_output\clean\宋朝\通志\通志__juan_42.txt,0,0,1
宋朝,19427,通志,通志/卷043,通志,43,scrape_output\raw\宋朝\通志\通志__juan_43.txt,scrape_output\clean\宋朝\通志\通志__juan_43.txt,0,0,1
宋朝,19427,通志,通志/卷044,通志,44,scrape_output\raw\宋朝\通志\通志__juan_44.txt,scrape_output\clean\宋朝\通志\通志__juan_44.txt,0,0,1
宋朝,19427,通志,通志/卷045,通志,45,scrape_output\raw\宋朝\通志\通志__juan_45.txt,scrape_output\clean\宋朝\通志\通志__juan_45.txt,0,0,1
宋朝,19427,通志,通志/卷046,通志,46,scrape_output\raw\宋朝\通志\通志__juan_46.txt,scrape_output\clean\宋朝\通志\通志__juan_46.txt,0,0,1
宋朝,19427,通志,通志/卷047,通志,47,scrape_output\raw\宋朝\通志\通志__juan_47.txt,scrape_output\clean\宋朝\通志\通志__juan_47.txt,0,0,1
宋朝,19427,通志,通志/卷048,通志,48,scrape_output\raw\宋朝\通志\通志__juan_48.txt,scrape_output\clean\宋朝\通志\通志__juan_48.txt,0,0,1
宋朝,19427,通志,通志/卷049,通志,49,scrape_output\raw\宋朝\通志\通志__juan_49.txt,scrape_output\clean\宋朝\通志\通志__juan_49.txt,0,0,1
宋朝,19427,通志,通志/卷050,通志,50,scrape_output\raw\宋朝\通志\通志__juan_50.txt,scrape_output\clean\宋朝\通志\通志__juan_50.txt,0,0,1
宋朝,19427,通志,通志/卷051,通志,51,scrape_output\raw\宋朝\通志\通志__juan_51.txt,scrape_output\clean\宋朝\通志\通志__juan_51.txt,0,0,1
宋朝,19427,通志,通志/卷052,通志,52,scrape_output\raw\宋朝\通志\通志__juan_52.txt,scrape_output\clean\宋朝\通志\通志__juan_52.txt,0,0,1
宋朝,19427,通志,通志/卷053,通志,53,scrape_output\raw\宋朝\通志\通志__juan_53.txt,scrape_output\clean\宋朝\通志\通志__juan_53.txt,0,0,1
宋朝,19427,通志,通志/卷054,通志,54,scrape_output\raw\宋朝\通志\通志__juan_54.txt,scrape_output\clean\宋朝\通志\通志__juan_54.txt,0,0,1
宋朝,19427,通志,通志/卷055,通志,55,scrape_output\raw\宋朝\通志\通志__juan_55.txt,scrape_output\clean\宋朝\通志\通志__juan_55.txt,0,0,1
宋朝,19427,通志,通志/卷056,通志,56,scrape_output\raw\宋朝\通志\通志__juan_56.txt,scrape_output\clean\宋朝\通志\通志__juan_56.txt,0,0,1
宋朝,19427,通志,通志/卷057,通志,57,scrape_output\raw\宋朝\通志\通志__juan_57.txt,scrape_output\clean\宋朝\通志\通志__juan_57.txt,0,0,1
宋朝,19427,通志,通志/卷058,通志,58,scrape_output\raw\宋朝\通志\通志__juan_58.txt,scrape_output\clean\宋朝\通志\通志__juan_58.txt,0,0,1
宋朝,19427,通志,通志/卷059,通志,59,scrape_output\raw\宋朝\通志\通志__juan_59.txt,scrape_output\clean\宋朝\通志\通志__juan_59.txt,0,0,1
宋朝,19427,通志,通志/卷060,通志,60,scrape_output\raw\宋朝\通志\通志__juan_60.txt,scrape_output\clean\宋朝\通志\通志__juan_60.txt,0,0,1
宋朝,19427,通志,通志/卷061,通志,61,scrape_output\raw\宋朝\通志\通志__juan_61.txt,scrape_output\clean\宋朝\通志\通志__juan_61.txt,0,0,1
宋朝,19427,通志,通志/卷062,通志,62,scrape_output\raw\宋朝\通志\通志__juan_62.txt,scrape_output\clean\宋朝\通志\通志__juan_62.txt,0,0,1
宋朝,19427,通志,通志/卷063,通志,63,scrape_output\raw\宋朝\通志\通志__juan_63.txt,scrape_output\clean\宋朝\通志\通志__juan_63.txt,0,0,1
宋朝,19427,通志,通志/卷064,通志,64,scrape_output\raw\宋朝\通志\通志__juan_64.txt,scrape_output\clean\宋朝\通志\通志__juan_64.txt,0,0,1
宋朝,19427,通志,通志/卷065,通志,65,scrape_output\raw\宋朝\通志\通志__juan_65.txt,scrape_output\clean\宋朝\通志\通志__juan_65.txt,0,0,1
宋朝,19427,通志,通志/卷066,通志,66,scrape_output\raw\宋朝\通志\通志__juan_66.txt,scrape_output\clean\宋朝\通志\通志__juan_66.txt,0,0,1
宋朝,19427,通志,通志/卷067,通志,67,scrape_output\raw\宋朝\通志\通志__juan_67.txt,scrape_output\clean\宋朝\通志\通志__juan_67.txt,0,0,1
宋朝,19427,通志,通志/卷068,通志,68,scrape_output\raw\宋朝\通志\通志__juan_68.txt,scrape_output\clean\宋朝\通志\通志__juan_68.txt,0,0,1
宋朝,19427,通志,通志/卷069,通志,69,scrape_output\raw\宋朝\通志\通志__juan_69.txt,scrape_output\clean\宋朝\通志\通志__juan_69.txt,0,0,1
宋朝,19427,通志,通志/卷070,通志,70,scrape_output\raw\宋朝\通志\通志__juan_70.txt,scrape_output\clean\宋朝\通志\通志__juan_70.txt,0,0,1
宋朝,19427,通志,通志/卷071,通志,71,scrape_output\raw\宋朝\通志\通志__juan_71.txt,scrape_output\clean\宋朝\通志\通志__juan_71.txt,10425,10331,0
宋朝,19427,通志,通志/卷072,通志,72,scrape_output\raw\宋朝\通志\通志__juan_72.txt,scrape_output\clean\宋朝\通志\通志__juan_72.txt,6494,6494,0
宋朝,19427,通志,通志/卷073,通志,73,scrape_output\raw\宋朝\通志\通志__juan_73.txt,scrape_output\clean\宋朝\通志\通志__juan_73.txt,0,0,1
宋朝,19427,通志,通志/卷074,通志,74,scrape_output\raw\宋朝\通志\通志__juan_74.txt,scrape_output\clean\宋朝\通志\通志__juan_74.txt,0,0,1
宋朝,19427,通志,通志/卷075,通志,75,scrape_output\raw\宋朝\通志\通志__juan_75.txt,scrape_output\clean\宋朝\通志\通志__juan_75.txt,0,0,1
宋朝,19427,通志,通志/卷076,通志,76,scrape_output\raw\宋朝\通志\通志__juan_76.txt,scrape_output\clean\宋朝\通志\通志__juan_76.txt,0,0,1
宋朝,19427,通志,通志/卷077,通志,77,scrape_output\raw\宋朝\通志\通志__juan_77.txt,scrape_output\clean\宋朝\通志\通志__juan_77.txt,0,0,1
宋朝,19427,通志,通志/卷078,通志,78,scrape_output\raw\宋朝\通志\通志__juan_78.txt,scrape_output\clean\宋朝\通志\通志__juan_78.txt,0,0,1
宋朝,19427,通志,通志/卷079,通志,79,scrape_output\raw\宋朝\通志\通志__juan_79.txt,scrape_output\clean\宋朝\通志\通志__juan_79.txt,0,0,1
宋朝,19427,通志,通志/卷080,通志,80,scrape_output\raw\宋朝\通志\通志__juan_80.txt,scrape_output\clean\宋朝\通志\通志__juan_80.txt,0,0,1
宋朝,19427,通志,通志/卷081,通志,81,scrape_output\raw\宋朝\通志\通志__juan_81.txt,scrape_output\clean\宋朝\通志\通志__juan_81.txt,0,0,1
宋朝,19427,通志,通志/卷082,通志,82,scrape_output\raw\宋朝\通志\通志__juan_82.txt,scrape_output\clean\宋朝\通志\通志__juan_82.txt,0,0,1
宋朝,19427,通志,通志/卷083,通志,83,scrape_output\raw\宋朝\通志\通志__juan_83.txt,scrape_output\clean\宋朝\通志\通志__juan_83.txt,0,0,1
宋朝,19427,通志,通志/卷084,通志,84,scrape_output\raw\宋朝\通志\通志__juan_84.txt,scrape_output\clean\宋朝\通志\通志__juan_84.txt,0,0,1
宋朝,19427,通志,通志/卷085,通志,85,scrape_output\raw\宋朝\通志\通志__juan_85.txt,scrape_output\clean\宋朝\通志\通志__juan_85.txt,0,0,1
宋朝,19427,通志,通志/卷086,通志,86,scrape_output\raw\宋朝\通志\通志__juan_86.txt,scrape_output\clean\宋朝\通志\通志__juan_86.txt,255,175,0
宋朝,19427,通志,通志/卷087,通志,87,scrape_output\raw\宋朝\通志\通志__juan_87.txt,scrape_output\clean\宋朝\通志\通志__juan_87.txt,0,0,1
宋朝,19427,通志,通志/卷088,通志,88,scrape_output\raw\宋朝\通志\通志__juan_88.txt,scrape_output\clean\宋朝\通志\通志__juan_88.txt,0,0,1
宋朝,19427,通志,通志/卷089,通志,89,scrape_output\raw\宋朝\通志\通志__juan_89.txt,scrape_output\clean\宋朝\通志\通志__juan_89.txt,0,0,1
宋朝,19427,通志,通志/卷090,通志,90,scrape_output\raw\宋朝\通志\通志__juan_90.txt,scrape_output\clean\宋朝\通志\通志__juan_90.txt,0,0,1
宋朝,19427,通志,通志/卷091,通志,91,scrape_output\raw\宋朝\通志\通志__juan_91.txt,scrape_output\clean\宋朝\通志\通志__juan_91.txt,0,0,1
宋朝,19427,通志,通志/卷092,通志,92,scrape_output\raw\宋朝\通志\通志__juan_92.txt,scrape_output\clean\宋朝\通志\通志__juan_92.txt,0,0,1
宋朝,19427,通志,通志/卷093,通志,93,scrape_output\raw\宋朝\通志\通志__juan_93.txt,scrape_output\clean\宋朝\通志\通志__juan_93.txt,0,0,1
宋朝,19427,通志,通志/卷094,通志,94,scrape_output\raw\宋朝\通志\通志__juan_94.txt,scrape_output\clean\宋朝\通志\通志__juan_94.txt,0,0,1
宋朝,19427,通志,通志/卷095,通志,95,scrape_output\raw\宋朝\通志\通志__juan_95.txt,scrape_output\clean\宋朝\通志\通志__juan_95.txt,0,0,1
宋朝,19427,通志,通志/卷096,通志,96,scrape_output\raw\宋朝\通志\通志__juan_96.txt,scrape_output\clean\宋朝\通志\通志__juan_96.txt,0,0,1
宋朝,19427,通志,通志/卷097,通志,97,scrape_output\raw\宋朝\通志\通志__juan_97.txt,scrape_output\clean\宋朝\通志\通志__juan_97.txt,0,0,1
宋朝,19427,通志,通志/卷098,通志,98,scrape_output\raw\宋朝\通志\通志__juan_98.txt,scrape_output\clean\宋朝\通志\通志__juan_98.txt,0,0,1
宋朝,19427,通志,通志/卷099,通志,99,scrape_output\raw\宋朝\通志\通志__juan_99.txt,scrape_output\clean\宋朝\通志\通志__juan_99.txt,0,0,1
宋朝,19427,通志,通志/卷100,通志,100,scrape_output\raw\宋朝\通志\通志__juan_100.txt,scrape_output\clean\宋朝\通志\通志__juan_100.txt,0,0,1
宋朝,19427,通志,通志/卷101,通志,101,scrape_output\raw\宋朝\通志\通志__juan_101.txt,scrape_output\clean\宋朝\通志\通志__juan_101.txt,0,0,1
宋朝,19427,通志,通志/卷102,通志,102,scrape_output\raw\宋朝\通志\通志__juan_102.txt,scrape_output\clean\宋朝\通志\通志__juan_102.txt,0,0,1
宋朝,19427,通志,通志/卷103,通志,103,scrape_output\raw\宋朝\通志\通志__juan_103.txt,scrape_output\clean\宋朝\通志\通志__juan_103.txt,0,0,1
宋朝,19427,通志,通志/卷104,通志,104,scrape_output\raw\宋朝\通志\通志__juan_104.txt,scrape_output\clean\宋朝\通志\通志__juan_104.txt,0,0,1
宋朝,19427,通志,通志/卷105,通志,105,scrape_output\raw\宋朝\通志\通志__juan_105.txt,scrape_output\clean\宋朝\通志\通志__juan_105.txt,0,0,1
宋朝,19427,通志,通志/卷106,通志,106,scrape_output\raw\宋朝\通志\通志__juan_106.txt,scrape_output\clean\宋朝\通志\通志__juan_106.txt,0,0,1
宋朝,19427,通志,通志/卷107,通志,107,scrape_output\raw\宋朝\通志\通志__juan_107.txt,scrape_output\clean\宋朝\通志\通志__juan_107.txt,0,0,1
宋朝,19427,通志,通志/卷108,通志,108,scrape_output\raw\宋朝\通志\通志__juan_108.txt,scrape_output\clean\宋朝\通志\通志__juan_108.txt,0,0,1
宋朝,19427,通志,通志/卷109,通志,109,scrape_output\raw\宋朝\通志\通志__juan_109.txt,scrape_output\clean\宋朝\通志\通志__juan_109.txt,0,0,1
宋朝,19427,通志,通志/卷110,通志,110,scrape_output\raw\宋朝\通志\通志__juan_110.txt,scrape_output\clean\宋朝\通志\通志__juan_110.txt,0,0,1
宋朝,19427,通志,通志/卷111,通志,111,scrape_output\raw\宋朝\通志\通志__juan_111.txt,scrape_output\clean\宋朝\通志\通志__juan_111.txt,0,0,1
宋朝,19427,通志,通志/卷112,通志,112,scrape_output\raw\宋朝\通志\通志__juan_112.txt,scrape_output\clean\宋朝\通志\通志__juan_112.txt,0,0,1
宋朝,19427,通志,通志/卷113,通志,113,scrape_output\raw\宋朝\通志\通志__juan_113.txt,scrape_output\clean\宋朝\通志\通志__juan_113.txt,0,0,1
宋朝,19427,通志,通志/卷114,通志,114,scrape_output\raw\宋朝\通志\通志__juan_114.txt,scrape_output\clean\宋朝\通志\通志__juan_114.txt,0,0,1
宋朝,19427,通志,通志/卷115,通志,115,scrape_output\raw\宋朝\通志\通志__juan_115.txt,scrape_output\clean\宋朝\通志\通志__juan_115.txt,0,0,1
宋朝,19427,通志,通志/卷116,通志,116,scrape_output\raw\宋朝\通志\通志__juan_116.txt,scrape_output\clean\宋朝\通志\通志__juan_116.txt,0,0,1
宋朝,19427,通志,通志/卷117,通志,117,scrape_output\raw\宋朝\通志\通志__juan_117.txt,scrape_output\clean\宋朝\通志\通志__juan_117.txt,0,0,1
宋朝,19427,通志,通志/卷118,通志,118,scrape_output\raw\宋朝\通志\通志__juan_118.txt,scrape_output\clean\宋朝\通志\通志__juan_118.txt,0,0,1
宋朝,19427,通志,通志/卷119,通志,119,scrape_output\raw\宋朝\通志\通志__juan_119.txt,scrape_output\clean\宋朝\通志\通志__juan_119.txt,2015,1934,0
宋朝,19427,通志,通志/卷120,通志,120,scrape_output\raw\宋朝\通志\通志__juan_120.txt,scrape_output\clean\宋朝\通志\通志__juan_120.txt,0,0,1
宋朝,19427,通志,通志/卷121,通志,121,scrape_output\raw\宋朝\通志\通志__juan_121.txt,scrape_output\clean\宋朝\通志\通志__juan_121.txt,0,0,1
宋朝,19427,通志,通志/卷122,通志,122,scrape_output\raw\宋朝\通志\通志__juan_122.txt,scrape_output\clean\宋朝\通志\通志__juan_122.txt,0,0,1
宋朝,19427,通志,通志/卷123,通志,123,scrape_output\raw\宋朝\通志\通志__juan_123.txt,scrape_output\clean\宋朝\通志\通志__juan_123.txt,0,0,1
宋朝,19427,通志,通志/卷124,通志,124,scrape_output\raw\宋朝\通志\通志__juan_124.txt,scrape_output\clean\宋朝\通志\通志__juan_124.txt,0,0,1
宋朝,19427,通志,通志/卷125,通志,125,scrape_output\raw\宋朝\通志\通志__juan_125.txt,scrape_output\clean\宋朝\通志\通志__juan_125.txt,0,0,1
宋朝,19427,通志,通志/卷126,通志,126,scrape_output\raw\宋朝\通志\通志__juan_126.txt,scrape_output\clean\宋朝\通志\通志__juan_126.txt,0,0,1
宋朝,19427,通志,通志/卷127,通志,127,scrape_output\raw\宋朝\通志\通志__juan_127.txt,scrape_output\clean\宋朝\通志\通志__juan_127.txt,0,0,1
宋朝,19427,通志,通志/卷128,通志,128,scrape_output\raw\宋朝\通志\通志__juan_128.txt,scrape_output\clean\宋朝\通志\通志__juan_128.txt,0,0,1
宋朝,19427,通志,通志/卷129,通志,129,scrape_output\raw\宋朝\通志\通志__juan_129.txt,scrape_output\clean\宋朝\通志\通志__juan_129.txt,0,0,1
宋朝,19427,通志,通志/卷130,通志,130,scrape_output\raw\宋朝\通志\通志__juan_130.txt,scrape_output\clean\宋朝\通志\通志__juan_130.txt,0,0,1
宋朝,19427,通志,通志/卷131,通志,131,scrape_output\raw\宋朝\通志\通志__juan_131.txt,scrape_output\clean\宋朝\通志\通志__juan_131.txt,0,0,1
宋朝,19427,通志,通志/卷132,通志,132,scrape_output\raw\宋朝\通志\通志__juan_132.txt,scrape_output\clean\宋朝\通志\通志__juan_132.txt,0,0,1
宋朝,19427,通志,通志/卷133,通志,133,scrape_output\raw\宋朝\通志\通志__juan_133.txt,scrape_output\clean\宋朝\通志\通志__juan_133.txt,0,0,1
宋朝,19427,通志,通志/卷134,通志,134,scrape_output\raw\宋朝\通志\通志__juan_134.txt,scrape_output\clean\宋朝\通志\通志__juan_134.txt,0,0,1
宋朝,19427,通志,通志/卷135,通志,135,scrape_output\raw\宋朝\通志\通志__juan_135.txt,scrape_output\clean\宋朝\通志\通志__juan_135.txt,0,0,1
宋朝,19427,通志,通志/卷136,通志,136,scrape_output\raw\宋朝\通志\通志__juan_136.txt,scrape_output\clean\宋朝\通志\通志__juan_136.txt,0,0,1
宋朝,19427,通志,通志/卷137,通志,137,scrape_output\raw\宋朝\通志\通志__juan_137.txt,scrape_output\clean\宋朝\通志\通志__juan_137.txt,0,0,1
宋朝,19427,通志,通志/卷138,通志,138,scrape_output\raw\宋朝\通志\通志__juan_138.txt,scrape_output\clean\宋朝\通志\通志__juan_138.txt,0,0,1
宋朝,19427,通志,通志/卷139,通志,139,scrape_output\raw\宋朝\通志\通志__juan_139.txt,scrape_output\clean\宋朝\通志\通志__juan_139.txt,0,0,1
宋朝,19427,通志,通志/卷140,通志,140,scrape_output\raw\宋朝\通志\通志__juan_140.txt,scrape_output\clean\宋朝\通志\通志__juan_140.txt,0,0,1
宋朝,19427,通志,通志/卷141,通志,141,scrape_output\raw\宋朝\通志\通志__juan_141.txt,scrape_output\clean\宋朝\通志\通志__juan_141.txt,0,0,1
宋朝,19427,通志,通志/卷142,通志,142,scrape_output\raw\宋朝\通志\通志__juan_142.txt,scrape_output\clean\宋朝\通志\通志__juan_142.txt,0,0,1
宋朝,19427,通志,通志/卷143,通志,143,scrape_output\raw\宋朝\通志\通志__juan_143.txt,scrape_output\clean\宋朝\通志\通志__juan_143.txt,0,0,1
宋朝,19427,通志,通志/卷144,通志,144,scrape_output\raw\宋朝\通志\通志__juan_144.txt,scrape_output\clean\宋朝\通志\通志__juan_144.txt,0,0,1
宋朝,19427,通志,通志/卷145,通志,145,scrape_output\raw\宋朝\通志\通志__juan_145.txt,scrape_output\clean\宋朝\通志\通志__juan_145.txt,0,0,1
宋朝,19427,通志,通志/卷146,通志,146,scrape_output\raw\宋朝\通志\通志__juan_146.txt,scrape_output\clean\宋朝\通志\通志__juan_146.txt,0,0,1
宋朝,19427,通志,通志/卷147,通志,147,scrape_output\raw\宋朝\通志\通志__juan_147.txt,scrape_output\clean\宋朝\通志\通志__juan_147.txt,0,0,1
宋朝,19427,通志,通志/卷148,通志,148,scrape_output\raw\宋朝\通志\通志__juan_148.txt,scrape_output\clean\宋朝\通志\通志__juan_148.txt,0,0,1
宋朝,19427,通志,通志/卷149,通志,149,scrape_output\raw\宋朝\通志\通志__juan_149.txt,scrape_output\clean\宋朝\通志\通志__juan_149.txt,0,0,1
宋朝,19427,通志,通志/卷150,通志,150,scrape_output\raw\宋朝\通志\通志__juan_150.txt,scrape_output\clean\宋朝\通志\通志__juan_150.txt,0,0,1
宋朝,19427,通志,通志/卷151,通志,151,scrape_output\raw\宋朝\通志\通志__juan_151.txt,scrape_output\clean\宋朝\通志\通志__juan_151.txt,0,0,1
宋朝,19427,通志,通志/卷152,通志,152,scrape_output\raw\宋朝\通志\通志__juan_152.txt,scrape_output\clean\宋朝\通志\通志__juan_152.txt,0,0,1
宋朝,19427,通志,通志/卷153,通志,153,scrape_output\raw\宋朝\通志\通志__juan_153.txt,scrape_output\clean\宋朝\通志\通志__juan_153.txt,0,0,1
宋朝,19427,通志,通志/卷154,通志,154,scrape_output\raw\宋朝\通志\通志__juan_154.txt,scrape_output\clean\宋朝\通志\通志__juan_154.txt,0,0,1
宋朝,19427,通志,通志/卷155,通志,155,scrape_output\raw\宋朝\通志\通志__juan_155.txt,scrape_output\clean\宋朝\通志\通志__juan_155.txt,0,0,1
宋朝,19427,通志,通志/卷156,通志,156,scrape_output\raw\宋朝\通志\通志__juan_156.txt,scrape_output\clean\宋朝\通志\通志__juan_156.txt,0,0,1
宋朝,19427,通志,通志/卷157,通志,157,scrape_output\raw\宋朝\通志\通志__juan_157.txt,scrape_output\clean\宋朝\通志\通志__juan_157.txt,0,0,1
宋朝,19427,通志,通志/卷158,通志,158,scrape_output\raw\宋朝\通志\通志__juan_158.txt,scrape_output\clean\宋朝\通志\通志__juan_158.txt,0,0,1
宋朝,19427,通志,通志/卷159,通志,159,scrape_output\raw\宋朝\通志\通志__juan_159.txt,scrape_output\clean\宋朝\通志\通志__juan_159.txt,0,0,1
宋朝,19427,通志,通志/卷160,通志,160,scrape_output\raw\宋朝\通志\通志__juan_160.txt,scrape_output\clean\宋朝\通志\通志__juan_160.txt,0,0,1
宋朝,19427,通志,通志/卷161,通志,161,scrape_output\raw\宋朝\通志\通志__juan_161.txt,scrape_output\clean\宋朝\通志\通志__juan_161.txt,0,0,1
宋朝,19427,通志,通志/卷162,通志,162,scrape_output\raw\宋朝\通志\通志__juan_162.txt,scrape_output\clean\宋朝\通志\通志__juan_162.txt,0,0,1
宋朝,19427,通志,通志/卷163,通志,163,scrape_output\raw\宋朝\通志\通志__juan_163.txt,scrape_output\clean\宋朝\通志\通志__juan_163.txt,0,0,1
宋朝,19427,通志,通志/卷164,通志,164,scrape_output\raw\宋朝\通志\通志__juan_164.txt,scrape_output\clean\宋朝\通志\通志__juan_164.txt,0,0,1
宋朝,19427,通志,通志/卷165,通志,165,scrape_output\raw\宋朝\通志\通志__juan_165.txt,scrape_output\clean\宋朝\通志\通志__juan_165.txt,0,0,1
宋朝,19427,通志,通志/卷166,通志,166,scrape_output\raw\宋朝\通志\通志__juan_166.txt,scrape_output\clean\宋朝\通志\通志__juan_166.txt,0,0,1
宋朝,19427,通志,通志/卷167,通志,167,scrape_output\raw\宋朝\通志\通志__juan_167.txt,scrape_output\clean\宋朝\通志\通志__juan_167.txt,0,0,1
宋朝,19427,通志,通志/卷168,通志,168,scrape_output\raw\宋朝\通志\通志__juan_168.txt,scrape_output\clean\宋朝\通志\通志__juan_168.txt,0,0,1
宋朝,19427,通志,通志/卷169,通志,169,scrape_output\raw\宋朝\通志\通志__juan_169.txt,scrape_output\clean\宋朝\通志\通志__juan_169.txt,0,0,1
宋朝,19427,通志,通志/卷170,通志,170,scrape_output\raw\宋朝\通志\通志__juan_170.txt,scrape_output\clean\宋朝\通志\通志__juan_170.txt,0,0,1
宋朝,19427,通志,通志/卷171,通志,171,scrape_output\raw\宋朝\通志\通志__juan_171.txt,scrape_output\clean\宋朝\通志\通志__juan_171.txt,0,0,1
宋朝,19427,通志,通志/卷172,通志,172,scrape_output\raw\宋朝\通志\通志__juan_172.txt,scrape_output\clean\宋朝\通志\通志__juan_172.txt,0,0,1
宋朝,19427,通志,通志/卷173,通志,173,scrape_output\raw\宋朝\通志\通志__juan_173.txt,scrape_output\clean\宋朝\通志\通志__juan_173.txt,0,0,1
宋朝,19427,通志,通志/卷174,通志,174,scrape_output\raw\宋朝\通志\通志__juan_174.txt,scrape_output\clean\宋朝\通志\通志__juan_174.txt,0,0,1
宋朝,19427,通志,通志/卷175,通志,175,scrape_output\raw\宋朝\通志\通志__juan_175.txt,scrape_output\clean\宋朝\通志\通志__juan_175.txt,0,0,1
宋朝,19427,通志,通志/卷176,通志,176,scrape_output\raw\宋朝\通志\通志__juan_176.txt,scrape_output\clean\宋朝\通志\通志__juan_176.txt,0,0,1
宋朝,19427,通志,通志/卷177,通志,177,scrape_output\raw\宋朝\通志\通志__juan_177.txt,scrape_output\clean\宋朝\通志\通志__juan_177.txt,0,0,1
宋朝,19427,通志,通志/卷178,通志,178,scrape_output\raw\宋朝\通志\通志__juan_178.txt,scrape_output\clean\宋朝\通志\通志__juan_178.txt,0,0,1
宋朝,19427,通志,通志/卷179,通志,179,scrape_output\raw\宋朝\通志\通志__juan_179.txt,scrape_output\clean\宋朝\通志\通志__juan_179.txt,0,0,1
宋朝,19427,通志,通志/卷180,通志,180,scrape_output\raw\宋朝\通志\通志__juan_180.txt,scrape_output\clean\宋朝\通志\通志__juan_180.txt,0,0,1
宋朝,19427,通志,通志/卷181,通志,181,scrape_output\raw\宋朝\通志\通志__juan_181.txt,scrape_output\clean\宋朝\通志\通志__juan_181.txt,0,0,1
宋朝,19427,通志,通志/卷182,通志,182,scrape_output\raw\宋朝\通志\通志__juan_182.txt,scrape_output\clean\宋朝\通志\通志__juan_182.txt,0,0,1
宋朝,19427,通志,通志/卷183,通志,183,scrape_output\raw\宋朝\通志\通志__juan_183.txt,scrape_output\clean\宋朝\通志\通志__juan_183.txt,0,0,1
宋朝,19427,通志,通志/卷184,通志,184,scrape_output\raw\宋朝\通志\通志__juan_184.txt,scrape_output\clean\宋朝\通志\通志__juan_184.txt,0,0,1
宋朝,19427,通志,通志/卷185,通志,185,scrape_output\raw\宋朝\通志\通志__juan_185.txt,scrape_output\clean\宋朝\通志\通志__juan_185.txt,0,0,1
宋朝,19427,通志,通志/卷186,通志,186,scrape_output\raw\宋朝\通志\通志__juan_186.txt,scrape_output\clean\宋朝\通志\通志__juan_186.txt,0,0,1
宋朝,19427,通志,通志/卷187,通志,187,scrape_output\raw\宋朝\通志\通志__juan_187.txt,scrape_output\clean\宋朝\通志\通志__juan_187.txt,0,0,1
宋朝,19427,通志,通志/卷188,通志,188,scrape_output\raw\宋朝\通志\通志__juan_188.txt,scrape_output\clean\宋朝\通志\通志__juan_188.txt,0,0,1
宋朝,19427,通志,通志/卷189,通志,189,scrape_output\raw\宋朝\通志\通志__juan_189.txt,scrape_output\clean\宋朝\通志\通志__juan_189.txt,0,0,1
宋朝,19427,通志,通志/卷190,通志,190,scrape_output\raw\宋朝\通志\通志__juan_190.txt,scrape_output\clean\宋朝\通志\通志__juan_190.txt,0,0,1
宋朝,19427,通志,通志/卷191,通志,191,scrape_output\raw\宋朝\通志\通志__juan_191.txt,scrape_output\clean\宋朝\通志\通志__juan_191.txt,0,0,1
宋朝,19427,通志,通志/卷192,通志,192,scrape_output\raw\宋朝\通志\通志__juan_192.txt,scrape_output\clean\宋朝\通志\通志__juan_192.txt,0,0,1
宋朝,19427,通志,通志/卷193,通志,193,scrape_output\raw\宋朝\通志\通志__juan_193.txt,scrape_output\clean\宋朝\通志\通志__juan_193.txt,0,0,1
宋朝,19427,通志,通志/卷194,通志,194,scrape_output\raw\宋朝\通志\通志__juan_194.txt,scrape_output\clean\宋朝\通志\通志__juan_194.txt,0,0,1
宋朝,19427,通志,通志/卷195,通志,195,scrape_output\raw\宋朝\通志\通志__juan_195.txt,scrape_output\clean\宋朝\通志\通志__juan_195.txt,0,0,1
宋朝,19427,通志,通志/卷196,通志,196,scrape_output\raw\宋朝\通志\通志__juan_196.txt,scrape_output\clean\宋朝\通志\通志__juan_196.txt,0,0,1
宋朝,19427,通志,通志/卷197,通志,197,scrape_output\raw\宋朝\通志\通志__juan_197.txt,scrape_output\clean\宋朝\通志\通志__juan_197.txt,113,113,0
宋朝,19427,通志,通志/卷198,通志,198,scrape_output\raw\宋朝\通志\通志__juan_198.txt,scrape_output\clean\宋朝\通志\通志__juan_198.txt,0,0,1
宋朝,19427,通志,通志/卷199,通志,199,scrape_output\raw\宋朝\通志\通志__juan_199.txt,scrape_output\clean\宋朝\通志\通志__juan_199.txt,1001,921,0
宋朝,19427,通志,通志/卷200,通志,200,scrape_output\raw\宋朝\通志\通志__juan_200.txt,scrape_output\clean\宋朝\通志\通志__juan_200.txt,2787,2705,0
宋朝,323864,通書 (附朱熹解),通書 (附朱熹解),通書 (附朱熹解),1,scrape_output\raw\宋朝\通書 (附朱熹解)\通書 (附朱熹解)__juan_01.txt,scrape_output\clean\宋朝\通書 (附朱熹解)\通書 (附朱熹解)__juan_01.txt,13807,13649,0
宋朝,344846,通進司上皇帝書,通進司上皇帝書,通進司上皇帝書,1,scrape_output\raw\宋朝\通進司上皇帝書\通進司上皇帝書__juan_01.txt,scrape_output\clean\宋朝\通進司上皇帝書\通進司上皇帝書__juan_01.txt,4549,4505,0
宋朝,200378,進編年通載表,進編年通載表,進編年通載表,1,scrape_output\raw\宋朝\進編年通載表\進編年通載表__juan_01.txt,scrape_output\clean\宋朝\進編年通載表\進編年通載表__juan_01.txt,2059,1528,0
宋朝,200429,進郊祀慶成詩表（宋,進郊祀慶成詩表（宋·陳襄）,進郊祀慶成詩表（宋,1,scrape_output\raw\宋朝\進郊祀慶成詩表（宋\進郊祀慶成詩表（宋__juan_01.txt,scrape_output\clean\宋朝\進郊祀慶成詩表（宋\進郊祀慶成詩表（宋__juan_01.txt,706,91,0
宋朝,29780,遇便風,遇便風,遇便風,1,scrape_output\raw\宋朝\遇便風\遇便風__juan_01.txt,scrape_output\clean\宋朝\遇便風\遇便風__juan_01.txt,326,280,0
宋朝,37339,遊超化寺,遊超化寺,遊超化寺,1,scrape_output\raw\宋朝\遊超化寺\遊超化寺__juan_01.txt,scrape_output\clean\宋朝\遊超化寺\遊超化寺__juan_01.txt,346,285,0
宋朝,29664,過上湖嶺望招賢江南北山四首,過上湖嶺望招賢江南北山四首,過上湖嶺望招賢江南北山四首,1,scrape_output\raw\宋朝\過上湖嶺望招賢江南北山四首\過上湖嶺望招賢江南北山四首__juan_01.txt,scrape_output\clean\宋朝\過上湖嶺望招賢江南北山四首\過上湖嶺望招賢江南北山四首__juan_01.txt,250,158,0
宋朝,179209,過下梅,過下梅,過下梅,1,scrape_output\raw\宋朝\過下梅\過下梅__juan_01.txt,scrape_output\clean\宋朝\過下梅\過下梅__juan_01.txt,113,69,0
宋朝,35648,過平望,過平望,過平望,1,scrape_output\raw\宋朝\過平望\過平望__juan_01.txt,scrape_output\clean\宋朝\過平望\過平望__juan_01.txt,196,145,0
宋朝,35647,過松江,過松江,過松江,1,scrape_output\raw\宋朝\過松江\過松江__juan_01.txt,scrape_output\clean\宋朝\過松江\過松江__juan_01.txt,247,195,0
宋朝,49599,過永城,過永城,過永城,1,scrape_output\raw\宋朝\過永城\過永城__juan_01.txt,scrape_output\clean\宋朝\過永城\過永城__juan_01.txt,113,69,0
宋朝,179112,過百家渡四絕句 (一晴一雨路乾濕),過百家渡四絕句 (一晴一雨路乾濕),過百家渡四絕句 (一晴一雨路乾濕),1,scrape_output\raw\宋朝\過百家渡四絕句 (一晴一雨路乾濕)\過百家渡四絕句 (一晴一雨路乾濕)__juan_01.txt,scrape_output\clean\宋朝\過百家渡四絕句 (一晴一雨路乾濕)\過百家渡四絕句 (一晴一雨路乾濕)__juan_01.txt,113,69,0
宋朝,179109,過百家渡四絕句 (出得城來事事幽),過百家渡四絕句 (出得城來事事幽),過百家渡四絕句 (出得城來事事幽),1,scrape_output\raw\宋朝\過百家渡四絕句 (出得城來事事幽)\過百家渡四絕句 (出得城來事事幽)__juan_01.txt,scrape_output\clean\宋朝\過百家渡四絕句 (出得城來事事幽)\過百家渡四絕句 (出得城來事事幽)__juan_01.txt,113,69,0
宋朝,179110,過百家渡四絕句 (園花落盡路花開),過百家渡四絕句 (園花落盡路花開),過百家渡四絕句 (園花落盡路花開),1,scrape_output\raw\宋朝\過百家渡四絕句 (園花落盡路花開)\過百家渡四絕句 (園花落盡路花開)__juan_01.txt,scrape_output\clean\宋朝\過百家渡四絕句 (園花落盡路花開)\過百家渡四絕句 (園花落盡路花開)__juan_01.txt,113,69,0
宋朝,179111,過百家渡四絕句 (柳子祠前春已殘),過百家渡四絕句 (柳子祠前春已殘),過百家渡四絕句 (柳子祠前春已殘),1,scrape_output\raw\宋朝\過百家渡四絕句 (柳子祠前春已殘)\過百家渡四絕句 (柳子祠前春已殘)__juan_01.txt,scrape_output\clean\宋朝\過百家渡四絕句 (柳子祠前春已殘)\過百家渡四絕句 (柳子祠前春已殘)__juan_01.txt,113,69,0
宋朝,29676,過臨淄,過臨淄,過臨淄,1,scrape_output\raw\宋朝\過臨淄\過臨淄__juan_01.txt,scrape_output\clean\宋朝\過臨淄\過臨淄__juan_01.txt,113,69,0
宋朝,187868,道中(范成大),道中(范成大),道中(范成大),1,scrape_output\raw\宋朝\道中(范成大)\道中(范成大)__juan_01.txt,scrape_output\clean\宋朝\道中(范成大)\道中(范成大)__juan_01.txt,136,89,0
宋朝,59244,道傍店,道傍店,道傍店,1,scrape_output\raw\宋朝\道傍店\道傍店__juan_01.txt,scrape_output\clean\宋朝\道傍店\道傍店__juan_01.txt,126,34,0
宋朝,59192,道傍竹,道傍竹,道傍竹,1,scrape_output\raw\宋朝\道傍竹\道傍竹__juan_01.txt,scrape_output\clean\宋朝\道傍竹\道傍竹__juan_01.txt,118,26,0
宋朝,889102,道德真經疏義,道德真經疏義/卷一,道德真經疏義,1,scrape_output\raw\宋朝\道德真經疏義\道德真經疏義__juan_01.txt,scrape_output\clean\宋朝\道德真經疏義\道德真經疏義__juan_01.txt,9809,9809,0
宋朝,889102,道德真經疏義,道德真經疏義/卷二,道德真經疏義,2,scrape_output\raw\宋朝\道德真經疏義\道德真經疏義__juan_02.txt,scrape_output\clean\宋朝\道德真經疏義\道德真經疏義__juan_02.txt,9946,9938,0
宋朝,889102,道德真經疏義,道德真經疏義/卷三,道德真經疏義,3,scrape_output\raw\宋朝\道德真經疏義\道德真經疏義__juan_03.txt,scrape_output\clean\宋朝\道德真經疏義\道德真經疏義__juan_03.txt,11686,11682,0
宋朝,889102,道德真經疏義,道德真經疏義/卷四,道德真經疏義,4,scrape_output\raw\宋朝\道德真經疏義\道德真經疏義__juan_04.txt,scrape_output\clean\宋朝\道德真經疏義\道德真經疏義__juan_04.txt,11028,11027,0
宋朝,889102,道德真經疏義,道德真經疏義/卷五,道德真經疏義,5,scrape_output\raw\宋朝\道德真經疏義\道德真經疏義__juan_05.txt,scrape_output\clean\宋朝\道德真經疏義\道德真經疏義__juan_05.txt,12025,12016,0
宋朝,889102,道德真經疏義,道德真經疏義/卷六,道德真經疏義,6,scrape_output\raw\宋朝\道德真經疏義\道德真經疏義__juan_06.txt,scrape_output\clean\宋朝\道德真經疏義\道德真經疏義__juan_06.txt,10778,10764,0
宋朝,889102,道德真經疏義,道德真經疏義/卷七,道德真經疏義,7,scrape_output\raw\宋朝\道德真經疏義\道德真經疏義__juan_07.txt,scrape_output\clean\宋朝\道德真經疏義\道德真經疏義__juan_07.txt,12672,12655,0
宋朝,889102,道德真經疏義,道德真經疏義/卷八,道德真經疏義,8,scrape_output\raw\宋朝\道德真經疏義\道德真經疏義__juan_08.txt,scrape_output\clean\宋朝\道德真經疏義\道德真經疏義__juan_08.txt,11621,11613,0
宋朝,889102,道德真經疏義,道德真經疏義/卷九,道德真經疏義,9,scrape_output\raw\宋朝\道德真經疏義\道德真經疏義__juan_09.txt,scrape_output\clean\宋朝\道德真經疏義\道德真經疏義__juan_09.txt,11931,11919,0
宋朝,889102,道德真經疏義,道德真經疏義/卷十,道德真經疏義,10,scrape_output\raw\宋朝\道德真經疏義\道德真經疏義__juan_10.txt,scrape_output\clean\宋朝\道德真經疏義\道德真經疏義__juan_10.txt,12751,12735,0
宋朝,889102,道德真經疏義,道德真經疏義/卷十一,道德真經疏義,11,scrape_output\raw\宋朝\道德真經疏義\道德真經疏義__juan_11.txt,scrape_output\clean\宋朝\道德真經疏義\道德真經疏義__juan_11.txt,10541,10529,0
宋朝,889102,道德真經疏義,道德真經疏義/卷十二,道德真經疏義,12,scrape_output\raw\宋朝\道德真經疏義\道德真經疏義__juan_12.txt,scrape_output\clean\宋朝\道德真經疏義\道德真經疏義__juan_12.txt,12795,12780,0
宋朝,889102,道德真經疏義,道德真經疏義/卷十三,道德真經疏義,13,scrape_output\raw\宋朝\道德真經疏義\道德真經疏義__juan_13.txt,scrape_output\clean\宋朝\道德真經疏義\道德真經疏義__juan_13.txt,11315,11298,0
宋朝,889102,道德真經疏義,道德真經疏義/卷十四,道德真經疏義,14,scrape_output\raw\宋朝\道德真經疏義\道德真經疏義__juan_14.txt,scrape_output\clean\宋朝\道德真經疏義\道德真經疏義__juan_14.txt,11031,11006,0
宋朝,814579,道德真經註疏,道德真經註疏/1,道德真經註疏,1,scrape_output\raw\宋朝\道德真經註疏\道德真經註疏__juan_01.txt,scrape_output\clean\宋朝\道德真經註疏\道德真經註疏__juan_01.txt,8056,7959,0
宋朝,814579,道德真經註疏,道德真經註疏/2,道德真經註疏,2,scrape_output\raw\宋朝\道德真經註疏\道德真經註疏__juan_02.txt,scrape_output\clean\宋朝\道德真經註疏\道德真經註疏__juan_02.txt,10592,10434,0
宋朝,814579,道德真經註疏,道德真經註疏/3,道德真經註疏,3,scrape_output\raw\宋朝\道德真經註疏\道德真經註疏__juan_03.txt,scrape_output\clean\宋朝\道德真經註疏\道德真經註疏__juan_03.txt,15436,15235,0
宋朝,814579,道德真經註疏,道德真經註疏/4,道德真經註疏,4,scrape_output\raw\宋朝\道德真經註疏\道德真經註疏__juan_04.txt,scrape_output\clean\宋朝\道德真經註疏\道德真經註疏__juan_04.txt,9352,9230,0
宋朝,814579,道德真經註疏,道德真經註疏/5,道德真經註疏,5,scrape_output\raw\宋朝\道德真經註疏\道德真經註疏__juan_05.txt,scrape_output\clean\宋朝\道德真經註疏\道德真經註疏__juan_05.txt,10886,10753,0
宋朝,814579,道德真經註疏,道德真經註疏/6,道德真經註疏,6,scrape_output\raw\宋朝\道德真經註疏\道德真經註疏__juan_06.txt,scrape_output\clean\宋朝\道德真經註疏\道德真經註疏__juan_06.txt,10375,10232,0
宋朝,814579,道德真經註疏,道德真經註疏/7,道德真經註疏,7,scrape_output\raw\宋朝\道德真經註疏\道德真經註疏__juan_07.txt,scrape_output\clean\宋朝\道德真經註疏\道德真經註疏__juan_07.txt,5878,5791,0
宋朝,814579,道德真經註疏,道德真經註疏/8,道德真經註疏,8,scrape_output\raw\宋朝\道德真經註疏\道德真經註疏__juan_08.txt,scrape_output\clean\宋朝\道德真經註疏\道德真經註疏__juan_08.txt,8199,8079,0
宋朝,162369,道樞,道樞/卷一,道樞,1,scrape_output\raw\宋朝\道樞\道樞__juan_01.txt,scrape_output\clean\宋朝\道樞\道樞__juan_01.txt,4774,4761,0
宋朝,162369,道樞,道樞/卷二,道樞,2,scrape_output\raw\宋朝\道樞\道樞__juan_02.txt,scrape_output\clean\宋朝\道樞\道樞__juan_02.txt,3079,3075,0
宋朝,162369,道樞,道樞/卷三,道樞,3,scrape_output\raw\宋朝\道樞\道樞__juan_03.txt,scrape_output\clean\宋朝\道樞\道樞__juan_03.txt,5492,5483,0
宋朝,162369,道樞,道樞/卷四,道樞,4,scrape_output\raw\宋朝\道樞\道樞__juan_04.txt,scrape_output\clean\宋朝\道樞\道樞__juan_04.txt,9822,9812,0
宋朝,162369,道樞,道樞/卷五,道樞,5,scrape_output\raw\宋朝\道樞\道樞__juan_05.txt,scrape_output\clean\宋朝\道樞\道樞__juan_05.txt,9434,9420,0
宋朝,162369,道樞,道樞/卷六,道樞,6,scrape_output\raw\宋朝\道樞\道樞__juan_06.txt,scrape_output\clean\宋朝\道樞\道樞__juan_06.txt,5063,5058,0
宋朝,162369,道樞,道樞/卷七,道樞,7,scrape_output\raw\宋朝\道樞\道樞__juan_07.txt,scrape_output\clean\宋朝\道樞\道樞__juan_07.txt,7890,7876,0
宋朝,162369,道樞,道樞/卷八,道樞,8,scrape_output\raw\宋朝\道樞\道樞__juan_08.txt,scrape_output\clean\宋朝\道樞\道樞__juan_08.txt,6641,6630,0
宋朝,162369,道樞,道樞/卷九,道樞,9,scrape_output\raw\宋朝\道樞\道樞__juan_09.txt,scrape_output\clean\宋朝\道樞\道樞__juan_09.txt,5833,5819,0
宋朝,162369,道樞,道樞/卷十,道樞,10,scrape_output\raw\宋朝\道樞\道樞__juan_10.txt,scrape_output\clean\宋朝\道樞\道樞__juan_10.txt,5168,5158,0
宋朝,162369,道樞,道樞/卷十一,道樞,11,scrape_output\raw\宋朝\道樞\道樞__juan_11.txt,scrape_output\clean\宋朝\道樞\道樞__juan_11.txt,6009,6004,0
宋朝,162369,道樞,道樞/卷十二,道樞,12,scrape_output\raw\宋朝\道樞\道樞__juan_12.txt,scrape_output\clean\宋朝\道樞\道樞__juan_12.txt,5383,5371,0
宋朝,162369,道樞,道樞/卷十三,道樞,13,scrape_output\raw\宋朝\道樞\道樞__juan_13.txt,scrape_output\clean\宋朝\道樞\道樞__juan_13.txt,5090,5074,0
宋朝,162369,道樞,道樞/卷十四,道樞,14,scrape_output\raw\宋朝\道樞\道樞__juan_14.txt,scrape_output\clean\宋朝\道樞\道樞__juan_14.txt,5068,5063,0
宋朝,162369,道樞,道樞/卷十五,道樞,15,scrape_output\raw\宋朝\道樞\道樞__juan_15.txt,scrape_output\clean\宋朝\道樞\道樞__juan_15.txt,5060,5052,0
宋朝,162369,道樞,道樞/卷十六,道樞,16,scrape_output\raw\宋朝\道樞\道樞__juan_16.txt,scrape_output\clean\宋朝\道樞\道樞__juan_16.txt,5897,5891,0
宋朝,162369,道樞,道樞/卷十七,道樞,17,scrape_output\raw\宋朝\道樞\道樞__juan_17.txt,scrape_output\clean\宋朝\道樞\道樞__juan_17.txt,5406,5398,0
宋朝,162369,道樞,道樞/卷十八,道樞,18,scrape_output\raw\宋朝\道樞\道樞__juan_18.txt,scrape_output\clean\宋朝\道樞\道樞__juan_18.txt,5097,5090,0
宋朝,162369,道樞,道樞/卷十九,道樞,19,scrape_output\raw\宋朝\道樞\道樞__juan_19.txt,scrape_output\clean\宋朝\道樞\道樞__juan_19.txt,8474,8458,0
宋朝,162369,道樞,道樞/卷二十,道樞,20,scrape_output\raw\宋朝\道樞\道樞__juan_20.txt,scrape_output\clean\宋朝\道樞\道樞__juan_20.txt,4203,4186,0
宋朝,162369,道樞,道樞/卷二十一,道樞,21,scrape_output\raw\宋朝\道樞\道樞__juan_21.txt,scrape_output\clean\宋朝\道樞\道樞__juan_21.txt,4600,4594,0
宋朝,162369,道樞,道樞/卷二十二,道樞,22,scrape_output\raw\宋朝\道樞\道樞__juan_22.txt,scrape_output\clean\宋朝\道樞\道樞__juan_22.txt,3675,3669,0
宋朝,162369,道樞,道樞/卷二十三,道樞,23,scrape_output\raw\宋朝\道樞\道樞__juan_23.txt,scrape_output\clean\宋朝\道樞\道樞__juan_23.txt,5890,5884,0
宋朝,162369,道樞,道樞/卷二十四,道樞,24,scrape_output\raw\宋朝\道樞\道樞__juan_24.txt,scrape_output\clean\宋朝\道樞\道樞__juan_24.txt,7537,7533,0
宋朝,162369,道樞,道樞/卷二十五,道樞,25,scrape_output\raw\宋朝\道樞\道樞__juan_25.txt,scrape_output\clean\宋朝\道樞\道樞__juan_25.txt,9127,9120,0
宋朝,162369,道樞,道樞/卷二十六,道樞,26,scrape_output\raw\宋朝\道樞\道樞__juan_26.txt,scrape_output\clean\宋朝\道樞\道樞__juan_26.txt,5080,5074,0
宋朝,162369,道樞,道樞/卷二十七,道樞,27,scrape_output\raw\宋朝\道樞\道樞__juan_27.txt,scrape_output\clean\宋朝\道樞\道樞__juan_27.txt,5286,5280,0
宋朝,162369,道樞,道樞/卷二十八,道樞,28,scrape_output\raw\宋朝\道樞\道樞__juan_28.txt,scrape_output\clean\宋朝\道樞\道樞__juan_28.txt,10134,10125,0
宋朝,162369,道樞,道樞/卷二十九,道樞,29,scrape_output\raw\宋朝\道樞\道樞__juan_29.txt,scrape_output\clean\宋朝\道樞\道樞__juan_29.txt,7747,7742,0
宋朝,162369,道樞,道樞/卷三十,道樞,30,scrape_output\raw\宋朝\道樞\道樞__juan_30.txt,scrape_output\clean\宋朝\道樞\道樞__juan_30.txt,6997,6971,0
宋朝,162369,道樞,道樞/卷三十一,道樞,31,scrape_output\raw\宋朝\道樞\道樞__juan_31.txt,scrape_output\clean\宋朝\道樞\道樞__juan_31.txt,5381,5373,0
宋朝,162369,道樞,道樞/卷三十二,道樞,32,scrape_output\raw\宋朝\道樞\道樞__juan_32.txt,scrape_output\clean\宋朝\道樞\道樞__juan_32.txt,14168,14118,0
宋朝,162369,道樞,道樞/卷三十三,道樞,33,scrape_output\raw\宋朝\道樞\道樞__juan_33.txt,scrape_output\clean\宋朝\道樞\道樞__juan_33.txt,5222,5222,0
宋朝,162369,道樞,道樞/卷三十四,道樞,34,scrape_output\raw\宋朝\道樞\道樞__juan_34.txt,scrape_output\clean\宋朝\道樞\道樞__juan_34.txt,10189,10179,0
宋朝,162369,道樞,道樞/卷三十五,道樞,35,scrape_output\raw\宋朝\道樞\道樞__juan_35.txt,scrape_output\clean\宋朝\道樞\道樞__juan_35.txt,13517,13492,0
宋朝,162369,道樞,道樞/卷三十六,道樞,36,scrape_output\raw\宋朝\道樞\道樞__juan_36.txt,scrape_output\clean\宋朝\道樞\道樞__juan_36.txt,3839,3835,0
宋朝,162369,道樞,道樞/卷三十七,道樞,37,scrape_output\raw\宋朝\道樞\道樞__juan_37.txt,scrape_output\clean\宋朝\道樞\道樞__juan_37.txt,6302,6297,0
宋朝,162369,道樞,道樞/卷三十八,道樞,38,scrape_output\raw\宋朝\道樞\道樞__juan_38.txt,scrape_output\clean\宋朝\道樞\道樞__juan_38.txt,12913,12904,0
宋朝,162369,道樞,道樞/卷三十九,道樞,39,scrape_output\raw\宋朝\道樞\道樞__juan_39.txt,scrape_output\clean\宋朝\道樞\道樞__juan_39.txt,5952,5948,0
宋朝,162369,道樞,道樞/卷四十,道樞,40,scrape_output\raw\宋朝\道樞\道樞__juan_40.txt,scrape_output\clean\宋朝\道樞\道樞__juan_40.txt,7555,7551,0
宋朝,162369,道樞,道樞/卷四十一,道樞,41,scrape_output\raw\宋朝\道樞\道樞__juan_41.txt,scrape_output\clean\宋朝\道樞\道樞__juan_41.txt,6017,6016,0
宋朝,162369,道樞,道樞/卷四十二,道樞,42,scrape_output\raw\宋朝\道樞\道樞__juan_42.txt,scrape_output\clean\宋朝\道樞\道樞__juan_42.txt,10165,10158,0
宋朝,330213,還丹復命篇,還丹復命篇,還丹復命篇,1,scrape_output\raw\宋朝\還丹復命篇\還丹復命篇__juan_01.txt,scrape_output\clean\宋朝\還丹復命篇\還丹復命篇__juan_01.txt,4300,4176,0
宋朝,330214,還源篇,還源篇,還源篇,1,scrape_output\raw\宋朝\還源篇\還源篇__juan_01.txt,scrape_output\clean\宋朝\還源篇\還源篇__juan_01.txt,2489,2362,0
宋朝,200414,郊祀慶成詩（宋 陳襄）,郊祀慶成詩（宋 陳襄）,郊祀慶成詩（宋 陳襄）,1,scrape_output\raw\宋朝\郊祀慶成詩（宋 陳襄）\郊祀慶成詩（宋 陳襄）__juan_01.txt,scrape_output\clean\宋朝\郊祀慶成詩（宋 陳襄）\郊祀慶成詩（宋 陳襄）__juan_01.txt,852,285,0
宋朝,162961,郴江百詠,郴江百詠,郴江百詠,1,scrape_output\raw\宋朝\郴江百詠\郴江百詠__juan_01.txt,scrape_output\clean\宋朝\郴江百詠\郴江百詠__juan_01.txt,4049,3901,0
宋朝,102331,都城紀勝,都城紀勝,都城紀勝,1,scrape_output\raw\宋朝\都城紀勝\都城紀勝__juan_01.txt,scrape_output\clean\宋朝\都城紀勝\都城紀勝__juan_01.txt,8006,7899,0
宋朝,158846,鄂州南樓書事,鄂州南樓書事,鄂州南樓書事,1,scrape_output\raw\宋朝\鄂州南樓書事\鄂州南樓書事__juan_01.txt,scrape_output\clean\宋朝\鄂州南樓書事\鄂州南樓書事__juan_01.txt,117,73,0
宋朝,165244,酒爾雅,酒爾雅,酒爾雅,1,scrape_output\raw\宋朝\酒爾雅\酒爾雅__juan_01.txt,scrape_output\clean\宋朝\酒爾雅\酒爾雅__juan_01.txt,399,399,0
宋朝,56873,酒譜,酒譜,酒譜,1,scrape_output\raw\宋朝\酒譜\酒譜__juan_01.txt,scrape_output\clean\宋朝\酒譜\酒譜__juan_01.txt,888,796,0
宋朝,999363,酒譜 (說郛本),酒譜 (說郛本),酒譜 (說郛本),1,scrape_output\raw\宋朝\酒譜 (說郛本)\酒譜 (說郛本)__juan_01.txt,scrape_output\clean\宋朝\酒譜 (說郛本)\酒譜 (說郛本)__juan_01.txt,9657,9655,0
宋朝,192271,醉太平 (劉過),醉太平 (劉過),醉太平 (劉過),1,scrape_output\raw\宋朝\醉太平 (劉過)\醉太平 (劉過)__juan_01.txt,scrape_output\clean\宋朝\醉太平 (劉過)\醉太平 (劉過)__juan_01.txt,159,67,0
宋朝,179177,醉後題壁,醉後題壁,醉後題壁,1,scrape_output\raw\宋朝\醉後題壁\醉後題壁__juan_01.txt,scrape_output\clean\宋朝\醉後題壁\醉後題壁__juan_01.txt,113,69,0
宋朝,136085,醉翁談錄,醉翁談錄/卷之一,醉翁談錄,1,scrape_output\raw\宋朝\醉翁談錄\醉翁談錄__juan_01.txt,scrape_output\clean\宋朝\醉翁談錄\醉翁談錄__juan_01.txt,2691,2686,0
宋朝,136085,醉翁談錄,醉翁談錄/卷之七,醉翁談錄,2,scrape_output\raw\宋朝\醉翁談錄\醉翁談錄__juan_02.txt,scrape_output\clean\宋朝\醉翁談錄\醉翁談錄__juan_02.txt,2918,2909,0
宋朝,136085,醉翁談錄,醉翁談錄/卷之三,醉翁談錄,3,scrape_output\raw\宋朝\醉翁談錄\醉翁談錄__juan_03.txt,scrape_output\clean\宋朝\醉翁談錄\醉翁談錄__juan_03.txt,2653,2650,0
宋朝,136085,醉翁談錄,醉翁談錄/卷之二,醉翁談錄,4,scrape_output\raw\宋朝\醉翁談錄\醉翁談錄__juan_04.txt,scrape_output\clean\宋朝\醉翁談錄\醉翁談錄__juan_04.txt,1417,1411,0
宋朝,136085,醉翁談錄,醉翁談錄/卷之五,醉翁談錄,5,scrape_output\raw\宋朝\醉翁談錄\醉翁談錄__juan_05.txt,scrape_output\clean\宋朝\醉翁談錄\醉翁談錄__juan_05.txt,3823,3804,0
宋朝,136085,醉翁談錄,醉翁談錄/卷之八,醉翁談錄,6,scrape_output\raw\宋朝\醉翁談錄\醉翁談錄__juan_06.txt,scrape_output\clean\宋朝\醉翁談錄\醉翁談錄__juan_06.txt,1682,1650,0
宋朝,136085,醉翁談錄,醉翁談錄/卷之六,醉翁談錄,7,scrape_output\raw\宋朝\醉翁談錄\醉翁談錄__juan_07.txt,scrape_output\clean\宋朝\醉翁談錄\醉翁談錄__juan_07.txt,2684,2641,0
宋朝,136085,醉翁談錄,醉翁談錄/卷之四,醉翁談錄,8,scrape_output\raw\宋朝\醉翁談錄\醉翁談錄__juan_08.txt,scrape_output\clean\宋朝\醉翁談錄\醉翁談錄__juan_08.txt,1855,1815,0
宋朝,7331,醉花陰 (李清照),醉花陰 (李清照),醉花陰 (李清照),1,scrape_output\raw\宋朝\醉花陰 (李清照)\醉花陰 (李清照)__juan_01.txt,scrape_output\clean\宋朝\醉花陰 (李清照)\醉花陰 (李清照)__juan_01.txt,185,91,0
宋朝,32635,醉醒吟,醉醒吟,醉醒吟,1,scrape_output\raw\宋朝\醉醒吟\醉醒吟__juan_01.txt,scrape_output\clean\宋朝\醉醒吟\醉醒吟__juan_01.txt,258,214,0
宋朝,93195,醜奴兒,醜奴兒·夏意,醜奴兒,1,scrape_output\raw\宋朝\醜奴兒\醜奴兒__juan_01.txt,scrape_output\clean\宋朝\醜奴兒\醜奴兒__juan_01.txt,201,105,0
宋朝,1188120,醜奴兒 (近來愁似天來大),醜奴兒 (近來愁似天來大),醜奴兒 (近來愁似天來大),1,scrape_output\raw\宋朝\醜奴兒 (近來愁似天來大)\醜奴兒 (近來愁似天來大)__juan_01.txt,scrape_output\clean\宋朝\醜奴兒 (近來愁似天來大)\醜奴兒 (近來愁似天來大)__juan_01.txt,145,101,0
宋朝,200602,醜奴兒令 (康與之),醜奴兒令 (康與之),醜奴兒令 (康與之),1,scrape_output\raw\宋朝\醜奴兒令 (康與之)\醜奴兒令 (康與之)__juan_01.txt,scrape_output\clean\宋朝\醜奴兒令 (康與之)\醜奴兒令 (康與之)__juan_01.txt,244,148,0
宋朝,195319,醫喻經,醫喻經,醫喻經,1,scrape_output\raw\宋朝\醫喻經\醫喻經__juan_01.txt,scrape_output\clean\宋朝\醫喻經\醫喻經__juan_01.txt,641,641,0
宋朝,60594,采古來能書人名,采古來能書人名,采古來能書人名,1,scrape_output\raw\宋朝\采古來能書人名\采古來能書人名__juan_01.txt,scrape_output\clean\宋朝\采古來能書人名\采古來能書人名__juan_01.txt,2003,1911,0
宋朝,25397,采桑子 (呂本中),采桑子 (呂本中),采桑子 (呂本中),1,scrape_output\raw\宋朝\采桑子 (呂本中)\采桑子 (呂本中)__juan_01.txt,scrape_output\clean\宋朝\采桑子 (呂本中)\采桑子 (呂本中)__juan_01.txt,160,114,0
宋朝,180043,采桑子 (朱淑真),采桑子 (朱淑真),采桑子 (朱淑真),1,scrape_output\raw\宋朝\采桑子 (朱淑真)\采桑子 (朱淑真)__juan_01.txt,scrape_output\clean\宋朝\采桑子 (朱淑真)\采桑子 (朱淑真)__juan_01.txt,158,66,0
宋朝,47369,采石懷古,采石懷古,采石懷古,1,scrape_output\raw\宋朝\采石懷古\采石懷古__juan_01.txt,scrape_output\clean\宋朝\采石懷古\采石懷古__juan_01.txt,133,89,0
宋朝,108098,采石瓜洲斃亮記,采石瓜洲斃亮記,采石瓜洲斃亮記,1,scrape_output\raw\宋朝\采石瓜洲斃亮記\采石瓜洲斃亮記__juan_01.txt,scrape_output\clean\宋朝\采石瓜洲斃亮記\采石瓜洲斃亮記__juan_01.txt,6914,6870,0
宋朝,35668,重九獨登賞心亭,重九獨登賞心亭,重九獨登賞心亭,1,scrape_output\raw\宋朝\重九獨登賞心亭\重九獨登賞心亭__juan_01.txt,scrape_output\clean\宋朝\重九獨登賞心亭\重九獨登賞心亭__juan_01.txt,152,105,0
宋朝,1116774,重修宣和博古圖錄,重修宣和博古圖錄,重修宣和博古圖錄,1,scrape_output\raw\宋朝\重修宣和博古圖錄\重修宣和博古圖錄__juan_01.txt,scrape_output\clean\宋朝\重修宣和博古圖錄\重修宣和博古圖錄__juan_01.txt,0,0,1
宋朝,41299,野次,野次,野次,1,scrape_output\raw\宋朝\野次\野次__juan_01.txt,scrape_output\clean\宋朝\野次\野次__juan_01.txt,113,69,0
宋朝,178863,野菊 (楊萬里),野菊 (楊萬里),野菊 (楊萬里),1,scrape_output\raw\宋朝\野菊 (楊萬里)\野菊 (楊萬里)__juan_01.txt,scrape_output\clean\宋朝\野菊 (楊萬里)\野菊 (楊萬里)__juan_01.txt,149,105,0
宋朝,321136,金丹正宗,金丹正宗,金丹正宗,1,scrape_output\raw\宋朝\金丹正宗\金丹正宗__juan_01.txt,scrape_output\clean\宋朝\金丹正宗\金丹正宗__juan_01.txt,3772,3728,0
宋朝,1210294,金光明最勝懺儀,金光明最勝懺儀,金光明最勝懺儀,1,scrape_output\raw\宋朝\金光明最勝懺儀\金光明最勝懺儀__juan_01.txt,scrape_output\clean\宋朝\金光明最勝懺儀\金光明最勝懺儀__juan_01.txt,3196,3020,0
宋朝,1195011,金光明經文句記,金光明經文句記/卷001,金光明經文句記,1,scrape_output\raw\宋朝\金光明經文句記\金光明經文句記__juan_01.txt,scrape_output\clean\宋朝\金光明經文句記\金光明經文句記__juan_01.txt,21421,21401,0
宋朝,1195011,金光明經文句記,金光明經文句記/卷002,金光明經文句記,2,scrape_output\raw\宋朝\金光明經文句記\金光明經文句記__juan_02.txt,scrape_output\clean\宋朝\金光明經文句記\金光明經文句記__juan_02.txt,22280,22230,0
宋朝,1195011,金光明經文句記,金光明經文句記/卷003,金光明經文句記,3,scrape_output\raw\宋朝\金光明經文句記\金光明經文句記__juan_03.txt,scrape_output\clean\宋朝\金光明經文句記\金光明經文句記__juan_03.txt,25789,25763,0
宋朝,1195011,金光明經文句記,金光明經文句記/卷004,金光明經文句記,4,scrape_output\raw\宋朝\金光明經文句記\金光明經文句記__juan_04.txt,scrape_output\clean\宋朝\金光明經文句記\金光明經文句記__juan_04.txt,20884,20862,0
宋朝,1195011,金光明經文句記,金光明經文句記/卷005,金光明經文句記,5,scrape_output\raw\宋朝\金光明經文句記\金光明經文句記__juan_05.txt,scrape_output\clean\宋朝\金光明經文句記\金光明經文句記__juan_05.txt,19507,19484,0
宋朝,1195011,金光明經文句記,金光明經文句記/卷006,金光明經文句記,6,scrape_output\raw\宋朝\金光明經文句記\金光明經文句記__juan_06.txt,scrape_output\clean\宋朝\金光明經文句記\金光明經文句記__juan_06.txt,17201,17187,0
宋朝,1194812,金光明經玄義拾遺記,金光明經玄義拾遺記/卷001,金光明經玄義拾遺記,1,scrape_output\raw\宋朝\金光明經玄義拾遺記\金光明經玄義拾遺記__juan_01.txt,scrape_output\clean\宋朝\金光明經玄義拾遺記\金光明經玄義拾遺記__juan_01.txt,9072,9069,0
宋朝,1194812,金光明經玄義拾遺記,金光明經玄義拾遺記/卷002,金光明經玄義拾遺記,2,scrape_output\raw\宋朝\金光明經玄義拾遺記\金光明經玄義拾遺記__juan_02.txt,scrape_output\clean\宋朝\金光明經玄義拾遺記\金光明經玄義拾遺記__juan_02.txt,10375,10367,0
宋朝,1194812,金光明經玄義拾遺記,金光明經玄義拾遺記/卷003,金光明經玄義拾遺記,3,scrape_output\raw\宋朝\金光明經玄義拾遺記\金光明經玄義拾遺記__juan_03.txt,scrape_output\clean\宋朝\金光明經玄義拾遺記\金光明經玄義拾遺記__juan_03.txt,10002,9999,0
宋朝,1194812,金光明經玄義拾遺記,金光明經玄義拾遺記/卷004,金光明經玄義拾遺記,4,scrape_output\raw\宋朝\金光明經玄義拾遺記\金光明經玄義拾遺記__juan_04.txt,scrape_output\clean\宋朝\金光明經玄義拾遺記\金光明經玄義拾遺記__juan_04.txt,9956,9950,0
宋朝,1194812,金光明經玄義拾遺記,金光明經玄義拾遺記/卷005,金光明經玄義拾遺記,5,scrape_output\raw\宋朝\金光明經玄義拾遺記\金光明經玄義拾遺記__juan_05.txt,scrape_output\clean\宋朝\金光明經玄義拾遺記\金光明經玄義拾遺記__juan_05.txt,9025,9023,0
宋朝,1194812,金光明經玄義拾遺記,金光明經玄義拾遺記/卷006,金光明經玄義拾遺記,6,scrape_output\raw\宋朝\金光明經玄義拾遺記\金光明經玄義拾遺記__juan_06.txt,scrape_output\clean\宋朝\金光明經玄義拾遺記\金光明經玄義拾遺記__juan_06.txt,8372,8371,0
宋朝,875489,金剛經纂要刊定記,金剛經纂要刊定記/卷001,金剛經纂要刊定記,1,scrape_output\raw\宋朝\金剛經纂要刊定記\金剛經纂要刊定記__juan_01.txt,scrape_output\clean\宋朝\金剛經纂要刊定記\金剛經纂要刊定記__juan_01.txt,16618,16594,0
宋朝,875489,金剛經纂要刊定記,金剛經纂要刊定記/卷002,金剛經纂要刊定記,2,scrape_output\raw\宋朝\金剛經纂要刊定記\金剛經纂要刊定記__juan_02.txt,scrape_output\clean\宋朝\金剛經纂要刊定記\金剛經纂要刊定記__juan_02.txt,18114,18114,0
宋朝,875489,金剛經纂要刊定記,金剛經纂要刊定記/卷003,金剛經纂要刊定記,3,scrape_output\raw\宋朝\金剛經纂要刊定記\金剛經纂要刊定記__juan_03.txt,scrape_output\clean\宋朝\金剛經纂要刊定記\金剛經纂要刊定記__juan_03.txt,16414,16414,0
宋朝,875489,金剛經纂要刊定記,金剛經纂要刊定記/卷004,金剛經纂要刊定記,4,scrape_output\raw\宋朝\金剛經纂要刊定記\金剛經纂要刊定記__juan_04.txt,scrape_output\clean\宋朝\金剛經纂要刊定記\金剛經纂要刊定記__juan_04.txt,18211,18199,0
宋朝,875489,金剛經纂要刊定記,金剛經纂要刊定記/卷005,金剛經纂要刊定記,5,scrape_output\raw\宋朝\金剛經纂要刊定記\金剛經纂要刊定記__juan_05.txt,scrape_output\clean\宋朝\金剛經纂要刊定記\金剛經纂要刊定記__juan_05.txt,18318,18312,0
宋朝,875489,金剛經纂要刊定記,金剛經纂要刊定記/卷006,金剛經纂要刊定記,6,scrape_output\raw\宋朝\金剛經纂要刊定記\金剛經纂要刊定記__juan_06.txt,scrape_output\clean\宋朝\金剛經纂要刊定記\金剛經纂要刊定記__juan_06.txt,8114,8110,0
宋朝,875489,金剛經纂要刊定記,金剛經纂要刊定記/卷007,金剛經纂要刊定記,7,scrape_output\raw\宋朝\金剛經纂要刊定記\金剛經纂要刊定記__juan_07.txt,scrape_output\clean\宋朝\金剛經纂要刊定記\金剛經纂要刊定記__juan_07.txt,9917,9917,0
宋朝,57240,金漳蘭譜,金漳蘭譜,金漳蘭譜,1,scrape_output\raw\宋朝\金漳蘭譜\金漳蘭譜__juan_01.txt,scrape_output\clean\宋朝\金漳蘭譜\金漳蘭譜__juan_01.txt,6174,6075,0
宋朝,769777,金漳蘭譜 (說郛本),金漳蘭譜 (說郛本),金漳蘭譜 (說郛本),1,scrape_output\raw\宋朝\金漳蘭譜 (說郛本)\金漳蘭譜 (說郛本)__juan_01.txt,scrape_output\clean\宋朝\金漳蘭譜 (說郛本)\金漳蘭譜 (說郛本)__juan_01.txt,4691,4691,0
宋朝,52147,金石錄後序 (李清照),金石錄後序 (李清照),金石錄後序 (李清照),1,scrape_output\raw\宋朝\金石錄後序 (李清照)\金石錄後序 (李清照)__juan_01.txt,scrape_output\clean\宋朝\金石錄後序 (李清照)\金石錄後序 (李清照)__juan_01.txt,2363,2310,0
宋朝,1143837,金陵百詠,金陵百詠,金陵百詠,1,scrape_output\raw\宋朝\金陵百詠\金陵百詠__juan_01.txt,scrape_output\clean\宋朝\金陵百詠\金陵百詠__juan_01.txt,6988,6983,0
宋朝,35665,金陵道中,金陵道中,金陵道中,1,scrape_output\raw\宋朝\金陵道中\金陵道中__juan_01.txt,scrape_output\clean\宋朝\金陵道中\金陵道中__juan_01.txt,114,69,0
宋朝,35586,金雞五言十四韻,金雞五言十四韻,金雞五言十四韻,1,scrape_output\raw\宋朝\金雞五言十四韻\金雞五言十四韻__juan_01.txt,scrape_output\clean\宋朝\金雞五言十四韻\金雞五言十四韻__juan_01.txt,288,231,0
宋朝,37321,釣渚詩,釣渚詩,釣渚詩,1,scrape_output\raw\宋朝\釣渚詩\釣渚詩__juan_01.txt,scrape_output\clean\宋朝\釣渚詩\釣渚詩__juan_01.txt,166,117,0
宋朝,56849,銅人鍼灸經,銅人鍼灸經/卷一,銅人鍼灸經,1,scrape_output\raw\宋朝\銅人鍼灸經\銅人鍼灸經__juan_01.txt,scrape_output\clean\宋朝\銅人鍼灸經\銅人鍼灸經__juan_01.txt,3198,3113,0
宋朝,56849,銅人鍼灸經,銅人鍼灸經/卷二,銅人鍼灸經,2,scrape_output\raw\宋朝\銅人鍼灸經\銅人鍼灸經__juan_02.txt,scrape_output\clean\宋朝\銅人鍼灸經\銅人鍼灸經__juan_02.txt,2101,2047,0
宋朝,56849,銅人鍼灸經,銅人鍼灸經/卷三,銅人鍼灸經,3,scrape_output\raw\宋朝\銅人鍼灸經\銅人鍼灸經__juan_03.txt,scrape_output\clean\宋朝\銅人鍼灸經\銅人鍼灸經__juan_03.txt,3929,3827,0
宋朝,56849,銅人鍼灸經,銅人鍼灸經/卷四,銅人鍼灸經,4,scrape_output\raw\宋朝\銅人鍼灸經\銅人鍼灸經__juan_04.txt,scrape_output\clean\宋朝\銅人鍼灸經\銅人鍼灸經__juan_04.txt,3101,3041,0
宋朝,56849,銅人鍼灸經,銅人鍼灸經/卷五,銅人鍼灸經,5,scrape_output\raw\宋朝\銅人鍼灸經\銅人鍼灸經__juan_05.txt,scrape_output\clean\宋朝\銅人鍼灸經\銅人鍼灸經__juan_05.txt,3399,3340,0
宋朝,56849,銅人鍼灸經,銅人鍼灸經/卷六,銅人鍼灸經,6,scrape_output\raw\宋朝\銅人鍼灸經\銅人鍼灸經__juan_06.txt,scrape_output\clean\宋朝\銅人鍼灸經\銅人鍼灸經__juan_06.txt,3749,3667,0
宋朝,56849,銅人鍼灸經,銅人鍼灸經/卷七,銅人鍼灸經,7,scrape_output\raw\宋朝\銅人鍼灸經\銅人鍼灸經__juan_07.txt,scrape_output\clean\宋朝\銅人鍼灸經\銅人鍼灸經__juan_07.txt,1800,1718,0
宋朝,29782,銷暑樓,銷暑樓,銷暑樓,1,scrape_output\raw\宋朝\銷暑樓\銷暑樓__juan_01.txt,scrape_output\clean\宋朝\銷暑樓\銷暑樓__juan_01.txt,232,186,0
宋朝,1200307,銷釋金剛經科儀,銷釋金剛經科儀,銷釋金剛經科儀,1,scrape_output\raw\宋朝\銷釋金剛經科儀\銷釋金剛經科儀__juan_01.txt,scrape_output\clean\宋朝\銷釋金剛經科儀\銷釋金剛經科儀__juan_01.txt,16585,16507,0
宋朝,1200308,銷釋金剛經科儀會要註解,銷釋金剛經科儀會要註解/卷001,銷釋金剛經科儀會要註解,1,scrape_output\raw\宋朝\銷釋金剛經科儀會要註解\銷釋金剛經科儀會要註解__juan_01.txt,scrape_output\clean\宋朝\銷釋金剛經科儀會要註解\銷釋金剛經科儀會要註解__juan_01.txt,21393,21349,0
宋朝,1200308,銷釋金剛經科儀會要註解,銷釋金剛經科儀會要註解/卷002,銷釋金剛經科儀會要註解,2,scrape_output\raw\宋朝\銷釋金剛經科儀會要註解\銷釋金剛經科儀會要註解__juan_02.txt,scrape_output\clean\宋朝\銷釋金剛經科儀會要註解\銷釋金剛經科儀會要註解__juan_02.txt,19617,19325,0
宋朝,1200308,銷釋金剛經科儀會要註解,銷釋金剛經科儀會要註解/卷003,銷釋金剛經科儀會要註解,3,scrape_output\raw\宋朝\銷釋金剛經科儀會要註解\銷釋金剛經科儀會要註解__juan_03.txt,scrape_output\clean\宋朝\銷釋金剛經科儀會要註解\銷釋金剛經科儀會要註解__juan_03.txt,0,0,1
宋朝,1200308,銷釋金剛經科儀會要註解,銷釋金剛經科儀會要註解/卷004,銷釋金剛經科儀會要註解,4,scrape_output\raw\宋朝\銷釋金剛經科儀會要註解\銷釋金剛經科儀會要註解__juan_04.txt,scrape_output\clean\宋朝\銷釋金剛經科儀會要註解\銷釋金剛經科儀會要註解__juan_04.txt,0,0,1
宋朝,1200308,銷釋金剛經科儀會要註解,銷釋金剛經科儀會要註解/卷005,銷釋金剛經科儀會要註解,5,scrape_output\raw\宋朝\銷釋金剛經科儀會要註解\銷釋金剛經科儀會要註解__juan_05.txt,scrape_output\clean\宋朝\銷釋金剛經科儀會要註解\銷釋金剛經科儀會要註解__juan_05.txt,0,0,1
宋朝,1200308,銷釋金剛經科儀會要註解,銷釋金剛經科儀會要註解/卷006,銷釋金剛經科儀會要註解,6,scrape_output\raw\宋朝\銷釋金剛經科儀會要註解\銷釋金剛經科儀會要註解__juan_06.txt,scrape_output\clean\宋朝\銷釋金剛經科儀會要註解\銷釋金剛經科儀會要註解__juan_06.txt,0,0,1
宋朝,1200308,銷釋金剛經科儀會要註解,銷釋金剛經科儀會要註解/卷007,銷釋金剛經科儀會要註解,7,scrape_output\raw\宋朝\銷釋金剛經科儀會要註解\銷釋金剛經科儀會要註解__juan_07.txt,scrape_output\clean\宋朝\銷釋金剛經科儀會要註解\銷釋金剛經科儀會要註解__juan_07.txt,0,0,1
宋朝,1200308,銷釋金剛經科儀會要註解,銷釋金剛經科儀會要註解/卷008,銷釋金剛經科儀會要註解,8,scrape_output\raw\宋朝\銷釋金剛經科儀會要註解\銷釋金剛經科儀會要註解__juan_08.txt,scrape_output\clean\宋朝\銷釋金剛經科儀會要註解\銷釋金剛經科儀會要註解__juan_08.txt,0,0,1
宋朝,1200308,銷釋金剛經科儀會要註解,銷釋金剛經科儀會要註解/卷009,銷釋金剛經科儀會要註解,9,scrape_output\raw\宋朝\銷釋金剛經科儀會要註解\銷釋金剛經科儀會要註解__juan_09.txt,scrape_output\clean\宋朝\銷釋金剛經科儀會要註解\銷釋金剛經科儀會要註解__juan_09.txt,0,0,1
宋朝,50835,錦竹,錦竹,錦竹,1,scrape_output\raw\宋朝\錦竹\錦竹__juan_01.txt,scrape_output\clean\宋朝\錦竹\錦竹__juan_01.txt,119,75,0
宋朝,112610,長壽樂 (李清照),長壽樂 (李清照),長壽樂 (李清照),1,scrape_output\raw\宋朝\長壽樂 (李清照)\長壽樂 (李清照)__juan_01.txt,scrape_output\clean\宋朝\長壽樂 (李清照)\長壽樂 (李清照)__juan_01.txt,242,148,0
宋朝,136823,長安春日效東野,長安春日效東野,長安春日效東野,1,scrape_output\raw\宋朝\長安春日效東野\長安春日效東野__juan_01.txt,scrape_output\clean\宋朝\長安春日效東野\長安春日效東野__juan_01.txt,181,131,0
宋朝,35649,長安閘,長安閘,長安閘,1,scrape_output\raw\宋朝\長安閘\長安閘__juan_01.txt,scrape_output\clean\宋朝\長安閘\長安閘__juan_01.txt,271,215,0
宋朝,200589,長相思 (康與之),長相思 (康與之),長相思 (康與之),1,scrape_output\raw\宋朝\長相思 (康與之)\長相思 (康與之)__juan_01.txt,scrape_output\clean\宋朝\長相思 (康與之)\長相思 (康與之)__juan_01.txt,125,81,0
宋朝,761088,長相思 (林升),長相思 (林升),長相思 (林升),1,scrape_output\raw\宋朝\長相思 (林升)\長相思 (林升)__juan_01.txt,scrape_output\clean\宋朝\長相思 (林升)\長相思 (林升)__juan_01.txt,127,83,0
宋朝,178309,長者施報經,長者施報經,長者施報經,1,scrape_output\raw\宋朝\長者施報經\長者施報經__juan_01.txt,scrape_output\clean\宋朝\長者施報經\長者施報經__juan_01.txt,3425,3422,0
宋朝,29663,閑居初夏午睡起二絕句,閑居初夏午睡起二絕句,閑居初夏午睡起二絕句,1,scrape_output\raw\宋朝\閑居初夏午睡起二絕句\閑居初夏午睡起二絕句__juan_01.txt,scrape_output\clean\宋朝\閑居初夏午睡起二絕句\閑居初夏午睡起二絕句__juan_01.txt,170,78,0
宋朝,37330,關侯廟,關侯廟,關侯廟,1,scrape_output\raw\宋朝\關侯廟\關侯廟__juan_01.txt,scrape_output\clean\宋朝\關侯廟\關侯廟__juan_01.txt,166,117,0
宋朝,200991,阿几,阿几,阿几,1,scrape_output\raw\宋朝\阿几\阿几__juan_01.txt,scrape_output\clean\宋朝\阿几\阿几__juan_01.txt,202,110,0
宋朝,1211077,阿彌陀經疏 (智圓版),阿彌陀經疏 (智圓版),阿彌陀經疏 (智圓版),1,scrape_output\raw\宋朝\阿彌陀經疏 (智圓版)\阿彌陀經疏 (智圓版)__juan_01.txt,scrape_output\clean\宋朝\阿彌陀經疏 (智圓版)\阿彌陀經疏 (智圓版)__juan_01.txt,10255,10141,0
宋朝,1211084,阿彌陀經義疏,阿彌陀經義疏,阿彌陀經義疏,1,scrape_output\raw\宋朝\阿彌陀經義疏\阿彌陀經義疏__juan_01.txt,scrape_output\clean\宋朝\阿彌陀經義疏\阿彌陀經義疏__juan_01.txt,13534,13407,0
宋朝,180042,阿那曲(朱淑真),阿那曲(朱淑真),阿那曲(朱淑真),1,scrape_output\raw\宋朝\阿那曲(朱淑真)\阿那曲(朱淑真)__juan_01.txt,scrape_output\clean\宋朝\阿那曲(朱淑真)\阿那曲(朱淑真)__juan_01.txt,126,34,0
宋朝,179108,除夕前一日歸舟夜泊曲渦市宿治平寺,除夕前一日歸舟夜泊曲渦市宿治平寺,除夕前一日歸舟夜泊曲渦市宿治平寺,1,scrape_output\raw\宋朝\除夕前一日歸舟夜泊曲渦市宿治平寺\除夕前一日歸舟夜泊曲渦市宿治平寺__juan_01.txt,scrape_output\clean\宋朝\除夕前一日歸舟夜泊曲渦市宿治平寺\除夕前一日歸舟夜泊曲渦市宿治平寺__juan_01.txt,185,141,0
宋朝,35678,除夜感懷,除夜感懷,除夜感懷,1,scrape_output\raw\宋朝\除夜感懷\除夜感懷__juan_01.txt,scrape_output\clean\宋朝\除夜感懷\除夜感懷__juan_01.txt,346,285,0
宋朝,200430,陳州謝到任表,陳州謝到任表,陳州謝到任表,1,scrape_output\raw\宋朝\陳州謝到任表\陳州謝到任表__juan_01.txt,scrape_output\clean\宋朝\陳州謝到任表\陳州謝到任表__juan_01.txt,1066,451,0
宋朝,194285,陶唐氏,陶唐氏,陶唐氏,1,scrape_output\raw\宋朝\陶唐氏\陶唐氏__juan_01.txt,scrape_output\clean\宋朝\陶唐氏\陶唐氏__juan_01.txt,126,34,0
宋朝,200812,陶朱新錄,陶朱新錄,陶朱新錄,1,scrape_output\raw\宋朝\陶朱新錄\陶朱新錄__juan_01.txt,scrape_output\clean\宋朝\陶朱新錄\陶朱新錄__juan_01.txt,13645,13566,0
宋朝,194309,隋史斷,隋史斷,隋史斷,1,scrape_output\raw\宋朝\隋史斷\隋史斷__juan_01.txt,scrape_output\clean\宋朝\隋史斷\隋史斷__juan_01.txt,1738,1523,0
宋朝,1126464,集大乘相論,集大乘相論,集大乘相論,1,scrape_output\raw\宋朝\集大乘相論\集大乘相論__juan_01.txt,scrape_output\clean\宋朝\集大乘相論\集大乘相論__juan_01.txt,7630,7535,0
宋朝,1126468,集諸法寶最上義論,集諸法寶最上義論,集諸法寶最上義論,1,scrape_output\raw\宋朝\集諸法寶最上義論\集諸法寶最上義論__juan_01.txt,scrape_output\clean\宋朝\集諸法寶最上義論\集諸法寶最上義論__juan_01.txt,7760,7760,0
宋朝,352234,集驗方,集驗方,集驗方,1,scrape_output\raw\宋朝\集驗方\集驗方__juan_01.txt,scrape_output\clean\宋朝\集驗方\集驗方__juan_01.txt,69516,69370,0
宋朝,440853,集驗背疽方,集驗背疽方,集驗背疽方,1,scrape_output\raw\宋朝\集驗背疽方\集驗背疽方__juan_01.txt,scrape_output\clean\宋朝\集驗背疽方\集驗背疽方__juan_01.txt,10268,10208,0
宋朝,29652,雙榕,雙榕,雙榕,1,scrape_output\raw\宋朝\雙榕\雙榕__juan_01.txt,scrape_output\clean\宋朝\雙榕\雙榕__juan_01.txt,245,201,0
宋朝,192278,雙雙燕 (史達祖),雙雙燕 (史達祖),雙雙燕 (史達祖),1,scrape_output\raw\宋朝\雙雙燕 (史達祖)\雙雙燕 (史達祖)__juan_01.txt,scrape_output\clean\宋朝\雙雙燕 (史達祖)\雙雙燕 (史達祖)__juan_01.txt,231,139,0
宋朝,108164,雞肋,雞肋,雞肋,1,scrape_output\raw\宋朝\雞肋\雞肋__juan_01.txt,scrape_output\clean\宋朝\雞肋\雞肋__juan_01.txt,3513,3466,0
宋朝,57641,雞肋編,雞肋編/卷上,雞肋編,1,scrape_output\raw\宋朝\雞肋編\雞肋編__juan_01.txt,scrape_output\clean\宋朝\雞肋編\雞肋編__juan_01.txt,20398,20343,0
宋朝,57641,雞肋編,雞肋編/卷中,雞肋編,2,scrape_output\raw\宋朝\雞肋編\雞肋編__juan_02.txt,scrape_output\clean\宋朝\雞肋編\雞肋編__juan_02.txt,22386,22329,0
宋朝,57641,雞肋編,雞肋編/卷下,雞肋編,3,scrape_output\raw\宋朝\雞肋編\雞肋編__juan_03.txt,scrape_output\clean\宋朝\雞肋編\雞肋編__juan_03.txt,21762,21678,0
宋朝,155906,離亭燕 (張昇),離亭燕 (張昇),離亭燕 (張昇),1,scrape_output\raw\宋朝\離亭燕 (張昇)\離亭燕 (張昇)__juan_01.txt,scrape_output\clean\宋朝\離亭燕 (張昇)\離亭燕 (張昇)__juan_01.txt,195,103,0
宋朝,47365,離武林,離武林,離武林,1,scrape_output\raw\宋朝\離武林\離武林__juan_01.txt,scrape_output\clean\宋朝\離武林\離武林__juan_01.txt,113,69,0
宋朝,37338,雨中宿超化寺,雨中宿超化寺,雨中宿超化寺,1,scrape_output\raw\宋朝\雨中宿超化寺\雨中宿超化寺__juan_01.txt,scrape_output\clean\宋朝\雨中宿超化寺\雨中宿超化寺__juan_01.txt,136,89,0
宋朝,1124458,雨水,雨水,雨水,1,scrape_output\raw\宋朝\雨水\雨水__juan_01.txt,scrape_output\clean\宋朝\雨水\雨水__juan_01.txt,117,73,0
宋朝,37358,雪後黃樓寄負山居士,雪後黃樓寄負山居士,雪後黃樓寄負山居士,1,scrape_output\raw\宋朝\雪後黃樓寄負山居士\雪後黃樓寄負山居士__juan_01.txt,scrape_output\clean\宋朝\雪後黃樓寄負山居士\雪後黃樓寄負山居士__juan_01.txt,136,89,0
宋朝,159133,雪梅 (盧梅坡),雪梅 (盧梅坡),雪梅 (盧梅坡),1,scrape_output\raw\宋朝\雪梅 (盧梅坡)\雪梅 (盧梅坡)__juan_01.txt,scrape_output\clean\宋朝\雪梅 (盧梅坡)\雪梅 (盧梅坡)__juan_01.txt,179,131,0
宋朝,339582,雲南買馬記,雲南買馬記,雲南買馬記,1,scrape_output\raw\宋朝\雲南買馬記\雲南買馬記__juan_01.txt,scrape_output\clean\宋朝\雲南買馬記\雲南買馬記__juan_01.txt,1380,1379,0
宋朝,135725,雲林石譜,雲林石譜,雲林石譜,1,scrape_output\raw\宋朝\雲林石譜\雲林石譜__juan_01.txt,scrape_output\clean\宋朝\雲林石譜\雲林石譜__juan_01.txt,15016,14920,0
宋朝,108969,雲笈七籤,雲笈七籤/01,雲笈七籤,1,scrape_output\raw\宋朝\雲笈七籤\雲笈七籤__juan_01.txt,scrape_output\clean\宋朝\雲笈七籤\雲笈七籤__juan_01.txt,6012,5946,0
宋朝,108969,雲笈七籤,雲笈七籤/02,雲笈七籤,2,scrape_output\raw\宋朝\雲笈七籤\雲笈七籤__juan_02.txt,scrape_output\clean\宋朝\雲笈七籤\雲笈七籤__juan_02.txt,5526,5472,0
宋朝,108969,雲笈七籤,雲笈七籤/03,雲笈七籤,3,scrape_output\raw\宋朝\雲笈七籤\雲笈七籤__juan_03.txt,scrape_output\clean\宋朝\雲笈七籤\雲笈七籤__juan_03.txt,7456,7405,0
宋朝,108969,雲笈七籤,雲笈七籤/04,雲笈七籤,4,scrape_output\raw\宋朝\雲笈七籤\雲笈七籤__juan_04.txt,scrape_output\clean\宋朝\雲笈七籤\雲笈七籤__juan_04.txt,8249,8196,0
宋朝,108969,雲笈七籤,雲笈七籤/05,雲笈七籤,5,scrape_output\raw\宋朝\雲笈七籤\雲笈七籤__juan_05.txt,scrape_output\clean\宋朝\雲笈七籤\雲笈七籤__juan_05.txt,6966,6919,0
宋朝,108969,雲笈七籤,雲笈七籤/06,雲笈七籤,6,scrape_output\raw\宋朝\雲笈七籤\雲笈七籤__juan_06.txt,scrape_output\clean\宋朝\雲笈七籤\雲笈七籤__juan_06.txt,9493,9448,0
宋朝,108969,雲笈七籤,雲笈七籤/07,雲笈七籤,7,scrape_output\raw\宋朝\雲笈七籤\雲笈七籤__juan_07.txt,scrape_output\clean\宋朝\雲笈七籤\雲笈七籤__juan_07.txt,4760,4707,0
宋朝,108969,雲笈七籤,雲笈七籤/08,雲笈七籤,8,scrape_output\raw\宋朝\雲笈七籤\雲笈七籤__juan_08.txt,scrape_output\clean\宋朝\雲笈七籤\雲笈七籤__juan_08.txt,7884,7831,0
宋朝,108969,雲笈七籤,雲笈七籤/09,雲笈七籤,9,scrape_output\raw\宋朝\雲笈七籤\雲笈七籤__juan_09.txt,scrape_output\clean\宋朝\雲笈七籤\雲笈七籤__juan_09.txt,5615,5570,0
宋朝,108969,雲笈七籤,雲笈七籤/10,雲笈七籤,10,scrape_output\raw\宋朝\雲笈七籤\雲笈七籤__juan_10.txt,scrape_output\clean\宋朝\雲笈七籤\雲笈七籤__juan_10.txt,5821,5775,0
宋朝,108969,雲笈七籤,雲笈七籤/100,雲笈七籤,11,scrape_output\raw\宋朝\雲笈七籤\雲笈七籤__juan_11.txt,scrape_output\clean\宋朝\雲笈七籤\雲笈七籤__juan_11.txt,12910,12863,0
宋朝,108969,雲笈七籤,雲笈七籤/101,雲笈七籤,12,scrape_output\raw\宋朝\雲笈七籤\雲笈七籤__juan_12.txt,scrape_output\clean\宋朝\雲笈七籤\雲笈七籤__juan_12.txt,5810,5762,0
宋朝,108969,雲笈七籤,雲笈七籤/102,雲笈七籤,13,scrape_output\raw\宋朝\雲笈七籤\雲笈七籤__juan_13.txt,scrape_output\clean\宋朝\雲笈七籤\雲笈七籤__juan_13.txt,5159,5112,0
宋朝,108969,雲笈七籤,雲笈七籤/103,雲笈七籤,14,scrape_output\raw\宋朝\雲笈七籤\雲笈七籤__juan_14.txt,scrape_output\clean\宋朝\雲笈七籤\雲笈七籤__juan_14.txt,11270,11219,0
宋朝,108969,雲笈七籤,雲笈七籤/104,雲笈七籤,15,scrape_output\raw\宋朝\雲笈七籤\雲笈七籤__juan_15.txt,scrape_output\clean\宋朝\雲笈七籤\雲笈七籤__juan_15.txt,7811,7761,0
宋朝,108969,雲笈七籤,雲笈七籤/105,雲笈七籤,16,scrape_output\raw\宋朝\雲笈七籤\雲笈七籤__juan_16.txt,scrape_output\clean\宋朝\雲笈七籤\雲笈七籤__juan_16.txt,10312,10264,0
宋朝,108969,雲笈七籤,雲笈七籤/106,雲笈七籤,17,scrape_output\raw\宋朝\雲笈七籤\雲笈七籤__juan_17.txt,scrape_output\clean\宋朝\雲笈七籤\雲笈七籤__juan_17.txt,12480,12431,0
宋朝,108969,雲笈七籤,雲笈七籤/107,雲笈七籤,18,scrape_output\raw\宋朝\雲笈七籤\雲笈七籤__juan_18.txt,scrape_output\clean\宋朝\雲笈七籤\雲笈七籤__juan_18.txt,5424,5373,0
宋朝,108969,雲笈七籤,雲笈七籤/108,雲笈七籤,19,scrape_output\raw\宋朝\雲笈七籤\雲笈七籤__juan_19.txt,scrape_output\clean\宋朝\雲笈七籤\雲笈七籤__juan_19.txt,5426,5380,0
宋朝,108969,雲笈七籤,雲笈七籤/109,雲笈七籤,20,scrape_output\raw\宋朝\雲笈七籤\雲笈七籤__juan_20.txt,scrape_output\clean\宋朝\雲笈七籤\雲笈七籤__juan_20.txt,9068,9021,0
宋朝,108969,雲笈七籤,雲笈七籤/11,雲笈七籤,21,scrape_output\raw\宋朝\雲笈七籤\雲笈七籤__juan_21.txt,scrape_output\clean\宋朝\雲笈七籤\雲笈七籤__juan_21.txt,15188,15143,0
宋朝,108969,雲笈七籤,雲笈七籤/110,雲笈七籤,22,scrape_output\raw\宋朝\雲笈七籤\雲笈七籤__juan_22.txt,scrape_output\clean\宋朝\雲笈七籤\雲笈七籤__juan_22.txt,6653,6607,0
宋朝,108969,雲笈七籤,雲笈七籤/111,雲笈七籤,23,scrape_output\raw\宋朝\雲笈七籤\雲笈七籤__juan_23.txt,scrape_output\clean\宋朝\雲笈七籤\雲笈七籤__juan_23.txt,3774,3729,0
宋朝,108969,雲笈七籤,雲笈七籤/112,雲笈七籤,24,scrape_output\raw\宋朝\雲笈七籤\雲笈七籤__juan_24.txt,scrape_output\clean\宋朝\雲笈七籤\雲笈七籤__juan_24.txt,13871,13826,0
宋朝,108969,雲笈七籤,雲笈七籤/113-上,雲笈七籤,25,scrape_output\raw\宋朝\雲笈七籤\雲笈七籤__juan_25.txt,scrape_output\clean\宋朝\雲笈七籤\雲笈七籤__juan_25.txt,6668,6623,0
宋朝,108969,雲笈七籤,雲笈七籤/113-下,雲笈七籤,26,scrape_output\raw\宋朝\雲笈七籤\雲笈七籤__juan_26.txt,scrape_output\clean\宋朝\雲笈七籤\雲笈七籤__juan_26.txt,17945,17898,0
宋朝,108969,雲笈七籤,雲笈七籤/114,雲笈七籤,27,scrape_output\raw\宋朝\雲笈七籤\雲笈七籤__juan_27.txt,scrape_output\clean\宋朝\雲笈七籤\雲笈七籤__juan_27.txt,7186,7141,0
宋朝,108969,雲笈七籤,雲笈七籤/115,雲笈七籤,28,scrape_output\raw\宋朝\雲笈七籤\雲笈七籤__juan_28.txt,scrape_output\clean\宋朝\雲笈七籤\雲笈七籤__juan_28.txt,5185,5135,0
宋朝,108969,雲笈七籤,雲笈七籤/116,雲笈七籤,29,scrape_output\raw\宋朝\雲笈七籤\雲笈七籤__juan_29.txt,scrape_output\clean\宋朝\雲笈七籤\雲笈七籤__juan_29.txt,6935,6890,0
宋朝,108969,雲笈七籤,雲笈七籤/117,雲笈七籤,30,scrape_output\raw\宋朝\雲笈七籤\雲笈七籤__juan_30.txt,scrape_output\clean\宋朝\雲笈七籤\雲笈七籤__juan_30.txt,7555,7510,0
宋朝,108969,雲笈七籤,雲笈七籤/118,雲笈七籤,31,scrape_output\raw\宋朝\雲笈七籤\雲笈七籤__juan_31.txt,scrape_output\clean\宋朝\雲笈七籤\雲笈七籤__juan_31.txt,6492,6447,0
宋朝,108969,雲笈七籤,雲笈七籤/119,雲笈七籤,32,scrape_output\raw\宋朝\雲笈七籤\雲笈七籤__juan_32.txt,scrape_output\clean\宋朝\雲笈七籤\雲笈七籤__juan_32.txt,10982,10930,0
宋朝,108969,雲笈七籤,雲笈七籤/12,雲笈七籤,33,scrape_output\raw\宋朝\雲笈七籤\雲笈七籤__juan_33.txt,scrape_output\clean\宋朝\雲笈七籤\雲笈七籤__juan_33.txt,15067,15018,0
宋朝,108969,雲笈七籤,雲笈七籤/120,雲笈七籤,34,scrape_output\raw\宋朝\雲笈七籤\雲笈七籤__juan_34.txt,scrape_output\clean\宋朝\雲笈七籤\雲笈七籤__juan_34.txt,8397,8346,0
宋朝,108969,雲笈七籤,雲笈七籤/121,雲笈七籤,35,scrape_output\raw\宋朝\雲笈七籤\雲笈七籤__juan_35.txt,scrape_output\clean\宋朝\雲笈七籤\雲笈七籤__juan_35.txt,8479,8431,0
宋朝,108969,雲笈七籤,雲笈七籤/122,雲笈七籤,36,scrape_output\raw\宋朝\雲笈七籤\雲笈七籤__juan_36.txt,scrape_output\clean\宋朝\雲笈七籤\雲笈七籤__juan_36.txt,6307,6262,0
宋朝,108969,雲笈七籤,雲笈七籤/13,雲笈七籤,37,scrape_output\raw\宋朝\雲笈七籤\雲笈七籤__juan_37.txt,scrape_output\clean\宋朝\雲笈七籤\雲笈七籤__juan_37.txt,11108,11063,0
宋朝,108969,雲笈七籤,雲笈七籤/14,雲笈七籤,38,scrape_output\raw\宋朝\雲笈七籤\雲笈七籤__juan_38.txt,scrape_output\clean\宋朝\雲笈七籤\雲笈七籤__juan_38.txt,4686,4639,0
宋朝,108969,雲笈七籤,雲笈七籤/15,雲笈七籤,39,scrape_output\raw\宋朝\雲笈七籤\雲笈七籤__juan_39.txt,scrape_output\clean\宋朝\雲笈七籤\雲笈七籤__juan_39.txt,6237,6188,0
宋朝,108969,雲笈七籤,雲笈七籤/16,雲笈七籤,40,scrape_output\raw\宋朝\雲笈七籤\雲笈七籤__juan_40.txt,scrape_output\clean\宋朝\雲笈七籤\雲笈七籤__juan_40.txt,4708,4663,0
宋朝,108969,雲笈七籤,雲笈七籤/17,雲笈七籤,41,scrape_output\raw\宋朝\雲笈七籤\雲笈七籤__juan_41.txt,scrape_output\clean\宋朝\雲笈七籤\雲笈七籤__juan_41.txt,4981,4936,0
宋朝,108969,雲笈七籤,雲笈七籤/18,雲笈七籤,42,scrape_output\raw\宋朝\雲笈七籤\雲笈七籤__juan_42.txt,scrape_output\clean\宋朝\雲笈七籤\雲笈七籤__juan_42.txt,8384,8338,0
宋朝,108969,雲笈七籤,雲笈七籤/19,雲笈七籤,43,scrape_output\raw\宋朝\雲笈七籤\雲笈七籤__juan_43.txt,scrape_output\clean\宋朝\雲笈七籤\雲笈七籤__juan_43.txt,8033,7988,0
宋朝,108969,雲笈七籤,雲笈七籤/20,雲笈七籤,44,scrape_output\raw\宋朝\雲笈七籤\雲笈七籤__juan_44.txt,scrape_output\clean\宋朝\雲笈七籤\雲笈七籤__juan_44.txt,13183,13136,0
宋朝,108969,雲笈七籤,雲笈七籤/21,雲笈七籤,45,scrape_output\raw\宋朝\雲笈七籤\雲笈七籤__juan_45.txt,scrape_output\clean\宋朝\雲笈七籤\雲笈七籤__juan_45.txt,7406,7361,0
宋朝,108969,雲笈七籤,雲笈七籤/22,雲笈七籤,46,scrape_output\raw\宋朝\雲笈七籤\雲笈七籤__juan_46.txt,scrape_output\clean\宋朝\雲笈七籤\雲笈七籤__juan_46.txt,7667,7603,0
宋朝,108969,雲笈七籤,雲笈七籤/23,雲笈七籤,47,scrape_output\raw\宋朝\雲笈七籤\雲笈七籤__juan_47.txt,scrape_output\clean\宋朝\雲笈七籤\雲笈七籤__juan_47.txt,6264,6217,0
宋朝,108969,雲笈七籤,雲笈七籤/24,雲笈七籤,48,scrape_output\raw\宋朝\雲笈七籤\雲笈七籤__juan_48.txt,scrape_output\clean\宋朝\雲笈七籤\雲笈七籤__juan_48.txt,5474,5429,0
宋朝,108969,雲笈七籤,雲笈七籤/25,雲笈七籤,49,scrape_output\raw\宋朝\雲笈七籤\雲笈七籤__juan_49.txt,scrape_output\clean\宋朝\雲笈七籤\雲笈七籤__juan_49.txt,10788,10743,0
宋朝,108969,雲笈七籤,雲笈七籤/26,雲笈七籤,50,scrape_output\raw\宋朝\雲笈七籤\雲笈七籤__juan_50.txt,scrape_output\clean\宋朝\雲笈七籤\雲笈七籤__juan_50.txt,5033,4984,0
宋朝,108969,雲笈七籤,雲笈七籤/27,雲笈七籤,51,scrape_output\raw\宋朝\雲笈七籤\雲笈七籤__juan_51.txt,scrape_output\clean\宋朝\雲笈七籤\雲笈七籤__juan_51.txt,4341,4293,0
宋朝,108969,雲笈七籤,雲笈七籤/28,雲笈七籤,52,scrape_output\raw\宋朝\雲笈七籤\雲笈七籤__juan_52.txt,scrape_output\clean\宋朝\雲笈七籤\雲笈七籤__juan_52.txt,6498,6446,0
宋朝,108969,雲笈七籤,雲笈七籤/29,雲笈七籤,53,scrape_output\raw\宋朝\雲笈七籤\雲笈七籤__juan_53.txt,scrape_output\clean\宋朝\雲笈七籤\雲笈七籤__juan_53.txt,6395,6344,0
宋朝,108969,雲笈七籤,雲笈七籤/30,雲笈七籤,54,scrape_output\raw\宋朝\雲笈七籤\雲笈七籤__juan_54.txt,scrape_output\clean\宋朝\雲笈七籤\雲笈七籤__juan_54.txt,8195,8150,0
宋朝,108969,雲笈七籤,雲笈七籤/31,雲笈七籤,55,scrape_output\raw\宋朝\雲笈七籤\雲笈七籤__juan_55.txt,scrape_output\clean\宋朝\雲笈七籤\雲笈七籤__juan_55.txt,4706,4661,0
宋朝,108969,雲笈七籤,雲笈七籤/32,雲笈七籤,56,scrape_output\raw\宋朝\雲笈七籤\雲笈七籤__juan_56.txt,scrape_output\clean\宋朝\雲笈七籤\雲笈七籤__juan_56.txt,9601,9553,0
宋朝,108969,雲笈七籤,雲笈七籤/33,雲笈七籤,57,scrape_output\raw\宋朝\雲笈七籤\雲笈七籤__juan_57.txt,scrape_output\clean\宋朝\雲笈七籤\雲笈七籤__juan_57.txt,5222,5175,0
宋朝,108969,雲笈七籤,雲笈七籤/34,雲笈七籤,58,scrape_output\raw\宋朝\雲笈七籤\雲笈七籤__juan_58.txt,scrape_output\clean\宋朝\雲笈七籤\雲笈七籤__juan_58.txt,6387,6341,0
宋朝,108969,雲笈七籤,雲笈七籤/35,雲笈七籤,59,scrape_output\raw\宋朝\雲笈七籤\雲笈七籤__juan_59.txt,scrape_output\clean\宋朝\雲笈七籤\雲笈七籤__juan_59.txt,5264,5217,0
宋朝,108969,雲笈七籤,雲笈七籤/36,雲笈七籤,60,scrape_output\raw\宋朝\雲笈七籤\雲笈七籤__juan_60.txt,scrape_output\clean\宋朝\雲笈七籤\雲笈七籤__juan_60.txt,6358,6262,0
宋朝,108969,雲笈七籤,雲笈七籤/37,雲笈七籤,61,scrape_output\raw\宋朝\雲笈七籤\雲笈七籤__juan_61.txt,scrape_output\clean\宋朝\雲笈七籤\雲笈七籤__juan_61.txt,6390,6345,0
宋朝,108969,雲笈七籤,雲笈七籤/38,雲笈七籤,62,scrape_output\raw\宋朝\雲笈七籤\雲笈七籤__juan_62.txt,scrape_output\clean\宋朝\雲笈七籤\雲笈七籤__juan_62.txt,6887,6838,0
宋朝,108969,雲笈七籤,雲笈七籤/39,雲笈七籤,63,scrape_output\raw\宋朝\雲笈七籤\雲笈七籤__juan_63.txt,scrape_output\clean\宋朝\雲笈七籤\雲笈七籤__juan_63.txt,6587,6541,0
宋朝,108969,雲笈七籤,雲笈七籤/40,雲笈七籤,64,scrape_output\raw\宋朝\雲笈七籤\雲笈七籤__juan_64.txt,scrape_output\clean\宋朝\雲笈七籤\雲笈七籤__juan_64.txt,5546,5500,0
宋朝,108969,雲笈七籤,雲笈七籤/41,雲笈七籤,65,scrape_output\raw\宋朝\雲笈七籤\雲笈七籤__juan_65.txt,scrape_output\clean\宋朝\雲笈七籤\雲笈七籤__juan_65.txt,8472,8427,0
宋朝,108969,雲笈七籤,雲笈七籤/42,雲笈七籤,66,scrape_output\raw\宋朝\雲笈七籤\雲笈七籤__juan_66.txt,scrape_output\clean\宋朝\雲笈七籤\雲笈七籤__juan_66.txt,11289,11244,0
宋朝,108969,雲笈七籤,雲笈七籤/43,雲笈七籤,67,scrape_output\raw\宋朝\雲笈七籤\雲笈七籤__juan_67.txt,scrape_output\clean\宋朝\雲笈七籤\雲笈七籤__juan_67.txt,10097,10051,0
宋朝,108969,雲笈七籤,雲笈七籤/44,雲笈七籤,68,scrape_output\raw\宋朝\雲笈七籤\雲笈七籤__juan_68.txt,scrape_output\clean\宋朝\雲笈七籤\雲笈七籤__juan_68.txt,9867,9821,0
宋朝,108969,雲笈七籤,雲笈七籤/45,雲笈七籤,69,scrape_output\raw\宋朝\雲笈七籤\雲笈七籤__juan_69.txt,scrape_output\clean\宋朝\雲笈七籤\雲笈七籤__juan_69.txt,8042,7996,0
宋朝,108969,雲笈七籤,雲笈七籤/46,雲笈七籤,70,scrape_output\raw\宋朝\雲笈七籤\雲笈七籤__juan_70.txt,scrape_output\clean\宋朝\雲笈七籤\雲笈七籤__juan_70.txt,7093,7048,0
宋朝,108969,雲笈七籤,雲笈七籤/47,雲笈七籤,71,scrape_output\raw\宋朝\雲笈七籤\雲笈七籤__juan_71.txt,scrape_output\clean\宋朝\雲笈七籤\雲笈七籤__juan_71.txt,4731,4680,0
宋朝,108969,雲笈七籤,雲笈七籤/48,雲笈七籤,72,scrape_output\raw\宋朝\雲笈七籤\雲笈七籤__juan_72.txt,scrape_output\clean\宋朝\雲笈七籤\雲笈七籤__juan_72.txt,6380,6332,0
宋朝,108969,雲笈七籤,雲笈七籤/49,雲笈七籤,73,scrape_output\raw\宋朝\雲笈七籤\雲笈七籤__juan_73.txt,scrape_output\clean\宋朝\雲笈七籤\雲笈七籤__juan_73.txt,6802,6755,0
宋朝,108969,雲笈七籤,雲笈七籤/50,雲笈七籤,74,scrape_output\raw\宋朝\雲笈七籤\雲笈七籤__juan_74.txt,scrape_output\clean\宋朝\雲笈七籤\雲笈七籤__juan_74.txt,6887,6841,0
宋朝,108969,雲笈七籤,雲笈七籤/51,雲笈七籤,75,scrape_output\raw\宋朝\雲笈七籤\雲笈七籤__juan_75.txt,scrape_output\clean\宋朝\雲笈七籤\雲笈七籤__juan_75.txt,7825,7777,0
宋朝,108969,雲笈七籤,雲笈七籤/52,雲笈七籤,76,scrape_output\raw\宋朝\雲笈七籤\雲笈七籤__juan_76.txt,scrape_output\clean\宋朝\雲笈七籤\雲笈七籤__juan_76.txt,8041,7996,0
宋朝,108969,雲笈七籤,雲笈七籤/53,雲笈七籤,77,scrape_output\raw\宋朝\雲笈七籤\雲笈七籤__juan_77.txt,scrape_output\clean\宋朝\雲笈七籤\雲笈七籤__juan_77.txt,6343,6298,0
宋朝,108969,雲笈七籤,雲笈七籤/54,雲笈七籤,78,scrape_output\raw\宋朝\雲笈七籤\雲笈七籤__juan_78.txt,scrape_output\clean\宋朝\雲笈七籤\雲笈七籤__juan_78.txt,4499,4454,0
宋朝,108969,雲笈七籤,雲笈七籤/55,雲笈七籤,79,scrape_output\raw\宋朝\雲笈七籤\雲笈七籤__juan_79.txt,scrape_output\clean\宋朝\雲笈七籤\雲笈七籤__juan_79.txt,5088,5042,0
宋朝,108969,雲笈七籤,雲笈七籤/56,雲笈七籤,80,scrape_output\raw\宋朝\雲笈七籤\雲笈七籤__juan_80.txt,scrape_output\clean\宋朝\雲笈七籤\雲笈七籤__juan_80.txt,12743,12694,0
宋朝,108969,雲笈七籤,雲笈七籤/57,雲笈七籤,81,scrape_output\raw\宋朝\雲笈七籤\雲笈七籤__juan_81.txt,scrape_output\clean\宋朝\雲笈七籤\雲笈七籤__juan_81.txt,11544,11494,0
宋朝,108969,雲笈七籤,雲笈七籤/58,雲笈七籤,82,scrape_output\raw\宋朝\雲笈七籤\雲笈七籤__juan_82.txt,scrape_output\clean\宋朝\雲笈七籤\雲笈七籤__juan_82.txt,6292,6247,0
宋朝,108969,雲笈七籤,雲笈七籤/59,雲笈七籤,83,scrape_output\raw\宋朝\雲笈七籤\雲笈七籤__juan_83.txt,scrape_output\clean\宋朝\雲笈七籤\雲笈七籤__juan_83.txt,10185,10139,0
宋朝,108969,雲笈七籤,雲笈七籤/60,雲笈七籤,84,scrape_output\raw\宋朝\雲笈七籤\雲笈七籤__juan_84.txt,scrape_output\clean\宋朝\雲笈七籤\雲笈七籤__juan_84.txt,10975,10928,0
宋朝,108969,雲笈七籤,雲笈七籤/61,雲笈七籤,85,scrape_output\raw\宋朝\雲笈七籤\雲笈七籤__juan_85.txt,scrape_output\clean\宋朝\雲笈七籤\雲笈七籤__juan_85.txt,9877,9828,0
宋朝,108969,雲笈七籤,雲笈七籤/62,雲笈七籤,86,scrape_output\raw\宋朝\雲笈七籤\雲笈七籤__juan_86.txt,scrape_output\clean\宋朝\雲笈七籤\雲笈七籤__juan_86.txt,8052,8006,0
宋朝,108969,雲笈七籤,雲笈七籤/63,雲笈七籤,87,scrape_output\raw\宋朝\雲笈七籤\雲笈七籤__juan_87.txt,scrape_output\clean\宋朝\雲笈七籤\雲笈七籤__juan_87.txt,5761,5716,0
宋朝,108969,雲笈七籤,雲笈七籤/64,雲笈七籤,88,scrape_output\raw\宋朝\雲笈七籤\雲笈七籤__juan_88.txt,scrape_output\clean\宋朝\雲笈七籤\雲笈七籤__juan_88.txt,7174,7125,0
宋朝,108969,雲笈七籤,雲笈七籤/65,雲笈七籤,89,scrape_output\raw\宋朝\雲笈七籤\雲笈七籤__juan_89.txt,scrape_output\clean\宋朝\雲笈七籤\雲笈七籤__juan_89.txt,7395,7349,0
宋朝,108969,雲笈七籤,雲笈七籤/66,雲笈七籤,90,scrape_output\raw\宋朝\雲笈七籤\雲笈七籤__juan_90.txt,scrape_output\clean\宋朝\雲笈七籤\雲笈七籤__juan_90.txt,5551,5502,0
宋朝,108969,雲笈七籤,雲笈七籤/67,雲笈七籤,91,scrape_output\raw\宋朝\雲笈七籤\雲笈七籤__juan_91.txt,scrape_output\clean\宋朝\雲笈七籤\雲笈七籤__juan_91.txt,5483,5436,0
宋朝,108969,雲笈七籤,雲笈七籤/68,雲笈七籤,92,scrape_output\raw\宋朝\雲笈七籤\雲笈七籤__juan_92.txt,scrape_output\clean\宋朝\雲笈七籤\雲笈七籤__juan_92.txt,9299,9249,0
宋朝,108969,雲笈七籤,雲笈七籤/69,雲笈七籤,93,scrape_output\raw\宋朝\雲笈七籤\雲笈七籤__juan_93.txt,scrape_output\clean\宋朝\雲笈七籤\雲笈七籤__juan_93.txt,9258,9209,0
宋朝,108969,雲笈七籤,雲笈七籤/70,雲笈七籤,94,scrape_output\raw\宋朝\雲笈七籤\雲笈七籤__juan_94.txt,scrape_output\clean\宋朝\雲笈七籤\雲笈七籤__juan_94.txt,7660,7611,0
宋朝,108969,雲笈七籤,雲笈七籤/71,雲笈七籤,95,scrape_output\raw\宋朝\雲笈七籤\雲笈七籤__juan_95.txt,scrape_output\clean\宋朝\雲笈七籤\雲笈七籤__juan_95.txt,10170,10123,0
宋朝,108969,雲笈七籤,雲笈七籤/72,雲笈七籤,96,scrape_output\raw\宋朝\雲笈七籤\雲笈七籤__juan_96.txt,scrape_output\clean\宋朝\雲笈七籤\雲笈七籤__juan_96.txt,11731,11326,0
宋朝,108969,雲笈七籤,雲笈七籤/73,雲笈七籤,97,scrape_output\raw\宋朝\雲笈七籤\雲笈七籤__juan_97.txt,scrape_output\clean\宋朝\雲笈七籤\雲笈七籤__juan_97.txt,6305,6245,0
宋朝,108969,雲笈七籤,雲笈七籤/74,雲笈七籤,98,scrape_output\raw\宋朝\雲笈七籤\雲笈七籤__juan_98.txt,scrape_output\clean\宋朝\雲笈七籤\雲笈七籤__juan_98.txt,10037,9940,0
宋朝,108969,雲笈七籤,雲笈七籤/75,雲笈七籤,99,scrape_output\raw\宋朝\雲笈七籤\雲笈七籤__juan_99.txt,scrape_output\clean\宋朝\雲笈七籤\雲笈七籤__juan_99.txt,9590,9540,0
宋朝,108969,雲笈七籤,雲笈七籤/76,雲笈七籤,100,scrape_output\raw\宋朝\雲笈七籤\雲笈七籤__juan_100.txt,scrape_output\clean\宋朝\雲笈七籤\雲笈七籤__juan_100.txt,5257,5211,0
宋朝,108969,雲笈七籤,雲笈七籤/77,雲笈七籤,101,scrape_output\raw\宋朝\雲笈七籤\雲笈七籤__juan_101.txt,scrape_output\clean\宋朝\雲笈七籤\雲笈七籤__juan_101.txt,7442,7395,0
宋朝,108969,雲笈七籤,雲笈七籤/78,雲笈七籤,102,scrape_output\raw\宋朝\雲笈七籤\雲笈七籤__juan_102.txt,scrape_output\clean\宋朝\雲笈七籤\雲笈七籤__juan_102.txt,11688,11639,0
宋朝,108969,雲笈七籤,雲笈七籤/79,雲笈七籤,103,scrape_output\raw\宋朝\雲笈七籤\雲笈七籤__juan_103.txt,scrape_output\clean\宋朝\雲笈七籤\雲笈七籤__juan_103.txt,9056,9008,0
宋朝,108969,雲笈七籤,雲笈七籤/80,雲笈七籤,104,scrape_output\raw\宋朝\雲笈七籤\雲笈七籤__juan_104.txt,scrape_output\clean\宋朝\雲笈七籤\雲笈七籤__juan_104.txt,7274,7227,0
宋朝,108969,雲笈七籤,雲笈七籤/81,雲笈七籤,105,scrape_output\raw\宋朝\雲笈七籤\雲笈七籤__juan_105.txt,scrape_output\clean\宋朝\雲笈七籤\雲笈七籤__juan_105.txt,6691,6641,0
宋朝,108969,雲笈七籤,雲笈七籤/82,雲笈七籤,106,scrape_output\raw\宋朝\雲笈七籤\雲笈七籤__juan_106.txt,scrape_output\clean\宋朝\雲笈七籤\雲笈七籤__juan_106.txt,6087,6041,0
宋朝,108969,雲笈七籤,雲笈七籤/83,雲笈七籤,107,scrape_output\raw\宋朝\雲笈七籤\雲笈七籤__juan_107.txt,scrape_output\clean\宋朝\雲笈七籤\雲笈七籤__juan_107.txt,4857,4811,0
宋朝,108969,雲笈七籤,雲笈七籤/84,雲笈七籤,108,scrape_output\raw\宋朝\雲笈七籤\雲笈七籤__juan_108.txt,scrape_output\clean\宋朝\雲笈七籤\雲笈七籤__juan_108.txt,4003,3958,0
宋朝,108969,雲笈七籤,雲笈七籤/85,雲笈七籤,109,scrape_output\raw\宋朝\雲笈七籤\雲笈七籤__juan_109.txt,scrape_output\clean\宋朝\雲笈七籤\雲笈七籤__juan_109.txt,7417,7371,0
宋朝,108969,雲笈七籤,雲笈七籤/86,雲笈七籤,110,scrape_output\raw\宋朝\雲笈七籤\雲笈七籤__juan_110.txt,scrape_output\clean\宋朝\雲笈七籤\雲笈七籤__juan_110.txt,5343,5298,0
宋朝,108969,雲笈七籤,雲笈七籤/87,雲笈七籤,111,scrape_output\raw\宋朝\雲笈七籤\雲笈七籤__juan_111.txt,scrape_output\clean\宋朝\雲笈七籤\雲笈七籤__juan_111.txt,8102,8049,0
宋朝,108969,雲笈七籤,雲笈七籤/88,雲笈七籤,112,scrape_output\raw\宋朝\雲笈七籤\雲笈七籤__juan_112.txt,scrape_output\clean\宋朝\雲笈七籤\雲笈七籤__juan_112.txt,6048,5998,0
宋朝,108969,雲笈七籤,雲笈七籤/89,雲笈七籤,113,scrape_output\raw\宋朝\雲笈七籤\雲笈七籤__juan_113.txt,scrape_output\clean\宋朝\雲笈七籤\雲笈七籤__juan_113.txt,3334,3289,0
宋朝,108969,雲笈七籤,雲笈七籤/90,雲笈七籤,114,scrape_output\raw\宋朝\雲笈七籤\雲笈七籤__juan_114.txt,scrape_output\clean\宋朝\雲笈七籤\雲笈七籤__juan_114.txt,5881,5836,0
宋朝,108969,雲笈七籤,雲笈七籤/91,雲笈七籤,115,scrape_output\raw\宋朝\雲笈七籤\雲笈七籤__juan_115.txt,scrape_output\clean\宋朝\雲笈七籤\雲笈七籤__juan_115.txt,6095,6048,0
宋朝,108969,雲笈七籤,雲笈七籤/92,雲笈七籤,116,scrape_output\raw\宋朝\雲笈七籤\雲笈七籤__juan_116.txt,scrape_output\clean\宋朝\雲笈七籤\雲笈七籤__juan_116.txt,4595,4547,0
宋朝,108969,雲笈七籤,雲笈七籤/93,雲笈七籤,117,scrape_output\raw\宋朝\雲笈七籤\雲笈七籤__juan_117.txt,scrape_output\clean\宋朝\雲笈七籤\雲笈七籤__juan_117.txt,5315,5268,0
宋朝,108969,雲笈七籤,雲笈七籤/94,雲笈七籤,118,scrape_output\raw\宋朝\雲笈七籤\雲笈七籤__juan_118.txt,scrape_output\clean\宋朝\雲笈七籤\雲笈七籤__juan_118.txt,6425,6380,0
宋朝,108969,雲笈七籤,雲笈七籤/95,雲笈七籤,119,scrape_output\raw\宋朝\雲笈七籤\雲笈七籤__juan_119.txt,scrape_output\clean\宋朝\雲笈七籤\雲笈七籤__juan_119.txt,7768,7723,0
宋朝,108969,雲笈七籤,雲笈七籤/96,雲笈七籤,120,scrape_output\raw\宋朝\雲笈七籤\雲笈七籤__juan_120.txt,scrape_output\clean\宋朝\雲笈七籤\雲笈七籤__juan_120.txt,5195,5148,0
宋朝,108969,雲笈七籤,雲笈七籤/97,雲笈七籤,121,scrape_output\raw\宋朝\雲笈七籤\雲笈七籤__juan_121.txt,scrape_output\clean\宋朝\雲笈七籤\雲笈七籤__juan_121.txt,5542,5493,0
宋朝,108969,雲笈七籤,雲笈七籤/98,雲笈七籤,122,scrape_output\raw\宋朝\雲笈七籤\雲笈七籤__juan_122.txt,scrape_output\clean\宋朝\雲笈七籤\雲笈七籤__juan_122.txt,5955,5909,0
宋朝,108969,雲笈七籤,雲笈七籤/99,雲笈七籤,123,scrape_output\raw\宋朝\雲笈七籤\雲笈七籤__juan_123.txt,scrape_output\clean\宋朝\雲笈七籤\雲笈七籤__juan_123.txt,3075,3030,0
宋朝,35643,雷雨鄰舍起龍,雷雨鄰舍起龍,雷雨鄰舍起龍,1,scrape_output\raw\宋朝\雷雨鄰舍起龍\雷雨鄰舍起龍__juan_01.txt,scrape_output\clean\宋朝\雷雨鄰舍起龍\雷雨鄰舍起龍__juan_01.txt,114,69,0
宋朝,178953,霰,霰,霰,1,scrape_output\raw\宋朝\霰\霰__juan_01.txt,scrape_output\clean\宋朝\霰\霰__juan_01.txt,149,105,0
宋朝,135683,靈台秘苑,靈台秘苑,靈台秘苑,1,scrape_output\raw\宋朝\靈台秘苑\靈台秘苑__juan_01.txt,scrape_output\clean\宋朝\靈台秘苑\靈台秘苑__juan_01.txt,101606,99346,0
宋朝,29455,靈源大道歌,靈源大道歌,靈源大道歌,1,scrape_output\raw\宋朝\靈源大道歌\靈源大道歌__juan_01.txt,scrape_output\clean\宋朝\靈源大道歌\靈源大道歌__juan_01.txt,1217,1124,0
宋朝,762418,靈素畫像詩,靈素畫像詩,靈素畫像詩,1,scrape_output\raw\宋朝\靈素畫像詩\靈素畫像詩__juan_01.txt,scrape_output\clean\宋朝\靈素畫像詩\靈素畫像詩__juan_01.txt,113,69,0
宋朝,107774,青溪寇軌,青溪寇軌,青溪寇軌,1,scrape_output\raw\宋朝\青溪寇軌\青溪寇軌__juan_01.txt,scrape_output\clean\宋朝\青溪寇軌\青溪寇軌__juan_01.txt,4017,3973,0
宋朝,112382,青玉案 (李清照),青玉案 (李清照),青玉案 (李清照),1,scrape_output\raw\宋朝\青玉案 (李清照)\青玉案 (李清照)__juan_01.txt,scrape_output\clean\宋朝\青玉案 (李清照)\青玉案 (李清照)__juan_01.txt,306,208,0
宋朝,57677,青箱雜記,青箱雜記/卷一,青箱雜記,1,scrape_output\raw\宋朝\青箱雜記\青箱雜記__juan_01.txt,scrape_output\clean\宋朝\青箱雜記\青箱雜記__juan_01.txt,3528,3353,0
宋朝,57677,青箱雜記,青箱雜記/卷二,青箱雜記,2,scrape_output\raw\宋朝\青箱雜記\青箱雜記__juan_02.txt,scrape_output\clean\宋朝\青箱雜記\青箱雜記__juan_02.txt,4519,4341,0
宋朝,57677,青箱雜記,青箱雜記/卷三,青箱雜記,3,scrape_output\raw\宋朝\青箱雜記\青箱雜記__juan_03.txt,scrape_output\clean\宋朝\青箱雜記\青箱雜記__juan_03.txt,3671,3497,0
宋朝,57677,青箱雜記,青箱雜記/卷四,青箱雜記,4,scrape_output\raw\宋朝\青箱雜記\青箱雜記__juan_04.txt,scrape_output\clean\宋朝\青箱雜記\青箱雜記__juan_04.txt,3111,2899,0
宋朝,57677,青箱雜記,青箱雜記/卷五,青箱雜記,5,scrape_output\raw\宋朝\青箱雜記\青箱雜記__juan_05.txt,scrape_output\clean\宋朝\青箱雜記\青箱雜記__juan_05.txt,3683,3495,0
宋朝,57677,青箱雜記,青箱雜記/卷六,青箱雜記,6,scrape_output\raw\宋朝\青箱雜記\青箱雜記__juan_06.txt,scrape_output\clean\宋朝\青箱雜記\青箱雜記__juan_06.txt,3508,3332,0
宋朝,57677,青箱雜記,青箱雜記/卷七,青箱雜記,7,scrape_output\raw\宋朝\青箱雜記\青箱雜記__juan_07.txt,scrape_output\clean\宋朝\青箱雜記\青箱雜記__juan_07.txt,3983,3796,0
宋朝,57677,青箱雜記,青箱雜記/卷八,青箱雜記,8,scrape_output\raw\宋朝\青箱雜記\青箱雜記__juan_08.txt,scrape_output\clean\宋朝\青箱雜記\青箱雜記__juan_08.txt,4923,4737,0
宋朝,57677,青箱雜記,青箱雜記/卷九,青箱雜記,9,scrape_output\raw\宋朝\青箱雜記\青箱雜記__juan_09.txt,scrape_output\clean\宋朝\青箱雜記\青箱雜記__juan_09.txt,4081,3904,0
宋朝,57677,青箱雜記,青箱雜記/卷十,青箱雜記,10,scrape_output\raw\宋朝\青箱雜記\青箱雜記__juan_10.txt,scrape_output\clean\宋朝\青箱雜記\青箱雜記__juan_10.txt,4026,3847,0
宋朝,194291,青郊,青郊,青郊,1,scrape_output\raw\宋朝\青郊\青郊__juan_01.txt,scrape_output\clean\宋朝\青郊\青郊__juan_01.txt,118,26,0
宋朝,35677,青青澗上松送致遠入官,青青澗上松送致遠入官,青青澗上松送致遠入官,1,scrape_output\raw\宋朝\青青澗上松送致遠入官\青青澗上松送致遠入官__juan_01.txt,scrape_output\clean\宋朝\青青澗上松送致遠入官\青青澗上松送致遠入官__juan_01.txt,241,187,0
宋朝,27417,靖康稗史,靖康稗史/卷1,靖康稗史,1,scrape_output\raw\宋朝\靖康稗史\靖康稗史__juan_01.txt,scrape_output\clean\宋朝\靖康稗史\靖康稗史__juan_01.txt,8145,8051,0
宋朝,27417,靖康稗史,靖康稗史/卷2,靖康稗史,2,scrape_output\raw\宋朝\靖康稗史\靖康稗史__juan_02.txt,scrape_output\clean\宋朝\靖康稗史\靖康稗史__juan_02.txt,4229,4135,0
宋朝,27417,靖康稗史,靖康稗史/卷3,靖康稗史,3,scrape_output\raw\宋朝\靖康稗史\靖康稗史__juan_03.txt,scrape_output\clean\宋朝\靖康稗史\靖康稗史__juan_03.txt,8142,7959,0
宋朝,27417,靖康稗史,靖康稗史/卷4,靖康稗史,4,scrape_output\raw\宋朝\靖康稗史\靖康稗史__juan_04.txt,scrape_output\clean\宋朝\靖康稗史\靖康稗史__juan_04.txt,8767,8376,0
宋朝,27417,靖康稗史,靖康稗史/卷5,靖康稗史,5,scrape_output\raw\宋朝\靖康稗史\靖康稗史__juan_05.txt,scrape_output\clean\宋朝\靖康稗史\靖康稗史__juan_05.txt,3137,3031,0
宋朝,27417,靖康稗史,靖康稗史/卷6,靖康稗史,6,scrape_output\raw\宋朝\靖康稗史\靖康稗史__juan_06.txt,scrape_output\clean\宋朝\靖康稗史\靖康稗史__juan_06.txt,9602,9210,0
宋朝,27417,靖康稗史,靖康稗史/卷7,靖康稗史,7,scrape_output\raw\宋朝\靖康稗史\靖康稗史__juan_07.txt,scrape_output\clean\宋朝\靖康稗史\靖康稗史__juan_07.txt,7110,7001,0
宋朝,158543,鞦韆 (釋惠洪),鞦韆 (釋惠洪),鞦韆 (釋惠洪),1,scrape_output\raw\宋朝\鞦韆 (釋惠洪)\鞦韆 (釋惠洪)__juan_01.txt,scrape_output\clean\宋朝\鞦韆 (釋惠洪)\鞦韆 (釋惠洪)__juan_01.txt,165,113,0
宋朝,108167,韓忠獻公遺事,韓忠獻公遺事,韓忠獻公遺事,1,scrape_output\raw\宋朝\韓忠獻公遺事\韓忠獻公遺事__juan_01.txt,scrape_output\clean\宋朝\韓忠獻公遺事\韓忠獻公遺事__juan_01.txt,6776,6593,0
宋朝,180704,韻語陽秋,韻語陽秋/卷一,韻語陽秋,1,scrape_output\raw\宋朝\韻語陽秋\韻語陽秋__juan_01.txt,scrape_output\clean\宋朝\韻語陽秋\韻語陽秋__juan_01.txt,5331,5330,0
宋朝,180704,韻語陽秋,韻語陽秋/卷二,韻語陽秋,2,scrape_output\raw\宋朝\韻語陽秋\韻語陽秋__juan_02.txt,scrape_output\clean\宋朝\韻語陽秋\韻語陽秋__juan_02.txt,5677,5677,0
宋朝,180704,韻語陽秋,韻語陽秋/卷三,韻語陽秋,3,scrape_output\raw\宋朝\韻語陽秋\韻語陽秋__juan_03.txt,scrape_output\clean\宋朝\韻語陽秋\韻語陽秋__juan_03.txt,5248,5245,0
宋朝,180704,韻語陽秋,韻語陽秋/卷四,韻語陽秋,4,scrape_output\raw\宋朝\韻語陽秋\韻語陽秋__juan_04.txt,scrape_output\clean\宋朝\韻語陽秋\韻語陽秋__juan_04.txt,5245,5245,0
宋朝,180704,韻語陽秋,韻語陽秋/卷五,韻語陽秋,5,scrape_output\raw\宋朝\韻語陽秋\韻語陽秋__juan_05.txt,scrape_output\clean\宋朝\韻語陽秋\韻語陽秋__juan_05.txt,5665,5664,0
宋朝,180704,韻語陽秋,韻語陽秋/卷六,韻語陽秋,6,scrape_output\raw\宋朝\韻語陽秋\韻語陽秋__juan_06.txt,scrape_output\clean\宋朝\韻語陽秋\韻語陽秋__juan_06.txt,4574,4573,0
宋朝,180704,韻語陽秋,韻語陽秋/卷七,韻語陽秋,7,scrape_output\raw\宋朝\韻語陽秋\韻語陽秋__juan_07.txt,scrape_output\clean\宋朝\韻語陽秋\韻語陽秋__juan_07.txt,2987,2979,0
宋朝,180704,韻語陽秋,韻語陽秋/卷八,韻語陽秋,8,scrape_output\raw\宋朝\韻語陽秋\韻語陽秋__juan_08.txt,scrape_output\clean\宋朝\韻語陽秋\韻語陽秋__juan_08.txt,4255,4255,0
宋朝,180704,韻語陽秋,韻語陽秋/卷九,韻語陽秋,9,scrape_output\raw\宋朝\韻語陽秋\韻語陽秋__juan_09.txt,scrape_output\clean\宋朝\韻語陽秋\韻語陽秋__juan_09.txt,3430,3430,0
宋朝,180704,韻語陽秋,韻語陽秋/卷十,韻語陽秋,10,scrape_output\raw\宋朝\韻語陽秋\韻語陽秋__juan_10.txt,scrape_output\clean\宋朝\韻語陽秋\韻語陽秋__juan_10.txt,4652,4652,0
宋朝,1196894,頂生王因緣經,頂生王因緣經/卷001,頂生王因緣經,1,scrape_output\raw\宋朝\頂生王因緣經\頂生王因緣經__juan_01.txt,scrape_output\clean\宋朝\頂生王因緣經\頂生王因緣經__juan_01.txt,4260,4196,0
宋朝,1196894,頂生王因緣經,頂生王因緣經/卷002,頂生王因緣經,2,scrape_output\raw\宋朝\頂生王因緣經\頂生王因緣經__juan_02.txt,scrape_output\clean\宋朝\頂生王因緣經\頂生王因緣經__juan_02.txt,4103,4091,0
宋朝,1196894,頂生王因緣經,頂生王因緣經/卷003,頂生王因緣經,3,scrape_output\raw\宋朝\頂生王因緣經\頂生王因緣經__juan_03.txt,scrape_output\clean\宋朝\頂生王因緣經\頂生王因緣經__juan_03.txt,4017,4008,0
宋朝,1196894,頂生王因緣經,頂生王因緣經/卷004,頂生王因緣經,4,scrape_output\raw\宋朝\頂生王因緣經\頂生王因緣經__juan_04.txt,scrape_output\clean\宋朝\頂生王因緣經\頂生王因緣經__juan_04.txt,3114,3105,0
宋朝,1196894,頂生王因緣經,頂生王因緣經/卷005,頂生王因緣經,5,scrape_output\raw\宋朝\頂生王因緣經\頂生王因緣經__juan_05.txt,scrape_output\clean\宋朝\頂生王因緣經\頂生王因緣經__juan_05.txt,3171,3171,0
宋朝,1196894,頂生王因緣經,頂生王因緣經/卷006,頂生王因緣經,6,scrape_output\raw\宋朝\頂生王因緣經\頂生王因緣經__juan_06.txt,scrape_output\clean\宋朝\頂生王因緣經\頂生王因緣經__juan_06.txt,3444,3444,0
宋朝,200423,題仙居偉羌山六絕,題仙居偉羌山六絕,題仙居偉羌山六絕,1,scrape_output\raw\宋朝\題仙居偉羌山六絕\題仙居偉羌山六絕__juan_01.txt,scrape_output\clean\宋朝\題仙居偉羌山六絕\題仙居偉羌山六絕__juan_01.txt,840,273,0
宋朝,179172,題代度寺,題代度寺,題代度寺,1,scrape_output\raw\宋朝\題代度寺\題代度寺__juan_01.txt,scrape_output\clean\宋朝\題代度寺\題代度寺__juan_01.txt,113,69,0
宋朝,112688,題八詠樓 (李清照),題八詠樓 (李清照),題八詠樓 (李清照),1,scrape_output\raw\宋朝\題八詠樓 (李清照)\題八詠樓 (李清照)__juan_01.txt,scrape_output\clean\宋朝\題八詠樓 (李清照)\題八詠樓 (李清照)__juan_01.txt,113,69,0
宋朝,179102,題和唐德明問病 (罷却微官且客居),題和唐德明問病 (罷却微官且客居),題和唐德明問病 (罷却微官且客居),1,scrape_output\raw\宋朝\題和唐德明問病 (罷却微官且客居)\題和唐德明問病 (罷却微官且客居)__juan_01.txt,scrape_output\clean\宋朝\題和唐德明問病 (罷却微官且客居)\題和唐德明問病 (罷却微官且客居)__juan_01.txt,113,69,0
宋朝,179159,題唐德明建一齋,題唐德明建一齋,題唐德明建一齋,1,scrape_output\raw\宋朝\題唐德明建一齋\題唐德明建一齋__juan_01.txt,scrape_output\clean\宋朝\題唐德明建一齋\題唐德明建一齋__juan_01.txt,149,105,0
宋朝,179129,題唐德明秀才玉立齋,題唐德明秀才玉立齋,題唐德明秀才玉立齋,1,scrape_output\raw\宋朝\題唐德明秀才玉立齋\題唐德明秀才玉立齋__juan_01.txt,scrape_output\clean\宋朝\題唐德明秀才玉立齋\題唐德明秀才玉立齋__juan_01.txt,185,141,0
宋朝,29671,題嚴子陵釣臺,題嚴子陵釣臺,題嚴子陵釣臺,1,scrape_output\raw\宋朝\題嚴子陵釣臺\題嚴子陵釣臺__juan_01.txt,scrape_output\clean\宋朝\題嚴子陵釣臺\題嚴子陵釣臺__juan_01.txt,217,173,0
宋朝,35682,題如夢堂壁,題如夢堂壁,題如夢堂壁,1,scrape_output\raw\宋朝\題如夢堂壁\題如夢堂壁__juan_01.txt,scrape_output\clean\宋朝\題如夢堂壁\題如夢堂壁__juan_01.txt,110,65,0
宋朝,762404,題宜興張大年家㕔事屏,題宜興張大年家㕔事屏,題宜興張大年家㕔事屏,1,scrape_output\raw\宋朝\題宜興張大年家㕔事屏\題宜興張大年家㕔事屏__juan_01.txt,scrape_output\clean\宋朝\題宜興張大年家㕔事屏\題宜興張大年家㕔事屏__juan_01.txt,326,282,0
宋朝,200993,題寢宮詩,題寢宮詩,題寢宮詩,1,scrape_output\raw\宋朝\題寢宮詩\題寢宮詩__juan_01.txt,scrape_output\clean\宋朝\題寢宮詩\題寢宮詩__juan_01.txt,130,38,0
宋朝,158766,題屏,題屏,題屏,1,scrape_output\raw\宋朝\題屏\題屏__juan_01.txt,scrape_output\clean\宋朝\題屏\題屏__juan_01.txt,121,73,0
宋朝,29497,題山堂,題山堂,題山堂,1,scrape_output\raw\宋朝\題山堂\題山堂__juan_01.txt,scrape_output\clean\宋朝\題山堂\題山堂__juan_01.txt,213,169,0
宋朝,37334,題廟,題廟,題廟,1,scrape_output\raw\宋朝\題廟\題廟__juan_01.txt,scrape_output\clean\宋朝\題廟\題廟__juan_01.txt,196,145,0
宋朝,762414,題廳壁,題廳壁,題廳壁,1,scrape_output\raw\宋朝\題廳壁\題廳壁__juan_01.txt,scrape_output\clean\宋朝\題廳壁\題廳壁__juan_01.txt,149,105,0
宋朝,179158,題所寓唐德明書齋,題所寓唐德明書齋,題所寓唐德明書齋,1,scrape_output\raw\宋朝\題所寓唐德明書齋\題所寓唐德明書齋__juan_01.txt,scrape_output\clean\宋朝\題所寓唐德明書齋\題所寓唐德明書齋__juan_01.txt,113,69,0
宋朝,762433,題木犀圖,題木犀圖,題木犀圖,1,scrape_output\raw\宋朝\題木犀圖\題木犀圖__juan_01.txt,scrape_output\clean\宋朝\題木犀圖\題木犀圖__juan_01.txt,186,142,0
宋朝,29673,題李公麟畫歸去來圖,題李公麟畫歸去來圖,題李公麟畫歸去來圖,1,scrape_output\raw\宋朝\題李公麟畫歸去來圖\題李公麟畫歸去來圖__juan_01.txt,scrape_output\clean\宋朝\題李公麟畫歸去來圖\題李公麟畫歸去來圖__juan_01.txt,131,85,0
宋朝,178831,題湘中館,題湘中館,題湘中館,1,scrape_output\raw\宋朝\題湘中館\題湘中館__juan_01.txt,scrape_output\clean\宋朝\題湘中館\題湘中館__juan_01.txt,195,151,0
宋朝,178833,題湘中館 (江欲浮秋去),題湘中館 (江欲浮秋去),題湘中館 (江欲浮秋去),1,scrape_output\raw\宋朝\題湘中館 (江欲浮秋去)\題湘中館 (江欲浮秋去)__juan_01.txt,scrape_output\clean\宋朝\題湘中館 (江欲浮秋去)\題湘中館 (江欲浮秋去)__juan_01.txt,133,89,0
宋朝,178832,題湘中館 (清境故應好),題湘中館 (清境故應好),題湘中館 (清境故應好),1,scrape_output\raw\宋朝\題湘中館 (清境故應好)\題湘中館 (清境故應好)__juan_01.txt,scrape_output\clean\宋朝\題湘中館 (清境故應好)\題湘中館 (清境故應好)__juan_01.txt,133,89,0
宋朝,179086,題潘彥政叔姪濯纓齋,題潘彥政叔姪濯纓齋,題潘彥政叔姪濯纓齋,1,scrape_output\raw\宋朝\題潘彥政叔姪濯纓齋\題潘彥政叔姪濯纓齋__juan_01.txt,scrape_output\clean\宋朝\題潘彥政叔姪濯纓齋\題潘彥政叔姪濯纓齋__juan_01.txt,185,141,0
宋朝,761309,題澤民廟,題澤民廟,題澤民廟,1,scrape_output\raw\宋朝\題澤民廟\題澤民廟__juan_01.txt,scrape_output\clean\宋朝\題澤民廟\題澤民廟__juan_01.txt,149,105,0
宋朝,178944,題照上人迎翠軒二首,題照上人迎翠軒二首,題照上人迎翠軒二首,1,scrape_output\raw\宋朝\題照上人迎翠軒二首\題照上人迎翠軒二首__juan_01.txt,scrape_output\clean\宋朝\題照上人迎翠軒二首\題照上人迎翠軒二首__juan_01.txt,155,111,0
宋朝,178946,題照上人迎翠軒二首 (參寥癩可去無還),題照上人迎翠軒二首 (參寥癩可去無還),題照上人迎翠軒二首 (參寥癩可去無還),1,scrape_output\raw\宋朝\題照上人迎翠軒二首 (參寥癩可去無還)\題照上人迎翠軒二首 (參寥癩可去無還)__juan_01.txt,scrape_output\clean\宋朝\題照上人迎翠軒二首 (參寥癩可去無還)\題照上人迎翠軒二首 (參寥癩可去無還)__juan_01.txt,113,69,0
宋朝,178945,題照上人迎翠軒二首 (寺外秋山觸眼明),題照上人迎翠軒二首 (寺外秋山觸眼明),題照上人迎翠軒二首 (寺外秋山觸眼明),1,scrape_output\raw\宋朝\題照上人迎翠軒二首 (寺外秋山觸眼明)\題照上人迎翠軒二首 (寺外秋山觸眼明)__juan_01.txt,scrape_output\clean\宋朝\題照上人迎翠軒二首 (寺外秋山觸眼明)\題照上人迎翠軒二首 (寺外秋山觸眼明)__juan_01.txt,113,69,0
宋朝,1083740,題畫 (李唐),題畫 (李唐),題畫 (李唐),1,scrape_output\raw\宋朝\題畫 (李唐)\題畫 (李唐)__juan_01.txt,scrape_output\clean\宋朝\題畫 (李唐)\題畫 (李唐)__juan_01.txt,113,69,0
宋朝,111916,題臨安邸,題臨安邸,題臨安邸,1,scrape_output\raw\宋朝\題臨安邸\題臨安邸__juan_01.txt,scrape_output\clean\宋朝\題臨安邸\題臨安邸__juan_01.txt,113,69,0
宋朝,32648,題趙知德所居,題趙知德所居,題趙知德所居,1,scrape_output\raw\宋朝\題趙知德所居\題趙知德所居__juan_01.txt,scrape_output\clean\宋朝\題趙知德所居\題趙知德所居__juan_01.txt,113,69,0
宋朝,158740,題邸間壁,題邸間壁,題邸間壁,1,scrape_output\raw\宋朝\題邸間壁\題邸間壁__juan_01.txt,scrape_output\clean\宋朝\題邸間壁\題邸間壁__juan_01.txt,121,73,0
宋朝,179156,題黄才叔看山亭,題黄才叔看山亭,題黄才叔看山亭,1,scrape_output\raw\宋朝\題黄才叔看山亭\題黄才叔看山亭__juan_01.txt,scrape_output\clean\宋朝\題黄才叔看山亭\題黄才叔看山亭__juan_01.txt,157,111,0
宋朝,29511,題龍歸寺壁,題龍歸寺壁,題龍歸寺壁,1,scrape_output\raw\宋朝\題龍歸寺壁\題龍歸寺壁__juan_01.txt,scrape_output\clean\宋朝\題龍歸寺壁\題龍歸寺壁__juan_01.txt,133,89,0
宋朝,35579,顏跖,顏跖,顏跖,1,scrape_output\raw\宋朝\顏跖\顏跖__juan_01.txt,scrape_output\clean\宋朝\顏跖\顏跖__juan_01.txt,273,217,0
宋朝,136328,類說,類說,類說,1,scrape_output\raw\宋朝\類說\類說__juan_01.txt,scrape_output\clean\宋朝\類說\類說__juan_01.txt,110616,109135,0
宋朝,55756,顱囟經,顱囟經/卷上,顱囟經,1,scrape_output\raw\宋朝\顱囟經\顱囟經__juan_01.txt,scrape_output\clean\宋朝\顱囟經\顱囟經__juan_01.txt,4839,4621,0
宋朝,55756,顱囟經,顱囟經/卷下,顱囟經,2,scrape_output\raw\宋朝\顱囟經\顱囟經__juan_02.txt,scrape_output\clean\宋朝\顱囟經\顱囟經__juan_02.txt,2371,2305,0
宋朝,758807,風入松 (一宵風雨送春歸),風入松 (一宵風雨送春歸),風入松 (一宵風雨送春歸),1,scrape_output\raw\宋朝\風入松 (一宵風雨送春歸)\風入松 (一宵風雨送春歸)__juan_01.txt,scrape_output\clean\宋朝\風入松 (一宵風雨送春歸)\風入松 (一宵風雨送春歸)__juan_01.txt,175,131,0
宋朝,192282,風入松 (吳文英),風入松 (吳文英),風入松 (吳文英),1,scrape_output\raw\宋朝\風入松 (吳文英)\風入松 (吳文英)__juan_01.txt,scrape_output\clean\宋朝\風入松 (吳文英)\風入松 (吳文英)__juan_01.txt,212,120,0
宋朝,758808,風入松 (畫橋流水欲平闌),風入松 (畫橋流水欲平闌),風入松 (畫橋流水欲平闌),1,scrape_output\raw\宋朝\風入松 (畫橋流水欲平闌)\風入松 (畫橋流水欲平闌)__juan_01.txt,scrape_output\clean\宋朝\風入松 (畫橋流水欲平闌)\風入松 (畫橋流水欲平闌)__juan_01.txt,177,133,0
宋朝,758809,風入松 (碧苔滿地襯殘紅),風入松 (碧苔滿地襯殘紅),風入松 (碧苔滿地襯殘紅),1,scrape_output\raw\宋朝\風入松 (碧苔滿地襯殘紅)\風入松 (碧苔滿地襯殘紅)__juan_01.txt,scrape_output\clean\宋朝\風入松 (碧苔滿地襯殘紅)\風入松 (碧苔滿地襯殘紅)__juan_01.txt,173,129,0
宋朝,200599,風入松三首 (康與之),風入松三首 (康與之),風入松三首 (康與之),1,scrape_output\raw\宋朝\風入松三首 (康與之)\風入松三首 (康與之)__juan_01.txt,scrape_output\clean\宋朝\風入松三首 (康與之)\風入松三首 (康與之)__juan_01.txt,416,366,0
宋朝,136092,養屙漫筆,養屙漫筆,養屙漫筆,1,scrape_output\raw\宋朝\養屙漫筆\養屙漫筆__juan_01.txt,scrape_output\clean\宋朝\養屙漫筆\養屙漫筆__juan_01.txt,4709,4622,0
宋朝,151224,養心歌,養心歌,養心歌,1,scrape_output\raw\宋朝\養心歌\養心歌__juan_01.txt,scrape_output\clean\宋朝\養心歌\養心歌__juan_01.txt,239,195,0
宋朝,353567,養老奉親書,養老奉親書,養老奉親書,1,scrape_output\raw\宋朝\養老奉親書\養老奉親書__juan_01.txt,scrape_output\clean\宋朝\養老奉親書\養老奉親書__juan_01.txt,32823,32567,0
宋朝,15120,饒氏源流敘,饒氏源流敘,饒氏源流敘,1,scrape_output\raw\宋朝\饒氏源流敘\饒氏源流敘__juan_01.txt,scrape_output\clean\宋朝\饒氏源流敘\饒氏源流敘__juan_01.txt,714,622,0
宋朝,15119,饒氏譜敘,饒氏譜敘,饒氏譜敘,1,scrape_output\raw\宋朝\饒氏譜敘\饒氏譜敘__juan_01.txt,scrape_output\clean\宋朝\饒氏譜敘\饒氏譜敘__juan_01.txt,969,877,0
宋朝,1195062,首楞嚴義疏注經,首楞嚴義疏注經/卷001,首楞嚴義疏注經,1,scrape_output\raw\宋朝\首楞嚴義疏注經\首楞嚴義疏注經__juan_01.txt,scrape_output\clean\宋朝\首楞嚴義疏注經\首楞嚴義疏注經__juan_01.txt,33055,32991,0
宋朝,1195062,首楞嚴義疏注經,首楞嚴義疏注經/卷002,首楞嚴義疏注經,2,scrape_output\raw\宋朝\首楞嚴義疏注經\首楞嚴義疏注經__juan_02.txt,scrape_output\clean\宋朝\首楞嚴義疏注經\首楞嚴義疏注經__juan_02.txt,26371,26344,0
宋朝,1195062,首楞嚴義疏注經,首楞嚴義疏注經/卷003,首楞嚴義疏注經,3,scrape_output\raw\宋朝\首楞嚴義疏注經\首楞嚴義疏注經__juan_03.txt,scrape_output\clean\宋朝\首楞嚴義疏注經\首楞嚴義疏注經__juan_03.txt,20379,20371,0
宋朝,1195062,首楞嚴義疏注經,首楞嚴義疏注經/卷004,首楞嚴義疏注經,4,scrape_output\raw\宋朝\首楞嚴義疏注經\首楞嚴義疏注經__juan_04.txt,scrape_output\clean\宋朝\首楞嚴義疏注經\首楞嚴義疏注經__juan_04.txt,27762,27754,0
宋朝,1195062,首楞嚴義疏注經,首楞嚴義疏注經/卷005,首楞嚴義疏注經,5,scrape_output\raw\宋朝\首楞嚴義疏注經\首楞嚴義疏注經__juan_05.txt,scrape_output\clean\宋朝\首楞嚴義疏注經\首楞嚴義疏注經__juan_05.txt,18785,18774,0
宋朝,1195062,首楞嚴義疏注經,首楞嚴義疏注經/卷006,首楞嚴義疏注經,6,scrape_output\raw\宋朝\首楞嚴義疏注經\首楞嚴義疏注經__juan_06.txt,scrape_output\clean\宋朝\首楞嚴義疏注經\首楞嚴義疏注經__juan_06.txt,19439,19428,0
宋朝,1195062,首楞嚴義疏注經,首楞嚴義疏注經/卷007,首楞嚴義疏注經,7,scrape_output\raw\宋朝\首楞嚴義疏注經\首楞嚴義疏注經__juan_07.txt,scrape_output\clean\宋朝\首楞嚴義疏注經\首楞嚴義疏注經__juan_07.txt,16385,15462,0
宋朝,1195062,首楞嚴義疏注經,首楞嚴義疏注經/卷008,首楞嚴義疏注經,8,scrape_output\raw\宋朝\首楞嚴義疏注經\首楞嚴義疏注經__juan_08.txt,scrape_output\clean\宋朝\首楞嚴義疏注經\首楞嚴義疏注經__juan_08.txt,27784,27764,0
宋朝,1195062,首楞嚴義疏注經,首楞嚴義疏注經/卷009,首楞嚴義疏注經,9,scrape_output\raw\宋朝\首楞嚴義疏注經\首楞嚴義疏注經__juan_09.txt,scrape_output\clean\宋朝\首楞嚴義疏注經\首楞嚴義疏注經__juan_09.txt,22460,22432,0
宋朝,1195062,首楞嚴義疏注經,首楞嚴義疏注經/卷010,首楞嚴義疏注經,10,scrape_output\raw\宋朝\首楞嚴義疏注經\首楞嚴義疏注經__juan_10.txt,scrape_output\clean\宋朝\首楞嚴義疏注經\首楞嚴義疏注經__juan_10.txt,18424,18404,0
宋朝,56896,香譜,香譜,香譜,1,scrape_output\raw\宋朝\香譜\香譜__juan_01.txt,scrape_output\clean\宋朝\香譜\香譜__juan_01.txt,13203,12830,0
宋朝,29677,駕幸太學倡和,駕幸太學倡和,駕幸太學倡和,1,scrape_output\raw\宋朝\駕幸太學倡和\駕幸太學倡和__juan_01.txt,scrape_output\clean\宋朝\駕幸太學倡和\駕幸太學倡和__juan_01.txt,168,122,0
宋朝,200456,驪宮悼往,驪宮悼往,驪宮悼往,1,scrape_output\raw\宋朝\驪宮悼往\驪宮悼往__juan_01.txt,scrape_output\clean\宋朝\驪宮悼往\驪宮悼往__juan_01.txt,669,54,0
宋朝,1129727,高昌行記,高昌行記,高昌行記,1,scrape_output\raw\宋朝\高昌行記\高昌行記__juan_01.txt,scrape_output\clean\宋朝\高昌行記\高昌行記__juan_01.txt,1677,1677,0
宋朝,1152248,高生福墓誌,高生福墓誌,高生福墓誌,1,scrape_output\raw\宋朝\高生福墓誌\高生福墓誌__juan_01.txt,scrape_output\clean\宋朝\高生福墓誌\高生福墓誌__juan_01.txt,1330,1011,0
宋朝,107085,高齋漫錄,高齋漫錄,高齋漫錄,1,scrape_output\raw\宋朝\高齋漫錄\高齋漫錄__juan_01.txt,scrape_output\clean\宋朝\高齋漫錄\高齋漫錄__juan_01.txt,2694,2596,0
宋朝,174282,鬼靈經,鬼靈經,鬼靈經,1,scrape_output\raw\宋朝\鬼靈經\鬼靈經__juan_01.txt,scrape_output\clean\宋朝\鬼靈經\鬼靈經__juan_01.txt,6203,6156,0
宋朝,1176890,魏氏家藏方,魏氏家藏方/卷一,魏氏家藏方,1,scrape_output\raw\宋朝\魏氏家藏方\魏氏家藏方__juan_01.txt,scrape_output\clean\宋朝\魏氏家藏方\魏氏家藏方__juan_01.txt,14095,13903,0
宋朝,1176890,魏氏家藏方,魏氏家藏方/卷二,魏氏家藏方,2,scrape_output\raw\宋朝\魏氏家藏方\魏氏家藏方__juan_02.txt,scrape_output\clean\宋朝\魏氏家藏方\魏氏家藏方__juan_02.txt,20925,20515,0
宋朝,1176890,魏氏家藏方,魏氏家藏方/卷三,魏氏家藏方,3,scrape_output\raw\宋朝\魏氏家藏方\魏氏家藏方__juan_03.txt,scrape_output\clean\宋朝\魏氏家藏方\魏氏家藏方__juan_03.txt,77,33,0
宋朝,1176890,魏氏家藏方,魏氏家藏方/卷四,魏氏家藏方,4,scrape_output\raw\宋朝\魏氏家藏方\魏氏家藏方__juan_04.txt,scrape_output\clean\宋朝\魏氏家藏方\魏氏家藏方__juan_04.txt,12174,11954,0
宋朝,1176890,魏氏家藏方,魏氏家藏方/卷五,魏氏家藏方,5,scrape_output\raw\宋朝\魏氏家藏方\魏氏家藏方__juan_05.txt,scrape_output\clean\宋朝\魏氏家藏方\魏氏家藏方__juan_05.txt,20563,20165,0
宋朝,1176890,魏氏家藏方,魏氏家藏方/卷六,魏氏家藏方,6,scrape_output\raw\宋朝\魏氏家藏方\魏氏家藏方__juan_06.txt,scrape_output\clean\宋朝\魏氏家藏方\魏氏家藏方__juan_06.txt,10945,10651,0
宋朝,1176890,魏氏家藏方,魏氏家藏方/卷七,魏氏家藏方,7,scrape_output\raw\宋朝\魏氏家藏方\魏氏家藏方__juan_07.txt,scrape_output\clean\宋朝\魏氏家藏方\魏氏家藏方__juan_07.txt,21726,21426,0
宋朝,1176890,魏氏家藏方,魏氏家藏方/卷八,魏氏家藏方,8,scrape_output\raw\宋朝\魏氏家藏方\魏氏家藏方__juan_08.txt,scrape_output\clean\宋朝\魏氏家藏方\魏氏家藏方__juan_08.txt,15913,15681,0
宋朝,1176890,魏氏家藏方,魏氏家藏方/卷九,魏氏家藏方,9,scrape_output\raw\宋朝\魏氏家藏方\魏氏家藏方__juan_09.txt,scrape_output\clean\宋朝\魏氏家藏方\魏氏家藏方__juan_09.txt,16995,16766,0
宋朝,1176890,魏氏家藏方,魏氏家藏方/卷十,魏氏家藏方,10,scrape_output\raw\宋朝\魏氏家藏方\魏氏家藏方__juan_10.txt,scrape_output\clean\宋朝\魏氏家藏方\魏氏家藏方__juan_10.txt,29128,28640,0
宋朝,1176890,魏氏家藏方,魏氏家藏方/全覽(上),魏氏家藏方,11,scrape_output\raw\宋朝\魏氏家藏方\魏氏家藏方__juan_11.txt,scrape_output\clean\宋朝\魏氏家藏方\魏氏家藏方__juan_11.txt,87875,86242,0
宋朝,1176890,魏氏家藏方,魏氏家藏方/全覽(下),魏氏家藏方,12,scrape_output\raw\宋朝\魏氏家藏方\魏氏家藏方__juan_12.txt,scrape_output\clean\宋朝\魏氏家藏方\魏氏家藏方__juan_12.txt,83528,82411,0
宋朝,1176890,魏氏家藏方,魏氏家藏方/序目,魏氏家藏方,13,scrape_output\raw\宋朝\魏氏家藏方\魏氏家藏方__juan_13.txt,scrape_output\clean\宋朝\魏氏家藏方\魏氏家藏方__juan_13.txt,9562,9223,0
宋朝,59226,鮮魚潭登舟,鮮魚潭登舟,鮮魚潭登舟,1,scrape_output\raw\宋朝\鮮魚潭登舟\鮮魚潭登舟__juan_01.txt,scrape_output\clean\宋朝\鮮魚潭登舟\鮮魚潭登舟__juan_01.txt,126,34,0
宋朝,37326,鳳凰臺,鳳凰臺,鳳凰臺,1,scrape_output\raw\宋朝\鳳凰臺\鳳凰臺__juan_01.txt,scrape_output\clean\宋朝\鳳凰臺\鳳凰臺__juan_01.txt,121,75,0
宋朝,92978,鳳凰臺上憶吹簫,鳳凰臺上憶吹簫,鳳凰臺上憶吹簫,1,scrape_output\raw\宋朝\鳳凰臺上憶吹簫\鳳凰臺上憶吹簫__juan_01.txt,scrape_output\clean\宋朝\鳳凰臺上憶吹簫\鳳凰臺上憶吹簫__juan_01.txt,251,157,0
宋朝,59213,鴉 (楊萬里),鴉 (楊萬里),鴉 (楊萬里),1,scrape_output\raw\宋朝\鴉 (楊萬里)\鴉 (楊萬里)__juan_01.txt,scrape_output\clean\宋朝\鴉 (楊萬里)\鴉 (楊萬里)__juan_01.txt,126,34,0
宋朝,194269,鵰鶚在秋天,鵰鶚在秋天,鵰鶚在秋天,1,scrape_output\raw\宋朝\鵰鶚在秋天\鵰鶚在秋天__juan_01.txt,scrape_output\clean\宋朝\鵰鶚在秋天\鵰鶚在秋天__juan_01.txt,174,82,0
宋朝,205008,鵲橋仙,鵲橋仙·七夕 (乩仙),鵲橋仙,1,scrape_output\raw\宋朝\鵲橋仙\鵲橋仙__juan_01.txt,scrape_output\clean\宋朝\鵲橋仙\鵲橋仙__juan_01.txt,597,109,0
宋朝,180026,鵲橋仙 (朱淑真),鵲橋仙 (朱淑真),鵲橋仙 (朱淑真),1,scrape_output\raw\宋朝\鵲橋仙 (朱淑真)\鵲橋仙 (朱淑真)__juan_01.txt,scrape_output\clean\宋朝\鵲橋仙 (朱淑真)\鵲橋仙 (朱淑真)__juan_01.txt,162,70,0
宋朝,200479,鷓鴣天,鷓鴣天·蕩漾西湖采綠蘋,鷓鴣天,1,scrape_output\raw\宋朝\鷓鴣天\鷓鴣天__juan_01.txt,scrape_output\clean\宋朝\鷓鴣天\鷓鴣天__juan_01.txt,150,105,0
宋朝,180021,鷓鴣天 (朱淑真),鷓鴣天 (朱淑真),鷓鴣天 (朱淑真),1,scrape_output\raw\宋朝\鷓鴣天 (朱淑真)\鷓鴣天 (朱淑真)__juan_01.txt,scrape_output\clean\宋朝\鷓鴣天 (朱淑真)\鷓鴣天 (朱淑真)__juan_01.txt,159,66,0
宋朝,93201,鷓鴣天 (枝上流鶯和淚聞),鷓鴣天 (枝上流鶯和淚聞),鷓鴣天 (枝上流鶯和淚聞),1,scrape_output\raw\宋朝\鷓鴣天 (枝上流鶯和淚聞)\鷓鴣天 (枝上流鶯和淚聞)__juan_01.txt,scrape_output\clean\宋朝\鷓鴣天 (枝上流鶯和淚聞)\鷓鴣天 (枝上流鶯和淚聞)__juan_01.txt,200,106,0
宋朝,194261,鸚鵡 (范仲淹),鸚鵡 (范仲淹),鸚鵡 (范仲淹),1,scrape_output\raw\宋朝\鸚鵡 (范仲淹)\鸚鵡 (范仲淹)__juan_01.txt,scrape_output\clean\宋朝\鸚鵡 (范仲淹)\鸚鵡 (范仲淹)__juan_01.txt,146,54,0
宋朝,178314,鸚鵡經,鸚鵡經,鸚鵡經,1,scrape_output\raw\宋朝\鸚鵡經\鸚鵡經__juan_01.txt,scrape_output\clean\宋朝\鸚鵡經\鸚鵡經__juan_01.txt,4677,4675,0
宋朝,91698,鹧鸪天 (李清照),鹧鸪天 (李清照),鹧鸪天 (李清照),1,scrape_output\raw\宋朝\鹧鸪天 (李清照)\鹧鸪天 (李清照)__juan_01.txt,scrape_output\clean\宋朝\鹧鸪天 (李清照)\鹧鸪天 (李清照)__juan_01.txt,265,167,0
宋朝,37328,鹿門寺 (李廌),鹿門寺 (李廌),鹿門寺 (李廌),1,scrape_output\raw\宋朝\鹿門寺 (李廌)\鹿門寺 (李廌)__juan_01.txt,scrape_output\clean\宋朝\鹿門寺 (李廌)\鹿門寺 (李廌)__juan_01.txt,541,467,0
宋朝,108135,麗情集,麗情集,麗情集,1,scrape_output\raw\宋朝\麗情集\麗情集__juan_01.txt,scrape_output\clean\宋朝\麗情集\麗情集__juan_01.txt,689,667,0
宋朝,107701,麟臺故事,麟臺故事/卷1,麟臺故事,1,scrape_output\raw\宋朝\麟臺故事\麟臺故事__juan_01.txt,scrape_output\clean\宋朝\麟臺故事\麟臺故事__juan_01.txt,3132,3112,0
宋朝,107701,麟臺故事,麟臺故事/卷2,麟臺故事,2,scrape_output\raw\宋朝\麟臺故事\麟臺故事__juan_02.txt,scrape_output\clean\宋朝\麟臺故事\麟臺故事__juan_02.txt,4811,4809,0
宋朝,107701,麟臺故事,麟臺故事/卷3,麟臺故事,3,scrape_output\raw\宋朝\麟臺故事\麟臺故事__juan_03.txt,scrape_output\clean\宋朝\麟臺故事\麟臺故事__juan_03.txt,4477,4472,0
宋朝,107701,麟臺故事,麟臺故事/卷4,麟臺故事,4,scrape_output\raw\宋朝\麟臺故事\麟臺故事__juan_04.txt,scrape_output\clean\宋朝\麟臺故事\麟臺故事__juan_04.txt,3113,3113,0
宋朝,107701,麟臺故事,麟臺故事/卷5,麟臺故事,5,scrape_output\raw\宋朝\麟臺故事\麟臺故事__juan_05.txt,scrape_output\clean\宋朝\麟臺故事\麟臺故事__juan_05.txt,4383,4383,0
宋朝,11332,黃岡竹樓記,黃岡竹樓記,黃岡竹樓記,1,scrape_output\raw\宋朝\黃岡竹樓記\黃岡竹樓記__juan_01.txt,scrape_output\clean\宋朝\黃岡竹樓記\黃岡竹樓記__juan_01.txt,528,484,0
宋朝,33251,黃州,黃州,黃州,1,scrape_output\raw\宋朝\黃州\黃州__juan_01.txt,scrape_output\clean\宋朝\黃州\黃州__juan_01.txt,149,105,0
宋朝,37323,黃楊林詩,黃楊林詩,黃楊林詩,1,scrape_output\raw\宋朝\黃楊林詩\黃楊林詩__juan_01.txt,scrape_output\clean\宋朝\黃楊林詩\黃楊林詩__juan_01.txt,136,89,0
宋朝,800458,黄帝陰符經註 (蔡望),黄帝陰符經註 (蔡望),黄帝陰符經註 (蔡望),1,scrape_output\raw\宋朝\黄帝陰符經註 (蔡望)\黄帝陰符經註 (蔡望)__juan_01.txt,scrape_output\clean\宋朝\黄帝陰符經註 (蔡望)\黄帝陰符經註 (蔡望)__juan_01.txt,2185,2139,0
宋朝,57686,默記,默記,默記,1,scrape_output\raw\宋朝\默記\默記__juan_01.txt,scrape_output\clean\宋朝\默記\默記__juan_01.txt,26978,26916,0
宋朝,180023,點絳唇 (朱淑真),點絳唇 (朱淑真),點絳唇 (朱淑真),1,scrape_output\raw\宋朝\點絳唇 (朱淑真)\點絳唇 (朱淑真)__juan_01.txt,scrape_output\clean\宋朝\點絳唇 (朱淑真)\點絳唇 (朱淑真)__juan_01.txt,208,113,0
宋朝,20465,點絳唇 (李清照),點絳唇 (李清照),點絳唇 (李清照),1,scrape_output\raw\宋朝\點絳唇 (李清照)\點絳唇 (李清照)__juan_01.txt,scrape_output\clean\宋朝\點絳唇 (李清照)\點絳唇 (李清照)__juan_01.txt,228,132,0
宋朝,48902,齊天樂 (周邦彥),齊天樂 (周邦彥),齊天樂 (周邦彥),1,scrape_output\raw\宋朝\齊天樂 (周邦彥)\齊天樂 (周邦彥)__juan_01.txt,scrape_output\clean\宋朝\齊天樂 (周邦彥)\齊天樂 (周邦彥)__juan_01.txt,658,170,0
宋朝,192264,齊天樂 (姜夔),齊天樂 (姜夔),齊天樂 (姜夔),1,scrape_output\raw\宋朝\齊天樂 (姜夔)\齊天樂 (姜夔)__juan_01.txt,scrape_output\clean\宋朝\齊天樂 (姜夔)\齊天樂 (姜夔)__juan_01.txt,237,145,0
宋朝,199143,齊天樂 (文天祥),齊天樂 (文天祥),齊天樂 (文天祥),1,scrape_output\raw\宋朝\齊天樂 (文天祥)\齊天樂 (文天祥)__juan_01.txt,scrape_output\clean\宋朝\齊天樂 (文天祥)\齊天樂 (文天祥)__juan_01.txt,839,347,0
宋朝,31631,齒落詞,齒落詞,齒落詞,1,scrape_output\raw\宋朝\齒落詞\齒落詞__juan_01.txt,scrape_output\clean\宋朝\齒落詞\齒落詞__juan_01.txt,245,201,0
宋朝,101872,龍川別志,龍川別志,龍川別志,1,scrape_output\raw\宋朝\龍川別志\龍川別志__juan_01.txt,scrape_output\clean\宋朝\龍川別志\龍川別志__juan_01.txt,18827,18469,0
宋朝,875605,龍樹菩薩為禪陀迦王說法要偈,龍樹菩薩為禪陀迦王說法要偈,龍樹菩薩為禪陀迦王說法要偈,1,scrape_output\raw\宋朝\龍樹菩薩為禪陀迦王說法要偈\龍樹菩薩為禪陀迦王說法要偈__juan_01.txt,scrape_output\clean\宋朝\龍樹菩薩為禪陀迦王說法要偈\龍樹菩薩為禪陀迦王說法要偈__juan_01.txt,4341,4242,0
宋朝,813879,龍瑞觀禹穴陽明洞天圖經,龍瑞觀禹穴陽明洞天圖經,龍瑞觀禹穴陽明洞天圖經,1,scrape_output\raw\宋朝\龍瑞觀禹穴陽明洞天圖經\龍瑞觀禹穴陽明洞天圖經__juan_01.txt,scrape_output\clean\宋朝\龍瑞觀禹穴陽明洞天圖經\龍瑞觀禹穴陽明洞天圖經__juan_01.txt,1289,1245,0
宋朝,1213229,龍舒增廣淨土文,龍舒增廣淨土文/卷001,龍舒增廣淨土文,1,scrape_output\raw\宋朝\龍舒增廣淨土文\龍舒增廣淨土文__juan_01.txt,scrape_output\clean\宋朝\龍舒增廣淨土文\龍舒增廣淨土文__juan_01.txt,8028,8018,0
宋朝,1213229,龍舒增廣淨土文,龍舒增廣淨土文/卷002,龍舒增廣淨土文,2,scrape_output\raw\宋朝\龍舒增廣淨土文\龍舒增廣淨土文__juan_02.txt,scrape_output\clean\宋朝\龍舒增廣淨土文\龍舒增廣淨土文__juan_02.txt,2997,2991,0
宋朝,1213229,龍舒增廣淨土文,龍舒增廣淨土文/卷003,龍舒增廣淨土文,3,scrape_output\raw\宋朝\龍舒增廣淨土文\龍舒增廣淨土文__juan_03.txt,scrape_output\clean\宋朝\龍舒增廣淨土文\龍舒增廣淨土文__juan_03.txt,0,0,1
宋朝,1213229,龍舒增廣淨土文,龍舒增廣淨土文/卷004,龍舒增廣淨土文,4,scrape_output\raw\宋朝\龍舒增廣淨土文\龍舒增廣淨土文__juan_04.txt,scrape_output\clean\宋朝\龍舒增廣淨土文\龍舒增廣淨土文__juan_04.txt,0,0,1
宋朝,1213229,龍舒增廣淨土文,龍舒增廣淨土文/卷005,龍舒增廣淨土文,5,scrape_output\raw\宋朝\龍舒增廣淨土文\龍舒增廣淨土文__juan_05.txt,scrape_output\clean\宋朝\龍舒增廣淨土文\龍舒增廣淨土文__juan_05.txt,0,0,1
宋朝,1213229,龍舒增廣淨土文,龍舒增廣淨土文/卷006,龍舒增廣淨土文,6,scrape_output\raw\宋朝\龍舒增廣淨土文\龍舒增廣淨土文__juan_06.txt,scrape_output\clean\宋朝\龍舒增廣淨土文\龍舒增廣淨土文__juan_06.txt,0,0,1
宋朝,1213229,龍舒增廣淨土文,龍舒增廣淨土文/卷007,龍舒增廣淨土文,7,scrape_output\raw\宋朝\龍舒增廣淨土文\龍舒增廣淨土文__juan_07.txt,scrape_output\clean\宋朝\龍舒增廣淨土文\龍舒增廣淨土文__juan_07.txt,0,0,1
宋朝,1213229,龍舒增廣淨土文,龍舒增廣淨土文/卷008,龍舒增廣淨土文,8,scrape_output\raw\宋朝\龍舒增廣淨土文\龍舒增廣淨土文__juan_08.txt,scrape_output\clean\宋朝\龍舒增廣淨土文\龍舒增廣淨土文__juan_08.txt,0,0,1
宋朝,1213229,龍舒增廣淨土文,龍舒增廣淨土文/卷009,龍舒增廣淨土文,9,scrape_output\raw\宋朝\龍舒增廣淨土文\龍舒增廣淨土文__juan_09.txt,scrape_output\clean\宋朝\龍舒增廣淨土文\龍舒增廣淨土文__juan_09.txt,0,0,1
宋朝,1213229,龍舒增廣淨土文,龍舒增廣淨土文/卷010,龍舒增廣淨土文,10,scrape_output\raw\宋朝\龍舒增廣淨土文\龍舒增廣淨土文__juan_10.txt,scrape_output\clean\宋朝\龍舒增廣淨土文\龍舒增廣淨土文__juan_10.txt,0,0,1
宋朝,1213229,龍舒增廣淨土文,龍舒增廣淨土文/卷011,龍舒增廣淨土文,11,scrape_output\raw\宋朝\龍舒增廣淨土文\龍舒增廣淨土文__juan_11.txt,scrape_output\clean\宋朝\龍舒增廣淨土文\龍舒增廣淨土文__juan_11.txt,0,0,1
宋朝,1213229,龍舒增廣淨土文,龍舒增廣淨土文/卷012,龍舒增廣淨土文,12,scrape_output\raw\宋朝\龍舒增廣淨土文\龍舒增廣淨土文__juan_12.txt,scrape_output\clean\宋朝\龍舒增廣淨土文\龍舒增廣淨土文__juan_12.txt,0,0,1
宋朝,29867,龍門道中作,龍門道中作,龍門道中作,1,scrape_output\raw\宋朝\龍門道中作\龍門道中作__juan_01.txt,scrape_output\clean\宋朝\龍門道中作\龍門道中作__juan_01.txt,149,105,0
宋朝,179133,龔令國英約小集感冷暴下歸卧感而賦焉,龔令國英約小集感冷暴下歸卧感而賦焉,龔令國英約小集感冷暴下歸卧感而賦焉,1,scrape_output\raw\宋朝\龔令國英約小集感冷暴下歸卧感而賦焉\龔令國英約小集感冷暴下歸卧感而賦焉__juan_01.txt,scrape_output\clean\宋朝\龔令國英約小集感冷暴下歸卧感而賦焉\龔令國英約小集感冷暴下歸卧感而賦焉__juan_01.txt,195,151,0
宋朝,179135,龔令國英約小集感冷暴下歸卧感而賦焉 (吏卒稀仍散),龔令國英約小集感冷暴下歸卧感而賦焉 (吏卒稀仍散),龔令國英約小集感冷暴下歸卧感而賦焉 (吏卒稀仍散),1,scrape_output\raw\宋朝\龔令國英約小集感冷暴下歸卧感而賦焉 (吏卒稀仍散)\龔令國英約小集感冷暴下歸卧感而賦焉 (吏卒稀仍散)__juan_01.txt,scrape_output\clean\宋朝\龔令國英約小集感冷暴下歸卧感而賦焉 (吏卒稀仍散)\龔令國英約小集感冷暴下歸卧感而賦焉 (吏卒稀仍散)__juan_01.txt,133,89,0
宋朝,179134,龔令國英約小集感冷暴下歸卧感而賦焉 (客裏何煩病),龔令國英約小集感冷暴下歸卧感而賦焉 (客裏何煩病),龔令國英約小集感冷暴下歸卧感而賦焉 (客裏何煩病),1,scrape_output\raw\宋朝\龔令國英約小集感冷暴下歸卧感而賦焉 (客裏何煩病)\龔令國英約小集感冷暴下歸卧感而賦焉 (客裏何煩病)__juan_01.txt,scrape_output\clean\宋朝\龔令國英約小集感冷暴下歸卧感而賦焉 (客裏何煩病)\龔令國英約小集感冷暴下歸卧感而賦焉 (客裏何煩病)__juan_01.txt,133,89,0
