moe_id,glyph,canonical_moe_id,canonical_glyph,status,error,record_url
A00023-007,󰁋,A00023,凡,canonical_group_error,A00023 凡: LookupError: A00023: search for '凡' returned no dictView numeric IDs.,
A00024-005,𢒈,A00024,丹,canonical_group_error,A00024 丹: LookupError: A00024: search for '丹' returned no dictView numeric IDs.,
A00024-008,󰁐,A00024,丹,canonical_group_error,A00024 丹: LookupError: A00024: search for '丹' returned no dictView numeric IDs.,
A00024-009,󰁑,A00024,丹,canonical_group_error,A00024 丹: LookupError: A00024: search for '丹' returned no dictView numeric IDs.,
A00026-006,弓,A00026,乃,canonical_group_error,A00026 乃: LookupError: A00026: search for '乃' returned no dictView numeric IDs.,
A00026-007,𠄎,A00026,乃,canonical_group_error,A00026 乃: LookupError: A00026: search for '乃' returned no dictView numeric IDs.,
A00026-018,廼,A00026,乃,canonical_group_error,A00026 乃: LookupError: A00026: search for '乃' returned no dictView numeric IDs.,
A00027-002,镹,A00027,久,canonical_group_error,A00027 久: LookupError: A00027: search for '久' returned no dictView numeric IDs.,
A00027-003,󰁜,A00027,久,canonical_group_error,A00027 久: LookupError: A00027: search for '久' returned no dictView numeric IDs.,
A00028-001,幺,A00028,么,canonical_group_error,A00028 么: LookupError: A00028: search for '么' returned no dictView numeric IDs.,
A00029-018-1,󰁥,A00029,之,canonical_group_error,A00029 之: LookupError: A00029: search for '之' returned no dictView numeric IDs.,
A00030-014,𢃵,A00030,尹,canonical_group_error,A00030 尹: LookupError: A00030: search for '尹' returned no dictView numeric IDs.,
A00032-006,󰁥,A00032,乏,canonical_group_error,A00032 乏: LookupError: A00032: search for '乏' returned no dictView numeric IDs.,
A00033-003,𠂠,A00033,乎,canonical_group_error,A00033 乎: LookupError: A00033: search for '乎' returned no dictView numeric IDs.,
A00033-006,虖,A00033,乎,canonical_group_error,A00033 乎: LookupError: A00033: search for '乎' returned no dictView numeric IDs.,
A00036-018,𠦬,A00036,乖,canonical_group_error,A00036 乖: LookupError: A00036: search for '乖' returned no dictView numeric IDs.,
A00037-016,󰂅,A00037,乘,canonical_group_error,A00037 乘: LookupError: A00037: search for '乘' returned no dictView numeric IDs.,
A00037-017,𠓽,A00037,乘,canonical_group_error,A00037 乘: LookupError: A00037: search for '乘' returned no dictView numeric IDs.,
A00037-018,󰂇,A00037,乘,canonical_group_error,A00037 乘: LookupError: A00037: search for '乘' returned no dictView numeric IDs.,
A00037-021,󰂈,A00037,乘,canonical_group_error,A00037 乘: LookupError: A00037: search for '乘' returned no dictView numeric IDs.,
A00037-022,󰂉,A00037,乘,canonical_group_error,A00037 乘: LookupError: A00037: search for '乘' returned no dictView numeric IDs.,
A00037-023,󰂊,A00037,乘,canonical_group_error,A00037 乘: LookupError: A00037: search for '乘' returned no dictView numeric IDs.,
A00037-024,󰂋,A00037,乘,canonical_group_error,A00037 乘: LookupError: A00037: search for '乘' returned no dictView numeric IDs.,
A00037-025,󰂌,A00037,乘,canonical_group_error,A00037 乘: LookupError: A00037: search for '乘' returned no dictView numeric IDs.,
A00037-027,󰂍,A00037,乘,canonical_group_error,A00037 乘: LookupError: A00037: search for '乘' returned no dictView numeric IDs.,
A00037-029,󰂎,A00037,乘,canonical_group_error,A00037 乘: LookupError: A00037: search for '乘' returned no dictView numeric IDs.,
A00037-030,󰂏,A00037,乘,canonical_group_error,A00037 乘: LookupError: A00037: search for '乘' returned no dictView numeric IDs.,
A00037-031,󰂐,A00037,乘,canonical_group_error,A00037 乘: LookupError: A00037: search for '乘' returned no dictView numeric IDs.,
A00037-032,󰂑,A00037,乘,canonical_group_error,A00037 乘: LookupError: A00037: search for '乘' returned no dictView numeric IDs.,
A00037-035,󰂒,A00037,乘,canonical_group_error,A00037 乘: LookupError: A00037: search for '乘' returned no dictView numeric IDs.,
A00037-037,󰂓,A00037,乘,canonical_group_error,A00037 乘: LookupError: A00037: search for '乘' returned no dictView numeric IDs.,
A00037-038,󰂔,A00037,乘,canonical_group_error,A00037 乘: LookupError: A00037: search for '乘' returned no dictView numeric IDs.,
A00037-039,󰂕,A00037,乘,canonical_group_error,A00037 乘: LookupError: A00037: search for '乘' returned no dictView numeric IDs.,
A00037-040,󰂖,A00037,乘,canonical_group_error,A00037 乘: LookupError: A00037: search for '乘' returned no dictView numeric IDs.,
A00038-001,乚,A00038,乙,canonical_group_error,A00038 乙: LookupError: A00038: search for '乙' returned no dictView numeric IDs.,
A00038-003,󰂘,A00038,乙,canonical_group_error,A00038 乙: LookupError: A00038: search for '乙' returned no dictView numeric IDs.,
A00039-001,𢌬,A00039,九,canonical_group_error,A00039 九: LookupError: A00039: search for '九' returned no dictView numeric IDs.,
A00039-002,𣲄,A00039,九,canonical_group_error,A00039 九: LookupError: A00039: search for '九' returned no dictView numeric IDs.,
A00039-002-1,玖,A00039,九,canonical_group_error,A00039 九: LookupError: A00039: search for '九' returned no dictView numeric IDs.,
A00039-002-2,󰂙,A00039,九,canonical_group_error,A00039 九: LookupError: A00039: search for '九' returned no dictView numeric IDs.,
A00040-002,𠔄,A00040,也,canonical_group_error,A00040 也: LookupError: A00040: search for '也' returned no dictView numeric IDs.,
A00040-003,𦫴,A00040,也,canonical_group_error,A00040 也: LookupError: A00040: search for '也' returned no dictView numeric IDs.,
A00040-004,𦬀,A00040,也,canonical_group_error,A00040 也: LookupError: A00040: search for '也' returned no dictView numeric IDs.,
A00040-005,󰂚,A00040,也,canonical_group_error,A00040 也: LookupError: A00040: search for '也' returned no dictView numeric IDs.,
A00040-006,󰂛,A00040,也,canonical_group_error,A00040 也: LookupError: A00040: search for '也' returned no dictView numeric IDs.,
A00040-007,󰂜,A00040,也,canonical_group_error,A00040 也: LookupError: A00040: search for '也' returned no dictView numeric IDs.,
A00040-007-1,𠃟,A00040,也,canonical_group_error,A00040 也: LookupError: A00040: search for '也' returned no dictView numeric IDs.,
A00040-009,󰂝,A00040,也,canonical_group_error,A00040 也: LookupError: A00040: search for '也' returned no dictView numeric IDs.,
A00040-010,󰂞,A00040,也,canonical_group_error,A00040 也: LookupError: A00040: search for '也' returned no dictView numeric IDs.,
A00040-011,󰂟,A00040,也,canonical_group_error,A00040 也: LookupError: A00040: search for '也' returned no dictView numeric IDs.,
A00040-012,󰂠,A00040,也,canonical_group_error,A00040 也: LookupError: A00040: search for '也' returned no dictView numeric IDs.,
A00041-001,󰂡,A00041,乞,canonical_group_error,A00041 乞: LookupError: A00041: search for '乞' returned no dictView numeric IDs.,
A00041-002,气,A00041,乞,canonical_group_error,A00041 乞: LookupError: A00041: search for '乞' returned no dictView numeric IDs.,
A00041-003,󰂢,A00041,乞,canonical_group_error,A00041 乞: LookupError: A00041: search for '乞' returned no dictView numeric IDs.,
A00041-004,󰂣,A00041,乞,canonical_group_error,A00041 乞: LookupError: A00041: search for '乞' returned no dictView numeric IDs.,
A00041-005,󰂤,A00041,乞,canonical_group_error,A00041 乞: LookupError: A00041: search for '乞' returned no dictView numeric IDs.,
A00041-006,󰂥,A00041,乞,canonical_group_error,A00041 乞: LookupError: A00041: search for '乞' returned no dictView numeric IDs.,
A00041-007,󰂦,A00041,乞,canonical_group_error,A00041 乞: LookupError: A00041: search for '乞' returned no dictView numeric IDs.,
A00043-001,𠂏,A00043,乳,canonical_group_error,A00043 乳: LookupError: A00043: search for '乳' returned no dictView numeric IDs.,
A00043-002,𦜘,A00043,乳,canonical_group_error,A00043 乳: LookupError: A00043: search for '乳' returned no dictView numeric IDs.,
A00043-003,𡇲,A00043,乳,canonical_group_error,A00043 乳: LookupError: A00043: search for '乳' returned no dictView numeric IDs.,
A00043-004,󰂧,A00043,乳,canonical_group_error,A00043 乳: LookupError: A00043: search for '乳' returned no dictView numeric IDs.,
A00043-005,󰂨,A00043,乳,canonical_group_error,A00043 乳: LookupError: A00043: search for '乳' returned no dictView numeric IDs.,
A00044-001,乹,A00044,乾,canonical_group_error,A00044 乾: LookupError: A00044: search for '乾' returned no dictView numeric IDs.,
A00044-003-1,𠄄,A00044,乾,canonical_group_error,A00044 乾: LookupError: A00044: search for '乾' returned no dictView numeric IDs.,
A00044-004,𠄊,A00044,乾,canonical_group_error,A00044 乾: LookupError: A00044: search for '乾' returned no dictView numeric IDs.,
A00044-005,𠄋,A00044,乾,canonical_group_error,A00044 乾: LookupError: A00044: search for '乾' returned no dictView numeric IDs.,
A00044-006,𨺩,A00044,乾,canonical_group_error,A00044 乾: LookupError: A00044: search for '乾' returned no dictView numeric IDs.,
A00044-007,󰂩,A00044,乾,canonical_group_error,A00044 乾: LookupError: A00044: search for '乾' returned no dictView numeric IDs.,
A00044-008,󰂪,A00044,乾,canonical_group_error,A00044 乾: LookupError: A00044: search for '乾' returned no dictView numeric IDs.,
A00044-009,󰂫,A00044,乾,canonical_group_error,A00044 乾: LookupError: A00044: search for '乾' returned no dictView numeric IDs.,
A00044-010,󰂬,A00044,乾,canonical_group_error,A00044 乾: LookupError: A00044: search for '乾' returned no dictView numeric IDs.,
A00044-011,󰂭,A00044,乾,canonical_group_error,A00044 乾: LookupError: A00044: search for '乾' returned no dictView numeric IDs.,
A00044-012,󰂮,A00044,乾,canonical_group_error,A00044 乾: LookupError: A00044: search for '乾' returned no dictView numeric IDs.,
A00044-013,󰂯,A00044,乾,canonical_group_error,A00044 乾: LookupError: A00044: search for '乾' returned no dictView numeric IDs.,
A00044-014,󰂰,A00044,乾,canonical_group_error,A00044 乾: LookupError: A00044: search for '乾' returned no dictView numeric IDs.,
A00044-015,󰂱,A00044,乾,canonical_group_error,A00044 乾: LookupError: A00044: search for '乾' returned no dictView numeric IDs.,
A00044-016,󰂲,A00044,乾,canonical_group_error,A00044 乾: LookupError: A00044: search for '乾' returned no dictView numeric IDs.,
A00044-017,󰂳,A00044,乾,canonical_group_error,A00044 乾: LookupError: A00044: search for '乾' returned no dictView numeric IDs.,
A00044-018,󰂴,A00044,乾,canonical_group_error,A00044 乾: LookupError: A00044: search for '乾' returned no dictView numeric IDs.,
A00044-020,󰂵,A00044,乾,canonical_group_error,A00044 乾: LookupError: A00044: search for '乾' returned no dictView numeric IDs.,
A00044-021,󰂶,A00044,乾,canonical_group_error,A00044 乾: LookupError: A00044: search for '乾' returned no dictView numeric IDs.,
A00044-022,󰂷,A00044,乾,canonical_group_error,A00044 乾: LookupError: A00044: search for '乾' returned no dictView numeric IDs.,
A00044-023,󰂸,A00044,乾,canonical_group_error,A00044 乾: LookupError: A00044: search for '乾' returned no dictView numeric IDs.,
A00044-024,󰂹,A00044,乾,canonical_group_error,A00044 乾: LookupError: A00044: search for '乾' returned no dictView numeric IDs.,
A00044-025,󰂺,A00044,乾,canonical_group_error,A00044 乾: LookupError: A00044: search for '乾' returned no dictView numeric IDs.,
A00044-027,󰂻,A00044,乾,canonical_group_error,A00044 乾: LookupError: A00044: search for '乾' returned no dictView numeric IDs.,
A00044-028,󰂼,A00044,乾,canonical_group_error,A00044 乾: LookupError: A00044: search for '乾' returned no dictView numeric IDs.,
A00044-029,󰂽,A00044,乾,canonical_group_error,A00044 乾: LookupError: A00044: search for '乾' returned no dictView numeric IDs.,
A00044-031,󰂾,A00044,乾,canonical_group_error,A00044 乾: LookupError: A00044: search for '乾' returned no dictView numeric IDs.,
A00044-032,󰂿,A00044,乾,canonical_group_error,A00044 乾: LookupError: A00044: search for '乾' returned no dictView numeric IDs.,
A00044-033,𣦖,A00044,乾,canonical_group_error,A00044 乾: LookupError: A00044: search for '乾' returned no dictView numeric IDs.,
A00044-034,干,A00044,乾,canonical_group_error,A00044 乾: LookupError: A00044: search for '乾' returned no dictView numeric IDs.,
A00044-035,󰃀,A00044,乾,canonical_group_error,A00044 乾: LookupError: A00044: search for '乾' returned no dictView numeric IDs.,
A00044-036,󰃁,A00044,乾,canonical_group_error,A00044 乾: LookupError: A00044: search for '乾' returned no dictView numeric IDs.,
A00044-037,󰃂,A00044,乾,canonical_group_error,A00044 乾: LookupError: A00044: search for '乾' returned no dictView numeric IDs.,
A00044-037-1,󰃃,A00044,乾,canonical_group_error,A00044 乾: LookupError: A00044: search for '乾' returned no dictView numeric IDs.,
A00044-037-2,漧,A00044,乾,canonical_group_error,A00044 乾: LookupError: A00044: search for '乾' returned no dictView numeric IDs.,
A00044-038,󰃄,A00044,乾,canonical_group_error,A00044 乾: LookupError: A00044: search for '乾' returned no dictView numeric IDs.,
A00044-039,󰃅,A00044,乾,canonical_group_error,A00044 乾: LookupError: A00044: search for '乾' returned no dictView numeric IDs.,
A00044-040,󰃆,A00044,乾,canonical_group_error,A00044 乾: LookupError: A00044: search for '乾' returned no dictView numeric IDs.,
A00044-042,𤌹,A00044,乾,canonical_group_error,A00044 乾: LookupError: A00044: search for '乾' returned no dictView numeric IDs.,
A00044-043,󰃇,A00044,乾,canonical_group_error,A00044 乾: LookupError: A00044: search for '乾' returned no dictView numeric IDs.,
A00045-001,乱,A00045,亂,canonical_group_error,A00045 亂: LookupError: A00045: search for '亂' returned no dictView numeric IDs.,
A00045-002,𠧎,A00045,亂,canonical_group_error,A00045 亂: LookupError: A00045: search for '亂' returned no dictView numeric IDs.,
A00045-003,𠧏,A00045,亂,canonical_group_error,A00045 亂: LookupError: A00045: search for '亂' returned no dictView numeric IDs.,
A00045-004,𠮗,A00045,亂,canonical_group_error,A00045 亂: LookupError: A00045: search for '亂' returned no dictView numeric IDs.,
A00045-005,𢮣,A00045,亂,canonical_group_error,A00045 亂: LookupError: A00045: search for '亂' returned no dictView numeric IDs.,
A00045-007,𤔦,A00045,亂,canonical_group_error,A00045 亂: LookupError: A00045: search for '亂' returned no dictView numeric IDs.,
A00045-008,𤕍,A00045,亂,canonical_group_error,A00045 亂: LookupError: A00045: search for '亂' returned no dictView numeric IDs.,
A00045-010,釠,A00045,亂,canonical_group_error,A00045 亂: LookupError: A00045: search for '亂' returned no dictView numeric IDs.,
A00045-011,󰃈,A00045,亂,canonical_group_error,A00045 亂: LookupError: A00045: search for '亂' returned no dictView numeric IDs.,
A00045-014,󰃉,A00045,亂,canonical_group_error,A00045 亂: LookupError: A00045: search for '亂' returned no dictView numeric IDs.,
A00045-015,󰃊,A00045,亂,canonical_group_error,A00045 亂: LookupError: A00045: search for '亂' returned no dictView numeric IDs.,
A00045-016,󰃋,A00045,亂,canonical_group_error,A00045 亂: LookupError: A00045: search for '亂' returned no dictView numeric IDs.,
A00045-017-1,乨,A00045,亂,canonical_group_error,A00045 亂: LookupError: A00045: search for '亂' returned no dictView numeric IDs.,
A00045-017-2,𠃶,A00045,亂,canonical_group_error,A00045 亂: LookupError: A00045: search for '亂' returned no dictView numeric IDs.,
A00045-017-3,󰃌,A00045,亂,canonical_group_error,A00045 亂: LookupError: A00045: search for '亂' returned no dictView numeric IDs.,
A00045-017-4,󰃍,A00045,亂,canonical_group_error,A00045 亂: LookupError: A00045: search for '亂' returned no dictView numeric IDs.,
A00045-017-5,󰃎,A00045,亂,canonical_group_error,A00045 亂: LookupError: A00045: search for '亂' returned no dictView numeric IDs.,
A00045-017-6,󰃏,A00045,亂,canonical_group_error,A00045 亂: LookupError: A00045: search for '亂' returned no dictView numeric IDs.,
A00045-017-7,𤔔,A00045,亂,canonical_group_error,A00045 亂: LookupError: A00045: search for '亂' returned no dictView numeric IDs.,
A00045-018,󰃐,A00045,亂,canonical_group_error,A00045 亂: LookupError: A00045: search for '亂' returned no dictView numeric IDs.,
A00045-019,󰃑,A00045,亂,canonical_group_error,A00045 亂: LookupError: A00045: search for '亂' returned no dictView numeric IDs.,
A00045-020,󰃒,A00045,亂,canonical_group_error,A00045 亂: LookupError: A00045: search for '亂' returned no dictView numeric IDs.,
A00045-021,󰃓,A00045,亂,canonical_group_error,A00045 亂: LookupError: A00045: search for '亂' returned no dictView numeric IDs.,
A00045-022,󰃔,A00045,亂,canonical_group_error,A00045 亂: LookupError: A00045: search for '亂' returned no dictView numeric IDs.,
A00045-023,󰃕,A00045,亂,canonical_group_error,A00045 亂: LookupError: A00045: search for '亂' returned no dictView numeric IDs.,
A00045-024,󰃖,A00045,亂,canonical_group_error,A00045 亂: LookupError: A00045: search for '亂' returned no dictView numeric IDs.,
A00045-026,󰃗,A00045,亂,canonical_group_error,A00045 亂: LookupError: A00045: search for '亂' returned no dictView numeric IDs.,
A00045-027,󰃘,A00045,亂,canonical_group_error,A00045 亂: LookupError: A00045: search for '亂' returned no dictView numeric IDs.,
A00045-028,󰃙,A00045,亂,canonical_group_error,A00045 亂: LookupError: A00045: search for '亂' returned no dictView numeric IDs.,
A00045-029,󰃚,A00045,亂,canonical_group_error,A00045 亂: LookupError: A00045: search for '亂' returned no dictView numeric IDs.,
A00045-030,󰃛,A00045,亂,canonical_group_error,A00045 亂: LookupError: A00045: search for '亂' returned no dictView numeric IDs.,
A00045-031,󰃜,A00045,亂,canonical_group_error,A00045 亂: LookupError: A00045: search for '亂' returned no dictView numeric IDs.,
A00045-032,󰃝,A00045,亂,canonical_group_error,A00045 亂: LookupError: A00045: search for '亂' returned no dictView numeric IDs.,
A00045-033,󰃞,A00045,亂,canonical_group_error,A00045 亂: LookupError: A00045: search for '亂' returned no dictView numeric IDs.,
A00045-034,󰃟,A00045,亂,canonical_group_error,A00045 亂: LookupError: A00045: search for '亂' returned no dictView numeric IDs.,
A00045-035,󰃠,A00045,亂,canonical_group_error,A00045 亂: LookupError: A00045: search for '亂' returned no dictView numeric IDs.,
A00045-036,󰃡,A00045,亂,canonical_group_error,A00045 亂: LookupError: A00045: search for '亂' returned no dictView numeric IDs.,
A00045-037,󰃢,A00045,亂,canonical_group_error,A00045 亂: LookupError: A00045: search for '亂' returned no dictView numeric IDs.,
A00045-038,󰃣,A00045,亂,canonical_group_error,A00045 亂: LookupError: A00045: search for '亂' returned no dictView numeric IDs.,
A00045-039,󰃤,A00045,亂,canonical_group_error,A00045 亂: LookupError: A00045: search for '亂' returned no dictView numeric IDs.,
A00045-040,󰃥,A00045,亂,canonical_group_error,A00045 亂: LookupError: A00045: search for '亂' returned no dictView numeric IDs.,
A00045-041,󰃦,A00045,亂,canonical_group_error,A00045 亂: LookupError: A00045: search for '亂' returned no dictView numeric IDs.,
A00045-042,󰃧,A00045,亂,canonical_group_error,A00045 亂: LookupError: A00045: search for '亂' returned no dictView numeric IDs.,
A00045-043,󰃨,A00045,亂,canonical_group_error,A00045 亂: LookupError: A00045: search for '亂' returned no dictView numeric IDs.,
A00045-044,󰃩,A00045,亂,canonical_group_error,A00045 亂: LookupError: A00045: search for '亂' returned no dictView numeric IDs.,
A00045-046,󰃫,A00045,亂,canonical_group_error,A00045 亂: LookupError: A00045: search for '亂' returned no dictView numeric IDs.,
A00045-050,󰃭,A00045,亂,canonical_group_error,A00045 亂: LookupError: A00045: search for '亂' returned no dictView numeric IDs.,
A00045-051,󰃮,A00045,亂,canonical_group_error,A00045 亂: LookupError: A00045: search for '亂' returned no dictView numeric IDs.,
A00045-054,󰃯,A00045,亂,canonical_group_error,A00045 亂: LookupError: A00045: search for '亂' returned no dictView numeric IDs.,
A00045-055,󰃰,A00045,亂,canonical_group_error,A00045 亂: LookupError: A00045: search for '亂' returned no dictView numeric IDs.,
A00045-056,󰃱,A00045,亂,canonical_group_error,A00045 亂: LookupError: A00045: search for '亂' returned no dictView numeric IDs.,
A00045-057,󰃲,A00045,亂,canonical_group_error,A00045 亂: LookupError: A00045: search for '亂' returned no dictView numeric IDs.,
A00045-058,󰃳,A00045,亂,canonical_group_error,A00045 亂: LookupError: A00045: search for '亂' returned no dictView numeric IDs.,
A00045-059,󰃴,A00045,亂,canonical_group_error,A00045 亂: LookupError: A00045: search for '亂' returned no dictView numeric IDs.,
A00045-060,󰃵,A00045,亂,canonical_group_error,A00045 亂: LookupError: A00045: search for '亂' returned no dictView numeric IDs.,
A00045-061,󰃶,A00045,亂,canonical_group_error,A00045 亂: LookupError: A00045: search for '亂' returned no dictView numeric IDs.,
A00045-062,󰃷,A00045,亂,canonical_group_error,A00045 亂: LookupError: A00045: search for '亂' returned no dictView numeric IDs.,
A00045-067,󰃸,A00045,亂,canonical_group_error,A00045 亂: LookupError: A00045: search for '亂' returned no dictView numeric IDs.,
A00045-068,󰃹,A00045,亂,canonical_group_error,A00045 亂: LookupError: A00045: search for '亂' returned no dictView numeric IDs.,
A00045-069,󰃺,A00045,亂,canonical_group_error,A00045 亂: LookupError: A00045: search for '亂' returned no dictView numeric IDs.,
A00045-070,󰃻,A00045,亂,canonical_group_error,A00045 亂: LookupError: A00045: search for '亂' returned no dictView numeric IDs.,
A00045-071,𤕅,A00045,亂,canonical_group_error,A00045 亂: LookupError: A00045: search for '亂' returned no dictView numeric IDs.,
A00045-072,󰃼,A00045,亂,canonical_group_error,A00045 亂: LookupError: A00045: search for '亂' returned no dictView numeric IDs.,
A00045-072-1,󰃽,A00045,亂,canonical_group_error,A00045 亂: LookupError: A00045: search for '亂' returned no dictView numeric IDs.,
A00045-072-2,󰃾,A00045,亂,canonical_group_error,A00045 亂: LookupError: A00045: search for '亂' returned no dictView numeric IDs.,
A00045-072-3,,A00045,亂,canonical_group_error,A00045 亂: LookupError: A00045: search for '亂' returned no dictView numeric IDs.,
A00045-073,󰃿,A00045,亂,canonical_group_error,A00045 亂: LookupError: A00045: search for '亂' returned no dictView numeric IDs.,
A00045-074,󰄀,A00045,亂,canonical_group_error,A00045 亂: LookupError: A00045: search for '亂' returned no dictView numeric IDs.,
A00045-075,󰄁,A00045,亂,canonical_group_error,A00045 亂: LookupError: A00045: search for '亂' returned no dictView numeric IDs.,
A00045-076,󰄂,A00045,亂,canonical_group_error,A00045 亂: LookupError: A00045: search for '亂' returned no dictView numeric IDs.,
A00045-077,,A00045,亂,canonical_group_error,A00045 亂: LookupError: A00045: search for '亂' returned no dictView numeric IDs.,
A00045-078,󰄃,A00045,亂,canonical_group_error,A00045 亂: LookupError: A00045: search for '亂' returned no dictView numeric IDs.,
A00045-079,󰄄,A00045,亂,canonical_group_error,A00045 亂: LookupError: A00045: search for '亂' returned no dictView numeric IDs.,
A00045-080,󰄅,A00045,亂,canonical_group_error,A00045 亂: LookupError: A00045: search for '亂' returned no dictView numeric IDs.,
A00045-081,󰄆,A00045,亂,canonical_group_error,A00045 亂: LookupError: A00045: search for '亂' returned no dictView numeric IDs.,
A00047-002,󰄇,A00047,予,canonical_group_error,A00047 予: LookupError: A00047: search for '予' returned no dictView numeric IDs.,
A00048-001,𠁱,A00048,事,canonical_group_error,A00048 事: LookupError: A00048: search for '事' returned no dictView numeric IDs.,
A00048-002,叓,A00048,事,canonical_group_error,A00048 事: LookupError: A00048: search for '事' returned no dictView numeric IDs.,
A00048-003,𠭏,A00048,事,canonical_group_error,A00048 事: LookupError: A00048: search for '事' returned no dictView numeric IDs.,
A00048-004,𤔇,A00048,事,canonical_group_error,A00048 事: LookupError: A00048: search for '事' returned no dictView numeric IDs.,
A00048-005,󰄈,A00048,事,canonical_group_error,A00048 事: LookupError: A00048: search for '事' returned no dictView numeric IDs.,
A00048-007,󰄉,A00048,事,canonical_group_error,A00048 事: LookupError: A00048: search for '事' returned no dictView numeric IDs.,
A00048-008,󰄊,A00048,事,canonical_group_error,A00048 事: LookupError: A00048: search for '事' returned no dictView numeric IDs.,
A00048-012,󰄋,A00048,事,canonical_group_error,A00048 事: LookupError: A00048: search for '事' returned no dictView numeric IDs.,
A00048-013,󰄌,A00048,事,canonical_group_error,A00048 事: LookupError: A00048: search for '事' returned no dictView numeric IDs.,
A00048-014,󰄍,A00048,事,canonical_group_error,A00048 事: LookupError: A00048: search for '事' returned no dictView numeric IDs.,
A00048-017,󰄎,A00048,事,canonical_group_error,A00048 事: LookupError: A00048: search for '事' returned no dictView numeric IDs.,
A00048-018,󰄏,A00048,事,canonical_group_error,A00048 事: LookupError: A00048: search for '事' returned no dictView numeric IDs.,
A00048-019,󰄐,A00048,事,canonical_group_error,A00048 事: LookupError: A00048: search for '事' returned no dictView numeric IDs.,
A00048-020,󳠺,A00048,事,canonical_group_error,A00048 事: LookupError: A00048: search for '事' returned no dictView numeric IDs.,
A00048-021,󰄑,A00048,事,canonical_group_error,A00048 事: LookupError: A00048: search for '事' returned no dictView numeric IDs.,
A00048-021-1,󰄒,A00048,事,canonical_group_error,A00048 事: LookupError: A00048: search for '事' returned no dictView numeric IDs.,
A00048-021-3,𠫺,A00048,事,canonical_group_error,A00048 事: LookupError: A00048: search for '事' returned no dictView numeric IDs.,
A00048-022,󰄓,A00048,事,canonical_group_error,A00048 事: LookupError: A00048: search for '事' returned no dictView numeric IDs.,
A00049-001,𠄠,A00049,二,canonical_group_error,A00049 二: LookupError: A00049: search for '二' returned no dictView numeric IDs.,
A00049-002,弍,A00049,二,canonical_group_error,A00049 二: LookupError: A00049: search for '二' returned no dictView numeric IDs.,
A00049-003,𢎐,A00049,二,canonical_group_error,A00049 二: LookupError: A00049: search for '二' returned no dictView numeric IDs.,
A00049-004,貳,A00049,二,canonical_group_error,A00049 二: LookupError: A00049: search for '二' returned no dictView numeric IDs.,
A00050-001,亏,A00050,于,canonical_group_error,A00050 于: LookupError: A00050: search for '于' returned no dictView numeric IDs.,
A00050-002,󰄔,A00050,于,canonical_group_error,A00050 于: LookupError: A00050: search for '于' returned no dictView numeric IDs.,
A00052-001,丼,A00052,井,canonical_group_error,A00052 井: LookupError: A00052: search for '井' returned no dictView numeric IDs.,
A00052-002,󰄕,A00052,井,canonical_group_error,A00052 井: LookupError: A00052: search for '井' returned no dictView numeric IDs.,
A00053-001,㸦,A00053,互,canonical_group_error,A00053 互: LookupError: A00053: search for '互' returned no dictView numeric IDs.,
A00053-002,󰄖,A00053,互,canonical_group_error,A00053 互: LookupError: A00053: search for '互' returned no dictView numeric IDs.,
A00053-005,󰄗,A00053,互,canonical_group_error,A00053 互: LookupError: A00053: search for '互' returned no dictView numeric IDs.,
A00053-005-1,󰄘,A00053,互,canonical_group_error,A00053 互: LookupError: A00053: search for '互' returned no dictView numeric IDs.,
A00054-001,㐅,A00054,五,canonical_group_error,A00054 五: LookupError: A00054: search for '五' returned no dictView numeric IDs.,
A00054-002,𠄡,A00054,五,canonical_group_error,A00054 五: LookupError: A00054: search for '五' returned no dictView numeric IDs.,
A00054-003,󰄙,A00054,五,canonical_group_error,A00054 五: LookupError: A00054: search for '五' returned no dictView numeric IDs.,
A00054-004,󰄚,A00054,五,canonical_group_error,A00054 五: LookupError: A00054: search for '五' returned no dictView numeric IDs.,
A00054-005,󰄛,A00054,五,canonical_group_error,A00054 五: LookupError: A00054: search for '五' returned no dictView numeric IDs.,
A00054-006,乂,A00054,五,canonical_group_error,A00054 五: LookupError: A00054: search for '五' returned no dictView numeric IDs.,
A00054-007,󰄜,A00054,五,canonical_group_error,A00054 五: LookupError: A00054: search for '五' returned no dictView numeric IDs.,
A00054-008,󰄝,A00054,五,canonical_group_error,A00054 五: LookupError: A00054: search for '五' returned no dictView numeric IDs.,
A00054-009,󰄞,A00054,五,canonical_group_error,A00054 五: LookupError: A00054: search for '五' returned no dictView numeric IDs.,
A00054-010,󰄟,A00054,五,canonical_group_error,A00054 五: LookupError: A00054: search for '五' returned no dictView numeric IDs.,
A00054-012,伍,A00054,五,canonical_group_error,A00054 五: LookupError: A00054: search for '五' returned no dictView numeric IDs.,
A00055-001,亘,A00055,亙,canonical_group_error,A00055 亙: LookupError: A00055: search for '亙' returned no dictView numeric IDs.,
A00055-003,𠄣,A00055,亙,canonical_group_error,A00055 亙: LookupError: A00055: search for '亙' returned no dictView numeric IDs.,
A00055-006,㮓,A00055,亙,canonical_group_error,A00055 亙: LookupError: A00055: search for '亙' returned no dictView numeric IDs.,
A00055-007,𣘰,A00055,亙,canonical_group_error,A00055 亙: LookupError: A00055: search for '亙' returned no dictView numeric IDs.,
A00055-008,󰄠,A00055,亙,canonical_group_error,A00055 亙: LookupError: A00055: search for '亙' returned no dictView numeric IDs.,
A00055-010,󰄡,A00055,亙,canonical_group_error,A00055 亙: LookupError: A00055: search for '亙' returned no dictView numeric IDs.,
A00055-011,,A00055,亙,canonical_group_error,A00055 亙: LookupError: A00055: search for '亙' returned no dictView numeric IDs.,
A00055-012,󰄢,A00055,亙,canonical_group_error,A00055 亙: LookupError: A00055: search for '亙' returned no dictView numeric IDs.,
A00055-013,󰄣,A00055,亙,canonical_group_error,A00055 亙: LookupError: A00055: search for '亙' returned no dictView numeric IDs.,
A00055-014,󰄤,A00055,亙,canonical_group_error,A00055 亙: LookupError: A00055: search for '亙' returned no dictView numeric IDs.,
A00055-015,𦚹,A00055,亙,canonical_group_error,A00055 亙: LookupError: A00055: search for '亙' returned no dictView numeric IDs.,
A00057-001,亜,A00057,亞,canonical_group_error,A00057 亞: LookupError: A00057: search for '亞' returned no dictView numeric IDs.,
A00057-002,󰄧,A00057,亞,canonical_group_error,A00057 亞: LookupError: A00057: search for '亞' returned no dictView numeric IDs.,
A00057-003,󰄨,A00057,亞,canonical_group_error,A00057 亞: LookupError: A00057: search for '亞' returned no dictView numeric IDs.,
A00057-004,𠄮,A00057,亞,canonical_group_error,A00057 亞: LookupError: A00057: search for '亞' returned no dictView numeric IDs.,
A00057-005,󰄩,A00057,亞,canonical_group_error,A00057 亞: LookupError: A00057: search for '亞' returned no dictView numeric IDs.,
A00057-006,󰄪,A00057,亞,canonical_group_error,A00057 亞: LookupError: A00057: search for '亞' returned no dictView numeric IDs.,
A00057-007,俹,A00057,亞,canonical_group_error,A00057 亞: LookupError: A00057: search for '亞' returned no dictView numeric IDs.,
A00057-008,󰄫,A00057,亞,canonical_group_error,A00057 亞: LookupError: A00057: search for '亞' returned no dictView numeric IDs.,
A00057-009,󰄬,A00057,亞,canonical_group_error,A00057 亞: LookupError: A00057: search for '亞' returned no dictView numeric IDs.,
A00057-010,䢝,A00057,亞,canonical_group_error,A00057 亞: LookupError: A00057: search for '亞' returned no dictView numeric IDs.,
A00059-001,亾,A00059,亡,canonical_group_error,A00059 亡: LookupError: A00059: search for '亡' returned no dictView numeric IDs.,
A00059-002,兦,A00059,亡,canonical_group_error,A00059 亡: LookupError: A00059: search for '亡' returned no dictView numeric IDs.,
A00059-006,󰄸,A00059,亡,canonical_group_error,A00059 亡: LookupError: A00059: search for '亡' returned no dictView numeric IDs.,
A00059-007,󰄹,A00059,亡,canonical_group_error,A00059 亡: LookupError: A00059: search for '亡' returned no dictView numeric IDs.,
A00059-008,󰄺,A00059,亡,canonical_group_error,A00059 亡: LookupError: A00059: search for '亡' returned no dictView numeric IDs.,
A00059-009,󰄻,A00059,亡,canonical_group_error,A00059 亡: LookupError: A00059: search for '亡' returned no dictView numeric IDs.,
A00060-001,󰄼,A00060,交,canonical_group_error,A00060 交: LookupError: A00060: search for '交' returned no dictView numeric IDs.,
A00060-002,󰄽,A00060,交,canonical_group_error,A00060 交: LookupError: A00060: search for '交' returned no dictView numeric IDs.,
A00060-003,󰄾,A00060,交,canonical_group_error,A00060 交: LookupError: A00060: search for '交' returned no dictView numeric IDs.,
A00060-004,󰄿,A00060,交,canonical_group_error,A00060 交: LookupError: A00060: search for '交' returned no dictView numeric IDs.,
A00060-005,㬵,A00060,交,canonical_group_error,A00060 交: LookupError: A00060: search for '交' returned no dictView numeric IDs.,
A00061-001,𠅃,A00061,亦,canonical_group_error,A00061 亦: LookupError: A00061: search for '亦' returned no dictView numeric IDs.,
A00061-002,𡖋,A00061,亦,canonical_group_error,A00061 亦: LookupError: A00061: search for '亦' returned no dictView numeric IDs.,
A00061-003,𡗕,A00061,亦,canonical_group_error,A00061 亦: LookupError: A00061: search for '亦' returned no dictView numeric IDs.,
A00061-005,𥩖,A00061,亦,canonical_group_error,A00061 亦: LookupError: A00061: search for '亦' returned no dictView numeric IDs.,
A00061-006,󰅀,A00061,亦,canonical_group_error,A00061 亦: LookupError: A00061: search for '亦' returned no dictView numeric IDs.,
A00061-007,󰅁,A00061,亦,canonical_group_error,A00061 亦: LookupError: A00061: search for '亦' returned no dictView numeric IDs.,
A00061-008,󰅂,A00061,亦,canonical_group_error,A00061 亦: LookupError: A00061: search for '亦' returned no dictView numeric IDs.,
A00061-010,󰅃,A00061,亦,canonical_group_error,A00061 亦: LookupError: A00061: search for '亦' returned no dictView numeric IDs.,
A00061-011,󰅄,A00061,亦,canonical_group_error,A00061 亦: LookupError: A00061: search for '亦' returned no dictView numeric IDs.,
A00061-012,󰅅,A00061,亦,canonical_group_error,A00061 亦: LookupError: A00061: search for '亦' returned no dictView numeric IDs.,
A00061-013,󰅆,A00061,亦,canonical_group_error,A00061 亦: LookupError: A00061: search for '亦' returned no dictView numeric IDs.,
A00061-014,󰅇,A00061,亦,canonical_group_error,A00061 亦: LookupError: A00061: search for '亦' returned no dictView numeric IDs.,
A00062-001,𠀅,A00062,亥,canonical_group_error,A00062 亥: LookupError: A00062: search for '亥' returned no dictView numeric IDs.,
A00062-002,𠦇,A00062,亥,canonical_group_error,A00062 亥: LookupError: A00062: search for '亥' returned no dictView numeric IDs.,
A00062-003,𢁓,A00062,亥,canonical_group_error,A00062 亥: LookupError: A00062: search for '亥' returned no dictView numeric IDs.,
A00062-005,𢁳,A00062,亥,canonical_group_error,A00062 亥: LookupError: A00062: search for '亥' returned no dictView numeric IDs.,
A00062-008,󰅈,A00062,亥,canonical_group_error,A00062 亥: LookupError: A00062: search for '亥' returned no dictView numeric IDs.,
A00062-009,󰅉,A00062,亥,canonical_group_error,A00062 亥: LookupError: A00062: search for '亥' returned no dictView numeric IDs.,
A00062-010,󰅊,A00062,亥,canonical_group_error,A00062 亥: LookupError: A00062: search for '亥' returned no dictView numeric IDs.,
A00062-011,󰅋,A00062,亥,canonical_group_error,A00062 亥: LookupError: A00062: search for '亥' returned no dictView numeric IDs.,
A00062-012,󰅌,A00062,亥,canonical_group_error,A00062 亥: LookupError: A00062: search for '亥' returned no dictView numeric IDs.,
A00062-014,󰅍,A00062,亥,canonical_group_error,A00062 亥: LookupError: A00062: search for '亥' returned no dictView numeric IDs.,
A00062-015,󰅎,A00062,亥,canonical_group_error,A00062 亥: LookupError: A00062: search for '亥' returned no dictView numeric IDs.,
A00062-016,󰅏,A00062,亥,canonical_group_error,A00062 亥: LookupError: A00062: search for '亥' returned no dictView numeric IDs.,
A00062-019,𧰧,A00062,亥,canonical_group_error,A00062 亥: LookupError: A00062: search for '亥' returned no dictView numeric IDs.,
A00062-020,󰅐,A00062,亥,canonical_group_error,A00062 亥: LookupError: A00062: search for '亥' returned no dictView numeric IDs.,
A00063-001,𠅖,A00063,亨,canonical_group_error,A00063 亨: LookupError: A00063: search for '亨' returned no dictView numeric IDs.,
A00063-002,󰅑,A00063,亨,canonical_group_error,A00063 亨: LookupError: A00063: search for '亨' returned no dictView numeric IDs.,
A00063-003,亯,A00063,亨,canonical_group_error,A00063 亨: LookupError: A00063: search for '亨' returned no dictView numeric IDs.,
A00063-004,󰅒,A00063,亨,canonical_group_error,A00063 亨: LookupError: A00063: search for '亨' returned no dictView numeric IDs.,
A00063-005,享,A00063,亨,canonical_group_error,A00063 亨: LookupError: A00063: search for '亨' returned no dictView numeric IDs.,
A00064-001,亯,A00064,享,canonical_group_error,A00064 享: LookupError: A00064: search for '享' returned no dictView numeric IDs.,
A00064-002,𠅠,A00064,享,canonical_group_error,A00064 享: LookupError: A00064: search for '享' returned no dictView numeric IDs.,
A00064-003,𦕺,A00064,享,canonical_group_error,A00064 享: LookupError: A00064: search for '享' returned no dictView numeric IDs.,
A00064-004,𦴒,A00064,享,canonical_group_error,A00064 享: LookupError: A00064: search for '享' returned no dictView numeric IDs.,
A00064-005,󰅒,A00064,享,canonical_group_error,A00064 享: LookupError: A00064: search for '享' returned no dictView numeric IDs.,
A00064-006,󰅓,A00064,享,canonical_group_error,A00064 享: LookupError: A00064: search for '享' returned no dictView numeric IDs.,
A00064-007,󰅔,A00064,享,canonical_group_error,A00064 享: LookupError: A00064: search for '享' returned no dictView numeric IDs.,
A00064-008,󰅕,A00064,享,canonical_group_error,A00064 享: LookupError: A00064: search for '享' returned no dictView numeric IDs.,
A00064-009,畗,A00064,享,canonical_group_error,A00064 享: LookupError: A00064: search for '享' returned no dictView numeric IDs.,
A00064-010,亨,A00064,享,canonical_group_error,A00064 享: LookupError: A00064: search for '享' returned no dictView numeric IDs.,
A00064-011,󰅑,A00064,享,canonical_group_error,A00064 享: LookupError: A00064: search for '享' returned no dictView numeric IDs.,
A00064-012,󰅖,A00064,享,canonical_group_error,A00064 享: LookupError: A00064: search for '享' returned no dictView numeric IDs.,
A00064-013,󰅗,A00064,享,canonical_group_error,A00064 享: LookupError: A00064: search for '享' returned no dictView numeric IDs.,
A00064-014,󰅘,A00064,享,canonical_group_error,A00064 享: LookupError: A00064: search for '享' returned no dictView numeric IDs.,
A00064-015,󰅙,A00064,享,canonical_group_error,A00064 享: LookupError: A00064: search for '享' returned no dictView numeric IDs.,
A00064-016,󰅚,A00064,享,canonical_group_error,A00064 享: LookupError: A00064: search for '享' returned no dictView numeric IDs.,
A00064-017,𠅖,A00064,享,canonical_group_error,A00064 享: LookupError: A00064: search for '享' returned no dictView numeric IDs.,
A00065-001,亰,A00065,京,canonical_group_error,A00065 京: LookupError: A00065: search for '京' returned no dictView numeric IDs.,
A00065-002,𡬱,A00065,京,canonical_group_error,A00065 京: LookupError: A00065: search for '京' returned no dictView numeric IDs.,
A00065-003,𢂋,A00065,京,canonical_group_error,A00065 京: LookupError: A00065: search for '京' returned no dictView numeric IDs.,
A00065-004,𦣿,A00065,京,canonical_group_error,A00065 京: LookupError: A00065: search for '京' returned no dictView numeric IDs.,
A00065-005,󰅛,A00065,京,canonical_group_error,A00065 京: LookupError: A00065: search for '京' returned no dictView numeric IDs.,
A00065-007,󰅜,A00065,京,canonical_group_error,A00065 京: LookupError: A00065: search for '京' returned no dictView numeric IDs.,
A00065-008,󰅝,A00065,京,canonical_group_error,A00065 京: LookupError: A00065: search for '京' returned no dictView numeric IDs.,
A00065-009,󰅞,A00065,京,canonical_group_error,A00065 京: LookupError: A00065: search for '京' returned no dictView numeric IDs.,
A00066-001,𠅘,A00066,亭,canonical_group_error,A00066 亭: LookupError: A00066: search for '亭' returned no dictView numeric IDs.,
A00066-002,󰅟,A00066,亭,canonical_group_error,A00066 亭: LookupError: A00066: search for '亭' returned no dictView numeric IDs.,
A00067-001,𠅙,A00067,亮,canonical_group_error,A00067 亮: LookupError: A00067: search for '亮' returned no dictView numeric IDs.,
A00067-002,󰅠,A00067,亮,canonical_group_error,A00067 亮: LookupError: A00067: search for '亮' returned no dictView numeric IDs.,
A00067-003,󰅡,A00067,亮,canonical_group_error,A00067 亮: LookupError: A00067: search for '亮' returned no dictView numeric IDs.,
A00067-004,󰅢,A00067,亮,canonical_group_error,A00067 亮: LookupError: A00067: search for '亮' returned no dictView numeric IDs.,
A00067-005,󰅣,A00067,亮,canonical_group_error,A00067 亮: LookupError: A00067: search for '亮' returned no dictView numeric IDs.,
A00067-006,󰅤,A00067,亮,canonical_group_error,A00067 亮: LookupError: A00067: search for '亮' returned no dictView numeric IDs.,
A00068-001,𠔽,A00068,人,canonical_group_error,A00068 人: LookupError: A00068: search for '人' returned no dictView numeric IDs.,
A00068-002,𤯔,A00068,人,canonical_group_error,A00068 人: LookupError: A00068: search for '人' returned no dictView numeric IDs.,
A00068-005-1,几,A00068,人,canonical_group_error,A00068 人: LookupError: A00068: search for '人' returned no dictView numeric IDs.,
A00068-006-1,󰅥,A00068,人,canonical_group_error,A00068 人: LookupError: A00068: search for '人' returned no dictView numeric IDs.,
A00068-007,󰅦,A00068,人,canonical_group_error,A00068 人: LookupError: A00068: search for '人' returned no dictView numeric IDs.,
A00069-001,忈,A00069,仁,canonical_group_error,A00069 仁: LookupError: A00069: search for '仁' returned no dictView numeric IDs.,
A00069-002,忎,A00069,仁,canonical_group_error,A00069 仁: LookupError: A00069: search for '仁' returned no dictView numeric IDs.,
A00069-003,𡰥,A00069,仁,canonical_group_error,A00069 仁: LookupError: A00069: search for '仁' returned no dictView numeric IDs.,
A00069-004,󰅧,A00069,仁,canonical_group_error,A00069 仁: LookupError: A00069: search for '仁' returned no dictView numeric IDs.,
A00069-005,󰅨,A00069,仁,canonical_group_error,A00069 仁: LookupError: A00069: search for '仁' returned no dictView numeric IDs.,
A00069-006,󰅩,A00069,仁,canonical_group_error,A00069 仁: LookupError: A00069: search for '仁' returned no dictView numeric IDs.,
A00069-007,󰅪,A00069,仁,canonical_group_error,A00069 仁: LookupError: A00069: search for '仁' returned no dictView numeric IDs.,
A00069-008,󰅫,A00069,仁,canonical_group_error,A00069 仁: LookupError: A00069: search for '仁' returned no dictView numeric IDs.,
A00073-001,󰅬,A00073,仇,canonical_group_error,A00073 仇: LookupError: A00073: search for '仇' returned no dictView numeric IDs.,
A00073-002,󰅭,A00073,仇,canonical_group_error,A00073 仇: LookupError: A00073: search for '仇' returned no dictView numeric IDs.,
A00074-001,󰅮,A00074,仍,canonical_group_error,A00074 仍: LookupError: A00074: search for '仍' returned no dictView numeric IDs.,
A00074-002,󰅯,A00074,仍,canonical_group_error,A00074 仍: LookupError: A00074: search for '仍' returned no dictView numeric IDs.,
A00074-003,󰅰,A00074,仍,canonical_group_error,A00074 仍: LookupError: A00074: search for '仍' returned no dictView numeric IDs.,
A00074-004,󰅱,A00074,仍,canonical_group_error,A00074 仍: LookupError: A00074: search for '仍' returned no dictView numeric IDs.,
A00074-005,󰅲,A00074,仍,canonical_group_error,A00074 仍: LookupError: A00074: search for '仍' returned no dictView numeric IDs.,
A00074-006,󰅳,A00074,仍,canonical_group_error,A00074 仍: LookupError: A00074: search for '仍' returned no dictView numeric IDs.,
A00074-007,󰅴,A00074,仍,canonical_group_error,A00074 仍: LookupError: A00074: search for '仍' returned no dictView numeric IDs.,
A00074-008,󰅵,A00074,仍,canonical_group_error,A00074 仍: LookupError: A00074: search for '仍' returned no dictView numeric IDs.,
A00075-001,󰅶,A00075,今,canonical_group_error,A00075 今: LookupError: A00075: search for '今' returned no dictView numeric IDs.,
A00075-002,󰅷,A00075,今,canonical_group_error,A00075 今: LookupError: A00075: search for '今' returned no dictView numeric IDs.,
A00075-003,󰅸,A00075,今,canonical_group_error,A00075 今: LookupError: A00075: search for '今' returned no dictView numeric IDs.,
A00075-004,󰅹,A00075,今,canonical_group_error,A00075 今: LookupError: A00075: search for '今' returned no dictView numeric IDs.,
A00076-001,𡗟,A00076,介,canonical_group_error,A00076 介: LookupError: A00076: search for '介' returned no dictView numeric IDs.,
A00076-002,󰅺,A00076,介,canonical_group_error,A00076 介: LookupError: A00076: search for '介' returned no dictView numeric IDs.,
A00076-003,󰅻,A00076,介,canonical_group_error,A00076 介: LookupError: A00076: search for '介' returned no dictView numeric IDs.,
A00076-004,󰅼,A00076,介,canonical_group_error,A00076 介: LookupError: A00076: search for '介' returned no dictView numeric IDs.,
A00076-006,󰅽,A00076,介,canonical_group_error,A00076 介: LookupError: A00076: search for '介' returned no dictView numeric IDs.,
A00076-007,𣎴,A00076,介,canonical_group_error,A00076 介: LookupError: A00076: search for '介' returned no dictView numeric IDs.,
A00076-008,󰅾,A00076,介,canonical_group_error,A00076 介: LookupError: A00076: search for '介' returned no dictView numeric IDs.,
A00076-009,󰅿,A00076,介,canonical_group_error,A00076 介: LookupError: A00076: search for '介' returned no dictView numeric IDs.,
A00077-001,𠨮,A00077,仄,canonical_group_error,A00077 仄: LookupError: A00077: search for '仄' returned no dictView numeric IDs.,
A00077-002,𤴩,A00077,仄,canonical_group_error,A00077 仄: LookupError: A00077: search for '仄' returned no dictView numeric IDs.,
A00077-003,󰆀,A00077,仄,canonical_group_error,A00077 仄: LookupError: A00077: search for '仄' returned no dictView numeric IDs.,
A00077-004,𥎦,A00077,仄,canonical_group_error,A00077 仄: LookupError: A00077: search for '仄' returned no dictView numeric IDs.,
A00077-004-1,𠨻,A00077,仄,canonical_group_error,A00077 仄: LookupError: A00077: search for '仄' returned no dictView numeric IDs.,
A00077-005,󰆁,A00077,仄,canonical_group_error,A00077 仄: LookupError: A00077: search for '仄' returned no dictView numeric IDs.,
A00077-007,󰆂,A00077,仄,canonical_group_error,A00077 仄: LookupError: A00077: search for '仄' returned no dictView numeric IDs.,
A00077-009,󰆃,A00077,仄,canonical_group_error,A00077 仄: LookupError: A00077: search for '仄' returned no dictView numeric IDs.,
A00077-011,𠩩,A00077,仄,canonical_group_error,A00077 仄: LookupError: A00077: search for '仄' returned no dictView numeric IDs.,
A00077-013-1,󰆄,A00077,仄,canonical_group_error,A00077 仄: LookupError: A00077: search for '仄' returned no dictView numeric IDs.,
A00077-014,󰆅,A00077,仄,canonical_group_error,A00077 仄: LookupError: A00077: search for '仄' returned no dictView numeric IDs.,
A00077-015,庂,A00077,仄,canonical_group_error,A00077 仄: LookupError: A00077: search for '仄' returned no dictView numeric IDs.,
A00078-001,𠙋,A00078,以,canonical_group_error,A00078 以: LookupError: A00078: search for '以' returned no dictView numeric IDs.,
A00078-002,㠯,A00078,以,canonical_group_error,A00078 以: LookupError: A00078: search for '以' returned no dictView numeric IDs.,
A00078-003,㕥,A00078,以,canonical_group_error,A00078 以: LookupError: A00078: search for '以' returned no dictView numeric IDs.,
A00078-004,󰆆,A00078,以,canonical_group_error,A00078 以: LookupError: A00078: search for '以' returned no dictView numeric IDs.,
A00078-005,叱,A00078,以,canonical_group_error,A00078 以: LookupError: A00078: search for '以' returned no dictView numeric IDs.,
A00078-005-1,󰆇,A00078,以,canonical_group_error,A00078 以: LookupError: A00078: search for '以' returned no dictView numeric IDs.,
A00078-008,󰆈,A00078,以,canonical_group_error,A00078 以: LookupError: A00078: search for '以' returned no dictView numeric IDs.,
A00078-009,󰆉,A00078,以,canonical_group_error,A00078 以: LookupError: A00078: search for '以' returned no dictView numeric IDs.,
A00078-010,󰆊,A00078,以,canonical_group_error,A00078 以: LookupError: A00078: search for '以' returned no dictView numeric IDs.,
A00078-011,󰆋,A00078,以,canonical_group_error,A00078 以: LookupError: A00078: search for '以' returned no dictView numeric IDs.,
A00078-012,󰆌,A00078,以,canonical_group_error,A00078 以: LookupError: A00078: search for '以' returned no dictView numeric IDs.,
A00079-001,仅,A00079,付,canonical_group_error,A00079 付: LookupError: A00079: search for '付' returned no dictView numeric IDs.,
A00081-001,󰆍,A00081,仕,canonical_group_error,A00081 仕: LookupError: A00081: search for '仕' returned no dictView numeric IDs.,
A00081-002,𠇾,A00081,仕,canonical_group_error,A00081 仕: LookupError: A00081: search for '仕' returned no dictView numeric IDs.,
A00081-003,󰆎,A00081,仕,canonical_group_error,A00081 仕: LookupError: A00081: search for '仕' returned no dictView numeric IDs.,
A00082-001,佗,A00082,他,canonical_group_error,A00082 他: LookupError: A00082: search for '他' returned no dictView numeric IDs.,
A00084-001,󰆑,A00084,代,canonical_group_error,A00084 代: LookupError: A00084: search for '代' returned no dictView numeric IDs.,
A00085-001,󰆒,A00085,令,canonical_group_error,A00085 令: LookupError: A00085: search for canonical glyph '令' returned no detail IDs.,
A00085-002,󰆓,A00085,令,canonical_group_error,A00085 令: LookupError: A00085: search for canonical glyph '令' returned no detail IDs.,
A00085-003,󰆔,A00085,令,canonical_group_error,A00085 令: LookupError: A00085: search for canonical glyph '令' returned no detail IDs.,
A00085-004,󰆕,A00085,令,canonical_group_error,A00085 令: LookupError: A00085: search for canonical glyph '令' returned no detail IDs.,
A00085-005,󰆖,A00085,令,canonical_group_error,A00085 令: LookupError: A00085: search for canonical glyph '令' returned no detail IDs.,
A00085-007,󰆗,A00085,令,canonical_group_error,A00085 令: LookupError: A00085: search for canonical glyph '令' returned no detail IDs.,
A00086-003,𠏡,A00086,仙,canonical_group_error,A00086 仙: LookupError: A00086: search for canonical glyph '仙' returned no detail IDs.,
A00086-004-1,僊,A00086,仙,canonical_group_error,A00086 仙: LookupError: A00086: search for canonical glyph '仙' returned no detail IDs.,
A00086-007,󰆘,A00086,仙,canonical_group_error,A00086 仙: LookupError: A00086: search for canonical glyph '仙' returned no detail IDs.,
A00086-009-1,仚,A00086,仙,canonical_group_error,A00086 仙: LookupError: A00086: search for canonical glyph '仙' returned no detail IDs.,
A00086-009-4,󰆙,A00086,仙,canonical_group_error,A00086 仙: LookupError: A00086: search for canonical glyph '仙' returned no detail IDs.,
A00086-009-5,󰆚,A00086,仙,canonical_group_error,A00086 仙: LookupError: A00086: search for canonical glyph '仙' returned no detail IDs.,
A00086-009-6,佡,A00086,仙,canonical_group_error,A00086 仙: LookupError: A00086: search for canonical glyph '仙' returned no detail IDs.,
A00086-017,󲊜,A00086,仙,canonical_group_error,A00086 仙: LookupError: A00086: search for canonical glyph '仙' returned no detail IDs.,
A00086-018,󰆜,A00086,仙,canonical_group_error,A00086 仙: LookupError: A00086: search for canonical glyph '仙' returned no detail IDs.,
A00086-023,󰆝,A00086,仙,canonical_group_error,A00086 仙: LookupError: A00086: search for canonical glyph '仙' returned no detail IDs.,
A00086-027-1,屳,A00086,仙,canonical_group_error,A00086 仙: LookupError: A00086: search for canonical glyph '仙' returned no detail IDs.,
A00086-032,󰆞,A00086,仙,canonical_group_error,A00086 仙: LookupError: A00086: search for canonical glyph '仙' returned no detail IDs.,
A00088-001,㑂,A00088,仿,canonical_group_error,A00088 仿: LookupError: A00088: search for canonical glyph '仿' returned no detail IDs.,
A00088-004,𩬝,A00088,仿,canonical_group_error,A00088 仿: LookupError: A00088: search for canonical glyph '仿' returned no detail IDs.,
A00088-004-1,㧍,A00088,仿,canonical_group_error,A00088 仿: LookupError: A00088: search for canonical glyph '仿' returned no detail IDs.,
A00088-004-2,倣,A00088,仿,canonical_group_error,A00088 仿: LookupError: A00088: search for canonical glyph '仿' returned no detail IDs.,
A00089-002-1,󰆣,A00089,伉,variant_link_not_resolved,Canonical page A00089 伉 did not yield a linked detail page displaying A00089-002-1.,
A00091-001,𠈽,A00091,伊,canonical_group_error,A00091 伊: LookupError: A00091: search for canonical glyph '伊' returned no detail IDs.,
A00091-002,𠜰,A00091,伊,canonical_group_error,A00091 伊: LookupError: A00091: search for canonical glyph '伊' returned no detail IDs.,
A00091-003,𦯴,A00091,伊,canonical_group_error,A00091 伊: LookupError: A00091: search for canonical glyph '伊' returned no detail IDs.,
A00091-004,𡭕,A00091,伊,canonical_group_error,A00091 伊: LookupError: A00091: search for canonical glyph '伊' returned no detail IDs.,
A00091-005,󰆧,A00091,伊,canonical_group_error,A00091 伊: LookupError: A00091: search for canonical glyph '伊' returned no detail IDs.,
A00091-006,󰆨,A00091,伊,canonical_group_error,A00091 伊: LookupError: A00091: search for canonical glyph '伊' returned no detail IDs.,
A00091-006-1,󰆩,A00091,伊,canonical_group_error,A00091 伊: LookupError: A00091: search for canonical glyph '伊' returned no detail IDs.,
A00091-007,󰆪,A00091,伊,canonical_group_error,A00091 伊: LookupError: A00091: search for canonical glyph '伊' returned no detail IDs.,
A00091-008,󰆫,A00091,伊,canonical_group_error,A00091 伊: LookupError: A00091: search for canonical glyph '伊' returned no detail IDs.,
A00091-009,󰆬,A00091,伊,canonical_group_error,A00091 伊: LookupError: A00091: search for canonical glyph '伊' returned no detail IDs.,
A00091-010,󰆭,A00091,伊,canonical_group_error,A00091 伊: LookupError: A00091: search for canonical glyph '伊' returned no detail IDs.,
A00091-011,󰆮,A00091,伊,canonical_group_error,A00091 伊: LookupError: A00091: search for canonical glyph '伊' returned no detail IDs.,
A00091-012,󰆯,A00091,伊,canonical_group_error,A00091 伊: LookupError: A00091: search for canonical glyph '伊' returned no detail IDs.,
A00091-013,󰆰,A00091,伊,canonical_group_error,A00091 伊: LookupError: A00091: search for canonical glyph '伊' returned no detail IDs.,
A00093-001,󰆱,A00093,伍,canonical_group_error,A00093 伍: LookupError: A00093: search for canonical glyph '伍' returned no detail IDs.,
A00094-001,牫,A00094,伐,canonical_group_error,A00094 伐: LookupError: A00094: search for canonical glyph '伐' returned no detail IDs.,
A00095-001,𠇲,A00095,休,canonical_group_error,A00095 休: LookupError: A00095: search for canonical glyph '休' returned no detail IDs.,
A00095-002,𠇾,A00095,休,canonical_group_error,A00095 休: LookupError: A00095: search for canonical glyph '休' returned no detail IDs.,
A00095-004,咻,A00095,休,canonical_group_error,A00095 休: LookupError: A00095: search for canonical glyph '休' returned no detail IDs.,
A00095-005,󰆲,A00095,休,canonical_group_error,A00095 休: LookupError: A00095: search for canonical glyph '休' returned no detail IDs.,
A00095-006,󰆳,A00095,休,canonical_group_error,A00095 休: LookupError: A00095: search for canonical glyph '休' returned no detail IDs.,
A00095-007,󰆴,A00095,休,canonical_group_error,A00095 休: LookupError: A00095: search for canonical glyph '休' returned no detail IDs.,
A00095-008,󰆵,A00095,休,canonical_group_error,A00095 休: LookupError: A00095: search for canonical glyph '休' returned no detail IDs.,
A00095-009,烋,A00095,休,canonical_group_error,A00095 休: LookupError: A00095: search for canonical glyph '休' returned no detail IDs.,
A00095-010,󰆶,A00095,休,canonical_group_error,A00095 休: LookupError: A00095: search for canonical glyph '休' returned no detail IDs.,
A00095-011,󰆷,A00095,休,canonical_group_error,A00095 休: LookupError: A00095: search for canonical glyph '休' returned no detail IDs.,
A00095-012,󰆸,A00095,休,canonical_group_error,A00095 休: LookupError: A00095: search for canonical glyph '休' returned no detail IDs.,
A00095-013,󰆹,A00095,休,canonical_group_error,A00095 休: LookupError: A00095: search for canonical glyph '休' returned no detail IDs.,
A00095-014,󰆺,A00095,休,canonical_group_error,A00095 休: LookupError: A00095: search for canonical glyph '休' returned no detail IDs.,
A00095-016,󰆻,A00095,休,canonical_group_error,A00095 休: LookupError: A00095: search for canonical glyph '休' returned no detail IDs.,
A00095-017,󰆼,A00095,休,canonical_group_error,A00095 休: LookupError: A00095: search for canonical glyph '休' returned no detail IDs.,
A00096-001,㐲,A00096,伏,canonical_group_error,A00096 伏: LookupError: A00096: search for canonical glyph '伏' returned no detail IDs.,
A00096-002,󰆽,A00096,伏,canonical_group_error,A00096 伏: LookupError: A00096: search for canonical glyph '伏' returned no detail IDs.,
A00096-003-1,𥦸,A00096,伏,canonical_group_error,A00096 伏: LookupError: A00096: search for canonical glyph '伏' returned no detail IDs.,
A00096-004,󰆾,A00096,伏,canonical_group_error,A00096 伏: LookupError: A00096: search for canonical glyph '伏' returned no detail IDs.,
A00096-005,󰆐,A00096,伏,canonical_group_error,A00096 伏: LookupError: A00096: search for canonical glyph '伏' returned no detail IDs.,
A00096-006,󰆿,A00096,伏,canonical_group_error,A00096 伏: LookupError: A00096: search for canonical glyph '伏' returned no detail IDs.,
A00096-007,󰇀,A00096,伏,canonical_group_error,A00096 伏: LookupError: A00096: search for canonical glyph '伏' returned no detail IDs.,
A00096-008,𥧜,A00096,伏,canonical_group_error,A00096 伏: LookupError: A00096: search for canonical glyph '伏' returned no detail IDs.,
A00096-009,󰇁,A00096,伏,canonical_group_error,A00096 伏: LookupError: A00096: search for canonical glyph '伏' returned no detail IDs.,
A00097-001,󰏷,A00097,仲,canonical_group_error,A00097 仲: LookupError: A00097: search for canonical glyph '仲' returned no detail IDs.,
A00097-002,󰇃,A00097,仲,canonical_group_error,A00097 仲: LookupError: A00097: search for canonical glyph '仲' returned no detail IDs.,
A00097-003,󰇄,A00097,仲,canonical_group_error,A00097 仲: LookupError: A00097: search for canonical glyph '仲' returned no detail IDs.,
A00099-001,𢓩,A00099,任,canonical_group_error,A00099 任: LookupError: A00099: search for canonical glyph '任' returned no detail IDs.,
A00099-002,󰇅,A00099,任,canonical_group_error,A00099 任: LookupError: A00099: search for canonical glyph '任' returned no detail IDs.,
A00099-003,󰇆,A00099,任,canonical_group_error,A00099 任: LookupError: A00099: search for canonical glyph '任' returned no detail IDs.,
A00100-004,󰇇,A00100,仰,canonical_group_error,A00100 仰: LookupError: A00100: search for canonical glyph '仰' returned no detail IDs.,
A00100-007,󰇈,A00100,仰,canonical_group_error,A00100 仰: LookupError: A00100: search for canonical glyph '仰' returned no detail IDs.,
A00100-009,𢓋,A00100,仰,canonical_group_error,A00100 仰: LookupError: A00100: search for canonical glyph '仰' returned no detail IDs.,
A00100-010,󰇉,A00100,仰,canonical_group_error,A00100 仰: LookupError: A00100: search for canonical glyph '仰' returned no detail IDs.,
A00100-011,󰇊,A00100,仰,canonical_group_error,A00100 仰: LookupError: A00100: search for canonical glyph '仰' returned no detail IDs.,
A00100-012,󰇋,A00100,仰,canonical_group_error,A00100 仰: LookupError: A00100: search for canonical glyph '仰' returned no detail IDs.,
A00100-015,󰇌,A00100,仰,canonical_group_error,A00100 仰: LookupError: A00100: search for canonical glyph '仰' returned no detail IDs.,
A00100-016,󰇍,A00100,仰,canonical_group_error,A00100 仰: LookupError: A00100: search for canonical glyph '仰' returned no detail IDs.,
A00100-017,󰇎,A00100,仰,canonical_group_error,A00100 仰: LookupError: A00100: search for canonical glyph '仰' returned no detail IDs.,
A00100-018,󰇏,A00100,仰,canonical_group_error,A00100 仰: LookupError: A00100: search for canonical glyph '仰' returned no detail IDs.,
A00100-019,󰇐,A00100,仰,canonical_group_error,A00100 仰: LookupError: A00100: search for canonical glyph '仰' returned no detail IDs.,
A00100-020,󰇑,A00100,仰,canonical_group_error,A00100 仰: LookupError: A00100: search for canonical glyph '仰' returned no detail IDs.,
A00100-021,󰇒,A00100,仰,canonical_group_error,A00100 仰: LookupError: A00100: search for canonical glyph '仰' returned no detail IDs.,
A00100-023,󰇓,A00100,仰,canonical_group_error,A00100 仰: LookupError: A00100: search for canonical glyph '仰' returned no detail IDs.,
A00100-024,󰇔,A00100,仰,canonical_group_error,A00100 仰: LookupError: A00100: search for canonical glyph '仰' returned no detail IDs.,
A00100-025,󰇕,A00100,仰,canonical_group_error,A00100 仰: LookupError: A00100: search for canonical glyph '仰' returned no detail IDs.,
A00100-026,󰇖,A00100,仰,canonical_group_error,A00100 仰: LookupError: A00100: search for canonical glyph '仰' returned no detail IDs.,
A00102-001,󰇗,A00102,份,canonical_group_error,A00102 份: LookupError: A00102: search for canonical glyph '份' returned no detail IDs.,
A00103-001,𠈮,A00103,企,canonical_group_error,A00103 企: LookupError: A00103: search for canonical glyph '企' returned no detail IDs.,
A00103-002,𧾺,A00103,企,canonical_group_error,A00103 企: LookupError: A00103: search for canonical glyph '企' returned no detail IDs.,
A00103-003,𧿍,A00103,企,canonical_group_error,A00103 企: LookupError: A00103: search for canonical glyph '企' returned no detail IDs.,
A00103-004,𨀣,A00103,企,canonical_group_error,A00103 企: LookupError: A00103: search for canonical glyph '企' returned no detail IDs.,
A00103-005,󰇘,A00103,企,canonical_group_error,A00103 企: LookupError: A00103: search for canonical glyph '企' returned no detail IDs.,
A00103-006,󰇙,A00103,企,canonical_group_error,A00103 企: LookupError: A00103: search for canonical glyph '企' returned no detail IDs.,
A00103-007,󰇚,A00103,企,canonical_group_error,A00103 企: LookupError: A00103: search for canonical glyph '企' returned no detail IDs.,
A00103-009,󰆘,A00103,企,canonical_group_error,A00103 企: LookupError: A00103: search for canonical glyph '企' returned no detail IDs.,
A00103-010,󰇛,A00103,企,canonical_group_error,A00103 企: LookupError: A00103: search for canonical glyph '企' returned no detail IDs.,
A00103-011-1,󰎌,A00103,企,canonical_group_error,A00103 企: LookupError: A00103: search for canonical glyph '企' returned no detail IDs.,
A00103-014,󰇝,A00103,企,canonical_group_error,A00103 企: LookupError: A00103: search for canonical glyph '企' returned no detail IDs.,
A00103-015,󰇞,A00103,企,canonical_group_error,A00103 企: LookupError: A00103: search for canonical glyph '企' returned no detail IDs.,
A00103-016,仚,A00103,企,canonical_group_error,A00103 企: LookupError: A00103: search for canonical glyph '企' returned no detail IDs.,
A00104-001,󰇟,A00104,位,canonical_group_error,A00104 位: LookupError: A00104: search for canonical glyph '位' returned no detail IDs.,
A00104-002,𢓔,A00104,位,canonical_group_error,A00104 位: LookupError: A00104: search for canonical glyph '位' returned no detail IDs.,
A00104-003,󰇠,A00104,位,canonical_group_error,A00104 位: LookupError: A00104: search for canonical glyph '位' returned no detail IDs.,
A00104-004,󰇡,A00104,位,canonical_group_error,A00104 位: LookupError: A00104: search for canonical glyph '位' returned no detail IDs.,
A00106-001,㑏,A00106,佇,canonical_group_error,A00106 佇: LookupError: A00106: search for canonical glyph '佇' returned no detail IDs.,
A00106-002,𡀐,A00106,佇,canonical_group_error,A00106 佇: LookupError: A00106: search for canonical glyph '佇' returned no detail IDs.,
A00106-003,竚,A00106,佇,canonical_group_error,A00106 佇: LookupError: A00106: search for canonical glyph '佇' returned no detail IDs.,
A00106-004,󰇢,A00106,佇,canonical_group_error,A00106 佇: LookupError: A00106: search for canonical glyph '佇' returned no detail IDs.,
A00106-006,󰇣,A00106,佇,canonical_group_error,A00106 佇: LookupError: A00106: search for canonical glyph '佇' returned no detail IDs.,
A00107-001,󰇤,A00107,佗,canonical_group_error,A00107 佗: LookupError: A00107: search for canonical glyph '佗' returned no detail IDs.,
A00107-002,它,A00107,佗,canonical_group_error,A00107 佗: LookupError: A00107: search for canonical glyph '佗' returned no detail IDs.,
A00107-003,󰇥,A00107,佗,canonical_group_error,A00107 佗: LookupError: A00107: search for canonical glyph '佗' returned no detail IDs.,
A00109-001,󰇩,A00109,伴,canonical_group_error,A00109 伴: LookupError: A00109: search for canonical glyph '伴' returned no detail IDs.,
A00110-001,仏,A00110,佛,canonical_group_error,A00110 佛: LookupError: A00110: search for canonical glyph '佛' returned no detail IDs.,
A00110-002,𠇛,A00110,佛,canonical_group_error,A00110 佛: LookupError: A00110: search for canonical glyph '佛' returned no detail IDs.,
A00110-003,㘬,A00110,佛,canonical_group_error,A00110 佛: LookupError: A00110: search for canonical glyph '佛' returned no detail IDs.,
A00110-004,𦤲,A00110,佛,canonical_group_error,A00110 佛: LookupError: A00110: search for canonical glyph '佛' returned no detail IDs.,
A00110-005,󰇪,A00110,佛,canonical_group_error,A00110 佛: LookupError: A00110: search for canonical glyph '佛' returned no detail IDs.,
A00110-006,仸,A00110,佛,canonical_group_error,A00110 佛: LookupError: A00110: search for canonical glyph '佛' returned no detail IDs.,
A00110-007,󰇫,A00110,佛,canonical_group_error,A00110 佛: LookupError: A00110: search for canonical glyph '佛' returned no detail IDs.,
A00110-008,彿,A00110,佛,canonical_group_error,A00110 佛: LookupError: A00110: search for canonical glyph '佛' returned no detail IDs.,
A00110-009,󰇂,A00110,佛,canonical_group_error,A00110 佛: LookupError: A00110: search for canonical glyph '佛' returned no detail IDs.,
A00110-011,󰇭,A00110,佛,canonical_group_error,A00110 佛: LookupError: A00110: search for canonical glyph '佛' returned no detail IDs.,
A00110-014,󰇮,A00110,佛,canonical_group_error,A00110 佛: LookupError: A00110: search for canonical glyph '佛' returned no detail IDs.,
A00110-015,󰇯,A00110,佛,canonical_group_error,A00110 佛: LookupError: A00110: search for canonical glyph '佛' returned no detail IDs.,
A00111-001,󰇰,A00111,何,canonical_group_error,A00111 何: LookupError: A00111: search for canonical glyph '何' returned no detail IDs.,
A00111-002,󰇱,A00111,何,canonical_group_error,A00111 何: LookupError: A00111: search for canonical glyph '何' returned no detail IDs.,
A00111-003,󰇲,A00111,何,canonical_group_error,A00111 何: LookupError: A00111: search for canonical glyph '何' returned no detail IDs.,
A00113-002,󰇳,A00113,佐,canonical_group_error,A00113 佐: LookupError: A00113: search for canonical glyph '佐' returned no detail IDs.,
A00113-003,󰇴,A00113,佐,canonical_group_error,A00113 佐: LookupError: A00113: search for canonical glyph '佐' returned no detail IDs.,
A00113-005,𠡃,A00113,佐,canonical_group_error,A00113 佐: LookupError: A00113: search for canonical glyph '佐' returned no detail IDs.,
A00114-001,󰇵,A00114,佑,canonical_group_error,A00114 佑: LookupError: A00114: search for canonical glyph '佑' returned no detail IDs.,
A00116-001,𣱇,A00116,伺,canonical_group_error,A00116 伺: LookupError: A00116: search for canonical glyph '伺' returned no detail IDs.,
A00116-002,覗,A00116,伺,canonical_group_error,A00116 伺: LookupError: A00116: search for canonical glyph '伺' returned no detail IDs.,
A00117-001,𠈐,A00117,伸,canonical_group_error,A00117 伸: LookupError: A00117: search for canonical glyph '伸' returned no detail IDs.,
A00117-002,󰇶,A00117,伸,canonical_group_error,A00117 伸: LookupError: A00117: search for canonical glyph '伸' returned no detail IDs.,
A00117-002-1,󰇷,A00117,伸,canonical_group_error,A00117 伸: LookupError: A00117: search for canonical glyph '伸' returned no detail IDs.,
A00117-004-1,󰍷,A00117,伸,canonical_group_error,A00117 伸: LookupError: A00117: search for canonical glyph '伸' returned no detail IDs.,
A00120-001,佀,A00120,似,canonical_group_error,A00120 似: LookupError: A00120: search for canonical glyph '似' returned no detail IDs.,
A00120-002,𠚦,A00120,似,canonical_group_error,A00120 似: LookupError: A00120: search for canonical glyph '似' returned no detail IDs.,
A00120-003,仏,A00120,似,canonical_group_error,A00120 似: LookupError: A00120: search for canonical glyph '似' returned no detail IDs.,
A00120-004,𠋨,A00120,似,canonical_group_error,A00120 似: LookupError: A00120: search for canonical glyph '似' returned no detail IDs.,
A00120-005,󰇹,A00120,似,canonical_group_error,A00120 似: LookupError: A00120: search for canonical glyph '似' returned no detail IDs.,
A00120-006,󰇺,A00120,似,canonical_group_error,A00120 似: LookupError: A00120: search for canonical glyph '似' returned no detail IDs.,
A00120-007,価,A00120,似,canonical_group_error,A00120 似: LookupError: A00120: search for canonical glyph '似' returned no detail IDs.,
A00120-008,󰇻,A00120,似,canonical_group_error,A00120 似: LookupError: A00120: search for canonical glyph '似' returned no detail IDs.,
A00120-009,󰇼,A00120,似,canonical_group_error,A00120 似: LookupError: A00120: search for canonical glyph '似' returned no detail IDs.,
A00120-010,󰇽,A00120,似,canonical_group_error,A00120 似: LookupError: A00120: search for canonical glyph '似' returned no detail IDs.,
A00121-001,󰇾,A00121,但,canonical_group_error,A00121 但: LookupError: A00121: search for canonical glyph '但' returned no detail IDs.,
A00121-002,󰇿,A00121,但,canonical_group_error,A00121 但: LookupError: A00121: search for canonical glyph '但' returned no detail IDs.,
A00121-003,󰈀,A00121,但,canonical_group_error,A00121 但: LookupError: A00121: search for canonical glyph '但' returned no detail IDs.,
A00121-004,󰈁,A00121,但,canonical_group_error,A00121 但: LookupError: A00121: search for canonical glyph '但' returned no detail IDs.,
A00121-005,𠇙,A00121,但,canonical_group_error,A00121 但: LookupError: A00121: search for canonical glyph '但' returned no detail IDs.,
A00123-001,㑅,A00123,作,canonical_group_error,A00123 作: LookupError: A00123: search for canonical glyph '作' returned no detail IDs.,
A00123-002,𢓓,A00123,作,canonical_group_error,A00123 作: LookupError: A00123: search for canonical glyph '作' returned no detail IDs.,
A00123-003-1,𢼎,A00123,作,canonical_group_error,A00123 作: LookupError: A00123: search for canonical glyph '作' returned no detail IDs.,
A00123-004,󰈂,A00123,作,canonical_group_error,A00123 作: LookupError: A00123: search for canonical glyph '作' returned no detail IDs.,
A00123-005,𠆯,A00123,作,canonical_group_error,A00123 作: LookupError: A00123: search for canonical glyph '作' returned no detail IDs.,
A00123-008,󰈃,A00123,作,canonical_group_error,A00123 作: LookupError: A00123: search for canonical glyph '作' returned no detail IDs.,
A00123-009,󰈄,A00123,作,canonical_group_error,A00123 作: LookupError: A00123: search for canonical glyph '作' returned no detail IDs.,
A00123-010,𠈨,A00123,作,canonical_group_error,A00123 作: LookupError: A00123: search for canonical glyph '作' returned no detail IDs.,
A00124-001,伲,A00124,你,canonical_group_error,A00124 你: LookupError: A00124: search for canonical glyph '你' returned no detail IDs.,
A00124-002,你,A00124,你,canonical_group_error,A00124 你: LookupError: A00124: search for canonical glyph '你' returned no detail IDs.,
A00124-003,伱,A00124,你,canonical_group_error,A00124 你: LookupError: A00124: search for canonical glyph '你' returned no detail IDs.,
A00124-004,𤙌,A00124,你,canonical_group_error,A00124 你: LookupError: A00124: search for canonical glyph '你' returned no detail IDs.,
A00124-005,儞,A00124,你,canonical_group_error,A00124 你: LookupError: A00124: search for canonical glyph '你' returned no detail IDs.,
A00125-001,󰈅,A00125,伯,canonical_group_error,A00125 伯: LookupError: A00125: search for canonical glyph '伯' returned no detail IDs.,
A00125-003,󰈆,A00125,伯,canonical_group_error,A00125 伯: LookupError: A00125: search for canonical glyph '伯' returned no detail IDs.,
A00126-001,仾,A00126,低,canonical_group_error,A00126 低: LookupError: A00126: search for canonical glyph '低' returned no detail IDs.,
A00126-002,󰈇,A00126,低,canonical_group_error,A00126 低: LookupError: A00126: search for canonical glyph '低' returned no detail IDs.,
A00126-003,󰈈,A00126,低,canonical_group_error,A00126 低: LookupError: A00126: search for canonical glyph '低' returned no detail IDs.,
A00126-004,󰈉,A00126,低,canonical_group_error,A00126 低: LookupError: A00126: search for canonical glyph '低' returned no detail IDs.,
A00126-005,󰈊,A00126,低,canonical_group_error,A00126 低: LookupError: A00126: search for canonical glyph '低' returned no detail IDs.,
A00126-006,󰈋,A00126,低,canonical_group_error,A00126 低: LookupError: A00126: search for canonical glyph '低' returned no detail IDs.,
A00126-007,󰈌,A00126,低,canonical_group_error,A00126 低: LookupError: A00126: search for canonical glyph '低' returned no detail IDs.,
A00126-009,󰈍,A00126,低,canonical_group_error,A00126 低: LookupError: A00126: search for canonical glyph '低' returned no detail IDs.,
A00126-010,󰈎,A00126,低,canonical_group_error,A00126 低: LookupError: A00126: search for canonical glyph '低' returned no detail IDs.,
A00126-011,𠍪,A00126,低,canonical_group_error,A00126 低: LookupError: A00126: search for canonical glyph '低' returned no detail IDs.,
A00126-012,󰈏,A00126,低,canonical_group_error,A00126 低: LookupError: A00126: search for canonical glyph '低' returned no detail IDs.,
A00126-015,󰈐,A00126,低,canonical_group_error,A00126 低: LookupError: A00126: search for canonical glyph '低' returned no detail IDs.,
A00126-017,󰈑,A00126,低,canonical_group_error,A00126 低: LookupError: A00126: search for canonical glyph '低' returned no detail IDs.,
A00126-018,󰈒,A00126,低,canonical_group_error,A00126 低: LookupError: A00126: search for canonical glyph '低' returned no detail IDs.,
A00127-001,󰈔,A00127,伶,canonical_group_error,A00127 伶: LookupError: A00127: search for canonical glyph '伶' returned no detail IDs.,
A00127-002,󰈕,A00127,伶,canonical_group_error,A00127 伶: LookupError: A00127: search for canonical glyph '伶' returned no detail IDs.,
A00128-001,󰈖,A00128,余,canonical_group_error,A00128 余: LookupError: A00128: search for canonical glyph '余' returned no detail IDs.,
A00128-002,𠎳,A00128,余,canonical_group_error,A00128 余: LookupError: A00128: search for canonical glyph '余' returned no detail IDs.,
A00131-001,󰈗,A00131,依,canonical_group_error,A00131 依: LookupError: A00131: search for canonical glyph '依' returned no detail IDs.,
A00131-002,󰈘,A00131,依,canonical_group_error,A00131 依: LookupError: A00131: search for canonical glyph '依' returned no detail IDs.,
A00131-003,󰈙,A00131,依,canonical_group_error,A00131 依: LookupError: A00131: search for canonical glyph '依' returned no detail IDs.,
A00132-001,󰈚,A00132,侍,canonical_group_error,A00132 侍: LookupError: A00132: search for canonical glyph '侍' returned no detail IDs.,
A00132-002-1,󰈛,A00132,侍,canonical_group_error,A00132 侍: LookupError: A00132: search for canonical glyph '侍' returned no detail IDs.,
A00132-003,󰈜,A00132,侍,canonical_group_error,A00132 侍: LookupError: A00132: search for canonical glyph '侍' returned no detail IDs.,
A00132-004,󰈝,A00132,侍,canonical_group_error,A00132 侍: LookupError: A00132: search for canonical glyph '侍' returned no detail IDs.,
A00134-001,𠉕,A00134,使,canonical_group_error,A00134 使: LookupError: A00134: search for canonical glyph '使' returned no detail IDs.,
A00134-002,𡥐,A00134,使,canonical_group_error,A00134 使: LookupError: A00134: search for canonical glyph '使' returned no detail IDs.,
A00134-003,𡷮,A00134,使,canonical_group_error,A00134 使: LookupError: A00134: search for canonical glyph '使' returned no detail IDs.,
A00134-006,󰈟,A00134,使,canonical_group_error,A00134 使: LookupError: A00134: search for canonical glyph '使' returned no detail IDs.,
A00134-009,󰈠,A00134,使,canonical_group_error,A00134 使: LookupError: A00134: search for canonical glyph '使' returned no detail IDs.,
A00134-010,󰈡,A00134,使,canonical_group_error,A00134 使: LookupError: A00134: search for canonical glyph '使' returned no detail IDs.,
A00134-011,󰈢,A00134,使,canonical_group_error,A00134 使: LookupError: A00134: search for canonical glyph '使' returned no detail IDs.,
A00134-013,󰈣,A00134,使,canonical_group_error,A00134 使: LookupError: A00134: search for canonical glyph '使' returned no detail IDs.,
A00135-001,󰈤,A00135,佬,canonical_group_error,A00135 佬: LookupError: A00135: search for canonical glyph '佬' returned no detail IDs.,
A00136-001,󰈥,A00136,供,canonical_group_error,A00136 供: LookupError: A00136: search for canonical glyph '供' returned no detail IDs.,
A00137-001,𠊖,A00137,例,canonical_group_error,A00137 例: LookupError: A00137: search for canonical glyph '例' returned no detail IDs.,
A00137-002,𣖊,A00137,例,canonical_group_error,A00137 例: LookupError: A00137: search for canonical glyph '例' returned no detail IDs.,
A00137-003,󷈜,A00137,例,canonical_group_error,A00137 例: LookupError: A00137: search for canonical glyph '例' returned no detail IDs.,
A00137-004,󰈧,A00137,例,canonical_group_error,A00137 例: LookupError: A00137: search for canonical glyph '例' returned no detail IDs.,
A00137-005,󳫕,A00137,例,canonical_group_error,A00137 例: LookupError: A00137: search for canonical glyph '例' returned no detail IDs.,
A00137-006,󰈨,A00137,例,canonical_group_error,A00137 例: LookupError: A00137: search for canonical glyph '例' returned no detail IDs.,
A00138-001,来,A00138,來,canonical_group_error,A00138 來: LookupError: A00138: search for canonical glyph '來' returned no detail IDs.,
A00138-002,𧼛,A00138,來,canonical_group_error,A00138 來: LookupError: A00138: search for canonical glyph '來' returned no detail IDs.,
A00138-003,󰈩,A00138,來,canonical_group_error,A00138 來: LookupError: A00138: search for canonical glyph '來' returned no detail IDs.,
A00138-003-1,徠,A00138,來,canonical_group_error,A00138 來: LookupError: A00138: search for canonical glyph '來' returned no detail IDs.,
A00138-003-2,逨,A00138,來,canonical_group_error,A00138 來: LookupError: A00138: search for canonical glyph '來' returned no detail IDs.,
A00138-003-3,倈,A00138,來,canonical_group_error,A00138 來: LookupError: A00138: search for canonical glyph '來' returned no detail IDs.,
A00138-004,󰈪,A00138,來,canonical_group_error,A00138 來: LookupError: A00138: search for canonical glyph '來' returned no detail IDs.,
A00138-005,󰈫,A00138,來,canonical_group_error,A00138 來: LookupError: A00138: search for canonical glyph '來' returned no detail IDs.,
A00138-006,󰈬,A00138,來,canonical_group_error,A00138 來: LookupError: A00138: search for canonical glyph '來' returned no detail IDs.,
A00138-007,󰈭,A00138,來,canonical_group_error,A00138 來: LookupError: A00138: search for canonical glyph '來' returned no detail IDs.,
A00138-009,󰈮,A00138,來,canonical_group_error,A00138 來: LookupError: A00138: search for canonical glyph '來' returned no detail IDs.,
A00141-001,倂,A00141,併,canonical_group_error,A00141 併: LookupError: A00141: search for canonical glyph '併' returned no detail IDs.,
A00142-001,𠈎,A00142,侈,canonical_group_error,A00142 侈: LookupError: A00142: search for canonical glyph '侈' returned no detail IDs.,
A00142-002,𣆚,A00142,侈,canonical_group_error,A00142 侈: LookupError: A00142: search for canonical glyph '侈' returned no detail IDs.,
A00142-003,󰈯,A00142,侈,canonical_group_error,A00142 侈: LookupError: A00142: search for canonical glyph '侈' returned no detail IDs.,
A00142-004,奓,A00142,侈,canonical_group_error,A00142 侈: LookupError: A00142: search for canonical glyph '侈' returned no detail IDs.,
A00142-005,󰈱,A00142,侈,canonical_group_error,A00142 侈: LookupError: A00142: search for canonical glyph '侈' returned no detail IDs.,
A00142-005-1,𠕰,A00142,侈,canonical_group_error,A00142 侈: LookupError: A00142: search for canonical glyph '侈' returned no detail IDs.,
A00142-005-3,𠕝,A00142,侈,canonical_group_error,A00142 侈: LookupError: A00142: search for canonical glyph '侈' returned no detail IDs.,
A00142-006,󰈲,A00142,侈,canonical_group_error,A00142 侈: LookupError: A00142: search for canonical glyph '侈' returned no detail IDs.,
A00142-007,󰈳,A00142,侈,canonical_group_error,A00142 侈: LookupError: A00142: search for canonical glyph '侈' returned no detail IDs.,
A00142-008,󰈴,A00142,侈,canonical_group_error,A00142 侈: LookupError: A00142: search for canonical glyph '侈' returned no detail IDs.,
A00143-001,󰈵,A00143,佩,canonical_group_error,A00143 佩: LookupError: A00143: search for canonical glyph '佩' returned no detail IDs.,
A00143-002,󰈶,A00143,佩,canonical_group_error,A00143 佩: LookupError: A00143: search for canonical glyph '佩' returned no detail IDs.,
A00145-001,𠌈,A00145,侖,canonical_group_error,A00145 侖: LookupError: A00145: search for canonical glyph '侖' returned no detail IDs.,
A00145-002,𠎚,A00145,侖,canonical_group_error,A00145 侖: LookupError: A00145: search for canonical glyph '侖' returned no detail IDs.,
A00145-003,󴻄,A00145,侖,canonical_group_error,A00145 侖: LookupError: A00145: search for canonical glyph '侖' returned no detail IDs.,
A00145-004,󰈻,A00145,侖,canonical_group_error,A00145 侖: LookupError: A00145: search for canonical glyph '侖' returned no detail IDs.,
A00145-004-1,󰈼,A00145,侖,canonical_group_error,A00145 侖: LookupError: A00145: search for canonical glyph '侖' returned no detail IDs.,
A00145-005,󰈽,A00145,侖,canonical_group_error,A00145 侖: LookupError: A00145: search for canonical glyph '侖' returned no detail IDs.,
A00145-006,󰈾,A00145,侖,canonical_group_error,A00145 侖: LookupError: A00145: search for canonical glyph '侖' returned no detail IDs.,
A00145-007,󰈿,A00145,侖,canonical_group_error,A00145 侖: LookupError: A00145: search for canonical glyph '侖' returned no detail IDs.,
A00146-001-1,𢔍,A00146,佾,variant_link_not_resolved,Canonical page A00146 佾 did not yield a linked detail page displaying A00146-001-1.,
A00146-003-1,󱸭,A00146,佾,variant_link_not_resolved,Canonical page A00146 佾 did not yield a linked detail page displaying A00146-003-1.,
A00148-001,㐰,A00148,信,canonical_group_error,A00148 信: LookupError: A00148: search for canonical glyph '信' returned no detail IDs.,
A00148-002,𡥪,A00148,信,canonical_group_error,A00148 信: LookupError: A00148: search for canonical glyph '信' returned no detail IDs.,
A00148-003,䚱,A00148,信,canonical_group_error,A00148 信: LookupError: A00148: search for canonical glyph '信' returned no detail IDs.,
A00148-004,訫,A00148,信,canonical_group_error,A00148 信: LookupError: A00148: search for canonical glyph '信' returned no detail IDs.,
A00148-005,󰉃,A00148,信,canonical_group_error,A00148 信: LookupError: A00148: search for canonical glyph '信' returned no detail IDs.,
A00149-001,㑴,A00149,侵,canonical_group_error,A00149 侵: LookupError: A00149: search for canonical glyph '侵' returned no detail IDs.,
A00149-002,𢔀,A00149,侵,canonical_group_error,A00149 侵: LookupError: A00149: search for canonical glyph '侵' returned no detail IDs.,
A00149-003,󰉄,A00149,侵,canonical_group_error,A00149 侵: LookupError: A00149: search for canonical glyph '侵' returned no detail IDs.,
A00149-004,󰉅,A00149,侵,canonical_group_error,A00149 侵: LookupError: A00149: search for canonical glyph '侵' returned no detail IDs.,
A00149-005,󲳙,A00149,侵,canonical_group_error,A00149 侵: LookupError: A00149: search for canonical glyph '侵' returned no detail IDs.,
A00149-006,󰉇,A00149,侵,canonical_group_error,A00149 侵: LookupError: A00149: search for canonical glyph '侵' returned no detail IDs.,
A00149-007,󰉈,A00149,侵,canonical_group_error,A00149 侵: LookupError: A00149: search for canonical glyph '侵' returned no detail IDs.,
A00149-008,󰉉,A00149,侵,canonical_group_error,A00149 侵: LookupError: A00149: search for canonical glyph '侵' returned no detail IDs.,
A00149-009,󰉊,A00149,侵,canonical_group_error,A00149 侵: LookupError: A00149: search for canonical glyph '侵' returned no detail IDs.,
A00149-010,󰉋,A00149,侵,canonical_group_error,A00149 侵: LookupError: A00149: search for canonical glyph '侵' returned no detail IDs.,
A00149-012,󰉌,A00149,侵,canonical_group_error,A00149 侵: LookupError: A00149: search for canonical glyph '侵' returned no detail IDs.,
A00149-013,󰉍,A00149,侵,canonical_group_error,A00149 侵: LookupError: A00149: search for canonical glyph '侵' returned no detail IDs.,
A00150-001,矦,A00150,侯,canonical_group_error,A00150 侯: LookupError: A00150: search for canonical glyph '侯' returned no detail IDs.,
A00150-002,𠨶,A00150,侯,canonical_group_error,A00150 侯: LookupError: A00150: search for canonical glyph '侯' returned no detail IDs.,
A00150-003,𥎦,A00150,侯,canonical_group_error,A00150 侯: LookupError: A00150: search for canonical glyph '侯' returned no detail IDs.,
A00150-004,󰉎,A00150,侯,canonical_group_error,A00150 侯: LookupError: A00150: search for canonical glyph '侯' returned no detail IDs.,
A00150-005,󰉏,A00150,侯,canonical_group_error,A00150 侯: LookupError: A00150: search for canonical glyph '侯' returned no detail IDs.,
A00150-006,󰉐,A00150,侯,canonical_group_error,A00150 侯: LookupError: A00150: search for canonical glyph '侯' returned no detail IDs.,
A00150-007,󰉑,A00150,侯,canonical_group_error,A00150 侯: LookupError: A00150: search for canonical glyph '侯' returned no detail IDs.,
A00150-008,󰋈,A00150,侯,canonical_group_error,A00150 侯: LookupError: A00150: search for canonical glyph '侯' returned no detail IDs.,
A00150-009,󰋉,A00150,侯,canonical_group_error,A00150 侯: LookupError: A00150: search for canonical glyph '侯' returned no detail IDs.,
A00150-010,󰉔,A00150,侯,canonical_group_error,A00150 侯: LookupError: A00150: search for canonical glyph '侯' returned no detail IDs.,
A00150-011,󰉕,A00150,侯,canonical_group_error,A00150 侯: LookupError: A00150: search for canonical glyph '侯' returned no detail IDs.,
A00150-012,󰉖,A00150,侯,canonical_group_error,A00150 侯: LookupError: A00150: search for canonical glyph '侯' returned no detail IDs.,
A00150-014,󰉗,A00150,侯,canonical_group_error,A00150 侯: LookupError: A00150: search for canonical glyph '侯' returned no detail IDs.,
A00150-016,󰉘,A00150,侯,canonical_group_error,A00150 侯: LookupError: A00150: search for canonical glyph '侯' returned no detail IDs.,
A00150-017,󰉙,A00150,侯,canonical_group_error,A00150 侯: LookupError: A00150: search for canonical glyph '侯' returned no detail IDs.,
A00150-018,󰌎,A00150,侯,canonical_group_error,A00150 侯: LookupError: A00150: search for canonical glyph '侯' returned no detail IDs.,
A00150-019,󰉛,A00150,侯,canonical_group_error,A00150 侯: LookupError: A00150: search for canonical glyph '侯' returned no detail IDs.,
A00150-020,󰉜,A00150,侯,canonical_group_error,A00150 侯: LookupError: A00150: search for canonical glyph '侯' returned no detail IDs.,
A00150-021,󰉝,A00150,侯,canonical_group_error,A00150 侯: LookupError: A00150: search for canonical glyph '侯' returned no detail IDs.,
A00150-022,󰉞,A00150,侯,canonical_group_error,A00150 侯: LookupError: A00150: search for canonical glyph '侯' returned no detail IDs.,
A00150-023,󰉟,A00150,侯,canonical_group_error,A00150 侯: LookupError: A00150: search for canonical glyph '侯' returned no detail IDs.,
A00150-024,󰋭,A00150,侯,canonical_group_error,A00150 侯: LookupError: A00150: search for canonical glyph '侯' returned no detail IDs.,
A00151-001,𠊳,A00151,便,canonical_group_error,A00151 便: LookupError: A00151: search for canonical glyph '便' returned no detail IDs.,
A00151-003,󰉡,A00151,便,canonical_group_error,A00151 便: LookupError: A00151: search for canonical glyph '便' returned no detail IDs.,
A00151-004,󰉢,A00151,便,canonical_group_error,A00151 便: LookupError: A00151: search for canonical glyph '便' returned no detail IDs.,
A00152-001,侠,A00152,俠,canonical_group_error,A00152 俠: LookupError: A00152: search for canonical glyph '俠' returned no detail IDs.,
A00152-004,󱸉,A00152,俠,canonical_group_error,A00152 俠: LookupError: A00152: search for canonical glyph '俠' returned no detail IDs.,
A00155-001,𠈃,A00155,保,canonical_group_error,A00155 保: LookupError: A00155: search for canonical glyph '保' returned no detail IDs.,
A00155-002,𠊻,A00155,保,canonical_group_error,A00155 保: LookupError: A00155: search for canonical glyph '保' returned no detail IDs.,
A00155-003,𠌀,A00155,保,canonical_group_error,A00155 保: LookupError: A00155: search for canonical glyph '保' returned no detail IDs.,
A00155-004,𠦀,A00155,保,canonical_group_error,A00155 保: LookupError: A00155: search for canonical glyph '保' returned no detail IDs.,
A00155-005,㙅,A00155,保,canonical_group_error,A00155 保: LookupError: A00155: search for canonical glyph '保' returned no detail IDs.,
A00155-006,𡥀,A00155,保,canonical_group_error,A00155 保: LookupError: A00155: search for canonical glyph '保' returned no detail IDs.,
A00155-007,𣎼,A00155,保,canonical_group_error,A00155 保: LookupError: A00155: search for canonical glyph '保' returned no detail IDs.,
A00155-008-1,𤔃,A00155,保,canonical_group_error,A00155 保: LookupError: A00155: search for canonical glyph '保' returned no detail IDs.,
A00155-009,𤞥,A00155,保,canonical_group_error,A00155 保: LookupError: A00155: search for canonical glyph '保' returned no detail IDs.,
A00155-010,󰉥,A00155,保,canonical_group_error,A00155 保: LookupError: A00155: search for canonical glyph '保' returned no detail IDs.,
A00155-012,󰉦,A00155,保,canonical_group_error,A00155 保: LookupError: A00155: search for canonical glyph '保' returned no detail IDs.,
A00155-013,󰉧,A00155,保,canonical_group_error,A00155 保: LookupError: A00155: search for canonical glyph '保' returned no detail IDs.,
A00155-017,󷇠,A00155,保,canonical_group_error,A00155 保: LookupError: A00155: search for canonical glyph '保' returned no detail IDs.,
A00155-018,󰉩,A00155,保,canonical_group_error,A00155 保: LookupError: A00155: search for canonical glyph '保' returned no detail IDs.,
A00155-019,󰉪,A00155,保,canonical_group_error,A00155 保: LookupError: A00155: search for canonical glyph '保' returned no detail IDs.,
A00155-020,󰉫,A00155,保,canonical_group_error,A00155 保: LookupError: A00155: search for canonical glyph '保' returned no detail IDs.,
A00156-001,󰉭,A00156,促,canonical_group_error,A00156 促: LookupError: A00156: search for canonical glyph '促' returned no detail IDs.,
A00156-002,󰉮,A00156,促,canonical_group_error,A00156 促: LookupError: A00156: search for canonical glyph '促' returned no detail IDs.,
A00156-003,󰉯,A00156,促,canonical_group_error,A00156 促: LookupError: A00156: search for canonical glyph '促' returned no detail IDs.,
A00156-004,󰉰,A00156,促,canonical_group_error,A00156 促: LookupError: A00156: search for canonical glyph '促' returned no detail IDs.,
A00156-005,䟟,A00156,促,canonical_group_error,A00156 促: LookupError: A00156: search for canonical glyph '促' returned no detail IDs.,
A00156-006,趗,A00156,促,canonical_group_error,A00156 促: LookupError: A00156: search for canonical glyph '促' returned no detail IDs.,
A00158-001,󰉲,A00158,俘,canonical_group_error,A00158 俘: LookupError: A00158: search for canonical glyph '俘' returned no detail IDs.,
A00160-001,㑺,A00160,俊,canonical_group_error,A00160 俊: LookupError: A00160: search for canonical glyph '俊' returned no detail IDs.,
A00160-002,儁,A00160,俊,canonical_group_error,A00160 俊: LookupError: A00160: search for canonical glyph '俊' returned no detail IDs.,
A00160-003,㒞,A00160,俊,canonical_group_error,A00160 俊: LookupError: A00160: search for canonical glyph '俊' returned no detail IDs.,
A00160-004,󷇏,A00160,俊,canonical_group_error,A00160 俊: LookupError: A00160: search for canonical glyph '俊' returned no detail IDs.,
A00160-005,󰉹,A00160,俊,canonical_group_error,A00160 俊: LookupError: A00160: search for canonical glyph '俊' returned no detail IDs.,
A00160-006,󰉺,A00160,俊,canonical_group_error,A00160 俊: LookupError: A00160: search for canonical glyph '俊' returned no detail IDs.,
A00160-007,儶,A00160,俊,canonical_group_error,A00160 俊: LookupError: A00160: search for canonical glyph '俊' returned no detail IDs.,
A00160-008,󰉻,A00160,俊,canonical_group_error,A00160 俊: LookupError: A00160: search for canonical glyph '俊' returned no detail IDs.,
A00160-011,󱸊,A00160,俊,canonical_group_error,A00160 俊: LookupError: A00160: search for canonical glyph '俊' returned no detail IDs.,
A00160-012,󰉽,A00160,俊,canonical_group_error,A00160 俊: LookupError: A00160: search for canonical glyph '俊' returned no detail IDs.,
A00160-013,󰉾,A00160,俊,canonical_group_error,A00160 俊: LookupError: A00160: search for canonical glyph '俊' returned no detail IDs.,
A00160-015,󷈂,A00160,俊,canonical_group_error,A00160 俊: LookupError: A00160: search for canonical glyph '俊' returned no detail IDs.,
A00160-016,󰊁,A00160,俊,canonical_group_error,A00160 俊: LookupError: A00160: search for canonical glyph '俊' returned no detail IDs.,
A00160-017,󰊂,A00160,俊,canonical_group_error,A00160 俊: LookupError: A00160: search for canonical glyph '俊' returned no detail IDs.,
A00160-019,󰊃,A00160,俊,canonical_group_error,A00160 俊: LookupError: A00160: search for canonical glyph '俊' returned no detail IDs.,
A00160-020,𨶊,A00160,俊,canonical_group_error,A00160 俊: LookupError: A00160: search for canonical glyph '俊' returned no detail IDs.,
A00160-022,󰊄,A00160,俊,canonical_group_error,A00160 俊: LookupError: A00160: search for canonical glyph '俊' returned no detail IDs.,
A00160-023,󰊅,A00160,俊,canonical_group_error,A00160 俊: LookupError: A00160: search for canonical glyph '俊' returned no detail IDs.,
A00160-024,󰊆,A00160,俊,canonical_group_error,A00160 俊: LookupError: A00160: search for canonical glyph '俊' returned no detail IDs.,
A00160-026,󰊇,A00160,俊,canonical_group_error,A00160 俊: LookupError: A00160: search for canonical glyph '俊' returned no detail IDs.,
A00161-001,𢓾,A00161,俗,canonical_group_error,A00161 俗: LookupError: A00161: search for canonical glyph '俗' returned no detail IDs.,
A00161-002,󰊈,A00161,俗,canonical_group_error,A00161 俗: LookupError: A00161: search for canonical glyph '俗' returned no detail IDs.,
A00161-003,󰊉,A00161,俗,canonical_group_error,A00161 俗: LookupError: A00161: search for canonical glyph '俗' returned no detail IDs.,
A00161-004,圱,A00161,俗,canonical_group_error,A00161 俗: LookupError: A00161: search for canonical glyph '俗' returned no detail IDs.,
A00161-005,󱸾,A00161,俗,canonical_group_error,A00161 俗: LookupError: A00161: search for canonical glyph '俗' returned no detail IDs.,
A00161-006,󰊋,A00161,俗,canonical_group_error,A00161 俗: LookupError: A00161: search for canonical glyph '俗' returned no detail IDs.,
A00161-007,󰊌,A00161,俗,canonical_group_error,A00161 俗: LookupError: A00161: search for canonical glyph '俗' returned no detail IDs.,
A00161-008,󰊍,A00161,俗,canonical_group_error,A00161 俗: LookupError: A00161: search for canonical glyph '俗' returned no detail IDs.,
A00161-009,󰊎,A00161,俗,canonical_group_error,A00161 俗: LookupError: A00161: search for canonical glyph '俗' returned no detail IDs.,
A00161-010,󰊏,A00161,俗,canonical_group_error,A00161 俗: LookupError: A00161: search for canonical glyph '俗' returned no detail IDs.,
A00161-011,󰊐,A00161,俗,canonical_group_error,A00161 俗: LookupError: A00161: search for canonical glyph '俗' returned no detail IDs.,
A00161-015,󰊑,A00161,俗,canonical_group_error,A00161 俗: LookupError: A00161: search for canonical glyph '俗' returned no detail IDs.,
A00161-015-1,󰊒,A00161,俗,canonical_group_error,A00161 俗: LookupError: A00161: search for canonical glyph '俗' returned no detail IDs.,
A00161-015-2,󰊓,A00161,俗,canonical_group_error,A00161 俗: LookupError: A00161: search for canonical glyph '俗' returned no detail IDs.,
A00162-001,㚢,A00162,侮,canonical_group_error,A00162 侮: LookupError: A00162: search for canonical glyph '侮' returned no detail IDs.,
A00162-002,𠆸,A00162,侮,canonical_group_error,A00162 侮: LookupError: A00162: search for canonical glyph '侮' returned no detail IDs.,
A00162-003,㑄,A00162,侮,canonical_group_error,A00162 侮: LookupError: A00162: search for canonical glyph '侮' returned no detail IDs.,
A00162-004,侮,A00162,侮,canonical_group_error,A00162 侮: LookupError: A00162: search for canonical glyph '侮' returned no detail IDs.,
A00162-005,󰊔,A00162,侮,canonical_group_error,A00162 侮: LookupError: A00162: search for canonical glyph '侮' returned no detail IDs.,
A00162-006,󰊕,A00162,侮,canonical_group_error,A00162 侮: LookupError: A00162: search for canonical glyph '侮' returned no detail IDs.,
A00162-008,󰊖,A00162,侮,canonical_group_error,A00162 侮: LookupError: A00162: search for canonical glyph '侮' returned no detail IDs.,
A00162-009,󰊗,A00162,侮,canonical_group_error,A00162 侮: LookupError: A00162: search for canonical glyph '侮' returned no detail IDs.,
A00162-010,娒,A00162,侮,canonical_group_error,A00162 侮: LookupError: A00162: search for canonical glyph '侮' returned no detail IDs.,
A00162-011,󰊘,A00162,侮,canonical_group_error,A00162 侮: LookupError: A00162: search for canonical glyph '侮' returned no detail IDs.,
A00162-012,𢘃,A00162,侮,canonical_group_error,A00162 侮: LookupError: A00162: search for canonical glyph '侮' returned no detail IDs.,
A00163-001,悧,A00163,俐,canonical_group_error,A00163 俐: LookupError: A00163: search for canonical glyph '俐' returned no detail IDs.,
A00165-001,󰊙,A00165,係,canonical_group_error,A00165 係: LookupError: A00165: search for canonical glyph '係' returned no detail IDs.,
A00165-002,󰊚,A00165,係,canonical_group_error,A00165 係: LookupError: A00165: search for canonical glyph '係' returned no detail IDs.,
A00165-003,󰊛,A00165,係,canonical_group_error,A00165 係: LookupError: A00165: search for canonical glyph '係' returned no detail IDs.,
A00167-001,爼,A00167,俎,canonical_group_error,A00167 俎: LookupError: A00167: search for canonical glyph '俎' returned no detail IDs.,
A00167-002,𤕲,A00167,俎,canonical_group_error,A00167 俎: LookupError: A00167: search for canonical glyph '俎' returned no detail IDs.,
A00167-003,󰊜,A00167,俎,canonical_group_error,A00167 俎: LookupError: A00167: search for canonical glyph '俎' returned no detail IDs.,
A00168-001,兪,A00168,俞,canonical_group_error,A00168 俞: LookupError: A00168: search for canonical glyph '俞' returned no detail IDs.,
A00168-002,󷉏,A00168,俞,canonical_group_error,A00168 俞: LookupError: A00168: search for canonical glyph '俞' returned no detail IDs.,
A00168-003,󰊞,A00168,俞,canonical_group_error,A00168 俞: LookupError: A00168: search for canonical glyph '俞' returned no detail IDs.,
A00168-004,󰊝,A00168,俞,canonical_group_error,A00168 俞: LookupError: A00168: search for canonical glyph '俞' returned no detail IDs.,
A00168-005,󷉒,A00168,俞,canonical_group_error,A00168 俞: LookupError: A00168: search for canonical glyph '俞' returned no detail IDs.,
A00170-001,𠊑,A00170,倍,canonical_group_error,A00170 倍: LookupError: A00170: search for canonical glyph '倍' returned no detail IDs.,
A00170-002,𠋭,A00170,倍,canonical_group_error,A00170 倍: LookupError: A00170: search for canonical glyph '倍' returned no detail IDs.,
A00170-003,俖,A00170,倍,canonical_group_error,A00170 倍: LookupError: A00170: search for canonical glyph '倍' returned no detail IDs.,
A00170-004,𧴥,A00170,倍,canonical_group_error,A00170 倍: LookupError: A00170: search for canonical glyph '倍' returned no detail IDs.,
A00171-001,㑂,A00171,倣,canonical_group_error,A00171 倣: LookupError: A00171: search for canonical glyph '倣' returned no detail IDs.,
A00172-001,頫,A00172,俯,canonical_group_error,A00172 俯: LookupError: A00172: search for canonical glyph '俯' returned no detail IDs.,
A00172-002,俛,A00172,俯,canonical_group_error,A00172 俯: LookupError: A00172: search for canonical glyph '俯' returned no detail IDs.,
A00172-003,󰊡,A00172,俯,canonical_group_error,A00172 俯: LookupError: A00172: search for canonical glyph '俯' returned no detail IDs.,
A00172-004,󰊢,A00172,俯,canonical_group_error,A00172 俯: LookupError: A00172: search for canonical glyph '俯' returned no detail IDs.,
A00173-001,劵,A00173,倦,canonical_group_error,A00173 倦: LookupError: A00173: search for canonical glyph '倦' returned no detail IDs.,
A00173-002,𠢏,A00173,倦,canonical_group_error,A00173 倦: LookupError: A00173: search for canonical glyph '倦' returned no detail IDs.,
A00173-003,𢛗,A00173,倦,canonical_group_error,A00173 倦: LookupError: A00173: search for canonical glyph '倦' returned no detail IDs.,
A00173-010,󱷰,A00173,倦,canonical_group_error,A00173 倦: LookupError: A00173: search for canonical glyph '倦' returned no detail IDs.,
A00173-011-1,惓,A00173,倦,canonical_group_error,A00173 倦: LookupError: A00173: search for canonical glyph '倦' returned no detail IDs.,
A00173-012,󰊦,A00173,倦,canonical_group_error,A00173 倦: LookupError: A00173: search for canonical glyph '倦' returned no detail IDs.,
A00173-014,𠉮,A00173,倦,canonical_group_error,A00173 倦: LookupError: A00173: search for canonical glyph '倦' returned no detail IDs.,
A00173-017,󰊧,A00173,倦,canonical_group_error,A00173 倦: LookupError: A00173: search for canonical glyph '倦' returned no detail IDs.,
A00176-001,󰊨,A00176,倩,canonical_group_error,A00176 倩: LookupError: A00176: search for canonical glyph '倩' returned no detail IDs.,
A00177-001,󰎪,A00177,倖,canonical_group_error,A00177 倖: LookupError: A00177: search for canonical glyph '倖' returned no detail IDs.,
A00179-001,値,A00179,值,canonical_group_error,A00179 值: LookupError: A00179: search for canonical glyph '值' returned no detail IDs.,
A00179-002,󰊭,A00179,值,canonical_group_error,A00179 值: LookupError: A00179: search for canonical glyph '值' returned no detail IDs.,
A00179-003,󰊮,A00179,值,canonical_group_error,A00179 值: LookupError: A00179: search for canonical glyph '值' returned no detail IDs.,
A00179-004,󰉒,A00179,值,canonical_group_error,A00179 值: LookupError: A00179: search for canonical glyph '值' returned no detail IDs.,
A00179-006,󰊰,A00179,值,canonical_group_error,A00179 值: LookupError: A00179: search for canonical glyph '值' returned no detail IDs.,
A00179-007,󰍗,A00179,值,canonical_group_error,A00179 值: LookupError: A00179: search for canonical glyph '值' returned no detail IDs.,
A00179-010,󰊲,A00179,值,canonical_group_error,A00179 值: LookupError: A00179: search for canonical glyph '值' returned no detail IDs.,
A00179-011,𥩳,A00179,值,canonical_group_error,A00179 值: LookupError: A00179: search for canonical glyph '值' returned no detail IDs.,
A00180-001,徣,A00180,借,canonical_group_error,A00180 借: LookupError: A00180: search for canonical glyph '借' returned no detail IDs.,
A00180-002,󰊳,A00180,借,canonical_group_error,A00180 借: LookupError: A00180: search for canonical glyph '借' returned no detail IDs.,
A00180-003,󰍍,A00180,借,canonical_group_error,A00180 借: LookupError: A00180: search for canonical glyph '借' returned no detail IDs.,
A00181-001,𠋣,A00181,倚,canonical_group_error,A00181 倚: LookupError: A00181: search for canonical glyph '倚' returned no detail IDs.,
A00184-001,󰊶,A00184,俺,canonical_group_error,A00184 俺: LookupError: A00184: search for canonical glyph '俺' returned no detail IDs.,
A00184-002,󰊷,A00184,俺,canonical_group_error,A00184 俺: LookupError: A00184: search for canonical glyph '俺' returned no detail IDs.,
A00186-001,𩋎,A00186,倔,canonical_group_error,A00186 倔: LookupError: A00186: search for canonical glyph '倔' returned no detail IDs.,
A00186-002,𩍞,A00186,倔,canonical_group_error,A00186 倔: LookupError: A00186: search for canonical glyph '倔' returned no detail IDs.,
A00186-003,󰊺,A00186,倔,canonical_group_error,A00186 倔: LookupError: A00186: search for canonical glyph '倔' returned no detail IDs.,
A00186-004,󰊻,A00186,倔,canonical_group_error,A00186 倔: LookupError: A00186: search for canonical glyph '倔' returned no detail IDs.,
A00186-004-1,誳,A00186,倔,canonical_group_error,A00186 倔: LookupError: A00186: search for canonical glyph '倔' returned no detail IDs.,
A00188-001,倶,A00188,俱,canonical_group_error,A00188 俱: LookupError: A00188: search for canonical glyph '俱' returned no detail IDs.,
A00188-002,󷇿,A00188,俱,canonical_group_error,A00188 俱: LookupError: A00188: search for canonical glyph '俱' returned no detail IDs.,
A00188-003,󱹅,A00188,俱,canonical_group_error,A00188 俱: LookupError: A00188: search for canonical glyph '俱' returned no detail IDs.,
A00188-004,󰉆,A00188,俱,canonical_group_error,A00188 俱: LookupError: A00188: search for canonical glyph '俱' returned no detail IDs.,
A00188-005,󰊿,A00188,俱,canonical_group_error,A00188 俱: LookupError: A00188: search for canonical glyph '俱' returned no detail IDs.,
A00188-007,󰋀,A00188,俱,canonical_group_error,A00188 俱: LookupError: A00188: search for canonical glyph '俱' returned no detail IDs.,
A00188-008,󰋁,A00188,俱,canonical_group_error,A00188 俱: LookupError: A00188: search for canonical glyph '俱' returned no detail IDs.,
A00188-009,󰋂,A00188,俱,canonical_group_error,A00188 俱: LookupError: A00188: search for canonical glyph '俱' returned no detail IDs.,
A00188-010,󰋃,A00188,俱,canonical_group_error,A00188 俱: LookupError: A00188: search for canonical glyph '俱' returned no detail IDs.,
A00190-001,个,A00190,個,canonical_group_error,A00190 個: LookupError: A00190: search for canonical glyph '個' returned no detail IDs.,
A00190-002,亇,A00190,個,canonical_group_error,A00190 個: LookupError: A00190: search for canonical glyph '個' returned no detail IDs.,
A00190-003,𠇂,A00190,個,canonical_group_error,A00190 個: LookupError: A00190: search for canonical glyph '個' returned no detail IDs.,
A00190-004,󰋄,A00190,個,canonical_group_error,A00190 個: LookupError: A00190: search for canonical glyph '個' returned no detail IDs.,
A00190-005,󰋅,A00190,個,canonical_group_error,A00190 個: LookupError: A00190: search for canonical glyph '個' returned no detail IDs.,
A00190-006,󰋆,A00190,個,canonical_group_error,A00190 個: LookupError: A00190: search for canonical glyph '個' returned no detail IDs.,
A00190-007,箇,A00190,個,canonical_group_error,A00190 個: LookupError: A00190: search for canonical glyph '個' returned no detail IDs.,
A00191-001,𠊱,A00191,候,canonical_group_error,A00191 候: LookupError: A00191: search for canonical glyph '候' returned no detail IDs.,
A00191-002,𠋫,A00191,候,canonical_group_error,A00191 候: LookupError: A00191: search for canonical glyph '候' returned no detail IDs.,
A00191-003,󰉣,A00191,候,canonical_group_error,A00191 候: LookupError: A00191: search for canonical glyph '候' returned no detail IDs.,
A00191-004,󰎫,A00191,候,canonical_group_error,A00191 候: LookupError: A00191: search for canonical glyph '候' returned no detail IDs.,
A00191-005,󰐂,A00191,候,canonical_group_error,A00191 候: LookupError: A00191: search for canonical glyph '候' returned no detail IDs.,
A00191-006,󱷮,A00191,候,canonical_group_error,A00191 候: LookupError: A00191: search for canonical glyph '候' returned no detail IDs.,
A00191-007-1,󰋋,A00191,候,canonical_group_error,A00191 候: LookupError: A00191: search for canonical glyph '候' returned no detail IDs.,
A00191-008,󷇛,A00191,候,canonical_group_error,A00191 候: LookupError: A00191: search for canonical glyph '候' returned no detail IDs.,
A00191-009,󰫣,A00191,候,canonical_group_error,A00191 候: LookupError: A00191: search for canonical glyph '候' returned no detail IDs.,
A00191-010,󰎂,A00191,候,canonical_group_error,A00191 候: LookupError: A00191: search for canonical glyph '候' returned no detail IDs.,
A00191-012,󰋎,A00191,候,canonical_group_error,A00191 候: LookupError: A00191: search for canonical glyph '候' returned no detail IDs.,
A00191-013,󰌜,A00191,候,canonical_group_error,A00191 候: LookupError: A00191: search for canonical glyph '候' returned no detail IDs.,
A00191-014,󰍚,A00191,候,canonical_group_error,A00191 候: LookupError: A00191: search for canonical glyph '候' returned no detail IDs.,
A00191-015,󰍑,A00191,候,canonical_group_error,A00191 候: LookupError: A00191: search for canonical glyph '候' returned no detail IDs.,
A00191-016,󰋔,A00191,候,canonical_group_error,A00191 候: LookupError: A00191: search for canonical glyph '候' returned no detail IDs.,
A00193-002,󰋕,A00193,俳,canonical_group_error,A00193 俳: LookupError: A00193: search for canonical glyph '俳' returned no detail IDs.,
A00194-001,俢,A00194,修,canonical_group_error,A00194 修: LookupError: A00194: search for canonical glyph '修' returned no detail IDs.,
A00194-002,𢔜,A00194,修,canonical_group_error,A00194 修: LookupError: A00194: search for canonical glyph '修' returned no detail IDs.,
A00194-003,󰋖,A00194,修,canonical_group_error,A00194 修: LookupError: A00194: search for canonical glyph '修' returned no detail IDs.,
A00194-004,󰋗,A00194,修,canonical_group_error,A00194 修: LookupError: A00194: search for canonical glyph '修' returned no detail IDs.,
A00194-005,臹,A00194,修,canonical_group_error,A00194 修: LookupError: A00194: search for canonical glyph '修' returned no detail IDs.,
A00194-005-1,脩,A00194,修,canonical_group_error,A00194 修: LookupError: A00194: search for canonical glyph '修' returned no detail IDs.,
A00194-006,󰋘,A00194,修,canonical_group_error,A00194 修: LookupError: A00194: search for canonical glyph '修' returned no detail IDs.,
A00194-007,󰋙,A00194,修,canonical_group_error,A00194 修: LookupError: A00194: search for canonical glyph '修' returned no detail IDs.,
A00194-008,󰋚,A00194,修,canonical_group_error,A00194 修: LookupError: A00194: search for canonical glyph '修' returned no detail IDs.,
A00194-009,󰋤,A00194,修,canonical_group_error,A00194 修: LookupError: A00194: search for canonical glyph '修' returned no detail IDs.,
A00194-010,󰋜,A00194,修,canonical_group_error,A00194 修: LookupError: A00194: search for canonical glyph '修' returned no detail IDs.,
A00194-012,󰋝,A00194,修,canonical_group_error,A00194 修: LookupError: A00194: search for canonical glyph '修' returned no detail IDs.,
A00194-013,󰋞,A00194,修,canonical_group_error,A00194 修: LookupError: A00194: search for canonical glyph '修' returned no detail IDs.,
A00194-014,󰋟,A00194,修,canonical_group_error,A00194 修: LookupError: A00194: search for canonical glyph '修' returned no detail IDs.,
A00194-015,󰋠,A00194,修,canonical_group_error,A00194 修: LookupError: A00194: search for canonical glyph '修' returned no detail IDs.,
A00194-016,󰋡,A00194,修,canonical_group_error,A00194 修: LookupError: A00194: search for canonical glyph '修' returned no detail IDs.,
A00194-017,󰋢,A00194,修,canonical_group_error,A00194 修: LookupError: A00194: search for canonical glyph '修' returned no detail IDs.,
A00196-001,󰋏,A00196,倪,canonical_group_error,A00196 倪: LookupError: A00196: search for canonical glyph '倪' returned no detail IDs.,
A00196-002,󰋩,A00196,倪,canonical_group_error,A00196 倪: LookupError: A00196: search for canonical glyph '倪' returned no detail IDs.,
A00196-003,󰎭,A00196,倪,canonical_group_error,A00196 倪: LookupError: A00196: search for canonical glyph '倪' returned no detail IDs.,
A00196-004,󰋦,A00196,倪,canonical_group_error,A00196 倪: LookupError: A00196: search for canonical glyph '倪' returned no detail IDs.,
A00196-005,󰋧,A00196,倪,canonical_group_error,A00196 倪: LookupError: A00196: search for canonical glyph '倪' returned no detail IDs.,
A00196-006,󰋨,A00196,倪,canonical_group_error,A00196 倪: LookupError: A00196: search for canonical glyph '倪' returned no detail IDs.,
A00196-008,俔,A00196,倪,canonical_group_error,A00196 倪: LookupError: A00196: search for canonical glyph '倪' returned no detail IDs.,
A00198-001,󰋰,A00198,倫,canonical_group_error,A00198 倫: LookupError: A00198: search for canonical glyph '倫' returned no detail IDs.,
A00198-002,󰋱,A00198,倫,canonical_group_error,A00198 倫: LookupError: A00198: search for canonical glyph '倫' returned no detail IDs.,
A00199-001,仺,A00199,倉,canonical_group_error,A00199 倉: LookupError: A00199: search for canonical glyph '倉' returned no detail IDs.,
A00199-002,𡶍,A00199,倉,canonical_group_error,A00199 倉: LookupError: A00199: search for canonical glyph '倉' returned no detail IDs.,
A00199-003,󰋲,A00199,倉,canonical_group_error,A00199 倉: LookupError: A00199: search for canonical glyph '倉' returned no detail IDs.,
A00199-004,󰋳,A00199,倉,canonical_group_error,A00199 倉: LookupError: A00199: search for canonical glyph '倉' returned no detail IDs.,
A00199-006,󰋴,A00199,倉,canonical_group_error,A00199 倉: LookupError: A00199: search for canonical glyph '倉' returned no detail IDs.,
A00199-007,󰋵,A00199,倉,canonical_group_error,A00199 倉: LookupError: A00199: search for canonical glyph '倉' returned no detail IDs.,
A00199-011,󰋶,A00199,倉,canonical_group_error,A00199 倉: LookupError: A00199: search for canonical glyph '倉' returned no detail IDs.,
A00199-012,󰋷,A00199,倉,canonical_group_error,A00199 倉: LookupError: A00199: search for canonical glyph '倉' returned no detail IDs.,
A00199-013-1,󰋸,A00199,倉,canonical_group_error,A00199 倉: LookupError: A00199: search for canonical glyph '倉' returned no detail IDs.,
A00199-014,󰋹,A00199,倉,canonical_group_error,A00199 倉: LookupError: A00199: search for canonical glyph '倉' returned no detail IDs.,
A00199-015,𠥐,A00199,倉,canonical_group_error,A00199 倉: LookupError: A00199: search for canonical glyph '倉' returned no detail IDs.,
A00200-001,偺,A00200,偺,canonical_group_error,A00200 偺: LookupError: A00200: search for canonical glyph '偺' returned no detail IDs.,
A00201-001-1,僞,A00201,偽,canonical_group_error,A00201 偽: LookupError: A00201: search for canonical glyph '偽' returned no detail IDs.,
A00201-003,󰋺,A00201,偽,canonical_group_error,A00201 偽: LookupError: A00201: search for canonical glyph '偽' returned no detail IDs.,
A00201-005,󰋼,A00201,偽,canonical_group_error,A00201 偽: LookupError: A00201: search for canonical glyph '偽' returned no detail IDs.,
A00201-007,󷢖,A00201,偽,canonical_group_error,A00201 偽: LookupError: A00201: search for canonical glyph '偽' returned no detail IDs.,
A00202-001,󰓢,A00202,停,canonical_group_error,A00202 停: LookupError: A00202: search for canonical glyph '停' returned no detail IDs.,
A00202-002,󰊱,A00202,停,canonical_group_error,A00202 停: LookupError: A00202: search for canonical glyph '停' returned no detail IDs.,
A00202-003,󰌀,A00202,停,canonical_group_error,A00202 停: LookupError: A00202: search for canonical glyph '停' returned no detail IDs.,
A00202-004,󰌁,A00202,停,canonical_group_error,A00202 停: LookupError: A00202: search for canonical glyph '停' returned no detail IDs.,
A00202-005,󱻀,A00202,停,canonical_group_error,A00202 停: LookupError: A00202: search for canonical glyph '停' returned no detail IDs.,
A00203-001,󰌃,A00203,假,canonical_group_error,A00203 假: LookupError: A00203: search for canonical glyph '假' returned no detail IDs.,
A00203-002,󰌄,A00203,假,canonical_group_error,A00203 假: LookupError: A00203: search for canonical glyph '假' returned no detail IDs.,
A00203-003,󰍖,A00203,假,canonical_group_error,A00203 假: LookupError: A00203: search for canonical glyph '假' returned no detail IDs.,
A00203-004,󰌅,A00203,假,canonical_group_error,A00203 假: LookupError: A00203: search for canonical glyph '假' returned no detail IDs.,
A00203-005,仮,A00203,假,canonical_group_error,A00203 假: LookupError: A00203: search for canonical glyph '假' returned no detail IDs.,
A00203-006,󰌳,A00203,假,canonical_group_error,A00203 假: LookupError: A00203: search for canonical glyph '假' returned no detail IDs.,
A00203-008,󰍳,A00203,假,canonical_group_error,A00203 假: LookupError: A00203: search for canonical glyph '假' returned no detail IDs.,
A00203-009,󰌛,A00203,假,canonical_group_error,A00203 假: LookupError: A00203: search for canonical glyph '假' returned no detail IDs.,
A00203-010,󰏍,A00203,假,canonical_group_error,A00203 假: LookupError: A00203: search for canonical glyph '假' returned no detail IDs.,
A00203-011,󰌑,A00203,假,canonical_group_error,A00203 假: LookupError: A00203: search for canonical glyph '假' returned no detail IDs.,
A00203-012,󰌍,A00203,假,canonical_group_error,A00203 假: LookupError: A00203: search for canonical glyph '假' returned no detail IDs.,
A00203-013,󷇙,A00203,假,canonical_group_error,A00203 假: LookupError: A00203: search for canonical glyph '假' returned no detail IDs.,
A00203-015,󰌐,A00203,假,canonical_group_error,A00203 假: LookupError: A00203: search for canonical glyph '假' returned no detail IDs.,
A00203-016,󰏻,A00203,假,canonical_group_error,A00203 假: LookupError: A00203: search for canonical glyph '假' returned no detail IDs.,
A00203-017,󰌒,A00203,假,canonical_group_error,A00203 假: LookupError: A00203: search for canonical glyph '假' returned no detail IDs.,
A00203-018,󵈜,A00203,假,canonical_group_error,A00203 假: LookupError: A00203: search for canonical glyph '假' returned no detail IDs.,
A00203-019,󰌔,A00203,假,canonical_group_error,A00203 假: LookupError: A00203: search for canonical glyph '假' returned no detail IDs.,
A00203-020,󰌕,A00203,假,canonical_group_error,A00203 假: LookupError: A00203: search for canonical glyph '假' returned no detail IDs.,
A00203-021,󰌖,A00203,假,canonical_group_error,A00203 假: LookupError: A00203: search for canonical glyph '假' returned no detail IDs.,
A00203-022,󰌗,A00203,假,canonical_group_error,A00203 假: LookupError: A00203: search for canonical glyph '假' returned no detail IDs.,
A00203-023,󰌘,A00203,假,canonical_group_error,A00203 假: LookupError: A00203: search for canonical glyph '假' returned no detail IDs.,
A00203-024,󰌙,A00203,假,canonical_group_error,A00203 假: LookupError: A00203: search for canonical glyph '假' returned no detail IDs.,
A00203-025-1,󰌚,A00203,假,canonical_group_error,A00203 假: LookupError: A00203: search for canonical glyph '假' returned no detail IDs.,
A00203-026-1,󸲨,A00203,假,canonical_group_error,A00203 假: LookupError: A00203: search for canonical glyph '假' returned no detail IDs.,
A00203-027,󰫤,A00203,假,canonical_group_error,A00203 假: LookupError: A00203: search for canonical glyph '假' returned no detail IDs.,
A00203-028-1,󰫡,A00203,假,canonical_group_error,A00203 假: LookupError: A00203: search for canonical glyph '假' returned no detail IDs.,
A00203-030,󰌞,A00203,假,canonical_group_error,A00203 假: LookupError: A00203: search for canonical glyph '假' returned no detail IDs.,
A00203-031,叚,A00203,假,canonical_group_error,A00203 假: LookupError: A00203: search for canonical glyph '假' returned no detail IDs.,
A00203-032,󰌟,A00203,假,canonical_group_error,A00203 假: LookupError: A00203: search for canonical glyph '假' returned no detail IDs.,
A00203-033,𠭊,A00203,假,canonical_group_error,A00203 假: LookupError: A00203: search for canonical glyph '假' returned no detail IDs.,
A00203-034,󰌠,A00203,假,canonical_group_error,A00203 假: LookupError: A00203: search for canonical glyph '假' returned no detail IDs.,
A00203-036,󰌡,A00203,假,canonical_group_error,A00203 假: LookupError: A00203: search for canonical glyph '假' returned no detail IDs.,
A00204-001-1,𤑅,A00204,偃,canonical_group_error,A00204 偃: LookupError: A00204: search for canonical glyph '偃' returned no detail IDs.,
A00204-002,󰌢,A00204,偃,canonical_group_error,A00204 偃: LookupError: A00204: search for canonical glyph '偃' returned no detail IDs.,
A00204-003,󰏓,A00204,偃,canonical_group_error,A00204 偃: LookupError: A00204: search for canonical glyph '偃' returned no detail IDs.,
A00204-004,󰓖,A00204,偃,canonical_group_error,A00204 偃: LookupError: A00204: search for canonical glyph '偃' returned no detail IDs.,
A00204-005,󰌥,A00204,偃,canonical_group_error,A00204 偃: LookupError: A00204: search for canonical glyph '偃' returned no detail IDs.,
A00204-006,󰌦,A00204,偃,canonical_group_error,A00204 偃: LookupError: A00204: search for canonical glyph '偃' returned no detail IDs.,
A00204-007,󰌧,A00204,偃,canonical_group_error,A00204 偃: LookupError: A00204: search for canonical glyph '偃' returned no detail IDs.,
A00204-008,󰌊,A00204,偃,canonical_group_error,A00204 偃: LookupError: A00204: search for canonical glyph '偃' returned no detail IDs.,
A00204-009,󰌩,A00204,偃,canonical_group_error,A00204 偃: LookupError: A00204: search for canonical glyph '偃' returned no detail IDs.,
A00204-010,󰌪,A00204,偃,canonical_group_error,A00204 偃: LookupError: A00204: search for canonical glyph '偃' returned no detail IDs.,
A00204-011,󰌫,A00204,偃,canonical_group_error,A00204 偃: LookupError: A00204: search for canonical glyph '偃' returned no detail IDs.,
A00204-012,󰌬,A00204,偃,canonical_group_error,A00204 偃: LookupError: A00204: search for canonical glyph '偃' returned no detail IDs.,
A00204-013,󲊝,A00204,偃,canonical_group_error,A00204 偃: LookupError: A00204: search for canonical glyph '偃' returned no detail IDs.,
A00204-014,󰌮,A00204,偃,canonical_group_error,A00204 偃: LookupError: A00204: search for canonical glyph '偃' returned no detail IDs.,
A00204-015,󰌯,A00204,偃,canonical_group_error,A00204 偃: LookupError: A00204: search for canonical glyph '偃' returned no detail IDs.,
A00204-016,󰌰,A00204,偃,canonical_group_error,A00204 偃: LookupError: A00204: search for canonical glyph '偃' returned no detail IDs.,
A00204-017,󰌱,A00204,偃,canonical_group_error,A00204 偃: LookupError: A00204: search for canonical glyph '偃' returned no detail IDs.,
A00204-018,󰌲,A00204,偃,canonical_group_error,A00204 偃: LookupError: A00204: search for canonical glyph '偃' returned no detail IDs.,
A00204-019,󷊯,A00204,偃,canonical_group_error,A00204 偃: LookupError: A00204: search for canonical glyph '偃' returned no detail IDs.,
A00204-020,󰌴,A00204,偃,canonical_group_error,A00204 偃: LookupError: A00204: search for canonical glyph '偃' returned no detail IDs.,
A00204-021,󰌵,A00204,偃,canonical_group_error,A00204 偃: LookupError: A00204: search for canonical glyph '偃' returned no detail IDs.,
A00204-022,󰌶,A00204,偃,canonical_group_error,A00204 偃: LookupError: A00204: search for canonical glyph '偃' returned no detail IDs.,
A00204-023,󰌷,A00204,偃,canonical_group_error,A00204 偃: LookupError: A00204: search for canonical glyph '偃' returned no detail IDs.,
A00204-024,󰌸,A00204,偃,canonical_group_error,A00204 偃: LookupError: A00204: search for canonical glyph '偃' returned no detail IDs.,
A00204-025,󰌹,A00204,偃,canonical_group_error,A00204 偃: LookupError: A00204: search for canonical glyph '偃' returned no detail IDs.,
A00204-026,󰌺,A00204,偃,canonical_group_error,A00204 偃: LookupError: A00204: search for canonical glyph '偃' returned no detail IDs.,
A00204-027,󰌻,A00204,偃,canonical_group_error,A00204 偃: LookupError: A00204: search for canonical glyph '偃' returned no detail IDs.,
A00204-028,󰌼,A00204,偃,canonical_group_error,A00204 偃: LookupError: A00204: search for canonical glyph '偃' returned no detail IDs.,
A00204-029,󰌽,A00204,偃,canonical_group_error,A00204 偃: LookupError: A00204: search for canonical glyph '偃' returned no detail IDs.,
A00204-030,󰌾,A00204,偃,canonical_group_error,A00204 偃: LookupError: A00204: search for canonical glyph '偃' returned no detail IDs.,
A00204-031,󵴤,A00204,偃,canonical_group_error,A00204 偃: LookupError: A00204: search for canonical glyph '偃' returned no detail IDs.,
A00205-001,󰍂,A00205,偌,canonical_group_error,A00205 偌: LookupError: A00205: search for canonical glyph '偌' returned no detail IDs.,
A00205-002,󰍁,A00205,偌,canonical_group_error,A00205 偌: LookupError: A00205: search for canonical glyph '偌' returned no detail IDs.,
A00205-003,,A00205,偌,canonical_group_error,A00205 偌: LookupError: A00205: search for canonical glyph '偌' returned no detail IDs.,
A00206-001,󰍃,A00206,做,canonical_group_error,A00206 做: LookupError: A00206: search for canonical glyph '做' returned no detail IDs.,
A00207-001,󰍄,A00207,偉,canonical_group_error,A00207 偉: LookupError: A00207: search for canonical glyph '偉' returned no detail IDs.,
A00207-002,󰏏,A00207,偉,canonical_group_error,A00207 偉: LookupError: A00207: search for canonical glyph '偉' returned no detail IDs.,
A00207-004,󰌆,A00207,偉,canonical_group_error,A00207 偉: LookupError: A00207: search for canonical glyph '偉' returned no detail IDs.,
A00207-005,󰍇,A00207,偉,canonical_group_error,A00207 偉: LookupError: A00207: search for canonical glyph '偉' returned no detail IDs.,
A00207-006,󰍈,A00207,偉,canonical_group_error,A00207 偉: LookupError: A00207: search for canonical glyph '偉' returned no detail IDs.,
A00207-007,󰍉,A00207,偉,canonical_group_error,A00207 偉: LookupError: A00207: search for canonical glyph '偉' returned no detail IDs.,
A00207-008,󰍊,A00207,偉,canonical_group_error,A00207 偉: LookupError: A00207: search for canonical glyph '偉' returned no detail IDs.,
A00208-001,徤,A00208,健,canonical_group_error,A00208 健: LookupError: A00208: search for canonical glyph '健' returned no detail IDs.,
A00208-002,󰍌,A00208,健,canonical_group_error,A00208 健: LookupError: A00208: search for canonical glyph '健' returned no detail IDs.,
A00208-003,󷉉,A00208,健,canonical_group_error,A00208 健: LookupError: A00208: search for canonical glyph '健' returned no detail IDs.,
A00209-001,󷇣,A00209,偶,canonical_group_error,A00209 偶: LookupError: A00209: search for canonical glyph '偶' returned no detail IDs.,
A00209-002-1,媀,A00209,偶,canonical_group_error,A00209 偶: LookupError: A00209: search for canonical glyph '偶' returned no detail IDs.,
A00211-002,󰍏,A00211,偕,canonical_group_error,A00211 偕: LookupError: A00211: search for canonical glyph '偕' returned no detail IDs.,
A00211-003,󰎑,A00211,偕,canonical_group_error,A00211 偕: LookupError: A00211: search for canonical glyph '偕' returned no detail IDs.,
A00212-001,𠏄,A00212,偵,canonical_group_error,A00212 偵: LookupError: A00212: search for canonical glyph '偵' returned no detail IDs.,
A00212-002,󰫪,A00212,偵,canonical_group_error,A00212 偵: LookupError: A00212: search for canonical glyph '偵' returned no detail IDs.,
A00212-003,󰍒,A00212,偵,canonical_group_error,A00212 偵: LookupError: A00212: search for canonical glyph '偵' returned no detail IDs.,
A00212-004,遉,A00212,偵,canonical_group_error,A00212 偵: LookupError: A00212: search for canonical glyph '偵' returned no detail IDs.,
A00213-002,󰍓,A00213,側,canonical_group_error,A00213 側: LookupError: A00213: search for canonical glyph '側' returned no detail IDs.,
A00214-001,偸,A00214,偷,canonical_group_error,A00214 偷: LookupError: A00214: search for canonical glyph '偷' returned no detail IDs.,
A00214-004,󷇪,A00214,偷,canonical_group_error,A00214 偷: LookupError: A00214: search for canonical glyph '偷' returned no detail IDs.,
A00215-001,󴴤,A00215,偏,canonical_group_error,A00215 偏: LookupError: A00215: search for canonical glyph '偏' returned no detail IDs.,
A00215-002,󰏵,A00215,偏,canonical_group_error,A00215 偏: LookupError: A00215: search for canonical glyph '偏' returned no detail IDs.,
A00215-003,󵔪,A00215,偏,canonical_group_error,A00215 偏: LookupError: A00215: search for canonical glyph '偏' returned no detail IDs.,
A00215-004,󰍙,A00215,偏,canonical_group_error,A00215 偏: LookupError: A00215: search for canonical glyph '偏' returned no detail IDs.,
A00215-006,󷈇,A00215,偏,canonical_group_error,A00215 偏: LookupError: A00215: search for canonical glyph '偏' returned no detail IDs.,
A00215-007,󰍜,A00215,偏,canonical_group_error,A00215 偏: LookupError: A00215: search for canonical glyph '偏' returned no detail IDs.,
A00215-008,󰍝,A00215,偏,canonical_group_error,A00215 偏: LookupError: A00215: search for canonical glyph '偏' returned no detail IDs.,
A00215-009,󰍞,A00215,偏,canonical_group_error,A00215 偏: LookupError: A00215: search for canonical glyph '偏' returned no detail IDs.,
A00216-002,𤟏,A00216,倏,canonical_group_error,A00216 倏: LookupError: A00216: search for canonical glyph '倏' returned no detail IDs.,
A00216-003,󰍟,A00216,倏,canonical_group_error,A00216 倏: LookupError: A00216: search for canonical glyph '倏' returned no detail IDs.,
A00216-004,󰍠,A00216,倏,canonical_group_error,A00216 倏: LookupError: A00216: search for canonical glyph '倏' returned no detail IDs.,
A00216-006,󰍡,A00216,倏,canonical_group_error,A00216 倏: LookupError: A00216: search for canonical glyph '倏' returned no detail IDs.,
A00216-007,󰍢,A00216,倏,canonical_group_error,A00216 倏: LookupError: A00216: search for canonical glyph '倏' returned no detail IDs.,
A00216-008,󰍣,A00216,倏,canonical_group_error,A00216 倏: LookupError: A00216: search for canonical glyph '倏' returned no detail IDs.,
A00216-009,󰋊,A00216,倏,canonical_group_error,A00216 倏: LookupError: A00216: search for canonical glyph '倏' returned no detail IDs.,
A00216-010,󰍥,A00216,倏,canonical_group_error,A00216 倏: LookupError: A00216: search for canonical glyph '倏' returned no detail IDs.,
A00216-011,󰍦,A00216,倏,canonical_group_error,A00216 倏: LookupError: A00216: search for canonical glyph '倏' returned no detail IDs.,
A00216-012,󰍐,A00216,倏,canonical_group_error,A00216 倏: LookupError: A00216: search for canonical glyph '倏' returned no detail IDs.,
A00216-013,𢞣,A00216,倏,canonical_group_error,A00216 倏: LookupError: A00216: search for canonical glyph '倏' returned no detail IDs.,
A00216-014,焂,A00216,倏,canonical_group_error,A00216 倏: LookupError: A00216: search for canonical glyph '倏' returned no detail IDs.,
A00216-015,翛,A00216,倏,canonical_group_error,A00216 倏: LookupError: A00216: search for canonical glyph '倏' returned no detail IDs.,
A00218-001,䧛,A00218,傍,canonical_group_error,A00218 傍: LookupError: A00218: search for canonical glyph '傍' returned no detail IDs.,
A00218-002,󰍨,A00218,傍,canonical_group_error,A00218 傍: LookupError: A00218: search for canonical glyph '傍' returned no detail IDs.,
A00218-002-1,徬,A00218,傍,canonical_group_error,A00218 傍: LookupError: A00218: search for canonical glyph '傍' returned no detail IDs.,
A00218-003,󰍩,A00218,傍,canonical_group_error,A00218 傍: LookupError: A00218: search for canonical glyph '傍' returned no detail IDs.,
A00218-004,󰍪,A00218,傍,canonical_group_error,A00218 傍: LookupError: A00218: search for canonical glyph '傍' returned no detail IDs.,
A00218-005,󰑲,A00218,傍,canonical_group_error,A00218 傍: LookupError: A00218: search for canonical glyph '傍' returned no detail IDs.,
A00218-006,󰍬,A00218,傍,canonical_group_error,A00218 傍: LookupError: A00218: search for canonical glyph '傍' returned no detail IDs.,
A00219-001,󰍮,A00219,傅,canonical_group_error,A00219 傅: LookupError: A00219: search for canonical glyph '傅' returned no detail IDs.,
A00219-002,󰏘,A00219,傅,canonical_group_error,A00219 傅: LookupError: A00219: search for canonical glyph '傅' returned no detail IDs.,
A00219-003,󰍭,A00219,傅,canonical_group_error,A00219 傅: LookupError: A00219: search for canonical glyph '傅' returned no detail IDs.,
A00219-005,󰍰,A00219,傅,canonical_group_error,A00219 傅: LookupError: A00219: search for canonical glyph '傅' returned no detail IDs.,
A00219-006,󰍱,A00219,傅,canonical_group_error,A00219 傅: LookupError: A00219: search for canonical glyph '傅' returned no detail IDs.,
A00219-007,傳,A00219,傅,canonical_group_error,A00219 傅: LookupError: A00219: search for canonical glyph '傅' returned no detail IDs.,
A00219-009,󵭊,A00219,傅,canonical_group_error,A00219 傅: LookupError: A00219: search for canonical glyph '傅' returned no detail IDs.,
A00219-010,󰌭,A00219,傅,canonical_group_error,A00219 傅: LookupError: A00219: search for canonical glyph '傅' returned no detail IDs.,
A00219-011,󰍴,A00219,傅,canonical_group_error,A00219 傅: LookupError: A00219: search for canonical glyph '傅' returned no detail IDs.,
A00219-012,󰍵,A00219,傅,canonical_group_error,A00219 傅: LookupError: A00219: search for canonical glyph '傅' returned no detail IDs.,
A00219-013,󰍶,A00219,傅,canonical_group_error,A00219 傅: LookupError: A00219: search for canonical glyph '傅' returned no detail IDs.,
A00220-001,𠈍,A00220,備,canonical_group_error,A00220 備: LookupError: A00220: search for canonical glyph '備' returned no detail IDs.,
A00220-002-1,偹,A00220,備,canonical_group_error,A00220 備: LookupError: A00220: search for canonical glyph '備' returned no detail IDs.,
A00220-003,備,A00220,備,canonical_group_error,A00220 備: LookupError: A00220: search for canonical glyph '備' returned no detail IDs.,
A00220-004,僃,A00220,備,canonical_group_error,A00220 備: LookupError: A00220: search for canonical glyph '備' returned no detail IDs.,
A00220-005,𤖤,A00220,備,canonical_group_error,A00220 備: LookupError: A00220: search for canonical glyph '備' returned no detail IDs.,
A00220-006,𠃰,A00220,備,canonical_group_error,A00220 備: LookupError: A00220: search for canonical glyph '備' returned no detail IDs.,
A00220-007,𦯞,A00220,備,canonical_group_error,A00220 備: LookupError: A00220: search for canonical glyph '備' returned no detail IDs.,
A00220-008,俻,A00220,備,canonical_group_error,A00220 備: LookupError: A00220: search for canonical glyph '備' returned no detail IDs.,
A00220-009,󰎙,A00220,備,canonical_group_error,A00220 備: LookupError: A00220: search for canonical glyph '備' returned no detail IDs.,
A00220-010,󰍸,A00220,備,canonical_group_error,A00220 備: LookupError: A00220: search for canonical glyph '備' returned no detail IDs.,
A00220-011,󰎞,A00220,備,canonical_group_error,A00220 備: LookupError: A00220: search for canonical glyph '備' returned no detail IDs.,
A00220-012,󰍺,A00220,備,canonical_group_error,A00220 備: LookupError: A00220: search for canonical glyph '備' returned no detail IDs.,
A00220-013,󰍻,A00220,備,canonical_group_error,A00220 備: LookupError: A00220: search for canonical glyph '備' returned no detail IDs.,
A00220-013-1,󰍼,A00220,備,canonical_group_error,A00220 備: LookupError: A00220: search for canonical glyph '備' returned no detail IDs.,
A00220-013-2,𤰇,A00220,備,canonical_group_error,A00220 備: LookupError: A00220: search for canonical glyph '備' returned no detail IDs.,
A00220-014,󰎉,A00220,備,canonical_group_error,A00220 備: LookupError: A00220: search for canonical glyph '備' returned no detail IDs.,
A00220-015,󰍽,A00220,備,canonical_group_error,A00220 備: LookupError: A00220: search for canonical glyph '備' returned no detail IDs.,
A00220-016,󰍿,A00220,備,canonical_group_error,A00220 備: LookupError: A00220: search for canonical glyph '備' returned no detail IDs.,
A00220-017,󰎀,A00220,備,canonical_group_error,A00220 備: LookupError: A00220: search for canonical glyph '備' returned no detail IDs.,
A00220-018,󰎁,A00220,備,canonical_group_error,A00220 備: LookupError: A00220: search for canonical glyph '備' returned no detail IDs.,
A00220-020,󷈅,A00220,備,canonical_group_error,A00220 備: LookupError: A00220: search for canonical glyph '備' returned no detail IDs.,
A00220-021,󷈑,A00220,備,canonical_group_error,A00220 備: LookupError: A00220: search for canonical glyph '備' returned no detail IDs.,
A00220-022,󷈘,A00220,備,canonical_group_error,A00220 備: LookupError: A00220: search for canonical glyph '備' returned no detail IDs.,
A00220-023,󰍹,A00220,備,canonical_group_error,A00220 備: LookupError: A00220: search for canonical glyph '備' returned no detail IDs.,
A00220-024,󰎆,A00220,備,canonical_group_error,A00220 備: LookupError: A00220: search for canonical glyph '備' returned no detail IDs.,
A00220-025,󷚿,A00220,備,canonical_group_error,A00220 備: LookupError: A00220: search for canonical glyph '備' returned no detail IDs.,
A00220-026,󰎈,A00220,備,canonical_group_error,A00220 備: LookupError: A00220: search for canonical glyph '備' returned no detail IDs.,
A00220-028,󰎶,A00220,備,canonical_group_error,A00220 備: LookupError: A00220: search for canonical glyph '備' returned no detail IDs.,
A00220-029,󰎋,A00220,備,canonical_group_error,A00220 備: LookupError: A00220: search for canonical glyph '備' returned no detail IDs.,
A00220-030,󷇥,A00220,備,canonical_group_error,A00220 備: LookupError: A00220: search for canonical glyph '備' returned no detail IDs.,
A00220-031,󰎍,A00220,備,canonical_group_error,A00220 備: LookupError: A00220: search for canonical glyph '備' returned no detail IDs.,
A00220-032,󰏪,A00220,備,canonical_group_error,A00220 備: LookupError: A00220: search for canonical glyph '備' returned no detail IDs.,
A00220-033,󰏡,A00220,備,canonical_group_error,A00220 備: LookupError: A00220: search for canonical glyph '備' returned no detail IDs.,
A00220-034,󰎐,A00220,備,canonical_group_error,A00220 備: LookupError: A00220: search for canonical glyph '備' returned no detail IDs.,
A00220-035,󴲐,A00220,備,canonical_group_error,A00220 備: LookupError: A00220: search for canonical glyph '備' returned no detail IDs.,
A00220-036,󰎒,A00220,備,canonical_group_error,A00220 備: LookupError: A00220: search for canonical glyph '備' returned no detail IDs.,
A00220-037,󰎓,A00220,備,canonical_group_error,A00220 備: LookupError: A00220: search for canonical glyph '備' returned no detail IDs.,
A00220-038,󰎔,A00220,備,canonical_group_error,A00220 備: LookupError: A00220: search for canonical glyph '備' returned no detail IDs.,
A00220-039,󰎕,A00220,備,canonical_group_error,A00220 備: LookupError: A00220: search for canonical glyph '備' returned no detail IDs.,
A00220-040,󰎖,A00220,備,canonical_group_error,A00220 備: LookupError: A00220: search for canonical glyph '備' returned no detail IDs.,
A00220-041,󰎗,A00220,備,canonical_group_error,A00220 備: LookupError: A00220: search for canonical glyph '備' returned no detail IDs.,
A00220-042,󰎘,A00220,備,canonical_group_error,A00220 備: LookupError: A00220: search for canonical glyph '備' returned no detail IDs.,
A00220-044,󰎚,A00220,備,canonical_group_error,A00220 備: LookupError: A00220: search for canonical glyph '備' returned no detail IDs.,
A00220-045,󰎛,A00220,備,canonical_group_error,A00220 備: LookupError: A00220: search for canonical glyph '備' returned no detail IDs.,
A00220-045-5,󰎜,A00220,備,canonical_group_error,A00220 備: LookupError: A00220: search for canonical glyph '備' returned no detail IDs.,
A00220-045-7,𤰅,A00220,備,canonical_group_error,A00220 備: LookupError: A00220: search for canonical glyph '備' returned no detail IDs.,
A00220-045-8,󰎝,A00220,備,canonical_group_error,A00220 備: LookupError: A00220: search for canonical glyph '備' returned no detail IDs.,
A00221-001,󰏥,A00221,傑,canonical_group_error,A00221 傑: LookupError: A00221: search for canonical glyph '傑' returned no detail IDs.,
A00221-002,󰎟,A00221,傑,canonical_group_error,A00221 傑: LookupError: A00221: search for canonical glyph '傑' returned no detail IDs.,
A00221-003,󱺋,A00221,傑,canonical_group_error,A00221 傑: LookupError: A00221: search for canonical glyph '傑' returned no detail IDs.,
A00221-004,󰎡,A00221,傑,canonical_group_error,A00221 傑: LookupError: A00221: search for canonical glyph '傑' returned no detail IDs.,
A00221-007,󷇻,A00221,傑,canonical_group_error,A00221 傑: LookupError: A00221: search for canonical glyph '傑' returned no detail IDs.,
A00221-009,󰎤,A00221,傑,canonical_group_error,A00221 傑: LookupError: A00221: search for canonical glyph '傑' returned no detail IDs.,
A00221-010,󰎥,A00221,傑,canonical_group_error,A00221 傑: LookupError: A00221: search for canonical glyph '傑' returned no detail IDs.,
A00221-011,󷇵,A00221,傑,canonical_group_error,A00221 傑: LookupError: A00221: search for canonical glyph '傑' returned no detail IDs.,
A00221-012,󰎨,A00221,傑,canonical_group_error,A00221 傑: LookupError: A00221: search for canonical glyph '傑' returned no detail IDs.,
A00221-013,󱈴,A00221,傑,canonical_group_error,A00221 傑: LookupError: A00221: search for canonical glyph '傑' returned no detail IDs.,
A00221-014,󰎅,A00221,傑,canonical_group_error,A00221 傑: LookupError: A00221: search for canonical glyph '傑' returned no detail IDs.,
A00221-015,󷇘,A00221,傑,canonical_group_error,A00221 傑: LookupError: A00221: search for canonical glyph '傑' returned no detail IDs.,
A00221-016,󰉼,A00221,傑,canonical_group_error,A00221 傑: LookupError: A00221: search for canonical glyph '傑' returned no detail IDs.,
A00221-017,󱟰,A00221,傑,canonical_group_error,A00221 傑: LookupError: A00221: search for canonical glyph '傑' returned no detail IDs.,
A00221-018,󰌌,A00221,傑,canonical_group_error,A00221 傑: LookupError: A00221: search for canonical glyph '傑' returned no detail IDs.,
A00221-019,󰐢,A00221,傑,canonical_group_error,A00221 傑: LookupError: A00221: search for canonical glyph '傑' returned no detail IDs.,
A00221-021,󰎰,A00221,傑,canonical_group_error,A00221 傑: LookupError: A00221: search for canonical glyph '傑' returned no detail IDs.,
A00222-001,𠎺,A00222,傀,canonical_group_error,A00222 傀: LookupError: A00222: search for canonical glyph '傀' returned no detail IDs.,
A00222-002,𠐦,A00222,傀,canonical_group_error,A00222 傀: LookupError: A00222: search for canonical glyph '傀' returned no detail IDs.,
A00222-003,𠐤,A00222,傀,canonical_group_error,A00222 傀: LookupError: A00222: search for canonical glyph '傀' returned no detail IDs.,
A00222-004,𧝛,A00222,傀,canonical_group_error,A00222 傀: LookupError: A00222: search for canonical glyph '傀' returned no detail IDs.,
A00222-005,󴰓,A00222,傀,canonical_group_error,A00222 傀: LookupError: A00222: search for canonical glyph '傀' returned no detail IDs.,
A00222-006,󰎲,A00222,傀,canonical_group_error,A00222 傀: LookupError: A00222: search for canonical glyph '傀' returned no detail IDs.,
A00222-007,󰎳,A00222,傀,canonical_group_error,A00222 傀: LookupError: A00222: search for canonical glyph '傀' returned no detail IDs.,
A00222-008,󰎴,A00222,傀,canonical_group_error,A00222 傀: LookupError: A00222: search for canonical glyph '傀' returned no detail IDs.,
A00222-008-1,󰎵,A00222,傀,canonical_group_error,A00222 傀: LookupError: A00222: search for canonical glyph '傀' returned no detail IDs.,
A00222-008-2,𤪿,A00222,傀,canonical_group_error,A00222 傀: LookupError: A00222: search for canonical glyph '傀' returned no detail IDs.,
A00222-009,󰑂,A00222,傀,canonical_group_error,A00222 傀: LookupError: A00222: search for canonical glyph '傀' returned no detail IDs.,
A00222-011,󰎷,A00222,傀,canonical_group_error,A00222 傀: LookupError: A00222: search for canonical glyph '傀' returned no detail IDs.,
A00222-012,󰎸,A00222,傀,canonical_group_error,A00222 傀: LookupError: A00222: search for canonical glyph '傀' returned no detail IDs.,
A00222-013,󰎹,A00222,傀,canonical_group_error,A00222 傀: LookupError: A00222: search for canonical glyph '傀' returned no detail IDs.,
A00224-002,𠋔,A00224,傘,canonical_group_error,A00224 傘: LookupError: A00224: search for canonical glyph '傘' returned no detail IDs.,
A00224-003,𠍘,A00224,傘,canonical_group_error,A00224 傘: LookupError: A00224: search for canonical glyph '傘' returned no detail IDs.,
A00224-006,𡙫,A00224,傘,canonical_group_error,A00224 傘: LookupError: A00224: search for canonical glyph '傘' returned no detail IDs.,
A00224-007,󰎻,A00224,傘,canonical_group_error,A00224 傘: LookupError: A00224: search for canonical glyph '傘' returned no detail IDs.,
A00224-009,󳫌,A00224,傘,canonical_group_error,A00224 傘: LookupError: A00224: search for canonical glyph '傘' returned no detail IDs.,
A00224-010,𡙘,A00224,傘,canonical_group_error,A00224 傘: LookupError: A00224: search for canonical glyph '傘' returned no detail IDs.,
A00224-011,󰎽,A00224,傘,canonical_group_error,A00224 傘: LookupError: A00224: search for canonical glyph '傘' returned no detail IDs.,
A00224-012,󰎾,A00224,傘,canonical_group_error,A00224 傘: LookupError: A00224: search for canonical glyph '傘' returned no detail IDs.,
A00224-013-1,繖,A00224,傘,canonical_group_error,A00224 傘: LookupError: A00224: search for canonical glyph '傘' returned no detail IDs.,
A00224-014,󰎿,A00224,傘,canonical_group_error,A00224 傘: LookupError: A00224: search for canonical glyph '傘' returned no detail IDs.,
A00224-015,󰊟,A00224,傘,canonical_group_error,A00224 傘: LookupError: A00224: search for canonical glyph '傘' returned no detail IDs.,
A00224-015-1,󰏁,A00224,傘,canonical_group_error,A00224 傘: LookupError: A00224: search for canonical glyph '傘' returned no detail IDs.,
A00224-016,󸸔,A00224,傘,canonical_group_error,A00224 傘: LookupError: A00224: search for canonical glyph '傘' returned no detail IDs.,
A00224-017,𠎃,A00224,傘,canonical_group_error,A00224 傘: LookupError: A00224: search for canonical glyph '傘' returned no detail IDs.,
A00226-001,󰏅,A00226,債,canonical_group_error,A00226 債: LookupError: A00226: search for canonical glyph '債' returned no detail IDs.,
A00226-002,󰏆,A00226,債,canonical_group_error,A00226 債: LookupError: A00226: search for canonical glyph '債' returned no detail IDs.,
A00227-001,𢕟,A00227,傲,canonical_group_error,A00227 傲: LookupError: A00227: search for canonical glyph '傲' returned no detail IDs.,
A00227-002,慠,A00227,傲,canonical_group_error,A00227 傲: LookupError: A00227: search for canonical glyph '傲' returned no detail IDs.,
A00227-003,㥿,A00227,傲,canonical_group_error,A00227 傲: LookupError: A00227: search for canonical glyph '傲' returned no detail IDs.,
A00227-004,𢢡,A00227,傲,canonical_group_error,A00227 傲: LookupError: A00227: search for canonical glyph '傲' returned no detail IDs.,
A00227-005,󰏇,A00227,傲,canonical_group_error,A00227 傲: LookupError: A00227: search for canonical glyph '傲' returned no detail IDs.,
A00227-006-1,󰎦,A00227,傲,canonical_group_error,A00227 傲: LookupError: A00227: search for canonical glyph '傲' returned no detail IDs.,
A00227-006-2,󰏊,A00227,傲,canonical_group_error,A00227 傲: LookupError: A00227: search for canonical glyph '傲' returned no detail IDs.,
A00227-007,󰏌,A00227,傲,canonical_group_error,A00227 傲: LookupError: A00227: search for canonical glyph '傲' returned no detail IDs.,
A00227-008,󰎬,A00227,傲,canonical_group_error,A00227 傲: LookupError: A00227: search for canonical glyph '傲' returned no detail IDs.,
A00227-009,󰏎,A00227,傲,canonical_group_error,A00227 傲: LookupError: A00227: search for canonical glyph '傲' returned no detail IDs.,
A00227-010,󲊠,A00227,傲,canonical_group_error,A00227 傲: LookupError: A00227: search for canonical glyph '傲' returned no detail IDs.,
A00227-011,󰏐,A00227,傲,canonical_group_error,A00227 傲: LookupError: A00227: search for canonical glyph '傲' returned no detail IDs.,
A00227-014,󰏑,A00227,傲,canonical_group_error,A00227 傲: LookupError: A00227: search for canonical glyph '傲' returned no detail IDs.,
A00227-015,󰏒,A00227,傲,canonical_group_error,A00227 傲: LookupError: A00227: search for canonical glyph '傲' returned no detail IDs.,
A00228-001,󰒺,A00228,傳,canonical_group_error,A00228 傳: LookupError: A00228: search for canonical glyph '傳' returned no detail IDs.,
A00228-002,󰏔,A00228,傳,canonical_group_error,A00228 傳: LookupError: A00228: search for canonical glyph '傳' returned no detail IDs.,
A00228-003,󰏜,A00228,傳,canonical_group_error,A00228 傳: LookupError: A00228: search for canonical glyph '傳' returned no detail IDs.,
A00228-004,󰏖,A00228,傳,canonical_group_error,A00228 傳: LookupError: A00228: search for canonical glyph '傳' returned no detail IDs.,
A00228-005,󰏗,A00228,傳,canonical_group_error,A00228 傳: LookupError: A00228: search for canonical glyph '傳' returned no detail IDs.,
A00228-006,󰍲,A00228,傳,canonical_group_error,A00228 傳: LookupError: A00228: search for canonical glyph '傳' returned no detail IDs.,
A00228-007,󰏙,A00228,傳,canonical_group_error,A00228 傳: LookupError: A00228: search for canonical glyph '傳' returned no detail IDs.,
A00228-008,󱻂,A00228,傳,canonical_group_error,A00228 傳: LookupError: A00228: search for canonical glyph '傳' returned no detail IDs.,
A00228-009,󰏛,A00228,傳,canonical_group_error,A00228 傳: LookupError: A00228: search for canonical glyph '傳' returned no detail IDs.,
A00228-010,󵬘,A00228,傳,canonical_group_error,A00228 傳: LookupError: A00228: search for canonical glyph '傳' returned no detail IDs.,
A00228-011,󰏝,A00228,傳,canonical_group_error,A00228 傳: LookupError: A00228: search for canonical glyph '傳' returned no detail IDs.,
A00228-013,󰏞,A00228,傳,canonical_group_error,A00228 傳: LookupError: A00228: search for canonical glyph '傳' returned no detail IDs.,
A00228-014,伝,A00228,傳,canonical_group_error,A00228 傳: LookupError: A00228: search for canonical glyph '傳' returned no detail IDs.,
A00228-015,󰏕,A00228,傳,canonical_group_error,A00228 傳: LookupError: A00228: search for canonical glyph '傳' returned no detail IDs.,
A00228-016,󰏠,A00228,傳,canonical_group_error,A00228 傳: LookupError: A00228: search for canonical glyph '傳' returned no detail IDs.,
A00229-001,㢙,A00229,僅,canonical_group_error,A00229 僅: LookupError: A00229: search for canonical glyph '僅' returned no detail IDs.,
A00229-004,󰐶,A00229,僅,canonical_group_error,A00229 僅: LookupError: A00229: search for canonical glyph '僅' returned no detail IDs.,
A00229-005,󷈖,A00229,僅,canonical_group_error,A00229 僅: LookupError: A00229: search for canonical glyph '僅' returned no detail IDs.,
A00229-006,󰏣,A00229,僅,canonical_group_error,A00229 僅: LookupError: A00229: search for canonical glyph '僅' returned no detail IDs.,
A00229-007,󰏤,A00229,僅,canonical_group_error,A00229 僅: LookupError: A00229: search for canonical glyph '僅' returned no detail IDs.,
A00229-008,仅,A00229,僅,canonical_group_error,A00229 僅: LookupError: A00229: search for canonical glyph '僅' returned no detail IDs.,
A00229-008-2,󰏢,A00229,僅,canonical_group_error,A00229 僅: LookupError: A00229: search for canonical glyph '僅' returned no detail IDs.,
A00230-001,󰏦,A00230,傾,canonical_group_error,A00230 傾: LookupError: A00230: search for canonical glyph '傾' returned no detail IDs.,
A00230-002,󷉅,A00230,傾,canonical_group_error,A00230 傾: LookupError: A00230: search for canonical glyph '傾' returned no detail IDs.,
A00230-003,󰒈,A00230,傾,canonical_group_error,A00230 傾: LookupError: A00230: search for canonical glyph '傾' returned no detail IDs.,
A00230-005,󰏩,A00230,傾,canonical_group_error,A00230 傾: LookupError: A00230: search for canonical glyph '傾' returned no detail IDs.,
A00230-006,󷉨,A00230,傾,canonical_group_error,A00230 傾: LookupError: A00230: search for canonical glyph '傾' returned no detail IDs.,
A00230-007,󰏫,A00230,傾,canonical_group_error,A00230 傾: LookupError: A00230: search for canonical glyph '傾' returned no detail IDs.,
A00230-008,󰏬,A00230,傾,canonical_group_error,A00230 傾: LookupError: A00230: search for canonical glyph '傾' returned no detail IDs.,
A00230-010,󰏭,A00230,傾,canonical_group_error,A00230 傾: LookupError: A00230: search for canonical glyph '傾' returned no detail IDs.,
A00230-011,󰏮,A00230,傾,canonical_group_error,A00230 傾: LookupError: A00230: search for canonical glyph '傾' returned no detail IDs.,
A00230-013,𨻺,A00230,傾,canonical_group_error,A00230 傾: LookupError: A00230: search for canonical glyph '傾' returned no detail IDs.,
A00230-014,󰏯,A00230,傾,canonical_group_error,A00230 傾: LookupError: A00230: search for canonical glyph '傾' returned no detail IDs.,
A00230-015,󰏰,A00230,傾,canonical_group_error,A00230 傾: LookupError: A00230: search for canonical glyph '傾' returned no detail IDs.,
A00230-016,󰏱,A00230,傾,canonical_group_error,A00230 傾: LookupError: A00230: search for canonical glyph '傾' returned no detail IDs.,
A00232-001,󰏲,A00232,傷,canonical_group_error,A00232 傷: LookupError: A00232: search for canonical glyph '傷' returned no detail IDs.,
A00232-002,󰏳,A00232,傷,canonical_group_error,A00232 傷: LookupError: A00232: search for canonical glyph '傷' returned no detail IDs.,
A00232-003,󰏴,A00232,傷,canonical_group_error,A00232 傷: LookupError: A00232: search for canonical glyph '傷' returned no detail IDs.,
A00232-008,󰫝,A00232,傷,canonical_group_error,A00232 傷: LookupError: A00232: search for canonical glyph '傷' returned no detail IDs.,
A00232-010,󰋾,A00232,傷,canonical_group_error,A00232 傷: LookupError: A00232: search for canonical glyph '傷' returned no detail IDs.,
A00232-011,󷈀,A00232,傷,canonical_group_error,A00232 傷: LookupError: A00232: search for canonical glyph '傷' returned no detail IDs.,
A00232-012,󷈊,A00232,傷,canonical_group_error,A00232 傷: LookupError: A00232: search for canonical glyph '傷' returned no detail IDs.,
A00232-013,󰏹,A00232,傷,canonical_group_error,A00232 傷: LookupError: A00232: search for canonical glyph '傷' returned no detail IDs.,
A00232-014,󰏺,A00232,傷,canonical_group_error,A00232 傷: LookupError: A00232: search for canonical glyph '傷' returned no detail IDs.,
A00232-016,󰏼,A00232,傷,canonical_group_error,A00232 傷: LookupError: A00232: search for canonical glyph '傷' returned no detail IDs.,
A00232-017,󰏽,A00232,傷,canonical_group_error,A00232 傷: LookupError: A00232: search for canonical glyph '傷' returned no detail IDs.,
A00232-018,󱹠,A00232,傷,canonical_group_error,A00232 傷: LookupError: A00232: search for canonical glyph '傷' returned no detail IDs.,
A00235-001,僧,A00235,僧,canonical_group_error,A00235 僧: LookupError: A00235: search for canonical glyph '僧' returned no detail IDs.,
A00235-002,󰐋,A00235,僧,canonical_group_error,A00235 僧: LookupError: A00235: search for canonical glyph '僧' returned no detail IDs.,
A00235-003,󰐇,A00235,僧,canonical_group_error,A00235 僧: LookupError: A00235: search for canonical glyph '僧' returned no detail IDs.,
A00235-004,󰐈,A00235,僧,canonical_group_error,A00235 僧: LookupError: A00235: search for canonical glyph '僧' returned no detail IDs.,
A00235-005,󰐉,A00235,僧,canonical_group_error,A00235 僧: LookupError: A00235: search for canonical glyph '僧' returned no detail IDs.,
A00235-009,󰐊,A00235,僧,canonical_group_error,A00235 僧: LookupError: A00235: search for canonical glyph '僧' returned no detail IDs.,
A00235-010,󰐍,A00235,僧,canonical_group_error,A00235 僧: LookupError: A00235: search for canonical glyph '僧' returned no detail IDs.,
A00235-011,󰐌,A00235,僧,canonical_group_error,A00235 僧: LookupError: A00235: search for canonical glyph '僧' returned no detail IDs.,
A00235-013,󰏨,A00235,僧,canonical_group_error,A00235 僧: LookupError: A00235: search for canonical glyph '僧' returned no detail IDs.,
A00235-014-1,󰐎,A00235,僧,canonical_group_error,A00235 僧: LookupError: A00235: search for canonical glyph '僧' returned no detail IDs.,
A00235-015,󰐏,A00235,僧,canonical_group_error,A00235 僧: LookupError: A00235: search for canonical glyph '僧' returned no detail IDs.,
A00235-017,󰐐,A00235,僧,canonical_group_error,A00235 僧: LookupError: A00235: search for canonical glyph '僧' returned no detail IDs.,
A00235-018,󰐑,A00235,僧,canonical_group_error,A00235 僧: LookupError: A00235: search for canonical glyph '僧' returned no detail IDs.,
A00236-001,偅,A00236,僮,canonical_group_error,A00236 僮: LookupError: A00236: search for canonical glyph '僮' returned no detail IDs.,
A00237-001,󰐒,A00237,僥,canonical_group_error,A00237 僥: LookupError: A00237: search for canonical glyph '僥' returned no detail IDs.,
A00237-002,󰐓,A00237,僥,canonical_group_error,A00237 僥: LookupError: A00237: search for canonical glyph '僥' returned no detail IDs.,
A00237-003,󰐔,A00237,僥,canonical_group_error,A00237 僥: LookupError: A00237: search for canonical glyph '僥' returned no detail IDs.,
A00237-004,󷈢,A00237,僥,canonical_group_error,A00237 僥: LookupError: A00237: search for canonical glyph '僥' returned no detail IDs.,
A00237-005,󰐖,A00237,僥,canonical_group_error,A00237 僥: LookupError: A00237: search for canonical glyph '僥' returned no detail IDs.,
A00237-007,󰟽,A00237,僥,canonical_group_error,A00237 僥: LookupError: A00237: search for canonical glyph '僥' returned no detail IDs.,
A00237-010,憢,A00237,僥,canonical_group_error,A00237 僥: LookupError: A00237: search for canonical glyph '僥' returned no detail IDs.,
A00239-001,僣,A00239,僭,canonical_group_error,A00239 僭: LookupError: A00239: search for canonical glyph '僭' returned no detail IDs.,
A00239-002,󰐚,A00239,僭,canonical_group_error,A00239 僭: LookupError: A00239: search for canonical glyph '僭' returned no detail IDs.,
A00239-003,󰐛,A00239,僭,canonical_group_error,A00239 僭: LookupError: A00239: search for canonical glyph '僭' returned no detail IDs.,
A00239-004,𠍴,A00239,僭,canonical_group_error,A00239 僭: LookupError: A00239: search for canonical glyph '僭' returned no detail IDs.,
A00239-005,󰐜,A00239,僭,canonical_group_error,A00239 僭: LookupError: A00239: search for canonical glyph '僭' returned no detail IDs.,
A00239-006,󰐝,A00239,僭,canonical_group_error,A00239 僭: LookupError: A00239: search for canonical glyph '僭' returned no detail IDs.,
A00239-007,󱺳,A00239,僭,canonical_group_error,A00239 僭: LookupError: A00239: search for canonical glyph '僭' returned no detail IDs.,
A00239-008,󷢘,A00239,僭,canonical_group_error,A00239 僭: LookupError: A00239: search for canonical glyph '僭' returned no detail IDs.,
A00240-001,𠏗,A00240,僚,canonical_group_error,A00240 僚: LookupError: A00240: search for canonical glyph '僚' returned no detail IDs.,
A00240-002,󷊩,A00240,僚,canonical_group_error,A00240 僚: LookupError: A00240: search for canonical glyph '僚' returned no detail IDs.,
A00240-003,󰐠,A00240,僚,canonical_group_error,A00240 僚: LookupError: A00240: search for canonical glyph '僚' returned no detail IDs.,
A00240-004,󰐡,A00240,僚,canonical_group_error,A00240 僚: LookupError: A00240: search for canonical glyph '僚' returned no detail IDs.,
A00240-005,󰎯,A00240,僚,canonical_group_error,A00240 僚: LookupError: A00240: search for canonical glyph '僚' returned no detail IDs.,
A00240-006,󰐣,A00240,僚,canonical_group_error,A00240 僚: LookupError: A00240: search for canonical glyph '僚' returned no detail IDs.,
A00240-007,󰐤,A00240,僚,canonical_group_error,A00240 僚: LookupError: A00240: search for canonical glyph '僚' returned no detail IDs.,
A00240-008,󰐥,A00240,僚,canonical_group_error,A00240 僚: LookupError: A00240: search for canonical glyph '僚' returned no detail IDs.,
A00240-009,󰐦,A00240,僚,canonical_group_error,A00240 僚: LookupError: A00240: search for canonical glyph '僚' returned no detail IDs.,
A00240-010,󰐧,A00240,僚,canonical_group_error,A00240 僚: LookupError: A00240: search for canonical glyph '僚' returned no detail IDs.,
A00240-011,󰐨,A00240,僚,canonical_group_error,A00240 僚: LookupError: A00240: search for canonical glyph '僚' returned no detail IDs.,
A00240-012,󰐩,A00240,僚,canonical_group_error,A00240 僚: LookupError: A00240: search for canonical glyph '僚' returned no detail IDs.,
A00240-013,󰐪,A00240,僚,canonical_group_error,A00240 僚: LookupError: A00240: search for canonical glyph '僚' returned no detail IDs.,
A00240-015,󰐫,A00240,僚,canonical_group_error,A00240 僚: LookupError: A00240: search for canonical glyph '僚' returned no detail IDs.,
A00240-016,󰐬,A00240,僚,canonical_group_error,A00240 僚: LookupError: A00240: search for canonical glyph '僚' returned no detail IDs.,
A00240-017,󰐭,A00240,僚,canonical_group_error,A00240 僚: LookupError: A00240: search for canonical glyph '僚' returned no detail IDs.,
A00241-001,𢖃,A00241,僕,canonical_group_error,A00241 僕: LookupError: A00241: search for canonical glyph '僕' returned no detail IDs.,
A00241-002,䑑,A00241,僕,canonical_group_error,A00241 僕: LookupError: A00241: search for canonical glyph '僕' returned no detail IDs.,
A00241-003,󰐮,A00241,僕,canonical_group_error,A00241 僕: LookupError: A00241: search for canonical glyph '僕' returned no detail IDs.,
A00241-005,仆,A00241,僕,canonical_group_error,A00241 僕: LookupError: A00241: search for canonical glyph '僕' returned no detail IDs.,
A00241-006,󰐯,A00241,僕,canonical_group_error,A00241 僕: LookupError: A00241: search for canonical glyph '僕' returned no detail IDs.,
A00241-007,,A00241,僕,canonical_group_error,A00241 僕: LookupError: A00241: search for canonical glyph '僕' returned no detail IDs.,
A00241-008,󰐰,A00241,僕,canonical_group_error,A00241 僕: LookupError: A00241: search for canonical glyph '僕' returned no detail IDs.,
A00241-009,󰐱,A00241,僕,canonical_group_error,A00241 僕: LookupError: A00241: search for canonical glyph '僕' returned no detail IDs.,
A00241-010,󰐲,A00241,僕,canonical_group_error,A00241 僕: LookupError: A00241: search for canonical glyph '僕' returned no detail IDs.,
A00241-011,󰐳,A00241,僕,canonical_group_error,A00241 僕: LookupError: A00241: search for canonical glyph '僕' returned no detail IDs.,
A00241-012,󰐴,A00241,僕,canonical_group_error,A00241 僕: LookupError: A00241: search for canonical glyph '僕' returned no detail IDs.,
A00241-013,󰐵,A00241,僕,canonical_group_error,A00241 僕: LookupError: A00241: search for canonical glyph '僕' returned no detail IDs.,
A00241-014,󰌨,A00241,僕,canonical_group_error,A00241 僕: LookupError: A00241: search for canonical glyph '僕' returned no detail IDs.,
A00241-015,󰐷,A00241,僕,canonical_group_error,A00241 僕: LookupError: A00241: search for canonical glyph '僕' returned no detail IDs.,
A00241-016,󰐸,A00241,僕,canonical_group_error,A00241 僕: LookupError: A00241: search for canonical glyph '僕' returned no detail IDs.,
A00241-017,󰐹,A00241,僕,canonical_group_error,A00241 僕: LookupError: A00241: search for canonical glyph '僕' returned no detail IDs.,
A00241-018,󱀻,A00241,僕,canonical_group_error,A00241 僕: LookupError: A00241: search for canonical glyph '僕' returned no detail IDs.,
A00241-019,󰐻,A00241,僕,canonical_group_error,A00241 僕: LookupError: A00241: search for canonical glyph '僕' returned no detail IDs.,
A00241-020,󰐼,A00241,僕,canonical_group_error,A00241 僕: LookupError: A00241: search for canonical glyph '僕' returned no detail IDs.,
A00241-021,󰐽,A00241,僕,canonical_group_error,A00241 僕: LookupError: A00241: search for canonical glyph '僕' returned no detail IDs.,
A00241-022,󰐾,A00241,僕,canonical_group_error,A00241 僕: LookupError: A00241: search for canonical glyph '僕' returned no detail IDs.,
A00241-023,󰐿,A00241,僕,canonical_group_error,A00241 僕: LookupError: A00241: search for canonical glyph '僕' returned no detail IDs.,
A00242-001,像,A00242,像,canonical_group_error,A00242 像: LookupError: A00242: search for canonical glyph '像' returned no detail IDs.,
A00242-002,󰑁,A00242,像,canonical_group_error,A00242 像: LookupError: A00242: search for canonical glyph '像' returned no detail IDs.,
A00242-003,傢,A00242,像,canonical_group_error,A00242 像: LookupError: A00242: search for canonical glyph '像' returned no detail IDs.,
A00242-004,󰐞,A00242,像,canonical_group_error,A00242 像: LookupError: A00242: search for canonical glyph '像' returned no detail IDs.,
A00242-005,󰑃,A00242,像,canonical_group_error,A00242 像: LookupError: A00242: search for canonical glyph '像' returned no detail IDs.,
A00242-006,󰑄,A00242,像,canonical_group_error,A00242 像: LookupError: A00242: search for canonical glyph '像' returned no detail IDs.,
A00242-007,󰑅,A00242,像,canonical_group_error,A00242 像: LookupError: A00242: search for canonical glyph '像' returned no detail IDs.,
A00242-008,󰑆,A00242,像,canonical_group_error,A00242 像: LookupError: A00242: search for canonical glyph '像' returned no detail IDs.,
A00242-009,󰑇,A00242,像,canonical_group_error,A00242 像: LookupError: A00242: search for canonical glyph '像' returned no detail IDs.,
A00242-010,󰑈,A00242,像,canonical_group_error,A00242 像: LookupError: A00242: search for canonical glyph '像' returned no detail IDs.,
A00242-011,󰑉,A00242,像,canonical_group_error,A00242 像: LookupError: A00242: search for canonical glyph '像' returned no detail IDs.,
A00242-012,󰑊,A00242,像,canonical_group_error,A00242 像: LookupError: A00242: search for canonical glyph '像' returned no detail IDs.,
A00242-013,󰑋,A00242,像,canonical_group_error,A00242 像: LookupError: A00242: search for canonical glyph '像' returned no detail IDs.,
A00242-014,󰑌,A00242,像,canonical_group_error,A00242 像: LookupError: A00242: search for canonical glyph '像' returned no detail IDs.,
A00242-015,󰑍,A00242,像,canonical_group_error,A00242 像: LookupError: A00242: search for canonical glyph '像' returned no detail IDs.,
A00242-016,󰑎,A00242,像,canonical_group_error,A00242 像: LookupError: A00242: search for canonical glyph '像' returned no detail IDs.,
A00242-017,󰑏,A00242,像,canonical_group_error,A00242 像: LookupError: A00242: search for canonical glyph '像' returned no detail IDs.,
A00242-018,󰑐,A00242,像,canonical_group_error,A00242 像: LookupError: A00242: search for canonical glyph '像' returned no detail IDs.,
A00242-019,󰑑,A00242,像,canonical_group_error,A00242 像: LookupError: A00242: search for canonical glyph '像' returned no detail IDs.,
A00242-020,󰑒,A00242,像,canonical_group_error,A00242 像: LookupError: A00242: search for canonical glyph '像' returned no detail IDs.,
A00242-021,󰑓,A00242,像,canonical_group_error,A00242 像: LookupError: A00242: search for canonical glyph '像' returned no detail IDs.,
A00242-022,󰑔,A00242,像,canonical_group_error,A00242 像: LookupError: A00242: search for canonical glyph '像' returned no detail IDs.,
A00242-023,󰑕,A00242,像,canonical_group_error,A00242 像: LookupError: A00242: search for canonical glyph '像' returned no detail IDs.,
A00242-024,󰑖,A00242,像,canonical_group_error,A00242 像: LookupError: A00242: search for canonical glyph '像' returned no detail IDs.,
A00242-025,󰑗,A00242,像,canonical_group_error,A00242 像: LookupError: A00242: search for canonical glyph '像' returned no detail IDs.,
A00242-026,󰑘,A00242,像,canonical_group_error,A00242 像: LookupError: A00242: search for canonical glyph '像' returned no detail IDs.,
A00242-027,󰑙,A00242,像,canonical_group_error,A00242 像: LookupError: A00242: search for canonical glyph '像' returned no detail IDs.,
A00242-028,󰑚,A00242,像,canonical_group_error,A00242 像: LookupError: A00242: search for canonical glyph '像' returned no detail IDs.,
A00242-029,󰑛,A00242,像,canonical_group_error,A00242 像: LookupError: A00242: search for canonical glyph '像' returned no detail IDs.,
A00242-030,󰑜,A00242,像,canonical_group_error,A00242 像: LookupError: A00242: search for canonical glyph '像' returned no detail IDs.,
A00242-031,󰑝,A00242,像,canonical_group_error,A00242 像: LookupError: A00242: search for canonical glyph '像' returned no detail IDs.,
A00242-032,󴰺,A00242,像,canonical_group_error,A00242 像: LookupError: A00242: search for canonical glyph '像' returned no detail IDs.,
A00242-033-1,󰑠,A00242,像,canonical_group_error,A00242 像: LookupError: A00242: search for canonical glyph '像' returned no detail IDs.,
A00243-001,󰑡,A00243,僑,canonical_group_error,A00243 僑: LookupError: A00243: search for canonical glyph '僑' returned no detail IDs.,
A00243-002,󰑢,A00243,僑,canonical_group_error,A00243 僑: LookupError: A00243: search for canonical glyph '僑' returned no detail IDs.,
A00243-003,󰓕,A00243,僑,canonical_group_error,A00243 僑: LookupError: A00243: search for canonical glyph '僑' returned no detail IDs.,
A00243-004,󰑤,A00243,僑,canonical_group_error,A00243 僑: LookupError: A00243: search for canonical glyph '僑' returned no detail IDs.,
A00243-005,󰑥,A00243,僑,canonical_group_error,A00243 僑: LookupError: A00243: search for canonical glyph '僑' returned no detail IDs.,
A00243-006,󰑦,A00243,僑,canonical_group_error,A00243 僑: LookupError: A00243: search for canonical glyph '僑' returned no detail IDs.,
A00243-007,󷇑,A00243,僑,canonical_group_error,A00243 僑: LookupError: A00243: search for canonical glyph '僑' returned no detail IDs.,
A00243-008,㝯,A00243,僑,canonical_group_error,A00243 僑: LookupError: A00243: search for canonical glyph '僑' returned no detail IDs.,
A00245-001,𠌼,A00245,億,canonical_group_error,A00245 億: LookupError: A00245: search for canonical glyph '億' returned no detail IDs.,
A00245-002,𠐥,A00245,億,canonical_group_error,A00245 億: LookupError: A00245: search for canonical glyph '億' returned no detail IDs.,
A00245-003,󰑨,A00245,億,canonical_group_error,A00245 億: LookupError: A00245: search for canonical glyph '億' returned no detail IDs.,
A00245-004,󰑩,A00245,億,canonical_group_error,A00245 億: LookupError: A00245: search for canonical glyph '億' returned no detail IDs.,
A00245-005,󰑪,A00245,億,canonical_group_error,A00245 億: LookupError: A00245: search for canonical glyph '億' returned no detail IDs.,
A00245-006,󰑫,A00245,億,canonical_group_error,A00245 億: LookupError: A00245: search for canonical glyph '億' returned no detail IDs.,
A00245-007,󰑬,A00245,億,canonical_group_error,A00245 億: LookupError: A00245: search for canonical glyph '億' returned no detail IDs.,
A00245-008,󰑭,A00245,億,canonical_group_error,A00245 億: LookupError: A00245: search for canonical glyph '億' returned no detail IDs.,
A00245-009,󷈏,A00245,億,canonical_group_error,A00245 億: LookupError: A00245: search for canonical glyph '億' returned no detail IDs.,
A00245-010,󰑯,A00245,億,canonical_group_error,A00245 億: LookupError: A00245: search for canonical glyph '億' returned no detail IDs.,
A00245-011,󰑰,A00245,億,canonical_group_error,A00245 億: LookupError: A00245: search for canonical glyph '億' returned no detail IDs.,
A00245-012,󰑱,A00245,億,canonical_group_error,A00245 億: LookupError: A00245: search for canonical glyph '億' returned no detail IDs.,
A00245-013,󰓈,A00245,億,canonical_group_error,A00245 億: LookupError: A00245: search for canonical glyph '億' returned no detail IDs.,
A00245-014,󰑳,A00245,億,canonical_group_error,A00245 億: LookupError: A00245: search for canonical glyph '億' returned no detail IDs.,
A00245-015,󰑴,A00245,億,canonical_group_error,A00245 億: LookupError: A00245: search for canonical glyph '億' returned no detail IDs.,
A00245-016,󰑵,A00245,億,canonical_group_error,A00245 億: LookupError: A00245: search for canonical glyph '億' returned no detail IDs.,
A00245-017,󰑶,A00245,億,canonical_group_error,A00245 億: LookupError: A00245: search for canonical glyph '億' returned no detail IDs.,
A00245-018,󰑷,A00245,億,canonical_group_error,A00245 億: LookupError: A00245: search for canonical glyph '億' returned no detail IDs.,
A00245-019,𢡃,A00245,億,canonical_group_error,A00245 億: LookupError: A00245: search for canonical glyph '億' returned no detail IDs.,
A00245-020,󰑸,A00245,億,canonical_group_error,A00245 億: LookupError: A00245: search for canonical glyph '億' returned no detail IDs.,
A00246-001,𥫃,A00246,儀,canonical_group_error,A00246 儀: LookupError: A00246: search for canonical glyph '儀' returned no detail IDs.,
A00246-002,󰑹,A00246,儀,canonical_group_error,A00246 儀: LookupError: A00246: search for canonical glyph '儀' returned no detail IDs.,
A00246-003,󰑺,A00246,儀,canonical_group_error,A00246 儀: LookupError: A00246: search for canonical glyph '儀' returned no detail IDs.,
A00246-004,󰑻,A00246,儀,canonical_group_error,A00246 儀: LookupError: A00246: search for canonical glyph '儀' returned no detail IDs.,
A00246-005,󰑼,A00246,儀,canonical_group_error,A00246 儀: LookupError: A00246: search for canonical glyph '儀' returned no detail IDs.,
A00246-006,󰑽,A00246,儀,canonical_group_error,A00246 儀: LookupError: A00246: search for canonical glyph '儀' returned no detail IDs.,
A00246-007,󰑾,A00246,儀,canonical_group_error,A00246 儀: LookupError: A00246: search for canonical glyph '儀' returned no detail IDs.,
A00246-007-1,󰑿,A00246,儀,canonical_group_error,A00246 儀: LookupError: A00246: search for canonical glyph '儀' returned no detail IDs.,
A00246-007-2,󰒀,A00246,儀,canonical_group_error,A00246 儀: LookupError: A00246: search for canonical glyph '儀' returned no detail IDs.,
A00246-008,󰒁,A00246,儀,canonical_group_error,A00246 儀: LookupError: A00246: search for canonical glyph '儀' returned no detail IDs.,
A00246-009,󰒂,A00246,儀,canonical_group_error,A00246 儀: LookupError: A00246: search for canonical glyph '儀' returned no detail IDs.,
A00246-010,󰒃,A00246,儀,canonical_group_error,A00246 儀: LookupError: A00246: search for canonical glyph '儀' returned no detail IDs.,
A00246-011,󰒄,A00246,儀,canonical_group_error,A00246 儀: LookupError: A00246: search for canonical glyph '儀' returned no detail IDs.,
A00246-012,󰒅,A00246,儀,canonical_group_error,A00246 儀: LookupError: A00246: search for canonical glyph '儀' returned no detail IDs.,
A00246-013,󰒆,A00246,儀,canonical_group_error,A00246 儀: LookupError: A00246: search for canonical glyph '儀' returned no detail IDs.,
A00246-014,󰒇,A00246,儀,canonical_group_error,A00246 儀: LookupError: A00246: search for canonical glyph '儀' returned no detail IDs.,
A00246-015,󰓡,A00246,儀,canonical_group_error,A00246 儀: LookupError: A00246: search for canonical glyph '儀' returned no detail IDs.,
A00246-016,󰒉,A00246,儀,canonical_group_error,A00246 儀: LookupError: A00246: search for canonical glyph '儀' returned no detail IDs.,
A00246-017,󰒊,A00246,儀,canonical_group_error,A00246 儀: LookupError: A00246: search for canonical glyph '儀' returned no detail IDs.,
A00246-018,󰒋,A00246,儀,canonical_group_error,A00246 儀: LookupError: A00246: search for canonical glyph '儀' returned no detail IDs.,
A00246-019,󰒌,A00246,儀,canonical_group_error,A00246 儀: LookupError: A00246: search for canonical glyph '儀' returned no detail IDs.,
A00246-020,󰒍,A00246,儀,canonical_group_error,A00246 儀: LookupError: A00246: search for canonical glyph '儀' returned no detail IDs.,
A00246-021,󰒎,A00246,儀,canonical_group_error,A00246 儀: LookupError: A00246: search for canonical glyph '儀' returned no detail IDs.,
A00246-022,󰒏,A00246,儀,canonical_group_error,A00246 儀: LookupError: A00246: search for canonical glyph '儀' returned no detail IDs.,
A00246-024,󰒐,A00246,儀,canonical_group_error,A00246 儀: LookupError: A00246: search for canonical glyph '儀' returned no detail IDs.,
A00246-025,󰒑,A00246,儀,canonical_group_error,A00246 儀: LookupError: A00246: search for canonical glyph '儀' returned no detail IDs.,
A00246-026,󰒒,A00246,儀,canonical_group_error,A00246 儀: LookupError: A00246: search for canonical glyph '儀' returned no detail IDs.,
A00246-027,󰒓,A00246,儀,canonical_group_error,A00246 儀: LookupError: A00246: search for canonical glyph '儀' returned no detail IDs.,
A00246-028,󰒔,A00246,儀,canonical_group_error,A00246 儀: LookupError: A00246: search for canonical glyph '儀' returned no detail IDs.,
A00246-029,󰒕,A00246,儀,canonical_group_error,A00246 儀: LookupError: A00246: search for canonical glyph '儀' returned no detail IDs.,
A00246-030,󰒖,A00246,儀,canonical_group_error,A00246 儀: LookupError: A00246: search for canonical glyph '儀' returned no detail IDs.,
A00246-031,󰒗,A00246,儀,canonical_group_error,A00246 儀: LookupError: A00246: search for canonical glyph '儀' returned no detail IDs.,
A00246-032,󰒘,A00246,儀,canonical_group_error,A00246 儀: LookupError: A00246: search for canonical glyph '儀' returned no detail IDs.,
A00246-033,󰒙,A00246,儀,canonical_group_error,A00246 儀: LookupError: A00246: search for canonical glyph '儀' returned no detail IDs.,
A00246-034,󰒚,A00246,儀,canonical_group_error,A00246 儀: LookupError: A00246: search for canonical glyph '儀' returned no detail IDs.,
A00246-035,󰒛,A00246,儀,canonical_group_error,A00246 儀: LookupError: A00246: search for canonical glyph '儀' returned no detail IDs.,
A00246-036,󰒜,A00246,儀,canonical_group_error,A00246 儀: LookupError: A00246: search for canonical glyph '儀' returned no detail IDs.,
A00246-037,󰒝,A00246,儀,canonical_group_error,A00246 儀: LookupError: A00246: search for canonical glyph '儀' returned no detail IDs.,
A00246-038,󰒞,A00246,儀,canonical_group_error,A00246 儀: LookupError: A00246: search for canonical glyph '儀' returned no detail IDs.,
A00247-001,𠒱,A00247,僻,canonical_group_error,A00247 僻: LookupError: A00247: search for canonical glyph '僻' returned no detail IDs.,
A00247-002,󰒟,A00247,僻,canonical_group_error,A00247 僻: LookupError: A00247: search for canonical glyph '僻' returned no detail IDs.,
A00247-003,󰒠,A00247,僻,canonical_group_error,A00247 僻: LookupError: A00247: search for canonical glyph '僻' returned no detail IDs.,
A00247-004,󰒡,A00247,僻,canonical_group_error,A00247 僻: LookupError: A00247: search for canonical glyph '僻' returned no detail IDs.,
A00247-005,󰒢,A00247,僻,canonical_group_error,A00247 僻: LookupError: A00247: search for canonical glyph '僻' returned no detail IDs.,
A00249-001,価,A00249,價,canonical_group_error,A00249 價: LookupError: A00249: search for canonical glyph '價' returned no detail IDs.,
A00249-002,价,A00249,價,canonical_group_error,A00249 價: LookupError: A00249: search for canonical glyph '價' returned no detail IDs.,
A00249-003,󰇹,A00249,價,canonical_group_error,A00249 價: LookupError: A00249: search for canonical glyph '價' returned no detail IDs.,
A00249-005,󰒤,A00249,價,canonical_group_error,A00249 價: LookupError: A00249: search for canonical glyph '價' returned no detail IDs.,
A00250-001-1,󰒦,A00250,儂,variant_link_not_resolved,Canonical page A00250 儂 did not yield a linked detail page displaying A00250-001-1.,
A00252-001,𠈏,A00252,儉,canonical_group_error,A00252 儉: LookupError: A00252: search for canonical glyph '儉' returned no detail IDs.,
A00252-002,󰒫,A00252,儉,canonical_group_error,A00252 儉: LookupError: A00252: search for canonical glyph '儉' returned no detail IDs.,
A00252-003,倹,A00252,儉,canonical_group_error,A00252 儉: LookupError: A00252: search for canonical glyph '儉' returned no detail IDs.,
A00252-004,󰒬,A00252,儉,canonical_group_error,A00252 儉: LookupError: A00252: search for canonical glyph '儉' returned no detail IDs.,
A00252-005,󰒭,A00252,儉,canonical_group_error,A00252 儉: LookupError: A00252: search for canonical glyph '儉' returned no detail IDs.,
A00252-006,󰒮,A00252,儉,canonical_group_error,A00252 儉: LookupError: A00252: search for canonical glyph '儉' returned no detail IDs.,
A00252-007,󰒯,A00252,儉,canonical_group_error,A00252 儉: LookupError: A00252: search for canonical glyph '儉' returned no detail IDs.,
A00252-008,󰒰,A00252,儉,canonical_group_error,A00252 儉: LookupError: A00252: search for canonical glyph '儉' returned no detail IDs.,
A00253-001,𠍶,A00253,儒,canonical_group_error,A00253 儒: LookupError: A00253: search for canonical glyph '儒' returned no detail IDs.,
A00253-002,󰒱,A00253,儒,canonical_group_error,A00253 儒: LookupError: A00253: search for canonical glyph '儒' returned no detail IDs.,
A00253-003,󰒲,A00253,儒,canonical_group_error,A00253 儒: LookupError: A00253: search for canonical glyph '儒' returned no detail IDs.,
A00253-004,󰒳,A00253,儒,canonical_group_error,A00253 儒: LookupError: A00253: search for canonical glyph '儒' returned no detail IDs.,
A00253-006,偄,A00253,儒,canonical_group_error,A00253 儒: LookupError: A00253: search for canonical glyph '儒' returned no detail IDs.,
A00253-007,󰒴,A00253,儒,canonical_group_error,A00253 儒: LookupError: A00253: search for canonical glyph '儒' returned no detail IDs.,
A00253-008,󰒵,A00253,儒,canonical_group_error,A00253 儒: LookupError: A00253: search for canonical glyph '儒' returned no detail IDs.,
A00253-009,󰒶,A00253,儒,canonical_group_error,A00253 儒: LookupError: A00253: search for canonical glyph '儒' returned no detail IDs.,
A00253-010,󷇾,A00253,儒,canonical_group_error,A00253 儒: LookupError: A00253: search for canonical glyph '儒' returned no detail IDs.,
A00253-012,󰒸,A00253,儒,canonical_group_error,A00253 儒: LookupError: A00253: search for canonical glyph '儒' returned no detail IDs.,
A00253-014,󰒹,A00253,儒,canonical_group_error,A00253 儒: LookupError: A00253: search for canonical glyph '儒' returned no detail IDs.,
A00253-015,󰌉,A00253,儒,canonical_group_error,A00253 儒: LookupError: A00253: search for canonical glyph '儒' returned no detail IDs.,
A00254-001,󰒻,A00254,儘,canonical_group_error,A00254 儘: LookupError: A00254: search for canonical glyph '儘' returned no detail IDs.,
A00254-002,󷈽,A00254,儘,canonical_group_error,A00254 儘: LookupError: A00254: search for canonical glyph '儘' returned no detail IDs.,
A00254-003,尽,A00254,儘,canonical_group_error,A00254 儘: LookupError: A00254: search for canonical glyph '儘' returned no detail IDs.,
A00257-001,𢖒,A00257,優,canonical_group_error,A00257 優: LookupError: A00257: search for canonical glyph '優' returned no detail IDs.,
A00257-002,󰓉,A00257,優,canonical_group_error,A00257 優: LookupError: A00257: search for canonical glyph '優' returned no detail IDs.,
A00257-003,󰓊,A00257,優,canonical_group_error,A00257 優: LookupError: A00257: search for canonical glyph '優' returned no detail IDs.,
A00257-004,优,A00257,優,canonical_group_error,A00257 優: LookupError: A00257: search for canonical glyph '優' returned no detail IDs.,
A00257-005,󰓋,A00257,優,canonical_group_error,A00257 優: LookupError: A00257: search for canonical glyph '優' returned no detail IDs.,
A00257-006,󰓌,A00257,優,canonical_group_error,A00257 優: LookupError: A00257: search for canonical glyph '優' returned no detail IDs.,
A00257-008,󰓍,A00257,優,canonical_group_error,A00257 優: LookupError: A00257: search for canonical glyph '優' returned no detail IDs.,
A00257-009,󰓎,A00257,優,canonical_group_error,A00257 優: LookupError: A00257: search for canonical glyph '優' returned no detail IDs.,
A00257-010,󰓏,A00257,優,canonical_group_error,A00257 優: LookupError: A00257: search for canonical glyph '優' returned no detail IDs.,
A00257-011-1,󰓐,A00257,優,canonical_group_error,A00257 優: LookupError: A00257: search for canonical glyph '優' returned no detail IDs.,
A00257-012,󰓑,A00257,優,canonical_group_error,A00257 優: LookupError: A00257: search for canonical glyph '優' returned no detail IDs.,
A00257-013,󰓒,A00257,優,canonical_group_error,A00257 優: LookupError: A00257: search for canonical glyph '優' returned no detail IDs.,
A00257-015,󰓓,A00257,優,canonical_group_error,A00257 優: LookupError: A00257: search for canonical glyph '優' returned no detail IDs.,
A00257-016,󰓔,A00257,優,canonical_group_error,A00257 優: LookupError: A00257: search for canonical glyph '優' returned no detail IDs.,
A00257-021,󰓘,A00257,優,canonical_group_error,A00257 優: LookupError: A00257: search for canonical glyph '優' returned no detail IDs.,
A00257-022-1,󰓙,A00257,優,canonical_group_error,A00257 優: LookupError: A00257: search for canonical glyph '優' returned no detail IDs.,
A00257-024,󰓚,A00257,優,canonical_group_error,A00257 優: LookupError: A00257: search for canonical glyph '優' returned no detail IDs.,
A00257-025,󰓛,A00257,優,canonical_group_error,A00257 優: LookupError: A00257: search for canonical glyph '優' returned no detail IDs.,
A00257-026,󰓜,A00257,優,canonical_group_error,A00257 優: LookupError: A00257: search for canonical glyph '優' returned no detail IDs.,
A00259-001,𦇄,A00259,儡,canonical_group_error,A00259 儡: LookupError: A00259: search for canonical glyph '儡' returned no detail IDs.,
A00259-002,㒦,A00259,儡,canonical_group_error,A00259 儡: LookupError: A00259: search for canonical glyph '儡' returned no detail IDs.,
A00259-004,󰓟,A00259,儡,canonical_group_error,A00259 儡: LookupError: A00259: search for canonical glyph '儡' returned no detail IDs.,
A00260-001,󰓠,A00260,儲,canonical_group_error,A00260 儲: LookupError: A00260: search for canonical glyph '儲' returned no detail IDs.,
A00260-002,󰌏,A00260,儲,canonical_group_error,A00260 儲: LookupError: A00260: search for canonical glyph '儲' returned no detail IDs.,
A00260-003,󰍫,A00260,儲,canonical_group_error,A00260 儲: LookupError: A00260: search for canonical glyph '儲' returned no detail IDs.,
A00261-004-1,㒧,A00261,儷,variant_link_not_resolved,Canonical page A00261 儷 did not yield a linked detail page displaying A00261-004-1.,
A00262-008-1,偘,A00262,儼,variant_link_not_resolved,Canonical page A00262 儼 did not yield a linked detail page displaying A00262-008-1.,
A00262-008-2,󰓰,A00262,儼,variant_link_not_resolved,Canonical page A00262 儼 did not yield a linked detail page displaying A00262-008-2.,
A00262-012-1,󰓳,A00262,儼,variant_link_not_resolved,Canonical page A00262 儼 did not yield a linked detail page displaying A00262-012-1.,
A00263-001,󰓹,A00263,兀,canonical_group_error,A00263 兀: LookupError: A00263: search for canonical glyph '兀' returned no detail IDs.,
A00263-002,㐳,A00263,兀,canonical_group_error,A00263 兀: LookupError: A00263: search for canonical glyph '兀' returned no detail IDs.,
A00264-005,󰓺,A00264,元,canonical_group_error,A00264 元: LookupError: A00264: search for canonical glyph '元' returned no detail IDs.,
A00265-001,㽙,A00265,允,canonical_group_error,A00265 允: LookupError: A00265: search for canonical glyph '允' returned no detail IDs.,
A00265-002,󰓻,A00265,允,canonical_group_error,A00265 允: LookupError: A00265: search for canonical glyph '允' returned no detail IDs.,
A00265-003,󰓼,A00265,允,canonical_group_error,A00265 允: LookupError: A00265: search for canonical glyph '允' returned no detail IDs.,
A00266-001,𠘺,A00266,充,canonical_group_error,A00266 充: LookupError: A00266: search for canonical glyph '充' returned no detail IDs.,
A00266-002,𠑽,A00266,充,canonical_group_error,A00266 充: LookupError: A00266: search for canonical glyph '充' returned no detail IDs.,
A00266-003,󰓽,A00266,充,canonical_group_error,A00266 充: LookupError: A00266: search for canonical glyph '充' returned no detail IDs.,
A00266-004,󰓾,A00266,充,canonical_group_error,A00266 充: LookupError: A00266: search for canonical glyph '充' returned no detail IDs.,
A00266-005,󰓿,A00266,充,canonical_group_error,A00266 充: LookupError: A00266: search for canonical glyph '充' returned no detail IDs.,
A00266-006,󰔀,A00266,充,canonical_group_error,A00266 充: LookupError: A00266: search for canonical glyph '充' returned no detail IDs.,
A00267-001,󰔁,A00267,兄,canonical_group_error,A00267 兄: LookupError: A00267: search for canonical glyph '兄' returned no detail IDs.,
A00267-002,󰔂,A00267,兄,canonical_group_error,A00267 兄: LookupError: A00267: search for canonical glyph '兄' returned no detail IDs.,
A00267-003,󰔃,A00267,兄,canonical_group_error,A00267 兄: LookupError: A00267: search for canonical glyph '兄' returned no detail IDs.,
A00267-004,󰔄,A00267,兄,canonical_group_error,A00267 兄: LookupError: A00267: search for canonical glyph '兄' returned no detail IDs.,
A00267-005,󰔅,A00267,兄,canonical_group_error,A00267 兄: LookupError: A00267: search for canonical glyph '兄' returned no detail IDs.,
A00268-001,𠈑,A00268,光,canonical_group_error,A00268 光: LookupError: A00268: search for canonical glyph '光' returned no detail IDs.,
A00268-002,㫕,A00268,光,canonical_group_error,A00268 光: LookupError: A00268: search for canonical glyph '光' returned no detail IDs.,
A00268-003,灮,A00268,光,canonical_group_error,A00268 光: LookupError: A00268: search for canonical glyph '光' returned no detail IDs.,
A00268-004,炗,A00268,光,canonical_group_error,A00268 光: LookupError: A00268: search for canonical glyph '光' returned no detail IDs.,
A00268-005,𤉭,A00268,光,canonical_group_error,A00268 光: LookupError: A00268: search for canonical glyph '光' returned no detail IDs.,
A00268-006,𤎫,A00268,光,canonical_group_error,A00268 光: LookupError: A00268: search for canonical glyph '光' returned no detail IDs.,
A00268-007,𤑋,A00268,光,canonical_group_error,A00268 光: LookupError: A00268: search for canonical glyph '光' returned no detail IDs.,
A00268-008,󰔆,A00268,光,canonical_group_error,A00268 光: LookupError: A00268: search for canonical glyph '光' returned no detail IDs.,
A00268-009,󰔇,A00268,光,canonical_group_error,A00268 光: LookupError: A00268: search for canonical glyph '光' returned no detail IDs.,
A00268-010,󰔈,A00268,光,canonical_group_error,A00268 光: LookupError: A00268: search for canonical glyph '光' returned no detail IDs.,
A00268-011,󰔉,A00268,光,canonical_group_error,A00268 光: LookupError: A00268: search for canonical glyph '光' returned no detail IDs.,
A00268-012,烡,A00268,光,canonical_group_error,A00268 光: LookupError: A00268: search for canonical glyph '光' returned no detail IDs.,
A00268-013,茪,A00268,光,canonical_group_error,A00268 光: LookupError: A00268: search for canonical glyph '光' returned no detail IDs.,
A00268-015,󰔊,A00268,光,canonical_group_error,A00268 光: LookupError: A00268: search for canonical glyph '光' returned no detail IDs.,
A00268-018,炚,A00268,光,canonical_group_error,A00268 光: LookupError: A00268: search for canonical glyph '光' returned no detail IDs.,
A00268-019,炛,A00268,光,canonical_group_error,A00268 光: LookupError: A00268: search for canonical glyph '光' returned no detail IDs.,
A00268-021-1,󰔋,A00268,光,canonical_group_error,A00268 光: LookupError: A00268: search for canonical glyph '光' returned no detail IDs.,
A00268-021-2,󰔌,A00268,光,canonical_group_error,A00268 光: LookupError: A00268: search for canonical glyph '光' returned no detail IDs.,
A00268-021-3,󰔍,A00268,光,canonical_group_error,A00268 光: LookupError: A00268: search for canonical glyph '光' returned no detail IDs.,
A00268-022,󰔎,A00268,光,canonical_group_error,A00268 光: LookupError: A00268: search for canonical glyph '光' returned no detail IDs.,
A00269-001,󰔏,A00269,兇,canonical_group_error,A00269 兇: LookupError: A00269: search for canonical glyph '兇' returned no detail IDs.,
A00269-002,󰔐,A00269,兇,canonical_group_error,A00269 兇: LookupError: A00269: search for canonical glyph '兇' returned no detail IDs.,
A00269-003,󰔑,A00269,兇,canonical_group_error,A00269 兇: LookupError: A00269: search for canonical glyph '兇' returned no detail IDs.,
A00269-004,恟,A00269,兇,canonical_group_error,A00269 兇: LookupError: A00269: search for canonical glyph '兇' returned no detail IDs.,
A00269-005,忷,A00269,兇,canonical_group_error,A00269 兇: LookupError: A00269: search for canonical glyph '兇' returned no detail IDs.,
A00269-006,󰔒,A00269,兇,canonical_group_error,A00269 兇: LookupError: A00269: search for canonical glyph '兇' returned no detail IDs.,
A00269-007,𧦙,A00269,兇,canonical_group_error,A00269 兇: LookupError: A00269: search for canonical glyph '兇' returned no detail IDs.,
A00269-009,󰔓,A00269,兇,canonical_group_error,A00269 兇: LookupError: A00269: search for canonical glyph '兇' returned no detail IDs.,
A00270-001,𠧞,A00270,兆,canonical_group_error,A00270 兆: LookupError: A00270: search for canonical glyph '兆' returned no detail IDs.,
A00270-003,𡊥,A00270,兆,canonical_group_error,A00270 兆: LookupError: A00270: search for canonical glyph '兆' returned no detail IDs.,
A00270-004,󰔔,A00270,兆,canonical_group_error,A00270 兆: LookupError: A00270: search for canonical glyph '兆' returned no detail IDs.,
A00270-005,󰔕,A00270,兆,canonical_group_error,A00270 兆: LookupError: A00270: search for canonical glyph '兆' returned no detail IDs.,
A00270-006,󰔖,A00270,兆,canonical_group_error,A00270 兆: LookupError: A00270: search for canonical glyph '兆' returned no detail IDs.,
A00270-007,󰔗,A00270,兆,canonical_group_error,A00270 兆: LookupError: A00270: search for canonical glyph '兆' returned no detail IDs.,
A00270-008,𡉵,A00270,兆,canonical_group_error,A00270 兆: LookupError: A00270: search for canonical glyph '兆' returned no detail IDs.,
A00270-009,󰔘,A00270,兆,canonical_group_error,A00270 兆: LookupError: A00270: search for canonical glyph '兆' returned no detail IDs.,
A00270-010,󰔙,A00270,兆,canonical_group_error,A00270 兆: LookupError: A00270: search for canonical glyph '兆' returned no detail IDs.,
A00270-011,󰔚,A00270,兆,canonical_group_error,A00270 兆: LookupError: A00270: search for canonical glyph '兆' returned no detail IDs.,
A00270-012,宨,A00270,兆,canonical_group_error,A00270 兆: LookupError: A00270: search for canonical glyph '兆' returned no detail IDs.,
A00270-013,󰔛,A00270,兆,canonical_group_error,A00270 兆: LookupError: A00270: search for canonical glyph '兆' returned no detail IDs.,
A00270-014,󰔜,A00270,兆,canonical_group_error,A00270 兆: LookupError: A00270: search for canonical glyph '兆' returned no detail IDs.,
A00270-015,󰔝,A00270,兆,canonical_group_error,A00270 兆: LookupError: A00270: search for canonical glyph '兆' returned no detail IDs.,
A00270-016,󰔞,A00270,兆,canonical_group_error,A00270 兆: LookupError: A00270: search for canonical glyph '兆' returned no detail IDs.,
A00270-017,󰔟,A00270,兆,canonical_group_error,A00270 兆: LookupError: A00270: search for canonical glyph '兆' returned no detail IDs.,
A00270-019,󰔠,A00270,兆,canonical_group_error,A00270 兆: LookupError: A00270: search for canonical glyph '兆' returned no detail IDs.,
A00270-020,󰔡,A00270,兆,canonical_group_error,A00270 兆: LookupError: A00270: search for canonical glyph '兆' returned no detail IDs.,
A00270-021,󰔢,A00270,兆,canonical_group_error,A00270 兆: LookupError: A00270: search for canonical glyph '兆' returned no detail IDs.,
A00270-023,󰔣,A00270,兆,canonical_group_error,A00270 兆: LookupError: A00270: search for canonical glyph '兆' returned no detail IDs.,
A00270-024,󰔤,A00270,兆,canonical_group_error,A00270 兆: LookupError: A00270: search for canonical glyph '兆' returned no detail IDs.,
A00270-026,󰔥,A00270,兆,canonical_group_error,A00270 兆: LookupError: A00270: search for canonical glyph '兆' returned no detail IDs.,
A00270-027,󰔦,A00270,兆,canonical_group_error,A00270 兆: LookupError: A00270: search for canonical glyph '兆' returned no detail IDs.,
A00270-028,󰔧,A00270,兆,canonical_group_error,A00270 兆: LookupError: A00270: search for canonical glyph '兆' returned no detail IDs.,
A00270-029,󰥎,A00270,兆,canonical_group_error,A00270 兆: LookupError: A00270: search for canonical glyph '兆' returned no detail IDs.,
A00270-030,󰔨,A00270,兆,canonical_group_error,A00270 兆: LookupError: A00270: search for canonical glyph '兆' returned no detail IDs.,
A00270-031,,A00270,兆,canonical_group_error,A00270 兆: LookupError: A00270: search for canonical glyph '兆' returned no detail IDs.,
A00271-001,󰔩,A00271,先,canonical_group_error,A00271 先: LookupError: A00271: search for canonical glyph '先' returned no detail IDs.,
A00271-002,󰔪,A00271,先,canonical_group_error,A00271 先: LookupError: A00271: search for canonical glyph '先' returned no detail IDs.,
A00272-001,兊,A00272,兌,canonical_group_error,A00272 兌: LookupError: A00272: search for canonical glyph '兌' returned no detail IDs.,
A00272-002,兑,A00272,兌,canonical_group_error,A00272 兌: LookupError: A00272: search for canonical glyph '兌' returned no detail IDs.,
A00272-003,𠫞,A00272,兌,canonical_group_error,A00272 兌: LookupError: A00272: search for canonical glyph '兌' returned no detail IDs.,
A00272-004,󰔫,A00272,兌,canonical_group_error,A00272 兌: LookupError: A00272: search for canonical glyph '兌' returned no detail IDs.,
A00272-006,󰔬,A00272,兌,canonical_group_error,A00272 兌: LookupError: A00272: search for canonical glyph '兌' returned no detail IDs.,
A00272-008,󰔭,A00272,兌,canonical_group_error,A00272 兌: LookupError: A00272: search for canonical glyph '兌' returned no detail IDs.,
A00273-001,𠅏,A00273,克,canonical_group_error,A00273 克: LookupError: A00273: search for canonical glyph '克' returned no detail IDs.,
A00273-002,𠅔,A00273,克,canonical_group_error,A00273 克: LookupError: A00273: search for canonical glyph '克' returned no detail IDs.,
A00273-003,𠅡,A00273,克,canonical_group_error,A00273 克: LookupError: A00273: search for canonical glyph '克' returned no detail IDs.,
A00273-004,𠧳,A00273,克,canonical_group_error,A00273 克: LookupError: A00273: search for canonical glyph '克' returned no detail IDs.,
A00273-005,𠧹,A00273,克,canonical_group_error,A00273 克: LookupError: A00273: search for canonical glyph '克' returned no detail IDs.,
A00273-006,𠧻,A00273,克,canonical_group_error,A00273 克: LookupError: A00273: search for canonical glyph '克' returned no detail IDs.,
A00273-007,𡱀,A00273,克,canonical_group_error,A00273 克: LookupError: A00273: search for canonical glyph '克' returned no detail IDs.,
A00273-008,𡱠,A00273,克,canonical_group_error,A00273 克: LookupError: A00273: search for canonical glyph '克' returned no detail IDs.,
A00273-009,𣳂,A00273,克,canonical_group_error,A00273 克: LookupError: A00273: search for canonical glyph '克' returned no detail IDs.,
A00273-010,󰔮,A00273,克,canonical_group_error,A00273 克: LookupError: A00273: search for canonical glyph '克' returned no detail IDs.,
A00273-011,󰔯,A00273,克,canonical_group_error,A00273 克: LookupError: A00273: search for canonical glyph '克' returned no detail IDs.,
A00273-012,󰔰,A00273,克,canonical_group_error,A00273 克: LookupError: A00273: search for canonical glyph '克' returned no detail IDs.,
A00273-013,󰔱,A00273,克,canonical_group_error,A00273 克: LookupError: A00273: search for canonical glyph '克' returned no detail IDs.,
A00273-014,󰔲,A00273,克,canonical_group_error,A00273 克: LookupError: A00273: search for canonical glyph '克' returned no detail IDs.,
A00273-015,𠑽,A00273,克,canonical_group_error,A00273 克: LookupError: A00273: search for canonical glyph '克' returned no detail IDs.,
A00273-015-1,剋,A00273,克,canonical_group_error,A00273 克: LookupError: A00273: search for canonical glyph '克' returned no detail IDs.,
A00273-015-2,󰔳,A00273,克,canonical_group_error,A00273 克: LookupError: A00273: search for canonical glyph '克' returned no detail IDs.,
A00273-016,󰔴,A00273,克,canonical_group_error,A00273 克: LookupError: A00273: search for canonical glyph '克' returned no detail IDs.,
A00273-017,󰔵,A00273,克,canonical_group_error,A00273 克: LookupError: A00273: search for canonical glyph '克' returned no detail IDs.,
A00273-018,󰔶,A00273,克,canonical_group_error,A00273 克: LookupError: A00273: search for canonical glyph '克' returned no detail IDs.,
A00273-019,󰔷,A00273,克,canonical_group_error,A00273 克: LookupError: A00273: search for canonical glyph '克' returned no detail IDs.,
A00273-019-1,󰔸,A00273,克,canonical_group_error,A00273 克: LookupError: A00273: search for canonical glyph '克' returned no detail IDs.,
A00273-019-2,󰔹,A00273,克,canonical_group_error,A00273 克: LookupError: A00273: search for canonical glyph '克' returned no detail IDs.,
A00273-019-3,󰔺,A00273,克,canonical_group_error,A00273 克: LookupError: A00273: search for canonical glyph '克' returned no detail IDs.,
A00273-019-4,󰔻,A00273,克,canonical_group_error,A00273 克: LookupError: A00273: search for canonical glyph '克' returned no detail IDs.,
A00273-019-5,󰔼,A00273,克,canonical_group_error,A00273 克: LookupError: A00273: search for canonical glyph '克' returned no detail IDs.,
A00273-019-6,󰔽,A00273,克,canonical_group_error,A00273 克: LookupError: A00273: search for canonical glyph '克' returned no detail IDs.,
A00273-019-7,󰔾,A00273,克,canonical_group_error,A00273 克: LookupError: A00273: search for canonical glyph '克' returned no detail IDs.,
A00273-019-8,󰔿,A00273,克,canonical_group_error,A00273 克: LookupError: A00273: search for canonical glyph '克' returned no detail IDs.,
A00273-020,󰕀,A00273,克,canonical_group_error,A00273 克: LookupError: A00273: search for canonical glyph '克' returned no detail IDs.,
A00274-022-1,󰇺,A00274,兕,variant_link_not_resolved,Canonical page A00274 兕 did not yield a linked detail page displaying A00274-022-1.,
A00274-022-2,󰕋,A00274,兕,variant_link_not_resolved,Canonical page A00274 兕 did not yield a linked detail page displaying A00274-022-2.,
A00274-022-3,󰕌,A00274,兕,variant_link_not_resolved,Canonical page A00274 兕 did not yield a linked detail page displaying A00274-022-3.,
A00274-023,󰕍,A00274,兕,variant_link_not_resolved,Canonical page A00274 兕 did not yield a linked detail page displaying A00274-023.,
A00275-001,免,A00275,免,canonical_group_error,A00275 免: LookupError: A00275: search for canonical glyph '免' returned no detail IDs.,
A00275-002,󰕏,A00275,免,canonical_group_error,A00275 免: LookupError: A00275: search for canonical glyph '免' returned no detail IDs.,
A00275-003,󰕐,A00275,免,canonical_group_error,A00275 免: LookupError: A00275: search for canonical glyph '免' returned no detail IDs.,
A00275-004,󰕑,A00275,免,canonical_group_error,A00275 免: LookupError: A00275: search for canonical glyph '免' returned no detail IDs.,
A00275-005,兑,A00275,免,canonical_group_error,A00275 免: LookupError: A00275: search for canonical glyph '免' returned no detail IDs.,
A00275-006-1,󰕒,A00275,免,canonical_group_error,A00275 免: LookupError: A00275: search for canonical glyph '免' returned no detail IDs.,
A00275-007,󰕓,A00275,免,canonical_group_error,A00275 免: LookupError: A00275: search for canonical glyph '免' returned no detail IDs.,
A00275-009,󰕔,A00275,免,canonical_group_error,A00275 免: LookupError: A00275: search for canonical glyph '免' returned no detail IDs.,
A00276-001,兎,A00276,兔,canonical_group_error,A00276 兔: LookupError: A00276: search for canonical glyph '兔' returned no detail IDs.,
A00276-002,兔,A00276,兔,canonical_group_error,A00276 兔: LookupError: A00276: search for canonical glyph '兔' returned no detail IDs.,
A00276-003,󰕕,A00276,兔,canonical_group_error,A00276 兔: LookupError: A00276: search for canonical glyph '兔' returned no detail IDs.,
A00276-004,󰕖,A00276,兔,canonical_group_error,A00276 兔: LookupError: A00276: search for canonical glyph '兔' returned no detail IDs.,
A00276-005,菟,A00276,兔,canonical_group_error,A00276 兔: LookupError: A00276: search for canonical glyph '兔' returned no detail IDs.,
A00276-006,󰕗,A00276,兔,canonical_group_error,A00276 兔: LookupError: A00276: search for canonical glyph '兔' returned no detail IDs.,
A00276-007,󰕘,A00276,兔,canonical_group_error,A00276 兔: LookupError: A00276: search for canonical glyph '兔' returned no detail IDs.,
A00276-008,󰕙,A00276,兔,canonical_group_error,A00276 兔: LookupError: A00276: search for canonical glyph '兔' returned no detail IDs.,
A00276-009,󰕚,A00276,兔,canonical_group_error,A00276 兔: LookupError: A00276: search for canonical glyph '兔' returned no detail IDs.,
A00276-016,󰕟,A00276,兔,canonical_group_error,A00276 兔: LookupError: A00276: search for canonical glyph '兔' returned no detail IDs.,
A00276-017,󰕠,A00276,兔,canonical_group_error,A00276 兔: LookupError: A00276: search for canonical glyph '兔' returned no detail IDs.,
A00276-018,󰕐,A00276,兔,canonical_group_error,A00276 兔: LookupError: A00276: search for canonical glyph '兔' returned no detail IDs.,
A00276-020,󰕡,A00276,兔,canonical_group_error,A00276 兔: LookupError: A00276: search for canonical glyph '兔' returned no detail IDs.,
A00277-002,𠒆,A00277,兒,canonical_group_error,A00277 兒: LookupError: A00277: search for canonical glyph '兒' returned no detail IDs.,
A00277-003,𧠇,A00277,兒,canonical_group_error,A00277 兒: LookupError: A00277: search for canonical glyph '兒' returned no detail IDs.,
A00277-004,󰕢,A00277,兒,canonical_group_error,A00277 兒: LookupError: A00277: search for canonical glyph '兒' returned no detail IDs.,
A00277-005,󰕣,A00277,兒,canonical_group_error,A00277 兒: LookupError: A00277: search for canonical glyph '兒' returned no detail IDs.,
A00277-006,󰕤,A00277,兒,canonical_group_error,A00277 兒: LookupError: A00277: search for canonical glyph '兒' returned no detail IDs.,
A00277-007,󰕥,A00277,兒,canonical_group_error,A00277 兒: LookupError: A00277: search for canonical glyph '兒' returned no detail IDs.,
A00277-008,󰕦,A00277,兒,canonical_group_error,A00277 兒: LookupError: A00277: search for canonical glyph '兒' returned no detail IDs.,
A00277-009,儿,A00277,兒,canonical_group_error,A00277 兒: LookupError: A00277: search for canonical glyph '兒' returned no detail IDs.,
A00277-010,皃,A00277,兒,canonical_group_error,A00277 兒: LookupError: A00277: search for canonical glyph '兒' returned no detail IDs.,
A00277-011,󰕧,A00277,兒,canonical_group_error,A00277 兒: LookupError: A00277: search for canonical glyph '兒' returned no detail IDs.,
A00277-012,󰕨,A00277,兒,canonical_group_error,A00277 兒: LookupError: A00277: search for canonical glyph '兒' returned no detail IDs.,
A00277-014,󰕩,A00277,兒,canonical_group_error,A00277 兒: LookupError: A00277: search for canonical glyph '兒' returned no detail IDs.,
A00277-017,󰕪,A00277,兒,canonical_group_error,A00277 兒: LookupError: A00277: search for canonical glyph '兒' returned no detail IDs.,
A00277-019,󰕫,A00277,兒,canonical_group_error,A00277 兒: LookupError: A00277: search for canonical glyph '兒' returned no detail IDs.,
A00277-020,󰕬,A00277,兒,canonical_group_error,A00277 兒: LookupError: A00277: search for canonical glyph '兒' returned no detail IDs.,
A00277-020-1,,A00277,兒,canonical_group_error,A00277 兒: LookupError: A00277: search for canonical glyph '兒' returned no detail IDs.,
A00277-020-2,󰕭,A00277,兒,canonical_group_error,A00277 兒: LookupError: A00277: search for canonical glyph '兒' returned no detail IDs.,
A00277-021,󰕮,A00277,兒,canonical_group_error,A00277 兒: LookupError: A00277: search for canonical glyph '兒' returned no detail IDs.,
A00279-001,兠,A00279,兜,canonical_group_error,A00279 兜: LookupError: A00279: search for canonical glyph '兜' returned no detail IDs.,
A00279-002,㿡,A00279,兜,canonical_group_error,A00279 兜: LookupError: A00279: search for canonical glyph '兜' returned no detail IDs.,
A00279-003,𦋌,A00279,兜,canonical_group_error,A00279 兜: LookupError: A00279: search for canonical glyph '兜' returned no detail IDs.,
A00279-004,󰕾,A00279,兜,canonical_group_error,A00279 兜: LookupError: A00279: search for canonical glyph '兜' returned no detail IDs.,
A00279-005,󰕿,A00279,兜,canonical_group_error,A00279 兜: LookupError: A00279: search for canonical glyph '兜' returned no detail IDs.,
A00279-006,󰖀,A00279,兜,canonical_group_error,A00279 兜: LookupError: A00279: search for canonical glyph '兜' returned no detail IDs.,
A00279-007,󰖁,A00279,兜,canonical_group_error,A00279 兜: LookupError: A00279: search for canonical glyph '兜' returned no detail IDs.,
A00279-008,󰖂,A00279,兜,canonical_group_error,A00279 兜: LookupError: A00279: search for canonical glyph '兜' returned no detail IDs.,
A00279-009,󰖃,A00279,兜,canonical_group_error,A00279 兜: LookupError: A00279: search for canonical glyph '兜' returned no detail IDs.,
A00279-010,󰖄,A00279,兜,canonical_group_error,A00279 兜: LookupError: A00279: search for canonical glyph '兜' returned no detail IDs.,
A00279-011,󰖅,A00279,兜,canonical_group_error,A00279 兜: LookupError: A00279: search for canonical glyph '兜' returned no detail IDs.,
A00279-013,󰖆,A00279,兜,canonical_group_error,A00279 兜: LookupError: A00279: search for canonical glyph '兜' returned no detail IDs.,
A00279-014,󰖇,A00279,兜,canonical_group_error,A00279 兜: LookupError: A00279: search for canonical glyph '兜' returned no detail IDs.,
A00279-015,󰖈,A00279,兜,canonical_group_error,A00279 兜: LookupError: A00279: search for canonical glyph '兜' returned no detail IDs.,
A00279-016,󰖉,A00279,兜,canonical_group_error,A00279 兜: LookupError: A00279: search for canonical glyph '兜' returned no detail IDs.,
A00279-017,󰖊,A00279,兜,canonical_group_error,A00279 兜: LookupError: A00279: search for canonical glyph '兜' returned no detail IDs.,
A00279-018,󰖋,A00279,兜,canonical_group_error,A00279 兜: LookupError: A00279: search for canonical glyph '兜' returned no detail IDs.,
A00279-019,󰖌,A00279,兜,canonical_group_error,A00279 兜: LookupError: A00279: search for canonical glyph '兜' returned no detail IDs.,
A00279-020,󰖍,A00279,兜,canonical_group_error,A00279 兜: LookupError: A00279: search for canonical glyph '兜' returned no detail IDs.,
A00279-022,󰖎,A00279,兜,canonical_group_error,A00279 兜: LookupError: A00279: search for canonical glyph '兜' returned no detail IDs.,
A00279-025,󰖏,A00279,兜,canonical_group_error,A00279 兜: LookupError: A00279: search for canonical glyph '兜' returned no detail IDs.,
A00279-026,󰖐,A00279,兜,canonical_group_error,A00279 兜: LookupError: A00279: search for canonical glyph '兜' returned no detail IDs.,
A00279-027,󰖑,A00279,兜,canonical_group_error,A00279 兜: LookupError: A00279: search for canonical glyph '兜' returned no detail IDs.,
A00279-028,󰖒,A00279,兜,canonical_group_error,A00279 兜: LookupError: A00279: search for canonical glyph '兜' returned no detail IDs.,
A00279-029,󰖓,A00279,兜,canonical_group_error,A00279 兜: LookupError: A00279: search for canonical glyph '兜' returned no detail IDs.,
A00279-030,󰖔,A00279,兜,canonical_group_error,A00279 兜: LookupError: A00279: search for canonical glyph '兜' returned no detail IDs.,
A00279-031,󰖕,A00279,兜,canonical_group_error,A00279 兜: LookupError: A00279: search for canonical glyph '兜' returned no detail IDs.,
A00280-001-1,𠓆,A00280,兢,canonical_group_error,A00280 兢: LookupError: A00280: search for canonical glyph '兢' returned no detail IDs.,
A00280-002,󰖖,A00280,兢,canonical_group_error,A00280 兢: LookupError: A00280: search for canonical glyph '兢' returned no detail IDs.,
A00280-003,󰖗,A00280,兢,canonical_group_error,A00280 兢: LookupError: A00280: search for canonical glyph '兢' returned no detail IDs.,
A00280-007,󰖘,A00280,兢,canonical_group_error,A00280 兢: LookupError: A00280: search for canonical glyph '兢' returned no detail IDs.,
A00280-007-1,󰖙,A00280,兢,canonical_group_error,A00280 兢: LookupError: A00280: search for canonical glyph '兢' returned no detail IDs.,
A00280-007-2,󰖚,A00280,兢,canonical_group_error,A00280 兢: LookupError: A00280: search for canonical glyph '兢' returned no detail IDs.,
A00280-007-3,󰖛,A00280,兢,canonical_group_error,A00280 兢: LookupError: A00280: search for canonical glyph '兢' returned no detail IDs.,
A00280-008,󰖜,A00280,兢,canonical_group_error,A00280 兢: LookupError: A00280: search for canonical glyph '兢' returned no detail IDs.,
A00282-001,内,A00282,內,canonical_group_error,A00282 內: LookupError: A00282: search for canonical glyph '內' returned no detail IDs.,
A00282-002,內,A00282,內,canonical_group_error,A00282 內: LookupError: A00282: search for canonical glyph '內' returned no detail IDs.,
A00282-003,𡗠,A00282,內,canonical_group_error,A00282 內: LookupError: A00282: search for canonical glyph '內' returned no detail IDs.,
A00282-004,󰖝,A00282,內,canonical_group_error,A00282 內: LookupError: A00282: search for canonical glyph '內' returned no detail IDs.,
A00282-005,󰖞,A00282,內,canonical_group_error,A00282 內: LookupError: A00282: search for canonical glyph '內' returned no detail IDs.,
A00282-007,󰖟,A00282,內,canonical_group_error,A00282 內: LookupError: A00282: search for canonical glyph '內' returned no detail IDs.,
A00283-001,㒰,A00283,全,canonical_group_error,A00283 全: LookupError: A00283: search for canonical glyph '全' returned no detail IDs.,
A00283-002,𠓳,A00283,全,canonical_group_error,A00283 全: LookupError: A00283: search for canonical glyph '全' returned no detail IDs.,
A00283-003,𠓴,A00283,全,canonical_group_error,A00283 全: LookupError: A00283: search for canonical glyph '全' returned no detail IDs.,
A00283-004-1,󰖠,A00283,全,canonical_group_error,A00283 全: LookupError: A00283: search for canonical glyph '全' returned no detail IDs.,
A00283-005,󰖡,A00283,全,canonical_group_error,A00283 全: LookupError: A00283: search for canonical glyph '全' returned no detail IDs.,
A00283-006,󰖢,A00283,全,canonical_group_error,A00283 全: LookupError: A00283: search for canonical glyph '全' returned no detail IDs.,
A00283-007,󰖣,A00283,全,canonical_group_error,A00283 全: LookupError: A00283: search for canonical glyph '全' returned no detail IDs.,
A00283-008,󰖤,A00283,全,canonical_group_error,A00283 全: LookupError: A00283: search for canonical glyph '全' returned no detail IDs.,
A00283-009,󰖥,A00283,全,canonical_group_error,A00283 全: LookupError: A00283: search for canonical glyph '全' returned no detail IDs.,
A00283-010,󰖦,A00283,全,canonical_group_error,A00283 全: LookupError: A00283: search for canonical glyph '全' returned no detail IDs.,
A00283-011,󰖧,A00283,全,canonical_group_error,A00283 全: LookupError: A00283: search for canonical glyph '全' returned no detail IDs.,
A00283-013-1,仝,A00283,全,canonical_group_error,A00283 全: LookupError: A00283: search for canonical glyph '全' returned no detail IDs.,
A00283-014,󰖨,A00283,全,canonical_group_error,A00283 全: LookupError: A00283: search for canonical glyph '全' returned no detail IDs.,
A00284-001,両,A00284,兩,canonical_group_error,A00284 兩: LookupError: A00284: search for canonical glyph '兩' returned no detail IDs.,
A00284-002,两,A00284,兩,canonical_group_error,A00284 兩: LookupError: A00284: search for canonical glyph '兩' returned no detail IDs.,
A00284-003,㒳,A00284,兩,canonical_group_error,A00284 兩: LookupError: A00284: search for canonical glyph '兩' returned no detail IDs.,
A00284-004,󰖩,A00284,兩,canonical_group_error,A00284 兩: LookupError: A00284: search for canonical glyph '兩' returned no detail IDs.,
A00284-005,󰖪,A00284,兩,canonical_group_error,A00284 兩: LookupError: A00284: search for canonical glyph '兩' returned no detail IDs.,
A00284-006,󰖫,A00284,兩,canonical_group_error,A00284 兩: LookupError: A00284: search for canonical glyph '兩' returned no detail IDs.,
A00284-007,󰖬,A00284,兩,canonical_group_error,A00284 兩: LookupError: A00284: search for canonical glyph '兩' returned no detail IDs.,
A00284-008,刃,A00284,兩,canonical_group_error,A00284 兩: LookupError: A00284: search for canonical glyph '兩' returned no detail IDs.,
A00284-009,󰖭,A00284,兩,canonical_group_error,A00284 兩: LookupError: A00284: search for canonical glyph '兩' returned no detail IDs.,
A00284-010,󰊬,A00284,兩,canonical_group_error,A00284 兩: LookupError: A00284: search for canonical glyph '兩' returned no detail IDs.,
A00284-011,󰖮,A00284,兩,canonical_group_error,A00284 兩: LookupError: A00284: search for canonical glyph '兩' returned no detail IDs.,
A00284-012,刄,A00284,兩,canonical_group_error,A00284 兩: LookupError: A00284: search for canonical glyph '兩' returned no detail IDs.,
A00284-013,󰖯,A00284,兩,canonical_group_error,A00284 兩: LookupError: A00284: search for canonical glyph '兩' returned no detail IDs.,
A00284-016,󰖰,A00284,兩,canonical_group_error,A00284 兩: LookupError: A00284: search for canonical glyph '兩' returned no detail IDs.,
A00284-018,󰖱,A00284,兩,canonical_group_error,A00284 兩: LookupError: A00284: search for canonical glyph '兩' returned no detail IDs.,
A00284-019,󳢅,A00284,兩,canonical_group_error,A00284 兩: LookupError: A00284: search for canonical glyph '兩' returned no detail IDs.,
A00284-020,󰖳,A00284,兩,canonical_group_error,A00284 兩: LookupError: A00284: search for canonical glyph '兩' returned no detail IDs.,
A00284-021,󰖴,A00284,兩,canonical_group_error,A00284 兩: LookupError: A00284: search for canonical glyph '兩' returned no detail IDs.,
A00284-022,󰖵,A00284,兩,canonical_group_error,A00284 兩: LookupError: A00284: search for canonical glyph '兩' returned no detail IDs.,
A00285-001,,A00285,八,canonical_group_error,A00285 八: LookupError: A00285: search for canonical glyph '八' returned no detail IDs.,
A00285-002,󰖶,A00285,八,canonical_group_error,A00285 八: LookupError: A00285: search for canonical glyph '八' returned no detail IDs.,
A00286-001,𠫪,A00286,六,canonical_group_error,A00286 六: LookupError: A00286: search for canonical glyph '六' returned no detail IDs.,
A00286-002,󰖷,A00286,六,canonical_group_error,A00286 六: LookupError: A00286: search for canonical glyph '六' returned no detail IDs.,
A00286-003,陸,A00286,六,canonical_group_error,A00286 六: LookupError: A00286: search for canonical glyph '六' returned no detail IDs.,
A00286-004,󰖸,A00286,六,canonical_group_error,A00286 六: LookupError: A00286: search for canonical glyph '六' returned no detail IDs.,
A00287-001,𠔃,A00287,兮,canonical_group_error,A00287 兮: LookupError: A00287: search for canonical glyph '兮' returned no detail IDs.,
A00287-002,󰖹,A00287,兮,canonical_group_error,A00287 兮: LookupError: A00287: search for canonical glyph '兮' returned no detail IDs.,
A00287-003,󰖺,A00287,兮,canonical_group_error,A00287 兮: LookupError: A00287: search for canonical glyph '兮' returned no detail IDs.,
A00287-005,󰖻,A00287,兮,canonical_group_error,A00287 兮: LookupError: A00287: search for canonical glyph '兮' returned no detail IDs.,
A00287-006,󰖼,A00287,兮,canonical_group_error,A00287 兮: LookupError: A00287: search for canonical glyph '兮' returned no detail IDs.,
A00287-007,󰖽,A00287,兮,canonical_group_error,A00287 兮: LookupError: A00287: search for canonical glyph '兮' returned no detail IDs.,
A00287-008,󰖾,A00287,兮,canonical_group_error,A00287 兮: LookupError: A00287: search for canonical glyph '兮' returned no detail IDs.,
A00288-001,㒶,A00288,公,canonical_group_error,A00288 公: LookupError: A00288: search for canonical glyph '公' returned no detail IDs.,
A00288-002,㕣,A00288,公,canonical_group_error,A00288 公: LookupError: A00288: search for canonical glyph '公' returned no detail IDs.,
A00288-003,󰖿,A00288,公,canonical_group_error,A00288 公: LookupError: A00288: search for canonical glyph '公' returned no detail IDs.,
A00289-001,𠔏,A00289,共,canonical_group_error,A00289 共: LookupError: A00289: search for canonical glyph '共' returned no detail IDs.,
A00289-002,𦱹,A00289,共,canonical_group_error,A00289 共: LookupError: A00289: search for canonical glyph '共' returned no detail IDs.,
A00289-003,𩇿,A00289,共,canonical_group_error,A00289 共: LookupError: A00289: search for canonical glyph '共' returned no detail IDs.,
A00289-004,󰗀,A00289,共,canonical_group_error,A00289 共: LookupError: A00289: search for canonical glyph '共' returned no detail IDs.,
A00289-005,󰗁,A00289,共,canonical_group_error,A00289 共: LookupError: A00289: search for canonical glyph '共' returned no detail IDs.,
A00289-006,󰗂,A00289,共,canonical_group_error,A00289 共: LookupError: A00289: search for canonical glyph '共' returned no detail IDs.,
A00289-007,󰗃,A00289,共,canonical_group_error,A00289 共: LookupError: A00289: search for canonical glyph '共' returned no detail IDs.,
A00289-008-1,󰗄,A00289,共,canonical_group_error,A00289 共: LookupError: A00289: search for canonical glyph '共' returned no detail IDs.,
A00289-009,󰗅,A00289,共,canonical_group_error,A00289 共: LookupError: A00289: search for canonical glyph '共' returned no detail IDs.,
A00290-001,𠉔,A00290,兵,canonical_group_error,A00290 兵: LookupError: A00290: search for canonical glyph '兵' returned no detail IDs.,
A00290-002,𠈯,A00290,兵,canonical_group_error,A00290 兵: LookupError: A00290: search for canonical glyph '兵' returned no detail IDs.,
A00290-003,𠡿,A00290,兵,canonical_group_error,A00290 兵: LookupError: A00290: search for canonical glyph '兵' returned no detail IDs.,
A00290-004,𠬿,A00290,兵,canonical_group_error,A00290 兵: LookupError: A00290: search for canonical glyph '兵' returned no detail IDs.,
A00290-005,󰗆,A00290,兵,canonical_group_error,A00290 兵: LookupError: A00290: search for canonical glyph '兵' returned no detail IDs.,
A00290-006,𠦛,A00290,兵,canonical_group_error,A00290 兵: LookupError: A00290: search for canonical glyph '兵' returned no detail IDs.,
A00290-007,󰗇,A00290,兵,canonical_group_error,A00290 兵: LookupError: A00290: search for canonical glyph '兵' returned no detail IDs.,
A00290-008,󰗈,A00290,兵,canonical_group_error,A00290 兵: LookupError: A00290: search for canonical glyph '兵' returned no detail IDs.,
A00290-009,󰗉,A00290,兵,canonical_group_error,A00290 兵: LookupError: A00290: search for canonical glyph '兵' returned no detail IDs.,
A00290-010,󰗊,A00290,兵,canonical_group_error,A00290 兵: LookupError: A00290: search for canonical glyph '兵' returned no detail IDs.,
A00290-011,󰗋,A00290,兵,canonical_group_error,A00290 兵: LookupError: A00290: search for canonical glyph '兵' returned no detail IDs.,
A00290-012,󰗌,A00290,兵,canonical_group_error,A00290 兵: LookupError: A00290: search for canonical glyph '兵' returned no detail IDs.,
A00290-013,󰗍,A00290,兵,canonical_group_error,A00290 兵: LookupError: A00290: search for canonical glyph '兵' returned no detail IDs.,
A00290-014,󰊯,A00290,兵,canonical_group_error,A00290 兵: LookupError: A00290: search for canonical glyph '兵' returned no detail IDs.,
A00290-015,󰗏,A00290,兵,canonical_group_error,A00290 兵: LookupError: A00290: search for canonical glyph '兵' returned no detail IDs.,
A00290-016,󰗐,A00290,兵,canonical_group_error,A00290 兵: LookupError: A00290: search for canonical glyph '兵' returned no detail IDs.,
A00290-017,󰗑,A00290,兵,canonical_group_error,A00290 兵: LookupError: A00290: search for canonical glyph '兵' returned no detail IDs.,
A00290-018,󰗒,A00290,兵,canonical_group_error,A00290 兵: LookupError: A00290: search for canonical glyph '兵' returned no detail IDs.,
A00290-018-1,󰗓,A00290,兵,canonical_group_error,A00290 兵: LookupError: A00290: search for canonical glyph '兵' returned no detail IDs.,
A00290-018-2,󰗔,A00290,兵,canonical_group_error,A00290 兵: LookupError: A00290: search for canonical glyph '兵' returned no detail IDs.,
A00291-001,具,A00291,具,canonical_group_error,A00291 具: LookupError: A00291: search for canonical glyph '具' returned no detail IDs.,
A00291-002,𥃲,A00291,具,canonical_group_error,A00291 具: LookupError: A00291: search for canonical glyph '具' returned no detail IDs.,
A00291-003,𥃲,A00291,具,canonical_group_error,A00291 具: LookupError: A00291: search for canonical glyph '具' returned no detail IDs.,
A00291-004,󰗖,A00291,具,canonical_group_error,A00291 具: LookupError: A00291: search for canonical glyph '具' returned no detail IDs.,
A00291-005,󰗗,A00291,具,canonical_group_error,A00291 具: LookupError: A00291: search for canonical glyph '具' returned no detail IDs.,
A00291-005-1,俱,A00291,具,canonical_group_error,A00291 具: LookupError: A00291: search for canonical glyph '具' returned no detail IDs.,
A00291-005-2,倶,A00291,具,canonical_group_error,A00291 具: LookupError: A00291: search for canonical glyph '具' returned no detail IDs.,
A00291-006,󰗘,A00291,具,canonical_group_error,A00291 具: LookupError: A00291: search for canonical glyph '具' returned no detail IDs.,
A00291-007,󰗙,A00291,具,canonical_group_error,A00291 具: LookupError: A00291: search for canonical glyph '具' returned no detail IDs.,
A00292-001,亓,A00292,其,canonical_group_error,A00292 其: LookupError: A00292: search for canonical glyph '其' returned no detail IDs.,
A00292-002,󰗚,A00292,其,canonical_group_error,A00292 其: LookupError: A00292: search for canonical glyph '其' returned no detail IDs.,
A00292-003,丌,A00292,其,canonical_group_error,A00292 其: LookupError: A00292: search for canonical glyph '其' returned no detail IDs.,
A00292-005,亣,A00292,其,canonical_group_error,A00292 其: LookupError: A00292: search for canonical glyph '其' returned no detail IDs.,
A00292-006,󰗛,A00292,其,canonical_group_error,A00292 其: LookupError: A00292: search for canonical glyph '其' returned no detail IDs.,
A00292-007,卞,A00292,其,canonical_group_error,A00292 其: LookupError: A00292: search for canonical glyph '其' returned no detail IDs.,
A00292-008,󰗜,A00292,其,canonical_group_error,A00292 其: LookupError: A00292: search for canonical glyph '其' returned no detail IDs.,
A00292-009,󰗝,A00292,其,canonical_group_error,A00292 其: LookupError: A00292: search for canonical glyph '其' returned no detail IDs.,
A00292-010,󰗞,A00292,其,canonical_group_error,A00292 其: LookupError: A00292: search for canonical glyph '其' returned no detail IDs.,
A00292-011,󰗟,A00292,其,canonical_group_error,A00292 其: LookupError: A00292: search for canonical glyph '其' returned no detail IDs.,
A00292-012,󰗠,A00292,其,canonical_group_error,A00292 其: LookupError: A00292: search for canonical glyph '其' returned no detail IDs.,
A00292-013,󰗡,A00292,其,canonical_group_error,A00292 其: LookupError: A00292: search for canonical glyph '其' returned no detail IDs.,
A00292-014,󰗢,A00292,其,canonical_group_error,A00292 其: LookupError: A00292: search for canonical glyph '其' returned no detail IDs.,
A00292-015,󰗣,A00292,其,canonical_group_error,A00292 其: LookupError: A00292: search for canonical glyph '其' returned no detail IDs.,
A00292-016,󰗤,A00292,其,canonical_group_error,A00292 其: LookupError: A00292: search for canonical glyph '其' returned no detail IDs.,
A00292-017,󰗥,A00292,其,canonical_group_error,A00292 其: LookupError: A00292: search for canonical glyph '其' returned no detail IDs.,
A00292-018,󰗦,A00292,其,canonical_group_error,A00292 其: LookupError: A00292: search for canonical glyph '其' returned no detail IDs.,
A00292-019,󰗧,A00292,其,canonical_group_error,A00292 其: LookupError: A00292: search for canonical glyph '其' returned no detail IDs.,
A00292-020,󰗨,A00292,其,canonical_group_error,A00292 其: LookupError: A00292: search for canonical glyph '其' returned no detail IDs.,
A00292-021,󰗩,A00292,其,canonical_group_error,A00292 其: LookupError: A00292: search for canonical glyph '其' returned no detail IDs.,
A00292-022,󰗪,A00292,其,canonical_group_error,A00292 其: LookupError: A00292: search for canonical glyph '其' returned no detail IDs.,
A00292-023,󰗫,A00292,其,canonical_group_error,A00292 其: LookupError: A00292: search for canonical glyph '其' returned no detail IDs.,
A00292-024,󰗬,A00292,其,canonical_group_error,A00292 其: LookupError: A00292: search for canonical glyph '其' returned no detail IDs.,
A00292-025,󰗭,A00292,其,canonical_group_error,A00292 其: LookupError: A00292: search for canonical glyph '其' returned no detail IDs.,
A00292-026,󰗮,A00292,其,canonical_group_error,A00292 其: LookupError: A00292: search for canonical glyph '其' returned no detail IDs.,
A00293-001,𠔓,A00293,典,canonical_group_error,A00293 典: LookupError: A00293: search for canonical glyph '典' returned no detail IDs.,
A00293-002,𠔩,A00293,典,canonical_group_error,A00293 典: LookupError: A00293: search for canonical glyph '典' returned no detail IDs.,
A00293-003,䓦,A00293,典,canonical_group_error,A00293 典: LookupError: A00293: search for canonical glyph '典' returned no detail IDs.,
A00293-004,󰗯,A00293,典,canonical_group_error,A00293 典: LookupError: A00293: search for canonical glyph '典' returned no detail IDs.,
A00293-005,󰗰,A00293,典,canonical_group_error,A00293 典: LookupError: A00293: search for canonical glyph '典' returned no detail IDs.,
A00293-006,𥮏,A00293,典,canonical_group_error,A00293 典: LookupError: A00293: search for canonical glyph '典' returned no detail IDs.,
A00293-007,󰗱,A00293,典,canonical_group_error,A00293 典: LookupError: A00293: search for canonical glyph '典' returned no detail IDs.,
A00293-008,󰗲,A00293,典,canonical_group_error,A00293 典: LookupError: A00293: search for canonical glyph '典' returned no detail IDs.,
A00293-009,󰗳,A00293,典,canonical_group_error,A00293 典: LookupError: A00293: search for canonical glyph '典' returned no detail IDs.,
A00293-010,󰗴,A00293,典,canonical_group_error,A00293 典: LookupError: A00293: search for canonical glyph '典' returned no detail IDs.,
A00293-011,󰗵,A00293,典,canonical_group_error,A00293 典: LookupError: A00293: search for canonical glyph '典' returned no detail IDs.,
A00293-012,󰗶,A00293,典,canonical_group_error,A00293 典: LookupError: A00293: search for canonical glyph '典' returned no detail IDs.,
A00293-013,󰗷,A00293,典,canonical_group_error,A00293 典: LookupError: A00293: search for canonical glyph '典' returned no detail IDs.,
A00293-014,󰗸,A00293,典,canonical_group_error,A00293 典: LookupError: A00293: search for canonical glyph '典' returned no detail IDs.,
A00293-015,󰗹,A00293,典,canonical_group_error,A00293 典: LookupError: A00293: search for canonical glyph '典' returned no detail IDs.,
A00293-016,󰗺,A00293,典,canonical_group_error,A00293 典: LookupError: A00293: search for canonical glyph '典' returned no detail IDs.,
A00293-017,󰗻,A00293,典,canonical_group_error,A00293 典: LookupError: A00293: search for canonical glyph '典' returned no detail IDs.,
A00293-019,󰗼,A00293,典,canonical_group_error,A00293 典: LookupError: A00293: search for canonical glyph '典' returned no detail IDs.,
A00293-020,󰗽,A00293,典,canonical_group_error,A00293 典: LookupError: A00293: search for canonical glyph '典' returned no detail IDs.,
A00293-021,󰗾,A00293,典,canonical_group_error,A00293 典: LookupError: A00293: search for canonical glyph '典' returned no detail IDs.,
A00293-022,󰗿,A00293,典,canonical_group_error,A00293 典: LookupError: A00293: search for canonical glyph '典' returned no detail IDs.,
A00293-023,󰘀,A00293,典,canonical_group_error,A00293 典: LookupError: A00293: search for canonical glyph '典' returned no detail IDs.,
A00293-025,󰘁,A00293,典,canonical_group_error,A00293 典: LookupError: A00293: search for canonical glyph '典' returned no detail IDs.,
A00293-027,󰘂,A00293,典,canonical_group_error,A00293 典: LookupError: A00293: search for canonical glyph '典' returned no detail IDs.,
A00294-001,𠔥,A00294,兼,canonical_group_error,A00294 兼: LookupError: A00294: search for canonical glyph '兼' returned no detail IDs.,
A00294-002,𠔥,A00294,兼,canonical_group_error,A00294 兼: LookupError: A00294: search for canonical glyph '兼' returned no detail IDs.,
A00294-003,𥡝,A00294,兼,canonical_group_error,A00294 兼: LookupError: A00294: search for canonical glyph '兼' returned no detail IDs.,
A00294-004,󰘃,A00294,兼,canonical_group_error,A00294 兼: LookupError: A00294: search for canonical glyph '兼' returned no detail IDs.,
A00294-005,󰘄,A00294,兼,canonical_group_error,A00294 兼: LookupError: A00294: search for canonical glyph '兼' returned no detail IDs.,
A00294-006,󰘅,A00294,兼,canonical_group_error,A00294 兼: LookupError: A00294: search for canonical glyph '兼' returned no detail IDs.,
A00294-007,󰘆,A00294,兼,canonical_group_error,A00294 兼: LookupError: A00294: search for canonical glyph '兼' returned no detail IDs.,
A00294-008,󰘇,A00294,兼,canonical_group_error,A00294 兼: LookupError: A00294: search for canonical glyph '兼' returned no detail IDs.,
A00294-010,󰘈,A00294,兼,canonical_group_error,A00294 兼: LookupError: A00294: search for canonical glyph '兼' returned no detail IDs.,
A00294-011,󰘉,A00294,兼,canonical_group_error,A00294 兼: LookupError: A00294: search for canonical glyph '兼' returned no detail IDs.,
A00294-012,󰘊,A00294,兼,canonical_group_error,A00294 兼: LookupError: A00294: search for canonical glyph '兼' returned no detail IDs.,
A00294-013,󰘋,A00294,兼,canonical_group_error,A00294 兼: LookupError: A00294: search for canonical glyph '兼' returned no detail IDs.,
A00294-014,󰘌,A00294,兼,canonical_group_error,A00294 兼: LookupError: A00294: search for canonical glyph '兼' returned no detail IDs.,
A00294-015,󰘍,A00294,兼,canonical_group_error,A00294 兼: LookupError: A00294: search for canonical glyph '兼' returned no detail IDs.,
A00294-016,󰘎,A00294,兼,canonical_group_error,A00294 兼: LookupError: A00294: search for canonical glyph '兼' returned no detail IDs.,
A00294-017,󰘏,A00294,兼,canonical_group_error,A00294 兼: LookupError: A00294: search for canonical glyph '兼' returned no detail IDs.,
A00294-018,󰘐,A00294,兼,canonical_group_error,A00294 兼: LookupError: A00294: search for canonical glyph '兼' returned no detail IDs.,
A00294-022,󰘑,A00294,兼,canonical_group_error,A00294 兼: LookupError: A00294: search for canonical glyph '兼' returned no detail IDs.,
A00294-023,󰘒,A00294,兼,canonical_group_error,A00294 兼: LookupError: A00294: search for canonical glyph '兼' returned no detail IDs.,
A00294-024,󰎼,A00294,兼,canonical_group_error,A00294 兼: LookupError: A00294: search for canonical glyph '兼' returned no detail IDs.,
A00294-027-1,󰘔,A00294,兼,canonical_group_error,A00294 兼: LookupError: A00294: search for canonical glyph '兼' returned no detail IDs.,
A00294-027-2,󰘕,A00294,兼,canonical_group_error,A00294 兼: LookupError: A00294: search for canonical glyph '兼' returned no detail IDs.,
A00294-028,󰘖,A00294,兼,canonical_group_error,A00294 兼: LookupError: A00294: search for canonical glyph '兼' returned no detail IDs.,
A00294-029,󰖲,A00294,兼,canonical_group_error,A00294 兼: LookupError: A00294: search for canonical glyph '兼' returned no detail IDs.,
A00294-030,󰘘,A00294,兼,canonical_group_error,A00294 兼: LookupError: A00294: search for canonical glyph '兼' returned no detail IDs.,
A00294-031,󰘙,A00294,兼,canonical_group_error,A00294 兼: LookupError: A00294: search for canonical glyph '兼' returned no detail IDs.,
A00295-001,兾,A00295,冀,canonical_group_error,A00295 冀: LookupError: A00295: search for canonical glyph '冀' returned no detail IDs.,
A00295-003,󰘚,A00295,冀,canonical_group_error,A00295 冀: LookupError: A00295: search for canonical glyph '冀' returned no detail IDs.,
A00295-004,󰘛,A00295,冀,canonical_group_error,A00295 冀: LookupError: A00295: search for canonical glyph '冀' returned no detail IDs.,
A00295-005,󰘜,A00295,冀,canonical_group_error,A00295 冀: LookupError: A00295: search for canonical glyph '冀' returned no detail IDs.,
A00295-006,󰘝,A00295,冀,canonical_group_error,A00295 冀: LookupError: A00295: search for canonical glyph '冀' returned no detail IDs.,
A00295-007,,A00295,冀,canonical_group_error,A00295 冀: LookupError: A00295: search for canonical glyph '冀' returned no detail IDs.,
A00295-008,󰘞,A00295,冀,canonical_group_error,A00295 冀: LookupError: A00295: search for canonical glyph '冀' returned no detail IDs.,
A00295-009,󰘟,A00295,冀,canonical_group_error,A00295 冀: LookupError: A00295: search for canonical glyph '冀' returned no detail IDs.,
A00295-011,󰘠,A00295,冀,canonical_group_error,A00295 冀: LookupError: A00295: search for canonical glyph '冀' returned no detail IDs.,
A00295-014,󰘡,A00295,冀,canonical_group_error,A00295 冀: LookupError: A00295: search for canonical glyph '冀' returned no detail IDs.,
A00295-015,󰘢,A00295,冀,canonical_group_error,A00295 冀: LookupError: A00295: search for canonical glyph '冀' returned no detail IDs.,
A00295-017,󰘣,A00295,冀,canonical_group_error,A00295 冀: LookupError: A00295: search for canonical glyph '冀' returned no detail IDs.,
A00295-018,󰘤,A00295,冀,canonical_group_error,A00295 冀: LookupError: A00295: search for canonical glyph '冀' returned no detail IDs.,
A00295-021,󰘥,A00295,冀,canonical_group_error,A00295 冀: LookupError: A00295: search for canonical glyph '冀' returned no detail IDs.,
A00295-022,󰘦,A00295,冀,canonical_group_error,A00295 冀: LookupError: A00295: search for canonical glyph '冀' returned no detail IDs.,
A00295-023,󰘧,A00295,冀,canonical_group_error,A00295 冀: LookupError: A00295: search for canonical glyph '冀' returned no detail IDs.,
A00295-024,󰘨,A00295,冀,canonical_group_error,A00295 冀: LookupError: A00295: search for canonical glyph '冀' returned no detail IDs.,
A00295-025,󰘩,A00295,冀,canonical_group_error,A00295 冀: LookupError: A00295: search for canonical glyph '冀' returned no detail IDs.,
A00295-026,󰘪,A00295,冀,canonical_group_error,A00295 冀: LookupError: A00295: search for canonical glyph '冀' returned no detail IDs.,
A00296-001,冄,A00296,冉,canonical_group_error,A00296 冉: LookupError: A00296: search for canonical glyph '冉' returned no detail IDs.,
A00296-002,󰘫,A00296,冉,canonical_group_error,A00296 冉: LookupError: A00296: search for canonical glyph '冉' returned no detail IDs.,
A00296-003,󰘬,A00296,冉,canonical_group_error,A00296 冉: LookupError: A00296: search for canonical glyph '冉' returned no detail IDs.,
A00296-004,󰘭,A00296,冉,canonical_group_error,A00296 冉: LookupError: A00296: search for canonical glyph '冉' returned no detail IDs.,
A00296-005,󰘮,A00296,冉,canonical_group_error,A00296 冉: LookupError: A00296: search for canonical glyph '冉' returned no detail IDs.,
A00296-006,󰘯,A00296,冉,canonical_group_error,A00296 冉: LookupError: A00296: search for canonical glyph '冉' returned no detail IDs.,
A00296-007,󰘰,A00296,冉,canonical_group_error,A00296 冉: LookupError: A00296: search for canonical glyph '冉' returned no detail IDs.,
A00297-001,册,A00297,冊,canonical_group_error,A00297 冊: LookupError: A00297: search for canonical glyph '冊' returned no detail IDs.,
A00297-002,𠕁,A00297,冊,canonical_group_error,A00297 冊: LookupError: A00297: search for canonical glyph '冊' returned no detail IDs.,
A00297-003,𠕋,A00297,冊,canonical_group_error,A00297 冊: LookupError: A00297: search for canonical glyph '冊' returned no detail IDs.,
A00297-004,𠕋,A00297,冊,canonical_group_error,A00297 冊: LookupError: A00297: search for canonical glyph '冊' returned no detail IDs.,
A00297-005,𠕐,A00297,冊,canonical_group_error,A00297 冊: LookupError: A00297: search for canonical glyph '冊' returned no detail IDs.,
A00297-006,笧,A00297,冊,canonical_group_error,A00297 冊: LookupError: A00297: search for canonical glyph '冊' returned no detail IDs.,
A00297-007,𥬰,A00297,冊,canonical_group_error,A00297 冊: LookupError: A00297: search for canonical glyph '冊' returned no detail IDs.,
A00297-008,𥮫,A00297,冊,canonical_group_error,A00297 冊: LookupError: A00297: search for canonical glyph '冊' returned no detail IDs.,
A00297-009,𥮫,A00297,冊,canonical_group_error,A00297 冊: LookupError: A00297: search for canonical glyph '冊' returned no detail IDs.,
A00297-010,󰘱,A00297,冊,canonical_group_error,A00297 冊: LookupError: A00297: search for canonical glyph '冊' returned no detail IDs.,
A00297-011,󰘲,A00297,冊,canonical_group_error,A00297 冊: LookupError: A00297: search for canonical glyph '冊' returned no detail IDs.,
A00297-012,󰘳,A00297,冊,canonical_group_error,A00297 冊: LookupError: A00297: search for canonical glyph '冊' returned no detail IDs.,
A00297-013,󰘴,A00297,冊,canonical_group_error,A00297 冊: LookupError: A00297: search for canonical glyph '冊' returned no detail IDs.,
A00297-014,󰘰,A00297,冊,canonical_group_error,A00297 冊: LookupError: A00297: search for canonical glyph '冊' returned no detail IDs.,
A00297-015,󰘵,A00297,冊,canonical_group_error,A00297 冊: LookupError: A00297: search for canonical glyph '冊' returned no detail IDs.,
A00297-016,󰘶,A00297,冊,canonical_group_error,A00297 冊: LookupError: A00297: search for canonical glyph '冊' returned no detail IDs.,
A00297-017,󰘷,A00297,冊,canonical_group_error,A00297 冊: LookupError: A00297: search for canonical glyph '冊' returned no detail IDs.,
A00297-018,󰘸,A00297,冊,canonical_group_error,A00297 冊: LookupError: A00297: search for canonical glyph '冊' returned no detail IDs.,
A00297-019,󴫮,A00297,冊,canonical_group_error,A00297 冊: LookupError: A00297: search for canonical glyph '冊' returned no detail IDs.,
A00297-020,󰘺,A00297,冊,canonical_group_error,A00297 冊: LookupError: A00297: search for canonical glyph '冊' returned no detail IDs.,
A00297-021,󰘻,A00297,冊,canonical_group_error,A00297 冊: LookupError: A00297: search for canonical glyph '冊' returned no detail IDs.,
A00297-022,󰘼,A00297,冊,canonical_group_error,A00297 冊: LookupError: A00297: search for canonical glyph '冊' returned no detail IDs.,
A00297-025,󰘽,A00297,冊,canonical_group_error,A00297 冊: LookupError: A00297: search for canonical glyph '冊' returned no detail IDs.,
A00297-026,󰘾,A00297,冊,canonical_group_error,A00297 冊: LookupError: A00297: search for canonical glyph '冊' returned no detail IDs.,
A00297-027,󰘿,A00297,冊,canonical_group_error,A00297 冊: LookupError: A00297: search for canonical glyph '冊' returned no detail IDs.,
A00297-028,󰙀,A00297,冊,canonical_group_error,A00297 冊: LookupError: A00297: search for canonical glyph '冊' returned no detail IDs.,
A00297-029,󰙁,A00297,冊,canonical_group_error,A00297 冊: LookupError: A00297: search for canonical glyph '冊' returned no detail IDs.,
A00297-029-1,󰙂,A00297,冊,canonical_group_error,A00297 冊: LookupError: A00297: search for canonical glyph '冊' returned no detail IDs.,
A00297-029-2,󰙃,A00297,冊,canonical_group_error,A00297 冊: LookupError: A00297: search for canonical glyph '冊' returned no detail IDs.,
A00297-029-3,󰙄,A00297,冊,canonical_group_error,A00297 冊: LookupError: A00297: search for canonical glyph '冊' returned no detail IDs.,
A00297-030,󰙅,A00297,冊,canonical_group_error,A00297 冊: LookupError: A00297: search for canonical glyph '冊' returned no detail IDs.,
A00297-034,󰙆,A00297,冊,canonical_group_error,A00297 冊: LookupError: A00297: search for canonical glyph '冊' returned no detail IDs.,
A00298-001,𠕂,A00298,再,canonical_group_error,A00298 再: LookupError: A00298: search for canonical glyph '再' returned no detail IDs.,
A00298-002,再,A00298,再,canonical_group_error,A00298 再: LookupError: A00298: search for canonical glyph '再' returned no detail IDs.,
A00298-003,󰙇,A00298,再,canonical_group_error,A00298 再: LookupError: A00298: search for canonical glyph '再' returned no detail IDs.,
A00298-004,󰙈,A00298,再,canonical_group_error,A00298 再: LookupError: A00298: search for canonical glyph '再' returned no detail IDs.,
A00298-005,󰙉,A00298,再,canonical_group_error,A00298 再: LookupError: A00298: search for canonical glyph '再' returned no detail IDs.,
A00298-006-1,󰙊,A00298,再,canonical_group_error,A00298 再: LookupError: A00298: search for canonical glyph '再' returned no detail IDs.,
A00298-007,󰙋,A00298,再,canonical_group_error,A00298 再: LookupError: A00298: search for canonical glyph '再' returned no detail IDs.,
A00298-008,󰙌,A00298,再,canonical_group_error,A00298 再: LookupError: A00298: search for canonical glyph '再' returned no detail IDs.,
A00298-009,󰙍,A00298,再,canonical_group_error,A00298 再: LookupError: A00298: search for canonical glyph '再' returned no detail IDs.,
A00298-010,󰙎,A00298,再,canonical_group_error,A00298 再: LookupError: A00298: search for canonical glyph '再' returned no detail IDs.,
A00298-011,󰙏,A00298,再,canonical_group_error,A00298 再: LookupError: A00298: search for canonical glyph '再' returned no detail IDs.,
A00298-012,󰙐,A00298,再,canonical_group_error,A00298 再: LookupError: A00298: search for canonical glyph '再' returned no detail IDs.,
A00298-013,󰙑,A00298,再,canonical_group_error,A00298 再: LookupError: A00298: search for canonical glyph '再' returned no detail IDs.,
A00298-014,,A00298,再,canonical_group_error,A00298 再: LookupError: A00298: search for canonical glyph '再' returned no detail IDs.,
A00298-015,󰙒,A00298,再,canonical_group_error,A00298 再: LookupError: A00298: search for canonical glyph '再' returned no detail IDs.,
A00299-001,冐,A00299,冒,canonical_group_error,A00299 冒: LookupError: A00299: search for canonical glyph '冒' returned no detail IDs.,
A00299-002,𡈘,A00299,冒,canonical_group_error,A00299 冒: LookupError: A00299: search for canonical glyph '冒' returned no detail IDs.,
A00299-003,冒,A00299,冒,canonical_group_error,A00299 冒: LookupError: A00299: search for canonical glyph '冒' returned no detail IDs.,
A00299-004,𠕬,A00299,冒,canonical_group_error,A00299 冒: LookupError: A00299: search for canonical glyph '冒' returned no detail IDs.,
A00299-006,󰙓,A00299,冒,canonical_group_error,A00299 冒: LookupError: A00299: search for canonical glyph '冒' returned no detail IDs.,
A00299-007,󰙔,A00299,冒,canonical_group_error,A00299 冒: LookupError: A00299: search for canonical glyph '冒' returned no detail IDs.,
A00299-008,󰙕,A00299,冒,canonical_group_error,A00299 冒: LookupError: A00299: search for canonical glyph '冒' returned no detail IDs.,
A00299-009,󰙖,A00299,冒,canonical_group_error,A00299 冒: LookupError: A00299: search for canonical glyph '冒' returned no detail IDs.,
A00299-011-1,󰙗,A00299,冒,canonical_group_error,A00299 冒: LookupError: A00299: search for canonical glyph '冒' returned no detail IDs.,
A00299-013,𥄲,A00299,冒,canonical_group_error,A00299 冒: LookupError: A00299: search for canonical glyph '冒' returned no detail IDs.,
A00299-016,󰙘,A00299,冒,canonical_group_error,A00299 冒: LookupError: A00299: search for canonical glyph '冒' returned no detail IDs.,
A00299-018,𡇾,A00299,冒,canonical_group_error,A00299 冒: LookupError: A00299: search for canonical glyph '冒' returned no detail IDs.,
A00299-019,󰙙,A00299,冒,canonical_group_error,A00299 冒: LookupError: A00299: search for canonical glyph '冒' returned no detail IDs.,
A00299-021-2,󰙚,A00299,冒,canonical_group_error,A00299 冒: LookupError: A00299: search for canonical glyph '冒' returned no detail IDs.,
A00299-023,𠕚,A00299,冒,canonical_group_error,A00299 冒: LookupError: A00299: search for canonical glyph '冒' returned no detail IDs.,
A00299-024,㒻,A00299,冒,canonical_group_error,A00299 冒: LookupError: A00299: search for canonical glyph '冒' returned no detail IDs.,
A00301-015-1,󰙧,A00301,冕,variant_link_not_resolved,Canonical page A00301 冕 did not yield a linked detail page displaying A00301-015-1.,
A00302-001,最,A00302,最,canonical_group_error,A00302 最: LookupError: A00302: search for canonical glyph '最' returned no detail IDs.,
A00302-002,𥦡,A00302,最,canonical_group_error,A00302 最: LookupError: A00302: search for canonical glyph '最' returned no detail IDs.,
A00302-003,冣,A00302,最,canonical_group_error,A00302 最: LookupError: A00302: search for canonical glyph '最' returned no detail IDs.,
A00302-004,󰙷,A00302,最,canonical_group_error,A00302 最: LookupError: A00302: search for canonical glyph '最' returned no detail IDs.,
A00302-005,󰙸,A00302,最,canonical_group_error,A00302 最: LookupError: A00302: search for canonical glyph '最' returned no detail IDs.,
A00302-006,󰙹,A00302,最,canonical_group_error,A00302 最: LookupError: A00302: search for canonical glyph '最' returned no detail IDs.,
A00302-007,󰙺,A00302,最,canonical_group_error,A00302 最: LookupError: A00302: search for canonical glyph '最' returned no detail IDs.,
A00302-008,󰙻,A00302,最,canonical_group_error,A00302 最: LookupError: A00302: search for canonical glyph '最' returned no detail IDs.,
A00302-009,󰙼,A00302,最,canonical_group_error,A00302 最: LookupError: A00302: search for canonical glyph '最' returned no detail IDs.,
A00302-010,󰙽,A00302,最,canonical_group_error,A00302 最: LookupError: A00302: search for canonical glyph '最' returned no detail IDs.,
A00302-012,󰙾,A00302,最,canonical_group_error,A00302 最: LookupError: A00302: search for canonical glyph '最' returned no detail IDs.,
A00302-013,󰙿,A00302,最,canonical_group_error,A00302 最: LookupError: A00302: search for canonical glyph '最' returned no detail IDs.,
A00302-014,󰚀,A00302,最,canonical_group_error,A00302 最: LookupError: A00302: search for canonical glyph '最' returned no detail IDs.,
A00302-015,󰚁,A00302,最,canonical_group_error,A00302 最: LookupError: A00302: search for canonical glyph '最' returned no detail IDs.,
A00302-016,󰚂,A00302,最,canonical_group_error,A00302 最: LookupError: A00302: search for canonical glyph '最' returned no detail IDs.,
A00302-017,󰚃,A00302,最,canonical_group_error,A00302 最: LookupError: A00302: search for canonical glyph '最' returned no detail IDs.,
A00302-018,󰚄,A00302,最,canonical_group_error,A00302 最: LookupError: A00302: search for canonical glyph '最' returned no detail IDs.,
A00302-019,󰚅,A00302,最,canonical_group_error,A00302 最: LookupError: A00302: search for canonical glyph '最' returned no detail IDs.,
A00302-020,󰚆,A00302,最,canonical_group_error,A00302 最: LookupError: A00302: search for canonical glyph '最' returned no detail IDs.,
A00302-021,𣤜,A00302,最,canonical_group_error,A00302 最: LookupError: A00302: search for canonical glyph '最' returned no detail IDs.,
A00302-022,󰚇,A00302,最,canonical_group_error,A00302 最: LookupError: A00302: search for canonical glyph '最' returned no detail IDs.,
A00303-001,冗,A00303,冗,canonical_group_error,A00303 冗: LookupError: A00303: search for canonical glyph '冗' returned no detail IDs.,
A00303-002,宂,A00303,冗,canonical_group_error,A00303 冗: LookupError: A00303: search for canonical glyph '冗' returned no detail IDs.,
A00303-004,󰚉,A00303,冗,canonical_group_error,A00303 冗: LookupError: A00303: search for canonical glyph '冗' returned no detail IDs.,
A00303-005,冘,A00303,冗,canonical_group_error,A00303 冗: LookupError: A00303: search for canonical glyph '冗' returned no detail IDs.,
A00304-001,𠖌,A00304,冠,canonical_group_error,A00304 冠: LookupError: A00304: search for canonical glyph '冠' returned no detail IDs.,
A00304-002,𠙙,A00304,冠,canonical_group_error,A00304 冠: LookupError: A00304: search for canonical glyph '冠' returned no detail IDs.,
A00304-003,𢃙,A00304,冠,canonical_group_error,A00304 冠: LookupError: A00304: search for canonical glyph '冠' returned no detail IDs.,
A00304-004,󰚊,A00304,冠,canonical_group_error,A00304 冠: LookupError: A00304: search for canonical glyph '冠' returned no detail IDs.,
A00304-005,󰚋,A00304,冠,canonical_group_error,A00304 冠: LookupError: A00304: search for canonical glyph '冠' returned no detail IDs.,
A00304-006,󰚌,A00304,冠,canonical_group_error,A00304 冠: LookupError: A00304: search for canonical glyph '冠' returned no detail IDs.,
A00304-007,󰚍,A00304,冠,canonical_group_error,A00304 冠: LookupError: A00304: search for canonical glyph '冠' returned no detail IDs.,
A00304-008,󰚎,A00304,冠,canonical_group_error,A00304 冠: LookupError: A00304: search for canonical glyph '冠' returned no detail IDs.,
A00304-009,󰚏,A00304,冠,canonical_group_error,A00304 冠: LookupError: A00304: search for canonical glyph '冠' returned no detail IDs.,
A00304-010,󰚐,A00304,冠,canonical_group_error,A00304 冠: LookupError: A00304: search for canonical glyph '冠' returned no detail IDs.,
A00304-012,󰚑,A00304,冠,canonical_group_error,A00304 冠: LookupError: A00304: search for canonical glyph '冠' returned no detail IDs.,
A00304-013,󰚒,A00304,冠,canonical_group_error,A00304 冠: LookupError: A00304: search for canonical glyph '冠' returned no detail IDs.,
A00304-014,󰚓,A00304,冠,canonical_group_error,A00304 冠: LookupError: A00304: search for canonical glyph '冠' returned no detail IDs.,
A00304-018,󰚔,A00304,冠,canonical_group_error,A00304 冠: LookupError: A00304: search for canonical glyph '冠' returned no detail IDs.,
A00304-019,󰚕,A00304,冠,canonical_group_error,A00304 冠: LookupError: A00304: search for canonical glyph '冠' returned no detail IDs.,
A00304-020,󰚖,A00304,冠,canonical_group_error,A00304 冠: LookupError: A00304: search for canonical glyph '冠' returned no detail IDs.,
A00304-021,󰚗,A00304,冠,canonical_group_error,A00304 冠: LookupError: A00304: search for canonical glyph '冠' returned no detail IDs.,
A00304-023,󰚘,A00304,冠,canonical_group_error,A00304 冠: LookupError: A00304: search for canonical glyph '冠' returned no detail IDs.,
A00304-024,󰚙,A00304,冠,canonical_group_error,A00304 冠: LookupError: A00304: search for canonical glyph '冠' returned no detail IDs.,
A00304-025,󰚚,A00304,冠,canonical_group_error,A00304 冠: LookupError: A00304: search for canonical glyph '冠' returned no detail IDs.,
A00304-026,󰚛,A00304,冠,canonical_group_error,A00304 冠: LookupError: A00304: search for canonical glyph '冠' returned no detail IDs.,
A00304-028,󰚜,A00304,冠,canonical_group_error,A00304 冠: LookupError: A00304: search for canonical glyph '冠' returned no detail IDs.,
A00304-029,󰚝,A00304,冠,canonical_group_error,A00304 冠: LookupError: A00304: search for canonical glyph '冠' returned no detail IDs.,
A00304-030,󰚞,A00304,冠,canonical_group_error,A00304 冠: LookupError: A00304: search for canonical glyph '冠' returned no detail IDs.,
A00304-031,󰚟,A00304,冠,canonical_group_error,A00304 冠: LookupError: A00304: search for canonical glyph '冠' returned no detail IDs.,
A00304-033,󰚠,A00304,冠,canonical_group_error,A00304 冠: LookupError: A00304: search for canonical glyph '冠' returned no detail IDs.,
A00305-002,冤,A00305,冤,canonical_group_error,A00305 冤: LookupError: A00305: search for canonical glyph '冤' returned no detail IDs.,
A00305-003,寃,A00305,冤,canonical_group_error,A00305 冤: LookupError: A00305: search for canonical glyph '冤' returned no detail IDs.,
A00305-004,寃,A00305,冤,canonical_group_error,A00305 冤: LookupError: A00305: search for canonical glyph '冤' returned no detail IDs.,
A00305-005,󰙞,A00305,冤,canonical_group_error,A00305 冤: LookupError: A00305: search for canonical glyph '冤' returned no detail IDs.,
A00305-006,惌,A00305,冤,canonical_group_error,A00305 冤: LookupError: A00305: search for canonical glyph '冤' returned no detail IDs.,
A00305-009,󰚡,A00305,冤,canonical_group_error,A00305 冤: LookupError: A00305: search for canonical glyph '冤' returned no detail IDs.,
A00305-010,󰚢,A00305,冤,canonical_group_error,A00305 冤: LookupError: A00305: search for canonical glyph '冤' returned no detail IDs.,
A00305-011,󰙫,A00305,冤,canonical_group_error,A00305 冤: LookupError: A00305: search for canonical glyph '冤' returned no detail IDs.,
A00305-013,󰚣,A00305,冤,canonical_group_error,A00305 冤: LookupError: A00305: search for canonical glyph '冤' returned no detail IDs.,
A00305-015,󰚤,A00305,冤,canonical_group_error,A00305 冤: LookupError: A00305: search for canonical glyph '冤' returned no detail IDs.,
A00306-001,㝠,A00306,冥,canonical_group_error,A00306 冥: LookupError: A00306: search for canonical glyph '冥' returned no detail IDs.,
A00306-002,𡨶,A00306,冥,canonical_group_error,A00306 冥: LookupError: A00306: search for canonical glyph '冥' returned no detail IDs.,
A00306-003,㫥,A00306,冥,canonical_group_error,A00306 冥: LookupError: A00306: search for canonical glyph '冥' returned no detail IDs.,
A00306-004,𣩆,A00306,冥,canonical_group_error,A00306 冥: LookupError: A00306: search for canonical glyph '冥' returned no detail IDs.,
A00306-005-1,䆩,A00306,冥,canonical_group_error,A00306 冥: LookupError: A00306: search for canonical glyph '冥' returned no detail IDs.,
A00306-006,󰚥,A00306,冥,canonical_group_error,A00306 冥: LookupError: A00306: search for canonical glyph '冥' returned no detail IDs.,
A00306-007,󰚦,A00306,冥,canonical_group_error,A00306 冥: LookupError: A00306: search for canonical glyph '冥' returned no detail IDs.,
A00306-008,󰚧,A00306,冥,canonical_group_error,A00306 冥: LookupError: A00306: search for canonical glyph '冥' returned no detail IDs.,
A00306-009,󰚨,A00306,冥,canonical_group_error,A00306 冥: LookupError: A00306: search for canonical glyph '冥' returned no detail IDs.,
A00306-010-1,󰚩,A00306,冥,canonical_group_error,A00306 冥: LookupError: A00306: search for canonical glyph '冥' returned no detail IDs.,
A00306-011,󰚪,A00306,冥,canonical_group_error,A00306 冥: LookupError: A00306: search for canonical glyph '冥' returned no detail IDs.,
A00306-011-1,󰚫,A00306,冥,canonical_group_error,A00306 冥: LookupError: A00306: search for canonical glyph '冥' returned no detail IDs.,
A00306-011-2,窴,A00306,冥,canonical_group_error,A00306 冥: LookupError: A00306: search for canonical glyph '冥' returned no detail IDs.,
A00306-012,󰚬,A00306,冥,canonical_group_error,A00306 冥: LookupError: A00306: search for canonical glyph '冥' returned no detail IDs.,
A00306-013,󰚭,A00306,冥,canonical_group_error,A00306 冥: LookupError: A00306: search for canonical glyph '冥' returned no detail IDs.,
A00306-014,󰚮,A00306,冥,canonical_group_error,A00306 冥: LookupError: A00306: search for canonical glyph '冥' returned no detail IDs.,
A00306-015,󰚯,A00306,冥,canonical_group_error,A00306 冥: LookupError: A00306: search for canonical glyph '冥' returned no detail IDs.,
A00306-016,窅,A00306,冥,canonical_group_error,A00306 冥: LookupError: A00306: search for canonical glyph '冥' returned no detail IDs.,
A00306-017,󰚰,A00306,冥,canonical_group_error,A00306 冥: LookupError: A00306: search for canonical glyph '冥' returned no detail IDs.,
A00306-018,󰚱,A00306,冥,canonical_group_error,A00306 冥: LookupError: A00306: search for canonical glyph '冥' returned no detail IDs.,
A00306-019,󰚲,A00306,冥,canonical_group_error,A00306 冥: LookupError: A00306: search for canonical glyph '冥' returned no detail IDs.,
A00306-020,󰚳,A00306,冥,canonical_group_error,A00306 冥: LookupError: A00306: search for canonical glyph '冥' returned no detail IDs.,
A00306-021,󰚴,A00306,冥,canonical_group_error,A00306 冥: LookupError: A00306: search for canonical glyph '冥' returned no detail IDs.,
A00306-023,󰚵,A00306,冥,canonical_group_error,A00306 冥: LookupError: A00306: search for canonical glyph '冥' returned no detail IDs.,
A00306-024,󰚶,A00306,冥,canonical_group_error,A00306 冥: LookupError: A00306: search for canonical glyph '冥' returned no detail IDs.,
A00306-025,󰚷,A00306,冥,canonical_group_error,A00306 冥: LookupError: A00306: search for canonical glyph '冥' returned no detail IDs.,
A00306-026,󰚸,A00306,冥,canonical_group_error,A00306 冥: LookupError: A00306: search for canonical glyph '冥' returned no detail IDs.,
A00306-027,󰚹,A00306,冥,canonical_group_error,A00306 冥: LookupError: A00306: search for canonical glyph '冥' returned no detail IDs.,
A00306-029,󰚺,A00306,冥,canonical_group_error,A00306 冥: LookupError: A00306: search for canonical glyph '冥' returned no detail IDs.,
A00306-030,󰚻,A00306,冥,canonical_group_error,A00306 冥: LookupError: A00306: search for canonical glyph '冥' returned no detail IDs.,
A00306-031,󰚼,A00306,冥,canonical_group_error,A00306 冥: LookupError: A00306: search for canonical glyph '冥' returned no detail IDs.,
A00306-032,󰚽,A00306,冥,canonical_group_error,A00306 冥: LookupError: A00306: search for canonical glyph '冥' returned no detail IDs.,
A00306-033,󰚾,A00306,冥,canonical_group_error,A00306 冥: LookupError: A00306: search for canonical glyph '冥' returned no detail IDs.,
A00306-035,󰚿,A00306,冥,canonical_group_error,A00306 冥: LookupError: A00306: search for canonical glyph '冥' returned no detail IDs.,
A00306-036,󰛀,A00306,冥,canonical_group_error,A00306 冥: LookupError: A00306: search for canonical glyph '冥' returned no detail IDs.,
A00306-037,󰛁,A00306,冥,canonical_group_error,A00306 冥: LookupError: A00306: search for canonical glyph '冥' returned no detail IDs.,
A00306-038,󰛂,A00306,冥,canonical_group_error,A00306 冥: LookupError: A00306: search for canonical glyph '冥' returned no detail IDs.,
A00306-039,󰛃,A00306,冥,canonical_group_error,A00306 冥: LookupError: A00306: search for canonical glyph '冥' returned no detail IDs.,
A00306-043,󰛄,A00306,冥,canonical_group_error,A00306 冥: LookupError: A00306: search for canonical glyph '冥' returned no detail IDs.,
A00306-045,󰛅,A00306,冥,canonical_group_error,A00306 冥: LookupError: A00306: search for canonical glyph '冥' returned no detail IDs.,
