character,laoguoyin,zhuyin,ipa,codepoint
㟎,tuei3,ㄊㄨㄟ3,tʰueɪ3,U+37CE
㟎,tuo3,ㄊㄨㄛ3,tʰuɔ3,U+37CE
㟹,lau2,ㄌㄠ2,lɑʊ2,U+37F9
㟹,liau2,ㄌㄧㄠ2,liɑʊ2,U+37F9
㧁,go5,ㄍㄛ5,kɔ5,U+39C1
㧙,bi5,ㄅㄧ5,pi5,U+39D9
㧙,bie5,ㄅㄧㄝ5,piɛ5,U+39D9
㩧,bo5,ㄅㄛ5,pɔ5,U+3A67
㩧,pang1,ㄆㄤ1,pʰɑŋ1,U+3A67
㩹,die5,ㄉㄧㄝ5,tiɛ5,U+3A79
㩻,kuei4,ㄎㄨㄟ4,kʰueɪ4,U+3A7B
㩻,qi1,ㄑㄧ1,tɕʰi1,U+3A7B
㪏,bi4,ㄅㄧ4,pi4,U+3A8F
㪏,pi3,ㄆㄧ3,pʰi3,U+3A8F
㵒,fei4,ㄈㄟ4,feɪ4,U+3D52
㵒,pi4,ㄆㄧ4,pʰi4,U+3D52
㶒,shen3,ㄕㄣ3,ʂən3,U+3D92
㶒,tan4,ㄊㄢ4,tʰan4,U+3D92
㺒,nau3,ㄋㄠ3,nɑʊ3,U+3E92
㺒,xiau4,ㄒㄧㄠ4,ɕiɑʊ4,U+3E92
㼽,chuang3,ㄔㄨㄤ3,,U+3F3D
㼽,shuang3,ㄕㄨㄤ3,,U+3F3D
㽱,jiau3,ㄐㄧㄠ3,tɕiɑʊ3,U+3F71
㽱,jieu1,ㄐㄧㄡ1,tɕiɔʊ1,U+3F71
㿃,dai4,ㄉㄞ4,taɪ4,U+3FC3
㿃,zhi4,ㄓㄭ4,ʈʂɨ4,U+3FC3
䀢,shen3,ㄕㄣ3,ʂən3,U+4022
䀢,shun4,ㄕㄨㄣ4,ʂuən4,U+4022
䀣,bi4,ㄅㄧ4,pi4,U+4023
䀣,ma5,ㄇㄚ5,ma5,U+4023
䌨,ca5,ㄘㄚ5,tsʰa5,U+4328
䌽,cai3,ㄘㄞ3,tsʰaɪ3,U+433D
䍃,yau2,ㄧㄠ2,iɑʊ2,U+4343
䍃,yeu2,ㄧㄡ2,iɔʊ2,U+4343
䏧,chi3,ㄔㄭ3,ʈʂʰɨ3,U+43E7
䏧,na2,ㄋㄚ2,na2,U+43E7
䑛,shi4,ㄕㄭ4,ʂɨ4,U+445B
䒥,fei4,ㄈㄟ4,feɪ4,U+44A5
䒥,fu5,ㄈㄨ5,fu5,U+44A5
䓘,gau1,ㄍㄠ1,kɑʊ1,U+44D8
䓘,jieu4,ㄐㄧㄡ4,tɕiɔʊ4,U+44D8
䔇,huei4,ㄏㄨㄟ4,xueɪ4,U+4507
䔇,qi3,ㄑㄧ3,tɕʰi3,U+4507
䗁,ji4,ㄐㄧ4,tɕi4,U+45C1
䗁,qi1,ㄑㄧ1,tɕʰi1,U+45C1
䛽,cha5,ㄔㄚ5,ʈʂʰa5,U+46FD
䞣,che4,ㄔㄝ4,ʈʂʰɛ4,U+47A3
䞣,cheo5,ㄔㄜ5,ʈʂʰɤ5,U+47A3
䦱,kuai1,ㄎㄨㄞ1,kʰuaɪ1,U+49B1
䦱,wei3,ㄨㄟ3,ueɪ3,U+49B1
䨲,neu2,ㄋㄡ2,noʊ2,U+4A32
䨲,wan4,ㄨㄢ4,uan4,U+4A32
䲃,chau2,ㄔㄠ2,ʈʂʰɑʊ2,U+4C83
䲃,zau3,ㄗㄠ3,tsɑʊ3,U+4C83
䳀,die5,ㄉㄧㄝ5,tiɛ5,U+4CC0
䳀,yi5,ㄧ5,i5,U+4CC0
䳑,yeu3,ㄧㄡ3,iɔʊ3,U+4CD1
䴴,tie5,ㄊㄧㄝ5,tʰiɛ5,U+4D34
一,eo5,ㄜ5,ɤ5,U+4E00
一,ungr,ㄨㄥㄦ,,U+4E00
一,yi5,ㄧ5,i5,U+4E00
丁,ding1,ㄉㄧㄥ1,,U+4E01
七,aur,ㄠㄦ,,U+4E03
七,cyi5,ㄘㄧ5,tsʰi5,U+4E03
七,in,ㄧㄣ,in,U+4E03
七,u5,ㄨ5,u5,U+4E03
万,wan4,ㄨㄢ4,uan4,U+4E07
丈,zhang4,ㄓㄤ4,ʈʂɑŋ4,U+4E08
三,ei,ㄟ,eɪ,U+4E09
三,engr,ㄥㄦ,,U+4E09
三,iw,ㄭ,ɨ,U+4E09
三,riw,ㄖㄭ,ʐɨ,U+4E09
三,san1,ㄙㄢ1,san1,U+4E09
三,san4,ㄙㄢ4,san4,U+4E09
三,ungr,ㄨㄥㄦ,,U+4E09
三,yu,ㄩ,y,U+4E09
上,fa,ㄈㄚ,fa,U+4E0A
上,shang,ㄕㄤ,ʂɑŋ,U+4E0A
上,shang4,ㄕㄤ4,ʂɑŋ4,U+4E0A
下,xia4,ㄒㄧㄚ4,ɕiɑ4,U+4E0B
不,bu,ㄅㄨ,pu,U+4E0D
不,bu5,ㄅㄨ5,pu5,U+4E0D
不,feu3,ㄈㄡ3,foʊ3,U+4E0D
丐,gai4,ㄍㄞ4,kaɪ4,U+4E10
丑,cheu3,ㄔㄡ3,ʈʂʰoʊ3,U+4E11
且,cie3,ㄘㄧㄝ3,tsʰiɛ3,U+4E14
且,cyu3,ㄘㄩ3,tsʰy3,U+4E14
且,zu2,ㄗㄨ2,tsu2,U+4E14
丕,pi1,ㄆㄧ1,pʰi1,U+4E15
世,shi4,ㄕㄭ4,ʂɨ4,U+4E16
丘,qieu1,ㄑㄧㄡ1,tɕʰiɔʊ1,U+4E18
丙,bing3,ㄅㄧㄥ3,,U+4E19
丞,cheng2,ㄔㄥ2,ʈʂʰəŋ2,U+4E1E
丟,dieu1,ㄉㄧㄡ1,tiɔʊ1,U+4E1F
个,geo,ㄍㄜ,kɤ,U+4E2A
个,go4,ㄍㄛ4,kɔ4,U+4E2A
丫,ya1,ㄧㄚ1,iɑ1,U+4E2B
中,zhung1,ㄓㄨㄥ1,ʈʂʊŋ1,U+4E2D
中,zhung4,ㄓㄨㄥ4,ʈʂʊŋ4,U+4E2D
串,chuan4,ㄔㄨㄢ4,ʈʂʰuan4,U+4E32
丸,wan2,ㄨㄢ2,uan2,U+4E38
丹,dan1,ㄉㄢ1,tan1,U+4E39
主,zhu3,ㄓㄨ3,ʈʂu3,U+4E3B
乂,ngai4,ㄫㄞ4,ŋaɪ4,U+4E42
乂,yi4,ㄧ4,i4,U+4E42
乃,nai3,ㄋㄞ3,naɪ3,U+4E43
之,i,ㄧ,i,U+4E4B
之,zh,ㄓ,ʈʂ,U+4E4B
之,zhi1,ㄓㄭ1,ʈʂɨ1,U+4E4B
乏,fa5,ㄈㄚ5,fa5,U+4E4F
乓,pang1,ㄆㄤ1,pʰɑŋ1,U+4E53
乖,guai1,ㄍㄨㄞ1,kuaɪ1,U+4E56
乘,cheng2,ㄔㄥ2,ʈʂʰəŋ2,U+4E58
乙,yi3,ㄧ3,i3,U+4E59
九,angr,ㄤㄦ,,U+4E5D
九,eo5,ㄜ5,ɤ5,U+4E5D
九,iai,ㄧㄞ,,U+4E5D
九,jieu3,ㄐㄧㄡ3,tɕiɔʊ3,U+4E5D
九,o5,ㄛ5,ɔ5,U+4E5D
乞,qi5,ㄑㄧ5,tɕʰi5,U+4E5E
也,e,ㄝ,ɛ,U+4E5F
也,ye3,ㄧㄝ3,iɛ3,U+4E5F
乱,luan4,ㄌㄨㄢ4,luan4,U+4E71
乳,ru3,ㄖㄨ3,ʐu3,U+4E73
乾,gan1,ㄍㄢ1,kan1,U+4E7E
乾,qian2,ㄑㄧㄢ2,tɕʰiɛn2,U+4E7E
亂,luan4,ㄌㄨㄢ4,luan4,U+4E82
了,la,ㄌㄚ,la,U+4E86
了,leo,ㄌㄜ,lɤ,U+4E86
了,liau3,ㄌㄧㄠ3,liɑʊ3,U+4E86
事,shi3,ㄕㄭ3,ʂɨ3,U+4E8B
事,shi4,ㄕㄭ4,ʂɨ4,U+4E8B
二,angr,ㄤㄦ,,U+4E8C
二,ar,ㄚㄦ,,U+4E8C
二,aur,ㄠㄦ,,U+4E8C
二,er,ㄦ,əɻ,U+4E8C
二,er4,ㄦ4,əɻ4,U+4E8C
二,eur,ㄡㄦ,,U+4E8C
二,or,ㄛㄦ,,U+4E8C
二,riw,ㄖㄭ,ʐɨ,U+4E8C
云,yun2,,,U+4E91
互,hu4,ㄏㄨ4,xu4,U+4E92
五,ar,ㄚㄦ,,U+4E94
五,u,ㄨ,u,U+4E94
五,wu3,ㄨ3,u3,U+4E94
井,zing3,ㄗㄧㄥ3,,U+4E95
亘,geng4,ㄍㄥ4,kəŋ4,U+4E98
亘,syuan1,ㄙㄩㄢ1,,U+4E98
些,sie1,ㄙㄧㄝ1,siɛ1,U+4E9B
亞,ya4,ㄧㄚ4,iɑ4,U+4E9E
亟,ji5,ㄐㄧ5,tɕi5,U+4E9F
亟,qi4,ㄑㄧ4,tɕʰi4,U+4E9F
亡,wang2,ㄨㄤ2,,U+4EA1
亢,gang1,ㄍㄤ1,kɑŋ1,U+4EA2
亢,kang4,ㄎㄤ4,kʰɑŋ4,U+4EA2
交,jiau1,ㄐㄧㄠ1,tɕiɑʊ1,U+4EA4
亥,hai4,ㄏㄞ4,xaɪ4,U+4EA5
亨,heng1,ㄏㄥ1,xəŋ1,U+4EA8
享,xiang3,ㄒㄧㄤ3,,U+4EAB
京,jing1,ㄐㄧㄥ1,,U+4EAC
亭,ting2,ㄊㄧㄥ2,,U+4EAD
亮,liang4,ㄌㄧㄤ4,,U+4EAE
人,ren2,ㄖㄣ2,ʐən2,U+4EBA
什,shi5,ㄕㄭ5,ʂɨ5,U+4EC0
仃,ding1,ㄉㄧㄥ1,,U+4EC3
仄,zeo5,ㄗㄜ5,tsɤ5,U+4EC4
仆,peu4,ㄆㄡ4,pʰoʊ4,U+4EC6
仇,cheu2,ㄔㄡ2,ʈʂʰoʊ2,U+4EC7
仇,qieu2,ㄑㄧㄡ2,tɕʰiɔʊ2,U+4EC7
今,jin1,ㄐㄧㄣ1,tɕin1,U+4ECA
介,jiai4,ㄐㄧㄞ4,,U+4ECB
仍,reng2,ㄖㄥ2,ʐəŋ2,U+4ECD
从,cung2,ㄘㄨㄥ2,tsʰʊŋ2,U+4ECE
仕,shi4,ㄕㄭ4,ʂɨ4,U+4ED5
他,ta1,ㄊㄚ1,tʰa1,U+4ED6
仗,zhang4,ㄓㄤ4,ʈʂɑŋ4,U+4ED7
仙,in,ㄧㄣ,in,U+4ED9
仙,sian1,ㄙㄧㄢ1,siɛn1,U+4ED9
代,dai4,ㄉㄞ4,taɪ4,U+4EE3
令,ling2,ㄌㄧㄥ2,,U+4EE4
令,ling4,ㄌㄧㄥ4,,U+4EE4
以,yi3,ㄧ3,i3,U+4EE5
仰,yang3,ㄧㄤ3,,U+4EF0
仲,zhung4,ㄓㄨㄥ4,ʈʂʊŋ4,U+4EF2
价,jia4,ㄐㄧㄚ4,tɕiɑ4,U+4EF7
任,ren4,ㄖㄣ4,ʐən4,U+4EFB
仿,fang3,ㄈㄤ3,fɑŋ3,U+4EFF
企,qi3,ㄑㄧ3,tɕʰi3,U+4F01
企,qi4,ㄑㄧ4,tɕʰi4,U+4F01
伉,kang4,ㄎㄤ4,kʰɑŋ4,U+4F09
伏,fu5,ㄈㄨ5,fu5,U+4F0F
伐,fa5,ㄈㄚ5,fa5,U+4F10
休,xieu1,ㄒㄧㄡ1,ɕiɔʊ1,U+4F11
伙,huo3,ㄏㄨㄛ3,xuɔ3,U+4F19
伱,ni3,ㄋㄧ3,ni3,U+4F31
伴,ban4,ㄅㄢ4,pan4,U+4F34
伴,pan4,ㄆㄢ4,pʰan4,U+4F34
伶,ling2,ㄌㄧㄥ2,,U+4F36
似,shi4,ㄕㄭ4,ʂɨ4,U+4F3C
似,si4,ㄙㄭ4,sɨ4,U+4F3C
伽,jia1,ㄐㄧㄚ1,tɕiɑ1,U+4F3D
伽,qia2,ㄑㄧㄚ2,tɕʰiɑ2,U+4F3D
佁,ai3,ㄞ3,aɪ3,U+4F41
佁,chi4,ㄔㄭ4,ʈʂʰɨ4,U+4F41
但,dan4,ㄉㄢ4,tan4,U+4F46
佉,qyu1,ㄑㄩ1,tɕʰy1,U+4F49
低,di1,ㄉㄧ1,ti1,U+4F4E
住,zhu4,ㄓㄨ4,ʈʂu4,U+4F4F
佑,yeu4,ㄧㄡ4,iɔʊ4,U+4F51
佔,dan1,ㄉㄢ1,tan1,U+4F54
佔,zhan4,ㄓㄢ4,ʈʂan4,U+4F54
何,ho2,ㄏㄛ2,xɔ2,U+4F55
佛,bi5,ㄅㄧ5,pi5,U+4F5B
佛,fu5,ㄈㄨ5,fu5,U+4F5B
作,zo5,ㄗㄛ5,tsɔ5,U+4F5C
你,ni3,ㄋㄧ3,ni3,U+4F60
佢,qyu2,ㄑㄩ2,tɕʰy2,U+4F62
佩,pei4,ㄆㄟ4,pʰeɪ4,U+4F69
佯,yang2,ㄧㄤ2,,U+4F6F
佳,jia1,ㄐㄧㄚ1,tɕiɑ1,U+4F73
佳,re,ㄖㄝ,ʐɛ,U+4F73
佻,tiau1,ㄊㄧㄠ1,tʰiɑʊ1,U+4F7B
佻,yau2,ㄧㄠ2,iɑʊ2,U+4F7B
使,shi3,ㄕㄭ3,ʂɨ3,U+4F7F
侃,kan3,ㄎㄢ3,kʰan3,U+4F83
來,lai,ㄌㄞ,laɪ,U+4F86
來,lai2,ㄌㄞ2,laɪ2,U+4F86
侈,chi3,ㄔㄭ3,ʈʂʰɨ3,U+4F88
侉,kua1,ㄎㄨㄚ1,kʰuɑ1,U+4F89
侊,guang1,ㄍㄨㄤ1,,U+4F8A
侊,gung1,ㄍㄨㄥ1,kʊŋ1,U+4F8A
例,li4,ㄌㄧ4,li4,U+4F8B
侍,shi4,ㄕㄭ4,ʂɨ4,U+4F8D
侖,lun2,ㄌㄨㄣ2,luən2,U+4F96
供,gung1,ㄍㄨㄥ1,kʊŋ1,U+4F9B
供,gung4,ㄍㄨㄥ4,kʊŋ4,U+4F9B
侯,heu2,ㄏㄡ2,xoʊ2,U+4FAF
侯,u,ㄨ,u,U+4FAF
侵,cin1,ㄘㄧㄣ1,tsʰin1,U+4FB5
侶,lyu3,ㄌㄩ3,ly3,U+4FB6
便,bian4,ㄅㄧㄢ4,piɛn4,U+4FBF
便,pian2,ㄆㄧㄢ2,pʰiɛn2,U+4FBF
係,xi4,ㄒㄧ4,ɕi4,U+4FC2
促,cu5,ㄘㄨ5,tsʰu5,U+4FC3
俄,ngo2,ㄫㄛ2,ŋɔ2,U+4FC4
俊,zyun4,ㄗㄩㄣ4,,U+4FCA
俏,ciau4,ㄘㄧㄠ4,tsʰiɑʊ4,U+4FCF
俑,tung1,ㄊㄨㄥ1,tʰʊŋ1,U+4FD1
俓,jing4,ㄐㄧㄥ4,,U+4FD3
俓,ying4,ㄧㄧㄥ4,,U+4FD3
俔,qian4,ㄑㄧㄢ4,tɕʰiɛn4,U+4FD4
俗,su5,ㄙㄨ5,su5,U+4FD7
俘,fu2,ㄈㄨ2,fu2,U+4FD8
俛,fu3,ㄈㄨ3,fu3,U+4FDB
俛,mian3,ㄇㄧㄢ3,miɛn3,U+4FDB
保,bau3,ㄅㄠ3,pɑʊ3,U+4FDD
俟,si4,ㄙㄭ4,sɨ4,U+4FDF
俠,jia5,ㄐㄧㄚ5,tɕiɑ5,U+4FE0
俠,xie5,ㄒㄧㄝ5,ɕiɛ5,U+4FE0
信,sin4,ㄙㄧㄣ4,sin4,U+4FE1
修,sieu1,ㄙㄧㄡ1,siɔʊ1,U+4FEE
俯,fu3,ㄈㄨ3,fu3,U+4FEF
俶,chu5,ㄔㄨ5,ʈʂʰu5,U+4FF6
俶,ti5,ㄊㄧ5,tʰi5,U+4FF6
俺,an3,ㄢ3,an3,U+4FFA
俾,bi3,ㄅㄧ3,pi3,U+4FFE
俾,pi4,ㄆㄧ4,pʰi4,U+4FFE
倀,zheng4,ㄓㄥ4,ʈʂəŋ4,U+5000
倄,wei4,ㄨㄟ4,ueɪ4,U+5004
倄,xiau2,ㄒㄧㄠ2,ɕiɑʊ2,U+5004
倅,cuei4,ㄘㄨㄟ4,tsʰueɪ4,U+5005
倅,zu5,ㄗㄨ5,tsu5,U+5005
倆,lia3,ㄌㄧㄚ3,liɑ3,U+5006
倉,cang1,ㄘㄤ1,tsʰɑŋ1,U+5009
個,geo,ㄍㄜ,kɤ,U+500B
個,go4,ㄍㄛ4,kɔ4,U+500B
倍,bei4,ㄅㄟ4,peɪ4,U+500D
倏,shu5,ㄕㄨ5,ʂu5,U+500F
們,men,ㄇㄣ,mən,U+5011
們,men2,ㄇㄣ2,mən2,U+5011
倒,dau3,ㄉㄠ3,tɑʊ3,U+5012
倒,dau4,ㄉㄠ4,tɑʊ4,U+5012
倔,jyue5,ㄐㄩㄝ5,tɕyɛ5,U+5014
倖,xing4,ㄒㄧㄥ4,,U+5016
倘,tang3,ㄊㄤ3,tʰɑŋ3,U+5018
候,heu,ㄏㄡ,xoʊ,U+5019
倚,yi3,ㄧ3,i3,U+501A
倚,yi4,ㄧ4,i4,U+501A
借,zie4,ㄗㄧㄝ4,tsiɛ4,U+501F
倡,chang1,ㄔㄤ1,ʈʂʰɑŋ1,U+5021
倡,chang4,ㄔㄤ4,ʈʂʰɑŋ4,U+5021
倣,fang3,ㄈㄤ3,fɑŋ3,U+5023
倦,jyuan4,ㄐㄩㄢ4,,U+5026
倩,cian4,ㄘㄧㄢ4,tsʰiɛn4,U+5029
倩,cing4,ㄘㄧㄥ4,,U+5029
倪,nji2,ㄬㄧ2,ɲi2,U+502A
倫,lun2,ㄌㄨㄣ2,luən2,U+502B
倭,wei1,ㄨㄟ1,ueɪ1,U+502D
倭,wo1,ㄨㄛ1,uɔ1,U+502D
倮,guo3,ㄍㄨㄛ3,kuɔ3,U+502E
倮,hua3,ㄏㄨㄚ3,xuɑ3,U+502E
倮,luo3,ㄌㄨㄛ3,luɔ3,U+502E
倰,leng2,ㄌㄥ2,ləŋ2,U+5030
倰,ling2,ㄌㄧㄥ2,,U+5030
假,jia3,ㄐㄧㄚ3,tɕiɑ3,U+5047
假,jia4,ㄐㄧㄚ4,tɕiɑ4,U+5047
偉,wei3,ㄨㄟ3,ueɪ3,U+5049
偋,bing3,ㄅㄧㄥ3,,U+504B
偋,ping2,ㄆㄧㄥ2,,U+504B
偏,pian1,ㄆㄧㄢ1,pʰiɛn1,U+504F
做,zo4,ㄗㄛ4,tsɔ4,U+505A
停,ting2,ㄊㄧㄥ2,,U+505C
偪,bi5,ㄅㄧ5,pi5,U+506A
偪,fu5,ㄈㄨ5,fu5,U+506A
偲,cai1,ㄘㄞ1,tsʰaɪ1,U+5072
偲,si1,ㄙㄭ1,sɨ1,U+5072
側,zeo5,ㄗㄜ5,tsɤ5,U+5074
偶,ngeu3,ㄫㄡ3,ŋoʊ3,U+5076
偷,teu1,ㄊㄡ1,tʰoʊ1,U+5077
偺,za2,ㄗㄚ2,tsa2,U+507A
偽,wei4,ㄨㄟ4,ueɪ4,U+507D
傀,guei1,ㄍㄨㄟ1,kueɪ1,U+5080
傀,kuei3,ㄎㄨㄟ3,kʰueɪ3,U+5080
傋,geu1,ㄍㄡ1,koʊ1,U+508B
傋,jiang3,ㄐㄧㄤ3,,U+508B
傍,bang4,ㄅㄤ4,pɑŋ4,U+508D
傍,pang2,ㄆㄤ2,pʰɑŋ2,U+508D
傑,jie5,ㄐㄧㄝ5,tɕiɛ5,U+5091
傖,cang1,ㄘㄤ1,tsʰɑŋ1,U+5096
傖,zheng2,ㄓㄥ2,ʈʂəŋ2,U+5096
傘,san3,ㄙㄢ3,san3,U+5098
傚,xiau4,ㄒㄧㄠ4,ɕiɑʊ4,U+509A
催,cuei1,ㄘㄨㄟ1,tsʰueɪ1,U+50AC
傭,chung1,ㄔㄨㄥ1,ʈʂʰʊŋ1,U+50AD
傭,yung2,,,U+50AD
傲,au,ㄠ,ɑʊ,U+50B2
傲,ngau4,ㄫㄠ4,ŋɑʊ4,U+50B2
傳,chuan2,ㄔㄨㄢ2,ʈʂʰuan2,U+50B3
傳,zhuan4,ㄓㄨㄢ4,ʈʂuan4,U+50B3
債,zhai4,ㄓㄞ4,ʈʂaɪ4,U+50B5
傷,shang1,ㄕㄤ1,ʂɑŋ1,U+50B7
傻,sha3,ㄕㄚ3,ʂa3,U+50BB
傾,qing1,ㄑㄧㄥ1,,U+50BE
僂,lyu3,ㄌㄩ3,ly3,U+50C2
僇,lu5,ㄌㄨ5,lu5,U+50C7
僈,man4,ㄇㄢ4,man4,U+50C8
僉,cian1,ㄘㄧㄢ1,tsʰiɛn1,U+50C9
僎,zhuan4,ㄓㄨㄢ4,ʈʂuan4,U+50CE
僎,zhun1,ㄓㄨㄣ1,ʈʂuən1,U+50CE
像,siang4,ㄙㄧㄤ4,,U+50CF
僑,qiau2,ㄑㄧㄠ2,tɕʰiɑʊ2,U+50D1
僕,pu5,ㄆㄨ5,pʰu5,U+50D5
僚,liau2,ㄌㄧㄠ2,liɑʊ2,U+50DA
僤,chan3,ㄔㄢ3,ʈʂʰan3,U+50E4
僤,dan4,ㄉㄢ4,tan4,U+50E4
僤,shan2,ㄕㄢ2,ʂan2,U+50E4
僥,jiau3,ㄐㄧㄠ3,tɕiɑʊ3,U+50E5
僧,seng1,ㄙㄥ1,səŋ1,U+50E7
僭,zian4,ㄗㄧㄢ4,tsiɛn4,U+50ED
僱,gu4,ㄍㄨ4,ku4,U+50F1
僵,jiang1,ㄐㄧㄤ1,,U+50F5
價,jia4,ㄐㄧㄚ4,tɕiɑ4,U+50F9
僻,pi5,ㄆㄧ5,pʰi5,U+50FB
儀,yi2,ㄧ2,i2,U+5100
儂,nung2,ㄋㄨㄥ2,nʊŋ2,U+5102
儃,shan2,ㄕㄢ2,ʂan2,U+5103
儃,tan3,ㄊㄢ3,tʰan3,U+5103
億,yi5,ㄧ5,i5,U+5104
儒,ru2,ㄖㄨ2,ʐu2,U+5112
儕,chai2,ㄔㄞ2,ʈʂʰaɪ2,U+5115
儗,ngai4,ㄫㄞ4,ŋaɪ4,U+5117
儗,nji3,ㄬㄧ3,ɲi3,U+5117
儘,zin3,ㄗㄧㄣ3,tsin3,U+5118
償,chang2,ㄔㄤ2,ʈʂʰɑŋ2,U+511F
償,shang4,ㄕㄤ4,ʂɑŋ4,U+511F
儡,luei3,ㄌㄨㄟ3,lueɪ3,U+5121
優,yeu1,ㄧㄡ1,iɔʊ1,U+512A
儷,li4,ㄌㄧ4,li4,U+5137
儼,ian3,ㄧㄢ3,iɛn3,U+513C
允,yun3,,,U+5141
元,ian,ㄧㄢ,iɛn,U+5143
兄,xyung1,ㄒㄩㄥ1,ɕyŋ1,U+5144
充,chung1,ㄔㄨㄥ1,ʈʂʰʊŋ1,U+5145
兆,zhau4,ㄓㄠ4,ʈʂɑʊ4,U+5146
兇,xyung1,ㄒㄩㄥ1,ɕyŋ1,U+5147
先,en,ㄣ,ən,U+5148
先,sian1,ㄙㄧㄢ1,siɛn1,U+5148
光,guang1,ㄍㄨㄤ1,,U+5149
克,k,ㄎ,kʰ,U+514B
克,keo5,ㄎㄜ5,kʰɤ5,U+514B
兌,duei4,ㄉㄨㄟ4,tueɪ4,U+514C
免,mian3,ㄇㄧㄢ3,miɛn3,U+514D
免,wen4,ㄨㄣ4,uən4,U+514D
兎,tu4,ㄊㄨ4,tʰu4,U+514E
兒,er,ㄦ,əɻ,U+5152
兒,er2,ㄦ2,əɻ2,U+5152
兒,r,ㄦ,əɻ,U+5152
兔,tu4,ㄊㄨ4,tʰu4,U+5154
兜,deu1,ㄉㄡ1,toʊ1,U+515C
入,do,ㄉㄛ,tɔ,U+5165
入,r,ㄦ,əɻ,U+5165
入,ru5,ㄖㄨ5,ʐu5,U+5165
內,nuei4,ㄋㄨㄟ4,nueɪ4,U+5167
全,cyuan2,ㄘㄩㄢ2,,U+5168
兩,liang3,ㄌㄧㄤ3,,U+5169
八,ba5,ㄅㄚ5,pa5,U+516B
八,e,ㄝ,ɛ,U+516B
八,eur,ㄡㄦ,,U+516B
八,o5,ㄛ5,ɔ5,U+516B
公,gung1,ㄍㄨㄥ1,kʊŋ1,U+516C
六,e,ㄝ,ɛ,U+516D
六,lu5,ㄌㄨ5,lu5,U+516D
六,or,ㄛㄦ,,U+516D
共,gung4,ㄍㄨㄥ4,kʊŋ4,U+5171
其,qi2,ㄑㄧ2,tɕʰi2,U+5176
具,jyu4,ㄐㄩ4,tɕy4,U+5177
兼,jian1,ㄐㄧㄢ1,tɕiɛn1,U+517C
冂,jyung3,ㄐㄩㄥ3,tɕyŋ3,U+5182
冂,njian3,ㄬㄧㄢ3,ɲiɛn3,U+5182
冊,ceo5,ㄘㄜ5,tsʰɤ5,U+518A
册,ceo5,ㄘㄜ5,tsʰɤ5,U+518C
再,zai4,ㄗㄞ4,tsaɪ4,U+518D
冒,mau4,ㄇㄠ4,mɑʊ4,U+5192
冒,meo5,ㄇㄜ5,mɤ5,U+5192
冕,mian3,ㄇㄧㄢ3,miɛn3,U+5195
冠,guan1,ㄍㄨㄢ1,kuan1,U+51A0
冠,guan4,ㄍㄨㄢ4,kuan4,U+51A0
冤,yuan1,ㄩㄢ1,,U+51A4
冥,mi5,ㄇㄧ5,mi5,U+51A5
冥,ming2,ㄇㄧㄥ2,,U+51A5
冥,ming3,ㄇㄧㄥ3,,U+51A5
冬,dung1,ㄉㄨㄥ1,tʊŋ1,U+51AC
冲,chung1,ㄔㄨㄥ1,ʈʂʰʊŋ1,U+51B2
决,jyue5,ㄐㄩㄝ5,tɕyɛ5,U+51B3
冶,ye3,ㄧㄝ3,iɛ3,U+51B6
冷,leng3,ㄌㄥ3,ləŋ3,U+51B7
净,zing4,ㄗㄧㄥ4,,U+51C0
凄,cyi1,ㄘㄧ1,tsʰi1,U+51C4
准,zhun3,ㄓㄨㄣ3,ʈʂuən3,U+51C6
凈,zing4,ㄗㄧㄥ4,,U+51C8
凉,liang2,ㄌㄧㄤ2,,U+51C9
凋,diau1,ㄉㄧㄠ1,tiɑʊ1,U+51CB
凍,dung4,ㄉㄨㄥ4,tʊŋ4,U+51CD
凑,ceu4,ㄘㄡ4,tsʰoʊ4,U+51D1
凝,njing2,ㄬㄧㄥ2,,U+51DD
几,ji1,ㄐㄧ1,tɕi1,U+51E0
処,chu3,ㄔㄨ3,ʈʂʰu3,U+51E6
処,chu4,ㄔㄨ4,ʈʂʰu4,U+51E6
凰,huang2,ㄏㄨㄤ2,,U+51F0
凱,kai3,ㄎㄞ3,kʰaɪ3,U+51F1
凶,xyung1,ㄒㄩㄥ1,ɕyŋ1,U+51F6
凸,die5,ㄉㄧㄝ5,tiɛ5,U+51F8
凸,tu5,ㄊㄨ5,tʰu5,U+51F8
凹,au,ㄠ,ɑʊ,U+51F9
凹,au1,ㄠ1,ɑʊ1,U+51F9
出,chu5,ㄔㄨ5,ʈʂʰu5,U+51FA
出,chuei4,ㄔㄨㄟ4,ʈʂʰueɪ4,U+51FA
函,han2,ㄏㄢ2,xan2,U+51FD
刀,dau1,ㄉㄠ1,tɑʊ1,U+5200
刁,diau1,ㄉㄧㄠ1,tiɑʊ1,U+5201
分,fen1,ㄈㄣ1,fən1,U+5206
分,fen4,ㄈㄣ4,fən4,U+5206
切,cie5,ㄘㄧㄝ5,tsʰiɛ5,U+5207
刊,kan1,ㄎㄢ1,kʰan1,U+520A
刎,un3,ㄨㄣ3,uən3,U+520E
刑,xing2,ㄒㄧㄥ2,,U+5211
列,lie5,ㄌㄧㄝ5,liɛ5,U+5217
初,chu1,ㄔㄨ1,ʈʂʰu1,U+521D
删,shan1,ㄕㄢ1,ʂan1,U+5220
判,pan4,ㄆㄢ4,pʰan4,U+5224
別,bie5,ㄅㄧㄝ5,piɛ5,U+5225
刦,jie5,ㄐㄧㄝ5,tɕiɛ5,U+5226
利,li4,ㄌㄧ4,li4,U+5229
刪,ran,ㄖㄢ,ʐan,U+522A
刪,shan1,ㄕㄢ1,ʂan1,U+522A
刮,gua5,ㄍㄨㄚ5,kuɑ5,U+522E
刷,shua5,ㄕㄨㄚ5,ʂuɑ5,U+5237
券,qyuan4,ㄑㄩㄢ4,,U+5238
刺,ci4,ㄘㄭ4,tsʰɨ4,U+523A
刺,cyi5,ㄘㄧ5,tsʰi5,U+523A
刻,keo5,ㄎㄜ5,kʰɤ5,U+523B
剁,duo4,ㄉㄨㄛ4,tuɔ4,U+5241
剃,ti4,ㄊㄧ4,tʰi4,U+5243
則,zeo5,ㄗㄜ5,tsɤ5,U+5247
削,sio5,ㄙㄧㄛ5,siɔ5,U+524A
剌,la5,ㄌㄚ5,la5,U+524C
前,cian2,ㄘㄧㄢ2,tsʰiɛn2,U+524D
剎,cha5,ㄔㄚ5,ʈʂʰa5,U+524E
剎,sha5,ㄕㄚ5,ʂa5,U+524E
剔,ti5,ㄊㄧ5,tʰi5,U+5254
剛,gang1,ㄍㄤ1,kɑŋ1,U+525B
剜,wan1,ㄨㄢ1,uan1,U+525C
剝,bo5,ㄅㄛ5,pɔ5,U+525D
剩,sheng4,ㄕㄥ4,ʂəŋ4,U+5269
副,fu5,ㄈㄨ5,fu5,U+526F
副,pi5,ㄆㄧ5,pʰi5,U+526F
割,go5,ㄍㄛ5,kɔ5,U+5272
創,chuang1,ㄔㄨㄤ1,,U+5275
創,chuang4,ㄔㄨㄤ4,,U+5275
剷,chan3,ㄔㄢ3,ʈʂʰan3,U+5277
劇,jyu5,ㄐㄩ5,tɕy5,U+5287
劈,pi5,ㄆㄧ5,pʰi5,U+5288
劉,lieu2,ㄌㄧㄡ2,liɔʊ2,U+5289
劍,jian4,ㄐㄧㄢ4,tɕiɛn4,U+528D
劑,zyi1,ㄗㄧ1,tsi1,U+5291
劑,zyi4,ㄗㄧ4,tsi4,U+5291
力,li5,ㄌㄧ5,li5,U+529B
功,gung1,ㄍㄨㄥ1,kʊŋ1,U+529F
加,jia1,ㄐㄧㄚ1,tɕiɑ1,U+52A0
劣,lyue5,ㄌㄩㄝ5,lyɛ5,U+52A3
努,nu3,ㄋㄨ3,nu3,U+52AA
劫,jie5,ㄐㄧㄝ5,tɕiɛ5,U+52AB
効,xiau4,ㄒㄧㄠ4,ɕiɑʊ4,U+52B9
勃,bo5,ㄅㄛ5,pɔ5,U+52C3
勇,yung3,,,U+52C7
勉,mian3,ㄇㄧㄢ3,miɛn3,U+52C9
勒,l,ㄌ,l,U+52D2
勒,leo,ㄌㄜ,lɤ,U+52D2
勒,leo5,ㄌㄜ5,lɤ5,U+52D2
動,dung4,ㄉㄨㄥ4,tʊŋ4,U+52D5
勘,kan1,ㄎㄢ1,kʰan1,U+52D8
勘,kan4,ㄎㄢ4,kʰan4,U+52D8
勛,xyun1,ㄒㄩㄣ1,,U+52DB
勝,sheng1,ㄕㄥ1,ʂəŋ1,U+52DD
勝,sheng4,ㄕㄥ4,ʂəŋ4,U+52DD
勞,lau2,ㄌㄠ2,lɑʊ2,U+52DE
勞,lau4,ㄌㄠ4,lɑʊ4,U+52DE
募,mu4,ㄇㄨ4,mu4,U+52DF
勢,shi4,ㄕㄭ4,ʂɨ4,U+52E2
勤,qin2,ㄑㄧㄣ2,tɕʰin2,U+52E4
勦,ziau3,ㄗㄧㄠ3,tsiɑʊ3,U+52E6
勳,xyun1,ㄒㄩㄣ1,,U+52F3
勵,li4,ㄌㄧ4,li4,U+52F5
勸,qyuan4,ㄑㄩㄢ4,,U+52F8
勺,sho5,ㄕㄛ5,ʂɔ5,U+52FA
勺,zho5,ㄓㄛ5,ʈʂɔ5,U+52FA
勻,yun2,,,U+52FB
勾,geu1,ㄍㄡ1,koʊ1,U+52FE
勿,wu5,ㄨ5,u5,U+52FF
包,bau1,ㄅㄠ1,pɑʊ1,U+5305
匈,xyung1,ㄒㄩㄥ1,ɕyŋ1,U+5308
化,hua4,ㄏㄨㄚ4,xuɑ4,U+5316
化,r,ㄦ,əɻ,U+5316
北,be5,ㄅㄝ5,pɛ5,U+5317
北,bei4,ㄅㄟ4,peɪ4,U+5317
北,beo5,ㄅㄜ5,pɤ5,U+5317
匠,ziang4,ㄗㄧㄤ4,,U+5320
匡,kuang1,ㄎㄨㄤ1,,U+5321
匪,fei3,ㄈㄟ3,feɪ3,U+532A
匹,pi5,ㄆㄧ5,pʰi5,U+5339
匾,bian3,ㄅㄧㄢ3,piɛn3,U+533E
匿,nji5,ㄬㄧ5,ɲi5,U+533F
區,eu1,ㄡ1,oʊ1,U+5340
區,qyu1,ㄑㄩ1,tɕʰy1,U+5340
十,angr,ㄤㄦ,,U+5341
十,ar,ㄚㄦ,,U+5341
十,aur,ㄠㄦ,,U+5341
十,en,ㄣ,ən,U+5341
十,engr,ㄥㄦ,,U+5341
十,er,ㄦ,əɻ,U+5341
十,eur,ㄡㄦ,,U+5341
十,or,ㄛㄦ,,U+5341
十,shi5,ㄕㄭ5,ʂɨ5,U+5341
十,ungr,ㄨㄥㄦ,,U+5341
千,cian1,ㄘㄧㄢ1,tsʰiɛn1,U+5343
卄,njian4,ㄬㄧㄢ4,ɲiɛn4,U+5344
卅,sa5,ㄙㄚ5,sa5,U+5345
升,sheng1,ㄕㄥ1,ʂəŋ1,U+5347
午,wu3,ㄨ3,u3,U+5348
半,ban4,ㄅㄢ4,pan4,U+534A
半,mi,ㄇㄧ,mi,U+534A
卌,syi5,ㄙㄧ5,si5,U+534C
卑,bei1,ㄅㄟ1,peɪ1,U+5351
卒,zu5,ㄗㄨ5,tsu5,U+5352
卓,zhuo5,ㄓㄨㄛ5,ʈʂuɔ5,U+5353
協,xie5,ㄒㄧㄝ5,ɕiɛ5,U+5354
南,nan2,ㄋㄢ2,nan2,U+5357
博,bo5,ㄅㄛ5,pɔ5,U+535A
卜,bu5,ㄅㄨ5,pu5,U+535C
卝,guan4,ㄍㄨㄢ4,kuan4,U+535D
卝,gung3,ㄍㄨㄥ3,kʊŋ3,U+535D
卝,xyung4,ㄒㄩㄥ4,ɕyŋ4,U+535D
卞,bian4,ㄅㄧㄢ4,piɛn4,U+535E
占,zhan1,ㄓㄢ1,ʈʂan1,U+5360
占,zhan4,ㄓㄢ4,ʈʂan4,U+5360
卡,ka3,ㄎㄚ3,kʰa3,U+5361
卡,qia3,ㄑㄧㄚ3,tɕʰiɑ3,U+5361
卦,gua4,ㄍㄨㄚ4,kuɑ4,U+5366
卯,mau3,ㄇㄠ3,mɑʊ3,U+536F
危,ei,ㄟ,eɪ,U+5371
即,zyi5,ㄗㄧ5,tsi5,U+5373
却,qio5,ㄑㄧㄛ5,tɕʰiɔ5,U+5374
卵,luan3,ㄌㄨㄢ3,luan3,U+5375
卵,luo3,ㄌㄨㄛ3,luɔ3,U+5375
卷,jyuan3,ㄐㄩㄢ3,,U+5377
卷,jyuan4,ㄐㄩㄢ4,,U+5377
卷,qyuan2,ㄑㄩㄢ2,,U+5377
卸,sie4,ㄙㄧㄝ4,siɛ4,U+5378
卹,syu5,ㄙㄩ5,sy5,U+5379
卻,qio5,ㄑㄧㄛ5,tɕʰiɔ5,U+537B
卽,zyi5,ㄗㄧ5,tsi5,U+537D
厄,eo,ㄜ,ɤ,U+5384
厄,eo5,ㄜ5,ɤ5,U+5384
厓,yai2,ㄧㄞ2,,U+5393
厘,li2,ㄌㄧ2,li2,U+5398
原,yuan2,ㄩㄢ2,,U+539F
厥,jyue5,ㄐㄩㄝ5,tɕyɛ5,U+53A5
厦,sha4,ㄕㄚ4,ʂa4,U+53A6
厦,xia4,ㄒㄧㄚ4,ɕiɑ4,U+53A6
厭,yan4,ㄧㄢ4,iɛn4,U+53AD
厭,ye5,ㄧㄝ5,iɛ5,U+53AD
厱,lan2,ㄌㄢ2,lan2,U+53B1
厱,qian1,ㄑㄧㄢ1,tɕʰiɛn1,U+53B1
厲,li4,ㄌㄧ4,li4,U+53B2
厶,meu3,ㄇㄡ3,moʊ3,U+53B6
厶,si1,ㄙㄭ1,sɨ1,U+53B6
去,la,ㄌㄚ,la,U+53BB
去,qyu4,ㄑㄩ4,tɕʰy4,U+53BB
參,can1,ㄘㄢ1,tsʰan1,U+53C3
參,cen1,ㄘㄣ1,tsʰən1,U+53C3
參,chen1,ㄔㄣ1,ʈʂʰən1,U+53C3
參,san1,ㄙㄢ1,san1,U+53C3
參,shen1,ㄕㄣ1,ʂən1,U+53C3
又,yeu4,ㄧㄡ4,iɔʊ4,U+53C8
叉,cha1,ㄔㄚ1,ʈʂʰa1,U+53C9
及,ji5,ㄐㄧ5,tɕi5,U+53CA
友,yeu3,ㄧㄡ3,iɔʊ3,U+53CB
双,shuang1,ㄕㄨㄤ1,,U+53CC
反,fan3,ㄈㄢ3,fan3,U+53CD
叔,shu5,ㄕㄨ5,ʂu5,U+53D4
取,cyu3,ㄘㄩ3,tsʰy3,U+53D6
变,bian4,ㄅㄧㄢ4,piɛn4,U+53D8
叙,syu4,ㄙㄩ4,sy4,U+53D9
叛,pan4,ㄆㄢ4,pʰan4,U+53DB
叟,seu3,ㄙㄡ3,soʊ3,U+53DF
叠,die5,ㄉㄧㄝ5,tiɛ5,U+53E0
叢,cung2,ㄘㄨㄥ2,tsʰʊŋ2,U+53E2
口,i,ㄧ,i,U+53E3
口,keu3,ㄎㄡ3,kʰoʊ3,U+53E3
句,geu1,ㄍㄡ1,koʊ1,U+53E5
句,jyu4,ㄐㄩ4,tɕy4,U+53E5
另,ling4,ㄌㄧㄥ4,,U+53E6
叨,tau1,ㄊㄠ1,tʰɑʊ1,U+53E8
叩,keu4,ㄎㄡ4,kʰoʊ4,U+53E9
叫,jiau4,ㄐㄧㄠ4,tɕiɑʊ4,U+53EB
召,zhau4,ㄓㄠ4,ʈʂɑʊ4,U+53EC
叭,ba5,ㄅㄚ5,pa5,U+53ED
叮,ding1,ㄉㄧㄥ1,,U+53EE
可,k,ㄎ,kʰ,U+53EF
可,ko3,ㄎㄛ3,kʰɔ3,U+53EF
台,tai1,ㄊㄞ1,tʰaɪ1,U+53F0
台,tai2,ㄊㄞ2,tʰaɪ2,U+53F0
台,yi2,ㄧ2,i2,U+53F0
史,shi3,ㄕㄭ3,ʂɨ3,U+53F2
右,yeu4,ㄧㄡ4,iɔʊ4,U+53F3
叶,e,ㄝ,ɛ,U+53F6
叶,xie5,ㄒㄧㄝ5,ɕiɛ5,U+53F6
司,si1,ㄙㄭ1,sɨ1,U+53F8
叼,diau1,ㄉㄧㄠ1,tiɑʊ1,U+53FC
吁,xyu1,ㄒㄩ1,ɕy1,U+5401
吃,chi5,ㄔㄭ5,ʈʂʰɨ5,U+5403
吃,qi5,ㄑㄧ5,tɕʰi5,U+5403
各,go5,ㄍㄛ5,kɔ5,U+5404
合,go5,ㄍㄛ5,kɔ5,U+5408
合,ho5,ㄏㄛ5,xɔ5,U+5408
吉,ji5,ㄐㄧ5,tɕi5,U+5409
吊,diau4,ㄉㄧㄠ4,tiɑʊ4,U+540A
同,tung2,ㄊㄨㄥ2,tʰʊŋ2,U+540C
名,ming2,ㄇㄧㄥ2,,U+540D
吏,li4,ㄌㄧ4,li4,U+540F
吐,tu3,ㄊㄨ3,tʰu3,U+5410
吐,tu4,ㄊㄨ4,tʰu4,U+5410
吕,lyu3,ㄌㄩ3,ly3,U+5415
君,jyun1,ㄐㄩㄣ1,,U+541B
吝,lin4,ㄌㄧㄣ4,lin4,U+541D
吞,tun1,ㄊㄨㄣ1,tʰuən1,U+541E
吟,in2,ㄧㄣ2,in2,U+541F
吟,yin4,ㄧㄧㄣ4,,U+541F
吠,fei3,ㄈㄟ3,feɪ3,U+5420
吠,fei4,ㄈㄟ4,feɪ4,U+5420
否,feu3,ㄈㄡ3,foʊ3,U+5426
否,pi3,ㄆㄧ3,pʰi3,U+5426
吧,ba,ㄅㄚ,pa,U+5427
吩,fen1,ㄈㄣ1,fən1,U+5429
吩,pen1,ㄆㄣ1,pʰən1,U+5429
含,han2,ㄏㄢ2,xan2,U+542B
听,ting1,ㄊㄧㄥ1,,U+542C
听,ting4,ㄊㄧㄥ4,,U+542C
吳,wu2,ㄨ2,u2,U+5433
吵,chau3,ㄔㄠ3,ʈʂʰɑʊ3,U+5435
吶,na5,ㄋㄚ5,na5,U+5436
吸,xi5,ㄒㄧ5,ɕi5,U+5438
吹,chuei1,ㄔㄨㄟ1,ʈʂʰueɪ1,U+5439
吻,un3,ㄨㄣ3,uən3,U+543B
吼,heu3,ㄏㄡ3,xoʊ3,U+543C
吽,men1,ㄇㄣ1,mən1,U+543D
呀,xia1,ㄒㄧㄚ1,ɕiɑ1,U+5440
呀,ya1,ㄧㄚ1,iɑ1,U+5440
呂,lyu3,ㄌㄩ3,ly3,U+5442
呃,eo,ㄜ,ɤ,U+5443
呃,eo5,ㄜ5,ɤ5,U+5443
呆,dai1,ㄉㄞ1,taɪ1,U+5446
呆,ngai2,ㄫㄞ2,ŋaɪ2,U+5446
呈,cheng2,ㄔㄥ2,ʈʂʰəŋ2,U+5448
告,gau4,ㄍㄠ4,kɑʊ4,U+544A
呌,jiau4,ㄐㄧㄠ4,tɕiɑʊ4,U+544C
呢,nji,ㄬㄧ,ɲi,U+5462
呢,nji2,ㄬㄧ2,ɲi2,U+5462
周,zheu1,ㄓㄡ1,ʈʂoʊ1,U+5468
味,vei4,ㄪㄟ4,ʋeɪ4,U+5473
味,vi4,ㄪㄧ4,ʋi4,U+5473
味,wei4,ㄨㄟ4,ueɪ4,U+5473
呵,ha1,ㄏㄚ1,xa1,U+5475
呵,ho1,ㄏㄛ1,xɔ1,U+5475
呸,pei1,ㄆㄟ1,pʰeɪ1,U+5478
呺,hau2,ㄏㄠ2,xɑʊ2,U+547A
呺,xiau1,ㄒㄧㄠ1,ɕiɑʊ1,U+547A
呼,hu1,ㄏㄨ1,xu1,U+547C
呼,i,ㄧ,i,U+547C
命,ming4,ㄇㄧㄥ4,,U+547D
呿,qie5,ㄑㄧㄝ5,tɕʰiɛ5,U+547F
呿,qyu1,ㄑㄩ1,tɕʰy1,U+547F
和,ho2,ㄏㄛ2,xɔ2,U+548C
咍,ai,ㄞ,aɪ,U+548D
咏,yung3,,,U+548F
咒,zheu4,ㄓㄡ4,ʈʂoʊ4,U+5492
咥,die5,ㄉㄧㄝ5,tiɛ5,U+54A5
咥,xi4,ㄒㄧ4,ɕi4,U+54A5
咦,xi1,ㄒㄧ1,ɕi1,U+54A6
咦,yi2,ㄧ2,i2,U+54A6
咧,lie,ㄌㄧㄝ,liɛ,U+54A7
咬,yau3,ㄧㄠ3,iɑʊ3,U+54AC
咮,zheu1,ㄓㄡ1,ʈʂoʊ1,U+54AE
咮,zhu4,ㄓㄨ4,ʈʂu4,U+54AE
咯,go5,ㄍㄛ5,kɔ5,U+54AF
咯,lo,ㄌㄛ,lɔ,U+54AF
咯,lo5,ㄌㄛ5,lɔ5,U+54AF
咱,za2,ㄗㄚ2,tsa2,U+54B1
咱,zan2,ㄗㄢ2,tsan2,U+54B1
咳,hai2,ㄏㄞ2,xaɪ2,U+54B3
咳,kai4,ㄎㄞ4,kʰaɪ4,U+54B3
咳,keo5,ㄎㄜ5,kʰɤ5,U+54B3
咸,xian2,ㄒㄧㄢ2,ɕiɛn2,U+54B8
咻,xieu1,ㄒㄧㄡ1,ɕiɔʊ1,U+54BB
咽,yan1,ㄧㄢ1,iɛn1,U+54BD
咽,ye5,ㄧㄝ5,iɛ5,U+54BD
哀,ai,ㄞ,aɪ,U+54C0
哀,ai1,ㄞ1,aɪ1,U+54C0
品,pin3,ㄆㄧㄣ3,pʰin3,U+54C1
哄,hung3,ㄏㄨㄥ3,xʊŋ3,U+54C4
哆,chi3,ㄔㄭ3,ʈʂʰɨ3,U+54C6
哆,do3,ㄉㄛ3,tɔ3,U+54C6
哉,zai1,ㄗㄞ1,tsaɪ1,U+54C9
哎,ai1,ㄞ1,aɪ1,U+54CE
員,yun2,,,U+54E1
哥,go1,ㄍㄛ1,kɔ1,U+54E5
哦,ngo2,ㄫㄛ2,ŋɔ2,U+54E6
哦,o,ㄛ,ɔ,U+54E6
哦,o1,ㄛ1,ɔ1,U+54E6
哨,siau1,ㄙㄧㄠ1,siɑʊ1,U+54E8
哩,li,ㄌㄧ,li,U+54E9
哪,na3,ㄋㄚ3,na3,U+54EA
哭,ku5,ㄎㄨ5,kʰu5,U+54ED
哲,zhe5,ㄓㄝ5,ʈʂɛ5,U+54F2
哲,zheo5,ㄓㄜ5,ʈʂɤ5,U+54F2
哼,eng,ㄥ,əŋ,U+54FC
哼,eng1,ㄥ1,əŋ1,U+54FC
哼,heng1,ㄏㄥ1,xəŋ1,U+54FC
哿,ko3,ㄎㄛ3,kʰɔ3,U+54FF
唇,chun2,ㄔㄨㄣ2,ʈʂʰuən2,U+5507
唇,zhen1,ㄓㄣ1,ʈʂən1,U+5507
唉,ai1,ㄞ1,aɪ1,U+5509
唉,hai4,ㄏㄞ4,xaɪ4,U+5509
唏,xi1,ㄒㄧ1,ɕi1,U+550F
唏,xi3,ㄒㄧ3,ɕi3,U+550F
唐,ang,ㄤ,ɑŋ,U+5510
唐,tang2,ㄊㄤ2,tʰɑŋ2,U+5510
唧,zyi5,ㄗㄧ5,tsi5,U+5527
唯,wei2,ㄨㄟ2,ueɪ2,U+552F
唯,wei3,ㄨㄟ3,ueɪ3,U+552F
唱,chang4,ㄔㄤ4,ʈʂʰɑŋ4,U+5531
唵,an3,ㄢ3,an3,U+5535
唶,zie4,ㄗㄧㄝ4,tsiɛ4,U+5536
唷,yo5,ㄧㄛ5,iɔ5,U+5537
唾,tuo4,ㄊㄨㄛ4,tʰuɔ4,U+553E
啁,chau1,ㄔㄠ1,ʈʂʰɑʊ1,U+5541
啁,zheu1,ㄓㄡ1,ʈʂoʊ1,U+5541
商,shang1,ㄕㄤ1,ʂɑŋ1,U+5546
啊,a1,ㄚ1,a1,U+554A
問,wen4,ㄨㄣ4,uən4,U+554F
啐,chai4,ㄔㄞ4,ʈʂʰaɪ4,U+5550
啐,cuei4,ㄘㄨㄟ4,tsʰueɪ4,U+5550
啓,qi3,ㄑㄧ3,tɕʰi3,U+5553
啚,bi3,ㄅㄧ3,pi3,U+555A
啚,tu2,ㄊㄨ2,tʰu2,U+555A
啞,eo5,ㄜ5,ɤ5,U+555E
啞,ya3,ㄧㄚ3,iɑ3,U+555E
啟,qi3,ㄑㄧ3,tɕʰi3,U+555F
啡,bai3,ㄅㄞ3,paɪ3,U+5561
啡,pei1,ㄆㄟ1,pʰeɪ1,U+5561
啣,xian2,ㄒㄧㄢ2,ɕiɛn2,U+5563
啦,la,ㄌㄚ,la,U+5566
啷,lang1,ㄌㄤ1,lɑŋ1,U+5577
啼,ti2,ㄊㄧ2,tʰi2,U+557C
啾,zieu1,ㄗㄧㄡ1,tsiɔʊ1,U+557E
喁,yu2,ㄩ2,y2,U+5581
喁,yung2,,,U+5581
喃,nan2,ㄋㄢ2,nan2,U+5583
善,shan4,ㄕㄢ4,ʂan4,U+5584
喇,la5,ㄌㄚ5,la5,U+5587
喉,heu2,ㄏㄡ2,xoʊ2,U+5589
喊,han3,ㄏㄢ3,xan3,U+558A
喒,za2,ㄗㄚ2,tsa2,U+5592
喒,za3,ㄗㄚ3,tsa3,U+5592
喘,chuan3,ㄔㄨㄢ3,ʈʂʰuan3,U+5598
喚,huan4,ㄏㄨㄢ4,xuan4,U+559A
喜,xi3,ㄒㄧ3,ɕi3,U+559C
喝,ai4,ㄞ4,aɪ4,U+559D
喝,h,ㄏ,x,U+559D
喝,ho5,ㄏㄛ5,xɔ5,U+559D
喧,xyuan1,ㄒㄩㄢ1,,U+55A7
喪,sang1,ㄙㄤ1,sɑŋ1,U+55AA
喪,sang4,ㄙㄤ4,sɑŋ4,U+55AA
喫,chi5,ㄔㄭ5,ʈʂʰɨ5,U+55AB
喫,qi5,ㄑㄧ5,tɕʰi5,U+55AB
喬,qiau2,ㄑㄧㄠ2,tɕʰiɑʊ2,U+55AC
單,dan1,ㄉㄢ1,tan1,U+55AE
單,shan2,ㄕㄢ2,ʂan2,U+55AE
喲,yo5,ㄧㄛ5,iɔ5,U+55B2
嗃,xiau4,ㄒㄧㄠ4,ɕiɑʊ4,U+55C3
嗄,a2,ㄚ2,a2,U+55C4
嗄,ai4,ㄞ4,aɪ4,U+55C4
嗄,sha4,ㄕㄚ4,ʂa4,U+55C4
嗅,xieu4,ㄒㄧㄡ4,ɕiɔʊ4,U+55C5
嗆,ciang4,ㄘㄧㄤ4,,U+55C6
嗌,ai4,ㄞ4,aɪ4,U+55CC
嗌,yi5,ㄧ5,i5,U+55CC
嗎,ma,ㄇㄚ,ma,U+55CE
嗓,sang3,ㄙㄤ3,sɑŋ3,U+55D3
嗚,wu1,ㄨ1,u1,U+55DA
嗛,qian3,ㄑㄧㄢ3,tɕʰiɛn3,U+55DB
嗛,xian2,ㄒㄧㄢ2,ɕiɛn2,U+55DB
嗜,shi4,ㄕㄭ4,ʂɨ4,U+55DC
嗟,zie1,ㄗㄧㄝ1,tsiɛ1,U+55DF
嗾,seu3,ㄙㄡ3,soʊ3,U+55FE
嗾,zu5,ㄗㄨ5,tsu5,U+55FE
嘆,tan4,ㄊㄢ4,tʰan4,U+5606
嘉,jia1,ㄐㄧㄚ1,tɕiɑ1,U+5609
嘔,eu1,ㄡ1,oʊ1,U+5614
嘔,eu3,ㄡ3,oʊ3,U+5614
嘔,xyu1,ㄒㄩ1,ɕy1,U+5614
嘖,zeo5,ㄗㄜ5,tsɤ5,U+5616
嘗,chang2,ㄔㄤ2,ʈʂʰɑŋ2,U+5617
嘯,siau4,ㄙㄧㄠ4,siɑʊ4,U+562F
嘴,zuei3,ㄗㄨㄟ3,tsueɪ3,U+5634
嘵,xiau3,ㄒㄧㄠ3,ɕiɑʊ3,U+5635
嘻,xi1,ㄒㄧ1,ɕi1,U+563B
嘽,chan3,ㄔㄢ3,ʈʂʰan3,U+563D
嘽,tan1,ㄊㄢ1,tʰan1,U+563D
嘿,hei1,ㄏㄟ1,xeɪ1,U+563F
嘿,heo5,ㄏㄜ5,xɤ5,U+563F
嘿,meo5,ㄇㄜ5,mɤ5,U+563F
噎,ye5,ㄧㄝ5,iɛ5,U+564E
噎,yi5,ㄧ5,i5,U+564E
噐,qi4,ㄑㄧ4,tɕʰi4,U+5650
噓,xyu1,ㄒㄩ1,ɕy1,U+5653
噥,nang2,ㄋㄤ2,nɑŋ2,U+5665
噥,nung2,ㄋㄨㄥ2,nʊŋ2,U+5665
噦,huei4,ㄏㄨㄟ4,xueɪ4,U+5666
噦,yue5,ㄩㄝ5,yɛ5,U+5666
器,qi4,ㄑㄧ4,tɕʰi4,U+5668
噫,ai4,ㄞ4,aɪ4,U+566B
噫,yi1,ㄧ1,i1,U+566B
噫,yi4,ㄧ4,i4,U+566B
噯,ai,ㄞ,aɪ,U+566F
噯,ai1,ㄞ1,aɪ1,U+566F
噴,pen1,ㄆㄣ1,pʰən1,U+5674
嚇,heo5,ㄏㄜ5,xɤ5,U+5687
嚇,xia4,ㄒㄧㄚ4,ɕiɑ4,U+5687
嚌,zhai1,ㄓㄞ1,ʈʂaɪ1,U+568C
嚌,zyi4,ㄗㄧ4,tsi4,U+568C
嚏,ti4,ㄊㄧ4,tʰi4,U+568F
嚕,lu1,ㄌㄨ1,lu1,U+5695
嚨,lung2,ㄌㄨㄥ2,lʊŋ2,U+56A8
嚮,xiang3,ㄒㄧㄤ3,,U+56AE
嚮,xiang4,ㄒㄧㄤ4,,U+56AE
嚷,rang3,ㄖㄤ3,ʐɑŋ3,U+56B7
嚼,zio5,ㄗㄧㄛ5,tsiɔ5,U+56BC
嚾,huan1,ㄏㄨㄢ1,xuan1,U+56BE
嚾,tuan4,ㄊㄨㄢ4,tʰuan4,U+56BE
囁,njie5,ㄬㄧㄝ5,ɲiɛ5,U+56C1
囁,zhe5,ㄓㄝ5,ʈʂɛ5,U+56C1
囂,ngau2,ㄫㄠ2,ŋɑʊ2,U+56C2
囂,xiau1,ㄒㄧㄠ1,ɕiɑʊ1,U+56C2
囊,nang,ㄋㄤ,nɑŋ,U+56CA
囊,nang2,ㄋㄤ2,nɑŋ2,U+56CA
囚,cieu2,ㄘㄧㄡ2,tsʰiɔʊ2,U+56DA
囚,sieu2,ㄙㄧㄡ2,siɔʊ2,U+56DA
四,er,ㄦ,əɻ,U+56DB
四,si4,ㄙㄭ4,sɨ4,U+56DB
四,yu5,ㄩ5,y5,U+56DB
囝,jian3,ㄐㄧㄢ3,tɕiɛn3,U+56DD
回,huei2,ㄏㄨㄟ2,xueɪ2,U+56DE
因,in1,ㄧㄣ1,in1,U+56E0
困,kun4,ㄎㄨㄣ4,kʰuən4,U+56F0
固,gu4,ㄍㄨ4,ku4,U+56FA
圈,qyuan1,ㄑㄩㄢ1,,U+5708
國,gue5,ㄍㄩㄝ5,kyɛ5,U+570B
國,gueo5,ㄍㄩㄛ5,kyɔ5,U+570B
國,guo5,ㄍㄨㄛ5,kuɔ5,U+570B
圌,chuan2,ㄔㄨㄢ2,ʈʂʰuan2,U+570C
圌,shuei2,ㄕㄨㄟ2,ʂueɪ2,U+570C
園,yuan2,ㄩㄢ2,,U+5712
圖,tu2,ㄊㄨ2,tʰu2,U+5716
團,tuan2,ㄊㄨㄢ2,tʰuan2,U+5718
圜,huan2,ㄏㄨㄢ2,xuan2,U+571C
圜,yuan2,ㄩㄢ2,,U+571C
土,tu3,ㄊㄨ3,tʰu3,U+571F
在,zai4,ㄗㄞ4,tsaɪ4,U+5728
圭,guei1,ㄍㄨㄟ1,kueɪ1,U+572D
地,di,ㄉㄧ,ti,U+5730
地,di4,ㄉㄧ4,ti4,U+5730
圾,ji5,ㄐㄧ5,tɕi5,U+573E
坂,ban3,ㄅㄢ3,pan3,U+5742
均,jyun1,ㄐㄩㄣ1,,U+5747
坊,fang1,ㄈㄤ1,fɑŋ1,U+574A
坊,fang2,ㄈㄤ2,fɑŋ2,U+574A
坎,kan3,ㄎㄢ3,kʰan3,U+574E
坐,zuo4,ㄗㄨㄛ4,tsuɔ4,U+5750
坑,keng1,ㄎㄥ1,kʰəŋ1,U+5751
坡,po1,ㄆㄛ1,pʰɔ1,U+5761
坤,kun1,ㄎㄨㄣ1,kʰuən1,U+5764
坦,tan3,ㄊㄢ3,tʰan3,U+5766
坯,pei,ㄆㄟ,pʰeɪ,U+576F
坯,pi3,ㄆㄧ3,pʰi3,U+576F
坳,au1,ㄠ1,ɑʊ1,U+5773
坻,chi2,ㄔㄭ2,ʈʂʰɨ2,U+577B
坻,zhi3,ㄓㄭ3,ʈʂɨ3,U+577B
垂,chuei2,ㄔㄨㄟ2,ʈʂʰueɪ2,U+5782
型,xing2,ㄒㄧㄥ2,,U+578B
垓,gai1,ㄍㄞ1,kaɪ1,U+5793
垢,geu3,ㄍㄡ3,koʊ3,U+57A2
垢,geu4,ㄍㄡ4,koʊ4,U+57A2
埃,ai1,ㄞ1,aɪ1,U+57C3
埃,zhi4,ㄓㄭ4,ʈʂɨ4,U+57C3
埋,mai2,ㄇㄞ2,maɪ2,U+57CB
城,cheng2,ㄔㄥ2,ʈʂʰəŋ2,U+57CE
域,yu5,ㄩ5,y5,U+57DF
埤,bi4,ㄅㄧ4,pi4,U+57E4
埤,pi2,ㄆㄧ2,pʰi2,U+57E4
培,pei2,ㄆㄟ2,pʰeɪ2,U+57F9
培,peu4,ㄆㄡ4,pʰoʊ4,U+57F9
基,j,ㄐ,tɕ,U+57FA
基,ji1,ㄐㄧ1,tɕi1,U+57FA
埻,guo5,ㄍㄨㄛ5,kuɔ5,U+57FB
埻,zhun3,ㄓㄨㄣ3,ʈʂuən3,U+57FB
堂,tang2,ㄊㄤ2,tʰɑŋ2,U+5802
堅,jian1,ㄐㄧㄢ1,tɕiɛn1,U+5805
堆,duei1,ㄉㄨㄟ1,tueɪ1,U+5806
堇,jin3,ㄐㄧㄣ3,tɕin3,U+5807
堇,qin2,ㄑㄧㄣ2,tɕʰin2,U+5807
堋,beng1,ㄅㄥ1,pəŋ1,U+580B
堋,peng2,ㄆㄥ2,pʰəŋ2,U+580B
堡,bau3,ㄅㄠ3,pɑʊ3,U+5821
堤,di3,ㄉㄧ3,ti3,U+5824
堤,ti2,ㄊㄧ2,tʰi2,U+5824
堪,kan1,ㄎㄢ1,kʰan1,U+582A
堯,yau2,ㄧㄠ2,iɑʊ2,U+582F
報,bau4,ㄅㄠ4,pɑʊ4,U+5831
場,chang2,ㄔㄤ2,ʈʂʰɑŋ2,U+5834
場,chang3,ㄔㄤ3,ʈʂʰɑŋ3,U+5834
堵,du3,ㄉㄨ3,tu3,U+5835
堵,zhe3,ㄓㄝ3,ʈʂɛ3,U+5835
塊,kuai4,ㄎㄨㄞ4,kʰuaɪ4,U+584A
塌,ta5,ㄊㄚ5,tʰa5,U+584C
塔,ta5,ㄊㄚ5,tʰa5,U+5854
塗,cha2,ㄔㄚ2,ʈʂʰa2,U+5857
塗,tu2,ㄊㄨ2,tʰu2,U+5857
塘,tang2,ㄊㄤ2,tʰɑŋ2,U+5858
塞,sai4,ㄙㄞ4,saɪ4,U+585E
塞,seo5,ㄙㄜ5,sɤ5,U+585E
塡,tian2,ㄊㄧㄢ2,tʰiɛn2,U+5861
塡,zhen1,ㄓㄣ1,ʈʂən1,U+5861
塡,zhen4,ㄓㄣ4,ʈʂən4,U+5861
填,tian2,ㄊㄧㄢ2,tʰiɛn2,U+586B
塲,chang3,ㄔㄤ3,ʈʂʰɑŋ3,U+5872
塵,chen2,ㄔㄣ2,ʈʂʰən2,U+5875
塾,shu5,ㄕㄨ5,ʂu5,U+587E
墅,shu4,ㄕㄨ4,ʂu4,U+5885
墊,dian4,ㄉㄧㄢ4,tiɛn4,U+588A
墓,mu4,ㄇㄨ4,mu4,U+5893
墜,zhuei4,ㄓㄨㄟ4,ʈʂueɪ4,U+589C
增,zeng1,ㄗㄥ1,tsəŋ1,U+589E
墨,m,ㄇ,m,U+58A8
墨,me5,ㄇㄝ5,mɛ5,U+58A8
墨,meo5,ㄇㄜ5,mɤ5,U+58A8
墩,dun1,ㄉㄨㄣ1,tuən1,U+58A9
墮,duo4,ㄉㄨㄛ4,tuɔ4,U+58AE
墮,huei1,ㄏㄨㄟ1,xueɪ1,U+58AE
墻,ciang2,ㄘㄧㄤ2,,U+58BB
墾,ken3,ㄎㄣ3,kʰən3,U+58BE
壇,tan2,ㄊㄢ2,tʰan2,U+58C7
壑,ho5,ㄏㄛ5,xɔ5,U+58D1
壓,ya5,ㄧㄚ5,iɑ5,U+58D3
壘,luei3,ㄌㄨㄟ3,lueɪ3,U+58D8
壞,huai4,ㄏㄨㄞ4,xuaɪ4,U+58DE
壟,lung3,ㄌㄨㄥ3,lʊŋ3,U+58DF
士,shi4,ㄕㄭ4,ʂɨ4,U+58EB
壬,ren2,ㄖㄣ2,ʐən2,U+58EC
壯,zhuang4,ㄓㄨㄤ4,,U+58EF
声,sheng1,ㄕㄥ1,ʂəŋ1,U+58F0
壳,ko5,ㄎㄛ5,kʰɔ5,U+58F3
壺,hu2,ㄏㄨ2,xu2,U+58FA
夏,xia4,ㄒㄧㄚ4,ɕiɑ4,U+590F
夔,kuei2,ㄎㄨㄟ2,kʰueɪ2,U+5914
外,wai4,ㄨㄞ4,uaɪ4,U+5916
夙,su5,ㄙㄨ5,su5,U+5919
多,do1,ㄉㄛ1,tɔ1,U+591A
多,du,ㄉㄨ,tu,U+591A
夜,ye4,ㄧㄝ4,iɛ4,U+591C
夠,geu4,ㄍㄡ4,koʊ4,U+5920
夢,mung4,ㄇㄨㄥ4,mʊŋ4,U+5922
夥,huo3,ㄏㄨㄛ3,xuɔ3,U+5925
大,da4,ㄉㄚ4,ta4,U+5927
大,dai4,ㄉㄞ4,taɪ4,U+5927
天,tian1,ㄊㄧㄢ1,tʰiɛn1,U+5929
太,tai4,ㄊㄞ4,tʰaɪ4,U+592A
夫,fu1,ㄈㄨ1,fu1,U+592B
夫,fu2,ㄈㄨ2,fu2,U+592B
夭,yau1,ㄧㄠ1,iɑʊ1,U+592D
夭,yau3,ㄧㄠ3,iɑʊ3,U+592D
央,yang1,ㄧㄤ1,,U+592E
夰,gau3,ㄍㄠ3,kɑʊ3,U+5930
夰,hau4,ㄏㄠ4,xɑʊ4,U+5930
失,shi5,ㄕㄭ5,ʂɨ5,U+5931
夷,yi2,ㄧ2,i2,U+5937
夾,jia5,ㄐㄧㄚ5,tɕiɑ5,U+593E
夾,jie5,ㄐㄧㄝ5,tɕiɛ5,U+593E
奄,ian3,ㄧㄢ3,iɛn3,U+5944
奄,yan1,ㄧㄢ1,iɛn1,U+5944
奄,yan3,ㄧㄢ3,iɛn3,U+5944
奇,ji1,ㄐㄧ1,tɕi1,U+5947
奇,qi2,ㄑㄧ2,tɕʰi2,U+5947
奈,nai4,ㄋㄞ4,naɪ4,U+5948
奎,kuei1,ㄎㄨㄟ1,kʰueɪ1,U+594E
奏,zeu4,ㄗㄡ4,tsoʊ4,U+594F
契,qi4,ㄑㄧ4,tɕʰi4,U+5951
契,qi5,ㄑㄧ5,tɕʰi5,U+5951
契,qie5,ㄑㄧㄝ5,tɕʰiɛ5,U+5951
契,sie5,ㄙㄧㄝ5,siɛ5,U+5951
奔,ben1,ㄅㄣ1,pən1,U+5954
套,tau4,ㄊㄠ4,tʰɑʊ4,U+5957
奠,dian4,ㄉㄧㄢ4,tiɛn4,U+5960
奢,she1,ㄕㄝ1,ʂɛ1,U+5962
奢,sheo1,ㄕㄜ1,ʂɤ1,U+5962
奧,au4,ㄠ4,ɑʊ4,U+5967
奪,de5,ㄉㄝ5,tɛ5,U+596A
奪,deo5,ㄉㄜ5,tɤ5,U+596A
奪,duei4,ㄉㄨㄟ4,tueɪ4,U+596A
奪,duo5,ㄉㄨㄛ5,tuɔ5,U+596A
奮,fen4,ㄈㄣ4,fən4,U+596E
女,njyu3,ㄬㄩ3,ɲy3,U+5973
女,nyu3,ㄋㄩ3,ny3,U+5973
女,ru3,ㄖㄨ3,ʐu3,U+5973
女,ten2,ㄊㄣ2,tʰən2,U+5973
奴,nu2,ㄋㄨ2,nu2,U+5974
奸,jian1,ㄐㄧㄢ1,tɕiɛn1,U+5978
她,yi1,ㄧ1,i1,U+5979
奼,cha4,ㄔㄚ4,ʈʂʰa4,U+597C
奼,du4,ㄉㄨ4,tu4,U+597C
好,hau3,ㄏㄠ3,xɑʊ3,U+597D
好,hau4,ㄏㄠ4,xɑʊ4,U+597D
妁,zho5,ㄓㄛ5,ʈʂɔ5,U+5981
如,ru2,ㄖㄨ2,ʐu2,U+5982
妃,fei1,ㄈㄟ1,feɪ1,U+5983
妃,pei4,ㄆㄟ4,pʰeɪ4,U+5983
妄,wang4,ㄨㄤ4,,U+5984
妊,ren4,ㄖㄣ4,ʐən4,U+598A
妎,hai4,ㄏㄞ4,xaɪ4,U+598E
妒,du4,ㄉㄨ4,tu4,U+5992
妙,miau4,ㄇㄧㄠ4,miɑʊ4,U+5999
妝,zhuang1,ㄓㄨㄤ1,,U+599D
妠,na5,ㄋㄚ5,na5,U+59A0
妠,nan4,ㄋㄢ4,nan4,U+59A0
妠,nuo5,ㄋㄨㄛ5,nuɔ5,U+59A0
妥,tuo3,ㄊㄨㄛ3,tʰuɔ3,U+59A5
妬,du4,ㄉㄨ4,tu4,U+59AC
妯,cheu1,ㄔㄡ1,ʈʂʰoʊ1,U+59AF
妯,zhu5,ㄓㄨ5,ʈʂu5,U+59AF
妹,mei4,ㄇㄟ4,meɪ4,U+59B9
妻,cyi1,ㄘㄧ1,tsʰi1,U+59BB
妾,cie5,ㄘㄧㄝ5,tsʰiɛ5,U+59BE
姆,mu3,ㄇㄨ3,mu3,U+59C6
姊,zi3,ㄗㄭ3,tsɨ3,U+59CA
始,shi3,ㄕㄭ3,ʂɨ3,U+59CB
姍,san,ㄙㄢ,san,U+59CD
姍,sian1,ㄙㄧㄢ1,siɛn1,U+59CD
姐,zie3,ㄗㄧㄝ3,tsiɛ3,U+59D0
姑,gu1,ㄍㄨ1,ku1,U+59D1
姓,sing4,ㄙㄧㄥ4,,U+59D3
委,wei3,ㄨㄟ3,ueɪ3,U+59D4
姘,peng1,ㄆㄥ1,pʰəŋ1,U+59D8
姚,yau2,ㄧㄠ2,iɑʊ2,U+59DA
姜,jiang1,ㄐㄧㄤ1,,U+59DC
姣,jiau3,ㄐㄧㄠ3,tɕiɑʊ3,U+59E3
姣,xiau2,ㄒㄧㄠ2,ɕiɑʊ2,U+59E3
姦,jian1,ㄐㄧㄢ1,tɕiɛn1,U+59E6
姨,yi2,ㄧ2,i2,U+59E8
姬,ji1,ㄐㄧ1,tɕi1,U+59EC
姻,in1,ㄧㄣ1,in1,U+59FB
姼,chi3,ㄔㄭ3,ʈʂʰɨ3,U+59FC
姼,shi2,ㄕㄭ2,ʂɨ2,U+59FC
威,wei1,ㄨㄟ1,ueɪ1,U+5A01
娃,guai1,ㄍㄨㄞ1,kuaɪ1,U+5A03
娗,tian3,ㄊㄧㄢ3,tʰiɛn3,U+5A17
娗,ting2,ㄊㄧㄥ2,,U+5A17
娘,niang2,ㄋㄧㄤ2,,U+5A18
娘,njiang2,ㄬㄧㄤ2,,U+5A18
娛,yu2,ㄩ2,y2,U+5A1B
娜,no2,ㄋㄛ2,nɔ2,U+5A1C
娟,jyuan1,ㄐㄩㄢ1,,U+5A1F
娥,ngo2,ㄫㄛ2,ŋɔ2,U+5A25
娩,mian3,ㄇㄧㄢ3,miɛn3,U+5A29
娩,wan3,ㄨㄢ3,uan3,U+5A29
娶,cyu3,ㄘㄩ3,tsʰy3,U+5A36
娼,chang1,ㄔㄤ1,ʈʂʰɑŋ1,U+5A3C
婁,leu2,ㄌㄡ2,loʊ2,U+5A41
婁,lyu2,ㄌㄩ2,ly2,U+5A41
婆,po2,ㄆㄛ2,pʰɔ2,U+5A46
婘,jyuan4,ㄐㄩㄢ4,,U+5A58
婘,qyuan2,ㄑㄩㄢ2,,U+5A58
婚,hun1,ㄏㄨㄣ1,xuən1,U+5A5A
婢,bi4,ㄅㄧ4,pi4,U+5A62
婥,chuo5,ㄔㄨㄛ5,ʈʂʰuɔ5,U+5A65
婥,nau4,ㄋㄠ4,nɑʊ4,U+5A65
婿,syu4,ㄙㄩ4,sy4,U+5A7F
媒,mei2,ㄇㄟ2,meɪ2,U+5A92
媚,mei4,ㄇㄟ4,meɪ4,U+5A9A
媛,yuan4,ㄩㄢ4,,U+5A9B
媞,shi4,ㄕㄭ4,ʂɨ4,U+5A9E
媞,ti2,ㄊㄧ2,tʰi2,U+5A9E
媞,zhai4,ㄓㄞ4,ʈʂaɪ4,U+5A9E
媰,chu2,ㄔㄨ2,ʈʂʰu2,U+5AB0
媰,zheu1,ㄓㄡ1,ʈʂoʊ1,U+5AB0
媽,ma1,ㄇㄚ1,ma1,U+5ABD
媾,geu4,ㄍㄡ4,koʊ4,U+5ABE
嫁,jia4,ㄐㄧㄚ4,tɕiɑ4,U+5AC1
嫂,sau3,ㄙㄠ3,sɑʊ3,U+5AC2
嫉,zyi5,ㄗㄧ5,tsi5,U+5AC9
嫌,xian2,ㄒㄧㄢ2,ɕiɛn2,U+5ACC
嫖,piau2,ㄆㄧㄠ2,pʰiɑʊ2,U+5AD6
嫡,di5,ㄉㄧ5,ti5,U+5AE1
嫩,nun4,ㄋㄨㄣ4,nuən4,U+5AE9
嬈,njiau3,ㄬㄧㄠ3,ɲiɑʊ3,U+5B08
嬈,rau2,ㄖㄠ2,ʐɑʊ2,U+5B08
嬈,xiau4,ㄒㄧㄠ4,ɕiɑʊ4,U+5B08
嬉,xi1,ㄒㄧ1,ɕi1,U+5B09
嬌,jiau1,ㄐㄧㄠ1,tɕiɑʊ1,U+5B0C
嬛,qyung2,ㄑㄩㄥ2,tɕʰyŋ2,U+5B1B
嬛,xyuan,ㄒㄩㄢ,,U+5B1B
嬭,nai3,ㄋㄞ3,naɪ3,U+5B2D
嬭,ni3,ㄋㄧ3,ni3,U+5B2D
嬰,ing1,ㄧㄥ1,,U+5B30
嬲,njiau3,ㄬㄧㄠ3,ɲiɑʊ3,U+5B32
嬴,ing2,ㄧㄥ2,,U+5B34
嬸,shen3,ㄕㄣ3,ʂən3,U+5B38
嬾,lan3,ㄌㄢ3,lan3,U+5B3E
孀,shuang1,ㄕㄨㄤ1,,U+5B40
子,zi,ㄗㄭ,tsɨ,U+5B50
子,zi3,ㄗㄭ3,tsɨ3,U+5B50
子,zi4,ㄗㄭ4,tsɨ4,U+5B50
孑,jie5,ㄐㄧㄝ5,tɕiɛ5,U+5B51
孔,kung3,ㄎㄨㄥ3,kʰʊŋ3,U+5B54
字,zi4,ㄗㄭ4,tsɨ4,U+5B57
存,cun2,ㄘㄨㄣ2,tsʰuən2,U+5B58
孝,xiau4,ㄒㄧㄠ4,ɕiɑʊ4,U+5B5D
孟,meng4,ㄇㄥ4,məŋ4,U+5B5F
孤,gu1,ㄍㄨ1,ku1,U+5B64
孨,nji5,ㄬㄧ5,ɲi5,U+5B68
孨,zhuan3,ㄓㄨㄢ3,ʈʂuan3,U+5B68
孨,zhuan4,ㄓㄨㄢ4,ʈʂuan4,U+5B68
孩,hai2,ㄏㄞ2,xaɪ2,U+5B69
孫,sun1,ㄙㄨㄣ1,suən1,U+5B6B
孰,shu5,ㄕㄨ5,ʂu5,U+5B70
學,xio5,ㄒㄧㄛ5,ɕiɔ5,U+5B78
孺,ru2,ㄖㄨ2,ʐu2,U+5B7A
孽,njie5,ㄬㄧㄝ5,ɲiɛ5,U+5B7D
宅,zheo5,ㄓㄜ5,ʈʂɤ5,U+5B85
宇,yu3,ㄩ3,y3,U+5B87
守,sheu3,ㄕㄡ3,ʂoʊ3,U+5B88
安,an,ㄢ,an,U+5B89
安,an1,ㄢ1,an1,U+5B89
宋,sung4,ㄙㄨㄥ4,sʊŋ4,U+5B8B
完,wan2,ㄨㄢ2,uan2,U+5B8C
宏,hung2,ㄏㄨㄥ2,xʊŋ2,U+5B8F
宕,dang4,ㄉㄤ4,tɑŋ4,U+5B95
官,guan1,ㄍㄨㄢ1,kuan1,U+5B98
宙,zheu4,ㄓㄡ4,ʈʂoʊ4,U+5B99
宜,yi2,ㄧ2,i2,U+5B9C
宝,bau3,ㄅㄠ3,pɑʊ3,U+5B9D
客,ke5,ㄎㄝ5,kʰɛ5,U+5BA2
客,keo5,ㄎㄜ5,kʰɤ5,U+5BA2
宣,syuan1,ㄙㄩㄢ1,,U+5BA3
室,shi5,ㄕㄭ5,ʂɨ5,U+5BA4
宥,yeu4,ㄧㄡ4,iɔʊ4,U+5BA5
宦,huan4,ㄏㄨㄢ4,xuan4,U+5BA6
宮,gung1,ㄍㄨㄥ1,kʊŋ1,U+5BAE
害,hai4,ㄏㄞ4,xaɪ4,U+5BB3
宵,ieu,ㄧㄡ,iɔʊ,U+5BB5
宵,siau1,ㄙㄧㄠ1,siɑʊ1,U+5BB5
家,jia,ㄐㄧㄚ,tɕiɑ,U+5BB6
家,jia1,ㄐㄧㄚ1,tɕiɑ1,U+5BB6
容,yung2,,,U+5BB9
宿,sieu4,ㄙㄧㄡ4,siɔʊ4,U+5BBF
宿,su5,ㄙㄨ5,su5,U+5BBF
寂,zyi5,ㄗㄧ5,tsi5,U+5BC2
寅,in2,ㄧㄣ2,in2,U+5BC5
寅,yin2,ㄧㄧㄣ2,,U+5BC5
密,mi5,ㄇㄧ5,mi5,U+5BC6
密,xi1,ㄒㄧ1,ɕi1,U+5BC6
寇,keu4,ㄎㄡ4,kʰoʊ4,U+5BC7
寐,mei4,ㄇㄟ4,meɪ4,U+5BD0
寒,an,ㄢ,an,U+5BD2
寒,han2,ㄏㄢ2,xan2,U+5BD2
寔,shi5,ㄕㄭ5,ʂɨ5,U+5BD4
察,cha5,ㄔㄚ5,ʈʂʰa5,U+5BDF
寡,gua3,ㄍㄨㄚ3,kuɑ3,U+5BE1
寢,cin3,ㄘㄧㄣ3,tsʰin3,U+5BE2
寥,liau2,ㄌㄧㄠ2,liɑʊ2,U+5BE5
實,shi5,ㄕㄭ5,ʂɨ5,U+5BE6
寧,njing2,ㄬㄧㄥ2,,U+5BE7
寨,zhai4,ㄓㄞ4,ʈʂaɪ4,U+5BE8
審,shen3,ㄕㄣ3,ʂən3,U+5BE9
寫,sie3,ㄙㄧㄝ3,siɛ3,U+5BEB
寬,kuan1,ㄎㄨㄢ1,kʰuan1,U+5BEC
寵,chung3,ㄔㄨㄥ3,ʈʂʰʊŋ3,U+5BF5
寶,bau3,ㄅㄠ3,pɑʊ3,U+5BF6
寸,cun4,ㄘㄨㄣ4,tsʰuən4,U+5BF8
射,she4,ㄕㄝ4,ʂɛ4,U+5C04
射,sheo4,ㄕㄜ4,ʂɤ4,U+5C04
射,shi5,ㄕㄭ5,ʂɨ5,U+5C04
將,ciang1,ㄘㄧㄤ1,,U+5C07
將,ziang1,ㄗㄧㄤ1,,U+5C07
將,ziang3,ㄗㄧㄤ3,,U+5C07
將,ziang4,ㄗㄧㄤ4,,U+5C07
專,zhuan1,ㄓㄨㄢ1,ʈʂuan1,U+5C08
尉,yu5,ㄩ5,y5,U+5C09
尊,zun1,ㄗㄨㄣ1,tsuən1,U+5C0A
尋,sin2,ㄙㄧㄣ2,sin2,U+5C0B
對,duei4,ㄉㄨㄟ4,tueɪ4,U+5C0D
小,siau3,ㄙㄧㄠ3,siɑʊ3,U+5C0F
少,shau3,ㄕㄠ3,ʂɑʊ3,U+5C11
少,shau4,ㄕㄠ4,ʂɑʊ4,U+5C11
尔,er3,ㄦ3,əɻ3,U+5C14
尖,zian1,ㄗㄧㄢ1,tsiɛn1,U+5C16
尚,shang,ㄕㄤ,ʂɑŋ,U+5C1A
尚,shang2,ㄕㄤ2,ʂɑŋ2,U+5C1A
尚,shang4,ㄕㄤ4,ʂɑŋ4,U+5C1A
就,zieu4,ㄗㄧㄡ4,tsiɔʊ4,U+5C31
尸,sh,ㄕ,ʂ,U+5C38
尸,shi1,ㄕㄭ1,ʂɨ1,U+5C38
尹,in3,ㄧㄣ3,in3,U+5C39
尺,chi5,ㄔㄭ5,ʈʂʰɨ5,U+5C3A
尼,nji2,ㄬㄧ2,ɲi2,U+5C3C
尾,vei3,ㄪㄟ3,ʋeɪ3,U+5C3E
尾,vi3,ㄪㄧ3,ʋi3,U+5C3E
尾,wei3,ㄨㄟ3,ueɪ3,U+5C3E
尿,njiau4,ㄬㄧㄠ4,ɲiɑʊ4,U+5C3F
局,jyu5,ㄐㄩ5,tɕy5,U+5C40
屁,pi4,ㄆㄧ4,pʰi4,U+5C41
居,ji1,ㄐㄧ1,tɕi1,U+5C45
居,jyu1,ㄐㄩ1,tɕy1,U+5C45
屆,jiai4,ㄐㄧㄞ4,,U+5C46
屈,jyue5,ㄐㄩㄝ5,tɕyɛ5,U+5C48
屈,qyu5,ㄑㄩ5,tɕʰy5,U+5C48
屋,wu5,ㄨ5,u5,U+5C4B
屍,shi1,ㄕㄭ1,ʂɨ1,U+5C4D
屎,shi3,ㄕㄭ3,ʂɨ3,U+5C4E
屏,bing3,ㄅㄧㄥ3,,U+5C4F
屏,ping2,ㄆㄧㄥ2,,U+5C4F
屑,sie5,ㄙㄧㄝ5,siɛ5,U+5C51
展,zhan3,ㄓㄢ3,ʈʂan3,U+5C55
属,shu5,ㄕㄨ5,ʂu5,U+5C5E
屠,tu2,ㄊㄨ2,tʰu2,U+5C60
屢,lyu3,ㄌㄩ3,ly3,U+5C62
層,ceng2,ㄘㄥ2,tsʰəŋ2,U+5C64
屬,shu5,ㄕㄨ5,ʂu5,U+5C6C
屬,zhu5,ㄓㄨ5,ʈʂu5,U+5C6C
屯,tun2,ㄊㄨㄣ2,tʰuən2,U+5C6F
屯,zhun1,ㄓㄨㄣ1,ʈʂuən1,U+5C6F
山,ren,ㄖㄣ,ʐən,U+5C71
山,shan1,ㄕㄢ1,ʂan1,U+5C71
岌,ji5,ㄐㄧ5,tɕi5,U+5C8C
岝,zeo5,ㄗㄜ5,tsɤ5,U+5C9D
岝,zuo5,ㄗㄨㄛ5,tsuɔ5,U+5C9D
岡,gang1,ㄍㄤ1,kɑŋ1,U+5CA1
岫,sieu4,ㄙㄧㄡ4,siɔʊ4,U+5CAB
岳,yo5,ㄧㄛ5,iɔ5,U+5CB3
岸,ngan4,ㄫㄢ4,ŋan4,U+5CB8
峨,ngo2,ㄫㄛ2,ŋɔ2,U+5CE8
島,dau3,ㄉㄠ3,tɑʊ3,U+5CF6
峻,zyun4,ㄗㄩㄣ4,,U+5CFB
崇,chung2,ㄔㄨㄥ2,ʈʂʰʊŋ2,U+5D07
崎,qi1,ㄑㄧ1,tɕʰi1,U+5D0E
崑,kun1,ㄎㄨㄣ1,kʰuən1,U+5D11
崔,cuei1,ㄘㄨㄟ1,tsʰueɪ1,U+5D14
崖,ya2,ㄧㄚ2,iɑ2,U+5D16
崙,lun2,ㄌㄨㄣ2,luən2,U+5D19
崩,beng1,ㄅㄥ1,pəŋ1,U+5D29
崵,dang4,ㄉㄤ4,tɑŋ4,U+5D35
崵,yang2,ㄧㄤ2,,U+5D35
嵁,chan4,ㄔㄢ4,ʈʂʰan4,U+5D41
嵁,kan1,ㄎㄢ1,kʰan1,U+5D41
嵋,mei2,ㄇㄟ2,meɪ2,U+5D4B
嵩,sung1,ㄙㄨㄥ1,sʊŋ1,U+5D69
嵯,co1,ㄘㄛ1,tsʰɔ1,U+5D6F
嵽,di4,ㄉㄧ4,ti4,U+5D7D
嵽,die5,ㄉㄧㄝ5,tiɛ5,U+5D7D
嶰,jiai4,ㄐㄧㄞ4,,U+5DB0
嶰,xiai3,ㄒㄧㄞ3,,U+5DB0
嶲,xi2,ㄒㄧ2,ɕi2,U+5DB2
嶺,ling3,ㄌㄧㄥ3,,U+5DBA
嶼,syu4,ㄙㄩ4,sy4,U+5DBC
嶽,yo5,ㄧㄛ5,iɔ5,U+5DBD
巔,dian1,ㄉㄧㄢ1,tiɛn1,U+5DD4
川,chuan1,ㄔㄨㄢ1,ʈʂʰuan1,U+5DDD
州,zheu1,ㄓㄡ1,ʈʂoʊ1,U+5DDE
巡,syun2,ㄙㄩㄣ2,,U+5DE1
巢,chau2,ㄔㄠ2,ʈʂʰɑʊ2,U+5DE2
工,gung1,ㄍㄨㄥ1,kʊŋ1,U+5DE5
左,zo3,ㄗㄛ3,tsɔ3,U+5DE6
巧,qiau3,ㄑㄧㄠ3,tɕʰiɑʊ3,U+5DE7
巨,jyu4,ㄐㄩ4,tɕy4,U+5DE8
差,cha1,ㄔㄚ1,ʈʂʰa1,U+5DEE
差,chai1,ㄔㄞ1,ʈʂʰaɪ1,U+5DEE
差,ci1,ㄘㄭ1,tsʰɨ1,U+5DEE
己,ji3,ㄐㄧ3,tɕi3,U+5DF1
已,yi3,ㄧ3,i3,U+5DF2
巳,si4,ㄙㄭ4,sɨ4,U+5DF3
巳,yi3,ㄧ3,i3,U+5DF3
巴,ba1,ㄅㄚ1,pa1,U+5DF4
巾,jin1,ㄐㄧㄣ1,tɕin1,U+5DFE
市,shi4,ㄕㄭ4,ʂɨ4,U+5E02
布,bu4,ㄅㄨ4,pu4,U+5E03
帆,fan1,ㄈㄢ1,fan1,U+5E06
帆,fan2,ㄈㄢ2,fan2,U+5E06
帆,fan4,ㄈㄢ4,fan4,U+5E06
希,x,ㄒ,ɕ,U+5E0C
希,xi1,ㄒㄧ1,ɕi1,U+5E0C
帑,nu2,ㄋㄨ2,nu2,U+5E11
帑,tang3,ㄊㄤ3,tʰɑŋ3,U+5E11
帖,tie5,ㄊㄧㄝ5,tʰiɛ5,U+5E16
帚,zheu3,ㄓㄡ3,ʈʂoʊ3,U+5E1A
帝,di4,ㄉㄧ4,ti4,U+5E1D
帥,shuai4,ㄕㄨㄞ4,ʂuaɪ4,U+5E25
師,shi1,ㄕㄭ1,ʂɨ1,U+5E2B
帮,bang1,ㄅㄤ1,pɑŋ1,U+5E2E
帳,zhang4,ㄓㄤ4,ʈʂɑŋ4,U+5E33
帶,dai4,ㄉㄞ4,taɪ4,U+5E36
帷,wei2,ㄨㄟ2,ueɪ2,U+5E37
常,chang2,ㄔㄤ2,ʈʂʰɑŋ2,U+5E38
帽,mau4,ㄇㄠ4,mɑʊ4,U+5E3D
幅,bi5,ㄅㄧ5,pi5,U+5E45
幅,fu5,ㄈㄨ5,fu5,U+5E45
幔,man4,ㄇㄢ4,man4,U+5E54
幗,guei4,ㄍㄨㄟ4,kueɪ4,U+5E57
幗,guo5,ㄍㄨㄛ5,kuɔ5,U+5E57
幫,bang1,ㄅㄤ1,pɑŋ1,U+5E6B
幭,mie5,ㄇㄧㄝ5,miɛ5,U+5E6D
幭,wa5,ㄨㄚ5,uɑ5,U+5E6D
干,gan1,ㄍㄢ1,kan1,U+5E72
平,i,ㄧ,i,U+5E73
平,ping2,ㄆㄧㄥ2,,U+5E73
年,nian2,ㄋㄧㄢ2,niɛn2,U+5E74
年,njian2,ㄬㄧㄢ2,ɲiɛn2,U+5E74
并,bing1,ㄅㄧㄥ1,,U+5E76
并,bing4,ㄅㄧㄥ4,,U+5E76
幸,xing4,ㄒㄧㄥ4,,U+5E78
幹,gan4,ㄍㄢ4,kan4,U+5E79
幻,huan4,ㄏㄨㄢ4,xuan4,U+5E7B
幼,yeu4,ㄧㄡ4,iɔʊ4,U+5E7C
幽,y,ㄧ,i,U+5E7D
幽,yeu1,ㄧㄡ1,iɔʊ1,U+5E7D
幾,ji1,ㄐㄧ1,tɕi1,U+5E7E
幾,ji3,ㄐㄧ3,tɕi3,U+5E7E
幾,qi2,ㄑㄧ2,tɕʰi2,U+5E7E
床,chuang2,ㄔㄨㄤ2,,U+5E8A
序,syu4,ㄙㄩ4,sy4,U+5E8F
底,di3,ㄉㄧ3,ti3,U+5E95
店,dian4,ㄉㄧㄢ4,tiɛn4,U+5E97
庚,geng1,ㄍㄥ1,kəŋ1,U+5E9A
庚,rang,ㄖㄤ,ʐɑŋ,U+5E9A
府,fu3,ㄈㄨ3,fu3,U+5E9C
度,do5,ㄉㄛ5,tɔ5,U+5EA6
度,du4,ㄉㄨ4,tu4,U+5EA6
座,zuo4,ㄗㄨㄛ4,tsuɔ4,U+5EA7
庫,ku4,ㄎㄨ4,kʰu4,U+5EAB
庭,ting2,ㄊㄧㄥ2,,U+5EAD
庵,an1,ㄢ1,an1,U+5EB5
庶,shu4,ㄕㄨ4,ʂu4,U+5EB6
康,kang1,ㄎㄤ1,kʰɑŋ1,U+5EB7
廁,ceo5,ㄘㄜ5,tsʰɤ5,U+5EC1
廂,siang1,ㄙㄧㄤ1,,U+5EC2
廆,huei4,ㄏㄨㄟ4,xueɪ4,U+5EC6
廆,wei2,ㄨㄟ2,ueɪ2,U+5EC6
廈,xia4,ㄒㄧㄚ4,ɕiɑ4,U+5EC8
廉,lian2,ㄌㄧㄢ2,liɛn2,U+5EC9
廊,lang2,ㄌㄤ2,lɑŋ2,U+5ECA
廚,chu2,ㄔㄨ2,ʈʂʰu2,U+5EDA
廝,si1,ㄙㄭ1,sɨ1,U+5EDD
廟,miau4,ㄇㄧㄠ4,miɑʊ4,U+5EDF
廠,chang3,ㄔㄤ3,ʈʂʰɑŋ3,U+5EE0
廣,guang3,ㄍㄨㄤ3,,U+5EE3
廬,lu2,ㄌㄨ2,lu2,U+5EEC
廳,ting1,ㄊㄧㄥ1,,U+5EF3
廷,ting2,ㄊㄧㄥ2,,U+5EF7
廿,njian4,ㄬㄧㄢ4,ɲiɛn4,U+5EFF
廿,ru5,ㄖㄨ5,ʐu5,U+5EFF
式,shi5,ㄕㄭ5,ʂɨ5,U+5F0F
弒,shi4,ㄕㄭ4,ʂɨ4,U+5F12
弓,gung1,ㄍㄨㄥ1,kʊŋ1,U+5F13
弔,di5,ㄉㄧ5,ti5,U+5F14
弔,diau4,ㄉㄧㄠ4,tiɑʊ4,U+5F14
引,in3,ㄧㄣ3,in3,U+5F15
引,yin3,ㄧㄧㄣ3,,U+5F15
弗,f,ㄈ,f,U+5F17
弗,fu5,ㄈㄨ5,fu5,U+5F17
弘,hung2,ㄏㄨㄥ2,xʊŋ2,U+5F18
弟,di4,ㄉㄧ4,ti4,U+5F1F
弦,xian2,ㄒㄧㄢ2,ɕiɛn2,U+5F26
弱,ro5,ㄖㄛ5,ʐɔ5,U+5F31
張,zhang1,ㄓㄤ1,ʈʂɑŋ1,U+5F35
強,jiang4,ㄐㄧㄤ4,,U+5F37
強,qiang2,ㄑㄧㄤ2,,U+5F37
強,qiang3,ㄑㄧㄤ3,,U+5F37
彀,geu4,ㄍㄡ4,koʊ4,U+5F40
彈,dan4,ㄉㄢ4,tan4,U+5F48
彈,tan2,ㄊㄢ2,tʰan2,U+5F48
彊,jiang1,ㄐㄧㄤ1,,U+5F4A
彊,jiang4,ㄐㄧㄤ4,,U+5F4A
彊,qiang2,ㄑㄧㄤ2,,U+5F4A
彊,qiang3,ㄑㄧㄤ3,,U+5F4A
彌,mi2,ㄇㄧ2,mi2,U+5F4C
彎,wan1,ㄨㄢ1,uan1,U+5F4E
形,xing2,ㄒㄧㄥ2,,U+5F62
彩,cai3,ㄘㄞ3,tsʰaɪ3,U+5F69
彪,biau1,ㄅㄧㄠ1,piɑʊ1,U+5F6A
彬,bin1,ㄅㄧㄣ1,pin1,U+5F6C
彭,pang2,ㄆㄤ2,pʰɑŋ2,U+5F6D
彭,peng2,ㄆㄥ2,pʰəŋ2,U+5F6D
彰,zhang1,ㄓㄤ1,ʈʂɑŋ1,U+5F70
影,ing3,ㄧㄥ3,,U+5F71
影,ying3,ㄧㄧㄥ3,,U+5F71
彴,zhuo5,ㄓㄨㄛ5,ʈʂuɔ5,U+5F74
彷,fang3,ㄈㄤ3,fɑŋ3,U+5F77
彷,pang2,ㄆㄤ2,pʰɑŋ2,U+5F77
彼,bi3,ㄅㄧ3,pi3,U+5F7C
彿,fu5,ㄈㄨ5,fu5,U+5F7F
往,wang3,ㄨㄤ3,,U+5F80
往,wang4,ㄨㄤ4,,U+5F80
待,dai4,ㄉㄞ4,taɪ4,U+5F85
徇,syun2,ㄙㄩㄣ2,,U+5F87
很,hen3,ㄏㄣ3,xən3,U+5F88
律,lyu5,ㄌㄩ5,ly5,U+5F8B
徐,syu2,ㄙㄩ2,sy2,U+5F90
徒,tu2,ㄊㄨ2,tʰu2,U+5F92
得,deo,ㄉㄜ,tɤ,U+5F97
得,deo5,ㄉㄜ5,tɤ5,U+5F97
徘,pai2,ㄆㄞ2,pʰaɪ2,U+5F98
徙,syi3,ㄙㄧ3,si3,U+5F99
從,cung1,ㄘㄨㄥ1,tsʰʊŋ1,U+5F9E
從,cung2,ㄘㄨㄥ2,tsʰʊŋ2,U+5F9E
從,zung4,ㄗㄨㄥ4,tsʊŋ4,U+5F9E
徧,bian4,ㄅㄧㄢ4,piɛn4,U+5FA7
徨,huang2,ㄏㄨㄤ2,,U+5FA8
復,fu5,ㄈㄨ5,fu5,U+5FA9
循,syun2,ㄙㄩㄣ2,,U+5FAA
微,vei2,ㄪㄟ2,ʋeɪ2,U+5FAE
微,vi2,ㄪㄧ2,ʋi2,U+5FAE
微,wei2,ㄨㄟ2,ueɪ2,U+5FAE
徵,cheng2,ㄔㄥ2,ʈʂʰəŋ2,U+5FB5
徵,zheng1,ㄓㄥ1,ʈʂəŋ1,U+5FB5
徵,zhi3,ㄓㄭ3,ʈʂɨ3,U+5FB5
德,d,ㄉ,t,U+5FB7
德,de5,ㄉㄝ5,tɛ5,U+5FB7
德,deo5,ㄉㄜ5,tɤ5,U+5FB7
徽,huei1,ㄏㄨㄟ1,xueɪ1,U+5FBD
心,sin1,ㄙㄧㄣ1,sin1,U+5FC3
必,bi5,ㄅㄧ5,pi5,U+5FC5
忐,tan3,ㄊㄢ3,tʰan3,U+5FD0
忑,teo5,ㄊㄜ5,tʰɤ5,U+5FD1
忒,teo5,ㄊㄜ5,tʰɤ5,U+5FD2
忖,cun3,ㄘㄨㄣ3,tsʰuən3,U+5FD6
忘,wang2,ㄨㄤ2,,U+5FD8
忘,wang4,ㄨㄤ4,,U+5FD8
忙,mang2,ㄇㄤ2,mɑŋ2,U+5FD9
忝,tian3,ㄊㄧㄢ3,tʰiɛn3,U+5FDD
忠,zhung1,ㄓㄨㄥ1,ʈʂʊŋ1,U+5FE0
忡,chung1,ㄔㄨㄥ1,ʈʂʰʊŋ1,U+5FE1
快,kuai4,ㄎㄨㄞ4,kʰuaɪ4,U+5FEB
忳,dun4,ㄉㄨㄣ4,tuən4,U+5FF3
忳,tun2,ㄊㄨㄣ2,tʰuən2,U+5FF3
念,nian4,ㄋㄧㄢ4,niɛn4,U+5FF5
念,njian4,ㄬㄧㄢ4,ɲiɛn4,U+5FF5
忽,hu5,ㄏㄨ5,xu5,U+5FFD
忿,fen4,ㄈㄣ4,fən4,U+5FFF
怎,zen3,ㄗㄣ3,tsən3,U+600E
怎,zeo3,ㄗㄜ3,tsɤ3,U+600E
怐,heu4,ㄏㄡ4,xoʊ4,U+6010
怐,jyu4,ㄐㄩ4,tɕy4,U+6010
怒,nu4,ㄋㄨ4,nu4,U+6012
怕,pa4,ㄆㄚ4,pʰa4,U+6015
怕,peo5,ㄆㄜ5,pʰɤ5,U+6015
怚,cu1,ㄘㄨ1,tsʰu1,U+601A
怚,zyu4,ㄗㄩ4,tsy4,U+601A
怜,lian2,ㄌㄧㄢ2,liɛn2,U+601C
怜,ling2,ㄌㄧㄥ2,,U+601C
思,iw,ㄭ,ɨ,U+601D
思,si,ㄙㄭ,sɨ,U+601D
思,si1,ㄙㄭ1,sɨ1,U+601D
怞,yeu2,ㄧㄡ2,iɔʊ2,U+601E
怞,zheu4,ㄓㄡ4,ʈʂoʊ4,U+601E
怠,dai4,ㄉㄞ4,taɪ4,U+6020
怡,yi2,ㄧ2,i2,U+6021
急,ji5,ㄐㄧ5,tɕi5,U+6025
性,sing4,ㄙㄧㄥ4,,U+6027
怪,guai4,ㄍㄨㄞ4,kuaɪ4,U+602A
怫,fei4,ㄈㄟ4,feɪ4,U+602B
怫,fu5,ㄈㄨ5,fu5,U+602B
怯,qie5,ㄑㄧㄝ5,tɕʰiɛ5,U+602F
恁,ren2,ㄖㄣ2,ʐən2,U+6041
恁,ren3,ㄖㄣ3,ʐən3,U+6041
恃,shi4,ㄕㄭ4,ʂɨ4,U+6043
恆,heng2,ㄏㄥ2,xəŋ2,U+6046
恍,huang3,ㄏㄨㄤ3,,U+604D
恐,kung3,ㄎㄨㄥ3,kʰʊŋ3,U+6050
恒,heng2,ㄏㄥ2,xəŋ2,U+6052
恔,jiau3,ㄐㄧㄠ3,tɕiɑʊ3,U+6054
恔,xiau4,ㄒㄧㄠ4,ɕiɑʊ4,U+6054
恕,shu4,ㄕㄨ4,ʂu4,U+6055
恗,ku1,ㄎㄨ1,kʰu1,U+6057
恗,kua1,ㄎㄨㄚ1,kʰuɑ1,U+6057
恙,yang4,ㄧㄤ4,,U+6059
恢,huei1,ㄏㄨㄟ1,xueɪ1,U+6062
恤,syu5,ㄙㄩ5,sy5,U+6064
恥,chi3,ㄔㄭ3,ʈʂʰɨ3,U+6065
恨,hen4,ㄏㄣ4,xən4,U+6068
恩,en,ㄣ,ən,U+6069
恩,en1,ㄣ1,ən1,U+6069
恫,dung4,ㄉㄨㄥ4,tʊŋ4,U+606B
恫,tung1,ㄊㄨㄥ1,tʰʊŋ1,U+606B
恭,gung1,ㄍㄨㄥ1,kʊŋ1,U+606D
恰,qia5,ㄑㄧㄚ5,tɕʰiɑ5,U+6070
悁,jyuan1,ㄐㄩㄢ1,,U+6081
悁,yuan1,ㄩㄢ1,,U+6081
悃,kun3,ㄎㄨㄣ3,kʰuən3,U+6083
悄,ciau3,ㄘㄧㄠ3,tsʰiɑʊ3,U+6084
悅,yue5,ㄩㄝ5,yɛ5,U+6085
悍,han4,ㄏㄢ4,xan4,U+608D
悚,sung3,ㄙㄨㄥ3,sʊŋ3,U+609A
悟,wu4,ㄨ4,u4,U+609F
悠,yeu1,ㄧㄡ1,iɔʊ1,U+60A0
悠,yeu2,ㄧㄡ2,iɔʊ2,U+60A0
悢,lang3,ㄌㄤ3,lɑŋ3,U+60A2
悢,liang4,ㄌㄧㄤ4,,U+60A2
患,huan4,ㄏㄨㄢ4,xuan4,U+60A3
您,nin2,ㄋㄧㄣ2,nin2,U+60A8
悲,bei1,ㄅㄟ1,peɪ1,U+60B2
悴,cuei4,ㄘㄨㄟ4,tsʰueɪ4,U+60B4
悵,chang4,ㄔㄤ4,ʈʂʰɑŋ4,U+60B5
悶,men4,ㄇㄣ4,mən4,U+60B6
悽,cyi1,ㄘㄧ1,tsʰi1,U+60BD
情,cing,ㄘㄧㄥ,,U+60C5
情,cing2,ㄘㄧㄥ2,,U+60C5
惆,cheu1,ㄔㄡ1,ʈʂʰoʊ1,U+60C6
惆,cheu2,ㄔㄡ2,ʈʂʰoʊ2,U+60C6
惑,hue5,ㄏㄩㄝ5,xyɛ5,U+60D1
惑,hueo5,ㄏㄩㄛ5,xyɔ5,U+60D1
惘,wang3,ㄨㄤ3,,U+60D8
惚,hu5,ㄏㄨ5,xu5,U+60DA
惛,hun1,ㄏㄨㄣ1,xuən1,U+60DB
惡,o5,ㄛ5,ɔ5,U+60E1
惡,wu4,ㄨ4,u4,U+60E1
惦,dian4,ㄉㄧㄢ4,tiɛn4,U+60E6
惰,duo4,ㄉㄨㄛ4,tuɔ4,U+60F0
惱,nau3,ㄋㄠ3,nɑʊ3,U+60F1
想,siang3,ㄙㄧㄤ3,,U+60F3
惶,huang2,ㄏㄨㄤ2,,U+60F6
惹,re3,ㄖㄝ3,ʐɛ3,U+60F9
惹,reo3,ㄖㄜ3,ʐɤ3,U+60F9
惻,ceo5,ㄘㄜ5,tsʰɤ5,U+60FB
愁,cheu2,ㄔㄡ2,ʈʂʰoʊ2,U+6101
愈,yu3,ㄩ3,y3,U+6108
愈,yu4,ㄩ4,y4,U+6108
愉,yu2,ㄩ2,y2,U+6109
愉,yu4,ㄩ4,y4,U+6109
意,yi4,ㄧ4,i4,U+610F
愒,ho5,ㄏㄛ5,xɔ5,U+6112
愒,kai4,ㄎㄞ4,kʰaɪ4,U+6112
愒,qie5,ㄑㄧㄝ5,tɕʰiɛ5,U+6112
愓,dang4,ㄉㄤ4,tɑŋ4,U+6113
愓,yang2,ㄧㄤ2,,U+6113
愕,ng,ㄫ,ŋ,U+6115
愕,ngo5,ㄫㄛ5,ŋɔ5,U+6115
愚,yu2,ㄩ2,y2,U+611A
感,gan3,ㄍㄢ3,kan3,U+611F
愧,kuei3,ㄎㄨㄟ3,kʰueɪ3,U+6127
愧,kuei4,ㄎㄨㄟ4,kʰueɪ4,U+6127
愬,su4,ㄙㄨ4,su4,U+612C
愴,cang4,ㄘㄤ4,tsʰɑŋ4,U+6134
愷,kai3,ㄎㄞ3,kʰaɪ3,U+6137
愾,kai4,ㄎㄞ4,kʰaɪ4,U+613E
愾,xi4,ㄒㄧ4,ɕi4,U+613E
慅,cau3,ㄘㄠ3,tsʰɑʊ3,U+6145
慅,sau1,ㄙㄠ1,sɑʊ1,U+6145
慈,ci2,ㄘㄭ2,tsʰɨ2,U+6148
慊,qian3,ㄑㄧㄢ3,tɕʰiɛn3,U+614A
慊,qie5,ㄑㄧㄝ5,tɕʰiɛ5,U+614A
慊,xian2,ㄒㄧㄢ2,ɕiɛn2,U+614A
態,tai4,ㄊㄞ4,tʰaɪ4,U+614B
慌,huang1,ㄏㄨㄤ1,,U+614C
慎,shen4,ㄕㄣ4,ʂən4,U+614E
慒,zau1,ㄗㄠ1,tsɑʊ1,U+6152
慒,zung2,ㄗㄨㄥ2,tsʊŋ2,U+6152
慕,mu4,ㄇㄨ4,mu4,U+6155
慘,can3,ㄘㄢ3,tsʰan3,U+6158
慚,can2,ㄘㄢ2,tsʰan2,U+615A
慢,man4,ㄇㄢ4,man4,U+6162
慣,guan4,ㄍㄨㄢ4,kuan4,U+6163
慨,kai3,ㄎㄞ3,kʰaɪ3,U+6168
慨,kai4,ㄎㄞ4,kʰaɪ4,U+6168
慮,lyu4,ㄌㄩ4,ly4,U+616E
慶,qiang1,ㄑㄧㄤ1,,U+6176
慶,qing4,ㄑㄧㄥ4,,U+6176
慷,kang1,ㄎㄤ1,kʰɑŋ1,U+6177
慷,kang4,ㄎㄤ4,kʰɑŋ4,U+6177
慾,yu5,ㄩ5,y5,U+617E
憂,yeu1,ㄧㄡ1,iɔʊ1,U+6182
憎,zeng1,ㄗㄥ1,tsəŋ1,U+618E
憐,lian2,ㄌㄧㄢ2,liɛn2,U+6190
憑,ping2,ㄆㄧㄥ2,,U+6191
憔,ciau2,ㄘㄧㄠ2,tsʰiɑʊ2,U+6194
憚,dan4,ㄉㄢ4,tan4,U+619A
憤,fen4,ㄈㄣ4,fən4,U+61A4
憧,chuang2,ㄔㄨㄤ2,,U+61A7
憧,chung1,ㄔㄨㄥ1,ʈʂʰʊŋ1,U+61A7
憫,min3,ㄇㄧㄣ3,min3,U+61AB
憲,xian4,ㄒㄧㄢ4,ɕiɛn4,U+61B2
憸,cian1,ㄘㄧㄢ1,tsʰiɛn1,U+61B8
憸,sian1,ㄙㄧㄢ1,siɛn1,U+61B8
憾,han4,ㄏㄢ4,xan4,U+61BE
懂,dung3,ㄉㄨㄥ3,tʊŋ3,U+61C2
懇,ken3,ㄎㄣ3,kʰən3,U+61C7
應,ing1,ㄧㄥ1,,U+61C9
應,ing4,ㄧㄥ4,,U+61C9
應,ying1,ㄧㄧㄥ1,,U+61C9
應,ying4,ㄧㄧㄥ4,,U+61C9
懊,au4,ㄠ4,ɑʊ4,U+61CA
懍,lin3,ㄌㄧㄣ3,lin3,U+61CD
懦,nuo4,ㄋㄨㄛ4,nuɔ4,U+61E6
懦,ru2,ㄖㄨ2,ʐu2,U+61E6
懶,lan3,ㄌㄢ3,lan3,U+61F6
懷,huai2,ㄏㄨㄞ2,xuaɪ2,U+61F7
懸,xyuan2,ㄒㄩㄢ2,,U+61F8
懺,chan3,ㄔㄢ3,ʈʂʰan3,U+61FA
懺,chan4,ㄔㄢ4,ʈʂʰan4,U+61FA
懼,jyu4,ㄐㄩ4,tɕy4,U+61FC
懽,huan1,ㄏㄨㄢ1,xuan1,U+61FD
懾,she5,ㄕㄝ5,ʂɛ5,U+61FE
懾,zhe5,ㄓㄝ5,ʈʂɛ5,U+61FE
戀,lyuan4,ㄌㄩㄢ4,,U+6200
戇,zhuang4,ㄓㄨㄤ4,,U+6207
戈,go1,ㄍㄛ1,kɔ1,U+6208
戈,ia,ㄧㄚ,iɑ,U+6208
戊,meu4,ㄇㄡ4,moʊ4,U+620A
戊,wu4,ㄨ4,u4,U+620A
戌,syu5,ㄙㄩ5,sy5,U+620C
戍,shu4,ㄕㄨ4,ʂu4,U+620D
戎,rung2,ㄖㄨㄥ2,ʐʊŋ2,U+620E
成,cheng2,ㄔㄥ2,ʈʂʰəŋ2,U+6210
我,ngo3,ㄫㄛ3,ŋɔ3,U+6211
我,o3,ㄛ3,ɔ3,U+6211
我,wo3,ㄨㄛ3,uɔ3,U+6211
戒,jiai4,ㄐㄧㄞ4,,U+6212
戔,can2,ㄘㄢ2,tsʰan2,U+6214
戔,zian1,ㄗㄧㄢ1,tsiɛn1,U+6214
或,hue5,ㄏㄩㄝ5,xyɛ5,U+6216
或,hueo5,ㄏㄩㄛ5,xyɔ5,U+6216
戚,cyi5,ㄘㄧ5,tsʰi5,U+621A
戡,kan1,ㄎㄢ1,kʰan1,U+6221
戡,zhen4,ㄓㄣ4,ʈʂən4,U+6221
戥,deng3,ㄉㄥ3,təŋ3,U+6225
截,zie5,ㄗㄧㄝ5,tsiɛ5,U+622A
戭,yan3,ㄧㄢ3,iɛn3,U+622D
戭,yin3,ㄧㄧㄣ3,,U+622D
戰,zhan4,ㄓㄢ4,ʈʂan4,U+6230
戲,xi4,ㄒㄧ4,ɕi4,U+6232
戳,cho5,ㄔㄛ5,ʈʂʰɔ5,U+6233
戴,dai4,ㄉㄞ4,taɪ4,U+6234
戶,hu4,ㄏㄨ4,xu4,U+6236
房,fang2,ㄈㄤ2,fɑŋ2,U+623F
房,pang2,ㄆㄤ2,pʰɑŋ2,U+623F
所,suo3,ㄙㄨㄛ3,suɔ3,U+6240
扁,bian1,ㄅㄧㄢ1,piɛn1,U+6241
扁,bian3,ㄅㄧㄢ3,piɛn3,U+6241
扁,pian1,ㄆㄧㄢ1,pʰiɛn1,U+6241
扃,jyung1,ㄐㄩㄥ1,tɕyŋ1,U+6243
扃,jyung3,ㄐㄩㄥ3,tɕyŋ3,U+6243
扇,shan1,ㄕㄢ1,ʂan1,U+6247
扇,shan4,ㄕㄢ4,ʂan4,U+6247
扉,fei1,ㄈㄟ1,feɪ1,U+6249
手,sheu3,ㄕㄡ3,ʂoʊ3,U+624B
才,cai2,ㄘㄞ2,tsʰaɪ2,U+624D
扎,zha5,ㄓㄚ5,ʈʂa5,U+624E
扒,pa2,ㄆㄚ2,pʰa2,U+6252
打,da3,ㄉㄚ3,ta3,U+6253
打,ding3,ㄉㄧㄥ3,,U+6253
扔,reng1,ㄖㄥ1,ʐəŋ1,U+6254
托,to5,ㄊㄛ5,tʰɔ5,U+6258
扛,kang2,ㄎㄤ2,kʰɑŋ2,U+625B
扢,gai4,ㄍㄞ4,kaɪ4,U+6262
扢,ji5,ㄐㄧ5,tɕi5,U+6262
扣,keu4,ㄎㄡ4,kʰoʊ4,U+6263
扭,njieu3,ㄬㄧㄡ3,ɲiɔʊ3,U+626D
扮,ban4,ㄅㄢ4,pan4,U+626E
扮,fen4,ㄈㄣ4,fən4,U+626E
扯,che3,ㄔㄝ3,ʈʂʰɛ3,U+626F
扯,cheo3,ㄔㄜ3,ʈʂʰɤ3,U+626F
扱,cha5,ㄔㄚ5,ʈʂʰa5,U+6271
扱,xi5,ㄒㄧ5,ɕi5,U+6271
扶,fu2,ㄈㄨ2,fu2,U+6276
批,pi1,ㄆㄧ1,pʰi1,U+6279
扼,eo5,ㄜ5,ɤ5,U+627C
找,hua2,ㄏㄨㄚ2,xuɑ2,U+627E
找,zhau3,ㄓㄠ3,ʈʂɑʊ3,U+627E
承,cheng2,ㄔㄥ2,ʈʂʰəŋ2,U+627F
抉,jyue5,ㄐㄩㄝ5,tɕyɛ5,U+6289
抉,yue5,ㄩㄝ5,yɛ5,U+6289
把,ba3,ㄅㄚ3,pa3,U+628A
把,ba4,ㄅㄚ4,pa4,U+628A
抌,dan3,ㄉㄢ3,tan3,U+628C
抌,shen3,ㄕㄣ3,ʂən3,U+628C
抌,yeu2,ㄧㄡ2,iɔʊ2,U+628C
抌,zhen1,ㄓㄣ1,ʈʂən1,U+628C
抓,zhau3,ㄓㄠ3,ʈʂɑʊ3,U+6293
抓,zhua1,ㄓㄨㄚ1,ʈʂuɑ1,U+6293
抔,pei1,ㄆㄟ1,pʰeɪ1,U+6294
抔,peu2,ㄆㄡ2,pʰoʊ2,U+6294
投,teu2,ㄊㄡ2,tʰoʊ2,U+6295
抖,deu3,ㄉㄡ3,toʊ3,U+6296
抗,kang4,ㄎㄤ4,kʰɑŋ4,U+6297
折,she5,ㄕㄝ5,ʂɛ5,U+6298
折,zhe5,ㄓㄝ5,ʈʂɛ5,U+6298
折,zheo5,ㄓㄜ5,ʈʂɤ5,U+6298
披,pi1,ㄆㄧ1,pʰi1,U+62AB
抬,tai2,ㄊㄞ2,tʰaɪ2,U+62AC
抵,di3,ㄉㄧ3,ti3,U+62B5
抵,zhi3,ㄓㄭ3,ʈʂɨ3,U+62B5
押,jia5,ㄐㄧㄚ5,tɕiɑ5,U+62BC
押,ya5,ㄧㄚ5,iɑ5,U+62BC
抾,qie5,ㄑㄧㄝ5,tɕʰiɛ5,U+62BE
抾,qyu1,ㄑㄩ1,tɕʰy1,U+62BE
拂,fu5,ㄈㄨ5,fu5,U+62C2
担,dan3,ㄉㄢ3,tan3,U+62C5
担,dan4,ㄉㄢ4,tan4,U+62C5
拆,cheo5,ㄔㄜ5,ʈʂʰɤ5,U+62C6
拈,njian1,ㄬㄧㄢ1,ɲiɛn1,U+62C8
拉,la1,ㄌㄚ1,la1,U+62C9
拉,la5,ㄌㄚ5,la5,U+62C9
拋,pau1,ㄆㄠ1,pʰɑʊ1,U+62CB
拌,ban4,ㄅㄢ4,pan4,U+62CC
拍,peo5,ㄆㄜ5,pʰɤ5,U+62CD
拏,na2,ㄋㄚ2,na2,U+62CF
拐,guai3,ㄍㄨㄞ3,kuaɪ3,U+62D0
拒,jyu4,ㄐㄩ4,tɕy4,U+62D2
拔,ba5,ㄅㄚ5,pa5,U+62D4
拔,pei4,ㄆㄟ4,pʰeɪ4,U+62D4
拖,to1,ㄊㄛ1,tʰɔ1,U+62D6
拗,au4,ㄠ4,ɑʊ4,U+62D7
拘,geu1,ㄍㄡ1,koʊ1,U+62D8
拘,jyu1,ㄐㄩ1,tɕy1,U+62D8
拙,zhue5,ㄓㄩㄝ5,ʈʂyɛ5,U+62D9
拙,zhueo5,ㄓㄩㄛ5,ʈʂyɔ5,U+62D9
拙,zhuo5,ㄓㄨㄛ5,ʈʂuɔ5,U+62D9
拚,fen4,ㄈㄣ4,fən4,U+62DA
拚,pan4,ㄆㄢ4,pʰan4,U+62DA
招,qiau2,ㄑㄧㄠ2,tɕʰiɑʊ2,U+62DB
招,zhau1,ㄓㄠ1,ʈʂɑʊ1,U+62DB
拜,bai4,ㄅㄞ4,paɪ4,U+62DC
括,gua5,ㄍㄨㄚ5,kuɑ5,U+62EC
拯,zheng3,ㄓㄥ3,ʈʂəŋ3,U+62EF
拱,gung3,ㄍㄨㄥ3,kʊŋ3,U+62F1
拳,qyuan2,ㄑㄩㄢ2,,U+62F3
拴,shuan1,ㄕㄨㄢ1,ʂuan1,U+62F4
拼,ping1,ㄆㄧㄥ1,,U+62FC
拽,yi5,ㄧ5,i5,U+62FD
拽,zhuai4,ㄓㄨㄞ4,ʈʂuaɪ4,U+62FD
拾,she5,ㄕㄝ5,ʂɛ5,U+62FE
拾,shi5,ㄕㄭ5,ʂɨ5,U+62FE
拿,na2,ㄋㄚ2,na2,U+62FF
挂,gua4,ㄍㄨㄚ4,kuɑ4,U+6302
指,zhi3,ㄓㄭ3,ʈʂɨ3,U+6307
挌,geo5,ㄍㄜ5,kɤ5,U+630C
挌,ho5,ㄏㄛ5,xɔ5,U+630C
挐,na2,ㄋㄚ2,na2,U+6310
挐,ru2,ㄖㄨ2,ʐu2,U+6310
挑,tau1,ㄊㄠ1,tʰɑʊ1,U+6311
挑,tiau1,ㄊㄧㄠ1,tʰiɑʊ1,U+6311
挖,wa5,ㄨㄚ5,uɑ5,U+6316
挨,ai1,ㄞ1,aɪ1,U+6328
挩,shuei4,ㄕㄨㄟ4,ʂueɪ4,U+6329
挩,tuo5,ㄊㄨㄛ5,tʰuɔ5,U+6329
挪,nuo2,ㄋㄨㄛ2,nuɔ2,U+632A
挫,cuo4,ㄘㄨㄛ4,tsʰuɔ4,U+632B
挺,ting3,ㄊㄧㄥ3,,U+633A
挾,xie5,ㄒㄧㄝ5,ɕiɛ5,U+633E
捄,jieu4,ㄐㄧㄡ4,tɕiɔʊ4,U+6344
捄,jyu1,ㄐㄩ1,tɕy1,U+6344
捄,qieu2,ㄑㄧㄡ2,tɕʰiɔʊ2,U+6344
捆,kun3,ㄎㄨㄣ3,kʰuən3,U+6346
捉,zhuo5,ㄓㄨㄛ5,ʈʂuɔ5,U+6349
捋,luo5,ㄌㄨㄛ5,luɔ5,U+634B
捋,lyue5,ㄌㄩㄝ5,lyɛ5,U+634B
捌,ba5,ㄅㄚ5,pa5,U+634C
捎,siau1,ㄙㄧㄠ1,siɑʊ1,U+634E
捏,njie5,ㄬㄧㄝ5,ɲiɛ5,U+634F
捐,jyuan1,ㄐㄩㄢ1,,U+6350
捧,pung3,ㄆㄨㄥ3,pʰʊŋ3,U+6367
捨,she3,ㄕㄝ3,ʂɛ3,U+6368
捨,sheo3,ㄕㄜ3,ʂɤ3,U+6368
捲,jyuan3,ㄐㄩㄢ3,,U+6372
捲,qyuan2,ㄑㄩㄢ2,,U+6372
捶,chuei3,ㄔㄨㄟ3,ʈʂʰueɪ3,U+6376
捷,zie5,ㄗㄧㄝ5,tsiɛ5,U+6377
捺,na5,ㄋㄚ5,na5,U+637A
捽,cu5,ㄘㄨ5,tsʰu5,U+637D
捽,zu5,ㄗㄨ5,tsu5,U+637D
掃,sau3,ㄙㄠ3,sɑʊ3,U+6383
掉,diau4,ㄉㄧㄠ4,tiɑʊ4,U+6389
掊,pau2,ㄆㄠ2,pʰɑʊ2,U+638A
掊,pei2,ㄆㄟ2,pʰeɪ2,U+638A
掊,peu2,ㄆㄡ2,pʰoʊ2,U+638A
掌,zhang3,ㄓㄤ3,ʈʂɑŋ3,U+638C
掐,qia5,ㄑㄧㄚ5,tɕʰiɑ5,U+6390
排,pai2,ㄆㄞ2,pʰaɪ2,U+6392
掘,jyue5,ㄐㄩㄝ5,tɕyɛ5,U+6398
掙,zeng4,ㄗㄥ4,tsəŋ4,U+6399
掙,zheng1,ㄓㄥ1,ʈʂəŋ1,U+6399
掛,gua4,ㄍㄨㄚ4,kuɑ4,U+639B
掠,lio5,ㄌㄧㄛ5,liɔ5,U+63A0
採,cai3,ㄘㄞ3,tsʰaɪ3,U+63A1
探,tan4,ㄊㄢ4,tʰan4,U+63A2
接,zie5,ㄗㄧㄝ5,tsiɛ5,U+63A5
控,kung4,ㄎㄨㄥ4,kʰʊŋ4,U+63A7
控,qiang1,ㄑㄧㄤ1,,U+63A7
推,chuei1,ㄔㄨㄟ1,ʈʂʰueɪ1,U+63A8
推,tuei1,ㄊㄨㄟ1,tʰueɪ1,U+63A8
掩,ian3,ㄧㄢ3,iɛn3,U+63A9
掫,zeu1,ㄗㄡ1,tsoʊ1,U+63AB
掫,zheu1,ㄓㄡ1,ʈʂoʊ1,U+63AB
掽,peng4,ㄆㄥ4,pʰəŋ4,U+63BD
揉,reu2,ㄖㄡ2,ʐoʊ2,U+63C9
描,miau2,ㄇㄧㄠ2,miɑʊ2,U+63CF
插,cha5,ㄔㄚ5,ʈʂʰa5,U+63D2
揚,yang2,ㄧㄤ2,,U+63DA
換,huan4,ㄏㄨㄢ4,xuan4,U+63DB
握,wo5,ㄨㄛ5,uɔ5,U+63E1
揣,chuai1,ㄔㄨㄞ1,ʈʂʰuaɪ1,U+63E3
揣,chuai3,ㄔㄨㄞ3,ʈʂʰuaɪ3,U+63E3
揣,duo3,ㄉㄨㄛ3,tuɔ3,U+63E3
揥,di4,ㄉㄧ4,ti4,U+63E5
揥,ti4,ㄊㄧ4,tʰi4,U+63E5
揩,kai1,ㄎㄞ1,kʰaɪ1,U+63E9
揪,zieu1,ㄗㄧㄡ1,tsiɔʊ1,U+63EA
揫,zieu1,ㄗㄧㄡ1,tsiɔʊ1,U+63EB
揭,jie5,ㄐㄧㄝ5,tɕiɛ5,U+63ED
揭,qi4,ㄑㄧ4,tɕʰi4,U+63ED
揮,huei1,ㄏㄨㄟ1,xueɪ1,U+63EE
揳,jia5,ㄐㄧㄚ5,tɕiɑ5,U+63F3
揳,sie5,ㄙㄧㄝ5,siɛ5,U+63F3
援,yuan2,ㄩㄢ2,,U+63F4
搉,jio5,ㄐㄧㄛ5,tɕiɔ5,U+6409
搋,chi3,ㄔㄭ3,ʈʂʰɨ3,U+640B
搋,chuai1,ㄔㄨㄞ1,ʈʂʰuaɪ1,U+640B
損,sun3,ㄙㄨㄣ3,suən3,U+640D
搏,bo5,ㄅㄛ5,pɔ5,U+640F
搓,co1,ㄘㄛ1,tsʰɔ1,U+6413
搔,sau1,ㄙㄠ1,sɑʊ1,U+6414
搖,yau2,ㄧㄠ2,iɑʊ2,U+6416
搗,dau3,ㄉㄠ3,tɑʊ3,U+6417
搜,seu1,ㄙㄡ1,soʊ1,U+641C
搧,shan1,ㄕㄢ1,ʂan1,U+6427
搨,ta5,ㄊㄚ5,tʰa5,U+6428
搬,ban1,ㄅㄢ1,pan1,U+642C
搭,da5,ㄉㄚ5,ta5,U+642D
搭,ta5,ㄊㄚ5,tʰa5,U+642D
搯,tau1,ㄊㄠ1,tʰɑʊ1,U+642F
搶,chuang3,ㄔㄨㄤ3,,U+6436
搶,ciang3,ㄘㄧㄤ3,,U+6436
搽,cha2,ㄔㄚ2,ʈʂʰa2,U+643D
摔,shuai1,ㄕㄨㄞ1,ʂuaɪ1,U+6454
摔,shuai3,ㄕㄨㄞ3,ʂuaɪ3,U+6454
摘,zheo5,ㄓㄜ5,ʈʂɤ5,U+6458
摟,leu1,ㄌㄡ1,loʊ1,U+645F
摟,leu2,ㄌㄡ2,loʊ2,U+645F
摟,leu3,ㄌㄡ3,loʊ3,U+645F
摩,mo2,ㄇㄛ2,mɔ2,U+6469
摮,ngau2,ㄫㄠ2,ŋɑʊ2,U+646E
摮,qiau1,ㄑㄧㄠ1,tɕʰiɑʊ1,U+646E
摵,sho5,ㄕㄛ5,ʂɔ5,U+6475
摵,shu5,ㄕㄨ5,ʂu5,U+6475
摶,tuan2,ㄊㄨㄢ2,tʰuan2,U+6476
摶,zhuan4,ㄓㄨㄢ4,ʈʂuan4,U+6476
摺,zhe5,ㄓㄝ5,ʈʂɛ5,U+647A
摺,zheo5,ㄓㄜ5,ʈʂɤ5,U+647A
摻,shan3,ㄕㄢ3,ʂan3,U+647B
摻,sian1,ㄙㄧㄢ1,siɛn1,U+647B
撅,guei4,ㄍㄨㄟ4,kueɪ4,U+6485
撅,jyue5,ㄐㄩㄝ5,tɕyɛ5,U+6485
撇,pie5,ㄆㄧㄝ5,pʰiɛ5,U+6487
撈,lau1,ㄌㄠ1,lɑʊ1,U+6488
撈,lau2,ㄌㄠ2,lɑʊ2,U+6488
撏,sian2,ㄙㄧㄢ2,siɛn2,U+648F
撏,sin2,ㄙㄧㄣ2,sin2,U+648F
撐,cheng1,ㄔㄥ1,ʈʂʰəŋ1,U+6490
撑,cheng1,ㄔㄥ1,ʈʂʰəŋ1,U+6491
撒,sa5,ㄙㄚ5,sa5,U+6492
撓,nau2,ㄋㄠ2,nɑʊ2,U+6493
撕,si1,ㄙㄭ1,sɨ1,U+6495
撞,chuang2,ㄔㄨㄤ2,,U+649E
撞,chuang4,ㄔㄨㄤ4,,U+649E
撞,zhuang4,ㄓㄨㄤ4,,U+649E
撣,shan2,ㄕㄢ2,ʂan2,U+64A3
撣,tan3,ㄊㄢ3,tʰan3,U+64A3
撤,che5,ㄔㄝ5,ʈʂʰɛ5,U+64A4
撤,cheo5,ㄔㄜ5,ʈʂʰɤ5,U+64A4
撥,bo5,ㄅㄛ5,pɔ5,U+64A5
撫,fu3,ㄈㄨ3,fu3,U+64AB
播,bo1,ㄅㄛ1,pɔ1,U+64AD
播,bo3,ㄅㄛ3,pɔ3,U+64AD
播,bo4,ㄅㄛ4,pɔ4,U+64AD
撮,ce5,ㄘㄝ5,tsʰɛ5,U+64AE
撮,ceo5,ㄘㄜ5,tsʰɤ5,U+64AE
撮,cuo5,ㄘㄨㄛ5,tsʰuɔ5,U+64AE
撰,zhuan4,ㄓㄨㄢ4,ʈʂuan4,U+64B0
撲,pu5,ㄆㄨ5,pʰu5,U+64B2
擁,yung3,,,U+64C1
擂,lei2,ㄌㄟ2,leɪ2,U+64C2
擅,shan4,ㄕㄢ4,ʂan4,U+64C5
擇,zheo5,ㄓㄜ5,ʈʂɤ5,U+64C7
擊,ji5,ㄐㄧ5,tɕi5,U+64CA
擋,dang3,ㄉㄤ3,tɑŋ3,U+64CB
擋,dang4,ㄉㄤ4,tɑŋ4,U+64CB
操,cau1,ㄘㄠ1,tsʰɑʊ1,U+64CD
操,cau4,ㄘㄠ4,tsʰɑʊ4,U+64CD
擒,qin2,ㄑㄧㄣ2,tɕʰin2,U+64D2
擔,dan1,ㄉㄢ1,tan1,U+64D4
擔,dan4,ㄉㄢ4,tan4,U+64D4
擖,qia5,ㄑㄧㄚ5,tɕʰiɑ5,U+64D6
擖,zha5,ㄓㄚ5,ʈʂa5,U+64D6
擘,bai1,ㄅㄞ1,paɪ1,U+64D8
擘,bi5,ㄅㄧ5,pi5,U+64D8
擘,bo5,ㄅㄛ5,pɔ5,U+64D8
據,jyu4,ㄐㄩ4,tɕy4,U+64DA
擠,zyi3,ㄗㄧ3,tsi3,U+64E0
擡,tai2,ㄊㄞ2,tʰaɪ2,U+64E1
擣,dau3,ㄉㄠ3,tɑʊ3,U+64E3
擦,ca5,ㄘㄚ5,tsʰa5,U+64E6
擦,cha5,ㄔㄚ5,ʈʂʰa5,U+64E6
擩,ru2,ㄖㄨ2,ʐu2,U+64E9
擬,nji3,ㄬㄧ3,ɲi3,U+64EC
擰,njing2,ㄬㄧㄥ2,,U+64F0
擱,go5,ㄍㄛ5,kɔ5,U+64F1
擴,kuo5,ㄎㄨㄛ5,kʰuɔ5,U+64F4
擸,la5,ㄌㄚ5,la5,U+64F8
擸,lie5,ㄌㄧㄝ5,liɛ5,U+64F8
擺,bai3,ㄅㄞ3,paɪ3,U+64FA
擿,ti5,ㄊㄧ5,tʰi5,U+64FF
擿,zhi5,ㄓㄭ5,ʈʂɨ5,U+64FF
攀,pan1,ㄆㄢ1,pʰan1,U+6500
攆,njian3,ㄬㄧㄢ3,ɲiɛn3,U+6506
攏,lung2,ㄌㄨㄥ2,lʊŋ2,U+650F
攏,lung3,ㄌㄨㄥ3,lʊŋ3,U+650F
攙,chan1,ㄔㄢ1,ʈʂʰan1,U+6519
攝,njie5,ㄬㄧㄝ5,ɲiɛ5,U+651D
攝,she5,ㄕㄝ5,ʂɛ5,U+651D
攝,zhe5,ㄓㄝ5,ʈʂɛ5,U+651D
攤,nan4,ㄋㄢ4,nan4,U+6524
攤,tan1,ㄊㄢ1,tʰan1,U+6524
攪,jiau3,ㄐㄧㄠ3,tɕiɑʊ3,U+652A
攫,jyuo5,ㄐㄩㄛ5,tɕyɔ5,U+652B
攬,lan3,ㄌㄢ3,lan3,U+652C
支,ie,ㄧㄝ,iɛ,U+652F
支,zhi1,ㄓㄭ1,ʈʂɨ1,U+652F
收,sheu1,ㄕㄡ1,ʂoʊ1,U+6536
攷,kau3,ㄎㄠ3,kʰɑʊ3,U+6537
攸,yeu1,ㄧㄡ1,iɔʊ1,U+6538
改,gai3,ㄍㄞ3,kaɪ3,U+6539
攻,gung1,ㄍㄨㄥ1,kʊŋ1,U+653B
放,fang4,ㄈㄤ4,fɑŋ4,U+653E
故,gu4,ㄍㄨ4,ku4,U+6545
效,xiau4,ㄒㄧㄠ4,ɕiɑʊ4,U+6548
敏,min3,ㄇㄧㄣ3,min3,U+654F
敗,bai4,ㄅㄞ4,paɪ4,U+6557
敘,syu4,ㄙㄩ4,sy4,U+6558
教,jiau1,ㄐㄧㄠ1,tɕiɑʊ1,U+6559
教,jiau4,ㄐㄧㄠ4,tɕiɑʊ4,U+6559
敞,chang3,ㄔㄤ3,ʈʂʰɑŋ3,U+655E
敢,gan3,ㄍㄢ3,kan3,U+6562
散,san3,ㄙㄢ3,san3,U+6563
散,san4,ㄙㄢ4,san4,U+6563
敦,diau1,ㄉㄧㄠ1,tiɑʊ1,U+6566
敦,duei1,ㄉㄨㄟ1,tueɪ1,U+6566
敦,dun1,ㄉㄨㄣ1,tuən1,U+6566
敦,tuan2,ㄊㄨㄢ2,tʰuan2,U+6566
敦,tun2,ㄊㄨㄣ2,tʰuən2,U+6566
敫,jiau4,ㄐㄧㄠ4,tɕiɑʊ4,U+656B
敫,yo5,ㄧㄛ5,iɔ5,U+656B
敲,qiau1,ㄑㄧㄠ1,tɕʰiɑʊ1,U+6572
整,zheng3,ㄓㄥ3,ʈʂəŋ3,U+6574
敵,di5,ㄉㄧ5,ti5,U+6575
數,shu3,ㄕㄨ3,ʂu3,U+6578
數,shu4,ㄕㄨ4,ʂu4,U+6578
數,shuo5,ㄕㄨㄛ5,ʂuɔ5,U+6578
敺,eu3,ㄡ3,oʊ3,U+657A
敺,qyu1,ㄑㄩ1,tɕʰy1,U+657A
斁,du4,ㄉㄨ4,tu4,U+6581
斁,yi5,ㄧ5,i5,U+6581
文,un2,ㄨㄣ2,uən2,U+6587
文,wen2,ㄨㄣ2,uən2,U+6587
斌,bin1,ㄅㄧㄣ1,pin1,U+658C
斑,ban1,ㄅㄢ1,pan1,U+6591
斗,deu3,ㄉㄡ3,toʊ3,U+6597
斛,hu5,ㄏㄨ5,xu5,U+659B
斜,sia2,ㄙㄧㄚ2,siɑ2,U+659C
斜,sie2,ㄙㄧㄝ2,siɛ2,U+659C
斟,zhen1,ㄓㄣ1,ʈʂən1,U+659F
斤,jin1,ㄐㄧㄣ1,tɕin1,U+65A4
斥,cheo5,ㄔㄜ5,ʈʂʰɤ5,U+65A5
斥,chi5,ㄔㄭ5,ʈʂʰɨ5,U+65A5
斧,fu3,ㄈㄨ3,fu3,U+65A7
斫,zho5,ㄓㄛ5,ʈʂɔ5,U+65AB
斬,zhan3,ㄓㄢ3,ʈʂan3,U+65AC
斯,si1,ㄙㄭ1,sɨ1,U+65AF
新,sin1,ㄙㄧㄣ1,sin1,U+65B0
斷,duan4,ㄉㄨㄢ4,tuan4,U+65B7
方,fang,ㄈㄤ,fɑŋ,U+65B9
方,fang1,ㄈㄤ1,fɑŋ1,U+65B9
於,i,ㄧ,i,U+65BC
於,wu1,ㄨ1,u1,U+65BC
於,yu1,ㄩ1,y1,U+65BC
於,yu2,ㄩ2,y2,U+65BC
施,shi1,ㄕㄭ1,ʂɨ1,U+65BD
施,shi3,ㄕㄭ3,ʂɨ3,U+65BD
施,shi4,ㄕㄭ4,ʂɨ4,U+65BD
施,yi4,ㄧ4,i4,U+65BD
旅,lyu3,ㄌㄩ3,ly3,U+65C5
旋,syuan2,ㄙㄩㄢ2,,U+65CB
族,zeu4,ㄗㄡ4,tsoʊ4,U+65CF
族,zu5,ㄗㄨ5,tsu5,U+65CF
旙,fan1,ㄈㄢ1,fan1,U+65D9
日,ri5,ㄖㄭ5,ʐɨ5,U+65E5
日,riw,ㄖㄭ,ʐɨ,U+65E5
旦,dan4,ㄉㄢ4,tan4,U+65E6
早,zau3,ㄗㄠ3,tsɑʊ3,U+65E9
旬,syun2,ㄙㄩㄣ2,,U+65EC
旭,xyu5,ㄒㄩ5,ɕy5,U+65ED
旱,han4,ㄏㄢ4,xan4,U+65F1
旺,wang4,ㄨㄤ4,,U+65FA
昂,ang,ㄤ,ɑŋ,U+6602
昂,ngang2,ㄫㄤ2,ŋɑŋ2,U+6602
昃,zeo5,ㄗㄜ5,tsɤ5,U+6603
昆,hun2,ㄏㄨㄣ2,xuən2,U+6606
昆,kun1,ㄎㄨㄣ1,kʰuən1,U+6606
昌,chang1,ㄔㄤ1,ʈʂʰɑŋ1,U+660C
明,ming2,ㄇㄧㄥ2,,U+660E
昏,hun1,ㄏㄨㄣ1,xuən1,U+660F
易,yi4,ㄧ4,i4,U+6613
易,yi5,ㄧ5,i5,U+6613
昔,co5,ㄘㄛ5,tsʰɔ5,U+6614
星,sing1,ㄙㄧㄥ1,,U+661F
映,ing4,ㄧㄥ4,,U+6620
映,ying4,ㄧㄧㄥ4,,U+6620
春,chun1,ㄔㄨㄣ1,ʈʂʰuən1,U+6625
昧,mei4,ㄇㄟ4,meɪ4,U+6627
昨,zuo5,ㄗㄨㄛ5,tsuɔ5,U+6628
是,shi,ㄕㄭ,ʂɨ,U+662F
是,shi4,ㄕㄭ4,ʂɨ4,U+662F
昴,mau3,ㄇㄠ3,mɑʊ3,U+6634
時,shi2,ㄕㄭ2,ʂɨ2,U+6642
晉,zin4,ㄗㄧㄣ4,tsin4,U+6649
晝,zheu4,ㄓㄡ4,ʈʂoʊ4,U+665D
普,pu3,ㄆㄨ3,pʰu3,U+666E
晴,cing2,ㄘㄧㄥ2,,U+6674
晷,guei3,ㄍㄨㄟ3,kueɪ3,U+6677
暈,yun4,,,U+6688
暉,huei1,ㄏㄨㄟ1,xueɪ1,U+6689
暑,shu3,ㄕㄨ3,ʂu3,U+6691
暖,nuan3,ㄋㄨㄢ3,nuan3,U+6696
暖,xyuan1,ㄒㄩㄢ1,,U+6696
暗,an4,ㄢ4,an4,U+6697
暢,chang4,ㄔㄤ4,ʈʂʰɑŋ4,U+66A2
暫,zan4,ㄗㄢ4,tsan4,U+66AB
暮,mu4,ㄇㄨ4,mu4,U+66AE
暴,bau4,ㄅㄠ4,pɑʊ4,U+66B4
暴,pu5,ㄆㄨ5,pʰu5,U+66B4
暹,sian1,ㄙㄧㄢ1,siɛn1,U+66B9
曆,li5,ㄌㄧ5,li5,U+66C6
曉,xiau3,ㄒㄧㄠ3,ɕiɑʊ3,U+66C9
曬,chi1,ㄔㄭ1,ʈʂʰɨ1,U+66EC
曬,shai4,ㄕㄞ4,ʂaɪ4,U+66EC
曰,yue5,ㄩㄝ5,yɛ5,U+66F0
曲,qyu5,ㄑㄩ5,tɕʰy5,U+66F2
更,geng1,ㄍㄥ1,kəŋ1,U+66F4
更,geng4,ㄍㄥ4,kəŋ4,U+66F4
曷,ho5,ㄏㄛ5,xɔ5,U+66F7
書,shu1,ㄕㄨ1,ʂu1,U+66F8
書,yi5,ㄧ5,i5,U+66F8
曹,cau2,ㄘㄠ2,tsʰɑʊ2,U+66F9
曾,ceng2,ㄘㄥ2,tsʰəŋ2,U+66FE
曾,zeng1,ㄗㄥ1,tsəŋ1,U+66FE
替,ti4,ㄊㄧ4,tʰi4,U+66FF
最,zuei4,ㄗㄨㄟ4,tsueɪ4,U+6700
會,huei4,ㄏㄨㄟ4,xueɪ4,U+6703
會,kuai4,ㄎㄨㄞ4,kʰuaɪ4,U+6703
月,yue5,ㄩㄝ5,yɛ5,U+6708
有,yeu,ㄧㄡ,iɔʊ,U+6709
有,yeu3,ㄧㄡ3,iɔʊ3,U+6709
朋,peng2,ㄆㄥ2,pʰəŋ2,U+670B
服,fu5,ㄈㄨ5,fu5,U+670D
朏,fei3,ㄈㄟ3,feɪ3,U+670F
朏,pei4,ㄆㄟ4,pʰeɪ4,U+670F
朐,qyu2,ㄑㄩ2,tɕʰy2,U+6710
朐,xyu5,ㄒㄩ5,ɕy5,U+6710
朔,shuo5,ㄕㄨㄛ5,ʂuɔ5,U+6714
朕,zhen3,ㄓㄣ3,ʈʂən3,U+6715
朕,zhen4,ㄓㄣ4,ʈʂən4,U+6715
朗,lang3,ㄌㄤ3,lɑŋ3,U+6717
朘,zuei1,ㄗㄨㄟ1,tsueɪ1,U+6718
朘,zyuan1,ㄗㄩㄢ1,,U+6718
望,wang4,ㄨㄤ4,,U+671B
朝,chau2,ㄔㄠ2,ʈʂʰɑʊ2,U+671D
朝,zhau1,ㄓㄠ1,ʈʂɑʊ1,U+671D
期,ji1,ㄐㄧ1,tɕi1,U+671F
期,qi2,ㄑㄧ2,tɕʰi2,U+671F
朦,mung2,ㄇㄨㄥ2,mʊŋ2,U+6726
朧,lung2,ㄌㄨㄥ2,lʊŋ2,U+6727
木,mo5,ㄇㄛ5,mɔ5,U+6728
木,mu5,ㄇㄨ5,mu5,U+6728
未,vei4,ㄪㄟ4,ʋeɪ4,U+672A
未,vi4,ㄪㄧ4,ʋi4,U+672A
本,ben3,ㄅㄣ3,pən3,U+672C
札,zha5,ㄓㄚ5,ʈʂa5,U+672D
朱,zhu1,ㄓㄨ1,ʈʂu1,U+6731
朵,duo,ㄉㄨㄛ,tuɔ,U+6735
朵,duo3,ㄉㄨㄛ3,tuɔ3,U+6735
朶,duo3,ㄉㄨㄛ3,tuɔ3,U+6736
机,ji1,ㄐㄧ1,tɕi1,U+673A
朽,xieu3,ㄒㄧㄡ3,ɕiɔʊ3,U+673D
朽,xieu4,ㄒㄧㄡ4,ɕiɔʊ4,U+673D
朾,cheng2,ㄔㄥ2,ʈʂʰəŋ2,U+673E
朾,ting1,ㄊㄧㄥ1,,U+673E
杆,gan1,ㄍㄢ1,kan1,U+6746
杉,shan1,ㄕㄢ1,ʂan1,U+6749
李,li3,ㄌㄧ3,li3,U+674E
杏,xing4,ㄒㄧㄥ4,,U+674F
材,cai2,ㄘㄞ2,tsʰaɪ2,U+6750
村,cun1,ㄘㄨㄣ1,tsʰuən1,U+6751
杓,biau1,ㄅㄧㄠ1,piɑʊ1,U+6753
杓,sho5,ㄕㄛ5,ʂɔ5,U+6753
杖,zhang4,ㄓㄤ4,ʈʂɑŋ4,U+6756
杜,du4,ㄉㄨ4,tu4,U+675C
杞,qi3,ㄑㄧ3,tɕʰi3,U+675E
束,shu5,ㄕㄨ5,ʂu5,U+675F
杠,gang1,ㄍㄤ1,kɑŋ1,U+6760
杠,gung1,ㄍㄨㄥ1,kʊŋ1,U+6760
条,tiau2,ㄊㄧㄠ2,tʰiɑʊ2,U+6761
杭,hang2,ㄏㄤ2,xɑŋ2,U+676D
杯,bei1,ㄅㄟ1,peɪ1,U+676F
東,dung1,ㄉㄨㄥ1,tʊŋ1,U+6771
東,ung,ㄨㄥ,ʊŋ,U+6771
杳,yau3,ㄧㄠ3,iɑʊ3,U+6773
杵,chu3,ㄔㄨ3,ʈʂʰu3,U+6775
杻,cheu3,ㄔㄡ3,ʈʂʰoʊ3,U+677B
杻,njieu3,ㄬㄧㄡ3,ɲiɔʊ3,U+677B
杼,shu4,ㄕㄨ4,ʂu4,U+677C
杼,zhu4,ㄓㄨ4,ʈʂu4,U+677C
松,sung1,ㄙㄨㄥ1,sʊŋ1,U+677E
板,ban3,ㄅㄢ3,pan3,U+677F
枇,bi3,ㄅㄧ3,pi3,U+6787
枇,bi4,ㄅㄧ4,pi4,U+6787
枇,pi2,ㄆㄧ2,pʰi2,U+6787
枉,wang3,ㄨㄤ3,,U+6789
枓,deu3,ㄉㄡ3,toʊ3,U+6793
枓,zhu3,ㄓㄨ3,ʈʂu3,U+6793
枕,zhen3,ㄓㄣ3,ʈʂən3,U+6795
林,lin2,ㄌㄧㄣ2,lin2,U+6797
枚,mei2,ㄇㄟ2,meɪ2,U+679A
果,guo3,ㄍㄨㄛ3,kuɔ3,U+679C
枝,zhi1,ㄓㄭ1,ʈʂɨ1,U+679D
枯,ku1,ㄎㄨ1,kʰu1,U+67AF
枱,tai2,ㄊㄞ2,tʰaɪ2,U+67B1
枱,yi2,ㄧ2,i2,U+67B1
枳,ji3,ㄐㄧ3,tɕi3,U+67B3
枳,zhi3,ㄓㄭ3,ʈʂɨ3,U+67B3
架,jia4,ㄐㄧㄚ4,tɕiɑ4,U+67B6
枷,jia1,ㄐㄧㄚ1,tɕiɑ1,U+67B7
枸,geu3,ㄍㄡ3,koʊ3,U+67B8
枸,jyu3,ㄐㄩ3,tɕy3,U+67B8
枹,bau1,ㄅㄠ1,pɑʊ1,U+67B9
枹,fu2,ㄈㄨ2,fu2,U+67B9
柁,do4,ㄉㄛ4,tɔ4,U+67C1
柍,ang3,ㄤ3,ɑŋ3,U+67CD
柍,ying3,ㄧㄧㄥ3,,U+67CD
柑,gan1,ㄍㄢ1,kan1,U+67D1
柑,qian2,ㄑㄧㄢ2,tɕʰiɛn2,U+67D1
柒,cyi5,ㄘㄧ5,tsʰi5,U+67D2
染,ran3,ㄖㄢ3,ʐan3,U+67D3
柔,reu2,ㄖㄡ2,ʐoʊ2,U+67D4
柙,jia5,ㄐㄧㄚ5,tɕiɑ5,U+67D9
柙,xia5,ㄒㄧㄚ5,ɕiɑ5,U+67D9
柚,yeu4,ㄧㄡ4,iɔʊ4,U+67DA
柞,zeo5,ㄗㄜ5,tsɤ5,U+67DE
柞,zo5,ㄗㄛ5,tsɔ5,U+67DE
柣,zhi5,ㄓㄭ5,ʈʂɨ5,U+67E3
柤,zha1,ㄓㄚ1,ʈʂa1,U+67E4
柤,zu1,ㄗㄨ1,tsu1,U+67E4
查,cha2,ㄔㄚ2,ʈʂʰa2,U+67E5
查,zha1,ㄓㄚ1,ʈʂa1,U+67E5
柮,du5,ㄉㄨ5,tu5,U+67EE
柮,na5,ㄋㄚ5,na5,U+67EE
柮,zuo5,ㄗㄨㄛ5,tsuɔ5,U+67EE
柯,ko1,ㄎㄛ1,kʰɔ1,U+67EF
柱,zhu4,ㄓㄨ4,ʈʂu4,U+67F1
柳,lieu3,ㄌㄧㄡ3,liɔʊ3,U+67F3
柴,chai2,ㄔㄞ2,ʈʂʰaɪ2,U+67F4
柵,sha5,ㄕㄚ5,ʂa5,U+67F5
柵,shan4,ㄕㄢ4,ʂan4,U+67F5
柵,zha5,ㄓㄚ5,ʈʂa5,U+67F5
柿,shi4,ㄕㄭ4,ʂɨ4,U+67FF
栗,li5,ㄌㄧ5,li5,U+6817
校,jiau4,ㄐㄧㄠ4,tɕiɑʊ4,U+6821
校,xiau4,ㄒㄧㄠ4,ɕiɑʊ4,U+6821
株,zhu1,ㄓㄨ1,ʈʂu1,U+682A
栯,yeu3,ㄧㄡ3,iɔʊ3,U+682F
栯,yu5,ㄩ5,y5,U+682F
核,heo5,ㄏㄜ5,xɤ5,U+6838
根,gen1,ㄍㄣ1,kən1,U+6839
栺,zhi3,ㄓㄭ3,ʈʂɨ3,U+683A
格,g,ㄍ,k,U+683C
格,geo5,ㄍㄜ5,kɤ5,U+683C
格,ho5,ㄏㄛ5,xɔ5,U+683C
栽,zai1,ㄗㄞ1,tsaɪ1,U+683D
桁,hang2,ㄏㄤ2,xɑŋ2,U+6841
桁,heng2,ㄏㄥ2,xəŋ2,U+6841
桋,ti2,ㄊㄧ2,tʰi2,U+684B
桋,yi2,ㄧ2,i2,U+684B
桌,zhuo5,ㄓㄨㄛ5,ʈʂuɔ5,U+684C
桐,tung2,ㄊㄨㄥ2,tʰʊŋ2,U+6850
桑,sang1,ㄙㄤ1,sɑŋ1,U+6851
桓,huan2,ㄏㄨㄢ2,xuan2,U+6853
桓,uan,ㄨㄢ,uan,U+6853
桶,tung3,ㄊㄨㄥ3,tʰʊŋ3,U+6876
桶,yung3,,,U+6876
桿,gan1,ㄍㄢ1,kan1,U+687F
梀,chu5,ㄔㄨ5,ʈʂʰu5,U+6880
梁,liang2,ㄌㄧㄤ2,,U+6881
梅,mei2,ㄇㄟ2,meɪ2,U+6885
梆,bang1,ㄅㄤ1,pɑŋ1,U+6886
梏,gu5,ㄍㄨ5,ku5,U+688F
梏,jio5,ㄐㄧㄛ5,tɕiɔ5,U+688F
梗,geng3,ㄍㄥ3,kəŋ3,U+6897
條,tiau2,ㄊㄧㄠ2,tʰiɑʊ2,U+689D
梡,kuan3,ㄎㄨㄢ3,kʰuan3,U+68A1
梡,wan2,ㄨㄢ2,uan2,U+68A1
梢,shau1,ㄕㄠ1,ʂɑʊ1,U+68A2
梢,siau1,ㄙㄧㄠ1,siɑʊ1,U+68A2
梨,li2,ㄌㄧ2,li2,U+68A8
梭,suo1,ㄙㄨㄛ1,suɔ1,U+68AD
梭,zyun1,ㄗㄩㄣ1,,U+68AD
梯,ti1,ㄊㄧ1,tʰi1,U+68AF
械,jiai4,ㄐㄧㄞ4,,U+68B0
械,xiai4,ㄒㄧㄞ4,,U+68B0
梱,kun3,ㄎㄨㄣ3,kʰuən3,U+68B1
梱,wen2,ㄨㄣ2,uən2,U+68B1
梲,tu5,ㄊㄨ5,tʰu5,U+68B2
梲,zhuo5,ㄓㄨㄛ5,ʈʂuɔ5,U+68B2
梳,shu1,ㄕㄨ1,ʂu1,U+68B3
梵,fan4,ㄈㄢ4,fan4,U+68B5
梵,feng2,ㄈㄥ2,fəŋ2,U+68B5
棄,qi4,ㄑㄧ4,tɕʰi4,U+68C4
棉,mian2,ㄇㄧㄢ2,miɛn2,U+68C9
棋,ji1,ㄐㄧ1,tɕi1,U+68CB
棋,qi2,ㄑㄧ2,tɕʰi2,U+68CB
棍,gun4,ㄍㄨㄣ4,kuən4,U+68CD
棒,bang4,ㄅㄤ4,pɑŋ4,U+68D2
棓,feu2,ㄈㄡ2,foʊ2,U+68D3
棓,pei2,ㄆㄟ2,pʰeɪ2,U+68D3
棓,peu2,ㄆㄡ2,pʰoʊ2,U+68D3
棗,zau3,ㄗㄠ3,tsɑʊ3,U+68D7
棘,ji5,ㄐㄧ5,tɕi5,U+68D8
棚,peng2,ㄆㄥ2,pʰəŋ2,U+68DA
棟,dung4,ㄉㄨㄥ4,tʊŋ4,U+68DF
棠,tang2,ㄊㄤ2,tʰɑŋ2,U+68E0
棣,di4,ㄉㄧ4,ti4,U+68E3
棧,zhan4,ㄓㄢ4,ʈʂan4,U+68E7
森,shen1,ㄕㄣ1,ʂən1,U+68EE
棲,cyi1,ㄘㄧ1,tsʰi1,U+68F2
棲,syi1,ㄙㄧ1,si1,U+68F2
棵,ko1,ㄎㄛ1,kʰɔ1,U+68F5
棹,zhau4,ㄓㄠ4,ʈʂɑʊ4,U+68F9
棹,zhuo5,ㄓㄨㄛ5,ʈʂuɔ5,U+68F9
棺,guan1,ㄍㄨㄢ1,kuan1,U+68FA
椅,yi3,ㄧ3,i3,U+6905
椌,kung1,ㄎㄨㄥ1,kʰʊŋ1,U+690C
椌,qiang1,ㄑㄧㄤ1,,U+690C
椏,ya1,ㄧㄚ1,iɑ1,U+690F
椒,ziau1,ㄗㄧㄠ1,tsiɑʊ1,U+6912
椷,jian1,ㄐㄧㄢ1,tɕiɛn1,U+6937
椷,xian2,ㄒㄧㄢ2,ɕiɛn2,U+6937
椹,shen4,ㄕㄣ4,ʂən4,U+6939
椽,chuan2,ㄔㄨㄢ2,ʈʂʰuan2,U+693D
椿,chun1,ㄔㄨㄣ1,ʈʂʰuən1,U+693F
椿,zhuang1,ㄓㄨㄤ1,,U+693F
楊,yang2,ㄧㄤ2,,U+694A
楚,chu3,ㄔㄨ3,ʈʂʰu3,U+695A
楠,nan2,ㄋㄢ2,nan2,U+6960
楢,cieu1,ㄘㄧㄡ1,tsʰiɔʊ1,U+6962
楢,yeu2,ㄧㄡ2,iɔʊ2,U+6962
楥,xyuan4,ㄒㄩㄢ4,,U+6965
楥,yuan2,ㄩㄢ2,,U+6965
楫,zie5,ㄗㄧㄝ5,tsiɛ5,U+696B
業,ye5,ㄧㄝ5,iɛ5,U+696D
楮,chu3,ㄔㄨ3,ʈʂʰu3,U+696E
楮,du3,ㄉㄨ3,tu3,U+696E
楱,ceu4,ㄘㄡ4,tsʰoʊ4,U+6971
極,ji5,ㄐㄧ5,tɕi5,U+6975
楷,jiai1,ㄐㄧㄞ1,,U+6977
楷,kai3,ㄎㄞ3,kʰaɪ3,U+6977
概,gai4,ㄍㄞ4,kaɪ4,U+6982
榔,lang2,ㄌㄤ2,lɑŋ2,U+6994
榛,zhen1,ㄓㄣ1,ʈʂən1,U+699B
榜,bang3,ㄅㄤ3,pɑŋ3,U+699C
榜,beng4,ㄅㄥ4,pəŋ4,U+699C
榮,yung2,,,U+69AE
榱,shuai1,ㄕㄨㄞ1,ʂuaɪ1,U+69B1
榴,lieu2,ㄌㄧㄡ2,liɔʊ2,U+69B4
榷,jio5,ㄐㄧㄛ5,tɕiɔ5,U+69B7
榷,qio5,ㄑㄧㄛ5,tɕʰiɔ5,U+69B7
榻,ta5,ㄊㄚ5,tʰa5,U+69BB
槀,gau3,ㄍㄠ3,kɑʊ3,U+69C0
槀,kau3,ㄎㄠ3,kʰɑʊ3,U+69C0
槇,dian1,ㄉㄧㄢ1,tiɛn1,U+69C7
槇,zhen3,ㄓㄣ3,ʈʂən3,U+69C7
構,geu4,ㄍㄡ4,koʊ4,U+69CB
槌,chuei2,ㄔㄨㄟ2,ʈʂʰueɪ2,U+69CC
槍,ciang1,ㄘㄧㄤ1,,U+69CD
槏,qian3,ㄑㄧㄢ3,tɕʰiɛn3,U+69CF
槏,xian4,ㄒㄧㄢ4,ɕiɛn4,U+69CF
槐,huai2,ㄏㄨㄞ2,xuaɪ2,U+69D0
槭,chuo5,ㄔㄨㄛ5,ʈʂʰuɔ5,U+69ED
槭,cu5,ㄘㄨ5,tsʰu5,U+69ED
槳,ziang3,ㄗㄧㄤ3,,U+69F3
槽,cau2,ㄘㄠ2,tsʰɑʊ2,U+69FD
樁,zhuang1,ㄓㄨㄤ1,,U+6A01
樂,lo5,ㄌㄛ5,lɔ5,U+6A02
樂,yau4,ㄧㄠ4,iɑʊ4,U+6A02
樂,yo5,ㄧㄛ5,iɔ5,U+6A02
樑,liang2,ㄌㄧㄤ2,,U+6A11
樓,leu2,ㄌㄡ2,loʊ2,U+6A13
標,biau1,ㄅㄧㄠ1,piɑʊ1,U+6A19
樞,shu1,ㄕㄨ1,ʂu1,U+6A1E
樟,zhang1,ㄓㄤ1,ʈʂɑŋ1,U+6A1F
模,mu2,ㄇㄨ2,mu2,U+6A21
樣,yang4,ㄧㄤ4,,U+6A23
樵,ciau2,ㄘㄧㄠ2,tsʰiɑʊ2,U+6A35
樸,bu5,ㄅㄨ5,pu5,U+6A38
樸,po5,ㄆㄛ5,pʰɔ5,U+6A38
樹,shu4,ㄕㄨ4,ʂu4,U+6A39
樹,xyu4,ㄒㄩ4,ɕy4,U+6A39
樽,zun1,ㄗㄨㄣ1,tsuən1,U+6A3D
橄,gan3,ㄍㄢ3,kan3,U+6A44
橇,cuei1,ㄘㄨㄟ1,tsʰueɪ1,U+6A47
橇,qiau1,ㄑㄧㄠ1,tɕʰiɑʊ1,U+6A47
橈,nau4,ㄋㄠ4,nɑʊ4,U+6A48
橈,rau2,ㄖㄠ2,ʐɑʊ2,U+6A48
橋,qiau2,ㄑㄧㄠ2,tɕʰiɑʊ2,U+6A4B
橘,jyu5,ㄐㄩ5,tɕy5,U+6A58
橙,cheng2,ㄔㄥ2,ʈʂʰəŋ2,U+6A59
橚,shau4,ㄕㄠ4,ʂɑʊ4,U+6A5A
橚,su5,ㄙㄨ5,su5,U+6A5A
橛,guei4,ㄍㄨㄟ4,kueɪ4,U+6A5B
橛,jyue5,ㄐㄩㄝ5,tɕyɛ5,U+6A5B
機,ji1,ㄐㄧ1,tɕi1,U+6A5F
橡,siang4,ㄙㄧㄤ4,,U+6A61
橢,tuo3,ㄊㄨㄛ3,tʰuɔ3,U+6A62
橦,chuang2,ㄔㄨㄤ2,,U+6A66
橦,tung2,ㄊㄨㄥ2,tʰʊŋ2,U+6A66
橦,zhung1,ㄓㄨㄥ1,ʈʂʊŋ1,U+6A66
橫,heng2,ㄏㄥ2,xəŋ2,U+6A6B
檀,tan2,ㄊㄢ2,tʰan2,U+6A80
檜,guai4,ㄍㄨㄞ4,kuaɪ4,U+6A9C
檜,huei4,ㄏㄨㄟ4,xueɪ4,U+6A9C
檮,cheu2,ㄔㄡ2,ʈʂʰoʊ2,U+6AAE
檮,tau2,ㄊㄠ2,tʰɑʊ2,U+6AAE
檯,tai2,ㄊㄞ2,tʰaɪ2,U+6AAF
檳,bin1,ㄅㄧㄣ1,pin1,U+6AB3
檸,njing2,ㄬㄧㄥ2,,U+6AB8
櫂,zhau4,ㄓㄠ4,ʈʂɑʊ4,U+6AC2
櫂,zhuo5,ㄓㄨㄛ5,ʈʂuɔ5,U+6AC2
櫓,lu3,ㄌㄨ3,lu3,U+6AD3
櫥,chu2,ㄔㄨ2,ʈʂʰu2,U+6AE5
櫬,chen4,ㄔㄣ4,ʈʂʰən4,U+6AEC
櫻,ing1,ㄧㄥ1,,U+6AFB
櫻,ying1,ㄧㄧㄥ1,,U+6AFB
權,qyuan2,ㄑㄩㄢ2,,U+6B0A
欖,lan3,ㄌㄢ3,lan3,U+6B16
次,ci4,ㄘㄭ4,tsʰɨ4,U+6B21
欣,xin1,ㄒㄧㄣ1,ɕin1,U+6B23
欲,yu5,ㄩ5,y5,U+6B32
欺,q,ㄑ,tɕʰ,U+6B3A
欺,qi1,ㄑㄧ1,tɕʰi1,U+6B3A
欽,qin1,ㄑㄧㄣ1,tɕʰin1,U+6B3D
款,kuan3,ㄎㄨㄢ3,kʰuan3,U+6B3E
歇,xie5,ㄒㄧㄝ5,ɕiɛ5,U+6B47
歌,a,ㄚ,a,U+6B4C
歌,go1,ㄍㄛ1,kɔ1,U+6B4C
歎,tan4,ㄊㄢ4,tʰan4,U+6B4E
歐,eu,ㄡ,oʊ,U+6B50
歐,eu1,ㄡ1,oʊ1,U+6B50
歙,xi5,ㄒㄧ5,ɕi5,U+6B59
歙,xie5,ㄒㄧㄝ5,ɕiɛ5,U+6B59
歜,chu5,ㄔㄨ5,ʈʂʰu5,U+6B5C
歜,zan4,ㄗㄢ4,tsan4,U+6B5C
歡,huan1,ㄏㄨㄢ1,xuan1,U+6B61
正,zheng1,ㄓㄥ1,ʈʂəŋ1,U+6B63
正,zheng4,ㄓㄥ4,ʈʂəŋ4,U+6B63
此,ci3,ㄘㄭ3,tsʰɨ3,U+6B64
武,wu3,ㄨ3,u3,U+6B66
歪,wai1,ㄨㄞ1,uaɪ1,U+6B6A
歷,li5,ㄌㄧ5,li5,U+6B77
歸,guei1,ㄍㄨㄟ1,kueɪ1,U+6B78
歹,dai3,ㄉㄞ3,taɪ3,U+6B79
死,si3,ㄙㄭ3,sɨ3,U+6B7B
殃,yang1,ㄧㄤ1,,U+6B83
殆,dai4,ㄉㄞ4,taɪ4,U+6B86
殉,syun4,ㄙㄩㄣ4,,U+6B89
殗,yan1,ㄧㄢ1,iɛn1,U+6B97
殗,ye5,ㄧㄝ5,iɛ5,U+6B97
殘,can2,ㄘㄢ2,tsʰan2,U+6B98
殯,bin4,ㄅㄧㄣ4,pin4,U+6BAF
段,duan4,ㄉㄨㄢ4,tuan4,U+6BB5
殷,in1,ㄧㄣ1,in1,U+6BB7
殷,yan1,ㄧㄢ1,iɛn1,U+6BB7
殷,yin1,ㄧㄧㄣ1,,U+6BB7
殺,sa5,ㄙㄚ5,sa5,U+6BBA
殺,sha5,ㄕㄚ5,ʂa5,U+6BBA
殺,shai4,ㄕㄞ4,ʂaɪ4,U+6BBA
殼,ko5,ㄎㄛ5,kʰɔ5,U+6BBC
殿,dian4,ㄉㄧㄢ4,tiɛn4,U+6BBF
毀,huei3,ㄏㄨㄟ3,xueɪ3,U+6BC0
毄,ji5,ㄐㄧ5,tɕi5,U+6BC4
毄,qi5,ㄑㄧ5,tɕʰi5,U+6BC4
毅,yi4,ㄧ4,i4,U+6BC5
毋,meu2,ㄇㄡ2,moʊ2,U+6BCB
毋,wu2,ㄨ2,u2,U+6BCB
母,meu3,ㄇㄡ3,moʊ3,U+6BCD
母,mu3,ㄇㄨ3,mu3,U+6BCD
每,mei3,ㄇㄟ3,meɪ3,U+6BCF
毒,du5,ㄉㄨ5,tu5,U+6BD2
毗,pi2,ㄆㄧ2,pʰi2,U+6BD7
毛,mau2,ㄇㄠ2,mɑʊ2,U+6BDB
毡,zhan1,ㄓㄢ1,ʈʂan1,U+6BE1
毫,hau2,ㄏㄠ2,xɑʊ2,U+6BEB
毬,qieu2,ㄑㄧㄡ2,tɕʰiɔʊ2,U+6BEC
毯,tan3,ㄊㄢ3,tʰan3,U+6BEF
氈,zhan1,ㄓㄢ1,ʈʂan1,U+6C08
氏,shi4,ㄕㄭ4,ʂɨ4,U+6C0F
氐,di1,ㄉㄧ1,ti1,U+6C10
氐,zhi1,ㄓㄭ1,ʈʂɨ1,U+6C10
民,min2,ㄇㄧㄣ2,min2,U+6C11
氓,mang2,ㄇㄤ2,mɑŋ2,U+6C13
氓,meng2,ㄇㄥ2,məŋ2,U+6C13
氣,qi4,ㄑㄧ4,tɕʰi4,U+6C23
氳,yun1,,,U+6C33
水,shuei3,ㄕㄨㄟ3,ʂueɪ3,U+6C34
永,yung3,,,U+6C38
汀,ting1,ㄊㄧㄥ1,,U+6C40
求,qieu2,ㄑㄧㄡ2,tɕʰiɔʊ2,U+6C42
汃,bin1,ㄅㄧㄣ1,pin1,U+6C43
汃,pa5,ㄆㄚ5,pʰa5,U+6C43
汋,sho5,ㄕㄛ5,ʂɔ5,U+6C4B
汋,zhuo5,ㄓㄨㄛ5,ʈʂuɔ5,U+6C4B
汗,han2,ㄏㄢ2,xan2,U+6C57
汗,han4,ㄏㄢ4,xan4,U+6C57
汙,wa1,ㄨㄚ1,uɑ1,U+6C59
汙,wu1,ㄨ1,u1,U+6C59
汙,wu4,ㄨ4,u4,U+6C59
汙,yu2,ㄩ2,y2,U+6C59
汝,ru3,ㄖㄨ3,ʐu3,U+6C5D
汞,gung4,ㄍㄨㄥ4,kʊŋ4,U+6C5E
汞,hung4,ㄏㄨㄥ4,xʊŋ4,U+6C5E
江,jiang1,ㄐㄧㄤ1,,U+6C5F
江,rung,ㄖㄨㄥ,ʐʊŋ,U+6C5F
池,to2,ㄊㄛ2,tʰɔ2,U+6C60
污,wu1,ㄨ1,u1,U+6C61
汩,gu5,ㄍㄨ5,ku5,U+6C69
汩,yi5,ㄧ5,i5,U+6C69
汪,wang1,ㄨㄤ1,,U+6C6A
汰,tai4,ㄊㄞ4,tʰaɪ4,U+6C70
汲,ji5,ㄐㄧ5,tɕi5,U+6C72
決,jyue5,ㄐㄩㄝ5,tɕyɛ5,U+6C7A
沁,cin4,ㄘㄧㄣ4,tsʰin4,U+6C81
沂,yi2,ㄧ2,i2,U+6C82
沂,yin2,ㄧㄧㄣ2,,U+6C82
沃,wu5,ㄨ5,u5,U+6C83
沇,wei2,ㄨㄟ2,ueɪ2,U+6C87
沇,yan3,ㄧㄢ3,iɛn3,U+6C87
沈,chen2,ㄔㄣ2,ʈʂʰən2,U+6C88
沈,shen3,ㄕㄣ3,ʂən3,U+6C88
沌,zhuan4,ㄓㄨㄢ4,ʈʂuan4,U+6C8C
沏,chi5,ㄔㄭ5,ʈʂʰɨ5,U+6C8F
沏,cie5,ㄘㄧㄝ5,tsʰiɛ5,U+6C8F
沐,mu5,ㄇㄨ5,mu5,U+6C90
沑,njieu4,ㄬㄧㄡ4,ɲiɔʊ4,U+6C91
沑,reu3,ㄖㄡ3,ʐoʊ3,U+6C91
沒,meo,ㄇㄜ,mɤ,U+6C92
沒,meo5,ㄇㄜ5,mɤ5,U+6C92
沒,mo5,ㄇㄛ5,mɔ5,U+6C92
沕,mi5,ㄇㄧ5,mi5,U+6C95
沕,wu5,ㄨ5,u5,U+6C95
沖,chung1,ㄔㄨㄥ1,ʈʂʰʊŋ1,U+6C96
沙,sha1,ㄕㄚ1,ʂa1,U+6C99
沙,suo1,ㄙㄨㄛ1,suɔ1,U+6C99
沛,pei4,ㄆㄟ4,pʰeɪ4,U+6C9B
沬,mei4,ㄇㄟ4,meɪ4,U+6CAC
沬,vei4,ㄪㄟ4,ʋeɪ4,U+6CAC
河,ho2,ㄏㄛ2,xɔ2,U+6CB3
沴,li4,ㄌㄧ4,li4,U+6CB4
沴,tian3,ㄊㄧㄢ3,tʰiɛn3,U+6CB4
沸,fei4,ㄈㄟ4,feɪ4,U+6CB8
沸,fu5,ㄈㄨ5,fu5,U+6CB8
油,yeu2,ㄧㄡ2,iɔʊ2,U+6CB9
治,chi2,ㄔㄭ2,ʈʂʰɨ2,U+6CBB
治,zhi4,ㄓㄭ4,ʈʂɨ4,U+6CBB
沽,gu1,ㄍㄨ1,ku1,U+6CBD
沾,tian1,ㄊㄧㄢ1,tʰiɛn1,U+6CBE
沾,zhan1,ㄓㄢ1,ʈʂan1,U+6CBE
泄,sie5,ㄙㄧㄝ5,siɛ5,U+6CC4
泄,yi4,ㄧ4,i4,U+6CC4
泆,die5,ㄉㄧㄝ5,tiɛ5,U+6CC6
泉,cyuan2,ㄘㄩㄢ2,,U+6CC9
泊,bo5,ㄅㄛ5,pɔ5,U+6CCA
泏,ku5,ㄎㄨ5,kʰu5,U+6CCF
泏,zhuo5,ㄓㄨㄛ5,ʈʂuɔ5,U+6CCF
法,fa5,ㄈㄚ5,fa5,U+6CD5
泛,fa5,ㄈㄚ5,fa5,U+6CDB
泛,fan4,ㄈㄢ4,fan4,U+6CDB
泜,chi2,ㄔㄭ2,ʈʂʰɨ2,U+6CDC
泡,pau4,ㄆㄠ4,pʰɑʊ4,U+6CE1
波,bo1,ㄅㄛ1,pɔ1,U+6CE2
泣,qi5,ㄑㄧ5,tɕʰi5,U+6CE3
泥,ni2,ㄋㄧ2,ni2,U+6CE5
泯,min3,ㄇㄧㄣ3,min3,U+6CEF
泰,tai4,ㄊㄞ4,tʰaɪ4,U+6CF0
泱,ang3,ㄤ3,ɑŋ3,U+6CF1
泱,yang1,ㄧㄤ1,,U+6CF1
泳,yung3,,,U+6CF3
洋,siang2,ㄙㄧㄤ2,,U+6D0B
洋,yang2,ㄧㄤ2,,U+6D0B
洒,cuei3,ㄘㄨㄟ3,tsʰueɪ3,U+6D12
洒,sa3,ㄙㄚ3,sa3,U+6D12
洒,shai3,ㄕㄞ3,ʂaɪ3,U+6D12
洒,sian3,ㄙㄧㄢ3,siɛn3,U+6D12
洗,si3,ㄙㄭ3,sɨ3,U+6D17
洗,sian3,ㄙㄧㄢ3,siɛn3,U+6D17
洗,syi3,ㄙㄧ3,si3,U+6D17
洛,lo5,ㄌㄛ5,lɔ5,U+6D1B
洝,an4,ㄢ4,an4,U+6D1D
洝,o5,ㄛ5,ɔ5,U+6D1D
洞,dung4,ㄉㄨㄥ4,tʊŋ4,U+6D1E
洟,ti4,ㄊㄧ4,tʰi4,U+6D1F
洟,yi2,ㄧ2,i2,U+6D1F
津,zin1,ㄗㄧㄣ1,tsin1,U+6D25
洨,jiau1,ㄐㄧㄠ1,tɕiɑʊ1,U+6D28
洨,xiau2,ㄒㄧㄠ2,ɕiɑʊ2,U+6D28
洩,sie5,ㄙㄧㄝ5,siɛ5,U+6D29
洩,yi4,ㄧ4,i4,U+6D29
洪,hung2,ㄏㄨㄥ2,xʊŋ2,U+6D2A
洮,tau1,ㄊㄠ1,tʰɑʊ1,U+6D2E
洮,yau2,ㄧㄠ2,iɑʊ2,U+6D2E
洮,zhau4,ㄓㄠ4,ʈʂɑʊ4,U+6D2E
洱,er3,ㄦ3,əɻ3,U+6D31
洴,peng1,ㄆㄥ1,pʰəŋ1,U+6D34
洴,ping2,ㄆㄧㄥ2,,U+6D34
活,hue5,ㄏㄩㄝ5,xyɛ5,U+6D3B
活,hueo5,ㄏㄩㄛ5,xyɔ5,U+6D3B
活,huo5,ㄏㄨㄛ5,xuɔ5,U+6D3B
派,pai4,ㄆㄞ4,pʰaɪ4,U+6D3E
流,lieu2,ㄌㄧㄡ2,liɔʊ2,U+6D41
浙,zhe5,ㄓㄝ5,ʈʂɛ5,U+6D59
浙,zheo5,ㄓㄜ5,ʈʂɤ5,U+6D59
浜,beng1,ㄅㄥ1,pəŋ1,U+6D5C
浥,ya5,ㄧㄚ5,iɑ5,U+6D65
浥,yi5,ㄧ5,i5,U+6D65
浦,pu3,ㄆㄨ3,pʰu3,U+6D66
浧,cheng2,ㄔㄥ2,ʈʂʰəŋ2,U+6D67
浧,ying3,ㄧㄧㄥ3,,U+6D67
浩,hau4,ㄏㄠ4,xɑʊ4,U+6D69
浪,lang4,ㄌㄤ4,lɑŋ4,U+6D6A
浮,feu2,ㄈㄡ2,foʊ2,U+6D6E
浮,fu2,ㄈㄨ2,fu2,U+6D6E
浴,yu5,ㄩ5,y5,U+6D74
海,hai3,ㄏㄞ3,xaɪ3,U+6D77
浸,zin4,ㄗㄧㄣ4,tsin4,U+6D78
浹,jia5,ㄐㄧㄚ5,tɕiɑ5,U+6D79
浹,zie5,ㄗㄧㄝ5,tsiɛ5,U+6D79
浼,mei3,ㄇㄟ3,meɪ3,U+6D7C
浽,nuei3,ㄋㄨㄟ3,nueɪ3,U+6D7D
浽,suei1,ㄙㄨㄟ1,sueɪ1,U+6D7D
涂,chu2,ㄔㄨ2,ʈʂʰu2,U+6D82
涂,tu2,ㄊㄨ2,tʰu2,U+6D82
消,siau1,ㄙㄧㄠ1,siɑʊ1,U+6D88
涉,she5,ㄕㄝ5,ʂɛ5,U+6D89
涎,sian2,ㄙㄧㄢ2,siɛn2,U+6D8E
涎,yan4,ㄧㄢ4,iɛn4,U+6D8E
涑,seu1,ㄙㄡ1,soʊ1,U+6D91
涑,su5,ㄙㄨ5,su5,U+6D91
涒,tun1,ㄊㄨㄣ1,tʰuən1,U+6D92
涒,yun1,,,U+6D92
涕,ti3,ㄊㄧ3,tʰi3,U+6D95
涕,ti4,ㄊㄧ4,tʰi4,U+6D95
涯,ya2,ㄧㄚ2,iɑ2,U+6DAF
液,shi5,ㄕㄭ5,ʂɨ5,U+6DB2
涴,wan3,ㄨㄢ3,uan3,U+6DB4
涴,wo4,ㄨㄛ4,uɔ4,U+6DB4
涵,han2,ㄏㄢ2,xan2,U+6DB5
涼,liang2,ㄌㄧㄤ2,,U+6DBC
淋,lin2,ㄌㄧㄣ2,lin2,U+6DCB
淌,chang4,ㄔㄤ4,ʈʂʰɑŋ4,U+6DCC
淌,tang3,ㄊㄤ3,tʰɑŋ3,U+6DCC
淒,cyi1,ㄘㄧ1,tsʰi1,U+6DD2
淙,chuang2,ㄔㄨㄤ2,,U+6DD9
淙,shuang4,ㄕㄨㄤ4,,U+6DD9
淚,luei4,ㄌㄨㄟ4,lueɪ4,U+6DDA
淡,dan4,ㄉㄢ4,tan4,U+6DE1
淨,zing4,ㄗㄧㄥ4,,U+6DE8
淪,lun2,ㄌㄨㄣ2,luən2,U+6DEA
淫,in2,ㄧㄣ2,in2,U+6DEB
淮,huai2,ㄏㄨㄞ2,xuaɪ2,U+6DEE
淰,nan3,ㄋㄢ3,nan3,U+6DF0
淰,shan3,ㄕㄢ3,ʂan3,U+6DF0
淰,shen3,ㄕㄣ3,ʂən3,U+6DF0
深,shen1,ㄕㄣ1,ʂən1,U+6DF1
淳,chun2,ㄔㄨㄣ2,ʈʂʰuən2,U+6DF3
淳,zhun1,ㄓㄨㄣ1,ʈʂuən1,U+6DF3
淴,hu5,ㄏㄨ5,xu5,U+6DF4
淴,wo5,ㄨㄛ5,uɔ5,U+6DF4
淵,yuan1,ㄩㄢ1,,U+6DF5
混,hun2,ㄏㄨㄣ2,xuən2,U+6DF7
混,hun3,ㄏㄨㄣ3,xuən3,U+6DF7
混,hun4,ㄏㄨㄣ4,xuən4,U+6DF7
混,kun1,ㄎㄨㄣ1,kʰuən1,U+6DF7
淺,cian3,ㄘㄧㄢ3,tsʰiɛn3,U+6DFA
添,tian1,ㄊㄧㄢ1,tʰiɛn1,U+6DFB
清,cing1,ㄘㄧㄥ1,,U+6E05
清,ing,ㄧㄥ,,U+6E05
減,jian3,ㄐㄧㄢ3,tɕiɛn3,U+6E1B
渠,qyu2,ㄑㄩ2,tɕʰy2,U+6E20
渡,du4,ㄉㄨ4,tu4,U+6E21
渢,fan2,ㄈㄢ2,fan2,U+6E22
渢,fung2,ㄈㄨㄥ2,fʊŋ2,U+6E22
渣,zha1,ㄓㄚ1,ʈʂa1,U+6E23
渤,bo5,ㄅㄛ5,pɔ5,U+6E24
渦,guo1,ㄍㄨㄛ1,kuɔ1,U+6E26
渫,die5,ㄉㄧㄝ5,tiɛ5,U+6E2B
渫,sie5,ㄙㄧㄝ5,siɛ5,U+6E2B
測,ceo5,ㄘㄜ5,tsʰɤ5,U+6E2C
港,gang3,ㄍㄤ3,kɑŋ3,U+6E2F
港,hung4,ㄏㄨㄥ4,xʊŋ4,U+6E2F
渴,jie5,ㄐㄧㄝ5,tɕiɛ5,U+6E34
渴,k,ㄎ,kʰ,U+6E34
渴,ko5,ㄎㄛ5,kʰɔ5,U+6E34
渺,miau3,ㄇㄧㄠ3,miɑʊ3,U+6E3A
渾,hun2,ㄏㄨㄣ2,xuən2,U+6E3E
湊,ceu4,ㄘㄡ4,tsʰoʊ4,U+6E4A
湖,hu2,ㄏㄨ2,xu2,U+6E56
湘,siang1,ㄙㄧㄤ1,,U+6E58
湛,chen2,ㄔㄣ2,ʈʂʰən2,U+6E5B
湛,dan1,ㄉㄢ1,tan1,U+6E5B
湛,zhan4,ㄓㄢ4,ʈʂan4,U+6E5B
湛,zian1,ㄗㄧㄢ1,tsiɛn1,U+6E5B
湣,mian4,ㄇㄧㄢ4,miɛn4,U+6E63
湣,min3,ㄇㄧㄣ3,min3,U+6E63
湧,yung3,,,U+6E67
湫,cieu1,ㄘㄧㄡ1,tsʰiɔʊ1,U+6E6B
湫,ziau3,ㄗㄧㄠ3,tsiɑʊ3,U+6E6B
湫,zieu1,ㄗㄧㄡ1,tsiɔʊ1,U+6E6B
湮,yan1,ㄧㄢ1,iɛn1,U+6E6E
湮,yin1,ㄧㄧㄣ1,,U+6E6E
湯,tang1,ㄊㄤ1,tʰɑŋ1,U+6E6F
溉,gai4,ㄍㄞ4,kaɪ4,U+6E89
準,zhun3,ㄓㄨㄣ3,ʈʂuən3,U+6E96
準,zhung3,ㄓㄨㄥ3,ʈʂʊŋ3,U+6E96
準,zhuo5,ㄓㄨㄛ5,ʈʂuɔ5,U+6E96
溜,lieu1,ㄌㄧㄡ1,liɔʊ1,U+6E9C
溜,lieu4,ㄌㄧㄡ4,liɔʊ4,U+6E9C
溝,geu1,ㄍㄡ1,koʊ1,U+6E9D
溦,mi2,ㄇㄧ2,mi2,U+6EA6
溦,vei2,ㄪㄟ2,ʋeɪ2,U+6EA6
溪,qi1,ㄑㄧ1,tɕʰi1,U+6EAA
溫,un,ㄨㄣ,uən,U+6EAB
溫,un1,ㄨㄣ1,uən1,U+6EAB
溯,su4,ㄙㄨ4,su4,U+6EAF
溺,nji5,ㄬㄧ5,ɲi5,U+6EBA
溺,njiau4,ㄬㄧㄠ4,ɲiɑʊ4,U+6EBA
溼,shi5,ㄕㄭ5,ʂɨ5,U+6EBC
滂,pang1,ㄆㄤ1,pʰɑŋ1,U+6EC2
滄,cang1,ㄘㄤ1,tsʰɑŋ1,U+6EC4
滅,mie5,ㄇㄧㄝ5,miɛ5,U+6EC5
滇,dian1,ㄉㄧㄢ1,tiɛn1,U+6EC7
滇,tian2,ㄊㄧㄢ2,tʰiɛn2,U+6EC7
滇,zhen1,ㄓㄣ1,ʈʂən1,U+6EC7
滋,zi1,ㄗㄭ1,tsɨ1,U+6ECB
滌,di5,ㄉㄧ5,ti5,U+6ECC
滎,ying2,ㄧㄧㄥ2,,U+6ECE
滎,yung1,,,U+6ECE
滑,gu5,ㄍㄨ5,ku5,U+6ED1
滔,tau1,ㄊㄠ1,tʰɑʊ1,U+6ED4
滕,teng2,ㄊㄥ2,tʰəŋ2,U+6ED5
滬,hu4,ㄏㄨ4,xu4,U+6EEC
滴,di5,ㄉㄧ5,ti5,U+6EF4
滷,lu3,ㄌㄨ3,lu3,U+6EF7
滸,hu3,ㄏㄨ3,xu3,U+6EF8
滾,gun3,ㄍㄨㄣ3,kuən3,U+6EFE
滿,man3,ㄇㄢ3,man3,U+6EFF
漂,piau1,ㄆㄧㄠ1,pʰiɑʊ1,U+6F02
漂,piau3,ㄆㄧㄠ3,pʰiɑʊ3,U+6F02
漂,piau4,ㄆㄧㄠ4,pʰiɑʊ4,U+6F02
漆,cyi5,ㄘㄧ5,tsʰi5,U+6F06
漊,leu3,ㄌㄡ3,loʊ3,U+6F0A
漊,lyu3,ㄌㄩ3,ly3,U+6F0A
漏,leu4,ㄌㄡ4,loʊ4,U+6F0F
漓,li2,ㄌㄧ2,li2,U+6F13
演,ian3,ㄧㄢ3,iɛn3,U+6F14
漢,han4,ㄏㄢ4,xan4,U+6F22
漨,fung2,ㄈㄨㄥ2,fʊŋ2,U+6F28
漨,pung2,ㄆㄨㄥ2,pʰʊŋ2,U+6F28
漫,man4,ㄇㄢ4,man4,U+6F2B
漯,luei3,ㄌㄨㄟ3,lueɪ3,U+6F2F
漯,ta5,ㄊㄚ5,tʰa5,U+6F2F
漱,seu4,ㄙㄡ4,soʊ4,U+6F31
漲,zhang4,ㄓㄤ4,ʈʂɑŋ4,U+6F32
漴,chuang4,ㄔㄨㄤ4,,U+6F34
漴,chung2,ㄔㄨㄥ2,ʈʂʰʊŋ2,U+6F34
漸,zian1,ㄗㄧㄢ1,tsiɛn1,U+6F38
漸,zian4,ㄗㄧㄢ4,tsiɛn4,U+6F38
漾,yang4,ㄧㄤ4,,U+6F3E
漿,ziang1,ㄗㄧㄤ1,,U+6F3F
潏,jyue5,ㄐㄩㄝ5,tɕyɛ5,U+6F4F
潏,shu5,ㄕㄨ5,ʂu5,U+6F4F
潏,yu5,ㄩ5,y5,U+6F4F
潐,ciau2,ㄘㄧㄠ2,tsʰiɑʊ2,U+6F50
潐,ziau4,ㄗㄧㄠ4,tsiɑʊ4,U+6F50
潑,p,ㄆ,pʰ,U+6F51
潑,po5,ㄆㄛ5,pʰɔ5,U+6F51
潒,dang4,ㄉㄤ4,tɑŋ4,U+6F52
潒,siang4,ㄙㄧㄤ4,,U+6F52
潔,jie5,ㄐㄧㄝ5,tɕiɛ5,U+6F54
潘,bo1,ㄅㄛ1,pɔ1,U+6F58
潘,pan1,ㄆㄢ1,pʰan1,U+6F58
潛,cian2,ㄘㄧㄢ2,tsʰiɛn2,U+6F5B
潜,cian2,ㄘㄧㄢ2,tsʰiɛn2,U+6F5C
潤,run4,ㄖㄨㄣ4,ʐuən4,U+6F64
潦,liau2,ㄌㄧㄠ2,liɑʊ2,U+6F66
潬,shan4,ㄕㄢ4,ʂan4,U+6F6C
潬,tan4,ㄊㄢ4,tʰan4,U+6F6C
潭,tan2,ㄊㄢ2,tʰan2,U+6F6D
潮,chau2,ㄔㄠ2,ʈʂʰɑʊ2,U+6F6E
潰,huei4,ㄏㄨㄟ4,xueɪ4,U+6F70
潸,shan1,ㄕㄢ1,ʂan1,U+6F78
潸,shan3,ㄕㄢ3,ʂan3,U+6F78
澀,seo5,ㄙㄜ5,sɤ5,U+6F80
澀,sheo5,ㄕㄜ5,ʂɤ5,U+6F80
澄,cheng2,ㄔㄥ2,ʈʂʰəŋ2,U+6F84
澄,deng4,ㄉㄥ4,təŋ4,U+6F84
澆,jiau1,ㄐㄧㄠ1,tɕiɑʊ1,U+6F86
澆,ngau4,ㄫㄠ4,ŋɑʊ4,U+6F86
澋,hung4,ㄏㄨㄥ4,xʊŋ4,U+6F8B
澋,xyung3,ㄒㄩㄥ3,ɕyŋ3,U+6F8B
澌,si1,ㄙㄭ1,sɨ1,U+6F8C
澠,min3,ㄇㄧㄣ3,min3,U+6FA0
澠,sheng2,ㄕㄥ2,ʂəŋ2,U+6FA0
澡,zau3,ㄗㄠ3,tsɑʊ3,U+6FA1
澤,duo5,ㄉㄨㄛ5,tuɔ5,U+6FA4
澤,zheo5,ㄓㄜ5,ʈʂɤ5,U+6FA4
澩,xiau4,ㄒㄧㄠ4,ɕiɑʊ4,U+6FA9
澩,xio5,ㄒㄧㄛ5,ɕiɔ5,U+6FA9
澳,au4,ㄠ4,ɑʊ4,U+6FB3
澳,yu5,ㄩ5,y5,U+6FB3
澴,huan2,ㄏㄨㄢ2,xuan2,U+6FB4
澴,xyuan1,ㄒㄩㄢ1,,U+6FB4
澶,dan4,ㄉㄢ4,tan4,U+6FB6
澶,shan2,ㄕㄢ2,ʂan2,U+6FB6
激,ji5,ㄐㄧ5,tɕi5,U+6FC0
濁,zhuo5,ㄓㄨㄛ5,ʈʂuɔ5,U+6FC1
濃,nung2,ㄋㄨㄥ2,nʊŋ2,U+6FC3
濆,fen4,ㄈㄣ4,fən4,U+6FC6
濕,shi5,ㄕㄭ5,ʂɨ5,U+6FD5
濛,mung2,ㄇㄨㄥ2,mʊŋ2,U+6FDB
濟,zyi4,ㄗㄧ4,tsi4,U+6FDF
濫,han4,ㄏㄢ4,xan4,U+6FEB
濫,lan4,ㄌㄢ4,lan4,U+6FEB
濯,zhuo5,ㄓㄨㄛ5,ʈʂuɔ5,U+6FEF
濱,bin1,ㄅㄧㄣ1,pin1,U+6FF1
濺,zian1,ㄗㄧㄢ1,tsiɛn1,U+6FFA
濺,zian4,ㄗㄧㄢ4,tsiɛn4,U+6FFA
濼,li5,ㄌㄧ5,li5,U+6FFC
濼,lo5,ㄌㄛ5,lɔ5,U+6FFC
濾,lyu4,ㄌㄩ4,ly4,U+6FFE
瀆,du5,ㄉㄨ5,tu5,U+7006
瀉,sie4,ㄙㄧㄝ4,siɛ4,U+7009
瀑,bau4,ㄅㄠ4,pɑʊ4,U+7011
瀑,bo5,ㄅㄛ5,pɔ5,U+7011
瀑,pu5,ㄆㄨ5,pʰu5,U+7011
瀝,li5,ㄌㄧ5,li5,U+701D
瀢,duei4,ㄉㄨㄟ4,tueɪ4,U+7022
瀢,wei3,ㄨㄟ3,ueɪ3,U+7022
瀤,huai2,ㄏㄨㄞ2,xuaɪ2,U+7024
瀤,wa1,ㄨㄚ1,uɑ1,U+7024
瀧,lang2,ㄌㄤ2,lɑŋ2,U+7027
瀧,lung2,ㄌㄨㄥ2,lʊŋ2,U+7027
瀧,shuang1,ㄕㄨㄤ1,,U+7027
瀼,nang3,ㄋㄤ3,nɑŋ3,U+703C
瀼,rang2,ㄖㄤ2,ʐɑŋ2,U+703C
灂,zhuo5,ㄓㄨㄛ5,ʈʂuɔ5,U+7042
灂,ziau4,ㄗㄧㄠ4,tsiɑʊ4,U+7042
灌,guan4,ㄍㄨㄢ4,kuan4,U+704C
灑,sa3,ㄙㄚ3,sa3,U+7051
灑,shai3,ㄕㄞ3,ʂaɪ3,U+7051
灘,nan4,ㄋㄢ4,nan4,U+7058
灣,wan1,ㄨㄢ1,uan1,U+7063
火,huo3,ㄏㄨㄛ3,xuɔ3,U+706B
灰,huei1,ㄏㄨㄟ1,xueɪ1,U+7070
灰,uai,ㄨㄞ,uaɪ,U+7070
灶,zau4,ㄗㄠ4,tsɑʊ4,U+7076
災,zai1,ㄗㄞ1,tsaɪ1,U+707D
炅,geng3,ㄍㄥ3,kəŋ3,U+7085
炅,guei4,ㄍㄨㄟ4,kueɪ4,U+7085
炅,jyung3,ㄐㄩㄥ3,tɕyŋ3,U+7085
炊,chuei1,ㄔㄨㄟ1,ʈʂʰueɪ1,U+708A
炒,chau3,ㄔㄠ3,ʈʂʰɑʊ3,U+7092
炕,hang1,ㄏㄤ1,xɑŋ1,U+7095
炕,kang4,ㄎㄤ4,kʰɑŋ4,U+7095
炙,zheo5,ㄓㄜ5,ʈʂɤ5,U+7099
炤,zhau3,ㄓㄠ3,ʈʂɑʊ3,U+70A4
炤,zhuo5,ㄓㄨㄛ5,ʈʂuɔ5,U+70A4
炭,tan4,ㄊㄢ4,tʰan4,U+70AD
炮,pau4,ㄆㄠ4,pʰɑʊ4,U+70AE
炯,jyung3,ㄐㄩㄥ3,tɕyŋ3,U+70AF
炸,zha4,ㄓㄚ4,ʈʂa4,U+70B8
炸,zha5,ㄓㄚ5,ʈʂa5,U+70B8
為,wei2,ㄨㄟ2,ueɪ2,U+70BA
為,wei4,ㄨㄟ4,ueɪ4,U+70BA
烈,lie5,ㄌㄧㄝ5,liɛ5,U+70C8
烋,xieu1,ㄒㄧㄡ1,ɕiɔʊ1,U+70CB
烏,u,ㄨ,u,U+70CF
烏,wu1,ㄨ1,u1,U+70CF
烏,ya1,ㄧㄚ1,iɑ1,U+70CF
烕,mie5,ㄇㄧㄝ5,miɛ5,U+70D5
烕,xyue5,ㄒㄩㄝ5,ɕyɛ5,U+70D5
烘,hung1,ㄏㄨㄥ1,xʊŋ1,U+70D8
烙,lau4,ㄌㄠ4,lɑʊ4,U+70D9
烙,lo5,ㄌㄛ5,lɔ5,U+70D9
烜,huei3,ㄏㄨㄟ3,xueɪ3,U+70DC
烜,xyuan3,ㄒㄩㄢ3,,U+70DC
烟,ian,ㄧㄢ,iɛn,U+70DF
烤,kau3,ㄎㄠ3,kʰɑʊ3,U+70E4
烤,kau4,ㄎㄠ4,kʰɑʊ4,U+70E4
烻,chan1,ㄔㄢ1,ʈʂʰan1,U+70FB
烻,yan4,ㄧㄢ4,iɛn4,U+70FB
焆,jyuan1,ㄐㄩㄢ1,,U+7106
焆,ye5,ㄧㄝ5,iɛ5,U+7106
焉,yan1,ㄧㄢ1,iɛn1,U+7109
焉,yan2,ㄧㄢ2,iɛn2,U+7109
焚,fen2,ㄈㄣ2,fən2,U+711A
焞,chun2,ㄔㄨㄣ2,ʈʂʰuən2,U+711E
焞,tuei1,ㄊㄨㄟ1,tʰueɪ1,U+711E
焞,tun1,ㄊㄨㄣ1,tʰuən1,U+711E
無,wu2,ㄨ2,u2,U+7121
焦,ziau1,ㄗㄧㄠ1,tsiɑʊ1,U+7126
然,ran2,ㄖㄢ2,ʐan2,U+7136
煇,huei1,ㄏㄨㄟ1,xueɪ1,U+7147
煇,xyun1,ㄒㄩㄣ1,,U+7147
煌,huang2,ㄏㄨㄤ2,,U+714C
煎,zian1,ㄗㄧㄢ1,tsiɛn1,U+714E
煖,nuan3,ㄋㄨㄢ3,nuan3,U+7156
煙,yan1,ㄧㄢ1,iɛn1,U+7159
煞,sa5,ㄙㄚ5,sa5,U+715E
煞,sha5,ㄕㄚ5,ʂa5,U+715E
煤,mei2,ㄇㄟ2,meɪ2,U+7164
照,zhau4,ㄓㄠ4,ʈʂɑʊ4,U+7167
煬,shang1,ㄕㄤ1,ʂɑŋ1,U+716C
煬,yang2,ㄧㄤ2,,U+716C
煮,zhu3,ㄓㄨ3,ʈʂu3,U+716E
煽,shan1,ㄕㄢ1,ʂan1,U+717D
煽,shan4,ㄕㄢ4,ʂan4,U+717D
熇,ho5,ㄏㄛ5,xɔ5,U+7187
熇,hu5,ㄏㄨ5,xu5,U+7187
熇,kau3,ㄎㄠ3,kʰɑʊ3,U+7187
熇,xiau1,ㄒㄧㄠ1,ɕiɑʊ1,U+7187
熊,xyung2,ㄒㄩㄥ2,ɕyŋ2,U+718A
熒,ying2,ㄧㄧㄥ2,,U+7192
熒,yung1,,,U+7192
熙,xi1,ㄒㄧ1,ɕi1,U+7199
熟,shu5,ㄕㄨ5,ʂu5,U+719F
熨,yu5,ㄩ5,y5,U+71A8
熨,yun4,,,U+71A8
熬,ngau2,ㄫㄠ2,ŋɑʊ2,U+71AC
熯,han3,ㄏㄢ3,xan3,U+71AF
熯,ran3,ㄖㄢ3,ʐan3,U+71AF
熱,re5,ㄖㄝ5,ʐɛ5,U+71B1
熱,reo5,ㄖㄜ5,ʐɤ5,U+71B1
燃,ran2,ㄖㄢ2,ʐan2,U+71C3
燈,deng1,ㄉㄥ1,təŋ1,U+71C8
燉,dun4,ㄉㄨㄣ4,tuən4,U+71C9
燎,liau2,ㄌㄧㄠ2,liɑʊ2,U+71CE
燐,lin2,ㄌㄧㄣ2,lin2,U+71D0
燒,shau1,ㄕㄠ1,ʂɑʊ1,U+71D2
燙,tang4,ㄊㄤ4,tʰɑŋ4,U+71D9
營,ing2,ㄧㄥ2,,U+71DF
燠,au3,ㄠ3,ɑʊ3,U+71E0
燠,yu5,ㄩ5,y5,U+71E0
燦,can4,ㄘㄢ4,tsʰan4,U+71E6
燹,huei4,ㄏㄨㄟ4,xueɪ4,U+71F9
燹,sian3,ㄙㄧㄢ3,siɛn3,U+71F9
燼,zin4,ㄗㄧㄣ4,tsin4,U+71FC
爆,bau4,ㄅㄠ4,pɑʊ4,U+7206
爆,bo5,ㄅㄛ5,pɔ5,U+7206
爐,lu2,ㄌㄨ2,lu2,U+7210
爓,sian2,ㄙㄧㄢ2,siɛn2,U+7213
爓,yan4,ㄧㄢ4,iɛn4,U+7213
爪,zhau3,ㄓㄠ3,ʈʂɑʊ3,U+722A
爪,zhua3,ㄓㄨㄚ3,ʈʂuɑ3,U+722A
爬,pa2,ㄆㄚ2,pʰa2,U+722C
爭,zheng1,ㄓㄥ1,ʈʂəŋ1,U+722D
爲,wei2,ㄨㄟ2,ueɪ2,U+7232
爲,wei4,ㄨㄟ4,ueɪ4,U+7232
爵,zio5,ㄗㄧㄛ5,tsiɔ5,U+7235
爹,die1,ㄉㄧㄝ1,tiɛ1,U+7239
爽,shuang3,ㄕㄨㄤ3,,U+723D
爾,er3,ㄦ3,əɻ3,U+723E
牀,chuang2,ㄔㄨㄤ2,,U+7240
牆,ciang2,ㄘㄧㄤ2,,U+7246
版,ban3,ㄅㄢ3,pan3,U+7248
牌,pai2,ㄆㄞ2,pʰaɪ2,U+724C
牒,die5,ㄉㄧㄝ5,tiɛ5,U+7252
牙,ya2,ㄧㄚ2,iɑ2,U+7259
牛,njieu2,ㄬㄧㄡ2,ɲiɔʊ2,U+725B
牟,meu2,ㄇㄡ2,moʊ2,U+725F
牠,to1,ㄊㄛ1,tʰɔ1,U+7260
牢,lau2,ㄌㄠ2,lɑʊ2,U+7262
牧,mu5,ㄇㄨ5,mu5,U+7267
物,v,ㄪ,ʋ,U+7269
物,wu5,ㄨ5,u5,U+7269
牲,sheng1,ㄕㄥ1,ʂəŋ1,U+7272
特,t,ㄊ,tʰ,U+7279
特,teo5,ㄊㄜ5,tʰɤ5,U+7279
牼,jing2,ㄐㄧㄥ2,,U+727C
牽,qian1,ㄑㄧㄢ1,tɕʰiɛn1,U+727D
犛,li2,ㄌㄧ2,li2,U+729B
犛,mau2,ㄇㄠ2,mɑʊ2,U+729B
犥,bau4,ㄅㄠ4,pɑʊ4,U+72A5
犥,piau3,ㄆㄧㄠ3,pʰiɑʊ3,U+72A5
犧,so1,ㄙㄛ1,sɔ1,U+72A7
犧,xi1,ㄒㄧ1,ɕi1,U+72A7
犬,qyuan3,ㄑㄩㄢ3,,U+72AC
犯,fan4,ㄈㄢ4,fan4,U+72AF
犴,han4,ㄏㄢ4,xan4,U+72B4
犴,ngan4,ㄫㄢ4,ŋan4,U+72B4
犺,gang3,ㄍㄤ3,kɑŋ3,U+72BA
犺,kang4,ㄎㄤ4,kʰɑŋ4,U+72BA
狀,zhuang4,ㄓㄨㄤ4,,U+72C0
狂,kuang2,ㄎㄨㄤ2,,U+72C2
狄,di5,ㄉㄧ5,ti5,U+72C4
狋,qyuan2,ㄑㄩㄢ2,,U+72CB
狋,yi2,ㄧ2,i2,U+72CB
狐,hu2,ㄏㄨ2,xu2,U+72D0
狗,geu3,ㄍㄡ3,koʊ3,U+72D7
狠,hen3,ㄏㄣ3,xən3,U+72E0
狡,jiau3,ㄐㄧㄠ3,tɕiɑʊ3,U+72E1
狧,shi4,ㄕㄭ4,ʂɨ4,U+72E7
狧,ta5,ㄊㄚ5,tʰa5,U+72E7
狸,li,ㄌㄧ,li,U+72F8
狸,li2,ㄌㄧ2,li2,U+72F8
狼,lang2,ㄌㄤ2,lɑŋ2,U+72FC
猗,o3,ㄛ3,ɔ3,U+7317
猗,yi3,ㄧ3,i3,U+7317
猛,meng3,ㄇㄥ3,məŋ3,U+731B
猜,cai1,ㄘㄞ1,tsʰaɪ1,U+731C
猪,zhu1,ㄓㄨ1,ʈʂu1,U+732A
猫,mau1,ㄇㄠ1,mɑʊ1,U+732B
献,xian4,ㄒㄧㄢ4,ɕiɛn4,U+732E
猰,jia5,ㄐㄧㄚ5,tɕiɑ5,U+7330
猰,qie5,ㄑㄧㄝ5,tɕʰiɛ5,U+7330
猲,go5,ㄍㄛ5,kɔ5,U+7332
猲,xie5,ㄒㄧㄝ5,ɕiɛ5,U+7332
猴,heu2,ㄏㄡ2,xoʊ2,U+7334
猵,bian1,ㄅㄧㄢ1,piɛn1,U+7335
猵,pian1,ㄆㄧㄢ1,pʰiɛn1,U+7335
猻,sun1,ㄙㄨㄣ1,suən1,U+733B
猿,yuan2,ㄩㄢ2,,U+733F
獃,dai1,ㄉㄞ1,taɪ1,U+7343
獃,ngai2,ㄫㄞ2,ŋaɪ2,U+7343
獄,yu5,ㄩ5,y5,U+7344
獅,shi1,ㄕㄭ1,ʂɨ1,U+7345
獎,ziang3,ㄗㄧㄤ3,,U+734E
獝,xyu5,ㄒㄩ5,ɕy5,U+735D
獝,yu5,ㄩ5,y5,U+735D
獟,njiau4,ㄬㄧㄠ4,ɲiɑʊ4,U+735F
獟,xiau1,ㄒㄧㄠ1,ɕiɑʊ1,U+735F
獧,xyuan4,ㄒㄩㄢ4,,U+7367
獨,du5,ㄉㄨ5,tu5,U+7368
獲,hue5,ㄏㄩㄝ5,xyɛ5,U+7372
獲,hueo5,ㄏㄩㄛ5,xyɔ5,U+7372
獳,neu2,ㄋㄡ2,noʊ2,U+7373
獵,lie5,ㄌㄧㄝ5,liɛ5,U+7375
獺,ta5,ㄊㄚ5,tʰa5,U+737A
獻,xian4,ㄒㄧㄢ4,ɕiɛn4,U+737B
玄,xyuan2,ㄒㄩㄢ2,,U+7384
率,lyu5,ㄌㄩ5,ly5,U+7387
率,she5,ㄕㄝ5,ʂɛ5,U+7387
率,sheo5,ㄕㄜ5,ʂɤ5,U+7387
率,shuai4,ㄕㄨㄞ4,ʂuaɪ4,U+7387
率,shuo5,ㄕㄨㄛ5,ʂuɔ5,U+7387
玉,yu5,ㄩ5,y5,U+7389
王,wang2,ㄨㄤ2,,U+738B
玎,ding1,ㄉㄧㄥ1,,U+738E
玎,zheng1,ㄓㄥ1,ʈʂəŋ1,U+738E
玟,min2,ㄇㄧㄣ2,min2,U+739F
玩,wan2,ㄨㄢ2,uan2,U+73A9
玫,mei2,ㄇㄟ2,meɪ2,U+73AB
玳,dai4,ㄉㄞ4,taɪ4,U+73B3
玻,bo1,ㄅㄛ1,pɔ1,U+73BB
珀,peo5,ㄆㄜ5,pʰɤ5,U+73C0
珊,shan1,ㄕㄢ1,ʂan1,U+73CA
珍,zhen1,ㄓㄣ1,ʈʂən1,U+73CD
珠,zhu1,ㄓㄨ1,ʈʂu1,U+73E0
班,ban1,ㄅㄢ1,pan1,U+73ED
現,xian4,ㄒㄧㄢ4,ɕiɛn4,U+73FE
球,qieu2,ㄑㄧㄡ2,tɕʰiɔʊ2,U+7403
理,li3,ㄌㄧ3,li3,U+7406
琉,lieu2,ㄌㄧㄡ2,liɔʊ2,U+7409
琠,dian3,ㄉㄧㄢ3,tiɛn3,U+7420
琠,tian3,ㄊㄧㄢ3,tʰiɛn3,U+7420
琢,zhuo5,ㄓㄨㄛ5,ʈʂuɔ5,U+7422
琥,hu3,ㄏㄨ3,xu3,U+7425
琴,qin2,ㄑㄧㄣ2,tɕʰin2,U+7434
琵,pi2,ㄆㄧ2,pʰi2,U+7435
琶,pa2,ㄆㄚ2,pʰa2,U+7436
琿,hun2,ㄏㄨㄣ2,xuən2,U+743F
瑁,mau4,ㄇㄠ4,mɑʊ4,U+7441
瑊,jian1,ㄐㄧㄢ1,tɕiɛn1,U+744A
瑊,zhen1,ㄓㄣ1,ʈʂən1,U+744A
瑒,chang4,ㄔㄤ4,ʈʂʰɑŋ4,U+7452
瑒,yang2,ㄧㄤ2,,U+7452
瑙,nau3,ㄋㄠ3,nɑʊ3,U+7459
瑟,shi5,ㄕㄭ5,ʂɨ5,U+745F
瑣,suo3,ㄙㄨㄛ3,suɔ3,U+7463
瑪,ma3,ㄇㄚ3,ma3,U+746A
瑯,lang2,ㄌㄤ2,lɑŋ2,U+746F
瑰,guei1,ㄍㄨㄟ1,kueɪ1,U+7470
瑱,tian4,ㄊㄧㄢ4,tʰiɛn4,U+7471
瑱,zhen4,ㄓㄣ4,ʈʂən4,U+7471
璃,li2,ㄌㄧ2,li2,U+7483
璋,zhang1,ㄓㄤ1,ʈʂɑŋ1,U+748B
環,huan2,ㄏㄨㄢ2,xuan2,U+74B0
璽,syi3,ㄙㄧ3,si3,U+74BD
瓊,qyung2,ㄑㄩㄥ2,tɕʰyŋ2,U+74CA
瓜,gua1,ㄍㄨㄚ1,kuɑ1,U+74DC
瓠,hu2,ㄏㄨ2,xu2,U+74E0
瓠,hu4,ㄏㄨ4,xu4,U+74E0
瓢,piau2,ㄆㄧㄠ2,pʰiɑʊ2,U+74E2
瓣,ban4,ㄅㄢ4,pan4,U+74E3
瓤,rang2,ㄖㄤ2,ʐɑŋ2,U+74E4
瓦,wa3,ㄨㄚ3,uɑ3,U+74E6
瓶,ping2,ㄆㄧㄥ2,,U+74F6
瓷,ci2,ㄘㄭ2,tsʰɨ2,U+74F7
甎,zhuan1,ㄓㄨㄢ1,ʈʂuan1,U+750E
甕,ung4,ㄨㄥ4,ʊŋ4,U+7515
甘,gan1,ㄍㄢ1,kan1,U+7518
甚,shen2,ㄕㄣ2,ʂən2,U+751A
甚,shen4,ㄕㄣ4,ʂən4,U+751A
甚,sheo2,ㄕㄜ2,ʂɤ2,U+751A
甜,tian2,ㄊㄧㄢ2,tʰiɛn2,U+751C
生,sheng1,ㄕㄥ1,ʂəŋ1,U+751F
產,chan3,ㄔㄢ3,ʈʂʰan3,U+7522
甥,sheng1,ㄕㄥ1,ʂəŋ1,U+7525
甩,shuai3,ㄕㄨㄞ3,ʂuaɪ3,U+7529
甫,fu3,ㄈㄨ3,fu3,U+752B
甭,bung2,ㄅㄨㄥ2,pʊŋ2,U+752D
甯,njing2,ㄬㄧㄥ2,,U+752F
田,tian2,ㄊㄧㄢ2,tʰiɛn2,U+7530
甲,jia5,ㄐㄧㄚ5,tɕiɑ5,U+7532
申,shen1,ㄕㄣ1,ʂən1,U+7533
男,nan2,ㄋㄢ2,nan2,U+7537
甸,dian4,ㄉㄧㄢ4,tiɛn4,U+7538
町,ting1,ㄊㄧㄥ1,,U+753A
町,ting3,ㄊㄧㄥ3,,U+753A
界,jiai4,ㄐㄧㄞ4,,U+754C
畏,wei4,ㄨㄟ4,ueɪ4,U+754F
畔,pan4,ㄆㄢ4,pʰan4,U+7554
留,lieu2,ㄌㄧㄡ2,liɔʊ2,U+7559
畜,chu4,ㄔㄨ4,ʈʂʰu4,U+755C
畜,chu5,ㄔㄨ5,ʈʂʰu5,U+755C
畜,xyu5,ㄒㄩ5,ɕy5,U+755C
畝,meu3,ㄇㄡ3,moʊ3,U+755D
畝,mu3,ㄇㄨ3,mu3,U+755D
畟,ceo5,ㄘㄜ5,tsʰɤ5,U+755F
畟,zyi5,ㄗㄧ5,tsi5,U+755F
畤,shi4,ㄕㄭ4,ʂɨ4,U+7564
畤,zhi4,ㄓㄭ4,ʈʂɨ4,U+7564
略,lio5,ㄌㄧㄛ5,liɔ5,U+7565
畧,lio5,ㄌㄧㄛ5,liɔ5,U+7567
番,fan1,ㄈㄢ1,fan1,U+756A
番,pan1,ㄆㄢ1,pʰan1,U+756A
畫,hua4,ㄏㄨㄚ4,xuɑ4,U+756B
畫,huo5,ㄏㄨㄛ5,xuɔ5,U+756B
異,yi4,ㄧ4,i4,U+7570
當,dang1,ㄉㄤ1,tɑŋ1,U+7576
當,dang4,ㄉㄤ4,tɑŋ4,U+7576
畿,qi2,ㄑㄧ2,tɕʰi2,U+757F
疆,jiang1,ㄐㄧㄤ1,,U+7586
疊,die5,ㄉㄧㄝ5,tiɛ5,U+758A
疋,pi5,ㄆㄧ5,pʰi5,U+758B
疋,shu1,ㄕㄨ1,ʂu1,U+758B
疋,ya3,ㄧㄚ3,iɑ3,U+758B
疎,shu1,ㄕㄨ1,ʂu1,U+758E
疏,shu1,ㄕㄨ1,ʂu1,U+758F
疐,ti4,ㄊㄧ4,tʰi4,U+7590
疐,zhi4,ㄓㄭ4,ʈʂɨ4,U+7590
疑,yi2,ㄧ2,i2,U+7591
疙,geo5,ㄍㄜ5,kɤ5,U+7599
疙,qi5,ㄑㄧ5,tɕʰi5,U+7599
疝,shan4,ㄕㄢ4,ʂan4,U+759D
疥,jiai4,ㄐㄧㄞ4,,U+75A5
疲,pi2,ㄆㄧ2,pʰi2,U+75B2
疵,c,ㄘ,tsʰ,U+75B5
疵,ci1,ㄘㄭ1,tsʰɨ1,U+75B5
疹,zhen3,ㄓㄣ3,ʈʂən3,U+75B9
疼,teng2,ㄊㄥ2,tʰəŋ2,U+75BC
疾,zyi5,ㄗㄧ5,tsi5,U+75BE
痑,shi3,ㄕㄭ3,ʂɨ3,U+75D1
痑,tan1,ㄊㄢ1,tʰan1,U+75D1
痕,hen2,ㄏㄣ2,xən2,U+75D5
痘,deu4,ㄉㄡ4,toʊ4,U+75D8
痛,tung4,ㄊㄨㄥ4,tʰʊŋ4,U+75DB
痢,li4,ㄌㄧ4,li4,U+75E2
痰,tan2,ㄊㄢ2,tʰan2,U+75F0
痴,chi1,ㄔㄭ1,ʈʂʰɨ1,U+75F4
痺,bei1,ㄅㄟ1,peɪ1,U+75FA
痺,bi4,ㄅㄧ4,pi4,U+75FA
痾,o,ㄛ,ɔ,U+75FE
瘁,cuei4,ㄘㄨㄟ4,tsʰueɪ4,U+7601
瘋,fung1,ㄈㄨㄥ1,fʊŋ1,U+760B
瘎,chen2,ㄔㄣ2,ʈʂʰən2,U+760E
瘎,zhan4,ㄓㄢ4,ʈʂan4,U+760E
瘓,tuan3,ㄊㄨㄢ3,tʰuan3,U+7613
瘕,jia4,ㄐㄧㄚ4,tɕiɑ4,U+7615
瘕,xia1,ㄒㄧㄚ1,ɕiɑ1,U+7615
瘟,un1,ㄨㄣ1,uən1,U+761F
瘠,zyi5,ㄗㄧ5,tsi5,U+7620
瘡,chuang1,ㄔㄨㄤ1,,U+7621
瘢,ban1,ㄅㄢ1,pan1,U+7622
瘥,chai4,ㄔㄞ4,ʈʂʰaɪ4,U+7625
瘥,co2,ㄘㄛ2,tsʰɔ2,U+7625
瘧,njio5,ㄬㄧㄛ5,ɲiɔ5,U+7627
瘬,zhang4,ㄓㄤ4,ʈʂɑŋ4,U+762C
瘻,leu4,ㄌㄡ4,loʊ4,U+763B
瘻,lyu2,ㄌㄩ2,ly2,U+763B
癆,lau2,ㄌㄠ2,lɑʊ2,U+7646
癉,dan1,ㄉㄢ1,tan1,U+7649
癉,do4,ㄉㄛ4,tɔ4,U+7649
癖,pi5,ㄆㄧ5,pʰi5,U+7656
癡,ch,ㄔ,ʈʂʰ,U+7661
癡,chi1,ㄔㄭ1,ʈʂʰɨ1,U+7661
癢,yang3,ㄧㄤ3,,U+7662
癩,lai4,ㄌㄞ4,laɪ4,U+7669
癬,sian3,ㄙㄧㄢ3,siɛn3,U+766C
癲,dian1,ㄉㄧㄢ1,tiɛn1,U+7672
癸,guei3,ㄍㄨㄟ3,kueɪ3,U+7678
登,deng1,ㄉㄥ1,təŋ1,U+767B
發,fa5,ㄈㄚ5,fa5,U+767C
白,beo5,ㄅㄜ5,pɤ5,U+767D
百,beo5,ㄅㄜ5,pɤ5,U+767E
皁,zau4,ㄗㄠ4,tsɑʊ4,U+7681
皂,zau4,ㄗㄠ4,tsɑʊ4,U+7682
的,di,ㄉㄧ,ti,U+7684
的,di5,ㄉㄧ5,ti5,U+7684
皆,jiai1,ㄐㄧㄞ1,,U+7686
皆,rai,ㄖㄞ,ʐaɪ,U+7686
皇,huang2,ㄏㄨㄤ2,,U+7687
皎,jiau3,ㄐㄧㄠ3,tɕiɑʊ3,U+768E
皓,gau3,ㄍㄠ3,kɑʊ3,U+7693
皓,hau4,ㄏㄠ4,xɑʊ4,U+7693
皕,bi5,ㄅㄧ5,pi5,U+7695
皮,pi2,ㄆㄧ2,pʰi2,U+76AE
皴,cun1,ㄘㄨㄣ1,tsʰuən1,U+76B4
皺,zheu4,ㄓㄡ4,ʈʂoʊ4,U+76BA
皻,cu3,ㄘㄨ3,tsʰu3,U+76BB
皻,zha1,ㄓㄚ1,ʈʂa1,U+76BB
盅,chung2,ㄔㄨㄥ2,ʈʂʰʊŋ2,U+76C5
盅,zhung1,ㄓㄨㄥ1,ʈʂʊŋ1,U+76C5
盆,pen2,ㄆㄣ2,pʰən2,U+76C6
盈,ing2,ㄧㄥ2,,U+76C8
盍,ho5,ㄏㄛ5,xɔ5,U+76CD
盒,ho5,ㄏㄛ5,xɔ5,U+76D2
盖,gai4,ㄍㄞ4,kaɪ4,U+76D6
盛,cheng2,ㄔㄥ2,ʈʂʰəŋ2,U+76DB
盛,sheng4,ㄕㄥ4,ʂəŋ4,U+76DB
盞,zhan3,ㄓㄢ3,ʈʂan3,U+76DE
盟,meng2,ㄇㄥ2,məŋ2,U+76DF
盡,zin4,ㄗㄧㄣ4,tsin4,U+76E1
監,jian1,ㄐㄧㄢ1,tɕiɛn1,U+76E3
盤,pan2,ㄆㄢ2,pʰan2,U+76E4
盧,lu2,ㄌㄨ2,lu2,U+76E7
盪,dang4,ㄉㄤ4,tɑŋ4,U+76EA
盪,tang1,ㄊㄤ1,tʰɑŋ1,U+76EA
目,mu5,ㄇㄨ5,mu5,U+76EE
盲,mang2,ㄇㄤ2,mɑŋ2,U+76F2
直,zhi5,ㄓㄭ5,ʈʂɨ5,U+76F4
相,siang1,ㄙㄧㄤ1,,U+76F8
相,siang4,ㄙㄧㄤ4,,U+76F8
盼,pan4,ㄆㄢ4,pʰan4,U+76FC
盾,dun3,ㄉㄨㄣ3,tuən3,U+76FE
盾,dun4,ㄉㄨㄣ4,tuən4,U+76FE
省,sheng3,ㄕㄥ3,ʂəŋ3,U+7701
省,sing3,ㄙㄧㄥ3,,U+7701
眇,miau3,ㄇㄧㄠ3,miɑʊ3,U+7707
眈,zhen3,ㄓㄣ3,ʈʂən3,U+7708
眉,mei2,ㄇㄟ2,meɪ2,U+7709
看,kan1,ㄎㄢ1,kʰan1,U+770B
看,kan4,ㄎㄢ4,kʰan4,U+770B
眙,chi4,ㄔㄭ4,ʈʂʰɨ4,U+7719
眜,mie5,ㄇㄧㄝ5,miɛ5,U+771C
眜,mo5,ㄇㄛ5,mɔ5,U+771C
真,in,ㄧㄣ,in,U+771F
真,zhen1,ㄓㄣ1,ʈʂən1,U+771F
眠,mian2,ㄇㄧㄢ2,miɛn2,U+7720
眥,chai4,ㄔㄞ4,ʈʂʰaɪ4,U+7725
眩,xyuan4,ㄒㄩㄢ4,,U+7729
眭,suei1,ㄙㄨㄟ1,sueɪ1,U+772D
眭,xi1,ㄒㄧ1,ɕi1,U+772D
眷,jyuan4,ㄐㄩㄢ4,,U+7737
眺,tiau3,ㄊㄧㄠ3,tʰiɑʊ3,U+773A
眼,ian3,ㄧㄢ3,iɛn3,U+773C
眼,yan3,ㄧㄢ3,iɛn3,U+773C
眾,zhung4,ㄓㄨㄥ4,ʈʂʊŋ4,U+773E
着,zheo,ㄓㄜ,ʈʂɤ,U+7740
着,zho5,ㄓㄛ5,ʈʂɔ5,U+7740
睂,mei2,ㄇㄟ2,meɪ2,U+7742
睛,zing1,ㄗㄧㄥ1,,U+775B
睡,shuei4,ㄕㄨㄟ4,ʂueɪ4,U+7761
睢,huei1,ㄏㄨㄟ1,xueɪ1,U+7762
睢,suei1,ㄙㄨㄟ1,sueɪ1,U+7762
督,du5,ㄉㄨ5,tu5,U+7763
睫,zie5,ㄗㄧㄝ5,tsiɛ5,U+776B
睹,du3,ㄉㄨ3,tu3,U+7779
瞅,cheu3,ㄔㄡ3,ʈʂʰoʊ3,U+7785
瞑,mian2,ㄇㄧㄢ2,miɛn2,U+7791
瞑,mian4,ㄇㄧㄢ4,miɛn4,U+7791
瞑,ming2,ㄇㄧㄥ2,,U+7791
瞞,man2,ㄇㄢ2,man2,U+779E
瞠,cheng1,ㄔㄥ1,ʈʂʰəŋ1,U+77A0
瞥,bie5,ㄅㄧㄝ5,piɛ5,U+77A5
瞥,pie5,ㄆㄧㄝ5,pʰiɛ5,U+77A5
瞧,ciau2,ㄘㄧㄠ2,tsʰiɑʊ2,U+77A7
瞫,shen3,ㄕㄣ3,ʂən3,U+77AB
瞫,tan4,ㄊㄢ4,tʰan4,U+77AB
瞬,shun4,ㄕㄨㄣ4,ʂuən4,U+77AC
瞲,xyu5,ㄒㄩ5,ɕy5,U+77B2
瞲,xyue5,ㄒㄩㄝ5,ɕyɛ5,U+77B2
瞻,zhan1,ㄓㄢ1,ʈʂan1,U+77BB
瞿,qyu2,ㄑㄩ2,tɕʰy2,U+77BF
矇,mung2,ㄇㄨㄥ2,mʊŋ2,U+77C7
矌,guo5,ㄍㄨㄛ5,kuɔ5,U+77CC
矌,kuang4,ㄎㄨㄤ4,,U+77CC
矎,xyuan1,ㄒㄩㄢ1,,U+77CE
矎,xyung4,ㄒㄩㄥ4,ɕyŋ4,U+77CE
矣,yi3,ㄧ3,i3,U+77E3
知,zhi1,ㄓㄭ1,ʈʂɨ1,U+77E5
矩,jyu3,ㄐㄩ3,tɕy3,U+77E9
短,duan3,ㄉㄨㄢ3,tuan3,U+77ED
矮,ai3,ㄞ3,aɪ3,U+77EE
矯,jiau3,ㄐㄧㄠ3,tɕiɑʊ3,U+77EF
石,shi,ㄕㄭ,ʂɨ,U+77F3
石,shi5,ㄕㄭ5,ʂɨ5,U+77F3
矸,gan4,ㄍㄢ4,kan4,U+77F8
矸,ngan4,ㄫㄢ4,ŋan4,U+77F8
矺,tuo5,ㄊㄨㄛ5,tʰuɔ5,U+77FA
矺,zheo5,ㄓㄜ5,ʈʂɤ5,U+77FA
矼,gang1,ㄍㄤ1,kɑŋ1,U+77FC
矼,jiang1,ㄐㄧㄤ1,,U+77FC
砂,sha1,ㄕㄚ1,ʂa1,U+7802
砅,li4,ㄌㄧ4,li4,U+7805
砅,ping2,ㄆㄧㄥ2,,U+7805
砌,cyi4,ㄘㄧ4,tsʰi4,U+780C
砍,kan3,ㄎㄢ3,kʰan3,U+780D
砒,pi1,ㄆㄧ1,pʰi1,U+7812
研,yan2,ㄧㄢ2,iɛn2,U+7814
砟,zuo5,ㄗㄨㄛ5,tsuɔ5,U+781F
砥,di3,ㄉㄧ3,ti3,U+7825
砥,zhi3,ㄓㄭ3,ʈʂɨ3,U+7825
砲,bo5,ㄅㄛ5,pɔ5,U+7832
砲,pau4,ㄆㄠ4,pʰɑʊ4,U+7832
破,po4,ㄆㄛ4,pʰɔ4,U+7834
砸,za5,ㄗㄚ5,tsa5,U+7838
硊,wei3,ㄨㄟ3,ueɪ3,U+784A
硜,keng1,ㄎㄥ1,kʰəŋ1,U+785C
硝,siau1,ㄙㄧㄠ1,siɑʊ1,U+785D
硫,lieu2,ㄌㄧㄡ2,liɔʊ2,U+786B
硬,ing4,ㄧㄥ4,,U+786C
碍,ngai4,ㄫㄞ4,ŋaɪ4,U+788D
碑,bei1,ㄅㄟ1,peɪ1,U+7891
碟,die5,ㄉㄧㄝ5,tiɛ5,U+789F
碣,jie5,ㄐㄧㄝ5,tɕiɛ5,U+78A3
碣,ko5,ㄎㄛ5,kʰɔ5,U+78A3
碣,ya5,ㄧㄚ5,iɑ5,U+78A3
碰,peng4,ㄆㄥ4,pʰəŋ4,U+78B0
確,qio5,ㄑㄧㄛ5,tɕʰiɔ5,U+78BA
碼,ma3,ㄇㄚ3,ma3,U+78BC
碾,njian3,ㄬㄧㄢ3,ɲiɛn3,U+78BE
磁,ci2,ㄘㄭ2,tsʰɨ2,U+78C1
磅,pang1,ㄆㄤ1,pʰɑŋ1,U+78C5
磈,kuei3,ㄎㄨㄟ3,kʰueɪ3,U+78C8
磈,wei3,ㄨㄟ3,ueɪ3,U+78C8
磕,ko5,ㄎㄛ5,kʰɔ5,U+78D5
磚,zhuan1,ㄓㄨㄢ1,ʈʂuan1,U+78DA
磨,mo2,ㄇㄛ2,mɔ2,U+78E8
磨,mo4,ㄇㄛ4,mɔ4,U+78E8
磩,chu5,ㄔㄨ5,ʈʂʰu5,U+78E9
磩,cyi5,ㄘㄧ5,tsʰi5,U+78E9
磬,qing4,ㄑㄧㄥ4,,U+78EC
磷,lin2,ㄌㄧㄣ2,lin2,U+78F7
磺,huang2,ㄏㄨㄤ2,,U+78FA
磼,za5,ㄗㄚ5,tsa5,U+78FC
礁,ziau1,ㄗㄧㄠ1,tsiɑʊ1,U+7901
礎,chu3,ㄔㄨ3,ʈʂʰu3,U+790E
礐,lo5,ㄌㄛ5,lɔ5,U+7910
礐,qio5,ㄑㄧㄛ5,tɕʰiɔ5,U+7910
礐,xio5,ㄒㄧㄛ5,ɕiɔ5,U+7910
礙,ngai4,ㄫㄞ4,ŋaɪ4,U+7919
礟,pau4,ㄆㄠ4,pʰɑʊ4,U+791F
礦,gung3,ㄍㄨㄥ3,kʊŋ3,U+7926
礬,fan2,ㄈㄢ2,fan2,U+792C
礶,guan4,ㄍㄨㄢ4,kuan4,U+7936
示,shi4,ㄕㄭ4,ʂɨ4,U+793A
社,she4,ㄕㄝ4,ʂɛ4,U+793E
社,sheo4,ㄕㄜ4,ʂɤ4,U+793E
祊,beng1,ㄅㄥ1,pəŋ1,U+794A
祊,fang1,ㄈㄤ1,fɑŋ1,U+794A
祖,zu3,ㄗㄨ3,tsu3,U+7956
祘,suan4,ㄙㄨㄢ4,suan4,U+7958
神,shen2,ㄕㄣ2,ʂən2,U+795E
祠,ci2,ㄘㄭ2,tsʰɨ2,U+7960
祥,siang2,ㄙㄧㄤ2,,U+7965
票,piau4,ㄆㄧㄠ4,pʰiɑʊ4,U+7968
祭,zhai4,ㄓㄞ4,ʈʂaɪ4,U+796D
祭,zyi4,ㄗㄧ4,tsi4,U+796D
祲,cin1,ㄘㄧㄣ1,tsʰin1,U+7972
祲,zin4,ㄗㄧㄣ4,tsin4,U+7972
祿,lu5,ㄌㄨ5,lu5,U+797F
禁,jin1,ㄐㄧㄣ1,tɕin1,U+7981
禁,jin4,ㄐㄧㄣ4,tɕin4,U+7981
禍,huo4,ㄏㄨㄛ4,xuɔ4,U+798D
福,fu5,ㄈㄨ5,fu5,U+798F
禓,shang1,ㄕㄤ1,ʂɑŋ1,U+7993
禓,yang2,ㄧㄤ2,,U+7993
禠,si1,ㄙㄭ1,sɨ1,U+79A0
禠,ti2,ㄊㄧ2,tʰi2,U+79A0
禡,ma4,ㄇㄚ4,ma4,U+79A1
禪,shan2,ㄕㄢ2,ʂan2,U+79AA
禪,shan4,ㄕㄢ4,ʂan4,U+79AA
禮,li3,ㄌㄧ3,li3,U+79AE
禱,dau3,ㄉㄠ3,tɑʊ3,U+79B1
禹,yu3,ㄩ3,y3,U+79B9
禽,qin2,ㄑㄧㄣ2,tɕʰin2,U+79BD
禾,ho2,ㄏㄛ2,xɔ2,U+79BE
禿,tu5,ㄊㄨ5,tʰu5,U+79BF
秀,sieu4,ㄙㄧㄡ4,siɔʊ4,U+79C0
私,s,ㄙ,s,U+79C1
私,si1,ㄙㄭ1,sɨ1,U+79C1
秋,cieu1,ㄘㄧㄡ1,tsʰiɔʊ1,U+79CB
科,ko1,ㄎㄛ1,kʰɔ1,U+79D1
秒,miau3,ㄇㄧㄠ3,miɑʊ3,U+79D2
租,zu1,ㄗㄨ1,tsu1,U+79DF
秤,cheng4,ㄔㄥ4,ʈʂʰəŋ4,U+79E4
秦,cin2,ㄘㄧㄣ2,tsʰin2,U+79E6
秧,yang1,ㄧㄤ1,,U+79E7
移,yi2,ㄧ2,i2,U+79FB
稀,xi1,ㄒㄧ1,ɕi1,U+7A00
稅,tuei4,ㄊㄨㄟ4,tʰueɪ4,U+7A05
程,cheng2,ㄔㄥ2,ʈʂʰəŋ2,U+7A0B
稍,shau4,ㄕㄠ4,ʂɑʊ4,U+7A0D
稜,leng2,ㄌㄥ2,ləŋ2,U+7A1C
稟,bin3,ㄅㄧㄣ3,pin3,U+7A1F
種,zhung3,ㄓㄨㄥ3,ʈʂʊŋ3,U+7A2E
種,zhung4,ㄓㄨㄥ4,ʈʂʊŋ4,U+7A2E
稱,cheng1,ㄔㄥ1,ʈʂʰəŋ1,U+7A31
稱,cheng4,ㄔㄥ4,ʈʂʰəŋ4,U+7A31
稷,zyi5,ㄗㄧ5,tsi5,U+7A37
稼,jia4,ㄐㄧㄚ4,tɕiɑ4,U+7A3C
稽,ji1,ㄐㄧ1,tɕi1,U+7A3D
稽,qi3,ㄑㄧ3,tɕʰi3,U+7A3D
穌,su1,ㄙㄨ1,su1,U+7A4C
積,zyi5,ㄗㄧ5,tsi5,U+7A4D
穎,ing3,ㄧㄥ3,,U+7A4E
穩,un3,ㄨㄣ3,uən3,U+7A69
穱,zhuo5,ㄓㄨㄛ5,ʈʂuɔ5,U+7A71
穱,zio5,ㄗㄧㄛ5,tsiɔ5,U+7A71
穴,xyue5,ㄒㄩㄝ5,ɕyɛ5,U+7A74
究,jieu4,ㄐㄧㄡ4,tɕiɔʊ4,U+7A76
空,kung1,ㄎㄨㄥ1,kʰʊŋ1,U+7A7A
空,kung4,ㄎㄨㄥ4,kʰʊŋ4,U+7A7A
穿,chuan1,ㄔㄨㄢ1,ʈʂʰuan1,U+7A7F
突,tu5,ㄊㄨ5,tʰu5,U+7A81
窄,zeo5,ㄗㄜ5,tsɤ5,U+7A84
窄,zheo5,ㄓㄜ5,ʈʂɤ5,U+7A84
窈,yau3,ㄧㄠ3,iɑʊ3,U+7A88
窌,jiau4,ㄐㄧㄠ4,tɕiɑʊ4,U+7A8C
窌,liau2,ㄌㄧㄠ2,liɑʊ2,U+7A8C
窒,die5,ㄉㄧㄝ5,tiɛ5,U+7A92
窒,zhi5,ㄓㄭ5,ʈʂɨ5,U+7A92
窖,jiau4,ㄐㄧㄠ4,tɕiɑʊ4,U+7A96
窗,chuang1,ㄔㄨㄤ1,,U+7A97
窟,jyue5,ㄐㄩㄝ5,tɕyɛ5,U+7A9F
窠,ko1,ㄎㄛ1,kʰɔ1,U+7AA0
窩,wo1,ㄨㄛ1,uɔ1,U+7AA9
窬,teu2,ㄊㄡ2,tʰoʊ2,U+7AAC
窬,yu2,ㄩ2,y2,U+7AAC
窮,qyung2,ㄑㄩㄥ2,tɕʰyŋ2,U+7AAE
窯,yau2,ㄧㄠ2,iɑʊ2,U+7AAF
竄,cuan4,ㄘㄨㄢ4,tsʰuan4,U+7AC4
竅,qiau4,ㄑㄧㄠ4,tɕʰiɑʊ4,U+7AC5
竇,deu4,ㄉㄡ4,toʊ4,U+7AC7
竈,zau4,ㄗㄠ4,tsɑʊ4,U+7AC8
竊,cie5,ㄘㄧㄝ5,tsʰiɛ5,U+7ACA
立,li5,ㄌㄧ5,li5,U+7ACB
竒,ji1,ㄐㄧ1,tɕi1,U+7AD2
竘,keu3,ㄎㄡ3,kʰoʊ3,U+7AD8
竘,qyu3,ㄑㄩ3,tɕʰy3,U+7AD8
站,zhan4,ㄓㄢ4,ʈʂan4,U+7AD9
章,zhang1,ㄓㄤ1,ʈʂɑŋ1,U+7AE0
竣,cyuan1,ㄘㄩㄢ1,,U+7AE3
竣,zyun1,ㄗㄩㄣ1,,U+7AE3
竭,jie5,ㄐㄧㄝ5,tɕiɛ5,U+7AED
端,duan1,ㄉㄨㄢ1,tuan1,U+7AEF
竲,ceng2,ㄘㄥ2,tsʰəŋ2,U+7AF2
竲,zheng1,ㄓㄥ1,ʈʂəŋ1,U+7AF2
竹,zhu5,ㄓㄨ5,ʈʂu5,U+7AF9
竺,du5,ㄉㄨ5,tu5,U+7AFA
竿,gan1,ㄍㄢ1,kan1,U+7AFF
笋,sun3,ㄙㄨㄣ3,suən3,U+7B0B
笏,hu5,ㄏㄨ5,xu5,U+7B0F
笐,gang1,ㄍㄤ1,kɑŋ1,U+7B10
笐,hang2,ㄏㄤ2,xɑŋ2,U+7B10
笑,siau4,ㄙㄧㄠ4,siɑʊ4,U+7B11
笙,sheng1,ㄕㄥ1,ʂəŋ1,U+7B19
笛,di5,ㄉㄧ5,ti5,U+7B1B
笠,li5,ㄌㄧ5,li5,U+7B20
符,fu2,ㄈㄨ2,fu2,U+7B26
笨,ben4,ㄅㄣ4,pən4,U+7B28
笪,da5,ㄉㄚ5,ta5,U+7B2A
笪,dan4,ㄉㄢ4,tan4,U+7B2A
第,di4,ㄉㄧ4,ti4,U+7B2C
笮,zeo5,ㄗㄜ5,tsɤ5,U+7B2E
笮,zo5,ㄗㄛ5,tsɔ5,U+7B2E
筆,bi5,ㄅㄧ5,pi5,U+7B46
等,deng3,ㄉㄥ3,təŋ3,U+7B49
筊,jiau3,ㄐㄧㄠ3,tɕiɑʊ3,U+7B4A
筊,xiau2,ㄒㄧㄠ2,ɕiɑʊ2,U+7B4A
筋,jin1,ㄐㄧㄣ1,tɕin1,U+7B4B
筍,sun3,ㄙㄨㄣ3,suən3,U+7B4D
筏,fa5,ㄈㄚ5,fa5,U+7B4F
筐,kuang1,ㄎㄨㄤ1,,U+7B50
答,da5,ㄉㄚ5,ta5,U+7B54
策,ceo5,ㄘㄜ5,tsʰɤ5,U+7B56
筩,tung2,ㄊㄨㄥ2,tʰʊŋ2,U+7B69
筩,yung3,,,U+7B69
筷,kuai4,ㄎㄨㄞ4,kʰuaɪ4,U+7B77
箇,go4,ㄍㄛ4,kɔ4,U+7B87
箋,zian1,ㄗㄧㄢ1,tsiɛn1,U+7B8B
箍,gu1,ㄍㄨ1,ku1,U+7B8D
箐,cing4,ㄘㄧㄥ4,,U+7B90
箑,sha5,ㄕㄚ5,ʂa5,U+7B91
箑,zie5,ㄗㄧㄝ5,tsiɛ5,U+7B91
箕,ji1,ㄐㄧ1,tɕi1,U+7B95
算,suan4,ㄙㄨㄢ4,suan4,U+7B97
管,guan3,ㄍㄨㄢ3,kuan3,U+7BA1
箭,zian4,ㄗㄧㄢ4,tsiɛn4,U+7BAD
箱,siang1,ㄙㄧㄤ1,,U+7BB1
箵,sheng3,ㄕㄥ3,ʂəŋ3,U+7BB5
箸,zho5,ㄓㄛ5,ʈʂɔ5,U+7BB8
節,zie5,ㄗㄧㄝ5,tsiɛ5,U+7BC0
範,fan4,ㄈㄢ4,fan4,U+7BC4
篆,zhuan4,ㄓㄨㄢ4,ʈʂuan4,U+7BC6
篇,pian1,ㄆㄧㄢ1,pʰiɛn1,U+7BC7
篙,gau1,ㄍㄠ1,kɑʊ1,U+7BD9
篠,siau3,ㄙㄧㄠ3,siɑʊ3,U+7BE0
篡,cuan4,ㄘㄨㄢ4,tsʰuan4,U+7BE1
篤,du5,ㄉㄨ5,tu5,U+7BE4
篩,shai1,ㄕㄞ1,ʂaɪ1,U+7BE9
篩,shi1,ㄕㄭ1,ʂɨ1,U+7BE9
篷,pung2,ㄆㄨㄥ2,pʰʊŋ2,U+7BF7
篸,shen1,ㄕㄣ1,ʂən1,U+7BF8
篸,zan4,ㄗㄢ4,tsan4,U+7BF8
篻,miau2,ㄇㄧㄠ2,miɑʊ2,U+7BFB
篻,piau3,ㄆㄧㄠ3,pʰiɑʊ3,U+7BFB
篿,tuan2,ㄊㄨㄢ2,tʰuan2,U+7BFF
篿,zhuan1,ㄓㄨㄢ1,ʈʂuan1,U+7BFF
簃,chi2,ㄔㄭ2,ʈʂʰɨ2,U+7C03
簃,yi2,ㄧ2,i2,U+7C03
簍,leu3,ㄌㄡ3,loʊ3,U+7C0D
簧,huang2,ㄏㄨㄤ2,,U+7C27
簪,zan1,ㄗㄢ1,tsan1,U+7C2A
簫,siau1,ㄙㄧㄠ1,siɑʊ1,U+7C2B
簽,cian1,ㄘㄧㄢ1,tsʰiɛn1,U+7C3D
簾,lian2,ㄌㄧㄢ2,liɛn2,U+7C3E
簿,bu4,ㄅㄨ4,pu4,U+7C3F
籌,cheu2,ㄔㄡ2,ʈʂʰoʊ2,U+7C4C
籍,zyi5,ㄗㄧ5,tsi5,U+7C4D
籐,teng2,ㄊㄥ2,tʰəŋ2,U+7C50
籔,seu3,ㄙㄡ3,soʊ3,U+7C54
籔,shu3,ㄕㄨ3,ʂu3,U+7C54
籖,cian1,ㄘㄧㄢ1,tsʰiɛn1,U+7C56
籠,lung2,ㄌㄨㄥ2,lʊŋ2,U+7C60
籬,li2,ㄌㄧ2,li2,U+7C6C
米,mi3,ㄇㄧ3,mi3,U+7C73
粉,fen3,ㄈㄣ3,fən3,U+7C89
粒,li5,ㄌㄧ5,li5,U+7C92
粗,cu1,ㄘㄨ1,tsʰu1,U+7C97
粟,su5,ㄙㄨ5,su5,U+7C9F
粣,ceo5,ㄘㄜ5,tsʰɤ5,U+7CA3
粣,sa5,ㄙㄚ5,sa5,U+7CA3
粧,zhuang1,ㄓㄨㄤ1,,U+7CA7
粱,liang2,ㄌㄧㄤ2,,U+7CB1
粵,yue5,ㄩㄝ5,yɛ5,U+7CB5
粹,cuei4,ㄘㄨㄟ4,tsʰueɪ4,U+7CB9
粽,zung4,ㄗㄨㄥ4,tsʊŋ4,U+7CBD
精,zing1,ㄗㄧㄥ1,,U+7CBE
糉,zung4,ㄗㄨㄥ4,tsʊŋ4,U+7CC9
糕,gau1,ㄍㄠ1,kɑʊ1,U+7CD5
糖,tang2,ㄊㄤ2,tʰɑŋ2,U+7CD6
糜,mi2,ㄇㄧ2,mi2,U+7CDC
糞,fen4,ㄈㄣ4,fən4,U+7CDE
糟,zau1,ㄗㄠ1,tsɑʊ1,U+7CDF
糠,kang1,ㄎㄤ1,kʰɑŋ1,U+7CE0
糧,liang2,ㄌㄧㄤ2,,U+7CE7
糭,zung4,ㄗㄨㄥ4,tsʊŋ4,U+7CED
糯,nuo4,ㄋㄨㄛ4,nuɔ4,U+7CEF
糰,tuan2,ㄊㄨㄢ2,tʰuan2,U+7CF0
系,xi4,ㄒㄧ4,ɕi4,U+7CFB
糾,jieu3,ㄐㄧㄡ3,tɕiɔʊ3,U+7CFE
約,yau4,ㄧㄠ4,iɑʊ4,U+7D04
約,yo5,ㄧㄛ5,iɔ5,U+7D04
紅,hung2,ㄏㄨㄥ2,xʊŋ2,U+7D05
紋,un2,ㄨㄣ2,uən2,U+7D0B
納,n,ㄋ,n,U+7D0D
納,na5,ㄋㄚ5,na5,U+7D0D
紐,njieu3,ㄬㄧㄡ3,ɲiɔʊ3,U+7D10
純,chun2,ㄔㄨㄣ2,ʈʂʰuən2,U+7D14
純,cyuan2,ㄘㄩㄢ2,,U+7D14
純,zhun3,ㄓㄨㄣ3,ʈʂuən3,U+7D14
紗,sha1,ㄕㄚ1,ʂa1,U+7D17
紙,zhi3,ㄓㄭ3,ʈʂɨ3,U+7D19
級,ji5,ㄐㄧ5,tɕi5,U+7D1A
素,su4,ㄙㄨ4,su4,U+7D20
紡,fang3,ㄈㄤ3,fɑŋ3,U+7D21
索,sheo5,ㄕㄜ5,ʂɤ5,U+7D22
索,sho5,ㄕㄛ5,ʂɔ5,U+7D22
索,so5,ㄙㄛ5,sɔ5,U+7D22
紥,za5,ㄗㄚ5,tsa5,U+7D25
紫,zi3,ㄗㄭ3,tsɨ3,U+7D2B
累,luei4,ㄌㄨㄟ4,lueɪ4,U+7D2F
細,syi4,ㄙㄧ4,si4,U+7D30
紾,tian3,ㄊㄧㄢ3,tʰiɛn3,U+7D3E
紾,zhen3,ㄓㄣ3,ʈʂən3,U+7D3E
絀,chu5,ㄔㄨ5,ʈʂʰu5,U+7D40
絀,zhuo5,ㄓㄨㄛ5,ʈʂuɔ5,U+7D40
終,zhung1,ㄓㄨㄥ1,ʈʂʊŋ1,U+7D42
絃,xian2,ㄒㄧㄢ2,ɕiɛn2,U+7D43
組,zu3,ㄗㄨ3,tsu3,U+7D44
結,ji5,ㄐㄧ5,tɕi5,U+7D50
結,jie5,ㄐㄧㄝ5,tɕiɛ5,U+7D50
絓,gua5,ㄍㄨㄚ5,kuɑ5,U+7D53
絓,huai4,ㄏㄨㄞ4,xuaɪ4,U+7D53
絓,kuai1,ㄎㄨㄞ1,kʰuaɪ1,U+7D53
絕,zyue5,ㄗㄩㄝ5,tsyɛ5,U+7D55
絜,jie5,ㄐㄧㄝ5,tɕiɛ5,U+7D5C
絜,xie5,ㄒㄧㄝ5,ɕiɛ5,U+7D5C
絞,jiau3,ㄐㄧㄠ3,tɕiɑʊ3,U+7D5E
絞,xiau2,ㄒㄧㄠ2,ɕiɑʊ2,U+7D5E
絡,lo5,ㄌㄛ5,lɔ5,U+7D61
絣,beng1,ㄅㄥ1,pəŋ1,U+7D63
絣,bing4,ㄅㄧㄥ4,,U+7D63
給,gei3,ㄍㄟ3,keɪ3,U+7D66
給,ji5,ㄐㄧ5,tɕi5,U+7D66
絨,rung2,ㄖㄨㄥ2,ʐʊŋ2,U+7D68
絮,chu4,ㄔㄨ4,ʈʂʰu4,U+7D6E
絮,na4,ㄋㄚ4,na4,U+7D6E
絮,njyu3,ㄬㄩ3,ɲy3,U+7D6E
絮,syu4,ㄙㄩ4,sy4,U+7D6E
絯,xiai3,ㄒㄧㄞ3,,U+7D6F
統,tung3,ㄊㄨㄥ3,tʰʊŋ3,U+7D71
絲,si1,ㄙㄭ1,sɨ1,U+7D72
絳,jiang4,ㄐㄧㄤ4,,U+7D73
絹,jyuan4,ㄐㄩㄢ4,,U+7D79
綅,sian1,ㄙㄧㄢ1,siɛn1,U+7D85
綅,zin1,ㄗㄧㄣ1,tsin1,U+7D85
綑,kun3,ㄎㄨㄣ3,kʰuən3,U+7D91
經,jing1,ㄐㄧㄥ1,,U+7D93
綠,lu5,ㄌㄨ5,lu5,U+7DA0
綢,cheu2,ㄔㄡ2,ʈʂʰoʊ2,U+7DA2
綪,cian4,ㄘㄧㄢ4,tsʰiɛn4,U+7DAA
綪,zheng1,ㄓㄥ1,ʈʂəŋ1,U+7DAA
綫,sian4,ㄙㄧㄢ4,siɛn4,U+7DAB
綮,qi3,ㄑㄧ3,tɕʰi3,U+7DAE
綮,qing4,ㄑㄧㄥ4,,U+7DAE
綱,gang1,ㄍㄤ1,kɑŋ1,U+7DB1
網,wang3,ㄨㄤ3,,U+7DB2
綷,cuei4,ㄘㄨㄟ4,tsʰueɪ4,U+7DB7
綷,zuei4,ㄗㄨㄟ4,tsueɪ4,U+7DB7
綸,guan1,ㄍㄨㄢ1,kuan1,U+7DB8
綻,zhan4,ㄓㄢ4,ʈʂan4,U+7DBB
綿,mian2,ㄇㄧㄢ2,miɛn2,U+7DBF
緄,gun3,ㄍㄨㄣ3,kuən3,U+7DC4
緄,hun2,ㄏㄨㄣ2,xuən2,U+7DC4
緊,jin3,ㄐㄧㄣ3,tɕin3,U+7DCA
緒,syu4,ㄙㄩ4,sy4,U+7DD2
緘,jian1,ㄐㄧㄢ1,tɕiɛn1,U+7DD8
線,sian4,ㄙㄧㄢ4,siɛn4,U+7DDA
緜,mian2,ㄇㄧㄢ2,miɛn2,U+7DDC
緝,zyi5,ㄗㄧ5,tsi5,U+7DDD
緞,duan4,ㄉㄨㄢ4,tuan4,U+7DDE
編,bian1,ㄅㄧㄢ1,piɛn1,U+7DE8
緩,huan3,ㄏㄨㄢ3,xuan3,U+7DE9
練,lian4,ㄌㄧㄢ4,liɛn4,U+7DF4
緷,hun4,ㄏㄨㄣ4,xuən4,U+7DF7
緷,yun4,,,U+7DF7
緼,wen1,ㄨㄣ1,uən1,U+7DFC
緼,yun4,,,U+7DFC
縎,gu5,ㄍㄨ5,ku5,U+7E0E
縎,hua5,ㄏㄨㄚ5,xuɑ5,U+7E0E
縐,zheu4,ㄓㄡ4,ʈʂoʊ4,U+7E10
縒,co5,ㄘㄛ5,tsʰɔ5,U+7E12
縒,so1,ㄙㄛ1,sɔ1,U+7E12
縛,fo5,ㄈㄛ5,fɔ5,U+7E1B
縣,xian4,ㄒㄧㄢ4,ɕiɛn4,U+7E23
縫,fung2,ㄈㄨㄥ2,fʊŋ2,U+7E2B
縮,shu5,ㄕㄨ5,ʂu5,U+7E2E
縯,yan3,ㄧㄢ3,iɛn3,U+7E2F
縯,yin3,ㄧㄧㄣ3,,U+7E2F
縱,zung1,ㄗㄨㄥ1,tsʊŋ1,U+7E31
縱,zung4,ㄗㄨㄥ4,tsʊŋ4,U+7E31
縷,lyu3,ㄌㄩ3,ly3,U+7E37
總,zung3,ㄗㄨㄥ3,tsʊŋ3,U+7E3D
績,zyi5,ㄗㄧ5,tsi5,U+7E3E
繁,fan2,ㄈㄢ2,fan2,U+7E41
繁,pan2,ㄆㄢ2,pʰan2,U+7E41
繃,beng1,ㄅㄥ1,pəŋ1,U+7E43
繅,sau1,ㄙㄠ1,sɑʊ1,U+7E45
繅,zau3,ㄗㄠ3,tsɑʊ3,U+7E45
繆,jieu1,ㄐㄧㄡ1,tɕiɔʊ1,U+7E46
繆,mu5,ㄇㄨ5,mu5,U+7E46
繇,yau2,ㄧㄠ2,iɑʊ2,U+7E47
繇,yeu2,ㄧㄡ2,iɔʊ2,U+7E47
織,zhi5,ㄓㄭ5,ʈʂɨ5,U+7E54
繖,san3,ㄙㄢ3,san3,U+7E56
繙,fan1,ㄈㄢ1,fan1,U+7E59
繞,rau4,ㄖㄠ4,ʐɑʊ4,U+7E5E
繡,sieu4,ㄙㄧㄡ4,siɔʊ4,U+7E61
繩,sheng2,ㄕㄥ2,ʂəŋ2,U+7E69
繪,huei4,ㄏㄨㄟ4,xueɪ4,U+7E6A
繫,ji4,ㄐㄧ4,tɕi4,U+7E6B
繫,xi4,ㄒㄧ4,ɕi4,U+7E6B
繳,jiau3,ㄐㄧㄠ3,tɕiɑʊ3,U+7E73
繻,ru2,ㄖㄨ2,ʐu2,U+7E7B
繻,syu1,ㄙㄩ1,sy1,U+7E7B
續,syu4,ㄙㄩ4,sy4,U+7E8C
續,syu5,ㄙㄩ5,sy5,U+7E8C
纓,ing1,ㄧㄥ1,,U+7E93
纔,cai2,ㄘㄞ2,tsʰaɪ2,U+7E94
纔,chan1,ㄔㄢ1,ʈʂʰan1,U+7E94
纔,chan2,ㄔㄢ2,ʈʂʰan2,U+7E94
纖,sian1,ㄙㄧㄢ1,siɛn1,U+7E96
纖,zian1,ㄗㄧㄢ1,tsiɛn1,U+7E96
纚,li2,ㄌㄧ2,li2,U+7E9A
纚,shi3,ㄕㄭ3,ʂɨ3,U+7E9A
纛,du5,ㄉㄨ5,tu5,U+7E9B
纜,lan3,ㄌㄢ3,lan3,U+7E9C
绣,sieu4,ㄙㄧㄡ4,siɔʊ4,U+7EE3
缸,gang1,ㄍㄤ1,kɑŋ1,U+7F38
缺,qyue5,ㄑㄩㄝ5,tɕʰyɛ5,U+7F3A
罄,qing4,ㄑㄧㄥ4,,U+7F44
罐,guan4,ㄍㄨㄢ4,kuan4,U+7F50
罔,wang3,ㄨㄤ3,,U+7F54
罕,han3,ㄏㄢ3,xan3,U+7F55
罕,han4,ㄏㄢ4,xan4,U+7F55
罪,zuei4,ㄗㄨㄟ4,tsueɪ4,U+7F6A
置,zhi4,ㄓㄭ4,ʈʂɨ4,U+7F6E
罰,fa5,ㄈㄚ5,fa5,U+7F70
署,shu3,ㄕㄨ3,ʂu3,U+7F72
罵,ma4,ㄇㄚ4,ma4,U+7F75
罷,ba,ㄅㄚ,pa,U+7F77
罷,ba4,ㄅㄚ4,pa4,U+7F77
罷,pi2,ㄆㄧ2,pʰi2,U+7F77
羅,lo2,ㄌㄛ2,lɔ2,U+7F85
羊,yang2,ㄧㄤ2,,U+7F8A
美,mei3,ㄇㄟ3,meɪ3,U+7F8E
羔,gau1,ㄍㄠ1,kɑʊ1,U+7F94
羚,ling2,ㄌㄧㄥ2,,U+7F9A
羞,sieu1,ㄙㄧㄡ1,siɔʊ1,U+7F9E
羣,qyun2,ㄑㄩㄣ2,,U+7FA3
群,qyun2,ㄑㄩㄣ2,,U+7FA4
羨,sian4,ㄙㄧㄢ4,siɛn4,U+7FA8
義,yi4,ㄧ4,i4,U+7FA9
羶,shan1,ㄕㄢ1,ʂan1,U+7FB6
羹,geng1,ㄍㄥ1,kəŋ1,U+7FB9
羽,yu3,ㄩ3,y3,U+7FBD
翁,ung,ㄨㄥ,ʊŋ,U+7FC1
翁,ung1,ㄨㄥ1,ʊŋ1,U+7FC1
翅,chi4,ㄔㄭ4,ʈʂʰɨ4,U+7FC5
習,syi5,ㄙㄧ5,si5,U+7FD2
翔,siang2,ㄙㄧㄤ2,,U+7FD4
翛,shu5,ㄕㄨ5,ʂu5,U+7FDB
翟,di5,ㄉㄧ5,ti5,U+7FDF
翠,cuei4,ㄘㄨㄟ4,tsʰueɪ4,U+7FE0
翡,fei3,ㄈㄟ3,feɪ3,U+7FE1
翮,heo5,ㄏㄜ5,xɤ5,U+7FEE
翰,han4,ㄏㄢ4,xan4,U+7FF0
翹,qiau2,ㄑㄧㄠ2,tɕʰiɑʊ2,U+7FF9
翹,qiau4,ㄑㄧㄠ4,tɕʰiɑʊ4,U+7FF9
翻,fan1,ㄈㄢ1,fan1,U+7FFB
老,lau3,ㄌㄠ3,lɑʊ3,U+8001
考,kau3,ㄎㄠ3,kʰɑʊ3,U+8003
者,zhe3,ㄓㄝ3,ʈʂɛ3,U+8005
者,zheo3,ㄓㄜ3,ʈʂɤ3,U+8005
耍,shua3,ㄕㄨㄚ3,ʂuɑ3,U+800D
耏,er2,ㄦ2,əɻ2,U+800F
耏,nai4,ㄋㄞ4,naɪ4,U+800F
耐,nai4,ㄋㄞ4,naɪ4,U+8010
耕,geng1,ㄍㄥ1,kəŋ1,U+8015
耕,reng,ㄖㄥ,ʐəŋ,U+8015
耗,hau4,ㄏㄠ4,xɑʊ4,U+8017
耗,mau2,ㄇㄠ2,mɑʊ2,U+8017
耘,yun2,,,U+8018
耳,er3,ㄦ3,əɻ3,U+8033
耶,ye1,ㄧㄝ1,iɛ1,U+8036
耻,chi3,ㄔㄭ3,ʈʂʰɨ3,U+803B
耽,dan1,ㄉㄢ1,tan1,U+803D
耿,geng3,ㄍㄥ3,kəŋ3,U+803F
聃,dan1,ㄉㄢ1,tan1,U+8043
聊,liau2,ㄌㄧㄠ2,liɑʊ2,U+804A
聒,gua5,ㄍㄨㄚ5,kuɑ5,U+8052
聖,sheng4,ㄕㄥ4,ʂəŋ4,U+8056
聚,zyu4,ㄗㄩ4,tsy4,U+805A
聞,un2,ㄨㄣ2,uən2,U+805E
聞,wen2,ㄨㄣ2,uən2,U+805E
聞,wen4,ㄨㄣ4,uən4,U+805E
聯,lian2,ㄌㄧㄢ2,liɛn2,U+806F
聰,cung1,ㄘㄨㄥ1,tsʰʊŋ1,U+8070
聲,i,ㄧ,i,U+8072
聲,mi,ㄇㄧ,mi,U+8072
聲,sheng1,ㄕㄥ1,ʂəŋ1,U+8072
聽,ting1,ㄊㄧㄥ1,,U+807D
聽,ting4,ㄊㄧㄥ4,,U+807D
聾,lung2,ㄌㄨㄥ2,lʊŋ2,U+807E
肃,su5,ㄙㄨ5,su5,U+8083
肄,yi4,ㄧ4,i4,U+8084
肅,su5,ㄙㄨ5,su5,U+8085
肇,zhau4,ㄓㄠ4,ʈʂɑʊ4,U+8087
肉,reu4,ㄖㄡ4,ʐoʊ4,U+8089
肉,ru5,ㄖㄨ5,ʐu5,U+8089
肌,ji1,ㄐㄧ1,tɕi1,U+808C
肖,siau4,ㄙㄧㄠ4,siɑʊ4,U+8096
肘,zheu3,ㄓㄡ3,ʈʂoʊ3,U+8098
肚,du3,ㄉㄨ3,tu3,U+809A
肚,du4,ㄉㄨ4,tu4,U+809A
肛,gang1,ㄍㄤ1,kɑŋ1,U+809B
肛,xiang1,ㄒㄧㄤ1,,U+809B
肝,gan1,ㄍㄢ1,kan1,U+809D
肢,zhi1,ㄓㄭ1,ʈʂɨ1,U+80A2
肥,fei2,ㄈㄟ2,feɪ2,U+80A5
肧,pei1,ㄆㄟ1,pʰeɪ1,U+80A7
肩,jian1,ㄐㄧㄢ1,tɕiɛn1,U+80A9
肪,fang1,ㄈㄤ1,fɑŋ1,U+80AA
肪,fang2,ㄈㄤ2,fɑŋ2,U+80AA
肮,gang1,ㄍㄤ1,kɑŋ1,U+80AE
肮,hang2,ㄏㄤ2,xɑŋ2,U+80AE
肯,keng3,ㄎㄥ3,kʰəŋ3,U+80AF
育,yu5,ㄩ5,y5,U+80B2
肴,rau,ㄖㄠ,ʐɑʊ,U+80B4
肴,xiau2,ㄒㄧㄠ2,ɕiɑʊ2,U+80B4
肴,yau2,ㄧㄠ2,iɑʊ2,U+80B4
肺,fei4,ㄈㄟ4,feɪ4,U+80BA
胄,zheu4,ㄓㄡ4,ʈʂoʊ4,U+80C4
胎,tai1,ㄊㄞ1,tʰaɪ1,U+80CE
胖,pan4,ㄆㄢ4,pʰan4,U+80D6
胖,pang4,ㄆㄤ4,pʰɑŋ4,U+80D6
胚,pei1,ㄆㄟ1,pʰeɪ1,U+80DA
胜,cing4,ㄘㄧㄥ4,,U+80DC
胜,sing1,ㄙㄧㄥ1,,U+80DC
胞,bau1,ㄅㄠ1,pɑʊ1,U+80DE
胞,pau2,ㄆㄠ2,pʰɑʊ2,U+80DE
胡,hu2,ㄏㄨ2,xu2,U+80E1
胥,syu1,ㄙㄩ1,sy1,U+80E5
胱,guang1,ㄍㄨㄤ1,,U+80F1
胳,geo5,ㄍㄜ5,kɤ5,U+80F3
胸,xyung1,ㄒㄩㄥ1,ɕyŋ1,U+80F8
能,neng2,ㄋㄥ2,nəŋ2,U+80FD
脂,zhi1,ㄓㄭ1,ʈʂɨ1,U+8102
脅,xi5,ㄒㄧ5,ɕi5,U+8105
脅,xie5,ㄒㄧㄝ5,ɕiɛ5,U+8105
脇,xi5,ㄒㄧ5,ɕi5,U+8107
脇,xie5,ㄒㄧㄝ5,ɕiɛ5,U+8107
脊,zyi5,ㄗㄧ5,tsi5,U+810A
脖,bo5,ㄅㄛ5,pɔ5,U+8116
脚,jio5,ㄐㄧㄛ5,tɕiɔ5,U+811A
脛,xing4,ㄒㄧㄥ4,,U+811B
脟,luo5,ㄌㄨㄛ5,luɔ5,U+811F
脟,lyue5,ㄌㄩㄝ5,lyɛ5,U+811F
脣,chun2,ㄔㄨㄣ2,ʈʂʰuən2,U+8123
脩,sieu1,ㄙㄧㄡ1,siɔʊ1,U+8129
脫,te5,ㄊㄝ5,tʰɛ5,U+812B
脫,teo5,ㄊㄜ5,tʰɤ5,U+812B
脫,tuo5,ㄊㄨㄛ5,tʰuɔ5,U+812B
脹,zhang4,ㄓㄤ4,ʈʂɑŋ4,U+8139
脾,pi2,ㄆㄧ2,pʰi2,U+813E
腊,la5,ㄌㄚ5,la5,U+814A
腎,shen4,ㄕㄣ4,ʂən4,U+814E
腐,fu3,ㄈㄨ3,fu3,U+8150
腐,fu4,ㄈㄨ4,fu4,U+8150
腑,fu3,ㄈㄨ3,fu3,U+8151
腔,qiang1,ㄑㄧㄤ1,,U+8154
腦,nau3,ㄋㄠ3,nɑʊ3,U+8166
腫,zhung3,ㄓㄨㄥ3,ʈʂʊŋ3,U+816B
腮,sai1,ㄙㄞ1,saɪ1,U+816E
腰,yau1,ㄧㄠ1,iɑʊ1,U+8170
腳,jio5,ㄐㄧㄛ5,tɕiɔ5,U+8173
腹,fu5,ㄈㄨ5,fu5,U+8179
腿,tuei3,ㄊㄨㄟ3,tʰueɪ3,U+817F
膈,geo5,ㄍㄜ5,kɤ5,U+8188
膊,bo,ㄅㄛ,pɔ,U+818A
膏,gau1,ㄍㄠ1,kɑʊ1,U+818F
膜,mo5,ㄇㄛ5,mɔ5,U+819C
膜,mu2,ㄇㄨ2,mu2,U+819C
膠,jiau1,ㄐㄧㄠ1,tɕiɑʊ1,U+81A0
膩,nj,ㄬ,ɲ,U+81A9
膩,nji4,ㄬㄧ4,ɲi4,U+81A9
膳,shan4,ㄕㄢ4,ʂan4,U+81B3
膿,nung2,ㄋㄨㄥ2,nʊŋ2,U+81BF
臀,tun2,ㄊㄨㄣ2,tʰuən2,U+81C0
臉,jian3,ㄐㄧㄢ3,tɕiɛn3,U+81C9
臉,lian3,ㄌㄧㄢ3,liɛn3,U+81C9
臊,sau1,ㄙㄠ1,sɑʊ1,U+81CA
臍,cyi2,ㄘㄧ2,tsʰi2,U+81CD
臑,nau2,ㄋㄠ2,nɑʊ2,U+81D1
臑,ru2,ㄖㄨ2,ʐu2,U+81D1
臘,la5,ㄌㄚ5,la5,U+81D8
臟,zang4,ㄗㄤ4,tsɑŋ4,U+81DF
臥,wo4,ㄨㄛ4,uɔ4,U+81E5
臧,zang1,ㄗㄤ1,tsɑŋ1,U+81E7
臨,lin2,ㄌㄧㄣ2,lin2,U+81E8
自,zi4,ㄗㄭ4,tsɨ4,U+81EA
臭,cheu4,ㄔㄡ4,ʈʂʰoʊ4,U+81ED
臭,xieu4,ㄒㄧㄡ4,ɕiɔʊ4,U+81ED
致,zhi4,ㄓㄭ4,ʈʂɨ4,U+81F4
臷,tie5,ㄊㄧㄝ5,tʰiɛ5,U+81F7
臷,zhi5,ㄓㄭ5,ʈʂɨ5,U+81F7
臺,tai2,ㄊㄞ2,tʰaɪ2,U+81FA
臻,in,ㄧㄣ,in,U+81FB
臻,zhen1,ㄓㄣ1,ʈʂən1,U+81FB
舀,wai3,ㄨㄞ3,uaɪ3,U+8200
舀,yau3,ㄧㄠ3,iɑʊ3,U+8200
舂,chung1,ㄔㄨㄥ1,ʈʂʰʊŋ1,U+8202
與,yu2,ㄩ2,y2,U+8207
與,yu3,ㄩ3,y3,U+8207
與,yu4,ㄩ4,y4,U+8207
興,xing1,ㄒㄧㄥ1,,U+8208
興,xing4,ㄒㄧㄥ4,,U+8208
舉,jyu3,ㄐㄩ3,tɕy3,U+8209
舌,she5,ㄕㄝ5,ʂɛ5,U+820C
舌,sheo5,ㄕㄜ5,ʂɤ5,U+820C
舍,she4,ㄕㄝ4,ʂɛ4,U+820D
舍,sheo4,ㄕㄜ4,ʂɤ4,U+820D
舐,shi4,ㄕㄭ4,ʂɨ4,U+8210
舒,shu1,ㄕㄨ1,ʂu1,U+8212
舖,pu4,ㄆㄨ4,pʰu4,U+8216
舘,guan3,ㄍㄨㄢ3,kuan3,U+8218
舛,chuan3,ㄔㄨㄢ3,ʈʂʰuan3,U+821B
舜,shun4,ㄕㄨㄣ4,ʂuən4,U+821C
航,hang2,ㄏㄤ2,xɑŋ2,U+822A
般,ban1,ㄅㄢ1,pan1,U+822C
舵,do4,ㄉㄛ4,tɔ4,U+8235
舷,xian2,ㄒㄧㄢ2,ɕiɛn2,U+8237
船,chuan2,ㄔㄨㄢ2,ʈʂʰuan2,U+8239
艇,ting3,ㄊㄧㄥ3,,U+8247
艇,ting4,ㄊㄧㄥ4,,U+8247
艙,cang1,ㄘㄤ1,tsʰɑŋ1,U+8259
艟,chuang4,ㄔㄨㄤ4,,U+825F
良,liang2,ㄌㄧㄤ2,,U+826F
艱,jian1,ㄐㄧㄢ1,tɕiɛn1,U+8271
色,seo5,ㄙㄜ5,sɤ5,U+8272
艽,qieu2,ㄑㄧㄡ2,tɕʰiɔʊ2,U+827D
艾,ngai4,ㄫㄞ4,ŋaɪ4,U+827E
芋,xyu1,ㄒㄩ1,ɕy1,U+828B
芋,yu4,ㄩ4,y4,U+828B
芍,sho5,ㄕㄛ5,ʂɔ5,U+828D
芍,yau4,ㄧㄠ4,iɑʊ4,U+828D
芙,fu2,ㄈㄨ2,fu2,U+8299
芝,zhi1,ㄓㄭ1,ʈʂɨ1,U+829D
芥,jiai4,ㄐㄧㄞ4,,U+82A5
芭,ba1,ㄅㄚ1,pa1,U+82AD
芭,pa1,ㄆㄚ1,pʰa1,U+82AD
花,hua1,ㄏㄨㄚ1,xuɑ1,U+82B1
芴,wu5,ㄨ5,u5,U+82B4
芹,qin2,ㄑㄧㄣ2,tɕʰin2,U+82B9
芽,ya2,ㄧㄚ2,iɑ2,U+82BD
苀,gang1,ㄍㄤ1,kɑŋ1,U+82C0
苀,hang2,ㄏㄤ2,xɑŋ2,U+82C0
苓,lian2,ㄌㄧㄢ2,liɛn2,U+82D3
苔,tai2,ㄊㄞ2,tʰaɪ2,U+82D4
苗,miau2,ㄇㄧㄠ2,miɑʊ2,U+82D7
苙,ji5,ㄐㄧ5,tɕi5,U+82D9
苙,li5,ㄌㄧ5,li5,U+82D9
苛,ko1,ㄎㄛ1,kʰɔ1,U+82DB
苣,jyu4,ㄐㄩ4,tɕy4,U+82E3
若,re3,ㄖㄝ3,ʐɛ3,U+82E5
若,ro5,ㄖㄛ5,ʐɔ5,U+82E5
苦,ku3,ㄎㄨ3,kʰu3,U+82E6
英,ing1,ㄧㄥ1,,U+82F1
英,ying1,ㄧㄧㄥ1,,U+82F1
苴,cha2,ㄔㄚ2,ʈʂʰa2,U+82F4
苴,sie2,ㄙㄧㄝ2,siɛ2,U+82F4
苴,zyu3,ㄗㄩ3,tsy3,U+82F4
苻,fu2,ㄈㄨ2,fu2,U+82FB
苻,pu2,ㄆㄨ2,pʰu2,U+82FB
苾,bi5,ㄅㄧ5,pi5,U+82FE
苾,bie5,ㄅㄧㄝ5,piɛ5,U+82FE
范,fan4,ㄈㄢ4,fan4,U+8303
茄,jia1,ㄐㄧㄚ1,tɕiɑ1,U+8304
茄,qie2,ㄑㄧㄝ2,tɕʰiɛ2,U+8304
茇,ba5,ㄅㄚ5,pa5,U+8307
茇,bo5,ㄅㄛ5,pɔ5,U+8307
茇,fu5,ㄈㄨ5,fu5,U+8307
茈,zi3,ㄗㄭ3,tsɨ3,U+8308
茫,mang2,ㄇㄤ2,mɑŋ2,U+832B
茲,zi1,ㄗㄭ1,tsɨ1,U+8332
茵,in1,ㄧㄣ1,in1,U+8335
茶,cha2,ㄔㄚ2,ʈʂʰa2,U+8336
茷,fei4,ㄈㄟ4,feɪ4,U+8337
茷,pei4,ㄆㄟ4,pʰeɪ4,U+8337
茸,rung2,ㄖㄨㄥ2,ʐʊŋ2,U+8338
草,cau3,ㄘㄠ3,tsʰɑʊ3,U+8349
荊,jing1,ㄐㄧㄥ1,,U+834A
荎,die5,ㄉㄧㄝ5,tiɛ5,U+834E
荎,zhi5,ㄓㄭ5,ʈʂɨ5,U+834E
荑,ti2,ㄊㄧ2,tʰi2,U+8351
荑,yi2,ㄧ2,i2,U+8351
荒,huang1,ㄏㄨㄤ1,,U+8352
荔,li4,ㄌㄧ4,li4,U+8354
荳,deu4,ㄉㄡ4,toʊ4,U+8373
荷,ho2,ㄏㄛ2,xɔ2,U+8377
荷,ho4,ㄏㄛ4,xɔ4,U+8377
荼,cha2,ㄔㄚ2,ʈʂʰa2,U+837C
荼,tu2,ㄊㄨ2,tʰu2,U+837C
莊,zhuang1,ㄓㄨㄤ1,,U+838A
莖,xing2,ㄒㄧㄥ2,,U+8396
莘,shen1,ㄕㄣ1,ʂən1,U+8398
莞,huan4,ㄏㄨㄢ4,xuan4,U+839E
莞,wan2,ㄨㄢ2,uan2,U+839E
莠,yeu3,ㄧㄡ3,iɔʊ3,U+83A0
莢,jie5,ㄐㄧㄝ5,tɕiɛ5,U+83A2
莤,shu5,ㄕㄨ5,ʂu5,U+83A4
莤,yeu2,ㄧㄡ2,iɔʊ2,U+83A4
莥,jieu4,ㄐㄧㄡ4,tɕiɔʊ4,U+83A5
莥,njieu3,ㄬㄧㄡ3,ɲiɔʊ3,U+83A5
莧,xian4,ㄒㄧㄢ4,ɕiɛn4,U+83A7
莫,mo5,ㄇㄛ5,mɔ5,U+83AB
莽,mang3,ㄇㄤ3,mɑŋ3,U+83BD
菆,chu4,ㄔㄨ4,ʈʂʰu4,U+83C6
菆,zheu1,ㄓㄡ1,ʈʂoʊ1,U+83C6
菆,zuan2,ㄗㄨㄢ2,tsuan2,U+83C6
菇,gu1,ㄍㄨ1,ku1,U+83C7
菊,jyu5,ㄐㄩ5,tɕy5,U+83CA
菋,vei4,ㄪㄟ4,ʋeɪ4,U+83CB
菌,jyun3,ㄐㄩㄣ3,,U+83CC
菌,jyun4,ㄐㄩㄣ4,,U+83CC
菓,guo3,ㄍㄨㄛ3,kuɔ3,U+83D3
菜,cai4,ㄘㄞ4,tsʰaɪ4,U+83DC
菥,syi5,ㄙㄧ5,si5,U+83E5
菩,bei4,ㄅㄟ4,peɪ4,U+83E9
菩,pu2,ㄆㄨ2,pʰu2,U+83E9
菩,pu5,ㄆㄨ5,pʰu5,U+83E9
菭,chi2,ㄔㄭ2,ʈʂʰɨ2,U+83ED
菭,tai2,ㄊㄞ2,tʰaɪ2,U+83ED
華,hua2,ㄏㄨㄚ2,xuɑ2,U+83EF
菱,ling2,ㄌㄧㄥ2,,U+83F1
菿,dau4,ㄉㄠ4,tɑʊ4,U+83FF
菿,zhuo5,ㄓㄨㄛ5,ʈʂuɔ5,U+83FF
萁,ji1,ㄐㄧ1,tɕi1,U+8401
萁,qi2,ㄑㄧ2,tɕʰi2,U+8401
萊,lai2,ㄌㄞ2,laɪ2,U+840A
萋,cyi1,ㄘㄧ1,tsʰi1,U+840B
萌,meng2,ㄇㄥ2,məŋ2,U+840C
萍,ping2,ㄆㄧㄥ2,,U+840D
萑,wan2,ㄨㄢ2,uan2,U+8411
萑,zhuei1,ㄓㄨㄟ1,ʈʂueɪ1,U+8411
萬,wan4,ㄨㄢ4,uan4,U+842C
萭,jyu3,ㄐㄩ3,tɕy3,U+842D
萭,yu3,ㄩ3,y3,U+842D
萱,xyuan1,ㄒㄩㄢ1,,U+8431
萵,wo1,ㄨㄛ1,uɔ1,U+8435
落,lo5,ㄌㄛ5,lɔ5,U+843D
葉,she5,ㄕㄝ5,ʂɛ5,U+8449
葉,ye5,ㄧㄝ5,iɛ5,U+8449
著,zheo,ㄓㄜ,ʈʂɤ,U+8457
著,zho,ㄓㄛ,ʈʂɔ,U+8457
著,zho5,ㄓㄛ5,ʈʂɔ5,U+8457
著,zhu4,ㄓㄨ4,ʈʂu4,U+8457
葛,go5,ㄍㄛ5,kɔ5,U+845B
葡,pu2,ㄆㄨ2,pʰu2,U+8461
董,dung3,ㄉㄨㄥ3,tʊŋ3,U+8463
葦,wei3,ㄨㄟ3,ueɪ3,U+8466
葬,zang4,ㄗㄤ4,tsɑŋ4,U+846C
葯,yo5,ㄧㄛ5,iɔ5,U+846F
葰,suo3,ㄙㄨㄛ3,suɔ3,U+8470
葰,zyun4,ㄗㄩㄣ4,,U+8470
葵,kuei2,ㄎㄨㄟ2,kʰueɪ2,U+8475
葷,hun1,ㄏㄨㄣ1,xuən1,U+8477
葷,xyun1,ㄒㄩㄣ1,,U+8477
蒓,shun2,ㄕㄨㄣ2,ʂuən2,U+8493
蒙,mung2,ㄇㄨㄥ2,mʊŋ2,U+8499
蒚,heo5,ㄏㄜ5,xɤ5,U+849A
蒚,li5,ㄌㄧ5,li5,U+849A
蒜,suan4,ㄙㄨㄢ4,suan4,U+849C
蒲,pu2,ㄆㄨ2,pʰu2,U+84B2
蒸,ing,ㄧㄥ,,U+84B8
蒸,zheng1,ㄓㄥ1,ʈʂəŋ1,U+84B8
蒼,cang1,ㄘㄤ1,tsʰɑŋ1,U+84BC
蒿,hau1,ㄏㄠ1,xɑʊ1,U+84BF
蓂,ming2,ㄇㄧㄥ2,,U+84C2
蓄,xyu5,ㄒㄩ5,ɕy5,U+84C4
蓆,syi5,ㄙㄧ5,si5,U+84C6
蓋,gai4,ㄍㄞ4,kaɪ4,U+84CB
蓋,go5,ㄍㄛ5,kɔ5,U+84CB
蓑,suo1,ㄙㄨㄛ1,suɔ1,U+84D1
蓧,diau4,ㄉㄧㄠ4,tiɑʊ4,U+84E7
蓧,tiau1,ㄊㄧㄠ1,tʰiɑʊ1,U+84E7
蓬,pung2,ㄆㄨㄥ2,pʰʊŋ2,U+84EC
蓮,lian2,ㄌㄧㄢ2,liɛn2,U+84EE
蓯,cung2,ㄘㄨㄥ2,tsʰʊŋ2,U+84EF
蓰,si3,ㄙㄭ3,sɨ3,U+84F0
蓰,xi3,ㄒㄧ3,ɕi3,U+84F0
蓲,xyu1,ㄒㄩ1,ɕy1,U+84F2
蓲,yu4,ㄩ4,y4,U+84F2
蓴,shun2,ㄕㄨㄣ2,ʂuən2,U+84F4
蓴,tuan2,ㄊㄨㄢ2,tʰuan2,U+84F4
蓼,liau3,ㄌㄧㄠ3,liɑʊ3,U+84FC
蓼,lu5,ㄌㄨ5,lu5,U+84FC
蔀,bu4,ㄅㄨ4,pu4,U+8500
蔀,peu3,ㄆㄡ3,pʰoʊ3,U+8500
蔇,ji4,ㄐㄧ4,tɕi4,U+8507
蔇,xi4,ㄒㄧ4,ɕi4,U+8507
蔓,man2,ㄇㄢ2,man2,U+8513
蔓,man4,ㄇㄢ4,man4,U+8513
蔓,wan4,ㄨㄢ4,uan4,U+8513
蔔,bo5,ㄅㄛ5,pɔ5,U+8514
蔔,pu5,ㄆㄨ5,pʰu5,U+8514
蔕,dai4,ㄉㄞ4,taɪ4,U+8515
蔕,di4,ㄉㄧ4,ti4,U+8515
蔖,zha1,ㄓㄚ1,ʈʂa1,U+8516
蔖,zu3,ㄗㄨ3,tsu3,U+8516
蔗,zhe4,ㄓㄝ4,ʈʂɛ4,U+8517
蔗,zheo4,ㄓㄜ4,ʈʂɤ4,U+8517
蔚,wei4,ㄨㄟ4,ueɪ4,U+851A
蔚,yu5,ㄩ5,y5,U+851A
蔞,leu2,ㄌㄡ2,loʊ2,U+851E
蔞,lieu3,ㄌㄧㄡ3,liɔʊ3,U+851E
蔟,cu5,ㄘㄨ5,tsʰu5,U+851F
蔡,cai4,ㄘㄞ4,tsʰaɪ4,U+8521
蔣,ziang3,ㄗㄧㄤ3,,U+8523
蔬,shu1,ㄕㄨ1,ʂu1,U+852C
蔴,ma2,ㄇㄚ2,ma2,U+8534
蕉,ziau1,ㄗㄧㄠ1,tsiɑʊ1,U+8549
蕊,ruei3,ㄖㄨㄟ3,ʐueɪ3,U+854A
蕞,zuei4,ㄗㄨㄟ4,tsueɪ4,U+855E
蕞,zuo5,ㄗㄨㄛ5,tsuɔ5,U+855E
蕢,kuai4,ㄎㄨㄞ4,kʰuaɪ4,U+8562
蕢,kuei4,ㄎㄨㄟ4,kʰueɪ4,U+8562
蕩,dang4,ㄉㄤ4,tɑŋ4,U+8569
蕩,tang1,ㄊㄤ1,tʰɑŋ1,U+8569
蕭,eu,ㄡ,oʊ,U+856D
蕭,siau1,ㄙㄧㄠ1,siɑʊ1,U+856D
蕰,wen1,ㄨㄣ1,uən1,U+8570
蕰,yun4,,,U+8570
薄,b,ㄅ,p,U+8584
薄,bo5,ㄅㄛ5,pɔ5,U+8584
薇,vei2,ㄪㄟ2,ʋeɪ2,U+8587
薇,vi2,ㄪㄧ2,ʋi2,U+8587
薇,wei2,ㄨㄟ2,ueɪ2,U+8587
薑,jiang1,ㄐㄧㄤ1,,U+8591
薔,ciang2,ㄘㄧㄤ2,,U+8594
薛,syue5,ㄙㄩㄝ5,syɛ5,U+859B
薦,zian4,ㄗㄧㄢ4,tsiɛn4,U+85A6
薩,sa5,ㄙㄚ5,sa5,U+85A9
薪,sin1,ㄙㄧㄣ1,sin1,U+85AA
薰,xyun1,ㄒㄩㄣ1,,U+85B0
薺,ci2,ㄘㄭ2,tsʰɨ2,U+85BA
薺,zyi4,ㄗㄧ4,tsi4,U+85BA
藇,syu4,ㄙㄩ4,sy4,U+85C7
藇,yu2,ㄩ2,y2,U+85C7
藉,zie4,ㄗㄧㄝ4,tsiɛ4,U+85C9
藍,lan2,ㄌㄢ2,lan2,U+85CD
藏,cang2,ㄘㄤ2,tsʰɑŋ2,U+85CF
藏,zang4,ㄗㄤ4,tsɑŋ4,U+85CF
藐,miau3,ㄇㄧㄠ3,miɑʊ3,U+85D0
藐,mo5,ㄇㄛ5,mɔ5,U+85D0
藕,ngeu3,ㄫㄡ3,ŋoʊ3,U+85D5
藝,yi4,ㄧ4,i4,U+85DD
藤,teng2,ㄊㄥ2,tʰəŋ2,U+85E4
藥,yo5,ㄧㄛ5,iɔ5,U+85E5
藪,seu3,ㄙㄡ3,soʊ3,U+85EA
藷,shu4,ㄕㄨ4,ʂu4,U+85F7
藷,zhu1,ㄓㄨ1,ʈʂu1,U+85F7
蘁,ngo5,ㄫㄛ5,ŋɔ5,U+8601
蘁,wu4,ㄨ4,u4,U+8601
蘄,qi2,ㄑㄧ2,tɕʰi2,U+8604
蘄,qin2,ㄑㄧㄣ2,tɕʰin2,U+8604
蘆,lu2,ㄌㄨ2,lu2,U+8606
蘇,su1,ㄙㄨ1,su1,U+8607
蘬,kuei1,ㄎㄨㄟ1,kʰueɪ1,U+862C
蘭,lan2,ㄌㄢ2,lan2,U+862D
蘿,lo2,ㄌㄛ2,lɔ2,U+863F
虎,hu3,ㄏㄨ3,xu3,U+864E
虐,njio5,ㄬㄧㄛ5,ɲiɔ5,U+8650
處,chu3,ㄔㄨ3,ʈʂʰu3,U+8655
處,chu4,ㄔㄨ4,ʈʂʰu4,U+8655
虛,xyu1,ㄒㄩ1,ɕy1,U+865B
虜,lu3,ㄌㄨ3,lu3,U+865C
號,hau2,ㄏㄠ2,xɑʊ2,U+865F
號,hau4,ㄏㄠ4,xɑʊ4,U+865F
虧,kuei1,ㄎㄨㄟ1,kʰueɪ1,U+8667
虹,hung2,ㄏㄨㄥ2,xʊŋ2,U+8679
虹,jiang4,ㄐㄧㄤ4,,U+8679
蚊,un2,ㄨㄣ2,uən2,U+868A
蚊,wen2,ㄨㄣ2,uən2,U+868A
蚌,bang4,ㄅㄤ4,pɑŋ4,U+868C
蚓,in3,ㄧㄣ3,in3,U+8693
蚕,can2,ㄘㄢ2,tsʰan2,U+8695
蚕,tian3,ㄊㄧㄢ3,tʰiɛn3,U+8695
蚘,huei2,ㄏㄨㄟ2,xueɪ2,U+8698
蚣,gung1,ㄍㄨㄥ1,kʊŋ1,U+86A3
蚤,zau3,ㄗㄠ3,tsɑʊ3,U+86A4
蚯,qieu1,ㄑㄧㄡ1,tɕʰiɔʊ1,U+86AF
蚰,yeu2,ㄧㄡ2,iɔʊ2,U+86B0
蛀,zhu4,ㄓㄨ4,ʈʂu4,U+86C0
蛆,cyu1,ㄘㄩ1,tsʰy1,U+86C6
蛆,zyu1,ㄗㄩ1,tsy1,U+86C6
蛇,she2,ㄕㄝ2,ʂɛ2,U+86C7
蛇,sheo2,ㄕㄜ2,ʂɤ2,U+86C7
蛋,dan4,ㄉㄢ4,tan4,U+86CB
蛛,zhu1,ㄓㄨ1,ʈʂu1,U+86DB
蛟,jiau1,ㄐㄧㄠ1,tɕiɑʊ1,U+86DF
蛣,ji5,ㄐㄧ5,tɕi5,U+86E3
蛣,qi5,ㄑㄧ5,tɕʰi5,U+86E3
蛤,go5,ㄍㄛ5,kɔ5,U+86E4
蛹,yung3,,,U+86F9
蛾,ngo2,ㄫㄛ2,ŋɔ2,U+86FE
蜀,shu5,ㄕㄨ5,ʂu5,U+8700
蜂,fung1,ㄈㄨㄥ1,fʊŋ1,U+8702
蜊,li2,ㄌㄧ2,li2,U+870A
蜋,lang2,ㄌㄤ2,lɑŋ2,U+870B
蜍,yu2,ㄩ2,y2,U+870D
蜎,jyuan4,ㄐㄩㄢ4,,U+870E
蜎,yuan1,ㄩㄢ1,,U+870E
蜓,ting2,ㄊㄧㄥ2,,U+8713
蜘,zhi1,ㄓㄭ1,ʈʂɨ1,U+8718
蜜,mi5,ㄇㄧ5,mi5,U+871C
蜡,cyu4,ㄘㄩ4,tsʰy4,U+8721
蝃,di4,ㄉㄧ4,ti4,U+8743
蝃,zhuo5,ㄓㄨㄛ5,ʈʂuɔ5,U+8743
蝎,ho5,ㄏㄛ5,xɔ5,U+874E
蝎,xie5,ㄒㄧㄝ5,ɕiɛ5,U+874E
蝕,shi5,ㄕㄭ5,ʂɨ5,U+8755
蝗,huang2,ㄏㄨㄤ2,,U+8757
蝙,bian1,ㄅㄧㄢ1,piɛn1,U+8759
蝟,wei4,ㄨㄟ4,ueɪ4,U+875F
蝠,fu5,ㄈㄨ5,fu5,U+8760
蝦,xia1,ㄒㄧㄚ1,ɕiɑ1,U+8766
蝨,shi5,ㄕㄭ5,ʂɨ5,U+8768
蝴,hu2,ㄏㄨ2,xu2,U+8774
蝶,die5,ㄉㄧㄝ5,tiɛ5,U+8776
蝹,au3,ㄠ3,ɑʊ3,U+8779
螂,lang2,ㄌㄤ2,lɑŋ2,U+8782
螃,pang2,ㄆㄤ2,pʰɑŋ2,U+8783
螛,xia5,ㄒㄧㄚ5,ɕiɑ5,U+879B
螞,ma3,ㄇㄚ3,ma3,U+879E
螢,ing2,ㄧㄥ2,,U+87A2
螢,ying2,ㄧㄧㄥ2,,U+87A2
螣,teng2,ㄊㄥ2,tʰəŋ2,U+87A3
螣,teo5,ㄊㄜ5,tʰɤ5,U+87A3
螫,shi5,ㄕㄭ5,ʂɨ5,U+87AB
螲,die5,ㄉㄧㄝ5,tiɛ5,U+87B2
螳,tang2,ㄊㄤ2,tʰɑŋ2,U+87B3
螺,luo2,ㄌㄨㄛ2,luɔ2,U+87BA
蟄,zheo5,ㄓㄜ5,ʈʂɤ5,U+87C4
蟆,ma2,ㄇㄚ2,ma2,U+87C6
蟞,bie5,ㄅㄧㄝ5,piɛ5,U+87DE
蟞,pie5,ㄆㄧㄝ5,pʰiɛ5,U+87DE
蟬,shan2,ㄕㄢ2,ʂan2,U+87EC
蟲,chung2,ㄔㄨㄥ2,ʈʂʰʊŋ2,U+87F2
蟶,cheng1,ㄔㄥ1,ʈʂʰəŋ1,U+87F6
蟹,xiai3,ㄒㄧㄞ3,,U+87F9
蟺,dan4,ㄉㄢ4,tan4,U+87FA
蟻,yi3,ㄧ3,i3,U+87FB
蠅,ing2,ㄧㄥ2,,U+8805
蠅,ying,ㄧㄧㄥ,,U+8805
蠍,xie5,ㄒㄧㄝ5,ɕiɛ5,U+880D
蠕,ru2,ㄖㄨ2,ʐu2,U+8815
蠕,ruan3,ㄖㄨㄢ3,ʐuan3,U+8815
蠟,la5,ㄌㄚ5,la5,U+881F
蠡,li3,ㄌㄧ3,li3,U+8821
蠢,chun3,ㄔㄨㄣ3,ʈʂʰuən3,U+8822
蠣,li4,ㄌㄧ4,li4,U+8823
蠰,xiang4,ㄒㄧㄤ4,,U+8830
蠶,can2,ㄘㄢ2,tsʰan2,U+8836
蠹,du4,ㄉㄨ4,tu4,U+8839
蠻,man2,ㄇㄢ2,man2,U+883B
血,xue3,ㄒㄩㄝ3,ɕyɛ3,U+8840
血,xyue5,ㄒㄩㄝ5,ɕyɛ5,U+8840
衃,fu2,ㄈㄨ2,fu2,U+8843
衃,pei1,ㄆㄟ1,pʰeɪ1,U+8843
衆,zhung4,ㄓㄨㄥ4,ʈʂʊŋ4,U+8846
行,hang2,ㄏㄤ2,xɑŋ2,U+884C
行,hang4,ㄏㄤ4,xɑŋ4,U+884C
行,xing2,ㄒㄧㄥ2,,U+884C
行,xing4,ㄒㄧㄥ4,,U+884C
衍,ian3,ㄧㄢ3,iɛn3,U+884D
衍,yan3,ㄧㄢ3,iɛn3,U+884D
衍,yan4,ㄧㄢ4,iɛn4,U+884D
術,shu5,ㄕㄨ5,ʂu5,U+8853
衕,tung2,ㄊㄨㄥ2,tʰʊŋ2,U+8855
衖,xiang4,ㄒㄧㄤ4,,U+8856
街,jiai1,ㄐㄧㄞ1,,U+8857
衙,ya2,ㄧㄚ2,iɑ2,U+8859
衙,yu3,ㄩ3,y3,U+8859
衛,wei4,ㄨㄟ4,ueɪ4,U+885B
衝,chung1,ㄔㄨㄥ1,ʈʂʰʊŋ1,U+885D
衝,chung3,ㄔㄨㄥ3,ʈʂʰʊŋ3,U+885D
衡,heng2,ㄏㄥ2,xəŋ2,U+8861
衣,i,ㄧ,i,U+8863
衣,yi1,ㄧ1,i1,U+8863
表,biau3,ㄅㄧㄠ3,piɑʊ3,U+8868
衫,shan1,ㄕㄢ1,ʂan1,U+886B
衰,cuei1,ㄘㄨㄟ1,tsʰueɪ1,U+8870
衰,shuai1,ㄕㄨㄞ1,ʂuaɪ1,U+8870
衷,zhung1,ㄓㄨㄥ1,ʈʂʊŋ1,U+8877
衹,qi2,ㄑㄧ2,tɕʰi2,U+8879
衹,zhi1,ㄓㄭ1,ʈʂɨ1,U+8879
衽,ren4,ㄖㄣ4,ʐən4,U+887D
衾,qin1,ㄑㄧㄣ1,tɕʰin1,U+887E
衿,jin1,ㄐㄧㄣ1,tɕin1,U+887F
袈,jia1,ㄐㄧㄚ1,tɕiɑ1,U+8888
袋,dai4,ㄉㄞ4,taɪ4,U+888B
袍,pau2,ㄆㄠ2,pʰɑʊ2,U+888D
袒,tan3,ㄊㄢ3,tʰan3,U+8892
袖,sieu4,ㄙㄧㄡ4,siɔʊ4,U+8896
被,bei4,ㄅㄟ4,peɪ4,U+88AB
被,pi1,ㄆㄧ1,pʰi1,U+88AB
袲,yi2,ㄧ2,i2,U+88B2
袴,ku4,ㄎㄨ4,kʰu4,U+88B4
袷,jia5,ㄐㄧㄚ5,tɕiɑ5,U+88B7
袷,jie5,ㄐㄧㄝ5,tɕiɛ5,U+88B7
袷,qia5,ㄑㄧㄚ5,tɕʰiɑ5,U+88B7
袼,go5,ㄍㄛ5,kɔ5,U+88BC
袼,lo5,ㄌㄛ5,lɔ5,U+88BC
裁,cai2,ㄘㄞ2,tsʰaɪ2,U+88C1
裂,lie5,ㄌㄧㄝ5,liɛ5,U+88C2
裓,jiai1,ㄐㄧㄞ1,,U+88D3
裔,yi4,ㄧ4,i4,U+88D4
裘,qieu2,ㄑㄧㄡ2,tɕʰiɔʊ2,U+88D8
裙,qyun2,ㄑㄩㄣ2,,U+88D9
補,bu3,ㄅㄨ3,pu3,U+88DC
裝,zhuang1,ㄓㄨㄤ1,,U+88DD
裟,sha1,ㄕㄚ1,ʂa1,U+88DF
裡,li,ㄌㄧ,li,U+88E1
裡,li3,ㄌㄧ3,li3,U+88E1
裨,bi1,ㄅㄧ1,pi1,U+88E8
裨,pi2,ㄆㄧ2,pʰi2,U+88E8
裯,cheu2,ㄔㄡ2,ʈʂʰoʊ2,U+88EF
裯,chu2,ㄔㄨ2,ʈʂʰu2,U+88EF
裯,dau1,ㄉㄠ1,tɑʊ1,U+88EF
裳,shang2,ㄕㄤ2,ʂɑŋ2,U+88F3
裹,guo3,ㄍㄨㄛ3,kuɔ3,U+88F9
裿,qi3,ㄑㄧ3,tɕʰi3,U+88FF
裿,yi3,ㄧ3,i3,U+88FF
褂,gua4,ㄍㄨㄚ4,kuɑ4,U+8902
褆,shi4,ㄕㄭ4,ʂɨ4,U+8906
複,fu5,ㄈㄨ5,fu5,U+8907
褕,yau2,ㄧㄠ2,iɑʊ2,U+8915
褕,yu2,ㄩ2,y2,U+8915
褚,chu3,ㄔㄨ3,ʈʂʰu3,U+891A
褚,zhe3,ㄓㄝ3,ʈʂɛ3,U+891A
褥,ru5,ㄖㄨ5,ʐu5,U+8925
褲,ku4,ㄎㄨ4,kʰu4,U+8932
褶,die5,ㄉㄧㄝ5,tiɛ5,U+8936
褶,zhe5,ㄓㄝ5,ʈʂɛ5,U+8936
襄,siang1,ㄙㄧㄤ1,,U+8944
襖,au3,ㄠ3,ɑʊ3,U+8956
襗,yi5,ㄧ5,i5,U+8957
襗,zheo5,ㄓㄜ5,ʈʂɤ5,U+8957
襟,jin1,ㄐㄧㄣ1,tɕin1,U+895F
襡,du5,ㄉㄨ5,tu5,U+8961
襡,shu5,ㄕㄨ5,ʂu5,U+8961
襡,teu4,ㄊㄡ4,tʰoʊ4,U+8961
襪,wa5,ㄨㄚ5,uɑ5,U+896A
襯,chen4,ㄔㄣ4,ʈʂʰən4,U+896F
西,syi,ㄙㄧ,si,U+897F
西,syi1,ㄙㄧ1,si1,U+897F
要,yau1,ㄧㄠ1,iɑʊ1,U+8981
要,yau4,ㄧㄠ4,iɑʊ4,U+8981
覃,tan2,ㄊㄢ2,tʰan2,U+8983
覆,feu4,ㄈㄡ4,foʊ4,U+8986
覆,fu5,ㄈㄨ5,fu5,U+8986
覈,heo5,ㄏㄜ5,xɤ5,U+8988
覈,xie5,ㄒㄧㄝ5,ɕiɛ5,U+8988
見,jian4,ㄐㄧㄢ4,tɕiɛn4,U+898B
見,xian4,ㄒㄧㄢ4,ɕiɛn4,U+898B
規,guei1,ㄍㄨㄟ1,kueɪ1,U+898F
覓,mi5,ㄇㄧ5,mi5,U+8993
覔,mi5,ㄇㄧ5,mi5,U+8994
覕,bi5,ㄅㄧ5,pi5,U+8995
覕,mie5,ㄇㄧㄝ5,miɛ5,U+8995
視,shi4,ㄕㄭ4,ʂɨ4,U+8996
覩,du3,ㄉㄨ3,tu3,U+89A9
親,cin,ㄘㄧㄣ,tsʰin,U+89AA
親,cin1,ㄘㄧㄣ1,tsʰin1,U+89AA
親,cin4,ㄘㄧㄣ4,tsʰin4,U+89AA
覺,jiau4,ㄐㄧㄠ4,tɕiɑʊ4,U+89BA
覺,jio5,ㄐㄧㄛ5,tɕiɔ5,U+89BA
覽,lan3,ㄌㄢ3,lan3,U+89BD
觀,guan1,ㄍㄨㄢ1,kuan1,U+89C0
觀,guan4,ㄍㄨㄢ4,kuan4,U+89C0
角,jio5,ㄐㄧㄛ5,tɕiɔ5,U+89D2
觔,jin1,ㄐㄧㄣ1,tɕin1,U+89D4
觖,jyue5,ㄐㄩㄝ5,tɕyɛ5,U+89D6
觖,kuei4,ㄎㄨㄟ4,kʰueɪ4,U+89D6
解,jiai3,ㄐㄧㄞ3,,U+89E3
解,xiai4,ㄒㄧㄞ4,,U+89E3
觥,gung1,ㄍㄨㄥ1,kʊŋ1,U+89E5
觭,ji1,ㄐㄧ1,tɕi1,U+89ED
觭,qi1,ㄑㄧ1,tɕʰi1,U+89ED
觳,hu5,ㄏㄨ5,xu5,U+89F3
觳,jio5,ㄐㄧㄛ5,tɕiɔ5,U+89F3
觳,xio5,ㄒㄧㄛ5,ɕiɔ5,U+89F3
觴,shang1,ㄕㄤ1,ʂɑŋ1,U+89F4
觸,chu5,ㄔㄨ5,ʈʂʰu5,U+89F8
訊,sin4,ㄙㄧㄣ4,sin4,U+8A0A
討,tau3,ㄊㄠ3,tʰɑʊ3,U+8A0E
訓,xyun4,ㄒㄩㄣ4,,U+8A13
訖,qi5,ㄑㄧ5,tɕʰi5,U+8A16
託,to5,ㄊㄛ5,tʰɔ5,U+8A17
記,ji4,ㄐㄧ4,tɕi4,U+8A18
訛,ngo2,ㄫㄛ2,ŋɔ2,U+8A1B
訝,ya4,ㄧㄚ4,iɑ4,U+8A1D
訟,sung4,ㄙㄨㄥ4,sʊŋ4,U+8A1F
訢,xin1,ㄒㄧㄣ1,ɕin1,U+8A22
訢,yin2,ㄧㄧㄣ2,,U+8A22
訣,jyue5,ㄐㄩㄝ5,tɕyɛ5,U+8A23
訪,fang3,ㄈㄤ3,fɑŋ3,U+8A2A
訪,fang4,ㄈㄤ4,fɑŋ4,U+8A2A
訬,chau1,ㄔㄠ1,ʈʂʰɑʊ1,U+8A2C
訬,miau3,ㄇㄧㄠ3,miɑʊ3,U+8A2C
設,she5,ㄕㄝ5,ʂɛ5,U+8A2D
許,xyu3,ㄒㄩ3,ɕy3,U+8A31
訴,su4,ㄙㄨ4,su4,U+8A34
診,zhen3,ㄓㄣ3,ʈʂən3,U+8A3A
詀,che5,ㄔㄝ5,ʈʂʰɛ5,U+8A40
詀,dian1,ㄉㄧㄢ1,tiɛn1,U+8A40
詀,zhan1,ㄓㄢ1,ʈʂan1,U+8A40
詒,dai4,ㄉㄞ4,taɪ4,U+8A52
詒,yi2,ㄧ2,i2,U+8A52
詔,zhau4,ㄓㄠ4,ʈʂɑʊ4,U+8A54
評,ping2,ㄆㄧㄥ2,,U+8A55
評,ping4,ㄆㄧㄥ4,,U+8A55
詞,ci2,ㄘㄭ2,tsʰɨ2,U+8A5E
詠,yung3,,,U+8A60
詠,yung4,,,U+8A60
詣,yi4,ㄧ4,i4,U+8A63
試,shi4,ㄕㄭ4,ʂɨ4,U+8A66
詨,jiau1,ㄐㄧㄠ1,tɕiɑʊ1,U+8A68
詨,xiau1,ㄒㄧㄠ1,ɕiɑʊ1,U+8A68
詩,shi1,ㄕㄭ1,ʂɨ1,U+8A69
詭,guei3,ㄍㄨㄟ3,kueɪ3,U+8A6D
話,hua4,ㄏㄨㄚ4,xuɑ4,U+8A71
該,gai1,ㄍㄞ1,kaɪ1,U+8A72
詳,siang2,ㄙㄧㄤ2,,U+8A73
詻,lo5,ㄌㄛ5,lɔ5,U+8A7B
詻,ngeo5,ㄫㄜ5,ŋɤ5,U+8A7B
詼,huei1,ㄏㄨㄟ1,xueɪ1,U+8A7C
誅,zhu1,ㄓㄨ1,ʈʂu1,U+8A85
誇,kua1,ㄎㄨㄚ1,kʰuɑ1,U+8A87
誒,ai4,ㄞ4,aɪ4,U+8A92
誒,ei1,ㄟ1,eɪ1,U+8A92
誒,xi1,ㄒㄧ1,ɕi1,U+8A92
誓,shi4,ㄕㄭ4,ʂɨ4,U+8A93
誕,dan4,ㄉㄢ4,tan4,U+8A95
誘,yeu4,ㄧㄡ4,iɔʊ4,U+8A98
誚,ciau4,ㄘㄧㄠ4,tsʰiɑʊ4,U+8A9A
語,yu3,ㄩ3,y3,U+8A9E
誠,cheng2,ㄔㄥ2,ʈʂʰəŋ2,U+8AA0
誠,qing2,ㄑㄧㄥ2,,U+8AA0
誡,jiai4,ㄐㄧㄞ4,,U+8AA1
誤,wu4,ㄨ4,u4,U+8AA4
誦,sung4,ㄙㄨㄥ4,sʊŋ4,U+8AA6
說,shue5,ㄕㄩㄝ5,ʂyɛ5,U+8AAA
說,shueo5,ㄕㄩㄛ5,ʂyɔ5,U+8AAA
說,shuo5,ㄕㄨㄛ5,ʂuɔ5,U+8AAA
誰,shuei2,ㄕㄨㄟ2,ʂueɪ2,U+8AB0
課,ko4,ㄎㄛ4,kʰɔ4,U+8AB2
誼,yi4,ㄧ4,i4,U+8ABC
調,diau4,ㄉㄧㄠ4,tiɑʊ4,U+8ABF
調,tiau2,ㄊㄧㄠ2,tʰiɑʊ2,U+8ABF
調,zheu1,ㄓㄡ1,ʈʂoʊ1,U+8ABF
諄,zhun1,ㄓㄨㄣ1,ʈʂuən1,U+8AC4
談,tan2,ㄊㄢ2,tʰan2,U+8AC7
請,cing3,ㄘㄧㄥ3,,U+8ACB
諒,liang2,ㄌㄧㄤ2,,U+8AD2
諒,liang4,ㄌㄧㄤ4,,U+8AD2
論,lun2,ㄌㄨㄣ2,luən2,U+8AD6
論,lun4,ㄌㄨㄣ4,luən4,U+8AD6
諗,shen3,ㄕㄣ3,ʂən3,U+8AD7
諗,xian3,ㄒㄧㄢ3,ɕiɛn3,U+8AD7
諧,xiai2,ㄒㄧㄞ2,,U+8AE7
諰,sai1,ㄙㄞ1,saɪ1,U+8AF0
諰,si3,ㄙㄭ3,sɨ3,U+8AF0
諳,an1,ㄢ1,an1,U+8AF3
諵,nan2,ㄋㄢ2,nan2,U+8AF5
諷,fung4,ㄈㄨㄥ4,fʊŋ4,U+8AF7
諸,zhe1,ㄓㄝ1,ʈʂɛ1,U+8AF8
諸,zhu1,ㄓㄨ1,ʈʂu1,U+8AF8
諾,no5,ㄋㄛ5,nɔ5,U+8AFE
謂,wei4,ㄨㄟ4,ueɪ4,U+8B02
謄,teng2,ㄊㄥ2,tʰəŋ2,U+8B04
謅,chau3,ㄔㄠ3,ʈʂʰɑʊ3,U+8B05
謅,zheu1,ㄓㄡ1,ʈʂoʊ1,U+8B05
謈,bo5,ㄅㄛ5,pɔ5,U+8B08
謈,pau2,ㄆㄠ2,pʰɑʊ2,U+8B08
謊,huang3,ㄏㄨㄤ3,,U+8B0A
謍,hung1,ㄏㄨㄥ1,xʊŋ1,U+8B0D
謍,yung2,,,U+8B0D
謔,njio5,ㄬㄧㄛ5,ɲiɔ5,U+8B14
謗,bang4,ㄅㄤ4,pɑŋ4,U+8B17
謙,qian1,ㄑㄧㄢ1,tɕʰiɛn1,U+8B19
謚,shi4,ㄕㄭ4,ʂɨ4,U+8B1A
謚,yi5,ㄧ5,i5,U+8B1A
講,jiang3,ㄐㄧㄤ3,,U+8B1B
謝,sie4,ㄙㄧㄝ4,siɛ4,U+8B1D
謠,yau2,ㄧㄠ2,iɑʊ2,U+8B20
謬,mieu4,ㄇㄧㄡ4,miɔʊ4,U+8B2C
謳,eu,ㄡ,oʊ,U+8B33
謳,eu1,ㄡ1,oʊ1,U+8B33
謳,xyu1,ㄒㄩ1,ɕy1,U+8B33
謵,che5,ㄔㄝ5,ʈʂʰɛ5,U+8B35
謹,jin3,ㄐㄧㄣ3,tɕin3,U+8B39
譏,ji1,ㄐㄧ1,tɕi1,U+8B4F
譔,cyuan1,ㄘㄩㄢ1,,U+8B54
譔,zhuan4,ㄓㄨㄢ4,ʈʂuan4,U+8B54
識,shi5,ㄕㄭ5,ʂɨ5,U+8B58
識,zhi4,ㄓㄭ4,ʈʂɨ4,U+8B58
譜,pu3,ㄆㄨ3,pʰu3,U+8B5C
譬,pi4,ㄆㄧ4,pʰi4,U+8B6C
議,yi4,ㄧ4,i4,U+8B70
譶,ta5,ㄊㄚ5,tʰa5,U+8B76
譶,zhi5,ㄓㄭ5,ʈʂɨ5,U+8B76
護,hu4,ㄏㄨ4,xu4,U+8B77
譽,yu4,ㄩ4,y4,U+8B7D
讀,deu4,ㄉㄡ4,toʊ4,U+8B80
讀,du5,ㄉㄨ5,tu5,U+8B80
變,bian4,ㄅㄧㄢ4,piɛn4,U+8B8A
讋,ta5,ㄊㄚ5,tʰa5,U+8B8B
讋,zhe5,ㄓㄝ5,ʈʂɛ5,U+8B8B
讎,cheu2,ㄔㄡ2,ʈʂʰoʊ2,U+8B8E
讐,cheu2,ㄔㄡ2,ʈʂʰoʊ2,U+8B90
讓,rang4,ㄖㄤ4,ʐɑŋ4,U+8B93
讘,re5,ㄖㄝ5,ʐɛ5,U+8B98
讘,zhe5,ㄓㄝ5,ʈʂɛ5,U+8B98
讚,zan4,ㄗㄢ4,tsan4,U+8B9A
谷,go5,ㄍㄛ5,kɔ5,U+8C37
谷,lu5,ㄌㄨ5,lu5,U+8C37
谷,yu5,ㄩ5,y5,U+8C37
豆,deu4,ㄉㄡ4,toʊ4,U+8C46
豈,qi3,ㄑㄧ3,tɕʰi3,U+8C48
豌,wan1,ㄨㄢ1,uan1,U+8C4C
豎,shu4,ㄕㄨ4,ʂu4,U+8C4E
豏,xian4,ㄒㄧㄢ4,ɕiɛn4,U+8C4F
豚,tun2,ㄊㄨㄣ2,tʰuən2,U+8C5A
象,siang4,ㄙㄧㄤ4,,U+8C61
豪,au,ㄠ,ɑʊ,U+8C6A
豪,hau2,ㄏㄠ2,xɑʊ2,U+8C6A
豬,zhu1,ㄓㄨ1,ʈʂu1,U+8C6C
豰,bo5,ㄅㄛ5,pɔ5,U+8C70
豰,hu5,ㄏㄨ5,xu5,U+8C70
豷,xi4,ㄒㄧ4,ɕi4,U+8C77
豷,yi4,ㄧ4,i4,U+8C77
豺,chai2,ㄔㄞ2,ʈʂʰaɪ2,U+8C7A
貂,diau1,ㄉㄧㄠ1,tiɑʊ1,U+8C82
貋,han4,ㄏㄢ4,xan4,U+8C8B
貋,ngan2,ㄫㄢ2,ŋan2,U+8C8B
貋,ngan4,ㄫㄢ4,ŋan4,U+8C8B
貌,mau4,ㄇㄠ4,mɑʊ4,U+8C8C
貌,mo5,ㄇㄛ5,mɔ5,U+8C8C
貍,li2,ㄌㄧ2,li2,U+8C8D
貓,mau1,ㄇㄠ1,mɑʊ1,U+8C93
貓,mau2,ㄇㄠ2,mɑʊ2,U+8C93
貝,bei4,ㄅㄟ4,peɪ4,U+8C9D
負,fu4,ㄈㄨ4,fu4,U+8CA0
財,cai2,ㄘㄞ2,tsʰaɪ2,U+8CA1
貢,gung4,ㄍㄨㄥ4,kʊŋ4,U+8CA2
貧,pin2,ㄆㄧㄣ2,pʰin2,U+8CA7
貨,huo4,ㄏㄨㄛ4,xuɔ4,U+8CA8
販,fan4,ㄈㄢ4,fan4,U+8CA9
貫,guan4,ㄍㄨㄢ4,kuan4,U+8CAB
責,zeo5,ㄗㄜ5,tsɤ5,U+8CAC
貳,er4,ㄦ4,əɻ4,U+8CB3
買,mai3,ㄇㄞ3,maɪ3,U+8CB7
貸,dai4,ㄉㄞ4,taɪ4,U+8CB8
費,fei4,ㄈㄟ4,feɪ4,U+8CBB
貼,tie5,ㄊㄧㄝ5,tʰiɛ5,U+8CBC
賀,ho4,ㄏㄛ4,xɔ4,U+8CC0
賁,fen2,ㄈㄣ2,fən2,U+8CC1
賁,pi4,ㄆㄧ4,pʰi4,U+8CC1
賂,lu4,ㄌㄨ4,lu4,U+8CC2
賃,lin4,ㄌㄧㄣ4,lin4,U+8CC3
賃,ren4,ㄖㄣ4,ʐən4,U+8CC3
資,z,ㄗ,ts,U+8CC7
資,zi1,ㄗㄭ1,tsɨ1,U+8CC7
賈,gu3,ㄍㄨ3,ku3,U+8CC8
賈,jia3,ㄐㄧㄚ3,tɕiɑ3,U+8CC8
賈,jia4,ㄐㄧㄚ4,tɕiɑ4,U+8CC8
賊,zeo5,ㄗㄜ5,tsɤ5,U+8CCA
賓,bin1,ㄅㄧㄣ1,pin1,U+8CD3
賜,si4,ㄙㄭ4,sɨ4,U+8CDC
賞,shang3,ㄕㄤ3,ʂɑŋ3,U+8CDE
賠,pei2,ㄆㄟ2,pʰeɪ2,U+8CE0
賡,geng1,ㄍㄥ1,kəŋ1,U+8CE1
賢,xian2,ㄒㄧㄢ2,ɕiɛn2,U+8CE2
賣,mai,ㄇㄞ,maɪ,U+8CE3
賣,mai4,ㄇㄞ4,maɪ4,U+8CE3
賤,zian4,ㄗㄧㄢ4,tsiɛn4,U+8CE4
賬,zhang4,ㄓㄤ4,ʈʂɑŋ4,U+8CEC
賭,du3,ㄉㄨ3,tu3,U+8CED
賴,lai4,ㄌㄞ4,laɪ4,U+8CF4
賸,sheng4,ㄕㄥ4,ʂəŋ4,U+8CF8
賸,ying4,ㄧㄧㄥ4,,U+8CF8
賺,zhuan4,ㄓㄨㄢ4,ʈʂuan4,U+8CFA
購,geu4,ㄍㄡ4,koʊ4,U+8CFC
賽,sai4,ㄙㄞ4,saɪ4,U+8CFD
贅,zhuei4,ㄓㄨㄟ4,ʈʂueɪ4,U+8D05
贈,deng1,ㄉㄥ1,təŋ1,U+8D08
贈,zeng4,ㄗㄥ4,tsəŋ4,U+8D08
贊,zan4,ㄗㄢ4,tsan4,U+8D0A
贏,ing2,ㄧㄥ2,,U+8D0F
贓,zang1,ㄗㄤ1,tsɑŋ1,U+8D13
贖,shu5,ㄕㄨ5,ʂu5,U+8D16
贛,gan4,ㄍㄢ4,kan4,U+8D1B
贛,gung4,ㄍㄨㄥ4,kʊŋ4,U+8D1B
赤,chi5,ㄔㄭ5,ʈʂʰɨ5,U+8D64
赤,cyi5,ㄘㄧ5,tsʰi5,U+8D64
赦,she4,ㄕㄝ4,ʂɛ4,U+8D66
赦,sheo4,ㄕㄜ4,ʂɤ4,U+8D66
赫,heo5,ㄏㄜ5,xɤ5,U+8D6B
走,zeu3,ㄗㄡ3,tsoʊ3,U+8D70
起,qi3,ㄑㄧ3,tɕʰi3,U+8D77
趁,chen4,ㄔㄣ4,ʈʂʰən4,U+8D81
趁,njian3,ㄬㄧㄢ3,ɲiɛn3,U+8D81
越,yue5,ㄩㄝ5,yɛ5,U+8D8A
趕,gan3,ㄍㄢ3,kan3,U+8D95
趙,zhau4,ㄓㄠ4,ʈʂɑʊ4,U+8D99
趟,tang4,ㄊㄤ4,tʰɑŋ4,U+8D9F
趟,zheng1,ㄓㄥ1,ʈʂəŋ1,U+8D9F
趣,ceu3,ㄘㄡ3,tsʰoʊ3,U+8DA3
趣,cyu4,ㄘㄩ4,tsʰy4,U+8DA3
趣,qyu4,ㄑㄩ4,tɕʰy4,U+8DA3
趨,cyu1,ㄘㄩ1,tsʰy1,U+8DA8
趨,cyu4,ㄘㄩ4,tsʰy4,U+8DA8
趯,ti5,ㄊㄧ5,tʰi5,U+8DAF
趯,yau4,ㄧㄠ4,iɑʊ4,U+8DAF
趯,yo5,ㄧㄛ5,iɔ5,U+8DAF
足,zu5,ㄗㄨ5,tsu5,U+8DB3
足,zyu4,ㄗㄩ4,tsy4,U+8DB3
趴,pa2,ㄆㄚ2,pʰa2,U+8DB4
趵,bau4,ㄅㄠ4,pɑʊ4,U+8DB5
趵,bo5,ㄅㄛ5,pɔ5,U+8DB5
趹,guei4,ㄍㄨㄟ4,kueɪ4,U+8DB9
趹,jyue5,ㄐㄩㄝ5,tɕyɛ5,U+8DB9
趼,jian3,ㄐㄧㄢ3,tɕiɛn3,U+8DBC
趼,yan4,ㄧㄢ4,iɛn4,U+8DBC
趾,zhi3,ㄓㄭ3,ʈʂɨ3,U+8DBE
跂,qi2,ㄑㄧ2,tɕʰi2,U+8DC2
跂,zhi1,ㄓㄭ1,ʈʂɨ1,U+8DC2
跅,chi5,ㄔㄭ5,ʈʂʰɨ5,U+8DC5
跅,to5,ㄊㄛ5,tʰɔ5,U+8DC5
跌,die5,ㄉㄧㄝ5,tiɛ5,U+8DCC
跑,pau2,ㄆㄠ2,pʰɑʊ2,U+8DD1
跑,pau3,ㄆㄠ3,pʰɑʊ3,U+8DD1
跕,die5,ㄉㄧㄝ5,tiɛ5,U+8DD5
跕,tie5,ㄊㄧㄝ5,tʰiɛ5,U+8DD5
跙,cie3,ㄘㄧㄝ3,tsʰiɛ3,U+8DD9
跙,zu4,ㄗㄨ4,tsu4,U+8DD9
跛,bo3,ㄅㄛ3,pɔ3,U+8DDB
跛,pi4,ㄆㄧ4,pʰi4,U+8DDB
距,jyu4,ㄐㄩ4,tɕy4,U+8DDD
跟,gen1,ㄍㄣ1,kən1,U+8DDF
跡,zyi5,ㄗㄧ5,tsi5,U+8DE1
跢,chi2,ㄔㄭ2,ʈʂʰɨ2,U+8DE2
跢,do1,ㄉㄛ1,tɔ1,U+8DE2
跣,sian3,ㄙㄧㄢ3,siɛn3,U+8DE3
跨,kua4,ㄎㄨㄚ4,kʰuɑ4,U+8DE8
路,lu4,ㄌㄨ4,lu4,U+8DEF
跳,tiau4,ㄊㄧㄠ4,tʰiɑʊ4,U+8DF3
跺,duo4,ㄉㄨㄛ4,tuɔ4,U+8DFA
踆,cun2,ㄘㄨㄣ2,tsʰuən2,U+8E06
踆,zyun1,ㄗㄩㄣ1,,U+8E06
踉,liang2,ㄌㄧㄤ2,,U+8E09
踊,yung3,,,U+8E0A
踏,ta5,ㄊㄚ5,tʰa5,U+8E0F
踐,zian4,ㄗㄧㄢ4,tsiɛn4,U+8E10
踔,chau4,ㄔㄠ4,ʈʂʰɑʊ4,U+8E14
踔,cho5,ㄔㄛ5,ʈʂʰɔ5,U+8E14
踔,zhuo5,ㄓㄨㄛ5,ʈʂuɔ5,U+8E14
踖,cio5,ㄘㄧㄛ5,tsʰiɔ5,U+8E16
踢,ti5,ㄊㄧ5,tʰi5,U+8E22
踤,cuei4,ㄘㄨㄟ4,tsʰueɪ4,U+8E24
踤,zu5,ㄗㄨ5,tsu5,U+8E24
踦,ji3,ㄐㄧ3,tɕi3,U+8E26
踦,qi1,ㄑㄧ1,tɕʰi1,U+8E26
踦,yi3,ㄧ3,i3,U+8E26
踧,cu5,ㄘㄨ5,tsʰu5,U+8E27
踹,chuai4,ㄔㄨㄞ4,ʈʂʰuaɪ4,U+8E39
踹,chuan4,ㄔㄨㄢ4,ʈʂʰuan4,U+8E39
踼,dang4,ㄉㄤ4,tɑŋ4,U+8E3C
踼,tang3,ㄊㄤ3,tʰɑŋ3,U+8E3C
踾,bi5,ㄅㄧ5,pi5,U+8E3E
踾,fu5,ㄈㄨ5,fu5,U+8E3E
蹛,dai4,ㄉㄞ4,taɪ4,U+8E5B
蹛,zhi4,ㄓㄭ4,ʈʂɨ4,U+8E5B
蹣,man2,ㄇㄢ2,man2,U+8E63
蹣,pan2,ㄆㄢ2,pʰan2,U+8E63
蹦,bung4,ㄅㄨㄥ4,pʊŋ4,U+8E66
蹪,kuei4,ㄎㄨㄟ4,kʰueɪ4,U+8E6A
蹪,tuei2,ㄊㄨㄟ2,tʰueɪ2,U+8E6A
蹲,dun1,ㄉㄨㄣ1,tuən1,U+8E72
蹲,zun2,ㄗㄨㄣ2,tsuən2,U+8E72
躁,zau4,ㄗㄠ4,tsɑʊ4,U+8E81
躇,cho5,ㄔㄛ5,ʈʂʰɔ5,U+8E87
躇,chu2,ㄔㄨ2,ʈʂʰu2,U+8E87
躉,dun3,ㄉㄨㄣ3,tuən3,U+8E89
躊,cheu2,ㄔㄡ2,ʈʂʰoʊ2,U+8E8A
躋,zyi1,ㄗㄧ1,tsi1,U+8E8B
躍,yo5,ㄧㄛ5,iɔ5,U+8E8D
躒,li5,ㄌㄧ5,li5,U+8E92
躬,gung1,ㄍㄨㄥ1,kʊŋ1,U+8EAC
躭,dan1,ㄉㄢ1,tan1,U+8EAD
躲,duo3,ㄉㄨㄛ3,tuɔ3,U+8EB2
躺,tang3,ㄊㄤ3,tʰɑŋ3,U+8EBA
軀,qyu1,ㄑㄩ1,tɕʰy1,U+8EC0
車,che1,ㄔㄝ1,ʈʂʰɛ1,U+8ECA
車,cheo1,ㄔㄜ1,ʈʂʰɤ1,U+8ECA
車,jyu1,ㄐㄩ1,tɕy1,U+8ECA
軌,guei3,ㄍㄨㄟ3,kueɪ3,U+8ECC
軍,jyun1,ㄐㄩㄣ1,,U+8ECD
軟,ruan3,ㄖㄨㄢ3,ʐuan3,U+8EDF
軵,fu4,ㄈㄨ4,fu4,U+8EF5
軵,rung3,ㄖㄨㄥ3,ʐʊŋ3,U+8EF5
軼,die5,ㄉㄧㄝ5,tiɛ5,U+8EFC
軼,yi5,ㄧ5,i5,U+8EFC
軿,peng1,ㄆㄥ1,pʰəŋ1,U+8EFF
軿,ping2,ㄆㄧㄥ2,,U+8EFF
較,jiau4,ㄐㄧㄠ4,tɕiɑʊ4,U+8F03
較,jio5,ㄐㄧㄛ5,tɕiɔ5,U+8F03
載,zai4,ㄗㄞ4,tsaɪ4,U+8F09
輛,liang4,ㄌㄧㄤ4,,U+8F1B
輝,huei1,ㄏㄨㄟ1,xueɪ1,U+8F1D
輠,hua4,ㄏㄨㄚ4,xuɑ4,U+8F20
輠,huo3,ㄏㄨㄛ3,xuɔ3,U+8F20
輦,njian3,ㄬㄧㄢ3,ɲiɛn3,U+8F26
輪,lun2,ㄌㄨㄣ2,luən2,U+8F2A
輭,ruan3,ㄖㄨㄢ3,ʐuan3,U+8F2D
輯,zyi5,ㄗㄧ5,tsi5,U+8F2F
輸,shu1,ㄕㄨ1,ʂu1,U+8F38
輾,njian4,ㄬㄧㄢ4,ɲiɛn4,U+8F3E
輾,zhan3,ㄓㄢ3,ʈʂan3,U+8F3E
轄,ho5,ㄏㄛ5,xɔ5,U+8F44
轄,xia5,ㄒㄧㄚ5,ɕiɑ5,U+8F44
轉,zhuan3,ㄓㄨㄢ3,ʈʂuan3,U+8F49
轉,zhuan4,ㄓㄨㄢ4,ʈʂuan4,U+8F49
轎,jiau4,ㄐㄧㄠ4,tɕiɑʊ4,U+8F4E
轑,lau3,ㄌㄠ3,lɑʊ3,U+8F51
轑,liau2,ㄌㄧㄠ2,liɑʊ2,U+8F51
轟,hung1,ㄏㄨㄥ1,xʊŋ1,U+8F5F
辛,sin1,ㄙㄧㄣ1,sin1,U+8F9B
辜,gu1,ㄍㄨ1,ku1,U+8F9C
辟,pi5,ㄆㄧ5,pʰi5,U+8F9F
辣,la5,ㄌㄚ5,la5,U+8FA3
辦,ban4,ㄅㄢ4,pan4,U+8FA6
辨,bian4,ㄅㄧㄢ4,piɛn4,U+8FA8
辭,ci2,ㄘㄭ2,tsʰɨ2,U+8FAD
辮,bian4,ㄅㄧㄢ4,piɛn4,U+8FAE
辯,bian4,ㄅㄧㄢ4,piɛn4,U+8FAF
辰,chen2,ㄔㄣ2,ʈʂʰən2,U+8FB0
辱,ru5,ㄖㄨ5,ʐu5,U+8FB1
農,nung2,ㄋㄨㄥ2,nʊŋ2,U+8FB2
迂,y,ㄧ,i,U+8FC2
迂,yu,ㄩ,y,U+8FC2
迂,yu1,ㄩ1,y1,U+8FC2
迂,yu2,ㄩ2,y2,U+8FC2
迄,qi5,ㄑㄧ5,tɕʰi5,U+8FC4
迋,guang3,ㄍㄨㄤ3,,U+8FCB
迋,wang4,ㄨㄤ4,,U+8FCB
迎,in2,ㄧㄣ2,in2,U+8FCE
迎,ing2,ㄧㄥ2,,U+8FCE
迓,ya4,ㄧㄚ4,iɑ4,U+8FD3
返,fan3,ㄈㄢ3,fan3,U+8FD4
迥,jyung3,ㄐㄩㄥ3,tɕyŋ3,U+8FE5
迦,jia1,ㄐㄧㄚ1,tɕiɑ1,U+8FE6
迫,beo5,ㄅㄜ5,pɤ5,U+8FEB
迫,peo5,ㄆㄜ5,pʰɤ5,U+8FEB
迭,die5,ㄉㄧㄝ5,tiɛ5,U+8FED
述,shu5,ㄕㄨ5,ʂu5,U+8FF0
迷,mi2,ㄇㄧ2,mi2,U+8FF7
迸,beng4,ㄅㄥ4,pəŋ4,U+8FF8
迹,zyi5,ㄗㄧ5,tsi5,U+8FF9
追,duei1,ㄉㄨㄟ1,tueɪ1,U+8FFD
追,zhuei1,ㄓㄨㄟ1,ʈʂueɪ1,U+8FFD
退,tuei4,ㄊㄨㄟ4,tʰueɪ4,U+9000
送,sung4,ㄙㄨㄥ4,sʊŋ4,U+9001
逃,tau2,ㄊㄠ2,tʰɑʊ2,U+9003
逆,nji5,ㄬㄧ5,ɲi5,U+9006
逍,siau1,ㄙㄧㄠ1,siɑʊ1,U+900D
透,teu4,ㄊㄡ4,tʰoʊ4,U+900F
逐,zhu5,ㄓㄨ5,ʈʂu5,U+9010
途,tu2,ㄊㄨ2,tʰu2,U+9014
這,yan4,ㄧㄢ4,iɛn4,U+9019
這,zhe4,ㄓㄝ4,ʈʂɛ4,U+9019
這,zheo4,ㄓㄜ4,ʈʂɤ4,U+9019
通,tung1,ㄊㄨㄥ1,tʰʊŋ1,U+901A
逛,guang4,ㄍㄨㄤ4,,U+901B
逝,shi4,ㄕㄭ4,ʂɨ4,U+901D
逞,cheng3,ㄔㄥ3,ʈʂʰəŋ3,U+901E
速,su5,ㄙㄨ5,su5,U+901F
造,cau1,ㄘㄠ1,tsʰɑʊ1,U+9020
造,cau4,ㄘㄠ4,tsʰɑʊ4,U+9020
造,zau4,ㄗㄠ4,tsɑʊ4,U+9020
逢,fung2,ㄈㄨㄥ2,fʊŋ2,U+9022
連,lian2,ㄌㄧㄢ2,liɛn2,U+9023
逮,dai4,ㄉㄞ4,taɪ4,U+902E
逮,ti4,ㄊㄧ4,tʰi4,U+902E
進,zin4,ㄗㄧㄣ4,tsin4,U+9032
遁,dun4,ㄉㄨㄣ4,tuən4,U+9041
遇,yu4,ㄩ4,y4,U+9047
遊,yeu2,ㄧㄡ2,iɔʊ2,U+904A
遍,bian4,ㄅㄧㄢ4,piɛn4,U+904D
過,gu,ㄍㄨ,ku,U+904E
過,guo,ㄍㄨㄛ,kuɔ,U+904E
過,guo4,ㄍㄨㄛ4,kuɔ4,U+904E
遑,huang2,ㄏㄨㄤ2,,U+9051
遒,cieu2,ㄘㄧㄡ2,tsʰiɔʊ2,U+9052
遒,zieu1,ㄗㄧㄡ1,tsiɔʊ1,U+9052
道,dau4,ㄉㄠ4,tɑʊ4,U+9053
達,da5,ㄉㄚ5,ta5,U+9054
遙,yau2,ㄧㄠ2,iɑʊ2,U+9059
遛,lieu1,ㄌㄧㄡ1,liɔʊ1,U+905B
遞,di4,ㄉㄧ4,ti4,U+905E
遠,yuan3,ㄩㄢ3,,U+9060
遣,qian3,ㄑㄧㄢ3,tɕʰiɛn3,U+9063
適,di5,ㄉㄧ5,ti5,U+9069
適,shi5,ㄕㄭ5,ʂɨ5,U+9069
遭,zau1,ㄗㄠ1,tsɑʊ1,U+906D
遮,zhe1,ㄓㄝ1,ʈʂɛ1,U+906E
遮,zheo1,ㄓㄜ1,ʈʂɤ1,U+906E
遲,chi2,ㄔㄭ2,ʈʂʰɨ2,U+9072
遲,zhi4,ㄓㄭ4,ʈʂɨ4,U+9072
遵,zun1,ㄗㄨㄣ1,tsuən1,U+9075
遷,cian1,ㄘㄧㄢ1,tsʰiɛn1,U+9077
選,syuan3,ㄙㄩㄢ3,,U+9078
遺,wei4,ㄨㄟ4,ueɪ4,U+907A
遺,yi2,ㄧ2,i2,U+907A
遼,liau2,ㄌㄧㄠ2,liɑʊ2,U+907C
遽,jyu4,ㄐㄩ4,tɕy4,U+907D
邁,mai4,ㄇㄞ4,maɪ4,U+9081
還,hai2,ㄏㄞ2,xaɪ2,U+9084
還,huan2,ㄏㄨㄢ2,xuan2,U+9084
還,syuan2,ㄙㄩㄢ2,,U+9084
邇,er3,ㄦ3,əɻ3,U+9087
邊,bian1,ㄅㄧㄢ1,piɛn1,U+908A
那,na3,ㄋㄚ3,na3,U+90A3
那,na4,ㄋㄚ4,na4,U+90A3
那,nai4,ㄋㄞ4,naɪ4,U+90A3
那,neo4,ㄋㄜ4,nɤ4,U+90A3
那,no2,ㄋㄛ2,nɔ2,U+90A3
邦,bang1,ㄅㄤ1,pɑŋ1,U+90A6
邪,sia2,ㄙㄧㄚ2,siɑ2,U+90AA
邪,sie2,ㄙㄧㄝ2,siɛ2,U+90AA
邪,syu2,ㄙㄩ2,sy2,U+90AA
邪,ye2,ㄧㄝ2,iɛ2,U+90AA
邱,qieu1,ㄑㄧㄡ1,tɕʰiɔʊ1,U+90B1
郄,xi5,ㄒㄧ5,ɕi5,U+90C4
郊,jiau1,ㄐㄧㄠ1,tɕiɑʊ1,U+90CA
郎,lang2,ㄌㄤ2,lɑŋ2,U+90CE
郗,chi1,ㄔㄭ1,ʈʂʰɨ1,U+90D7
郝,ho5,ㄏㄛ5,xɔ5,U+90DD
郡,jyun4,ㄐㄩㄣ4,,U+90E1
郭,guo5,ㄍㄨㄛ5,kuɔ5,U+90ED
都,du1,ㄉㄨ1,tu1,U+90FD
鄂,ngo5,ㄫㄛ5,ŋɔ5,U+9102
鄉,xiang1,ㄒㄧㄤ1,,U+9109
鄗,hau4,ㄏㄠ4,xɑʊ4,U+9117
鄗,qiau1,ㄑㄧㄠ1,tɕʰiɑʊ1,U+9117
鄭,zheng4,ㄓㄥ4,ʈʂəŋ4,U+912D
鄰,lin2,ㄌㄧㄣ2,lin2,U+9130
鄱,po2,ㄆㄛ2,pʰɔ2,U+9131
酉,yeu3,ㄧㄡ3,iɔʊ3,U+9149
酋,cieu2,ㄘㄧㄡ2,tsʰiɔʊ2,U+914B
酌,zho5,ㄓㄛ5,ʈʂɔ5,U+914C
配,pei4,ㄆㄟ4,pʰeɪ4,U+914D
酒,zieu3,ㄗㄧㄡ3,tsiɔʊ3,U+9152
酖,dan1,ㄉㄢ1,tan1,U+9156
酖,zhen4,ㄓㄣ4,ʈʂən4,U+9156
酥,su1,ㄙㄨ1,su1,U+9165
酬,cheu2,ㄔㄡ2,ʈʂʰoʊ2,U+916C
酵,jiau4,ㄐㄧㄠ4,tɕiɑʊ4,U+9175
酷,ku5,ㄎㄨ5,kʰu5,U+9177
酸,suan1,ㄙㄨㄢ1,suan1,U+9178
醉,zuei4,ㄗㄨㄟ4,tsueɪ4,U+9189
醋,cu4,ㄘㄨ4,tsʰu4,U+918B
醒,sing3,ㄙㄧㄥ3,,U+9192
醜,cheu3,ㄔㄡ3,ʈʂʰoʊ3,U+919C
醫,yi1,ㄧ1,i1,U+91AB
醬,ziang4,ㄗㄧㄤ4,,U+91AC
釀,njiang4,ㄬㄧㄤ4,,U+91C0
釁,xin4,ㄒㄧㄣ4,ɕin4,U+91C1
采,cai3,ㄘㄞ3,tsʰaɪ3,U+91C7
釋,shi5,ㄕㄭ5,ʂɨ5,U+91CB
重,chung2,ㄔㄨㄥ2,ʈʂʰʊŋ2,U+91CD
重,zhung4,ㄓㄨㄥ4,ʈʂʊŋ4,U+91CD
野,ye3,ㄧㄝ3,iɛ3,U+91CE
量,liang2,ㄌㄧㄤ2,,U+91CF
量,liang4,ㄌㄧㄤ4,,U+91CF
釐,li2,ㄌㄧ2,li2,U+91D0
金,jin1,ㄐㄧㄣ1,tɕin1,U+91D1
釘,ding1,ㄉㄧㄥ1,,U+91D8
釘,ding4,ㄉㄧㄥ4,,U+91D8
針,zhen1,ㄓㄣ1,ʈʂən1,U+91DD
釣,diau4,ㄉㄧㄠ4,tiɑʊ4,U+91E3
釭,gang1,ㄍㄤ1,kɑŋ1,U+91ED
釭,gung1,ㄍㄨㄥ1,kʊŋ1,U+91ED
釵,chai1,ㄔㄞ1,ʈʂʰaɪ1,U+91F5
鈃,xing2,ㄒㄧㄥ2,,U+9203
鈍,dun4,ㄉㄨㄣ4,tuən4,U+920D
鈎,geu1,ㄍㄡ1,koʊ1,U+920E
鈔,chau1,ㄔㄠ1,ʈʂʰɑʊ1,U+9214
鈕,njieu3,ㄬㄧㄡ3,ɲiɔʊ3,U+9215
鈞,jyun1,ㄐㄩㄣ1,,U+921E
鈴,ling2,ㄌㄧㄥ2,,U+9234
鈿,tian2,ㄊㄧㄢ2,tʰiɛn2,U+923F
鉄,tie5,ㄊㄧㄝ5,tʰiɛ5,U+9244
鉄,zhi5,ㄓㄭ5,ʈʂɨ5,U+9244
鉅,jyu4,ㄐㄩ4,tɕy4,U+9245
鉗,qian2,ㄑㄧㄢ2,tɕʰiɛn2,U+9257
鉛,qian1,ㄑㄧㄢ1,tɕʰiɛn1,U+925B
鉤,geu1,ㄍㄡ1,koʊ1,U+9264
鉹,yi2,ㄧ2,i2,U+9279
銀,in2,ㄧㄣ2,in2,U+9280
銀,yin2,ㄧㄧㄣ2,,U+9280
銃,chung4,ㄔㄨㄥ4,ʈʂʰʊŋ4,U+9283
銑,sian3,ㄙㄧㄢ3,siɛn3,U+9291
銖,shu2,ㄕㄨ2,ʂu2,U+9296
銘,ming2,ㄇㄧㄥ2,,U+9298
銚,diau4,ㄉㄧㄠ4,tiɑʊ4,U+929A
銚,tiau1,ㄊㄧㄠ1,tʰiɑʊ1,U+929A
銚,yau2,ㄧㄠ2,iɑʊ2,U+929A
銛,sian1,ㄙㄧㄢ1,siɛn1,U+929B
銜,xian2,ㄒㄧㄢ2,ɕiɛn2,U+929C
銳,ruei4,ㄖㄨㄟ4,ʐueɪ4,U+92B3
銷,siau1,ㄙㄧㄠ1,siɑʊ1,U+92B7
銹,sieu4,ㄙㄧㄡ4,siɔʊ4,U+92B9
鋅,sin1,ㄙㄧㄣ1,sin1,U+92C5
鋅,zi3,ㄗㄭ3,tsɨ3,U+92C5
鋖,si1,ㄙㄭ1,sɨ1,U+92D6
鋖,tuo3,ㄊㄨㄛ3,tʰuɔ3,U+92D6
鋘,hua2,ㄏㄨㄚ2,xuɑ2,U+92D8
鋤,chu2,ㄔㄨ2,ʈʂʰu2,U+92E4
鋪,pu1,ㄆㄨ1,pʰu1,U+92EA
鋪,pu4,ㄆㄨ4,pʰu4,U+92EA
鋸,jyu4,ㄐㄩ4,tɕy4,U+92F8
鋼,gang1,ㄍㄤ1,kɑŋ1,U+92FC
錄,lu5,ㄌㄨ5,lu5,U+9304
錍,bi1,ㄅㄧ1,pi1,U+930D
錍,pi1,ㄆㄧ1,pʰi1,U+930D
錐,zhuei1,ㄓㄨㄟ1,ʈʂueɪ1,U+9310
錕,kun1,ㄎㄨㄣ1,kʰuən1,U+9315
錘,chuei2,ㄔㄨㄟ2,ʈʂʰueɪ2,U+9318
錞,chun2,ㄔㄨㄣ2,ʈʂʰuən2,U+931E
錞,duei4,ㄉㄨㄟ4,tueɪ4,U+931E
錟,tan2,ㄊㄢ2,tʰan2,U+931F
錟,yan3,ㄧㄢ3,iɛn3,U+931F
錢,cian2,ㄘㄧㄢ2,tsʰiɛn2,U+9322
錣,zhuei4,ㄓㄨㄟ4,ʈʂueɪ4,U+9323
錣,zhuo5,ㄓㄨㄛ5,ʈʂuɔ5,U+9323
錦,jin3,ㄐㄧㄣ3,tɕin3,U+9326
錫,syi5,ㄙㄧ5,si5,U+932B
錯,co4,ㄘㄛ4,tsʰɔ4,U+932F
錯,co5,ㄘㄛ5,tsʰɔ5,U+932F
錯,cu4,ㄘㄨ4,tsʰu4,U+932F
鍉,di5,ㄉㄧ5,ti5,U+9349
鍉,shi1,ㄕㄭ1,ʂɨ1,U+9349
鍉,ti2,ㄊㄧ2,tʰi2,U+9349
鍋,guo1,ㄍㄨㄛ1,kuɔ1,U+934B
鍍,du4,ㄉㄨ4,tu4,U+934D
鍶,si1,ㄙㄭ1,sɨ1,U+9376
鍶,sung1,ㄙㄨㄥ1,sʊŋ1,U+9376
鍼,qian2,ㄑㄧㄢ2,tɕʰiɛn2,U+937C
鍼,zhen1,ㄓㄣ1,ʈʂən1,U+937C
鍾,zhung1,ㄓㄨㄥ1,ʈʂʊŋ1,U+937E
鎊,pang3,ㄆㄤ3,pʰɑŋ3,U+938A
鎔,yung2,,,U+9394
鎖,suo3,ㄙㄨㄛ3,suɔ3,U+9396
鎗,cheng1,ㄔㄥ1,ʈʂʰəŋ1,U+9397
鎗,ciang1,ㄘㄧㄤ1,,U+9397
鎚,chuei2,ㄔㄨㄟ2,ʈʂʰueɪ2,U+939A
鎚,duei1,ㄉㄨㄟ1,tueɪ1,U+939A
鎩,sha5,ㄕㄚ5,ʂa5,U+93A9
鎩,shai4,ㄕㄞ4,ʂaɪ4,U+93A9
鎮,zhen4,ㄓㄣ4,ʈʂən4,U+93AE
鏃,cu5,ㄘㄨ5,tsʰu5,U+93C3
鏃,zu5,ㄗㄨ5,tsu5,U+93C3
鏟,chan3,ㄔㄢ3,ʈʂʰan3,U+93DF
鏢,piau1,ㄆㄧㄠ1,pʰiɑʊ1,U+93E2
鏽,sieu4,ㄙㄧㄡ4,siɔʊ4,U+93FD
鐃,nau2,ㄋㄠ2,nɑʊ2,U+9403
鐘,zhung1,ㄓㄨㄥ1,ʈʂʊŋ1,U+9418
鐲,shu5,ㄕㄨ5,ʂu5,U+9432
鐲,zhuo5,ㄓㄨㄛ5,ʈʂuɔ5,U+9432
鐵,tie5,ㄊㄧㄝ5,tʰiɛ5,U+9435
鐶,huan2,ㄏㄨㄢ2,xuan2,U+9436
鑪,lu2,ㄌㄨ2,lu2,U+946A
鑰,yo5,ㄧㄛ5,iɔ5,U+9470
鑲,siang1,ㄙㄧㄤ1,,U+9472
鑼,lo2,ㄌㄛ2,lɔ2,U+947C
鑽,zuan1,ㄗㄨㄢ1,tsuan1,U+947D
鑽,zuan4,ㄗㄨㄢ4,tsuan4,U+947D
鑿,zuo5,ㄗㄨㄛ5,tsuɔ5,U+947F
長,chang2,ㄔㄤ2,ʈʂʰɑŋ2,U+9577
長,zhang3,ㄓㄤ3,ʈʂɑŋ3,U+9577
門,men2,ㄇㄣ2,mən2,U+9580
閂,shuan1,ㄕㄨㄢ1,ʂuan1,U+9582
開,i,ㄧ,i,U+958B
開,kai1,ㄎㄞ1,kʰaɪ1,U+958B
閏,run4,ㄖㄨㄣ4,ʐuən4,U+958F
閑,xian2,ㄒㄧㄢ2,ɕiɛn2,U+9591
閒,jian1,ㄐㄧㄢ1,tɕiɛn1,U+9592
閒,xian2,ㄒㄧㄢ2,ɕiɛn2,U+9592
間,jian1,ㄐㄧㄢ1,tɕiɛn1,U+9593
閔,min3,ㄇㄧㄣ3,min3,U+9594
閘,zha5,ㄓㄚ5,ʈʂa5,U+9598
閜,ko3,ㄎㄛ3,kʰɔ3,U+959C
閜,xia3,ㄒㄧㄚ3,ɕiɑ3,U+959C
閣,go5,ㄍㄛ5,kɔ5,U+95A3
閨,guei1,ㄍㄨㄟ1,kueɪ1,U+95A8
閱,yue5,ㄩㄝ5,yɛ5,U+95B1
閼,o5,ㄛ5,ɔ5,U+95BC
閼,yan1,ㄧㄢ1,iɛn1,U+95BC
閼,yu4,ㄩ4,y4,U+95BC
閽,hun1,ㄏㄨㄣ1,xuən1,U+95BD
闊,kue5,ㄎㄩㄝ5,kʰyɛ5,U+95CA
闊,kueo5,ㄎㄩㄛ5,kʰyɔ5,U+95CA
闊,kuo5,ㄎㄨㄛ5,kʰuɔ5,U+95CA
闔,ho5,ㄏㄛ5,xɔ5,U+95D4
闕,qyue5,ㄑㄩㄝ5,tɕʰyɛ5,U+95D5
闖,chen4,ㄔㄣ4,ʈʂʰən4,U+95D6
闖,chuang3,ㄔㄨㄤ3,,U+95D6
關,guan1,ㄍㄨㄢ1,kuan1,U+95DC
闞,han3,ㄏㄢ3,xan3,U+95DE
闞,kan4,ㄎㄢ4,kʰan4,U+95DE
闟,xi5,ㄒㄧ5,ɕi5,U+95DF
阤,shi3,ㄕㄭ3,ʂɨ3,U+9624
阤,zhi4,ㄓㄭ4,ʈʂɨ4,U+9624
阬,gang1,ㄍㄤ1,kɑŋ1,U+962C
阬,keng1,ㄎㄥ1,kʰəŋ1,U+962C
阮,yuan3,ㄩㄢ3,,U+962E
阱,zing3,ㄗㄧㄥ3,,U+9631
防,fang2,ㄈㄤ2,fɑŋ2,U+9632
阻,zu3,ㄗㄨ3,tsu3,U+963B
阽,yan2,ㄧㄢ2,iɛn2,U+963D
阿,a,ㄚ,a,U+963F
阿,a1,ㄚ1,a1,U+963F
阿,a5,ㄚ5,a5,U+963F
阿,o1,ㄛ1,ɔ1,U+963F
陀,to2,ㄊㄛ2,tʰɔ2,U+9640
陂,pi1,ㄆㄧ1,pʰi1,U+9642
陂,po1,ㄆㄛ1,pʰɔ1,U+9642
陋,leu4,ㄌㄡ4,loʊ4,U+964B
降,hang2,ㄏㄤ2,xɑŋ2,U+964D
降,jiang4,ㄐㄧㄤ4,,U+964D
降,xiang2,ㄒㄧㄤ2,,U+964D
限,i,ㄧ,i,U+9650
限,xian4,ㄒㄧㄢ4,ɕiɛn4,U+9650
陡,deu3,ㄉㄡ3,toʊ3,U+9661
除,chu2,ㄔㄨ2,ʈʂʰu2,U+9664
陪,pei2,ㄆㄟ2,pʰeɪ2,U+966A
陰,do,ㄉㄛ,tɔ,U+9670
陰,in1,ㄧㄣ1,in1,U+9670
陰,yin1,ㄧㄧㄣ1,,U+9670
陳,chen2,ㄔㄣ2,ʈʂʰən2,U+9673
陵,ling2,ㄌㄧㄥ2,,U+9675
陶,tau2,ㄊㄠ2,tʰɑʊ2,U+9676
陷,xian4,ㄒㄧㄢ4,ɕiɛn4,U+9677
陸,lu5,ㄌㄨ5,lu5,U+9678
陽,do,ㄉㄛ,tɔ,U+967D
陽,iang,ㄧㄤ,,U+967D
陽,yang2,ㄧㄤ2,,U+967D
隄,di1,ㄉㄧ1,ti1,U+9684
隅,yu2,ㄩ2,y2,U+9685
隆,lung2,ㄌㄨㄥ2,lʊŋ2,U+9686
隊,duei4,ㄉㄨㄟ4,tueɪ4,U+968A
隋,suei2,ㄙㄨㄟ2,sueɪ2,U+968B
隋,tuo3,ㄊㄨㄛ3,tʰuɔ3,U+968B
隔,geo5,ㄍㄜ5,kɤ5,U+9694
隕,yun4,,,U+9695
隙,xi5,ㄒㄧ5,ɕi5,U+9699
際,zyi4,ㄗㄧ4,tsi4,U+969B
障,zhang4,ㄓㄤ4,ʈʂɑŋ4,U+969C
隨,suei2,ㄙㄨㄟ2,sueɪ2,U+96A8
險,xian3,ㄒㄧㄢ3,ɕiɛn3,U+96AA
隱,in3,ㄧㄣ3,in3,U+96B1
隴,lung3,ㄌㄨㄥ3,lʊŋ3,U+96B4
隸,li4,ㄌㄧ4,li4,U+96B8
隻,zhi1,ㄓㄭ1,ʈʂɨ1,U+96BB
雀,cio5,ㄘㄧㄛ5,tsʰiɔ5,U+96C0
雄,xyung2,ㄒㄩㄥ2,ɕyŋ2,U+96C4
集,zyi5,ㄗㄧ5,tsi5,U+96C6
雇,gu4,ㄍㄨ4,ku4,U+96C7
雇,hu4,ㄏㄨ4,xu4,U+96C7
雊,geu4,ㄍㄡ4,koʊ4,U+96CA
雊,jyu4,ㄐㄩ4,tɕy4,U+96CA
雌,ci1,ㄘㄭ1,tsʰɨ1,U+96CC
雍,yung1,,,U+96CD
雕,diau1,ㄉㄧㄠ1,tiɑʊ1,U+96D5
雙,shuang1,ㄕㄨㄤ1,,U+96D9
雛,chu2,ㄔㄨ2,ʈʂʰu2,U+96DB
雜,za5,ㄗㄚ5,tsa5,U+96DC
雞,ji1,ㄐㄧ1,tɕi1,U+96DE
離,li2,ㄌㄧ2,li2,U+96E2
難,nan2,ㄋㄢ2,nan2,U+96E3
難,nan4,ㄋㄢ4,nan4,U+96E3
雨,yu3,ㄩ3,y3,U+96E8
雪,syue5,ㄙㄩㄝ5,syɛ5,U+96EA
雪,xue3,ㄒㄩㄝ3,ɕyɛ3,U+96EA
雲,yun2,,,U+96F2
零,ling2,ㄌㄧㄥ2,,U+96F6
雷,luei2,ㄌㄨㄟ2,lueɪ2,U+96F7
雹,bo5,ㄅㄛ5,pɔ5,U+96F9
電,dian4,ㄉㄧㄢ4,tiɛn4,U+96FB
需,syu1,ㄙㄩ1,sy1,U+9700
霄,siau1,ㄙㄧㄠ1,siɑʊ1,U+9704
霅,sa5,ㄙㄚ5,sa5,U+9705
霅,xia5,ㄒㄧㄚ5,ɕiɑ5,U+9705
霅,yi5,ㄧ5,i5,U+9705
霅,zhe5,ㄓㄝ5,ʈʂɛ5,U+9705
霆,ting2,ㄊㄧㄥ2,,U+9706
霉,mei2,ㄇㄟ2,meɪ2,U+9709
霏,fei1,ㄈㄟ1,feɪ1,U+970F
霓,nji2,ㄬㄧ2,ɲi2,U+9713
霖,lin2,ㄌㄧㄣ2,lin2,U+9716
霜,shuang1,ㄕㄨㄤ1,,U+971C
霞,xia2,ㄒㄧㄚ2,ɕiɑ2,U+971E
霰,sian4,ㄙㄧㄢ4,siɛn4,U+9730
露,lu4,ㄌㄨ4,lu4,U+9732
霸,peo5,ㄆㄜ5,pʰɤ5,U+9738
霹,pi5,ㄆㄧ5,pʰi5,U+9739
霽,zyi4,ㄗㄧ4,tsi4,U+973D
霾,mai2,ㄇㄞ2,maɪ2,U+973E
靂,li5,ㄌㄧ5,li5,U+9742
靃,huo5,ㄏㄨㄛ5,xuɔ5,U+9743
靃,suei3,ㄙㄨㄟ3,sueɪ3,U+9743
靈,ling2,ㄌㄧㄥ2,,U+9748
青,cing1,ㄘㄧㄥ1,,U+9752
青,eng,ㄥ,əŋ,U+9752
青,zing1,ㄗㄧㄥ1,,U+9752
靖,zing4,ㄗㄧㄥ4,,U+9756
靛,dian4,ㄉㄧㄢ4,tiɛn4,U+975B
靛,ding4,ㄉㄧㄥ4,,U+975B
靜,zing4,ㄗㄧㄥ4,,U+975C
非,fei1,ㄈㄟ1,feɪ1,U+975E
靡,mi3,ㄇㄧ3,mi3,U+9761
面,mian4,ㄇㄧㄢ4,miɛn4,U+9762
革,geo5,ㄍㄜ5,kɤ5,U+9769
靴,xyue1,ㄒㄩㄝ1,ɕyɛ1,U+9774
靶,ba3,ㄅㄚ3,pa3,U+9776
靶,ba4,ㄅㄚ4,pa4,U+9776
鞋,xiai2,ㄒㄧㄞ2,,U+978B
鞋,xie2,ㄒㄧㄝ2,ɕiɛ2,U+978B
鞍,an1,ㄢ1,an1,U+978D
鞠,jyu5,ㄐㄩ5,tɕy5,U+97A0
鞥,eng,ㄥ,əŋ,U+97A5
鞦,cieu1,ㄘㄧㄡ1,tsʰiɔʊ1,U+97A6
鞭,bian1,ㄅㄧㄢ1,piɛn1,U+97AD
鞴,bu4,ㄅㄨ4,pu4,U+97B4
韁,jiang1,ㄐㄧㄤ1,,U+97C1
韆,cian1,ㄘㄧㄢ1,tsʰiɛn1,U+97C6
韓,han2,ㄏㄢ2,xan2,U+97D3
音,in,ㄧㄣ,in,U+97F3
音,in1,ㄧㄣ1,in1,U+97F3
音,yin1,ㄧㄧㄣ1,,U+97F3
韶,shau2,ㄕㄠ2,ʂɑʊ2,U+97F6
韻,jyun1,ㄐㄩㄣ1,,U+97FB
韻,yun4,,,U+97FB
響,xiang3,ㄒㄧㄤ3,,U+97FF
頁,ye5,ㄧㄝ5,iɛ5,U+9801
頂,ding3,ㄉㄧㄥ3,,U+9802
頃,qing1,ㄑㄧㄥ1,,U+9803
頃,qing3,ㄑㄧㄥ3,,U+9803
項,xiang4,ㄒㄧㄤ4,,U+9805
順,shun4,ㄕㄨㄣ4,ʂuən4,U+9806
順,xyun4,ㄒㄩㄣ4,,U+9806
須,syu1,ㄙㄩ1,sy1,U+9808
頌,sung4,ㄙㄨㄥ4,sʊŋ4,U+980C
頌,yung2,,,U+980C
預,yu4,ㄩ4,y4,U+9810
頑,wan2,ㄨㄢ2,uan2,U+9811
頒,ban1,ㄅㄢ1,pan1,U+9812
頒,fen2,ㄈㄣ2,fən2,U+9812
頓,dun4,ㄉㄨㄣ4,tuən4,U+9813
頗,po1,ㄆㄛ1,pʰɔ1,U+9817
頗,po3,ㄆㄛ3,pʰɔ3,U+9817
領,ling3,ㄌㄧㄥ3,,U+9818
頜,han4,ㄏㄢ4,xan4,U+981C
頜,ho5,ㄏㄛ5,xɔ5,U+981C
頜,ko5,ㄎㄛ5,kʰɔ5,U+981C
頡,jia5,ㄐㄧㄚ5,tɕiɑ5,U+9821
頡,xie5,ㄒㄧㄝ5,ɕiɛ5,U+9821
頦,hai2,ㄏㄞ2,xaɪ2,U+9826
頫,fu3,ㄈㄨ3,fu3,U+982B
頫,tiau4,ㄊㄧㄠ4,tʰiɑʊ4,U+982B
頭,teu,ㄊㄡ,tʰoʊ,U+982D
頭,teu2,ㄊㄡ2,tʰoʊ2,U+982D
頻,pin2,ㄆㄧㄣ2,pʰin2,U+983B
顆,ko1,ㄎㄛ1,kʰɔ1,U+9846
顆,ko3,ㄎㄛ3,kʰɔ3,U+9846
顋,sai1,ㄙㄞ1,saɪ1,U+984B
額,ngeo5,ㄫㄜ5,ŋɤ5,U+984D
顑,han3,ㄏㄢ3,xan3,U+9851
願,yuan4,ㄩㄢ4,,U+9858
顙,sang3,ㄙㄤ3,sɑŋ3,U+9859
顛,dian1,ㄉㄧㄢ1,tiɛn1,U+985B
顛,tian2,ㄊㄧㄢ2,tʰiɛn2,U+985B
類,luei4,ㄌㄨㄟ4,lueɪ4,U+985E
顧,gu4,ㄍㄨ4,ku4,U+9867
顩,qian1,ㄑㄧㄢ1,tɕʰiɛn1,U+9869
顩,qin3,ㄑㄧㄣ3,tɕʰin3,U+9869
顩,yan3,ㄧㄢ3,iɛn3,U+9869
顫,shan1,ㄕㄢ1,ʂan1,U+986B
顫,zhan4,ㄓㄢ4,ʈʂan4,U+986B
顯,xian3,ㄒㄧㄢ3,ɕiɛn3,U+986F
顱,lu2,ㄌㄨ2,lu2,U+9871
風,fung1,ㄈㄨㄥ1,fʊŋ1,U+98A8
颯,li5,ㄌㄧ5,li5,U+98AF
颯,sa5,ㄙㄚ5,sa5,U+98AF
颳,gua5,ㄍㄨㄚ5,kuɑ5,U+98B3
颶,jyu4,ㄐㄩ4,tɕy4,U+98B6
颼,seu1,ㄙㄡ1,soʊ1,U+98BC
飄,piau1,ㄆㄧㄠ1,pʰiɑʊ1,U+98C4
飛,fei1,ㄈㄟ1,feɪ1,U+98DB
飛,fi1,ㄈㄧ1,fi1,U+98DB
食,shi5,ㄕㄭ5,ʂɨ5,U+98DF
食,si4,ㄙㄭ4,sɨ4,U+98DF
飢,ji1,ㄐㄧ1,tɕi1,U+98E2
飩,tun2,ㄊㄨㄣ2,tʰuən2,U+98E9
飭,chi5,ㄔㄭ5,ʈʂʰɨ5,U+98ED
飯,fan4,ㄈㄢ4,fan4,U+98EF
飲,in3,ㄧㄣ3,in3,U+98F2
飲,yin3,ㄧㄧㄣ3,,U+98F2
飲,yin4,ㄧㄧㄣ4,,U+98F2
飽,bau3,ㄅㄠ3,pɑʊ3,U+98FD
飾,shi5,ㄕㄭ5,ʂɨ5,U+98FE
餃,jiau3,ㄐㄧㄠ3,tɕiɑʊ3,U+9903
養,yang3,ㄧㄤ3,,U+990A
餌,er3,ㄦ3,əɻ3,U+990C
餐,can1,ㄘㄢ1,tsʰan1,U+9910
餑,bo5,ㄅㄛ5,pɔ5,U+9911
餓,ngo4,ㄫㄛ4,ŋɔ4,U+9913
餘,yu2,ㄩ2,y2,U+9918
餛,hun2,ㄏㄨㄣ2,xuən2,U+991B
餞,zian4,ㄗㄧㄢ4,tsiɛn4,U+991E
餡,xian4,ㄒㄧㄢ4,ɕiɛn4,U+9921
館,guan3,ㄍㄨㄢ3,kuan3,U+9928
餱,heu1,ㄏㄡ1,xoʊ1,U+9931
餱,heu2,ㄏㄡ2,xoʊ2,U+9931
餻,gau1,ㄍㄠ1,kɑʊ1,U+993B
饅,man2,ㄇㄢ2,man2,U+9945
饑,ji1,ㄐㄧ1,tɕi1,U+9951
饒,rau2,ㄖㄠ2,ʐɑʊ2,U+9952
饗,xiang3,ㄒㄧㄤ3,,U+9957
首,sheu3,ㄕㄡ3,ʂoʊ3,U+9996
香,xiang1,ㄒㄧㄤ1,,U+9999
馥,fu5,ㄈㄨ5,fu5,U+99A5
馬,ma3,ㄇㄚ3,ma3,U+99AC
馮,fung2,ㄈㄨㄥ2,fʊŋ2,U+99AE
馮,ping2,ㄆㄧㄥ2,,U+99AE
馯,han2,ㄏㄢ2,xan2,U+99AF
馯,jian1,ㄐㄧㄢ1,tɕiɛn1,U+99AF
馱,to2,ㄊㄛ2,tʰɔ2,U+99B1
馲,lo5,ㄌㄛ5,lɔ5,U+99B2
馲,to5,ㄊㄛ5,tʰɔ5,U+99B2
馲,zheo5,ㄓㄜ5,ʈʂɤ5,U+99B2
馴,syun2,ㄙㄩㄣ2,,U+99B4
馴,syun4,ㄙㄩㄣ4,,U+99B4
駁,bo5,ㄅㄛ5,pɔ5,U+99C1
駃,jyue5,ㄐㄩㄝ5,tɕyɛ5,U+99C3
駃,kuai4,ㄎㄨㄞ4,kʰuaɪ4,U+99C3
駔,zang3,ㄗㄤ3,tsɑŋ3,U+99D4
駔,zu4,ㄗㄨ4,tsu4,U+99D4
駕,jia4,ㄐㄧㄚ4,tɕiɑ4,U+99D5
駝,to2,ㄊㄛ2,tʰɔ2,U+99DD
駭,hai4,ㄏㄞ4,xaɪ4,U+99ED
駱,lo5,ㄌㄛ5,lɔ5,U+99F1
騃,ngai3,ㄫㄞ3,ŋaɪ3,U+9A03
騃,si4,ㄙㄭ4,sɨ4,U+9A03
騎,qi2,ㄑㄧ2,tɕʰi2,U+9A0E
騙,pian4,ㄆㄧㄢ4,pʰiɛn4,U+9A19
騰,teng2,ㄊㄥ2,tʰəŋ2,U+9A30
騶,cyu1,ㄘㄩ1,tsʰy1,U+9A36
騶,zheu1,ㄓㄡ1,ʈʂoʊ1,U+9A36
騷,sau1,ㄙㄠ1,sɑʊ1,U+9A37
騾,luo2,ㄌㄨㄛ2,luɔ2,U+9A3E
驅,qyu1,ㄑㄩ1,tɕʰy1,U+9A45
驕,jiau1,ㄐㄧㄠ1,tɕiɑʊ1,U+9A55
驙,tan2,ㄊㄢ2,tʰan2,U+9A59
驙,zhan1,ㄓㄢ1,ʈʂan1,U+9A59
驚,jing1,ㄐㄧㄥ1,,U+9A5A
驡,lung2,ㄌㄨㄥ2,lʊŋ2,U+9A61
驡,zang3,ㄗㄤ3,tsɑŋ3,U+9A61
驢,lyu2,ㄌㄩ2,ly2,U+9A62
骭,gan4,ㄍㄢ4,kan4,U+9AAD
骭,xian4,ㄒㄧㄢ4,ɕiɛn4,U+9AAD
骯,ang,ㄤ,ɑŋ,U+9AAF
骯,ang1,ㄤ1,ɑŋ1,U+9AAF
骯,kang3,ㄎㄤ3,kʰɑŋ3,U+9AAF
骼,geo5,ㄍㄜ5,kɤ5,U+9ABC
髁,ko1,ㄎㄛ1,kʰɔ1,U+9AC1
髁,ko4,ㄎㄛ4,kʰɔ4,U+9AC1
髁,kua3,ㄎㄨㄚ3,kʰuɑ3,U+9AC1
髒,zang1,ㄗㄤ1,tsɑŋ1,U+9AD2
髓,suei3,ㄙㄨㄟ3,sueɪ3,U+9AD3
體,ti3,ㄊㄧ3,tʰi3,U+9AD4
高,gau1,ㄍㄠ1,kɑʊ1,U+9AD8
髟,biau1,ㄅㄧㄠ1,piɑʊ1,U+9ADF
髟,shan1,ㄕㄢ1,ʂan1,U+9ADF
髣,fang3,ㄈㄤ3,fɑŋ3,U+9AE3
髪,fa5,ㄈㄚ5,fa5,U+9AEA
髮,fa5,ㄈㄚ5,fa5,U+9AEE
髳,meu2,ㄇㄡ2,moʊ2,U+9AF3
髳,mung2,ㄇㄨㄥ2,mʊŋ2,U+9AF3
髴,fu5,ㄈㄨ5,fu5,U+9AF4
髶,er4,ㄦ4,əɻ4,U+9AF6
髶,rung2,ㄖㄨㄥ2,ʐʊŋ2,U+9AF6
鬃,chuang2,ㄔㄨㄤ2,,U+9B03
鬃,zung1,ㄗㄨㄥ1,tsʊŋ1,U+9B03
鬆,sung1,ㄙㄨㄥ1,sʊŋ1,U+9B06
鬚,syu1,ㄙㄩ1,sy1,U+9B1A
鬢,bin4,ㄅㄧㄣ4,pin4,U+9B22
鬥,deu4,ㄉㄡ4,toʊ4,U+9B25
鬧,nau4,ㄋㄠ4,nɑʊ4,U+9B27
鬭,deu4,ㄉㄡ4,toʊ4,U+9B2D
鬱,yu5,ㄩ5,y5,U+9B31
鬲,geo5,ㄍㄜ5,kɤ5,U+9B32
鬲,li5,ㄌㄧ5,li5,U+9B32
鬼,guei3,ㄍㄨㄟ3,kueɪ3,U+9B3C
魁,kuei1,ㄎㄨㄟ1,kʰueɪ1,U+9B41
魁,kuei2,ㄎㄨㄟ2,kʰueɪ2,U+9B41
魂,hun2,ㄏㄨㄣ2,xuən2,U+9B42
魄,peo5,ㄆㄜ5,pʰɤ5,U+9B44
魋,tuei2,ㄊㄨㄟ2,tʰueɪ2,U+9B4B
魋,zhuei1,ㄓㄨㄟ1,ʈʂueɪ1,U+9B4B
魔,mo2,ㄇㄛ2,mɔ2,U+9B54
魚,yu2,ㄩ2,y2,U+9B5A
魧,gang1,ㄍㄤ1,kɑŋ1,U+9B67
魧,hang2,ㄏㄤ2,xɑŋ2,U+9B67
魯,lu3,ㄌㄨ3,lu3,U+9B6F
鮥,go5,ㄍㄛ5,kɔ5,U+9BA5
鮥,lo5,ㄌㄛ5,lɔ5,U+9BA5
鮧,ti2,ㄊㄧ2,tʰi2,U+9BA7
鮨,qi2,ㄑㄧ2,tɕʰi2,U+9BA8
鮨,yi4,ㄧ4,i4,U+9BA8
鮭,guei1,ㄍㄨㄟ1,kueɪ1,U+9BAD
鮭,wa1,ㄨㄚ1,uɑ1,U+9BAD
鮭,xiai2,ㄒㄧㄞ2,,U+9BAD
鮮,sian1,ㄙㄧㄢ1,siɛn1,U+9BAE
鮮,sian3,ㄙㄧㄢ3,siɛn3,U+9BAE
鯗,siang3,ㄙㄧㄤ3,,U+9BD7
鯫,cyu1,ㄘㄩ1,tsʰy1,U+9BEB
鯫,zeu2,ㄗㄡ2,tsoʊ2,U+9BEB
鰈,die5,ㄉㄧㄝ5,tiɛ5,U+9C08
鰥,guan1,ㄍㄨㄢ1,kuan1,U+9C25
鰱,lian2,ㄌㄧㄢ2,liɛn2,U+9C31
鰲,ngau2,ㄫㄠ2,ŋɑʊ2,U+9C32
鰿,zeo5,ㄗㄜ5,tsɤ5,U+9C3F
鰿,zyi5,ㄗㄧ5,tsi5,U+9C3F
鱄,lyuan4,ㄌㄩㄢ4,,U+9C44
鱄,tuan2,ㄊㄨㄢ2,tʰuan2,U+9C44
鱄,zhuan1,ㄓㄨㄢ1,ʈʂuan1,U+9C44
鱔,shan4,ㄕㄢ4,ʂan4,U+9C54
鱗,lin2,ㄌㄧㄣ2,lin2,U+9C57
鱦,meng3,ㄇㄥ3,məŋ3,U+9C66
鱦,sheng2,ㄕㄥ2,ʂəŋ2,U+9C66
鱷,ngo5,ㄫㄛ5,ŋɔ5,U+9C77
鱷,o5,ㄛ5,ɔ5,U+9C77
鱸,lu2,ㄌㄨ2,lu2,U+9C78
鳥,njiau3,ㄬㄧㄠ3,ɲiɑʊ3,U+9CE5
鳩,jieu1,ㄐㄧㄡ1,tɕiɔʊ1,U+9CE9
鳱,han4,ㄏㄢ4,xan4,U+9CF1
鳱,yan4,ㄧㄢ4,iɛn4,U+9CF1
鳴,ming2,ㄇㄧㄥ2,,U+9CF4
鳻,ban1,ㄅㄢ1,pan1,U+9CFB
鳻,fen2,ㄈㄣ2,fən2,U+9CFB
鴉,ya1,ㄧㄚ1,iɑ1,U+9D09
鴕,to2,ㄊㄛ2,tʰɔ2,U+9D15
鴛,yuan1,ㄩㄢ1,,U+9D1B
鴞,xiau1,ㄒㄧㄠ1,ɕiɑʊ1,U+9D1E
鴢,yau3,ㄧㄠ3,iɑʊ3,U+9D22
鴢,yeu4,ㄧㄡ4,iɔʊ4,U+9D22
鴦,yang1,ㄧㄤ1,,U+9D26
鴨,ya5,ㄧㄚ5,iɑ5,U+9D28
鴻,hung2,ㄏㄨㄥ2,xʊŋ2,U+9D3B
鴿,go5,ㄍㄛ5,kɔ5,U+9D3F
鵅,lo5,ㄌㄛ5,lɔ5,U+9D45
鵑,jyuan1,ㄐㄩㄢ1,,U+9D51
鵝,ngo2,ㄫㄛ2,ŋɔ2,U+9D5D
鵠,gu5,ㄍㄨ5,ku5,U+9D60
鵪,an1,ㄢ1,an1,U+9D6A
鵬,peng2,ㄆㄥ2,pʰəŋ2,U+9D6C
鵲,cio5,ㄘㄧㄛ5,tsʰiɔ5,U+9D72
鶉,chun2,ㄔㄨㄣ2,ʈʂʰuən2,U+9D89
鶩,mu5,ㄇㄨ5,mu5,U+9DA9
鶬,cang1,ㄘㄤ1,tsʰɑŋ1,U+9DAC
鶯,ing1,ㄧㄥ1,,U+9DAF
鶴,ho5,ㄏㄛ5,xɔ5,U+9DB4
鷄,ji1,ㄐㄧ1,tɕi1,U+9DC4
鷗,eu1,ㄡ1,oʊ1,U+9DD7
鷤,di4,ㄉㄧ4,ti4,U+9DE4
鷤,tan2,ㄊㄢ2,tʰan2,U+9DE4
鷹,ing,ㄧㄥ,,U+9DF9
鷹,ing1,ㄧㄥ1,,U+9DF9
鷹,ying1,ㄧㄧㄥ1,,U+9DF9
鷺,lu4,ㄌㄨ4,lu4,U+9DFA
鸚,ing1,ㄧㄥ1,,U+9E1A
鸛,guan4,ㄍㄨㄢ4,kuan4,U+9E1B
鸛,huan1,ㄏㄨㄢ1,xuan1,U+9E1B
鸞,luan2,ㄌㄨㄢ2,luan2,U+9E1E
鹵,lu3,ㄌㄨ3,lu3,U+9E75
鹹,xian2,ㄒㄧㄢ2,ɕiɛn2,U+9E79
鹽,yan1,ㄧㄢ1,iɛn1,U+9E7D
鹽,yan2,ㄧㄢ2,iɛn2,U+9E7D
鹽,yan4,ㄧㄢ4,iɛn4,U+9E7D
鹿,lu5,ㄌㄨ5,lu5,U+9E7F
麃,biau1,ㄅㄧㄠ1,piɑʊ1,U+9E83
麃,pau2,ㄆㄠ2,pʰɑʊ2,U+9E83
麃,piau3,ㄆㄧㄠ3,pʰiɑʊ3,U+9E83
麌,yu3,ㄩ3,y3,U+9E8C
麗,li2,ㄌㄧ2,li2,U+9E97
麗,li4,ㄌㄧ4,li4,U+9E97
麙,xian2,ㄒㄧㄢ2,ɕiɛn2,U+9E99
麙,yan2,ㄧㄢ2,iɛn2,U+9E99
麝,she4,ㄕㄝ4,ʂɛ4,U+9E9D
麝,sheo4,ㄕㄜ4,ʂɤ4,U+9E9D
麟,lin2,ㄌㄧㄣ2,lin2,U+9E9F
麡,chai2,ㄔㄞ2,ʈʂʰaɪ2,U+9EA1
麡,cyi2,ㄘㄧ2,tsʰi2,U+9EA1
麤,cu1,ㄘㄨ1,tsʰu1,U+9EA4
麥,meo5,ㄇㄜ5,mɤ5,U+9EA5
麫,mian4,ㄇㄧㄢ4,miɛn4,U+9EAB
麯,qyu5,ㄑㄩ5,tɕʰy5,U+9EAF
麵,mian4,ㄇㄧㄢ4,miɛn4,U+9EB5
麻,ma2,ㄇㄚ2,ma2,U+9EBB
麻,ra,ㄖㄚ,ʐa,U+9EBB
麼,ma,ㄇㄚ,ma,U+9EBC
麼,ma2,ㄇㄚ2,ma2,U+9EBC
麼,mo2,ㄇㄛ2,mɔ2,U+9EBC
黃,huang2,ㄏㄨㄤ2,,U+9EC3
黍,shu3,ㄕㄨ3,ʂu3,U+9ECD
黎,li2,ㄌㄧ2,li2,U+9ECE
黑,h,ㄏ,x,U+9ED1
黑,heo5,ㄏㄜ5,xɤ5,U+9ED1
黔,qin2,ㄑㄧㄣ2,tɕʰin2,U+9ED4
黛,dai4,ㄉㄞ4,taɪ4,U+9EDB
點,dian3,ㄉㄧㄢ3,tiɛn3,U+9EDE
黨,dang3,ㄉㄤ3,tɑŋ3,U+9EE8
黬,an4,ㄢ4,an4,U+9EEC
黬,jian1,ㄐㄧㄢ1,tɕiɛn1,U+9EEC
黮,shen4,ㄕㄣ4,ʂən4,U+9EEE
黮,tan3,ㄊㄢ3,tʰan3,U+9EEE
黽,meng3,ㄇㄥ3,məŋ3,U+9EFD
黽,ming3,ㄇㄧㄥ3,,U+9EFD
鼇,ngau2,ㄫㄠ2,ŋɑʊ2,U+9F07
鼈,bie5,ㄅㄧㄝ5,piɛ5,U+9F08
鼎,ding3,ㄉㄧㄥ3,,U+9F0E
鼕,dung1,ㄉㄨㄥ1,tʊŋ1,U+9F15
鼠,shu3,ㄕㄨ3,ʂu3,U+9F20
鼳,jyu5,ㄐㄩ5,tɕy5,U+9F33
鼳,xi5,ㄒㄧ5,ɕi5,U+9F33
鼸,qian3,ㄑㄧㄢ3,tɕʰiɛn3,U+9F38
鼸,xian4,ㄒㄧㄢ4,ɕiɛn4,U+9F38
鼻,bi5,ㄅㄧ5,pi5,U+9F3B
齊,cyi2,ㄘㄧ2,tsʰi2,U+9F4A
齊,e,ㄝ,ɛ,U+9F4A
齊,zyi4,ㄗㄧ4,tsi4,U+9F4A
齋,zhai1,ㄓㄞ1,ʈʂaɪ1,U+9F4B
齒,chi3,ㄔㄭ3,ʈʂʰɨ3,U+9F52
齡,ling2,ㄌㄧㄥ2,,U+9F61
齣,chu5,ㄔㄨ5,ʈʂʰu5,U+9F63
齦,ken3,ㄎㄣ3,kʰən3,U+9F66
齦,yin2,ㄧㄧㄣ2,,U+9F66
齪,chuo5,ㄔㄨㄛ5,ʈʂʰuɔ5,U+9F6A
齱,zheu1,ㄓㄡ1,ʈʂoʊ1,U+9F71
齱,zhu5,ㄓㄨ5,ʈʂu5,U+9F71
齶,ngo5,ㄫㄛ5,ŋɔ5,U+9F76
齷,wo5,ㄨㄛ5,uɔ5,U+9F77
龍,lung2,ㄌㄨㄥ2,lʊŋ2,U+9F8D
龍,mang2,ㄇㄤ2,mɑŋ2,U+9F8D
龐,pang2,ㄆㄤ2,pʰɑŋ2,U+9F90
龔,gung1,ㄍㄨㄥ1,kʊŋ1,U+9F94
龜,guei1,ㄍㄨㄟ1,kueɪ1,U+9F9C
龜,jyun1,ㄐㄩㄣ1,,U+9F9C
龜,qieu1,ㄑㄧㄡ1,tɕʰiɔʊ1,U+9F9C
龠,yo5,ㄧㄛ5,iɔ5,U+9FA0
龢,ho2,ㄏㄛ2,xɔ2,U+9FA2
𡩡,sho5,ㄕㄛ5,ʂɔ5,U+21A61
𡩡,suo5,ㄙㄨㄛ5,suɔ5,U+21A61
𡷨,keng1,ㄎㄥ1,kʰəŋ1,U+21DE8
𡷨,xing2,ㄒㄧㄥ2,,U+21DE8
𢬵,fan1,ㄈㄢ1,fan1,U+22B35
𢬵,pan4,ㄆㄢ4,pʰan4,U+22B35
𣣹,heo5,ㄏㄜ5,xɤ5,U+238F9
𤜂,guei4,ㄍㄨㄟ4,kueɪ4,U+24702
𤜂,wei4,ㄨㄟ4,ueɪ4,U+24702
𥉁,jyu4,ㄐㄩ4,tɕy4,U+25241
𥉁,kung3,ㄎㄨㄥ3,kʰʊŋ3,U+25241
𥥈,kung2,ㄎㄨㄥ2,kʰʊŋ2,U+25948
𥥈,ung4,ㄨㄥ4,ʊŋ4,U+25948
𥰨,chan1,ㄔㄢ1,ʈʂʰan1,U+25C28
𥰨,tan2,ㄊㄢ2,tʰan2,U+25C28
𦁕,cung1,ㄘㄨㄥ1,tsʰʊŋ1,U+26055
𦁕,zung1,ㄗㄨㄥ1,tsʊŋ1,U+26055
𩇯,bei4,ㄅㄟ4,peɪ4,U+291EF
𪁉,jiau1,ㄐㄧㄠ1,tɕiɑʊ1,U+2A049
𪁉,xiau1,ㄒㄧㄠ1,ɕiɑʊ1,U+2A049
