"chars","n"
"之",54528269
"不",30058518
"以",25934024
"而",21519370
"也",19941591
"人",19415989
"有",18939407
"其",18671269
"一",17777269
"者",16942832
"為",16693772
"曰",13347318
"於",12954279
"子",12602871
"十",11747024
"大",11110633
"無",10642113
"所",10508000
"二",10399676
"三",10254255
"中",9800123
"是",9240336
"此",9141760
"年",8980431
"上",8826789
"下",8618498
"則",8406085
"如",8120620
"天",8099803
"可",7385392
"在",7378227
"自",7355286
"王",7329764
"日",7311400
"事",7295255
"公",7286874
"故",7068329
"得",7015494
"至",6972445
"生",6956072
"四",6894767
"五",6867029
"言",6831951
"書",6824768
"行",6470487
"時",6417117
"丨",6276152
"知",6124306
"與",6055936
"山",6003262
"道",5985331
"文",5980448
"又",5939836
"月",5728790
"後",5639422
"見",5568557
"亦",5452779
"明",5242162
"出",5187865
"相",5169165
"何",5127564
"州",5045581
"名",4989318
"然",4967316
"南",4913619
"今",4854611
"作",4847027
"心",4799890
"未",4701642
"謂",4684747
"水",4657918
"用",4649187
"皆",4631357
"能",4627972
"國",4488226
"使",4458522
"百",4451395
"若",4387648
"六",4349566
"云",4336119
"正",4324969
"太",4305797
"臣",4287913
"官",4275061
"于",4272327
"來",4268662
"方",4256765
"君",4252584
"矣",4214458
"世",4206393
"東",4201527
"已",4190458
"地",4135125
"非",4095697
"成",4061678
"入",4028844
"本",3941326
"諸",3941082
"同",3911787
"西",3910773
"及",3906554
"夫",3892343
"將",3860134
"先",3773727
"分",3772969
"元",3758904
"當",3718867
"前",3696426
"士",3640302
"去",3632452
"法",3608307
"家",3569315
"安",3553618
"乃",3547396
"詩",3526132
"爲",3513021
"長",3493513
"等",3395039
"陽",3371563
"縣",3357129
"我",3350316
"軍",3334048
"多",3308048
"氏",3300457
"禮",3295722
"九",3293906
"從",3285562
"八",3262220
"門",3254519
"朝",3247537
"七",3246817
"小",3222571
"令",3195641
"復",3185466
"城",3135934
"平",3128341
"風",3117680
"萬",3101991
"帝",3082617
"即",3052029
"傳",3048181
"白",3033649
"兵",3027364
"必",3025656
"民",3011365
"外",3002343
"學",2997976
"義",2996535
"北",2967054
"金",2924646
"經",2922913
"欲",2921379
"主",2897782
"治",2864164
"或",2857908
"命",2822238
"史",2807981
"里",2786442
"因",2776281
"乎",2772747
"字",2771272
"千",2742033
"宗",2720342
"數",2716973
"石",2705796
"古",2686654
"意",2671152
"馬",2664659
"服",2649908
"師",2631862
"通",2619194
"江",2618559
"聞",2607891
"處",2596689
"司",2580893
"氣",2578503
"兩",2563379
"神",2522431
"歸",2499049
"重",2487297
"初",2450933
"武",2437003
"志",2436980
"說",2435767
"定",2430514
"春",2428702
"物",2409539
"居",2401615
"都",2394127
"立",2393148
"死",2365791
"身",2360344
"進",2340550
"常",2330021
"各",2323325
"餘",2319666
"周",2309562
"府",2309161
"間",2292708
"善",2277030
"清",2261221
"食",2259208
"漢",2245995
"應",2244661
"李",2239985
"樂",2233993
"河",2195157
"理",2190660
"取",2189818
"雖",2187893
"實",2181067
"過",2174140
"雲",2165881
"守",2152778
"和",2139373
"少",2134357
"德",2127008
"聖",2122699
"問",2077971
"合",2047817
"足",2027892
"起",2002906
"海",1995320
"部",1982850
"吾",1958616
"秋",1948887
"遂",1919320
"張",1918820
"始",1917280
"流",1915830
"論",1895940
"焉",1893509
"惟",1870729
"光",1867611
"觀",1855668
"聲",1847376
"左",1845624
"高",1843494
"尚",1841286
"盡",1835375
"父",1831687
"老",1827549
"皇",1825808
"右",1824515
"宜",1815525
"功",1814088
"陳",1813725
"祖",1813444
"侯",1805790
"黄",1799692
"女",1798528
"思",1788927
"節",1788428
"切",1787694
"既",1786842
"易",1782951
"甚",1769298
"受",1766443
"唐",1761756
"次",1756170
"色",1753563
"發",1751224
"第",1751091
"集",1722952
"花",1701135
"開",1700796
"宋",1698458
"興",1684612
"且",1680263
"卷",1675447
"難",1673525
"度",1661718
"政",1653873
"記",1644938
"異",1634128
"加",1630620
"便",1629901
"玉",1627090
"利",1626962
"請",1623102
"龍",1618319
"酒",1617677
"位",1617277
"内",1616731
"稱",1613702
"齊",1610802
"深",1608950
"章",1606752
"新",1602578
"全",1594403
"語",1588199
"林",1587949
"爾",1572479
"力",1572282
"制",1570554
"親",1567329
"舉",1531884
"猶",1529401
"按",1527288
"仁",1523232
"草",1512183
"病",1511520
"寒",1508959
"還",1507125
"首",1504896
"終",1502537
"直",1489274
"注",1483982
"求",1483875
"夜",1479268
"母",1475406
"建",1474160
"空",1473880
"廣",1473684
"孫",1471775
"修",1471041
"木",1467406
"路",1463603
"好",1460973
"豈",1460793
"止",1459537
"凡",1453118
"化",1452843
"耳",1446245
"反",1433870
"失",1432527
"任",1431776
"由",1430306
"半",1429739
"性",1427488
"舊",1423166
"郡",1420728
"田",1417336
"望",1415683
"奉",1412317
"議",1409711
"更",1408154
"賢",1407383
"往",1403085
"解",1396040
"著",1394287
"情",1382176
"致",1380606
"音",1377672
"屬",1376014
"御",1373895
"衣",1367456
"信",1367131
"口",1363358
"錢",1363232
"莫",1359334
"近",1352676
"他",1350562
"夏",1335104
"京",1334397
"土",1322156
"奏",1313015
"火",1312693
"華",1305049
"獨",1300927
"卒",1294471
"佛",1283012
"雨",1277205
"侍",1274951
"郎",1273036
"置",1271156
"真",1270850
"頭",1270727
"敢",1269799
"嘗",1269480
"遠",1267502
"晉",1267092
"弟",1260627
"益",1251742
"青",1248543
"內",1246589
"劉",1245232
"散",1244742
"每",1238106
"辭",1233719
"了",1230027
"堂",1228867
"封",1223958
"哉",1219864
"目",1219273
"動",1218198
"勝",1215504
"原",1212001
"極",1209647
"香",1208824
"手",1205839
"詔",1204727
"彼",1198404
"教",1196310
"固",1194118
"體",1188533
"變",1186954
"后",1178548
"許",1177586
"圖",1176622
"罪",1174297
"殺",1173100
"伯",1172599
"對",1172052
"孝",1170344
"要",1170332
"坐",1169919
"卿",1168846
"引",1163920
"鄭",1160155
"改",1156194
"並",1151969
"久",1147336
"徳",1144663
"祭",1130663
"为",1128808
"廟",1124514
"宣",1123096
"陵",1122444
"向",1121718
"就",1120930
"臨",1118660
"尊",1118108
"會",1113305
"遣",1112585
"忠",1111541
"代",1109406
"隨",1107971
"吏",1106818
"但",1104769
"川",1104434
"髙",1100191
"永",1094915
"面",1086257
"承",1086249
"疏",1077744
"拜",1075829
"界",1075566
"客",1074560
"羅",1067995
"賊",1066646
"象",1063728
"到",1058659
"表",1055810
"俱",1055699
"惡",1050838
"精",1048422
"車",1038701
"歲",1037026
"降",1035607
"留",1032624
"甲",1029972
"末",1024288
"載",1023774
"寧",1023501
"賜",1021195
"容",1017272
"共",1016540
"貴",1015185
"告",1015123
"才",1012886
"賦",1012624
"亂",1009921
"秦",1008989
"微",1007059
"韻",1005897
"景",1005393
"考",1002984
"業",1002965
"交",1001635
"離",998756
"盛",997174
"除",995668
"伏",990760
"執",988841
"再",986835
"似",984095
"形",979935
"星",978769
"朱",977953
"黃",977918
"比",975848
"類",973719
"殿",971961
"陰",968598
"省",966218
"眾",966055
"蓋",965118
"妻",964271
"具",962301
"靈",958895
"依",955326
"梁",953492
"別",947907
"飛",947311
"魏",946676
"送",945182
"孔",943108
"順",941405
"楚",940588
"汝",940552
"室",939995
"苦",938890
"號",937674
"喜",937257
"備",936904
"計",931456
"指",929546
"敬",928206
"典",926536
"誠",926203
"滿",924641
"丁",924566
"職",921272
"升",918787
"吳",918011
"嘉",917725
"存",915091
"趙",910465
"己",909941
"血",909136
"寺",908751
"良",907738
"儀",906804
"亡",903587
"識",903339
"視",901646
"品",901640
"徒",901472
"兼",900048
"紀",896596
"回",896066
"衛",894127
"仲",893848
"疑",891836
"戰",891512
"須",891264
"只",890496
"恩",890369
"乾",890009
"登",889671
"待",888326
"幾",887240
"落",887215
"姓",886413
"釋",885916
"果",885757
"養",884853
"濟",884324
"智",883816
"衆",883141
"轉",882601
"疾",882544
"遺",880736
"授",879568
"種",877900
"設",877876
"鄉",875912
"退",875284
"痛",873549
"參",872743
"楊",868385
"報",867574
"湖",866810
"福",864191
"獻",856823
"布",856536
"愛",856414
"逺",855244
"吉",853942
"聽",853471
"余",853071
"工",847690
"歌",845875
"的",844653
"臺",843412
"兮",841896
"連",838344
"總",838327
"遇",836636
"丹",835995
"句",835210
"斯",833417
"美",832518
"曲",826979
"持",821483
"監",820049
"邊",819170
"遷",818461
"兄",817943
"宮",817535
"察",815435
"恐",815318
"兒",813056
"保",811866
"輕",808623
"特",808381
"康",806613
"念",806297
"胡",805481
"婦",801360
"藏",800051
"飲",798081
"列",795986
"编",794824
"斷",793077
"舍",792129
"俗",790512
"宫",790016
"乘",789163
"申",787261
"辑",786243
"皮",785610
"隂",783985
"讀",781492
"尺",780889
"冬",778511
"感",775648
"願",775078
"某",774626
"遊",773937
"領",773483
"幸",772314
"破",772207
"刺",772041
"樹",771901
"泉",771407
"仙",770882
"被",769434
"葉",767838
"㑹",765347
"看",765158
"院",762120
"施",762045
"赤",761611
"期",759654
"慶",759074
"關",757399
"謝",755440
"昭",755436
"甘",753608
"素",749957
"呼",747587
"説",747102
"畫",746868
"銀",746863
"運",744308
"急",743756
"序",743606
"達",742115
"僧",740757
"两",739934
"竹",738401
"器",737349
"嚴",736507
"克",732413
"率",731915
"昌",731524
"差",730859
"徐",730404
"根",730323
"予",729091
"刑",727907
"員",727140
"曹",727138
"收",722906
"傷",722507
"邑",722265
"昔",720667
"邪",720206
"仍",715921
"气",715121
"免",714669
"无",712928
"忽",712742
"管",712266
"别",712174
"野",710604
"魯",710532
"息",709395
"牛",708774
"顧",708469
"端",708274
"藥",708229
"私",703631
"憂",703454
"推",702660
"照",702421
"營",701717
"召",701110
"廷",699047
"薩",698773
"厚",698605
"魚",697871
"延",695940
"誰",694979
"曾",694415
"勢",693441
"寶",693371
"庶",692165
"祀",690761
"孟",689931
"補",689867
"權",689721
"附",688528
"篇",688187
"結",686250
"溪",685481
"題",682492
"韓",682209
"撫",681143
"窮",681110
"崇",679382
"耶",679292
"沙",678532
"阿",676483
"湯",675953
"覺",674508
"辰",674173
"味",673425
"絶",673414
"提",673043
"廢",672821
"害",670974
"積",670339
"威",670068
"夷",667364
"雪",664735
"喪",664638
"給",664436
"虛",662867
"造",661722
"菩",661064
"杜",658604
"亭",658540
"夢",656810
"統",656694
"謀",652717
"鎮",652511
"笑",652243
"叔",651458
"越",650468
"商",649996
"庭",649031
"丸",646012
"答",645424
"戒",645370
"虚",643098
"樓",640459
"尋",640275
"宿",638531
"敗",638364
"燕",636497
"調",636443
"男",636331
"勞",636325
"庫",636164
"冠",635352
"孤",634153
"儒",634075
"繼",632590
"友",631882
"射",631296
"澤",630166
"住",629984
"蘇",629945
"辛",629758
"移",629496
"闕",628188
"滅",625033
"寸",624861
"懷",623215
"據",622291
"干",622223
"浮",621765
"攻",620816
"禁",620433
"虎",618917
"松",618537
"并",617532
"博",617450
"走",616515
"適",611787
"尤",611287
"貞",610327
"熱",609863
"紅",607275
"丞",606426
"伐",604437
"悉",604239
"丘",604099
"督",604071
"罷",602172
"最",601181
"務",599792
"波",598233
"英",597014
"示",595916
"帶",595107
"顯",594718
"休",593412
"逆",592668
"雅",591190
"贈",590919
"池",590693
"約",590532
"細",589029
"谷",587485
"量",586841
"納",585345
"咸",583524
"骨",582951
"閣",578301
"犯",576949
"嵗",576015
"陸",575755
"騎",575662
"律",574566
"洪",574151
"追",573757
"舟",573087
"那",572271
"錄",571488
"幽",571391
"副",571360
"試",570446
"驚",569396
"患",569345
"案",568554
"角",568405
"放",566369
"紫",564565
"哀",563776
"丈",563506
"淮",563331
"選",562815
"詳",562056
"筆",561379
"淨",560251
"愈",558722
"簡",558517
"唯",557100
"獲",554812
"掌",553187
"狀",550076
"源",548303
"詞",547543
"宰",545288
"雜",543931
"惠",543523
"鳥",543247
"隱",542290
"米",542085
"莊",542083
"富",541819
"忘",541720
"接",540962
"征",540473
"緣",540133
"榮",539995
"資",537266
"肉",535489
"露",533473
"妙",530717
"薄",529957
"壽",529270
"虞",527828
"陛",526669
"擊",525366
"早",523708
"乙",522757
"密",522603
"眼",521534
"泰",521294
"垂",521157
"防",520871
"寄",520536
"折",519032
"温",518868
"條",518677
"恭",515504
"羣",514756
"貢",513576
"爵",513493
"步",513341
"累",513311
"房",512570
"畢",512272
"夕",512203
"勿",511351
"賞",510554
"習",510410
"例",509442
"刻",509211
"超",506857
"季",506640
"校",506326
"午",505707
"竟",505149
"橋",504476
"尉",504445
"略",504391
"塵",504110
"役",503563
"聚",502872
"程",502407
"編",501931
"鼓",500935
"謹",498966
"郭",496936
"经",496293
"支",495986
"洞",495360
"乞",493905
"境",493618
"迎",492981
"怒",492976
"腹",491856
"質",491734
"热",491630
"齋",491514
"科",491422
"剛",490592
"枝",489477
"鳴",488904
"救",487320
"諭",486769
"判",486148
"衰",485998
"機",485183
"毛",484788
"盖",484127
"烏",482985
"殊",482632
"朕",481925
"欽",480647
"負",476823
"毒",476565
"姑",476051
"勤",475238
"靜",474881
"愚",474401
"戶",473629
"雄",472728
"巳",472419
"揚",471421
"塞",471012
"沈",471011
"這",470877
"仰",469901
"充",469709
"覆",469482
"游",469414
"域",469352
"想",469150
"豐",468541
"朔",467904
"帥",465024
"危",463525
"講",461958
"隆",460971
"增",460517
"蕭",459686
"羊",459644
"訓",458910
"桂",457708
"輔",456976
"市",456655
"井",455593
"卦",454923
"郊",454592
"熟",452334
"園",451553
"辨",451419
"葬",451173
"註",450835
"斗",448091
"族",448061
"奇",447767
"庚",447311
"则",446917
"籍",446149
"珠",446147
"墓",445650
"漸",443886
"悲",443301
"旗",442604
"奔",442380
"洛",442179
"将",441700
"假",441082
"農",440862
"敵",440640
"蜀",439642
"甫",439202
"厥",438617
"專",438594
"祠",437996
"社",437574
"誤",437460
"裏",437450
"船",436101
"薦",435586
"消",434865
"責",434150
"徵",434031
"棄",432420
"畏",431891
"供",431709
"嗣",431004
"堅",427850
"秀",426896
"賓",426718
"候",425753
"羽",425290
"財",422678
"蘭",422303
"麻",422265
"委",422105
"震",422093
"撰",421941
"仕",420807
"符",420806
"丙",420692
"鬼",419683
"效",419486
"舞",418935
"雙",418729
"碑",416834
"討",416340
"慮",415714
"梅",415592
"佐",415532
"蔡",415095
"尹",414213
"煎",413574
"赴",413106
"避",413081
"懼",413037
"個",412574
"肅",412439
"圍",412122
"吐",411543
"汗",411372
"祥",410538
"術",409653
"否",408884
"靖",408652
"獄",408468
"巡",407379
"户",406932
"維",406631
"屋",405312
"来",405006
"鳳",403439
"属",403249
"蒙",402785
"爭",402025
"你",401430
"投",401310
"僕",400939
"衡",400492
"钱",399796
"弱",398763
"竊",396517
"弗",396227
"脉",396219
"翰",395931
"寅",395582
"翁",394438
"忍",394205
"蒼",393797
"嶺",393473
"旨",392901
"邦",392408
"貧",391302
"稍",389994
"諫",389087
"助",388632
"禍",388370
"熙",388294
"駕",388051
"證",387896
"賈",387135
"黑",386610
"憲",386015
"現",385615
"壬",384750
"違",384242
"決",384099
"招",383971
"冷",383777
"禹",382548
"均",382116
"班",382096
"銘",381679
"格",380502
"村",380382
"館",379655
"黨",378829
"逐",378777
"勸",377108
"伊",376965
"戊",375914
"諱",374776
"逢",374608
"柔",374413
"采",373700
"雷",372848
"閒",372646
"醉",372177
"席",371970
"荒",371885
"背",371849
"妄",370043
"哭",369684
"慈",369533
"誅",369267
"述",368865
"鼎",368296
"録",367974
"霜",367482
"摩",366994
"策",366840
"絕",366740
"柳",366395
"歎",365726
"偏",365402
"鍾",365232
"沒",365084
"鹽",364796
"逝",363829
"索",363507
"糧",363017
"襄",362190
"旣",362143
"縱",361679
"絲",361205
"桑",360723
"曉",360283
"壁",359989
"堯",359970
"豆",359865
"倉",359835
"穆",359151
"凶",358800
"屯",358451
"際",357776
"阳",357301
"禪",357079
"芳",356970
"癸",356180
"怨",356179
"煩",356033
"翻",355616
"丑",355242
"革",355020
"牧",354821
"酉",354282
"麗",354133
"把",353061
"舜",352703
"墨",351508
"殷",350631
"洗",350273
"印",350036
"稽",349612
"童",349028
"暮",348793
"汤",347831
"戎",347739
"范",347321
"崔",345882
"頃",345758
"炒",345519
"翼",345387
"賀",344862
"費",344597
"𤣥",344327
"堪",344321
"却",343932
"壯",343376
"巖",343045
"屈",343018
"脫",342596
"愁",342490
"短",342438
"桓",342349
"振",342323
"桃",342159
"減",341905
"襲",341842
"輿",340619
"斬",340197
"玄",339903
"圓",339363
"損",337245
"傅",337017
"过",335719
"履",335561
"險",335452
"雍",335431
"卽",334478
"勇",334400
"淵",334384
"強",334286
"祝",332727
"逸",332015
"影",331695
"恨",331603
"药",331582
"贊",330816
"階",330595
"群",330537
"廬",330508
"配",330286
"渡",329961
"风",329665
"吹",328861
"葢",328563
"額",328317
"允",328107
"錦",327669
"歷",327525
"紹",327519
"陶",327246
"貫",327125
"審",326964
"旦",326516
"辟",326383
"烈",326113
"亥",325926
"續",325871
"頗",325783
"築",325631
"錫",325214
"鶴",325197
"宅",324906
"循",324862
"寡",324785
"昏",324231
"歡",323430
"晚",323078
"奴",322763
"庸",322701
"底",322172
"蜜",320824
"盤",320741
"扶",320731
"坤",320654
"龜",320559
"奪",319911
"宇",319834
"佳",319506
"詣",318522
"含",318359
"倫",317838
"寳",317655
"研",317646
"毫",317554
"阴",316977
"姜",316570
"戌",316301
"勒",315425
"惜",315245
"速",314577
"享",313906
"盜",313811
"擇",313741
"胃",312916
"煙",312628
"祿",312454
"旁",312203
"旋",311902
"吟",311021
"侵",310609
"宴",310273
"强",310063
"顔",309237
"祐",309062
"盧",308634
"式",308543
"台",308061
"占",307052
"翠",306858
"希",305268
"鐵",305214
"規",305146
"殘",304292
"刀",304282
"津",303688
"碧",303661
"遲",303118
"卯",303095
"契",302886
"忌",302850
"杖",302379
"操",302261
"卜",302215
"軒",301389
"況",301197
"跡",301163
"敎",300051
"區",298425
"竒",297598
"稷",297536
"懐",297358
"材",297057
"尾",296805
"倒",295529
"遍",294612
"介",293787
"馳",293561
"導",292878
"孰",292735
"訪",291999
"暴",291503
"寂",291464
"輒",291383
"穀",290272
"賤",290149
"純",289882
"况",289434
"豫",288965
"徑",288866
"樞",288861
"旅",288505
"盈",287644
"岸",287599
"慎",287417
"限",287400
"横",287355
"歴",287201
"巴",287049
"瑞",286949
"淸",286392
"困",285979
"檢",285920
"渠",285866
"珍",285857
"尼",285551
"茂",285528
"優",285018
"護",284834
"厯",284431
"溫",284409
"肯",284158
"弓",284048
"側",283272
"抱",282685
"屢",282265
"啟",282123
"盟",281843
"頌",281613
"脾",281437
"偶",280918
"讓",280492
"綱",280303
"㫖",280047
"彌",279929
"荆",279789
"繫",279582
"災",279385
"洲",279373
"徙",279325
"倚",279320
"兆",279165
"抵",279148
"般",279088
"隋",278875
"談",278554
"漏",278163
"攝",277720
"幼",277578
"时",277444
"寇",277268
"署",276681
"耕",275941
"卑",275933
"乗",275816
"茶",275811
"輩",274921
"輪",273226
"牙",272870
"貌",272544
"飾",272147
"該",271539
"鴻",271538
"雞",271387
"鹿",270872
"環",270810
"醫",270421
"穴",270393
"傾",270388
"揮",270244
"單",270097
"鮮",270040
"膏",269930
"肝",269173
"紛",268653
"活",268488
"寵",268391
"懸",267333
"苑",267233
"惑",266826
"係",266730
"座",266705
"沉",266302
"隔",266185
"肆",266052
"陷",265471
"慕",265332
"禦",265048
"擬",264950
"匹",264659
"啓",264334
"藝",263834
"塘",263822
"勉",263012
"寢",262530
"淳",262441
"戴",262186
"领",261450
"借",261313
"泥",260967
"卻",260682
"晝",260485
"泣",260475
"恒",259646
"肺",259265
"岳",258958
"潛",258680
"苟",258115
"項",257793
"覽",257548
"慧",257527
"闗",256666
"貪",256560
"浙",256199
"燈",255581
"謙",255499
"妃",254954
"誦",254843
"遵",254360
"琴",253907
"付",253599
"預",253419
"打",253237
"釐",253047
"眞",252842
"亮",252351
"躬",252239
"抑",252000
"葛",251963
"舒",251140
"趨",250846
"壇",250688
"遼",249985
"荷",248869
"慰",248855
"峰",248784
"韋",248082
"旌",247700
"怪",247411
"吕",246783
"詠",246744
"缺",246407
"淺",245938
"普",245930
"冊",245667
"蒲",245560
"像",245548
"停",245083
"嗚",244817
"酌",244686
"柱",244680
"发",244426
"逃",243780
"塗",243303
"悔",242991
"謁",242854
"弊",242509
"倍",242394
"基",242376
"援",242119
"獸",242112
"片",242109
"寫",242092
"彭",241677
"尸",241483
"憐",241410
"裁",240882
"悟",240681
"銅",240668
"妾",240246
"賔",239710
"徃",238970
"戲",237899
"橫",237794
"究",237524
"段",237363
"炙",237329
"話",237252
"暗",237247
"繁",237205
"浸",236817
"齒",236507
"帛",235797
"完",235768
"靡",235563
"戚",235347
"嗟",235238
"紙",234331
"頓",233274
"閉",233017
"咎",232709
"弘",232651
"鐘",232491
"簿",232487
"瞻",232317
"粟",232002
"辱",231908
"兹",231438
"矢",231271
"爻",231257
"乳",231137
"驗",231117
"豪",230939
"曽",230815
"旱",230653
"廉",228844
"呂",228200
"厲",227318
"毋",227133
"当",227014
"奠",226975
"敕",226711
"擢",226467
"俊",226227
"狂",226216
"俟",225968
"包",225909
"斤",225651
"禄",225598
"厭",225429
"束",225362
"敏",224534
"閑",224524
"巧",224389
"帖",224266
"陣",224046
"巨",223716
"拘",223596
"汁",223562
"脈",223421
"驅",223059
"曆",222756
"買",222474
"製",222367
"蕩",222214
"潤",221651
"拔",221558
"罰",221436
"董",221433
"趣",220925
"舌",220852
"辦",220793
"凝",220627
"暑",220588
"蓮",220369
"歟",220249
"局",220199
"尙",219465
"劍",219402
"鼻",219386
"錯",219238
"粉",218930
"薛",218884
"愧",217871
"藩",217498
"髮",217306
"蛇",217284
"觸",217248
"諡",217097
"燒",216803
"呉",216714
"隠",216342
"掩",215999
"俾",215688
"麥",215098
"植",215083
"从",215028
"渾",214916
"焚",214837
"夀",214617
"馮",214213
"禽",213785
"浩",213602
"貨",213545
"浦",213347
"冀",213153
"驛",213022
"點",212784
"緩",212772
"増",212325
"遭",212271
"乆",212014
"敦",211966
"巻",211506
"蕃",211485
"篤",211364
"賴",211222
"徽",210951
"叛",210902
"敷",210472
"駐",209456
"迷",209363
"激",209093
"昧",209082
"鏡",209015
"場",208198
"蟲",208046
"朋",208032
"查",207954
"融",207939
"魂",207818
"浪",207682
"赦",207650
"桐",207320
"拾",206898
"遽",206836
"衍",206458
"柴",206094
"宻",205612
"奈",205564
"烟",204847
"晴",204646
"畝",204539
"蠻",203623
"亨",203350
"互",203302
"憶",203234
"捨",203069
"畧",202957
"畜",202916
"竭",202568
"焦",202502
"鄰",202451
"途",202422
"眉",201527
"零",201468
"阻",201177
"壞",200709
"黎",200401
"衝",200361
"頂",199604
"饑",199306
"暇",199265
"脩",199080
"峯",198562
"朴",198173
"伤",197995
"胸",197667
"做",197210
"筵",197049
"晦",196931
"練",196747
"腰",196423
"旬",196415
"茅",196231
"番",195892
"霞",195339
"傍",195270
"濕",195193
"炎",194987
"顏",194973
"涼",194831
"见",194764
"穿",194225
"屏",193947
"淚",193887
"澄",193663
"返",193638
"件",193502
"飯",193490
"快",193268
"育",193054
"虜",192934
"婆",192758
"斂",192715
"磨",192662
"突",192282
"協",192161
"袁",191956
"准",191905
"奮",191734
"展",191459
"匪",191307
"輸",191175
"染",191142
"綠",190921
"俯",190857
"衞",190778
"麟",190388
"幹",190187
"牲",189965
"呈",189953
"枯",189741
"料",189703
"卧",189217
"秩",188950
"与",188657
"喻",188528
"偽",188375
"採",188180
"績",188179
"晨",188053
"迹",187869
"價",187367
"燭",187290
"参",187193
"奸",187067
"陞",187058
"殆",187053
"寛",186861
"涉",186295
"稅",186211
"儉",186013
"姚",185909
"细",185766
"斜",185330
"悠",185291
"嶽",184561
"坡",184425
"湘",184332
"晩",183890
"徹",183273
"彦",183161
"𢎞",183143
"艱",182995
"鄙",182831
"昨",182639
"寓",182562
"静",182354
"標",182273
"蔽",182032
"淫",181542
"訖",181330
"潭",181188
"㣲",181086
"枚",180925
"秘",180658
"罔",180418
"藉",180061
"夾",179813
"測",179757
"潮",179750
"聘",179721
"漫",179698
"苗",179466
"佩",179114
"裡",178782
"滋",178548
"鑑",178529
"僅",178352
"巢",178191
"鬱",178173
"擾",178073
"誓",177963
"酬",177585
"範",177241
"訶",177214
"箇",177068
"訟",176978
"秉",176936
"捕",176902
"狄",176715
"坎",176673
"苓",176668
"滑",176667
"恤",176645
"整",176576
"漁",176555
"削",176358
"痰",176266
"譬",176248
"溝",175983
"腸",175851
"弼",175776
"塔",175611
"欺",175262
"崩",175223
"健",175059
"凉",174950
"課",174897
"晏",174635
"拒",174321
"擧",174256
"披",174128
"悅",174103
"灰",173983
"疆",173728
"头",173386
"栁",173331
"粗",173313
"扵",173044
"杯",172866
"蓬",172780
"洋",172763
"踰",172676
"距",172452
"煮",172152
"慢",172133
"牽",172131
"娶",171991
"譜",171659
"宏",171657
"藻",170470
"托",170442
"冰",170249
"裕",170179
"坊",170062
"賣",170030
"版",169847
"創",169847
"胥",169656
"伍",169625
"嫁",169283
"算",169187
"灌",169002
"臥",168896
"枕",168714
"䝉",168525
"戍",168430
"涕",168312
"冒",168233
"饮",168020
"遙",167926
"産",167699
"叫",167568
"劫",167454
"乏",167433
"哈",167381
"嫌",167187
"牢",167182
"祈",167050
"肥",167032
"潔",166937
"誌",166763
"逮",166668
"妹",166002
"陀",165678
"奚",165476
"響",165444
"障",165093
"卓",165056
"梧",164699
"犬",164696
"騰",164673
"圭",164488
"羞",164174
"託",163953
"䇿",163895
"辯",163877
"实",163811
"瓊",163259
"拂",163129
"頻",162745
"泄",162320
"淡",162278
"添",162261
"数",161989
"决",161966
"凌",161887
"斥",161656
"閭",161572
"僚",161554
"崖",161473
"較",161282
"峻",161187
"隸",161089
"筋",160869
"墮",160811
"渴",160777
"毎",160667
"唱",160598
"警",160572
"冥",160554
"歐",160539
"姦",160506
"鄧",160492
"猛",160410
"割",160289
"宦",160182
"璧",160180
"荊",160111
"饒",159436
"產",159423
"翔",159090
"茲",159039
"恃",159011
"叶",159002
"滯",158816
"巾",158258
"昆",158251
"彙",158242
"幣",157957
"榖",157905
"貳",157643
"裳",157609
"什",157342
"曠",157263
"垣",156918
"油",156543
"寬",156234
"瘡",156213
"壺",156208
"砂",155939
"逼",155920
"熊",155682
"玩",155659
"泛",155634
"鑿",155335
"值",154817
"裴",154722
"芝",154348
"俄",154075
"排",154064
"陂",153924
"柏",153848
"傑",153813
"低",153568
"术",153550
"聰",153379
"板",153379
"哲",152936
"棲",152927
"僉",152777
"岐",152707
"姬",152706
"繞",152407
"憑",152173
"徴",152125
"暫",152111
"眷",152111
"叢",151856
"彈",151750
"毁",151664
"綿",151582
"繡",151400
"擁",151202
"蒸",150952
"帳",150903
"寨",150879
"鋒",150697
"迴",150542
"隅",150088
"欣",149738
"薑",149641
"輝",149453
"準",149423
"惱",149325
"幕",149187
"鸞",148945
"聊",148915
"儲",148442
"孚",148408
"囚",148387
"飄",148092
"譽",148013
"貶",147894
"系",147668
"緑",147567
"溢",147548
"瓦",147514
"誣",147512
"掃",147345
"褒",147095
"伸",146931
"碎",146858
"茯",146777
"莽",146756
"繩",146702
"胎",146663
"擒",146435
"薨",146341
"眠",146042
"狐",145824
"睡",145747
"爽",145704
"濁",145666
"銜",145562
"亟",145244
"燥",144815
"懿",144713
"嘆",144641
"跪",144633
"诸",144493
"映",144327
"𫝊",143765
"箭",143719
"鑒",143432
"霧",143155
"疎",143074
"鳯",142956
"调",142954
"墜",142901
"探",142896
"脚",142888
"恥",142752
"閱",142717
"萊",142339
"獵",142271
"團",142004
"娘",141914
"门",141885
"競",141868
"肩",141845
"掠",141642
"鋪",141456
"攸",141260
"祗",141176
"踐",141094
"閏",140952
"潘",140860
"菜",140804
"舅",140757
"迫",140743
"雀",140740
"霸",140625
"窺",140334
"級",140252
"冕",140160
"羌",139920
"併",139883
"澗",139526
"隴",139509
"宛",139065
"沿",138968
"芍",138818
"倦",138711
"汲",138572
"衙",138475
"誥",138468
"菊",138459
"億",138111
"靑",137886
"膝",137865
"遁",137849
"茫",137767
"彩",137606
"咽",137459
"島",137459
"几",136918
"滓",136796
"䕶",136777
"戈",136533
"弄",136528
"爰",135998
"岡",135910
"补",135885
"催",135683
"归",135380
"滄",135315
"荀",135212
"漕",135047
"黒",134947
"囊",134841
"毅",134790
"彰",134748
"鄕",134610
"混",134488
"裂",134419
"鑄",134302
"祇",134182
"汪",134156
"縁",134148
"慨",134059
"偃",133196
"妖",133112
"逾",132966
"杏",132902
"麼",132839
"彥",132817
"歳",132763
"捣",132760
"逕",132735
"仗",132625
"纔",132605
"齡",132516
"淑",132426
"閩",132422
"扇",132275
"疼",131883
"們",131855
"渭",131832
"織",131808
"遜",131792
"啼",131624
"脂",131402
"庵",131224
"赫",131073
"淹",130574
"妨",130525
"擅",130451
"㸃",130419
"矜",130231
"狼",129924
"𨽻",129911
"谓",129824
"膺",129730
"巽",129648
"爛",129423
"炮",129138
"些",128983
"复",128930
"陋",128928
"黍",128687
"庾",128464
"藍",128444
"偉",128379
"床",128332
"仇",128256
"譏",127990
"遥",127916
"抗",127786
"耀",127757
"層",127750
"壑",127624
"邵",127478
"歩",127447
"諦",127426
"爺",127422
"撥",127295
"拱",127147
"夙",126967
"租",126924
"梵",126639
"槃",126505
"氷",126442
"茍",126398
"揖",126234
"畿",126074
"派",125901
"昇",125782
"杭",125470
"網",125434
"潰",125387
"絳",125328
"股",125270
"措",125201
"耆",125188
"罕",125081
"謬",124998
"着",124989
"吴",124942
"嵩",124931
"截",124898
"叙",124709
"戸",124667
"溺",124251
"遞",124212
"默",124172
"弔",124162
"咨",123884
"脱",123809
"蘆",123485
"腎",123359
"禾",123056
"没",122867
"宵",122787
"捐",122724
"羲",122703
"鞭",122690
"饗",122508
"黜",122428
"陪",122109
"腫",121820
"巫",121707
"朗",121529
"臂",121478
"遐",121335
"艮",120984
"戮",120930
"貝",120772
"篆",120742
"謨",120737
"霍",120719
"聴",120600
"孺",120571
"檀",120526
"叩",120495
"驕",120435
"郞",119842
"禱",119612
"緒",119581
"迦",119306
"裘",119276
"簾",119226
"躍",119158
"鈔",119141
"婚",119094
"匡",118920
"霄",118920
"液",118884
"泊",118790
"姊",118771
"顛",118694
"壤",118481
"釣",118416
"巷",118388
"演",118223
"䘮",118213
"敘",118103
"乖",118074
"涯",118049
"蠶",117829
"括",117784
"詐",117709
"恕",117680
"祚",117624
"减",117488
"婢",117280
"毀",116935
"播",116689
"嬰",116550
"争",116500
"虧",116500
"鴈",116464
"酸",116327
"頒",116028
"劾",115989
"榜",115789
"雁",115548
"挾",115529
"飢",115422
"隊",115332
"暖",115286
"忙",115282
"詢",115105
"㡬",115081
"勘",115070
"憤",115065
"栗",115054
"寜",115027
"稟",114861
"挽",114456
"綏",114374
"俸",114300
"邉",114148
"豹",114134
"堤",114050
"斛",114028
"綸",113953
"聯",113615
"軾",113608
"艾",113575
"耿",113539
"認",113384
"牆",113209
"牡",113147
"膽",112940
"症",112903
"漆",112870
"礙",112855
"析",112805
"誘",112494
"瓜",112480
"睿",112346
"喉",112330
"跋",112151
"证",112080
"怠",112060
"竇",112026
"随",111751
"軌",111670
"疮",111625
"俞",111470
"俎",111175
"屠",111102
"募",111083
"蓄",110990
"肾",110985
"枉",110912
"陜",110850
"纂",110810
"菴",110804
"邀",110781
"稀",110659
"貽",110602
"街",110547
"䟽",110362
"喬",110336
"訴",110269
"換",110164
"袖",110045
"疊",110030
"僖",110005
"誕",109915
"促",109623
"肖",109584
"勾",109491
"替",109419
"陟",109373
"姿",109311
"熈",109274
"賑",109169
"韶",109114
"諒",108963
"禎",108868
"鎭",108826
"盗",108670
"祕",108658
"叅",108569
"飽",108422
"繇",108307
"髪",108302
"懇",108204
"刃",108203
"肌",107910
"肿",107769
"匠",107759
"曷",107713
"弁",107689
"湿",107632
"餉",107551
"处",107479
"冲",107345
"涇",107203
"捷",107201
"駭",107140
"搖",107128
"勅",107126
"墳",107052
"闊",107033
"雕",106889
"壓",106865
"鱗",106841
"勲",106785
"儿",106714
"喘",106695
"书",106614
"狗",106584
"逹",106566
"勵",106422
"浴",106415
"矯",106361
"魁",106327
"伴",106251
"款",106251
"閔",106020
"漠",105960
"濫",105758
"亞",105690
"柄",105537
"濤",105489
"籠",105432
"连",105368
"箋",105357
"劇",105331
"雉",105328
"勳",105296
"樊",105286
"誼",105200
"锉",104788
"郁",104708
"洽",104646
"綺",104479
"絡",104477
"疇",104375
"埋",104367
"箕",104352
"抄",104179
"𠉀",103939
"摧",103832
"犀",103784
"廵",103703
"峽",103589
"湛",103563
"橘",103350
"薪",103304
"猷",103258
"銷",103080
"沛",103072
"賁",103027
"臧",102710
"堡",102679
"緯",102672
"牀",102325
"涅",102177
"攜",102155
"瀆",102063
"函",102019
"攀",102009
"賛",101937
"醒",101916
"瑟",101673
"鮑",101597
"縛",101589
"暢",101348
"浚",101067
"棗",100891
"膚",100850
"棺",100838
"壘",100799
"邇",100776
"核",100769
"沐",100712
"彊",100634
"需",100315
"囘",100131
"樵",100069
"評",100015
"匿",99984
"臯",99934
"舎",99855
"裔",99788
"觴",99758
"隻",99726
"暉",99724
"偕",99676
"沃",99620
"盞",99565
"牒",99203
"叟",99184
"椒",99148
"弦",99007
"鼠",98829
"灑",98714
"紳",98633
"幅",98569
"梓",98483
"阜",98438
"粒",98401
"肇",98309
"電",98288
"瘦",98278
"挺",98273
"灸",98162
"絹",98146
"握",97934
"謫",97903
"詰",97834
"屍",97741
"耗",97725
"焙",97510
"嗜",97434
"弑",97431
"眀",97423
"裹",97399
"壅",97336
"拙",97289
"襟",96706
"譯",96693
"隙",96542
"宸",96532
"朽",96418
"闢",96333
"遮",96325
"冦",96323
"檄",96282
"衢",96281
"逰",96195
"梗",95857
"模",95838
"憚",95646
"魄",95551
"沮",95540
"筮",95407
"泻",95374
"棘",95198
"汴",95132
"圃",95123
"乍",95066
"竄",95062
"应",95060
"喚",95025
"勃",94982
"構",94936
"泗",94788
"恶",94675
"粥",94613
"斧",94498
"悼",94418
"肢",94388
"批",94367
"沖",94310
"槐",94255
"邁",94065
"爐",93980
"满",93763
"稼",93721
"隣",93431
"扁",93405
"恣",93309
"吞",93277
"誨",93269
"膠",93074
"縮",93034
"伽",93009
"苔",92999
"长",92905
"輯",92865
"曜",92858
"稻",92843
"膳",92838
"覩",92541
"碩",92532
"飭",92296
"渚",92267
"壹",92147
"芒",91904
"芩",91896
"複",91677
"奕",91353
"姪",91289
"芎",91265
"㠯",91098
"鈞",90963
"綴",90957
"醜",90912
"敝",90885
"悦",90801
"芻",90608
"脏",90605
"蔣",90533
"倘",90455
"瀉",90303
"寥",90226
"袍",90226
"戀",90152
"盏",90011
"畔",89987
"捧",89927
"線",89865
"岑",89848
"輦",89845
"裝",89843
"黙",89823
"欠",89814
"矩",89779
"搜",89715
"寐",89661
"札",89624
"醋",89545
"窗",89329
"陈",89293
"濬",89265
"罵",89226
"偈",89175
"噫",89013
"姐",88978
"潁",88974
"侈",88915
"疲",88756
"邱",88706
"倡",88619
"汾",88609
"慚",88597
"樽",88567
"劑",88490
"论",88457
"帷",88455
"架",88454
"腑",88447
"尖",88360
"確",88338
"梨",88270
"结",88152
"穎",87931
"悶",87886
"阮",87741
"佞",87733
"灣",87674
"莖",87672
"蹈",87617
"珪",87540
"喇",87450
"央",87437
"謗",87325
"籌",87287
"屑",87221
"掛",87204
"国",87093
"態",87080
"貯",87062
"棟",87049
"哥",87005
"甸",86910
"榆",86770
"勁",86633
"癡",86609
"蹇",86558
"紂",86554
"軸",86483
"鄒",86407
"麾",86201
"怕",86195
"夭",86099
"亷",86082
"动",86049
"昊",85589
"旺",85363
"悵",85361
"諾",85241
"稿",85214
"濯",85180
"臭",85099
"綬",84972
"匈",84934
"竝",84919
"透",84880
"森",84854
"懲",84831
"虹",84722
"魔",84594
"藤",84441
"沸",84415
"枳",84385
"戾",84309
"饌",84202
"閻",84132
"店",84121
"蠲",84077
"澹",83907
"劄",83744
"蟬",83688
"萌",83668
"僻",83654
"盆",83651
"牌",83595
"杞",83572
"倭",83544
"騷",83482
"饋",83380
"翟",83362
"臘",83345
"痢",83255
"控",83210
"銓",83181
"笙",83131
"粹",83081
"间",82968
"糾",82937
"难",82921
"鄂",82835
"徧",82748
"鬢",82530
"罗",82458
"穢",82429
"蕪",82420
"覲",82321
"磬",82293
"醴",82232
"睦",82102
"坦",82064
"吃",81918
"押",81886
"衷",81805
"怎",81789
"闔",81782
"佑",81689
"貸",81670
"媚",81580
"歇",81476
"樣",81413
"輙",81407
"扈",81337
"恢",81332
"鉤",81327
"斑",81208
"冤",81194
"甞",81191
"躁",81130
"羸",80933
"緊",80826
"敖",80804
"蓉",80600
"谿",80553
"咳",80498
"揆",80426
"歿",80400
"濡",80354
"揭",80324
"猪",80268
"烦",80161
"棠",80077
"臟",79966
"銳",79838
"圗",79834
"掖",79833
"慘",79803
"涵",79798
"諧",79786
"鳩",79783
"詹",79722
"伺",79699
"奢",79659
"祔",79653
"喧",79584
"抽",79438
"灘",79424
"丕",79335
"胄",79174
"填",79168
"翳",79160
"専",78882
"拉",78822
"煥",78713
"劒",78691
"幷",78663
"劣",78583
"港",78424
"訛",78378
"陝",78332
"豕",78284
"閤",78284
"腳",78218
"虐",77892
"縷",77814
"瓶",77808
"廊",77770
"滴",77752
"脅",77742
"訣",77722
"惶",77667
"邸",77652
"垢",77570
"狹",77528
"葵",77479
"姻",77444
"僭",77396
"另",77368
"鷹",77339
"煉",77332
"崑",77305
"鵲",77270
"拳",77242
"节",77153
"邢",77051
"蔚",76953
"遏",76942
"粲",76936
"璽",76872
"庠",76843
"轅",76789
"须",76697
"嘯",76609
"讚",76592
"愼",76591
"婁",76447
"据",76398
"圣",76388
"岩",76350
"楹",76347
"濃",76180
"壮",76098
"忿",76019
"偷",75972
"冶",75943
"奄",75904
"轍",75861
"拿",75457
"隄",75441
"鄴",75409
"麓",75392
"开",75359
"麝",75349
"漳",75334
"廳",75242
"漿",75167
"脊",75043
"纓",74959
"淪",74940
"祁",74912
"噶",74813
"儼",74520
"療",74463
"传",74342
"税",74320
"恵",74254
"邕",74241
"军",74145
"猿",74067
"筠",74051
"虽",74002
"皓",73967
"东",73952
"沾",73951
"晋",73915
"踏",73735
"剪",73706
"荅",73694
"霽",73531
"絃",73500
"翩",73484
"笛",73450
"閲",73233
"鼔",73150
"计",73050
"邾",72991
"貼",72962
"衮",72922
"挑",72851
"駿",72781
"頤",72724
"軫",72635
"幻",72615
"宥",72615
"臾",72592
"廩",72446
"蔓",72425
"蹟",72315
"轄",72295
"趾",72245
"亢",72222
"輟",72207
"硯",72198
"体",72109
"綽",72086
"芙",71968
"鞍",71854
"炳",71825
"諷",71787
"効",71746
"鷄",71739
"璋",71729
"炭",71681
"录",71610
"尽",71540
"弛",71526
"奎",71464
"邈",71414
"廓",71382
"馭",71326
"禀",71306
"摘",71284
"殯",71203
"惻",71198
"竿",71128
"隘",71118
"簷",71058
"柯",71055
"灼",71015
"蹤",71007
"訊",70948
"翊",70905
"腐",70882
"纖",70821
"蘊",70774
"状",70729
"踈",70724
"恪",70614
"肠",70609
"疋",70555
"睹",70551
"站",70522
"讒",70456
"积",70353
"璞",70333
"瑤",70311
"株",70306
"义",70238
"淋",70162
"技",70114
"帆",70104
"龙",70031
"讎",69995
"懋",69857
"牟",69757
"頑",69743
"鎖",69648
"兔",69613
"怯",69608
"簫",69459
"閨",69328
"愆",69320
"妣",69311
"濱",69235
"羈",69232
"慟",69200
"酋",69102
"凍",69100
"搗",69100
"郢",69070
"冢",69057
"侮",69047
"驟",68969
"埃",68939
"怡",68893
"膈",68807
"搏",68773
"惕",68720
"禘",68647
"嫡",68617
"万",68509
"堰",68503
"辜",68501
"詭",68461
"贖",68428
"滕",68332
"皂",68322
"吝",68299
"腦",68297
"鬚",68215
"楷",68212
"糊",68208
"蜂",68170
"榻",68167
"琳",68079
"蛟",68072
"慙",68033
"恬",67963
"羨",67913
"莒",67907
"弩",67894
"籬",67864
"墻",67850
"徇",67845
"愍",67841
"誇",67585
"悖",67515
"酣",67513
"捉",67511
"齎",67476
"圜",67475
"聳",67460
"檜",67413
"歛",67412
"繆",67367
"勑",67341
"踵",67323
"芥",67172
"萃",67162
"瞿",67110
"嗽",66958
"郵",66955
"鶯",66944
"譚",66825
"忝",66816
"玆",66799
"劳",66637
"𤓰",66204
"觧",66051
"償",66025
"塲",66011
"綵",66007
"妇",65958
"彬",65936
"針",65921
"潜",65874
"陌",65830
"漲",65799
"暨",65779
"繪",65671
"昂",65628
"酷",65609
"槩",65539
"跨",65357
"逋",65313
"闌",65300
"軟",65215
"坑",65182
"冉",65086
"樸",65002
"喀",64992
"墟",64825
"岱",64818
"賂",64813
"匕",64753
"窟",64708
"嘔",64691
"仆",64680
"贍",64611
"湧",64506
"册",64411
"痘",64303
"产",64295
"鵠",64218
"琅",64173
"爪",64140
"忤",63926
"桀",63908
"葱",63768
"繹",63622
"械",63522
"蹄",63458
"鉅",63449
"簪",63365
"渺",63363
"兢",63295
"掘",63280
"杳",63152
"概",63129
"煌",63044
"欄",62860
"吸",62843
"撓",62784
"勺",62733
"謚",62726
"跳",62606
"糴",62543
"豁",62508
"詎",62492
"迄",62411
"傲",62389
"兀",62383
"巍",62342
"问",62339
"𦵏",62328
"黔",62254
"彝",62207
"歆",62175
"霖",62153
"欵",62070
"厄",61829
"堆",61824
"迪",61796
"柩",61738
"迭",61663
"熒",61559
"蘿",61490
"匀",61396
"塊",61385
"掾",61367
"凰",61366
"濮",61302
"熏",61245
"鐸",61240
"皎",61235
"茹",61191
"徊",61188
"牘",61173
"鬥",61115
"杵",61076
"乂",61028
"攘",60877
"撤",60872
"闈",60807
"痕",60727
"薰",60720
"𩔖",60705
"紗",60481
"驍",60458
"驢",60450
"涎",60420
"輅",60405
"彖",60361
"遑",60338
"壊",60301
"潞",60225
"瀛",60198
"剉",60155
"沂",60107
"鞠",60039
"虫",60016
"骸",59949
"瑜",59904
"妓",59903
"瑩",59896
"餓",59893
"隕",59800
"㳺",59798
"渙",59788
"滌",59747
"个",59595
"擲",59542
"极",59515
"峙",59511
"狩",59489
"马",59274
"兌",59232
"攷",59221
"頸",59208
"闇",59186
"鬻",59179
"廻",59174
"娥",59081
"従",59066
"箴",59018
"懈",59004
"秒",58997
"臻",58993
"呵",58945
"䖍",58902
"釁",58892
"疫",58819
"鵬",58716
"栢",58647
"剖",58606
"寃",58561
"芬",58511
"滔",58503
"怖",58386
"韜",58213
"屨",58195
"㕘",58189
"洩",58141
"稚",58132
"禧",58091
"变",58060
"涂",58035
"綜",58010
"蹕",57969
"嶠",57959
"迺",57945
"驪",57938
"闡",57893
"蔬",57853
"蠱",57809
"梯",57792
"閘",57779
"蝶",57739
"拯",57731
"毗",57669
"鉞",57497
"靣",57489
"牖",57487
"寰",57424
"渥",57303
"熾",57243
"雌",57233
"匱",57218
"堵",57076
"扣",57055
"纎",56973
"烹",56878
"刪",56840
"琦",56826
"关",56784
"胜",56747
"濶",56734
"儻",56723
"槍",56713
"芦",56707
"嬌",56647
"蒿",56564
"組",56509
"凱",56397
"縫",56341
"餅",56336
"吁",56311
"硬",56310
"孜",56304
"飮",56155
"汀",56113
"竺",56107
"址",56054
"倪",56044
"貲",56040
"遯",56035
"脹",56011
"皋",55996
"进",55933
"逵",55910
"剂",55906
"帽",55851
"擔",55827
"扎",55821
"扉",55818
"凖",55677
"喝",55645
"轡",55577
"蟻",55523
"嚮",55491
"惊",55460
"緝",55458
"髓",55440
"迂",55346
"彪",55271
"檻",55245
"熹",55139
"闻",55088
"賄",54993
"餌",54959
"鷗",54933
"俘",54919
"醇",54818
"寮",54799
"笏",54776
"隐",54725
"㓜",54689
"諌",54665
"县",54632
"鷺",54631
"渉",54614
"净",54578
"繕",54551
"它",54463
"窓",54307
"剌",54307
"迥",54292
"养",54281
"会",54271
"漂",54266
"异",54253
"栽",54243
"㸔",54240
"敞",54231
"鹵",54178
"胀",54178
"霑",54102
"斃",54091
"賚",54091
"庇",54084
"红",54080
"乌",54048
"娛",54040
"贓",54032
"緡",53958
"湏",53956
"畆",53902
"瘥",53897
"携",53841
"矧",53820
"衫",53820
"轻",53780
"汙",53780
"溥",53778
"球",53731
"鞏",53701
"㧞",53532
"培",53528
"苞",53400
"誡",53361
"叱",53317
"糞",53308
"臍",53187
"駒",53159
"溉",53129
"剝",53122
"疽",53119
"惰",53088
"搆",53080
"迨",53080
"餐",53041
"婉",52997
"寔",52983
"荘",52951
"蹙",52858
"凋",52841
"鉛",52818
"藜",52814
"翹",52799
"楓",52792
"軀",52780
"憾",52761
"瑕",52745
"鈎",52737
"竈",52709
"夔",52648
"曇",52631
"刊",52591
"虔",52526
"寞",52500
"总",52494
"耽",52434
"楫",52363
"徘",52345
"远",52278
"肘",52211
"唾",52058
"唇",52017
"蟠",51975
"叨",51955
"豎",51939
"瑶",51888
"甕",51843
"麦",51839
"熬",51822
"剎",51756
"挂",51756
"运",51752
"迤",51699
"葺",51665
"说",51649
"烝",51603
"榔",51601
"逍",51561
"蝕",51525
"语",51508
"桔",51497
"呕",51497
"学",51444
"曼",51444
"馨",51357
"馴",51353
"甄",51345
"医",51320
"揺",51185
"駁",51164
"倣",51074
"恆",51035
"壩",50964
"斟",50833
"翅",50805
"碣",50803
"縈",50733
"许",50691
"轂",50604
"张",50535
"拓",50524
"岁",50467
"籩",50467
"芽",50456
"竅",50408
"绝",50399
"孕",50368
"褐",50334
"溟",50325
"挈",50308
"枣",50285
"鑾",50284
"声",50281
"痹",50270
"卵",50230
"弧",50171
"类",50155
"蠡",50132
"侃",50067
"穹",49945
"蠟",49944
"奬",49900
"潼",49699
"芷",49635
"絮",49630
"冝",49630
"頁",49615
"撲",49588
"黯",49538
"翦",49492
"夘",49468
"絰",49431
"収",49345
"寤",49333
"㝠",49327
"驥",49253
"憫",49253
"鍊",49204
"猥",49138
"羡",49098
"拍",49092
"幄",49045
"瑾",49026
"壻",48900
"兇",48898
"项",48898
"徼",48891
"濠",48879
"棹",48825
"恰",48801
"憎",48787
"撮",48770
"曳",48660
"硝",48618
"峨",48599
"鑲",48570
"俠",48507
"纏",48499
"睢",48450
"瑣",48397
"趕",48303
"鉢",48290
"瀾",48274
"恍",48268
"逞",48266
"緇",48232
"筭",48119
"茱",48103
"悍",48088
"胷",48056
"袂",48046
"蚤",47937
"独",47871
"巒",47857
"转",47810
"懶",47793
"礼",47721
"鴉",47717
"囂",47692
"插",47689
"卫",47672
"遶",47599
"筍",47599
"胆",47598
"嬪",47567
"龔",47508
"躋",47506
"麽",47484
"廡",47448
"薊",47443
"迅",47404
"銖",47400
"媒",47394
"洙",47381
"种",47374
"欒",47359
"駟",47354
"𡘋",47334
"栖",47305
"翕",47277
"覓",47258
"卞",47222
"凄",47148
"脯",47088
"殖",47086
"鬬",47031
"针",47030
"佚",47027
"毘",46872
"鴨",46843
"鴛",46835
"烧",46835
"苛",46826
"灾",46810
"甥",46780
"酢",46778
"盥",46742
"屛",46630
"礪",46547
"虢",46492
"倖",46486
"肱",46411
"腥",46313
"泯",46298
"众",46281
"㦸",46264
"脐",46223
"頴",46205
"縉",46162
"潦",46133
"耐",46083
"迢",46071
"孽",46066
"蔭",46023
"鵝",45992
"訂",45910
"薇",45882
"耦",45867
"𡚁",45866
"狎",45861
"鹹",45848
"剥",45841
"黛",45797
"师",45756
"訥",45731
"仞",45715
"稠",45715
"殤",45703
"渤",45670
"戟",45650
"膿",45647
"宁",45643
"贄",45630
"葦",45580
"燎",45551
"罹",45538
"裙",45523
"噬",45453
"盍",45419
"涸",45418
"孩",45412
"悌",45398
"紋",45343
"乱",45338
"挹",45317
"褚",45312
"晁",45295
"𫎇",45280
"涩",45258
"曩",45169
"衾",45118
"醢",45115
"议",45071
"駱",45055
"猗",44942
"幢",44911
"墾",44906
"簇",44833
"稜",44777
"妝",44775
"蔑",44761
"豚",44746
"覃",44684
"炊",44666
"釀",44641
"胤",44617
"蓍",44570
"蕙",44544
"涓",44421
"臚",44414
"昉",44404
"婿",44392
"兗",44365
"汎",44306
"灵",44305
"髻",44302
"损",44301
"弭",44298
"隷",44272
"惇",44246
"雒",44162
"譴",44161
"沔",44124
"叉",44116
"请",43988
"寘",43974
"蝗",43955
"㕔",43954
"販",43949
"崙",43947
"慷",43893
"瘴",43879
"盾",43876
"滞",43868
"拊",43857
"䧟",43837
"廂",43787
"豬",43772
"駢",43737
"暈",43650
"粮",43633
"箱",43604
"瞽",43434
"冗",43434
"萸",43426
"譙",43422
"勛",43395
"絞",43375
"琰",43329
"矛",43223
"拭",43215
"泠",43210
"靄",43142
"圈",43137
"兖",43109
"捲",43084
"紆",43056
"胞",43032
"汶",43030
"攬",43017
"络",42999
"鈴",42965
"梢",42937
"藹",42933
"鏤",42868
"戢",42860
"洎",42856
"畨",42847
"劭",42792
"荔",42745
"咏",42741
"仄",42734
"擯",42732
"伎",42718
"僞",42717
"躡",42702
"黼",42682
"咀",42672
"頹",42658
"碗",42630
"瀑",42618
"恚",42588
"洒",42550
"雩",42547
"鍼",42530
"痒",42505
"萍",42499
"珊",42443
"酥",42436
"琮",42411
"焰",42409
"嵐",42384
"庻",42327
"槁",42322
"濛",42284
"售",42258
"裨",42240
"徂",42196
"汚",42182
"俛",42165
"摹",42140
"帑",42138
"兊",42103
"藪",42100
"滎",42042
"餞",42040
"郝",42029
"掣",42025
"沁",41945
"斫",41898
"覈",41873
"痞",41856
"祫",41855
"条",41853
"箚",41839
"騁",41828
"亳",41821
"愿",41807
"砌",41787
"膀",41787
"翌",41786
"聼",41777
"稔",41726
"曙",41689
"峭",41686
"撒",41636
"晟",41607
"邯",41596
"广",41520
"奥",41495
"渝",41487
"氛",41465
"悴",41442
"嫂",41424
"妥",41408
"蔵",41393
"眩",41384
"霏",41369
"旄",41365
"鯉",41299
"穡",41252
"霆",41241
"佇",41217
"諮",41104
"睛",41086
"恱",41080
"藴",41055
"顓",41038
"粤",41028
"银",41004
"渐",40987
"臆",40964
"瀟",40939
"貂",40936
"举",40934
"宙",40934
"捍",40919
"頼",40875
"啖",40866
"歙",40842
"瞋",40830
"琢",40797
"恙",40784
"笞",40782
"穩",40755
"猜",40663
"謾",40655
"脓",40654
"囑",40633
"殃",40617
"踊",40585
"鯨",40571
"穰",40569
"棋",40518
"瑚",40515
"蟾",40494
"煖",40458
"聨",40445
"扼",40435
"壳",40413
"藐",40403
"藁",40382
"营",40367
"娑",40332
"鈍",40331
"郤",40305
"螺",40291
"緘",40280
"煨",40273
"瓚",40268
"羮",40251
"疳",40243
"癰",40177
"摇",40166
"舂",40120
"椎",40102
"殫",40102
"耨",40101
"沼",40049
"貿",39974
"勻",39926
"愷",39907
"污",39842
"啻",39828
"斌",39825
"胱",39814
"蛾",39811
"阼",39803
"哨",39783
"带",39773
"麋",39738
"篋",39721
"𤼵",39654
"鞅",39633
"澆",39618
"鋤",39604
"犧",39582
"眇",39582
"殉",39519
"彤",39500
"临",39472
"沽",39469
"璃",39452
"駝",39359
"袒",39340
"殁",39296
"蟹",39265
"犢",39234
"隍",39207
"炁",39202
"尔",39179
"撃",39178
"匣",39151
"燧",39151
"臼",39150
"駙",39129
"鞫",39127
"幡",39119
"华",39039
"恂",39001
"璣",38947
"詆",38941
"緬",38863
"㫁",38809
"眺",38760
"嚼",38760
"燔",38705
"泮",38667
"嫉",38645
"顚",38634
"鐫",38625
"恁",38562
"羙",38561
"梟",38538
"諍",38511
"羹",38460
"妍",38432
"蟄",38391
"淄",38359
"氐",38351
"讐",38288
"糜",38286
"僮",38278
"稹",38258
"鎬",38246
"瘠",38221
"刼",38219
"琉",38169
"袋",38125
"廖",38120
"拆",38110
"盐",38069
"塚",38023
"穗",38021
"咫",37984
"釵",37933
"匝",37865
"哩",37863
"廿",37854
"疹",37837
"殄",37770
"鋭",37724
"剿",37701
"跟",37694
"瀝",37693
"蘋",37614
"鄆",37612
"畀",37562
"狡",37535
"蘄",37498
"䕫",37452
"蘓",37409
"訝",37393
"弋",37388
"媿",37370
"砥",37353
"苖",37331
"痿",37303
"隰",37297
"䑕",37286
"墀",37258
"藿",37239
"贏",37233
"挫",37186
"痈",37169
"珥",37128
"閫",37124
"婺",37077
"摯",36956
"顒",36951
"蕤",36947
"苾",36943
"呢",36922
"繒",36913
"溜",36895
"贼",36882
"瘞",36870
"岂",36865
"鬯",36850
"牝",36815
"虗",36788
"縊",36786
"諄",36762
"頰",36749
"祉",36730
"泽",36730
"庖",36719
"粧",36707
"雋",36692
"菲",36663
"汛",36647
"踞",36608
"航",36567
"甯",36534
"奧",36522
"闭",36518
"瑪",36517
"喫",36514
"沫",36510
"忻",36492
"荼",36449
"醮",36431
"窩",36354
"佗",36327
"剋",36319
"炼",36304
"观",36265
"槎",36239
"断",36238
"搢",36223
"鴦",36189
"簽",36172
"凜",36170
"嬉",36150
"浓",36141
"煑",36119
"煬",36119
"殻",36101
"鸡",36093
"漬",36086
"济",36079
"杀",36053
"罄",36034
"苏",36013
"禰",36004
"塋",36002
"邠",35954
"旒",35931
"竦",35904
"旭",35904
"离",35877
"员",35838
"称",35801
"揀",35795
"拖",35764
"邃",35747
"悸",35739
"鬭",35688
"煞",35669
"懽",35663
"懦",35650
"缓",35594
"搶",35550
"豔",35532
"囿",35524
"賽",35511
"叚",35482
"粱",35416
"驃",35400
"墩",35398
"愴",35299
"顆",35287
"视",35276
"犹",35220
"歉",35167
"拈",35141
"肚",35125
"图",35118
"纍",35075
"嫩",35046
"闋",34972
"滇",34972
"僑",34929
"侑",34874
"跌",34781
"繭",34770
"茸",34713
"柰",34688
"帙",34681
"緦",34680
"浹",34672
"浣",34655
"窘",34625
"謠",34619
"忱",34613
"籥",34607
"磁",34587
"徭",34582
"祧",34572
"砦",34554
"闷",34545
"頡",34539
"旃",34531
"瘀",34527
"娠",34513
"啄",34506
"畦",34500
"剡",34494
"岷",34484
"儔",34446
"湍",34401
"茵",34398
"耻",34374
"癖",34325
"蓼",34292
"该",34261
"榛",34211
"腴",34210
"拏",34193
"悄",34192
"棣",34162
"刋",34141
"盃",34107
"㨗",34095
"谕",34085
"粘",34058
"貺",34046
"岫",34024
"綾",34016
"摠",33994
"筒",33944
"掉",33939
"髯",33926
"瘧",33918
"麒",33914
"耒",33875
"洮",33874
"羔",33818
"昻",33807
"闥",33791
"購",33787
"终",33737
"麤",33736
"顺",33721
"鶻",33657
"峴",33655
"鈐",33649
"杲",33647
"毓",33604
"菽",33598
"擺",33555
"雛",33542
"皷",33517
"烽",33480
"茗",33477
"舘",33460
"机",33458
"胁",33453
"嘲",33446
"驂",33379
"獎",33349
"企",33348
"頥",33333
"濵",33305
"龕",33291
"圉",33284
"盎",33241
"繳",33229
"濂",33208
"罍",33119
"豉",33118
"悚",33107
"覿",33078
"彛",33066
"笄",33061
"孛",32951
"柵",32941
"軻",32910
"綰",32883
"値",32866
"紇",32851
"坚",32811
"訃",32803
"聾",32774
"飬",32679
"吊",32644
"塢",32635
"燃",32576
"雹",32569
"甌",32565
"聿",32463
"揣",32442
"楞",32420
"騶",32416
"笠",32387
"椿",32384
"琶",32375
"榭",32370
"倩",32348
"盲",32334
"撞",32316
"剽",32314
"汉",32302
"卉",32301
"兴",32297
"渇",32293
"鴟",32273
"霓",32266
"瓠",32241
"还",32195
"釜",32188
"楮",32142
"觶",32100
"苴",32097
"趁",32068
"諂",32053
"燦",31998
"艷",31984
"僊",31972
"咐",31972
"篚",31963
"亘",31957
"祜",31953
"淤",31921
"琛",31916
"涌",31896
"菱",31839
"騫",31835
"峒",31832
"嗇",31819
"諺",31788
"怛",31751
"債",31746
"浄",31713
"榴",31712
"廚",31693
"荣",31675
"蠧",31672
"鸚",31612
"阡",31610
"瓘",31610
"漾",31608
"瘁",31601
"嬴",31598
"刷",31598
"亹",31592
"掇",31587
"蝦",31565
"娟",31551
"澀",31534
"伶",31520
"墉",31514
"腕",31508
"慝",31450
"簋",31447
"彚",31445
"㓂",31424
"旂",31418
"丐",31415
"錠",31412
"蕉",31310
"緋",31310
"办",31309
"珮",31290
"鳬",31276
"埽",31246
"璘",31229
"糶",31168
"琵",31167
"贅",31165
"栀",31104
"牋",31099
"羯",31094
"靳",31067
"瓢",31055
"淒",31021
"慾",30983
"欹",30961
"騐",30939
"龐",30934
"鉉",30897
"鄲",30838
"厨",30830
"兎",30780
"曝",30756
"努",30753
"对",30720
"獅",30712
"燬",30705
"佃",30696
"艘",30695
"蔥",30682
"疟",30668
"愉",30664
"尅",30652
"巔",30612
"楨",30555
"惆",30552
"馥",30547
"蛤",30542
"診",30502
"悽",30496
"葭",30481
"硃",30453
"觉",30412
"廪",30393
"鑰",30379
"袞",30355
"囉",30338
"颯",30310
"仿",30300
"礬",30256
"紐",30202
"朮",30196
"咬",30193
"梳",30192
"鱼",30188
"冩",30174
"嵇",30139
"圮",30136
"攢",30122
"误",30078
"脇",30038
"窈",30030
"乐",30001
"慄",29975
"僵",29970
"疵",29948
"敲",29939
"軰",29936
"刮",29926
"猾",29914
"套",29897
"晷",29882
"臉",29868
"敍",29856
"痺",29840
"暄",29826
"翮",29796
"侔",29796
"拌",29794
"諤",29777
"筐",29771
"暝",29748
"犁",29723
"倅",29713
"炯",29680
"抹",29653
"塟",29644
"艦",29638
"諳",29620
"蒐",29603
"泌",29590
"吩",29582
"点",29565
"嫗",29565
"㵼",29539
"亲",29509
"蠅",29500
"芸",29499
"盂",29499
"愕",29469
"莘",29463
"䖏",29459
"欬",29452
"翎",29428
"嶼",29426
"膜",29417
"轎",29397
"簟",29388
"湊",29351
"鎗",29326
"慣",29316
"齿",29315
"舶",29271
"摶",29259
"冐",29256
"杼",29250
"昬",29227
"窠",29205
"衿",29187
"汰",29186
"殞",29175
"牕",29118
"頽",29107
"輓",29071
"烂",29047
"峩",29041
"咄",29015
"勦",29004
"猝",28976
"穫",28970
"闍",28936
"涿",28931
"憩",28925
"郷",28922
"𦂳",28888
"龎",28847
"裾",28844
"苻",28843
"韭",28821
"驤",28787
"縹",28779
"屐",28767
"䕃",28750
"肤",28749
"瞑",28744
"彗",28595
"疝",28592
"磯",28588
"禋",28576
"旻",28573
"縻",28556
"舛",28540
"宝",28522
"䑓",28506
"邳",28495
"嶂",28461
"嶷",28457
"㢘",28455
"誑",28451
"遘",28406
"鐡",28396
"謐",28380
"姒",28366
"廼",28355
"粵",28344
"裒",28337
"沅",28325
"鞋",28302
"咒",28292
"訾",28289
"媵",28286
"麴",28276
"豺",28260
"鶉",28259
"閎",28255
"嗔",28243
"豳",28234
"猴",28217
"畵",28204
"柘",28197
"飞",28192
"塹",28191
"爼",28189
"旧",28175
"燮",28132
"躅",28114
"糟",28107
"擣",28081
"兑",28055
"躔",27997
"噴",27977
"笈",27966
"彷",27946
"燾",27939
"痔",27939
"袤",27937
"炬",27921
"莎",27916
"梔",27895
"頊",27877
"嘻",27862
"摺",27833
"遗",27829
"惚",27812
"僣",27796
"墅",27759
"紧",27755
"僥",27725
"吼",27715
"砲",27702
"斡",27691
"哺",27688
"菖",27687
"芮",27677
"璟",27645
"弇",27629
"剩",27625
"詮",27605
"褥",27598
"盪",27589
"夬",27582
"捌",27572
"冡",27568
"詁",27563
"菁",27556
"酈",27555
"兜",27536
"泳",27515
"鄱",27508
"糯",27492
"庄",27488
"甜",27483
"萼",27450
"麵",27429
"玖",27414
"軼",27396
"禫",27377
"刁",27370
"鵡",27331
"泡",27305
"茨",27299
"奭",27267
"纒",27263
"諛",27211
"屹",27194
"螢",27190
"醪",27189
"噐",27176
"翫",27174
"䘏",27158
"椽",27143
"坂",27134
"晶",27106
"顥",27106
"惓",27103
"划",27103
"洶",27100
"廨",27086
"磚",27057
"孙",27051
"滂",27030
"摭",27028
"閬",26994
"暘",26914
"磊",26899
"润",26863
"疗",26862
"螭",26852
"竣",26831
"榦",26799
"儘",26782
"蒜",26777
"鼈",26757
"厓",26746
"脑",26743
"聶",26683
"誄",26662
"券",26638
"嬖",26628
"筛",26623
"诗",26607
"洵",26570
"舄",26567
"涪",26562
"琬",26532
"湮",26519
"貎",26517
"謳",26514
"晞",26496
"严",26467
"藕",26461
"匏",26388
"謡",26374
"达",26336
"閃",26333
"琪",26323
"怙",26304
"估",26277
"听",26273
"嘴",26269
"昶",26264
"妬",26263
"籙",26259
"燼",26258
"毆",26256
"琥",26251
"亶",26244
"沱",26205
"晃",26180
"潯",26173
"莆",26164
"蜡",26141
"碌",26139
"腋",26137
"刹",26127
"嵬",26124
"贵",26085
"败",26080
"凛",26080
"戯",26056
"车",26054
"縞",26045
"鬟",26041
"癘",26020
"夲",26000
"祼",25996
"闐",25964
"圻",25956
"窻",25948
"匆",25933
"儕",25907
"务",25895
"窒",25883
"澁",25843
"蕊",25832
"喊",25826
"喙",25819
"吠",25807
"势",25800
"盼",25785
"祛",25773
"侶",25772
"櫟",25760
"髦",25742
"瑗",25725
"輻",25702
"氓",25669
"愬",25663
"睽",25641
"舖",25618
"脆",25560
"魅",25521
"纳",25511
"痊",25496
"赭",25483
"芋",25460
"紱",25453
"醬",25448
"擘",25443
"煦",25408
"籲",25385
"銑",25345
"鏘",25321
"刘",25292
"沆",25275
"珂",25274
"隳",25261
"夸",25260
"昱",25211
"抚",25193
"统",25190
"漣",25187
"妊",25184
"擎",25134
"彫",25103
"欝",25100
"櫛",25099
"畋",25092
"攪",25063
"菑",25051
"鬧",25024
"苍",25024
"备",25016
"璜",25016
"矦",25000
"党",24992
"錮",24976
"淩",24956
"朞",24955
"膩",24953
"哪",24921
"剔",24916
"撻",24915
"适",24911
"耜",24862
"齐",24852
"閽",24846
"繚",24826
"顙",24817
"橐",24782
"棧",24769
"玠",24750
"窄",24747
"廹",24747
"识",24735
"傭",24727
"駑",24717
"栝",24699
"玊",24680
"蹶",24653
"耄",24648
"儆",24640
"逡",24635
"侄",24633
"塾",24572
"杉",24521
"禺",24513
"匙",24512
"餒",24501
"澈",24494
"胶",24484
"慌",24480
"湜",24465
"瞰",24462
"嘏",24460
"恠",24451
"呪",24438
"硫",24429
"譖",24411
"逓",24411
"惹",24371
"腿",24364
"凈",24358
"覬",24355
"抃",24344
"寕",24338
"噪",24326
"莅",24286
"权",24277
"验",24273
"朶",24259
"寝",24241
"报",24240
"仔",24219
"专",24213
"隧",24189
"櫻",24182
"憍",24172
"啜",24169
"莞",24165
"竆",24157
"釘",24155
"详",24146
"肄",24117
"扃",24113
"潢",24079
"边",24074
"拋",24045
"隗",24041
"姨",24038
"瑛",24024
"様",24023
"滛",24008
"爨",23997
"蒯",23967
"鑠",23943
"紡",23923
"觚",23920
"廕",23915
"瀘",23914
"鳶",23907
"萇",23907
"刈",23905
"潺",23905
"弃",23897
"雇",23890
"泚",23886
"𨼆",23873
"蚩",23861
"錐",23861
"蹊",23853
"秣",23853
"鳧",23841
"舫",23817
"糖",23787
"蒞",23764
"艶",23761
"黠",23757
"佯",23749
"璫",23737
"淘",23736
"鄜",23730
"詡",23722
"洹",23721
"蜃",23705
"荐",23685
"嘶",23683
"絜",23668
"萱",23663
"峪",23651
"蝎",23629
"胙",23617
"餼",23611
"璉",23604
"迟",23597
"齧",23512
"鍔",23506
"搐",23502
"蠢",23478
"籟",23475
"紊",23471
"澶",23447
"怀",23422
"寖",23401
"叠",23389
"脛",23384
"抛",23372
"瑰",23352
"耘",23341
"曄",23337
"萎",23327
"溶",23317
"睨",23300
"鼇",23296
"箸",23295
"秪",23288
"餽",23274
"淇",23250
"糓",23236
"𦙍",23232
"载",23232
"犒",23231
"綃",23205
"巵",23203
"瑀",23198
"玷",23198
"业",23195
"脣",23190
"邏",23185
"戕",23184
"忒",23179
"瑯",23163
"溃",23154
"篡",23149
"逖",23105
"閶",23063
"腊",23036
"顗",22993
"桞",22988
"槖",22978
"踴",22966
"现",22960
"搔",22950
"賻",22947
"篁",22942
"纸",22936
"凢",22926
"樗",22892
"髀",22879
"鄞",22860
"汨",22843
"殽",22827
"黻",22823
"紺",22805
"历",22801
"奶",22797
"涖",22790
"曦",22783
"设",22763
"鏗",22746
"噤",22741
"笥",22741
"幟",22728
"竪",22714
"苕",22709
"芹",22709
"惲",22697
"㤗",22672
"樑",22669
"汜",22669
"磐",22667
"禆",22666
"紈",22653
"沓",22649
"浊",22643
"樁",22642
"鑽",22628
"搭",22627
"镇",22599
"矾",22589
"雎",22571
"帯",22570
"頷",22545
"瓏",22543
"滁",22519
"瘳",22505
"錡",22503
"煕",22473
"紘",22471
"詵",22468
"縑",22459
"贛",22449
"綢",22443
"记",22416
"鰥",22411
"尝",22401
"甑",22400
"晡",22384
"誚",22383
"劔",22378
"妒",22344
"笳",22330
"禿",22314
"娣",22303
"紓",22281
"幘",22267
"瞳",22262
"謔",22246
"蠕",22230
"湫",22226
"愔",22223
"薤",22216
"鎔",22211
"覧",22210
"颺",22209
"毬",22178
"戱",22157
"昴",22153
"珀",22142
"暹",22117
"禳",22089
"麁",22088
"䟦",22081
"芟",22074
"蚊",22042
"蹲",22037
"衽",22015
"遒",22007
"痼",22002
"咱",21998
"趺",21987
"殼",21958
"漱",21957
"軆",21946
"尿",21924
"悃",21918
"覘",21915
"肴",21914
"勣",21905
"旰",21885
"貟",21873
"喩",21868
"萋",21857
"恊",21848
"票",21834
"閟",21825
"盱",21817
"侣",21779
"鎧",21764
"啞",21763
"瓣",21746
"贴",21741
"叄",21720
"双",21703
"觔",21693
"廝",21664
"憔",21663
"彎",21661
"逈",21654
"𡻕",21643
"棊",21640
"玲",21630
"懌",21614
"呌",21614
"讜",21613
"愜",21601
"斾",21590
"扆",21578
"鱉",21576
"阁",21553
"逄",21551
"丫",21551
"緜",21547
"覔",21523
"洫",21486
"奐",21472
"曺",21451
"瀕",21448
"黷",21444
"漓",21439
"甃",21432
"堞",21428
"蛙",21422
"衄",21414
"拄",21413
"氊",21397
"綦",21396
"緖",21391
"艸",21386
"磧",21376
"摸",21375
"翺",21366
"杂",21353
"崧",21335
"楸",21333
"擴",21319
"篩",21300
"瘕",21294
"繋",21246
"窕",21216
"姤",21202
"羆",21197
"麸",21190
"杪",21172
"箔",21162
"檐",21145
"鸣",21123
"賡",21120
"岌",21108
"蠹",21064
"倐",21062
"棍",21047
"号",21046
"审",21044
"閼",21026
"纁",21026
"腠",21025
"慵",21011
"衲",21009
"慿",20992
"㪚",20988
"陲",20980
"駸",20977
"眸",20967
"纛",20943
"杨",20919
"囬",20913
"蒂",20895
"証",20894
"倏",20878
"寻",20869
"厘",20833
"坪",20825
"週",20813
"氈",20770
"孀",20736
"萄",20726
"鶚",20695
"葩",20689
"澧",20664
"槟",20656
"溯",20654
"煜",20640
"驩",20629
"饔",20620
"嚇",20618
"覇",20612
"俺",20601
"騖",20599
"串",20590
"纘",20582
"彞",20538
"瓌",20535
"熨",20505
"嶸",20496
"劈",20489
"菹",20472
"儂",20467
"幃",20464
"潑",20462
"緫",20454
"虺",20447
"歧",20442
"莢",20415
"菟",20401
"艇",20379
"珣",20375
"瓤",20367
"蹉",20352
"贤",20350
"导",20349
"猖",20346
"屎",20320
"丰",20291
"跑",20219
"释",20205
"芾",20203
"薫",20171
"觜",20163
"俶",20155
"瑄",20146
"靴",20146
"糠",20145
"夤",20079
"壙",20058
"膂",20042
"匯",20035
"桷",20018
"堦",20009
"虬",20005
"吻",19957
"枸",19944
"朵",19937
"琊",19935
"葆",19931
"杓",19913
"琨",19912
"紵",19908
"嚕",19874
"慤",19873
"诚",19856
"呀",19850
"犂",19846
"𠞰",19843
"攣",19834
"揉",19823
"饉",19796
"蔻",19791
"挟",19789
"职",19774
"孑",19769
"宕",19761
"捫",19742
"䨇",19739
"慳",19696
"籖",19693
"磴",19668
"壟",19650
"穉",19647
"蘂",19646
"灋",19604
"绵",19602
"晤",19596
"簒",19594
"噎",19593
"𥦗",19583
"棱",19568
"諜",19541
"訐",19503
"櫓",19495
"秤",19482
"黽",19472
"缘",19465
"泝",19451
"莪",19425
"璠",19421
"皁",19413
"笋",19403
"橈",19393
"畱",19386
"撼",19370
"惺",19366
"諶",19358
"飼",19351
"墊",19347
"憊",19345
"翥",19341
"懺",19308
"彧",19293
"膾",19288
"蚌",19261
"俚",19259
"璿",19243
"续",19238
"价",19226
"廠",19225
"輜",19223
"窍",19212
"媽",19211
"孥",19206
"曬",19202
"羚",19198
"夥",19175
"粢",19174
"狠",19157
"幔",19149
"兕",19141
"譎",19134
"昵",19112
"槽",19107
"狥",19101
"翬",19099
"榷",19093
"澳",19092
"褰",19070
"噉",19066
"眚",19052
"战",19051
"揲",19019
"讖",19013
"酪",19005
"簮",19002
"紜",18999
"给",18986
"叡",18983
"鉏",18954
"𣈆",18954
"窆",18941
"懾",18929
"鬆",18924
"畤",18914
"袴",18914
"狸",18906
"鰲",18884
"韵",18882
"棒",18856
"縠",18849
"绿",18845
"磔",18844
"掲",18829
"㭍",18816
"臬",18810
"彘",18798
"媳",18795
"犍",18782
"讞",18768
"爱",18762
"賫",18730
"扞",18704
"襪",18675
"疥",18666
"羿",18648
"駮",18645
"舁",18614
"皃",18599
"鬲",18589
"閹",18568
"譁",18560
"瓷",18554
"斐",18551
"紿",18543
"砍",18543
"诏",18491
"缶",18476
"滾",18469
"彿",18465
"隼",18452
"单",18450
"肋",18443
"迸",18437
"蒺",18434
"姥",18423
"怏",18421
"萨",18421
"絺",18419
"燠",18414
"蘚",18413
"丝",18411
"騏",18403
"阪",18316
"喟",18315
"廸",18313
"宼",18303
"綂",18295
"逅",18280
"詈",18267
"粳",18262
"迓",18254
"诊",18219
"斁",18214
"鏞",18206
"礫",18197
"儷",18195
"兪",18182
"执",18171
"抬",18156
"燄",18151
"鈿",18131
"祟",18126
"佺",18094
"梦",18088
"壝",18079
"邂",18069
"昕",18069
"逗",18068
"约",18059
"监",18050
"溧",18042
"癢",18026
"蛛",17961
"筌",17949
"埤",17942
"筑",17911
"璇",17895
"疚",17891
"髣",17884
"髴",17881
"乡",17858
"逶",17857
"劬",17850
"陘",17849
"卭",17849
"渣",17846
"获",17840
"擕",17839
"䂓",17807
"緞",17803
"怳",17786
"鵑",17776
"阨",17772
"殮",17762
"瀋",17754
"枷",17747
"怵",17746
"惴",17745
"寿",17743
"滚",17743
"朂",17713
"卹",17708
"麄",17698
"炷",17687
"菌",17656
"椅",17632
"懃",17617
"裊",17600
"柬",17595
"遄",17563
"趍",17554
"庆",17553
"堕",17540
"菰",17532
"晒",17513
"棚",17508
"椀",17498
"陬",17485
"钟",17484
"瑁",17483
"檣",17476
"幫",17461
"蛻",17435
"鄢",17428
"蓑",17427
"淬",17424
"簧",17420
"块",17420
"蜚",17411
"软",17408
"坼",17387
"孳",17363
"賭",17350
"朓",17310
"瀚",17295
"漉",17292
"悞",17276
"讌",17264
"悛",17236
"貍",17233
"偵",17229
"爍",17217
"纊",17201
"聆",17192
"珙",17191
"崎",17174
"蚕",17172
"擠",17162
"畎",17154
"譌",17147
"鄖",17113
"獠",17108
"漪",17097
"忧",17090
"呻",17088
"醯",17084
"壕",17071
"冑",17063
"澮",17051
"弒",17048
"驄",17013
"襦",17011
"淅",17006
"詘",17005
"圯",16983
"沴",16975
"黏",16973
"縶",16970
"嶇",16957
"鎰",16926
"闖",16925
"翛",16896
"翡",16895
"偪",16890
"郴",16889
"毳",16887
"嚐",16872
"詬",16872
"显",16862
"牓",16862
"豢",16832
"貓",16820
"褊",16806
"捶",16804
"额",16804
"軋",16803
"劃",16801
"嗤",16793
"汭",16770
"擦",16746
"簠",16740
"辞",16736
"砧",16733
"揜",16718
"柑",16702
"卡",16700
"晳",16693
"㕮",16679
"鄫",16677
"廐",16646
"厠",16638
"鷙",16629
"轟",16626
"楯",16622
"誹",16606
"瞞",16574
"瑋",16574
"遨",16573
"蘧",16565
"緲",16555
"溷",16546
"灭",16535
"薜",16533
"儁",16525
"霈",16522
"攔",16521
"顿",16520
"纪",16512
"蘖",16512
"叁",16508
"礦",16498
"髭",16492
"树",16482
"儐",16480
"甦",16467
"她",16445
"瀨",16442
"跛",16438
"𣲖",16420
"圎",16410
"靠",16402
"资",16401
"护",16390
"碾",16354
"酺",16353
"塑",16348
"徨",16329
"紬",16311
"厦",16294
"鵞",16290
"掬",16279
"㢲",16274
"儋",16255
"隈",16248
"庙",16235
"脘",16210
"䦨",16199
"頫",16189
"黥",16185
"标",16177
"稗",16162
"廁",16160
"浆",16158
"囷",16153
"澡",16149
"选",16148
"鼐",16138
"酹",16132
"迁",16094
"祺",16091
"踝",16078
"繅",16076
"财",16069
"讙",16054
"攤",16049
"茎",16034
"剃",16020
"凭",16018
"贝",16009
"戡",15997
"擄",15993
"菀",15975
"憧",15969
"鑊",15967
"蜿",15954
"簞",15952
"刳",15950
"蹴",15942
"贯",15932
"荻",15931
"顾",15905
"瞬",15886
"殲",15866
"𮪍",15866
"沌",15853
"螻",15846
"这",15845
"狽",15821
"聦",15814
"鯀",15788
"桴",15760
"仝",15741
"梏",15720
"瞧",15716
"鼉",15715
"跣",15715
"赏",15709
"伉",15688
"捻",15683
"豊",15652
"鍋",15650
"秃",15648
"篷",15642
"媛",15629
"鳖",15628
"亏",15626
"搬",15622
"桌",15620
"襃",15613
"偹",15603
"蔗",15585
"傘",15585
"飜",15584
"𣏌",15579
"詒",15568
"廛",15567
"琚",15561
"苡",15552
"劵",15545
"絢",15541
"杰",15538
"螽",15536
"铁",15527
"柿",15490
"攫",15482
"郯",15457
"珩",15452
"桶",15433
"鯁",15429
"籀",15423
"霰",15415
"奩",15408
"玕",15373
"佔",15370
"亙",15356
"夹",15338
"碁",15325
"嘛",15324
"蘸",15318
"琯",15304
"装",15296
"滉",15280
"罟",15280
"倨",15273
"暎",15272
"跂",15271
"媼",15267
"眄",15250
"耋",15250
"埒",15244
"茴",15244
"貉",15242
"陕",15240
"輈",15238
"攄",15231
"阯",15224
"濺",15211
"淆",15209
"佈",15200
"缽",15196
"諉",15191
"薏",15190
"试",15187
"𣙜",15178
"騾",15149
"塡",15148
"莭",15134
"觥",15126
"汞",15119
"偁",15116
"罅",15110
"侧",15108
"鬛",15097
"屣",15086
"爹",15084
"釡",15077
"郛",15076
"霹",15073
"閥",15058
"尢",15056
"挿",15055
"鶩",15052
"賠",15043
"溲",15021
"鋸",15015
"巘",15009
"竽",15009
"麈",15008
"褫",15005
"匐",14986
"竢",14986
"褻",14983
"冨",14979
"疔",14971
"嵌",14969
"馘",14967
"掀",14966
"鏃",14953
"郗",14951
"屆",14935
"猫",14914
"衂",14908
"嫋",14908
"楠",14879
"籤",14875
"嚳",14872
"愽",14869
"𣺌",14840
"滸",14822
"吿",14817
"冽",14810
"孱",14799
"茄",14798
"遴",14798
"击",14780
"赋",14776
"瘵",14773
"塌",14768
"祲",14764
"槊",14760
"羃",14756
"吒",14750
"塤",14741
"邨",14741
"诃",14732
"昃",14728
"勖",14707
"抉",14701
"蚓",14696
"曵",14695
"芭",14689
"慊",14686
"槨",14669
"嗷",14667
"蜒",14660
"飴",14656
"痫",14651
"鬪",14635
"缸",14627
"纵",14608
"崢",14605
"鑪",14597
"譲",14583
"犖",14581
"惋",14575
"碍",14575
"灤",14571
"飫",14565
"杷",14540
"櫬",14536
"魴",14521
"憒",14504
"铜",14498
"侂",14492
"捏",14490
"煒",14476
"襯",14474
"陁",14464
"哦",14458
"壠",14454
"燿",14453
"炫",14442
"扑",14427
"垓",14423
"駛",14410
"弹",14403
"卸",14401
"秖",14401
"鉦",14398
"濓",14395
"酤",14388
"苐",14386
"窃",14383
"际",14379
"詛",14376
"频",14371
"泔",14360
"剏",14357
"両",14347
"癃",14340
"嗑",14320
"敛",14320
"濩",14319
"締",14301
"泪",14298
"穷",14284
"飱",14277
"斵",14274
"葫",14255
"薺",14249
"黿",14244
"堙",14242
"殂",14232
"秬",14225
"溼",14225
"赐",14222
"苧",14214
"崛",14210
"陡",14202
"荏",14181
"赵",14164
"瘼",14158
"霤",14154
"葡",14146
"噓",14145
"蒔",14135
"泓",14126
"扯",14118
"慇",14116
"汩",14115
"蒌",14104
"啾",14100
"賾",14096
"摛",14091
"兰",14081
"珉",14074
"餙",14067
"覊",14065
"麩",14063
"邛",14056
"偓",14052
"蓴",14049
"踪",14039
"贑",14038
"炤",14024
"赧",14013
"谢",14009
"启",14007
"坏",14004
"噲",14002
"翘",13994
"挨",13992
"菉",13978
"蘗",13957
"塩",13957
"鬰",13952
"箏",13949
"雝",13949
"蝸",13948
"滲",13934
"蔟",13926
"仪",13924
"洊",13922
"豸",13912
"趂",13908
"继",13904
"蓐",13900
"嘿",13881
"蛩",13877
"螫",13873
"帕",13840
"闲",13839
"欷",13825
"徠",13818
"㐫",13806
"鍵",13804
"殱",13787
"梭",13785
"葳",13784
"湄",13783
"牵",13775
"荑",13772
"罩",13772
"禇",13751
"帚",13745
"虯",13735
"紏",13733
"饥",13726
"鷓",13722
"舸",13719
"鱸",13714
"螟",13714
"瑱",13709
"垠",13708
"襁",13699
"匍",13696
"謇",13694
"裸",13686
"駰",13685
"衎",13678
"睫",13672
"澣",13664
"蹂",13659
"繄",13656
"厰",13653
"淖",13642
"飡",13638
"葶",13612
"洄",13596
"很",13539
"㽔",13535
"撿",13530
"宓",13528
"鉗",13526
"鐙",13517
"禕",13506
"习",13504
"糗",13501
"鎻",13501
"腔",13495
"腮",13493
"烘",13483
"虑",13474
"废",13464
"蹋",13435
"蔕",13418
"揄",13414
"藺",13410
"貊",13409
"献",13406
"沥",13396
"眙",13395
"軺",13382
"祓",13381
"斲",13380
"𠻳",13377
"濇",13371
"鴆",13364
"矗",13335
"夺",13329
"鴣",13312
"扬",13296
"鈕",13281
"岀",13281
"抒",13280
"猺",13277
"煽",13275
"櫃",13272
"瞭",13268
"佾",13253
"郃",13238
"柚",13235
"漚",13216
"贇",13213
"羗",13207
"嘖",13206
"莱",13202
"鐃",13202
"谨",13200
"騮",13198
"揷",13193
"陆",13184
"瀦",13184
"媾",13180
"箠",13174
"换",13173
"饭",13166
"殛",13146
"獺",13129
"汧",13123
"飈",13109
"婬",13082
"弈",13075
"顶",13071
"伋",13069
"拟",13067
"麪",13061
"揔",13054
"薈",13050
"搦",13041
"洺",13037
"洧",13023
"碉",13022
"鲜",13019
"芰",13019
"絀",13016
"戛",13006
"秫",13003
"煤",12992
"㒺",12992
"鵷",12989
"灞",12988
"鉶",12953
"巉",12946
"找",12936
"厝",12935
"坫",12935
"鼙",12918
"㓕",12904
"蔞",12883
"筏",12880
"髠",12880
"堊",12872
"櫝",12867
"査",12867
"蟆",12858
"潄",12840
"甓",12825
"湟",12824
"裼",12823
"甬",12807
"灶",12798
"瘰",12785
"枇",12783
"瘍",12783
"刎",12776
"倜",12774
"屡",12770
"枢",12768
"勰",12765
"嵯",12747
"鏐",12743
"悰",12734
"牂",12724
"圆",12723
"肓",12717
"肛",12717
"聮",12711
"灝",12706
"楣",12705
"爇",12704
"宄",12686
"饼",12681
"协",12669
"罇",12666
"璩",12659
"罽",12655
"縳",12647
"冇",12645
"鸛",12644
"斿",12637
"懊",12634
"廈",12628
"詫",12628
"飧",12607
"顰",12606
"澠",12606
"坻",12599
"櫂",12595
"㙜",12589
"淞",12586
"鑣",12565
"譟",12564
"莧",12558
"靂",12553
"埀",12552
"狃",12552
"侗",12551
"羇",12549
"嬾",12541
"遡",12536
"责",12533
"襍",12518
"痩",12514
"卬",12512
"匾",12508
"堇",12484
"跎",12478
"题",12462
"窶",12458
"麫",12451
"刲",12437
"躑",12436
"謄",12436
"蟒",12430
"鎛",12415
"曁",12408
"鴞",12407
"悬",12400
"縝",12397
"扛",12376
"苒",12374
"茆",12365
"綻",12364
"棐",12359
"蜕",12354
"㤀",12344
"縟",12327
"撝",12327
"𧰼",12319
"搴",12318
"靚",12315
"拽",12306
"质",12301
"僂",12296
"藭",12296
"筯",12295
"胝",12294
"鍛",12267
"窪",12259
"楝",12258
"矚",12253
"湲",12242
"缩",12242
"刖",12239
"鵰",12237
"鴿",12235
"灯",12228
"檳",12227
"悒",12223
"嚥",12221
"紮",12209
"睠",12197
"仓",12193
"鯤",12191
"枋",12186
"鷲",12184
"掄",12178
"晰",12165
"蕨",12158
"賵",12154
"祸",12154
"睇",12150
"聒",12149
"臠",12136
"㡌",12135
"禑",12110
"韙",12108
"昺",12107
"姝",12103
"湣",12098
"饕",12084
"褓",12079
"捜",12065
"夣",12064
"篙",12059
"壼",12054
"賖",12038
"氤",12034
"蹻",12033
"鮫",12032
"埭",12027
"嶧",12024
"曛",12024
"縢",12023
"颜",12022
"倂",12004
"浅",11998
"躇",11995
"冪",11995
"蕘",11984
"鄠",11978
"纚",11967
"櫺",11956
"曖",11950
"腆",11943
"维",11939
"冏",11926
"痾",11924
"柝",11919
"疸",11913
"滙",11912
"盒",11892
"朢",11886
"纜",11884
"圏",11884
"憇",11877
"棉",11875
"濳",11871
"娃",11868
"緻",11852
"痴",11837
"皺",11827
"撩",11808
"砭",11803
"頲",11801
"㝢",11799
"芡",11790
"蘩",11787
"蟀",11761
"娱",11759
"祊",11752
"惧",11740
"聃",11729
"邐",11728
"皥",11728
"筦",11726
"级",11725
"頎",11718
"叵",11708
"瓮",11708
"癎",11699
"塜",11697
"暠",11693
"㳂",11682
"丧",11680
"蹌",11671
"晕",11659
"纯",11644
"届",11642
"聫",11635
"韞",11632
"骑",11624
"蚣",11623
"躓",11606
"輾",11606
"蟋",11604
"𤨏",11602
"苫",11600
"猩",11599
"玳",11598
"搅",11598
"斋",11597
"袪",11595
"虱",11567
"渦",11563
"呆",11561
"眥",11559
"渊",11559
"蔀",11558
"躊",11557
"尘",11557
"薔",11555
"覯",11552
"葷",11552
"兾",11551
"㝷",11534
"读",11533
"搽",11523
"旛",11506
"璨",11499
"睂",11487
"畬",11486
"媯",11486
"彜",11474
"毕",11473
"崗",11472
"愠",11467
"桎",11445
"跖",11437
"堠",11435
"揩",11433
"枲",11427
"筴",11423
"僦",11418
"缾",11374
"踣",11357
"跗",11355
"慍",11348
"禊",11336
"鞮",11334
"紼",11331
"鄔",11330
"緹",11329
"肃",11324
"瘟",11323
"疡",11310
"描",11306
"畛",11305
"皤",11299
"禅",11294
"捄",11289
"宽",11285
"裟",11281
"袈",11276
"賃",11273
"哂",11273
"简",11269
"彀",11265
"柞",11265
"靨",11259
"蜈",11259
"摄",11258
"圩",11249
"噦",11246
"蓺",11245
"皿",11227
"𡊮",11227
"躐",11226
"騂",11211
"佟",11207
"淙",11203
"槌",11203
"絆",11200
"矮",11197
"艽",11189
"鷁",11186
"莲",11185
"瀰",11178
"澍",11174
"旐",11169
"茋",11161
"礮",11159
"壚",11145
"么",11143
"藎",11141
"鄣",11132
"瘤",11130
"釗",11128
"朦",11126
"鬘",11126
"殳",11115
"啇",11115
"蝴",11113
"膊",11113
"畹",11112
"樟",11109
"訕",11102
"襖",11102
"緱",11098
"撾",11095
"硏",11091
"滹",11070
"胖",11064
"髫",11062
"巋",11053
"蒨",11045
"䜟",11042
"勗",11039
"甍",11038
"虵",11035
"蓽",11034
"町",11028
"蕖",11025
"熲",11025
"郄",11023
"谋",11007
"賒",10989
"眡",10984
"珽",10975
"秧",10955
"鷂",10953
"珞",10949
"猨",10942
"籃",10941
"嬋",10941
"画",10935
"棨",10933
"蝨",10930
"茰",10923
"枵",10915
"攅",10897
"錘",10896
"蜩",10894
"遹",10892
"槿",10881
"鞞",10880
"醞",10879
"慼",10873
"郅",10865
"鏑",10864
"蔔",10863
"楼",10862
"黝",10853
"蹔",10847
"馱",10846
"哄",10843
"罐",10831
"𢷬",10828
"闞",10821
"篠",10819
"倬",10805
"衇",10800
"凑",10785
"毖",10768
"柟",10754
"徉",10746
"忭",10743
"臏",10740
"諏",10736
"霾",10730
"柒",10728
"辄",10728
"确",10724
"圄",10717
"摻",10715
"莠",10711
"𬃷",10710
"繢",10709
"駘",10701
"劓",10701
"鐺",10678
"颼",10677
"穏",10663
"棃",10662
"萆",10654
"赞",10653
"粪",10643
"穠",10643
"刚",10642
"嶮",10620
"醖",10615
"菅",10601
"区",10598
"瓉",10598
"閙",10591
"芫",10589
"坠",10586
"爬",10583
"貔",10579
"埠",10575
"麯",10574
"喈",10573
"挐",10563
"蛎",10557
"尒",10556
"鮪",10551
"膓",10542
"茀",10537
"窖",10527
"删",10527
"磾",10525
"荇",10517
"矍",10513
"顱",10508
"瓔",10507
"柢",10506
"园",10501
"厮",10489
"狙",10488
"歔",10480
"戩",10468
"偸",10467
"袵",10465
"㓙",10458
"暌",10457
"郕",10451
"㐮",10451
"娯",10443
"扄",10440
"鄯",10436
"辅",10433
"娼",10428
"廄",10427
"殪",10414
"绞",10412
"蕚",10408
"澇",10392
"奨",10389
"菘",10386
"蒡",10383
"輳",10371
"葑",10352
"呑",10343
"翣",10334
"扮",10332
"緼",10330
"闘",10321
"襚",10316
"唳",10311
"旆",10302
"磋",10296
"嘘",10286
"蠣",10270
"媪",10268
"痍",10267
"賙",10257
"㳟",10247
"逭",10245
"嚙",10241
"煆",10241
"糝",10238
"䜛",10238
"袭",10236
"鮒",10230
"蒹",10229
"褘",10224
"惘",10223
"溱",10221
"昼",10220
"鈇",10214
"哽",10194
"蜘",10193
"簀",10182
"臓",10181
"剰",10161
"蠆",10157
"擿",10152
"疰",10149
"顷",10147
"郑",10132
"璵",10119
"簸",10117
"词",10115
"縦",10115
"譔",10108
"檝",10104
"怍",10095
"阙",10092
"飆",10070
"嗅",10065
"茭",10064
"玻",10061
"騙",10059
"䙝",10053
"鯢",10051
"囀",10049
"熄",10044
"暐",10038
"窅",10038
"烜",10038
"朧",10038
"负",10036
"隶",10033
"礎",10025
"朐",10015
"罢",10015
"邙",10012
"椁",10006
"畚",9996
"瑊",9996
"扳",9993
"癥",9992
"怱",9983
"縵",9976
"躲",9972
"瞥",9972
"遅",9972
"訢",9967
"认",9964
"倾",9964
"濼",9964
"锡",9954
"挛",9947
"亾",9946
"讃",9943
"㯽",9943
"谁",9942
"崆",9942
"銃",9942
"涔",9936
"碭",9925
"撑",9925
"栻",9925
"㨿",9925
"徤",9923
"浥",9908
"邴",9898
"璀",9897
"撚",9894
"煢",9892
"撐",9881
"费",9873
"讲",9869
"橙",9869
"酆",9862
"爆",9849
"躭",9847
"腻",9841
"穽",9835
"羶",9835
"翱",9808
"坰",9808
"闚",9807
"膴",9804
"煇",9793
"珏",9774
"礱",9773
"懵",9764
"畒",9764
"聋",9747
"鸎",9741
"鏜",9738
"痂",9734
"瑙",9723
"鍤",9714
"鱠",9712
"冺",9710
"凤",9708
"綍",9703
"澌",9700
"踟",9696
"敇",9693
"癭",9685
"辣",9679
"嚩",9677
"忡",9674
"笔",9668
"嘈",9657
"狷",9635
"陔",9629
"綉",9623
"庳",9619
"臀",9605
"妤",9604
"攙",9586
"蛸",9584
"搨",9577
"絛",9575
"围",9567
"籓",9567
"烙",9559
"虀",9545
"磷",9540
"鍳",9540
"琇",9525
"虏",9514
"吮",9498
"椹",9498
"庀",9497
"甎",9486
"謟",9473
"杆",9466
"緗",9460
"埏",9459
"摽",9459
"较",9457
"伙",9457
"忖",9455
"畸",9449
"蕡",9441
"叹",9434
"窯",9429
"荃",9429
"獗",9426
"艺",9425
"醺",9423
"盌",9423
"凹",9421
"霅",9413
"蜉",9409
"弥",9388
"舡",9387
"濰",9386
"晌",9386
"焯",9385
"盘",9381
"剗",9379
"輛",9371
"盻",9370
"兠",9367
"输",9359
"甿",9353
"鶡",9348
"诣",9348
"貰",9347
"刱",9340
"玦",9338
"㬰",9338
"燹",9332
"忉",9331
"紉",9318
"芃",9314
"泱",9312
"罌",9312
"淦",9303
"鋼",9299
"错",9297
"拇",9294
"囹",9285
"媧",9281
"㟁",9270
"氲",9266
"溏",9262
"癲",9258
"涘",9247
"燉",9247
"櫳",9245
"玫",9244
"触",9241
"驻",9238
"焜",9235
"䋲",9228
"渗",9222
"嚶",9219
"芊",9207
"棼",9199
"髽",9198
"葅",9192
"榼",9169
"僨",9160
"郟",9158
"窣",9151
"鉴",9119
"倀",9113
"鼂",9103
"茁",9097
"磕",9090
"掊",9089
"𠂻",9084
"皖",9072
"蝉",9071
"礴",9070
"型",9064
"籜",9059
"瀧",9058
"挍",9057
"踢",9057
"磵",9056
"龟",9055
"埜",9045
"蜺",9043
"齟",9035
"齬",9031
"虡",9027
"辠",9023
"扐",9010
"环",9010
"陴",9008
"莓",9004
"祏",8988
"濆",8984
"训",8983
"拗",8981
"帨",8981
"櫜",8975
"隤",8973
"鞶",8972
"醍",8964
"姙",8962
"匄",8954
"喑",8953
"閈",8953
"矇",8950
"哇",8950
"埴",8945
"掎",8940
"鸝",8938
"澂",8928
"邽",8923
"柷",8917
"繙",8910
"薙",8909
"违",8902
"幌",8902
"贞",8898
"廏",8889
"湔",8882
"緌",8874
"𭣣",8872
"皐",8869
"𫉬",8867
"嗎",8866
"螯",8861
"獮",8860
"膻",8848
"姆",8845
"蝟",8831
"皴",8829
"拷",8828
"芪",8820
"㤙",8800
"㠶",8790
"絪",8780
"餕",8778
"蓂",8767
"俳",8751
"糲",8747
"豨",8735
"騭",8724
"罘",8720
"拐",8719
"鍇",8706
"嗌",8703
"諗",8690
"衒",8689
"嵓",8686
"齪",8682
"墠",8680
"𤍠",8680
"昜",8677
"𣗳",8676
"綆",8666
"贡",8663
"暾",8663
"瑒",8662
"碓",8660
"敺",8655
"盔",8648
"帔",8646
"颈",8641
"盩",8633
"廞",8633
"钩",8633
"郜",8631
"繽",8630
"蒋",8626
"覷",8626
"槳",8621
"鵒",8614
"瀹",8606
"鄘",8600
"饱",8597
"睥",8590
"鮓",8589
"笻",8578
"歹",8571
"褲",8571
"览",8559
"恧",8543
"筇",8541
"崤",8528
"懣",8525
"杌",8523
"沬",8520
"咈",8514
"寗",8512
"闓",8509
"瞀",8501
"綘",8499
"餗",8497
"㕓",8497
"艫",8493
"軹",8486
"㸑",8478
"鑱",8477
"娉",8468
"槀",8466
"瘢",8465
"繖",8461
"慱",8452
"焞",8444
"怫",8439
"饬",8432
"埸",8431
"徜",8412
"輞",8411
"湎",8395
"杠",8387
"鱣",8386
"夐",8383
"谵",8381
"駞",8370
"蓝",8369
"燋",8367
"愾",8351
"庥",8346
"丟",8343
"轮",8332
"蓊",8327
"嶓",8327
"凟",8320
"瀼",8319
"刄",8318
"聵",8315
"榱",8314
"悝",8310
"拚",8310
"擷",8309
"塍",8306
"颇",8300
"綈",8295
"侖",8287
"淀",8286
"罡",8283
"跼",8279
"嗾",8274
"斩",8274
"萑",8265
"埶",8261
"髡",8259
"璆",8258
"洸",8251
"荳",8250
"擐",8247
"鲁",8233
"檠",8233
"䰟",8229
"鑼",8224
"轆",8216
"栩",8213
"𥙷",8212
"莾",8205
"狁",8203
"哮",8191
"僇",8190
"𡨋",8181
"擂",8174
"秽",8173
"愀",8170
"贒",8166
"赠",8139
"𥳑",8132
"愨",8131
"彻",8128
"蜍",8126
"錙",8123
"幙",8122
"厔",8119
"蕞",8114
"獷",8109
"䧺",8108
"譛",8104
"禴",8086
"魑",8085
"库",8082
"咤",8079
"猱",8068
"锦",8064
"氾",8056
"喃",8048
"畯",8044
"謖",8043
"璹",8039
"扺",8036
"漑",8019
"濾",8019
"扰",8016
"旟",8006
"衘",8006
"佶",8002
"茜",8000
"諲",7987
"朏",7981
"賸",7981
"痧",7970
"栅",7965
"熠",7964
"楂",7940
"郇",7938
"仅",7933
"欢",7928
"醅",7927
"皦",7926
"楡",7924
"渟",7923
"寀",7921
"贫",7919
"傴",7919
"簣",7917
"鏖",7905
"胭",7901
"戔",7899
"谘",7893
"驱",7892
"薌",7883
"倕",7878
"秔",7877
"奘",7874
"嫠",7870
"鸟",7867
"宂",7865
"敔",7864
"僱",7862
"肫",7852
"箎",7852
"棫",7850
"阅",7848
"褁",7848
"鞬",7845
"尻",7845
"驊",7841
"筩",7834
"騑",7833
"芑",7825
"靦",7816
"纲",7815
"预",7808
"鏁",7807
"砒",7805
"饘",7802
"轝",7799
"姸",7794
"筝",7793
"郾",7788
"险",7786
"刦",7783
"撇",7768
"啐",7760
"釧",7759
"艤",7754
"贐",7751
"篪",7746
"罨",7743
"嚬",7741
"咺",7740
"骼",7732
"侏",7731
"份",7726
"唁",7720
"黌",7713
"淛",7712
"粕",7711
"酳",7706
"狱",7701
"榕",7697
"蚯",7696
"喁",7695
"嘍",7692
"啗",7690
"䧏",7690
"綫",7687
"瘖",7678
"们",7676
"腓",7673
"氳",7664
"晓",7664
"踽",7664
"嶲",7663
"樾",7657
"旡",7656
"仭",7650
"蛭",7645
"頺",7641
"婪",7635
"幞",7627
"廱",7625
"諠",7621
"澎",7616
"嶢",7613
"餳",7606
"胫",7604
"誾",7595
"跬",7590
"癬",7574
"矻",7573
"𡩋",7571
"绢",7570
"嵒",7568
"癯",7567
"熖",7557
"癉",7545
"菓",7538
"牐",7538
"沍",7537
"憸",7533
"隲",7530
"劝",7528
"傚",7526
"郿",7524
"荚",7523
"喋",7522
"坌",7520
"劎",7514
"蛊",7506
"罏",7505
"𢃄",7504
"恫",7503
"酲",7501
"絨",7498
"磅",7490
"剧",7483
"窳",7481
"嚌",7479
"婕",7477
"颻",7470
"鬣",7467
"规",7466
"枹",7465
"猊",7463
"樛",7463
"驁",7462
"蠖",7460
"溽",7450
"茇",7448
"箜",7446
"淥",7443
"僃",7436
"煅",7436
"竑",7434
"闉",7422
"农",7415
"菡",7412
"憮",7401
"獐",7401
"怔",7400
"禜",7400
"㓗",7394
"篌",7390
"龠",7389
"蓯",7388
"颊",7383
"莩",7375
"苁",7363
"耍",7354
"荡",7353
"縋",7349
"槪",7346
"覦",7341
"澥",7338
"暂",7331
"愎",7326
"𡶶",7321
"嚏",7317
"渫",7305
"轢",7304
"勍",7298
"紕",7292
"挲",7288
"滬",7284
"蘅",7277
"蚡",7275
"湼",7273
"殭",7270
"择",7265
"蜻",7239
"錚",7230
"宾",7224
"铅",7219
"洁",7216
"赖",7214
"徯",7205
"櫪",7204
"厎",7201
"𠋣",7201
"鷰",7200
"臞",7198
"頏",7197
"驀",7195
"禖",7194
"朅",7188
"諼",7169
"鴒",7168
"臑",7168
"蜮",7168
"萧",7163
"蹬",7162
"鯽",7162
"簴",7144
"詖",7134
"嚚",7126
"擗",7125
"洳",7121
"螵",7119
"盅",7113
"瀏",7110
"歘",7110
"慥",7110
"斝",7108
"湓",7103
"熳",7103
"岭",7102
"𨗳",7100
"廙",7099
"酎",7098
"聪",7096
"肻",7092
"厪",7091
"鸇",7086
"趋",7085
"諴",7083
"錬",7076
"瞎",7074
"栴",7070
"袠",7066
"霎",7063
"憙",7056
"哕",7054
"埵",7054
"捆",7052
"嚢",7050
"瑭",7049
"团",7041
"螳",7041
"滤",7034
"𦕈",7032
"薯",7030
"楔",7017
"伾",7009
"濞",7007
"钦",7005
"舆",7003
"儗",6990
"揵",6978
"沚",6973
"斆",6973
"驾",6970
"呷",6970
"韠",6967
"癩",6957
"暵",6956
"箐",6952
"獬",6952
"蠍",6950
"卮",6942
"嵎",6942
"悮",6941
"鷦",6939
"擡",6938
"儺",6922
"軿",6922
"燁",6921
"崦",6920
"牴",6920
"渰",6917
"綯",6916
"玘",6915
"驰",6914
"吧",6911
"蕴",6901
"响",6900
"卣",6899
"蟇",6897
"忮",6890
"繻",6888
"痉",6885
"抓",6879
"𠔃",6872
"拮",6868
"戇",6867
"苜",6865
"齕",6859
"娜",6856
"腾",6855
"輴",6854
"悤",6850
"贪",6848
"捺",6848
"邅",6847
"硼",6840
"掞",6838
"襜",6837
"怜",6833
"嶙",6833
"蹀",6816
"鷃",6814
"伦",6810
"僰",6809
"邶",6802
"澱",6802
"蓀",6801
"閾",6801
"縗",6801
"搥",6799
"泐",6797
"銛",6795
"襴",6794
"䏻",6790
"糸",6786
"惸",6779
"飪",6776
"馹",6773
"絅",6773
"靺",6770
"牾",6768
"肸",6767
"癫",6767
"蠃",6764
"稾",6760
"蛆",6751
"磽",6750
"箬",6744
"佻",6742
"哆",6742
"瓴",6741
"丱",6741
"髩",6738
"檟",6737
"倆",6733
"蚀",6725
"蓿",6718
"渍",6717
"韩",6715
"糕",6715
"釃",6714
"矟",6698
"疣",6697
"賺",6693
"蝥",6690
"醐",6687
"褭",6681
"稳",6679
"摳",6677
"𦍑",6676
"穂",6673
"膨",6668
"蕋",6665
"鹤",6661
"瞍",6657
"蹰",6654
"嬈",6652
"嘵",6652
"憬",6650
"烱",6648
"唧",6646
"裵",6644
"耑",6643
"嶔",6642
"浼",6635
"讯",6634
"鷖",6634
"棕",6627
"穸",6626
"纈",6624
"凸",6616
"犇",6615
"呶",6604
"璁",6600
"殍",6599
"掺",6598
"纷",6591
"饜",6590
"轤",6589
"訏",6582
"泫",6579
"坳",6578
"岧",6574
"紞",6573
"抜",6573
"頋",6546
"坍",6539
"逌",6538
"浜",6538
"翀",6533
"縯",6528
"写",6526
"睺",6526
"鞾",6522
"犴",6522
"綣",6521
"璡",6519
"鑚",6518
"傒",6517
"灃",6507
"优",6505
"繾",6505
"压",6502
"撙",6502
"场",6500
"颶",6499
"帟",6496
"桿",6496
"溘",6496
"髏",6494
"啣",6494
"篝",6493
"崒",6486
"𭧂",6483
"㫌",6482
"踧",6467
"遝",6459
"藟",6459
"绳",6457
"匮",6452
"鞨",6452
"獰",6451
"綌",6446
"䄂",6442
"懟",6439
"苈",6438
"耉",6437
"婣",6436
"㺯",6432
"攖",6430
"鍚",6429
"塏",6428
"惨",6423
"鼗",6414
"惔",6410
"輶",6408
"㝡",6408
"泲",6406
"敌",6404
"潸",6403
"嫄",6402
"蓁",6398
"桥",6396
"锅",6389
"嘩",6386
"挖",6385
"沭",6384
"卨",6373
"噍",6372
"宪",6371
"銚",6369
"卲",6367
"硤",6366
"绍",6361
"漯",6361
"槧",6358
"磻",6353
"藂",6343
"螂",6338
"匭",6337
"劘",6336
"馀",6335
"皈",6334
"鄄",6333
"枰",6329
"綁",6328
"炕",6320
"巂",6317
"疢",6313
"龄",6309
"郈",6306
"窬",6302
"抖",6299
"瀣",6297
"氅",6295
"厖",6285
"谬",6279
"擋",6277
"筥",6271
"炅",6270
"创",6270
"勔",6264
"禩",6264
"頔",6255
"𨕖",6250
"垍",6249
"㪷",6248
"晻",6246
"纉",6246
"蜓",6242
"挥",6241
"暱",6240
"厌",6240
"鄩",6238
"瑑",6236
"濊",6235
"縂",6231
"僎",6228
"頠",6218
"瞪",6216
"甁",6210
"径",6209
"蛄",6206
"婴",6206
"糅",6194
"罝",6194
"鷟",6188
"疴",6187
"敭",6185
"汐",6179
"梃",6177
"赬",6173
"阶",6172
"癣",6171
"贮",6168
"岔",6168
"爕",6167
"胾",6167
"㢤",6167
"𥿄",6163
"剴",6161
"访",6160
"鍪",6160
"壖",6159
"鏊",6157
"胯",6155
"瘙",6153
"鞘",6153
"郫",6152
"幬",6152
"麞",6149
"呱",6145
"蛔",6143
"剸",6142
"线",6141
"残",6138
"蔲",6137
"檉",6135
"嫣",6132
"脰",6122
"閴",6122
"沄",6113
"舳",6110
"纹",6109
"韃",6107
"斸",6106
"卅",6105
"羝",6094
"瀍",6091
"绕",6087
"橡",6085
"毙",6085
"鬂",6083
"撕",6080
"壌",6080
"咯",6077
"臊",6073
"篾",6072
"丽",6071
"喆",6069
"隩",6069
"獼",6068
"暍",6063
"夠",6062
"剜",6060
"餠",6054
"蕆",6052
"藶",6051
"絇",6048
"畅",6046
"讋",6025
"齗",6024
"閡",6017
"检",6014
"蠭",6010
"犄",6006
"㷀",6006
"韎",6003
"衔",6001
"韁",5996
"袷",5992
"峡",5991
"辈",5987
"隮",5987
"厉",5985
"窀",5983
"捽",5980
"柁",5964
"魋",5961
"伪",5958
"淼",5955
"斚",5955
"闤",5947
"垤",5943
"驎",5942
"薷",5934
"縕",5932
"孼",5928
"挼",5923
"檗",5920
"嫦",5913
"螣",5905
"瓛",5903
"蛉",5900
"鬐",5899
"鞦",5898
"馆",5896
"窜",5892
"蕎",5891
"橛",5889
"蹐",5888
"蒭",5888
"褶",5887
"吭",5887
"慽",5883
"歃",5876
"潏",5873
"縲",5871
"騃",5869
"枌",5856
"憺",5847
"愊",5847
"喂",5845
"联",5843
"頵",5842
"蜴",5840
"畊",5840
"旴",5838
"蹠",5838
"顽",5833
"洱",5832
"阵",5830
"诛",5827
"涑",5820
"菔",5814
"阱",5813
"踖",5812
"娩",5811
"孌",5804
"韡",5803
"鷩",5803
"撈",5799
"谈",5798
"𥙿",5798
"廆",5793
"瞢",5783
"酇",5781
"峋",5781
"磑",5778
"罃",5777
"鏹",5776
"嗛",5773
"曈",5771
"蛀",5766
"刓",5766
"禡",5763
"矰",5763
"幰",5762
"澨",5754
"诵",5751
"佉",5743
"穣",5743
"诀",5739
"晬",5739
"耤",5737
"虖",5736
"拨",5735
"焮",5732
"躪",5730
"嶄",5730
"畮",5730
"摰",5727
"軔",5725
"錞",5724
"紲",5722
"䆳",5722
"汔",5719
"黟",5716
"麇",5714
"鋏",5711
"暦",5710
"薳",5707
"洟",5707
"綮",5706
"坛",5706
"齔",5705
"淝",5705
"欖",5701
"琿",5698
"叮",5697
"翃",5693
"戞",5689
"嫚",5686
"鵩",5686
"綝",5678
"囓",5676
"謩",5675
"賕",5671
"戏",5669
"髑",5668
"嚷",5668
"觳",5664
"咥",5663
"镜",5661
"蓆",5660
"瑠",5654
"漭",5653
"桁",5650
"柤",5650
"捋",5649
"轔",5649
"秊",5647
"譫",5646
"醆",5646
"麕",5642
"笮",5631
"㩦",5630
"鬴",5628
"锐",5622
"趯",5621
"茘",5620
"竚",5618
"詿",5617
"眎",5611
"𠕂",5603
"筓",5601
"覡",5600
"𡖖",5594
"蝣",5593
"芨",5591
"脤",5587
"懴",5585
"飇",5582
"侁",5574
"羑",5572
"浑",5564
"楛",5563
"蕢",5563
"鋌",5561
"筲",5560
"餔",5560
"担",5556
"懍",5555
"邰",5551
"蝠",5550
"硎",5547
"褎",5539
"雊",5535
"憨",5534
"愒",5533
"觱",5532
"芤",5527
"昩",5525
"醎",5523
"粃",5521
"亁",5519
"饰",5515
"橄",5512
"闑",5506
"䜴",5504
"狭",5503
"餮",5501
"傕",5492
"玁",5483
"鵶",5475
"棻",5474
"稊",5473
"踉",5471
"佽",5470
"詼",5469
"缠",5468
"鍜",5465
"舃",5461
"话",5459
"呦",5458
"沇",5447
"䆒",5447
"蘼",5445
"鵜",5442
"輭",5441
"鵾",5441
"闠",5435
"蒍",5433
"徬",5430
"顫",5427
"諝",5424
"棖",5418
"䭾",5416
"𠰥",5413
"穌",5412
"鼯",5406
"鸂",5399
"噩",5396
"蝮",5394
"炽",5394
"萏",5390
"泂",5388
"雯",5383
"醑",5383
"嵊",5370
"贱",5368
"艰",5364
"鈆",5362
"檮",5348
"盬",5348
"迕",5347
"勋",5347
"惛",5344
"舷",5340
"蟊",5334
"弢",5331
"鍰",5331
"荄",5331
"濘",5331
"苣",5321
"旽",5318
"𭅺",5312
"黶",5308
"鐶",5306
"捃",5303
"芼",5300
"澔",5300
"穪",5300
"鷯",5297
"歪",5296
"髒",5294
"兽",5290
"虩",5289
"蛺",5283
"鞕",5281
"曀",5280
"溍",5271
"跽",5270
"蓏",5269
"匜",5269
"琖",5264
"琱",5264
"灔",5262
"遆",5262
"咿",5260
"洿",5259
"惩",5258
"饁",5258
"跏",5257
"睟",5257
"鋋",5253
"偲",5253
"窑",5253
"軛",5240
"尠",5239
"皝",5239
"幂",5234
"楙",5226
"馗",5226
"鐔",5224
"蚋",5222
"攴",5222
"嚭",5221
"皞",5211
"讨",5207
"玭",5205
"詶",5194
"虓",5188
"阬",5188
"卢",5186
"缚",5185
"絫",5183
"嵋",5181
"窿",5180
"滻",5178
"鋩",5175
"檇",5173
"𠫵",5173
"貅",5169
"悻",5169
"帮",5163
"牁",5162
"糺",5157
"谥",5156
"秭",5153
"渌",5152
"舵",5150
"睜",5150
"秕",5143
"椰",5142
"揑",5140
"酧",5139
"擱",5138
"躳",5138
"貙",5133
"蛋",5125
"鴇",5125
"酖",5123
"竁",5121
"欻",5116
"鸕",5110
"鶬",5109
"恡",5109
"买",5107
"邲",5107
"禔",5103
"酗",5102
"僴",5102
"㮣",5100
"䛕",5100
"屩",5093
"蠙",5092
"悱",5087
"芜",5085
"浯",5074
"玨",5073
"晢",5069
"烖",5068
"巿",5067
"桮",5067
"廑",5064
"袱",5061
"捴",5060
"竞",5059
"泆",5057
"辮",5054
"蜥",5050
"测",5040
"艙",5040
"亰",5040
"萝",5039
"鋟",5039
"涙",5039
"鸿",5038
"舐",5035
"酴",5035
"咋",5032
"螘",5032
"獒",5031
"踔",5030
"颠",5025
"枻",5016
"蚪",5013
"孶",5011
"咷",5007
"嘒",4996
"捩",4996
"凊",4994
"妲",4987
"尫",4986
"鎚",4985
"𭔃",4983
"嫖",4982
"魃",4973
"皚",4971
"傀",4970
"溈",4967
"甗",4964
"辽",4963
"霪",4957
"鉄",4956
"縀",4955
"伻",4949
"颂",4949
"儵",4947
"洌",4944
"苹",4944
"厫",4941
"㫄",4937
"襆",4934
"娓",4933
"蜋",4920
"让",4919
"憖",4917
"蕕",4912
"咆",4907
"讟",4906
"鴂",4904
"姮",4904
"赶",4901
"摊",4900
"鸜",4898
"劌",4895
"瘻",4892
"枿",4890
"赳",4890
"躄",4882
"婷",4880
"芘",4878
"罚",4863
"悁",4861
"耎",4859
"唆",4855
"楗",4848
"喏",4848
"泖",4846
"湆",4844
"屧",4841
"澒",4838
"瞖",4837
"醲",4834
"蝙",4827
"网",4826
"眊",4821
"憝",4819
"仡",4809
"卄",4809
"滏",4807
"甡",4805
"罣",4803
"荽",4799
"巗",4792
"臙",4791
"杙",4787
"糵",4784
"楅",4783
"瀬",4779
"犨",4778
"妳",4776
"詧",4776
"鎡",4773
"洼",4771
"肪",4768
"靼",4766
"㝛",4764
"贺",4762
"麛",4762
"㮚",4762
"倔",4761
"忸",4757
"匃",4756
"扱",4751
"垛",4751
"爚",4748
"釭",4748
"朒",4746
"㬥",4740
"肜",4737
"鰌",4736
"齍",4735
"邻",4732
"渢",4729
"𢰅",4728
"礟",4724
"樅",4721
"餬",4719
"酩",4718
"㾗",4716
"阽",4715
"牷",4714
"帘",4713
"氂",4712
"嶤",4711
"酏",4711
"顇",4710
"稌",4708
"庐",4708
"销",4707
"谦",4707
"噀",4706
"輊",4705
"黧",4703
"剑",4702
"秸",4701
"捎",4698
"歊",4698
"韆",4698
"蜼",4698
"鱷",4695
"裛",4689
"鄗",4683
"练",4681
"淶",4681
"询",4676
"浞",4666
"褂",4666
"侠",4665
"罾",4661
"蟣",4661
"賬",4660
"櫨",4659
"恼",4659
"礿",4657
"栲",4656
"脗",4655
"瞶",4653
"拴",4653
"蝀",4651
"浿",4650
"魍",4648
"睚",4648
"醵",4643
"懔",4642
"蜣",4639
"𡸁",4635
"帅",4633
"噱",4630
"齷",4628
"癇",4628
"蒱",4627
"埔",4627
"柅",4626
"嫵",4626
"怊",4625
"桅",4623
"綖",4621
"扭",4620
"岢",4619
"辩",4613
"羖",4610
"俵",4607
"楩",4606
"酊",4606
"𤯝",4605
"呃",4599
"岵",4599
"躕",4598
"㨾",4596
"谛",4591
"嬙",4588
"酅",4588
"嫻",4586
"亊",4586
"鐲",4580
"㡳",4574
"迍",4573
"烛",4573
"雾",4573
"唸",4568
"幪",4561
"缝",4557
"璪",4556
"醻",4555
"壎",4554
"鋐",4547
"擩",4546
"媮",4542
"胚",4541
"蕈",4541
"鹅",4540
"娵",4540
"鏟",4532
"𨳩",4531
"轘",4527
"廽",4523
"铺",4521
"瘝",4520
"醤",4515
"蹷",4513
"銍",4512
"轩",4511
"炉",4511
"样",4508
"奋",4508
"塼",4507
"儈",4498
"狖",4494
"眈",4493
"鰕",4488
"𠅤",4484
"榘",4482
"嗃",4481
"珦",4479
"繐",4473
"墙",4471
"唫",4471
"攽",4470
"踦",4465
"婭",4465
"慆",4464
"傉",4461
"雘",4460
"巇",4459
"漷",4459
"軷",4456
"璚",4449
"恝",4446
"䑛",4442
"麑",4440
"熔",4435
"邜",4435
"唶",4431
"龢",4431
"搓",4430
"曏",4428
"耇",4426
"鋹",4426
"菼",4424
"罥",4424
"霣",4424
"欤",4421
"鈺",4421
"灕",4419
"慴",4414
"腧",4413
"掐",4408
"歠",4407
"痙",4407
"窰",4404
"褖",4403
"珝",4402
"惬",4396
"襞",4394
"頳",4388
"垜",4388
"鑴",4387
"涴",4386
"躯",4377
"絙",4373
"逑",4373
"耰",4372
"禬",4372
"敻",4371
"篦",4370
"蘢",4370
"䖝",4366
"剄",4362
"贾",4360
"箧",4360
"眦",4358
"籞",4357
"韐",4357
"噙",4355
"饷",4352
"剞",4352
"豌",4352
"褾",4352
"㽞",4349
"豋",4347
"甒",4345
"摟",4342
"緄",4341
"荟",4339
"薢",4338
"攺",4333
"翾",4331
"廋",4331
"蠁",4330
"舩",4324
"駔",4322
"囤",4321
"鼾",4317
"衺",4317
"傖",4314
"沟",4312
"眂",4312
"锋",4308
"偿",4304
"卖",4299
"笃",4298
"畞",4298
"颸",4297
"鬷",4296
"繰",4294
"媺",4294
"桄",4289
"崟",4289
"稂",4287
"姣",4285
"捱",4285
"粼",4284
"垕",4283
"茝",4272
"罋",4272
"硜",4270
"喎",4268
"柶",4264
"劂",4263
"嬸",4259
"駉",4258
"蠏",4253
"唘",4249
"箝",4242
"莉",4240
"餱",4240
"鹺",4238
"饎",4237
"槱",4237
"篔",4236
"趄",4232
"𤦺",4231
"獪",4230
"藳",4228
"𢌞",4228
"笱",4223
"䲭",4222
"颷",4218
"嶪",4218
"癧",4218
"臛",4216
"佥",4214
"襌",4214
"讫",4212
"湑",4212
"鍍",4211
"餚",4210
"妯",4210
"淯",4206
"篴",4206
"罳",4204
"膋",4204
"児",4204
"扫",4202
"迯",4192
"饅",4189
"絏",4187
"宠",4177
"璲",4176
"啚",4176
"韈",4175
"啁",4174
"噭",4173
"层",4173
"砢",4173
"轓",4167
"洑",4164
"𠡠",4155
"騅",4151
"𠈁",4150
"漙",4143
"㕑",4142
"灧",4141
"崚",4136
"媸",4134
"隹",4130
"佘",4124
"靷",4123
"鼷",4122
"渼",4118
"崐",4109
"韍",4108
"帀",4095
"筹",4094
"鼃",4091
"瞠",4091
"谒",4091
"韉",4087
"𫝑",4086
"倥",4081
"铭",4079
"茉",4076
"囟",4075
"丛",4073
"孃",4073
"櫚",4071
"椑",4067
"澦",4067
"罸",4066
"𠋫",4066
"螈",4064
"峥",4064
"斕",4058
"魎",4057
"崞",4056
"鄊",4056
"饟",4053
"詗",4053
"嘽",4050
"爝",4048
"虻",4047
"稲",4045
"冯",4044
"枘",4044
"雱",4043
"咮",4042
"騄",4041
"鶺",4039
"鞚",4039
"謦",4038
"獞",4038
"觝",4035
"鑷",4035
"巓",4033
"坯",4030
"臝",4030
"𣴑",4028
"瘈",4025
"崿",4022
"𥝠",4022
"椘",4022
"颭",4019
"杻",4015
"䆫",4015
"憯",4012
"璐",4009
"闃",4008
"嬛",4007
"唄",4007
"閿",4006
"儇",4006
"冞",4004
"痤",4003
"遛",4002
"舠",4002
"骰",4001
"泬",3999
"蚍",3992
"蹭",3989
"蓰",3988
"鎌",3988
"缉",3986
"鳲",3982
"俑",3977
"纕",3973
"甖",3972
"栱",3971
"尧",3966
"褧",3965
"焱",3961
"䓁",3961
"簉",3958
"闽",3955
"拥",3954
"虾",3952
"觿",3951
"饞",3949
"瀲",3946
"嘐",3943
"槲",3941
"紒",3938
"靁",3938
"吶",3937
"朘",3934
"暁",3931
"蔹",3930
"腯",3928
"凂",3927
"拣",3926
"翽",3923
"䓻",3922
"咲",3913
"彄",3911
"灊",3910
"萹",3901
"婼",3900
"繶",3898
"餧",3897
"隃",3897
"嶒",3897
"檔",3895
"冻",3893
"韝",3893
"幀",3892
"趲",3891
"𣗥",3891
"欎",3889
"㳙",3889
"嚨",3888
"毯",3887
"頞",3880
"毉",3879
"蠋",3877
"簏",3872
"贗",3872
"攏",3866
"絁",3863
"鸑",3862
"顴",3861
"鴝",3859
"呴",3856
"鈒",3854
"瓿",3853
"𠤎",3852
"墁",3850
"紝",3849
"勩",3849
"𢖍",3849
"塈",3848
"汊",3847
"眵",3847
"骤",3846
"飣",3846
"靥",3844
"嫓",3844
"睒",3840
"鯖",3840
"幇",3838
"鏌",3837
"货",3832
"輹",3832
"瘋",3832
"牣",3830
"幺",3829
"樺",3827
"篥",3827
"媢",3826
"騤",3826
"澼",3823
"哷",3821
"晙",3821
"递",3820
"䜿",3820
"觖",3808
"汇",3807
"瘲",3807
"凾",3805
"瓞",3805
"绪",3801
"鄶",3795
"髹",3792
"簌",3792
"儡",3791
"耔",3789
"臡",3788
"篲",3785
"嗢",3782
"鮐",3782
"灩",3781
"汸",3781
"俙",3781
"戣",3780
"唏",3778
"魘",3774
"娌",3774
"囁",3769
"毿",3769
"惙",3765
"襠",3763
"胛",3761
"唤",3760
"跸",3760
"漈",3757
"籧",3756
"鼽",3754
"囗",3751
"𠖇",3748
"构",3747
"㛰",3746
"嶴",3745
"煠",3744
"喔",3743
"廌",3741
"鞵",3739
"銕",3738
"焕",3737
"謊",3736
"嫺",3735
"獫",3735
"组",3735
"讳",3732
"逬",3728
"赈",3728
"爓",3728
"鐍",3725
"昫",3724
"䍐",3724
"镑",3721
"螬",3719
"闒",3718
"皜",3717
"妺",3717
"饵",3715
"巹",3714
"絓",3713
"蘺",3712
"珎",3712
"熛",3709
"褕",3708
"摐",3707
"瑇",3706
"繯",3705
"閧",3704
"鼕",3703
"璥",3701
"扌",3700
"盭",3698
"胔",3693
"韌",3693
"齦",3692
"䞇",3692
"箒",3690
"龈",3690
"咻",3689
"漊",3685
"鑛",3683
"尨",3683
"狴",3679
"耼",3678
"鷥",3677
"㗖",3674
"谏",3672
"騈",3670
"鬃",3669
"碟",3667
"謎",3661
"緍",3659
"课",3657
"媲",3657
"织",3657
"楪",3657
"縐",3656
"敉",3654
"鍠",3649
"笴",3647
"麰",3645
"滥",3645
"爟",3643
"苽",3641
"抔",3640
"鏢",3637
"倮",3636
"脞",3635
"庋",3634
"趫",3632
"炰",3627
"恇",3623
"𥠖",3623
"瀁",3618
"癱",3616
"穜",3613
"甆",3612
"鳞",3610
"硇",3610
"鷀",3608
"偎",3607
"稺",3607
"婀",3604
"芣",3604
"貤",3600
"唬",3600
"旷",3596
"鷇",3595
"糈",3595
"𥙊",3588
"咍",3581
"簨",3580
"鷸",3578
"绩",3577
"杕",3577
"惎",3576
"涣",3573
"顦",3571
"掙",3568
"閌",3568
"俭",3567
"嚅",3567
"躒",3563
"㫤",3562
"𢑴",3562
"鲤",3560
"齏",3558
"鼒",3554
"𩯭",3554
"崕",3550
"洚",3549
"簹",3541
"贻",3541
"経",3540
"縡",3539
"嘷",3537
"凳",3534
"㶚",3533
"柎",3530
"漶",3530
"蝱",3525
"忪",3523
"轨",3522
"堧",3519
"靛",3517
"佼",3516
"抆",3514
"藋",3512
"椓",3512
"疉",3509
"惝",3506
"玅",3505
"挪",3505
"驳",3503
"狻",3502
"窥",3502
"狺",3500
"眶",3497
"麌",3487
"嘅",3487
"臈",3486
"齮",3482
"糢",3482
"旎",3477
"跷",3476
"菏",3476
"鑕",3470
"姹",3470
"钜",3470
"湃",3468
"禭",3468
"直",3468
"獍",3464
"茺",3462
"蒻",3461
"骇",3459
"屺",3458
"僩",3456
"㩁",3456
"猒",3449
"関",3449
"瓈",3447
"醿",3446
"膰",3445
"儞",3444
"亩",3442
"胼",3440
"唵",3436
"绛",3434
"灂",3432
"玢",3432
"酿",3426
"襮",3426
"舲",3425
"橦",3424
"辉",3418
"抢",3416
"梲",3414
"訌",3414
"薾",3414
"殑",3412
"㐲",3410
"痏",3398
"钞",3398
"蕷",3397
"菆",3390
"蚘",3390
"裯",3388
"贔",3387
"衊",3386
"銼",3384
"躚",3383
"茒",3376
"歜",3371
"簜",3367
"睪",3366
"祅",3363
"蝝",3363
"軄",3362
"怦",3360
"荜",3359
"駃",3355
"斮",3354
"珅",3353
"悕",3352
"㦯",3350
"蜎",3349
"鯈",3349
"鉷",3348
"穟",3347
"軨",3347
"痨",3347
"齠",3345
"蠐",3343
"帐",3341
"蔌",3340
"蔘",3339
"鰓",3337
"眯",3337
"酡",3336
"镶",3334
"唔",3334
"鎩",3330
"塿",3330
"簑",3329
"訒",3328
"坱",3327
"褪",3323
"棓",3321
"扒",3321
"恟",3318
"籕",3318
"媟",3317
"阖",3317
"臲",3316
"搤",3315
"岏",3313
"瘾",3309
"筞",3309
"癤",3306
"窋",3305
"涤",3303
"鎊",3303
"巅",3303
"豗",3302
"楬",3298
"滃",3297
"紃",3297
"蓖",3296
"𪔂",3296
"諟",3288
"埧",3287
"绥",3284
"熇",3284
"鱖",3283
"鞌",3282
"𢬵",3280
"昪",3279
"嶰",3279
"赩",3276
"姞",3274
"骂",3271
"頖",3268
"劲",3266
"跃",3265
"铢",3265
"殀",3262
"誶",3258
"郪",3254
"豻",3252
"箑",3251
"皛",3247
"袐",3247
"钵",3243
"刅",3241
"峀",3240
"碼",3237
"牿",3236
"舋",3234
"鍮",3230
"蠒",3230
"鵁",3223
"牎",3223
"訇",3221
"騧",3218
"謌",3218
"砰",3216
"蜷",3216
"雰",3207
"睎",3203
"堨",3201
"橰",3199
"謏",3196
"佀",3194
"窊",3194
"厂",3193
"驿",3193
"朩",3190
"聱",3186
"擻",3185
"鐮",3185
"嵫",3183
"鶱",3181
"禠",3180
"譊",3179
"旖",3178
"墖",3176
"锁",3174
"縿",3171
"璮",3170
"储",3169
"佖",3169
"縚",3168
"嘹",3163
"嶁",3161
"戳",3160
"惭",3158
"拶",3151
"萁",3148
"胠",3148
"跧",3148
"頍",3145
"蓟",3145
"湇",3145
"戹",3143
"燐",3139
"拼",3139
"愤",3138
"瘅",3138
"窞",3137
"摴",3136
"锻",3136
"檎",3136
"湋",3135
"瘿",3132
"濙",3132
"琤",3132
"賨",3130
"档",3130
"梱",3123
"唼",3122
"鷴",3121
"樝",3120
"磈",3119
"浡",3116
"诬",3115
"蹢",3107
"綎",3106
"蚳",3105
"嚀",3104
"釂",3104
"痠",3103
"呜",3102
"蜆",3102
"砮",3101
"莨",3099
"刧",3098
"惄",3097
"纇",3094
"𥘉",3094
"囏",3093
"讝",3093
"诈",3092
"陿",3092
"劚",3091
"跱",3090
"駹",3088
"忆",3087
"傔",3087
"珵",3085
"肹",3085
"姱",3083
"珤",3083
"欿",3079
"颐",3078
"酱",3076
"俏",3075
"靉",3075
"忼",3072
"癞",3072
"诞",3072
"脬",3071
"队",3069
"颿",3066
"箙",3066
"𤍞",3066
"碏",3063
"铃",3063
"姫",3063
"縧",3062
"澘",3061
"擭",3059
"傥",3058
"讼",3057
"薝",3055
"麀",3055
"鸭",3055
"鮎",3052
"旀",3050
"鵓",3048
"螗",3047
"廒",3046
"裀",3041
"欃",3035
"颗",3035
"琼",3033
"柙",3032
"痓",3032
"碰",3029
"憗",3029
"埂",3028
"鬨",3026
"躞",3024
"嵂",3021
"脀",3020
"虙",3019
"蟪",3016
"釅",3015
"龯",3010
"艋",3009
"蜑",3006
"寍",3004
"啊",3004
"荫",2998
"踶",2996
"犛",2996
"軏",2994
"衕",2991
"嘱",2990
"篨",2988
"鄼",2987
"岊",2984
"柂",2982
"俁",2981
"橚",2981
"黮",2980
"惮",2980
"偘",2980
"墐",2979
"𩰚",2978
"暕",2977
"譸",2976
"纆",2975
"縓",2974
"茈",2973
"懂",2972
"滫",2971
"蟜",2970
"尭",2969
"厅",2968
"蛮",2966
"蚶",2966
"𫆀",2960
"骯",2959
"肎",2956
"绅",2953
"鶖",2949
"郳",2949
"矞",2947
"衅",2945
"仵",2943
"粽",2943
"蕝",2941
"亿",2940
"奫",2939
"愦",2936
"悋",2931
"堉",2930
"僶",2929
"毌",2929
"奖",2927
"疖",2926
"薿",2924
"溆",2922
"𨿽",2919
"搯",2918
"肵",2917
"凿",2913
"㶑",2908
"鱄",2906
"讁",2904
"逥",2903
"栋",2901
"迮",2900
"裦",2897
"醨",2897
"餈",2894
"熺",2893
"鸾",2893
"俅",2893
"髥",2892
"醃",2892
"葙",2889
"僾",2887
"戅",2886
"泒",2885
"瀠",2883
"礧",2882
"皪",2881
"鵂",2876
"誉",2874
"虒",2872
"眹",2871
"跕",2870
"怩",2870
"喤",2867
"曨",2867
"訑",2865
"骫",2865
"厤",2864
"摵",2863
"锺",2860
"蕾",2860
"鶄",2858
"伷",2856
"鬍",2854
"巃",2853
"捭",2849
"輀",2848
"岣",2848
"跫",2847
"檿",2846
"觽",2846
"韦",2844
"蝤",2840
"贜",2840
"絍",2834
"氍",2831
"饶",2830
"玃",2829
"胳",2825
"㴱",2824
"倓",2824
"𠂀",2824
"贲",2823
"麂",2822
"鞀",2822
"漼",2818
"薁",2816
"旼",2814
"峝",2812
"饍",2809
"軓",2805
"旜",2805
"袗",2803
"搠",2803
"鵙",2803
"𨗇",2802
"糚",2795
"坵",2794
"麃",2794
"欑",2793
"飘",2793
"晛",2793
"茢",2792
"阔",2789
"葯",2789
"鰻",2789
"翿",2789
"棰",2788
"屭",2786
"躥",2784
"靶",2783
"慫",2783
"痱",2782
"妁",2777
"箆",2776
"疠",2773
"炸",2772
"烁",2769
"滷",2768
"卛",2764
"屁",2761
"莵",2761
"鄺",2759
"鱔",2753
"晧",2752
"哑",2750
"眴",2749
"鰐",2747
"崈",2745
"圳",2742
"瘐",2740
"乔",2740
"岨",2738
"帬",2737
"籽",2736
"闾",2735
"繘",2733
"胏",2731
"攲",2728
"葚",2728
"跚",2727
"髤",2726
"鱧",2725
"𣵀",2725
"痟",2724
"揠",2724
"懮",2724
"蹯",2724
"閠",2723
"憕",2719
"箍",2718
"矼",2717
"贋",2717
"濈",2716
"湾",2716
"垞",2716
"祯",2714
"輗",2713
"禨",2711
"椶",2711
"噏",2707
"豶",2707
"搘",2707
"氵",2703
"睆",2702
"褌",2702
"茌",2702
"蚺",2702
"缪",2701
"鼖",2701
"爌",2700
"篳",2698
"嵸",2696
"笼",2693
"鏄",2691
"妆",2689
"卼",2686
"醓",2686
"㨂",2686
"珧",2685
"笭",2685
"湢",2683
"𡨚",2683
"瘉",2681
"戺",2681
"蒴",2680
"雚",2678
"嫰",2678
"醁",2676
"懨",2674
"骭",2671
"呐",2670
"覼",2670
"嚲",2668
"泇",2667
"埳",2666
"蠓",2666
"壍",2665
"㳫",2665
"蜊",2664
"鶼",2659
"沗",2658
"鳷",2657
"㶁",2656
"泅",2653
"惫",2653
"穄",2650
"埓",2650
"瀡",2650
"爀",2650
"儛",2649
"胊",2649
"轕",2648
"鈸",2648
"獯",2647
"吽",2647
"黈",2646
"诉",2642
"蹁",2642
"呰",2639
"䖟",2639
"抝",2639
"痃",2638
"愓",2636
"漵",2635
"苢",2633
"瑴",2630
"瘫",2630
"稑",2629
"柜",2627
"豭",2622
"芁",2621
"㱕",2620
"蔴",2618
"揶",2618
"苇",2617
"驴",2617
"乩",2616
"稈",2615
"畴",2614
"駡",2612
"绣",2610
"喣",2610
"輤",2610
"醳",2609
"纶",2608
"䥴",2608
"瞤",2606
"踘",2604
"櫽",2604
"懥",2602
"壶",2601
"潾",2599
"鋮",2598
"鞉",2597
"擥",2596
"鹊",2596
"螮",2596
"𡙡",2596
"邓",2594
"揪",2594
"箾",2593
"峘",2593
"睞",2592
"晼",2592
"燻",2590
"橅",2587
"诱",2584
"蔦",2584
"騋",2584
"蟈",2584
"殢",2583
"鄮",2581
"弆",2580
"㯶",2580
"鍬",2579
"汋",2576
"抶",2573
"簦",2572
"鱟",2572
"沲",2571
"掦",2571
"坟",2570
"㬋",2567
"橑",2567
"慺",2565
"讅",2565
"猘",2564
"桯",2564
"铸",2562
"颔",2562
"鼛",2561
"谟",2560
"邗",2559
"窌",2558
"慓",2557
"𡮢",2557
"吵",2554
"恳",2553
"礁",2553
"迆",2552
"畺",2550
"駈",2548
"筰",2547
"礲",2546
"璝",2546
"倻",2546
"盝",2543
"忳",2541
"紟",2541
"宷",2540
"襢",2538
"喲",2537
"瞷",2536
"旉",2533
"鬓",2531
"鱓",2531
"钓",2530
"醸",2525
"渎",2523
"渔",2521
"訿",2521
"俐",2521
"攛",2518
"荥",2518
"㦲",2516
"婇",2514
"蹏",2509
"幛",2509
"眭",2508
"珈",2508
"鰍",2508
"詑",2508
"电",2506
"诰",2502
"迩",2499
"汕",2498
"旍",2497
"勷",2497
"𧷢",2497
"纠",2496
"恋",2495
"窝",2494
"欞",2493
"鬒",2485
"騕",2485
"𫟍",2476
"逯",2475
"昀",2467
"犫",2467
"驌",2463
"阐",2461
"践",2458
"茷",2458
"霂",2457
"圬",2456
"踆",2455
"倧",2453
"犆",2452
"娀",2451
"羼",2448
"蝌",2448
"騣",2448
"齲",2445
"竖",2444
"鶹",2444
"崱",2443
"鍭",2442
"湞",2442
"酃",2441
"棬",2439
"鷫",2437
"頟",2436
"髢",2433
"菪",2433
"篘",2430
"颁",2429
"鶂",2427
"駼",2427
"蕐",2426
"译",2425
"鎪",2423
"楶",2421
"憀",2421
"鱮",2421
"猋",2420
"彳",2418
"姧",2415
"糒",2414
"艎",2412
"鼬",2411
"矱",2410
"幨",2409
"笫",2403
"朙",2400
"牸",2398
"湩",2396
"殣",2396
"隟",2392
"榨",2392
"癮",2390
"碕",2390
"亻",2389
"伃",2386
"钁",2386
"幵",2384
"沕",2381
"燀",2379
"戬",2379
"焫",2375
"蜨",2375
"罙",2375
"麏",2373
"𢦙",2371
"獘",2370
"緅",2370
"鴽",2370
"梈",2370
"纑",2368
"𥡴",2363
"燖",2362
"嗒",2362
"咧",2362
"傃",2362
"衹",2360
"谅",2357
"晊",2356
"珌",2356
"彯",2355
"凴",2354
"脢",2353
"碇",2353
"嬗",2351
"鞓",2350
"蹺",2349
"𢘆",2347
"僝",2346
"哿",2346
"圊",2346
"柈",2345
"叭",2344
"偰",2344
"贷",2342
"癒",2341
"秠",2341
"轇",2341
"璅",2340
"磎",2337
"簍",2337
"抨",2333
"𠕋",2333
"㩀",2333
"彴",2332
"薅",2330
"漩",2329
"鱐",2329
"蘘",2328
"饴",2327
"飀",2323
"觕",2321
"鼏",2318
"𨜮",2317
"𤋮",2316
"励",2314
"睍",2314
"𥂁",2314
"籛",2313
"蕺",2311
"蜾",2311
"蘀",2309
"汹",2308
"赍",2308
"柲",2307
"悢",2305
"忄",2297
"痁",2294
"㽦",2293
"牯",2292
"薹",2291
"幗",2290
"哢",2290
"螿",2289
"癈",2288
"撅",2288
"骹",2287
"熯",2286
"钗",2286
"焄",2285
"衚",2282
"窽",2281
"纤",2280
"伟",2278
"枪",2278
"趑",2278
"舗",2276
"䌫",2276
"栘",2275
"糙",2275
"锭",2275
"㰱",2274
"蛹",2272
"諐",2271
"嫫",2271
"堲",2270
"韮",2268
"铫",2266
"㙮",2266
"舴",2265
"棜",2265
"㹠",2263
"鶗",2262
"棁",2262
"嗄",2260
"陇",2254
"瓖",2251
"黲",2250
"瘓",2248
"巑",2247
"騊",2247
"甽",2246
"鯫",2244
"鸠",2242
"涬",2242
"髲",2240
"𦔳",2240
"籯",2239
"坝",2238
"姍",2237
"撟",2237
"苋",2235
"搪",2234
"诘",2233
"潨",2232
"猓",2231
"籹",2231
"鶒",2229
"鯿",2227
"䬃",2226
"鼫",2224
"玼",2224
"䍦",2223
"蝻",2222
"欸",2219
"搉",2218
"搃",2218
"窦",2217
"𨓏",2212
"掏",2211
"鸦",2211
"癜",2209
"呿",2209
"鄀",2208
"岍",2207
"𥘵",2207
"匽",2206
"媫",2204
"鯊",2203
"涧",2200
"沦",2199
"臮",2197
"阎",2196
"箘",2195
"睑",2195
"葍",2195
"哼",2191
"鬳",2191
"鞲",2190
"豝",2190
"霔",2189
"唎",2187
"艳",2186
"傜",2184
"釰",2184
"淟",2183
"宀",2182
"飰",2182
"窾",2181
"籮",2181
"蝘",2180
"搒",2179
"𧄍",2176
"靮",2175
"迈",2174
"蚰",2173
"厩",2171
"皙",2171
"痣",2171
"甪",2171
"鵻",2171
"琫",2170
"総",2170
"讹",2169
"趼",2169
"囱",2169
"霙",2168
"䍧",2165
"繂",2164
"缴",2163
"稧",2162
"邹",2160
"龡",2160
"肭",2160
"牗",2158
"帡",2158
"呬",2158
"侫",2154
"痎",2154
"皱",2154
"疐",2154
"遰",2154
"矫",2152
"痪",2151
"嘬",2151
"甔",2150
"稡",2150
"槥",2148
"痡",2148
"滈",2146
"駵",2146
"昝",2145
"屮",2141
"仃",2140
"淰",2140
"𡨥",2137
"砑",2136
"鞔",2135
"浟",2134
"敧",2133
"蚧",2131
"脽",2131
"𧇊",2131
"绮",2130
"莬",2130
"仳",2129
"宲",2127
"賮",2126
"勱",2124
"鍧",2122
"螾",2121
"毹",2116
"敓",2116
"憹",2115
"穵",2114
"椵",2114
"𨚫",2112
"箄",2112
"䕷",2112
"藷",2110
"覜",2110
"哎",2110
"𮞉",2110
"阸",2105
"笨",2105
"襈",2104
"疈",2104
"𣝣",2104
"溳",2101
"璈",2101
"烺",2094
"霶",2092
"瑨",2092
"㤪",2092
"鮭",2091
"籐",2091
"栒",2091
"𠩄",2090
"噂",2089
"嵲",2089
"䯻",2088
"栟",2087
"鐏",2087
"昞",2086
"斨",2085
"脡",2084
"耡",2084
"邡",2082
"偫",2082
"评",2081
"啮",2081
"譍",2081
"贩",2080
"瞼",2080
"瑉",2080
"梹",2080
"𧨏",2080
"磺",2079
"岛",2078
"佹",2078
"坷",2077
"碪",2077
"𠑽",2077
"俜",2076
"鶿",2074
"脁",2074
"𢇁",2073
"藓",2072
"椉",2071
"躧",2070
"僬",2068
"鮀",2068
"燝",2068
"秈",2068
"髃",2067
"娇",2067
"倶",2063
"𠹉",2062
"闰",2060
"鄏",2059
"嗥",2058
"澉",2057
"鬄",2056
"蓣",2056
"歈",2056
"砉",2055
"灉",2055
"崘",2053
"阇",2052
"蟺",2051
"礜",2051
"嵳",2050
"焼",2050
"筤",2049
"遫",2049
"赎",2048
"閆",2048
"韣",2047
"繈",2044
"虣",2040
"涒",2039
"琲",2039
"蚖",2036
"冔",2036
"簳",2036
"梠",2035
"辖",2035
"耙",2035
"𤱔",2032
"萵",2030
"袿",2029
"勌",2028
"殒",2026
"剁",2026
"瘂",2025
"仑",2020
"糁",2020
"𤻤",2019
"㝎",2018
"颅",2016
"逊",2015
"猎",2015
"鬵",2014
"褉",2014
"蠛",2012
"墪",2012
"賍",2012
"栭",2011
"瀅",2008
"鰋",2007
"祷",2007
"荗",2006
"𩛿",2005
"瘛",2004
"煴",2003
"䔩",2001
"赉",2000
"乜",2000
"铛",2000
"誐",2000
"慬",1998
"䢴",1995
"榧",1994
"涗",1993
"疃",1993
"态",1990
"埈",1990
"悾",1989
"帗",1989
"紥",1988
"鵪",1987
"堋",1986
"綪",1985
"袽",1984
"厢",1984
"咢",1983
"謷",1983
"餻",1983
"畇",1983
"悆",1983
"殴",1982
"鬖",1980
"貜",1980
"湝",1979
"笆",1979
"㲲",1979
"膞",1979
"懒",1978
"觅",1978
"蚱",1978
"膛",1977
"狶",1976
"韔",1976
"鶤",1976
"駴",1975
"霡",1975
"篸",1975
"颖",1973
"釴",1973
"䆠",1973
"𢹂",1972
"齓",1971
"亚",1971
"桉",1971
"鐐",1967
"緤",1966
"豵",1966
"𬨨",1966
"瑳",1965
"劻",1963
"谤",1962
"䘖",1962
"愞",1961
"晜",1960
"沧",1959
"溠",1959
"窱",1959
"蚨",1958
"𠎝",1958
"𮟏",1958
"胻",1957
"㬊",1957
"鈹",1955
"瀵",1953
"颧",1952
"嘑",1951
"呫",1950
"弨",1950
"阝",1948
"汍",1947
"忞",1946
"㥘",1946
"芄",1945
"樱",1943
"觫",1942
"晣",1942
"蓧",1940
"壷",1938
"嶻",1938
"疱",1937
"釆",1936
"缕",1935
"覸",1935
"羕",1934
"抺",1934
"扢",1933
"颓",1932
"祋",1931
"晐",1931
"俻",1929
"㲄",1928
"耬",1926
"笲",1926
"稃",1925
"绶",1925
"圠",1922
"臿",1921
"磝",1920
"蓓",1920
"劼",1920
"紾",1920
"縰",1919
"韲",1919
"讬",1918
"𨤲",1918
"袚",1917
"袝",1915
"疙",1915
"栰",1914
"薖",1914
"浃",1914
"𦍤",1910
"蓞",1909
"歼",1908
"澐",1908
"囈",1907
"鄅",1907
"庿",1907
"柹",1906
"粻",1904
"鰒",1903
"荈",1903
"喷",1902
"鏵",1901
"嚻",1900
"恸",1899
"谪",1899
"饧",1898
"禛",1897
"㓛",1896
"嫪",1895
"杅",1894
"壐",1894
"頮",1890
"𠫇",1890
"赃",1888
"壄",1888
"鶵",1887
"蘤",1887
"𡍼",1887
"簁",1886
"纬",1886
"窨",1886
"嬀",1885
"溴",1884
"谺",1882
"趵",1879
"璊",1879
"蹣",1878
"劖",1877
"枭",1877
"羾",1876
"睾",1874
"蕳",1874
"俔",1872
"㘴",1872
"㴠",1871
"麨",1870
"咂",1869
"謭",1869
"膕",1867
"漦",1865
"剮",1864
"骳",1863
"礞",1862
"𡁲",1862
"冈",1860
"譾",1860
"壈",1859
"㗋",1858
"摔",1857
"衋",1857
"奡",1855
"妗",1853
"卤",1851
"咙",1851
"屼",1851
"唃",1850
"媕",1850
"啥",1849
"艨",1848
"蒟",1847
"谽",1847
"橢",1846
"輇",1845
"螃",1845
"匊",1844
"诡",1844
"溵",1844
"戽",1843
"潫",1843
"舀",1842
"鱨",1842
"缢",1838
"蔯",1838
"𩲸",1838
"鸘",1837
"葸",1836
"涊",1836
"佪",1835
"儳",1835
"癆",1834
"晖",1832
"鏈",1831
"挻",1831
"頄",1830
"蛣",1830
"偬",1829
"輮",1827
"罻",1827
"踹",1826
"慁",1826
"儦",1826
"姁",1825
"廥",1824
"枅",1823
"骄",1823
"踠",1823
"騘",1822
"唅",1821
"𢌿",1820
"罶",1819
"綳",1818
"荠",1817
"辵",1817
"餤",1817
"簭",1816
"垒",1815
"惒",1811
"蒩",1811
"敳",1809
"柸",1808
"圅",1807
"枒",1807
"硕",1806
"丌",1805
"姢",1805
"菫",1804
"鏻",1804
"髎",1804
"艟",1803
"菇",1802
"耏",1802
"倞",1802
"蕓",1800
"醽",1800
"崍",1798
"𨚗",1798
"烊",1797
"蝇",1796
"桕",1794
"菶",1794
"谐",1792
"凃",1790
"眢",1790
"厙",1790
"嗬",1790
"攒",1790
"跲",1790
"鬩",1788
"𦿉",1788
"藨",1787
"袛",1787
"訔",1786
"鲫",1784
"鼜",1784
"嗸",1783
"𩗗",1782
"𢈔",1782
"狒",1780
"殚",1779
"贿",1779
"赔",1778
"誖",1778
"襤",1777
"眘",1777
"鮦",1777
"蛰",1776
"鰈",1776
"𤱶",1775
"兟",1773
"腨",1772
"踡",1772
"讥",1771
"裌",1771
"堽",1771
"蜗",1770
"噯",1770
"裋",1768
"缀",1768
"嶭",1766
"煗",1765
"潚",1764
"𣪚",1764
"餖",1763
"閦",1760
"銮",1760
"杇",1758
"蜞",1758
"椇",1757
"轗",1754
"蟫",1754
"憃",1754
"蠔",1753
"禚",1751
"晅",1749
"妮",1748
"躱",1747
"鄚",1747
"鍥",1746
"𬗟",1746
"麹",1744
"㵎",1742
"塙",1742
"枓",1739
"鄟",1739
"晾",1738
"倢",1731
"歕",1731
"胕",1731
"絝",1729
"币",1728
"鰣",1728
"酘",1728
"鲍",1727
"屿",1724
"愐",1724
"玹",1723
"狨",1723
"鞴",1723
"弣",1721
"幦",1720
"鋗",1719
"掷",1719
"蛑",1719
"骥",1718
"莹",1716
"鐇",1716
"毐",1715
"旤",1715
"篛",1715
"祍",1715
"掔",1715
"𨙻",1713
"鹰",1713
"湥",1713
"褵",1712
"𩜹",1712
"昳",1711
"皡",1711
"𭒀",1710
"佰",1709
"朿",1709
"蕫",1708
"郚",1707
"垸",1707
"輥",1704
"喓",1704
"𣩵",1704
"鉸",1703
"蠨",1702
"𧷤",1702
"𡺳",1702
"鞗",1700
"䴡",1700
"辤",1699
"堀",1698
"吓",1698
"栳",1697
"魈",1696
"枫",1695
"闪",1695
"羁",1694
"迳",1694
"𠖥",1694
"鐻",1692
"蜯",1691
"惷",1690
"罭",1690
"噞",1689
"鹏",1689
"漘",1688
"猢",1687
"鳸",1686
"鞂",1685
"啰",1684
"𮜿",1684
"㔻",1682
"傞",1682
"騠",1682
"阑",1681
"黹",1679
"蒢",1678
"鐧",1677
"衈",1677
"頦",1676
"镛",1676
"樷",1676
"𨓦",1676
"𩀱",1674
"猻",1672
"煚",1670
"彍",1669
"儌",1667
"戻",1667
"廧",1666
"譆",1666
"稭",1665
"𥜗",1662
"墝",1660
"𤣱",1660
"綷",1658
"鎸",1657
"鄷",1657
"刌",1656
"阤",1654
"𤫊",1654
"㢮",1653
"俌",1652
"鏦",1651
"礽",1648
"葽",1648
"庞",1647
"丏",1646
"帢",1645
"㘭",1643
"悊",1643
"薉",1642
"潬",1642
"誆",1642
"漻",1641
"疯",1640
"𤎅",1640
"纱",1639
"腒",1639
"梴",1638
"罛",1637
"薍",1637
"䔧",1637
"钻",1636
"碙",1636
"滍",1635
"靸",1633
"鱒",1631
"躺",1629
"𥞇",1629
"趐",1628
"艣",1627
"儓",1627
"胗",1626
"譓",1624
"槔",1622
"悳",1622
"礡",1622
"㪺",1622
"墦",1621
"犮",1621
"瑬",1621
"皰",1620
"𪆟",1620
"欧",1619
"蒓",1619
"滨",1617
"砖",1616
"弸",1616
"桺",1615
"醊",1615
"茟",1614
"梆",1613
"谭",1610
"仟",1609
"顋",1609
"賅",1608
"曕",1608
"噣",1607
"谻",1606
"拕",1604
"忩",1603
"汳",1602
"蹩",1601
"淠",1600
"笺",1599
"𨚍",1599
"瀺",1598
"㿗",1598
"薧",1597
"瘇",1597
"佷",1595
"玟",1594
"犠",1594
"縭",1593
"埡",1592
"𦘕",1592
"彂",1592
"澜",1591
"熸",1591
"诫",1591
"埆",1590
"㫋",1590
"蓱",1589
"冓",1589
"剙",1589
"櫩",1588
"鞿",1588
"癠",1588
"砆",1586
"飩",1586
"剟",1584
"碔",1583
"䕡",1583
"愫",1582
"騩",1581
"肰",1580
"搰",1580
"彡",1580
"怗",1579
"縴",1579
"蚿",1579
"艴",1578
"馈",1578
"駜",1578
"蔾",1576
"槅",1575
"逷",1575
"𦋺",1574
"鳌",1573
"摉",1573
"餑",1572
"牱",1571
"鶘",1568
"铨",1568
"靃",1567
"𦤎",1567
"鞱",1566
"臕",1566
"泜",1565
"餫",1565
"㚟",1564
"剕",1563
"薶",1563
"頬",1563
"懆",1562
"皸",1561
"皭",1560
"麚",1560
"麺",1560
"齶",1559
"瑢",1557
"玗",1555
"轊",1555
"签",1554
"珫",1551
"潝",1551
"鋝",1551
"毡",1550
"髳",1550
"朄",1550
"灮",1549
"洏",1548
"鑌",1548
"儹",1547
"屝",1546
"𠫭",1545
"垦",1541
"辍",1540
"屙",1540
"苨",1539
"覰",1539
"迃",1539
"滱",1537
"蹜",1536
"饿",1536
"癏",1536
"𮎰",1536
"暅",1534
"宬",1534
"鹻",1533
"䨓",1533
"悯",1532
"剷",1532
"贬",1532
"槭",1532
"赡",1531
"傺",1530
"娄",1530
"訩",1528
"𢡖",1527
"鑮",1526
"蓨",1521
"筳",1521
"碻",1521
"𡏖",1521
"蔆",1520
"诺",1520
"涛",1519
"瘃",1519
"蹵",1519
"倌",1518
"䚟",1517
"硉",1517
"鋈",1517
"惣",1515
"耸",1514
"莝",1513
"脸",1513
"慜",1512
"碶",1512
"驦",1512
"槮",1511
"褷",1511
"荍",1511
"鱻",1510
"闺",1508
"㠘",1508
"馺",1507
"儥",1507
"畟",1506
"岾",1506
"獃",1504
"蚁",1503
"䐜",1503
"鄑",1502
"鞹",1501
"缙",1501
"筈",1500
"滮",1500
"鐩",1498
"惽",1498
"餵",1497
"枑",1497
"嗁",1496
"祴",1496
"穨",1495
"駄",1495
"苶",1495
"彠",1493
"餛",1493
"筱",1492
"𨺚",1492
"趟",1491
"娭",1491
"晸",1491
"觩",1491
"讽",1490
"泾",1490
"蝃",1488
"贰",1487
"综",1486
"訹",1486
"窔",1484
"摋",1484
"逴",1483
"絿",1483
"玈",1482
"墄",1481
"滀",1477
"𣵠",1476
"竗",1474
"堌",1473
"胪",1472
"櫧",1472
"灎",1472
"炖",1471
"埕",1471
"笪",1471
"剚",1470
"㴻",1470
"䓤",1469
"蓷",1469
"赀",1468
"蕣",1468
"乕",1468
"鴰",1467
"渲",1466
"坨",1466
"靆",1466
"樨",1465
"訁",1465
"歗",1465
"緐",1463
"襏",1463
"浰",1463
"圞",1462
"銙",1462
"蟉",1461
"莋",1461
"鉆",1461
"邿",1461
"磥",1460
"踱",1460
"栫",1460
"瘩",1458
"刜",1457
"畷",1457
"烋",1457
"蛬",1456
"鸒",1455
"揃",1453
"檛",1452
"缮",1452
"杈",1451
"齁",1449
"髄",1449
"喦",1448
"籝",1448
"宐",1447
"毚",1447
"𢙣",1445
"伱",1445
"餁",1442
"煃",1441
"榾",1441
"紖",1441
"厕",1440
"讵",1440
"晹",1440
"䘚",1440
"餂",1439
"揫",1439
"鮌",1438
"腏",1437
"蘞",1437
"崪",1436
"䦧",1436
"琕",1436
"䡖",1436
"愳",1435
"隖",1434
"囦",1434
"豦",1433
"肂",1431
"霉",1430
"𭥦",1426
"㬉",1425
"璂",1424
"窴",1424
"隽",1421
"瀌",1420
"褸",1418
"䳌",1418
"躃",1417
"唉",1417
"琠",1417
"鷮",1417
"诲",1416
"籋",1416
"𥬇",1416
"虆",1415
"鬌",1414
"蘹",1413
"骏",1412
"鲠",1412
"裱",1411
"霫",1411
"咚",1411
"椏",1410
"滆",1410
"犗",1410
"璺",1409
"𢙢",1409
"钧",1408
"氄",1408
"邘",1407
"檥",1407
"辙",1406
"赘",1405
"墍",1404
"瑲",1404
"梐",1403
"亓",1402
"籔",1400
"膮",1400
"閷",1399
"瑺",1397
"轜",1396
"陊",1396
"韘",1395
"痗",1395
"㥄",1394
"薆",1393
"裭",1392
"琐",1390
"趦",1389
"猰",1389
"毱",1388
"𪧐",1388
"摡",1387
"飂",1386
"伫",1386
"徕",1386
"蕰",1385
"咦",1384
"轑",1384
"䗫",1383
"馵",1383
"嗉",1383
"錕",1382
"罂",1382
"衖",1382
"媱",1382
"夯",1381
"桼",1380
"嬭",1380
"裲",1379
"螄",1377
"撡",1377
"僛",1376
"餹",1375
"幠",1375
"驘",1374
"鞻",1372
"磲",1371
"覉",1371
"渧",1370
"钅",1370
"嗈",1370
"昙",1368
"龑",1367
"榿",1367
"𣆀",1367
"輬",1366
"𩬊",1366
"琭",1365
"顈",1365
"耈",1364
"吆",1364
"釦",1364
"岈",1363
"壒",1363
"禓",1363
"驭",1362
"秅",1362
"蟛",1361
"嶕",1360
"怅",1357
"闟",1356
"掯",1356
"䱷",1356
"傋",1355
"襫",1355
"㽲",1355
"禂",1354
"搊",1354
"獭",1353
"咩",1352
"郍",1352
"紩",1351
"𧰟",1351
"谙",1350
"呾",1350
"攟",1349
"鮆",1349
"髧",1349
"琁",1348
"䨴",1347
"槷",1347
"篹",1346
"讕",1345
"戧",1345
"騍",1345
"飨",1344
"䠞",1344
"钉",1343
"凯",1343
"霿",1343
"嫜",1342
"塪",1342
"涷",1341
"惏",1340
"昷",1340
"裎",1339
"鶠",1339
"咕",1339
"稉",1338
"宧",1337
"垝",1336
"侲",1335
"鰭",1334
"辇",1332
"帊",1332
"癍",1332
"㲈",1332
"窵",1331
"𨓜",1331
"陥",1331
"骩",1330
"圑",1328
"菠",1328
"瀜",1328
"臁",1328
"萟",1328
"奰",1328
"匶",1327
"膟",1325
"潗",1324
"鈃",1323
"蔇",1323
"焠",1322
"杶",1321
"袨",1320
"艑",1320
"朌",1319
"貘",1319
"匵",1318
"玺",1318
"䆃",1318
"簔",1318
"囅",1317
"𦎟",1317
"琹",1315
"腌",1315
"罦",1315
"甾",1314
"𠊱",1312
"刍",1311
"駪",1311
"𧦬",1309
"匳",1308
"硠",1308
"浇",1308
"荂",1308
"鼪",1308
"煟",1308
"芚",1308
"傪",1308
"蝍",1307
"埰",1307
"檖",1307
"萯",1306
"庪",1306
"畼",1305
"侘",1305
"髟",1304
"𭟼",1304
"洴",1303
"枏",1303
"鎦",1303
"旞",1303
"谆",1302
"𪋤",1302
"𥅆",1302
"蝓",1301
"舝",1300
"撣",1298
"跅",1297
"卩",1297
"煿",1297
"膷",1296
"塉",1295
"傢",1294
"䵟",1294
"擫",1293
"儧",1293
"𠲒",1293
"垫",1292
"购",1292
"酵",1292
"瘏",1292
"傎",1292
"傯",1291
"綀",1291
"熿",1290
"慂",1290
"缨",1290
"輠",1290
"厞",1290
"尪",1289
"曮",1289
"蠯",1289
"鳦",1288
"塒",1287
"昈",1287
"𣂏",1287
"麐",1286
"臐",1286
"𨹧",1286
"弰",1285
"靧",1285
"欂",1285
"貆",1285
"絻",1283
"礶",1283
"犉",1283
"齩",1283
"輁",1283
"楳",1282
"慠",1281
"猙",1280
"轸",1280
"𡙇",1280
"鱅",1280
"扪",1279
"攵",1279
"凘",1279
"曡",1278
"榎",1278
"狌",1278
"葠",1274
"圌",1274
"鈷",1274
"簵",1273
"筧",1272
"厶",1271
"稞",1271
"鬅",1270
"𨓆",1269
"嗳",1269
"旹",1269
"㒒",1269
"䓗",1269
"伈",1268
"𩓑",1268
"鯪",1266
"圽",1266
"驸",1265
"莛",1264
"𢡟",1264
"涨",1263
"敶",1262
"嵕",1262
"𡗝",1262
"㞃",1262
"毦",1261
"穬",1261
"檾",1261
"杝",1261
"脖",1260
"湅",1260
"鰾",1260
"渳",1260
"谣",1259
"艅",1258
"痌",1256
"羜",1256
"茧",1255
"髺",1255
"峕",1254
"騵",1254
"㴞",1254
"鶋",1253
"饈",1252
"曶",1252
"𤺋",1252
"侐",1251
"樠",1251
"蠵",1251
"櫕",1251
"订",1250
"庛",1250
"鸊",1250
"聡",1250
"梡",1249
"颤",1249
"𨇠",1248
"觞",1247
"韗",1247
"湻",1246
"鄃",1246
"啑",1246
"椷",1246
"煊",1245
"楘",1245
"𩕄",1245
"椸",1243
"袜",1243
"衤",1242
"谊",1241
"钤",1241
"淜",1241
"醾",1241
"堈",1240
"谱",1240
"鹼",1240
"匼",1240
"濉",1239
"禒",1239
"䴥",1239
"蔿",1238
"龚",1236
"翯",1236
"刨",1235
"岝",1234
"鏝",1234
"拲",1233
"𢟍",1232
"祻",1232
"侹",1232
"伭",1232
"裓",1232
"粞",1231
"柮",1231
"嚦",1230
"瑫",1229
"恻",1229
"輢",1229
"𡡾",1228
"鵕",1228
"氶",1228
"菻",1228
"饣",1227
"儤",1227
"顕",1227
"噁",1226
"諢",1226
"猳",1226
"䪥",1226
"𤁋",1225
"褙",1224
"䋫",1224
"鐓",1223
"箵",1223
"𧺫",1223
"嬃",1222
"玀",1222
"郸",1222
"𧏾",1222
"髆",1221
"淈",1221
"牏",1220
"霮",1220
"俴",1220
"烓",1218
"挏",1217
"蔫",1217
"䢵",1217
"敀",1217
"韬",1216
"恓",1216
"遌",1215
"鰱",1215
"𥚹",1215
"蓻",1214
"鯷",1214
"𢥠",1214
"豓",1214
"蟯",1214
"熅",1213
"摑",1213
"珓",1213
"嘎",1212
"掫",1212
"檍",1212
"淊",1212
"芴",1212
"晫",1210
"涚",1210
"齅",1210
"墼",1209
"歏",1209
"罈",1208
"踳",1207
"佋",1207
"𦕅",1205
"眛",1205
"洨",1204
"枮",1204
"諰",1204
"蜇",1202
"𫾻",1202
"锥",1201
"腷",1200
"㶏",1199
"斅",1199
"胹",1199
"𨽾",1198
"萐",1196
"鏇",1196
"𧼈",1196
"𤇆",1196
"钺",1195
"蕲",1195
"撘",1195
"椐",1195
"骁",1194
"扦",1194
"榰",1194
"踯",1194
"稙",1194
"𥪡",1194
"𠏉",1193
"𪔀",1191
"喭",1190
"蝡",1190
"冣",1190
"㗜",1190
"疤",1189
"醼",1187
"穊",1187
"榑",1186
"亍",1186
"黁",1184
"扤",1184
"墢",1183
"縆",1183
"䀌",1182
"俨",1181
"萦",1181
"袡",1181
"劊",1180
"寠",1180
"巩",1179
"顖",1178
"𩦸",1178
"邮",1177
"苎",1177
"蚝",1177
"𭶑",1177
"綑",1176
"燂",1176
"𠃔",1176
"斄",1175
"噠",1175
"栏",1175
"鬈",1174
"岠",1174
"吚",1172
"馣",1172
"朾",1170
"諓",1170
"𦙝",1169
"偝",1167
"愻",1167
"圂",1166
"螉",1165
"垻",1165
"碨",1165
"潩",1165
"鷞",1164
"䏰",1164
"驔",1164
"撢",1163
"漰",1163
"啸",1162
"焌",1162
"彔",1161
"姉",1160
"逛",1160
"穅",1160
"𣝔",1160
"帉",1159
"绘",1158
"岚",1158
"硐",1158
"禵",1158
"㳄",1158
"戭",1158
"鄬",1158
"橿",1157
"湨",1157
"菣",1156
"貛",1156
"翏",1156
"餡",1155
"筸",1155
"荁",1155
"丒",1154
"𥚁",1154
"灺",1153
"骴",1153
"獧",1152
"菝",1152
"恉",1151
"櫸",1151
"䘌",1149
"䒷",1149
"㺚",1149
"櫱",1148
"孿",1148
"奂",1147
"謼",1147
"熥",1147
"葴",1146
"臃",1144
"凷",1144
"刵",1144
"稏",1144
"𥮅",1143
"噰",1142
"噢",1141
"弯",1141
"鞙",1141
"綟",1140
"绎",1140
"酽",1140
"郉",1140
"叀",1140
"猬",1139
"篱",1139
"稯",1139
"𥨸",1139
"啍",1138
"穧",1137
"畈",1136
"䳺",1136
"獜",1136
"蚑",1135
"澚",1135
"崷",1135
"嫳",1135
"眤",1134
"葹",1134
"䰅",1134
"𬋖",1134
"辂",1134
"妘",1134
"恿",1133
"橇",1133
"薟",1133
"餾",1132
"氿",1132
"攧",1132
"澷",1131
"勠",1130
"鑞",1129
"绰",1129
"膘",1128
"埿",1128
"惵",1128
"𥨊",1128
"荓",1127
"幎",1127
"韺",1126
"瘭",1126
"卺",1125
"闱",1124
"韀",1124
"翶",1124
"繣",1124
"哱",1123
"浤",1123
"鶊",1122
"䘵",1122
"輼",1122
"艚",1121
"飥",1121
"翂",1121
"曅",1120
"膢",1120
"橜",1119
"𣻌",1118
"髖",1117
"贸",1117
"嚞",1117
"樻",1117
"峿",1116
"藘",1116
"踸",1115
"瑮",1115
"媞",1115
"寉",1115
"傻",1114
"赛",1114
"泑",1113
"睬",1112
"轴",1112
"穋",1112
"𤫉",1112
"籊",1112
"觐",1111
"雺",1111
"啅",1111
"捿",1111
"兺",1111
"秏",1110
"鄹",1110
"䀮",1110
"啦",1109
"𨞬",1108
"橃",1107
"頀",1106
"菂",1106
"鎁",1106
"㟧",1106
"撱",1106
"㬠",1106
"焬",1104
"闹",1104
"铎",1104
"铖",1104
"饙",1104
"褏",1104
"䃭",1103
"骚",1102
"黴",1102
"芈",1102
"忏",1101
"帿",1099
"挠",1098
"矴",1098
"媍",1098
"軽",1098
"冱",1096
"牍",1096
"畽",1096
"𣙗",1096
"遟",1095
"埇",1094
"洭",1093
"鷽",1093
"鏽",1092
"垾",1092
"㴶",1091
"辕",1090
"腶",1090
"鹭",1090
"鼋",1089
"裠",1089
"奓",1087
"丗",1087
"橧",1087
"驒",1087
"骠",1086
"蠜",1086
"抟",1086
"刉",1086
"朼",1085
"𦦨",1084
"蝼",1083
"杮",1083
"谼",1083
"颍",1083
"藇",1083
"歂",1083
"㮄",1082
"乹",1082
"躩",1081
"噹",1081
"琡",1081
"蹡",1081
"嵁",1081
"𨒪",1080
"豷",1079
"韤",1078
"獾",1078
"綅",1077
"䟎",1077
"裧",1077
"槓",1076
"缅",1076
"咡",1076
"飊",1075
"觵",1075
"陨",1074
"昰",1074
"芧",1074
"掟",1074
"𩿨",1074
"繃",1073
"嚧",1072
"䝱",1072
"撏",1071
"陻",1071
"𩔗",1071
"焴",1070
"𮮐",1070
"冘",1069
"庒",1069
"緰",1069
"矉",1069
"欱",1068
"渻",1066
"㹀",1065
"嫮",1065
"毣",1065
"卝",1063
"楢",1062
"嘂",1062
"𠫤",1061
"蝑",1061
"荸",1059
"妪",1059
"旊",1059
"獝",1059
"墯",1058
"淢",1058
"訽",1058
"莂",1057
"锯",1057
"曚",1056
"饐",1055
"鯔",1055
"鎣",1054
"讇",1054
"嫕",1054
"筀",1054
"硩",1054
"扩",1053
"緎",1053
"鬮",1052
"忬",1052
"顑",1052
"廾",1051
"襶",1051
"堗",1050
"谧",1049
"蜢",1049
"儱",1049
"嬲",1048
"箫",1048
"腵",1048
"儃",1047
"巙",1046
"䨥",1046
"羂",1046
"蓘",1044
"罼",1043
"骷",1043
"閗",1043
"硨",1042
"轀",1042
"冼",1042
"駓",1042
"樕",1041
"驼",1040
"褠",1039
"揕",1039
"哳",1039
"鋙",1039
"枤",1038
"𫠦",1036
"鬋",1034
"憭",1034
"钝",1034
"媻",1034
"愰",1034
"螓",1033
"杴",1033
"𣏽",1032
"龋",1031
"緪",1031
"鸳",1030
"鰷",1030
"瞫",1030
"俓",1029
"惪",1028
"矬",1028
"粔",1027
"凥",1027
"淂",1026
"椌",1026
"魇",1025
"耴",1025
"冋",1024
"吪",1024
"蹑",1023
"檡",1023
"滩",1022
"赂",1021
"艧",1021
"鱘",1019
"賷",1018
"磜",1018
"𢷎",1018
"偭",1017
"馽",1017
"闵",1016
"嶍",1016
"囙",1016
"祤",1015
"壃",1014
"荧",1014
"痲",1014
"繦",1013
"褦",1013
"駬",1013
"楺",1013
"獳",1013
"碞",1012
"趠",1010
"揎",1010
"鰩",1010
"毸",1009
"菙",1009
"裩",1008
"挃",1008
"玛",1008
"豇",1008
"屇",1008
"脃",1008
"缷",1007
"䌓",1007
"摆",1006
"淲",1006
"碯",1006
"𣯶",1006
"瀷",1006
"鴳",1005
"墬",1005
"谗",1004
"蚴",1004
"敫",1004
"邍",1004
"庌",1004
"𦊰",1004
"罿",1003
"伹",1002
"绯",1002
"扅",1002
"泭",1001
"𢾗",1001
"鵽",1000
"牼",1000
"缻",997
"㢠",997
"礭",997
"韇",997
"輂",996
"杗",995
"礻",995
"錧",995
"爷",994
"櫞",994
"蔷",993
"焭",993
"紽",993
"隉",993
"蠼",993
"輵",992
"潴",991
"颡",991
"剳",991
"筅",990
"喞",990
"疒",990
"砩",990
"疕",990
"僄",989
"詻",989
"毰",989
"櫑",989
"菸",988
"鄤",988
"犵",988
"絣",988
"侀",987
"溔",987
"页",986
"薮",986
"馔",986
"𡾟",985
"畓",985
"䴊",984
"吷",983
"琏",983
"滳",983
"嶐",982
"袢",982
"鷕",982
"馁",980
"镞",980
"𬒮",980
"㓒",980
"謪",979
"甀",979
"芯",978
"捂",978
"矿",977
"殇",977
"䏶",976
"麖",976
"䎘",974
"懘",973
"殡",972
"侜",972
"铄",972
"㠝",972
"㚄",972
"躶",971
"蜱",970
"𪠘",970
"禝",969
"膁",969
"鑢",968
"緺",968
"苪",968
"䆉",968
"樏",967
"闸",966
"堮",966
"崴",966
"迋",966
"莺",964
"摎",964
"诜",964
"㕍",964
"嬿",963
"絖",963
"弮",963
"炘",962
"𣌾",962
"𤤽",962
"甋",961
"褱",961
"鰂",961
"䔍",961
"嚄",960
"鏨",960
"璙",960
"溓",960
"眨",959
"霦",959
"𥥆",959
"鴐",958
"曌",957
"檃",957
"嶝",957
"腢",957
"錍",956
"鈀",956
"袀",955
"𣅿",954
"菥",954
"羭",954
"形",954
"湌",953
"掆",952
"挶",951
"恔",951
"睊",950
"岦",950
"䄠",950
"駏",949
"盉",948
"鯰",948
"毼",948
"𨦟",947
"臌",946
"荤",946
"屴",946
"扊",946
"噆",946
"皀",946
"悺",945
"揥",944
"㪅",944
"覵",944
"猲",943
"噥",943
"蕒",943
"毨",942
"礐",942
"諑",941
"𣑽",941
"驯",940
"揽",940
"毂",940
"胐",939
"㭬",939
"觭",939
"鴥",938
"錔",938
"聂",936
"瘨",935
"莤",935
"阹",934
"䐑",934
"玑",933
"鍑",932
"狢",932
"矹",932
"㨎",932
"𡒄",931
"𦆵",931
"䕩",931
"鎋",930
"粺",928
"您",928
"蔺",928
"棵",928
"耩",928
"𢠢",928
"郱",928
"賧",927
"鮧",927
"沜",927
"橤",927
"橒",926
"蟨",926
"䟱",926
"㻛",925
"巛",924
"莳",924
"隥",923
"濔",923
"鞈",922
"濚",922
"胰",921
"飶",921
"摝",921
"辔",920
"驹",920
"畣",920
"撆",920
"轐",920
"鬙",919
"堁",919
"蛴",916
"堝",916
"緉",915
"漴",915
"芉",915
"泼",914
"咼",914
"𦊙",914
"䄡",914
"礚",913
"瞌",913
"坋",913
"啬",912
"嬤",912
"獖",912
"䥥",912
"璛",911
"詺",910
"啷",910
"𮖐",910
"蹮",909
"尗",909
"撦",908
"豜",908
"怲",908
"齘",908
"𮦵",908
"銎",907
"犊",904
"灄",903
"沘",903
"暏",903
"蟁",901
"葘",901
"滽",900
"𤞑",900
"扔",900
"漐",900
"𣋌",900
"㪍",899
"藾",899
"冂",898
"潟",897
"簥",897
"𥖎",896
"𤠔",896
"𣸸",896
"爿",895
"梘",895
"蘪",895
"腄",894
"剭",894
"纽",894
"摏",894
"砬",894
"炌",894
"𪄠",894
"㗸",894
"毺",893
"𠊓",892
"圁",892
"骋",892
"榟",892
"𣅜",892
"醝",891
"烕",891
"嚘",890
"棅",890
"𮧯",890
"汽",889
"璸",888
"邺",888
"穮",888
"飦",888
"痬",888
"呔",888
"𧌒",888
"硌",887
"𦒿",887
"㺄",887
"𥚑",886
"㫺",884
"雠",884
"楦",884
"貐",883
"鱺",883
"绸",882
"怆",882
"茙",881
"𦶜",881
"艹",880
"蹛",880
"軑",880
"胍",880
"鮞",880
"爥",879
"𤇺",879
"鉼",878
"惯",878
"齑",878
"穈",878
"婞",878
"𤇍",878
"讷",878
"筊",877
"陑",877
"樴",877
"悈",876
"肣",876
"麷",876
"旝",874
"陼",874
"鄾",874
"謜",874
"捔",873
"蓲",873
"𠴲",872
"淐",871
"谴",869
"艄",869
"鸋",869
"鵯",869
"鱏",869
"糇",868
"鵃",868
"窐",868
"𥚃",868
"鬽",868
"𠎥",868
"𢑱",867
"薠",867
"驖",866
"唪",866
"忺",866
"佣",865
"堄",865
"镂",864
"銶",864
"㒟",864
"𣹢",864
"懅",863
"䪨",863
"嚣",862
"櫄",862
"糱",860
"欐",859
"笵",859
"𢧐",859
"膍",859
"駣",859
"蔼",858
"揾",858
"瘣",858
"箓",857
"嚎",857
"肈",856
"泃",856
"殹",856
"𠀋",856
"㬇",855
"纡",855
"僤",855
"騞",854
"缄",854
"尟",854
"屓",854
"塴",854
"瘗",853
"豖",853
"儜",853
"岬",853
"丿",853
"阕",852
"詀",852
"奼",852
"腽",852
"鞸",852
"𦸼",852
"𢋫",850
"襵",850
"𩜾",850
"楧",849
"澓",848
"䣊",848
"疪",848
"荞",847
"炡",846
"觡",846
"𥟖",846
"鄡",845
"湳",845
"窹",845
"挤",844
"拦",844
"綹",844
"墌",844
"䚢",844
"踅",842
"㵸",842
"蒗",840
"𦤀",840
"胉",839
"𣙙",838
"砠",838
"嵽",838
"馛",837
"襭",837
"飃",837
"壋",837
"䡾",836
"幓",836
"齾",836
"𭈹",836
"㕙",835
"哤",834
"趡",834
"禃",834
"篿",834
"梂",834
"罫",832
"嗆",832
"砚",832
"㽅",832
"𮤑",832
"檽",831
"笇",830
"丢",830
"鉥",830
"佌",830
"庤",830
"萭",830
"堣",830
"噜",830
"侅",829
"眕",829
"鋣",829
"诠",829
"䙰",829
"噵",829
"鋄",828
"䜌",828
"悗",827
"嶫",826
"诿",826
"貒",826
"斒",826
"鷔",826
"𩔰",826
"鸽",825
"魨",825
"鵀",825
"囮",824
"蠚",824
"樿",824
"頉",824
"蒧",823
"蠮",823
"夌",822
"𠒋",822
"𣪞",822
"㢸",820
"锢",820
"挩",820
"尞",819
"笯",819
"袓",818
"睘",818
"𨾏",818
"𧣴",817
"觷",816
"鯶",816
"䄖",816
"谹",815
"㡛",815
"亐",814
"渒",814
"杬",814
"𫐠",814
"偻",813
"鄽",813
"𨸏",813
"偌",812
"蟶",812
"攡",812
"葒",812
"蚄",811
"䗶",811
"弻",810
"朣",810
"蛚",810
"倛",810
"㙖",810
"债",809
"狮",808
"卍",808
"㰖",808
"剺",807
"旵",807
"莙",807
"樲",807
"嗶",806
"谚",806
"鮚",806
"鉧",806
"嶅",806
"籴",806
"芐",806
"圇",805
"緵",805
"媠",804
"憋",804
"橊",804
"陾",804
"𡚶",804
"𮚐",804
"缿",803
"薲",803
"赣",802
"嚆",802
"濜",802
"軃",802
"峦",802
"蘉",802
"粜",800
"螖",800
"瓀",798
"鬠",798
"𥳽",797
"釱",796
"䄍",796
"楖",796
"坮",796
"娬",795
"抳",795
"秆",795
"𦬊",795
"侇",795
"黤",794
"篐",794
"𮗚",794
"卌",792
"洓",792
"礨",791
"𦊨",791
"埼",790
"掜",790
"蟢",789
"涫",789
"鵴",789
"蓫",789
"驆",788
"𫤘",788
"䃮",787
"頩",787
"鍱",786
"甝",786
"呛",786
"瞩",786
"砫",786
"躙",786
"緆",785
"髿",785
"觹",785
"鸱",784
"騢",784
"潎",783
"棡",783
"镌",782
"齣",782
"蝯",782
"榥",782
"墱",782
"醷",782
"瑎",782
"屜",781
"坩",781
"𡽀",780
"臋",780
"𥆨",780
"桊",780
"襻",779
"桱",779
"睱",778
"鷊",778
"陗",777
"犦",777
"怤",777
"𡢃",777
"桋",776
"鸯",776
"旙",776
"塨",776
"騸",776
"帒",776
"籒",776
"侻",775
"迾",775
"欀",775
"𢢽",775
"赌",774
"蓚",774
"𤄊",774
"𥟵",774
"閂",773
"虸",773
"𡈽",773
"醥",773
"赢",772
"辗",772
"餟",772
"紑",772
"㳅",771
"鼍",771
"絭",771
"鄸",771
"鋃",770
"㮈",770
"竂",770
"瞅",769
"鹄",769
"玎",769
"袲",769
"𨟎",769
"靬",768
"鑨",768
"蚃",768
"黂",768
"垔",768
"篈",768
"幖",768
"䝿",768
"𫾣",768
"恌",767
"栵",767
"鵄",766
"梩",766
"䆗",766
"竩",766
"鞟",765
"仂",764
"禼",764
"蠺",764
"嚫",763
"骧",763
"狫",763
"憘",762
"祆",762
"凫",762
"帋",762
"継",762
"薀",762
"丄",762
"僿",761
"黓",760
"𠮷",760
"偟",759
"礥",758
"淌",758
"昄",758
"㱔",758
"𢄙",758
"諞",757
"鄋",757
"隒",757
"郲",756
"墡",756
"缎",756
"摃",756
"躠",756
"疿",756
"偼",756
"珷",755
"㝏",755
"礓",755
"䗪",755
"鶢",755
"磡",754
"僔",753
"甈",753
"㿉",753
"啕",752
"梜",752
"䕺",752
"㬌",752
"榝",751
"晥",751
"犭",751
"䔿",751
"㣧",750
"撬",749
"頣",749
"毾",748
"醟",748
"稸",748
"鳱",748
"嫔",748
"矅",747
"寑",747
"櫐",747
"槛",746
"秺",746
"轿",746
"韅",746
"帏",746
"偯",746
"瑽",746
"斶",746
"鯇",746
"𧴀",746
"堥",746
"𦞦",746
"咭",745
"霨",745
"吱",745
"蘡",745
"𤅢",745
"蚛",745
"鸐",744
"胵",744
"𥲅",743
"欘",743
"濅",742
"捝",742
"尰",742
"硾",741
"啽",741
"妷",740
"穑",740
"仚",740
"榈",740
"𩠐",740
"𮅕",740
"蘜",740
"棷",740
"𮗜",740
"𭃄",740
"栾",739
"鳝",738
"䑸",738
"㴑",738
"檯",737
"槾",737
"簎",737
"蛜",737
"谑",736
"艓",736
"匚",736
"𡧓",736
"㭊",736
"𧜀",736
"𮬾",736
"臒",735
"蠰",735
"薋",735
"骈",734
"巣",734
"澭",734
"蚠",734
"臰",734
"瘑",734
"暋",733
"輧",733
"輲",733
"濄",733
"纟",732
"𮕵",732
"嶡",731
"阞",731
"碡",731
"詄",731
"旓",731
"愖",731
"羋",731
"䁥",731
"玏",731
"膇",730
"㮨",730
"佁",729
"瀞",729
"䵄",729
"勮",728
"珰",728
"麢",727
"噌",727
"磉",727
"桒",727
"囋",727
"詾",727
"柣",727
"煓",726
"齰",726
"髁",725
"𢡚",725
"鋬",725
"臶",724
"饯",724
"覻",724
"駾",723
"㴩",723
"飙",723
"黅",723
"鴠",722
"𡌴",722
"聤",722
"㙉",722
"墺",721
"撋",721
"拑",721
"讶",720
"蝪",720
"餦",719
"羱",719
"霁",718
"捞",718
"窸",718
"簺",718
"瞯",718
"诋",718
"皵",718
"𣰽",718
"餭",717
"鉟",717
"幭",717
"霛",717
"𧁾",717
"衩",716
"鳻",716
"霱",716
"惉",716
"喳",715
"箯",715
"趎",715
"羵",714
"烬",713
"砺",713
"菭",713
"鱞",713
"萩",712
"慅",712
"𢎥",712
"𪸓",712
"诳",710
"欏",710
"𠁊",710
"擉",710
"𥊍",710
"轛",710
"燫",710
"䵝",710
"嶃",709
"跰",709
"澟",709
"蔈",709
"珖",708
"歾",708
"呤",708
"窫",708
"鐄",708
"鄳",707
"涍",707
"碱",706
"琄",706
"鴃",706
"晔",706
"𮦷",706
"饛",705
"楥",705
"𧩂",704
"鍉",704
"濋",703
"尃",703
"蜹",703
"輖",703
"钥",702
"囝",702
"暻",702
"咜",702
"詷",701
"嬝",701
"瀯",701
"鑁",701
"𨔵",701
"隑",701
"骗",700
"讦",700
"𤕠",700
"丣",700
"姟",699
"簰",699
"鸃",699
"軥",699
"䣛",699
"矓",698
"瓝",698
"櫰",697
"抌",697
"籰",697
"秇",697
"蹹",696
"侦",696
"纨",696
"穯",696
"撎",696
"渑",696
"𡵨",696
"黕",695
"祢",695
"攞",695
"竮",695
"鄵",695
"𧈅",695
"戁",694
"饀",694
"噗",694
"雈",694
"𮢶",694
"崌",693
"谯",692
"弅",692
"蔤",691
"蟭",691
"挋",691
"嚱",690
"欓",690
"鎏",690
"虋",690
"䱜",690
"膱",690
"疁",688
"鼄",688
"厹",688
"衵",687
"倳",687
"巏",686
"韽",686
"髾",685
"泞",684
"鵊",684
"㢧",684
"蘝",684
"忷",683
"楀",683
"塽",682
"鏬",682
"擰",682
"瓻",682
"𣸯",682
"鈁",681
"㲪",681
"绀",681
"幐",681
"藚",681
"苺",681
"诤",680
"脍",680
"酂",680
"㙔",680
"䪿",680
"䰞",680
"唈",679
"鍈",679
"籺",679
"慞",679
"𡵯",679
"塠",678
"閜",678
"繮",677
"濒",677
"礌",677
"訦",677
"𦝫",677
"𡘜",677
"衬",676
"瘜",676
"餺",675
"卾",675
"椗",674
"貈",674
"㒞",674
"鰉",673
"缵",673
"衃",673
"𢍰",673
"餲",672
"爁",672
"馯",672
"䂮",672
"戃",672
"㓨",672
"㠑",672
"佢",672
"愣",671
"禟",670
"癙",670
"綧",670
"軶",670
"𠀌",670
"痯",669
"桹",669
"螋",669
"骆",668
"翨",668
"鮝",668
"嵷",668
"堩",668
"齚",667
"晈",667
"浛",667
"鏺",667
"謅",666
"䘐",666
"缁",666
"𡰥",666
"𦲷",665
"獶",665
"澑",664
"灅",664
"纣",664
"驷",664
"膑",664
"𨔛",664
"狘",664
"𠇍",664
"仌",664
"螞",663
"腭",663
"鲸",662
"泙",662
"贙",662
"冫",662
"爞",662
"匰",662
"𤸷",662
"燇",661
"稬",661
"檼",661
"𦵔",661
"俦",660
"瑝",660
"祹",660
"葇",660
"𥂕",660
"揳",659
"浔",658
"铓",658
"訞",658
"魫",658
"缟",656
"蟧",656
"踼",656
"丅",656
"𥐚",656
"赓",655
"蔪",655
"圛",655
"峗",654
"穭",654
"盦",654
"庣",654
"薻",654
"琓",654
"锤",653
"澬",653
"椳",653
"唲",653
"瀫",653
"𨔼",653
"牉",652
"瞵",652
"䠶",652
"袄",651
"伲",650
"龞",650
"箈",650
"巀",650
"薓",650
"緶",649
"栧",649
"萤",649
"觺",648
"潇",647
"岯",647
"儸",647
"瓯",647
"鐎",647
"㝱",647
"恺",646
"囫",646
"㻞",646
"珹",646
"縜",646
"纭",645
"醹",645
"舺",645
"砯",645
"桢",644
"頜",644
"挎",644
"崽",643
"圪",643
"鏚",643
"鱭",643
"轧",642
"衜",641
"嚈",641
"痀",641
"𤥨",641
"髕",641
"葰",640
"𦭘",640
"艻",640
"鯸",640
"𭶚",640
"扠",639
"燙",639
"殗",639
"煼",639
"𥌒",639
"䞓",639
"𢚩",639
"瞒",638
"翜",638
"鼊",638
"昡",638
"轒",638
"𦤺",638
"玞",637
"梀",637
"摒",636
"炱",636
"鯋",636
"𣰰",636
"耟",636
"蘑",635
"𨇾",635
"籈",635
"𢦤",635
"䀋",635
"庑",634
"櫥",634
"轚",634
"𨺗",634
"溭",634
"瘸",633
"抍",633
"勹",633
"庬",633
"闯",632
"銹",632
"贉",632
"褡",632
"砅",632
"𣢾",632
"𡽹",632
"妈",631
"誎",631
"懹",631
"桲",631
"龥",631
"楰",631
"螌",631
"㘅",630
"胲",629
"嶞",629
"硪",629
"蹝",629
"簝",629
"睅",628
"綋",628
"鞳",627
"欛",627
"楎",627
"磣",627
"椔",627
"輣",627
"侨",626
"诮",626
"蓛",626
"鰅",626
"劙",625
"葜",625
"熻",624
"捘",624
"澴",624
"谄",624
"蜙",624
"帤",624
"翆",624
"肬",623
"尩",623
"嚾",623
"骊",623
"峛",623
"灿",622
"蹍",622
"𦨣",622
"旿",621
"鱍",620
"蠪",619
"乇",618
"铉",618
"熀",618
"棿",618
"歰",618
"𡬾",618
"慉",617
"騀",617
"潠",617
"煁",617
"𢄼",617
"垼",617
"藙",616
"庮",615
"蟥",614
"𤪌",614
"䊷",614
"畾",613
"靿",613
"揍",613
"擸",613
"鵔",613
"竛",613
"軜",613
"懑",612
"頇",612
"熁",612
"笁",611
"釤",611
"鼩",611
"肧",611
"轥",610
"𢍆",610
"㴐",610
"𢕄",610
"𭣄",610
"鼢",609
"䊸",609
"殈",609
"嗓",608
"觇",608
"缗",608
"㜑",608
"寯",608
"鴶",608
"囧",607
"苯",607
"𤅬",607
"谶",606
"攩",606
"娖",606
"䫉",606
"嫘",606
"堘",606
"齯",606
"朡",606
"𩣝",606
"楄",605
"歅",605
"諵",605
"墆",605
"皯",605
"頯",605
"䳒",605
"㦧",604
"痳",604
"蠑",604
"忲",604
"葐",604
"㛹",604
"冄",604
"㠗",603
"䥫",603
"甩",602
"乣",602
"𠇗",602
"𠫊",602
"傡",602
"寋",602
"𤍽",602
"艭",602
"𧏮",602
"璬",601
"诔",601
"笊",601
"㫃",601
"瘹",601
"雏",600
"鯗",600
"飤",600
"跙",600
"怭",600
"澯",600
"銲",599
"堛",599
"苃",599
"蚬",598
"霢",598
"倰",598
"齆",598
"裻",598
"跜",598
"崺",597
"瀄",597
"漅",597
"𦡱",597
"亯",596
"軧",596
"輷",596
"䎡",596
"𭬒",596
"㱡",596
"岕",595
"靘",595
"䱉",595
"迒",594
"稇",594
"籸",594
"咠",594
"躨",594
"槫",594
"襘",593
"粦",593
"緧",593
"𧲣",593
"蘙",592
"阃",592
"煻",592
"熂",592
"榲",592
"謞",592
"𥱧",592
"𪷟",592
"瀸",591
"鈜",591
"厜",591
"灨",591
"幝",591
"𠕅",591
"辥",590
"㮰",590
"犲",590
"捥",590
"鷤",590
"臄",590
"㟭",590
"跦",590
"觊",590
"茔",589
"襧",589
"曒",588
"坭",588
"矌",588
"唷",588
"峱",588
"晠",588
"簬",588
"穾",588
"㕒",587
"骶",586
"馡",586
"郠",586
"蘠",586
"𦸈",586
"琸",585
"吰",585
"黳",585
"貣",585
"钳",584
"謻",584
"瓆",584
"蚹",584
"寪",584
"盹",583
"鍫",583
"黦",583
"蟂",583
"𧹞",583
"䝟",583
"檦",582
"磶",582
"髼",582
"㠋",582
"㙆",582
"訧",581
"榄",581
"虨",581
"鎞",581
"掤",581
"酝",580
"戄",580
"垌",580
"幧",580
"樀",580
"橭",580
"𥼶",580
"颃",579
"䭔",579
"舰",578
"襕",578
"跻",578
"慑",578
"誧",578
"𫂙",578
"烰",577
"瓬",577
"𥹭",577
"蜲",576
"龛",576
"蒇",576
"貮",576
"嘸",576
"䒭",576
"𣯛",576
"巠",575
"埝",575
"欇",575
"暬",574
"橞",574
"侉",574
"蘷",574
"縪",574
"抂",573
"癊",573
"娙",573
"颙",573
"襡",573
"𧉮",572
"蜧",572
"魌",572
"觼",572
"㭿",572
"哻",571
"跢",571
"䂖",571
"豰",571
"蘽",571
"𧚌",571
"靽",570
"淏",570
"驶",570
"𪫟",570
"㕥",570
"掳",569
"𧥄",569
"𩀌",569
"骛",568
"蛲",568
"邋",568
"肶",568
"𨻳",568
"耊",568
"鿄",568
"键",567
"釳",567
"蟷",567
"鱯",567
"𤰕",567
"黩",566
"骡",566
"㲼",566
"鏕",566
"㸐",566
"竱",566
"𫩜",566
"𨤍",565
"嚵",565
"鷚",565
"潙",565
"婘",565
"蝹",564
"釒",564
"螔",564
"嵾",564
"禈",563
"罎",563
"哧",563
"𣣔",563
"薐",562
"竫",562
"㠓",561
"餴",561
"磓",561
"娿",561
"鷢",560
"礩",560
"䴵",560
"厈",560
"蔏",559
"䚡",558
"轣",558
"雳",558
"䍥",558
"潕",558
"埨",558
"朁",558
"屦",558
"瑘",558
"狵",558
"䵷",558
"襗",558
"鞁",557
"沤",557
"嘰",557
"螇",557
"𠌯",557
"驑",556
"㸌",556
"掍",556
"褆",556
"荎",556
"鳗",556
"瞹",556
"貕",556
"弝",556
"覂",556
"餰",556
"狉",555
"醭",555
"汃",555
"䀻",555
"梣",555
"伛",554
"圾",554
"𥻘",553
"燅",552
"荛",552
"䫇",552
"𦈢",552
"框",551
"绊",551
"鈗",551
"悷",550
"糍",550
"䀨",550
"𤷒",550
"榠",549
"𡼲",549
"锄",548
"訬",548
"蠩",548
"鴘",548
"𦠆",548
"𠂤",548
"㞐",548
"𭐏",548
"𮐃",548
"夆",547
"啙",547
"䡴",547
"饊",547
"藑",547
"傁",547
"缔",546
"䦱",546
"蘦",546
"𠍴",546
"鼮",546
"絼",546
"魮",546
"梬",546
"𬞞",546
"𨖚",546
"鹦",545
"䄵",545
"敂",545
"𡚒",545
"撠",545
"𡓜",545
"帜",544
"崶",544
"礉",544
"攓",544
"桵",544
"𢷋",544
"睩",544
"嶟",543
"㩜",543
"獦",543
"坁",543
"薕",543
"艖",543
"闼",542
"㧾",542
"嫭",542
"茩",542
"𧗪",542
"𭏟",542
"纮",541
"蠉",541
"滶",541
"暧",541
"魦",541
"𧇾",541
"鄎",540
"黭",540
"鸀",540
"锍",540
"猇",539
"𤦛",539
"啿",539
"䄄",539
"芀",539
"搹",539
"薥",539
"𧿶",539
"衱",538
"駽",538
"劀",538
"戉",538
"豽",538
"㚇",538
"㟏",537
"膄",537
"魖",537
"酨",537
"櫆",536
"鉌",536
"膬",536
"浻",536
"𭰹",536
"跐",535
"筷",534
"挚",534
"绌",534
"瀴",534
"乀",534
"㯺",534
"涆",534
"蚻",534
"骾",534
"躗",534
"緷",533
"洣",533
"愡",533
"垽",533
"磹",533
"昛",533
"绒",532
"玥",532
"葼",532
"漎",532
"㬎",532
"樔",532
"䳇",532
"㿔",532
"郙",531
"峞",531
"嫈",531
"懬",531
"㑊",531
"剠",530
"颏",530
"侪",530
"踩",530
"讘",530
"踁",530
"轖",530
"氆",530
"谀",528
"鸩",528
"堑",528
"昚",528
"釬",528
"郏",528
"硿",528
"驈",528
"䪼",528
"靫",527
"颱",526
"漋",526
"栓",526
"媦",526
"萴",526
"殰",526
"膹",526
"咁",526
"缜",525
"抇",525
"譩",525
"鰼",524
"釪",524
"绾",524
"轙",524
"圡",524
"婾",524
"𣻉",524
"𮑮",524
"襂",523
"懫",523
"锵",522
"駊",522
"嫽",521
"鐬",521
"搀",521
"饲",520
"烇",520
"𤑔",520
"逻",519
"攆",519
"铣",519
"鋆",519
"暟",519
"抏",518
"鈵",518
"𨠑",518
"皫",518
"偦",518
"䐃",518
"烻",517
"壆",517
"扡",517
"𣪠",517
"槢",516
"肮",516
"谳",516
"丶",516
"敚",516
"驉",516
"郰",516
"𠟭",516
"䑃",516
"𤰝",516
"踒",515
"侥",515
"亝",515
"蛞",515
"遬",515
"桧",515
"孅",515
"𪐴",515
"熽",514
"㜸",514
"諿",514
"㗳",514
"圵",513
"䙀",513
"嵼",513
"㷭",513
"懠",513
"甹",513
"傰",512
"煔",512
"鞄",512
"袼",512
"梮",512
"捼",512
"鬊",512
"鼲",511
"籑",510
"磢",510
"硊",510
"篣",510
"獑",510
"𤫙",510
"𩁹",510
"趪",508
"幍",508
"绡",508
"咅",508
"裰",508
"阗",508
"懕",508
"𪒟",508
"氌",508
"筬",508
"獺",508
"亵",507
"苙",507
"棙",507
"瑍",507
"㛐",507
"檷",507
"睔",507
"飋",507
"蕯",506
"㬅",506
"蹼",506
"䘲",506
"扂",506
"疻",506
"硋",506
"猵",506
"䦕",506
"癕",505
"鏶",505
"竃",505
"俣",505
"掁",504
"骞",504
"矙",504
"鋂",504
"𬖂",504
"璦",504
"汯",504
"碝",504
"嗺",504
"㹅",504
"嘮",503
"糦",503
"箛",503
"悏",503
"摜",502
"锜",502
"傫",502
"隺",502
"寁",502
"莕",502
"塓",501
"魟",501
"蚉",501
"芺",501
"莍",501
"芔",501
"奊",501
"瓒",500
"驮",500
"槻",500
"鉀",499
"侷",499
"嗝",499
"䫻",499
"峤",498
"蚵",498
"鷿",498
"趹",498
"遻",498
"栍",498
"臷",497
"鳺",497
"徔",497
"鄍",497
"𢢑",497
"鵹",496
"剨",496
"鬉",496
"茖",496
"蛓",496
"烷",496
"𦗟",495
"齵",495
"毄",494
"猧",494
"迻",494
"綼",494
"墰",494
"暀",493
"黾",493
"挱",493
"辢",493
"蕑",493
"髂",493
"䡄",493
"慗",493
"氎",492
"绽",492
"擪",492
"诇",492
"䍽",492
"膎",492
"襋",492
"甐",492
"皽",491
"夊",491
"崝",490
"敡",490
"顣",490
"㟪",490
"㷔",490
"𦱤",490
"䫨",490
"袟",489
"暯",489
"槹",489
"熭",489
"竉",489
"噳",489
"䯢",489
"靲",489
"惥",488
"錤",488
"棆",488
"蟳",488
"怓",488
"繀",488
"袺",488
"㧖",488
"䞭",488
"𡵫",488
"僢",487
"篅",487
"蘴",487
"䔖",487
"錨",486
"乚",486
"畐",486
"騟",486
"峍",486
"桫",486
"撁",486
"萉",486
"聓",486
"䵹",486
"𠎣",486
"弍",485
"丂",485
"蜰",485
"䐈",485
"𤋎",485
"颰",484
"讴",484
"愭",484
"㸅",484
"庹",484
"𨫼",484
"幈",484
"厺",484
"佬",483
"矕",483
"堳",483
"薘",483
"汏",483
"䂎",482
"鑅",482
"賝",482
"駻",482
"彲",482
"茠",482
"𥉂",482
"襺",482
"瀗",482
"哯",481
"䍡",481
"潧",481
"𠭇",481
"蒪",481
"谩",480
"镕",480
"喨",480
"椴",480
"錟",480
"癿",480
"栿",480
"鮥",480
"趱",480
"豏",480
"𥜿",480
"嘼",480
"嶨",479
"僸",479
"繿",479
"襛",478
"哗",478
"盋",478
"敱",478
"薸",478
"颉",478
"䴠",478
"磳",477
"䙫",477
"媌",477
"襓",477
"槄",477
"鸖",477
"簙",476
"绷",476
"塸",476
"㳿",476
"𥠧",476
"趿",475
"馝",475
"璯",475
"亖",474
"跤",474
"釉",474
"挞",474
"麅",474
"瓽",474
"缹",474
"𦊅",474
"烶",474
"𢯱",474
"㐌",473
"胘",473
"鄐",473
"袘",473
"鶪",472
"栉",472
"醱",472
"鷳",472
"耞",472
"葖",472
"㾦",472
"䯒",472
"㘽",472
"堃",471
"蟮",471
"嘌",471
"忕",471
"脔",470
"縏",470
"馲",470
"鴡",470
"蒚",470
"礰",470
"𠗂",470
"佴",470
"艐",470
"藃",470
"榏",470
"釖",470
"獢",469
"弌",469
"藔",469
"臅",469
"抎",469
"渀",469
"膉",469
"玒",469
"袅",468
"绫",468
"稛",468
"閺",468
"贽",468
"幩",468
"蚷",468
"躰",467
"韛",467
"𠅘",467
"茛",466
"㮏",466
"蛷",466
"夑",465
"𤧚",465
"𨇨",465
"㞢",465
"倈",464
"鹃",464
"芿",464
"楟",464
"枍",464
"㵳",464
"軵",464
"𩟄",464
"鉾",463
"庱",463
"鰿",463
"㒜",463
"矑",463
"蘬",463
"𡑞",463
"阉",462
"廰",462
"喿",462
"荖",462
"铍",462
"淔",462
"觟",462
"笰",462
"䳵",462
"𩿾",462
"𧉧",462
"玧",462
"䱹",461
"谾",461
"莚",461
"墣",461
"佸",461
"軘",461
"擖",461
"貃",460
"枊",460
"僽",460
"顢",460
"拎",460
"𣠄",460
"駥",460
"𥈭",460
"𢥞",460
"叧",460
"怿",460
"缌",460
"虍",460
"娚",460
"攠",460
"蜽",459
"搩",458
"轰",458
"钊",458
"鬑",458
"蒳",458
"滺",458
"觓",458
"鿌",458
"柍",457
"姗",457
"捊",457
"庲",457
"赮",456
"䳏",456
"骐",456
"稕",456
"㿀",456
"姺",456
"涏",456
"骲",455
"懻",455
"獱",455
"鼴",455
"咶",454
"镳",454
"埛",454
"髵",454
"兦",454
"伞",453
"蠊",453
"慹",453
"碜",453
"㮮",453
"瓨",452
"筼",452
"煐",452
"鲮",452
"鮨",452
"䌟",452
"枃",451
"屳",451
"舔",451
"辧",451
"箊",451
"䞉",451
"诩",450
"涟",450
"瘯",450
"裶",450
"𣋓",450
"鳏",449
"䃺",449
"辶",449
"𡠾",449
"爂",449
"𢢀",449
"簩",449
"诒",448
"骖",448
"躉",448
"遢",448
"绐",448
"絘",448
"郧",448
"㳒",448
"𡸅",448
"腱",447
"栈",447
"螙",447
"啘",447
"䨲",447
"轞",447
"搁",446
"搧",446
"鶃",446
"緃",446
"𡺚",446
"䆮",446
"揱",446
"暸",445
"偑",445
"栐",445
"眽",445
"猭",445
"䙱",445
"䭀",445
"熢",445
"衟",444
"堿",444
"炟",444
"棽",444
"辎",444
"昒",444
"鵌",444
"㼐",444
"晲",444
"簻",444
"䓿",444
"𩩲",444
"蒦",443
"胈",443
"𠂹",443
"㚖",443
"炔",442
"阍",442
"觌",442
"𤟤",442
"黐",441
"凙",441
"嵑",441
"𠌫",440
"岪",440
"観",440
"刂",440
"瑔",440
"棸",440
"䃂",440
"渜",440
"𡚖",440
"𥔲",440
"䙆",439
"琈",439
"柀",439
"鄨",438
"軝",438
"𬋩",438
"竀",437
"楱",437
"焘",437
"蟘",437
"狋",436
"蟦",436
"籣",436
"軬",436
"暜",436
"摲",436
"㾕",436
"岉",436
"𧊵",436
"帲",436
"嶬",435
"俪",435
"羢",435
"斎",435
"鴯",435
"颮",435
"牚",435
"蝚",435
"矔",435
"醙",434
"鸪",434
"輨",434
"鞃",434
"炜",434
"䟆",434
"狊",434
"䪐",434
"笓",433
"鈚",433
"湙",433
"蠎",433
"𤫩",433
"噸",432
"殓",432
"搵",432
"籪",432
"轶",432
"愸",432
"贶",432
"揬",432
"盇",432
"𠆸",432
"㫪",432
"乭",432
"𦆑",431
"䶉",431
"妸",431
"蟞",431
"嚔",431
"岞",430
"竾",430
"嘄",430
"辝",430
"皶",430
"袧",430
"谍",429
"檵",429
"垺",429
"𡩖",429
"擽",428
"瞆",428
"骱",428
"缯",428
"蝄",428
"鑵",428
"忨",428
"蘐",428
"捖",428
"幱",428
"坿",427
"韯",427
"蛦",427
"訚",426
"仉",426
"汦",426
"鹉",426
"垡",426
"椆",426
"囪",426
"芓",426
"䱇",426
"夂",426
"姼",426
"枼",425
"諈",425
"銊",425
"砟",425
"偊",425
"釿",425
"瓫",425
"蕀",424
"辐",424
"櫋",424
"鎒",424
"䔉",424
"滭",424
"朹",424
"姶",424
"卪",424
"𬹃",424
"覛",423
"颛",423
"穱",423
"嵰",422
"鉁",422
"瑆",422
"鈌",422
"蓤",422
"錪",422
"魗",422
"獌",422
"鶾",422
"葈",422
"盰",422
"趸",422
"𨶒",422
"蟟",421
"仩",421
"刾",421
"䔲",421
"颦",420
"艌",420
"錁",420
"蘃",420
"敜",420
"钿",420
"㸦",420
"槤",419
"獀",419
"屉",419
"铿",419
"茼",419
"湱",419
"埻",419
"䐗",419
"崥",419
"顉",418
"垚",418
"輘",418
"蔊",418
"伇",418
"瀐",418
"鈲",417
"𧺆",417
"炲",417
"𥚓",417
"𠕎",417
"䮍",416
"弜",416
"菢",416
"搋",416
"𠂢",416
"錝",416
"𩍐",416
"庉",416
"騱",416
"鐕",416
"睃",415
"姘",415
"靭",415
"騉",415
"攦",415
"毊",415
"珒",415
"懰",415
"廮",414
"墋",414
"𪖙",414
"垩",414
"脝",414
"蜄",414
"濎",414
"騬",414
"糉",414
"𠛬",414
"鐁",414
"屟",413
"瞚",413
"眅",413
"㺅",412
"瞟",412
"镰",412
"䖵",412
"霝",412
"镠",412
"鋘",412
"𨚕",412
"睄",412
"郔",412
"㯭",411
"鷾",411
"佅",411
"𤢜",411
"𢋨",411
"䱐",410
"摈",410
"韂",410
"倎",410
"飌",410
"𫇢",410
"跔",410
"𤎆",410
"褋",410
"𡱈",410
"澩",410
"𤊹",410
"糔",410
"烩",410
"碥",409
"嬺",409
"縌",409
"珑",408
"鞛",408
"湸",408
"菵",408
"橓",408
"傿",407
"怐",407
"寏",407
"嵺",407
"闛",407
"桩",407
"牤",407
"埊",406
"昑",406
"熉",406
"礠",406
"膲",406
"𤋲",406
"𥈤",406
"䈥",406
"抴",406
"酟",406
"𠛱",406
"坽",406
"磩",405
"绂",405
"蚗",405
"刏",405
"㡩",404
"攉",404
"嫏",404
"鹧",404
"吅",404
"翐",404
"䠱",404
"𣡸",404
"厷",403
"嵿",403
"椈",403
"藫",403
"婓",402
"閇",402
"叜",402
"腼",402
"猞",402
"醄",402
"婐",402
"蝛",402
"庨",402
"娗",402
"惌",402
"𧦧",402
"蓌",402
"㡿",402
"𣅳",401
"騒",401
"赜",401
"𡧯",401
"𦙄",401
"䳜",401
"茞",400
"裤",400
"盯",400
"淓",400
"磌",400
"蔉",400
"疷",400
"緛",400
"𢙀",400
"砸",399
"溞",399
"玿",399
"鵫",399
"𠦑",399
"蹖",398
"烫",398
"舢",398
"瀇",398
"鬀",398
"姡",398
"𡨧",398
"甂",398
"閍",398
"鶌",398
"齝",398
"饇",398
"㬢",398
"㦿",398
"熞",397
"醰",397
"帣",397
"鳿",397
"湴",397
"孏",397
"䤈",397
"餋",397
"秥",397
"狚",396
"叕",396
"岗",396
"辘",396
"㸙",396
"咘",396
"矸",396
"爊",396
"槵",396
"藊",396
"𮎼",396
"𦍒",396
"𢪛",396
"罯",395
"懜",395
"曯",395
"𢘤",395
"懞",394
"尌",394
"𡷫",394
"匴",394
"鋻",394
"𣏾",394
"驺",394
"䫫",394
"坈",394
"鳽",394
"䪺",394
"𬾨",394
"撗",393
"嵆",393
"蒤",392
"鼹",392
"𦬆",392
"銋",392
"榅",392
"鹳",392
"镵",392
"呞",392
"嗼",392
"虇",392
"蚼",392
"豼",392
"䟃",391
"梫",391
"蕁",391
"詨",391
"䝤",391
"谮",391
"耵",391
"𤃩",391
"埅",391
"誊",390
"𡽪",390
"杘",390
"瞂",390
"阊",390
"齱",390
"埌",390
"稰",390
"䌨",389
"誷",389
"炆",389
"箖",389
"寱",389
"霭",389
"笐",389
"䉛",389
"坞",388
"豀",388
"垐",388
"嵏",388
"蝜",388
"迵",388
"䛒",388
"抪",388
"㧻",388
"潓",387
"齻",387
"婵",387
"锈",386
"抿",386
"尬",386
"洢",386
"櫶",386
"竜",386
"葓",386
"謑",386
"獂",386
"檴",386
"駚",386
"𣸦",386
"鱎",386
"狆",386
"鏛",386
"䥷",386
"蚔",385
"𢮥",385
"聻",385
"蹎",385
"㡡",385
"够",384
"伬",384
"婧",384
"俍",384
"嚓",384
"瀙",384
"嵞",384
"涞",384
"茬",384
"郥",384
"𡵚",384
"䴸",384
"歬",384
"𩣭",384
"㕦",384
"𦚟",384
"蔂",383
"嘓",383
"嗊",383
"狑",383
"戼",382
"䄉",382
"圝",382
"竸",382
"壜",382
"䏿",382
"㗲",382
"崫",382
"眣",382
"𦫳",382
"葂",381
"繠",381
"𠢐",381
"蝭",381
"䴢",381
"莔",380
"犎",380
"樘",380
"鲲",380
"泺",380
"㵒",380
"焻",380
"㫰",380
"糳",379
"挌",379
"唣",379
"恮",379
"胂",379
"镒",379
"迣",379
"孴",379
"夅",379
"螰",379
"𣾰",379
"屄",379
"妢",379
"臇",378
"诽",378
"瞇",378
"螝",378
"搞",377
"灜",377
"剬",377
"氀",377
"趢",377
"桻",377
"𨗿",377
"㟽",377
"錥",376
"𨵦",376
"𪗋",376
"霩",376
"悭",376
"𥦖",376
"缥",376
"麎",376
"崓",376
"㒳",376
"𨖍",376
"鏸",375
"錀",375
"呺",375
"峉",375
"㧙",375
"㞕",374
"殜",374
"渶",374
"玡",374
"𠔏",374
"逿",374
"蒀",374
"鎜",374
"跀",374
"襹",374
"鈳",374
"澅",373
"嬥",373
"偩",373
"頙",373
"絚",372
"栞",372
"鉹",372
"偞",372
"𥧌",372
"谠",372
"曭",372
"銟",372
"轠",372
"厀",371
"鉽",371
"玶",371
"𨔄",371
"𦄲",370
"籁",370
"瑵",370
"甭",370
"旸",370
"僈",370
"踤",370
"𠧪",370
"脄",370
"煣",369
"㞦",369
"塐",369
"奝",369
"袾",369
"蜤",369
"睗",369
"𢷤",369
"㫮",369
"钢",368
"奁",368
"坒",368
"檏",368
"愮",368
"齖",368
"茳",368
"鈏",368
"溰",368
"吺",368
"婤",368
"聸",368
"亼",368
"弢",368
"膖",367
"牺",367
"䕸",367
"夗",367
"𢥵",367
"橝",367
"𧦴",367
"𢵧",367
"鋡",366
"橹",366
"谲",366
"鼅",366
"蠦",366
"㩧",366
"檑",366
"莴",366
"虥",366
"岹",366
"𤸃",366
"攰",365
"蛅",365
"諕",365
"扜",365
"䂍",365
"㩻",365
"曍",365
"𡖉",365
"𢚓",365
"㦎",364
"艼",364
"鵅",364
"嗿",364
"駷",364
"㬚",364
"檁",364
"硖",364
"𨑙",364
"輆",363
"𧑄",363
"魾",363
"馞",363
"鲛",362
"鼵",362
"繟",362
"禗",362
"齹",362
"䝁",362
"𡰈",362
"貀",362
"嚃",362
"蛱",362
"𥐻",362
"衻",362
"𬽦",362
"𨷺",362
"镗",361
"檞",361
"徛",361
"𡾰",361
"𢧵",361
"𢠵",361
"惢",361
"䄙",361
"譣",360
"矶",360
"纫",360
"滘",360
"凇",360
"腪",360
"嗖",360
"铦",360
"蕮",360
"鸅",360
"𣸧",360
"䰄",360
"𧗱",360
"垄",359
"纾",359
"葧",359
"錣",359
"𧝓",358
"狝",358
"俇",358
"洤",358
"誒",358
"觗",358
"飒",358
"阆",358
"櫌",358
"𡣕",358
"梪",358
"艿",358
"鞎",358
"誃",358
"䱥",358
"䏑",358
"饃",358
"𪸥",358
"邧",357
"粿",357
"儴",357
"鬤",357
"攕",357
"涽",357
"𪘏",357
"鉠",357
"鷉",357
"𠺕",357
"蜦",357
"簃",356
"缣",356
"緭",356
"䪫",356
"㟙",356
"攎",356
"赊",356
"鲡",356
"㥏",356
"罬",356
"䔰",356
"籚",356
"劦",356
"斞",356
"𦜕",356
"褔",355
"愗",355
"㔾",355
"嵣",354
"娴",354
"睏",354
"猁",354
"砾",354
"䘿",354
"灙",354
"暆",354
"弡",354
"𡋹",354
"𣺫",354
"薞",354
"㫜",354
"礛",353
"磤",353
"㝅",353
"鼘",353
"榣",353
"髐",353
"橪",353
"辴",353
"襇",353
"㤿",353
"嶀",353
"錶",352
"诟",352
"岖",352
"霳",352
"趴",352
"炀",352
"鷷",352
"涾",352
"椋",352
"沠",352
"墎",352
"嫇",352
"䲹",352
"呸",351
"齴",351
"璱",351
"䟫",351
"謍",351
"甊",351
"遾",351
"腍",351
"𦅸",351
"睁",350
"鸥",350
"铠",350
"鏓",350
"飚",350
"祃",350
"鱁",350
"蕸",350
"鏂",350
"毇",350
"锧",350
"纥",350
"𨥥",350
"茕",350
"䳕",350
"鬿",350
"冮",350
"䲶",350
"髅",349
"嚗",349
"盫",349
"𧃲",349
"嵠",348
"喽",348
"浒",348
"櫹",348
"戙",348
"鹫",348
"熝",348
"葪",348
"騝",348
"栯",348
"欶",348
"䳄",348
"㤼",348
"𭰫",348
"箅",347
"帴",347
"繤",347
"艛",347
"蛘",347
"䈚",347
"斖",347
"甤",347
"垈",347
"摅",346
"翖",346
"諆",346
"傱",346
"鴷",346
"壂",346
"䩞",346
"𠼪",346
"畡",346
"䳱",346
"睋",346
"𧢲",346
"䥈",346
"𧬄",346
"䑳",346
"狪",346
"㡇",346
"榯",345
"匋",345
"㻬",345
"轃",345
"郓",344
"忔",344
"璗",344
"螀",344
"𡡉",344
"碆",344
"拫",344
"䤋",344
"峚",344
"㲣",344
"㟼",344
"𣐈",344
"彉",343
"虭",343
"処",343
"緁",343
"顅",343
"𬻻",343
"轼",342
"嵃",342
"誗",342
"懭",342
"湁",342
"咇",342
"冖",342
"檕",342
"蕧",342
"偆",342
"㕁",342
"狿",342
"鹘",341
"艍",341
"𥁃",341
"㽵",341
"鮠",341
"黚",341
"篃",341
"瑿",341
"凔",341
"𥂖",341
"痆",341
"壴",340
"蒒",340
"阏",340
"抡",340
"髇",340
"颾",340
"蛁",340
"𪰋",340
"婥",340
"䃔",340
"𬱃",340
"謱",340
"烒",340
"㯙",340
"𫞐",340
"鬾",340
"䀹",339
"焇",339
"衯",339
"筡",339
"颢",339
"矐",339
"歺",339
"澞",338
"镮",338
"鹑",338
"羍",338
"镐",338
"蟕",338
"虉",338
"渹",338
"𨑰",338
"𢇍",338
"𡹘",338
"豅",337
"𨛦",337
"憞",336
"狈",336
"辆",336
"跆",336
"咃",336
"舱",336
"纻",336
"葄",336
"岋",336
"桭",336
"晭",336
"𦂯",336
"𡾋",336
"𡽱",336
"怮",336
"趗",336
"蚢",336
"俈",336
"嶋",336
"喌",336
"珕",336
"敹",336
"䨪",336
"踌",335
"尓",335
"咪",335
"絟",335
"㜪",335
"羬",335
"鄪",335
"憼",334
"髋",334
"祎",334
"𨁂",334
"惀",334
"廇",334
"祡",334
"鈑",334
"𦷾",334
"邔",334
"磠",334
"躆",334
"鴢",334
"䲔",334
"讪",334
"歍",334
"䠥",334
"嫿",333
"棪",333
"刴",333
"魉",333
"𥀷",333
"徦",333
"褅",333
"宎",333
"鸗",332
"脧",332
"彣",332
"磏",332
"夋",332
"鋊",332
"珇",332
"櫍",332
"姏",332
"䈽",332
"𬓲",332
"㷆",332
"塺",331
"漒",331
"𥁞",331
"籦",331
"鸓",331
"𣰉",331
"㥠",331
"橺",330
"鍖",330
"諹",330
"䟐",330
"屵",330
"骻",330
"栜",330
"㝃",330
"鞽",330
"戠",330
"㧁",330
"𡦦",330
"㙫",330
"妠",329
"樐",329
"摙",329
"醡",329
"䴷",329
"橀",329
"䦯",329
"𥞫",329
"伅",329
"䐹",329
"瓅",328
"羓",328
"踬",328
"鸢",328
"匑",328
"槬",328
"鍘",328
"熤",328
"鼚",328
"囯",328
"憓",328
"䶂",328
"鰝",328
"鶝",328
"𭡠",328
"凵",327
"逤",327
"㵢",327
"嵛",327
"㒹",327
"顳",327
"𧍪",327
"蓦",326
"𥂟",326
"葝",326
"僆",326
"壥",326
"蠥",326
"餝",326
"𫿞",326
"澋",326
"鱦",326
"虦",326
"篻",326
"櫾",326
"𡛸",326
"鏳",326
"础",325
"蟃",325
"鶷",325
"濦",325
"蟓",325
"穛",325
"褢",325
"浲",325
"烔",324
"溅",324
"鬝",324
"鞢",324
"𨂂",324
"椄",324
"鯧",324
"羠",324
"鱀",324
"鷅",324
"腝",324
"𧑅",324
"䶵",324
"𡸣",323
"搕",323
"眧",323
"臖",323
"臽",323
"琀",323
"瓟",323
"陓",323
"矲",323
"榬",323
"鹗",322
"疌",322
"铳",322
"珸",322
"僒",322
"檋",322
"翭",322
"濑",322
"丮",322
"蛥",322
"甛",322
"𩅸",322
"𪆽",322
"挣",321
"恹",321
"烤",321
"憣",321
"鷘",321
"鞺",321
"瑹",321
"膃",321
"䂬",321
"蛢",321
"䬼",320
"诧",320
"觑",320
"驽",320
"𩦲",320
"攂",320
"帻",320
"絧",320
"轲",319
"佝",319
"虰",319
"糭",319
"𥹋",319
"𥘨",319
"俋",318
"邆",318
"沺",318
"馑",318
"䎒",318
"榹",318
"蜫",318
"𪊨",318
"誂",318
"𣡡",318
"匌",318
"䘙",318
"隁",318
"䏚",318
"𦬒",318
"𤻲",317
"鯹",317
"騺",317
"㬱",317
"珚",317
"蜪",317
"㙲",317
"𨷂",317
"蝂",316
"詪",316
"蔎",316
"䖳",316
"棑",316
"怚",316
"貭",316
"𩎟",316
"襳",316
"臤",316
"柧",315
"𪎭",315
"椊",315
"櫈",315
"偄",315
"嶊",315
"嚜",314
"蔱",314
"䥶",314
"櫫",314
"欋",314
"葎",314
"乓",314
"齇",314
"雗",314
"嬡",314
"𢎯",314
"𦋐",314
"𤨿",314
"䑋",314
"𤅀",314
"跇",314
"覀",314
"䇲",314
"曣",313
"沏",313
"㑭",313
"嵘",313
"萞",313
"袌",313
"躽",313
"崡",313
"粇",312
"桡",312
"璎",312
"磟",312
"戥",312
"𠾱",312
"癹",312
"鵗",312
"𩑺",312
"硈",312
"哅",312
"藒",312
"譱",312
"捒",312
"𨒫",312
"紸",312
"矖",312
"㨖",312
"𡾊",312
"旈",312
"詝",311
"澾",311
"𥰭",311
"鉺",311
"顬",311
"䳢",311
"𠸄",311
"𧵍",310
"昐",310
"腇",310
"摫",310
"暲",310
"欈",310
"巜",310
"韸",310
"𡥉",310
"𠪱",310
"辿",309
"崯",309
"欨",309
"莿",309
"韏",309
"㽜",309
"鄛",308
"𣾨",308
"鳔",308
"毈",308
"㵯",308
"驫",308
"嗏",308
"姽",308
"鮹",308
"溮",308
"龿",308
"韫",308
"蜳",308
"訰",308
"鴀",308
"䣙",308
"襝",307
"㜷",307
"黰",307
"鉊",307
"柃",307
"𧌑",307
"漥",307
"鬇",307
"镬",306
"霠",306
"䇓",306
"蒠",306
"蛈",306
"垹",306
"迊",306
"纋",306
"𨊠",306
"䢼",305
"碚",305
"蛒",305
"糿",305
"枎",304
"阂",304
"穤",304
"愃",304
"瑈",304
"蟚",304
"鄈",304
"牦",304
"焊",304
"㒡",304
"䔛",304
"赟",304
"嗍",304
"顩",304
"蘵",304
"鴹",304
"㦂",304
"𮎛",304
"𭰖",304
"䖤",303
"稆",303
"堍",303
"𠠎",303
"綡",303
"蕂",303
"矝",303
"㺑",303
"㐬",303
"嶈",302
"薴",302
"跴",302
"煏",302
"榞",302
"稒",302
"罧",302
"㮙",302
"䩕",302
"儭",302
"粰",302
"罴",302
"㻐",302
"㬜",302
"𥻦",302
"㯳",302
"𠆩",302
"㰚",302
"䕀",302
"胮",301
"堭",301
"崮",301
"縒",301
"妎",301
"㐱",300
"攃",300
"肕",300
"糰",300
"豥",300
"㩳",300
"𢘅",300
"缭",299
"髬",299
"𧘂",299
"勴",299
"鶞",299
"𥘿",299
"𧨳",299
"獹",299
"蹞",299
"痑",299
"祾",299
"娸",299
"䃉",299
"悫",298
"敿",298
"撂",298
"浢",298
"纺",298
"𢙯",298
"𨔝",298
"縩",298
"謿",298
"㡭",298
"𠜇",298
"韱",297
"棌",297
"喢",297
"鐉",297
"齃",297
"絯",297
"熚",297
"𤾁",297
"茦",296
"鈄",296
"雔",296
"㦤",296
"鶅",296
"鴾",296
"棝",296
"邥",296
"祑",296
"𡙟",296
"箟",296
"憿",296
"𪓰",296
"摦",296
"儶",296
"犼",296
"𭥆",296
"豲",295
"肙",295
"卟",295
"虪",295
"檩",295
"悇",295
"鲵",295
"晀",295
"儽",295
"鏴",295
"樉",294
"灈",294
"𥱼",294
"杫",294
"𠩵",294
"檓",294
"翪",294
"𩮜",294
"潒",294
"䞋",294
"𠂇",294
"趮",294
"𮩴",294
"蕹",293
"𣷉",293
"僪",293
"嚂",293
"茻",293
"𢆶",293
"𧓈",293
"䤵",293
"丩",293
"泿",292
"鐖",292
"麆",292
"謰",292
"噇",292
"瘽",292
"鷑",292
"裞",292
"裷",292
"崋",292
"坴",292
"𠯁",292
"谸",292
"𮥠",292
"啡",291
"槙",291
"阺",291
"羺",291
"枙",291
"𨙸",291
"㬭",291
"𦚧",291
"㘰",291
"樆",290
"偾",290
"𢗗",290
"丷",290
"陭",290
"𣝛",290
"藄",290
"齸",290
"㵿",290
"藼",290
"葮",290
"𠷢",290
"㟅",290
"㮋",290
"譭",289
"偒",289
"㝵",289
"䐁",289
"㱿",289
"壏",289
"𤍜",289
"譶",288
"铲",288
"朸",288
"㢝",288
"碛",288
"崄",288
"韄",288
"巚",288
"濌",288
"蠀",288
"䓈",288
"袊",288
"玓",288
"𧏙",287
"鞣",287
"緂",287
"僓",287
"懁",287
"鼱",287
"摂",287
"惦",286
"俀",286
"歭",286
"鍐",286
"攥",286
"疧",286
"㲉",286
"墫",286
"屰",286
"屫",286
"𥣻",286
"𠜶",286
"𮩸",286
"薗",285
"𣑯",285
"𨹓",285
"𡠉",285
"𣻎",285
"孠",284
"覌",284
"狲",284
"顜",284
"実",284
"埦",284
"嘠",284
"𥿈",284
"牥",284
"鮸",284
"槸",284
"㩉",284
"礏",284
"𧽼",284
"𧔥",284
"𣲺",284
"霼",284
"𪃟",284
"𭊌",284
"𣝕",284
"膫",283
"輚",283
"劗",283
"倠",283
"𨲠",283
"玮",282
"飓",282
"篼",282
"蘥",282
"鸬",282
"䍚",282
"謈",282
"詅",282
"䓞",282
"虿",282
"㙷",282
"𧙪",282
"孋",282
"傝",282
"鉎",282
"軱",282
"䮾",282
"廜",282
"𩕳",282
"薱",282
"腁",282
"𮦀",282
"嘊",281
"𩇕",281
"葌",281
"榫",281
"俩",281
"綄",281
"巟",281
"侊",281
"憛",281
"怢",281
"顝",281
"侙",281
"㠀",280
"呇",280
"𢊍",280
"饆",280
"怂",280
"碢",280
"芵",280
"舣",280
"噽",280
"觢",280
"鮿",280
"䰐",280
"翍",280
"隝",280
"硡",280
"𦌘",280
"𣽂",280
"鏷",280
"獿",280
"綩",279
"乒",279
"鉋",279
"铤",279
"蕅",279
"鵋",279
"𥯨",279
"叐",279
"𤄃",279
"爗",278
"饨",278
"嵹",278
"弶",278
"颎",278
"栎",278
"𦪇",278
"翲",278
"𩏶",278
"𤺺",278
"朻",278
"䭇",278
"䳟",278
"犅",278
"㧓",278
"磗",277
"奯",277
"𨵗",277
"鱴",277
"𢶏",277
"穇",277
"昋",277
"囇",277
"𣨙",277
"鮋",276
"躏",276
"秝",276
"䅖",276
"魵",276
"睴",276
"矺",276
"㮇",276
"𧆑",276
"𦀦",276
"偨",276
"磼",276
"㪽",276
"綗",275
"槜",275
"澕",275
"燡",275
"羉",275
"籭",275
"䗥",275
"𥾝",275
"𧟄",275
"靻",275
"徥",275
"侬",274
"秱",274
"岜",274
"㮶",274
"狤",274
"俲",274
"𢱲",274
"顐",274
"餥",274
"䝐",274
"瓓",274
"𦉍",274
"馤",274
"涳",274
"䯤",274
"䃘",274
"稄",274
"蒁",274
"尷",273
"坶",273
"肐",273
"鋥",273
"殠",273
"𠴨",273
"圴",273
"忐",272
"葊",272
"阰",272
"嘕",272
"䫜",272
"屌",272
"蔍",272
"蚾",272
"偀",272
"嗞",272
"榽",272
"丳",272
"鹜",272
"灏",272
"烨",272
"鼨",272
"𤬏",272
"𥴦",272
"磿",272
"琔",272
"襨",272
"𥇀",272
"嵻",271
"屖",271
"懤",271
"鳅",271
"璒",271
"䓑",271
"䃧",271
"搚",271
"䳭",271
"䲛",270
"闳",270
"臢",270
"圹",270
"崏",270
"溎",270
"繸",270
"鸷",270
"湠",270
"䍶",270
"秷",270
"廅",270
"弎",270
"𢽟",270
"篂",270
"𦙌",270
"𪀉",270
"㠎",270
"㐀",270
"𦍛",270
"竻",269
"跺",269
"𥕯",269
"䎖",269
"魧",269
"𧍧",269
"隓",269
"谔",268
"鋧",268
"馧",268
"澺",268
"玽",268
"㺒",268
"繵",268
"聩",268
"裆",268
"蓩",268
"瑖",268
"𠙶",268
"烴",268
"菎",268
"𩨳",268
"𪇰",268
"𧸛",268
"仜",267
"𥫱",267
"溻",267
"晱",267
"袑",267
"抮",267
"鬡",267
"鰞",267
"𡞦",267
"埯",267
"婟",267
"鷒",266
"譞",266
"魶",266
"顤",266
"𡉫",266
"苄",266
"矂",266
"𨫒",266
"薃",266
"唌",266
"夰",266
"㼾",266
"儚",266
"罺",266
"䰍",266
"䱱",266
"𣶂",266
"暭",266
"㵝",266
"帰",266
"𩦺",266
"輋",266
"顄",266
"玤",266
"𤣾",266
"䄅",266
"氁",265
"橕",265
"蠸",265
"䅘",265
"栺",265
"箳",265
"郦",264
"㦷",264
"讣",264
"𡼭",264
"馪",264
"揟",264
"慭",264
"杺",264
"轳",264
"虈",264
"昦",264
"凮",264
"𠬪",264
"莣",264
"鴮",264
"榇",264
"劋",264
"皬",264
"眑",264
"㕧",264
"灦",264
"襱",264
"䊵",264
"緥",263
"囕",263
"𩥇",263
"羫",263
"胅",263
"𠹗",263
"㕛",263
"寎",263
"蛳",262
"昖",262
"饠",262
"䦘",262
"誙",262
"㣥",262
"柺",262
"僁",262
"胧",262
"饩",262
"痄",262
"骢",262
"軎",262
"蒮",262
"涹",262
"鼦",262
"礒",262
"恅",262
"𤲬",262
"𨅶",262
"犿",262
"寴",262
"褣",262
"𢇮",262
"𡹴",262
"𢈢",262
"麊",261
"譒",261
"揞",261
"巎",261
"檆",261
"𩩉",261
"聹",261
"艗",261
"𥌓",261
"㠖",261
"諔",261
"脕",261
"蜝",261
"𡶒",260
"粑",260
"笤",260
"潿",260
"懱",260
"謵",260
"𥐼",260
"㥾",260
"䨘",260
"蕇",260
"蘈",260
"唽",260
"𡼠",260
"侌",260
"酕",260
"眆",260
"貱",260
"䶎",260
"毶",260
"璔",260
"萠",259
"咖",259
"斠",259
"癀",259
"硱",259
"焆",259
"𣕕",259
"聧",259
"𪆰",259
"㜽",259
"艒",258
"撳",258
"垿",258
"𩆩",258
"𧮂",258
"錏",258
"嗹",258
"鐈",258
"鐀",258
"暪",258
"昤",258
"㔶",258
"䤅",258
"㐭",258
"𪃿",258
"葥",258
"搌",258
"鶨",258
"𦺇",258
"燸",258
"㿃",258
"躘",258
"脥",258
"馦",258
"𡨜",258
"㕣",258
"榗",258
"𠌂",258
"𦁐",258
"䋈",257
"杸",257
"汒",257
"佊",257
"嵜",257
"𩅦",256
"挝",256
"狰",256
"硭",256
"舼",256
"泸",256
"镫",256
"滦",256
"莁",256
"芛",256
"赙",256
"撽",256
"𩃱",256
"瞙",256
"絷",256
"䪻",256
"蕛",256
"𦣞",256
"㱃",256
"𤍨",256
"𭰁",256
"𧣪",256
"薎",255
"禥",255
"㥽",255
"竘",255
"軖",255
"礝",255
"狟",255
"蓇",255
"醧",255
"璏",255
"湭",255
"𢱢",254
"跒",254
"腲",254
"搣",254
"鑈",254
"𭹀",254
"躝",254
"㾬",254
"嵔",254
"妭",254
"砎",254
"陫",254
"褍",254
"㶟",253
"𡼏",253
"纩",253
"砱",253
"蛫",253
"罜",252
"𦕼",252
"馄",252
"韪",252
"赁",252
"詉",252
"㺜",252
"䌰",252
"瓵",252
"𤦲",252
"薚",252
"痝",252
"𩦎",252
"䳘",252
"鍦",252
"捾",252
"僷",252
"𧁑",252
"𭥍",252
"𮌎",252
"戦",251
"鱤",251
"逎",251
"癶",251
"俉",251
"篧",251
"蚞",251
"𧥆",251
"撷",250
"餪",250
"沶",250
"虷",250
"昢",250
"帓",250
"癗",250
"柽",250
"醶",250
"撜",250
"𢓜",250
"鵧",250
"㠁",250
"虌",250
"䧢",250
"郹",250
"鋉",250
"𡿨",250
"𧒒",250
"宖",250
"㳤",250
"耾",250
"蠈",250
"剀",250
"𩯣",250
"䆁",250
"瑅",250
"㕹",250
"䌖",250
"䍿",250
"誔",249
"桦",249
"𤜱",249
"𤵜",249
"僐",249
"釼",249
"𥶇",249
"沪",248
"㙐",248
"崠",248
"㵲",248
"涐",248
"偡",248
"䣕",248
"𦼫",248
"𠰸",248
"鲋",248
"腘",248
"㾓",248
"獩",248
"帼",248
"顼",248
"塕",248
"粣",248
"睐",248
"魪",248
"㠥",248
"菨",248
"𣧑",247
"㒧",247
"磄",247
"湀",247
"𧲛",247
"敊",247
"𡗓",247
"仐",247
"苌",246
"埙",246
"鲊",246
"酓",246
"𤷍",246
"缇",246
"䱻",246
"鼁",246
"椯",246
"篖",246
"嵤",246
"𣒅",246
"𦣻",246
"氃",246
"馍",246
"愶",245
"満",245
"箹",245
"濲",245
"貾",245
"𤬪",245
"笒",245
"㮒",245
"㽘",245
"釚",244
"癟",244
"伕",244
"哓",244
"榉",244
"𮡧",244
"瀱",244
"㝔",244
"𨵿",244
"鵉",244
"龏",244
"𣸪",244
"悐",244
"㰦",244
"䧿",244
"厴",244
"迿",244
"輐",244
"巆",244
"垶",244
"鵸",244
"𤏳",244
"䀪",244
"𠷎",244
"𥛠",244
"莟",243
"轺",243
"𡨕",243
"滰",243
"䰂",243
"嶛",243
"䀜",243
"睶",243
"熑",243
"叴",243
"譻",242
"扸",242
"馒",242
"舚",242
"㰤",242
"鰨",242
"蟩",242
"悹",242
"䘺",242
"蔮",242
"傛",242
"𡡓",242
"罤",242
"㠜",242
"秌",242
"莇",242
"慸",242
"轏",242
"䙡",242
"𢿛",242
"畍",242
"胑",241
"獥",241
"忯",241
"蕍",241
"埢",241
"𢾅",241
"剫",240
"狍",240
"魛",240
"浠",240
"蘱",240
"鮬",240
"鷜",240
"濴",240
"㢢",240
"㘈",240
"嗋",239
"飍",239
"㵐",239
"墇",239
"捬",239
"萷",239
"掻",239
"謣",239
"彃",239
"磍",239
"𡣳",239
"螴",239
"悪",239
"挡",238
"洬",238
"篰",238
"𡝭",238
"鉍",238
"傂",238
"蚏",238
"𧆛",238
"巤",238
"羒",238
"鴚",238
"唊",238
"蛡",238
"𩆍",238
"㰂",238
"䒠",238
"駍",238
"㮹",238
"𫯠",238
"鉿",237
"夃",237
"鑯",237
"婑",237
"㝈",237
"䜋",237
"睕",237
"倗",237
"鏩",237
"𢉖",237
"璶",237
"爸",236
"缛",236
"炧",236
"炣",236
"砏",236
"漹",236
"筿",236
"哫",236
"胇",236
"坅",236
"㩗",236
"苷",236
"頿",236
"凓",236
"䁾",236
"讄",236
"䌤",236
"𠜾",236
"𡟎",236
"𢆲",236
"𥴖",235
"鯆",235
"朳",235
"搫",235
"餿",235
"㟝",235
"𠤷",235
"彆",235
"顀",235
"䄜",235
"𣶢",234
"啧",234
"懀",234
"辏",234
"嵱",234
"罒",234
"湒",234
"袙",234
"𪓟",234
"趚",234
"鯾",234
"猂",234
"㹞",234
"𩣡",234
"捀",234
"墈",234
"䃳",234
"𢷏",234
"䈼",234
"𡒃",234
"㷊",234
"𮛫",234
"崀",233
"瓐",233
"樯",233
"騼",233
"晄",233
"扙",233
"楑",233
"䣃",233
"鯼",233
"𧮭",233
"杍",232
"犕",232
"潀",232
"𨻶",232
"黵",232
"矘",232
"霒",232
"菋",232
"蜬",232
"鶀",232
"鶆",232
"𡨴",232
"鏒",232
"㬈",232
"䬟",232
"跁",232
"寭",232
"㻶",232
"㵾",232
"𢊆",232
"鋦",231
"觻",231
"剱",231
"𨇤",231
"噅",231
"稴",231
"酀",231
"㠊",231
"䃴",230
"㡓",230
"锣",230
"瞾",230
"殕",230
"啉",230
"皲",230
"斳",230
"钃",230
"揗",230
"犷",230
"镝",230
"繴",230
"魭",230
"圀",230
"𩓣",230
"鴔",230
"䃜",230
"䯱",230
"窙",230
"赨",230
"櫎",230
"䭹",230
"娽",230
"𧄔",230
"蚈",230
"𪆂",230
"𭏊",230
"𦚾",230
"槗",230
"腜",230
"𠌶",230
"𤰇",230
"㯕",229
"狔",229
"鬺",229
"鈛",229
"胴",229
"臗",229
"袥",229
"蚚",229
"鷣",229
"脟",229
"㦄",229
"疄",229
"癌",228
"颞",228
"虮",228
"㔨",228
"囐",228
"斈",228
"嶆",228
"镈",228
"𥗬",228
"铩",228
"㦬",228
"𢖲",228
"礀",228
"锱",228
"鄁",228
"㗊",228
"倄",228
"鮰",228
"菤",228
"钀",228
"螼",228
"鮛",228
"踑",228
"蜵",228
"奞",228
"㧘",228
"𣊻",228
"䀠",228
"𢴄",228
"𪮫",228
"𦒃",228
"擀",227
"蔠",227
"篮",227
"瀎",227
"涶",227
"㖟",227
"鉒",227
"㥯",227
"簚",227
"躟",227
"柦",227
"𠯗",227
"枬",226
"𨚑",226
"𧴩",226
"橾",226
"驙",226
"𧱓",226
"幮",226
"蒘",226
"蜠",226
"䠠",226
"譀",226
"麧",226
"𧎅",226
"㭨",226
"倝",226
"豣",226
"𢓺",226
"㕀",226
"𥉻",225
"繲",225
"鰡",225
"韧",225
"冸",225
"狧",225
"殟",225
"𨈬",225
"眒",224
"磪",224
"酮",224
"䆿",224
"硍",224
"謢",224
"抅",224
"鞜",224
"譡",224
"𣻳",224
"茤",224
"鄇",224
"茪",224
"貇",224
"壧",224
"憢",224
"𢠸",224
"鴜",224
"槯",224
"瑌",224
"䓲",224
"𧕏",224
"㴸",224
"畁",224
"𤱈",224
"𮄑",224
"𭙶",224
"㿽",224
"㝹",223
"鰫",223
"浽",223
"爢",223
"茮",223
"雃",223
"缳",222
"桚",222
"擏",222
"憁",222
"怘",222
"觠",222
"塯",222
"呥",222
"恦",222
"爣",222
"驓",222
"凅",222
"矠",222
"𤟧",222
"蛕",222
"䩺",222
"輑",222
"𡗨",222
"𮈔",222
"䄏",222
"𮁌",222
"㼁",222
"暙",222
"𫑗",222
"𢯲",222
"嶚",221
"𣪁",221
"璖",221
"垎",221
"镼",221
"僜",221
"䢿",221
"𢎪",221
"涝",220
"撄",220
"翧",220
"変",220
"䉡",220
"豍",220
"㽥",220
"㹱",220
"𩛆",220
"廯",220
"蝒",220
"蟙",220
"橏",220
"㺊",220
"丵",220
"饡",220
"魼",220
"䁔",220
"㲻",220
"䖃",220
"𧙓",220
"䋽",220
"潪",220
"焲",220
"㫝",220
"𨌥",220
"𩋃",220
"㚔",220
"𦯄",220
"𨃃",220
"癅",219
"庯",219
"柫",219
"憴",219
"糂",219
"𤡮",219
"漮",219
"袩",219
"蚇",219
"囒",219
"罱",219
"踄",219
"椲",219
"桾",219
"䂀",219
"邟",218
"岘",218
"毵",218
"憪",218
"𨈆",218
"蝢",218
"誻",218
"楇",218
"纰",218
"嗡",218
"蝳",218
"䖆",218
"㓝",218
"犺",218
"犓",218
"𮏄",218
"𩂅",218
"缰",217
"灇",217
"墧",217
"浭",217
"篺",217
"鮤",217
"鸍",217
"騻",217
"𩰾",217
"𤢹",217
"嬬",217
"榶",217
"忑",216
"孖",216
"燆",216
"沵",216
"捅",216
"㑥",216
"鰜",216
"嶾",216
"燌",216
"痻",216
"㡧",216
"颲",216
"郼",216
"𡾼",216
"颬",216
"漇",216
"嫷",216
"鍹",216
"隇",216
"䄈",216
"䒣",216
"掿",215
"㠾",215
"獟",215
"渷",215
"胦",215
"碬",215
"囡",215
"𧆌",215
"蛂",214
"篑",214
"㖫",214
"琺",214
"糨",214
"㠄",214
"篽",214
"垆",214
"䕠",214
"脺",214
"蘁",214
"耖",214
"橁",214
"棳",214
"襐",214
"荵",214
"洔",214
"𦿆",214
"缆",214
"䬙",214
"溸",214
"𩇯",214
"𡫏",214
"𡇼",214
"罠",214
"鵖",214
"㙡",214
"䖀",214
"𠟇",214
"𮒃",214
"绦",213
"吨",213
"㔩",213
"笾",213
"𪊽",213
"琟",213
"劐",213
"㮕",213
"妉",213
"猕",213
"䴚",213
"帩",213
"虴",213
"䍃",213
"糼",213
"䝴",213
"赅",212
"缒",212
"銬",212
"巄",212
"骎",212
"㣻",212
"葟",212
"鱊",212
"鮂",212
"麔",212
"𤅈",212
"禙",212
"㫼",212
"踥",212
"𣾘",212
"𣹰",212
"𧸘",212
"橉",212
"𨖟",212
"㬻",212
"婻",212
"藦",211
"謋",211
"趻",211
"抾",211
"摚",211
"弤",211
"鮡",211
"猣",211
"𦙫",211
"垗",211
"繜",211
"𡃰",211
"绚",210
"𤐣",210
"篯",210
"𤄷",210
"屚",210
"䄷",210
"瞱",210
"啀",210
"䢖",210
"𬇇",210
"簢",210
"莃",210
"螲",210
"鮅",210
"𧂐",210
"𪃩",210
"撍",210
"渃",210
"𥷑",210
"𧵅",210
"䤨",210
"𢕑",210
"𣃥",210
"雴",210
"𤺌",210
"嵦",209
"闆",209
"怞",209
"㠔",209
"蚆",209
"潊",209
"𣪣",209
"姌",209
"䬾",209
"捈",209
"㶇",209
"櫏",209
"踨",209
"誢",209
"䒀",209
"㡊",208
"霐",208
"蒫",208
"抭",208
"剶",208
"跿",208
"簂",208
"䌙",208
"㘖",208
"粖",208
"龣",208
"峐",208
"蔧",208
"鶛",208
"鼸",208
"嶜",208
"汮",208
"䙚",208
"𨡭",208
"䕭",208
"皻",208
"曋",208
"沷",208
"嘳",208
"馢",208
"𧬈",208
"雥",208
"㠪",208
"𩛻",208
"𥝰",208
"騯",208
"伀",207
"餃",207
"瀖",207
"溾",207
"僙",207
"𣄣",207
"馰",207
"㪣",207
"癨",207
"𠳲",207
"鑫",206
"襼",206
"跄",206
"侭",206
"𣚴",206
"瀓",206
"赗",206
"㡯",206
"砀",206
"𪍿",206
"栔",206
"缈",206
"嗦",206
"蔜",206
"騜",206
"𨠯",206
"蒕",206
"蟅",206
"㦛",206
"䳡",206
"𠀘",206
"躣",206
"捇",206
"蹱",206
"誺",206
"𥓋",206
"崣",206
"卂",206
"䘃",206
"䨼",206
"㿻",206
"𥛄",206
"洈",205
"𨻻",205
"𤏡",205
"齂",205
"䣜",205
"觎",205
"豩",205
"脿",205
"嗗",205
"殥",205
"冃",204
"讆",204
"颋",204
"骜",204
"螷",204
"墕",204
"麡",204
"灡",204
"嘟",204
"蠌",204
"䗁",204
"寙",204
"鞇",204
"愺",204
"䁱",204
"嵭",204
"怄",204
"𩚫",204
"𤦇",204
"欥",204
"哵",204
"㸂",204
"皕",203
"㤅",203
"惂",203
"𤩰",203
"榐",203
"𦨴",203
"麙",203
"𣄢",203
"梌",203
"阀",202
"唿",202
"钮",202
"鄥",202
"蒵",202
"苰",202
"恑",202
"礋",202
"翷",202
"㹪",202
"蛖",202
"蘮",202
"䰻",202
"䭈",202
"汵",202
"睮",202
"灆",202
"𤥐",202
"䩨",202
"𥼷",202
"黬",202
"氋",202
"吡",202
"覕",202
"滵",202
"㛮",202
"𨐌",202
"厼",202
"䁑",202
"瞡",202
"㠉",202
"䏁",202
"㶅",202
"𩊠",202
"𧭈",202
"𥖝",202
"㦖",202
"曃",201
"幑",201
"㜕",201
"䱔",201
"㾐",201
"鳪",201
"抯",201
"鶙",201
"鎝",201
"鋁",201
"聇",201
"䊋",201
"孊",200
"敩",200
"陉",200
"壵",200
"傌",200
"奣",200
"柌",200
"穼",200
"飵",200
"葀",200
"聟",200
"筕",200
"骪",200
"䘱",200
"曓",200
"皠",200
"䴏",200
"珬",200
"𡺼",200
"愇",200
"𠇋",200
"詍",200
"𠙆",200
"𥚢",200
"趜",199
"慒",199
"𩪋",199
"𩢷",199
"䴰",199
"㼧",199
"䥖",199
"偱",199
"礔",199
"佂",199
"媆",199
"𢈧",199
"䥘",199
"䑏",199
"銔",199
"䵍",199
"辡",199
"呭",199
"𤠾",198
"恽",198
"玝",198
"逦",198
"𣗪",198
"煋",198
"掂",198
"咛",198
"埱",198
"猯",198
"姎",198
"䮧",198
"荺",198
"魱",198
"鯬",198
"鸙",198
"洍",198
"蠝",198
"蟡",198
"㨒",198
"摷",198
"黖",198
"聀",198
"袇",198
"豤",198
"祘",198
"蔨",197
"顁",197
"摖",197
"𥵂",197
"鳫",197
"㯃",197
"𡦗",197
"鰹",196
"翚",196
"橼",196
"鉈",196
"棤",196
"诎",196
"臸",196
"軯",196
"樧",196
"淴",196
"罞",196
"裗",196
"䵣",196
"谌",196
"诹",196
"𢎘",196
"鉐",196
"𪅏",196
"𣀗",196
"𡾓",196
"䇺",196
"𩃎",196
"眳",196
"㯉",196
"䃬",195
"肊",195
"疀",195
"榤",195
"䪅",195
"柛",195
"嫟",195
"䵬",195
"娧",195
"𢱧",194
"𨞅",194
"赚",194
"脮",194
"菐",194
"驏",194
"𤥻",194
"绖",194
"䃫",194
"攑",194
"灬",194
"㛗",194
"瀤",194
"𣎜",194
"紭",194
"雭",194
"瓡",194
"䍮",194
"蓈",194
"㺦",194
"璑",194
"裺",194
"𬷮",194
"拝",194
"贳",193
"墽",193
"慔",193
"橔",193
"湉",193
"瀔",193
"箪",193
"妞",193
"潣",193
"腞",193
"糩",193
"砐",193
"涀",193
"𧌴",193
"牳",193
"猼",193
"彋",193
"䋣",192
"匔",192
"瘌",192
"屾",192
"灴",192
"缊",192
"濝",192
"㲨",192
"䗵",192
"篍",192
"𨧱",192
"𢘇",192
"绻",192
"舻",192
"𥫃",192
"恀",192
"岅",192
"䣱",192
"傹",192
"渨",192
"𪍓",192
"㢙",192
"㞯",192
"翄",192
"䬸",192
"靾",192
"䀢",192
"䇂",192
"䳚",192
"诂",191
"橱",191
"㢋",191
"峬",191
"䋏",191
"琩",191
"褗",191
"陖",191
"摣",191
"坺",191
"㲚",191
"挴",191
"𩥉",191
"㧗",191
"蠾",190
"碳",190
"䳨",190
"氉",190
"邬",190
"䁆",190
"𡎴",190
"燏",190
"槺",190
"啎",190
"埚",190
"禷",190
"𣜩",190
"螒",190
"覭",190
"鯞",190
"𥔀",190
"䣼",190
"䗤",190
"傄",190
"跮",190
"䒶",190
"裪",190
"𡎊",190
"媊",190
"蹦",190
"䘒",190
"麮",190
"𠘧",190
"宍",189
"𦀰",189
"菾",189
"纗",189
"鴺",189
"蛵",189
"穖",189
"𧄸",189
"遳",189
"卋",189
"𣳚",189
"嫢",189
"辫",188
"谎",188
"啒",188
"栨",188
"攗",188
"謮",188
"鈋",188
"捡",188
"峣",188
"斪",188
"尀",188
"妫",188
"蹸",188
"隿",188
"䝠",188
"棂",188
"硞",188
"䵑",188
"鷏",188
"䱸",188
"荩",188
"讔",188
"譪",188
"蜐",188
"䈉",188
"崹",188
"蹪",188
"眐",188
"瞏",188
"𦒎",188
"恎",188
"㟳",188
"㠐",188
"沝",188
"𢛁",188
"瀢",188
"𦬸",188
"檨",188
"𧤗",188
"䛳",188
"𤈦",188
"𱵲",188
"妐",187
"呎",187
"汱",187
"憻",187
"侟",187
"倴",187
"堟",187
"軮",187
"掰",187
"蓾",187
"䈄",187
"㠭",187
"𩛙",187
"妵",187
"𥧾",187
"緾",186
"铙",186
"鄦",186
"䌌",186
"抦",186
"鳢",186
"樍",186
"愯",186
"𦘴",186
"窭",186
"頧",186
"歋",186
"襒",186
"繗",186
"栌",186
"𠤱",186
"䫴",186
"舕",186
"峄",186
"忾",186
"蠘",186
"簆",186
"犪",186
"弴",186
"阧",186
"欙",186
"𢁙",186
"硰",186
"𠒇",186
"堜",186
"𤫽",185
"㱾",185
"鑋",185
"忓",185
"鞼",185
"䱒",185
"祒",185
"袎",185
"坲",185
"䩉",185
"𡩬",185
"𥧲",185
"㙛",185
"㨶",185
"㿠",185
"䈂",185
"濿",184
"䓶",184
"馚",184
"捦",184
"潵",184
"溹",184
"阘",184
"侢",184
"娆",184
"騪",184
"愲",184
"幏",184
"𪒠",184
"骿",184
"趌",184
"䮷",184
"筄",184
"篎",184
"𧑓",184
"嬎",184
"㥦",184
"䩜",184
"䃋",184
"𡷾",184
"齞",184
"𨏮",184
"鉻",184
"嫛",184
"㩼",184
"漨",184
"鮯",184
"𧑒",184
"鮊",184
"㫚",184
"㣘",184
"𢫎",184
"㡘",184
"蒃",184
"藸",184
"𢄐",184
"唥",184
"䙔",184
"𮋹",184
"秾",183
"婶",183
"婗",183
"櫅",183
"㝗",183
"貑",183
"𤛆",183
"𧿇",183
"媰",183
"橆",183
"鴸",183
"䔄",183
"扴",183
"栙",183
"陏",183
"䈰",183
"吗",182
"掮",182
"钰",182
"栊",182
"槼",182
"捓",182
"缞",182
"瘺",182
"倿",182
"焂",182
"肨",182
"䰝",182
"戫",182
"柭",182
"簄",182
"犝",182
"浘",182
"薽",182
"𥎊",182
"粊",182
"蘟",182
"邭",182
"嬇",182
"䀣",182
"㤄",182
"佒",182
"𦯶",182
"𠛼",182
"䎙",182
"泧",182
"䖺",182
"𣸈",182
"㜻",182
"苲",181
"棯",181
"䲧",181
"澪",181
"懡",181
"敄",181
"䋁",181
"礹",181
"𨿅",181
"鏠",181
"𥎞",181
"矒",181
"䗃",181
"袹",181
"棎",181
"倯",181
"魿",181
"㒵",181
"堢",181
"錭",181
"瞲",181
"㭰",181
"𡼖",181
"晵",181
"畲",180
"饪",180
"鳭",180
"㑺",180
"蔩",180
"䅻",180
"譝",180
"蛐",180
"鐼",180
"𪷤",180
"玪",180
"䩵",180
"鉝",180
"剅",180
"琜",180
"蘌",180
"爯",180
"㭼",180
"飉",180
"鯦",180
"鴱",180
"䔇",180
"辚",180
"𣶮",180
"槏",180
"蓳",180
"𣵺",180
"嵥",180
"蛪",180
"𥯤",180
"覤",180
"䘳",180
"楈",180
"娰",180
"𥓁",180
"㮤",180
"獙",180
"𦒘",180
"𭛠",180
"繍",179
"㳬",179
"鞪",179
"𡋯",179
"碫",179
"撨",179
"䳓",179
"猉",179
"㥜",178
"锷",178
"𨆪",178
"哶",178
"𫃵",178
"戆",178
"嶶",178
"缱",178
"亅",178
"菺",178
"侚",178
"㟍",178
"觏",178
"恛",178
"㺐",178
"鱕",178
"儑",178
"墑",178
"䘽",178
"苵",178
"鶭",178
"𠈉",178
"𢤱",178
"𡺾",178
"繊",178
"匉",178
"麳",178
"籉",178
"𥋝",178
"挭",178
"褀",178
"𤏖",178
"㥷",178
"𦇧",178
"𡐔",178
"荦",177
"𣽎",177
"峸",177
"䃣",177
"氽",177
"藣",177
"蟴",177
"湕",177
"𡍩",177
"疞",177
"搷",177
"鴪",177
"䂊",177
"𡵺",177
"㗁",177
"氧",176
"鸮",176
"硁",176
"餍",176
"鹾",176
"骘",176
"褺",176
"垘",176
"駂",176
"𨞪",176
"𣵡",176
"嶱",176
"㨷",176
"腛",176
"謕",176
"𠃌",176
"㗐",176
"𪶁",176
"㴭",176
"狓",175
"瞗",175
"腃",175
"飕",175
"蚭",175
"祩",175
"䙅",175
"𧊿",175
"𥕤",175
"𢹬",175
"𡂐",175
"莏",175
"灒",174
"绑",174
"垇",174
"窂",174
"碽",174
"猈",174
"𪧟",174
"楒",174
"䐶",174
"碖",174
"羛",174
"䯚",174
"儠",174
"篞",174
"蚸",174
"驨",174
"𩮀",174
"㬓",174
"㿇",174
"䃡",174
"旳",174
"𣳻",174
"摮",174
"𨶑",174
"釨",174
"𧣾",174
"䬒",174
"䛁",174
"蚅",173
"鲈",173
"笘",173
"鍒",173
"𣶬",173
"雑",173
"㫒",173
"丼",173
"䰲",173
"萲",173
"蛃",173
"𩱛",173
"艁",173
"犤",173
"㵧",173
"烄",173
"䰽",172
"漺",172
"刬",172
"㼜",172
"蝁",172
"噋",172
"玙",172
"鲞",172
"䬪",172
"躂",172
"𤄶",172
"魠",172
"𢾺",172
"骝",172
"麠",172
"哰",172
"𩓿",172
"𦵧",172
"𩏂",172
"䃱",172
"瀀",172
"𦵩",172
"钯",172
"橬",172
"𪁪",172
"㯓",171
"靅",171
"儅",171
"䈏",171
"䴬",171
"𤄵",171
"𢈪",171
"觪",171
"𧉻",171
"畠",171
"廀",171
"壡",171
"亀",170
"𤬛",170
"躤",170
"㒼",170
"𨌈",170
"墭",170
"脙",170
"𧞔",170
"垙",170
"婠",170
"傽",170
"砘",170
"㽟",170
"猃",170
"鲔",170
"湡",170
"浺",170
"缃",170
"鰦",170
"𣹑",170
"惈",170
"脠",170
"𢝼",170
"𣶒",170
"䗲",170
"獏",170
"㸋",170
"鄝",170
"䃤",170
"矎",170
"鸆",170
"𨂍",170
"尣",170
"㩥",170
"銗",170
"軲",170
"㸲",170
"𤞞",170
"笢",170
"㽕",170
"睼",169
"瘘",169
"摕",169
"藡",169
"㚃",169
"趬",169
"虁",169
"恲",169
"厬",169
"𠬧",169
"㜲",169
"𩰿",169
"瀂",169
"汓",169
"鎢",168
"㸁",168
"鞑",168
"絸",168
"椮",168
"攈",168
"粆",168
"榍",168
"獽",168
"翢",168
"蜌",168
"豯",168
"灢",168
"襬",168
"鑐",168
"𦉥",168
"䵎",168
"𩣚",168
"𧉈",168
"緀",168
"䇾",168
"蠬",168
"𤃡",168
"𭛁",168
"㭒",167
"魆",167
"毷",167
"蕟",167
"譮",167
"𨂜",167
"誩",167
"鱳",167
"忥",167
"𧑐",167
"瘱",167
"𥴧",167
"譹",167
"㲰",167
"㜎",167
"蜛",167
"䏧",167
"鵳",167
"𨬍",167
"臩",166
"鹙",166
"雟",166
"犘",166
"阚",166
"㪇",166
"㻂",166
"跓",166
"骅",166
"浍",166
"𪕋",166
"戵",166
"䯀",166
"愅",166
"怸",166
"暒",166
"㖧",166
"吤",166
"𦟘",166
"鏔",166
"𦤙",166
"𭧽",166
"䡝",166
"𥨪",166
"庁",165
"堶",165
"褑",165
"㰹",165
"䱡",165
"惃",165
"岥",165
"𦍕",165
"庢",165
"噈",165
"跈",165
"掝",165
"𧦪",165
"㡚",165
"祦",165
"𧓽",165
"䆅",165
"甏",164
"竤",164
"炵",164
"懩",164
"龁",164
"穳",164
"犩",164
"婊",164
"㵕",164
"蒥",164
"韥",164
"惼",164
"哠",164
"䌈",164
"㵫",164
"蠠",164
"莌",164
"莥",164
"鵵",164
"鷧",164
"嗕",164
"㕞",164
"箌",164
"㞼",164
"聣",164
"莄",164
"揘",164
"䱤",164
"𠧧",164
"搂",164
"䤴",164
"澽",164
"𥰒",164
"敽",164
"䎶",164
"𡪹",164
"𢓡",164
"厸",164
"𥡥",164
"涥",164
"鼆",164
"𭭕",164
"䏸",164
"玚",163
"崳",163
"覗",163
"秄",163
"酙",163
"撊",163
"𢘍",163
"灓",163
"畕",163
"𡠜",163
"㹸",163
"䙏",163
"霊",163
"𥲊",163
"釄",163
"恖",163
"鷼",163
"䏂",163
"𡵓",162
"账",162
"銻",162
"澰",162
"㘚",162
"哏",162
"鴙",162
"绉",162
"梇",162
"髗",162
"阢",162
"𠊨",162
"貁",162
"侒",162
"閞",162
"𦆽",162
"葞",162
"韰",162
"𨛬",162
"缋",162
"𪷁",162
"鴅",162
"矊",162
"䬴",162
"梄",162
"齀",162
"俒",162
"唴",162
"橠",162
"烚",162
"𥚽",162
"𤗉",162
"䜪",162
"𣹟",162
"𧇩",162
"㲝",162
"舽",162
"恈",162
"𮘸",162
"𩮰",162
"頨",161
"檬",161
"㜮",161
"堎",161
"厗",161
"昲",161
"㙩",161
"鮵",161
"绁",161
"𢢜",161
"禯",161
"鎕",161
"䓘",161
"毻",161
"溙",161
"𠟡",161
"伵",161
"䖸",161
"橖",160
"媐",160
"䀛",160
"朥",160
"緙",160
"峇",160
"䃲",160
"嚊",160
"缑",160
"灟",160
"狳",160
"鸏",160
"懪",160
"芅",160
"蛗",160
"腤",160
"椂",160
"濥",160
"𩥄",160
"叒",160
"欯",160
"𦍩",160
"𪍣",160
"䬀",160
"𡔷",160
"枽",160
"𩚑",160
"𤤴",160
"稶",160
"𦥑",160
"鯥",160
"𡍪",160
"𨙫",160
"䮕",160
"㡗",160
"膸",159
"莼",159
"洝",159
"㳛",159
"蹳",159
"窼",159
"砊",159
"鸁",159
"鱬",159
"苬",159
"㩲",159
"𩫈",159
"輄",159
"𧇠",159
"撖",159
"悙",159
"踕",159
"壔",159
"篬",159
"賆",159
"㿥",158
"缦",158
"饫",158
"嘤",158
"廔",158
"𡒉",158
"祙",158
"䘨",158
"茾",158
"㺹",158
"鋜",158
"钏",158
"櫖",158
"𠠫",158
"櫡",158
"藬",158
"贆",158
"鵱",158
"䶗",158
"䑽",158
"殙",158
"揸",158
"颽",158
"鮁",158
"尵",158
"䒒",158
"㒿",158
"㓶",158
"䝈",158
"㩴",158
"瞜",158
"𣪊",158
"鋚",158
"靌",158
"襥",157
"䩭",157
"稨",157
"袸",157
"鼺",157
"觯",157
"𠿕",157
"櫼",156
"铮",156
"垟",156
"樳",156
"祳",156
"䤹",156
"悀",156
"腩",156
"𥿊",156
"竧",156
"𣂁",156
"㳌",156
"鄿",156
"𦐇",156
"㕠",156
"薂",156
"𡵻",156
"娈",156
"𠙖",156
"廴",156
"稢",156
"䲅",156
"蟱",156
"謘",156
"眔",156
"𣀮",156
"䖘",156
"黫",156
"牄",156
"崨",156
"㻫",156
"𦕑",156
"㶿",156
"摓",156
"譨",156
"埥",156
"閵",156
"㑋",156
"峳",156
"籗",156
"䏌",156
"䧹",156
"𥛚",156
"嘀",155
"譺",155
"遉",155
"涮",155
"𥳔",155
"𡎇",155
"㫿",155
"灠",155
"䢔",155
"嶉",155
"聏",155
"傼",155
"𢝆",155
"焃",155
"㨨",155
"飏",154
"闿",154
"髊",154
"堺",154
"䚻",154
"鞥",154
"鹞",154
"椱",154
"醩",154
"鲂",154
"靓",154
"抧",154
"靤",154
"䃁",154
"庂",154
"㾖",154
"蜸",154
"雓",154
"駩",154
"鈱",154
"岻",154
"𧃒",154
"嬻",154
"窡",154
"𦩍",154
"䙗",154
"𪀦",154
"鋑",154
"䉋",154
"蠷",154
"𥻅",154
"𢘗",154
"孨",154
"𧂇",154
"㻩",154
"孓",153
"溤",153
"洇",153
"釽",153
"俆",153
"鵮",153
"柊",153
"醘",153
"蟿",153
"珆",153
"愵",153
"㙪",153
"刕",153
"搡",153
"沋",153
"珢",153
"嵅",153
"豙",153
"𣜹",153
"狾",152
"𧆞",152
"𡽗",152
"氯",152
"蟑",152
"拢",152
"蓗",152
"赝",152
"㬪",152
"吋",152
"缤",152
"砻",152
"鐳",152
"嵍",152
"垅",152
"龀",152
"騲",152
"淃",152
"𦭼",152
"𢁥",152
"筎",152
"褮",152
"𧐐",152
"鼳",152
"黸",152
"䡅",152
"𠪨",152
"𧈭",152
"𢜩",152
"菈",152
"賰",152
"㰒",152
"㜏",152
"𥣬",152
"琘",152
"䐴",152
"竷",152
"喛",152
"揅",151
"鐟",151
"𣉙",151
"拪",151
"賏",151
"埄",151
"𤗒",151
"秼",151
"𦩷",151
"稘",151
"𪁗",151
"䒱",151
"㠠",151
"𩟷",151
"𡻭",151
"穥",151
"䃍",151
"㩣",151
"枖",151
"码",150
"箨",150
"椠",150
"鐋",150
"溁",150
"暳",150
"㽎",150
"𡒊",150
"牻",150
"𨨯",150
"鐴",150
"鏉",150
"琎",150
"嵪",150
"鳃",150
"䄮",150
"豃",150
"驠",150
"栮",150
"𪓿",150
"𧠺",150
"抈",150
"繑",150
"㶌",150
"鋷",150
"圿",150
"彏",150
"𨎥",150
"犏",150
"讉",150
"龤",150
"㟴",150
"𭭾",150
"𫝉",150
"㶣",150
"𠔼",150
"㳁",150
"𧮈",150
"𭕒",150
"狞",149
"龃",149
"瑃",149
"䌇",149
"㳍",149
"阫",149
"鳼",149
"怌",149
"媖",149
"䗂",149
"㓊",149
"䴹",149
"𥿉",148
"龊",148
"瑥",148
"瑷",148
"㙺",148
"爉",148
"𠂔",148
"嵖",148
"攮",148
"鍏",148
"浐",148
"赒",148
"硙",148
"蘨",148
"叆",148
"缧",148
"𧅰",148
"钲",148
"覞",148
"𡘤",148
"忀",148
"檊",148
"磒",148
"䬯",148
"箷",148
"冎",148
"䰀",148
"魒",148
"跉",148
"𡱝",148
"瓃",148
"䀩",148
"庈",148
"䑿",148
"聅",148
"𤍟",148
"𪅂",148
"樃",148
"帞",148
"𠈃",148
"抐",148
"𠃊",148
"𧚥",148
"𥟱",148
"𧍘",148
"𭼠",148
"𠂞",148
"靱",147
"紨",147
"䇄",147
"婩",147
"姅",147
"㿊",147
"㟢",147
"蠳",147
"偠",147
"𣂈",147
"𩱿",147
"㸚",147
"𩿇",147
"胬",146
"𣰋",146
"趒",146
"鋺",146
"㑴",146
"塥",146
"诐",146
"枨",146
"楃",146
"騌",146
"𥳎",146
"䔺",146
"冾",146
"騇",146
"鶔",146
"鼶",146
"䚩",146
"䔾",146
"䕻",146
"眜",146
"漧",146
"𦁛",146
"衁",146
"𭤑",146
"鈠",146
"桠",146
"髶",146
"䢇",146
"䈙",146
"㟐",146
"鎲",146
"㜈",146
"𥰡",146
"䎫",146
"䳋",146
"䬠",146
"菞",146
"㺩",146
"㲋",146
"䮗",146
"𦳝",146
"𤊟",146
"卙",146
"㷉",146
"篗",146
"驣",145
"寽",145
"蕗",145
"噟",145
"𨏈",145
"爃",145
"陮",145
"掗",144
"覶",144
"𨮁",144
"侩",144
"䩮",144
"睯",144
"懙",144
"㼚",144
"蝐",144
"鬕",144
"𡾲",144
"箰",144
"抻",144
"聍",144
"廦",144
"蕄",144
"㩌",144
"擈",144
"飁",144
"䀡",144
"茿",144
"誋",144
"𣟴",144
"挒",144
"娋",144
"歁",144
"譳",144
"𤦹",144
"𨹁",144
"𦩘",144
"䟤",144
"𨊻",144
"俷",144
"䫙",144
"軞",144
"懯",144
"歫",144
"䱋",144
"鷻",144
"𨘤",144
"𦔐",144
"霌",144
"𧕅",144
"𭳞",144
"陧",143
"啃",143
"蓪",143
"瘮",143
"䋔",143
"𡜟",143
"鴩",143
"嘾",143
"獡",143
"攱",143
"㤰",143
"鋞",143
"藖",143
"䈴",143
"𦼮",143
"𩐎",143
"嗀",143
"𦤞",143
"𥒐",143
"榙",143
"甶",143
"瑻",142
"镊",142
"颳",142
"齄",142
"樤",142
"熜",142
"泋",142
"蒝",142
"𥜥",142
"𧘈",142
"闬",142
"椟",142
"䘪",142
"笿",142
"蓶",142
"鮷",142
"䤬",142
"楉",142
"糪",142
"茥",142
"蔖",142
"𧑙",142
"鴗",142
"𤣎",142
"𨺼",142
"𧟌",142
"奅",142
"𩿧",142
"鰶",142
"庴",142
"鱡",142
"乿",142
"㿿",142
"虤",142
"蝏",142
"鰬",142
"𨕣",142
"隚",142
"𣶏",142
"啔",142
"䙴",142
"鷱",142
"㯩",142
"䚧",142
"𨸰",142
"㢟",142
"羷",142
"䴴",142
"𣖾",142
"㪟",142
"䠧",142
"䄶",142
"𩑔",142
"䫡",142
"詃",141
"夽",141
"柠",141
"嶣",141
"𥳇",141
"𪑮",141
"譈",141
"㖃",141
"憰",141
"剻",141
"𩋾",141
"𢶉",141
"𢋡",141
"𤽮",141
"銭",141
"㰍",141
"肏",140
"糹",140
"娎",140
"轹",140
"帄",140
"鹍",140
"谞",140
"樌",140
"𪆪",140
"郺",140
"𦕃",140
"鍁",140
"䗐",140
"𧝬",140
"𢈻",140
"㙻",140
"𩦪",140
"䚦",140
"㝩",140
"𥗝",140
"拸",140
"檈",140
"亄",140
"䆡",140
"獋",140
"鰵",140
"㧺",140
"鸄",140
"犥",140
"𨰠",140
"㩋",140
"𡒦",140
"𦒱",140
"㛂",140
"𮣡",140
"緽",139
"襀",139
"錩",139
"潡",139
"𨚲",139
"璄",139
"僟",139
"芠",139
"砣",139
"赪",139
"枺",139
"孾",139
"祪",139
"豾",139
"㘁",139
"祌",139
"鮇",139
"㙠",139
"咊",139
"雧",139
"㗅",139
"莜",139
"㞳",139
"䰇",139
"躛",139
"𢛅",139
"𣨶",139
"嶗",138
"摞",138
"䁝",138
"𦧈",138
"鹈",138
"魷",138
"𢳇",138
"诅",138
"毲",138
"㻁",138
"潍",138
"蟰",138
"螸",138
"騽",138
"𧳅",138
"𦬼",138
"𦢊",138
"𥋋",138
"赆",138
"渽",138
"䎀",138
"梿",138
"䌛",138
"篊",138
"𨋎",138
"咉",138
"䴉",138
"諎",138
"侾",138
"鵚",138
"沰",138
"釙",138
"鍷",138
"勥",138
"汻",138
"鶮",138
"䗱",138
"䃌",138
"㶒",138
"嶩",138
"𤺊",138
"𦋅",138
"鰽",138
"乑",138
"𦛗",138
"𤾂",138
"𭼰",138
"啤",137
"壢",137
"伣",137
"龉",137
"𩢍",137
"諯",137
"鍨",137
"𤁧",137
"䵼",137
"麜",137
"苮",137
"楲",137
"𡼊",137
"趆",137
"瀿",137
"鴧",137
"𣦸",136
"憟",136
"烆",136
"滐",136
"眝",136
"緢",136
"铧",136
"犳",136
"苘",136
"𢜮",136
"苀",136
"豱",136
"𥝧",136
"垲",136
"𢇻",136
"𤀰",136
"𢄔",136
"聝",136
"䯰",136
"搄",136
"珻",136
"㾮",136
"㑻",136
"𡹮",136
"㱥",136
"笣",136
"㳘",136
"凚",136
"𥓂",136
"匧",136
"𪔇",136
"䏎",136
"宔",136
"䖦",136
"訆",136
"焍",136
"㹈",136
"䍷",136
"錽",136
"𠬢",136
"琂",136
"𤅿",136
"𥄎",136
"抷",135
"桨",135
"耹",135
"噔",135
"榩",135
"㫬",135
"鋀",135
"嵉",135
"瓁",135
"碅",135
"𨳲",135
"𩊓",135
"楴",135
"厽",135
"䓇",135
"蹗",135
"钂",135
"鼀",135
"𠧤",135
"𪃋",135
"㥧",135
"𦘺",135
"荪",134
"㶍",134
"爔",134
"勚",134
"鹢",134
"㤝",134
"鹁",134
"𦐂",134
"𡸕",134
"鏋",134
"𨁏",134
"䒩",134
"锓",134
"𨄔",134
"耝",134
"𧉒",134
"鬗",134
"鵛",134
"鼣",134
"𢋅",134
"㯹",134
"𪊍",134
"𡌧",134
"㤞",134
"𩿪",134
"䛏",134
"轈",134
"鯩",134
"瘊",134
"烮",134
"発",134
"僯",134
"𦙼",134
"𠜍",134
"䈛",134
"䠋",134
"㡋",134
"𪄀",134
"鎤",134
"𪁛",134
"霵",134
"𨊩",134
"𧝎",134
"𠘯",134
"𦫼",134
"𧈪",134
"㐪",134
"䀈",134
"姕",134
"𮮄",134
"㵟",134
"𨔁",134
"䉶",134
"㡜",134
"㐳",134
"済",133
"矄",133
"轾",133
"槦",133
"攊",133
"䵃",133
"仾",133
"俢",133
"桍",133
"飿",133
"磛",133
"𡵉",133
"岓",133
"𣚘",133
"嚟",133
"雿",133
"䄇",133
"篕",133
"猚",133
"盓",133
"恜",133
"泏",133
"饖",132
"怼",132
"沣",132
"犰",132
"罁",132
"眲",132
"棩",132
"坉",132
"礵",132
"䜈",132
"荾",132
"跍",132
"𤸇",132
"鍝",132
"芏",132
"垷",132
"㗉",132
"溦",132
"阠",132
"蠽",132
"齛",132
"㖡",132
"䨟",132
"戋",132
"𤮕",132
"㰕",132
"齌",132
"𥌣",132
"𪆁",132
"澻",132
"囆",132
"㠢",132
"𠜺",132
"𣓙",132
"㞧",132
"舑",132
"駌",132
"𣑭",132
"趭",132
"𢧕",132
"𧇭",132
"褽",132
"䐲",132
"𥉡",132
"㸤",132
"亽",132
"㥁",132
"𦥎",132
"䫏",132
"𡹔",132
"𡼑",132
"𭘻",132
"珛",132
"癔",131
"彟",131
"俫",131
"塭",131
"颕",131
"篓",131
"䑔",131
"𪖐",131
"瞴",131
"㪬",131
"賱",131
"镺",131
"奵",131
"㥛",131
"𣿖",130
"辀",130
"𤯔",130
"㕎",130
"啯",130
"傶",130
"彇",130
"鋿",130
"䠆",130
"哴",130
"舥",130
"㤉",130
"𢇲",130
"躢",130
"袉",130
"枞",130
"䣄",130
"虼",130
"䱎",130
"䱰",130
"笡",130
"膐",130
"㕟",130
"䭓",130
"剒",130
"蚥",130
"鶶",130
"鷵",130
"𧳙",130
"𡚱",130
"鏧",130
"䍙",130
"輡",130
"㤜",130
"䪌",130
"熰",130
"㚘",130
"䮂",130
"觰",130
"顪",130
"儢",130
"踾",130
"呹",130
"槈",130
"秞",130
"𧖩",130
"㖩",130
"翋",130
"辬",130
"𪃈",130
"螑",130
"䘀",130
"犙",130
"雂",130
"襑",130
"𫟒",130
"㓃",130
"㽉",130
"䙾",130
"䉉",130
"𮓩",130
"㬣",129
"䃾",129
"靊",129
"飖",129
"箶",129
"肁",129
"𦸣",129
"𧮳",129
"樚",129
"謲",129
"啌",129
"䓴",129
"䩛",129
"柖",129
"陒",129
"狛",129
"丠",129
"䑦",129
"㓪",129
"墲",129
"𢳣",129
"怇",129
"𧇀",129
"𥱳",129
"箽",129
"䉵",129
"蒬",129
"镘",128
"稣",128
"阒",128
"磃",128
"㮵",128
"搿",128
"膆",128
"𣶈",128
"瑸",128
"篢",128
"𫁘",128
"𨣧",128
"夒",128
"貗",128
"闅",128
"箩",128
"蟼",128
"繓",128
"䑠",128
"㱆",128
"㻒",128
"縺",128
"𨆫",128
"嗯",128
"𣎵",128
"䲰",128
"諀",128
"堬",128
"讂",128
"豞",128
"𧞸",128
"㓤",128
"黀",128
"醠",128
"䭲",128
"㶀",128
"𠼫",128
"釾",128
"鞰",128
"憜",128
"𤩶",128
"弚",128
"𢆉",128
"㛍",128
"𥵼",128
"蘻",128
"𥕏",128
"𪁜",128
"𠘩",128
"𭶿",128
"蟸",127
"顡",127
"𥰠",127
"𨄌",127
"唭",127
"薵",127
"䅳",127
"餶",127
"𠜴",127
"𧀮",127
"銈",127
"𢘚",127
"㭘",127
"蚦",126
"浏",126
"裖",126
"渮",126
"嚪",126
"镪",126
"鈉",126
"疭",126
"胣",126
"㖵",126
"㕯",126
"槇",126
"鲧",126
"螊",126
"鳵",126
"螱",126
"逜",126
"噑",126
"眮",126
"𧓃",126
"㗚",126
"䅽",126
"垧",126
"𤂢",126
"峜",126
"䗯",126
"䭅",126
"媔",126
"𧜟",126
"㓷",126
"䓣",126
"堫",126
"岺",126
"𨾚",126
"樼",126
"𤍿",126
"䆴",126
"洦",126
"蕠",126
"𨇰",126
"獛",126
"炓",126
"莗",126
"䚮",126
"怾",126
"𨩐",126
"㑂",126
"𠨜",126
"𪍷",126
"榺",126
"跠",126
"鴊",126
"厱",126
"𧐕",126
"𡿖",126
"螹",126
"䰛",126
"㰎",126
"䖹",126
"𢿰",126
"蘫",126
"𦇯",126
"骽",125
"塝",125
"黪",125
"穚",125
"潖",125
"奲",125
"劁",125
"墥",125
"駧",125
"𦨻",125
"杔",125
"鐝",125
"𡸖",125
"岒",125
"㭱",125
"褹",125
"𣆟",125
"傮",125
"圔",125
"鱃",125
"㙤",125
"㯋",125
"欦",125
"菷",124
"怃",124
"锸",124
"䡨",124
"娒",124
"鍌",124
"𧛾",124
"佮",124
"㡉",124
"螜",124
"癐",124
"嫱",124
"呧",124
"韾",124
"𪩘",124
"弽",124
"蝺",124
"濭",124
"鼰",124
"𥯦",124
"岟",124
"𦧟",124
"貏",124
"閪",124
"㟹",124
"𦙑",124
"𨓍",124
"孈",124
"稫",124
"𧐖",124
"鐰",124
"䍺",124
"㠍",124
"㙯",124
"㐅",124
"崵",124
"旇",124
"𥲤",124
"噡",124
"䡘",124
"𣅧",124
"䍘",124
"𤔫",124
"𮗸",124
"蓢",124
"觲",124
"𦐊",124
"𣃔",124
"䘸",124
"𭣭",124
"𮠑",124
"𥟀",124
"叓",124
"鼟",124
"瀳",123
"歀",123
"逨",123
"赥",123
"軦",123
"藞",123
"郖",123
"𣓨",123
"黺",123
"鮈",123
"䰉",123
"帠",123
"爖",123
"墿",123
"懝",123
"䁨",123
"䠑",123
"䕲",123
"呡",123
"鱢",123
"𠮉",122
"鏆",122
"馋",122
"绨",122
"㷲",122
"顸",122
"颟",122
"槚",122
"㝯",122
"昹",122
"勼",122
"岮",122
"艡",122
"譐",122
"肔",122
"鞧",122
"渱",122
"鐹",122
"黉",122
"䃶",122
"霚",122
"涡",122
"埲",122
"𤭁",122
"䠊",122
"𧉅",122
"𧋘",122
"䵋",122
"攋",122
"曘",122
"䗽",122
"筁",122
"鶣",122
"䬝",122
"縎",122
"䑎",122
"芞",122
"𧋍",122
"㤨",122
"𮪜",122
"烑",122
"𡏟",122
"嫒",122
"萮",122
"䑲",122
"㘦",122
"帪",122
"𧝐",122
"𤜶",122
"䩥",122
"㙾",122
"𣼛",122
"𣟄",122
"觛",122
"𦎧",122
"嫶",122
"䭫",122
"𪍴",122
"熘",122
"𣽃",122
"䁮",122
"𭭔",122
"𢢝",122
"䯳",122
"穲",122
"嚋",121
"錂",121
"鎈",121
"荋",121
"眖",121
"㹶",121
"𠮏",121
"𩨸",121
"䫂",121
"艪",121
"䮝",121
"䶥",121
"𧿧",121
"銁",121
"𢣢",121
"𡦽",121
"𧩪",120
"㷿",120
"烯",120
"哃",120
"鋕",120
"桰",120
"貹",120
"龂",120
"璢",120
"橽",120
"颌",120
"萰",120
"鹖",120
"霃",120
"𣊺",120
"齺",120
"邞",120
"蛝",120
"𧍢",120
"碈",120
"覢",120
"𥨍",120
"䘍",120
"櫲",120
"𡥐",120
"洀",120
"䃸",120
"䰃",120
"㟞",120
"𤏶",120
"𧣒",120
"樒",120
"䚕",120
"蚟",120
"䈒",120
"猍",120
"鐊",120
"𤅵",120
"䃢",120
"箁",120
"䏔",120
"𢗅",120
"䲃",120
"䀀",120
"𪃧",120
"㴒",120
"𣘻",120
"𫤌",120
"𦧴",120
"䒕",120
"䘯",120
"𤹀",120
"嫥",119
"鋅",119
"𧂭",119
"曎",119
"㴦",119
"媥",119
"𡸷",119
"莦",119
"𦨵",119
"䃕",119
"慪",119
"㟋",119
"𪖵",119
"漟",119
"𧻞",119
"熮",119
"𪅃",119
"䛘",119
"𥈟",119
"妟",119
"峓",119
"䉳",119
"螕",119
"𡩡",119
"𨔶",119
"𪙉",118
"娅",118
"羴",118
"䰰",118
"藲",118
"鹓",118
"壸",118
"暤",118
"鉚",118
"𠠜",118
"劮",118
"鲙",118
"峁",118
"燑",118
"骀",118
"䴀",118
"莐",118
"薡",118
"𧲱",118
"𧰙",118
"撺",118
"谜",118
"鰳",118
"㘥",118
"䛠",118
"橮",118
"𪁐",118
"㣼",118
"䬅",118
"𢣺",118
"楽",118
"痜",118
"燽",118
"曑",118
"鎎",118
"䴅",118
"䞴",118
"庅",118
"琗",118
"𠫷",118
"䰼",118
"㘲",118
"襊",118
"浵",118
"㳇",118
"䐢",118
"𣒰",118
"葕",118
"䭡",118
"𫳐",118
"𮥼",118
"𪪺",118
"𧎾",118
"蓃",117
"蜅",117
"佫",117
"㧍",117
"軡",117
"𩸄",117
"徲",117
"酭",117
"誳",117
"䀟",117
"膧",117
"𧒽",117
"𤡑",117
"䁙",117
"釥",117
"婸",117
"娲",116
"狯",116
"涺",116
"㶼",116
"坾",116
"鹠",116
"鹯",116
"𩍜",116
"趞",116
"缫",116
"㬫",116
"盷",116
"鬔",116
"𫟚",116
"䀆",116
"胒",116
"萿",116
"玂",116
"𡶭",116
"泷",116
"𤭛",116
"䜶",116
"桸",116
"㮧",116
"掚",116
"𣃼",116
"攭",116
"㒩",116
"恞",116
"䝡",116
"赱",116
"𥮘",116
"扻",116
"秿",116
"𡷨",116
"銒",116
"䭿",116
"𠱥",116
"裿",116
"挕",116
"鍴",116
"䲊",116
"侸",116
"䨧",116
"竳",116
"翓",116
"竴",116
"澫",116
"哝",116
"䴭",116
"𥛱",116
"𪌊",116
"䢅",116
"𣆪",116
"糷",116
"𢦟",116
"𭩚",116
"𮗪",116
"𧈫",116
"𦝢",116
"㻍",116
"䆱",116
"眗",115
"礅",115
"蕻",115
"俿",115
"囵",115
"崲",115
"鯛",115
"枱",115
"𧸐",115
"藗",115
"淍",115
"䏖",115
"褳",115
"𢗊",115
"𥐊",115
"捁",115
"揌",115
"㗀",115
"峮",115
"塎",115
"䠂",115
"蔛",115
"𩹴",115
"㚲",115
"𧄒",115
"鈭",115
"㗔",115
"㥶",115
"𤡬",114
"籢",114
"垃",114
"顎",114
"禶",114
"蓡",114
"鈖",114
"䰎",114
"䪹",114
"鵏",114
"䪜",114
"諅",114
"鐆",114
"褞",114
"鈽",114
"樜",114
"𢦦",114
"驡",114
"𧔞",114
"鯚",114
"漖",114
"驝",114
"暿",114
"𡧘",114
"𣞶",114
"䘆",114
"䤥",114
"僋",114
"炥",114
"岰",114
"孒",114
"𣤶",114
"唰",114
"䋙",114
"䴽",114
"鱑",114
"𩶆",114
"𡈼",114
"䐄",114
"籨",114
"䶀",114
"𦃖",114
"𭄿",114
"𦳓",114
"䥍",114
"㷜",114
"喍",113
"窎",113
"䋿",113
"铡",113
"𤗯",113
"𨏥",113
"鈈",113
"釕",113
"蒛",113
"慏",113
"崅",113
"䡊",113
"跘",113
"䰠",113
"㡤",113
"跾",113
"捵",113
"顠",113
"㗿",113
"㑮",113
"𤨠",113
"檘",113
"䇶",113
"㒸",113
"䠻",113
"䂄",113
"䬍",113
"𡼴",112
"滟",112
"哙",112
"湪",112
"艬",112
"蚂",112
"𢶒",112
"颀",112
"砼",112
"韒",112
"啭",112
"纀",112
"蛨",112
"蟝",112
"翑",112
"駺",112
"迡",112
"㒋",112
"盠",112
"嚖",112
"䕓",112
"媓",112
"𠃵",112
"𠮥",112
"𧕄",112
"㗱",112
"錎",112
"䊧",112
"𧫚",112
"𩩌",112
"掸",112
"𨬟",112
"縼",112
"嗂",112
"𡖥",112
"妑",112
"斘",112
"㵓",112
"苩",112
"䄛",112
"䱟",112
"𧯆",112
"顟",112
"妦",112
"齥",112
"梎",112
"犈",112
"䦳",112
"𨭉",112
"𣉘",112
"冹",112
"䟏",112
"龻",112
"𮘈",112
"㙱",112
"𩂓",112
"𢅰",112
"𩁺",112
"𨍳",112
"浬",111
"䰩",111
"塳",111
"㦳",111
"駖",111
"㵋",111
"荲",111
"𨜔",111
"攇",111
"訙",111
"髈",111
"𦉾",111
"緟",111
"㳻",111
"䬳",111
"龓",111
"䁓",111
"㜝",111
"朖",110
"戜",110
"鑹",110
"阈",110
"畂",110
"𣴛",110
"䵺",110
"傈",110
"䪁",110
"阛",110
"绹",110
"㑳",110
"峹",110
"檸",110
"𡉙",110
"躈",110
"裈",110
"呗",110
"楤",110
"碄",110
"鈯",110
"鯠",110
"䝯",110
"鑭",110
"㪉",110
"䋎",110
"窉",110
"菧",110
"犚",110
"㻱",110
"凞",110
"𧢻",110
"䬣",110
"㱙",110
"䶧",110
"𠷣",110
"䆛",110
"聑",110
"𩾐",110
"䟓",110
"聎",110
"彾",110
"檺",110
"砡",110
"䳫",110
"𪃑",110
"絩",110
"巊",110
"繛",110
"㟎",110
"𨎮",110
"𢦏",110
"𢝊",110
"䲽",110
"㞚",110
"𭬚",110
"𡻝",110
"趩",110
"𭦣",110
"鴋",110
"㶵",110
"𢠳",109
"𤁄",109
"挅",109
"騆",109
"𡗀",109
"犾",109
"㼶",109
"抰",109
"𡌦",109
"䋶",109
"搟",109
"汫",109
"擑",109
"䁹",109
"㘘",109
"㶄",109
"蹃",109
"𠟺",109
"臎",109
"䙬",109
"銂",109
"襉",109
"樋",109
"娞",109
"鶁",109
"鑙",109
"瀃",108
"谡",108
"𡎚",108
"艕",108
"杋",108
"曥",108
"漤",108
"龆",108
"鯝",108
"𧌈",108
"禸",108
"䰒",108
"滒",108
"𩅾",108
"嘙",108
"涭",108
"賉",108
"楻",108
"𤟎",108
"隞",108
"酁",108
"樢",108
"㗻",108
"迀",108
"𪏆",108
"癄",108
"𩊅",108
"鼞",108
"酔",108
"楏",108
"鍗",108
"衭",108
"亱",108
"𣍘",108
"踓",108
"䢋",108
"䟣",108
"䘓",108
"𦉹",108
"䨮",108
"𧎮",108
"𩍿",108
"𣒊",108
"襾",108
"亇",108
"偋",108
"㚤",108
"趽",108
"𨼢",108
"𥙶",108
"𦐈",108
"𧒘",108
"䒼",108
"𣌑",108
"鹴",107
"𡺽",107
"殸",107
"邌",107
"籅",107
"䩫",107
"蝽",107
"㯿",107
"㩎",107
"偅",107
"繬",107
"𥙴",107
"彽",107
"䀁",107
"䇐",107
"鷛",107
"㩢",107
"䨙",107
"悂",107
"𧞬",107
"䈎",107
"盺",107
"鹆",106
"檒",106
"敐",106
"襎",106
"姖",106
"㷼",106
"嶵",106
"鐷",106
"𠜱",106
"蝈",106
"槉",106
"餀",106
"琙",106
"䠙",106
"𥡦",106
"𨄅",106
"喾",106
"𪑜",106
"誵",106
"潻",106
"𤕤",106
"㞶",106
"𣻜",106
"𤐰",106
"抲",106
"謥",106
"匒",106
"𦮕",106
"䄺",106
"𨁝",106
"蠞",106
"梋",106
"𭵶",106
"䭷",106
"䵳",106
"堚",106
"瀶",106
"彸",106
"婔",106
"㨄",106
"䠓",106
"㸸",106
"炗",106
"鵺",106
"㒚",106
"諽",106
"硥",106
"𦐖",106
"𫇮",106
"𦅗",106
"弲",106
"荴",106
"嗙",106
"㮊",106
"𪐝",106
"𠫗",106
"㫥",106
"䕽",106
"㘧",106
"𩃭",106
"𪝒",106
"𧾨",106
"欪",106
"㷠",106
"𣔳",106
"㤕",106
"𤸅",106
"𥈠",105
"鎘",105
"嵢",105
"㦥",105
"蜭",105
"𡻻",105
"𩊚",105
"峊",105
"𡄸",105
"䂥",105
"鰧",105
"偛",105
"𦐠",105
"䧦",105
"弞",105
"苅",105
"䀶",104
"匂",104
"瑧",104
"曤",104
"岙",104
"锾",104
"嚍",104
"詟",104
"𥂓",104
"㒷",104
"𤄬",104
"𠛎",104
"䱀",104
"𢒰",104
"㶸",104
"菄",104
"齽",104
"鰴",104
"𧴪",104
"㮴",104
"刔",104
"㖶",104
"觋",104
"䕯",104
"𨢬",104
"偺",104
"飻",104
"丯",104
"膌",104
"矃",104
"崃",104
"䒽",104
"𦦻",104
"躦",104
"馼",104
"㹮",104
"竲",104
"𤝱",104
"毽",104
"㒓",104
"伮",104
"苿",104
"䵴",104
"㡢",104
"棔",104
"𪋯",104
"䵾",104
"桬",104
"𣡌",104
"褼",104
"烠",104
"𨋮",104
"𨚓",104
"𡚽",104
"𢀩",104
"㠿",104
"𡥈",104
"䵒",104
"㓖",104
"𪛊",104
"恗",104
"𥙆",103
"䩠",103
"吲",103
"煛",103
"隌",103
"𡲆",103
"滜",103
"圢",103
"䎵",103
"蓎",103
"菒",103
"秎",103
"獓",103
"𠊷",103
"嶦",103
"𧬒",103
"鮺",103
"㾾",103
"㣔",103
"𥡷",103
"𠯑",103
"𡛖",103
"𥫽",103
"鷐",102
"箂",102
"呓",102
"迱",102
"䤪",102
"筣",102
"𧶘",102
"鉇",102
"䢉",102
"囌",102
"粛",102
"鷪",102
"劕",102
"盨",102
"𢓲",102
"㵣",102
"豿",102
"𩵀",102
"橎",102
"㴲",102
"昣",102
"㾯",102
"牰",102
"緳",102
"窢",102
"䅌",102
"𧲨",102
"塛",102
"熼",102
"絑",102
"𥍊",102
"閛",102
"骬",102
"窏",102
"𪁺",102
"𧿒",102
"䩸",102
"蜟",102
"㛑",102
"䐿",102
"釲",102
"𩰪",102
"䥨",102
"䑩",102
"䬆",102
"𪔱",102
"蓒",102
"伂",102
"𧽍",102
"𡝫",102
"䅢",102
"䞣",102
"㒃",102
"𭻍",102
"㰅",102
"𠾂",102
"䑼",102
"𧒏",102
"㩽",102
"䨑",102
"嬽",102
"𢶡",102
"𠸶",102
"侤",102
"崭",101
"腺",101
"妩",101
"焟",101
"瓄",101
"䚹",101
"膔",101
"渘",101
"䀝",101
"𢭃",101
"磇",101
"䂩",101
"䍲",101
"拹",101
"痷",101
"凁",101
"枔",101
"慛",101
"蝞",101
"䡍",101
"䈤",101
"蚎",101
"䜱",101
"𠑩",101
"𠊩",101
"擨",101
"㶷",100
"硗",100
"湬",100
"剐",100
"獉",100
"糌",100
"㘓",100
"敤",100
"橶",100
"犣",100
"鳣",100
"笟",100
"䈪",100
"偢",100
"㬂",100
"㦍",100
"𣏞",100
"祽",100
"豘",100
"诖",100
"𢿾",100
"馻",100
"鶟",100
"鋠",100
"莸",100
"挮",100
"䝄",100
"𨢩",100
"䓯",100
"䯓",100
"嬢",100
"𥿋",100
"𢉉",100
"䬵",100
"爤",100
"瞛",100
"𩣯",100
"爈",100
"䭱",100
"鐂",100
"𧕾",100
"敠",100
"馠",100
"𧤏",100
"椻",100
"䚔",100
"渿",100
"痸",100
"𣲙",100
"芌",100
"㣚",100
"𣯻",100
"䩚",100
"忦",100
"䶖",100
"䂦",100
"滧",100
"閕",100
"𦜶",100
"蝬",100
"𪓹",100
"𢘿",100
"礊",100
"㘉",100
"䒌",100
"䔟",100
"䣝",100
"䪎",100
"䙭",100
"𡑷",100
"懏",100
"𦭎",100
"𦨰",100
"𠆾",100
"㶳",100
"㸷",100
"㥴",100
"䡏",100
"䑙",100
"珶",99
"绋",99
"磞",99
"胺",99
"蟖",99
"䋚",99
"𡹬",99
"𤳯",99
"仱",99
"埬",99
"𤑒",99
"𣲲",99
"澙",99
"睌",99
"㒔",99
"䏏",99
"忚",99
"䏠",99
"灥",99
"嬼",99
"㗇",99
"謯",99
"衳",99
"𦙃",98
"廎",98
"䂭",98
"欭",98
"齼",98
"趉",98
"喒",98
"鲩",98
"𠍼",98
"箣",98
"㣶",98
"啝",98
"𨭚",98
"蔝",98
"鮍",98
"衉",98
"𩆓",98
"宨",98
"㼵",98
"桏",98
"𧏿",98
"𥳞",98
"𦧇",98
"𤡆",98
"槴",98
"伧",98
"𧦞",98
"𣓉",98
"蝖",98
"噮",98
"愪",98
"縬",98
"㕭",98
"嘁",98
"𪁟",98
"䓆",98
"羳",98
"斔",98
"邝",98
"𧖅",98
"䫟",98
"爋",98
"禢",98
"魻",98
"硵",98
"𨰥",98
"䜅",98
"𦨢",98
"釫",98
"蔶",98
"蔁",98
"𣝓",98
"袣",98
"鱂",98
"錜",98
"㐄",98
"𤎥",98
"㽛",98
"㓞",98
"䖪",98
"䵖",98
"嬒",98
"鷈",98
"㕚",98
"𧟵",98
"𤸁",98
"𧮬",98
"䆄",98
"𡭔",98
"𪫬",98
"𦰫",98
"𢽳",98
"萈",98
"𨻼",98
"𩨗",98
"𩌦",98
"䎕",98
"浧",97
"漌",97
"眰",97
"䥞",97
"挓",97
"仮",97
"㮦",97
"𣾴",97
"𢍜",97
"䡔",97
"𥻊",97
"𧿁",97
"伝",97
"菳",97
"𥳆",97
"𧦽",97
"𢪔",97
"梚",97
"賘",97
"䱁",97
"𠪚",97
"𥿭",96
"偳",96
"㩊",96
"䇽",96
"僡",96
"翙",96
"㻋",96
"鈦",96
"阓",96
"攍",96
"㘝",96
"魊",96
"喥",96
"杚",96
"聈",96
"䋺",96
"踃",96
"䗣",96
"𨏟",96
"扟",96
"雽",96
"齜",96
"銿",96
"浶",96
"栥",96
"鳜",96
"儩",96
"㢁",96
"梖",96
"狣",96
"㿈",96
"扲",96
"錊",96
"怟",96
"𪕌",96
"齨",96
"𧎼",96
"壛",96
"絤",96
"䨠",96
"䆕",96
"霋",96
"莑",96
"飅",96
"㗘",96
"嗨",96
"㯲",96
"犌",96
"䌥",96
"詋",96
"䳽",96
"㑛",96
"𩐋",96
"㙁",96
"欆",96
"宭",96
"𦡈",96
"䣀",96
"𣻏",96
"腣",96
"𪖣",96
"䉢",96
"㧎",96
"𤝻",96
"䟮",96
"矆",96
"𧍓",96
"㝌",96
"𪵶",96
"𡠗",96
"𦃇",96
"𡐦",96
"䕬",96
"𦿚",96
"𧂄",96
"瘚",96
"𣘖",96
"嬐",96
"帍",96
"眱",96
"𪙊",96
"𤲞",96
"埁",96
"㞑",96
"㖾",96
"攌",96
"𡳭",96
"㑓",96
"湽",96
"聉",96
"㺬",96
"𣞗",96
"敾",96
"眏",95
"鈶",95
"誴",95
"䈣",95
"䖶",95
"拃",95
"鳹",95
"䉈",95
"蓠",95
"驋",95
"㵚",95
"𧴛",95
"㕲",95
"墤",95
"欔",95
"嬮",95
"㕐",95
"蜶",95
"䌜",95
"旾",95
"㮔",95
"䌆",95
"䦰",95
"殬",95
"𡽺",94
"龌",94
"鬫",94
"渖",94
"䏴",94
"坃",94
"沨",94
"𩌈",94
"勡",94
"牮",94
"㾪",94
"湹",94
"輺",94
"鑘",94
"𧦦",94
"繷",94
"龖",94
"簕",94
"𣰆",94
"噊",94
"𪏮",94
"騥",94
"玣",94
"彑",94
"㿅",94
"壾",94
"盢",94
"𢂿",94
"濍",94
"𣻢",94
"鎫",94
"㯐",94
"夨",94
"弉",94
"桙",94
"䶪",94
"𦽊",94
"㩠",94
"熣",94
"瀩",94
"㔌",94
"拧",94
"㖿",94
"䑞",94
"𩐿",94
"蒾",94
"𧨝",94
"胿",94
"䔒",94
"㾻",94
"㯅",94
"饝",94
"厏",94
"鐥",94
"䆾",94
"㡠",94
"蘛",94
"㫲",94
"鼝",94
"庰",94
"𠷓",94
"㔋",94
"袳",94
"㨆",94
"䈾",94
"䑵",94
"䰈",94
"𭠘",94
"𤙶",94
"䖻",94
"𨍈",94
"䫲",94
"𧗇",94
"嬳",94
"䛢",94
"䪷",94
"𢜫",94
"菕",93
"咓",93
"緈",93
"傓",93
"趖",93
"鴬",93
"榪",93
"摼",93
"狦",93
"汘",93
"鹪",93
"𨏔",93
"搙",93
"斉",93
"磰",93
"㨁",93
"㣿",93
"䴎",93
"橨",93
"𪇬",93
"譠",93
"㵽",93
"䭕",93
"𤾾",93
"扚",93
"艂",93
"翇",93
"孎",93
"㾺",93
"㨊",93
"呲",92
"獚",92
"叼",92
"鲨",92
"搾",92
"埍",92
"壪",92
"亸",92
"𤥟",92
"幋",92
"㝞",92
"㺌",92
"䥝",92
"㢡",92
"穙",92
"岿",92
"㗫",92
"葋",92
"䖡",92
"豴",92
"鼤",92
"𩛩",92
"𥹷",92
"䋤",92
"埉",92
"㹳",92
"𨸲",92
"鋾",92
"盄",92
"蝰",92
"䜮",92
"沑",92
"䝢",92
"𢈲",92
"䊮",92
"韹",92
"茐",92
"𣬩",92
"㨜",92
"娷",92
"犋",92
"㙨",92
"㮿",92
"䦌",92
"䗬",92
"𤜣",92
"𧕪",92
"𨠭",92
"鮣",92
"𪓬",92
"䦲",92
"疛",92
"螡",92
"㟮",92
"𣟵",92
"𧲂",92
"䳐",92
"䎱",92
"憡",92
"𦧝",92
"𦄍",92
"𠭴",92
"䪍",92
"𦑡",92
"㬒",92
"𬻂",92
"䫈",92
"䧅",92
"㣯",92
"㬮",92
"𥝩",92
"𧍙",92
"䐇",92
"絥",92
"凒",92
"檙",91
"喗",91
"𦂶",91
"喰",91
"癑",91
"巌",91
"駠",91
"𩜌",91
"唗",91
"汥",91
"㖸",91
"㹥",91
"冿",91
"䍴",91
"𦂌",91
"𤉷",91
"䑺",91
"㞜",91
"𩛢",91
"覱",91
"鹣",90
"䜎",90
"镔",90
"竵",90
"讠",90
"鰟",90
"䌽",90
"㤏",90
"锴",90
"㭩",90
"秳",90
"衸",90
"侳",90
"𨟉",90
"錈",90
"揈",90
"袕",90
"豄",90
"蛶",90
"蟔",90
"䗚",90
"貄",90
"塶",90
"𦠄",90
"𥺥",90
"萪",90
"𩻣",90
"䐐",90
"𣰅",90
"𦮼",90
"褈",90
"䢷",90
"厊",90
"䱽",90
"芇",90
"蟤",90
"瘪",90
"㴔",90
"疨",90
"锟",90
"𥬔",90
"𩭪",90
"墘",90
"𤥽",90
"𢙼",90
"𩔇",90
"蔢",90
"傗",90
"𨔷",90
"䀭",90
"垁",90
"筽",90
"詇",90
"𨗩",90
"䔭",90
"鰠",90
"𩶯",90
"𪇱",90
"𤃫",90
"𦒑",90
"𥬸",90
"𦸜",90
"㥋",90
"衪",90
"嘣",90
"豑",90
"㒾",90
"𥑤",90
"䡌",90
"㻆",90
"䲙",90
"𨥭",90
"脪",90
"㤴",90
"厃",90
"𠭁",90
"𩞄",90
"㽹",90
"㦣",90
"䒞",90
"𩝝",90
"𧖴",90
"泹",89
"縄",89
"㔍",89
"䮐",89
"瘄",89
"𤼃",89
"㾞",89
"膒",89
"婫",89
"硟",89
"轁",89
"祶",89
"龝",89
"𣣱",89
"鴄",89
"耚",89
"𦝩",89
"濧",89
"暼",89
"侓",89
"坥",89
"䗊",89
"𡷸",89
"栶",89
"㟿",89
"㢓",89
"䯽",89
"䄃",89
"䔫",89
"𨤀",89
"䁘",89
"𦳢",89
"𨋖",89
"䥯",89
"䳩",89
"㽶",89
"𠊬",89
"𥜽",88
"𤻞",88
"枂",88
"诓",88
"秜",88
"滪",88
"䅧",88
"鲐",88
"憉",88
"𣃚",88
"斻",88
"腂",88
"酾",88
"𡷗",88
"馅",88
"鯕",88
"僲",88
"茡",88
"䐠",88
"嗐",88
"㫸",88
"泦",88
"觬",88
"皏",88
"㪁",88
"眓",88
"㟵",88
"樬",88
"𬇞",88
"睤",88
"䞟",88
"𧮰",88
"㞵",88
"篏",88
"琑",88
"𢚢",88
"鮏",88
"婍",88
"㵗",88
"昗",88
"䇹",88
"鍡",88
"𧙟",88
"馶",88
"𤎩",88
"𣬉",88
"䏼",88
"㐜",88
"䱂",88
"𤩊",88
"𫎣",88
"𡺸",88
"駤",88
"㟒",88
"鏙",88
"𢊏",88
"玜",88
"䕨",88
"帾",88
"𨔣",88
"䛬",88
"䓙",88
"鯮",88
"䉽",88
"耛",88
"𩞁",88
"䆲",88
"䑄",88
"𠐋",88
"䦣",88
"𧠨",88
"𦉊",88
"𦉞",88
"𥝃",88
"𡉄",88
"䁎",88
"䞈",88
"䊝",88
"𪂉",88
"㼰",88
"䔑",88
"礣",88
"𪶙",88
"旕",88
"欌",88
"埪",87
"詥",87
"硔",87
"㼭",87
"懢",87
"唑",87
"䩴",87
"柉",87
"㯫",87
"孹",87
"蟗",87
"傏",87
"媅",87
"醦",87
"譕",87
"𥷋",87
"埩",87
"郮",87
"熐",87
"䫋",87
"𨍋",87
"枈",87
"㣪",87
"騛",87
"𢨪",87
"䢱",87
"䋕",87
"䀽",87
"猦",87
"䮯",87
"瞄",86
"谇",86
"訉",86
"螎",86
"譂",86
"䭑",86
"㓢",86
"𭅞",86
"譥",86
"𣤛",86
"𥳍",86
"𣅦",86
"䀲",86
"褯",86
"膗",86
"荭",86
"瓭",86
"櫠",86
"𧊔",86
"騴",86
"鷋",86
"䇘",86
"𠼝",86
"曔",86
"閳",86
"𢑥",86
"㳷",86
"暡",86
"㗩",86
"㞂",86
"𥎂",86
"尐",86
"𥩈",86
"扷",86
"𢇛",86
"㴾",86
"䈁",86
"鬞",86
"鴑",86
"䣂",86
"旑",86
"摍",86
"珋",86
"𩿁",86
"䁩",86
"𥍟",86
"𩩐",86
"㷅",86
"焈",86
"琾",86
"蠇",86
"幚",86
"軠",86
"諻",86
"𦗕",86
"𢈠",86
"䥏",86
"𨑖",86
"䠇",86
"𢘁",86
"䨾",86
"㡙",86
"䠣",86
"頢",86
"䪝",86
"𭋿",86
"𤨒",86
"嗩",85
"䈬",85
"懚",85
"洰",85
"倇",85
"餯",85
"哾",85
"濽",85
"碒",85
"鋳",85
"𥺤",85
"惁",85
"𡼾",85
"酄",85
"礇",85
"皼",85
"笩",85
"攐",85
"㓻",85
"媭",84
"讧",84
"漍",84
"塅",84
"虘",84
"铏",84
"𣿭",84
"颵",84
"𢔚",84
"剾",84
"𢎿",84
"㢏",84
"牃",84
"齫",84
"祬",84
"唻",84
"𧵥",84
"艥",84
"䲸",84
"癵",84
"芗",84
"㔢",84
"䭒",84
"藈",84
"蕦",84
"𤥭",84
"绠",84
"棈",84
"𣦠",84
"棶",84
"簈",84
"繏",84
"顮",84
"䜕",84
"𨃚",84
"旪",84
"鱝",84
"棞",84
"䅜",84
"㻑",84
"䓃",84
"譇",84
"譅",84
"㻌",84
"𩄇",84
"梒",84
"稪",84
"𧝠",84
"㧕",84
"籫",84
"㰳",84
"䗔",84
"焵",84
"妴",84
"㖤",84
"𧼨",84
"䗏",84
"㳦",84
"㫻",84
"𠧩",84
"㼽",84
"𦵉",84
"𥰓",84
"幜",84
"懖",84
"譑",84
"㝿",84
"𡨝",84
"鐯",84
"𧁧",84
"𢺡",84
"𨜴",84
"𩇐",84
"䋊",84
"𦻏",84
"㓸",84
"𣇭",84
"䊤",84
"䏽",84
"𧈱",84
"䝪",84
"䠸",84
"夎",84
"䉬",84
"葏",84
"㘆",84
"䈔",84
"鈫",83
"叿",83
"榒",83
"䟡",83
"朚",83
"愝",83
"峑",83
"憱",83
"敃",83
"惐",83
"㨵",83
"泩",83
"殐",83
"𣭆",83
"槶",83
"悑",83
"䖑",83
"𩨒",83
"𧥣",83
"柗",83
"円",83
"䁈",83
"䃹",82
"檅",82
"哖",82
"峷",82
"谖",82
"钹",82
"孵",82
"礄",82
"藠",82
"𩺀",82
"珘",82
"潆",82
"㼡",82
"𤳈",82
"𧕯",82
"䭸",82
"惞",82
"訮",82
"筫",82
"恾",82
"欮",82
"䢰",82
"𤛓",82
"鲢",82
"傧",82
"㧒",82
"卥",82
"䝻",82
"紶",82
"樫",82
"䃗",82
"䛆",82
"㸒",82
"䙕",82
"擳",82
"誸",82
"醂",82
"䌳",82
"㦝",82
"㫊",82
"㴉",82
"豂",82
"敁",82
"𠽁",82
"𧍝",82
"藰",82
"綨",82
"䋠",82
"忣",82
"㣙",82
"𠮓",82
"𦣱",82
"牑",82
"踛",82
"𨻵",82
"𧳏",82
"㟠",82
"㮛",82
"㭉",82
"䱺",82
"脭",82
"䵫",82
"䒗",82
"𧻚",82
"魽",82
"儍",82
"㹖",82
"爫",82
"㪜",82
"㚷",82
"㲩",82
"泎",82
"皢",82
"䛩",82
"坸",82
"𢷘",82
"䨞",82
"𡐍",82
"㭺",82
"𦊔",82
"𢋸",82
"𢧳",82
"畻",82
"𦺗",82
"䓮",82
"𥑻",82
"䋐",82
"𨄃",82
"𤱊",82
"蛧",82
"㦃",82
"𩆂",82
"䯊",82
"䏆",82
"䜉",82
"喠",82
"𤣰",82
"𧺝",82
"𠅩",82
"楕",81
"孄",81
"锽",81
"𡨢",81
"𨺪",81
"饤",81
"仏",81
"鶏",81
"撶",81
"矤",81
"䫥",81
"𨪆",81
"畗",81
"䈡",81
"㑄",81
"粈",81
"㨻",81
"䅥",81
"𦑘",81
"链",80
"枴",80
"喴",80
"啪",80
"飐",80
"逩",80
"黱",80
"缬",80
"䉴",80
"䗅",80
"踮",80
"嗻",80
"䤃",80
"螚",80
"硑",80
"仢",80
"㼿",80
"镻",80
"𪦈",80
"揰",80
"𣈶",80
"𡐛",80
"潐",80
"䟺",80
"㱓",80
"𩝠",80
"磂",80
"㾏",80
"𥆳",80
"䩱",80
"𣎴",80
"欗",80
"欚",80
"氒",80
"䬂",80
"碐",80
"䆷",80
"棏",80
"䦪",80
"𡻮",80
"慯",80
"靇",80
"䨹",80
"㯻",80
"𦈯",80
"趧",80
"䵠",80
"䍸",80
"𢜽",80
"糆",80
"䛼",80
"𤉢",80
"秲",80
"偙",80
"𡬡",80
"𨔒",80
"㶖",80
"𨰜",80
"𤊨",80
"釶",80
"懛",80
"䴳",80
"䳅",80
"𠱤",80
"𦑶",80
"𥶽",80
"駗",80
"𧫎",80
"䥩",80
"𦘍",80
"𩹲",80
"𥈑",80
"䣸",80
"𧊧",80
"巸",80
"𦳾",80
"𡳨",80
"𩝫",80
"㡏",80
"𧴁",80
"㜣",80
"婄",80
"倱",80
"𢜤",80
"𤁵",80
"𪄲",80
"䁂",80
"㶕",80
"𢷌",80
"𨂣",80
"𩶁",80
"㺶",80
"𧢜",80
"𠿘",79
"𠯳",79
"惤",79
"鑻",79
"𡑅",79
"詙",79
"僠",79
"馿",79
"簛",79
"釩",79
"㬷",79
"𣧩",79
"𦏆",79
"㽀",79
"圚",79
"䗍",79
"𡵙",79
"㽃",79
"㷄",79
"韚",79
"廲",79
"壦",79
"𨺓",79
"䭉",79
"揤",79
"𤳹",79
"漀",79
"𩨨",79
"婜",79
"䟴",79
"䃚",79
"㜘",78
"蹧",78
"诙",78
"厒",78
"謸",78
"砝",78
"𤥠",78
"嶑",78
"㐆",78
"𥒚",78
"𤲅",78
"垵",78
"㛴",78
"䬬",78
"𦳊",78
"𠔥",78
"鰔",78
"褟",78
"嵚",78
"撛",78
"瓺",78
"綔",78
"傩",78
"庩",78
"銸",78
"蘳",78
"黣",78
"淉",78
"䗧",78
"觤",78
"䲨",78
"峈",78
"𦞤",78
"䓠",78
"榓",78
"聄",78
"埾",78
"盿",78
"䏈",78
"鯘",78
"槆",78
"螆",78
"䬑",78
"䬘",78
"𥗫",78
"彺",78
"鷨",78
"㨭",78
"灪",78
"㸬",78
"㲹",78
"惾",78
"揨",78
"辊",78
"𤌇",78
"棥",78
"挰",78
"㑲",78
"瑦",78
"𥂐",78
"𧤺",78
"徍",78
"𤕟",78
"䱝",78
"㨀",78
"𡐊",78
"𡹐",78
"䖒",78
"硻",78
"熌",78
"𭦌",78
"鴖",78
"𪄶",78
"㳚",78
"㛯",78
"㑾",78
"𣯩",78
"怋",78
"驞",78
"𨝘",78
"䲷",78
"䡈",78
"嫧",78
"蟌",78
"謓",78
"鉘",78
"𥿑",78
"䗓",78
"簼",78
"𡞲",78
"赿",78
"𡸔",78
"䅩",78
"䖴",78
"㹗",78
"䳎",78
"𪀘",78
"祮",78
"䕞",78
"𧿹",78
"𪰙",78
"𧪈",78
"䫘",78
"㱂",78
"䨨",78
"豛",78
"𨅙",78
"𡥂",78
"㔆",78
"𤪽",77
"寷",77
"箉",77
"粄",77
"𡚼",77
"𨾊",77
"䴺",77
"欼",77
"奻",77
"𠸺",77
"燨",77
"鑏",77
"壉",77
"煪",77
"𡶇",77
"夝",77
"銄",77
"筃",77
"䐆",77
"蜖",77
"㥚",77
"㦒",77
"㠌",77
"鈢",77
"䀯",77
"䗇",77
"稐",77
"伥",76
"醕",76
"鍙",76
"苤",76
"𡻳",76
"筜",76
"䭃",76
"𬳮",76
"𣀃",76
"𩡺",76
"䅯",76
"奜",76
"燴",76
"䈱",76
"阌",76
"㝮",76
"譢",76
"庡",76
"鹂",76
"踜",76
"踷",76
"鸲",76
"𧐔",76
"䍌",76
"𨢑",76
"㹻",76
"䤩",76
"灹",76
"矏",76
"㰴",76
"䔅",76
"𨏼",76
"绲",76
"爮",76
"鴼",76
"蕿",76
"肳",76
"䢃",76
"䖜",76
"擟",76
"揯",76
"朎",76
"𤔔",76
"禲",76
"櫴",76
"颹",76
"迬",76
"𣥅",76
"拻",76
"騗",76
"焨",76
"炪",76
"燱",76
"𤐤",76
"䀂",76
"烞",76
"䁕",76
"殾",76
"䓧",76
"徏",76
"㚍",76
"𤊙",76
"䲀",76
"䇨",76
"螶",76
"𦂐",76
"𡸰",76
"𣘗",76
"𪕞",76
"踂",76
"蝫",76
"隯",76
"𨷲",76
"𨅍",76
"䋌",76
"𡜮",76
"嬷",76
"鄻",76
"掽",76
"㺎",76
"𤱕",76
"䝏",76
"䲖",76
"䯏",76
"𦬺",76
"𮑪",76
"𣘘",76
"㥳",76
"䮺",76
"𡢘",76
"詽",76
"䭬",76
"㼱",76
"赾",76
"慃",76
"讗",76
"䥗",76
"䠗",76
"𡩄",76
"愌",75
"阾",75
"楜",75
"瀽",75
"鈾",75
"𥗼",75
"蘲",75
"䥐",75
"䄎",75
"搸",75
"歖",75
"䨽",75
"䍤",75
"𨌠",75
"䯸",75
"檂",75
"㨏",75
"鱆",75
"𤓖",75
"𣋈",75
"𤯟",75
"㸰",75
"𢪊",75
"𩅼",75
"䬽",75
"䵂",75
"𠯒",75
"𨜒",75
"㟺",75
"㯱",75
"窲",75
"溛",75
"㩱",75
"㨙",74
"䖿",74
"𩰲",74
"潷",74
"䧄",74
"舨",74
"瑂",74
"澢",74
"鳄",74
"㟯",74
"袆",74
"𨐧",74
"㲯",74
"䃃",74
"抠",74
"㥓",74
"輫",74
"眃",74
"𢶍",74
"䧇",74
"𨪋",74
"𧕋",74
"𢆯",74
"鯄",74
"啵",74
"蕵",74
"蝆",74
"䆘",74
"㠂",74
"鎙",74
"檚",74
"酻",74
"噃",74
"貋",74
"刡",74
"硺",74
"𢾭",74
"䛟",74
"𠜲",74
"𩏴",74
"飺",74
"䶦",74
"猤",74
"㙞",74
"壀",74
"𩐏",74
"𢳙",74
"𡼛",74
"𣩈",74
"𪉦",74
"仼",74
"𡔢",74
"俕",74
"䗿",74
"鋎",74
"漽",74
"䝞",74
"䉀",74
"媷",74
"𩞾",74
"簶",74
"䜭",74
"娝",74
"镾",74
"軤",74
"䩦",74
"𤛎",74
"睲",74
"㼻",74
"魺",74
"䴌",74
"䪤",74
"䱴",74
"壿",74
"嘚",74
"𤦆",74
"肦",74
"𠧞",74
"贌",74
"靀",74
"瞁",74
"𪔴",74
"𢓃",74
"𡏬",74
"𣑇",74
"㔼",74
"㓲",74
"䍖",74
"腬",74
"𬾠",74
"𧍷",74
"𠁳",74
"㳊",74
"𭹰",74
"𧴆",74
"𩓾",74
"娕",74
"𠦃",74
"𡭴",74
"㹁",74
"𣎲",74
"𧊇",74
"𠺡",74
"𦎣",74
"䞚",74
"㲖",74
"䶬",74
"䘰",73
"跹",73
"嬹",73
"㟦",73
"軗",73
"侼",73
"𢘉",73
"縸",73
"鮔",73
"衼",73
"𣃁",73
"𩟁",73
"䅵",73
"䤸",73
"硧",73
"䉾",73
"䎹",73
"𨀘",73
"䡲",73
"鮾",73
"䂪",73
"髸",73
"扝",73
"䙢",73
"溒",73
"婏",73
"黊",73
"𡺪",73
"䢘",73
"䬞",73
"巁",73
"嫙",73
"䡚",72
"㒊",72
"硅",72
"稁",72
"鐪",72
"瓗",72
"䥕",72
"谫",72
"枥",72
"纴",72
"浾",72
"赇",72
"焥",72
"藆",72
"珗",72
"朊",72
"瓪",72
"鸉",72
"斀",72
"㺷",72
"䑰",72
"镆",72
"㠕",72
"垖",72
"𡁎",72
"樶",72
"𤣏",72
"𠟼",72
"亠",72
"𢣐",72
"稵",72
"昍",72
"䯗",72
"㔅",72
"榳",72
"綊",72
"椾",72
"𤄫",72
"𡄵",72
"𨅊",72
"𤅊",72
"㨔",72
"㹌",72
"眻",72
"𠠝",72
"鉖",72
"䶆",72
"𡕎",72
"勧",72
"硂",72
"銞",72
"䁵",72
"䁀",72
"䖢",72
"椃",72
"鑸",72
"㱣",72
"螐",72
"㬬",72
"䛥",72
"𡑒",72
"喖",72
"䳮",72
"祱",72
"緸",72
"㲠",72
"毭",72
"㯟",72
"𤛑",72
"𪋮",72
"𧦝",72
"𢅡",72
"祰",72
"𢷾",72
"蝔",72
"㶾",72
"悜",72
"襣",72
"䗘",72
"𢜬",72
"𢨺",72
"𫻪",72
"䱾",72
"䰜",72
"䆋",72
"𥋏",72
"䧕",72
"䀼",72
"峵",72
"㷱",72
"䗡",72
"荰",72
"𤺥",72
"㡨",72
"㐁",72
"䈿",72
"毃",72
"霴",72
"䐨",72
"𮩻",72
"𨓅",72
"𭖎",72
"𱑓",72
"𩨬",71
"耷",71
"讑",71
"頪",71
"胟",71
"櫗",71
"𧫦",71
"𡻱",71
"𦠨",71
"籼",71
"𡿷",71
"䏩",71
"㗛",71
"洅",71
"䴦",71
"搳",71
"㱟",71
"𩼈",71
"𢹶",71
"䈓",71
"㨹",71
"㢰",71
"踇",71
"輱",71
"㓹",71
"𢢞",71
"𢮓",70
"𣡵",70
"覥",70
"釯",70
"跭",70
"剼",70
"珿",70
"䂨",70
"珔",70
"閰",70
"鸶",70
"䪊",70
"焸",70
"䥛",70
"蕬",70
"癓",70
"圤",70
"㥅",70
"䁬",70
"玔",70
"餢",70
"㥈",70
"㓼",70
"寊",70
"䱓",70
"𡽦",70
"𦢌",70
"舓",70
"𤔲",70
"𤅷",70
"𤫶",70
"𪖷",70
"鷠",70
"𪘪",70
"艆",70
"嘇",70
"𣵼",70
"𦎦",70
"䀗",70
"𪖨",70
"咔",70
"𧓿",70
"唹",70
"戗",70
"鈘",70
"淕",70
"𡹿",70
"慲",70
"𢥾",70
"漝",70
"瀊",70
"𦩞",70
"𢓭",70
"洡",70
"䦙",70
"巭",70
"㱴",70
"㷞",70
"𭛌",70
"𦱌",70
"狕",70
"𡡙",70
"𦙶",70
"鷶",70
"𨐔",70
"㓠",70
"鐽",70
"愋",70
"𤐫",70
"䎗",70
"㲦",70
"勄",70
"㰏",70
"㵨",70
"𦆛",70
"錉",70
"𪇥",70
"𥲀",70
"㓋",70
"𥐪",70
"襸",70
"㰻",70
"𠙹",70
"㡞",70
"𨛫",70
"淭",70
"𪇆",70
"𪀝",70
"㥑",70
"䅣",70
"㕈",70
"𡄑",70
"𣢑",70
"㷶",70
"䪴",70
"㿨",70
"䈇",70
"㲀",70
"䏵",70
"㡒",70
"㝚",70
"𧀯",70
"煝",69
"趓",69
"𠝡",69
"哹",69
"墂",69
"滣",69
"泟",69
"忂",69
"𧜡",69
"鉣",69
"顂",69
"搮",69
"㣣",69
"𤴯",69
"䂃",69
"𨂷",69
"𥚟",69
"㗢",69
"㢥",69
"㧉",69
"𠌖",69
"䓟",69
"黗",69
"軩",69
"𧆟",69
"𡩁",69
"誽",69
"鏥",69
"遃",69
"㞋",69
"𡱁",69
"𥼓",68
"潋",68
"谂",68
"庽",68
"㾭",68
"鮜",68
"㟃",68
"𥮏",68
"𬿚",68
"㬙",68
"萒",68
"䮫",68
"鱵",68
"𦸂",68
"𧔧",68
"擞",68
"鬏",68
"瞉",68
"罊",68
"皅",68
"焪",68
"䈕",68
"䚯",68
"𧼯",68
"𥴮",68
"燜",68
"㰇",68
"虶",68
"渏",68
"糏",68
"𠷐",68
"鲽",68
"𩥦",68
"瘶",68
"柆",68
"䊪",68
"睳",68
"睭",68
"聁",68
"䤾",68
"疬",68
"㝸",68
"䳈",68
"寣",68
"礤",68
"𩓥",68
"斢",68
"埞",68
"𠷺",68
"𤬁",68
"䩬",68
"齤",68
"𠎷",68
"𧬇",68
"𥊑",68
"䐣",68
"憷",68
"靯",68
"愙",68
"蒶",68
"墏",68
"焀",68
"坖",68
"凎",68
"珲",68
"𨨣",68
"帧",68
"𣽅",68
"䡗",68
"𧀎",68
"蔄",68
"𧞤",68
"熕",68
"㐨",68
"㞾",68
"䆸",68
"曐",68
"𣎅",68
"𢹔",68
"葿",68
"旮",68
"㹛",68
"𨛜",68
"㘞",68
"㮁",68
"㞏",68
"鶦",68
"𪆻",68
"𦄌",68
"𪈟",68
"厵",68
"𩰺",68
"𪸗",68
"䋭",68
"徶",68
"䫩",68
"剹",68
"瘎",68
"𢚕",68
"㓎",68
"㠏",68
"𡹛",68
"䏙",68
"㗃",68
"𨇯",68
"㔬",68
"𧎂",68
"𠞮",68
"䝖",68
"𤄎",68
"㠲",68
"𥵫",68
"羀",68
"䆎",68
"㺖",68
"覮",68
"䥃",68
"𢝋",68
"𥳕",68
"𧃊",68
"𥐫",68
"麉",67
"蹅",67
"仸",67
"湗",67
"紴",67
"猑",67
"陠",67
"蝩",67
"㭝",67
"睻",67
"廗",67
"䌁",67
"濢",67
"𤪙",67
"䤉",67
"遧",67
"𡹋",67
"㾙",67
"𠾑",67
"堸",67
"𨝸",67
"䑣",67
"𧜞",67
"䃀",67
"𡎐",67
"䯑",67
"䅈",67
"呝",67
"𥻟",67
"䡉",67
"䋛",67
"𦳼",67
"䇢",67
"䐱",66
"㷏",66
"崁",66
"㑌",66
"砵",66
"辋",66
"嗫",66
"謤",66
"绔",66
"烉",66
"烿",66
"峎",66
"笸",66
"搎",66
"傠",66
"儖",66
"挬",66
"衠",66
"𠁅",66
"𤠑",66
"䪡",66
"倲",66
"螅",66
"灛",66
"藅",66
"螪",66
"痶",66
"紻",66
"𩇵",66
"𥰮",66
"𦺖",66
"丬",66
"譿",66
"鑖",66
"烗",66
"鍞",66
"譃",66
"洷",66
"娪",66
"𦵦",66
"㧪",66
"𣋉",66
"姃",66
"𥖪",66
"趥",66
"闀",66
"𦁤",66
"䐤",66
"䮚",66
"砨",66
"𡾆",66
"誱",66
"裮",66
"徾",66
"𩭄",66
"㽨",66
"奱",66
"㒰",66
"㘩",66
"䔷",66
"䫤",66
"鈓",66
"欴",66
"嵵",66
"𧃍",66
"㧊",66
"㛠",66
"𢯦",66
"㳐",66
"饺",66
"祣",66
"㭔",66
"𤩁",66
"齳",66
"䫔",66
"㩇",66
"𢴲",66
"㨛",66
"㩶",66
"鏾",66
"㵪",66
"𥂸",66
"䳲",66
"峾",66
"𪓛",66
"㗵",66
"𠐍",66
"㭙",66
"𡽁",66
"𣄧",66
"䥸",66
"𥑇",66
"𡏇",66
"𦵹",66
"䏣",66
"稤",66
"㼖",66
"拺",66
"㮳",66
"峆",66
"牶",66
"盳",66
"𨞓",66
"挧",66
"栣",66
"𦺋",66
"𧆊",66
"尲",66
"䵱",66
"䪧",66
"臦",66
"䇸",66
"𠎤",66
"𠋈",66
"𨓱",66
"㙄",66
"㗨",66
"𩰢",66
"𠽫",66
"䴧",66
"𡧰",66
"繎",66
"𩋡",66
"䕢",66
"䀏",66
"㔹",66
"𪇖",66
"㾑",66
"𡟬",66
"䭴",66
"䏨",66
"㾛",66
"㻗",66
"㼲",66
"蹨",66
"𤶠",66
"𡜶",66
"㰁",66
"㢼",66
"㷤",66
"𡊠",66
"𠊳",66
"郀",65
"㪔",65
"酰",65
"䐘",65
"梼",65
"𪊑",65
"怬",65
"䚽",65
"䘂",65
"鍸",65
"縘",65
"㼝",65
"萡",65
"雐",65
"旲",65
"藢",65
"𥻿",65
"䡋",65
"毢",65
"𩕢",65
"㦁",65
"秛",65
"𥯧",65
"㻸",65
"㷂",65
"㩺",65
"㶨",65
"頾",65
"僘",65
"𡶗",65
"紌",65
"㸏",65
"𣉞",64
"㚶",64
"戤",64
"燊",64
"諩",64
"鐭",64
"𣹐",64
"迼",64
"揂",64
"䱦",64
"髌",64
"絬",64
"錛",64
"馩",64
"𤳖",64
"𧿥",64
"㦗",64
"𩛞",64
"鼭",64
"骍",64
"訅",64
"𦠊",64
"粝",64
"铗",64
"䵩",64
"蒑",64
"懓",64
"䦎",64
"縍",64
"駶",64
"揊",64
"䙷",64
"惿",64
"𠩺",64
"𨔴",64
"䬌",64
"砇",64
"䲻",64
"戝",64
"菦",64
"踙",64
"䪗",64
"踚",64
"䭞",64
"鹚",64
"䅲",64
"䐯",64
"𥡱",64
"酶",64
"𤑺",64
"勊",64
"㰘",64
"蠗",64
"熩",64
"𣺰",64
"㝾",64
"㡁",64
"浫",64
"䬹",64
"𡭊",64
"嬚",64
"鏪",64
"苳",64
"抁",64
"璾",64
"呅",64
"澲",64
"㒈",64
"䨦",64
"徎",64
"漡",64
"𠍶",64
"䊀",64
"焅",64
"䧙",64
"䰷",64
"𡷏",64
"䬫",64
"㩅",64
"㿒",64
"侞",64
"諃",64
"揢",64
"𬘉",64
"𪂴",64
"㘊",64
"𩵎",64
"𢾖",64
"曟",64
"蕼",64
"䅀",64
"檰",64
"㽷",64
"𪔆",64
"𩨜",64
"𤩱",64
"㫐",64
"俖",64
"䱌",64
"𧄤",64
"㼹",64
"𧗵",64
"䙃",64
"𨈅",64
"䩯",64
"𤟮",64
"𤩪",64
"𠚶",64
"𭏦",64
"𣚃",64
"𣹱",64
"𮖽",64
"𨊵",64
"𠍱",64
"𠟪",64
"㛃",64
"㡆",64
"䒦",64
"匸",64
"㡀",64
"脼",64
"䦩",64
"㓵",64
"𩌍",64
"䆀",64
"䚎",64
"𣵷",64
"䫸",64
"㑿",64
"勜",64
"鰪",64
"㪏",64
"顲",64
"䫖",64
"𪼛",64
"𭭙",64
"鎯",63
"祄",63
"鐅",63
"𦌊",63
"朷",63
"傊",63
"榸",63
"鈰",63
"𠐶",63
"䈺",63
"胓",63
"揁",63
"皾",63
"謺",63
"𤩹",63
"燓",63
"𥫄",63
"𥺀",63
"𧓍",63
"怶",63
"㴝",63
"挀",63
"㝤",63
"戨",63
"靪",63
"䛖",63
"𡏮",63
"㺽",63
"䦖",63
"㧬",63
"爴",62
"垮",62
"筶",62
"覚",62
"箦",62
"焣",62
"燩",62
"飗",62
"鲎",62
"𥥛",62
"穞",62
"䋀",62
"瓾",62
"煹",62
"𣊬",62
"鷆",62
"𢸙",62
"轵",62
"魜",62
"蓹",62
"𣿉",62
"銆",62
"眪",62
"帱",62
"𨝯",62
"憏",62
"颣",62
"韊",62
"蘾",62
"蠿",62
"蕏",62
"𪊇",62
"筟",62
"仛",62
"㽄",62
"轫",62
"轭",62
"鶑",62
"啴",62
"鯺",62
"𥋍",62
"檫",62
"珜",62
"诪",62
"鑺",62
"嵝",62
"𣔺",62
"䬐",62
"𡺿",62
"𦫃",62
"蛏",62
"㾨",62
"㞇",62
"䀒",62
"鉓",62
"𩏌",62
"䒐",62
"㭁",62
"鏏",62
"倹",62
"囔",62
"䬦",62
"䥢",62
"䧜",62
"㢕",62
"紷",62
"𦶓",62
"𡲕",62
"𡾔",62
"睉",62
"䅋",62
"㚥",62
"垀",62
"䳆",62
"䧑",62
"㔮",62
"䥓",62
"㷒",62
"㕜",62
"䔏",62
"䁋",62
"𡐤",62
"䅓",62
"𥶶",62
"㭈",62
"䘹",62
"謉",62
"䚋",62
"䋞",62
"𤩝",62
"䔋",62
"葃",62
"廫",62
"翴",62
"𤒩",62
"𦘪",62
"鎐",62
"殔",62
"𠯣",62
"秢",62
"𫝂",62
"䎉",62
"䠛",62
"𦩩",62
"仯",62
"㦽",62
"㯮",62
"䅶",62
"䠚",62
"喅",62
"䓵",62
"𡼼",62
"埫",62
"愂",62
"𧕛",62
"㤍",62
"𥱀",62
"㜗",62
"䖭",62
"䈀",62
"㘀",62
"䋜",62
"䐒",62
"䳦",62
"椧",62
"𤥚",62
"𥯃",61
"郐",61
"鹥",61
"郻",61
"垊",61
"嚁",61
"𠟃",61
"礕",61
"䓉",61
"鐾",61
"灱",61
"揙",61
"㻾",61
"伿",61
"㑉",61
"𨦣",61
"𥞴",61
"㟶",61
"銧",61
"𦖠",61
"㟂",61
"㖪",61
"㜰",61
"䛭",61
"䟿",61
"䇞",61
"䃰",61
"𢶅",61
"㹾",61
"䳑",61
"珡",61
"姂",61
"㱸",61
"𡍮",60
"揹",60
"夻",60
"暽",60
"㼬",60
"鬎",60
"磘",60
"訄",60
"襽",60
"揝",60
"𢫾",60
"笧",60
"䮞",60
"㤥",60
"𧑃",60
"镡",60
"錗",60
"菃",60
"茑",60
"鯟",60
"䗜",60
"𩬈",60
"㭪",60
"濏",60
"㯆",60
"磫",60
"蘯",60
"丆",60
"䋖",60
"坔",60
"𨆌",60
"𡃤",60
"嶘",60
"峌",60
"𠋘",60
"𡼳",60
"𧱚",60
"赼",60
"睧",60
"瀥",60
"𩺭",60
"𪈺",60
"嚛",60
"䬧",60
"𩃬",60
"曫",60
"𩉾",60
"𣩊",60
"嘡",60
"圫",60
"玾",60
"䣘",60
"𣺯",60
"㺠",60
"䖥",60
"㦕",60
"𦕝",60
"𩨿",60
"㭭",60
"𥬞",60
"𧨹",60
"𥑒",60
"䫞",60
"𤭏",60
"䘎",60
"霷",60
"媁",60
"犽",60
"艜",60
"㕉",60
"艃",60
"瓳",60
"㺕",60
"𡚾",60
"𤜃",60
"駫",60
"螛",60
"𫎓",60
"䤔",60
"覝",60
"䇑",60
"𫝹",60
"䋸",60
"卶",60
"犡",60
"碊",60
"䙜",60
"贕",60
"鷎",60
"㸽",60
"怷",60
"㬹",60
"鷝",60
"黋",60
"𦑲",60
"𡽶",60
"𤏸",60
"𤨄",60
"膪",60
"𡙆",60
"𡼡",60
"㽭",60
"𣿬",60
"䎧",60
"紤",60
"𢂺",60
"𧝃",60
"䵨",60
"𭫪",60
"䡵",60
"𩹺",60
"䏍",60
"輌",60
"㕼",60
"㬗",60
"䅭",60
"䎂",60
"𣽤",60
"𡻪",60
"𧒀",60
"䎩",60
"𩆸",60
"𩡝",60
"䮉",60
"㬝",60
"䌞",60
"㒤",60
"𠄁",60
"㑞",60
"𠨩",60
"𪔣",60
"䈲",60
"摗",60
"𪇄",60
"㲔",60
"䍼",60
"𠹍",60
"㺝",60
"𩔣",60
"𫌁",60
"権",59
"坄",59
"蒽",59
"栂",59
"㨝",59
"㯠",59
"洖",59
"䠯",59
"魓",59
"䆏",59
"鸌",59
"宩",59
"㶞",59
"𤗼",59
"𨑾",59
"亜",59
"𨠩",59
"婎",59
"𢢔",59
"徸",59
"偍",59
"㝐",59
"頛",59
"𡼕",59
"𣥚",59
"䎿",59
"䲓",59
"㥥",59
"鮶",59
"耓",59
"㯸",59
"筚",58
"鲥",58
"棦",58
"䊚",58
"垭",58
"𠊧",58
"熷",58
"绤",58
"逪",58
"焖",58
"馊",58
"𧧷",58
"猏",58
"颩",58
"掭",58
"鍎",58
"潳",58
"曪",58
"𩂢",58
"𪌭",58
"鼥",58
"䕋",58
"巶",58
"剆",58
"摀",58
"鳙",58
"𡗜",58
"㚒",58
"顨",58
"䈋",58
"䇡",58
"㩖",58
"𢲸",58
"𡿃",58
"狇",58
"䅗",58
"𩏪",58
"䜝",58
"髝",58
"髞",58
"謶",58
"䣍",58
"䔁",58
"㲞",58
"𢜀",58
"𢾕",58
"瘒",58
"𩇠",58
"䊆",58
"鞒",58
"𧳽",58
"蘎",58
"𩡩",58
"𩥵",58
"㱼",58
"𫝗",58
"𥪰",58
"娤",58
"𨐓",58
"圥",58
"𧏡",58
"䯝",58
"𥋆",58
"㰥",58
"𧹬",58
"覄",58
"櫉",58
"睈",58
"㘿",58
"桗",58
"𭰗",58
"搲",58
"㥆",58
"蜁",58
"𣶞",58
"䘢",58
"𣀘",58
"𧴙",58
"䒢",58
"𥁰",58
"𣐑",58
"𩼽",58
"𠃨",58
"歱",58
"琌",58
"㿂",58
"䱑",58
"㟲",58
"檹",58
"𨸒",58
"塻",58
"𩐁",58
"搑",58
"𩻟",58
"𠝥",58
"𧍲",58
"嶏",58
"𨋹",58
"𱗙",58
"𥤉",58
"淧",58
"𫵼",58
"䆞",58
"䍫",58
"𧔹",58
"㛪",58
"䢩",58
"䜄",58
"㣇",58
"𡰉",58
"𦀚",58
"㐰",58
"䅑",58
"穁",58
"䝋",58
"𨠗",58
"㬦",58
"䆍",58
"𩃢",58
"䜚",58
"䮢",58
"䯾",58
"䕧",58
"䉷",58
"𣀳",58
"𩊮",58
"䛅",58
"㪑",58
"㾰",58
"孂",58
"㨡",58
"㪒",58
"㽱",58
"䃊",58
"䋷",58
"𦤷",58
"𢂴",58
"抩",57
"㦏",57
"𨞕",57
"㓟",57
"㙭",57
"䨢",57
"摥",57
"綛",57
"𤝙",57
"婹",57
"膡",57
"㭾",57
"懄",57
"颫",57
"涃",57
"泵",57
"㛱",57
"𡿒",57
"㳯",57
"䓊",57
"㮲",57
"嵮",57
"䀴",57
"𩔁",57
"伩",57
"𡯗",57
"䇬",57
"㞰",57
"㪖",57
"帎",57
"魝",57
"𩘻",57
"䓪",57
"𨃟",57
"㦉",57
"㗦",57
"蕽",56
"晗",56
"訜",56
"䲒",56
"菿",56
"赸",56
"汆",56
"淗",56
"琣",56
"鈂",56
"䩹",56
"䒪",56
"䇕",56
"洐",56
"攳",56
"羧",56
"鶇",56
"齙",56
"䜺",56
"㰌",56
"鯜",56
"𨸦",56
"㵱",56
"𨀛",56
"橩",56
"𠲿",56
"䲋",56
"䖱",56
"帵",56
"䳰",56
"𢐮",56
"𩍈",56
"㮞",56
"栄",56
"腚",56
"栚",56
"䘩",56
"𧪜",56
"𩰫",56
"彶",56
"齈",56
"𦐛",56
"遦",56
"秡",56
"獆",56
"䯁",56
"䘁",56
"慀",56
"𬴮",56
"曊",56
"銵",56
"岤",56
"瞘",56
"㿋",56
"姇",56
"訍",56
"𤉣",56
"𡎋",56
"䍻",56
"𣄆",56
"䐉",56
"㟓",56
"㦜",56
"㮎",56
"㧡",56
"䧞",56
"䫌",56
"䌦",56
"鈊",56
"嚽",56
"䁏",56
"黆",56
"屔",56
"咰",56
"𥭳",56
"𩅰",56
"𠔿",56
"㑣",56
"趔",56
"𥻆",56
"䀕",56
"樎",56
"𭺾",56
"𭴾",56
"㖄",56
"𤁻",56
"㴎",56
"㚰",56
"㤩",56
"𨗨",56
"𧐜",56
"𣣲",56
"𢧴",56
"𧑤",56
"䰡",56
"䌪",56
"㑜",56
"䶢",56
"䀎",56
"䃽",56
"䘅",56
"㱪",56
"㵩",56
"㙴",56
"䕁",56
"𣞒",56
"䆵",56
"䝺",56
"婃",56
"㯂",56
"𧺥",56
"吂",56
"𨛀",56
"䯜",56
"𨃨",56
"䦑",56
"𧉪",56
"笝",56
"㢩",56
"䉃",56
"𤱿",56
"𨀥",56
"𨋁",56
"𤟙",56
"䋃",56
"䯦",56
"䳀",56
"肑",56
"㦅",56
"妜",56
"㢞",56
"𥁠",56
"𪄻",56
"䫗",56
"𨺩",56
"㡔",56
"㢻",56
"䞮",56
"䴻",56
"䵙",56
"䵢",56
"𨁯",56
"𤣯",56
"𢙇",56
"𨀣",56
"乻",56
"竬",55
"棢",55
"睖",55
"泍",55
"舭",55
"斓",55
"璭",55
"歒",55
"硣",55
"皔",55
"苠",55
"㣓",55
"㨉",55
"饾",55
"㦨",55
"䮽",55
"礸",55
"㺃",55
"䣆",55
"𡯷",55
"赽",55
"棾",55
"㙂",55
"𣄚",55
"𠵣",55
"鶽",55
"𩅢",55
"棇",55
"䋱",55
"摿",55
"㒁",55
"䁲",55
"㧵",55
"𨒰",55
"𢡆",55
"㒠",55
"䯪",55
"拰",54
"𠟍",54
"𩭏",54
"𩘅",54
"毧",54
"璷",54
"堖",54
"𩆝",54
"𦙀",54
"鹡",54
"𡧗",54
"𩙚",54
"𪅎",54
"𦡼",54
"叇",54
"驵",54
"䝼",54
"珨",54
"屽",54
"䋄",54
"𨞚",54
"潲",54
"刭",54
"糫",54
"𧝋",54
"魬",54
"镸",54
"茏",54
"蹒",54
"𧢇",54
"𦫵",54
"騳",54
"薼",54
"蜔",54
"㼌",54
"䨱",54
"𤢖",54
"𤰃",54
"猸",54
"𫁝",54
"隵",54
"𥶠",54
"𪕍",54
"𣰦",54
"㔸",54
"鯅",54
"迖",54
"鵭",54
"䶋",54
"諣",54
"䧱",54
"𨽍",54
"𣑆",54
"馜",54
"趷",54
"䗺",54
"𩈣",54
"炶",54
"勯",54
"煡",54
"鑉",54
"鏅",54
"𠐚",54
"晑",54
"䢡",54
"歚",54
"䶄",54
"𣾀",54
"峺",54
"孬",54
"甉",54
"𧒢",54
"㒖",54
"逫",54
"勭",54
"䊠",54
"㿖",54
"𧓋",54
"㓮",54
"㿑",54
"𪃮",54
"𭃡",54
"𪷇",54
"䲴",54
"螠",54
"㼴",54
"䃈",54
"彐",54
"𡸞",54
"㹟",54
"嶹",54
"㦢",54
"䡺",54
"㠧",54
"䤖",54
"䡮",54
"㞡",54
"䩌",54
"𤰈",54
"摤",54
"鐗",54
"衴",54
"襩",54
"𦫊",54
"㳰",54
"㸺",54
"䁢",54
"㔥",54
"爩",54
"㶧",54
"𤞡",54
"𣗬",54
"䙟",54
"㩒",54
"𦞜",54
"㲥",54
"䁺",54
"訨",54
"䋵",54
"𣹬",54
"𤥙",54
"伆",54
"佲",54
"𩅿",54
"𫝶",54
"䡥",54
"㟰",54
"迧",54
"𩸊",54
"烍",54
"㰯",54
"䅃",54
"㰲",54
"䶜",54
"㓚",54
"㿎",54
"䞳",54
"䑬",54
"𦪽",54
"䫄",54
"䡬",54
"㱤",54
"㱦",54
"㼳",54
"䊞",54
"䋾",54
"䤘",54
"䩇",54
"䫾",54
"廃",53
"㵦",53
"䐧",53
"佤",53
"䵀",53
"妱",53
"陃",53
"㚋",53
"揇",53
"䰢",53
"餣",53
"镃",53
"螏",53
"䐼",53
"䄢",53
"𤼲",53
"㙇",53
"㪐",53
"㳋",53
"㤚",53
"蚲",53
"䯟",53
"槑",53
"𩵩",53
"䑜",53
"䎼",53
"㻣",53
"㙈",53
"侎",53
"痮",53
"㝪",53
"镖",52
"鸰",52
"鏎",52
"娡",52
"𥡃",52
"瀈",52
"涱",52
"篟",52
"𦾔",52
"砋",52
"悎",52
"𨷖",52
"荶",52
"䔮",52
"𤷄",52
"軭",52
"㔃",52
"𣱵",52
"𩿣",52
"鋇",52
"䅺",52
"捰",52
"韕",52
"䬤",52
"𤚥",52
"𡿗",52
"䜰",52
"𠉣",52
"䰖",52
"俹",52
"飳",52
"刿",52
"𨋗",52
"塖",52
"淣",52
"趏",52
"𥕂",52
"銏",52
"劜",52
"𩪷",52
"頝",52
"骺",52
"䖧",52
"瞝",52
"𤌉",52
"𩱈",52
"郩",52
"郣",52
"㚿",52
"𣵦",52
"𬋈",52
"昅",52
"璍",52
"𡎙",52
"𨞇",52
"䞿",52
"𥒖",52
"溕",52
"僼",52
"𨙔",52
"甇",52
"郆",52
"𧩊",52
"䢮",52
"𣐟",52
"䚷",52
"𩼹",52
"㵞",52
"孷",52
"䖲",52
"𣲵",52
"䣩",52
"𩙂",52
"㶔",52
"𡬶",52
"艵",52
"𣚕",52
"𨜞",52
"㓺",52
"㔠",52
"𩯶",52
"殅",52
"𪋇",52
"䶴",52
"𧃐",52
"㫛",52
"䲬",52
"蜏",52
"𥵣",52
"䭨",52
"䈠",52
"䃩",52
"犑",52
"𨘌",52
"䐔",52
"㠙",52
"𡼱",52
"䄌",52
"𣓈",52
"𪙨",52
"䋪",52
"䜫",52
"䢐",52
"䟑",52
"曗",52
"𢏮",52
"㼎",52
"䎁",52
"䧴",52
"㽒",52
"礘",52
"䑁",52
"𦉩",52
"𥼚",52
"𤸪",52
"䩒",52
"㸹",52
"嘫",52
"𤂱",52
"㾈",52
"㹊",52
"䝒",52
"𧐟",52
"𧤾",52
"㒝",52
"䤁",52
"㯍",52
"䠨",52
"㼣",52
"娺",52
"媤",52
"𢜭",52
"磭",52
"䎳",52
"䒏",52
"豧",52
"𥠋",52
"𧟊",52
"𱐦",52
"挷",51
"荹",51
"䖅",51
"枟",51
"䢍",51
"熡",51
"濗",51
"𣠠",51
"暓",51
"鮕",51
"勨",51
"𡴘",51
"韟",51
"肟",51
"阥",51
"鍲",51
"劺",51
"徿",51
"榢",51
"㶆",51
"穕",51
"譧",51
"姷",51
"𣽸",51
"柪",51
"嘺",51
"𠳃",51
"奃",51
"㮍",51
"䖂",51
"䒹",51
"䔬",51
"䄤",51
"㫷",51
"𡺠",51
"覣",51
"雡",51
"㜺",51
"莶",50
"𨘷",50
"綞",50
"倸",50
"蹚",50
"䊺",50
"讏",50
"䗠",50
"氻",50
"奤",50
"𡤫",50
"䨂",50
"噘",50
"鲭",50
"䆊",50
"䩩",50
"𨜘",50
"耺",50
"𮐖",50
"䏷",50
"黡",50
"骮",50
"侺",50
"睰",50
"鄌",50
"靰",50
"𥷨",50
"虃",50
"堐",50
"鰤",50
"哊",50
"偤",50
"愢",50
"姈",50
"㪯",50
"䱠",50
"臱",50
"燍",50
"𥝌",50
"𨺅",50
"趶",50
"䍢",50
"袃",50
"湶",50
"𪗆",50
"䱙",50
"䒁",50
"䲩",50
"繱",50
"炴",50
"瓥",50
"慖",50
"䶅",50
"𨍉",50
"𥕘",50
"䂺",50
"𣮖",50
"哔",50
"憽",50
"崸",50
"禞",50
"㷟",50
"䮔",50
"逳",50
"䅡",50
"㢪",50
"㑆",50
"䃼",50
"鉑",50
"韢",50
"䙎",50
"鰀",50
"𪒡",50
"㹄",50
"䇣",50
"𧋈",50
"𣂀",50
"㮀",50
"𤐨",50
"絽",50
"㱊",50
"𤇊",50
"鰸",50
"𤘝",50
"栛",50
"𧯑",50
"鍯",50
"㞹",50
"𠏀",50
"𥌛",50
"斦",50
"漃",50
"鮻",50
"㹯",50
"獴",50
"𮟣",50
"腡",50
"㪋",50
"牭",50
"𦾰",50
"𣻝",50
"熪",50
"囃",50
"碤",50
"憵",50
"㢳",50
"猌",50
"燘",50
"䕪",50
"𥦔",50
"䐬",50
"䅅",50
"𨟇",50
"𡴴",50
"䤶",50
"𦸁",50
"㠡",50
"𣁬",50
"𨙒",50
"㺪",50
"䳴",50
"㸎",50
"䭭",50
"㪫",50
"䖔",50
"㣎",50
"䰕",50
"䣚",50
"䨛",50
"䁤",50
"㹃",50
"㲍",50
"㰰",50
"䞔",50
"𢜰",50
"㳧",50
"帹",50
"㰶",50
"䯿",50
"歄",50
"䛽",50
"䀚",50
"䁅",50
"虂",50
"䩍",50
"鮩",50
"𮞘",50
"𪣡",50
"𫕱",50
"殨",49
"㦟",49
"㤯",49
"斍",49
"澊",49
"鈙",49
"㑦",49
"簅",49
"贀",49
"㗶",49
"鼑",49
"䋼",49
"嚝",49
"𡸮",49
"膭",49
"㩃",49
"椭",49
"獣",49
"墶",49
"𧋢",49
"㫾",49
"㼏",49
"䞨",49
"褿",49
"𩺰",49
"𣥏",49
"劆",49
"檧",49
"譄",49
"琧",49
"䄋",49
"㨍",49
"𥇜",49
"㯷",49
"㹜",49
"䁍",49
"𧪮",49
"𣅐",48
"䚗",48
"𡸙",48
"鮢",48
"郘",48
"矽",48
"觙",48
"撌",48
"謧",48
"𦸅",48
"垱",48
"牜",48
"晪",48
"漞",48
"𦆭",48
"㡂",48
"渂",48
"䦟",48
"唚",48
"籄",48
"𪑩",48
"嬓",48
"𣵁",48
"𩹉",48
"睷",48
"鹩",48
"帇",48
"𩫹",48
"䧘",48
"𠅨",48
"䰿",48
"蔒",48
"瓕",48
"锹",48
"鲇",48
"湂",48
"㳆",48
"蛼",48
"暛",48
"皗",48
"㻻",48
"𠝝",48
"䊡",48
"暣",48
"峧",48
"騹",48
"詤",48
"𦙷",48
"㿝",48
"俽",48
"𡀽",48
"銦",48
"𨈭",48
"𧴐",48
"䓀",48
"櫔",48
"𧉃",48
"㗧",48
"坘",48
"𡷛",48
"櫁",48
"嬔",48
"䐞",48
"㨋",48
"萘",48
"䠪",48
"燣",48
"𧨺",48
"䤑",48
"膶",48
"𣺶",48
"牅",48
"𤡊",48
"䉂",48
"𣝒",48
"䝨",48
"鑡",48
"撧",48
"暺",48
"𣰇",48
"𥴽",48
"懧",48
"儯",48
"㣽",48
"𠷠",48
"𧈢",48
"媈",48
"軚",48
"䘾",48
"𦒻",48
"㗙",48
"埮",48
"滊",48
"㺥",48
"䯈",48
"粶",48
"徢",48
"䉅",48
"摱",48
"𭤔",48
"䳂",48
"㽈",48
"䓼",48
"𤒦",48
"𨟊",48
"㻝",48
"䢦",48
"𨔟",48
"鱋",48
"𪇳",48
"㡃",48
"牬",48
"䛡",48
"㑗",48
"𮮱",48
"𦭞",48
"𪹓",48
"孲",48
"䂞",48
"雵",48
"侴",48
"䪞",48
"嫴",48
"镽",48
"鬜",48
"㕡",48
"幒",48
"匘",48
"𧄏",48
"㘣",48
"㹼",48
"豟",48
"㚢",48
"䝀",48
"𣟶",48
"𡸉",48
"𤮧",48
"䄫",48
"玵",48
"𣀈",48
"𠩡",48
"䥵",48
"𪎽",48
"䪒",48
"㲽",48
"㷷",48
"𪺛",48
"䢜",48
"𩢿",48
"𧅙",48
"𨒋",48
"𩛽",48
"㭑",48
"㸘",48
"壣",48
"㸣",48
"㴽",48
"磆",48
"䠢",48
"䆟",48
"𡡏",48
"㥊",48
"𥄱",48
"䟛",48
"𥳊",48
"𦔩",48
"㤮",48
"㮃",48
"殧",48
"㮓",48
"倊",48
"嬣",48
"䍍",48
"蔋",48
"𧚨",48
"䩂",48
"䳝",48
"䯖",48
"𢩙",48
"𥸴",48
"傆",47
"㧹",47
"僗",47
"䐺",47
"顃",47
"䒳",47
"掅",47
"犃",47
"㝣",47
"㩘",47
"𣙁",47
"庘",47
"軴",47
"秙",47
"𤥖",47
"𥨱",47
"𣏣",47
"扏",47
"㒑",47
"㾼",47
"䯣",47
"𥓓",47
"䛪",47
"㑶",47
"㐸",47
"筨",47
"𡽵",47
"𥕢",47
"䫠",47
"㸥",47
"䳻",47
"𠬝",47
"勽",47
"㱳",47
"䚫",47
"𤼐",47
"苸",47
"訸",47
"萺",47
"樇",47
"垬",47
"栠",47
"𤥎",46
"碘",46
"刽",46
"㖷",46
"𦦙",46
"鍻",46
"䥧",46
"䲚",46
"呁",46
"䡓",46
"叻",46
"峼",46
"磖",46
"洘",46
"䋴",46
"縃",46
"䛌",46
"镀",46
"擼",46
"觮",46
"𤟣",46
"㻮",46
"䛇",46
"盶",46
"呋",46
"蟏",46
"缲",46
"伓",46
"𥀁",46
"㕰",46
"㾽",46
"𥴼",46
"𧄼",46
"𩲃",46
"䗖",46
"䣺",46
"㴙",46
"㽿",46
"鲟",46
"𨜓",46
"塇",46
"堹",46
"㻷",46
"繥",46
"崜",46
"䓢",46
"鱹",46
"呟",46
"皟",46
"厡",46
"䶩",46
"㺏",46
"氇",46
"𣰌",46
"鑗",46
"捚",46
"䶌",46
"怴",46
"晆",46
"𠕀",46
"嘪",46
"犱",46
"𪢬",46
"㷈",46
"𤻴",46
"囩",46
"𮟃",46
"爧",46
"锲",46
"娏",46
"䚰",46
"𩚚",46
"㛘",46
"毑",46
"㷍",46
"䶈",46
"㜇",46
"𨯳",46
"䪮",46
"㱵",46
"䀄",46
"硦",46
"𡺭",46
"諊",46
"忴",46
"魀",46
"隡",46
"驧",46
"誀",46
"𩼕",46
"𪃍",46
"焁",46
"穻",46
"䁸",46
"㭓",46
"镋",46
"㞒",46
"㨱",46
"賌",46
"阭",46
"䈳",46
"䍣",46
"幯",46
"䫛",46
"𦔯",46
"艞",46
"颚",46
"𧔉",46
"𧊅",46
"𤮽",46
"㖂",46
"歶",46
"笍",46
"𭤨",46
"敆",46
"㭮",46
"錇",46
"詓",46
"淁",46
"𩫶",46
"櫘",46
"蚙",46
"𪂿",46
"埐",46
"𥓐",46
"𨍭",46
"䎰",46
"𥄦",46
"燤",46
"𦨙",46
"𧐗",46
"𤢒",46
"䎪",46
"𦌵",46
"㯈",46
"䡰",46
"𧰚",46
"菬",46
"𥶷",46
"䒲",46
"㵰",46
"𣨪",46
"𤈴",46
"枆",46
"䔥",46
"𡾠",46
"𥰚",46
"䟒",46
"䔽",46
"㭟",46
"㘱",46
"𧰽",46
"𦏵",46
"𤡃",46
"㕿",46
"劤",46
"匷",46
"䦠",46
"𨊧",46
"𣀩",46
"𤟟",46
"㯔",46
"㙳",46
"躴",46
"㥍",46
"䮴",46
"䡆",46
"䐊",46
"㽸",46
"𧹛",46
"㝟",46
"𩢰",46
"䊳",46
"𣞷",46
"䝂",46
"䍊",46
"䧊",46
"𧑥",46
"掕",46
"𧱫",46
"㔞",46
"䌠",46
"㬁",46
"㰠",46
"㰣",46
"㹂",46
"䁳",46
"䂕",46
"䐩",46
"䞽",46
"䩆",46
"䴃",46
"䰫",46
"𤲸",46
"𧩎",46
"骃",45
"烸",45
"浱",45
"忋",45
"䕤",45
"濸",45
"㽽",45
"痵",45
"𢗞",45
"鴲",45
"䦔",45
"𠁗",45
"媨",45
"㥒",45
"綤",45
"啫",45
"衧",45
"㑃",45
"殦",45
"䟭",45
"䚘",45
"䴾",45
"𠹑",45
"瞔",45
"𠹛",45
"䣅",45
"䄆",45
"𠜂",45
"鈮",45
"𢻃",45
"𦰚",45
"𨯔",45
"烳",45
"㗗",45
"䶫",45
"䡢",45
"伌",45
"𨠎",45
"䩤",45
"㮖",45
"䦈",45
"輰",45
"𦼱",45
"𣏔",45
"䈯",45
"塬",45
"㻽",45
"䃪",45
"䨄",45
"䭘",45
"艏",44
"鋔",44
"潽",44
"坆",44
"蟎",44
"𤚩",44
"噒",44
"暶",44
"禐",44
"覅",44
"㷡",44
"䪓",44
"䲳",44
"𨶜",44
"驲",44
"枀",44
"馐",44
"𦴻",44
"㬑",44
"㔇",44
"㵄",44
"𩷰",44
"愱",44
"瑼",44
"歝",44
"铚",44
"袔",44
"埘",44
"𪀚",44
"㹫",44
"𥵀",44
"薣",44
"䗒",44
"縇",44
"䑨",44
"㴬",44
"旘",44
"𠢕",44
"𠠕",44
"𦒜",44
"萀",44
"䮠",44
"𡽳",44
"嗘",44
"醏",44
"趀",44
"闣",44
"𪔵",44
"唍",44
"狅",44
"䔕",44
"𢃀",44
"㭲",44
"烐",44
"炠",44
"詌",44
"吣",44
"𩿅",44
"冁",44
"奆",44
"䄓",44
"絔",44
"剢",44
"䊻",44
"憅",44
"䡧",44
"漛",44
"媂",44
"䨜",44
"䔹",44
"炢",44
"䅹",44
"㾧",44
"䛋",44
"勈",44
"㾫",44
"㷓",44
"㯢",44
"䵆",44
"𪕔",44
"匨",44
"䟸",44
"𠮦",44
"𤵸",44
"呣",44
"㲃",44
"䢙",44
"㚌",44
"𧯋",44
"𣪂",44
"䣯",44
"㤐",44
"犞",44
"𢿱",44
"𣁋",44
"𢛢",44
"䢈",44
"𧗒",44
"㫍",44
"𨋰",44
"𨥂",44
"䑘",44
"魡",44
"䵻",44
"㼕",44
"䇭",44
"䗋",44
"耮",44
"胋",44
"䫵",44
"鶈",44
"蕶",44
"𣜦",44
"㙚",44
"烼",44
"𥿩",44
"𦥘",44
"皉",44
"㿣",44
"䖯",44
"㢈",44
"䱢",44
"䓾",44
"𤆍",44
"𤸫",44
"糤",44
"姰",44
"𧎚",44
"馾",44
"䂽",44
"𢊕",44
"㒥",44
"嬄",44
"𠰗",44
"弿",44
"㷢",44
"䢣",44
"傐",44
"䏅",44
"䙙",44
"䑴",44
"䛻",44
"𨾛",44
"㡹",44
"䁿",44
"𡧍",44
"㢦",44
"䯇",44
"𩔉",44
"䥬",44
"㦦",44
"𣆖",44
"䟕",44
"𪌘",44
"㛒",44
"䕇",44
"䯂",44
"圱",44
"䫪",44
"䮤",44
"䍔",44
"啨",44
"䓏",44
"𦾱",44
"𢷒",44
"䰥",44
"䈐",44
"鍿",44
"犻",44
"噧",44
"䟄",44
"㔦",44
"㗤",44
"㛼",44
"㜤",44
"㱠",44
"䤐",44
"㽺",44
"䂻",44
"䂿",44
"䃏",44
"䤍",44
"䳯",44
"䭂",44
"𮝅",44
"𧂍",44
"𭨷",44
"𪣼",44
"𪹿",44
"𫘂",44
"𤺄",44
"𬫆",44
"𨑲",44
"侕",43
"儎",43
"箿",43
"芶",43
"䎸",43
"䏊",43
"睵",43
"邼",43
"扽",43
"䕏",43
"徫",43
"怉",43
"𩣵",43
"㨕",43
"腉",43
"䯮",43
"𩬆",43
"䜆",43
"㱀",43
"橲",43
"䠤",43
"亣",43
"䤙",43
"䟇",43
"䉒",43
"𩊭",43
"𤿐",43
"𢈶",43
"嬯",43
"掑",43
"鱙",43
"㘙",43
"偮",43
"㯥",43
"虳",43
"䜏",43
"䛿",43
"覒",43
"𢲘",42
"𡼀",42
"𡉵",42
"鸧",42
"煸",42
"廘",42
"诼",42
"劢",42
"𡐋",42
"絎",42
"䋮",42
"飠",42
"鋰",42
"峏",42
"鸤",42
"𦌒",42
"蚜",42
"颒",42
"䪩",42
"叽",42
"杣",42
"吔",42
"𩽇",42
"駎",42
"蟵",42
"𣔻",42
"膦",42
"殶",42
"厇",42
"墴",42
"釺",42
"萗",42
"堷",42
"泈",42
"鵍",42
"躿",42
"藱",42
"袶",42
"魰",42
"𥭕",42
"𪍒",42
"𩳐",42
"濻",42
"鸺",42
"䄘",42
"𤃅",42
"歑",42
"萓",42
"隫",42
"𠐈",42
"䞘",42
"譗",42
"踿",42
"𤌍",42
"膯",42
"㖇",42
"莀",42
"诌",42
"䡟",42
"衦",42
"𨝹",42
"𡶊",42
"𪖢",42
"㑯",42
"𠃉",42
"𠰒",42
"屒",42
"𥻨",42
"㿷",42
"䉫",42
"𦀇",42
"疺",42
"䇯",42
"錖",42
"鐱",42
"痽",42
"𥘼",42
"𨎩",42
"阦",42
"𡎺",42
"飷",42
"𥘎",42
"𣍨",42
"㒍",42
"𢹮",42
"㣫",42
"𦣑",42
"䢑",42
"𤏟",42
"杒",42
"㤆",42
"𡘓",42
"毠",42
"䰏",42
"㟄",42
"䒨",42
"䯔",42
"𨹘",42
"㠆",42
"𨽸",42
"鼧",42
"𪓽",42
"軁",42
"𭉨",42
"𪌯",42
"㵆",42
"㐼",42
"愩",42
"𤠫",42
"砈",42
"𨛍",42
"𠫓",42
"𡂈",42
"刞",42
"䵞",42
"𧭓",42
"𩄢",42
"杹",42
"鰑",42
"疘",42
"龘",42
"鰗",42
"䵓",42
"㠟",42
"𡺱",42
"嬧",42
"灖",42
"䪆",42
"𩦠",42
"𨜏",42
"𠃀",42
"摬",42
"餩",42
"咟",42
"𩴆",42
"耣",42
"䓌",42
"袏",42
"㥢",42
"㖅",42
"𢤮",42
"𠱠",42
"䉣",42
"䴑",42
"㧦",42
"䶘",42
"㠛",42
"𣝡",42
"畖",42
"𦦷",42
"𥌳",42
"𤎱",42
"鉜",42
"𡵕",42
"㓱",42
"㒨",42
"㮯",42
"䝇",42
"䶃",42
"㨟",42
"䧳",42
"㠩",42
"𤹯",42
"𡻟",42
"槣",42
"𥡪",42
"䮩",42
"璓",42
"䀑",42
"𤤄",42
"䓄",42
"𥷤",42
"㡸",42
"㠱",42
"䩖",42
"𧁐",42
"䝮",42
"䯋",42
"䕄",42
"䟗",42
"䂒",42
"䴇",42
"㾁",42
"㮪",42
"㒄",42
"䋉",42
"蔐",42
"㢾",42
"𩥫",42
"䓚",42
"𢗒",42
"𪄴",42
"䕹",42
"㼂",42
"嬱",42
"𧊎",42
"𦂄",42
"㼟",42
"𦗔",42
"𦿛",42
"𩣱",42
"㮐",42
"𠔌",42
"啈",42
"㗕",42
"㰨",42
"嫯",42
"㞆",42
"㴥",42
"㸡",42
"䉰",42
"耫",42
"䍛",42
"䞙",42
"䡜",42
"䫰",42
"𨯶",42
"𣖔",42
"𪷢",42
"蕌",41
"䄔",41
"挸",41
"濣",41
"聛",41
"硄",41
"鯂",41
"傣",41
"𣸢",41
"𨀉",41
"䠷",41
"䱕",41
"摨",41
"𢼸",41
"㒇",41
"𢿈",41
"𠚼",41
"棭",41
"𠪾",41
"幤",41
"䣓",41
"捪",41
"㩾",41
"擹",41
"㴿",41
"㖆",41
"䟷",41
"梊",41
"㠹",41
"䚸",41
"㬽",41
"𣬺",41
"𩅄",41
"䭵",41
"鋽",41
"䡼",41
"㴜",41
"𤃆",41
"䁁",41
"崰",41
"榡",41
"𨒅",41
"䙘",41
"厳",41
"匦",40
"嵴",40
"镣",40
"珄",40
"䠟",40
"譼",40
"䂳",40
"艢",40
"㴰",40
"魥",40
"䅞",40
"粯",40
"凣",40
"䮰",40
"䋟",40
"𨌹",40
"𣽬",40
"呖",40
"槠",40
"俧",40
"坬",40
"襔",40
"𡼢",40
"潃",40
"匲",40
"碴",40
"䌝",40
"𪀀",40
"葻",40
"𩜶",40
"㯏",40
"呙",40
"镯",40
"䙑",40
"奀",40
"鯏",40
"醔",40
"觾",40
"𣷡",40
"㧝",40
"㭠",40
"宊",40
"䬓",40
"䬔",40
"爄",40
"𦡀",40
"𧉨",40
"沩",40
"稓",40
"㱁",40
"孪",40
"閐",40
"𪅍",40
"㮘",40
"䍪",40
"炇",40
"泘",40
"炈",40
"炑",40
"㻠",40
"劯",40
"𣇄",40
"㺾",40
"㐾",40
"䯼",40
"𠼥",40
"㢚",40
"㳏",40
"𦀠",40
"諙",40
"苼",40
"䌘",40
"㡼",40
"𦴑",40
"𢯹",40
"𥨎",40
"琞",40
"悥",40
"𥥲",40
"煲",40
"䯉",40
"𤎉",40
"㠸",40
"貚",40
"剤",40
"䦓",40
"𣸎",40
"𭆒",40
"鉔",40
"㹇",40
"毤",40
"㤺",40
"𨏳",40
"𠴟",40
"𦥝",40
"𡳐",40
"鮄",40
"𧕦",40
"𣓌",40
"㬾",40
"𩚬",40
"㻨",40
"遱",40
"㨃",40
"㙬",40
"𭠡",40
"䍨",40
"𣵿",40
"䖮",40
"䦼",40
"䓛",40
"𡗦",40
"㺔",40
"䑑",40
"𣦢",40
"䱏",40
"䮄",40
"𧋤",40
"𡗗",40
"䅼",40
"䎎",40
"䀺",40
"䟝",40
"䳼",40
"䇔",40
"綕",40
"䌵",40
"䇦",40
"䱮",40
"𨏻",40
"䟾",40
"䱊",40
"䳾",40
"𦶞",40
"晽",40
"𢹲",40
"鵟",40
"媣",40
"䍑",40
"䵵",40
"䩣",40
"䑇",40
"䑧",40
"𦱽",40
"㤱",40
"㔗",40
"㶴",40
"𣲓",40
"伄",40
"俰",40
"㜵",40
"㝓",40
"憌",40
"㳹",40
"䀊",40
"爒",40
"爡",40
"㼮",40
"㾹",40
"㿛",40
"䀓",40
"䍎",40
"䐚",40
"䒎",40
"䘶",40
"䜷",40
"䟂",40
"軐",40
"䡙",40
"𨏹",40
"䫢",40
"䫬",40
"鴓",40
"䵚",40
"𥄅",40
"𧧌",40
"𪨒",40
"𮃣",40
"㘸",39
"瞈",39
"煾",39
"饢",39
"𥄳",39
"澖",39
"蔸",39
"煄",39
"駨",39
"𪒶",39
"鍺",39
"涜",39
"㙗",39
"𦨕",39
"箞",39
"篵",39
"旯",39
"歞",39
"鉙",39
"鼌",39
"輍",39
"㥬",39
"㴆",39
"扗",39
"鵎",39
"䫿",39
"歮",39
"牪",39
"贚",39
"吥",39
"諥",39
"䉭",39
"藛",39
"䜙",39
"𣷽",39
"𢤷",39
"綐",39
"譵",39
"㥿",39
"䜲",39
"𧍯",39
"㥟",39
"晘",39
"𥢾",39
"皣",39
"梥",39
"龗",39
"䟠",39
"䪾",39
"𤴁",38
"揿",38
"哞",38
"馂",38
"錾",38
"鰺",38
"赹",38
"漄",38
"葲",38
"佧",38
"䌷",38
"澿",38
"䂌",38
"儾",38
"鹌",38
"椫",38
"徣",38
"𡘝",38
"㩍",38
"餄",38
"鞯",38
"𧫣",38
"㽙",38
"鰎",38
"䑡",38
"𩵄",38
"䮑",38
"䊦",38
"𩼧",38
"𪌳",38
"㼔",38
"䉑",38
"𩨛",38
"䁛",38
"兂",38
"𢎳",38
"辳",38
"恄",38
"鈼",38
"絈",38
"䝘",38
"䪔",38
"𡾴",38
"鴌",38
"䓅",38
"䐾",38
"聐",38
"䤳",38
"𧍗",38
"鏍",38
"噼",38
"𥋧",38
"㨑",38
"刐",38
"㟸",38
"𦨭",38
"㑙",38
"嵈",38
"䕼",38
"䩐",38
"絠",38
"怹",38
"聥",38
"㔉",38
"鱛",38
"憆",38
"莯",38
"鏼",38
"闩",38
"寲",38
"棴",38
"悿",38
"𪷆",38
"䏃",38
"㖦",38
"𣍧",38
"鏀",38
"呚",38
"䘦",38
"䘄",38
"竨",38
"𩒮",38
"𠌷",38
"𧟓",38
"䳉",38
"姩",38
"㒆",38
"孻",38
"䈵",38
"𤟑",38
"䰵",38
"㘤",38
"莈",38
"㘨",38
"䟔",38
"𥅪",38
"坢",38
"灗",38
"𡽊",38
"珴",38
"䩿",38
"譋",38
"㲱",38
"𣃦",38
"犟",38
"𡷥",38
"檭",38
"㞷",38
"㗭",38
"㖏",38
"𦙆",38
"𪋩",38
"笉",38
"葔",38
"䙵",38
"𨾉",38
"媄",38
"凗",38
"杽",38
"萫",38
"溗",38
"𦘔",38
"𧤊",38
"䎦",38
"䮻",38
"䨒",38
"湦",38
"䲕",38
"㵌",38
"㖑",38
"𩢼",38
"䝣",38
"䣢",38
"㫱",38
"䳸",38
"㤂",38
"坹",38
"䙼",38
"䨣",38
"㛶",38
"䠈",38
"仠",38
"㭄",38
"䮙",38
"䬶",38
"幆",38
"䴲",38
"𢜺",38
"䆖",38
"敒",38
"㦰",38
"𤫏",38
"㦻",38
"䰙",38
"䶙",38
"嬜",38
"䘧",38
"䯞",38
"䦊",38
"䰧",38
"㚗",38
"𧠫",38
"𣢆",38
"䮸",38
"㪹",38
"犐",38
"䇏",38
"䣰",38
"㤾",38
"䐎",38
"䩢",38
"箲",38
"𣖹",38
"鼿",38
"䳤",38
"𥡧",38
"𦰳",38
"䌕",38
"䲦",38
"㴄",38
"𢮋",38
"儰",38
"劥",38
"勬",38
"㔏",38
"夡",38
"㞄",38
"㟉",38
"㣅",38
"㨐",38
"㱚",38
"㲢",38
"𣬬",38
"籆",38
"䡩",38
"䡣",38
"𨍴",38
"䨤",38
"䪙",38
"䫒",38
"䭢",38
"𩿀",38
"𣛒",38
"𫝤",38
"𢞣",38
"痦",37
"𥘺",37
"䃖",37
"㨬",37
"婌",37
"偖",37
"㸠",37
"洆",37
"蒄",37
"嵨",37
"𢗙",37
"𧥶",37
"㢅",37
"䁠",37
"𥇒",37
"㯼",37
"譤",37
"刢",37
"䁧",37
"堒",37
"𪀢",37
"䠎",37
"𡘆",37
"匞",37
"纅",37
"朲",37
"䜍",37
"麬",37
"㔪",37
"㱬",37
"㱱",37
"駋",37
"𦚠",37
"䎮",37
"䚣",37
"妚",37
"𥡂",37
"𧨀",37
"㷬",37
"碃",37
"𧩻",37
"惖",37
"剈",37
"𡝩",37
"㫑",37
"䐷",37
"蓭",37
"㷰",37
"妧",37
"媉",37
"㿪",37
"疓",37
"鹶",37
"燺",36
"牠",36
"鹔",36
"𢘑",36
"褛",36
"曧",36
"眬",36
"揓",36
"検",36
"䭣",36
"䙞",36
"劅",36
"讱",36
"𬓆",36
"夼",36
"𩚩",36
"谰",36
"饦",36
"疶",36
"㿱",36
"墒",36
"䔡",36
"䄚",36
"𡷈",36
"𣊓",36
"𡁠",36
"昽",36
"俬",36
"謴",36
"瓂",36
"𧮒",36
"剓",36
"飔",36
"詜",36
"伔",36
"堼",36
"醈",36
"㭜",36
"霺",36
"𥡻",36
"詯",36
"䒧",36
"𦆯",36
"鳆",36
"㢉",36
"㟬",36
"㜫",36
"腅",36
"訷",36
"埣",36
"𡾞",36
"敟",36
"䛾",36
"䥱",36
"塀",36
"秨",36
"㬐",36
"萅",36
"賥",36
"潅",36
"鷭",36
"挵",36
"㿴",36
"綇",36
"𥖵",36
"𪒛",36
"肒",36
"𩭝",36
"䏞",36
"㹤",36
"躖",36
"笚",36
"𤧗",36
"𡁕",36
"𨙬",36
"縤",36
"塂",36
"𫝕",36
"𡪶",36
"稦",36
"裬",36
"炨",36
"煘",36
"澏",36
"鋖",36
"芲",36
"卆",36
"㲾",36
"𠕏",36
"䨻",36
"䬄",36
"蝲",36
"𩒛",36
"䙈",36
"𤥼",36
"䗸",36
"㭖",36
"涻",36
"櫯",36
"軳",36
"呩",36
"𤃉",36
"㷎",36
"䦏",36
"㙍",36
"䨁",36
"箤",36
"珃",36
"𨄍",36
"掓",36
"㧢",36
"𤲺",36
"鎑",36
"䴮",36
"䝗",36
"㼛",36
"䤒",36
"䡦",36
"𥉉",36
"𡸚",36
"𡶋",36
"炃",36
"𤰳",36
"訡",36
"𩔪",36
"㘇",36
"𨢢",36
"焷",36
"䮲",36
"𫟘",36
"𱏻",36
"㥣",36
"瞐",36
"枾",36
"䀵",36
"𤞀",36
"鍄",36
"㚂",36
"䄿",36
"䕌",36
"鶜",36
"捸",36
"𤧣",36
"萻",36
"𤊻",36
"𦙮",36
"媀",36
"𨙿",36
"鄓",36
"晇",36
"鍣",36
"𦻎",36
"䤿",36
"𫩗",36
"䓖",36
"啺",36
"䪳",36
"䁡",36
"㰋",36
"㿟",36
"䔵",36
"䘴",36
"䩙",36
"𮝚",36
"𪡌",36
"㘪",36
"𧏸",36
"㬆",36
"𦎬",36
"䧛",36
"䑯",36
"䱗",36
"䉦",36
"𤨕",36
"㙊",36
"儫",36
"𤘅",36
"㰙",36
"㵑",36
"𨓯",36
"栕",36
"㻿",36
"䎚",36
"𩺵",36
"㓇",36
"𫳂",36
"𣺮",36
"㣑",36
"䔞",36
"㟚",36
"𪄆",36
"㴵",36
"䃿",36
"㜶",36
"𥥀",36
"䡯",36
"㚀",36
"捗",36
"娾",36
"龹",36
"㤁",36
"㔷",36
"䓦",36
"𨑭",36
"㱖",36
"𧮲",36
"䫳",36
"𧖚",36
"鯍",36
"䊇",36
"莮",36
"𤬈",36
"䫦",36
"𠉁",36
"䈑",36
"𩒂",36
"䕝",36
"羥",36
"𧱅",36
"䪚",36
"䡭",36
"䔯",36
"𣢗",36
"䣵",36
"䤎",36
"㗴",36
"䓒",36
"㽬",36
"䙇",36
"䄻",36
"䲱",36
"㡈",36
"䇷",36
"㖢",36
"㙙",36
"㚩",36
"㦓",36
"䂐",36
"櫙",36
"櫭",36
"禉",36
"㮥",36
"䎄",36
"䀘",36
"䉧",36
"䒍",36
"𦚈",36
"苭",36
"䠼",36
"䚨",36
"䝹",36
"䞀",36
"䞗",36
"䞦",36
"䴿",36
"銴",36
"䧼",36
"䨳",36
"䪯",36
"橻",36
"𭔙",36
"㙌",36
"𢞓",36
"𭸔",36
"𧩦",36
"𠍁",36
"𠶮",36
"𮍞",36
"閚",35
"𠈰",35
"㺗",35
"僀",35
"葾",35
"袬",35
"㝁",35
"焔",35
"㶻",35
"㧿",35
"𠫹",35
"畑",35
"𣏚",35
"梙",35
"䏲",35
"𡰱",35
"㢗",35
"㕸",35
"墷",35
"㨢",35
"鵣",35
"䁷",35
"𥱍",35
"絾",35
"戓",35
"𤿚",35
"𠿝",35
"𣩃",35
"𢣷",35
"䶑",35
"𦺶",35
"𣘼",35
"㒌",35
"㔣",35
"礈",35
"䮆",35
"褨",35
"𦟻",35
"岄",35
"䢲",35
"㰪",35
"焛",35
"𧩆",35
"𦳜",35
"㭕",35
"𢷟",35
"䍜",35
"癝",35
"𩀞",35
"㖮",35
"䢊",35
"辻",35
"㾷",35
"䪛",34
"哒",34
"働",34
"鸨",34
"圼",34
"迉",34
"驐",34
"㬿",34
"㞟",34
"荝",34
"骙",34
"鴕",34
"尜",34
"鎍",34
"腈",34
"鬁",34
"㻇",34
"𤠉",34
"鹇",34
"𨈀",34
"𠐠",34
"䇎",34
"𥜒",34
"毞",34
"砳",34
"匫",34
"䆚",34
"𦅘",34
"𨣿",34
"怑",34
"𥵜",34
"𥶆",34
"𫀆",34
"𡙎",34
"𦢸",34
"䅎",34
"铰",34
"钾",34
"穔",34
"䯯",34
"靗",34
"耭",34
"鹷",34
"䢆",34
"𩖍",34
"溋",34
"妛",34
"裚",34
"𩒨",34
"𢘻",34
"屶",34
"藮",34
"爙",34
"铘",34
"愄",34
"𦬣",34
"擮",34
"䉁",34
"䴛",34
"𦞂",34
"畭",34
"脻",34
"齭",34
"鍽",34
"䈮",34
"駀",34
"㖗",34
"𦪑",34
"骟",34
"骒",34
"泀",34
"㙒",34
"噄",34
"䬉",34
"䬎",34
"䋨",34
"𦪭",34
"売",34
"燚",34
"㾜",34
"獈",34
"𦁄",34
"䘇",34
"菚",34
"䐳",34
"㤓",34
"鵨",34
"㼍",34
"𢧑",34
"㺵",34
"𩖼",34
"㙋",34
"䒟",34
"䑆",34
"䚴",34
"𨂝",34
"尡",34
"岇",34
"㣤",34
"㬛",34
"仒",34
"𡢀",34
"𢤧",34
"𢀴",34
"杄",34
"䆤",34
"𤱬",34
"䡑",34
"儣",34
"嵀",34
"𡏺",34
"蚒",34
"慡",34
"啂",34
"㺺",34
"尥",34
"𡪝",34
"㙏",34
"𡊉",34
"㶠",34
"𦰿",34
"𤣲",34
"鐌",34
"𮋒",34
"芆",34
"㜅",34
"𧾰",34
"菍",34
"𨥺",34
"㱫",34
"䡶",34
"㯚",34
"𥶌",34
"䋢",34
"鑍",34
"尦",34
"㵁",34
"𦩋",34
"㭫",34
"䛚",34
"㷫",34
"㿺",34
"𡴕",34
"𡵀",34
"𡒍",34
"㹨",34
"劶",34
"銐",34
"䃞",34
"㲜",34
"𦯉",34
"𪷏",34
"㶭",34
"䝕",34
"㴫",34
"䈗",34
"𥮒",34
"䛣",34
"㳶",34
"𣰿",34
"䞤",34
"䔢",34
"𠅠",34
"𣔶",34
"㕆",34
"䜐",34
"䠐",34
"㭯",34
"𣄴",34
"忊",34
"㤲",34
"䚛",34
"䶐",34
"䄲",34
"𧽎",34
"𧫝",34
"㯤",34
"㹙",34
"䉔",34
"㾋",34
"㿌",34
"𥽭",34
"𣉠",34
"䵌",34
"㲕",34
"䑗",34
"𧐱",34
"㰟",34
"䈅",34
"㹔",34
"䕘",34
"㚠",34
"䗷",34
"𪚝",34
"𥆙",34
"䊎",34
"𤬯",34
"𧸜",34
"䌯",34
"㩵",34
"䖐",34
"䊓",34
"䁇",34
"䔚",34
"㺂",34
"䩊",34
"㕬",34
"䵘",34
"佄",34
"㒀",34
"𪖥",34
"㝰",34
"嶖",34
"惗",34
"㦌",34
"擛",34
"晎",34
"㮫",34
"縙",34
"㼤",34
"䓜",34
"𥉹",34
"䅷",34
"䅾",34
"𦓾",34
"䏳",34
"蝷",34
"䠵",34
"䜑",34
"䬖",34
"䳙",34
"𪬵",34
"𪣶",34
"𪬦",34
"𭙈",34
"𮈿",34
"𮭁",34
"𪻶",34
"𡉈",34
"搛",33
"𥮉",33
"僺",33
"䏢",33
"拤",33
"豠",33
"𢁰",33
"𤊿",33
"𡜹",33
"瞺",33
"篜",33
"圲",33
"㖨",33
"濖",33
"㖽",33
"䲐",33
"䡹",33
"𩪦",33
"䮏",33
"𧋋",33
"娐",33
"㱜",33
"㿏",33
"郋",33
"砓",33
"䣟",33
"𥘬",33
"嵟",33
"䥦",33
"㳾",33
"䀐",33
"䎤",33
"嬩",33
"㧽",33
"䜃",33
"疦",33
"𤧵",33
"搈",33
"魤",33
"䶒",33
"孁",33
"㿓",33
"喐",32
"鑤",32
"锒",32
"垉",32
"䉪",32
"㒅",32
"𧑀",32
"燷",32
"祂",32
"𣆳",32
"𧧼",32
"𥨥",32
"酼",32
"乛",32
"𠋯",32
"𠚏",32
"氫",32
"㧣",32
"馌",32
"𩻧",32
"敪",32
"赑",32
"㨽",32
"霬",32
"鰁",32
"梛",32
"閝",32
"忛",32
"勀",32
"𩶙",32
"擆",32
"㰆",32
"䅊",32
"滼",32
"鞊",32
"鳐",32
"仨",32
"鹬",32
"穓",32
"䢝",32
"豮",32
"鯯",32
"鰇",32
"䘗",32
"䒰",32
"穘",32
"鰊",32
"㝖",32
"䘕",32
"诨",32
"癁",32
"𤳳",32
"魣",32
"䏉",32
"𤇾",32
"碋",32
"䱬",32
"谝",32
"𦍙",32
"踍",32
"𣲨",32
"屘",32
"铬",32
"皧",32
"㓣",32
"𦮺",32
"唦",32
"𡌳",32
"䂂",32
"檤",32
"汌",32
"燰",32
"搇",32
"𭖂",32
"㡅",32
"窚",32
"挳",32
"𨺙",32
"溂",32
"𤟰",32
"鍃",32
"𧃔",32
"𥛓",32
"茣",32
"詸",32
"驇",32
"𡏲",32
"㴧",32
"𩒺",32
"萖",32
"䚜",32
"晍",32
"𢦠",32
"𦚦",32
"绺",32
"䠽",32
"㴘",32
"𦅖",32
"鱿",32
"𥴡",32
"𢒉",32
"𤝣",32
"䣿",32
"喡",32
"𢛐",32
"𩽌",32
"𢇷",32
"𤉡",32
"䧫",32
"锞",32
"㣱",32
"𢧢",32
"𦃄",32
"𡠚",32
"㲘",32
"𪗉",32
"𦮃",32
"𧝹",32
"𡪄",32
"匬",32
"𫉗",32
"耯",32
"𪔅",32
"贎",32
"㜊",32
"賎",32
"㧫",32
"鶧",32
"蹥",32
"菗",32
"䨊",32
"傸",32
"𣀹",32
"㘠",32
"諘",32
"䣌",32
"窇",32
"鎀",32
"𭁵",32
"𩶱",32
"㗌",32
"𥼆",32
"䀉",32
"㥭",32
"𩫖",32
"㮼",32
"蕜",32
"𣊇",32
"驜",32
"㯣",32
"𩞱",32
"䱵",32
"䐏",32
"䊕",32
"炦",32
"㷮",32
"䡇",32
"熦",32
"㮽",32
"𨋬",32
"𡺲",32
"𦭵",32
"㮷",32
"𤱥",32
"㼸",32
"䁜",32
"𩦱",32
"㭚",32
"𬐱",32
"㳨",32
"䙄",32
"㞙",32
"愘",32
"冭",32
"𨨿",32
"㮑",32
"䒫",32
"䀾",32
"㹉",32
"𢿢",32
"𡚇",32
"𢐉",32
"㕢",32
"𣦻",32
"䀍",32
"䐝",32
"鬹",32
"䢻",32
"䕅",32
"𨍰",32
"㤊",32
"㺁",32
"㥉",32
"𪆴",32
"𦳲",32
"㪶",32
"𤄜",32
"㧆",32
"𢸁",32
"𣫵",32
"䊈",32
"䩼",32
"㱈",32
"䤓",32
"䊿",32
"䃒",32
"𢃐",32
"㸼",32
"㸝",32
"𪅰",32
"䉕",32
"㰔",32
"䩔",32
"䅦",32
"㓑",32
"欰",32
"䕈",32
"㪻",32
"㨳",32
"𢻹",32
"㬄",32
"㮝",32
"㮢",32
"㰭",32
"㰮",32
"㱽",32
"㲡",32
"㹲",32
"䂑",32
"䅔",32
"䬿",32
"䎈",32
"䎷",32
"䜜",32
"軪",32
"釛",32
"䨕",32
"䨸",32
"䩃",32
"䳔",32
"䫆",32
"䴁",32
"唜",32
"𪧨",32
"𥐗",32
"続",32
"𣀵",32
"咣",31
"礍",31
"馟",31
"蚫",31
"籶",31
"鰛",31
"𦥛",31
"𠀉",31
"𦺆",31
"蒉",31
"㿮",31
"㷌",31
"䣠",31
"纙",31
"㨦",31
"夶",31
"濨",31
"㧳",31
"㺓",31
"荌",31
"㓿",31
"㥎",31
"䭚",31
"絗",31
"䚳",31
"䒃",31
"𦱪",31
"䯙",31
"䛺",31
"䬲",31
"𦟛",31
"錸",31
"䯲",31
"𤢏",31
"𠟢",31
"㕩",31
"悓",31
"勶",31
"囨",31
"䐡",31
"𤟢",31
"庝",31
"䁻",31
"𠴈",31
"躸",31
"𥶙",31
"㿍",31
"蘣",31
"頚",31
"孉",31
"𥕎",30
"𠦜",30
"媬",30
"骓",30
"褴",30
"裍",30
"兓",30
"禌",30
"珺",30
"锳",30
"坧",30
"㛚",30
"辒",30
"拞",30
"爦",30
"龒",30
"㳜",30
"㯝",30
"溩",30
"䈟",30
"㔯",30
"橯",30
"㖥",30
"挢",30
"䶨",30
"唒",30
"𣶯",30
"鈅",30
"摪",30
"𧱁",30
"𪘨",30
"㘋",30
"㻯",30
"𧈬",30
"籷",30
"阋",30
"眿",30
"仦",30
"猔",30
"儙",30
"覴",30
"牔",30
"魳",30
"𥫗",30
"𧟆",30
"𩅞",30
"㺇",30
"鐦",30
"𧥮",30
"㠚",30
"䗈",30
"𮞏",30
"䫼",30
"钴",30
"潈",30
"柕",30
"𢡿",30
"踀",30
"𦕓",30
"櫢",30
"笶",30
"㖀",30
"㞴",30
"唠",30
"㾄",30
"螤",30
"𢾝",30
"𣦼",30
"䛐",30
"𣸓",30
"糄",30
"鹕",30
"楁",30
"䠄",30
"偣",30
"𩧋",30
"䟶",30
"剣",30
"顭",30
"癛",30
"堔",30
"骵",30
"麘",30
"灍",30
"𧘑",30
"葨",30
"媎",30
"忶",30
"偐",30
"䮦",30
"㾢",30
"暊",30
"𣊟",30
"㡣",30
"㢭",30
"䈭",30
"𨷵",30
"隭",30
"𢚘",30
"𥴯",30
"噿",30
"𨓉",30
"𣲾",30
"䉤",30
"𤧏",30
"𢙱",30
"𧌞",30
"𪊧",30
"䶏",30
"𣧂",30
"儊",30
"釻",30
"鐜",30
"椙",30
"陚",30
"勎",30
"櫀",30
"𥽲",30
"𡧡",30
"𪆵",30
"𧸏",30
"𥅡",30
"𧋒",30
"𢶊",30
"𣣪",30
"鴁",30
"粬",30
"騦",30
"𠨿",30
"𥑐",30
"㔂",30
"鉃",30
"𢺊",30
"𧎸",30
"䇻",30
"䮡",30
"𦺝",30
"㷸",30
"𫒝",30
"崼",30
"𡶑",30
"𡽖",30
"䆂",30
"𣫰",30
"哌",30
"蔃",30
"秴",30
"𦉨",30
"𥠡",30
"𡞞",30
"訠",30
"鯡",30
"陙",30
"㣛",30
"啳",30
"翵",30
"𠮀",30
"𪇘",30
"𤙚",30
"䱍",30
"𡑡",30
"𡊋",30
"𧮯",30
"徖",30
"𨬐",30
"訋",30
"㨅",30
"熶",30
"𣣷",30
"𡻡",30
"㽁",30
"𤡉",30
"𬊒",30
"䙉",30
"嵧",30
"皒",30
"𣡛",30
"㤋",30
"耠",30
"𡷠",30
"䒥",30
"𧳶",30
"𡋕",30
"㢜",30
"䲜",30
"㦀",30
"㻡",30
"𡻯",30
"䑹",30
"䘠",30
"䦚",30
"𤛵",30
"䦗",30
"𢰇",30
"𡔎",30
"䢒",30
"䎃",30
"崾",30
"焋",30
"㤠",30
"㥕",30
"䆩",30
"㱏",30
"䩡",30
"㖒",30
"岶",30
"䀿",30
"䐽",30
"䘝",30
"灷",30
"㕻",30
"籱",30
"𠜖",30
"袦",30
"㿸",30
"䮮",30
"𪔔",30
"訵",30
"䕵",30
"䃙",30
"䅝",30
"𣲐",30
"螁",30
"𩨹",30
"瘷",30
"䐥",30
"㹍",30
"𣎆",30
"脨",30
"䈜",30
"𧲼",30
"黇",30
"𠅲",30
"䊼",30
"㱎",30
"𠌅",30
"𧝵",30
"䉮",30
"𩘚",30
"䓳",30
"㜌",30
"𦶑",30
"㥵",30
"䝷",30
"𢊖",30
"㢨",30
"䤮",30
"䩋",30
"䴝",30
"㯛",30
"㡑",30
"㭛",30
"㘌",30
"嫼",30
"䜗",30
"㧃",30
"㨥",30
"㱯",30
"㲫",30
"𥼹",30
"㹺",30
"㼒",30
"䅏",30
"䅬",30
"糣",30
"䈝",30
"䎠",30
"𦉢",30
"䏐",30
"䏟",30
"䚄",30
"䚐",30
"䜼",30
"䞾",30
"逽",30
"䢌",30
"䢓",30
"䫀",30
"䭮",30
"䮹",30
"䰯",30
"䴆",30
"𪆱",30
"㚛",30
"䶲",30
"𦛋",30
"𭰞",30
"𮄈",30
"辺",30
"芢",29
"笜",29
"𩹄",29
"咵",29
"𡜍",29
"燢",29
"鍕",29
"懎",29
"熓",29
"𡊢",29
"蓅",29
"堾",29
"𥛬",29
"𩪍",29
"𤓉",29
"荿",29
"㾿",29
"謆",29
"𧊲",29
"玸",29
"㼅",29
"㷾",29
"䊗",29
"烣",29
"𧒻",29
"銯",29
"尯",29
"㥀",29
"鯃",29
"䦜",29
"𤢭",29
"䈶",29
"姛",29
"櫊",29
"𡺍",29
"䐭",29
"髰",29
"𧶜",29
"鶕",29
"𩉴",29
"㗼",29
"𦙞",29
"琋",29
"䙳",29
"阣",29
"𤤬",29
"䛄",29
"錿",29
"𤔅",29
"䤽",29
"㱻",29
"韑",28
"鈣",28
"𪅖",28
"阄",28
"賟",28
"綥",28
"𥚻",28
"浝",28
"岴",28
"榃",28
"瑓",28
"潥",28
"𤢟",28
"𦠛",28
"𣓽",28
"𡔽",28
"烲",28
"湷",28
"酞",28
"羦",28
"𧒯",28
"蒣",28
"㴓",28
"䠰",28
"㣝",28
"𡵒",28
"蚐",28
"𦼓",28
"卐",28
"㼊",28
"㠈",28
"𤟫",28
"𣟓",28
"宑",28
"鳇",28
"鼼",28
"䧆",28
"鹸",28
"𧾱",28
"厣",28
"𨝽",28
"蹫",28
"𥺌",28
"𧉸",28
"馏",28
"䑢",28
"㤡",28
"㛧",28
"𥘴",28
"痋",28
"墵",28
"琽",28
"妶",28
"吙",28
"淎",28
"皑",28
"凐",28
"㻦",28
"䖇",28
"坣",28
"咹",28
"欉",28
"桖",28
"㝫",28
"鐤",28
"㒛",28
"慦",28
"𧑞",28
"㯰",28
"䈹",28
"潹",28
"䚒",28
"郂",28
"犔",28
"䮎",28
"㔒",28
"㗣",28
"䁐",28
"䀳",28
"㔙",28
"䅤",28
"𧳖",28
"䅐",28
"䯕",28
"𨓹",28
"𧻗",28
"𮆴",28
"䖷",28
"碀",28
"𦚣",28
"𪻏",28
"𣏓",28
"𦇎",28
"䐀",28
"𢴨",28
"𨝖",28
"岎",28
"𡸗",28
"𡾛",28
"𪃶",28
"鍟",28
"揋",28
"㖠",28
"𣅔",28
"㥝",28
"𥛙",28
"邖",28
"璼",28
"覹",28
"㺨",28
"𣿞",28
"蝵",28
"䗙",28
"蠄",28
"𣗶",28
"㻺",28
"䀇",28
"㹧",28
"𦊓",28
"㾴",28
"鐒",28
"痚",28
"𪁒",28
"𪍠",28
"暔",28
"𩡟",28
"𢀄",28
"𧊶",28
"苂",28
"𪗮",28
"㓘",28
"𩖣",28
"𢀼",28
"㴕",28
"𨚷",28
"𢿨",28
"𠦍",28
"旚",28
"姭",28
"䵶",28
"䕮",28
"趝",28
"㾌",28
"萳",28
"㰄",28
"韼",28
"䎯",28
"𦓹",28
"𦞈",28
"𡹲",28
"誜",28
"䪉",28
"徻",28
"䗢",28
"㹿",28
"㫙",28
"㰞",28
"㧋",28
"㘻",28
"墔",28
"㬺",28
"汖",28
"㙀",28
"𦪞",28
"璌",28
"㟩",28
"𧔢",28
"𣟅",28
"䨵",28
"㿩",28
"䇗",28
"𣯽",28
"鎠",28
"𡊿",28
"𣞸",28
"𥗽",28
"勏",28
"𭞹",28
"𩅉",28
"汿",28
"㭋",28
"𦡫",28
"䚍",28
"𤪋",28
"溡",28
"邤",28
"㺿",28
"𡨘",28
"㣷",28
"梤",28
"䅟",28
"䴋",28
"韖",28
"㕋",28
"𦨲",28
"昘",28
"䁌",28
"𨘊",28
"舤",28
"𠴰",28
"䤄",28
"𥮖",28
"㶘",28
"𩶰",28
"㒦",28
"殏",28
"𢇂",28
"𢲵",28
"弫",28
"䓰",28
"䲾",28
"乨",28
"𤾚",28
"𧰯",28
"䰸",28
"㕨",28
"痥",28
"踻",28
"䏄",28
"𨣈",28
"㑷",28
"㹎",28
"𬟒",28
"糃",28
"㷖",28
"䐓",28
"猆",28
"䧤",28
"䞁",28
"䲮",28
"𦠅",28
"𨸜",28
"䪘",28
"𪃥",28
"𩜏",28
"㼯",28
"㡝",28
"牨",28
"䙒",28
"鶥",28
"㔝",28
"㚹",28
"㜯",28
"𡦄",28
"㟌",28
"㡥",28
"㢒",28
"㣂",28
"㤶",28
"斣",28
"㪎",28
"栦",28
"㭂",28
"㰵",28
"㱌",28
"㴂",28
"䵗",28
"㸪",28
"䒅",28
"𥀂",28
"䄪",28
"䉠",28
"䊊",28
"翞",28
"䍱",28
"䎨",28
"䘫",28
"䘷",28
"䛀",28
"䛮",28
"䜾",28
"輽",28
"䫶",28
"𨖹",28
"䧁",28
"䳠",28
"䫐",28
"䮭",28
"䴼",28
"㾊",28
"𠫦",28
"𤀂",28
"𢡮",28
"𫀤",28
"㷁",28
"𪱒",28
"𭇐",28
"転",28
"𣅹",27
"簊",27
"𥞋",27
"㟷",27
"鱲",27
"雦",27
"筘",27
"𨑊",27
"聭",27
"篭",27
"吇",27
"蒷",27
"𡙸",27
"𠿛",27
"渄",27
"詂",27
"𣨛",27
"𤯾",27
"㿕",27
"𦰩",27
"㑀",27
"嬆",27
"𣫆",27
"𡓱",27
"𩍓",27
"誏",27
"殎",27
"藌",27
"𣂐",27
"𩪏",27
"㟾",27
"燗",27
"𩶭",27
"𥣛",27
"䕍",27
"䜻",27
"𢇹",27
"䑀",27
"𧱲",27
"𩸞",27
"䶍",27
"䬡",27
"㚓",27
"𦴊",27
"肍",27
"䊶",27
"䟻",27
"枡",27
"娨",27
"䧯",27
"笌",27
"㵊",27
"䬰",27
"䗦",27
"䦒",27
"忇",27
"𥈵",27
"浖",27
"䅮",27
"䰌",27
"𡍌",27
"䕔",27
"䦵",27
"㰝",27
"䜒",27
"䭊",27
"𣲆",26
"𨤸",26
"挦",26
"鳊",26
"𣞻",26
"孡",26
"僳",26
"𩗺",26
"訯",26
"㜞",26
"𤀹",26
"𬒳",26
"酐",26
"𣘀",26
"㣉",26
"赲",26
"㩬",26
"䠒",26
"𡟥",26
"𣗖",26
"䋻",26
"䔣",26
"𩎃",26
"𩲲",26
"㓽",26
"䶱",26
"萛",26
"䇮",26
"𩔫",26
"呯",26
"鈧",26
"䈆",26
"鲻",26
"蓥",26
"宆",26
"𣴭",26
"琍",26
"梑",26
"籘",26
"軇",26
"怰",26
"𧗿",26
"䪠",26
"顊",26
"嫐",26
"𩿊",26
"灀",26
"㼋",26
"鳍",26
"䞼",26
"𧸾",26
"𣼡",26
"䝔",26
"𠲏",26
"𡟭",26
"㘕",26
"𩝐",26
"䠫",26
"𡒰",26
"㾩",26
"𠮾",26
"塣",26
"笕",26
"熧",26
"焝",26
"騔",26
"𣱃",26
"脴",26
"髜",26
"鬦",26
"䲲",26
"𣬿",26
"褩",26
"㧀",26
"䧠",26
"㼘",26
"怽",26
"㴚",26
"䋘",26
"鋴",26
"㑑",26
"䗆",26
"䩪",26
"㬔",26
"㸜",26
"㪤",26
"㨯",26
"𨼮",26
"苚",26
"殩",26
"𥄉",26
"𦕨",26
"䭗",26
"㮭",26
"𪹯",26
"𤒖",26
"𥓝",26
"𢌜",26
"㽣",26
"猹",26
"脋",26
"㟤",26
"塧",26
"釟",26
"𪑲",26
"鱱",26
"㿬",26
"盙",26
"𠊊",26
"㟟",26
"𡻣",26
"𡶐",26
"𧴅",26
"銉",26
"藯",26
"㔄",26
"㞥",26
"秶",26
"䢽",26
"䡻",26
"獊",26
"匓",26
"笎",26
"璕",26
"湈",26
"䒜",26
"𠌥",26
"𡻙",26
"𩒹",26
"𨦯",26
"厧",26
"𣝇",26
"𡣫",26
"盚",26
"妀",26
"揧",26
"艀",26
"𨧴",26
"𮤚",26
"湰",26
"䉞",26
"𩵱",26
"㚣",26
"㩩",26
"㽌",26
"靐",26
"𡖋",26
"𥵷",26
"闂",26
"𨽚",26
"㻴",26
"𩹶",26
"䨀",26
"㱭",26
"䮋",26
"磸",26
"㵹",26
"𧪚",26
"㻲",26
"𣹜",26
"㮬",26
"䄝",26
"䥂",26
"㠨",26
"𨢤",26
"㼑",26
"𣰯",26
"擌",26
"㺱",26
"𣲹",26
"鈻",26
"㟻",26
"䇝",26
"𩃟",26
"㞓",26
"䵿",26
"𨮭",26
"𥗴",26
"錑",26
"䥰",26
"𤿡",26
"𢢪",26
"䚭",26
"㩓",26
"帺",26
"𬸸",26
"𨎍",26
"鴍",26
"㕳",26
"氺",26
"𩊞",26
"𠈒",26
"䤏",26
"䊉",26
"𦞠",26
"㠷",26
"䍩",26
"鞤",26
"㛳",26
"㠵",26
"㞔",26
"䚵",26
"䝜",26
"㱶",26
"䌴",26
"䃅",26
"䆧",26
"䲑",26
"臔",26
"㱇",26
"䞯",26
"𢏛",26
"䁄",26
"𪌜",26
"𢩘",26
"迲",26
"㼷",26
"沊",26
"𥀏",26
"㫎",26
"䂏",26
"䡽",26
"羻",26
"䕆",26
"糛",26
"𥈄",26
"誯",26
"𢐠",26
"𧐯",26
"㦚",26
"㠴",26
"褬",26
"擓",26
"𡌵",26
"䫃",26
"㦫",26
"䓱",26
"䒘",26
"匥",26
"叏",26
"奟",26
"㓳",26
"妌",26
"㚊",26
"䆯",26
"㡟",26
"㣰",26
"䅚",26
"㤇",26
"㤸",26
"㤻",26
"摌",26
"㩡",26
"㩨",26
"㩭",26
"㪛",26
"㯯",26
"㰽",26
"䂢",26
"䶣",26
"㽑",26
"㽤",26
"矀",26
"䀬",26
"䃓",26
"䃵",26
"䬷",26
"䈸",26
"䊟",26
"翈",26
"䋰",26
"䍇",26
"䚙",26
"䛵",26
"䟹",26
"䢸",26
"䣣",26
"闄",26
"陯",26
"鷡",26
"𩌮",26
"䭐",26
"䭤",26
"䭦",26
"䰓",26
"䳳",26
"䶞",26
"㯞",26
"𡔹",26
"𡶧",26
"𪼤",26
"𡸜",26
"𧝟",26
"𤕻",26
"𠋛",26
"𫌑",26
"𭷇",26
"㵺",25
"竼",25
"隢",25
"橵",25
"拠",25
"𤿫",25
"溚",25
"𡪍",25
"屃",25
"𠷔",25
"䲄",25
"縔",25
"鴎",25
"𥬒",25
"鉡",25
"𦲭",25
"暚",25
"撀",25
"䳬",25
"𡺑",25
"㼨",25
"笷",25
"𣛜",25
"抣",25
"闧",25
"餆",25
"𦎐",25
"橂",25
"𨌔",25
"𨺛",25
"𡿈",25
"𤋳",25
"溣",25
"𢇨",25
"𠙰",25
"𨽹",25
"𠋢",25
"䛴",25
"𥍓",25
"㞘",25
"𦷥",25
"𣢿",25
"𢁇",25
"𣤖",25
"𧜕",25
"𢰤",25
"𠈆",25
"𩅥",25
"榵",25
"㳑",25
"䋩",25
"匛",25
"𨣎",25
"𠂲",25
"𥀔",25
"𪒏",25
"㧴",25
"𨰭",25
"𩢱",25
"䬛",25
"𠬞",25
"𦗀",25
"𡕯",25
"锛",25
"𡤡",25
"𤦵",25
"㭡",25
"㽻",25
"䋋",25
"趤",25
"𨥌",25
"蚮",25
"䚥",25
"㱞",25
"䍳",25
"挙",25
"邫",24
"虅",24
"氮",24
"锌",24
"咾",24
"鲗",24
"礳",24
"𧶔",24
"䂚",24
"覙",24
"伒",24
"铻",24
"澛",24
"垑",24
"𩌋",24
"𩷒",24
"孮",24
"皘",24
"𣪝",24
"稝",24
"𥇍",24
"𦊱",24
"镏",24
"𪂼",24
"筻",24
"𥖚",24
"躹",24
"誫",24
"㸳",24
"锼",24
"𤃒",24
"𨥛",24
"躎",24
"𡷣",24
"𠢒",24
"衶",24
"娫",24
"砷",24
"蔙",24
"𦥥",24
"䅂",24
"𡆾",24
"裣",24
"黢",24
"奷",24
"衏",24
"椼",24
"𡾒",24
"瓙",24
"汣",24
"𡺯",24
"秮",24
"𧱉",24
"䮜",24
"侰",24
"𩷩",24
"𠸪",24
"焳",24
"𡷐",24
"㠒",24
"𥃏",24
"𣣑",24
"䐟",24
"䤕",24
"咑",24
"鲚",24
"皹",24
"苝",24
"恘",24
"怣",24
"鍓",24
"𨒬",24
"埑",24
"錆",24
"洯",24
"㨮",24
"𩼦",24
"䝰",24
"𦥔",24
"盵",24
"刣",24
"剘",24
"璻",24
"羘",24
"唋",24
"汢",24
"㳥",24
"䄣",24
"𢊬",24
"𢔤",24
"熋",24
"𠹬",24
"䜯",24
"𨄈",24
"槂",24
"鱥",24
"䟵",24
"櫿",24
"䡀",24
"㱄",24
"菛",24
"𪴤",24
"𩓐",24
"𤝕",24
"唩",24
"𤠢",24
"㝝",24
"龴",24
"𥓯",24
"愑",24
"聗",24
"𡋟",24
"𡽘",24
"𪄫",24
"𥶻",24
"誟",24
"𨽌",24
"痭",24
"𠤦",24
"铂",24
"頶",24
"駇",24
"𩭔",24
"涄",24
"䒸",24
"媗",24
"㻧",24
"嫆",24
"騚",24
"鱌",24
"痐",24
"𣚛",24
"𩢡",24
"𤉎",24
"𨝰",24
"㔱",24
"䣞",24
"𡴀",24
"嫸",24
"𭮀",24
"𨇝",24
"䍋",24
"䏦",24
"䐵",24
"鑂",24
"畘",24
"皌",24
"㿧",24
"䡕",24
"肗",24
"𢨘",24
"𫈣",24
"䴤",24
"𢼠",24
"䅇",24
"𡾯",24
"夵",24
"𡙋",24
"䒵",24
"䧒",24
"𮋍",24
"𣚅",24
"㭇",24
"鑝",24
"䴒",24
"㵛",24
"㤃",24
"𨅞",24
"𢕿",24
"𨰝",24
"䧸",24
"㒻",24
"㡎",24
"㺟",24
"𩌽",24
"𤐧",24
"䮇",24
"炞",24
"㢛",24
"𧓄",24
"䉺",24
"𢌳",24
"㔴",24
"㐺",24
"汬",24
"烾",24
"軙",24
"䢭",24
"𦔉",24
"彵",24
"髷",24
"䡁",24
"䅪",24
"䚠",24
"㲮",24
"涰",24
"䏺",24
"㾀",24
"䕚",24
"𮍨",24
"㸛",24
"㦩",24
"𩞧",24
"䃷",24
"䭜",24
"𣇘",24
"𠘱",24
"䟉",24
"潶",24
"㪙",24
"𤴄",24
"䨿",24
"䛛",24
"䝍",24
"䁴",24
"䇫",24
"䟪",24
"䔜",24
"㦺",24
"咞",24
"𡕢",24
"𨢧",24
"䵧",24
"頱",24
"䯘",24
"磀",24
"笅",24
"䧡",24
"藽",24
"㐹",24
"㒎",24
"兤",24
"㔎",24
"㕂",24
"㚅",24
"妿",24
"㚫",24
"㛕",24
"躷",24
"㢂",24
"㢵",24
"𢡗",24
"摢",24
"㧶",24
"㪾",24
"𣹋",24
"㩿",24
"㪠",24
"㬤",24
"梞",24
"䇜",24
"㹽",24
"㾆",24
"㾒",24
"㿙",24
"䀫",24
"䁊",24
"䁒",24
"䂹",24
"䄟",24
"䅸",24
"䉨",24
"纝",24
"䌗",24
"䍄",24
"䍝",24
"䐻",24
"䑂",24
"䑫",24
"䔂",24
"䔴",24
"䛙",24
"䜽",24
"䝸",24
"䞂",24
"䞷",24
"䣤",24
"邎",24
"䣡",24
"䤇",24
"鑳",24
"䥡",24
"䧨",24
"䧲",24
"䨗",24
"䩁",24
"頕",24
"䮟",24
"䵏",24
"㩹",24
"縨",24
"𨩌",24
"𭆘",24
"𥰸",24
"𭈦",24
"𧚁",24
"𭊷",24
"𫙺",24
"𡉟",24
"𫕟",24
"𭑣",24
"𥢼",24
"硳",24
"鎳",23
"鋨",23
"𠟆",23
"𢚈",23
"𪍏",23
"鰙",23
"㸇",23
"𥰫",23
"䄸",23
"𣿂",23
"䪏",23
"𠭯",23
"塷",23
"䗩",23
"砕",23
"跊",23
"爑",23
"歓",23
"𦕎",23
"榚",23
"楌",23
"𣒍",23
"鈨",23
"婽",23
"焐",23
"㪥",23
"勆",23
"杦",23
"䖽",23
"㸄",23
"䣐",23
"𠾎",23
"䉲",23
"㲙",23
"澸",23
"汅",23
"𤪤",23
"䣑",23
"㯨",23
"䓂",23
"䑈",23
"𩕊",23
"䡤",23
"𩸩",23
"𪂇",23
"𣈭",23
"秗",23
"䉜",23
"㶐",23
"㮆",23
"鏱",23
"䖚",23
"㶢",23
"吀",23
"㔡",23
"㷇",23
"県",23
"鷌",22
"癳",22
"醣",22
"锚",22
"徟",22
"𦺹",22
"𨉖",22
"蘶",22
"㝉",22
"餜",22
"𤋱",22
"𣳫",22
"烎",22
"𤧴",22
"𡊨",22
"辌",22
"痖",22
"𩰩",22
"𦷦",22
"吘",22
"琷",22
"镴",22
"脲",22
"𧧯",22
"氦",22
"𮙀",22
"𧶽",22
"𣤆",22
"浈",22
"䀤",22
"㪨",22
"𥹆",22
"𤜻",22
"䣖",22
"𤹇",22
"忁",22
"鲿",22
"䌍",22
"䛲",22
"𢖔",22
"𡶪",22
"𠰚",22
"𡨃",22
"鰃",22
"匤",22
"䩑",22
"𡋡",22
"𨒙",22
"𧺴",22
"𩜱",22
"冟",22
"𠀠",22
"㘑",22
"𤡈",22
"𡉞",22
"𠱛",22
"𢜱",22
"跞",22
"𩎢",22
"尳",22
"𡿏",22
"𠱞",22
"㕱",22
"䕳",22
"㛺",22
"葤",22
"𩜁",22
"鮃",22
"𦠌",22
"讍",22
"𨻌",22
"𨃞",22
"𬋕",22
"硆",22
"奍",22
"𠇮",22
"鲑",22
"迶",22
"鋫",22
"𡉉",22
"𠇾",22
"鐛",22
"鋢",22
"闫",22
"䭁",22
"鵦",22
"㨧",22
"啛",22
"䤰",22
"㴀",22
"峫",22
"茊",22
"㽋",22
"㽫",22
"㱑",22
"𧫓",22
"峟",22
"㭸",22
"䢶",22
"𪔳",22
"锨",22
"𨢍",22
"𢖼",22
"𩃄",22
"嗴",22
"錃",22
"𨧦",22
"楆",22
"㑰",22
"橍",22
"𥌮",22
"𩔊",22
"𥫼",22
"㤦",22
"𡶍",22
"䝚",22
"糮",22
"㡱",22
"𭀚",22
"䖨",22
"䠡",22
"𧩯",22
"鮉",22
"鰮",22
"𤻀",22
"䝓",22
"𧇽",22
"㖻",22
"玌",22
"𠇶",22
"䎓",22
"㮻",22
"䮅",22
"紪",22
"𨉹",22
"庎",22
"愹",22
"𢡽",22
"𦞮",22
"諁",22
"䇼",22
"𧱬",22
"𠥱",22
"𧢃",22
"廍",22
"鸔",22
"䰴",22
"𩷙",22
"𣐽",22
"𪑿",22
"㙸",22
"㖕",22
"邷",22
"𣄎",22
"𩓃",22
"蔰",22
"𣦵",22
"𤶃",22
"𣠽",22
"㸢",22
"𧴥",22
"遀",22
"𤝎",22
"𱶧",22
"㿄",22
"䜁",22
"𠜒",22
"𤣹",22
"躵",22
"潱",22
"𡺀",22
"𢋛",22
"䱧",22
"𡿄",22
"秐",22
"㰢",22
"𠻠",22
"𠝃",22
"㴤",22
"閮",22
"㑟",22
"㵅",22
"𡶵",22
"𠿏",22
"㸈",22
"𥩲",22
"𣕎",22
"䱼",22
"櫮",22
"蠂",22
"崉",22
"𤤲",22
"䛫",22
"暥",22
"梍",22
"𬙤",22
"㮌",22
"𡺟",22
"䏒",22
"𪳵",22
"𪼠",22
"䂜",22
"𣺼",22
"㹒",22
"䡐",22
"䄱",22
"䛦",22
"粋",22
"䢫",22
"妼",22
"䘔",22
"𨃰",22
"㧅",22
"䵸",22
"𣐺",22
"𦋎",22
"㪿",22
"𠇙",22
"𤔐",22
"䢨",22
"㡄",22
"覍",22
"㝕",22
"䤛",22
"𢕌",22
"讈",22
"貦",22
"㦴",22
"芖",22
"𩹾",22
"𩐈",22
"㾉",22
"㾸",22
"㾇",22
"䒴",22
"䩾",22
"䕟",22
"㤣",22
"㽾",22
"趃",22
"𠲮",22
"伨",22
"㨠",22
"䱅",22
"䡷",22
"㯊",22
"䳃",22
"赯",22
"䑤",22
"陎",22
"𮝭",22
"𩥴",22
"𩖎",22
"㡵",22
"㦼",22
"䁦",22
"㗥",22
"𢴵",22
"㸯",22
"凕",22
"𡑌",22
"䕿",22
"䔸",22
"㼉",22
"𢅸",22
"㺲",22
"㣒",22
"㮗",22
"䞕",22
"䱆",22
"炄",22
"㑵",22
"倃",22
"㓄",22
"㔊",22
"𠢳",22
"哸",22
"䜊",22
"䪦",22
"㞛",22
"𡽧",22
"㡮",22
"慻",22
"㦆",22
"㫏",22
"㯪",22
"㰬",22
"㰺",22
"㲳",22
"汷",22
"沞",22
"㸊",22
"㼢",22
"㽐",22
"㿭",22
"䀙",22
"䀸",22
"䃎",22
"䄩",22
"䆶",22
"䪬",22
"䬮",22
"䌎",22
"䐮",22
"䵪",22
"䔼",22
"裑",22
"䘼",22
"䛹",22
"䞵",22
"䜸",22
"䟘",22
"䟨",22
"䡂",22
"䡞",22
"䣽",22
"䦍",22
"䩏",22
"䪈",22
"䫭",22
"䬁",22
"䭰",22
"䯷",22
"䰗",22
"𩯅",22
"𩱫",22
"䱣",22
"䵐",22
"䵮",22
"𤍡",22
"𢜻",22
"𧦾",22
"㙽",22
"𥠷",22
"𣷯",22
"𥫟",22
"𭂖",22
"哛",22
"猠",22
"䆬",21
"曞",21
"𤧸",21
"𦜩",21
"袯",21
"砙",21
"椬",21
"𩑶",21
"侱",21
"鏣",21
"鵈",21
"𦝰",21
"蒖",21
"扥",21
"㜐",21
"秵",21
"捹",21
"𣬝",21
"餇",21
"媏",21
"嬊",21
"𨚡",21
"𥚚",21
"㟨",21
"㲺",21
"媋",21
"𤻳",21
"𥂢",21
"䟞",21
"萾",21
"䇍",21
"䉖",21
"㧧",21
"䥔",21
"掋",21
"鵘",21
"𠜑",21
"攁",21
"䤂",21
"槒",21
"㤢",21
"㦇",21
"俤",21
"㬧",21
"𠾖",21
"𦂛",21
"䜵",21
"䀰",21
"䣻",21
"𥥟",21
"鷬",21
"䂇",21
"𥥜",20
"跶",20
"怈",20
"錅",20
"𩣑",20
"𥸤",20
"𧈧",20
"𠞯",20
"醛",20
"㺭",20
"𥢧",20
"𦂍",20
"𢈴",20
"𧨲",20
"𤣟",20
"朤",20
"摾",20
"箻",20
"𣷓",20
"擤",20
"覠",20
"䤤",20
"𣞙",20
"伳",20
"𤂪",20
"𠟅",20
"髍",20
"䢾",20
"囶",20
"𧊱",20
"肀",20
"𣳑",20
"𥱰",20
"𩭳",20
"㥪",20
"铪",20
"㹢",20
"𥳁",20
"𩟐",20
"㪦",20
"𢌅",20
"㢬",20
"肷",20
"徱",20
"苊",20
"靹",20
"𨇩",20
"𡔁",20
"𠧟",20
"𧀹",20
"瑏",20
"魕",20
"𨦼",20
"阩",20
"𩳤",20
"䯛",20
"𩄡",20
"𭌆",20
"𣒏",20
"嚯",20
"鎨",20
"𦃂",20
"钖",20
"𥷚",20
"𦏼",20
"𧳓",20
"𬛚",20
"𤽂",20
"䭙",20
"鴭",20
"𧛨",20
"𧌨",20
"𩡙",20
"氟",20
"闝",20
"唝",20
"厍",20
"糽",20
"燯",20
"熍",20
"燛",20
"輎",20
"姠",20
"聬",20
"㪃",20
"䥳",20
"挆",20
"拁",20
"䚾",20
"㪭",20
"䞪",20
"㟥",20
"㜆",20
"䩓",20
"㒽",20
"椺",20
"𪄡",20
"𧜽",20
"饽",20
"賩",20
"焢",20
"𢆻",20
"䁗",20
"𧥅",20
"嘨",20
"妔",20
"𧁎",20
"𩨎",20
"𢱍",20
"𡩀",20
"𡯒",20
"𦓝",20
"𦢏",20
"𨇪",20
"䲎",20
"䋥",20
"𤑙",20
"𥭠",20
"𧆓",20
"𦣪",20
"偂",20
"𪐗",20
"𦥄",20
"霘",20
"𤥁",20
"𦚤",20
"𢴍",20
"𧚃",20
"𤸆",20
"𨣞",20
"㖣",20
"𠏴",20
"𣥧",20
"𤽝",20
"𤿎",20
"䎑",20
"𥱯",20
"𨠂",20
"𡇽",20
"𨇖",20
"𢄹",20
"𣓎",20
"𧨶",20
"𧈩",20
"梉",20
"𦞪",20
"𨍥",20
"𢁒",20
"荱",20
"𧉚",20
"䄽",20
"䅠",20
"𪀋",20
"㚻",20
"穦",20
"䃛",20
"忹",20
"䴪",20
"擵",20
"䴂",20
"㒲",20
"𡏢",20
"歯",20
"砪",20
"瑡",20
"𪆏",20
"疅",20
"䌮",20
"𣖑",20
"㩞",20
"渞",20
"𦤶",20
"哣",20
"忟",20
"㵠",20
"瞨",20
"𨽦",20
"𤨢",20
"忎",20
"𮳃",20
"縖",20
"𣯄",20
"𤡱",20
"䙁",20
"乲",20
"𨡻",20
"𪎰",20
"𨟚",20
"圶",20
"𦭅",20
"㧚",20
"𠮛",20
"礗",20
"䈞",20
"䛊",20
"𦐿",20
"䠅",20
"𧒄",20
"𣎓",20
"汄",20
"𤾗",20
"𢉺",20
"𧉱",20
"𧐇",20
"媙",20
"𩖿",20
"瀪",20
"㑎",20
"洠",20
"䌐",20
"𠂆",20
"𦘒",20
"膙",20
"湤",20
"賹",20
"䮀",20
"跥",20
"𦏁",20
"𢧜",20
"瓍",20
"䊭",20
"𤼏",20
"㕤",20
"渪",20
"𤪒",20
"䣁",20
"㔽",20
"踺",20
"㣭",20
"𧒬",20
"䢛",20
"𤩴",20
"棛",20
"趰",20
"㘺",20
"䋡",20
"𨳤",20
"硸",20
"𩵖",20
"辸",20
"鍢",20
"䦽",20
"鰢",20
"㦞",20
"𭶅",20
"𡶮",20
"㩝",20
"㚏",20
"䒺",20
"粅",20
"䶊",20
"㔧",20
"𡇖",20
"𣊪",20
"䓸",20
"盁",20
"㛎",20
"䆺",20
"悘",20
"𤭢",20
"𨝱",20
"𩼄",20
"䓝",20
"𢮞",20
"㿐",20
"䁽",20
"𢷑",20
"䒻",20
"䱶",20
"鳨",20
"𣫶",20
"𦄝",20
"㤟",20
"㖹",20
"䙹",20
"𤔣",20
"魙",20
"㹋",20
"𧑶",20
"㸭",20
"𤙙",20
"䏘",20
"㡰",20
"瓹",20
"䮵",20
"𧛝",20
"䗗",20
"聙",20
"𢸄",20
"訤",20
"㼪",20
"薒",20
"𪗫",20
"拵",20
"䐖",20
"䇵",20
"䒝",20
"䓷",20
"䴜",20
"䛗",20
"㕇",20
"㕊",20
"㗬",20
"𡅺",20
"夳",20
"妋",20
"㛆",20
"㝺",20
"㠺",20
"䜢",20
"𡹭",20
"㤖",20
"攨",20
"㦵",20
"㧄",20
"㧲",20
"𢷍",20
"敮",20
"昁",20
"桘",20
"㮂",20
"㯡",20
"㲏",20
"䦹",20
"烵",20
"狏",20
"瞦",20
"瞸",20
"㽳",20
"䂆",20
"䯫",20
"䂸",20
"䅍",20
"䆹",20
"䉸",20
"䉿",20
"翤",20
"䋂",20
"䎊",20
"䏇",20
"腀",20
"䏕",20
"䏫",20
"䖩",20
"䚅",20
"䜡",20
"賲",20
"赺",20
"踲",20
"䝩",20
"䞶",20
"䟋",20
"䮓",20
"遪",20
"䣧",20
"𨠦",20
"鉵",20
"䤻",20
"䥀",20
"䦝",20
"䲌",20
"雤",20
"靟",20
"䨡",20
"䩳",20
"䩶",20
"䪇",20
"䫎",20
"䮱",20
"䲯",20
"𠑔",20
"𨂙",20
"𧭢",20
"𪰱",20
"𨋀",20
"𠌗",20
"㳣",20
"𪼩",20
"垴",20
"猟",20
"𨩉",20
"㖙",20
"㗡",20
"𭱲",20
"𩵶",20
"𥹢",19
"𡻷",19
"嶥",19
"喱",19
"𢙨",19
"㧌",19
"𥗇",19
"𠘶",19
"𠣉",19
"褄",19
"𥤴",19
"畄",19
"𨴋",19
"𦲫",19
"𨳸",19
"隬",19
"姴",19
"𤮀",19
"凬",19
"𧙗",19
"缡",19
"䘥",19
"㝜",19
"𤇏",19
"䂰",19
"侽",19
"㒕",19
"㟇",19
"娔",19
"𧫳",19
"䄨",19
"㣞",19
"䩟",19
"槡",19
"䨺",19
"尴",19
"𠚹",19
"䪕",19
"䟲",19
"㤤",19
"腖",19
"敥",19
"歵",19
"虊",19
"𧪼",19
"𦛈",19
"𢈜",19
"𩁆",19
"㤑",19
"䞢",19
"𢌱",19
"𦧵",19
"𧂀",19
"䴟",19
"禤",19
"㒢",19
"弖",19
"弾",19
"㵴",19
"㰷",19
"㲗",19
"読",19
"焽",18
"趈",18
"餎",18
"銪",18
"砄",18
"劷",18
"皍",18
"伢",18
"缐",18
"霟",18
"𥡝",18
"𨧨",18
"𭸰",18
"鋍",18
"𤁏",18
"栆",18
"繝",18
"䨬",18
"𠦅",18
"釠",18
"𨵽",18
"偔",18
"𠀡",18
"倵",18
"蝾",18
"𥠵",18
"㳽",18
"𨜚",18
"𨶚",18
"鳀",18
"𣶰",18
"𣽻",18
"儨",18
"熗",18
"𣤃",18
"銽",18
"銡",18
"瀒",18
"䱄",18
"肼",18
"㓩",18
"𤴓",18
"𪅳",18
"𩑞",18
"𭲟",18
"𩦢",18
"𣙥",18
"𦢦",18
"堓",18
"𡺘",18
"𥗙",18
"㫭",18
"𤣂",18
"㧯",18
"槕",18
"𤂷",18
"妏",18
"蠤",18
"媜",18
"洕",18
"𥯣",18
"𡘫",18
"𨱥",18
"鲶",18
"㵵",18
"𨫊",18
"撸",18
"𪣷",18
"緓",18
"屷",18
"鰖",18
"儬",18
"曂",18
"酯",18
"瓋",18
"䢹",18
"噛",18
"𨹫",18
"䜘",18
"𪓐",18
"𥎦",18
"㵏",18
"㧥",18
"𦋯",18
"𡋺",18
"猅",18
"屻",18
"𩏣",18
"鹒",18
"鯣",18
"嵡",18
"䣎",18
"䳁",18
"𦑁",18
"㢌",18
"㻰",18
"𠒎",18
"𩂕",18
"𧓔",18
"𧯻",18
"𨵙",18
"䭯",18
"䦛",18
"籵",18
"孍",18
"𦪠",18
"𨓒",18
"𥗓",18
"㷃",18
"𩎖",18
"𤾛",18
"滢",18
"桇",18
"橌",18
"𨱆",18
"𥉑",18
"樈",18
"漗",18
"裉",18
"麱",18
"㢆",18
"憦",18
"䔪",18
"锏",18
"蟽",18
"㚡",18
"䡃",18
"嘭",18
"靍",18
"瓇",18
"𡹕",18
"𦩲",18
"𢳸",18
"𦚼",18
"煂",18
"㦊",18
"㚐",18
"㸍",18
"㚴",18
"𡕸",18
"𧥥",18
"咴",18
"𠄾",18
"𩂳",18
"䛉",18
"熫",18
"䗀",18
"㨇",18
"𤠇",18
"礖",18
"㬘",18
"銠",18
"𣛀",18
"㷐",18
"朜",18
"弬",18
"𡺁",18
"𧚔",18
"㢃",18
"𩰁",18
"蕱",18
"䊽",18
"𤓯",18
"𤀺",18
"𨗹",18
"𠁼",18
"𪏯",18
"𦐝",18
"𧯡",18
"𢓈",18
"𢃬",18
"𠔁",18
"𪎮",18
"𣀷",18
"𡼙",18
"𩽆",18
"猐",18
"筪",18
"𥿼",18
"詴",18
"𪭺",18
"鰆",18
"蝧",18
"𭥚",18
"囥",18
"𤋜",18
"獁",18
"𣇩",18
"𪩓",18
"𣁍",18
"浨",18
"鏿",18
"繺",18
"熵",18
"䕊",18
"𦐄",18
"鿍",18
"䚇",18
"覑",18
"𠰼",18
"蔅",18
"捯",18
"𣤢",18
"䑊",18
"𣜿",18
"䮪",18
"䉍",18
"炚",18
"𨫕",18
"𤮊",18
"䶕",18
"㥰",18
"欅",18
"𪆳",18
"𡖦",18
"蝅",18
"㛁",18
"㘵",18
"菮",18
"𡵟",18
"㡷",18
"㒫",18
"𦒶",18
"㺮",18
"㳝",18
"㶎",18
"𤃂",18
"魩",18
"㙎",18
"㑘",18
"㟡",18
"䍅",18
"㵂",18
"颴",18
"鸈",18
"洂",18
"䖈",18
"𩤣",18
"𤧭",18
"㢔",18
"𦳪",18
"粙",18
"朠",18
"䫮",18
"汼",18
"䅿",18
"㰃",18
"䍒",18
"㥱",18
"𢒈",18
"㣬",18
"䤧",18
"䥊",18
"䘤",18
"䘭",18
"䌑",18
"𧦈",18
"㰐",18
"䝎",18
"鑎",18
"㻓",18
"㥩",18
"㢯",18
"㢖",18
"㝑",18
"䴍",18
"㝥",18
"𥕮",18
"㷋",18
"㸵",18
"蠫",18
"䒂",18
"䡿",18
"𠂭",18
"𢾞",18
"仧",18
"㝀",18
"㘳",18
"㕕",18
"㞱",18
"㷩",18
"䉹",18
"䥭",18
"㮩",18
"鏭",18
"䚿",18
"㤈",18
"㩆",18
"𧑗",18
"㫘",18
"㥂",18
"𨧸",18
"𭹃",18
"𡌭",18
"䋧",18
"𣪍",18
"𪇾",18
"䐫",18
"乶",18
"筂",18
"䈈",18
"㜢",18
"跩",18
"𣭲",18
"㒶",18
"㥞",18
"䪖",18
"䄁",18
"𣄝",18
"裫",18
"𪋁",18
"獔",18
"𤣄",18
"䵦",18
"䕴",18
"傟",18
"𡲘",18
"襰",18
"柨",18
"㜓",18
"𠍂",18
"𧀄",18
"嫀",18
"逘",18
"䖣",18
"㤎",18
"偗",18
"臵",18
"㒙",18
"㔤",18
"㙶",18
"㚁",18
"奒",18
"奙",18
"姳",18
"㛔",18
"㛥",18
"㶈",18
"㝻",18
"庍",18
"㥼",18
"捳",18
"㧨",18
"㩈",18
"㬴",18
"杊",18
"㰼",18
"㱍",18
"㱹",18
"㲌",18
"㲤",18
"䵈",18
"湐",18
"澃",18
"㳼",18
"燪",18
"㶹",18
"㷳",18
"㹓",18
"蛠",18
"皩",18
"㾍",18
"㿯",18
"䩷",18
"𥏝",18
"糑",18
"䇩",18
"䈃",18
"䉎",18
"䊫",18
"𥻩",18
"䋗",18
"䍓",18
"䎔",18
"𦎽",18
"䐰",18
"䑶",18
"䯠",18
"䒚",18
"䓍",18
"䔱",18
"䕾",18
"䖊",18
"觘",18
"䛔",18
"趛",18
"軂",18
"䝶",18
"䞞",18
"䟍",18
"䟙",18
"䟬",18
"䟯",18
"䠁",18
"䠘",18
"𨇱",18
"邩",18
"䢚",18
"䣪",18
"䣹",18
"䥄",18
"䥤",18
"䥪",18
"徝",18
"䧚",18
"䩽",18
"䪱",18
"䪸",18
"䫅",18
"䫝",18
"𩞍",18
"鴏",18
"鵐",18
"䱚",18
"䱭",18
"䳍",18
"䵇",18
"䵔",18
"䶓",18
"䶛",18
"𪍌",18
"㳗",18
"𨂲",18
"𮣱",18
"𪺅",18
"𥹝",18
"𨭬",18
"𭒅",18
"𫏶",18
"𤧞",18
"㘾",18
"𫕵",18
"𣎒",18
"𡋃",18
"𡏽",18
"𠈟",18
"𥲄",18
"𩶬",18
"㸴",18
"骕",17
"労",17
"嬍",17
"篶",17
"𦶝",17
"唓",17
"悧",17
"婂",17
"𩆵",17
"𩅧",17
"釓",17
"𡄴",17
"挊",17
"鍂",17
"𥙛",17
"𧨕",17
"𠇲",17
"𦥟",17
"䵥",17
"𢫔",17
"𨋏",17
"缼",17
"𤨟",17
"𡧢",17
"𣙣",17
"厐",17
"籂",17
"𦠧",17
"鑟",17
"儏",17
"柾",17
"𥚛",17
"𡏱",17
"𤨆",17
"𥓊",17
"𥿶",17
"㴛",17
"𦈫",17
"㳵",17
"䂙",17
"崻",17
"𪕜",17
"𣏗",17
"𧙹",17
"㪢",17
"𣸭",17
"𨗶",17
"妕",17
"𤴙",17
"𠺜",17
"𩚿",17
"䟅",17
"𦒋",17
"䮨",17
"䃥",17
"𢃍",17
"杛",17
"𥞼",17
"䌒",17
"𧝉",17
"𤮐",17
"䆓",17
"䠀",17
"䍆",17
"稩",17
"䤭",17
"𢮉",17
"犜",17
"𤀌",17
"宯",17
"𤰜",17
"𦨞",17
"嫍",17
"䂔",17
"鰄",17
"䓺",17
"㓅",17
"𥕌",17
"験",17
"唂",17
"㚜",17
"㾅",17
"尛",16
"𨂠",16
"𠙦",16
"𣿼",16
"𨙶",16
"𤕨",16
"𥸨",16
"𥁕",16
"硷",16
"仴",16
"鶫",16
"峔",16
"𨬔",16
"溑",16
"涢",16
"𩆷",16
"𠦔",16
"𣅀",16
"萚",16
"𱮒",16
"𧙖",16
"𥱿",16
"脦",16
"铒",16
"𢹛",16
"𦁕",16
"鯭",16
"𣽺",16
"猽",16
"緔",16
"𦀒",16
"摁",16
"幁",16
"荬",16
"孆",16
"遈",16
"鯻",16
"䝦",16
"䰤",16
"㽇",16
"𧕈",16
"𪄟",16
"𦪙",16
"𥅧",16
"㖉",16
"𥢏",16
"𥻓",16
"㨞",16
"綶",16
"𣸥",16
"𭡜",16
"𪘀",16
"鉰",16
"𥃩",16
"氼",16
"𪕖",16
"嶎",16
"𧝀",16
"㲭",16
"𦹛",16
"𦼆",16
"𣤗",16
"𪑟",16
"繉",16
"𨺰",16
"鎂",16
"㒭",16
"瘆",16
"䤷",16
"僫",16
"𦨧",16
"鮽",16
"呠",16
"嫞",16
"𢈈",16
"𩯝",16
"𩵅",16
"𪗳",16
"媃",16
"𩜘",16
"鑇",16
"沯",16
"浗",16
"𪏽",16
"𡿇",16
"鵤",16
"萂",16
"椤",16
"亃",16
"泴",16
"箮",16
"𠂯",16
"玍",16
"鎱",16
"翝",16
"袻",16
"蓔",16
"㧈",16
"秂",16
"䃝",16
"㴮",16
"䤯",16
"𠠇",16
"𣇲",16
"㻖",16
"癴",16
"𭖦",16
"閸",16
"㴖",16
"㜉",16
"㻔",16
"㠣",16
"𤱵",16
"𠞆",16
"𨒖",16
"抙",16
"𥡳",16
"竌",16
"𠌄",16
"𨔻",16
"𩅇",16
"襅",16
"峲",16
"䭌",16
"𦰹",16
"㞞",16
"𤋇",16
"𢁿",16
"𢀸",16
"䕜",16
"䟊",16
"錋",16
"䠉",16
"嶿",16
"𪉟",16
"挄",16
"醚",16
"𥏐",16
"𤢔",16
"㑁",16
"𧌽",16
"𩣺",16
"𦮔",16
"龷",16
"炾",16
"㮡",16
"鋛",16
"㥲",16
"㠦",16
"撵",16
"䕕",16
"𢓊",16
"𥮥",16
"㠇",16
"𢵡",16
"䱩",16
"啲",16
"𥒈",16
"𥜣",16
"𣵽",16
"䯺",16
"𡊅",16
"𡐨",16
"𠦬",16
"𠙻",16
"𫊫",16
"羏",16
"哋",16
"蓵",16
"撉",16
"䙐",16
"搻",16
"𥳖",16
"𣶐",16
"讛",16
"𬺞",16
"𡄳",16
"韴",16
"緿",16
"𩳁",16
"𤍈",16
"樄",16
"蚽",16
"𧰎",16
"𠙈",16
"鑩",16
"𢁀",16
"𧴭",16
"𡇊",16
"㙵",16
"𪻛",16
"𨆅",16
"𫟈",16
"柋",16
"陹",16
"𥾬",16
"𥫰",16
"䁼",16
"䊲",16
"搼",16
"䆑",16
"炩",16
"𠜜",16
"贁",16
"𩶾",16
"𢳍",16
"㓭",16
"𡅃",16
"麭",16
"嘞",16
"搝",16
"䕖",16
"𠛀",16
"皊",16
"㳴",16
"楍",16
"槰",16
"䂘",16
"𡂡",16
"䂱",16
"𡥶",16
"㫳",16
"䔃",16
"𩷚",16
"𩽳",16
"㺧",16
"𩻌",16
"䴞",16
"䣇",16
"唖",16
"珳",16
"雸",16
"琝",16
"𡼎",16
"𤤁",16
"𣸤",16
"𦁖",16
"㴗",16
"暰",16
"𩡣",16
"㻙",16
"𥖨",16
"闙",16
"㻟",16
"𡿕",16
"㦶",16
"䂴",16
"靕",16
"㥇",16
"䈌",16
"𤇸",16
"䧎",16
"㖘",16
"㡾",16
"㰛",16
"𪐵",16
"䞩",16
"𡏂",16
"𣪘",16
"𡷡",16
"𤐂",16
"㒯",16
"𪈘",16
"㜿",16
"𣉜",16
"秓",16
"䟜",16
"𠄎",16
"𦎍",16
"㣟",16
"㱒",16
"㞤",16
"㡺",16
"㟗",16
"藀",16
"㤔",16
"䔎",16
"㨲",16
"盕",16
"䃑",16
"祵",16
"魢",16
"䗻",16
"𥞺",16
"䏹",16
"𤵄",16
"㾂",16
"硽",16
"㾃",16
"𦍺",16
"㤹",16
"鱶",16
"㘂",16
"𨕠",16
"𡒕",16
"𧱔",16
"𪎥",16
"䄯",16
"䙧",16
"䞥",16
"銇",16
"𥐭",16
"㵬",16
"䏪",16
"䟁",16
"䌔",16
"䈖",16
"䚂",16
"䩰",16
"𦱏",16
"𩰮",16
"䊩",16
"㽍",16
"㱲",16
"𡼣",16
"㽪",16
"㿼",16
"䗌",16
"䌃",16
"㴼",16
"㜾",16
"䨝",16
"忢",16
"䧍",16
"兘",16
"𠛑",16
"𠠗",16
"𣆉",16
"㖺",16
"㾤",16
"𠮙",16
"𠷀",16
"㘶",16
"娍",16
"嫎",16
"嫤",16
"㛻",16
"㝂",16
"㞈",16
"㠅",16
"㠽",16
"𡹼",16
"㢍",16
"㢣",16
"䝆",16
"㦪",16
"㦹",16
"㨴",16
"㩤",16
"㩰",16
"䦐",16
"𢱣",16
"㪌",16
"㪵",16
"𣃈",16
"㫽",16
"㯄",16
"㰊",16
"欩",16
"㲅",16
"㲓",16
"㲬",16
"㿚",16
"霯",16
"㳀",16
"㴨",16
"㶛",16
"炐",16
"䵅",16
"㹏",16
"㹹",16
"㺞",16
"㼗",16
"㼦",16
"㽩",16
"䀖",16
"貖",16
"㾥",16
"㿫",16
"㿾",16
"䄬",16
"䅕",16
"䆝",16
"箃",16
"粓",16
"遚",16
"鉩",16
"䉌",16
"䉚",16
"䌭",16
"䍟",16
"䎺",16
"脜",16
"䏯",16
"䒈",16
"䔠",16
"𧍫",16
"䙦",16
"覎",16
"䚝",16
"䛈",16
"賿",16
"䞆",16
"䠍",16
"䠏",16
"䢳",16
"䦋",16
"𨴐",16
"䨏",16
"䬨",16
"䭩",16
"䯥",16
"䮣",16
"䯍",16
"䯹",16
"䰁",16
"䰆",16
"䶤",16
"鵼",16
"䶔",16
"甙",16
"𩅮",16
"嬟",16
"𢊁",16
"𤒅",16
"𤂾",16
"𤁰",16
"𧦱",16
"𪴂",16
"𫺛",16
"𭼞",16
"𪅙",16
"鑧",16
"𭭌",16
"𤒈",16
"𥊼",16
"𪱃",16
"𫊛",16
"𨏃",16
"𣲚",16
"𪩍",16
"𫌮",16
"𡸽",16
"𢖘",16
"𩘴",16
"𮬋",16
"𭟪",16
"錳",15
"萶",15
"尶",15
"㔁",15
"𨨠",15
"鑀",15
"𣐅",15
"炋",15
"𦿔",15
"嚤",15
"徺",15
"𡀔",15
"陱",15
"𨇗",15
"櫵",15
"𨑓",15
"㚪",15
"脒",15
"鈥",15
"鉮",15
"𡗌",15
"𤻕",15
"𦡚",15
"𧝸",15
"𧴗",15
"𨽼",15
"𠨑",15
"㦑",15
"𨶹",15
"錻",15
"𢊣",15
"㱘",15
"𠶜",15
"𣚠",15
"笖",15
"𡭐",15
"𡯑",15
"𥪊",15
"𩗔",15
"𠾋",15
"𤢩",15
"𨽋",15
"𩟆",15
"𩪄",15
"䲼",15
"𥝤",15
"𨙷",15
"𦺓",15
"䕣",15
"𥿍",15
"𡲎",15
"㛵",15
"𠯋",15
"𨽥",15
"㼥",15
"𠿱",15
"𥭹",15
"𩋄",15
"弙",15
"𠨥",15
"㑝",15
"𠱚",15
"𡋱",15
"𥥡",15
"𩠰",15
"𢸫",15
"𥘓",15
"𦭍",15
"𢁈",15
"𣀴",15
"䠭",15
"𩒄",15
"柇",15
"𠚪",15
"𣓾",15
"𩓙",15
"𠨘",15
"𠩲",15
"𢟪",15
"𣓪",15
"𢰂",15
"𧍔",15
"𤲢",15
"䉆",15
"鯌",15
"𠏂",15
"𨊽",15
"䬈",15
"𥫉",15
"𩐌",15
"𧄾",15
"𤗏",15
"䄞",15
"㓡",15
"𠎘",15
"𨙵",15
"𩴵",15
"𦃡",15
"㣌",15
"𣓒",15
"𩏄",15
"𠦤",15
"𢮑",15
"𤿴",15
"𥋦",15
"𧽥",15
"𩌫",15
"𩓪",15
"𡨅",15
"𩣽",15
"𩭊",15
"㡫",15
"闎",15
"𦯔",15
"砽",15
"𣅝",15
"𤴊",15
"㨣",15
"𪎶",15
"䞠",15
"𡫈",15
"𠝩",15
"𨖜",15
"𠩓",15
"𡼫",15
"𥟅",15
"𦔷",15
"敼",15
"𧌦",15
"𩊒",15
"䋯",15
"𠥐",15
"𣳁",15
"𣶟",15
"𦅟",15
"𢆊",15
"㷥",15
"榌",15
"𪘥",15
"𣐙",15
"𦽈",15
"𩤥",15
"𧙥",15
"䡠",15
"䂈",15
"饚",15
"𩰹",15
"𧔍",14
"彨",14
"𡆠",14
"薬",14
"鲰",14
"𠃛",14
"𩣏",14
"嬏",14
"㼈",14
"𦌉",14
"𠙏",14
"𢗝",14
"挜",14
"碮",14
"挔",14
"㖔",14
"𩥮",14
"応",14
"𢤉",14
"𢣍",14
"𢆞",14
"𦵸",14
"匇",14
"噷",14
"𦂵",14
"㵘",14
"鲖",14
"䦆",14
"𡵐",14
"𡹇",14
"𣻷",14
"亗",14
"钑",14
"䧩",14
"𥩋",14
"𢘽",14
"𢗔",14
"𧭷",14
"𧐆",14
"嬁",14
"𥫴",14
"𩃙",14
"𩅝",14
"𥟶",14
"囄",14
"㶉",14
"钛",14
"𪣻",14
"𩲓",14
"𡋙",14
"蝿",14
"瞊",14
"𨴑",14
"𨖿",14
"𥍃",14
"𡚻",14
"筢",14
"𢭞",14
"鞆",14
"𡏷",14
"𣳎",14
"㥮",14
"𪑓",14
"瀮",14
"鉨",14
"笹",14
"𠹊",14
"𡂕",14
"𡑸",14
"𱯇",14
"𧔲",14
"䎽",14
"𠆙",14
"𦊀",14
"𦖟",14
"肽",14
"攼",14
"𥥈",14
"𧇖",14
"𦤒",14
"𥨩",14
"蟍",14
"炍",14
"𧌄",14
"𤬜",14
"𧩿",14
"鲕",14
"𧡺",14
"𦃩",14
"𤡓",14
"𧯃",14
"𪗪",14
"𪙠",14
"𪷿",14
"𩾗",14
"𠷈",14
"奛",14
"铋",14
"䒑",14
"𡛜",14
"錓",14
"𩻜",14
"𥊀",14
"𣰕",14
"𨜊",14
"𬸱",14
"𪀾",14
"垥",14
"钫",14
"爅",14
"麍",14
"𤪠",14
"炻",14
"熎",14
"𣿄",14
"緮",14
"𨥁",14
"㚺",14
"鑃",14
"㛋",14
"𮡶",14
"𭰏",14
"𧒕",14
"獤",14
"䨈",14
"䧖",14
"𤠯",14
"獕",14
"𣧎",14
"𪉖",14
"𤡂",14
"𢈍",14
"鎼",14
"𨪌",14
"𦌿",14
"𨵊",14
"𡛗",14
"𠎃",14
"𠍘",14
"𨿵",14
"𤂖",14
"𡍕",14
"𧦼",14
"㷑",14
"𦣒",14
"𡏼",14
"𦿜",14
"𥔍",14
"霗",14
"𤰞",14
"砃",14
"忈",14
"㳓",14
"䧗",14
"𤵚",14
"踫",14
"㹘",14
"㫠",14
"䇌",14
"屸",14
"𤡔",14
"淾",14
"𤜞",14
"硶",14
"㲁",14
"𦼗",14
"𩣊",14
"𩽷",14
"𨒈",14
"𦉪",14
"𣖁",14
"𮜧",14
"𡎎",14
"𦁏",14
"䂧",14
"𡣬",14
"䑍",14
"𣶶",14
"㥌",14
"㢴",14
"㡴",14
"𣈟",14
"𠈌",14
"𡧧",14
"𩟠",14
"𣤸",14
"誁",14
"𩷧",14
"𩼪",14
"囼",14
"娂",14
"𪔛",14
"𡭕",14
"𤨔",14
"磙",14
"甠",14
"鲦",14
"䡒",14
"㝘",14
"羄",14
"𮜠",14
"𨑹",14
"𧰤",14
"𦼔",14
"噾",14
"䑝",14
"鱈",14
"𦏛",14
"𦄣",14
"䫷",14
"鍩",14
"烢",14
"𪔌",14
"䋦",14
"𣰨",14
"𩰝",14
"𢧇",14
"𤝳",14
"𤰩",14
"𧣇",14
"𪉞",14
"鋓",14
"𤇀",14
"㢺",14
"𪽎",14
"粡",14
"𥳓",14
"𦡳",14
"𨎋",14
"𡄖",14
"𨯕",14
"𦸐",14
"匟",14
"鯑",14
"𣻕",14
"𠟉",14
"畉",14
"𤶑",14
"𤼚",14
"𪏘",14
"𣱼",14
"䧶",14
"𣳜",14
"𩻭",14
"䮛",14
"阷",14
"䅴",14
"䫹",14
"䍵",14
"㙃",14
"𥱉",14
"𡹃",14
"𦐣",14
"茽",14
"𮏭",14
"䊔",14
"𪊷",14
"熆",14
"𧤁",14
"𤇜",14
"𣼽",14
"䮒",14
"䘊",14
"𡊥",14
"㬀",14
"䛯",14
"㻀",14
"𣉮",14
"𩺞",14
"𧧋",14
"𪻎",14
"𨭐",14
"兏",14
"硢",14
"㯌",14
"𥠺",14
"㽧",14
"𣳬",14
"䢤",14
"瞮",14
"磦",14
"𤆇",14
"斺",14
"烌",14
"䩗",14
"滖",14
"䚺",14
"㪱",14
"䝬",14
"鍶",14
"㨪",14
"𦏑",14
"㧼",14
"𤝔",14
"㱧",14
"𧈂",14
"粠",14
"匩",14
"𩜷",14
"㶫",14
"𣻲",14
"㒴",14
"䰘",14
"仺",14
"覐",14
"㚆",14
"䄕",14
"𤧳",14
"䘟",14
"䯨",14
"𣐥",14
"䟚",14
"㣦",14
"㼼",14
"𣍩",14
"䏤",14
"镹",14
"𡨦",14
"㦘",14
"㯘",14
"𣫏",14
"㘗",14
"䭳",14
"䕙",14
"抸",14
"㞍",14
"䊯",14
"芕",14
"㮅",14
"䳖",14
"𩬏",14
"㝴",14
"䵯",14
"㽂",14
"䗾",14
"賗",14
"䆔",14
"洉",14
"鶐",14
"𧌡",14
"𦯠",14
"㫹",14
"駯",14
"𠘴",14
"㜜",14
"䠿",14
"枛",14
"娻",14
"欜",14
"𥢌",14
"𮆡",14
"䉙",14
"𩾨",14
"𥡮",14
"䧓",14
"嫨",14
"䣶",14
"䈧",14
"䯬",14
"㵷",14
"䮈",14
"䝾",14
"睓",14
"擃",14
"䚈",14
"㫧",14
"䐌",14
"㸮",14
"䌶",14
"㒉",14
"㜹",14
"㭃",14
"暞",14
"訫",14
"㱅",14
"䨐",14
"仹",14
"佱",14
"㑤",14
"䚱",14
"憠",14
"礷",14
"㓴",14
"㔑",14
"㛫",14
"䓭",14
"翉",14
"㖓",14
"㗪",14
"㗾",14
"㼫",14
"䬥",14
"妰",14
"娹",14
"婮",14
"婱",14
"媇",14
"㚕",14
"㚚",14
"㛄",14
"㛅",14
"㝄",14
"㝼",14
"峖",14
"㟛",14
"㡕",14
"徰",14
"㡲",14
"㢊",14
"㣁",14
"䯧",14
"㥔",14
"搱",14
"篫",14
"㧔",14
"㨚",14
"㪆",14
"𣍏",14
"楋",14
"㭻",14
"欳",14
"㲇",14
"䨭",14
"泤",14
"灚",14
"㸨",14
"㸻",14
"㺈",14
"㺛",14
"㺤",14
"玐",14
"㻎",14
"㽆",14
"㿦",14
"䁯",14
"䚓",14
"䄾",14
"䆢",14
"䇃",14
"䇟",14
"䈢",14
"䉻",14
"䋍",14
"䍹",14
"䎅",14
"䎌",14
"䎣",14
"舦",14
"䏬",14
"䐕",14
"䒆",14
"䒊",14
"䫁",14
"𦤣",14
"蓸",14
"蘏",14
"䔶",14
"䕰",14
"𧅻",14
"䝅",14
"䘻",14
"䙣",14
"諪",14
"䛍",14
"䛞",14
"䛰",14
"䜞",14
"賐",14
"䝑",14
"䝧",14
"䞰",14
"䟥",14
"䠜",14
"䢄",14
"䣮",14
"䤊",14
"䤗",14
"𨝍",14
"𨡎",14
"鞖",14
"䦺",14
"䧪",14
"䧰",14
"䨫",14
"䩲",14
"䫽",14
"䬋",14
"䭄",14
"䭖",14
"髉",14
"䮥",14
"䰊",14
"𩱖",14
"䳛",14
"𡺵",14
"䛎",14
"㩫",14
"䜇",14
"𦄐",14
"𥘞",14
"𨂻",14
"𪼯",14
"𤤯",14
"𮔉",14
"𢶑",14
"𩑃",14
"𪼜",14
"𢧊",14
"𥦺",14
"𢉠",14
"𪝤",14
"𥘙",14
"𦩆",14
"𥪮",14
"鎹",14
"𮨿",14
"𢞎",14
"𮊫",14
"𭎇",14
"𭂧",14
"𩷶",14
"𩹥",14
"𥠦",14
"栃",14
"𥙔",14
"氨",13
"𠿑",13
"𤏩",13
"㛙",13
"繨",13
"𥛦",13
"𨜩",13
"𢊃",13
"𥔽",13
"𩬕",13
"騨",13
"𦃈",13
"𦙁",13
"𩚵",13
"𦮰",13
"䣳",13
"檲",13
"麿",13
"䇇",13
"𧿳",13
"𥙞",13
"険",13
"𥑠",13
"𥱊",13
"駦",13
"𧭗",13
"䂫",13
"㿹",13
"婙",13
"䧥",13
"㩂",13
"荨",13
"嫃",13
"鍀",13
"㨸",13
"𣗆",13
"𥁡",13
"𥛑",13
"䞒",13
"𩋠",13
"𡎖",13
"𣴴",13
"𩵾",13
"𣚒",13
"𠱀",13
"迠",13
"𦍬",13
"䎐",13
"铐",13
"䚀",13
"諨",13
"誈",13
"䙯",13
"䡳",13
"䬢",13
"䵲",13
"𤦏",13
"鱚",13
"𨄉",13
"桪",13
"𩐛",13
"擙",13
"岃",13
"䶠",13
"欕",13
"禣",13
"𦐤",12
"𦵮",12
"钠",12
"氢",12
"馎",12
"蹘",12
"蹿",12
"簖",12
"嘧",12
"捠",12
"罆",12
"𠁣",12
"𢆔",12
"𧛂",12
"疍",12
"尕",12
"夿",12
"𢢩",12
"䈊",12
"𢫈",12
"硒",12
"𣼧",12
"𢱯",12
"㮺",12
"𫓔",12
"𡲾",12
"𦩳",12
"𠳁",12
"喼",12
"𠏡",12
"𦽌",12
"𥁄",12
"勂",12
"氖",12
"䞬",12
"辷",12
"凼",12
"𩆑",12
"𣪋",12
"𤪑",12
"硹",12
"鴤",12
"𪍯",12
"𧬤",12
"𧴖",12
"䒤",12
"𠭖",12
"釷",12
"𨕞",12
"𨘈",12
"𦽄",12
"𪃦",12
"𥷊",12
"𠆡",12
"𢖳",12
"𣲤",12
"䂅",12
"𥉺",12
"𢴤",12
"𥄏",12
"𩗭",12
"䥟",12
"䝌",12
"𤡪",12
"𠻬",12
"滠",12
"钎",12
"茚",12
"𤞤",12
"𦑈",12
"巬",12
"饳",12
"𣃘",12
"𧻓",12
"㯀",12
"㴟",12
"鸴",12
"𠽾",12
"鲀",12
"𡃩",12
"𢟧",12
"𤐷",12
"𠕒",12
"𡋲",12
"𥌰",12
"𧊒",12
"𡖊",12
"𥃝",12
"𦨶",12
"𨘬",12
"𨏠",12
"𥞒",12
"𧳬",12
"𪍛",12
"隦",12
"𤞚",12
"𣂰",12
"𩚼",12
"𤙖",12
"𡚤",12
"唕",12
"䦡",12
"𥤮",12
"暃",12
"𥴈",12
"𧍒",12
"𩲝",12
"𤬞",12
"𨣅",12
"𠺁",12
"䇰",12
"𡠐",12
"𣔙",12
"镦",12
"㹴",12
"㫫",12
"𢶳",12
"𡜱",12
"𥢶",12
"镟",12
"锃",12
"煫",12
"𧃭",12
"嬅",12
"䥙",12
"𧧁",12
"𣸡",12
"捙",12
"𣴺",12
"𪇧",12
"焿",12
"濪",12
"妡",12
"玬",12
"㟘",12
"煍",12
"皳",12
"㭗",12
"䓓",12
"䱞",12
"𠹥",12
"𡋥",12
"𭓩",12
"䌅",12
"𨺻",12
"㧷",12
"㙘",12
"矁",12
"㛲",12
"𡓲",12
"𡧱",12
"𧬏",12
"𤡧",12
"閖",12
"圕",12
"𠅆",12
"浌",12
"脵",12
"𣑮",12
"䦴",12
"𣲇",12
"勫",12
"𨳚",12
"嘋",12
"𧒮",12
"㓁",12
"𢪑",12
"𣢊",12
"𡩻",12
"𩪁",12
"𥹂",12
"鵢",12
"𣣅",12
"𥉶",12
"𧌍",12
"𢥋",12
"𤄹",12
"𢎤",12
"䦭",12
"𧫢",12
"𨘀",12
"𩁿",12
"𢃣",12
"馫",12
"䜔",12
"𨊱",12
"懗",12
"㷽",12
"㭆",12
"𮍲",12
"锗",12
"𩯽",12
"𪇵",12
"螥",12
"髨",12
"䘋",12
"婋",12
"𧽤",12
"㒬",12
"𩍗",12
"𫁸",12
"𧖣",12
"𩼒",12
"錒",12
"衑",12
"𬠖",12
"𩃀",12
"婳",12
"𤧫",12
"𡸫",12
"𥿮",12
"𠐷",12
"鉂",12
"𩤷",12
"淽",12
"𱖹",12
"乸",12
"𤁺",12
"𬯚",12
"𧆾",12
"𡽢",12
"嗵",12
"𡛥",12
"嗱",12
"碹",12
"㼞",12
"媑",12
"嚒",12
"𣎎",12
"𩱙",12
"𧹲",12
"𩭺",12
"𦒫",12
"𧗳",12
"𧸇",12
"𥯛",12
"𩰤",12
"𦺊",12
"𡋳",12
"𦃍",12
"𧝄",12
"𧞳",12
"𨸔",12
"㔳",12
"𦌭",12
"𨤝",12
"𥯗",12
"軕",12
"𫶬",12
"俥",12
"簘",12
"锔",12
"蓕",12
"蕔",12
"蛌",12
"聠",12
"㼓",12
"𦸲",12
"銺",12
"㞣",12
"冚",12
"僌",12
"㙰",12
"匢",12
"𣾷",12
"𢯼",12
"䑪",12
"𣍦",12
"蒰",12
"𨺤",12
"𤥞",12
"珼",12
"沎",12
"踗",12
"𢓘",12
"𦋊",12
"𦱯",12
"𧠩",12
"𨺄",12
"𨺾",12
"𫡒",12
"𢄏",12
"𥣍",12
"𨨳",12
"㚼",12
"𮎠",12
"㫟",12
"㫦",12
"玴",12
"𥚈",12
"𥕟",12
"𮞸",12
"磱",12
"𥦠",12
"嶌",12
"檱",12
"㞩",12
"蔳",12
"哚",12
"鶍",12
"樖",12
"𨇁",12
"㪗",12
"矨",12
"栬",12
"𤱳",12
"圙",12
"嬦",12
"䌧",12
"㻉",12
"𤡀",12
"䂟",12
"垳",12
"𣤌",12
"𤻎",12
"𦲱",12
"焤",12
"𤫠",12
"㙧",12
"𦟥",12
"𢩮",12
"淿",12
"裐",12
"䥁",12
"䅱",12
"𤞰",12
"𡸂",12
"䉝",12
"洃",12
"䃦",12
"䛑",12
"𥲭",12
"䵤",12
"𡹗",12
"𮀴",12
"𩊗",12
"鿾",12
"㣆",12
"𭹏",12
"𣉒",12
"𠪢",12
"䖕",12
"巈",12
"𡷦",12
"㽡",12
"抋",12
"㳖",12
"㵤",12
"㳎",12
"鎉",12
"𤲓",12
"嶯",12
"𧺷",12
"䓹",12
"㻊",12
"䅰",12
"㬩",12
"䤡",12
"䂶",12
"䰣",12
"㻚",12
"䂤",12
"㓉",12
"𱛋",12
"𭔰",12
"䙮",12
"㑍",12
"鈝",12
"鎽",12
"䮘",12
"梸",12
"𡐬",12
"㦱",12
"䧂",12
"䞡",12
"㨺",12
"㹬",12
"㭦",12
"䘬",12
"唀",12
"㶮",12
"䎛",12
"叞",12
"𥢺",12
"䄧",12
"馷",12
"㦔",12
"𧞠",12
"𦫟",12
"䊍",12
"䲵",12
"𤐁",12
"㒗",12
"𩺅",12
"䬇",12
"砞",12
"㭢",12
"𦴡",12
"㷚",12
"㔐",12
"槝",12
"䊢",12
"䐙",12
"䐂",12
"薭",12
"䟼",12
"𤬦",12
"饏",12
"𩝯",12
"𧒃",12
"𩸪",12
"㣵",12
"䚖",12
"㴃",12
"𥼤",12
"䝵",12
"𡻒",12
"㯁",12
"𩐆",12
"䙲",12
"㪧",12
"𧘤",12
"㕗",12
"䵭",12
"𦽯",12
"𣗉",12
"㻈",12
"㵖",12
"矈",12
"筗",12
"㛩",12
"㣃",12
"䌩",12
"䱈",12
"㲵",12
"赻",12
"㕫",12
"㜼",12
"䜬",12
"㐖",12
"刟",12
"㕌",12
"㗆",12
"㗽",12
"㘍",12
"㘡",12
"䜠",12
"奿",12
"媶",12
"㜳",12
"尮",12
"㝙",12
"㝭",12
"㞉",12
"㞽",12
"㟜",12
"㡖",12
"䧐",12
"𡼋",12
"楐",12
"㢽",12
"㣢",12
"憥",12
"憳",12
"㤳",12
"㤵",12
"㥃",12
"㥨",12
"㥸",12
"䟩",12
"𠣬",12
"㜨",12
"㨌",12
"㩯",12
"㪄",12
"㪡",12
"㪼",12
"𢽝",12
"朇",12
"㫵",12
"㬍",12
"𣍇",12
"梕",12
"櫒",12
"㯇",12
"㯖",12
"㰧",12
"㲂",12
"㲛",12
"㲟",12
"𣤿",12
"㵔",12
"㵥",12
"㶡",12
"㹐",12
"㹭",12
"㺣",12
"㻵",12
"㼠",12
"㼩",12
"㼺",12
"䇠",12
"瘔",12
"矪",12
"㾎",12
"㾶",12
"㿶",12
"䀧",12
"䀷",12
"䚑",12
"䄼",12
"䅁",12
"䆽",12
"䇁",12
"笗",12
"粷",12
"䇧",12
"䈻",12
"䉥",12
"䊙",12
"䋹",12
"䍗",12
"䍬",12
"䎟",12
"𣎯",12
"𦂅",12
"䐅",12
"䑥",12
"䰚",12
"莡",12
"䓡",12
"䔓",12
"䔻",12
"䕉",12
"𧂌",12
"𧑷",12
"䘜",12
"䘣",12
"䙪",12
"𧛼",12
"䙽",12
"䜓",12
"𧢂",12
"䝭",12
"䞧",12
"䟧",12
"䢯",12
"䣔",12
"䣥",12
"鉕",12
"䥌",12
"䦤",12
"靋",12
"䨚",12
"䨰",12
"䩀",12
"䫊",12
"䫕",12
"䬊",12
"𩙆",12
"馸",12
"䭺",12
"䱲",12
"䴄",12
"䵁",12
"䵽",12
"䭆",12
"𧋣",12
"𠹖",12
"䫧",12
"𥮱",12
"𣕗",12
"𧙱",12
"𠹳",12
"𣜊",12
"疂",12
"龧",12
"𧸙",12
"𠁕",12
"乫",12
"𦆈",12
"㬨",12
"𪰺",12
"𫗽",12
"𣠞",12
"𪼥",12
"𥜳",12
"𪻢",12
"𪷾",12
"𥓉",12
"𪣁",12
"𭹆",12
"𨬋",12
"唛",12
"𧍞",12
"𥸈",12
"𩗬",12
"𨍍",12
"𭩴",12
"𮅁",12
"㐏",12
"乺",12
"𪣜",12
"𩄟",12
"𦱒",12
"𧪓",12
"乊",12
"𭔹",12
"𩶒",12
"𩺛",12
"𨶠",12
"𪺢",12
"㠃",12
"𠀧",12
"単",11
"𥰞",11
"乷",11
"𤼷",11
"𪂬",11
"𧤤",11
"𨥧",11
"𣑱",11
"𥏊",11
"掴",11
"𢊌",11
"𨵈",11
"𣲿",11
"鑦",11
"𠯌",11
"𠨞",11
"𪄉",11
"𦂕",11
"𣎗",11
"𥀶",11
"𨢘",11
"𤏄",11
"𤈍",11
"𩂉",11
"𠺄",11
"𠒺",11
"𥟦",11
"気",11
"猡",11
"𨠵",11
"𡏝",11
"𧜇",11
"壗",11
"髛",11
"飹",11
"矋",11
"㶬",11
"𤅖",11
"暩",11
"𥚗",11
"紎",11
"㞫",11
"㽮",11
"䣾",11
"𤼀",11
"沢",11
"𤩓",11
"䢎",11
"䲪",11
"迏",11
"𤦷",11
"𡾏",11
"椪",11
"𦻁",11
"笂",11
"𩌇",11
"䖠",11
"㜙",11
"𡽋",11
"䟢",11
"鶲",11
"鳮",11
"狜",11
"䲺",11
"𦗖",11
"邚",11
"椣",11
"𦩰",11
"孯",11
"硲",11
"𡙁",11
"賳",11
"𩚝",11
"𥠈",11
"鮙",11
"𡃞",11
"𥞊",11
"𦗪",11
"籾",11
"𩼝",11
"営",11
"梶",11
"𩏧",10
"𣘤",10
"𡪏",10
"𥗋",10
"閊",10
"骦",10
"𠡦",10
"嫊",10
"埗",10
"氹",10
"掼",10
"䏥",10
"𤳊",10
"豒",10
"鯱",10
"碲",10
"𬓑",10
"𡾐",10
"𥤺",10
"𦚎",10
"𠔳",10
"𣏰",10
"𥉍",10
"䴔",10
"䴖",10
"𠼗",10
"𦄢",10
"𩭇",10
"𢖟",10
"𢮔",10
"罀",10
"𠉥",10
"𩜋",10
"䜣",10
"𠙽",10
"𢇇",10
"𤄁",10
"𥥵",10
"𥩝",10
"𨁗",10
"𨹝",10
"𨺭",10
"䎍",10
"噻",10
"𫓍",10
"𩵋",10
"㱺",10
"𢀿",10
"韨",10
"钘",10
"𡎉",10
"𫺤",10
"𠁈",10
"萜",10
"𪯲",10
"𩞯",10
"𧎩",10
"𩆟",10
"𪖁",10
"𥱈",10
"𫞴",10
"傇",10
"垪",10
"㿲",10
"𤻷",10
"𤼣",10
"𤭊",10
"𡶄",10
"䃐",10
"𠴫",10
"嘢",10
"衐",10
"𨸟",10
"鳟",10
"𫏋",10
"𥓪",10
"砗",10
"鷍",10
"𨶭",10
"睝",10
"馉",10
"𩵚",10
"𩻗",10
"𩚱",10
"𤯚",10
"𧗩",10
"㡽",10
"龇",10
"𦡯",10
"𤓍",10
"躀",10
"耱",10
"閄",10
"𠑹",10
"𱲍",10
"𢳚",10
"𪚮",10
"𤃪",10
"銩",10
"鉬",10
"𪘲",10
"𣡮",10
"𣷾",10
"𧩶",10
"𤆌",10
"𩘶",10
"𡀩",10
"𥒘",10
"䉼",10
"𣮷",10
"𥯔",10
"𨁹",10
"𨗁",10
"𮎉",10
"𣜰",10
"𬅈",10
"䠩",10
"𥈬",10
"幉",10
"𧌊",10
"𩾥",10
"𮢥",10
"𩤛",10
"𨞊",10
"𢏗",10
"𥱎",10
"𡽐",10
"𣕊",10
"𣖀",10
"哬",10
"𣵞",10
"滗",10
"枦",10
"媡",10
"𦓖",10
"𩶀",10
"𤌴",10
"𣏎",10
"𧄓",10
"㰸",10
"𡶜",10
"蒏",10
"𤭧",10
"烃",10
"镧",10
"骣",10
"钶",10
"镤",10
"镢",10
"鑜",10
"𭎌",10
"𠀼",10
"䬱",10
"䤣",10
"栤",10
"𡔣",10
"㓾",10
"𤏲",10
"㙓",10
"𩚉",10
"𭣵",10
"𭥱",10
"𨬎",10
"𤽤",10
"𤥣",10
"鐣",10
"𭴣",10
"𣕾",10
"𩦡",10
"𡪲",10
"𤩷",10
"𢋏",10
"𢹭",10
"𤫔",10
"𠹅",10
"𥌃",10
"𨓚",10
"䛨",10
"𠯍",10
"𠡳",10
"𦏲",10
"𥭜",10
"縅",10
"𩑚",10
"籎",10
"𥸩",10
"𨼤",10
"𡚗",10
"𡾚",10
"𡾝",10
"𡾷",10
"𡿉",10
"𤕫",10
"𥛧",10
"𥡭",10
"𨝀",10
"𩁜",10
"𠕸",10
"𢊛",10
"𥳝",10
"𦈬",10
"𧃚",10
"𧄜",10
"𨿐",10
"𩹌",10
"𡋋",10
"𨞽",10
"𡊘",10
"𥄢",10
"溬",10
"𪋛",10
"𦒴",10
"𥦮",10
"𦮨",10
"𡔙",10
"𡷤",10
"𥲐",10
"𨵚",10
"𩒾",10
"𪁙",10
"𪋙",10
"𥂭",10
"𥪫",10
"𧨾",10
"𩠑",10
"𣂨",10
"𠂅",10
"𣥌",10
"𨺦",10
"𠙯",10
"𦶀",10
"𧑕",10
"𨾺",10
"𤋾",10
"𤩆",10
"𡇑",10
"𥦌",10
"𩐹",10
"𢮍",10
"𥈿",10
"𥰲",10
"𦶐",10
"𨢭",10
"𡦢",10
"𩬇",10
"𣐌",10
"𤎮",10
"𦞯",10
"𤱐",10
"𡫢",10
"𤆄",10
"𠦄",10
"𥺘",10
"𢅩",10
"𣘥",10
"𤵘",10
"𩪧",10
"糬",10
"𧞪",10
"𨶆",10
"𡃨",10
"𧉁",10
"𨳿",10
"𩜐",10
"𩥀",10
"𦆩",10
"𦝜",10
"𢉆",10
"𤬵",10
"𤴝",10
"𧿠",10
"𪖰",10
"𢝹",10
"𣧅",10
"𧝆",10
"𪍲",10
"𩆺",10
"𣶑",10
"𨼲",10
"𣚤",10
"𠢫",10
"𢨸",10
"𤸵",10
"𢠭",10
"𨽭",10
"𢟷",10
"𢲻",10
"𡔃",10
"𢌐",10
"𥹲",10
"𦶏",10
"𩐕",10
"𢌙",10
"𥀍",10
"𥰘",10
"𡮁",10
"𧓻",10
"𩔹",10
"𡊝",10
"𡞄",10
"𤬃",10
"𤬭",10
"𤱍",10
"𦙂",10
"𩎜",10
"𠳳",10
"𤤠",10
"𦖢",10
"𡛮",10
"𨵫",10
"𦼯",10
"𥃇",10
"𦋏",10
"𦩅",10
"𧀡",10
"𩖌",10
"𥇱",10
"𡘖",10
"𤫚",10
"𢴁",10
"𣓏",10
"𣞓",10
"𥣤",10
"𦗓",10
"𦿖",10
"𧏌",10
"𩺮",10
"𪋵",10
"𪑔",10
"𨄬",10
"𨿥",10
"𢇽",10
"𣝾",10
"𣯫",10
"𠹀",10
"𣕫",10
"𣙅",10
"𦟽",10
"𦙤",10
"𩖠",10
"溄",10
"𨹙",10
"𠈚",10
"𨲞",10
"𡧪",10
"𠖌",10
"𦣠",10
"𨾓",10
"𨴗",10
"𦺴",10
"𣡍",10
"𡽰",10
"𠏖",10
"𡣡",10
"𡧮",10
"𢊙",10
"𢐟",10
"𢿣",10
"𣟼",10
"𩜸",10
"𣻛",10
"𩮱",10
"𨽉",10
"𥾣",10
"𣪫",10
"𤩞",10
"𦖺",10
"𥅎",10
"𨈧",10
"𢕚",10
"𩄣",10
"𦅄",10
"𤚬",10
"𩝞",10
"𦃙",10
"𠆦",10
"𥆟",10
"𥑈",10
"𤸲",10
"𧗆",10
"𦕜",10
"𥲧",10
"𦦿",10
"𡫹",10
"鲒",10
"𮂕",10
"𧆇",10
"椚",10
"𠌃",10
"瞃",10
"樭",10
"𣐬",10
"䕱",10
"蹆",10
"𣢸",10
"馕",10
"𤨧",10
"𭧌",10
"鑬",10
"𪓚",10
"𪋞",10
"錼",10
"䶮",10
"𥔣",10
"𠠤",10
"䗉",10
"䗛",10
"𡹝",10
"𧋕",10
"蓙",10
"𦉑",10
"𠽻",10
"𩞚",10
"𦲋",10
"𨿁",10
"𨍕",10
"𥄴",10
"𪃨",10
"㶦",10
"㖞",10
"䍞",10
"𩥭",10
"𧓲",10
"𩘑",10
"溨",10
"𧅺",10
"珐",10
"塃",10
"𫐸",10
"𩤊",10
"𥃘",10
"𨻋",10
"𦲄",10
"𥕴",10
"𦸔",10
"𦂘",10
"𤏛",10
"𩎍",10
"𨞠",10
"㴴",10
"訲",10
"𭃨",10
"彮",10
"𢍃",10
"䍕",10
"轪",10
"𧋸",10
"𨀴",10
"𭄘",10
"闦",10
"㬶",10
"𣎮",10
"𥦬",10
"䡱",10
"矷",10
"垏",10
"𤩂",10
"漜",10
"㫓",10
"𠻢",10
"𧶉",10
"𡛍",10
"𢻓",10
"𩰵",10
"𡆨",10
"𥏬",10
"𤯢",10
"𨹢",10
"𩆮",10
"𢔁",10
"𨐕",10
"𩖰",10
"𪉙",10
"𣥐",10
"𦣾",10
"𨇥",10
"𤙔",10
"𡬮",10
"𨚨",10
"𠪛",10
"𠪤",10
"𦹣",10
"𡋭",10
"𧶙",10
"𨖉",10
"𤖬",10
"𥴸",10
"𧁈",10
"𢫳",10
"𦃅",10
"𨞒",10
"𧪩",10
"翸",10
"贃",10
"䤞",10
"𫨚",10
"𪮐",10
"㢱",10
"㾝",10
"𣶲",10
"𠈷",10
"𭄰",10
"𣀇",10
"鯙",10
"𤆵",10
"炝",10
"𠵷",10
"鰯",10
"葁",10
"𣋷",10
"𡯭",10
"𡌚",10
"𠂉",10
"𩌬",10
"𣬈",10
"礯",10
"敨",10
"𩂪",10
"䄒",10
"䒖",10
"钙",10
"𣄡",10
"岲",10
"𡹵",10
"𡎆",10
"𠟶",10
"㩕",10
"𧓬",10
"𭙿",10
"𠛄",10
"𠋄",10
"𨜐",10
"欍",10
"㹦",10
"𣃕",10
"䐸",10
"䚶",10
"𡼵",10
"荢",10
"舧",10
"𮇷",10
"𥒸",10
"䆻",10
"聺",10
"𡹸",10
"㼇",10
"𩑐",10
"𦵴",10
"𱮿",10
"𡵴",10
"𦒅",10
"𡾿",10
"𱰳",10
"𤤝",10
"𪻑",10
"𭹎",10
"𱴼",10
"㵙",10
"猀",10
"𣇒",10
"𧝂",10
"𨢜",10
"霕",10
"誛",10
"𩻮",10
"𠮵",10
"𥪁",10
"𨭥",10
"䔗",10
"䱯",10
"𫓌",10
"鶓",10
"㖴",10
"𨳗",10
"煈",10
"㢀",10
"𡹄",10
"昮",10
"𥜜",10
"䮊",10
"𨫜",10
"𡉷",10
"𪾳",10
"𥨣",10
"𧢟",10
"㙥",10
"㭶",10
"䑌",10
"䇱",10
"捛",10
"㓔",10
"䂝",10
"䙤",10
"𢈦",10
"𡕥",10
"寚",10
"𧴲",10
"㱛",10
"𣑼",10
"䙺",10
"㺉",10
"㖖",10
"㛦",10
"䎇",10
"𥀗",10
"𠑼",10
"㽗",10
"𢽍",10
"䔝",10
"橣",10
"𠲹",10
"𩵹",10
"鉪",10
"唺",10
"䁚",10
"𩪇",10
"䊜",10
"䊅",10
"䫣",10
"䩅",10
"䍯",10
"㬳",10
"䯌",10
"𣫥",10
"䠳",10
"𠟣",10
"䚃",10
"䢪",10
"㒂",10
"䀱",10
"𥄟",10
"𩟀",10
"𡺞",10
"䶳",10
"酠",10
"浀",10
"蛽",10
"䈫",10
"乁",10
"媘",10
"𣍪",10
"㯜",10
"婯",10
"醀",10
"䔌",10
"𩅽",10
"聜",10
"𤹤",10
"㱋",10
"𨢣",10
"𠵄",10
"䴩",10
"㧸",10
"𤑻",10
"䶝",10
"鑶",10
"㫶",10
"𧤳",10
"㡦",10
"𡾜",10
"䕛",10
"㺘",10
"䧉",10
"䁶",10
"䇪",10
"洜",10
"㞺",10
"砛",10
"䀞",10
"㼙",10
"㣈",10
"佭",10
"勪",10
"㔭",10
"𠬜",10
"㘜",10
"㙢",10
"㙣",10
"䃻",10
"奺",10
"妅",10
"姵",10
"姾",10
"嫅",10
"嫬",10
"㛓",10
"㛜",10
"㞁",10
"岆",10
"巐",10
"𡸤",10
"𡿋",10
"㢎",10
"㾣",10
"𢔥",10
"戂",10
"㦡",10
"揦",10
"撔",10
"㧩",10
"䌂",10
"㪓",10
"㪝",10
"㫂",10
"𢼊",10
"𣳇",10
"殝",10
"毥",10
"㰡",10
"汑",10
"㴯",10
"㵃",10
"㵍",10
"㵡",10
"㵶",10
"㶗",10
"炂",10
"熃",10
"爏",10
"㶯",10
"㷴",10
"䔳",10
"㸾",10
"㹑",10
"㺡",10
"珟",10
"㻭",10
"㽢",10
"䥅",10
"𤮘",10
"睸",10
"矡",10
"㿰",10
"㿵",10
"䀃",10
"䄐",10
"䅄",10
"粚",10
"絉",10
"䇚",10
"䈍",10
"䈦",10
"䈷",10
"䉊",10
"䊄",10
"䊐",10
"䊘",10
"䊥",10
"䌡",10
"䌲",10
"䍈",10
"䍉",10
"䎴",10
"膼",10
"艊",10
"䐍",10
"䑱",10
"䒉",10
"藧",10
"䓋",10
"䔀",10
"䔆",10
"䔘",10
"䗎",10
"䗹",10
"䙠",10
"䙥",10
"誝",10
"䚆",10
"䚞",10
"賯",10
"䝫",10
"䞃",10
"䟀",10
"䡡",10
"䡫",10
"䦫",10
"鐑",10
"鐚",10
"䧝",10
"䧧",10
"䧷",10
"䧻",10
"䭠",10
"騡",10
"鬸",10
"䭼",10
"䮶",10
"䯵",10
"䰱",10
"鶰",10
"䱖",10
"䲁",10
"䳪",10
"䳶",10
"䳹",10
"䳿",10
"䴯",10
"䵊",10
"䵛",10
"𦸿",10
"䵉",10
"𥳻",10
"䢥",10
"㑨",10
"㝽",10
"𨺇",10
"𣡂",10
"𣋞",10
"䙋",10
"𭜨",10
"𭚶",10
"𫪯",10
"𡺐",10
"𫀏",10
"𪻯",10
"𧽢",10
"𦛜",10
"𪼁",10
"𥴪",10
"𪳄",10
"𪰻",10
"𣐀",10
"𡍷",10
"𥤊",10
"𥠅",10
"𱐱",10
"樰",10
"𥣞",10
"𦶩",10
"𥙯",10
"𧓎",10
"𪳣",10
"𤒺",10
"𪣴",10
"𪤓",10
"𫗼",10
"𨰢",10
"𥂀",10
"𱏜",10
"𧬨",10
"𠮲",10
"𮏒",10
"𧊏",10
"𮒛",10
"𬓛",10
"𦸡",10
"𭎺",10
"𲀴",10
"𪧴",10
"𫣧",10
"𤾖",10
"𢁘",10
"𩝳",10
"𧱃",10
"𦤏",10
"𢁾",10
"𧹘",10
"𦭻",10
"𧅠",10
"𧮞",9
"𣞵",9
"𩮂",9
"𦚐",9
"𩎺",9
"𦢙",9
"𪛆",9
"𠫂",9
"眫",9
"𨐫",9
"𥼃",9
"𩞬",9
"𦶇",9
"𩠮",9
"諬",9
"𩃗",9
"𢕔",9
"𨭝",9
"𢫸",9
"貵",9
"𠦡",9
"𤟜",9
"𢙆",9
"𩐳",9
"訳",9
"𧊈",9
"鑥",9
"𥰣",9
"𤄀",9
"𥱑",9
"㔲",9
"𤆮",9
"𤭔",9
"𩢶",9
"𠉶",9
"𢞀",9
"㗈",9
"𦯼",9
"鑆",9
"鐠",9
"𡒌",9
"㝨",9
"㕖",9
"㛞",9
"贂",9
"㽰",9
"𧣙",9
"𠧐",9
"䦥",9
"𣵪",9
"𥑖",9
"𣥼",9
"𠋦",9
"𡌢",9
"𥖿",9
"𤵛",9
"𪊩",9
"𧖟",9
"𩕆",9
"𦽅",9
"𠠦",9
"𣮉",9
"𠚫",9
"𣜉",9
"𢭆",9
"𣆡",9
"𢿇",9
"拀",9
"㶓",9
"杧",9
"𧰆",9
"䩄",9
"㢑",9
"𢙅",9
"𧪽",9
"鎆",9
"𤰍",9
"𥃔",9
"䧽",9
"𢬤",9
"𦚏",9
"𥳌",9
"㕄",9
"𨹍",9
"𡩏",9
"儝",9
"𡷒",9
"𡸶",9
"𢛍",9
"𢫑",9
"𤇶",9
"𢶖",9
"㧮",9
"㜠",9
"䲗",9
"𩝈",9
"𡑝",9
"𤓪",9
"㑐",9
"𢪶",8
"𦗡",8
"𡿐",8
"𠅬",8
"𧟨",8
"𡧈",8
"𠙺",8
"艉",8
"𣯀",8
"枧",8
"䶁",8
"対",8
"鯵",8
"𨃅",8
"壨",8
"𠫍",8
"𢓉",8
"𣪵",8
"椝",8
"𥭋",8
"庼",8
"𠲜",8
"𣲭",8
"塱",8
"𠴱",8
"氰",8
"䴙",8
"䮿",8
"曻",8
"𧫩",8
"𩤏",8
"𡎠",8
"礆",8
"𧅣",8
"𡩘",8
"𦨹",8
"𥮕",8
"啹",8
"𧍛",8
"𨴲",8
"𧉢",8
"𢴃",8
"𩩜",8
"𣝸",8
"𬕔",8
"烀",8
"焓",8
"㣾",8
"𨦃",8
"浂",8
"烡",8
"粨",8
"𥒥",8
"鈪",8
"𩆃",8
"𥄔",8
"𦬕",8
"𨚯",8
"𩞉",8
"𦾵",8
"𪕅",8
"𠀑",8
"䤚",8
"𨎹",8
"㧑",8
"𧍳",8
"𡜐",8
"𧒖",8
"𤣩",8
"𠊲",8
"𤜵",8
"𤈫",8
"𠧋",8
"𣗽",8
"𥏹",8
"𧾷",8
"𦁎",8
"𤹴",8
"𦒡",8
"𦚞",8
"𤳦",8
"𪕕",8
"荕",8
"鳡",8
"钣",8
"𥕋",8
"𨡴",8
"鸵",8
"𡿥",8
"崊",8
"𣺂",8
"𤧶",8
"𡉬",8
"𢺕",8
"𠼦",8
"劽",8
"銢",8
"𩲕",8
"𤾡",8
"蘔",8
"𤛟",8
"癪",8
"𤃶",8
"霥",8
"荙",8
"𠢲",8
"𨓠",8
"焒",8
"鮼",8
"賋",8
"爎",8
"鰏",8
"齢",8
"𠕄",8
"𠕲",8
"𩫏",8
"𦺅",8
"𡺢",8
"𠌼",8
"蝋",8
"𠵦",8
"𨏖",8
"𣩄",8
"𠿒",8
"𧙃",8
"耪",8
"𥩳",8
"姄",8
"𥾡",8
"𣳮",8
"𤾸",8
"𠐨",8
"𢻔",8
"𦐕",8
"𥒵",8
"𨗲",8
"𢋙",8
"氙",8
"𢝷",8
"𨦫",8
"𫎺",8
"𩚛",8
"毪",8
"𫑜",8
"𢞁",8
"啶",8
"𤈽",8
"𤠞",8
"鸹",8
"𨃪",8
"𩡲",8
"𢤕",8
"𧫷",8
"𤩌",8
"𠾬",8
"𦢨",8
"𥖽",8
"𢶆",8
"𪹳",8
"䶟",8
"簐",8
"勐",8
"𡫸",8
"𧙍",8
"䋒",8
"𫐨",8
"𪀗",8
"𥤚",8
"𩽨",8
"𦿦",8
"𠏅",8
"𡔏",8
"𠈵",8
"𠍹",8
"𪘓",8
"𦼥",8
"𨠜",8
"𤢗",8
"𬳣",8
"踭",8
"撴",8
"𢭂",8
"𠸉",8
"𨥈",8
"𩟝",8
"袮",8
"𦡂",8
"𧱇",8
"𠣻",8
"𫼝",8
"𥑟",8
"𤮉",8
"唢",8
"鲷",8
"奾",8
"涠",8
"镭",8
"鹝",8
"𨷍",8
"娊",8
"𩆧",8
"凨",8
"叺",8
"𭲀",8
"𩍛",8
"𦼲",8
"𧵩",8
"鈡",8
"寈",8
"䒿",8
"䤦",8
"𠺗",8
"𩗛",8
"𥓏",8
"𩸋",8
"𧐠",8
"𢨲",8
"𦶙",8
"紁",8
"錰",8
"铆",8
"𣰥",8
"𣕔",8
"㶊",8
"𨕅",8
"𡧩",8
"㺸",8
"璴",8
"𦾛",8
"𨇆",8
"𧧶",8
"㼀",8
"𧬷",8
"𱝍",8
"炏",8
"𤈛",8
"𮫽",8
"䜩",8
"𦷁",8
"䅛",8
"𧳐",8
"𪈿",8
"𠇱",8
"䰾",8
"𡖟",8
"𪓔",8
"𧚻",8
"𢨷",8
"𧻶",8
"𤓎",8
"𤾳",8
"酑",8
"𪌓",8
"𥭛",8
"魹",8
"䘈",8
"㨰",8
"䉩",8
"𢔓",8
"旫",8
"伖",8
"闶",8
"𠃸",8
"𥉆",8
"鳋",8
"𥶴",8
"𥛔",8
"𤀥",8
"𥡆",8
"𤈎",8
"𠾊",8
"𧭘",8
"𥊲",8
"𮆘",8
"𪓌",8
"𠒃",8
"𨄚",8
"𩴄",8
"𣩮",8
"𪮤",8
"𧐋",8
"𧀉",8
"𫶛",8
"𥠇",8
"𢼉",8
"𦉜",8
"𡼥",8
"𥛨",8
"雮",8
"𢊺",8
"𧔣",8
"𢺣",8
"𨖈",8
"𦭰",8
"𠡴",8
"𣡊",8
"𣖎",8
"燶",8
"𩐨",8
"𤠤",8
"𨶅",8
"𠺶",8
"𧒎",8
"𩁛",8
"𧝑",8
"𡳸",8
"𩊁",8
"𩝮",8
"坕",8
"𠁥",8
"𣸁",8
"𥏼",8
"𡱂",8
"𦒞",8
"𤈒",8
"𣧻",8
"𥙫",8
"𨃘",8
"𢍍",8
"𦆻",8
"𤣔",8
"𡫳",8
"𢓴",8
"𠛜",8
"𢽚",8
"𣞚",8
"𧰵",8
"𡼐",8
"𢫦",8
"𣲝",8
"𦖳",8
"𮧮",8
"㒮",8
"𡅥",8
"𪢝",8
"𤬊",8
"𧿢",8
"𨨢",8
"吢",8
"䄰",8
"𤨓",8
"𦪟",8
"𪽏",8
"𱧧",8
"𢃇",8
"䕦",8
"㛭",8
"馓",8
"𥁑",8
"䔐",8
"𫒳",8
"𫋮",8
"霻",8
"𢵣",8
"𨩄",8
"𡚸",8
"𩐠",8
"𤣞",8
"𥑍",8
"𣷪",8
"𠟎",8
"礑",8
"𣅡",8
"𡢒",8
"𥞰",8
"𪻆",8
"𡷹",8
"焺",8
"𮔣",8
"𠐐",8
"𬸳",8
"𣂾",8
"𨁓",8
"𪁌",8
"𢾑",8
"𠴆",8
"𠿨",8
"𭐃",8
"𭩇",8
"孢",8
"𦞧",8
"箥",8
"兲",8
"厾",8
"䁟",8
"𡑾",8
"𤔌",8
"𦥊",8
"𠨔",8
"𥛅",8
"𥚨",8
"𥿳",8
"𨟖",8
"𩔈",8
"𣌀",8
"𨙊",8
"𩵓",8
"𩽒",8
"𮉎",8
"椨",8
"𣜤",8
"𩹏",8
"屪",8
"鎟",8
"𦹿",8
"𨭖",8
"𪻳",8
"锰",8
"𥇰",8
"𦔛",8
"旔",8
"𤾢",8
"𠆧",8
"𤯓",8
"婈",8
"𦟱",8
"𪂸",8
"𭉊",8
"𧄽",8
"𧪘",8
"𧰉",8
"𤥝",8
"𣘙",8
"𤁤",8
"𡰯",8
"𢔡",8
"𠵩",8
"𪊒",8
"𡊚",8
"𠅿",8
"𩡘",8
"𣏹",8
"䐦",8
"𩽢",8
"駲",8
"𢝖",8
"岼",8
"㑚",8
"𠿩",8
"䠴",8
"㽏",8
"䴨",8
"㰩",8
"鴵",8
"䞱",8
"巺",8
"𤧊",8
"𣬽",8
"𦐹",8
"䂡",8
"䞛",8
"碿",8
"𩽅",8
"𲀆",8
"𭜔",8
"𭚧",8
"嵄",8
"𭹟",8
"㔓",8
"䊨",8
"𨗥",8
"𤌷",8
"𡐖",8
"𤤧",8
"𧾚",8
"䒓",8
"𬎂",8
"𦂻",8
"𠺣",8
"㳮",8
"㫕",8
"𪎾",8
"𡻋",8
"𤒼",8
"𤅙",8
"𱸙",8
"𱛒",8
"㭀",8
"㯗",8
"𤨵",8
"𡍸",8
"𨛯",8
"𨵻",8
"𣿕",8
"𣅽",8
"䆨",8
"𨷚",8
"䐪",8
"氜",8
"𥔰",8
"𤩕",8
"𧪞",8
"𤦃",8
"𪷸",8
"𨥾",8
"𤫋",8
"𡌂",8
"𱩿",8
"㙹",8
"𩸍",8
"𩸎",8
"𮔫",8
"𤸚",8
"𠎉",8
"瑐",8
"𣙀",8
"䌢",8
"𬊙",8
"𭫠",8
"𢤫",8
"𭕲",8
"𫶈",8
"翗",8
"𤶗",8
"𧋥",8
"䮃",8
"𣊈",8
"䝽",8
"𣍻",8
"䔈",8
"歨",8
"𠠖",8
"𥯀",8
"𬖙",8
"䂠",8
"飸",8
"舙",8
"釞",8
"䂣",8
"䮬",8
"㝊",8
"囜",8
"憄",8
"𤻟",8
"𤽄",8
"𨫛",8
"𢍉",8
"𣎰",8
"𨢇",8
"鎓",8
"𧲖",8
"䟰",8
"瞕",8
"𤸛",8
"㷙",8
"蹽",8
"𧔌",8
"𤺓",8
"糐",8
"䗨",8
"㔜",8
"𢜔",8
"䞖",8
"𩷀",8
"䗟",8
"𭹄",8
"䆦",8
"䙻",8
"䜖",8
"䎲",8
"㩚",8
"㖼",8
"䦞",8
"劰",8
"𨭠",8
"䌉",8
"㜩",8
"𡭃",8
"𪊣",8
"䖛",8
"𢂛",8
"𢏊",8
"珁",8
"妽",8
"𦀖",8
"䦮",8
"𨚩",8
"䬏",8
"䏛",8
"𧏘",8
"𩏜",8
"䙿",8
"㽚",8
"𮬺",8
"櫇",8
"䭶",8
"乴",8
"㐻",8
"刯",8
"劸",8
"勓",8
"㓐",8
"㓯",8
"㕅",8
"𠭰",8
"𢛄",8
"吜",8
"喕",8
"嗠",8
"嚉",8
"㗂",8
"㘐",8
"䝥",8
"㘷",8
"㙝",8
"姲",8
"婖",8
"婡",8
"媹",8
"嬑",8
"嬵",8
"綒",8
"㚬",8
"㚸",8
"㛖",8
"㜍",8
"㝲",8
"㞖",8
"㟊",8
"㡐",8
"𡷧",8
"惍",8
"憈",8
"㤷",8
"㦐",8
"𡸱",8
"㧂",8
"㨤",8
"㩛",8
"㪊",8
"㪞",8
"㪩",8
"㪮",8
"𣋊",8
"桳",8
"橗",8
"㮱",8
"㯬",8
"㯾",8
"㰀",8
"㰈",8
"㰿",8
"㲆",8
"渵",8
"湵",8
"㴁",8
"焎",8
"牊",8
"㷣",8
"㷯",8
"㷵",8
"㸧",8
"㸩",8
"㹆",8
"㹡",8
"㺋",8
"瓎",8
"㽯",8
"盀",8
"盽",8
"㸓",8
"㾘",8
"㾡",8
"㿘",8
"䀔",8
"䁞",8
"䁣",8
"䁫",8
"䁭",8
"碦",8
"䂾",8
"䄥",8
"䅙",8
"䆈",8
"䆜",8
"䆪",8
"䆰",8
"䇅",8
"䇒",8
"箺",8
"粸",8
"糋",8
"䇙",8
"䇛",8
"䈘",8
"䉄",8
"䉏",8
"䉓",8
"䉗",8
"䉯",8
"䊣",8
"䊬",8
"絒",8
"䋳",8
"䌱",8
"䍰",8
"䎏",8
"䎻",8
"膅",8
"䏗",8
"䑻",8
"䒋",8
"䒛",8
"䓐",8
"䔔",8
"䕒",8
"𦭴",8
"虝",8
"䖞",8
"䗑",8
"䗕",8
"褤",8
"䙖",8
"覟",8
"覫",8
"詏",8
"䙸",8
"䚉",8
"䚏",8
"䛂",8
"䛃",8
"䝝",8
"䝳",8
"䞫",8
"䠕",8
"䯡",8
"𧿼",8
"邒",8
"䡪",8
"䣋",8
"䣫",8
"𨛎",8
"𨛮",8
"銾",8
"錌",8
"䤫",8
"䥎",8
"䥠",8
"䦬",8
"隀",8
"䦻",8
"䧃",8
"䧋",8
"䧌",8
"䧔",8
"䧵",8
"䧾",8
"䨅",8
"䨆",8
"䩈",8
"𨻓",8
"䫍",8
"䫚",8
"䫯",8
"䫺",8
"䬕",8
"鴴",8
"䱛",8
"麲",8
"䴶",8
"㾔",8
"𡭽",8
"曱",8
"𤧜",8
"䰳",8
"䏜",8
"敯",8
"䲣",8
"𤵅",8
"㓦",8
"橴",8
"𣳾",8
"𣩼",8
"𤥵",8
"𡐹",8
"𠃥",8
"𨘳",8
"𪻝",8
"𣎶",8
"𢠽",8
"𱩧",8
"𤨬",8
"𱾿",8
"𢛈",8
"𡎘",8
"𡊯",8
"𭭜",8
"𪶥",8
"𧞓",8
"𤤌",8
"𥒜",8
"𬽾",8
"夛",8
"𣅷",8
"𱐢",8
"𱤬",8
"𪻙",8
"𫣭",8
"𪲱",8
"𱚠",8
"𮇹",8
"𮕱",8
"𣇍",8
"𮰀",8
"𲀻",8
"𫻏",8
"𢠘",8
"𭜂",8
"𪼭",8
"𧙣",8
"𣄹",8
"𪆓",8
"𮮜",8
"𩿶",8
"𦔺",8
"𢔹",8
"𢖏",8
"𪏚",8
"𪥎",8
"𨗉",8
"𭺜",8
"𩏕",8
"𪵂",8
"𦴚",8
"𲌸",8
"𦐒",8
"𪰳",8
"𭘐",8
"𩭲",8
"𠗮",8
"𧞃",8
"𢵮",8
"𦉔",8
"𠮳",8
"𠂋",8
"𭂐",8
"𪵃",8
"㠬",8
"𫈐",8
"𩻢",8
"𤁒",7
"𢤀",7
"𣂪",7
"𩜍",7
"𤗇",7
"𨀙",7
"𠧗",7
"撹",7
"倽",7
"塁",7
"弐",7
"𢹍",7
"𤚐",7
"𨪕",7
"𣵻",7
"𩿦",7
"𡿜",7
"𥝣",7
"𤜴",7
"𦓒",7
"𦽦",7
"𡑈",7
"𧼭",7
"𣟸",7
"𧒗",7
"𨌬",7
"𡨛",7
"𢝶",7
"𨨞",7
"𣻟",7
"𤸄",7
"𣍿",7
"渓",7
"𦖦",7
"𧘿",7
"𥎪",7
"𦠇",7
"𦾴",7
"𧌩",7
"𢞏",7
"𨡜",7
"𣇁",7
"𤞉",7
"𠣏",7
"𧷬",7
"諚",7
"𢛌",7
"𣤈",7
"𥭲",7
"𥓔",7
"𦞙",7
"𪆼",7
"𠀤",7
"㔚",7
"𡡅",7
"𨻽",7
"𩑌",7
"䓨",7
"𩷫",7
"竐",7
"𨄂",7
"𩳌",7
"㹰",7
"㷘",7
"𡍦",7
"𨓭",7
"𧴦",7
"𡱒",7
"𦚖",7
"㟖",7
"𤰖",7
"䳊",7
"𨳨",7
"𥳼",7
"𡝻",7
"䎜",7
"𥜊",7
"𢑁",7
"𠻗",7
"𩒡",7
"吖",7
"𥪦",7
"宺",7
"柼",7
"徚",7
"𠎄",7
"䟳",7
"𢄭",7
"𣬼",7
"𦐢",7
"贘",7
"𢍂",7
"䜂",7
"𤍤",7
"魐",7
"㯦",7
"𧸃",7
"𨍎",7
"䓫",7
"𡼂",7
"𤽺",7
"𥯙",7
"碵",7
"㒘",7
"𠐒",7
"䆙",7
"𧞻",7
"𤃁",7
"𤩎",7
"㻥",7
"煱",7
"𦪗",7
"𡨾",7
"𠌽",7
"𦅃",7
"𨧿",7
"㠼",7
"𣾢",7
"竓",7
"𣲣",7
"𥔬",7
"𢘌",7
"𢈎",7
"𥱴",7
"𢟢",7
"𢈱",7
"𢗭",7
"𢌛",7
"𣇋",7
"𨋂",7
"𤧕",7
"𡨼",7
"㓌",7
"𥧹",7
"𤉦",7
"𨫌",7
"𧶚",7
"𪎗",7
"𨈚",7
"𦱄",7
"𣆂",7
"䢟",7
"㛾",7
"𠱡",7
"𪗾",7
"𡘑",7
"囲",7
"婰",7
"檪",7
"渋",7
"𥛜",6
"𧶝",6
"𢋊",6
"𭾅",6
"酚",6
"嘜",6
"釈",6
"𤘣",6
"澝",6
"膣",6
"𡂒",6
"𤲙",6
"𦑛",6
"𪄿",6
"𨮔",6
"靝",6
"𣭙",6
"𡑆",6
"𦪊",6
"𨻧",6
"𣌿",6
"哟",6
"瓩",6
"蹾",6
"𨮾",6
"䲡",6
"朆",6
"𩋢",6
"𩖴",6
"𩤸",6
"𩹮",6
"𣥜",6
"𨓴",6
"𤩲",6
"桤",6
"䦉",6
"𤂌",6
"𡨩",6
"𡶁",6
"𠴢",6
"𤬓",6
"𥩰",6
"屲",6
"𢟈",6
"𠾐",6
"𨪷",6
"爠",6
"𨹟",6
"𧭉",6
"𧲧",6
"𧡴",6
"𩆜",6
"鋱",6
"舯",6
"𢘐",6
"𧊕",6
"泶",6
"𦹡",6
"兿",6
"𤣓",6
"𧌉",6
"𩊊",6
"𡌖",6
"𠦚",6
"𪨣",6
"𥐦",6
"㭎",6
"𤢂",6
"䦢",6
"𥃽",6
"𥇟",6
"𥉜",6
"𩈅",6
"𣜭",6
"𪨱",6
"𡓗",6
"𢸧",6
"𥫫",6
"𤉬",6
"𥰯",6
"𩍍",6
"鏫",6
"𠲎",6
"𫚖",6
"𭘜",6
"纼",6
"𨐆",6
"𠧴",6
"𤩽",6
"𣽞",6
"𨙼",6
"𪻞",6
"𠸎",6
"𩴹",6
"𥓘",6
"𣘹",6
"讻",6
"𧍮",6
"𧔟",6
"𥗑",6
"𬈑",6
"𡹙",6
"𢹞",6
"𢬗",6
"𨋾",6
"鱽",6
"𡨂",6
"𣤫",6
"𦿄",6
"𩿱",6
"灰",6
"皨",6
"𩻂",6
"𠝦",6
"𡞒",6
"𣃶",6
"𥓮",6
"䬩",6
"𣏟",6
"𨹺",6
"𡎁",6
"𤑱",6
"𦅂",6
"𧧻",6
"鞷",6
"㩷",6
"𥼴",6
"溌",6
"醗",6
"嬶",6
"𣁳",6
"𢟯",6
"𬽲",6
"𪑶",6
"𠸆",6
"𢑩",6
"𨟦",6
"𤕌",6
"𢔔",6
"𣐼",6
"𬡫",6
"簗",6
"𥿧",6
"胩",6
"茓",6
"𮒗",6
"𡸠",6
"𧍃",6
"𦃪",6
"𤺆",6
"𩅀",6
"𧋐",6
"𧐎",6
"钚",6
"𩸆",6
"𦶟",6
"湚",6
"𧮼",6
"𣢖",6
"渕",6
"𧩰",6
"𦾨",6
"辁",6
"𧅴",6
"𫠜",6
"𫥼",6
"𬸦",6
"𩧆",6
"𤝞",6
"𪎕",6
"𣭮",6
"𡯎",6
"𥐙",6
"𩒎",6
"𢉴",6
"𩷨",6
"𡏻",6
"𠝶",6
"𦾶",6
"𱯋",6
"𭖮",6
"𮉞",6
"𭸛",6
"𢕟",6
"𮍩",6
"𪰍",6
"𣍾",6
"𧊳",6
"𧍡",6
"𠻴",6
"䣗",6
"叝",6
"挗",6
"𠴞",6
"𠷑",6
"𦟂",6
"𡩴",6
"𫋴",6
"𢲼",6
"钭",6
"𦎰",6
"𩮺",6
"𨆍",6
"𨤏",6
"𣷣",6
"𧻺",6
"𠯜",6
"𦨼",6
"癋",6
"銨",6
"𨉶",6
"裥",6
"䭋",6
"𡓭",6
"𣜏",6
"莰",6
"𬡜",6
"𩑭",6
"𧎐",6
"𥝖",6
"𦌎",6
"𭜥",6
"𢷺",6
"𫞶",6
"𣈂",6
"𨴻",6
"鲳",6
"𤊄",6
"梾",6
"钒",6
"铔",6
"铼",6
"𩢌",6
"𢰲",6
"𢍀",6
"𢔛",6
"𢳝",6
"𠑊",6
"𩔑",6
"𢆓",6
"𠇔",6
"𢸬",6
"梽",6
"𦂾",6
"𧐴",6
"𥠚",6
"𠉯",6
"𭰤",6
"𤟩",6
"溇",6
"𪓙",6
"啋",6
"䠹",6
"㝋",6
"㣠",6
"𨰉",6
"𣛮",6
"𥌈",6
"㞲",6
"𪀣",6
"𧗠",6
"嗲",6
"钋",6
"锑",6
"𡈾",6
"𡋧",6
"喯",6
"𥜃",6
"䨌",6
"𦬓",6
"㣳",6
"㫣",6
"𡋣",6
"𪿪",6
"臜",6
"䐛",6
"䪀",6
"𤾠",6
"灳",6
"𧂩",6
"𨼡",6
"𦬹",6
"𤆑",6
"𤐯",6
"𫔜",6
"鋶",6
"𨨄",6
"𢙘",6
"𨐬",6
"𭎸",6
"𩴂",6
"𥤆",6
"𨞑",6
"𨹏",6
"䇤",6
"𡎲",6
"𡞚",6
"𠼓",6
"鋯",6
"㴹",6
"𢛿",6
"𪄁",6
"𣊡",6
"𩷕",6
"𤚫",6
"𦍞",6
"𪂈",6
"𩬞",6
"𧻍",6
"𧣨",6
"㧜",6
"𦉈",6
"碸",6
"䤝",6
"䦶",6
"𩽁",6
"𩗹",6
"𮮢",6
"锬",6
"鹨",6
"𮜨",6
"𧞣",6
"𬗋",6
"𭥴",6
"𣥨",6
"𥊋",6
"𦑮",6
"𦀘",6
"𢡱",6
"𨆀",6
"𣫐",6
"𦅾",6
"𩹠",6
"𦑜",6
"𠈈",6
"𦜆",6
"𡴂",6
"𩎘",6
"𡷋",6
"𪵰",6
"𮢅",6
"竏",6
"𪁽",6
"𪃃",6
"𣋳",6
"𥩞",6
"𦀈",6
"𡳙",6
"𮊁",6
"镱",6
"𨒏",6
"𪋻",6
"𥃸",6
"𪇀",6
"𤟭",6
"𧽵",6
"𪎼",6
"𡌉",6
"𤡻",6
"𡥷",6
"𥯑",6
"𩒙",6
"𫆅",6
"𡪿",6
"䚬",6
"𤄞",6
"𠴏",6
"𨋚",6
"𥂗",6
"𠦆",6
"𠣓",6
"𦊷",6
"𦲸",6
"𣲫",6
"乪",6
"𣿇",6
"㝦",6
"㙟",6
"𨼊",6
"𣷫",6
"𠊾",6
"𤾭",6
"𩿄",6
"闁",6
"𩏷",6
"𤟯",6
"𥂠",6
"厛",6
"畳",6
"纃",6
"𣐝",6
"𪃬",6
"𨫾",6
"𧛮",6
"𥩟",6
"𡊵",6
"嗪",6
"𮁇",6
"鶳",6
"𤟇",6
"𡍤",6
"𠢮",6
"𡸍",6
"𤕁",6
"𬒀",6
"𡂠",6
"𤃳",6
"𩋪",6
"𤈱",6
"㫉",6
"𨸱",6
"𫑫",6
"𣗏",6
"煶",6
"㩏",6
"䮁",6
"𦮹",6
"𬘁",6
"𤛱",6
"𢯺",6
"㫞",6
"𤐌",6
"𨰰",6
"𥣮",6
"𦴷",6
"嫲",6
"𬄫",6
"𧜖",6
"𦺈",6
"𢱊",6
"𮠄",6
"𡋐",6
"𣉊",6
"𩹝",6
"𤓌",6
"𨥠",6
"𬇠",6
"𦵯",6
"塄",6
"𡯛",6
"𩟃",6
"𩩝",6
"𦓔",6
"𬃪",6
"𠚥",6
"𥭖",6
"𨷻",6
"𩓸",6
"𡥨",6
"𦜉",6
"𥔖",6
"𦩀",6
"𤾫",6
"𠴼",6
"𠵚",6
"𡸢",6
"𣙺",6
"䌊",6
"𥑢",6
"𡋎",6
"𦱟",6
"𢯰",6
"錱",6
"𢝌",6
"糀",6
"哐",6
"倁",6
"㿞",6
"㿤",6
"𡇂",6
"𤽉",6
"𤾣",6
"𤾬",6
"𤿅",6
"𤉖",6
"䛷",6
"𤺪",6
"㘟",6
"𩆌",6
"簲",6
"𤻖",6
"𢰞",6
"𦡊",6
"𪈚",6
"𢖷",6
"𣟳",6
"𤶱",6
"𥱽",6
"𦿝",6
"𫋂",6
"𫾔",6
"𡮙",6
"𥵡",6
"𧙷",6
"𢷊",6
"𢣤",6
"𠐽",6
"𥳠",6
"𩌙",6
"𪚅",6
"肞",6
"疩",6
"𥔋",6
"𣍤",6
"𤣕",6
"𢉛",6
"𫢦",6
"𱿲",6
"𪤨",6
"𠠏",6
"𡼗",6
"㖈",6
"𡏊",6
"𪝴",6
"𭼗",6
"𣽴",6
"𡊜",6
"𥕥",6
"𥨯",6
"𡎤",6
"𢈚",6
"𣜃",6
"㘬",6
"𤈪",6
"𡒳",6
"𫮊",6
"𤁂",6
"𤀤",6
"鿿",6
"𬒔",6
"𨝎",6
"𤒤",6
"𣿩",6
"䙛",6
"𪤠",6
"𡌶",6
"𲁆",6
"𲇖",6
"㟔",6
"𱴻",6
"㳭",6
"䊒",6
"𣢺",6
"𠱔",6
"𩦐",6
"𦑱",6
"𮊺",6
"𡪠",6
"𫙷",6
"𭠌",6
"𡿔",6
"饄",6
"鎾",6
"𫓠",6
"𨪴",6
"𱦵",6
"𬫌",6
"𦐼",6
"𨫷",6
"𪻘",6
"𫜣",6
"𪁈",6
"𩷭",6
"𮛵",6
"𨥤",6
"濐",6
"𤩨",6
"𣻚",6
"俼",6
"𧘌",6
"𥨌",6
"𨦡",6
"𱬂",6
"粫",6
"𥔌",6
"𱖀",6
"𱗎",6
"汈",6
"𫭥",6
"𬏳",6
"𤤦",6
"𨽿",6
"𤐴",6
"𩘎",6
"𪶽",6
"䬺",6
"𩽏",6
"𪶐",6
"𭹨",6
"㐶",6
"峢",6
"焧",6
"䁉",6
"𱮸",6
"𮃼",6
"𩸃",6
"𪁿",6
"𤙭",6
"𩄘",6
"𱮽",6
"𢫻",6
"𩞽",6
"𩼎",6
"𫊶",6
"㷪",6
"㸉",6
"𢺏",6
"澵",6
"㠻",6
"䲫",6
"䋅",6
"㔫",6
"𮥥",6
"𡵃",6
"遤",6
"䲍",6
"𠶧",6
"𠂐",6
"𡦺",6
"𥏃",6
"灻",6
"㴅",6
"㽖",6
"䤱",6
"𢽌",6
"𤲀",6
"㫆",6
"溊",6
"𦉃",6
"𢢨",6
"𤉴",6
"𠇀",6
"兙",6
"㟑",6
"䲆",6
"𣾺",6
"𢯆",6
"䖾",6
"㘔",6
"𩼓",6
"㭽",6
"䶚",6
"㗄",6
"𨼥",6
"𤷡",6
"䆐",6
"䣈",6
"夁",6
"䵡",6
"䰺",6
"𦽲",6
"㪰",6
"㴇",6
"䯆",6
"𠈦",6
"𩍶",6
"㠮",6
"𦰡",6
"䬜",6
"䎾",6
"䯃",6
"烥",6
"㘹",6
"𤀸",6
"𪓺",6
"𢫨",6
"𨈂",6
"𧊷",6
"𩮤",6
"䪃",6
"𢅕",6
"𡿓",6
"㞎",6
"𧛊",6
"𩣥",6
"𨖑",6
"𥊌",6
"𥥸",6
"䧣",6
"𥲽",6
"𩾳",6
"㙿",6
"𪊓",6
"㕝",6
"㤌",6
"䑅",6
"䪄",6
"㙼",6
"㣋",6
"儮",6
"龺",6
"㐴",6
"㑏",6
"㑼",6
"𠍲",6
"㓈",6
"㓧",6
"㔕",6
"㕃",6
"䥚",6
"㕪",6
"㗓",6
"㘛",6
"堻",6
"奦",6
"姀",6
"姯",6
"娢",6
"娮",6
"婅",6
"婒",6
"婛",6
"婝",6
"婨",6
"媝",6
"媩",6
"嫝",6
"嫾",6
"嬂",6
"嬕",6
"嬘",6
"嬨",6
"嬫",6
"孇",6
"㚧",6
"㚱",6
"㚵",6
"㛏",6
"㛝",6
"㛬",6
"㛷",6
"㜋",6
"㜖",6
"㜥",6
"㜦",6
"㜱",6
"宱",6
"㞀",6
"㞅",6
"幊",6
"㞨",6
"㞻",6
"㟈",6
"㟱",6
"徆",6
"㡶",6
"㢄",6
"㣀",6
"㣄",6
"慩",6
"㤒",6
"㤧",6
"㥡",6
"㦋",6
"㦭",6
"擶",6
"㧭",6
"㨼",6
"㩄",6
"斊",6
"㪂",6
"㪕",6
"䐋",6
"椕",6
"樥",6
"樦",6
"檶",6
"歽",6
"㰾",6
"㱉",6
"㱰",6
"㲧",6
"𣥳",6
"沀",6
"浳",6
"渁",6
"瀻",6
"㳪",6
"㳸",6
"㴏",6
"㴪",6
"㴳",6
"㴷",6
"㵻",6
"烅",6
"煭",6
"爜",6
"㷦",6
"㷹",6
"𤆏",6
"𤖣",6
"牞",6
"猄",6
"㹚",6
"㹣",6
"㻕",6
"㽊",6
"㽝",6
"疜",6
"癚",6
"睙",6
"㿆",6
"䀅",6
"䁃",6
"䂁",6
"碂",6
"秚",6
"秹",6
"竎",6
"䂲",6
"䂷",6
"䂼",6
"䅆",6
"䅒",6
"䇈",6
"𥦆",6
"𥨐",6
"箢",6
"簤",6
"糡",6
"䉐",6
"䉘",6
"䊁",6
"䊃",6
"䊏",6
"䊖",6
"䊛",6
"䊰",6
"䊱",6
"縥",6
"聕",6
"䋬",6
"䌀",6
"䌚",6
"䍾",6
"䎋",6
"腟",6
"䏱",6
"萔",6
"䒡",6
"䒬",6
"䓎",6
"䓽",6
"䔙",6
"䕗",6
"䖁",6
"𦯬",6
"虠",6
"蛿",6
"䖎",6
"䖗",6
"䖫",6
"䗄",6
"䗝",6
"䗰",6
"襙",6
"䘘",6
"䙩",6
"覨",6
"覾",6
"詊",6
"謒",6
"謽",6
"䚚",6
"䚪",6
"䛝",6
"賶",6
"軉",6
"䝃",6
"䝊",6
"䞄",6
"䞑",6
"䞝",6
"䞺",6
"䞻",6
"迌",6
"䢢",6
"䢧",6
"䣲",6
"䣷",6
"䤆",6
"銌",6
"閯",6
"䤢",6
"䥉",6
"䥋",6
"鞝",6
"䨉",6
"䨎",6
"䩝",6
"䩧",6
"䪋",6
"䪶",6
"䫑",6
"䭝",6
"𩞕",6
"髚",6
"髱",6
"䭻",6
"䮳",6
"䯐",6
"䰦",6
"䰨",6
"䰬",6
"鮟",6
"䱃",6
"䱫",6
"䱿",6
"䲂",6
"䲉",6
"䴱",6
"䵜",6
"䶇",6
"𡒔",6
"㺴",6
"㗺",6
"敋",6
"䒇",6
"𥼊",6
"𧫡",6
"㼆",6
"𢕲",6
"𪤑",6
"㻃",6
"㬏",6
"𧠵",6
"䯶",6
"䞎",6
"𬑞",6
"𪫪",6
"𡵡",6
"𧜴",6
"𡸯",6
"焹",6
"𨖄",6
"㶱",6
"𤦜",6
"𣏏",6
"𪐘",6
"𫅹",6
"𬻫",6
"𱧈",6
"𩭬",6
"𥤱",6
"𡌆",6
"𭏏",6
"𱢉",6
"𪴑",6
"𪸚",6
"𨦮",6
"㑫",6
"𫵽",6
"𪆙",6
"𭰵",6
"𮡃",6
"𭏝",6
"𬟸",6
"𬎃",6
"𡭪",6
"𧃸",6
"㕵",6
"𭗖",6
"𧠾",6
"𮁈",6
"𡸥",6
"𢹃",6
"𠊙",6
"𪩚",6
"𪰲",6
"𡐞",6
"𤦮",6
"𩂈",6
"𩶗",6
"𪾜",6
"𤒎",6
"㑅",6
"𮗗",6
"𫪦",6
"𨀸",6
"𥣋",6
"𦁹",6
"𧃖",6
"𭖵",6
"𩃖",6
"𮧥",6
"𮭳",6
"乧",6
"㖯",6
"𫒐",6
"𥞵",6
"𱩽",6
"𤼠",6
"𨩿",6
"𡌋",6
"㒣",6
"𭜩",6
"繧",6
"𱖓",6
"𥜇",6
"𤫴",6
"𮂋",6
"𠉇",6
"㭅",6
"𱽯",6
"𭫶",6
"𭵼",6
"𲆂",6
"𨘧",6
"𥨖",6
"𱑽",6
"𮜒",6
"𤵤",6
"𦮝",6
"𪼟",6
"䥹",6
"𭏫",6
"𱰫",6
"𭯤",6
"𥬣",6
"𥇙",6
"𭍺",6
"𭒆",6
"𱧒",6
"𪫮",6
"𭸵",6
"𲊡",6
"𮒑",6
"𨣓",6
"𭭛",6
"𪬴",6
"𪐧",6
"𪰗",6
"𪼆",6
"𢉷",6
"𭲱",6
"𤖠",6
"𠢄",6
"𭎰",6
"𤹂",6
"𭗹",6
"𩽰",6
"𣝲",6
"𦐰",6
"𮃩",6
"𭞍",6
"𥵉",6
"𠅞",6
"榊",6
"𭳧",6
"𭦬",6
"𮐣",6
"𠎶",6
"㔛",6
"㭐",6
"𠆋",6
"𢁎",6
"𦃫",6
"𠮴",6
"𭆼",6
"𮏪",6
"𪷓",6
"𫌊",6
"𠱐",6
"𩅕",6
"𪨔",6
"𪮢",6
"𣋅",6
"𫑼",6
"𫾯",6
"𡉦",6
"喵",5
"𡧅",5
"𣉉",5
"𦰕",5
"𧕠",5
"𤍬",5
"𧳷",5
"𩬿",5
"𩯠",5
"𪄙",5
"𤙘",5
"𠏘",5
"𪘯",5
"𦥶",5
"𡒡",5
"𢀍",5
"𢖸",5
"𢛙",5
"𢢓",5
"𤕬",5
"𤮲",5
"𥑿",5
"𥶔",5
"𦃽",5
"𠉎",5
"𠴑",5
"𡅻",5
"𡡢",5
"𨁃",5
"𤜬",5
"𡠄",5
"𨳫",5
"呒",5
"𥊹",5
"𨵟",5
"𩢔",5
"𡩚",5
"𥟑",5
"𩍕",5
"榀",5
"𢃆",5
"𩮓",5
"𠢯",5
"𣆨",5
"𥺦",5
"𢝄",5
"𢠝",5
"𠨒",5
"𠢚",5
"𢔙",5
"𤯴",5
"𪖔",5
"𩩰",5
"𢢺",5
"𣏨",5
"𨚀",5
"𥭾",5
"𨤃",5
"𥄑",5
"𥙗",5
"𥴠",5
"𧪠",5
"𩅑",5
"𢇬",5
"𣣼",5
"𤌧",5
"𦰟",5
"𢚬",5
"𪀯",5
"𣤲",5
"𩓢",5
"𪋟",5
"𪍭",5
"𩑙",5
"𢋇",5
"𥙁",5
"𢟨",5
"𢾃",5
"𣿳",5
"𥱾",5
"𧀦",5
"𩄋",5
"𪊚",5
"𠒴",5
"𣧶",5
"𧍭",5
"𨘣",5
"𪊘",5
"𠺑",5
"𢊗",5
"𣧏",5
"𨳟",5
"𠉮",5
"𠫯",5
"𡯵",5
"𡻆",5
"𢋧",5
"𣇦",5
"𥎾",5
"𥪜",5
"𦎸",5
"𦺕",5
"𧽲",5
"𨅠",5
"𨋡",5
"𩬳",5
"𩱽",5
"𪇓",5
"𪈦",5
"𠃂",5
"𠲋",5
"𣛚",5
"𣥮",5
"𤯷",5
"𦍅",5
"𦏳",5
"𧳚",5
"𨆆",5
"𨿇",5
"𩞢",5
"𩲨",5
"𪍳",5
"𥺢",5
"𨚿",5
"𣑃",5
"𧨆",5
"𨉯",5
"𨵁",5
"𢫙",5
"𡢤",5
"𥐺",5
"𨚣",5
"𤖔",5
"𨋫",5
"𠵕",5
"𥺼",5
"𥻝",5
"𧑍",5
"㶽",5
"𢰝",5
"𡢚",5
"𣺖",5
"𤻇",5
"𧅂",5
"𪋽",5
"𩫴",5
"𠭍",5
"𡩉",5
"𦒳",5
"𦒸",5
"𢽵",5
"㙦",5
"𡪯",5
"𣝢",5
"𨈕",5
"𨭄",5
"𠣜",5
"𡸇",5
"蒈",5
"錹",5
"𧀿",5
"𡉕",5
"𡘛",5
"𡝉",5
"𤘗",5
"𤝲",5
"𤭑",5
"𥼡",5
"𦨳",5
"𦷽",5
"𧇈",5
"𧳎",5
"𧺲",5
"𨐚",5
"𪕡",5
"𥀱",5
"𦈱",5
"𡨪",5
"𣛎",5
"𥪔",5
"𦰰",5
"𩹊",5
"𤗶",5
"𤠙",5
"𨹼",5
"𢥈",5
"𠨽",5
"𡹌",5
"𥖣",5
"𠂶",5
"𠹈",5
"𥁀",5
"𤟘",5
"𪚾",5
"𣺢",5
"𡇪",5
"𠹐",5
"𢶕",5
"𥉕",5
"𧪤",5
"𧿞",5
"𩌄",5
"𡈎",5
"𡜡",5
"𢁢",5
"𣑀",5
"𣦿",5
"𣱏",5
"𣱾",5
"𤕘",5
"𦷢",5
"𧆹",5
"𧽋",5
"𩝷",5
"𪄝",5
"𠥕",5
"𠧨",5
"𣐿",5
"𠧖",5
"𥚮",5
"𥡖",5
"𧬞",5
"𪋀",5
"𨫢",5
"𧩡",5
"𪐷",5
"𠝏",5
"𢳾",5
"𢌮",5
"𥕖",5
"𥞩",5
"𧚂",5
"𧧎",5
"𧽿",5
"𨛓",5
"𩐵",5
"𩕉",5
"𠹒",5
"𣇬",5
"𣶆",5
"𥕗",5
"𥩌",5
"𥫒",5
"𦁈",5
"𧱡",5
"𧾧",5
"𩅯",5
"𣩕",5
"𦚵",5
"𨣺",5
"𤱱",5
"𤏈",5
"𧥦",5
"𢚤",5
"𤛗",5
"𦓋",5
"𨥒",5
"𤙟",5
"𤚄",5
"𤛃",5
"𦷝",5
"𠼳",5
"𣆻",5
"𥢐",5
"𥰃",5
"𩝊",5
"𦱎",5
"𩝙",5
"𣉛",5
"𥜰",5
"𥿇",5
"𢛓",5
"𧊝",5
"𨐥",5
"𤘦",5
"𥚎",5
"𩜨",5
"𪋜",5
"𦋲",5
"𦌃",5
"𧴴",5
"𩟱",5
"𡠟",5
"𠷳",5
"𣐪",5
"𤪟",5
"𡓬",5
"𢘂",5
"𢽤",5
"𢾼",5
"𤰣",5
"𥎩",5
"𦝭",5
"𦪉",5
"䣭",5
"𣶀",5
"𥴌",5
"𥺟",5
"𥽑",5
"𧦜",5
"𨩆",5
"𦣥",5
"𧫸",5
"𨜧",5
"𡵂",5
"𤍻",5
"𢞠",5
"𢬂",5
"𢭮",5
"𧞿",5
"𡃢",5
"𡦎",5
"𥅩",5
"𦞝",5
"𧤟",5
"𧪢",5
"𨐛",5
"𩡹",5
"𡝍",5
"𢛘",5
"𢭁",5
"𥞦",5
"𨳡",5
"𤚓",5
"𢍳",5
"𡒩",5
"𡡮",5
"𠫜",5
"𠲣",5
"𦨝",5
"𦨠",5
"𧉛",5
"𧺦",5
"𧿟",5
"𨀭",5
"𨑼",5
"𨪾",5
"𩨤",5
"𡄶",5
"𢳓",5
"𧘓",5
"𧷍",5
"𨲙",5
"𩓂",5
"𪖮",5
"𩛤",5
"𣊶",5
"𦫲",5
"𩢴",5
"奌",5
"䡸",5
"𣯧",5
"𩿍",5
"𣹞",5
"𪔞",5
"𢨫",5
"𤆭",5
"唡",5
"㛈",5
"𤵗",5
"𩶉",5
"𥘡",5
"𠌡",5
"𩈨",5
"𩱉",5
"𠻄",5
"𨴜",5
"𢸍",5
"𥦁",5
"𤄛",5
"𧁂",5
"𨆷",5
"𨯝",5
"𨹅",5
"𨽮",5
"𩄮",5
"𩅣",5
"𩅲",5
"𩆰",5
"𩈁",5
"𪑫",5
"𢬁",5
"𠊔",5
"𦗨",5
"𡓫",5
"𢯯",5
"𣪓",5
"𪗈",5
"𣙟",5
"𣟯",5
"𪄸",5
"𥀦",5
"𧀛",5
"𧪕",5
"𠾦",5
"𢛞",5
"𢳋",5
"𣬍",5
"𤖯",5
"𤿾",5
"𥥪",5
"𦩖",5
"𧟍",5
"𧼠",5
"𪂃",5
"㶪",5
"㺳",5
"𠂾",5
"𠟈",5
"𡛡",5
"𡜊",5
"𢱈",5
"𣃣",5
"𣬮",5
"𣬾",5
"𤞜",5
"𤷁",5
"𨟷",5
"𨹭",5
"𩔌",5
"𩔻",5
"𩬴",5
"𩵣",5
"𣑾",5
"𦖃",5
"𦖋",5
"𧰅",5
"𦣔",5
"𦖁",5
"㛇",5
"𥼜",5
"𩾲",5
"𨔺",5
"𩽽",5
"𧴘",5
"𩮟",5
"𡊌",5
"𢄣",5
"𢘶",5
"𦃰",5
"𩅡",5
"𦉴",5
"𥏪",5
"𠉲",5
"𢌹",5
"𨟓",5
"𤍇",5
"𧚓",5
"𢶢",5
"𥧛",5
"𡯓",5
"塮",5
"墹",5
"𤦑",5
"𧝤",5
"𪖛",5
"𣳄",5
"𩆯",5
"𩈻",5
"𥃢",5
"𨻴",5
"𩞏",5
"𨏭",5
"𠈇",5
"𣭜",5
"𨎸",5
"𨾣",5
"𪚏",5
"𠽋",5
"𣑔",5
"𡵜",5
"𨪈",5
"𠙳",5
"𥠞",5
"𠤭",5
"𡟌",5
"𡟗",5
"𣈸",5
"𣝹",5
"𣩏",5
"𣼟",5
"𥂇",5
"𥪬",5
"𦯛",5
"𢊷",5
"𡉎",5
"𧃜",5
"𨋔",5
"𪈣",5
"𣁎",5
"𥅊",5
"𥨞",5
"𠬩",5
"𢾁",5
"𦨈",5
"𦩟",5
"𩊤",5
"𡻠",5
"𥫣",5
"𥭵",5
"𥯋",5
"𦮠",5
"𦛒",5
"𩛼",5
"𩛇",5
"𩧻",5
"𢼶",5
"𣗸",5
"𣄾",5
"𣅙",5
"𣓁",5
"𩚷",5
"纄",5
"餏",5
"𢾜",5
"𨔰",5
"𦁊",5
"𣳼",5
"𧬋",5
"𢪆",5
"𦓎",5
"𣗴",5
"𣌕",5
"𣧖",5
"𥮜",5
"甮",5
"𤜤",5
"𧴑",5
"𧿆",5
"𩾸",5
"𥂴",5
"𠃴",5
"𩚍",5
"𤓇",5
"𥬏",5
"𤷆",5
"𨵆",5
"蒎",5
"𪅕",5
"𢂎",5
"𣋄",5
"𥸵",5
"𦧸",5
"𩷵",5
"𨰫",5
"𨳘",5
"𡛚",5
"𤪷",5
"𡤌",5
"𣊭",5
"𤎟",5
"𦹾",5
"𣏧",5
"𤣃",5
"𨽢",5
"𤕞",5
"𥂋",5
"𣣢",5
"𡔞",5
"𢞫",5
"𢡕",5
"𧨉",5
"𩓉",5
"𠋝",5
"𠕾",5
"𣁄",5
"𧤷",5
"𧚪",5
"𠷭",5
"𤗮",5
"𢣕",5
"𥙬",5
"𠸓",5
"𠺝",5
"𣌗",5
"𣺦",5
"𥅠",5
"𥒨",5
"𦔎",5
"𩓖",5
"𠍇",5
"𤯵",5
"𥺁",5
"𢿲",5
"𣁿",5
"𣦜",5
"𣹝",5
"𥜕",5
"𧞏",5
"𧼐",5
"𨓳",5
"𨞶",5
"𩑗",5
"𤁐",5
"㭏",5
"𠸩",5
"㴋",5
"𣖚",5
"𤪞",5
"𩡏",5
"䣒",5
"𢚃",5
"𣞝",5
"𪀨",5
"螧",5
"𣳴",5
"𦝨",5
"𧏤",5
"𥴬",5
"𠈗",5
"𣇓",5
"𣳞",5
"𦕊",5
"𡻁",5
"𢃡",5
"𥷐",5
"𧧪",5
"𡺉",5
"𠝸",5
"𠷰",5
"𣫇",5
"𥙚",5
"𥈐",5
"𥢎",5
"𧩔",5
"𨛨",5
"𤧨",5
"𠘎",5
"𨑥",5
"𣞽",5
"𩱄",5
"駆",5
"𡓪",5
"𧶼",5
"𣺏",5
"𠉄",5
"𧶌",5
"𨯤",5
"𩧈",5
"𤭘",5
"𦺵",5
"𩓊",5
"𤵈",5
"𨁊",5
"䙍",5
"𨓈",5
"𧋱",5
"𢭎",5
"𣈼",5
"𢜍",5
"𦾥",5
"鐢",5
"𧮆",5
"耥",5
"𨍣",5
"𥺹",5
"𢪱",5
"𤏪",5
"𣃄",5
"𨈔",5
"𦆅",5
"𤋟",5
"穝",5
"𨜾",5
"𩕹",5
"𦴕",5
"𧋭",5
"𨎻",5
"䦀",5
"𤀪",5
"𤇯",5
"𥃾",5
"𥲑",5
"𩞙",5
"𠊭",5
"𠜚",5
"𠟻",5
"𡱀",5
"𢗍",5
"𢙶",5
"𢜯",5
"𢥒",5
"𣹹",5
"𤰫",5
"𥉸",5
"𥍇",5
"𦚚",5
"𨹿",5
"𤋷",5
"𪕾",5
"𦜡",5
"𧁁",5
"𨤠",5
"𩑥",5
"𣢶",5
"𦘦",5
"𠯓",5
"𤖻",5
"𧰩",5
"𨊡",5
"𩨑",5
"𩪥",5
"𡊄",5
"𢍯",5
"𧨷",5
"𨞾",5
"𡃡",5
"𣷍",5
"𦦴",5
"煀",5
"𢓞",5
"𦭕",5
"𧪣",5
"𨺟",5
"𩜎",5
"𠛃",5
"𡾄",5
"𡩞",5
"𨵪",5
"𩶹",5
"磮",5
"𦠽",5
"𠬿",5
"𩌎",5
"𨶏",5
"𣗔",5
"𦰦",5
"𩓩",5
"𧒤",5
"𦵻",5
"𨘪",5
"𠧠",5
"𥺝",5
"𢽉",5
"𣦒",5
"𣴉",5
"𡀋",5
"𡰭",5
"𦠉",5
"𩥶",5
"𦤑",5
"𨀐",5
"𩒐",5
"𤶭",5
"𥥘",5
"𣻦",5
"𦒧",5
"𧈁",5
"𧬌",5
"𧲠",5
"𪂶",5
"𪔩",5
"𥕼",5
"𥥃",5
"𡎪",5
"𨗡",5
"罉",5
"𨶳",5
"鴫",5
"㕶",5
"椛",5
"忰",5
"鑓",5
"桜",5
"𨄋",4
"𨎪",4
"𨃉",4
"𣟦",4
"𦾏",4
"𨃠",4
"𩦉",4
"𠩬",4
"𥌞",4
"𬾻",4
"𢮃",4
"𥧐",4
"𧀼",4
"𡕻",4
"𣎍",4
"𣗍",4
"𦻷",4
"𨻐",4
"𩲐",4
"𬾧",4
"铵",4
"铝",4
"啢",4
"𠺞",4
"𡕀",4
"雼",4
"嚑",4
"斱",4
"𢩳",4
"𤢆",4
"𥫯",4
"𦃃",4
"𦚅",4
"𪢮",4
"𠈮",4
"𡘧",4
"𡉏",4
"𡍋",4
"𦩕",4
"殌",4
"釹",4
"𤒄",4
"𦸀",4
"𧉥",4
"𣤕",4
"𨬡",4
"𫠃",4
"𩜯",4
"钡",4
"𤟵",4
"𭳕",4
"𫓩",4
"𥒰",4
"𠪙",4
"𤦩",4
"𡕇",4
"𭸗",4
"锊",4
"𧗲",4
"𭇹",4
"𣮵",4
"𪛌",4
"𥡜",4
"𥎈",4
"𥴩",4
"𨝣",4
"𦼊",4
"𡚌",4
"𡬜",4
"𥴒",4
"𬺓",4
"𩥃",4
"𫟪",4
"𠫔",4
"𨒄",4
"𤺙",4
"𢟟",4
"𤞣",4
"𨪫",4
"𧵋",4
"𩾯",4
"𦂼",4
"𠵨",4
"粏",4
"釢",4
"𩦫",4
"𠮈",4
"𭎻",4
"𢘬",4
"𠈋",4
"𢏕",4
"𧓕",4
"𪂝",4
"𩚙",4
"𥜝",4
"𨙱",4
"𣉯",4
"𨧭",4
"𦄉",4
"𬓃",4
"𪅶",4
"𣯚",4
"𣽲",4
"鉲",4
"𠍯",4
"𮗼",4
"𧔊",4
"𠗃",4
"𤧻",4
"𢃕",4
"𧲬",4
"釮",4
"𦩮",4
"𣝍",4
"𨭻",4
"𨲉",4
"𨮹",4
"𦀟",4
"𦘚",4
"𦊕",4
"𥧥",4
"𣴎",4
"𣅟",4
"硛",4
"𪘞",4
"𨴠",4
"𣃆",4
"𢾊",4
"𥦃",4
"𢣿",4
"𪀩",4
"銣",4
"𥟠",4
"𣼬",4
"𦠐",4
"𧽸",4
"𧵊",4
"𧝼",4
"𧙯",4
"𨍮",4
"𠆵",4
"𫘈",4
"赕",4
"𬴐",4
"㦈",4
"𫄧",4
"𨄭",4
"𭜌",4
"𭙒",4
"𪆚",4
"𩨁",4
"𮐨",4
"𮉤",4
"𬑆",4
"𨮗",4
"𥊺",4
"𩷏",4
"𮪏",4
"㶺",4
"𠯐",4
"耂",4
"鎷",4
"褝",4
"鉭",4
"𢘊",4
"坙",4
"𦣏",4
"𩻚",4
"𥦷",4
"閅",4
"𥫙",4
"𦉬",4
"𨟴",4
"𩓺",4
"𪊶",4
"𩔬",4
"𣨻",4
"𢹄",4
"𡠦",4
"𦬮",4
"𢁨",4
"𡒯",4
"𪾹",4
"𧃳",4
"㻜",4
"𨨅",4
"𪝀",4
"娦",4
"𦴪",4
"𢒺",4
"𢘛",4
"𩅠",4
"慐",4
"糥",4
"饂",4
"𨎏",4
"𡼿",4
"𡬳",4
"𢾉",4
"筺",4
"𠂈",4
"𠨸",4
"𡈋",4
"𢎙",4
"𩝋",4
"𡬠",4
"𠄗",4
"𡹚",4
"𡍒",4
"𥘯",4
"𭟓",4
"𩊐",4
"𦯀",4
"𤹔",4
"𫲨",4
"𢆖",4
"𥦋",4
"𥵳",4
"𦭓",4
"𫅪",4
"𫟌",4
"𠇓",4
"𣳢",4
"𣷌",4
"𢎹",4
"𨳮",4
"𱐯",4
"𱚌",4
"𱛈",4
"𨌑",4
"𧛯",4
"𡬺",4
"𭭀",4
"𠣗",4
"𢫕",4
"𬁪",4
"𢦒",4
"𫌲",4
"𬴲",4
"𩠙",4
"𠕁",4
"𡃣",4
"𡧿",4
"𢓷",4
"𤇈",4
"𩣓",4
"𫼆",4
"𬉄",4
"𢉩",4
"𠰘",4
"𮤍",4
"𢟆",4
"羰",4
"𠾆",4
"𢫀",4
"𠴡",4
"𦾓",4
"𨝋",4
"𥝻",4
"𣸹",4
"𥙵",4
"𬜢",4
"𪻵",4
"𩘹",4
"𨯒",4
"𢌚",4
"𧯘",4
"𩿰",4
"𣪯",4
"𩞻",4
"𨩭",4
"𪐦",4
"𩦃",4
"𩝧",4
"𤡲",4
"𧡱",4
"𥎌",4
"𩜲",4
"𨛶",4
"𬒿",4
"𦖣",4
"𡆴",4
"𨯀",4
"𢐙",4
"𩶜",4
"𩖶",4
"𤤺",4
"𤏐",4
"𮬩",4
"𠸖",4
"𤫵",4
"𤬉",4
"𧄕",4
"𧆽",4
"𩂸",4
"𢟩",4
"𣏋",4
"𧌰",4
"𧕻",4
"𩼠",4
"𤊱",4
"𩂜",4
"𩲊",4
"𦯧",4
"喺",4
"𪾼",4
"𨤽",4
"𤺩",4
"浕",4
"𤞇",4
"鈩",4
"𩡫",4
"𦉓",4
"𧍥",4
"𠵛",4
"𨆼",4
"𨚎",4
"𥕚",4
"𪘛",4
"𥩖",4
"𥩫",4
"𫶐",4
"𢹝",4
"𧮢",4
"𧎜",4
"焏",4
"𠐾",4
"𢩁",4
"𨫀",4
"𦡲",4
"𤁯",4
"𬑣",4
"𦒷",4
"𪡧",4
"𭭻",4
"𠱿",4
"苉",4
"𧞭",4
"𨃕",4
"𡧐",4
"𣓶",4
"𤦎",4
"𭿟",4
"𲌃",4
"𤠓",4
"𨶻",4
"𨮴",4
"絴",4
"𡂝",4
"𥤓",4
"𪅝",4
"𩜼",4
"𪉮",4
"𣞺",4
"𪅠",4
"𢯇",4
"𤃱",4
"灲",4
"貥",4
"𣏐",4
"𪫻",4
"哜",4
"𠘙",4
"𧡸",4
"𤗚",4
"𨑳",4
"𠂷",4
"𦋀",4
"𣜎",4
"𤗦",4
"𪝋",4
"𩉇",4
"𡭿",4
"𧉇",4
"𧢆",4
"𪺏",4
"𩮳",4
"𣉪",4
"𡏩",4
"𣯏",4
"𧒆",4
"𩝭",4
"𠮟",4
"鹎",4
"崂",4
"𤙑",4
"𤩠",4
"𥿻",4
"𥄷",4
"𪁲",4
"𣏫",4
"𨵾",4
"𠎺",4
"𩜦",4
"𧎤",4
"𧀋",4
"𧠤",4
"𧝞",4
"𣝠",4
"𦙵",4
"𦉋",4
"𩯡",4
"𣲍",4
"𩄅",4
"𪟉",4
"𪭴",4
"𩚲",4
"𮖷",4
"灁",4
"铈",4
"铕",4
"镉",4
"钸",4
"铌",4
"𥎝",4
"鳓",4
"𣙤",4
"𬽘",4
"𩔧",4
"鏰",4
"𪸸",4
"𣁦",4
"𥬙",4
"𣣇",4
"𥗤",4
"缂",4
"𧅱",4
"𥔿",4
"𩰄",4
"萣",4
"𢱉",4
"𣨺",4
"𦅦",4
"銫",4
"鸸",4
"铊",4
"𪑳",4
"鉯",4
"𤀀",4
"涁",4
"揻",4
"䘞",4
"㮜",4
"龲",4
"𡗞",4
"𩜙",4
"𨺲",4
"𡣥",4
"𩽙",4
"𠑀",4
"𩼯",4
"𦼖",4
"𩚠",4
"𦰶",4
"𦎏",4
"𬋡",4
"𪢐",4
"𢩫",4
"𩋆",4
"𩃉",4
"𭣟",4
"𢮹",4
"𤘒",4
"𭂊",4
"𣖴",4
"𤂰",4
"𨄥",4
"螨",4
"𪸅",4
"𩧉",4
"𨥰",4
"𤝰",4
"𡈕",4
"𡉣",4
"𩧄",4
"𣙢",4
"𤤓",4
"𣣄",4
"𣿨",4
"𦨚",4
"𬷅",4
"𬷚",4
"𥳋",4
"𦜐",4
"𨵄",4
"𪊞",4
"𠻸",4
"𧿜",4
"𩕏",4
"𧈡",4
"𢴌",4
"啩",4
"𢆰",4
"𤀍",4
"𥯻",4
"𦛘",4
"𪓆",4
"𪋊",4
"𦽿",4
"𥲫",4
"𧪌",4
"𧖜",4
"𤈜",4
"囍",4
"𣯅",4
"𡉥",4
"𤧑",4
"𩥚",4
"𣝽",4
"𩻰",4
"胨",4
"𩘔",4
"𥙅",4
"𠩻",4
"𠵌",4
"𠗼",4
"𥂞",4
"𣑕",4
"㬵",4
"𡁮",4
"𥤩",4
"𢿘",4
"𮪃",4
"𢆱",4
"𦤃",4
"𧇪",4
"𫏏",4
"𬽉",4
"𭂁",4
"𠮱",4
"𧆔",4
"𥓿",4
"扖",4
"锩",4
"铀",4
"𣪒",4
"𩣳",4
"萕",4
"𪎒",4
"𦭹",4
"𣵾",4
"𦳄",4
"𨹤",4
"𩒘",4
"䮼",4
"𧂛",4
"𧧐",4
"𥯪",4
"𬅿",4
"𨩫",4
"𲄺",4
"𣃡",4
"𪀛",4
"𪔊",4
"𬹥",4
"𪌈",4
"𧇢",4
"𥉐",4
"𤦻",4
"𦗴",4
"𤯋",4
"𧁽",4
"𡹤",4
"𤢺",4
"𧳜",4
"𪔿",4
"𪕏",4
"𪕪",4
"𪕭",4
"𪕹",4
"𪖂",4
"𪖇",4
"𪖈",4
"𪖎",4
"𢰺",4
"𧎉",4
"𥂫",4
"𪌡",4
"脶",4
"毴",4
"𣽽",4
"𡉰",4
"𢴰",4
"𦞰",4
"𦵶",4
"𠗖",4
"㓍",4
"籇",4
"𤂛",4
"𦅷",4
"𥂩",4
"𣃽",4
"纐",4
"𮪭",4
"𩫽",4
"𡾖",4
"𪂆",4
"𡓚",4
"𥁲",4
"𥙡",4
"𥘇",4
"𭘧",4
"𦬂",4
"𢚀",4
"䴘",4
"𣆺",4
"𢢾",4
"𣲩",4
"𢣦",4
"𩱩",4
"𥗂",4
"𧪻",4
"𣙽",4
"𡿁",4
"𦍋",4
"𨎨",4
"𧀝",4
"𩞷",4
"𥼅",4
"𩦞",4
"𩦮",4
"𨵵",4
"𦾚",4
"𠑗",4
"𤲮",4
"𤧪",4
"𧎷",4
"𧊍",4
"𠪮",4
"𠬼",4
"𢛳",4
"𢴟",4
"𥊶",4
"𨀮",4
"𨱞",4
"𢺈",4
"𦉸",4
"𨩀",4
"𣓣",4
"𨓤",4
"𧴨",4
"𤢕",4
"𥕅",4
"𮪄",4
"𠆶",4
"𢝔",4
"𦑢",4
"𪃫",4
"𣣖",4
"𧐣",4
"𤁸",4
"𦸃",4
"𩨴",4
"𩩓",4
"𤜀",4
"𪂎",4
"𢱦",4
"𣚽",4
"𥾜",4
"𦮋",4
"𡬯",4
"𩋎",4
"𩾮",4
"𦇨",4
"𨱰",4
"𠒮",4
"𫎮",4
"𥍧",4
"𨅨",4
"𥋚",4
"𤄾",4
"𧏚",4
"𫃢",4
"𢯔",4
"𥽇",4
"𤈼",4
"𣸝",4
"柡",4
"𩜤",4
"𤫫",4
"𡵽",4
"𬙯",4
"𦺭",4
"𣹆",4
"𥠼",4
"𫾩",4
"䬗",4
"𠦪",4
"𡜩",4
"𤰶",4
"𫹎",4
"𡜭",4
"𡝪",4
"𤻮",4
"𨔞",4
"𩋻",4
"𥌚",4
"腗",4
"𦋔",4
"𥘦",4
"𪐬",4
"耧",4
"𨿜",4
"𣦀",4
"𡽴",4
"𢀺",4
"𧲽",4
"𧴃",4
"繌",4
"𣾪",4
"𪀌",4
"𤱂",4
"呍",4
"𤤖",4
"𣿰",4
"𧜗",4
"𢂽",4
"𠠻",4
"𥨆",4
"𩅔",4
"𦽳",4
"𤠠",4
"𩷱",4
"𧆐",4
"𣮫",4
"𤸼",4
"𫲦",4
"𠨍",4
"𤀯",4
"𦠡",4
"𩍸",4
"𪇮",4
"𠫐",4
"𣯍",4
"𧗃",4
"𤸬",4
"𤮅",4
"𦏻",4
"𢼜",4
"龰",4
"𣻣",4
"𦒛",4
"𢄥",4
"𤃬",4
"𤊾",4
"𥄕",4
"𥜔",4
"𢨌",4
"𢫶",4
"𦘖",4
"𩉬",4
"𩊺",4
"𩑒",4
"𪙷",4
"𧙩",4
"𦌴",4
"𢺢",4
"𨢌",4
"𠦒",4
"𦗁",4
"𣦃",4
"𤈠",4
"𥭸",4
"𨿘",4
"𣂑",4
"𨯢",4
"𡑢",4
"𦔮",4
"𬻵",4
"𩻴",4
"𢲎",4
"艔",4
"𣅪",4
"𭐀",4
"𮊸",4
"𮖿",4
"𠕦",4
"蹓",4
"𡮦",4
"𥦑",4
"锘",4
"𤍍",4
"𥜨",4
"𬊂",4
"𤭹",4
"𢐲",4
"𨳾",4
"𦶍",4
"𣐹",4
"𡋊",4
"𠽡",4
"𦚉",4
"𮟽",4
"𡺩",4
"𡻎",4
"𧺯",4
"𡄪",4
"鲄",4
"鳁",4
"𢋈",4
"𤃜",4
"𣯞",4
"𧊥",4
"𠜨",4
"𨡩",4
"𠞊",4
"𦯲",4
"𣂷",4
"𧁲",4
"𩿤",4
"𩘝",4
"𦫉",4
"𤰄",4
"𡔯",4
"𧀺",4
"墸",4
"𠉪",4
"𩚹",4
"𡛫",4
"𦛨",4
"𬚽",4
"𠻃",4
"𡅵",4
"𦱊",4
"𦟜",4
"𠵼",4
"鎵",4
"𣋪",4
"䞹",4
"𤾉",4
"𨲟",4
"𣜬",4
"𤢽",4
"𠊰",4
"𩶽",4
"𬠡",4
"魲",4
"𧋬",4
"𧀬",4
"𮕟",4
"乄",4
"𠯇",4
"𣐱",4
"𫊆",4
"𫞀",4
"𥟡",4
"鶸",4
"𡑟",4
"𡒋",4
"𡐜",4
"𡖙",4
"𨱳",4
"𨺠",4
"𪑠",4
"𧱘",4
"𨏰",4
"𩢾",4
"𪆞",4
"𫄃",4
"𣖜",4
"𨙮",4
"𡱰",4
"嬠",4
"𠭦",4
"𨚵",4
"𫐰",4
"𬝅",4
"𨭩",4
"𢻎",4
"𣆗",4
"𩝽",4
"騿",4
"𭑭",4
"𠌭",4
"𦹑",4
"𠓦",4
"椩",4
"𢖊",4
"𧮹",4
"𠼤",4
"𡑽",4
"𥆴",4
"𥑁",4
"𬇿",4
"𧻫",4
"𭌔",4
"珯",4
"𩻸",4
"𣲂",4
"𧉔",4
"𡩣",4
"𦓰",4
"𢬸",4
"𢁓",4
"鲼",4
"𢶸",4
"𬁔",4
"𫚁",4
"𠽬",4
"𦏸",4
"𦑺",4
"𪄽",4
"𨮫",4
"𤂂",4
"䊾",4
"𩯬",4
"𤸈",4
"𣫅",4
"𭆤",4
"𪕙",4
"釔",4
"銱",4
"𢳂",4
"𩜵",4
"𤿑",4
"𧹝",4
"𧊄",4
"𦺦",4
"𩙈",4
"𠯯",4
"𡮿",4
"𩶌",4
"𥥅",4
"𭁹",4
"飑",4
"鲉",4
"𪫧",4
"𪊺",4
"褃",4
"㩙",4
"𣪏",4
"𧷏",4
"𠄒",4
"𠣥",4
"𤉧",4
"𦀓",4
"𱬬",4
"鿀",4
"𫖸",4
"𠭭",4
"𤼈",4
"襷",4
"𧅁",4
"㿜",4
"𠄬",4
"𧜒",4
"𠯤",4
"𢭔",4
"𱛉",4
"𭒡",4
"𭶢",4
"𮗨",4
"𦎑",4
"𦎠",4
"𩭹",4
"𫞃",4
"𭇪",4
"𨺹",4
"鲃",4
"𤌭",4
"𩘥",4
"𣛠",4
"𪣬",4
"𧎎",4
"𤁆",4
"𪓋",4
"𧨼",4
"𦪝",4
"𦀐",4
"𦃒",4
"镁",4
"㘢",4
"㿢",4
"𡇈",4
"𡇠",4
"𤽈",4
"𤽊",4
"𤾈",4
"𤾧",4
"𦓼",4
"𣋬",4
"𤘀",4
"𠇌",4
"𣻋",4
"𦒔",4
"𪄷",4
"𥖁",4
"𡟑",4
"𦛊",4
"𢙿",4
"𤓆",4
"𥘩",4
"𥉠",4
"𫘺",4
"𧃏",4
"𦚩",4
"𦡁",4
"𮘕",4
"𥆧",4
"𭸀",4
"𠊽",4
"𪊤",4
"𣇳",4
"𢅒",4
"𣦟",4
"𥂰",4
"𦍧",4
"𦗛",4
"𧸬",4
"𢢼",4
"𦳏",4
"𦾕",4
"𤜌",4
"𧎢",4
"𥾚",4
"𠯘",4
"𢺄",4
"𤖱",4
"䌣",4
"𢔱",4
"𨒡",4
"𤎶",4
"𤒰",4
"𧬘",4
"𠐤",4
"𢤩",4
"𢵅",4
"𣙉",4
"𥉋",4
"𦟠",4
"𧞶",4
"仫",4
"峂",4
"轷",4
"払",4
"𦛙",4
"𡹱",4
"𠎯",4
"𢼑",4
"𥹛",4
"砤",4
"㗍",4
"𠥶",4
"餸",4
"𤆠",4
"䀦",4
"𤒯",4
"㼃",4
"㴍",4
"䢗",4
"𧘅",4
"𣸅",4
"𣸖",4
"𦨡",4
"𦨯",4
"𦪕",4
"𦫈",4
"𩼉",4
"𣛟",4
"𬍺",4
"𪸡",4
"𥭭",4
"𥩚",4
"𦀷",4
"𩥬",4
"𩻩",4
"𩼢",4
"𤂸",4
"𥲌",4
"𨖸",4
"𪜲",4
"𩷍",4
"𤅂",4
"𭖕",4
"𱺻",4
"𭋝",4
"𥂦",4
"𣓃",4
"𱜳",4
"𨒭",4
"𭇮",4
"𥗠",4
"㬕",4
"䨔",4
"𥒭",4
"𩣔",4
"𡎑",4
"𡊻",4
"𥄼",4
"𡦐",4
"𣀉",4
"圐",4
"𩜺",4
"𡍫",4
"𣴣",4
"𤆼",4
"𬪎",4
"𣕯",4
"𤂈",4
"𤨡",4
"𦇬",4
"𣶺",4
"䏾",4
"𧲭",4
"𣕜",4
"垨",4
"𠥦",4
"𣛨",4
"㘃",4
"𡘷",4
"𣚭",4
"𢥏",4
"𨬖",4
"𨷏",4
"𡑲",4
"𬍄",4
"𫕠",4
"𣇼",4
"璤",4
"𠮃",4
"𦯳",4
"𩺱",4
"𬈫",4
"𠏮",4
"𣖃",4
"𢚝",4
"𡺬",4
"𪕐",4
"𬵩",4
"𦭶",4
"𩏤",4
"𡊀",4
"𣐵",4
"𩓨",4
"𣇕",4
"𨰦",4
"𣞁",4
"𤧼",4
"𪼙",4
"𦨾",4
"𱪦",4
"𦯎",4
"𨏦",4
"𫕈",4
"𡾳",4
"𮁖",4
"㰜",4
"𮙺",4
"𪼢",4
"𤎖",4
"𨮖",4
"𨰞",4
"𮘡",4
"龦",4
"𣜂",4
"𠞴",4
"𪨰",4
"𪿯",4
"𡑍",4
"𦅰",4
"𡊍",4
"𤫓",4
"炿",4
"𬍽",4
"𧇟",4
"㻢",4
"𡶥",4
"𡸲",4
"𩸣",4
"𤝌",4
"𨎺",4
"𡋛",4
"𢤐",4
"𩶲",4
"𣚂",4
"𤆀",4
"𩙤",4
"𪳕",4
"𱖽",4
"𱡏",4
"𣔭",4
"𫓐",4
"𥫳",4
"𪗜",4
"𡼶",4
"𩤠",4
"𡾇",4
"䖖",4
"𦐴",4
"𩋑",4
"𣓓",4
"𧢽",4
"𡉺",4
"𧒂",4
"䮖",4
"𬫃",4
"𫋥",4
"𱘮",4
"𨛱",4
"𪼐",4
"𮔀",4
"𲈮",4
"𮘺",4
"𤣿",4
"𠈄",4
"𨏢",4
"𡟋",4
"𥢓",4
"𠓭",4
"𢚿",4
"𪣥",4
"𬵵",4
"𥄖",4
"𧉬",4
"𭨋",4
"𥗺",4
"䂛",4
"𨧡",4
"𦱇",4
"𦍫",4
"𩖚",4
"𧽅",4
"𥣺",4
"𥅄",4
"𭳡",4
"𮟖",4
"𤂵",4
"𦳣",4
"𥄫",4
"𱮐",4
"𩽔",4
"琒",4
"㛟",4
"𧎔",4
"𢰸",4
"𧳇",4
"迚",4
"𢣣",4
"𣊯",4
"昸",4
"圧",4
"𮪚",4
"㙕",4
"䲈",4
"𤁾",4
"䛤",4
"𣶱",4
"𣿪",4
"𢼓",4
"𤭤",4
"𦓲",4
"𦔧",4
"㤫",4
"𪐼",4
"䶸",4
"𨜰",4
"𠆗",4
"𤛨",4
"𥻵",4
"嶳",4
"潂",4
"㚝",4
"䎆",4
"㐵",4
"𦩐",4
"䃟",4
"䦿",4
"𦸾",4
"𦯌",4
"鰚",4
"𨿷",4
"𡵠",4
"㳳",4
"䇴",4
"𪱩",4
"胢",4
"燲",4
"掹",4
"逧",4
"𥽫",4
"䭧",4
"𣝵",4
"鳾",4
"𩨥",4
"䱳",4
"䑾",4
"䠝",4
"仈",4
"𢓤",4
"㛨",4
"撪",4
"靵",4
"𥸌",4
"䆥",4
"𥐞",4
"𦳈",4
"𥝈",4
"𩎌",4
"𪑱",4
"䧬",4
"𧉦",4
"遖",4
"𥈜",4
"𠗉",4
"𠗨",4
"𢆷",4
"𪚰",4
"𤹡",4
"𥵁",4
"𭜒",4
"䰋",4
"𦵘",4
"𨔡",4
"㳞",4
"𨰡",4
"𡹜",4
"䪭",4
"穐",4
"𤰔",4
"䝛",4
"䓬",4
"輏",4
"㙑",4
"㛡",4
"㒪",4
"匎",4
"㓏",4
"㓓",4
"囸",4
"㕷",4
"㖁",4
"𡄼",4
"坓",4
"媴",4
"㚉",4
"㚦",4
"㛸",4
"㛽",4
"㜒",4
"𡜳",4
"𭶯",4
"㝒",4
"㞠",4
"𡧌",4
"㟫",4
"庺",4
"㣍",4
"㣏",4
"悡",4
"㣺",4
"㥐",4
"㥤",4
"撯",4
"檌",4
"㦾",4
"㧇",4
"㨩",4
"㩔",4
"㩸",4
"斴",4
"𢾻",4
"㬡",4
"桽",4
"橥",4
"欁",4
"㭌",4
"㰉",4
"欫",4
"㰫",4
"㱗",4
"㱢",4
"㱨",4
"㲒",4
"㲴",4
"涋",4
"㳃",4
"㳩",4
"㴈",4
"㵀",4
"𣶙",4
"焩",4
"㸗",4
"㹕",4
"㹵",4
"畃",4
"㽠",4
"㽴",4
"㿳",4
"䁰",4
"䂉",4
"䃆",4
"𥒁",4
"孞",4
"笀",4
"箼",4
"䉱",4
"䊴",4
"𥹣",4
"䋑",4
"䌏",4
"䍂",4
"䎢",4
"䏀",4
"臹",4
"艩",4
"㑱",4
"䏡",4
"䑟",4
"䓥",4
"䕎",4
"䖓",4
"䖰",4
"䗼",4
"䘉",4
"䘑",4
"䙂",4
"詚",4
"䚊",4
"䛜",4
"趇",4
"䟈",4
"䟟",4
"䠮",4
"䠲",4
"𧽊",4
"𨃓",4
"䣨",4
"𨢆",4
"銝",4
"閁",4
"雬",4
"鞩",4
"䪑",4
"饓",4
"䬭",4
"䭟",4
"䮌",4
"䰔",4
"𩤟",4
"䰹",4
"䲥",4
"䳗",4
"䳞",4
"䳷",4
"䴐",4
"𪃏",4
"𪅀",4
"䵰",4
"𪏶",4
"䥣",4
"䳧",4
"䊹",4
"𠢤",4
"𡛟",4
"𥔄",4
"㜂",4
"㜡",4
"䦾",4
"㚭",4
"嬞",4
"𠺒",4
"㚽",4
"夦",4
"㾟",4
"聢",4
"䢕",4
"䟌",4
"𠆽",4
"𩻁",4
"㪪",4
"䖉",4
"㿁",4
"䜀",4
"㼄",4
"杤",4
"燞",4
"䩻",4
"㫗",4
"𩣦",4
"𨏌",4
"𨟒",4
"藵",4
"𠋤",4
"䘛",4
"𧚫",4
"𨈊",4
"𡾁",4
"𪖟",4
"𤚷",4
"𣍉",4
"䭪",4
"𣂍",4
"㔈",4
"𥑕",4
"𧴝",4
"䥑",4
"㾲",4
"䄳",4
"䄀",4
"𤦶",4
"𩃰",4
"𤾃",4
"𣿋",4
"𦂩",4
"𫉉",4
"𩒷",4
"𭷛",4
"𱟠",4
"𣚄",4
"悩",4
"𣈑",4
"𣷹",4
"𪹧",4
"𬚵",4
"𩢃",4
"𭈬",4
"𨣦",4
"𭭞",4
"𭭢",4
"𠳪",4
"𮆜",4
"𬄀",4
"𱛪",4
"𨬀",4
"𫓢",4
"𢬬",4
"𪉩",4
"𭳳",4
"𡸑",4
"𫃜",4
"嗭",4
"𤄓",4
"𱷳",4
"𥞁",4
"𢅯",4
"𥳟",4
"𫽷",4
"𭃯",4
"𧘥",4
"𨁆",4
"𭌬",4
"𩼤",4
"𮐋",4
"𥷰",4
"𡓘",4
"𥠀",4
"𥮝",4
"𪣯",4
"𱛼",4
"𭢡",4
"𪇑",4
"𲊆",4
"𥣈",4
"𨇈",4
"𲊤",4
"𡑭",4
"𡐧",4
"𪿮",4
"𮟡",4
"𤁷",4
"𮃧",4
"𡺡",4
"𨓾",4
"𫀱",4
"𫍂",4
"𡌡",4
"𢠲",4
"𩼋",4
"𬍪",4
"𭺖",4
"𡔉",4
"𪪛",4
"𮍾",4
"𥴭",4
"𥠾",4
"𭲅",4
"𪰷",4
"𥛯",4
"𫓛",4
"𩢋",4
"𩂧",4
"𪝚",4
"𪝐",4
"𬿫",4
"𬿱",4
"𮄞",4
"𣵮",4
"𧁏",4
"𨠮",4
"𦒠",4
"𪬘",4
"𣂆",4
"𢶙",4
"𫥅",4
"𧐧",4
"𤕓",4
"𠐌",4
"𣋆",4
"𭞴",4
"𢡁",4
"𭬕",4
"𦉏",4
"𣹡",4
"𦑧",4
"𭖇",4
"龩",4
"𱹖",4
"𥚣",4
"𦩠",4
"𲉘",4
"𤳽",4
"𪑉",4
"𭖭",4
"𣢟",4
"𤻘",4
"㪲",4
"𦭐",4
"𬄣",4
"𲇣",4
"𮃨",4
"𭀒",4
"𠉛",4
"𭹮",4
"𭥤",4
"𡩟",4
"㕏",4
"𭕰",4
"𣈫",4
"𣕃",4
"𤵁",4
"𪸛",4
"𪡡",4
"𢒟",4
"𭩹",4
"𱘀",4
"𬍶",4
"𡞻",4
"𩉙",4
"𥻁",4
"𡅦",4
"𭴜",4
"𮂆",4
"𦩵",4
"𢓸",4
"𲌂",4
"𥚞",4
"𧩮",4
"𠠡",4
"𮎊",4
"𮫍",4
"𣪎",4
"𦼞",4
"𱤋",4
"𭷨",4
"𣸵",4
"䠖",4
"𩗏",4
"𭄏",4
"𨑟",4
"𡎈",4
"𭔍",4
"籏",4
"𥇕",4
"𭟙",4
"𨡑",4
"𡾈",4
"𭛒",4
"𥬕",4
"𥰱",4
"𣽚",4
"羪",4
"𬀼",4
"𮟔",4
"𢬐",4
"𭺏",4
"𣆔",4
"𠼖",4
"𲀖",4
"𨯰",4
"𣖶",4
"𭍔",4
"𧟱",4
"𪷦",4
"𤂿",4
"𲊢",4
"𣂔",4
"𡰆",4
"𨗴",4
"𠄃",4
"𬾰",4
"𬜻",4
"𠯦",4
"𨏊",4
"𣛘",4
"𱤰",4
"𦦛",4
"𥂧",4
"𥠏",4
"𱵼",4
"𱶗",4
"𱎻",4
"𱹏",4
"𢠨",4
"𥬡",4
"𨂔",4
"𤩳",4
"𫰎",4
"𱭠",4
"䛶",4
"𩟅",4
"𩐉",4
"𡷘",4
"𤨭",4
"𧏬",4
"𢋿",4
"𫂓",4
"𨣨",4
"𲂘",4
"𣳷",4
"𭒖",4
"𠯴",4
"𨒌",4
"𪷂",4
"𥶏",4
"𢯻",4
"𥱌",4
"𤲔",4
"𫣷",4
"𪾫",4
"𮝻",4
"𦑎",4
"𲄡",4
"𫮌",4
"乼",4
"𮆅",4
"𣶻",4
"𤮭",4
"㢇",4
"㐙",4
"𡁏",4
"𭓭",4
"𦯐",4
"㐚",4
"𭥑",4
"𱎴",4
"𤑦",4
"𦸇",4
"𦄑",4
"𩗃",4
"𩷔",4
"𱛸",4
"𲋴",4
"鮱",4
"𧈼",4
"𩽄",4
"𮕙",4
"𱕂",4
"𲌳",4
"𲌷",4
"𲌾",4
"𥆆",4
"𨫧",4
"𥘜",4
"𮁡",4
"𭏇",4
"𭑌",4
"𤀴",4
"𤨖",4
"𠗺",4
"𡤯",4
"𮙼",4
"𫫊",4
"𢳶",4
"𭿈",4
"𩱧",4
"𫈱",4
"𮟋",4
"𮦛",4
"𣊩",4
"㚈",4
"𭱥",4
"𮋛",4
"𮫛",4
"𮄍",4
"𦄵",4
"𣅯",4
"𥙇",4
"𡶩",4
"𨵲",4
"𭭁",4
"𥛸",4
"𢏅",4
"𭐷",4
"𣏜",4
"𠃡",4
"𠌾",4
"𠍝",4
"𠕫",4
"𠭺",4
"𠭽",4
"𡇤",4
"𡇷",4
"𣂿",4
"𣴽",4
"𤂞",4
"𥭩",4
"𨳈",4
"婲",4
"𭯀",4
"𡊩",4
"𫔣",4
"𫉲",4
"𲆐",4
"𥠕",4
"𡻬",4
"𦸏",4
"𥝶",4
"𦉛",4
"𦁡",4
"𩺃",4
"𪸷",4
"鐿",4
"𫆔",4
"㖌",4
"𠃗",4
"𠼯",4
"𨰃",3
"𠞀",3
"𡈈",3
"𦋰",3
"𩴉",3
"𤟡",3
"𤘽",3
"𤅒",3
"㤘",2
"粁",2
"𠑺",2
"𧰿",2
"𢪪",2
"𢸔",2
"𩡇",2
"𪷫",2
"𫏎",2
"𢣑",2
"𢳃",2
"𣔱",2
"𤊯",2
"𧘦",2
"𨔬",2
"𩜇",2
"𣹂",2
"𠽓",2
"𨸚",2
"𭦟",2
"𤛘",2
"𦚥",2
"𪪟",2
"𬌡",2
"𠞽",2
"𦦑",2
"𡉚",2
"𢰡",2
"𠢱",2
"𧷨",2
"𫞩",2
"𪜵",2
"𥬝",2
"𪲰",2
"䧈",2
"𤘁",2
"𧷔",2
"𨔸",2
"𡫯",2
"𨍸",2
"鈤",2
"𦌏",2
"𢈏",2
"𫞓",2
"𨨫",2
"𪃸",2
"𠍽",2
"𢺞",2
"𥀹",2
"𥛀",2
"𦡗",2
"𧞷",2
"𧣖",2
"𨎃",2
"𩅨",2
"𪁏",2
"𪳺",2
"𫷷",2
"𦈡",2
"𧘲",2
"𫲼",2
"𧦹",2
"𬣄",2
"𠡽",2
"𥆿",2
"𥼉",2
"𱢃",2
"𨁣",2
"𫉯",2
"𡻇",2
"𥮬",2
"𡬐",2
"𣌈",2
"𧬅",2
"𢓔",2
"𨖻",2
"𧥏",2
"𦵿",2
"𡦑",2
"𢕼",2
"𢢁",2
"𠛪",2
"𫏖",2
"𢬯",2
"𥜌",2
"𩧐",2
"𠠛",2
"𣳲",2
"𤳼",2
"𥷿",2
"𢈺",2
"𥕐",2
"𧤽",2
"𦟇",2
"𣞼",2
"𧀀",2
"𫂠",2
"𮪠",2
"𠁭",2
"𠯀",2
"𠶥",2
"𬖄",2
"𦄾",2
"𨖷",2
"𣾫",2
"𦚡",2
"𪸫",2
"𧶐",2
"踋",2
"𡑇",2
"粍",2
"渆",2
"𣴚",2
"𣼶",2
"脷",2
"鍆",2
"巰",2
"𮁞",2
"𢎝",2
"𧩓",2
"𠋺",2
"𨈪",2
"𦹋",2
"𡹧",2
"𩞅",2
"𨠁",2
"𩃔",2
"𧩄",2
"䍠",2
"𢎺",2
"𭧝",2
"𫥆",2
"𠍀",2
"𠹔",2
"𢈉",2
"𢔅",2
"𥬪",2
"𦍻",2
"𨱿",2
"𩍅",2
"𩦶",2
"𪒿",2
"𪔝",2
"𪄢",2
"𪎱",2
"𥻶",2
"𡔈",2
"𠁉",2
"𥠢",2
"𨭽",2
"𧖙",2
"𭳇",2
"𥡙",2
"氪",2
"𧭶",2
"𨚱",2
"𩕃",2
"𥦻",2
"𣴩",2
"𢈹",2
"𢱫",2
"𤱩",2
"𢬿",2
"𩔞",2
"𦊖",2
"𩍁",2
"𢄦",2
"𨘏",2
"𧀑",2
"𩪼",2
"𪱾",2
"𬟽",2
"𨲤",2
"𩦾",2
"𤏁",2
"𥤗",2
"𪐓",2
"𦿀",2
"𥯕",2
"𤬐",2
"𦸓",2
"𨣋",2
"𤜸",2
"𤠻",2
"𣮯",2
"𤯈",2
"𥸡",2
"𧅋",2
"𣳅",2
"𢖆",2
"𢖇",2
"𥛰",2
"𪀼",2
"𤴲",2
"䏭",2
"𮌚",2
"𨷟",2
"𨴎",2
"𩲞",2
"𩴑",2
"鲯",2
"𢟉",2
"𤱹",2
"𨀕",2
"𨋙",2
"𨟃",2
"𩒑",2
"𢠰",2
"𦿧",2
"峃",2
"𠣞",2
"𡭆",2
"𦗯",2
"𢸳",2
"𣬠",2
"𥐢",2
"𥐹",2
"鵥",2
"𥾦",2
"𡩧",2
"𩛲",2
"𮁅",2
"荮",2
"𤉤",2
"𢭵",2
"𥓵",2
"𪿖",2
"𥚕",2
"𥿆",2
"𫾳",2
"𮂶",2
"馃",2
"𨪀",2
"鲆",2
"鲘",2
"鳉",2
"𣗋",2
"𧉞",2
"𪅱",2
"𢕋",2
"𪹼",2
"𬭍",2
"𬮢",2
"𮉡",2
"𨢦",2
"餷",2
"鎶",2
"𧃆",2
"𠅏",2
"𩌼",2
"𤿤",2
"𡨷",2
"𣬣",2
"𨨾",2
"𪙧",2
"𡽑",2
"𣊨",2
"𪛁",2
"𢷛",2
"𣛝",2
"𥜬",2
"𥙀",2
"𦛯",2
"𧝥",2
"𪏵",2
"𪸂",2
"𢞟",2
"𪕯",2
"𨁕",2
"𡍖",2
"𥾍",2
"𬘡",2
"𥫅",2
"𦭁",2
"𪫐",2
"𬞩",2
"𬧿",2
"𣚣",2
"𠎮",2
"𦷺",2
"𩛊",2
"𩤝",2
"𥷴",2
"𤅔",2
"𨪤",2
"𬧹",2
"𨕓",2
"𫯺",2
"𥬃",2
"𪊵",2
"𬔜",2
"𱏡",2
"𱘐",2
"𱘙",2
"𱡚",2
"𱩓",2
"𱭨",2
"𱮯",2
"𱽲",2
"𱾼",2
"𲁐",2
"𲂳",2
"𲅭",2
"𲅿",2
"𲆑",2
"𲆓",2
"𲆢",2
"𲇧",2
"𣉱",2
"𣝼",2
"𤬅",2
"𧆀",2
"𤴇",2
"𪑺",2
"𣩽",2
"𣮆",2
"𩇹",2
"𣴿",2
"𢚏",2
"𪙗",2
"𩊆",2
"𠏄",2
"𠝜",2
"𡫴",2
"𢅏",2
"𥘽",2
"𨈳",2
"𱫘",2
"𠁩",2
"𣄰",2
"𧠟",2
"𫤼",2
"𫭌",2
"𬩂",2
"𠶷",2
"𡩜",2
"𡫚",2
"𢀜",2
"𢦚",2
"𢿐",2
"𪭛",2
"𪸲",2
"𫤆",2
"𫤫",2
"𫧫",2
"𫿌",2
"𬋸",2
"𬗾",2
"𬙜",2
"𬜃",2
"𬡿",2
"𬨤",2
"𢳎",2
"𣌦",2
"𤞷",2
"𮥕",2
"𨗝",2
"𢼂",2
"𣳂",2
"𪟈",2
"𪳐",2
"𫪡",2
"𫴥",2
"𫿓",2
"𬌅",2
"𫑨",2
"𢾙",2
"𥃆",2
"𧃯",2
"𣱹",2
"𮝵",2
"𢘰",2
"𩘲",2
"鮗",2
"𦿒",2
"𪂠",2
"𫈚",2
"𫚰",2
"𣣋",2
"楾",2
"𣼃",2
"𭺩",2
"昿",2
"𧛕",2
"𩿯",2
"𪀭",2
"𢂁",2
"𦱓",2
"𮤢",2
"𡵇",2
"𠆘",2
"𪌒",2
"唨",2
"𡅏",2
"𡯬",2
"𡯴",2
"𡱌",2
"𡱖",2
"𡲰",2
"𩍬",2
"𡯄",2
"佡",2
"𧇃",2
"𣺣",2
"𨏩",2
"𢄻",2
"𥕡",2
"𧴒",2
"𠌰",2
"𩬃",2
"𢖜",2
"𧋠",2
"𪍑",2
"𪕥",2
"𧌐",2
"𠲽",2
"𨳝",2
"𢥚",2
"𫮧",2
"𦙽",2
"𥓼",2
"𥞑",2
"𣴪",2
"𮍮",2
"𡩺",2
"𦸝",2
"𮞅",2
"𣫍",2
"𤄐",2
"𫀒",2
"𣏳",2
"𲊛",2
"𨇄",2
"𨎫",2
"𩻛",2
"𪄪",2
"𢮅",2
"𤃗",2
"𩲤",2
"𮤅",2
"𩸥",2
"𤫐",2
"𱨬",2
"𩵨",2
"𬌩",2
"𢫷",2
"𭸝",2
"𮔕",2
"𮜷",2
"𦆉",2
"𡂓",2
"𣍥",2
"𥀇",2
"𥊬",2
"𩿬",2
"𭊛",2
"𢭗",2
"𧐄",2
"𩲅",2
"𬷟",2
"𩿙",2
"𦝥",2
"𦝧",2
"𮈧",2
"𪶆",2
"𨭛",2
"𦆝",2
"𦢒",2
"𧊁",2
"𨟹",2
"𩜑",2
"𩜽",2
"𩟩",2
"𩵻",2
"𩼙",2
"𪉱",2
"𪊊",2
"𡆩",2
"𡇘",2
"𨑺",2
"𨕌",2
"𧑵",2
"𨧲",2
"𠶹",2
"𦼈",2
"𡕿",2
"𣑨",2
"𠐻",2
"𬅁",2
"𫋾",2
"𤢎",2
"𨚧",2
"𥈎",2
"𥖯",2
"鲌",2
"𣋋",2
"𣆈",2
"𣐞",2
"𫷑",2
"𦕵",2
"颥",2
"𣭷",2
"𢫫",2
"𪿱",2
"鉫",2
"𫒉",2
"𣨫",2
"𣦽",2
"𥺸",2
"𦳦",2
"𪁊",2
"𠒅",2
"𢘪",2
"𡻑",2
"𧕮",2
"𩘷",2
"𢛑",2
"𢠹",2
"𦜼",2
"𧱮",2
"𡶫",2
"𣥺",2
"𩃛",2
"𠽼",2
"𡸨",2
"𦸨",2
"𦇓",2
"𥈃",2
"𦼳",2
"𠸻",2
"𧂲",2
"𧃓",2
"㓀",2
"𦸋",2
"𡙷",2
"𥩆",2
"𦪢",2
"𦤻",2
"𦨖",2
"𪊲",2
"𤌠",2
"𧅈",2
"𧎞",2
"𨚔",2
"𠭱",2
"𡉭",2
"𨶐",2
"𩠿",2
"𩡈",2
"𩡓",2
"𩡤",2
"𩰡",2
"㻏",2
"𡽡",2
"𮙸",2
"𧟥",2
"𤑡",2
"𦩢",2
"𦨏",2
"𭹁",2
"𥔵",2
"𤮴",2
"𪕲",2
"𮇑",2
"𠻤",2
"𠬍",2
"𲆶",2
"𬗖",2
"𡰅",2
"𨋈",2
"𫰭",2
"𠻈",2
"𡟇",2
"𦂱",2
"𤌏",2
"𦑌",2
"𦒗",2
"𢧀",2
"𪱴",2
"𠻓",2
"𣯌",2
"𠵇",2
"𦌟",2
"𪒤",2
"𪒱",2
"𨘢",2
"𣔂",2
"𭰧",2
"𦙅",2
"㑈",2
"𬩽",2
"𨚥",2
"𢬘",2
"𢼢",2
"𤎦",2
"𦃲",2
"𩒊",2
"𩽚",2
"𫝆",2
"缏",2
"铷",2
"𩡧",2
"𤀕",2
"駅",2
"𤫂",2
"𧜏",2
"𫤂",2
"𫻕",2
"𮇁",2
"𣎟",2
"𨭨",2
"𮖥",2
"𢔟",2
"𥨰",2
"𥼁",2
"㞿",2
"𧝊",2
"𨂨",2
"𨂛",2
"𠲖",2
"𣿍",2
"𩼳",2
"𧸩",2
"𩌷",2
"𢛯",2
"𭴄",2
"𢖐",2
"㾵",2
"𡡑",2
"竔",2
"䄊",2
"𩜆",2
"𢅨",2
"𩳀",2
"𤿕",2
"𩷝",2
"𠎒",2
"𠰲",2
"𡝠",2
"𡢜",2
"𨐃",2
"𨰵",2
"𦭥",2
"𢦖",2
"𭷽",2
"𩹕",2
"𩼛",2
"𢢈",2
"𦄡",2
"𪮰",2
"𥀬",2
"𥕱",2
"𩵌",2
"𥃨",2
"𥙨",2
"𢽸",2
"𤉳",2
"𤓛",2
"𦆎",2
"𬃩",2
"煷",2
"𪆸",2
"𩊣",2
"𦫿",2
"𮨚",2
"𦸒",2
"𪢲",2
"𫁨",2
"𫝎",2
"𧙠",2
"𣯢",2
"𧡿",2
"𮋳",2
"𤐙",2
"𢻥",2
"𨾎",2
"𥤥",2
"绱",2
"𬝟",2
"酛",2
"𣢷",2
"𠐺",2
"𥰳",2
"𨺏",2
"𧧳",2
"𪘑",2
"𪦩",2
"𤸒",2
"𥳿",2
"㕴",2
"𥥉",2
"𦢎",2
"𠓞",2
"𧖸",2
"𦖴",2
"𧔃",2
"𧞊",2
"𤀉",2
"𧓦",2
"𣃓",2
"𢛽",2
"𣠹",2
"𦳤",2
"𤆤",2
"𢴡",2
"𤝒",2
"𥷳",2
"𥸛",2
"𥸞",2
"𪗻",2
"𨷠",2
"𨢕",2
"𥔓",2
"𪟵",2
"𨖎",2
"𫝾",2
"𧎬",2
"𧏍",2
"𨓘",2
"𥾫",2
"𣭈",2
"𥀟",2
"𪷧",2
"𮚭",2
"𬂔",2
"𭓸",2
"𥱝",2
"轱",2
"𤶇",2
"𫻺",2
"𤍘",2
"𠎭",2
"𢆝",2
"𣒒",2
"𦅈",2
"𫊥",2
"𫾎",2
"𬫚",2
"𭵴",2
"𥂤",2
"𪑾",2
"𦋘",2
"𭭎",2
"𬽩",2
"𥊓",2
"铟",2
"𤇑",2
"𦌧",2
"𪕣",2
"𬺰",2
"𠫋",2
"𩬛",2
"𢿠",2
"𤫱",2
"躻",2
"𦇤",2
"晿",2
"𤏗",2
"𧫤",2
"𩀈",2
"𠙧",2
"𢈼",2
"𣚌",2
"𣨍",2
"𣨼",2
"𥶓",2
"𩿛",2
"𤞾",2
"𥰛",2
"𦖯",2
"𩰑",2
"𡸊",2
"𢽽",2
"𣹏",2
"𤇢",2
"𤋏",2
"𧯍",2
"𨳐",2
"𧮿",2
"𤞅",2
"𪯹",2
"𱞻",2
"𪟯",2
"𫢅",2
"𧳍",2
"𥈆",2
"𦜮",2
"𥧳",2
"𡘙",2
"𢐴",2
"𣆯",2
"𫅱",2
"𥽬",2
"𭰲",2
"𡄋",2
"𩼀",2
"𫎽",2
"𩵢",2
"𥡤",2
"𫥢",2
"𢓨",2
"𤜮",2
"𩶺",2
"𨶲",2
"𪅆",2
"𪕛",2
"𪖃",2
"𭣽",2
"𢞕",2
"𧫿",2
"𠸸",2
"𢘝",2
"𫐼",2
"𧉺",2
"𠤯",2
"𣛼",2
"𤬤",2
"𤬽",2
"𤭓",2
"𤴐",2
"𦈨",2
"𨠋",2
"𨢎",2
"𥆮",2
"𬲗",2
"𠐔",2
"𢵞",2
"𥮤",2
"𢫉",2
"𥲒",2
"𣆶",2
"𨫂",2
"𦝼",2
"夓",2
"郌",2
"𡠣",2
"𢄞",2
"𢾎",2
"𣗙",2
"𣡱",2
"𤀠",2
"𤵑",2
"𧍎",2
"𧘰",2
"𩂇",2
"𣈱",2
"𧕽",2
"𩓰",2
"𢰪",2
"𧊙",2
"𢔪",2
"𧕟",2
"𨶀",2
"醌",2
"𢋭",2
"𧨖",2
"𩋉",2
"𣝴",2
"𥚶",2
"𠘑",2
"𢫵",2
"𤟈",2
"𨐲",2
"𥇓",2
"𩵤",2
"𣾉",2
"𥮶",2
"𫘧",2
"𫉁",2
"𩓇",2
"𮣴",2
"𬰵",2
"𫚦",2
"𮨵",2
"𣍰",2
"𤟹",2
"𡤎",2
"𩲶",2
"𫅭",2
"𬯀",2
"𫘦",2
"𬳿",2
"钨",2
"𡅇",2
"𧊭",2
"𧒱",2
"𢆙",2
"𥠆",2
"𪙾",2
"𭠧",2
"𮓙",2
"𠃑",2
"𱼀",2
"𨡏",2
"𢣏",2
"𧺞",2
"𨑔",2
"𤽾",2
"𧊚",2
"𦻌",2
"𠀐",2
"𢓚",2
"𠬤",2
"𧄱",2
"𤊽",2
"𠄌",2
"𠞶",2
"𩠜",2
"𠍳",2
"𢵾",2
"𩧣",2
"𥽦",2
"𡂨",2
"钇",2
"𧌯",2
"𤵦",2
"𩏍",2
"𩬚",2
"𥨫",2
"𨏴",2
"𩉥",2
"𩊙",2
"𢌲",2
"𥭊",2
"𤍕",2
"𡈍",2
"𣩛",2
"𪂄",2
"𧧦",2
"𤧉",2
"𤯹",2
"𩫾",2
"㶥",2
"𠈎",2
"𣂛",2
"𨳜",2
"𦾋",2
"𩡕",2
"𤷔",2
"𱚔",2
"𢮝",2
"𦞕",2
"𠏿",2
"𧿚",2
"𠶶",2
"𡚨",2
"𡛛",2
"𢓠",2
"𢙤",2
"𣣳",2
"𣤍",2
"𣥍",2
"𦀂",2
"𦎫",2
"𨖊",2
"𨖴",2
"𨡰",2
"𨨋",2
"𩂣",2
"𫿃",2
"𫿖",2
"𬟮",2
"𬨞",2
"𬩣",2
"𬰻",2
"𬲐",2
"𠈲",2
"𠔾",2
"𢓶",2
"𣄨",2
"𣬕",2
"𤆆",2
"𧥾",2
"𩌏",2
"𩰱",2
"𫳜",2
"𫾵",2
"𬂘",2
"𬢜",2
"𬰪",2
"𥰍",2
"𮮂",2
"𧪀",2
"𠗦",2
"𠞱",2
"𦾜",2
"𪎑",2
"𮏂",2
"𲊁",2
"𩫕",2
"𪂦",2
"酦",2
"钐",2
"𣱽",2
"𩦒",2
"𩝍",2
"𧔔",2
"𨓮",2
"𧕫",2
"𪆫",2
"𭗔",2
"𪃹",2
"𤒨",2
"𥐸",2
"𦵰",2
"𨸷",2
"𬜅",2
"𧐙",2
"䲟",2
"𩗱",2
"𣞐",2
"倷",2
"𧚮",2
"𩚳",2
"𧛑",2
"𧟋",2
"𡇏",2
"𩖘",2
"𧀱",2
"𪓊",2
"𡨆",2
"𦵕",2
"𦆜",2
"𣭧",2
"𣰈",2
"𣱀",2
"𧀢",2
"𨔠",2
"锖",2
"𮭨",2
"𠘽",2
"𠶳",2
"𠀕",2
"𤰐",2
"𧨢",2
"𫟛",2
"𣪌",2
"𥬽",2
"𨆧",2
"𠮹",2
"𠯽",2
"𠻿",2
"𢜞",2
"墚",2
"𠦝",2
"𦕬",2
"𮞚",2
"𡘃",2
"𡩗",2
"𬛸",2
"𠚤",2
"𫞜",2
"𢬌",2
"𤽏",2
"𦉷",2
"𦲡",2
"𪳁",2
"𫨻",2
"鹮",2
"𩾔",2
"𬷙",2
"𧐒",2
"𣎽",2
"𧧓",2
"𫜍",2
"𩋥",2
"滝",2
"鲏",2
"耲",2
"稥",2
"𢌋",2
"𢡃",2
"𥃲",2
"𨢂",2
"𪪦",2
"𫎆",2
"𠱸",2
"鐨",2
"𫌓",2
"𨨲",2
"𨪽",2
"𤥳",2
"𨍐",2
"𨺯",2
"𡔊",2
"𣶦",2
"𣓀",2
"𣙼",2
"𤉯",2
"𤛾",2
"𦍐",2
"𩿼",2
"辪",2
"𧍴",2
"𩾓",2
"𬋞",2
"㣴",2
"𣉟",2
"𣰞",2
"槞",2
"𩌌",2
"鎇",2
"𤂮",2
"𣚑",2
"噖",2
"锠",2
"𩘽",2
"𥑎",2
"𩴼",2
"𮕲",2
"𭄨",2
"𱥜",2
"𥭌",2
"𣠚",2
"𥤐",2
"𣏼",2
"𦹫",2
"𥹸",2
"𡒇",2
"𣋒",2
"𣑁",2
"𥔤",2
"𥵃",2
"𥮾",2
"𠅭",2
"𨁵",2
"𤥄",2
"𥳰",2
"𪗇",2
"𣏬",2
"𪦨",2
"𣕌",2
"𣖌",2
"𪄚",2
"𲃎",2
"𣉕",2
"𡀿",2
"𤺬",2
"𪉲",2
"𬺼",2
"𢾾",2
"𨣱",2
"𥩵",2
"甴",2
"𠎿",2
"𠏰",2
"𠹽",2
"絵",2
"𨇅",2
"𦖂",2
"𢉤",2
"𦢠",2
"𨦈",2
"𠹹",2
"𦖒",2
"𠹁",2
"𨣳",2
"𪳝",2
"䌹",2
"𠛝",2
"𧚺",2
"𨖙",2
"𦈴",2
"𨅚",2
"𬕜",2
"𦘭",2
"𧉯",2
"𧋟",2
"𧎵",2
"𧒸",2
"𧕵",2
"㳉",2
"𧠃",2
"𦺩",2
"𩓁",2
"𩓞",2
"𭃞",2
"𮧓",2
"𩇔",2
"𥙐",2
"𥳾",2
"𧊀",2
"𪑛",2
"𨉼",2
"𠉵",2
"𤼎",2
"𠶖",2
"𠿬",2
"𡊷",2
"𡌩",2
"𡑠",2
"𧤩",2
"𭖉",2
"𤥇",2
"𭈛",2
"𥑽",2
"𭪺",2
"𩑽",2
"𩰟",2
"𣬚",2
"𩩶",2
"𩘟",2
"𦞬",2
"𦱡",2
"𠸌",2
"𡞏",2
"𦅙",2
"𣊉",2
"𠁨",2
"𤪻",2
"𢦓",2
"𠵎",2
"𤡁",2
"𠩐",2
"𨞋",2
"𣑵",2
"𣅠",2
"𨞼",2
"𨟄",2
"𨟅",2
"𢓬",2
"𦱉",2
"𩰷",2
"𪯎",2
"𢽬",2
"𩲟",2
"𨻬",2
"𪰎",2
"𣅚",2
"𣅸",2
"𣆲",2
"𩣉",2
"𠞉",2
"齉",2
"𧪾",2
"𥑆",2
"𥱥",2
"𢔰",2
"𠗐",2
"㽼",2
"𠇕",2
"𪹗",2
"𣭱",2
"𫋠",2
"𤃀",2
"𨯼",2
"𩷺",2
"𩻃",2
"𩶧",2
"𠇈",2
"𤬑",2
"銥",2
"𪿢",2
"𡋽",2
"𠹵",2
"𨁪",2
"𥒝",2
"𠚑",2
"𪺮",2
"𮘹",2
"𮱻",2
"𮷞",2
"𱯳",2
"𠏆",2
"𡶤",2
"𨪸",2
"𩞹",2
"𭹞",2
"𮍏",2
"𮚞",2
"𱣛",2
"𢬹",2
"𥧁",2
"𩞣",2
"𫝔",2
"𬼸",2
"𭆏",2
"𮈄",2
"𮈘",2
"𢀷",2
"𣆎",2
"𨐤",2
"𢉌",2
"𢫒",2
"𢮵",2
"𧘣",2
"𣏕",2
"𩼖",2
"𫙮",2
"𫩧",2
"𬖴",2
"𠺵",2
"𭮪",2
"𤳱",2
"𠷿",2
"𠼐",2
"焗",2
"谉",2
"𭍾",2
"𠚖",2
"𧢼",2
"𨑡",2
"𨑢",2
"𥱏",2
"𧷛",2
"𥦸",2
"𨿉",2
"𬉺",2
"𠹠",2
"𣨠",2
"𥈽",2
"𤠣",2
"𫽮",2
"铴",2
"𧔽",2
"𧋷",2
"𢤗",2
"𬈆",2
"𧱻",2
"𤝆",2
"𨃱",2
"𥧃",2
"𥧆",2
"𠮨",2
"𪼿",2
"𩑦",2
"𨨪",2
"𫌅",2
"𡧃",2
"𧱦",2
"𠇷",2
"𩪘",2
"㮟",2
"𣮁",2
"𩸯",2
"𪸭",2
"𫉄",2
"塆",2
"𡆧",2
"𣚊",2
"𥝢",2
"𧵓",2
"𬞈",2
"𭆞",2
"鳎",2
"陦",2
"鸼",2
"骉",2
"𠰍",2
"𠕹",2
"𧛋",2
"𤱌",2
"鹱",2
"𩀷",2
"䁖",2
"𡈳",2
"𡲡",2
"𡲶",2
"𢕬",2
"𢽿",2
"𣠐",2
"𦥺",2
"𦽡",2
"𧂰",2
"𧈖",2
"𨔥",2
"𩔚",2
"𩱝",2
"𪀖",2
"𪈩",2
"𪋐",2
"𠄞",2
"𠄟",2
"𠰔",2
"𣚍",2
"𤖧",2
"𤲰",2
"𥩠",2
"𥵸",2
"𦤝",2
"𩩋",2
"𪏕",2
"𫠓",2
"䖄",2
"𠣾",2
"𡴆",2
"𥢑",2
"𥢔",2
"𥲈",2
"𥵥",2
"𧗓",2
"𫾪",2
"𩸫",2
"𢤽",2
"𥕍",2
"䔨",2
"𦄊",2
"𮎨",2
"𮕧",2
"𤡺",2
"𨕴",2
"𩏩",2
"𡤄",2
"𦾉",2
"𪏙",2
"𫔥",2
"𫯃",2
"𭨫",2
"𦄽",2
"𠸃",2
"𦍯",2
"𣒞",2
"䶺",2
"𥐝",2
"𮧟",2
"𠡕",2
"𡕷",2
"𣒘",2
"𩌞",2
"𫼲",2
"𬂪",2
"𮌖",2
"𤡛",2
"𪒘",2
"𭋨",2
"𮡄",2
"𢰦",2
"𣈌",2
"𤉱",2
"𩹨",2
"𤝡",2
"𣹎",2
"𪊸",2
"𫕜",2
"𥻥",2
"𨗍",2
"𣸇",2
"𦮦",2
"𦬪",2
"簱",2
"𦱍",2
"𩯐",2
"𠳀",2
"鮖",2
"𨠾",2
"𫅑",2
"𦔭",2
"𠢦",2
"𠁦",2
"𥙉",2
"𨪪",2
"𨰈",2
"𢕁",2
"𤦋",2
"𫓙",2
"𠣎",2
"膵",2
"𡒅",2
"劏",2
"𡆣",2
"𡇚",2
"𡇱",2
"𡇲",2
"𣃭",2
"𣄑",2
"𤱨",2
"𤲕",2
"𤳕",2
"𤽃",2
"𤽌",2
"𤽹",2
"𤽼",2
"𤾜",2
"𤾝",2
"𦓯",2
"𦓺",2
"𦓻",2
"𦔃",2
"𦔆",2
"𦔥",2
"𥌆",2
"𩕯",2
"𩟕",2
"𩯦",2
"𢱨",2
"𨮪",2
"𡺫",2
"𣽌",2
"𡛂",2
"𢛣",2
"𫗴",2
"嵙",2
"𧜛",2
"𨌆",2
"𫠡",2
"𩱕",2
"𩱠",2
"𩱭",2
"𨠄",2
"馇",2
"锆",2
"𧋄",2
"𢪸",2
"𣆢",2
"𨓬",2
"𦢄",2
"𥓲",2
"鎺",2
"珱",2
"𣒨",2
"𦵡",2
"𨻷",2
"𪁤",2
"𥝊",2
"𦋆",2
"𨁻",2
"𠨫",2
"𡒖",2
"𢍁",2
"𣲥",2
"𤀃",2
"𤅋",2
"𤛬",2
"𥟲",2
"𥾲",2
"𦂗",2
"𧈸",2
"𩉼",2
"𩖈",2
"𪏻",2
"𬮐",2
"𭩢",2
"咗",2
"𭶝",2
"𩋙",2
"𢃫",2
"𩶥",2
"𩼟",2
"𩽪",2
"𤠏",2
"𧐍",2
"𣻐",2
"𦓗",2
"𦓞",2
"𮪟",2
"𨪊",2
"𬎇",2
"𨉕",2
"𠝤",2
"𣔼",2
"𦑂",2
"𥝷",2
"𦾙",2
"𧮸",2
"𨗅",2
"𦇺",2
"𪘆",2
"𣿧",2
"𧰢",2
"𨠚",2
"𢸆",2
"𣅺",2
"𤼻",2
"𥶉",2
"𠈭",2
"𩭤",2
"𣏒",2
"𧭫",2
"𧛈",2
"𧝜",2
"𧞫",2
"𧳟",2
"𤭐",2
"𥂥",2
"𥋭",2
"𨪓",2
"𡛑",2
"𪕰",2
"𤱑",2
"𣚞",2
"𣟷",2
"𪋉",2
"𢆃",2
"𫂹",2
"𤌘",2
"𠞾",2
"𩭯",2
"镨",2
"𤘖",2
"𨒂",2
"𡆲",2
"𨱫",2
"𭞺",2
"𠾏",2
"𡆗",2
"𩤪",2
"𤔩",2
"𣯟",2
"𫓧",2
"愥",2
"𤎈",2
"𤏅",2
"𤑳",2
"𦛡",2
"𧩑",2
"𫋧",2
"粴",2
"锂",2
"𣞀",2
"𣧠",2
"𦱬",2
"𨉂",2
"𩏡",2
"𫕔",2
"𠤲",2
"㠤",2
"𫶉",2
"𩙺",2
"𥴥",2
"𦊑",2
"𨸹",2
"𫷨",2
"𫙬",2
"𣺄",2
"𠪋",2
"𥯶",2
"𫃕",2
"𭹱",2
"𣶴",2
"𧳝",2
"𨪂",2
"𠰢",2
"𬞼",2
"𦷤",2
"𢠿",2
"𥕕",2
"𦸛",2
"𧰰",2
"𨬆",2
"𨿪",2
"𩁻",2
"𩗕",2
"𪑌",2
"𤖼",2
"𧉂",2
"𧬉",2
"瀭",2
"簓",2
"㪸",2
"𩷪",2
"𨊷",2
"𪿴",2
"鐞",2
"𫢗",2
"𭠂",2
"𩽝",2
"𨲳",2
"𱸛",2
"𢬶",2
"𢘀",2
"𢬾",2
"𢱠",2
"𣌭",2
"𣳥",2
"𪴛",2
"𫨇",2
"𡽆",2
"𣸗",2
"𤩔",2
"𦭡",2
"𨋥",2
"𡪣",2
"𡺂",2
"𦻿",2
"𣲎",2
"𨝑",2
"𥣖",2
"𧦟",2
"𩄐",2
"𥱶",2
"𩆀",2
"𫀅",2
"𥏒",2
"𥐾",2
"𩶛",2
"𪴀",2
"𬜡",2
"𭴤",2
"𤍎",2
"𬫳",2
"𱣊",2
"𫓖",2
"𡸟",2
"𥧇",2
"𥾠",2
"𠄡",2
"𦴋",2
"𤸘",2
"𪱝",2
"𡊧",2
"𦕡",2
"𬪬",2
"𢪋",2
"𪲧",2
"𭳬",2
"𪉛",2
"𬗵",2
"𨭗",2
"𤧐",2
"𩂠",2
"𤣮",2
"𤍸",2
"𲋕",2
"𣛹",2
"𩹎",2
"𥯬",2
"𩷓",2
"𦐦",2
"𦑞",2
"𭸿",2
"𫌕",2
"𠀺",2
"𧈈",2
"𪶅",2
"𱗞",2
"𨩮",2
"𨶿",2
"𱬦",2
"𤫎",2
"𥋇",2
"𭊤",2
"𧌳",2
"𠙸",2
"𠞦",2
"𡷕",2
"𣝉",2
"𣿟",2
"𤏓",2
"𥴻",2
"𧥢",2
"𨁼",2
"𨔱",2
"𨵨",2
"𭳸",2
"𮭘",2
"𮀐",2
"𬏂",2
"𱗮",2
"𱖟",2
"𪔹",2
"𨟀",2
"𨟠",2
"𢥩",2
"𫀸",2
"𮤋",2
"𡉿",2
"𡐾",2
"𡑤",2
"𣼥",2
"𤎲",2
"𨮒",2
"𪹋",2
"𬬔",2
"𭻐",2
"𮢫",2
"𫦾",2
"𪻼",2
"𪼬",2
"𣊁",2
"𨬓",2
"𠇟",2
"𣚦",2
"𤂻",2
"𥪕",2
"𮄲",2
"𤩄",2
"䜥",2
"𠒝",2
"𡊱",2
"𤪔",2
"𬍓",2
"𠧦",2
"𤟔",2
"𦔵",2
"𦰗",2
"𨵃",2
"𩫇",2
"𪻂",2
"𫗑",2
"𩶋",2
"𩼔",2
"鿱",2
"𡏒",2
"𣛆",2
"𥕧",2
"𮞑",2
"𢶫",2
"𥮨",2
"𮢲",2
"𮝪",2
"𭫤",2
"𮮙",2
"𱗰",2
"崬",2
"𫥑",2
"𫐮",2
"𨭌",2
"𪤏",2
"𬮾",2
"𡛕",2
"𣹧",2
"𭸘",2
"𪥉",2
"𧛸",2
"𨥽",2
"𭵻",2
"𣌟",2
"𬂼",2
"𬍸",2
"𦚶",2
"𭱨",2
"𬧉",2
"𫏇",2
"𡵥",2
"𩿽",2
"𪈃",2
"𮬲",2
"𮇢",2
"𫐢",2
"𨖏",2
"𬒙",2
"𡹺",2
"𡺮",2
"𩡰",2
"𩡾",2
"𥼻",2
"𱧠",2
"𢱭",2
"𣯋",2
"𫣊",2
"𡊾",2
"𡪺",2
"𮩿",2
"𮝔",2
"𫾬",2
"𮛊",2
"𣆝",2
"𲉴",2
"𢞗",2
"𪽒",2
"𢕪",2
"𨮘",2
"𡿿",2
"𢕺",2
"𥑹",2
"𦕹",2
"𨰌",2
"𩙽",2
"𬍯",2
"𥪀",2
"𩣸",2
"𥦓",2
"𱴯",2
"𥝒",2
"𤐽",2
"𩆄",2
"𧵭",2
"𬍧",2
"𠢉",2
"𤪦",2
"𭎘",2
"𥱒",2
"𦼭",2
"𦮷",2
"𢥰",2
"𲀄",2
"𢮐",2
"𪣂",2
"𣴞",2
"𩻡",2
"𦨍",2
"𬀲",2
"𭇒",2
"𤓂",2
"𢮖",2
"𡸘",2
"𦵥",2
"𢃮",2
"𱗚",2
"𥐣",2
"𢹥",2
"𣻹",2
"𮑉",2
"𦪎",2
"𫵳",2
"𬯉",2
"𩫨",2
"𦅛",2
"𠬺",2
"𤑼",2
"𧥰",2
"𧭺",2
"𨖭",2
"𫑪",2
"𧫠",2
"𮧽",2
"𦑩",2
"𤌾",2
"𤤆",2
"𢣴",2
"𣿈",2
"𨮞",2
"𭵬",2
"𦀔",2
"𨨟",2
"𨫭",2
"𪨬",2
"𮊅",2
"𤇨",2
"𣻙",2
"𩂥",2
"𫊉",2
"𥠹",2
"𢬱",2
"𣱿",2
"𤄠",2
"𥕽",2
"𦆿",2
"𦛞",2
"𨏒",2
"𨵌",2
"𬸽",2
"𢸤",2
"𣇪",2
"𣱙",2
"𭌣",2
"𠼙",2
"𩹢",2
"𣝜",2
"𦽂",2
"𣝦",2
"𭰘",2
"𭤈",2
"𥾧",2
"𧂂",2
"𣙩",2
"𣥔",2
"𡐮",2
"𢖺",2
"𢜏",2
"𤊆",2
"𤩈",2
"𧪄",2
"𨑧",2
"𭫼",2
"𡓐",2
"𨑍",2
"𭲿",2
"𫶎",2
"𦝚",2
"𪌖",2
"𭯺",2
"𮄥",2
"𫭛",2
"𬕩",2
"𣼑",2
"𤦔",2
"𧿘",2
"𨪃",2
"𦅠",2
"𪷐",2
"𦡍",2
"𮗈",2
"𥛢",2
"𢎨",2
"𡹷",2
"𩨾",2
"𢄘",2
"𭦉",2
"𠟒",2
"𣩎",2
"𤌣",2
"𨰣",2
"𢡂",2
"𢹕",2
"𣞑",2
"𣬒",2
"𥌀",2
"𦩽",2
"𦺮",2
"𧲔",2
"𨼰",2
"𪆇",2
"𪙞",2
"𫇿",2
"𱜅",2
"𤋭",2
"𤎜",2
"𩑮",2
"𩽣",2
"𤸞",2
"𥮩",2
"𣽏",2
"𭏠",2
"𨡉",2
"𪶬",2
"𩺌",2
"𢫓",2
"𥕵",2
"𪃢",2
"𪵬",2
"𮈁",2
"𤵬",2
"𫱻",2
"𦴤",2
"𭤐",2
"𩽴",2
"𧳯",2
"𩿞",2
"𩶠",2
"𩷄",2
"𣵧",2
"𤊐",2
"𤋘",2
"𭏬",2
"𭱴",2
"𭨓",2
"𣳿",2
"𲋶",2
"𩦩",2
"𡻞",2
"𣵛",2
"𫒘",2
"𣘢",2
"𧢌",2
"𡽇",2
"𢟋",2
"𣻂",2
"𮒳",2
"癦",2
"𡞟",2
"𡡕",2
"𣀒",2
"𣊽",2
"𣓴",2
"𤩚",2
"𤩭",2
"𤪍",2
"𥏻",2
"𥺓",2
"𦑣",2
"𧃣",2
"𧲜",2
"𧽠",2
"𩕪",2
"𭪰",2
"𦁉",2
"𪈇",2
"𭗅",2
"𤃭",2
"𣀑",2
"𣷴",2
"𪫠",2
"𣘚",2
"𡽩",2
"𤨴",2
"𤛍",2
"𤜳",2
"𦍦",2
"𧉭",2
"𩎠",2
"𩾝",2
"𭓟",2
"𡹯",2
"𣽋",2
"𭩤",2
"𨜇",2
"𪈭",2
"𣉼",2
"𣝏",2
"𢤪",2
"𨩧",2
"𱖌",2
"𨼹",2
"𨂦",2
"𪘈",2
"𡶖",2
"𡑪",2
"𤁥",2
"𨵱",2
"𮒒",2
"𥟂",2
"𩹤",2
"𭼄",2
"𬈵",2
"鏮",2
"𤈘",2
"𦒖",2
"𨋩",2
"𨺥",2
"𮂅",2
"𤧙",2
"𬎠",2
"𭵙",2
"𡕾",2
"𢒨",2
"𮙎",2
"𤑚",2
"𨮼",2
"怺",2
"㙅",2
"𢔋",2
"𢙄",2
"𣳵",2
"𦾸",2
"𨑤",2
"𨑯",2
"𨕤",2
"𪊭",2
"𬎞",2
"𡑑",2
"𨟯",2
"𧩹",2
"𫒩",2
"𤨾",2
"𪤕",2
"𡽏",2
"𨲣",2
"𠢈",2
"𠫉",2
"𡎔",2
"𤝯",2
"𥅗",2
"䢀",2
"𥰾",2
"𭖌",2
"𤄘",2
"𧕩",2
"𪖘",2
"𥡸",2
"𡋉",2
"𤅣",2
"𦅆",2
"𥟏",2
"𤑕",2
"𤿳",2
"𥁸",2
"𥐕",2
"𥑏",2
"𮀲",2
"𩯚",2
"𨃬",2
"𲇫",2
"𨚏",2
"𫆵",2
"𬈶",2
"𭺈",2
"𢯞",2
"𠓌",2
"𦫾",2
"𭹛",2
"𮟴",2
"𪣌",2
"𡺰",2
"𡑯",2
"𥱙",2
"𬞧",2
"𡓁",2
"𡆮",2
"𡉅",2
"𡉆",2
"𨕻",2
"𫶦",2
"𭃂",2
"𱍕",2
"𱎠",2
"𭠷",2
"𥿨",2
"𨂞",2
"𭽍",2
"𩡒",2
"𣺈",2
"𣹨",2
"𡚊",2
"𡺨",2
"𪐟",2
"𥡩",2
"𥗔",2
"𦳥",2
"𮚳",2
"𲁄",2
"𦮣",2
"𡷙",2
"𤉰",2
"𨊴",2
"𦏠",2
"𧡢",2
"𤌄",2
"𦒰",2
"𨙦",2
"𪑚",2
"𪒴",2
"𠠬",2
"𠿪",2
"𬃼",2
"𠎑",2
"𨫿",2
"𱔜",2
"𤤔",2
"𧘋",2
"𮘌",2
"𩽈",2
"𩧓",2
"郶",2
"㣗",2
"㪘",2
"䢂",2
"𨧷",2
"㗒",2
"𦪧",2
"㐩",2
"𥣉",2
"𡖛",2
"𠘹",2
"乢",2
"㫅",2
"䑒",2
"瓑",2
"𠬔",2
"𫒦",2
"𤜎",2
"𩅺",2
"𫕬",2
"䃠",2
"䜹",2
"𦭏",2
"𤻠",2
"𠋠",2
"𠜅",2
"虄",2
"𡱇",2
"𧈤",2
"毟",2
"䕑",2
"鮴",2
"𧄞",2
"𡈯",2
"𧒰",2
"䑚",2
"𤽭",2
"䡎",2
"𤩗",2
"𣯔",2
"㢐",2
"膤",2
"㫢",2
"𦌇",2
"篒",2
"𬫭",2
"𬙱",2
"𧈜",2
"𩢮",2
"粭",2
"掵",2
"𠠍",2
"㜭",2
"𧖺",2
"㜄",2
"㑡",2
"𡱣",2
"迗",2
"蒅",2
"𥲃",2
"𧸖",2
"𠊎",2
"䨃",2
"𩺽",2
"𢪏",2
"𨆳",2
"㫇",2
"𥳧",2
"𦶎",2
"㿡",2
"𦼉",2
"𪈮",2
"𥑪",2
"𪤧",2
"𥯘",2
"虲",2
"㘼",2
"𤥡",2
"𭛷",2
"𥅘",2
"𧞄",2
"𭡲",2
"𤨲",2
"𮛾",2
"𩟘",2
"㛿",2
"䓔",2
"𡽨",2
"螩",2
"択",2
"𮗥",2
"佨",2
"蘕",2
"𧊜",2
"乵",2
"㐡",2
"偧",2
"㑽",2
"凲",2
"劧",2
"㓬",2
"㔀",2
"㔵",2
"呄",2
"呮",2
"嘃",2
"嚿",2
"㕺",2
"㖐",2
"𡄓",2
"塦",2
"嫹",2
"㚳",2
"㛛",2
"㜚",2
"㜛",2
"㜴",2
"㝧",2
"㞊",2
"㞌",2
"㞗",2
"㞪",2
"𡿡",2
"㡻",2
"㣜",2
"恏",2
"㥹",2
"㒏",2
"㧤",2
"㨓",2
"㩪",2
"𢲾",2
"㪈",2
"㪴",2
"㫔",2
"㫡",2
"㫯",2
"㫴",2
"㬃",2
"㬯",2
"㬲",2
"㬸",2
"㭞",2
"㭹",2
"㮸",2
"㰑",2
"㰗",2
"㲎",2
"溿",2
"㲸",2
"㵭",2
"㶜",2
"𣽱",2
"煺",2
"㷕",2
"㸞",2
"㸟",2
"㸫",2
"㸱",2
"㹝",2
"㺰",2
"㻹",2
"瘬",2
"㾚",2
"㾠",2
"矵",2
"碠",2
"稖",2
"窛",2
"窤",2
"窷",2
"䂗",2
"䄦",2
"䅨",2
"䆣",2
"䆭",2
"䆼",2
"䇀",2
"䇋",2
"䇖",2
"䇥",2
"䉟",2
"䊑",2
"紣",2
"絊",2
"纞",2
"䋓",2
"䌬",2
"䍭",2
"䎝",2
"臫",2
"䑉",2
"䒄",2
"蕥",2
"蘍",2
"䕥",2
"䖋",2
"䖌",2
"䖼",2
"䗞",2
"䘡",2
"䙨",2
"𧗏",2
"觨",2
"䚁",2
"䚲",2
"䚼",2
"䛱",2
"趘",2
"躌",2
"䞅",2
"䟖",2
"䠃",2
"䠔",2
"䠦",2
"䠬",2
"𧽕",2
"郬",2
"酫",2
"䣴",2
"䤀",2
"鈟",2
"鎥",2
"䤺",2
"䥆",2
"韷",2
"䧮",2
"䨍",2
"䨩",2
"䪰",2
"飝",2
"䪽",2
"䫓",2
"䬚",2
"䭍",2
"䭥",2
"𩟧",2
"駳",2
"䯭",2
"䯴",2
"䰑",2
"䰪",2
"䰭",2
"鵿",2
"䱘",2
"䲿",2
"䳣",2
"䴈",2
"麣",2
"㔘",2
"䴣",2
"䵕",2
"䶡",2
"𧟡",2
"䌼",2
"䌄",2
"𪕱",2
"𪕶",2
"𠌿",2
"𠻡",2
"𡖝",2
"𡩇",2
"𡮻",2
"𢇵",2
"𢋒",2
"𢟦",2
"𢵂",2
"𢽱",2
"𣤊",2
"𣩦",2
"𣻧",2
"𣿓",2
"𤁪",2
"𤁫",2
"𤡳",2
"𥎬",2
"𥏜",2
"𥏠",2
"𥩼",2
"𦙲",2
"𦦩",2
"𦬁",2
"𦿍",2
"𧜸",2
"𨁀",2
"𨍏",2
"𨱵",2
"𨲭",2
"𩓝",2
"𠆲",2
"𠌁",2
"𠍩",2
"𠑄",2
"𠷂",2
"𡗸",2
"𡜂",2
"𡢲",2
"𡰖",2
"𡰢",2
"𡰾",2
"𡳆",2
"𢓱",2
"𢓳",2
"𢔇",2
"𢔳",2
"𢛛",2
"𢜼",2
"𢝅",2
"𢞡",2
"𢠷",2
"𢣓",2
"𢣘",2
"𢤄",2
"𢤖",2
"𣕂",2
"𣢛",2
"𣤔",2
"𤶩",2
"𤷃",2
"𤷅",2
"𥆖",2
"𥪂",2
"𥹺",2
"𧦠",2
"𧩧",2
"𧪡",2
"𧪦",2
"𧪧",2
"𧬱",2
"𧻷",2
"𧾍",2
"𨁸",2
"𨇘",2
"𨓇",2
"𨱙",2
"𩈦",2
"𩈫",2
"𩑟",2
"𩒖",2
"𩔂",2
"𩖄",2
"𩟊",2
"𩧅",2
"𩮁",2
"𩮝",2
"𭀰",2
"𢁕",2
"𢄌",2
"𢅭",2
"𣮧",2
"𣮬",2
"𣯨",2
"𣯹",2
"𥉾",2
"𥹵",2
"𦃘",2
"𧘟",2
"𧙤",2
"𨠏",2
"𨣀",2
"𩛺",2
"𪉸",2
"𪉿",2
"𪍄",2
"𪍅",2
"𪍆",2
"𪍤",2
"𪍹",2
"鿂",2
"𠥙",2
"𢃔",2
"𣕁",2
"𣶉",2
"𤗬",2
"𤱽",2
"𥒮",2
"𥭐",2
"𥭓",2
"𥳛",2
"𥷗",2
"𦊾",2
"𦪬",2
"𧝒",2
"𨯠",2
"𩉧",2
"𩍘",2
"𮵯",2
"𣡈",2
"𤦄",2
"𦥳",2
"𩂹",2
"𩂻",2
"𩄥",2
"𩗠",2
"𭕠",2
"𱪄",2
"𡛿",2
"𡞧",2
"𤢊",2
"𥑺",2
"𧌻",2
"𧍱",2
"𧑚",2
"𧒪",2
"𩥔",2
"𩦄",2
"𪓷",2
"𪓼",2
"夈",2
"㨈",2
"䖙",2
"䄭",2
"㔰",2
"䨶",2
"橷",2
"𭇓",2
"䴗",2
"𩭷",2
"㢹",2
"䗭",2
"罓",2
"喹",2
"𠰃",2
"傦",2
"𠟤",2
"𩲜",2
"㚨",2
"𧂬",2
"䚌",2
"㤛",2
"瞣",2
"㜧",2
"䭎",2
"𭡐",2
"𦔇",2
"龶",2
"𠥗",2
"𩄂",2
"𨞳",2
"𢷠",2
"𫑛",2
"𢄨",2
"𢒼",2
"𢓁",2
"𢓌",2
"𩶏",2
"䢬",2
"𨉁",2
"𢏂",2
"𨈌",2
"𦃐",2
"𦼾",2
"㶰",2
"𪊮",2
"𡿞",2
"𱴘",2
"𤐃",2
"𬑻",2
"𣴢",2
"𡩊",2
"𢼄",2
"椥",2
"𭚪",2
"𣌮",2
"𩙵",2
"𡥠",2
"𩟫",2
"𥨙",2
"𥤝",2
"𠊼",2
"𣝟",2
"𣶪",2
"牫",2
"𢪘",2
"𲃽",2
"𨍜",2
"冴",2
"𥔘",2
"穃",2
"𢴢",2
"𧳑",2
"𩗁",2
"𪑇",2
"𭝏",2
"㘯",2
"𣸫",2
"𬎪",2
"𭥰",2
"𪫑",2
"𮛜",2
"𭖖",2
"𫇸",2
"𧜳",2
"𤁳",2
"𣼻",2
"𤗃",2
"𦥷",2
"𡷵",2
"𣩓",2
"𫮖",2
"𩸬",2
"𡓔",2
"𣉽",2
"𤝴",2
"𦺜",2
"𭣪",2
"𫢝",2
"𣋵",2
"𪌝",2
"𤂴",2
"𧶛",2
"𥖜",2
"𭄜",2
"𦆆",2
"𮛥",2
"𣆦",2
"𭵖",2
"𪶳",2
"㑩",2
"𡘌",2
"𬮉",2
"㥗",2
"㧠",2
"𤪘",2
"䳥",2
"𬁷",2
"𨛃",2
"𪇸",2
"𲀕",2
"𣥣",2
"𱝡",2
"𦠣",2
"𠌲",2
"𡹉",2
"𤋦",2
"㷝",2
"𭫘",2
"𭸸",2
"𭲁",2
"𡾹",2
"𭩷",2
"𧽏",2
"𣛲",2
"𩩛",2
"𦇀",2
"𭡔",2
"𭗜",2
"𦞡",2
"𭼺",2
"𬓩",2
"𡵘",2
"𱚭",2
"𱽢",2
"𲁳",2
"𫑠",2
"𱶲",2
"𲂩",2
"𥆏",2
"𱛢",2
"𪕎",2
"𮡍",2
"𭏃",2
"𧰸",2
"㖋",2
"𫙗",2
"𫇲",2
"𮫃",2
"𭒥",2
"㘫",2
"𥙌",2
"𩬹",2
"𤄈",2
"𭵓",2
"𩤴",2
"𭦵",2
"𧧄",2
"𢙡",2
"𧨈",2
"𩈢",2
"𱣧",2
"𩌾",2
"𠔟",2
"𠫫",2
"𡊺",2
"𡋢",2
"𡥃",2
"𢕶",2
"𣅎",2
"𣒼",2
"𤂅",2
"𤇵",2
"𤈲",2
"𤎷",2
"𤚨",2
"𤽘",2
"𥄮",2
"𦬇",2
"𦬠",2
"𧗟",2
"𧾥",2
"𧾬",2
"𨸪",2
"𨼻",2
"𨽙",2
"𩙶",2
"𫳑",2
"𱹯",2
"𧙢",2
"𮰍",2
"𠩤",2
"𭙌",2
"𬅕",2
"𩢨",2
"𥧸",2
"𭿢",2
"𮆀",2
"𥌦",2
"𩘗",2
"𩵉",2
"𫋰",2
"𮡅",2
"𭷸",2
"𧼴",2
"𨦹",2
"𲃮",2
"𫊋",2
"𠱙",2
"𫃟",2
"𬒬",2
"𮚏",2
"𮉓",2
"𱰁",2
"𣼳",2
"𥝥",2
"𧴡",2
"𭶤",2
"𪹲",2
"𪿙",2
"𱤝",2
"𱨦",2
"𪈔",2
"𮠰",2
"𪸠",2
"𨫥",2
"𦫛",2
"𦙜",2
"𣉂",2
"𱶸",2
"𭲎",2
"𭷚",2
"𢪚",2
"𧢑",2
"𪜏",2
"𪻔",2
"𪝘",2
"𥁎",2
"𡮱",2
"𧯈",2
"𪼣",2
"𦝬",2
"𣫎",2
"𠰹",2
"𠶸",2
"𱛱",2
"𨫵",2
"𦸕",2
"㚞",2
"㗟",2
"㖝",2
"𠰧",2
"龬",2
"𭭐",2
"𫍎",2
"𭜮",2
"𭲶",2
"𮑞",2
"𪼚",2
"𪽊",2
"𪰡",2
"𫥚",2
"𩀕",2
"𠺱",2
"𧪍",2
"𭱦",2
"𪩊",2
"裄",2
"𥟊",2
"𭤊",2
"𧆸",2
"𭕥",2
"𢝲",2
"𭩉",2
"𲍤",2
"𧧰",2
"𨦍",2
"𱼤",2
"𢙫",2
"𭎃",2
"𭞕",2
"𭰜",2
"𭏭",2
"𭝾",2
"𨌎",2
"𤮍",2
"𡎞",2
"𩗾",2
"𥜟",2
"𩬮",2
"𠎱",2
"𭥻",2
"𡦃",2
"𭿍",2
"㳈",2
"𢕻",2
"𩤀",2
"𲆼",2
"𤂬",2
"𮏕",2
"𪂏",2
"𮨧",2
"𧕍",2
"𫋑",2
"𮓴",2
"𮔱",2
"𭲼",2
"𮛸",2
"𲌎",2
"𣋠",2
"𪵒",2
"𨛺",2
"𥈕",2
"㺆",2
"绗",2
"揼",2
"诶",2
"䍏",2
"𣌓",2
"𬗊",2
"𭞛",2
"𲇪",2
"𱵬",2
"𱵓",2
"𱢘",2
"𩔔",2
"𮝥",2
"𩙄",2
"𭊫",2
"𭐂",2
"𮦥",2
"𭗢",2
"𭙖",2
"𫗖",2
"𢊮",2
"㬖",2
"𮤣",2
"𮯘",2
"𮲊",2
"𮗵",2
"𨽎",2
"𮍷",2
"𮦤",2
"𫐵",2
"𮆔",2
"𧁥",2
"𪲶",2
"𮒈",2
"𱗢",2
"𬎌",2
"𪳙",2
"𣲒",2
"櫷",2
"𤠗",2
"𤡄",2
"𭃷",2
"𢁽",2
"𮍕",2
"𮝿",2
"𮍔",2
"𮒆",2
"𱶞",2
"𱭴",2
"𱳺",2
"𡂜",2
"𭄟",2
"𠃍",2
"𤩅",2
"𠆖",2
"𠝎",2
"㐞",2
"𨘖",2
"𠰂",2
"𩤔",2
"𣪧",2
"𠦸",2
"𫋳",2
"𬡘",2
"𭉲",2
"𭦴",2
"𡊇",2
"𦀉",2
"𱰛",2
"𦽏",2
"𱚐",2
"𩄯",2
"𱟍",2
"𭰛",2
"𤪥",2
"𤤀",2
"𨍊",2
"𱖤",2
"𲤲",2
"𪜴",2
"𫺳",2
"𮖩",2
"𱞗",2
"𲀸",2
"𢠺",2
"𱯤",2
"𲁿",2
"𥝦",2
"𥠃",2
"𥠔",2
"𥤀",2
"𮃷",2
"𨦰",2
"𥢗",2
"𪣉",2
"𭳢",2
"𲑓",2
"𪸑",2
"𮗶",2
"𣘨",2
"㯑",2
"㥻",2
"𱎎",2
"𬒑",2
"𫂘",2
"𩟔",2
"𭰔",2
"紦",2
"𱴛",2
"𫈛",2
"𩊬",2
"𧠯",2
"𧁮",2
"𨫱",2
"𠅀",2
"𭵩",2
"𮲠",2
"𥴱",2
"𮕯",2
"𭞳",2
"𱲄",2
"䠌",2
"𭭟",2
"𥒄",2
"𮃐",2
"𢦂",2
"𮇺",2
"𣒴",2
"𫺭",2
"𠐦",2
"𢦪",2
"𪖡",2
"𲉏",2
"𬓝",2
"𮂉",2
"𬉸",2
"𣖮",2
"𱣝",2
"𱤖",2
"𥢙",2
"𦃺",2
"𪴮",2
"𫃯",2
"𮧭",2
"𪳪",2
"𤄗",2
"𦹁",2
"𭦂",2
"𢤥",2
"𭹅",2
"𣴠",2
"𥤌",2
"𭛻",2
"𮃶",2
"𱺀",2
"𬿆",2
"𱱠",2
"𮩲",2
"𢫺",2
"𱾈",2
"𫮴",2
"𣈀",2
"𭹤",2
"𮋆",2
"𲍨",2
"𣱣",2
"𱘿",2
"𱦳",2
"𲋱",2
"𤆣",2
"𮃦",2
"𤊔",2
"𪺉",2
"𨩇",2
"𩑹",2
"𩔱",2
"𢟝",2
"𡙿",2
"𡧦",2
"𣤙",2
"𢓰",2
"𩆁",2
"𬯿",2
"𠞣",2
"𠘥",2
"𱫠",2
"𡍎",2
"𠈶",2
"𩵫",2
"𠸂",2
"𧣀",2
"𫂧",2
"𨃝",2
"𫼘",2
"𠘐",2
"𦌀",2
"𫘒",2
"𣘩",2
"𦂈",2
"𧷒",2
"𦾯",2
"㺫",2
"𣹦",2
"𢷕",2
"𨅗",2
"𥣰",2
"𨡲",2
"𩵏",2
"𪬕",2
"𥰜",2
"𥱹",2
"𥵠",2
"𥷩",2
"𮇂",2
"𢄑",2
"𨬠",2
"鿋",2
"𮩨",2
"𤨦",2
"𱹘",2
"𠃶",2
"𤪂",2
"𢟀",2
"𡒂",2
"𨠺",2
"𠮌",2
"𣭳",2
"𭥌",2
"𮜋",2
"𱵶",2
"𩪤",2
"𣺬",2
"𢝂",2
"𱘬",2
"𬴴",2
"𪏪",2
"𱿓",2
"𦅣",2
"𱢮",2
"𢸒",2
"𮠐",2
"𭟐",2
"𥟭",2
"𡺣",2
"𡋨",2
"𤭆",2
"𠓖",2
"𲎞",2
"𱙞",2
"𦔒",2
"𨆩",2
"𱟇",2
"焾",2
"𧶅",2
"𱢗",2
"𫓎",2
"𨇏",2
"𪊈",2
"𮋠",2
"𨥯",2
"𫶘",2
"𨵡",2
"𬽧",2
"䜤",2
"𩃝",2
"𣇃",2
"𪱸",2
"𭮹",2
"𤙓",2
"𲊑",2
"㦠",2
"𧄧",2
"𤭞",2
"𦡴",2
"𩰀",2
"𦖮",2
"𠕷",2
"𢍿",2
"𭯻",2
"𡋄",2
"𤌌",2
"𱯟",2
"𱿃",2
"𫘘",2
"𭚷",2
"𭸳",2
"𥆐",2
"𮔵",2
"𭹢",2
"𬾈",2
"𭲏",2
"𭖨",2
"𮣌",2
"𤲷",2
"𭲵",2
"𪰆",2
"𥒺",2
"𪻾",2
"𭏚",2
"𭒧",2
"𮦌",2
"𮙴",2
"𥴋",2
"𱤷",2
"𠦶",2
"𦇹",2
"𦣝",2
"𧯮",2
"𩇱",2
"𭨤",2
"𭷠",2
"𮒣",2
"𩎀",2
"𤟐",2
"𧧚",2
"𤊧",2
"𮩯",2
"𪝦",2
"𧲹",2
"𱭲",2
"𦹤",2
"𤃃",2
"𲂥",2
"𲉸",2
"𲊅",2
"𲊰",2
"𧚿",2
"𣲽",2
"𱻲",2
"𦻔",2
"𧿫",2
"𱾳",2
"𤞟",2
"𥵢",2
"𤰽",2
"𣵙",2
"𱘛",2
"𢈷",2
"𦜔",2
"𡻗",2
"𪫹",2
"𣑐",2
"𲊖",2
"𤴿",2
"𱖪",2
"𱵿",2
"𱶒",2
"𣑩",2
"𬒱",2
"𮂚",2
"㠞",2
"𥉧",2
"𫉍",2
"𣐊",2
"𪙌",2
"𤵊",2
"𫢑",2
"𲂬",2
"𬢲",2
"𨎊",2
"𤸎",2
"𨏿",2
"𥞅",2
"𱾯",2
"𬏼",2
"𱿼",2
"𥍠",2
"𨝫",2
"𤶣",2
"𮒞",2
"𢩭",2
"𱷀",2
"𤙡",2
"𣄛",2
"巕",2
"𱢚",2
"𪤴",2
"𭷁",2
"𨞀",2
"𧽣",2
"𥚉",2
"𩾚",2
"𦀊",2
"𮁘",2
"𢃰",2
"𣠢",2
"𧥱",2
"𩭛",2
"𫑶",2
"𩐒",2
"𩄁",2
"𩪭",2
"𪉧",2
"𡂟",2
"𨳳",2
"𣖡",2
"𮘱",2
"𲋠",2
"𱝱",2
"𣛻",2
"𣵫",2
"𭖷",2
"𭱱",2
"𭾞",2
"𨿸",2
"𪯩",2
"𥔭",2
"𢐔",2
"𱶱",2
"𲋰",2
"𲊂",2
"𪄌",2
"𢴣",2
"𦻘",2
"𫜝",2
"𮠤",2
"𡌹",2
"𤪗",2
"𭹫",2
"𬊀",2
"𭎩",2
"𭤦",2
"𢛕",2
"𤫇",2
"𬧕",2
"𧎫",2
"𭗩",2
"𭼲",2
"𭔎",2
"𮓸",2
"𭱟",2
"𭲗",2
"𤂐",2
"𦐬",2
"𮩵",2
"𨌡",2
"𧃟",2
"𱱰",2
"𦉕",2
"𣕡",2
"𭟍",2
"𬽿",2
"𮴃",2
"𱘁",2
"𱮕",2
"𠱫",2
"𠄵",2
"𱟵",2
"𮂡",2
"𣭝",2
"𠻪",2
"𥢽",2
"𡨗",2
"𱕥",2
"𥵊",2
"𱳥",2
"𦄂",2
"𲀶",2
"𭺂",2
"𢄧",2
"𮳨",2
"𡒵",2
"𨕒",2
"𱻦",2
"𬯵",2
"𦀨",2
"𪀏",2
"𪆛",2
"筙",2
"㐕",2
"𮔖",2
"𮠔",2
"𤈻",2
"𨵷",2
"𱴡",2
"𦳋",2
"𱱼",2
"𤼜",2
"𱡑",2
"𱧨",2
"𱾡",2
"𤸌",2
"𩸝",2
"𲂧",2
"𲋸",2
"𩶣",2
"𩽵",2
"𤑐",2
"𤓭",2
"𱝢",2
"𱡯",2
"𱤐",2
"𱾀",2
"𲀌",2
"𲍁",2
"𪹊",2
"𣼍",2
"𡑿",2
"𠹃",2
"𦆮",2
"𲁬",2
"𲆯",2
"𩂖",2
"𱹆",2
"𡽄",2
"𦬗",2
"𭾎",2
"𢜟",2
"謃",2
"𭽢",2
"𫮁",2
"𮪧",2
"𭹭",2
"𮁵",2
"𭴢",2
"𪸤",2
"𮏤",2
"𩃒",2
"𦗤",2
"𮔄",2
"𱰓",2
"𲌮",2
"𠩗",2
"𡖾",2
"𡰠",2
"𢻱",2
"𤓒",2
"𤜖",2
"𦎹",2
"𦺙",2
"𧧺",2
"𨖰",2
"𨘾",2
"𨿭",2
"𮌺",2
"𲎇",2
"𧁭",2
"𮡵",2
"𩰳",2
"𢟂",2
"𮄗",2
"𨈟",2
"𮏘",2
"𥅃",2
"𥬯",2
"𣔿",2
"𨀖",2
"𩞀",2
"𲈲",2
"烪",2
"𱩗",2
"𱞮",2
"𱪲",2
"𤥢",2
"𭩶",2
"𧬪",2
"𪘙",2
"𮆉",2
"𣈞",2
"𡾦",2
"𭳎",2
"𨉫",2
"𪰜",2
"𮧾",2
"𮟱",2
"𭏈",2
"㻼",2
"𭝛",2
"𤦌",2
"𫣴",2
"𢵸",2
"𦻗",2
"𢏦",2
"喸",2
"𢔂",2
"𭓶",2
"𱓵",2
"𲇗",2
"𮍝",2
"𮧫",2
"𨓿",2
"𦃊",2
"𬎓",2
"䤼",2
"𥸮",2
"𬀂",2
"𭿦",2
"𡖂",2
"𩒠",2
"䰶",2
"𱒯",2
"𫵒",2
"𤻃",2
"𨯟",2
"𦗲",2
"𤌎",2
"𭥹",2
"𠄅",2
"𱡔",2
"𩨝",2
"𪾧",2
"𭱭",2
"𭱹",2
"𭻪",2
"𩫷",2
"𭿲",2
"𮢞",2
"𮇮",2
"𭤡",2
"𩓌",2
"𧼕",2
"𫇤",2
"𭼁",2
"𭥕",2
"𮚼",2
"𧬰",2
"𢛧",2
"𮚋",2
"𲇇",2
"𧡲",2
"𭹑",2
"𮐭",2
"乽",2
"𥘏",2
"𭃺",2
"𥰝",2
"𭓒",2
"𮅅",2
"𭯧",2
"𣄳",2
"𬆽",2
"㒱",2
"𩜃",2
"𧚣",2
"𮁱",2
"𮔸",2
"𮪊",2
"𨷇",2
"𭕫",2
"𮄡",2
"𮢷",2
"𢝜",2
"𭚏",2
"𮊰",2
"𥣫",2
"𭬵",2
"𠏽",2
"𤍔",2
"𥞂",2
"𦟓",2
"𨎣",2
"𨤖",2
"𭋷",2
"𮉲",2
"𡝥",2
"𢠔",2
"𤠈",2
"𤠍",2
"𧈏",2
"𧨯",2
"𭪱",2
"𮉾",2
"𭢀",2
"𭥣",2
"鱰",2
"𡙔",2
"𡙙",2
"𤑌",2
"𤱄",2
"𤳉",2
"𥞆",2
"𥢯",2
"𨶤",2
"𪑵",2
"𭀇",2
"𦀙",2
"𭆽",2
"𠩍",2
"𤪈",2
"𨪔",2
"𭹯",2
"𭽫",2
"𭊆",2
"峠",2
"扨",2
"梺",2
"躮",2
"軈",2
"雫",2
"𦄻",2
"𧙏",2
"𬇤",2
"𬧧",2
"𮅆",2
"𦏰",2
"𫻝",2
"𭙹",2
"𮜜",2
"𭧧",2
"𮅓",2
"𮚉",2
"𫣞",2
"𭒵",2
"𥪗",2
"𭧋",2
"𮘴",2
"𩟇",2
"𬿖",2
"𭘱",2
"𮠣",2
"𱲠",2
"𦉼",2
"穒",2
"𮔬",2
"𤐶",2
"𱤨",2
"𡣪",2
"𱯽",2
"𭟨",2
"㱐",2
"𭳌",2
"𠐮",2
"𭶖",2
"𭅶",2
"𭥠",2
"𮑲",2
"𤎞",2
"𫀈",2
"𨼷",2
"𲃰",2
"𭶇",2
"𬿁",2
"𢘦",2
"𭯰",2
"𱰔",2
"𩞃",2
"𢒙",2
"𩳅",2
"𭳀",2
"𱻳",2
"𬯒",2
"𣐾",2
"𤌦",2
"𭗴",2
"𭴨",2
"𩶫",2
"𥋛",2
"𲁠",2
"𥰗",2
"𩉿",2
"𲎤",2
"𥛘",2
"𡷞",2
"𱭌",2
"𱯴",2
"𥙈",2
"𱨧",2
"𡪽",2
"𥦪",2
"𫜸",2
"𬌟",2
"𱟊",2
"𩖽",2
"𱥓",2
"𭅋",2
"𨫃",2
"𲁭",2
"𡐣",2
"𢛗",2
"𩕜",2
"㭵",2
"𣔯",2
"𧆰",2
"𥒳",2
"𥔂",2
"𤸯",2
"䢏",2
"𪩖",2
"𮐊",2
"𠵘",2
"𩔆",2
"𭱌",2
"𮮥",2
"𢅠",2
"𮡋",2
"𥵔",2
"𥭡",2
"𡪡",2
"𮓂",2
"𮫐",2
"𧘨",2
"𢢢",2
"𭘋",2
"𬘍",2
"𠯲",2
"𫾼",2
"𬚺",2
"𮈒",2
"𫡎",2
"𫧪",2
"乬",2
"𨸩",2
"𠱶",2
"𠺢",2
"𤘩",2
"𤼭",2
"𪜰",2
"𠶤",2
"𨅛",2
"䬻",2
"𬞺",2
"𭪤",2
"𣛿",2
"𣆁",2
"𣐄",2
"𣞍",2
"𭬂",2
"𭫨",2
"𧺃",2
"𠄩",2
"瞓",1
"羐",1
"𡦾",1
"𢔏",1
"𡌈",1
"価",1
"𡚅",1
"𢖾",1
"𢲡",1
"𤋄",1
"𤝗",1
"𧿉",1
"𪃭",1
