dataset_slug,dataset_group,represents,writing_system,display_label,source_citation,source_citation_full,source_work,source_author,source_year,underlying_text,underlying_text_year,character,transcription_latin,transcription_manchu,transcription_ipa,initial_label,final_label,occurrence_count,page_number,source_chunk,chars_raw
manju-hergen-takekoshi-2011,mandarin,Mandarin,Manchu script transcription of Mandarin,ᠮᠠᠨᠵᡠ ᡥᡝᡵᡤᡝᠨ Manju Hergen,"Takekoshi 竹越, Takeshi 孝. (2011). 『兼滿漢語滿洲套話清文啓蒙』満洲文字注音一覧表. KOTONOHA, (101).","Takekoshi 竹越, Takeshi 孝. (2011). 『兼滿漢語滿洲套話清文啓蒙』満洲文字注音一覧表. KOTONOHA, (101). Data extracted from the Qing instructional source 兼滿漢語滿洲套話清文啓蒙 (1763).",『兼滿漢語滿洲套話清文啓蒙』満洲文字注音一覧表,竹越 孝 / Takekoshi Takeshi,2011,兼滿漢語滿洲套話清文啓蒙,1763,罷,ba,ᠪᠠ,pa,b,a,74,1,罷 ba 74,罷
manju-hergen-takekoshi-2011,mandarin,Mandarin,Manchu script transcription of Mandarin,ᠮᠠᠨᠵᡠ ᡥᡝᡵᡤᡝᠨ Manju Hergen,"Takekoshi 竹越, Takeshi 孝. (2011). 『兼滿漢語滿洲套話清文啓蒙』満洲文字注音一覧表. KOTONOHA, (101).","Takekoshi 竹越, Takeshi 孝. (2011). 『兼滿漢語滿洲套話清文啓蒙』満洲文字注音一覧表. KOTONOHA, (101). Data extracted from the Qing instructional source 兼滿漢語滿洲套話清文啓蒙 (1763).",『兼滿漢語滿洲套話清文啓蒙』満洲文字注音一覧表,竹越 孝 / Takekoshi Takeshi,2011,兼滿漢語滿洲套話清文啓蒙,1763,把,ba,ᠪᠠ,pa,b,a,25,1,把 ba 25,把
manju-hergen-takekoshi-2011,mandarin,Mandarin,Manchu script transcription of Mandarin,ᠮᠠᠨᠵᡠ ᡥᡝᡵᡤᡝᠨ Manju Hergen,"Takekoshi 竹越, Takeshi 孝. (2011). 『兼滿漢語滿洲套話清文啓蒙』満洲文字注音一覧表. KOTONOHA, (101).","Takekoshi 竹越, Takeshi 孝. (2011). 『兼滿漢語滿洲套話清文啓蒙』満洲文字注音一覧表. KOTONOHA, (101). Data extracted from the Qing instructional source 兼滿漢語滿洲套話清文啓蒙 (1763).",『兼滿漢語滿洲套話清文啓蒙』満洲文字注音一覧表,竹越 孝 / Takekoshi Takeshi,2011,兼滿漢語滿洲套話清文啓蒙,1763,巴,ba,ᠪᠠ,pa,b,a,5,1,巴 ba 5,巴
manju-hergen-takekoshi-2011,mandarin,Mandarin,Manchu script transcription of Mandarin,ᠮᠠᠨᠵᡠ ᡥᡝᡵᡤᡝᠨ Manju Hergen,"Takekoshi 竹越, Takeshi 孝. (2011). 『兼滿漢語滿洲套話清文啓蒙』満洲文字注音一覧表. KOTONOHA, (101).","Takekoshi 竹越, Takeshi 孝. (2011). 『兼滿漢語滿洲套話清文啓蒙』満洲文字注音一覧表. KOTONOHA, (101). Data extracted from the Qing instructional source 兼滿漢語滿洲套話清文啓蒙 (1763).",『兼滿漢語滿洲套話清文啓蒙』満洲文字注音一覧表,竹越 孝 / Takekoshi Takeshi,2011,兼滿漢語滿洲套話清文啓蒙,1763,吧,ba,ᠪᠠ,pa,b,a,5,1,吧 ba 5,吧
manju-hergen-takekoshi-2011,mandarin,Mandarin,Manchu script transcription of Mandarin,ᠮᠠᠨᠵᡠ ᡥᡝᡵᡤᡝᠨ Manju Hergen,"Takekoshi 竹越, Takeshi 孝. (2011). 『兼滿漢語滿洲套話清文啓蒙』満洲文字注音一覧表. KOTONOHA, (101).","Takekoshi 竹越, Takeshi 孝. (2011). 『兼滿漢語滿洲套話清文啓蒙』満洲文字注音一覧表. KOTONOHA, (101). Data extracted from the Qing instructional source 兼滿漢語滿洲套話清文啓蒙 (1763).",『兼滿漢語滿洲套話清文啓蒙』満洲文字注音一覧表,竹越 孝 / Takekoshi Takeshi,2011,兼滿漢語滿洲套話清文啓蒙,1763,怕,pa,ᡦᠠ,pʰa,p,a,10,1,怕 pa 10,怕
manju-hergen-takekoshi-2011,mandarin,Mandarin,Manchu script transcription of Mandarin,ᠮᠠᠨᠵᡠ ᡥᡝᡵᡤᡝᠨ Manju Hergen,"Takekoshi 竹越, Takeshi 孝. (2011). 『兼滿漢語滿洲套話清文啓蒙』満洲文字注音一覧表. KOTONOHA, (101).","Takekoshi 竹越, Takeshi 孝. (2011). 『兼滿漢語滿洲套話清文啓蒙』満洲文字注音一覧表. KOTONOHA, (101). Data extracted from the Qing instructional source 兼滿漢語滿洲套話清文啓蒙 (1763).",『兼滿漢語滿洲套話清文啓蒙』満洲文字注音一覧表,竹越 孝 / Takekoshi Takeshi,2011,兼滿漢語滿洲套話清文啓蒙,1763,跁,pa,ᡦᠠ,pʰa,p,a,,1,跁 pa,跁
manju-hergen-takekoshi-2011,mandarin,Mandarin,Manchu script transcription of Mandarin,ᠮᠠᠨᠵᡠ ᡥᡝᡵᡤᡝᠨ Manju Hergen,"Takekoshi 竹越, Takeshi 孝. (2011). 『兼滿漢語滿洲套話清文啓蒙』満洲文字注音一覧表. KOTONOHA, (101).","Takekoshi 竹越, Takeshi 孝. (2011). 『兼滿漢語滿洲套話清文啓蒙』満洲文字注音一覧表. KOTONOHA, (101). Data extracted from the Qing instructional source 兼滿漢語滿洲套話清文啓蒙 (1763).",『兼滿漢語滿洲套話清文啓蒙』満洲文字注音一覧表,竹越 孝 / Takekoshi Takeshi,2011,兼滿漢語滿洲套話清文啓蒙,1763,馬,ma,ᠮᠠ,ma,m,a,14,1,馬 ma 14,馬
manju-hergen-takekoshi-2011,mandarin,Mandarin,Manchu script transcription of Mandarin,ᠮᠠᠨᠵᡠ ᡥᡝᡵᡤᡝᠨ Manju Hergen,"Takekoshi 竹越, Takeshi 孝. (2011). 『兼滿漢語滿洲套話清文啓蒙』満洲文字注音一覧表. KOTONOHA, (101).","Takekoshi 竹越, Takeshi 孝. (2011). 『兼滿漢語滿洲套話清文啓蒙』満洲文字注音一覧表. KOTONOHA, (101). Data extracted from the Qing instructional source 兼滿漢語滿洲套話清文啓蒙 (1763).",『兼滿漢語滿洲套話清文啓蒙』満洲文字注音一覧表,竹越 孝 / Takekoshi Takeshi,2011,兼滿漢語滿洲套話清文啓蒙,1763,媽,ma,ᠮᠠ,ma,m,a,3,1,媽 ma 3,媽
manju-hergen-takekoshi-2011,mandarin,Mandarin,Manchu script transcription of Mandarin,ᠮᠠᠨᠵᡠ ᡥᡝᡵᡤᡝᠨ Manju Hergen,"Takekoshi 竹越, Takeshi 孝. (2011). 『兼滿漢語滿洲套話清文啓蒙』満洲文字注音一覧表. KOTONOHA, (101).","Takekoshi 竹越, Takeshi 孝. (2011). 『兼滿漢語滿洲套話清文啓蒙』満洲文字注音一覧表. KOTONOHA, (101). Data extracted from the Qing instructional source 兼滿漢語滿洲套話清文啓蒙 (1763).",『兼滿漢語滿洲套話清文啓蒙』満洲文字注音一覧表,竹越 孝 / Takekoshi Takeshi,2011,兼滿漢語滿洲套話清文啓蒙,1763,嗎,ma,ᠮᠠ,ma,m,a,,1,嗎 ma,嗎
manju-hergen-takekoshi-2011,mandarin,Mandarin,Manchu script transcription of Mandarin,ᠮᠠᠨᠵᡠ ᡥᡝᡵᡤᡝᠨ Manju Hergen,"Takekoshi 竹越, Takeshi 孝. (2011). 『兼滿漢語滿洲套話清文啓蒙』満洲文字注音一覧表. KOTONOHA, (101).","Takekoshi 竹越, Takeshi 孝. (2011). 『兼滿漢語滿洲套話清文啓蒙』満洲文字注音一覧表. KOTONOHA, (101). Data extracted from the Qing instructional source 兼滿漢語滿洲套話清文啓蒙 (1763).",『兼滿漢語滿洲套話清文啓蒙』満洲文字注音一覧表,竹越 孝 / Takekoshi Takeshi,2011,兼滿漢語滿洲套話清文啓蒙,1763,瑪,ma,ᠮᠠ,ma,m,a,,1,瑪 ma,瑪
manju-hergen-takekoshi-2011,mandarin,Mandarin,Manchu script transcription of Mandarin,ᠮᠠᠨᠵᡠ ᡥᡝᡵᡤᡝᠨ Manju Hergen,"Takekoshi 竹越, Takeshi 孝. (2011). 『兼滿漢語滿洲套話清文啓蒙』満洲文字注音一覧表. KOTONOHA, (101).","Takekoshi 竹越, Takeshi 孝. (2011). 『兼滿漢語滿洲套話清文啓蒙』満洲文字注音一覧表. KOTONOHA, (101). Data extracted from the Qing instructional source 兼滿漢語滿洲套話清文啓蒙 (1763).",『兼滿漢語滿洲套話清文啓蒙』満洲文字注音一覧表,竹越 孝 / Takekoshi Takeshi,2011,兼滿漢語滿洲套話清文啓蒙,1763,發,fa,ᡶᠠ,fa,f,a,6,1,發 fa 6,發
manju-hergen-takekoshi-2011,mandarin,Mandarin,Manchu script transcription of Mandarin,ᠮᠠᠨᠵᡠ ᡥᡝᡵᡤᡝᠨ Manju Hergen,"Takekoshi 竹越, Takeshi 孝. (2011). 『兼滿漢語滿洲套話清文啓蒙』満洲文字注音一覧表. KOTONOHA, (101).","Takekoshi 竹越, Takeshi 孝. (2011). 『兼滿漢語滿洲套話清文啓蒙』満洲文字注音一覧表. KOTONOHA, (101). Data extracted from the Qing instructional source 兼滿漢語滿洲套話清文啓蒙 (1763).",『兼滿漢語滿洲套話清文啓蒙』満洲文字注音一覧表,竹越 孝 / Takekoshi Takeshi,2011,兼滿漢語滿洲套話清文啓蒙,1763,法,fa,ᡶᠠ,fa,f,a,,1,法 fa,法
manju-hergen-takekoshi-2011,mandarin,Mandarin,Manchu script transcription of Mandarin,ᠮᠠᠨᠵᡠ ᡥᡝᡵᡤᡝᠨ Manju Hergen,"Takekoshi 竹越, Takeshi 孝. (2011). 『兼滿漢語滿洲套話清文啓蒙』満洲文字注音一覧表. KOTONOHA, (101).","Takekoshi 竹越, Takeshi 孝. (2011). 『兼滿漢語滿洲套話清文啓蒙』満洲文字注音一覧表. KOTONOHA, (101). Data extracted from the Qing instructional source 兼滿漢語滿洲套話清文啓蒙 (1763).",『兼滿漢語滿洲套話清文啓蒙』満洲文字注音一覧表,竹越 孝 / Takekoshi Takeshi,2011,兼滿漢語滿洲套話清文啓蒙,1763,乏,fa,ᡶᠠ,fa,f,a,,1,乏 fa,乏
manju-hergen-takekoshi-2011,mandarin,Mandarin,Manchu script transcription of Mandarin,ᠮᠠᠨᠵᡠ ᡥᡝᡵᡤᡝᠨ Manju Hergen,"Takekoshi 竹越, Takeshi 孝. (2011). 『兼滿漢語滿洲套話清文啓蒙』満洲文字注音一覧表. KOTONOHA, (101).","Takekoshi 竹越, Takeshi 孝. (2011). 『兼滿漢語滿洲套話清文啓蒙』満洲文字注音一覧表. KOTONOHA, (101). Data extracted from the Qing instructional source 兼滿漢語滿洲套話清文啓蒙 (1763).",『兼滿漢語滿洲套話清文啓蒙』満洲文字注音一覧表,竹越 孝 / Takekoshi Takeshi,2011,兼滿漢語滿洲套話清文啓蒙,1763,大,da,ᡩᠠ,ta,d,a,19,1,大 da 19,大
manju-hergen-takekoshi-2011,mandarin,Mandarin,Manchu script transcription of Mandarin,ᠮᠠᠨᠵᡠ ᡥᡝᡵᡤᡝᠨ Manju Hergen,"Takekoshi 竹越, Takeshi 孝. (2011). 『兼滿漢語滿洲套話清文啓蒙』満洲文字注音一覧表. KOTONOHA, (101).","Takekoshi 竹越, Takeshi 孝. (2011). 『兼滿漢語滿洲套話清文啓蒙』満洲文字注音一覧表. KOTONOHA, (101). Data extracted from the Qing instructional source 兼滿漢語滿洲套話清文啓蒙 (1763).",『兼滿漢語滿洲套話清文啓蒙』満洲文字注音一覧表,竹越 孝 / Takekoshi Takeshi,2011,兼滿漢語滿洲套話清文啓蒙,1763,答,da,ᡩᠠ,ta,d,a,9,1,答 da 9,答
manju-hergen-takekoshi-2011,mandarin,Mandarin,Manchu script transcription of Mandarin,ᠮᠠᠨᠵᡠ ᡥᡝᡵᡤᡝᠨ Manju Hergen,"Takekoshi 竹越, Takeshi 孝. (2011). 『兼滿漢語滿洲套話清文啓蒙』満洲文字注音一覧表. KOTONOHA, (101).","Takekoshi 竹越, Takeshi 孝. (2011). 『兼滿漢語滿洲套話清文啓蒙』満洲文字注音一覧表. KOTONOHA, (101). Data extracted from the Qing instructional source 兼滿漢語滿洲套話清文啓蒙 (1763).",『兼滿漢語滿洲套話清文啓蒙』満洲文字注音一覧表,竹越 孝 / Takekoshi Takeshi,2011,兼滿漢語滿洲套話清文啓蒙,1763,打,da,ᡩᠠ,ta,d,a,2,1,打 da 2,打
manju-hergen-takekoshi-2011,mandarin,Mandarin,Manchu script transcription of Mandarin,ᠮᠠᠨᠵᡠ ᡥᡝᡵᡤᡝᠨ Manju Hergen,"Takekoshi 竹越, Takeshi 孝. (2011). 『兼滿漢語滿洲套話清文啓蒙』満洲文字注音一覧表. KOTONOHA, (101).","Takekoshi 竹越, Takeshi 孝. (2011). 『兼滿漢語滿洲套話清文啓蒙』満洲文字注音一覧表. KOTONOHA, (101). Data extracted from the Qing instructional source 兼滿漢語滿洲套話清文啓蒙 (1763).",『兼滿漢語滿洲套話清文啓蒙』満洲文字注音一覧表,竹越 孝 / Takekoshi Takeshi,2011,兼滿漢語滿洲套話清文啓蒙,1763,他,ta,ᡨᠠ,tʰa,t,a,68,1,他 ta 68,他
manju-hergen-takekoshi-2011,mandarin,Mandarin,Manchu script transcription of Mandarin,ᠮᠠᠨᠵᡠ ᡥᡝᡵᡤᡝᠨ Manju Hergen,"Takekoshi 竹越, Takeshi 孝. (2011). 『兼滿漢語滿洲套話清文啓蒙』満洲文字注音一覧表. KOTONOHA, (101).","Takekoshi 竹越, Takeshi 孝. (2011). 『兼滿漢語滿洲套話清文啓蒙』満洲文字注音一覧表. KOTONOHA, (101). Data extracted from the Qing instructional source 兼滿漢語滿洲套話清文啓蒙 (1763).",『兼滿漢語滿洲套話清文啓蒙』満洲文字注音一覧表,竹越 孝 / Takekoshi Takeshi,2011,兼滿漢語滿洲套話清文啓蒙,1763,那,na,ᠨᠠ,na,n,a,73,1,那 na 73,那
manju-hergen-takekoshi-2011,mandarin,Mandarin,Manchu script transcription of Mandarin,ᠮᠠᠨᠵᡠ ᡥᡝᡵᡤᡝᠨ Manju Hergen,"Takekoshi 竹越, Takeshi 孝. (2011). 『兼滿漢語滿洲套話清文啓蒙』満洲文字注音一覧表. KOTONOHA, (101).","Takekoshi 竹越, Takeshi 孝. (2011). 『兼滿漢語滿洲套話清文啓蒙』満洲文字注音一覧表. KOTONOHA, (101). Data extracted from the Qing instructional source 兼滿漢語滿洲套話清文啓蒙 (1763).",『兼滿漢語滿洲套話清文啓蒙』満洲文字注音一覧表,竹越 孝 / Takekoshi Takeshi,2011,兼滿漢語滿洲套話清文啓蒙,1763,拿,na,ᠨᠠ,na,n,a,12,1,拿 / 挐 na 12,拿/挐
manju-hergen-takekoshi-2011,mandarin,Mandarin,Manchu script transcription of Mandarin,ᠮᠠᠨᠵᡠ ᡥᡝᡵᡤᡝᠨ Manju Hergen,"Takekoshi 竹越, Takeshi 孝. (2011). 『兼滿漢語滿洲套話清文啓蒙』満洲文字注音一覧表. KOTONOHA, (101).","Takekoshi 竹越, Takeshi 孝. (2011). 『兼滿漢語滿洲套話清文啓蒙』満洲文字注音一覧表. KOTONOHA, (101). Data extracted from the Qing instructional source 兼滿漢語滿洲套話清文啓蒙 (1763).",『兼滿漢語滿洲套話清文啓蒙』満洲文字注音一覧表,竹越 孝 / Takekoshi Takeshi,2011,兼滿漢語滿洲套話清文啓蒙,1763,挐,na,ᠨᠠ,na,n,a,12,1,拿 / 挐 na 12,拿/挐
manju-hergen-takekoshi-2011,mandarin,Mandarin,Manchu script transcription of Mandarin,ᠮᠠᠨᠵᡠ ᡥᡝᡵᡤᡝᠨ Manju Hergen,"Takekoshi 竹越, Takeshi 孝. (2011). 『兼滿漢語滿洲套話清文啓蒙』満洲文字注音一覧表. KOTONOHA, (101).","Takekoshi 竹越, Takeshi 孝. (2011). 『兼滿漢語滿洲套話清文啓蒙』満洲文字注音一覧表. KOTONOHA, (101). Data extracted from the Qing instructional source 兼滿漢語滿洲套話清文啓蒙 (1763).",『兼滿漢語滿洲套話清文啓蒙』満洲文字注音一覧表,竹越 孝 / Takekoshi Takeshi,2011,兼滿漢語滿洲套話清文啓蒙,1763,拉,la,ᠯᠠ,la,l,a,7,1,拉 la 7,拉
manju-hergen-takekoshi-2011,mandarin,Mandarin,Manchu script transcription of Mandarin,ᠮᠠᠨᠵᡠ ᡥᡝᡵᡤᡝᠨ Manju Hergen,"Takekoshi 竹越, Takeshi 孝. (2011). 『兼滿漢語滿洲套話清文啓蒙』満洲文字注音一覧表. KOTONOHA, (101).","Takekoshi 竹越, Takeshi 孝. (2011). 『兼滿漢語滿洲套話清文啓蒙』満洲文字注音一覧表. KOTONOHA, (101). Data extracted from the Qing instructional source 兼滿漢語滿洲套話清文啓蒙 (1763).",『兼滿漢語滿洲套話清文啓蒙』満洲文字注音一覧表,竹越 孝 / Takekoshi Takeshi,2011,兼滿漢語滿洲套話清文啓蒙,1763,雜,dza,ᡯᠠ,tsa,z,a,2,1,雜 dza 2,雜
manju-hergen-takekoshi-2011,mandarin,Mandarin,Manchu script transcription of Mandarin,ᠮᠠᠨᠵᡠ ᡥᡝᡵᡤᡝᠨ Manju Hergen,"Takekoshi 竹越, Takeshi 孝. (2011). 『兼滿漢語滿洲套話清文啓蒙』満洲文字注音一覧表. KOTONOHA, (101).","Takekoshi 竹越, Takeshi 孝. (2011). 『兼滿漢語滿洲套話清文啓蒙』満洲文字注音一覧表. KOTONOHA, (101). Data extracted from the Qing instructional source 兼滿漢語滿洲套話清文啓蒙 (1763).",『兼滿漢語滿洲套話清文啓蒙』満洲文字注音一覧表,竹越 孝 / Takekoshi Takeshi,2011,兼滿漢語滿洲套話清文啓蒙,1763,撒,sa,ᠰᠠ,sa,s,a,5,1,撒 sa 5,撒
manju-hergen-takekoshi-2011,mandarin,Mandarin,Manchu script transcription of Mandarin,ᠮᠠᠨᠵᡠ ᡥᡝᡵᡤᡝᠨ Manju Hergen,"Takekoshi 竹越, Takeshi 孝. (2011). 『兼滿漢語滿洲套話清文啓蒙』満洲文字注音一覧表. KOTONOHA, (101).","Takekoshi 竹越, Takeshi 孝. (2011). 『兼滿漢語滿洲套話清文啓蒙』満洲文字注音一覧表. KOTONOHA, (101). Data extracted from the Qing instructional source 兼滿漢語滿洲套話清文啓蒙 (1763).",『兼滿漢語滿洲套話清文啓蒙』満洲文字注音一覧表,竹越 孝 / Takekoshi Takeshi,2011,兼滿漢語滿洲套話清文啓蒙,1763,扎,ja,ᠵᠠ,tʃa,zh,a,,1,扎 ja,扎
manju-hergen-takekoshi-2011,mandarin,Mandarin,Manchu script transcription of Mandarin,ᠮᠠᠨᠵᡠ ᡥᡝᡵᡤᡝᠨ Manju Hergen,"Takekoshi 竹越, Takeshi 孝. (2011). 『兼滿漢語滿洲套話清文啓蒙』満洲文字注音一覧表. KOTONOHA, (101).","Takekoshi 竹越, Takeshi 孝. (2011). 『兼滿漢語滿洲套話清文啓蒙』満洲文字注音一覧表. KOTONOHA, (101). Data extracted from the Qing instructional source 兼滿漢語滿洲套話清文啓蒙 (1763).",『兼滿漢語滿洲套話清文啓蒙』満洲文字注音一覧表,竹越 孝 / Takekoshi Takeshi,2011,兼滿漢語滿洲套話清文啓蒙,1763,茶,ca,ᠴᠠ,tʃʰa,ch,a,5,1,茶 ca 5,茶
manju-hergen-takekoshi-2011,mandarin,Mandarin,Manchu script transcription of Mandarin,ᠮᠠᠨᠵᡠ ᡥᡝᡵᡤᡝᠨ Manju Hergen,"Takekoshi 竹越, Takeshi 孝. (2011). 『兼滿漢語滿洲套話清文啓蒙』満洲文字注音一覧表. KOTONOHA, (101).","Takekoshi 竹越, Takeshi 孝. (2011). 『兼滿漢語滿洲套話清文啓蒙』満洲文字注音一覧表. KOTONOHA, (101). Data extracted from the Qing instructional source 兼滿漢語滿洲套話清文啓蒙 (1763).",『兼滿漢語滿洲套話清文啓蒙』満洲文字注音一覧表,竹越 孝 / Takekoshi Takeshi,2011,兼滿漢語滿洲套話清文啓蒙,1763,差,ca,ᠴᠠ,tʃʰa,ch,a,,1,差 ca,差
manju-hergen-takekoshi-2011,mandarin,Mandarin,Manchu script transcription of Mandarin,ᠮᠠᠨᠵᡠ ᡥᡝᡵᡤᡝᠨ Manju Hergen,"Takekoshi 竹越, Takeshi 孝. (2011). 『兼滿漢語滿洲套話清文啓蒙』満洲文字注音一覧表. KOTONOHA, (101).","Takekoshi 竹越, Takeshi 孝. (2011). 『兼滿漢語滿洲套話清文啓蒙』満洲文字注音一覧表. KOTONOHA, (101). Data extracted from the Qing instructional source 兼滿漢語滿洲套話清文啓蒙 (1763).",『兼滿漢語滿洲套話清文啓蒙』満洲文字注音一覧表,竹越 孝 / Takekoshi Takeshi,2011,兼滿漢語滿洲套話清文啓蒙,1763,殺,ša,ᡧᠠ,ʃa,sh,a,3,1,殺 ša 3,殺
manju-hergen-takekoshi-2011,mandarin,Mandarin,Manchu script transcription of Mandarin,ᠮᠠᠨᠵᡠ ᡥᡝᡵᡤᡝᠨ Manju Hergen,"Takekoshi 竹越, Takeshi 孝. (2011). 『兼滿漢語滿洲套話清文啓蒙』満洲文字注音一覧表. KOTONOHA, (101).","Takekoshi 竹越, Takeshi 孝. (2011). 『兼滿漢語滿洲套話清文啓蒙』満洲文字注音一覧表. KOTONOHA, (101). Data extracted from the Qing instructional source 兼滿漢語滿洲套話清文啓蒙 (1763).",『兼滿漢語滿洲套話清文啓蒙』満洲文字注音一覧表,竹越 孝 / Takekoshi Takeshi,2011,兼滿漢語滿洲套話清文啓蒙,1763,哈,ha,ᡥᠠ,χa,h,a,2,1,哈 ha 2,哈
manju-hergen-takekoshi-2011,mandarin,Mandarin,Manchu script transcription of Mandarin,ᠮᠠᠨᠵᡠ ᡥᡝᡵᡤᡝᠨ Manju Hergen,"Takekoshi 竹越, Takeshi 孝. (2011). 『兼滿漢語滿洲套話清文啓蒙』満洲文字注音一覧表. KOTONOHA, (101).","Takekoshi 竹越, Takeshi 孝. (2011). 『兼滿漢語滿洲套話清文啓蒙』満洲文字注音一覧表. KOTONOHA, (101). Data extracted from the Qing instructional source 兼滿漢語滿洲套話清文啓蒙 (1763).",『兼滿漢語滿洲套話清文啓蒙』満洲文字注音一覧表,竹越 孝 / Takekoshi Takeshi,2011,兼滿漢語滿洲套話清文啓蒙,1763,阿,a,ᠠ,a,∅,a,107,1,阿 a 107,阿
manju-hergen-takekoshi-2011,mandarin,Mandarin,Manchu script transcription of Mandarin,ᠮᠠᠨᠵᡠ ᡥᡝᡵᡤᡝᠨ Manju Hergen,"Takekoshi 竹越, Takeshi 孝. (2011). 『兼滿漢語滿洲套話清文啓蒙』満洲文字注音一覧表. KOTONOHA, (101).","Takekoshi 竹越, Takeshi 孝. (2011). 『兼滿漢語滿洲套話清文啓蒙』満洲文字注音一覧表. KOTONOHA, (101). Data extracted from the Qing instructional source 兼滿漢語滿洲套話清文啓蒙 (1763).",『兼滿漢語滿洲套話清文啓蒙』満洲文字注音一覧表,竹越 孝 / Takekoshi Takeshi,2011,兼滿漢語滿洲套話清文啓蒙,1763,啊,a,ᠠ,a,∅,a,58,1,啊 a 58,啊
manju-hergen-takekoshi-2011,mandarin,Mandarin,Manchu script transcription of Mandarin,ᠮᠠᠨᠵᡠ ᡥᡝᡵᡤᡝᠨ Manju Hergen,"Takekoshi 竹越, Takeshi 孝. (2011). 『兼滿漢語滿洲套話清文啓蒙』満洲文字注音一覧表. KOTONOHA, (101).","Takekoshi 竹越, Takeshi 孝. (2011). 『兼滿漢語滿洲套話清文啓蒙』満洲文字注音一覧表. KOTONOHA, (101). Data extracted from the Qing instructional source 兼滿漢語滿洲套話清文啓蒙 (1763).",『兼滿漢語滿洲套話清文啓蒙』満洲文字注音一覧表,竹越 孝 / Takekoshi Takeshi,2011,兼滿漢語滿洲套話清文啓蒙,1763,家,giya,ᡤᡳᠶᠠ,qija,j,ia,56,2,家 giya 56,家
manju-hergen-takekoshi-2011,mandarin,Mandarin,Manchu script transcription of Mandarin,ᠮᠠᠨᠵᡠ ᡥᡝᡵᡤᡝᠨ Manju Hergen,"Takekoshi 竹越, Takeshi 孝. (2011). 『兼滿漢語滿洲套話清文啓蒙』満洲文字注音一覧表. KOTONOHA, (101).","Takekoshi 竹越, Takeshi 孝. (2011). 『兼滿漢語滿洲套話清文啓蒙』満洲文字注音一覧表. KOTONOHA, (101). Data extracted from the Qing instructional source 兼滿漢語滿洲套話清文啓蒙 (1763).",『兼滿漢語滿洲套話清文啓蒙』満洲文字注音一覧表,竹越 孝 / Takekoshi Takeshi,2011,兼滿漢語滿洲套話清文啓蒙,1763,假,giya,ᡤᡳᠶᠠ,qija,j,ia,5,2,假 giya 5,假
manju-hergen-takekoshi-2011,mandarin,Mandarin,Manchu script transcription of Mandarin,ᠮᠠᠨᠵᡠ ᡥᡝᡵᡤᡝᠨ Manju Hergen,"Takekoshi 竹越, Takeshi 孝. (2011). 『兼滿漢語滿洲套話清文啓蒙』満洲文字注音一覧表. KOTONOHA, (101).","Takekoshi 竹越, Takeshi 孝. (2011). 『兼滿漢語滿洲套話清文啓蒙』満洲文字注音一覧表. KOTONOHA, (101). Data extracted from the Qing instructional source 兼滿漢語滿洲套話清文啓蒙 (1763).",『兼滿漢語滿洲套話清文啓蒙』満洲文字注音一覧表,竹越 孝 / Takekoshi Takeshi,2011,兼滿漢語滿洲套話清文啓蒙,1763,甲,giya,ᡤᡳᠶᠠ,qija,j,ia,,2,甲 giya,甲
manju-hergen-takekoshi-2011,mandarin,Mandarin,Manchu script transcription of Mandarin,ᠮᠠᠨᠵᡠ ᡥᡝᡵᡤᡝᠨ Manju Hergen,"Takekoshi 竹越, Takeshi 孝. (2011). 『兼滿漢語滿洲套話清文啓蒙』満洲文字注音一覧表. KOTONOHA, (101).","Takekoshi 竹越, Takeshi 孝. (2011). 『兼滿漢語滿洲套話清文啓蒙』満洲文字注音一覧表. KOTONOHA, (101). Data extracted from the Qing instructional source 兼滿漢語滿洲套話清文啓蒙 (1763).",『兼滿漢語滿洲套話清文啓蒙』満洲文字注音一覧表,竹越 孝 / Takekoshi Takeshi,2011,兼滿漢語滿洲套話清文啓蒙,1763,駕,giya,ᡤᡳᠶᠠ,qija,j,ia,,2,駕 giya,駕
manju-hergen-takekoshi-2011,mandarin,Mandarin,Manchu script transcription of Mandarin,ᠮᠠᠨᠵᡠ ᡥᡝᡵᡤᡝᠨ Manju Hergen,"Takekoshi 竹越, Takeshi 孝. (2011). 『兼滿漢語滿洲套話清文啓蒙』満洲文字注音一覧表. KOTONOHA, (101).","Takekoshi 竹越, Takeshi 孝. (2011). 『兼滿漢語滿洲套話清文啓蒙』満洲文字注音一覧表. KOTONOHA, (101). Data extracted from the Qing instructional source 兼滿漢語滿洲套話清文啓蒙 (1763).",『兼滿漢語滿洲套話清文啓蒙』満洲文字注音一覧表,竹越 孝 / Takekoshi Takeshi,2011,兼滿漢語滿洲套話清文啓蒙,1763,价,giyai,ᡤᡳᠶᠠᡳ,qijai,j,ia,,2,价 giyai,价
manju-hergen-takekoshi-2011,mandarin,Mandarin,Manchu script transcription of Mandarin,ᠮᠠᠨᠵᡠ ᡥᡝᡵᡤᡝᠨ Manju Hergen,"Takekoshi 竹越, Takeshi 孝. (2011). 『兼滿漢語滿洲套話清文啓蒙』満洲文字注音一覧表. KOTONOHA, (101).","Takekoshi 竹越, Takeshi 孝. (2011). 『兼滿漢語滿洲套話清文啓蒙』満洲文字注音一覧表. KOTONOHA, (101). Data extracted from the Qing instructional source 兼滿漢語滿洲套話清文啓蒙 (1763).",『兼滿漢語滿洲套話清文啓蒙』満洲文字注音一覧表,竹越 孝 / Takekoshi Takeshi,2011,兼滿漢語滿洲套話清文啓蒙,1763,下,hiya,ᡥᡳᠶᠠ,χija,x,ia,17,2,下 hiya 17,下
manju-hergen-takekoshi-2011,mandarin,Mandarin,Manchu script transcription of Mandarin,ᠮᠠᠨᠵᡠ ᡥᡝᡵᡤᡝᠨ Manju Hergen,"Takekoshi 竹越, Takeshi 孝. (2011). 『兼滿漢語滿洲套話清文啓蒙』満洲文字注音一覧表. KOTONOHA, (101).","Takekoshi 竹越, Takeshi 孝. (2011). 『兼滿漢語滿洲套話清文啓蒙』満洲文字注音一覧表. KOTONOHA, (101). Data extracted from the Qing instructional source 兼滿漢語滿洲套話清文啓蒙 (1763).",『兼滿漢語滿洲套話清文啓蒙』満洲文字注音一覧表,竹越 孝 / Takekoshi Takeshi,2011,兼滿漢語滿洲套話清文啓蒙,1763,呀,ya,ᠶᠠ,ja,y,ia,29,2,呀 ya 29,呀
manju-hergen-takekoshi-2011,mandarin,Mandarin,Manchu script transcription of Mandarin,ᠮᠠᠨᠵᡠ ᡥᡝᡵᡤᡝᠨ Manju Hergen,"Takekoshi 竹越, Takeshi 孝. (2011). 『兼滿漢語滿洲套話清文啓蒙』満洲文字注音一覧表. KOTONOHA, (101).","Takekoshi 竹越, Takeshi 孝. (2011). 『兼滿漢語滿洲套話清文啓蒙』満洲文字注音一覧表. KOTONOHA, (101). Data extracted from the Qing instructional source 兼滿漢語滿洲套話清文啓蒙 (1763).",『兼滿漢語滿洲套話清文啓蒙』満洲文字注音一覧表,竹越 孝 / Takekoshi Takeshi,2011,兼滿漢語滿洲套話清文啓蒙,1763,壓,ya,ᠶᠠ,ja,y,ia,,2,壓 ya,壓
manju-hergen-takekoshi-2011,mandarin,Mandarin,Manchu script transcription of Mandarin,ᠮᠠᠨᠵᡠ ᡥᡝᡵᡤᡝᠨ Manju Hergen,"Takekoshi 竹越, Takeshi 孝. (2011). 『兼滿漢語滿洲套話清文啓蒙』満洲文字注音一覧表. KOTONOHA, (101).","Takekoshi 竹越, Takeshi 孝. (2011). 『兼滿漢語滿洲套話清文啓蒙』満洲文字注音一覧表. KOTONOHA, (101). Data extracted from the Qing instructional source 兼滿漢語滿洲套話清文啓蒙 (1763).",『兼滿漢語滿洲套話清文啓蒙』満洲文字注音一覧表,竹越 孝 / Takekoshi Takeshi,2011,兼滿漢語滿洲套話清文啓蒙,1763,亜,ya,ᠶᠠ,ja,y,ia,,2,亜 ya,亜
manju-hergen-takekoshi-2011,mandarin,Mandarin,Manchu script transcription of Mandarin,ᠮᠠᠨᠵᡠ ᡥᡝᡵᡤᡝᠨ Manju Hergen,"Takekoshi 竹越, Takeshi 孝. (2011). 『兼滿漢語滿洲套話清文啓蒙』満洲文字注音一覧表. KOTONOHA, (101).","Takekoshi 竹越, Takeshi 孝. (2011). 『兼滿漢語滿洲套話清文啓蒙』満洲文字注音一覧表. KOTONOHA, (101). Data extracted from the Qing instructional source 兼滿漢語滿洲套話清文啓蒙 (1763).",『兼滿漢語滿洲套話清文啓蒙』満洲文字注音一覧表,竹越 孝 / Takekoshi Takeshi,2011,兼滿漢語滿洲套話清文啓蒙,1763,寡,guwa,ᡤᡠᠸᠠ,quwa,g,ua,2,2,寡 guwa 2,寡
manju-hergen-takekoshi-2011,mandarin,Mandarin,Manchu script transcription of Mandarin,ᠮᠠᠨᠵᡠ ᡥᡝᡵᡤᡝᠨ Manju Hergen,"Takekoshi 竹越, Takeshi 孝. (2011). 『兼滿漢語滿洲套話清文啓蒙』満洲文字注音一覧表. KOTONOHA, (101).","Takekoshi 竹越, Takeshi 孝. (2011). 『兼滿漢語滿洲套話清文啓蒙』満洲文字注音一覧表. KOTONOHA, (101). Data extracted from the Qing instructional source 兼滿漢語滿洲套話清文啓蒙 (1763).",『兼滿漢語滿洲套話清文啓蒙』満洲文字注音一覧表,竹越 孝 / Takekoshi Takeshi,2011,兼滿漢語滿洲套話清文啓蒙,1763,瓜,guwa,ᡤᡠᠸᠠ,quwa,g,ua,2,2,瓜 guwa 2,瓜
manju-hergen-takekoshi-2011,mandarin,Mandarin,Manchu script transcription of Mandarin,ᠮᠠᠨᠵᡠ ᡥᡝᡵᡤᡝᠨ Manju Hergen,"Takekoshi 竹越, Takeshi 孝. (2011). 『兼滿漢語滿洲套話清文啓蒙』満洲文字注音一覧表. KOTONOHA, (101).","Takekoshi 竹越, Takeshi 孝. (2011). 『兼滿漢語滿洲套話清文啓蒙』満洲文字注音一覧表. KOTONOHA, (101). Data extracted from the Qing instructional source 兼滿漢語滿洲套話清文啓蒙 (1763).",『兼滿漢語滿洲套話清文啓蒙』満洲文字注音一覧表,竹越 孝 / Takekoshi Takeshi,2011,兼滿漢語滿洲套話清文啓蒙,1763,刮,guwa,ᡤᡠᠸᠠ,quwa,g,ua,2,2,刮 guwa 2,刮
manju-hergen-takekoshi-2011,mandarin,Mandarin,Manchu script transcription of Mandarin,ᠮᠠᠨᠵᡠ ᡥᡝᡵᡤᡝᠨ Manju Hergen,"Takekoshi 竹越, Takeshi 孝. (2011). 『兼滿漢語滿洲套話清文啓蒙』満洲文字注音一覧表. KOTONOHA, (101).","Takekoshi 竹越, Takeshi 孝. (2011). 『兼滿漢語滿洲套話清文啓蒙』満洲文字注音一覧表. KOTONOHA, (101). Data extracted from the Qing instructional source 兼滿漢語滿洲套話清文啓蒙 (1763).",『兼滿漢語滿洲套話清文啓蒙』満洲文字注音一覧表,竹越 孝 / Takekoshi Takeshi,2011,兼滿漢語滿洲套話清文啓蒙,1763,挂,guwa,ᡤᡠᠸᠠ,quwa,g,ua,,2,挂 guwa,挂
manju-hergen-takekoshi-2011,mandarin,Mandarin,Manchu script transcription of Mandarin,ᠮᠠᠨᠵᡠ ᡥᡝᡵᡤᡝᠨ Manju Hergen,"Takekoshi 竹越, Takeshi 孝. (2011). 『兼滿漢語滿洲套話清文啓蒙』満洲文字注音一覧表. KOTONOHA, (101).","Takekoshi 竹越, Takeshi 孝. (2011). 『兼滿漢語滿洲套話清文啓蒙』満洲文字注音一覧表. KOTONOHA, (101). Data extracted from the Qing instructional source 兼滿漢語滿洲套話清文啓蒙 (1763).",『兼滿漢語滿洲套話清文啓蒙』満洲文字注音一覧表,竹越 孝 / Takekoshi Takeshi,2011,兼滿漢語滿洲套話清文啓蒙,1763,褂,guwa,ᡤᡠᠸᠠ,quwa,g,ua,,2,褂 guwa,褂
manju-hergen-takekoshi-2011,mandarin,Mandarin,Manchu script transcription of Mandarin,ᠮᠠᠨᠵᡠ ᡥᡝᡵᡤᡝᠨ Manju Hergen,"Takekoshi 竹越, Takeshi 孝. (2011). 『兼滿漢語滿洲套話清文啓蒙』満洲文字注音一覧表. KOTONOHA, (101).","Takekoshi 竹越, Takeshi 孝. (2011). 『兼滿漢語滿洲套話清文啓蒙』満洲文字注音一覧表. KOTONOHA, (101). Data extracted from the Qing instructional source 兼滿漢語滿洲套話清文啓蒙 (1763).",『兼滿漢語滿洲套話清文啓蒙』満洲文字注音一覧表,竹越 孝 / Takekoshi Takeshi,2011,兼滿漢語滿洲套話清文啓蒙,1763,掛,guwa,ᡤᡠᠸᠠ,quwa,g,ua,,2,掛 guwa,掛
manju-hergen-takekoshi-2011,mandarin,Mandarin,Manchu script transcription of Mandarin,ᠮᠠᠨᠵᡠ ᡥᡝᡵᡤᡝᠨ Manju Hergen,"Takekoshi 竹越, Takeshi 孝. (2011). 『兼滿漢語滿洲套話清文啓蒙』満洲文字注音一覧表. KOTONOHA, (101).","Takekoshi 竹越, Takeshi 孝. (2011). 『兼滿漢語滿洲套話清文啓蒙』満洲文字注音一覧表. KOTONOHA, (101). Data extracted from the Qing instructional source 兼滿漢語滿洲套話清文啓蒙 (1763).",『兼滿漢語滿洲套話清文啓蒙』満洲文字注音一覧表,竹越 孝 / Takekoshi Takeshi,2011,兼滿漢語滿洲套話清文啓蒙,1763,誇,kuwa,ᡴᡠᠸᠠ,qʰuwa,k,ua,,2,誇 kuwa,誇
manju-hergen-takekoshi-2011,mandarin,Mandarin,Manchu script transcription of Mandarin,ᠮᠠᠨᠵᡠ ᡥᡝᡵᡤᡝᠨ Manju Hergen,"Takekoshi 竹越, Takeshi 孝. (2011). 『兼滿漢語滿洲套話清文啓蒙』満洲文字注音一覧表. KOTONOHA, (101).","Takekoshi 竹越, Takeshi 孝. (2011). 『兼滿漢語滿洲套話清文啓蒙』満洲文字注音一覧表. KOTONOHA, (101). Data extracted from the Qing instructional source 兼滿漢語滿洲套話清文啓蒙 (1763).",『兼滿漢語滿洲套話清文啓蒙』満洲文字注音一覧表,竹越 孝 / Takekoshi Takeshi,2011,兼滿漢語滿洲套話清文啓蒙,1763,話,hūwa,ᡥᡡᠸᠠ,χʊwa,h,ua,46,2,話 hūwa 46,話
manju-hergen-takekoshi-2011,mandarin,Mandarin,Manchu script transcription of Mandarin,ᠮᠠᠨᠵᡠ ᡥᡝᡵᡤᡝᠨ Manju Hergen,"Takekoshi 竹越, Takeshi 孝. (2011). 『兼滿漢語滿洲套話清文啓蒙』満洲文字注音一覧表. KOTONOHA, (101).","Takekoshi 竹越, Takeshi 孝. (2011). 『兼滿漢語滿洲套話清文啓蒙』満洲文字注音一覧表. KOTONOHA, (101). Data extracted from the Qing instructional source 兼滿漢語滿洲套話清文啓蒙 (1763).",『兼滿漢語滿洲套話清文啓蒙』満洲文字注音一覧表,竹越 孝 / Takekoshi Takeshi,2011,兼滿漢語滿洲套話清文啓蒙,1763,花,hūwa,ᡥᡡᠸᠠ,χʊwa,h,ua,3,2,花 hūwa 3,花
manju-hergen-takekoshi-2011,mandarin,Mandarin,Manchu script transcription of Mandarin,ᠮᠠᠨᠵᡠ ᡥᡝᡵᡤᡝᠨ Manju Hergen,"Takekoshi 竹越, Takeshi 孝. (2011). 『兼滿漢語滿洲套話清文啓蒙』満洲文字注音一覧表. KOTONOHA, (101).","Takekoshi 竹越, Takeshi 孝. (2011). 『兼滿漢語滿洲套話清文啓蒙』満洲文字注音一覧表. KOTONOHA, (101). Data extracted from the Qing instructional source 兼滿漢語滿洲套話清文啓蒙 (1763).",『兼滿漢語滿洲套話清文啓蒙』満洲文字注音一覧表,竹越 孝 / Takekoshi Takeshi,2011,兼滿漢語滿洲套話清文啓蒙,1763,化,huwa,ᡥᡠᠸᠠ,χuwa,h,ua,2,2,化 huwa 2,化
manju-hergen-takekoshi-2011,mandarin,Mandarin,Manchu script transcription of Mandarin,ᠮᠠᠨᠵᡠ ᡥᡝᡵᡤᡝᠨ Manju Hergen,"Takekoshi 竹越, Takeshi 孝. (2011). 『兼滿漢語滿洲套話清文啓蒙』満洲文字注音一覧表. KOTONOHA, (101).","Takekoshi 竹越, Takeshi 孝. (2011). 『兼滿漢語滿洲套話清文啓蒙』満洲文字注音一覧表. KOTONOHA, (101). Data extracted from the Qing instructional source 兼滿漢語滿洲套話清文啓蒙 (1763).",『兼滿漢語滿洲套話清文啓蒙』満洲文字注音一覧表,竹越 孝 / Takekoshi Takeshi,2011,兼滿漢語滿洲套話清文啓蒙,1763,得,de,ᡩᡝ,tə,d,e,116,2,得 de 116,得
manju-hergen-takekoshi-2011,mandarin,Mandarin,Manchu script transcription of Mandarin,ᠮᠠᠨᠵᡠ ᡥᡝᡵᡤᡝᠨ Manju Hergen,"Takekoshi 竹越, Takeshi 孝. (2011). 『兼滿漢語滿洲套話清文啓蒙』満洲文字注音一覧表. KOTONOHA, (101).","Takekoshi 竹越, Takeshi 孝. (2011). 『兼滿漢語滿洲套話清文啓蒙』満洲文字注音一覧表. KOTONOHA, (101). Data extracted from the Qing instructional source 兼滿漢語滿洲套話清文啓蒙 (1763).",『兼滿漢語滿洲套話清文啓蒙』満洲文字注音一覧表,竹越 孝 / Takekoshi Takeshi,2011,兼滿漢語滿洲套話清文啓蒙,1763,特,te,ᡨᡝ,tʰə,t,e,7,2,特 te 7,特
manju-hergen-takekoshi-2011,mandarin,Mandarin,Manchu script transcription of Mandarin,ᠮᠠᠨᠵᡠ ᡥᡝᡵᡤᡝᠨ Manju Hergen,"Takekoshi 竹越, Takeshi 孝. (2011). 『兼滿漢語滿洲套話清文啓蒙』満洲文字注音一覧表. KOTONOHA, (101).","Takekoshi 竹越, Takeshi 孝. (2011). 『兼滿漢語滿洲套話清文啓蒙』満洲文字注音一覧表. KOTONOHA, (101). Data extracted from the Qing instructional source 兼滿漢語滿洲套話清文啓蒙 (1763).",『兼滿漢語滿洲套話清文啓蒙』満洲文字注音一覧表,竹越 孝 / Takekoshi Takeshi,2011,兼滿漢語滿洲套話清文啓蒙,1763,楽,le,ᠯᡝ,lə,l,e,,2,楽 le / lo,楽
manju-hergen-takekoshi-2011,mandarin,Mandarin,Manchu script transcription of Mandarin,ᠮᠠᠨᠵᡠ ᡥᡝᡵᡤᡝᠨ Manju Hergen,"Takekoshi 竹越, Takeshi 孝. (2011). 『兼滿漢語滿洲套話清文啓蒙』満洲文字注音一覧表. KOTONOHA, (101).","Takekoshi 竹越, Takeshi 孝. (2011). 『兼滿漢語滿洲套話清文啓蒙』満洲文字注音一覧表. KOTONOHA, (101). Data extracted from the Qing instructional source 兼滿漢語滿洲套話清文啓蒙 (1763).",『兼滿漢語滿洲套話清文啓蒙』満洲文字注音一覧表,竹越 孝 / Takekoshi Takeshi,2011,兼滿漢語滿洲套話清文啓蒙,1763,楽,lo,ᠯᠣ,lo,l,e,,2,楽 le / lo,楽
manju-hergen-takekoshi-2011,mandarin,Mandarin,Manchu script transcription of Mandarin,ᠮᠠᠨᠵᡠ ᡥᡝᡵᡤᡝᠨ Manju Hergen,"Takekoshi 竹越, Takeshi 孝. (2011). 『兼滿漢語滿洲套話清文啓蒙』満洲文字注音一覧表. KOTONOHA, (101).","Takekoshi 竹越, Takeshi 孝. (2011). 『兼滿漢語滿洲套話清文啓蒙』満洲文字注音一覧表. KOTONOHA, (101). Data extracted from the Qing instructional source 兼滿漢語滿洲套話清文啓蒙 (1763).",『兼滿漢語滿洲套話清文啓蒙』満洲文字注音一覧表,竹越 孝 / Takekoshi Takeshi,2011,兼滿漢語滿洲套話清文啓蒙,1763,勒,le,ᠯᡝ,lə,l,e,,2,勒 le,勒
manju-hergen-takekoshi-2011,mandarin,Mandarin,Manchu script transcription of Mandarin,ᠮᠠᠨᠵᡠ ᡥᡝᡵᡤᡝᠨ Manju Hergen,"Takekoshi 竹越, Takeshi 孝. (2011). 『兼滿漢語滿洲套話清文啓蒙』満洲文字注音一覧表. KOTONOHA, (101).","Takekoshi 竹越, Takeshi 孝. (2011). 『兼滿漢語滿洲套話清文啓蒙』満洲文字注音一覧表. KOTONOHA, (101). Data extracted from the Qing instructional source 兼滿漢語滿洲套話清文啓蒙 (1763).",『兼滿漢語滿洲套話清文啓蒙』満洲文字注音一覧表,竹越 孝 / Takekoshi Takeshi,2011,兼滿漢語滿洲套話清文啓蒙,1763,則,dze,ᡯᡝ,tsə,z,e,,2,則 dze,則
manju-hergen-takekoshi-2011,mandarin,Mandarin,Manchu script transcription of Mandarin,ᠮᠠᠨᠵᡠ ᡥᡝᡵᡤᡝᠨ Manju Hergen,"Takekoshi 竹越, Takeshi 孝. (2011). 『兼滿漢語滿洲套話清文啓蒙』満洲文字注音一覧表. KOTONOHA, (101).","Takekoshi 竹越, Takeshi 孝. (2011). 『兼滿漢語滿洲套話清文啓蒙』満洲文字注音一覧表. KOTONOHA, (101). Data extracted from the Qing instructional source 兼滿漢語滿洲套話清文啓蒙 (1763).",『兼滿漢語滿洲套話清文啓蒙』満洲文字注音一覧表,竹越 孝 / Takekoshi Takeshi,2011,兼滿漢語滿洲套話清文啓蒙,1763,這,je,ᠵᡝ,tʃə,zh,e,141,2,這 / 这 je 141,這/这
manju-hergen-takekoshi-2011,mandarin,Mandarin,Manchu script transcription of Mandarin,ᠮᠠᠨᠵᡠ ᡥᡝᡵᡤᡝᠨ Manju Hergen,"Takekoshi 竹越, Takeshi 孝. (2011). 『兼滿漢語滿洲套話清文啓蒙』満洲文字注音一覧表. KOTONOHA, (101).","Takekoshi 竹越, Takeshi 孝. (2011). 『兼滿漢語滿洲套話清文啓蒙』満洲文字注音一覧表. KOTONOHA, (101). Data extracted from the Qing instructional source 兼滿漢語滿洲套話清文啓蒙 (1763).",『兼滿漢語滿洲套話清文啓蒙』満洲文字注音一覧表,竹越 孝 / Takekoshi Takeshi,2011,兼滿漢語滿洲套話清文啓蒙,1763,这,je,ᠵᡝ,tʃə,zh,e,141,2,這 / 这 je 141,這/这
manju-hergen-takekoshi-2011,mandarin,Mandarin,Manchu script transcription of Mandarin,ᠮᠠᠨᠵᡠ ᡥᡝᡵᡤᡝᠨ Manju Hergen,"Takekoshi 竹越, Takeshi 孝. (2011). 『兼滿漢語滿洲套話清文啓蒙』満洲文字注音一覧表. KOTONOHA, (101).","Takekoshi 竹越, Takeshi 孝. (2011). 『兼滿漢語滿洲套話清文啓蒙』満洲文字注音一覧表. KOTONOHA, (101). Data extracted from the Qing instructional source 兼滿漢語滿洲套話清文啓蒙 (1763).",『兼滿漢語滿洲套話清文啓蒙』満洲文字注音一覧表,竹越 孝 / Takekoshi Takeshi,2011,兼滿漢語滿洲套話清文啓蒙,1763,遮,je,ᠵᡝ,tʃə,zh,e,8,2,遮 je 8,遮
manju-hergen-takekoshi-2011,mandarin,Mandarin,Manchu script transcription of Mandarin,ᠮᠠᠨᠵᡠ ᡥᡝᡵᡤᡝᠨ Manju Hergen,"Takekoshi 竹越, Takeshi 孝. (2011). 『兼滿漢語滿洲套話清文啓蒙』満洲文字注音一覧表. KOTONOHA, (101).","Takekoshi 竹越, Takeshi 孝. (2011). 『兼滿漢語滿洲套話清文啓蒙』満洲文字注音一覧表. KOTONOHA, (101). Data extracted from the Qing instructional source 兼滿漢語滿洲套話清文啓蒙 (1763).",『兼滿漢語滿洲套話清文啓蒙』満洲文字注音一覧表,竹越 孝 / Takekoshi Takeshi,2011,兼滿漢語滿洲套話清文啓蒙,1763,者,je,ᠵᡝ,tʃə,zh,e,6,2,者 je 6,者
manju-hergen-takekoshi-2011,mandarin,Mandarin,Manchu script transcription of Mandarin,ᠮᠠᠨᠵᡠ ᡥᡝᡵᡤᡝᠨ Manju Hergen,"Takekoshi 竹越, Takeshi 孝. (2011). 『兼滿漢語滿洲套話清文啓蒙』満洲文字注音一覧表. KOTONOHA, (101).","Takekoshi 竹越, Takeshi 孝. (2011). 『兼滿漢語滿洲套話清文啓蒙』満洲文字注音一覧表. KOTONOHA, (101). Data extracted from the Qing instructional source 兼滿漢語滿洲套話清文啓蒙 (1763).",『兼滿漢語滿洲套話清文啓蒙』満洲文字注音一覧表,竹越 孝 / Takekoshi Takeshi,2011,兼滿漢語滿洲套話清文啓蒙,1763,扯,ce,ᠴᡝ,tʃʰə,ch,e,5,2,扯 ce 5,扯
manju-hergen-takekoshi-2011,mandarin,Mandarin,Manchu script transcription of Mandarin,ᠮᠠᠨᠵᡠ ᡥᡝᡵᡤᡝᠨ Manju Hergen,"Takekoshi 竹越, Takeshi 孝. (2011). 『兼滿漢語滿洲套話清文啓蒙』満洲文字注音一覧表. KOTONOHA, (101).","Takekoshi 竹越, Takeshi 孝. (2011). 『兼滿漢語滿洲套話清文啓蒙』満洲文字注音一覧表. KOTONOHA, (101). Data extracted from the Qing instructional source 兼滿漢語滿洲套話清文啓蒙 (1763).",『兼滿漢語滿洲套話清文啓蒙』満洲文字注音一覧表,竹越 孝 / Takekoshi Takeshi,2011,兼滿漢語滿洲套話清文啓蒙,1763,車,ce,ᠴᡝ,tʃʰə,ch,e,,2,車 ce,車
manju-hergen-takekoshi-2011,mandarin,Mandarin,Manchu script transcription of Mandarin,ᠮᠠᠨᠵᡠ ᡥᡝᡵᡤᡝᠨ Manju Hergen,"Takekoshi 竹越, Takeshi 孝. (2011). 『兼滿漢語滿洲套話清文啓蒙』満洲文字注音一覧表. KOTONOHA, (101).","Takekoshi 竹越, Takeshi 孝. (2011). 『兼滿漢語滿洲套話清文啓蒙』満洲文字注音一覧表. KOTONOHA, (101). Data extracted from the Qing instructional source 兼滿漢語滿洲套話清文啓蒙 (1763).",『兼滿漢語滿洲套話清文啓蒙』満洲文字注音一覧表,竹越 孝 / Takekoshi Takeshi,2011,兼滿漢語滿洲套話清文啓蒙,1763,射,še,ᡧᡝ,ʃə,sh,e,3,2,射 še 3,射
manju-hergen-takekoshi-2011,mandarin,Mandarin,Manchu script transcription of Mandarin,ᠮᠠᠨᠵᡠ ᡥᡝᡵᡤᡝᠨ Manju Hergen,"Takekoshi 竹越, Takeshi 孝. (2011). 『兼滿漢語滿洲套話清文啓蒙』満洲文字注音一覧表. KOTONOHA, (101).","Takekoshi 竹越, Takeshi 孝. (2011). 『兼滿漢語滿洲套話清文啓蒙』満洲文字注音一覧表. KOTONOHA, (101). Data extracted from the Qing instructional source 兼滿漢語滿洲套話清文啓蒙 (1763).",『兼滿漢語滿洲套話清文啓蒙』満洲文字注音一覧表,竹越 孝 / Takekoshi Takeshi,2011,兼滿漢語滿洲套話清文啓蒙,1763,捨,še,ᡧᡝ,ʃə,sh,e,,2,捨 še,捨
manju-hergen-takekoshi-2011,mandarin,Mandarin,Manchu script transcription of Mandarin,ᠮᠠᠨᠵᡠ ᡥᡝᡵᡤᡝᠨ Manju Hergen,"Takekoshi 竹越, Takeshi 孝. (2011). 『兼滿漢語滿洲套話清文啓蒙』満洲文字注音一覧表. KOTONOHA, (101).","Takekoshi 竹越, Takeshi 孝. (2011). 『兼滿漢語滿洲套話清文啓蒙』満洲文字注音一覧表. KOTONOHA, (101). Data extracted from the Qing instructional source 兼滿漢語滿洲套話清文啓蒙 (1763).",『兼滿漢語滿洲套話清文啓蒙』満洲文字注音一覧表,竹越 孝 / Takekoshi Takeshi,2011,兼滿漢語滿洲套話清文啓蒙,1763,熱,že,ᡰᡝ,ʐə,r,e,4,2,熱 že 4,熱
manju-hergen-takekoshi-2011,mandarin,Mandarin,Manchu script transcription of Mandarin,ᠮᠠᠨᠵᡠ ᡥᡝᡵᡤᡝᠨ Manju Hergen,"Takekoshi 竹越, Takeshi 孝. (2011). 『兼滿漢語滿洲套話清文啓蒙』満洲文字注音一覧表. KOTONOHA, (101).","Takekoshi 竹越, Takeshi 孝. (2011). 『兼滿漢語滿洲套話清文啓蒙』満洲文字注音一覧表. KOTONOHA, (101). Data extracted from the Qing instructional source 兼滿漢語滿洲套話清文啓蒙 (1763).",『兼滿漢語滿洲套話清文啓蒙』満洲文字注音一覧表,竹越 孝 / Takekoshi Takeshi,2011,兼滿漢語滿洲套話清文啓蒙,1763,哥,ge,ᡤᡝ,kə,g,e,110,2,哥 ge 110,哥
manju-hergen-takekoshi-2011,mandarin,Mandarin,Manchu script transcription of Mandarin,ᠮᠠᠨᠵᡠ ᡥᡝᡵᡤᡝᠨ Manju Hergen,"Takekoshi 竹越, Takeshi 孝. (2011). 『兼滿漢語滿洲套話清文啓蒙』満洲文字注音一覧表. KOTONOHA, (101).","Takekoshi 竹越, Takeshi 孝. (2011). 『兼滿漢語滿洲套話清文啓蒙』満洲文字注音一覧表. KOTONOHA, (101). Data extracted from the Qing instructional source 兼滿漢語滿洲套話清文啓蒙 (1763).",『兼滿漢語滿洲套話清文啓蒙』満洲文字注音一覧表,竹越 孝 / Takekoshi Takeshi,2011,兼滿漢語滿洲套話清文啓蒙,1763,個,ge,ᡤᡝ,kə,g,e,70,2,個 / 个 ge 70,個/个
manju-hergen-takekoshi-2011,mandarin,Mandarin,Manchu script transcription of Mandarin,ᠮᠠᠨᠵᡠ ᡥᡝᡵᡤᡝᠨ Manju Hergen,"Takekoshi 竹越, Takeshi 孝. (2011). 『兼滿漢語滿洲套話清文啓蒙』満洲文字注音一覧表. KOTONOHA, (101).","Takekoshi 竹越, Takeshi 孝. (2011). 『兼滿漢語滿洲套話清文啓蒙』満洲文字注音一覧表. KOTONOHA, (101). Data extracted from the Qing instructional source 兼滿漢語滿洲套話清文啓蒙 (1763).",『兼滿漢語滿洲套話清文啓蒙』満洲文字注音一覧表,竹越 孝 / Takekoshi Takeshi,2011,兼滿漢語滿洲套話清文啓蒙,1763,个,ge,ᡤᡝ,kə,g,e,70,2,個 / 个 ge 70,個/个
manju-hergen-takekoshi-2011,mandarin,Mandarin,Manchu script transcription of Mandarin,ᠮᠠᠨᠵᡠ ᡥᡝᡵᡤᡝᠨ Manju Hergen,"Takekoshi 竹越, Takeshi 孝. (2011). 『兼滿漢語滿洲套話清文啓蒙』満洲文字注音一覧表. KOTONOHA, (101).","Takekoshi 竹越, Takeshi 孝. (2011). 『兼滿漢語滿洲套話清文啓蒙』満洲文字注音一覧表. KOTONOHA, (101). Data extracted from the Qing instructional source 兼滿漢語滿洲套話清文啓蒙 (1763).",『兼滿漢語滿洲套話清文啓蒙』満洲文字注音一覧表,竹越 孝 / Takekoshi Takeshi,2011,兼滿漢語滿洲套話清文啓蒙,1763,各,ge,ᡤᡝ,kə,g,e,2,2,各 ge 2,各
manju-hergen-takekoshi-2011,mandarin,Mandarin,Manchu script transcription of Mandarin,ᠮᠠᠨᠵᡠ ᡥᡝᡵᡤᡝᠨ Manju Hergen,"Takekoshi 竹越, Takeshi 孝. (2011). 『兼滿漢語滿洲套話清文啓蒙』満洲文字注音一覧表. KOTONOHA, (101).","Takekoshi 竹越, Takeshi 孝. (2011). 『兼滿漢語滿洲套話清文啓蒙』満洲文字注音一覧表. KOTONOHA, (101). Data extracted from the Qing instructional source 兼滿漢語滿洲套話清文啓蒙 (1763).",『兼滿漢語滿洲套話清文啓蒙』満洲文字注音一覧表,竹越 孝 / Takekoshi Takeshi,2011,兼滿漢語滿洲套話清文啓蒙,1763,隔,ge,ᡤᡝ,kə,g,e,2,2,隔 ge 2,隔
manju-hergen-takekoshi-2011,mandarin,Mandarin,Manchu script transcription of Mandarin,ᠮᠠᠨᠵᡠ ᡥᡝᡵᡤᡝᠨ Manju Hergen,"Takekoshi 竹越, Takeshi 孝. (2011). 『兼滿漢語滿洲套話清文啓蒙』満洲文字注音一覧表. KOTONOHA, (101).","Takekoshi 竹越, Takeshi 孝. (2011). 『兼滿漢語滿洲套話清文啓蒙』満洲文字注音一覧表. KOTONOHA, (101). Data extracted from the Qing instructional source 兼滿漢語滿洲套話清文啓蒙 (1763).",『兼滿漢語滿洲套話清文啓蒙』満洲文字注音一覧表,竹越 孝 / Takekoshi Takeshi,2011,兼滿漢語滿洲套話清文啓蒙,1763,割,ge,ᡤᡝ,kə,g,e,,2,割 ge,割
manju-hergen-takekoshi-2011,mandarin,Mandarin,Manchu script transcription of Mandarin,ᠮᠠᠨᠵᡠ ᡥᡝᡵᡤᡝᠨ Manju Hergen,"Takekoshi 竹越, Takeshi 孝. (2011). 『兼滿漢語滿洲套話清文啓蒙』満洲文字注音一覧表. KOTONOHA, (101).","Takekoshi 竹越, Takeshi 孝. (2011). 『兼滿漢語滿洲套話清文啓蒙』満洲文字注音一覧表. KOTONOHA, (101). Data extracted from the Qing instructional source 兼滿漢語滿洲套話清文啓蒙 (1763).",『兼滿漢語滿洲套話清文啓蒙』満洲文字注音一覧表,竹越 孝 / Takekoshi Takeshi,2011,兼滿漢語滿洲套話清文啓蒙,1763,可,ke,ᡴᡝ,kʰə,k,e,30,2,可 ke 30,可
manju-hergen-takekoshi-2011,mandarin,Mandarin,Manchu script transcription of Mandarin,ᠮᠠᠨᠵᡠ ᡥᡝᡵᡤᡝᠨ Manju Hergen,"Takekoshi 竹越, Takeshi 孝. (2011). 『兼滿漢語滿洲套話清文啓蒙』満洲文字注音一覧表. KOTONOHA, (101).","Takekoshi 竹越, Takeshi 孝. (2011). 『兼滿漢語滿洲套話清文啓蒙』満洲文字注音一覧表. KOTONOHA, (101). Data extracted from the Qing instructional source 兼滿漢語滿洲套話清文啓蒙 (1763).",『兼滿漢語滿洲套話清文啓蒙』満洲文字注音一覧表,竹越 孝 / Takekoshi Takeshi,2011,兼滿漢語滿洲套話清文啓蒙,1763,磕,ke,ᡴᡝ,kʰə,k,e,2,2,磕 ke 2,磕
manju-hergen-takekoshi-2011,mandarin,Mandarin,Manchu script transcription of Mandarin,ᠮᠠᠨᠵᡠ ᡥᡝᡵᡤᡝᠨ Manju Hergen,"Takekoshi 竹越, Takeshi 孝. (2011). 『兼滿漢語滿洲套話清文啓蒙』満洲文字注音一覧表. KOTONOHA, (101).","Takekoshi 竹越, Takeshi 孝. (2011). 『兼滿漢語滿洲套話清文啓蒙』満洲文字注音一覧表. KOTONOHA, (101). Data extracted from the Qing instructional source 兼滿漢語滿洲套話清文啓蒙 (1763).",『兼滿漢語滿洲套話清文啓蒙』満洲文字注音一覧表,竹越 孝 / Takekoshi Takeshi,2011,兼滿漢語滿洲套話清文啓蒙,1763,客,ke,ᡴᡝ,kʰə,k,e,2,2,客 ke 2,客
manju-hergen-takekoshi-2011,mandarin,Mandarin,Manchu script transcription of Mandarin,ᠮᠠᠨᠵᡠ ᡥᡝᡵᡤᡝᠨ Manju Hergen,"Takekoshi 竹越, Takeshi 孝. (2011). 『兼滿漢語滿洲套話清文啓蒙』満洲文字注音一覧表. KOTONOHA, (101).","Takekoshi 竹越, Takeshi 孝. (2011). 『兼滿漢語滿洲套話清文啓蒙』満洲文字注音一覧表. KOTONOHA, (101). Data extracted from the Qing instructional source 兼滿漢語滿洲套話清文啓蒙 (1763).",『兼滿漢語滿洲套話清文啓蒙』満洲文字注音一覧表,竹越 孝 / Takekoshi Takeshi,2011,兼滿漢語滿洲套話清文啓蒙,1763,克,ke,ᡴᡝ,kʰə,k,e,2,2,克 ke 2,克
manju-hergen-takekoshi-2011,mandarin,Mandarin,Manchu script transcription of Mandarin,ᠮᠠᠨᠵᡠ ᡥᡝᡵᡤᡝᠨ Manju Hergen,"Takekoshi 竹越, Takeshi 孝. (2011). 『兼滿漢語滿洲套話清文啓蒙』満洲文字注音一覧表. KOTONOHA, (101).","Takekoshi 竹越, Takeshi 孝. (2011). 『兼滿漢語滿洲套話清文啓蒙』満洲文字注音一覧表. KOTONOHA, (101). Data extracted from the Qing instructional source 兼滿漢語滿洲套話清文啓蒙 (1763).",『兼滿漢語滿洲套話清文啓蒙』満洲文字注音一覧表,竹越 孝 / Takekoshi Takeshi,2011,兼滿漢語滿洲套話清文啓蒙,1763,刻,ke,ᡴᡝ,kʰə,k,e,,2,刻 ke,刻
manju-hergen-takekoshi-2011,mandarin,Mandarin,Manchu script transcription of Mandarin,ᠮᠠᠨᠵᡠ ᡥᡝᡵᡤᡝᠨ Manju Hergen,"Takekoshi 竹越, Takeshi 孝. (2011). 『兼滿漢語滿洲套話清文啓蒙』満洲文字注音一覧表. KOTONOHA, (101).","Takekoshi 竹越, Takeshi 孝. (2011). 『兼滿漢語滿洲套話清文啓蒙』満洲文字注音一覧表. KOTONOHA, (101). Data extracted from the Qing instructional source 兼滿漢語滿洲套話清文啓蒙 (1763).",『兼滿漢語滿洲套話清文啓蒙』満洲文字注音一覧表,竹越 孝 / Takekoshi Takeshi,2011,兼滿漢語滿洲套話清文啓蒙,1763,殻,keo,ᡴᡝᠣ,kʰəo,k,e,,2,殻 keo,殻
manju-hergen-takekoshi-2011,mandarin,Mandarin,Manchu script transcription of Mandarin,ᠮᠠᠨᠵᡠ ᡥᡝᡵᡤᡝᠨ Manju Hergen,"Takekoshi 竹越, Takeshi 孝. (2011). 『兼滿漢語滿洲套話清文啓蒙』満洲文字注音一覧表. KOTONOHA, (101).","Takekoshi 竹越, Takeshi 孝. (2011). 『兼滿漢語滿洲套話清文啓蒙』満洲文字注音一覧表. KOTONOHA, (101). Data extracted from the Qing instructional source 兼滿漢語滿洲套話清文啓蒙 (1763).",『兼滿漢語滿洲套話清文啓蒙』満洲文字注音一覧表,竹越 孝 / Takekoshi Takeshi,2011,兼滿漢語滿洲套話清文啓蒙,1763,呵,he,ᡥᡝ,xə,h,e,33,2,呵 / 喝 he 33,呵/喝
manju-hergen-takekoshi-2011,mandarin,Mandarin,Manchu script transcription of Mandarin,ᠮᠠᠨᠵᡠ ᡥᡝᡵᡤᡝᠨ Manju Hergen,"Takekoshi 竹越, Takeshi 孝. (2011). 『兼滿漢語滿洲套話清文啓蒙』満洲文字注音一覧表. KOTONOHA, (101).","Takekoshi 竹越, Takeshi 孝. (2011). 『兼滿漢語滿洲套話清文啓蒙』満洲文字注音一覧表. KOTONOHA, (101). Data extracted from the Qing instructional source 兼滿漢語滿洲套話清文啓蒙 (1763).",『兼滿漢語滿洲套話清文啓蒙』満洲文字注音一覧表,竹越 孝 / Takekoshi Takeshi,2011,兼滿漢語滿洲套話清文啓蒙,1763,喝,he,ᡥᡝ,xə,h,e,33,2,呵 / 喝 he 33,呵/喝
manju-hergen-takekoshi-2011,mandarin,Mandarin,Manchu script transcription of Mandarin,ᠮᠠᠨᠵᡠ ᡥᡝᡵᡤᡝᠨ Manju Hergen,"Takekoshi 竹越, Takeshi 孝. (2011). 『兼滿漢語滿洲套話清文啓蒙』満洲文字注音一覧表. KOTONOHA, (101).","Takekoshi 竹越, Takeshi 孝. (2011). 『兼滿漢語滿洲套話清文啓蒙』満洲文字注音一覧表. KOTONOHA, (101). Data extracted from the Qing instructional source 兼滿漢語滿洲套話清文啓蒙 (1763).",『兼滿漢語滿洲套話清文啓蒙』満洲文字注音一覧表,竹越 孝 / Takekoshi Takeshi,2011,兼滿漢語滿洲套話清文啓蒙,1763,合,he,ᡥᡝ,xə,h,e,24,2,合 he 24,合
manju-hergen-takekoshi-2011,mandarin,Mandarin,Manchu script transcription of Mandarin,ᠮᠠᠨᠵᡠ ᡥᡝᡵᡤᡝᠨ Manju Hergen,"Takekoshi 竹越, Takeshi 孝. (2011). 『兼滿漢語滿洲套話清文啓蒙』満洲文字注音一覧表. KOTONOHA, (101).","Takekoshi 竹越, Takeshi 孝. (2011). 『兼滿漢語滿洲套話清文啓蒙』満洲文字注音一覧表. KOTONOHA, (101). Data extracted from the Qing instructional source 兼滿漢語滿洲套話清文啓蒙 (1763).",『兼滿漢語滿洲套話清文啓蒙』満洲文字注音一覧表,竹越 孝 / Takekoshi Takeshi,2011,兼滿漢語滿洲套話清文啓蒙,1763,何,he,ᡥᡝ,xə,h,e,12,2,何 he 12 / ho,何
manju-hergen-takekoshi-2011,mandarin,Mandarin,Manchu script transcription of Mandarin,ᠮᠠᠨᠵᡠ ᡥᡝᡵᡤᡝᠨ Manju Hergen,"Takekoshi 竹越, Takeshi 孝. (2011). 『兼滿漢語滿洲套話清文啓蒙』満洲文字注音一覧表. KOTONOHA, (101).","Takekoshi 竹越, Takeshi 孝. (2011). 『兼滿漢語滿洲套話清文啓蒙』満洲文字注音一覧表. KOTONOHA, (101). Data extracted from the Qing instructional source 兼滿漢語滿洲套話清文啓蒙 (1763).",『兼滿漢語滿洲套話清文啓蒙』満洲文字注音一覧表,竹越 孝 / Takekoshi Takeshi,2011,兼滿漢語滿洲套話清文啓蒙,1763,何,ho,ᡥᠣ,χo,h,e,,2,何 he 12 / ho,何
manju-hergen-takekoshi-2011,mandarin,Mandarin,Manchu script transcription of Mandarin,ᠮᠠᠨᠵᡠ ᡥᡝᡵᡤᡝᠨ Manju Hergen,"Takekoshi 竹越, Takeshi 孝. (2011). 『兼滿漢語滿洲套話清文啓蒙』満洲文字注音一覧表. KOTONOHA, (101).","Takekoshi 竹越, Takeshi 孝. (2011). 『兼滿漢語滿洲套話清文啓蒙』満洲文字注音一覧表. KOTONOHA, (101). Data extracted from the Qing instructional source 兼滿漢語滿洲套話清文啓蒙 (1763).",『兼滿漢語滿洲套話清文啓蒙』満洲文字注音一覧表,竹越 孝 / Takekoshi Takeshi,2011,兼滿漢語滿洲套話清文啓蒙,1763,和,ho,ᡥᠣ,χo,h,e,2,2,和 ho 2,和
manju-hergen-takekoshi-2011,mandarin,Mandarin,Manchu script transcription of Mandarin,ᠮᠠᠨᠵᡠ ᡥᡝᡵᡤᡝᠨ Manju Hergen,"Takekoshi 竹越, Takeshi 孝. (2011). 『兼滿漢語滿洲套話清文啓蒙』満洲文字注音一覧表. KOTONOHA, (101).","Takekoshi 竹越, Takeshi 孝. (2011). 『兼滿漢語滿洲套話清文啓蒙』満洲文字注音一覧表. KOTONOHA, (101). Data extracted from the Qing instructional source 兼滿漢語滿洲套話清文啓蒙 (1763).",『兼滿漢語滿洲套話清文啓蒙』満洲文字注音一覧表,竹越 孝 / Takekoshi Takeshi,2011,兼滿漢語滿洲套話清文啓蒙,1763,賀,ho,ᡥᠣ,χo,h,e,2,2,賀 ho 2,賀
manju-hergen-takekoshi-2011,mandarin,Mandarin,Manchu script transcription of Mandarin,ᠮᠠᠨᠵᡠ ᡥᡝᡵᡤᡝᠨ Manju Hergen,"Takekoshi 竹越, Takeshi 孝. (2011). 『兼滿漢語滿洲套話清文啓蒙』満洲文字注音一覧表. KOTONOHA, (101).","Takekoshi 竹越, Takeshi 孝. (2011). 『兼滿漢語滿洲套話清文啓蒙』満洲文字注音一覧表. KOTONOHA, (101). Data extracted from the Qing instructional source 兼滿漢語滿洲套話清文啓蒙 (1763).",『兼滿漢語滿洲套話清文啓蒙』満洲文字注音一覧表,竹越 孝 / Takekoshi Takeshi,2011,兼滿漢語滿洲套話清文啓蒙,1763,哦,e,ᡝ,ə,∅,e,11,2,哦 e 11,哦
manju-hergen-takekoshi-2011,mandarin,Mandarin,Manchu script transcription of Mandarin,ᠮᠠᠨᠵᡠ ᡥᡝᡵᡤᡝᠨ Manju Hergen,"Takekoshi 竹越, Takeshi 孝. (2011). 『兼滿漢語滿洲套話清文啓蒙』満洲文字注音一覧表. KOTONOHA, (101).","Takekoshi 竹越, Takeshi 孝. (2011). 『兼滿漢語滿洲套話清文啓蒙』満洲文字注音一覧表. KOTONOHA, (101). Data extracted from the Qing instructional source 兼滿漢語滿洲套話清文啓蒙 (1763).",『兼滿漢語滿洲套話清文啓蒙』満洲文字注音一覧表,竹越 孝 / Takekoshi Takeshi,2011,兼滿漢語滿洲套話清文啓蒙,1763,鵞,e,ᡝ,ə,∅,e,2,2,鵞 e 2,鵞
manju-hergen-takekoshi-2011,mandarin,Mandarin,Manchu script transcription of Mandarin,ᠮᠠᠨᠵᡠ ᡥᡝᡵᡤᡝᠨ Manju Hergen,"Takekoshi 竹越, Takeshi 孝. (2011). 『兼滿漢語滿洲套話清文啓蒙』満洲文字注音一覧表. KOTONOHA, (101).","Takekoshi 竹越, Takeshi 孝. (2011). 『兼滿漢語滿洲套話清文啓蒙』満洲文字注音一覧表. KOTONOHA, (101). Data extracted from the Qing instructional source 兼滿漢語滿洲套話清文啓蒙 (1763).",『兼滿漢語滿洲套話清文啓蒙』満洲文字注音一覧表,竹越 孝 / Takekoshi Takeshi,2011,兼滿漢語滿洲套話清文啓蒙,1763,悪,e,ᡝ,ə,∅,e,,2,悪 e,悪
manju-hergen-takekoshi-2011,mandarin,Mandarin,Manchu script transcription of Mandarin,ᠮᠠᠨᠵᡠ ᡥᡝᡵᡤᡝᠨ Manju Hergen,"Takekoshi 竹越, Takeshi 孝. (2011). 『兼滿漢語滿洲套話清文啓蒙』満洲文字注音一覧表. KOTONOHA, (101).","Takekoshi 竹越, Takeshi 孝. (2011). 『兼滿漢語滿洲套話清文啓蒙』満洲文字注音一覧表. KOTONOHA, (101). Data extracted from the Qing instructional source 兼滿漢語滿洲套話清文啓蒙 (1763).",『兼滿漢語滿洲套話清文啓蒙』満洲文字注音一覧表,竹越 孝 / Takekoshi Takeshi,2011,兼滿漢語滿洲套話清文啓蒙,1763,餓,e,ᡝ,ə,∅,e,,2,餓 e,餓
manju-hergen-takekoshi-2011,mandarin,Mandarin,Manchu script transcription of Mandarin,ᠮᠠᠨᠵᡠ ᡥᡝᡵᡤᡝᠨ Manju Hergen,"Takekoshi 竹越, Takeshi 孝. (2011). 『兼滿漢語滿洲套話清文啓蒙』満洲文字注音一覧表. KOTONOHA, (101).","Takekoshi 竹越, Takeshi 孝. (2011). 『兼滿漢語滿洲套話清文啓蒙』満洲文字注音一覧表. KOTONOHA, (101). Data extracted from the Qing instructional source 兼滿漢語滿洲套話清文啓蒙 (1763).",『兼滿漢語滿洲套話清文啓蒙』満洲文字注音一覧表,竹越 孝 / Takekoshi Takeshi,2011,兼滿漢語滿洲套話清文啓蒙,1763,額,e,ᡝ,ə,∅,e,,2,額 e,額
manju-hergen-takekoshi-2011,mandarin,Mandarin,Manchu script transcription of Mandarin,ᠮᠠᠨᠵᡠ ᡥᡝᡵᡤᡝᠨ Manju Hergen,"Takekoshi 竹越, Takeshi 孝. (2011). 『兼滿漢語滿洲套話清文啓蒙』満洲文字注音一覧表. KOTONOHA, (101).","Takekoshi 竹越, Takeshi 孝. (2011). 『兼滿漢語滿洲套話清文啓蒙』満洲文字注音一覧表. KOTONOHA, (101). Data extracted from the Qing instructional source 兼滿漢語滿洲套話清文啓蒙 (1763).",『兼滿漢語滿洲套話清文啓蒙』満洲文字注音一覧表,竹越 孝 / Takekoshi Takeshi,2011,兼滿漢語滿洲套話清文啓蒙,1763,薄,bo,ᠪᠣ,po,b,o,,2,薄 bo,薄
manju-hergen-takekoshi-2011,mandarin,Mandarin,Manchu script transcription of Mandarin,ᠮᠠᠨᠵᡠ ᡥᡝᡵᡤᡝᠨ Manju Hergen,"Takekoshi 竹越, Takeshi 孝. (2011). 『兼滿漢語滿洲套話清文啓蒙』満洲文字注音一覧表. KOTONOHA, (101).","Takekoshi 竹越, Takeshi 孝. (2011). 『兼滿漢語滿洲套話清文啓蒙』満洲文字注音一覧表. KOTONOHA, (101). Data extracted from the Qing instructional source 兼滿漢語滿洲套話清文啓蒙 (1763).",『兼滿漢語滿洲套話清文啓蒙』満洲文字注音一覧表,竹越 孝 / Takekoshi Takeshi,2011,兼滿漢語滿洲套話清文啓蒙,1763,破,po,ᡦᠣ,pʰo,p,o,3,2,破 po 3,破
manju-hergen-takekoshi-2011,mandarin,Mandarin,Manchu script transcription of Mandarin,ᠮᠠᠨᠵᡠ ᡥᡝᡵᡤᡝᠨ Manju Hergen,"Takekoshi 竹越, Takeshi 孝. (2011). 『兼滿漢語滿洲套話清文啓蒙』満洲文字注音一覧表. KOTONOHA, (101).","Takekoshi 竹越, Takeshi 孝. (2011). 『兼滿漢語滿洲套話清文啓蒙』満洲文字注音一覧表. KOTONOHA, (101). Data extracted from the Qing instructional source 兼滿漢語滿洲套話清文啓蒙 (1763).",『兼滿漢語滿洲套話清文啓蒙』満洲文字注音一覧表,竹越 孝 / Takekoshi Takeshi,2011,兼滿漢語滿洲套話清文啓蒙,1763,麼,mo,ᠮᠣ,mo,m,o,166,2,麼 mo 166,麼
manju-hergen-takekoshi-2011,mandarin,Mandarin,Manchu script transcription of Mandarin,ᠮᠠᠨᠵᡠ ᡥᡝᡵᡤᡝᠨ Manju Hergen,"Takekoshi 竹越, Takeshi 孝. (2011). 『兼滿漢語滿洲套話清文啓蒙』満洲文字注音一覧表. KOTONOHA, (101).","Takekoshi 竹越, Takeshi 孝. (2011). 『兼滿漢語滿洲套話清文啓蒙』満洲文字注音一覧表. KOTONOHA, (101). Data extracted from the Qing instructional source 兼滿漢語滿洲套話清文啓蒙 (1763).",『兼滿漢語滿洲套話清文啓蒙』満洲文字注音一覧表,竹越 孝 / Takekoshi Takeshi,2011,兼滿漢語滿洲套話清文啓蒙,1763,没,mu,ᠮᡠ,mu,m,o,69,2,没 mu 69 / mo,没
manju-hergen-takekoshi-2011,mandarin,Mandarin,Manchu script transcription of Mandarin,ᠮᠠᠨᠵᡠ ᡥᡝᡵᡤᡝᠨ Manju Hergen,"Takekoshi 竹越, Takeshi 孝. (2011). 『兼滿漢語滿洲套話清文啓蒙』満洲文字注音一覧表. KOTONOHA, (101).","Takekoshi 竹越, Takeshi 孝. (2011). 『兼滿漢語滿洲套話清文啓蒙』満洲文字注音一覧表. KOTONOHA, (101). Data extracted from the Qing instructional source 兼滿漢語滿洲套話清文啓蒙 (1763).",『兼滿漢語滿洲套話清文啓蒙』満洲文字注音一覧表,竹越 孝 / Takekoshi Takeshi,2011,兼滿漢語滿洲套話清文啓蒙,1763,没,mo,ᠮᠣ,mo,m,o,,2,没 mu 69 / mo,没
manju-hergen-takekoshi-2011,mandarin,Mandarin,Manchu script transcription of Mandarin,ᠮᠠᠨᠵᡠ ᡥᡝᡵᡤᡝᠨ Manju Hergen,"Takekoshi 竹越, Takeshi 孝. (2011). 『兼滿漢語滿洲套話清文啓蒙』満洲文字注音一覧表. KOTONOHA, (101).","Takekoshi 竹越, Takeshi 孝. (2011). 『兼滿漢語滿洲套話清文啓蒙』満洲文字注音一覧表. KOTONOHA, (101). Data extracted from the Qing instructional source 兼滿漢語滿洲套話清文啓蒙 (1763).",『兼滿漢語滿洲套話清文啓蒙』満洲文字注音一覧表,竹越 孝 / Takekoshi Takeshi,2011,兼滿漢語滿洲套話清文啓蒙,1763,莫,mo,ᠮᠣ,mo,m,o,3,2,莫 mo 3,莫
manju-hergen-takekoshi-2011,mandarin,Mandarin,Manchu script transcription of Mandarin,ᠮᠠᠨᠵᡠ ᡥᡝᡵᡤᡝᠨ Manju Hergen,"Takekoshi 竹越, Takeshi 孝. (2011). 『兼滿漢語滿洲套話清文啓蒙』満洲文字注音一覧表. KOTONOHA, (101).","Takekoshi 竹越, Takeshi 孝. (2011). 『兼滿漢語滿洲套話清文啓蒙』満洲文字注音一覧表. KOTONOHA, (101). Data extracted from the Qing instructional source 兼滿漢語滿洲套話清文啓蒙 (1763).",『兼滿漢語滿洲套話清文啓蒙』満洲文字注音一覧表,竹越 孝 / Takekoshi Takeshi,2011,兼滿漢語滿洲套話清文啓蒙,1763,磨,mo,ᠮᠣ,mo,m,o,,2,磨 mo,磨
manju-hergen-takekoshi-2011,mandarin,Mandarin,Manchu script transcription of Mandarin,ᠮᠠᠨᠵᡠ ᡥᡝᡵᡤᡝᠨ Manju Hergen,"Takekoshi 竹越, Takeshi 孝. (2011). 『兼滿漢語滿洲套話清文啓蒙』満洲文字注音一覧表. KOTONOHA, (101).","Takekoshi 竹越, Takeshi 孝. (2011). 『兼滿漢語滿洲套話清文啓蒙』満洲文字注音一覧表. KOTONOHA, (101). Data extracted from the Qing instructional source 兼滿漢語滿洲套話清文啓蒙 (1763).",『兼滿漢語滿洲套話清文啓蒙』満洲文字注音一覧表,竹越 孝 / Takekoshi Takeshi,2011,兼滿漢語滿洲套話清文啓蒙,1763,末,mo,ᠮᠣ,mo,m,o,,2,末 mo,末
manju-hergen-takekoshi-2011,mandarin,Mandarin,Manchu script transcription of Mandarin,ᠮᠠᠨᠵᡠ ᡥᡝᡵᡤᡝᠨ Manju Hergen,"Takekoshi 竹越, Takeshi 孝. (2011). 『兼滿漢語滿洲套話清文啓蒙』満洲文字注音一覧表. KOTONOHA, (101).","Takekoshi 竹越, Takeshi 孝. (2011). 『兼滿漢語滿洲套話清文啓蒙』満洲文字注音一覧表. KOTONOHA, (101). Data extracted from the Qing instructional source 兼滿漢語滿洲套話清文啓蒙 (1763).",『兼滿漢語滿洲套話清文啓蒙』満洲文字注音一覧表,竹越 孝 / Takekoshi Takeshi,2011,兼滿漢語滿洲套話清文啓蒙,1763,黙,me,ᠮᡝ,mə,m,o,,2,黙 me,黙
manju-hergen-takekoshi-2011,mandarin,Mandarin,Manchu script transcription of Mandarin,ᠮᠠᠨᠵᡠ ᡥᡝᡵᡤᡝᠨ Manju Hergen,"Takekoshi 竹越, Takeshi 孝. (2011). 『兼滿漢語滿洲套話清文啓蒙』満洲文字注音一覧表. KOTONOHA, (101).","Takekoshi 竹越, Takeshi 孝. (2011). 『兼滿漢語滿洲套話清文啓蒙』満洲文字注音一覧表. KOTONOHA, (101). Data extracted from the Qing instructional source 兼滿漢語滿洲套話清文啓蒙 (1763).",『兼滿漢語滿洲套話清文啓蒙』満洲文字注音一覧表,竹越 孝 / Takekoshi Takeshi,2011,兼滿漢語滿洲套話清文啓蒙,1763,多,do,ᡩᠣ,to,d,uo,13,2,多 do 13,多
manju-hergen-takekoshi-2011,mandarin,Mandarin,Manchu script transcription of Mandarin,ᠮᠠᠨᠵᡠ ᡥᡝᡵᡤᡝᠨ Manju Hergen,"Takekoshi 竹越, Takeshi 孝. (2011). 『兼滿漢語滿洲套話清文啓蒙』満洲文字注音一覧表. KOTONOHA, (101).","Takekoshi 竹越, Takeshi 孝. (2011). 『兼滿漢語滿洲套話清文啓蒙』満洲文字注音一覧表. KOTONOHA, (101). Data extracted from the Qing instructional source 兼滿漢語滿洲套話清文啓蒙 (1763).",『兼滿漢語滿洲套話清文啓蒙』満洲文字注音一覧表,竹越 孝 / Takekoshi Takeshi,2011,兼滿漢語滿洲套話清文啓蒙,1763,托,to,ᡨᠣ,tʰo,t,uo,5,2,托 to 5,托
manju-hergen-takekoshi-2011,mandarin,Mandarin,Manchu script transcription of Mandarin,ᠮᠠᠨᠵᡠ ᡥᡝᡵᡤᡝᠨ Manju Hergen,"Takekoshi 竹越, Takeshi 孝. (2011). 『兼滿漢語滿洲套話清文啓蒙』満洲文字注音一覧表. KOTONOHA, (101).","Takekoshi 竹越, Takeshi 孝. (2011). 『兼滿漢語滿洲套話清文啓蒙』満洲文字注音一覧表. KOTONOHA, (101). Data extracted from the Qing instructional source 兼滿漢語滿洲套話清文啓蒙 (1763).",『兼滿漢語滿洲套話清文啓蒙』満洲文字注音一覧表,竹越 孝 / Takekoshi Takeshi,2011,兼滿漢語滿洲套話清文啓蒙,1763,脱,to,ᡨᠣ,tʰo,t,uo,3,2,脱 to 3,脱
manju-hergen-takekoshi-2011,mandarin,Mandarin,Manchu script transcription of Mandarin,ᠮᠠᠨᠵᡠ ᡥᡝᡵᡤᡝᠨ Manju Hergen,"Takekoshi 竹越, Takeshi 孝. (2011). 『兼滿漢語滿洲套話清文啓蒙』満洲文字注音一覧表. KOTONOHA, (101).","Takekoshi 竹越, Takeshi 孝. (2011). 『兼滿漢語滿洲套話清文啓蒙』満洲文字注音一覧表. KOTONOHA, (101). Data extracted from the Qing instructional source 兼滿漢語滿洲套話清文啓蒙 (1763).",『兼滿漢語滿洲套話清文啓蒙』満洲文字注音一覧表,竹越 孝 / Takekoshi Takeshi,2011,兼滿漢語滿洲套話清文啓蒙,1763,陀,to,ᡨᠣ,tʰo,t,uo,,2,陀 to,陀
manju-hergen-takekoshi-2011,mandarin,Mandarin,Manchu script transcription of Mandarin,ᠮᠠᠨᠵᡠ ᡥᡝᡵᡤᡝᠨ Manju Hergen,"Takekoshi 竹越, Takeshi 孝. (2011). 『兼滿漢語滿洲套話清文啓蒙』満洲文字注音一覧表. KOTONOHA, (101).","Takekoshi 竹越, Takeshi 孝. (2011). 『兼滿漢語滿洲套話清文啓蒙』満洲文字注音一覧表. KOTONOHA, (101). Data extracted from the Qing instructional source 兼滿漢語滿洲套話清文啓蒙 (1763).",『兼滿漢語滿洲套話清文啓蒙』満洲文字注音一覧表,竹越 孝 / Takekoshi Takeshi,2011,兼滿漢語滿洲套話清文啓蒙,1763,挪,no,ᠨᠣ,no,n,uo,5,2,挪 no 5,挪
manju-hergen-takekoshi-2011,mandarin,Mandarin,Manchu script transcription of Mandarin,ᠮᠠᠨᠵᡠ ᡥᡝᡵᡤᡝᠨ Manju Hergen,"Takekoshi 竹越, Takeshi 孝. (2011). 『兼滿漢語滿洲套話清文啓蒙』満洲文字注音一覧表. KOTONOHA, (101).","Takekoshi 竹越, Takeshi 孝. (2011). 『兼滿漢語滿洲套話清文啓蒙』満洲文字注音一覧表. KOTONOHA, (101). Data extracted from the Qing instructional source 兼滿漢語滿洲套話清文啓蒙 (1763).",『兼滿漢語滿洲套話清文啓蒙』満洲文字注音一覧表,竹越 孝 / Takekoshi Takeshi,2011,兼滿漢語滿洲套話清文啓蒙,1763,落,lo,ᠯᠣ,lo,l,uo,2,2,落 lo 2,落
manju-hergen-takekoshi-2011,mandarin,Mandarin,Manchu script transcription of Mandarin,ᠮᠠᠨᠵᡠ ᡥᡝᡵᡤᡝᠨ Manju Hergen,"Takekoshi 竹越, Takeshi 孝. (2011). 『兼滿漢語滿洲套話清文啓蒙』満洲文字注音一覧表. KOTONOHA, (101).","Takekoshi 竹越, Takeshi 孝. (2011). 『兼滿漢語滿洲套話清文啓蒙』満洲文字注音一覧表. KOTONOHA, (101). Data extracted from the Qing instructional source 兼滿漢語滿洲套話清文啓蒙 (1763).",『兼滿漢語滿洲套話清文啓蒙』満洲文字注音一覧表,竹越 孝 / Takekoshi Takeshi,2011,兼滿漢語滿洲套話清文啓蒙,1763,騾,lo,ᠯᠣ,lo,l,uo,,2,騾 lo,騾
manju-hergen-takekoshi-2011,mandarin,Mandarin,Manchu script transcription of Mandarin,ᠮᠠᠨᠵᡠ ᡥᡝᡵᡤᡝᠨ Manju Hergen,"Takekoshi 竹越, Takeshi 孝. (2011). 『兼滿漢語滿洲套話清文啓蒙』満洲文字注音一覧表. KOTONOHA, (101).","Takekoshi 竹越, Takeshi 孝. (2011). 『兼滿漢語滿洲套話清文啓蒙』満洲文字注音一覧表. KOTONOHA, (101). Data extracted from the Qing instructional source 兼滿漢語滿洲套話清文啓蒙 (1763).",『兼滿漢語滿洲套話清文啓蒙』満洲文字注音一覧表,竹越 孝 / Takekoshi Takeshi,2011,兼滿漢語滿洲套話清文啓蒙,1763,作,dzo,ᡯᠣ,tso,z,uo,22,2,作 dzo 22,作
manju-hergen-takekoshi-2011,mandarin,Mandarin,Manchu script transcription of Mandarin,ᠮᠠᠨᠵᡠ ᡥᡝᡵᡤᡝᠨ Manju Hergen,"Takekoshi 竹越, Takeshi 孝. (2011). 『兼滿漢語滿洲套話清文啓蒙』満洲文字注音一覧表. KOTONOHA, (101).","Takekoshi 竹越, Takeshi 孝. (2011). 『兼滿漢語滿洲套話清文啓蒙』満洲文字注音一覧表. KOTONOHA, (101). Data extracted from the Qing instructional source 兼滿漢語滿洲套話清文啓蒙 (1763).",『兼滿漢語滿洲套話清文啓蒙』満洲文字注音一覧表,竹越 孝 / Takekoshi Takeshi,2011,兼滿漢語滿洲套話清文啓蒙,1763,坐,dzo,ᡯᠣ,tso,z,uo,21,2,坐 dzo 21,坐
manju-hergen-takekoshi-2011,mandarin,Mandarin,Manchu script transcription of Mandarin,ᠮᠠᠨᠵᡠ ᡥᡝᡵᡤᡝᠨ Manju Hergen,"Takekoshi 竹越, Takeshi 孝. (2011). 『兼滿漢語滿洲套話清文啓蒙』満洲文字注音一覧表. KOTONOHA, (101).","Takekoshi 竹越, Takeshi 孝. (2011). 『兼滿漢語滿洲套話清文啓蒙』満洲文字注音一覧表. KOTONOHA, (101). Data extracted from the Qing instructional source 兼滿漢語滿洲套話清文啓蒙 (1763).",『兼滿漢語滿洲套話清文啓蒙』満洲文字注音一覧表,竹越 孝 / Takekoshi Takeshi,2011,兼滿漢語滿洲套話清文啓蒙,1763,昨,dzo,ᡯᠣ,tso,z,uo,5,2,昨 dzo 5,昨
manju-hergen-takekoshi-2011,mandarin,Mandarin,Manchu script transcription of Mandarin,ᠮᠠᠨᠵᡠ ᡥᡝᡵᡤᡝᠨ Manju Hergen,"Takekoshi 竹越, Takeshi 孝. (2011). 『兼滿漢語滿洲套話清文啓蒙』満洲文字注音一覧表. KOTONOHA, (101).","Takekoshi 竹越, Takeshi 孝. (2011). 『兼滿漢語滿洲套話清文啓蒙』満洲文字注音一覧表. KOTONOHA, (101). Data extracted from the Qing instructional source 兼滿漢語滿洲套話清文啓蒙 (1763).",『兼滿漢語滿洲套話清文啓蒙』満洲文字注音一覧表,竹越 孝 / Takekoshi Takeshi,2011,兼滿漢語滿洲套話清文啓蒙,1763,挫,dzo,ᡯᠣ,tso,z,uo,,2,挫 dzo,挫
manju-hergen-takekoshi-2011,mandarin,Mandarin,Manchu script transcription of Mandarin,ᠮᠠᠨᠵᡠ ᡥᡝᡵᡤᡝᠨ Manju Hergen,"Takekoshi 竹越, Takeshi 孝. (2011). 『兼滿漢語滿洲套話清文啓蒙』満洲文字注音一覧表. KOTONOHA, (101).","Takekoshi 竹越, Takeshi 孝. (2011). 『兼滿漢語滿洲套話清文啓蒙』満洲文字注音一覧表. KOTONOHA, (101). Data extracted from the Qing instructional source 兼滿漢語滿洲套話清文啓蒙 (1763).",『兼滿漢語滿洲套話清文啓蒙』満洲文字注音一覧表,竹越 孝 / Takekoshi Takeshi,2011,兼滿漢語滿洲套話清文啓蒙,1763,做,dzeo,ᡯᡝᠣ,tsəo,z,uo,,2,做 dzeo,做
manju-hergen-takekoshi-2011,mandarin,Mandarin,Manchu script transcription of Mandarin,ᠮᠠᠨᠵᡠ ᡥᡝᡵᡤᡝᠨ Manju Hergen,"Takekoshi 竹越, Takeshi 孝. (2011). 『兼滿漢語滿洲套話清文啓蒙』満洲文字注音一覧表. KOTONOHA, (101).","Takekoshi 竹越, Takeshi 孝. (2011). 『兼滿漢語滿洲套話清文啓蒙』満洲文字注音一覧表. KOTONOHA, (101). Data extracted from the Qing instructional source 兼滿漢語滿洲套話清文啓蒙 (1763).",『兼滿漢語滿洲套話清文啓蒙』満洲文字注音一覧表,竹越 孝 / Takekoshi Takeshi,2011,兼滿漢語滿洲套話清文啓蒙,1763,錯,dzo,ᡯᠣ,tso,c,uo,,2,錯 dzo,錯
manju-hergen-takekoshi-2011,mandarin,Mandarin,Manchu script transcription of Mandarin,ᠮᠠᠨᠵᡠ ᡥᡝᡵᡤᡝᠨ Manju Hergen,"Takekoshi 竹越, Takeshi 孝. (2011). 『兼滿漢語滿洲套話清文啓蒙』満洲文字注音一覧表. KOTONOHA, (101).","Takekoshi 竹越, Takeshi 孝. (2011). 『兼滿漢語滿洲套話清文啓蒙』満洲文字注音一覧表. KOTONOHA, (101). Data extracted from the Qing instructional source 兼滿漢語滿洲套話清文啓蒙 (1763).",『兼滿漢語滿洲套話清文啓蒙』満洲文字注音一覧表,竹越 孝 / Takekoshi Takeshi,2011,兼滿漢語滿洲套話清文啓蒙,1763,所,so,ᠰᠣ,so,s,uo,13,2,所 so 13,所
manju-hergen-takekoshi-2011,mandarin,Mandarin,Manchu script transcription of Mandarin,ᠮᠠᠨᠵᡠ ᡥᡝᡵᡤᡝᠨ Manju Hergen,"Takekoshi 竹越, Takeshi 孝. (2011). 『兼滿漢語滿洲套話清文啓蒙』満洲文字注音一覧表. KOTONOHA, (101).","Takekoshi 竹越, Takeshi 孝. (2011). 『兼滿漢語滿洲套話清文啓蒙』満洲文字注音一覧表. KOTONOHA, (101). Data extracted from the Qing instructional source 兼滿漢語滿洲套話清文啓蒙 (1763).",『兼滿漢語滿洲套話清文啓蒙』満洲文字注音一覧表,竹越 孝 / Takekoshi Takeshi,2011,兼滿漢語滿洲套話清文啓蒙,1763,索,so,ᠰᠣ,so,s,uo,,2,索 so,索
manju-hergen-takekoshi-2011,mandarin,Mandarin,Manchu script transcription of Mandarin,ᠮᠠᠨᠵᡠ ᡥᡝᡵᡤᡝᠨ Manju Hergen,"Takekoshi 竹越, Takeshi 孝. (2011). 『兼滿漢語滿洲套話清文啓蒙』満洲文字注音一覧表. KOTONOHA, (101).","Takekoshi 竹越, Takeshi 孝. (2011). 『兼滿漢語滿洲套話清文啓蒙』満洲文字注音一覧表. KOTONOHA, (101). Data extracted from the Qing instructional source 兼滿漢語滿洲套話清文啓蒙 (1763).",『兼滿漢語滿洲套話清文啓蒙』満洲文字注音一覧表,竹越 孝 / Takekoshi Takeshi,2011,兼滿漢語滿洲套話清文啓蒙,1763,梭,so,ᠰᠣ,so,s,uo,,2,梭 so,梭
manju-hergen-takekoshi-2011,mandarin,Mandarin,Manchu script transcription of Mandarin,ᠮᠠᠨᠵᡠ ᡥᡝᡵᡤᡝᠨ Manju Hergen,"Takekoshi 竹越, Takeshi 孝. (2011). 『兼滿漢語滿洲套話清文啓蒙』満洲文字注音一覧表. KOTONOHA, (101).","Takekoshi 竹越, Takeshi 孝. (2011). 『兼滿漢語滿洲套話清文啓蒙』満洲文字注音一覧表. KOTONOHA, (101). Data extracted from the Qing instructional source 兼滿漢語滿洲套話清文啓蒙 (1763).",『兼滿漢語滿洲套話清文啓蒙』満洲文字注音一覧表,竹越 孝 / Takekoshi Takeshi,2011,兼滿漢語滿洲套話清文啓蒙,1763,着,jo,ᠵᠣ,tʃo,zh,uo,118,2,着 jo 118,着
manju-hergen-takekoshi-2011,mandarin,Mandarin,Manchu script transcription of Mandarin,ᠮᠠᠨᠵᡠ ᡥᡝᡵᡤᡝᠨ Manju Hergen,"Takekoshi 竹越, Takeshi 孝. (2011). 『兼滿漢語滿洲套話清文啓蒙』満洲文字注音一覧表. KOTONOHA, (101).","Takekoshi 竹越, Takeshi 孝. (2011). 『兼滿漢語滿洲套話清文啓蒙』満洲文字注音一覧表. KOTONOHA, (101). Data extracted from the Qing instructional source 兼滿漢語滿洲套話清文啓蒙 (1763).",『兼滿漢語滿洲套話清文啓蒙』満洲文字注音一覧表,竹越 孝 / Takekoshi Takeshi,2011,兼滿漢語滿洲套話清文啓蒙,1763,卓,jo,ᠵᠣ,tʃo,zh,uo,2,2,卓 jo 2,卓
manju-hergen-takekoshi-2011,mandarin,Mandarin,Manchu script transcription of Mandarin,ᠮᠠᠨᠵᡠ ᡥᡝᡵᡤᡝᠨ Manju Hergen,"Takekoshi 竹越, Takeshi 孝. (2011). 『兼滿漢語滿洲套話清文啓蒙』満洲文字注音一覧表. KOTONOHA, (101).","Takekoshi 竹越, Takeshi 孝. (2011). 『兼滿漢語滿洲套話清文啓蒙』満洲文字注音一覧表. KOTONOHA, (101). Data extracted from the Qing instructional source 兼滿漢語滿洲套話清文啓蒙 (1763).",『兼滿漢語滿洲套話清文啓蒙』満洲文字注音一覧表,竹越 孝 / Takekoshi Takeshi,2011,兼滿漢語滿洲套話清文啓蒙,1763,桌,jo,ᠵᠣ,tʃo,zh,uo,2,2,桌 jo 2,桌
manju-hergen-takekoshi-2011,mandarin,Mandarin,Manchu script transcription of Mandarin,ᠮᠠᠨᠵᡠ ᡥᡝᡵᡤᡝᠨ Manju Hergen,"Takekoshi 竹越, Takeshi 孝. (2011). 『兼滿漢語滿洲套話清文啓蒙』満洲文字注音一覧表. KOTONOHA, (101).","Takekoshi 竹越, Takeshi 孝. (2011). 『兼滿漢語滿洲套話清文啓蒙』満洲文字注音一覧表. KOTONOHA, (101). Data extracted from the Qing instructional source 兼滿漢語滿洲套話清文啓蒙 (1763).",『兼滿漢語滿洲套話清文啓蒙』満洲文字注音一覧表,竹越 孝 / Takekoshi Takeshi,2011,兼滿漢語滿洲套話清文啓蒙,1763,酌,jo,ᠵᠣ,tʃo,zh,uo,,2,酌 jo,酌
manju-hergen-takekoshi-2011,mandarin,Mandarin,Manchu script transcription of Mandarin,ᠮᠠᠨᠵᡠ ᡥᡝᡵᡤᡝᠨ Manju Hergen,"Takekoshi 竹越, Takeshi 孝. (2011). 『兼滿漢語滿洲套話清文啓蒙』満洲文字注音一覧表. KOTONOHA, (101).","Takekoshi 竹越, Takeshi 孝. (2011). 『兼滿漢語滿洲套話清文啓蒙』満洲文字注音一覧表. KOTONOHA, (101). Data extracted from the Qing instructional source 兼滿漢語滿洲套話清文啓蒙 (1763).",『兼滿漢語滿洲套話清文啓蒙』満洲文字注音一覧表,竹越 孝 / Takekoshi Takeshi,2011,兼滿漢語滿洲套話清文啓蒙,1763,説,šo,ᡧᠣ,ʃo,sh,uo,137,2,説 šo 137,説
manju-hergen-takekoshi-2011,mandarin,Mandarin,Manchu script transcription of Mandarin,ᠮᠠᠨᠵᡠ ᡥᡝᡵᡤᡝᠨ Manju Hergen,"Takekoshi 竹越, Takeshi 孝. (2011). 『兼滿漢語滿洲套話清文啓蒙』満洲文字注音一覧表. KOTONOHA, (101).","Takekoshi 竹越, Takeshi 孝. (2011). 『兼滿漢語滿洲套話清文啓蒙』満洲文字注音一覧表. KOTONOHA, (101). Data extracted from the Qing instructional source 兼滿漢語滿洲套話清文啓蒙 (1763).",『兼滿漢語滿洲套話清文啓蒙』満洲文字注音一覧表,竹越 孝 / Takekoshi Takeshi,2011,兼滿漢語滿洲套話清文啓蒙,1763,若,žo,ᡰᠣ,ʐo,r,uo,104,2,若 žo 104 / žu,若
manju-hergen-takekoshi-2011,mandarin,Mandarin,Manchu script transcription of Mandarin,ᠮᠠᠨᠵᡠ ᡥᡝᡵᡤᡝᠨ Manju Hergen,"Takekoshi 竹越, Takeshi 孝. (2011). 『兼滿漢語滿洲套話清文啓蒙』満洲文字注音一覧表. KOTONOHA, (101).","Takekoshi 竹越, Takeshi 孝. (2011). 『兼滿漢語滿洲套話清文啓蒙』満洲文字注音一覧表. KOTONOHA, (101). Data extracted from the Qing instructional source 兼滿漢語滿洲套話清文啓蒙 (1763).",『兼滿漢語滿洲套話清文啓蒙』満洲文字注音一覧表,竹越 孝 / Takekoshi Takeshi,2011,兼滿漢語滿洲套話清文啓蒙,1763,若,žu,ᡰᡠ,ʐu,r,uo,,2,若 žo 104 / žu,若
manju-hergen-takekoshi-2011,mandarin,Mandarin,Manchu script transcription of Mandarin,ᠮᠠᠨᠵᡠ ᡥᡝᡵᡤᡝᠨ Manju Hergen,"Takekoshi 竹越, Takeshi 孝. (2011). 『兼滿漢語滿洲套話清文啓蒙』満洲文字注音一覧表. KOTONOHA, (101).","Takekoshi 竹越, Takeshi 孝. (2011). 『兼滿漢語滿洲套話清文啓蒙』満洲文字注音一覧表. KOTONOHA, (101). Data extracted from the Qing instructional source 兼滿漢語滿洲套話清文啓蒙 (1763).",『兼滿漢語滿洲套話清文啓蒙』満洲文字注音一覧表,竹越 孝 / Takekoshi Takeshi,2011,兼滿漢語滿洲套話清文啓蒙,1763,過,g’o,ᡬᠣ,ko,g,uo,21,3,過 g’o 21,過
manju-hergen-takekoshi-2011,mandarin,Mandarin,Manchu script transcription of Mandarin,ᠮᠠᠨᠵᡠ ᡥᡝᡵᡤᡝᠨ Manju Hergen,"Takekoshi 竹越, Takeshi 孝. (2011). 『兼滿漢語滿洲套話清文啓蒙』満洲文字注音一覧表. KOTONOHA, (101).","Takekoshi 竹越, Takeshi 孝. (2011). 『兼滿漢語滿洲套話清文啓蒙』満洲文字注音一覧表. KOTONOHA, (101). Data extracted from the Qing instructional source 兼滿漢語滿洲套話清文啓蒙 (1763).",『兼滿漢語滿洲套話清文啓蒙』満洲文字注音一覧表,竹越 孝 / Takekoshi Takeshi,2011,兼滿漢語滿洲套話清文啓蒙,1763,果,g’o,ᡬᠣ,ko,g,uo,3,3,果 g’o 3,果
manju-hergen-takekoshi-2011,mandarin,Mandarin,Manchu script transcription of Mandarin,ᠮᠠᠨᠵᡠ ᡥᡝᡵᡤᡝᠨ Manju Hergen,"Takekoshi 竹越, Takeshi 孝. (2011). 『兼滿漢語滿洲套話清文啓蒙』満洲文字注音一覧表. KOTONOHA, (101).","Takekoshi 竹越, Takeshi 孝. (2011). 『兼滿漢語滿洲套話清文啓蒙』満洲文字注音一覧表. KOTONOHA, (101). Data extracted from the Qing instructional source 兼滿漢語滿洲套話清文啓蒙 (1763).",『兼滿漢語滿洲套話清文啓蒙』満洲文字注音一覧表,竹越 孝 / Takekoshi Takeshi,2011,兼滿漢語滿洲套話清文啓蒙,1763,或,ho,ᡥᠣ,χo,h,uo,10,3,或 ho 10 / he 5,或
manju-hergen-takekoshi-2011,mandarin,Mandarin,Manchu script transcription of Mandarin,ᠮᠠᠨᠵᡠ ᡥᡝᡵᡤᡝᠨ Manju Hergen,"Takekoshi 竹越, Takeshi 孝. (2011). 『兼滿漢語滿洲套話清文啓蒙』満洲文字注音一覧表. KOTONOHA, (101).","Takekoshi 竹越, Takeshi 孝. (2011). 『兼滿漢語滿洲套話清文啓蒙』満洲文字注音一覧表. KOTONOHA, (101). Data extracted from the Qing instructional source 兼滿漢語滿洲套話清文啓蒙 (1763).",『兼滿漢語滿洲套話清文啓蒙』満洲文字注音一覧表,竹越 孝 / Takekoshi Takeshi,2011,兼滿漢語滿洲套話清文啓蒙,1763,或,he,ᡥᡝ,xə,h,uo,5,3,或 ho 10 / he 5,或
manju-hergen-takekoshi-2011,mandarin,Mandarin,Manchu script transcription of Mandarin,ᠮᠠᠨᠵᡠ ᡥᡝᡵᡤᡝᠨ Manju Hergen,"Takekoshi 竹越, Takeshi 孝. (2011). 『兼滿漢語滿洲套話清文啓蒙』満洲文字注音一覧表. KOTONOHA, (101).","Takekoshi 竹越, Takeshi 孝. (2011). 『兼滿漢語滿洲套話清文啓蒙』満洲文字注音一覧表. KOTONOHA, (101). Data extracted from the Qing instructional source 兼滿漢語滿洲套話清文啓蒙 (1763).",『兼滿漢語滿洲套話清文啓蒙』満洲文字注音一覧表,竹越 孝 / Takekoshi Takeshi,2011,兼滿漢語滿洲套話清文啓蒙,1763,活,ho,ᡥᠣ,χo,h,uo,3,3,活 ho 3,活
manju-hergen-takekoshi-2011,mandarin,Mandarin,Manchu script transcription of Mandarin,ᠮᠠᠨᠵᡠ ᡥᡝᡵᡤᡝᠨ Manju Hergen,"Takekoshi 竹越, Takeshi 孝. (2011). 『兼滿漢語滿洲套話清文啓蒙』満洲文字注音一覧表. KOTONOHA, (101).","Takekoshi 竹越, Takeshi 孝. (2011). 『兼滿漢語滿洲套話清文啓蒙』満洲文字注音一覧表. KOTONOHA, (101). Data extracted from the Qing instructional source 兼滿漢語滿洲套話清文啓蒙 (1763).",『兼滿漢語滿洲套話清文啓蒙』満洲文字注音一覧表,竹越 孝 / Takekoshi Takeshi,2011,兼滿漢語滿洲套話清文啓蒙,1763,惑,ho,ᡥᠣ,χo,h,uo,2,3,惑 ho 2,惑
manju-hergen-takekoshi-2011,mandarin,Mandarin,Manchu script transcription of Mandarin,ᠮᠠᠨᠵᡠ ᡥᡝᡵᡤᡝᠨ Manju Hergen,"Takekoshi 竹越, Takeshi 孝. (2011). 『兼滿漢語滿洲套話清文啓蒙』満洲文字注音一覧表. KOTONOHA, (101).","Takekoshi 竹越, Takeshi 孝. (2011). 『兼滿漢語滿洲套話清文啓蒙』満洲文字注音一覧表. KOTONOHA, (101). Data extracted from the Qing instructional source 兼滿漢語滿洲套話清文啓蒙 (1763).",『兼滿漢語滿洲套話清文啓蒙』満洲文字注音一覧表,竹越 孝 / Takekoshi Takeshi,2011,兼滿漢語滿洲套話清文啓蒙,1763,火,ho,ᡥᠣ,χo,h,uo,,3,火 ho,火
manju-hergen-takekoshi-2011,mandarin,Mandarin,Manchu script transcription of Mandarin,ᠮᠠᠨᠵᡠ ᡥᡝᡵᡤᡝᠨ Manju Hergen,"Takekoshi 竹越, Takeshi 孝. (2011). 『兼滿漢語滿洲套話清文啓蒙』満洲文字注音一覧表. KOTONOHA, (101).","Takekoshi 竹越, Takeshi 孝. (2011). 『兼滿漢語滿洲套話清文啓蒙』満洲文字注音一覧表. KOTONOHA, (101). Data extracted from the Qing instructional source 兼滿漢語滿洲套話清文啓蒙 (1763).",『兼滿漢語滿洲套話清文啓蒙』満洲文字注音一覧表,竹越 孝 / Takekoshi Takeshi,2011,兼滿漢語滿洲套話清文啓蒙,1763,夥,ho,ᡥᠣ,χo,h,uo,,3,夥 ho,夥
manju-hergen-takekoshi-2011,mandarin,Mandarin,Manchu script transcription of Mandarin,ᠮᠠᠨᠵᡠ ᡥᡝᡵᡤᡝᠨ Manju Hergen,"Takekoshi 竹越, Takeshi 孝. (2011). 『兼滿漢語滿洲套話清文啓蒙』満洲文字注音一覧表. KOTONOHA, (101).","Takekoshi 竹越, Takeshi 孝. (2011). 『兼滿漢語滿洲套話清文啓蒙』満洲文字注音一覧表. KOTONOHA, (101). Data extracted from the Qing instructional source 兼滿漢語滿洲套話清文啓蒙 (1763).",『兼滿漢語滿洲套話清文啓蒙』満洲文字注音一覧表,竹越 孝 / Takekoshi Takeshi,2011,兼滿漢語滿洲套話清文啓蒙,1763,我,o,ᠣ,o,w,uo,216,3,我 o 216 / we,我
manju-hergen-takekoshi-2011,mandarin,Mandarin,Manchu script transcription of Mandarin,ᠮᠠᠨᠵᡠ ᡥᡝᡵᡤᡝᠨ Manju Hergen,"Takekoshi 竹越, Takeshi 孝. (2011). 『兼滿漢語滿洲套話清文啓蒙』満洲文字注音一覧表. KOTONOHA, (101).","Takekoshi 竹越, Takeshi 孝. (2011). 『兼滿漢語滿洲套話清文啓蒙』満洲文字注音一覧表. KOTONOHA, (101). Data extracted from the Qing instructional source 兼滿漢語滿洲套話清文啓蒙 (1763).",『兼滿漢語滿洲套話清文啓蒙』満洲文字注音一覧表,竹越 孝 / Takekoshi Takeshi,2011,兼滿漢語滿洲套話清文啓蒙,1763,我,we,ᠸᡝ,wə,w,uo,,3,我 o 216 / we,我
manju-hergen-takekoshi-2011,mandarin,Mandarin,Manchu script transcription of Mandarin,ᠮᠠᠨᠵᡠ ᡥᡝᡵᡤᡝᠨ Manju Hergen,"Takekoshi 竹越, Takeshi 孝. (2011). 『兼滿漢語滿洲套話清文啓蒙』満洲文字注音一覧表. KOTONOHA, (101).","Takekoshi 竹越, Takeshi 孝. (2011). 『兼滿漢語滿洲套話清文啓蒙』満洲文字注音一覧表. KOTONOHA, (101). Data extracted from the Qing instructional source 兼滿漢語滿洲套話清文啓蒙 (1763).",『兼滿漢語滿洲套話清文啓蒙』満洲文字注音一覧表,竹越 孝 / Takekoshi Takeshi,2011,兼滿漢語滿洲套話清文啓蒙,1763,別,biye,ᠪᡳᠶᡝ,pijə,b,ie,48,3,別 biye 48 / biyei 3,別
manju-hergen-takekoshi-2011,mandarin,Mandarin,Manchu script transcription of Mandarin,ᠮᠠᠨᠵᡠ ᡥᡝᡵᡤᡝᠨ Manju Hergen,"Takekoshi 竹越, Takeshi 孝. (2011). 『兼滿漢語滿洲套話清文啓蒙』満洲文字注音一覧表. KOTONOHA, (101).","Takekoshi 竹越, Takeshi 孝. (2011). 『兼滿漢語滿洲套話清文啓蒙』満洲文字注音一覧表. KOTONOHA, (101). Data extracted from the Qing instructional source 兼滿漢語滿洲套話清文啓蒙 (1763).",『兼滿漢語滿洲套話清文啓蒙』満洲文字注音一覧表,竹越 孝 / Takekoshi Takeshi,2011,兼滿漢語滿洲套話清文啓蒙,1763,別,biyei,ᠪᡳᠶᡝᡳ,pijəi,b,ie,3,3,別 biye 48 / biyei 3,別
manju-hergen-takekoshi-2011,mandarin,Mandarin,Manchu script transcription of Mandarin,ᠮᠠᠨᠵᡠ ᡥᡝᡵᡤᡝᠨ Manju Hergen,"Takekoshi 竹越, Takeshi 孝. (2011). 『兼滿漢語滿洲套話清文啓蒙』満洲文字注音一覧表. KOTONOHA, (101).","Takekoshi 竹越, Takeshi 孝. (2011). 『兼滿漢語滿洲套話清文啓蒙』満洲文字注音一覧表. KOTONOHA, (101). Data extracted from the Qing instructional source 兼滿漢語滿洲套話清文啓蒙 (1763).",『兼滿漢語滿洲套話清文啓蒙』満洲文字注音一覧表,竹越 孝 / Takekoshi Takeshi,2011,兼滿漢語滿洲套話清文啓蒙,1763,帖,tiye,ᡨᡳᠶᡝ,tʰijə,t,ie,,3,帖 tiye,帖
manju-hergen-takekoshi-2011,mandarin,Mandarin,Manchu script transcription of Mandarin,ᠮᠠᠨᠵᡠ ᡥᡝᡵᡤᡝᠨ Manju Hergen,"Takekoshi 竹越, Takeshi 孝. (2011). 『兼滿漢語滿洲套話清文啓蒙』満洲文字注音一覧表. KOTONOHA, (101).","Takekoshi 竹越, Takeshi 孝. (2011). 『兼滿漢語滿洲套話清文啓蒙』満洲文字注音一覧表. KOTONOHA, (101). Data extracted from the Qing instructional source 兼滿漢語滿洲套話清文啓蒙 (1763).",『兼滿漢語滿洲套話清文啓蒙』満洲文字注音一覧表,竹越 孝 / Takekoshi Takeshi,2011,兼滿漢語滿洲套話清文啓蒙,1763,揑,niye,ᠨᡳᠶᡝ,nijə,n,ie,,3,揑 niye,揑
manju-hergen-takekoshi-2011,mandarin,Mandarin,Manchu script transcription of Mandarin,ᠮᠠᠨᠵᡠ ᡥᡝᡵᡤᡝᠨ Manju Hergen,"Takekoshi 竹越, Takeshi 孝. (2011). 『兼滿漢語滿洲套話清文啓蒙』満洲文字注音一覧表. KOTONOHA, (101).","Takekoshi 竹越, Takeshi 孝. (2011). 『兼滿漢語滿洲套話清文啓蒙』満洲文字注音一覧表. KOTONOHA, (101). Data extracted from the Qing instructional source 兼滿漢語滿洲套話清文啓蒙 (1763).",『兼滿漢語滿洲套話清文啓蒙』満洲文字注音一覧表,竹越 孝 / Takekoshi Takeshi,2011,兼滿漢語滿洲套話清文啓蒙,1763,咧,liye,ᠯᡳᠶᡝ,lijə,l,ie,44,3,咧 liye 44 / liyei,咧
manju-hergen-takekoshi-2011,mandarin,Mandarin,Manchu script transcription of Mandarin,ᠮᠠᠨᠵᡠ ᡥᡝᡵᡤᡝᠨ Manju Hergen,"Takekoshi 竹越, Takeshi 孝. (2011). 『兼滿漢語滿洲套話清文啓蒙』満洲文字注音一覧表. KOTONOHA, (101).","Takekoshi 竹越, Takeshi 孝. (2011). 『兼滿漢語滿洲套話清文啓蒙』満洲文字注音一覧表. KOTONOHA, (101). Data extracted from the Qing instructional source 兼滿漢語滿洲套話清文啓蒙 (1763).",『兼滿漢語滿洲套話清文啓蒙』満洲文字注音一覧表,竹越 孝 / Takekoshi Takeshi,2011,兼滿漢語滿洲套話清文啓蒙,1763,咧,liyei,ᠯᡳᠶᡝᡳ,lijəi,l,ie,,3,咧 liye 44 / liyei,咧
manju-hergen-takekoshi-2011,mandarin,Mandarin,Manchu script transcription of Mandarin,ᠮᠠᠨᠵᡠ ᡥᡝᡵᡤᡝᠨ Manju Hergen,"Takekoshi 竹越, Takeshi 孝. (2011). 『兼滿漢語滿洲套話清文啓蒙』満洲文字注音一覧表. KOTONOHA, (101).","Takekoshi 竹越, Takeshi 孝. (2011). 『兼滿漢語滿洲套話清文啓蒙』満洲文字注音一覧表. KOTONOHA, (101). Data extracted from the Qing instructional source 兼滿漢語滿洲套話清文啓蒙 (1763).",『兼滿漢語滿洲套話清文啓蒙』満洲文字注音一覧表,竹越 孝 / Takekoshi Takeshi,2011,兼滿漢語滿洲套話清文啓蒙,1763,結,giye,ᡤᡳᠶᡝ,qijə,j,ie,5,3,結 giye 5 / giyei 2,結
manju-hergen-takekoshi-2011,mandarin,Mandarin,Manchu script transcription of Mandarin,ᠮᠠᠨᠵᡠ ᡥᡝᡵᡤᡝᠨ Manju Hergen,"Takekoshi 竹越, Takeshi 孝. (2011). 『兼滿漢語滿洲套話清文啓蒙』満洲文字注音一覧表. KOTONOHA, (101).","Takekoshi 竹越, Takeshi 孝. (2011). 『兼滿漢語滿洲套話清文啓蒙』満洲文字注音一覧表. KOTONOHA, (101). Data extracted from the Qing instructional source 兼滿漢語滿洲套話清文啓蒙 (1763).",『兼滿漢語滿洲套話清文啓蒙』満洲文字注音一覧表,竹越 孝 / Takekoshi Takeshi,2011,兼滿漢語滿洲套話清文啓蒙,1763,結,giyei,ᡤᡳᠶᡝᡳ,qijəi,j,ie,2,3,結 giye 5 / giyei 2,結
manju-hergen-takekoshi-2011,mandarin,Mandarin,Manchu script transcription of Mandarin,ᠮᠠᠨᠵᡠ ᡥᡝᡵᡤᡝᠨ Manju Hergen,"Takekoshi 竹越, Takeshi 孝. (2011). 『兼滿漢語滿洲套話清文啓蒙』満洲文字注音一覧表. KOTONOHA, (101).","Takekoshi 竹越, Takeshi 孝. (2011). 『兼滿漢語滿洲套話清文啓蒙』満洲文字注音一覧表. KOTONOHA, (101). Data extracted from the Qing instructional source 兼滿漢語滿洲套話清文啓蒙 (1763).",『兼滿漢語滿洲套話清文啓蒙』満洲文字注音一覧表,竹越 孝 / Takekoshi Takeshi,2011,兼滿漢語滿洲套話清文啓蒙,1763,借,giye,ᡤᡳᠶᡝ,qijə,j,ie,4,3,借 giye 4,借
manju-hergen-takekoshi-2011,mandarin,Mandarin,Manchu script transcription of Mandarin,ᠮᠠᠨᠵᡠ ᡥᡝᡵᡤᡝᠨ Manju Hergen,"Takekoshi 竹越, Takeshi 孝. (2011). 『兼滿漢語滿洲套話清文啓蒙』満洲文字注音一覧表. KOTONOHA, (101).","Takekoshi 竹越, Takeshi 孝. (2011). 『兼滿漢語滿洲套話清文啓蒙』満洲文字注音一覧表. KOTONOHA, (101). Data extracted from the Qing instructional source 兼滿漢語滿洲套話清文啓蒙 (1763).",『兼滿漢語滿洲套話清文啓蒙』満洲文字注音一覧表,竹越 孝 / Takekoshi Takeshi,2011,兼滿漢語滿洲套話清文啓蒙,1763,口結,giye,ᡤᡳᠶᡝ,qijə,j,ie,3,3,口結 giye 3,口結
manju-hergen-takekoshi-2011,mandarin,Mandarin,Manchu script transcription of Mandarin,ᠮᠠᠨᠵᡠ ᡥᡝᡵᡤᡝᠨ Manju Hergen,"Takekoshi 竹越, Takeshi 孝. (2011). 『兼滿漢語滿洲套話清文啓蒙』満洲文字注音一覧表. KOTONOHA, (101).","Takekoshi 竹越, Takeshi 孝. (2011). 『兼滿漢語滿洲套話清文啓蒙』満洲文字注音一覧表. KOTONOHA, (101). Data extracted from the Qing instructional source 兼滿漢語滿洲套話清文啓蒙 (1763).",『兼滿漢語滿洲套話清文啓蒙』満洲文字注音一覧表,竹越 孝 / Takekoshi Takeshi,2011,兼滿漢語滿洲套話清文啓蒙,1763,接,giye,ᡤᡳᠶᡝ,qijə,j,ie,3,3,接 giye 3,接
manju-hergen-takekoshi-2011,mandarin,Mandarin,Manchu script transcription of Mandarin,ᠮᠠᠨᠵᡠ ᡥᡝᡵᡤᡝᠨ Manju Hergen,"Takekoshi 竹越, Takeshi 孝. (2011). 『兼滿漢語滿洲套話清文啓蒙』満洲文字注音一覧表. KOTONOHA, (101).","Takekoshi 竹越, Takeshi 孝. (2011). 『兼滿漢語滿洲套話清文啓蒙』満洲文字注音一覧表. KOTONOHA, (101). Data extracted from the Qing instructional source 兼滿漢語滿洲套話清文啓蒙 (1763).",『兼滿漢語滿洲套話清文啓蒙』満洲文字注音一覧表,竹越 孝 / Takekoshi Takeshi,2011,兼滿漢語滿洲套話清文啓蒙,1763,節,giye,ᡤᡳᠶᡝ,qijə,j,ie,3,3,節 giye 3,節
manju-hergen-takekoshi-2011,mandarin,Mandarin,Manchu script transcription of Mandarin,ᠮᠠᠨᠵᡠ ᡥᡝᡵᡤᡝᠨ Manju Hergen,"Takekoshi 竹越, Takeshi 孝. (2011). 『兼滿漢語滿洲套話清文啓蒙』満洲文字注音一覧表. KOTONOHA, (101).","Takekoshi 竹越, Takeshi 孝. (2011). 『兼滿漢語滿洲套話清文啓蒙』満洲文字注音一覧表. KOTONOHA, (101). Data extracted from the Qing instructional source 兼滿漢語滿洲套話清文啓蒙 (1763).",『兼滿漢語滿洲套話清文啓蒙』満洲文字注音一覧表,竹越 孝 / Takekoshi Takeshi,2011,兼滿漢語滿洲套話清文啓蒙,1763,皆,giyai,ᡤᡳᠶᠠᡳ,qijai,j,ie,2,3,皆 giyai 2,皆
manju-hergen-takekoshi-2011,mandarin,Mandarin,Manchu script transcription of Mandarin,ᠮᠠᠨᠵᡠ ᡥᡝᡵᡤᡝᠨ Manju Hergen,"Takekoshi 竹越, Takeshi 孝. (2011). 『兼滿漢語滿洲套話清文啓蒙』満洲文字注音一覧表. KOTONOHA, (101).","Takekoshi 竹越, Takeshi 孝. (2011). 『兼滿漢語滿洲套話清文啓蒙』満洲文字注音一覧表. KOTONOHA, (101). Data extracted from the Qing instructional source 兼滿漢語滿洲套話清文啓蒙 (1763).",『兼滿漢語滿洲套話清文啓蒙』満洲文字注音一覧表,竹越 孝 / Takekoshi Takeshi,2011,兼滿漢語滿洲套話清文啓蒙,1763,捷,giyei,ᡤᡳᠶᡝᡳ,qijəi,j,ie,,3,捷 giyei,捷
manju-hergen-takekoshi-2011,mandarin,Mandarin,Manchu script transcription of Mandarin,ᠮᠠᠨᠵᡠ ᡥᡝᡵᡤᡝᠨ Manju Hergen,"Takekoshi 竹越, Takeshi 孝. (2011). 『兼滿漢語滿洲套話清文啓蒙』満洲文字注音一覧表. KOTONOHA, (101).","Takekoshi 竹越, Takeshi 孝. (2011). 『兼滿漢語滿洲套話清文啓蒙』満洲文字注音一覧表. KOTONOHA, (101). Data extracted from the Qing instructional source 兼滿漢語滿洲套話清文啓蒙 (1763).",『兼滿漢語滿洲套話清文啓蒙』満洲文字注音一覧表,竹越 孝 / Takekoshi Takeshi,2011,兼滿漢語滿洲套話清文啓蒙,1763,戒,g’ai,ᡬᠠᡳ,kai,j,ie,,3,戒 g’ai,戒
manju-hergen-takekoshi-2011,mandarin,Mandarin,Manchu script transcription of Mandarin,ᠮᠠᠨᠵᡠ ᡥᡝᡵᡤᡝᠨ Manju Hergen,"Takekoshi 竹越, Takeshi 孝. (2011). 『兼滿漢語滿洲套話清文啓蒙』満洲文字注音一覧表. KOTONOHA, (101).","Takekoshi 竹越, Takeshi 孝. (2011). 『兼滿漢語滿洲套話清文啓蒙』満洲文字注音一覧表. KOTONOHA, (101). Data extracted from the Qing instructional source 兼滿漢語滿洲套話清文啓蒙 (1763).",『兼滿漢語滿洲套話清文啓蒙』満洲文字注音一覧表,竹越 孝 / Takekoshi Takeshi,2011,兼滿漢語滿洲套話清文啓蒙,1763,且,ciye,ᠴᡳᠶᡝ,tʃʰijə,q,ie,12,3,且 ciye 12,且
manju-hergen-takekoshi-2011,mandarin,Mandarin,Manchu script transcription of Mandarin,ᠮᠠᠨᠵᡠ ᡥᡝᡵᡤᡝᠨ Manju Hergen,"Takekoshi 竹越, Takeshi 孝. (2011). 『兼滿漢語滿洲套話清文啓蒙』満洲文字注音一覧表. KOTONOHA, (101).","Takekoshi 竹越, Takeshi 孝. (2011). 『兼滿漢語滿洲套話清文啓蒙』満洲文字注音一覧表. KOTONOHA, (101). Data extracted from the Qing instructional source 兼滿漢語滿洲套話清文啓蒙 (1763).",『兼滿漢語滿洲套話清文啓蒙』満洲文字注音一覧表,竹越 孝 / Takekoshi Takeshi,2011,兼滿漢語滿洲套話清文啓蒙,1763,切,ciye,ᠴᡳᠶᡝ,tʃʰijə,q,ie,,3,切 ciye,切
manju-hergen-takekoshi-2011,mandarin,Mandarin,Manchu script transcription of Mandarin,ᠮᠠᠨᠵᡠ ᡥᡝᡵᡤᡝᠨ Manju Hergen,"Takekoshi 竹越, Takeshi 孝. (2011). 『兼滿漢語滿洲套話清文啓蒙』満洲文字注音一覧表. KOTONOHA, (101).","Takekoshi 竹越, Takeshi 孝. (2011). 『兼滿漢語滿洲套話清文啓蒙』満洲文字注音一覧表. KOTONOHA, (101). Data extracted from the Qing instructional source 兼滿漢語滿洲套話清文啓蒙 (1763).",『兼滿漢語滿洲套話清文啓蒙』満洲文字注音一覧表,竹越 孝 / Takekoshi Takeshi,2011,兼滿漢語滿洲套話清文啓蒙,1763,些,hiye,ᡥᡳᠶᡝ,χijə,x,ie,23,3,些 hiye 23,些
manju-hergen-takekoshi-2011,mandarin,Mandarin,Manchu script transcription of Mandarin,ᠮᠠᠨᠵᡠ ᡥᡝᡵᡤᡝᠨ Manju Hergen,"Takekoshi 竹越, Takeshi 孝. (2011). 『兼滿漢語滿洲套話清文啓蒙』満洲文字注音一覧表. KOTONOHA, (101).","Takekoshi 竹越, Takeshi 孝. (2011). 『兼滿漢語滿洲套話清文啓蒙』満洲文字注音一覧表. KOTONOHA, (101). Data extracted from the Qing instructional source 兼滿漢語滿洲套話清文啓蒙 (1763).",『兼滿漢語滿洲套話清文啓蒙』満洲文字注音一覧表,竹越 孝 / Takekoshi Takeshi,2011,兼滿漢語滿洲套話清文啓蒙,1763,寫,hiye,ᡥᡳᠶᡝ,χijə,x,ie,4,3,寫 hiye 4,寫
manju-hergen-takekoshi-2011,mandarin,Mandarin,Manchu script transcription of Mandarin,ᠮᠠᠨᠵᡠ ᡥᡝᡵᡤᡝᠨ Manju Hergen,"Takekoshi 竹越, Takeshi 孝. (2011). 『兼滿漢語滿洲套話清文啓蒙』満洲文字注音一覧表. KOTONOHA, (101).","Takekoshi 竹越, Takeshi 孝. (2011). 『兼滿漢語滿洲套話清文啓蒙』満洲文字注音一覧表. KOTONOHA, (101). Data extracted from the Qing instructional source 兼滿漢語滿洲套話清文啓蒙 (1763).",『兼滿漢語滿洲套話清文啓蒙』満洲文字注音一覧表,竹越 孝 / Takekoshi Takeshi,2011,兼滿漢語滿洲套話清文啓蒙,1763,懈,hiyei,ᡥᡳᠶᡝᡳ,χijəi,x,ie,,3,懈 hiyei / hiyai,懈
manju-hergen-takekoshi-2011,mandarin,Mandarin,Manchu script transcription of Mandarin,ᠮᠠᠨᠵᡠ ᡥᡝᡵᡤᡝᠨ Manju Hergen,"Takekoshi 竹越, Takeshi 孝. (2011). 『兼滿漢語滿洲套話清文啓蒙』満洲文字注音一覧表. KOTONOHA, (101).","Takekoshi 竹越, Takeshi 孝. (2011). 『兼滿漢語滿洲套話清文啓蒙』満洲文字注音一覧表. KOTONOHA, (101). Data extracted from the Qing instructional source 兼滿漢語滿洲套話清文啓蒙 (1763).",『兼滿漢語滿洲套話清文啓蒙』満洲文字注音一覧表,竹越 孝 / Takekoshi Takeshi,2011,兼滿漢語滿洲套話清文啓蒙,1763,懈,hiyai,ᡥᡳᠶᠠᡳ,χijai,x,ie,,3,懈 hiyei / hiyai,懈
manju-hergen-takekoshi-2011,mandarin,Mandarin,Manchu script transcription of Mandarin,ᠮᠠᠨᠵᡠ ᡥᡝᡵᡤᡝᠨ Manju Hergen,"Takekoshi 竹越, Takeshi 孝. (2011). 『兼滿漢語滿洲套話清文啓蒙』満洲文字注音一覧表. KOTONOHA, (101).","Takekoshi 竹越, Takeshi 孝. (2011). 『兼滿漢語滿洲套話清文啓蒙』満洲文字注音一覧表. KOTONOHA, (101). Data extracted from the Qing instructional source 兼滿漢語滿洲套話清文啓蒙 (1763).",『兼滿漢語滿洲套話清文啓蒙』満洲文字注音一覧表,竹越 孝 / Takekoshi Takeshi,2011,兼滿漢語滿洲套話清文啓蒙,1763,洩,hiye,ᡥᡳᠶᡝ,χijə,x,ie,,3,洩 hiye,洩
manju-hergen-takekoshi-2011,mandarin,Mandarin,Manchu script transcription of Mandarin,ᠮᠠᠨᠵᡠ ᡥᡝᡵᡤᡝᠨ Manju Hergen,"Takekoshi 竹越, Takeshi 孝. (2011). 『兼滿漢語滿洲套話清文啓蒙』満洲文字注音一覧表. KOTONOHA, (101).","Takekoshi 竹越, Takeshi 孝. (2011). 『兼滿漢語滿洲套話清文啓蒙』満洲文字注音一覧表. KOTONOHA, (101). Data extracted from the Qing instructional source 兼滿漢語滿洲套話清文啓蒙 (1763).",『兼滿漢語滿洲套話清文啓蒙』満洲文字注音一覧表,竹越 孝 / Takekoshi Takeshi,2011,兼滿漢語滿洲套話清文啓蒙,1763,歇,hiye,ᡥᡳᠶᡝ,χijə,x,ie,,3,歇 hiye,歇
manju-hergen-takekoshi-2011,mandarin,Mandarin,Manchu script transcription of Mandarin,ᠮᠠᠨᠵᡠ ᡥᡝᡵᡤᡝᠨ Manju Hergen,"Takekoshi 竹越, Takeshi 孝. (2011). 『兼滿漢語滿洲套話清文啓蒙』満洲文字注音一覧表. KOTONOHA, (101).","Takekoshi 竹越, Takeshi 孝. (2011). 『兼滿漢語滿洲套話清文啓蒙』満洲文字注音一覧表. KOTONOHA, (101). Data extracted from the Qing instructional source 兼滿漢語滿洲套話清文啓蒙 (1763).",『兼滿漢語滿洲套話清文啓蒙』満洲文字注音一覧表,竹越 孝 / Takekoshi Takeshi,2011,兼滿漢語滿洲套話清文啓蒙,1763,也,ye,ᠶᡝ,jə,y,ie,114,3,也 ye 114,也
manju-hergen-takekoshi-2011,mandarin,Mandarin,Manchu script transcription of Mandarin,ᠮᠠᠨᠵᡠ ᡥᡝᡵᡤᡝᠨ Manju Hergen,"Takekoshi 竹越, Takeshi 孝. (2011). 『兼滿漢語滿洲套話清文啓蒙』満洲文字注音一覧表. KOTONOHA, (101).","Takekoshi 竹越, Takeshi 孝. (2011). 『兼滿漢語滿洲套話清文啓蒙』満洲文字注音一覧表. KOTONOHA, (101). Data extracted from the Qing instructional source 兼滿漢語滿洲套話清文啓蒙 (1763).",『兼滿漢語滿洲套話清文啓蒙』満洲文字注音一覧表,竹越 孝 / Takekoshi Takeshi,2011,兼滿漢語滿洲套話清文啓蒙,1763,爺,ye,ᠶᡝ,jə,y,ie,4,3,爺 ye 4,爺
manju-hergen-takekoshi-2011,mandarin,Mandarin,Manchu script transcription of Mandarin,ᠮᠠᠨᠵᡠ ᡥᡝᡵᡤᡝᠨ Manju Hergen,"Takekoshi 竹越, Takeshi 孝. (2011). 『兼滿漢語滿洲套話清文啓蒙』満洲文字注音一覧表. KOTONOHA, (101).","Takekoshi 竹越, Takeshi 孝. (2011). 『兼滿漢語滿洲套話清文啓蒙』満洲文字注音一覧表. KOTONOHA, (101). Data extracted from the Qing instructional source 兼滿漢語滿洲套話清文啓蒙 (1763).",『兼滿漢語滿洲套話清文啓蒙』満洲文字注音一覧表,竹越 孝 / Takekoshi Takeshi,2011,兼滿漢語滿洲套話清文啓蒙,1763,夜,ye,ᠶᡝ,jə,y,ie,3,3,夜 ye 3,夜
manju-hergen-takekoshi-2011,mandarin,Mandarin,Manchu script transcription of Mandarin,ᠮᠠᠨᠵᡠ ᡥᡝᡵᡤᡝᠨ Manju Hergen,"Takekoshi 竹越, Takeshi 孝. (2011). 『兼滿漢語滿洲套話清文啓蒙』満洲文字注音一覧表. KOTONOHA, (101).","Takekoshi 竹越, Takeshi 孝. (2011). 『兼滿漢語滿洲套話清文啓蒙』満洲文字注音一覧表. KOTONOHA, (101). Data extracted from the Qing instructional source 兼滿漢語滿洲套話清文啓蒙 (1763).",『兼滿漢語滿洲套話清文啓蒙』満洲文字注音一覧表,竹越 孝 / Takekoshi Takeshi,2011,兼滿漢語滿洲套話清文啓蒙,1763,葉,ye,ᠶᡝ,jə,y,ie,2,3,葉 ye 2,葉
manju-hergen-takekoshi-2011,mandarin,Mandarin,Manchu script transcription of Mandarin,ᠮᠠᠨᠵᡠ ᡥᡝᡵᡤᡝᠨ Manju Hergen,"Takekoshi 竹越, Takeshi 孝. (2011). 『兼滿漢語滿洲套話清文啓蒙』満洲文字注音一覧表. KOTONOHA, (101).","Takekoshi 竹越, Takeshi 孝. (2011). 『兼滿漢語滿洲套話清文啓蒙』満洲文字注音一覧表. KOTONOHA, (101). Data extracted from the Qing instructional source 兼滿漢語滿洲套話清文啓蒙 (1763).",『兼滿漢語滿洲套話清文啓蒙』満洲文字注音一覧表,竹越 孝 / Takekoshi Takeshi,2011,兼滿漢語滿洲套話清文啓蒙,1763,業,ye,ᠶᡝ,jə,y,ie,2,3,業 ye 2,業
manju-hergen-takekoshi-2011,mandarin,Mandarin,Manchu script transcription of Mandarin,ᠮᠠᠨᠵᡠ ᡥᡝᡵᡤᡝᠨ Manju Hergen,"Takekoshi 竹越, Takeshi 孝. (2011). 『兼滿漢語滿洲套話清文啓蒙』満洲文字注音一覧表. KOTONOHA, (101).","Takekoshi 竹越, Takeshi 孝. (2011). 『兼滿漢語滿洲套話清文啓蒙』満洲文字注音一覧表. KOTONOHA, (101). Data extracted from the Qing instructional source 兼滿漢語滿洲套話清文啓蒙 (1763).",『兼滿漢語滿洲套話清文啓蒙』満洲文字注音一覧表,竹越 孝 / Takekoshi Takeshi,2011,兼滿漢語滿洲套話清文啓蒙,1763,畧,liyoo,ᠯᡳᠶᠣᠣ,lijoo,l,üe,2,3,畧 liyoo 2,畧
manju-hergen-takekoshi-2011,mandarin,Mandarin,Manchu script transcription of Mandarin,ᠮᠠᠨᠵᡠ ᡥᡝᡵᡤᡝᠨ Manju Hergen,"Takekoshi 竹越, Takeshi 孝. (2011). 『兼滿漢語滿洲套話清文啓蒙』満洲文字注音一覧表. KOTONOHA, (101).","Takekoshi 竹越, Takeshi 孝. (2011). 『兼滿漢語滿洲套話清文啓蒙』満洲文字注音一覧表. KOTONOHA, (101). Data extracted from the Qing instructional source 兼滿漢語滿洲套話清文啓蒙 (1763).",『兼滿漢語滿洲套話清文啓蒙』満洲文字注音一覧表,竹越 孝 / Takekoshi Takeshi,2011,兼滿漢語滿洲套話清文啓蒙,1763,决,giowei,ᡤᡳᠣᠸᡝᡳ,qiowəi,j,üe,3,3,决 giowei 3,决
manju-hergen-takekoshi-2011,mandarin,Mandarin,Manchu script transcription of Mandarin,ᠮᠠᠨᠵᡠ ᡥᡝᡵᡤᡝᠨ Manju Hergen,"Takekoshi 竹越, Takeshi 孝. (2011). 『兼滿漢語滿洲套話清文啓蒙』満洲文字注音一覧表. KOTONOHA, (101).","Takekoshi 竹越, Takeshi 孝. (2011). 『兼滿漢語滿洲套話清文啓蒙』満洲文字注音一覧表. KOTONOHA, (101). Data extracted from the Qing instructional source 兼滿漢語滿洲套話清文啓蒙 (1763).",『兼滿漢語滿洲套話清文啓蒙』満洲文字注音一覧表,竹越 孝 / Takekoshi Takeshi,2011,兼滿漢語滿洲套話清文啓蒙,1763,斍,giyo,ᡤᡳᠶᠣ,qijo,j,üe,2,3,斍 giyo 2,斍
manju-hergen-takekoshi-2011,mandarin,Mandarin,Manchu script transcription of Mandarin,ᠮᠠᠨᠵᡠ ᡥᡝᡵᡤᡝᠨ Manju Hergen,"Takekoshi 竹越, Takeshi 孝. (2011). 『兼滿漢語滿洲套話清文啓蒙』満洲文字注音一覧表. KOTONOHA, (101).","Takekoshi 竹越, Takeshi 孝. (2011). 『兼滿漢語滿洲套話清文啓蒙』満洲文字注音一覧表. KOTONOHA, (101). Data extracted from the Qing instructional source 兼滿漢語滿洲套話清文啓蒙 (1763).",『兼滿漢語滿洲套話清文啓蒙』満洲文字注音一覧表,竹越 孝 / Takekoshi Takeshi,2011,兼滿漢語滿洲套話清文啓蒙,1763,確,kiyo,ᡴᡳᠶᠣ,qʰijo,q,üe,2,3,確 kiyo 2,確
manju-hergen-takekoshi-2011,mandarin,Mandarin,Manchu script transcription of Mandarin,ᠮᠠᠨᠵᡠ ᡥᡝᡵᡤᡝᠨ Manju Hergen,"Takekoshi 竹越, Takeshi 孝. (2011). 『兼滿漢語滿洲套話清文啓蒙』満洲文字注音一覧表. KOTONOHA, (101).","Takekoshi 竹越, Takeshi 孝. (2011). 『兼滿漢語滿洲套話清文啓蒙』満洲文字注音一覧表. KOTONOHA, (101). Data extracted from the Qing instructional source 兼滿漢語滿洲套話清文啓蒙 (1763).",『兼滿漢語滿洲套話清文啓蒙』満洲文字注音一覧表,竹越 孝 / Takekoshi Takeshi,2011,兼滿漢語滿洲套話清文啓蒙,1763,缺,kiowei,ᡴᡳᠣᠸᡝᡳ,qʰiowəi,q,üe,2,3,缺 kiowei 2,缺
manju-hergen-takekoshi-2011,mandarin,Mandarin,Manchu script transcription of Mandarin,ᠮᠠᠨᠵᡠ ᡥᡝᡵᡤᡝᠨ Manju Hergen,"Takekoshi 竹越, Takeshi 孝. (2011). 『兼滿漢語滿洲套話清文啓蒙』満洲文字注音一覧表. KOTONOHA, (101).","Takekoshi 竹越, Takeshi 孝. (2011). 『兼滿漢語滿洲套話清文啓蒙』満洲文字注音一覧表. KOTONOHA, (101). Data extracted from the Qing instructional source 兼滿漢語滿洲套話清文啓蒙 (1763).",『兼滿漢語滿洲套話清文啓蒙』満洲文字注音一覧表,竹越 孝 / Takekoshi Takeshi,2011,兼滿漢語滿洲套話清文啓蒙,1763,學,hiyo,ᡥᡳᠶᠣ,χijo,x,üe,20,3,學 / 斈 hiyo 20,學/斈
manju-hergen-takekoshi-2011,mandarin,Mandarin,Manchu script transcription of Mandarin,ᠮᠠᠨᠵᡠ ᡥᡝᡵᡤᡝᠨ Manju Hergen,"Takekoshi 竹越, Takeshi 孝. (2011). 『兼滿漢語滿洲套話清文啓蒙』満洲文字注音一覧表. KOTONOHA, (101).","Takekoshi 竹越, Takeshi 孝. (2011). 『兼滿漢語滿洲套話清文啓蒙』満洲文字注音一覧表. KOTONOHA, (101). Data extracted from the Qing instructional source 兼滿漢語滿洲套話清文啓蒙 (1763).",『兼滿漢語滿洲套話清文啓蒙』満洲文字注音一覧表,竹越 孝 / Takekoshi Takeshi,2011,兼滿漢語滿洲套話清文啓蒙,1763,斈,hiyo,ᡥᡳᠶᠣ,χijo,x,üe,20,3,學 / 斈 hiyo 20,學/斈
manju-hergen-takekoshi-2011,mandarin,Mandarin,Manchu script transcription of Mandarin,ᠮᠠᠨᠵᡠ ᡥᡝᡵᡤᡝᠨ Manju Hergen,"Takekoshi 竹越, Takeshi 孝. (2011). 『兼滿漢語滿洲套話清文啓蒙』満洲文字注音一覧表. KOTONOHA, (101).","Takekoshi 竹越, Takeshi 孝. (2011). 『兼滿漢語滿洲套話清文啓蒙』満洲文字注音一覧表. KOTONOHA, (101). Data extracted from the Qing instructional source 兼滿漢語滿洲套話清文啓蒙 (1763).",『兼滿漢語滿洲套話清文啓蒙』満洲文字注音一覧表,竹越 孝 / Takekoshi Takeshi,2011,兼滿漢語滿洲套話清文啓蒙,1763,月,yuwei,ᠶᡠᠸᡝᡳ,juwəi,y,üe,5,3,月 yuwei 5,月
manju-hergen-takekoshi-2011,mandarin,Mandarin,Manchu script transcription of Mandarin,ᠮᠠᠨᠵᡠ ᡥᡝᡵᡤᡝᠨ Manju Hergen,"Takekoshi 竹越, Takeshi 孝. (2011). 『兼滿漢語滿洲套話清文啓蒙』満洲文字注音一覧表. KOTONOHA, (101).","Takekoshi 竹越, Takeshi 孝. (2011). 『兼滿漢語滿洲套話清文啓蒙』満洲文字注音一覧表. KOTONOHA, (101). Data extracted from the Qing instructional source 兼滿漢語滿洲套話清文啓蒙 (1763).",『兼滿漢語滿洲套話清文啓蒙』満洲文字注音一覧表,竹越 孝 / Takekoshi Takeshi,2011,兼滿漢語滿洲套話清文啓蒙,1763,子,dz,ᡯ,ts,z,i［ɿ］,56,3,子 dz 56,子
manju-hergen-takekoshi-2011,mandarin,Mandarin,Manchu script transcription of Mandarin,ᠮᠠᠨᠵᡠ ᡥᡝᡵᡤᡝᠨ Manju Hergen,"Takekoshi 竹越, Takeshi 孝. (2011). 『兼滿漢語滿洲套話清文啓蒙』満洲文字注音一覧表. KOTONOHA, (101).","Takekoshi 竹越, Takeshi 孝. (2011). 『兼滿漢語滿洲套話清文啓蒙』満洲文字注音一覧表. KOTONOHA, (101). Data extracted from the Qing instructional source 兼滿漢語滿洲套話清文啓蒙 (1763).",『兼滿漢語滿洲套話清文啓蒙』満洲文字注音一覧表,竹越 孝 / Takekoshi Takeshi,2011,兼滿漢語滿洲套話清文啓蒙,1763,自,dz,ᡯ,ts,z,i［ɿ］,21,3,自 dz 21,自
manju-hergen-takekoshi-2011,mandarin,Mandarin,Manchu script transcription of Mandarin,ᠮᠠᠨᠵᡠ ᡥᡝᡵᡤᡝᠨ Manju Hergen,"Takekoshi 竹越, Takeshi 孝. (2011). 『兼滿漢語滿洲套話清文啓蒙』満洲文字注音一覧表. KOTONOHA, (101).","Takekoshi 竹越, Takeshi 孝. (2011). 『兼滿漢語滿洲套話清文啓蒙』満洲文字注音一覧表. KOTONOHA, (101). Data extracted from the Qing instructional source 兼滿漢語滿洲套話清文啓蒙 (1763).",『兼滿漢語滿洲套話清文啓蒙』満洲文字注音一覧表,竹越 孝 / Takekoshi Takeshi,2011,兼滿漢語滿洲套話清文啓蒙,1763,字,dz,ᡯ,ts,z,i［ɿ］,7,3,字 dz 7,字
manju-hergen-takekoshi-2011,mandarin,Mandarin,Manchu script transcription of Mandarin,ᠮᠠᠨᠵᡠ ᡥᡝᡵᡤᡝᠨ Manju Hergen,"Takekoshi 竹越, Takeshi 孝. (2011). 『兼滿漢語滿洲套話清文啓蒙』満洲文字注音一覧表. KOTONOHA, (101).","Takekoshi 竹越, Takeshi 孝. (2011). 『兼滿漢語滿洲套話清文啓蒙』満洲文字注音一覧表. KOTONOHA, (101). Data extracted from the Qing instructional source 兼滿漢語滿洲套話清文啓蒙 (1763).",『兼滿漢語滿洲套話清文啓蒙』満洲文字注音一覧表,竹越 孝 / Takekoshi Takeshi,2011,兼滿漢語滿洲套話清文啓蒙,1763,仔,dz,ᡯ,ts,z,i［ɿ］,2,3,仔 dz 2,仔
manju-hergen-takekoshi-2011,mandarin,Mandarin,Manchu script transcription of Mandarin,ᠮᠠᠨᠵᡠ ᡥᡝᡵᡤᡝᠨ Manju Hergen,"Takekoshi 竹越, Takeshi 孝. (2011). 『兼滿漢語滿洲套話清文啓蒙』満洲文字注音一覧表. KOTONOHA, (101).","Takekoshi 竹越, Takeshi 孝. (2011). 『兼滿漢語滿洲套話清文啓蒙』満洲文字注音一覧表. KOTONOHA, (101). Data extracted from the Qing instructional source 兼滿漢語滿洲套話清文啓蒙 (1763).",『兼滿漢語滿洲套話清文啓蒙』満洲文字注音一覧表,竹越 孝 / Takekoshi Takeshi,2011,兼滿漢語滿洲套話清文啓蒙,1763,此,ts’y,ᡮᡟ,tsʰɨ,c,i［ɿ］,20,3,此 ts’y 20,此
manju-hergen-takekoshi-2011,mandarin,Mandarin,Manchu script transcription of Mandarin,ᠮᠠᠨᠵᡠ ᡥᡝᡵᡤᡝᠨ Manju Hergen,"Takekoshi 竹越, Takeshi 孝. (2011). 『兼滿漢語滿洲套話清文啓蒙』満洲文字注音一覧表. KOTONOHA, (101).","Takekoshi 竹越, Takeshi 孝. (2011). 『兼滿漢語滿洲套話清文啓蒙』満洲文字注音一覧表. KOTONOHA, (101). Data extracted from the Qing instructional source 兼滿漢語滿洲套話清文啓蒙 (1763).",『兼滿漢語滿洲套話清文啓蒙』満洲文字注音一覧表,竹越 孝 / Takekoshi Takeshi,2011,兼滿漢語滿洲套話清文啓蒙,1763,次,ts’y,ᡮᡟ,tsʰɨ,c,i［ɿ］,5,3,次 ts’y 5,次
manju-hergen-takekoshi-2011,mandarin,Mandarin,Manchu script transcription of Mandarin,ᠮᠠᠨᠵᡠ ᡥᡝᡵᡤᡝᠨ Manju Hergen,"Takekoshi 竹越, Takeshi 孝. (2011). 『兼滿漢語滿洲套話清文啓蒙』満洲文字注音一覧表. KOTONOHA, (101).","Takekoshi 竹越, Takeshi 孝. (2011). 『兼滿漢語滿洲套話清文啓蒙』満洲文字注音一覧表. KOTONOHA, (101). Data extracted from the Qing instructional source 兼滿漢語滿洲套話清文啓蒙 (1763).",『兼滿漢語滿洲套話清文啓蒙』満洲文字注音一覧表,竹越 孝 / Takekoshi Takeshi,2011,兼滿漢語滿洲套話清文啓蒙,1763,辞,ts’y,ᡮᡟ,tsʰɨ,c,i［ɿ］,3,3,辞 ts’y 3,辞
manju-hergen-takekoshi-2011,mandarin,Mandarin,Manchu script transcription of Mandarin,ᠮᠠᠨᠵᡠ ᡥᡝᡵᡤᡝᠨ Manju Hergen,"Takekoshi 竹越, Takeshi 孝. (2011). 『兼滿漢語滿洲套話清文啓蒙』満洲文字注音一覧表. KOTONOHA, (101).","Takekoshi 竹越, Takeshi 孝. (2011). 『兼滿漢語滿洲套話清文啓蒙』満洲文字注音一覧表. KOTONOHA, (101). Data extracted from the Qing instructional source 兼滿漢語滿洲套話清文啓蒙 (1763).",『兼滿漢語滿洲套話清文啓蒙』満洲文字注音一覧表,竹越 孝 / Takekoshi Takeshi,2011,兼滿漢語滿洲套話清文啓蒙,1763,思,sy,ᠰᡟ,sɨ,s,i［ɿ］,5,3,思 sy 5,思
manju-hergen-takekoshi-2011,mandarin,Mandarin,Manchu script transcription of Mandarin,ᠮᠠᠨᠵᡠ ᡥᡝᡵᡤᡝᠨ Manju Hergen,"Takekoshi 竹越, Takeshi 孝. (2011). 『兼滿漢語滿洲套話清文啓蒙』満洲文字注音一覧表. KOTONOHA, (101).","Takekoshi 竹越, Takeshi 孝. (2011). 『兼滿漢語滿洲套話清文啓蒙』満洲文字注音一覧表. KOTONOHA, (101). Data extracted from the Qing instructional source 兼滿漢語滿洲套話清文啓蒙 (1763).",『兼滿漢語滿洲套話清文啓蒙』満洲文字注音一覧表,竹越 孝 / Takekoshi Takeshi,2011,兼滿漢語滿洲套話清文啓蒙,1763,私,sy,ᠰᡟ,sɨ,s,i［ɿ］,3,3,私 sy 3,私
manju-hergen-takekoshi-2011,mandarin,Mandarin,Manchu script transcription of Mandarin,ᠮᠠᠨᠵᡠ ᡥᡝᡵᡤᡝᠨ Manju Hergen,"Takekoshi 竹越, Takeshi 孝. (2011). 『兼滿漢語滿洲套話清文啓蒙』満洲文字注音一覧表. KOTONOHA, (101).","Takekoshi 竹越, Takeshi 孝. (2011). 『兼滿漢語滿洲套話清文啓蒙』満洲文字注音一覧表. KOTONOHA, (101). Data extracted from the Qing instructional source 兼滿漢語滿洲套話清文啓蒙 (1763).",『兼滿漢語滿洲套話清文啓蒙』満洲文字注音一覧表,竹越 孝 / Takekoshi Takeshi,2011,兼滿漢語滿洲套話清文啓蒙,1763,四,sy,ᠰᡟ,sɨ,s,i［ɿ］,3,3,四 sy 3,四
manju-hergen-takekoshi-2011,mandarin,Mandarin,Manchu script transcription of Mandarin,ᠮᠠᠨᠵᡠ ᡥᡝᡵᡤᡝᠨ Manju Hergen,"Takekoshi 竹越, Takeshi 孝. (2011). 『兼滿漢語滿洲套話清文啓蒙』満洲文字注音一覧表. KOTONOHA, (101).","Takekoshi 竹越, Takeshi 孝. (2011). 『兼滿漢語滿洲套話清文啓蒙』満洲文字注音一覧表. KOTONOHA, (101). Data extracted from the Qing instructional source 兼滿漢語滿洲套話清文啓蒙 (1763).",『兼滿漢語滿洲套話清文啓蒙』満洲文字注音一覧表,竹越 孝 / Takekoshi Takeshi,2011,兼滿漢語滿洲套話清文啓蒙,1763,似,sy,ᠰᡟ,sɨ,s,i［ɿ］,2,3,似 sy 2,似
manju-hergen-takekoshi-2011,mandarin,Mandarin,Manchu script transcription of Mandarin,ᠮᠠᠨᠵᡠ ᡥᡝᡵᡤᡝᠨ Manju Hergen,"Takekoshi 竹越, Takeshi 孝. (2011). 『兼滿漢語滿洲套話清文啓蒙』満洲文字注音一覧表. KOTONOHA, (101).","Takekoshi 竹越, Takeshi 孝. (2011). 『兼滿漢語滿洲套話清文啓蒙』満洲文字注音一覧表. KOTONOHA, (101). Data extracted from the Qing instructional source 兼滿漢語滿洲套話清文啓蒙 (1763).",『兼滿漢語滿洲套話清文啓蒙』満洲文字注音一覧表,竹越 孝 / Takekoshi Takeshi,2011,兼滿漢語滿洲套話清文啓蒙,1763,死,sy,ᠰᡟ,sɨ,s,i［ɿ］,2,3,死 sy 2,死
manju-hergen-takekoshi-2011,mandarin,Mandarin,Manchu script transcription of Mandarin,ᠮᠠᠨᠵᡠ ᡥᡝᡵᡤᡝᠨ Manju Hergen,"Takekoshi 竹越, Takeshi 孝. (2011). 『兼滿漢語滿洲套話清文啓蒙』満洲文字注音一覧表. KOTONOHA, (101).","Takekoshi 竹越, Takeshi 孝. (2011). 『兼滿漢語滿洲套話清文啓蒙』満洲文字注音一覧表. KOTONOHA, (101). Data extracted from the Qing instructional source 兼滿漢語滿洲套話清文啓蒙 (1763).",『兼滿漢語滿洲套話清文啓蒙』満洲文字注音一覧表,竹越 孝 / Takekoshi Takeshi,2011,兼滿漢語滿洲套話清文啓蒙,1763,厮,sy,ᠰᡟ,sɨ,s,i［ɿ］,,3,厮 sy,厮
manju-hergen-takekoshi-2011,mandarin,Mandarin,Manchu script transcription of Mandarin,ᠮᠠᠨᠵᡠ ᡥᡝᡵᡤᡝᠨ Manju Hergen,"Takekoshi 竹越, Takeshi 孝. (2011). 『兼滿漢語滿洲套話清文啓蒙』満洲文字注音一覧表. KOTONOHA, (101).","Takekoshi 竹越, Takeshi 孝. (2011). 『兼滿漢語滿洲套話清文啓蒙』満洲文字注音一覧表. KOTONOHA, (101). Data extracted from the Qing instructional source 兼滿漢語滿洲套話清文啓蒙 (1763).",『兼滿漢語滿洲套話清文啓蒙』満洲文字注音一覧表,竹越 孝 / Takekoshi Takeshi,2011,兼滿漢語滿洲套話清文啓蒙,1763,只,dz,ᡯ,ts,zh,i［ʅ］,31,3,只 dz 31 / jy 9,只
manju-hergen-takekoshi-2011,mandarin,Mandarin,Manchu script transcription of Mandarin,ᠮᠠᠨᠵᡠ ᡥᡝᡵᡤᡝᠨ Manju Hergen,"Takekoshi 竹越, Takeshi 孝. (2011). 『兼滿漢語滿洲套話清文啓蒙』満洲文字注音一覧表. KOTONOHA, (101).","Takekoshi 竹越, Takeshi 孝. (2011). 『兼滿漢語滿洲套話清文啓蒙』満洲文字注音一覧表. KOTONOHA, (101). Data extracted from the Qing instructional source 兼滿漢語滿洲套話清文啓蒙 (1763).",『兼滿漢語滿洲套話清文啓蒙』満洲文字注音一覧表,竹越 孝 / Takekoshi Takeshi,2011,兼滿漢語滿洲套話清文啓蒙,1763,只,jy,ᡷᡳ,tʂɨ,zh,i［ʅ］,9,3,只 dz 31 / jy 9,只
manju-hergen-takekoshi-2011,mandarin,Mandarin,Manchu script transcription of Mandarin,ᠮᠠᠨᠵᡠ ᡥᡝᡵᡤᡝᠨ Manju Hergen,"Takekoshi 竹越, Takeshi 孝. (2011). 『兼滿漢語滿洲套話清文啓蒙』満洲文字注音一覧表. KOTONOHA, (101).","Takekoshi 竹越, Takeshi 孝. (2011). 『兼滿漢語滿洲套話清文啓蒙』満洲文字注音一覧表. KOTONOHA, (101). Data extracted from the Qing instructional source 兼滿漢語滿洲套話清文啓蒙 (1763).",『兼滿漢語滿洲套話清文啓蒙』満洲文字注音一覧表,竹越 孝 / Takekoshi Takeshi,2011,兼滿漢語滿洲套話清文啓蒙,1763,知,jy,ᡷᡳ,tʂɨ,zh,i［ʅ］,38,3,知 jy 38,知
manju-hergen-takekoshi-2011,mandarin,Mandarin,Manchu script transcription of Mandarin,ᠮᠠᠨᠵᡠ ᡥᡝᡵᡤᡝᠨ Manju Hergen,"Takekoshi 竹越, Takeshi 孝. (2011). 『兼滿漢語滿洲套話清文啓蒙』満洲文字注音一覧表. KOTONOHA, (101).","Takekoshi 竹越, Takeshi 孝. (2011). 『兼滿漢語滿洲套話清文啓蒙』満洲文字注音一覧表. KOTONOHA, (101). Data extracted from the Qing instructional source 兼滿漢語滿洲套話清文啓蒙 (1763).",『兼滿漢語滿洲套話清文啓蒙』満洲文字注音一覧表,竹越 孝 / Takekoshi Takeshi,2011,兼滿漢語滿洲套話清文啓蒙,1763,之,jy,ᡷᡳ,tʂɨ,zh,i［ʅ］,27,3,之 jy 27,之
manju-hergen-takekoshi-2011,mandarin,Mandarin,Manchu script transcription of Mandarin,ᠮᠠᠨᠵᡠ ᡥᡝᡵᡤᡝᠨ Manju Hergen,"Takekoshi 竹越, Takeshi 孝. (2011). 『兼滿漢語滿洲套話清文啓蒙』満洲文字注音一覧表. KOTONOHA, (101).","Takekoshi 竹越, Takeshi 孝. (2011). 『兼滿漢語滿洲套話清文啓蒙』満洲文字注音一覧表. KOTONOHA, (101). Data extracted from the Qing instructional source 兼滿漢語滿洲套話清文啓蒙 (1763).",『兼滿漢語滿洲套話清文啓蒙』満洲文字注音一覧表,竹越 孝 / Takekoshi Takeshi,2011,兼滿漢語滿洲套話清文啓蒙,1763,至,jy,ᡷᡳ,tʂɨ,zh,i［ʅ］,5,3,至 jy 5,至
manju-hergen-takekoshi-2011,mandarin,Mandarin,Manchu script transcription of Mandarin,ᠮᠠᠨᠵᡠ ᡥᡝᡵᡤᡝᠨ Manju Hergen,"Takekoshi 竹越, Takeshi 孝. (2011). 『兼滿漢語滿洲套話清文啓蒙』満洲文字注音一覧表. KOTONOHA, (101).","Takekoshi 竹越, Takeshi 孝. (2011). 『兼滿漢語滿洲套話清文啓蒙』満洲文字注音一覧表. KOTONOHA, (101). Data extracted from the Qing instructional source 兼滿漢語滿洲套話清文啓蒙 (1763).",『兼滿漢語滿洲套話清文啓蒙』満洲文字注音一覧表,竹越 孝 / Takekoshi Takeshi,2011,兼滿漢語滿洲套話清文啓蒙,1763,支,jy,ᡷᡳ,tʂɨ,zh,i［ʅ］,3,3,支 jy 3,支
manju-hergen-takekoshi-2011,mandarin,Mandarin,Manchu script transcription of Mandarin,ᠮᠠᠨᠵᡠ ᡥᡝᡵᡤᡝᠨ Manju Hergen,"Takekoshi 竹越, Takeshi 孝. (2011). 『兼滿漢語滿洲套話清文啓蒙』満洲文字注音一覧表. KOTONOHA, (101).","Takekoshi 竹越, Takeshi 孝. (2011). 『兼滿漢語滿洲套話清文啓蒙』満洲文字注音一覧表. KOTONOHA, (101). Data extracted from the Qing instructional source 兼滿漢語滿洲套話清文啓蒙 (1763).",『兼滿漢語滿洲套話清文啓蒙』満洲文字注音一覧表,竹越 孝 / Takekoshi Takeshi,2011,兼滿漢語滿洲套話清文啓蒙,1763,直,jy,ᡷᡳ,tʂɨ,zh,i［ʅ］,2,3,直 jy 2,直
manju-hergen-takekoshi-2011,mandarin,Mandarin,Manchu script transcription of Mandarin,ᠮᠠᠨᠵᡠ ᡥᡝᡵᡤᡝᠨ Manju Hergen,"Takekoshi 竹越, Takeshi 孝. (2011). 『兼滿漢語滿洲套話清文啓蒙』満洲文字注音一覧表. KOTONOHA, (101).","Takekoshi 竹越, Takeshi 孝. (2011). 『兼滿漢語滿洲套話清文啓蒙』満洲文字注音一覧表. KOTONOHA, (101). Data extracted from the Qing instructional source 兼滿漢語滿洲套話清文啓蒙 (1763).",『兼滿漢語滿洲套話清文啓蒙』満洲文字注音一覧表,竹越 孝 / Takekoshi Takeshi,2011,兼滿漢語滿洲套話清文啓蒙,1763,止,jy,ᡷᡳ,tʂɨ,zh,i［ʅ］,2,3,止 jy 2,止
manju-hergen-takekoshi-2011,mandarin,Mandarin,Manchu script transcription of Mandarin,ᠮᠠᠨᠵᡠ ᡥᡝᡵᡤᡝᠨ Manju Hergen,"Takekoshi 竹越, Takeshi 孝. (2011). 『兼滿漢語滿洲套話清文啓蒙』満洲文字注音一覧表. KOTONOHA, (101).","Takekoshi 竹越, Takeshi 孝. (2011). 『兼滿漢語滿洲套話清文啓蒙』満洲文字注音一覧表. KOTONOHA, (101). Data extracted from the Qing instructional source 兼滿漢語滿洲套話清文啓蒙 (1763).",『兼滿漢語滿洲套話清文啓蒙』満洲文字注音一覧表,竹越 孝 / Takekoshi Takeshi,2011,兼滿漢語滿洲套話清文啓蒙,1763,指,jy,ᡷᡳ,tʂɨ,zh,i［ʅ］,2,3,指 jy 2,指
manju-hergen-takekoshi-2011,mandarin,Mandarin,Manchu script transcription of Mandarin,ᠮᠠᠨᠵᡠ ᡥᡝᡵᡤᡝᠨ Manju Hergen,"Takekoshi 竹越, Takeshi 孝. (2011). 『兼滿漢語滿洲套話清文啓蒙』満洲文字注音一覧表. KOTONOHA, (101).","Takekoshi 竹越, Takeshi 孝. (2011). 『兼滿漢語滿洲套話清文啓蒙』満洲文字注音一覧表. KOTONOHA, (101). Data extracted from the Qing instructional source 兼滿漢語滿洲套話清文啓蒙 (1763).",『兼滿漢語滿洲套話清文啓蒙』満洲文字注音一覧表,竹越 孝 / Takekoshi Takeshi,2011,兼滿漢語滿洲套話清文啓蒙,1763,致,jy,ᡷᡳ,tʂɨ,zh,i［ʅ］,,3,致 jy,致
manju-hergen-takekoshi-2011,mandarin,Mandarin,Manchu script transcription of Mandarin,ᠮᠠᠨᠵᡠ ᡥᡝᡵᡤᡝᠨ Manju Hergen,"Takekoshi 竹越, Takeshi 孝. (2011). 『兼滿漢語滿洲套話清文啓蒙』満洲文字注音一覧表. KOTONOHA, (101).","Takekoshi 竹越, Takeshi 孝. (2011). 『兼滿漢語滿洲套話清文啓蒙』満洲文字注音一覧表. KOTONOHA, (101). Data extracted from the Qing instructional source 兼滿漢語滿洲套話清文啓蒙 (1763).",『兼滿漢語滿洲套話清文啓蒙』満洲文字注音一覧表,竹越 孝 / Takekoshi Takeshi,2011,兼滿漢語滿洲套話清文啓蒙,1763,制,jy,ᡷᡳ,tʂɨ,zh,i［ʅ］,,3,制 jy,制
manju-hergen-takekoshi-2011,mandarin,Mandarin,Manchu script transcription of Mandarin,ᠮᠠᠨᠵᡠ ᡥᡝᡵᡤᡝᠨ Manju Hergen,"Takekoshi 竹越, Takeshi 孝. (2011). 『兼滿漢語滿洲套話清文啓蒙』満洲文字注音一覧表. KOTONOHA, (101).","Takekoshi 竹越, Takeshi 孝. (2011). 『兼滿漢語滿洲套話清文啓蒙』満洲文字注音一覧表. KOTONOHA, (101). Data extracted from the Qing instructional source 兼滿漢語滿洲套話清文啓蒙 (1763).",『兼滿漢語滿洲套話清文啓蒙』満洲文字注音一覧表,竹越 孝 / Takekoshi Takeshi,2011,兼滿漢語滿洲套話清文啓蒙,1763,紙,jy,ᡷᡳ,tʂɨ,zh,i［ʅ］,,3,紙 jy,紙
manju-hergen-takekoshi-2011,mandarin,Mandarin,Manchu script transcription of Mandarin,ᠮᠠᠨᠵᡠ ᡥᡝᡵᡤᡝᠨ Manju Hergen,"Takekoshi 竹越, Takeshi 孝. (2011). 『兼滿漢語滿洲套話清文啓蒙』満洲文字注音一覧表. KOTONOHA, (101).","Takekoshi 竹越, Takeshi 孝. (2011). 『兼滿漢語滿洲套話清文啓蒙』満洲文字注音一覧表. KOTONOHA, (101). Data extracted from the Qing instructional source 兼滿漢語滿洲套話清文啓蒙 (1763).",『兼滿漢語滿洲套話清文啓蒙』満洲文字注音一覧表,竹越 孝 / Takekoshi Takeshi,2011,兼滿漢語滿洲套話清文啓蒙,1763,吃,c’y,ᡱᡳ,tʂʰɨ,ch,i［ʅ］,27,3,吃 c’y 27,吃
manju-hergen-takekoshi-2011,mandarin,Mandarin,Manchu script transcription of Mandarin,ᠮᠠᠨᠵᡠ ᡥᡝᡵᡤᡝᠨ Manju Hergen,"Takekoshi 竹越, Takeshi 孝. (2011). 『兼滿漢語滿洲套話清文啓蒙』満洲文字注音一覧表. KOTONOHA, (101).","Takekoshi 竹越, Takeshi 孝. (2011). 『兼滿漢語滿洲套話清文啓蒙』満洲文字注音一覧表. KOTONOHA, (101). Data extracted from the Qing instructional source 兼滿漢語滿洲套話清文啓蒙 (1763).",『兼滿漢語滿洲套話清文啓蒙』満洲文字注音一覧表,竹越 孝 / Takekoshi Takeshi,2011,兼滿漢語滿洲套話清文啓蒙,1763,遅,c’y,ᡱᡳ,tʂʰɨ,ch,i［ʅ］,4,3,遅 c’y 4,遅
manju-hergen-takekoshi-2011,mandarin,Mandarin,Manchu script transcription of Mandarin,ᠮᠠᠨᠵᡠ ᡥᡝᡵᡤᡝᠨ Manju Hergen,"Takekoshi 竹越, Takeshi 孝. (2011). 『兼滿漢語滿洲套話清文啓蒙』満洲文字注音一覧表. KOTONOHA, (101).","Takekoshi 竹越, Takeshi 孝. (2011). 『兼滿漢語滿洲套話清文啓蒙』満洲文字注音一覧表. KOTONOHA, (101). Data extracted from the Qing instructional source 兼滿漢語滿洲套話清文啓蒙 (1763).",『兼滿漢語滿洲套話清文啓蒙』満洲文字注音一覧表,竹越 孝 / Takekoshi Takeshi,2011,兼滿漢語滿洲套話清文啓蒙,1763,痴,c’y,ᡱᡳ,tʂʰɨ,ch,i［ʅ］,,3,痴 c’y,痴
manju-hergen-takekoshi-2011,mandarin,Mandarin,Manchu script transcription of Mandarin,ᠮᠠᠨᠵᡠ ᡥᡝᡵᡤᡝᠨ Manju Hergen,"Takekoshi 竹越, Takeshi 孝. (2011). 『兼滿漢語滿洲套話清文啓蒙』満洲文字注音一覧表. KOTONOHA, (101).","Takekoshi 竹越, Takeshi 孝. (2011). 『兼滿漢語滿洲套話清文啓蒙』満洲文字注音一覧表. KOTONOHA, (101). Data extracted from the Qing instructional source 兼滿漢語滿洲套話清文啓蒙 (1763).",『兼滿漢語滿洲套話清文啓蒙』満洲文字注音一覧表,竹越 孝 / Takekoshi Takeshi,2011,兼滿漢語滿洲套話清文啓蒙,1763,是,ši,ᡧᡳ,ʃi,sh,i［ʅ］,267,3,是 ši 267 / si,是
manju-hergen-takekoshi-2011,mandarin,Mandarin,Manchu script transcription of Mandarin,ᠮᠠᠨᠵᡠ ᡥᡝᡵᡤᡝᠨ Manju Hergen,"Takekoshi 竹越, Takeshi 孝. (2011). 『兼滿漢語滿洲套話清文啓蒙』満洲文字注音一覧表. KOTONOHA, (101).","Takekoshi 竹越, Takeshi 孝. (2011). 『兼滿漢語滿洲套話清文啓蒙』満洲文字注音一覧表. KOTONOHA, (101). Data extracted from the Qing instructional source 兼滿漢語滿洲套話清文啓蒙 (1763).",『兼滿漢語滿洲套話清文啓蒙』満洲文字注音一覧表,竹越 孝 / Takekoshi Takeshi,2011,兼滿漢語滿洲套話清文啓蒙,1763,是,si,ᠰᡳ,si,sh,i［ʅ］,,3,是 ši 267 / si,是
manju-hergen-takekoshi-2011,mandarin,Mandarin,Manchu script transcription of Mandarin,ᠮᠠᠨᠵᡠ ᡥᡝᡵᡤᡝᠨ Manju Hergen,"Takekoshi 竹越, Takeshi 孝. (2011). 『兼滿漢語滿洲套話清文啓蒙』満洲文字注音一覧表. KOTONOHA, (101).","Takekoshi 竹越, Takeshi 孝. (2011). 『兼滿漢語滿洲套話清文啓蒙』満洲文字注音一覧表. KOTONOHA, (101). Data extracted from the Qing instructional source 兼滿漢語滿洲套話清文啓蒙 (1763).",『兼滿漢語滿洲套話清文啓蒙』満洲文字注音一覧表,竹越 孝 / Takekoshi Takeshi,2011,兼滿漢語滿洲套話清文啓蒙,1763,事,sy,ᠰᡟ,sɨ,sh,i［ʅ］,67,3,事 sy 67 / ši 5,事
manju-hergen-takekoshi-2011,mandarin,Mandarin,Manchu script transcription of Mandarin,ᠮᠠᠨᠵᡠ ᡥᡝᡵᡤᡝᠨ Manju Hergen,"Takekoshi 竹越, Takeshi 孝. (2011). 『兼滿漢語滿洲套話清文啓蒙』満洲文字注音一覧表. KOTONOHA, (101).","Takekoshi 竹越, Takeshi 孝. (2011). 『兼滿漢語滿洲套話清文啓蒙』満洲文字注音一覧表. KOTONOHA, (101). Data extracted from the Qing instructional source 兼滿漢語滿洲套話清文啓蒙 (1763).",『兼滿漢語滿洲套話清文啓蒙』満洲文字注音一覧表,竹越 孝 / Takekoshi Takeshi,2011,兼滿漢語滿洲套話清文啓蒙,1763,事,ši,ᡧᡳ,ʃi,sh,i［ʅ］,5,3,事 sy 67 / ši 5,事
manju-hergen-takekoshi-2011,mandarin,Mandarin,Manchu script transcription of Mandarin,ᠮᠠᠨᠵᡠ ᡥᡝᡵᡤᡝᠨ Manju Hergen,"Takekoshi 竹越, Takeshi 孝. (2011). 『兼滿漢語滿洲套話清文啓蒙』満洲文字注音一覧表. KOTONOHA, (101).","Takekoshi 竹越, Takeshi 孝. (2011). 『兼滿漢語滿洲套話清文啓蒙』満洲文字注音一覧表. KOTONOHA, (101). Data extracted from the Qing instructional source 兼滿漢語滿洲套話清文啓蒙 (1763).",『兼滿漢語滿洲套話清文啓蒙』満洲文字注音一覧表,竹越 孝 / Takekoshi Takeshi,2011,兼滿漢語滿洲套話清文啓蒙,1763,什,ši,ᡧᡳ,ʃi,sh,i［ʅ］,67,3,什 ši 67,什
manju-hergen-takekoshi-2011,mandarin,Mandarin,Manchu script transcription of Mandarin,ᠮᠠᠨᠵᡠ ᡥᡝᡵᡤᡝᠨ Manju Hergen,"Takekoshi 竹越, Takeshi 孝. (2011). 『兼滿漢語滿洲套話清文啓蒙』満洲文字注音一覧表. KOTONOHA, (101).","Takekoshi 竹越, Takeshi 孝. (2011). 『兼滿漢語滿洲套話清文啓蒙』満洲文字注音一覧表. KOTONOHA, (101). Data extracted from the Qing instructional source 兼滿漢語滿洲套話清文啓蒙 (1763).",『兼滿漢語滿洲套話清文啓蒙』満洲文字注音一覧表,竹越 孝 / Takekoshi Takeshi,2011,兼滿漢語滿洲套話清文啓蒙,1763,使,ši,ᡧᡳ,ʃi,sh,i［ʅ］,30,3,使 ši 30,使
manju-hergen-takekoshi-2011,mandarin,Mandarin,Manchu script transcription of Mandarin,ᠮᠠᠨᠵᡠ ᡥᡝᡵᡤᡝᠨ Manju Hergen,"Takekoshi 竹越, Takeshi 孝. (2011). 『兼滿漢語滿洲套話清文啓蒙』満洲文字注音一覧表. KOTONOHA, (101).","Takekoshi 竹越, Takeshi 孝. (2011). 『兼滿漢語滿洲套話清文啓蒙』満洲文字注音一覧表. KOTONOHA, (101). Data extracted from the Qing instructional source 兼滿漢語滿洲套話清文啓蒙 (1763).",『兼滿漢語滿洲套話清文啓蒙』満洲文字注音一覧表,竹越 孝 / Takekoshi Takeshi,2011,兼滿漢語滿洲套話清文啓蒙,1763,時,ši,ᡧᡳ,ʃi,sh,i［ʅ］,28,3,時 ši 28,時
manju-hergen-takekoshi-2011,mandarin,Mandarin,Manchu script transcription of Mandarin,ᠮᠠᠨᠵᡠ ᡥᡝᡵᡤᡝᠨ Manju Hergen,"Takekoshi 竹越, Takeshi 孝. (2011). 『兼滿漢語滿洲套話清文啓蒙』満洲文字注音一覧表. KOTONOHA, (101).","Takekoshi 竹越, Takeshi 孝. (2011). 『兼滿漢語滿洲套話清文啓蒙』満洲文字注音一覧表. KOTONOHA, (101). Data extracted from the Qing instructional source 兼滿漢語滿洲套話清文啓蒙 (1763).",『兼滿漢語滿洲套話清文啓蒙』満洲文字注音一覧表,竹越 孝 / Takekoshi Takeshi,2011,兼滿漢語滿洲套話清文啓蒙,1763,實,ši,ᡧᡳ,ʃi,sh,i［ʅ］,18,3,實 / 寔 ši 18,實/寔
manju-hergen-takekoshi-2011,mandarin,Mandarin,Manchu script transcription of Mandarin,ᠮᠠᠨᠵᡠ ᡥᡝᡵᡤᡝᠨ Manju Hergen,"Takekoshi 竹越, Takeshi 孝. (2011). 『兼滿漢語滿洲套話清文啓蒙』満洲文字注音一覧表. KOTONOHA, (101).","Takekoshi 竹越, Takeshi 孝. (2011). 『兼滿漢語滿洲套話清文啓蒙』満洲文字注音一覧表. KOTONOHA, (101). Data extracted from the Qing instructional source 兼滿漢語滿洲套話清文啓蒙 (1763).",『兼滿漢語滿洲套話清文啓蒙』満洲文字注音一覧表,竹越 孝 / Takekoshi Takeshi,2011,兼滿漢語滿洲套話清文啓蒙,1763,寔,ši,ᡧᡳ,ʃi,sh,i［ʅ］,18,3,實 / 寔 ši 18,實/寔
manju-hergen-takekoshi-2011,mandarin,Mandarin,Manchu script transcription of Mandarin,ᠮᠠᠨᠵᡠ ᡥᡝᡵᡤᡝᠨ Manju Hergen,"Takekoshi 竹越, Takeshi 孝. (2011). 『兼滿漢語滿洲套話清文啓蒙』満洲文字注音一覧表. KOTONOHA, (101).","Takekoshi 竹越, Takeshi 孝. (2011). 『兼滿漢語滿洲套話清文啓蒙』満洲文字注音一覧表. KOTONOHA, (101). Data extracted from the Qing instructional source 兼滿漢語滿洲套話清文啓蒙 (1763).",『兼滿漢語滿洲套話清文啓蒙』満洲文字注音一覧表,竹越 孝 / Takekoshi Takeshi,2011,兼滿漢語滿洲套話清文啓蒙,1763,師,sy,ᠰᡟ,sɨ,sh,i［ʅ］,8,3,師 sy 8,師
manju-hergen-takekoshi-2011,mandarin,Mandarin,Manchu script transcription of Mandarin,ᠮᠠᠨᠵᡠ ᡥᡝᡵᡤᡝᠨ Manju Hergen,"Takekoshi 竹越, Takeshi 孝. (2011). 『兼滿漢語滿洲套話清文啓蒙』満洲文字注音一覧表. KOTONOHA, (101).","Takekoshi 竹越, Takeshi 孝. (2011). 『兼滿漢語滿洲套話清文啓蒙』満洲文字注音一覧表. KOTONOHA, (101). Data extracted from the Qing instructional source 兼滿漢語滿洲套話清文啓蒙 (1763).",『兼滿漢語滿洲套話清文啓蒙』満洲文字注音一覧表,竹越 孝 / Takekoshi Takeshi,2011,兼滿漢語滿洲套話清文啓蒙,1763,十,ši,ᡧᡳ,ʃi,sh,i［ʅ］,6,3,十 ši 6,十
manju-hergen-takekoshi-2011,mandarin,Mandarin,Manchu script transcription of Mandarin,ᠮᠠᠨᠵᡠ ᡥᡝᡵᡤᡝᠨ Manju Hergen,"Takekoshi 竹越, Takeshi 孝. (2011). 『兼滿漢語滿洲套話清文啓蒙』満洲文字注音一覧表. KOTONOHA, (101).","Takekoshi 竹越, Takeshi 孝. (2011). 『兼滿漢語滿洲套話清文啓蒙』満洲文字注音一覧表. KOTONOHA, (101). Data extracted from the Qing instructional source 兼滿漢語滿洲套話清文啓蒙 (1763).",『兼滿漢語滿洲套話清文啓蒙』満洲文字注音一覧表,竹越 孝 / Takekoshi Takeshi,2011,兼滿漢語滿洲套話清文啓蒙,1763,失,ši,ᡧᡳ,ʃi,sh,i［ʅ］,4,3,失 ši 4,失
manju-hergen-takekoshi-2011,mandarin,Mandarin,Manchu script transcription of Mandarin,ᠮᠠᠨᠵᡠ ᡥᡝᡵᡤᡝᠨ Manju Hergen,"Takekoshi 竹越, Takeshi 孝. (2011). 『兼滿漢語滿洲套話清文啓蒙』満洲文字注音一覧表. KOTONOHA, (101).","Takekoshi 竹越, Takeshi 孝. (2011). 『兼滿漢語滿洲套話清文啓蒙』満洲文字注音一覧表. KOTONOHA, (101). Data extracted from the Qing instructional source 兼滿漢語滿洲套話清文啓蒙 (1763).",『兼滿漢語滿洲套話清文啓蒙』満洲文字注音一覧表,竹越 孝 / Takekoshi Takeshi,2011,兼滿漢語滿洲套話清文啓蒙,1763,識,ši,ᡧᡳ,ʃi,sh,i［ʅ］,2,3,識 ši 2,識
manju-hergen-takekoshi-2011,mandarin,Mandarin,Manchu script transcription of Mandarin,ᠮᠠᠨᠵᡠ ᡥᡝᡵᡤᡝᠨ Manju Hergen,"Takekoshi 竹越, Takeshi 孝. (2011). 『兼滿漢語滿洲套話清文啓蒙』満洲文字注音一覧表. KOTONOHA, (101).","Takekoshi 竹越, Takeshi 孝. (2011). 『兼滿漢語滿洲套話清文啓蒙』満洲文字注音一覧表. KOTONOHA, (101). Data extracted from the Qing instructional source 兼滿漢語滿洲套話清文啓蒙 (1763).",『兼滿漢語滿洲套話清文啓蒙』満洲文字注音一覧表,竹越 孝 / Takekoshi Takeshi,2011,兼滿漢語滿洲套話清文啓蒙,1763,世,ši,ᡧᡳ,ʃi,sh,i［ʅ］,2,3,世 ši 2,世
manju-hergen-takekoshi-2011,mandarin,Mandarin,Manchu script transcription of Mandarin,ᠮᠠᠨᠵᡠ ᡥᡝᡵᡤᡝᠨ Manju Hergen,"Takekoshi 竹越, Takeshi 孝. (2011). 『兼滿漢語滿洲套話清文啓蒙』満洲文字注音一覧表. KOTONOHA, (101).","Takekoshi 竹越, Takeshi 孝. (2011). 『兼滿漢語滿洲套話清文啓蒙』満洲文字注音一覧表. KOTONOHA, (101). Data extracted from the Qing instructional source 兼滿漢語滿洲套話清文啓蒙 (1763).",『兼滿漢語滿洲套話清文啓蒙』満洲文字注音一覧表,竹越 孝 / Takekoshi Takeshi,2011,兼滿漢語滿洲套話清文啓蒙,1763,食,ši,ᡧᡳ,ʃi,sh,i［ʅ］,2,3,食 ši 2,食
manju-hergen-takekoshi-2011,mandarin,Mandarin,Manchu script transcription of Mandarin,ᠮᠠᠨᠵᡠ ᡥᡝᡵᡤᡝᠨ Manju Hergen,"Takekoshi 竹越, Takeshi 孝. (2011). 『兼滿漢語滿洲套話清文啓蒙』満洲文字注音一覧表. KOTONOHA, (101).","Takekoshi 竹越, Takeshi 孝. (2011). 『兼滿漢語滿洲套話清文啓蒙』満洲文字注音一覧表. KOTONOHA, (101). Data extracted from the Qing instructional source 兼滿漢語滿洲套話清文啓蒙 (1763).",『兼滿漢語滿洲套話清文啓蒙』満洲文字注音一覧表,竹越 孝 / Takekoshi Takeshi,2011,兼滿漢語滿洲套話清文啓蒙,1763,士,ši,ᡧᡳ,ʃi,sh,i［ʅ］,2,3,士 ši 2,士
manju-hergen-takekoshi-2011,mandarin,Mandarin,Manchu script transcription of Mandarin,ᠮᠠᠨᠵᡠ ᡥᡝᡵᡤᡝᠨ Manju Hergen,"Takekoshi 竹越, Takeshi 孝. (2011). 『兼滿漢語滿洲套話清文啓蒙』満洲文字注音一覧表. KOTONOHA, (101).","Takekoshi 竹越, Takeshi 孝. (2011). 『兼滿漢語滿洲套話清文啓蒙』満洲文字注音一覧表. KOTONOHA, (101). Data extracted from the Qing instructional source 兼滿漢語滿洲套話清文啓蒙 (1763).",『兼滿漢語滿洲套話清文啓蒙』満洲文字注音一覧表,竹越 孝 / Takekoshi Takeshi,2011,兼滿漢語滿洲套話清文啓蒙,1763,示,ši,ᡧᡳ,ʃi,sh,i［ʅ］,,3,示 ši,示
manju-hergen-takekoshi-2011,mandarin,Mandarin,Manchu script transcription of Mandarin,ᠮᠠᠨᠵᡠ ᡥᡝᡵᡤᡝᠨ Manju Hergen,"Takekoshi 竹越, Takeshi 孝. (2011). 『兼滿漢語滿洲套話清文啓蒙』満洲文字注音一覧表. KOTONOHA, (101).","Takekoshi 竹越, Takeshi 孝. (2011). 『兼滿漢語滿洲套話清文啓蒙』満洲文字注音一覧表. KOTONOHA, (101). Data extracted from the Qing instructional source 兼滿漢語滿洲套話清文啓蒙 (1763).",『兼滿漢語滿洲套話清文啓蒙』満洲文字注音一覧表,竹越 孝 / Takekoshi Takeshi,2011,兼滿漢語滿洲套話清文啓蒙,1763,試,ši,ᡧᡳ,ʃi,sh,i［ʅ］,,3,試 ši,試
manju-hergen-takekoshi-2011,mandarin,Mandarin,Manchu script transcription of Mandarin,ᠮᠠᠨᠵᡠ ᡥᡝᡵᡤᡝᠨ Manju Hergen,"Takekoshi 竹越, Takeshi 孝. (2011). 『兼滿漢語滿洲套話清文啓蒙』満洲文字注音一覧表. KOTONOHA, (101).","Takekoshi 竹越, Takeshi 孝. (2011). 『兼滿漢語滿洲套話清文啓蒙』満洲文字注音一覧表. KOTONOHA, (101). Data extracted from the Qing instructional source 兼滿漢語滿洲套話清文啓蒙 (1763).",『兼滿漢語滿洲套話清文啓蒙』満洲文字注音一覧表,竹越 孝 / Takekoshi Takeshi,2011,兼滿漢語滿洲套話清文啓蒙,1763,施,ši,ᡧᡳ,ʃi,sh,i［ʅ］,,3,施 ši,施
manju-hergen-takekoshi-2011,mandarin,Mandarin,Manchu script transcription of Mandarin,ᠮᠠᠨᠵᡠ ᡥᡝᡵᡤᡝᠨ Manju Hergen,"Takekoshi 竹越, Takeshi 孝. (2011). 『兼滿漢語滿洲套話清文啓蒙』満洲文字注音一覧表. KOTONOHA, (101).","Takekoshi 竹越, Takeshi 孝. (2011). 『兼滿漢語滿洲套話清文啓蒙』満洲文字注音一覧表. KOTONOHA, (101). Data extracted from the Qing instructional source 兼滿漢語滿洲套話清文啓蒙 (1763).",『兼滿漢語滿洲套話清文啓蒙』満洲文字注音一覧表,竹越 孝 / Takekoshi Takeshi,2011,兼滿漢語滿洲套話清文啓蒙,1763,侍,ši,ᡧᡳ,ʃi,sh,i［ʅ］,,3,侍 ši,侍
manju-hergen-takekoshi-2011,mandarin,Mandarin,Manchu script transcription of Mandarin,ᠮᠠᠨᠵᡠ ᡥᡝᡵᡤᡝᠨ Manju Hergen,"Takekoshi 竹越, Takeshi 孝. (2011). 『兼滿漢語滿洲套話清文啓蒙』満洲文字注音一覧表. KOTONOHA, (101).","Takekoshi 竹越, Takeshi 孝. (2011). 『兼滿漢語滿洲套話清文啓蒙』満洲文字注音一覧表. KOTONOHA, (101). Data extracted from the Qing instructional source 兼滿漢語滿洲套話清文啓蒙 (1763).",『兼滿漢語滿洲套話清文啓蒙』満洲文字注音一覧表,竹越 孝 / Takekoshi Takeshi,2011,兼滿漢語滿洲套話清文啓蒙,1763,拾,ši,ᡧᡳ,ʃi,sh,i［ʅ］,,3,拾 ši,拾
manju-hergen-takekoshi-2011,mandarin,Mandarin,Manchu script transcription of Mandarin,ᠮᠠᠨᠵᡠ ᡥᡝᡵᡤᡝᠨ Manju Hergen,"Takekoshi 竹越, Takeshi 孝. (2011). 『兼滿漢語滿洲套話清文啓蒙』満洲文字注音一覧表. KOTONOHA, (101).","Takekoshi 竹越, Takeshi 孝. (2011). 『兼滿漢語滿洲套話清文啓蒙』満洲文字注音一覧表. KOTONOHA, (101). Data extracted from the Qing instructional source 兼滿漢語滿洲套話清文啓蒙 (1763).",『兼滿漢語滿洲套話清文啓蒙』満洲文字注音一覧表,竹越 孝 / Takekoshi Takeshi,2011,兼滿漢語滿洲套話清文啓蒙,1763,日,ži,ᡰᡳ,ʐi,r,i［ʅ］,65,3,日 ži 65 / žy,日
manju-hergen-takekoshi-2011,mandarin,Mandarin,Manchu script transcription of Mandarin,ᠮᠠᠨᠵᡠ ᡥᡝᡵᡤᡝᠨ Manju Hergen,"Takekoshi 竹越, Takeshi 孝. (2011). 『兼滿漢語滿洲套話清文啓蒙』満洲文字注音一覧表. KOTONOHA, (101).","Takekoshi 竹越, Takeshi 孝. (2011). 『兼滿漢語滿洲套話清文啓蒙』満洲文字注音一覧表. KOTONOHA, (101). Data extracted from the Qing instructional source 兼滿漢語滿洲套話清文啓蒙 (1763).",『兼滿漢語滿洲套話清文啓蒙』満洲文字注音一覧表,竹越 孝 / Takekoshi Takeshi,2011,兼滿漢語滿洲套話清文啓蒙,1763,日,žy,ᡰᠶ,ʐj,r,i［ʅ］,,3,日 ži 65 / žy,日
manju-hergen-takekoshi-2011,mandarin,Mandarin,Manchu script transcription of Mandarin,ᠮᠠᠨᠵᡠ ᡥᡝᡵᡤᡝᠨ Manju Hergen,"Takekoshi 竹越, Takeshi 孝. (2011). 『兼滿漢語滿洲套話清文啓蒙』満洲文字注音一覧表. KOTONOHA, (101).","Takekoshi 竹越, Takeshi 孝. (2011). 『兼滿漢語滿洲套話清文啓蒙』満洲文字注音一覧表. KOTONOHA, (101). Data extracted from the Qing instructional source 兼滿漢語滿洲套話清文啓蒙 (1763).",『兼滿漢語滿洲套話清文啓蒙』満洲文字注音一覧表,竹越 孝 / Takekoshi Takeshi,2011,兼滿漢語滿洲套話清文啓蒙,1763,必,bi,ᠪᡳ,pi,b,i［i］,30,3,必 bi 30,必
manju-hergen-takekoshi-2011,mandarin,Mandarin,Manchu script transcription of Mandarin,ᠮᠠᠨᠵᡠ ᡥᡝᡵᡤᡝᠨ Manju Hergen,"Takekoshi 竹越, Takeshi 孝. (2011). 『兼滿漢語滿洲套話清文啓蒙』満洲文字注音一覧表. KOTONOHA, (101).","Takekoshi 竹越, Takeshi 孝. (2011). 『兼滿漢語滿洲套話清文啓蒙』満洲文字注音一覧表. KOTONOHA, (101). Data extracted from the Qing instructional source 兼滿漢語滿洲套話清文啓蒙 (1763).",『兼滿漢語滿洲套話清文啓蒙』満洲文字注音一覧表,竹越 孝 / Takekoshi Takeshi,2011,兼滿漢語滿洲套話清文啓蒙,1763,比,bi,ᠪᡳ,pi,b,i［i］,13,3,比 bi 13,比
manju-hergen-takekoshi-2011,mandarin,Mandarin,Manchu script transcription of Mandarin,ᠮᠠᠨᠵᡠ ᡥᡝᡵᡤᡝᠨ Manju Hergen,"Takekoshi 竹越, Takeshi 孝. (2011). 『兼滿漢語滿洲套話清文啓蒙』満洲文字注音一覧表. KOTONOHA, (101).","Takekoshi 竹越, Takeshi 孝. (2011). 『兼滿漢語滿洲套話清文啓蒙』満洲文字注音一覧表. KOTONOHA, (101). Data extracted from the Qing instructional source 兼滿漢語滿洲套話清文啓蒙 (1763).",『兼滿漢語滿洲套話清文啓蒙』満洲文字注音一覧表,竹越 孝 / Takekoshi Takeshi,2011,兼滿漢語滿洲套話清文啓蒙,1763,彼,bi,ᠪᡳ,pi,b,i［i］,3,3,彼 bi 3,彼
manju-hergen-takekoshi-2011,mandarin,Mandarin,Manchu script transcription of Mandarin,ᠮᠠᠨᠵᡠ ᡥᡝᡵᡤᡝᠨ Manju Hergen,"Takekoshi 竹越, Takeshi 孝. (2011). 『兼滿漢語滿洲套話清文啓蒙』満洲文字注音一覧表. KOTONOHA, (101).","Takekoshi 竹越, Takeshi 孝. (2011). 『兼滿漢語滿洲套話清文啓蒙』満洲文字注音一覧表. KOTONOHA, (101). Data extracted from the Qing instructional source 兼滿漢語滿洲套話清文啓蒙 (1763).",『兼滿漢語滿洲套話清文啓蒙』満洲文字注音一覧表,竹越 孝 / Takekoshi Takeshi,2011,兼滿漢語滿洲套話清文啓蒙,1763,畢,bi,ᠪᡳ,pi,b,i［i］,3,3,畢 bi 3,畢
manju-hergen-takekoshi-2011,mandarin,Mandarin,Manchu script transcription of Mandarin,ᠮᠠᠨᠵᡠ ᡥᡝᡵᡤᡝᠨ Manju Hergen,"Takekoshi 竹越, Takeshi 孝. (2011). 『兼滿漢語滿洲套話清文啓蒙』満洲文字注音一覧表. KOTONOHA, (101).","Takekoshi 竹越, Takeshi 孝. (2011). 『兼滿漢語滿洲套話清文啓蒙』満洲文字注音一覧表. KOTONOHA, (101). Data extracted from the Qing instructional source 兼滿漢語滿洲套話清文啓蒙 (1763).",『兼滿漢語滿洲套話清文啓蒙』満洲文字注音一覧表,竹越 孝 / Takekoshi Takeshi,2011,兼滿漢語滿洲套話清文啓蒙,1763,皮,pi,ᡦᡳ,pʰi,p,i［i］,2,3,皮 pi 2,皮
manju-hergen-takekoshi-2011,mandarin,Mandarin,Manchu script transcription of Mandarin,ᠮᠠᠨᠵᡠ ᡥᡝᡵᡤᡝᠨ Manju Hergen,"Takekoshi 竹越, Takeshi 孝. (2011). 『兼滿漢語滿洲套話清文啓蒙』満洲文字注音一覧表. KOTONOHA, (101).","Takekoshi 竹越, Takeshi 孝. (2011). 『兼滿漢語滿洲套話清文啓蒙』満洲文字注音一覧表. KOTONOHA, (101). Data extracted from the Qing instructional source 兼滿漢語滿洲套話清文啓蒙 (1763).",『兼滿漢語滿洲套話清文啓蒙』満洲文字注音一覧表,竹越 孝 / Takekoshi Takeshi,2011,兼滿漢語滿洲套話清文啓蒙,1763,譬,pei,ᡦᡝᡳ,pʰəi,p,i［i］,2,3,譬 pei 2,譬
manju-hergen-takekoshi-2011,mandarin,Mandarin,Manchu script transcription of Mandarin,ᠮᠠᠨᠵᡠ ᡥᡝᡵᡤᡝᠨ Manju Hergen,"Takekoshi 竹越, Takeshi 孝. (2011). 『兼滿漢語滿洲套話清文啓蒙』満洲文字注音一覧表. KOTONOHA, (101).","Takekoshi 竹越, Takeshi 孝. (2011). 『兼滿漢語滿洲套話清文啓蒙』満洲文字注音一覧表. KOTONOHA, (101). Data extracted from the Qing instructional source 兼滿漢語滿洲套話清文啓蒙 (1763).",『兼滿漢語滿洲套話清文啓蒙』満洲文字注音一覧表,竹越 孝 / Takekoshi Takeshi,2011,兼滿漢語滿洲套話清文啓蒙,1763,迷,mi,ᠮᡳ,mi,m,i［i］,,3,迷 mi,迷
manju-hergen-takekoshi-2011,mandarin,Mandarin,Manchu script transcription of Mandarin,ᠮᠠᠨᠵᡠ ᡥᡝᡵᡤᡝᠨ Manju Hergen,"Takekoshi 竹越, Takeshi 孝. (2011). 『兼滿漢語滿洲套話清文啓蒙』満洲文字注音一覧表. KOTONOHA, (101).","Takekoshi 竹越, Takeshi 孝. (2011). 『兼滿漢語滿洲套話清文啓蒙』満洲文字注音一覧表. KOTONOHA, (101). Data extracted from the Qing instructional source 兼滿漢語滿洲套話清文啓蒙 (1763).",『兼滿漢語滿洲套話清文啓蒙』満洲文字注音一覧表,竹越 孝 / Takekoshi Takeshi,2011,兼滿漢語滿洲套話清文啓蒙,1763,米,mi,ᠮᡳ,mi,m,i［i］,,3,米 mi,米
manju-hergen-takekoshi-2011,mandarin,Mandarin,Manchu script transcription of Mandarin,ᠮᠠᠨᠵᡠ ᡥᡝᡵᡤᡝᠨ Manju Hergen,"Takekoshi 竹越, Takeshi 孝. (2011). 『兼滿漢語滿洲套話清文啓蒙』満洲文字注音一覧表. KOTONOHA, (101).","Takekoshi 竹越, Takeshi 孝. (2011). 『兼滿漢語滿洲套話清文啓蒙』満洲文字注音一覧表. KOTONOHA, (101). Data extracted from the Qing instructional source 兼滿漢語滿洲套話清文啓蒙 (1763).",『兼滿漢語滿洲套話清文啓蒙』満洲文字注音一覧表,竹越 孝 / Takekoshi Takeshi,2011,兼滿漢語滿洲套話清文啓蒙,1763,彌,mi,ᠮᡳ,mi,m,i［i］,,3,彌 mi,彌
manju-hergen-takekoshi-2011,mandarin,Mandarin,Manchu script transcription of Mandarin,ᠮᠠᠨᠵᡠ ᡥᡝᡵᡤᡝᠨ Manju Hergen,"Takekoshi 竹越, Takeshi 孝. (2011). 『兼滿漢語滿洲套話清文啓蒙』満洲文字注音一覧表. KOTONOHA, (101).","Takekoshi 竹越, Takeshi 孝. (2011). 『兼滿漢語滿洲套話清文啓蒙』満洲文字注音一覧表. KOTONOHA, (101). Data extracted from the Qing instructional source 兼滿漢語滿洲套話清文啓蒙 (1763).",『兼滿漢語滿洲套話清文啓蒙』満洲文字注音一覧表,竹越 孝 / Takekoshi Takeshi,2011,兼滿漢語滿洲套話清文啓蒙,1763,的,di,ᡩᡳ,ti,d,i［i］,350,3,的 di 350,的
manju-hergen-takekoshi-2011,mandarin,Mandarin,Manchu script transcription of Mandarin,ᠮᠠᠨᠵᡠ ᡥᡝᡵᡤᡝᠨ Manju Hergen,"Takekoshi 竹越, Takeshi 孝. (2011). 『兼滿漢語滿洲套話清文啓蒙』満洲文字注音一覧表. KOTONOHA, (101).","Takekoshi 竹越, Takeshi 孝. (2011). 『兼滿漢語滿洲套話清文啓蒙』満洲文字注音一覧表. KOTONOHA, (101). Data extracted from the Qing instructional source 兼滿漢語滿洲套話清文啓蒙 (1763).",『兼滿漢語滿洲套話清文啓蒙』満洲文字注音一覧表,竹越 孝 / Takekoshi Takeshi,2011,兼滿漢語滿洲套話清文啓蒙,1763,弟,di,ᡩᡳ,ti,d,i［i］,10,3,弟 di 10,弟
manju-hergen-takekoshi-2011,mandarin,Mandarin,Manchu script transcription of Mandarin,ᠮᠠᠨᠵᡠ ᡥᡝᡵᡤᡝᠨ Manju Hergen,"Takekoshi 竹越, Takeshi 孝. (2011). 『兼滿漢語滿洲套話清文啓蒙』満洲文字注音一覧表. KOTONOHA, (101).","Takekoshi 竹越, Takeshi 孝. (2011). 『兼滿漢語滿洲套話清文啓蒙』満洲文字注音一覧表. KOTONOHA, (101). Data extracted from the Qing instructional source 兼滿漢語滿洲套話清文啓蒙 (1763).",『兼滿漢語滿洲套話清文啓蒙』満洲文字注音一覧表,竹越 孝 / Takekoshi Takeshi,2011,兼滿漢語滿洲套話清文啓蒙,1763,底,di,ᡩᡳ,ti,d,i［i］,6,3,底 di 6,底
manju-hergen-takekoshi-2011,mandarin,Mandarin,Manchu script transcription of Mandarin,ᠮᠠᠨᠵᡠ ᡥᡝᡵᡤᡝᠨ Manju Hergen,"Takekoshi 竹越, Takeshi 孝. (2011). 『兼滿漢語滿洲套話清文啓蒙』満洲文字注音一覧表. KOTONOHA, (101).","Takekoshi 竹越, Takeshi 孝. (2011). 『兼滿漢語滿洲套話清文啓蒙』満洲文字注音一覧表. KOTONOHA, (101). Data extracted from the Qing instructional source 兼滿漢語滿洲套話清文啓蒙 (1763).",『兼滿漢語滿洲套話清文啓蒙』満洲文字注音一覧表,竹越 孝 / Takekoshi Takeshi,2011,兼滿漢語滿洲套話清文啓蒙,1763,地,di,ᡩᡳ,ti,d,i［i］,4,3,地 di 4,地
manju-hergen-takekoshi-2011,mandarin,Mandarin,Manchu script transcription of Mandarin,ᠮᠠᠨᠵᡠ ᡥᡝᡵᡤᡝᠨ Manju Hergen,"Takekoshi 竹越, Takeshi 孝. (2011). 『兼滿漢語滿洲套話清文啓蒙』満洲文字注音一覧表. KOTONOHA, (101).","Takekoshi 竹越, Takeshi 孝. (2011). 『兼滿漢語滿洲套話清文啓蒙』満洲文字注音一覧表. KOTONOHA, (101). Data extracted from the Qing instructional source 兼滿漢語滿洲套話清文啓蒙 (1763).",『兼滿漢語滿洲套話清文啓蒙』満洲文字注音一覧表,竹越 孝 / Takekoshi Takeshi,2011,兼滿漢語滿洲套話清文啓蒙,1763,第,di,ᡩᡳ,ti,d,i［i］,,3,第 di,第
manju-hergen-takekoshi-2011,mandarin,Mandarin,Manchu script transcription of Mandarin,ᠮᠠᠨᠵᡠ ᡥᡝᡵᡤᡝᠨ Manju Hergen,"Takekoshi 竹越, Takeshi 孝. (2011). 『兼滿漢語滿洲套話清文啓蒙』満洲文字注音一覧表. KOTONOHA, (101).","Takekoshi 竹越, Takeshi 孝. (2011). 『兼滿漢語滿洲套話清文啓蒙』満洲文字注音一覧表. KOTONOHA, (101). Data extracted from the Qing instructional source 兼滿漢語滿洲套話清文啓蒙 (1763).",『兼滿漢語滿洲套話清文啓蒙』満洲文字注音一覧表,竹越 孝 / Takekoshi Takeshi,2011,兼滿漢語滿洲套話清文啓蒙,1763,提,ti,ᡨᡳ,tʰi,t,i［i］,7,4,提 ti 7,提
manju-hergen-takekoshi-2011,mandarin,Mandarin,Manchu script transcription of Mandarin,ᠮᠠᠨᠵᡠ ᡥᡝᡵᡤᡝᠨ Manju Hergen,"Takekoshi 竹越, Takeshi 孝. (2011). 『兼滿漢語滿洲套話清文啓蒙』満洲文字注音一覧表. KOTONOHA, (101).","Takekoshi 竹越, Takeshi 孝. (2011). 『兼滿漢語滿洲套話清文啓蒙』満洲文字注音一覧表. KOTONOHA, (101). Data extracted from the Qing instructional source 兼滿漢語滿洲套話清文啓蒙 (1763).",『兼滿漢語滿洲套話清文啓蒙』満洲文字注音一覧表,竹越 孝 / Takekoshi Takeshi,2011,兼滿漢語滿洲套話清文啓蒙,1763,体,ti,ᡨᡳ,tʰi,t,i［i］,6,4,体 ti 6 / di,体
manju-hergen-takekoshi-2011,mandarin,Mandarin,Manchu script transcription of Mandarin,ᠮᠠᠨᠵᡠ ᡥᡝᡵᡤᡝᠨ Manju Hergen,"Takekoshi 竹越, Takeshi 孝. (2011). 『兼滿漢語滿洲套話清文啓蒙』満洲文字注音一覧表. KOTONOHA, (101).","Takekoshi 竹越, Takeshi 孝. (2011). 『兼滿漢語滿洲套話清文啓蒙』満洲文字注音一覧表. KOTONOHA, (101). Data extracted from the Qing instructional source 兼滿漢語滿洲套話清文啓蒙 (1763).",『兼滿漢語滿洲套話清文啓蒙』満洲文字注音一覧表,竹越 孝 / Takekoshi Takeshi,2011,兼滿漢語滿洲套話清文啓蒙,1763,体,di,ᡩᡳ,ti,t,i［i］,,4,体 ti 6 / di,体
manju-hergen-takekoshi-2011,mandarin,Mandarin,Manchu script transcription of Mandarin,ᠮᠠᠨᠵᡠ ᡥᡝᡵᡤᡝᠨ Manju Hergen,"Takekoshi 竹越, Takeshi 孝. (2011). 『兼滿漢語滿洲套話清文啓蒙』満洲文字注音一覧表. KOTONOHA, (101).","Takekoshi 竹越, Takeshi 孝. (2011). 『兼滿漢語滿洲套話清文啓蒙』満洲文字注音一覧表. KOTONOHA, (101). Data extracted from the Qing instructional source 兼滿漢語滿洲套話清文啓蒙 (1763).",『兼滿漢語滿洲套話清文啓蒙』満洲文字注音一覧表,竹越 孝 / Takekoshi Takeshi,2011,兼滿漢語滿洲套話清文啓蒙,1763,替,ti,ᡨᡳ,tʰi,t,i［i］,3,4,替 ti 3,替
manju-hergen-takekoshi-2011,mandarin,Mandarin,Manchu script transcription of Mandarin,ᠮᠠᠨᠵᡠ ᡥᡝᡵᡤᡝᠨ Manju Hergen,"Takekoshi 竹越, Takeshi 孝. (2011). 『兼滿漢語滿洲套話清文啓蒙』満洲文字注音一覧表. KOTONOHA, (101).","Takekoshi 竹越, Takeshi 孝. (2011). 『兼滿漢語滿洲套話清文啓蒙』満洲文字注音一覧表. KOTONOHA, (101). Data extracted from the Qing instructional source 兼滿漢語滿洲套話清文啓蒙 (1763).",『兼滿漢語滿洲套話清文啓蒙』満洲文字注音一覧表,竹越 孝 / Takekoshi Takeshi,2011,兼滿漢語滿洲套話清文啓蒙,1763,隄,ti,ᡨᡳ,tʰi,t,i［i］,,4,隄 ti,隄
manju-hergen-takekoshi-2011,mandarin,Mandarin,Manchu script transcription of Mandarin,ᠮᠠᠨᠵᡠ ᡥᡝᡵᡤᡝᠨ Manju Hergen,"Takekoshi 竹越, Takeshi 孝. (2011). 『兼滿漢語滿洲套話清文啓蒙』満洲文字注音一覧表. KOTONOHA, (101).","Takekoshi 竹越, Takeshi 孝. (2011). 『兼滿漢語滿洲套話清文啓蒙』満洲文字注音一覧表. KOTONOHA, (101). Data extracted from the Qing instructional source 兼滿漢語滿洲套話清文啓蒙 (1763).",『兼滿漢語滿洲套話清文啓蒙』満洲文字注音一覧表,竹越 孝 / Takekoshi Takeshi,2011,兼滿漢語滿洲套話清文啓蒙,1763,踢,ti,ᡨᡳ,tʰi,t,i［i］,,4,踢 ti,踢
manju-hergen-takekoshi-2011,mandarin,Mandarin,Manchu script transcription of Mandarin,ᠮᠠᠨᠵᡠ ᡥᡝᡵᡤᡝᠨ Manju Hergen,"Takekoshi 竹越, Takeshi 孝. (2011). 『兼滿漢語滿洲套話清文啓蒙』満洲文字注音一覧表. KOTONOHA, (101).","Takekoshi 竹越, Takeshi 孝. (2011). 『兼滿漢語滿洲套話清文啓蒙』満洲文字注音一覧表. KOTONOHA, (101). Data extracted from the Qing instructional source 兼滿漢語滿洲套話清文啓蒙 (1763).",『兼滿漢語滿洲套話清文啓蒙』満洲文字注音一覧表,竹越 孝 / Takekoshi Takeshi,2011,兼滿漢語滿洲套話清文啓蒙,1763,你,ni,ᠨᡳ,ni,n,i［i］,246,4,你 ni 246,你
manju-hergen-takekoshi-2011,mandarin,Mandarin,Manchu script transcription of Mandarin,ᠮᠠᠨᠵᡠ ᡥᡝᡵᡤᡝᠨ Manju Hergen,"Takekoshi 竹越, Takeshi 孝. (2011). 『兼滿漢語滿洲套話清文啓蒙』満洲文字注音一覧表. KOTONOHA, (101).","Takekoshi 竹越, Takeshi 孝. (2011). 『兼滿漢語滿洲套話清文啓蒙』満洲文字注音一覧表. KOTONOHA, (101). Data extracted from the Qing instructional source 兼滿漢語滿洲套話清文啓蒙 (1763).",『兼滿漢語滿洲套話清文啓蒙』満洲文字注音一覧表,竹越 孝 / Takekoshi Takeshi,2011,兼滿漢語滿洲套話清文啓蒙,1763,呢,ni,ᠨᡳ,ni,n,i［i］,30,4,呢 ni 30,呢
manju-hergen-takekoshi-2011,mandarin,Mandarin,Manchu script transcription of Mandarin,ᠮᠠᠨᠵᡠ ᡥᡝᡵᡤᡝᠨ Manju Hergen,"Takekoshi 竹越, Takeshi 孝. (2011). 『兼滿漢語滿洲套話清文啓蒙』満洲文字注音一覧表. KOTONOHA, (101).","Takekoshi 竹越, Takeshi 孝. (2011). 『兼滿漢語滿洲套話清文啓蒙』満洲文字注音一覧表. KOTONOHA, (101). Data extracted from the Qing instructional source 兼滿漢語滿洲套話清文啓蒙 (1763).",『兼滿漢語滿洲套話清文啓蒙』満洲文字注音一覧表,竹越 孝 / Takekoshi Takeshi,2011,兼滿漢語滿洲套話清文啓蒙,1763,逆,ni,ᠨᡳ,ni,n,i［i］,,4,逆 ni,逆
manju-hergen-takekoshi-2011,mandarin,Mandarin,Manchu script transcription of Mandarin,ᠮᠠᠨᠵᡠ ᡥᡝᡵᡤᡝᠨ Manju Hergen,"Takekoshi 竹越, Takeshi 孝. (2011). 『兼滿漢語滿洲套話清文啓蒙』満洲文字注音一覧表. KOTONOHA, (101).","Takekoshi 竹越, Takeshi 孝. (2011). 『兼滿漢語滿洲套話清文啓蒙』満洲文字注音一覧表. KOTONOHA, (101). Data extracted from the Qing instructional source 兼滿漢語滿洲套話清文啓蒙 (1763).",『兼滿漢語滿洲套話清文啓蒙』満洲文字注音一覧表,竹越 孝 / Takekoshi Takeshi,2011,兼滿漢語滿洲套話清文啓蒙,1763,泥,ni,ᠨᡳ,ni,n,i［i］,,4,泥 ni,泥
manju-hergen-takekoshi-2011,mandarin,Mandarin,Manchu script transcription of Mandarin,ᠮᠠᠨᠵᡠ ᡥᡝᡵᡤᡝᠨ Manju Hergen,"Takekoshi 竹越, Takeshi 孝. (2011). 『兼滿漢語滿洲套話清文啓蒙』満洲文字注音一覧表. KOTONOHA, (101).","Takekoshi 竹越, Takeshi 孝. (2011). 『兼滿漢語滿洲套話清文啓蒙』満洲文字注音一覧表. KOTONOHA, (101). Data extracted from the Qing instructional source 兼滿漢語滿洲套話清文啓蒙 (1763).",『兼滿漢語滿洲套話清文啓蒙』満洲文字注音一覧表,竹越 孝 / Takekoshi Takeshi,2011,兼滿漢語滿洲套話清文啓蒙,1763,裡,lii,ᠯᡳᡳ,lii,l,i［i］,83,4,裡 / 里 lii 83,裡/里
manju-hergen-takekoshi-2011,mandarin,Mandarin,Manchu script transcription of Mandarin,ᠮᠠᠨᠵᡠ ᡥᡝᡵᡤᡝᠨ Manju Hergen,"Takekoshi 竹越, Takeshi 孝. (2011). 『兼滿漢語滿洲套話清文啓蒙』満洲文字注音一覧表. KOTONOHA, (101).","Takekoshi 竹越, Takeshi 孝. (2011). 『兼滿漢語滿洲套話清文啓蒙』満洲文字注音一覧表. KOTONOHA, (101). Data extracted from the Qing instructional source 兼滿漢語滿洲套話清文啓蒙 (1763).",『兼滿漢語滿洲套話清文啓蒙』満洲文字注音一覧表,竹越 孝 / Takekoshi Takeshi,2011,兼滿漢語滿洲套話清文啓蒙,1763,里,lii,ᠯᡳᡳ,lii,l,i［i］,83,4,裡 / 里 lii 83,裡/里
manju-hergen-takekoshi-2011,mandarin,Mandarin,Manchu script transcription of Mandarin,ᠮᠠᠨᠵᡠ ᡥᡝᡵᡤᡝᠨ Manju Hergen,"Takekoshi 竹越, Takeshi 孝. (2011). 『兼滿漢語滿洲套話清文啓蒙』満洲文字注音一覧表. KOTONOHA, (101).","Takekoshi 竹越, Takeshi 孝. (2011). 『兼滿漢語滿洲套話清文啓蒙』満洲文字注音一覧表. KOTONOHA, (101). Data extracted from the Qing instructional source 兼滿漢語滿洲套話清文啓蒙 (1763).",『兼滿漢語滿洲套話清文啓蒙』満洲文字注音一覧表,竹越 孝 / Takekoshi Takeshi,2011,兼滿漢語滿洲套話清文啓蒙,1763,理,lii,ᠯᡳᡳ,lii,l,i［i］,28,4,理 lii 28,理
manju-hergen-takekoshi-2011,mandarin,Mandarin,Manchu script transcription of Mandarin,ᠮᠠᠨᠵᡠ ᡥᡝᡵᡤᡝᠨ Manju Hergen,"Takekoshi 竹越, Takeshi 孝. (2011). 『兼滿漢語滿洲套話清文啓蒙』満洲文字注音一覧表. KOTONOHA, (101).","Takekoshi 竹越, Takeshi 孝. (2011). 『兼滿漢語滿洲套話清文啓蒙』満洲文字注音一覧表. KOTONOHA, (101). Data extracted from the Qing instructional source 兼滿漢語滿洲套話清文啓蒙 (1763).",『兼滿漢語滿洲套話清文啓蒙』満洲文字注音一覧表,竹越 孝 / Takekoshi Takeshi,2011,兼滿漢語滿洲套話清文啓蒙,1763,利,lii,ᠯᡳᡳ,lii,l,i［i］,8,4,利 lii 8 / li,利
manju-hergen-takekoshi-2011,mandarin,Mandarin,Manchu script transcription of Mandarin,ᠮᠠᠨᠵᡠ ᡥᡝᡵᡤᡝᠨ Manju Hergen,"Takekoshi 竹越, Takeshi 孝. (2011). 『兼滿漢語滿洲套話清文啓蒙』満洲文字注音一覧表. KOTONOHA, (101).","Takekoshi 竹越, Takeshi 孝. (2011). 『兼滿漢語滿洲套話清文啓蒙』満洲文字注音一覧表. KOTONOHA, (101). Data extracted from the Qing instructional source 兼滿漢語滿洲套話清文啓蒙 (1763).",『兼滿漢語滿洲套話清文啓蒙』満洲文字注音一覧表,竹越 孝 / Takekoshi Takeshi,2011,兼滿漢語滿洲套話清文啓蒙,1763,利,li,ᠯᡳ,li,l,i［i］,,4,利 lii 8 / li,利
manju-hergen-takekoshi-2011,mandarin,Mandarin,Manchu script transcription of Mandarin,ᠮᠠᠨᠵᡠ ᡥᡝᡵᡤᡝᠨ Manju Hergen,"Takekoshi 竹越, Takeshi 孝. (2011). 『兼滿漢語滿洲套話清文啓蒙』満洲文字注音一覧表. KOTONOHA, (101).","Takekoshi 竹越, Takeshi 孝. (2011). 『兼滿漢語滿洲套話清文啓蒙』満洲文字注音一覧表. KOTONOHA, (101). Data extracted from the Qing instructional source 兼滿漢語滿洲套話清文啓蒙 (1763).",『兼滿漢語滿洲套話清文啓蒙』満洲文字注音一覧表,竹越 孝 / Takekoshi Takeshi,2011,兼滿漢語滿洲套話清文啓蒙,1763,力,lii,ᠯᡳᡳ,lii,l,i［i］,4,4,力 lii 4,力
manju-hergen-takekoshi-2011,mandarin,Mandarin,Manchu script transcription of Mandarin,ᠮᠠᠨᠵᡠ ᡥᡝᡵᡤᡝᠨ Manju Hergen,"Takekoshi 竹越, Takeshi 孝. (2011). 『兼滿漢語滿洲套話清文啓蒙』満洲文字注音一覧表. KOTONOHA, (101).","Takekoshi 竹越, Takeshi 孝. (2011). 『兼滿漢語滿洲套話清文啓蒙』満洲文字注音一覧表. KOTONOHA, (101). Data extracted from the Qing instructional source 兼滿漢語滿洲套話清文啓蒙 (1763).",『兼滿漢語滿洲套話清文啓蒙』満洲文字注音一覧表,竹越 孝 / Takekoshi Takeshi,2011,兼滿漢語滿洲套話清文啓蒙,1763,哩,lii,ᠯᡳᡳ,lii,l,i［i］,2,4,哩 lii 2,哩
manju-hergen-takekoshi-2011,mandarin,Mandarin,Manchu script transcription of Mandarin,ᠮᠠᠨᠵᡠ ᡥᡝᡵᡤᡝᠨ Manju Hergen,"Takekoshi 竹越, Takeshi 孝. (2011). 『兼滿漢語滿洲套話清文啓蒙』満洲文字注音一覧表. KOTONOHA, (101).","Takekoshi 竹越, Takeshi 孝. (2011). 『兼滿漢語滿洲套話清文啓蒙』満洲文字注音一覧表. KOTONOHA, (101). Data extracted from the Qing instructional source 兼滿漢語滿洲套話清文啓蒙 (1763).",『兼滿漢語滿洲套話清文啓蒙』満洲文字注音一覧表,竹越 孝 / Takekoshi Takeshi,2011,兼滿漢語滿洲套話清文啓蒙,1763,離,lii,ᠯᡳᡳ,lii,l,i［i］,,4,離 lii,離
manju-hergen-takekoshi-2011,mandarin,Mandarin,Manchu script transcription of Mandarin,ᠮᠠᠨᠵᡠ ᡥᡝᡵᡤᡝᠨ Manju Hergen,"Takekoshi 竹越, Takeshi 孝. (2011). 『兼滿漢語滿洲套話清文啓蒙』満洲文字注音一覧表. KOTONOHA, (101).","Takekoshi 竹越, Takeshi 孝. (2011). 『兼滿漢語滿洲套話清文啓蒙』満洲文字注音一覧表. KOTONOHA, (101). Data extracted from the Qing instructional source 兼滿漢語滿洲套話清文啓蒙 (1763).",『兼滿漢語滿洲套話清文啓蒙』満洲文字注音一覧表,竹越 孝 / Takekoshi Takeshi,2011,兼滿漢語滿洲套話清文啓蒙,1763,粒,lii,ᠯᡳᡳ,lii,l,i［i］,,4,粒 lii,粒
manju-hergen-takekoshi-2011,mandarin,Mandarin,Manchu script transcription of Mandarin,ᠮᠠᠨᠵᡠ ᡥᡝᡵᡤᡝᠨ Manju Hergen,"Takekoshi 竹越, Takeshi 孝. (2011). 『兼滿漢語滿洲套話清文啓蒙』満洲文字注音一覧表. KOTONOHA, (101).","Takekoshi 竹越, Takeshi 孝. (2011). 『兼滿漢語滿洲套話清文啓蒙』満洲文字注音一覧表. KOTONOHA, (101). Data extracted from the Qing instructional source 兼滿漢語滿洲套話清文啓蒙 (1763).",『兼滿漢語滿洲套話清文啓蒙』満洲文字注音一覧表,竹越 孝 / Takekoshi Takeshi,2011,兼滿漢語滿洲套話清文啓蒙,1763,礼,lii,ᠯᡳᡳ,lii,l,i［i］,,4,礼 lii,礼
manju-hergen-takekoshi-2011,mandarin,Mandarin,Manchu script transcription of Mandarin,ᠮᠠᠨᠵᡠ ᡥᡝᡵᡤᡝᠨ Manju Hergen,"Takekoshi 竹越, Takeshi 孝. (2011). 『兼滿漢語滿洲套話清文啓蒙』満洲文字注音一覧表. KOTONOHA, (101).","Takekoshi 竹越, Takeshi 孝. (2011). 『兼滿漢語滿洲套話清文啓蒙』満洲文字注音一覧表. KOTONOHA, (101). Data extracted from the Qing instructional source 兼滿漢語滿洲套話清文啓蒙 (1763).",『兼滿漢語滿洲套話清文啓蒙』満洲文字注音一覧表,竹越 孝 / Takekoshi Takeshi,2011,兼滿漢語滿洲套話清文啓蒙,1763,俐,lii,ᠯᡳᡳ,lii,l,i［i］,,4,俐 lii,俐
manju-hergen-takekoshi-2011,mandarin,Mandarin,Manchu script transcription of Mandarin,ᠮᠠᠨᠵᡠ ᡥᡝᡵᡤᡝᠨ Manju Hergen,"Takekoshi 竹越, Takeshi 孝. (2011). 『兼滿漢語滿洲套話清文啓蒙』満洲文字注音一覧表. KOTONOHA, (101).","Takekoshi 竹越, Takeshi 孝. (2011). 『兼滿漢語滿洲套話清文啓蒙』満洲文字注音一覧表. KOTONOHA, (101). Data extracted from the Qing instructional source 兼滿漢語滿洲套話清文啓蒙 (1763).",『兼滿漢語滿洲套話清文啓蒙』満洲文字注音一覧表,竹越 孝 / Takekoshi Takeshi,2011,兼滿漢語滿洲套話清文啓蒙,1763,立,lii,ᠯᡳᡳ,lii,l,i［i］,,4,立 lii,立
manju-hergen-takekoshi-2011,mandarin,Mandarin,Manchu script transcription of Mandarin,ᠮᠠᠨᠵᡠ ᡥᡝᡵᡤᡝᠨ Manju Hergen,"Takekoshi 竹越, Takeshi 孝. (2011). 『兼滿漢語滿洲套話清文啓蒙』満洲文字注音一覧表. KOTONOHA, (101).","Takekoshi 竹越, Takeshi 孝. (2011). 『兼滿漢語滿洲套話清文啓蒙』満洲文字注音一覧表. KOTONOHA, (101). Data extracted from the Qing instructional source 兼滿漢語滿洲套話清文啓蒙 (1763).",『兼滿漢語滿洲套話清文啓蒙』満洲文字注音一覧表,竹越 孝 / Takekoshi Takeshi,2011,兼滿漢語滿洲套話清文啓蒙,1763,給,gi,ᡤᡳ,qi,j,i［i］,3,4,給 gi 3 / ji 37,給
manju-hergen-takekoshi-2011,mandarin,Mandarin,Manchu script transcription of Mandarin,ᠮᠠᠨᠵᡠ ᡥᡝᡵᡤᡝᠨ Manju Hergen,"Takekoshi 竹越, Takeshi 孝. (2011). 『兼滿漢語滿洲套話清文啓蒙』満洲文字注音一覧表. KOTONOHA, (101).","Takekoshi 竹越, Takeshi 孝. (2011). 『兼滿漢語滿洲套話清文啓蒙』満洲文字注音一覧表. KOTONOHA, (101). Data extracted from the Qing instructional source 兼滿漢語滿洲套話清文啓蒙 (1763).",『兼滿漢語滿洲套話清文啓蒙』満洲文字注音一覧表,竹越 孝 / Takekoshi Takeshi,2011,兼滿漢語滿洲套話清文啓蒙,1763,給,ji,ᠵᡳ,tʃi,j,i［i］,37,4,給 gi 3 / ji 37,給
manju-hergen-takekoshi-2011,mandarin,Mandarin,Manchu script transcription of Mandarin,ᠮᠠᠨᠵᡠ ᡥᡝᡵᡤᡝᠨ Manju Hergen,"Takekoshi 竹越, Takeshi 孝. (2011). 『兼滿漢語滿洲套話清文啓蒙』満洲文字注音一覧表. KOTONOHA, (101).","Takekoshi 竹越, Takeshi 孝. (2011). 『兼滿漢語滿洲套話清文啓蒙』満洲文字注音一覧表. KOTONOHA, (101). Data extracted from the Qing instructional source 兼滿漢語滿洲套話清文啓蒙 (1763).",『兼滿漢語滿洲套話清文啓蒙』満洲文字注音一覧表,竹越 孝 / Takekoshi Takeshi,2011,兼滿漢語滿洲套話清文啓蒙,1763,幾,ji,ᠵᡳ,tʃi,j,i［i］,17,4,幾 / 几 ji 17,幾/几
manju-hergen-takekoshi-2011,mandarin,Mandarin,Manchu script transcription of Mandarin,ᠮᠠᠨᠵᡠ ᡥᡝᡵᡤᡝᠨ Manju Hergen,"Takekoshi 竹越, Takeshi 孝. (2011). 『兼滿漢語滿洲套話清文啓蒙』満洲文字注音一覧表. KOTONOHA, (101).","Takekoshi 竹越, Takeshi 孝. (2011). 『兼滿漢語滿洲套話清文啓蒙』満洲文字注音一覧表. KOTONOHA, (101). Data extracted from the Qing instructional source 兼滿漢語滿洲套話清文啓蒙 (1763).",『兼滿漢語滿洲套話清文啓蒙』満洲文字注音一覧表,竹越 孝 / Takekoshi Takeshi,2011,兼滿漢語滿洲套話清文啓蒙,1763,几,ji,ᠵᡳ,tʃi,j,i［i］,17,4,幾 / 几 ji 17,幾/几
manju-hergen-takekoshi-2011,mandarin,Mandarin,Manchu script transcription of Mandarin,ᠮᠠᠨᠵᡠ ᡥᡝᡵᡤᡝᠨ Manju Hergen,"Takekoshi 竹越, Takeshi 孝. (2011). 『兼滿漢語滿洲套話清文啓蒙』満洲文字注音一覧表. KOTONOHA, (101).","Takekoshi 竹越, Takeshi 孝. (2011). 『兼滿漢語滿洲套話清文啓蒙』満洲文字注音一覧表. KOTONOHA, (101). Data extracted from the Qing instructional source 兼滿漢語滿洲套話清文啓蒙 (1763).",『兼滿漢語滿洲套話清文啓蒙』満洲文字注音一覧表,竹越 孝 / Takekoshi Takeshi,2011,兼滿漢語滿洲套話清文啓蒙,1763,己,gi,ᡤᡳ,qi,j,i［i］,9,4,己 gi 9 / ji 3,己
manju-hergen-takekoshi-2011,mandarin,Mandarin,Manchu script transcription of Mandarin,ᠮᠠᠨᠵᡠ ᡥᡝᡵᡤᡝᠨ Manju Hergen,"Takekoshi 竹越, Takeshi 孝. (2011). 『兼滿漢語滿洲套話清文啓蒙』満洲文字注音一覧表. KOTONOHA, (101).","Takekoshi 竹越, Takeshi 孝. (2011). 『兼滿漢語滿洲套話清文啓蒙』満洲文字注音一覧表. KOTONOHA, (101). Data extracted from the Qing instructional source 兼滿漢語滿洲套話清文啓蒙 (1763).",『兼滿漢語滿洲套話清文啓蒙』満洲文字注音一覧表,竹越 孝 / Takekoshi Takeshi,2011,兼滿漢語滿洲套話清文啓蒙,1763,己,ji,ᠵᡳ,tʃi,j,i［i］,3,4,己 gi 9 / ji 3,己
manju-hergen-takekoshi-2011,mandarin,Mandarin,Manchu script transcription of Mandarin,ᠮᠠᠨᠵᡠ ᡥᡝᡵᡤᡝᠨ Manju Hergen,"Takekoshi 竹越, Takeshi 孝. (2011). 『兼滿漢語滿洲套話清文啓蒙』満洲文字注音一覧表. KOTONOHA, (101).","Takekoshi 竹越, Takeshi 孝. (2011). 『兼滿漢語滿洲套話清文啓蒙』満洲文字注音一覧表. KOTONOHA, (101). Data extracted from the Qing instructional source 兼滿漢語滿洲套話清文啓蒙 (1763).",『兼滿漢語滿洲套話清文啓蒙』満洲文字注音一覧表,竹越 孝 / Takekoshi Takeshi,2011,兼滿漢語滿洲套話清文啓蒙,1763,既,ji,ᠵᡳ,tʃi,j,i［i］,7,4,既 ji 7,既
manju-hergen-takekoshi-2011,mandarin,Mandarin,Manchu script transcription of Mandarin,ᠮᠠᠨᠵᡠ ᡥᡝᡵᡤᡝᠨ Manju Hergen,"Takekoshi 竹越, Takeshi 孝. (2011). 『兼滿漢語滿洲套話清文啓蒙』満洲文字注音一覧表. KOTONOHA, (101).","Takekoshi 竹越, Takeshi 孝. (2011). 『兼滿漢語滿洲套話清文啓蒙』満洲文字注音一覧表. KOTONOHA, (101). Data extracted from the Qing instructional source 兼滿漢語滿洲套話清文啓蒙 (1763).",『兼滿漢語滿洲套話清文啓蒙』満洲文字注音一覧表,竹越 孝 / Takekoshi Takeshi,2011,兼滿漢語滿洲套話清文啓蒙,1763,吉,ji,ᠵᡳ,tʃi,j,i［i］,6,4,吉 ji 6,吉
manju-hergen-takekoshi-2011,mandarin,Mandarin,Manchu script transcription of Mandarin,ᠮᠠᠨᠵᡠ ᡥᡝᡵᡤᡝᠨ Manju Hergen,"Takekoshi 竹越, Takeshi 孝. (2011). 『兼滿漢語滿洲套話清文啓蒙』満洲文字注音一覧表. KOTONOHA, (101).","Takekoshi 竹越, Takeshi 孝. (2011). 『兼滿漢語滿洲套話清文啓蒙』満洲文字注音一覧表. KOTONOHA, (101). Data extracted from the Qing instructional source 兼滿漢語滿洲套話清文啓蒙 (1763).",『兼滿漢語滿洲套話清文啓蒙』満洲文字注音一覧表,竹越 孝 / Takekoshi Takeshi,2011,兼滿漢語滿洲套話清文啓蒙,1763,急,gi,ᡤᡳ,qi,j,i［i］,5,4,急 gi 5,急
manju-hergen-takekoshi-2011,mandarin,Mandarin,Manchu script transcription of Mandarin,ᠮᠠᠨᠵᡠ ᡥᡝᡵᡤᡝᠨ Manju Hergen,"Takekoshi 竹越, Takeshi 孝. (2011). 『兼滿漢語滿洲套話清文啓蒙』満洲文字注音一覧表. KOTONOHA, (101).","Takekoshi 竹越, Takeshi 孝. (2011). 『兼滿漢語滿洲套話清文啓蒙』満洲文字注音一覧表. KOTONOHA, (101). Data extracted from the Qing instructional source 兼滿漢語滿洲套話清文啓蒙 (1763).",『兼滿漢語滿洲套話清文啓蒙』満洲文字注音一覧表,竹越 孝 / Takekoshi Takeshi,2011,兼滿漢語滿洲套話清文啓蒙,1763,寄,ji,ᠵᡳ,tʃi,j,i［i］,5,4,寄 ji 5,寄
manju-hergen-takekoshi-2011,mandarin,Mandarin,Manchu script transcription of Mandarin,ᠮᠠᠨᠵᡠ ᡥᡝᡵᡤᡝᠨ Manju Hergen,"Takekoshi 竹越, Takeshi 孝. (2011). 『兼滿漢語滿洲套話清文啓蒙』満洲文字注音一覧表. KOTONOHA, (101).","Takekoshi 竹越, Takeshi 孝. (2011). 『兼滿漢語滿洲套話清文啓蒙』満洲文字注音一覧表. KOTONOHA, (101). Data extracted from the Qing instructional source 兼滿漢語滿洲套話清文啓蒙 (1763).",『兼滿漢語滿洲套話清文啓蒙』満洲文字注音一覧表,竹越 孝 / Takekoshi Takeshi,2011,兼滿漢語滿洲套話清文啓蒙,1763,紀,ji,ᠵᡳ,tʃi,j,i［i］,4,4,紀 ji 4 / gi,紀
manju-hergen-takekoshi-2011,mandarin,Mandarin,Manchu script transcription of Mandarin,ᠮᠠᠨᠵᡠ ᡥᡝᡵᡤᡝᠨ Manju Hergen,"Takekoshi 竹越, Takeshi 孝. (2011). 『兼滿漢語滿洲套話清文啓蒙』満洲文字注音一覧表. KOTONOHA, (101).","Takekoshi 竹越, Takeshi 孝. (2011). 『兼滿漢語滿洲套話清文啓蒙』満洲文字注音一覧表. KOTONOHA, (101). Data extracted from the Qing instructional source 兼滿漢語滿洲套話清文啓蒙 (1763).",『兼滿漢語滿洲套話清文啓蒙』満洲文字注音一覧表,竹越 孝 / Takekoshi Takeshi,2011,兼滿漢語滿洲套話清文啓蒙,1763,紀,gi,ᡤᡳ,qi,j,i［i］,,4,紀 ji 4 / gi,紀
manju-hergen-takekoshi-2011,mandarin,Mandarin,Manchu script transcription of Mandarin,ᠮᠠᠨᠵᡠ ᡥᡝᡵᡤᡝᠨ Manju Hergen,"Takekoshi 竹越, Takeshi 孝. (2011). 『兼滿漢語滿洲套話清文啓蒙』満洲文字注音一覧表. KOTONOHA, (101).","Takekoshi 竹越, Takeshi 孝. (2011). 『兼滿漢語滿洲套話清文啓蒙』満洲文字注音一覧表. KOTONOHA, (101). Data extracted from the Qing instructional source 兼滿漢語滿洲套話清文啓蒙 (1763).",『兼滿漢語滿洲套話清文啓蒙』満洲文字注音一覧表,竹越 孝 / Takekoshi Takeshi,2011,兼滿漢語滿洲套話清文啓蒙,1763,記,gi,ᡤᡳ,qi,j,i［i］,3,4,記 gi 3 / ji,記
manju-hergen-takekoshi-2011,mandarin,Mandarin,Manchu script transcription of Mandarin,ᠮᠠᠨᠵᡠ ᡥᡝᡵᡤᡝᠨ Manju Hergen,"Takekoshi 竹越, Takeshi 孝. (2011). 『兼滿漢語滿洲套話清文啓蒙』満洲文字注音一覧表. KOTONOHA, (101).","Takekoshi 竹越, Takeshi 孝. (2011). 『兼滿漢語滿洲套話清文啓蒙』満洲文字注音一覧表. KOTONOHA, (101). Data extracted from the Qing instructional source 兼滿漢語滿洲套話清文啓蒙 (1763).",『兼滿漢語滿洲套話清文啓蒙』満洲文字注音一覧表,竹越 孝 / Takekoshi Takeshi,2011,兼滿漢語滿洲套話清文啓蒙,1763,記,ji,ᠵᡳ,tʃi,j,i［i］,,4,記 gi 3 / ji,記
manju-hergen-takekoshi-2011,mandarin,Mandarin,Manchu script transcription of Mandarin,ᠮᠠᠨᠵᡠ ᡥᡝᡵᡤᡝᠨ Manju Hergen,"Takekoshi 竹越, Takeshi 孝. (2011). 『兼滿漢語滿洲套話清文啓蒙』満洲文字注音一覧表. KOTONOHA, (101).","Takekoshi 竹越, Takeshi 孝. (2011). 『兼滿漢語滿洲套話清文啓蒙』満洲文字注音一覧表. KOTONOHA, (101). Data extracted from the Qing instructional source 兼滿漢語滿洲套話清文啓蒙 (1763).",『兼滿漢語滿洲套話清文啓蒙』満洲文字注音一覧表,竹越 孝 / Takekoshi Takeshi,2011,兼滿漢語滿洲套話清文啓蒙,1763,即,ji,ᠵᡳ,tʃi,j,i［i］,3,4,即 ji 3,即
manju-hergen-takekoshi-2011,mandarin,Mandarin,Manchu script transcription of Mandarin,ᠮᠠᠨᠵᡠ ᡥᡝᡵᡤᡝᠨ Manju Hergen,"Takekoshi 竹越, Takeshi 孝. (2011). 『兼滿漢語滿洲套話清文啓蒙』満洲文字注音一覧表. KOTONOHA, (101).","Takekoshi 竹越, Takeshi 孝. (2011). 『兼滿漢語滿洲套話清文啓蒙』満洲文字注音一覧表. KOTONOHA, (101). Data extracted from the Qing instructional source 兼滿漢語滿洲套話清文啓蒙 (1763).",『兼滿漢語滿洲套話清文啓蒙』満洲文字注音一覧表,竹越 孝 / Takekoshi Takeshi,2011,兼滿漢語滿洲套話清文啓蒙,1763,及,ji,ᠵᡳ,tʃi,j,i［i］,3,4,及 ji 3,及
manju-hergen-takekoshi-2011,mandarin,Mandarin,Manchu script transcription of Mandarin,ᠮᠠᠨᠵᡠ ᡥᡝᡵᡤᡝᠨ Manju Hergen,"Takekoshi 竹越, Takeshi 孝. (2011). 『兼滿漢語滿洲套話清文啓蒙』満洲文字注音一覧表. KOTONOHA, (101).","Takekoshi 竹越, Takeshi 孝. (2011). 『兼滿漢語滿洲套話清文啓蒙』満洲文字注音一覧表. KOTONOHA, (101). Data extracted from the Qing instructional source 兼滿漢語滿洲套話清文啓蒙 (1763).",『兼滿漢語滿洲套話清文啓蒙』満洲文字注音一覧表,竹越 孝 / Takekoshi Takeshi,2011,兼滿漢語滿洲套話清文啓蒙,1763,計,ji,ᠵᡳ,tʃi,j,i［i］,3,4,計 ji 3,計
manju-hergen-takekoshi-2011,mandarin,Mandarin,Manchu script transcription of Mandarin,ᠮᠠᠨᠵᡠ ᡥᡝᡵᡤᡝᠨ Manju Hergen,"Takekoshi 竹越, Takeshi 孝. (2011). 『兼滿漢語滿洲套話清文啓蒙』満洲文字注音一覧表. KOTONOHA, (101).","Takekoshi 竹越, Takeshi 孝. (2011). 『兼滿漢語滿洲套話清文啓蒙』満洲文字注音一覧表. KOTONOHA, (101). Data extracted from the Qing instructional source 兼滿漢語滿洲套話清文啓蒙 (1763).",『兼滿漢語滿洲套話清文啓蒙』満洲文字注音一覧表,竹越 孝 / Takekoshi Takeshi,2011,兼滿漢語滿洲套話清文啓蒙,1763,忌,ji,ᠵᡳ,tʃi,j,i［i］,,4,忌 ji / gi,忌
manju-hergen-takekoshi-2011,mandarin,Mandarin,Manchu script transcription of Mandarin,ᠮᠠᠨᠵᡠ ᡥᡝᡵᡤᡝᠨ Manju Hergen,"Takekoshi 竹越, Takeshi 孝. (2011). 『兼滿漢語滿洲套話清文啓蒙』満洲文字注音一覧表. KOTONOHA, (101).","Takekoshi 竹越, Takeshi 孝. (2011). 『兼滿漢語滿洲套話清文啓蒙』満洲文字注音一覧表. KOTONOHA, (101). Data extracted from the Qing instructional source 兼滿漢語滿洲套話清文啓蒙 (1763).",『兼滿漢語滿洲套話清文啓蒙』満洲文字注音一覧表,竹越 孝 / Takekoshi Takeshi,2011,兼滿漢語滿洲套話清文啓蒙,1763,忌,gi,ᡤᡳ,qi,j,i［i］,,4,忌 ji / gi,忌
manju-hergen-takekoshi-2011,mandarin,Mandarin,Manchu script transcription of Mandarin,ᠮᠠᠨᠵᡠ ᡥᡝᡵᡤᡝᠨ Manju Hergen,"Takekoshi 竹越, Takeshi 孝. (2011). 『兼滿漢語滿洲套話清文啓蒙』満洲文字注音一覧表. KOTONOHA, (101).","Takekoshi 竹越, Takeshi 孝. (2011). 『兼滿漢語滿洲套話清文啓蒙』満洲文字注音一覧表. KOTONOHA, (101). Data extracted from the Qing instructional source 兼滿漢語滿洲套話清文啓蒙 (1763).",『兼滿漢語滿洲套話清文啓蒙』満洲文字注音一覧表,竹越 孝 / Takekoshi Takeshi,2011,兼滿漢語滿洲套話清文啓蒙,1763,技,ji,ᠵᡳ,tʃi,j,i［i］,,4,技 ji,技
manju-hergen-takekoshi-2011,mandarin,Mandarin,Manchu script transcription of Mandarin,ᠮᠠᠨᠵᡠ ᡥᡝᡵᡤᡝᠨ Manju Hergen,"Takekoshi 竹越, Takeshi 孝. (2011). 『兼滿漢語滿洲套話清文啓蒙』満洲文字注音一覧表. KOTONOHA, (101).","Takekoshi 竹越, Takeshi 孝. (2011). 『兼滿漢語滿洲套話清文啓蒙』満洲文字注音一覧表. KOTONOHA, (101). Data extracted from the Qing instructional source 兼滿漢語滿洲套話清文啓蒙 (1763).",『兼滿漢語滿洲套話清文啓蒙』満洲文字注音一覧表,竹越 孝 / Takekoshi Takeshi,2011,兼滿漢語滿洲套話清文啓蒙,1763,際,ji,ᠵᡳ,tʃi,j,i［i］,2,4,際 ji 2,際
manju-hergen-takekoshi-2011,mandarin,Mandarin,Manchu script transcription of Mandarin,ᠮᠠᠨᠵᡠ ᡥᡝᡵᡤᡝᠨ Manju Hergen,"Takekoshi 竹越, Takeshi 孝. (2011). 『兼滿漢語滿洲套話清文啓蒙』満洲文字注音一覧表. KOTONOHA, (101).","Takekoshi 竹越, Takeshi 孝. (2011). 『兼滿漢語滿洲套話清文啓蒙』満洲文字注音一覧表. KOTONOHA, (101). Data extracted from the Qing instructional source 兼滿漢語滿洲套話清文啓蒙 (1763).",『兼滿漢語滿洲套話清文啓蒙』満洲文字注音一覧表,竹越 孝 / Takekoshi Takeshi,2011,兼滿漢語滿洲套話清文啓蒙,1763,済,ji,ᠵᡳ,tʃi,j,i［i］,,4,済 ji,済
manju-hergen-takekoshi-2011,mandarin,Mandarin,Manchu script transcription of Mandarin,ᠮᠠᠨᠵᡠ ᡥᡝᡵᡤᡝᠨ Manju Hergen,"Takekoshi 竹越, Takeshi 孝. (2011). 『兼滿漢語滿洲套話清文啓蒙』満洲文字注音一覧表. KOTONOHA, (101).","Takekoshi 竹越, Takeshi 孝. (2011). 『兼滿漢語滿洲套話清文啓蒙』満洲文字注音一覧表. KOTONOHA, (101). Data extracted from the Qing instructional source 兼滿漢語滿洲套話清文啓蒙 (1763).",『兼滿漢語滿洲套話清文啓蒙』満洲文字注音一覧表,竹越 孝 / Takekoshi Takeshi,2011,兼滿漢語滿洲套話清文啓蒙,1763,疾,ji,ᠵᡳ,tʃi,j,i［i］,,4,疾 ji,疾
manju-hergen-takekoshi-2011,mandarin,Mandarin,Manchu script transcription of Mandarin,ᠮᠠᠨᠵᡠ ᡥᡝᡵᡤᡝᠨ Manju Hergen,"Takekoshi 竹越, Takeshi 孝. (2011). 『兼滿漢語滿洲套話清文啓蒙』満洲文字注音一覧表. KOTONOHA, (101).","Takekoshi 竹越, Takeshi 孝. (2011). 『兼滿漢語滿洲套話清文啓蒙』満洲文字注音一覧表. KOTONOHA, (101). Data extracted from the Qing instructional source 兼滿漢語滿洲套話清文啓蒙 (1763).",『兼滿漢語滿洲套話清文啓蒙』満洲文字注音一覧表,竹越 孝 / Takekoshi Takeshi,2011,兼滿漢語滿洲套話清文啓蒙,1763,起,ki,ᡴᡳ,qʰi,q,i［i］,20,4,起 ki 20,起
manju-hergen-takekoshi-2011,mandarin,Mandarin,Manchu script transcription of Mandarin,ᠮᠠᠨᠵᡠ ᡥᡝᡵᡤᡝᠨ Manju Hergen,"Takekoshi 竹越, Takeshi 孝. (2011). 『兼滿漢語滿洲套話清文啓蒙』満洲文字注音一覧表. KOTONOHA, (101).","Takekoshi 竹越, Takeshi 孝. (2011). 『兼滿漢語滿洲套話清文啓蒙』満洲文字注音一覧表. KOTONOHA, (101). Data extracted from the Qing instructional source 兼滿漢語滿洲套話清文啓蒙 (1763).",『兼滿漢語滿洲套話清文啓蒙』満洲文字注音一覧表,竹越 孝 / Takekoshi Takeshi,2011,兼滿漢語滿洲套話清文啓蒙,1763,豈,ci,ᠴᡳ,tʃʰi,q,i［i］,12,4,豈 ci 12,豈
manju-hergen-takekoshi-2011,mandarin,Mandarin,Manchu script transcription of Mandarin,ᠮᠠᠨᠵᡠ ᡥᡝᡵᡤᡝᠨ Manju Hergen,"Takekoshi 竹越, Takeshi 孝. (2011). 『兼滿漢語滿洲套話清文啓蒙』満洲文字注音一覧表. KOTONOHA, (101).","Takekoshi 竹越, Takeshi 孝. (2011). 『兼滿漢語滿洲套話清文啓蒙』満洲文字注音一覧表. KOTONOHA, (101). Data extracted from the Qing instructional source 兼滿漢語滿洲套話清文啓蒙 (1763).",『兼滿漢語滿洲套話清文啓蒙』満洲文字注音一覧表,竹越 孝 / Takekoshi Takeshi,2011,兼滿漢語滿洲套話清文啓蒙,1763,其,ci,ᠴᡳ,tʃʰi,q,i［i］,8,4,其 ci 8,其
manju-hergen-takekoshi-2011,mandarin,Mandarin,Manchu script transcription of Mandarin,ᠮᠠᠨᠵᡠ ᡥᡝᡵᡤᡝᠨ Manju Hergen,"Takekoshi 竹越, Takeshi 孝. (2011). 『兼滿漢語滿洲套話清文啓蒙』満洲文字注音一覧表. KOTONOHA, (101).","Takekoshi 竹越, Takeshi 孝. (2011). 『兼滿漢語滿洲套話清文啓蒙』満洲文字注音一覧表. KOTONOHA, (101). Data extracted from the Qing instructional source 兼滿漢語滿洲套話清文啓蒙 (1763).",『兼滿漢語滿洲套話清文啓蒙』満洲文字注音一覧表,竹越 孝 / Takekoshi Takeshi,2011,兼滿漢語滿洲套話清文啓蒙,1763,祈,ci,ᠴᡳ,tʃʰi,q,i［i］,4,4,祈 ci 4 / ki,祈
manju-hergen-takekoshi-2011,mandarin,Mandarin,Manchu script transcription of Mandarin,ᠮᠠᠨᠵᡠ ᡥᡝᡵᡤᡝᠨ Manju Hergen,"Takekoshi 竹越, Takeshi 孝. (2011). 『兼滿漢語滿洲套話清文啓蒙』満洲文字注音一覧表. KOTONOHA, (101).","Takekoshi 竹越, Takeshi 孝. (2011). 『兼滿漢語滿洲套話清文啓蒙』満洲文字注音一覧表. KOTONOHA, (101). Data extracted from the Qing instructional source 兼滿漢語滿洲套話清文啓蒙 (1763).",『兼滿漢語滿洲套話清文啓蒙』満洲文字注音一覧表,竹越 孝 / Takekoshi Takeshi,2011,兼滿漢語滿洲套話清文啓蒙,1763,祈,ki,ᡴᡳ,qʰi,q,i［i］,,4,祈 ci 4 / ki,祈
manju-hergen-takekoshi-2011,mandarin,Mandarin,Manchu script transcription of Mandarin,ᠮᠠᠨᠵᡠ ᡥᡝᡵᡤᡝᠨ Manju Hergen,"Takekoshi 竹越, Takeshi 孝. (2011). 『兼滿漢語滿洲套話清文啓蒙』満洲文字注音一覧表. KOTONOHA, (101).","Takekoshi 竹越, Takeshi 孝. (2011). 『兼滿漢語滿洲套話清文啓蒙』満洲文字注音一覧表. KOTONOHA, (101). Data extracted from the Qing instructional source 兼滿漢語滿洲套話清文啓蒙 (1763).",『兼滿漢語滿洲套話清文啓蒙』満洲文字注音一覧表,竹越 孝 / Takekoshi Takeshi,2011,兼滿漢語滿洲套話清文啓蒙,1763,氣,ki,ᡴᡳ,qʰi,q,i［i］,4,4,氣 ki 4,氣
manju-hergen-takekoshi-2011,mandarin,Mandarin,Manchu script transcription of Mandarin,ᠮᠠᠨᠵᡠ ᡥᡝᡵᡤᡝᠨ Manju Hergen,"Takekoshi 竹越, Takeshi 孝. (2011). 『兼滿漢語滿洲套話清文啓蒙』満洲文字注音一覧表. KOTONOHA, (101).","Takekoshi 竹越, Takeshi 孝. (2011). 『兼滿漢語滿洲套話清文啓蒙』満洲文字注音一覧表. KOTONOHA, (101). Data extracted from the Qing instructional source 兼滿漢語滿洲套話清文啓蒙 (1763).",『兼滿漢語滿洲套話清文啓蒙』満洲文字注音一覧表,竹越 孝 / Takekoshi Takeshi,2011,兼滿漢語滿洲套話清文啓蒙,1763,齊,ci,ᠴᡳ,tʃʰi,q,i［i］,2,4,齊 / 斉 ci 2,齊/斉
manju-hergen-takekoshi-2011,mandarin,Mandarin,Manchu script transcription of Mandarin,ᠮᠠᠨᠵᡠ ᡥᡝᡵᡤᡝᠨ Manju Hergen,"Takekoshi 竹越, Takeshi 孝. (2011). 『兼滿漢語滿洲套話清文啓蒙』満洲文字注音一覧表. KOTONOHA, (101).","Takekoshi 竹越, Takeshi 孝. (2011). 『兼滿漢語滿洲套話清文啓蒙』満洲文字注音一覧表. KOTONOHA, (101). Data extracted from the Qing instructional source 兼滿漢語滿洲套話清文啓蒙 (1763).",『兼滿漢語滿洲套話清文啓蒙』満洲文字注音一覧表,竹越 孝 / Takekoshi Takeshi,2011,兼滿漢語滿洲套話清文啓蒙,1763,斉,ci,ᠴᡳ,tʃʰi,q,i［i］,2,4,齊 / 斉 ci 2,齊/斉
manju-hergen-takekoshi-2011,mandarin,Mandarin,Manchu script transcription of Mandarin,ᠮᠠᠨᠵᡠ ᡥᡝᡵᡤᡝᠨ Manju Hergen,"Takekoshi 竹越, Takeshi 孝. (2011). 『兼滿漢語滿洲套話清文啓蒙』満洲文字注音一覧表. KOTONOHA, (101).","Takekoshi 竹越, Takeshi 孝. (2011). 『兼滿漢語滿洲套話清文啓蒙』満洲文字注音一覧表. KOTONOHA, (101). Data extracted from the Qing instructional source 兼滿漢語滿洲套話清文啓蒙 (1763).",『兼滿漢語滿洲套話清文啓蒙』満洲文字注音一覧表,竹越 孝 / Takekoshi Takeshi,2011,兼滿漢語滿洲套話清文啓蒙,1763,旗,ki,ᡴᡳ,qʰi,q,i［i］,2,4,旗 ki 2,旗
manju-hergen-takekoshi-2011,mandarin,Mandarin,Manchu script transcription of Mandarin,ᠮᠠᠨᠵᡠ ᡥᡝᡵᡤᡝᠨ Manju Hergen,"Takekoshi 竹越, Takeshi 孝. (2011). 『兼滿漢語滿洲套話清文啓蒙』満洲文字注音一覧表. KOTONOHA, (101).","Takekoshi 竹越, Takeshi 孝. (2011). 『兼滿漢語滿洲套話清文啓蒙』満洲文字注音一覧表. KOTONOHA, (101). Data extracted from the Qing instructional source 兼滿漢語滿洲套話清文啓蒙 (1763).",『兼滿漢語滿洲套話清文啓蒙』満洲文字注音一覧表,竹越 孝 / Takekoshi Takeshi,2011,兼滿漢語滿洲套話清文啓蒙,1763,奇,ki,ᡴᡳ,qʰi,q,i［i］,2,4,奇 ki 2,奇
manju-hergen-takekoshi-2011,mandarin,Mandarin,Manchu script transcription of Mandarin,ᠮᠠᠨᠵᡠ ᡥᡝᡵᡤᡝᠨ Manju Hergen,"Takekoshi 竹越, Takeshi 孝. (2011). 『兼滿漢語滿洲套話清文啓蒙』満洲文字注音一覧表. KOTONOHA, (101).","Takekoshi 竹越, Takeshi 孝. (2011). 『兼滿漢語滿洲套話清文啓蒙』満洲文字注音一覧表. KOTONOHA, (101). Data extracted from the Qing instructional source 兼滿漢語滿洲套話清文啓蒙 (1763).",『兼滿漢語滿洲套話清文啓蒙』満洲文字注音一覧表,竹越 孝 / Takekoshi Takeshi,2011,兼滿漢語滿洲套話清文啓蒙,1763,棄,ci,ᠴᡳ,tʃʰi,q,i［i］,,4,棄 ci,棄
manju-hergen-takekoshi-2011,mandarin,Mandarin,Manchu script transcription of Mandarin,ᠮᠠᠨᠵᡠ ᡥᡝᡵᡤᡝᠨ Manju Hergen,"Takekoshi 竹越, Takeshi 孝. (2011). 『兼滿漢語滿洲套話清文啓蒙』満洲文字注音一覧表. KOTONOHA, (101).","Takekoshi 竹越, Takeshi 孝. (2011). 『兼滿漢語滿洲套話清文啓蒙』満洲文字注音一覧表. KOTONOHA, (101). Data extracted from the Qing instructional source 兼滿漢語滿洲套話清文啓蒙 (1763).",『兼滿漢語滿洲套話清文啓蒙』満洲文字注音一覧表,竹越 孝 / Takekoshi Takeshi,2011,兼滿漢語滿洲套話清文啓蒙,1763,乞,ci,ᠴᡳ,tʃʰi,q,i［i］,,4,乞 ci,乞
manju-hergen-takekoshi-2011,mandarin,Mandarin,Manchu script transcription of Mandarin,ᠮᠠᠨᠵᡠ ᡥᡝᡵᡤᡝᠨ Manju Hergen,"Takekoshi 竹越, Takeshi 孝. (2011). 『兼滿漢語滿洲套話清文啓蒙』満洲文字注音一覧表. KOTONOHA, (101).","Takekoshi 竹越, Takeshi 孝. (2011). 『兼滿漢語滿洲套話清文啓蒙』満洲文字注音一覧表. KOTONOHA, (101). Data extracted from the Qing instructional source 兼滿漢語滿洲套話清文啓蒙 (1763).",『兼滿漢語滿洲套話清文啓蒙』満洲文字注音一覧表,竹越 孝 / Takekoshi Takeshi,2011,兼滿漢語滿洲套話清文啓蒙,1763,騎,ki,ᡴᡳ,qʰi,q,i［i］,,4,騎 ki,騎
manju-hergen-takekoshi-2011,mandarin,Mandarin,Manchu script transcription of Mandarin,ᠮᠠᠨᠵᡠ ᡥᡝᡵᡤᡝᠨ Manju Hergen,"Takekoshi 竹越, Takeshi 孝. (2011). 『兼滿漢語滿洲套話清文啓蒙』満洲文字注音一覧表. KOTONOHA, (101).","Takekoshi 竹越, Takeshi 孝. (2011). 『兼滿漢語滿洲套話清文啓蒙』満洲文字注音一覧表. KOTONOHA, (101). Data extracted from the Qing instructional source 兼滿漢語滿洲套話清文啓蒙 (1763).",『兼滿漢語滿洲套話清文啓蒙』満洲文字注音一覧表,竹越 孝 / Takekoshi Takeshi,2011,兼滿漢語滿洲套話清文啓蒙,1763,西,si,ᠰᡳ,si,x,i［i］,14,4,西 si 14,西
manju-hergen-takekoshi-2011,mandarin,Mandarin,Manchu script transcription of Mandarin,ᠮᠠᠨᠵᡠ ᡥᡝᡵᡤᡝᠨ Manju Hergen,"Takekoshi 竹越, Takeshi 孝. (2011). 『兼滿漢語滿洲套話清文啓蒙』満洲文字注音一覧表. KOTONOHA, (101).","Takekoshi 竹越, Takeshi 孝. (2011). 『兼滿漢語滿洲套話清文啓蒙』満洲文字注音一覧表. KOTONOHA, (101). Data extracted from the Qing instructional source 兼滿漢語滿洲套話清文啓蒙 (1763).",『兼滿漢語滿洲套話清文啓蒙』満洲文字注音一覧表,竹越 孝 / Takekoshi Takeshi,2011,兼滿漢語滿洲套話清文啓蒙,1763,喜,hi,ᡥᡳ,χi,x,i［i］,9,4,喜 hi 9,喜
manju-hergen-takekoshi-2011,mandarin,Mandarin,Manchu script transcription of Mandarin,ᠮᠠᠨᠵᡠ ᡥᡝᡵᡤᡝᠨ Manju Hergen,"Takekoshi 竹越, Takeshi 孝. (2011). 『兼滿漢語滿洲套話清文啓蒙』満洲文字注音一覧表. KOTONOHA, (101).","Takekoshi 竹越, Takeshi 孝. (2011). 『兼滿漢語滿洲套話清文啓蒙』満洲文字注音一覧表. KOTONOHA, (101). Data extracted from the Qing instructional source 兼滿漢語滿洲套話清文啓蒙 (1763).",『兼滿漢語滿洲套話清文啓蒙』満洲文字注音一覧表,竹越 孝 / Takekoshi Takeshi,2011,兼滿漢語滿洲套話清文啓蒙,1763,細,si,ᠰᡳ,si,x,i［i］,5,4,細 si 5,細
manju-hergen-takekoshi-2011,mandarin,Mandarin,Manchu script transcription of Mandarin,ᠮᠠᠨᠵᡠ ᡥᡝᡵᡤᡝᠨ Manju Hergen,"Takekoshi 竹越, Takeshi 孝. (2011). 『兼滿漢語滿洲套話清文啓蒙』満洲文字注音一覧表. KOTONOHA, (101).","Takekoshi 竹越, Takeshi 孝. (2011). 『兼滿漢語滿洲套話清文啓蒙』満洲文字注音一覧表. KOTONOHA, (101). Data extracted from the Qing instructional source 兼滿漢語滿洲套話清文啓蒙 (1763).",『兼滿漢語滿洲套話清文啓蒙』満洲文字注音一覧表,竹越 孝 / Takekoshi Takeshi,2011,兼滿漢語滿洲套話清文啓蒙,1763,係,si,ᠰᡳ,si,x,i［i］,2,4,係 si 2,係
manju-hergen-takekoshi-2011,mandarin,Mandarin,Manchu script transcription of Mandarin,ᠮᠠᠨᠵᡠ ᡥᡝᡵᡤᡝᠨ Manju Hergen,"Takekoshi 竹越, Takeshi 孝. (2011). 『兼滿漢語滿洲套話清文啓蒙』満洲文字注音一覧表. KOTONOHA, (101).","Takekoshi 竹越, Takeshi 孝. (2011). 『兼滿漢語滿洲套話清文啓蒙』満洲文字注音一覧表. KOTONOHA, (101). Data extracted from the Qing instructional source 兼滿漢語滿洲套話清文啓蒙 (1763).",『兼滿漢語滿洲套話清文啓蒙』満洲文字注音一覧表,竹越 孝 / Takekoshi Takeshi,2011,兼滿漢語滿洲套話清文啓蒙,1763,習,si,ᠰᡳ,si,x,i［i］,,4,習 si,習
manju-hergen-takekoshi-2011,mandarin,Mandarin,Manchu script transcription of Mandarin,ᠮᠠᠨᠵᡠ ᡥᡝᡵᡤᡝᠨ Manju Hergen,"Takekoshi 竹越, Takeshi 孝. (2011). 『兼滿漢語滿洲套話清文啓蒙』満洲文字注音一覧表. KOTONOHA, (101).","Takekoshi 竹越, Takeshi 孝. (2011). 『兼滿漢語滿洲套話清文啓蒙』満洲文字注音一覧表. KOTONOHA, (101). Data extracted from the Qing instructional source 兼滿漢語滿洲套話清文啓蒙 (1763).",『兼滿漢語滿洲套話清文啓蒙』満洲文字注音一覧表,竹越 孝 / Takekoshi Takeshi,2011,兼滿漢語滿洲套話清文啓蒙,1763,希,hi,ᡥᡳ,χi,x,i［i］,,4,希 hi,希
manju-hergen-takekoshi-2011,mandarin,Mandarin,Manchu script transcription of Mandarin,ᠮᠠᠨᠵᡠ ᡥᡝᡵᡤᡝᠨ Manju Hergen,"Takekoshi 竹越, Takeshi 孝. (2011). 『兼滿漢語滿洲套話清文啓蒙』満洲文字注音一覧表. KOTONOHA, (101).","Takekoshi 竹越, Takeshi 孝. (2011). 『兼滿漢語滿洲套話清文啓蒙』満洲文字注音一覧表. KOTONOHA, (101). Data extracted from the Qing instructional source 兼滿漢語滿洲套話清文啓蒙 (1763).",『兼滿漢語滿洲套話清文啓蒙』満洲文字注音一覧表,竹越 孝 / Takekoshi Takeshi,2011,兼滿漢語滿洲套話清文啓蒙,1763,席,si,ᠰᡳ,si,x,i［i］,,4,席 si,席
manju-hergen-takekoshi-2011,mandarin,Mandarin,Manchu script transcription of Mandarin,ᠮᠠᠨᠵᡠ ᡥᡝᡵᡤᡝᠨ Manju Hergen,"Takekoshi 竹越, Takeshi 孝. (2011). 『兼滿漢語滿洲套話清文啓蒙』満洲文字注音一覧表. KOTONOHA, (101).","Takekoshi 竹越, Takeshi 孝. (2011). 『兼滿漢語滿洲套話清文啓蒙』満洲文字注音一覧表. KOTONOHA, (101). Data extracted from the Qing instructional source 兼滿漢語滿洲套話清文啓蒙 (1763).",『兼滿漢語滿洲套話清文啓蒙』満洲文字注音一覧表,竹越 孝 / Takekoshi Takeshi,2011,兼滿漢語滿洲套話清文啓蒙,1763,一,i,ᡳ,i,y,i［i］,105,4,一 i 105,一
manju-hergen-takekoshi-2011,mandarin,Mandarin,Manchu script transcription of Mandarin,ᠮᠠᠨᠵᡠ ᡥᡝᡵᡤᡝᠨ Manju Hergen,"Takekoshi 竹越, Takeshi 孝. (2011). 『兼滿漢語滿洲套話清文啓蒙』満洲文字注音一覧表. KOTONOHA, (101).","Takekoshi 竹越, Takeshi 孝. (2011). 『兼滿漢語滿洲套話清文啓蒙』満洲文字注音一覧表. KOTONOHA, (101). Data extracted from the Qing instructional source 兼滿漢語滿洲套話清文啓蒙 (1763).",『兼滿漢語滿洲套話清文啓蒙』満洲文字注音一覧表,竹越 孝 / Takekoshi Takeshi,2011,兼滿漢語滿洲套話清文啓蒙,1763,以,i,ᡳ,i,y,i［i］,15,4,以 i 15,以
manju-hergen-takekoshi-2011,mandarin,Mandarin,Manchu script transcription of Mandarin,ᠮᠠᠨᠵᡠ ᡥᡝᡵᡤᡝᠨ Manju Hergen,"Takekoshi 竹越, Takeshi 孝. (2011). 『兼滿漢語滿洲套話清文啓蒙』満洲文字注音一覧表. KOTONOHA, (101).","Takekoshi 竹越, Takeshi 孝. (2011). 『兼滿漢語滿洲套話清文啓蒙』満洲文字注音一覧表. KOTONOHA, (101). Data extracted from the Qing instructional source 兼滿漢語滿洲套話清文啓蒙 (1763).",『兼滿漢語滿洲套話清文啓蒙』満洲文字注音一覧表,竹越 孝 / Takekoshi Takeshi,2011,兼滿漢語滿洲套話清文啓蒙,1763,意,i,ᡳ,i,y,i［i］,12,4,意 i 12,意
manju-hergen-takekoshi-2011,mandarin,Mandarin,Manchu script transcription of Mandarin,ᠮᠠᠨᠵᡠ ᡥᡝᡵᡤᡝᠨ Manju Hergen,"Takekoshi 竹越, Takeshi 孝. (2011). 『兼滿漢語滿洲套話清文啓蒙』満洲文字注音一覧表. KOTONOHA, (101).","Takekoshi 竹越, Takeshi 孝. (2011). 『兼滿漢語滿洲套話清文啓蒙』満洲文字注音一覧表. KOTONOHA, (101). Data extracted from the Qing instructional source 兼滿漢語滿洲套話清文啓蒙 (1763).",『兼滿漢語滿洲套話清文啓蒙』満洲文字注音一覧表,竹越 孝 / Takekoshi Takeshi,2011,兼滿漢語滿洲套話清文啓蒙,1763,已,i,ᡳ,i,y,i［i］,5,4,已 i 5,已
manju-hergen-takekoshi-2011,mandarin,Mandarin,Manchu script transcription of Mandarin,ᠮᠠᠨᠵᡠ ᡥᡝᡵᡤᡝᠨ Manju Hergen,"Takekoshi 竹越, Takeshi 孝. (2011). 『兼滿漢語滿洲套話清文啓蒙』満洲文字注音一覧表. KOTONOHA, (101).","Takekoshi 竹越, Takeshi 孝. (2011). 『兼滿漢語滿洲套話清文啓蒙』満洲文字注音一覧表. KOTONOHA, (101). Data extracted from the Qing instructional source 兼滿漢語滿洲套話清文啓蒙 (1763).",『兼滿漢語滿洲套話清文啓蒙』満洲文字注音一覧表,竹越 孝 / Takekoshi Takeshi,2011,兼滿漢語滿洲套話清文啓蒙,1763,依,i,ᡳ,i,y,i［i］,5,4,依 i 5,依
manju-hergen-takekoshi-2011,mandarin,Mandarin,Manchu script transcription of Mandarin,ᠮᠠᠨᠵᡠ ᡥᡝᡵᡤᡝᠨ Manju Hergen,"Takekoshi 竹越, Takeshi 孝. (2011). 『兼滿漢語滿洲套話清文啓蒙』満洲文字注音一覧表. KOTONOHA, (101).","Takekoshi 竹越, Takeshi 孝. (2011). 『兼滿漢語滿洲套話清文啓蒙』満洲文字注音一覧表. KOTONOHA, (101). Data extracted from the Qing instructional source 兼滿漢語滿洲套話清文啓蒙 (1763).",『兼滿漢語滿洲套話清文啓蒙』満洲文字注音一覧表,竹越 孝 / Takekoshi Takeshi,2011,兼滿漢語滿洲套話清文啓蒙,1763,益,i,ᡳ,i,y,i［i］,4,4,益 i 4,益
manju-hergen-takekoshi-2011,mandarin,Mandarin,Manchu script transcription of Mandarin,ᠮᠠᠨᠵᡠ ᡥᡝᡵᡤᡝᠨ Manju Hergen,"Takekoshi 竹越, Takeshi 孝. (2011). 『兼滿漢語滿洲套話清文啓蒙』満洲文字注音一覧表. KOTONOHA, (101).","Takekoshi 竹越, Takeshi 孝. (2011). 『兼滿漢語滿洲套話清文啓蒙』満洲文字注音一覧表. KOTONOHA, (101). Data extracted from the Qing instructional source 兼滿漢語滿洲套話清文啓蒙 (1763).",『兼滿漢語滿洲套話清文啓蒙』満洲文字注音一覧表,竹越 孝 / Takekoshi Takeshi,2011,兼滿漢語滿洲套話清文啓蒙,1763,疑,i,ᡳ,i,y,i［i］,3,4,疑 i 3,疑
manju-hergen-takekoshi-2011,mandarin,Mandarin,Manchu script transcription of Mandarin,ᠮᠠᠨᠵᡠ ᡥᡝᡵᡤᡝᠨ Manju Hergen,"Takekoshi 竹越, Takeshi 孝. (2011). 『兼滿漢語滿洲套話清文啓蒙』満洲文字注音一覧表. KOTONOHA, (101).","Takekoshi 竹越, Takeshi 孝. (2011). 『兼滿漢語滿洲套話清文啓蒙』満洲文字注音一覧表. KOTONOHA, (101). Data extracted from the Qing instructional source 兼滿漢語滿洲套話清文啓蒙 (1763).",『兼滿漢語滿洲套話清文啓蒙』満洲文字注音一覧表,竹越 孝 / Takekoshi Takeshi,2011,兼滿漢語滿洲套話清文啓蒙,1763,易,i,ᡳ,i,y,i［i］,3,4,易 i 3,易
manju-hergen-takekoshi-2011,mandarin,Mandarin,Manchu script transcription of Mandarin,ᠮᠠᠨᠵᡠ ᡥᡝᡵᡤᡝᠨ Manju Hergen,"Takekoshi 竹越, Takeshi 孝. (2011). 『兼滿漢語滿洲套話清文啓蒙』満洲文字注音一覧表. KOTONOHA, (101).","Takekoshi 竹越, Takeshi 孝. (2011). 『兼滿漢語滿洲套話清文啓蒙』満洲文字注音一覧表. KOTONOHA, (101). Data extracted from the Qing instructional source 兼滿漢語滿洲套話清文啓蒙 (1763).",『兼滿漢語滿洲套話清文啓蒙』満洲文字注音一覧表,竹越 孝 / Takekoshi Takeshi,2011,兼滿漢語滿洲套話清文啓蒙,1763,繹,i,ᡳ,i,y,i［i］,2,4,繹 i 2,繹
manju-hergen-takekoshi-2011,mandarin,Mandarin,Manchu script transcription of Mandarin,ᠮᠠᠨᠵᡠ ᡥᡝᡵᡤᡝᠨ Manju Hergen,"Takekoshi 竹越, Takeshi 孝. (2011). 『兼滿漢語滿洲套話清文啓蒙』満洲文字注音一覧表. KOTONOHA, (101).","Takekoshi 竹越, Takeshi 孝. (2011). 『兼滿漢語滿洲套話清文啓蒙』満洲文字注音一覧表. KOTONOHA, (101). Data extracted from the Qing instructional source 兼滿漢語滿洲套話清文啓蒙 (1763).",『兼滿漢語滿洲套話清文啓蒙』満洲文字注音一覧表,竹越 孝 / Takekoshi Takeshi,2011,兼滿漢語滿洲套話清文啓蒙,1763,異,i,ᡳ,i,y,i［i］,,4,異 i,異
manju-hergen-takekoshi-2011,mandarin,Mandarin,Manchu script transcription of Mandarin,ᠮᠠᠨᠵᡠ ᡥᡝᡵᡤᡝᠨ Manju Hergen,"Takekoshi 竹越, Takeshi 孝. (2011). 『兼滿漢語滿洲套話清文啓蒙』満洲文字注音一覧表. KOTONOHA, (101).","Takekoshi 竹越, Takeshi 孝. (2011). 『兼滿漢語滿洲套話清文啓蒙』満洲文字注音一覧表. KOTONOHA, (101). Data extracted from the Qing instructional source 兼滿漢語滿洲套話清文啓蒙 (1763).",『兼滿漢語滿洲套話清文啓蒙』満洲文字注音一覧表,竹越 孝 / Takekoshi Takeshi,2011,兼滿漢語滿洲套話清文啓蒙,1763,衣,i,ᡳ,i,y,i［i］,,4,衣 i,衣
manju-hergen-takekoshi-2011,mandarin,Mandarin,Manchu script transcription of Mandarin,ᠮᠠᠨᠵᡠ ᡥᡝᡵᡤᡝᠨ Manju Hergen,"Takekoshi 竹越, Takeshi 孝. (2011). 『兼滿漢語滿洲套話清文啓蒙』満洲文字注音一覧表. KOTONOHA, (101).","Takekoshi 竹越, Takeshi 孝. (2011). 『兼滿漢語滿洲套話清文啓蒙』満洲文字注音一覧表. KOTONOHA, (101). Data extracted from the Qing instructional source 兼滿漢語滿洲套話清文啓蒙 (1763).",『兼滿漢語滿洲套話清文啓蒙』満洲文字注音一覧表,竹越 孝 / Takekoshi Takeshi,2011,兼滿漢語滿洲套話清文啓蒙,1763,宜,i,ᡳ,i,y,i［i］,,4,宜 i,宜
manju-hergen-takekoshi-2011,mandarin,Mandarin,Manchu script transcription of Mandarin,ᠮᠠᠨᠵᡠ ᡥᡝᡵᡤᡝᠨ Manju Hergen,"Takekoshi 竹越, Takeshi 孝. (2011). 『兼滿漢語滿洲套話清文啓蒙』満洲文字注音一覧表. KOTONOHA, (101).","Takekoshi 竹越, Takeshi 孝. (2011). 『兼滿漢語滿洲套話清文啓蒙』満洲文字注音一覧表. KOTONOHA, (101). Data extracted from the Qing instructional source 兼滿漢語滿洲套話清文啓蒙 (1763).",『兼滿漢語滿洲套話清文啓蒙』満洲文字注音一覧表,竹越 孝 / Takekoshi Takeshi,2011,兼滿漢語滿洲套話清文啓蒙,1763,倚,i,ᡳ,i,y,i［i］,,4,倚 i,倚
manju-hergen-takekoshi-2011,mandarin,Mandarin,Manchu script transcription of Mandarin,ᠮᠠᠨᠵᡠ ᡥᡝᡵᡤᡝᠨ Manju Hergen,"Takekoshi 竹越, Takeshi 孝. (2011). 『兼滿漢語滿洲套話清文啓蒙』満洲文字注音一覧表. KOTONOHA, (101).","Takekoshi 竹越, Takeshi 孝. (2011). 『兼滿漢語滿洲套話清文啓蒙』満洲文字注音一覧表. KOTONOHA, (101). Data extracted from the Qing instructional source 兼滿漢語滿洲套話清文啓蒙 (1763).",『兼滿漢語滿洲套話清文啓蒙』満洲文字注音一覧表,竹越 孝 / Takekoshi Takeshi,2011,兼滿漢語滿洲套話清文啓蒙,1763,矣,i,ᡳ,i,y,i［i］,,4,矣 i,矣
manju-hergen-takekoshi-2011,mandarin,Mandarin,Manchu script transcription of Mandarin,ᠮᠠᠨᠵᡠ ᡥᡝᡵᡤᡝᠨ Manju Hergen,"Takekoshi 竹越, Takeshi 孝. (2011). 『兼滿漢語滿洲套話清文啓蒙』満洲文字注音一覧表. KOTONOHA, (101).","Takekoshi 竹越, Takeshi 孝. (2011). 『兼滿漢語滿洲套話清文啓蒙』満洲文字注音一覧表. KOTONOHA, (101). Data extracted from the Qing instructional source 兼滿漢語滿洲套話清文啓蒙 (1763).",『兼滿漢語滿洲套話清文啓蒙』満洲文字注音一覧表,竹越 孝 / Takekoshi Takeshi,2011,兼滿漢語滿洲套話清文啓蒙,1763,不,bu,ᠪᡠ,pu,b,u,270,4,不 bu 270,不
manju-hergen-takekoshi-2011,mandarin,Mandarin,Manchu script transcription of Mandarin,ᠮᠠᠨᠵᡠ ᡥᡝᡵᡤᡝᠨ Manju Hergen,"Takekoshi 竹越, Takeshi 孝. (2011). 『兼滿漢語滿洲套話清文啓蒙』満洲文字注音一覧表. KOTONOHA, (101).","Takekoshi 竹越, Takeshi 孝. (2011). 『兼滿漢語滿洲套話清文啓蒙』満洲文字注音一覧表. KOTONOHA, (101). Data extracted from the Qing instructional source 兼滿漢語滿洲套話清文啓蒙 (1763).",『兼滿漢語滿洲套話清文啓蒙』満洲文字注音一覧表,竹越 孝 / Takekoshi Takeshi,2011,兼滿漢語滿洲套話清文啓蒙,1763,歩,bu,ᠪᡠ,pu,b,u,5,4,歩 bu 5,歩
manju-hergen-takekoshi-2011,mandarin,Mandarin,Manchu script transcription of Mandarin,ᠮᠠᠨᠵᡠ ᡥᡝᡵᡤᡝᠨ Manju Hergen,"Takekoshi 竹越, Takeshi 孝. (2011). 『兼滿漢語滿洲套話清文啓蒙』満洲文字注音一覧表. KOTONOHA, (101).","Takekoshi 竹越, Takeshi 孝. (2011). 『兼滿漢語滿洲套話清文啓蒙』満洲文字注音一覧表. KOTONOHA, (101). Data extracted from the Qing instructional source 兼滿漢語滿洲套話清文啓蒙 (1763).",『兼滿漢語滿洲套話清文啓蒙』満洲文字注音一覧表,竹越 孝 / Takekoshi Takeshi,2011,兼滿漢語滿洲套話清文啓蒙,1763,部,bu,ᠪᡠ,pu,b,u,,4,部 bu,部
manju-hergen-takekoshi-2011,mandarin,Mandarin,Manchu script transcription of Mandarin,ᠮᠠᠨᠵᡠ ᡥᡝᡵᡤᡝᠨ Manju Hergen,"Takekoshi 竹越, Takeshi 孝. (2011). 『兼滿漢語滿洲套話清文啓蒙』満洲文字注音一覧表. KOTONOHA, (101).","Takekoshi 竹越, Takeshi 孝. (2011). 『兼滿漢語滿洲套話清文啓蒙』満洲文字注音一覧表. KOTONOHA, (101). Data extracted from the Qing instructional source 兼滿漢語滿洲套話清文啓蒙 (1763).",『兼滿漢語滿洲套話清文啓蒙』満洲文字注音一覧表,竹越 孝 / Takekoshi Takeshi,2011,兼滿漢語滿洲套話清文啓蒙,1763,鋪,pu,ᡦᡠ,pʰu,p,u,,4,鋪 pu,鋪
manju-hergen-takekoshi-2011,mandarin,Mandarin,Manchu script transcription of Mandarin,ᠮᠠᠨᠵᡠ ᡥᡝᡵᡤᡝᠨ Manju Hergen,"Takekoshi 竹越, Takeshi 孝. (2011). 『兼滿漢語滿洲套話清文啓蒙』満洲文字注音一覧表. KOTONOHA, (101).","Takekoshi 竹越, Takeshi 孝. (2011). 『兼滿漢語滿洲套話清文啓蒙』満洲文字注音一覧表. KOTONOHA, (101). Data extracted from the Qing instructional source 兼滿漢語滿洲套話清文啓蒙 (1763).",『兼滿漢語滿洲套話清文啓蒙』満洲文字注音一覧表,竹越 孝 / Takekoshi Takeshi,2011,兼滿漢語滿洲套話清文啓蒙,1763,夫,fu,ᡶᡠ,fu,f,u,9,4,夫 fu 9,夫
manju-hergen-takekoshi-2011,mandarin,Mandarin,Manchu script transcription of Mandarin,ᠮᠠᠨᠵᡠ ᡥᡝᡵᡤᡝᠨ Manju Hergen,"Takekoshi 竹越, Takeshi 孝. (2011). 『兼滿漢語滿洲套話清文啓蒙』満洲文字注音一覧表. KOTONOHA, (101).","Takekoshi 竹越, Takeshi 孝. (2011). 『兼滿漢語滿洲套話清文啓蒙』満洲文字注音一覧表. KOTONOHA, (101). Data extracted from the Qing instructional source 兼滿漢語滿洲套話清文啓蒙 (1763).",『兼滿漢語滿洲套話清文啓蒙』満洲文字注音一覧表,竹越 孝 / Takekoshi Takeshi,2011,兼滿漢語滿洲套話清文啓蒙,1763,傅,fu,ᡶᡠ,fu,f,u,8,4,傅 fu 8,傅
manju-hergen-takekoshi-2011,mandarin,Mandarin,Manchu script transcription of Mandarin,ᠮᠠᠨᠵᡠ ᡥᡝᡵᡤᡝᠨ Manju Hergen,"Takekoshi 竹越, Takeshi 孝. (2011). 『兼滿漢語滿洲套話清文啓蒙』満洲文字注音一覧表. KOTONOHA, (101).","Takekoshi 竹越, Takeshi 孝. (2011). 『兼滿漢語滿洲套話清文啓蒙』満洲文字注音一覧表. KOTONOHA, (101). Data extracted from the Qing instructional source 兼滿漢語滿洲套話清文啓蒙 (1763).",『兼滿漢語滿洲套話清文啓蒙』満洲文字注音一覧表,竹越 孝 / Takekoshi Takeshi,2011,兼滿漢語滿洲套話清文啓蒙,1763,福,fu,ᡶᡠ,fu,f,u,2,4,福 fu 2,福
manju-hergen-takekoshi-2011,mandarin,Mandarin,Manchu script transcription of Mandarin,ᠮᠠᠨᠵᡠ ᡥᡝᡵᡤᡝᠨ Manju Hergen,"Takekoshi 竹越, Takeshi 孝. (2011). 『兼滿漢語滿洲套話清文啓蒙』満洲文字注音一覧表. KOTONOHA, (101).","Takekoshi 竹越, Takeshi 孝. (2011). 『兼滿漢語滿洲套話清文啓蒙』満洲文字注音一覧表. KOTONOHA, (101). Data extracted from the Qing instructional source 兼滿漢語滿洲套話清文啓蒙 (1763).",『兼滿漢語滿洲套話清文啓蒙』満洲文字注音一覧表,竹越 孝 / Takekoshi Takeshi,2011,兼滿漢語滿洲套話清文啓蒙,1763,付,fu,ᡶᡠ,fu,f,u,3,4,付 fu 3,付
manju-hergen-takekoshi-2011,mandarin,Mandarin,Manchu script transcription of Mandarin,ᠮᠠᠨᠵᡠ ᡥᡝᡵᡤᡝᠨ Manju Hergen,"Takekoshi 竹越, Takeshi 孝. (2011). 『兼滿漢語滿洲套話清文啓蒙』満洲文字注音一覧表. KOTONOHA, (101).","Takekoshi 竹越, Takeshi 孝. (2011). 『兼滿漢語滿洲套話清文啓蒙』満洲文字注音一覧表. KOTONOHA, (101). Data extracted from the Qing instructional source 兼滿漢語滿洲套話清文啓蒙 (1763).",『兼滿漢語滿洲套話清文啓蒙』満洲文字注音一覧表,竹越 孝 / Takekoshi Takeshi,2011,兼滿漢語滿洲套話清文啓蒙,1763,服,fu,ᡶᡠ,fu,f,u,2,4,服 fu 2,服
manju-hergen-takekoshi-2011,mandarin,Mandarin,Manchu script transcription of Mandarin,ᠮᠠᠨᠵᡠ ᡥᡝᡵᡤᡝᠨ Manju Hergen,"Takekoshi 竹越, Takeshi 孝. (2011). 『兼滿漢語滿洲套話清文啓蒙』満洲文字注音一覧表. KOTONOHA, (101).","Takekoshi 竹越, Takeshi 孝. (2011). 『兼滿漢語滿洲套話清文啓蒙』満洲文字注音一覧表. KOTONOHA, (101). Data extracted from the Qing instructional source 兼滿漢語滿洲套話清文啓蒙 (1763).",『兼滿漢語滿洲套話清文啓蒙』満洲文字注音一覧表,竹越 孝 / Takekoshi Takeshi,2011,兼滿漢語滿洲套話清文啓蒙,1763,父,fu,ᡶᡠ,fu,f,u,2,4,父 fu 2,父
manju-hergen-takekoshi-2011,mandarin,Mandarin,Manchu script transcription of Mandarin,ᠮᠠᠨᠵᡠ ᡥᡝᡵᡤᡝᠨ Manju Hergen,"Takekoshi 竹越, Takeshi 孝. (2011). 『兼滿漢語滿洲套話清文啓蒙』満洲文字注音一覧表. KOTONOHA, (101).","Takekoshi 竹越, Takeshi 孝. (2011). 『兼滿漢語滿洲套話清文啓蒙』満洲文字注音一覧表. KOTONOHA, (101). Data extracted from the Qing instructional source 兼滿漢語滿洲套話清文啓蒙 (1763).",『兼滿漢語滿洲套話清文啓蒙』満洲文字注音一覧表,竹越 孝 / Takekoshi Takeshi,2011,兼滿漢語滿洲套話清文啓蒙,1763,復,fu,ᡶᡠ,fu,f,u,,4,復 fu,復
manju-hergen-takekoshi-2011,mandarin,Mandarin,Manchu script transcription of Mandarin,ᠮᠠᠨᠵᡠ ᡥᡝᡵᡤᡝᠨ Manju Hergen,"Takekoshi 竹越, Takeshi 孝. (2011). 『兼滿漢語滿洲套話清文啓蒙』満洲文字注音一覧表. KOTONOHA, (101).","Takekoshi 竹越, Takeshi 孝. (2011). 『兼滿漢語滿洲套話清文啓蒙』満洲文字注音一覧表. KOTONOHA, (101). Data extracted from the Qing instructional source 兼滿漢語滿洲套話清文啓蒙 (1763).",『兼滿漢語滿洲套話清文啓蒙』満洲文字注音一覧表,竹越 孝 / Takekoshi Takeshi,2011,兼滿漢語滿洲套話清文啓蒙,1763,腹,fu,ᡶᡠ,fu,f,u,,4,腹 fu,腹
manju-hergen-takekoshi-2011,mandarin,Mandarin,Manchu script transcription of Mandarin,ᠮᠠᠨᠵᡠ ᡥᡝᡵᡤᡝᠨ Manju Hergen,"Takekoshi 竹越, Takeshi 孝. (2011). 『兼滿漢語滿洲套話清文啓蒙』満洲文字注音一覧表. KOTONOHA, (101).","Takekoshi 竹越, Takeshi 孝. (2011). 『兼滿漢語滿洲套話清文啓蒙』満洲文字注音一覧表. KOTONOHA, (101). Data extracted from the Qing instructional source 兼滿漢語滿洲套話清文啓蒙 (1763).",『兼滿漢語滿洲套話清文啓蒙』満洲文字注音一覧表,竹越 孝 / Takekoshi Takeshi,2011,兼滿漢語滿洲套話清文啓蒙,1763,負,fu,ᡶᡠ,fu,f,u,,4,負 fu,負
manju-hergen-takekoshi-2011,mandarin,Mandarin,Manchu script transcription of Mandarin,ᠮᠠᠨᠵᡠ ᡥᡝᡵᡤᡝᠨ Manju Hergen,"Takekoshi 竹越, Takeshi 孝. (2011). 『兼滿漢語滿洲套話清文啓蒙』満洲文字注音一覧表. KOTONOHA, (101).","Takekoshi 竹越, Takeshi 孝. (2011). 『兼滿漢語滿洲套話清文啓蒙』満洲文字注音一覧表. KOTONOHA, (101). Data extracted from the Qing instructional source 兼滿漢語滿洲套話清文啓蒙 (1763).",『兼滿漢語滿洲套話清文啓蒙』満洲文字注音一覧表,竹越 孝 / Takekoshi Takeshi,2011,兼滿漢語滿洲套話清文啓蒙,1763,富,fu,ᡶᡠ,fu,f,u,,4,富 fu,富
manju-hergen-takekoshi-2011,mandarin,Mandarin,Manchu script transcription of Mandarin,ᠮᠠᠨᠵᡠ ᡥᡝᡵᡤᡝᠨ Manju Hergen,"Takekoshi 竹越, Takeshi 孝. (2011). 『兼滿漢語滿洲套話清文啓蒙』満洲文字注音一覧表. KOTONOHA, (101).","Takekoshi 竹越, Takeshi 孝. (2011). 『兼滿漢語滿洲套話清文啓蒙』満洲文字注音一覧表. KOTONOHA, (101). Data extracted from the Qing instructional source 兼滿漢語滿洲套話清文啓蒙 (1763).",『兼滿漢語滿洲套話清文啓蒙』満洲文字注音一覧表,竹越 孝 / Takekoshi Takeshi,2011,兼滿漢語滿洲套話清文啓蒙,1763,府,fu,ᡶᡠ,fu,f,u,,4,府 fu,府
manju-hergen-takekoshi-2011,mandarin,Mandarin,Manchu script transcription of Mandarin,ᠮᠠᠨᠵᡠ ᡥᡝᡵᡤᡝᠨ Manju Hergen,"Takekoshi 竹越, Takeshi 孝. (2011). 『兼滿漢語滿洲套話清文啓蒙』満洲文字注音一覧表. KOTONOHA, (101).","Takekoshi 竹越, Takeshi 孝. (2011). 『兼滿漢語滿洲套話清文啓蒙』満洲文字注音一覧表. KOTONOHA, (101). Data extracted from the Qing instructional source 兼滿漢語滿洲套話清文啓蒙 (1763).",『兼滿漢語滿洲套話清文啓蒙』満洲文字注音一覧表,竹越 孝 / Takekoshi Takeshi,2011,兼滿漢語滿洲套話清文啓蒙,1763,撫,fu,ᡶᡠ,fu,f,u,,4,撫 fu,撫
manju-hergen-takekoshi-2011,mandarin,Mandarin,Manchu script transcription of Mandarin,ᠮᠠᠨᠵᡠ ᡥᡝᡵᡤᡝᠨ Manju Hergen,"Takekoshi 竹越, Takeshi 孝. (2011). 『兼滿漢語滿洲套話清文啓蒙』満洲文字注音一覧表. KOTONOHA, (101).","Takekoshi 竹越, Takeshi 孝. (2011). 『兼滿漢語滿洲套話清文啓蒙』満洲文字注音一覧表. KOTONOHA, (101). Data extracted from the Qing instructional source 兼滿漢語滿洲套話清文啓蒙 (1763).",『兼滿漢語滿洲套話清文啓蒙』満洲文字注音一覧表,竹越 孝 / Takekoshi Takeshi,2011,兼滿漢語滿洲套話清文啓蒙,1763,浮,feo,ᡶᡝᠣ,fəo,f,u,,4,浮 feo,浮
manju-hergen-takekoshi-2011,mandarin,Mandarin,Manchu script transcription of Mandarin,ᠮᠠᠨᠵᡠ ᡥᡝᡵᡤᡝᠨ Manju Hergen,"Takekoshi 竹越, Takeshi 孝. (2011). 『兼滿漢語滿洲套話清文啓蒙』満洲文字注音一覧表. KOTONOHA, (101).","Takekoshi 竹越, Takeshi 孝. (2011). 『兼滿漢語滿洲套話清文啓蒙』満洲文字注音一覧表. KOTONOHA, (101). Data extracted from the Qing instructional source 兼滿漢語滿洲套話清文啓蒙 (1763).",『兼滿漢語滿洲套話清文啓蒙』満洲文字注音一覧表,竹越 孝 / Takekoshi Takeshi,2011,兼滿漢語滿洲套話清文啓蒙,1763,都,du,ᡩᡠ,tu,d,u,56,4,都 du 56,都
manju-hergen-takekoshi-2011,mandarin,Mandarin,Manchu script transcription of Mandarin,ᠮᠠᠨᠵᡠ ᡥᡝᡵᡤᡝᠨ Manju Hergen,"Takekoshi 竹越, Takeshi 孝. (2011). 『兼滿漢語滿洲套話清文啓蒙』満洲文字注音一覧表. KOTONOHA, (101).","Takekoshi 竹越, Takeshi 孝. (2011). 『兼滿漢語滿洲套話清文啓蒙』満洲文字注音一覧表. KOTONOHA, (101). Data extracted from the Qing instructional source 兼滿漢語滿洲套話清文啓蒙 (1763).",『兼滿漢語滿洲套話清文啓蒙』満洲文字注音一覧表,竹越 孝 / Takekoshi Takeshi,2011,兼滿漢語滿洲套話清文啓蒙,1763,讀,du,ᡩᡠ,tu,d,u,7,4,讀 du 7,讀
manju-hergen-takekoshi-2011,mandarin,Mandarin,Manchu script transcription of Mandarin,ᠮᠠᠨᠵᡠ ᡥᡝᡵᡤᡝᠨ Manju Hergen,"Takekoshi 竹越, Takeshi 孝. (2011). 『兼滿漢語滿洲套話清文啓蒙』満洲文字注音一覧表. KOTONOHA, (101).","Takekoshi 竹越, Takeshi 孝. (2011). 『兼滿漢語滿洲套話清文啓蒙』満洲文字注音一覧表. KOTONOHA, (101). Data extracted from the Qing instructional source 兼滿漢語滿洲套話清文啓蒙 (1763).",『兼滿漢語滿洲套話清文啓蒙』満洲文字注音一覧表,竹越 孝 / Takekoshi Takeshi,2011,兼滿漢語滿洲套話清文啓蒙,1763,度,du,ᡩᡠ,tu,d,u,2,4,度 du 2,度
manju-hergen-takekoshi-2011,mandarin,Mandarin,Manchu script transcription of Mandarin,ᠮᠠᠨᠵᡠ ᡥᡝᡵᡤᡝᠨ Manju Hergen,"Takekoshi 竹越, Takeshi 孝. (2011). 『兼滿漢語滿洲套話清文啓蒙』満洲文字注音一覧表. KOTONOHA, (101).","Takekoshi 竹越, Takeshi 孝. (2011). 『兼滿漢語滿洲套話清文啓蒙』満洲文字注音一覧表. KOTONOHA, (101). Data extracted from the Qing instructional source 兼滿漢語滿洲套話清文啓蒙 (1763).",『兼滿漢語滿洲套話清文啓蒙』満洲文字注音一覧表,竹越 孝 / Takekoshi Takeshi,2011,兼滿漢語滿洲套話清文啓蒙,1763,毒,du,ᡩᡠ,tu,d,u,,4,毒 du,毒
manju-hergen-takekoshi-2011,mandarin,Mandarin,Manchu script transcription of Mandarin,ᠮᠠᠨᠵᡠ ᡥᡝᡵᡤᡝᠨ Manju Hergen,"Takekoshi 竹越, Takeshi 孝. (2011). 『兼滿漢語滿洲套話清文啓蒙』満洲文字注音一覧表. KOTONOHA, (101).","Takekoshi 竹越, Takeshi 孝. (2011). 『兼滿漢語滿洲套話清文啓蒙』満洲文字注音一覧表. KOTONOHA, (101). Data extracted from the Qing instructional source 兼滿漢語滿洲套話清文啓蒙 (1763).",『兼滿漢語滿洲套話清文啓蒙』満洲文字注音一覧表,竹越 孝 / Takekoshi Takeshi,2011,兼滿漢語滿洲套話清文啓蒙,1763,獨,du,ᡩᡠ,tu,d,u,,4,獨 du,獨
manju-hergen-takekoshi-2011,mandarin,Mandarin,Manchu script transcription of Mandarin,ᠮᠠᠨᠵᡠ ᡥᡝᡵᡤᡝᠨ Manju Hergen,"Takekoshi 竹越, Takeshi 孝. (2011). 『兼滿漢語滿洲套話清文啓蒙』満洲文字注音一覧表. KOTONOHA, (101).","Takekoshi 竹越, Takeshi 孝. (2011). 『兼滿漢語滿洲套話清文啓蒙』満洲文字注音一覧表. KOTONOHA, (101). Data extracted from the Qing instructional source 兼滿漢語滿洲套話清文啓蒙 (1763).",『兼滿漢語滿洲套話清文啓蒙』満洲文字注音一覧表,竹越 孝 / Takekoshi Takeshi,2011,兼滿漢語滿洲套話清文啓蒙,1763,塗,du,ᡩᡠ,tu,d,u,,4,塗 du,塗
manju-hergen-takekoshi-2011,mandarin,Mandarin,Manchu script transcription of Mandarin,ᠮᠠᠨᠵᡠ ᡥᡝᡵᡤᡝᠨ Manju Hergen,"Takekoshi 竹越, Takeshi 孝. (2011). 『兼滿漢語滿洲套話清文啓蒙』満洲文字注音一覧表. KOTONOHA, (101).","Takekoshi 竹越, Takeshi 孝. (2011). 『兼滿漢語滿洲套話清文啓蒙』満洲文字注音一覧表. KOTONOHA, (101). Data extracted from the Qing instructional source 兼滿漢語滿洲套話清文啓蒙 (1763).",『兼滿漢語滿洲套話清文啓蒙』満洲文字注音一覧表,竹越 孝 / Takekoshi Takeshi,2011,兼滿漢語滿洲套話清文啓蒙,1763,賭,du,ᡩᡠ,tu,d,u,,4,賭 du,賭
manju-hergen-takekoshi-2011,mandarin,Mandarin,Manchu script transcription of Mandarin,ᠮᠠᠨᠵᡠ ᡥᡝᡵᡤᡝᠨ Manju Hergen,"Takekoshi 竹越, Takeshi 孝. (2011). 『兼滿漢語滿洲套話清文啓蒙』満洲文字注音一覧表. KOTONOHA, (101).","Takekoshi 竹越, Takeshi 孝. (2011). 『兼滿漢語滿洲套話清文啓蒙』満洲文字注音一覧表. KOTONOHA, (101). Data extracted from the Qing instructional source 兼滿漢語滿洲套話清文啓蒙 (1763).",『兼滿漢語滿洲套話清文啓蒙』満洲文字注音一覧表,竹越 孝 / Takekoshi Takeshi,2011,兼滿漢語滿洲套話清文啓蒙,1763,堵,du,ᡩᡠ,tu,d,u,,4,堵 du,堵
manju-hergen-takekoshi-2011,mandarin,Mandarin,Manchu script transcription of Mandarin,ᠮᠠᠨᠵᡠ ᡥᡝᡵᡤᡝᠨ Manju Hergen,"Takekoshi 竹越, Takeshi 孝. (2011). 『兼滿漢語滿洲套話清文啓蒙』満洲文字注音一覧表. KOTONOHA, (101).","Takekoshi 竹越, Takeshi 孝. (2011). 『兼滿漢語滿洲套話清文啓蒙』満洲文字注音一覧表. KOTONOHA, (101). Data extracted from the Qing instructional source 兼滿漢語滿洲套話清文啓蒙 (1763).",『兼滿漢語滿洲套話清文啓蒙』満洲文字注音一覧表,竹越 孝 / Takekoshi Takeshi,2011,兼滿漢語滿洲套話清文啓蒙,1763,兎,tu,ᡨᡠ,tʰu,t,u,7,4,兎 tu 7,兎
manju-hergen-takekoshi-2011,mandarin,Mandarin,Manchu script transcription of Mandarin,ᠮᠠᠨᠵᡠ ᡥᡝᡵᡤᡝᠨ Manju Hergen,"Takekoshi 竹越, Takeshi 孝. (2011). 『兼滿漢語滿洲套話清文啓蒙』満洲文字注音一覧表. KOTONOHA, (101).","Takekoshi 竹越, Takeshi 孝. (2011). 『兼滿漢語滿洲套話清文啓蒙』満洲文字注音一覧表. KOTONOHA, (101). Data extracted from the Qing instructional source 兼滿漢語滿洲套話清文啓蒙 (1763).",『兼滿漢語滿洲套話清文啓蒙』満洲文字注音一覧表,竹越 孝 / Takekoshi Takeshi,2011,兼滿漢語滿洲套話清文啓蒙,1763,圖,tu,ᡨᡠ,tʰu,t,u,2,4,圖 tu 2,圖
manju-hergen-takekoshi-2011,mandarin,Mandarin,Manchu script transcription of Mandarin,ᠮᠠᠨᠵᡠ ᡥᡝᡵᡤᡝᠨ Manju Hergen,"Takekoshi 竹越, Takeshi 孝. (2011). 『兼滿漢語滿洲套話清文啓蒙』満洲文字注音一覧表. KOTONOHA, (101).","Takekoshi 竹越, Takeshi 孝. (2011). 『兼滿漢語滿洲套話清文啓蒙』満洲文字注音一覧表. KOTONOHA, (101). Data extracted from the Qing instructional source 兼滿漢語滿洲套話清文啓蒙 (1763).",『兼滿漢語滿洲套話清文啓蒙』満洲文字注音一覧表,竹越 孝 / Takekoshi Takeshi,2011,兼滿漢語滿洲套話清文啓蒙,1763,土,tu,ᡨᡠ,tʰu,t,u,2,4,土 tu 2,土
manju-hergen-takekoshi-2011,mandarin,Mandarin,Manchu script transcription of Mandarin,ᠮᠠᠨᠵᡠ ᡥᡝᡵᡤᡝᠨ Manju Hergen,"Takekoshi 竹越, Takeshi 孝. (2011). 『兼滿漢語滿洲套話清文啓蒙』満洲文字注音一覧表. KOTONOHA, (101).","Takekoshi 竹越, Takeshi 孝. (2011). 『兼滿漢語滿洲套話清文啓蒙』満洲文字注音一覧表. KOTONOHA, (101). Data extracted from the Qing instructional source 兼滿漢語滿洲套話清文啓蒙 (1763).",『兼滿漢語滿洲套話清文啓蒙』満洲文字注音一覧表,竹越 孝 / Takekoshi Takeshi,2011,兼滿漢語滿洲套話清文啓蒙,1763,徒,tu,ᡨᡠ,tʰu,t,u,2,4,徒 tu 2,徒
manju-hergen-takekoshi-2011,mandarin,Mandarin,Manchu script transcription of Mandarin,ᠮᠠᠨᠵᡠ ᡥᡝᡵᡤᡝᠨ Manju Hergen,"Takekoshi 竹越, Takeshi 孝. (2011). 『兼滿漢語滿洲套話清文啓蒙』満洲文字注音一覧表. KOTONOHA, (101).","Takekoshi 竹越, Takeshi 孝. (2011). 『兼滿漢語滿洲套話清文啓蒙』満洲文字注音一覧表. KOTONOHA, (101). Data extracted from the Qing instructional source 兼滿漢語滿洲套話清文啓蒙 (1763).",『兼滿漢語滿洲套話清文啓蒙』満洲文字注音一覧表,竹越 孝 / Takekoshi Takeshi,2011,兼滿漢語滿洲套話清文啓蒙,1763,奴,nu,ᠨᡠ,nu,n,u,,4,奴 nu / no,奴
manju-hergen-takekoshi-2011,mandarin,Mandarin,Manchu script transcription of Mandarin,ᠮᠠᠨᠵᡠ ᡥᡝᡵᡤᡝᠨ Manju Hergen,"Takekoshi 竹越, Takeshi 孝. (2011). 『兼滿漢語滿洲套話清文啓蒙』満洲文字注音一覧表. KOTONOHA, (101).","Takekoshi 竹越, Takeshi 孝. (2011). 『兼滿漢語滿洲套話清文啓蒙』満洲文字注音一覧表. KOTONOHA, (101). Data extracted from the Qing instructional source 兼滿漢語滿洲套話清文啓蒙 (1763).",『兼滿漢語滿洲套話清文啓蒙』満洲文字注音一覧表,竹越 孝 / Takekoshi Takeshi,2011,兼滿漢語滿洲套話清文啓蒙,1763,奴,no,ᠨᠣ,no,n,u,,4,奴 nu / no,奴
manju-hergen-takekoshi-2011,mandarin,Mandarin,Manchu script transcription of Mandarin,ᠮᠠᠨᠵᡠ ᡥᡝᡵᡤᡝᠨ Manju Hergen,"Takekoshi 竹越, Takeshi 孝. (2011). 『兼滿漢語滿洲套話清文啓蒙』満洲文字注音一覧表. KOTONOHA, (101).","Takekoshi 竹越, Takeshi 孝. (2011). 『兼滿漢語滿洲套話清文啓蒙』満洲文字注音一覧表. KOTONOHA, (101). Data extracted from the Qing instructional source 兼滿漢語滿洲套話清文啓蒙 (1763).",『兼滿漢語滿洲套話清文啓蒙』満洲文字注音一覧表,竹越 孝 / Takekoshi Takeshi,2011,兼滿漢語滿洲套話清文啓蒙,1763,录,lu,ᠯᡠ,lu,l,u,5,4,录 lu 5,录
manju-hergen-takekoshi-2011,mandarin,Mandarin,Manchu script transcription of Mandarin,ᠮᠠᠨᠵᡠ ᡥᡝᡵᡤᡝᠨ Manju Hergen,"Takekoshi 竹越, Takeshi 孝. (2011). 『兼滿漢語滿洲套話清文啓蒙』満洲文字注音一覧表. KOTONOHA, (101).","Takekoshi 竹越, Takeshi 孝. (2011). 『兼滿漢語滿洲套話清文啓蒙』満洲文字注音一覧表. KOTONOHA, (101). Data extracted from the Qing instructional source 兼滿漢語滿洲套話清文啓蒙 (1763).",『兼滿漢語滿洲套話清文啓蒙』満洲文字注音一覧表,竹越 孝 / Takekoshi Takeshi,2011,兼滿漢語滿洲套話清文啓蒙,1763,路,lu,ᠯᡠ,lu,l,u,2,4,路 lu 2,路
manju-hergen-takekoshi-2011,mandarin,Mandarin,Manchu script transcription of Mandarin,ᠮᠠᠨᠵᡠ ᡥᡝᡵᡤᡝᠨ Manju Hergen,"Takekoshi 竹越, Takeshi 孝. (2011). 『兼滿漢語滿洲套話清文啓蒙』満洲文字注音一覧表. KOTONOHA, (101).","Takekoshi 竹越, Takeshi 孝. (2011). 『兼滿漢語滿洲套話清文啓蒙』満洲文字注音一覧表. KOTONOHA, (101). Data extracted from the Qing instructional source 兼滿漢語滿洲套話清文啓蒙 (1763).",『兼滿漢語滿洲套話清文啓蒙』満洲文字注音一覧表,竹越 孝 / Takekoshi Takeshi,2011,兼滿漢語滿洲套話清文啓蒙,1763,露,leo,ᠯᡝᠣ,ləo,l,u,,4,露 leo,露
manju-hergen-takekoshi-2011,mandarin,Mandarin,Manchu script transcription of Mandarin,ᠮᠠᠨᠵᡠ ᡥᡝᡵᡤᡝᠨ Manju Hergen,"Takekoshi 竹越, Takeshi 孝. (2011). 『兼滿漢語滿洲套話清文啓蒙』満洲文字注音一覧表. KOTONOHA, (101).","Takekoshi 竹越, Takeshi 孝. (2011). 『兼滿漢語滿洲套話清文啓蒙』満洲文字注音一覧表. KOTONOHA, (101). Data extracted from the Qing instructional source 兼滿漢語滿洲套話清文啓蒙 (1763).",『兼滿漢語滿洲套話清文啓蒙』満洲文字注音一覧表,竹越 孝 / Takekoshi Takeshi,2011,兼滿漢語滿洲套話清文啓蒙,1763,足,dzu,ᡯᡠ,tsu,z,u,2,4,足 dzu 2,足
manju-hergen-takekoshi-2011,mandarin,Mandarin,Manchu script transcription of Mandarin,ᠮᠠᠨᠵᡠ ᡥᡝᡵᡤᡝᠨ Manju Hergen,"Takekoshi 竹越, Takeshi 孝. (2011). 『兼滿漢語滿洲套話清文啓蒙』満洲文字注音一覧表. KOTONOHA, (101).","Takekoshi 竹越, Takeshi 孝. (2011). 『兼滿漢語滿洲套話清文啓蒙』満洲文字注音一覧表. KOTONOHA, (101). Data extracted from the Qing instructional source 兼滿漢語滿洲套話清文啓蒙 (1763).",『兼滿漢語滿洲套話清文啓蒙』満洲文字注音一覧表,竹越 孝 / Takekoshi Takeshi,2011,兼滿漢語滿洲套話清文啓蒙,1763,粗,ts’u,ᡨᠰᡠ,tʰsu,c,u,3,4,粗 ts’u 3,粗
manju-hergen-takekoshi-2011,mandarin,Mandarin,Manchu script transcription of Mandarin,ᠮᠠᠨᠵᡠ ᡥᡝᡵᡤᡝᠨ Manju Hergen,"Takekoshi 竹越, Takeshi 孝. (2011). 『兼滿漢語滿洲套話清文啓蒙』満洲文字注音一覧表. KOTONOHA, (101).","Takekoshi 竹越, Takeshi 孝. (2011). 『兼滿漢語滿洲套話清文啓蒙』満洲文字注音一覧表. KOTONOHA, (101). Data extracted from the Qing instructional source 兼滿漢語滿洲套話清文啓蒙 (1763).",『兼滿漢語滿洲套話清文啓蒙』満洲文字注音一覧表,竹越 孝 / Takekoshi Takeshi,2011,兼滿漢語滿洲套話清文啓蒙,1763,訴,su,ᠰᡠ,su,s,u,17,4,訴 su 17,訴
manju-hergen-takekoshi-2011,mandarin,Mandarin,Manchu script transcription of Mandarin,ᠮᠠᠨᠵᡠ ᡥᡝᡵᡤᡝᠨ Manju Hergen,"Takekoshi 竹越, Takeshi 孝. (2011). 『兼滿漢語滿洲套話清文啓蒙』満洲文字注音一覧表. KOTONOHA, (101).","Takekoshi 竹越, Takeshi 孝. (2011). 『兼滿漢語滿洲套話清文啓蒙』満洲文字注音一覧表. KOTONOHA, (101). Data extracted from the Qing instructional source 兼滿漢語滿洲套話清文啓蒙 (1763).",『兼滿漢語滿洲套話清文啓蒙』満洲文字注音一覧表,竹越 孝 / Takekoshi Takeshi,2011,兼滿漢語滿洲套話清文啓蒙,1763,速,su,ᠰᡠ,su,s,u,3,4,速 su 3,速
manju-hergen-takekoshi-2011,mandarin,Mandarin,Manchu script transcription of Mandarin,ᠮᠠᠨᠵᡠ ᡥᡝᡵᡤᡝᠨ Manju Hergen,"Takekoshi 竹越, Takeshi 孝. (2011). 『兼滿漢語滿洲套話清文啓蒙』満洲文字注音一覧表. KOTONOHA, (101).","Takekoshi 竹越, Takeshi 孝. (2011). 『兼滿漢語滿洲套話清文啓蒙』満洲文字注音一覧表. KOTONOHA, (101). Data extracted from the Qing instructional source 兼滿漢語滿洲套話清文啓蒙 (1763).",『兼滿漢語滿洲套話清文啓蒙』満洲文字注音一覧表,竹越 孝 / Takekoshi Takeshi,2011,兼滿漢語滿洲套話清文啓蒙,1763,粟,su,ᠰᡠ,su,s,u,,4,粟 su,粟
manju-hergen-takekoshi-2011,mandarin,Mandarin,Manchu script transcription of Mandarin,ᠮᠠᠨᠵᡠ ᡥᡝᡵᡤᡝᠨ Manju Hergen,"Takekoshi 竹越, Takeshi 孝. (2011). 『兼滿漢語滿洲套話清文啓蒙』満洲文字注音一覧表. KOTONOHA, (101).","Takekoshi 竹越, Takeshi 孝. (2011). 『兼滿漢語滿洲套話清文啓蒙』満洲文字注音一覧表. KOTONOHA, (101). Data extracted from the Qing instructional source 兼滿漢語滿洲套話清文啓蒙 (1763).",『兼滿漢語滿洲套話清文啓蒙』満洲文字注音一覧表,竹越 孝 / Takekoshi Takeshi,2011,兼滿漢語滿洲套話清文啓蒙,1763,素,su,ᠰᡠ,su,s,u,2,4,素 su 2,素
manju-hergen-takekoshi-2011,mandarin,Mandarin,Manchu script transcription of Mandarin,ᠮᠠᠨᠵᡠ ᡥᡝᡵᡤᡝᠨ Manju Hergen,"Takekoshi 竹越, Takeshi 孝. (2011). 『兼滿漢語滿洲套話清文啓蒙』満洲文字注音一覧表. KOTONOHA, (101).","Takekoshi 竹越, Takeshi 孝. (2011). 『兼滿漢語滿洲套話清文啓蒙』満洲文字注音一覧表. KOTONOHA, (101). Data extracted from the Qing instructional source 兼滿漢語滿洲套話清文啓蒙 (1763).",『兼滿漢語滿洲套話清文啓蒙』満洲文字注音一覧表,竹越 孝 / Takekoshi Takeshi,2011,兼滿漢語滿洲套話清文啓蒙,1763,俗,su,ᠰᡠ,su,s,u,,4,俗 su,俗
manju-hergen-takekoshi-2011,mandarin,Mandarin,Manchu script transcription of Mandarin,ᠮᠠᠨᠵᡠ ᡥᡝᡵᡤᡝᠨ Manju Hergen,"Takekoshi 竹越, Takeshi 孝. (2011). 『兼滿漢語滿洲套話清文啓蒙』満洲文字注音一覧表. KOTONOHA, (101).","Takekoshi 竹越, Takeshi 孝. (2011). 『兼滿漢語滿洲套話清文啓蒙』満洲文字注音一覧表. KOTONOHA, (101). Data extracted from the Qing instructional source 兼滿漢語滿洲套話清文啓蒙 (1763).",『兼滿漢語滿洲套話清文啓蒙』満洲文字注音一覧表,竹越 孝 / Takekoshi Takeshi,2011,兼滿漢語滿洲套話清文啓蒙,1763,住,ju,ᠵᡠ,tʃu,zh,u,14,4,住 ju 14,住
manju-hergen-takekoshi-2011,mandarin,Mandarin,Manchu script transcription of Mandarin,ᠮᠠᠨᠵᡠ ᡥᡝᡵᡤᡝᠨ Manju Hergen,"Takekoshi 竹越, Takeshi 孝. (2011). 『兼滿漢語滿洲套話清文啓蒙』満洲文字注音一覧表. KOTONOHA, (101).","Takekoshi 竹越, Takeshi 孝. (2011). 『兼滿漢語滿洲套話清文啓蒙』満洲文字注音一覧表. KOTONOHA, (101). Data extracted from the Qing instructional source 兼滿漢語滿洲套話清文啓蒙 (1763).",『兼滿漢語滿洲套話清文啓蒙』満洲文字注音一覧表,竹越 孝 / Takekoshi Takeshi,2011,兼滿漢語滿洲套話清文啓蒙,1763,主,ju,ᠵᡠ,tʃu,zh,u,7,4,主 ju 7,主
manju-hergen-takekoshi-2011,mandarin,Mandarin,Manchu script transcription of Mandarin,ᠮᠠᠨᠵᡠ ᡥᡝᡵᡤᡝᠨ Manju Hergen,"Takekoshi 竹越, Takeshi 孝. (2011). 『兼滿漢語滿洲套話清文啓蒙』満洲文字注音一覧表. KOTONOHA, (101).","Takekoshi 竹越, Takeshi 孝. (2011). 『兼滿漢語滿洲套話清文啓蒙』満洲文字注音一覧表. KOTONOHA, (101). Data extracted from the Qing instructional source 兼滿漢語滿洲套話清文啓蒙 (1763).",『兼滿漢語滿洲套話清文啓蒙』満洲文字注音一覧表,竹越 孝 / Takekoshi Takeshi,2011,兼滿漢語滿洲套話清文啓蒙,1763,諸,ju,ᠵᡠ,tʃu,zh,u,3,4,諸 ju 3,諸
manju-hergen-takekoshi-2011,mandarin,Mandarin,Manchu script transcription of Mandarin,ᠮᠠᠨᠵᡠ ᡥᡝᡵᡤᡝᠨ Manju Hergen,"Takekoshi 竹越, Takeshi 孝. (2011). 『兼滿漢語滿洲套話清文啓蒙』満洲文字注音一覧表. KOTONOHA, (101).","Takekoshi 竹越, Takeshi 孝. (2011). 『兼滿漢語滿洲套話清文啓蒙』満洲文字注音一覧表. KOTONOHA, (101). Data extracted from the Qing instructional source 兼滿漢語滿洲套話清文啓蒙 (1763).",『兼滿漢語滿洲套話清文啓蒙』満洲文字注音一覧表,竹越 孝 / Takekoshi Takeshi,2011,兼滿漢語滿洲套話清文啓蒙,1763,猪,ju,ᠵᡠ,tʃu,zh,u,2,4,猪 ju 2,猪
manju-hergen-takekoshi-2011,mandarin,Mandarin,Manchu script transcription of Mandarin,ᠮᠠᠨᠵᡠ ᡥᡝᡵᡤᡝᠨ Manju Hergen,"Takekoshi 竹越, Takeshi 孝. (2011). 『兼滿漢語滿洲套話清文啓蒙』満洲文字注音一覧表. KOTONOHA, (101).","Takekoshi 竹越, Takeshi 孝. (2011). 『兼滿漢語滿洲套話清文啓蒙』満洲文字注音一覧表. KOTONOHA, (101). Data extracted from the Qing instructional source 兼滿漢語滿洲套話清文啓蒙 (1763).",『兼滿漢語滿洲套話清文啓蒙』満洲文字注音一覧表,竹越 孝 / Takekoshi Takeshi,2011,兼滿漢語滿洲套話清文啓蒙,1763,煑,ju,ᠵᡠ,tʃu,zh,u,,4,煑 ju,煑
manju-hergen-takekoshi-2011,mandarin,Mandarin,Manchu script transcription of Mandarin,ᠮᠠᠨᠵᡠ ᡥᡝᡵᡤᡝᠨ Manju Hergen,"Takekoshi 竹越, Takeshi 孝. (2011). 『兼滿漢語滿洲套話清文啓蒙』満洲文字注音一覧表. KOTONOHA, (101).","Takekoshi 竹越, Takeshi 孝. (2011). 『兼滿漢語滿洲套話清文啓蒙』満洲文字注音一覧表. KOTONOHA, (101). Data extracted from the Qing instructional source 兼滿漢語滿洲套話清文啓蒙 (1763).",『兼滿漢語滿洲套話清文啓蒙』満洲文字注音一覧表,竹越 孝 / Takekoshi Takeshi,2011,兼滿漢語滿洲套話清文啓蒙,1763,處,cu,ᠴᡠ,tʃʰu,ch,u,48,4,處 cu 48,處
manju-hergen-takekoshi-2011,mandarin,Mandarin,Manchu script transcription of Mandarin,ᠮᠠᠨᠵᡠ ᡥᡝᡵᡤᡝᠨ Manju Hergen,"Takekoshi 竹越, Takeshi 孝. (2011). 『兼滿漢語滿洲套話清文啓蒙』満洲文字注音一覧表. KOTONOHA, (101).","Takekoshi 竹越, Takeshi 孝. (2011). 『兼滿漢語滿洲套話清文啓蒙』満洲文字注音一覧表. KOTONOHA, (101). Data extracted from the Qing instructional source 兼滿漢語滿洲套話清文啓蒙 (1763).",『兼滿漢語滿洲套話清文啓蒙』満洲文字注音一覧表,竹越 孝 / Takekoshi Takeshi,2011,兼滿漢語滿洲套話清文啓蒙,1763,出,cu,ᠴᡠ,tʃʰu,ch,u,13,4,出 cu 13,出
manju-hergen-takekoshi-2011,mandarin,Mandarin,Manchu script transcription of Mandarin,ᠮᠠᠨᠵᡠ ᡥᡝᡵᡤᡝᠨ Manju Hergen,"Takekoshi 竹越, Takeshi 孝. (2011). 『兼滿漢語滿洲套話清文啓蒙』満洲文字注音一覧表. KOTONOHA, (101).","Takekoshi 竹越, Takeshi 孝. (2011). 『兼滿漢語滿洲套話清文啓蒙』満洲文字注音一覧表. KOTONOHA, (101). Data extracted from the Qing instructional source 兼滿漢語滿洲套話清文啓蒙 (1763).",『兼滿漢語滿洲套話清文啓蒙』満洲文字注音一覧表,竹越 孝 / Takekoshi Takeshi,2011,兼滿漢語滿洲套話清文啓蒙,1763,除,cu,ᠴᡠ,tʃʰu,ch,u,3,4,除 cu 3,除
manju-hergen-takekoshi-2011,mandarin,Mandarin,Manchu script transcription of Mandarin,ᠮᠠᠨᠵᡠ ᡥᡝᡵᡤᡝᠨ Manju Hergen,"Takekoshi 竹越, Takeshi 孝. (2011). 『兼滿漢語滿洲套話清文啓蒙』満洲文字注音一覧表. KOTONOHA, (101).","Takekoshi 竹越, Takeshi 孝. (2011). 『兼滿漢語滿洲套話清文啓蒙』満洲文字注音一覧表. KOTONOHA, (101). Data extracted from the Qing instructional source 兼滿漢語滿洲套話清文啓蒙 (1763).",『兼滿漢語滿洲套話清文啓蒙』満洲文字注音一覧表,竹越 孝 / Takekoshi Takeshi,2011,兼滿漢語滿洲套話清文啓蒙,1763,楚,cu,ᠴᡠ,tʃʰu,ch,u,,4,楚 cu,楚
manju-hergen-takekoshi-2011,mandarin,Mandarin,Manchu script transcription of Mandarin,ᠮᠠᠨᠵᡠ ᡥᡝᡵᡤᡝᠨ Manju Hergen,"Takekoshi 竹越, Takeshi 孝. (2011). 『兼滿漢語滿洲套話清文啓蒙』満洲文字注音一覧表. KOTONOHA, (101).","Takekoshi 竹越, Takeshi 孝. (2011). 『兼滿漢語滿洲套話清文啓蒙』満洲文字注音一覧表. KOTONOHA, (101). Data extracted from the Qing instructional source 兼滿漢語滿洲套話清文啓蒙 (1763).",『兼滿漢語滿洲套話清文啓蒙』満洲文字注音一覧表,竹越 孝 / Takekoshi Takeshi,2011,兼滿漢語滿洲套話清文啓蒙,1763,初,ts’u,ᡨᠰᡠ,tʰsu,ch,u,,4,初 ts’u,初
manju-hergen-takekoshi-2011,mandarin,Mandarin,Manchu script transcription of Mandarin,ᠮᠠᠨᠵᡠ ᡥᡝᡵᡤᡝᠨ Manju Hergen,"Takekoshi 竹越, Takeshi 孝. (2011). 『兼滿漢語滿洲套話清文啓蒙』満洲文字注音一覧表. KOTONOHA, (101).","Takekoshi 竹越, Takeshi 孝. (2011). 『兼滿漢語滿洲套話清文啓蒙』満洲文字注音一覧表. KOTONOHA, (101). Data extracted from the Qing instructional source 兼滿漢語滿洲套話清文啓蒙 (1763).",『兼滿漢語滿洲套話清文啓蒙』満洲文字注音一覧表,竹越 孝 / Takekoshi Takeshi,2011,兼滿漢語滿洲套話清文啓蒙,1763,書,šu,ᡧᡠ,ʃu,sh,u,21,4,書 šu 21,書
manju-hergen-takekoshi-2011,mandarin,Mandarin,Manchu script transcription of Mandarin,ᠮᠠᠨᠵᡠ ᡥᡝᡵᡤᡝᠨ Manju Hergen,"Takekoshi 竹越, Takeshi 孝. (2011). 『兼滿漢語滿洲套話清文啓蒙』満洲文字注音一覧表. KOTONOHA, (101).","Takekoshi 竹越, Takeshi 孝. (2011). 『兼滿漢語滿洲套話清文啓蒙』満洲文字注音一覧表. KOTONOHA, (101). Data extracted from the Qing instructional source 兼滿漢語滿洲套話清文啓蒙 (1763).",『兼滿漢語滿洲套話清文啓蒙』満洲文字注音一覧表,竹越 孝 / Takekoshi Takeshi,2011,兼滿漢語滿洲套話清文啓蒙,1763,叔,šu,ᡧᡠ,ʃu,sh,u,6,4,叔 šu 6,叔
manju-hergen-takekoshi-2011,mandarin,Mandarin,Manchu script transcription of Mandarin,ᠮᠠᠨᠵᡠ ᡥᡝᡵᡤᡝᠨ Manju Hergen,"Takekoshi 竹越, Takeshi 孝. (2011). 『兼滿漢語滿洲套話清文啓蒙』満洲文字注音一覧表. KOTONOHA, (101).","Takekoshi 竹越, Takeshi 孝. (2011). 『兼滿漢語滿洲套話清文啓蒙』満洲文字注音一覧表. KOTONOHA, (101). Data extracted from the Qing instructional source 兼滿漢語滿洲套話清文啓蒙 (1763).",『兼滿漢語滿洲套話清文啓蒙』満洲文字注音一覧表,竹越 孝 / Takekoshi Takeshi,2011,兼滿漢語滿洲套話清文啓蒙,1763,樹,šu,ᡧᡠ,ʃu,sh,u,5,4,樹 šu 5,樹
manju-hergen-takekoshi-2011,mandarin,Mandarin,Manchu script transcription of Mandarin,ᠮᠠᠨᠵᡠ ᡥᡝᡵᡤᡝᠨ Manju Hergen,"Takekoshi 竹越, Takeshi 孝. (2011). 『兼滿漢語滿洲套話清文啓蒙』満洲文字注音一覧表. KOTONOHA, (101).","Takekoshi 竹越, Takeshi 孝. (2011). 『兼滿漢語滿洲套話清文啓蒙』満洲文字注音一覧表. KOTONOHA, (101). Data extracted from the Qing instructional source 兼滿漢語滿洲套話清文啓蒙 (1763).",『兼滿漢語滿洲套話清文啓蒙』満洲文字注音一覧表,竹越 孝 / Takekoshi Takeshi,2011,兼滿漢語滿洲套話清文啓蒙,1763,属,šu,ᡧᡠ,ʃu,sh,u,2,4,属 šu 2,属
manju-hergen-takekoshi-2011,mandarin,Mandarin,Manchu script transcription of Mandarin,ᠮᠠᠨᠵᡠ ᡥᡝᡵᡤᡝᠨ Manju Hergen,"Takekoshi 竹越, Takeshi 孝. (2011). 『兼滿漢語滿洲套話清文啓蒙』満洲文字注音一覧表. KOTONOHA, (101).","Takekoshi 竹越, Takeshi 孝. (2011). 『兼滿漢語滿洲套話清文啓蒙』満洲文字注音一覧表. KOTONOHA, (101). Data extracted from the Qing instructional source 兼滿漢語滿洲套話清文啓蒙 (1763).",『兼滿漢語滿洲套話清文啓蒙』満洲文字注音一覧表,竹越 孝 / Takekoshi Takeshi,2011,兼滿漢語滿洲套話清文啓蒙,1763,数,su,ᠰᡠ,su,sh,u,2,4,数 su 2,数
manju-hergen-takekoshi-2011,mandarin,Mandarin,Manchu script transcription of Mandarin,ᠮᠠᠨᠵᡠ ᡥᡝᡵᡤᡝᠨ Manju Hergen,"Takekoshi 竹越, Takeshi 孝. (2011). 『兼滿漢語滿洲套話清文啓蒙』満洲文字注音一覧表. KOTONOHA, (101).","Takekoshi 竹越, Takeshi 孝. (2011). 『兼滿漢語滿洲套話清文啓蒙』満洲文字注音一覧表. KOTONOHA, (101). Data extracted from the Qing instructional source 兼滿漢語滿洲套話清文啓蒙 (1763).",『兼滿漢語滿洲套話清文啓蒙』満洲文字注音一覧表,竹越 孝 / Takekoshi Takeshi,2011,兼滿漢語滿洲套話清文啓蒙,1763,舒,šu,ᡧᡠ,ʃu,sh,u,2,4,舒 šu 2,舒
manju-hergen-takekoshi-2011,mandarin,Mandarin,Manchu script transcription of Mandarin,ᠮᠠᠨᠵᡠ ᡥᡝᡵᡤᡝᠨ Manju Hergen,"Takekoshi 竹越, Takeshi 孝. (2011). 『兼滿漢語滿洲套話清文啓蒙』満洲文字注音一覧表. KOTONOHA, (101).","Takekoshi 竹越, Takeshi 孝. (2011). 『兼滿漢語滿洲套話清文啓蒙』満洲文字注音一覧表. KOTONOHA, (101). Data extracted from the Qing instructional source 兼滿漢語滿洲套話清文啓蒙 (1763).",『兼滿漢語滿洲套話清文啓蒙』満洲文字注音一覧表,竹越 孝 / Takekoshi Takeshi,2011,兼滿漢語滿洲套話清文啓蒙,1763,疎,su,ᠰᡠ,su,sh,u,,4,疎 su,疎
manju-hergen-takekoshi-2011,mandarin,Mandarin,Manchu script transcription of Mandarin,ᠮᠠᠨᠵᡠ ᡥᡝᡵᡤᡝᠨ Manju Hergen,"Takekoshi 竹越, Takeshi 孝. (2011). 『兼滿漢語滿洲套話清文啓蒙』満洲文字注音一覧表. KOTONOHA, (101).","Takekoshi 竹越, Takeshi 孝. (2011). 『兼滿漢語滿洲套話清文啓蒙』満洲文字注音一覧表. KOTONOHA, (101). Data extracted from the Qing instructional source 兼滿漢語滿洲套話清文啓蒙 (1763).",『兼滿漢語滿洲套話清文啓蒙』満洲文字注音一覧表,竹越 孝 / Takekoshi Takeshi,2011,兼滿漢語滿洲套話清文啓蒙,1763,如,žu,ᡰᡠ,ʐu,r,u,28,4,如 žu 28 / žo,如
manju-hergen-takekoshi-2011,mandarin,Mandarin,Manchu script transcription of Mandarin,ᠮᠠᠨᠵᡠ ᡥᡝᡵᡤᡝᠨ Manju Hergen,"Takekoshi 竹越, Takeshi 孝. (2011). 『兼滿漢語滿洲套話清文啓蒙』満洲文字注音一覧表. KOTONOHA, (101).","Takekoshi 竹越, Takeshi 孝. (2011). 『兼滿漢語滿洲套話清文啓蒙』満洲文字注音一覧表. KOTONOHA, (101). Data extracted from the Qing instructional source 兼滿漢語滿洲套話清文啓蒙 (1763).",『兼滿漢語滿洲套話清文啓蒙』満洲文字注音一覧表,竹越 孝 / Takekoshi Takeshi,2011,兼滿漢語滿洲套話清文啓蒙,1763,如,žo,ᡰᠣ,ʐo,r,u,,4,如 žu 28 / žo,如
manju-hergen-takekoshi-2011,mandarin,Mandarin,Manchu script transcription of Mandarin,ᠮᠠᠨᠵᡠ ᡥᡝᡵᡤᡝᠨ Manju Hergen,"Takekoshi 竹越, Takeshi 孝. (2011). 『兼滿漢語滿洲套話清文啓蒙』満洲文字注音一覧表. KOTONOHA, (101).","Takekoshi 竹越, Takeshi 孝. (2011). 『兼滿漢語滿洲套話清文啓蒙』満洲文字注音一覧表. KOTONOHA, (101). Data extracted from the Qing instructional source 兼滿漢語滿洲套話清文啓蒙 (1763).",『兼滿漢語滿洲套話清文啓蒙』満洲文字注音一覧表,竹越 孝 / Takekoshi Takeshi,2011,兼滿漢語滿洲套話清文啓蒙,1763,褥,žu,ᡰᡠ,ʐu,r,u,,4,褥 žu,褥
manju-hergen-takekoshi-2011,mandarin,Mandarin,Manchu script transcription of Mandarin,ᠮᠠᠨᠵᡠ ᡥᡝᡵᡤᡝᠨ Manju Hergen,"Takekoshi 竹越, Takeshi 孝. (2011). 『兼滿漢語滿洲套話清文啓蒙』満洲文字注音一覧表. KOTONOHA, (101).","Takekoshi 竹越, Takeshi 孝. (2011). 『兼滿漢語滿洲套話清文啓蒙』満洲文字注音一覧表. KOTONOHA, (101). Data extracted from the Qing instructional source 兼滿漢語滿洲套話清文啓蒙 (1763).",『兼滿漢語滿洲套話清文啓蒙』満洲文字注音一覧表,竹越 孝 / Takekoshi Takeshi,2011,兼滿漢語滿洲套話清文啓蒙,1763,故,gu,ᡤᡠ,qu,g,u,8,4,故 gu 8,故
manju-hergen-takekoshi-2011,mandarin,Mandarin,Manchu script transcription of Mandarin,ᠮᠠᠨᠵᡠ ᡥᡝᡵᡤᡝᠨ Manju Hergen,"Takekoshi 竹越, Takeshi 孝. (2011). 『兼滿漢語滿洲套話清文啓蒙』満洲文字注音一覧表. KOTONOHA, (101).","Takekoshi 竹越, Takeshi 孝. (2011). 『兼滿漢語滿洲套話清文啓蒙』満洲文字注音一覧表. KOTONOHA, (101). Data extracted from the Qing instructional source 兼滿漢語滿洲套話清文啓蒙 (1763).",『兼滿漢語滿洲套話清文啓蒙』満洲文字注音一覧表,竹越 孝 / Takekoshi Takeshi,2011,兼滿漢語滿洲套話清文啓蒙,1763,古,gu,ᡤᡠ,qu,g,u,,4,古 gu,古
manju-hergen-takekoshi-2011,mandarin,Mandarin,Manchu script transcription of Mandarin,ᠮᠠᠨᠵᡠ ᡥᡝᡵᡤᡝᠨ Manju Hergen,"Takekoshi 竹越, Takeshi 孝. (2011). 『兼滿漢語滿洲套話清文啓蒙』満洲文字注音一覧表. KOTONOHA, (101).","Takekoshi 竹越, Takeshi 孝. (2011). 『兼滿漢語滿洲套話清文啓蒙』満洲文字注音一覧表. KOTONOHA, (101). Data extracted from the Qing instructional source 兼滿漢語滿洲套話清文啓蒙 (1763).",『兼滿漢語滿洲套話清文啓蒙』満洲文字注音一覧表,竹越 孝 / Takekoshi Takeshi,2011,兼滿漢語滿洲套話清文啓蒙,1763,顧,gu,ᡤᡠ,qu,g,u,,4,顧 gu,顧
manju-hergen-takekoshi-2011,mandarin,Mandarin,Manchu script transcription of Mandarin,ᠮᠠᠨᠵᡠ ᡥᡝᡵᡤᡝᠨ Manju Hergen,"Takekoshi 竹越, Takeshi 孝. (2011). 『兼滿漢語滿洲套話清文啓蒙』満洲文字注音一覧表. KOTONOHA, (101).","Takekoshi 竹越, Takeshi 孝. (2011). 『兼滿漢語滿洲套話清文啓蒙』満洲文字注音一覧表. KOTONOHA, (101). Data extracted from the Qing instructional source 兼滿漢語滿洲套話清文啓蒙 (1763).",『兼滿漢語滿洲套話清文啓蒙』満洲文字注音一覧表,竹越 孝 / Takekoshi Takeshi,2011,兼滿漢語滿洲套話清文啓蒙,1763,辜,gu,ᡤᡠ,qu,g,u,,4,辜 gu,辜
manju-hergen-takekoshi-2011,mandarin,Mandarin,Manchu script transcription of Mandarin,ᠮᠠᠨᠵᡠ ᡥᡝᡵᡤᡝᠨ Manju Hergen,"Takekoshi 竹越, Takeshi 孝. (2011). 『兼滿漢語滿洲套話清文啓蒙』満洲文字注音一覧表. KOTONOHA, (101).","Takekoshi 竹越, Takeshi 孝. (2011). 『兼滿漢語滿洲套話清文啓蒙』満洲文字注音一覧表. KOTONOHA, (101). Data extracted from the Qing instructional source 兼滿漢語滿洲套話清文啓蒙 (1763).",『兼滿漢語滿洲套話清文啓蒙』満洲文字注音一覧表,竹越 孝 / Takekoshi Takeshi,2011,兼滿漢語滿洲套話清文啓蒙,1763,骨,gu,ᡤᡠ,qu,g,u,,4,骨 gu,骨
manju-hergen-takekoshi-2011,mandarin,Mandarin,Manchu script transcription of Mandarin,ᠮᠠᠨᠵᡠ ᡥᡝᡵᡤᡝᠨ Manju Hergen,"Takekoshi 竹越, Takeshi 孝. (2011). 『兼滿漢語滿洲套話清文啓蒙』満洲文字注音一覧表. KOTONOHA, (101).","Takekoshi 竹越, Takeshi 孝. (2011). 『兼滿漢語滿洲套話清文啓蒙』満洲文字注音一覧表. KOTONOHA, (101). Data extracted from the Qing instructional source 兼滿漢語滿洲套話清文啓蒙 (1763).",『兼滿漢語滿洲套話清文啓蒙』満洲文字注音一覧表,竹越 孝 / Takekoshi Takeshi,2011,兼滿漢語滿洲套話清文啓蒙,1763,苦,ku,ᡴᡠ,qʰu,k,u,3,4,苦 ku 3,苦
manju-hergen-takekoshi-2011,mandarin,Mandarin,Manchu script transcription of Mandarin,ᠮᠠᠨᠵᡠ ᡥᡝᡵᡤᡝᠨ Manju Hergen,"Takekoshi 竹越, Takeshi 孝. (2011). 『兼滿漢語滿洲套話清文啓蒙』満洲文字注音一覧表. KOTONOHA, (101).","Takekoshi 竹越, Takeshi 孝. (2011). 『兼滿漢語滿洲套話清文啓蒙』満洲文字注音一覧表. KOTONOHA, (101). Data extracted from the Qing instructional source 兼滿漢語滿洲套話清文啓蒙 (1763).",『兼滿漢語滿洲套話清文啓蒙』満洲文字注音一覧表,竹越 孝 / Takekoshi Takeshi,2011,兼滿漢語滿洲套話清文啓蒙,1763,哭,ku,ᡴᡠ,qʰu,k,u,3,4,哭 ku 3,哭
manju-hergen-takekoshi-2011,mandarin,Mandarin,Manchu script transcription of Mandarin,ᠮᠠᠨᠵᡠ ᡥᡝᡵᡤᡝᠨ Manju Hergen,"Takekoshi 竹越, Takeshi 孝. (2011). 『兼滿漢語滿洲套話清文啓蒙』満洲文字注音一覧表. KOTONOHA, (101).","Takekoshi 竹越, Takeshi 孝. (2011). 『兼滿漢語滿洲套話清文啓蒙』満洲文字注音一覧表. KOTONOHA, (101). Data extracted from the Qing instructional source 兼滿漢語滿洲套話清文啓蒙 (1763).",『兼滿漢語滿洲套話清文啓蒙』満洲文字注音一覧表,竹越 孝 / Takekoshi Takeshi,2011,兼滿漢語滿洲套話清文啓蒙,1763,胡,ho,ᡥᠣ,χo,h,u,3,4,胡 ho 3 / hū 3 / hu,胡
manju-hergen-takekoshi-2011,mandarin,Mandarin,Manchu script transcription of Mandarin,ᠮᠠᠨᠵᡠ ᡥᡝᡵᡤᡝᠨ Manju Hergen,"Takekoshi 竹越, Takeshi 孝. (2011). 『兼滿漢語滿洲套話清文啓蒙』満洲文字注音一覧表. KOTONOHA, (101).","Takekoshi 竹越, Takeshi 孝. (2011). 『兼滿漢語滿洲套話清文啓蒙』満洲文字注音一覧表. KOTONOHA, (101). Data extracted from the Qing instructional source 兼滿漢語滿洲套話清文啓蒙 (1763).",『兼滿漢語滿洲套話清文啓蒙』満洲文字注音一覧表,竹越 孝 / Takekoshi Takeshi,2011,兼滿漢語滿洲套話清文啓蒙,1763,胡,hū,ᡥᡡ,χʊ,h,u,3,4,胡 ho 3 / hū 3 / hu,胡
manju-hergen-takekoshi-2011,mandarin,Mandarin,Manchu script transcription of Mandarin,ᠮᠠᠨᠵᡠ ᡥᡝᡵᡤᡝᠨ Manju Hergen,"Takekoshi 竹越, Takeshi 孝. (2011). 『兼滿漢語滿洲套話清文啓蒙』満洲文字注音一覧表. KOTONOHA, (101).","Takekoshi 竹越, Takeshi 孝. (2011). 『兼滿漢語滿洲套話清文啓蒙』満洲文字注音一覧表. KOTONOHA, (101). Data extracted from the Qing instructional source 兼滿漢語滿洲套話清文啓蒙 (1763).",『兼滿漢語滿洲套話清文啓蒙』満洲文字注音一覧表,竹越 孝 / Takekoshi Takeshi,2011,兼滿漢語滿洲套話清文啓蒙,1763,胡,hu,ᡥᡠ,χu,h,u,,4,胡 ho 3 / hū 3 / hu,胡
manju-hergen-takekoshi-2011,mandarin,Mandarin,Manchu script transcription of Mandarin,ᠮᠠᠨᠵᡠ ᡥᡝᡵᡤᡝᠨ Manju Hergen,"Takekoshi 竹越, Takeshi 孝. (2011). 『兼滿漢語滿洲套話清文啓蒙』満洲文字注音一覧表. KOTONOHA, (101).","Takekoshi 竹越, Takeshi 孝. (2011). 『兼滿漢語滿洲套話清文啓蒙』満洲文字注音一覧表. KOTONOHA, (101). Data extracted from the Qing instructional source 兼滿漢語滿洲套話清文啓蒙 (1763).",『兼滿漢語滿洲套話清文啓蒙』満洲文字注音一覧表,竹越 孝 / Takekoshi Takeshi,2011,兼滿漢語滿洲套話清文啓蒙,1763,戸,hū,ᡥᡡ,χʊ,h,u,4,4,戸 hū 4,戸
manju-hergen-takekoshi-2011,mandarin,Mandarin,Manchu script transcription of Mandarin,ᠮᠠᠨᠵᡠ ᡥᡝᡵᡤᡝᠨ Manju Hergen,"Takekoshi 竹越, Takeshi 孝. (2011). 『兼滿漢語滿洲套話清文啓蒙』満洲文字注音一覧表. KOTONOHA, (101).","Takekoshi 竹越, Takeshi 孝. (2011). 『兼滿漢語滿洲套話清文啓蒙』満洲文字注音一覧表. KOTONOHA, (101). Data extracted from the Qing instructional source 兼滿漢語滿洲套話清文啓蒙 (1763).",『兼滿漢語滿洲套話清文啓蒙』満洲文字注音一覧表,竹越 孝 / Takekoshi Takeshi,2011,兼滿漢語滿洲套話清文啓蒙,1763,忽,hu,ᡥᡠ,χu,h,u,3,4,忽 hu 3 / hū,忽
manju-hergen-takekoshi-2011,mandarin,Mandarin,Manchu script transcription of Mandarin,ᠮᠠᠨᠵᡠ ᡥᡝᡵᡤᡝᠨ Manju Hergen,"Takekoshi 竹越, Takeshi 孝. (2011). 『兼滿漢語滿洲套話清文啓蒙』満洲文字注音一覧表. KOTONOHA, (101).","Takekoshi 竹越, Takeshi 孝. (2011). 『兼滿漢語滿洲套話清文啓蒙』満洲文字注音一覧表. KOTONOHA, (101). Data extracted from the Qing instructional source 兼滿漢語滿洲套話清文啓蒙 (1763).",『兼滿漢語滿洲套話清文啓蒙』満洲文字注音一覧表,竹越 孝 / Takekoshi Takeshi,2011,兼滿漢語滿洲套話清文啓蒙,1763,忽,hū,ᡥᡡ,χʊ,h,u,,4,忽 hu 3 / hū,忽
manju-hergen-takekoshi-2011,mandarin,Mandarin,Manchu script transcription of Mandarin,ᠮᠠᠨᠵᡠ ᡥᡝᡵᡤᡝᠨ Manju Hergen,"Takekoshi 竹越, Takeshi 孝. (2011). 『兼滿漢語滿洲套話清文啓蒙』満洲文字注音一覧表. KOTONOHA, (101).","Takekoshi 竹越, Takeshi 孝. (2011). 『兼滿漢語滿洲套話清文啓蒙』満洲文字注音一覧表. KOTONOHA, (101). Data extracted from the Qing instructional source 兼滿漢語滿洲套話清文啓蒙 (1763).",『兼滿漢語滿洲套話清文啓蒙』満洲文字注音一覧表,竹越 孝 / Takekoshi Takeshi,2011,兼滿漢語滿洲套話清文啓蒙,1763,惚,hu,ᡥᡠ,χu,h,u,3,4,惚 hu 3,惚
manju-hergen-takekoshi-2011,mandarin,Mandarin,Manchu script transcription of Mandarin,ᠮᠠᠨᠵᡠ ᡥᡝᡵᡤᡝᠨ Manju Hergen,"Takekoshi 竹越, Takeshi 孝. (2011). 『兼滿漢語滿洲套話清文啓蒙』満洲文字注音一覧表. KOTONOHA, (101).","Takekoshi 竹越, Takeshi 孝. (2011). 『兼滿漢語滿洲套話清文啓蒙』満洲文字注音一覧表. KOTONOHA, (101). Data extracted from the Qing instructional source 兼滿漢語滿洲套話清文啓蒙 (1763).",『兼滿漢語滿洲套話清文啓蒙』満洲文字注音一覧表,竹越 孝 / Takekoshi Takeshi,2011,兼滿漢語滿洲套話清文啓蒙,1763,乎,hu,ᡥᡠ,χu,h,u,,4,乎 hu / hū,乎
manju-hergen-takekoshi-2011,mandarin,Mandarin,Manchu script transcription of Mandarin,ᠮᠠᠨᠵᡠ ᡥᡝᡵᡤᡝᠨ Manju Hergen,"Takekoshi 竹越, Takeshi 孝. (2011). 『兼滿漢語滿洲套話清文啓蒙』満洲文字注音一覧表. KOTONOHA, (101).","Takekoshi 竹越, Takeshi 孝. (2011). 『兼滿漢語滿洲套話清文啓蒙』満洲文字注音一覧表. KOTONOHA, (101). Data extracted from the Qing instructional source 兼滿漢語滿洲套話清文啓蒙 (1763).",『兼滿漢語滿洲套話清文啓蒙』満洲文字注音一覧表,竹越 孝 / Takekoshi Takeshi,2011,兼滿漢語滿洲套話清文啓蒙,1763,乎,hū,ᡥᡡ,χʊ,h,u,,4,乎 hu / hū,乎
manju-hergen-takekoshi-2011,mandarin,Mandarin,Manchu script transcription of Mandarin,ᠮᠠᠨᠵᡠ ᡥᡝᡵᡤᡝᠨ Manju Hergen,"Takekoshi 竹越, Takeshi 孝. (2011). 『兼滿漢語滿洲套話清文啓蒙』満洲文字注音一覧表. KOTONOHA, (101).","Takekoshi 竹越, Takeshi 孝. (2011). 『兼滿漢語滿洲套話清文啓蒙』満洲文字注音一覧表. KOTONOHA, (101). Data extracted from the Qing instructional source 兼滿漢語滿洲套話清文啓蒙 (1763).",『兼滿漢語滿洲套話清文啓蒙』満洲文字注音一覧表,竹越 孝 / Takekoshi Takeshi,2011,兼滿漢語滿洲套話清文啓蒙,1763,呼,hū,ᡥᡡ,χʊ,h,u,,4,呼 hū,呼
manju-hergen-takekoshi-2011,mandarin,Mandarin,Manchu script transcription of Mandarin,ᠮᠠᠨᠵᡠ ᡥᡝᡵᡤᡝᠨ Manju Hergen,"Takekoshi 竹越, Takeshi 孝. (2011). 『兼滿漢語滿洲套話清文啓蒙』満洲文字注音一覧表. KOTONOHA, (101).","Takekoshi 竹越, Takeshi 孝. (2011). 『兼滿漢語滿洲套話清文啓蒙』満洲文字注音一覧表. KOTONOHA, (101). Data extracted from the Qing instructional source 兼滿漢語滿洲套話清文啓蒙 (1763).",『兼滿漢語滿洲套話清文啓蒙』満洲文字注音一覧表,竹越 孝 / Takekoshi Takeshi,2011,兼滿漢語滿洲套話清文啓蒙,1763,無,u,ᡠ,u,w,u,14,4,無 u 14,無
manju-hergen-takekoshi-2011,mandarin,Mandarin,Manchu script transcription of Mandarin,ᠮᠠᠨᠵᡠ ᡥᡝᡵᡤᡝᠨ Manju Hergen,"Takekoshi 竹越, Takeshi 孝. (2011). 『兼滿漢語滿洲套話清文啓蒙』満洲文字注音一覧表. KOTONOHA, (101).","Takekoshi 竹越, Takeshi 孝. (2011). 『兼滿漢語滿洲套話清文啓蒙』満洲文字注音一覧表. KOTONOHA, (101). Data extracted from the Qing instructional source 兼滿漢語滿洲套話清文啓蒙 (1763).",『兼滿漢語滿洲套話清文啓蒙』満洲文字注音一覧表,竹越 孝 / Takekoshi Takeshi,2011,兼滿漢語滿洲套話清文啓蒙,1763,悞,u,ᡠ,u,w,u,5,4,悞 u 5 / o 2,悞
manju-hergen-takekoshi-2011,mandarin,Mandarin,Manchu script transcription of Mandarin,ᠮᠠᠨᠵᡠ ᡥᡝᡵᡤᡝᠨ Manju Hergen,"Takekoshi 竹越, Takeshi 孝. (2011). 『兼滿漢語滿洲套話清文啓蒙』満洲文字注音一覧表. KOTONOHA, (101).","Takekoshi 竹越, Takeshi 孝. (2011). 『兼滿漢語滿洲套話清文啓蒙』満洲文字注音一覧表. KOTONOHA, (101). Data extracted from the Qing instructional source 兼滿漢語滿洲套話清文啓蒙 (1763).",『兼滿漢語滿洲套話清文啓蒙』満洲文字注音一覧表,竹越 孝 / Takekoshi Takeshi,2011,兼滿漢語滿洲套話清文啓蒙,1763,悞,o,ᠣ,o,w,u,2,4,悞 u 5 / o 2,悞
manju-hergen-takekoshi-2011,mandarin,Mandarin,Manchu script transcription of Mandarin,ᠮᠠᠨᠵᡠ ᡥᡝᡵᡤᡝᠨ Manju Hergen,"Takekoshi 竹越, Takeshi 孝. (2011). 『兼滿漢語滿洲套話清文啓蒙』満洲文字注音一覧表. KOTONOHA, (101).","Takekoshi 竹越, Takeshi 孝. (2011). 『兼滿漢語滿洲套話清文啓蒙』満洲文字注音一覧表. KOTONOHA, (101). Data extracted from the Qing instructional source 兼滿漢語滿洲套話清文啓蒙 (1763).",『兼滿漢語滿洲套話清文啓蒙』満洲文字注音一覧表,竹越 孝 / Takekoshi Takeshi,2011,兼滿漢語滿洲套話清文啓蒙,1763,吾,u,ᡠ,u,w,u,4,4,吾 u 4,吾
manju-hergen-takekoshi-2011,mandarin,Mandarin,Manchu script transcription of Mandarin,ᠮᠠᠨᠵᡠ ᡥᡝᡵᡤᡝᠨ Manju Hergen,"Takekoshi 竹越, Takeshi 孝. (2011). 『兼滿漢語滿洲套話清文啓蒙』満洲文字注音一覧表. KOTONOHA, (101).","Takekoshi 竹越, Takeshi 孝. (2011). 『兼滿漢語滿洲套話清文啓蒙』満洲文字注音一覧表. KOTONOHA, (101). Data extracted from the Qing instructional source 兼滿漢語滿洲套話清文啓蒙 (1763).",『兼滿漢語滿洲套話清文啓蒙』満洲文字注音一覧表,竹越 孝 / Takekoshi Takeshi,2011,兼滿漢語滿洲套話清文啓蒙,1763,屋,u,ᡠ,u,w,u,4,4,屋 u 4,屋
manju-hergen-takekoshi-2011,mandarin,Mandarin,Manchu script transcription of Mandarin,ᠮᠠᠨᠵᡠ ᡥᡝᡵᡤᡝᠨ Manju Hergen,"Takekoshi 竹越, Takeshi 孝. (2011). 『兼滿漢語滿洲套話清文啓蒙』満洲文字注音一覧表. KOTONOHA, (101).","Takekoshi 竹越, Takeshi 孝. (2011). 『兼滿漢語滿洲套話清文啓蒙』満洲文字注音一覧表. KOTONOHA, (101). Data extracted from the Qing instructional source 兼滿漢語滿洲套話清文啓蒙 (1763).",『兼滿漢語滿洲套話清文啓蒙』満洲文字注音一覧表,竹越 孝 / Takekoshi Takeshi,2011,兼滿漢語滿洲套話清文啓蒙,1763,五,u,ᡠ,u,w,u,3,4,五 u 3,五
manju-hergen-takekoshi-2011,mandarin,Mandarin,Manchu script transcription of Mandarin,ᠮᠠᠨᠵᡠ ᡥᡝᡵᡤᡝᠨ Manju Hergen,"Takekoshi 竹越, Takeshi 孝. (2011). 『兼滿漢語滿洲套話清文啓蒙』満洲文字注音一覧表. KOTONOHA, (101).","Takekoshi 竹越, Takeshi 孝. (2011). 『兼滿漢語滿洲套話清文啓蒙』満洲文字注音一覧表. KOTONOHA, (101). Data extracted from the Qing instructional source 兼滿漢語滿洲套話清文啓蒙 (1763).",『兼滿漢語滿洲套話清文啓蒙』満洲文字注音一覧表,竹越 孝 / Takekoshi Takeshi,2011,兼滿漢語滿洲套話清文啓蒙,1763,物,u,ᡠ,u,w,u,2,4,物 u 2,物
manju-hergen-takekoshi-2011,mandarin,Mandarin,Manchu script transcription of Mandarin,ᠮᠠᠨᠵᡠ ᡥᡝᡵᡤᡝᠨ Manju Hergen,"Takekoshi 竹越, Takeshi 孝. (2011). 『兼滿漢語滿洲套話清文啓蒙』満洲文字注音一覧表. KOTONOHA, (101).","Takekoshi 竹越, Takeshi 孝. (2011). 『兼滿漢語滿洲套話清文啓蒙』満洲文字注音一覧表. KOTONOHA, (101). Data extracted from the Qing instructional source 兼滿漢語滿洲套話清文啓蒙 (1763).",『兼滿漢語滿洲套話清文啓蒙』満洲文字注音一覧表,竹越 孝 / Takekoshi Takeshi,2011,兼滿漢語滿洲套話清文啓蒙,1763,屡,lui,ᠯᡠᡳ,lui,l,ü,2,4,屡 lui 2,屡
manju-hergen-takekoshi-2011,mandarin,Mandarin,Manchu script transcription of Mandarin,ᠮᠠᠨᠵᡠ ᡥᡝᡵᡤᡝᠨ Manju Hergen,"Takekoshi 竹越, Takeshi 孝. (2011). 『兼滿漢語滿洲套話清文啓蒙』満洲文字注音一覧表. KOTONOHA, (101).","Takekoshi 竹越, Takeshi 孝. (2011). 『兼滿漢語滿洲套話清文啓蒙』満洲文字注音一覧表. KOTONOHA, (101). Data extracted from the Qing instructional source 兼滿漢語滿洲套話清文啓蒙 (1763).",『兼滿漢語滿洲套話清文啓蒙』満洲文字注音一覧表,竹越 孝 / Takekoshi Takeshi,2011,兼滿漢語滿洲套話清文啓蒙,1763,句,gioi,ᡤᡳᠣᡳ,qioi,j,ü,8,4,句 gioi 8,句
manju-hergen-takekoshi-2011,mandarin,Mandarin,Manchu script transcription of Mandarin,ᠮᠠᠨᠵᡠ ᡥᡝᡵᡤᡝᠨ Manju Hergen,"Takekoshi 竹越, Takeshi 孝. (2011). 『兼滿漢語滿洲套話清文啓蒙』満洲文字注音一覧表. KOTONOHA, (101).","Takekoshi 竹越, Takeshi 孝. (2011). 『兼滿漢語滿洲套話清文啓蒙』満洲文字注音一覧表. KOTONOHA, (101). Data extracted from the Qing instructional source 兼滿漢語滿洲套話清文啓蒙 (1763).",『兼滿漢語滿洲套話清文啓蒙』満洲文字注音一覧表,竹越 孝 / Takekoshi Takeshi,2011,兼滿漢語滿洲套話清文啓蒙,1763,矩,gioi,ᡤᡳᠣᡳ,qioi,j,ü,5,4,矩 gioi 5,矩
manju-hergen-takekoshi-2011,mandarin,Mandarin,Manchu script transcription of Mandarin,ᠮᠠᠨᠵᡠ ᡥᡝᡵᡤᡝᠨ Manju Hergen,"Takekoshi 竹越, Takeshi 孝. (2011). 『兼滿漢語滿洲套話清文啓蒙』満洲文字注音一覧表. KOTONOHA, (101).","Takekoshi 竹越, Takeshi 孝. (2011). 『兼滿漢語滿洲套話清文啓蒙』満洲文字注音一覧表. KOTONOHA, (101). Data extracted from the Qing instructional source 兼滿漢語滿洲套話清文啓蒙 (1763).",『兼滿漢語滿洲套話清文啓蒙』満洲文字注音一覧表,竹越 孝 / Takekoshi Takeshi,2011,兼滿漢語滿洲套話清文啓蒙,1763,拘,gioi,ᡤᡳᠣᡳ,qioi,j,ü,4,4,拘 gioi 4,拘
manju-hergen-takekoshi-2011,mandarin,Mandarin,Manchu script transcription of Mandarin,ᠮᠠᠨᠵᡠ ᡥᡝᡵᡤᡝᠨ Manju Hergen,"Takekoshi 竹越, Takeshi 孝. (2011). 『兼滿漢語滿洲套話清文啓蒙』満洲文字注音一覧表. KOTONOHA, (101).","Takekoshi 竹越, Takeshi 孝. (2011). 『兼滿漢語滿洲套話清文啓蒙』満洲文字注音一覧表. KOTONOHA, (101). Data extracted from the Qing instructional source 兼滿漢語滿洲套話清文啓蒙 (1763).",『兼滿漢語滿洲套話清文啓蒙』満洲文字注音一覧表,竹越 孝 / Takekoshi Takeshi,2011,兼滿漢語滿洲套話清文啓蒙,1763,局,gioi,ᡤᡳᠣᡳ,qioi,j,ü,,4,局 gioi,局
manju-hergen-takekoshi-2011,mandarin,Mandarin,Manchu script transcription of Mandarin,ᠮᠠᠨᠵᡠ ᡥᡝᡵᡤᡝᠨ Manju Hergen,"Takekoshi 竹越, Takeshi 孝. (2011). 『兼滿漢語滿洲套話清文啓蒙』満洲文字注音一覧表. KOTONOHA, (101).","Takekoshi 竹越, Takeshi 孝. (2011). 『兼滿漢語滿洲套話清文啓蒙』満洲文字注音一覧表. KOTONOHA, (101). Data extracted from the Qing instructional source 兼滿漢語滿洲套話清文啓蒙 (1763).",『兼滿漢語滿洲套話清文啓蒙』満洲文字注音一覧表,竹越 孝 / Takekoshi Takeshi,2011,兼滿漢語滿洲套話清文啓蒙,1763,據,gioi,ᡤᡳᠣᡳ,qioi,j,ü,,4,據 gioi,據
manju-hergen-takekoshi-2011,mandarin,Mandarin,Manchu script transcription of Mandarin,ᠮᠠᠨᠵᡠ ᡥᡝᡵᡤᡝᠨ Manju Hergen,"Takekoshi 竹越, Takeshi 孝. (2011). 『兼滿漢語滿洲套話清文啓蒙』満洲文字注音一覧表. KOTONOHA, (101).","Takekoshi 竹越, Takeshi 孝. (2011). 『兼滿漢語滿洲套話清文啓蒙』満洲文字注音一覧表. KOTONOHA, (101). Data extracted from the Qing instructional source 兼滿漢語滿洲套話清文啓蒙 (1763).",『兼滿漢語滿洲套話清文啓蒙』満洲文字注音一覧表,竹越 孝 / Takekoshi Takeshi,2011,兼滿漢語滿洲套話清文啓蒙,1763,居,gioi,ᡤᡳᠣᡳ,qioi,j,ü,,4,居 gioi,居
manju-hergen-takekoshi-2011,mandarin,Mandarin,Manchu script transcription of Mandarin,ᠮᠠᠨᠵᡠ ᡥᡝᡵᡤᡝᠨ Manju Hergen,"Takekoshi 竹越, Takeshi 孝. (2011). 『兼滿漢語滿洲套話清文啓蒙』満洲文字注音一覧表. KOTONOHA, (101).","Takekoshi 竹越, Takeshi 孝. (2011). 『兼滿漢語滿洲套話清文啓蒙』満洲文字注音一覧表. KOTONOHA, (101). Data extracted from the Qing instructional source 兼滿漢語滿洲套話清文啓蒙 (1763).",『兼滿漢語滿洲套話清文啓蒙』満洲文字注音一覧表,竹越 孝 / Takekoshi Takeshi,2011,兼滿漢語滿洲套話清文啓蒙,1763,举,gioi,ᡤᡳᠣᡳ,qioi,j,ü,,4,举 gioi,举
manju-hergen-takekoshi-2011,mandarin,Mandarin,Manchu script transcription of Mandarin,ᠮᠠᠨᠵᡠ ᡥᡝᡵᡤᡝᠨ Manju Hergen,"Takekoshi 竹越, Takeshi 孝. (2011). 『兼滿漢語滿洲套話清文啓蒙』満洲文字注音一覧表. KOTONOHA, (101).","Takekoshi 竹越, Takeshi 孝. (2011). 『兼滿漢語滿洲套話清文啓蒙』満洲文字注音一覧表. KOTONOHA, (101). Data extracted from the Qing instructional source 兼滿漢語滿洲套話清文啓蒙 (1763).",『兼滿漢語滿洲套話清文啓蒙』満洲文字注音一覧表,竹越 孝 / Takekoshi Takeshi,2011,兼滿漢語滿洲套話清文啓蒙,1763,去,kioi,ᡴᡳᠣᡳ,qʰioi,q,ü,118,4,去 kioi 118,去
manju-hergen-takekoshi-2011,mandarin,Mandarin,Manchu script transcription of Mandarin,ᠮᠠᠨᠵᡠ ᡥᡝᡵᡤᡝᠨ Manju Hergen,"Takekoshi 竹越, Takeshi 孝. (2011). 『兼滿漢語滿洲套話清文啓蒙』満洲文字注音一覧表. KOTONOHA, (101).","Takekoshi 竹越, Takeshi 孝. (2011). 『兼滿漢語滿洲套話清文啓蒙』満洲文字注音一覧表. KOTONOHA, (101). Data extracted from the Qing instructional source 兼滿漢語滿洲套話清文啓蒙 (1763).",『兼滿漢語滿洲套話清文啓蒙』満洲文字注音一覧表,竹越 孝 / Takekoshi Takeshi,2011,兼滿漢語滿洲套話清文啓蒙,1763,趣,kioi,ᡴᡳᠣᡳ,qʰioi,q,ü,2,4,趣 kioi 2,趣
manju-hergen-takekoshi-2011,mandarin,Mandarin,Manchu script transcription of Mandarin,ᠮᠠᠨᠵᡠ ᡥᡝᡵᡤᡝᠨ Manju Hergen,"Takekoshi 竹越, Takeshi 孝. (2011). 『兼滿漢語滿洲套話清文啓蒙』満洲文字注音一覧表. KOTONOHA, (101).","Takekoshi 竹越, Takeshi 孝. (2011). 『兼滿漢語滿洲套話清文啓蒙』満洲文字注音一覧表. KOTONOHA, (101). Data extracted from the Qing instructional source 兼滿漢語滿洲套話清文啓蒙 (1763).",『兼滿漢語滿洲套話清文啓蒙』満洲文字注音一覧表,竹越 孝 / Takekoshi Takeshi,2011,兼滿漢語滿洲套話清文啓蒙,1763,取,kioi,ᡴᡳᠣᡳ,qʰioi,q,ü,2,4,取 kioi 2,取
manju-hergen-takekoshi-2011,mandarin,Mandarin,Manchu script transcription of Mandarin,ᠮᠠᠨᠵᡠ ᡥᡝᡵᡤᡝᠨ Manju Hergen,"Takekoshi 竹越, Takeshi 孝. (2011). 『兼滿漢語滿洲套話清文啓蒙』満洲文字注音一覧表. KOTONOHA, (101).","Takekoshi 竹越, Takeshi 孝. (2011). 『兼滿漢語滿洲套話清文啓蒙』満洲文字注音一覧表. KOTONOHA, (101). Data extracted from the Qing instructional source 兼滿漢語滿洲套話清文啓蒙 (1763).",『兼滿漢語滿洲套話清文啓蒙』満洲文字注音一覧表,竹越 孝 / Takekoshi Takeshi,2011,兼滿漢語滿洲套話清文啓蒙,1763,屈,kioi,ᡴᡳᠣᡳ,qʰioi,q,ü,,4,屈 kioi,屈
manju-hergen-takekoshi-2011,mandarin,Mandarin,Manchu script transcription of Mandarin,ᠮᠠᠨᠵᡠ ᡥᡝᡵᡤᡝᠨ Manju Hergen,"Takekoshi 竹越, Takeshi 孝. (2011). 『兼滿漢語滿洲套話清文啓蒙』満洲文字注音一覧表. KOTONOHA, (101).","Takekoshi 竹越, Takeshi 孝. (2011). 『兼滿漢語滿洲套話清文啓蒙』満洲文字注音一覧表. KOTONOHA, (101). Data extracted from the Qing instructional source 兼滿漢語滿洲套話清文啓蒙 (1763).",『兼滿漢語滿洲套話清文啓蒙』満洲文字注音一覧表,竹越 孝 / Takekoshi Takeshi,2011,兼滿漢語滿洲套話清文啓蒙,1763,虚,sioi,ᠰᡳᠣᡳ,sioi,x,ü,6,5,虚 sioi 6,虚
manju-hergen-takekoshi-2011,mandarin,Mandarin,Manchu script transcription of Mandarin,ᠮᠠᠨᠵᡠ ᡥᡝᡵᡤᡝᠨ Manju Hergen,"Takekoshi 竹越, Takeshi 孝. (2011). 『兼滿漢語滿洲套話清文啓蒙』満洲文字注音一覧表. KOTONOHA, (101).","Takekoshi 竹越, Takeshi 孝. (2011). 『兼滿漢語滿洲套話清文啓蒙』満洲文字注音一覧表. KOTONOHA, (101). Data extracted from the Qing instructional source 兼滿漢語滿洲套話清文啓蒙 (1763).",『兼滿漢語滿洲套話清文啓蒙』満洲文字注音一覧表,竹越 孝 / Takekoshi Takeshi,2011,兼滿漢語滿洲套話清文啓蒙,1763,絮,sioi,ᠰᡳᠣᡳ,sioi,x,ü,4,5,絮 sioi 4,絮
manju-hergen-takekoshi-2011,mandarin,Mandarin,Manchu script transcription of Mandarin,ᠮᠠᠨᠵᡠ ᡥᡝᡵᡤᡝᠨ Manju Hergen,"Takekoshi 竹越, Takeshi 孝. (2011). 『兼滿漢語滿洲套話清文啓蒙』満洲文字注音一覧表. KOTONOHA, (101).","Takekoshi 竹越, Takeshi 孝. (2011). 『兼滿漢語滿洲套話清文啓蒙』満洲文字注音一覧表. KOTONOHA, (101). Data extracted from the Qing instructional source 兼滿漢語滿洲套話清文啓蒙 (1763).",『兼滿漢語滿洲套話清文啓蒙』満洲文字注音一覧表,竹越 孝 / Takekoshi Takeshi,2011,兼滿漢語滿洲套話清文啓蒙,1763,須,sioi,ᠰᡳᠣᡳ,sioi,x,ü,3,5,須 sioi 3,須
manju-hergen-takekoshi-2011,mandarin,Mandarin,Manchu script transcription of Mandarin,ᠮᠠᠨᠵᡠ ᡥᡝᡵᡤᡝᠨ Manju Hergen,"Takekoshi 竹越, Takeshi 孝. (2011). 『兼滿漢語滿洲套話清文啓蒙』満洲文字注音一覧表. KOTONOHA, (101).","Takekoshi 竹越, Takeshi 孝. (2011). 『兼滿漢語滿洲套話清文啓蒙』満洲文字注音一覧表. KOTONOHA, (101). Data extracted from the Qing instructional source 兼滿漢語滿洲套話清文啓蒙 (1763).",『兼滿漢語滿洲套話清文啓蒙』満洲文字注音一覧表,竹越 孝 / Takekoshi Takeshi,2011,兼滿漢語滿洲套話清文啓蒙,1763,叙,sioi,ᠰᡳᠣᡳ,sioi,x,ü,3,5,叙 sioi 3,叙
manju-hergen-takekoshi-2011,mandarin,Mandarin,Manchu script transcription of Mandarin,ᠮᠠᠨᠵᡠ ᡥᡝᡵᡤᡝᠨ Manju Hergen,"Takekoshi 竹越, Takeshi 孝. (2011). 『兼滿漢語滿洲套話清文啓蒙』満洲文字注音一覧表. KOTONOHA, (101).","Takekoshi 竹越, Takeshi 孝. (2011). 『兼滿漢語滿洲套話清文啓蒙』満洲文字注音一覧表. KOTONOHA, (101). Data extracted from the Qing instructional source 兼滿漢語滿洲套話清文啓蒙 (1763).",『兼滿漢語滿洲套話清文啓蒙』満洲文字注音一覧表,竹越 孝 / Takekoshi Takeshi,2011,兼滿漢語滿洲套話清文啓蒙,1763,許,sioi,ᠰᡳᠣᡳ,sioi,x,ü,2,5,許 sioi 2,許
manju-hergen-takekoshi-2011,mandarin,Mandarin,Manchu script transcription of Mandarin,ᠮᠠᠨᠵᡠ ᡥᡝᡵᡤᡝᠨ Manju Hergen,"Takekoshi 竹越, Takeshi 孝. (2011). 『兼滿漢語滿洲套話清文啓蒙』満洲文字注音一覧表. KOTONOHA, (101).","Takekoshi 竹越, Takeshi 孝. (2011). 『兼滿漢語滿洲套話清文啓蒙』満洲文字注音一覧表. KOTONOHA, (101). Data extracted from the Qing instructional source 兼滿漢語滿洲套話清文啓蒙 (1763).",『兼滿漢語滿洲套話清文啓蒙』満洲文字注音一覧表,竹越 孝 / Takekoshi Takeshi,2011,兼滿漢語滿洲套話清文啓蒙,1763,于,ioi,ᡳᠣᡳ,ioi,y,ü,20,5,于 ioi 20,于
manju-hergen-takekoshi-2011,mandarin,Mandarin,Manchu script transcription of Mandarin,ᠮᠠᠨᠵᡠ ᡥᡝᡵᡤᡝᠨ Manju Hergen,"Takekoshi 竹越, Takeshi 孝. (2011). 『兼滿漢語滿洲套話清文啓蒙』満洲文字注音一覧表. KOTONOHA, (101).","Takekoshi 竹越, Takeshi 孝. (2011). 『兼滿漢語滿洲套話清文啓蒙』満洲文字注音一覧表. KOTONOHA, (101). Data extracted from the Qing instructional source 兼滿漢語滿洲套話清文啓蒙 (1763).",『兼滿漢語滿洲套話清文啓蒙』満洲文字注音一覧表,竹越 孝 / Takekoshi Takeshi,2011,兼滿漢語滿洲套話清文啓蒙,1763,預,ioi,ᡳᠣᡳ,ioi,y,ü,4,5,預 ioi 4,預
manju-hergen-takekoshi-2011,mandarin,Mandarin,Manchu script transcription of Mandarin,ᠮᠠᠨᠵᡠ ᡥᡝᡵᡤᡝᠨ Manju Hergen,"Takekoshi 竹越, Takeshi 孝. (2011). 『兼滿漢語滿洲套話清文啓蒙』満洲文字注音一覧表. KOTONOHA, (101).","Takekoshi 竹越, Takeshi 孝. (2011). 『兼滿漢語滿洲套話清文啓蒙』満洲文字注音一覧表. KOTONOHA, (101). Data extracted from the Qing instructional source 兼滿漢語滿洲套話清文啓蒙 (1763).",『兼滿漢語滿洲套話清文啓蒙』満洲文字注音一覧表,竹越 孝 / Takekoshi Takeshi,2011,兼滿漢語滿洲套話清文啓蒙,1763,雨,ioi,ᡳᠣᡳ,ioi,y,ü,2,5,雨 ioi 2,雨
manju-hergen-takekoshi-2011,mandarin,Mandarin,Manchu script transcription of Mandarin,ᠮᠠᠨᠵᡠ ᡥᡝᡵᡤᡝᠨ Manju Hergen,"Takekoshi 竹越, Takeshi 孝. (2011). 『兼滿漢語滿洲套話清文啓蒙』満洲文字注音一覧表. KOTONOHA, (101).","Takekoshi 竹越, Takeshi 孝. (2011). 『兼滿漢語滿洲套話清文啓蒙』満洲文字注音一覧表. KOTONOHA, (101). Data extracted from the Qing instructional source 兼滿漢語滿洲套話清文啓蒙 (1763).",『兼滿漢語滿洲套話清文啓蒙』満洲文字注音一覧表,竹越 孝 / Takekoshi Takeshi,2011,兼滿漢語滿洲套話清文啓蒙,1763,欲,ioi,ᡳᠣᡳ,ioi,y,ü,4,5,欲 ioi 4,欲
manju-hergen-takekoshi-2011,mandarin,Mandarin,Manchu script transcription of Mandarin,ᠮᠠᠨᠵᡠ ᡥᡝᡵᡤᡝᠨ Manju Hergen,"Takekoshi 竹越, Takeshi 孝. (2011). 『兼滿漢語滿洲套話清文啓蒙』満洲文字注音一覧表. KOTONOHA, (101).","Takekoshi 竹越, Takeshi 孝. (2011). 『兼滿漢語滿洲套話清文啓蒙』満洲文字注音一覧表. KOTONOHA, (101). Data extracted from the Qing instructional source 兼滿漢語滿洲套話清文啓蒙 (1763).",『兼滿漢語滿洲套話清文啓蒙』満洲文字注音一覧表,竹越 孝 / Takekoshi Takeshi,2011,兼滿漢語滿洲套話清文啓蒙,1763,遇,ioi,ᡳᠣᡳ,ioi,y,ü,3,5,遇 ioi 3,遇
manju-hergen-takekoshi-2011,mandarin,Mandarin,Manchu script transcription of Mandarin,ᠮᠠᠨᠵᡠ ᡥᡝᡵᡤᡝᠨ Manju Hergen,"Takekoshi 竹越, Takeshi 孝. (2011). 『兼滿漢語滿洲套話清文啓蒙』満洲文字注音一覧表. KOTONOHA, (101).","Takekoshi 竹越, Takeshi 孝. (2011). 『兼滿漢語滿洲套話清文啓蒙』満洲文字注音一覧表. KOTONOHA, (101). Data extracted from the Qing instructional source 兼滿漢語滿洲套話清文啓蒙 (1763).",『兼滿漢語滿洲套話清文啓蒙』満洲文字注音一覧表,竹越 孝 / Takekoshi Takeshi,2011,兼滿漢語滿洲套話清文啓蒙,1763,愚,ioi,ᡳᠣᡳ,ioi,y,ü,2,5,愚 ioi 2,愚
manju-hergen-takekoshi-2011,mandarin,Mandarin,Manchu script transcription of Mandarin,ᠮᠠᠨᠵᡠ ᡥᡝᡵᡤᡝᠨ Manju Hergen,"Takekoshi 竹越, Takeshi 孝. (2011). 『兼滿漢語滿洲套話清文啓蒙』満洲文字注音一覧表. KOTONOHA, (101).","Takekoshi 竹越, Takeshi 孝. (2011). 『兼滿漢語滿洲套話清文啓蒙』満洲文字注音一覧表. KOTONOHA, (101). Data extracted from the Qing instructional source 兼滿漢語滿洲套話清文啓蒙 (1763).",『兼滿漢語滿洲套話清文啓蒙』満洲文字注音一覧表,竹越 孝 / Takekoshi Takeshi,2011,兼滿漢語滿洲套話清文啓蒙,1763,餘,ioi,ᡳᠣᡳ,ioi,y,ü,2,5,餘 ioi 2,餘
manju-hergen-takekoshi-2011,mandarin,Mandarin,Manchu script transcription of Mandarin,ᠮᠠᠨᠵᡠ ᡥᡝᡵᡤᡝᠨ Manju Hergen,"Takekoshi 竹越, Takeshi 孝. (2011). 『兼滿漢語滿洲套話清文啓蒙』満洲文字注音一覧表. KOTONOHA, (101).","Takekoshi 竹越, Takeshi 孝. (2011). 『兼滿漢語滿洲套話清文啓蒙』満洲文字注音一覧表. KOTONOHA, (101). Data extracted from the Qing instructional source 兼滿漢語滿洲套話清文啓蒙 (1763).",『兼滿漢語滿洲套話清文啓蒙』満洲文字注音一覧表,竹越 孝 / Takekoshi Takeshi,2011,兼滿漢語滿洲套話清文啓蒙,1763,語,ioi,ᡳᠣᡳ,ioi,y,ü,,5,語 ioi,語
manju-hergen-takekoshi-2011,mandarin,Mandarin,Manchu script transcription of Mandarin,ᠮᠠᠨᠵᡠ ᡥᡝᡵᡤᡝᠨ Manju Hergen,"Takekoshi 竹越, Takeshi 孝. (2011). 『兼滿漢語滿洲套話清文啓蒙』満洲文字注音一覧表. KOTONOHA, (101).","Takekoshi 竹越, Takeshi 孝. (2011). 『兼滿漢語滿洲套話清文啓蒙』満洲文字注音一覧表. KOTONOHA, (101). Data extracted from the Qing instructional source 兼滿漢語滿洲套話清文啓蒙 (1763).",『兼滿漢語滿洲套話清文啓蒙』満洲文字注音一覧表,竹越 孝 / Takekoshi Takeshi,2011,兼滿漢語滿洲套話清文啓蒙,1763,譽,ioi,ᡳᠣᡳ,ioi,y,ü,,5,譽 ioi,譽
manju-hergen-takekoshi-2011,mandarin,Mandarin,Manchu script transcription of Mandarin,ᠮᠠᠨᠵᡠ ᡥᡝᡵᡤᡝᠨ Manju Hergen,"Takekoshi 竹越, Takeshi 孝. (2011). 『兼滿漢語滿洲套話清文啓蒙』満洲文字注音一覧表. KOTONOHA, (101).","Takekoshi 竹越, Takeshi 孝. (2011). 『兼滿漢語滿洲套話清文啓蒙』満洲文字注音一覧表. KOTONOHA, (101). Data extracted from the Qing instructional source 兼滿漢語滿洲套話清文啓蒙 (1763).",『兼滿漢語滿洲套話清文啓蒙』満洲文字注音一覧表,竹越 孝 / Takekoshi Takeshi,2011,兼滿漢語滿洲套話清文啓蒙,1763,白,be,ᠪᡝ,pə,b,ai,16,5,白 be 16,白
manju-hergen-takekoshi-2011,mandarin,Mandarin,Manchu script transcription of Mandarin,ᠮᠠᠨᠵᡠ ᡥᡝᡵᡤᡝᠨ Manju Hergen,"Takekoshi 竹越, Takeshi 孝. (2011). 『兼滿漢語滿洲套話清文啓蒙』満洲文字注音一覧表. KOTONOHA, (101).","Takekoshi 竹越, Takeshi 孝. (2011). 『兼滿漢語滿洲套話清文啓蒙』満洲文字注音一覧表. KOTONOHA, (101). Data extracted from the Qing instructional source 兼滿漢語滿洲套話清文啓蒙 (1763).",『兼滿漢語滿洲套話清文啓蒙』満洲文字注音一覧表,竹越 孝 / Takekoshi Takeshi,2011,兼滿漢語滿洲套話清文啓蒙,1763,擺,bai,ᠪᠠᡳ,pai,b,ai,5,5,擺 bai 5,擺
manju-hergen-takekoshi-2011,mandarin,Mandarin,Manchu script transcription of Mandarin,ᠮᠠᠨᠵᡠ ᡥᡝᡵᡤᡝᠨ Manju Hergen,"Takekoshi 竹越, Takeshi 孝. (2011). 『兼滿漢語滿洲套話清文啓蒙』満洲文字注音一覧表. KOTONOHA, (101).","Takekoshi 竹越, Takeshi 孝. (2011). 『兼滿漢語滿洲套話清文啓蒙』満洲文字注音一覧表. KOTONOHA, (101). Data extracted from the Qing instructional source 兼滿漢語滿洲套話清文啓蒙 (1763).",『兼滿漢語滿洲套話清文啓蒙』満洲文字注音一覧表,竹越 孝 / Takekoshi Takeshi,2011,兼滿漢語滿洲套話清文啓蒙,1763,百,be,ᠪᡝ,pə,b,ai,3,5,百 be 3,百
manju-hergen-takekoshi-2011,mandarin,Mandarin,Manchu script transcription of Mandarin,ᠮᠠᠨᠵᡠ ᡥᡝᡵᡤᡝᠨ Manju Hergen,"Takekoshi 竹越, Takeshi 孝. (2011). 『兼滿漢語滿洲套話清文啓蒙』満洲文字注音一覧表. KOTONOHA, (101).","Takekoshi 竹越, Takeshi 孝. (2011). 『兼滿漢語滿洲套話清文啓蒙』満洲文字注音一覧表. KOTONOHA, (101). Data extracted from the Qing instructional source 兼滿漢語滿洲套話清文啓蒙 (1763).",『兼滿漢語滿洲套話清文啓蒙』満洲文字注音一覧表,竹越 孝 / Takekoshi Takeshi,2011,兼滿漢語滿洲套話清文啓蒙,1763,派,pai,ᡦᠠᡳ,pʰai,p,ai,2,5,派 pai 2,派
manju-hergen-takekoshi-2011,mandarin,Mandarin,Manchu script transcription of Mandarin,ᠮᠠᠨᠵᡠ ᡥᡝᡵᡤᡝᠨ Manju Hergen,"Takekoshi 竹越, Takeshi 孝. (2011). 『兼滿漢語滿洲套話清文啓蒙』満洲文字注音一覧表. KOTONOHA, (101).","Takekoshi 竹越, Takeshi 孝. (2011). 『兼滿漢語滿洲套話清文啓蒙』満洲文字注音一覧表. KOTONOHA, (101). Data extracted from the Qing instructional source 兼滿漢語滿洲套話清文啓蒙 (1763).",『兼滿漢語滿洲套話清文啓蒙』満洲文字注音一覧表,竹越 孝 / Takekoshi Takeshi,2011,兼滿漢語滿洲套話清文啓蒙,1763,買,mai,ᠮᠠᡳ,mai,m,ai,2,5,買 mai 2,買
manju-hergen-takekoshi-2011,mandarin,Mandarin,Manchu script transcription of Mandarin,ᠮᠠᠨᠵᡠ ᡥᡝᡵᡤᡝᠨ Manju Hergen,"Takekoshi 竹越, Takeshi 孝. (2011). 『兼滿漢語滿洲套話清文啓蒙』満洲文字注音一覧表. KOTONOHA, (101).","Takekoshi 竹越, Takeshi 孝. (2011). 『兼滿漢語滿洲套話清文啓蒙』満洲文字注音一覧表. KOTONOHA, (101). Data extracted from the Qing instructional source 兼滿漢語滿洲套話清文啓蒙 (1763).",『兼滿漢語滿洲套話清文啓蒙』満洲文字注音一覧表,竹越 孝 / Takekoshi Takeshi,2011,兼滿漢語滿洲套話清文啓蒙,1763,賣,mai,ᠮᠠᡳ,mai,m,ai,2,5,賣 mai 2,賣
manju-hergen-takekoshi-2011,mandarin,Mandarin,Manchu script transcription of Mandarin,ᠮᠠᠨᠵᡠ ᡥᡝᡵᡤᡝᠨ Manju Hergen,"Takekoshi 竹越, Takeshi 孝. (2011). 『兼滿漢語滿洲套話清文啓蒙』満洲文字注音一覧表. KOTONOHA, (101).","Takekoshi 竹越, Takeshi 孝. (2011). 『兼滿漢語滿洲套話清文啓蒙』満洲文字注音一覧表. KOTONOHA, (101). Data extracted from the Qing instructional source 兼滿漢語滿洲套話清文啓蒙 (1763).",『兼滿漢語滿洲套話清文啓蒙』満洲文字注音一覧表,竹越 孝 / Takekoshi Takeshi,2011,兼滿漢語滿洲套話清文啓蒙,1763,埋,mai,ᠮᠠᡳ,mai,m,ai,2,5,埋 mai 2,埋
manju-hergen-takekoshi-2011,mandarin,Mandarin,Manchu script transcription of Mandarin,ᠮᠠᠨᠵᡠ ᡥᡝᡵᡤᡝᠨ Manju Hergen,"Takekoshi 竹越, Takeshi 孝. (2011). 『兼滿漢語滿洲套話清文啓蒙』満洲文字注音一覧表. KOTONOHA, (101).","Takekoshi 竹越, Takeshi 孝. (2011). 『兼滿漢語滿洲套話清文啓蒙』満洲文字注音一覧表. KOTONOHA, (101). Data extracted from the Qing instructional source 兼滿漢語滿洲套話清文啓蒙 (1763).",『兼滿漢語滿洲套話清文啓蒙』満洲文字注音一覧表,竹越 孝 / Takekoshi Takeshi,2011,兼滿漢語滿洲套話清文啓蒙,1763,怠,dai,ᡩᠠᡳ,tai,d,ai,3,5,怠 dai 3,怠
manju-hergen-takekoshi-2011,mandarin,Mandarin,Manchu script transcription of Mandarin,ᠮᠠᠨᠵᡠ ᡥᡝᡵᡤᡝᠨ Manju Hergen,"Takekoshi 竹越, Takeshi 孝. (2011). 『兼滿漢語滿洲套話清文啓蒙』満洲文字注音一覧表. KOTONOHA, (101).","Takekoshi 竹越, Takeshi 孝. (2011). 『兼滿漢語滿洲套話清文啓蒙』満洲文字注音一覧表. KOTONOHA, (101). Data extracted from the Qing instructional source 兼滿漢語滿洲套話清文啓蒙 (1763).",『兼滿漢語滿洲套話清文啓蒙』満洲文字注音一覧表,竹越 孝 / Takekoshi Takeshi,2011,兼滿漢語滿洲套話清文啓蒙,1763,歹,dai,ᡩᠠᡳ,tai,d,ai,2,5,歹 dai 2,歹
manju-hergen-takekoshi-2011,mandarin,Mandarin,Manchu script transcription of Mandarin,ᠮᠠᠨᠵᡠ ᡥᡝᡵᡤᡝᠨ Manju Hergen,"Takekoshi 竹越, Takeshi 孝. (2011). 『兼滿漢語滿洲套話清文啓蒙』満洲文字注音一覧表. KOTONOHA, (101).","Takekoshi 竹越, Takeshi 孝. (2011). 『兼滿漢語滿洲套話清文啓蒙』満洲文字注音一覧表. KOTONOHA, (101). Data extracted from the Qing instructional source 兼滿漢語滿洲套話清文啓蒙 (1763).",『兼滿漢語滿洲套話清文啓蒙』満洲文字注音一覧表,竹越 孝 / Takekoshi Takeshi,2011,兼滿漢語滿洲套話清文啓蒙,1763,待,dai,ᡩᠠᡳ,tai,d,ai,,5,待 dai,待
manju-hergen-takekoshi-2011,mandarin,Mandarin,Manchu script transcription of Mandarin,ᠮᠠᠨᠵᡠ ᡥᡝᡵᡤᡝᠨ Manju Hergen,"Takekoshi 竹越, Takeshi 孝. (2011). 『兼滿漢語滿洲套話清文啓蒙』満洲文字注音一覧表. KOTONOHA, (101).","Takekoshi 竹越, Takeshi 孝. (2011). 『兼滿漢語滿洲套話清文啓蒙』満洲文字注音一覧表. KOTONOHA, (101). Data extracted from the Qing instructional source 兼滿漢語滿洲套話清文啓蒙 (1763).",『兼滿漢語滿洲套話清文啓蒙』満洲文字注音一覧表,竹越 孝 / Takekoshi Takeshi,2011,兼滿漢語滿洲套話清文啓蒙,1763,袋,dai,ᡩᠠᡳ,tai,d,ai,,5,袋 dai,袋
manju-hergen-takekoshi-2011,mandarin,Mandarin,Manchu script transcription of Mandarin,ᠮᠠᠨᠵᡠ ᡥᡝᡵᡤᡝᠨ Manju Hergen,"Takekoshi 竹越, Takeshi 孝. (2011). 『兼滿漢語滿洲套話清文啓蒙』満洲文字注音一覧表. KOTONOHA, (101).","Takekoshi 竹越, Takeshi 孝. (2011). 『兼滿漢語滿洲套話清文啓蒙』満洲文字注音一覧表. KOTONOHA, (101). Data extracted from the Qing instructional source 兼滿漢語滿洲套話清文啓蒙 (1763).",『兼滿漢語滿洲套話清文啓蒙』満洲文字注音一覧表,竹越 孝 / Takekoshi Takeshi,2011,兼滿漢語滿洲套話清文啓蒙,1763,太,tai,ᡨᠠᡳ,tʰai,t,ai,11,5,太 tai 11,太
manju-hergen-takekoshi-2011,mandarin,Mandarin,Manchu script transcription of Mandarin,ᠮᠠᠨᠵᡠ ᡥᡝᡵᡤᡝᠨ Manju Hergen,"Takekoshi 竹越, Takeshi 孝. (2011). 『兼滿漢語滿洲套話清文啓蒙』満洲文字注音一覧表. KOTONOHA, (101).","Takekoshi 竹越, Takeshi 孝. (2011). 『兼滿漢語滿洲套話清文啓蒙』満洲文字注音一覧表. KOTONOHA, (101). Data extracted from the Qing instructional source 兼滿漢語滿洲套話清文啓蒙 (1763).",『兼滿漢語滿洲套話清文啓蒙』満洲文字注音一覧表,竹越 孝 / Takekoshi Takeshi,2011,兼滿漢語滿洲套話清文啓蒙,1763,乃,nai,ᠨᠠᡳ,nai,n,ai,5,5,乃 nai 5,乃
manju-hergen-takekoshi-2011,mandarin,Mandarin,Manchu script transcription of Mandarin,ᠮᠠᠨᠵᡠ ᡥᡝᡵᡤᡝᠨ Manju Hergen,"Takekoshi 竹越, Takeshi 孝. (2011). 『兼滿漢語滿洲套話清文啓蒙』満洲文字注音一覧表. KOTONOHA, (101).","Takekoshi 竹越, Takeshi 孝. (2011). 『兼滿漢語滿洲套話清文啓蒙』満洲文字注音一覧表. KOTONOHA, (101). Data extracted from the Qing instructional source 兼滿漢語滿洲套話清文啓蒙 (1763).",『兼滿漢語滿洲套話清文啓蒙』満洲文字注音一覧表,竹越 孝 / Takekoshi Takeshi,2011,兼滿漢語滿洲套話清文啓蒙,1763,奈,nai,ᠨᠠᡳ,nai,n,ai,,5,奈 nai,奈
manju-hergen-takekoshi-2011,mandarin,Mandarin,Manchu script transcription of Mandarin,ᠮᠠᠨᠵᡠ ᡥᡝᡵᡤᡝᠨ Manju Hergen,"Takekoshi 竹越, Takeshi 孝. (2011). 『兼滿漢語滿洲套話清文啓蒙』満洲文字注音一覧表. KOTONOHA, (101).","Takekoshi 竹越, Takeshi 孝. (2011). 『兼滿漢語滿洲套話清文啓蒙』満洲文字注音一覧表. KOTONOHA, (101). Data extracted from the Qing instructional source 兼滿漢語滿洲套話清文啓蒙 (1763).",『兼滿漢語滿洲套話清文啓蒙』満洲文字注音一覧表,竹越 孝 / Takekoshi Takeshi,2011,兼滿漢語滿洲套話清文啓蒙,1763,奶,nai,ᠨᠠᡳ,nai,n,ai,,5,奶 nai,奶
manju-hergen-takekoshi-2011,mandarin,Mandarin,Manchu script transcription of Mandarin,ᠮᠠᠨᠵᡠ ᡥᡝᡵᡤᡝᠨ Manju Hergen,"Takekoshi 竹越, Takeshi 孝. (2011). 『兼滿漢語滿洲套話清文啓蒙』満洲文字注音一覧表. KOTONOHA, (101).","Takekoshi 竹越, Takeshi 孝. (2011). 『兼滿漢語滿洲套話清文啓蒙』満洲文字注音一覧表. KOTONOHA, (101). Data extracted from the Qing instructional source 兼滿漢語滿洲套話清文啓蒙 (1763).",『兼滿漢語滿洲套話清文啓蒙』満洲文字注音一覧表,竹越 孝 / Takekoshi Takeshi,2011,兼滿漢語滿洲套話清文啓蒙,1763,來,lai,ᠯᠠᡳ,lai,l,ai,123,5,來 lai 123,來
manju-hergen-takekoshi-2011,mandarin,Mandarin,Manchu script transcription of Mandarin,ᠮᠠᠨᠵᡠ ᡥᡝᡵᡤᡝᠨ Manju Hergen,"Takekoshi 竹越, Takeshi 孝. (2011). 『兼滿漢語滿洲套話清文啓蒙』満洲文字注音一覧表. KOTONOHA, (101).","Takekoshi 竹越, Takeshi 孝. (2011). 『兼滿漢語滿洲套話清文啓蒙』満洲文字注音一覧表. KOTONOHA, (101). Data extracted from the Qing instructional source 兼滿漢語滿洲套話清文啓蒙 (1763).",『兼滿漢語滿洲套話清文啓蒙』満洲文字注音一覧表,竹越 孝 / Takekoshi Takeshi,2011,兼滿漢語滿洲套話清文啓蒙,1763,頼,lai,ᠯᠠᡳ,lai,l,ai,3,5,頼 lai 3,頼
manju-hergen-takekoshi-2011,mandarin,Mandarin,Manchu script transcription of Mandarin,ᠮᠠᠨᠵᡠ ᡥᡝᡵᡤᡝᠨ Manju Hergen,"Takekoshi 竹越, Takeshi 孝. (2011). 『兼滿漢語滿洲套話清文啓蒙』満洲文字注音一覧表. KOTONOHA, (101).","Takekoshi 竹越, Takeshi 孝. (2011). 『兼滿漢語滿洲套話清文啓蒙』満洲文字注音一覧表. KOTONOHA, (101). Data extracted from the Qing instructional source 兼滿漢語滿洲套話清文啓蒙 (1763).",『兼滿漢語滿洲套話清文啓蒙』満洲文字注音一覧表,竹越 孝 / Takekoshi Takeshi,2011,兼滿漢語滿洲套話清文啓蒙,1763,在,dzai,ᡯᠠᡳ,tsai,z,ai,52,5,在 dzai 52,在
manju-hergen-takekoshi-2011,mandarin,Mandarin,Manchu script transcription of Mandarin,ᠮᠠᠨᠵᡠ ᡥᡝᡵᡤᡝᠨ Manju Hergen,"Takekoshi 竹越, Takeshi 孝. (2011). 『兼滿漢語滿洲套話清文啓蒙』満洲文字注音一覧表. KOTONOHA, (101).","Takekoshi 竹越, Takeshi 孝. (2011). 『兼滿漢語滿洲套話清文啓蒙』満洲文字注音一覧表. KOTONOHA, (101). Data extracted from the Qing instructional source 兼滿漢語滿洲套話清文啓蒙 (1763).",『兼滿漢語滿洲套話清文啓蒙』満洲文字注音一覧表,竹越 孝 / Takekoshi Takeshi,2011,兼滿漢語滿洲套話清文啓蒙,1763,再,dzai,ᡯᠠᡳ,tsai,z,ai,24,5,再 dzai 24,再
manju-hergen-takekoshi-2011,mandarin,Mandarin,Manchu script transcription of Mandarin,ᠮᠠᠨᠵᡠ ᡥᡝᡵᡤᡝᠨ Manju Hergen,"Takekoshi 竹越, Takeshi 孝. (2011). 『兼滿漢語滿洲套話清文啓蒙』満洲文字注音一覧表. KOTONOHA, (101).","Takekoshi 竹越, Takeshi 孝. (2011). 『兼滿漢語滿洲套話清文啓蒙』満洲文字注音一覧表. KOTONOHA, (101). Data extracted from the Qing instructional source 兼滿漢語滿洲套話清文啓蒙 (1763).",『兼滿漢語滿洲套話清文啓蒙』満洲文字注音一覧表,竹越 孝 / Takekoshi Takeshi,2011,兼滿漢語滿洲套話清文啓蒙,1763,纔,ts’ai,ᡨᠰᠠᡳ,tʰsai,c,ai,27,5,纔 ts’ai 27 / dzai 6,纔
manju-hergen-takekoshi-2011,mandarin,Mandarin,Manchu script transcription of Mandarin,ᠮᠠᠨᠵᡠ ᡥᡝᡵᡤᡝᠨ Manju Hergen,"Takekoshi 竹越, Takeshi 孝. (2011). 『兼滿漢語滿洲套話清文啓蒙』満洲文字注音一覧表. KOTONOHA, (101).","Takekoshi 竹越, Takeshi 孝. (2011). 『兼滿漢語滿洲套話清文啓蒙』満洲文字注音一覧表. KOTONOHA, (101). Data extracted from the Qing instructional source 兼滿漢語滿洲套話清文啓蒙 (1763).",『兼滿漢語滿洲套話清文啓蒙』満洲文字注音一覧表,竹越 孝 / Takekoshi Takeshi,2011,兼滿漢語滿洲套話清文啓蒙,1763,纔,dzai,ᡯᠠᡳ,tsai,c,ai,6,5,纔 ts’ai 27 / dzai 6,纔
manju-hergen-takekoshi-2011,mandarin,Mandarin,Manchu script transcription of Mandarin,ᠮᠠᠨᠵᡠ ᡥᡝᡵᡤᡝᠨ Manju Hergen,"Takekoshi 竹越, Takeshi 孝. (2011). 『兼滿漢語滿洲套話清文啓蒙』満洲文字注音一覧表. KOTONOHA, (101).","Takekoshi 竹越, Takeshi 孝. (2011). 『兼滿漢語滿洲套話清文啓蒙』満洲文字注音一覧表. KOTONOHA, (101). Data extracted from the Qing instructional source 兼滿漢語滿洲套話清文啓蒙 (1763).",『兼滿漢語滿洲套話清文啓蒙』満洲文字注音一覧表,竹越 孝 / Takekoshi Takeshi,2011,兼滿漢語滿洲套話清文啓蒙,1763,菜,ts’ai,ᡨᠰᠠᡳ,tʰsai,c,ai,4,5,菜 ts’ai 4 / dzai,菜
manju-hergen-takekoshi-2011,mandarin,Mandarin,Manchu script transcription of Mandarin,ᠮᠠᠨᠵᡠ ᡥᡝᡵᡤᡝᠨ Manju Hergen,"Takekoshi 竹越, Takeshi 孝. (2011). 『兼滿漢語滿洲套話清文啓蒙』満洲文字注音一覧表. KOTONOHA, (101).","Takekoshi 竹越, Takeshi 孝. (2011). 『兼滿漢語滿洲套話清文啓蒙』満洲文字注音一覧表. KOTONOHA, (101). Data extracted from the Qing instructional source 兼滿漢語滿洲套話清文啓蒙 (1763).",『兼滿漢語滿洲套話清文啓蒙』満洲文字注音一覧表,竹越 孝 / Takekoshi Takeshi,2011,兼滿漢語滿洲套話清文啓蒙,1763,菜,dzai,ᡯᠠᡳ,tsai,c,ai,,5,菜 ts’ai 4 / dzai,菜
manju-hergen-takekoshi-2011,mandarin,Mandarin,Manchu script transcription of Mandarin,ᠮᠠᠨᠵᡠ ᡥᡝᡵᡤᡝᠨ Manju Hergen,"Takekoshi 竹越, Takeshi 孝. (2011). 『兼滿漢語滿洲套話清文啓蒙』満洲文字注音一覧表. KOTONOHA, (101).","Takekoshi 竹越, Takeshi 孝. (2011). 『兼滿漢語滿洲套話清文啓蒙』満洲文字注音一覧表. KOTONOHA, (101). Data extracted from the Qing instructional source 兼滿漢語滿洲套話清文啓蒙 (1763).",『兼滿漢語滿洲套話清文啓蒙』満洲文字注音一覧表,竹越 孝 / Takekoshi Takeshi,2011,兼滿漢語滿洲套話清文啓蒙,1763,才,ts’ai,ᡨᠰᠠᡳ,tʰsai,c,ai,,5,才 ts’ai / dzai,才
manju-hergen-takekoshi-2011,mandarin,Mandarin,Manchu script transcription of Mandarin,ᠮᠠᠨᠵᡠ ᡥᡝᡵᡤᡝᠨ Manju Hergen,"Takekoshi 竹越, Takeshi 孝. (2011). 『兼滿漢語滿洲套話清文啓蒙』満洲文字注音一覧表. KOTONOHA, (101).","Takekoshi 竹越, Takeshi 孝. (2011). 『兼滿漢語滿洲套話清文啓蒙』満洲文字注音一覧表. KOTONOHA, (101). Data extracted from the Qing instructional source 兼滿漢語滿洲套話清文啓蒙 (1763).",『兼滿漢語滿洲套話清文啓蒙』満洲文字注音一覧表,竹越 孝 / Takekoshi Takeshi,2011,兼滿漢語滿洲套話清文啓蒙,1763,才,dzai,ᡯᠠᡳ,tsai,c,ai,,5,才 ts’ai / dzai,才
manju-hergen-takekoshi-2011,mandarin,Mandarin,Manchu script transcription of Mandarin,ᠮᠠᠨᠵᡠ ᡥᡝᡵᡤᡝᠨ Manju Hergen,"Takekoshi 竹越, Takeshi 孝. (2011). 『兼滿漢語滿洲套話清文啓蒙』満洲文字注音一覧表. KOTONOHA, (101).","Takekoshi 竹越, Takeshi 孝. (2011). 『兼滿漢語滿洲套話清文啓蒙』満洲文字注音一覧表. KOTONOHA, (101). Data extracted from the Qing instructional source 兼滿漢語滿洲套話清文啓蒙 (1763).",『兼滿漢語滿洲套話清文啓蒙』満洲文字注音一覧表,竹越 孝 / Takekoshi Takeshi,2011,兼滿漢語滿洲套話清文啓蒙,1763,猜,ts’ai,ᡨᠰᠠᡳ,tʰsai,c,ai,,5,猜 ts’ai,猜
manju-hergen-takekoshi-2011,mandarin,Mandarin,Manchu script transcription of Mandarin,ᠮᠠᠨᠵᡠ ᡥᡝᡵᡤᡝᠨ Manju Hergen,"Takekoshi 竹越, Takeshi 孝. (2011). 『兼滿漢語滿洲套話清文啓蒙』満洲文字注音一覧表. KOTONOHA, (101).","Takekoshi 竹越, Takeshi 孝. (2011). 『兼滿漢語滿洲套話清文啓蒙』満洲文字注音一覧表. KOTONOHA, (101). Data extracted from the Qing instructional source 兼滿漢語滿洲套話清文啓蒙 (1763).",『兼滿漢語滿洲套話清文啓蒙』満洲文字注音一覧表,竹越 孝 / Takekoshi Takeshi,2011,兼滿漢語滿洲套話清文啓蒙,1763,債,jai,ᠵᠠᡳ,tʃai,zh,ai,2,5,債 jai 2,債
manju-hergen-takekoshi-2011,mandarin,Mandarin,Manchu script transcription of Mandarin,ᠮᠠᠨᠵᡠ ᡥᡝᡵᡤᡝᠨ Manju Hergen,"Takekoshi 竹越, Takeshi 孝. (2011). 『兼滿漢語滿洲套話清文啓蒙』満洲文字注音一覧表. KOTONOHA, (101).","Takekoshi 竹越, Takeshi 孝. (2011). 『兼滿漢語滿洲套話清文啓蒙』満洲文字注音一覧表. KOTONOHA, (101). Data extracted from the Qing instructional source 兼滿漢語滿洲套話清文啓蒙 (1763).",『兼滿漢語滿洲套話清文啓蒙』満洲文字注音一覧表,竹越 孝 / Takekoshi Takeshi,2011,兼滿漢語滿洲套話清文啓蒙,1763,窄,dza,ᡯᠠ,tsa,zh,ai,,5,窄 dza,窄
manju-hergen-takekoshi-2011,mandarin,Mandarin,Manchu script transcription of Mandarin,ᠮᠠᠨᠵᡠ ᡥᡝᡵᡤᡝᠨ Manju Hergen,"Takekoshi 竹越, Takeshi 孝. (2011). 『兼滿漢語滿洲套話清文啓蒙』満洲文字注音一覧表. KOTONOHA, (101).","Takekoshi 竹越, Takeshi 孝. (2011). 『兼滿漢語滿洲套話清文啓蒙』満洲文字注音一覧表. KOTONOHA, (101). Data extracted from the Qing instructional source 兼滿漢語滿洲套話清文啓蒙 (1763).",『兼滿漢語滿洲套話清文啓蒙』満洲文字注音一覧表,竹越 孝 / Takekoshi Takeshi,2011,兼滿漢語滿洲套話清文啓蒙,1763,差,cai,ᠴᠠᡳ,tʃʰai,ch,ai,5,5,差 cai 5,差
manju-hergen-takekoshi-2011,mandarin,Mandarin,Manchu script transcription of Mandarin,ᠮᠠᠨᠵᡠ ᡥᡝᡵᡤᡝᠨ Manju Hergen,"Takekoshi 竹越, Takeshi 孝. (2011). 『兼滿漢語滿洲套話清文啓蒙』満洲文字注音一覧表. KOTONOHA, (101).","Takekoshi 竹越, Takeshi 孝. (2011). 『兼滿漢語滿洲套話清文啓蒙』満洲文字注音一覧表. KOTONOHA, (101). Data extracted from the Qing instructional source 兼滿漢語滿洲套話清文啓蒙 (1763).",『兼滿漢語滿洲套話清文啓蒙』満洲文字注音一覧表,竹越 孝 / Takekoshi Takeshi,2011,兼滿漢語滿洲套話清文啓蒙,1763,該,g’ai,ᡬᠠᡳ,kai,g,ai,14,5,該 g’ai 14,該
manju-hergen-takekoshi-2011,mandarin,Mandarin,Manchu script transcription of Mandarin,ᠮᠠᠨᠵᡠ ᡥᡝᡵᡤᡝᠨ Manju Hergen,"Takekoshi 竹越, Takeshi 孝. (2011). 『兼滿漢語滿洲套話清文啓蒙』満洲文字注音一覧表. KOTONOHA, (101).","Takekoshi 竹越, Takeshi 孝. (2011). 『兼滿漢語滿洲套話清文啓蒙』満洲文字注音一覧表. KOTONOHA, (101). Data extracted from the Qing instructional source 兼滿漢語滿洲套話清文啓蒙 (1763).",『兼滿漢語滿洲套話清文啓蒙』満洲文字注音一覧表,竹越 孝 / Takekoshi Takeshi,2011,兼滿漢語滿洲套話清文啓蒙,1763,改,g’ai,ᡬᠠᡳ,kai,g,ai,3,5,改 g’ai 3,改
manju-hergen-takekoshi-2011,mandarin,Mandarin,Manchu script transcription of Mandarin,ᠮᠠᠨᠵᡠ ᡥᡝᡵᡤᡝᠨ Manju Hergen,"Takekoshi 竹越, Takeshi 孝. (2011). 『兼滿漢語滿洲套話清文啓蒙』満洲文字注音一覧表. KOTONOHA, (101).","Takekoshi 竹越, Takeshi 孝. (2011). 『兼滿漢語滿洲套話清文啓蒙』満洲文字注音一覧表. KOTONOHA, (101). Data extracted from the Qing instructional source 兼滿漢語滿洲套話清文啓蒙 (1763).",『兼滿漢語滿洲套話清文啓蒙』満洲文字注音一覧表,竹越 孝 / Takekoshi Takeshi,2011,兼滿漢語滿洲套話清文啓蒙,1763,槩,g’ai,ᡬᠠᡳ,kai,g,ai,2,5,槩 g’ai 2,槩
manju-hergen-takekoshi-2011,mandarin,Mandarin,Manchu script transcription of Mandarin,ᠮᠠᠨᠵᡠ ᡥᡝᡵᡤᡝᠨ Manju Hergen,"Takekoshi 竹越, Takeshi 孝. (2011). 『兼滿漢語滿洲套話清文啓蒙』満洲文字注音一覧表. KOTONOHA, (101).","Takekoshi 竹越, Takeshi 孝. (2011). 『兼滿漢語滿洲套話清文啓蒙』満洲文字注音一覧表. KOTONOHA, (101). Data extracted from the Qing instructional source 兼滿漢語滿洲套話清文啓蒙 (1763).",『兼滿漢語滿洲套話清文啓蒙』満洲文字注音一覧表,竹越 孝 / Takekoshi Takeshi,2011,兼滿漢語滿洲套話清文啓蒙,1763,慨,k’ai,ᠺᠠᡳ,kʰai,k,ai,4,5,慨 k’ai 4,慨
manju-hergen-takekoshi-2011,mandarin,Mandarin,Manchu script transcription of Mandarin,ᠮᠠᠨᠵᡠ ᡥᡝᡵᡤᡝᠨ Manju Hergen,"Takekoshi 竹越, Takeshi 孝. (2011). 『兼滿漢語滿洲套話清文啓蒙』満洲文字注音一覧表. KOTONOHA, (101).","Takekoshi 竹越, Takeshi 孝. (2011). 『兼滿漢語滿洲套話清文啓蒙』満洲文字注音一覧表. KOTONOHA, (101). Data extracted from the Qing instructional source 兼滿漢語滿洲套話清文啓蒙 (1763).",『兼滿漢語滿洲套話清文啓蒙』満洲文字注音一覧表,竹越 孝 / Takekoshi Takeshi,2011,兼滿漢語滿洲套話清文啓蒙,1763,開,k’ai,ᠺᠠᡳ,kʰai,k,ai,3,5,開 k’ai 3,開
manju-hergen-takekoshi-2011,mandarin,Mandarin,Manchu script transcription of Mandarin,ᠮᠠᠨᠵᡠ ᡥᡝᡵᡤᡝᠨ Manju Hergen,"Takekoshi 竹越, Takeshi 孝. (2011). 『兼滿漢語滿洲套話清文啓蒙』満洲文字注音一覧表. KOTONOHA, (101).","Takekoshi 竹越, Takeshi 孝. (2011). 『兼滿漢語滿洲套話清文啓蒙』満洲文字注音一覧表. KOTONOHA, (101). Data extracted from the Qing instructional source 兼滿漢語滿洲套話清文啓蒙 (1763).",『兼滿漢語滿洲套話清文啓蒙』満洲文字注音一覧表,竹越 孝 / Takekoshi Takeshi,2011,兼滿漢語滿洲套話清文啓蒙,1763,孩,h’ai,ᡭᠠᡳ,xai,h,ai,2,5,孩 h’ai 2,孩
manju-hergen-takekoshi-2011,mandarin,Mandarin,Manchu script transcription of Mandarin,ᠮᠠᠨᠵᡠ ᡥᡝᡵᡤᡝᠨ Manju Hergen,"Takekoshi 竹越, Takeshi 孝. (2011). 『兼滿漢語滿洲套話清文啓蒙』満洲文字注音一覧表. KOTONOHA, (101).","Takekoshi 竹越, Takeshi 孝. (2011). 『兼滿漢語滿洲套話清文啓蒙』満洲文字注音一覧表. KOTONOHA, (101). Data extracted from the Qing instructional source 兼滿漢語滿洲套話清文啓蒙 (1763).",『兼滿漢語滿洲套話清文啓蒙』満洲文字注音一覧表,竹越 孝 / Takekoshi Takeshi,2011,兼滿漢語滿洲套話清文啓蒙,1763,害,h’ai,ᡭᠠᡳ,xai,h,ai,,5,害 h’ai / hai,害
manju-hergen-takekoshi-2011,mandarin,Mandarin,Manchu script transcription of Mandarin,ᠮᠠᠨᠵᡠ ᡥᡝᡵᡤᡝᠨ Manju Hergen,"Takekoshi 竹越, Takeshi 孝. (2011). 『兼滿漢語滿洲套話清文啓蒙』満洲文字注音一覧表. KOTONOHA, (101).","Takekoshi 竹越, Takeshi 孝. (2011). 『兼滿漢語滿洲套話清文啓蒙』満洲文字注音一覧表. KOTONOHA, (101). Data extracted from the Qing instructional source 兼滿漢語滿洲套話清文啓蒙 (1763).",『兼滿漢語滿洲套話清文啓蒙』満洲文字注音一覧表,竹越 孝 / Takekoshi Takeshi,2011,兼滿漢語滿洲套話清文啓蒙,1763,害,hai,ᡥᠠᡳ,χai,h,ai,,5,害 h’ai / hai,害
manju-hergen-takekoshi-2011,mandarin,Mandarin,Manchu script transcription of Mandarin,ᠮᠠᠨᠵᡠ ᡥᡝᡵᡤᡝᠨ Manju Hergen,"Takekoshi 竹越, Takeshi 孝. (2011). 『兼滿漢語滿洲套話清文啓蒙』満洲文字注音一覧表. KOTONOHA, (101).","Takekoshi 竹越, Takeshi 孝. (2011). 『兼滿漢語滿洲套話清文啓蒙』満洲文字注音一覧表. KOTONOHA, (101). Data extracted from the Qing instructional source 兼滿漢語滿洲套話清文啓蒙 (1763).",『兼滿漢語滿洲套話清文啓蒙』満洲文字注音一覧表,竹越 孝 / Takekoshi Takeshi,2011,兼滿漢語滿洲套話清文啓蒙,1763,海,hai,ᡥᠠᡳ,χai,h,ai,,5,海 hai,海
manju-hergen-takekoshi-2011,mandarin,Mandarin,Manchu script transcription of Mandarin,ᠮᠠᠨᠵᡠ ᡥᡝᡵᡤᡝᠨ Manju Hergen,"Takekoshi 竹越, Takeshi 孝. (2011). 『兼滿漢語滿洲套話清文啓蒙』満洲文字注音一覧表. KOTONOHA, (101).","Takekoshi 竹越, Takeshi 孝. (2011). 『兼滿漢語滿洲套話清文啓蒙』満洲文字注音一覧表. KOTONOHA, (101). Data extracted from the Qing instructional source 兼滿漢語滿洲套話清文啓蒙 (1763).",『兼滿漢語滿洲套話清文啓蒙』満洲文字注音一覧表,竹越 孝 / Takekoshi Takeshi,2011,兼滿漢語滿洲套話清文啓蒙,1763,愛,ai,ᠠᡳ,ai,∅,ai,8,5,愛 / 爱 ai 8,愛/爱
manju-hergen-takekoshi-2011,mandarin,Mandarin,Manchu script transcription of Mandarin,ᠮᠠᠨᠵᡠ ᡥᡝᡵᡤᡝᠨ Manju Hergen,"Takekoshi 竹越, Takeshi 孝. (2011). 『兼滿漢語滿洲套話清文啓蒙』満洲文字注音一覧表. KOTONOHA, (101).","Takekoshi 竹越, Takeshi 孝. (2011). 『兼滿漢語滿洲套話清文啓蒙』満洲文字注音一覧表. KOTONOHA, (101). Data extracted from the Qing instructional source 兼滿漢語滿洲套話清文啓蒙 (1763).",『兼滿漢語滿洲套話清文啓蒙』満洲文字注音一覧表,竹越 孝 / Takekoshi Takeshi,2011,兼滿漢語滿洲套話清文啓蒙,1763,爱,ai,ᠠᡳ,ai,∅,ai,8,5,愛 / 爱 ai 8,愛/爱
manju-hergen-takekoshi-2011,mandarin,Mandarin,Manchu script transcription of Mandarin,ᠮᠠᠨᠵᡠ ᡥᡝᡵᡤᡝᠨ Manju Hergen,"Takekoshi 竹越, Takeshi 孝. (2011). 『兼滿漢語滿洲套話清文啓蒙』満洲文字注音一覧表. KOTONOHA, (101).","Takekoshi 竹越, Takeshi 孝. (2011). 『兼滿漢語滿洲套話清文啓蒙』満洲文字注音一覧表. KOTONOHA, (101). Data extracted from the Qing instructional source 兼滿漢語滿洲套話清文啓蒙 (1763).",『兼滿漢語滿洲套話清文啓蒙』満洲文字注音一覧表,竹越 孝 / Takekoshi Takeshi,2011,兼滿漢語滿洲套話清文啓蒙,1763,哎,ai,ᠠᡳ,ai,∅,ai,7,5,哎 ai 7,哎
manju-hergen-takekoshi-2011,mandarin,Mandarin,Manchu script transcription of Mandarin,ᠮᠠᠨᠵᡠ ᡥᡝᡵᡤᡝᠨ Manju Hergen,"Takekoshi 竹越, Takeshi 孝. (2011). 『兼滿漢語滿洲套話清文啓蒙』満洲文字注音一覧表. KOTONOHA, (101).","Takekoshi 竹越, Takeshi 孝. (2011). 『兼滿漢語滿洲套話清文啓蒙』満洲文字注音一覧表. KOTONOHA, (101). Data extracted from the Qing instructional source 兼滿漢語滿洲套話清文啓蒙 (1763).",『兼滿漢語滿洲套話清文啓蒙』満洲文字注音一覧表,竹越 孝 / Takekoshi Takeshi,2011,兼滿漢語滿洲套話清文啓蒙,1763,挨,ai,ᠠᡳ,ai,∅,ai,,5,挨 ai / yai,挨
manju-hergen-takekoshi-2011,mandarin,Mandarin,Manchu script transcription of Mandarin,ᠮᠠᠨᠵᡠ ᡥᡝᡵᡤᡝᠨ Manju Hergen,"Takekoshi 竹越, Takeshi 孝. (2011). 『兼滿漢語滿洲套話清文啓蒙』満洲文字注音一覧表. KOTONOHA, (101).","Takekoshi 竹越, Takeshi 孝. (2011). 『兼滿漢語滿洲套話清文啓蒙』満洲文字注音一覧表. KOTONOHA, (101). Data extracted from the Qing instructional source 兼滿漢語滿洲套話清文啓蒙 (1763).",『兼滿漢語滿洲套話清文啓蒙』満洲文字注音一覧表,竹越 孝 / Takekoshi Takeshi,2011,兼滿漢語滿洲套話清文啓蒙,1763,挨,yai,ᠶᠠᡳ,jai,∅,ai,,5,挨 ai / yai,挨
manju-hergen-takekoshi-2011,mandarin,Mandarin,Manchu script transcription of Mandarin,ᠮᠠᠨᠵᡠ ᡥᡝᡵᡤᡝᠨ Manju Hergen,"Takekoshi 竹越, Takeshi 孝. (2011). 『兼滿漢語滿洲套話清文啓蒙』満洲文字注音一覧表. KOTONOHA, (101).","Takekoshi 竹越, Takeshi 孝. (2011). 『兼滿漢語滿洲套話清文啓蒙』満洲文字注音一覧表. KOTONOHA, (101). Data extracted from the Qing instructional source 兼滿漢語滿洲套話清文啓蒙 (1763).",『兼滿漢語滿洲套話清文啓蒙』満洲文字注音一覧表,竹越 孝 / Takekoshi Takeshi,2011,兼滿漢語滿洲套話清文啓蒙,1763,哀,ai,ᠠᡳ,ai,∅,ai,,5,哀 ai,哀
manju-hergen-takekoshi-2011,mandarin,Mandarin,Manchu script transcription of Mandarin,ᠮᠠᠨᠵᡠ ᡥᡝᡵᡤᡝᠨ Manju Hergen,"Takekoshi 竹越, Takeshi 孝. (2011). 『兼滿漢語滿洲套話清文啓蒙』満洲文字注音一覧表. KOTONOHA, (101).","Takekoshi 竹越, Takeshi 孝. (2011). 『兼滿漢語滿洲套話清文啓蒙』満洲文字注音一覧表. KOTONOHA, (101). Data extracted from the Qing instructional source 兼滿漢語滿洲套話清文啓蒙 (1763).",『兼滿漢語滿洲套話清文啓蒙』満洲文字注音一覧表,竹越 孝 / Takekoshi Takeshi,2011,兼滿漢語滿洲套話清文啓蒙,1763,踹,cai,ᠴᠠᡳ,tʃʰai,ch,uai,,5,踹 cai,踹
manju-hergen-takekoshi-2011,mandarin,Mandarin,Manchu script transcription of Mandarin,ᠮᠠᠨᠵᡠ ᡥᡝᡵᡤᡝᠨ Manju Hergen,"Takekoshi 竹越, Takeshi 孝. (2011). 『兼滿漢語滿洲套話清文啓蒙』満洲文字注音一覧表. KOTONOHA, (101).","Takekoshi 竹越, Takeshi 孝. (2011). 『兼滿漢語滿洲套話清文啓蒙』満洲文字注音一覧表. KOTONOHA, (101). Data extracted from the Qing instructional source 兼滿漢語滿洲套話清文啓蒙 (1763).",『兼滿漢語滿洲套話清文啓蒙』満洲文字注音一覧表,竹越 孝 / Takekoshi Takeshi,2011,兼滿漢語滿洲套話清文啓蒙,1763,怪,guwai,ᡤᡠᠸᠠᡳ,quwai,g,uai,3,5,怪 guwai 3,怪
manju-hergen-takekoshi-2011,mandarin,Mandarin,Manchu script transcription of Mandarin,ᠮᠠᠨᠵᡠ ᡥᡝᡵᡤᡝᠨ Manju Hergen,"Takekoshi 竹越, Takeshi 孝. (2011). 『兼滿漢語滿洲套話清文啓蒙』満洲文字注音一覧表. KOTONOHA, (101).","Takekoshi 竹越, Takeshi 孝. (2011). 『兼滿漢語滿洲套話清文啓蒙』満洲文字注音一覧表. KOTONOHA, (101). Data extracted from the Qing instructional source 兼滿漢語滿洲套話清文啓蒙 (1763).",『兼滿漢語滿洲套話清文啓蒙』満洲文字注音一覧表,竹越 孝 / Takekoshi Takeshi,2011,兼滿漢語滿洲套話清文啓蒙,1763,快,kuwai,ᡴᡠᠸᠠᡳ,qʰuwai,k,uai,13,5,快 kuwai 13,快
manju-hergen-takekoshi-2011,mandarin,Mandarin,Manchu script transcription of Mandarin,ᠮᠠᠨᠵᡠ ᡥᡝᡵᡤᡝᠨ Manju Hergen,"Takekoshi 竹越, Takeshi 孝. (2011). 『兼滿漢語滿洲套話清文啓蒙』満洲文字注音一覧表. KOTONOHA, (101).","Takekoshi 竹越, Takeshi 孝. (2011). 『兼滿漢語滿洲套話清文啓蒙』満洲文字注音一覧表. KOTONOHA, (101). Data extracted from the Qing instructional source 兼滿漢語滿洲套話清文啓蒙 (1763).",『兼滿漢語滿洲套話清文啓蒙』満洲文字注音一覧表,竹越 孝 / Takekoshi Takeshi,2011,兼滿漢語滿洲套話清文啓蒙,1763,蒯,kuwai,ᡴᡠᠸᠠᡳ,qʰuwai,k,uai,,5,蒯 kuwai,蒯
manju-hergen-takekoshi-2011,mandarin,Mandarin,Manchu script transcription of Mandarin,ᠮᠠᠨᠵᡠ ᡥᡝᡵᡤᡝᠨ Manju Hergen,"Takekoshi 竹越, Takeshi 孝. (2011). 『兼滿漢語滿洲套話清文啓蒙』満洲文字注音一覧表. KOTONOHA, (101).","Takekoshi 竹越, Takeshi 孝. (2011). 『兼滿漢語滿洲套話清文啓蒙』満洲文字注音一覧表. KOTONOHA, (101). Data extracted from the Qing instructional source 兼滿漢語滿洲套話清文啓蒙 (1763).",『兼滿漢語滿洲套話清文啓蒙』満洲文字注音一覧表,竹越 孝 / Takekoshi Takeshi,2011,兼滿漢語滿洲套話清文啓蒙,1763,坏,huwai,ᡥᡠᠸᠠᡳ,χuwai,h,uai,4,5,坏 huwai 4,坏
manju-hergen-takekoshi-2011,mandarin,Mandarin,Manchu script transcription of Mandarin,ᠮᠠᠨᠵᡠ ᡥᡝᡵᡤᡝᠨ Manju Hergen,"Takekoshi 竹越, Takeshi 孝. (2011). 『兼滿漢語滿洲套話清文啓蒙』満洲文字注音一覧表. KOTONOHA, (101).","Takekoshi 竹越, Takeshi 孝. (2011). 『兼滿漢語滿洲套話清文啓蒙』満洲文字注音一覧表. KOTONOHA, (101). Data extracted from the Qing instructional source 兼滿漢語滿洲套話清文啓蒙 (1763).",『兼滿漢語滿洲套話清文啓蒙』満洲文字注音一覧表,竹越 孝 / Takekoshi Takeshi,2011,兼滿漢語滿洲套話清文啓蒙,1763,槐,hūwai,ᡥᡡᠸᠠᡳ,χʊwai,h,uai,,5,槐 hūwai,槐
manju-hergen-takekoshi-2011,mandarin,Mandarin,Manchu script transcription of Mandarin,ᠮᠠᠨᠵᡠ ᡥᡝᡵᡤᡝᠨ Manju Hergen,"Takekoshi 竹越, Takeshi 孝. (2011). 『兼滿漢語滿洲套話清文啓蒙』満洲文字注音一覧表. KOTONOHA, (101).","Takekoshi 竹越, Takeshi 孝. (2011). 『兼滿漢語滿洲套話清文啓蒙』満洲文字注音一覧表. KOTONOHA, (101). Data extracted from the Qing instructional source 兼滿漢語滿洲套話清文啓蒙 (1763).",『兼滿漢語滿洲套話清文啓蒙』満洲文字注音一覧表,竹越 孝 / Takekoshi Takeshi,2011,兼滿漢語滿洲套話清文啓蒙,1763,外,wai,ᠸᠠᡳ,wai,w,uai,10,5,外 wai 10,外
manju-hergen-takekoshi-2011,mandarin,Mandarin,Manchu script transcription of Mandarin,ᠮᠠᠨᠵᡠ ᡥᡝᡵᡤᡝᠨ Manju Hergen,"Takekoshi 竹越, Takeshi 孝. (2011). 『兼滿漢語滿洲套話清文啓蒙』満洲文字注音一覧表. KOTONOHA, (101).","Takekoshi 竹越, Takeshi 孝. (2011). 『兼滿漢語滿洲套話清文啓蒙』満洲文字注音一覧表. KOTONOHA, (101). Data extracted from the Qing instructional source 兼滿漢語滿洲套話清文啓蒙 (1763).",『兼滿漢語滿洲套話清文啓蒙』満洲文字注音一覧表,竹越 孝 / Takekoshi Takeshi,2011,兼滿漢語滿洲套話清文啓蒙,1763,歪,wai,ᠸᠠᡳ,wai,w,uai,,5,歪 wai,歪
manju-hergen-takekoshi-2011,mandarin,Mandarin,Manchu script transcription of Mandarin,ᠮᠠᠨᠵᡠ ᡥᡝᡵᡤᡝᠨ Manju Hergen,"Takekoshi 竹越, Takeshi 孝. (2011). 『兼滿漢語滿洲套話清文啓蒙』満洲文字注音一覧表. KOTONOHA, (101).","Takekoshi 竹越, Takeshi 孝. (2011). 『兼滿漢語滿洲套話清文啓蒙』満洲文字注音一覧表. KOTONOHA, (101). Data extracted from the Qing instructional source 兼滿漢語滿洲套話清文啓蒙 (1763).",『兼滿漢語滿洲套話清文啓蒙』満洲文字注音一覧表,竹越 孝 / Takekoshi Takeshi,2011,兼滿漢語滿洲套話清文啓蒙,1763,盃,bei,ᠪᡝᡳ,pəi,b,ei,5,5,盃 bei 5,盃
manju-hergen-takekoshi-2011,mandarin,Mandarin,Manchu script transcription of Mandarin,ᠮᠠᠨᠵᡠ ᡥᡝᡵᡤᡝᠨ Manju Hergen,"Takekoshi 竹越, Takeshi 孝. (2011). 『兼滿漢語滿洲套話清文啓蒙』満洲文字注音一覧表. KOTONOHA, (101).","Takekoshi 竹越, Takeshi 孝. (2011). 『兼滿漢語滿洲套話清文啓蒙』満洲文字注音一覧表. KOTONOHA, (101). Data extracted from the Qing instructional source 兼滿漢語滿洲套話清文啓蒙 (1763).",『兼滿漢語滿洲套話清文啓蒙』満洲文字注音一覧表,竹越 孝 / Takekoshi Takeshi,2011,兼滿漢語滿洲套話清文啓蒙,1763,背,bei,ᠪᡝᡳ,pəi,b,ei,3,5,背 bei 3,背
manju-hergen-takekoshi-2011,mandarin,Mandarin,Manchu script transcription of Mandarin,ᠮᠠᠨᠵᡠ ᡥᡝᡵᡤᡝᠨ Manju Hergen,"Takekoshi 竹越, Takeshi 孝. (2011). 『兼滿漢語滿洲套話清文啓蒙』満洲文字注音一覧表. KOTONOHA, (101).","Takekoshi 竹越, Takeshi 孝. (2011). 『兼滿漢語滿洲套話清文啓蒙』満洲文字注音一覧表. KOTONOHA, (101). Data extracted from the Qing instructional source 兼滿漢語滿洲套話清文啓蒙 (1763).",『兼滿漢語滿洲套話清文啓蒙』満洲文字注音一覧表,竹越 孝 / Takekoshi Takeshi,2011,兼滿漢語滿洲套話清文啓蒙,1763,備,bei,ᠪᡝᡳ,pəi,b,ei,,5,備 bei,備
manju-hergen-takekoshi-2011,mandarin,Mandarin,Manchu script transcription of Mandarin,ᠮᠠᠨᠵᡠ ᡥᡝᡵᡤᡝᠨ Manju Hergen,"Takekoshi 竹越, Takeshi 孝. (2011). 『兼滿漢語滿洲套話清文啓蒙』満洲文字注音一覧表. KOTONOHA, (101).","Takekoshi 竹越, Takeshi 孝. (2011). 『兼滿漢語滿洲套話清文啓蒙』満洲文字注音一覧表. KOTONOHA, (101). Data extracted from the Qing instructional source 兼滿漢語滿洲套話清文啓蒙 (1763).",『兼滿漢語滿洲套話清文啓蒙』満洲文字注音一覧表,竹越 孝 / Takekoshi Takeshi,2011,兼滿漢語滿洲套話清文啓蒙,1763,悖,bei,ᠪᡝᡳ,pəi,b,ei,,5,悖 bei,悖
manju-hergen-takekoshi-2011,mandarin,Mandarin,Manchu script transcription of Mandarin,ᠮᠠᠨᠵᡠ ᡥᡝᡵᡤᡝᠨ Manju Hergen,"Takekoshi 竹越, Takeshi 孝. (2011). 『兼滿漢語滿洲套話清文啓蒙』満洲文字注音一覧表. KOTONOHA, (101).","Takekoshi 竹越, Takeshi 孝. (2011). 『兼滿漢語滿洲套話清文啓蒙』満洲文字注音一覧表. KOTONOHA, (101). Data extracted from the Qing instructional source 兼滿漢語滿洲套話清文啓蒙 (1763).",『兼滿漢語滿洲套話清文啓蒙』満洲文字注音一覧表,竹越 孝 / Takekoshi Takeshi,2011,兼滿漢語滿洲套話清文啓蒙,1763,被,bei,ᠪᡝᡳ,pəi,b,ei,,5,被 bei,被
manju-hergen-takekoshi-2011,mandarin,Mandarin,Manchu script transcription of Mandarin,ᠮᠠᠨᠵᡠ ᡥᡝᡵᡤᡝᠨ Manju Hergen,"Takekoshi 竹越, Takeshi 孝. (2011). 『兼滿漢語滿洲套話清文啓蒙』満洲文字注音一覧表. KOTONOHA, (101).","Takekoshi 竹越, Takeshi 孝. (2011). 『兼滿漢語滿洲套話清文啓蒙』満洲文字注音一覧表. KOTONOHA, (101). Data extracted from the Qing instructional source 兼滿漢語滿洲套話清文啓蒙 (1763).",『兼滿漢語滿洲套話清文啓蒙』満洲文字注音一覧表,竹越 孝 / Takekoshi Takeshi,2011,兼滿漢語滿洲套話清文啓蒙,1763,輩,bei,ᠪᡝᡳ,pəi,b,ei,,5,輩 bei,輩
manju-hergen-takekoshi-2011,mandarin,Mandarin,Manchu script transcription of Mandarin,ᠮᠠᠨᠵᡠ ᡥᡝᡵᡤᡝᠨ Manju Hergen,"Takekoshi 竹越, Takeshi 孝. (2011). 『兼滿漢語滿洲套話清文啓蒙』満洲文字注音一覧表. KOTONOHA, (101).","Takekoshi 竹越, Takeshi 孝. (2011). 『兼滿漢語滿洲套話清文啓蒙』満洲文字注音一覧表. KOTONOHA, (101). Data extracted from the Qing instructional source 兼滿漢語滿洲套話清文啓蒙 (1763).",『兼滿漢語滿洲套話清文啓蒙』満洲文字注音一覧表,竹越 孝 / Takekoshi Takeshi,2011,兼滿漢語滿洲套話清文啓蒙,1763,毎,mei,ᠮᡝᡳ,məi,m,ei,3,5,毎 mei 3,毎
manju-hergen-takekoshi-2011,mandarin,Mandarin,Manchu script transcription of Mandarin,ᠮᠠᠨᠵᡠ ᡥᡝᡵᡤᡝᠨ Manju Hergen,"Takekoshi 竹越, Takeshi 孝. (2011). 『兼滿漢語滿洲套話清文啓蒙』満洲文字注音一覧表. KOTONOHA, (101).","Takekoshi 竹越, Takeshi 孝. (2011). 『兼滿漢語滿洲套話清文啓蒙』満洲文字注音一覧表. KOTONOHA, (101). Data extracted from the Qing instructional source 兼滿漢語滿洲套話清文啓蒙 (1763).",『兼滿漢語滿洲套話清文啓蒙』満洲文字注音一覧表,竹越 孝 / Takekoshi Takeshi,2011,兼滿漢語滿洲套話清文啓蒙,1763,非,fei,ᡶᡝᡳ,fəi,f,ei,5,5,非 fei 5,非
manju-hergen-takekoshi-2011,mandarin,Mandarin,Manchu script transcription of Mandarin,ᠮᠠᠨᠵᡠ ᡥᡝᡵᡤᡝᠨ Manju Hergen,"Takekoshi 竹越, Takeshi 孝. (2011). 『兼滿漢語滿洲套話清文啓蒙』満洲文字注音一覧表. KOTONOHA, (101).","Takekoshi 竹越, Takeshi 孝. (2011). 『兼滿漢語滿洲套話清文啓蒙』満洲文字注音一覧表. KOTONOHA, (101). Data extracted from the Qing instructional source 兼滿漢語滿洲套話清文啓蒙 (1763).",『兼滿漢語滿洲套話清文啓蒙』満洲文字注音一覧表,竹越 孝 / Takekoshi Takeshi,2011,兼滿漢語滿洲套話清文啓蒙,1763,飛,fei,ᡶᡝᡳ,fəi,f,ei,,5,飛 fei,飛
manju-hergen-takekoshi-2011,mandarin,Mandarin,Manchu script transcription of Mandarin,ᠮᠠᠨᠵᡠ ᡥᡝᡵᡤᡝᠨ Manju Hergen,"Takekoshi 竹越, Takeshi 孝. (2011). 『兼滿漢語滿洲套話清文啓蒙』満洲文字注音一覧表. KOTONOHA, (101).","Takekoshi 竹越, Takeshi 孝. (2011). 『兼滿漢語滿洲套話清文啓蒙』満洲文字注音一覧表. KOTONOHA, (101). Data extracted from the Qing instructional source 兼滿漢語滿洲套話清文啓蒙 (1763).",『兼滿漢語滿洲套話清文啓蒙』満洲文字注音一覧表,竹越 孝 / Takekoshi Takeshi,2011,兼滿漢語滿洲套話清文啓蒙,1763,内,nei,ᠨᡝᡳ,nəi,n,ei,2,5,内 nei 2,内
manju-hergen-takekoshi-2011,mandarin,Mandarin,Manchu script transcription of Mandarin,ᠮᠠᠨᠵᡠ ᡥᡝᡵᡤᡝᠨ Manju Hergen,"Takekoshi 竹越, Takeshi 孝. (2011). 『兼滿漢語滿洲套話清文啓蒙』満洲文字注音一覧表. KOTONOHA, (101).","Takekoshi 竹越, Takeshi 孝. (2011). 『兼滿漢語滿洲套話清文啓蒙』満洲文字注音一覧表. KOTONOHA, (101). Data extracted from the Qing instructional source 兼滿漢語滿洲套話清文啓蒙 (1763).",『兼滿漢語滿洲套話清文啓蒙』満洲文字注音一覧表,竹越 孝 / Takekoshi Takeshi,2011,兼滿漢語滿洲套話清文啓蒙,1763,累,lei,ᠯᡝᡳ,ləi,l,ei,,5,累 lei / lui,累
manju-hergen-takekoshi-2011,mandarin,Mandarin,Manchu script transcription of Mandarin,ᠮᠠᠨᠵᡠ ᡥᡝᡵᡤᡝᠨ Manju Hergen,"Takekoshi 竹越, Takeshi 孝. (2011). 『兼滿漢語滿洲套話清文啓蒙』満洲文字注音一覧表. KOTONOHA, (101).","Takekoshi 竹越, Takeshi 孝. (2011). 『兼滿漢語滿洲套話清文啓蒙』満洲文字注音一覧表. KOTONOHA, (101). Data extracted from the Qing instructional source 兼滿漢語滿洲套話清文啓蒙 (1763).",『兼滿漢語滿洲套話清文啓蒙』満洲文字注音一覧表,竹越 孝 / Takekoshi Takeshi,2011,兼滿漢語滿洲套話清文啓蒙,1763,累,lui,ᠯᡠᡳ,lui,l,ei,,5,累 lei / lui,累
manju-hergen-takekoshi-2011,mandarin,Mandarin,Manchu script transcription of Mandarin,ᠮᠠᠨᠵᡠ ᡥᡝᡵᡤᡝᠨ Manju Hergen,"Takekoshi 竹越, Takeshi 孝. (2011). 『兼滿漢語滿洲套話清文啓蒙』満洲文字注音一覧表. KOTONOHA, (101).","Takekoshi 竹越, Takeshi 孝. (2011). 『兼滿漢語滿洲套話清文啓蒙』満洲文字注音一覧表. KOTONOHA, (101). Data extracted from the Qing instructional source 兼滿漢語滿洲套話清文啓蒙 (1763).",『兼滿漢語滿洲套話清文啓蒙』満洲文字注音一覧表,竹越 孝 / Takekoshi Takeshi,2011,兼滿漢語滿洲套話清文啓蒙,1763,對,dui,ᡩᡠᡳ,tui,d,uei,7,5,對 / 对 dui 7,對/对
manju-hergen-takekoshi-2011,mandarin,Mandarin,Manchu script transcription of Mandarin,ᠮᠠᠨᠵᡠ ᡥᡝᡵᡤᡝᠨ Manju Hergen,"Takekoshi 竹越, Takeshi 孝. (2011). 『兼滿漢語滿洲套話清文啓蒙』満洲文字注音一覧表. KOTONOHA, (101).","Takekoshi 竹越, Takeshi 孝. (2011). 『兼滿漢語滿洲套話清文啓蒙』満洲文字注音一覧表. KOTONOHA, (101). Data extracted from the Qing instructional source 兼滿漢語滿洲套話清文啓蒙 (1763).",『兼滿漢語滿洲套話清文啓蒙』満洲文字注音一覧表,竹越 孝 / Takekoshi Takeshi,2011,兼滿漢語滿洲套話清文啓蒙,1763,对,dui,ᡩᡠᡳ,tui,d,uei,7,5,對 / 对 dui 7,對/对
manju-hergen-takekoshi-2011,mandarin,Mandarin,Manchu script transcription of Mandarin,ᠮᠠᠨᠵᡠ ᡥᡝᡵᡤᡝᠨ Manju Hergen,"Takekoshi 竹越, Takeshi 孝. (2011). 『兼滿漢語滿洲套話清文啓蒙』満洲文字注音一覧表. KOTONOHA, (101).","Takekoshi 竹越, Takeshi 孝. (2011). 『兼滿漢語滿洲套話清文啓蒙』満洲文字注音一覧表. KOTONOHA, (101). Data extracted from the Qing instructional source 兼滿漢語滿洲套話清文啓蒙 (1763).",『兼滿漢語滿洲套話清文啓蒙』満洲文字注音一覧表,竹越 孝 / Takekoshi Takeshi,2011,兼滿漢語滿洲套話清文啓蒙,1763,推,tui,ᡨᡠᡳ,tʰui,t,uei,7,5,推 tui 7,推
manju-hergen-takekoshi-2011,mandarin,Mandarin,Manchu script transcription of Mandarin,ᠮᠠᠨᠵᡠ ᡥᡝᡵᡤᡝᠨ Manju Hergen,"Takekoshi 竹越, Takeshi 孝. (2011). 『兼滿漢語滿洲套話清文啓蒙』満洲文字注音一覧表. KOTONOHA, (101).","Takekoshi 竹越, Takeshi 孝. (2011). 『兼滿漢語滿洲套話清文啓蒙』満洲文字注音一覧表. KOTONOHA, (101). Data extracted from the Qing instructional source 兼滿漢語滿洲套話清文啓蒙 (1763).",『兼滿漢語滿洲套話清文啓蒙』満洲文字注音一覧表,竹越 孝 / Takekoshi Takeshi,2011,兼滿漢語滿洲套話清文啓蒙,1763,退,tui,ᡨᡠᡳ,tʰui,t,uei,,5,退 tui,退
manju-hergen-takekoshi-2011,mandarin,Mandarin,Manchu script transcription of Mandarin,ᠮᠠᠨᠵᡠ ᡥᡝᡵᡤᡝᠨ Manju Hergen,"Takekoshi 竹越, Takeshi 孝. (2011). 『兼滿漢語滿洲套話清文啓蒙』満洲文字注音一覧表. KOTONOHA, (101).","Takekoshi 竹越, Takeshi 孝. (2011). 『兼滿漢語滿洲套話清文啓蒙』満洲文字注音一覧表. KOTONOHA, (101). Data extracted from the Qing instructional source 兼滿漢語滿洲套話清文啓蒙 (1763).",『兼滿漢語滿洲套話清文啓蒙』満洲文字注音一覧表,竹越 孝 / Takekoshi Takeshi,2011,兼滿漢語滿洲套話清文啓蒙,1763,腿,tui,ᡨᡠᡳ,tʰui,t,uei,,5,腿 tui,腿
manju-hergen-takekoshi-2011,mandarin,Mandarin,Manchu script transcription of Mandarin,ᠮᠠᠨᠵᡠ ᡥᡝᡵᡤᡝᠨ Manju Hergen,"Takekoshi 竹越, Takeshi 孝. (2011). 『兼滿漢語滿洲套話清文啓蒙』満洲文字注音一覧表. KOTONOHA, (101).","Takekoshi 竹越, Takeshi 孝. (2011). 『兼滿漢語滿洲套話清文啓蒙』満洲文字注音一覧表. KOTONOHA, (101). Data extracted from the Qing instructional source 兼滿漢語滿洲套話清文啓蒙 (1763).",『兼滿漢語滿洲套話清文啓蒙』満洲文字注音一覧表,竹越 孝 / Takekoshi Takeshi,2011,兼滿漢語滿洲套話清文啓蒙,1763,嘴,dzui,ᡯᡠᡳ,tsui,z,uei,7,5,嘴 dzui 7,嘴
manju-hergen-takekoshi-2011,mandarin,Mandarin,Manchu script transcription of Mandarin,ᠮᠠᠨᠵᡠ ᡥᡝᡵᡤᡝᠨ Manju Hergen,"Takekoshi 竹越, Takeshi 孝. (2011). 『兼滿漢語滿洲套話清文啓蒙』満洲文字注音一覧表. KOTONOHA, (101).","Takekoshi 竹越, Takeshi 孝. (2011). 『兼滿漢語滿洲套話清文啓蒙』満洲文字注音一覧表. KOTONOHA, (101). Data extracted from the Qing instructional source 兼滿漢語滿洲套話清文啓蒙 (1763).",『兼滿漢語滿洲套話清文啓蒙』満洲文字注音一覧表,竹越 孝 / Takekoshi Takeshi,2011,兼滿漢語滿洲套話清文啓蒙,1763,酔,dzui,ᡯᡠᡳ,tsui,z,uei,6,5,酔 dzui 6,酔
manju-hergen-takekoshi-2011,mandarin,Mandarin,Manchu script transcription of Mandarin,ᠮᠠᠨᠵᡠ ᡥᡝᡵᡤᡝᠨ Manju Hergen,"Takekoshi 竹越, Takeshi 孝. (2011). 『兼滿漢語滿洲套話清文啓蒙』満洲文字注音一覧表. KOTONOHA, (101).","Takekoshi 竹越, Takeshi 孝. (2011). 『兼滿漢語滿洲套話清文啓蒙』満洲文字注音一覧表. KOTONOHA, (101). Data extracted from the Qing instructional source 兼滿漢語滿洲套話清文啓蒙 (1763).",『兼滿漢語滿洲套話清文啓蒙』満洲文字注音一覧表,竹越 孝 / Takekoshi Takeshi,2011,兼滿漢語滿洲套話清文啓蒙,1763,最,dzui,ᡯᡠᡳ,tsui,z,uei,,5,最 dzui,最
manju-hergen-takekoshi-2011,mandarin,Mandarin,Manchu script transcription of Mandarin,ᠮᠠᠨᠵᡠ ᡥᡝᡵᡤᡝᠨ Manju Hergen,"Takekoshi 竹越, Takeshi 孝. (2011). 『兼滿漢語滿洲套話清文啓蒙』満洲文字注音一覧表. KOTONOHA, (101).","Takekoshi 竹越, Takeshi 孝. (2011). 『兼滿漢語滿洲套話清文啓蒙』満洲文字注音一覧表. KOTONOHA, (101). Data extracted from the Qing instructional source 兼滿漢語滿洲套話清文啓蒙 (1763).",『兼滿漢語滿洲套話清文啓蒙』満洲文字注音一覧表,竹越 孝 / Takekoshi Takeshi,2011,兼滿漢語滿洲套話清文啓蒙,1763,催,ts’ui,ᡨᠰᡠᡳ,tʰsui,c,uei,5,5,催 ts’ui 5,催
manju-hergen-takekoshi-2011,mandarin,Mandarin,Manchu script transcription of Mandarin,ᠮᠠᠨᠵᡠ ᡥᡝᡵᡤᡝᠨ Manju Hergen,"Takekoshi 竹越, Takeshi 孝. (2011). 『兼滿漢語滿洲套話清文啓蒙』満洲文字注音一覧表. KOTONOHA, (101).","Takekoshi 竹越, Takeshi 孝. (2011). 『兼滿漢語滿洲套話清文啓蒙』満洲文字注音一覧表. KOTONOHA, (101). Data extracted from the Qing instructional source 兼滿漢語滿洲套話清文啓蒙 (1763).",『兼滿漢語滿洲套話清文啓蒙』満洲文字注音一覧表,竹越 孝 / Takekoshi Takeshi,2011,兼滿漢語滿洲套話清文啓蒙,1763,雖,sui,ᠰᡠᡳ,sui,s,uei,12,6,雖 sui 12,雖
manju-hergen-takekoshi-2011,mandarin,Mandarin,Manchu script transcription of Mandarin,ᠮᠠᠨᠵᡠ ᡥᡝᡵᡤᡝᠨ Manju Hergen,"Takekoshi 竹越, Takeshi 孝. (2011). 『兼滿漢語滿洲套話清文啓蒙』満洲文字注音一覧表. KOTONOHA, (101).","Takekoshi 竹越, Takeshi 孝. (2011). 『兼滿漢語滿洲套話清文啓蒙』満洲文字注音一覧表. KOTONOHA, (101). Data extracted from the Qing instructional source 兼滿漢語滿洲套話清文啓蒙 (1763).",『兼滿漢語滿洲套話清文啓蒙』満洲文字注音一覧表,竹越 孝 / Takekoshi Takeshi,2011,兼滿漢語滿洲套話清文啓蒙,1763,岁,sui,ᠰᡠᡳ,sui,s,uei,4,6,岁 sui 4,岁
manju-hergen-takekoshi-2011,mandarin,Mandarin,Manchu script transcription of Mandarin,ᠮᠠᠨᠵᡠ ᡥᡝᡵᡤᡝᠨ Manju Hergen,"Takekoshi 竹越, Takeshi 孝. (2011). 『兼滿漢語滿洲套話清文啓蒙』満洲文字注音一覧表. KOTONOHA, (101).","Takekoshi 竹越, Takeshi 孝. (2011). 『兼滿漢語滿洲套話清文啓蒙』満洲文字注音一覧表. KOTONOHA, (101). Data extracted from the Qing instructional source 兼滿漢語滿洲套話清文啓蒙 (1763).",『兼滿漢語滿洲套話清文啓蒙』満洲文字注音一覧表,竹越 孝 / Takekoshi Takeshi,2011,兼滿漢語滿洲套話清文啓蒙,1763,隨,sui,ᠰᡠᡳ,sui,s,uei,,6,隨 sui,隨
manju-hergen-takekoshi-2011,mandarin,Mandarin,Manchu script transcription of Mandarin,ᠮᠠᠨᠵᡠ ᡥᡝᡵᡤᡝᠨ Manju Hergen,"Takekoshi 竹越, Takeshi 孝. (2011). 『兼滿漢語滿洲套話清文啓蒙』満洲文字注音一覧表. KOTONOHA, (101).","Takekoshi 竹越, Takeshi 孝. (2011). 『兼滿漢語滿洲套話清文啓蒙』満洲文字注音一覧表. KOTONOHA, (101). Data extracted from the Qing instructional source 兼滿漢語滿洲套話清文啓蒙 (1763).",『兼滿漢語滿洲套話清文啓蒙』満洲文字注音一覧表,竹越 孝 / Takekoshi Takeshi,2011,兼滿漢語滿洲套話清文啓蒙,1763,誰,šui,ᡧᡠᡳ,ʃui,sh,uei,18,6,誰 šui 18,誰
manju-hergen-takekoshi-2011,mandarin,Mandarin,Manchu script transcription of Mandarin,ᠮᠠᠨᠵᡠ ᡥᡝᡵᡤᡝᠨ Manju Hergen,"Takekoshi 竹越, Takeshi 孝. (2011). 『兼滿漢語滿洲套話清文啓蒙』満洲文字注音一覧表. KOTONOHA, (101).","Takekoshi 竹越, Takeshi 孝. (2011). 『兼滿漢語滿洲套話清文啓蒙』満洲文字注音一覧表. KOTONOHA, (101). Data extracted from the Qing instructional source 兼滿漢語滿洲套話清文啓蒙 (1763).",『兼滿漢語滿洲套話清文啓蒙』満洲文字注音一覧表,竹越 孝 / Takekoshi Takeshi,2011,兼滿漢語滿洲套話清文啓蒙,1763,水,šui,ᡧᡠᡳ,ʃui,sh,uei,2,6,水 šui 2,水
manju-hergen-takekoshi-2011,mandarin,Mandarin,Manchu script transcription of Mandarin,ᠮᠠᠨᠵᡠ ᡥᡝᡵᡤᡝᠨ Manju Hergen,"Takekoshi 竹越, Takeshi 孝. (2011). 『兼滿漢語滿洲套話清文啓蒙』満洲文字注音一覧表. KOTONOHA, (101).","Takekoshi 竹越, Takeshi 孝. (2011). 『兼滿漢語滿洲套話清文啓蒙』満洲文字注音一覧表. KOTONOHA, (101). Data extracted from the Qing instructional source 兼滿漢語滿洲套話清文啓蒙 (1763).",『兼滿漢語滿洲套話清文啓蒙』満洲文字注音一覧表,竹越 孝 / Takekoshi Takeshi,2011,兼滿漢語滿洲套話清文啓蒙,1763,睡,šui,ᡧᡠᡳ,ʃui,sh,uei,,6,睡 šui,睡
manju-hergen-takekoshi-2011,mandarin,Mandarin,Manchu script transcription of Mandarin,ᠮᠠᠨᠵᡠ ᡥᡝᡵᡤᡝᠨ Manju Hergen,"Takekoshi 竹越, Takeshi 孝. (2011). 『兼滿漢語滿洲套話清文啓蒙』満洲文字注音一覧表. KOTONOHA, (101).","Takekoshi 竹越, Takeshi 孝. (2011). 『兼滿漢語滿洲套話清文啓蒙』満洲文字注音一覧表. KOTONOHA, (101). Data extracted from the Qing instructional source 兼滿漢語滿洲套話清文啓蒙 (1763).",『兼滿漢語滿洲套話清文啓蒙』満洲文字注音一覧表,竹越 孝 / Takekoshi Takeshi,2011,兼滿漢語滿洲套話清文啓蒙,1763,規,gui,ᡤᡠᡳ,qui,g,uei,5,6,規 gui 5,規
manju-hergen-takekoshi-2011,mandarin,Mandarin,Manchu script transcription of Mandarin,ᠮᠠᠨᠵᡠ ᡥᡝᡵᡤᡝᠨ Manju Hergen,"Takekoshi 竹越, Takeshi 孝. (2011). 『兼滿漢語滿洲套話清文啓蒙』満洲文字注音一覧表. KOTONOHA, (101).","Takekoshi 竹越, Takeshi 孝. (2011). 『兼滿漢語滿洲套話清文啓蒙』満洲文字注音一覧表. KOTONOHA, (101). Data extracted from the Qing instructional source 兼滿漢語滿洲套話清文啓蒙 (1763).",『兼滿漢語滿洲套話清文啓蒙』満洲文字注音一覧表,竹越 孝 / Takekoshi Takeshi,2011,兼滿漢語滿洲套話清文啓蒙,1763,貴,gui,ᡤᡠᡳ,qui,g,uei,2,6,貴 gui 2,貴
manju-hergen-takekoshi-2011,mandarin,Mandarin,Manchu script transcription of Mandarin,ᠮᠠᠨᠵᡠ ᡥᡝᡵᡤᡝᠨ Manju Hergen,"Takekoshi 竹越, Takeshi 孝. (2011). 『兼滿漢語滿洲套話清文啓蒙』満洲文字注音一覧表. KOTONOHA, (101).","Takekoshi 竹越, Takeshi 孝. (2011). 『兼滿漢語滿洲套話清文啓蒙』満洲文字注音一覧表. KOTONOHA, (101). Data extracted from the Qing instructional source 兼滿漢語滿洲套話清文啓蒙 (1763).",『兼滿漢語滿洲套話清文啓蒙』満洲文字注音一覧表,竹越 孝 / Takekoshi Takeshi,2011,兼滿漢語滿洲套話清文啓蒙,1763,歸,gui,ᡤᡠᡳ,qui,g,uei,,6,歸 gui,歸
manju-hergen-takekoshi-2011,mandarin,Mandarin,Manchu script transcription of Mandarin,ᠮᠠᠨᠵᡠ ᡥᡝᡵᡤᡝᠨ Manju Hergen,"Takekoshi 竹越, Takeshi 孝. (2011). 『兼滿漢語滿洲套話清文啓蒙』満洲文字注音一覧表. KOTONOHA, (101).","Takekoshi 竹越, Takeshi 孝. (2011). 『兼滿漢語滿洲套話清文啓蒙』満洲文字注音一覧表. KOTONOHA, (101). Data extracted from the Qing instructional source 兼滿漢語滿洲套話清文啓蒙 (1763).",『兼滿漢語滿洲套話清文啓蒙』満洲文字注音一覧表,竹越 孝 / Takekoshi Takeshi,2011,兼滿漢語滿洲套話清文啓蒙,1763,虧,kui,ᡴᡠᡳ,qʰui,k,uei,2,6,虧 kui 2,虧
manju-hergen-takekoshi-2011,mandarin,Mandarin,Manchu script transcription of Mandarin,ᠮᠠᠨᠵᡠ ᡥᡝᡵᡤᡝᠨ Manju Hergen,"Takekoshi 竹越, Takeshi 孝. (2011). 『兼滿漢語滿洲套話清文啓蒙』満洲文字注音一覧表. KOTONOHA, (101).","Takekoshi 竹越, Takeshi 孝. (2011). 『兼滿漢語滿洲套話清文啓蒙』満洲文字注音一覧表. KOTONOHA, (101). Data extracted from the Qing instructional source 兼滿漢語滿洲套話清文啓蒙 (1763).",『兼滿漢語滿洲套話清文啓蒙』満洲文字注音一覧表,竹越 孝 / Takekoshi Takeshi,2011,兼滿漢語滿洲套話清文啓蒙,1763,愧,kui,ᡴᡠᡳ,qʰui,k,uei,2,6,愧 kui 2,愧
manju-hergen-takekoshi-2011,mandarin,Mandarin,Manchu script transcription of Mandarin,ᠮᠠᠨᠵᡠ ᡥᡝᡵᡤᡝᠨ Manju Hergen,"Takekoshi 竹越, Takeshi 孝. (2011). 『兼滿漢語滿洲套話清文啓蒙』満洲文字注音一覧表. KOTONOHA, (101).","Takekoshi 竹越, Takeshi 孝. (2011). 『兼滿漢語滿洲套話清文啓蒙』満洲文字注音一覧表. KOTONOHA, (101). Data extracted from the Qing instructional source 兼滿漢語滿洲套話清文啓蒙 (1763).",『兼滿漢語滿洲套話清文啓蒙』満洲文字注音一覧表,竹越 孝 / Takekoshi Takeshi,2011,兼滿漢語滿洲套話清文啓蒙,1763,會,hūi,ᡥᡡᡳ,χʊi,h,uei,20,6,會 / 会 hūi 20,會/会
manju-hergen-takekoshi-2011,mandarin,Mandarin,Manchu script transcription of Mandarin,ᠮᠠᠨᠵᡠ ᡥᡝᡵᡤᡝᠨ Manju Hergen,"Takekoshi 竹越, Takeshi 孝. (2011). 『兼滿漢語滿洲套話清文啓蒙』満洲文字注音一覧表. KOTONOHA, (101).","Takekoshi 竹越, Takeshi 孝. (2011). 『兼滿漢語滿洲套話清文啓蒙』満洲文字注音一覧表. KOTONOHA, (101). Data extracted from the Qing instructional source 兼滿漢語滿洲套話清文啓蒙 (1763).",『兼滿漢語滿洲套話清文啓蒙』満洲文字注音一覧表,竹越 孝 / Takekoshi Takeshi,2011,兼滿漢語滿洲套話清文啓蒙,1763,会,hūi,ᡥᡡᡳ,χʊi,h,uei,20,6,會 / 会 hūi 20,會/会
manju-hergen-takekoshi-2011,mandarin,Mandarin,Manchu script transcription of Mandarin,ᠮᠠᠨᠵᡠ ᡥᡝᡵᡤᡝᠨ Manju Hergen,"Takekoshi 竹越, Takeshi 孝. (2011). 『兼滿漢語滿洲套話清文啓蒙』満洲文字注音一覧表. KOTONOHA, (101).","Takekoshi 竹越, Takeshi 孝. (2011). 『兼滿漢語滿洲套話清文啓蒙』満洲文字注音一覧表. KOTONOHA, (101). Data extracted from the Qing instructional source 兼滿漢語滿洲套話清文啓蒙 (1763).",『兼滿漢語滿洲套話清文啓蒙』満洲文字注音一覧表,竹越 孝 / Takekoshi Takeshi,2011,兼滿漢語滿洲套話清文啓蒙,1763,回,hūi,ᡥᡡᡳ,χʊi,h,uei,8,6,回 hūi 8,回
manju-hergen-takekoshi-2011,mandarin,Mandarin,Manchu script transcription of Mandarin,ᠮᠠᠨᠵᡠ ᡥᡝᡵᡤᡝᠨ Manju Hergen,"Takekoshi 竹越, Takeshi 孝. (2011). 『兼滿漢語滿洲套話清文啓蒙』満洲文字注音一覧表. KOTONOHA, (101).","Takekoshi 竹越, Takeshi 孝. (2011). 『兼滿漢語滿洲套話清文啓蒙』満洲文字注音一覧表. KOTONOHA, (101). Data extracted from the Qing instructional source 兼滿漢語滿洲套話清文啓蒙 (1763).",『兼滿漢語滿洲套話清文啓蒙』満洲文字注音一覧表,竹越 孝 / Takekoshi Takeshi,2011,兼滿漢語滿洲套話清文啓蒙,1763,悔,hui,ᡥᡠᡳ,χui,h,uei,,6,悔 hui,悔
manju-hergen-takekoshi-2011,mandarin,Mandarin,Manchu script transcription of Mandarin,ᠮᠠᠨᠵᡠ ᡥᡝᡵᡤᡝᠨ Manju Hergen,"Takekoshi 竹越, Takeshi 孝. (2011). 『兼滿漢語滿洲套話清文啓蒙』満洲文字注音一覧表. KOTONOHA, (101).","Takekoshi 竹越, Takeshi 孝. (2011). 『兼滿漢語滿洲套話清文啓蒙』満洲文字注音一覧表. KOTONOHA, (101). Data extracted from the Qing instructional source 兼滿漢語滿洲套話清文啓蒙 (1763).",『兼滿漢語滿洲套話清文啓蒙』満洲文字注音一覧表,竹越 孝 / Takekoshi Takeshi,2011,兼滿漢語滿洲套話清文啓蒙,1763,灰,hui,ᡥᡠᡳ,χui,h,uei,,6,灰 hui,灰
manju-hergen-takekoshi-2011,mandarin,Mandarin,Manchu script transcription of Mandarin,ᠮᠠᠨᠵᡠ ᡥᡝᡵᡤᡝᠨ Manju Hergen,"Takekoshi 竹越, Takeshi 孝. (2011). 『兼滿漢語滿洲套話清文啓蒙』満洲文字注音一覧表. KOTONOHA, (101).","Takekoshi 竹越, Takeshi 孝. (2011). 『兼滿漢語滿洲套話清文啓蒙』満洲文字注音一覧表. KOTONOHA, (101). Data extracted from the Qing instructional source 兼滿漢語滿洲套話清文啓蒙 (1763).",『兼滿漢語滿洲套話清文啓蒙』満洲文字注音一覧表,竹越 孝 / Takekoshi Takeshi,2011,兼滿漢語滿洲套話清文啓蒙,1763,為,wei,ᠸᡝᡳ,wəi,w,uei,22,6,為 wei 22,為
manju-hergen-takekoshi-2011,mandarin,Mandarin,Manchu script transcription of Mandarin,ᠮᠠᠨᠵᡠ ᡥᡝᡵᡤᡝᠨ Manju Hergen,"Takekoshi 竹越, Takeshi 孝. (2011). 『兼滿漢語滿洲套話清文啓蒙』満洲文字注音一覧表. KOTONOHA, (101).","Takekoshi 竹越, Takeshi 孝. (2011). 『兼滿漢語滿洲套話清文啓蒙』満洲文字注音一覧表. KOTONOHA, (101). Data extracted from the Qing instructional source 兼滿漢語滿洲套話清文啓蒙 (1763).",『兼滿漢語滿洲套話清文啓蒙』満洲文字注音一覧表,竹越 孝 / Takekoshi Takeshi,2011,兼滿漢語滿洲套話清文啓蒙,1763,未,wei,ᠸᡝᡳ,wəi,w,uei,5,6,未 wei 5,未
manju-hergen-takekoshi-2011,mandarin,Mandarin,Manchu script transcription of Mandarin,ᠮᠠᠨᠵᡠ ᡥᡝᡵᡤᡝᠨ Manju Hergen,"Takekoshi 竹越, Takeshi 孝. (2011). 『兼滿漢語滿洲套話清文啓蒙』満洲文字注音一覧表. KOTONOHA, (101).","Takekoshi 竹越, Takeshi 孝. (2011). 『兼滿漢語滿洲套話清文啓蒙』満洲文字注音一覧表. KOTONOHA, (101). Data extracted from the Qing instructional source 兼滿漢語滿洲套話清文啓蒙 (1763).",『兼滿漢語滿洲套話清文啓蒙』満洲文字注音一覧表,竹越 孝 / Takekoshi Takeshi,2011,兼滿漢語滿洲套話清文啓蒙,1763,味,wei,ᠸᡝᡳ,wəi,w,uei,3,6,味 wei 3,味
manju-hergen-takekoshi-2011,mandarin,Mandarin,Manchu script transcription of Mandarin,ᠮᠠᠨᠵᡠ ᡥᡝᡵᡤᡝᠨ Manju Hergen,"Takekoshi 竹越, Takeshi 孝. (2011). 『兼滿漢語滿洲套話清文啓蒙』満洲文字注音一覧表. KOTONOHA, (101).","Takekoshi 竹越, Takeshi 孝. (2011). 『兼滿漢語滿洲套話清文啓蒙』満洲文字注音一覧表. KOTONOHA, (101). Data extracted from the Qing instructional source 兼滿漢語滿洲套話清文啓蒙 (1763).",『兼滿漢語滿洲套話清文啓蒙』満洲文字注音一覧表,竹越 孝 / Takekoshi Takeshi,2011,兼滿漢語滿洲套話清文啓蒙,1763,位,wei,ᠸᡝᡳ,wəi,w,uei,2,6,位 wei 2,位
manju-hergen-takekoshi-2011,mandarin,Mandarin,Manchu script transcription of Mandarin,ᠮᠠᠨᠵᡠ ᡥᡝᡵᡤᡝᠨ Manju Hergen,"Takekoshi 竹越, Takeshi 孝. (2011). 『兼滿漢語滿洲套話清文啓蒙』満洲文字注音一覧表. KOTONOHA, (101).","Takekoshi 竹越, Takeshi 孝. (2011). 『兼滿漢語滿洲套話清文啓蒙』満洲文字注音一覧表. KOTONOHA, (101). Data extracted from the Qing instructional source 兼滿漢語滿洲套話清文啓蒙 (1763).",『兼滿漢語滿洲套話清文啓蒙』満洲文字注音一覧表,竹越 孝 / Takekoshi Takeshi,2011,兼滿漢語滿洲套話清文啓蒙,1763,尾,wei,ᠸᡝᡳ,wəi,w,uei,,6,尾 wei,尾
manju-hergen-takekoshi-2011,mandarin,Mandarin,Manchu script transcription of Mandarin,ᠮᠠᠨᠵᡠ ᡥᡝᡵᡤᡝᠨ Manju Hergen,"Takekoshi 竹越, Takeshi 孝. (2011). 『兼滿漢語滿洲套話清文啓蒙』満洲文字注音一覧表. KOTONOHA, (101).","Takekoshi 竹越, Takeshi 孝. (2011). 『兼滿漢語滿洲套話清文啓蒙』満洲文字注音一覧表. KOTONOHA, (101). Data extracted from the Qing instructional source 兼滿漢語滿洲套話清文啓蒙 (1763).",『兼滿漢語滿洲套話清文啓蒙』満洲文字注音一覧表,竹越 孝 / Takekoshi Takeshi,2011,兼滿漢語滿洲套話清文啓蒙,1763,微,wei,ᠸᡝᡳ,wəi,w,uei,,6,微 wei,微
manju-hergen-takekoshi-2011,mandarin,Mandarin,Manchu script transcription of Mandarin,ᠮᠠᠨᠵᡠ ᡥᡝᡵᡤᡝᠨ Manju Hergen,"Takekoshi 竹越, Takeshi 孝. (2011). 『兼滿漢語滿洲套話清文啓蒙』満洲文字注音一覧表. KOTONOHA, (101).","Takekoshi 竹越, Takeshi 孝. (2011). 『兼滿漢語滿洲套話清文啓蒙』満洲文字注音一覧表. KOTONOHA, (101). Data extracted from the Qing instructional source 兼滿漢語滿洲套話清文啓蒙 (1763).",『兼滿漢語滿洲套話清文啓蒙』満洲文字注音一覧表,竹越 孝 / Takekoshi Takeshi,2011,兼滿漢語滿洲套話清文啓蒙,1763,謂,wei,ᠸᡝᡳ,wəi,w,uei,,6,謂 wei,謂
manju-hergen-takekoshi-2011,mandarin,Mandarin,Manchu script transcription of Mandarin,ᠮᠠᠨᠵᡠ ᡥᡝᡵᡤᡝᠨ Manju Hergen,"Takekoshi 竹越, Takeshi 孝. (2011). 『兼滿漢語滿洲套話清文啓蒙』満洲文字注音一覧表. KOTONOHA, (101).","Takekoshi 竹越, Takeshi 孝. (2011). 『兼滿漢語滿洲套話清文啓蒙』満洲文字注音一覧表. KOTONOHA, (101). Data extracted from the Qing instructional source 兼滿漢語滿洲套話清文啓蒙 (1763).",『兼滿漢語滿洲套話清文啓蒙』満洲文字注音一覧表,竹越 孝 / Takekoshi Takeshi,2011,兼滿漢語滿洲套話清文啓蒙,1763,衛,wei,ᠸᡝᡳ,wəi,w,uei,,6,衛 wei,衛
manju-hergen-takekoshi-2011,mandarin,Mandarin,Manchu script transcription of Mandarin,ᠮᠠᠨᠵᡠ ᡥᡝᡵᡤᡝᠨ Manju Hergen,"Takekoshi 竹越, Takeshi 孝. (2011). 『兼滿漢語滿洲套話清文啓蒙』満洲文字注音一覧表. KOTONOHA, (101).","Takekoshi 竹越, Takeshi 孝. (2011). 『兼滿漢語滿洲套話清文啓蒙』満洲文字注音一覧表. KOTONOHA, (101). Data extracted from the Qing instructional source 兼滿漢語滿洲套話清文啓蒙 (1763).",『兼滿漢語滿洲套話清文啓蒙』満洲文字注音一覧表,竹越 孝 / Takekoshi Takeshi,2011,兼滿漢語滿洲套話清文啓蒙,1763,報,boo,ᠪᠣᠣ,poo,b,ao,6,6,報 / 报 boo 6,報/报
manju-hergen-takekoshi-2011,mandarin,Mandarin,Manchu script transcription of Mandarin,ᠮᠠᠨᠵᡠ ᡥᡝᡵᡤᡝᠨ Manju Hergen,"Takekoshi 竹越, Takeshi 孝. (2011). 『兼滿漢語滿洲套話清文啓蒙』満洲文字注音一覧表. KOTONOHA, (101).","Takekoshi 竹越, Takeshi 孝. (2011). 『兼滿漢語滿洲套話清文啓蒙』満洲文字注音一覧表. KOTONOHA, (101). Data extracted from the Qing instructional source 兼滿漢語滿洲套話清文啓蒙 (1763).",『兼滿漢語滿洲套話清文啓蒙』満洲文字注音一覧表,竹越 孝 / Takekoshi Takeshi,2011,兼滿漢語滿洲套話清文啓蒙,1763,报,boo,ᠪᠣᠣ,poo,b,ao,6,6,報 / 报 boo 6,報/报
manju-hergen-takekoshi-2011,mandarin,Mandarin,Manchu script transcription of Mandarin,ᠮᠠᠨᠵᡠ ᡥᡝᡵᡤᡝᠨ Manju Hergen,"Takekoshi 竹越, Takeshi 孝. (2011). 『兼滿漢語滿洲套話清文啓蒙』満洲文字注音一覧表. KOTONOHA, (101).","Takekoshi 竹越, Takeshi 孝. (2011). 『兼滿漢語滿洲套話清文啓蒙』満洲文字注音一覧表. KOTONOHA, (101). Data extracted from the Qing instructional source 兼滿漢語滿洲套話清文啓蒙 (1763).",『兼滿漢語滿洲套話清文啓蒙』満洲文字注音一覧表,竹越 孝 / Takekoshi Takeshi,2011,兼滿漢語滿洲套話清文啓蒙,1763,保,boo,ᠪᠣᠣ,poo,b,ao,3,6,保 boo 3,保
manju-hergen-takekoshi-2011,mandarin,Mandarin,Manchu script transcription of Mandarin,ᠮᠠᠨᠵᡠ ᡥᡝᡵᡤᡝᠨ Manju Hergen,"Takekoshi 竹越, Takeshi 孝. (2011). 『兼滿漢語滿洲套話清文啓蒙』満洲文字注音一覧表. KOTONOHA, (101).","Takekoshi 竹越, Takeshi 孝. (2011). 『兼滿漢語滿洲套話清文啓蒙』満洲文字注音一覧表. KOTONOHA, (101). Data extracted from the Qing instructional source 兼滿漢語滿洲套話清文啓蒙 (1763).",『兼滿漢語滿洲套話清文啓蒙』満洲文字注音一覧表,竹越 孝 / Takekoshi Takeshi,2011,兼滿漢語滿洲套話清文啓蒙,1763,飽,boo,ᠪᠣᠣ,poo,b,ao,,6,飽 boo,飽
manju-hergen-takekoshi-2011,mandarin,Mandarin,Manchu script transcription of Mandarin,ᠮᠠᠨᠵᡠ ᡥᡝᡵᡤᡝᠨ Manju Hergen,"Takekoshi 竹越, Takeshi 孝. (2011). 『兼滿漢語滿洲套話清文啓蒙』満洲文字注音一覧表. KOTONOHA, (101).","Takekoshi 竹越, Takeshi 孝. (2011). 『兼滿漢語滿洲套話清文啓蒙』満洲文字注音一覧表. KOTONOHA, (101). Data extracted from the Qing instructional source 兼滿漢語滿洲套話清文啓蒙 (1763).",『兼滿漢語滿洲套話清文啓蒙』満洲文字注音一覧表,竹越 孝 / Takekoshi Takeshi,2011,兼滿漢語滿洲套話清文啓蒙,1763,抱,boo,ᠪᠣᠣ,poo,b,ao,,6,抱 boo,抱
manju-hergen-takekoshi-2011,mandarin,Mandarin,Manchu script transcription of Mandarin,ᠮᠠᠨᠵᡠ ᡥᡝᡵᡤᡝᠨ Manju Hergen,"Takekoshi 竹越, Takeshi 孝. (2011). 『兼滿漢語滿洲套話清文啓蒙』満洲文字注音一覧表. KOTONOHA, (101).","Takekoshi 竹越, Takeshi 孝. (2011). 『兼滿漢語滿洲套話清文啓蒙』満洲文字注音一覧表. KOTONOHA, (101). Data extracted from the Qing instructional source 兼滿漢語滿洲套話清文啓蒙 (1763).",『兼滿漢語滿洲套話清文啓蒙』満洲文字注音一覧表,竹越 孝 / Takekoshi Takeshi,2011,兼滿漢語滿洲套話清文啓蒙,1763,跑,poo,ᡦᠣᠣ,pʰoo,p,ao,,6,跑 poo,跑
manju-hergen-takekoshi-2011,mandarin,Mandarin,Manchu script transcription of Mandarin,ᠮᠠᠨᠵᡠ ᡥᡝᡵᡤᡝᠨ Manju Hergen,"Takekoshi 竹越, Takeshi 孝. (2011). 『兼滿漢語滿洲套話清文啓蒙』満洲文字注音一覧表. KOTONOHA, (101).","Takekoshi 竹越, Takeshi 孝. (2011). 『兼滿漢語滿洲套話清文啓蒙』満洲文字注音一覧表. KOTONOHA, (101). Data extracted from the Qing instructional source 兼滿漢語滿洲套話清文啓蒙 (1763).",『兼滿漢語滿洲套話清文啓蒙』満洲文字注音一覧表,竹越 孝 / Takekoshi Takeshi,2011,兼滿漢語滿洲套話清文啓蒙,1763,貌,mao,ᠮᠠᠣ,mao,m,ao,,6,貌 mao,貌
manju-hergen-takekoshi-2011,mandarin,Mandarin,Manchu script transcription of Mandarin,ᠮᠠᠨᠵᡠ ᡥᡝᡵᡤᡝᠨ Manju Hergen,"Takekoshi 竹越, Takeshi 孝. (2011). 『兼滿漢語滿洲套話清文啓蒙』満洲文字注音一覧表. KOTONOHA, (101).","Takekoshi 竹越, Takeshi 孝. (2011). 『兼滿漢語滿洲套話清文啓蒙』満洲文字注音一覧表. KOTONOHA, (101). Data extracted from the Qing instructional source 兼滿漢語滿洲套話清文啓蒙 (1763).",『兼滿漢語滿洲套話清文啓蒙』満洲文字注音一覧表,竹越 孝 / Takekoshi Takeshi,2011,兼滿漢語滿洲套話清文啓蒙,1763,道,dao,ᡩᠠᠣ,tao,d,ao,37,6,道 dao 37,道
manju-hergen-takekoshi-2011,mandarin,Mandarin,Manchu script transcription of Mandarin,ᠮᠠᠨᠵᡠ ᡥᡝᡵᡤᡝᠨ Manju Hergen,"Takekoshi 竹越, Takeshi 孝. (2011). 『兼滿漢語滿洲套話清文啓蒙』満洲文字注音一覧表. KOTONOHA, (101).","Takekoshi 竹越, Takeshi 孝. (2011). 『兼滿漢語滿洲套話清文啓蒙』満洲文字注音一覧表. KOTONOHA, (101). Data extracted from the Qing instructional source 兼滿漢語滿洲套話清文啓蒙 (1763).",『兼滿漢語滿洲套話清文啓蒙』満洲文字注音一覧表,竹越 孝 / Takekoshi Takeshi,2011,兼滿漢語滿洲套話清文啓蒙,1763,到,dao,ᡩᠠᠣ,tao,d,ao,24,6,到 dao 24,到
manju-hergen-takekoshi-2011,mandarin,Mandarin,Manchu script transcription of Mandarin,ᠮᠠᠨᠵᡠ ᡥᡝᡵᡤᡝᠨ Manju Hergen,"Takekoshi 竹越, Takeshi 孝. (2011). 『兼滿漢語滿洲套話清文啓蒙』満洲文字注音一覧表. KOTONOHA, (101).","Takekoshi 竹越, Takeshi 孝. (2011). 『兼滿漢語滿洲套話清文啓蒙』満洲文字注音一覧表. KOTONOHA, (101). Data extracted from the Qing instructional source 兼滿漢語滿洲套話清文啓蒙 (1763).",『兼滿漢語滿洲套話清文啓蒙』満洲文字注音一覧表,竹越 孝 / Takekoshi Takeshi,2011,兼滿漢語滿洲套話清文啓蒙,1763,倒,dao,ᡩᠠᠣ,tao,d,ao,7,6,倒 dao 7,倒
manju-hergen-takekoshi-2011,mandarin,Mandarin,Manchu script transcription of Mandarin,ᠮᠠᠨᠵᡠ ᡥᡝᡵᡤᡝᠨ Manju Hergen,"Takekoshi 竹越, Takeshi 孝. (2011). 『兼滿漢語滿洲套話清文啓蒙』満洲文字注音一覧表. KOTONOHA, (101).","Takekoshi 竹越, Takeshi 孝. (2011). 『兼滿漢語滿洲套話清文啓蒙』満洲文字注音一覧表. KOTONOHA, (101). Data extracted from the Qing instructional source 兼滿漢語滿洲套話清文啓蒙 (1763).",『兼滿漢語滿洲套話清文啓蒙』満洲文字注音一覧表,竹越 孝 / Takekoshi Takeshi,2011,兼滿漢語滿洲套話清文啓蒙,1763,叨,dao,ᡩᠠᠣ,tao,d,ao,3,6,叨 dao 3,叨
manju-hergen-takekoshi-2011,mandarin,Mandarin,Manchu script transcription of Mandarin,ᠮᠠᠨᠵᡠ ᡥᡝᡵᡤᡝᠨ Manju Hergen,"Takekoshi 竹越, Takeshi 孝. (2011). 『兼滿漢語滿洲套話清文啓蒙』満洲文字注音一覧表. KOTONOHA, (101).","Takekoshi 竹越, Takeshi 孝. (2011). 『兼滿漢語滿洲套話清文啓蒙』満洲文字注音一覧表. KOTONOHA, (101). Data extracted from the Qing instructional source 兼滿漢語滿洲套話清文啓蒙 (1763).",『兼滿漢語滿洲套話清文啓蒙』満洲文字注音一覧表,竹越 孝 / Takekoshi Takeshi,2011,兼滿漢語滿洲套話清文啓蒙,1763,導,dao,ᡩᠠᠣ,tao,d,ao,,6,導 dao,導
manju-hergen-takekoshi-2011,mandarin,Mandarin,Manchu script transcription of Mandarin,ᠮᠠᠨᠵᡠ ᡥᡝᡵᡤᡝᠨ Manju Hergen,"Takekoshi 竹越, Takeshi 孝. (2011). 『兼滿漢語滿洲套話清文啓蒙』満洲文字注音一覧表. KOTONOHA, (101).","Takekoshi 竹越, Takeshi 孝. (2011). 『兼滿漢語滿洲套話清文啓蒙』満洲文字注音一覧表. KOTONOHA, (101). Data extracted from the Qing instructional source 兼滿漢語滿洲套話清文啓蒙 (1763).",『兼滿漢語滿洲套話清文啓蒙』満洲文字注音一覧表,竹越 孝 / Takekoshi Takeshi,2011,兼滿漢語滿洲套話清文啓蒙,1763,討,tao,ᡨᠠᠣ,tʰao,t,ao,3,6,討 tao 3,討
manju-hergen-takekoshi-2011,mandarin,Mandarin,Manchu script transcription of Mandarin,ᠮᠠᠨᠵᡠ ᡥᡝᡵᡤᡝᠨ Manju Hergen,"Takekoshi 竹越, Takeshi 孝. (2011). 『兼滿漢語滿洲套話清文啓蒙』満洲文字注音一覧表. KOTONOHA, (101).","Takekoshi 竹越, Takeshi 孝. (2011). 『兼滿漢語滿洲套話清文啓蒙』満洲文字注音一覧表. KOTONOHA, (101). Data extracted from the Qing instructional source 兼滿漢語滿洲套話清文啓蒙 (1763).",『兼滿漢語滿洲套話清文啓蒙』満洲文字注音一覧表,竹越 孝 / Takekoshi Takeshi,2011,兼滿漢語滿洲套話清文啓蒙,1763,套,tao,ᡨᠠᠣ,tʰao,t,ao,2,6,套 tao 2,套
manju-hergen-takekoshi-2011,mandarin,Mandarin,Manchu script transcription of Mandarin,ᠮᠠᠨᠵᡠ ᡥᡝᡵᡤᡝᠨ Manju Hergen,"Takekoshi 竹越, Takeshi 孝. (2011). 『兼滿漢語滿洲套話清文啓蒙』満洲文字注音一覧表. KOTONOHA, (101).","Takekoshi 竹越, Takeshi 孝. (2011). 『兼滿漢語滿洲套話清文啓蒙』満洲文字注音一覧表. KOTONOHA, (101). Data extracted from the Qing instructional source 兼滿漢語滿洲套話清文啓蒙 (1763).",『兼滿漢語滿洲套話清文啓蒙』満洲文字注音一覧表,竹越 孝 / Takekoshi Takeshi,2011,兼滿漢語滿洲套話清文啓蒙,1763,恼,nao,ᠨᠠᠣ,nao,n,ao,2,6,恼 nao 2,恼
manju-hergen-takekoshi-2011,mandarin,Mandarin,Manchu script transcription of Mandarin,ᠮᠠᠨᠵᡠ ᡥᡝᡵᡤᡝᠨ Manju Hergen,"Takekoshi 竹越, Takeshi 孝. (2011). 『兼滿漢語滿洲套話清文啓蒙』満洲文字注音一覧表. KOTONOHA, (101).","Takekoshi 竹越, Takeshi 孝. (2011). 『兼滿漢語滿洲套話清文啓蒙』満洲文字注音一覧表. KOTONOHA, (101). Data extracted from the Qing instructional source 兼滿漢語滿洲套話清文啓蒙 (1763).",『兼滿漢語滿洲套話清文啓蒙』満洲文字注音一覧表,竹越 孝 / Takekoshi Takeshi,2011,兼滿漢語滿洲套話清文啓蒙,1763,閙,nao,ᠨᠠᠣ,nao,n,ao,,6,nao 閙,閙
manju-hergen-takekoshi-2011,mandarin,Mandarin,Manchu script transcription of Mandarin,ᠮᠠᠨᠵᡠ ᡥᡝᡵᡤᡝᠨ Manju Hergen,"Takekoshi 竹越, Takeshi 孝. (2011). 『兼滿漢語滿洲套話清文啓蒙』満洲文字注音一覧表. KOTONOHA, (101).","Takekoshi 竹越, Takeshi 孝. (2011). 『兼滿漢語滿洲套話清文啓蒙』満洲文字注音一覧表. KOTONOHA, (101). Data extracted from the Qing instructional source 兼滿漢語滿洲套話清文啓蒙 (1763).",『兼滿漢語滿洲套話清文啓蒙』満洲文字注音一覧表,竹越 孝 / Takekoshi Takeshi,2011,兼滿漢語滿洲套話清文啓蒙,1763,老,lao,ᠯᠠᠣ,lao,l,ao,2,6,老 lao 2 / loo 6,老
manju-hergen-takekoshi-2011,mandarin,Mandarin,Manchu script transcription of Mandarin,ᠮᠠᠨᠵᡠ ᡥᡝᡵᡤᡝᠨ Manju Hergen,"Takekoshi 竹越, Takeshi 孝. (2011). 『兼滿漢語滿洲套話清文啓蒙』満洲文字注音一覧表. KOTONOHA, (101).","Takekoshi 竹越, Takeshi 孝. (2011). 『兼滿漢語滿洲套話清文啓蒙』満洲文字注音一覧表. KOTONOHA, (101). Data extracted from the Qing instructional source 兼滿漢語滿洲套話清文啓蒙 (1763).",『兼滿漢語滿洲套話清文啓蒙』満洲文字注音一覧表,竹越 孝 / Takekoshi Takeshi,2011,兼滿漢語滿洲套話清文啓蒙,1763,老,loo,ᠯᠣᠣ,loo,l,ao,6,6,老 lao 2 / loo 6,老
manju-hergen-takekoshi-2011,mandarin,Mandarin,Manchu script transcription of Mandarin,ᠮᠠᠨᠵᡠ ᡥᡝᡵᡤᡝᠨ Manju Hergen,"Takekoshi 竹越, Takeshi 孝. (2011). 『兼滿漢語滿洲套話清文啓蒙』満洲文字注音一覧表. KOTONOHA, (101).","Takekoshi 竹越, Takeshi 孝. (2011). 『兼滿漢語滿洲套話清文啓蒙』満洲文字注音一覧表. KOTONOHA, (101). Data extracted from the Qing instructional source 兼滿漢語滿洲套話清文啓蒙 (1763).",『兼滿漢語滿洲套話清文啓蒙』満洲文字注音一覧表,竹越 孝 / Takekoshi Takeshi,2011,兼滿漢語滿洲套話清文啓蒙,1763,勞,lao,ᠯᠠᠣ,lao,l,ao,3,6,勞 / 劳 lao 3,勞/劳
manju-hergen-takekoshi-2011,mandarin,Mandarin,Manchu script transcription of Mandarin,ᠮᠠᠨᠵᡠ ᡥᡝᡵᡤᡝᠨ Manju Hergen,"Takekoshi 竹越, Takeshi 孝. (2011). 『兼滿漢語滿洲套話清文啓蒙』満洲文字注音一覧表. KOTONOHA, (101).","Takekoshi 竹越, Takeshi 孝. (2011). 『兼滿漢語滿洲套話清文啓蒙』満洲文字注音一覧表. KOTONOHA, (101). Data extracted from the Qing instructional source 兼滿漢語滿洲套話清文啓蒙 (1763).",『兼滿漢語滿洲套話清文啓蒙』満洲文字注音一覧表,竹越 孝 / Takekoshi Takeshi,2011,兼滿漢語滿洲套話清文啓蒙,1763,劳,lao,ᠯᠠᠣ,lao,l,ao,3,6,勞 / 劳 lao 3,勞/劳
manju-hergen-takekoshi-2011,mandarin,Mandarin,Manchu script transcription of Mandarin,ᠮᠠᠨᠵᡠ ᡥᡝᡵᡤᡝᠨ Manju Hergen,"Takekoshi 竹越, Takeshi 孝. (2011). 『兼滿漢語滿洲套話清文啓蒙』満洲文字注音一覧表. KOTONOHA, (101).","Takekoshi 竹越, Takeshi 孝. (2011). 『兼滿漢語滿洲套話清文啓蒙』満洲文字注音一覧表. KOTONOHA, (101). Data extracted from the Qing instructional source 兼滿漢語滿洲套話清文啓蒙 (1763).",『兼滿漢語滿洲套話清文啓蒙』満洲文字注音一覧表,竹越 孝 / Takekoshi Takeshi,2011,兼滿漢語滿洲套話清文啓蒙,1763,撈,loo,ᠯᠣᠣ,loo,l,ao,,6,撈 loo,撈
manju-hergen-takekoshi-2011,mandarin,Mandarin,Manchu script transcription of Mandarin,ᠮᠠᠨᠵᡠ ᡥᡝᡵᡤᡝᠨ Manju Hergen,"Takekoshi 竹越, Takeshi 孝. (2011). 『兼滿漢語滿洲套話清文啓蒙』満洲文字注音一覧表. KOTONOHA, (101).","Takekoshi 竹越, Takeshi 孝. (2011). 『兼滿漢語滿洲套話清文啓蒙』満洲文字注音一覧表. KOTONOHA, (101). Data extracted from the Qing instructional source 兼滿漢語滿洲套話清文啓蒙 (1763).",『兼滿漢語滿洲套話清文啓蒙』満洲文字注音一覧表,竹越 孝 / Takekoshi Takeshi,2011,兼滿漢語滿洲套話清文啓蒙,1763,遭,dzao,ᡯᠠᠣ,tsao,z,ao,11,6,遭 dzao 11,遭
manju-hergen-takekoshi-2011,mandarin,Mandarin,Manchu script transcription of Mandarin,ᠮᠠᠨᠵᡠ ᡥᡝᡵᡤᡝᠨ Manju Hergen,"Takekoshi 竹越, Takeshi 孝. (2011). 『兼滿漢語滿洲套話清文啓蒙』満洲文字注音一覧表. KOTONOHA, (101).","Takekoshi 竹越, Takeshi 孝. (2011). 『兼滿漢語滿洲套話清文啓蒙』満洲文字注音一覧表. KOTONOHA, (101). Data extracted from the Qing instructional source 兼滿漢語滿洲套話清文啓蒙 (1763).",『兼滿漢語滿洲套話清文啓蒙』満洲文字注音一覧表,竹越 孝 / Takekoshi Takeshi,2011,兼滿漢語滿洲套話清文啓蒙,1763,早,dzao,ᡯᠠᠣ,tsao,z,ao,3,6,早 dzao 3,早
manju-hergen-takekoshi-2011,mandarin,Mandarin,Manchu script transcription of Mandarin,ᠮᠠᠨᠵᡠ ᡥᡝᡵᡤᡝᠨ Manju Hergen,"Takekoshi 竹越, Takeshi 孝. (2011). 『兼滿漢語滿洲套話清文啓蒙』満洲文字注音一覧表. KOTONOHA, (101).","Takekoshi 竹越, Takeshi 孝. (2011). 『兼滿漢語滿洲套話清文啓蒙』満洲文字注音一覧表. KOTONOHA, (101). Data extracted from the Qing instructional source 兼滿漢語滿洲套話清文啓蒙 (1763).",『兼滿漢語滿洲套話清文啓蒙』満洲文字注音一覧表,竹越 孝 / Takekoshi Takeshi,2011,兼滿漢語滿洲套話清文啓蒙,1763,造,dzao,ᡯᠠᠣ,tsao,z,ao,2,6,造 dzao 2,造
manju-hergen-takekoshi-2011,mandarin,Mandarin,Manchu script transcription of Mandarin,ᠮᠠᠨᠵᡠ ᡥᡝᡵᡤᡝᠨ Manju Hergen,"Takekoshi 竹越, Takeshi 孝. (2011). 『兼滿漢語滿洲套話清文啓蒙』満洲文字注音一覧表. KOTONOHA, (101).","Takekoshi 竹越, Takeshi 孝. (2011). 『兼滿漢語滿洲套話清文啓蒙』満洲文字注音一覧表. KOTONOHA, (101). Data extracted from the Qing instructional source 兼滿漢語滿洲套話清文啓蒙 (1763).",『兼滿漢語滿洲套話清文啓蒙』満洲文字注音一覧表,竹越 孝 / Takekoshi Takeshi,2011,兼滿漢語滿洲套話清文啓蒙,1763,糟,dzao,ᡯᠠᠣ,tsao,z,ao,,6,糟 dzao,糟
manju-hergen-takekoshi-2011,mandarin,Mandarin,Manchu script transcription of Mandarin,ᠮᠠᠨᠵᡠ ᡥᡝᡵᡤᡝᠨ Manju Hergen,"Takekoshi 竹越, Takeshi 孝. (2011). 『兼滿漢語滿洲套話清文啓蒙』満洲文字注音一覧表. KOTONOHA, (101).","Takekoshi 竹越, Takeshi 孝. (2011). 『兼滿漢語滿洲套話清文啓蒙』満洲文字注音一覧表. KOTONOHA, (101). Data extracted from the Qing instructional source 兼滿漢語滿洲套話清文啓蒙 (1763).",『兼滿漢語滿洲套話清文啓蒙』満洲文字注音一覧表,竹越 孝 / Takekoshi Takeshi,2011,兼滿漢語滿洲套話清文啓蒙,1763,嘈,dzao,ᡯᠠᠣ,tsao,z,ao,,6,嘈 dzao,嘈
manju-hergen-takekoshi-2011,mandarin,Mandarin,Manchu script transcription of Mandarin,ᠮᠠᠨᠵᡠ ᡥᡝᡵᡤᡝᠨ Manju Hergen,"Takekoshi 竹越, Takeshi 孝. (2011). 『兼滿漢語滿洲套話清文啓蒙』満洲文字注音一覧表. KOTONOHA, (101).","Takekoshi 竹越, Takeshi 孝. (2011). 『兼滿漢語滿洲套話清文啓蒙』満洲文字注音一覧表. KOTONOHA, (101). Data extracted from the Qing instructional source 兼滿漢語滿洲套話清文啓蒙 (1763).",『兼滿漢語滿洲套話清文啓蒙』満洲文字注音一覧表,竹越 孝 / Takekoshi Takeshi,2011,兼滿漢語滿洲套話清文啓蒙,1763,掻,dzao,ᡯᠠᠣ,tsao,z,ao,,6,掻 dzao,掻
manju-hergen-takekoshi-2011,mandarin,Mandarin,Manchu script transcription of Mandarin,ᠮᠠᠨᠵᡠ ᡥᡝᡵᡤᡝᠨ Manju Hergen,"Takekoshi 竹越, Takeshi 孝. (2011). 『兼滿漢語滿洲套話清文啓蒙』満洲文字注音一覧表. KOTONOHA, (101).","Takekoshi 竹越, Takeshi 孝. (2011). 『兼滿漢語滿洲套話清文啓蒙』満洲文字注音一覧表. KOTONOHA, (101). Data extracted from the Qing instructional source 兼滿漢語滿洲套話清文啓蒙 (1763).",『兼滿漢語滿洲套話清文啓蒙』満洲文字注音一覧表,竹越 孝 / Takekoshi Takeshi,2011,兼滿漢語滿洲套話清文啓蒙,1763,草,ts’ao,ᡨᠰᠠᠣ,tʰsao,c,ao,,6,草 ts’ao,草
manju-hergen-takekoshi-2011,mandarin,Mandarin,Manchu script transcription of Mandarin,ᠮᠠᠨᠵᡠ ᡥᡝᡵᡤᡝᠨ Manju Hergen,"Takekoshi 竹越, Takeshi 孝. (2011). 『兼滿漢語滿洲套話清文啓蒙』満洲文字注音一覧表. KOTONOHA, (101).","Takekoshi 竹越, Takeshi 孝. (2011). 『兼滿漢語滿洲套話清文啓蒙』満洲文字注音一覧表. KOTONOHA, (101). Data extracted from the Qing instructional source 兼滿漢語滿洲套話清文啓蒙 (1763).",『兼滿漢語滿洲套話清文啓蒙』満洲文字注音一覧表,竹越 孝 / Takekoshi Takeshi,2011,兼滿漢語滿洲套話清文啓蒙,1763,掃,sao,ᠰᠠᠣ,sao,s,ao,2,6,掃 sao 2,掃
manju-hergen-takekoshi-2011,mandarin,Mandarin,Manchu script transcription of Mandarin,ᠮᠠᠨᠵᡠ ᡥᡝᡵᡤᡝᠨ Manju Hergen,"Takekoshi 竹越, Takeshi 孝. (2011). 『兼滿漢語滿洲套話清文啓蒙』満洲文字注音一覧表. KOTONOHA, (101).","Takekoshi 竹越, Takeshi 孝. (2011). 『兼滿漢語滿洲套話清文啓蒙』満洲文字注音一覧表. KOTONOHA, (101). Data extracted from the Qing instructional source 兼滿漢語滿洲套話清文啓蒙 (1763).",『兼滿漢語滿洲套話清文啓蒙』満洲文字注音一覧表,竹越 孝 / Takekoshi Takeshi,2011,兼滿漢語滿洲套話清文啓蒙,1763,嫂,sao,ᠰᠠᠣ,sao,s,ao,,6,嫂 sao,嫂
manju-hergen-takekoshi-2011,mandarin,Mandarin,Manchu script transcription of Mandarin,ᠮᠠᠨᠵᡠ ᡥᡝᡵᡤᡝᠨ Manju Hergen,"Takekoshi 竹越, Takeshi 孝. (2011). 『兼滿漢語滿洲套話清文啓蒙』満洲文字注音一覧表. KOTONOHA, (101).","Takekoshi 竹越, Takeshi 孝. (2011). 『兼滿漢語滿洲套話清文啓蒙』満洲文字注音一覧表. KOTONOHA, (101). Data extracted from the Qing instructional source 兼滿漢語滿洲套話清文啓蒙 (1763).",『兼滿漢語滿洲套話清文啓蒙』満洲文字注音一覧表,竹越 孝 / Takekoshi Takeshi,2011,兼滿漢語滿洲套話清文啓蒙,1763,趙,jao,ᠵᠠᠣ,tʃao,zh,ao,3,6,趙 jao 3,趙
manju-hergen-takekoshi-2011,mandarin,Mandarin,Manchu script transcription of Mandarin,ᠮᠠᠨᠵᡠ ᡥᡝᡵᡤᡝᠨ Manju Hergen,"Takekoshi 竹越, Takeshi 孝. (2011). 『兼滿漢語滿洲套話清文啓蒙』満洲文字注音一覧表. KOTONOHA, (101).","Takekoshi 竹越, Takeshi 孝. (2011). 『兼滿漢語滿洲套話清文啓蒙』満洲文字注音一覧表. KOTONOHA, (101). Data extracted from the Qing instructional source 兼滿漢語滿洲套話清文啓蒙 (1763).",『兼滿漢語滿洲套話清文啓蒙』満洲文字注音一覧表,竹越 孝 / Takekoshi Takeshi,2011,兼滿漢語滿洲套話清文啓蒙,1763,照,jao,ᠵᠠᠣ,tʃao,zh,ao,2,6,照 jao 2,照
manju-hergen-takekoshi-2011,mandarin,Mandarin,Manchu script transcription of Mandarin,ᠮᠠᠨᠵᡠ ᡥᡝᡵᡤᡝᠨ Manju Hergen,"Takekoshi 竹越, Takeshi 孝. (2011). 『兼滿漢語滿洲套話清文啓蒙』満洲文字注音一覧表. KOTONOHA, (101).","Takekoshi 竹越, Takeshi 孝. (2011). 『兼滿漢語滿洲套話清文啓蒙』満洲文字注音一覧表. KOTONOHA, (101). Data extracted from the Qing instructional source 兼滿漢語滿洲套話清文啓蒙 (1763).",『兼滿漢語滿洲套話清文啓蒙』満洲文字注音一覧表,竹越 孝 / Takekoshi Takeshi,2011,兼滿漢語滿洲套話清文啓蒙,1763,找,jao,ᠵᠠᠣ,tʃao,zh,ao,,6,找 jao,找
manju-hergen-takekoshi-2011,mandarin,Mandarin,Manchu script transcription of Mandarin,ᠮᠠᠨᠵᡠ ᡥᡝᡵᡤᡝᠨ Manju Hergen,"Takekoshi 竹越, Takeshi 孝. (2011). 『兼滿漢語滿洲套話清文啓蒙』満洲文字注音一覧表. KOTONOHA, (101).","Takekoshi 竹越, Takeshi 孝. (2011). 『兼滿漢語滿洲套話清文啓蒙』満洲文字注音一覧表. KOTONOHA, (101). Data extracted from the Qing instructional source 兼滿漢語滿洲套話清文啓蒙 (1763).",『兼滿漢語滿洲套話清文啓蒙』満洲文字注音一覧表,竹越 孝 / Takekoshi Takeshi,2011,兼滿漢語滿洲套話清文啓蒙,1763,抄,cao,ᠴᠠᠣ,tʃʰao,ch,ao,3,6,抄 cao 3,抄
manju-hergen-takekoshi-2011,mandarin,Mandarin,Manchu script transcription of Mandarin,ᠮᠠᠨᠵᡠ ᡥᡝᡵᡤᡝᠨ Manju Hergen,"Takekoshi 竹越, Takeshi 孝. (2011). 『兼滿漢語滿洲套話清文啓蒙』満洲文字注音一覧表. KOTONOHA, (101).","Takekoshi 竹越, Takeshi 孝. (2011). 『兼滿漢語滿洲套話清文啓蒙』満洲文字注音一覧表. KOTONOHA, (101). Data extracted from the Qing instructional source 兼滿漢語滿洲套話清文啓蒙 (1763).",『兼滿漢語滿洲套話清文啓蒙』満洲文字注音一覧表,竹越 孝 / Takekoshi Takeshi,2011,兼滿漢語滿洲套話清文啓蒙,1763,炒,cao,ᠴᠠᠣ,tʃʰao,ch,ao,,6,炒 cao,炒
manju-hergen-takekoshi-2011,mandarin,Mandarin,Manchu script transcription of Mandarin,ᠮᠠᠨᠵᡠ ᡥᡝᡵᡤᡝᠨ Manju Hergen,"Takekoshi 竹越, Takeshi 孝. (2011). 『兼滿漢語滿洲套話清文啓蒙』満洲文字注音一覧表. KOTONOHA, (101).","Takekoshi 竹越, Takeshi 孝. (2011). 『兼滿漢語滿洲套話清文啓蒙』満洲文字注音一覧表. KOTONOHA, (101). Data extracted from the Qing instructional source 兼滿漢語滿洲套話清文啓蒙 (1763).",『兼滿漢語滿洲套話清文啓蒙』満洲文字注音一覧表,竹越 孝 / Takekoshi Takeshi,2011,兼滿漢語滿洲套話清文啓蒙,1763,少,šao,ᡧᠠᠣ,ʃao,sh,ao,8,6,少 šao 8,少
manju-hergen-takekoshi-2011,mandarin,Mandarin,Manchu script transcription of Mandarin,ᠮᠠᠨᠵᡠ ᡥᡝᡵᡤᡝᠨ Manju Hergen,"Takekoshi 竹越, Takeshi 孝. (2011). 『兼滿漢語滿洲套話清文啓蒙』満洲文字注音一覧表. KOTONOHA, (101).","Takekoshi 竹越, Takeshi 孝. (2011). 『兼滿漢語滿洲套話清文啓蒙』満洲文字注音一覧表. KOTONOHA, (101). Data extracted from the Qing instructional source 兼滿漢語滿洲套話清文啓蒙 (1763).",『兼滿漢語滿洲套話清文啓蒙』満洲文字注音一覧表,竹越 孝 / Takekoshi Takeshi,2011,兼滿漢語滿洲套話清文啓蒙,1763,焼,šao,ᡧᠠᠣ,ʃao,sh,ao,2,6,焼 šao 2,焼
manju-hergen-takekoshi-2011,mandarin,Mandarin,Manchu script transcription of Mandarin,ᠮᠠᠨᠵᡠ ᡥᡝᡵᡤᡝᠨ Manju Hergen,"Takekoshi 竹越, Takeshi 孝. (2011). 『兼滿漢語滿洲套話清文啓蒙』満洲文字注音一覧表. KOTONOHA, (101).","Takekoshi 竹越, Takeshi 孝. (2011). 『兼滿漢語滿洲套話清文啓蒙』満洲文字注音一覧表. KOTONOHA, (101). Data extracted from the Qing instructional source 兼滿漢語滿洲套話清文啓蒙 (1763).",『兼滿漢語滿洲套話清文啓蒙』満洲文字注音一覧表,竹越 孝 / Takekoshi Takeshi,2011,兼滿漢語滿洲套話清文啓蒙,1763,遶,žao,ᡰᠠᠣ,ʐao,r,ao,,6,遶 žao,遶
manju-hergen-takekoshi-2011,mandarin,Mandarin,Manchu script transcription of Mandarin,ᠮᠠᠨᠵᡠ ᡥᡝᡵᡤᡝᠨ Manju Hergen,"Takekoshi 竹越, Takeshi 孝. (2011). 『兼滿漢語滿洲套話清文啓蒙』満洲文字注音一覧表. KOTONOHA, (101).","Takekoshi 竹越, Takeshi 孝. (2011). 『兼滿漢語滿洲套話清文啓蒙』満洲文字注音一覧表. KOTONOHA, (101). Data extracted from the Qing instructional source 兼滿漢語滿洲套話清文啓蒙 (1763).",『兼滿漢語滿洲套話清文啓蒙』満洲文字注音一覧表,竹越 孝 / Takekoshi Takeshi,2011,兼滿漢語滿洲套話清文啓蒙,1763,擾,žao,ᡰᠠᠣ,ʐao,r,ao,,6,擾 žao,擾
manju-hergen-takekoshi-2011,mandarin,Mandarin,Manchu script transcription of Mandarin,ᠮᠠᠨᠵᡠ ᡥᡝᡵᡤᡝᠨ Manju Hergen,"Takekoshi 竹越, Takeshi 孝. (2011). 『兼滿漢語滿洲套話清文啓蒙』満洲文字注音一覧表. KOTONOHA, (101).","Takekoshi 竹越, Takeshi 孝. (2011). 『兼滿漢語滿洲套話清文啓蒙』満洲文字注音一覧表. KOTONOHA, (101). Data extracted from the Qing instructional source 兼滿漢語滿洲套話清文啓蒙 (1763).",『兼滿漢語滿洲套話清文啓蒙』満洲文字注音一覧表,竹越 孝 / Takekoshi Takeshi,2011,兼滿漢語滿洲套話清文啓蒙,1763,饒,žao,ᡰᠠᠣ,ʐao,r,ao,,6,饒 žao,饒
manju-hergen-takekoshi-2011,mandarin,Mandarin,Manchu script transcription of Mandarin,ᠮᠠᠨᠵᡠ ᡥᡝᡵᡤᡝᠨ Manju Hergen,"Takekoshi 竹越, Takeshi 孝. (2011). 『兼滿漢語滿洲套話清文啓蒙』満洲文字注音一覧表. KOTONOHA, (101).","Takekoshi 竹越, Takeshi 孝. (2011). 『兼滿漢語滿洲套話清文啓蒙』満洲文字注音一覧表. KOTONOHA, (101). Data extracted from the Qing instructional source 兼滿漢語滿洲套話清文啓蒙 (1763).",『兼滿漢語滿洲套話清文啓蒙』満洲文字注音一覧表,竹越 孝 / Takekoshi Takeshi,2011,兼滿漢語滿洲套話清文啓蒙,1763,告,g’ao,ᡬᠠᠣ,kao,g,ao,17,6,告 g’ao 17,告
manju-hergen-takekoshi-2011,mandarin,Mandarin,Manchu script transcription of Mandarin,ᠮᠠᠨᠵᡠ ᡥᡝᡵᡤᡝᠨ Manju Hergen,"Takekoshi 竹越, Takeshi 孝. (2011). 『兼滿漢語滿洲套話清文啓蒙』満洲文字注音一覧表. KOTONOHA, (101).","Takekoshi 竹越, Takeshi 孝. (2011). 『兼滿漢語滿洲套話清文啓蒙』満洲文字注音一覧表. KOTONOHA, (101). Data extracted from the Qing instructional source 兼滿漢語滿洲套話清文啓蒙 (1763).",『兼滿漢語滿洲套話清文啓蒙』満洲文字注音一覧表,竹越 孝 / Takekoshi Takeshi,2011,兼滿漢語滿洲套話清文啓蒙,1763,高,g’ao,ᡬᠠᠣ,kao,g,ao,5,6,高 g’ao 5,高
manju-hergen-takekoshi-2011,mandarin,Mandarin,Manchu script transcription of Mandarin,ᠮᠠᠨᠵᡠ ᡥᡝᡵᡤᡝᠨ Manju Hergen,"Takekoshi 竹越, Takeshi 孝. (2011). 『兼滿漢語滿洲套話清文啓蒙』満洲文字注音一覧表. KOTONOHA, (101).","Takekoshi 竹越, Takeshi 孝. (2011). 『兼滿漢語滿洲套話清文啓蒙』満洲文字注音一覧表. KOTONOHA, (101). Data extracted from the Qing instructional source 兼滿漢語滿洲套話清文啓蒙 (1763).",『兼滿漢語滿洲套話清文啓蒙』満洲文字注音一覧表,竹越 孝 / Takekoshi Takeshi,2011,兼滿漢語滿洲套話清文啓蒙,1763,考,k’ao,ᠺᠠᠣ,kʰao,k,ao,3,6,考 k’ao 3,考
manju-hergen-takekoshi-2011,mandarin,Mandarin,Manchu script transcription of Mandarin,ᠮᠠᠨᠵᡠ ᡥᡝᡵᡤᡝᠨ Manju Hergen,"Takekoshi 竹越, Takeshi 孝. (2011). 『兼滿漢語滿洲套話清文啓蒙』満洲文字注音一覧表. KOTONOHA, (101).","Takekoshi 竹越, Takeshi 孝. (2011). 『兼滿漢語滿洲套話清文啓蒙』満洲文字注音一覧表. KOTONOHA, (101). Data extracted from the Qing instructional source 兼滿漢語滿洲套話清文啓蒙 (1763).",『兼滿漢語滿洲套話清文啓蒙』満洲文字注音一覧表,竹越 孝 / Takekoshi Takeshi,2011,兼滿漢語滿洲套話清文啓蒙,1763,好,h’ao,ᡭᠠᠣ,xao,h,ao,71,6,好 h’ao 71,好
manju-hergen-takekoshi-2011,mandarin,Mandarin,Manchu script transcription of Mandarin,ᠮᠠᠨᠵᡠ ᡥᡝᡵᡤᡝᠨ Manju Hergen,"Takekoshi 竹越, Takeshi 孝. (2011). 『兼滿漢語滿洲套話清文啓蒙』満洲文字注音一覧表. KOTONOHA, (101).","Takekoshi 竹越, Takeshi 孝. (2011). 『兼滿漢語滿洲套話清文啓蒙』満洲文字注音一覧表. KOTONOHA, (101). Data extracted from the Qing instructional source 兼滿漢語滿洲套話清文啓蒙 (1763).",『兼滿漢語滿洲套話清文啓蒙』満洲文字注音一覧表,竹越 孝 / Takekoshi Takeshi,2011,兼滿漢語滿洲套話清文啓蒙,1763,号,h’ao,ᡭᠠᠣ,xao,h,ao,,6,号 h’ao,号
manju-hergen-takekoshi-2011,mandarin,Mandarin,Manchu script transcription of Mandarin,ᠮᠠᠨᠵᡠ ᡥᡝᡵᡤᡝᠨ Manju Hergen,"Takekoshi 竹越, Takeshi 孝. (2011). 『兼滿漢語滿洲套話清文啓蒙』満洲文字注音一覧表. KOTONOHA, (101).","Takekoshi 竹越, Takeshi 孝. (2011). 『兼滿漢語滿洲套話清文啓蒙』満洲文字注音一覧表. KOTONOHA, (101). Data extracted from the Qing instructional source 兼滿漢語滿洲套話清文啓蒙 (1763).",『兼滿漢語滿洲套話清文啓蒙』満洲文字注音一覧表,竹越 孝 / Takekoshi Takeshi,2011,兼滿漢語滿洲套話清文啓蒙,1763,熬,ao,ᠠᠣ,ao,∅,ao,,6,熬 ao,熬
manju-hergen-takekoshi-2011,mandarin,Mandarin,Manchu script transcription of Mandarin,ᠮᠠᠨᠵᡠ ᡥᡝᡵᡤᡝᠨ Manju Hergen,"Takekoshi 竹越, Takeshi 孝. (2011). 『兼滿漢語滿洲套話清文啓蒙』満洲文字注音一覧表. KOTONOHA, (101).","Takekoshi 竹越, Takeshi 孝. (2011). 『兼滿漢語滿洲套話清文啓蒙』満洲文字注音一覧表. KOTONOHA, (101). Data extracted from the Qing instructional source 兼滿漢語滿洲套話清文啓蒙 (1763).",『兼滿漢語滿洲套話清文啓蒙』満洲文字注音一覧表,竹越 孝 / Takekoshi Takeshi,2011,兼滿漢語滿洲套話清文啓蒙,1763,瓢,piyoo,ᡦᡳᠶᠣᠣ,pʰijoo,p,iao,2,6,瓢 piyoo 2,瓢
manju-hergen-takekoshi-2011,mandarin,Mandarin,Manchu script transcription of Mandarin,ᠮᠠᠨᠵᡠ ᡥᡝᡵᡤᡝᠨ Manju Hergen,"Takekoshi 竹越, Takeshi 孝. (2011). 『兼滿漢語滿洲套話清文啓蒙』満洲文字注音一覧表. KOTONOHA, (101).","Takekoshi 竹越, Takeshi 孝. (2011). 『兼滿漢語滿洲套話清文啓蒙』満洲文字注音一覧表. KOTONOHA, (101). Data extracted from the Qing instructional source 兼滿漢語滿洲套話清文啓蒙 (1763).",『兼滿漢語滿洲套話清文啓蒙』満洲文字注音一覧表,竹越 孝 / Takekoshi Takeshi,2011,兼滿漢語滿洲套話清文啓蒙,1763,吊,diyao,ᡩᡳᠶᠠᠣ,tijao,d,iao,,6,吊 diyao / diyoo,吊
manju-hergen-takekoshi-2011,mandarin,Mandarin,Manchu script transcription of Mandarin,ᠮᠠᠨᠵᡠ ᡥᡝᡵᡤᡝᠨ Manju Hergen,"Takekoshi 竹越, Takeshi 孝. (2011). 『兼滿漢語滿洲套話清文啓蒙』満洲文字注音一覧表. KOTONOHA, (101).","Takekoshi 竹越, Takeshi 孝. (2011). 『兼滿漢語滿洲套話清文啓蒙』満洲文字注音一覧表. KOTONOHA, (101). Data extracted from the Qing instructional source 兼滿漢語滿洲套話清文啓蒙 (1763).",『兼滿漢語滿洲套話清文啓蒙』満洲文字注音一覧表,竹越 孝 / Takekoshi Takeshi,2011,兼滿漢語滿洲套話清文啓蒙,1763,吊,diyoo,ᡩᡳᠶᠣᠣ,tijoo,d,iao,,6,吊 diyao / diyoo,吊
manju-hergen-takekoshi-2011,mandarin,Mandarin,Manchu script transcription of Mandarin,ᠮᠠᠨᠵᡠ ᡥᡝᡵᡤᡝᠨ Manju Hergen,"Takekoshi 竹越, Takeshi 孝. (2011). 『兼滿漢語滿洲套話清文啓蒙』満洲文字注音一覧表. KOTONOHA, (101).","Takekoshi 竹越, Takeshi 孝. (2011). 『兼滿漢語滿洲套話清文啓蒙』満洲文字注音一覧表. KOTONOHA, (101). Data extracted from the Qing instructional source 兼滿漢語滿洲套話清文啓蒙 (1763).",『兼滿漢語滿洲套話清文啓蒙』満洲文字注音一覧表,竹越 孝 / Takekoshi Takeshi,2011,兼滿漢語滿洲套話清文啓蒙,1763,條,tiyoo,ᡨᡳᠶᠣᠣ,tʰijoo,t,iao,,6,條 tiyoo,條
manju-hergen-takekoshi-2011,mandarin,Mandarin,Manchu script transcription of Mandarin,ᠮᠠᠨᠵᡠ ᡥᡝᡵᡤᡝᠨ Manju Hergen,"Takekoshi 竹越, Takeshi 孝. (2011). 『兼滿漢語滿洲套話清文啓蒙』満洲文字注音一覧表. KOTONOHA, (101).","Takekoshi 竹越, Takeshi 孝. (2011). 『兼滿漢語滿洲套話清文啓蒙』満洲文字注音一覧表. KOTONOHA, (101). Data extracted from the Qing instructional source 兼滿漢語滿洲套話清文啓蒙 (1763).",『兼滿漢語滿洲套話清文啓蒙』満洲文字注音一覧表,竹越 孝 / Takekoshi Takeshi,2011,兼滿漢語滿洲套話清文啓蒙,1763,了,liyao,ᠯᡳᠶᠠᠣ,lijao,l,iao,68,6,了 liyao 68 / liyoo 137,了
manju-hergen-takekoshi-2011,mandarin,Mandarin,Manchu script transcription of Mandarin,ᠮᠠᠨᠵᡠ ᡥᡝᡵᡤᡝᠨ Manju Hergen,"Takekoshi 竹越, Takeshi 孝. (2011). 『兼滿漢語滿洲套話清文啓蒙』満洲文字注音一覧表. KOTONOHA, (101).","Takekoshi 竹越, Takeshi 孝. (2011). 『兼滿漢語滿洲套話清文啓蒙』満洲文字注音一覧表. KOTONOHA, (101). Data extracted from the Qing instructional source 兼滿漢語滿洲套話清文啓蒙 (1763).",『兼滿漢語滿洲套話清文啓蒙』満洲文字注音一覧表,竹越 孝 / Takekoshi Takeshi,2011,兼滿漢語滿洲套話清文啓蒙,1763,了,liyoo,ᠯᡳᠶᠣᠣ,lijoo,l,iao,137,6,了 liyao 68 / liyoo 137,了
manju-hergen-takekoshi-2011,mandarin,Mandarin,Manchu script transcription of Mandarin,ᠮᠠᠨᠵᡠ ᡥᡝᡵᡤᡝᠨ Manju Hergen,"Takekoshi 竹越, Takeshi 孝. (2011). 『兼滿漢語滿洲套話清文啓蒙』満洲文字注音一覧表. KOTONOHA, (101).","Takekoshi 竹越, Takeshi 孝. (2011). 『兼滿漢語滿洲套話清文啓蒙』満洲文字注音一覧表. KOTONOHA, (101). Data extracted from the Qing instructional source 兼滿漢語滿洲套話清文啓蒙 (1763).",『兼滿漢語滿洲套話清文啓蒙』満洲文字注音一覧表,竹越 孝 / Takekoshi Takeshi,2011,兼滿漢語滿洲套話清文啓蒙,1763,撩,liyoo,ᠯᡳᠶᠣᠣ,lijoo,l,iao,2,6,撩 liyoo 2,撩
manju-hergen-takekoshi-2011,mandarin,Mandarin,Manchu script transcription of Mandarin,ᠮᠠᠨᠵᡠ ᡥᡝᡵᡤᡝᠨ Manju Hergen,"Takekoshi 竹越, Takeshi 孝. (2011). 『兼滿漢語滿洲套話清文啓蒙』満洲文字注音一覧表. KOTONOHA, (101).","Takekoshi 竹越, Takeshi 孝. (2011). 『兼滿漢語滿洲套話清文啓蒙』満洲文字注音一覧表. KOTONOHA, (101). Data extracted from the Qing instructional source 兼滿漢語滿洲套話清文啓蒙 (1763).",『兼滿漢語滿洲套話清文啓蒙』満洲文字注音一覧表,竹越 孝 / Takekoshi Takeshi,2011,兼滿漢語滿洲套話清文啓蒙,1763,料,liyoo,ᠯᡳᠶᠣᠣ,lijoo,l,iao,,6,料 liyoo,料
manju-hergen-takekoshi-2011,mandarin,Mandarin,Manchu script transcription of Mandarin,ᠮᠠᠨᠵᡠ ᡥᡝᡵᡤᡝᠨ Manju Hergen,"Takekoshi 竹越, Takeshi 孝. (2011). 『兼滿漢語滿洲套話清文啓蒙』満洲文字注音一覧表. KOTONOHA, (101).","Takekoshi 竹越, Takeshi 孝. (2011). 『兼滿漢語滿洲套話清文啓蒙』満洲文字注音一覧表. KOTONOHA, (101). Data extracted from the Qing instructional source 兼滿漢語滿洲套話清文啓蒙 (1763).",『兼滿漢語滿洲套話清文啓蒙』満洲文字注音一覧表,竹越 孝 / Takekoshi Takeshi,2011,兼滿漢語滿洲套話清文啓蒙,1763,叫,giyao,ᡤᡳᠶᠠᠣ,qijao,j,iao,14,6,叫 giyao 14 / giyoo 20,叫
manju-hergen-takekoshi-2011,mandarin,Mandarin,Manchu script transcription of Mandarin,ᠮᠠᠨᠵᡠ ᡥᡝᡵᡤᡝᠨ Manju Hergen,"Takekoshi 竹越, Takeshi 孝. (2011). 『兼滿漢語滿洲套話清文啓蒙』満洲文字注音一覧表. KOTONOHA, (101).","Takekoshi 竹越, Takeshi 孝. (2011). 『兼滿漢語滿洲套話清文啓蒙』満洲文字注音一覧表. KOTONOHA, (101). Data extracted from the Qing instructional source 兼滿漢語滿洲套話清文啓蒙 (1763).",『兼滿漢語滿洲套話清文啓蒙』満洲文字注音一覧表,竹越 孝 / Takekoshi Takeshi,2011,兼滿漢語滿洲套話清文啓蒙,1763,叫,giyoo,ᡤᡳᠶᠣᠣ,qijoo,j,iao,20,6,叫 giyao 14 / giyoo 20,叫
manju-hergen-takekoshi-2011,mandarin,Mandarin,Manchu script transcription of Mandarin,ᠮᠠᠨᠵᡠ ᡥᡝᡵᡤᡝᠨ Manju Hergen,"Takekoshi 竹越, Takeshi 孝. (2011). 『兼滿漢語滿洲套話清文啓蒙』満洲文字注音一覧表. KOTONOHA, (101).","Takekoshi 竹越, Takeshi 孝. (2011). 『兼滿漢語滿洲套話清文啓蒙』満洲文字注音一覧表. KOTONOHA, (101). Data extracted from the Qing instructional source 兼滿漢語滿洲套話清文啓蒙 (1763).",『兼滿漢語滿洲套話清文啓蒙』満洲文字注音一覧表,竹越 孝 / Takekoshi Takeshi,2011,兼滿漢語滿洲套話清文啓蒙,1763,教,giyao,ᡤᡳᠶᠠᠣ,qijao,j,iao,3,6,教 giyao 3 / giyoo 3,教
manju-hergen-takekoshi-2011,mandarin,Mandarin,Manchu script transcription of Mandarin,ᠮᠠᠨᠵᡠ ᡥᡝᡵᡤᡝᠨ Manju Hergen,"Takekoshi 竹越, Takeshi 孝. (2011). 『兼滿漢語滿洲套話清文啓蒙』満洲文字注音一覧表. KOTONOHA, (101).","Takekoshi 竹越, Takeshi 孝. (2011). 『兼滿漢語滿洲套話清文啓蒙』満洲文字注音一覧表. KOTONOHA, (101). Data extracted from the Qing instructional source 兼滿漢語滿洲套話清文啓蒙 (1763).",『兼滿漢語滿洲套話清文啓蒙』満洲文字注音一覧表,竹越 孝 / Takekoshi Takeshi,2011,兼滿漢語滿洲套話清文啓蒙,1763,教,giyoo,ᡤᡳᠶᠣᠣ,qijoo,j,iao,3,6,教 giyao 3 / giyoo 3,教
manju-hergen-takekoshi-2011,mandarin,Mandarin,Manchu script transcription of Mandarin,ᠮᠠᠨᠵᡠ ᡥᡝᡵᡤᡝᠨ Manju Hergen,"Takekoshi 竹越, Takeshi 孝. (2011). 『兼滿漢語滿洲套話清文啓蒙』満洲文字注音一覧表. KOTONOHA, (101).","Takekoshi 竹越, Takeshi 孝. (2011). 『兼滿漢語滿洲套話清文啓蒙』満洲文字注音一覧表. KOTONOHA, (101). Data extracted from the Qing instructional source 兼滿漢語滿洲套話清文啓蒙 (1763).",『兼滿漢語滿洲套話清文啓蒙』満洲文字注音一覧表,竹越 孝 / Takekoshi Takeshi,2011,兼滿漢語滿洲套話清文啓蒙,1763,交,giyao,ᡤᡳᠶᠠᠣ,qijao,j,iao,,6,交 giyao,交
manju-hergen-takekoshi-2011,mandarin,Mandarin,Manchu script transcription of Mandarin,ᠮᠠᠨᠵᡠ ᡥᡝᡵᡤᡝᠨ Manju Hergen,"Takekoshi 竹越, Takeshi 孝. (2011). 『兼滿漢語滿洲套話清文啓蒙』満洲文字注音一覧表. KOTONOHA, (101).","Takekoshi 竹越, Takeshi 孝. (2011). 『兼滿漢語滿洲套話清文啓蒙』満洲文字注音一覧表. KOTONOHA, (101). Data extracted from the Qing instructional source 兼滿漢語滿洲套話清文啓蒙 (1763).",『兼滿漢語滿洲套話清文啓蒙』満洲文字注音一覧表,竹越 孝 / Takekoshi Takeshi,2011,兼滿漢語滿洲套話清文啓蒙,1763,較,giyao,ᡤᡳᠶᠠᠣ,qijao,j,iao,,6,較 giyao,較
manju-hergen-takekoshi-2011,mandarin,Mandarin,Manchu script transcription of Mandarin,ᠮᠠᠨᠵᡠ ᡥᡝᡵᡤᡝᠨ Manju Hergen,"Takekoshi 竹越, Takeshi 孝. (2011). 『兼滿漢語滿洲套話清文啓蒙』満洲文字注音一覧表. KOTONOHA, (101).","Takekoshi 竹越, Takeshi 孝. (2011). 『兼滿漢語滿洲套話清文啓蒙』満洲文字注音一覧表. KOTONOHA, (101). Data extracted from the Qing instructional source 兼滿漢語滿洲套話清文啓蒙 (1763).",『兼滿漢語滿洲套話清文啓蒙』満洲文字注音一覧表,竹越 孝 / Takekoshi Takeshi,2011,兼滿漢語滿洲套話清文啓蒙,1763,嚼,giyao,ᡤᡳᠶᠠᠣ,qijao,j,iao,,6,嚼 giyao,嚼
manju-hergen-takekoshi-2011,mandarin,Mandarin,Manchu script transcription of Mandarin,ᠮᠠᠨᠵᡠ ᡥᡝᡵᡤᡝᠨ Manju Hergen,"Takekoshi 竹越, Takeshi 孝. (2011). 『兼滿漢語滿洲套話清文啓蒙』満洲文字注音一覧表. KOTONOHA, (101).","Takekoshi 竹越, Takeshi 孝. (2011). 『兼滿漢語滿洲套話清文啓蒙』満洲文字注音一覧表. KOTONOHA, (101). Data extracted from the Qing instructional source 兼滿漢語滿洲套話清文啓蒙 (1763).",『兼滿漢語滿洲套話清文啓蒙』満洲文字注音一覧表,竹越 孝 / Takekoshi Takeshi,2011,兼滿漢語滿洲套話清文啓蒙,1763,脚,giyoo,ᡤᡳᠶᠣᠣ,qijoo,j,iao,,6,脚 giyoo,脚
manju-hergen-takekoshi-2011,mandarin,Mandarin,Manchu script transcription of Mandarin,ᠮᠠᠨᠵᡠ ᡥᡝᡵᡤᡝᠨ Manju Hergen,"Takekoshi 竹越, Takeshi 孝. (2011). 『兼滿漢語滿洲套話清文啓蒙』満洲文字注音一覧表. KOTONOHA, (101).","Takekoshi 竹越, Takeshi 孝. (2011). 『兼滿漢語滿洲套話清文啓蒙』満洲文字注音一覧表. KOTONOHA, (101). Data extracted from the Qing instructional source 兼滿漢語滿洲套話清文啓蒙 (1763).",『兼滿漢語滿洲套話清文啓蒙』満洲文字注音一覧表,竹越 孝 / Takekoshi Takeshi,2011,兼滿漢語滿洲套話清文啓蒙,1763,轎,giyoo,ᡤᡳᠶᠣᠣ,qijoo,j,iao,,6,轎 giyoo,轎
manju-hergen-takekoshi-2011,mandarin,Mandarin,Manchu script transcription of Mandarin,ᠮᠠᠨᠵᡠ ᡥᡝᡵᡤᡝᠨ Manju Hergen,"Takekoshi 竹越, Takeshi 孝. (2011). 『兼滿漢語滿洲套話清文啓蒙』満洲文字注音一覧表. KOTONOHA, (101).","Takekoshi 竹越, Takeshi 孝. (2011). 『兼滿漢語滿洲套話清文啓蒙』満洲文字注音一覧表. KOTONOHA, (101). Data extracted from the Qing instructional source 兼滿漢語滿洲套話清文啓蒙 (1763).",『兼滿漢語滿洲套話清文啓蒙』満洲文字注音一覧表,竹越 孝 / Takekoshi Takeshi,2011,兼滿漢語滿洲套話清文啓蒙,1763,睄,kiyoo,ᡴᡳᠶᠣᠣ,qʰijoo,q,iao,9,6,睄 kiyoo 9,睄
manju-hergen-takekoshi-2011,mandarin,Mandarin,Manchu script transcription of Mandarin,ᠮᠠᠨᠵᡠ ᡥᡝᡵᡤᡝᠨ Manju Hergen,"Takekoshi 竹越, Takeshi 孝. (2011). 『兼滿漢語滿洲套話清文啓蒙』満洲文字注音一覧表. KOTONOHA, (101).","Takekoshi 竹越, Takeshi 孝. (2011). 『兼滿漢語滿洲套話清文啓蒙』満洲文字注音一覧表. KOTONOHA, (101). Data extracted from the Qing instructional source 兼滿漢語滿洲套話清文啓蒙 (1763).",『兼滿漢語滿洲套話清文啓蒙』満洲文字注音一覧表,竹越 孝 / Takekoshi Takeshi,2011,兼滿漢語滿洲套話清文啓蒙,1763,巧,kiyao,ᡴᡳᠶᠠᠣ,qʰijao,q,iao,,6,巧 kiyao / kiyoo,巧
manju-hergen-takekoshi-2011,mandarin,Mandarin,Manchu script transcription of Mandarin,ᠮᠠᠨᠵᡠ ᡥᡝᡵᡤᡝᠨ Manju Hergen,"Takekoshi 竹越, Takeshi 孝. (2011). 『兼滿漢語滿洲套話清文啓蒙』満洲文字注音一覧表. KOTONOHA, (101).","Takekoshi 竹越, Takeshi 孝. (2011). 『兼滿漢語滿洲套話清文啓蒙』満洲文字注音一覧表. KOTONOHA, (101). Data extracted from the Qing instructional source 兼滿漢語滿洲套話清文啓蒙 (1763).",『兼滿漢語滿洲套話清文啓蒙』満洲文字注音一覧表,竹越 孝 / Takekoshi Takeshi,2011,兼滿漢語滿洲套話清文啓蒙,1763,巧,kiyoo,ᡴᡳᠶᠣᠣ,qʰijoo,q,iao,,6,巧 kiyao / kiyoo,巧
manju-hergen-takekoshi-2011,mandarin,Mandarin,Manchu script transcription of Mandarin,ᠮᠠᠨᠵᡠ ᡥᡝᡵᡤᡝᠨ Manju Hergen,"Takekoshi 竹越, Takeshi 孝. (2011). 『兼滿漢語滿洲套話清文啓蒙』満洲文字注音一覧表. KOTONOHA, (101).","Takekoshi 竹越, Takeshi 孝. (2011). 『兼滿漢語滿洲套話清文啓蒙』満洲文字注音一覧表. KOTONOHA, (101). Data extracted from the Qing instructional source 兼滿漢語滿洲套話清文啓蒙 (1763).",『兼滿漢語滿洲套話清文啓蒙』満洲文字注音一覧表,竹越 孝 / Takekoshi Takeshi,2011,兼滿漢語滿洲套話清文啓蒙,1763,悄,kiyoo,ᡴᡳᠶᠣᠣ,qʰijoo,q,iao,,6,悄 kiyoo,悄
manju-hergen-takekoshi-2011,mandarin,Mandarin,Manchu script transcription of Mandarin,ᠮᠠᠨᠵᡠ ᡥᡝᡵᡤᡝᠨ Manju Hergen,"Takekoshi 竹越, Takeshi 孝. (2011). 『兼滿漢語滿洲套話清文啓蒙』満洲文字注音一覧表. KOTONOHA, (101).","Takekoshi 竹越, Takeshi 孝. (2011). 『兼滿漢語滿洲套話清文啓蒙』満洲文字注音一覧表. KOTONOHA, (101). Data extracted from the Qing instructional source 兼滿漢語滿洲套話清文啓蒙 (1763).",『兼滿漢語滿洲套話清文啓蒙』満洲文字注音一覧表,竹越 孝 / Takekoshi Takeshi,2011,兼滿漢語滿洲套話清文啓蒙,1763,喬,kiyoo,ᡴᡳᠶᠣᠣ,qʰijoo,q,iao,,6,喬 kiyoo,喬
manju-hergen-takekoshi-2011,mandarin,Mandarin,Manchu script transcription of Mandarin,ᠮᠠᠨᠵᡠ ᡥᡝᡵᡤᡝᠨ Manju Hergen,"Takekoshi 竹越, Takeshi 孝. (2011). 『兼滿漢語滿洲套話清文啓蒙』満洲文字注音一覧表. KOTONOHA, (101).","Takekoshi 竹越, Takeshi 孝. (2011). 『兼滿漢語滿洲套話清文啓蒙』満洲文字注音一覧表. KOTONOHA, (101). Data extracted from the Qing instructional source 兼滿漢語滿洲套話清文啓蒙 (1763).",『兼滿漢語滿洲套話清文啓蒙』満洲文字注音一覧表,竹越 孝 / Takekoshi Takeshi,2011,兼滿漢語滿洲套話清文啓蒙,1763,小,siyao,ᠰᡳᠶᠠᠣ,sijao,x,iao,2,6,小 siyao 2 / siyoo 15,小
manju-hergen-takekoshi-2011,mandarin,Mandarin,Manchu script transcription of Mandarin,ᠮᠠᠨᠵᡠ ᡥᡝᡵᡤᡝᠨ Manju Hergen,"Takekoshi 竹越, Takeshi 孝. (2011). 『兼滿漢語滿洲套話清文啓蒙』満洲文字注音一覧表. KOTONOHA, (101).","Takekoshi 竹越, Takeshi 孝. (2011). 『兼滿漢語滿洲套話清文啓蒙』満洲文字注音一覧表. KOTONOHA, (101). Data extracted from the Qing instructional source 兼滿漢語滿洲套話清文啓蒙 (1763).",『兼滿漢語滿洲套話清文啓蒙』満洲文字注音一覧表,竹越 孝 / Takekoshi Takeshi,2011,兼滿漢語滿洲套話清文啓蒙,1763,小,siyoo,ᠰᡳᠶᠣᠣ,sijoo,x,iao,15,6,小 siyao 2 / siyoo 15,小
manju-hergen-takekoshi-2011,mandarin,Mandarin,Manchu script transcription of Mandarin,ᠮᠠᠨᠵᡠ ᡥᡝᡵᡤᡝᠨ Manju Hergen,"Takekoshi 竹越, Takeshi 孝. (2011). 『兼滿漢語滿洲套話清文啓蒙』満洲文字注音一覧表. KOTONOHA, (101).","Takekoshi 竹越, Takeshi 孝. (2011). 『兼滿漢語滿洲套話清文啓蒙』満洲文字注音一覧表. KOTONOHA, (101). Data extracted from the Qing instructional source 兼滿漢語滿洲套話清文啓蒙 (1763).",『兼滿漢語滿洲套話清文啓蒙』満洲文字注音一覧表,竹越 孝 / Takekoshi Takeshi,2011,兼滿漢語滿洲套話清文啓蒙,1763,笑,hiyao,ᡥᡳᠶᠠᠣ,χijao,x,iao,,6,笑 hiyao / hiyoo 2,笑
manju-hergen-takekoshi-2011,mandarin,Mandarin,Manchu script transcription of Mandarin,ᠮᠠᠨᠵᡠ ᡥᡝᡵᡤᡝᠨ Manju Hergen,"Takekoshi 竹越, Takeshi 孝. (2011). 『兼滿漢語滿洲套話清文啓蒙』満洲文字注音一覧表. KOTONOHA, (101).","Takekoshi 竹越, Takeshi 孝. (2011). 『兼滿漢語滿洲套話清文啓蒙』満洲文字注音一覧表. KOTONOHA, (101). Data extracted from the Qing instructional source 兼滿漢語滿洲套話清文啓蒙 (1763).",『兼滿漢語滿洲套話清文啓蒙』満洲文字注音一覧表,竹越 孝 / Takekoshi Takeshi,2011,兼滿漢語滿洲套話清文啓蒙,1763,笑,hiyoo,ᡥᡳᠶᠣᠣ,χijoo,x,iao,2,6,笑 hiyao / hiyoo 2,笑
manju-hergen-takekoshi-2011,mandarin,Mandarin,Manchu script transcription of Mandarin,ᠮᠠᠨᠵᡠ ᡥᡝᡵᡤᡝᠨ Manju Hergen,"Takekoshi 竹越, Takeshi 孝. (2011). 『兼滿漢語滿洲套話清文啓蒙』満洲文字注音一覧表. KOTONOHA, (101).","Takekoshi 竹越, Takeshi 孝. (2011). 『兼滿漢語滿洲套話清文啓蒙』満洲文字注音一覧表. KOTONOHA, (101). Data extracted from the Qing instructional source 兼滿漢語滿洲套話清文啓蒙 (1763).",『兼滿漢語滿洲套話清文啓蒙』満洲文字注音一覧表,竹越 孝 / Takekoshi Takeshi,2011,兼滿漢語滿洲套話清文啓蒙,1763,消,siyoo,ᠰᡳᠶᠣᠣ,sijoo,x,iao,,6,消 siyoo,消
manju-hergen-takekoshi-2011,mandarin,Mandarin,Manchu script transcription of Mandarin,ᠮᠠᠨᠵᡠ ᡥᡝᡵᡤᡝᠨ Manju Hergen,"Takekoshi 竹越, Takeshi 孝. (2011). 『兼滿漢語滿洲套話清文啓蒙』満洲文字注音一覧表. KOTONOHA, (101).","Takekoshi 竹越, Takeshi 孝. (2011). 『兼滿漢語滿洲套話清文啓蒙』満洲文字注音一覧表. KOTONOHA, (101). Data extracted from the Qing instructional source 兼滿漢語滿洲套話清文啓蒙 (1763).",『兼滿漢語滿洲套話清文啓蒙』満洲文字注音一覧表,竹越 孝 / Takekoshi Takeshi,2011,兼滿漢語滿洲套話清文啓蒙,1763,暁,hiyao,ᡥᡳᠶᠠᠣ,χijao,x,iao,,6,暁 hiyao,暁
manju-hergen-takekoshi-2011,mandarin,Mandarin,Manchu script transcription of Mandarin,ᠮᠠᠨᠵᡠ ᡥᡝᡵᡤᡝᠨ Manju Hergen,"Takekoshi 竹越, Takeshi 孝. (2011). 『兼滿漢語滿洲套話清文啓蒙』満洲文字注音一覧表. KOTONOHA, (101).","Takekoshi 竹越, Takeshi 孝. (2011). 『兼滿漢語滿洲套話清文啓蒙』満洲文字注音一覧表. KOTONOHA, (101). Data extracted from the Qing instructional source 兼滿漢語滿洲套話清文啓蒙 (1763).",『兼滿漢語滿洲套話清文啓蒙』満洲文字注音一覧表,竹越 孝 / Takekoshi Takeshi,2011,兼滿漢語滿洲套話清文啓蒙,1763,効,hiyao,ᡥᡳᠶᠠᠣ,χijao,x,iao,,6,効 hiyao,効
manju-hergen-takekoshi-2011,mandarin,Mandarin,Manchu script transcription of Mandarin,ᠮᠠᠨᠵᡠ ᡥᡝᡵᡤᡝᠨ Manju Hergen,"Takekoshi 竹越, Takeshi 孝. (2011). 『兼滿漢語滿洲套話清文啓蒙』満洲文字注音一覧表. KOTONOHA, (101).","Takekoshi 竹越, Takeshi 孝. (2011). 『兼滿漢語滿洲套話清文啓蒙』満洲文字注音一覧表. KOTONOHA, (101). Data extracted from the Qing instructional source 兼滿漢語滿洲套話清文啓蒙 (1763).",『兼滿漢語滿洲套話清文啓蒙』満洲文字注音一覧表,竹越 孝 / Takekoshi Takeshi,2011,兼滿漢語滿洲套話清文啓蒙,1763,要,yao,ᠶᠠᠣ,jao,y,iao,55,6,要 yao 55,要
manju-hergen-takekoshi-2011,mandarin,Mandarin,Manchu script transcription of Mandarin,ᠮᠠᠨᠵᡠ ᡥᡝᡵᡤᡝᠨ Manju Hergen,"Takekoshi 竹越, Takeshi 孝. (2011). 『兼滿漢語滿洲套話清文啓蒙』満洲文字注音一覧表. KOTONOHA, (101).","Takekoshi 竹越, Takeshi 孝. (2011). 『兼滿漢語滿洲套話清文啓蒙』満洲文字注音一覧表. KOTONOHA, (101). Data extracted from the Qing instructional source 兼滿漢語滿洲套話清文啓蒙 (1763).",『兼滿漢語滿洲套話清文啓蒙』満洲文字注音一覧表,竹越 孝 / Takekoshi Takeshi,2011,兼滿漢語滿洲套話清文啓蒙,1763,薬,yo,ᠶᠣ,jo,y,iao,3,6,薬 yo 3,薬
manju-hergen-takekoshi-2011,mandarin,Mandarin,Manchu script transcription of Mandarin,ᠮᠠᠨᠵᡠ ᡥᡝᡵᡤᡝᠨ Manju Hergen,"Takekoshi 竹越, Takeshi 孝. (2011). 『兼滿漢語滿洲套話清文啓蒙』満洲文字注音一覧表. KOTONOHA, (101).","Takekoshi 竹越, Takeshi 孝. (2011). 『兼滿漢語滿洲套話清文啓蒙』満洲文字注音一覧表. KOTONOHA, (101). Data extracted from the Qing instructional source 兼滿漢語滿洲套話清文啓蒙 (1763).",『兼滿漢語滿洲套話清文啓蒙』満洲文字注音一覧表,竹越 孝 / Takekoshi Takeshi,2011,兼滿漢語滿洲套話清文啓蒙,1763,斗,deo,ᡩᡝᠣ,təo,d,ou,,7,斗 deo,斗
manju-hergen-takekoshi-2011,mandarin,Mandarin,Manchu script transcription of Mandarin,ᠮᠠᠨᠵᡠ ᡥᡝᡵᡤᡝᠨ Manju Hergen,"Takekoshi 竹越, Takeshi 孝. (2011). 『兼滿漢語滿洲套話清文啓蒙』満洲文字注音一覧表. KOTONOHA, (101).","Takekoshi 竹越, Takeshi 孝. (2011). 『兼滿漢語滿洲套話清文啓蒙』満洲文字注音一覧表. KOTONOHA, (101). Data extracted from the Qing instructional source 兼滿漢語滿洲套話清文啓蒙 (1763).",『兼滿漢語滿洲套話清文啓蒙』満洲文字注音一覧表,竹越 孝 / Takekoshi Takeshi,2011,兼滿漢語滿洲套話清文啓蒙,1763,頭,teo,ᡨᡝᠣ,tʰəo,t,ou,25,7,頭 teo 25,頭
manju-hergen-takekoshi-2011,mandarin,Mandarin,Manchu script transcription of Mandarin,ᠮᠠᠨᠵᡠ ᡥᡝᡵᡤᡝᠨ Manju Hergen,"Takekoshi 竹越, Takeshi 孝. (2011). 『兼滿漢語滿洲套話清文啓蒙』満洲文字注音一覧表. KOTONOHA, (101).","Takekoshi 竹越, Takeshi 孝. (2011). 『兼滿漢語滿洲套話清文啓蒙』満洲文字注音一覧表. KOTONOHA, (101). Data extracted from the Qing instructional source 兼滿漢語滿洲套話清文啓蒙 (1763).",『兼滿漢語滿洲套話清文啓蒙』満洲文字注音一覧表,竹越 孝 / Takekoshi Takeshi,2011,兼滿漢語滿洲套話清文啓蒙,1763,偸,teo,ᡨᡝᠣ,tʰəo,t,ou,,7,偸 teo,偸
manju-hergen-takekoshi-2011,mandarin,Mandarin,Manchu script transcription of Mandarin,ᠮᠠᠨᠵᡠ ᡥᡝᡵᡤᡝᠨ Manju Hergen,"Takekoshi 竹越, Takeshi 孝. (2011). 『兼滿漢語滿洲套話清文啓蒙』満洲文字注音一覧表. KOTONOHA, (101).","Takekoshi 竹越, Takeshi 孝. (2011). 『兼滿漢語滿洲套話清文啓蒙』満洲文字注音一覧表. KOTONOHA, (101). Data extracted from the Qing instructional source 兼滿漢語滿洲套話清文啓蒙 (1763).",『兼滿漢語滿洲套話清文啓蒙』満洲文字注音一覧表,竹越 孝 / Takekoshi Takeshi,2011,兼滿漢語滿洲套話清文啓蒙,1763,楼,leo,ᠯᡝᠣ,ləo,l,ou,,7,楼 leo,楼
manju-hergen-takekoshi-2011,mandarin,Mandarin,Manchu script transcription of Mandarin,ᠮᠠᠨᠵᡠ ᡥᡝᡵᡤᡝᠨ Manju Hergen,"Takekoshi 竹越, Takeshi 孝. (2011). 『兼滿漢語滿洲套話清文啓蒙』満洲文字注音一覧表. KOTONOHA, (101).","Takekoshi 竹越, Takeshi 孝. (2011). 『兼滿漢語滿洲套話清文啓蒙』満洲文字注音一覧表. KOTONOHA, (101). Data extracted from the Qing instructional source 兼滿漢語滿洲套話清文啓蒙 (1763).",『兼滿漢語滿洲套話清文啓蒙』満洲文字注音一覧表,竹越 孝 / Takekoshi Takeshi,2011,兼滿漢語滿洲套話清文啓蒙,1763,走,dzeo,ᡯᡝᠣ,tsəo,z,ou,16,7,走 dzeo 16 / dzao,走
manju-hergen-takekoshi-2011,mandarin,Mandarin,Manchu script transcription of Mandarin,ᠮᠠᠨᠵᡠ ᡥᡝᡵᡤᡝᠨ Manju Hergen,"Takekoshi 竹越, Takeshi 孝. (2011). 『兼滿漢語滿洲套話清文啓蒙』満洲文字注音一覧表. KOTONOHA, (101).","Takekoshi 竹越, Takeshi 孝. (2011). 『兼滿漢語滿洲套話清文啓蒙』満洲文字注音一覧表. KOTONOHA, (101). Data extracted from the Qing instructional source 兼滿漢語滿洲套話清文啓蒙 (1763).",『兼滿漢語滿洲套話清文啓蒙』満洲文字注音一覧表,竹越 孝 / Takekoshi Takeshi,2011,兼滿漢語滿洲套話清文啓蒙,1763,走,dzao,ᡯᠠᠣ,tsao,z,ou,,7,走 dzeo 16 / dzao,走
manju-hergen-takekoshi-2011,mandarin,Mandarin,Manchu script transcription of Mandarin,ᠮᠠᠨᠵᡠ ᡥᡝᡵᡤᡝᠨ Manju Hergen,"Takekoshi 竹越, Takeshi 孝. (2011). 『兼滿漢語滿洲套話清文啓蒙』満洲文字注音一覧表. KOTONOHA, (101).","Takekoshi 竹越, Takeshi 孝. (2011). 『兼滿漢語滿洲套話清文啓蒙』満洲文字注音一覧表. KOTONOHA, (101). Data extracted from the Qing instructional source 兼滿漢語滿洲套話清文啓蒙 (1763).",『兼滿漢語滿洲套話清文啓蒙』満洲文字注音一覧表,竹越 孝 / Takekoshi Takeshi,2011,兼滿漢語滿洲套話清文啓蒙,1763,受,šeo,ᡧᡝᠣ,ʃəo,sh,ou,9,7,受 šeo 9,受
manju-hergen-takekoshi-2011,mandarin,Mandarin,Manchu script transcription of Mandarin,ᠮᠠᠨᠵᡠ ᡥᡝᡵᡤᡝᠨ Manju Hergen,"Takekoshi 竹越, Takeshi 孝. (2011). 『兼滿漢語滿洲套話清文啓蒙』満洲文字注音一覧表. KOTONOHA, (101).","Takekoshi 竹越, Takeshi 孝. (2011). 『兼滿漢語滿洲套話清文啓蒙』満洲文字注音一覧表. KOTONOHA, (101). Data extracted from the Qing instructional source 兼滿漢語滿洲套話清文啓蒙 (1763).",『兼滿漢語滿洲套話清文啓蒙』満洲文字注音一覧表,竹越 孝 / Takekoshi Takeshi,2011,兼滿漢語滿洲套話清文啓蒙,1763,収,šeo,ᡧᡝᠣ,ʃəo,sh,ou,7,7,収 šeo 7,収
manju-hergen-takekoshi-2011,mandarin,Mandarin,Manchu script transcription of Mandarin,ᠮᠠᠨᠵᡠ ᡥᡝᡵᡤᡝᠨ Manju Hergen,"Takekoshi 竹越, Takeshi 孝. (2011). 『兼滿漢語滿洲套話清文啓蒙』満洲文字注音一覧表. KOTONOHA, (101).","Takekoshi 竹越, Takeshi 孝. (2011). 『兼滿漢語滿洲套話清文啓蒙』満洲文字注音一覧表. KOTONOHA, (101). Data extracted from the Qing instructional source 兼滿漢語滿洲套話清文啓蒙 (1763).",『兼滿漢語滿洲套話清文啓蒙』満洲文字注音一覧表,竹越 孝 / Takekoshi Takeshi,2011,兼滿漢語滿洲套話清文啓蒙,1763,手,šeo,ᡧᡝᠣ,ʃəo,sh,ou,3,7,手 šeo 3,手
manju-hergen-takekoshi-2011,mandarin,Mandarin,Manchu script transcription of Mandarin,ᠮᠠᠨᠵᡠ ᡥᡝᡵᡤᡝᠨ Manju Hergen,"Takekoshi 竹越, Takeshi 孝. (2011). 『兼滿漢語滿洲套話清文啓蒙』満洲文字注音一覧表. KOTONOHA, (101).","Takekoshi 竹越, Takeshi 孝. (2011). 『兼滿漢語滿洲套話清文啓蒙』満洲文字注音一覧表. KOTONOHA, (101). Data extracted from the Qing instructional source 兼滿漢語滿洲套話清文啓蒙 (1763).",『兼滿漢語滿洲套話清文啓蒙』満洲文字注音一覧表,竹越 孝 / Takekoshi Takeshi,2011,兼滿漢語滿洲套話清文啓蒙,1763,寿,šeo,ᡧᡝᠣ,ʃəo,sh,ou,,7,寿 šeo,寿
manju-hergen-takekoshi-2011,mandarin,Mandarin,Manchu script transcription of Mandarin,ᠮᠠᠨᠵᡠ ᡥᡝᡵᡤᡝᠨ Manju Hergen,"Takekoshi 竹越, Takeshi 孝. (2011). 『兼滿漢語滿洲套話清文啓蒙』満洲文字注音一覧表. KOTONOHA, (101).","Takekoshi 竹越, Takeshi 孝. (2011). 『兼滿漢語滿洲套話清文啓蒙』満洲文字注音一覧表. KOTONOHA, (101). Data extracted from the Qing instructional source 兼滿漢語滿洲套話清文啓蒙 (1763).",『兼滿漢語滿洲套話清文啓蒙』満洲文字注音一覧表,竹越 孝 / Takekoshi Takeshi,2011,兼滿漢語滿洲套話清文啓蒙,1763,守,šeo,ᡧᡝᠣ,ʃəo,sh,ou,,7,守 šeo,守
manju-hergen-takekoshi-2011,mandarin,Mandarin,Manchu script transcription of Mandarin,ᠮᠠᠨᠵᡠ ᡥᡝᡵᡤᡝᠨ Manju Hergen,"Takekoshi 竹越, Takeshi 孝. (2011). 『兼滿漢語滿洲套話清文啓蒙』満洲文字注音一覧表. KOTONOHA, (101).","Takekoshi 竹越, Takeshi 孝. (2011). 『兼滿漢語滿洲套話清文啓蒙』満洲文字注音一覧表. KOTONOHA, (101). Data extracted from the Qing instructional source 兼滿漢語滿洲套話清文啓蒙 (1763).",『兼滿漢語滿洲套話清文啓蒙』満洲文字注音一覧表,竹越 孝 / Takekoshi Takeshi,2011,兼滿漢語滿洲套話清文啓蒙,1763,洲,jeo,ᠵᡝᠣ,tʃəo,zh,ou,3,7,洲 jeo 3,洲
manju-hergen-takekoshi-2011,mandarin,Mandarin,Manchu script transcription of Mandarin,ᠮᠠᠨᠵᡠ ᡥᡝᡵᡤᡝᠨ Manju Hergen,"Takekoshi 竹越, Takeshi 孝. (2011). 『兼滿漢語滿洲套話清文啓蒙』満洲文字注音一覧表. KOTONOHA, (101).","Takekoshi 竹越, Takeshi 孝. (2011). 『兼滿漢語滿洲套話清文啓蒙』満洲文字注音一覧表. KOTONOHA, (101). Data extracted from the Qing instructional source 兼滿漢語滿洲套話清文啓蒙 (1763).",『兼滿漢語滿洲套話清文啓蒙』満洲文字注音一覧表,竹越 孝 / Takekoshi Takeshi,2011,兼滿漢語滿洲套話清文啓蒙,1763,周,jeo,ᠵᡝᠣ,tʃəo,zh,ou,,7,周 jeo,周
manju-hergen-takekoshi-2011,mandarin,Mandarin,Manchu script transcription of Mandarin,ᠮᠠᠨᠵᡠ ᡥᡝᡵᡤᡝᠨ Manju Hergen,"Takekoshi 竹越, Takeshi 孝. (2011). 『兼滿漢語滿洲套話清文啓蒙』満洲文字注音一覧表. KOTONOHA, (101).","Takekoshi 竹越, Takeshi 孝. (2011). 『兼滿漢語滿洲套話清文啓蒙』満洲文字注音一覧表. KOTONOHA, (101). Data extracted from the Qing instructional source 兼滿漢語滿洲套話清文啓蒙 (1763).",『兼滿漢語滿洲套話清文啓蒙』満洲文字注音一覧表,竹越 孝 / Takekoshi Takeshi,2011,兼滿漢語滿洲套話清文啓蒙,1763,稠,ceo,ᠴᡝᠣ,tʃʰəo,ch,ou,2,7,稠 ceo 2,稠
manju-hergen-takekoshi-2011,mandarin,Mandarin,Manchu script transcription of Mandarin,ᠮᠠᠨᠵᡠ ᡥᡝᡵᡤᡝᠨ Manju Hergen,"Takekoshi 竹越, Takeshi 孝. (2011). 『兼滿漢語滿洲套話清文啓蒙』満洲文字注音一覧表. KOTONOHA, (101).","Takekoshi 竹越, Takeshi 孝. (2011). 『兼滿漢語滿洲套話清文啓蒙』満洲文字注音一覧表. KOTONOHA, (101). Data extracted from the Qing instructional source 兼滿漢語滿洲套話清文啓蒙 (1763).",『兼滿漢語滿洲套話清文啓蒙』満洲文字注音一覧表,竹越 孝 / Takekoshi Takeshi,2011,兼滿漢語滿洲套話清文啓蒙,1763,肉,žeo,ᡰᡝᠣ,ʐəo,r,ou,6,7,肉 žeo 6,肉
manju-hergen-takekoshi-2011,mandarin,Mandarin,Manchu script transcription of Mandarin,ᠮᠠᠨᠵᡠ ᡥᡝᡵᡤᡝᠨ Manju Hergen,"Takekoshi 竹越, Takeshi 孝. (2011). 『兼滿漢語滿洲套話清文啓蒙』満洲文字注音一覧表. KOTONOHA, (101).","Takekoshi 竹越, Takeshi 孝. (2011). 『兼滿漢語滿洲套話清文啓蒙』満洲文字注音一覧表. KOTONOHA, (101). Data extracted from the Qing instructional source 兼滿漢語滿洲套話清文啓蒙 (1763).",『兼滿漢語滿洲套話清文啓蒙』満洲文字注音一覧表,竹越 孝 / Takekoshi Takeshi,2011,兼滿漢語滿洲套話清文啓蒙,1763,口,keo,ᡴᡝᠣ,kʰəo,k,ou,10,7,口 keo 10,口
manju-hergen-takekoshi-2011,mandarin,Mandarin,Manchu script transcription of Mandarin,ᠮᠠᠨᠵᡠ ᡥᡝᡵᡤᡝᠨ Manju Hergen,"Takekoshi 竹越, Takeshi 孝. (2011). 『兼滿漢語滿洲套話清文啓蒙』満洲文字注音一覧表. KOTONOHA, (101).","Takekoshi 竹越, Takeshi 孝. (2011). 『兼滿漢語滿洲套話清文啓蒙』満洲文字注音一覧表. KOTONOHA, (101). Data extracted from the Qing instructional source 兼滿漢語滿洲套話清文啓蒙 (1763).",『兼滿漢語滿洲套話清文啓蒙』満洲文字注音一覧表,竹越 孝 / Takekoshi Takeshi,2011,兼滿漢語滿洲套話清文啓蒙,1763,候,heo,ᡥᡝᠣ,xəo,h,ou,20,7,候 heo 20,候
manju-hergen-takekoshi-2011,mandarin,Mandarin,Manchu script transcription of Mandarin,ᠮᠠᠨᠵᡠ ᡥᡝᡵᡤᡝᠨ Manju Hergen,"Takekoshi 竹越, Takeshi 孝. (2011). 『兼滿漢語滿洲套話清文啓蒙』満洲文字注音一覧表. KOTONOHA, (101).","Takekoshi 竹越, Takeshi 孝. (2011). 『兼滿漢語滿洲套話清文啓蒙』満洲文字注音一覧表. KOTONOHA, (101). Data extracted from the Qing instructional source 兼滿漢語滿洲套話清文啓蒙 (1763).",『兼滿漢語滿洲套話清文啓蒙』満洲文字注音一覧表,竹越 孝 / Takekoshi Takeshi,2011,兼滿漢語滿洲套話清文啓蒙,1763,後,heo,ᡥᡝᠣ,xəo,h,ou,18,7,後 heo 18,後
manju-hergen-takekoshi-2011,mandarin,Mandarin,Manchu script transcription of Mandarin,ᠮᠠᠨᠵᡠ ᡥᡝᡵᡤᡝᠨ Manju Hergen,"Takekoshi 竹越, Takeshi 孝. (2011). 『兼滿漢語滿洲套話清文啓蒙』満洲文字注音一覧表. KOTONOHA, (101).","Takekoshi 竹越, Takeshi 孝. (2011). 『兼滿漢語滿洲套話清文啓蒙』満洲文字注音一覧表. KOTONOHA, (101). Data extracted from the Qing instructional source 兼滿漢語滿洲套話清文啓蒙 (1763).",『兼滿漢語滿洲套話清文啓蒙』満洲文字注音一覧表,竹越 孝 / Takekoshi Takeshi,2011,兼滿漢語滿洲套話清文啓蒙,1763,厚,heo,ᡥᡝᠣ,xəo,h,ou,,7,厚 heo,厚
manju-hergen-takekoshi-2011,mandarin,Mandarin,Manchu script transcription of Mandarin,ᠮᠠᠨᠵᡠ ᡥᡝᡵᡤᡝᠨ Manju Hergen,"Takekoshi 竹越, Takeshi 孝. (2011). 『兼滿漢語滿洲套話清文啓蒙』満洲文字注音一覧表. KOTONOHA, (101).","Takekoshi 竹越, Takeshi 孝. (2011). 『兼滿漢語滿洲套話清文啓蒙』満洲文字注音一覧表. KOTONOHA, (101). Data extracted from the Qing instructional source 兼滿漢語滿洲套話清文啓蒙 (1763).",『兼滿漢語滿洲套話清文啓蒙』満洲文字注音一覧表,竹越 孝 / Takekoshi Takeshi,2011,兼滿漢語滿洲套話清文啓蒙,1763,嘔,eo,ᡝᠣ,əo,∅,ou,3,7,嘔 eo 3,嘔
manju-hergen-takekoshi-2011,mandarin,Mandarin,Manchu script transcription of Mandarin,ᠮᠠᠨᠵᡠ ᡥᡝᡵᡤᡝᠨ Manju Hergen,"Takekoshi 竹越, Takeshi 孝. (2011). 『兼滿漢語滿洲套話清文啓蒙』満洲文字注音一覧表. KOTONOHA, (101).","Takekoshi 竹越, Takeshi 孝. (2011). 『兼滿漢語滿洲套話清文啓蒙』満洲文字注音一覧表. KOTONOHA, (101). Data extracted from the Qing instructional source 兼滿漢語滿洲套話清文啓蒙 (1763).",『兼滿漢語滿洲套話清文啓蒙』満洲文字注音一覧表,竹越 孝 / Takekoshi Takeshi,2011,兼滿漢語滿洲套話清文啓蒙,1763,牛,nio,ᠨᡳᠣ,nio,n,iou,5,7,牛 nio 5,牛
manju-hergen-takekoshi-2011,mandarin,Mandarin,Manchu script transcription of Mandarin,ᠮᠠᠨᠵᡠ ᡥᡝᡵᡤᡝᠨ Manju Hergen,"Takekoshi 竹越, Takeshi 孝. (2011). 『兼滿漢語滿洲套話清文啓蒙』満洲文字注音一覧表. KOTONOHA, (101).","Takekoshi 竹越, Takeshi 孝. (2011). 『兼滿漢語滿洲套話清文啓蒙』満洲文字注音一覧表. KOTONOHA, (101). Data extracted from the Qing instructional source 兼滿漢語滿洲套話清文啓蒙 (1763).",『兼滿漢語滿洲套話清文啓蒙』満洲文字注音一覧表,竹越 孝 / Takekoshi Takeshi,2011,兼滿漢語滿洲套話清文啓蒙,1763,扭,nio,ᠨᡳᠣ,nio,n,iou,,7,扭 nio,扭
manju-hergen-takekoshi-2011,mandarin,Mandarin,Manchu script transcription of Mandarin,ᠮᠠᠨᠵᡠ ᡥᡝᡵᡤᡝᠨ Manju Hergen,"Takekoshi 竹越, Takeshi 孝. (2011). 『兼滿漢語滿洲套話清文啓蒙』満洲文字注音一覧表. KOTONOHA, (101).","Takekoshi 竹越, Takeshi 孝. (2011). 『兼滿漢語滿洲套話清文啓蒙』満洲文字注音一覧表. KOTONOHA, (101). Data extracted from the Qing instructional source 兼滿漢語滿洲套話清文啓蒙 (1763).",『兼滿漢語滿洲套話清文啓蒙』満洲文字注音一覧表,竹越 孝 / Takekoshi Takeshi,2011,兼滿漢語滿洲套話清文啓蒙,1763,留,lio,ᠯᡳᠣ,lio,l,iou,2,7,留 lio 2,留
manju-hergen-takekoshi-2011,mandarin,Mandarin,Manchu script transcription of Mandarin,ᠮᠠᠨᠵᡠ ᡥᡝᡵᡤᡝᠨ Manju Hergen,"Takekoshi 竹越, Takeshi 孝. (2011). 『兼滿漢語滿洲套話清文啓蒙』満洲文字注音一覧表. KOTONOHA, (101).","Takekoshi 竹越, Takeshi 孝. (2011). 『兼滿漢語滿洲套話清文啓蒙』満洲文字注音一覧表. KOTONOHA, (101). Data extracted from the Qing instructional source 兼滿漢語滿洲套話清文啓蒙 (1763).",『兼滿漢語滿洲套話清文啓蒙』満洲文字注音一覧表,竹越 孝 / Takekoshi Takeshi,2011,兼滿漢語滿洲套話清文啓蒙,1763,六,lio,ᠯᡳᠣ,lio,l,iou,2,7,六 lio 2,六
manju-hergen-takekoshi-2011,mandarin,Mandarin,Manchu script transcription of Mandarin,ᠮᠠᠨᠵᡠ ᡥᡝᡵᡤᡝᠨ Manju Hergen,"Takekoshi 竹越, Takeshi 孝. (2011). 『兼滿漢語滿洲套話清文啓蒙』満洲文字注音一覧表. KOTONOHA, (101).","Takekoshi 竹越, Takeshi 孝. (2011). 『兼滿漢語滿洲套話清文啓蒙』満洲文字注音一覧表. KOTONOHA, (101). Data extracted from the Qing instructional source 兼滿漢語滿洲套話清文啓蒙 (1763).",『兼滿漢語滿洲套話清文啓蒙』満洲文字注音一覧表,竹越 孝 / Takekoshi Takeshi,2011,兼滿漢語滿洲套話清文啓蒙,1763,就,gio,ᡤᡳᠣ,qio,j,iou,81,7,就 gio 81,就
manju-hergen-takekoshi-2011,mandarin,Mandarin,Manchu script transcription of Mandarin,ᠮᠠᠨᠵᡠ ᡥᡝᡵᡤᡝᠨ Manju Hergen,"Takekoshi 竹越, Takeshi 孝. (2011). 『兼滿漢語滿洲套話清文啓蒙』満洲文字注音一覧表. KOTONOHA, (101).","Takekoshi 竹越, Takeshi 孝. (2011). 『兼滿漢語滿洲套話清文啓蒙』満洲文字注音一覧表. KOTONOHA, (101). Data extracted from the Qing instructional source 兼滿漢語滿洲套話清文啓蒙 (1763).",『兼滿漢語滿洲套話清文啓蒙』満洲文字注音一覧表,竹越 孝 / Takekoshi Takeshi,2011,兼滿漢語滿洲套話清文啓蒙,1763,酒,gio,ᡤᡳᠣ,qio,j,iou,22,7,酒 gio 22,酒
manju-hergen-takekoshi-2011,mandarin,Mandarin,Manchu script transcription of Mandarin,ᠮᠠᠨᠵᡠ ᡥᡝᡵᡤᡝᠨ Manju Hergen,"Takekoshi 竹越, Takeshi 孝. (2011). 『兼滿漢語滿洲套話清文啓蒙』満洲文字注音一覧表. KOTONOHA, (101).","Takekoshi 竹越, Takeshi 孝. (2011). 『兼滿漢語滿洲套話清文啓蒙』満洲文字注音一覧表. KOTONOHA, (101). Data extracted from the Qing instructional source 兼滿漢語滿洲套話清文啓蒙 (1763).",『兼滿漢語滿洲套話清文啓蒙』満洲文字注音一覧表,竹越 孝 / Takekoshi Takeshi,2011,兼滿漢語滿洲套話清文啓蒙,1763,久,gio,ᡤᡳᠣ,qio,j,iou,5,7,久 gio 5,久
manju-hergen-takekoshi-2011,mandarin,Mandarin,Manchu script transcription of Mandarin,ᠮᠠᠨᠵᡠ ᡥᡝᡵᡤᡝᠨ Manju Hergen,"Takekoshi 竹越, Takeshi 孝. (2011). 『兼滿漢語滿洲套話清文啓蒙』満洲文字注音一覧表. KOTONOHA, (101).","Takekoshi 竹越, Takeshi 孝. (2011). 『兼滿漢語滿洲套話清文啓蒙』満洲文字注音一覧表. KOTONOHA, (101). Data extracted from the Qing instructional source 兼滿漢語滿洲套話清文啓蒙 (1763).",『兼滿漢語滿洲套話清文啓蒙』満洲文字注音一覧表,竹越 孝 / Takekoshi Takeshi,2011,兼滿漢語滿洲套話清文啓蒙,1763,旧,gio,ᡤᡳᠣ,qio,j,iou,5,7,旧 gio 5,旧
manju-hergen-takekoshi-2011,mandarin,Mandarin,Manchu script transcription of Mandarin,ᠮᠠᠨᠵᡠ ᡥᡝᡵᡤᡝᠨ Manju Hergen,"Takekoshi 竹越, Takeshi 孝. (2011). 『兼滿漢語滿洲套話清文啓蒙』満洲文字注音一覧表. KOTONOHA, (101).","Takekoshi 竹越, Takeshi 孝. (2011). 『兼滿漢語滿洲套話清文啓蒙』満洲文字注音一覧表. KOTONOHA, (101). Data extracted from the Qing instructional source 兼滿漢語滿洲套話清文啓蒙 (1763).",『兼滿漢語滿洲套話清文啓蒙』満洲文字注音一覧表,竹越 孝 / Takekoshi Takeshi,2011,兼滿漢語滿洲套話清文啓蒙,1763,九,gio,ᡤᡳᠣ,qio,j,iou,2,7,九 gio 2,九
manju-hergen-takekoshi-2011,mandarin,Mandarin,Manchu script transcription of Mandarin,ᠮᠠᠨᠵᡠ ᡥᡝᡵᡤᡝᠨ Manju Hergen,"Takekoshi 竹越, Takeshi 孝. (2011). 『兼滿漢語滿洲套話清文啓蒙』満洲文字注音一覧表. KOTONOHA, (101).","Takekoshi 竹越, Takeshi 孝. (2011). 『兼滿漢語滿洲套話清文啓蒙』満洲文字注音一覧表. KOTONOHA, (101). Data extracted from the Qing instructional source 兼滿漢語滿洲套話清文啓蒙 (1763).",『兼滿漢語滿洲套話清文啓蒙』満洲文字注音一覧表,竹越 孝 / Takekoshi Takeshi,2011,兼滿漢語滿洲套話清文啓蒙,1763,求,kio,ᡴᡳᠣ,qʰio,q,iou,9,7,求 kio 9,求
manju-hergen-takekoshi-2011,mandarin,Mandarin,Manchu script transcription of Mandarin,ᠮᠠᠨᠵᡠ ᡥᡝᡵᡤᡝᠨ Manju Hergen,"Takekoshi 竹越, Takeshi 孝. (2011). 『兼滿漢語滿洲套話清文啓蒙』満洲文字注音一覧表. KOTONOHA, (101).","Takekoshi 竹越, Takeshi 孝. (2011). 『兼滿漢語滿洲套話清文啓蒙』満洲文字注音一覧表. KOTONOHA, (101). Data extracted from the Qing instructional source 兼滿漢語滿洲套話清文啓蒙 (1763).",『兼滿漢語滿洲套話清文啓蒙』満洲文字注音一覧表,竹越 孝 / Takekoshi Takeshi,2011,兼滿漢語滿洲套話清文啓蒙,1763,修,sio,ᠰᡳᠣ,sio,x,iou,,7,修 sio,修
manju-hergen-takekoshi-2011,mandarin,Mandarin,Manchu script transcription of Mandarin,ᠮᠠᠨᠵᡠ ᡥᡝᡵᡤᡝᠨ Manju Hergen,"Takekoshi 竹越, Takeshi 孝. (2011). 『兼滿漢語滿洲套話清文啓蒙』満洲文字注音一覧表. KOTONOHA, (101).","Takekoshi 竹越, Takeshi 孝. (2011). 『兼滿漢語滿洲套話清文啓蒙』満洲文字注音一覧表. KOTONOHA, (101). Data extracted from the Qing instructional source 兼滿漢語滿洲套話清文啓蒙 (1763).",『兼滿漢語滿洲套話清文啓蒙』満洲文字注音一覧表,竹越 孝 / Takekoshi Takeshi,2011,兼滿漢語滿洲套話清文啓蒙,1763,秀,sio,ᠰᡳᠣ,sio,x,iou,,7,秀 sio,秀
manju-hergen-takekoshi-2011,mandarin,Mandarin,Manchu script transcription of Mandarin,ᠮᠠᠨᠵᡠ ᡥᡝᡵᡤᡝᠨ Manju Hergen,"Takekoshi 竹越, Takeshi 孝. (2011). 『兼滿漢語滿洲套話清文啓蒙』満洲文字注音一覧表. KOTONOHA, (101).","Takekoshi 竹越, Takeshi 孝. (2011). 『兼滿漢語滿洲套話清文啓蒙』満洲文字注音一覧表. KOTONOHA, (101). Data extracted from the Qing instructional source 兼滿漢語滿洲套話清文啓蒙 (1763).",『兼滿漢語滿洲套話清文啓蒙』満洲文字注音一覧表,竹越 孝 / Takekoshi Takeshi,2011,兼滿漢語滿洲套話清文啓蒙,1763,有,io,ᡳᠣ,io,y,iou,128,7,有 io 128,有
manju-hergen-takekoshi-2011,mandarin,Mandarin,Manchu script transcription of Mandarin,ᠮᠠᠨᠵᡠ ᡥᡝᡵᡤᡝᠨ Manju Hergen,"Takekoshi 竹越, Takeshi 孝. (2011). 『兼滿漢語滿洲套話清文啓蒙』満洲文字注音一覧表. KOTONOHA, (101).","Takekoshi 竹越, Takeshi 孝. (2011). 『兼滿漢語滿洲套話清文啓蒙』満洲文字注音一覧表. KOTONOHA, (101). Data extracted from the Qing instructional source 兼滿漢語滿洲套話清文啓蒙 (1763).",『兼滿漢語滿洲套話清文啓蒙』満洲文字注音一覧表,竹越 孝 / Takekoshi Takeshi,2011,兼滿漢語滿洲套話清文啓蒙,1763,友,io,ᡳᠣ,io,y,iou,17,7,友 io 17,友
manju-hergen-takekoshi-2011,mandarin,Mandarin,Manchu script transcription of Mandarin,ᠮᠠᠨᠵᡠ ᡥᡝᡵᡤᡝᠨ Manju Hergen,"Takekoshi 竹越, Takeshi 孝. (2011). 『兼滿漢語滿洲套話清文啓蒙』満洲文字注音一覧表. KOTONOHA, (101).","Takekoshi 竹越, Takeshi 孝. (2011). 『兼滿漢語滿洲套話清文啓蒙』満洲文字注音一覧表. KOTONOHA, (101). Data extracted from the Qing instructional source 兼滿漢語滿洲套話清文啓蒙 (1763).",『兼滿漢語滿洲套話清文啓蒙』満洲文字注音一覧表,竹越 孝 / Takekoshi Takeshi,2011,兼滿漢語滿洲套話清文啓蒙,1763,又,io,ᡳᠣ,io,y,iou,42,7,又 io 42,又
manju-hergen-takekoshi-2011,mandarin,Mandarin,Manchu script transcription of Mandarin,ᠮᠠᠨᠵᡠ ᡥᡝᡵᡤᡝᠨ Manju Hergen,"Takekoshi 竹越, Takeshi 孝. (2011). 『兼滿漢語滿洲套話清文啓蒙』満洲文字注音一覧表. KOTONOHA, (101).","Takekoshi 竹越, Takeshi 孝. (2011). 『兼滿漢語滿洲套話清文啓蒙』満洲文字注音一覧表. KOTONOHA, (101). Data extracted from the Qing instructional source 兼滿漢語滿洲套話清文啓蒙 (1763).",『兼滿漢語滿洲套話清文啓蒙』満洲文字注音一覧表,竹越 孝 / Takekoshi Takeshi,2011,兼滿漢語滿洲套話清文啓蒙,1763,由,io,ᡳᠣ,io,y,iou,6,7,由 io 6,由
manju-hergen-takekoshi-2011,mandarin,Mandarin,Manchu script transcription of Mandarin,ᠮᠠᠨᠵᡠ ᡥᡝᡵᡤᡝᠨ Manju Hergen,"Takekoshi 竹越, Takeshi 孝. (2011). 『兼滿漢語滿洲套話清文啓蒙』満洲文字注音一覧表. KOTONOHA, (101).","Takekoshi 竹越, Takeshi 孝. (2011). 『兼滿漢語滿洲套話清文啓蒙』満洲文字注音一覧表. KOTONOHA, (101). Data extracted from the Qing instructional source 兼滿漢語滿洲套話清文啓蒙 (1763).",『兼滿漢語滿洲套話清文啓蒙』満洲文字注音一覧表,竹越 孝 / Takekoshi Takeshi,2011,兼滿漢語滿洲套話清文啓蒙,1763,遊,io,ᡳᠣ,io,y,iou,2,7,遊 / 游 io 2,遊/游
manju-hergen-takekoshi-2011,mandarin,Mandarin,Manchu script transcription of Mandarin,ᠮᠠᠨᠵᡠ ᡥᡝᡵᡤᡝᠨ Manju Hergen,"Takekoshi 竹越, Takeshi 孝. (2011). 『兼滿漢語滿洲套話清文啓蒙』満洲文字注音一覧表. KOTONOHA, (101).","Takekoshi 竹越, Takeshi 孝. (2011). 『兼滿漢語滿洲套話清文啓蒙』満洲文字注音一覧表. KOTONOHA, (101). Data extracted from the Qing instructional source 兼滿漢語滿洲套話清文啓蒙 (1763).",『兼滿漢語滿洲套話清文啓蒙』満洲文字注音一覧表,竹越 孝 / Takekoshi Takeshi,2011,兼滿漢語滿洲套話清文啓蒙,1763,游,io,ᡳᠣ,io,y,iou,2,7,遊 / 游 io 2,遊/游
manju-hergen-takekoshi-2011,mandarin,Mandarin,Manchu script transcription of Mandarin,ᠮᠠᠨᠵᡠ ᡥᡝᡵᡤᡝᠨ Manju Hergen,"Takekoshi 竹越, Takeshi 孝. (2011). 『兼滿漢語滿洲套話清文啓蒙』満洲文字注音一覧表. KOTONOHA, (101).","Takekoshi 竹越, Takeshi 孝. (2011). 『兼滿漢語滿洲套話清文啓蒙』満洲文字注音一覧表. KOTONOHA, (101). Data extracted from the Qing instructional source 兼滿漢語滿洲套話清文啓蒙 (1763).",『兼滿漢語滿洲套話清文啓蒙』満洲文字注音一覧表,竹越 孝 / Takekoshi Takeshi,2011,兼滿漢語滿洲套話清文啓蒙,1763,幼,io,ᡳᠣ,io,y,iou,,7,幼 io,幼
manju-hergen-takekoshi-2011,mandarin,Mandarin,Manchu script transcription of Mandarin,ᠮᠠᠨᠵᡠ ᡥᡝᡵᡤᡝᠨ Manju Hergen,"Takekoshi 竹越, Takeshi 孝. (2011). 『兼滿漢語滿洲套話清文啓蒙』満洲文字注音一覧表. KOTONOHA, (101).","Takekoshi 竹越, Takeshi 孝. (2011). 『兼滿漢語滿洲套話清文啓蒙』満洲文字注音一覧表. KOTONOHA, (101). Data extracted from the Qing instructional source 兼滿漢語滿洲套話清文啓蒙 (1763).",『兼滿漢語滿洲套話清文啓蒙』満洲文字注音一覧表,竹越 孝 / Takekoshi Takeshi,2011,兼滿漢語滿洲套話清文啓蒙,1763,悠,io,ᡳᠣ,io,y,iou,,7,悠 io,悠
manju-hergen-takekoshi-2011,mandarin,Mandarin,Manchu script transcription of Mandarin,ᠮᠠᠨᠵᡠ ᡥᡝᡵᡤᡝᠨ Manju Hergen,"Takekoshi 竹越, Takeshi 孝. (2011). 『兼滿漢語滿洲套話清文啓蒙』満洲文字注音一覧表. KOTONOHA, (101).","Takekoshi 竹越, Takeshi 孝. (2011). 『兼滿漢語滿洲套話清文啓蒙』満洲文字注音一覧表. KOTONOHA, (101). Data extracted from the Qing instructional source 兼滿漢語滿洲套話清文啓蒙 (1763).",『兼滿漢語滿洲套話清文啓蒙』満洲文字注音一覧表,竹越 孝 / Takekoshi Takeshi,2011,兼滿漢語滿洲套話清文啓蒙,1763,児,el,ᡝᠯ,əl,∅,er,53,7,児 el 53,児
manju-hergen-takekoshi-2011,mandarin,Mandarin,Manchu script transcription of Mandarin,ᠮᠠᠨᠵᡠ ᡥᡝᡵᡤᡝᠨ Manju Hergen,"Takekoshi 竹越, Takeshi 孝. (2011). 『兼滿漢語滿洲套話清文啓蒙』満洲文字注音一覧表. KOTONOHA, (101).","Takekoshi 竹越, Takeshi 孝. (2011). 『兼滿漢語滿洲套話清文啓蒙』満洲文字注音一覧表. KOTONOHA, (101). Data extracted from the Qing instructional source 兼滿漢語滿洲套話清文啓蒙 (1763).",『兼滿漢語滿洲套話清文啓蒙』満洲文字注音一覧表,竹越 孝 / Takekoshi Takeshi,2011,兼滿漢語滿洲套話清文啓蒙,1763,二,el,ᡝᠯ,əl,∅,er,11,7,二 el 11,二
manju-hergen-takekoshi-2011,mandarin,Mandarin,Manchu script transcription of Mandarin,ᠮᠠᠨᠵᡠ ᡥᡝᡵᡤᡝᠨ Manju Hergen,"Takekoshi 竹越, Takeshi 孝. (2011). 『兼滿漢語滿洲套話清文啓蒙』満洲文字注音一覧表. KOTONOHA, (101).","Takekoshi 竹越, Takeshi 孝. (2011). 『兼滿漢語滿洲套話清文啓蒙』満洲文字注音一覧表. KOTONOHA, (101). Data extracted from the Qing instructional source 兼滿漢語滿洲套話清文啓蒙 (1763).",『兼滿漢語滿洲套話清文啓蒙』満洲文字注音一覧表,竹越 孝 / Takekoshi Takeshi,2011,兼滿漢語滿洲套話清文啓蒙,1763,而,el,ᡝᠯ,əl,∅,er,6,7,而 el 6,而
manju-hergen-takekoshi-2011,mandarin,Mandarin,Manchu script transcription of Mandarin,ᠮᠠᠨᠵᡠ ᡥᡝᡵᡤᡝᠨ Manju Hergen,"Takekoshi 竹越, Takeshi 孝. (2011). 『兼滿漢語滿洲套話清文啓蒙』満洲文字注音一覧表. KOTONOHA, (101).","Takekoshi 竹越, Takeshi 孝. (2011). 『兼滿漢語滿洲套話清文啓蒙』満洲文字注音一覧表. KOTONOHA, (101). Data extracted from the Qing instructional source 兼滿漢語滿洲套話清文啓蒙 (1763).",『兼滿漢語滿洲套話清文啓蒙』満洲文字注音一覧表,竹越 孝 / Takekoshi Takeshi,2011,兼滿漢語滿洲套話清文啓蒙,1763,耳,el,ᡝᠯ,əl,∅,er,4,7,耳 el 4,耳
manju-hergen-takekoshi-2011,mandarin,Mandarin,Manchu script transcription of Mandarin,ᠮᠠᠨᠵᡠ ᡥᡝᡵᡤᡝᠨ Manju Hergen,"Takekoshi 竹越, Takeshi 孝. (2011). 『兼滿漢語滿洲套話清文啓蒙』満洲文字注音一覧表. KOTONOHA, (101).","Takekoshi 竹越, Takeshi 孝. (2011). 『兼滿漢語滿洲套話清文啓蒙』満洲文字注音一覧表. KOTONOHA, (101). Data extracted from the Qing instructional source 兼滿漢語滿洲套話清文啓蒙 (1763).",『兼滿漢語滿洲套話清文啓蒙』満洲文字注音一覧表,竹越 孝 / Takekoshi Takeshi,2011,兼滿漢語滿洲套話清文啓蒙,1763,辧,ban,ᠪᠠᠨ,pan,b,an,2,7,辧 ban 2,辧
manju-hergen-takekoshi-2011,mandarin,Mandarin,Manchu script transcription of Mandarin,ᠮᠠᠨᠵᡠ ᡥᡝᡵᡤᡝᠨ Manju Hergen,"Takekoshi 竹越, Takeshi 孝. (2011). 『兼滿漢語滿洲套話清文啓蒙』満洲文字注音一覧表. KOTONOHA, (101).","Takekoshi 竹越, Takeshi 孝. (2011). 『兼滿漢語滿洲套話清文啓蒙』満洲文字注音一覧表. KOTONOHA, (101). Data extracted from the Qing instructional source 兼滿漢語滿洲套話清文啓蒙 (1763).",『兼滿漢語滿洲套話清文啓蒙』満洲文字注音一覧表,竹越 孝 / Takekoshi Takeshi,2011,兼滿漢語滿洲套話清文啓蒙,1763,班,ban,ᠪᠠᠨ,pan,b,an,,7,班 ban,班
manju-hergen-takekoshi-2011,mandarin,Mandarin,Manchu script transcription of Mandarin,ᠮᠠᠨᠵᡠ ᡥᡝᡵᡤᡝᠨ Manju Hergen,"Takekoshi 竹越, Takeshi 孝. (2011). 『兼滿漢語滿洲套話清文啓蒙』満洲文字注音一覧表. KOTONOHA, (101).","Takekoshi 竹越, Takeshi 孝. (2011). 『兼滿漢語滿洲套話清文啓蒙』満洲文字注音一覧表. KOTONOHA, (101). Data extracted from the Qing instructional source 兼滿漢語滿洲套話清文啓蒙 (1763).",『兼滿漢語滿洲套話清文啓蒙』満洲文字注音一覧表,竹越 孝 / Takekoshi Takeshi,2011,兼滿漢語滿洲套話清文啓蒙,1763,盼,pan,ᡦᠠᠨ,pʰan,p,an,2,7,盼 pan 2,盼
manju-hergen-takekoshi-2011,mandarin,Mandarin,Manchu script transcription of Mandarin,ᠮᠠᠨᠵᡠ ᡥᡝᡵᡤᡝᠨ Manju Hergen,"Takekoshi 竹越, Takeshi 孝. (2011). 『兼滿漢語滿洲套話清文啓蒙』満洲文字注音一覧表. KOTONOHA, (101).","Takekoshi 竹越, Takeshi 孝. (2011). 『兼滿漢語滿洲套話清文啓蒙』満洲文字注音一覧表. KOTONOHA, (101). Data extracted from the Qing instructional source 兼滿漢語滿洲套話清文啓蒙 (1763).",『兼滿漢語滿洲套話清文啓蒙』満洲文字注音一覧表,竹越 孝 / Takekoshi Takeshi,2011,兼滿漢語滿洲套話清文啓蒙,1763,飯,fan,ᡶᠠᠨ,fan,f,an,10,7,飯 fan 10,飯
manju-hergen-takekoshi-2011,mandarin,Mandarin,Manchu script transcription of Mandarin,ᠮᠠᠨᠵᡠ ᡥᡝᡵᡤᡝᠨ Manju Hergen,"Takekoshi 竹越, Takeshi 孝. (2011). 『兼滿漢語滿洲套話清文啓蒙』満洲文字注音一覧表. KOTONOHA, (101).","Takekoshi 竹越, Takeshi 孝. (2011). 『兼滿漢語滿洲套話清文啓蒙』満洲文字注音一覧表. KOTONOHA, (101). Data extracted from the Qing instructional source 兼滿漢語滿洲套話清文啓蒙 (1763).",『兼滿漢語滿洲套話清文啓蒙』満洲文字注音一覧表,竹越 孝 / Takekoshi Takeshi,2011,兼滿漢語滿洲套話清文啓蒙,1763,凡,fan,ᡶᠠᠨ,fan,f,an,8,7,凡 fan 8,凡
manju-hergen-takekoshi-2011,mandarin,Mandarin,Manchu script transcription of Mandarin,ᠮᠠᠨᠵᡠ ᡥᡝᡵᡤᡝᠨ Manju Hergen,"Takekoshi 竹越, Takeshi 孝. (2011). 『兼滿漢語滿洲套話清文啓蒙』満洲文字注音一覧表. KOTONOHA, (101).","Takekoshi 竹越, Takeshi 孝. (2011). 『兼滿漢語滿洲套話清文啓蒙』満洲文字注音一覧表. KOTONOHA, (101). Data extracted from the Qing instructional source 兼滿漢語滿洲套話清文啓蒙 (1763).",『兼滿漢語滿洲套話清文啓蒙』満洲文字注音一覧表,竹越 孝 / Takekoshi Takeshi,2011,兼滿漢語滿洲套話清文啓蒙,1763,反,fan,ᡶᠠᠨ,fan,f,an,8,7,反 fan 8,反
manju-hergen-takekoshi-2011,mandarin,Mandarin,Manchu script transcription of Mandarin,ᠮᠠᠨᠵᡠ ᡥᡝᡵᡤᡝᠨ Manju Hergen,"Takekoshi 竹越, Takeshi 孝. (2011). 『兼滿漢語滿洲套話清文啓蒙』満洲文字注音一覧表. KOTONOHA, (101).","Takekoshi 竹越, Takeshi 孝. (2011). 『兼滿漢語滿洲套話清文啓蒙』満洲文字注音一覧表. KOTONOHA, (101). Data extracted from the Qing instructional source 兼滿漢語滿洲套話清文啓蒙 (1763).",『兼滿漢語滿洲套話清文啓蒙』満洲文字注音一覧表,竹越 孝 / Takekoshi Takeshi,2011,兼滿漢語滿洲套話清文啓蒙,1763,煩,fan,ᡶᠠᠨ,fan,f,an,7,7,煩 fan 7,煩
manju-hergen-takekoshi-2011,mandarin,Mandarin,Manchu script transcription of Mandarin,ᠮᠠᠨᠵᡠ ᡥᡝᡵᡤᡝᠨ Manju Hergen,"Takekoshi 竹越, Takeshi 孝. (2011). 『兼滿漢語滿洲套話清文啓蒙』満洲文字注音一覧表. KOTONOHA, (101).","Takekoshi 竹越, Takeshi 孝. (2011). 『兼滿漢語滿洲套話清文啓蒙』満洲文字注音一覧表. KOTONOHA, (101). Data extracted from the Qing instructional source 兼滿漢語滿洲套話清文啓蒙 (1763).",『兼滿漢語滿洲套話清文啓蒙』満洲文字注音一覧表,竹越 孝 / Takekoshi Takeshi,2011,兼滿漢語滿洲套話清文啓蒙,1763,翻,fan,ᡶᠠᠨ,fan,f,an,3,7,翻 / 繙 fan 3,翻/繙
manju-hergen-takekoshi-2011,mandarin,Mandarin,Manchu script transcription of Mandarin,ᠮᠠᠨᠵᡠ ᡥᡝᡵᡤᡝᠨ Manju Hergen,"Takekoshi 竹越, Takeshi 孝. (2011). 『兼滿漢語滿洲套話清文啓蒙』満洲文字注音一覧表. KOTONOHA, (101).","Takekoshi 竹越, Takeshi 孝. (2011). 『兼滿漢語滿洲套話清文啓蒙』満洲文字注音一覧表. KOTONOHA, (101). Data extracted from the Qing instructional source 兼滿漢語滿洲套話清文啓蒙 (1763).",『兼滿漢語滿洲套話清文啓蒙』満洲文字注音一覧表,竹越 孝 / Takekoshi Takeshi,2011,兼滿漢語滿洲套話清文啓蒙,1763,繙,fan,ᡶᠠᠨ,fan,f,an,3,7,翻 / 繙 fan 3,翻/繙
manju-hergen-takekoshi-2011,mandarin,Mandarin,Manchu script transcription of Mandarin,ᠮᠠᠨᠵᡠ ᡥᡝᡵᡤᡝᠨ Manju Hergen,"Takekoshi 竹越, Takeshi 孝. (2011). 『兼滿漢語滿洲套話清文啓蒙』満洲文字注音一覧表. KOTONOHA, (101).","Takekoshi 竹越, Takeshi 孝. (2011). 『兼滿漢語滿洲套話清文啓蒙』満洲文字注音一覧表. KOTONOHA, (101). Data extracted from the Qing instructional source 兼滿漢語滿洲套話清文啓蒙 (1763).",『兼滿漢語滿洲套話清文啓蒙』満洲文字注音一覧表,竹越 孝 / Takekoshi Takeshi,2011,兼滿漢語滿洲套話清文啓蒙,1763,番,fan,ᡶᠠᠨ,fan,f,an,,7,番 fan,番
manju-hergen-takekoshi-2011,mandarin,Mandarin,Manchu script transcription of Mandarin,ᠮᠠᠨᠵᡠ ᡥᡝᡵᡤᡝᠨ Manju Hergen,"Takekoshi 竹越, Takeshi 孝. (2011). 『兼滿漢語滿洲套話清文啓蒙』満洲文字注音一覧表. KOTONOHA, (101).","Takekoshi 竹越, Takeshi 孝. (2011). 『兼滿漢語滿洲套話清文啓蒙』満洲文字注音一覧表. KOTONOHA, (101). Data extracted from the Qing instructional source 兼滿漢語滿洲套話清文啓蒙 (1763).",『兼滿漢語滿洲套話清文啓蒙』満洲文字注音一覧表,竹越 孝 / Takekoshi Takeshi,2011,兼滿漢語滿洲套話清文啓蒙,1763,滿,man,ᠮᠠᠨ,man,m,an,5,7,滿 man 5,滿
manju-hergen-takekoshi-2011,mandarin,Mandarin,Manchu script transcription of Mandarin,ᠮᠠᠨᠵᡠ ᡥᡝᡵᡤᡝᠨ Manju Hergen,"Takekoshi 竹越, Takeshi 孝. (2011). 『兼滿漢語滿洲套話清文啓蒙』満洲文字注音一覧表. KOTONOHA, (101).","Takekoshi 竹越, Takeshi 孝. (2011). 『兼滿漢語滿洲套話清文啓蒙』満洲文字注音一覧表. KOTONOHA, (101). Data extracted from the Qing instructional source 兼滿漢語滿洲套話清文啓蒙 (1763).",『兼滿漢語滿洲套話清文啓蒙』満洲文字注音一覧表,竹越 孝 / Takekoshi Takeshi,2011,兼滿漢語滿洲套話清文啓蒙,1763,慢,man,ᠮᠠᠨ,man,m,an,4,7,慢 man 4,慢
manju-hergen-takekoshi-2011,mandarin,Mandarin,Manchu script transcription of Mandarin,ᠮᠠᠨᠵᡠ ᡥᡝᡵᡤᡝᠨ Manju Hergen,"Takekoshi 竹越, Takeshi 孝. (2011). 『兼滿漢語滿洲套話清文啓蒙』満洲文字注音一覧表. KOTONOHA, (101).","Takekoshi 竹越, Takeshi 孝. (2011). 『兼滿漢語滿洲套話清文啓蒙』満洲文字注音一覧表. KOTONOHA, (101). Data extracted from the Qing instructional source 兼滿漢語滿洲套話清文啓蒙 (1763).",『兼滿漢語滿洲套話清文啓蒙』満洲文字注音一覧表,竹越 孝 / Takekoshi Takeshi,2011,兼滿漢語滿洲套話清文啓蒙,1763,瞞,man,ᠮᠠᠨ,man,m,an,3,7,瞞 man 3,瞞
manju-hergen-takekoshi-2011,mandarin,Mandarin,Manchu script transcription of Mandarin,ᠮᠠᠨᠵᡠ ᡥᡝᡵᡤᡝᠨ Manju Hergen,"Takekoshi 竹越, Takeshi 孝. (2011). 『兼滿漢語滿洲套話清文啓蒙』満洲文字注音一覧表. KOTONOHA, (101).","Takekoshi 竹越, Takeshi 孝. (2011). 『兼滿漢語滿洲套話清文啓蒙』満洲文字注音一覧表. KOTONOHA, (101). Data extracted from the Qing instructional source 兼滿漢語滿洲套話清文啓蒙 (1763).",『兼滿漢語滿洲套話清文啓蒙』満洲文字注音一覧表,竹越 孝 / Takekoshi Takeshi,2011,兼滿漢語滿洲套話清文啓蒙,1763,埋,man,ᠮᠠᠨ,man,m,an,,7,埋 man,埋
manju-hergen-takekoshi-2011,mandarin,Mandarin,Manchu script transcription of Mandarin,ᠮᠠᠨᠵᡠ ᡥᡝᡵᡤᡝᠨ Manju Hergen,"Takekoshi 竹越, Takeshi 孝. (2011). 『兼滿漢語滿洲套話清文啓蒙』満洲文字注音一覧表. KOTONOHA, (101).","Takekoshi 竹越, Takeshi 孝. (2011). 『兼滿漢語滿洲套話清文啓蒙』満洲文字注音一覧表. KOTONOHA, (101). Data extracted from the Qing instructional source 兼滿漢語滿洲套話清文啓蒙 (1763).",『兼滿漢語滿洲套話清文啓蒙』満洲文字注音一覧表,竹越 孝 / Takekoshi Takeshi,2011,兼滿漢語滿洲套話清文啓蒙,1763,但,dan,ᡩᠠᠨ,tan,d,an,12,7,但 dan 12,但
manju-hergen-takekoshi-2011,mandarin,Mandarin,Manchu script transcription of Mandarin,ᠮᠠᠨᠵᡠ ᡥᡝᡵᡤᡝᠨ Manju Hergen,"Takekoshi 竹越, Takeshi 孝. (2011). 『兼滿漢語滿洲套話清文啓蒙』満洲文字注音一覧表. KOTONOHA, (101).","Takekoshi 竹越, Takeshi 孝. (2011). 『兼滿漢語滿洲套話清文啓蒙』満洲文字注音一覧表. KOTONOHA, (101). Data extracted from the Qing instructional source 兼滿漢語滿洲套話清文啓蒙 (1763).",『兼滿漢語滿洲套話清文啓蒙』満洲文字注音一覧表,竹越 孝 / Takekoshi Takeshi,2011,兼滿漢語滿洲套話清文啓蒙,1763,躭,dan,ᡩᠠᠨ,tan,d,an,,7,躭 dan,躭
manju-hergen-takekoshi-2011,mandarin,Mandarin,Manchu script transcription of Mandarin,ᠮᠠᠨᠵᡠ ᡥᡝᡵᡤᡝᠨ Manju Hergen,"Takekoshi 竹越, Takeshi 孝. (2011). 『兼滿漢語滿洲套話清文啓蒙』満洲文字注音一覧表. KOTONOHA, (101).","Takekoshi 竹越, Takeshi 孝. (2011). 『兼滿漢語滿洲套話清文啓蒙』満洲文字注音一覧表. KOTONOHA, (101). Data extracted from the Qing instructional source 兼滿漢語滿洲套話清文啓蒙 (1763).",『兼滿漢語滿洲套話清文啓蒙』満洲文字注音一覧表,竹越 孝 / Takekoshi Takeshi,2011,兼滿漢語滿洲套話清文啓蒙,1763,淡,dan,ᡩᠠᠨ,tan,d,an,,7,淡 dan,淡
manju-hergen-takekoshi-2011,mandarin,Mandarin,Manchu script transcription of Mandarin,ᠮᠠᠨᠵᡠ ᡥᡝᡵᡤᡝᠨ Manju Hergen,"Takekoshi 竹越, Takeshi 孝. (2011). 『兼滿漢語滿洲套話清文啓蒙』満洲文字注音一覧表. KOTONOHA, (101).","Takekoshi 竹越, Takeshi 孝. (2011). 『兼滿漢語滿洲套話清文啓蒙』満洲文字注音一覧表. KOTONOHA, (101). Data extracted from the Qing instructional source 兼滿漢語滿洲套話清文啓蒙 (1763).",『兼滿漢語滿洲套話清文啓蒙』満洲文字注音一覧表,竹越 孝 / Takekoshi Takeshi,2011,兼滿漢語滿洲套話清文啓蒙,1763,担,dan,ᡩᠠᠨ,tan,d,an,,7,担 dan,担
manju-hergen-takekoshi-2011,mandarin,Mandarin,Manchu script transcription of Mandarin,ᠮᠠᠨᠵᡠ ᡥᡝᡵᡤᡝᠨ Manju Hergen,"Takekoshi 竹越, Takeshi 孝. (2011). 『兼滿漢語滿洲套話清文啓蒙』満洲文字注音一覧表. KOTONOHA, (101).","Takekoshi 竹越, Takeshi 孝. (2011). 『兼滿漢語滿洲套話清文啓蒙』満洲文字注音一覧表. KOTONOHA, (101). Data extracted from the Qing instructional source 兼滿漢語滿洲套話清文啓蒙 (1763).",『兼滿漢語滿洲套話清文啓蒙』満洲文字注音一覧表,竹越 孝 / Takekoshi Takeshi,2011,兼滿漢語滿洲套話清文啓蒙,1763,談,tan,ᡨᠠᠨ,tʰan,t,an,3,7,談 tan 3,談
manju-hergen-takekoshi-2011,mandarin,Mandarin,Manchu script transcription of Mandarin,ᠮᠠᠨᠵᡠ ᡥᡝᡵᡤᡝᠨ Manju Hergen,"Takekoshi 竹越, Takeshi 孝. (2011). 『兼滿漢語滿洲套話清文啓蒙』満洲文字注音一覧表. KOTONOHA, (101).","Takekoshi 竹越, Takeshi 孝. (2011). 『兼滿漢語滿洲套話清文啓蒙』満洲文字注音一覧表. KOTONOHA, (101). Data extracted from the Qing instructional source 兼滿漢語滿洲套話清文啓蒙 (1763).",『兼滿漢語滿洲套話清文啓蒙』満洲文字注音一覧表,竹越 孝 / Takekoshi Takeshi,2011,兼滿漢語滿洲套話清文啓蒙,1763,炭,tan,ᡨᠠᠨ,tʰan,t,an,,7,炭 tan,炭
manju-hergen-takekoshi-2011,mandarin,Mandarin,Manchu script transcription of Mandarin,ᠮᠠᠨᠵᡠ ᡥᡝᡵᡤᡝᠨ Manju Hergen,"Takekoshi 竹越, Takeshi 孝. (2011). 『兼滿漢語滿洲套話清文啓蒙』満洲文字注音一覧表. KOTONOHA, (101).","Takekoshi 竹越, Takeshi 孝. (2011). 『兼滿漢語滿洲套話清文啓蒙』満洲文字注音一覧表. KOTONOHA, (101). Data extracted from the Qing instructional source 兼滿漢語滿洲套話清文啓蒙 (1763).",『兼滿漢語滿洲套話清文啓蒙』満洲文字注音一覧表,竹越 孝 / Takekoshi Takeshi,2011,兼滿漢語滿洲套話清文啓蒙,1763,貪,tan,ᡨᠠᠨ,tʰan,t,an,,7,貪 tan,貪
manju-hergen-takekoshi-2011,mandarin,Mandarin,Manchu script transcription of Mandarin,ᠮᠠᠨᠵᡠ ᡥᡝᡵᡤᡝᠨ Manju Hergen,"Takekoshi 竹越, Takeshi 孝. (2011). 『兼滿漢語滿洲套話清文啓蒙』満洲文字注音一覧表. KOTONOHA, (101).","Takekoshi 竹越, Takeshi 孝. (2011). 『兼滿漢語滿洲套話清文啓蒙』満洲文字注音一覧表. KOTONOHA, (101). Data extracted from the Qing instructional source 兼滿漢語滿洲套話清文啓蒙 (1763).",『兼滿漢語滿洲套話清文啓蒙』満洲文字注音一覧表,竹越 孝 / Takekoshi Takeshi,2011,兼滿漢語滿洲套話清文啓蒙,1763,探,tan,ᡨᠠᠨ,tʰan,t,an,,7,探 tan,探
manju-hergen-takekoshi-2011,mandarin,Mandarin,Manchu script transcription of Mandarin,ᠮᠠᠨᠵᡠ ᡥᡝᡵᡤᡝᠨ Manju Hergen,"Takekoshi 竹越, Takeshi 孝. (2011). 『兼滿漢語滿洲套話清文啓蒙』満洲文字注音一覧表. KOTONOHA, (101).","Takekoshi 竹越, Takeshi 孝. (2011). 『兼滿漢語滿洲套話清文啓蒙』満洲文字注音一覧表. KOTONOHA, (101). Data extracted from the Qing instructional source 兼滿漢語滿洲套話清文啓蒙 (1763).",『兼滿漢語滿洲套話清文啓蒙』満洲文字注音一覧表,竹越 孝 / Takekoshi Takeshi,2011,兼滿漢語滿洲套話清文啓蒙,1763,難,nan,ᠨᠠᠨ,nan,n,an,8,7,難 / 难 nan 8,難/难
manju-hergen-takekoshi-2011,mandarin,Mandarin,Manchu script transcription of Mandarin,ᠮᠠᠨᠵᡠ ᡥᡝᡵᡤᡝᠨ Manju Hergen,"Takekoshi 竹越, Takeshi 孝. (2011). 『兼滿漢語滿洲套話清文啓蒙』満洲文字注音一覧表. KOTONOHA, (101).","Takekoshi 竹越, Takeshi 孝. (2011). 『兼滿漢語滿洲套話清文啓蒙』満洲文字注音一覧表. KOTONOHA, (101). Data extracted from the Qing instructional source 兼滿漢語滿洲套話清文啓蒙 (1763).",『兼滿漢語滿洲套話清文啓蒙』満洲文字注音一覧表,竹越 孝 / Takekoshi Takeshi,2011,兼滿漢語滿洲套話清文啓蒙,1763,难,nan,ᠨᠠᠨ,nan,n,an,8,7,難 / 难 nan 8,難/难
manju-hergen-takekoshi-2011,mandarin,Mandarin,Manchu script transcription of Mandarin,ᠮᠠᠨᠵᡠ ᡥᡝᡵᡤᡝᠨ Manju Hergen,"Takekoshi 竹越, Takeshi 孝. (2011). 『兼滿漢語滿洲套話清文啓蒙』満洲文字注音一覧表. KOTONOHA, (101).","Takekoshi 竹越, Takeshi 孝. (2011). 『兼滿漢語滿洲套話清文啓蒙』満洲文字注音一覧表. KOTONOHA, (101). Data extracted from the Qing instructional source 兼滿漢語滿洲套話清文啓蒙 (1763).",『兼滿漢語滿洲套話清文啓蒙』満洲文字注音一覧表,竹越 孝 / Takekoshi Takeshi,2011,兼滿漢語滿洲套話清文啓蒙,1763,爛,lan,ᠯᠠᠨ,lan,l,an,2,7,爛 lan 2,爛
manju-hergen-takekoshi-2011,mandarin,Mandarin,Manchu script transcription of Mandarin,ᠮᠠᠨᠵᡠ ᡥᡝᡵᡤᡝᠨ Manju Hergen,"Takekoshi 竹越, Takeshi 孝. (2011). 『兼滿漢語滿洲套話清文啓蒙』満洲文字注音一覧表. KOTONOHA, (101).","Takekoshi 竹越, Takeshi 孝. (2011). 『兼滿漢語滿洲套話清文啓蒙』満洲文字注音一覧表. KOTONOHA, (101). Data extracted from the Qing instructional source 兼滿漢語滿洲套話清文啓蒙 (1763).",『兼滿漢語滿洲套話清文啓蒙』満洲文字注音一覧表,竹越 孝 / Takekoshi Takeshi,2011,兼滿漢語滿洲套話清文啓蒙,1763,藍,lan,ᠯᠠᠨ,lan,l,an,,7,藍 lan,藍
manju-hergen-takekoshi-2011,mandarin,Mandarin,Manchu script transcription of Mandarin,ᠮᠠᠨᠵᡠ ᡥᡝᡵᡤᡝᠨ Manju Hergen,"Takekoshi 竹越, Takeshi 孝. (2011). 『兼滿漢語滿洲套話清文啓蒙』満洲文字注音一覧表. KOTONOHA, (101).","Takekoshi 竹越, Takeshi 孝. (2011). 『兼滿漢語滿洲套話清文啓蒙』満洲文字注音一覧表. KOTONOHA, (101). Data extracted from the Qing instructional source 兼滿漢語滿洲套話清文啓蒙 (1763).",『兼滿漢語滿洲套話清文啓蒙』満洲文字注音一覧表,竹越 孝 / Takekoshi Takeshi,2011,兼滿漢語滿洲套話清文啓蒙,1763,咱,dza,ᡯᠠ,tsa,z,an,12,7,咱 dza 12,咱
manju-hergen-takekoshi-2011,mandarin,Mandarin,Manchu script transcription of Mandarin,ᠮᠠᠨᠵᡠ ᡥᡝᡵᡤᡝᠨ Manju Hergen,"Takekoshi 竹越, Takeshi 孝. (2011). 『兼滿漢語滿洲套話清文啓蒙』満洲文字注音一覧表. KOTONOHA, (101).","Takekoshi 竹越, Takeshi 孝. (2011). 『兼滿漢語滿洲套話清文啓蒙』満洲文字注音一覧表. KOTONOHA, (101). Data extracted from the Qing instructional source 兼滿漢語滿洲套話清文啓蒙 (1763).",『兼滿漢語滿洲套話清文啓蒙』満洲文字注音一覧表,竹越 孝 / Takekoshi Takeshi,2011,兼滿漢語滿洲套話清文啓蒙,1763,暫,jan,ᠵᠠᠨ,tʃan,z,an,,7,暫 jan,暫
manju-hergen-takekoshi-2011,mandarin,Mandarin,Manchu script transcription of Mandarin,ᠮᠠᠨᠵᡠ ᡥᡝᡵᡤᡝᠨ Manju Hergen,"Takekoshi 竹越, Takeshi 孝. (2011). 『兼滿漢語滿洲套話清文啓蒙』満洲文字注音一覧表. KOTONOHA, (101).","Takekoshi 竹越, Takeshi 孝. (2011). 『兼滿漢語滿洲套話清文啓蒙』満洲文字注音一覧表. KOTONOHA, (101). Data extracted from the Qing instructional source 兼滿漢語滿洲套話清文啓蒙 (1763).",『兼滿漢語滿洲套話清文啓蒙』満洲文字注音一覧表,竹越 孝 / Takekoshi Takeshi,2011,兼滿漢語滿洲套話清文啓蒙,1763,残,ts’an,ᡨᠰᠠᠨ,tʰsan,c,an,,7,残 ts’an,残
manju-hergen-takekoshi-2011,mandarin,Mandarin,Manchu script transcription of Mandarin,ᠮᠠᠨᠵᡠ ᡥᡝᡵᡤᡝᠨ Manju Hergen,"Takekoshi 竹越, Takeshi 孝. (2011). 『兼滿漢語滿洲套話清文啓蒙』満洲文字注音一覧表. KOTONOHA, (101).","Takekoshi 竹越, Takeshi 孝. (2011). 『兼滿漢語滿洲套話清文啓蒙』満洲文字注音一覧表. KOTONOHA, (101). Data extracted from the Qing instructional source 兼滿漢語滿洲套話清文啓蒙 (1763).",『兼滿漢語滿洲套話清文啓蒙』満洲文字注音一覧表,竹越 孝 / Takekoshi Takeshi,2011,兼滿漢語滿洲套話清文啓蒙,1763,慚,ts’an,ᡨᠰᠠᠨ,tʰsan,c,an,,7,慚 ts’an,慚
manju-hergen-takekoshi-2011,mandarin,Mandarin,Manchu script transcription of Mandarin,ᠮᠠᠨᠵᡠ ᡥᡝᡵᡤᡝᠨ Manju Hergen,"Takekoshi 竹越, Takeshi 孝. (2011). 『兼滿漢語滿洲套話清文啓蒙』満洲文字注音一覧表. KOTONOHA, (101).","Takekoshi 竹越, Takeshi 孝. (2011). 『兼滿漢語滿洲套話清文啓蒙』満洲文字注音一覧表. KOTONOHA, (101). Data extracted from the Qing instructional source 兼滿漢語滿洲套話清文啓蒙 (1763).",『兼滿漢語滿洲套話清文啓蒙』満洲文字注音一覧表,竹越 孝 / Takekoshi Takeshi,2011,兼滿漢語滿洲套話清文啓蒙,1763,参,ts’an,ᡨᠰᠠᠨ,tʰsan,c,an,,7,参 ts’an,参
manju-hergen-takekoshi-2011,mandarin,Mandarin,Manchu script transcription of Mandarin,ᠮᠠᠨᠵᡠ ᡥᡝᡵᡤᡝᠨ Manju Hergen,"Takekoshi 竹越, Takeshi 孝. (2011). 『兼滿漢語滿洲套話清文啓蒙』満洲文字注音一覧表. KOTONOHA, (101).","Takekoshi 竹越, Takeshi 孝. (2011). 『兼滿漢語滿洲套話清文啓蒙』満洲文字注音一覧表. KOTONOHA, (101). Data extracted from the Qing instructional source 兼滿漢語滿洲套話清文啓蒙 (1763).",『兼滿漢語滿洲套話清文啓蒙』満洲文字注音一覧表,竹越 孝 / Takekoshi Takeshi,2011,兼滿漢語滿洲套話清文啓蒙,1763,三,san,ᠰᠠᠨ,san,s,an,5,7,三 san 5,三
manju-hergen-takekoshi-2011,mandarin,Mandarin,Manchu script transcription of Mandarin,ᠮᠠᠨᠵᡠ ᡥᡝᡵᡤᡝᠨ Manju Hergen,"Takekoshi 竹越, Takeshi 孝. (2011). 『兼滿漢語滿洲套話清文啓蒙』満洲文字注音一覧表. KOTONOHA, (101).","Takekoshi 竹越, Takeshi 孝. (2011). 『兼滿漢語滿洲套話清文啓蒙』満洲文字注音一覧表. KOTONOHA, (101). Data extracted from the Qing instructional source 兼滿漢語滿洲套話清文啓蒙 (1763).",『兼滿漢語滿洲套話清文啓蒙』満洲文字注音一覧表,竹越 孝 / Takekoshi Takeshi,2011,兼滿漢語滿洲套話清文啓蒙,1763,散,san,ᠰᠠᠨ,san,s,an,,7,散 san,散
manju-hergen-takekoshi-2011,mandarin,Mandarin,Manchu script transcription of Mandarin,ᠮᠠᠨᠵᡠ ᡥᡝᡵᡤᡝᠨ Manju Hergen,"Takekoshi 竹越, Takeshi 孝. (2011). 『兼滿漢語滿洲套話清文啓蒙』満洲文字注音一覧表. KOTONOHA, (101).","Takekoshi 竹越, Takeshi 孝. (2011). 『兼滿漢語滿洲套話清文啓蒙』満洲文字注音一覧表. KOTONOHA, (101). Data extracted from the Qing instructional source 兼滿漢語滿洲套話清文啓蒙 (1763).",『兼滿漢語滿洲套話清文啓蒙』満洲文字注音一覧表,竹越 孝 / Takekoshi Takeshi,2011,兼滿漢語滿洲套話清文啓蒙,1763,佔,jan,ᠵᠠᠨ,tʃan,zh,an,,7,佔 jan,佔
manju-hergen-takekoshi-2011,mandarin,Mandarin,Manchu script transcription of Mandarin,ᠮᠠᠨᠵᡠ ᡥᡝᡵᡤᡝᠨ Manju Hergen,"Takekoshi 竹越, Takeshi 孝. (2011). 『兼滿漢語滿洲套話清文啓蒙』満洲文字注音一覧表. KOTONOHA, (101).","Takekoshi 竹越, Takeshi 孝. (2011). 『兼滿漢語滿洲套話清文啓蒙』満洲文字注音一覧表. KOTONOHA, (101). Data extracted from the Qing instructional source 兼滿漢語滿洲套話清文啓蒙 (1763).",『兼滿漢語滿洲套話清文啓蒙』満洲文字注音一覧表,竹越 孝 / Takekoshi Takeshi,2011,兼滿漢語滿洲套話清文啓蒙,1763,綻,jan,ᠵᠠᠨ,tʃan,zh,an,,7,綻 jan,綻
manju-hergen-takekoshi-2011,mandarin,Mandarin,Manchu script transcription of Mandarin,ᠮᠠᠨᠵᡠ ᡥᡝᡵᡤᡝᠨ Manju Hergen,"Takekoshi 竹越, Takeshi 孝. (2011). 『兼滿漢語滿洲套話清文啓蒙』満洲文字注音一覧表. KOTONOHA, (101).","Takekoshi 竹越, Takeshi 孝. (2011). 『兼滿漢語滿洲套話清文啓蒙』満洲文字注音一覧表. KOTONOHA, (101). Data extracted from the Qing instructional source 兼滿漢語滿洲套話清文啓蒙 (1763).",『兼滿漢語滿洲套話清文啓蒙』満洲文字注音一覧表,竹越 孝 / Takekoshi Takeshi,2011,兼滿漢語滿洲套話清文啓蒙,1763,沾,jan,ᠵᠠᠨ,tʃan,zh,an,,7,沾 jan,沾
manju-hergen-takekoshi-2011,mandarin,Mandarin,Manchu script transcription of Mandarin,ᠮᠠᠨᠵᡠ ᡥᡝᡵᡤᡝᠨ Manju Hergen,"Takekoshi 竹越, Takeshi 孝. (2011). 『兼滿漢語滿洲套話清文啓蒙』満洲文字注音一覧表. KOTONOHA, (101).","Takekoshi 竹越, Takeshi 孝. (2011). 『兼滿漢語滿洲套話清文啓蒙』満洲文字注音一覧表. KOTONOHA, (101). Data extracted from the Qing instructional source 兼滿漢語滿洲套話清文啓蒙 (1763).",『兼滿漢語滿洲套話清文啓蒙』満洲文字注音一覧表,竹越 孝 / Takekoshi Takeshi,2011,兼滿漢語滿洲套話清文啓蒙,1763,毡,jan,ᠵᠠᠨ,tʃan,zh,an,,7,毡 jan,毡
manju-hergen-takekoshi-2011,mandarin,Mandarin,Manchu script transcription of Mandarin,ᠮᠠᠨᠵᡠ ᡥᡝᡵᡤᡝᠨ Manju Hergen,"Takekoshi 竹越, Takeshi 孝. (2011). 『兼滿漢語滿洲套話清文啓蒙』満洲文字注音一覧表. KOTONOHA, (101).","Takekoshi 竹越, Takeshi 孝. (2011). 『兼滿漢語滿洲套話清文啓蒙』満洲文字注音一覧表. KOTONOHA, (101). Data extracted from the Qing instructional source 兼滿漢語滿洲套話清文啓蒙 (1763).",『兼滿漢語滿洲套話清文啓蒙』満洲文字注音一覧表,竹越 孝 / Takekoshi Takeshi,2011,兼滿漢語滿洲套話清文啓蒙,1763,産,can,ᠴᠠᠨ,tʃʰan,ch,an,,7,産 can,産
manju-hergen-takekoshi-2011,mandarin,Mandarin,Manchu script transcription of Mandarin,ᠮᠠᠨᠵᡠ ᡥᡝᡵᡤᡝᠨ Manju Hergen,"Takekoshi 竹越, Takeshi 孝. (2011). 『兼滿漢語滿洲套話清文啓蒙』満洲文字注音一覧表. KOTONOHA, (101).","Takekoshi 竹越, Takeshi 孝. (2011). 『兼滿漢語滿洲套話清文啓蒙』満洲文字注音一覧表. KOTONOHA, (101). Data extracted from the Qing instructional source 兼滿漢語滿洲套話清文啓蒙 (1763).",『兼滿漢語滿洲套話清文啓蒙』満洲文字注音一覧表,竹越 孝 / Takekoshi Takeshi,2011,兼滿漢語滿洲套話清文啓蒙,1763,革占,can,ᠴᠠᠨ,tʃʰan,ch,an,,7,革占 can,革占
manju-hergen-takekoshi-2011,mandarin,Mandarin,Manchu script transcription of Mandarin,ᠮᠠᠨᠵᡠ ᡥᡝᡵᡤᡝᠨ Manju Hergen,"Takekoshi 竹越, Takeshi 孝. (2011). 『兼滿漢語滿洲套話清文啓蒙』満洲文字注音一覧表. KOTONOHA, (101).","Takekoshi 竹越, Takeshi 孝. (2011). 『兼滿漢語滿洲套話清文啓蒙』満洲文字注音一覧表. KOTONOHA, (101). Data extracted from the Qing instructional source 兼滿漢語滿洲套話清文啓蒙 (1763).",『兼滿漢語滿洲套話清文啓蒙』満洲文字注音一覧表,竹越 孝 / Takekoshi Takeshi,2011,兼滿漢語滿洲套話清文啓蒙,1763,善,šan,ᡧᠠᠨ,ʃan,sh,an,3,7,善 šan 3,善
manju-hergen-takekoshi-2011,mandarin,Mandarin,Manchu script transcription of Mandarin,ᠮᠠᠨᠵᡠ ᡥᡝᡵᡤᡝᠨ Manju Hergen,"Takekoshi 竹越, Takeshi 孝. (2011). 『兼滿漢語滿洲套話清文啓蒙』満洲文字注音一覧表. KOTONOHA, (101).","Takekoshi 竹越, Takeshi 孝. (2011). 『兼滿漢語滿洲套話清文啓蒙』満洲文字注音一覧表. KOTONOHA, (101). Data extracted from the Qing instructional source 兼滿漢語滿洲套話清文啓蒙 (1763).",『兼滿漢語滿洲套話清文啓蒙』満洲文字注音一覧表,竹越 孝 / Takekoshi Takeshi,2011,兼滿漢語滿洲套話清文啓蒙,1763,山,šan,ᡧᠠᠨ,ʃan,sh,an,2,7,山 šan 2,山
manju-hergen-takekoshi-2011,mandarin,Mandarin,Manchu script transcription of Mandarin,ᠮᠠᠨᠵᡠ ᡥᡝᡵᡤᡝᠨ Manju Hergen,"Takekoshi 竹越, Takeshi 孝. (2011). 『兼滿漢語滿洲套話清文啓蒙』満洲文字注音一覧表. KOTONOHA, (101).","Takekoshi 竹越, Takeshi 孝. (2011). 『兼滿漢語滿洲套話清文啓蒙』満洲文字注音一覧表. KOTONOHA, (101). Data extracted from the Qing instructional source 兼滿漢語滿洲套話清文啓蒙 (1763).",『兼滿漢語滿洲套話清文啓蒙』満洲文字注音一覧表,竹越 孝 / Takekoshi Takeshi,2011,兼滿漢語滿洲套話清文啓蒙,1763,然,žan,ᡰᠠᠨ,ʐan,r,an,43,7,然 žan 43,然
manju-hergen-takekoshi-2011,mandarin,Mandarin,Manchu script transcription of Mandarin,ᠮᠠᠨᠵᡠ ᡥᡝᡵᡤᡝᠨ Manju Hergen,"Takekoshi 竹越, Takeshi 孝. (2011). 『兼滿漢語滿洲套話清文啓蒙』満洲文字注音一覧表. KOTONOHA, (101).","Takekoshi 竹越, Takeshi 孝. (2011). 『兼滿漢語滿洲套話清文啓蒙』満洲文字注音一覧表. KOTONOHA, (101). Data extracted from the Qing instructional source 兼滿漢語滿洲套話清文啓蒙 (1763).",『兼滿漢語滿洲套話清文啓蒙』満洲文字注音一覧表,竹越 孝 / Takekoshi Takeshi,2011,兼滿漢語滿洲套話清文啓蒙,1763,敢,g’an,ᡬᠠᠨ,kan,g,an,6,8,敢 g’an 6,敢
manju-hergen-takekoshi-2011,mandarin,Mandarin,Manchu script transcription of Mandarin,ᠮᠠᠨᠵᡠ ᡥᡝᡵᡤᡝᠨ Manju Hergen,"Takekoshi 竹越, Takeshi 孝. (2011). 『兼滿漢語滿洲套話清文啓蒙』満洲文字注音一覧表. KOTONOHA, (101).","Takekoshi 竹越, Takeshi 孝. (2011). 『兼滿漢語滿洲套話清文啓蒙』満洲文字注音一覧表. KOTONOHA, (101). Data extracted from the Qing instructional source 兼滿漢語滿洲套話清文啓蒙 (1763).",『兼滿漢語滿洲套話清文啓蒙』満洲文字注音一覧表,竹越 孝 / Takekoshi Takeshi,2011,兼滿漢語滿洲套話清文啓蒙,1763,乾,g’an,ᡬᠠᠨ,kan,g,an,4,8,乾 g’an 4,乾
manju-hergen-takekoshi-2011,mandarin,Mandarin,Manchu script transcription of Mandarin,ᠮᠠᠨᠵᡠ ᡥᡝᡵᡤᡝᠨ Manju Hergen,"Takekoshi 竹越, Takeshi 孝. (2011). 『兼滿漢語滿洲套話清文啓蒙』満洲文字注音一覧表. KOTONOHA, (101).","Takekoshi 竹越, Takeshi 孝. (2011). 『兼滿漢語滿洲套話清文啓蒙』満洲文字注音一覧表. KOTONOHA, (101). Data extracted from the Qing instructional source 兼滿漢語滿洲套話清文啓蒙 (1763).",『兼滿漢語滿洲套話清文啓蒙』満洲文字注音一覧表,竹越 孝 / Takekoshi Takeshi,2011,兼滿漢語滿洲套話清文啓蒙,1763,感,g’an,ᡬᠠᠨ,kan,g,an,2,8,感 g’an 2,感
manju-hergen-takekoshi-2011,mandarin,Mandarin,Manchu script transcription of Mandarin,ᠮᠠᠨᠵᡠ ᡥᡝᡵᡤᡝᠨ Manju Hergen,"Takekoshi 竹越, Takeshi 孝. (2011). 『兼滿漢語滿洲套話清文啓蒙』満洲文字注音一覧表. KOTONOHA, (101).","Takekoshi 竹越, Takeshi 孝. (2011). 『兼滿漢語滿洲套話清文啓蒙』満洲文字注音一覧表. KOTONOHA, (101). Data extracted from the Qing instructional source 兼滿漢語滿洲套話清文啓蒙 (1763).",『兼滿漢語滿洲套話清文啓蒙』満洲文字注音一覧表,竹越 孝 / Takekoshi Takeshi,2011,兼滿漢語滿洲套話清文啓蒙,1763,干,g’an,ᡬᠠᠨ,kan,g,an,2,8,干 g’an 2,干
manju-hergen-takekoshi-2011,mandarin,Mandarin,Manchu script transcription of Mandarin,ᠮᠠᠨᠵᡠ ᡥᡝᡵᡤᡝᠨ Manju Hergen,"Takekoshi 竹越, Takeshi 孝. (2011). 『兼滿漢語滿洲套話清文啓蒙』満洲文字注音一覧表. KOTONOHA, (101).","Takekoshi 竹越, Takeshi 孝. (2011). 『兼滿漢語滿洲套話清文啓蒙』満洲文字注音一覧表. KOTONOHA, (101). Data extracted from the Qing instructional source 兼滿漢語滿洲套話清文啓蒙 (1763).",『兼滿漢語滿洲套話清文啓蒙』満洲文字注音一覧表,竹越 孝 / Takekoshi Takeshi,2011,兼滿漢語滿洲套話清文啓蒙,1763,看,k’an,ᠺᠠᠨ,kʰan,k,an,22,8,看 k’an 22,看
manju-hergen-takekoshi-2011,mandarin,Mandarin,Manchu script transcription of Mandarin,ᠮᠠᠨᠵᡠ ᡥᡝᡵᡤᡝᠨ Manju Hergen,"Takekoshi 竹越, Takeshi 孝. (2011). 『兼滿漢語滿洲套話清文啓蒙』満洲文字注音一覧表. KOTONOHA, (101).","Takekoshi 竹越, Takeshi 孝. (2011). 『兼滿漢語滿洲套話清文啓蒙』満洲文字注音一覧表. KOTONOHA, (101). Data extracted from the Qing instructional source 兼滿漢語滿洲套話清文啓蒙 (1763).",『兼滿漢語滿洲套話清文啓蒙』満洲文字注音一覧表,竹越 孝 / Takekoshi Takeshi,2011,兼滿漢語滿洲套話清文啓蒙,1763,砍,k’an,ᠺᠠᠨ,kʰan,k,an,2,8,砍 k’an 2,砍
manju-hergen-takekoshi-2011,mandarin,Mandarin,Manchu script transcription of Mandarin,ᠮᠠᠨᠵᡠ ᡥᡝᡵᡤᡝᠨ Manju Hergen,"Takekoshi 竹越, Takeshi 孝. (2011). 『兼滿漢語滿洲套話清文啓蒙』満洲文字注音一覧表. KOTONOHA, (101).","Takekoshi 竹越, Takeshi 孝. (2011). 『兼滿漢語滿洲套話清文啓蒙』満洲文字注音一覧表. KOTONOHA, (101). Data extracted from the Qing instructional source 兼滿漢語滿洲套話清文啓蒙 (1763).",『兼滿漢語滿洲套話清文啓蒙』満洲文字注音一覧表,竹越 孝 / Takekoshi Takeshi,2011,兼滿漢語滿洲套話清文啓蒙,1763,坎,k’an,ᠺᠠᠨ,kʰan,k,an,,8,坎 k’an,坎
manju-hergen-takekoshi-2011,mandarin,Mandarin,Manchu script transcription of Mandarin,ᠮᠠᠨᠵᡠ ᡥᡝᡵᡤᡝᠨ Manju Hergen,"Takekoshi 竹越, Takeshi 孝. (2011). 『兼滿漢語滿洲套話清文啓蒙』満洲文字注音一覧表. KOTONOHA, (101).","Takekoshi 竹越, Takeshi 孝. (2011). 『兼滿漢語滿洲套話清文啓蒙』満洲文字注音一覧表. KOTONOHA, (101). Data extracted from the Qing instructional source 兼滿漢語滿洲套話清文啓蒙 (1763).",『兼滿漢語滿洲套話清文啓蒙』満洲文字注音一覧表,竹越 孝 / Takekoshi Takeshi,2011,兼滿漢語滿洲套話清文啓蒙,1763,罕,h’an,ᡭᠠᠨ,xan,h,an,,8,罕 h’an,罕
manju-hergen-takekoshi-2011,mandarin,Mandarin,Manchu script transcription of Mandarin,ᠮᠠᠨᠵᡠ ᡥᡝᡵᡤᡝᠨ Manju Hergen,"Takekoshi 竹越, Takeshi 孝. (2011). 『兼滿漢語滿洲套話清文啓蒙』満洲文字注音一覧表. KOTONOHA, (101).","Takekoshi 竹越, Takeshi 孝. (2011). 『兼滿漢語滿洲套話清文啓蒙』満洲文字注音一覧表. KOTONOHA, (101). Data extracted from the Qing instructional source 兼滿漢語滿洲套話清文啓蒙 (1763).",『兼滿漢語滿洲套話清文啓蒙』満洲文字注音一覧表,竹越 孝 / Takekoshi Takeshi,2011,兼滿漢語滿洲套話清文啓蒙,1763,汗,h’an,ᡭᠠᠨ,xan,h,an,,8,汗 h’an,汗
manju-hergen-takekoshi-2011,mandarin,Mandarin,Manchu script transcription of Mandarin,ᠮᠠᠨᠵᡠ ᡥᡝᡵᡤᡝᠨ Manju Hergen,"Takekoshi 竹越, Takeshi 孝. (2011). 『兼滿漢語滿洲套話清文啓蒙』満洲文字注音一覧表. KOTONOHA, (101).","Takekoshi 竹越, Takeshi 孝. (2011). 『兼滿漢語滿洲套話清文啓蒙』満洲文字注音一覧表. KOTONOHA, (101). Data extracted from the Qing instructional source 兼滿漢語滿洲套話清文啓蒙 (1763).",『兼滿漢語滿洲套話清文啓蒙』満洲文字注音一覧表,竹越 孝 / Takekoshi Takeshi,2011,兼滿漢語滿洲套話清文啓蒙,1763,含,han,ᡥᠠᠨ,χan,h,an,,8,含 han,含
manju-hergen-takekoshi-2011,mandarin,Mandarin,Manchu script transcription of Mandarin,ᠮᠠᠨᠵᡠ ᡥᡝᡵᡤᡝᠨ Manju Hergen,"Takekoshi 竹越, Takeshi 孝. (2011). 『兼滿漢語滿洲套話清文啓蒙』満洲文字注音一覧表. KOTONOHA, (101).","Takekoshi 竹越, Takeshi 孝. (2011). 『兼滿漢語滿洲套話清文啓蒙』満洲文字注音一覧表. KOTONOHA, (101). Data extracted from the Qing instructional source 兼滿漢語滿洲套話清文啓蒙 (1763).",『兼滿漢語滿洲套話清文啓蒙』満洲文字注音一覧表,竹越 孝 / Takekoshi Takeshi,2011,兼滿漢語滿洲套話清文啓蒙,1763,漢,han,ᡥᠠᠨ,χan,h,an,,8,漢 han,漢
manju-hergen-takekoshi-2011,mandarin,Mandarin,Manchu script transcription of Mandarin,ᠮᠠᠨᠵᡠ ᡥᡝᡵᡤᡝᠨ Manju Hergen,"Takekoshi 竹越, Takeshi 孝. (2011). 『兼滿漢語滿洲套話清文啓蒙』満洲文字注音一覧表. KOTONOHA, (101).","Takekoshi 竹越, Takeshi 孝. (2011). 『兼滿漢語滿洲套話清文啓蒙』満洲文字注音一覧表. KOTONOHA, (101). Data extracted from the Qing instructional source 兼滿漢語滿洲套話清文啓蒙 (1763).",『兼滿漢語滿洲套話清文啓蒙』満洲文字注音一覧表,竹越 孝 / Takekoshi Takeshi,2011,兼滿漢語滿洲套話清文啓蒙,1763,翰,han,ᡥᠠᠨ,χan,h,an,,8,翰 han,翰
manju-hergen-takekoshi-2011,mandarin,Mandarin,Manchu script transcription of Mandarin,ᠮᠠᠨᠵᡠ ᡥᡝᡵᡤᡝᠨ Manju Hergen,"Takekoshi 竹越, Takeshi 孝. (2011). 『兼滿漢語滿洲套話清文啓蒙』満洲文字注音一覧表. KOTONOHA, (101).","Takekoshi 竹越, Takeshi 孝. (2011). 『兼滿漢語滿洲套話清文啓蒙』満洲文字注音一覧表. KOTONOHA, (101). Data extracted from the Qing instructional source 兼滿漢語滿洲套話清文啓蒙 (1763).",『兼滿漢語滿洲套話清文啓蒙』満洲文字注音一覧表,竹越 孝 / Takekoshi Takeshi,2011,兼滿漢語滿洲套話清文啓蒙,1763,安,an,ᠠᠨ,an,∅,an,4,8,安 an 4,安
manju-hergen-takekoshi-2011,mandarin,Mandarin,Manchu script transcription of Mandarin,ᠮᠠᠨᠵᡠ ᡥᡝᡵᡤᡝᠨ Manju Hergen,"Takekoshi 竹越, Takeshi 孝. (2011). 『兼滿漢語滿洲套話清文啓蒙』満洲文字注音一覧表. KOTONOHA, (101).","Takekoshi 竹越, Takeshi 孝. (2011). 『兼滿漢語滿洲套話清文啓蒙』満洲文字注音一覧表. KOTONOHA, (101). Data extracted from the Qing instructional source 兼滿漢語滿洲套話清文啓蒙 (1763).",『兼滿漢語滿洲套話清文啓蒙』満洲文字注音一覧表,竹越 孝 / Takekoshi Takeshi,2011,兼滿漢語滿洲套話清文啓蒙,1763,按,an,ᠠᠨ,an,∅,an,,8,按 an,按
manju-hergen-takekoshi-2011,mandarin,Mandarin,Manchu script transcription of Mandarin,ᠮᠠᠨᠵᡠ ᡥᡝᡵᡤᡝᠨ Manju Hergen,"Takekoshi 竹越, Takeshi 孝. (2011). 『兼滿漢語滿洲套話清文啓蒙』満洲文字注音一覧表. KOTONOHA, (101).","Takekoshi 竹越, Takeshi 孝. (2011). 『兼滿漢語滿洲套話清文啓蒙』満洲文字注音一覧表. KOTONOHA, (101). Data extracted from the Qing instructional source 兼滿漢語滿洲套話清文啓蒙 (1763).",『兼滿漢語滿洲套話清文啓蒙』満洲文字注音一覧表,竹越 孝 / Takekoshi Takeshi,2011,兼滿漢語滿洲套話清文啓蒙,1763,鞍,an,ᠠᠨ,an,∅,an,,8,鞍 an,鞍
manju-hergen-takekoshi-2011,mandarin,Mandarin,Manchu script transcription of Mandarin,ᠮᠠᠨᠵᡠ ᡥᡝᡵᡤᡝᠨ Manju Hergen,"Takekoshi 竹越, Takeshi 孝. (2011). 『兼滿漢語滿洲套話清文啓蒙』満洲文字注音一覧表. KOTONOHA, (101).","Takekoshi 竹越, Takeshi 孝. (2011). 『兼滿漢語滿洲套話清文啓蒙』満洲文字注音一覧表. KOTONOHA, (101). Data extracted from the Qing instructional source 兼滿漢語滿洲套話清文啓蒙 (1763).",『兼滿漢語滿洲套話清文啓蒙』満洲文字注音一覧表,竹越 孝 / Takekoshi Takeshi,2011,兼滿漢語滿洲套話清文啓蒙,1763,便,biyan,ᠪᡳᠶᠠᠨ,pijan,b,ian,9,8,便 biyan 9,便
manju-hergen-takekoshi-2011,mandarin,Mandarin,Manchu script transcription of Mandarin,ᠮᠠᠨᠵᡠ ᡥᡝᡵᡤᡝᠨ Manju Hergen,"Takekoshi 竹越, Takeshi 孝. (2011). 『兼滿漢語滿洲套話清文啓蒙』満洲文字注音一覧表. KOTONOHA, (101).","Takekoshi 竹越, Takeshi 孝. (2011). 『兼滿漢語滿洲套話清文啓蒙』満洲文字注音一覧表. KOTONOHA, (101). Data extracted from the Qing instructional source 兼滿漢語滿洲套話清文啓蒙 (1763).",『兼滿漢語滿洲套話清文啓蒙』満洲文字注音一覧表,竹越 孝 / Takekoshi Takeshi,2011,兼滿漢語滿洲套話清文啓蒙,1763,辺,biyan,ᠪᡳᠶᠠᠨ,pijan,b,ian,4,8,辺 biyan 4,辺
manju-hergen-takekoshi-2011,mandarin,Mandarin,Manchu script transcription of Mandarin,ᠮᠠᠨᠵᡠ ᡥᡝᡵᡤᡝᠨ Manju Hergen,"Takekoshi 竹越, Takeshi 孝. (2011). 『兼滿漢語滿洲套話清文啓蒙』満洲文字注音一覧表. KOTONOHA, (101).","Takekoshi 竹越, Takeshi 孝. (2011). 『兼滿漢語滿洲套話清文啓蒙』満洲文字注音一覧表. KOTONOHA, (101). Data extracted from the Qing instructional source 兼滿漢語滿洲套話清文啓蒙 (1763).",『兼滿漢語滿洲套話清文啓蒙』満洲文字注音一覧表,竹越 孝 / Takekoshi Takeshi,2011,兼滿漢語滿洲套話清文啓蒙,1763,変,biyan,ᠪᡳᠶᠠᠨ,pijan,b,ian,2,8,変 biyan 2,変
manju-hergen-takekoshi-2011,mandarin,Mandarin,Manchu script transcription of Mandarin,ᠮᠠᠨᠵᡠ ᡥᡝᡵᡤᡝᠨ Manju Hergen,"Takekoshi 竹越, Takeshi 孝. (2011). 『兼滿漢語滿洲套話清文啓蒙』満洲文字注音一覧表. KOTONOHA, (101).","Takekoshi 竹越, Takeshi 孝. (2011). 『兼滿漢語滿洲套話清文啓蒙』満洲文字注音一覧表. KOTONOHA, (101). Data extracted from the Qing instructional source 兼滿漢語滿洲套話清文啓蒙 (1763).",『兼滿漢語滿洲套話清文啓蒙』満洲文字注音一覧表,竹越 孝 / Takekoshi Takeshi,2011,兼滿漢語滿洲套話清文啓蒙,1763,辯,biyan,ᠪᡳᠶᠠᠨ,pijan,b,ian,2,8,辯 biyan 2,辯
manju-hergen-takekoshi-2011,mandarin,Mandarin,Manchu script transcription of Mandarin,ᠮᠠᠨᠵᡠ ᡥᡝᡵᡤᡝᠨ Manju Hergen,"Takekoshi 竹越, Takeshi 孝. (2011). 『兼滿漢語滿洲套話清文啓蒙』満洲文字注音一覧表. KOTONOHA, (101).","Takekoshi 竹越, Takeshi 孝. (2011). 『兼滿漢語滿洲套話清文啓蒙』満洲文字注音一覧表. KOTONOHA, (101). Data extracted from the Qing instructional source 兼滿漢語滿洲套話清文啓蒙 (1763).",『兼滿漢語滿洲套話清文啓蒙』満洲文字注音一覧表,竹越 孝 / Takekoshi Takeshi,2011,兼滿漢語滿洲套話清文啓蒙,1763,編,biyan,ᠪᡳᠶᠠᠨ,pijan,b,ian,,8,編 biyan,編
manju-hergen-takekoshi-2011,mandarin,Mandarin,Manchu script transcription of Mandarin,ᠮᠠᠨᠵᡠ ᡥᡝᡵᡤᡝᠨ Manju Hergen,"Takekoshi 竹越, Takeshi 孝. (2011). 『兼滿漢語滿洲套話清文啓蒙』満洲文字注音一覧表. KOTONOHA, (101).","Takekoshi 竹越, Takeshi 孝. (2011). 『兼滿漢語滿洲套話清文啓蒙』満洲文字注音一覧表. KOTONOHA, (101). Data extracted from the Qing instructional source 兼滿漢語滿洲套話清文啓蒙 (1763).",『兼滿漢語滿洲套話清文啓蒙』満洲文字注音一覧表,竹越 孝 / Takekoshi Takeshi,2011,兼滿漢語滿洲套話清文啓蒙,1763,遍,biyan,ᠪᡳᠶᠠᠨ,pijan,b,ian,,8,遍 biyan,遍
manju-hergen-takekoshi-2011,mandarin,Mandarin,Manchu script transcription of Mandarin,ᠮᠠᠨᠵᡠ ᡥᡝᡵᡤᡝᠨ Manju Hergen,"Takekoshi 竹越, Takeshi 孝. (2011). 『兼滿漢語滿洲套話清文啓蒙』満洲文字注音一覧表. KOTONOHA, (101).","Takekoshi 竹越, Takeshi 孝. (2011). 『兼滿漢語滿洲套話清文啓蒙』満洲文字注音一覧表. KOTONOHA, (101). Data extracted from the Qing instructional source 兼滿漢語滿洲套話清文啓蒙 (1763).",『兼滿漢語滿洲套話清文啓蒙』満洲文字注音一覧表,竹越 孝 / Takekoshi Takeshi,2011,兼滿漢語滿洲套話清文啓蒙,1763,便,piyan,ᡦᡳᠶᠠᠨ,pʰijan,p,ian,2,8,便 piyan 2,便
manju-hergen-takekoshi-2011,mandarin,Mandarin,Manchu script transcription of Mandarin,ᠮᠠᠨᠵᡠ ᡥᡝᡵᡤᡝᠨ Manju Hergen,"Takekoshi 竹越, Takeshi 孝. (2011). 『兼滿漢語滿洲套話清文啓蒙』満洲文字注音一覧表. KOTONOHA, (101).","Takekoshi 竹越, Takeshi 孝. (2011). 『兼滿漢語滿洲套話清文啓蒙』満洲文字注音一覧表. KOTONOHA, (101). Data extracted from the Qing instructional source 兼滿漢語滿洲套話清文啓蒙 (1763).",『兼滿漢語滿洲套話清文啓蒙』満洲文字注音一覧表,竹越 孝 / Takekoshi Takeshi,2011,兼滿漢語滿洲套話清文啓蒙,1763,面,miyan,ᠮᡳᠶᠠᠨ,mijan,m,ian,9,8,面 miyan 9,面
manju-hergen-takekoshi-2011,mandarin,Mandarin,Manchu script transcription of Mandarin,ᠮᠠᠨᠵᡠ ᡥᡝᡵᡤᡝᠨ Manju Hergen,"Takekoshi 竹越, Takeshi 孝. (2011). 『兼滿漢語滿洲套話清文啓蒙』満洲文字注音一覧表. KOTONOHA, (101).","Takekoshi 竹越, Takeshi 孝. (2011). 『兼滿漢語滿洲套話清文啓蒙』満洲文字注音一覧表. KOTONOHA, (101). Data extracted from the Qing instructional source 兼滿漢語滿洲套話清文啓蒙 (1763).",『兼滿漢語滿洲套話清文啓蒙』満洲文字注音一覧表,竹越 孝 / Takekoshi Takeshi,2011,兼滿漢語滿洲套話清文啓蒙,1763,勉,miyan,ᠮᡳᠶᠠᠨ,mijan,m,ian,,8,勉 miyan,勉
manju-hergen-takekoshi-2011,mandarin,Mandarin,Manchu script transcription of Mandarin,ᠮᠠᠨᠵᡠ ᡥᡝᡵᡤᡝᠨ Manju Hergen,"Takekoshi 竹越, Takeshi 孝. (2011). 『兼滿漢語滿洲套話清文啓蒙』満洲文字注音一覧表. KOTONOHA, (101).","Takekoshi 竹越, Takeshi 孝. (2011). 『兼滿漢語滿洲套話清文啓蒙』満洲文字注音一覧表. KOTONOHA, (101). Data extracted from the Qing instructional source 兼滿漢語滿洲套話清文啓蒙 (1763).",『兼滿漢語滿洲套話清文啓蒙』満洲文字注音一覧表,竹越 孝 / Takekoshi Takeshi,2011,兼滿漢語滿洲套話清文啓蒙,1763,免,miyan,ᠮᡳᠶᠠᠨ,mijan,m,ian,,8,免 miyan,免
manju-hergen-takekoshi-2011,mandarin,Mandarin,Manchu script transcription of Mandarin,ᠮᠠᠨᠵᡠ ᡥᡝᡵᡤᡝᠨ Manju Hergen,"Takekoshi 竹越, Takeshi 孝. (2011). 『兼滿漢語滿洲套話清文啓蒙』満洲文字注音一覧表. KOTONOHA, (101).","Takekoshi 竹越, Takeshi 孝. (2011). 『兼滿漢語滿洲套話清文啓蒙』満洲文字注音一覧表. KOTONOHA, (101). Data extracted from the Qing instructional source 兼滿漢語滿洲套話清文啓蒙 (1763).",『兼滿漢語滿洲套話清文啓蒙』満洲文字注音一覧表,竹越 孝 / Takekoshi Takeshi,2011,兼滿漢語滿洲套話清文啓蒙,1763,棉,miyan,ᠮᡳᠶᠠᠨ,mijan,m,ian,,8,棉 miyan,棉
manju-hergen-takekoshi-2011,mandarin,Mandarin,Manchu script transcription of Mandarin,ᠮᠠᠨᠵᡠ ᡥᡝᡵᡤᡝᠨ Manju Hergen,"Takekoshi 竹越, Takeshi 孝. (2011). 『兼滿漢語滿洲套話清文啓蒙』満洲文字注音一覧表. KOTONOHA, (101).","Takekoshi 竹越, Takeshi 孝. (2011). 『兼滿漢語滿洲套話清文啓蒙』満洲文字注音一覧表. KOTONOHA, (101). Data extracted from the Qing instructional source 兼滿漢語滿洲套話清文啓蒙 (1763).",『兼滿漢語滿洲套話清文啓蒙』満洲文字注音一覧表,竹越 孝 / Takekoshi Takeshi,2011,兼滿漢語滿洲套話清文啓蒙,1763,点,diyan,ᡩᡳᠶᠠᠨ,tijan,d,ian,3,8,点 / 點 diyan 3,点/點
manju-hergen-takekoshi-2011,mandarin,Mandarin,Manchu script transcription of Mandarin,ᠮᠠᠨᠵᡠ ᡥᡝᡵᡤᡝᠨ Manju Hergen,"Takekoshi 竹越, Takeshi 孝. (2011). 『兼滿漢語滿洲套話清文啓蒙』満洲文字注音一覧表. KOTONOHA, (101).","Takekoshi 竹越, Takeshi 孝. (2011). 『兼滿漢語滿洲套話清文啓蒙』満洲文字注音一覧表. KOTONOHA, (101). Data extracted from the Qing instructional source 兼滿漢語滿洲套話清文啓蒙 (1763).",『兼滿漢語滿洲套話清文啓蒙』満洲文字注音一覧表,竹越 孝 / Takekoshi Takeshi,2011,兼滿漢語滿洲套話清文啓蒙,1763,點,diyan,ᡩᡳᠶᠠᠨ,tijan,d,ian,3,8,点 / 點 diyan 3,点/點
manju-hergen-takekoshi-2011,mandarin,Mandarin,Manchu script transcription of Mandarin,ᠮᠠᠨᠵᡠ ᡥᡝᡵᡤᡝᠨ Manju Hergen,"Takekoshi 竹越, Takeshi 孝. (2011). 『兼滿漢語滿洲套話清文啓蒙』満洲文字注音一覧表. KOTONOHA, (101).","Takekoshi 竹越, Takeshi 孝. (2011). 『兼滿漢語滿洲套話清文啓蒙』満洲文字注音一覧表. KOTONOHA, (101). Data extracted from the Qing instructional source 兼滿漢語滿洲套話清文啓蒙 (1763).",『兼滿漢語滿洲套話清文啓蒙』満洲文字注音一覧表,竹越 孝 / Takekoshi Takeshi,2011,兼滿漢語滿洲套話清文啓蒙,1763,墊,diyan,ᡩᡳᠶᠠᠨ,tijan,d,ian,2,8,墊 diyan 2,墊
manju-hergen-takekoshi-2011,mandarin,Mandarin,Manchu script transcription of Mandarin,ᠮᠠᠨᠵᡠ ᡥᡝᡵᡤᡝᠨ Manju Hergen,"Takekoshi 竹越, Takeshi 孝. (2011). 『兼滿漢語滿洲套話清文啓蒙』満洲文字注音一覧表. KOTONOHA, (101).","Takekoshi 竹越, Takeshi 孝. (2011). 『兼滿漢語滿洲套話清文啓蒙』満洲文字注音一覧表. KOTONOHA, (101). Data extracted from the Qing instructional source 兼滿漢語滿洲套話清文啓蒙 (1763).",『兼滿漢語滿洲套話清文啓蒙』満洲文字注音一覧表,竹越 孝 / Takekoshi Takeshi,2011,兼滿漢語滿洲套話清文啓蒙,1763,奠,diyan,ᡩᡳᠶᠠᠨ,tijan,d,ian,,8,奠 diyan,奠
manju-hergen-takekoshi-2011,mandarin,Mandarin,Manchu script transcription of Mandarin,ᠮᠠᠨᠵᡠ ᡥᡝᡵᡤᡝᠨ Manju Hergen,"Takekoshi 竹越, Takeshi 孝. (2011). 『兼滿漢語滿洲套話清文啓蒙』満洲文字注音一覧表. KOTONOHA, (101).","Takekoshi 竹越, Takeshi 孝. (2011). 『兼滿漢語滿洲套話清文啓蒙』満洲文字注音一覧表. KOTONOHA, (101). Data extracted from the Qing instructional source 兼滿漢語滿洲套話清文啓蒙 (1763).",『兼滿漢語滿洲套話清文啓蒙』満洲文字注音一覧表,竹越 孝 / Takekoshi Takeshi,2011,兼滿漢語滿洲套話清文啓蒙,1763,天,tiyan,ᡨᡳᠶᠠᠨ,tʰijan,t,ian,4,8,天 tiyan 4,天
manju-hergen-takekoshi-2011,mandarin,Mandarin,Manchu script transcription of Mandarin,ᠮᠠᠨᠵᡠ ᡥᡝᡵᡤᡝᠨ Manju Hergen,"Takekoshi 竹越, Takeshi 孝. (2011). 『兼滿漢語滿洲套話清文啓蒙』満洲文字注音一覧表. KOTONOHA, (101).","Takekoshi 竹越, Takeshi 孝. (2011). 『兼滿漢語滿洲套話清文啓蒙』満洲文字注音一覧表. KOTONOHA, (101). Data extracted from the Qing instructional source 兼滿漢語滿洲套話清文啓蒙 (1763).",『兼滿漢語滿洲套話清文啓蒙』満洲文字注音一覧表,竹越 孝 / Takekoshi Takeshi,2011,兼滿漢語滿洲套話清文啓蒙,1763,添,tiyan,ᡨᡳᠶᠠᠨ,tʰijan,t,ian,3,8,添 tiyan 3,添
manju-hergen-takekoshi-2011,mandarin,Mandarin,Manchu script transcription of Mandarin,ᠮᠠᠨᠵᡠ ᡥᡝᡵᡤᡝᠨ Manju Hergen,"Takekoshi 竹越, Takeshi 孝. (2011). 『兼滿漢語滿洲套話清文啓蒙』満洲文字注音一覧表. KOTONOHA, (101).","Takekoshi 竹越, Takeshi 孝. (2011). 『兼滿漢語滿洲套話清文啓蒙』満洲文字注音一覧表. KOTONOHA, (101). Data extracted from the Qing instructional source 兼滿漢語滿洲套話清文啓蒙 (1763).",『兼滿漢語滿洲套話清文啓蒙』満洲文字注音一覧表,竹越 孝 / Takekoshi Takeshi,2011,兼滿漢語滿洲套話清文啓蒙,1763,年,niyan,ᠨᡳᠶᠠᠨ,nijan,n,ian,16,8,年 niyan 16,年
manju-hergen-takekoshi-2011,mandarin,Mandarin,Manchu script transcription of Mandarin,ᠮᠠᠨᠵᡠ ᡥᡝᡵᡤᡝᠨ Manju Hergen,"Takekoshi 竹越, Takeshi 孝. (2011). 『兼滿漢語滿洲套話清文啓蒙』満洲文字注音一覧表. KOTONOHA, (101).","Takekoshi 竹越, Takeshi 孝. (2011). 『兼滿漢語滿洲套話清文啓蒙』満洲文字注音一覧表. KOTONOHA, (101). Data extracted from the Qing instructional source 兼滿漢語滿洲套話清文啓蒙 (1763).",『兼滿漢語滿洲套話清文啓蒙』満洲文字注音一覧表,竹越 孝 / Takekoshi Takeshi,2011,兼滿漢語滿洲套話清文啓蒙,1763,念,niyan,ᠨᡳᠶᠠᠨ,nijan,n,ian,14,8,念 niyan 14,念
manju-hergen-takekoshi-2011,mandarin,Mandarin,Manchu script transcription of Mandarin,ᠮᠠᠨᠵᡠ ᡥᡝᡵᡤᡝᠨ Manju Hergen,"Takekoshi 竹越, Takeshi 孝. (2011). 『兼滿漢語滿洲套話清文啓蒙』満洲文字注音一覧表. KOTONOHA, (101).","Takekoshi 竹越, Takeshi 孝. (2011). 『兼滿漢語滿洲套話清文啓蒙』満洲文字注音一覧表. KOTONOHA, (101). Data extracted from the Qing instructional source 兼滿漢語滿洲套話清文啓蒙 (1763).",『兼滿漢語滿洲套話清文啓蒙』満洲文字注音一覧表,竹越 孝 / Takekoshi Takeshi,2011,兼滿漢語滿洲套話清文啓蒙,1763,連,liyan,ᠯᡳᠶᠠᠨ,lijan,l,ian,7,8,連 liyan 7,連
manju-hergen-takekoshi-2011,mandarin,Mandarin,Manchu script transcription of Mandarin,ᠮᠠᠨᠵᡠ ᡥᡝᡵᡤᡝᠨ Manju Hergen,"Takekoshi 竹越, Takeshi 孝. (2011). 『兼滿漢語滿洲套話清文啓蒙』満洲文字注音一覧表. KOTONOHA, (101).","Takekoshi 竹越, Takeshi 孝. (2011). 『兼滿漢語滿洲套話清文啓蒙』満洲文字注音一覧表. KOTONOHA, (101). Data extracted from the Qing instructional source 兼滿漢語滿洲套話清文啓蒙 (1763).",『兼滿漢語滿洲套話清文啓蒙』満洲文字注音一覧表,竹越 孝 / Takekoshi Takeshi,2011,兼滿漢語滿洲套話清文啓蒙,1763,恋,liyan,ᠯᡳᠶᠠᠨ,lijan,l,ian,,8,恋 liyan,恋
manju-hergen-takekoshi-2011,mandarin,Mandarin,Manchu script transcription of Mandarin,ᠮᠠᠨᠵᡠ ᡥᡝᡵᡤᡝᠨ Manju Hergen,"Takekoshi 竹越, Takeshi 孝. (2011). 『兼滿漢語滿洲套話清文啓蒙』満洲文字注音一覧表. KOTONOHA, (101).","Takekoshi 竹越, Takeshi 孝. (2011). 『兼滿漢語滿洲套話清文啓蒙』満洲文字注音一覧表. KOTONOHA, (101). Data extracted from the Qing instructional source 兼滿漢語滿洲套話清文啓蒙 (1763).",『兼滿漢語滿洲套話清文啓蒙』満洲文字注音一覧表,竹越 孝 / Takekoshi Takeshi,2011,兼滿漢語滿洲套話清文啓蒙,1763,簾,liyan,ᠯᡳᠶᠠᠨ,lijan,l,ian,,8,簾 liyan,簾
manju-hergen-takekoshi-2011,mandarin,Mandarin,Manchu script transcription of Mandarin,ᠮᠠᠨᠵᡠ ᡥᡝᡵᡤᡝᠨ Manju Hergen,"Takekoshi 竹越, Takeshi 孝. (2011). 『兼滿漢語滿洲套話清文啓蒙』満洲文字注音一覧表. KOTONOHA, (101).","Takekoshi 竹越, Takeshi 孝. (2011). 『兼滿漢語滿洲套話清文啓蒙』満洲文字注音一覧表. KOTONOHA, (101). Data extracted from the Qing instructional source 兼滿漢語滿洲套話清文啓蒙 (1763).",『兼滿漢語滿洲套話清文啓蒙』満洲文字注音一覧表,竹越 孝 / Takekoshi Takeshi,2011,兼滿漢語滿洲套話清文啓蒙,1763,見,jiyan,ᠵᡳᠶᠠᠨ,tʃijan,j,ian,36,8,見 jiyan 36,見
manju-hergen-takekoshi-2011,mandarin,Mandarin,Manchu script transcription of Mandarin,ᠮᠠᠨᠵᡠ ᡥᡝᡵᡤᡝᠨ Manju Hergen,"Takekoshi 竹越, Takeshi 孝. (2011). 『兼滿漢語滿洲套話清文啓蒙』満洲文字注音一覧表. KOTONOHA, (101).","Takekoshi 竹越, Takeshi 孝. (2011). 『兼滿漢語滿洲套話清文啓蒙』満洲文字注音一覧表. KOTONOHA, (101). Data extracted from the Qing instructional source 兼滿漢語滿洲套話清文啓蒙 (1763).",『兼滿漢語滿洲套話清文啓蒙』満洲文字注音一覧表,竹越 孝 / Takekoshi Takeshi,2011,兼滿漢語滿洲套話清文啓蒙,1763,件,giyan,ᡤᡳᠶᠠᠨ,qijan,j,ian,10,8,件 giyan 10,件
manju-hergen-takekoshi-2011,mandarin,Mandarin,Manchu script transcription of Mandarin,ᠮᠠᠨᠵᡠ ᡥᡝᡵᡤᡝᠨ Manju Hergen,"Takekoshi 竹越, Takeshi 孝. (2011). 『兼滿漢語滿洲套話清文啓蒙』満洲文字注音一覧表. KOTONOHA, (101).","Takekoshi 竹越, Takeshi 孝. (2011). 『兼滿漢語滿洲套話清文啓蒙』満洲文字注音一覧表. KOTONOHA, (101). Data extracted from the Qing instructional source 兼滿漢語滿洲套話清文啓蒙 (1763).",『兼滿漢語滿洲套話清文啓蒙』満洲文字注音一覧表,竹越 孝 / Takekoshi Takeshi,2011,兼滿漢語滿洲套話清文啓蒙,1763,箭,jiyan,ᠵᡳᠶᠠᠨ,tʃijan,j,ian,6,8,箭 jiyan 6,箭
manju-hergen-takekoshi-2011,mandarin,Mandarin,Manchu script transcription of Mandarin,ᠮᠠᠨᠵᡠ ᡥᡝᡵᡤᡝᠨ Manju Hergen,"Takekoshi 竹越, Takeshi 孝. (2011). 『兼滿漢語滿洲套話清文啓蒙』満洲文字注音一覧表. KOTONOHA, (101).","Takekoshi 竹越, Takeshi 孝. (2011). 『兼滿漢語滿洲套話清文啓蒙』満洲文字注音一覧表. KOTONOHA, (101). Data extracted from the Qing instructional source 兼滿漢語滿洲套話清文啓蒙 (1763).",『兼滿漢語滿洲套話清文啓蒙』満洲文字注音一覧表,竹越 孝 / Takekoshi Takeshi,2011,兼滿漢語滿洲套話清文啓蒙,1763,間,giyan,ᡤᡳᠶᠠᠨ,qijan,j,ian,6,8,間 giyan 6,間
manju-hergen-takekoshi-2011,mandarin,Mandarin,Manchu script transcription of Mandarin,ᠮᠠᠨᠵᡠ ᡥᡝᡵᡤᡝᠨ Manju Hergen,"Takekoshi 竹越, Takeshi 孝. (2011). 『兼滿漢語滿洲套話清文啓蒙』満洲文字注音一覧表. KOTONOHA, (101).","Takekoshi 竹越, Takeshi 孝. (2011). 『兼滿漢語滿洲套話清文啓蒙』満洲文字注音一覧表. KOTONOHA, (101). Data extracted from the Qing instructional source 兼滿漢語滿洲套話清文啓蒙 (1763).",『兼滿漢語滿洲套話清文啓蒙』満洲文字注音一覧表,竹越 孝 / Takekoshi Takeshi,2011,兼滿漢語滿洲套話清文啓蒙,1763,漸,jiyan,ᠵᡳᠶᠠᠨ,tʃijan,j,ian,2,8,漸 jiyan 2,漸
manju-hergen-takekoshi-2011,mandarin,Mandarin,Manchu script transcription of Mandarin,ᠮᠠᠨᠵᡠ ᡥᡝᡵᡤᡝᠨ Manju Hergen,"Takekoshi 竹越, Takeshi 孝. (2011). 『兼滿漢語滿洲套話清文啓蒙』満洲文字注音一覧表. KOTONOHA, (101).","Takekoshi 竹越, Takeshi 孝. (2011). 『兼滿漢語滿洲套話清文啓蒙』満洲文字注音一覧表. KOTONOHA, (101). Data extracted from the Qing instructional source 兼滿漢語滿洲套話清文啓蒙 (1763).",『兼滿漢語滿洲套話清文啓蒙』満洲文字注音一覧表,竹越 孝 / Takekoshi Takeshi,2011,兼滿漢語滿洲套話清文啓蒙,1763,艰,giyan,ᡤᡳᠶᠠᠨ,qijan,j,ian,2,8,艰 giyan 2,艰
manju-hergen-takekoshi-2011,mandarin,Mandarin,Manchu script transcription of Mandarin,ᠮᠠᠨᠵᡠ ᡥᡝᡵᡤᡝᠨ Manju Hergen,"Takekoshi 竹越, Takeshi 孝. (2011). 『兼滿漢語滿洲套話清文啓蒙』満洲文字注音一覧表. KOTONOHA, (101).","Takekoshi 竹越, Takeshi 孝. (2011). 『兼滿漢語滿洲套話清文啓蒙』満洲文字注音一覧表. KOTONOHA, (101). Data extracted from the Qing instructional source 兼滿漢語滿洲套話清文啓蒙 (1763).",『兼滿漢語滿洲套話清文啓蒙』満洲文字注音一覧表,竹越 孝 / Takekoshi Takeshi,2011,兼滿漢語滿洲套話清文啓蒙,1763,簡,jiyan,ᠵᡳᠶᠠᠨ,tʃijan,j,ian,,8,簡 jiyan,簡
manju-hergen-takekoshi-2011,mandarin,Mandarin,Manchu script transcription of Mandarin,ᠮᠠᠨᠵᡠ ᡥᡝᡵᡤᡝᠨ Manju Hergen,"Takekoshi 竹越, Takeshi 孝. (2011). 『兼滿漢語滿洲套話清文啓蒙』満洲文字注音一覧表. KOTONOHA, (101).","Takekoshi 竹越, Takeshi 孝. (2011). 『兼滿漢語滿洲套話清文啓蒙』満洲文字注音一覧表. KOTONOHA, (101). Data extracted from the Qing instructional source 兼滿漢語滿洲套話清文啓蒙 (1763).",『兼滿漢語滿洲套話清文啓蒙』満洲文字注音一覧表,竹越 孝 / Takekoshi Takeshi,2011,兼滿漢語滿洲套話清文啓蒙,1763,前,ciyan,ᠴᡳᠶᠠᠨ,tʃʰijan,q,ian,18,8,前 ciyan 18,前
manju-hergen-takekoshi-2011,mandarin,Mandarin,Manchu script transcription of Mandarin,ᠮᠠᠨᠵᡠ ᡥᡝᡵᡤᡝᠨ Manju Hergen,"Takekoshi 竹越, Takeshi 孝. (2011). 『兼滿漢語滿洲套話清文啓蒙』満洲文字注音一覧表. KOTONOHA, (101).","Takekoshi 竹越, Takeshi 孝. (2011). 『兼滿漢語滿洲套話清文啓蒙』満洲文字注音一覧表. KOTONOHA, (101). Data extracted from the Qing instructional source 兼滿漢語滿洲套話清文啓蒙 (1763).",『兼滿漢語滿洲套話清文啓蒙』満洲文字注音一覧表,竹越 孝 / Takekoshi Takeshi,2011,兼滿漢語滿洲套話清文啓蒙,1763,錢,ciyan,ᠴᡳᠶᠠᠨ,tʃʰijan,q,ian,5,8,錢 ciyan 5,錢
manju-hergen-takekoshi-2011,mandarin,Mandarin,Manchu script transcription of Mandarin,ᠮᠠᠨᠵᡠ ᡥᡝᡵᡤᡝᠨ Manju Hergen,"Takekoshi 竹越, Takeshi 孝. (2011). 『兼滿漢語滿洲套話清文啓蒙』満洲文字注音一覧表. KOTONOHA, (101).","Takekoshi 竹越, Takeshi 孝. (2011). 『兼滿漢語滿洲套話清文啓蒙』満洲文字注音一覧表. KOTONOHA, (101). Data extracted from the Qing instructional source 兼滿漢語滿洲套話清文啓蒙 (1763).",『兼滿漢語滿洲套話清文啓蒙』満洲文字注音一覧表,竹越 孝 / Takekoshi Takeshi,2011,兼滿漢語滿洲套話清文啓蒙,1763,謙,ciyan,ᠴᡳᠶᠠᠨ,tʃʰijan,q,ian,2,8,謙 ciyan 2,謙
manju-hergen-takekoshi-2011,mandarin,Mandarin,Manchu script transcription of Mandarin,ᠮᠠᠨᠵᡠ ᡥᡝᡵᡤᡝᠨ Manju Hergen,"Takekoshi 竹越, Takeshi 孝. (2011). 『兼滿漢語滿洲套話清文啓蒙』満洲文字注音一覧表. KOTONOHA, (101).","Takekoshi 竹越, Takeshi 孝. (2011). 『兼滿漢語滿洲套話清文啓蒙』満洲文字注音一覧表. KOTONOHA, (101). Data extracted from the Qing instructional source 兼滿漢語滿洲套話清文啓蒙 (1763).",『兼滿漢語滿洲套話清文啓蒙』満洲文字注音一覧表,竹越 孝 / Takekoshi Takeshi,2011,兼滿漢語滿洲套話清文啓蒙,1763,浅,ciyan,ᠴᡳᠶᠠᠨ,tʃʰijan,q,ian,,8,浅 ciyan,浅
manju-hergen-takekoshi-2011,mandarin,Mandarin,Manchu script transcription of Mandarin,ᠮᠠᠨᠵᡠ ᡥᡝᡵᡤᡝᠨ Manju Hergen,"Takekoshi 竹越, Takeshi 孝. (2011). 『兼滿漢語滿洲套話清文啓蒙』満洲文字注音一覧表. KOTONOHA, (101).","Takekoshi 竹越, Takeshi 孝. (2011). 『兼滿漢語滿洲套話清文啓蒙』満洲文字注音一覧表. KOTONOHA, (101). Data extracted from the Qing instructional source 兼滿漢語滿洲套話清文啓蒙 (1763).",『兼滿漢語滿洲套話清文啓蒙』満洲文字注音一覧表,竹越 孝 / Takekoshi Takeshi,2011,兼滿漢語滿洲套話清文啓蒙,1763,先,siyan,ᠰᡳᠶᠠᠨ,sijan,x,ian,13,8,先 siyan 13,先
manju-hergen-takekoshi-2011,mandarin,Mandarin,Manchu script transcription of Mandarin,ᠮᠠᠨᠵᡠ ᡥᡝᡵᡤᡝᠨ Manju Hergen,"Takekoshi 竹越, Takeshi 孝. (2011). 『兼滿漢語滿洲套話清文啓蒙』満洲文字注音一覧表. KOTONOHA, (101).","Takekoshi 竹越, Takeshi 孝. (2011). 『兼滿漢語滿洲套話清文啓蒙』満洲文字注音一覧表. KOTONOHA, (101). Data extracted from the Qing instructional source 兼滿漢語滿洲套話清文啓蒙 (1763).",『兼滿漢語滿洲套話清文啓蒙』満洲文字注音一覧表,竹越 孝 / Takekoshi Takeshi,2011,兼滿漢語滿洲套話清文啓蒙,1763,現,siyan,ᠰᡳᠶᠠᠨ,sijan,x,ian,9,8,現 siyan 9 / hiyan 2,現
manju-hergen-takekoshi-2011,mandarin,Mandarin,Manchu script transcription of Mandarin,ᠮᠠᠨᠵᡠ ᡥᡝᡵᡤᡝᠨ Manju Hergen,"Takekoshi 竹越, Takeshi 孝. (2011). 『兼滿漢語滿洲套話清文啓蒙』満洲文字注音一覧表. KOTONOHA, (101).","Takekoshi 竹越, Takeshi 孝. (2011). 『兼滿漢語滿洲套話清文啓蒙』満洲文字注音一覧表. KOTONOHA, (101). Data extracted from the Qing instructional source 兼滿漢語滿洲套話清文啓蒙 (1763).",『兼滿漢語滿洲套話清文啓蒙』満洲文字注音一覧表,竹越 孝 / Takekoshi Takeshi,2011,兼滿漢語滿洲套話清文啓蒙,1763,現,hiyan,ᡥᡳᠶᠠᠨ,χijan,x,ian,2,8,現 siyan 9 / hiyan 2,現
manju-hergen-takekoshi-2011,mandarin,Mandarin,Manchu script transcription of Mandarin,ᠮᠠᠨᠵᡠ ᡥᡝᡵᡤᡝᠨ Manju Hergen,"Takekoshi 竹越, Takeshi 孝. (2011). 『兼滿漢語滿洲套話清文啓蒙』満洲文字注音一覧表. KOTONOHA, (101).","Takekoshi 竹越, Takeshi 孝. (2011). 『兼滿漢語滿洲套話清文啓蒙』満洲文字注音一覧表. KOTONOHA, (101). Data extracted from the Qing instructional source 兼滿漢語滿洲套話清文啓蒙 (1763).",『兼滿漢語滿洲套話清文啓蒙』満洲文字注音一覧表,竹越 孝 / Takekoshi Takeshi,2011,兼滿漢語滿洲套話清文啓蒙,1763,閒,siyan,ᠰᡳᠶᠠᠨ,sijan,x,ian,2,8,閒 siyan 2 / hiyan 2,閒
manju-hergen-takekoshi-2011,mandarin,Mandarin,Manchu script transcription of Mandarin,ᠮᠠᠨᠵᡠ ᡥᡝᡵᡤᡝᠨ Manju Hergen,"Takekoshi 竹越, Takeshi 孝. (2011). 『兼滿漢語滿洲套話清文啓蒙』満洲文字注音一覧表. KOTONOHA, (101).","Takekoshi 竹越, Takeshi 孝. (2011). 『兼滿漢語滿洲套話清文啓蒙』満洲文字注音一覧表. KOTONOHA, (101). Data extracted from the Qing instructional source 兼滿漢語滿洲套話清文啓蒙 (1763).",『兼滿漢語滿洲套話清文啓蒙』満洲文字注音一覧表,竹越 孝 / Takekoshi Takeshi,2011,兼滿漢語滿洲套話清文啓蒙,1763,閒,hiyan,ᡥᡳᠶᠠᠨ,χijan,x,ian,2,8,閒 siyan 2 / hiyan 2,閒
manju-hergen-takekoshi-2011,mandarin,Mandarin,Manchu script transcription of Mandarin,ᠮᠠᠨᠵᡠ ᡥᡝᡵᡤᡝᠨ Manju Hergen,"Takekoshi 竹越, Takeshi 孝. (2011). 『兼滿漢語滿洲套話清文啓蒙』満洲文字注音一覧表. KOTONOHA, (101).","Takekoshi 竹越, Takeshi 孝. (2011). 『兼滿漢語滿洲套話清文啓蒙』満洲文字注音一覧表. KOTONOHA, (101). Data extracted from the Qing instructional source 兼滿漢語滿洲套話清文啓蒙 (1763).",『兼滿漢語滿洲套話清文啓蒙』満洲文字注音一覧表,竹越 孝 / Takekoshi Takeshi,2011,兼滿漢語滿洲套話清文啓蒙,1763,嫌,siyan,ᠰᡳᠶᠠᠨ,sijan,x,ian,2,8,嫌 siyan 2,嫌
manju-hergen-takekoshi-2011,mandarin,Mandarin,Manchu script transcription of Mandarin,ᠮᠠᠨᠵᡠ ᡥᡝᡵᡤᡝᠨ Manju Hergen,"Takekoshi 竹越, Takeshi 孝. (2011). 『兼滿漢語滿洲套話清文啓蒙』満洲文字注音一覧表. KOTONOHA, (101).","Takekoshi 竹越, Takeshi 孝. (2011). 『兼滿漢語滿洲套話清文啓蒙』満洲文字注音一覧表. KOTONOHA, (101). Data extracted from the Qing instructional source 兼滿漢語滿洲套話清文啓蒙 (1763).",『兼滿漢語滿洲套話清文啓蒙』満洲文字注音一覧表,竹越 孝 / Takekoshi Takeshi,2011,兼滿漢語滿洲套話清文啓蒙,1763,賢,siyan,ᠰᡳᠶᠠᠨ,sijan,x,ian,2,8,賢 siyan 2,賢
manju-hergen-takekoshi-2011,mandarin,Mandarin,Manchu script transcription of Mandarin,ᠮᠠᠨᠵᡠ ᡥᡝᡵᡤᡝᠨ Manju Hergen,"Takekoshi 竹越, Takeshi 孝. (2011). 『兼滿漢語滿洲套話清文啓蒙』満洲文字注音一覧表. KOTONOHA, (101).","Takekoshi 竹越, Takeshi 孝. (2011). 『兼滿漢語滿洲套話清文啓蒙』満洲文字注音一覧表. KOTONOHA, (101). Data extracted from the Qing instructional source 兼滿漢語滿洲套話清文啓蒙 (1763).",『兼滿漢語滿洲套話清文啓蒙』満洲文字注音一覧表,竹越 孝 / Takekoshi Takeshi,2011,兼滿漢語滿洲套話清文啓蒙,1763,顕,hiyan,ᡥᡳᠶᠠᠨ,χijan,x,ian,,8,顕 hiyan,顕
manju-hergen-takekoshi-2011,mandarin,Mandarin,Manchu script transcription of Mandarin,ᠮᠠᠨᠵᡠ ᡥᡝᡵᡤᡝᠨ Manju Hergen,"Takekoshi 竹越, Takeshi 孝. (2011). 『兼滿漢語滿洲套話清文啓蒙』満洲文字注音一覧表. KOTONOHA, (101).","Takekoshi 竹越, Takeshi 孝. (2011). 『兼滿漢語滿洲套話清文啓蒙』満洲文字注音一覧表. KOTONOHA, (101). Data extracted from the Qing instructional source 兼滿漢語滿洲套話清文啓蒙 (1763).",『兼滿漢語滿洲套話清文啓蒙』満洲文字注音一覧表,竹越 孝 / Takekoshi Takeshi,2011,兼滿漢語滿洲套話清文啓蒙,1763,險,hiyan,ᡥᡳᠶᠠᠨ,χijan,x,ian,,8,險 hiyan,險
manju-hergen-takekoshi-2011,mandarin,Mandarin,Manchu script transcription of Mandarin,ᠮᠠᠨᠵᡠ ᡥᡝᡵᡤᡝᠨ Manju Hergen,"Takekoshi 竹越, Takeshi 孝. (2011). 『兼滿漢語滿洲套話清文啓蒙』満洲文字注音一覧表. KOTONOHA, (101).","Takekoshi 竹越, Takeshi 孝. (2011). 『兼滿漢語滿洲套話清文啓蒙』満洲文字注音一覧表. KOTONOHA, (101). Data extracted from the Qing instructional source 兼滿漢語滿洲套話清文啓蒙 (1763).",『兼滿漢語滿洲套話清文啓蒙』満洲文字注音一覧表,竹越 孝 / Takekoshi Takeshi,2011,兼滿漢語滿洲套話清文啓蒙,1763,言,yan,ᠶᠠᠨ,jan,y,ian,9,8,言 yan 9,言
manju-hergen-takekoshi-2011,mandarin,Mandarin,Manchu script transcription of Mandarin,ᠮᠠᠨᠵᡠ ᡥᡝᡵᡤᡝᠨ Manju Hergen,"Takekoshi 竹越, Takeshi 孝. (2011). 『兼滿漢語滿洲套話清文啓蒙』満洲文字注音一覧表. KOTONOHA, (101).","Takekoshi 竹越, Takeshi 孝. (2011). 『兼滿漢語滿洲套話清文啓蒙』満洲文字注音一覧表. KOTONOHA, (101). Data extracted from the Qing instructional source 兼滿漢語滿洲套話清文啓蒙 (1763).",『兼滿漢語滿洲套話清文啓蒙』満洲文字注音一覧表,竹越 孝 / Takekoshi Takeshi,2011,兼滿漢語滿洲套話清文啓蒙,1763,厭,yan,ᠶᠠᠨ,jan,y,ian,4,8,厭 yan 4,厭
manju-hergen-takekoshi-2011,mandarin,Mandarin,Manchu script transcription of Mandarin,ᠮᠠᠨᠵᡠ ᡥᡝᡵᡤᡝᠨ Manju Hergen,"Takekoshi 竹越, Takeshi 孝. (2011). 『兼滿漢語滿洲套話清文啓蒙』満洲文字注音一覧表. KOTONOHA, (101).","Takekoshi 竹越, Takeshi 孝. (2011). 『兼滿漢語滿洲套話清文啓蒙』満洲文字注音一覧表. KOTONOHA, (101). Data extracted from the Qing instructional source 兼滿漢語滿洲套話清文啓蒙 (1763).",『兼滿漢語滿洲套話清文啓蒙』満洲文字注音一覧表,竹越 孝 / Takekoshi Takeshi,2011,兼滿漢語滿洲套話清文啓蒙,1763,眼,yan,ᠶᠠᠨ,jan,y,ian,4,8,眼 yan 4,眼
manju-hergen-takekoshi-2011,mandarin,Mandarin,Manchu script transcription of Mandarin,ᠮᠠᠨᠵᡠ ᡥᡝᡵᡤᡝᠨ Manju Hergen,"Takekoshi 竹越, Takeshi 孝. (2011). 『兼滿漢語滿洲套話清文啓蒙』満洲文字注音一覧表. KOTONOHA, (101).","Takekoshi 竹越, Takeshi 孝. (2011). 『兼滿漢語滿洲套話清文啓蒙』満洲文字注音一覧表. KOTONOHA, (101). Data extracted from the Qing instructional source 兼滿漢語滿洲套話清文啓蒙 (1763).",『兼滿漢語滿洲套話清文啓蒙』満洲文字注音一覧表,竹越 孝 / Takekoshi Takeshi,2011,兼滿漢語滿洲套話清文啓蒙,1763,烟,yan,ᠶᠠᠨ,jan,y,ian,3,8,烟 yan 3,烟
manju-hergen-takekoshi-2011,mandarin,Mandarin,Manchu script transcription of Mandarin,ᠮᠠᠨᠵᡠ ᡥᡝᡵᡤᡝᠨ Manju Hergen,"Takekoshi 竹越, Takeshi 孝. (2011). 『兼滿漢語滿洲套話清文啓蒙』満洲文字注音一覧表. KOTONOHA, (101).","Takekoshi 竹越, Takeshi 孝. (2011). 『兼滿漢語滿洲套話清文啓蒙』満洲文字注音一覧表. KOTONOHA, (101). Data extracted from the Qing instructional source 兼滿漢語滿洲套話清文啓蒙 (1763).",『兼滿漢語滿洲套話清文啓蒙』満洲文字注音一覧表,竹越 孝 / Takekoshi Takeshi,2011,兼滿漢語滿洲套話清文啓蒙,1763,醃,yan,ᠶᠠᠨ,jan,y,ian,2,8,醃 yan 2,醃
manju-hergen-takekoshi-2011,mandarin,Mandarin,Manchu script transcription of Mandarin,ᠮᠠᠨᠵᡠ ᡥᡝᡵᡤᡝᠨ Manju Hergen,"Takekoshi 竹越, Takeshi 孝. (2011). 『兼滿漢語滿洲套話清文啓蒙』満洲文字注音一覧表. KOTONOHA, (101).","Takekoshi 竹越, Takeshi 孝. (2011). 『兼滿漢語滿洲套話清文啓蒙』満洲文字注音一覧表. KOTONOHA, (101). Data extracted from the Qing instructional source 兼滿漢語滿洲套話清文啓蒙 (1763).",『兼滿漢語滿洲套話清文啓蒙』満洲文字注音一覧表,竹越 孝 / Takekoshi Takeshi,2011,兼滿漢語滿洲套話清文啓蒙,1763,嚴,yan,ᠶᠠᠨ,jan,y,ian,,8,嚴 yan,嚴
manju-hergen-takekoshi-2011,mandarin,Mandarin,Manchu script transcription of Mandarin,ᠮᠠᠨᠵᡠ ᡥᡝᡵᡤᡝᠨ Manju Hergen,"Takekoshi 竹越, Takeshi 孝. (2011). 『兼滿漢語滿洲套話清文啓蒙』満洲文字注音一覧表. KOTONOHA, (101).","Takekoshi 竹越, Takeshi 孝. (2011). 『兼滿漢語滿洲套話清文啓蒙』満洲文字注音一覧表. KOTONOHA, (101). Data extracted from the Qing instructional source 兼滿漢語滿洲套話清文啓蒙 (1763).",『兼滿漢語滿洲套話清文啓蒙』満洲文字注音一覧表,竹越 孝 / Takekoshi Takeshi,2011,兼滿漢語滿洲套話清文啓蒙,1763,筵,yan,ᠶᠠᠨ,jan,y,ian,,8,筵 yan,筵
manju-hergen-takekoshi-2011,mandarin,Mandarin,Manchu script transcription of Mandarin,ᠮᠠᠨᠵᡠ ᡥᡝᡵᡤᡝᠨ Manju Hergen,"Takekoshi 竹越, Takeshi 孝. (2011). 『兼滿漢語滿洲套話清文啓蒙』満洲文字注音一覧表. KOTONOHA, (101).","Takekoshi 竹越, Takeshi 孝. (2011). 『兼滿漢語滿洲套話清文啓蒙』満洲文字注音一覧表. KOTONOHA, (101). Data extracted from the Qing instructional source 兼滿漢語滿洲套話清文啓蒙 (1763).",『兼滿漢語滿洲套話清文啓蒙』満洲文字注音一覧表,竹越 孝 / Takekoshi Takeshi,2011,兼滿漢語滿洲套話清文啓蒙,1763,簷,yan,ᠶᠠᠨ,jan,y,ian,,8,簷 yan,簷
manju-hergen-takekoshi-2011,mandarin,Mandarin,Manchu script transcription of Mandarin,ᠮᠠᠨᠵᡠ ᡥᡝᡵᡤᡝᠨ Manju Hergen,"Takekoshi 竹越, Takeshi 孝. (2011). 『兼滿漢語滿洲套話清文啓蒙』満洲文字注音一覧表. KOTONOHA, (101).","Takekoshi 竹越, Takeshi 孝. (2011). 『兼滿漢語滿洲套話清文啓蒙』満洲文字注音一覧表. KOTONOHA, (101). Data extracted from the Qing instructional source 兼滿漢語滿洲套話清文啓蒙 (1763).",『兼滿漢語滿洲套話清文啓蒙』満洲文字注音一覧表,竹越 孝 / Takekoshi Takeshi,2011,兼滿漢語滿洲套話清文啓蒙,1763,掩,yan,ᠶᠠᠨ,jan,y,ian,,8,掩 yan,掩
manju-hergen-takekoshi-2011,mandarin,Mandarin,Manchu script transcription of Mandarin,ᠮᠠᠨᠵᡠ ᡥᡝᡵᡤᡝᠨ Manju Hergen,"Takekoshi 竹越, Takeshi 孝. (2011). 『兼滿漢語滿洲套話清文啓蒙』満洲文字注音一覧表. KOTONOHA, (101).","Takekoshi 竹越, Takeshi 孝. (2011). 『兼滿漢語滿洲套話清文啓蒙』満洲文字注音一覧表. KOTONOHA, (101). Data extracted from the Qing instructional source 兼滿漢語滿洲套話清文啓蒙 (1763).",『兼滿漢語滿洲套話清文啓蒙』満洲文字注音一覧表,竹越 孝 / Takekoshi Takeshi,2011,兼滿漢語滿洲套話清文啓蒙,1763,演,yan,ᠶᠠᠨ,jan,y,ian,,8,演 yan,演
manju-hergen-takekoshi-2011,mandarin,Mandarin,Manchu script transcription of Mandarin,ᠮᠠᠨᠵᡠ ᡥᡝᡵᡤᡝᠨ Manju Hergen,"Takekoshi 竹越, Takeshi 孝. (2011). 『兼滿漢語滿洲套話清文啓蒙』満洲文字注音一覧表. KOTONOHA, (101).","Takekoshi 竹越, Takeshi 孝. (2011). 『兼滿漢語滿洲套話清文啓蒙』満洲文字注音一覧表. KOTONOHA, (101). Data extracted from the Qing instructional source 兼滿漢語滿洲套話清文啓蒙 (1763).",『兼滿漢語滿洲套話清文啓蒙』満洲文字注音一覧表,竹越 孝 / Takekoshi Takeshi,2011,兼滿漢語滿洲套話清文啓蒙,1763,断,duwan,ᡩᡠᠸᠠᠨ,tuwan,d,uan,10,8,断 duwan 10,断
manju-hergen-takekoshi-2011,mandarin,Mandarin,Manchu script transcription of Mandarin,ᠮᠠᠨᠵᡠ ᡥᡝᡵᡤᡝᠨ Manju Hergen,"Takekoshi 竹越, Takeshi 孝. (2011). 『兼滿漢語滿洲套話清文啓蒙』満洲文字注音一覧表. KOTONOHA, (101).","Takekoshi 竹越, Takeshi 孝. (2011). 『兼滿漢語滿洲套話清文啓蒙』満洲文字注音一覧表. KOTONOHA, (101). Data extracted from the Qing instructional source 兼滿漢語滿洲套話清文啓蒙 (1763).",『兼滿漢語滿洲套話清文啓蒙』満洲文字注音一覧表,竹越 孝 / Takekoshi Takeshi,2011,兼滿漢語滿洲套話清文啓蒙,1763,團,tuwan,ᡨᡠᠸᠠᠨ,tʰuwan,t,uan,,8,團 tuwan,團
manju-hergen-takekoshi-2011,mandarin,Mandarin,Manchu script transcription of Mandarin,ᠮᠠᠨᠵᡠ ᡥᡝᡵᡤᡝᠨ Manju Hergen,"Takekoshi 竹越, Takeshi 孝. (2011). 『兼滿漢語滿洲套話清文啓蒙』満洲文字注音一覧表. KOTONOHA, (101).","Takekoshi 竹越, Takeshi 孝. (2011). 『兼滿漢語滿洲套話清文啓蒙』満洲文字注音一覧表. KOTONOHA, (101). Data extracted from the Qing instructional source 兼滿漢語滿洲套話清文啓蒙 (1763).",『兼滿漢語滿洲套話清文啓蒙』満洲文字注音一覧表,竹越 孝 / Takekoshi Takeshi,2011,兼滿漢語滿洲套話清文啓蒙,1763,乱,luwan,ᠯᡠᠸᠠᠨ,luwan,l,uan,4,8,乱 luwan 4,乱
manju-hergen-takekoshi-2011,mandarin,Mandarin,Manchu script transcription of Mandarin,ᠮᠠᠨᠵᡠ ᡥᡝᡵᡤᡝᠨ Manju Hergen,"Takekoshi 竹越, Takeshi 孝. (2011). 『兼滿漢語滿洲套話清文啓蒙』満洲文字注音一覧表. KOTONOHA, (101).","Takekoshi 竹越, Takeshi 孝. (2011). 『兼滿漢語滿洲套話清文啓蒙』満洲文字注音一覧表. KOTONOHA, (101). Data extracted from the Qing instructional source 兼滿漢語滿洲套話清文啓蒙 (1763).",『兼滿漢語滿洲套話清文啓蒙』満洲文字注音一覧表,竹越 孝 / Takekoshi Takeshi,2011,兼滿漢語滿洲套話清文啓蒙,1763,算,suwan,ᠰᡠᠸᠠᠨ,suwan,s,uan,8,8,算 / 筭 suwan 8,算/筭
manju-hergen-takekoshi-2011,mandarin,Mandarin,Manchu script transcription of Mandarin,ᠮᠠᠨᠵᡠ ᡥᡝᡵᡤᡝᠨ Manju Hergen,"Takekoshi 竹越, Takeshi 孝. (2011). 『兼滿漢語滿洲套話清文啓蒙』満洲文字注音一覧表. KOTONOHA, (101).","Takekoshi 竹越, Takeshi 孝. (2011). 『兼滿漢語滿洲套話清文啓蒙』満洲文字注音一覧表. KOTONOHA, (101). Data extracted from the Qing instructional source 兼滿漢語滿洲套話清文啓蒙 (1763).",『兼滿漢語滿洲套話清文啓蒙』満洲文字注音一覧表,竹越 孝 / Takekoshi Takeshi,2011,兼滿漢語滿洲套話清文啓蒙,1763,筭,suwan,ᠰᡠᠸᠠᠨ,suwan,s,uan,8,8,算 / 筭 suwan 8,算/筭
manju-hergen-takekoshi-2011,mandarin,Mandarin,Manchu script transcription of Mandarin,ᠮᠠᠨᠵᡠ ᡥᡝᡵᡤᡝᠨ Manju Hergen,"Takekoshi 竹越, Takeshi 孝. (2011). 『兼滿漢語滿洲套話清文啓蒙』満洲文字注音一覧表. KOTONOHA, (101).","Takekoshi 竹越, Takeshi 孝. (2011). 『兼滿漢語滿洲套話清文啓蒙』満洲文字注音一覧表. KOTONOHA, (101). Data extracted from the Qing instructional source 兼滿漢語滿洲套話清文啓蒙 (1763).",『兼滿漢語滿洲套話清文啓蒙』満洲文字注音一覧表,竹越 孝 / Takekoshi Takeshi,2011,兼滿漢語滿洲套話清文啓蒙,1763,轉,jowan,ᠵᠣᠸᠠᠨ,tʃowan,zh,uan,,8,轉 jowan,轉
manju-hergen-takekoshi-2011,mandarin,Mandarin,Manchu script transcription of Mandarin,ᠮᠠᠨᠵᡠ ᡥᡝᡵᡤᡝᠨ Manju Hergen,"Takekoshi 竹越, Takeshi 孝. (2011). 『兼滿漢語滿洲套話清文啓蒙』満洲文字注音一覧表. KOTONOHA, (101).","Takekoshi 竹越, Takeshi 孝. (2011). 『兼滿漢語滿洲套話清文啓蒙』満洲文字注音一覧表. KOTONOHA, (101). Data extracted from the Qing instructional source 兼滿漢語滿洲套話清文啓蒙 (1763).",『兼滿漢語滿洲套話清文啓蒙』満洲文字注音一覧表,竹越 孝 / Takekoshi Takeshi,2011,兼滿漢語滿洲套話清文啓蒙,1763,穿,cuwan,ᠴᡠᠸᠠᠨ,tʃʰuwan,ch,uan,2,8,穿 cuwan 2,穿
manju-hergen-takekoshi-2011,mandarin,Mandarin,Manchu script transcription of Mandarin,ᠮᠠᠨᠵᡠ ᡥᡝᡵᡤᡝᠨ Manju Hergen,"Takekoshi 竹越, Takeshi 孝. (2011). 『兼滿漢語滿洲套話清文啓蒙』満洲文字注音一覧表. KOTONOHA, (101).","Takekoshi 竹越, Takeshi 孝. (2011). 『兼滿漢語滿洲套話清文啓蒙』満洲文字注音一覧表. KOTONOHA, (101). Data extracted from the Qing instructional source 兼滿漢語滿洲套話清文啓蒙 (1763).",『兼滿漢語滿洲套話清文啓蒙』満洲文字注音一覧表,竹越 孝 / Takekoshi Takeshi,2011,兼滿漢語滿洲套話清文啓蒙,1763,傳,cuwan,ᠴᡠᠸᠠᠨ,tʃʰuwan,ch,uan,,8,傳 cuwan,傳
manju-hergen-takekoshi-2011,mandarin,Mandarin,Manchu script transcription of Mandarin,ᠮᠠᠨᠵᡠ ᡥᡝᡵᡤᡝᠨ Manju Hergen,"Takekoshi 竹越, Takeshi 孝. (2011). 『兼滿漢語滿洲套話清文啓蒙』満洲文字注音一覧表. KOTONOHA, (101).","Takekoshi 竹越, Takeshi 孝. (2011). 『兼滿漢語滿洲套話清文啓蒙』満洲文字注音一覧表. KOTONOHA, (101). Data extracted from the Qing instructional source 兼滿漢語滿洲套話清文啓蒙 (1763).",『兼滿漢語滿洲套話清文啓蒙』満洲文字注音一覧表,竹越 孝 / Takekoshi Takeshi,2011,兼滿漢語滿洲套話清文啓蒙,1763,拴,šuwan,ᡧᡠᠸᠠᠨ,ʃuwan,sh,uan,5,8,拴 šuwan 5,拴
manju-hergen-takekoshi-2011,mandarin,Mandarin,Manchu script transcription of Mandarin,ᠮᠠᠨᠵᡠ ᡥᡝᡵᡤᡝᠨ Manju Hergen,"Takekoshi 竹越, Takeshi 孝. (2011). 『兼滿漢語滿洲套話清文啓蒙』満洲文字注音一覧表. KOTONOHA, (101).","Takekoshi 竹越, Takeshi 孝. (2011). 『兼滿漢語滿洲套話清文啓蒙』満洲文字注音一覧表. KOTONOHA, (101). Data extracted from the Qing instructional source 兼滿漢語滿洲套話清文啓蒙 (1763).",『兼滿漢語滿洲套話清文啓蒙』満洲文字注音一覧表,竹越 孝 / Takekoshi Takeshi,2011,兼滿漢語滿洲套話清文啓蒙,1763,管,guwan,ᡤᡠᠸᠠᠨ,quwan,g,uan,6,8,管 guwan 6,管
manju-hergen-takekoshi-2011,mandarin,Mandarin,Manchu script transcription of Mandarin,ᠮᠠᠨᠵᡠ ᡥᡝᡵᡤᡝᠨ Manju Hergen,"Takekoshi 竹越, Takeshi 孝. (2011). 『兼滿漢語滿洲套話清文啓蒙』満洲文字注音一覧表. KOTONOHA, (101).","Takekoshi 竹越, Takeshi 孝. (2011). 『兼滿漢語滿洲套話清文啓蒙』満洲文字注音一覧表. KOTONOHA, (101). Data extracted from the Qing instructional source 兼滿漢語滿洲套話清文啓蒙 (1763).",『兼滿漢語滿洲套話清文啓蒙』満洲文字注音一覧表,竹越 孝 / Takekoshi Takeshi,2011,兼滿漢語滿洲套話清文啓蒙,1763,慣,guwan,ᡤᡠᠸᠠᠨ,quwan,g,uan,2,8,慣 guwan 2,慣
manju-hergen-takekoshi-2011,mandarin,Mandarin,Manchu script transcription of Mandarin,ᠮᠠᠨᠵᡠ ᡥᡝᡵᡤᡝᠨ Manju Hergen,"Takekoshi 竹越, Takeshi 孝. (2011). 『兼滿漢語滿洲套話清文啓蒙』満洲文字注音一覧表. KOTONOHA, (101).","Takekoshi 竹越, Takeshi 孝. (2011). 『兼滿漢語滿洲套話清文啓蒙』満洲文字注音一覧表. KOTONOHA, (101). Data extracted from the Qing instructional source 兼滿漢語滿洲套話清文啓蒙 (1763).",『兼滿漢語滿洲套話清文啓蒙』満洲文字注音一覧表,竹越 孝 / Takekoshi Takeshi,2011,兼滿漢語滿洲套話清文啓蒙,1763,覌,guwan,ᡤᡠᠸᠠᠨ,quwan,g,uan,,8,覌 guwan / kuwan,覌
manju-hergen-takekoshi-2011,mandarin,Mandarin,Manchu script transcription of Mandarin,ᠮᠠᠨᠵᡠ ᡥᡝᡵᡤᡝᠨ Manju Hergen,"Takekoshi 竹越, Takeshi 孝. (2011). 『兼滿漢語滿洲套話清文啓蒙』満洲文字注音一覧表. KOTONOHA, (101).","Takekoshi 竹越, Takeshi 孝. (2011). 『兼滿漢語滿洲套話清文啓蒙』満洲文字注音一覧表. KOTONOHA, (101). Data extracted from the Qing instructional source 兼滿漢語滿洲套話清文啓蒙 (1763).",『兼滿漢語滿洲套話清文啓蒙』満洲文字注音一覧表,竹越 孝 / Takekoshi Takeshi,2011,兼滿漢語滿洲套話清文啓蒙,1763,覌,kuwan,ᡴᡠᠸᠠᠨ,qʰuwan,g,uan,,8,覌 guwan / kuwan,覌
manju-hergen-takekoshi-2011,mandarin,Mandarin,Manchu script transcription of Mandarin,ᠮᠠᠨᠵᡠ ᡥᡝᡵᡤᡝᠨ Manju Hergen,"Takekoshi 竹越, Takeshi 孝. (2011). 『兼滿漢語滿洲套話清文啓蒙』満洲文字注音一覧表. KOTONOHA, (101).","Takekoshi 竹越, Takeshi 孝. (2011). 『兼滿漢語滿洲套話清文啓蒙』満洲文字注音一覧表. KOTONOHA, (101). Data extracted from the Qing instructional source 兼滿漢語滿洲套話清文啓蒙 (1763).",『兼滿漢語滿洲套話清文啓蒙』満洲文字注音一覧表,竹越 孝 / Takekoshi Takeshi,2011,兼滿漢語滿洲套話清文啓蒙,1763,関,guwan,ᡤᡠᠸᠠᠨ,quwan,g,uan,,8,関 guwan,関
manju-hergen-takekoshi-2011,mandarin,Mandarin,Manchu script transcription of Mandarin,ᠮᠠᠨᠵᡠ ᡥᡝᡵᡤᡝᠨ Manju Hergen,"Takekoshi 竹越, Takeshi 孝. (2011). 『兼滿漢語滿洲套話清文啓蒙』満洲文字注音一覧表. KOTONOHA, (101).","Takekoshi 竹越, Takeshi 孝. (2011). 『兼滿漢語滿洲套話清文啓蒙』満洲文字注音一覧表. KOTONOHA, (101). Data extracted from the Qing instructional source 兼滿漢語滿洲套話清文啓蒙 (1763).",『兼滿漢語滿洲套話清文啓蒙』満洲文字注音一覧表,竹越 孝 / Takekoshi Takeshi,2011,兼滿漢語滿洲套話清文啓蒙,1763,款,kuwan,ᡴᡠᠸᠠᠨ,qʰuwan,k,uan,2,8,款 kuwan 2,款
manju-hergen-takekoshi-2011,mandarin,Mandarin,Manchu script transcription of Mandarin,ᠮᠠᠨᠵᡠ ᡥᡝᡵᡤᡝᠨ Manju Hergen,"Takekoshi 竹越, Takeshi 孝. (2011). 『兼滿漢語滿洲套話清文啓蒙』満洲文字注音一覧表. KOTONOHA, (101).","Takekoshi 竹越, Takeshi 孝. (2011). 『兼滿漢語滿洲套話清文啓蒙』満洲文字注音一覧表. KOTONOHA, (101). Data extracted from the Qing instructional source 兼滿漢語滿洲套話清文啓蒙 (1763).",『兼滿漢語滿洲套話清文啓蒙』満洲文字注音一覧表,竹越 孝 / Takekoshi Takeshi,2011,兼滿漢語滿洲套話清文啓蒙,1763,寛,kuwan,ᡴᡠᠸᠠᠨ,qʰuwan,k,uan,,8,寛 kuwan,寛
manju-hergen-takekoshi-2011,mandarin,Mandarin,Manchu script transcription of Mandarin,ᠮᠠᠨᠵᡠ ᡥᡝᡵᡤᡝᠨ Manju Hergen,"Takekoshi 竹越, Takeshi 孝. (2011). 『兼滿漢語滿洲套話清文啓蒙』満洲文字注音一覧表. KOTONOHA, (101).","Takekoshi 竹越, Takeshi 孝. (2011). 『兼滿漢語滿洲套話清文啓蒙』満洲文字注音一覧表. KOTONOHA, (101). Data extracted from the Qing instructional source 兼滿漢語滿洲套話清文啓蒙 (1763).",『兼滿漢語滿洲套話清文啓蒙』満洲文字注音一覧表,竹越 孝 / Takekoshi Takeshi,2011,兼滿漢語滿洲套話清文啓蒙,1763,还,huwan,ᡥᡠᠸᠠᠨ,χuwan,h,uan,28,8,还 / 還 huwan 28 / hūwan 3 / huwai,还/還
manju-hergen-takekoshi-2011,mandarin,Mandarin,Manchu script transcription of Mandarin,ᠮᠠᠨᠵᡠ ᡥᡝᡵᡤᡝᠨ Manju Hergen,"Takekoshi 竹越, Takeshi 孝. (2011). 『兼滿漢語滿洲套話清文啓蒙』満洲文字注音一覧表. KOTONOHA, (101).","Takekoshi 竹越, Takeshi 孝. (2011). 『兼滿漢語滿洲套話清文啓蒙』満洲文字注音一覧表. KOTONOHA, (101). Data extracted from the Qing instructional source 兼滿漢語滿洲套話清文啓蒙 (1763).",『兼滿漢語滿洲套話清文啓蒙』満洲文字注音一覧表,竹越 孝 / Takekoshi Takeshi,2011,兼滿漢語滿洲套話清文啓蒙,1763,还,hūwan,ᡥᡡᠸᠠᠨ,χʊwan,h,uan,3,8,还 / 還 huwan 28 / hūwan 3 / huwai,还/還
manju-hergen-takekoshi-2011,mandarin,Mandarin,Manchu script transcription of Mandarin,ᠮᠠᠨᠵᡠ ᡥᡝᡵᡤᡝᠨ Manju Hergen,"Takekoshi 竹越, Takeshi 孝. (2011). 『兼滿漢語滿洲套話清文啓蒙』満洲文字注音一覧表. KOTONOHA, (101).","Takekoshi 竹越, Takeshi 孝. (2011). 『兼滿漢語滿洲套話清文啓蒙』満洲文字注音一覧表. KOTONOHA, (101). Data extracted from the Qing instructional source 兼滿漢語滿洲套話清文啓蒙 (1763).",『兼滿漢語滿洲套話清文啓蒙』満洲文字注音一覧表,竹越 孝 / Takekoshi Takeshi,2011,兼滿漢語滿洲套話清文啓蒙,1763,还,huwai,ᡥᡠᠸᠠᡳ,χuwai,h,uan,,8,还 / 還 huwan 28 / hūwan 3 / huwai,还/還
manju-hergen-takekoshi-2011,mandarin,Mandarin,Manchu script transcription of Mandarin,ᠮᠠᠨᠵᡠ ᡥᡝᡵᡤᡝᠨ Manju Hergen,"Takekoshi 竹越, Takeshi 孝. (2011). 『兼滿漢語滿洲套話清文啓蒙』満洲文字注音一覧表. KOTONOHA, (101).","Takekoshi 竹越, Takeshi 孝. (2011). 『兼滿漢語滿洲套話清文啓蒙』満洲文字注音一覧表. KOTONOHA, (101). Data extracted from the Qing instructional source 兼滿漢語滿洲套話清文啓蒙 (1763).",『兼滿漢語滿洲套話清文啓蒙』満洲文字注音一覧表,竹越 孝 / Takekoshi Takeshi,2011,兼滿漢語滿洲套話清文啓蒙,1763,還,huwan,ᡥᡠᠸᠠᠨ,χuwan,h,uan,28,8,还 / 還 huwan 28 / hūwan 3 / huwai,还/還
manju-hergen-takekoshi-2011,mandarin,Mandarin,Manchu script transcription of Mandarin,ᠮᠠᠨᠵᡠ ᡥᡝᡵᡤᡝᠨ Manju Hergen,"Takekoshi 竹越, Takeshi 孝. (2011). 『兼滿漢語滿洲套話清文啓蒙』満洲文字注音一覧表. KOTONOHA, (101).","Takekoshi 竹越, Takeshi 孝. (2011). 『兼滿漢語滿洲套話清文啓蒙』満洲文字注音一覧表. KOTONOHA, (101). Data extracted from the Qing instructional source 兼滿漢語滿洲套話清文啓蒙 (1763).",『兼滿漢語滿洲套話清文啓蒙』満洲文字注音一覧表,竹越 孝 / Takekoshi Takeshi,2011,兼滿漢語滿洲套話清文啓蒙,1763,還,hūwan,ᡥᡡᠸᠠᠨ,χʊwan,h,uan,3,8,还 / 還 huwan 28 / hūwan 3 / huwai,还/還
manju-hergen-takekoshi-2011,mandarin,Mandarin,Manchu script transcription of Mandarin,ᠮᠠᠨᠵᡠ ᡥᡝᡵᡤᡝᠨ Manju Hergen,"Takekoshi 竹越, Takeshi 孝. (2011). 『兼滿漢語滿洲套話清文啓蒙』満洲文字注音一覧表. KOTONOHA, (101).","Takekoshi 竹越, Takeshi 孝. (2011). 『兼滿漢語滿洲套話清文啓蒙』満洲文字注音一覧表. KOTONOHA, (101). Data extracted from the Qing instructional source 兼滿漢語滿洲套話清文啓蒙 (1763).",『兼滿漢語滿洲套話清文啓蒙』満洲文字注音一覧表,竹越 孝 / Takekoshi Takeshi,2011,兼滿漢語滿洲套話清文啓蒙,1763,還,huwai,ᡥᡠᠸᠠᡳ,χuwai,h,uan,,8,还 / 還 huwan 28 / hūwan 3 / huwai,还/還
manju-hergen-takekoshi-2011,mandarin,Mandarin,Manchu script transcription of Mandarin,ᠮᠠᠨᠵᡠ ᡥᡝᡵᡤᡝᠨ Manju Hergen,"Takekoshi 竹越, Takeshi 孝. (2011). 『兼滿漢語滿洲套話清文啓蒙』満洲文字注音一覧表. KOTONOHA, (101).","Takekoshi 竹越, Takeshi 孝. (2011). 『兼滿漢語滿洲套話清文啓蒙』満洲文字注音一覧表. KOTONOHA, (101). Data extracted from the Qing instructional source 兼滿漢語滿洲套話清文啓蒙 (1763).",『兼滿漢語滿洲套話清文啓蒙』満洲文字注音一覧表,竹越 孝 / Takekoshi Takeshi,2011,兼滿漢語滿洲套話清文啓蒙,1763,欢,huwan,ᡥᡠᠸᠠᠨ,χuwan,h,uan,3,8,欢 huwan 3,欢
manju-hergen-takekoshi-2011,mandarin,Mandarin,Manchu script transcription of Mandarin,ᠮᠠᠨᠵᡠ ᡥᡝᡵᡤᡝᠨ Manju Hergen,"Takekoshi 竹越, Takeshi 孝. (2011). 『兼滿漢語滿洲套話清文啓蒙』満洲文字注音一覧表. KOTONOHA, (101).","Takekoshi 竹越, Takeshi 孝. (2011). 『兼滿漢語滿洲套話清文啓蒙』満洲文字注音一覧表. KOTONOHA, (101). Data extracted from the Qing instructional source 兼滿漢語滿洲套話清文啓蒙 (1763).",『兼滿漢語滿洲套話清文啓蒙』満洲文字注音一覧表,竹越 孝 / Takekoshi Takeshi,2011,兼滿漢語滿洲套話清文啓蒙,1763,緩,huwan,ᡥᡠᠸᠠᠨ,χuwan,h,uan,2,8,緩 huwan 2,緩
manju-hergen-takekoshi-2011,mandarin,Mandarin,Manchu script transcription of Mandarin,ᠮᠠᠨᠵᡠ ᡥᡝᡵᡤᡝᠨ Manju Hergen,"Takekoshi 竹越, Takeshi 孝. (2011). 『兼滿漢語滿洲套話清文啓蒙』満洲文字注音一覧表. KOTONOHA, (101).","Takekoshi 竹越, Takeshi 孝. (2011). 『兼滿漢語滿洲套話清文啓蒙』満洲文字注音一覧表. KOTONOHA, (101). Data extracted from the Qing instructional source 兼滿漢語滿洲套話清文啓蒙 (1763).",『兼滿漢語滿洲套話清文啓蒙』満洲文字注音一覧表,竹越 孝 / Takekoshi Takeshi,2011,兼滿漢語滿洲套話清文啓蒙,1763,完,wan,ᠸᠠᠨ,wan,w,uan,14,8,完 wan 14,完
manju-hergen-takekoshi-2011,mandarin,Mandarin,Manchu script transcription of Mandarin,ᠮᠠᠨᠵᡠ ᡥᡝᡵᡤᡝᠨ Manju Hergen,"Takekoshi 竹越, Takeshi 孝. (2011). 『兼滿漢語滿洲套話清文啓蒙』満洲文字注音一覧表. KOTONOHA, (101).","Takekoshi 竹越, Takeshi 孝. (2011). 『兼滿漢語滿洲套話清文啓蒙』満洲文字注音一覧表. KOTONOHA, (101). Data extracted from the Qing instructional source 兼滿漢語滿洲套話清文啓蒙 (1763).",『兼滿漢語滿洲套話清文啓蒙』満洲文字注音一覧表,竹越 孝 / Takekoshi Takeshi,2011,兼滿漢語滿洲套話清文啓蒙,1763,万,wan,ᠸᠠᠨ,wan,w,uan,5,8,万 / 萬 wan 5,万/萬
manju-hergen-takekoshi-2011,mandarin,Mandarin,Manchu script transcription of Mandarin,ᠮᠠᠨᠵᡠ ᡥᡝᡵᡤᡝᠨ Manju Hergen,"Takekoshi 竹越, Takeshi 孝. (2011). 『兼滿漢語滿洲套話清文啓蒙』満洲文字注音一覧表. KOTONOHA, (101).","Takekoshi 竹越, Takeshi 孝. (2011). 『兼滿漢語滿洲套話清文啓蒙』満洲文字注音一覧表. KOTONOHA, (101). Data extracted from the Qing instructional source 兼滿漢語滿洲套話清文啓蒙 (1763).",『兼滿漢語滿洲套話清文啓蒙』満洲文字注音一覧表,竹越 孝 / Takekoshi Takeshi,2011,兼滿漢語滿洲套話清文啓蒙,1763,萬,wan,ᠸᠠᠨ,wan,w,uan,5,8,万 / 萬 wan 5,万/萬
manju-hergen-takekoshi-2011,mandarin,Mandarin,Manchu script transcription of Mandarin,ᠮᠠᠨᠵᡠ ᡥᡝᡵᡤᡝᠨ Manju Hergen,"Takekoshi 竹越, Takeshi 孝. (2011). 『兼滿漢語滿洲套話清文啓蒙』満洲文字注音一覧表. KOTONOHA, (101).","Takekoshi 竹越, Takeshi 孝. (2011). 『兼滿漢語滿洲套話清文啓蒙』満洲文字注音一覧表. KOTONOHA, (101). Data extracted from the Qing instructional source 兼滿漢語滿洲套話清文啓蒙 (1763).",『兼滿漢語滿洲套話清文啓蒙』満洲文字注音一覧表,竹越 孝 / Takekoshi Takeshi,2011,兼滿漢語滿洲套話清文啓蒙,1763,晩,wan,ᠸᠠᠨ,wan,w,uan,3,8,晩 wan 3,晩
manju-hergen-takekoshi-2011,mandarin,Mandarin,Manchu script transcription of Mandarin,ᠮᠠᠨᠵᡠ ᡥᡝᡵᡤᡝᠨ Manju Hergen,"Takekoshi 竹越, Takeshi 孝. (2011). 『兼滿漢語滿洲套話清文啓蒙』満洲文字注音一覧表. KOTONOHA, (101).","Takekoshi 竹越, Takeshi 孝. (2011). 『兼滿漢語滿洲套話清文啓蒙』満洲文字注音一覧表. KOTONOHA, (101). Data extracted from the Qing instructional source 兼滿漢語滿洲套話清文啓蒙 (1763).",『兼滿漢語滿洲套話清文啓蒙』満洲文字注音一覧表,竹越 孝 / Takekoshi Takeshi,2011,兼滿漢語滿洲套話清文啓蒙,1763,碗,wan,ᠸᠠᠨ,wan,w,uan,2,8,碗 wan 2,碗
manju-hergen-takekoshi-2011,mandarin,Mandarin,Manchu script transcription of Mandarin,ᠮᠠᠨᠵᡠ ᡥᡝᡵᡤᡝᠨ Manju Hergen,"Takekoshi 竹越, Takeshi 孝. (2011). 『兼滿漢語滿洲套話清文啓蒙』満洲文字注音一覧表. KOTONOHA, (101).","Takekoshi 竹越, Takeshi 孝. (2011). 『兼滿漢語滿洲套話清文啓蒙』満洲文字注音一覧表. KOTONOHA, (101). Data extracted from the Qing instructional source 兼滿漢語滿洲套話清文啓蒙 (1763).",『兼滿漢語滿洲套話清文啓蒙』満洲文字注音一覧表,竹越 孝 / Takekoshi Takeshi,2011,兼滿漢語滿洲套話清文啓蒙,1763,劝,kiowan,ᡴᡳᠣᠸᠠᠨ,qʰiowan,q,üan,5,8,劝 kiowan 5,劝
manju-hergen-takekoshi-2011,mandarin,Mandarin,Manchu script transcription of Mandarin,ᠮᠠᠨᠵᡠ ᡥᡝᡵᡤᡝᠨ Manju Hergen,"Takekoshi 竹越, Takeshi 孝. (2011). 『兼滿漢語滿洲套話清文啓蒙』満洲文字注音一覧表. KOTONOHA, (101).","Takekoshi 竹越, Takeshi 孝. (2011). 『兼滿漢語滿洲套話清文啓蒙』満洲文字注音一覧表. KOTONOHA, (101). Data extracted from the Qing instructional source 兼滿漢語滿洲套話清文啓蒙 (1763).",『兼滿漢語滿洲套話清文啓蒙』満洲文字注音一覧表,竹越 孝 / Takekoshi Takeshi,2011,兼滿漢語滿洲套話清文啓蒙,1763,全,ciowan,ᠴᡳᠣᠸᠠᠨ,tʃʰiowan,q,üan,3,8,全 ciowan 3 / kiowan,全
manju-hergen-takekoshi-2011,mandarin,Mandarin,Manchu script transcription of Mandarin,ᠮᠠᠨᠵᡠ ᡥᡝᡵᡤᡝᠨ Manju Hergen,"Takekoshi 竹越, Takeshi 孝. (2011). 『兼滿漢語滿洲套話清文啓蒙』満洲文字注音一覧表. KOTONOHA, (101).","Takekoshi 竹越, Takeshi 孝. (2011). 『兼滿漢語滿洲套話清文啓蒙』満洲文字注音一覧表. KOTONOHA, (101). Data extracted from the Qing instructional source 兼滿漢語滿洲套話清文啓蒙 (1763).",『兼滿漢語滿洲套話清文啓蒙』満洲文字注音一覧表,竹越 孝 / Takekoshi Takeshi,2011,兼滿漢語滿洲套話清文啓蒙,1763,全,kiowan,ᡴᡳᠣᠸᠠᠨ,qʰiowan,q,üan,,8,全 ciowan 3 / kiowan,全
manju-hergen-takekoshi-2011,mandarin,Mandarin,Manchu script transcription of Mandarin,ᠮᠠᠨᠵᡠ ᡥᡝᡵᡤᡝᠨ Manju Hergen,"Takekoshi 竹越, Takeshi 孝. (2011). 『兼滿漢語滿洲套話清文啓蒙』満洲文字注音一覧表. KOTONOHA, (101).","Takekoshi 竹越, Takeshi 孝. (2011). 『兼滿漢語滿洲套話清文啓蒙』満洲文字注音一覧表. KOTONOHA, (101). Data extracted from the Qing instructional source 兼滿漢語滿洲套話清文啓蒙 (1763).",『兼滿漢語滿洲套話清文啓蒙』満洲文字注音一覧表,竹越 孝 / Takekoshi Takeshi,2011,兼滿漢語滿洲套話清文啓蒙,1763,眩,hiowan,ᡥᡳᠣᠸᠠᠨ,χiowan,x,üan,,8,眩 hiowan,眩
manju-hergen-takekoshi-2011,mandarin,Mandarin,Manchu script transcription of Mandarin,ᠮᠠᠨᠵᡠ ᡥᡝᡵᡤᡝᠨ Manju Hergen,"Takekoshi 竹越, Takeshi 孝. (2011). 『兼滿漢語滿洲套話清文啓蒙』満洲文字注音一覧表. KOTONOHA, (101).","Takekoshi 竹越, Takeshi 孝. (2011). 『兼滿漢語滿洲套話清文啓蒙』満洲文字注音一覧表. KOTONOHA, (101). Data extracted from the Qing instructional source 兼滿漢語滿洲套話清文啓蒙 (1763).",『兼滿漢語滿洲套話清文啓蒙』満洲文字注音一覧表,竹越 孝 / Takekoshi Takeshi,2011,兼滿漢語滿洲套話清文啓蒙,1763,院,yuwan,ᠶᡠᠸᠠᠨ,juwan,y,üan,8,8,院 yuwan 8,院
manju-hergen-takekoshi-2011,mandarin,Mandarin,Manchu script transcription of Mandarin,ᠮᠠᠨᠵᡠ ᡥᡝᡵᡤᡝᠨ Manju Hergen,"Takekoshi 竹越, Takeshi 孝. (2011). 『兼滿漢語滿洲套話清文啓蒙』満洲文字注音一覧表. KOTONOHA, (101).","Takekoshi 竹越, Takeshi 孝. (2011). 『兼滿漢語滿洲套話清文啓蒙』満洲文字注音一覧表. KOTONOHA, (101). Data extracted from the Qing instructional source 兼滿漢語滿洲套話清文啓蒙 (1763).",『兼滿漢語滿洲套話清文啓蒙』満洲文字注音一覧表,竹越 孝 / Takekoshi Takeshi,2011,兼滿漢語滿洲套話清文啓蒙,1763,原,yuwan,ᠶᡠᠸᠠᠨ,juwan,y,üan,6,8,原 yuwan 6,原
manju-hergen-takekoshi-2011,mandarin,Mandarin,Manchu script transcription of Mandarin,ᠮᠠᠨᠵᡠ ᡥᡝᡵᡤᡝᠨ Manju Hergen,"Takekoshi 竹越, Takeshi 孝. (2011). 『兼滿漢語滿洲套話清文啓蒙』満洲文字注音一覧表. KOTONOHA, (101).","Takekoshi 竹越, Takeshi 孝. (2011). 『兼滿漢語滿洲套話清文啓蒙』満洲文字注音一覧表. KOTONOHA, (101). Data extracted from the Qing instructional source 兼滿漢語滿洲套話清文啓蒙 (1763).",『兼滿漢語滿洲套話清文啓蒙』満洲文字注音一覧表,竹越 孝 / Takekoshi Takeshi,2011,兼滿漢語滿洲套話清文啓蒙,1763,怨,yuwan,ᠶᡠᠸᠠᠨ,juwan,y,üan,4,8,怨 yuwan 4,怨
manju-hergen-takekoshi-2011,mandarin,Mandarin,Manchu script transcription of Mandarin,ᠮᠠᠨᠵᡠ ᡥᡝᡵᡤᡝᠨ Manju Hergen,"Takekoshi 竹越, Takeshi 孝. (2011). 『兼滿漢語滿洲套話清文啓蒙』満洲文字注音一覧表. KOTONOHA, (101).","Takekoshi 竹越, Takeshi 孝. (2011). 『兼滿漢語滿洲套話清文啓蒙』満洲文字注音一覧表. KOTONOHA, (101). Data extracted from the Qing instructional source 兼滿漢語滿洲套話清文啓蒙 (1763).",『兼滿漢語滿洲套話清文啓蒙』満洲文字注音一覧表,竹越 孝 / Takekoshi Takeshi,2011,兼滿漢語滿洲套話清文啓蒙,1763,遠,yuwan,ᠶᡠᠸᠠᠨ,juwan,y,üan,4,8,遠 / 远 yuwan 4,遠/远
manju-hergen-takekoshi-2011,mandarin,Mandarin,Manchu script transcription of Mandarin,ᠮᠠᠨᠵᡠ ᡥᡝᡵᡤᡝᠨ Manju Hergen,"Takekoshi 竹越, Takeshi 孝. (2011). 『兼滿漢語滿洲套話清文啓蒙』満洲文字注音一覧表. KOTONOHA, (101).","Takekoshi 竹越, Takeshi 孝. (2011). 『兼滿漢語滿洲套話清文啓蒙』満洲文字注音一覧表. KOTONOHA, (101). Data extracted from the Qing instructional source 兼滿漢語滿洲套話清文啓蒙 (1763).",『兼滿漢語滿洲套話清文啓蒙』満洲文字注音一覧表,竹越 孝 / Takekoshi Takeshi,2011,兼滿漢語滿洲套話清文啓蒙,1763,远,yuwan,ᠶᡠᠸᠠᠨ,juwan,y,üan,4,8,遠 / 远 yuwan 4,遠/远
manju-hergen-takekoshi-2011,mandarin,Mandarin,Manchu script transcription of Mandarin,ᠮᠠᠨᠵᡠ ᡥᡝᡵᡤᡝᠨ Manju Hergen,"Takekoshi 竹越, Takeshi 孝. (2011). 『兼滿漢語滿洲套話清文啓蒙』満洲文字注音一覧表. KOTONOHA, (101).","Takekoshi 竹越, Takeshi 孝. (2011). 『兼滿漢語滿洲套話清文啓蒙』満洲文字注音一覧表. KOTONOHA, (101). Data extracted from the Qing instructional source 兼滿漢語滿洲套話清文啓蒙 (1763).",『兼滿漢語滿洲套話清文啓蒙』満洲文字注音一覧表,竹越 孝 / Takekoshi Takeshi,2011,兼滿漢語滿洲套話清文啓蒙,1763,愿,yuwan,ᠶᡠᠸᠠᠨ,juwan,y,üan,3,8,愿 yuwan 3,愿
manju-hergen-takekoshi-2011,mandarin,Mandarin,Manchu script transcription of Mandarin,ᠮᠠᠨᠵᡠ ᡥᡝᡵᡤᡝᠨ Manju Hergen,"Takekoshi 竹越, Takeshi 孝. (2011). 『兼滿漢語滿洲套話清文啓蒙』満洲文字注音一覧表. KOTONOHA, (101).","Takekoshi 竹越, Takeshi 孝. (2011). 『兼滿漢語滿洲套話清文啓蒙』満洲文字注音一覧表. KOTONOHA, (101). Data extracted from the Qing instructional source 兼滿漢語滿洲套話清文啓蒙 (1763).",『兼滿漢語滿洲套話清文啓蒙』満洲文字注音一覧表,竹越 孝 / Takekoshi Takeshi,2011,兼滿漢語滿洲套話清文啓蒙,1763,縁,yuwan,ᠶᡠᠸᠠᠨ,juwan,y,üan,2,8,縁 yuwan 2,縁
manju-hergen-takekoshi-2011,mandarin,Mandarin,Manchu script transcription of Mandarin,ᠮᠠᠨᠵᡠ ᡥᡝᡵᡤᡝᠨ Manju Hergen,"Takekoshi 竹越, Takeshi 孝. (2011). 『兼滿漢語滿洲套話清文啓蒙』満洲文字注音一覧表. KOTONOHA, (101).","Takekoshi 竹越, Takeshi 孝. (2011). 『兼滿漢語滿洲套話清文啓蒙』満洲文字注音一覧表. KOTONOHA, (101). Data extracted from the Qing instructional source 兼滿漢語滿洲套話清文啓蒙 (1763).",『兼滿漢語滿洲套話清文啓蒙』満洲文字注音一覧表,竹越 孝 / Takekoshi Takeshi,2011,兼滿漢語滿洲套話清文啓蒙,1763,員,yuwan,ᠶᡠᠸᠠᠨ,juwan,y,üan,,8,員 yuwan,員
manju-hergen-takekoshi-2011,mandarin,Mandarin,Manchu script transcription of Mandarin,ᠮᠠᠨᠵᡠ ᡥᡝᡵᡤᡝᠨ Manju Hergen,"Takekoshi 竹越, Takeshi 孝. (2011). 『兼滿漢語滿洲套話清文啓蒙』満洲文字注音一覧表. KOTONOHA, (101).","Takekoshi 竹越, Takeshi 孝. (2011). 『兼滿漢語滿洲套話清文啓蒙』満洲文字注音一覧表. KOTONOHA, (101). Data extracted from the Qing instructional source 兼滿漢語滿洲套話清文啓蒙 (1763).",『兼滿漢語滿洲套話清文啓蒙』満洲文字注音一覧表,竹越 孝 / Takekoshi Takeshi,2011,兼滿漢語滿洲套話清文啓蒙,1763,源,yuwan,ᠶᡠᠸᠠᠨ,juwan,y,üan,,8,源 yuwan,源
manju-hergen-takekoshi-2011,mandarin,Mandarin,Manchu script transcription of Mandarin,ᠮᠠᠨᠵᡠ ᡥᡝᡵᡤᡝᠨ Manju Hergen,"Takekoshi 竹越, Takeshi 孝. (2011). 『兼滿漢語滿洲套話清文啓蒙』満洲文字注音一覧表. KOTONOHA, (101).","Takekoshi 竹越, Takeshi 孝. (2011). 『兼滿漢語滿洲套話清文啓蒙』満洲文字注音一覧表. KOTONOHA, (101). Data extracted from the Qing instructional source 兼滿漢語滿洲套話清文啓蒙 (1763).",『兼滿漢語滿洲套話清文啓蒙』満洲文字注音一覧表,竹越 孝 / Takekoshi Takeshi,2011,兼滿漢語滿洲套話清文啓蒙,1763,冤,yuwan,ᠶᡠᠸᠠᠨ,juwan,y,üan,,8,冤 yuwan,冤
manju-hergen-takekoshi-2011,mandarin,Mandarin,Manchu script transcription of Mandarin,ᠮᠠᠨᠵᡠ ᡥᡝᡵᡤᡝᠨ Manju Hergen,"Takekoshi 竹越, Takeshi 孝. (2011). 『兼滿漢語滿洲套話清文啓蒙』満洲文字注音一覧表. KOTONOHA, (101).","Takekoshi 竹越, Takeshi 孝. (2011). 『兼滿漢語滿洲套話清文啓蒙』満洲文字注音一覧表. KOTONOHA, (101). Data extracted from the Qing instructional source 兼滿漢語滿洲套話清文啓蒙 (1763).",『兼滿漢語滿洲套話清文啓蒙』満洲文字注音一覧表,竹越 孝 / Takekoshi Takeshi,2011,兼滿漢語滿洲套話清文啓蒙,1763,本,ben,ᠪᡝᠨ,pən,b,en,6,9,本 ben 6,本
manju-hergen-takekoshi-2011,mandarin,Mandarin,Manchu script transcription of Mandarin,ᠮᠠᠨᠵᡠ ᡥᡝᡵᡤᡝᠨ Manju Hergen,"Takekoshi 竹越, Takeshi 孝. (2011). 『兼滿漢語滿洲套話清文啓蒙』満洲文字注音一覧表. KOTONOHA, (101).","Takekoshi 竹越, Takeshi 孝. (2011). 『兼滿漢語滿洲套話清文啓蒙』満洲文字注音一覧表. KOTONOHA, (101). Data extracted from the Qing instructional source 兼滿漢語滿洲套話清文啓蒙 (1763).",『兼滿漢語滿洲套話清文啓蒙』満洲文字注音一覧表,竹越 孝 / Takekoshi Takeshi,2011,兼滿漢語滿洲套話清文啓蒙,1763,盆,pen,ᡦᡝᠨ,pʰən,p,en,,9,盆 pen,盆
manju-hergen-takekoshi-2011,mandarin,Mandarin,Manchu script transcription of Mandarin,ᠮᠠᠨᠵᡠ ᡥᡝᡵᡤᡝᠨ Manju Hergen,"Takekoshi 竹越, Takeshi 孝. (2011). 『兼滿漢語滿洲套話清文啓蒙』満洲文字注音一覧表. KOTONOHA, (101).","Takekoshi 竹越, Takeshi 孝. (2011). 『兼滿漢語滿洲套話清文啓蒙』満洲文字注音一覧表. KOTONOHA, (101). Data extracted from the Qing instructional source 兼滿漢語滿洲套話清文啓蒙 (1763).",『兼滿漢語滿洲套話清文啓蒙』満洲文字注音一覧表,竹越 孝 / Takekoshi Takeshi,2011,兼滿漢語滿洲套話清文啓蒙,1763,們,men,ᠮᡝᠨ,mən,m,en,89,9,們 men 89,們
manju-hergen-takekoshi-2011,mandarin,Mandarin,Manchu script transcription of Mandarin,ᠮᠠᠨᠵᡠ ᡥᡝᡵᡤᡝᠨ Manju Hergen,"Takekoshi 竹越, Takeshi 孝. (2011). 『兼滿漢語滿洲套話清文啓蒙』満洲文字注音一覧表. KOTONOHA, (101).","Takekoshi 竹越, Takeshi 孝. (2011). 『兼滿漢語滿洲套話清文啓蒙』満洲文字注音一覧表. KOTONOHA, (101). Data extracted from the Qing instructional source 兼滿漢語滿洲套話清文啓蒙 (1763).",『兼滿漢語滿洲套話清文啓蒙』満洲文字注音一覧表,竹越 孝 / Takekoshi Takeshi,2011,兼滿漢語滿洲套話清文啓蒙,1763,門,men,ᠮᡝᠨ,mən,m,en,7,9,門 men 7,門
manju-hergen-takekoshi-2011,mandarin,Mandarin,Manchu script transcription of Mandarin,ᠮᠠᠨᠵᡠ ᡥᡝᡵᡤᡝᠨ Manju Hergen,"Takekoshi 竹越, Takeshi 孝. (2011). 『兼滿漢語滿洲套話清文啓蒙』満洲文字注音一覧表. KOTONOHA, (101).","Takekoshi 竹越, Takeshi 孝. (2011). 『兼滿漢語滿洲套話清文啓蒙』満洲文字注音一覧表. KOTONOHA, (101). Data extracted from the Qing instructional source 兼滿漢語滿洲套話清文啓蒙 (1763).",『兼滿漢語滿洲套話清文啓蒙』満洲文字注音一覧表,竹越 孝 / Takekoshi Takeshi,2011,兼滿漢語滿洲套話清文啓蒙,1763,悶,men,ᠮᡝᠨ,mən,m,en,2,9,悶 men 2,悶
manju-hergen-takekoshi-2011,mandarin,Mandarin,Manchu script transcription of Mandarin,ᠮᠠᠨᠵᡠ ᡥᡝᡵᡤᡝᠨ Manju Hergen,"Takekoshi 竹越, Takeshi 孝. (2011). 『兼滿漢語滿洲套話清文啓蒙』満洲文字注音一覧表. KOTONOHA, (101).","Takekoshi 竹越, Takeshi 孝. (2011). 『兼滿漢語滿洲套話清文啓蒙』満洲文字注音一覧表. KOTONOHA, (101). Data extracted from the Qing instructional source 兼滿漢語滿洲套話清文啓蒙 (1763).",『兼滿漢語滿洲套話清文啓蒙』満洲文字注音一覧表,竹越 孝 / Takekoshi Takeshi,2011,兼滿漢語滿洲套話清文啓蒙,1763,分,fen,ᡶᡝᠨ,fən,f,en,2,9,分 fen 2,分
manju-hergen-takekoshi-2011,mandarin,Mandarin,Manchu script transcription of Mandarin,ᠮᠠᠨᠵᡠ ᡥᡝᡵᡤᡝᠨ Manju Hergen,"Takekoshi 竹越, Takeshi 孝. (2011). 『兼滿漢語滿洲套話清文啓蒙』満洲文字注音一覧表. KOTONOHA, (101).","Takekoshi 竹越, Takeshi 孝. (2011). 『兼滿漢語滿洲套話清文啓蒙』満洲文字注音一覧表. KOTONOHA, (101). Data extracted from the Qing instructional source 兼滿漢語滿洲套話清文啓蒙 (1763).",『兼滿漢語滿洲套話清文啓蒙』満洲文字注音一覧表,竹越 孝 / Takekoshi Takeshi,2011,兼滿漢語滿洲套話清文啓蒙,1763,墳,fen,ᡶᡝᠨ,fən,f,en,2,9,墳 / 坟 fen 2,墳/坟
manju-hergen-takekoshi-2011,mandarin,Mandarin,Manchu script transcription of Mandarin,ᠮᠠᠨᠵᡠ ᡥᡝᡵᡤᡝᠨ Manju Hergen,"Takekoshi 竹越, Takeshi 孝. (2011). 『兼滿漢語滿洲套話清文啓蒙』満洲文字注音一覧表. KOTONOHA, (101).","Takekoshi 竹越, Takeshi 孝. (2011). 『兼滿漢語滿洲套話清文啓蒙』満洲文字注音一覧表. KOTONOHA, (101). Data extracted from the Qing instructional source 兼滿漢語滿洲套話清文啓蒙 (1763).",『兼滿漢語滿洲套話清文啓蒙』満洲文字注音一覧表,竹越 孝 / Takekoshi Takeshi,2011,兼滿漢語滿洲套話清文啓蒙,1763,坟,fen,ᡶᡝᠨ,fən,f,en,2,9,墳 / 坟 fen 2,墳/坟
manju-hergen-takekoshi-2011,mandarin,Mandarin,Manchu script transcription of Mandarin,ᠮᠠᠨᠵᡠ ᡥᡝᡵᡤᡝᠨ Manju Hergen,"Takekoshi 竹越, Takeshi 孝. (2011). 『兼滿漢語滿洲套話清文啓蒙』満洲文字注音一覧表. KOTONOHA, (101).","Takekoshi 竹越, Takeshi 孝. (2011). 『兼滿漢語滿洲套話清文啓蒙』満洲文字注音一覧表. KOTONOHA, (101). Data extracted from the Qing instructional source 兼滿漢語滿洲套話清文啓蒙 (1763).",『兼滿漢語滿洲套話清文啓蒙』満洲文字注音一覧表,竹越 孝 / Takekoshi Takeshi,2011,兼滿漢語滿洲套話清文啓蒙,1763,怎,dzen,ᡯᡝᠨ,tsən,z,en,30,9,怎 dzen 30,怎
manju-hergen-takekoshi-2011,mandarin,Mandarin,Manchu script transcription of Mandarin,ᠮᠠᠨᠵᡠ ᡥᡝᡵᡤᡝᠨ Manju Hergen,"Takekoshi 竹越, Takeshi 孝. (2011). 『兼滿漢語滿洲套話清文啓蒙』満洲文字注音一覧表. KOTONOHA, (101).","Takekoshi 竹越, Takeshi 孝. (2011). 『兼滿漢語滿洲套話清文啓蒙』満洲文字注音一覧表. KOTONOHA, (101). Data extracted from the Qing instructional source 兼滿漢語滿洲套話清文啓蒙 (1763).",『兼滿漢語滿洲套話清文啓蒙』満洲文字注音一覧表,竹越 孝 / Takekoshi Takeshi,2011,兼滿漢語滿洲套話清文啓蒙,1763,真,jen,ᠵᡝᠨ,tʃən,zh,en,18,9,真 jen 18 / jeng 2,真
manju-hergen-takekoshi-2011,mandarin,Mandarin,Manchu script transcription of Mandarin,ᠮᠠᠨᠵᡠ ᡥᡝᡵᡤᡝᠨ Manju Hergen,"Takekoshi 竹越, Takeshi 孝. (2011). 『兼滿漢語滿洲套話清文啓蒙』満洲文字注音一覧表. KOTONOHA, (101).","Takekoshi 竹越, Takeshi 孝. (2011). 『兼滿漢語滿洲套話清文啓蒙』満洲文字注音一覧表. KOTONOHA, (101). Data extracted from the Qing instructional source 兼滿漢語滿洲套話清文啓蒙 (1763).",『兼滿漢語滿洲套話清文啓蒙』満洲文字注音一覧表,竹越 孝 / Takekoshi Takeshi,2011,兼滿漢語滿洲套話清文啓蒙,1763,真,jeng,ᠵᡝᠩ,tʃəŋ,zh,en,2,9,真 jen 18 / jeng 2,真
manju-hergen-takekoshi-2011,mandarin,Mandarin,Manchu script transcription of Mandarin,ᠮᠠᠨᠵᡠ ᡥᡝᡵᡤᡝᠨ Manju Hergen,"Takekoshi 竹越, Takeshi 孝. (2011). 『兼滿漢語滿洲套話清文啓蒙』満洲文字注音一覧表. KOTONOHA, (101).","Takekoshi 竹越, Takeshi 孝. (2011). 『兼滿漢語滿洲套話清文啓蒙』満洲文字注音一覧表. KOTONOHA, (101). Data extracted from the Qing instructional source 兼滿漢語滿洲套話清文啓蒙 (1763).",『兼滿漢語滿洲套話清文啓蒙』満洲文字注音一覧表,竹越 孝 / Takekoshi Takeshi,2011,兼滿漢語滿洲套話清文啓蒙,1763,斟,jeng,ᠵᡝᠩ,tʃəŋ,zh,en,2,9,斟 jeng 2,斟
manju-hergen-takekoshi-2011,mandarin,Mandarin,Manchu script transcription of Mandarin,ᠮᠠᠨᠵᡠ ᡥᡝᡵᡤᡝᠨ Manju Hergen,"Takekoshi 竹越, Takeshi 孝. (2011). 『兼滿漢語滿洲套話清文啓蒙』満洲文字注音一覧表. KOTONOHA, (101).","Takekoshi 竹越, Takeshi 孝. (2011). 『兼滿漢語滿洲套話清文啓蒙』満洲文字注音一覧表. KOTONOHA, (101). Data extracted from the Qing instructional source 兼滿漢語滿洲套話清文啓蒙 (1763).",『兼滿漢語滿洲套話清文啓蒙』満洲文字注音一覧表,竹越 孝 / Takekoshi Takeshi,2011,兼滿漢語滿洲套話清文啓蒙,1763,身,šen,ᡧᡝᠨ,ʃən,sh,en,16,9,身 šen 16 / šeng,身
manju-hergen-takekoshi-2011,mandarin,Mandarin,Manchu script transcription of Mandarin,ᠮᠠᠨᠵᡠ ᡥᡝᡵᡤᡝᠨ Manju Hergen,"Takekoshi 竹越, Takeshi 孝. (2011). 『兼滿漢語滿洲套話清文啓蒙』満洲文字注音一覧表. KOTONOHA, (101).","Takekoshi 竹越, Takeshi 孝. (2011). 『兼滿漢語滿洲套話清文啓蒙』満洲文字注音一覧表. KOTONOHA, (101). Data extracted from the Qing instructional source 兼滿漢語滿洲套話清文啓蒙 (1763).",『兼滿漢語滿洲套話清文啓蒙』満洲文字注音一覧表,竹越 孝 / Takekoshi Takeshi,2011,兼滿漢語滿洲套話清文啓蒙,1763,身,šeng,ᡧᡝᠩ,ʃəŋ,sh,en,,9,身 šen 16 / šeng,身
manju-hergen-takekoshi-2011,mandarin,Mandarin,Manchu script transcription of Mandarin,ᠮᠠᠨᠵᡠ ᡥᡝᡵᡤᡝᠨ Manju Hergen,"Takekoshi 竹越, Takeshi 孝. (2011). 『兼滿漢語滿洲套話清文啓蒙』満洲文字注音一覧表. KOTONOHA, (101).","Takekoshi 竹越, Takeshi 孝. (2011). 『兼滿漢語滿洲套話清文啓蒙』満洲文字注音一覧表. KOTONOHA, (101). Data extracted from the Qing instructional source 兼滿漢語滿洲套話清文啓蒙 (1763).",『兼滿漢語滿洲套話清文啓蒙』満洲文字注音一覧表,竹越 孝 / Takekoshi Takeshi,2011,兼滿漢語滿洲套話清文啓蒙,1763,甚,šen,ᡧᡝᠨ,ʃən,sh,en,5,9,甚 šen 5,甚
manju-hergen-takekoshi-2011,mandarin,Mandarin,Manchu script transcription of Mandarin,ᠮᠠᠨᠵᡠ ᡥᡝᡵᡤᡝᠨ Manju Hergen,"Takekoshi 竹越, Takeshi 孝. (2011). 『兼滿漢語滿洲套話清文啓蒙』満洲文字注音一覧表. KOTONOHA, (101).","Takekoshi 竹越, Takeshi 孝. (2011). 『兼滿漢語滿洲套話清文啓蒙』満洲文字注音一覧表. KOTONOHA, (101). Data extracted from the Qing instructional source 兼滿漢語滿洲套話清文啓蒙 (1763).",『兼滿漢語滿洲套話清文啓蒙』満洲文字注音一覧表,竹越 孝 / Takekoshi Takeshi,2011,兼滿漢語滿洲套話清文啓蒙,1763,慎,šen,ᡧᡝᠨ,ʃən,sh,en,2,9,慎 šen 2,慎
manju-hergen-takekoshi-2011,mandarin,Mandarin,Manchu script transcription of Mandarin,ᠮᠠᠨᠵᡠ ᡥᡝᡵᡤᡝᠨ Manju Hergen,"Takekoshi 竹越, Takeshi 孝. (2011). 『兼滿漢語滿洲套話清文啓蒙』満洲文字注音一覧表. KOTONOHA, (101).","Takekoshi 竹越, Takeshi 孝. (2011). 『兼滿漢語滿洲套話清文啓蒙』満洲文字注音一覧表. KOTONOHA, (101). Data extracted from the Qing instructional source 兼滿漢語滿洲套話清文啓蒙 (1763).",『兼滿漢語滿洲套話清文啓蒙』満洲文字注音一覧表,竹越 孝 / Takekoshi Takeshi,2011,兼滿漢語滿洲套話清文啓蒙,1763,神,šen,ᡧᡝᠨ,ʃən,sh,en,,9,神 šen,神
manju-hergen-takekoshi-2011,mandarin,Mandarin,Manchu script transcription of Mandarin,ᠮᠠᠨᠵᡠ ᡥᡝᡵᡤᡝᠨ Manju Hergen,"Takekoshi 竹越, Takeshi 孝. (2011). 『兼滿漢語滿洲套話清文啓蒙』満洲文字注音一覧表. KOTONOHA, (101).","Takekoshi 竹越, Takeshi 孝. (2011). 『兼滿漢語滿洲套話清文啓蒙』満洲文字注音一覧表. KOTONOHA, (101). Data extracted from the Qing instructional source 兼滿漢語滿洲套話清文啓蒙 (1763).",『兼滿漢語滿洲套話清文啓蒙』満洲文字注音一覧表,竹越 孝 / Takekoshi Takeshi,2011,兼滿漢語滿洲套話清文啓蒙,1763,深,šen,ᡧᡝᠨ,ʃən,sh,en,,9,深 šen,深
manju-hergen-takekoshi-2011,mandarin,Mandarin,Manchu script transcription of Mandarin,ᠮᠠᠨᠵᡠ ᡥᡝᡵᡤᡝᠨ Manju Hergen,"Takekoshi 竹越, Takeshi 孝. (2011). 『兼滿漢語滿洲套話清文啓蒙』満洲文字注音一覧表. KOTONOHA, (101).","Takekoshi 竹越, Takeshi 孝. (2011). 『兼滿漢語滿洲套話清文啓蒙』満洲文字注音一覧表. KOTONOHA, (101). Data extracted from the Qing instructional source 兼滿漢語滿洲套話清文啓蒙 (1763).",『兼滿漢語滿洲套話清文啓蒙』満洲文字注音一覧表,竹越 孝 / Takekoshi Takeshi,2011,兼滿漢語滿洲套話清文啓蒙,1763,人,žin,ᡰᡳᠨ,ʐin,r,en,116,9,人 žin 116,人
manju-hergen-takekoshi-2011,mandarin,Mandarin,Manchu script transcription of Mandarin,ᠮᠠᠨᠵᡠ ᡥᡝᡵᡤᡝᠨ Manju Hergen,"Takekoshi 竹越, Takeshi 孝. (2011). 『兼滿漢語滿洲套話清文啓蒙』満洲文字注音一覧表. KOTONOHA, (101).","Takekoshi 竹越, Takeshi 孝. (2011). 『兼滿漢語滿洲套話清文啓蒙』満洲文字注音一覧表. KOTONOHA, (101). Data extracted from the Qing instructional source 兼滿漢語滿洲套話清文啓蒙 (1763).",『兼滿漢語滿洲套話清文啓蒙』満洲文字注音一覧表,竹越 孝 / Takekoshi Takeshi,2011,兼滿漢語滿洲套話清文啓蒙,1763,認,žin,ᡰᡳᠨ,ʐin,r,en,6,9,認 žin 6 / žen,認
manju-hergen-takekoshi-2011,mandarin,Mandarin,Manchu script transcription of Mandarin,ᠮᠠᠨᠵᡠ ᡥᡝᡵᡤᡝᠨ Manju Hergen,"Takekoshi 竹越, Takeshi 孝. (2011). 『兼滿漢語滿洲套話清文啓蒙』満洲文字注音一覧表. KOTONOHA, (101).","Takekoshi 竹越, Takeshi 孝. (2011). 『兼滿漢語滿洲套話清文啓蒙』満洲文字注音一覧表. KOTONOHA, (101). Data extracted from the Qing instructional source 兼滿漢語滿洲套話清文啓蒙 (1763).",『兼滿漢語滿洲套話清文啓蒙』満洲文字注音一覧表,竹越 孝 / Takekoshi Takeshi,2011,兼滿漢語滿洲套話清文啓蒙,1763,認,žen,ᡰᡝᠨ,ʐən,r,en,,9,認 žin 6 / žen,認
manju-hergen-takekoshi-2011,mandarin,Mandarin,Manchu script transcription of Mandarin,ᠮᠠᠨᠵᡠ ᡥᡝᡵᡤᡝᠨ Manju Hergen,"Takekoshi 竹越, Takeshi 孝. (2011). 『兼滿漢語滿洲套話清文啓蒙』満洲文字注音一覧表. KOTONOHA, (101).","Takekoshi 竹越, Takeshi 孝. (2011). 『兼滿漢語滿洲套話清文啓蒙』満洲文字注音一覧表. KOTONOHA, (101). Data extracted from the Qing instructional source 兼滿漢語滿洲套話清文啓蒙 (1763).",『兼滿漢語滿洲套話清文啓蒙』満洲文字注音一覧表,竹越 孝 / Takekoshi Takeshi,2011,兼滿漢語滿洲套話清文啓蒙,1763,任,žin,ᡰᡳᠨ,ʐin,r,en,2,9,任 žin 2,任
manju-hergen-takekoshi-2011,mandarin,Mandarin,Manchu script transcription of Mandarin,ᠮᠠᠨᠵᡠ ᡥᡝᡵᡤᡝᠨ Manju Hergen,"Takekoshi 竹越, Takeshi 孝. (2011). 『兼滿漢語滿洲套話清文啓蒙』満洲文字注音一覧表. KOTONOHA, (101).","Takekoshi 竹越, Takeshi 孝. (2011). 『兼滿漢語滿洲套話清文啓蒙』満洲文字注音一覧表. KOTONOHA, (101). Data extracted from the Qing instructional source 兼滿漢語滿洲套話清文啓蒙 (1763).",『兼滿漢語滿洲套話清文啓蒙』満洲文字注音一覧表,竹越 孝 / Takekoshi Takeshi,2011,兼滿漢語滿洲套話清文啓蒙,1763,跟,gen,ᡤᡝᠨ,kən,g,en,5,9,跟 gen 5,跟
manju-hergen-takekoshi-2011,mandarin,Mandarin,Manchu script transcription of Mandarin,ᠮᠠᠨᠵᡠ ᡥᡝᡵᡤᡝᠨ Manju Hergen,"Takekoshi 竹越, Takeshi 孝. (2011). 『兼滿漢語滿洲套話清文啓蒙』満洲文字注音一覧表. KOTONOHA, (101).","Takekoshi 竹越, Takeshi 孝. (2011). 『兼滿漢語滿洲套話清文啓蒙』満洲文字注音一覧表. KOTONOHA, (101). Data extracted from the Qing instructional source 兼滿漢語滿洲套話清文啓蒙 (1763).",『兼滿漢語滿洲套話清文啓蒙』満洲文字注音一覧表,竹越 孝 / Takekoshi Takeshi,2011,兼滿漢語滿洲套話清文啓蒙,1763,根,gen,ᡤᡝᠨ,kən,g,en,,9,根 gen,根
manju-hergen-takekoshi-2011,mandarin,Mandarin,Manchu script transcription of Mandarin,ᠮᠠᠨᠵᡠ ᡥᡝᡵᡤᡝᠨ Manju Hergen,"Takekoshi 竹越, Takeshi 孝. (2011). 『兼滿漢語滿洲套話清文啓蒙』満洲文字注音一覧表. KOTONOHA, (101).","Takekoshi 竹越, Takeshi 孝. (2011). 『兼滿漢語滿洲套話清文啓蒙』満洲文字注音一覧表. KOTONOHA, (101). Data extracted from the Qing instructional source 兼滿漢語滿洲套話清文啓蒙 (1763).",『兼滿漢語滿洲套話清文啓蒙』満洲文字注音一覧表,竹越 孝 / Takekoshi Takeshi,2011,兼滿漢語滿洲套話清文啓蒙,1763,肯,ken,ᡴᡝᠨ,kʰən,k,en,13,9,肯 ken 13,肯
manju-hergen-takekoshi-2011,mandarin,Mandarin,Manchu script transcription of Mandarin,ᠮᠠᠨᠵᡠ ᡥᡝᡵᡤᡝᠨ Manju Hergen,"Takekoshi 竹越, Takeshi 孝. (2011). 『兼滿漢語滿洲套話清文啓蒙』満洲文字注音一覧表. KOTONOHA, (101).","Takekoshi 竹越, Takeshi 孝. (2011). 『兼滿漢語滿洲套話清文啓蒙』満洲文字注音一覧表. KOTONOHA, (101). Data extracted from the Qing instructional source 兼滿漢語滿洲套話清文啓蒙 (1763).",『兼滿漢語滿洲套話清文啓蒙』満洲文字注音一覧表,竹越 孝 / Takekoshi Takeshi,2011,兼滿漢語滿洲套話清文啓蒙,1763,懇,ken,ᡴᡝᠨ,kʰən,k,en,,9,懇 ken,懇
manju-hergen-takekoshi-2011,mandarin,Mandarin,Manchu script transcription of Mandarin,ᠮᠠᠨᠵᡠ ᡥᡝᡵᡤᡝᠨ Manju Hergen,"Takekoshi 竹越, Takeshi 孝. (2011). 『兼滿漢語滿洲套話清文啓蒙』満洲文字注音一覧表. KOTONOHA, (101).","Takekoshi 竹越, Takeshi 孝. (2011). 『兼滿漢語滿洲套話清文啓蒙』満洲文字注音一覧表. KOTONOHA, (101). Data extracted from the Qing instructional source 兼滿漢語滿洲套話清文啓蒙 (1763).",『兼滿漢語滿洲套話清文啓蒙』満洲文字注音一覧表,竹越 孝 / Takekoshi Takeshi,2011,兼滿漢語滿洲套話清文啓蒙,1763,掯,ken,ᡴᡝᠨ,kʰən,k,en,,9,掯 ken,掯
manju-hergen-takekoshi-2011,mandarin,Mandarin,Manchu script transcription of Mandarin,ᠮᠠᠨᠵᡠ ᡥᡝᡵᡤᡝᠨ Manju Hergen,"Takekoshi 竹越, Takeshi 孝. (2011). 『兼滿漢語滿洲套話清文啓蒙』満洲文字注音一覧表. KOTONOHA, (101).","Takekoshi 竹越, Takeshi 孝. (2011). 『兼滿漢語滿洲套話清文啓蒙』満洲文字注音一覧表. KOTONOHA, (101). Data extracted from the Qing instructional source 兼滿漢語滿洲套話清文啓蒙 (1763).",『兼滿漢語滿洲套話清文啓蒙』満洲文字注音一覧表,竹越 孝 / Takekoshi Takeshi,2011,兼滿漢語滿洲套話清文啓蒙,1763,狠,hen,ᡥᡝᠨ,xən,h,en,19,9,狠 hen 19,狠
manju-hergen-takekoshi-2011,mandarin,Mandarin,Manchu script transcription of Mandarin,ᠮᠠᠨᠵᡠ ᡥᡝᡵᡤᡝᠨ Manju Hergen,"Takekoshi 竹越, Takeshi 孝. (2011). 『兼滿漢語滿洲套話清文啓蒙』満洲文字注音一覧表. KOTONOHA, (101).","Takekoshi 竹越, Takeshi 孝. (2011). 『兼滿漢語滿洲套話清文啓蒙』満洲文字注音一覧表. KOTONOHA, (101). Data extracted from the Qing instructional source 兼滿漢語滿洲套話清文啓蒙 (1763).",『兼滿漢語滿洲套話清文啓蒙』満洲文字注音一覧表,竹越 孝 / Takekoshi Takeshi,2011,兼滿漢語滿洲套話清文啓蒙,1763,恨,hen,ᡥᡝᠨ,xən,h,en,,9,恨 hen,恨
manju-hergen-takekoshi-2011,mandarin,Mandarin,Manchu script transcription of Mandarin,ᠮᠠᠨᠵᡠ ᡥᡝᡵᡤᡝᠨ Manju Hergen,"Takekoshi 竹越, Takeshi 孝. (2011). 『兼滿漢語滿洲套話清文啓蒙』満洲文字注音一覧表. KOTONOHA, (101).","Takekoshi 竹越, Takeshi 孝. (2011). 『兼滿漢語滿洲套話清文啓蒙』満洲文字注音一覧表. KOTONOHA, (101). Data extracted from the Qing instructional source 兼滿漢語滿洲套話清文啓蒙 (1763).",『兼滿漢語滿洲套話清文啓蒙』満洲文字注音一覧表,竹越 孝 / Takekoshi Takeshi,2011,兼滿漢語滿洲套話清文啓蒙,1763,恩,en,ᡝᠨ,ən,∅,en,2,9,恩 en 2,恩
manju-hergen-takekoshi-2011,mandarin,Mandarin,Manchu script transcription of Mandarin,ᠮᠠᠨᠵᡠ ᡥᡝᡵᡤᡝᠨ Manju Hergen,"Takekoshi 竹越, Takeshi 孝. (2011). 『兼滿漢語滿洲套話清文啓蒙』満洲文字注音一覧表. KOTONOHA, (101).","Takekoshi 竹越, Takeshi 孝. (2011). 『兼滿漢語滿洲套話清文啓蒙』満洲文字注音一覧表. KOTONOHA, (101). Data extracted from the Qing instructional source 兼滿漢語滿洲套話清文啓蒙 (1763).",『兼滿漢語滿洲套話清文啓蒙』満洲文字注音一覧表,竹越 孝 / Takekoshi Takeshi,2011,兼滿漢語滿洲套話清文啓蒙,1763,品,ping,ᡦᡳᠩ,pʰiŋ,p,in,,9,品 ping,品
manju-hergen-takekoshi-2011,mandarin,Mandarin,Manchu script transcription of Mandarin,ᠮᠠᠨᠵᡠ ᡥᡝᡵᡤᡝᠨ Manju Hergen,"Takekoshi 竹越, Takeshi 孝. (2011). 『兼滿漢語滿洲套話清文啓蒙』満洲文字注音一覧表. KOTONOHA, (101).","Takekoshi 竹越, Takeshi 孝. (2011). 『兼滿漢語滿洲套話清文啓蒙』満洲文字注音一覧表. KOTONOHA, (101). Data extracted from the Qing instructional source 兼滿漢語滿洲套話清文啓蒙 (1763).",『兼滿漢語滿洲套話清文啓蒙』満洲文字注音一覧表,竹越 孝 / Takekoshi Takeshi,2011,兼滿漢語滿洲套話清文啓蒙,1763,敏,min,ᠮᡳᠨ,min,m,in,,9,敏 min,敏
manju-hergen-takekoshi-2011,mandarin,Mandarin,Manchu script transcription of Mandarin,ᠮᠠᠨᠵᡠ ᡥᡝᡵᡤᡝᠨ Manju Hergen,"Takekoshi 竹越, Takeshi 孝. (2011). 『兼滿漢語滿洲套話清文啓蒙』満洲文字注音一覧表. KOTONOHA, (101).","Takekoshi 竹越, Takeshi 孝. (2011). 『兼滿漢語滿洲套話清文啓蒙』満洲文字注音一覧表. KOTONOHA, (101). Data extracted from the Qing instructional source 兼滿漢語滿洲套話清文啓蒙 (1763).",『兼滿漢語滿洲套話清文啓蒙』満洲文字注音一覧表,竹越 孝 / Takekoshi Takeshi,2011,兼滿漢語滿洲套話清文啓蒙,1763,林,lin,ᠯᡳᠨ,lin,l,in,2,9,林 lin 2,林
manju-hergen-takekoshi-2011,mandarin,Mandarin,Manchu script transcription of Mandarin,ᠮᠠᠨᠵᡠ ᡥᡝᡵᡤᡝᠨ Manju Hergen,"Takekoshi 竹越, Takeshi 孝. (2011). 『兼滿漢語滿洲套話清文啓蒙』満洲文字注音一覧表. KOTONOHA, (101).","Takekoshi 竹越, Takeshi 孝. (2011). 『兼滿漢語滿洲套話清文啓蒙』満洲文字注音一覧表. KOTONOHA, (101). Data extracted from the Qing instructional source 兼滿漢語滿洲套話清文啓蒙 (1763).",『兼滿漢語滿洲套話清文啓蒙』満洲文字注音一覧表,竹越 孝 / Takekoshi Takeshi,2011,兼滿漢語滿洲套話清文啓蒙,1763,今,gin,ᡤᡳᠨ,qin,j,in,30,9,今 gin 30,今
manju-hergen-takekoshi-2011,mandarin,Mandarin,Manchu script transcription of Mandarin,ᠮᠠᠨᠵᡠ ᡥᡝᡵᡤᡝᠨ Manju Hergen,"Takekoshi 竹越, Takeshi 孝. (2011). 『兼滿漢語滿洲套話清文啓蒙』満洲文字注音一覧表. KOTONOHA, (101).","Takekoshi 竹越, Takeshi 孝. (2011). 『兼滿漢語滿洲套話清文啓蒙』満洲文字注音一覧表. KOTONOHA, (101). Data extracted from the Qing instructional source 兼滿漢語滿洲套話清文啓蒙 (1763).",『兼滿漢語滿洲套話清文啓蒙』満洲文字注音一覧表,竹越 孝 / Takekoshi Takeshi,2011,兼滿漢語滿洲套話清文啓蒙,1763,進,jin,ᠵᡳᠨ,tʃin,j,in,20,9,進 jin 20,進
manju-hergen-takekoshi-2011,mandarin,Mandarin,Manchu script transcription of Mandarin,ᠮᠠᠨᠵᡠ ᡥᡝᡵᡤᡝᠨ Manju Hergen,"Takekoshi 竹越, Takeshi 孝. (2011). 『兼滿漢語滿洲套話清文啓蒙』満洲文字注音一覧表. KOTONOHA, (101).","Takekoshi 竹越, Takeshi 孝. (2011). 『兼滿漢語滿洲套話清文啓蒙』満洲文字注音一覧表. KOTONOHA, (101). Data extracted from the Qing instructional source 兼滿漢語滿洲套話清文啓蒙 (1763).",『兼滿漢語滿洲套話清文啓蒙』満洲文字注音一覧表,竹越 孝 / Takekoshi Takeshi,2011,兼滿漢語滿洲套話清文啓蒙,1763,儘,jin,ᠵᡳᠨ,tʃin,j,in,11,9,儘 / 侭 jin 11,儘/侭
manju-hergen-takekoshi-2011,mandarin,Mandarin,Manchu script transcription of Mandarin,ᠮᠠᠨᠵᡠ ᡥᡝᡵᡤᡝᠨ Manju Hergen,"Takekoshi 竹越, Takeshi 孝. (2011). 『兼滿漢語滿洲套話清文啓蒙』満洲文字注音一覧表. KOTONOHA, (101).","Takekoshi 竹越, Takeshi 孝. (2011). 『兼滿漢語滿洲套話清文啓蒙』満洲文字注音一覧表. KOTONOHA, (101). Data extracted from the Qing instructional source 兼滿漢語滿洲套話清文啓蒙 (1763).",『兼滿漢語滿洲套話清文啓蒙』満洲文字注音一覧表,竹越 孝 / Takekoshi Takeshi,2011,兼滿漢語滿洲套話清文啓蒙,1763,侭,jin,ᠵᡳᠨ,tʃin,j,in,11,9,儘 / 侭 jin 11,儘/侭
manju-hergen-takekoshi-2011,mandarin,Mandarin,Manchu script transcription of Mandarin,ᠮᠠᠨᠵᡠ ᡥᡝᡵᡤᡝᠨ Manju Hergen,"Takekoshi 竹越, Takeshi 孝. (2011). 『兼滿漢語滿洲套話清文啓蒙』満洲文字注音一覧表. KOTONOHA, (101).","Takekoshi 竹越, Takeshi 孝. (2011). 『兼滿漢語滿洲套話清文啓蒙』満洲文字注音一覧表. KOTONOHA, (101). Data extracted from the Qing instructional source 兼滿漢語滿洲套話清文啓蒙 (1763).",『兼滿漢語滿洲套話清文啓蒙』満洲文字注音一覧表,竹越 孝 / Takekoshi Takeshi,2011,兼滿漢語滿洲套話清文啓蒙,1763,緊,gin,ᡤᡳᠨ,qin,j,in,8,9,緊 gin 8,緊
manju-hergen-takekoshi-2011,mandarin,Mandarin,Manchu script transcription of Mandarin,ᠮᠠᠨᠵᡠ ᡥᡝᡵᡤᡝᠨ Manju Hergen,"Takekoshi 竹越, Takeshi 孝. (2011). 『兼滿漢語滿洲套話清文啓蒙』満洲文字注音一覧表. KOTONOHA, (101).","Takekoshi 竹越, Takeshi 孝. (2011). 『兼滿漢語滿洲套話清文啓蒙』満洲文字注音一覧表. KOTONOHA, (101). Data extracted from the Qing instructional source 兼滿漢語滿洲套話清文啓蒙 (1763).",『兼滿漢語滿洲套話清文啓蒙』満洲文字注音一覧表,竹越 孝 / Takekoshi Takeshi,2011,兼滿漢語滿洲套話清文啓蒙,1763,尽,jin,ᠵᡳᠨ,tʃin,j,in,6,9,尽 / 盡 jin 6,尽/盡
manju-hergen-takekoshi-2011,mandarin,Mandarin,Manchu script transcription of Mandarin,ᠮᠠᠨᠵᡠ ᡥᡝᡵᡤᡝᠨ Manju Hergen,"Takekoshi 竹越, Takeshi 孝. (2011). 『兼滿漢語滿洲套話清文啓蒙』満洲文字注音一覧表. KOTONOHA, (101).","Takekoshi 竹越, Takeshi 孝. (2011). 『兼滿漢語滿洲套話清文啓蒙』満洲文字注音一覧表. KOTONOHA, (101). Data extracted from the Qing instructional source 兼滿漢語滿洲套話清文啓蒙 (1763).",『兼滿漢語滿洲套話清文啓蒙』満洲文字注音一覧表,竹越 孝 / Takekoshi Takeshi,2011,兼滿漢語滿洲套話清文啓蒙,1763,盡,jin,ᠵᡳᠨ,tʃin,j,in,6,9,尽 / 盡 jin 6,尽/盡
manju-hergen-takekoshi-2011,mandarin,Mandarin,Manchu script transcription of Mandarin,ᠮᠠᠨᠵᡠ ᡥᡝᡵᡤᡝᠨ Manju Hergen,"Takekoshi 竹越, Takeshi 孝. (2011). 『兼滿漢語滿洲套話清文啓蒙』満洲文字注音一覧表. KOTONOHA, (101).","Takekoshi 竹越, Takeshi 孝. (2011). 『兼滿漢語滿洲套話清文啓蒙』満洲文字注音一覧表. KOTONOHA, (101). Data extracted from the Qing instructional source 兼滿漢語滿洲套話清文啓蒙 (1763).",『兼滿漢語滿洲套話清文啓蒙』満洲文字注音一覧表,竹越 孝 / Takekoshi Takeshi,2011,兼滿漢語滿洲套話清文啓蒙,1763,謹,gin,ᡤᡳᠨ,qin,j,in,2,9,謹 gin 2 / ging 3,謹
manju-hergen-takekoshi-2011,mandarin,Mandarin,Manchu script transcription of Mandarin,ᠮᠠᠨᠵᡠ ᡥᡝᡵᡤᡝᠨ Manju Hergen,"Takekoshi 竹越, Takeshi 孝. (2011). 『兼滿漢語滿洲套話清文啓蒙』満洲文字注音一覧表. KOTONOHA, (101).","Takekoshi 竹越, Takeshi 孝. (2011). 『兼滿漢語滿洲套話清文啓蒙』満洲文字注音一覧表. KOTONOHA, (101). Data extracted from the Qing instructional source 兼滿漢語滿洲套話清文啓蒙 (1763).",『兼滿漢語滿洲套話清文啓蒙』満洲文字注音一覧表,竹越 孝 / Takekoshi Takeshi,2011,兼滿漢語滿洲套話清文啓蒙,1763,謹,ging,ᡤᡳᠩ,qiŋ,j,in,3,9,謹 gin 2 / ging 3,謹
manju-hergen-takekoshi-2011,mandarin,Mandarin,Manchu script transcription of Mandarin,ᠮᠠᠨᠵᡠ ᡥᡝᡵᡤᡝᠨ Manju Hergen,"Takekoshi 竹越, Takeshi 孝. (2011). 『兼滿漢語滿洲套話清文啓蒙』満洲文字注音一覧表. KOTONOHA, (101).","Takekoshi 竹越, Takeshi 孝. (2011). 『兼滿漢語滿洲套話清文啓蒙』満洲文字注音一覧表. KOTONOHA, (101). Data extracted from the Qing instructional source 兼滿漢語滿洲套話清文啓蒙 (1763).",『兼滿漢語滿洲套話清文啓蒙』満洲文字注音一覧表,竹越 孝 / Takekoshi Takeshi,2011,兼滿漢語滿洲套話清文啓蒙,1763,親,cin,ᠴᡳᠨ,tʃʰin,q,in,5,9,親 cin 5,親
manju-hergen-takekoshi-2011,mandarin,Mandarin,Manchu script transcription of Mandarin,ᠮᠠᠨᠵᡠ ᡥᡝᡵᡤᡝᠨ Manju Hergen,"Takekoshi 竹越, Takeshi 孝. (2011). 『兼滿漢語滿洲套話清文啓蒙』満洲文字注音一覧表. KOTONOHA, (101).","Takekoshi 竹越, Takeshi 孝. (2011). 『兼滿漢語滿洲套話清文啓蒙』満洲文字注音一覧表. KOTONOHA, (101). Data extracted from the Qing instructional source 兼滿漢語滿洲套話清文啓蒙 (1763).",『兼滿漢語滿洲套話清文啓蒙』満洲文字注音一覧表,竹越 孝 / Takekoshi Takeshi,2011,兼滿漢語滿洲套話清文啓蒙,1763,心,sin,ᠰᡳᠨ,sin,x,in,34,9,心 sin 34,心
manju-hergen-takekoshi-2011,mandarin,Mandarin,Manchu script transcription of Mandarin,ᠮᠠᠨᠵᡠ ᡥᡝᡵᡤᡝᠨ Manju Hergen,"Takekoshi 竹越, Takeshi 孝. (2011). 『兼滿漢語滿洲套話清文啓蒙』満洲文字注音一覧表. KOTONOHA, (101).","Takekoshi 竹越, Takeshi 孝. (2011). 『兼滿漢語滿洲套話清文啓蒙』満洲文字注音一覧表. KOTONOHA, (101). Data extracted from the Qing instructional source 兼滿漢語滿洲套話清文啓蒙 (1763).",『兼滿漢語滿洲套話清文啓蒙』満洲文字注音一覧表,竹越 孝 / Takekoshi Takeshi,2011,兼滿漢語滿洲套話清文啓蒙,1763,信,hin,ᡥᡳᠨ,χin,x,in,17,9,信 hin 17,信
manju-hergen-takekoshi-2011,mandarin,Mandarin,Manchu script transcription of Mandarin,ᠮᠠᠨᠵᡠ ᡥᡝᡵᡤᡝᠨ Manju Hergen,"Takekoshi 竹越, Takeshi 孝. (2011). 『兼滿漢語滿洲套話清文啓蒙』満洲文字注音一覧表. KOTONOHA, (101).","Takekoshi 竹越, Takeshi 孝. (2011). 『兼滿漢語滿洲套話清文啓蒙』満洲文字注音一覧表. KOTONOHA, (101). Data extracted from the Qing instructional source 兼滿漢語滿洲套話清文啓蒙 (1763).",『兼滿漢語滿洲套話清文啓蒙』満洲文字注音一覧表,竹越 孝 / Takekoshi Takeshi,2011,兼滿漢語滿洲套話清文啓蒙,1763,因,yen,ᠶᡝᠨ,jən,y,in,16,9,因 yen 16,因
manju-hergen-takekoshi-2011,mandarin,Mandarin,Manchu script transcription of Mandarin,ᠮᠠᠨᠵᡠ ᡥᡝᡵᡤᡝᠨ Manju Hergen,"Takekoshi 竹越, Takeshi 孝. (2011). 『兼滿漢語滿洲套話清文啓蒙』満洲文字注音一覧表. KOTONOHA, (101).","Takekoshi 竹越, Takeshi 孝. (2011). 『兼滿漢語滿洲套話清文啓蒙』満洲文字注音一覧表. KOTONOHA, (101). Data extracted from the Qing instructional source 兼滿漢語滿洲套話清文啓蒙 (1763).",『兼滿漢語滿洲套話清文啓蒙』満洲文字注音一覧表,竹越 孝 / Takekoshi Takeshi,2011,兼滿漢語滿洲套話清文啓蒙,1763,飲,yen,ᠶᡝᠨ,jən,y,in,8,9,飲 yen 8,飲
manju-hergen-takekoshi-2011,mandarin,Mandarin,Manchu script transcription of Mandarin,ᠮᠠᠨᠵᡠ ᡥᡝᡵᡤᡝᠨ Manju Hergen,"Takekoshi 竹越, Takeshi 孝. (2011). 『兼滿漢語滿洲套話清文啓蒙』満洲文字注音一覧表. KOTONOHA, (101).","Takekoshi 竹越, Takeshi 孝. (2011). 『兼滿漢語滿洲套話清文啓蒙』満洲文字注音一覧表. KOTONOHA, (101). Data extracted from the Qing instructional source 兼滿漢語滿洲套話清文啓蒙 (1763).",『兼滿漢語滿洲套話清文啓蒙』満洲文字注音一覧表,竹越 孝 / Takekoshi Takeshi,2011,兼滿漢語滿洲套話清文啓蒙,1763,艮,yen,ᠶᡝᠨ,jən,y,in,3,9,艮 yen 3,艮
manju-hergen-takekoshi-2011,mandarin,Mandarin,Manchu script transcription of Mandarin,ᠮᠠᠨᠵᡠ ᡥᡝᡵᡤᡝᠨ Manju Hergen,"Takekoshi 竹越, Takeshi 孝. (2011). 『兼滿漢語滿洲套話清文啓蒙』満洲文字注音一覧表. KOTONOHA, (101).","Takekoshi 竹越, Takeshi 孝. (2011). 『兼滿漢語滿洲套話清文啓蒙』満洲文字注音一覧表. KOTONOHA, (101). Data extracted from the Qing instructional source 兼滿漢語滿洲套話清文啓蒙 (1763).",『兼滿漢語滿洲套話清文啓蒙』満洲文字注音一覧表,竹越 孝 / Takekoshi Takeshi,2011,兼滿漢語滿洲套話清文啓蒙,1763,音,yen,ᠶᡝᠨ,jən,y,in,2,9,音 yen 2,音
manju-hergen-takekoshi-2011,mandarin,Mandarin,Manchu script transcription of Mandarin,ᠮᠠᠨᠵᡠ ᡥᡝᡵᡤᡝᠨ Manju Hergen,"Takekoshi 竹越, Takeshi 孝. (2011). 『兼滿漢語滿洲套話清文啓蒙』満洲文字注音一覧表. KOTONOHA, (101).","Takekoshi 竹越, Takeshi 孝. (2011). 『兼滿漢語滿洲套話清文啓蒙』満洲文字注音一覧表. KOTONOHA, (101). Data extracted from the Qing instructional source 兼滿漢語滿洲套話清文啓蒙 (1763).",『兼滿漢語滿洲套話清文啓蒙』満洲文字注音一覧表,竹越 孝 / Takekoshi Takeshi,2011,兼滿漢語滿洲套話清文啓蒙,1763,阴,yen,ᠶᡝᠨ,jən,y,in,2,9,阴 yen 2,阴
manju-hergen-takekoshi-2011,mandarin,Mandarin,Manchu script transcription of Mandarin,ᠮᠠᠨᠵᡠ ᡥᡝᡵᡤᡝᠨ Manju Hergen,"Takekoshi 竹越, Takeshi 孝. (2011). 『兼滿漢語滿洲套話清文啓蒙』満洲文字注音一覧表. KOTONOHA, (101).","Takekoshi 竹越, Takeshi 孝. (2011). 『兼滿漢語滿洲套話清文啓蒙』満洲文字注音一覧表. KOTONOHA, (101). Data extracted from the Qing instructional source 兼滿漢語滿洲套話清文啓蒙 (1763).",『兼滿漢語滿洲套話清文啓蒙』満洲文字注音一覧表,竹越 孝 / Takekoshi Takeshi,2011,兼滿漢語滿洲套話清文啓蒙,1763,隠,yen,ᠶᡝᠨ,jən,y,in,,9,隠 yen,隠
manju-hergen-takekoshi-2011,mandarin,Mandarin,Manchu script transcription of Mandarin,ᠮᠠᠨᠵᡠ ᡥᡝᡵᡤᡝᠨ Manju Hergen,"Takekoshi 竹越, Takeshi 孝. (2011). 『兼滿漢語滿洲套話清文啓蒙』満洲文字注音一覧表. KOTONOHA, (101).","Takekoshi 竹越, Takeshi 孝. (2011). 『兼滿漢語滿洲套話清文啓蒙』満洲文字注音一覧表. KOTONOHA, (101). Data extracted from the Qing instructional source 兼滿漢語滿洲套話清文啓蒙 (1763).",『兼滿漢語滿洲套話清文啓蒙』満洲文字注音一覧表,竹越 孝 / Takekoshi Takeshi,2011,兼滿漢語滿洲套話清文啓蒙,1763,殷,ing,ᡳᠩ,iŋ,y,in,,9,殷 ing,殷
manju-hergen-takekoshi-2011,mandarin,Mandarin,Manchu script transcription of Mandarin,ᠮᠠᠨᠵᡠ ᡥᡝᡵᡤᡝᠨ Manju Hergen,"Takekoshi 竹越, Takeshi 孝. (2011). 『兼滿漢語滿洲套話清文啓蒙』満洲文字注音一覧表. KOTONOHA, (101).","Takekoshi 竹越, Takeshi 孝. (2011). 『兼滿漢語滿洲套話清文啓蒙』満洲文字注音一覧表. KOTONOHA, (101). Data extracted from the Qing instructional source 兼滿漢語滿洲套話清文啓蒙 (1763).",『兼滿漢語滿洲套話清文啓蒙』満洲文字注音一覧表,竹越 孝 / Takekoshi Takeshi,2011,兼滿漢語滿洲套話清文啓蒙,1763,鈍,dun,ᡩᡠᠨ,tun,d,uen,,9,鈍 dun,鈍
manju-hergen-takekoshi-2011,mandarin,Mandarin,Manchu script transcription of Mandarin,ᠮᠠᠨᠵᡠ ᡥᡝᡵᡤᡝᠨ Manju Hergen,"Takekoshi 竹越, Takeshi 孝. (2011). 『兼滿漢語滿洲套話清文啓蒙』満洲文字注音一覧表. KOTONOHA, (101).","Takekoshi 竹越, Takeshi 孝. (2011). 『兼滿漢語滿洲套話清文啓蒙』満洲文字注音一覧表. KOTONOHA, (101). Data extracted from the Qing instructional source 兼滿漢語滿洲套話清文啓蒙 (1763).",『兼滿漢語滿洲套話清文啓蒙』満洲文字注音一覧表,竹越 孝 / Takekoshi Takeshi,2011,兼滿漢語滿洲套話清文啓蒙,1763,論,lun,ᠯᡠᠨ,lun,l,uen,2,9,論 lun 2 / luwen 2,論
manju-hergen-takekoshi-2011,mandarin,Mandarin,Manchu script transcription of Mandarin,ᠮᠠᠨᠵᡠ ᡥᡝᡵᡤᡝᠨ Manju Hergen,"Takekoshi 竹越, Takeshi 孝. (2011). 『兼滿漢語滿洲套話清文啓蒙』満洲文字注音一覧表. KOTONOHA, (101).","Takekoshi 竹越, Takeshi 孝. (2011). 『兼滿漢語滿洲套話清文啓蒙』満洲文字注音一覧表. KOTONOHA, (101). Data extracted from the Qing instructional source 兼滿漢語滿洲套話清文啓蒙 (1763).",『兼滿漢語滿洲套話清文啓蒙』満洲文字注音一覧表,竹越 孝 / Takekoshi Takeshi,2011,兼滿漢語滿洲套話清文啓蒙,1763,論,luwen,ᠯᡠᠸᡝᠨ,luwən,l,uen,2,9,論 lun 2 / luwen 2,論
manju-hergen-takekoshi-2011,mandarin,Mandarin,Manchu script transcription of Mandarin,ᠮᠠᠨᠵᡠ ᡥᡝᡵᡤᡝᠨ Manju Hergen,"Takekoshi 竹越, Takeshi 孝. (2011). 『兼滿漢語滿洲套話清文啓蒙』満洲文字注音一覧表. KOTONOHA, (101).","Takekoshi 竹越, Takeshi 孝. (2011). 『兼滿漢語滿洲套話清文啓蒙』満洲文字注音一覧表. KOTONOHA, (101). Data extracted from the Qing instructional source 兼滿漢語滿洲套話清文啓蒙 (1763).",『兼滿漢語滿洲套話清文啓蒙』満洲文字注音一覧表,竹越 孝 / Takekoshi Takeshi,2011,兼滿漢語滿洲套話清文啓蒙,1763,尊,dzun,ᡯᡠᠨ,tsun,z,uen,2,9,尊 dzun 2,尊
manju-hergen-takekoshi-2011,mandarin,Mandarin,Manchu script transcription of Mandarin,ᠮᠠᠨᠵᡠ ᡥᡝᡵᡤᡝᠨ Manju Hergen,"Takekoshi 竹越, Takeshi 孝. (2011). 『兼滿漢語滿洲套話清文啓蒙』満洲文字注音一覧表. KOTONOHA, (101).","Takekoshi 竹越, Takeshi 孝. (2011). 『兼滿漢語滿洲套話清文啓蒙』満洲文字注音一覧表. KOTONOHA, (101). Data extracted from the Qing instructional source 兼滿漢語滿洲套話清文啓蒙 (1763).",『兼滿漢語滿洲套話清文啓蒙』満洲文字注音一覧表,竹越 孝 / Takekoshi Takeshi,2011,兼滿漢語滿洲套話清文啓蒙,1763,存,ts’un,ᡨᠰᡠᠨ,tʰsun,c,uen,2,9,存 ts’un 2,存
manju-hergen-takekoshi-2011,mandarin,Mandarin,Manchu script transcription of Mandarin,ᠮᠠᠨᠵᡠ ᡥᡝᡵᡤᡝᠨ Manju Hergen,"Takekoshi 竹越, Takeshi 孝. (2011). 『兼滿漢語滿洲套話清文啓蒙』満洲文字注音一覧表. KOTONOHA, (101).","Takekoshi 竹越, Takeshi 孝. (2011). 『兼滿漢語滿洲套話清文啓蒙』満洲文字注音一覧表. KOTONOHA, (101). Data extracted from the Qing instructional source 兼滿漢語滿洲套話清文啓蒙 (1763).",『兼滿漢語滿洲套話清文啓蒙』満洲文字注音一覧表,竹越 孝 / Takekoshi Takeshi,2011,兼滿漢語滿洲套話清文啓蒙,1763,村,dzun,ᡯᡠᠨ,tsun,c,uen,,9,村 dzun,村
manju-hergen-takekoshi-2011,mandarin,Mandarin,Manchu script transcription of Mandarin,ᠮᠠᠨᠵᡠ ᡥᡝᡵᡤᡝᠨ Manju Hergen,"Takekoshi 竹越, Takeshi 孝. (2011). 『兼滿漢語滿洲套話清文啓蒙』満洲文字注音一覧表. KOTONOHA, (101).","Takekoshi 竹越, Takeshi 孝. (2011). 『兼滿漢語滿洲套話清文啓蒙』満洲文字注音一覧表. KOTONOHA, (101). Data extracted from the Qing instructional source 兼滿漢語滿洲套話清文啓蒙 (1763).",『兼滿漢語滿洲套話清文啓蒙』満洲文字注音一覧表,竹越 孝 / Takekoshi Takeshi,2011,兼滿漢語滿洲套話清文啓蒙,1763,損,sun,ᠰᡠᠨ,sun,s,uen,2,9,損 sun 2,損
manju-hergen-takekoshi-2011,mandarin,Mandarin,Manchu script transcription of Mandarin,ᠮᠠᠨᠵᡠ ᡥᡝᡵᡤᡝᠨ Manju Hergen,"Takekoshi 竹越, Takeshi 孝. (2011). 『兼滿漢語滿洲套話清文啓蒙』満洲文字注音一覧表. KOTONOHA, (101).","Takekoshi 竹越, Takeshi 孝. (2011). 『兼滿漢語滿洲套話清文啓蒙』満洲文字注音一覧表. KOTONOHA, (101). Data extracted from the Qing instructional source 兼滿漢語滿洲套話清文啓蒙 (1763).",『兼滿漢語滿洲套話清文啓蒙』満洲文字注音一覧表,竹越 孝 / Takekoshi Takeshi,2011,兼滿漢語滿洲套話清文啓蒙,1763,孫,sun,ᠰᡠᠨ,sun,s,uen,,9,孫 sun,孫
manju-hergen-takekoshi-2011,mandarin,Mandarin,Manchu script transcription of Mandarin,ᠮᠠᠨᠵᡠ ᡥᡝᡵᡤᡝᠨ Manju Hergen,"Takekoshi 竹越, Takeshi 孝. (2011). 『兼滿漢語滿洲套話清文啓蒙』満洲文字注音一覧表. KOTONOHA, (101).","Takekoshi 竹越, Takeshi 孝. (2011). 『兼滿漢語滿洲套話清文啓蒙』満洲文字注音一覧表. KOTONOHA, (101). Data extracted from the Qing instructional source 兼滿漢語滿洲套話清文啓蒙 (1763).",『兼滿漢語滿洲套話清文啓蒙』満洲文字注音一覧表,竹越 孝 / Takekoshi Takeshi,2011,兼滿漢語滿洲套話清文啓蒙,1763,準,jun,ᠵᡠᠨ,tʃun,zh,uen,3,9,準 jun 3,準
manju-hergen-takekoshi-2011,mandarin,Mandarin,Manchu script transcription of Mandarin,ᠮᠠᠨᠵᡠ ᡥᡝᡵᡤᡝᠨ Manju Hergen,"Takekoshi 竹越, Takeshi 孝. (2011). 『兼滿漢語滿洲套話清文啓蒙』満洲文字注音一覧表. KOTONOHA, (101).","Takekoshi 竹越, Takeshi 孝. (2011). 『兼滿漢語滿洲套話清文啓蒙』満洲文字注音一覧表. KOTONOHA, (101). Data extracted from the Qing instructional source 兼滿漢語滿洲套話清文啓蒙 (1763).",『兼滿漢語滿洲套話清文啓蒙』満洲文字注音一覧表,竹越 孝 / Takekoshi Takeshi,2011,兼滿漢語滿洲套話清文啓蒙,1763,春,cūn,ᠴᡡᠨ,tʃʰʊn,ch,uen,,9,春 cūn,春
manju-hergen-takekoshi-2011,mandarin,Mandarin,Manchu script transcription of Mandarin,ᠮᠠᠨᠵᡠ ᡥᡝᡵᡤᡝᠨ Manju Hergen,"Takekoshi 竹越, Takeshi 孝. (2011). 『兼滿漢語滿洲套話清文啓蒙』満洲文字注音一覧表. KOTONOHA, (101).","Takekoshi 竹越, Takeshi 孝. (2011). 『兼滿漢語滿洲套話清文啓蒙』満洲文字注音一覧表. KOTONOHA, (101). Data extracted from the Qing instructional source 兼滿漢語滿洲套話清文啓蒙 (1763).",『兼滿漢語滿洲套話清文啓蒙』満洲文字注音一覧表,竹越 孝 / Takekoshi Takeshi,2011,兼滿漢語滿洲套話清文啓蒙,1763,唇,šūn,ᡧᡡᠨ,ʃʊn,ch,uen,,9,唇 šūn,唇
manju-hergen-takekoshi-2011,mandarin,Mandarin,Manchu script transcription of Mandarin,ᠮᠠᠨᠵᡠ ᡥᡝᡵᡤᡝᠨ Manju Hergen,"Takekoshi 竹越, Takeshi 孝. (2011). 『兼滿漢語滿洲套話清文啓蒙』満洲文字注音一覧表. KOTONOHA, (101).","Takekoshi 竹越, Takeshi 孝. (2011). 『兼滿漢語滿洲套話清文啓蒙』満洲文字注音一覧表. KOTONOHA, (101). Data extracted from the Qing instructional source 兼滿漢語滿洲套話清文啓蒙 (1763).",『兼滿漢語滿洲套話清文啓蒙』満洲文字注音一覧表,竹越 孝 / Takekoshi Takeshi,2011,兼滿漢語滿洲套話清文啓蒙,1763,順,šūn,ᡧᡡᠨ,ʃʊn,sh,uen,4,9,順 šūn 4,順
manju-hergen-takekoshi-2011,mandarin,Mandarin,Manchu script transcription of Mandarin,ᠮᠠᠨᠵᡠ ᡥᡝᡵᡤᡝᠨ Manju Hergen,"Takekoshi 竹越, Takeshi 孝. (2011). 『兼滿漢語滿洲套話清文啓蒙』満洲文字注音一覧表. KOTONOHA, (101).","Takekoshi 竹越, Takeshi 孝. (2011). 『兼滿漢語滿洲套話清文啓蒙』満洲文字注音一覧表. KOTONOHA, (101). Data extracted from the Qing instructional source 兼滿漢語滿洲套話清文啓蒙 (1763).",『兼滿漢語滿洲套話清文啓蒙』満洲文字注音一覧表,竹越 孝 / Takekoshi Takeshi,2011,兼滿漢語滿洲套話清文啓蒙,1763,棍,gun,ᡤᡠᠨ,qun,g,uen,,9,棍 gun,棍
manju-hergen-takekoshi-2011,mandarin,Mandarin,Manchu script transcription of Mandarin,ᠮᠠᠨᠵᡠ ᡥᡝᡵᡤᡝᠨ Manju Hergen,"Takekoshi 竹越, Takeshi 孝. (2011). 『兼滿漢語滿洲套話清文啓蒙』満洲文字注音一覧表. KOTONOHA, (101).","Takekoshi 竹越, Takeshi 孝. (2011). 『兼滿漢語滿洲套話清文啓蒙』満洲文字注音一覧表. KOTONOHA, (101). Data extracted from the Qing instructional source 兼滿漢語滿洲套話清文啓蒙 (1763).",『兼滿漢語滿洲套話清文啓蒙』満洲文字注音一覧表,竹越 孝 / Takekoshi Takeshi,2011,兼滿漢語滿洲套話清文啓蒙,1763,困,kun,ᡴᡠᠨ,qʰun,k,uen,,9,困 kun,困
manju-hergen-takekoshi-2011,mandarin,Mandarin,Manchu script transcription of Mandarin,ᠮᠠᠨᠵᡠ ᡥᡝᡵᡤᡝᠨ Manju Hergen,"Takekoshi 竹越, Takeshi 孝. (2011). 『兼滿漢語滿洲套話清文啓蒙』満洲文字注音一覧表. KOTONOHA, (101).","Takekoshi 竹越, Takeshi 孝. (2011). 『兼滿漢語滿洲套話清文啓蒙』満洲文字注音一覧表. KOTONOHA, (101). Data extracted from the Qing instructional source 兼滿漢語滿洲套話清文啓蒙 (1763).",『兼滿漢語滿洲套話清文啓蒙』満洲文字注音一覧表,竹越 孝 / Takekoshi Takeshi,2011,兼滿漢語滿洲套話清文啓蒙,1763,渾,hun,ᡥᡠᠨ,χun,h,uen,2,9,渾 hun 2 / hon,渾
manju-hergen-takekoshi-2011,mandarin,Mandarin,Manchu script transcription of Mandarin,ᠮᠠᠨᠵᡠ ᡥᡝᡵᡤᡝᠨ Manju Hergen,"Takekoshi 竹越, Takeshi 孝. (2011). 『兼滿漢語滿洲套話清文啓蒙』満洲文字注音一覧表. KOTONOHA, (101).","Takekoshi 竹越, Takeshi 孝. (2011). 『兼滿漢語滿洲套話清文啓蒙』満洲文字注音一覧表. KOTONOHA, (101). Data extracted from the Qing instructional source 兼滿漢語滿洲套話清文啓蒙 (1763).",『兼滿漢語滿洲套話清文啓蒙』満洲文字注音一覧表,竹越 孝 / Takekoshi Takeshi,2011,兼滿漢語滿洲套話清文啓蒙,1763,渾,hon,ᡥᠣᠨ,χon,h,uen,,9,渾 hun 2 / hon,渾
manju-hergen-takekoshi-2011,mandarin,Mandarin,Manchu script transcription of Mandarin,ᠮᠠᠨᠵᡠ ᡥᡝᡵᡤᡝᠨ Manju Hergen,"Takekoshi 竹越, Takeshi 孝. (2011). 『兼滿漢語滿洲套話清文啓蒙』満洲文字注音一覧表. KOTONOHA, (101).","Takekoshi 竹越, Takeshi 孝. (2011). 『兼滿漢語滿洲套話清文啓蒙』満洲文字注音一覧表. KOTONOHA, (101). Data extracted from the Qing instructional source 兼滿漢語滿洲套話清文啓蒙 (1763).",『兼滿漢語滿洲套話清文啓蒙』満洲文字注音一覧表,竹越 孝 / Takekoshi Takeshi,2011,兼滿漢語滿洲套話清文啓蒙,1763,魂,hun,ᡥᡠᠨ,χun,h,uen,,9,魂 hun,魂
manju-hergen-takekoshi-2011,mandarin,Mandarin,Manchu script transcription of Mandarin,ᠮᠠᠨᠵᡠ ᡥᡝᡵᡤᡝᠨ Manju Hergen,"Takekoshi 竹越, Takeshi 孝. (2011). 『兼滿漢語滿洲套話清文啓蒙』満洲文字注音一覧表. KOTONOHA, (101).","Takekoshi 竹越, Takeshi 孝. (2011). 『兼滿漢語滿洲套話清文啓蒙』満洲文字注音一覧表. KOTONOHA, (101). Data extracted from the Qing instructional source 兼滿漢語滿洲套話清文啓蒙 (1763).",『兼滿漢語滿洲套話清文啓蒙』満洲文字注音一覧表,竹越 孝 / Takekoshi Takeshi,2011,兼滿漢語滿洲套話清文啓蒙,1763,問,wen,ᠸᡝᠨ,wən,w,uen,16,9,問 wen 16,問
manju-hergen-takekoshi-2011,mandarin,Mandarin,Manchu script transcription of Mandarin,ᠮᠠᠨᠵᡠ ᡥᡝᡵᡤᡝᠨ Manju Hergen,"Takekoshi 竹越, Takeshi 孝. (2011). 『兼滿漢語滿洲套話清文啓蒙』満洲文字注音一覧表. KOTONOHA, (101).","Takekoshi 竹越, Takeshi 孝. (2011). 『兼滿漢語滿洲套話清文啓蒙』満洲文字注音一覧表. KOTONOHA, (101). Data extracted from the Qing instructional source 兼滿漢語滿洲套話清文啓蒙 (1763).",『兼滿漢語滿洲套話清文啓蒙』満洲文字注音一覧表,竹越 孝 / Takekoshi Takeshi,2011,兼滿漢語滿洲套話清文啓蒙,1763,温,wen,ᠸᡝᠨ,wən,w,uen,2,9,温 wen 2,温
manju-hergen-takekoshi-2011,mandarin,Mandarin,Manchu script transcription of Mandarin,ᠮᠠᠨᠵᡠ ᡥᡝᡵᡤᡝᠨ Manju Hergen,"Takekoshi 竹越, Takeshi 孝. (2011). 『兼滿漢語滿洲套話清文啓蒙』満洲文字注音一覧表. KOTONOHA, (101).","Takekoshi 竹越, Takeshi 孝. (2011). 『兼滿漢語滿洲套話清文啓蒙』満洲文字注音一覧表. KOTONOHA, (101). Data extracted from the Qing instructional source 兼滿漢語滿洲套話清文啓蒙 (1763).",『兼滿漢語滿洲套話清文啓蒙』満洲文字注音一覧表,竹越 孝 / Takekoshi Takeshi,2011,兼滿漢語滿洲套話清文啓蒙,1763,尋,siyūn,ᠰᡳᠶᡡᠨ,sijʊn,s,ün,19,9,尋 siyūn 19,尋
manju-hergen-takekoshi-2011,mandarin,Mandarin,Manchu script transcription of Mandarin,ᠮᠠᠨᠵᡠ ᡥᡝᡵᡤᡝᠨ Manju Hergen,"Takekoshi 竹越, Takeshi 孝. (2011). 『兼滿漢語滿洲套話清文啓蒙』満洲文字注音一覧表. KOTONOHA, (101).","Takekoshi 竹越, Takeshi 孝. (2011). 『兼滿漢語滿洲套話清文啓蒙』満洲文字注音一覧表. KOTONOHA, (101). Data extracted from the Qing instructional source 兼滿漢語滿洲套話清文啓蒙 (1763).",『兼滿漢語滿洲套話清文啓蒙』満洲文字注音一覧表,竹越 孝 / Takekoshi Takeshi,2011,兼滿漢語滿洲套話清文啓蒙,1763,遜,siyūn,ᠰᡳᠶᡡᠨ,sijʊn,s,ün,2,9,遜 siyūn 2,遜
manju-hergen-takekoshi-2011,mandarin,Mandarin,Manchu script transcription of Mandarin,ᠮᠠᠨᠵᡠ ᡥᡝᡵᡤᡝᠨ Manju Hergen,"Takekoshi 竹越, Takeshi 孝. (2011). 『兼滿漢語滿洲套話清文啓蒙』満洲文字注音一覧表. KOTONOHA, (101).","Takekoshi 竹越, Takeshi 孝. (2011). 『兼滿漢語滿洲套話清文啓蒙』満洲文字注音一覧表. KOTONOHA, (101). Data extracted from the Qing instructional source 兼滿漢語滿洲套話清文啓蒙 (1763).",『兼滿漢語滿洲套話清文啓蒙』満洲文字注音一覧表,竹越 孝 / Takekoshi Takeshi,2011,兼滿漢語滿洲套話清文啓蒙,1763,迅,sioan,ᠰᡳᠣᠠᠨ,sioan,s,ün,,9,迅 sioan,迅
manju-hergen-takekoshi-2011,mandarin,Mandarin,Manchu script transcription of Mandarin,ᠮᠠᠨᠵᡠ ᡥᡝᡵᡤᡝᠨ Manju Hergen,"Takekoshi 竹越, Takeshi 孝. (2011). 『兼滿漢語滿洲套話清文啓蒙』満洲文字注音一覧表. KOTONOHA, (101).","Takekoshi 竹越, Takeshi 孝. (2011). 『兼滿漢語滿洲套話清文啓蒙』満洲文字注音一覧表. KOTONOHA, (101). Data extracted from the Qing instructional source 兼滿漢語滿洲套話清文啓蒙 (1763).",『兼滿漢語滿洲套話清文啓蒙』満洲文字注音一覧表,竹越 孝 / Takekoshi Takeshi,2011,兼滿漢語滿洲套話清文啓蒙,1763,傍,pang,ᡦᠠᠩ,pʰaŋ,p,ang,5,10,傍 pang 5,傍
manju-hergen-takekoshi-2011,mandarin,Mandarin,Manchu script transcription of Mandarin,ᠮᠠᠨᠵᡠ ᡥᡝᡵᡤᡝᠨ Manju Hergen,"Takekoshi 竹越, Takeshi 孝. (2011). 『兼滿漢語滿洲套話清文啓蒙』満洲文字注音一覧表. KOTONOHA, (101).","Takekoshi 竹越, Takeshi 孝. (2011). 『兼滿漢語滿洲套話清文啓蒙』満洲文字注音一覧表. KOTONOHA, (101). Data extracted from the Qing instructional source 兼滿漢語滿洲套話清文啓蒙 (1763).",『兼滿漢語滿洲套話清文啓蒙』満洲文字注音一覧表,竹越 孝 / Takekoshi Takeshi,2011,兼滿漢語滿洲套話清文啓蒙,1763,忙,mang,ᠮᠠᠩ,maŋ,m,ang,5,10,忙 mang 5,忙
manju-hergen-takekoshi-2011,mandarin,Mandarin,Manchu script transcription of Mandarin,ᠮᠠᠨᠵᡠ ᡥᡝᡵᡤᡝᠨ Manju Hergen,"Takekoshi 竹越, Takeshi 孝. (2011). 『兼滿漢語滿洲套話清文啓蒙』満洲文字注音一覧表. KOTONOHA, (101).","Takekoshi 竹越, Takeshi 孝. (2011). 『兼滿漢語滿洲套話清文啓蒙』満洲文字注音一覧表. KOTONOHA, (101). Data extracted from the Qing instructional source 兼滿漢語滿洲套話清文啓蒙 (1763).",『兼滿漢語滿洲套話清文啓蒙』満洲文字注音一覧表,竹越 孝 / Takekoshi Takeshi,2011,兼滿漢語滿洲套話清文啓蒙,1763,房,fang,ᡶᠠᠩ,faŋ,f,ang,5,10,房 fang 5,房
manju-hergen-takekoshi-2011,mandarin,Mandarin,Manchu script transcription of Mandarin,ᠮᠠᠨᠵᡠ ᡥᡝᡵᡤᡝᠨ Manju Hergen,"Takekoshi 竹越, Takeshi 孝. (2011). 『兼滿漢語滿洲套話清文啓蒙』満洲文字注音一覧表. KOTONOHA, (101).","Takekoshi 竹越, Takeshi 孝. (2011). 『兼滿漢語滿洲套話清文啓蒙』満洲文字注音一覧表. KOTONOHA, (101). Data extracted from the Qing instructional source 兼滿漢語滿洲套話清文啓蒙 (1763).",『兼滿漢語滿洲套話清文啓蒙』満洲文字注音一覧表,竹越 孝 / Takekoshi Takeshi,2011,兼滿漢語滿洲套話清文啓蒙,1763,妨,fang,ᡶᠠᠩ,faŋ,f,ang,4,10,妨 fang 4,妨
manju-hergen-takekoshi-2011,mandarin,Mandarin,Manchu script transcription of Mandarin,ᠮᠠᠨᠵᡠ ᡥᡝᡵᡤᡝᠨ Manju Hergen,"Takekoshi 竹越, Takeshi 孝. (2011). 『兼滿漢語滿洲套話清文啓蒙』満洲文字注音一覧表. KOTONOHA, (101).","Takekoshi 竹越, Takeshi 孝. (2011). 『兼滿漢語滿洲套話清文啓蒙』満洲文字注音一覧表. KOTONOHA, (101). Data extracted from the Qing instructional source 兼滿漢語滿洲套話清文啓蒙 (1763).",『兼滿漢語滿洲套話清文啓蒙』満洲文字注音一覧表,竹越 孝 / Takekoshi Takeshi,2011,兼滿漢語滿洲套話清文啓蒙,1763,放,fang,ᡶᠠᠩ,faŋ,f,ang,4,10,放 fang 4,放
manju-hergen-takekoshi-2011,mandarin,Mandarin,Manchu script transcription of Mandarin,ᠮᠠᠨᠵᡠ ᡥᡝᡵᡤᡝᠨ Manju Hergen,"Takekoshi 竹越, Takeshi 孝. (2011). 『兼滿漢語滿洲套話清文啓蒙』満洲文字注音一覧表. KOTONOHA, (101).","Takekoshi 竹越, Takeshi 孝. (2011). 『兼滿漢語滿洲套話清文啓蒙』満洲文字注音一覧表. KOTONOHA, (101). Data extracted from the Qing instructional source 兼滿漢語滿洲套話清文啓蒙 (1763).",『兼滿漢語滿洲套話清文啓蒙』満洲文字注音一覧表,竹越 孝 / Takekoshi Takeshi,2011,兼滿漢語滿洲套話清文啓蒙,1763,方,fang,ᡶᠠᠩ,faŋ,f,ang,2,10,方 fang 2,方
manju-hergen-takekoshi-2011,mandarin,Mandarin,Manchu script transcription of Mandarin,ᠮᠠᠨᠵᡠ ᡥᡝᡵᡤᡝᠨ Manju Hergen,"Takekoshi 竹越, Takeshi 孝. (2011). 『兼滿漢語滿洲套話清文啓蒙』満洲文字注音一覧表. KOTONOHA, (101).","Takekoshi 竹越, Takeshi 孝. (2011). 『兼滿漢語滿洲套話清文啓蒙』満洲文字注音一覧表. KOTONOHA, (101). Data extracted from the Qing instructional source 兼滿漢語滿洲套話清文啓蒙 (1763).",『兼滿漢語滿洲套話清文啓蒙』満洲文字注音一覧表,竹越 孝 / Takekoshi Takeshi,2011,兼滿漢語滿洲套話清文啓蒙,1763,防,fang,ᡶᠠᠩ,faŋ,f,ang,2,10,防 fang 2,防
manju-hergen-takekoshi-2011,mandarin,Mandarin,Manchu script transcription of Mandarin,ᠮᠠᠨᠵᡠ ᡥᡝᡵᡤᡝᠨ Manju Hergen,"Takekoshi 竹越, Takeshi 孝. (2011). 『兼滿漢語滿洲套話清文啓蒙』満洲文字注音一覧表. KOTONOHA, (101).","Takekoshi 竹越, Takeshi 孝. (2011). 『兼滿漢語滿洲套話清文啓蒙』満洲文字注音一覧表. KOTONOHA, (101). Data extracted from the Qing instructional source 兼滿漢語滿洲套話清文啓蒙 (1763).",『兼滿漢語滿洲套話清文啓蒙』満洲文字注音一覧表,竹越 孝 / Takekoshi Takeshi,2011,兼滿漢語滿洲套話清文啓蒙,1763,彷,fang,ᡶᠠᠩ,faŋ,f,ang,,10,彷 fang,彷
manju-hergen-takekoshi-2011,mandarin,Mandarin,Manchu script transcription of Mandarin,ᠮᠠᠨᠵᡠ ᡥᡝᡵᡤᡝᠨ Manju Hergen,"Takekoshi 竹越, Takeshi 孝. (2011). 『兼滿漢語滿洲套話清文啓蒙』満洲文字注音一覧表. KOTONOHA, (101).","Takekoshi 竹越, Takeshi 孝. (2011). 『兼滿漢語滿洲套話清文啓蒙』満洲文字注音一覧表. KOTONOHA, (101). Data extracted from the Qing instructional source 兼滿漢語滿洲套話清文啓蒙 (1763).",『兼滿漢語滿洲套話清文啓蒙』満洲文字注音一覧表,竹越 孝 / Takekoshi Takeshi,2011,兼滿漢語滿洲套話清文啓蒙,1763,當,dang,ᡩᠠᠩ,taŋ,d,ang,20,10,當 / 当 dang 20,當/当
manju-hergen-takekoshi-2011,mandarin,Mandarin,Manchu script transcription of Mandarin,ᠮᠠᠨᠵᡠ ᡥᡝᡵᡤᡝᠨ Manju Hergen,"Takekoshi 竹越, Takeshi 孝. (2011). 『兼滿漢語滿洲套話清文啓蒙』満洲文字注音一覧表. KOTONOHA, (101).","Takekoshi 竹越, Takeshi 孝. (2011). 『兼滿漢語滿洲套話清文啓蒙』満洲文字注音一覧表. KOTONOHA, (101). Data extracted from the Qing instructional source 兼滿漢語滿洲套話清文啓蒙 (1763).",『兼滿漢語滿洲套話清文啓蒙』満洲文字注音一覧表,竹越 孝 / Takekoshi Takeshi,2011,兼滿漢語滿洲套話清文啓蒙,1763,当,dang,ᡩᠠᠩ,taŋ,d,ang,20,10,當 / 当 dang 20,當/当
manju-hergen-takekoshi-2011,mandarin,Mandarin,Manchu script transcription of Mandarin,ᠮᠠᠨᠵᡠ ᡥᡝᡵᡤᡝᠨ Manju Hergen,"Takekoshi 竹越, Takeshi 孝. (2011). 『兼滿漢語滿洲套話清文啓蒙』満洲文字注音一覧表. KOTONOHA, (101).","Takekoshi 竹越, Takeshi 孝. (2011). 『兼滿漢語滿洲套話清文啓蒙』満洲文字注音一覧表. KOTONOHA, (101). Data extracted from the Qing instructional source 兼滿漢語滿洲套話清文啓蒙 (1763).",『兼滿漢語滿洲套話清文啓蒙』満洲文字注音一覧表,竹越 孝 / Takekoshi Takeshi,2011,兼滿漢語滿洲套話清文啓蒙,1763,档,dang,ᡩᠠᠩ,taŋ,d,ang,,10,档 dang,档
manju-hergen-takekoshi-2011,mandarin,Mandarin,Manchu script transcription of Mandarin,ᠮᠠᠨᠵᡠ ᡥᡝᡵᡤᡝᠨ Manju Hergen,"Takekoshi 竹越, Takeshi 孝. (2011). 『兼滿漢語滿洲套話清文啓蒙』満洲文字注音一覧表. KOTONOHA, (101).","Takekoshi 竹越, Takeshi 孝. (2011). 『兼滿漢語滿洲套話清文啓蒙』満洲文字注音一覧表. KOTONOHA, (101). Data extracted from the Qing instructional source 兼滿漢語滿洲套話清文啓蒙 (1763).",『兼滿漢語滿洲套話清文啓蒙』満洲文字注音一覧表,竹越 孝 / Takekoshi Takeshi,2011,兼滿漢語滿洲套話清文啓蒙,1763,挡,dang,ᡩᠠᠩ,taŋ,d,ang,,10,挡 dang,挡
manju-hergen-takekoshi-2011,mandarin,Mandarin,Manchu script transcription of Mandarin,ᠮᠠᠨᠵᡠ ᡥᡝᡵᡤᡝᠨ Manju Hergen,"Takekoshi 竹越, Takeshi 孝. (2011). 『兼滿漢語滿洲套話清文啓蒙』満洲文字注音一覧表. KOTONOHA, (101).","Takekoshi 竹越, Takeshi 孝. (2011). 『兼滿漢語滿洲套話清文啓蒙』満洲文字注音一覧表. KOTONOHA, (101). Data extracted from the Qing instructional source 兼滿漢語滿洲套話清文啓蒙 (1763).",『兼滿漢語滿洲套話清文啓蒙』満洲文字注音一覧表,竹越 孝 / Takekoshi Takeshi,2011,兼滿漢語滿洲套話清文啓蒙,1763,倘,tang,ᡨᠠᠩ,tʰaŋ,t,ang,13,10,倘 tang 13,倘
manju-hergen-takekoshi-2011,mandarin,Mandarin,Manchu script transcription of Mandarin,ᠮᠠᠨᠵᡠ ᡥᡝᡵᡤᡝᠨ Manju Hergen,"Takekoshi 竹越, Takeshi 孝. (2011). 『兼滿漢語滿洲套話清文啓蒙』満洲文字注音一覧表. KOTONOHA, (101).","Takekoshi 竹越, Takeshi 孝. (2011). 『兼滿漢語滿洲套話清文啓蒙』満洲文字注音一覧表. KOTONOHA, (101). Data extracted from the Qing instructional source 兼滿漢語滿洲套話清文啓蒙 (1763).",『兼滿漢語滿洲套話清文啓蒙』満洲文字注音一覧表,竹越 孝 / Takekoshi Takeshi,2011,兼滿漢語滿洲套話清文啓蒙,1763,湯,tang,ᡨᠠᠩ,tʰaŋ,t,ang,,10,湯 tang,湯
manju-hergen-takekoshi-2011,mandarin,Mandarin,Manchu script transcription of Mandarin,ᠮᠠᠨᠵᡠ ᡥᡝᡵᡤᡝᠨ Manju Hergen,"Takekoshi 竹越, Takeshi 孝. (2011). 『兼滿漢語滿洲套話清文啓蒙』満洲文字注音一覧表. KOTONOHA, (101).","Takekoshi 竹越, Takeshi 孝. (2011). 『兼滿漢語滿洲套話清文啓蒙』満洲文字注音一覧表. KOTONOHA, (101). Data extracted from the Qing instructional source 兼滿漢語滿洲套話清文啓蒙 (1763).",『兼滿漢語滿洲套話清文啓蒙』満洲文字注音一覧表,竹越 孝 / Takekoshi Takeshi,2011,兼滿漢語滿洲套話清文啓蒙,1763,郎,lang,ᠯᠠᠩ,laŋ,l,ang,,10,郎 lang,郎
manju-hergen-takekoshi-2011,mandarin,Mandarin,Manchu script transcription of Mandarin,ᠮᠠᠨᠵᡠ ᡥᡝᡵᡤᡝᠨ Manju Hergen,"Takekoshi 竹越, Takeshi 孝. (2011). 『兼滿漢語滿洲套話清文啓蒙』満洲文字注音一覧表. KOTONOHA, (101).","Takekoshi 竹越, Takeshi 孝. (2011). 『兼滿漢語滿洲套話清文啓蒙』満洲文字注音一覧表. KOTONOHA, (101). Data extracted from the Qing instructional source 兼滿漢語滿洲套話清文啓蒙 (1763).",『兼滿漢語滿洲套話清文啓蒙』満洲文字注音一覧表,竹越 孝 / Takekoshi Takeshi,2011,兼滿漢語滿洲套話清文啓蒙,1763,臓,dzang,ᡯᠠᠩ,tsaŋ,z,ang,,10,臓 dzang,臓
manju-hergen-takekoshi-2011,mandarin,Mandarin,Manchu script transcription of Mandarin,ᠮᠠᠨᠵᡠ ᡥᡝᡵᡤᡝᠨ Manju Hergen,"Takekoshi 竹越, Takeshi 孝. (2011). 『兼滿漢語滿洲套話清文啓蒙』満洲文字注音一覧表. KOTONOHA, (101).","Takekoshi 竹越, Takeshi 孝. (2011). 『兼滿漢語滿洲套話清文啓蒙』満洲文字注音一覧表. KOTONOHA, (101). Data extracted from the Qing instructional source 兼滿漢語滿洲套話清文啓蒙 (1763).",『兼滿漢語滿洲套話清文啓蒙』満洲文字注音一覧表,竹越 孝 / Takekoshi Takeshi,2011,兼滿漢語滿洲套話清文啓蒙,1763,嗓,sang,ᠰᠠᠩ,saŋ,s,ang,,10,嗓 sang,嗓
manju-hergen-takekoshi-2011,mandarin,Mandarin,Manchu script transcription of Mandarin,ᠮᠠᠨᠵᡠ ᡥᡝᡵᡤᡝᠨ Manju Hergen,"Takekoshi 竹越, Takeshi 孝. (2011). 『兼滿漢語滿洲套話清文啓蒙』満洲文字注音一覧表. KOTONOHA, (101).","Takekoshi 竹越, Takeshi 孝. (2011). 『兼滿漢語滿洲套話清文啓蒙』満洲文字注音一覧表. KOTONOHA, (101). Data extracted from the Qing instructional source 兼滿漢語滿洲套話清文啓蒙 (1763).",『兼滿漢語滿洲套話清文啓蒙』満洲文字注音一覧表,竹越 孝 / Takekoshi Takeshi,2011,兼滿漢語滿洲套話清文啓蒙,1763,長,jang,ᠵᠠᠩ,tʃaŋ,zh,ang,14,10,長 jang 14,長
manju-hergen-takekoshi-2011,mandarin,Mandarin,Manchu script transcription of Mandarin,ᠮᠠᠨᠵᡠ ᡥᡝᡵᡤᡝᠨ Manju Hergen,"Takekoshi 竹越, Takeshi 孝. (2011). 『兼滿漢語滿洲套話清文啓蒙』満洲文字注音一覧表. KOTONOHA, (101).","Takekoshi 竹越, Takeshi 孝. (2011). 『兼滿漢語滿洲套話清文啓蒙』満洲文字注音一覧表. KOTONOHA, (101). Data extracted from the Qing instructional source 兼滿漢語滿洲套話清文啓蒙 (1763).",『兼滿漢語滿洲套話清文啓蒙』満洲文字注音一覧表,竹越 孝 / Takekoshi Takeshi,2011,兼滿漢語滿洲套話清文啓蒙,1763,賬,jang,ᠵᠠᠩ,tʃaŋ,zh,ang,,10,賬 jang,賬
manju-hergen-takekoshi-2011,mandarin,Mandarin,Manchu script transcription of Mandarin,ᠮᠠᠨᠵᡠ ᡥᡝᡵᡤᡝᠨ Manju Hergen,"Takekoshi 竹越, Takeshi 孝. (2011). 『兼滿漢語滿洲套話清文啓蒙』満洲文字注音一覧表. KOTONOHA, (101).","Takekoshi 竹越, Takeshi 孝. (2011). 『兼滿漢語滿洲套話清文啓蒙』満洲文字注音一覧表. KOTONOHA, (101). Data extracted from the Qing instructional source 兼滿漢語滿洲套話清文啓蒙 (1763).",『兼滿漢語滿洲套話清文啓蒙』満洲文字注音一覧表,竹越 孝 / Takekoshi Takeshi,2011,兼滿漢語滿洲套話清文啓蒙,1763,章,jang,ᠵᠠᠩ,tʃaŋ,zh,ang,,10,章 jang,章
manju-hergen-takekoshi-2011,mandarin,Mandarin,Manchu script transcription of Mandarin,ᠮᠠᠨᠵᡠ ᡥᡝᡵᡤᡝᠨ Manju Hergen,"Takekoshi 竹越, Takeshi 孝. (2011). 『兼滿漢語滿洲套話清文啓蒙』満洲文字注音一覧表. KOTONOHA, (101).","Takekoshi 竹越, Takeshi 孝. (2011). 『兼滿漢語滿洲套話清文啓蒙』満洲文字注音一覧表. KOTONOHA, (101). Data extracted from the Qing instructional source 兼滿漢語滿洲套話清文啓蒙 (1763).",『兼滿漢語滿洲套話清文啓蒙』満洲文字注音一覧表,竹越 孝 / Takekoshi Takeshi,2011,兼滿漢語滿洲套話清文啓蒙,1763,掌,jang,ᠵᠠᠩ,tʃaŋ,zh,ang,,10,掌 jang,掌
manju-hergen-takekoshi-2011,mandarin,Mandarin,Manchu script transcription of Mandarin,ᠮᠠᠨᠵᡠ ᡥᡝᡵᡤᡝᠨ Manju Hergen,"Takekoshi 竹越, Takeshi 孝. (2011). 『兼滿漢語滿洲套話清文啓蒙』満洲文字注音一覧表. KOTONOHA, (101).","Takekoshi 竹越, Takeshi 孝. (2011). 『兼滿漢語滿洲套話清文啓蒙』満洲文字注音一覧表. KOTONOHA, (101). Data extracted from the Qing instructional source 兼滿漢語滿洲套話清文啓蒙 (1763).",『兼滿漢語滿洲套話清文啓蒙』満洲文字注音一覧表,竹越 孝 / Takekoshi Takeshi,2011,兼滿漢語滿洲套話清文啓蒙,1763,常,cang,ᠴᠠᠩ,tʃʰaŋ,ch,ang,14,10,常 cang 14,常
manju-hergen-takekoshi-2011,mandarin,Mandarin,Manchu script transcription of Mandarin,ᠮᠠᠨᠵᡠ ᡥᡝᡵᡤᡝᠨ Manju Hergen,"Takekoshi 竹越, Takeshi 孝. (2011). 『兼滿漢語滿洲套話清文啓蒙』満洲文字注音一覧表. KOTONOHA, (101).","Takekoshi 竹越, Takeshi 孝. (2011). 『兼滿漢語滿洲套話清文啓蒙』満洲文字注音一覧表. KOTONOHA, (101). Data extracted from the Qing instructional source 兼滿漢語滿洲套話清文啓蒙 (1763).",『兼滿漢語滿洲套話清文啓蒙』満洲文字注音一覧表,竹越 孝 / Takekoshi Takeshi,2011,兼滿漢語滿洲套話清文啓蒙,1763,長,cang,ᠴᠠᠩ,tʃʰaŋ,ch,ang,,10,長 cang,長
manju-hergen-takekoshi-2011,mandarin,Mandarin,Manchu script transcription of Mandarin,ᠮᠠᠨᠵᡠ ᡥᡝᡵᡤᡝᠨ Manju Hergen,"Takekoshi 竹越, Takeshi 孝. (2011). 『兼滿漢語滿洲套話清文啓蒙』満洲文字注音一覧表. KOTONOHA, (101).","Takekoshi 竹越, Takeshi 孝. (2011). 『兼滿漢語滿洲套話清文啓蒙』満洲文字注音一覧表. KOTONOHA, (101). Data extracted from the Qing instructional source 兼滿漢語滿洲套話清文啓蒙 (1763).",『兼滿漢語滿洲套話清文啓蒙』満洲文字注音一覧表,竹越 孝 / Takekoshi Takeshi,2011,兼滿漢語滿洲套話清文啓蒙,1763,上,šang,ᡧᠠᠩ,ʃaŋ,sh,ang,48,10,上 šang 48,上
manju-hergen-takekoshi-2011,mandarin,Mandarin,Manchu script transcription of Mandarin,ᠮᠠᠨᠵᡠ ᡥᡝᡵᡤᡝᠨ Manju Hergen,"Takekoshi 竹越, Takeshi 孝. (2011). 『兼滿漢語滿洲套話清文啓蒙』満洲文字注音一覧表. KOTONOHA, (101).","Takekoshi 竹越, Takeshi 孝. (2011). 『兼滿漢語滿洲套話清文啓蒙』満洲文字注音一覧表. KOTONOHA, (101). Data extracted from the Qing instructional source 兼滿漢語滿洲套話清文啓蒙 (1763).",『兼滿漢語滿洲套話清文啓蒙』満洲文字注音一覧表,竹越 孝 / Takekoshi Takeshi,2011,兼滿漢語滿洲套話清文啓蒙,1763,尚,šang,ᡧᠠᠩ,ʃaŋ,sh,ang,3,10,尚 šang 3,尚
manju-hergen-takekoshi-2011,mandarin,Mandarin,Manchu script transcription of Mandarin,ᠮᠠᠨᠵᡠ ᡥᡝᡵᡤᡝᠨ Manju Hergen,"Takekoshi 竹越, Takeshi 孝. (2011). 『兼滿漢語滿洲套話清文啓蒙』満洲文字注音一覧表. KOTONOHA, (101).","Takekoshi 竹越, Takeshi 孝. (2011). 『兼滿漢語滿洲套話清文啓蒙』満洲文字注音一覧表. KOTONOHA, (101). Data extracted from the Qing instructional source 兼滿漢語滿洲套話清文啓蒙 (1763).",『兼滿漢語滿洲套話清文啓蒙』満洲文字注音一覧表,竹越 孝 / Takekoshi Takeshi,2011,兼滿漢語滿洲套話清文啓蒙,1763,商,šang,ᡧᠠᠩ,ʃaŋ,sh,ang,2,10,商 šang 2,商
manju-hergen-takekoshi-2011,mandarin,Mandarin,Manchu script transcription of Mandarin,ᠮᠠᠨᠵᡠ ᡥᡝᡵᡤᡝᠨ Manju Hergen,"Takekoshi 竹越, Takeshi 孝. (2011). 『兼滿漢語滿洲套話清文啓蒙』満洲文字注音一覧表. KOTONOHA, (101).","Takekoshi 竹越, Takeshi 孝. (2011). 『兼滿漢語滿洲套話清文啓蒙』満洲文字注音一覧表. KOTONOHA, (101). Data extracted from the Qing instructional source 兼滿漢語滿洲套話清文啓蒙 (1763).",『兼滿漢語滿洲套話清文啓蒙』満洲文字注音一覧表,竹越 孝 / Takekoshi Takeshi,2011,兼滿漢語滿洲套話清文啓蒙,1763,傷,šang,ᡧᠠᠩ,ʃaŋ,sh,ang,2,10,傷 šang 2,傷
manju-hergen-takekoshi-2011,mandarin,Mandarin,Manchu script transcription of Mandarin,ᠮᠠᠨᠵᡠ ᡥᡝᡵᡤᡝᠨ Manju Hergen,"Takekoshi 竹越, Takeshi 孝. (2011). 『兼滿漢語滿洲套話清文啓蒙』満洲文字注音一覧表. KOTONOHA, (101).","Takekoshi 竹越, Takeshi 孝. (2011). 『兼滿漢語滿洲套話清文啓蒙』満洲文字注音一覧表. KOTONOHA, (101). Data extracted from the Qing instructional source 兼滿漢語滿洲套話清文啓蒙 (1763).",『兼滿漢語滿洲套話清文啓蒙』満洲文字注音一覧表,竹越 孝 / Takekoshi Takeshi,2011,兼滿漢語滿洲套話清文啓蒙,1763,譲,žang,ᡰᠠᠩ,ʐaŋ,r,ang,7,10,譲 žang 7,譲
manju-hergen-takekoshi-2011,mandarin,Mandarin,Manchu script transcription of Mandarin,ᠮᠠᠨᠵᡠ ᡥᡝᡵᡤᡝᠨ Manju Hergen,"Takekoshi 竹越, Takeshi 孝. (2011). 『兼滿漢語滿洲套話清文啓蒙』満洲文字注音一覧表. KOTONOHA, (101).","Takekoshi 竹越, Takeshi 孝. (2011). 『兼滿漢語滿洲套話清文啓蒙』満洲文字注音一覧表. KOTONOHA, (101). Data extracted from the Qing instructional source 兼滿漢語滿洲套話清文啓蒙 (1763).",『兼滿漢語滿洲套話清文啓蒙』満洲文字注音一覧表,竹越 孝 / Takekoshi Takeshi,2011,兼滿漢語滿洲套話清文啓蒙,1763,剛,g’ang,ᡬᠠᠩ,kaŋ,g,ang,2,10,剛 g’ang 2,剛
manju-hergen-takekoshi-2011,mandarin,Mandarin,Manchu script transcription of Mandarin,ᠮᠠᠨᠵᡠ ᡥᡝᡵᡤᡝᠨ Manju Hergen,"Takekoshi 竹越, Takeshi 孝. (2011). 『兼滿漢語滿洲套話清文啓蒙』満洲文字注音一覧表. KOTONOHA, (101).","Takekoshi 竹越, Takeshi 孝. (2011). 『兼滿漢語滿洲套話清文啓蒙』満洲文字注音一覧表. KOTONOHA, (101). Data extracted from the Qing instructional source 兼滿漢語滿洲套話清文啓蒙 (1763).",『兼滿漢語滿洲套話清文啓蒙』満洲文字注音一覧表,竹越 孝 / Takekoshi Takeshi,2011,兼滿漢語滿洲套話清文啓蒙,1763,慷,k’ang,ᠺᠠᠩ,kʰaŋ,k,ang,4,10,慷 k’ang 4,慷
manju-hergen-takekoshi-2011,mandarin,Mandarin,Manchu script transcription of Mandarin,ᠮᠠᠨᠵᡠ ᡥᡝᡵᡤᡝᠨ Manju Hergen,"Takekoshi 竹越, Takeshi 孝. (2011). 『兼滿漢語滿洲套話清文啓蒙』満洲文字注音一覧表. KOTONOHA, (101).","Takekoshi 竹越, Takeshi 孝. (2011). 『兼滿漢語滿洲套話清文啓蒙』満洲文字注音一覧表. KOTONOHA, (101). Data extracted from the Qing instructional source 兼滿漢語滿洲套話清文啓蒙 (1763).",『兼滿漢語滿洲套話清文啓蒙』満洲文字注音一覧表,竹越 孝 / Takekoshi Takeshi,2011,兼滿漢語滿洲套話清文啓蒙,1763,炕,k’ang,ᠺᠠᠩ,kʰaŋ,k,ang,3,10,炕 k’ang 3,炕
manju-hergen-takekoshi-2011,mandarin,Mandarin,Manchu script transcription of Mandarin,ᠮᠠᠨᠵᡠ ᡥᡝᡵᡤᡝᠨ Manju Hergen,"Takekoshi 竹越, Takeshi 孝. (2011). 『兼滿漢語滿洲套話清文啓蒙』満洲文字注音一覧表. KOTONOHA, (101).","Takekoshi 竹越, Takeshi 孝. (2011). 『兼滿漢語滿洲套話清文啓蒙』満洲文字注音一覧表. KOTONOHA, (101). Data extracted from the Qing instructional source 兼滿漢語滿洲套話清文啓蒙 (1763).",『兼滿漢語滿洲套話清文啓蒙』満洲文字注音一覧表,竹越 孝 / Takekoshi Takeshi,2011,兼滿漢語滿洲套話清文啓蒙,1763,量,liyang,ᠯᡳᠶᠠᠩ,lijaŋ,l,iang,7,10,量 liyang 7,量
manju-hergen-takekoshi-2011,mandarin,Mandarin,Manchu script transcription of Mandarin,ᠮᠠᠨᠵᡠ ᡥᡝᡵᡤᡝᠨ Manju Hergen,"Takekoshi 竹越, Takeshi 孝. (2011). 『兼滿漢語滿洲套話清文啓蒙』満洲文字注音一覧表. KOTONOHA, (101).","Takekoshi 竹越, Takeshi 孝. (2011). 『兼滿漢語滿洲套話清文啓蒙』満洲文字注音一覧表. KOTONOHA, (101). Data extracted from the Qing instructional source 兼滿漢語滿洲套話清文啓蒙 (1763).",『兼滿漢語滿洲套話清文啓蒙』満洲文字注音一覧表,竹越 孝 / Takekoshi Takeshi,2011,兼滿漢語滿洲套話清文啓蒙,1763,両,liyang,ᠯᡳᠶᠠᠩ,lijaŋ,l,iang,5,10,両 liyang 5,両
manju-hergen-takekoshi-2011,mandarin,Mandarin,Manchu script transcription of Mandarin,ᠮᠠᠨᠵᡠ ᡥᡝᡵᡤᡝᠨ Manju Hergen,"Takekoshi 竹越, Takeshi 孝. (2011). 『兼滿漢語滿洲套話清文啓蒙』満洲文字注音一覧表. KOTONOHA, (101).","Takekoshi 竹越, Takeshi 孝. (2011). 『兼滿漢語滿洲套話清文啓蒙』満洲文字注音一覧表. KOTONOHA, (101). Data extracted from the Qing instructional source 兼滿漢語滿洲套話清文啓蒙 (1763).",『兼滿漢語滿洲套話清文啓蒙』満洲文字注音一覧表,竹越 孝 / Takekoshi Takeshi,2011,兼滿漢語滿洲套話清文啓蒙,1763,凉,liyang,ᠯᡳᠶᠠᠩ,lijaŋ,l,iang,4,10,凉 liyang 4,凉
manju-hergen-takekoshi-2011,mandarin,Mandarin,Manchu script transcription of Mandarin,ᠮᠠᠨᠵᡠ ᡥᡝᡵᡤᡝᠨ Manju Hergen,"Takekoshi 竹越, Takeshi 孝. (2011). 『兼滿漢語滿洲套話清文啓蒙』満洲文字注音一覧表. KOTONOHA, (101).","Takekoshi 竹越, Takeshi 孝. (2011). 『兼滿漢語滿洲套話清文啓蒙』満洲文字注音一覧表. KOTONOHA, (101). Data extracted from the Qing instructional source 兼滿漢語滿洲套話清文啓蒙 (1763).",『兼滿漢語滿洲套話清文啓蒙』満洲文字注音一覧表,竹越 孝 / Takekoshi Takeshi,2011,兼滿漢語滿洲套話清文啓蒙,1763,諒,liyang,ᠯᡳᠶᠠᠩ,lijaŋ,l,iang,2,10,諒 liyang 2,諒
manju-hergen-takekoshi-2011,mandarin,Mandarin,Manchu script transcription of Mandarin,ᠮᠠᠨᠵᡠ ᡥᡝᡵᡤᡝᠨ Manju Hergen,"Takekoshi 竹越, Takeshi 孝. (2011). 『兼滿漢語滿洲套話清文啓蒙』満洲文字注音一覧表. KOTONOHA, (101).","Takekoshi 竹越, Takeshi 孝. (2011). 『兼滿漢語滿洲套話清文啓蒙』満洲文字注音一覧表. KOTONOHA, (101). Data extracted from the Qing instructional source 兼滿漢語滿洲套話清文啓蒙 (1763).",『兼滿漢語滿洲套話清文啓蒙』満洲文字注音一覧表,竹越 孝 / Takekoshi Takeshi,2011,兼滿漢語滿洲套話清文啓蒙,1763,喨,liyang,ᠯᡳᠶᠠᠩ,lijaŋ,l,iang,2,10,喨 liyang 2,喨
manju-hergen-takekoshi-2011,mandarin,Mandarin,Manchu script transcription of Mandarin,ᠮᠠᠨᠵᡠ ᡥᡝᡵᡤᡝᠨ Manju Hergen,"Takekoshi 竹越, Takeshi 孝. (2011). 『兼滿漢語滿洲套話清文啓蒙』満洲文字注音一覧表. KOTONOHA, (101).","Takekoshi 竹越, Takeshi 孝. (2011). 『兼滿漢語滿洲套話清文啓蒙』満洲文字注音一覧表. KOTONOHA, (101). Data extracted from the Qing instructional source 兼滿漢語滿洲套話清文啓蒙 (1763).",『兼滿漢語滿洲套話清文啓蒙』満洲文字注音一覧表,竹越 孝 / Takekoshi Takeshi,2011,兼滿漢語滿洲套話清文啓蒙,1763,良,liyang,ᠯᡳᠶᠠᠩ,lijaŋ,l,iang,,10,良 liyang,良
manju-hergen-takekoshi-2011,mandarin,Mandarin,Manchu script transcription of Mandarin,ᠮᠠᠨᠵᡠ ᡥᡝᡵᡤᡝᠨ Manju Hergen,"Takekoshi 竹越, Takeshi 孝. (2011). 『兼滿漢語滿洲套話清文啓蒙』満洲文字注音一覧表. KOTONOHA, (101).","Takekoshi 竹越, Takeshi 孝. (2011). 『兼滿漢語滿洲套話清文啓蒙』満洲文字注音一覧表. KOTONOHA, (101). Data extracted from the Qing instructional source 兼滿漢語滿洲套話清文啓蒙 (1763).",『兼滿漢語滿洲套話清文啓蒙』満洲文字注音一覧表,竹越 孝 / Takekoshi Takeshi,2011,兼滿漢語滿洲套話清文啓蒙,1763,講,giyang,ᡤᡳᠶᠠᠩ,qijaŋ,j,iang,5,10,講 giyang 5,講
manju-hergen-takekoshi-2011,mandarin,Mandarin,Manchu script transcription of Mandarin,ᠮᠠᠨᠵᡠ ᡥᡝᡵᡤᡝᠨ Manju Hergen,"Takekoshi 竹越, Takeshi 孝. (2011). 『兼滿漢語滿洲套話清文啓蒙』満洲文字注音一覧表. KOTONOHA, (101).","Takekoshi 竹越, Takeshi 孝. (2011). 『兼滿漢語滿洲套話清文啓蒙』満洲文字注音一覧表. KOTONOHA, (101). Data extracted from the Qing instructional source 兼滿漢語滿洲套話清文啓蒙 (1763).",『兼滿漢語滿洲套話清文啓蒙』満洲文字注音一覧表,竹越 孝 / Takekoshi Takeshi,2011,兼滿漢語滿洲套話清文啓蒙,1763,將,jiyang,ᠵᡳᠶᠠᠩ,tʃijaŋ,j,iang,4,10,將 jiyang 4,將
manju-hergen-takekoshi-2011,mandarin,Mandarin,Manchu script transcription of Mandarin,ᠮᠠᠨᠵᡠ ᡥᡝᡵᡤᡝᠨ Manju Hergen,"Takekoshi 竹越, Takeshi 孝. (2011). 『兼滿漢語滿洲套話清文啓蒙』満洲文字注音一覧表. KOTONOHA, (101).","Takekoshi 竹越, Takeshi 孝. (2011). 『兼滿漢語滿洲套話清文啓蒙』満洲文字注音一覧表. KOTONOHA, (101). Data extracted from the Qing instructional source 兼滿漢語滿洲套話清文啓蒙 (1763).",『兼滿漢語滿洲套話清文啓蒙』満洲文字注音一覧表,竹越 孝 / Takekoshi Takeshi,2011,兼滿漢語滿洲套話清文啓蒙,1763,姜,giyang,ᡤᡳᠶᠠᠩ,qijaŋ,j,iang,,10,姜 giyang,姜
manju-hergen-takekoshi-2011,mandarin,Mandarin,Manchu script transcription of Mandarin,ᠮᠠᠨᠵᡠ ᡥᡝᡵᡤᡝᠨ Manju Hergen,"Takekoshi 竹越, Takeshi 孝. (2011). 『兼滿漢語滿洲套話清文啓蒙』満洲文字注音一覧表. KOTONOHA, (101).","Takekoshi 竹越, Takeshi 孝. (2011). 『兼滿漢語滿洲套話清文啓蒙』満洲文字注音一覧表. KOTONOHA, (101). Data extracted from the Qing instructional source 兼滿漢語滿洲套話清文啓蒙 (1763).",『兼滿漢語滿洲套話清文啓蒙』満洲文字注音一覧表,竹越 孝 / Takekoshi Takeshi,2011,兼滿漢語滿洲套話清文啓蒙,1763,強,kiyang,ᡴᡳᠶᠠᠩ,qʰijaŋ,q,iang,6,10,強 kiyang 6,強
manju-hergen-takekoshi-2011,mandarin,Mandarin,Manchu script transcription of Mandarin,ᠮᠠᠨᠵᡠ ᡥᡝᡵᡤᡝᠨ Manju Hergen,"Takekoshi 竹越, Takeshi 孝. (2011). 『兼滿漢語滿洲套話清文啓蒙』満洲文字注音一覧表. KOTONOHA, (101).","Takekoshi 竹越, Takeshi 孝. (2011). 『兼滿漢語滿洲套話清文啓蒙』満洲文字注音一覧表. KOTONOHA, (101). Data extracted from the Qing instructional source 兼滿漢語滿洲套話清文啓蒙 (1763).",『兼滿漢語滿洲套話清文啓蒙』満洲文字注音一覧表,竹越 孝 / Takekoshi Takeshi,2011,兼滿漢語滿洲套話清文啓蒙,1763,想,siyang,ᠰᡳᠶᠠᠩ,sijaŋ,x,iang,22,10,想 siyang 22,想
manju-hergen-takekoshi-2011,mandarin,Mandarin,Manchu script transcription of Mandarin,ᠮᠠᠨᠵᡠ ᡥᡝᡵᡤᡝᠨ Manju Hergen,"Takekoshi 竹越, Takeshi 孝. (2011). 『兼滿漢語滿洲套話清文啓蒙』満洲文字注音一覧表. KOTONOHA, (101).","Takekoshi 竹越, Takeshi 孝. (2011). 『兼滿漢語滿洲套話清文啓蒙』満洲文字注音一覧表. KOTONOHA, (101). Data extracted from the Qing instructional source 兼滿漢語滿洲套話清文啓蒙 (1763).",『兼滿漢語滿洲套話清文啓蒙』満洲文字注音一覧表,竹越 孝 / Takekoshi Takeshi,2011,兼滿漢語滿洲套話清文啓蒙,1763,像,siyang,ᠰᡳᠶᠠᠩ,sijaŋ,x,iang,12,10,像 siyang 12,像
manju-hergen-takekoshi-2011,mandarin,Mandarin,Manchu script transcription of Mandarin,ᠮᠠᠨᠵᡠ ᡥᡝᡵᡤᡝᠨ Manju Hergen,"Takekoshi 竹越, Takeshi 孝. (2011). 『兼滿漢語滿洲套話清文啓蒙』満洲文字注音一覧表. KOTONOHA, (101).","Takekoshi 竹越, Takeshi 孝. (2011). 『兼滿漢語滿洲套話清文啓蒙』満洲文字注音一覧表. KOTONOHA, (101). Data extracted from the Qing instructional source 兼滿漢語滿洲套話清文啓蒙 (1763).",『兼滿漢語滿洲套話清文啓蒙』満洲文字注音一覧表,竹越 孝 / Takekoshi Takeshi,2011,兼滿漢語滿洲套話清文啓蒙,1763,相,siyang,ᠰᡳᠶᠠᠩ,sijaŋ,x,iang,11,10,相 siyang 11,相
manju-hergen-takekoshi-2011,mandarin,Mandarin,Manchu script transcription of Mandarin,ᠮᠠᠨᠵᡠ ᡥᡝᡵᡤᡝᠨ Manju Hergen,"Takekoshi 竹越, Takeshi 孝. (2011). 『兼滿漢語滿洲套話清文啓蒙』満洲文字注音一覧表. KOTONOHA, (101).","Takekoshi 竹越, Takeshi 孝. (2011). 『兼滿漢語滿洲套話清文啓蒙』満洲文字注音一覧表. KOTONOHA, (101). Data extracted from the Qing instructional source 兼滿漢語滿洲套話清文啓蒙 (1763).",『兼滿漢語滿洲套話清文啓蒙』満洲文字注音一覧表,竹越 孝 / Takekoshi Takeshi,2011,兼滿漢語滿洲套話清文啓蒙,1763,向,siyang,ᠰᡳᠶᠠᠩ,sijaŋ,x,iang,7,10,向 siyang 7,向
manju-hergen-takekoshi-2011,mandarin,Mandarin,Manchu script transcription of Mandarin,ᠮᠠᠨᠵᡠ ᡥᡝᡵᡤᡝᠨ Manju Hergen,"Takekoshi 竹越, Takeshi 孝. (2011). 『兼滿漢語滿洲套話清文啓蒙』満洲文字注音一覧表. KOTONOHA, (101).","Takekoshi 竹越, Takeshi 孝. (2011). 『兼滿漢語滿洲套話清文啓蒙』満洲文字注音一覧表. KOTONOHA, (101). Data extracted from the Qing instructional source 兼滿漢語滿洲套話清文啓蒙 (1763).",『兼滿漢語滿洲套話清文啓蒙』満洲文字注音一覧表,竹越 孝 / Takekoshi Takeshi,2011,兼滿漢語滿洲套話清文啓蒙,1763,响,siyang,ᠰᡳᠶᠠᠩ,sijaŋ,x,iang,2,10,响 siyang 2 / hiyang,响
manju-hergen-takekoshi-2011,mandarin,Mandarin,Manchu script transcription of Mandarin,ᠮᠠᠨᠵᡠ ᡥᡝᡵᡤᡝᠨ Manju Hergen,"Takekoshi 竹越, Takeshi 孝. (2011). 『兼滿漢語滿洲套話清文啓蒙』満洲文字注音一覧表. KOTONOHA, (101).","Takekoshi 竹越, Takeshi 孝. (2011). 『兼滿漢語滿洲套話清文啓蒙』満洲文字注音一覧表. KOTONOHA, (101). Data extracted from the Qing instructional source 兼滿漢語滿洲套話清文啓蒙 (1763).",『兼滿漢語滿洲套話清文啓蒙』満洲文字注音一覧表,竹越 孝 / Takekoshi Takeshi,2011,兼滿漢語滿洲套話清文啓蒙,1763,响,hiyang,ᡥᡳᠶᠠᠩ,χijaŋ,x,iang,,10,响 siyang 2 / hiyang,响
manju-hergen-takekoshi-2011,mandarin,Mandarin,Manchu script transcription of Mandarin,ᠮᠠᠨᠵᡠ ᡥᡝᡵᡤᡝᠨ Manju Hergen,"Takekoshi 竹越, Takeshi 孝. (2011). 『兼滿漢語滿洲套話清文啓蒙』満洲文字注音一覧表. KOTONOHA, (101).","Takekoshi 竹越, Takeshi 孝. (2011). 『兼滿漢語滿洲套話清文啓蒙』満洲文字注音一覧表. KOTONOHA, (101). Data extracted from the Qing instructional source 兼滿漢語滿洲套話清文啓蒙 (1763).",『兼滿漢語滿洲套話清文啓蒙』満洲文字注音一覧表,竹越 孝 / Takekoshi Takeshi,2011,兼滿漢語滿洲套話清文啓蒙,1763,様,yang,ᠶᠠᠩ,jaŋ,y,iang,73,10,様 yang 73,様
manju-hergen-takekoshi-2011,mandarin,Mandarin,Manchu script transcription of Mandarin,ᠮᠠᠨᠵᡠ ᡥᡝᡵᡤᡝᠨ Manju Hergen,"Takekoshi 竹越, Takeshi 孝. (2011). 『兼滿漢語滿洲套話清文啓蒙』満洲文字注音一覧表. KOTONOHA, (101).","Takekoshi 竹越, Takeshi 孝. (2011). 『兼滿漢語滿洲套話清文啓蒙』満洲文字注音一覧表. KOTONOHA, (101). Data extracted from the Qing instructional source 兼滿漢語滿洲套話清文啓蒙 (1763).",『兼滿漢語滿洲套話清文啓蒙』満洲文字注音一覧表,竹越 孝 / Takekoshi Takeshi,2011,兼滿漢語滿洲套話清文啓蒙,1763,養,yang,ᠶᠠᠩ,jaŋ,y,iang,,10,養 yang,養
manju-hergen-takekoshi-2011,mandarin,Mandarin,Manchu script transcription of Mandarin,ᠮᠠᠨᠵᡠ ᡥᡝᡵᡤᡝᠨ Manju Hergen,"Takekoshi 竹越, Takeshi 孝. (2011). 『兼滿漢語滿洲套話清文啓蒙』満洲文字注音一覧表. KOTONOHA, (101).","Takekoshi 竹越, Takeshi 孝. (2011). 『兼滿漢語滿洲套話清文啓蒙』満洲文字注音一覧表. KOTONOHA, (101). Data extracted from the Qing instructional source 兼滿漢語滿洲套話清文啓蒙 (1763).",『兼滿漢語滿洲套話清文啓蒙』満洲文字注音一覧表,竹越 孝 / Takekoshi Takeshi,2011,兼滿漢語滿洲套話清文啓蒙,1763,装,juwang,ᠵᡠᠸᠠᠩ,tʃuwaŋ,zh,uang,4,10,装 juwang 4 / jowang,装
manju-hergen-takekoshi-2011,mandarin,Mandarin,Manchu script transcription of Mandarin,ᠮᠠᠨᠵᡠ ᡥᡝᡵᡤᡝᠨ Manju Hergen,"Takekoshi 竹越, Takeshi 孝. (2011). 『兼滿漢語滿洲套話清文啓蒙』満洲文字注音一覧表. KOTONOHA, (101).","Takekoshi 竹越, Takeshi 孝. (2011). 『兼滿漢語滿洲套話清文啓蒙』満洲文字注音一覧表. KOTONOHA, (101). Data extracted from the Qing instructional source 兼滿漢語滿洲套話清文啓蒙 (1763).",『兼滿漢語滿洲套話清文啓蒙』満洲文字注音一覧表,竹越 孝 / Takekoshi Takeshi,2011,兼滿漢語滿洲套話清文啓蒙,1763,装,jowang,ᠵᠣᠸᠠᠩ,tʃowaŋ,zh,uang,,10,装 juwang 4 / jowang,装
manju-hergen-takekoshi-2011,mandarin,Mandarin,Manchu script transcription of Mandarin,ᠮᠠᠨᠵᡠ ᡥᡝᡵᡤᡝᠨ Manju Hergen,"Takekoshi 竹越, Takeshi 孝. (2011). 『兼滿漢語滿洲套話清文啓蒙』満洲文字注音一覧表. KOTONOHA, (101).","Takekoshi 竹越, Takeshi 孝. (2011). 『兼滿漢語滿洲套話清文啓蒙』満洲文字注音一覧表. KOTONOHA, (101). Data extracted from the Qing instructional source 兼滿漢語滿洲套話清文啓蒙 (1763).",『兼滿漢語滿洲套話清文啓蒙』満洲文字注音一覧表,竹越 孝 / Takekoshi Takeshi,2011,兼滿漢語滿洲套話清文啓蒙,1763,爽,šuwang,ᡧᡠᠸᠠᠩ,ʃuwaŋ,sh,uang,3,10,爽 šuwang 3,爽
manju-hergen-takekoshi-2011,mandarin,Mandarin,Manchu script transcription of Mandarin,ᠮᠠᠨᠵᡠ ᡥᡝᡵᡤᡝᠨ Manju Hergen,"Takekoshi 竹越, Takeshi 孝. (2011). 『兼滿漢語滿洲套話清文啓蒙』満洲文字注音一覧表. KOTONOHA, (101).","Takekoshi 竹越, Takeshi 孝. (2011). 『兼滿漢語滿洲套話清文啓蒙』満洲文字注音一覧表. KOTONOHA, (101). Data extracted from the Qing instructional source 兼滿漢語滿洲套話清文啓蒙 (1763).",『兼滿漢語滿洲套話清文啓蒙』満洲文字注音一覧表,竹越 孝 / Takekoshi Takeshi,2011,兼滿漢語滿洲套話清文啓蒙,1763,光,guwang,ᡤᡠᠸᠠᠩ,quwaŋ,g,uang,3,10,光 guwang 3,光
manju-hergen-takekoshi-2011,mandarin,Mandarin,Manchu script transcription of Mandarin,ᠮᠠᠨᠵᡠ ᡥᡝᡵᡤᡝᠨ Manju Hergen,"Takekoshi 竹越, Takeshi 孝. (2011). 『兼滿漢語滿洲套話清文啓蒙』満洲文字注音一覧表. KOTONOHA, (101).","Takekoshi 竹越, Takeshi 孝. (2011). 『兼滿漢語滿洲套話清文啓蒙』満洲文字注音一覧表. KOTONOHA, (101). Data extracted from the Qing instructional source 兼滿漢語滿洲套話清文啓蒙 (1763).",『兼滿漢語滿洲套話清文啓蒙』満洲文字注音一覧表,竹越 孝 / Takekoshi Takeshi,2011,兼滿漢語滿洲套話清文啓蒙,1763,况,kuwang,ᡴᡠᠸᠠᠩ,qʰuwaŋ,k,uang,6,10,况 kuwang 6,况
manju-hergen-takekoshi-2011,mandarin,Mandarin,Manchu script transcription of Mandarin,ᠮᠠᠨᠵᡠ ᡥᡝᡵᡤᡝᠨ Manju Hergen,"Takekoshi 竹越, Takeshi 孝. (2011). 『兼滿漢語滿洲套話清文啓蒙』満洲文字注音一覧表. KOTONOHA, (101).","Takekoshi 竹越, Takeshi 孝. (2011). 『兼滿漢語滿洲套話清文啓蒙』満洲文字注音一覧表. KOTONOHA, (101). Data extracted from the Qing instructional source 兼滿漢語滿洲套話清文啓蒙 (1763).",『兼滿漢語滿洲套話清文啓蒙』満洲文字注音一覧表,竹越 孝 / Takekoshi Takeshi,2011,兼滿漢語滿洲套話清文啓蒙,1763,狂,kuwang,ᡴᡠᠸᠠᠩ,qʰuwaŋ,k,uang,,10,狂 kuwang,狂
manju-hergen-takekoshi-2011,mandarin,Mandarin,Manchu script transcription of Mandarin,ᠮᠠᠨᠵᡠ ᡥᡝᡵᡤᡝᠨ Manju Hergen,"Takekoshi 竹越, Takeshi 孝. (2011). 『兼滿漢語滿洲套話清文啓蒙』満洲文字注音一覧表. KOTONOHA, (101).","Takekoshi 竹越, Takeshi 孝. (2011). 『兼滿漢語滿洲套話清文啓蒙』満洲文字注音一覧表. KOTONOHA, (101). Data extracted from the Qing instructional source 兼滿漢語滿洲套話清文啓蒙 (1763).",『兼滿漢語滿洲套話清文啓蒙』満洲文字注音一覧表,竹越 孝 / Takekoshi Takeshi,2011,兼滿漢語滿洲套話清文啓蒙,1763,謊,huwang,ᡥᡠᠸᠠᠩ,χuwaŋ,h,uang,5,10,謊 huwang 5,謊
manju-hergen-takekoshi-2011,mandarin,Mandarin,Manchu script transcription of Mandarin,ᠮᠠᠨᠵᡠ ᡥᡝᡵᡤᡝᠨ Manju Hergen,"Takekoshi 竹越, Takeshi 孝. (2011). 『兼滿漢語滿洲套話清文啓蒙』満洲文字注音一覧表. KOTONOHA, (101).","Takekoshi 竹越, Takeshi 孝. (2011). 『兼滿漢語滿洲套話清文啓蒙』満洲文字注音一覧表. KOTONOHA, (101). Data extracted from the Qing instructional source 兼滿漢語滿洲套話清文啓蒙 (1763).",『兼滿漢語滿洲套話清文啓蒙』満洲文字注音一覧表,竹越 孝 / Takekoshi Takeshi,2011,兼滿漢語滿洲套話清文啓蒙,1763,恍,huwang,ᡥᡠᠸᠠᠩ,χuwaŋ,h,uang,3,10,恍 huwang 3,恍
manju-hergen-takekoshi-2011,mandarin,Mandarin,Manchu script transcription of Mandarin,ᠮᠠᠨᠵᡠ ᡥᡝᡵᡤᡝᠨ Manju Hergen,"Takekoshi 竹越, Takeshi 孝. (2011). 『兼滿漢語滿洲套話清文啓蒙』満洲文字注音一覧表. KOTONOHA, (101).","Takekoshi 竹越, Takeshi 孝. (2011). 『兼滿漢語滿洲套話清文啓蒙』満洲文字注音一覧表. KOTONOHA, (101). Data extracted from the Qing instructional source 兼滿漢語滿洲套話清文啓蒙 (1763).",『兼滿漢語滿洲套話清文啓蒙』満洲文字注音一覧表,竹越 孝 / Takekoshi Takeshi,2011,兼滿漢語滿洲套話清文啓蒙,1763,黄,hūwang,ᡥᡡᠸᠠᠩ,χʊwaŋ,h,uang,2,10,黄 hūwang 2,黄
manju-hergen-takekoshi-2011,mandarin,Mandarin,Manchu script transcription of Mandarin,ᠮᠠᠨᠵᡠ ᡥᡝᡵᡤᡝᠨ Manju Hergen,"Takekoshi 竹越, Takeshi 孝. (2011). 『兼滿漢語滿洲套話清文啓蒙』満洲文字注音一覧表. KOTONOHA, (101).","Takekoshi 竹越, Takeshi 孝. (2011). 『兼滿漢語滿洲套話清文啓蒙』満洲文字注音一覧表. KOTONOHA, (101). Data extracted from the Qing instructional source 兼滿漢語滿洲套話清文啓蒙 (1763).",『兼滿漢語滿洲套話清文啓蒙』満洲文字注音一覧表,竹越 孝 / Takekoshi Takeshi,2011,兼滿漢語滿洲套話清文啓蒙,1763,慌,huwang,ᡥᡠᠸᠠᠩ,χuwaŋ,h,uang,,10,慌 huwang,慌
manju-hergen-takekoshi-2011,mandarin,Mandarin,Manchu script transcription of Mandarin,ᠮᠠᠨᠵᡠ ᡥᡝᡵᡤᡝᠨ Manju Hergen,"Takekoshi 竹越, Takeshi 孝. (2011). 『兼滿漢語滿洲套話清文啓蒙』満洲文字注音一覧表. KOTONOHA, (101).","Takekoshi 竹越, Takeshi 孝. (2011). 『兼滿漢語滿洲套話清文啓蒙』満洲文字注音一覧表. KOTONOHA, (101). Data extracted from the Qing instructional source 兼滿漢語滿洲套話清文啓蒙 (1763).",『兼滿漢語滿洲套話清文啓蒙』満洲文字注音一覧表,竹越 孝 / Takekoshi Takeshi,2011,兼滿漢語滿洲套話清文啓蒙,1763,幌,huwang,ᡥᡠᠸᠠᠩ,χuwaŋ,h,uang,,10,幌 huwang,幌
manju-hergen-takekoshi-2011,mandarin,Mandarin,Manchu script transcription of Mandarin,ᠮᠠᠨᠵᡠ ᡥᡝᡵᡤᡝᠨ Manju Hergen,"Takekoshi 竹越, Takeshi 孝. (2011). 『兼滿漢語滿洲套話清文啓蒙』満洲文字注音一覧表. KOTONOHA, (101).","Takekoshi 竹越, Takeshi 孝. (2011). 『兼滿漢語滿洲套話清文啓蒙』満洲文字注音一覧表. KOTONOHA, (101). Data extracted from the Qing instructional source 兼滿漢語滿洲套話清文啓蒙 (1763).",『兼滿漢語滿洲套話清文啓蒙』満洲文字注音一覧表,竹越 孝 / Takekoshi Takeshi,2011,兼滿漢語滿洲套話清文啓蒙,1763,徃,wang,ᠸᠠᠩ,waŋ,w,uang,16,10,徃 wang 16,徃
manju-hergen-takekoshi-2011,mandarin,Mandarin,Manchu script transcription of Mandarin,ᠮᠠᠨᠵᡠ ᡥᡝᡵᡤᡝᠨ Manju Hergen,"Takekoshi 竹越, Takeshi 孝. (2011). 『兼滿漢語滿洲套話清文啓蒙』満洲文字注音一覧表. KOTONOHA, (101).","Takekoshi 竹越, Takeshi 孝. (2011). 『兼滿漢語滿洲套話清文啓蒙』満洲文字注音一覧表. KOTONOHA, (101). Data extracted from the Qing instructional source 兼滿漢語滿洲套話清文啓蒙 (1763).",『兼滿漢語滿洲套話清文啓蒙』満洲文字注音一覧表,竹越 孝 / Takekoshi Takeshi,2011,兼滿漢語滿洲套話清文啓蒙,1763,望,wang,ᠸᠠᠩ,waŋ,w,uang,16,10,望 wang 16,望
manju-hergen-takekoshi-2011,mandarin,Mandarin,Manchu script transcription of Mandarin,ᠮᠠᠨᠵᡠ ᡥᡝᡵᡤᡝᠨ Manju Hergen,"Takekoshi 竹越, Takeshi 孝. (2011). 『兼滿漢語滿洲套話清文啓蒙』満洲文字注音一覧表. KOTONOHA, (101).","Takekoshi 竹越, Takeshi 孝. (2011). 『兼滿漢語滿洲套話清文啓蒙』満洲文字注音一覧表. KOTONOHA, (101). Data extracted from the Qing instructional source 兼滿漢語滿洲套話清文啓蒙 (1763).",『兼滿漢語滿洲套話清文啓蒙』満洲文字注音一覧表,竹越 孝 / Takekoshi Takeshi,2011,兼滿漢語滿洲套話清文啓蒙,1763,忘,wang,ᠸᠠᠩ,waŋ,w,uang,3,10,忘 wang 3,忘
manju-hergen-takekoshi-2011,mandarin,Mandarin,Manchu script transcription of Mandarin,ᠮᠠᠨᠵᡠ ᡥᡝᡵᡤᡝᠨ Manju Hergen,"Takekoshi 竹越, Takeshi 孝. (2011). 『兼滿漢語滿洲套話清文啓蒙』満洲文字注音一覧表. KOTONOHA, (101).","Takekoshi 竹越, Takeshi 孝. (2011). 『兼滿漢語滿洲套話清文啓蒙』満洲文字注音一覧表. KOTONOHA, (101). Data extracted from the Qing instructional source 兼滿漢語滿洲套話清文啓蒙 (1763).",『兼滿漢語滿洲套話清文啓蒙』満洲文字注音一覧表,竹越 孝 / Takekoshi Takeshi,2011,兼滿漢語滿洲套話清文啓蒙,1763,朋,peng,ᡦᡝᠩ,pʰəŋ,p,eng,16,10,朋 peng 16 / beng,朋
manju-hergen-takekoshi-2011,mandarin,Mandarin,Manchu script transcription of Mandarin,ᠮᠠᠨᠵᡠ ᡥᡝᡵᡤᡝᠨ Manju Hergen,"Takekoshi 竹越, Takeshi 孝. (2011). 『兼滿漢語滿洲套話清文啓蒙』満洲文字注音一覧表. KOTONOHA, (101).","Takekoshi 竹越, Takeshi 孝. (2011). 『兼滿漢語滿洲套話清文啓蒙』満洲文字注音一覧表. KOTONOHA, (101). Data extracted from the Qing instructional source 兼滿漢語滿洲套話清文啓蒙 (1763).",『兼滿漢語滿洲套話清文啓蒙』満洲文字注音一覧表,竹越 孝 / Takekoshi Takeshi,2011,兼滿漢語滿洲套話清文啓蒙,1763,朋,beng,ᠪᡝᠩ,pəŋ,p,eng,,10,朋 peng 16 / beng,朋
manju-hergen-takekoshi-2011,mandarin,Mandarin,Manchu script transcription of Mandarin,ᠮᠠᠨᠵᡠ ᡥᡝᡵᡤᡝᠨ Manju Hergen,"Takekoshi 竹越, Takeshi 孝. (2011). 『兼滿漢語滿洲套話清文啓蒙』満洲文字注音一覧表. KOTONOHA, (101).","Takekoshi 竹越, Takeshi 孝. (2011). 『兼滿漢語滿洲套話清文啓蒙』満洲文字注音一覧表. KOTONOHA, (101). Data extracted from the Qing instructional source 兼滿漢語滿洲套話清文啓蒙 (1763).",『兼滿漢語滿洲套話清文啓蒙』満洲文字注音一覧表,竹越 孝 / Takekoshi Takeshi,2011,兼滿漢語滿洲套話清文啓蒙,1763,磞,peng,ᡦᡝᠩ,pʰəŋ,p,eng,3,10,磞 peng 3,磞
manju-hergen-takekoshi-2011,mandarin,Mandarin,Manchu script transcription of Mandarin,ᠮᠠᠨᠵᡠ ᡥᡝᡵᡤᡝᠨ Manju Hergen,"Takekoshi 竹越, Takeshi 孝. (2011). 『兼滿漢語滿洲套話清文啓蒙』満洲文字注音一覧表. KOTONOHA, (101).","Takekoshi 竹越, Takeshi 孝. (2011). 『兼滿漢語滿洲套話清文啓蒙』満洲文字注音一覧表. KOTONOHA, (101). Data extracted from the Qing instructional source 兼滿漢語滿洲套話清文啓蒙 (1763).",『兼滿漢語滿洲套話清文啓蒙』満洲文字注音一覧表,竹越 孝 / Takekoshi Takeshi,2011,兼滿漢語滿洲套話清文啓蒙,1763,膨,peng,ᡦᡝᠩ,pʰəŋ,p,eng,,10,膨 peng,膨
manju-hergen-takekoshi-2011,mandarin,Mandarin,Manchu script transcription of Mandarin,ᠮᠠᠨᠵᡠ ᡥᡝᡵᡤᡝᠨ Manju Hergen,"Takekoshi 竹越, Takeshi 孝. (2011). 『兼滿漢語滿洲套話清文啓蒙』満洲文字注音一覧表. KOTONOHA, (101).","Takekoshi 竹越, Takeshi 孝. (2011). 『兼滿漢語滿洲套話清文啓蒙』満洲文字注音一覧表. KOTONOHA, (101). Data extracted from the Qing instructional source 兼滿漢語滿洲套話清文啓蒙 (1763).",『兼滿漢語滿洲套話清文啓蒙』満洲文字注音一覧表,竹越 孝 / Takekoshi Takeshi,2011,兼滿漢語滿洲套話清文啓蒙,1763,蒙,meng,ᠮᡝᠩ,məŋ,m,eng,,10,蒙 meng,蒙
manju-hergen-takekoshi-2011,mandarin,Mandarin,Manchu script transcription of Mandarin,ᠮᠠᠨᠵᡠ ᡥᡝᡵᡤᡝᠨ Manju Hergen,"Takekoshi 竹越, Takeshi 孝. (2011). 『兼滿漢語滿洲套話清文啓蒙』満洲文字注音一覧表. KOTONOHA, (101).","Takekoshi 竹越, Takeshi 孝. (2011). 『兼滿漢語滿洲套話清文啓蒙』満洲文字注音一覧表. KOTONOHA, (101). Data extracted from the Qing instructional source 兼滿漢語滿洲套話清文啓蒙 (1763).",『兼滿漢語滿洲套話清文啓蒙』満洲文字注音一覧表,竹越 孝 / Takekoshi Takeshi,2011,兼滿漢語滿洲套話清文啓蒙,1763,豊,feng,ᡶᡝᠩ,fəŋ,f,eng,2,10,豊 feng 2,豊
manju-hergen-takekoshi-2011,mandarin,Mandarin,Manchu script transcription of Mandarin,ᠮᠠᠨᠵᡠ ᡥᡝᡵᡤᡝᠨ Manju Hergen,"Takekoshi 竹越, Takeshi 孝. (2011). 『兼滿漢語滿洲套話清文啓蒙』満洲文字注音一覧表. KOTONOHA, (101).","Takekoshi 竹越, Takeshi 孝. (2011). 『兼滿漢語滿洲套話清文啓蒙』満洲文字注音一覧表. KOTONOHA, (101). Data extracted from the Qing instructional source 兼滿漢語滿洲套話清文啓蒙 (1763).",『兼滿漢語滿洲套話清文啓蒙』満洲文字注音一覧表,竹越 孝 / Takekoshi Takeshi,2011,兼滿漢語滿洲套話清文啓蒙,1763,風,fung,ᡶᡠᠩ,fuŋ,f,eng,2,10,風 fung 2,風
manju-hergen-takekoshi-2011,mandarin,Mandarin,Manchu script transcription of Mandarin,ᠮᠠᠨᠵᡠ ᡥᡝᡵᡤᡝᠨ Manju Hergen,"Takekoshi 竹越, Takeshi 孝. (2011). 『兼滿漢語滿洲套話清文啓蒙』満洲文字注音一覧表. KOTONOHA, (101).","Takekoshi 竹越, Takeshi 孝. (2011). 『兼滿漢語滿洲套話清文啓蒙』満洲文字注音一覧表. KOTONOHA, (101). Data extracted from the Qing instructional source 兼滿漢語滿洲套話清文啓蒙 (1763).",『兼滿漢語滿洲套話清文啓蒙』満洲文字注音一覧表,竹越 孝 / Takekoshi Takeshi,2011,兼滿漢語滿洲套話清文啓蒙,1763,逢,feng,ᡶᡝᠩ,fəŋ,f,eng,,10,逢 feng,逢
manju-hergen-takekoshi-2011,mandarin,Mandarin,Manchu script transcription of Mandarin,ᠮᠠᠨᠵᡠ ᡥᡝᡵᡤᡝᠨ Manju Hergen,"Takekoshi 竹越, Takeshi 孝. (2011). 『兼滿漢語滿洲套話清文啓蒙』満洲文字注音一覧表. KOTONOHA, (101).","Takekoshi 竹越, Takeshi 孝. (2011). 『兼滿漢語滿洲套話清文啓蒙』満洲文字注音一覧表. KOTONOHA, (101). Data extracted from the Qing instructional source 兼滿漢語滿洲套話清文啓蒙 (1763).",『兼滿漢語滿洲套話清文啓蒙』満洲文字注音一覧表,竹越 孝 / Takekoshi Takeshi,2011,兼滿漢語滿洲套話清文啓蒙,1763,等,deng,ᡩᡝᠩ,təŋ,d,eng,12,10,等 deng 12,等
manju-hergen-takekoshi-2011,mandarin,Mandarin,Manchu script transcription of Mandarin,ᠮᠠᠨᠵᡠ ᡥᡝᡵᡤᡝᠨ Manju Hergen,"Takekoshi 竹越, Takeshi 孝. (2011). 『兼滿漢語滿洲套話清文啓蒙』満洲文字注音一覧表. KOTONOHA, (101).","Takekoshi 竹越, Takeshi 孝. (2011). 『兼滿漢語滿洲套話清文啓蒙』満洲文字注音一覧表. KOTONOHA, (101). Data extracted from the Qing instructional source 兼滿漢語滿洲套話清文啓蒙 (1763).",『兼滿漢語滿洲套話清文啓蒙』満洲文字注音一覧表,竹越 孝 / Takekoshi Takeshi,2011,兼滿漢語滿洲套話清文啓蒙,1763,登,deng,ᡩᡝᠩ,təŋ,d,eng,2,10,登 deng 2,登
manju-hergen-takekoshi-2011,mandarin,Mandarin,Manchu script transcription of Mandarin,ᠮᠠᠨᠵᡠ ᡥᡝᡵᡤᡝᠨ Manju Hergen,"Takekoshi 竹越, Takeshi 孝. (2011). 『兼滿漢語滿洲套話清文啓蒙』満洲文字注音一覧表. KOTONOHA, (101).","Takekoshi 竹越, Takeshi 孝. (2011). 『兼滿漢語滿洲套話清文啓蒙』満洲文字注音一覧表. KOTONOHA, (101). Data extracted from the Qing instructional source 兼滿漢語滿洲套話清文啓蒙 (1763).",『兼滿漢語滿洲套話清文啓蒙』満洲文字注音一覧表,竹越 孝 / Takekoshi Takeshi,2011,兼滿漢語滿洲套話清文啓蒙,1763,瞪,deng,ᡩᡝᠩ,təŋ,d,eng,,10,瞪 deng,瞪
manju-hergen-takekoshi-2011,mandarin,Mandarin,Manchu script transcription of Mandarin,ᠮᠠᠨᠵᡠ ᡥᡝᡵᡤᡝᠨ Manju Hergen,"Takekoshi 竹越, Takeshi 孝. (2011). 『兼滿漢語滿洲套話清文啓蒙』満洲文字注音一覧表. KOTONOHA, (101).","Takekoshi 竹越, Takeshi 孝. (2011). 『兼滿漢語滿洲套話清文啓蒙』満洲文字注音一覧表. KOTONOHA, (101). Data extracted from the Qing instructional source 兼滿漢語滿洲套話清文啓蒙 (1763).",『兼滿漢語滿洲套話清文啓蒙』満洲文字注音一覧表,竹越 孝 / Takekoshi Takeshi,2011,兼滿漢語滿洲套話清文啓蒙,1763,疼,teng,ᡨᡝᠩ,tʰəŋ,t,eng,8,10,疼 teng 8,疼
manju-hergen-takekoshi-2011,mandarin,Mandarin,Manchu script transcription of Mandarin,ᠮᠠᠨᠵᡠ ᡥᡝᡵᡤᡝᠨ Manju Hergen,"Takekoshi 竹越, Takeshi 孝. (2011). 『兼滿漢語滿洲套話清文啓蒙』満洲文字注音一覧表. KOTONOHA, (101).","Takekoshi 竹越, Takeshi 孝. (2011). 『兼滿漢語滿洲套話清文啓蒙』満洲文字注音一覧表. KOTONOHA, (101). Data extracted from the Qing instructional source 兼滿漢語滿洲套話清文啓蒙 (1763).",『兼滿漢語滿洲套話清文啓蒙』満洲文字注音一覧表,竹越 孝 / Takekoshi Takeshi,2011,兼滿漢語滿洲套話清文啓蒙,1763,騰,teng,ᡨᡝᠩ,tʰəŋ,t,eng,,10,騰 teng,騰
manju-hergen-takekoshi-2011,mandarin,Mandarin,Manchu script transcription of Mandarin,ᠮᠠᠨᠵᡠ ᡥᡝᡵᡤᡝᠨ Manju Hergen,"Takekoshi 竹越, Takeshi 孝. (2011). 『兼滿漢語滿洲套話清文啓蒙』満洲文字注音一覧表. KOTONOHA, (101).","Takekoshi 竹越, Takeshi 孝. (2011). 『兼滿漢語滿洲套話清文啓蒙』満洲文字注音一覧表. KOTONOHA, (101). Data extracted from the Qing instructional source 兼滿漢語滿洲套話清文啓蒙 (1763).",『兼滿漢語滿洲套話清文啓蒙』満洲文字注音一覧表,竹越 孝 / Takekoshi Takeshi,2011,兼滿漢語滿洲套話清文啓蒙,1763,能,neng,ᠨᡝᠩ,nəŋ,n,eng,15,10,能 neng 15,能
manju-hergen-takekoshi-2011,mandarin,Mandarin,Manchu script transcription of Mandarin,ᠮᠠᠨᠵᡠ ᡥᡝᡵᡤᡝᠨ Manju Hergen,"Takekoshi 竹越, Takeshi 孝. (2011). 『兼滿漢語滿洲套話清文啓蒙』満洲文字注音一覧表. KOTONOHA, (101).","Takekoshi 竹越, Takeshi 孝. (2011). 『兼滿漢語滿洲套話清文啓蒙』満洲文字注音一覧表. KOTONOHA, (101). Data extracted from the Qing instructional source 兼滿漢語滿洲套話清文啓蒙 (1763).",『兼滿漢語滿洲套話清文啓蒙』満洲文字注音一覧表,竹越 孝 / Takekoshi Takeshi,2011,兼滿漢語滿洲套話清文啓蒙,1763,冷,leng,ᠯᡝᠩ,ləŋ,l,eng,2,10,冷 leng 2,冷
manju-hergen-takekoshi-2011,mandarin,Mandarin,Manchu script transcription of Mandarin,ᠮᠠᠨᠵᡠ ᡥᡝᡵᡤᡝᠨ Manju Hergen,"Takekoshi 竹越, Takeshi 孝. (2011). 『兼滿漢語滿洲套話清文啓蒙』満洲文字注音一覧表. KOTONOHA, (101).","Takekoshi 竹越, Takeshi 孝. (2011). 『兼滿漢語滿洲套話清文啓蒙』満洲文字注音一覧表. KOTONOHA, (101). Data extracted from the Qing instructional source 兼滿漢語滿洲套話清文啓蒙 (1763).",『兼滿漢語滿洲套話清文啓蒙』満洲文字注音一覧表,竹越 孝 / Takekoshi Takeshi,2011,兼滿漢語滿洲套話清文啓蒙,1763,曽,ts’eng,ᡨᠰᡝᠩ,tʰsəŋ,c,eng,,11,曽 ts’eng,曽
manju-hergen-takekoshi-2011,mandarin,Mandarin,Manchu script transcription of Mandarin,ᠮᠠᠨᠵᡠ ᡥᡝᡵᡤᡝᠨ Manju Hergen,"Takekoshi 竹越, Takeshi 孝. (2011). 『兼滿漢語滿洲套話清文啓蒙』満洲文字注音一覧表. KOTONOHA, (101).","Takekoshi 竹越, Takeshi 孝. (2011). 『兼滿漢語滿洲套話清文啓蒙』満洲文字注音一覧表. KOTONOHA, (101). Data extracted from the Qing instructional source 兼滿漢語滿洲套話清文啓蒙 (1763).",『兼滿漢語滿洲套話清文啓蒙』満洲文字注音一覧表,竹越 孝 / Takekoshi Takeshi,2011,兼滿漢語滿洲套話清文啓蒙,1763,正,jeng,ᠵᡝᠩ,tʃəŋ,zh,eng,11,11,正 jeng 11,正
manju-hergen-takekoshi-2011,mandarin,Mandarin,Manchu script transcription of Mandarin,ᠮᠠᠨᠵᡠ ᡥᡝᡵᡤᡝᠨ Manju Hergen,"Takekoshi 竹越, Takeshi 孝. (2011). 『兼滿漢語滿洲套話清文啓蒙』満洲文字注音一覧表. KOTONOHA, (101).","Takekoshi 竹越, Takeshi 孝. (2011). 『兼滿漢語滿洲套話清文啓蒙』満洲文字注音一覧表. KOTONOHA, (101). Data extracted from the Qing instructional source 兼滿漢語滿洲套話清文啓蒙 (1763).",『兼滿漢語滿洲套話清文啓蒙』満洲文字注音一覧表,竹越 孝 / Takekoshi Takeshi,2011,兼滿漢語滿洲套話清文啓蒙,1763,争,dzeng,ᡯᡝᠩ,tsəŋ,zh,eng,6,11,争 dzeng 6,争
manju-hergen-takekoshi-2011,mandarin,Mandarin,Manchu script transcription of Mandarin,ᠮᠠᠨᠵᡠ ᡥᡝᡵᡤᡝᠨ Manju Hergen,"Takekoshi 竹越, Takeshi 孝. (2011). 『兼滿漢語滿洲套話清文啓蒙』満洲文字注音一覧表. KOTONOHA, (101).","Takekoshi 竹越, Takeshi 孝. (2011). 『兼滿漢語滿洲套話清文啓蒙』満洲文字注音一覧表. KOTONOHA, (101). Data extracted from the Qing instructional source 兼滿漢語滿洲套話清文啓蒙 (1763).",『兼滿漢語滿洲套話清文啓蒙』満洲文字注音一覧表,竹越 孝 / Takekoshi Takeshi,2011,兼滿漢語滿洲套話清文啓蒙,1763,挣,dzeng,ᡯᡝᠩ,tsəŋ,zh,eng,,11,挣 dzeng,挣
manju-hergen-takekoshi-2011,mandarin,Mandarin,Manchu script transcription of Mandarin,ᠮᠠᠨᠵᡠ ᡥᡝᡵᡤᡝᠨ Manju Hergen,"Takekoshi 竹越, Takeshi 孝. (2011). 『兼滿漢語滿洲套話清文啓蒙』満洲文字注音一覧表. KOTONOHA, (101).","Takekoshi 竹越, Takeshi 孝. (2011). 『兼滿漢語滿洲套話清文啓蒙』満洲文字注音一覧表. KOTONOHA, (101). Data extracted from the Qing instructional source 兼滿漢語滿洲套話清文啓蒙 (1763).",『兼滿漢語滿洲套話清文啓蒙』満洲文字注音一覧表,竹越 孝 / Takekoshi Takeshi,2011,兼滿漢語滿洲套話清文啓蒙,1763,整,jeng,ᠵᡝᠩ,tʃəŋ,zh,eng,,11,整 jeng,整
manju-hergen-takekoshi-2011,mandarin,Mandarin,Manchu script transcription of Mandarin,ᠮᠠᠨᠵᡠ ᡥᡝᡵᡤᡝᠨ Manju Hergen,"Takekoshi 竹越, Takeshi 孝. (2011). 『兼滿漢語滿洲套話清文啓蒙』満洲文字注音一覧表. KOTONOHA, (101).","Takekoshi 竹越, Takeshi 孝. (2011). 『兼滿漢語滿洲套話清文啓蒙』満洲文字注音一覧表. KOTONOHA, (101). Data extracted from the Qing instructional source 兼滿漢語滿洲套話清文啓蒙 (1763).",『兼滿漢語滿洲套話清文啓蒙』満洲文字注音一覧表,竹越 孝 / Takekoshi Takeshi,2011,兼滿漢語滿洲套話清文啓蒙,1763,証,jeng,ᠵᡝᠩ,tʃəŋ,zh,eng,,11,証 jeng,証
manju-hergen-takekoshi-2011,mandarin,Mandarin,Manchu script transcription of Mandarin,ᠮᠠᠨᠵᡠ ᡥᡝᡵᡤᡝᠨ Manju Hergen,"Takekoshi 竹越, Takeshi 孝. (2011). 『兼滿漢語滿洲套話清文啓蒙』満洲文字注音一覧表. KOTONOHA, (101).","Takekoshi 竹越, Takeshi 孝. (2011). 『兼滿漢語滿洲套話清文啓蒙』満洲文字注音一覧表. KOTONOHA, (101). Data extracted from the Qing instructional source 兼滿漢語滿洲套話清文啓蒙 (1763).",『兼滿漢語滿洲套話清文啓蒙』満洲文字注音一覧表,竹越 孝 / Takekoshi Takeshi,2011,兼滿漢語滿洲套話清文啓蒙,1763,成,ceng,ᠴᡝᠩ,tʃʰəŋ,ch,eng,15,11,成 ceng 15,成
manju-hergen-takekoshi-2011,mandarin,Mandarin,Manchu script transcription of Mandarin,ᠮᠠᠨᠵᡠ ᡥᡝᡵᡤᡝᠨ Manju Hergen,"Takekoshi 竹越, Takeshi 孝. (2011). 『兼滿漢語滿洲套話清文啓蒙』満洲文字注音一覧表. KOTONOHA, (101).","Takekoshi 竹越, Takeshi 孝. (2011). 『兼滿漢語滿洲套話清文啓蒙』満洲文字注音一覧表. KOTONOHA, (101). Data extracted from the Qing instructional source 兼滿漢語滿洲套話清文啓蒙 (1763).",『兼滿漢語滿洲套話清文啓蒙』満洲文字注音一覧表,竹越 孝 / Takekoshi Takeshi,2011,兼滿漢語滿洲套話清文啓蒙,1763,承,ceng,ᠴᡝᠩ,tʃʰəŋ,ch,eng,7,11,承 ceng 7,承
manju-hergen-takekoshi-2011,mandarin,Mandarin,Manchu script transcription of Mandarin,ᠮᠠᠨᠵᡠ ᡥᡝᡵᡤᡝᠨ Manju Hergen,"Takekoshi 竹越, Takeshi 孝. (2011). 『兼滿漢語滿洲套話清文啓蒙』満洲文字注音一覧表. KOTONOHA, (101).","Takekoshi 竹越, Takeshi 孝. (2011). 『兼滿漢語滿洲套話清文啓蒙』満洲文字注音一覧表. KOTONOHA, (101). Data extracted from the Qing instructional source 兼滿漢語滿洲套話清文啓蒙 (1763).",『兼滿漢語滿洲套話清文啓蒙』満洲文字注音一覧表,竹越 孝 / Takekoshi Takeshi,2011,兼滿漢語滿洲套話清文啓蒙,1763,称,ceng,ᠴᡝᠩ,tʃʰəŋ,ch,eng,4,11,称 / 稱 ceng 4,称/稱
manju-hergen-takekoshi-2011,mandarin,Mandarin,Manchu script transcription of Mandarin,ᠮᠠᠨᠵᡠ ᡥᡝᡵᡤᡝᠨ Manju Hergen,"Takekoshi 竹越, Takeshi 孝. (2011). 『兼滿漢語滿洲套話清文啓蒙』満洲文字注音一覧表. KOTONOHA, (101).","Takekoshi 竹越, Takeshi 孝. (2011). 『兼滿漢語滿洲套話清文啓蒙』満洲文字注音一覧表. KOTONOHA, (101). Data extracted from the Qing instructional source 兼滿漢語滿洲套話清文啓蒙 (1763).",『兼滿漢語滿洲套話清文啓蒙』満洲文字注音一覧表,竹越 孝 / Takekoshi Takeshi,2011,兼滿漢語滿洲套話清文啓蒙,1763,稱,ceng,ᠴᡝᠩ,tʃʰəŋ,ch,eng,4,11,称 / 稱 ceng 4,称/稱
manju-hergen-takekoshi-2011,mandarin,Mandarin,Manchu script transcription of Mandarin,ᠮᠠᠨᠵᡠ ᡥᡝᡵᡤᡝᠨ Manju Hergen,"Takekoshi 竹越, Takeshi 孝. (2011). 『兼滿漢語滿洲套話清文啓蒙』満洲文字注音一覧表. KOTONOHA, (101).","Takekoshi 竹越, Takeshi 孝. (2011). 『兼滿漢語滿洲套話清文啓蒙』満洲文字注音一覧表. KOTONOHA, (101). Data extracted from the Qing instructional source 兼滿漢語滿洲套話清文啓蒙 (1763).",『兼滿漢語滿洲套話清文啓蒙』満洲文字注音一覧表,竹越 孝 / Takekoshi Takeshi,2011,兼滿漢語滿洲套話清文啓蒙,1763,誠,ceng,ᠴᡝᠩ,tʃʰəŋ,ch,eng,,11,誠 ceng,誠
manju-hergen-takekoshi-2011,mandarin,Mandarin,Manchu script transcription of Mandarin,ᠮᠠᠨᠵᡠ ᡥᡝᡵᡤᡝᠨ Manju Hergen,"Takekoshi 竹越, Takeshi 孝. (2011). 『兼滿漢語滿洲套話清文啓蒙』満洲文字注音一覧表. KOTONOHA, (101).","Takekoshi 竹越, Takeshi 孝. (2011). 『兼滿漢語滿洲套話清文啓蒙』満洲文字注音一覧表. KOTONOHA, (101). Data extracted from the Qing instructional source 兼滿漢語滿洲套話清文啓蒙 (1763).",『兼滿漢語滿洲套話清文啓蒙』満洲文字注音一覧表,竹越 孝 / Takekoshi Takeshi,2011,兼滿漢語滿洲套話清文啓蒙,1763,城,ceng,ᠴᡝᠩ,tʃʰəŋ,ch,eng,,11,城 ceng,城
manju-hergen-takekoshi-2011,mandarin,Mandarin,Manchu script transcription of Mandarin,ᠮᠠᠨᠵᡠ ᡥᡝᡵᡤᡝᠨ Manju Hergen,"Takekoshi 竹越, Takeshi 孝. (2011). 『兼滿漢語滿洲套話清文啓蒙』満洲文字注音一覧表. KOTONOHA, (101).","Takekoshi 竹越, Takeshi 孝. (2011). 『兼滿漢語滿洲套話清文啓蒙』満洲文字注音一覧表. KOTONOHA, (101). Data extracted from the Qing instructional source 兼滿漢語滿洲套話清文啓蒙 (1763).",『兼滿漢語滿洲套話清文啓蒙』満洲文字注音一覧表,竹越 孝 / Takekoshi Takeshi,2011,兼滿漢語滿洲套話清文啓蒙,1763,生,seng,ᠰᡝᠩ,səŋ,sh,eng,12,11,生 seng 12,生
manju-hergen-takekoshi-2011,mandarin,Mandarin,Manchu script transcription of Mandarin,ᠮᠠᠨᠵᡠ ᡥᡝᡵᡤᡝᠨ Manju Hergen,"Takekoshi 竹越, Takeshi 孝. (2011). 『兼滿漢語滿洲套話清文啓蒙』満洲文字注音一覧表. KOTONOHA, (101).","Takekoshi 竹越, Takeshi 孝. (2011). 『兼滿漢語滿洲套話清文啓蒙』満洲文字注音一覧表. KOTONOHA, (101). Data extracted from the Qing instructional source 兼滿漢語滿洲套話清文啓蒙 (1763).",『兼滿漢語滿洲套話清文啓蒙』満洲文字注音一覧表,竹越 孝 / Takekoshi Takeshi,2011,兼滿漢語滿洲套話清文啓蒙,1763,盛,šeng,ᡧᡝᠩ,ʃəŋ,sh,eng,3,11,盛 šeng 3,盛
manju-hergen-takekoshi-2011,mandarin,Mandarin,Manchu script transcription of Mandarin,ᠮᠠᠨᠵᡠ ᡥᡝᡵᡤᡝᠨ Manju Hergen,"Takekoshi 竹越, Takeshi 孝. (2011). 『兼滿漢語滿洲套話清文啓蒙』満洲文字注音一覧表. KOTONOHA, (101).","Takekoshi 竹越, Takeshi 孝. (2011). 『兼滿漢語滿洲套話清文啓蒙』満洲文字注音一覧表. KOTONOHA, (101). Data extracted from the Qing instructional source 兼滿漢語滿洲套話清文啓蒙 (1763).",『兼滿漢語滿洲套話清文啓蒙』満洲文字注音一覧表,竹越 孝 / Takekoshi Takeshi,2011,兼滿漢語滿洲套話清文啓蒙,1763,陞,šeng,ᡧᡝᠩ,ʃəŋ,sh,eng,2,11,陞 šeng 2,陞
manju-hergen-takekoshi-2011,mandarin,Mandarin,Manchu script transcription of Mandarin,ᠮᠠᠨᠵᡠ ᡥᡝᡵᡤᡝᠨ Manju Hergen,"Takekoshi 竹越, Takeshi 孝. (2011). 『兼滿漢語滿洲套話清文啓蒙』満洲文字注音一覧表. KOTONOHA, (101).","Takekoshi 竹越, Takeshi 孝. (2011). 『兼滿漢語滿洲套話清文啓蒙』満洲文字注音一覧表. KOTONOHA, (101). Data extracted from the Qing instructional source 兼滿漢語滿洲套話清文啓蒙 (1763).",『兼滿漢語滿洲套話清文啓蒙』満洲文字注音一覧表,竹越 孝 / Takekoshi Takeshi,2011,兼滿漢語滿洲套話清文啓蒙,1763,勝,šeng,ᡧᡝᠩ,ʃəŋ,sh,eng,2,11,勝 šeng 2,勝
manju-hergen-takekoshi-2011,mandarin,Mandarin,Manchu script transcription of Mandarin,ᠮᠠᠨᠵᡠ ᡥᡝᡵᡤᡝᠨ Manju Hergen,"Takekoshi 竹越, Takeshi 孝. (2011). 『兼滿漢語滿洲套話清文啓蒙』満洲文字注音一覧表. KOTONOHA, (101).","Takekoshi 竹越, Takeshi 孝. (2011). 『兼滿漢語滿洲套話清文啓蒙』満洲文字注音一覧表. KOTONOHA, (101). Data extracted from the Qing instructional source 兼滿漢語滿洲套話清文啓蒙 (1763).",『兼滿漢語滿洲套話清文啓蒙』満洲文字注音一覧表,竹越 孝 / Takekoshi Takeshi,2011,兼滿漢語滿洲套話清文啓蒙,1763,声,šeng,ᡧᡝᠩ,ʃəŋ,sh,eng,2,11,声 šeng 2,声
manju-hergen-takekoshi-2011,mandarin,Mandarin,Manchu script transcription of Mandarin,ᠮᠠᠨᠵᡠ ᡥᡝᡵᡤᡝᠨ Manju Hergen,"Takekoshi 竹越, Takeshi 孝. (2011). 『兼滿漢語滿洲套話清文啓蒙』満洲文字注音一覧表. KOTONOHA, (101).","Takekoshi 竹越, Takeshi 孝. (2011). 『兼滿漢語滿洲套話清文啓蒙』満洲文字注音一覧表. KOTONOHA, (101). Data extracted from the Qing instructional source 兼滿漢語滿洲套話清文啓蒙 (1763).",『兼滿漢語滿洲套話清文啓蒙』満洲文字注音一覧表,竹越 孝 / Takekoshi Takeshi,2011,兼滿漢語滿洲套話清文啓蒙,1763,聖,šeng,ᡧᡝᠩ,ʃəŋ,sh,eng,,11,聖 šeng,聖
manju-hergen-takekoshi-2011,mandarin,Mandarin,Manchu script transcription of Mandarin,ᠮᠠᠨᠵᡠ ᡥᡝᡵᡤᡝᠨ Manju Hergen,"Takekoshi 竹越, Takeshi 孝. (2011). 『兼滿漢語滿洲套話清文啓蒙』満洲文字注音一覧表. KOTONOHA, (101).","Takekoshi 竹越, Takeshi 孝. (2011). 『兼滿漢語滿洲套話清文啓蒙』満洲文字注音一覧表. KOTONOHA, (101). Data extracted from the Qing instructional source 兼滿漢語滿洲套話清文啓蒙 (1763).",『兼滿漢語滿洲套話清文啓蒙』満洲文字注音一覧表,竹越 孝 / Takekoshi Takeshi,2011,兼滿漢語滿洲套話清文啓蒙,1763,更,geng,ᡤᡝᠩ,kəŋ,g,eng,,11,更 geng,更
manju-hergen-takekoshi-2011,mandarin,Mandarin,Manchu script transcription of Mandarin,ᠮᠠᠨᠵᡠ ᡥᡝᡵᡤᡝᠨ Manju Hergen,"Takekoshi 竹越, Takeshi 孝. (2011). 『兼滿漢語滿洲套話清文啓蒙』満洲文字注音一覧表. KOTONOHA, (101).","Takekoshi 竹越, Takeshi 孝. (2011). 『兼滿漢語滿洲套話清文啓蒙』満洲文字注音一覧表. KOTONOHA, (101). Data extracted from the Qing instructional source 兼滿漢語滿洲套話清文啓蒙 (1763).",『兼滿漢語滿洲套話清文啓蒙』満洲文字注音一覧表,竹越 孝 / Takekoshi Takeshi,2011,兼滿漢語滿洲套話清文啓蒙,1763,並,bing,ᠪᡳᠩ,piŋ,b,ing,9,11,並 bing 9,並
manju-hergen-takekoshi-2011,mandarin,Mandarin,Manchu script transcription of Mandarin,ᠮᠠᠨᠵᡠ ᡥᡝᡵᡤᡝᠨ Manju Hergen,"Takekoshi 竹越, Takeshi 孝. (2011). 『兼滿漢語滿洲套話清文啓蒙』満洲文字注音一覧表. KOTONOHA, (101).","Takekoshi 竹越, Takeshi 孝. (2011). 『兼滿漢語滿洲套話清文啓蒙』満洲文字注音一覧表. KOTONOHA, (101). Data extracted from the Qing instructional source 兼滿漢語滿洲套話清文啓蒙 (1763).",『兼滿漢語滿洲套話清文啓蒙』満洲文字注音一覧表,竹越 孝 / Takekoshi Takeshi,2011,兼滿漢語滿洲套話清文啓蒙,1763,并,bing,ᠪᡳᠩ,piŋ,b,ing,,11,并 bing,并
manju-hergen-takekoshi-2011,mandarin,Mandarin,Manchu script transcription of Mandarin,ᠮᠠᠨᠵᡠ ᡥᡝᡵᡤᡝᠨ Manju Hergen,"Takekoshi 竹越, Takeshi 孝. (2011). 『兼滿漢語滿洲套話清文啓蒙』満洲文字注音一覧表. KOTONOHA, (101).","Takekoshi 竹越, Takeshi 孝. (2011). 『兼滿漢語滿洲套話清文啓蒙』満洲文字注音一覧表. KOTONOHA, (101). Data extracted from the Qing instructional source 兼滿漢語滿洲套話清文啓蒙 (1763).",『兼滿漢語滿洲套話清文啓蒙』満洲文字注音一覧表,竹越 孝 / Takekoshi Takeshi,2011,兼滿漢語滿洲套話清文啓蒙,1763,病,bing,ᠪᡳᠩ,piŋ,b,ing,,11,病 bing,病
manju-hergen-takekoshi-2011,mandarin,Mandarin,Manchu script transcription of Mandarin,ᠮᠠᠨᠵᡠ ᡥᡝᡵᡤᡝᠨ Manju Hergen,"Takekoshi 竹越, Takeshi 孝. (2011). 『兼滿漢語滿洲套話清文啓蒙』満洲文字注音一覧表. KOTONOHA, (101).","Takekoshi 竹越, Takeshi 孝. (2011). 『兼滿漢語滿洲套話清文啓蒙』満洲文字注音一覧表. KOTONOHA, (101). Data extracted from the Qing instructional source 兼滿漢語滿洲套話清文啓蒙 (1763).",『兼滿漢語滿洲套話清文啓蒙』満洲文字注音一覧表,竹越 孝 / Takekoshi Takeshi,2011,兼滿漢語滿洲套話清文啓蒙,1763,兵,bing,ᠪᡳᠩ,piŋ,b,ing,,11,兵 bing,兵
manju-hergen-takekoshi-2011,mandarin,Mandarin,Manchu script transcription of Mandarin,ᠮᠠᠨᠵᡠ ᡥᡝᡵᡤᡝᠨ Manju Hergen,"Takekoshi 竹越, Takeshi 孝. (2011). 『兼滿漢語滿洲套話清文啓蒙』満洲文字注音一覧表. KOTONOHA, (101).","Takekoshi 竹越, Takeshi 孝. (2011). 『兼滿漢語滿洲套話清文啓蒙』満洲文字注音一覧表. KOTONOHA, (101). Data extracted from the Qing instructional source 兼滿漢語滿洲套話清文啓蒙 (1763).",『兼滿漢語滿洲套話清文啓蒙』満洲文字注音一覧表,竹越 孝 / Takekoshi Takeshi,2011,兼滿漢語滿洲套話清文啓蒙,1763,氷,bing,ᠪᡳᠩ,piŋ,b,ing,,11,氷 bing,氷
manju-hergen-takekoshi-2011,mandarin,Mandarin,Manchu script transcription of Mandarin,ᠮᠠᠨᠵᡠ ᡥᡝᡵᡤᡝᠨ Manju Hergen,"Takekoshi 竹越, Takeshi 孝. (2011). 『兼滿漢語滿洲套話清文啓蒙』満洲文字注音一覧表. KOTONOHA, (101).","Takekoshi 竹越, Takeshi 孝. (2011). 『兼滿漢語滿洲套話清文啓蒙』満洲文字注音一覧表. KOTONOHA, (101). Data extracted from the Qing instructional source 兼滿漢語滿洲套話清文啓蒙 (1763).",『兼滿漢語滿洲套話清文啓蒙』満洲文字注音一覧表,竹越 孝 / Takekoshi Takeshi,2011,兼滿漢語滿洲套話清文啓蒙,1763,秉,bing,ᠪᡳᠩ,piŋ,b,ing,,11,秉 bing,秉
manju-hergen-takekoshi-2011,mandarin,Mandarin,Manchu script transcription of Mandarin,ᠮᠠᠨᠵᡠ ᡥᡝᡵᡤᡝᠨ Manju Hergen,"Takekoshi 竹越, Takeshi 孝. (2011). 『兼滿漢語滿洲套話清文啓蒙』満洲文字注音一覧表. KOTONOHA, (101).","Takekoshi 竹越, Takeshi 孝. (2011). 『兼滿漢語滿洲套話清文啓蒙』満洲文字注音一覧表. KOTONOHA, (101). Data extracted from the Qing instructional source 兼滿漢語滿洲套話清文啓蒙 (1763).",『兼滿漢語滿洲套話清文啓蒙』満洲文字注音一覧表,竹越 孝 / Takekoshi Takeshi,2011,兼滿漢語滿洲套話清文啓蒙,1763,平,ping,ᡦᡳᠩ,pʰiŋ,p,ing,8,11,平 ping 8,平
manju-hergen-takekoshi-2011,mandarin,Mandarin,Manchu script transcription of Mandarin,ᠮᠠᠨᠵᡠ ᡥᡝᡵᡤᡝᠨ Manju Hergen,"Takekoshi 竹越, Takeshi 孝. (2011). 『兼滿漢語滿洲套話清文啓蒙』満洲文字注音一覧表. KOTONOHA, (101).","Takekoshi 竹越, Takeshi 孝. (2011). 『兼滿漢語滿洲套話清文啓蒙』満洲文字注音一覧表. KOTONOHA, (101). Data extracted from the Qing instructional source 兼滿漢語滿洲套話清文啓蒙 (1763).",『兼滿漢語滿洲套話清文啓蒙』満洲文字注音一覧表,竹越 孝 / Takekoshi Takeshi,2011,兼滿漢語滿洲套話清文啓蒙,1763,凴,ping,ᡦᡳᠩ,pʰiŋ,p,ing,4,11,凴 / 憑 ping 4,凴/憑
manju-hergen-takekoshi-2011,mandarin,Mandarin,Manchu script transcription of Mandarin,ᠮᠠᠨᠵᡠ ᡥᡝᡵᡤᡝᠨ Manju Hergen,"Takekoshi 竹越, Takeshi 孝. (2011). 『兼滿漢語滿洲套話清文啓蒙』満洲文字注音一覧表. KOTONOHA, (101).","Takekoshi 竹越, Takeshi 孝. (2011). 『兼滿漢語滿洲套話清文啓蒙』満洲文字注音一覧表. KOTONOHA, (101). Data extracted from the Qing instructional source 兼滿漢語滿洲套話清文啓蒙 (1763).",『兼滿漢語滿洲套話清文啓蒙』満洲文字注音一覧表,竹越 孝 / Takekoshi Takeshi,2011,兼滿漢語滿洲套話清文啓蒙,1763,憑,ping,ᡦᡳᠩ,pʰiŋ,p,ing,4,11,凴 / 憑 ping 4,凴/憑
manju-hergen-takekoshi-2011,mandarin,Mandarin,Manchu script transcription of Mandarin,ᠮᠠᠨᠵᡠ ᡥᡝᡵᡤᡝᠨ Manju Hergen,"Takekoshi 竹越, Takeshi 孝. (2011). 『兼滿漢語滿洲套話清文啓蒙』満洲文字注音一覧表. KOTONOHA, (101).","Takekoshi 竹越, Takeshi 孝. (2011). 『兼滿漢語滿洲套話清文啓蒙』満洲文字注音一覧表. KOTONOHA, (101). Data extracted from the Qing instructional source 兼滿漢語滿洲套話清文啓蒙 (1763).",『兼滿漢語滿洲套話清文啓蒙』満洲文字注音一覧表,竹越 孝 / Takekoshi Takeshi,2011,兼滿漢語滿洲套話清文啓蒙,1763,明,ming,ᠮᡳᠩ,miŋ,m,ing,13,11,明 ming 13,明
manju-hergen-takekoshi-2011,mandarin,Mandarin,Manchu script transcription of Mandarin,ᠮᠠᠨᠵᡠ ᡥᡝᡵᡤᡝᠨ Manju Hergen,"Takekoshi 竹越, Takeshi 孝. (2011). 『兼滿漢語滿洲套話清文啓蒙』満洲文字注音一覧表. KOTONOHA, (101).","Takekoshi 竹越, Takeshi 孝. (2011). 『兼滿漢語滿洲套話清文啓蒙』満洲文字注音一覧表. KOTONOHA, (101). Data extracted from the Qing instructional source 兼滿漢語滿洲套話清文啓蒙 (1763).",『兼滿漢語滿洲套話清文啓蒙』満洲文字注音一覧表,竹越 孝 / Takekoshi Takeshi,2011,兼滿漢語滿洲套話清文啓蒙,1763,名,ming,ᠮᡳᠩ,miŋ,m,ing,6,11,名 ming 6,名
manju-hergen-takekoshi-2011,mandarin,Mandarin,Manchu script transcription of Mandarin,ᠮᠠᠨᠵᡠ ᡥᡝᡵᡤᡝᠨ Manju Hergen,"Takekoshi 竹越, Takeshi 孝. (2011). 『兼滿漢語滿洲套話清文啓蒙』満洲文字注音一覧表. KOTONOHA, (101).","Takekoshi 竹越, Takeshi 孝. (2011). 『兼滿漢語滿洲套話清文啓蒙』満洲文字注音一覧表. KOTONOHA, (101). Data extracted from the Qing instructional source 兼滿漢語滿洲套話清文啓蒙 (1763).",『兼滿漢語滿洲套話清文啓蒙』満洲文字注音一覧表,竹越 孝 / Takekoshi Takeshi,2011,兼滿漢語滿洲套話清文啓蒙,1763,定,ding,ᡩᡳᠩ,tiŋ,d,ing,26,11,定 ding 26 / din,定
manju-hergen-takekoshi-2011,mandarin,Mandarin,Manchu script transcription of Mandarin,ᠮᠠᠨᠵᡠ ᡥᡝᡵᡤᡝᠨ Manju Hergen,"Takekoshi 竹越, Takeshi 孝. (2011). 『兼滿漢語滿洲套話清文啓蒙』満洲文字注音一覧表. KOTONOHA, (101).","Takekoshi 竹越, Takeshi 孝. (2011). 『兼滿漢語滿洲套話清文啓蒙』満洲文字注音一覧表. KOTONOHA, (101). Data extracted from the Qing instructional source 兼滿漢語滿洲套話清文啓蒙 (1763).",『兼滿漢語滿洲套話清文啓蒙』満洲文字注音一覧表,竹越 孝 / Takekoshi Takeshi,2011,兼滿漢語滿洲套話清文啓蒙,1763,定,din,ᡩᡳᠨ,tin,d,ing,,11,定 ding 26 / din,定
manju-hergen-takekoshi-2011,mandarin,Mandarin,Manchu script transcription of Mandarin,ᠮᠠᠨᠵᡠ ᡥᡝᡵᡤᡝᠨ Manju Hergen,"Takekoshi 竹越, Takeshi 孝. (2011). 『兼滿漢語滿洲套話清文啓蒙』満洲文字注音一覧表. KOTONOHA, (101).","Takekoshi 竹越, Takeshi 孝. (2011). 『兼滿漢語滿洲套話清文啓蒙』満洲文字注音一覧表. KOTONOHA, (101). Data extracted from the Qing instructional source 兼滿漢語滿洲套話清文啓蒙 (1763).",『兼滿漢語滿洲套話清文啓蒙』満洲文字注音一覧表,竹越 孝 / Takekoshi Takeshi,2011,兼滿漢語滿洲套話清文啓蒙,1763,听,ting,ᡨᡳᠩ,tʰiŋ,t,ing,22,11,听 ting 22,听
manju-hergen-takekoshi-2011,mandarin,Mandarin,Manchu script transcription of Mandarin,ᠮᠠᠨᠵᡠ ᡥᡝᡵᡤᡝᠨ Manju Hergen,"Takekoshi 竹越, Takeshi 孝. (2011). 『兼滿漢語滿洲套話清文啓蒙』満洲文字注音一覧表. KOTONOHA, (101).","Takekoshi 竹越, Takeshi 孝. (2011). 『兼滿漢語滿洲套話清文啓蒙』満洲文字注音一覧表. KOTONOHA, (101). Data extracted from the Qing instructional source 兼滿漢語滿洲套話清文啓蒙 (1763).",『兼滿漢語滿洲套話清文啓蒙』満洲文字注音一覧表,竹越 孝 / Takekoshi Takeshi,2011,兼滿漢語滿洲套話清文啓蒙,1763,另,ling,ᠯᡳᠩ,liŋ,l,ing,5,11,另 ling 5,另
manju-hergen-takekoshi-2011,mandarin,Mandarin,Manchu script transcription of Mandarin,ᠮᠠᠨᠵᡠ ᡥᡝᡵᡤᡝᠨ Manju Hergen,"Takekoshi 竹越, Takeshi 孝. (2011). 『兼滿漢語滿洲套話清文啓蒙』満洲文字注音一覧表. KOTONOHA, (101).","Takekoshi 竹越, Takeshi 孝. (2011). 『兼滿漢語滿洲套話清文啓蒙』満洲文字注音一覧表. KOTONOHA, (101). Data extracted from the Qing instructional source 兼滿漢語滿洲套話清文啓蒙 (1763).",『兼滿漢語滿洲套話清文啓蒙』満洲文字注音一覧表,竹越 孝 / Takekoshi Takeshi,2011,兼滿漢語滿洲套話清文啓蒙,1763,領,ling,ᠯᡳᠩ,liŋ,l,ing,3,11,領 ling 3 / lin,領
manju-hergen-takekoshi-2011,mandarin,Mandarin,Manchu script transcription of Mandarin,ᠮᠠᠨᠵᡠ ᡥᡝᡵᡤᡝᠨ Manju Hergen,"Takekoshi 竹越, Takeshi 孝. (2011). 『兼滿漢語滿洲套話清文啓蒙』満洲文字注音一覧表. KOTONOHA, (101).","Takekoshi 竹越, Takeshi 孝. (2011). 『兼滿漢語滿洲套話清文啓蒙』満洲文字注音一覧表. KOTONOHA, (101). Data extracted from the Qing instructional source 兼滿漢語滿洲套話清文啓蒙 (1763).",『兼滿漢語滿洲套話清文啓蒙』満洲文字注音一覧表,竹越 孝 / Takekoshi Takeshi,2011,兼滿漢語滿洲套話清文啓蒙,1763,領,lin,ᠯᡳᠨ,lin,l,ing,,11,領 ling 3 / lin,領
manju-hergen-takekoshi-2011,mandarin,Mandarin,Manchu script transcription of Mandarin,ᠮᠠᠨᠵᡠ ᡥᡝᡵᡤᡝᠨ Manju Hergen,"Takekoshi 竹越, Takeshi 孝. (2011). 『兼滿漢語滿洲套話清文啓蒙』満洲文字注音一覧表. KOTONOHA, (101).","Takekoshi 竹越, Takeshi 孝. (2011). 『兼滿漢語滿洲套話清文啓蒙』満洲文字注音一覧表. KOTONOHA, (101). Data extracted from the Qing instructional source 兼滿漢語滿洲套話清文啓蒙 (1763).",『兼滿漢語滿洲套話清文啓蒙』満洲文字注音一覧表,竹越 孝 / Takekoshi Takeshi,2011,兼滿漢語滿洲套話清文啓蒙,1763,令,ling,ᠯᡳᠩ,liŋ,l,ing,2,11,令 ling 2,令
manju-hergen-takekoshi-2011,mandarin,Mandarin,Manchu script transcription of Mandarin,ᠮᠠᠨᠵᡠ ᡥᡝᡵᡤᡝᠨ Manju Hergen,"Takekoshi 竹越, Takeshi 孝. (2011). 『兼滿漢語滿洲套話清文啓蒙』満洲文字注音一覧表. KOTONOHA, (101).","Takekoshi 竹越, Takeshi 孝. (2011). 『兼滿漢語滿洲套話清文啓蒙』満洲文字注音一覧表. KOTONOHA, (101). Data extracted from the Qing instructional source 兼滿漢語滿洲套話清文啓蒙 (1763).",『兼滿漢語滿洲套話清文啓蒙』満洲文字注音一覧表,竹越 孝 / Takekoshi Takeshi,2011,兼滿漢語滿洲套話清文啓蒙,1763,鈴,ling,ᠯᡳᠩ,liŋ,l,ing,,11,鈴 ling,鈴
manju-hergen-takekoshi-2011,mandarin,Mandarin,Manchu script transcription of Mandarin,ᠮᠠᠨᠵᡠ ᡥᡝᡵᡤᡝᠨ Manju Hergen,"Takekoshi 竹越, Takeshi 孝. (2011). 『兼滿漢語滿洲套話清文啓蒙』満洲文字注音一覧表. KOTONOHA, (101).","Takekoshi 竹越, Takeshi 孝. (2011). 『兼滿漢語滿洲套話清文啓蒙』満洲文字注音一覧表. KOTONOHA, (101). Data extracted from the Qing instructional source 兼滿漢語滿洲套話清文啓蒙 (1763).",『兼滿漢語滿洲套話清文啓蒙』満洲文字注音一覧表,竹越 孝 / Takekoshi Takeshi,2011,兼滿漢語滿洲套話清文啓蒙,1763,伶,ling,ᠯᡳᠩ,liŋ,l,ing,,11,伶 ling,伶
manju-hergen-takekoshi-2011,mandarin,Mandarin,Manchu script transcription of Mandarin,ᠮᠠᠨᠵᡠ ᡥᡝᡵᡤᡝᠨ Manju Hergen,"Takekoshi 竹越, Takeshi 孝. (2011). 『兼滿漢語滿洲套話清文啓蒙』満洲文字注音一覧表. KOTONOHA, (101).","Takekoshi 竹越, Takeshi 孝. (2011). 『兼滿漢語滿洲套話清文啓蒙』満洲文字注音一覧表. KOTONOHA, (101). Data extracted from the Qing instructional source 兼滿漢語滿洲套話清文啓蒙 (1763).",『兼滿漢語滿洲套話清文啓蒙』満洲文字注音一覧表,竹越 孝 / Takekoshi Takeshi,2011,兼滿漢語滿洲套話清文啓蒙,1763,竟,jin,ᠵᡳᠨ,tʃin,j,ing,11,11,竟 jin 11,竟
manju-hergen-takekoshi-2011,mandarin,Mandarin,Manchu script transcription of Mandarin,ᠮᠠᠨᠵᡠ ᡥᡝᡵᡤᡝᠨ Manju Hergen,"Takekoshi 竹越, Takeshi 孝. (2011). 『兼滿漢語滿洲套話清文啓蒙』満洲文字注音一覧表. KOTONOHA, (101).","Takekoshi 竹越, Takeshi 孝. (2011). 『兼滿漢語滿洲套話清文啓蒙』満洲文字注音一覧表. KOTONOHA, (101). Data extracted from the Qing instructional source 兼滿漢語滿洲套話清文啓蒙 (1763).",『兼滿漢語滿洲套話清文啓蒙』満洲文字注音一覧表,竹越 孝 / Takekoshi Takeshi,2011,兼滿漢語滿洲套話清文啓蒙,1763,敬,ging,ᡤᡳᠩ,qiŋ,j,ing,3,11,敬 ging 3 / jin,敬
manju-hergen-takekoshi-2011,mandarin,Mandarin,Manchu script transcription of Mandarin,ᠮᠠᠨᠵᡠ ᡥᡝᡵᡤᡝᠨ Manju Hergen,"Takekoshi 竹越, Takeshi 孝. (2011). 『兼滿漢語滿洲套話清文啓蒙』満洲文字注音一覧表. KOTONOHA, (101).","Takekoshi 竹越, Takeshi 孝. (2011). 『兼滿漢語滿洲套話清文啓蒙』満洲文字注音一覧表. KOTONOHA, (101). Data extracted from the Qing instructional source 兼滿漢語滿洲套話清文啓蒙 (1763).",『兼滿漢語滿洲套話清文啓蒙』満洲文字注音一覧表,竹越 孝 / Takekoshi Takeshi,2011,兼滿漢語滿洲套話清文啓蒙,1763,敬,jin,ᠵᡳᠨ,tʃin,j,ing,,11,敬 ging 3 / jin,敬
manju-hergen-takekoshi-2011,mandarin,Mandarin,Manchu script transcription of Mandarin,ᠮᠠᠨᠵᡠ ᡥᡝᡵᡤᡝᠨ Manju Hergen,"Takekoshi 竹越, Takeshi 孝. (2011). 『兼滿漢語滿洲套話清文啓蒙』満洲文字注音一覧表. KOTONOHA, (101).","Takekoshi 竹越, Takeshi 孝. (2011). 『兼滿漢語滿洲套話清文啓蒙』満洲文字注音一覧表. KOTONOHA, (101). Data extracted from the Qing instructional source 兼滿漢語滿洲套話清文啓蒙 (1763).",『兼滿漢語滿洲套話清文啓蒙』満洲文字注音一覧表,竹越 孝 / Takekoshi Takeshi,2011,兼滿漢語滿洲套話清文啓蒙,1763,經,ging,ᡤᡳᠩ,qiŋ,j,ing,2,11,經 / 経 ging 2,經/経
manju-hergen-takekoshi-2011,mandarin,Mandarin,Manchu script transcription of Mandarin,ᠮᠠᠨᠵᡠ ᡥᡝᡵᡤᡝᠨ Manju Hergen,"Takekoshi 竹越, Takeshi 孝. (2011). 『兼滿漢語滿洲套話清文啓蒙』満洲文字注音一覧表. KOTONOHA, (101).","Takekoshi 竹越, Takeshi 孝. (2011). 『兼滿漢語滿洲套話清文啓蒙』満洲文字注音一覧表. KOTONOHA, (101). Data extracted from the Qing instructional source 兼滿漢語滿洲套話清文啓蒙 (1763).",『兼滿漢語滿洲套話清文啓蒙』満洲文字注音一覧表,竹越 孝 / Takekoshi Takeshi,2011,兼滿漢語滿洲套話清文啓蒙,1763,経,ging,ᡤᡳᠩ,qiŋ,j,ing,2,11,經 / 経 ging 2,經/経
manju-hergen-takekoshi-2011,mandarin,Mandarin,Manchu script transcription of Mandarin,ᠮᠠᠨᠵᡠ ᡥᡝᡵᡤᡝᠨ Manju Hergen,"Takekoshi 竹越, Takeshi 孝. (2011). 『兼滿漢語滿洲套話清文啓蒙』満洲文字注音一覧表. KOTONOHA, (101).","Takekoshi 竹越, Takeshi 孝. (2011). 『兼滿漢語滿洲套話清文啓蒙』満洲文字注音一覧表. KOTONOHA, (101). Data extracted from the Qing instructional source 兼滿漢語滿洲套話清文啓蒙 (1763).",『兼滿漢語滿洲套話清文啓蒙』満洲文字注音一覧表,竹越 孝 / Takekoshi Takeshi,2011,兼滿漢語滿洲套話清文啓蒙,1763,京,ging,ᡤᡳᠩ,qiŋ,j,ing,,11,京 ging / gin,京
manju-hergen-takekoshi-2011,mandarin,Mandarin,Manchu script transcription of Mandarin,ᠮᠠᠨᠵᡠ ᡥᡝᡵᡤᡝᠨ Manju Hergen,"Takekoshi 竹越, Takeshi 孝. (2011). 『兼滿漢語滿洲套話清文啓蒙』満洲文字注音一覧表. KOTONOHA, (101).","Takekoshi 竹越, Takeshi 孝. (2011). 『兼滿漢語滿洲套話清文啓蒙』満洲文字注音一覧表. KOTONOHA, (101). Data extracted from the Qing instructional source 兼滿漢語滿洲套話清文啓蒙 (1763).",『兼滿漢語滿洲套話清文啓蒙』満洲文字注音一覧表,竹越 孝 / Takekoshi Takeshi,2011,兼滿漢語滿洲套話清文啓蒙,1763,京,gin,ᡤᡳᠨ,qin,j,ing,,11,京 ging / gin,京
manju-hergen-takekoshi-2011,mandarin,Mandarin,Manchu script transcription of Mandarin,ᠮᠠᠨᠵᡠ ᡥᡝᡵᡤᡝᠨ Manju Hergen,"Takekoshi 竹越, Takeshi 孝. (2011). 『兼滿漢語滿洲套話清文啓蒙』満洲文字注音一覧表. KOTONOHA, (101).","Takekoshi 竹越, Takeshi 孝. (2011). 『兼滿漢語滿洲套話清文啓蒙』満洲文字注音一覧表. KOTONOHA, (101). Data extracted from the Qing instructional source 兼滿漢語滿洲套話清文啓蒙 (1763).",『兼滿漢語滿洲套話清文啓蒙』満洲文字注音一覧表,竹越 孝 / Takekoshi Takeshi,2011,兼滿漢語滿洲套話清文啓蒙,1763,景,gin,ᡤᡳᠨ,qin,j,ing,,11,景 gin,景
manju-hergen-takekoshi-2011,mandarin,Mandarin,Manchu script transcription of Mandarin,ᠮᠠᠨᠵᡠ ᡥᡝᡵᡤᡝᠨ Manju Hergen,"Takekoshi 竹越, Takeshi 孝. (2011). 『兼滿漢語滿洲套話清文啓蒙』満洲文字注音一覧表. KOTONOHA, (101).","Takekoshi 竹越, Takeshi 孝. (2011). 『兼滿漢語滿洲套話清文啓蒙』満洲文字注音一覧表. KOTONOHA, (101). Data extracted from the Qing instructional source 兼滿漢語滿洲套話清文啓蒙 (1763).",『兼滿漢語滿洲套話清文啓蒙』満洲文字注音一覧表,竹越 孝 / Takekoshi Takeshi,2011,兼滿漢語滿洲套話清文啓蒙,1763,境,jin,ᠵᡳᠨ,tʃin,j,ing,,11,境 jin,境
manju-hergen-takekoshi-2011,mandarin,Mandarin,Manchu script transcription of Mandarin,ᠮᠠᠨᠵᡠ ᡥᡝᡵᡤᡝᠨ Manju Hergen,"Takekoshi 竹越, Takeshi 孝. (2011). 『兼滿漢語滿洲套話清文啓蒙』満洲文字注音一覧表. KOTONOHA, (101).","Takekoshi 竹越, Takeshi 孝. (2011). 『兼滿漢語滿洲套話清文啓蒙』満洲文字注音一覧表. KOTONOHA, (101). Data extracted from the Qing instructional source 兼滿漢語滿洲套話清文啓蒙 (1763).",『兼滿漢語滿洲套話清文啓蒙』満洲文字注音一覧表,竹越 孝 / Takekoshi Takeshi,2011,兼滿漢語滿洲套話清文啓蒙,1763,情,cing,ᠴᡳᠩ,tʃʰiŋ,q,ing,25,11,情 cing 25,情
manju-hergen-takekoshi-2011,mandarin,Mandarin,Manchu script transcription of Mandarin,ᠮᠠᠨᠵᡠ ᡥᡝᡵᡤᡝᠨ Manju Hergen,"Takekoshi 竹越, Takeshi 孝. (2011). 『兼滿漢語滿洲套話清文啓蒙』満洲文字注音一覧表. KOTONOHA, (101).","Takekoshi 竹越, Takeshi 孝. (2011). 『兼滿漢語滿洲套話清文啓蒙』満洲文字注音一覧表. KOTONOHA, (101). Data extracted from the Qing instructional source 兼滿漢語滿洲套話清文啓蒙 (1763).",『兼滿漢語滿洲套話清文啓蒙』満洲文字注音一覧表,竹越 孝 / Takekoshi Takeshi,2011,兼滿漢語滿洲套話清文啓蒙,1763,清,cing,ᠴᡳᠩ,tʃʰiŋ,q,ing,6,11,清 cing 6,清
manju-hergen-takekoshi-2011,mandarin,Mandarin,Manchu script transcription of Mandarin,ᠮᠠᠨᠵᡠ ᡥᡝᡵᡤᡝᠨ Manju Hergen,"Takekoshi 竹越, Takeshi 孝. (2011). 『兼滿漢語滿洲套話清文啓蒙』満洲文字注音一覧表. KOTONOHA, (101).","Takekoshi 竹越, Takeshi 孝. (2011). 『兼滿漢語滿洲套話清文啓蒙』満洲文字注音一覧表. KOTONOHA, (101). Data extracted from the Qing instructional source 兼滿漢語滿洲套話清文啓蒙 (1763).",『兼滿漢語滿洲套話清文啓蒙』満洲文字注音一覧表,竹越 孝 / Takekoshi Takeshi,2011,兼滿漢語滿洲套話清文啓蒙,1763,軽,cing,ᠴᡳᠩ,tʃʰiŋ,q,ing,5,11,軽 / 輕 cing 5,軽/輕
manju-hergen-takekoshi-2011,mandarin,Mandarin,Manchu script transcription of Mandarin,ᠮᠠᠨᠵᡠ ᡥᡝᡵᡤᡝᠨ Manju Hergen,"Takekoshi 竹越, Takeshi 孝. (2011). 『兼滿漢語滿洲套話清文啓蒙』満洲文字注音一覧表. KOTONOHA, (101).","Takekoshi 竹越, Takeshi 孝. (2011). 『兼滿漢語滿洲套話清文啓蒙』満洲文字注音一覧表. KOTONOHA, (101). Data extracted from the Qing instructional source 兼滿漢語滿洲套話清文啓蒙 (1763).",『兼滿漢語滿洲套話清文啓蒙』満洲文字注音一覧表,竹越 孝 / Takekoshi Takeshi,2011,兼滿漢語滿洲套話清文啓蒙,1763,輕,cing,ᠴᡳᠩ,tʃʰiŋ,q,ing,5,11,軽 / 輕 cing 5,軽/輕
manju-hergen-takekoshi-2011,mandarin,Mandarin,Manchu script transcription of Mandarin,ᠮᠠᠨᠵᡠ ᡥᡝᡵᡤᡝᠨ Manju Hergen,"Takekoshi 竹越, Takeshi 孝. (2011). 『兼滿漢語滿洲套話清文啓蒙』満洲文字注音一覧表. KOTONOHA, (101).","Takekoshi 竹越, Takeshi 孝. (2011). 『兼滿漢語滿洲套話清文啓蒙』満洲文字注音一覧表. KOTONOHA, (101). Data extracted from the Qing instructional source 兼滿漢語滿洲套話清文啓蒙 (1763).",『兼滿漢語滿洲套話清文啓蒙』満洲文字注音一覧表,竹越 孝 / Takekoshi Takeshi,2011,兼滿漢語滿洲套話清文啓蒙,1763,請,cing,ᠴᡳᠩ,tʃʰiŋ,q,ing,3,11,請 cing 3,請
manju-hergen-takekoshi-2011,mandarin,Mandarin,Manchu script transcription of Mandarin,ᠮᠠᠨᠵᡠ ᡥᡝᡵᡤᡝᠨ Manju Hergen,"Takekoshi 竹越, Takeshi 孝. (2011). 『兼滿漢語滿洲套話清文啓蒙』満洲文字注音一覧表. KOTONOHA, (101).","Takekoshi 竹越, Takeshi 孝. (2011). 『兼滿漢語滿洲套話清文啓蒙』満洲文字注音一覧表. KOTONOHA, (101). Data extracted from the Qing instructional source 兼滿漢語滿洲套話清文啓蒙 (1763).",『兼滿漢語滿洲套話清文啓蒙』満洲文字注音一覧表,竹越 孝 / Takekoshi Takeshi,2011,兼滿漢語滿洲套話清文啓蒙,1763,晴,cing,ᠴᡳᠩ,tʃʰiŋ,q,ing,,11,晴 cing,晴
manju-hergen-takekoshi-2011,mandarin,Mandarin,Manchu script transcription of Mandarin,ᠮᠠᠨᠵᡠ ᡥᡝᡵᡤᡝᠨ Manju Hergen,"Takekoshi 竹越, Takeshi 孝. (2011). 『兼滿漢語滿洲套話清文啓蒙』満洲文字注音一覧表. KOTONOHA, (101).","Takekoshi 竹越, Takeshi 孝. (2011). 『兼滿漢語滿洲套話清文啓蒙』満洲文字注音一覧表. KOTONOHA, (101). Data extracted from the Qing instructional source 兼滿漢語滿洲套話清文啓蒙 (1763).",『兼滿漢語滿洲套話清文啓蒙』満洲文字注音一覧表,竹越 孝 / Takekoshi Takeshi,2011,兼滿漢語滿洲套話清文啓蒙,1763,青,cing,ᠴᡳᠩ,tʃʰiŋ,q,ing,,11,青 cing,青
manju-hergen-takekoshi-2011,mandarin,Mandarin,Manchu script transcription of Mandarin,ᠮᠠᠨᠵᡠ ᡥᡝᡵᡤᡝᠨ Manju Hergen,"Takekoshi 竹越, Takeshi 孝. (2011). 『兼滿漢語滿洲套話清文啓蒙』満洲文字注音一覧表. KOTONOHA, (101).","Takekoshi 竹越, Takeshi 孝. (2011). 『兼滿漢語滿洲套話清文啓蒙』満洲文字注音一覧表. KOTONOHA, (101). Data extracted from the Qing instructional source 兼滿漢語滿洲套話清文啓蒙 (1763).",『兼滿漢語滿洲套話清文啓蒙』満洲文字注音一覧表,竹越 孝 / Takekoshi Takeshi,2011,兼滿漢語滿洲套話清文啓蒙,1763,慶,king,ᡴᡳᠩ,qʰiŋ,q,ing,,11,慶 king,慶
manju-hergen-takekoshi-2011,mandarin,Mandarin,Manchu script transcription of Mandarin,ᠮᠠᠨᠵᡠ ᡥᡝᡵᡤᡝᠨ Manju Hergen,"Takekoshi 竹越, Takeshi 孝. (2011). 『兼滿漢語滿洲套話清文啓蒙』満洲文字注音一覧表. KOTONOHA, (101).","Takekoshi 竹越, Takeshi 孝. (2011). 『兼滿漢語滿洲套話清文啓蒙』満洲文字注音一覧表. KOTONOHA, (101). Data extracted from the Qing instructional source 兼滿漢語滿洲套話清文啓蒙 (1763).",『兼滿漢語滿洲套話清文啓蒙』満洲文字注音一覧表,竹越 孝 / Takekoshi Takeshi,2011,兼滿漢語滿洲套話清文啓蒙,1763,傾,kiyūn,ᡴᡳᠶᡡᠨ,qʰijʊn,q,ing,,11,傾 kiyūn,傾
manju-hergen-takekoshi-2011,mandarin,Mandarin,Manchu script transcription of Mandarin,ᠮᠠᠨᠵᡠ ᡥᡝᡵᡤᡝᠨ Manju Hergen,"Takekoshi 竹越, Takeshi 孝. (2011). 『兼滿漢語滿洲套話清文啓蒙』満洲文字注音一覧表. KOTONOHA, (101).","Takekoshi 竹越, Takeshi 孝. (2011). 『兼滿漢語滿洲套話清文啓蒙』満洲文字注音一覧表. KOTONOHA, (101). Data extracted from the Qing instructional source 兼滿漢語滿洲套話清文啓蒙 (1763).",『兼滿漢語滿洲套話清文啓蒙』満洲文字注音一覧表,竹越 孝 / Takekoshi Takeshi,2011,兼滿漢語滿洲套話清文啓蒙,1763,行,hing,ᡥᡳᠩ,χiŋ,x,ing,23,11,行 hing 23 / hin 2,行
manju-hergen-takekoshi-2011,mandarin,Mandarin,Manchu script transcription of Mandarin,ᠮᠠᠨᠵᡠ ᡥᡝᡵᡤᡝᠨ Manju Hergen,"Takekoshi 竹越, Takeshi 孝. (2011). 『兼滿漢語滿洲套話清文啓蒙』満洲文字注音一覧表. KOTONOHA, (101).","Takekoshi 竹越, Takeshi 孝. (2011). 『兼滿漢語滿洲套話清文啓蒙』満洲文字注音一覧表. KOTONOHA, (101). Data extracted from the Qing instructional source 兼滿漢語滿洲套話清文啓蒙 (1763).",『兼滿漢語滿洲套話清文啓蒙』満洲文字注音一覧表,竹越 孝 / Takekoshi Takeshi,2011,兼滿漢語滿洲套話清文啓蒙,1763,行,hin,ᡥᡳᠨ,χin,x,ing,2,11,行 hing 23 / hin 2,行
manju-hergen-takekoshi-2011,mandarin,Mandarin,Manchu script transcription of Mandarin,ᠮᠠᠨᠵᡠ ᡥᡝᡵᡤᡝᠨ Manju Hergen,"Takekoshi 竹越, Takeshi 孝. (2011). 『兼滿漢語滿洲套話清文啓蒙』満洲文字注音一覧表. KOTONOHA, (101).","Takekoshi 竹越, Takeshi 孝. (2011). 『兼滿漢語滿洲套話清文啓蒙』満洲文字注音一覧表. KOTONOHA, (101). Data extracted from the Qing instructional source 兼滿漢語滿洲套話清文啓蒙 (1763).",『兼滿漢語滿洲套話清文啓蒙』満洲文字注音一覧表,竹越 孝 / Takekoshi Takeshi,2011,兼滿漢語滿洲套話清文啓蒙,1763,性,sing,ᠰᡳᠩ,siŋ,x,ing,5,11,性 sing 5,性
manju-hergen-takekoshi-2011,mandarin,Mandarin,Manchu script transcription of Mandarin,ᠮᠠᠨᠵᡠ ᡥᡝᡵᡤᡝᠨ Manju Hergen,"Takekoshi 竹越, Takeshi 孝. (2011). 『兼滿漢語滿洲套話清文啓蒙』満洲文字注音一覧表. KOTONOHA, (101).","Takekoshi 竹越, Takeshi 孝. (2011). 『兼滿漢語滿洲套話清文啓蒙』満洲文字注音一覧表. KOTONOHA, (101). Data extracted from the Qing instructional source 兼滿漢語滿洲套話清文啓蒙 (1763).",『兼滿漢語滿洲套話清文啓蒙』満洲文字注音一覧表,竹越 孝 / Takekoshi Takeshi,2011,兼滿漢語滿洲套話清文啓蒙,1763,姓,sing,ᠰᡳᠩ,siŋ,x,ing,2,11,姓 sing 2,姓
manju-hergen-takekoshi-2011,mandarin,Mandarin,Manchu script transcription of Mandarin,ᠮᠠᠨᠵᡠ ᡥᡝᡵᡤᡝᠨ Manju Hergen,"Takekoshi 竹越, Takeshi 孝. (2011). 『兼滿漢語滿洲套話清文啓蒙』満洲文字注音一覧表. KOTONOHA, (101).","Takekoshi 竹越, Takeshi 孝. (2011). 『兼滿漢語滿洲套話清文啓蒙』満洲文字注音一覧表. KOTONOHA, (101). Data extracted from the Qing instructional source 兼滿漢語滿洲套話清文啓蒙 (1763).",『兼滿漢語滿洲套話清文啓蒙』満洲文字注音一覧表,竹越 孝 / Takekoshi Takeshi,2011,兼滿漢語滿洲套話清文啓蒙,1763,幸,hin,ᡥᡳᠨ,χin,x,ing,,11,幸 hin / sin,幸
manju-hergen-takekoshi-2011,mandarin,Mandarin,Manchu script transcription of Mandarin,ᠮᠠᠨᠵᡠ ᡥᡝᡵᡤᡝᠨ Manju Hergen,"Takekoshi 竹越, Takeshi 孝. (2011). 『兼滿漢語滿洲套話清文啓蒙』満洲文字注音一覧表. KOTONOHA, (101).","Takekoshi 竹越, Takeshi 孝. (2011). 『兼滿漢語滿洲套話清文啓蒙』満洲文字注音一覧表. KOTONOHA, (101). Data extracted from the Qing instructional source 兼滿漢語滿洲套話清文啓蒙 (1763).",『兼滿漢語滿洲套話清文啓蒙』満洲文字注音一覧表,竹越 孝 / Takekoshi Takeshi,2011,兼滿漢語滿洲套話清文啓蒙,1763,幸,sin,ᠰᡳᠨ,sin,x,ing,,11,幸 hin / sin,幸
manju-hergen-takekoshi-2011,mandarin,Mandarin,Manchu script transcription of Mandarin,ᠮᠠᠨᠵᡠ ᡥᡝᡵᡤᡝᠨ Manju Hergen,"Takekoshi 竹越, Takeshi 孝. (2011). 『兼滿漢語滿洲套話清文啓蒙』満洲文字注音一覧表. KOTONOHA, (101).","Takekoshi 竹越, Takeshi 孝. (2011). 『兼滿漢語滿洲套話清文啓蒙』満洲文字注音一覧表. KOTONOHA, (101). Data extracted from the Qing instructional source 兼滿漢語滿洲套話清文啓蒙 (1763).",『兼滿漢語滿洲套話清文啓蒙』満洲文字注音一覧表,竹越 孝 / Takekoshi Takeshi,2011,兼滿漢語滿洲套話清文啓蒙,1763,應,ing,ᡳᠩ,iŋ,y,ing,14,11,應 ing 14,應
manju-hergen-takekoshi-2011,mandarin,Mandarin,Manchu script transcription of Mandarin,ᠮᠠᠨᠵᡠ ᡥᡝᡵᡤᡝᠨ Manju Hergen,"Takekoshi 竹越, Takeshi 孝. (2011). 『兼滿漢語滿洲套話清文啓蒙』満洲文字注音一覧表. KOTONOHA, (101).","Takekoshi 竹越, Takeshi 孝. (2011). 『兼滿漢語滿洲套話清文啓蒙』満洲文字注音一覧表. KOTONOHA, (101). Data extracted from the Qing instructional source 兼滿漢語滿洲套話清文啓蒙 (1763).",『兼滿漢語滿洲套話清文啓蒙』満洲文字注音一覧表,竹越 孝 / Takekoshi Takeshi,2011,兼滿漢語滿洲套話清文啓蒙,1763,影,ing,ᡳᠩ,iŋ,y,ing,2,11,影 ing 2,影
manju-hergen-takekoshi-2011,mandarin,Mandarin,Manchu script transcription of Mandarin,ᠮᠠᠨᠵᡠ ᡥᡝᡵᡤᡝᠨ Manju Hergen,"Takekoshi 竹越, Takeshi 孝. (2011). 『兼滿漢語滿洲套話清文啓蒙』満洲文字注音一覧表. KOTONOHA, (101).","Takekoshi 竹越, Takeshi 孝. (2011). 『兼滿漢語滿洲套話清文啓蒙』満洲文字注音一覧表. KOTONOHA, (101). Data extracted from the Qing instructional source 兼滿漢語滿洲套話清文啓蒙 (1763).",『兼滿漢語滿洲套話清文啓蒙』満洲文字注音一覧表,竹越 孝 / Takekoshi Takeshi,2011,兼滿漢語滿洲套話清文啓蒙,1763,硬,ing,ᡳᠩ,iŋ,y,ing,,11,硬 ing,硬
manju-hergen-takekoshi-2011,mandarin,Mandarin,Manchu script transcription of Mandarin,ᠮᠠᠨᠵᡠ ᡥᡝᡵᡤᡝᠨ Manju Hergen,"Takekoshi 竹越, Takeshi 孝. (2011). 『兼滿漢語滿洲套話清文啓蒙』満洲文字注音一覧表. KOTONOHA, (101).","Takekoshi 竹越, Takeshi 孝. (2011). 『兼滿漢語滿洲套話清文啓蒙』満洲文字注音一覧表. KOTONOHA, (101). Data extracted from the Qing instructional source 兼滿漢語滿洲套話清文啓蒙 (1763).",『兼滿漢語滿洲套話清文啓蒙』満洲文字注音一覧表,竹越 孝 / Takekoshi Takeshi,2011,兼滿漢語滿洲套話清文啓蒙,1763,東,dung,ᡩᡠᠩ,tuŋ,d,ong,15,11,東 dung 15,東
manju-hergen-takekoshi-2011,mandarin,Mandarin,Manchu script transcription of Mandarin,ᠮᠠᠨᠵᡠ ᡥᡝᡵᡤᡝᠨ Manju Hergen,"Takekoshi 竹越, Takeshi 孝. (2011). 『兼滿漢語滿洲套話清文啓蒙』満洲文字注音一覧表. KOTONOHA, (101).","Takekoshi 竹越, Takeshi 孝. (2011). 『兼滿漢語滿洲套話清文啓蒙』満洲文字注音一覧表. KOTONOHA, (101). Data extracted from the Qing instructional source 兼滿漢語滿洲套話清文啓蒙 (1763).",『兼滿漢語滿洲套話清文啓蒙』満洲文字注音一覧表,竹越 孝 / Takekoshi Takeshi,2011,兼滿漢語滿洲套話清文啓蒙,1763,動,dung,ᡩᡠᠩ,tuŋ,d,ong,5,11,動 dung 5,動
manju-hergen-takekoshi-2011,mandarin,Mandarin,Manchu script transcription of Mandarin,ᠮᠠᠨᠵᡠ ᡥᡝᡵᡤᡝᠨ Manju Hergen,"Takekoshi 竹越, Takeshi 孝. (2011). 『兼滿漢語滿洲套話清文啓蒙』満洲文字注音一覧表. KOTONOHA, (101).","Takekoshi 竹越, Takeshi 孝. (2011). 『兼滿漢語滿洲套話清文啓蒙』満洲文字注音一覧表. KOTONOHA, (101). Data extracted from the Qing instructional source 兼滿漢語滿洲套話清文啓蒙 (1763).",『兼滿漢語滿洲套話清文啓蒙』満洲文字注音一覧表,竹越 孝 / Takekoshi Takeshi,2011,兼滿漢語滿洲套話清文啓蒙,1763,同,tung,ᡨᡠᠩ,tʰuŋ,t,ong,,11,同 tung,同
manju-hergen-takekoshi-2011,mandarin,Mandarin,Manchu script transcription of Mandarin,ᠮᠠᠨᠵᡠ ᡥᡝᡵᡤᡝᠨ Manju Hergen,"Takekoshi 竹越, Takeshi 孝. (2011). 『兼滿漢語滿洲套話清文啓蒙』満洲文字注音一覧表. KOTONOHA, (101).","Takekoshi 竹越, Takeshi 孝. (2011). 『兼滿漢語滿洲套話清文啓蒙』満洲文字注音一覧表. KOTONOHA, (101). Data extracted from the Qing instructional source 兼滿漢語滿洲套話清文啓蒙 (1763).",『兼滿漢語滿洲套話清文啓蒙』満洲文字注音一覧表,竹越 孝 / Takekoshi Takeshi,2011,兼滿漢語滿洲套話清文啓蒙,1763,龍,lung,ᠯᡠᠩ,luŋ,l,ong,,11,龍 lung,龍
manju-hergen-takekoshi-2011,mandarin,Mandarin,Manchu script transcription of Mandarin,ᠮᠠᠨᠵᡠ ᡥᡝᡵᡤᡝᠨ Manju Hergen,"Takekoshi 竹越, Takeshi 孝. (2011). 『兼滿漢語滿洲套話清文啓蒙』満洲文字注音一覧表. KOTONOHA, (101).","Takekoshi 竹越, Takeshi 孝. (2011). 『兼滿漢語滿洲套話清文啓蒙』満洲文字注音一覧表. KOTONOHA, (101). Data extracted from the Qing instructional source 兼滿漢語滿洲套話清文啓蒙 (1763).",『兼滿漢語滿洲套話清文啓蒙』満洲文字注音一覧表,竹越 孝 / Takekoshi Takeshi,2011,兼滿漢語滿洲套話清文啓蒙,1763,总,dzung,ᡯᡠᠩ,tsuŋ,z,ong,11,11,总 / 縂 dzung 11,总/縂
manju-hergen-takekoshi-2011,mandarin,Mandarin,Manchu script transcription of Mandarin,ᠮᠠᠨᠵᡠ ᡥᡝᡵᡤᡝᠨ Manju Hergen,"Takekoshi 竹越, Takeshi 孝. (2011). 『兼滿漢語滿洲套話清文啓蒙』満洲文字注音一覧表. KOTONOHA, (101).","Takekoshi 竹越, Takeshi 孝. (2011). 『兼滿漢語滿洲套話清文啓蒙』満洲文字注音一覧表. KOTONOHA, (101). Data extracted from the Qing instructional source 兼滿漢語滿洲套話清文啓蒙 (1763).",『兼滿漢語滿洲套話清文啓蒙』満洲文字注音一覧表,竹越 孝 / Takekoshi Takeshi,2011,兼滿漢語滿洲套話清文啓蒙,1763,縂,dzung,ᡯᡠᠩ,tsuŋ,z,ong,11,11,总 / 縂 dzung 11,总/縂
manju-hergen-takekoshi-2011,mandarin,Mandarin,Manchu script transcription of Mandarin,ᠮᠠᠨᠵᡠ ᡥᡝᡵᡤᡝᠨ Manju Hergen,"Takekoshi 竹越, Takeshi 孝. (2011). 『兼滿漢語滿洲套話清文啓蒙』満洲文字注音一覧表. KOTONOHA, (101).","Takekoshi 竹越, Takeshi 孝. (2011). 『兼滿漢語滿洲套話清文啓蒙』満洲文字注音一覧表. KOTONOHA, (101). Data extracted from the Qing instructional source 兼滿漢語滿洲套話清文啓蒙 (1763).",『兼滿漢語滿洲套話清文啓蒙』満洲文字注音一覧表,竹越 孝 / Takekoshi Takeshi,2011,兼滿漢語滿洲套話清文啓蒙,1763,宗,dzung,ᡯᡠᠩ,tsuŋ,z,ong,2,11,宗 dzung 2,宗
manju-hergen-takekoshi-2011,mandarin,Mandarin,Manchu script transcription of Mandarin,ᠮᠠᠨᠵᡠ ᡥᡝᡵᡤᡝᠨ Manju Hergen,"Takekoshi 竹越, Takeshi 孝. (2011). 『兼滿漢語滿洲套話清文啓蒙』満洲文字注音一覧表. KOTONOHA, (101).","Takekoshi 竹越, Takeshi 孝. (2011). 『兼滿漢語滿洲套話清文啓蒙』満洲文字注音一覧表. KOTONOHA, (101). Data extracted from the Qing instructional source 兼滿漢語滿洲套話清文啓蒙 (1763).",『兼滿漢語滿洲套話清文啓蒙』満洲文字注音一覧表,竹越 孝 / Takekoshi Takeshi,2011,兼滿漢語滿洲套話清文啓蒙,1763,從,ts’ung,ᡨᠰᡠᠩ,tʰsuŋ,c,ong,7,11,從 ts’ung 7 / dzung,從
manju-hergen-takekoshi-2011,mandarin,Mandarin,Manchu script transcription of Mandarin,ᠮᠠᠨᠵᡠ ᡥᡝᡵᡤᡝᠨ Manju Hergen,"Takekoshi 竹越, Takeshi 孝. (2011). 『兼滿漢語滿洲套話清文啓蒙』満洲文字注音一覧表. KOTONOHA, (101).","Takekoshi 竹越, Takeshi 孝. (2011). 『兼滿漢語滿洲套話清文啓蒙』満洲文字注音一覧表. KOTONOHA, (101). Data extracted from the Qing instructional source 兼滿漢語滿洲套話清文啓蒙 (1763).",『兼滿漢語滿洲套話清文啓蒙』満洲文字注音一覧表,竹越 孝 / Takekoshi Takeshi,2011,兼滿漢語滿洲套話清文啓蒙,1763,從,dzung,ᡯᡠᠩ,tsuŋ,c,ong,,11,從 ts’ung 7 / dzung,從
manju-hergen-takekoshi-2011,mandarin,Mandarin,Manchu script transcription of Mandarin,ᠮᠠᠨᠵᡠ ᡥᡝᡵᡤᡝᠨ Manju Hergen,"Takekoshi 竹越, Takeshi 孝. (2011). 『兼滿漢語滿洲套話清文啓蒙』満洲文字注音一覧表. KOTONOHA, (101).","Takekoshi 竹越, Takeshi 孝. (2011). 『兼滿漢語滿洲套話清文啓蒙』満洲文字注音一覧表. KOTONOHA, (101). Data extracted from the Qing instructional source 兼滿漢語滿洲套話清文啓蒙 (1763).",『兼滿漢語滿洲套話清文啓蒙』満洲文字注音一覧表,竹越 孝 / Takekoshi Takeshi,2011,兼滿漢語滿洲套話清文啓蒙,1763,聪,ts’ung,ᡨᠰᡠᠩ,tʰsuŋ,c,ong,,11,聪 ts’ung,聪
manju-hergen-takekoshi-2011,mandarin,Mandarin,Manchu script transcription of Mandarin,ᠮᠠᠨᠵᡠ ᡥᡝᡵᡤᡝᠨ Manju Hergen,"Takekoshi 竹越, Takeshi 孝. (2011). 『兼滿漢語滿洲套話清文啓蒙』満洲文字注音一覧表. KOTONOHA, (101).","Takekoshi 竹越, Takeshi 孝. (2011). 『兼滿漢語滿洲套話清文啓蒙』満洲文字注音一覧表. KOTONOHA, (101). Data extracted from the Qing instructional source 兼滿漢語滿洲套話清文啓蒙 (1763).",『兼滿漢語滿洲套話清文啓蒙』満洲文字注音一覧表,竹越 孝 / Takekoshi Takeshi,2011,兼滿漢語滿洲套話清文啓蒙,1763,送,sung,ᠰᡠᠩ,suŋ,s,ong,15,11,送 sung 15,送
manju-hergen-takekoshi-2011,mandarin,Mandarin,Manchu script transcription of Mandarin,ᠮᠠᠨᠵᡠ ᡥᡝᡵᡤᡝᠨ Manju Hergen,"Takekoshi 竹越, Takeshi 孝. (2011). 『兼滿漢語滿洲套話清文啓蒙』満洲文字注音一覧表. KOTONOHA, (101).","Takekoshi 竹越, Takeshi 孝. (2011). 『兼滿漢語滿洲套話清文啓蒙』満洲文字注音一覧表. KOTONOHA, (101). Data extracted from the Qing instructional source 兼滿漢語滿洲套話清文啓蒙 (1763).",『兼滿漢語滿洲套話清文啓蒙』満洲文字注音一覧表,竹越 孝 / Takekoshi Takeshi,2011,兼滿漢語滿洲套話清文啓蒙,1763,鬆,sung,ᠰᡠᠩ,suŋ,s,ong,2,11,鬆 sung 2,鬆
manju-hergen-takekoshi-2011,mandarin,Mandarin,Manchu script transcription of Mandarin,ᠮᠠᠨᠵᡠ ᡥᡝᡵᡤᡝᠨ Manju Hergen,"Takekoshi 竹越, Takeshi 孝. (2011). 『兼滿漢語滿洲套話清文啓蒙』満洲文字注音一覧表. KOTONOHA, (101).","Takekoshi 竹越, Takeshi 孝. (2011). 『兼滿漢語滿洲套話清文啓蒙』満洲文字注音一覧表. KOTONOHA, (101). Data extracted from the Qing instructional source 兼滿漢語滿洲套話清文啓蒙 (1763).",『兼滿漢語滿洲套話清文啓蒙』満洲文字注音一覧表,竹越 孝 / Takekoshi Takeshi,2011,兼滿漢語滿洲套話清文啓蒙,1763,中,jung,ᠵᡠᠩ,tʃuŋ,zh,ong,7,11,中 jung 7,中
manju-hergen-takekoshi-2011,mandarin,Mandarin,Manchu script transcription of Mandarin,ᠮᠠᠨᠵᡠ ᡥᡝᡵᡤᡝᠨ Manju Hergen,"Takekoshi 竹越, Takeshi 孝. (2011). 『兼滿漢語滿洲套話清文啓蒙』満洲文字注音一覧表. KOTONOHA, (101).","Takekoshi 竹越, Takeshi 孝. (2011). 『兼滿漢語滿洲套話清文啓蒙』満洲文字注音一覧表. KOTONOHA, (101). Data extracted from the Qing instructional source 兼滿漢語滿洲套話清文啓蒙 (1763).",『兼滿漢語滿洲套話清文啓蒙』満洲文字注音一覧表,竹越 孝 / Takekoshi Takeshi,2011,兼滿漢語滿洲套話清文啓蒙,1763,鍾,jung,ᠵᡠᠩ,tʃuŋ,zh,ong,5,11,鍾 jung 5,鍾
manju-hergen-takekoshi-2011,mandarin,Mandarin,Manchu script transcription of Mandarin,ᠮᠠᠨᠵᡠ ᡥᡝᡵᡤᡝᠨ Manju Hergen,"Takekoshi 竹越, Takeshi 孝. (2011). 『兼滿漢語滿洲套話清文啓蒙』満洲文字注音一覧表. KOTONOHA, (101).","Takekoshi 竹越, Takeshi 孝. (2011). 『兼滿漢語滿洲套話清文啓蒙』満洲文字注音一覧表. KOTONOHA, (101). Data extracted from the Qing instructional source 兼滿漢語滿洲套話清文啓蒙 (1763).",『兼滿漢語滿洲套話清文啓蒙』満洲文字注音一覧表,竹越 孝 / Takekoshi Takeshi,2011,兼滿漢語滿洲套話清文啓蒙,1763,衆,jung,ᠵᡠᠩ,tʃuŋ,zh,ong,4,11,衆 jung 4,衆
manju-hergen-takekoshi-2011,mandarin,Mandarin,Manchu script transcription of Mandarin,ᠮᠠᠨᠵᡠ ᡥᡝᡵᡤᡝᠨ Manju Hergen,"Takekoshi 竹越, Takeshi 孝. (2011). 『兼滿漢語滿洲套話清文啓蒙』満洲文字注音一覧表. KOTONOHA, (101).","Takekoshi 竹越, Takeshi 孝. (2011). 『兼滿漢語滿洲套話清文啓蒙』満洲文字注音一覧表. KOTONOHA, (101). Data extracted from the Qing instructional source 兼滿漢語滿洲套話清文啓蒙 (1763).",『兼滿漢語滿洲套話清文啓蒙』満洲文字注音一覧表,竹越 孝 / Takekoshi Takeshi,2011,兼滿漢語滿洲套話清文啓蒙,1763,終,jung,ᠵᡠᠩ,tʃuŋ,zh,ong,2,11,終 jung 2,終
manju-hergen-takekoshi-2011,mandarin,Mandarin,Manchu script transcription of Mandarin,ᠮᠠᠨᠵᡠ ᡥᡝᡵᡤᡝᠨ Manju Hergen,"Takekoshi 竹越, Takeshi 孝. (2011). 『兼滿漢語滿洲套話清文啓蒙』満洲文字注音一覧表. KOTONOHA, (101).","Takekoshi 竹越, Takeshi 孝. (2011). 『兼滿漢語滿洲套話清文啓蒙』満洲文字注音一覧表. KOTONOHA, (101). Data extracted from the Qing instructional source 兼滿漢語滿洲套話清文啓蒙 (1763).",『兼滿漢語滿洲套話清文啓蒙』満洲文字注音一覧表,竹越 孝 / Takekoshi Takeshi,2011,兼滿漢語滿洲套話清文啓蒙,1763,重,jung,ᠵᡠᠩ,tʃuŋ,zh,ong,2,11,重 jung 2,重
manju-hergen-takekoshi-2011,mandarin,Mandarin,Manchu script transcription of Mandarin,ᠮᠠᠨᠵᡠ ᡥᡝᡵᡤᡝᠨ Manju Hergen,"Takekoshi 竹越, Takeshi 孝. (2011). 『兼滿漢語滿洲套話清文啓蒙』満洲文字注音一覧表. KOTONOHA, (101).","Takekoshi 竹越, Takeshi 孝. (2011). 『兼滿漢語滿洲套話清文啓蒙』満洲文字注音一覧表. KOTONOHA, (101). Data extracted from the Qing instructional source 兼滿漢語滿洲套話清文啓蒙 (1763).",『兼滿漢語滿洲套話清文啓蒙』満洲文字注音一覧表,竹越 孝 / Takekoshi Takeshi,2011,兼滿漢語滿洲套話清文啓蒙,1763,忠,jung,ᠵᡠᠩ,tʃuŋ,zh,ong,,11,jung 忠,忠
manju-hergen-takekoshi-2011,mandarin,Mandarin,Manchu script transcription of Mandarin,ᠮᠠᠨᠵᡠ ᡥᡝᡵᡤᡝᠨ Manju Hergen,"Takekoshi 竹越, Takeshi 孝. (2011). 『兼滿漢語滿洲套話清文啓蒙』満洲文字注音一覧表. KOTONOHA, (101).","Takekoshi 竹越, Takeshi 孝. (2011). 『兼滿漢語滿洲套話清文啓蒙』満洲文字注音一覧表. KOTONOHA, (101). Data extracted from the Qing instructional source 兼滿漢語滿洲套話清文啓蒙 (1763).",『兼滿漢語滿洲套話清文啓蒙』満洲文字注音一覧表,竹越 孝 / Takekoshi Takeshi,2011,兼滿漢語滿洲套話清文啓蒙,1763,虫,cung,ᠴᡠᠩ,tʃʰuŋ,ch,ong,,11,虫 cung,虫
manju-hergen-takekoshi-2011,mandarin,Mandarin,Manchu script transcription of Mandarin,ᠮᠠᠨᠵᡠ ᡥᡝᡵᡤᡝᠨ Manju Hergen,"Takekoshi 竹越, Takeshi 孝. (2011). 『兼滿漢語滿洲套話清文啓蒙』満洲文字注音一覧表. KOTONOHA, (101).","Takekoshi 竹越, Takeshi 孝. (2011). 『兼滿漢語滿洲套話清文啓蒙』満洲文字注音一覧表. KOTONOHA, (101). Data extracted from the Qing instructional source 兼滿漢語滿洲套話清文啓蒙 (1763).",『兼滿漢語滿洲套話清文啓蒙』満洲文字注音一覧表,竹越 孝 / Takekoshi Takeshi,2011,兼滿漢語滿洲套話清文啓蒙,1763,容,yung,ᠶᡠᠩ,juŋ,r,ong,4,11,容 yung 4,容
manju-hergen-takekoshi-2011,mandarin,Mandarin,Manchu script transcription of Mandarin,ᠮᠠᠨᠵᡠ ᡥᡝᡵᡤᡝᠨ Manju Hergen,"Takekoshi 竹越, Takeshi 孝. (2011). 『兼滿漢語滿洲套話清文啓蒙』満洲文字注音一覧表. KOTONOHA, (101).","Takekoshi 竹越, Takeshi 孝. (2011). 『兼滿漢語滿洲套話清文啓蒙』満洲文字注音一覧表. KOTONOHA, (101). Data extracted from the Qing instructional source 兼滿漢語滿洲套話清文啓蒙 (1763).",『兼滿漢語滿洲套話清文啓蒙』満洲文字注音一覧表,竹越 孝 / Takekoshi Takeshi,2011,兼滿漢語滿洲套話清文啓蒙,1763,冗,yung,ᠶᡠᠩ,juŋ,r,ong,,11,冗 yung,冗
manju-hergen-takekoshi-2011,mandarin,Mandarin,Manchu script transcription of Mandarin,ᠮᠠᠨᠵᡠ ᡥᡝᡵᡤᡝᠨ Manju Hergen,"Takekoshi 竹越, Takeshi 孝. (2011). 『兼滿漢語滿洲套話清文啓蒙』満洲文字注音一覧表. KOTONOHA, (101).","Takekoshi 竹越, Takeshi 孝. (2011). 『兼滿漢語滿洲套話清文啓蒙』満洲文字注音一覧表. KOTONOHA, (101). Data extracted from the Qing instructional source 兼滿漢語滿洲套話清文啓蒙 (1763).",『兼滿漢語滿洲套話清文啓蒙』満洲文字注音一覧表,竹越 孝 / Takekoshi Takeshi,2011,兼滿漢語滿洲套話清文啓蒙,1763,工,gung,ᡤᡠᠩ,quŋ,g,ong,9,11,工 gung 9,工
manju-hergen-takekoshi-2011,mandarin,Mandarin,Manchu script transcription of Mandarin,ᠮᠠᠨᠵᡠ ᡥᡝᡵᡤᡝᠨ Manju Hergen,"Takekoshi 竹越, Takeshi 孝. (2011). 『兼滿漢語滿洲套話清文啓蒙』満洲文字注音一覧表. KOTONOHA, (101).","Takekoshi 竹越, Takeshi 孝. (2011). 『兼滿漢語滿洲套話清文啓蒙』満洲文字注音一覧表. KOTONOHA, (101). Data extracted from the Qing instructional source 兼滿漢語滿洲套話清文啓蒙 (1763).",『兼滿漢語滿洲套話清文啓蒙』満洲文字注音一覧表,竹越 孝 / Takekoshi Takeshi,2011,兼滿漢語滿洲套話清文啓蒙,1763,弓,gung,ᡤᡠᠩ,quŋ,g,ong,3,11,弓 gung 3,弓
manju-hergen-takekoshi-2011,mandarin,Mandarin,Manchu script transcription of Mandarin,ᠮᠠᠨᠵᡠ ᡥᡝᡵᡤᡝᠨ Manju Hergen,"Takekoshi 竹越, Takeshi 孝. (2011). 『兼滿漢語滿洲套話清文啓蒙』満洲文字注音一覧表. KOTONOHA, (101).","Takekoshi 竹越, Takeshi 孝. (2011). 『兼滿漢語滿洲套話清文啓蒙』満洲文字注音一覧表. KOTONOHA, (101). Data extracted from the Qing instructional source 兼滿漢語滿洲套話清文啓蒙 (1763).",『兼滿漢語滿洲套話清文啓蒙』満洲文字注音一覧表,竹越 孝 / Takekoshi Takeshi,2011,兼滿漢語滿洲套話清文啓蒙,1763,公,gung,ᡤᡠᠩ,quŋ,g,ong,2,11,公 gung 2,公
manju-hergen-takekoshi-2011,mandarin,Mandarin,Manchu script transcription of Mandarin,ᠮᠠᠨᠵᡠ ᡥᡝᡵᡤᡝᠨ Manju Hergen,"Takekoshi 竹越, Takeshi 孝. (2011). 『兼滿漢語滿洲套話清文啓蒙』満洲文字注音一覧表. KOTONOHA, (101).","Takekoshi 竹越, Takeshi 孝. (2011). 『兼滿漢語滿洲套話清文啓蒙』満洲文字注音一覧表. KOTONOHA, (101). Data extracted from the Qing instructional source 兼滿漢語滿洲套話清文啓蒙 (1763).",『兼滿漢語滿洲套話清文啓蒙』満洲文字注音一覧表,竹越 孝 / Takekoshi Takeshi,2011,兼滿漢語滿洲套話清文啓蒙,1763,供,gung,ᡤᡠᠩ,quŋ,g,ong,,11,供 gung,供
manju-hergen-takekoshi-2011,mandarin,Mandarin,Manchu script transcription of Mandarin,ᠮᠠᠨᠵᡠ ᡥᡝᡵᡤᡝᠨ Manju Hergen,"Takekoshi 竹越, Takeshi 孝. (2011). 『兼滿漢語滿洲套話清文啓蒙』満洲文字注音一覧表. KOTONOHA, (101).","Takekoshi 竹越, Takeshi 孝. (2011). 『兼滿漢語滿洲套話清文啓蒙』満洲文字注音一覧表. KOTONOHA, (101). Data extracted from the Qing instructional source 兼滿漢語滿洲套話清文啓蒙 (1763).",『兼滿漢語滿洲套話清文啓蒙』満洲文字注音一覧表,竹越 孝 / Takekoshi Takeshi,2011,兼滿漢語滿洲套話清文啓蒙,1763,空,kong,ᡴᠣᠩ,qʰoŋ,k,ong,10,11,空 kong 10,空
manju-hergen-takekoshi-2011,mandarin,Mandarin,Manchu script transcription of Mandarin,ᠮᠠᠨᠵᡠ ᡥᡝᡵᡤᡝᠨ Manju Hergen,"Takekoshi 竹越, Takeshi 孝. (2011). 『兼滿漢語滿洲套話清文啓蒙』満洲文字注音一覧表. KOTONOHA, (101).","Takekoshi 竹越, Takeshi 孝. (2011). 『兼滿漢語滿洲套話清文啓蒙』満洲文字注音一覧表. KOTONOHA, (101). Data extracted from the Qing instructional source 兼滿漢語滿洲套話清文啓蒙 (1763).",『兼滿漢語滿洲套話清文啓蒙』満洲文字注音一覧表,竹越 孝 / Takekoshi Takeshi,2011,兼滿漢語滿洲套話清文啓蒙,1763,恐,kung,ᡴᡠᠩ,qʰuŋ,k,ong,4,11,恐 kung 4,恐
manju-hergen-takekoshi-2011,mandarin,Mandarin,Manchu script transcription of Mandarin,ᠮᠠᠨᠵᡠ ᡥᡝᡵᡤᡝᠨ Manju Hergen,"Takekoshi 竹越, Takeshi 孝. (2011). 『兼滿漢語滿洲套話清文啓蒙』満洲文字注音一覧表. KOTONOHA, (101).","Takekoshi 竹越, Takeshi 孝. (2011). 『兼滿漢語滿洲套話清文啓蒙』満洲文字注音一覧表. KOTONOHA, (101). Data extracted from the Qing instructional source 兼滿漢語滿洲套話清文啓蒙 (1763).",『兼滿漢語滿洲套話清文啓蒙』満洲文字注音一覧表,竹越 孝 / Takekoshi Takeshi,2011,兼滿漢語滿洲套話清文啓蒙,1763,烘,hung,ᡥᡠᠩ,χuŋ,h,ong,2,11,烘 hung 2,烘
manju-hergen-takekoshi-2011,mandarin,Mandarin,Manchu script transcription of Mandarin,ᠮᠠᠨᠵᡠ ᡥᡝᡵᡤᡝᠨ Manju Hergen,"Takekoshi 竹越, Takeshi 孝. (2011). 『兼滿漢語滿洲套話清文啓蒙』満洲文字注音一覧表. KOTONOHA, (101).","Takekoshi 竹越, Takeshi 孝. (2011). 『兼滿漢語滿洲套話清文啓蒙』満洲文字注音一覧表. KOTONOHA, (101). Data extracted from the Qing instructional source 兼滿漢語滿洲套話清文啓蒙 (1763).",『兼滿漢語滿洲套話清文啓蒙』満洲文字注音一覧表,竹越 孝 / Takekoshi Takeshi,2011,兼滿漢語滿洲套話清文啓蒙,1763,哄,hung,ᡥᡠᠩ,χuŋ,h,ong,2,11,哄 hung 2,哄
manju-hergen-takekoshi-2011,mandarin,Mandarin,Manchu script transcription of Mandarin,ᠮᠠᠨᠵᡠ ᡥᡝᡵᡤᡝᠨ Manju Hergen,"Takekoshi 竹越, Takeshi 孝. (2011). 『兼滿漢語滿洲套話清文啓蒙』満洲文字注音一覧表. KOTONOHA, (101).","Takekoshi 竹越, Takeshi 孝. (2011). 『兼滿漢語滿洲套話清文啓蒙』満洲文字注音一覧表. KOTONOHA, (101). Data extracted from the Qing instructional source 兼滿漢語滿洲套話清文啓蒙 (1763).",『兼滿漢語滿洲套話清文啓蒙』満洲文字注音一覧表,竹越 孝 / Takekoshi Takeshi,2011,兼滿漢語滿洲套話清文啓蒙,1763,窮,kiong,ᡴᡳᠣᠩ,qʰioŋ,k,iong,,11,窮 kiong,窮
manju-hergen-takekoshi-2011,mandarin,Mandarin,Manchu script transcription of Mandarin,ᠮᠠᠨᠵᡠ ᡥᡝᡵᡤᡝᠨ Manju Hergen,"Takekoshi 竹越, Takeshi 孝. (2011). 『兼滿漢語滿洲套話清文啓蒙』満洲文字注音一覧表. KOTONOHA, (101).","Takekoshi 竹越, Takeshi 孝. (2011). 『兼滿漢語滿洲套話清文啓蒙』満洲文字注音一覧表. KOTONOHA, (101). Data extracted from the Qing instructional source 兼滿漢語滿洲套話清文啓蒙 (1763).",『兼滿漢語滿洲套話清文啓蒙』満洲文字注音一覧表,竹越 孝 / Takekoshi Takeshi,2011,兼滿漢語滿洲套話清文啓蒙,1763,兄,hiong,ᡥᡳᠣᠩ,χioŋ,h,iong,16,11,兄 hiong 16,兄
manju-hergen-takekoshi-2011,mandarin,Mandarin,Manchu script transcription of Mandarin,ᠮᠠᠨᠵᡠ ᡥᡝᡵᡤᡝᠨ Manju Hergen,"Takekoshi 竹越, Takeshi 孝. (2011). 『兼滿漢語滿洲套話清文啓蒙』満洲文字注音一覧表. KOTONOHA, (101).","Takekoshi 竹越, Takeshi 孝. (2011). 『兼滿漢語滿洲套話清文啓蒙』満洲文字注音一覧表. KOTONOHA, (101). Data extracted from the Qing instructional source 兼滿漢語滿洲套話清文啓蒙 (1763).",『兼滿漢語滿洲套話清文啓蒙』満洲文字注音一覧表,竹越 孝 / Takekoshi Takeshi,2011,兼滿漢語滿洲套話清文啓蒙,1763,用,yung,ᠶᡠᠩ,juŋ,y,iong,8,11,用 yung 8 / yong / yūng,用
manju-hergen-takekoshi-2011,mandarin,Mandarin,Manchu script transcription of Mandarin,ᠮᠠᠨᠵᡠ ᡥᡝᡵᡤᡝᠨ Manju Hergen,"Takekoshi 竹越, Takeshi 孝. (2011). 『兼滿漢語滿洲套話清文啓蒙』満洲文字注音一覧表. KOTONOHA, (101).","Takekoshi 竹越, Takeshi 孝. (2011). 『兼滿漢語滿洲套話清文啓蒙』満洲文字注音一覧表. KOTONOHA, (101). Data extracted from the Qing instructional source 兼滿漢語滿洲套話清文啓蒙 (1763).",『兼滿漢語滿洲套話清文啓蒙』満洲文字注音一覧表,竹越 孝 / Takekoshi Takeshi,2011,兼滿漢語滿洲套話清文啓蒙,1763,用,yong,ᠶᠣᠩ,joŋ,y,iong,,11,用 yung 8 / yong / yūng,用
manju-hergen-takekoshi-2011,mandarin,Mandarin,Manchu script transcription of Mandarin,ᠮᠠᠨᠵᡠ ᡥᡝᡵᡤᡝᠨ Manju Hergen,"Takekoshi 竹越, Takeshi 孝. (2011). 『兼滿漢語滿洲套話清文啓蒙』満洲文字注音一覧表. KOTONOHA, (101).","Takekoshi 竹越, Takeshi 孝. (2011). 『兼滿漢語滿洲套話清文啓蒙』満洲文字注音一覧表. KOTONOHA, (101). Data extracted from the Qing instructional source 兼滿漢語滿洲套話清文啓蒙 (1763).",『兼滿漢語滿洲套話清文啓蒙』満洲文字注音一覧表,竹越 孝 / Takekoshi Takeshi,2011,兼滿漢語滿洲套話清文啓蒙,1763,用,yūng,ᠶᡡᠩ,jʊŋ,y,iong,,11,用 yung 8 / yong / yūng,用
manju-hergen-takekoshi-2011,mandarin,Mandarin,Manchu script transcription of Mandarin,ᠮᠠᠨᠵᡠ ᡥᡝᡵᡤᡝᠨ Manju Hergen,"Takekoshi 竹越, Takeshi 孝. (2011). 『兼滿漢語滿洲套話清文啓蒙』満洲文字注音一覧表. KOTONOHA, (101).","Takekoshi 竹越, Takeshi 孝. (2011). 『兼滿漢語滿洲套話清文啓蒙』満洲文字注音一覧表. KOTONOHA, (101). Data extracted from the Qing instructional source 兼滿漢語滿洲套話清文啓蒙 (1763).",『兼滿漢語滿洲套話清文啓蒙』満洲文字注音一覧表,竹越 孝 / Takekoshi Takeshi,2011,兼滿漢語滿洲套話清文啓蒙,1763,湧,yung,ᠶᡠᠩ,juŋ,y,iong,,11,湧 yung,湧
